accountid,name,accountnumber,industrycode,customertypecode,address1_stateorprovince,address1_country,territoryid,ownerid,paymenttermscode,creditlimit,transactioncurrencyid,originatingleadid,createdon,modifiedon,statecode,statuscode
09a0a0f6-73b0-4091-b634-c1694f76e388,Hoda Greenhouse Structures Ltd.,ACC-000001,100000006,3,Khuzestan,Iran,a28defe3-9bf0-4273-9247-6f57a5e5a5ab,366eb16f-508e-4ad7-b7c9-3acfe059a0ee,100000000,5600000000.0,7f5b6f7e-1c2d-4a4e-9a51-3a3f1d3c0a01,,2022-02-12T11:43:00Z,2022-02-12T11:43:00Z,0,1
497de16d-d4ea-420a-9e65-96540e9058b6,Kimia Metal Center Industries,ACC-000002,100000004,3,Khuzestan,Iran,a28defe3-9bf0-4273-9247-6f57a5e5a5ab,366eb16f-508e-4ad7-b7c9-3acfe059a0ee,1,77000000000.0,7f5b6f7e-1c2d-4a4e-9a51-3a3f1d3c0a01,,2019-08-28T12:53:00Z,2019-08-28T12:53:00Z,0,1
fa34d2e8-dd3f-4d7e-a508-dc9513a4a492,Hoda Builders Co.,ACC-000003,100000000,3,Khorasan Razavi,Iran,ab9099a4-35a2-40ae-9af3-05535ec42e08,24933b83-7577-40a9-a491-f0b2ea1fca65,4,16100000000.0,7f5b6f7e-1c2d-4a4e-9a51-3a3f1d3c0a01,,2021-04-28T04:56:00Z,2021-04-28T04:56:00Z,0,1
98159d6c-9d71-4084-971d-abf9daf481a7,Pishgam Steel Structures Ltd.,ACC-000004,100000001,3,Fars,Iran,3eabedcb-baa8-4dd4-88bd-64072bcfbe01,e27a984d-6548-41d0-bfcd-9eb1a7cad415,1,6400000000.0,7f5b6f7e-1c2d-4a4e-9a51-3a3f1d3c0a01,,2021-12-27T09:16:00Z,2021-12-27T09:16:00Z,0,1
949077c2-7674-456f-a26d-719d81cf3252,Rastin Rail & Road Projects Ltd.,ACC-000005,100000005,3,Tehran,Iran,7412b293-4729-4739-a14f-f3d719db3ad0,ce177b4e-0837-48a3-9261-a7ab3aa2e4f9,100000001,81300000000.0,7f5b6f7e-1c2d-4a4e-9a51-3a3f1d3c0a01,,2022-01-13T07:37:00Z,2022-01-13T07:37:00Z,0,1
bd29ede9-cab4-423b-b448-83858de7ad6c,Nima Steel Structures Group,ACC-000006,100000001,3,East Azerbaijan,Iran,aefcfad8-efc8-4849-b3aa-7efe4458a885,beb79919-3f22-4af8-a3be-d01d43cf2fde,4,15900000000.0,7f5b6f7e-1c2d-4a4e-9a51-3a3f1d3c0a01,,2023-11-06T10:36:00Z,2023-11-06T10:36:00Z,0,1
e8b77f7b-7321-4f6b-8a80-76ece5582e16,Kimia Contracting Industries,ACC-000007,100000000,3,Khorasan Razavi,Iran,ab9099a4-35a2-40ae-9af3-05535ec42e08,24933b83-7577-40a9-a491-f0b2ea1fca65,4,21200000000.0,7f5b6f7e-1c2d-4a4e-9a51-3a3f1d3c0a01,,2023-04-17T08:10:00Z,2023-04-17T08:10:00Z,0,1
30307633-a6de-41d8-9258-17b7cf501889,Saba Pipe & Profile Industries,ACC-000008,100000002,3,Tehran,Iran,7412b293-4729-4739-a14f-f3d719db3ad0,0e51f30d-c6a7-4e39-84b0-32ccd7c524a5,1,44700000000.0,7f5b6f7e-1c2d-4a4e-9a51-3a3f1d3c0a01,,2022-05-23T08:57:00Z,2022-05-23T08:57:00Z,0,1
80599b93-79c2-42e4-9ae1-a991524f93ff,Ilia Press Works Co.,ACC-000009,100000003,3,Alborz,Iran,7412b293-4729-4739-a14f-f3d719db3ad0,5304317f-af42-412f-b838-b3268e944239,4,18200000000.0,7f5b6f7e-1c2d-4a4e-9a51-3a3f1d3c0a01,,2020-06-04T07:12:00Z,2020-06-04T07:12:00Z,0,1
73557b9d-0fd6-447e-b52d-4af2269ed4c9,Ofogh Dam & Water Works Ltd.,ACC-000010,100000005,3,Tehran,Iran,7412b293-4729-4739-a14f-f3d719db3ad0,ce177b4e-0837-48a3-9261-a7ab3aa2e4f9,100000001,48900000000.0,7f5b6f7e-1c2d-4a4e-9a51-3a3f1d3c0a01,,2023-03-05T13:19:00Z,2023-03-05T13:19:00Z,0,1
d65e59dd-e62d-4d06-8f9b-85581a7f195b,Saba Metals Supply Co.,ACC-000011,100000004,3,Tehran,Iran,7412b293-4729-4739-a14f-f3d719db3ad0,ce177b4e-0837-48a3-9261-a7ab3aa2e4f9,100000000,68700000000.0,7f5b6f7e-1c2d-4a4e-9a51-3a3f1d3c0a01,,2020-06-28T09:49:00Z,2020-06-28T09:49:00Z,0,1
15969802-b6dd-4257-bb7d-9f1c57eb89b1,Kavir Sabz Foolad Trading Co.,ACC-000012,100000004,3,Khuzestan,Iran,a28defe3-9bf0-4273-9247-6f57a5e5a5ab,366eb16f-508e-4ad7-b7c9-3acfe059a0ee,100000000,93000000000.0,7f5b6f7e-1c2d-4a4e-9a51-3a3f1d3c0a01,,2023-10-15T05:02:00Z,2023-10-15T05:02:00Z,0,1
0a0537f0-2c2c-422b-a568-95c6812a1f9b,Omid Iron & Steel Supply Co.,ACC-000013,100000004,3,Fars,Iran,3eabedcb-baa8-4dd4-88bd-64072bcfbe01,e27a984d-6548-41d0-bfcd-9eb1a7cad415,1,101400000000.0,7f5b6f7e-1c2d-4a4e-9a51-3a3f1d3c0a01,,2022-05-12T10:34:00Z,2022-05-12T10:34:00Z,0,1
fdb1429e-7010-4d13-b526-b22d3f6c21f7,Gilan Greenhouse Structures Co.,ACC-000014,100000006,3,Isfahan,Iran,29a3b2e9-5d65-4441-9588-42dea2bc372f,9132b63e-f162-47e4-a9c3-49e03602f8ac,100000000,6000000000.0,7f5b6f7e-1c2d-4a4e-9a51-3a3f1d3c0a01,,2022-03-24T08:20:00Z,2022-03-24T08:20:00Z,0,1
9c1c3517-85d2-40a6-8629-5b5d707df251,Pardis Sazeh Group,ACC-000015,100000000,3,Tehran,Iran,7412b293-4729-4739-a14f-f3d719db3ad0,b02b61c4-a3d7-4628-ace6-6fa2fd5166e6,1,18400000000.0,7f5b6f7e-1c2d-4a4e-9a51-3a3f1d3c0a01,,2024-03-19T07:08:00Z,2024-03-19T07:08:00Z,0,1
eafde7d9-5f73-4a3e-9d28-6aa428a39779,Kaspian Fabrication Works Ltd.,ACC-000016,100000001,3,Tehran,Iran,7412b293-4729-4739-a14f-f3d719db3ad0,b02b61c4-a3d7-4628-ace6-6fa2fd5166e6,1,13900000000.0,7f5b6f7e-1c2d-4a4e-9a51-3a3f1d3c0a01,,2020-12-23T12:10:00Z,2020-12-23T12:10:00Z,0,1
c6435300-68a5-4c68-a32d-bb5e486bb6bf,Sabalan Sazeh Co.,ACC-000017,100000000,3,Tehran,Iran,7412b293-4729-4739-a14f-f3d719db3ad0,5304317f-af42-412f-b838-b3268e944239,4,13100000000.0,7f5b6f7e-1c2d-4a4e-9a51-3a3f1d3c0a01,,2020-12-03T06:34:00Z,2020-12-03T06:34:00Z,0,1
0d67d38e-990f-4c5b-adcc-3daf569f3ab3,Farazan Steel Structures Group,ACC-000018,100000001,3,Khuzestan,Iran,a28defe3-9bf0-4273-9247-6f57a5e5a5ab,366eb16f-508e-4ad7-b7c9-3acfe059a0ee,4,22300000000.0,7f5b6f7e-1c2d-4a4e-9a51-3a3f1d3c0a01,,2021-12-15T04:45:00Z,2021-12-15T04:45:00Z,0,1
55ab946d-a5b5-4dc2-a181-c85eca0ac6ac,Navid Pipe Works Ltd.,ACC-000019,100000002,3,East Azerbaijan,Iran,aefcfad8-efc8-4849-b3aa-7efe4458a885,beb79919-3f22-4af8-a3be-d01d43cf2fde,1,26800000000.0,7f5b6f7e-1c2d-4a4e-9a51-3a3f1d3c0a01,,2022-05-28T06:40:00Z,2022-05-28T06:40:00Z,0,1
8ed6ad5e-1831-4aa3-9466-9d1910df9974,Espadana Iron & Steel Supply Co.,ACC-000020,100000004,3,Tehran,Iran,7412b293-4729-4739-a14f-f3d719db3ad0,ce177b4e-0837-48a3-9261-a7ab3aa2e4f9,100000000,63400000000.0,7f5b6f7e-1c2d-4a4e-9a51-3a3f1d3c0a01,,2024-01-25T08:57:00Z,2024-01-25T08:57:00Z,0,1
4082cbb9-48bd-4b3e-a2f5-df2badaa44ca,Shahab Abadgaran Co.,ACC-000021,100000000,3,Tehran,Iran,7412b293-4729-4739-a14f-f3d719db3ad0,0e51f30d-c6a7-4e39-84b0-32ccd7c524a5,100000000,14000000000.0,7f5b6f7e-1c2d-4a4e-9a51-3a3f1d3c0a01,,2024-01-30T06:11:00Z,2024-01-30T06:11:00Z,0,1
f6e39356-a814-4562-9a00-3f16b9469bcf,Darya Builders Co.,ACC-000022,100000000,3,Khuzestan,Iran,a28defe3-9bf0-4273-9247-6f57a5e5a5ab,366eb16f-508e-4ad7-b7c9-3acfe059a0ee,1,14600000000.0,7f5b6f7e-1c2d-4a4e-9a51-3a3f1d3c0a01,,2022-11-08T12:08:00Z,2022-11-08T12:08:00Z,0,1
267eddce-df8f-4197-9a4a-99b2e806133c,Persis Housing Development Co.,ACC-000023,100000005,3,Isfahan,Iran,29a3b2e9-5d65-4441-9588-42dea2bc372f,10f1bc81-448a-4a9e-a6b2-bc5b50c187fc,100000001,86900000000.0,7f5b6f7e-1c2d-4a4e-9a51-3a3f1d3c0a01,,2023-04-13T07:07:00Z,2023-04-13T07:07:00Z,0,1
a9e27ba9-952e-4abb-94dd-5061555736f8,Golestan Ahan Bazar Group,ACC-000024,100000004,3,Khorasan Razavi,Iran,ab9099a4-35a2-40ae-9af3-05535ec42e08,24933b83-7577-40a9-a491-f0b2ea1fca65,100000000,77700000000.0,7f5b6f7e-1c2d-4a4e-9a51-3a3f1d3c0a01,,2021-03-22T05:50:00Z,2021-03-22T05:50:00Z,0,1
4f6b58c8-598d-4aec-aaaf-e5432434a678,Javid Omran Industries,ACC-000025,100000000,3,Alborz,Iran,7412b293-4729-4739-a14f-f3d719db3ad0,5304317f-af42-412f-b838-b3268e944239,100000000,36000000000.0,7f5b6f7e-1c2d-4a4e-9a51-3a3f1d3c0a01,,2023-07-15T05:12:00Z,2023-07-15T05:12:00Z,0,1
a981b098-b2cf-452d-a7f3-33b3f7baf55e,Orang Steel Structures Co.,ACC-000026,100000001,3,Fars,Iran,3eabedcb-baa8-4dd4-88bd-64072bcfbe01,e27a984d-6548-41d0-bfcd-9eb1a7cad415,1,10200000000.0,7f5b6f7e-1c2d-4a4e-9a51-3a3f1d3c0a01,,2020-12-02T11:08:00Z,2020-12-02T11:08:00Z,0,1
b576255e-9854-4f22-a102-f9c964575bc4,Sepehr Profile Works Co.,ACC-000027,100000002,3,Hormozgan,Iran,3eabedcb-baa8-4dd4-88bd-64072bcfbe01,e27a984d-6548-41d0-bfcd-9eb1a7cad415,1,75000000000.0,7f5b6f7e-1c2d-4a4e-9a51-3a3f1d3c0a01,,2020-02-18T05:02:00Z,2020-02-18T05:02:00Z,0,1
8f158449-4f40-422f-95b0-2530f020e992,Omid Construction Group,ACC-000028,100000000,3,Fars,Iran,3eabedcb-baa8-4dd4-88bd-64072bcfbe01,e27a984d-6548-41d0-bfcd-9eb1a7cad415,4,19000000000.0,7f5b6f7e-1c2d-4a4e-9a51-3a3f1d3c0a01,,2022-04-21T09:45:00Z,2022-04-21T09:45:00Z,0,1
54170a17-caaa-4bbe-a4bb-f962606e0e1c,Taban Press Works Co.,ACC-000029,100000003,3,Tehran,Iran,7412b293-4729-4739-a14f-f3d719db3ad0,b02b61c4-a3d7-4628-ace6-6fa2fd5166e6,4,35400000000.0,7f5b6f7e-1c2d-4a4e-9a51-3a3f1d3c0a01,,2022-07-11T10:59:00Z,2022-07-11T10:59:00Z,0,1
b3ecb951-ab8c-4f97-a0b7-1785d02ce0c1,Yekta Rail & Road Projects Group,ACC-000030,100000005,3,Tehran,Iran,7412b293-4729-4739-a14f-f3d719db3ad0,ce177b4e-0837-48a3-9261-a7ab3aa2e4f9,100000001,137000000000.0,7f5b6f7e-1c2d-4a4e-9a51-3a3f1d3c0a01,,2019-07-04T05:54:00Z,2019-07-04T05:54:00Z,0,1
ff4625af-bd20-463b-b275-b5f3d436a7a8,Farnam Auto Parts Mfg.,ACC-000031,100000003,3,East Azerbaijan,Iran,aefcfad8-efc8-4849-b3aa-7efe4458a885,beb79919-3f22-4af8-a3be-d01d43cf2fde,100000001,23300000000.0,7f5b6f7e-1c2d-4a4e-9a51-3a3f1d3c0a01,,2022-01-29T11:01:00Z,2022-01-29T11:01:00Z,0,1
17ec889c-86c1-46cb-a996-30f7af77520e,Elham Pipe Works Co.,ACC-000032,100000002,3,Mazandaran,Iran,7412b293-4729-4739-a14f-f3d719db3ad0,0e51f30d-c6a7-4e39-84b0-32ccd7c524a5,1,43600000000.0,7f5b6f7e-1c2d-4a4e-9a51-3a3f1d3c0a01,,2021-12-27T04:48:00Z,2021-12-27T04:48:00Z,0,1
822c4d32-6c64-4c15-aba3-01cba561e1e9,Kaspian Golkhaneh Sazan Co.,ACC-000033,100000006,3,Tehran,Iran,7412b293-4729-4739-a14f-f3d719db3ad0,b02b61c4-a3d7-4628-ace6-6fa2fd5166e6,100000000,5300000000.0,7f5b6f7e-1c2d-4a4e-9a51-3a3f1d3c0a01,,2021-05-22T08:43:00Z,2021-05-22T08:43:00Z,0,1
4f11d8dc-5cd3-4369-84aa-c1b75ca0c428,Negin Iron & Steel Supply Group,ACC-000034,100000004,3,Fars,Iran,3eabedcb-baa8-4dd4-88bd-64072bcfbe01,e27a984d-6548-41d0-bfcd-9eb1a7cad415,100000000,91800000000.0,7f5b6f7e-1c2d-4a4e-9a51-3a3f1d3c0a01,,2023-12-24T07:35:00Z,2023-12-24T07:35:00Z,0,1
577bc55a-36d5-4494-b37f-d50d2e25b5ee,Zarrin Steel Trading Industries,ACC-000035,100000004,3,Isfahan,Iran,29a3b2e9-5d65-4441-9588-42dea2bc372f,10f1bc81-448a-4a9e-a6b2-bc5b50c187fc,1,43900000000.0,7f5b6f7e-1c2d-4a4e-9a51-3a3f1d3c0a01,,2022-09-05T11:04:00Z,2022-09-05T11:04:00Z,0,1
31274148-7c7c-404e-8422-d03ef29a6339,Nima Sazeh Co.,ACC-000036,100000000,3,East Azerbaijan,Iran,aefcfad8-efc8-4849-b3aa-7efe4458a885,beb79919-3f22-4af8-a3be-d01d43cf2fde,100000000,36900000000.0,7f5b6f7e-1c2d-4a4e-9a51-3a3f1d3c0a01,,2021-12-05T05:23:00Z,2021-12-05T05:23:00Z,0,1
27aa7cbc-2337-4bbc-bffe-77c839feb99c,Vista Fabrication Works Group,ACC-000037,100000001,3,Alborz,Iran,7412b293-4729-4739-a14f-f3d719db3ad0,0e51f30d-c6a7-4e39-84b0-32ccd7c524a5,1,21100000000.0,7f5b6f7e-1c2d-4a4e-9a51-3a3f1d3c0a01,,2021-04-20T12:52:00Z,2021-04-20T12:52:00Z,0,1
c9c23e69-d82c-4565-8bb9-07ec13c11754,Nasim Loleh Sazi Ltd.,ACC-000038,100000002,3,Tehran,Iran,7412b293-4729-4739-a14f-f3d719db3ad0,0e51f30d-c6a7-4e39-84b0-32ccd7c524a5,1,45000000000.0,7f5b6f7e-1c2d-4a4e-9a51-3a3f1d3c0a01,,2021-06-17T09:40:00Z,2021-06-17T09:40:00Z,0,1
8a2e6a93-c558-4bb2-81f7-f3fb19e45c6a,Sahand Eskelet Felezi Co.,ACC-000039,100000001,3,Hormozgan,Iran,3eabedcb-baa8-4dd4-88bd-64072bcfbe01,e27a984d-6548-41d0-bfcd-9eb1a7cad415,100000000,14700000000.0,7f5b6f7e-1c2d-4a4e-9a51-3a3f1d3c0a01,,2020-01-26T07:16:00Z,2020-01-26T07:16:00Z,0,1
86cac6f4-e238-4e93-bd17-c5e8d5ca69ab,Kavir Sabz Sazeh Co.,ACC-000040,100000000,3,Tehran,Iran,7412b293-4729-4739-a14f-f3d719db3ad0,0e51f30d-c6a7-4e39-84b0-32ccd7c524a5,1,19700000000.0,7f5b6f7e-1c2d-4a4e-9a51-3a3f1d3c0a01,,2022-05-03T12:25:00Z,2022-05-03T12:25:00Z,0,1
e05b46c5-5636-4094-a974-31db09a9d1c1,Borna Pipe Works Group,ACC-000041,100000002,3,Hormozgan,Iran,3eabedcb-baa8-4dd4-88bd-64072bcfbe01,e27a984d-6548-41d0-bfcd-9eb1a7cad415,4,39800000000.0,7f5b6f7e-1c2d-4a4e-9a51-3a3f1d3c0a01,,2020-01-20T04:54:00Z,2020-01-20T04:54:00Z,0,1
98e52499-218c-4e1c-9e37-4f7ac42cbc39,Kaspian Ahan Bazar Co.,ACC-000042,100000004,3,Fars,Iran,3eabedcb-baa8-4dd4-88bd-64072bcfbe01,e27a984d-6548-41d0-bfcd-9eb1a7cad415,1,40700000000.0,7f5b6f7e-1c2d-4a4e-9a51-3a3f1d3c0a01,,2019-12-21T05:43:00Z,2019-12-21T05:43:00Z,0,1
2e4bebc4-2989-4880-a77d-1be96070b6a1,Sahand Construction Group,ACC-000043,100000000,3,Tehran,Iran,7412b293-4729-4739-a14f-f3d719db3ad0,0e51f30d-c6a7-4e39-84b0-32ccd7c524a5,1,11000000000.0,7f5b6f7e-1c2d-4a4e-9a51-3a3f1d3c0a01,,2021-03-10T13:04:00Z,2021-03-10T13:04:00Z,0,1
9feefdff-c566-4a81-b15e-54f6d4d30795,Varna Profile Works Co.,ACC-000044,100000002,3,Tehran,Iran,7412b293-4729-4739-a14f-f3d719db3ad0,b02b61c4-a3d7-4628-ace6-6fa2fd5166e6,1,31600000000.0,7f5b6f7e-1c2d-4a4e-9a51-3a3f1d3c0a01,,2023-02-18T10:03:00Z,2023-02-18T10:03:00Z,0,1
b89f72f3-2a60-4652-a714-7668cf1d7d3a,Nasim Construction Co.,ACC-000045,100000000,3,Mazandaran,Iran,7412b293-4729-4739-a14f-f3d719db3ad0,0e51f30d-c6a7-4e39-84b0-32ccd7c524a5,4,34900000000.0,7f5b6f7e-1c2d-4a4e-9a51-3a3f1d3c0a01,,2022-01-13T11:06:00Z,2022-01-13T11:06:00Z,0,1
5d42b9e9-692e-47b6-8b2f-6d5c700b5d5f,Rayan Construction Ltd.,ACC-000046,100000000,3,Fars,Iran,3eabedcb-baa8-4dd4-88bd-64072bcfbe01,e27a984d-6548-41d0-bfcd-9eb1a7cad415,100000000,15400000000.0,7f5b6f7e-1c2d-4a4e-9a51-3a3f1d3c0a01,,2022-06-07T12:58:00Z,2022-06-07T12:58:00Z,0,1
f836f571-3cce-476c-b836-c448ad261ec5,Tina Steel Structures Co.,ACC-000047,100000001,3,Tehran,Iran,7412b293-4729-4739-a14f-f3d719db3ad0,5304317f-af42-412f-b838-b3268e944239,1,10700000000.0,7f5b6f7e-1c2d-4a4e-9a51-3a3f1d3c0a01,,2023-08-26T10:21:00Z,2023-08-26T10:21:00Z,0,1
c09cb506-48f1-496d-9c4f-fb4671b701aa,Persis Omran Co.,ACC-000048,100000000,3,Tehran,Iran,7412b293-4729-4739-a14f-f3d719db3ad0,5304317f-af42-412f-b838-b3268e944239,100000000,16400000000.0,7f5b6f7e-1c2d-4a4e-9a51-3a3f1d3c0a01,,2023-10-15T09:18:00Z,2023-10-15T09:18:00Z,0,1
3be79df4-72ec-416e-88a7-23e9bfa016c2,Tarava Pipe Works Group,ACC-000049,100000002,3,Isfahan,Iran,29a3b2e9-5d65-4441-9588-42dea2bc372f,9132b63e-f162-47e4-a9c3-49e03602f8ac,4,40100000000.0,7f5b6f7e-1c2d-4a4e-9a51-3a3f1d3c0a01,,2023-11-09T07:27:00Z,2023-11-09T07:27:00Z,0,1
f7315749-4f39-49a8-bd3a-258288b4f474,Rastin Profile Sazan Ltd.,ACC-000050,100000002,3,Hormozgan,Iran,3eabedcb-baa8-4dd4-88bd-64072bcfbe01,e27a984d-6548-41d0-bfcd-9eb1a7cad415,1,26700000000.0,7f5b6f7e-1c2d-4a4e-9a51-3a3f1d3c0a01,,2020-01-27T06:08:00Z,2020-01-27T06:08:00Z,0,1
e76adca9-7811-4802-88cc-7cfecf01f944,Aban Sakhteman Co.,ACC-000051,100000000,3,Tehran,Iran,7412b293-4729-4739-a14f-f3d719db3ad0,b02b61c4-a3d7-4628-ace6-6fa2fd5166e6,1,30400000000.0,7f5b6f7e-1c2d-4a4e-9a51-3a3f1d3c0a01,,2020-03-28T06:46:00Z,2020-03-28T06:46:00Z,0,1
ada58417-5e2a-432d-b1ab-0b56d5c9fdc7,Kimia Profile Sazan Co.,ACC-000052,100000002,3,Tehran,Iran,7412b293-4729-4739-a14f-f3d719db3ad0,0e51f30d-c6a7-4e39-84b0-32ccd7c524a5,4,21900000000.0,7f5b6f7e-1c2d-4a4e-9a51-3a3f1d3c0a01,,2024-04-08T08:06:00Z,2024-04-08T08:06:00Z,0,1
70cafdd8-fc04-4f08-9207-0158f2771f63,Pardis Greenhouse Structures Co.,ACC-000053,100000006,3,Alborz,Iran,7412b293-4729-4739-a14f-f3d719db3ad0,5304317f-af42-412f-b838-b3268e944239,100000000,17500000000.0,7f5b6f7e-1c2d-4a4e-9a51-3a3f1d3c0a01,,2023-08-12T05:52:00Z,2023-08-12T05:52:00Z,0,1
c7332304-4822-4120-84f9-eccd7630a8a7,Arya Steel Depot Industries,ACC-000054,100000004,3,Tehran,Iran,7412b293-4729-4739-a14f-f3d719db3ad0,5304317f-af42-412f-b838-b3268e944239,100000000,37200000000.0,7f5b6f7e-1c2d-4a4e-9a51-3a3f1d3c0a01,,2019-09-07T11:15:00Z,2019-09-07T11:15:00Z,0,1
6b2d5b09-8707-4ad4-80be-7e3561c2645a,Chakad Omran Industries,ACC-000055,100000000,3,Isfahan,Iran,29a3b2e9-5d65-4441-9588-42dea2bc372f,9132b63e-f162-47e4-a9c3-49e03602f8ac,100000000,21600000000.0,7f5b6f7e-1c2d-4a4e-9a51-3a3f1d3c0a01,,2020-10-25T07:01:00Z,2020-10-25T07:01:00Z,0,1
331f63fb-d11f-48c0-a97c-a4fff75d599f,Elham Steel Structures Industries,ACC-000056,100000001,3,East Azerbaijan,Iran,aefcfad8-efc8-4849-b3aa-7efe4458a885,beb79919-3f22-4af8-a3be-d01d43cf2fde,1,17500000000.0,7f5b6f7e-1c2d-4a4e-9a51-3a3f1d3c0a01,,2020-03-07T12:47:00Z,2020-03-07T12:47:00Z,0,1
df7d0dd7-236e-4608-9acb-394acd1f5318,Tina Eskelet Felezi Co.,ACC-000057,100000001,3,Tehran,Iran,7412b293-4729-4739-a14f-f3d719db3ad0,0e51f30d-c6a7-4e39-84b0-32ccd7c524a5,1,9200000000.0,7f5b6f7e-1c2d-4a4e-9a51-3a3f1d3c0a01,,2022-05-31T10:01:00Z,2022-05-31T10:01:00Z,0,1
7b07fd31-a424-4f23-8d5b-a7cd400035f0,Elham Ahan Forooshi Industries,ACC-000058,100000004,3,Hormozgan,Iran,3eabedcb-baa8-4dd4-88bd-64072bcfbe01,e27a984d-6548-41d0-bfcd-9eb1a7cad415,100000000,81400000000.0,7f5b6f7e-1c2d-4a4e-9a51-3a3f1d3c0a01,,2019-08-13T07:06:00Z,2019-08-13T07:06:00Z,0,1
ef2ddcc4-8df6-41da-9f07-c1a5dfc620ce,Kowsar Eskelet Felezi Group,ACC-000059,100000001,3,East Azerbaijan,Iran,aefcfad8-efc8-4849-b3aa-7efe4458a885,beb79919-3f22-4af8-a3be-d01d43cf2fde,1,15600000000.0,7f5b6f7e-1c2d-4a4e-9a51-3a3f1d3c0a01,,2021-03-21T13:01:00Z,2021-03-21T13:01:00Z,0,1
8412a335-d88c-456d-b61e-5fdb1a435206,Diba Eskelet Felezi Industries,ACC-000060,100000001,3,Khorasan Razavi,Iran,ab9099a4-35a2-40ae-9af3-05535ec42e08,24933b83-7577-40a9-a491-f0b2ea1fca65,1,18700000000.0,7f5b6f7e-1c2d-4a4e-9a51-3a3f1d3c0a01,,2023-01-07T11:01:00Z,2023-01-07T11:01:00Z,0,1
1578d709-48f9-43d0-9fea-e1e0d9e604b3,Mahan Contracting Industries,ACC-000061,100000000,3,Khorasan Razavi,Iran,ab9099a4-35a2-40ae-9af3-05535ec42e08,24933b83-7577-40a9-a491-f0b2ea1fca65,1,13000000000.0,7f5b6f7e-1c2d-4a4e-9a51-3a3f1d3c0a01,,2020-09-15T05:37:00Z,2020-09-15T05:37:00Z,0,1
73069588-45d5-468d-a90a-3abbc35b9fea,Fardis Metals Supply Co.,ACC-000062,100000004,3,Fars,Iran,3eabedcb-baa8-4dd4-88bd-64072bcfbe01,e27a984d-6548-41d0-bfcd-9eb1a7cad415,100000000,61100000000.0,7f5b6f7e-1c2d-4a4e-9a51-3a3f1d3c0a01,,2019-07-07T11:44:00Z,2019-07-07T11:44:00Z,0,1
d4bf7a4b-25b8-442f-836b-15c7e7c225da,Atlas Abadgaran Industries,ACC-000063,100000000,3,Tehran,Iran,7412b293-4729-4739-a14f-f3d719db3ad0,b02b61c4-a3d7-4628-ace6-6fa2fd5166e6,4,24800000000.0,7f5b6f7e-1c2d-4a4e-9a51-3a3f1d3c0a01,,2023-10-09T06:58:00Z,2023-10-09T06:58:00Z,0,1
e916da57-f248-43ab-977a-8a5f6ffe33b3,Alvand Greenhouse Structures Industries,ACC-000064,100000006,3,Khorasan Razavi,Iran,ab9099a4-35a2-40ae-9af3-05535ec42e08,24933b83-7577-40a9-a491-f0b2ea1fca65,100000000,12100000000.0,7f5b6f7e-1c2d-4a4e-9a51-3a3f1d3c0a01,,2022-02-22T10:48:00Z,2022-02-22T10:48:00Z,0,1
e27718c5-737d-4fb6-9113-76e038d77b9a,Aban Steel Depot Co.,ACC-000065,100000004,3,Tehran,Iran,7412b293-4729-4739-a14f-f3d719db3ad0,ce177b4e-0837-48a3-9261-a7ab3aa2e4f9,1,49400000000.0,7f5b6f7e-1c2d-4a4e-9a51-3a3f1d3c0a01,,2021-01-06T09:10:00Z,2021-01-06T09:10:00Z,0,1
6a36af18-06d3-4b93-ae33-688d597e6845,Rahyab Dam & Water Works Industries,ACC-000066,100000005,3,Alborz,Iran,7412b293-4729-4739-a14f-f3d719db3ad0,ce177b4e-0837-48a3-9261-a7ab3aa2e4f9,100000001,88800000000.0,7f5b6f7e-1c2d-4a4e-9a51-3a3f1d3c0a01,,2020-04-18T12:55:00Z,2020-04-18T12:55:00Z,0,1
5fbbf0b1-8083-49c8-a57e-01c90da23e5c,Kimia Golkhaneh Sazan Co.,ACC-000067,100000006,3,Khuzestan,Iran,a28defe3-9bf0-4273-9247-6f57a5e5a5ab,366eb16f-508e-4ad7-b7c9-3acfe059a0ee,1,7400000000.0,7f5b6f7e-1c2d-4a4e-9a51-3a3f1d3c0a01,,2021-01-31T08:07:00Z,2021-01-31T08:07:00Z,0,1
14e4180c-fe99-46a3-a2db-c8503c5bf3a7,Kian Profile Works Industries,ACC-000068,100000002,3,Isfahan,Iran,29a3b2e9-5d65-4441-9588-42dea2bc372f,9132b63e-f162-47e4-a9c3-49e03602f8ac,4,41700000000.0,7f5b6f7e-1c2d-4a4e-9a51-3a3f1d3c0a01,,2020-08-01T11:21:00Z,2020-08-01T11:21:00Z,0,1
519554e3-0737-4c86-b97b-5f515ffa46ef,Omid Eskelet Felezi Group,ACC-000069,100000001,3,Tehran,Iran,7412b293-4729-4739-a14f-f3d719db3ad0,5304317f-af42-412f-b838-b3268e944239,4,14700000000.0,7f5b6f7e-1c2d-4a4e-9a51-3a3f1d3c0a01,,2021-09-21T09:46:00Z,2021-09-21T09:46:00Z,0,1
b6f6dbf1-d6d4-41cc-995d-82f8ee4a9b5d,Aban Metal Center Industries,ACC-000070,100000004,3,Khuzestan,Iran,a28defe3-9bf0-4273-9247-6f57a5e5a5ab,366eb16f-508e-4ad7-b7c9-3acfe059a0ee,100000000,55400000000.0,7f5b6f7e-1c2d-4a4e-9a51-3a3f1d3c0a01,,2019-08-11T07:31:00Z,2019-08-11T07:31:00Z,0,1
25637cc3-ca97-4bf5-95d5-96afa663d2cd,Arman Construction Industries,ACC-000071,100000000,3,Tehran,Iran,7412b293-4729-4739-a14f-f3d719db3ad0,0e51f30d-c6a7-4e39-84b0-32ccd7c524a5,1,33100000000.0,7f5b6f7e-1c2d-4a4e-9a51-3a3f1d3c0a01,,2019-12-29T08:33:00Z,2019-12-29T08:33:00Z,0,1
eada79a3-4970-4d9a-89ce-3cfb2339ba19,Borna Omran Group,ACC-000072,100000000,3,Khuzestan,Iran,a28defe3-9bf0-4273-9247-6f57a5e5a5ab,366eb16f-508e-4ad7-b7c9-3acfe059a0ee,100000000,17300000000.0,7f5b6f7e-1c2d-4a4e-9a51-3a3f1d3c0a01,,2024-01-30T10:11:00Z,2024-01-30T10:11:00Z,0,1
d4c3a832-b231-460b-b8f2-ce6bd46b415d,Mahan Ahan Bazar Group,ACC-000073,100000004,3,Tehran,Iran,7412b293-4729-4739-a14f-f3d719db3ad0,ce177b4e-0837-48a3-9261-a7ab3aa2e4f9,100000000,63900000000.0,7f5b6f7e-1c2d-4a4e-9a51-3a3f1d3c0a01,,2021-09-04T05:30:00Z,2021-09-04T05:30:00Z,0,1
781799ff-b49e-44cc-8243-69e72387eaf6,Sabalan Golkhaneh Sazan Industries,ACC-000074,100000006,3,Isfahan,Iran,29a3b2e9-5d65-4441-9588-42dea2bc372f,9132b63e-f162-47e4-a9c3-49e03602f8ac,100000000,12400000000.0,7f5b6f7e-1c2d-4a4e-9a51-3a3f1d3c0a01,,2022-11-05T04:30:00Z,2022-11-05T04:30:00Z,0,1
e7e646c7-0158-4463-9d87-76a072d78bdd,Parsian Eskelet Felezi Ltd.,ACC-000075,100000001,3,Tehran,Iran,7412b293-4729-4739-a14f-f3d719db3ad0,5304317f-af42-412f-b838-b3268e944239,1,9300000000.0,7f5b6f7e-1c2d-4a4e-9a51-3a3f1d3c0a01,,2024-04-20T07:10:00Z,2024-04-20T07:10:00Z,0,1
3735262d-4184-4b03-84dd-7054144823f7,Omid Eskelet Felezi Co.,ACC-000076,100000001,3,Alborz,Iran,7412b293-4729-4739-a14f-f3d719db3ad0,0e51f30d-c6a7-4e39-84b0-32ccd7c524a5,1,13800000000.0,7f5b6f7e-1c2d-4a4e-9a51-3a3f1d3c0a01,,2023-05-09T12:39:00Z,2023-05-09T12:39:00Z,0,1
f0b2a5d1-8c7e-4f42-a646-eaf9d5c0244d,Persis Rail & Road Projects Ltd.,ACC-000077,100000005,3,Tehran,Iran,7412b293-4729-4739-a14f-f3d719db3ad0,ce177b4e-0837-48a3-9261-a7ab3aa2e4f9,100000001,140500000000.0,7f5b6f7e-1c2d-4a4e-9a51-3a3f1d3c0a01,,2021-11-14T06:54:00Z,2021-11-14T06:54:00Z,0,1
6c5a6c93-871c-4884-9bdf-90f2ba2c0f19,Mehrgan Fabrication Works Industries,ACC-000078,100000001,3,Khuzestan,Iran,a28defe3-9bf0-4273-9247-6f57a5e5a5ab,366eb16f-508e-4ad7-b7c9-3acfe059a0ee,100000000,14500000000.0,7f5b6f7e-1c2d-4a4e-9a51-3a3f1d3c0a01,,2020-07-19T04:30:00Z,2020-07-19T04:30:00Z,0,1
3cd5fd7f-49c1-4669-86b3-3fe61c76bdf6,Sadaf Rail & Road Projects Group,ACC-000079,100000005,3,Khuzestan,Iran,a28defe3-9bf0-4273-9247-6f57a5e5a5ab,366eb16f-508e-4ad7-b7c9-3acfe059a0ee,100000001,194600000000.0,7f5b6f7e-1c2d-4a4e-9a51-3a3f1d3c0a01,,2023-07-13T04:44:00Z,2023-07-13T04:44:00Z,0,1
3d0a5f0c-0c39-4ec7-9f31-74054d183eba,Jahan Iron & Steel Supply Industries,ACC-000080,100000004,3,Tehran,Iran,7412b293-4729-4739-a14f-f3d719db3ad0,b02b61c4-a3d7-4628-ace6-6fa2fd5166e6,1,26600000000.0,7f5b6f7e-1c2d-4a4e-9a51-3a3f1d3c0a01,,2021-07-13T08:03:00Z,2021-07-13T08:03:00Z,0,1
9f708368-cb3c-48ca-a392-57316b79afcc,Raman Contracting Co.,ACC-000081,100000000,3,East Azerbaijan,Iran,aefcfad8-efc8-4849-b3aa-7efe4458a885,beb79919-3f22-4af8-a3be-d01d43cf2fde,100000000,28600000000.0,7f5b6f7e-1c2d-4a4e-9a51-3a3f1d3c0a01,,2021-06-21T06:28:00Z,2021-06-21T06:28:00Z,0,1
d6312a80-1c61-4ec2-9014-2131750565f5,Elham Eskelet Felezi Co.,ACC-000082,100000001,3,Hormozgan,Iran,3eabedcb-baa8-4dd4-88bd-64072bcfbe01,e27a984d-6548-41d0-bfcd-9eb1a7cad415,100000000,19100000000.0,7f5b6f7e-1c2d-4a4e-9a51-3a3f1d3c0a01,,2020-04-18T04:53:00Z,2020-04-18T04:53:00Z,0,1
893ad232-98c3-43ca-bff4-cec6e7b7b4c6,Bamdad Dam & Water Works Co.,ACC-000083,100000005,3,Hormozgan,Iran,3eabedcb-baa8-4dd4-88bd-64072bcfbe01,e27a984d-6548-41d0-bfcd-9eb1a7cad415,100000001,105700000000.0,7f5b6f7e-1c2d-4a4e-9a51-3a3f1d3c0a01,,2024-01-02T08:02:00Z,2024-01-02T08:02:00Z,0,1
93364f7e-83ef-49f3-a1c7-cc8a04351b64,Tarava Steel Depot Co.,ACC-000084,100000004,3,Isfahan,Iran,29a3b2e9-5d65-4441-9588-42dea2bc372f,10f1bc81-448a-4a9e-a6b2-bc5b50c187fc,100000000,51900000000.0,7f5b6f7e-1c2d-4a4e-9a51-3a3f1d3c0a01,,2020-07-08T13:01:00Z,2020-07-08T13:01:00Z,0,1
4a90cd0c-24c1-43b9-b7f2-85723defa849,Farazan Auto Parts Mfg.,ACC-000085,100000003,3,Isfahan,Iran,29a3b2e9-5d65-4441-9588-42dea2bc372f,10f1bc81-448a-4a9e-a6b2-bc5b50c187fc,1,14300000000.0,7f5b6f7e-1c2d-4a4e-9a51-3a3f1d3c0a01,,2022-12-20T09:16:00Z,2022-12-20T09:16:00Z,0,1
5a5226e6-9d64-4932-8066-853d6de299a1,Iranmehr Steel Structures Ltd.,ACC-000086,100000001,3,Tehran,Iran,7412b293-4729-4739-a14f-f3d719db3ad0,5304317f-af42-412f-b838-b3268e944239,1,11300000000.0,7f5b6f7e-1c2d-4a4e-9a51-3a3f1d3c0a01,,2023-03-16T07:38:00Z,2023-03-16T07:38:00Z,0,1
2ff3cde4-6aa4-4c9f-9217-04753d959e3f,Orang Contracting Industries,ACC-000087,100000000,3,Tehran,Iran,7412b293-4729-4739-a14f-f3d719db3ad0,b02b61c4-a3d7-4628-ace6-6fa2fd5166e6,4,19000000000.0,7f5b6f7e-1c2d-4a4e-9a51-3a3f1d3c0a01,,2022-03-27T12:05:00Z,2022-03-27T12:05:00Z,0,1
8603156a-15ea-4bcf-ab10-21ceaa143cd8,Behsaz Loleh Sazi Ltd.,ACC-000088,100000002,3,Fars,Iran,3eabedcb-baa8-4dd4-88bd-64072bcfbe01,e27a984d-6548-41d0-bfcd-9eb1a7cad415,1,79400000000.0,7f5b6f7e-1c2d-4a4e-9a51-3a3f1d3c0a01,,2020-04-11T05:21:00Z,2020-04-11T05:21:00Z,0,1
f4124360-1153-4e99-9c50-8720f982f4e0,Ofogh Steel Trading Group,ACC-000089,100000004,3,Tehran,Iran,7412b293-4729-4739-a14f-f3d719db3ad0,ce177b4e-0837-48a3-9261-a7ab3aa2e4f9,100000000,57900000000.0,7f5b6f7e-1c2d-4a4e-9a51-3a3f1d3c0a01,,2021-09-25T06:15:00Z,2021-09-25T06:15:00Z,0,1
c9525185-81e0-4a5e-8b48-f49686abd4e7,Raman Fabrication Works Ltd.,ACC-000090,100000001,3,Alborz,Iran,7412b293-4729-4739-a14f-f3d719db3ad0,0e51f30d-c6a7-4e39-84b0-32ccd7c524a5,100000000,20500000000.0,7f5b6f7e-1c2d-4a4e-9a51-3a3f1d3c0a01,,2020-04-18T10:21:00Z,2020-04-18T10:21:00Z,0,1
0534a101-8ddc-4719-81f3-8dd4fd034ada,Sabalan Rail & Road Projects Industries,ACC-000091,100000005,3,Fars,Iran,3eabedcb-baa8-4dd4-88bd-64072bcfbe01,e27a984d-6548-41d0-bfcd-9eb1a7cad415,4,63700000000.0,7f5b6f7e-1c2d-4a4e-9a51-3a3f1d3c0a01,,2020-09-26T08:16:00Z,2020-09-26T08:16:00Z,0,1
0b251279-785a-45d0-9f92-a62163f4c69d,Gohar Omran Co.,ACC-000092,100000000,3,Khuzestan,Iran,a28defe3-9bf0-4273-9247-6f57a5e5a5ab,366eb16f-508e-4ad7-b7c9-3acfe059a0ee,4,26300000000.0,7f5b6f7e-1c2d-4a4e-9a51-3a3f1d3c0a01,,2021-09-18T10:04:00Z,2021-09-18T10:04:00Z,0,1
5f90bed6-fb25-464d-a30a-a767a2bb522b,Espadana Steel Structures Group,ACC-000093,100000001,3,Alborz,Iran,7412b293-4729-4739-a14f-f3d719db3ad0,b02b61c4-a3d7-4628-ace6-6fa2fd5166e6,4,12400000000.0,7f5b6f7e-1c2d-4a4e-9a51-3a3f1d3c0a01,,2022-01-17T08:29:00Z,2022-01-17T08:29:00Z,0,1
5b6a8102-0428-4378-bf50-23f440ef3935,Rahyab Profile Sazan Ltd.,ACC-000094,100000002,3,Isfahan,Iran,29a3b2e9-5d65-4441-9588-42dea2bc372f,9132b63e-f162-47e4-a9c3-49e03602f8ac,4,30300000000.0,7f5b6f7e-1c2d-4a4e-9a51-3a3f1d3c0a01,,2023-06-12T11:42:00Z,2023-06-12T11:42:00Z,0,1
3dba6da8-5844-49fc-914b-9547c9dc72b8,Tous Eskelet Felezi Co.,ACC-000095,100000001,3,Tehran,Iran,7412b293-4729-4739-a14f-f3d719db3ad0,b02b61c4-a3d7-4628-ace6-6fa2fd5166e6,100000000,27000000000.0,7f5b6f7e-1c2d-4a4e-9a51-3a3f1d3c0a01,,2021-05-27T08:43:00Z,2021-05-27T08:43:00Z,0,1
1a89b71e-a0d5-42c8-a837-fe68bba205ca,Farnam Fabrication Works Co.,ACC-000096,100000001,3,Khorasan Razavi,Iran,ab9099a4-35a2-40ae-9af3-05535ec42e08,24933b83-7577-40a9-a491-f0b2ea1fca65,4,14100000000.0,7f5b6f7e-1c2d-4a4e-9a51-3a3f1d3c0a01,,2022-05-12T10:30:00Z,2022-05-12T10:30:00Z,0,1
c1b5b5ca-bc35-46df-94f7-9dbac5811d2d,Rastin Fabrication Works Ltd.,ACC-000097,100000001,3,Isfahan,Iran,29a3b2e9-5d65-4441-9588-42dea2bc372f,10f1bc81-448a-4a9e-a6b2-bc5b50c187fc,1,12000000000.0,7f5b6f7e-1c2d-4a4e-9a51-3a3f1d3c0a01,,2023-04-13T07:27:00Z,2023-04-13T07:27:00Z,0,1
5a304528-0b59-4562-a227-219f551ff086,Yekta Steel Structures Co.,ACC-000098,100000001,3,Tehran,Iran,7412b293-4729-4739-a14f-f3d719db3ad0,b02b61c4-a3d7-4628-ace6-6fa2fd5166e6,1,19800000000.0,7f5b6f7e-1c2d-4a4e-9a51-3a3f1d3c0a01,,2024-04-07T07:36:00Z,2024-04-07T07:36:00Z,0,1
a48e40f1-d042-4dfa-96ab-087a8bc78e81,Fardis Ahan Forooshi Co.,ACC-000099,100000004,3,Tehran,Iran,7412b293-4729-4739-a14f-f3d719db3ad0,0e51f30d-c6a7-4e39-84b0-32ccd7c524a5,100000000,102700000000.0,7f5b6f7e-1c2d-4a4e-9a51-3a3f1d3c0a01,,2023-04-26T09:33:00Z,2023-04-26T09:33:00Z,0,1
af475b49-c775-4395-9494-05f02cd2a404,Bamdad Eskelet Felezi Co.,ACC-000100,100000001,3,Fars,Iran,3eabedcb-baa8-4dd4-88bd-64072bcfbe01,e27a984d-6548-41d0-bfcd-9eb1a7cad415,1,26400000000.0,7f5b6f7e-1c2d-4a4e-9a51-3a3f1d3c0a01,,2022-09-12T13:00:00Z,2022-09-12T13:00:00Z,0,1
7a8104de-b205-47bb-bb16-f75776f186ab,Mahtab Builders Ltd.,ACC-000101,100000000,3,East Azerbaijan,Iran,aefcfad8-efc8-4849-b3aa-7efe4458a885,beb79919-3f22-4af8-a3be-d01d43cf2fde,4,26400000000.0,7f5b6f7e-1c2d-4a4e-9a51-3a3f1d3c0a01,,2019-08-10T12:43:00Z,2019-08-10T12:43:00Z,0,1
2285b2ef-cfbe-4fe9-aea9-c542a1b970d0,Hirad Steel Depot Co.,ACC-000102,100000004,3,Alborz,Iran,7412b293-4729-4739-a14f-f3d719db3ad0,0e51f30d-c6a7-4e39-84b0-32ccd7c524a5,100000000,51500000000.0,7f5b6f7e-1c2d-4a4e-9a51-3a3f1d3c0a01,,2021-09-04T04:32:00Z,2021-09-04T04:32:00Z,0,1
f1901b7e-c6b4-49ef-b74e-ba9310275b53,Zarrin Profile Sazan Industries,ACC-000103,100000002,3,Isfahan,Iran,29a3b2e9-5d65-4441-9588-42dea2bc372f,10f1bc81-448a-4a9e-a6b2-bc5b50c187fc,4,26700000000.0,7f5b6f7e-1c2d-4a4e-9a51-3a3f1d3c0a01,,2021-08-03T11:28:00Z,2021-08-03T11:28:00Z,0,1
339b77a8-4b1f-4d7b-8977-c513752a7d25,Navid Urban Infrastructure Group,ACC-000104,100000005,3,Mazandaran,Iran,7412b293-4729-4739-a14f-f3d719db3ad0,ce177b4e-0837-48a3-9261-a7ab3aa2e4f9,100000001,50400000000.0,7f5b6f7e-1c2d-4a4e-9a51-3a3f1d3c0a01,,2024-01-27T09:50:00Z,2024-01-27T09:50:00Z,0,1
e2c328aa-3310-4475-8a86-22250b36e356,Borna Steel Structures Co.,ACC-000105,100000001,3,Alborz,Iran,7412b293-4729-4739-a14f-f3d719db3ad0,5304317f-af42-412f-b838-b3268e944239,1,11800000000.0,7f5b6f7e-1c2d-4a4e-9a51-3a3f1d3c0a01,,2022-03-28T11:03:00Z,2022-03-28T11:03:00Z,0,1
4f612217-eef1-4694-90ca-e32d0aba590e,Ofogh Steel Structures Co.,ACC-000106,100000001,3,Fars,Iran,3eabedcb-baa8-4dd4-88bd-64072bcfbe01,e27a984d-6548-41d0-bfcd-9eb1a7cad415,100000000,8900000000.0,7f5b6f7e-1c2d-4a4e-9a51-3a3f1d3c0a01,,2023-05-23T05:07:00Z,2023-05-23T05:07:00Z,0,1
d0be73ee-fd37-4539-a5f2-02f983f02dc7,Arvand Contracting Industries,ACC-000107,100000000,3,Khorasan Razavi,Iran,ab9099a4-35a2-40ae-9af3-05535ec42e08,24933b83-7577-40a9-a491-f0b2ea1fca65,1,28100000000.0,7f5b6f7e-1c2d-4a4e-9a51-3a3f1d3c0a01,,2021-08-01T10:42:00Z,2021-08-01T10:42:00Z,0,1
095ffa81-40d9-4bce-b930-ba208b040f49,Rayan Builders Ltd.,ACC-000108,100000000,3,Tehran,Iran,7412b293-4729-4739-a14f-f3d719db3ad0,5304317f-af42-412f-b838-b3268e944239,100000000,27200000000.0,7f5b6f7e-1c2d-4a4e-9a51-3a3f1d3c0a01,,2019-08-13T13:08:00Z,2019-08-13T13:08:00Z,0,1
493e904d-30ec-4796-a59b-457fc0d7ac73,Dena Steel Depot Group,ACC-000109,100000004,3,Hormozgan,Iran,3eabedcb-baa8-4dd4-88bd-64072bcfbe01,e27a984d-6548-41d0-bfcd-9eb1a7cad415,100000000,155000000000.0,7f5b6f7e-1c2d-4a4e-9a51-3a3f1d3c0a01,,2019-11-24T06:17:00Z,2019-11-24T06:17:00Z,0,1
0c3ce284-c7e5-4bbb-9cb5-1c535b62a8df,Nima Steel Structures Ltd.,ACC-000110,100000001,3,Isfahan,Iran,29a3b2e9-5d65-4441-9588-42dea2bc372f,10f1bc81-448a-4a9e-a6b2-bc5b50c187fc,1,33700000000.0,7f5b6f7e-1c2d-4a4e-9a51-3a3f1d3c0a01,,2023-11-02T10:12:00Z,2023-11-02T10:12:00Z,0,1
45f18619-54f9-4429-a7de-02ccdda4f4a7,Tirdad Steel Trading Industries,ACC-000111,100000004,3,Alborz,Iran,7412b293-4729-4739-a14f-f3d719db3ad0,5304317f-af42-412f-b838-b3268e944239,1,67900000000.0,7f5b6f7e-1c2d-4a4e-9a51-3a3f1d3c0a01,,2022-09-20T04:51:00Z,2022-09-20T04:51:00Z,0,1
6fdc0bad-5e36-4127-8ca1-b45c1fdd980a,Yekta Sakhteman Industries,ACC-000112,100000000,3,Isfahan,Iran,29a3b2e9-5d65-4441-9588-42dea2bc372f,10f1bc81-448a-4a9e-a6b2-bc5b50c187fc,1,17500000000.0,7f5b6f7e-1c2d-4a4e-9a51-3a3f1d3c0a01,,2019-06-09T12:00:00Z,2019-06-09T12:00:00Z,0,1
7092947d-be49-49ec-a667-d3bbe3b56360,Ilia Greenhouse Structures Co.,ACC-000113,100000006,3,Alborz,Iran,7412b293-4729-4739-a14f-f3d719db3ad0,0e51f30d-c6a7-4e39-84b0-32ccd7c524a5,100000000,12700000000.0,7f5b6f7e-1c2d-4a4e-9a51-3a3f1d3c0a01,,2024-05-12T05:04:00Z,2024-05-12T05:04:00Z,0,1
56cb1ab0-62fb-46d7-b4db-ca07e506f670,Tarava Foolad Trading Co.,ACC-000114,100000004,3,Khuzestan,Iran,a28defe3-9bf0-4273-9247-6f57a5e5a5ab,366eb16f-508e-4ad7-b7c9-3acfe059a0ee,1,59500000000.0,7f5b6f7e-1c2d-4a4e-9a51-3a3f1d3c0a01,,2022-10-15T12:18:00Z,2022-10-15T12:18:00Z,0,1
b12b6680-7f07-4cb9-afd3-40c0f945f2fd,Helia Profile Works Co.,ACC-000115,100000002,3,Isfahan,Iran,29a3b2e9-5d65-4441-9588-42dea2bc372f,9132b63e-f162-47e4-a9c3-49e03602f8ac,4,14700000000.0,7f5b6f7e-1c2d-4a4e-9a51-3a3f1d3c0a01,,2024-02-18T12:48:00Z,2024-02-18T12:48:00Z,0,1
cc1b4157-ec9f-4c54-9e0a-72ab7f5db163,Javid Steel Structures Co.,ACC-000116,100000001,3,Alborz,Iran,7412b293-4729-4739-a14f-f3d719db3ad0,5304317f-af42-412f-b838-b3268e944239,1,16900000000.0,7f5b6f7e-1c2d-4a4e-9a51-3a3f1d3c0a01,,2022-12-10T08:36:00Z,2022-12-10T08:36:00Z,0,1
15260718-cd18-4a82-8447-ceab84ef4324,Kowsar Agri-Steel Ltd.,ACC-000117,100000006,3,Khorasan Razavi,Iran,ab9099a4-35a2-40ae-9af3-05535ec42e08,24933b83-7577-40a9-a491-f0b2ea1fca65,100000000,4200000000.0,7f5b6f7e-1c2d-4a4e-9a51-3a3f1d3c0a01,,2019-10-20T11:01:00Z,2019-10-20T11:01:00Z,0,1
6e3c4532-1434-4f62-acac-028cba220065,Pishgam Sakhteman Co.,ACC-000118,100000000,3,Isfahan,Iran,29a3b2e9-5d65-4441-9588-42dea2bc372f,9132b63e-f162-47e4-a9c3-49e03602f8ac,4,17900000000.0,7f5b6f7e-1c2d-4a4e-9a51-3a3f1d3c0a01,,2020-10-29T13:16:00Z,2020-10-29T13:16:00Z,0,1
2e326567-d284-454e-bebe-c0db9a3a6103,Pouya Builders Ltd.,ACC-000119,100000000,3,Tehran,Iran,7412b293-4729-4739-a14f-f3d719db3ad0,b02b61c4-a3d7-4628-ace6-6fa2fd5166e6,4,19900000000.0,7f5b6f7e-1c2d-4a4e-9a51-3a3f1d3c0a01,,2021-03-11T05:52:00Z,2021-03-11T05:52:00Z,0,1
1a43db54-523a-4993-8b34-46bc8ba435cc,Karun Foolad Trading Co.,ACC-000120,100000004,3,Khorasan Razavi,Iran,ab9099a4-35a2-40ae-9af3-05535ec42e08,24933b83-7577-40a9-a491-f0b2ea1fca65,1,44500000000.0,7f5b6f7e-1c2d-4a4e-9a51-3a3f1d3c0a01,,2023-05-25T06:19:00Z,2023-05-25T06:19:00Z,0,1
4baf0f5e-a932-4094-93f2-8f11147f6570,Nasim Steel Structures Ltd.,ACC-000121,100000001,3,Hormozgan,Iran,3eabedcb-baa8-4dd4-88bd-64072bcfbe01,e27a984d-6548-41d0-bfcd-9eb1a7cad415,1,13900000000.0,7f5b6f7e-1c2d-4a4e-9a51-3a3f1d3c0a01,,2021-02-25T08:44:00Z,2021-02-25T08:44:00Z,0,1
b7b8c1a5-9a45-493d-b227-890e4e76833a,Rahyab Steel Structures Group,ACC-000122,100000001,3,Khorasan Razavi,Iran,ab9099a4-35a2-40ae-9af3-05535ec42e08,24933b83-7577-40a9-a491-f0b2ea1fca65,1,18900000000.0,7f5b6f7e-1c2d-4a4e-9a51-3a3f1d3c0a01,,2021-07-12T06:08:00Z,2021-07-12T06:08:00Z,0,1
71a3fad2-b094-4d2a-aaa9-3b436d15f16f,Ofogh Agri-Steel Group,ACC-000123,100000006,3,Tehran,Iran,7412b293-4729-4739-a14f-f3d719db3ad0,b02b61c4-a3d7-4628-ace6-6fa2fd5166e6,100000000,7800000000.0,7f5b6f7e-1c2d-4a4e-9a51-3a3f1d3c0a01,,2020-07-22T12:37:00Z,2020-07-22T12:37:00Z,0,1
ba108217-0ad7-49a2-b277-16ec59fefbbc,Ilia Golkhaneh Sazan Group,ACC-000124,100000006,3,Isfahan,Iran,29a3b2e9-5d65-4441-9588-42dea2bc372f,10f1bc81-448a-4a9e-a6b2-bc5b50c187fc,100000000,4900000000.0,7f5b6f7e-1c2d-4a4e-9a51-3a3f1d3c0a01,,2022-01-05T12:55:00Z,2022-01-05T12:55:00Z,0,1
9d66e815-5a41-43b3-a95f-176cdebac186,Mahtab Auto Parts Mfg.,ACC-000125,100000003,3,Tehran,Iran,7412b293-4729-4739-a14f-f3d719db3ad0,b02b61c4-a3d7-4628-ace6-6fa2fd5166e6,100000001,20300000000.0,7f5b6f7e-1c2d-4a4e-9a51-3a3f1d3c0a01,,2019-10-01T06:39:00Z,2019-10-01T06:39:00Z,0,1
a3b442bd-4649-4296-af58-42c3ff86cc31,Helia Steel Trading Co.,ACC-000126,100000004,3,Khorasan Razavi,Iran,ab9099a4-35a2-40ae-9af3-05535ec42e08,24933b83-7577-40a9-a491-f0b2ea1fca65,1,57600000000.0,7f5b6f7e-1c2d-4a4e-9a51-3a3f1d3c0a01,,2023-11-25T10:57:00Z,2023-11-25T10:57:00Z,0,1
0eaf04b5-f2a9-4c8a-8a9e-4a62fae3114b,Ilia Appliance Components Co.,ACC-000127,100000003,3,Alborz,Iran,7412b293-4729-4739-a14f-f3d719db3ad0,5304317f-af42-412f-b838-b3268e944239,4,18500000000.0,7f5b6f7e-1c2d-4a4e-9a51-3a3f1d3c0a01,,2020-05-18T12:12:00Z,2020-05-18T12:12:00Z,0,1
67fd64c4-a334-458a-abd2-b5121335e5db,Behsaz Metal Center Group,ACC-000128,100000004,3,Isfahan,Iran,29a3b2e9-5d65-4441-9588-42dea2bc372f,10f1bc81-448a-4a9e-a6b2-bc5b50c187fc,100000000,32300000000.0,7f5b6f7e-1c2d-4a4e-9a51-3a3f1d3c0a01,,2022-05-30T08:19:00Z,2022-05-30T08:19:00Z,0,1
bff9507d-cd14-403e-8359-9af65d01f55f,Javid Sazeh Co.,ACC-000129,100000000,3,Khorasan Razavi,Iran,ab9099a4-35a2-40ae-9af3-05535ec42e08,24933b83-7577-40a9-a491-f0b2ea1fca65,4,41700000000.0,7f5b6f7e-1c2d-4a4e-9a51-3a3f1d3c0a01,,2021-02-28T05:40:00Z,2021-02-28T05:40:00Z,0,1
07f8d4f0-f3ea-4184-a8f4-e3ceadedda80,Taban Construction Group,ACC-000130,100000000,3,Tehran,Iran,7412b293-4729-4739-a14f-f3d719db3ad0,0e51f30d-c6a7-4e39-84b0-32ccd7c524a5,100000000,22400000000.0,7f5b6f7e-1c2d-4a4e-9a51-3a3f1d3c0a01,,2020-10-11T05:23:00Z,2020-10-11T05:23:00Z,0,1
ad973b67-9b89-45cb-9942-644c248d31ec,Yekta Contracting Co.,ACC-000131,100000000,3,Alborz,Iran,7412b293-4729-4739-a14f-f3d719db3ad0,0e51f30d-c6a7-4e39-84b0-32ccd7c524a5,1,16100000000.0,7f5b6f7e-1c2d-4a4e-9a51-3a3f1d3c0a01,,2023-10-30T06:01:00Z,2023-10-30T06:01:00Z,0,1
20509c62-08e8-45d7-b02c-1821c8040fb7,Laleh Pipe & Profile Industries,ACC-000132,100000002,3,East Azerbaijan,Iran,aefcfad8-efc8-4849-b3aa-7efe4458a885,beb79919-3f22-4af8-a3be-d01d43cf2fde,1,44800000000.0,7f5b6f7e-1c2d-4a4e-9a51-3a3f1d3c0a01,,2020-10-12T07:56:00Z,2020-10-12T07:56:00Z,0,1
a52964ff-c74c-4890-bc6a-3174113634a5,Tarava Steel Merchants Ltd.,ACC-000133,100000004,3,Isfahan,Iran,29a3b2e9-5d65-4441-9588-42dea2bc372f,10f1bc81-448a-4a9e-a6b2-bc5b50c187fc,100000000,67400000000.0,7f5b6f7e-1c2d-4a4e-9a51-3a3f1d3c0a01,,2022-04-28T11:13:00Z,2022-04-28T11:13:00Z,0,1
f31046dc-6202-4ee6-9cb5-e69c5dc7b3e6,Hirad Eskelet Felezi Co.,ACC-000134,100000001,3,Tehran,Iran,7412b293-4729-4739-a14f-f3d719db3ad0,0e51f30d-c6a7-4e39-84b0-32ccd7c524a5,1,15400000000.0,7f5b6f7e-1c2d-4a4e-9a51-3a3f1d3c0a01,,2020-07-27T08:42:00Z,2020-07-27T08:42:00Z,0,1
2747b93c-9ae7-4eab-884a-67809136f1f8,Farnam Steel Structures Co.,ACC-000135,100000001,3,Alborz,Iran,7412b293-4729-4739-a14f-f3d719db3ad0,0e51f30d-c6a7-4e39-84b0-32ccd7c524a5,1,23700000000.0,7f5b6f7e-1c2d-4a4e-9a51-3a3f1d3c0a01,,2019-06-27T08:26:00Z,2019-06-27T08:26:00Z,0,1
5ef787b8-f2e6-495f-b32e-2016add702c9,Tirdad Dam & Water Works Co.,ACC-000136,100000005,3,Hormozgan,Iran,3eabedcb-baa8-4dd4-88bd-64072bcfbe01,e27a984d-6548-41d0-bfcd-9eb1a7cad415,100000001,103400000000.0,7f5b6f7e-1c2d-4a4e-9a51-3a3f1d3c0a01,,2022-07-23T10:17:00Z,2022-07-23T10:17:00Z,0,1
13aec376-c359-410a-b1a6-014c5f3c44dc,Laleh Builders Group,ACC-000137,100000000,3,Tehran,Iran,7412b293-4729-4739-a14f-f3d719db3ad0,5304317f-af42-412f-b838-b3268e944239,1,22300000000.0,7f5b6f7e-1c2d-4a4e-9a51-3a3f1d3c0a01,,2023-12-17T07:43:00Z,2023-12-17T07:43:00Z,0,1
5df06e8c-878a-4ed9-a33f-fc8292ec89af,Varna Iron & Steel Supply Co.,ACC-000138,100000004,3,Tehran,Iran,7412b293-4729-4739-a14f-f3d719db3ad0,ce177b4e-0837-48a3-9261-a7ab3aa2e4f9,1,43300000000.0,7f5b6f7e-1c2d-4a4e-9a51-3a3f1d3c0a01,,2021-06-14T11:22:00Z,2021-06-14T11:22:00Z,0,1
4758367b-a649-4cdc-907b-907265e58f34,Chakad Housing Development Industries,ACC-000139,100000005,3,Alborz,Iran,7412b293-4729-4739-a14f-f3d719db3ad0,ce177b4e-0837-48a3-9261-a7ab3aa2e4f9,4,64300000000.0,7f5b6f7e-1c2d-4a4e-9a51-3a3f1d3c0a01,,2022-10-03T12:21:00Z,2022-10-03T12:21:00Z,0,1
06a241af-1d0a-47f7-b5e4-a4713fe68c9c,Chakad Contracting Co.,ACC-000140,100000000,3,Tehran,Iran,7412b293-4729-4739-a14f-f3d719db3ad0,5304317f-af42-412f-b838-b3268e944239,100000000,17600000000.0,7f5b6f7e-1c2d-4a4e-9a51-3a3f1d3c0a01,,2024-02-10T13:27:00Z,2024-02-10T13:27:00Z,0,1
848af440-7fc1-4858-afa0-d842bc55300b,Farazan Steel Merchants Co.,ACC-000141,100000004,3,Tehran,Iran,7412b293-4729-4739-a14f-f3d719db3ad0,ce177b4e-0837-48a3-9261-a7ab3aa2e4f9,1,52300000000.0,7f5b6f7e-1c2d-4a4e-9a51-3a3f1d3c0a01,,2024-02-29T05:02:00Z,2024-02-29T05:02:00Z,0,1
1e2595b8-8fc9-486b-a9dd-ebf563119aca,Raman Ahan Forooshi Ltd.,ACC-000142,100000004,3,Khuzestan,Iran,a28defe3-9bf0-4273-9247-6f57a5e5a5ab,366eb16f-508e-4ad7-b7c9-3acfe059a0ee,100000000,63500000000.0,7f5b6f7e-1c2d-4a4e-9a51-3a3f1d3c0a01,,2023-04-06T05:45:00Z,2023-04-06T05:45:00Z,0,1
b43bd27f-42a2-49a6-8664-12854303cbc1,Tina Fabrication Works Industries,ACC-000143,100000001,3,Tehran,Iran,7412b293-4729-4739-a14f-f3d719db3ad0,5304317f-af42-412f-b838-b3268e944239,1,9000000000.0,7f5b6f7e-1c2d-4a4e-9a51-3a3f1d3c0a01,,2024-03-28T04:32:00Z,2024-03-28T04:32:00Z,0,1
9ca3fbb3-ff11-48ba-b6ee-1640723ef466,Tous Sazeh Co.,ACC-000144,100000000,3,Khorasan Razavi,Iran,ab9099a4-35a2-40ae-9af3-05535ec42e08,24933b83-7577-40a9-a491-f0b2ea1fca65,4,30300000000.0,7f5b6f7e-1c2d-4a4e-9a51-3a3f1d3c0a01,,2021-04-22T12:04:00Z,2021-04-22T12:04:00Z,0,1
ffa623d0-ea9e-4c8d-b1a8-b71f491b90e9,Pishgam Metals Supply Ltd.,ACC-000145,100000004,3,Tehran,Iran,7412b293-4729-4739-a14f-f3d719db3ad0,ce177b4e-0837-48a3-9261-a7ab3aa2e4f9,1,42500000000.0,7f5b6f7e-1c2d-4a4e-9a51-3a3f1d3c0a01,,2023-11-26T09:10:00Z,2023-11-26T09:10:00Z,0,1
22bf18f5-1f65-4a87-b33e-e3447dbf4bc1,Gohar Loleh Sazi Industries,ACC-000146,100000002,3,Fars,Iran,3eabedcb-baa8-4dd4-88bd-64072bcfbe01,e27a984d-6548-41d0-bfcd-9eb1a7cad415,4,45700000000.0,7f5b6f7e-1c2d-4a4e-9a51-3a3f1d3c0a01,,2020-05-11T09:34:00Z,2020-05-11T09:34:00Z,0,1
2c33350c-73b9-41d8-92f5-131ada52d2ee,Mehr Eskelet Felezi Industries,ACC-000147,100000001,3,Fars,Iran,3eabedcb-baa8-4dd4-88bd-64072bcfbe01,e27a984d-6548-41d0-bfcd-9eb1a7cad415,100000000,22300000000.0,7f5b6f7e-1c2d-4a4e-9a51-3a3f1d3c0a01,,2020-03-28T08:12:00Z,2020-03-28T08:12:00Z,0,1
ff4c96d6-71f2-4e8f-b69f-68c3e60fd420,Taban Sazeh Ltd.,ACC-000148,100000000,3,Tehran,Iran,7412b293-4729-4739-a14f-f3d719db3ad0,5304317f-af42-412f-b838-b3268e944239,1,18500000000.0,7f5b6f7e-1c2d-4a4e-9a51-3a3f1d3c0a01,,2023-03-11T08:13:00Z,2023-03-11T08:13:00Z,0,1
f7b217c7-ae92-4a71-8f7d-cb431679742f,Sepehr Sazeh Co.,ACC-000149,100000000,3,Tehran,Iran,7412b293-4729-4739-a14f-f3d719db3ad0,0e51f30d-c6a7-4e39-84b0-32ccd7c524a5,100000000,24100000000.0,7f5b6f7e-1c2d-4a4e-9a51-3a3f1d3c0a01,,2023-05-25T09:20:00Z,2023-05-25T09:20:00Z,0,1
aaf78c67-51d0-4109-bc90-2838d8741408,Chakad Ahan Bazar Industries,ACC-000150,100000004,3,Mazandaran,Iran,7412b293-4729-4739-a14f-f3d719db3ad0,ce177b4e-0837-48a3-9261-a7ab3aa2e4f9,100000000,78300000000.0,7f5b6f7e-1c2d-4a4e-9a51-3a3f1d3c0a01,,2024-02-19T12:52:00Z,2024-02-19T12:52:00Z,0,1
8ccc9cea-109f-48ee-b5a4-720058f0dd23,Ofogh Rail & Road Projects Ltd.,ACC-000151,100000005,3,Khuzestan,Iran,a28defe3-9bf0-4273-9247-6f57a5e5a5ab,366eb16f-508e-4ad7-b7c9-3acfe059a0ee,100000001,175000000000.0,7f5b6f7e-1c2d-4a4e-9a51-3a3f1d3c0a01,,2020-03-21T06:23:00Z,2020-03-21T06:23:00Z,0,1
4cc9f5f2-e42e-4037-8a55-2ea08acbbe09,Orang Auto Parts Mfg.,ACC-000152,100000003,3,East Azerbaijan,Iran,aefcfad8-efc8-4849-b3aa-7efe4458a885,beb79919-3f22-4af8-a3be-d01d43cf2fde,1,36500000000.0,7f5b6f7e-1c2d-4a4e-9a51-3a3f1d3c0a01,,2019-09-01T09:22:00Z,2019-09-01T09:22:00Z,0,1
b5a5f8e6-b639-4f04-a852-4385d9f2dd0d,Zagros Eskelet Felezi Industries,ACC-000153,100000001,3,Fars,Iran,3eabedcb-baa8-4dd4-88bd-64072bcfbe01,e27a984d-6548-41d0-bfcd-9eb1a7cad415,1,6400000000.0,7f5b6f7e-1c2d-4a4e-9a51-3a3f1d3c0a01,,2019-12-11T11:03:00Z,2019-12-11T11:03:00Z,0,1
2c913a7c-a340-4f08-b341-91b8ed6522b4,Zarrin Builders Group,ACC-000154,100000000,3,Isfahan,Iran,29a3b2e9-5d65-4441-9588-42dea2bc372f,10f1bc81-448a-4a9e-a6b2-bc5b50c187fc,1,15700000000.0,7f5b6f7e-1c2d-4a4e-9a51-3a3f1d3c0a01,,2023-07-09T08:18:00Z,2023-07-09T08:18:00Z,0,1
3967e60a-823d-4107-9c8a-c066cb2fafa3,Ofogh Sakhteman Ltd.,ACC-000155,100000000,3,East Azerbaijan,Iran,aefcfad8-efc8-4849-b3aa-7efe4458a885,beb79919-3f22-4af8-a3be-d01d43cf2fde,1,11600000000.0,7f5b6f7e-1c2d-4a4e-9a51-3a3f1d3c0a01,,2021-05-22T13:08:00Z,2021-05-22T13:08:00Z,0,1
cac4d0eb-3373-430e-bc31-a5971f119c0f,Yekta Greenhouse Structures Co.,ACC-000156,100000006,3,East Azerbaijan,Iran,aefcfad8-efc8-4849-b3aa-7efe4458a885,beb79919-3f22-4af8-a3be-d01d43cf2fde,1,7700000000.0,7f5b6f7e-1c2d-4a4e-9a51-3a3f1d3c0a01,,2021-02-06T11:39:00Z,2021-02-06T11:39:00Z,0,1
7e7838c9-ca55-438b-bc9a-be10238d6f44,Sahand Agri-Steel Co.,ACC-000157,100000006,3,Tehran,Iran,7412b293-4729-4739-a14f-f3d719db3ad0,5304317f-af42-412f-b838-b3268e944239,100000000,6300000000.0,7f5b6f7e-1c2d-4a4e-9a51-3a3f1d3c0a01,,2021-03-06T10:26:00Z,2021-03-06T10:26:00Z,0,1
9280c5aa-8dd4-495b-9c63-b6f306ba8cd3,Nasim Agri-Steel Ltd.,ACC-000158,100000006,3,Fars,Iran,3eabedcb-baa8-4dd4-88bd-64072bcfbe01,e27a984d-6548-41d0-bfcd-9eb1a7cad415,100000000,4500000000.0,7f5b6f7e-1c2d-4a4e-9a51-3a3f1d3c0a01,,2020-10-31T09:54:00Z,2020-10-31T09:54:00Z,0,1
fba6abf7-cdbc-4653-b7a7-e8b75e70f65f,Espadana Iron & Steel Supply Ltd.,ACC-000159,100000004,3,Khuzestan,Iran,a28defe3-9bf0-4273-9247-6f57a5e5a5ab,366eb16f-508e-4ad7-b7c9-3acfe059a0ee,100000000,49700000000.0,7f5b6f7e-1c2d-4a4e-9a51-3a3f1d3c0a01,,2020-08-04T09:57:00Z,2020-08-04T09:57:00Z,0,1
e25df9a8-9ca8-45c4-a138-afe08d38bbd8,Varna Contracting Co.,ACC-000160,100000000,3,Alborz,Iran,7412b293-4729-4739-a14f-f3d719db3ad0,5304317f-af42-412f-b838-b3268e944239,4,27100000000.0,7f5b6f7e-1c2d-4a4e-9a51-3a3f1d3c0a01,,2022-12-22T09:56:00Z,2022-12-22T09:56:00Z,0,1
65edcfe3-4f2d-4d3f-90d4-de39161237c9,Mahan Metal Center Co.,ACC-000161,100000004,3,Tehran,Iran,7412b293-4729-4739-a14f-f3d719db3ad0,b02b61c4-a3d7-4628-ace6-6fa2fd5166e6,1,69300000000.0,7f5b6f7e-1c2d-4a4e-9a51-3a3f1d3c0a01,,2021-05-25T12:18:00Z,2021-05-25T12:18:00Z,0,1
7a89cbeb-b807-478a-b788-f5d1ffe575f6,Iranmehr Construction Co.,ACC-000162,100000000,3,Tehran,Iran,7412b293-4729-4739-a14f-f3d719db3ad0,0e51f30d-c6a7-4e39-84b0-32ccd7c524a5,100000000,21000000000.0,7f5b6f7e-1c2d-4a4e-9a51-3a3f1d3c0a01,,2020-06-29T08:11:00Z,2020-06-29T08:11:00Z,0,1
68d0a2a8-c4e7-47dd-a929-de738693fd9d,Nikan Pipe & Profile Industries,ACC-000163,100000002,3,Isfahan,Iran,29a3b2e9-5d65-4441-9588-42dea2bc372f,9132b63e-f162-47e4-a9c3-49e03602f8ac,1,37800000000.0,7f5b6f7e-1c2d-4a4e-9a51-3a3f1d3c0a01,,2022-12-19T07:50:00Z,2022-12-19T07:50:00Z,0,1
20156a72-12e1-43a6-932c-ae01d2c65ee4,Ilia Eskelet Felezi Ltd.,ACC-000164,100000001,3,Khorasan Razavi,Iran,ab9099a4-35a2-40ae-9af3-05535ec42e08,24933b83-7577-40a9-a491-f0b2ea1fca65,100000000,15700000000.0,7f5b6f7e-1c2d-4a4e-9a51-3a3f1d3c0a01,,2020-06-03T12:02:00Z,2020-06-03T12:02:00Z,0,1
12fc7a87-a470-4d48-9128-b9b1f8ede0ca,Karun Steel Structures Co.,ACC-000165,100000001,3,Tehran,Iran,7412b293-4729-4739-a14f-f3d719db3ad0,b02b61c4-a3d7-4628-ace6-6fa2fd5166e6,100000000,11900000000.0,7f5b6f7e-1c2d-4a4e-9a51-3a3f1d3c0a01,,2022-10-22T12:47:00Z,2022-10-22T12:47:00Z,0,1
8471b4b0-ae1b-4f69-b740-d83173318749,Orang Contracting Co.,ACC-000166,100000000,3,Tehran,Iran,7412b293-4729-4739-a14f-f3d719db3ad0,5304317f-af42-412f-b838-b3268e944239,1,20300000000.0,7f5b6f7e-1c2d-4a4e-9a51-3a3f1d3c0a01,,2019-09-21T13:24:00Z,2019-09-21T13:24:00Z,0,1
d43cdd6d-e0c1-4f1e-a0da-897258321ee4,Raman Press Works Industries,ACC-000167,100000003,3,Isfahan,Iran,29a3b2e9-5d65-4441-9588-42dea2bc372f,9132b63e-f162-47e4-a9c3-49e03602f8ac,4,15500000000.0,7f5b6f7e-1c2d-4a4e-9a51-3a3f1d3c0a01,,2021-06-17T12:26:00Z,2021-06-17T12:26:00Z,0,1
96792482-a3c9-48e4-8d22-38e6c7bf4fbc,Gohar Steel Merchants Co.,ACC-000168,100000004,3,Tehran,Iran,7412b293-4729-4739-a14f-f3d719db3ad0,ce177b4e-0837-48a3-9261-a7ab3aa2e4f9,100000000,75900000000.0,7f5b6f7e-1c2d-4a4e-9a51-3a3f1d3c0a01,,2019-10-03T06:01:00Z,2019-10-03T06:01:00Z,0,1
21084dd9-f75d-4e3c-848d-56502e9522d6,Behsaz Contracting Industries,ACC-000169,100000000,3,Khuzestan,Iran,a28defe3-9bf0-4273-9247-6f57a5e5a5ab,366eb16f-508e-4ad7-b7c9-3acfe059a0ee,1,15300000000.0,7f5b6f7e-1c2d-4a4e-9a51-3a3f1d3c0a01,,2021-01-24T10:18:00Z,2021-01-24T10:18:00Z,0,1
de431e06-e924-4069-80bb-ae526ec01269,Bamdad Construction Ltd.,ACC-000170,100000000,3,Isfahan,Iran,29a3b2e9-5d65-4441-9588-42dea2bc372f,10f1bc81-448a-4a9e-a6b2-bc5b50c187fc,1,44200000000.0,7f5b6f7e-1c2d-4a4e-9a51-3a3f1d3c0a01,,2022-09-01T12:41:00Z,2022-09-01T12:41:00Z,0,1
84a2576c-1fc9-45f8-94d6-07350e2f8958,Aban Builders Industries,ACC-000171,100000000,3,East Azerbaijan,Iran,aefcfad8-efc8-4849-b3aa-7efe4458a885,beb79919-3f22-4af8-a3be-d01d43cf2fde,1,13800000000.0,7f5b6f7e-1c2d-4a4e-9a51-3a3f1d3c0a01,,2020-03-10T10:06:00Z,2020-03-10T10:06:00Z,0,1
2976aab2-2a26-4770-8ddb-1b36272c0588,Nasim Contracting Industries,ACC-000172,100000000,3,Tehran,Iran,7412b293-4729-4739-a14f-f3d719db3ad0,5304317f-af42-412f-b838-b3268e944239,1,17900000000.0,7f5b6f7e-1c2d-4a4e-9a51-3a3f1d3c0a01,,2019-10-14T04:57:00Z,2019-10-14T04:57:00Z,0,1
39b86bb2-b596-4a7c-af4a-fa885299e505,Javid Steel Trading Industries,ACC-000173,100000004,3,Isfahan,Iran,29a3b2e9-5d65-4441-9588-42dea2bc372f,9132b63e-f162-47e4-a9c3-49e03602f8ac,100000000,37400000000.0,7f5b6f7e-1c2d-4a4e-9a51-3a3f1d3c0a01,,2020-08-08T08:40:00Z,2020-08-08T08:40:00Z,0,1
84d67c4f-f0df-4684-b28e-41225894f7f1,Negin Appliance Components Group,ACC-000174,100000003,3,East Azerbaijan,Iran,aefcfad8-efc8-4849-b3aa-7efe4458a885,beb79919-3f22-4af8-a3be-d01d43cf2fde,1,10700000000.0,7f5b6f7e-1c2d-4a4e-9a51-3a3f1d3c0a01,,2024-01-21T13:07:00Z,2024-01-21T13:07:00Z,0,1
143029a9-d88f-4c94-88b7-63d5e519dd7e,Rayan Profile Sazan Group,ACC-000175,100000002,3,Isfahan,Iran,29a3b2e9-5d65-4441-9588-42dea2bc372f,9132b63e-f162-47e4-a9c3-49e03602f8ac,1,57100000000.0,7f5b6f7e-1c2d-4a4e-9a51-3a3f1d3c0a01,,2021-12-27T12:47:00Z,2021-12-27T12:47:00Z,0,1
f4d375c1-a293-49fa-b240-d7a14027ab7d,Tous Contracting Industries,ACC-000176,100000000,3,Isfahan,Iran,29a3b2e9-5d65-4441-9588-42dea2bc372f,10f1bc81-448a-4a9e-a6b2-bc5b50c187fc,4,17800000000.0,7f5b6f7e-1c2d-4a4e-9a51-3a3f1d3c0a01,,2020-02-19T05:21:00Z,2020-02-19T05:21:00Z,0,1
a0017720-200b-4903-8642-6c458d03f17a,Dena Agri-Steel Ltd.,ACC-000177,100000006,3,Tehran,Iran,7412b293-4729-4739-a14f-f3d719db3ad0,5304317f-af42-412f-b838-b3268e944239,100000000,6900000000.0,7f5b6f7e-1c2d-4a4e-9a51-3a3f1d3c0a01,,2024-04-17T05:53:00Z,2024-04-17T05:53:00Z,0,1
17eaec83-8892-442f-9d4b-2bf94d85e9c7,Laleh Sazeh Industries,ACC-000178,100000000,3,Fars,Iran,3eabedcb-baa8-4dd4-88bd-64072bcfbe01,e27a984d-6548-41d0-bfcd-9eb1a7cad415,1,10100000000.0,7f5b6f7e-1c2d-4a4e-9a51-3a3f1d3c0a01,,2020-11-11T11:20:00Z,2020-11-11T11:20:00Z,0,1
9780c215-2b2b-48e9-a417-c09380a8a23d,Mehrgan Abadgaran Group,ACC-000179,100000000,3,Tehran,Iran,7412b293-4729-4739-a14f-f3d719db3ad0,b02b61c4-a3d7-4628-ace6-6fa2fd5166e6,100000000,27700000000.0,7f5b6f7e-1c2d-4a4e-9a51-3a3f1d3c0a01,,2023-08-31T11:45:00Z,2023-08-31T11:45:00Z,0,1
2bd3cdcd-2779-4685-94a5-3fdef10d27c8,Atlas Appliance Components Ltd.,ACC-000180,100000003,3,Khuzestan,Iran,a28defe3-9bf0-4273-9247-6f57a5e5a5ab,366eb16f-508e-4ad7-b7c9-3acfe059a0ee,100000001,31300000000.0,7f5b6f7e-1c2d-4a4e-9a51-3a3f1d3c0a01,,2024-05-20T05:29:00Z,2024-05-20T05:29:00Z,0,1
e6e987ca-b87b-4384-9fdd-de2ea8a2b7ad,Darya Eskelet Felezi Co.,ACC-000181,100000001,3,Isfahan,Iran,29a3b2e9-5d65-4441-9588-42dea2bc372f,10f1bc81-448a-4a9e-a6b2-bc5b50c187fc,4,19500000000.0,7f5b6f7e-1c2d-4a4e-9a51-3a3f1d3c0a01,,2022-10-03T11:59:00Z,2022-10-03T11:59:00Z,0,1
ec86a890-d7b0-4bdc-966e-3cbe9aea622f,Chakad Fabrication Works Group,ACC-000182,100000001,3,Isfahan,Iran,29a3b2e9-5d65-4441-9588-42dea2bc372f,10f1bc81-448a-4a9e-a6b2-bc5b50c187fc,1,13700000000.0,7f5b6f7e-1c2d-4a4e-9a51-3a3f1d3c0a01,,2024-03-20T06:55:00Z,2024-03-20T06:55:00Z,0,1
dd20c3bf-d342-4f08-8a8b-b5b490494583,Varna Steel Structures Group,ACC-000183,100000001,3,Alborz,Iran,7412b293-4729-4739-a14f-f3d719db3ad0,5304317f-af42-412f-b838-b3268e944239,100000000,9500000000.0,7f5b6f7e-1c2d-4a4e-9a51-3a3f1d3c0a01,,2022-10-22T11:14:00Z,2022-10-22T11:14:00Z,0,1
f2d3f761-0ba3-4279-94cb-056407437c3b,Rayan Steel Trading Co.,ACC-000184,100000004,3,Isfahan,Iran,29a3b2e9-5d65-4441-9588-42dea2bc372f,10f1bc81-448a-4a9e-a6b2-bc5b50c187fc,100000000,65100000000.0,7f5b6f7e-1c2d-4a4e-9a51-3a3f1d3c0a01,,2019-09-11T06:33:00Z,2019-09-11T06:33:00Z,0,1
43c07d43-93a7-4792-8561-b8dca4364fcd,Varna Abadgaran Co.,ACC-000185,100000000,3,Tehran,Iran,7412b293-4729-4739-a14f-f3d719db3ad0,0e51f30d-c6a7-4e39-84b0-32ccd7c524a5,100000000,23000000000.0,7f5b6f7e-1c2d-4a4e-9a51-3a3f1d3c0a01,,2023-11-16T06:58:00Z,2023-11-16T06:58:00Z,0,1
92779574-c457-4cc3-b5f7-89bca6b07458,Borna Steel Structures Industries,ACC-000186,100000001,3,Isfahan,Iran,29a3b2e9-5d65-4441-9588-42dea2bc372f,10f1bc81-448a-4a9e-a6b2-bc5b50c187fc,4,15800000000.0,7f5b6f7e-1c2d-4a4e-9a51-3a3f1d3c0a01,,2022-01-04T09:57:00Z,2022-01-04T09:57:00Z,0,1
07c0d116-a394-4d54-9e3c-5a886aa56e6d,Elham Rail & Road Projects Co.,ACC-000187,100000005,3,Isfahan,Iran,29a3b2e9-5d65-4441-9588-42dea2bc372f,9132b63e-f162-47e4-a9c3-49e03602f8ac,4,96700000000.0,7f5b6f7e-1c2d-4a4e-9a51-3a3f1d3c0a01,,2022-02-26T06:06:00Z,2022-02-26T06:06:00Z,0,1
8baaf744-a08d-421b-a395-4cb17f7f6c0a,Saba Greenhouse Structures Industries,ACC-000188,100000006,3,Isfahan,Iran,29a3b2e9-5d65-4441-9588-42dea2bc372f,9132b63e-f162-47e4-a9c3-49e03602f8ac,100000000,4500000000.0,7f5b6f7e-1c2d-4a4e-9a51-3a3f1d3c0a01,,2020-05-24T09:53:00Z,2020-05-24T09:53:00Z,0,1
4d560a3d-f4e7-469a-a454-09374a27ebf2,Pouya Steel Structures Group,ACC-000189,100000001,3,East Azerbaijan,Iran,aefcfad8-efc8-4849-b3aa-7efe4458a885,beb79919-3f22-4af8-a3be-d01d43cf2fde,100000000,10300000000.0,7f5b6f7e-1c2d-4a4e-9a51-3a3f1d3c0a01,,2023-01-31T04:54:00Z,2023-01-31T04:54:00Z,0,1
ceae71cf-ce00-4af0-beb0-51817ba24588,Kavir Sabz Metal Center Co.,ACC-000190,100000004,3,East Azerbaijan,Iran,aefcfad8-efc8-4849-b3aa-7efe4458a885,beb79919-3f22-4af8-a3be-d01d43cf2fde,100000000,40300000000.0,7f5b6f7e-1c2d-4a4e-9a51-3a3f1d3c0a01,,2022-08-20T10:11:00Z,2022-08-20T10:11:00Z,0,1
741b77f5-4c24-4053-a7f5-ae02af5b8f47,Rayan Builders Co.,ACC-000191,100000000,3,Tehran,Iran,7412b293-4729-4739-a14f-f3d719db3ad0,5304317f-af42-412f-b838-b3268e944239,1,13700000000.0,7f5b6f7e-1c2d-4a4e-9a51-3a3f1d3c0a01,,2022-11-21T06:42:00Z,2022-11-21T06:42:00Z,0,1
2877f5d9-0f56-45f8-b048-faa112ae5c22,Negin Construction Co.,ACC-000192,100000000,3,Fars,Iran,3eabedcb-baa8-4dd4-88bd-64072bcfbe01,e27a984d-6548-41d0-bfcd-9eb1a7cad415,100000000,20200000000.0,7f5b6f7e-1c2d-4a4e-9a51-3a3f1d3c0a01,,2022-04-02T12:49:00Z,2022-04-02T12:49:00Z,0,1
76e5ae78-7bf7-41d3-aa66-2fce7089fc6d,Rastin Golkhaneh Sazan Co.,ACC-000193,100000006,3,Fars,Iran,3eabedcb-baa8-4dd4-88bd-64072bcfbe01,e27a984d-6548-41d0-bfcd-9eb1a7cad415,1,9700000000.0,7f5b6f7e-1c2d-4a4e-9a51-3a3f1d3c0a01,,2024-03-05T12:21:00Z,2024-03-05T12:21:00Z,0,1
24c778a5-9b4e-464b-9716-dc2e343ada2a,Mahtab Appliance Components Group,ACC-000194,100000003,3,Khorasan Razavi,Iran,ab9099a4-35a2-40ae-9af3-05535ec42e08,24933b83-7577-40a9-a491-f0b2ea1fca65,4,15000000000.0,7f5b6f7e-1c2d-4a4e-9a51-3a3f1d3c0a01,,2019-09-30T12:08:00Z,2019-09-30T12:08:00Z,0,1
51beb80e-b7e6-414c-9c8a-49225005680f,Negin Steel Trading Industries,ACC-000195,100000004,3,Khuzestan,Iran,a28defe3-9bf0-4273-9247-6f57a5e5a5ab,366eb16f-508e-4ad7-b7c9-3acfe059a0ee,100000000,39500000000.0,7f5b6f7e-1c2d-4a4e-9a51-3a3f1d3c0a01,,2020-03-07T10:52:00Z,2020-03-07T10:52:00Z,0,1
586a346a-dc5b-47d1-bcef-1972bbf483ce,Ava Metal Center Group,ACC-000196,100000004,3,Alborz,Iran,7412b293-4729-4739-a14f-f3d719db3ad0,ce177b4e-0837-48a3-9261-a7ab3aa2e4f9,100000000,94400000000.0,7f5b6f7e-1c2d-4a4e-9a51-3a3f1d3c0a01,,2024-01-21T13:13:00Z,2024-01-21T13:13:00Z,0,1
c2baf0e0-2179-43f0-a612-4ab4f9b21e6e,Kavir Sabz Urban Infrastructure Industries,ACC-000197,100000005,3,Mazandaran,Iran,7412b293-4729-4739-a14f-f3d719db3ad0,b02b61c4-a3d7-4628-ace6-6fa2fd5166e6,4,124000000000.0,7f5b6f7e-1c2d-4a4e-9a51-3a3f1d3c0a01,,2024-02-17T05:22:00Z,2024-02-17T05:22:00Z,0,1
1b2ededb-8fc8-4fc0-83d5-bceb5edbb8ee,Zarrin Golkhaneh Sazan Industries,ACC-000198,100000006,3,Tehran,Iran,7412b293-4729-4739-a14f-f3d719db3ad0,0e51f30d-c6a7-4e39-84b0-32ccd7c524a5,100000000,5900000000.0,7f5b6f7e-1c2d-4a4e-9a51-3a3f1d3c0a01,,2024-01-20T05:21:00Z,2024-01-20T05:21:00Z,0,1
1f5d988f-776a-4f09-bde2-885951b1943c,Ofogh Iron & Steel Supply Industries,ACC-000199,100000004,3,Tehran,Iran,7412b293-4729-4739-a14f-f3d719db3ad0,ce177b4e-0837-48a3-9261-a7ab3aa2e4f9,1,41900000000.0,7f5b6f7e-1c2d-4a4e-9a51-3a3f1d3c0a01,,2021-02-10T08:14:00Z,2021-02-10T08:14:00Z,0,1
24108e9a-3f77-4cae-b318-b96d44790612,Gohar Agri-Steel Co.,ACC-000200,100000006,3,Khorasan Razavi,Iran,ab9099a4-35a2-40ae-9af3-05535ec42e08,24933b83-7577-40a9-a491-f0b2ea1fca65,100000000,7300000000.0,7f5b6f7e-1c2d-4a4e-9a51-3a3f1d3c0a01,,2019-08-04T08:31:00Z,2019-08-04T08:31:00Z,0,1
f204be89-4a4b-4563-8cf4-77ef18c8a616,Iranmehr Metals Supply Ltd.,ACC-000201,100000004,3,Tehran,Iran,7412b293-4729-4739-a14f-f3d719db3ad0,ce177b4e-0837-48a3-9261-a7ab3aa2e4f9,100000000,79300000000.0,7f5b6f7e-1c2d-4a4e-9a51-3a3f1d3c0a01,,2021-11-10T06:56:00Z,2021-11-10T06:56:00Z,0,1
6b0ae0e3-9d89-4047-9d39-d7936257a4a2,Dena Abadgaran Ltd.,ACC-000202,100000000,3,Tehran,Iran,7412b293-4729-4739-a14f-f3d719db3ad0,0e51f30d-c6a7-4e39-84b0-32ccd7c524a5,1,10300000000.0,7f5b6f7e-1c2d-4a4e-9a51-3a3f1d3c0a01,,2022-02-14T09:11:00Z,2022-02-14T09:11:00Z,0,1
e6fdd7af-dd84-4acc-b672-94643f8ea40a,Vista Construction Co.,ACC-000203,100000000,3,Isfahan,Iran,29a3b2e9-5d65-4441-9588-42dea2bc372f,10f1bc81-448a-4a9e-a6b2-bc5b50c187fc,4,18300000000.0,7f5b6f7e-1c2d-4a4e-9a51-3a3f1d3c0a01,,2021-06-26T04:37:00Z,2021-06-26T04:37:00Z,0,1
ef0a573d-53d2-456d-9040-158728e213bc,Sahand Construction Industries,ACC-000204,100000000,3,Isfahan,Iran,29a3b2e9-5d65-4441-9588-42dea2bc372f,9132b63e-f162-47e4-a9c3-49e03602f8ac,1,22900000000.0,7f5b6f7e-1c2d-4a4e-9a51-3a3f1d3c0a01,,2020-06-10T09:50:00Z,2020-06-10T09:50:00Z,0,1
3098f7b2-500e-45c0-b89b-df7f93e34c35,Nasim Sakhteman Ltd.,ACC-000205,100000000,3,Khorasan Razavi,Iran,ab9099a4-35a2-40ae-9af3-05535ec42e08,24933b83-7577-40a9-a491-f0b2ea1fca65,4,19400000000.0,7f5b6f7e-1c2d-4a4e-9a51-3a3f1d3c0a01,,2023-08-02T12:58:00Z,2023-08-02T12:58:00Z,0,1
fef7d9ea-7f8e-4483-a8ca-aa1dc35bec2c,Pouya Golkhaneh Sazan Group,ACC-000206,100000006,3,Tehran,Iran,7412b293-4729-4739-a14f-f3d719db3ad0,0e51f30d-c6a7-4e39-84b0-32ccd7c524a5,100000000,4900000000.0,7f5b6f7e-1c2d-4a4e-9a51-3a3f1d3c0a01,,2023-05-09T06:55:00Z,2023-05-09T06:55:00Z,0,1
e10b1a47-7fae-4748-b781-321e83c501cb,Arya Builders Ltd.,ACC-000207,100000000,3,Isfahan,Iran,29a3b2e9-5d65-4441-9588-42dea2bc372f,9132b63e-f162-47e4-a9c3-49e03602f8ac,4,37300000000.0,7f5b6f7e-1c2d-4a4e-9a51-3a3f1d3c0a01,,2020-02-24T05:19:00Z,2020-02-24T05:19:00Z,0,1
170d7507-05ee-41d4-bf53-a88e4efc8248,Pardis Sakhteman Ltd.,ACC-000208,100000000,3,Tehran,Iran,7412b293-4729-4739-a14f-f3d719db3ad0,5304317f-af42-412f-b838-b3268e944239,4,15900000000.0,7f5b6f7e-1c2d-4a4e-9a51-3a3f1d3c0a01,,2021-10-24T07:07:00Z,2021-10-24T07:07:00Z,0,1
750d112e-8164-4eec-a4ab-851bf1fac6e7,Borna Golkhaneh Sazan Ltd.,ACC-000209,100000006,3,Isfahan,Iran,29a3b2e9-5d65-4441-9588-42dea2bc372f,10f1bc81-448a-4a9e-a6b2-bc5b50c187fc,1,5000000000.0,7f5b6f7e-1c2d-4a4e-9a51-3a3f1d3c0a01,,2021-12-07T09:25:00Z,2021-12-07T09:25:00Z,0,1
95560a2d-3713-4466-bda0-6476f778c676,Ofogh Builders Ltd.,ACC-000210,100000000,3,Khuzestan,Iran,a28defe3-9bf0-4273-9247-6f57a5e5a5ab,366eb16f-508e-4ad7-b7c9-3acfe059a0ee,1,31600000000.0,7f5b6f7e-1c2d-4a4e-9a51-3a3f1d3c0a01,,2021-12-08T05:58:00Z,2021-12-08T05:58:00Z,0,1
4806f804-0cf0-474c-8c74-dc0f5a575539,Gohar Fabrication Works Industries,ACC-000211,100000001,3,Tehran,Iran,7412b293-4729-4739-a14f-f3d719db3ad0,5304317f-af42-412f-b838-b3268e944239,100000000,21300000000.0,7f5b6f7e-1c2d-4a4e-9a51-3a3f1d3c0a01,,2020-07-19T06:10:00Z,2020-07-19T06:10:00Z,0,1
d7c4fe9c-e1e0-4ffc-98f6-fd7f7eb162f1,Jahan Construction Group,ACC-000212,100000000,3,Alborz,Iran,7412b293-4729-4739-a14f-f3d719db3ad0,5304317f-af42-412f-b838-b3268e944239,4,12300000000.0,7f5b6f7e-1c2d-4a4e-9a51-3a3f1d3c0a01,,2021-12-13T10:34:00Z,2021-12-13T10:34:00Z,0,1
4926ce5f-7878-4140-ac2a-4f71a77d95f1,Tous Press Works Industries,ACC-000213,100000003,3,Tehran,Iran,7412b293-4729-4739-a14f-f3d719db3ad0,b02b61c4-a3d7-4628-ace6-6fa2fd5166e6,4,16300000000.0,7f5b6f7e-1c2d-4a4e-9a51-3a3f1d3c0a01,,2019-12-02T12:10:00Z,2019-12-02T12:10:00Z,0,1
1b84edc3-d8e0-49de-8217-ea0e896490ab,Darya Construction Co.,ACC-000214,100000000,3,East Azerbaijan,Iran,aefcfad8-efc8-4849-b3aa-7efe4458a885,beb79919-3f22-4af8-a3be-d01d43cf2fde,100000000,10600000000.0,7f5b6f7e-1c2d-4a4e-9a51-3a3f1d3c0a01,,2022-03-08T05:36:00Z,2022-03-08T05:36:00Z,0,1
43b47ee5-e1e8-4e7e-a249-8f666e51484d,Omid Metal Center Group,ACC-000215,100000004,3,Hormozgan,Iran,3eabedcb-baa8-4dd4-88bd-64072bcfbe01,e27a984d-6548-41d0-bfcd-9eb1a7cad415,100000000,68500000000.0,7f5b6f7e-1c2d-4a4e-9a51-3a3f1d3c0a01,,2024-02-06T05:51:00Z,2024-02-06T05:51:00Z,0,1
673ba8bd-c38c-4dec-9da3-9a73ba3df7ff,Aban Omran Co.,ACC-000216,100000000,3,Khorasan Razavi,Iran,ab9099a4-35a2-40ae-9af3-05535ec42e08,24933b83-7577-40a9-a491-f0b2ea1fca65,100000000,17700000000.0,7f5b6f7e-1c2d-4a4e-9a51-3a3f1d3c0a01,,2023-07-18T09:17:00Z,2023-07-18T09:17:00Z,0,1
0d18ab95-668c-4477-8b95-017c5dae1201,Hirad Construction Ltd.,ACC-000217,100000000,3,Tehran,Iran,7412b293-4729-4739-a14f-f3d719db3ad0,b02b61c4-a3d7-4628-ace6-6fa2fd5166e6,100000000,19800000000.0,7f5b6f7e-1c2d-4a4e-9a51-3a3f1d3c0a01,,2020-09-26T13:00:00Z,2020-09-26T13:00:00Z,0,1
5cce5ba9-31d4-4e09-8fd3-3afc91fdfa4f,Behsaz Fabrication Works Co.,ACC-000218,100000001,3,Alborz,Iran,7412b293-4729-4739-a14f-f3d719db3ad0,5304317f-af42-412f-b838-b3268e944239,100000000,15900000000.0,7f5b6f7e-1c2d-4a4e-9a51-3a3f1d3c0a01,,2020-05-18T08:15:00Z,2020-05-18T08:15:00Z,0,1
62e7c1a6-12d2-4a06-89e1-cd138da00495,Tous Golkhaneh Sazan Ltd.,ACC-000219,100000006,3,Isfahan,Iran,29a3b2e9-5d65-4441-9588-42dea2bc372f,9132b63e-f162-47e4-a9c3-49e03602f8ac,1,8600000000.0,7f5b6f7e-1c2d-4a4e-9a51-3a3f1d3c0a01,,2020-06-04T09:53:00Z,2020-06-04T09:53:00Z,0,1
8cc36f3b-c3af-4cfe-b34a-6ca38116e3fc,Nasim Urban Infrastructure Co.,ACC-000220,100000005,3,Isfahan,Iran,29a3b2e9-5d65-4441-9588-42dea2bc372f,9132b63e-f162-47e4-a9c3-49e03602f8ac,100000001,90600000000.0,7f5b6f7e-1c2d-4a4e-9a51-3a3f1d3c0a01,,2023-04-15T11:06:00Z,2023-04-15T11:06:00Z,0,1
9f8cc29f-fd35-4c5f-9347-9a3b479bc637,Elham Greenhouse Structures Ltd.,ACC-000221,100000006,3,Khuzestan,Iran,a28defe3-9bf0-4273-9247-6f57a5e5a5ab,366eb16f-508e-4ad7-b7c9-3acfe059a0ee,100000000,10500000000.0,7f5b6f7e-1c2d-4a4e-9a51-3a3f1d3c0a01,,2020-12-15T08:56:00Z,2020-12-15T08:56:00Z,0,1
20f0156a-1e6a-4628-9c6d-52d5ae2e9af9,Mehrgan Steel Depot Co.,ACC-000222,100000004,3,Khorasan Razavi,Iran,ab9099a4-35a2-40ae-9af3-05535ec42e08,24933b83-7577-40a9-a491-f0b2ea1fca65,1,68800000000.0,7f5b6f7e-1c2d-4a4e-9a51-3a3f1d3c0a01,,2022-10-04T11:25:00Z,2022-10-04T11:25:00Z,0,1
5f89ed12-64d6-4fbf-98c0-1e2bf99f0704,Zagros Eskelet Felezi Group,ACC-000223,100000001,3,Tehran,Iran,7412b293-4729-4739-a14f-f3d719db3ad0,b02b61c4-a3d7-4628-ace6-6fa2fd5166e6,1,15600000000.0,7f5b6f7e-1c2d-4a4e-9a51-3a3f1d3c0a01,,2020-10-17T12:09:00Z,2020-10-17T12:09:00Z,0,1
8ece1128-56ce-4b42-bc9e-1dcbcb7e6268,Kavir Sabz Steel Structures Group,ACC-000224,100000001,3,Alborz,Iran,7412b293-4729-4739-a14f-f3d719db3ad0,0e51f30d-c6a7-4e39-84b0-32ccd7c524a5,1,14900000000.0,7f5b6f7e-1c2d-4a4e-9a51-3a3f1d3c0a01,,2023-10-24T12:14:00Z,2023-10-24T12:14:00Z,0,1
24eeb4a6-c145-45c7-9d98-6115f05eeefe,Ilia Fabrication Works Co.,ACC-000225,100000001,3,Isfahan,Iran,29a3b2e9-5d65-4441-9588-42dea2bc372f,10f1bc81-448a-4a9e-a6b2-bc5b50c187fc,1,34000000000.0,7f5b6f7e-1c2d-4a4e-9a51-3a3f1d3c0a01,,2020-09-13T04:56:00Z,2020-09-13T04:56:00Z,0,1
66c14dca-8255-4a61-9a3b-031932f57510,Ofogh Golkhaneh Sazan Co.,ACC-000226,100000006,3,Khuzestan,Iran,a28defe3-9bf0-4273-9247-6f57a5e5a5ab,366eb16f-508e-4ad7-b7c9-3acfe059a0ee,100000000,10800000000.0,7f5b6f7e-1c2d-4a4e-9a51-3a3f1d3c0a01,,2020-09-12T04:34:00Z,2020-09-12T04:34:00Z,0,1
09f64405-0b99-4034-8a4e-255280051b10,Shahab Press Works Ltd.,ACC-000227,100000003,3,Tehran,Iran,7412b293-4729-4739-a14f-f3d719db3ad0,b02b61c4-a3d7-4628-ace6-6fa2fd5166e6,1,19400000000.0,7f5b6f7e-1c2d-4a4e-9a51-3a3f1d3c0a01,,2020-07-19T11:51:00Z,2020-07-19T11:51:00Z,0,1
cdd0b4d4-5542-47de-b6ad-f48b2314d0c8,Mahan Appliance Components Group,ACC-000228,100000003,3,Khuzestan,Iran,a28defe3-9bf0-4273-9247-6f57a5e5a5ab,366eb16f-508e-4ad7-b7c9-3acfe059a0ee,1,32300000000.0,7f5b6f7e-1c2d-4a4e-9a51-3a3f1d3c0a01,,2020-09-19T05:01:00Z,2020-09-19T05:01:00Z,0,1
2620f9a9-74fd-43d1-84f2-fd0f79474bfa,Parsian Greenhouse Structures Ltd.,ACC-000229,100000006,3,Fars,Iran,3eabedcb-baa8-4dd4-88bd-64072bcfbe01,e27a984d-6548-41d0-bfcd-9eb1a7cad415,100000000,6000000000.0,7f5b6f7e-1c2d-4a4e-9a51-3a3f1d3c0a01,,2020-09-15T07:54:00Z,2020-09-15T07:54:00Z,0,1
23c8afdb-83f8-4f16-a4a4-474c9b33e3a4,Jahan Steel Structures Industries,ACC-000230,100000001,3,Tehran,Iran,7412b293-4729-4739-a14f-f3d719db3ad0,0e51f30d-c6a7-4e39-84b0-32ccd7c524a5,4,23700000000.0,7f5b6f7e-1c2d-4a4e-9a51-3a3f1d3c0a01,,2021-01-30T10:57:00Z,2021-01-30T10:57:00Z,0,1
518b2f21-9cf2-4859-ae6e-2e7253f591dc,Hoda Greenhouse Structures Industries,ACC-000231,100000006,3,Tehran,Iran,7412b293-4729-4739-a14f-f3d719db3ad0,0e51f30d-c6a7-4e39-84b0-32ccd7c524a5,1,6400000000.0,7f5b6f7e-1c2d-4a4e-9a51-3a3f1d3c0a01,,2020-09-12T08:50:00Z,2020-09-12T08:50:00Z,0,1
9dd2f9de-fd98-4e33-a498-abe92999bbef,Navid Steel Structures Co.,ACC-000232,100000001,3,Mazandaran,Iran,7412b293-4729-4739-a14f-f3d719db3ad0,b02b61c4-a3d7-4628-ace6-6fa2fd5166e6,4,17800000000.0,7f5b6f7e-1c2d-4a4e-9a51-3a3f1d3c0a01,,2021-01-16T07:41:00Z,2021-01-16T07:41:00Z,0,1
97fe56c5-4c9a-4f24-97b4-c294bd44089d,Iranmehr Abadgaran Industries,ACC-000233,100000000,3,Khorasan Razavi,Iran,ab9099a4-35a2-40ae-9af3-05535ec42e08,24933b83-7577-40a9-a491-f0b2ea1fca65,1,14100000000.0,7f5b6f7e-1c2d-4a4e-9a51-3a3f1d3c0a01,,2022-06-23T05:06:00Z,2022-06-23T05:06:00Z,0,1
827c9f8c-d40a-45e9-81df-6517561c9210,Pouya Urban Infrastructure Co.,ACC-000234,100000005,3,Tehran,Iran,7412b293-4729-4739-a14f-f3d719db3ad0,ce177b4e-0837-48a3-9261-a7ab3aa2e4f9,100000001,154700000000.0,7f5b6f7e-1c2d-4a4e-9a51-3a3f1d3c0a01,,2019-11-19T12:29:00Z,2019-11-19T12:29:00Z,0,1
901bcdef-b56f-48ce-bd66-971e88476c56,Farazan Fabrication Works Industries,ACC-000235,100000001,3,Tehran,Iran,7412b293-4729-4739-a14f-f3d719db3ad0,5304317f-af42-412f-b838-b3268e944239,100000000,15100000000.0,7f5b6f7e-1c2d-4a4e-9a51-3a3f1d3c0a01,,2023-08-05T05:02:00Z,2023-08-05T05:02:00Z,0,1
044251db-d0d4-4a67-b992-8faa4cbf131d,Ava Eskelet Felezi Ltd.,ACC-000236,100000001,3,Isfahan,Iran,29a3b2e9-5d65-4441-9588-42dea2bc372f,9132b63e-f162-47e4-a9c3-49e03602f8ac,1,21900000000.0,7f5b6f7e-1c2d-4a4e-9a51-3a3f1d3c0a01,,2021-01-23T07:59:00Z,2021-01-23T07:59:00Z,0,1
1c0f0bdc-ac7e-437c-94cc-1e2a5e4cb287,Nima Urban Infrastructure Group,ACC-000237,100000005,3,Khuzestan,Iran,a28defe3-9bf0-4273-9247-6f57a5e5a5ab,366eb16f-508e-4ad7-b7c9-3acfe059a0ee,4,169100000000.0,7f5b6f7e-1c2d-4a4e-9a51-3a3f1d3c0a01,,2020-11-28T09:11:00Z,2020-11-28T09:11:00Z,0,1
4ec3f970-956d-40e4-aaa2-6216fada98f5,Tous Abadgaran Industries,ACC-000238,100000000,3,Isfahan,Iran,29a3b2e9-5d65-4441-9588-42dea2bc372f,10f1bc81-448a-4a9e-a6b2-bc5b50c187fc,100000000,15900000000.0,7f5b6f7e-1c2d-4a4e-9a51-3a3f1d3c0a01,,2022-11-27T11:42:00Z,2022-11-27T11:42:00Z,0,1
df41e335-b9ae-48e4-a615-99c8cbf81f86,Varna Press Works Group,ACC-000239,100000003,3,Khorasan Razavi,Iran,ab9099a4-35a2-40ae-9af3-05535ec42e08,24933b83-7577-40a9-a491-f0b2ea1fca65,4,17000000000.0,7f5b6f7e-1c2d-4a4e-9a51-3a3f1d3c0a01,,2021-12-14T12:00:00Z,2021-12-14T12:00:00Z,0,1
98cf1188-06d2-4913-a117-3719b023a0ea,Golestan Profile Sazan Group,ACC-000240,100000002,3,Tehran,Iran,7412b293-4729-4739-a14f-f3d719db3ad0,b02b61c4-a3d7-4628-ace6-6fa2fd5166e6,4,27400000000.0,7f5b6f7e-1c2d-4a4e-9a51-3a3f1d3c0a01,,2019-08-21T04:49:00Z,2019-08-21T04:49:00Z,0,1
a7d4cf50-f791-41e5-83f9-cd6b797ebe87,Mehr Metal Center Industries,ACC-000241,100000004,3,Tehran,Iran,7412b293-4729-4739-a14f-f3d719db3ad0,ce177b4e-0837-48a3-9261-a7ab3aa2e4f9,1,53900000000.0,7f5b6f7e-1c2d-4a4e-9a51-3a3f1d3c0a01,,2023-11-25T07:33:00Z,2023-11-25T07:33:00Z,0,1
9416e4dc-c6b2-4def-b8d8-b7f1c86c6544,Mahan Ahan Forooshi Industries,ACC-000242,100000004,3,Khorasan Razavi,Iran,ab9099a4-35a2-40ae-9af3-05535ec42e08,24933b83-7577-40a9-a491-f0b2ea1fca65,100000000,48300000000.0,7f5b6f7e-1c2d-4a4e-9a51-3a3f1d3c0a01,,2020-05-31T06:14:00Z,2020-05-31T06:14:00Z,0,1
0d259caa-b8ad-4d87-ba40-45dd93dfd907,Mehrgan Contracting Ltd.,ACC-000243,100000000,3,Tehran,Iran,7412b293-4729-4739-a14f-f3d719db3ad0,0e51f30d-c6a7-4e39-84b0-32ccd7c524a5,4,25300000000.0,7f5b6f7e-1c2d-4a4e-9a51-3a3f1d3c0a01,,2019-10-12T11:03:00Z,2019-10-12T11:03:00Z,0,1
86341718-2ba6-4db3-bafe-b1149561c813,Ava Fabrication Works Ltd.,ACC-000244,100000001,3,Alborz,Iran,7412b293-4729-4739-a14f-f3d719db3ad0,0e51f30d-c6a7-4e39-84b0-32ccd7c524a5,1,18200000000.0,7f5b6f7e-1c2d-4a4e-9a51-3a3f1d3c0a01,,2020-08-12T08:52:00Z,2020-08-12T08:52:00Z,0,1
c64c9647-9ea7-417c-b89f-7039a107cc46,Kian Sazeh Co.,ACC-000245,100000000,3,Mazandaran,Iran,7412b293-4729-4739-a14f-f3d719db3ad0,b02b61c4-a3d7-4628-ace6-6fa2fd5166e6,1,24700000000.0,7f5b6f7e-1c2d-4a4e-9a51-3a3f1d3c0a01,,2022-07-03T13:27:00Z,2022-07-03T13:27:00Z,0,1
d25864f2-25d4-40fc-a154-2765d756ba9c,Sepehr Profile Sazan Co.,ACC-000246,100000002,3,Fars,Iran,3eabedcb-baa8-4dd4-88bd-64072bcfbe01,e27a984d-6548-41d0-bfcd-9eb1a7cad415,1,55000000000.0,7f5b6f7e-1c2d-4a4e-9a51-3a3f1d3c0a01,,2019-12-02T11:22:00Z,2019-12-02T11:22:00Z,0,1
9293f705-0815-4147-be00-980eae441e21,Golestan Greenhouse Structures Group,ACC-000247,100000006,3,Tehran,Iran,7412b293-4729-4739-a14f-f3d719db3ad0,b02b61c4-a3d7-4628-ace6-6fa2fd5166e6,100000000,12300000000.0,7f5b6f7e-1c2d-4a4e-9a51-3a3f1d3c0a01,,2021-06-06T07:08:00Z,2021-06-06T07:08:00Z,0,1
30d73df7-1c22-4cea-b355-56a5f2bd92f2,Arman Steel Depot Ltd.,ACC-000248,100000004,3,Tehran,Iran,7412b293-4729-4739-a14f-f3d719db3ad0,ce177b4e-0837-48a3-9261-a7ab3aa2e4f9,100000000,133100000000.0,7f5b6f7e-1c2d-4a4e-9a51-3a3f1d3c0a01,,2021-11-27T05:53:00Z,2021-11-27T05:53:00Z,0,1
6b352f85-504e-4687-b0e7-e75604d9145e,Kian Omran Co.,ACC-000249,100000000,3,Tehran,Iran,7412b293-4729-4739-a14f-f3d719db3ad0,0e51f30d-c6a7-4e39-84b0-32ccd7c524a5,4,30100000000.0,7f5b6f7e-1c2d-4a4e-9a51-3a3f1d3c0a01,,2022-03-12T09:36:00Z,2022-03-12T09:36:00Z,0,1
34323ec6-b0c4-401c-a9b7-c0fa26c432f6,Borna Dam & Water Works Co.,ACC-000250,100000005,3,Khuzestan,Iran,a28defe3-9bf0-4273-9247-6f57a5e5a5ab,366eb16f-508e-4ad7-b7c9-3acfe059a0ee,4,87900000000.0,7f5b6f7e-1c2d-4a4e-9a51-3a3f1d3c0a01,,2019-06-03T05:05:00Z,2019-06-03T05:05:00Z,0,1
9c89d374-c664-45a7-8077-3e33690e7e62,Tous Profile Sazan Group,ACC-000251,100000002,3,Isfahan,Iran,29a3b2e9-5d65-4441-9588-42dea2bc372f,10f1bc81-448a-4a9e-a6b2-bc5b50c187fc,4,62800000000.0,7f5b6f7e-1c2d-4a4e-9a51-3a3f1d3c0a01,,2019-09-11T11:06:00Z,2019-09-11T11:06:00Z,0,1
d92f3c1e-df70-4b2a-b8bb-22a5eba742d2,Elham Metals Supply Co.,ACC-000252,100000004,3,Tehran,Iran,7412b293-4729-4739-a14f-f3d719db3ad0,ce177b4e-0837-48a3-9261-a7ab3aa2e4f9,1,68200000000.0,7f5b6f7e-1c2d-4a4e-9a51-3a3f1d3c0a01,,2021-12-01T08:06:00Z,2021-12-01T08:06:00Z,0,1
b4adaf89-0ff1-4a9f-ba37-0623bc5fd4dd,Parsian Fabrication Works Group,ACC-000253,100000001,3,Alborz,Iran,7412b293-4729-4739-a14f-f3d719db3ad0,5304317f-af42-412f-b838-b3268e944239,1,22400000000.0,7f5b6f7e-1c2d-4a4e-9a51-3a3f1d3c0a01,,2023-03-26T06:52:00Z,2023-03-26T06:52:00Z,0,1
8f964685-3514-4890-84c8-6c4623595fa4,Arvand Eskelet Felezi Group,ACC-000254,100000001,3,Tehran,Iran,7412b293-4729-4739-a14f-f3d719db3ad0,0e51f30d-c6a7-4e39-84b0-32ccd7c524a5,1,21300000000.0,7f5b6f7e-1c2d-4a4e-9a51-3a3f1d3c0a01,,2023-04-01T06:45:00Z,2023-04-01T06:45:00Z,0,1
7a768555-a987-4218-bf84-faef5336723b,Nasim Omran Ltd.,ACC-000255,100000000,3,Tehran,Iran,7412b293-4729-4739-a14f-f3d719db3ad0,5304317f-af42-412f-b838-b3268e944239,100000000,52700000000.0,7f5b6f7e-1c2d-4a4e-9a51-3a3f1d3c0a01,,2024-04-01T12:07:00Z,2024-04-01T12:07:00Z,0,1
f4e95734-5052-4700-a077-96a38685abaa,Shahab Steel Merchants Ltd.,ACC-000256,100000004,3,Tehran,Iran,7412b293-4729-4739-a14f-f3d719db3ad0,ce177b4e-0837-48a3-9261-a7ab3aa2e4f9,1,79700000000.0,7f5b6f7e-1c2d-4a4e-9a51-3a3f1d3c0a01,,2020-10-05T04:54:00Z,2020-10-05T04:54:00Z,0,1
887b03e5-e980-4808-b5ac-824c2c55aef7,Aban Construction Group,ACC-000257,100000000,3,Tehran,Iran,7412b293-4729-4739-a14f-f3d719db3ad0,0e51f30d-c6a7-4e39-84b0-32ccd7c524a5,100000000,24900000000.0,7f5b6f7e-1c2d-4a4e-9a51-3a3f1d3c0a01,,2019-06-20T06:16:00Z,2019-06-20T06:16:00Z,0,1
ad05b912-5ab2-4d4a-8bd8-8fcd57a2be4e,Rastin Housing Development Group,ACC-000258,100000005,3,Khuzestan,Iran,a28defe3-9bf0-4273-9247-6f57a5e5a5ab,366eb16f-508e-4ad7-b7c9-3acfe059a0ee,4,134400000000.0,7f5b6f7e-1c2d-4a4e-9a51-3a3f1d3c0a01,,2022-05-25T10:43:00Z,2022-05-25T10:43:00Z,0,1
ae455cc6-b88e-430f-9e1e-994ac5a11f5c,Taban Agri-Steel Group,ACC-000259,100000006,3,East Azerbaijan,Iran,aefcfad8-efc8-4849-b3aa-7efe4458a885,beb79919-3f22-4af8-a3be-d01d43cf2fde,1,19400000000.0,7f5b6f7e-1c2d-4a4e-9a51-3a3f1d3c0a01,,2023-10-12T07:28:00Z,2023-10-12T07:28:00Z,0,1
43ad3d62-b17c-4b21-8dbc-2c1ca4afe7bd,Nasim Contracting Co.,ACC-000260,100000000,3,Isfahan,Iran,29a3b2e9-5d65-4441-9588-42dea2bc372f,10f1bc81-448a-4a9e-a6b2-bc5b50c187fc,100000000,18400000000.0,7f5b6f7e-1c2d-4a4e-9a51-3a3f1d3c0a01,,2022-02-06T07:38:00Z,2022-02-06T07:38:00Z,0,1
f5141058-3138-4975-bbf3-3a349c2dfa97,Persis Contracting Co.,ACC-000261,100000000,3,Fars,Iran,3eabedcb-baa8-4dd4-88bd-64072bcfbe01,e27a984d-6548-41d0-bfcd-9eb1a7cad415,4,15700000000.0,7f5b6f7e-1c2d-4a4e-9a51-3a3f1d3c0a01,,2020-01-13T11:15:00Z,2020-01-13T11:15:00Z,0,1
4c6a70f4-8ede-444d-876c-f68c3f1be0d0,Kavir Sabz Steel Merchants Group,ACC-000262,100000004,3,Khuzestan,Iran,a28defe3-9bf0-4273-9247-6f57a5e5a5ab,366eb16f-508e-4ad7-b7c9-3acfe059a0ee,1,76200000000.0,7f5b6f7e-1c2d-4a4e-9a51-3a3f1d3c0a01,,2023-08-24T10:11:00Z,2023-08-24T10:11:00Z,0,1
fb756923-f910-4bb3-b105-32523990e2c9,Mehrgan Press Works Industries,ACC-000263,100000003,3,Khorasan Razavi,Iran,ab9099a4-35a2-40ae-9af3-05535ec42e08,24933b83-7577-40a9-a491-f0b2ea1fca65,4,12600000000.0,7f5b6f7e-1c2d-4a4e-9a51-3a3f1d3c0a01,,2021-01-10T06:12:00Z,2021-01-10T06:12:00Z,0,1
b4746349-49fc-4cd8-856b-ad4c4c3077c4,Zagros Builders Co.,ACC-000264,100000000,3,Isfahan,Iran,29a3b2e9-5d65-4441-9588-42dea2bc372f,10f1bc81-448a-4a9e-a6b2-bc5b50c187fc,1,18800000000.0,7f5b6f7e-1c2d-4a4e-9a51-3a3f1d3c0a01,,2021-11-27T05:56:00Z,2021-11-27T05:56:00Z,0,1
7d2f4e58-b47a-4c5b-b0b3-901535102852,Kian Auto Parts Mfg.,ACC-000265,100000003,3,Khorasan Razavi,Iran,ab9099a4-35a2-40ae-9af3-05535ec42e08,24933b83-7577-40a9-a491-f0b2ea1fca65,4,18500000000.0,7f5b6f7e-1c2d-4a4e-9a51-3a3f1d3c0a01,,2023-09-02T09:44:00Z,2023-09-02T09:44:00Z,0,1
8f7c1d59-594b-4a3a-bad4-65a15129950d,Parsian Builders Industries,ACC-000266,100000000,3,Isfahan,Iran,29a3b2e9-5d65-4441-9588-42dea2bc372f,10f1bc81-448a-4a9e-a6b2-bc5b50c187fc,4,34700000000.0,7f5b6f7e-1c2d-4a4e-9a51-3a3f1d3c0a01,,2023-05-14T11:29:00Z,2023-05-14T11:29:00Z,0,1
b8beff3d-cb9f-4f6d-af3a-6f27ef06fccb,Ava Metals Supply Co.,ACC-000267,100000004,3,Khuzestan,Iran,a28defe3-9bf0-4273-9247-6f57a5e5a5ab,366eb16f-508e-4ad7-b7c9-3acfe059a0ee,100000000,48100000000.0,7f5b6f7e-1c2d-4a4e-9a51-3a3f1d3c0a01,,2019-11-13T06:08:00Z,2019-11-13T06:08:00Z,0,1
92cf6021-1f33-442d-89ac-908746015028,Parsian Dam & Water Works Ltd.,ACC-000268,100000005,3,East Azerbaijan,Iran,aefcfad8-efc8-4849-b3aa-7efe4458a885,beb79919-3f22-4af8-a3be-d01d43cf2fde,100000001,124300000000.0,7f5b6f7e-1c2d-4a4e-9a51-3a3f1d3c0a01,,2023-01-19T08:30:00Z,2023-01-19T08:30:00Z,0,1
e5508ea2-6133-434d-8b0e-8eb1ad371d9e,Pishgam Steel Structures Co.,ACC-000269,100000001,3,Hormozgan,Iran,3eabedcb-baa8-4dd4-88bd-64072bcfbe01,e27a984d-6548-41d0-bfcd-9eb1a7cad415,1,8800000000.0,7f5b6f7e-1c2d-4a4e-9a51-3a3f1d3c0a01,,2019-09-01T07:52:00Z,2019-09-01T07:52:00Z,0,1
585abefb-d181-4f77-a500-1423faebcd19,Aban Steel Merchants Co.,ACC-000270,100000004,3,Mazandaran,Iran,7412b293-4729-4739-a14f-f3d719db3ad0,0e51f30d-c6a7-4e39-84b0-32ccd7c524a5,100000000,42500000000.0,7f5b6f7e-1c2d-4a4e-9a51-3a3f1d3c0a01,,2020-07-18T07:32:00Z,2020-07-18T07:32:00Z,0,1
257f7595-cdfb-4db9-85e7-8b23f4613f09,Nima Abadgaran Group,ACC-000271,100000000,3,Fars,Iran,3eabedcb-baa8-4dd4-88bd-64072bcfbe01,e27a984d-6548-41d0-bfcd-9eb1a7cad415,4,25900000000.0,7f5b6f7e-1c2d-4a4e-9a51-3a3f1d3c0a01,,2020-05-07T08:07:00Z,2020-05-07T08:07:00Z,0,1
f48f709c-49a2-4441-8ac4-de854a5b1aff,Mahtab Pipe Works Co.,ACC-000272,100000002,3,Tehran,Iran,7412b293-4729-4739-a14f-f3d719db3ad0,0e51f30d-c6a7-4e39-84b0-32ccd7c524a5,4,33200000000.0,7f5b6f7e-1c2d-4a4e-9a51-3a3f1d3c0a01,,2022-03-05T11:13:00Z,2022-03-05T11:13:00Z,0,1
ec8be537-58ab-4778-943b-45e3b6d1f6bb,Dena Greenhouse Structures Industries,ACC-000273,100000006,3,Fars,Iran,3eabedcb-baa8-4dd4-88bd-64072bcfbe01,e27a984d-6548-41d0-bfcd-9eb1a7cad415,1,11300000000.0,7f5b6f7e-1c2d-4a4e-9a51-3a3f1d3c0a01,,2023-07-24T12:06:00Z,2023-07-24T12:06:00Z,0,1
bf519362-41a6-4fed-a7ed-c8d8713f8f8c,Arvand Sazeh Ltd.,ACC-000274,100000000,3,Tehran,Iran,7412b293-4729-4739-a14f-f3d719db3ad0,0e51f30d-c6a7-4e39-84b0-32ccd7c524a5,4,13200000000.0,7f5b6f7e-1c2d-4a4e-9a51-3a3f1d3c0a01,,2022-10-30T08:16:00Z,2022-10-30T08:16:00Z,0,1
d3f4a49b-33ba-4a88-b6c7-d6fa7aa4f052,Bamdad Builders Industries,ACC-000275,100000000,3,Tehran,Iran,7412b293-4729-4739-a14f-f3d719db3ad0,5304317f-af42-412f-b838-b3268e944239,1,17000000000.0,7f5b6f7e-1c2d-4a4e-9a51-3a3f1d3c0a01,,2023-12-28T09:26:00Z,2023-12-28T09:26:00Z,0,1
8fe069b6-eeda-4802-8568-f42689e03e22,Pouya Dam & Water Works Industries,ACC-000276,100000005,3,Fars,Iran,3eabedcb-baa8-4dd4-88bd-64072bcfbe01,e27a984d-6548-41d0-bfcd-9eb1a7cad415,100000001,129200000000.0,7f5b6f7e-1c2d-4a4e-9a51-3a3f1d3c0a01,,2021-08-02T05:51:00Z,2021-08-02T05:51:00Z,0,1
1bf645f6-2324-4211-8588-fc1bb2384849,Orang Abadgaran Co.,ACC-000277,100000000,3,Hormozgan,Iran,3eabedcb-baa8-4dd4-88bd-64072bcfbe01,e27a984d-6548-41d0-bfcd-9eb1a7cad415,1,19800000000.0,7f5b6f7e-1c2d-4a4e-9a51-3a3f1d3c0a01,,2022-07-09T09:07:00Z,2022-07-09T09:07:00Z,0,1
3d4196fe-963a-4617-bdab-07e79d9d028e,Navid Loleh Sazi Co.,ACC-000278,100000002,3,Isfahan,Iran,29a3b2e9-5d65-4441-9588-42dea2bc372f,10f1bc81-448a-4a9e-a6b2-bc5b50c187fc,1,43400000000.0,7f5b6f7e-1c2d-4a4e-9a51-3a3f1d3c0a01,,2021-01-23T04:36:00Z,2021-01-23T04:36:00Z,0,1
e7ba26ac-ab7a-4d1c-8cfe-f6833e11bafe,Pouya Greenhouse Structures Group,ACC-000279,100000006,3,Tehran,Iran,7412b293-4729-4739-a14f-f3d719db3ad0,5304317f-af42-412f-b838-b3268e944239,100000000,17300000000.0,7f5b6f7e-1c2d-4a4e-9a51-3a3f1d3c0a01,,2023-11-08T07:52:00Z,2023-11-08T07:52:00Z,0,1
3b9b2d45-a350-45e4-b9c5-9df987f255d6,Farazan Golkhaneh Sazan Ltd.,ACC-000280,100000006,3,Tehran,Iran,7412b293-4729-4739-a14f-f3d719db3ad0,5304317f-af42-412f-b838-b3268e944239,100000000,11400000000.0,7f5b6f7e-1c2d-4a4e-9a51-3a3f1d3c0a01,,2019-12-17T10:17:00Z,2019-12-17T10:17:00Z,0,1
548e1f6b-69ce-4e4e-99a6-92c90d700ea4,Fardis Auto Parts Mfg.,ACC-000281,100000003,3,East Azerbaijan,Iran,aefcfad8-efc8-4849-b3aa-7efe4458a885,beb79919-3f22-4af8-a3be-d01d43cf2fde,4,22500000000.0,7f5b6f7e-1c2d-4a4e-9a51-3a3f1d3c0a01,,2023-10-12T04:46:00Z,2023-10-12T04:46:00Z,0,1
ae62990c-19bd-4f93-b8ef-7666b7a4c719,Sepehr Omran Ltd.,ACC-000282,100000000,3,Khorasan Razavi,Iran,ab9099a4-35a2-40ae-9af3-05535ec42e08,24933b83-7577-40a9-a491-f0b2ea1fca65,4,16300000000.0,7f5b6f7e-1c2d-4a4e-9a51-3a3f1d3c0a01,,2022-06-08T08:47:00Z,2022-06-08T08:47:00Z,0,1
f6eab3a0-0153-4221-a331-0a28c550eca8,Zarrin Foolad Trading Co.,ACC-000283,100000004,3,Isfahan,Iran,29a3b2e9-5d65-4441-9588-42dea2bc372f,10f1bc81-448a-4a9e-a6b2-bc5b50c187fc,100000000,55700000000.0,7f5b6f7e-1c2d-4a4e-9a51-3a3f1d3c0a01,,2022-08-13T11:15:00Z,2022-08-13T11:15:00Z,0,1
286ed390-edd9-4a1a-ba58-5b278ce3e7c3,Raman Omran Co.,ACC-000284,100000000,3,Tehran,Iran,7412b293-4729-4739-a14f-f3d719db3ad0,5304317f-af42-412f-b838-b3268e944239,1,16500000000.0,7f5b6f7e-1c2d-4a4e-9a51-3a3f1d3c0a01,,2020-11-07T12:01:00Z,2020-11-07T12:01:00Z,0,1
e1721c83-ef5e-4376-a723-fb72682b163a,Zarrin Eskelet Felezi Industries,ACC-000285,100000001,3,Khuzestan,Iran,a28defe3-9bf0-4273-9247-6f57a5e5a5ab,366eb16f-508e-4ad7-b7c9-3acfe059a0ee,4,11100000000.0,7f5b6f7e-1c2d-4a4e-9a51-3a3f1d3c0a01,,2020-05-31T08:33:00Z,2020-05-31T08:33:00Z,0,1
a689b424-7a3a-40e1-b9c7-73a0e0decc3d,Helia Builders Co.,ACC-000286,100000000,3,Mazandaran,Iran,7412b293-4729-4739-a14f-f3d719db3ad0,0e51f30d-c6a7-4e39-84b0-32ccd7c524a5,4,17900000000.0,7f5b6f7e-1c2d-4a4e-9a51-3a3f1d3c0a01,,2020-01-14T11:05:00Z,2020-01-14T11:05:00Z,0,1
4988e418-f6c3-4218-8183-6315330f8be1,Pishgam Iron & Steel Supply Co.,ACC-000287,100000004,3,Tehran,Iran,7412b293-4729-4739-a14f-f3d719db3ad0,ce177b4e-0837-48a3-9261-a7ab3aa2e4f9,100000000,71500000000.0,7f5b6f7e-1c2d-4a4e-9a51-3a3f1d3c0a01,,2021-06-21T09:12:00Z,2021-06-21T09:12:00Z,0,1
0f25477d-a559-40e7-8910-fade52380bf2,Mehr Dam & Water Works Industries,ACC-000288,100000005,3,Khuzestan,Iran,a28defe3-9bf0-4273-9247-6f57a5e5a5ab,366eb16f-508e-4ad7-b7c9-3acfe059a0ee,100000001,57600000000.0,7f5b6f7e-1c2d-4a4e-9a51-3a3f1d3c0a01,,2019-09-03T07:39:00Z,2019-09-03T07:39:00Z,0,1
a6fd0cb1-16e6-45c0-84cb-294fe86e8e63,Arman Rail & Road Projects Ltd.,ACC-000289,100000005,3,Khuzestan,Iran,a28defe3-9bf0-4273-9247-6f57a5e5a5ab,366eb16f-508e-4ad7-b7c9-3acfe059a0ee,100000001,191000000000.0,7f5b6f7e-1c2d-4a4e-9a51-3a3f1d3c0a01,,2020-10-08T07:11:00Z,2020-10-08T07:11:00Z,0,1
bd1a8f4b-88ff-4d40-bb72-c86d92fa675f,Raman Golkhaneh Sazan Group,ACC-000290,100000006,3,Khorasan Razavi,Iran,ab9099a4-35a2-40ae-9af3-05535ec42e08,24933b83-7577-40a9-a491-f0b2ea1fca65,100000000,9400000000.0,7f5b6f7e-1c2d-4a4e-9a51-3a3f1d3c0a01,,2021-03-03T06:33:00Z,2021-03-03T06:33:00Z,0,1
098c60b3-efc9-409e-99af-6e09b91e3d6e,Hamoon Builders Industries,ACC-000291,100000000,3,Isfahan,Iran,29a3b2e9-5d65-4441-9588-42dea2bc372f,10f1bc81-448a-4a9e-a6b2-bc5b50c187fc,4,15000000000.0,7f5b6f7e-1c2d-4a4e-9a51-3a3f1d3c0a01,,2021-02-15T10:31:00Z,2021-02-15T10:31:00Z,0,1
6afa828c-2cd1-4b9f-abe5-841fe9c96c52,Iman Builders Industries,ACC-000292,100000000,3,Khuzestan,Iran,a28defe3-9bf0-4273-9247-6f57a5e5a5ab,366eb16f-508e-4ad7-b7c9-3acfe059a0ee,100000000,19400000000.0,7f5b6f7e-1c2d-4a4e-9a51-3a3f1d3c0a01,,2022-01-08T06:40:00Z,2022-01-08T06:40:00Z,0,1
ef158d5b-2d00-4d05-966d-4627e1dace6a,Elham Urban Infrastructure Co.,ACC-000293,100000005,3,Tehran,Iran,7412b293-4729-4739-a14f-f3d719db3ad0,5304317f-af42-412f-b838-b3268e944239,100000001,89600000000.0,7f5b6f7e-1c2d-4a4e-9a51-3a3f1d3c0a01,,2024-05-18T09:40:00Z,2024-05-18T09:40:00Z,0,1
d61169a1-ff46-46bf-894d-916deb6d2fed,Yekta Eskelet Felezi Ltd.,ACC-000294,100000001,3,Khuzestan,Iran,a28defe3-9bf0-4273-9247-6f57a5e5a5ab,366eb16f-508e-4ad7-b7c9-3acfe059a0ee,1,7700000000.0,7f5b6f7e-1c2d-4a4e-9a51-3a3f1d3c0a01,,2019-10-01T13:26:00Z,2019-10-01T13:26:00Z,0,1
2fb21e66-7ed1-4aab-89b7-c9bc65a16fa9,Shahab Sakhteman Ltd.,ACC-000295,100000000,3,Khuzestan,Iran,a28defe3-9bf0-4273-9247-6f57a5e5a5ab,366eb16f-508e-4ad7-b7c9-3acfe059a0ee,1,14600000000.0,7f5b6f7e-1c2d-4a4e-9a51-3a3f1d3c0a01,,2022-02-06T05:27:00Z,2022-02-06T05:27:00Z,0,1
df4e713e-f64e-4dfc-bfbe-ac7aefc59738,Bamdad Housing Development Ltd.,ACC-000296,100000005,3,Tehran,Iran,7412b293-4729-4739-a14f-f3d719db3ad0,ce177b4e-0837-48a3-9261-a7ab3aa2e4f9,100000001,97200000000.0,7f5b6f7e-1c2d-4a4e-9a51-3a3f1d3c0a01,,2020-08-23T09:34:00Z,2020-08-23T09:34:00Z,0,1
0997623a-e072-4d96-8a1a-81f5ed10f004,Orang Pipe & Profile Industries,ACC-000297,100000002,3,Khorasan Razavi,Iran,ab9099a4-35a2-40ae-9af3-05535ec42e08,24933b83-7577-40a9-a491-f0b2ea1fca65,4,71400000000.0,7f5b6f7e-1c2d-4a4e-9a51-3a3f1d3c0a01,,2020-11-03T08:05:00Z,2020-11-03T08:05:00Z,0,1
9a4ffc0c-9165-42ed-8c63-6e95025f5543,Tina Steel Depot Co.,ACC-000298,100000004,3,Khuzestan,Iran,a28defe3-9bf0-4273-9247-6f57a5e5a5ab,366eb16f-508e-4ad7-b7c9-3acfe059a0ee,100000000,56800000000.0,7f5b6f7e-1c2d-4a4e-9a51-3a3f1d3c0a01,,2023-07-04T05:05:00Z,2023-07-04T05:05:00Z,0,1
55c551fc-fba5-4cc8-adaf-37661b780ede,Omid Builders Group,ACC-000299,100000000,3,East Azerbaijan,Iran,aefcfad8-efc8-4849-b3aa-7efe4458a885,beb79919-3f22-4af8-a3be-d01d43cf2fde,100000000,19600000000.0,7f5b6f7e-1c2d-4a4e-9a51-3a3f1d3c0a01,,2023-05-02T11:09:00Z,2023-05-02T11:09:00Z,0,1
a42d0cd7-fd35-4f6a-b450-388748d90846,Sadaf Golkhaneh Sazan Co.,ACC-000300,100000006,3,Fars,Iran,3eabedcb-baa8-4dd4-88bd-64072bcfbe01,e27a984d-6548-41d0-bfcd-9eb1a7cad415,100000000,7100000000.0,7f5b6f7e-1c2d-4a4e-9a51-3a3f1d3c0a01,,2024-02-28T05:02:00Z,2024-02-28T05:02:00Z,0,1
e3a68a70-7e71-4b55-8639-bd418b15bd94,Javid Rail & Road Projects Ltd.,ACC-000301,100000005,3,East Azerbaijan,Iran,aefcfad8-efc8-4849-b3aa-7efe4458a885,beb79919-3f22-4af8-a3be-d01d43cf2fde,100000001,85800000000.0,7f5b6f7e-1c2d-4a4e-9a51-3a3f1d3c0a01,,2024-02-19T08:02:00Z,2024-02-19T08:02:00Z,0,1
811414f8-d9df-4d0e-a25a-ed6cf0458043,Ilia Dam & Water Works Co.,ACC-000302,100000005,3,Tehran,Iran,7412b293-4729-4739-a14f-f3d719db3ad0,ce177b4e-0837-48a3-9261-a7ab3aa2e4f9,100000001,82900000000.0,7f5b6f7e-1c2d-4a4e-9a51-3a3f1d3c0a01,,2023-06-24T04:41:00Z,2023-06-24T04:41:00Z,0,1
cf0e6d2b-315c-467a-85d8-a6ad77d0359e,Ofogh Construction Group,ACC-000303,100000000,3,Fars,Iran,3eabedcb-baa8-4dd4-88bd-64072bcfbe01,e27a984d-6548-41d0-bfcd-9eb1a7cad415,100000000,22000000000.0,7f5b6f7e-1c2d-4a4e-9a51-3a3f1d3c0a01,,2020-12-01T06:44:00Z,2020-12-01T06:44:00Z,0,1
bb2aa146-2999-494c-94a7-b69b1cd66b09,Diba Tube Mills Industries,ACC-000304,100000002,3,Khuzestan,Iran,a28defe3-9bf0-4273-9247-6f57a5e5a5ab,366eb16f-508e-4ad7-b7c9-3acfe059a0ee,1,35400000000.0,7f5b6f7e-1c2d-4a4e-9a51-3a3f1d3c0a01,,2024-05-15T08:18:00Z,2024-05-15T08:18:00Z,0,1
b7f60cdf-41dc-4c60-a5f6-0735757b6b29,Iman Ahan Forooshi Co.,ACC-000305,100000004,3,Tehran,Iran,7412b293-4729-4739-a14f-f3d719db3ad0,ce177b4e-0837-48a3-9261-a7ab3aa2e4f9,1,76400000000.0,7f5b6f7e-1c2d-4a4e-9a51-3a3f1d3c0a01,,2020-09-07T11:10:00Z,2020-09-07T11:10:00Z,0,1
564cfbd2-bc92-4d81-839b-058c2faabe0b,Farazan Omran Group,ACC-000306,100000000,3,Isfahan,Iran,29a3b2e9-5d65-4441-9588-42dea2bc372f,10f1bc81-448a-4a9e-a6b2-bc5b50c187fc,100000000,23900000000.0,7f5b6f7e-1c2d-4a4e-9a51-3a3f1d3c0a01,,2020-11-28T04:48:00Z,2020-11-28T04:48:00Z,0,1
aca58d95-915a-4c30-8b86-b5a1ca6fbff8,Rayan Iron & Steel Supply Industries,ACC-000307,100000004,3,Tehran,Iran,7412b293-4729-4739-a14f-f3d719db3ad0,b02b61c4-a3d7-4628-ace6-6fa2fd5166e6,100000000,63000000000.0,7f5b6f7e-1c2d-4a4e-9a51-3a3f1d3c0a01,,2022-12-13T13:24:00Z,2022-12-13T13:24:00Z,0,1
9c678393-2ced-4c0d-b173-04b5c1dd484a,Sabalan Builders Co.,ACC-000308,100000000,3,Tehran,Iran,7412b293-4729-4739-a14f-f3d719db3ad0,5304317f-af42-412f-b838-b3268e944239,4,19600000000.0,7f5b6f7e-1c2d-4a4e-9a51-3a3f1d3c0a01,,2020-06-11T11:26:00Z,2020-06-11T11:26:00Z,0,1
67ce378f-e5a4-483b-a383-889adb2c6ac8,Ofogh Housing Development Group,ACC-000309,100000005,3,East Azerbaijan,Iran,aefcfad8-efc8-4849-b3aa-7efe4458a885,beb79919-3f22-4af8-a3be-d01d43cf2fde,100000001,137700000000.0,7f5b6f7e-1c2d-4a4e-9a51-3a3f1d3c0a01,,2019-10-26T08:09:00Z,2019-10-26T08:09:00Z,0,1
53f30073-83e9-4ef4-ad7d-f5d0d3b59af7,Iranmehr Omran Group,ACC-000310,100000000,3,Alborz,Iran,7412b293-4729-4739-a14f-f3d719db3ad0,b02b61c4-a3d7-4628-ace6-6fa2fd5166e6,4,18800000000.0,7f5b6f7e-1c2d-4a4e-9a51-3a3f1d3c0a01,,2023-03-04T12:46:00Z,2023-03-04T12:46:00Z,0,1
186b2880-ab54-4a15-a69d-01ff1634725b,Zagros Golkhaneh Sazan Co.,ACC-000311,100000006,3,Tehran,Iran,7412b293-4729-4739-a14f-f3d719db3ad0,b02b61c4-a3d7-4628-ace6-6fa2fd5166e6,1,7800000000.0,7f5b6f7e-1c2d-4a4e-9a51-3a3f1d3c0a01,,2019-09-10T12:04:00Z,2019-09-10T12:04:00Z,0,1
7a3a6e96-23ff-43d3-bb4f-b88a2f4dd219,Sabalan Auto Parts Mfg.,ACC-000312,100000003,3,Isfahan,Iran,29a3b2e9-5d65-4441-9588-42dea2bc372f,10f1bc81-448a-4a9e-a6b2-bc5b50c187fc,1,17100000000.0,7f5b6f7e-1c2d-4a4e-9a51-3a3f1d3c0a01,,2022-06-05T07:41:00Z,2022-06-05T07:41:00Z,0,1
01bf9e73-3f80-4385-af92-40b652d78f10,Pouya Eskelet Felezi Industries,ACC-000313,100000001,3,Tehran,Iran,7412b293-4729-4739-a14f-f3d719db3ad0,0e51f30d-c6a7-4e39-84b0-32ccd7c524a5,1,10900000000.0,7f5b6f7e-1c2d-4a4e-9a51-3a3f1d3c0a01,,2019-11-17T10:14:00Z,2019-11-17T10:14:00Z,0,1
725d4259-3c4b-4eec-a231-ee7342c2d2eb,Tina Ahan Forooshi Co.,ACC-000314,100000004,3,Tehran,Iran,7412b293-4729-4739-a14f-f3d719db3ad0,b02b61c4-a3d7-4628-ace6-6fa2fd5166e6,1,59500000000.0,7f5b6f7e-1c2d-4a4e-9a51-3a3f1d3c0a01,,2021-09-07T07:58:00Z,2021-09-07T07:58:00Z,0,1
546252e7-f43b-4052-8459-bd6ec0f63229,Aban Steel Trading Group,ACC-000315,100000004,3,Khuzestan,Iran,a28defe3-9bf0-4273-9247-6f57a5e5a5ab,366eb16f-508e-4ad7-b7c9-3acfe059a0ee,1,75300000000.0,7f5b6f7e-1c2d-4a4e-9a51-3a3f1d3c0a01,,2023-09-02T07:40:00Z,2023-09-02T07:40:00Z,0,1
92a81713-b90e-444b-951c-25d54d4c5280,Darya Contracting Co.,ACC-000316,100000000,3,Alborz,Iran,7412b293-4729-4739-a14f-f3d719db3ad0,b02b61c4-a3d7-4628-ace6-6fa2fd5166e6,4,18900000000.0,7f5b6f7e-1c2d-4a4e-9a51-3a3f1d3c0a01,,2019-09-21T09:58:00Z,2019-09-21T09:58:00Z,0,1
5c0b9b10-a757-4b10-82f5-25b902ed73ce,Kian Steel Merchants Group,ACC-000317,100000004,3,Tehran,Iran,7412b293-4729-4739-a14f-f3d719db3ad0,ce177b4e-0837-48a3-9261-a7ab3aa2e4f9,100000000,87500000000.0,7f5b6f7e-1c2d-4a4e-9a51-3a3f1d3c0a01,,2020-03-29T06:18:00Z,2020-03-29T06:18:00Z,0,1
aaf407f7-0fe7-4149-bc7e-5368b1594847,Hoda Golkhaneh Sazan Co.,ACC-000318,100000006,3,Tehran,Iran,7412b293-4729-4739-a14f-f3d719db3ad0,0e51f30d-c6a7-4e39-84b0-32ccd7c524a5,100000000,4500000000.0,7f5b6f7e-1c2d-4a4e-9a51-3a3f1d3c0a01,,2020-09-08T08:24:00Z,2020-09-08T08:24:00Z,0,1
28e333b6-4e8a-4c4b-b724-20411e43fbd2,Behsaz Pipe Works Co.,ACC-000319,100000002,3,Tehran,Iran,7412b293-4729-4739-a14f-f3d719db3ad0,0e51f30d-c6a7-4e39-84b0-32ccd7c524a5,4,53400000000.0,7f5b6f7e-1c2d-4a4e-9a51-3a3f1d3c0a01,,2024-01-22T11:09:00Z,2024-01-22T11:09:00Z,0,1
ec50ace4-80a5-4e65-afa2-855967c96204,Mahtab Ahan Forooshi Industries,ACC-000320,100000004,3,East Azerbaijan,Iran,aefcfad8-efc8-4849-b3aa-7efe4458a885,beb79919-3f22-4af8-a3be-d01d43cf2fde,100000000,150900000000.0,7f5b6f7e-1c2d-4a4e-9a51-3a3f1d3c0a01,,2022-02-23T08:39:00Z,2022-02-23T08:39:00Z,0,1
1139fa12-34c1-43ea-bd9c-4e6404015ced,Diba Housing Development Group,ACC-000321,100000005,8,Fars,Iran,3eabedcb-baa8-4dd4-88bd-64072bcfbe01,e27a984d-6548-41d0-bfcd-9eb1a7cad415,100000001,145200000000.0,7f5b6f7e-1c2d-4a4e-9a51-3a3f1d3c0a01,083f64c3-1ce3-42f8-83f7-25feb99b2b5a,2024-10-27T04:36:00Z,2024-10-27T04:36:00Z,0,1
73253aa3-ec17-4298-943d-f5b3a58e83dd,Rahyab Eskelet Felezi Ltd.,ACC-000322,100000001,3,Hormozgan,Iran,3eabedcb-baa8-4dd4-88bd-64072bcfbe01,e27a984d-6548-41d0-bfcd-9eb1a7cad415,100000000,24700000000.0,7f5b6f7e-1c2d-4a4e-9a51-3a3f1d3c0a01,0ec0713d-ea2c-4a51-b688-d11fce4758be,2024-10-27T04:42:00Z,2024-10-27T04:42:00Z,0,1
3ee82983-d557-4241-91dd-b9bf613d2de9,Hirad Eskelet Felezi Ltd.,ACC-000323,100000001,3,Tehran,Iran,7412b293-4729-4739-a14f-f3d719db3ad0,b02b61c4-a3d7-4628-ace6-6fa2fd5166e6,1,19100000000.0,7f5b6f7e-1c2d-4a4e-9a51-3a3f1d3c0a01,95831d58-ef4c-4119-8da5-d39b42c21797,2024-10-26T07:41:00Z,2024-10-26T07:41:00Z,0,1
49646b96-fa3c-4628-8926-21df465568b7,Tous Omran Group,ACC-000324,100000000,8,Isfahan,Iran,29a3b2e9-5d65-4441-9588-42dea2bc372f,9132b63e-f162-47e4-a9c3-49e03602f8ac,4,24900000000.0,7f5b6f7e-1c2d-4a4e-9a51-3a3f1d3c0a01,694d7b00-8d38-4327-883f-13c601b158e9,2024-10-27T08:49:00Z,2024-10-27T08:49:00Z,0,1
409e7a80-86c5-41d6-9ea9-f50831227592,Dena Omran Group,ACC-000325,100000000,8,Fars,Iran,3eabedcb-baa8-4dd4-88bd-64072bcfbe01,e27a984d-6548-41d0-bfcd-9eb1a7cad415,1,26300000000.0,7f5b6f7e-1c2d-4a4e-9a51-3a3f1d3c0a01,f090f5a0-ce61-4199-ae3a-0ba8ac8d6c7d,2024-10-26T05:47:00Z,2024-10-26T05:47:00Z,0,1
f94d8fcb-dba3-496f-ba32-3f6990dbfad6,Arya Pipe Works Ltd.,ACC-000326,100000002,8,Tehran,Iran,7412b293-4729-4739-a14f-f3d719db3ad0,0e51f30d-c6a7-4e39-84b0-32ccd7c524a5,4,46400000000.0,7f5b6f7e-1c2d-4a4e-9a51-3a3f1d3c0a01,79db7862-8d7d-4772-a08e-2f5c61177270,2024-10-30T06:11:00Z,2024-10-30T06:11:00Z,0,1
614c721d-a921-4b4c-95fb-e976ae007b7e,Mehr Housing Development Group,ACC-000327,100000005,3,Alborz,Iran,7412b293-4729-4739-a14f-f3d719db3ad0,ce177b4e-0837-48a3-9261-a7ab3aa2e4f9,100000001,96400000000.0,7f5b6f7e-1c2d-4a4e-9a51-3a3f1d3c0a01,a255e1bb-0795-4c1f-938d-6b8cc607b1e9,2024-10-29T07:15:00Z,2024-10-29T07:15:00Z,0,1
16591c89-21eb-4aa9-9a2b-d69c450f69ee,Orang Builders Group,ACC-000328,100000000,3,Khorasan Razavi,Iran,ab9099a4-35a2-40ae-9af3-05535ec42e08,24933b83-7577-40a9-a491-f0b2ea1fca65,4,15400000000.0,7f5b6f7e-1c2d-4a4e-9a51-3a3f1d3c0a01,277eb0aa-a247-441d-88ad-0899b630794d,2024-10-24T09:03:00Z,2024-10-24T09:03:00Z,0,1
af70de70-2b69-495e-8567-1b58926bffa5,Tarava Abadgaran Ltd.,ACC-000329,100000000,3,Khorasan Razavi,Iran,ab9099a4-35a2-40ae-9af3-05535ec42e08,24933b83-7577-40a9-a491-f0b2ea1fca65,100000000,33300000000.0,7f5b6f7e-1c2d-4a4e-9a51-3a3f1d3c0a01,8f3dc97f-e6b0-4a0a-b98f-5dbe15aede0f,2024-10-27T12:23:00Z,2024-10-27T12:23:00Z,0,1
902f3465-0b57-4720-9cd8-758ba5a1c825,Atlas Fabrication Works Group,ACC-000330,100000001,8,Isfahan,Iran,29a3b2e9-5d65-4441-9588-42dea2bc372f,9132b63e-f162-47e4-a9c3-49e03602f8ac,100000000,28000000000.0,7f5b6f7e-1c2d-4a4e-9a51-3a3f1d3c0a01,cff2b1c4-e53f-4644-b39e-4df25c0a1feb,2024-10-22T10:51:00Z,2024-10-22T10:51:00Z,0,1
57d337d3-4fd8-4bbb-992c-11072444d301,Tirdad Dam & Water Works Industries,ACC-000331,100000005,8,Khuzestan,Iran,a28defe3-9bf0-4273-9247-6f57a5e5a5ab,366eb16f-508e-4ad7-b7c9-3acfe059a0ee,4,123900000000.0,7f5b6f7e-1c2d-4a4e-9a51-3a3f1d3c0a01,4ba17233-1ac3-4f31-bb96-e2d10649bcf6,2024-10-27T09:32:00Z,2024-10-27T09:32:00Z,0,1
54bbbcf8-28fe-4761-8d49-fe3f2ca8f783,Arvand Builders Ltd.,ACC-000332,100000000,8,Tehran,Iran,7412b293-4729-4739-a14f-f3d719db3ad0,b02b61c4-a3d7-4628-ace6-6fa2fd5166e6,100000000,12400000000.0,7f5b6f7e-1c2d-4a4e-9a51-3a3f1d3c0a01,05c8234b-1d76-4a66-b5f5-9cb0cf685878,2024-10-26T09:42:00Z,2024-10-26T09:42:00Z,0,1
7317591a-3283-4aa4-a212-ab7c9d361cb6,Rastin Sakhteman Ltd.,ACC-000333,100000000,3,Khuzestan,Iran,a28defe3-9bf0-4273-9247-6f57a5e5a5ab,366eb16f-508e-4ad7-b7c9-3acfe059a0ee,1,20100000000.0,7f5b6f7e-1c2d-4a4e-9a51-3a3f1d3c0a01,a84554c3-a3f6-4c61-afb7-0dab2f383b43,2024-10-24T10:56:00Z,2024-10-24T10:56:00Z,0,1
7d4ed26e-dcd5-4fae-abb3-16a743299780,Tirdad Eskelet Felezi Industries,ACC-000334,100000001,8,East Azerbaijan,Iran,aefcfad8-efc8-4849-b3aa-7efe4458a885,beb79919-3f22-4af8-a3be-d01d43cf2fde,1,24000000000.0,7f5b6f7e-1c2d-4a4e-9a51-3a3f1d3c0a01,5da49cb9-2fdc-4992-8971-8eeadf3a098a,2024-10-27T11:53:00Z,2024-10-27T11:53:00Z,0,1
502cf0ee-224a-46a6-ac0f-680115b24e1d,Tirdad Auto Parts Mfg.,ACC-000335,100000003,3,Khorasan Razavi,Iran,ab9099a4-35a2-40ae-9af3-05535ec42e08,24933b83-7577-40a9-a491-f0b2ea1fca65,4,16100000000.0,7f5b6f7e-1c2d-4a4e-9a51-3a3f1d3c0a01,2c2ac34b-9e0b-4b01-b536-59efd873dad9,2024-10-26T07:08:00Z,2024-10-26T07:08:00Z,0,1
31f3f0c0-22f3-4068-bc0f-549d02740f73,Alvand Agri-Steel Ltd.,ACC-000336,100000006,8,East Azerbaijan,Iran,aefcfad8-efc8-4849-b3aa-7efe4458a885,beb79919-3f22-4af8-a3be-d01d43cf2fde,100000000,6600000000.0,7f5b6f7e-1c2d-4a4e-9a51-3a3f1d3c0a01,2fe5b140-23ea-4956-89f1-137d7d592e19,2024-10-27T11:41:00Z,2024-10-27T11:41:00Z,0,1
37f25d36-8bdd-4ee3-b0fd-6672b80f16c5,Sabalan Abadgaran Ltd.,ACC-000337,100000000,8,Isfahan,Iran,29a3b2e9-5d65-4441-9588-42dea2bc372f,9132b63e-f162-47e4-a9c3-49e03602f8ac,1,15600000000.0,7f5b6f7e-1c2d-4a4e-9a51-3a3f1d3c0a01,929d6377-1cfb-455f-82c4-2e488cbadae5,2024-10-23T05:33:00Z,2024-10-23T05:33:00Z,0,1
216e9fe5-93f3-4596-8c1c-8b0556771f36,Pishgam Builders Industries,ACC-000338,100000000,8,East Azerbaijan,Iran,aefcfad8-efc8-4849-b3aa-7efe4458a885,beb79919-3f22-4af8-a3be-d01d43cf2fde,100000000,15600000000.0,7f5b6f7e-1c2d-4a4e-9a51-3a3f1d3c0a01,cbb18c79-1036-408d-99a0-90075bb47c18,2024-10-30T08:55:00Z,2024-10-30T08:55:00Z,0,1
042b03ca-75a7-4686-9632-1d31c8acffcf,Kian Builders Group,ACC-000339,100000000,8,Mazandaran,Iran,7412b293-4729-4739-a14f-f3d719db3ad0,0e51f30d-c6a7-4e39-84b0-32ccd7c524a5,1,22700000000.0,7f5b6f7e-1c2d-4a4e-9a51-3a3f1d3c0a01,c3231466-aebb-490e-a4e7-51de57ff51d9,2024-10-26T08:36:00Z,2024-10-26T08:36:00Z,0,1
17e52113-4626-43be-a068-8849eec71a30,Darya Construction Group,ACC-000340,100000000,3,Mazandaran,Iran,7412b293-4729-4739-a14f-f3d719db3ad0,5304317f-af42-412f-b838-b3268e944239,1,27200000000.0,7f5b6f7e-1c2d-4a4e-9a51-3a3f1d3c0a01,fee5ce69-33cb-402e-ad84-414df54191ea,2024-10-26T07:26:00Z,2024-10-26T07:26:00Z,0,1
1a6b6a7d-1a38-4ad6-8e53-2ffdbb134f02,Nima Fabrication Works Group,ACC-000341,100000001,8,Khuzestan,Iran,a28defe3-9bf0-4273-9247-6f57a5e5a5ab,366eb16f-508e-4ad7-b7c9-3acfe059a0ee,100000000,9200000000.0,7f5b6f7e-1c2d-4a4e-9a51-3a3f1d3c0a01,57f479b5-b212-46ee-8210-63710260a123,2024-10-27T05:15:00Z,2024-10-27T05:15:00Z,0,1
9c3de1b0-022b-4683-9033-da6587cf63fd,Hamoon Contracting Co.,ACC-000342,100000000,3,East Azerbaijan,Iran,aefcfad8-efc8-4849-b3aa-7efe4458a885,beb79919-3f22-4af8-a3be-d01d43cf2fde,4,15000000000.0,7f5b6f7e-1c2d-4a4e-9a51-3a3f1d3c0a01,a43e558c-2215-4f00-9fdf-0e05c0cef31b,2024-10-27T09:34:00Z,2024-10-27T09:34:00Z,0,1
3f6eed9d-23cb-4943-8a84-000350834fef,Tina Tube Mills Ltd.,ACC-000343,100000002,8,Tehran,Iran,7412b293-4729-4739-a14f-f3d719db3ad0,0e51f30d-c6a7-4e39-84b0-32ccd7c524a5,1,62400000000.0,7f5b6f7e-1c2d-4a4e-9a51-3a3f1d3c0a01,bae1e137-96ee-40e5-9f87-3b46c0a0473a,2024-10-31T10:57:00Z,2024-10-31T10:57:00Z,0,1
965d744f-0445-41a8-92af-97e4c536c66e,Aban Sazeh Co.,ACC-000344,100000000,3,Alborz,Iran,7412b293-4729-4739-a14f-f3d719db3ad0,5304317f-af42-412f-b838-b3268e944239,1,17200000000.0,7f5b6f7e-1c2d-4a4e-9a51-3a3f1d3c0a01,6bbdb66f-9181-4091-96c6-f45cdc5e4e78,2024-10-26T11:38:00Z,2024-10-26T11:38:00Z,0,1
89a3c811-895c-4fde-a3fa-40691519fd38,Zarrin Auto Parts Mfg.,ACC-000345,100000003,3,Tehran,Iran,7412b293-4729-4739-a14f-f3d719db3ad0,b02b61c4-a3d7-4628-ace6-6fa2fd5166e6,100000001,18700000000.0,7f5b6f7e-1c2d-4a4e-9a51-3a3f1d3c0a01,495743a2-81b1-4b80-a5e1-b0f5ca0ee8c4,2024-10-26T04:49:00Z,2024-10-26T04:49:00Z,0,1
3e9639ba-0ed2-4c9d-bd17-5712d8b22277,Helia Metal Center Group,ACC-000346,100000004,8,Hormozgan,Iran,3eabedcb-baa8-4dd4-88bd-64072bcfbe01,e27a984d-6548-41d0-bfcd-9eb1a7cad415,100000000,66500000000.0,7f5b6f7e-1c2d-4a4e-9a51-3a3f1d3c0a01,4f67448e-10ec-4b1f-a4a5-c736ae59aa52,2024-10-31T04:39:00Z,2024-10-31T04:39:00Z,0,1
02e7df89-b395-4a98-a320-4ff5b538f96c,Diba Golkhaneh Sazan Co.,ACC-000347,100000006,8,Isfahan,Iran,29a3b2e9-5d65-4441-9588-42dea2bc372f,9132b63e-f162-47e4-a9c3-49e03602f8ac,1,3100000000.0,7f5b6f7e-1c2d-4a4e-9a51-3a3f1d3c0a01,0e165b12-9bdc-40d1-9cbf-7b8c74102d5d,2024-10-27T09:28:00Z,2024-10-27T09:28:00Z,0,1
55c34853-0783-443c-a65f-ad87c57c7498,Tina Steel Depot Ltd.,ACC-000348,100000004,8,Isfahan,Iran,29a3b2e9-5d65-4441-9588-42dea2bc372f,9132b63e-f162-47e4-a9c3-49e03602f8ac,100000000,63600000000.0,7f5b6f7e-1c2d-4a4e-9a51-3a3f1d3c0a01,df9b141e-c7f7-4da1-bff1-5840207e863f,2024-10-28T10:10:00Z,2024-10-28T10:10:00Z,0,1
c6a07656-c5c9-4b91-bf6e-f9ed7e4ce29f,Laleh Contracting Group,ACC-000349,100000000,3,Khorasan Razavi,Iran,ab9099a4-35a2-40ae-9af3-05535ec42e08,24933b83-7577-40a9-a491-f0b2ea1fca65,1,22300000000.0,7f5b6f7e-1c2d-4a4e-9a51-3a3f1d3c0a01,5e717fca-020a-4497-b4ed-51458d9765c7,2024-10-23T10:23:00Z,2024-10-23T10:23:00Z,0,1
bcf2fc3b-d958-44c2-a053-8c1ba84510a1,Borna Pipe Works Ltd.,ACC-000350,100000002,3,Fars,Iran,3eabedcb-baa8-4dd4-88bd-64072bcfbe01,e27a984d-6548-41d0-bfcd-9eb1a7cad415,4,29100000000.0,7f5b6f7e-1c2d-4a4e-9a51-3a3f1d3c0a01,0274ce40-e090-46b6-b186-a5a8d6ee526b,2024-10-23T09:29:00Z,2024-10-23T09:29:00Z,0,1
73e7f042-516c-4b0a-9385-3918bc4015fa,Negin Contracting Co.,ACC-000351,100000000,3,Isfahan,Iran,29a3b2e9-5d65-4441-9588-42dea2bc372f,10f1bc81-448a-4a9e-a6b2-bc5b50c187fc,100000000,22200000000.0,7f5b6f7e-1c2d-4a4e-9a51-3a3f1d3c0a01,a995ecc3-6f5b-49a6-8ff1-c51f915cb31b,2024-10-29T06:07:00Z,2024-10-29T06:07:00Z,0,1
73b0d676-3527-45c8-8534-ca08f6f24d1c,Nima Tube Mills Co.,ACC-000352,100000002,3,Khuzestan,Iran,a28defe3-9bf0-4273-9247-6f57a5e5a5ab,366eb16f-508e-4ad7-b7c9-3acfe059a0ee,1,27000000000.0,7f5b6f7e-1c2d-4a4e-9a51-3a3f1d3c0a01,c5285425-c7a9-433c-a2d8-39d333e4f986,2024-10-27T04:51:00Z,2024-10-27T04:51:00Z,0,1
0fc98d2e-030f-4be9-9f17-8f9323c97a1e,Arvand Omran Co.,ACC-000353,100000000,3,Tehran,Iran,7412b293-4729-4739-a14f-f3d719db3ad0,b02b61c4-a3d7-4628-ace6-6fa2fd5166e6,1,20300000000.0,7f5b6f7e-1c2d-4a4e-9a51-3a3f1d3c0a01,8e52fc42-73c3-44a6-9ac7-26b667863fb3,2024-10-26T06:41:00Z,2024-10-26T06:41:00Z,0,1
722dce13-47a4-4c42-8665-34972fe922aa,Tina Omran Co.,ACC-000354,100000000,8,Alborz,Iran,7412b293-4729-4739-a14f-f3d719db3ad0,b02b61c4-a3d7-4628-ace6-6fa2fd5166e6,1,13700000000.0,7f5b6f7e-1c2d-4a4e-9a51-3a3f1d3c0a01,6d39da75-aee7-4ab2-a1fa-8e7a078c26ce,2024-11-02T12:00:00Z,2024-11-02T12:00:00Z,0,1
453b45fe-636c-4499-9254-aad3809cd839,Tirdad Ahan Forooshi Co.,ACC-000355,100000004,3,Khorasan Razavi,Iran,ab9099a4-35a2-40ae-9af3-05535ec42e08,24933b83-7577-40a9-a491-f0b2ea1fca65,1,86800000000.0,7f5b6f7e-1c2d-4a4e-9a51-3a3f1d3c0a01,c80c2195-8b65-44ce-bacc-99705beec570,2024-10-28T12:43:00Z,2024-10-28T12:43:00Z,0,1
bcaff931-ead1-4464-8a8e-858cd0f81063,Hirad Metals Supply Co.,ACC-000356,100000004,3,Isfahan,Iran,29a3b2e9-5d65-4441-9588-42dea2bc372f,10f1bc81-448a-4a9e-a6b2-bc5b50c187fc,1,68500000000.0,7f5b6f7e-1c2d-4a4e-9a51-3a3f1d3c0a01,5b80b8d1-8788-4fed-b8c0-4ed8fdd4ff21,2024-10-28T07:59:00Z,2024-10-28T07:59:00Z,0,1
7a5d7c82-86c5-447c-851a-00393803dcee,Espadana Contracting Ltd.,ACC-000357,100000000,3,Tehran,Iran,7412b293-4729-4739-a14f-f3d719db3ad0,0e51f30d-c6a7-4e39-84b0-32ccd7c524a5,4,19800000000.0,7f5b6f7e-1c2d-4a4e-9a51-3a3f1d3c0a01,cf767343-fced-4994-9631-c383303014d0,2024-10-26T10:11:00Z,2024-10-26T10:11:00Z,0,1
0f3f0f48-52d6-4779-9e43-79cbd8230076,Mahan Profile Sazan Ltd.,ACC-000358,100000002,8,Fars,Iran,3eabedcb-baa8-4dd4-88bd-64072bcfbe01,e27a984d-6548-41d0-bfcd-9eb1a7cad415,4,44500000000.0,7f5b6f7e-1c2d-4a4e-9a51-3a3f1d3c0a01,573bfc17-2167-435e-8e73-34f233932b6c,2024-10-23T07:39:00Z,2024-10-23T07:39:00Z,0,1
8fddbebc-f7ff-48d4-b509-f08a2c988bca,Saba Agri-Steel Ltd.,ACC-000359,100000006,3,Alborz,Iran,7412b293-4729-4739-a14f-f3d719db3ad0,5304317f-af42-412f-b838-b3268e944239,100000000,5300000000.0,7f5b6f7e-1c2d-4a4e-9a51-3a3f1d3c0a01,52961fb3-4d40-4b28-9628-ddcd19dd3e8c,2024-10-27T12:03:00Z,2024-10-27T12:03:00Z,0,1
a3bfe403-388c-4751-9c83-79aef7b02805,Ofogh Iron & Steel Supply Co.,ACC-000360,100000004,8,Khorasan Razavi,Iran,ab9099a4-35a2-40ae-9af3-05535ec42e08,24933b83-7577-40a9-a491-f0b2ea1fca65,1,52400000000.0,7f5b6f7e-1c2d-4a4e-9a51-3a3f1d3c0a01,c55523ed-fe89-46c8-99cb-3540643ffdae,2024-10-26T07:09:00Z,2024-10-26T07:09:00Z,0,1
088dbd82-d883-43f8-8c98-03de12de9e5a,Zarrin Tube Mills Group,ACC-000361,100000002,8,Mazandaran,Iran,7412b293-4729-4739-a14f-f3d719db3ad0,0e51f30d-c6a7-4e39-84b0-32ccd7c524a5,4,70600000000.0,7f5b6f7e-1c2d-4a4e-9a51-3a3f1d3c0a01,c21c3fb3-a6a5-40ff-93fb-71d0dd326d9c,2024-10-29T12:18:00Z,2024-10-29T12:18:00Z,0,1
00fa0eb4-5c5f-48d4-8df4-07b82751ab86,Fardis Metal Center Industries,ACC-000362,100000004,3,Isfahan,Iran,29a3b2e9-5d65-4441-9588-42dea2bc372f,10f1bc81-448a-4a9e-a6b2-bc5b50c187fc,100000000,31300000000.0,7f5b6f7e-1c2d-4a4e-9a51-3a3f1d3c0a01,4c2272f3-4811-4562-a91c-f19243e8644b,2024-10-29T06:39:00Z,2024-10-29T06:39:00Z,0,1
3c53090e-e1b4-4171-929d-674d798e175f,Kavir Sabz Steel Depot Ltd.,ACC-000363,100000004,3,Tehran,Iran,7412b293-4729-4739-a14f-f3d719db3ad0,ce177b4e-0837-48a3-9261-a7ab3aa2e4f9,100000000,67200000000.0,7f5b6f7e-1c2d-4a4e-9a51-3a3f1d3c0a01,f7336094-6b2b-48b9-85c7-f3bed183010f,2024-10-26T13:20:00Z,2024-10-26T13:20:00Z,0,1
4f9a5f98-4d95-4273-8b2c-c805d1403430,Yekta Housing Development Co.,ACC-000364,100000005,8,Tehran,Iran,7412b293-4729-4739-a14f-f3d719db3ad0,ce177b4e-0837-48a3-9261-a7ab3aa2e4f9,100000001,218900000000.0,7f5b6f7e-1c2d-4a4e-9a51-3a3f1d3c0a01,e1035e1c-e3bb-42ae-a552-ac5309eda6f5,2024-10-27T05:33:00Z,2024-10-27T05:33:00Z,0,1
5fb8944d-de00-48aa-8439-6fc0c26e2706,Pouya Construction Co.,ACC-000365,100000000,8,Tehran,Iran,7412b293-4729-4739-a14f-f3d719db3ad0,0e51f30d-c6a7-4e39-84b0-32ccd7c524a5,1,26300000000.0,7f5b6f7e-1c2d-4a4e-9a51-3a3f1d3c0a01,e9d6bb7e-361d-4014-b114-56de301c8db3,2024-10-24T04:57:00Z,2024-10-24T04:57:00Z,0,1
0ec0ad4b-d644-4a9d-b362-d476d53ae57f,Sabalan Steel Structures Co.,ACC-000366,100000001,8,Hormozgan,Iran,3eabedcb-baa8-4dd4-88bd-64072bcfbe01,e27a984d-6548-41d0-bfcd-9eb1a7cad415,1,18300000000.0,7f5b6f7e-1c2d-4a4e-9a51-3a3f1d3c0a01,c7cfeca8-22b9-424c-a744-3fb881bd55d5,2024-10-27T08:40:00Z,2024-10-27T08:40:00Z,0,1
7233d5af-9813-4da1-bd21-20ad5f59fb4d,Borna Builders Ltd.,ACC-000367,100000000,3,Khorasan Razavi,Iran,ab9099a4-35a2-40ae-9af3-05535ec42e08,24933b83-7577-40a9-a491-f0b2ea1fca65,1,19300000000.0,7f5b6f7e-1c2d-4a4e-9a51-3a3f1d3c0a01,76d70561-d2d1-4ef5-9e4c-4fd1462363a9,2024-10-27T12:05:00Z,2024-10-27T12:05:00Z,0,1
f796611f-c7c1-4b1b-9d58-631b052226b9,Hamoon Profile Works Ltd.,ACC-000368,100000002,8,Isfahan,Iran,29a3b2e9-5d65-4441-9588-42dea2bc372f,9132b63e-f162-47e4-a9c3-49e03602f8ac,4,26700000000.0,7f5b6f7e-1c2d-4a4e-9a51-3a3f1d3c0a01,c7a2f280-927f-4103-9a94-08c029b44cb1,2024-10-27T13:24:00Z,2024-10-27T13:24:00Z,0,1
f76b9723-a990-4071-bfda-9a9382f29004,Elham Tube Mills Ltd.,ACC-000369,100000002,8,Isfahan,Iran,29a3b2e9-5d65-4441-9588-42dea2bc372f,10f1bc81-448a-4a9e-a6b2-bc5b50c187fc,4,62700000000.0,7f5b6f7e-1c2d-4a4e-9a51-3a3f1d3c0a01,9fa4a627-d306-48be-8548-867bad5cba24,2024-10-26T06:01:00Z,2024-10-26T06:01:00Z,0,1
f3c2944a-b60a-4dcc-a7f7-745142da8609,Hoda Eskelet Felezi Co.,ACC-000370,100000001,8,Alborz,Iran,7412b293-4729-4739-a14f-f3d719db3ad0,5304317f-af42-412f-b838-b3268e944239,1,16600000000.0,7f5b6f7e-1c2d-4a4e-9a51-3a3f1d3c0a01,485d831c-9bea-4529-9801-7a2fa5b83693,2024-11-02T11:22:00Z,2024-11-02T11:22:00Z,0,1
cfdfc6f9-eb0f-427c-a82a-3879f2b5a7ea,Persis Rail & Road Projects Co.,ACC-000371,100000005,8,East Azerbaijan,Iran,aefcfad8-efc8-4849-b3aa-7efe4458a885,beb79919-3f22-4af8-a3be-d01d43cf2fde,100000001,110000000000.0,7f5b6f7e-1c2d-4a4e-9a51-3a3f1d3c0a01,7d7c59a5-e6c1-4650-bf02-f5b057bd56c9,2024-10-26T12:50:00Z,2024-10-26T12:50:00Z,0,1
349b5089-2733-4670-b3ad-a2ba797209c0,Bamdad Construction Co.,ACC-000372,100000000,8,Tehran,Iran,7412b293-4729-4739-a14f-f3d719db3ad0,b02b61c4-a3d7-4628-ace6-6fa2fd5166e6,1,14300000000.0,7f5b6f7e-1c2d-4a4e-9a51-3a3f1d3c0a01,0c5921f8-050d-4bfe-960b-f603a750350e,2024-10-27T07:34:00Z,2024-10-27T07:34:00Z,0,1
485f7888-1e23-4a4b-9e21-741fb8011026,Nasim Steel Structures Group,ACC-000373,100000001,3,Tehran,Iran,7412b293-4729-4739-a14f-f3d719db3ad0,5304317f-af42-412f-b838-b3268e944239,1,12800000000.0,7f5b6f7e-1c2d-4a4e-9a51-3a3f1d3c0a01,19d9d0b5-a962-4996-abbe-3b5a4d15f7d8,2024-10-29T10:00:00Z,2024-10-29T10:00:00Z,0,1
8c52d271-0a16-4e18-a90e-3e894b9c22f4,Mahtab Metals Supply Ltd.,ACC-000374,100000004,3,Mazandaran,Iran,7412b293-4729-4739-a14f-f3d719db3ad0,ce177b4e-0837-48a3-9261-a7ab3aa2e4f9,100000000,58700000000.0,7f5b6f7e-1c2d-4a4e-9a51-3a3f1d3c0a01,c72850c1-3322-468b-9be7-8aec32da81f0,2024-10-28T11:41:00Z,2024-10-28T11:41:00Z,0,1
d02c75f9-198d-43a4-8cd2-0e4376dae194,Tarava Eskelet Felezi Group,ACC-000375,100000001,3,Khuzestan,Iran,a28defe3-9bf0-4273-9247-6f57a5e5a5ab,366eb16f-508e-4ad7-b7c9-3acfe059a0ee,100000000,13900000000.0,7f5b6f7e-1c2d-4a4e-9a51-3a3f1d3c0a01,13365c0c-82ff-4f2e-878f-07cf170fa87b,2024-10-26T05:12:00Z,2024-10-26T05:12:00Z,0,1
54231dbe-2ba6-4158-a5ae-cf37a9d1a28e,Pishgam Agri-Steel Industries,ACC-000376,100000006,8,Hormozgan,Iran,3eabedcb-baa8-4dd4-88bd-64072bcfbe01,e27a984d-6548-41d0-bfcd-9eb1a7cad415,100000000,5500000000.0,7f5b6f7e-1c2d-4a4e-9a51-3a3f1d3c0a01,1dabb10a-bd10-487c-ad0e-0597500d92a7,2024-10-26T09:54:00Z,2024-10-26T09:54:00Z,0,1
d5f0fb6a-4596-4a75-b4df-b83ff659f188,Javid Urban Infrastructure Co.,ACC-000377,100000005,3,Isfahan,Iran,29a3b2e9-5d65-4441-9588-42dea2bc372f,9132b63e-f162-47e4-a9c3-49e03602f8ac,100000001,103000000000.0,7f5b6f7e-1c2d-4a4e-9a51-3a3f1d3c0a01,bbaa574f-e0e3-45ce-84af-ecb79f2ebefc,2024-10-26T04:53:00Z,2024-10-26T04:53:00Z,0,1
e45e2ad0-8eef-45dd-9391-6dcfd6cade2c,Tous Sakhteman Group,ACC-000378,100000000,8,East Azerbaijan,Iran,aefcfad8-efc8-4849-b3aa-7efe4458a885,beb79919-3f22-4af8-a3be-d01d43cf2fde,100000000,18000000000.0,7f5b6f7e-1c2d-4a4e-9a51-3a3f1d3c0a01,ba05dd0f-a966-4a5a-aecf-1ed21861c9f3,2025-05-22T06:46:00Z,2025-05-22T06:46:00Z,0,1
54b58635-3dab-4614-9215-0ed87ddca413,Pishgam Tube Mills Group,ACC-000379,100000002,8,Khorasan Razavi,Iran,ab9099a4-35a2-40ae-9af3-05535ec42e08,24933b83-7577-40a9-a491-f0b2ea1fca65,1,24100000000.0,7f5b6f7e-1c2d-4a4e-9a51-3a3f1d3c0a01,816ce054-282c-4470-af32-f72aa4b5c723,2025-05-17T08:36:00Z,2025-05-17T08:36:00Z,0,1
5d00df1b-a83c-4c2b-b776-e729791f49f6,Iman Golkhaneh Sazan Ltd.,ACC-000380,100000006,8,Isfahan,Iran,29a3b2e9-5d65-4441-9588-42dea2bc372f,9132b63e-f162-47e4-a9c3-49e03602f8ac,100000000,8900000000.0,7f5b6f7e-1c2d-4a4e-9a51-3a3f1d3c0a01,54fc286f-7457-4d47-9825-301039112943,2025-05-18T12:09:00Z,2025-05-18T12:09:00Z,0,1
1f8b4af1-96bc-432d-ac11-7babd6642fe8,Tina Steel Depot Industries,ACC-000381,100000004,3,Alborz,Iran,7412b293-4729-4739-a14f-f3d719db3ad0,ce177b4e-0837-48a3-9261-a7ab3aa2e4f9,100000000,52100000000.0,7f5b6f7e-1c2d-4a4e-9a51-3a3f1d3c0a01,3730dfba-6494-4d5c-9a29-6905ee22a70b,2025-05-18T08:07:00Z,2025-05-18T08:07:00Z,0,1
6c21835d-d8e8-497c-a0a2-59014932936e,Espadana Pipe & Profile Industries,ACC-000382,100000002,3,Hormozgan,Iran,3eabedcb-baa8-4dd4-88bd-64072bcfbe01,e27a984d-6548-41d0-bfcd-9eb1a7cad415,4,27500000000.0,7f5b6f7e-1c2d-4a4e-9a51-3a3f1d3c0a01,f1530f68-9215-483a-9532-caba7af985ff,2025-05-15T04:39:00Z,2025-05-15T04:39:00Z,0,1
638e1388-8faf-4d4a-a5a9-9ebcbe0ec2da,Mehrgan Profile Works Co.,ACC-000383,100000002,8,Khorasan Razavi,Iran,ab9099a4-35a2-40ae-9af3-05535ec42e08,24933b83-7577-40a9-a491-f0b2ea1fca65,1,47100000000.0,7f5b6f7e-1c2d-4a4e-9a51-3a3f1d3c0a01,73dd3bc6-d064-45a8-9bd2-9cb108453b2f,2025-05-17T10:06:00Z,2025-05-17T10:06:00Z,0,1
5200044b-3148-4df8-a6ca-8d50e5f5c891,Nima Greenhouse Structures Industries,ACC-000384,100000006,3,Alborz,Iran,7412b293-4729-4739-a14f-f3d719db3ad0,5304317f-af42-412f-b838-b3268e944239,100000000,9100000000.0,7f5b6f7e-1c2d-4a4e-9a51-3a3f1d3c0a01,823c7ef9-cd85-45ce-83a9-c2355ffd4015,2025-05-13T10:50:00Z,2025-05-13T10:50:00Z,0,1
12767d13-f093-4776-9116-d014a5850828,Tarava Steel Trading Group,ACC-000385,100000004,3,Tehran,Iran,7412b293-4729-4739-a14f-f3d719db3ad0,ce177b4e-0837-48a3-9261-a7ab3aa2e4f9,100000000,49900000000.0,7f5b6f7e-1c2d-4a4e-9a51-3a3f1d3c0a01,34a0dcd4-1a9a-429e-95ee-25876c98fd9b,2025-05-19T08:18:00Z,2025-05-19T08:18:00Z,0,1
481186e9-1625-44ca-9b47-e6394d2551eb,Chakad Builders Co.,ACC-000386,100000000,3,Tehran,Iran,7412b293-4729-4739-a14f-f3d719db3ad0,b02b61c4-a3d7-4628-ace6-6fa2fd5166e6,1,13300000000.0,7f5b6f7e-1c2d-4a4e-9a51-3a3f1d3c0a01,d926fe41-b36d-4121-8ba6-fe0995ea6825,2025-05-17T06:48:00Z,2025-05-17T06:48:00Z,0,1
929daf9f-0149-42af-8ab1-a5041f8c56e0,Nikan Contracting Industries,ACC-000387,100000000,3,Tehran,Iran,7412b293-4729-4739-a14f-f3d719db3ad0,0e51f30d-c6a7-4e39-84b0-32ccd7c524a5,100000000,42300000000.0,7f5b6f7e-1c2d-4a4e-9a51-3a3f1d3c0a01,02dabd76-f310-4525-b517-9e725f857b21,2025-05-18T08:35:00Z,2025-05-18T08:35:00Z,0,1
11defebf-9e98-461d-88fe-bf6d199c8d94,Arya Contracting Co.,ACC-000388,100000000,8,Isfahan,Iran,29a3b2e9-5d65-4441-9588-42dea2bc372f,9132b63e-f162-47e4-a9c3-49e03602f8ac,1,24000000000.0,7f5b6f7e-1c2d-4a4e-9a51-3a3f1d3c0a01,5b6d6b7c-54b2-4582-b398-1e9e7cb882a0,2025-05-17T05:07:00Z,2025-05-17T05:07:00Z,0,1
8494205c-34ef-4552-ab28-6d090af57e60,Aban Greenhouse Structures Industries,ACC-000389,100000006,8,Isfahan,Iran,29a3b2e9-5d65-4441-9588-42dea2bc372f,9132b63e-f162-47e4-a9c3-49e03602f8ac,100000000,14200000000.0,7f5b6f7e-1c2d-4a4e-9a51-3a3f1d3c0a01,3b53f64b-7cd6-4da4-82ef-da8b38048786,2025-05-19T10:20:00Z,2025-05-19T10:20:00Z,0,1
96721e98-5d84-46e0-a0e6-96ffa75743f9,Ilia Omran Co.,ACC-000390,100000000,3,Mazandaran,Iran,7412b293-4729-4739-a14f-f3d719db3ad0,b02b61c4-a3d7-4628-ace6-6fa2fd5166e6,1,22300000000.0,7f5b6f7e-1c2d-4a4e-9a51-3a3f1d3c0a01,f7ebc69a-b428-4f0d-9a6c-f45952f6531f,2025-05-21T06:09:00Z,2025-05-21T06:09:00Z,0,1
3ae0acdb-2a65-44af-b09d-338b23936d45,Parsian Golkhaneh Sazan Ltd.,ACC-000391,100000006,8,Mazandaran,Iran,7412b293-4729-4739-a14f-f3d719db3ad0,0e51f30d-c6a7-4e39-84b0-32ccd7c524a5,1,11000000000.0,7f5b6f7e-1c2d-4a4e-9a51-3a3f1d3c0a01,e31db345-7b6b-411e-8aeb-99597ca2f582,2025-05-19T07:30:00Z,2025-05-19T07:30:00Z,0,1
ba5c865d-b834-4070-a0e5-f6e504c44853,Gilan Steel Trading Ltd.,ACC-000392,100000004,8,Mazandaran,Iran,7412b293-4729-4739-a14f-f3d719db3ad0,ce177b4e-0837-48a3-9261-a7ab3aa2e4f9,100000000,111800000000.0,7f5b6f7e-1c2d-4a4e-9a51-3a3f1d3c0a01,67cbfc39-f54f-4b92-8442-906f2e16f0b6,2025-05-17T13:20:00Z,2025-05-17T13:20:00Z,0,1
95284c0a-cb6b-4562-a488-c84d99d090fd,Gilan Omran Industries,ACC-000393,100000000,8,Mazandaran,Iran,7412b293-4729-4739-a14f-f3d719db3ad0,0e51f30d-c6a7-4e39-84b0-32ccd7c524a5,100000000,32200000000.0,7f5b6f7e-1c2d-4a4e-9a51-3a3f1d3c0a01,9b4547e0-72fe-4dc2-b772-aa9715f39d39,2025-05-17T06:01:00Z,2025-05-17T06:01:00Z,0,1
21d8b96a-62ad-4157-a0d2-759a3ad51382,Javid Appliance Components Co.,ACC-000394,100000003,8,Tehran,Iran,7412b293-4729-4739-a14f-f3d719db3ad0,0e51f30d-c6a7-4e39-84b0-32ccd7c524a5,100000001,36700000000.0,7f5b6f7e-1c2d-4a4e-9a51-3a3f1d3c0a01,ec1f41ce-57b9-4dfb-af82-e70cb9644e4f,2025-05-17T09:28:00Z,2025-05-17T09:28:00Z,0,1
dd23ff41-dae1-4586-a358-755cbc5c3cd8,Hoda Pipe Works Ltd.,ACC-000395,100000002,3,Tehran,Iran,7412b293-4729-4739-a14f-f3d719db3ad0,0e51f30d-c6a7-4e39-84b0-32ccd7c524a5,1,62500000000.0,7f5b6f7e-1c2d-4a4e-9a51-3a3f1d3c0a01,2dc09158-7b83-41cf-8ebc-6d7ec8a65b85,2025-05-18T09:27:00Z,2025-05-18T09:27:00Z,0,1
6690a951-fc04-4a7a-ae41-5f166263307c,Elham Agri-Steel Co.,ACC-000396,100000006,3,Tehran,Iran,7412b293-4729-4739-a14f-f3d719db3ad0,5304317f-af42-412f-b838-b3268e944239,1,7400000000.0,7f5b6f7e-1c2d-4a4e-9a51-3a3f1d3c0a01,78bf46fa-2534-4e85-92c0-dec2175194d7,2025-05-17T09:45:00Z,2025-05-17T09:45:00Z,0,1
8cb21aa2-1715-4c03-ab4f-36381190e515,Tous Fabrication Works Industries,ACC-000397,100000001,8,Isfahan,Iran,29a3b2e9-5d65-4441-9588-42dea2bc372f,10f1bc81-448a-4a9e-a6b2-bc5b50c187fc,100000000,12500000000.0,7f5b6f7e-1c2d-4a4e-9a51-3a3f1d3c0a01,ab6ef8dd-5a66-4316-a641-4954c798a445,2025-05-18T06:57:00Z,2025-05-18T06:57:00Z,0,1
578cd875-d231-4372-bfb0-942cac777762,Atlas Agri-Steel Industries,ACC-000398,100000006,8,Alborz,Iran,7412b293-4729-4739-a14f-f3d719db3ad0,5304317f-af42-412f-b838-b3268e944239,100000000,9200000000.0,7f5b6f7e-1c2d-4a4e-9a51-3a3f1d3c0a01,436ae2bb-d509-4e07-b368-d836027d3808,2025-05-21T09:46:00Z,2025-05-21T09:46:00Z,0,1
7e1f48c4-a9d6-490d-b4ad-fa22ad0205f5,Varna Sazeh Co.,ACC-000399,100000000,8,Tehran,Iran,7412b293-4729-4739-a14f-f3d719db3ad0,0e51f30d-c6a7-4e39-84b0-32ccd7c524a5,1,11600000000.0,7f5b6f7e-1c2d-4a4e-9a51-3a3f1d3c0a01,d61a080a-3fec-4a37-95be-a8dc33e88249,2025-05-24T06:47:00Z,2025-05-24T06:47:00Z,0,1
65db6e43-47bf-4db7-82d9-a774ea7f6c7d,Shahab Foolad Trading Ltd.,ACC-000400,100000004,3,Tehran,Iran,7412b293-4729-4739-a14f-f3d719db3ad0,ce177b4e-0837-48a3-9261-a7ab3aa2e4f9,100000000,73800000000.0,7f5b6f7e-1c2d-4a4e-9a51-3a3f1d3c0a01,50bf2995-9ee4-405d-9f06-bc767b777e71,2025-05-17T05:48:00Z,2025-05-17T05:48:00Z,0,1
44f7f01a-3cb5-46d7-834a-130e8c6ea6ad,Hamoon Fabrication Works Ltd.,ACC-000401,100000001,3,Khuzestan,Iran,a28defe3-9bf0-4273-9247-6f57a5e5a5ab,366eb16f-508e-4ad7-b7c9-3acfe059a0ee,1,11700000000.0,7f5b6f7e-1c2d-4a4e-9a51-3a3f1d3c0a01,61223189-35f3-4e4a-ac92-04b40306a258,2025-05-15T05:07:00Z,2025-05-15T05:07:00Z,0,1
0c36ad4e-915d-4a63-9bc6-c9288fe84e20,Negin Steel Trading Co.,ACC-000402,100000004,3,Mazandaran,Iran,7412b293-4729-4739-a14f-f3d719db3ad0,5304317f-af42-412f-b838-b3268e944239,100000000,94400000000.0,7f5b6f7e-1c2d-4a4e-9a51-3a3f1d3c0a01,226cbc6a-7fe5-44b6-abe8-c7562d36226c,2025-05-17T12:40:00Z,2025-05-17T12:40:00Z,0,1
e835f080-d951-4f98-a79f-2f429256d707,Jahan Press Works Industries,ACC-000403,100000003,8,East Azerbaijan,Iran,aefcfad8-efc8-4849-b3aa-7efe4458a885,beb79919-3f22-4af8-a3be-d01d43cf2fde,100000001,11500000000.0,7f5b6f7e-1c2d-4a4e-9a51-3a3f1d3c0a01,edb68b81-cec6-4cfe-a3fd-17f02ae63af6,2025-05-17T12:59:00Z,2025-05-17T12:59:00Z,0,1
efd1b588-1054-42d5-9876-35761a5ed196,Ilia Eskelet Felezi Co.,ACC-000404,100000001,8,Tehran,Iran,7412b293-4729-4739-a14f-f3d719db3ad0,b02b61c4-a3d7-4628-ace6-6fa2fd5166e6,1,17800000000.0,7f5b6f7e-1c2d-4a4e-9a51-3a3f1d3c0a01,20029d9f-05e9-4407-9aad-a0b12f132a6d,2025-05-17T04:44:00Z,2025-05-17T04:44:00Z,0,1
2bacf712-d6a9-49e8-86d8-95e5219b606d,Yekta Sazeh Co.,ACC-000405,100000000,3,Khorasan Razavi,Iran,ab9099a4-35a2-40ae-9af3-05535ec42e08,24933b83-7577-40a9-a491-f0b2ea1fca65,4,14400000000.0,7f5b6f7e-1c2d-4a4e-9a51-3a3f1d3c0a01,bcd2e8eb-3f55-40cd-bab7-127e4f32ea54,2025-05-18T07:43:00Z,2025-05-18T07:43:00Z,0,1
8c57a277-01d9-49b4-8bf8-f29e3b30ee97,Chakad Auto Parts Mfg.,ACC-000406,100000003,8,Tehran,Iran,7412b293-4729-4739-a14f-f3d719db3ad0,0e51f30d-c6a7-4e39-84b0-32ccd7c524a5,4,27300000000.0,7f5b6f7e-1c2d-4a4e-9a51-3a3f1d3c0a01,b011b125-0221-41e5-88fc-3da1781d5b6c,2025-05-20T10:10:00Z,2025-05-20T10:10:00Z,0,1
c9254bb5-4fc3-4d4e-ab95-0c1d578799d9,Bamdad Profile Sazan Co.,ACC-000407,100000002,3,Khuzestan,Iran,a28defe3-9bf0-4273-9247-6f57a5e5a5ab,366eb16f-508e-4ad7-b7c9-3acfe059a0ee,1,49900000000.0,7f5b6f7e-1c2d-4a4e-9a51-3a3f1d3c0a01,703c1286-b717-44cd-a002-91bb44e9f8fb,2025-05-15T04:49:00Z,2025-05-15T04:49:00Z,0,1
355cca9c-fb6b-41dc-aa7f-7e0685695f97,Hamoon Abadgaran Co.,ACC-000408,100000000,8,Isfahan,Iran,29a3b2e9-5d65-4441-9588-42dea2bc372f,9132b63e-f162-47e4-a9c3-49e03602f8ac,1,21100000000.0,7f5b6f7e-1c2d-4a4e-9a51-3a3f1d3c0a01,32fd73c5-0894-4176-be99-df69bcd49975,2025-05-17T06:40:00Z,2025-05-17T06:40:00Z,0,1
290c4414-8df5-4b01-9c4d-b762ea1af7d2,Kowsar Appliance Components Co.,ACC-000409,100000003,8,Tehran,Iran,7412b293-4729-4739-a14f-f3d719db3ad0,0e51f30d-c6a7-4e39-84b0-32ccd7c524a5,4,15800000000.0,7f5b6f7e-1c2d-4a4e-9a51-3a3f1d3c0a01,7d76ab58-b271-415b-8af0-9ec34b726a7c,2025-05-14T13:07:00Z,2025-05-14T13:07:00Z,0,1
0b34fc84-1111-4e29-a8ad-153985f0786a,Sadaf Sazeh Industries,ACC-000410,100000000,3,Isfahan,Iran,29a3b2e9-5d65-4441-9588-42dea2bc372f,9132b63e-f162-47e4-a9c3-49e03602f8ac,100000000,24600000000.0,7f5b6f7e-1c2d-4a4e-9a51-3a3f1d3c0a01,68e8f311-5295-4a96-887b-25d79cf023dd,2025-05-18T12:20:00Z,2025-05-18T12:20:00Z,0,1
9def57b4-d2da-43ec-8eec-c013b55beaaa,Kowsar Urban Infrastructure Co.,ACC-000411,100000005,8,Khorasan Razavi,Iran,ab9099a4-35a2-40ae-9af3-05535ec42e08,24933b83-7577-40a9-a491-f0b2ea1fca65,100000001,119900000000.0,7f5b6f7e-1c2d-4a4e-9a51-3a3f1d3c0a01,5c65a65c-0f8a-4c2c-a390-0bc0cd0fa4a6,2025-05-17T11:15:00Z,2025-05-17T11:15:00Z,0,1
698f546d-5f29-4290-9848-5a54531c8812,Kavir Sabz Contracting Industries,ACC-000412,100000000,3,Tehran,Iran,7412b293-4729-4739-a14f-f3d719db3ad0,0e51f30d-c6a7-4e39-84b0-32ccd7c524a5,1,10800000000.0,7f5b6f7e-1c2d-4a4e-9a51-3a3f1d3c0a01,999413cc-ff99-47a8-88ad-b388287e4086,2025-05-21T06:17:00Z,2025-05-21T06:17:00Z,0,1
36fea0b4-38cd-4122-bc01-45e14ce2afa2,Negin Steel Structures Co.,ACC-000413,100000001,8,Isfahan,Iran,29a3b2e9-5d65-4441-9588-42dea2bc372f,10f1bc81-448a-4a9e-a6b2-bc5b50c187fc,1,13900000000.0,7f5b6f7e-1c2d-4a4e-9a51-3a3f1d3c0a01,2294fa0a-8482-4c08-842c-65ad9883e9b1,2025-05-20T07:17:00Z,2025-05-20T07:17:00Z,0,1
43d643ed-236e-4832-a7f6-a2ac5b0c4170,Sepehr Appliance Components Co.,ACC-000414,100000003,8,Tehran,Iran,7412b293-4729-4739-a14f-f3d719db3ad0,0e51f30d-c6a7-4e39-84b0-32ccd7c524a5,4,14100000000.0,7f5b6f7e-1c2d-4a4e-9a51-3a3f1d3c0a01,d284b528-b091-4fb7-b17f-3f92d26aa790,2025-05-15T07:18:00Z,2025-05-15T07:18:00Z,0,1
ceef7261-bb15-42ea-8991-2f464ce6928b,Fardis Pipe Works Industries,ACC-000415,100000002,8,Tehran,Iran,7412b293-4729-4739-a14f-f3d719db3ad0,5304317f-af42-412f-b838-b3268e944239,1,30600000000.0,7f5b6f7e-1c2d-4a4e-9a51-3a3f1d3c0a01,7b874b4a-cafb-44fe-931f-04afb93c92d5,2025-05-17T09:13:00Z,2025-05-17T09:13:00Z,0,1
909e21ba-8a38-45aa-91be-ba8e0a8aeb94,Nasim Eskelet Felezi Co.,ACC-000416,100000001,3,Isfahan,Iran,29a3b2e9-5d65-4441-9588-42dea2bc372f,9132b63e-f162-47e4-a9c3-49e03602f8ac,1,12400000000.0,7f5b6f7e-1c2d-4a4e-9a51-3a3f1d3c0a01,a1d770ea-c704-480e-a246-6cd702ed5d15,2025-05-14T04:56:00Z,2025-05-14T04:56:00Z,0,1
25e42403-64f2-402e-894f-6ed34a2f3876,Hoda Dam & Water Works Industries,ACC-000417,100000005,3,Isfahan,Iran,29a3b2e9-5d65-4441-9588-42dea2bc372f,9132b63e-f162-47e4-a9c3-49e03602f8ac,4,109500000000.0,7f5b6f7e-1c2d-4a4e-9a51-3a3f1d3c0a01,9343e6ea-985a-4548-80ba-22a47213e7cc,2025-05-17T12:34:00Z,2025-05-17T12:34:00Z,0,1
5832c8de-521b-48c2-b0c3-ef8a592ab43d,Ofogh Steel Structures Group,ACC-000418,100000001,8,Isfahan,Iran,29a3b2e9-5d65-4441-9588-42dea2bc372f,9132b63e-f162-47e4-a9c3-49e03602f8ac,1,15500000000.0,7f5b6f7e-1c2d-4a4e-9a51-3a3f1d3c0a01,af4afcdd-52cb-4ae0-ae18-c9b3c6da85f1,2025-05-14T08:21:00Z,2025-05-14T08:21:00Z,0,1
bd717da3-3581-4632-94f5-df7005d2d205,Bamdad Steel Depot Group,ACC-000419,100000004,8,East Azerbaijan,Iran,aefcfad8-efc8-4849-b3aa-7efe4458a885,beb79919-3f22-4af8-a3be-d01d43cf2fde,100000000,24900000000.0,7f5b6f7e-1c2d-4a4e-9a51-3a3f1d3c0a01,cde55848-b19c-405e-97e0-a1f103840661,2025-05-19T07:41:00Z,2025-05-19T07:41:00Z,0,1
4165964c-0b21-4308-86dc-4e34a9dcfe52,Yekta Ahan Forooshi Co.,ACC-000420,100000004,3,Tehran,Iran,7412b293-4729-4739-a14f-f3d719db3ad0,ce177b4e-0837-48a3-9261-a7ab3aa2e4f9,1,37400000000.0,7f5b6f7e-1c2d-4a4e-9a51-3a3f1d3c0a01,fe07832a-badc-4599-9f7f-ae0c7ba79d05,2025-05-20T08:45:00Z,2025-05-20T08:45:00Z,0,1
1b9ec5f9-dd41-4a67-9c37-5254a8fc5690,Orang Metals Supply Co.,ACC-000421,100000004,8,Isfahan,Iran,29a3b2e9-5d65-4441-9588-42dea2bc372f,9132b63e-f162-47e4-a9c3-49e03602f8ac,1,42200000000.0,7f5b6f7e-1c2d-4a4e-9a51-3a3f1d3c0a01,4572b385-9e32-4085-b24f-92b9ca0841de,2025-05-18T10:37:00Z,2025-05-18T10:37:00Z,0,1
6491982b-e5ad-481d-977f-4c1626d658fb,Rahyab Press Works Industries,ACC-000422,100000003,3,Fars,Iran,3eabedcb-baa8-4dd4-88bd-64072bcfbe01,e27a984d-6548-41d0-bfcd-9eb1a7cad415,100000001,24000000000.0,7f5b6f7e-1c2d-4a4e-9a51-3a3f1d3c0a01,fffcd743-e3f1-4406-a31d-9c8be0f0fe79,2025-05-15T10:50:00Z,2025-05-15T10:50:00Z,0,1
92a97acd-3d88-4938-aad6-5b8c3a38b844,Orang Agri-Steel Group,ACC-000423,100000006,8,Fars,Iran,3eabedcb-baa8-4dd4-88bd-64072bcfbe01,e27a984d-6548-41d0-bfcd-9eb1a7cad415,100000000,9300000000.0,7f5b6f7e-1c2d-4a4e-9a51-3a3f1d3c0a01,ad9112c5-f5ea-4128-854d-c3bf61d85365,2025-05-17T13:03:00Z,2025-05-17T13:03:00Z,0,1
af1dcfb8-8a96-4a11-94be-6d9f2379c05f,Gilan Rail & Road Projects Industries,ACC-000424,100000005,8,Hormozgan,Iran,3eabedcb-baa8-4dd4-88bd-64072bcfbe01,e27a984d-6548-41d0-bfcd-9eb1a7cad415,100000001,107700000000.0,7f5b6f7e-1c2d-4a4e-9a51-3a3f1d3c0a01,72fcc072-544c-4132-9af9-7493e8e46b31,2025-05-17T11:04:00Z,2025-05-17T11:04:00Z,0,1
3b1d12cf-3b70-4092-98ab-182c3b1d0181,Zagros Rail & Road Projects Industries,ACC-000425,100000005,8,East Azerbaijan,Iran,aefcfad8-efc8-4849-b3aa-7efe4458a885,beb79919-3f22-4af8-a3be-d01d43cf2fde,100000001,158200000000.0,7f5b6f7e-1c2d-4a4e-9a51-3a3f1d3c0a01,9df034d3-9caa-437c-bc67-95e2c32fc21b,2025-05-20T10:44:00Z,2025-05-20T10:44:00Z,0,1
b440b852-e033-400e-a432-62b38675820e,Iranmehr Profile Sazan Co.,ACC-000426,100000002,3,Khuzestan,Iran,a28defe3-9bf0-4273-9247-6f57a5e5a5ab,366eb16f-508e-4ad7-b7c9-3acfe059a0ee,1,71500000000.0,7f5b6f7e-1c2d-4a4e-9a51-3a3f1d3c0a01,f06b6c12-9c8b-4550-a4e7-0f9a501a0ccf,2025-05-15T05:33:00Z,2025-05-15T05:33:00Z,0,1
70869a45-4a8a-4b17-b09a-083a0c9ea060,Jahan Metal Center Group,ACC-000427,100000004,8,Mazandaran,Iran,7412b293-4729-4739-a14f-f3d719db3ad0,5304317f-af42-412f-b838-b3268e944239,100000000,93500000000.0,7f5b6f7e-1c2d-4a4e-9a51-3a3f1d3c0a01,3ee79d31-feef-41f8-a0b6-2f900adbc4ff,2025-05-17T07:54:00Z,2025-05-17T07:54:00Z,0,1
802b1bf4-b8ff-415c-9727-20fa73a27c7b,Negin Ahan Forooshi Co.,ACC-000428,100000004,3,Khuzestan,Iran,a28defe3-9bf0-4273-9247-6f57a5e5a5ab,366eb16f-508e-4ad7-b7c9-3acfe059a0ee,100000000,43900000000.0,7f5b6f7e-1c2d-4a4e-9a51-3a3f1d3c0a01,eb45bc38-9cf6-4e33-8b5f-174b6c267b56,2025-05-17T08:21:00Z,2025-05-17T08:21:00Z,0,1
e552d0a8-b66f-4507-a588-b999971eea39,Mahan Sakhteman Industries,ACC-000429,100000000,3,Isfahan,Iran,29a3b2e9-5d65-4441-9588-42dea2bc372f,9132b63e-f162-47e4-a9c3-49e03602f8ac,1,28500000000.0,7f5b6f7e-1c2d-4a4e-9a51-3a3f1d3c0a01,8be15610-b234-4948-a4f2-ae4cf016716b,2025-05-17T05:14:00Z,2025-05-17T05:14:00Z,0,1
55cf37ba-e989-45f2-abbf-1e35c4acb57d,Pouya Housing Development Co.,ACC-000430,100000005,8,Isfahan,Iran,29a3b2e9-5d65-4441-9588-42dea2bc372f,10f1bc81-448a-4a9e-a6b2-bc5b50c187fc,100000001,132800000000.0,7f5b6f7e-1c2d-4a4e-9a51-3a3f1d3c0a01,f9a62522-ca83-4709-ba14-675762538cdf,2025-05-19T08:17:00Z,2025-05-19T08:17:00Z,0,1
f75efed8-2d6b-4953-8fea-d84ec98cfd48,Ilia Urban Infrastructure Co.,ACC-000431,100000005,8,East Azerbaijan,Iran,aefcfad8-efc8-4849-b3aa-7efe4458a885,beb79919-3f22-4af8-a3be-d01d43cf2fde,100000001,152700000000.0,7f5b6f7e-1c2d-4a4e-9a51-3a3f1d3c0a01,1be00f8e-0c8d-41d2-9673-aefbeb9e54e0,2025-10-29T10:54:00Z,2025-10-29T10:54:00Z,0,1
fab6ad91-bacf-4cfc-9245-1cc41bfb3b3d,Nikan Eskelet Felezi Co.,ACC-000432,100000001,3,Alborz,Iran,7412b293-4729-4739-a14f-f3d719db3ad0,b02b61c4-a3d7-4628-ace6-6fa2fd5166e6,1,24000000000.0,7f5b6f7e-1c2d-4a4e-9a51-3a3f1d3c0a01,1f3cea1d-2271-47ca-b887-73ed4af715b7,2025-10-25T12:35:00Z,2025-10-25T12:35:00Z,0,1
d06d3943-c8b3-415e-b664-704355c9bf0f,Shahab Steel Depot Industries,ACC-000433,100000004,8,Isfahan,Iran,29a3b2e9-5d65-4441-9588-42dea2bc372f,9132b63e-f162-47e4-a9c3-49e03602f8ac,100000000,61800000000.0,7f5b6f7e-1c2d-4a4e-9a51-3a3f1d3c0a01,75eb0e8f-a090-460d-a7c7-655a7b434a72,2025-10-27T06:37:00Z,2025-10-27T06:37:00Z,0,1
ea8b31f5-ccae-48fe-94eb-8e20af7c7d2b,Tirdad Eskelet Felezi Ltd.,ACC-000434,100000001,3,Tehran,Iran,7412b293-4729-4739-a14f-f3d719db3ad0,5304317f-af42-412f-b838-b3268e944239,100000000,10900000000.0,7f5b6f7e-1c2d-4a4e-9a51-3a3f1d3c0a01,8e2017e1-50c4-4b4b-ad9e-5c1eb9974024,2025-10-23T05:38:00Z,2025-10-23T05:38:00Z,0,1
33bcb8a9-c71d-4564-8992-b886c8f216c1,Parsian Builders Co.,ACC-000435,100000000,3,Tehran,Iran,7412b293-4729-4739-a14f-f3d719db3ad0,5304317f-af42-412f-b838-b3268e944239,1,38100000000.0,7f5b6f7e-1c2d-4a4e-9a51-3a3f1d3c0a01,d4575305-73b0-420d-9f20-19ea3cd61f5e,2025-10-28T10:00:00Z,2025-10-28T10:00:00Z,0,1
84222f58-f022-44af-bb76-4637d277ab64,Sadaf Contracting Group,ACC-000436,100000000,3,Alborz,Iran,7412b293-4729-4739-a14f-f3d719db3ad0,b02b61c4-a3d7-4628-ace6-6fa2fd5166e6,4,17700000000.0,7f5b6f7e-1c2d-4a4e-9a51-3a3f1d3c0a01,dfb68a5f-bb81-41f0-bbc4-d138ec737598,2025-10-28T09:52:00Z,2025-10-28T09:52:00Z,0,1
05c14422-4ffe-4dfd-bedc-acb7a8b331a0,Varna Omran Co.,ACC-000437,100000000,3,Hormozgan,Iran,3eabedcb-baa8-4dd4-88bd-64072bcfbe01,e27a984d-6548-41d0-bfcd-9eb1a7cad415,4,22400000000.0,7f5b6f7e-1c2d-4a4e-9a51-3a3f1d3c0a01,df3334c6-9823-4b06-991e-a7e6afe2a940,2025-10-26T12:50:00Z,2025-10-26T12:50:00Z,0,1
4fb67094-123c-4911-abd8-ad4d3eacdb28,Varna Construction Industries,ACC-000438,100000000,3,Khuzestan,Iran,a28defe3-9bf0-4273-9247-6f57a5e5a5ab,366eb16f-508e-4ad7-b7c9-3acfe059a0ee,100000000,20700000000.0,7f5b6f7e-1c2d-4a4e-9a51-3a3f1d3c0a01,8ca33a54-59ae-4302-8ae3-297e34e24142,2025-10-25T05:52:00Z,2025-10-25T05:52:00Z,0,1
a124fdb2-97be-4f31-a42a-a836989b68c0,Tirdad Steel Structures Industries,ACC-000439,100000001,3,Alborz,Iran,7412b293-4729-4739-a14f-f3d719db3ad0,5304317f-af42-412f-b838-b3268e944239,4,16500000000.0,7f5b6f7e-1c2d-4a4e-9a51-3a3f1d3c0a01,076c108d-214c-47b1-8cfc-64207192e443,2025-10-28T06:01:00Z,2025-10-28T06:01:00Z,0,1
4f75d45a-74a1-4a0d-98e6-3a5577e0ee02,Gohar Dam & Water Works Co.,ACC-000440,100000005,8,Khorasan Razavi,Iran,ab9099a4-35a2-40ae-9af3-05535ec42e08,24933b83-7577-40a9-a491-f0b2ea1fca65,4,74100000000.0,7f5b6f7e-1c2d-4a4e-9a51-3a3f1d3c0a01,c3b1927b-c178-4e77-ac3b-9258f943375e,2025-10-25T07:37:00Z,2025-10-25T07:37:00Z,0,1
5d0b042d-e9b1-4c76-820f-beef9defeab9,Pishgam Press Works Group,ACC-000441,100000003,8,Tehran,Iran,7412b293-4729-4739-a14f-f3d719db3ad0,0e51f30d-c6a7-4e39-84b0-32ccd7c524a5,1,26800000000.0,7f5b6f7e-1c2d-4a4e-9a51-3a3f1d3c0a01,f28bf846-3b50-4fda-b875-b1c777243aa3,2025-10-28T12:19:00Z,2025-10-28T12:19:00Z,0,1
9714fadc-b3c4-4030-ae84-e8323c38c3f0,Karun Rail & Road Projects Co.,ACC-000442,100000005,8,Isfahan,Iran,29a3b2e9-5d65-4441-9588-42dea2bc372f,9132b63e-f162-47e4-a9c3-49e03602f8ac,4,96900000000.0,7f5b6f7e-1c2d-4a4e-9a51-3a3f1d3c0a01,8f5e248e-b40f-440e-8037-447f0d99c071,2025-10-25T11:01:00Z,2025-10-25T11:01:00Z,0,1
8456ce4f-7706-4136-8788-17ecc764032e,Sabalan Contracting Group,ACC-000443,100000000,8,Isfahan,Iran,29a3b2e9-5d65-4441-9588-42dea2bc372f,9132b63e-f162-47e4-a9c3-49e03602f8ac,100000000,16300000000.0,7f5b6f7e-1c2d-4a4e-9a51-3a3f1d3c0a01,948c7eb4-1cf8-470b-9e5b-2ad8b4732eb6,2025-10-25T09:12:00Z,2025-10-25T09:12:00Z,0,1
4b6c14e4-cc58-4b60-ba4e-8355f5e8a7e1,Pardis Agri-Steel Ltd.,ACC-000444,100000006,8,Isfahan,Iran,29a3b2e9-5d65-4441-9588-42dea2bc372f,9132b63e-f162-47e4-a9c3-49e03602f8ac,100000000,9000000000.0,7f5b6f7e-1c2d-4a4e-9a51-3a3f1d3c0a01,92ef63c1-781f-4d3f-a7f3-39dc833de3ad,2025-10-23T08:33:00Z,2025-10-23T08:33:00Z,0,1
3c775558-b365-4b7c-8853-bc5542e17302,Parsian Steel Structures Ltd.,ACC-000445,100000001,3,Tehran,Iran,7412b293-4729-4739-a14f-f3d719db3ad0,0e51f30d-c6a7-4e39-84b0-32ccd7c524a5,1,16000000000.0,7f5b6f7e-1c2d-4a4e-9a51-3a3f1d3c0a01,a8be6c80-26b0-42c9-bd2c-f4eb977e3f2c,2025-10-23T08:18:00Z,2025-10-23T08:18:00Z,0,1
69b6f3b7-fe5b-4fc9-80b4-f6d67ef6775b,Tous Metal Center Group,ACC-000446,100000004,8,Khuzestan,Iran,a28defe3-9bf0-4273-9247-6f57a5e5a5ab,366eb16f-508e-4ad7-b7c9-3acfe059a0ee,100000000,53800000000.0,7f5b6f7e-1c2d-4a4e-9a51-3a3f1d3c0a01,987593c3-2523-42f6-b7a3-f6a6159b558b,2025-11-01T06:05:00Z,2025-11-01T06:05:00Z,0,1
3bd13a43-8853-490b-ac26-4a0cc09f1c91,Vista Omran Industries,ACC-000447,100000000,8,Khuzestan,Iran,a28defe3-9bf0-4273-9247-6f57a5e5a5ab,366eb16f-508e-4ad7-b7c9-3acfe059a0ee,100000000,9700000000.0,7f5b6f7e-1c2d-4a4e-9a51-3a3f1d3c0a01,0d722918-1db1-4e86-91cc-c8d3c1676505,2025-10-28T10:00:00Z,2025-10-28T10:00:00Z,0,1
ac00f929-bbfb-476c-bde6-67f9bfc46c0e,Farnam Iron & Steel Supply Co.,ACC-000448,100000004,8,Tehran,Iran,7412b293-4729-4739-a14f-f3d719db3ad0,ce177b4e-0837-48a3-9261-a7ab3aa2e4f9,1,57000000000.0,7f5b6f7e-1c2d-4a4e-9a51-3a3f1d3c0a01,958c9cfd-a783-4a8f-815e-38051928aae5,2025-10-25T07:59:00Z,2025-10-25T07:59:00Z,0,1
a5dd2836-e65f-49fa-838c-2eafa8097a77,Arvand Sazeh Group,ACC-000449,100000000,8,Isfahan,Iran,29a3b2e9-5d65-4441-9588-42dea2bc372f,9132b63e-f162-47e4-a9c3-49e03602f8ac,100000000,20800000000.0,7f5b6f7e-1c2d-4a4e-9a51-3a3f1d3c0a01,3781d306-d5e0-4664-a4db-04c8a8174c85,2025-10-27T11:18:00Z,2025-10-27T11:18:00Z,0,1
c6f903cf-4027-4514-ba40-662f9243a301,Omid Fabrication Works Co.,ACC-000450,100000001,8,Tehran,Iran,7412b293-4729-4739-a14f-f3d719db3ad0,0e51f30d-c6a7-4e39-84b0-32ccd7c524a5,1,11600000000.0,7f5b6f7e-1c2d-4a4e-9a51-3a3f1d3c0a01,6e66a273-c4ca-40d7-8a66-de6724d4d5a3,2025-10-23T10:21:00Z,2025-10-23T10:21:00Z,0,1
ff3c6d4e-a1dc-4cab-8e21-3ce5668eb10e,Pishgam Builders Co.,ACC-000451,100000000,3,Khorasan Razavi,Iran,ab9099a4-35a2-40ae-9af3-05535ec42e08,24933b83-7577-40a9-a491-f0b2ea1fca65,1,17300000000.0,7f5b6f7e-1c2d-4a4e-9a51-3a3f1d3c0a01,fdd99681-ef5e-4ca5-8909-b0039136e530,2025-10-25T12:49:00Z,2025-10-25T12:49:00Z,0,1
1b552618-e57e-42d3-a3dd-e733b225574e,Mahtab Builders Group,ACC-000452,100000000,3,Tehran,Iran,7412b293-4729-4739-a14f-f3d719db3ad0,b02b61c4-a3d7-4628-ace6-6fa2fd5166e6,1,14800000000.0,7f5b6f7e-1c2d-4a4e-9a51-3a3f1d3c0a01,33ffb402-a5d5-4bf9-8a3a-bb3ac439dfcf,2025-10-26T09:00:00Z,2025-10-26T09:00:00Z,0,1
3e20718a-0bb9-48f6-9e4d-a214eb034c4e,Iman Fabrication Works Group,ACC-000453,100000001,8,Isfahan,Iran,29a3b2e9-5d65-4441-9588-42dea2bc372f,9132b63e-f162-47e4-a9c3-49e03602f8ac,100000000,15800000000.0,7f5b6f7e-1c2d-4a4e-9a51-3a3f1d3c0a01,7d283421-243f-45fe-bc47-16ad0970d09d,2025-10-25T10:48:00Z,2025-10-25T10:48:00Z,0,1
0bab8f53-c3a4-404f-b696-5c84cb08b605,Negin Tube Mills Group,ACC-000454,100000002,8,Alborz,Iran,7412b293-4729-4739-a14f-f3d719db3ad0,0e51f30d-c6a7-4e39-84b0-32ccd7c524a5,4,31700000000.0,7f5b6f7e-1c2d-4a4e-9a51-3a3f1d3c0a01,bce8e033-fb70-4bf3-95fd-46d7cfbfd796,2025-10-26T09:40:00Z,2025-10-26T09:40:00Z,0,1
79dbf407-c5c6-4b7d-8ad0-4982ceb28a32,Tous Urban Infrastructure Ltd.,ACC-000455,100000005,8,Khuzestan,Iran,a28defe3-9bf0-4273-9247-6f57a5e5a5ab,366eb16f-508e-4ad7-b7c9-3acfe059a0ee,100000001,140000000000.0,7f5b6f7e-1c2d-4a4e-9a51-3a3f1d3c0a01,97feb937-a6d9-47a1-b4ec-fe8d16d1f5ca,2025-10-25T07:56:00Z,2025-10-25T07:56:00Z,0,1
dcdbf14e-5ca5-4057-9e71-9a56187ebca4,Kian Metals Supply Co.,ACC-000456,100000004,8,Mazandaran,Iran,7412b293-4729-4739-a14f-f3d719db3ad0,0e51f30d-c6a7-4e39-84b0-32ccd7c524a5,100000000,71600000000.0,7f5b6f7e-1c2d-4a4e-9a51-3a3f1d3c0a01,6b358d15-590c-4e67-8d1b-6d80c8575c8a,2025-10-28T12:06:00Z,2025-10-28T12:06:00Z,0,1
74017bb3-c227-4738-a3dc-419dce1e8d1f,Nikan Golkhaneh Sazan Industries,ACC-000457,100000006,8,Isfahan,Iran,29a3b2e9-5d65-4441-9588-42dea2bc372f,10f1bc81-448a-4a9e-a6b2-bc5b50c187fc,1,12200000000.0,7f5b6f7e-1c2d-4a4e-9a51-3a3f1d3c0a01,28e60130-2d23-4ed1-bf5d-21f279731ea8,2025-10-26T09:35:00Z,2025-10-26T09:35:00Z,0,1
bf4113cb-32e1-4f17-ab47-ed615372ebed,Ava Omran Group,ACC-000458,100000000,3,Alborz,Iran,7412b293-4729-4739-a14f-f3d719db3ad0,5304317f-af42-412f-b838-b3268e944239,4,15700000000.0,7f5b6f7e-1c2d-4a4e-9a51-3a3f1d3c0a01,3c3c9c08-e523-48a9-9223-d9061db67101,2025-10-30T09:29:00Z,2025-10-30T09:29:00Z,0,1
47d5ac92-0f45-45da-9194-1591b134b58f,Karun Urban Infrastructure Ltd.,ACC-000459,100000005,8,Khuzestan,Iran,a28defe3-9bf0-4273-9247-6f57a5e5a5ab,366eb16f-508e-4ad7-b7c9-3acfe059a0ee,100000001,80400000000.0,7f5b6f7e-1c2d-4a4e-9a51-3a3f1d3c0a01,5f9cb7e0-6328-443e-ad95-63ed747a4829,2025-10-26T07:41:00Z,2025-10-26T07:41:00Z,0,1
7ecb002e-73d3-428c-9916-79d3d24025ea,Javid Sakhteman Co.,ACC-000460,100000000,8,Hormozgan,Iran,3eabedcb-baa8-4dd4-88bd-64072bcfbe01,e27a984d-6548-41d0-bfcd-9eb1a7cad415,4,33500000000.0,7f5b6f7e-1c2d-4a4e-9a51-3a3f1d3c0a01,fdc419b2-0a41-4919-8b52-46f3faed5777,2025-10-23T09:27:00Z,2025-10-23T09:27:00Z,0,1
76b90472-7470-424c-b9f6-b641063ff61e,Rayan Eskelet Felezi Industries,ACC-000461,100000001,3,Alborz,Iran,7412b293-4729-4739-a14f-f3d719db3ad0,5304317f-af42-412f-b838-b3268e944239,1,17200000000.0,7f5b6f7e-1c2d-4a4e-9a51-3a3f1d3c0a01,75938f5a-b40b-4353-a96b-e9034e09c596,2025-10-23T11:42:00Z,2025-10-23T11:42:00Z,0,1
af4637b3-c9a6-4c37-b507-8c5dcb62f5b6,Hamoon Agri-Steel Co.,ACC-000462,100000006,8,Tehran,Iran,7412b293-4729-4739-a14f-f3d719db3ad0,0e51f30d-c6a7-4e39-84b0-32ccd7c524a5,100000000,9200000000.0,7f5b6f7e-1c2d-4a4e-9a51-3a3f1d3c0a01,b0d508a9-e4b8-4e89-a287-729e12194d94,2025-10-23T08:31:00Z,2025-10-23T08:31:00Z,0,1
a5eea4a2-2cde-431f-9dce-8d9b5d96120d,Persis Steel Structures Industries,ACC-000463,100000001,8,Khuzestan,Iran,a28defe3-9bf0-4273-9247-6f57a5e5a5ab,366eb16f-508e-4ad7-b7c9-3acfe059a0ee,100000000,15300000000.0,7f5b6f7e-1c2d-4a4e-9a51-3a3f1d3c0a01,5d2e7b90-acb6-4e81-a8f6-0796f200a32c,2025-10-25T06:48:00Z,2025-10-25T06:48:00Z,0,1
df02774d-9482-442f-8095-3c13f06bffa4,Tina Eskelet Felezi Industries,ACC-000464,100000001,8,Tehran,Iran,7412b293-4729-4739-a14f-f3d719db3ad0,b02b61c4-a3d7-4628-ace6-6fa2fd5166e6,4,10500000000.0,7f5b6f7e-1c2d-4a4e-9a51-3a3f1d3c0a01,236e9007-3468-4b6e-8609-0b78b5971e43,2025-10-26T08:10:00Z,2025-10-26T08:10:00Z,0,1
5e3ece60-9ef6-499f-b3b4-daf34ad1d634,Behsaz Sakhteman Co.,ACC-000465,100000000,3,Tehran,Iran,7412b293-4729-4739-a14f-f3d719db3ad0,0e51f30d-c6a7-4e39-84b0-32ccd7c524a5,100000000,13600000000.0,7f5b6f7e-1c2d-4a4e-9a51-3a3f1d3c0a01,73d12f3e-5860-44f4-9f70-b9511038f676,2025-10-25T07:11:00Z,2025-10-25T07:11:00Z,0,1
c96d525e-a563-4cf4-a7df-eb9257c13f7e,Tina Omran Industries,ACC-000466,100000000,8,Khuzestan,Iran,a28defe3-9bf0-4273-9247-6f57a5e5a5ab,366eb16f-508e-4ad7-b7c9-3acfe059a0ee,1,21600000000.0,7f5b6f7e-1c2d-4a4e-9a51-3a3f1d3c0a01,cd4f2875-df2d-4f20-85a4-3113101d759e,2025-11-03T07:02:00Z,2025-11-03T07:02:00Z,0,1
cb618d75-aa96-4dfb-a79b-265ab15f3994,Behsaz Metals Supply Group,ACC-000467,100000004,3,Tehran,Iran,7412b293-4729-4739-a14f-f3d719db3ad0,ce177b4e-0837-48a3-9261-a7ab3aa2e4f9,1,97900000000.0,7f5b6f7e-1c2d-4a4e-9a51-3a3f1d3c0a01,f4ca6e70-74b7-49ec-88cd-42c05a66219e,2025-10-23T12:45:00Z,2025-10-23T12:45:00Z,0,1
06617f95-eba1-4fa8-9f19-f85b4d330569,Jahan Pipe & Profile Industries,ACC-000468,100000002,8,Khorasan Razavi,Iran,ab9099a4-35a2-40ae-9af3-05535ec42e08,24933b83-7577-40a9-a491-f0b2ea1fca65,4,33700000000.0,7f5b6f7e-1c2d-4a4e-9a51-3a3f1d3c0a01,fa5fafdb-5123-49fa-aa61-b32f08e1624e,2025-10-26T12:10:00Z,2025-10-26T12:10:00Z,0,1
4ba99d78-b498-45d0-a5b1-c79954cecee7,Sepehr Sakhteman Ltd.,ACC-000469,100000000,3,Alborz,Iran,7412b293-4729-4739-a14f-f3d719db3ad0,0e51f30d-c6a7-4e39-84b0-32ccd7c524a5,1,16600000000.0,7f5b6f7e-1c2d-4a4e-9a51-3a3f1d3c0a01,ed850a6d-7542-4851-b2a2-4da42537e0d6,2025-10-29T05:50:00Z,2025-10-29T05:50:00Z,0,1
9bafcc20-0e16-4f3f-938c-c0ca17acd7e9,Farazan Agri-Steel Co.,ACC-000470,100000006,3,Hormozgan,Iran,3eabedcb-baa8-4dd4-88bd-64072bcfbe01,e27a984d-6548-41d0-bfcd-9eb1a7cad415,1,7100000000.0,7f5b6f7e-1c2d-4a4e-9a51-3a3f1d3c0a01,9e15ebcc-66d1-47f6-8659-010a4ede79b6,2025-10-25T07:21:00Z,2025-10-25T07:21:00Z,0,1
b74966cb-25df-48fa-a5c6-5c7b5c6ebf5a,Golestan Steel Structures Co.,ACC-000471,100000001,8,Khuzestan,Iran,a28defe3-9bf0-4273-9247-6f57a5e5a5ab,366eb16f-508e-4ad7-b7c9-3acfe059a0ee,1,9100000000.0,7f5b6f7e-1c2d-4a4e-9a51-3a3f1d3c0a01,7d8f2350-31c7-4a44-a4f8-f226830481c2,2025-10-25T13:11:00Z,2025-10-25T13:11:00Z,0,1
7147f758-cdbe-4548-aa65-66e8fe1ad905,Kaspian Agri-Steel Group,ACC-000472,100000006,3,Khorasan Razavi,Iran,ab9099a4-35a2-40ae-9af3-05535ec42e08,24933b83-7577-40a9-a491-f0b2ea1fca65,1,10700000000.0,7f5b6f7e-1c2d-4a4e-9a51-3a3f1d3c0a01,584cb0f7-48de-48be-831e-ef965f71dcc4,2025-10-23T08:06:00Z,2025-10-23T08:06:00Z,0,1
fd06a179-7980-4efa-8da0-8e483531518a,Karun Ahan Forooshi Ltd.,ACC-000473,100000004,8,Tehran,Iran,7412b293-4729-4739-a14f-f3d719db3ad0,0e51f30d-c6a7-4e39-84b0-32ccd7c524a5,100000000,31900000000.0,7f5b6f7e-1c2d-4a4e-9a51-3a3f1d3c0a01,ba85e403-6c80-444b-a5d1-36e2f8698e93,2025-10-27T13:28:00Z,2025-10-27T13:28:00Z,0,1
ea350f17-c157-4761-9162-f6dbb5d2bf7f,Javid Ahan Forooshi Group,ACC-000474,100000004,8,East Azerbaijan,Iran,aefcfad8-efc8-4849-b3aa-7efe4458a885,beb79919-3f22-4af8-a3be-d01d43cf2fde,100000000,62000000000.0,7f5b6f7e-1c2d-4a4e-9a51-3a3f1d3c0a01,9736bb4f-f5c8-4e3c-aee3-1d4710ecf6ae,2025-10-25T07:13:00Z,2025-10-25T07:13:00Z,0,1
397a284f-76a4-479b-bd67-34588f2d0b17,Negin Steel Depot Co.,ACC-000475,100000004,3,Alborz,Iran,7412b293-4729-4739-a14f-f3d719db3ad0,ce177b4e-0837-48a3-9261-a7ab3aa2e4f9,100000000,71900000000.0,7f5b6f7e-1c2d-4a4e-9a51-3a3f1d3c0a01,7d9704fe-8dca-4908-8a1a-421961bba5fb,2025-10-22T07:28:00Z,2025-10-22T07:28:00Z,0,1
5b7d9d2d-22af-4503-b17a-ff6de0d96670,Persis Dam & Water Works Ltd.,ACC-000476,100000005,8,Khorasan Razavi,Iran,ab9099a4-35a2-40ae-9af3-05535ec42e08,24933b83-7577-40a9-a491-f0b2ea1fca65,4,188800000000.0,7f5b6f7e-1c2d-4a4e-9a51-3a3f1d3c0a01,5f8a2e3c-1e9d-495b-917a-d9bdb1ba0bea,2025-10-26T09:49:00Z,2025-10-26T09:49:00Z,0,1
04d07f29-13e6-45fd-9c99-d366c8b62c18,Sadaf Metal Center Co.,ACC-000477,100000004,8,Tehran,Iran,7412b293-4729-4739-a14f-f3d719db3ad0,0e51f30d-c6a7-4e39-84b0-32ccd7c524a5,1,64000000000.0,7f5b6f7e-1c2d-4a4e-9a51-3a3f1d3c0a01,b1b9fd9d-db58-4dd9-a0f3-6e9238ec71aa,2025-10-29T08:30:00Z,2025-10-29T08:30:00Z,0,1
bf06d520-d88a-417b-a543-38df173d5030,Hirad Sakhteman Ltd.,ACC-000478,100000000,8,East Azerbaijan,Iran,aefcfad8-efc8-4849-b3aa-7efe4458a885,beb79919-3f22-4af8-a3be-d01d43cf2fde,1,38100000000.0,7f5b6f7e-1c2d-4a4e-9a51-3a3f1d3c0a01,9a0f09e9-eb8b-4c11-9fb0-ef34c8497436,2025-11-01T09:41:00Z,2025-11-01T09:41:00Z,0,1
2bf95861-4827-4440-b6d9-fe1731094211,Shahab Agri-Steel Ltd.,ACC-000479,100000006,3,Khuzestan,Iran,a28defe3-9bf0-4273-9247-6f57a5e5a5ab,366eb16f-508e-4ad7-b7c9-3acfe059a0ee,1,3800000000.0,7f5b6f7e-1c2d-4a4e-9a51-3a3f1d3c0a01,c363f61f-9400-4191-91d0-6bcd195efd72,2025-10-25T13:25:00Z,2025-10-25T13:25:00Z,0,1
97f971d5-94f8-4e6c-8416-c07cb6a787b1,Pishgam Steel Trading Co.,ACC-000480,100000004,3,Khorasan Razavi,Iran,ab9099a4-35a2-40ae-9af3-05535ec42e08,24933b83-7577-40a9-a491-f0b2ea1fca65,1,116900000000.0,7f5b6f7e-1c2d-4a4e-9a51-3a3f1d3c0a01,6cb96a2c-d68e-41f0-bb9d-58321f6d5768,2025-10-25T13:00:00Z,2025-10-25T13:00:00Z,0,1
7f85c4e7-1177-4f21-948f-5ba30d87bc72,Gilan Pipe Works Group,ACC-000481,100000002,8,Khorasan Razavi,Iran,ab9099a4-35a2-40ae-9af3-05535ec42e08,24933b83-7577-40a9-a491-f0b2ea1fca65,4,50600000000.0,7f5b6f7e-1c2d-4a4e-9a51-3a3f1d3c0a01,7d457a09-402d-45e8-9f47-d9021ba84a91,2025-10-25T12:27:00Z,2025-10-25T12:27:00Z,0,1
4b26f0a3-33b1-4ca4-b74d-34f5caf07226,Aban Press Works Co.,ACC-000482,100000003,3,Tehran,Iran,7412b293-4729-4739-a14f-f3d719db3ad0,0e51f30d-c6a7-4e39-84b0-32ccd7c524a5,4,29600000000.0,7f5b6f7e-1c2d-4a4e-9a51-3a3f1d3c0a01,a93c9413-1396-4289-829a-988f18a95210,2025-10-25T13:11:00Z,2025-10-25T13:11:00Z,0,1
09360f02-75ac-4819-b14b-5c03605797cf,Bamdad Metals Supply Co.,ACC-000483,100000004,3,Tehran,Iran,7412b293-4729-4739-a14f-f3d719db3ad0,b02b61c4-a3d7-4628-ace6-6fa2fd5166e6,100000000,53100000000.0,7f5b6f7e-1c2d-4a4e-9a51-3a3f1d3c0a01,04860bee-8bef-4a76-8a60-1b92dc137c04,2025-10-26T05:38:00Z,2025-10-26T05:38:00Z,0,1
8dc4c81f-a8fa-4904-bd94-ed9facce693e,Pishgam Metal Center Ltd.,ACC-000484,100000004,8,Mazandaran,Iran,7412b293-4729-4739-a14f-f3d719db3ad0,ce177b4e-0837-48a3-9261-a7ab3aa2e4f9,100000000,43800000000.0,7f5b6f7e-1c2d-4a4e-9a51-3a3f1d3c0a01,e27bb6c4-4d94-4434-8785-9c05dc409942,2025-10-26T09:47:00Z,2025-10-26T09:47:00Z,0,1
ba0371f9-90ed-41d3-af44-4cf56f089155,Nikan Appliance Components Co.,ACC-000485,100000003,8,Alborz,Iran,7412b293-4729-4739-a14f-f3d719db3ad0,0e51f30d-c6a7-4e39-84b0-32ccd7c524a5,4,19500000000.0,7f5b6f7e-1c2d-4a4e-9a51-3a3f1d3c0a01,4497734d-77a0-4a7f-b027-8488be015802,2026-05-17T06:45:00Z,2026-05-17T06:45:00Z,0,1
4c485cfc-9a02-40da-905c-1021157c6813,Iranmehr Golkhaneh Sazan Industries,ACC-000486,100000006,8,Tehran,Iran,7412b293-4729-4739-a14f-f3d719db3ad0,0e51f30d-c6a7-4e39-84b0-32ccd7c524a5,100000000,5700000000.0,7f5b6f7e-1c2d-4a4e-9a51-3a3f1d3c0a01,8cfb137c-a89e-44df-871c-10aecdb4adab,2026-05-20T05:02:00Z,2026-05-20T05:02:00Z,0,1
1ee26f39-eed4-4b89-8010-4995bc06e86b,Javid Ahan Bazar Ltd.,ACC-000487,100000004,8,Khorasan Razavi,Iran,ab9099a4-35a2-40ae-9af3-05535ec42e08,24933b83-7577-40a9-a491-f0b2ea1fca65,100000000,57500000000.0,7f5b6f7e-1c2d-4a4e-9a51-3a3f1d3c0a01,abf2b369-5d0a-46d3-a592-ee7c683199c6,2026-05-24T09:30:00Z,2026-05-24T09:30:00Z,0,1
dce70289-411a-415b-a88b-4cfb708175fd,Bamdad Abadgaran Group,ACC-000488,100000000,3,Tehran,Iran,7412b293-4729-4739-a14f-f3d719db3ad0,b02b61c4-a3d7-4628-ace6-6fa2fd5166e6,100000000,14200000000.0,7f5b6f7e-1c2d-4a4e-9a51-3a3f1d3c0a01,ef7cef26-3c66-4012-be74-1860bf957403,2026-05-16T06:00:00Z,2026-05-16T06:00:00Z,0,1
88efe82b-1f3e-4a66-af6c-6f61cfefa2a2,Atlas Builders Co.,ACC-000489,100000000,8,Isfahan,Iran,29a3b2e9-5d65-4441-9588-42dea2bc372f,9132b63e-f162-47e4-a9c3-49e03602f8ac,4,22100000000.0,7f5b6f7e-1c2d-4a4e-9a51-3a3f1d3c0a01,eade7b17-b0d0-40bd-8dff-01baf0db6ecb,2026-05-16T11:26:00Z,2026-05-16T11:26:00Z,0,1
efb2d33c-171a-4532-8d07-018b416aa7f6,Pouya Metals Supply Ltd.,ACC-000490,100000004,3,Isfahan,Iran,29a3b2e9-5d65-4441-9588-42dea2bc372f,10f1bc81-448a-4a9e-a6b2-bc5b50c187fc,1,85200000000.0,7f5b6f7e-1c2d-4a4e-9a51-3a3f1d3c0a01,f5f3943a-e8e7-4030-8203-83406372d635,2026-05-18T11:19:00Z,2026-05-18T11:19:00Z,0,1
10fd7164-819f-4393-82ce-ef41b2cfba8b,Orang Steel Structures Ltd.,ACC-000491,100000001,8,Khuzestan,Iran,a28defe3-9bf0-4273-9247-6f57a5e5a5ab,366eb16f-508e-4ad7-b7c9-3acfe059a0ee,4,11500000000.0,7f5b6f7e-1c2d-4a4e-9a51-3a3f1d3c0a01,eb25d7e7-e073-4c70-ac20-2d89b7a69c32,2026-05-16T05:31:00Z,2026-05-16T05:31:00Z,0,1
4823debe-ccad-492e-93dc-4faed3a71b83,Chakad Agri-Steel Industries,ACC-000492,100000006,8,Khuzestan,Iran,a28defe3-9bf0-4273-9247-6f57a5e5a5ab,366eb16f-508e-4ad7-b7c9-3acfe059a0ee,100000000,10800000000.0,7f5b6f7e-1c2d-4a4e-9a51-3a3f1d3c0a01,690a7b80-af8d-488d-9811-70c1d8d2660e,2026-05-16T12:29:00Z,2026-05-16T12:29:00Z,0,1
4362262d-e07e-4721-a71d-6ba3486dce57,Nasim Housing Development Industries,ACC-000493,100000005,3,Tehran,Iran,7412b293-4729-4739-a14f-f3d719db3ad0,ce177b4e-0837-48a3-9261-a7ab3aa2e4f9,100000001,194000000000.0,7f5b6f7e-1c2d-4a4e-9a51-3a3f1d3c0a01,47efa886-d5b5-47b0-b92e-dfa1df266424,2026-05-14T10:56:00Z,2026-05-14T10:56:00Z,0,1
8f942977-b582-4f0c-bd23-36f45b44e6ed,Sahand Eskelet Felezi Ltd.,ACC-000494,100000001,8,Tehran,Iran,7412b293-4729-4739-a14f-f3d719db3ad0,b02b61c4-a3d7-4628-ace6-6fa2fd5166e6,1,11100000000.0,7f5b6f7e-1c2d-4a4e-9a51-3a3f1d3c0a01,7796048f-b4b9-4b73-a9de-bccc429e09bd,2026-05-21T07:43:00Z,2026-05-21T07:43:00Z,0,1
076451d3-275d-4459-92d3-6897d6442365,Rayan Eskelet Felezi Co.,ACC-000495,100000001,8,Tehran,Iran,7412b293-4729-4739-a14f-f3d719db3ad0,b02b61c4-a3d7-4628-ace6-6fa2fd5166e6,4,17300000000.0,7f5b6f7e-1c2d-4a4e-9a51-3a3f1d3c0a01,5422ea97-e32a-4787-9824-6315ad49e072,2026-05-17T05:24:00Z,2026-05-17T05:24:00Z,0,1
73fe7e1d-f36d-4b13-9f53-4d9aa7faf009,Sahand Eskelet Felezi Group,ACC-000496,100000001,8,Tehran,Iran,7412b293-4729-4739-a14f-f3d719db3ad0,5304317f-af42-412f-b838-b3268e944239,100000000,16300000000.0,7f5b6f7e-1c2d-4a4e-9a51-3a3f1d3c0a01,a0dbfca2-743c-4b6b-bad7-c891a8d791b6,2026-05-19T06:55:00Z,2026-05-19T06:55:00Z,0,1
189ac35d-aa5f-49ca-9bea-530d219c00cb,Iranmehr Pipe Works Industries,ACC-000497,100000002,3,Isfahan,Iran,29a3b2e9-5d65-4441-9588-42dea2bc372f,9132b63e-f162-47e4-a9c3-49e03602f8ac,4,31000000000.0,7f5b6f7e-1c2d-4a4e-9a51-3a3f1d3c0a01,ebf484d0-ce6d-49bf-bc63-3d6c6eaf0a90,2026-05-16T04:47:00Z,2026-05-16T04:47:00Z,0,1
cf5c8dd3-df10-4434-ab09-6202f77aefe1,Kian Agri-Steel Co.,ACC-000498,100000006,3,Tehran,Iran,7412b293-4729-4739-a14f-f3d719db3ad0,5304317f-af42-412f-b838-b3268e944239,100000000,7800000000.0,7f5b6f7e-1c2d-4a4e-9a51-3a3f1d3c0a01,b4522738-e073-49de-aa8f-7654155287c7,2026-05-17T06:07:00Z,2026-05-17T06:07:00Z,0,1
4491be40-1042-4a8e-8da2-2a3950db8e34,Mahan Sazeh Group,ACC-000499,100000000,3,Tehran,Iran,7412b293-4729-4739-a14f-f3d719db3ad0,0e51f30d-c6a7-4e39-84b0-32ccd7c524a5,1,16400000000.0,7f5b6f7e-1c2d-4a4e-9a51-3a3f1d3c0a01,de1d4653-d112-4bb8-a7b2-df91adbd2e33,2026-05-18T05:37:00Z,2026-05-18T05:37:00Z,0,1
af5a7636-e8b8-4252-9670-cd19383e69a4,Navid Contracting Group,ACC-000500,100000000,8,East Azerbaijan,Iran,aefcfad8-efc8-4849-b3aa-7efe4458a885,beb79919-3f22-4af8-a3be-d01d43cf2fde,100000000,23600000000.0,7f5b6f7e-1c2d-4a4e-9a51-3a3f1d3c0a01,72c573e9-58c5-4875-a56c-0a56f05ff9c3,2026-05-16T08:01:00Z,2026-05-16T08:01:00Z,0,1
2804335a-3311-45e0-ac5c-ce54210c78d9,Tirdad Agri-Steel Co.,ACC-000501,100000006,8,Khorasan Razavi,Iran,ab9099a4-35a2-40ae-9af3-05535ec42e08,24933b83-7577-40a9-a491-f0b2ea1fca65,100000000,5200000000.0,7f5b6f7e-1c2d-4a4e-9a51-3a3f1d3c0a01,78ea47e2-cbc4-4d42-9c39-b57dbc0dbd13,2026-05-21T09:09:00Z,2026-05-21T09:09:00Z,0,1
0ce87570-b4d6-43e6-9aa9-0d26ab636d66,Behsaz Golkhaneh Sazan Co.,ACC-000502,100000006,8,Alborz,Iran,7412b293-4729-4739-a14f-f3d719db3ad0,0e51f30d-c6a7-4e39-84b0-32ccd7c524a5,100000000,9300000000.0,7f5b6f7e-1c2d-4a4e-9a51-3a3f1d3c0a01,c4f5b03e-5af1-428c-88ee-46bf571f7cdb,2026-05-14T09:58:00Z,2026-05-14T09:58:00Z,0,1
6b579789-4bb4-4889-b900-5224851031c0,Karun Agri-Steel Industries,ACC-000503,100000006,3,Tehran,Iran,7412b293-4729-4739-a14f-f3d719db3ad0,0e51f30d-c6a7-4e39-84b0-32ccd7c524a5,1,7800000000.0,7f5b6f7e-1c2d-4a4e-9a51-3a3f1d3c0a01,ec2a322b-a901-4e33-897e-f98dc25a6eb3,2026-05-18T05:24:00Z,2026-05-18T05:24:00Z,0,1
e67410de-479f-45f3-93b6-81500205e16a,Sepehr Fabrication Works Group,ACC-000504,100000001,8,Tehran,Iran,7412b293-4729-4739-a14f-f3d719db3ad0,b02b61c4-a3d7-4628-ace6-6fa2fd5166e6,1,20400000000.0,7f5b6f7e-1c2d-4a4e-9a51-3a3f1d3c0a01,b8b791b0-4de8-4d1e-9fa0-bc178db969af,2026-05-20T12:57:00Z,2026-05-20T12:57:00Z,0,1
15936f42-4d31-49b3-a187-8e933281f976,Hoda Fabrication Works Co.,ACC-000505,100000001,3,Khuzestan,Iran,a28defe3-9bf0-4273-9247-6f57a5e5a5ab,366eb16f-508e-4ad7-b7c9-3acfe059a0ee,1,16600000000.0,7f5b6f7e-1c2d-4a4e-9a51-3a3f1d3c0a01,9fd60922-8b5f-44aa-a338-6d523483a23b,2026-05-16T05:36:00Z,2026-05-16T05:36:00Z,0,1
b6f31d02-90ca-4ac3-94e3-552bfd2f1be9,Javid Fabrication Works Ltd.,ACC-000506,100000001,3,Khuzestan,Iran,a28defe3-9bf0-4273-9247-6f57a5e5a5ab,366eb16f-508e-4ad7-b7c9-3acfe059a0ee,100000000,16000000000.0,7f5b6f7e-1c2d-4a4e-9a51-3a3f1d3c0a01,f0fbdb65-a6a5-490a-81ad-e98a0c3838a5,2026-05-23T13:01:00Z,2026-05-23T13:01:00Z,0,1
13fc927f-7237-4f5b-b6fc-1c4679ebb8bb,Alvand Dam & Water Works Group,ACC-000507,100000005,3,Alborz,Iran,7412b293-4729-4739-a14f-f3d719db3ad0,5304317f-af42-412f-b838-b3268e944239,4,112400000000.0,7f5b6f7e-1c2d-4a4e-9a51-3a3f1d3c0a01,6cfa28cf-b62e-410a-a584-83851915bb1c,2026-05-17T12:50:00Z,2026-05-17T12:50:00Z,0,1
f2a45575-ee58-4967-b063-796a70a91477,Nima Profile Sazan Co.,ACC-000508,100000002,3,East Azerbaijan,Iran,aefcfad8-efc8-4849-b3aa-7efe4458a885,beb79919-3f22-4af8-a3be-d01d43cf2fde,4,31700000000.0,7f5b6f7e-1c2d-4a4e-9a51-3a3f1d3c0a01,c7610e83-84d9-4451-8f18-8e729696dc6c,2026-05-16T13:00:00Z,2026-05-16T13:00:00Z,0,1
c8a6a005-2463-463c-a493-16b4ca8c5366,Persis Ahan Bazar Co.,ACC-000509,100000004,8,Mazandaran,Iran,7412b293-4729-4739-a14f-f3d719db3ad0,ce177b4e-0837-48a3-9261-a7ab3aa2e4f9,100000000,85800000000.0,7f5b6f7e-1c2d-4a4e-9a51-3a3f1d3c0a01,5fdc9844-fdb3-4e45-8e0f-89b95f187c02,2026-05-19T10:39:00Z,2026-05-19T10:39:00Z,0,1
21ffcf72-9b0f-4aa7-956c-478fb8541d6a,Mehrgan Metals Supply Industries,ACC-000510,100000004,8,Mazandaran,Iran,7412b293-4729-4739-a14f-f3d719db3ad0,ce177b4e-0837-48a3-9261-a7ab3aa2e4f9,100000000,66600000000.0,7f5b6f7e-1c2d-4a4e-9a51-3a3f1d3c0a01,4f489f45-92b4-402c-bb2e-60e16ae63480,2026-05-16T05:24:00Z,2026-05-16T05:24:00Z,0,1
8591a818-91fb-4925-b511-24380d892ced,Darya Urban Infrastructure Group,ACC-000511,100000005,8,Khuzestan,Iran,a28defe3-9bf0-4273-9247-6f57a5e5a5ab,366eb16f-508e-4ad7-b7c9-3acfe059a0ee,100000001,88500000000.0,7f5b6f7e-1c2d-4a4e-9a51-3a3f1d3c0a01,4f10aae3-b518-474f-8587-4243cbd10fdc,2026-05-16T04:50:00Z,2026-05-16T04:50:00Z,0,1
61cb78c3-513f-49a9-8724-91cadc11eb13,Bamdad Metal Center Co.,ACC-000512,100000004,8,Fars,Iran,3eabedcb-baa8-4dd4-88bd-64072bcfbe01,e27a984d-6548-41d0-bfcd-9eb1a7cad415,100000000,68600000000.0,7f5b6f7e-1c2d-4a4e-9a51-3a3f1d3c0a01,57076494-05f4-449b-af10-b6ccdcaa5994,2026-05-17T08:07:00Z,2026-05-17T08:07:00Z,0,1
3d57ee27-33da-4fc1-8d47-e26d1ef7a52e,Sahand Appliance Components Co.,ACC-000513,100000003,8,East Azerbaijan,Iran,aefcfad8-efc8-4849-b3aa-7efe4458a885,beb79919-3f22-4af8-a3be-d01d43cf2fde,1,15100000000.0,7f5b6f7e-1c2d-4a4e-9a51-3a3f1d3c0a01,24784b7d-51ee-4cc8-9947-4d1a63d316c1,2026-05-16T09:17:00Z,2026-05-16T09:17:00Z,0,1
8dd7e052-44e7-4702-84c4-7757e2db1ce3,Espadana Eskelet Felezi Industries,ACC-000514,100000001,3,Tehran,Iran,7412b293-4729-4739-a14f-f3d719db3ad0,b02b61c4-a3d7-4628-ace6-6fa2fd5166e6,4,15200000000.0,7f5b6f7e-1c2d-4a4e-9a51-3a3f1d3c0a01,44f00717-1d75-4901-b309-106e62928cdc,2026-05-21T08:42:00Z,2026-05-21T08:42:00Z,0,1
3ec2e72a-c832-43f0-ab0e-63fdfc3d3138,Fardis Steel Trading Co.,ACC-000515,100000004,8,East Azerbaijan,Iran,aefcfad8-efc8-4849-b3aa-7efe4458a885,beb79919-3f22-4af8-a3be-d01d43cf2fde,1,83200000000.0,7f5b6f7e-1c2d-4a4e-9a51-3a3f1d3c0a01,d8a5aa52-157b-4495-b22b-e4aa68208025,2026-05-13T12:28:00Z,2026-05-13T12:28:00Z,0,1
b99e6f7b-23c0-4eb1-949b-862d1f7b6b19,Tirdad Ahan Bazar Group,ACC-000516,100000004,8,Isfahan,Iran,29a3b2e9-5d65-4441-9588-42dea2bc372f,9132b63e-f162-47e4-a9c3-49e03602f8ac,100000000,43000000000.0,7f5b6f7e-1c2d-4a4e-9a51-3a3f1d3c0a01,11e74656-9026-4d4c-88ba-135ebd3b17eb,2026-05-19T11:39:00Z,2026-05-19T11:39:00Z,0,1
cef44098-4d9d-4bb1-a00f-80d49d0a94df,Zagros Omran Co.,ACC-000517,100000000,3,Fars,Iran,3eabedcb-baa8-4dd4-88bd-64072bcfbe01,e27a984d-6548-41d0-bfcd-9eb1a7cad415,4,11800000000.0,7f5b6f7e-1c2d-4a4e-9a51-3a3f1d3c0a01,0265a223-71cf-4772-b167-d947efadf069,2026-05-16T09:44:00Z,2026-05-16T09:44:00Z,0,1
47003fcf-deb2-4490-9c66-fdd96565e779,Pardis Construction Ltd.,ACC-000518,100000000,8,Khuzestan,Iran,a28defe3-9bf0-4273-9247-6f57a5e5a5ab,366eb16f-508e-4ad7-b7c9-3acfe059a0ee,4,28200000000.0,7f5b6f7e-1c2d-4a4e-9a51-3a3f1d3c0a01,096b7724-5ced-43b3-b7a0-be7a7e6a3ea7,2026-05-18T12:21:00Z,2026-05-18T12:21:00Z,0,1
db00ab4c-91e5-4e86-aefe-02c34276bfe1,Rahyab Appliance Components Industries,ACC-000519,100000003,8,Alborz,Iran,7412b293-4729-4739-a14f-f3d719db3ad0,b02b61c4-a3d7-4628-ace6-6fa2fd5166e6,4,24300000000.0,7f5b6f7e-1c2d-4a4e-9a51-3a3f1d3c0a01,9691f45d-10bb-494e-acef-755790ad07c6,2026-05-19T08:48:00Z,2026-05-19T08:48:00Z,0,1
846af2e6-5c89-4b2a-bedd-fc1777723a5a,Ilia Golkhaneh Sazan Industries,ACC-000520,100000006,8,Mazandaran,Iran,7412b293-4729-4739-a14f-f3d719db3ad0,b02b61c4-a3d7-4628-ace6-6fa2fd5166e6,100000000,7500000000.0,7f5b6f7e-1c2d-4a4e-9a51-3a3f1d3c0a01,a6685e80-f16d-4fe8-ac50-4475a4165dd1,2026-05-18T06:58:00Z,2026-05-18T06:58:00Z,0,1
326684ff-3ffe-4652-aac0-32fa130e8618,Hirad Eskelet Felezi Industries,ACC-000521,100000001,3,Isfahan,Iran,29a3b2e9-5d65-4441-9588-42dea2bc372f,10f1bc81-448a-4a9e-a6b2-bc5b50c187fc,1,25700000000.0,7f5b6f7e-1c2d-4a4e-9a51-3a3f1d3c0a01,39c2c1a2-bcc9-445c-bd81-fbc0067ec672,2026-05-12T10:06:00Z,2026-05-12T10:06:00Z,0,1
e3dc8702-5033-44b1-a09c-f7af0889360f,Mahtab Construction Group,ACC-000522,100000000,8,Tehran,Iran,7412b293-4729-4739-a14f-f3d719db3ad0,0e51f30d-c6a7-4e39-84b0-32ccd7c524a5,4,31300000000.0,7f5b6f7e-1c2d-4a4e-9a51-3a3f1d3c0a01,9997496b-c697-4476-92aa-48cff18c5581,2026-05-14T09:23:00Z,2026-05-14T09:23:00Z,0,1
acffa99f-f005-4f9a-a6a2-c94556f11afb,Bamdad Sakhteman Group,ACC-000523,100000000,3,Isfahan,Iran,29a3b2e9-5d65-4441-9588-42dea2bc372f,9132b63e-f162-47e4-a9c3-49e03602f8ac,4,21000000000.0,7f5b6f7e-1c2d-4a4e-9a51-3a3f1d3c0a01,6d98567e-cb8f-4981-b6d6-682f6248953e,2026-05-16T11:14:00Z,2026-05-16T11:14:00Z,0,1
204054fb-92be-47c4-a784-cabe3190b8f4,Tarava Steel Depot Ltd.,ACC-000524,100000004,8,Khorasan Razavi,Iran,ab9099a4-35a2-40ae-9af3-05535ec42e08,24933b83-7577-40a9-a491-f0b2ea1fca65,1,85200000000.0,7f5b6f7e-1c2d-4a4e-9a51-3a3f1d3c0a01,1ba651ed-3146-44a6-967a-efbb5404801d,2026-05-16T09:48:00Z,2026-05-16T09:48:00Z,0,1
3385db3b-e893-486d-a3fb-6609334b92a2,Aban Steel Trading Ltd.,ACC-000525,100000004,3,Alborz,Iran,7412b293-4729-4739-a14f-f3d719db3ad0,ce177b4e-0837-48a3-9261-a7ab3aa2e4f9,100000000,76700000000.0,7f5b6f7e-1c2d-4a4e-9a51-3a3f1d3c0a01,d1b60755-81d1-4226-bcc5-6af30eac5e90,2026-05-16T05:49:00Z,2026-05-16T05:49:00Z,0,1
4cb4a7f6-9db8-4f7e-95ed-d864f68b6ba0,Omid Golkhaneh Sazan Industries,ACC-000526,100000006,3,East Azerbaijan,Iran,aefcfad8-efc8-4849-b3aa-7efe4458a885,beb79919-3f22-4af8-a3be-d01d43cf2fde,1,10000000000.0,7f5b6f7e-1c2d-4a4e-9a51-3a3f1d3c0a01,b11c7dff-b1dd-448c-b9c9-1e00aaf8e1d5,2026-05-21T08:24:00Z,2026-05-21T08:24:00Z,0,1
3ef7839f-8df4-497b-98f8-001856fe4769,Omid Iron & Steel Supply Industries,ACC-000527,100000004,3,Hormozgan,Iran,3eabedcb-baa8-4dd4-88bd-64072bcfbe01,e27a984d-6548-41d0-bfcd-9eb1a7cad415,1,62000000000.0,7f5b6f7e-1c2d-4a4e-9a51-3a3f1d3c0a01,32f9b771-0799-4940-b9ad-de7d0b3d58ad,2026-05-14T04:47:00Z,2026-05-14T04:47:00Z,0,1
5ea0c503-3d7a-474e-b4c9-c3ad4e19392b,Espadana Tube Mills Co.,ACC-000528,100000002,8,Alborz,Iran,7412b293-4729-4739-a14f-f3d719db3ad0,5304317f-af42-412f-b838-b3268e944239,4,53400000000.0,7f5b6f7e-1c2d-4a4e-9a51-3a3f1d3c0a01,23226464-ad6d-44ef-94d9-a0ae055fd8d1,2026-05-16T08:30:00Z,2026-05-16T08:30:00Z,0,1
217bc29e-ec95-43e9-a1fa-246624f982ec,Nasim Sakhteman Co.,ACC-000529,100000000,3,Tehran,Iran,7412b293-4729-4739-a14f-f3d719db3ad0,5304317f-af42-412f-b838-b3268e944239,100000000,24800000000.0,7f5b6f7e-1c2d-4a4e-9a51-3a3f1d3c0a01,6f082598-e1b4-47ef-9f8a-4862ff68ef1a,2026-05-16T08:01:00Z,2026-05-16T08:01:00Z,0,1
a1243bea-0da2-4154-bf46-a43a53e2e047,Taban Tube Mills Industries,ACC-000530,100000002,8,Isfahan,Iran,29a3b2e9-5d65-4441-9588-42dea2bc372f,10f1bc81-448a-4a9e-a6b2-bc5b50c187fc,1,35300000000.0,7f5b6f7e-1c2d-4a4e-9a51-3a3f1d3c0a01,dabc47ce-3068-4fdd-965a-fd0f9db402f1,2026-05-18T07:21:00Z,2026-05-18T07:21:00Z,0,1
94c8a69d-44b1-41ee-b948-36f27eaab0a1,Mahtab Eskelet Felezi Co.,ACC-000531,100000001,8,East Azerbaijan,Iran,aefcfad8-efc8-4849-b3aa-7efe4458a885,beb79919-3f22-4af8-a3be-d01d43cf2fde,1,17300000000.0,7f5b6f7e-1c2d-4a4e-9a51-3a3f1d3c0a01,868592d2-5fb6-4406-b665-8a3452630028,2026-05-16T08:48:00Z,2026-05-16T08:48:00Z,0,1
15b2c2b4-8cf0-497b-8128-d40b5fc57ff4,Arya Steel Structures Co.,ACC-000532,100000001,8,Fars,Iran,3eabedcb-baa8-4dd4-88bd-64072bcfbe01,e27a984d-6548-41d0-bfcd-9eb1a7cad415,1,34900000000.0,7f5b6f7e-1c2d-4a4e-9a51-3a3f1d3c0a01,37f5c238-6559-4365-bc00-a0f0dcf89878,2026-05-21T07:38:00Z,2026-05-21T07:38:00Z,0,1
4b658517-1519-413c-a6c7-1f155bed83be,Pardis Housing Development Ltd.,ACC-000533,100000005,8,East Azerbaijan,Iran,aefcfad8-efc8-4849-b3aa-7efe4458a885,beb79919-3f22-4af8-a3be-d01d43cf2fde,4,237600000000.0,7f5b6f7e-1c2d-4a4e-9a51-3a3f1d3c0a01,71127f4b-2df8-4502-8653-ee8561e30fb4,2026-05-17T04:44:00Z,2026-05-17T04:44:00Z,0,1
3a42958b-65c2-480d-9d8f-3007263749ec,Pishgam Steel Depot Industries,ACC-000534,100000004,3,Khuzestan,Iran,a28defe3-9bf0-4273-9247-6f57a5e5a5ab,366eb16f-508e-4ad7-b7c9-3acfe059a0ee,100000000,54500000000.0,7f5b6f7e-1c2d-4a4e-9a51-3a3f1d3c0a01,c1ff9427-9477-49d7-9265-80c067dfc9af,2026-05-20T07:06:00Z,2026-05-20T07:06:00Z,0,1
07b4e684-8ef6-4ee8-9a5a-8bc373315c49,Varna Pipe Works Co.,ACC-000535,100000002,8,Isfahan,Iran,29a3b2e9-5d65-4441-9588-42dea2bc372f,9132b63e-f162-47e4-a9c3-49e03602f8ac,4,82100000000.0,7f5b6f7e-1c2d-4a4e-9a51-3a3f1d3c0a01,d8867545-5025-4c18-95fb-f5dccabaef3c,2026-05-16T06:24:00Z,2026-05-16T06:24:00Z,0,1
c0ac1c00-af8e-46b2-acfb-f1736b4d3d1a,Tous Sakhteman Co.,ACC-000536,100000000,8,East Azerbaijan,Iran,aefcfad8-efc8-4849-b3aa-7efe4458a885,beb79919-3f22-4af8-a3be-d01d43cf2fde,100000000,11100000000.0,7f5b6f7e-1c2d-4a4e-9a51-3a3f1d3c0a01,bce0caef-f17f-45c0-8e39-f65a20db4294,2026-05-23T09:43:00Z,2026-05-23T09:43:00Z,0,1
62ed5403-88d4-4ff4-904f-3fc56400bb0e,Sepehr Contracting Co.,ACC-000537,100000000,8,Tehran,Iran,7412b293-4729-4739-a14f-f3d719db3ad0,b02b61c4-a3d7-4628-ace6-6fa2fd5166e6,1,15100000000.0,7f5b6f7e-1c2d-4a4e-9a51-3a3f1d3c0a01,9174f53b-548b-4c63-be87-a6bcf3e00dc5,2026-05-16T04:46:00Z,2026-05-16T04:46:00Z,0,1
fd561b27-2833-49b8-a41f-79aa692e33b9,Gilan Eskelet Felezi Co.,ACC-000538,100000001,3,Tehran,Iran,7412b293-4729-4739-a14f-f3d719db3ad0,5304317f-af42-412f-b838-b3268e944239,4,14100000000.0,7f5b6f7e-1c2d-4a4e-9a51-3a3f1d3c0a01,02d3fb7e-84be-4e1c-9e5f-feaa0eb54078,2026-05-16T06:52:00Z,2026-05-16T06:52:00Z,0,1
4f4c3f0b-34a7-4f9d-9ed5-c01721433dfc,Arman Metal Center Ltd.,ACC-000539,100000004,8,East Azerbaijan,Iran,aefcfad8-efc8-4849-b3aa-7efe4458a885,beb79919-3f22-4af8-a3be-d01d43cf2fde,1,61900000000.0,7f5b6f7e-1c2d-4a4e-9a51-3a3f1d3c0a01,639509c4-119a-4396-be3e-9a907a6eaaa5,2026-05-16T06:08:00Z,2026-05-16T06:08:00Z,0,1
1752815c-bcbf-4583-8a01-75e5937d6fb1,Pouya Sakhteman Ltd.,ACC-000540,100000000,8,Khorasan Razavi,Iran,ab9099a4-35a2-40ae-9af3-05535ec42e08,24933b83-7577-40a9-a491-f0b2ea1fca65,100000000,14800000000.0,7f5b6f7e-1c2d-4a4e-9a51-3a3f1d3c0a01,91b8ff07-e909-4654-9432-3b1c869e8836,2026-05-16T05:34:00Z,2026-05-16T05:34:00Z,0,1
4775d7ab-d207-4bc4-b885-8b6d23e7cd20,Iman Eskelet Felezi Co.,ACC-000541,100000001,3,Tehran,Iran,7412b293-4729-4739-a14f-f3d719db3ad0,5304317f-af42-412f-b838-b3268e944239,1,25300000000.0,7f5b6f7e-1c2d-4a4e-9a51-3a3f1d3c0a01,a832a228-8c65-401b-9521-e8251177fdd5,2026-05-16T04:41:00Z,2026-05-16T04:41:00Z,0,1
833334f6-6a6a-4149-8b44-676d2ac39be9,Raman Auto Parts Mfg.,ACC-000542,100000003,8,Khuzestan,Iran,a28defe3-9bf0-4273-9247-6f57a5e5a5ab,366eb16f-508e-4ad7-b7c9-3acfe059a0ee,4,22200000000.0,7f5b6f7e-1c2d-4a4e-9a51-3a3f1d3c0a01,ae11d3c2-3130-4c8f-920e-0734564d46aa,2025-05-05T06:30:00Z,2025-05-05T06:30:00Z,0,1
3677f5b4-63a1-4caa-8311-362650f51e97,Dena Urban Infrastructure Co.,ACC-000543,100000005,8,Khorasan Razavi,Iran,ab9099a4-35a2-40ae-9af3-05535ec42e08,24933b83-7577-40a9-a491-f0b2ea1fca65,100000001,159900000000.0,7f5b6f7e-1c2d-4a4e-9a51-3a3f1d3c0a01,6522e8b9-8aad-4665-af30-141d3505c563,2025-05-14T07:42:00Z,2025-05-14T07:42:00Z,0,1
fd8fb938-fbac-4ade-bfe4-36d1994f7c31,Borna Dam & Water Works Group,ACC-000544,100000005,8,Tehran,Iran,7412b293-4729-4739-a14f-f3d719db3ad0,ce177b4e-0837-48a3-9261-a7ab3aa2e4f9,4,110100000000.0,7f5b6f7e-1c2d-4a4e-9a51-3a3f1d3c0a01,9fb886b2-a662-4b92-8748-ffb3d0a96757,2025-03-25T10:18:00Z,2025-03-25T10:18:00Z,0,1
2207cb65-b197-4ed1-857a-e3fff8ed08ae,Parsian Pipe & Profile Industries,ACC-000545,100000002,3,Tehran,Iran,7412b293-4729-4739-a14f-f3d719db3ad0,b02b61c4-a3d7-4628-ace6-6fa2fd5166e6,4,54100000000.0,7f5b6f7e-1c2d-4a4e-9a51-3a3f1d3c0a01,91b76c45-d9b8-4389-ac16-ddb7fd93754a,2025-02-01T05:56:00Z,2025-02-01T05:56:00Z,0,1
e97f995d-9bc8-46f6-8484-a1b355c974a4,Sepehr Greenhouse Structures Group,ACC-000546,100000006,8,Tehran,Iran,7412b293-4729-4739-a14f-f3d719db3ad0,b02b61c4-a3d7-4628-ace6-6fa2fd5166e6,1,5700000000.0,7f5b6f7e-1c2d-4a4e-9a51-3a3f1d3c0a01,fa5f9e72-5166-488b-b008-32dae24ba9d4,2025-04-19T07:43:00Z,2025-04-19T07:43:00Z,0,1
3c847821-4f10-4422-9fc2-2517e593562b,Kaspian Sazeh Co.,ACC-000547,100000000,3,Isfahan,Iran,29a3b2e9-5d65-4441-9588-42dea2bc372f,10f1bc81-448a-4a9e-a6b2-bc5b50c187fc,100000000,27200000000.0,7f5b6f7e-1c2d-4a4e-9a51-3a3f1d3c0a01,80e022c8-3b80-4c61-bde7-8473a3fdd59c,2024-12-04T07:09:00Z,2024-12-04T07:09:00Z,0,1
225f52ab-5425-44b8-a098-d2e3bd3fdb62,Farnam Omran Group,ACC-000548,100000000,8,Isfahan,Iran,29a3b2e9-5d65-4441-9588-42dea2bc372f,9132b63e-f162-47e4-a9c3-49e03602f8ac,4,25700000000.0,7f5b6f7e-1c2d-4a4e-9a51-3a3f1d3c0a01,a45ca94a-3452-48c4-a031-046126d3e222,2024-12-23T11:49:00Z,2024-12-23T11:49:00Z,0,1
0dd7cac2-8a10-45c5-b4b0-738e3e040782,Negin Metals Supply Industries,ACC-000549,100000004,3,Tehran,Iran,7412b293-4729-4739-a14f-f3d719db3ad0,0e51f30d-c6a7-4e39-84b0-32ccd7c524a5,100000000,76900000000.0,7f5b6f7e-1c2d-4a4e-9a51-3a3f1d3c0a01,cab21438-8557-4c6c-8a23-b722c2afba28,2025-03-01T04:35:00Z,2025-03-01T04:35:00Z,0,1
f42973f5-d1d1-4e0b-a7e7-a6bdc2a49fd8,Alvand Omran Co.,ACC-000550,100000000,3,Tehran,Iran,7412b293-4729-4739-a14f-f3d719db3ad0,0e51f30d-c6a7-4e39-84b0-32ccd7c524a5,100000000,15300000000.0,7f5b6f7e-1c2d-4a4e-9a51-3a3f1d3c0a01,6c35e33c-70fe-45a1-b880-adc62af2b718,2025-07-02T12:10:00Z,2025-07-02T12:10:00Z,0,1
61652fd3-41dd-4edf-acfa-a174ba059e68,Pouya Fabrication Works Co.,ACC-000551,100000001,3,Tehran,Iran,7412b293-4729-4739-a14f-f3d719db3ad0,0e51f30d-c6a7-4e39-84b0-32ccd7c524a5,100000000,17700000000.0,7f5b6f7e-1c2d-4a4e-9a51-3a3f1d3c0a01,4cdbf99e-ebe9-4dd4-a80d-9169c24489e1,2025-02-16T05:50:00Z,2025-02-16T05:50:00Z,0,1
5fcf5c22-b9b0-4c1a-baf9-706d802ddcc4,Jahan Rail & Road Projects Ltd.,ACC-000552,100000005,8,Hormozgan,Iran,3eabedcb-baa8-4dd4-88bd-64072bcfbe01,e27a984d-6548-41d0-bfcd-9eb1a7cad415,100000001,92200000000.0,7f5b6f7e-1c2d-4a4e-9a51-3a3f1d3c0a01,7b189d5d-9b24-4a55-8fe8-8b776009a05a,2025-03-06T04:36:00Z,2025-03-06T04:36:00Z,0,1
eea00af9-6283-450f-9fdd-c20aebee30cf,Nasim Sakhteman Group,ACC-000553,100000000,3,East Azerbaijan,Iran,aefcfad8-efc8-4849-b3aa-7efe4458a885,beb79919-3f22-4af8-a3be-d01d43cf2fde,1,27900000000.0,7f5b6f7e-1c2d-4a4e-9a51-3a3f1d3c0a01,be006ccb-f872-4487-a507-c321f0b6844f,2025-02-08T07:32:00Z,2025-02-08T07:32:00Z,0,1
6c8de840-ed30-4556-a2a5-3193a6a1cc2b,Pishgam Tube Mills Ltd.,ACC-000554,100000002,8,Khuzestan,Iran,a28defe3-9bf0-4273-9247-6f57a5e5a5ab,366eb16f-508e-4ad7-b7c9-3acfe059a0ee,4,69000000000.0,7f5b6f7e-1c2d-4a4e-9a51-3a3f1d3c0a01,c571f9ab-4158-4d90-b504-4d156fb138c2,2025-04-02T07:21:00Z,2025-04-02T07:21:00Z,0,1
7de1936b-d0fe-44f1-ab1c-2d3dfcadb3fd,Parsian Metals Supply Co.,ACC-000555,100000004,8,Isfahan,Iran,29a3b2e9-5d65-4441-9588-42dea2bc372f,10f1bc81-448a-4a9e-a6b2-bc5b50c187fc,100000000,69500000000.0,7f5b6f7e-1c2d-4a4e-9a51-3a3f1d3c0a01,cc2b2f49-c6d5-4a90-9296-ae08a2dcb574,2024-12-11T06:19:00Z,2024-12-11T06:19:00Z,0,1
1c3892e8-f2cf-4d63-80ab-4b7f2e968660,Pishgam Housing Development Group,ACC-000556,100000005,8,Tehran,Iran,7412b293-4729-4739-a14f-f3d719db3ad0,ce177b4e-0837-48a3-9261-a7ab3aa2e4f9,100000001,136900000000.0,7f5b6f7e-1c2d-4a4e-9a51-3a3f1d3c0a01,6e52b671-bba8-47e5-89d0-aac1a78eb37c,2025-06-26T08:39:00Z,2025-06-26T08:39:00Z,0,1
3c1a8ce2-95ec-4c2c-8798-3bc0579744ba,Diba Auto Parts Mfg.,ACC-000557,100000003,3,Fars,Iran,3eabedcb-baa8-4dd4-88bd-64072bcfbe01,e27a984d-6548-41d0-bfcd-9eb1a7cad415,1,33700000000.0,7f5b6f7e-1c2d-4a4e-9a51-3a3f1d3c0a01,e9b87e7a-a078-4a1f-b0d3-b5f768a69e71,2025-01-11T07:23:00Z,2025-01-11T07:23:00Z,0,1
57d3ec63-e3e1-43bb-ae8e-60755eebc618,Tirdad Omran Industries,ACC-000558,100000000,8,Khuzestan,Iran,a28defe3-9bf0-4273-9247-6f57a5e5a5ab,366eb16f-508e-4ad7-b7c9-3acfe059a0ee,4,14800000000.0,7f5b6f7e-1c2d-4a4e-9a51-3a3f1d3c0a01,852393d7-9a5d-476e-a02b-a25601dbeb73,2025-06-28T11:04:00Z,2025-06-28T11:04:00Z,0,1
a904babd-69c2-4a17-83d1-677a79a6ab72,Karun Construction Group,ACC-000559,100000000,8,Khorasan Razavi,Iran,ab9099a4-35a2-40ae-9af3-05535ec42e08,24933b83-7577-40a9-a491-f0b2ea1fca65,1,9400000000.0,7f5b6f7e-1c2d-4a4e-9a51-3a3f1d3c0a01,87d75309-de77-4156-9f76-043f9a16b853,2025-03-09T12:24:00Z,2025-03-09T12:24:00Z,0,1
9b6fbe20-4b3a-4a83-a286-16f4bbf9a04b,Espadana Loleh Sazi Ltd.,ACC-000560,100000002,3,Khuzestan,Iran,a28defe3-9bf0-4273-9247-6f57a5e5a5ab,366eb16f-508e-4ad7-b7c9-3acfe059a0ee,4,37000000000.0,7f5b6f7e-1c2d-4a4e-9a51-3a3f1d3c0a01,592c6a0e-14d4-4d3a-8b40-fcdd9cd2da08,2024-10-14T07:10:00Z,2024-10-14T07:10:00Z,0,1
fe4cefed-6f55-4c9e-9b00-0f9f16e500e5,Elham Steel Trading Co.,ACC-000561,100000004,8,Isfahan,Iran,29a3b2e9-5d65-4441-9588-42dea2bc372f,9132b63e-f162-47e4-a9c3-49e03602f8ac,100000000,61200000000.0,7f5b6f7e-1c2d-4a4e-9a51-3a3f1d3c0a01,f47e3ca0-723f-485a-a57b-084d2b0582e0,2024-12-05T11:32:00Z,2024-12-05T11:32:00Z,0,1
aa5ca8cd-1f83-4b8d-abac-8660e5c345fc,Nasim Auto Parts Mfg.,ACC-000562,100000003,8,Tehran,Iran,7412b293-4729-4739-a14f-f3d719db3ad0,0e51f30d-c6a7-4e39-84b0-32ccd7c524a5,100000001,19800000000.0,7f5b6f7e-1c2d-4a4e-9a51-3a3f1d3c0a01,622c636f-e713-4930-9395-8e5cedd0ce02,2025-06-08T11:31:00Z,2025-06-08T11:31:00Z,0,1
bca6a6b0-93b0-427e-a154-7769f43dd740,Zarrin Ahan Bazar Co.,ACC-000563,100000004,8,Tehran,Iran,7412b293-4729-4739-a14f-f3d719db3ad0,ce177b4e-0837-48a3-9261-a7ab3aa2e4f9,100000000,93000000000.0,7f5b6f7e-1c2d-4a4e-9a51-3a3f1d3c0a01,92a593c8-1db9-4330-b127-6a5cbe9f44cb,2025-05-21T06:26:00Z,2025-05-21T06:26:00Z,0,1
51f4a724-9950-4858-88ca-c260b3f5a21c,Bamdad Steel Merchants Industries,ACC-000564,100000004,3,Khorasan Razavi,Iran,ab9099a4-35a2-40ae-9af3-05535ec42e08,24933b83-7577-40a9-a491-f0b2ea1fca65,100000000,94000000000.0,7f5b6f7e-1c2d-4a4e-9a51-3a3f1d3c0a01,380a1bb7-d653-44bb-8bfc-a0caf1613bab,2024-10-20T07:50:00Z,2024-10-20T07:50:00Z,0,1
27177e59-5548-4613-8f69-ef2dfb2c2c83,Aban Tube Mills Co.,ACC-000565,100000002,8,East Azerbaijan,Iran,aefcfad8-efc8-4849-b3aa-7efe4458a885,beb79919-3f22-4af8-a3be-d01d43cf2fde,1,53200000000.0,7f5b6f7e-1c2d-4a4e-9a51-3a3f1d3c0a01,4a9f6c5c-7eb9-4e2d-b738-7270d424d9f3,2025-01-05T10:15:00Z,2025-01-05T10:15:00Z,0,1
592aa87b-fd85-4cf8-b932-28b9ad8ac4bc,Laleh Fabrication Works Industries,ACC-000566,100000001,8,Khorasan Razavi,Iran,ab9099a4-35a2-40ae-9af3-05535ec42e08,24933b83-7577-40a9-a491-f0b2ea1fca65,100000000,18800000000.0,7f5b6f7e-1c2d-4a4e-9a51-3a3f1d3c0a01,4c91ef0e-644d-452c-ba36-96cc7ccd1ac6,2025-06-21T06:38:00Z,2025-06-21T06:38:00Z,0,1
18e9ef77-64ce-4589-8c4a-62badb335860,Kavir Sabz Metals Supply Co.,ACC-000567,100000004,3,Tehran,Iran,7412b293-4729-4739-a14f-f3d719db3ad0,5304317f-af42-412f-b838-b3268e944239,100000000,40100000000.0,7f5b6f7e-1c2d-4a4e-9a51-3a3f1d3c0a01,4849032c-4875-4d16-ba0c-96e28720d00f,2025-04-23T11:05:00Z,2025-04-23T11:05:00Z,0,1
fb924354-f34d-4b13-a065-f5cf25c978b5,Dena Metals Supply Industries,ACC-000568,100000004,8,Mazandaran,Iran,7412b293-4729-4739-a14f-f3d719db3ad0,0e51f30d-c6a7-4e39-84b0-32ccd7c524a5,1,100300000000.0,7f5b6f7e-1c2d-4a4e-9a51-3a3f1d3c0a01,32167340-bf95-4f33-8dea-6f5237d7cab3,2025-03-09T10:10:00Z,2025-03-09T10:10:00Z,0,1
6f0eebef-97e8-4057-96a7-01aba66ccf43,Arman Profile Works Industries,ACC-000569,100000002,3,Hormozgan,Iran,3eabedcb-baa8-4dd4-88bd-64072bcfbe01,e27a984d-6548-41d0-bfcd-9eb1a7cad415,4,72200000000.0,7f5b6f7e-1c2d-4a4e-9a51-3a3f1d3c0a01,f1efa963-2dfc-4b9c-b94f-ebeff96277e5,2025-06-16T13:17:00Z,2025-06-16T13:17:00Z,0,1
399557cb-827e-40b2-a892-0b25ab35f75a,Sepehr Abadgaran Co.,ACC-000570,100000000,8,Isfahan,Iran,29a3b2e9-5d65-4441-9588-42dea2bc372f,10f1bc81-448a-4a9e-a6b2-bc5b50c187fc,4,33700000000.0,7f5b6f7e-1c2d-4a4e-9a51-3a3f1d3c0a01,71f34593-a737-419b-a1e0-9bf146748ee4,2025-03-27T13:25:00Z,2025-03-27T13:25:00Z,0,1
4c618a43-6f04-4c76-b3e6-922da5044925,Raman Appliance Components Co.,ACC-000571,100000003,3,Isfahan,Iran,29a3b2e9-5d65-4441-9588-42dea2bc372f,9132b63e-f162-47e4-a9c3-49e03602f8ac,1,26000000000.0,7f5b6f7e-1c2d-4a4e-9a51-3a3f1d3c0a01,b198047f-4612-4424-bac0-67a69297eaac,2025-03-03T04:51:00Z,2025-03-03T04:51:00Z,0,1
1e0914d2-e5c9-43b1-a898-dac4f736df7e,Ava Ahan Forooshi Industries,ACC-000572,100000004,3,Isfahan,Iran,29a3b2e9-5d65-4441-9588-42dea2bc372f,9132b63e-f162-47e4-a9c3-49e03602f8ac,100000000,64600000000.0,7f5b6f7e-1c2d-4a4e-9a51-3a3f1d3c0a01,105dd35c-7d12-4b6b-87b3-d329cfec1804,2025-12-04T10:16:00Z,2025-12-04T10:16:00Z,0,1
2bee2fff-8b5f-43fe-b75d-dff45d123e9b,Raman Pipe & Profile Industries,ACC-000573,100000002,3,Khuzestan,Iran,a28defe3-9bf0-4273-9247-6f57a5e5a5ab,366eb16f-508e-4ad7-b7c9-3acfe059a0ee,1,30300000000.0,7f5b6f7e-1c2d-4a4e-9a51-3a3f1d3c0a01,a71372ab-34cb-4b9a-9338-82b320fa15b7,2026-01-18T13:26:00Z,2026-01-18T13:26:00Z,0,1
e92915a3-85cd-44bf-901c-93a3b1f22be5,Orang Appliance Components Co.,ACC-000574,100000003,3,Khorasan Razavi,Iran,ab9099a4-35a2-40ae-9af3-05535ec42e08,24933b83-7577-40a9-a491-f0b2ea1fca65,4,18100000000.0,7f5b6f7e-1c2d-4a4e-9a51-3a3f1d3c0a01,0bd18d4a-4cf4-4edd-bf93-04fa00059b9d,2025-09-08T10:09:00Z,2025-09-08T10:09:00Z,0,1
371831f3-d527-489b-9b28-65da4cb9be7b,Kaspian Metals Supply Co.,ACC-000575,100000004,3,Isfahan,Iran,29a3b2e9-5d65-4441-9588-42dea2bc372f,9132b63e-f162-47e4-a9c3-49e03602f8ac,100000000,79700000000.0,7f5b6f7e-1c2d-4a4e-9a51-3a3f1d3c0a01,0b73ca1c-d1dc-41e5-a9a1-44751958a981,2026-03-07T13:13:00Z,2026-03-07T13:13:00Z,0,1
e0218caf-ba73-4a4e-86c7-1c162cfcbb3f,Omid Steel Merchants Industries,ACC-000576,100000004,8,Khuzestan,Iran,a28defe3-9bf0-4273-9247-6f57a5e5a5ab,366eb16f-508e-4ad7-b7c9-3acfe059a0ee,1,52200000000.0,7f5b6f7e-1c2d-4a4e-9a51-3a3f1d3c0a01,f3a80aa0-60ee-4cbc-b8e3-c67df8018a19,2026-06-14T11:57:00Z,2026-06-14T11:57:00Z,0,1
705faecd-2edf-402e-b531-8081b4effa29,Navid Rail & Road Projects Ltd.,ACC-000577,100000005,3,Fars,Iran,3eabedcb-baa8-4dd4-88bd-64072bcfbe01,e27a984d-6548-41d0-bfcd-9eb1a7cad415,100000001,195300000000.0,7f5b6f7e-1c2d-4a4e-9a51-3a3f1d3c0a01,44725ab7-bc44-4417-914b-a9bb60f91495,2025-10-13T08:49:00Z,2025-10-13T08:49:00Z,0,1
c544a049-6811-4a5c-8e3f-d50bf28c635f,Darya Press Works Group,ACC-000578,100000003,3,Tehran,Iran,7412b293-4729-4739-a14f-f3d719db3ad0,b02b61c4-a3d7-4628-ace6-6fa2fd5166e6,4,22000000000.0,7f5b6f7e-1c2d-4a4e-9a51-3a3f1d3c0a01,f3dea9dc-469c-458b-896d-036a8092189b,2026-03-01T12:14:00Z,2026-03-01T12:14:00Z,0,1
f2ca2002-f650-4852-82bc-e2e0dfd5988e,Atlas Abadgaran Co.,ACC-000579,100000000,3,Tehran,Iran,7412b293-4729-4739-a14f-f3d719db3ad0,b02b61c4-a3d7-4628-ace6-6fa2fd5166e6,4,38100000000.0,7f5b6f7e-1c2d-4a4e-9a51-3a3f1d3c0a01,3d730c3b-bade-43a0-93a2-2a821458771d,2025-11-11T08:38:00Z,2025-11-11T08:38:00Z,0,1
01ddc628-bef4-4f0c-94d6-761ce92fd9fd,Ava Contracting Co.,ACC-000580,100000000,8,Mazandaran,Iran,7412b293-4729-4739-a14f-f3d719db3ad0,0e51f30d-c6a7-4e39-84b0-32ccd7c524a5,100000000,17700000000.0,7f5b6f7e-1c2d-4a4e-9a51-3a3f1d3c0a01,7f702973-7aca-4b76-a2ec-f870bb15894a,2026-02-26T04:58:00Z,2026-02-26T04:58:00Z,0,1
f1e7ada0-e15d-4e51-bfc9-77e4d2c7f176,Varna Rail & Road Projects Industries,ACC-000581,100000005,8,Isfahan,Iran,29a3b2e9-5d65-4441-9588-42dea2bc372f,9132b63e-f162-47e4-a9c3-49e03602f8ac,4,128100000000.0,7f5b6f7e-1c2d-4a4e-9a51-3a3f1d3c0a01,fe85544c-3e85-4c67-9855-e4a0bfea3d2a,2025-12-10T05:54:00Z,2025-12-10T05:54:00Z,0,1
64c46086-919f-402e-a194-c7b1bcef40f8,Ava Steel Trading Co.,ACC-000582,100000004,8,Tehran,Iran,7412b293-4729-4739-a14f-f3d719db3ad0,5304317f-af42-412f-b838-b3268e944239,1,44700000000.0,7f5b6f7e-1c2d-4a4e-9a51-3a3f1d3c0a01,7bae0f3b-4c96-4dc2-8a41-aed81e2c6d4b,2026-04-11T07:03:00Z,2026-04-11T07:03:00Z,0,1
6e4928ac-19f1-45cc-8244-e4d75ac2a176,Sahand Metal Center Group,ACC-000583,100000004,8,Isfahan,Iran,29a3b2e9-5d65-4441-9588-42dea2bc372f,10f1bc81-448a-4a9e-a6b2-bc5b50c187fc,100000000,105700000000.0,7f5b6f7e-1c2d-4a4e-9a51-3a3f1d3c0a01,4c60b543-541b-489c-b5d9-c07c9d9363ea,2025-10-01T13:24:00Z,2025-10-01T13:24:00Z,0,1
4008d4da-a819-413d-84fa-84a427d764ce,Diba Abadgaran Industries,ACC-000584,100000000,3,Isfahan,Iran,29a3b2e9-5d65-4441-9588-42dea2bc372f,10f1bc81-448a-4a9e-a6b2-bc5b50c187fc,4,21600000000.0,7f5b6f7e-1c2d-4a4e-9a51-3a3f1d3c0a01,6924e248-2759-4511-a604-bfbe83aa622f,2026-03-28T13:29:00Z,2026-03-28T13:29:00Z,0,1
a801f15e-7046-425d-bd47-4d951bd36f41,Espadana Construction Co.,ACC-000585,100000000,8,Khorasan Razavi,Iran,ab9099a4-35a2-40ae-9af3-05535ec42e08,24933b83-7577-40a9-a491-f0b2ea1fca65,1,18100000000.0,7f5b6f7e-1c2d-4a4e-9a51-3a3f1d3c0a01,e466c937-6da7-495b-9d4f-97154c9df049,2025-11-05T08:57:00Z,2025-11-05T08:57:00Z,0,1
48ef30ff-3087-47b4-9c54-956f32ce93db,Parsian Builders Ltd.,ACC-000586,100000000,8,Isfahan,Iran,29a3b2e9-5d65-4441-9588-42dea2bc372f,9132b63e-f162-47e4-a9c3-49e03602f8ac,4,37700000000.0,7f5b6f7e-1c2d-4a4e-9a51-3a3f1d3c0a01,017cc74e-6f18-4343-bf41-5c985a8e8f05,2026-03-21T11:34:00Z,2026-03-21T11:34:00Z,0,1
7d338ca2-6bcc-472a-9e69-2c3f440b71a6,Persis Eskelet Felezi Industries,ACC-000587,100000001,8,Mazandaran,Iran,7412b293-4729-4739-a14f-f3d719db3ad0,0e51f30d-c6a7-4e39-84b0-32ccd7c524a5,1,21400000000.0,7f5b6f7e-1c2d-4a4e-9a51-3a3f1d3c0a01,08175dd0-e6a7-4af7-94ca-6897be71cd60,2026-03-16T09:53:00Z,2026-03-16T09:53:00Z,0,1
caef3c9e-1b9d-4f1b-b52a-6cbf1c17729f,Nima Omran Co.,ACC-000588,100000000,8,East Azerbaijan,Iran,aefcfad8-efc8-4849-b3aa-7efe4458a885,beb79919-3f22-4af8-a3be-d01d43cf2fde,4,18400000000.0,7f5b6f7e-1c2d-4a4e-9a51-3a3f1d3c0a01,665e467f-e1bb-4399-87c4-32a0c3af3d93,2026-06-13T07:12:00Z,2026-06-13T07:12:00Z,0,1
15263fef-7c65-4bfb-883f-ca724a1a7c2e,Mahtab Abadgaran Co.,ACC-000589,100000000,8,Khuzestan,Iran,a28defe3-9bf0-4273-9247-6f57a5e5a5ab,366eb16f-508e-4ad7-b7c9-3acfe059a0ee,4,40200000000.0,7f5b6f7e-1c2d-4a4e-9a51-3a3f1d3c0a01,af374e8c-c473-4700-837e-7f6080000fac,2025-11-02T13:22:00Z,2025-11-02T13:22:00Z,0,1
baff361a-b37e-4c41-9a62-75f5cf590b8e,Navid Ahan Bazar Ltd.,ACC-000590,100000004,3,Khorasan Razavi,Iran,ab9099a4-35a2-40ae-9af3-05535ec42e08,24933b83-7577-40a9-a491-f0b2ea1fca65,100000000,31800000000.0,7f5b6f7e-1c2d-4a4e-9a51-3a3f1d3c0a01,6ddd5c02-d213-4565-aa94-a1d43f529dae,2026-02-07T06:34:00Z,2026-02-07T06:34:00Z,0,1
0fb49d98-7aac-4a0a-ad13-4ea8560fc071,Pishgam Ahan Forooshi Industries,ACC-000591,100000004,3,Khuzestan,Iran,a28defe3-9bf0-4273-9247-6f57a5e5a5ab,366eb16f-508e-4ad7-b7c9-3acfe059a0ee,100000000,51100000000.0,7f5b6f7e-1c2d-4a4e-9a51-3a3f1d3c0a01,615eca80-0d0b-4920-9d46-0c9117478b5c,2026-05-21T07:19:00Z,2026-05-21T07:19:00Z,0,1
1c8d23b4-4dea-4200-9593-83cf5d13a906,Hoda Construction Group,ACC-000592,100000000,8,Tehran,Iran,7412b293-4729-4739-a14f-f3d719db3ad0,0e51f30d-c6a7-4e39-84b0-32ccd7c524a5,1,19900000000.0,7f5b6f7e-1c2d-4a4e-9a51-3a3f1d3c0a01,5256f928-bea8-4e9f-a911-fd6d0d586ee2,2025-10-13T05:14:00Z,2025-10-13T05:14:00Z,0,1
959677e9-35c4-4e08-86a4-7588a676ace1,Vista Tube Mills Group,ACC-000593,100000002,3,Fars,Iran,3eabedcb-baa8-4dd4-88bd-64072bcfbe01,e27a984d-6548-41d0-bfcd-9eb1a7cad415,4,41000000000.0,7f5b6f7e-1c2d-4a4e-9a51-3a3f1d3c0a01,215bdef5-dcaa-4893-853d-1af98d40aeb2,2025-08-09T04:59:00Z,2025-08-09T04:59:00Z,0,1
f11afc00-132b-4f36-9940-4d24eced9c30,Pardis Steel Depot Co.,ACC-000594,100000004,8,Khuzestan,Iran,a28defe3-9bf0-4273-9247-6f57a5e5a5ab,366eb16f-508e-4ad7-b7c9-3acfe059a0ee,1,96400000000.0,7f5b6f7e-1c2d-4a4e-9a51-3a3f1d3c0a01,d141b9e4-a783-41c8-a250-891ae9846baa,2026-05-03T07:51:00Z,2026-05-03T07:51:00Z,0,1
e43f05c8-40a5-42f7-b62b-9f628ced48ea,Pishgam Construction Co.,ACC-000595,100000000,3,Isfahan,Iran,29a3b2e9-5d65-4441-9588-42dea2bc372f,9132b63e-f162-47e4-a9c3-49e03602f8ac,4,20100000000.0,7f5b6f7e-1c2d-4a4e-9a51-3a3f1d3c0a01,c2d01c42-fd59-4978-b965-12e3b9b094ac,2026-05-25T05:56:00Z,2026-05-25T05:56:00Z,0,1
fae2d4a8-a475-4fa7-8d30-69bfca6628a8,Tarava Omran Co.,ACC-000596,100000000,3,Tehran,Iran,7412b293-4729-4739-a14f-f3d719db3ad0,5304317f-af42-412f-b838-b3268e944239,1,26100000000.0,7f5b6f7e-1c2d-4a4e-9a51-3a3f1d3c0a01,8897c497-0bad-4234-b953-70c02bcdce43,2025-09-10T08:25:00Z,2025-09-10T08:25:00Z,0,1
f0636972-c737-427a-9e34-106afa902bfb,Varna Fabrication Works Group,ACC-000597,100000001,3,Khuzestan,Iran,a28defe3-9bf0-4273-9247-6f57a5e5a5ab,366eb16f-508e-4ad7-b7c9-3acfe059a0ee,1,21800000000.0,7f5b6f7e-1c2d-4a4e-9a51-3a3f1d3c0a01,02aa1c76-d0e0-4655-a03e-9b5d0ea8d0ee,2025-10-12T09:19:00Z,2025-10-12T09:19:00Z,0,1
44852295-1566-4483-8526-6dc83f936724,Aban Profile Works Co.,ACC-000598,100000002,8,Alborz,Iran,7412b293-4729-4739-a14f-f3d719db3ad0,0e51f30d-c6a7-4e39-84b0-32ccd7c524a5,4,42000000000.0,7f5b6f7e-1c2d-4a4e-9a51-3a3f1d3c0a01,1987e6d0-9a71-41aa-8304-92b3ced89c97,2025-08-26T12:41:00Z,2025-08-26T12:41:00Z,0,1
4eb0c866-29c3-4598-90c2-4f2171bf5c97,Borna Metals Supply Co.,ACC-000599,100000004,8,Isfahan,Iran,29a3b2e9-5d65-4441-9588-42dea2bc372f,10f1bc81-448a-4a9e-a6b2-bc5b50c187fc,100000000,44300000000.0,7f5b6f7e-1c2d-4a4e-9a51-3a3f1d3c0a01,da4bdf2d-56a0-48b4-9179-2ee0bc731d47,2026-05-24T12:05:00Z,2026-05-24T12:05:00Z,0,1
e2eed64b-82f4-4196-9a41-c57f4bf70dc6,Nasim Golkhaneh Sazan Industries,ACC-000600,100000006,8,Mazandaran,Iran,7412b293-4729-4739-a14f-f3d719db3ad0,5304317f-af42-412f-b838-b3268e944239,100000000,10600000000.0,7f5b6f7e-1c2d-4a4e-9a51-3a3f1d3c0a01,056de195-1f81-4097-8b2a-3730a0a2e9bd,2025-11-25T10:16:00Z,2025-11-25T10:16:00Z,0,1
afcfea4d-627e-41e1-af35-fbc0e1057ec8,Karun Sakhteman Group,ACC-000601,100000000,8,Isfahan,Iran,29a3b2e9-5d65-4441-9588-42dea2bc372f,9132b63e-f162-47e4-a9c3-49e03602f8ac,4,25000000000.0,7f5b6f7e-1c2d-4a4e-9a51-3a3f1d3c0a01,3a0761d9-0624-4bdf-b96c-8f79e983c62e,2025-09-21T09:16:00Z,2025-09-21T09:16:00Z,0,1
c9f279a8-138c-437a-8c76-864ab61831c5,Omid Foolad Trading Co.,ACC-000602,100000004,8,Fars,Iran,3eabedcb-baa8-4dd4-88bd-64072bcfbe01,e27a984d-6548-41d0-bfcd-9eb1a7cad415,1,70600000000.0,7f5b6f7e-1c2d-4a4e-9a51-3a3f1d3c0a01,49793220-d14b-4771-9ff0-287a4d334878,2025-01-21T07:56:00Z,2025-01-21T07:56:00Z,0,1
1cf85164-113b-476e-908c-e31e7a7a852e,Nasim Contracting Group,ACC-000603,100000000,8,Tehran,Iran,7412b293-4729-4739-a14f-f3d719db3ad0,5304317f-af42-412f-b838-b3268e944239,1,25600000000.0,7f5b6f7e-1c2d-4a4e-9a51-3a3f1d3c0a01,2586dcd1-a7e6-4e4e-871c-dac2260d76ca,2025-01-22T08:11:00Z,2025-01-22T08:11:00Z,0,1
89eb56c1-7f42-4889-8ca1-7f756b2d470a,Karun Auto Parts Mfg.,ACC-000604,100000003,3,Tehran,Iran,7412b293-4729-4739-a14f-f3d719db3ad0,5304317f-af42-412f-b838-b3268e944239,1,33800000000.0,7f5b6f7e-1c2d-4a4e-9a51-3a3f1d3c0a01,f90c9f84-b184-471c-bb35-b9f96c80423a,2025-01-21T11:08:00Z,2025-01-21T11:08:00Z,0,1
2233212a-f526-4ea2-b953-3cb78ef1a114,Kowsar Iron & Steel Supply Group,ACC-000605,100000004,3,Khorasan Razavi,Iran,ab9099a4-35a2-40ae-9af3-05535ec42e08,24933b83-7577-40a9-a491-f0b2ea1fca65,100000000,71800000000.0,7f5b6f7e-1c2d-4a4e-9a51-3a3f1d3c0a01,165607c0-b3fd-4c76-b826-45adbf8f81ea,2025-01-22T08:49:00Z,2025-01-22T08:49:00Z,0,1
1b2375d0-b38f-40f2-8dd8-67e55f26b2a6,Tous Omran Co.,ACC-000606,100000000,8,Fars,Iran,3eabedcb-baa8-4dd4-88bd-64072bcfbe01,e27a984d-6548-41d0-bfcd-9eb1a7cad415,4,19800000000.0,7f5b6f7e-1c2d-4a4e-9a51-3a3f1d3c0a01,b21eafab-f649-49e8-9e03-2a652346f26d,2025-01-22T05:36:00Z,2025-01-22T05:36:00Z,0,1
0331bd0d-13ba-4d24-bebb-527c1438e799,Hirad Greenhouse Structures Industries,ACC-000607,100000006,8,East Azerbaijan,Iran,aefcfad8-efc8-4849-b3aa-7efe4458a885,beb79919-3f22-4af8-a3be-d01d43cf2fde,100000000,12800000000.0,7f5b6f7e-1c2d-4a4e-9a51-3a3f1d3c0a01,287e09f1-ded7-445e-980b-82cbd66248bf,2025-01-22T06:12:00Z,2025-01-22T06:12:00Z,0,1
744cc6ae-e03f-4f2c-b2bf-fc3fae0e289b,Zagros Foolad Trading Industries,ACC-000608,100000004,8,Isfahan,Iran,29a3b2e9-5d65-4441-9588-42dea2bc372f,10f1bc81-448a-4a9e-a6b2-bc5b50c187fc,100000000,50700000000.0,7f5b6f7e-1c2d-4a4e-9a51-3a3f1d3c0a01,0f5c365a-27e8-4b87-9c7b-f8eb4969b2a1,2025-01-21T12:34:00Z,2025-01-21T12:34:00Z,0,1
f9da4f55-bef9-4394-928f-af652f068e12,Orang Iron & Steel Supply Industries,ACC-000609,100000004,3,Hormozgan,Iran,3eabedcb-baa8-4dd4-88bd-64072bcfbe01,e27a984d-6548-41d0-bfcd-9eb1a7cad415,100000000,73700000000.0,7f5b6f7e-1c2d-4a4e-9a51-3a3f1d3c0a01,6680c5e3-363c-4c32-be3e-14022008bd4c,2025-01-19T13:19:00Z,2025-01-19T13:19:00Z,0,1
f56febb1-484b-424b-806e-10295b4d5bbf,Javid Eskelet Felezi Group,ACC-000610,100000001,8,Khuzestan,Iran,a28defe3-9bf0-4273-9247-6f57a5e5a5ab,366eb16f-508e-4ad7-b7c9-3acfe059a0ee,4,8500000000.0,7f5b6f7e-1c2d-4a4e-9a51-3a3f1d3c0a01,0b7ce5c6-9096-4629-91f3-90f4fa069889,2025-01-25T08:20:00Z,2025-01-25T08:20:00Z,0,1
aed0cbcf-c630-4536-b677-9a11e403999b,Kowsar Contracting Co.,ACC-000611,100000000,8,East Azerbaijan,Iran,aefcfad8-efc8-4849-b3aa-7efe4458a885,beb79919-3f22-4af8-a3be-d01d43cf2fde,100000000,11900000000.0,7f5b6f7e-1c2d-4a4e-9a51-3a3f1d3c0a01,9f9bc7bd-5c3d-415c-8a74-982e56ca0fb3,2025-01-16T06:17:00Z,2025-01-16T06:17:00Z,0,1
da948cdf-6637-4dc7-91f4-48bb28802cff,Navid Profile Sazan Industries,ACC-000612,100000002,3,Khuzestan,Iran,a28defe3-9bf0-4273-9247-6f57a5e5a5ab,366eb16f-508e-4ad7-b7c9-3acfe059a0ee,4,30600000000.0,7f5b6f7e-1c2d-4a4e-9a51-3a3f1d3c0a01,b32281f3-3eac-4015-8a64-25fcbdb4f711,2025-01-21T09:36:00Z,2025-01-21T09:36:00Z,0,1
4087be6a-4514-4416-ac44-821eaf051764,Parsian Auto Parts Mfg.,ACC-000613,100000003,3,Tehran,Iran,7412b293-4729-4739-a14f-f3d719db3ad0,0e51f30d-c6a7-4e39-84b0-32ccd7c524a5,100000001,15000000000.0,7f5b6f7e-1c2d-4a4e-9a51-3a3f1d3c0a01,fa82f65d-6e1b-4be2-8a20-8c075c8aca1b,2025-01-21T10:57:00Z,2025-01-21T10:57:00Z,0,1
f35757c5-7836-4477-9b39-455032103c49,Arman Steel Structures Group,ACC-000614,100000001,8,Khorasan Razavi,Iran,ab9099a4-35a2-40ae-9af3-05535ec42e08,24933b83-7577-40a9-a491-f0b2ea1fca65,1,10900000000.0,7f5b6f7e-1c2d-4a4e-9a51-3a3f1d3c0a01,da095b0c-4a37-4da3-aaef-0d3e085acd62,2025-01-21T12:12:00Z,2025-01-21T12:12:00Z,0,1
ee93a4d0-cd24-420c-8d34-6977d41bd8bf,Behsaz Golkhaneh Sazan Group,ACC-000615,100000006,3,East Azerbaijan,Iran,aefcfad8-efc8-4849-b3aa-7efe4458a885,beb79919-3f22-4af8-a3be-d01d43cf2fde,1,8700000000.0,7f5b6f7e-1c2d-4a4e-9a51-3a3f1d3c0a01,6e15c527-fe2a-4cbc-927a-e04ef58b8c61,2025-01-18T11:45:00Z,2025-01-18T11:45:00Z,0,1
06905ba5-17e0-4df5-97df-85b33429c8cf,Mehr Abadgaran Ltd.,ACC-000616,100000000,8,Khorasan Razavi,Iran,ab9099a4-35a2-40ae-9af3-05535ec42e08,24933b83-7577-40a9-a491-f0b2ea1fca65,4,10100000000.0,7f5b6f7e-1c2d-4a4e-9a51-3a3f1d3c0a01,d65bc676-429e-40e0-aaaa-94c8a097efe3,2025-01-21T10:04:00Z,2025-01-21T10:04:00Z,0,1
067965ab-61e5-48ca-9261-14b7142a6f47,Fardis Eskelet Felezi Co.,ACC-000617,100000001,8,Isfahan,Iran,29a3b2e9-5d65-4441-9588-42dea2bc372f,9132b63e-f162-47e4-a9c3-49e03602f8ac,1,12600000000.0,7f5b6f7e-1c2d-4a4e-9a51-3a3f1d3c0a01,9e3bc735-071f-4a27-a72e-31b197e1bc36,2025-01-25T08:51:00Z,2025-01-25T08:51:00Z,0,1
77902ddf-4b58-4ceb-a6e4-86bf8d2eea22,Tina Contracting Ltd.,ACC-000618,100000000,3,Khorasan Razavi,Iran,ab9099a4-35a2-40ae-9af3-05535ec42e08,24933b83-7577-40a9-a491-f0b2ea1fca65,100000000,19800000000.0,7f5b6f7e-1c2d-4a4e-9a51-3a3f1d3c0a01,2067902b-f099-42b6-b10c-cf77ba4d6c8e,2025-11-22T04:46:00Z,2025-11-22T04:46:00Z,0,1
b780606a-02ca-48d5-b033-ee83518f0ed4,Raman Builders Industries,ACC-000619,100000000,8,Fars,Iran,3eabedcb-baa8-4dd4-88bd-64072bcfbe01,e27a984d-6548-41d0-bfcd-9eb1a7cad415,1,24000000000.0,7f5b6f7e-1c2d-4a4e-9a51-3a3f1d3c0a01,37164f31-1298-4e9c-becd-2b8c5b952506,2025-11-20T05:09:00Z,2025-11-20T05:09:00Z,0,1
6a429bd5-cd71-42b4-9471-104f1859c5ae,Javid Housing Development Ltd.,ACC-000620,100000005,3,Tehran,Iran,7412b293-4729-4739-a14f-f3d719db3ad0,5304317f-af42-412f-b838-b3268e944239,100000001,123200000000.0,7f5b6f7e-1c2d-4a4e-9a51-3a3f1d3c0a01,565f2ea8-0a03-48cd-870b-230ceb044ecb,2025-11-18T04:51:00Z,2025-11-18T04:51:00Z,0,1
c425d020-4389-4f66-9780-29e939d00762,Vista Tube Mills Industries,ACC-000621,100000002,3,Khuzestan,Iran,a28defe3-9bf0-4273-9247-6f57a5e5a5ab,366eb16f-508e-4ad7-b7c9-3acfe059a0ee,4,37400000000.0,7f5b6f7e-1c2d-4a4e-9a51-3a3f1d3c0a01,85924e5f-1f53-4b6e-ab11-77367260282f,2025-11-17T10:49:00Z,2025-11-17T10:49:00Z,0,1
7cd6572f-301b-4b4e-a293-4e8ed189f750,Saba Press Works Ltd.,ACC-000622,100000003,3,East Azerbaijan,Iran,aefcfad8-efc8-4849-b3aa-7efe4458a885,beb79919-3f22-4af8-a3be-d01d43cf2fde,1,22800000000.0,7f5b6f7e-1c2d-4a4e-9a51-3a3f1d3c0a01,133ca9cf-13f8-4789-b1e9-3b1a34b549be,2025-11-22T06:42:00Z,2025-11-22T06:42:00Z,0,1
11925880-301d-4817-a673-d42dc7af75de,Ofogh Ahan Forooshi Group,ACC-000623,100000004,3,Fars,Iran,3eabedcb-baa8-4dd4-88bd-64072bcfbe01,e27a984d-6548-41d0-bfcd-9eb1a7cad415,100000000,71600000000.0,7f5b6f7e-1c2d-4a4e-9a51-3a3f1d3c0a01,73d2939e-f99d-46d5-a2b5-17815d17c25d,2025-11-18T06:50:00Z,2025-11-18T06:50:00Z,0,1
d2f629ca-bbe2-47ba-b84a-996719ef13bf,Atlas Pipe Works Ltd.,ACC-000624,100000002,8,Khuzestan,Iran,a28defe3-9bf0-4273-9247-6f57a5e5a5ab,366eb16f-508e-4ad7-b7c9-3acfe059a0ee,4,42400000000.0,7f5b6f7e-1c2d-4a4e-9a51-3a3f1d3c0a01,3d1fd7c0-4424-41ec-9342-4e7c0922d88d,2025-11-20T06:06:00Z,2025-11-20T06:06:00Z,0,1
945b3711-0a85-4722-b0c9-5ec44f2fcfd6,Yekta Builders Ltd.,ACC-000625,100000000,8,Isfahan,Iran,29a3b2e9-5d65-4441-9588-42dea2bc372f,10f1bc81-448a-4a9e-a6b2-bc5b50c187fc,1,19400000000.0,7f5b6f7e-1c2d-4a4e-9a51-3a3f1d3c0a01,2cc9abb6-86e3-4e9b-a047-9ecbf5538cd3,2025-11-17T12:38:00Z,2025-11-17T12:38:00Z,0,1
eb91d7bc-42e1-4eb9-a49d-da44191f9e05,Nikan Rail & Road Projects Group,ACC-000626,100000005,8,Khorasan Razavi,Iran,ab9099a4-35a2-40ae-9af3-05535ec42e08,24933b83-7577-40a9-a491-f0b2ea1fca65,100000001,87300000000.0,7f5b6f7e-1c2d-4a4e-9a51-3a3f1d3c0a01,3facabcc-5ac9-4db2-aed4-d00579222d87,2025-11-19T05:57:00Z,2025-11-19T05:57:00Z,0,1
4001570a-3312-4e73-8485-63a3aeee2302,Diba Builders Co.,ACC-000627,100000000,3,Tehran,Iran,7412b293-4729-4739-a14f-f3d719db3ad0,0e51f30d-c6a7-4e39-84b0-32ccd7c524a5,1,26500000000.0,7f5b6f7e-1c2d-4a4e-9a51-3a3f1d3c0a01,e03d1b30-adcd-495f-af91-a7be905c3fd9,2025-11-22T11:43:00Z,2025-11-22T11:43:00Z,0,1
f62162ab-6ba6-4252-b76f-fd036d7bba17,Nasim Fabrication Works Co.,ACC-000628,100000001,8,Tehran,Iran,7412b293-4729-4739-a14f-f3d719db3ad0,b02b61c4-a3d7-4628-ace6-6fa2fd5166e6,100000000,11200000000.0,7f5b6f7e-1c2d-4a4e-9a51-3a3f1d3c0a01,18963a6e-6fd8-4533-9577-58f5e03c63df,2025-11-13T04:43:00Z,2025-11-13T04:43:00Z,0,1
5f843666-831f-4c00-9490-029d3e1e0693,Fardis Fabrication Works Co.,ACC-000629,100000001,3,Fars,Iran,3eabedcb-baa8-4dd4-88bd-64072bcfbe01,e27a984d-6548-41d0-bfcd-9eb1a7cad415,1,16600000000.0,7f5b6f7e-1c2d-4a4e-9a51-3a3f1d3c0a01,23fd6ade-c17f-4f19-96a3-48336bc152ad,2025-11-24T05:47:00Z,2025-11-24T05:47:00Z,0,1
1aa3c18e-0aaf-4962-b92c-23e3454009f2,Zagros Ahan Forooshi Co.,ACC-000630,100000004,8,Tehran,Iran,7412b293-4729-4739-a14f-f3d719db3ad0,ce177b4e-0837-48a3-9261-a7ab3aa2e4f9,100000000,77700000000.0,7f5b6f7e-1c2d-4a4e-9a51-3a3f1d3c0a01,bd4211d1-9920-43eb-aa8e-b758f32d2812,2024-07-13T09:16:00Z,2024-07-13T09:16:00Z,0,1
1d96dc53-2344-4c54-8cae-f9ec6d44f723,Golestan Eskelet Felezi Group,ACC-000631,100000001,3,Tehran,Iran,7412b293-4729-4739-a14f-f3d719db3ad0,0e51f30d-c6a7-4e39-84b0-32ccd7c524a5,4,23800000000.0,7f5b6f7e-1c2d-4a4e-9a51-3a3f1d3c0a01,7b6fb65b-8d70-400f-84a1-dd66bce88f22,2024-07-20T11:43:00Z,2024-07-20T11:43:00Z,0,1
1ab88733-80e1-4c41-8a9a-727fb2a12a55,Mehr Sazeh Co.,ACC-000632,100000000,3,Tehran,Iran,7412b293-4729-4739-a14f-f3d719db3ad0,5304317f-af42-412f-b838-b3268e944239,1,14100000000.0,7f5b6f7e-1c2d-4a4e-9a51-3a3f1d3c0a01,4d7efc8e-b68f-40dc-b18b-f53a3864bf75,2024-08-08T09:39:00Z,2024-08-08T09:39:00Z,0,1
04d340e8-7ecf-4fc6-a249-a5869c186d49,Laleh Steel Trading Industries,ACC-000633,100000004,8,Mazandaran,Iran,7412b293-4729-4739-a14f-f3d719db3ad0,ce177b4e-0837-48a3-9261-a7ab3aa2e4f9,1,121900000000.0,7f5b6f7e-1c2d-4a4e-9a51-3a3f1d3c0a01,9696e833-4728-4df6-8532-499e08a43ec0,2024-10-05T13:15:00Z,2024-10-05T13:15:00Z,0,1
aebeca58-ccb1-4c1e-87db-f6a203e30f78,Gilan Foolad Trading Co.,ACC-000634,100000004,8,East Azerbaijan,Iran,aefcfad8-efc8-4849-b3aa-7efe4458a885,beb79919-3f22-4af8-a3be-d01d43cf2fde,100000000,74800000000.0,7f5b6f7e-1c2d-4a4e-9a51-3a3f1d3c0a01,f5d68c8f-299c-4d73-8295-f5c984d77929,2024-08-17T06:27:00Z,2024-08-17T06:27:00Z,0,1
c33a8761-618f-478a-a66b-4b6db9ec28ff,Saba Metals Supply Group,ACC-000635,100000004,8,Alborz,Iran,7412b293-4729-4739-a14f-f3d719db3ad0,0e51f30d-c6a7-4e39-84b0-32ccd7c524a5,1,44700000000.0,7f5b6f7e-1c2d-4a4e-9a51-3a3f1d3c0a01,60fba34c-3701-42fd-b09f-e5ab5813d72f,2024-08-24T06:31:00Z,2024-08-24T06:31:00Z,0,1
19dad534-be2b-4dee-b848-c332ee1caec8,Parsian Iron & Steel Supply Group,ACC-000636,100000004,8,Khuzestan,Iran,a28defe3-9bf0-4273-9247-6f57a5e5a5ab,366eb16f-508e-4ad7-b7c9-3acfe059a0ee,1,70200000000.0,7f5b6f7e-1c2d-4a4e-9a51-3a3f1d3c0a01,6b2b0c27-1eec-4480-aab1-803803f89c7b,2024-10-05T09:14:00Z,2024-10-05T09:14:00Z,0,1
b522f610-ef26-4a84-b2bd-509b564d36b6,Zagros Profile Works Industries,ACC-000637,100000002,8,Isfahan,Iran,29a3b2e9-5d65-4441-9588-42dea2bc372f,9132b63e-f162-47e4-a9c3-49e03602f8ac,4,37600000000.0,7f5b6f7e-1c2d-4a4e-9a51-3a3f1d3c0a01,decceaea-622b-4588-8275-da34881e40c6,2024-07-13T13:08:00Z,2024-07-13T13:08:00Z,0,1
250768f2-ba0e-4d56-a045-1dbd1835e89b,Espadana Sakhteman Industries,ACC-000638,100000000,8,Khorasan Razavi,Iran,ab9099a4-35a2-40ae-9af3-05535ec42e08,24933b83-7577-40a9-a491-f0b2ea1fca65,100000000,22000000000.0,7f5b6f7e-1c2d-4a4e-9a51-3a3f1d3c0a01,bb5e14d6-5b74-4fdd-9c97-46949884f76d,2024-09-05T11:54:00Z,2024-09-05T11:54:00Z,0,1
144be8bc-e207-4595-be20-9925a72427a6,Tarava Abadgaran Co.,ACC-000639,100000000,3,Tehran,Iran,7412b293-4729-4739-a14f-f3d719db3ad0,0e51f30d-c6a7-4e39-84b0-32ccd7c524a5,1,28900000000.0,7f5b6f7e-1c2d-4a4e-9a51-3a3f1d3c0a01,2f160f3d-05ba-4c78-a696-dea06c2aeb89,2024-08-03T11:01:00Z,2024-08-03T11:01:00Z,0,1
b197603c-a45c-4178-947c-903018dd3aea,Tous Foolad Trading Co.,ACC-000640,100000004,8,Isfahan,Iran,29a3b2e9-5d65-4441-9588-42dea2bc372f,10f1bc81-448a-4a9e-a6b2-bc5b50c187fc,1,123800000000.0,7f5b6f7e-1c2d-4a4e-9a51-3a3f1d3c0a01,a812cf1b-69b3-4bf2-9dd0-9e342b4088da,2024-08-03T09:31:00Z,2024-08-03T09:31:00Z,0,1
46327360-c45d-4c03-b4f6-b97ef998aaa1,Varna Dam & Water Works Co.,ACC-000641,100000005,8,Khuzestan,Iran,a28defe3-9bf0-4273-9247-6f57a5e5a5ab,366eb16f-508e-4ad7-b7c9-3acfe059a0ee,4,119500000000.0,7f5b6f7e-1c2d-4a4e-9a51-3a3f1d3c0a01,68a650ce-f7fb-48d5-8e28-a0886771dc17,2024-08-20T05:07:00Z,2024-08-20T05:07:00Z,0,1
5938949e-8a42-4ff0-a098-4689c78ae6ce,Kowsar Builders Group,ACC-000642,100000000,8,Isfahan,Iran,29a3b2e9-5d65-4441-9588-42dea2bc372f,10f1bc81-448a-4a9e-a6b2-bc5b50c187fc,4,14200000000.0,7f5b6f7e-1c2d-4a4e-9a51-3a3f1d3c0a01,4ef8a787-34c5-4d5b-a5f5-ed6fc5e2cdcc,2024-10-26T08:20:00Z,2024-10-26T08:20:00Z,0,1
06822e13-6007-47be-b2b1-068ad58b5423,Arvand Sakhteman Group,ACC-000643,100000000,8,Khorasan Razavi,Iran,ab9099a4-35a2-40ae-9af3-05535ec42e08,24933b83-7577-40a9-a491-f0b2ea1fca65,1,15800000000.0,7f5b6f7e-1c2d-4a4e-9a51-3a3f1d3c0a01,e0acdb75-2326-43d0-86fc-e65a5af7dfe2,2024-12-14T09:03:00Z,2024-12-14T09:03:00Z,0,1
705f052b-d682-40b4-bbb7-cc429cba7bc6,Darya Iron & Steel Supply Ltd.,ACC-000644,100000004,8,East Azerbaijan,Iran,aefcfad8-efc8-4849-b3aa-7efe4458a885,beb79919-3f22-4af8-a3be-d01d43cf2fde,100000000,60600000000.0,7f5b6f7e-1c2d-4a4e-9a51-3a3f1d3c0a01,e008e8ed-3ecf-4f0a-b80e-c19dfbb713fd,2024-10-10T09:17:00Z,2024-10-10T09:17:00Z,0,1
1dc7deab-b07b-44ed-a67b-6ad334be5f01,Negin Golkhaneh Sazan Ltd.,ACC-000645,100000006,8,East Azerbaijan,Iran,aefcfad8-efc8-4849-b3aa-7efe4458a885,beb79919-3f22-4af8-a3be-d01d43cf2fde,1,6300000000.0,7f5b6f7e-1c2d-4a4e-9a51-3a3f1d3c0a01,7eca5b2d-341f-4b4a-b6ca-f84012adbc1b,2024-11-09T13:23:00Z,2024-11-09T13:23:00Z,0,1
e716eb38-581f-43df-be71-bda810128b96,Nima Sakhteman Industries,ACC-000646,100000000,3,Tehran,Iran,7412b293-4729-4739-a14f-f3d719db3ad0,0e51f30d-c6a7-4e39-84b0-32ccd7c524a5,1,21800000000.0,7f5b6f7e-1c2d-4a4e-9a51-3a3f1d3c0a01,3da325e2-bc46-40bd-9842-20f1d3105f4f,2024-10-16T09:59:00Z,2024-10-16T09:59:00Z,0,1
f3f48d53-1120-41b7-9b23-91f0f620e4c0,Aban Loleh Sazi Ltd.,ACC-000647,100000002,3,Khuzestan,Iran,a28defe3-9bf0-4273-9247-6f57a5e5a5ab,366eb16f-508e-4ad7-b7c9-3acfe059a0ee,4,28000000000.0,7f5b6f7e-1c2d-4a4e-9a51-3a3f1d3c0a01,9b58e20a-7c8d-4aef-b0a0-4e0b3a4d1f57,2024-10-27T10:33:00Z,2024-10-27T10:33:00Z,0,1
0488a0e8-1028-45b4-b938-ce7ff86e2588,Ofogh Omran Ltd.,ACC-000648,100000000,8,East Azerbaijan,Iran,aefcfad8-efc8-4849-b3aa-7efe4458a885,beb79919-3f22-4af8-a3be-d01d43cf2fde,1,20500000000.0,7f5b6f7e-1c2d-4a4e-9a51-3a3f1d3c0a01,995fa798-1f31-43fa-9c93-92456dd2c683,2024-12-09T04:56:00Z,2024-12-09T04:56:00Z,0,1
7ec59e55-1b98-467e-8cc8-8dc68127a367,Laleh Ahan Forooshi Co.,ACC-000649,100000004,3,Tehran,Iran,7412b293-4729-4739-a14f-f3d719db3ad0,5304317f-af42-412f-b838-b3268e944239,1,128800000000.0,7f5b6f7e-1c2d-4a4e-9a51-3a3f1d3c0a01,b1a63ccf-d597-4a14-a7dc-08577422acb0,2024-11-02T08:19:00Z,2024-11-02T08:19:00Z,0,1
c25110f8-7cc9-4b10-b677-fb0609e6614a,Arman Abadgaran Ltd.,ACC-000650,100000000,8,Tehran,Iran,7412b293-4729-4739-a14f-f3d719db3ad0,0e51f30d-c6a7-4e39-84b0-32ccd7c524a5,1,20700000000.0,7f5b6f7e-1c2d-4a4e-9a51-3a3f1d3c0a01,6c362d23-1916-4984-8510-c97a89fd09b5,2024-11-12T11:21:00Z,2024-11-12T11:21:00Z,0,1
0a3169f7-29a9-4bf0-9a82-95a04b1b9280,Jahan Construction Ltd.,ACC-000651,100000000,3,Isfahan,Iran,29a3b2e9-5d65-4441-9588-42dea2bc372f,10f1bc81-448a-4a9e-a6b2-bc5b50c187fc,1,15600000000.0,7f5b6f7e-1c2d-4a4e-9a51-3a3f1d3c0a01,8921349f-eccb-453b-8d22-7ff2635fa3f3,2024-11-06T05:54:00Z,2024-11-06T05:54:00Z,0,1
a2a5ef39-c163-4f1b-9f32-f343a562f0a0,Zagros Ahan Bazar Ltd.,ACC-000652,100000004,3,Khorasan Razavi,Iran,ab9099a4-35a2-40ae-9af3-05535ec42e08,24933b83-7577-40a9-a491-f0b2ea1fca65,100000000,86500000000.0,7f5b6f7e-1c2d-4a4e-9a51-3a3f1d3c0a01,f30b15eb-9d69-4f34-bab7-b78f209875b2,2025-01-09T10:00:00Z,2025-01-09T10:00:00Z,0,1
30a19d7d-4b86-4f69-b036-89a4c518c20b,Mahtab Abadgaran Ltd.,ACC-000653,100000000,8,Khuzestan,Iran,a28defe3-9bf0-4273-9247-6f57a5e5a5ab,366eb16f-508e-4ad7-b7c9-3acfe059a0ee,1,17500000000.0,7f5b6f7e-1c2d-4a4e-9a51-3a3f1d3c0a01,9cf116dc-c4b0-4ad1-b037-e34da8bb81dc,2025-04-05T10:05:00Z,2025-04-05T10:05:00Z,0,1
1fda98c9-40a6-4de4-9271-e2959b21c065,Pishgam Steel Trading Group,ACC-000654,100000004,3,Isfahan,Iran,29a3b2e9-5d65-4441-9588-42dea2bc372f,10f1bc81-448a-4a9e-a6b2-bc5b50c187fc,100000000,54100000000.0,7f5b6f7e-1c2d-4a4e-9a51-3a3f1d3c0a01,75863743-9174-4c0b-aeb7-4413454f3fbf,2025-02-11T11:58:00Z,2025-02-11T11:58:00Z,0,1
46983234-6246-45b9-9deb-7a4b17db4613,Darya Appliance Components Co.,ACC-000655,100000003,8,Alborz,Iran,7412b293-4729-4739-a14f-f3d719db3ad0,5304317f-af42-412f-b838-b3268e944239,1,36700000000.0,7f5b6f7e-1c2d-4a4e-9a51-3a3f1d3c0a01,bb404bc8-709a-42bc-b6da-79bba91e25a1,2025-03-31T11:45:00Z,2025-03-31T11:45:00Z,0,1
fa75b5fc-7921-40b3-aa0a-8302276f8e0d,Pishgam Metal Center Co.,ACC-000656,100000004,3,East Azerbaijan,Iran,aefcfad8-efc8-4849-b3aa-7efe4458a885,beb79919-3f22-4af8-a3be-d01d43cf2fde,100000000,59700000000.0,7f5b6f7e-1c2d-4a4e-9a51-3a3f1d3c0a01,f2d058ca-7b2e-429d-9f80-bd12299606d2,2025-02-26T07:17:00Z,2025-02-26T07:17:00Z,0,1
ff8bb891-1b90-4e3f-a5ce-5ac51e22c6b2,Mehr Contracting Co.,ACC-000657,100000000,8,East Azerbaijan,Iran,aefcfad8-efc8-4849-b3aa-7efe4458a885,beb79919-3f22-4af8-a3be-d01d43cf2fde,1,29000000000.0,7f5b6f7e-1c2d-4a4e-9a51-3a3f1d3c0a01,7616e3a2-3d9d-49d4-b5e6-6d4c539cb0bb,2025-02-11T12:53:00Z,2025-02-11T12:53:00Z,0,1
5b33cb3f-1551-4ef5-8916-54e6473eb4b1,Fardis Abadgaran Co.,ACC-000658,100000000,3,Tehran,Iran,7412b293-4729-4739-a14f-f3d719db3ad0,b02b61c4-a3d7-4628-ace6-6fa2fd5166e6,1,24300000000.0,7f5b6f7e-1c2d-4a4e-9a51-3a3f1d3c0a01,82c273a9-771d-4808-88db-039cc78fc57d,2025-02-27T07:41:00Z,2025-02-27T07:41:00Z,0,1
527c9dea-6324-4e63-b535-ddc2c555b4b5,Nikan Agri-Steel Industries,ACC-000659,100000006,8,Alborz,Iran,7412b293-4729-4739-a14f-f3d719db3ad0,0e51f30d-c6a7-4e39-84b0-32ccd7c524a5,1,5200000000.0,7f5b6f7e-1c2d-4a4e-9a51-3a3f1d3c0a01,bea17713-fe36-44bf-b9e4-21bc1120653d,2025-03-24T08:37:00Z,2025-03-24T08:37:00Z,0,1
c3f67602-0879-4480-87ab-777056724b4c,Bamdad Construction Industries,ACC-000660,100000000,3,Tehran,Iran,7412b293-4729-4739-a14f-f3d719db3ad0,b02b61c4-a3d7-4628-ace6-6fa2fd5166e6,1,35700000000.0,7f5b6f7e-1c2d-4a4e-9a51-3a3f1d3c0a01,bcdc99ef-1485-4949-8bf6-40eaa244496a,2025-02-15T09:35:00Z,2025-02-15T09:35:00Z,0,1
1d7af727-ac13-44e8-a109-18c950168bd5,Hirad Agri-Steel Ltd.,ACC-000661,100000006,8,Tehran,Iran,7412b293-4729-4739-a14f-f3d719db3ad0,b02b61c4-a3d7-4628-ace6-6fa2fd5166e6,1,8100000000.0,7f5b6f7e-1c2d-4a4e-9a51-3a3f1d3c0a01,a5c5afe1-89fd-4534-a4f0-78a1c89d43e7,2025-04-05T06:12:00Z,2025-04-05T06:12:00Z,0,1
dff4cc91-3164-4c14-b1a0-051f0acae683,Karun Metals Supply Group,ACC-000662,100000004,3,Alborz,Iran,7412b293-4729-4739-a14f-f3d719db3ad0,ce177b4e-0837-48a3-9261-a7ab3aa2e4f9,100000000,90800000000.0,7f5b6f7e-1c2d-4a4e-9a51-3a3f1d3c0a01,18927ebd-b195-4d60-84f3-6ac60bde24e2,2025-01-22T11:23:00Z,2025-01-22T11:23:00Z,0,1
79150e99-8ed3-4834-bd72-1fc205e0c019,Vista Steel Depot Group,ACC-000663,100000004,3,East Azerbaijan,Iran,aefcfad8-efc8-4849-b3aa-7efe4458a885,beb79919-3f22-4af8-a3be-d01d43cf2fde,100000000,53800000000.0,7f5b6f7e-1c2d-4a4e-9a51-3a3f1d3c0a01,677a72f6-6e0c-42e9-b817-9896c6b98ce2,2025-02-19T13:25:00Z,2025-02-19T13:25:00Z,0,1
c1cb8d69-8fa7-4dec-a5a6-1a06a8422325,Darya Golkhaneh Sazan Ltd.,ACC-000664,100000006,3,Alborz,Iran,7412b293-4729-4739-a14f-f3d719db3ad0,5304317f-af42-412f-b838-b3268e944239,100000000,6800000000.0,7f5b6f7e-1c2d-4a4e-9a51-3a3f1d3c0a01,3e7447a2-a672-432f-9c9f-0999e869839a,2025-02-12T08:10:00Z,2025-02-12T08:10:00Z,0,1
293572d3-fb63-43cb-8c35-bf2dec4fa141,Laleh Loleh Sazi Co.,ACC-000665,100000002,3,Isfahan,Iran,29a3b2e9-5d65-4441-9588-42dea2bc372f,10f1bc81-448a-4a9e-a6b2-bc5b50c187fc,1,57800000000.0,7f5b6f7e-1c2d-4a4e-9a51-3a3f1d3c0a01,a01989d1-b998-4301-bdf9-e116df58c65f,2025-02-20T06:49:00Z,2025-02-20T06:49:00Z,0,1
2bd6f0fb-ee3c-4687-b704-eced5b9df42d,Rastin Metal Center Ltd.,ACC-000666,100000004,8,Tehran,Iran,7412b293-4729-4739-a14f-f3d719db3ad0,ce177b4e-0837-48a3-9261-a7ab3aa2e4f9,1,49500000000.0,7f5b6f7e-1c2d-4a4e-9a51-3a3f1d3c0a01,113145d2-4346-4ce5-8895-d134acb4b5c3,2025-02-12T10:06:00Z,2025-02-12T10:06:00Z,0,1
eebd342d-22d9-4b18-8680-55f355114558,Sabalan Builders Industries,ACC-000667,100000000,3,Khuzestan,Iran,a28defe3-9bf0-4273-9247-6f57a5e5a5ab,366eb16f-508e-4ad7-b7c9-3acfe059a0ee,1,19400000000.0,7f5b6f7e-1c2d-4a4e-9a51-3a3f1d3c0a01,9d482c49-f53f-42d3-8df6-720520ff622c,2025-04-12T11:49:00Z,2025-04-12T11:49:00Z,0,1
2a545726-ca9d-469a-8539-fd8297266ab2,Dena Foolad Trading Group,ACC-000668,100000004,8,Isfahan,Iran,29a3b2e9-5d65-4441-9588-42dea2bc372f,9132b63e-f162-47e4-a9c3-49e03602f8ac,1,88200000000.0,7f5b6f7e-1c2d-4a4e-9a51-3a3f1d3c0a01,ab00fba9-a5e0-4e86-83bd-7384176cc975,2025-06-12T07:28:00Z,2025-06-12T07:28:00Z,0,1
3f8f9da4-b98a-453f-be85-44e1c1b65800,Parsian Sakhteman Co.,ACC-000669,100000000,8,Tehran,Iran,7412b293-4729-4739-a14f-f3d719db3ad0,0e51f30d-c6a7-4e39-84b0-32ccd7c524a5,1,34200000000.0,7f5b6f7e-1c2d-4a4e-9a51-3a3f1d3c0a01,05a562a9-6cc7-4151-9172-44f793645e43,2025-05-28T12:30:00Z,2025-05-28T12:30:00Z,0,1
6e6c4c64-6f56-41b1-9d07-285b8e8752c2,Iranmehr Appliance Components Co.,ACC-000670,100000003,8,Isfahan,Iran,29a3b2e9-5d65-4441-9588-42dea2bc372f,9132b63e-f162-47e4-a9c3-49e03602f8ac,4,22300000000.0,7f5b6f7e-1c2d-4a4e-9a51-3a3f1d3c0a01,0c0575ab-2dce-4207-800e-45409492ba69,2025-06-02T04:39:00Z,2025-06-02T04:39:00Z,0,1
22897671-7234-4df0-85f0-3f1ccd4a3c8e,Tirdad Contracting Group,ACC-000671,100000000,8,East Azerbaijan,Iran,aefcfad8-efc8-4849-b3aa-7efe4458a885,beb79919-3f22-4af8-a3be-d01d43cf2fde,1,22000000000.0,7f5b6f7e-1c2d-4a4e-9a51-3a3f1d3c0a01,e1ea1d2e-9874-4952-93ed-4b5c2c4276b2,2025-06-09T11:54:00Z,2025-06-09T11:54:00Z,0,1
8a5abc61-9924-45ee-bc8a-fb1dba99267e,Pishgam Auto Parts Mfg.,ACC-000672,100000003,3,Fars,Iran,3eabedcb-baa8-4dd4-88bd-64072bcfbe01,e27a984d-6548-41d0-bfcd-9eb1a7cad415,100000001,26100000000.0,7f5b6f7e-1c2d-4a4e-9a51-3a3f1d3c0a01,ae57927f-730c-4e0e-96f9-92984634a5f6,2025-05-01T07:06:00Z,2025-05-01T07:06:00Z,0,1
35c87983-910b-47f9-a1ae-25a6f1966b21,Gohar Omran Ltd.,ACC-000673,100000000,8,Hormozgan,Iran,3eabedcb-baa8-4dd4-88bd-64072bcfbe01,e27a984d-6548-41d0-bfcd-9eb1a7cad415,4,27000000000.0,7f5b6f7e-1c2d-4a4e-9a51-3a3f1d3c0a01,a564ee98-fc3e-4ed1-9cdb-d909f9cd1b18,2025-05-28T05:44:00Z,2025-05-28T05:44:00Z,0,1
96f22a06-15c5-4e34-b183-0345a4229f14,Tous Appliance Components Co.,ACC-000674,100000003,8,Khorasan Razavi,Iran,ab9099a4-35a2-40ae-9af3-05535ec42e08,24933b83-7577-40a9-a491-f0b2ea1fca65,4,21800000000.0,7f5b6f7e-1c2d-4a4e-9a51-3a3f1d3c0a01,4a13b17c-8d93-4a1b-a5d2-5bc33c3826aa,2025-06-22T07:35:00Z,2025-06-22T07:35:00Z,0,1
60bf684e-240d-483a-8dd0-64e34b50c34d,Kian Sakhteman Co.,ACC-000675,100000000,8,Khuzestan,Iran,a28defe3-9bf0-4273-9247-6f57a5e5a5ab,366eb16f-508e-4ad7-b7c9-3acfe059a0ee,1,17300000000.0,7f5b6f7e-1c2d-4a4e-9a51-3a3f1d3c0a01,0abdbcd1-782c-4fec-9e5d-78a1c5bdb495,2025-05-28T06:01:00Z,2025-05-28T06:01:00Z,0,1
9d470a35-c816-4c27-bc3c-4c2fa40e0199,Kowsar Sakhteman Co.,ACC-000676,100000000,3,Khorasan Razavi,Iran,ab9099a4-35a2-40ae-9af3-05535ec42e08,24933b83-7577-40a9-a491-f0b2ea1fca65,4,26900000000.0,7f5b6f7e-1c2d-4a4e-9a51-3a3f1d3c0a01,6ef68419-8a39-4869-bbec-a80c87280662,2025-06-28T07:18:00Z,2025-06-28T07:18:00Z,0,1
0d86ff36-f35d-464d-866d-8ac168f65558,Vista Press Works Group,ACC-000677,100000003,8,Fars,Iran,3eabedcb-baa8-4dd4-88bd-64072bcfbe01,e27a984d-6548-41d0-bfcd-9eb1a7cad415,100000001,28600000000.0,7f5b6f7e-1c2d-4a4e-9a51-3a3f1d3c0a01,0cbe735d-bbfc-4897-b027-1efc049fb2fd,2025-06-04T08:45:00Z,2025-06-04T08:45:00Z,0,1
33c25e62-7960-4810-ba37-298924290112,Farnam Pipe & Profile Industries,ACC-000678,100000002,8,Isfahan,Iran,29a3b2e9-5d65-4441-9588-42dea2bc372f,9132b63e-f162-47e4-a9c3-49e03602f8ac,4,52700000000.0,7f5b6f7e-1c2d-4a4e-9a51-3a3f1d3c0a01,d619e0ce-69d5-4df5-9d95-cdeac417fe56,2025-06-07T06:30:00Z,2025-06-07T06:30:00Z,0,1
f0c46591-b2d9-45fa-849e-e02aeea28810,Fardis Appliance Components Ltd.,ACC-000679,100000003,3,Tehran,Iran,7412b293-4729-4739-a14f-f3d719db3ad0,5304317f-af42-412f-b838-b3268e944239,1,19600000000.0,7f5b6f7e-1c2d-4a4e-9a51-3a3f1d3c0a01,67f7aba4-0617-4c62-a243-b9ab2b0e817c,2025-06-28T12:25:00Z,2025-06-28T12:25:00Z,0,1
cc464bb8-f773-4927-98d6-9943e0e5e2f9,Hamoon Foolad Trading Industries,ACC-000680,100000004,8,Tehran,Iran,7412b293-4729-4739-a14f-f3d719db3ad0,5304317f-af42-412f-b838-b3268e944239,1,81400000000.0,7f5b6f7e-1c2d-4a4e-9a51-3a3f1d3c0a01,b31b58fa-cffd-4e28-8271-a48f6aed2058,2025-05-07T08:41:00Z,2025-05-07T08:41:00Z,0,1
2c9c763b-e454-4286-9dd9-76469d892032,Raman Foolad Trading Industries,ACC-000681,100000004,3,Tehran,Iran,7412b293-4729-4739-a14f-f3d719db3ad0,ce177b4e-0837-48a3-9261-a7ab3aa2e4f9,100000000,144900000000.0,7f5b6f7e-1c2d-4a4e-9a51-3a3f1d3c0a01,126f28a9-107d-4387-88c2-1370c2a423f2,2025-05-31T10:05:00Z,2025-05-31T10:05:00Z,0,1
3b1f38f0-0be2-4694-a52e-89572ae06f26,Fardis Iron & Steel Supply Ltd.,ACC-000682,100000004,8,Khuzestan,Iran,a28defe3-9bf0-4273-9247-6f57a5e5a5ab,366eb16f-508e-4ad7-b7c9-3acfe059a0ee,100000000,56800000000.0,7f5b6f7e-1c2d-4a4e-9a51-3a3f1d3c0a01,bca88911-97ea-402c-abc6-206b16754427,2025-09-06T05:35:00Z,2025-09-06T05:35:00Z,0,1
c6e4472d-983a-4d16-ba66-f439ee62af25,Sepehr Steel Merchants Co.,ACC-000683,100000004,3,Tehran,Iran,7412b293-4729-4739-a14f-f3d719db3ad0,ce177b4e-0837-48a3-9261-a7ab3aa2e4f9,1,63200000000.0,7f5b6f7e-1c2d-4a4e-9a51-3a3f1d3c0a01,6fc41bf6-3d6b-4f76-b790-df8a5c493e43,2025-08-18T07:08:00Z,2025-08-18T07:08:00Z,0,1
bf96abad-e60d-4941-bfc6-8e1450b034fd,Yekta Metal Center Ltd.,ACC-000684,100000004,8,Khuzestan,Iran,a28defe3-9bf0-4273-9247-6f57a5e5a5ab,366eb16f-508e-4ad7-b7c9-3acfe059a0ee,100000000,70300000000.0,7f5b6f7e-1c2d-4a4e-9a51-3a3f1d3c0a01,6d473b55-db1c-41cb-b002-983102bda3a7,2025-07-19T08:13:00Z,2025-07-19T08:13:00Z,0,1
753840d9-87ea-49f2-9e85-95360c11c74d,Persis Metals Supply Industries,ACC-000685,100000004,3,Isfahan,Iran,29a3b2e9-5d65-4441-9588-42dea2bc372f,10f1bc81-448a-4a9e-a6b2-bc5b50c187fc,100000000,52400000000.0,7f5b6f7e-1c2d-4a4e-9a51-3a3f1d3c0a01,30084a02-a090-4f90-bfc5-43c97c479df2,2025-08-16T12:41:00Z,2025-08-16T12:41:00Z,0,1
244a603e-156e-47f8-8af0-cf0c596b0c6f,Jahan Steel Merchants Ltd.,ACC-000686,100000004,3,Fars,Iran,3eabedcb-baa8-4dd4-88bd-64072bcfbe01,e27a984d-6548-41d0-bfcd-9eb1a7cad415,100000000,97900000000.0,7f5b6f7e-1c2d-4a4e-9a51-3a3f1d3c0a01,51a3dfe4-7962-45a8-bf7d-7604ebd92165,2025-08-04T05:23:00Z,2025-08-04T05:23:00Z,0,1
1a9e82f5-0228-4e49-a4c4-e73c4c46bad8,Tina Fabrication Works Co.,ACC-000687,100000001,8,Khuzestan,Iran,a28defe3-9bf0-4273-9247-6f57a5e5a5ab,366eb16f-508e-4ad7-b7c9-3acfe059a0ee,1,17900000000.0,7f5b6f7e-1c2d-4a4e-9a51-3a3f1d3c0a01,2755d942-89cf-427c-9f5b-787eb6131739,2025-08-05T05:17:00Z,2025-08-05T05:17:00Z,0,1
9814697c-9c02-4145-968f-86586800155d,Ilia Builders Co.,ACC-000688,100000000,8,Khuzestan,Iran,a28defe3-9bf0-4273-9247-6f57a5e5a5ab,366eb16f-508e-4ad7-b7c9-3acfe059a0ee,4,20200000000.0,7f5b6f7e-1c2d-4a4e-9a51-3a3f1d3c0a01,1ca691e1-dda7-433a-b334-5e5bdca3aa0a,2025-09-14T06:14:00Z,2025-09-14T06:14:00Z,0,1
922e047f-b5c1-4af0-a296-884f541eb2a4,Borna Steel Merchants Industries,ACC-000689,100000004,8,Tehran,Iran,7412b293-4729-4739-a14f-f3d719db3ad0,5304317f-af42-412f-b838-b3268e944239,1,57100000000.0,7f5b6f7e-1c2d-4a4e-9a51-3a3f1d3c0a01,2bb2c51f-7023-4aca-9ee6-fdea9534ee94,2025-07-12T12:50:00Z,2025-07-12T12:50:00Z,0,1
f4de6a69-6494-446a-bf00-5dab4a490f80,Tous Sazeh Group,ACC-000690,100000000,3,Tehran,Iran,7412b293-4729-4739-a14f-f3d719db3ad0,b02b61c4-a3d7-4628-ace6-6fa2fd5166e6,4,62800000000.0,7f5b6f7e-1c2d-4a4e-9a51-3a3f1d3c0a01,916efd7b-7cc2-49b7-95b4-59923d49e4f8,2025-12-15T05:33:00Z,2025-12-15T05:33:00Z,0,1
59cb1e01-8a40-45cd-9597-b5085bed5760,Vista Sazeh Industries,ACC-000691,100000000,3,Isfahan,Iran,29a3b2e9-5d65-4441-9588-42dea2bc372f,9132b63e-f162-47e4-a9c3-49e03602f8ac,1,7700000000.0,7f5b6f7e-1c2d-4a4e-9a51-3a3f1d3c0a01,45358d5a-2249-4a0f-ad58-35f3f87e213c,2025-11-20T06:06:00Z,2025-11-20T06:06:00Z,0,1
78bf9e23-00e2-4562-bea3-2d3485c8363f,Atlas Fabrication Works Industries,ACC-000692,100000001,8,Tehran,Iran,7412b293-4729-4739-a14f-f3d719db3ad0,b02b61c4-a3d7-4628-ace6-6fa2fd5166e6,4,13700000000.0,7f5b6f7e-1c2d-4a4e-9a51-3a3f1d3c0a01,2a67f030-87b5-4b85-9673-51cb39347843,2025-11-20T12:30:00Z,2025-11-20T12:30:00Z,0,1
c37e9c25-5d5e-4747-b83d-f10179ece854,Kian Rail & Road Projects Industries,ACC-000693,100000005,8,Tehran,Iran,7412b293-4729-4739-a14f-f3d719db3ad0,ce177b4e-0837-48a3-9261-a7ab3aa2e4f9,4,132100000000.0,7f5b6f7e-1c2d-4a4e-9a51-3a3f1d3c0a01,13189bf2-cf3a-4554-8f32-cd1499c69fcf,2025-10-28T11:13:00Z,2025-10-28T11:13:00Z,0,1
b5ef1ee6-7ff3-44b9-b69f-a399e1bfff1a,Borna Sazeh Industries,ACC-000694,100000000,3,Isfahan,Iran,29a3b2e9-5d65-4441-9588-42dea2bc372f,9132b63e-f162-47e4-a9c3-49e03602f8ac,4,15300000000.0,7f5b6f7e-1c2d-4a4e-9a51-3a3f1d3c0a01,0eca3630-7342-44e1-a957-a9dd5258e6d8,2025-11-08T13:02:00Z,2025-11-08T13:02:00Z,0,1
9933a462-c058-4c0f-9555-c133c7b30b41,Javid Profile Sazan Group,ACC-000695,100000002,8,Khorasan Razavi,Iran,ab9099a4-35a2-40ae-9af3-05535ec42e08,24933b83-7577-40a9-a491-f0b2ea1fca65,1,33900000000.0,7f5b6f7e-1c2d-4a4e-9a51-3a3f1d3c0a01,2056dff5-1f58-4eca-bb01-7c93a525e50b,2025-11-19T12:02:00Z,2025-11-19T12:02:00Z,0,1
2f637877-31b7-4072-ae28-b3e95c7e954d,Espadana Builders Ltd.,ACC-000696,100000000,8,Isfahan,Iran,29a3b2e9-5d65-4441-9588-42dea2bc372f,9132b63e-f162-47e4-a9c3-49e03602f8ac,1,18800000000.0,7f5b6f7e-1c2d-4a4e-9a51-3a3f1d3c0a01,d3f9dab2-57ba-4b4c-a450-9dd3d4bf4f30,2025-12-09T05:47:00Z,2025-12-09T05:47:00Z,0,1
c2c76cf4-91fd-42b9-b2d9-c2b7416a4f9f,Bamdad Sazeh Ltd.,ACC-000697,100000000,3,Tehran,Iran,7412b293-4729-4739-a14f-f3d719db3ad0,0e51f30d-c6a7-4e39-84b0-32ccd7c524a5,100000000,14200000000.0,7f5b6f7e-1c2d-4a4e-9a51-3a3f1d3c0a01,6dabaa1c-5868-432a-84c7-71063811f9e9,2025-12-22T09:19:00Z,2025-12-22T09:19:00Z,0,1
a8e6c1fb-81f4-497b-842e-de0725b5ca9a,Rahyab Fabrication Works Ltd.,ACC-000698,100000001,8,Isfahan,Iran,29a3b2e9-5d65-4441-9588-42dea2bc372f,10f1bc81-448a-4a9e-a6b2-bc5b50c187fc,4,20200000000.0,7f5b6f7e-1c2d-4a4e-9a51-3a3f1d3c0a01,86cdc5b7-d7aa-4061-8c94-ec5dd53a7ad3,2026-03-21T09:00:00Z,2026-03-21T09:00:00Z,0,1
2c9708a2-e7b3-49bb-aaa4-cc5ae330ed6a,Alvand Sazeh Ltd.,ACC-000699,100000000,8,Alborz,Iran,7412b293-4729-4739-a14f-f3d719db3ad0,5304317f-af42-412f-b838-b3268e944239,1,28500000000.0,7f5b6f7e-1c2d-4a4e-9a51-3a3f1d3c0a01,48a0d015-6862-49e7-8768-95c2f85c24c3,2026-03-02T07:42:00Z,2026-03-02T07:42:00Z,0,1
5841b548-e47d-45ce-b06b-ba502d4aad08,Taban Ahan Forooshi Industries,ACC-000700,100000004,3,Tehran,Iran,7412b293-4729-4739-a14f-f3d719db3ad0,ce177b4e-0837-48a3-9261-a7ab3aa2e4f9,100000000,25500000000.0,7f5b6f7e-1c2d-4a4e-9a51-3a3f1d3c0a01,20f9bfc9-9eb0-4058-904d-0a5069258881,2026-01-26T05:27:00Z,2026-01-26T05:27:00Z,0,1
087df61d-21e4-47e7-b856-fcb38b27036b,Negin Builders Co.,ACC-000701,100000000,3,Hormozgan,Iran,3eabedcb-baa8-4dd4-88bd-64072bcfbe01,e27a984d-6548-41d0-bfcd-9eb1a7cad415,100000000,16600000000.0,7f5b6f7e-1c2d-4a4e-9a51-3a3f1d3c0a01,843efe2f-3441-4d4c-8445-50e71e42ee2d,2026-01-10T12:09:00Z,2026-01-10T12:09:00Z,0,1
8400bf6e-32c2-468c-973d-c559122beb5e,Pishgam Loleh Sazi Group,ACC-000702,100000002,3,Tehran,Iran,7412b293-4729-4739-a14f-f3d719db3ad0,b02b61c4-a3d7-4628-ace6-6fa2fd5166e6,4,43100000000.0,7f5b6f7e-1c2d-4a4e-9a51-3a3f1d3c0a01,2de92307-a9ca-47f7-8305-01d2935a7058,2026-01-31T13:28:00Z,2026-01-31T13:28:00Z,0,1
6ff4d125-b12a-42b4-8850-e86561d3b32d,Golestan Golkhaneh Sazan Industries,ACC-000703,100000006,8,Isfahan,Iran,29a3b2e9-5d65-4441-9588-42dea2bc372f,10f1bc81-448a-4a9e-a6b2-bc5b50c187fc,1,14300000000.0,7f5b6f7e-1c2d-4a4e-9a51-3a3f1d3c0a01,b2a3f8e5-9bab-49cf-a84e-8078525aaa7d,2026-03-10T07:34:00Z,2026-03-10T07:34:00Z,0,1
474cd1a1-b60f-4d69-9d05-0f7045cb86d6,Tarava Ahan Forooshi Co.,ACC-000704,100000004,3,Tehran,Iran,7412b293-4729-4739-a14f-f3d719db3ad0,ce177b4e-0837-48a3-9261-a7ab3aa2e4f9,1,51300000000.0,7f5b6f7e-1c2d-4a4e-9a51-3a3f1d3c0a01,28afc82b-fcdf-4559-ac17-a477af09dba1,2026-02-15T12:23:00Z,2026-02-15T12:23:00Z,0,1
7862fa7d-4138-4321-ac11-e260f74fe2b9,Negin Steel Merchants Industries,ACC-000705,100000004,8,Mazandaran,Iran,7412b293-4729-4739-a14f-f3d719db3ad0,ce177b4e-0837-48a3-9261-a7ab3aa2e4f9,100000000,55000000000.0,7f5b6f7e-1c2d-4a4e-9a51-3a3f1d3c0a01,85d230fb-ed42-4c0f-aa5e-d7c17fcfa67b,2026-02-07T07:43:00Z,2026-02-07T07:43:00Z,0,1
8a61f755-0c6b-4d43-bb37-eb7955315e27,Vista Sakhteman Industries,ACC-000706,100000000,3,Isfahan,Iran,29a3b2e9-5d65-4441-9588-42dea2bc372f,10f1bc81-448a-4a9e-a6b2-bc5b50c187fc,100000000,18800000000.0,7f5b6f7e-1c2d-4a4e-9a51-3a3f1d3c0a01,efc5a8dc-cf54-488a-8c5d-53779f493777,2026-03-24T07:52:00Z,2026-03-24T07:52:00Z,0,1
cca8f708-df77-41cc-85d1-cfbdd2ec8e7a,Farnam Ahan Forooshi Co.,ACC-000707,100000004,3,East Azerbaijan,Iran,aefcfad8-efc8-4849-b3aa-7efe4458a885,beb79919-3f22-4af8-a3be-d01d43cf2fde,100000000,88600000000.0,7f5b6f7e-1c2d-4a4e-9a51-3a3f1d3c0a01,0e7e41b6-92bd-40ed-93d8-a5bdade73cc0,2026-03-25T05:26:00Z,2026-03-25T05:26:00Z,0,1
7a9ede9d-af6c-4716-8453-2d47f5a0cc24,Darya Contracting Ltd.,ACC-000708,100000000,3,Khorasan Razavi,Iran,ab9099a4-35a2-40ae-9af3-05535ec42e08,24933b83-7577-40a9-a491-f0b2ea1fca65,1,24400000000.0,7f5b6f7e-1c2d-4a4e-9a51-3a3f1d3c0a01,3492abcf-6938-4dd8-b17b-b519830080fc,2026-02-01T09:44:00Z,2026-02-01T09:44:00Z,0,1
818b4ed4-7fa4-48ff-8225-5b2c37f81f31,Raman Eskelet Felezi Industries,ACC-000709,100000001,3,Tehran,Iran,7412b293-4729-4739-a14f-f3d719db3ad0,0e51f30d-c6a7-4e39-84b0-32ccd7c524a5,1,9200000000.0,7f5b6f7e-1c2d-4a4e-9a51-3a3f1d3c0a01,6d61c2b7-db31-4c10-b9c2-d65b6c5aaa25,2026-02-21T07:14:00Z,2026-02-21T07:14:00Z,0,1
e90ecbd3-7770-490e-b25d-2c850622a294,Raman Agri-Steel Co.,ACC-000710,100000006,8,Isfahan,Iran,29a3b2e9-5d65-4441-9588-42dea2bc372f,9132b63e-f162-47e4-a9c3-49e03602f8ac,100000000,10800000000.0,7f5b6f7e-1c2d-4a4e-9a51-3a3f1d3c0a01,3f58282a-899c-4e9a-8119-1db3bd26551f,2026-01-28T05:49:00Z,2026-01-28T05:49:00Z,0,1
6cbc9250-26cc-4f5a-8fd9-2fcf075708ff,Zagros Sazeh Co.,ACC-000711,100000000,8,East Azerbaijan,Iran,aefcfad8-efc8-4849-b3aa-7efe4458a885,beb79919-3f22-4af8-a3be-d01d43cf2fde,1,10600000000.0,7f5b6f7e-1c2d-4a4e-9a51-3a3f1d3c0a01,49e2b4f4-67b2-4af7-8938-3fb32018925e,2026-01-22T12:37:00Z,2026-01-22T12:37:00Z,0,1
0835d895-ebf5-4cfa-b33b-b643cfb1dce1,Parsian Abadgaran Ltd.,ACC-000712,100000000,8,Tehran,Iran,7412b293-4729-4739-a14f-f3d719db3ad0,b02b61c4-a3d7-4628-ace6-6fa2fd5166e6,1,39700000000.0,7f5b6f7e-1c2d-4a4e-9a51-3a3f1d3c0a01,6f7d696b-69f2-4bec-aa5d-69d9fd6d361c,2026-01-28T08:48:00Z,2026-01-28T08:48:00Z,0,1
3ff59f4e-bf78-47c8-96ce-3395e362cf12,Golestan Ahan Bazar Co.,ACC-000713,100000004,8,East Azerbaijan,Iran,aefcfad8-efc8-4849-b3aa-7efe4458a885,beb79919-3f22-4af8-a3be-d01d43cf2fde,100000000,109600000000.0,7f5b6f7e-1c2d-4a4e-9a51-3a3f1d3c0a01,a24015d1-c30b-4db6-a095-8a6968607a49,2026-05-14T12:34:00Z,2026-05-14T12:34:00Z,0,1
bfc3e5bc-800d-48dd-941a-1fab8c6c6191,Kimia Steel Structures Group,ACC-000714,100000001,3,Tehran,Iran,7412b293-4729-4739-a14f-f3d719db3ad0,0e51f30d-c6a7-4e39-84b0-32ccd7c524a5,1,20600000000.0,7f5b6f7e-1c2d-4a4e-9a51-3a3f1d3c0a01,ee647303-8c0b-4e42-a013-6cf6beb4d307,2026-06-15T09:49:00Z,2026-06-15T09:49:00Z,0,1
51a5d268-0384-4427-9361-a97398a494d1,Bamdad Contracting Industries,ACC-000715,100000000,8,Fars,Iran,3eabedcb-baa8-4dd4-88bd-64072bcfbe01,e27a984d-6548-41d0-bfcd-9eb1a7cad415,4,19700000000.0,7f5b6f7e-1c2d-4a4e-9a51-3a3f1d3c0a01,71d37431-b7fe-4585-a7a7-968db9b2da97,2026-04-14T09:45:00Z,2026-04-14T09:45:00Z,0,1
06c4f4a2-218a-47c0-9447-c810238aa954,Karun Construction Co.,ACC-000716,100000000,8,Isfahan,Iran,29a3b2e9-5d65-4441-9588-42dea2bc372f,10f1bc81-448a-4a9e-a6b2-bc5b50c187fc,1,26800000000.0,7f5b6f7e-1c2d-4a4e-9a51-3a3f1d3c0a01,7c4166be-1965-4efc-a86e-3525714faa88,2026-06-16T08:57:00Z,2026-06-16T08:57:00Z,0,1
a3a01a1b-9fdc-46ea-8ac4-a07c32742991,Mahan Tube Mills Co.,ACC-000717,100000002,8,East Azerbaijan,Iran,aefcfad8-efc8-4849-b3aa-7efe4458a885,beb79919-3f22-4af8-a3be-d01d43cf2fde,1,49400000000.0,7f5b6f7e-1c2d-4a4e-9a51-3a3f1d3c0a01,a54e5073-83da-4bc6-8641-baf61a600807,2026-05-09T07:38:00Z,2026-05-09T07:38:00Z,0,1
74e8fa93-a38f-4315-820a-80acd7a5914a,Sabalan Appliance Components Group,ACC-000718,100000003,8,Alborz,Iran,7412b293-4729-4739-a14f-f3d719db3ad0,0e51f30d-c6a7-4e39-84b0-32ccd7c524a5,4,25600000000.0,7f5b6f7e-1c2d-4a4e-9a51-3a3f1d3c0a01,ec81f021-9076-47b4-aa85-5d668900f547,2026-04-11T07:19:00Z,2026-04-11T07:19:00Z,0,1
c508c7e7-6713-450d-a615-32bbc599f9ca,Persis Omran Ltd.,ACC-000719,100000000,8,Khorasan Razavi,Iran,ab9099a4-35a2-40ae-9af3-05535ec42e08,24933b83-7577-40a9-a491-f0b2ea1fca65,4,12500000000.0,7f5b6f7e-1c2d-4a4e-9a51-3a3f1d3c0a01,1ecc9af6-ef46-4612-ad5c-8842e73e153d,2026-06-30T09:46:00Z,2026-06-30T09:46:00Z,0,1
77009e43-7af3-4f44-ba03-d8a09f5b4ced,Zagros Steel Structures Industries,ACC-000720,100000001,3,Isfahan,Iran,29a3b2e9-5d65-4441-9588-42dea2bc372f,10f1bc81-448a-4a9e-a6b2-bc5b50c187fc,100000000,17000000000.0,7f5b6f7e-1c2d-4a4e-9a51-3a3f1d3c0a01,3de90fd9-956f-469b-94ae-02444a9b69e3,2026-05-14T06:00:00Z,2026-05-14T06:00:00Z,0,1
d50624d6-6a9f-4613-9acc-0bfc28f724f6,Ilia Steel Depot Co.,ACC-000721,100000004,3,Fars,Iran,3eabedcb-baa8-4dd4-88bd-64072bcfbe01,e27a984d-6548-41d0-bfcd-9eb1a7cad415,100000000,63600000000.0,7f5b6f7e-1c2d-4a4e-9a51-3a3f1d3c0a01,a94e4372-3a88-45a8-9b2c-9f5bbdcd00a9,2026-04-25T05:04:00Z,2026-04-25T05:04:00Z,0,1
4e3be7b2-ca5a-4416-b95b-fa5cc35e62d8,Laleh Steel Depot Ltd.,ACC-000722,100000004,8,Fars,Iran,3eabedcb-baa8-4dd4-88bd-64072bcfbe01,e27a984d-6548-41d0-bfcd-9eb1a7cad415,100000000,70000000000.0,7f5b6f7e-1c2d-4a4e-9a51-3a3f1d3c0a01,ddd44b03-5653-41b3-b0c5-2fa898d91e8f,2026-04-22T12:53:00Z,2026-04-22T12:53:00Z,0,1
fc5e260a-eaf2-45ee-ac16-4dc447c5f0aa,Taban Abadgaran Ltd.,ACC-000723,100000000,8,Khuzestan,Iran,a28defe3-9bf0-4273-9247-6f57a5e5a5ab,366eb16f-508e-4ad7-b7c9-3acfe059a0ee,1,44900000000.0,7f5b6f7e-1c2d-4a4e-9a51-3a3f1d3c0a01,d29e8c00-bb99-4a58-aa49-8fca76a6b248,2026-06-20T09:11:00Z,2026-06-20T09:11:00Z,0,1
2b0ee2c8-44b9-4f9c-8a49-d83b4f5c6a32,Hamoon Golkhaneh Sazan Co.,ACC-000724,100000006,8,Khuzestan,Iran,a28defe3-9bf0-4273-9247-6f57a5e5a5ab,366eb16f-508e-4ad7-b7c9-3acfe059a0ee,100000000,6400000000.0,7f5b6f7e-1c2d-4a4e-9a51-3a3f1d3c0a01,bbc7f19e-2f50-4acb-bee1-d728e9909a64,2024-08-28T04:43:00Z,2024-08-28T04:43:00Z,0,1
57e9687c-436d-410d-b8ec-06fe4a5e84b3,Taban Sakhteman Co.,ACC-000725,100000000,8,Hormozgan,Iran,3eabedcb-baa8-4dd4-88bd-64072bcfbe01,e27a984d-6548-41d0-bfcd-9eb1a7cad415,1,14900000000.0,7f5b6f7e-1c2d-4a4e-9a51-3a3f1d3c0a01,b9d955d8-5b68-44a9-a5ff-60865f62c1be,2024-08-28T06:43:00Z,2024-08-28T06:43:00Z,0,1
d57a1134-c82f-48db-9bc6-9dfca6a148c3,Orang Greenhouse Structures Ltd.,ACC-000726,100000006,3,Mazandaran,Iran,7412b293-4729-4739-a14f-f3d719db3ad0,5304317f-af42-412f-b838-b3268e944239,1,8900000000.0,7f5b6f7e-1c2d-4a4e-9a51-3a3f1d3c0a01,0003ed63-ab3e-481d-bca2-e89382d8dfa7,2024-08-21T08:57:00Z,2024-08-21T08:57:00Z,0,1
17158cbe-342b-4225-9873-7a1d4d6d1f82,Chakad Profile Works Industries,ACC-000727,100000002,3,Isfahan,Iran,29a3b2e9-5d65-4441-9588-42dea2bc372f,10f1bc81-448a-4a9e-a6b2-bc5b50c187fc,4,31400000000.0,7f5b6f7e-1c2d-4a4e-9a51-3a3f1d3c0a01,bf6a806a-ea70-4729-898a-90241503a2aa,2024-09-07T06:24:00Z,2024-09-07T06:24:00Z,0,1
b4b4aba9-4db7-4ad7-85c3-822093cc50ac,Mahtab Construction Co.,ACC-000728,100000000,8,East Azerbaijan,Iran,aefcfad8-efc8-4849-b3aa-7efe4458a885,beb79919-3f22-4af8-a3be-d01d43cf2fde,4,21900000000.0,7f5b6f7e-1c2d-4a4e-9a51-3a3f1d3c0a01,b19aadda-2af4-4faa-a340-02665d5ba987,2024-09-07T05:29:00Z,2024-09-07T05:29:00Z,0,1
c0d4173b-aa58-40e6-86ef-a55196d0ae38,Sabalan Appliance Components Industries,ACC-000729,100000003,3,Mazandaran,Iran,7412b293-4729-4739-a14f-f3d719db3ad0,5304317f-af42-412f-b838-b3268e944239,100000001,14500000000.0,7f5b6f7e-1c2d-4a4e-9a51-3a3f1d3c0a01,de3e2bc2-ba17-4ab1-8ca3-24c619020277,2024-08-24T12:11:00Z,2024-08-24T12:11:00Z,0,1
5c978975-f500-4058-8c3b-491fbb27dcbb,Sabalan Agri-Steel Ltd.,ACC-000730,100000006,8,Tehran,Iran,7412b293-4729-4739-a14f-f3d719db3ad0,5304317f-af42-412f-b838-b3268e944239,100000000,10500000000.0,7f5b6f7e-1c2d-4a4e-9a51-3a3f1d3c0a01,1f3db3ac-c0e4-4ec7-b617-9ea996d0a7d2,2024-08-27T07:29:00Z,2024-08-27T07:29:00Z,0,1
d4f10cf9-f12e-43a3-ae77-54d24c4b6f67,Mahtab Builders Co.,ACC-000731,100000000,3,Fars,Iran,3eabedcb-baa8-4dd4-88bd-64072bcfbe01,e27a984d-6548-41d0-bfcd-9eb1a7cad415,4,13800000000.0,7f5b6f7e-1c2d-4a4e-9a51-3a3f1d3c0a01,277dbdc6-37e4-4927-86e5-b1581c5c4751,2024-08-15T07:13:00Z,2024-08-15T07:13:00Z,0,1
007b453d-71ac-442c-8d4c-b4c5a3597308,Arman Appliance Components Ltd.,ACC-000732,100000003,8,Fars,Iran,3eabedcb-baa8-4dd4-88bd-64072bcfbe01,e27a984d-6548-41d0-bfcd-9eb1a7cad415,100000001,30000000000.0,7f5b6f7e-1c2d-4a4e-9a51-3a3f1d3c0a01,691973ce-3183-4226-86d5-75e01e18446b,2024-09-11T06:13:00Z,2024-09-11T06:13:00Z,0,1
c7d4f9ba-cf77-45c0-940b-86685d7b783f,Hirad Steel Structures Group,ACC-000733,100000001,3,Khorasan Razavi,Iran,ab9099a4-35a2-40ae-9af3-05535ec42e08,24933b83-7577-40a9-a491-f0b2ea1fca65,100000000,12000000000.0,7f5b6f7e-1c2d-4a4e-9a51-3a3f1d3c0a01,ae0e317d-5056-4fa8-9006-9ffb876cae1c,2024-09-02T10:38:00Z,2024-09-02T10:38:00Z,0,1
95517152-f060-4f3e-addd-b4ed63ed5635,Arvand Builders Group,ACC-000734,100000000,8,Alborz,Iran,7412b293-4729-4739-a14f-f3d719db3ad0,b02b61c4-a3d7-4628-ace6-6fa2fd5166e6,100000000,31200000000.0,7f5b6f7e-1c2d-4a4e-9a51-3a3f1d3c0a01,975f455b-cf4d-4e6c-b88b-4ccdbabddfea,2024-08-21T13:29:00Z,2024-08-21T13:29:00Z,0,1
512896b9-d1a8-470a-afba-959b5ff1e393,Fardis Foolad Trading Group,ACC-000735,100000004,3,Khuzestan,Iran,a28defe3-9bf0-4273-9247-6f57a5e5a5ab,366eb16f-508e-4ad7-b7c9-3acfe059a0ee,100000000,38800000000.0,7f5b6f7e-1c2d-4a4e-9a51-3a3f1d3c0a01,ea2aaae9-60a6-4e36-85d9-6457a10db698,2024-09-09T09:09:00Z,2024-09-09T09:09:00Z,0,1
b5abf569-b825-4bbb-9086-fcf7f71b0645,Diba Construction Group,ACC-000736,100000000,8,Isfahan,Iran,29a3b2e9-5d65-4441-9588-42dea2bc372f,10f1bc81-448a-4a9e-a6b2-bc5b50c187fc,100000000,28100000000.0,7f5b6f7e-1c2d-4a4e-9a51-3a3f1d3c0a01,c0b30303-af47-4a0b-a7fd-3482b7c9debe,2024-09-11T04:50:00Z,2024-09-11T04:50:00Z,0,1
61c9e3d4-b2da-486e-aecf-dd43e8fabfb4,Zagros Steel Trading Industries,ACC-000737,100000004,8,Alborz,Iran,7412b293-4729-4739-a14f-f3d719db3ad0,ce177b4e-0837-48a3-9261-a7ab3aa2e4f9,1,51200000000.0,7f5b6f7e-1c2d-4a4e-9a51-3a3f1d3c0a01,92b89c2a-e4ac-44e1-8e96-7fb8e85580e4,2024-09-03T05:07:00Z,2024-09-03T05:07:00Z,0,1
70647540-74ca-4521-a3ef-54b770d230e3,Hirad Housing Development Ltd.,ACC-000738,100000005,8,East Azerbaijan,Iran,aefcfad8-efc8-4849-b3aa-7efe4458a885,beb79919-3f22-4af8-a3be-d01d43cf2fde,100000001,88400000000.0,7f5b6f7e-1c2d-4a4e-9a51-3a3f1d3c0a01,c8233e35-68e6-4ec7-ae75-ff6421d8f576,2024-09-11T09:36:00Z,2024-09-11T09:36:00Z,0,1
c90b07d5-ab8a-4c06-91db-bb3f71ac8e6c,Tarava Ahan Bazar Ltd.,ACC-000739,100000004,8,Mazandaran,Iran,7412b293-4729-4739-a14f-f3d719db3ad0,5304317f-af42-412f-b838-b3268e944239,100000000,77500000000.0,7f5b6f7e-1c2d-4a4e-9a51-3a3f1d3c0a01,7f3b8cbb-390a-4e15-a051-d2a324f1d56e,2024-09-07T06:34:00Z,2024-09-07T06:34:00Z,0,1
3a8b17bd-0ac3-4863-ae30-6a4aadc19d07,Tarava Omran Industries,ACC-000740,100000000,8,Khorasan Razavi,Iran,ab9099a4-35a2-40ae-9af3-05535ec42e08,24933b83-7577-40a9-a491-f0b2ea1fca65,4,13100000000.0,7f5b6f7e-1c2d-4a4e-9a51-3a3f1d3c0a01,6c9d65d4-f381-4e6b-b88e-b897dc115b32,2024-08-19T07:03:00Z,2024-08-19T07:03:00Z,0,1
5503b3e2-adc3-4d66-99aa-5d3fe9912230,Gohar Golkhaneh Sazan Group,ACC-000741,100000006,3,Khuzestan,Iran,a28defe3-9bf0-4273-9247-6f57a5e5a5ab,366eb16f-508e-4ad7-b7c9-3acfe059a0ee,1,7500000000.0,7f5b6f7e-1c2d-4a4e-9a51-3a3f1d3c0a01,15a3aa38-c2ae-4799-986e-48270d94c5c9,2024-12-12T09:02:00Z,2024-12-12T09:02:00Z,0,1
dcf2d920-cfb9-48f6-9d1a-71a6f34b1820,Rahyab Construction Group,ACC-000742,100000000,8,Mazandaran,Iran,7412b293-4729-4739-a14f-f3d719db3ad0,b02b61c4-a3d7-4628-ace6-6fa2fd5166e6,4,22000000000.0,7f5b6f7e-1c2d-4a4e-9a51-3a3f1d3c0a01,9943d04b-7e22-429a-9e86-b8f8668a9942,2024-11-26T13:13:00Z,2024-11-26T13:13:00Z,0,1
b2c1750d-ff67-495f-a251-1820444b3ea4,Bamdad Construction Group,ACC-000743,100000000,8,Tehran,Iran,7412b293-4729-4739-a14f-f3d719db3ad0,b02b61c4-a3d7-4628-ace6-6fa2fd5166e6,100000000,16600000000.0,7f5b6f7e-1c2d-4a4e-9a51-3a3f1d3c0a01,16fb74d5-b56d-4ac7-bccb-136d07411d40,2024-11-30T12:46:00Z,2024-11-30T12:46:00Z,0,1
fdd8d2b2-700b-4c96-9b3a-2f894729ad77,Rahyab Metals Supply Ltd.,ACC-000744,100000004,8,Tehran,Iran,7412b293-4729-4739-a14f-f3d719db3ad0,5304317f-af42-412f-b838-b3268e944239,100000000,108300000000.0,7f5b6f7e-1c2d-4a4e-9a51-3a3f1d3c0a01,048bed80-fc64-4a81-b9dc-cd07efd4a45f,2024-12-01T12:43:00Z,2024-12-01T12:43:00Z,0,1
d5e82907-d66c-4553-92dc-4248f169e2ce,Taban Greenhouse Structures Group,ACC-000745,100000006,3,Mazandaran,Iran,7412b293-4729-4739-a14f-f3d719db3ad0,5304317f-af42-412f-b838-b3268e944239,100000000,6800000000.0,7f5b6f7e-1c2d-4a4e-9a51-3a3f1d3c0a01,de49531a-3e8b-4467-920c-108eb9645021,2024-11-24T09:31:00Z,2024-11-24T09:31:00Z,0,1
010178e9-77f1-4e38-8c45-4c0b74bc14f1,Nikan Tube Mills Group,ACC-000746,100000002,8,Isfahan,Iran,29a3b2e9-5d65-4441-9588-42dea2bc372f,9132b63e-f162-47e4-a9c3-49e03602f8ac,4,31200000000.0,7f5b6f7e-1c2d-4a4e-9a51-3a3f1d3c0a01,067d8b79-1b45-42cf-8ee1-308767c0ec07,2024-11-30T05:31:00Z,2024-11-30T05:31:00Z,0,1
0fb5600a-12d5-46b5-b7d2-358beea28bbb,Elham Steel Depot Group,ACC-000747,100000004,3,Tehran,Iran,7412b293-4729-4739-a14f-f3d719db3ad0,ce177b4e-0837-48a3-9261-a7ab3aa2e4f9,1,31900000000.0,7f5b6f7e-1c2d-4a4e-9a51-3a3f1d3c0a01,67a6269f-da4a-406c-8f88-dfb2d1e62f2e,2024-11-18T11:03:00Z,2024-11-18T11:03:00Z,0,1
d60dd16b-62b0-45a5-9cba-354d6d2031ba,Behsaz Greenhouse Structures Group,ACC-000748,100000006,8,Alborz,Iran,7412b293-4729-4739-a14f-f3d719db3ad0,5304317f-af42-412f-b838-b3268e944239,1,7400000000.0,7f5b6f7e-1c2d-4a4e-9a51-3a3f1d3c0a01,6a61041f-df06-485a-9ca2-acb59b2c4bf0,2024-12-11T11:22:00Z,2024-12-11T11:22:00Z,0,1
5bd6ac09-f6be-47b1-a891-e1314135cb68,Diba Abadgaran Co.,ACC-000749,100000000,8,Hormozgan,Iran,3eabedcb-baa8-4dd4-88bd-64072bcfbe01,e27a984d-6548-41d0-bfcd-9eb1a7cad415,100000000,27400000000.0,7f5b6f7e-1c2d-4a4e-9a51-3a3f1d3c0a01,966a66e9-8811-4899-86bf-8daf71f4d6ed,2024-12-03T11:30:00Z,2024-12-03T11:30:00Z,0,1
6963acba-77bd-4a18-94d3-e54dc2335b06,Tarava Contracting Industries,ACC-000750,100000000,8,Tehran,Iran,7412b293-4729-4739-a14f-f3d719db3ad0,0e51f30d-c6a7-4e39-84b0-32ccd7c524a5,4,19800000000.0,7f5b6f7e-1c2d-4a4e-9a51-3a3f1d3c0a01,72ff9ea2-c906-405d-b038-d052ae3d132b,2024-12-18T09:02:00Z,2024-12-18T09:02:00Z,0,1
d64c495b-bb03-47cd-bf15-2b58bf695686,Saba Housing Development Group,ACC-000751,100000005,8,Isfahan,Iran,29a3b2e9-5d65-4441-9588-42dea2bc372f,9132b63e-f162-47e4-a9c3-49e03602f8ac,100000001,182200000000.0,7f5b6f7e-1c2d-4a4e-9a51-3a3f1d3c0a01,63f24b8b-47e0-4a1e-beef-8149ebb1cc2f,2024-12-16T09:46:00Z,2024-12-16T09:46:00Z,0,1
5a4edcb7-ad37-4eb6-84e0-6472e1c60b7b,Negin Agri-Steel Industries,ACC-000752,100000006,3,Tehran,Iran,7412b293-4729-4739-a14f-f3d719db3ad0,5304317f-af42-412f-b838-b3268e944239,100000000,5700000000.0,7f5b6f7e-1c2d-4a4e-9a51-3a3f1d3c0a01,8557c6aa-3614-40a8-b867-54a2d955dc9a,2024-12-10T07:52:00Z,2024-12-10T07:52:00Z,0,1
a47f7b58-e691-4476-af1a-09597669fdca,Mahtab Construction Ltd.,ACC-000753,100000000,8,Tehran,Iran,7412b293-4729-4739-a14f-f3d719db3ad0,5304317f-af42-412f-b838-b3268e944239,1,25600000000.0,7f5b6f7e-1c2d-4a4e-9a51-3a3f1d3c0a01,d2e8a81e-a74a-4650-ba5e-1e3df150cdea,2024-12-11T09:22:00Z,2024-12-11T09:22:00Z,0,1
60dfea78-1271-4f04-8d5a-9e8dcc2052af,Vista Press Works Ltd.,ACC-000754,100000003,8,Alborz,Iran,7412b293-4729-4739-a14f-f3d719db3ad0,5304317f-af42-412f-b838-b3268e944239,1,23400000000.0,7f5b6f7e-1c2d-4a4e-9a51-3a3f1d3c0a01,dae6004b-819b-4b05-9d26-dd366ddf9ca7,2024-12-07T04:33:00Z,2024-12-07T04:33:00Z,0,1
73535551-9f81-4220-88e4-f2df1e6efe84,Ilia Builders Group,ACC-000755,100000000,8,Fars,Iran,3eabedcb-baa8-4dd4-88bd-64072bcfbe01,e27a984d-6548-41d0-bfcd-9eb1a7cad415,1,29200000000.0,7f5b6f7e-1c2d-4a4e-9a51-3a3f1d3c0a01,289b73ce-3210-4523-90a7-d6a76480a4f2,2024-12-08T10:01:00Z,2024-12-08T10:01:00Z,0,1
8dac08c7-93b1-4009-b9dd-c52d6be01cee,Nasim Construction Group,ACC-000756,100000000,8,Hormozgan,Iran,3eabedcb-baa8-4dd4-88bd-64072bcfbe01,e27a984d-6548-41d0-bfcd-9eb1a7cad415,1,11600000000.0,7f5b6f7e-1c2d-4a4e-9a51-3a3f1d3c0a01,b16673b7-28a5-44a4-a695-f8e4318a3e65,2024-12-14T07:52:00Z,2024-12-14T07:52:00Z,0,1
9b4e4fb0-8008-4255-8392-2b0f9d64f431,Arman Greenhouse Structures Co.,ACC-000757,100000006,3,Isfahan,Iran,29a3b2e9-5d65-4441-9588-42dea2bc372f,10f1bc81-448a-4a9e-a6b2-bc5b50c187fc,100000000,7000000000.0,7f5b6f7e-1c2d-4a4e-9a51-3a3f1d3c0a01,7549334e-77d5-4467-ba82-5606516db78a,2024-12-15T09:40:00Z,2024-12-15T09:40:00Z,0,1
afe05f6d-66ab-44ad-a4c1-b6ef25896340,Farazan Construction Ltd.,ACC-000758,100000000,3,Tehran,Iran,7412b293-4729-4739-a14f-f3d719db3ad0,0e51f30d-c6a7-4e39-84b0-32ccd7c524a5,1,11600000000.0,7f5b6f7e-1c2d-4a4e-9a51-3a3f1d3c0a01,9946f64c-cbaa-4cfd-8fb1-244485bf7576,2024-11-30T11:57:00Z,2024-11-30T11:57:00Z,0,1
b130088b-004c-4bd5-b8a5-e0ed1e5601e9,Bamdad Omran Ltd.,ACC-000759,100000000,8,Alborz,Iran,7412b293-4729-4739-a14f-f3d719db3ad0,b02b61c4-a3d7-4628-ace6-6fa2fd5166e6,1,20200000000.0,7f5b6f7e-1c2d-4a4e-9a51-3a3f1d3c0a01,15e9e019-9a9b-4c83-93a9-390615b19303,2024-12-08T06:12:00Z,2024-12-08T06:12:00Z,0,1
bca61571-8e26-4057-bf11-97271b2bae11,Ofogh Abadgaran Co.,ACC-000760,100000000,3,Isfahan,Iran,29a3b2e9-5d65-4441-9588-42dea2bc372f,9132b63e-f162-47e4-a9c3-49e03602f8ac,4,32600000000.0,7f5b6f7e-1c2d-4a4e-9a51-3a3f1d3c0a01,113f6606-f975-43aa-93d8-8d7d0dbfd841,2024-12-14T07:07:00Z,2024-12-14T07:07:00Z,0,1
7388b94e-fcde-4b81-bf9b-cd4addf82d38,Gohar Profile Sazan Industries,ACC-000761,100000002,3,Isfahan,Iran,29a3b2e9-5d65-4441-9588-42dea2bc372f,10f1bc81-448a-4a9e-a6b2-bc5b50c187fc,1,42500000000.0,7f5b6f7e-1c2d-4a4e-9a51-3a3f1d3c0a01,b15c9203-aca8-4703-b5f1-3f4ca5feffcc,2024-12-14T10:44:00Z,2024-12-14T10:44:00Z,0,1
8eceac56-93da-44ff-9e00-fe91909fbd3f,Espadana Profile Works Industries,ACC-000762,100000002,8,Fars,Iran,3eabedcb-baa8-4dd4-88bd-64072bcfbe01,e27a984d-6548-41d0-bfcd-9eb1a7cad415,4,40700000000.0,7f5b6f7e-1c2d-4a4e-9a51-3a3f1d3c0a01,80d94d20-5660-42fe-8c05-d17bd1c9ebde,2024-12-04T08:44:00Z,2024-12-04T08:44:00Z,0,1
72652f1e-47b0-41ec-8a32-7480ba9583c5,Sabalan Metal Center Industries,ACC-000763,100000004,3,Khuzestan,Iran,a28defe3-9bf0-4273-9247-6f57a5e5a5ab,366eb16f-508e-4ad7-b7c9-3acfe059a0ee,100000000,56500000000.0,7f5b6f7e-1c2d-4a4e-9a51-3a3f1d3c0a01,9c191331-b7df-4eb9-9a1b-0257dd4d7474,2024-12-14T10:14:00Z,2024-12-14T10:14:00Z,0,1
540b06c0-b0f6-442e-80d5-b7fdeabc8764,Karun Appliance Components Co.,ACC-000764,100000003,8,East Azerbaijan,Iran,aefcfad8-efc8-4849-b3aa-7efe4458a885,beb79919-3f22-4af8-a3be-d01d43cf2fde,4,22900000000.0,7f5b6f7e-1c2d-4a4e-9a51-3a3f1d3c0a01,fbd525a6-b121-4721-bdba-579c94cc72ee,2024-12-21T11:24:00Z,2024-12-21T11:24:00Z,0,1
30243e0b-6b1a-48b8-9a26-1a82dfd49991,Hoda Eskelet Felezi Group,ACC-000765,100000001,8,Isfahan,Iran,29a3b2e9-5d65-4441-9588-42dea2bc372f,9132b63e-f162-47e4-a9c3-49e03602f8ac,1,11200000000.0,7f5b6f7e-1c2d-4a4e-9a51-3a3f1d3c0a01,2975a005-a611-46cc-a2bf-d68369f27da1,2024-12-04T06:06:00Z,2024-12-04T06:06:00Z,0,1
3e1707b1-0b61-483d-a774-1bc2540dff12,Hoda Profile Works Industries,ACC-000766,100000002,8,Tehran,Iran,7412b293-4729-4739-a14f-f3d719db3ad0,5304317f-af42-412f-b838-b3268e944239,4,56300000000.0,7f5b6f7e-1c2d-4a4e-9a51-3a3f1d3c0a01,fd7a5ed5-8859-4ffa-9738-06f1b1536a03,2025-05-10T07:32:00Z,2025-05-10T07:32:00Z,0,1
30318a12-2864-4c4b-9c47-581ecf3ff26a,Dena Steel Trading Industries,ACC-000767,100000004,8,Isfahan,Iran,29a3b2e9-5d65-4441-9588-42dea2bc372f,10f1bc81-448a-4a9e-a6b2-bc5b50c187fc,100000000,47400000000.0,7f5b6f7e-1c2d-4a4e-9a51-3a3f1d3c0a01,a50cb05b-8b87-460e-8e59-d1280cfd400c,2025-05-05T10:35:00Z,2025-05-05T10:35:00Z,0,1
79892ad6-84ec-42ae-a4f5-297c418fe315,Dena Steel Depot Industries,ACC-000768,100000004,8,Khuzestan,Iran,a28defe3-9bf0-4273-9247-6f57a5e5a5ab,366eb16f-508e-4ad7-b7c9-3acfe059a0ee,100000000,75900000000.0,7f5b6f7e-1c2d-4a4e-9a51-3a3f1d3c0a01,fc713b1b-e329-451f-8370-f6e705de7ead,2025-05-03T10:40:00Z,2025-05-03T10:40:00Z,0,1
b73b35fe-e917-4ed1-9c9e-1d5702968285,Dena Press Works Group,ACC-000769,100000003,3,Tehran,Iran,7412b293-4729-4739-a14f-f3d719db3ad0,b02b61c4-a3d7-4628-ace6-6fa2fd5166e6,4,21800000000.0,7f5b6f7e-1c2d-4a4e-9a51-3a3f1d3c0a01,5f0813df-ed28-430d-b3f9-cbf62bfd154f,2025-04-29T05:40:00Z,2025-04-29T05:40:00Z,0,1
14f89da1-e19f-4cc9-bdde-949ea835f6d1,Rahyab Contracting Group,ACC-000770,100000000,8,Khorasan Razavi,Iran,ab9099a4-35a2-40ae-9af3-05535ec42e08,24933b83-7577-40a9-a491-f0b2ea1fca65,1,26300000000.0,7f5b6f7e-1c2d-4a4e-9a51-3a3f1d3c0a01,0f004b33-cd68-46e0-9660-34854cb62fb0,2025-05-17T11:24:00Z,2025-05-17T11:24:00Z,0,1
d4dab805-0c4e-427f-ae7e-c1b28deb0414,Bamdad Omran Industries,ACC-000771,100000000,8,Mazandaran,Iran,7412b293-4729-4739-a14f-f3d719db3ad0,b02b61c4-a3d7-4628-ace6-6fa2fd5166e6,4,24200000000.0,7f5b6f7e-1c2d-4a4e-9a51-3a3f1d3c0a01,12cc7134-f175-40ac-9edf-87dad485d540,2025-05-11T05:10:00Z,2025-05-11T05:10:00Z,0,1
ca6c2829-1d72-46bf-b89e-0e3026909126,Golestan Abadgaran Co.,ACC-000772,100000000,3,Tehran,Iran,7412b293-4729-4739-a14f-f3d719db3ad0,0e51f30d-c6a7-4e39-84b0-32ccd7c524a5,100000000,14800000000.0,7f5b6f7e-1c2d-4a4e-9a51-3a3f1d3c0a01,956e71fb-5b6f-4793-9315-746f2e9ebcda,2025-04-29T07:56:00Z,2025-04-29T07:56:00Z,0,1
1a2a3a8e-e833-4ef3-bfe3-5f299c769b42,Darya Fabrication Works Group,ACC-000773,100000001,3,Tehran,Iran,7412b293-4729-4739-a14f-f3d719db3ad0,5304317f-af42-412f-b838-b3268e944239,1,12600000000.0,7f5b6f7e-1c2d-4a4e-9a51-3a3f1d3c0a01,e05e8dcd-0ae1-4add-96ff-6a056835b9c6,2025-05-12T13:13:00Z,2025-05-12T13:13:00Z,0,1
c2d72b23-acaa-49bd-b0c6-dff3d914b16d,Iman Urban Infrastructure Ltd.,ACC-000774,100000005,8,Hormozgan,Iran,3eabedcb-baa8-4dd4-88bd-64072bcfbe01,e27a984d-6548-41d0-bfcd-9eb1a7cad415,100000001,203500000000.0,7f5b6f7e-1c2d-4a4e-9a51-3a3f1d3c0a01,4a54c35c-041d-41ec-a86d-ca1c9e60aed2,2025-05-15T11:01:00Z,2025-05-15T11:01:00Z,0,1
84ccf931-e3e0-44c5-a015-4a17b652b9ef,Kimia Greenhouse Structures Industries,ACC-000775,100000006,3,Isfahan,Iran,29a3b2e9-5d65-4441-9588-42dea2bc372f,9132b63e-f162-47e4-a9c3-49e03602f8ac,100000000,5100000000.0,7f5b6f7e-1c2d-4a4e-9a51-3a3f1d3c0a01,1f9b41d4-669e-41ed-a148-a58efafc26d1,2025-05-20T09:11:00Z,2025-05-20T09:11:00Z,0,1
21d3b8f2-f3ac-45cb-bf4b-24b9ef4c37d0,Atlas Appliance Components Industries,ACC-000776,100000003,3,Tehran,Iran,7412b293-4729-4739-a14f-f3d719db3ad0,5304317f-af42-412f-b838-b3268e944239,1,11400000000.0,7f5b6f7e-1c2d-4a4e-9a51-3a3f1d3c0a01,d24f2357-7db6-4b75-befa-9c6d7f651d8a,2025-05-11T06:24:00Z,2025-05-11T06:24:00Z,0,1
c3164e09-977c-447f-bb51-9270d5a00a4d,Laleh Metals Supply Ltd.,ACC-000777,100000004,8,Isfahan,Iran,29a3b2e9-5d65-4441-9588-42dea2bc372f,10f1bc81-448a-4a9e-a6b2-bc5b50c187fc,1,73300000000.0,7f5b6f7e-1c2d-4a4e-9a51-3a3f1d3c0a01,e82ccfd9-b1d5-4ea5-83e6-b71f38f230b1,2025-05-17T04:59:00Z,2025-05-17T04:59:00Z,0,1
79356bae-8101-4ec7-9c93-408a551e766f,Tous Fabrication Works Ltd.,ACC-000778,100000001,3,Fars,Iran,3eabedcb-baa8-4dd4-88bd-64072bcfbe01,e27a984d-6548-41d0-bfcd-9eb1a7cad415,1,21900000000.0,7f5b6f7e-1c2d-4a4e-9a51-3a3f1d3c0a01,ce37626d-c13b-4b6a-9dd6-5ae9c5b92e88,2025-05-18T07:24:00Z,2025-05-18T07:24:00Z,0,1
320727ab-24c9-4c0e-887e-e883f34a26e4,Ilia Omran Ltd.,ACC-000779,100000000,3,East Azerbaijan,Iran,aefcfad8-efc8-4849-b3aa-7efe4458a885,beb79919-3f22-4af8-a3be-d01d43cf2fde,100000000,10800000000.0,7f5b6f7e-1c2d-4a4e-9a51-3a3f1d3c0a01,c46a2444-3694-4ac0-aac1-443320a39dfd,2025-05-10T06:59:00Z,2025-05-10T06:59:00Z,0,1
e6273e93-114e-495b-9de3-a9a053b20d16,Zarrin Contracting Industries,ACC-000780,100000000,3,Tehran,Iran,7412b293-4729-4739-a14f-f3d719db3ad0,5304317f-af42-412f-b838-b3268e944239,4,14300000000.0,7f5b6f7e-1c2d-4a4e-9a51-3a3f1d3c0a01,50877a24-262b-4255-a060-17e4d2ef5ed9,2025-04-29T10:33:00Z,2025-04-29T10:33:00Z,0,1
eece65eb-94a4-4039-8915-f03146d10e56,Kian Greenhouse Structures Group,ACC-000781,100000006,8,Hormozgan,Iran,3eabedcb-baa8-4dd4-88bd-64072bcfbe01,e27a984d-6548-41d0-bfcd-9eb1a7cad415,100000000,4900000000.0,7f5b6f7e-1c2d-4a4e-9a51-3a3f1d3c0a01,1f5af8fb-cf8e-43cd-98c0-53dd7a9444d1,2025-05-13T05:36:00Z,2025-05-13T05:36:00Z,0,1
db3ceb9f-dbd4-46eb-b668-257ded8ce7b7,Hamoon Sazeh Group,ACC-000782,100000000,3,Khorasan Razavi,Iran,ab9099a4-35a2-40ae-9af3-05535ec42e08,24933b83-7577-40a9-a491-f0b2ea1fca65,4,27700000000.0,7f5b6f7e-1c2d-4a4e-9a51-3a3f1d3c0a01,27977a27-da3d-4f2a-8cb4-2d42fe1285e9,2025-04-30T12:30:00Z,2025-04-30T12:30:00Z,0,1
9e78209e-6290-429a-a322-8db2bdcd79ee,Javid Sazeh Group,ACC-000783,100000000,3,Tehran,Iran,7412b293-4729-4739-a14f-f3d719db3ad0,0e51f30d-c6a7-4e39-84b0-32ccd7c524a5,1,11800000000.0,7f5b6f7e-1c2d-4a4e-9a51-3a3f1d3c0a01,bc40056e-438a-4f44-8c6a-3edfdf335e9a,2025-05-24T08:09:00Z,2025-05-24T08:09:00Z,0,1
a4455252-3a1c-4f77-a0e5-0bc4509814a6,Arvand Construction Ltd.,ACC-000784,100000000,8,Tehran,Iran,7412b293-4729-4739-a14f-f3d719db3ad0,5304317f-af42-412f-b838-b3268e944239,1,14300000000.0,7f5b6f7e-1c2d-4a4e-9a51-3a3f1d3c0a01,2b6e6210-7ec2-4a2f-b153-b57a3dc84bf1,2025-05-22T06:48:00Z,2025-05-22T06:48:00Z,0,1
bedd7a60-6e8f-4cb2-9d1f-f71a64e37441,Negin Ahan Bazar Ltd.,ACC-000785,100000004,3,Tehran,Iran,7412b293-4729-4739-a14f-f3d719db3ad0,ce177b4e-0837-48a3-9261-a7ab3aa2e4f9,100000000,95200000000.0,7f5b6f7e-1c2d-4a4e-9a51-3a3f1d3c0a01,fbc35bfe-b110-4dd8-8437-e4d36d52925c,2025-04-22T12:27:00Z,2025-04-22T12:27:00Z,0,1
44d6eeca-bb12-40a9-87e9-974d70fd7536,Aban Contracting Group,ACC-000786,100000000,3,Isfahan,Iran,29a3b2e9-5d65-4441-9588-42dea2bc372f,10f1bc81-448a-4a9e-a6b2-bc5b50c187fc,100000000,18800000000.0,7f5b6f7e-1c2d-4a4e-9a51-3a3f1d3c0a01,446f9dd4-6d64-41bb-9194-593107ab9ed9,2025-05-22T05:55:00Z,2025-05-22T05:55:00Z,0,1
50c16154-e6a7-40cf-9291-b76da8b3815d,Pouya Sazeh Group,ACC-000787,100000000,8,Hormozgan,Iran,3eabedcb-baa8-4dd4-88bd-64072bcfbe01,e27a984d-6548-41d0-bfcd-9eb1a7cad415,100000000,20800000000.0,7f5b6f7e-1c2d-4a4e-9a51-3a3f1d3c0a01,bf013ce6-535b-4706-84ee-0dc8be8445f6,2025-09-02T08:48:00Z,2025-09-02T08:48:00Z,0,1
e809f6e6-7f16-449a-9a6c-8efc46bbed34,Rayan Ahan Forooshi Industries,ACC-000788,100000004,8,East Azerbaijan,Iran,aefcfad8-efc8-4849-b3aa-7efe4458a885,beb79919-3f22-4af8-a3be-d01d43cf2fde,100000000,59200000000.0,7f5b6f7e-1c2d-4a4e-9a51-3a3f1d3c0a01,f121434e-1010-4064-8e26-20ff328529a1,2025-08-11T05:11:00Z,2025-08-11T05:11:00Z,0,1
ade1266b-a56f-40b4-99aa-ae048bdbbc7a,Golestan Profile Works Industries,ACC-000789,100000002,8,Alborz,Iran,7412b293-4729-4739-a14f-f3d719db3ad0,b02b61c4-a3d7-4628-ace6-6fa2fd5166e6,1,27600000000.0,7f5b6f7e-1c2d-4a4e-9a51-3a3f1d3c0a01,118d9d9a-dece-41f8-be19-0e81f72cbfc1,2025-08-19T06:03:00Z,2025-08-19T06:03:00Z,0,1
178393ca-3fd3-46b4-95bf-e6dfb400dcf7,Dena Profile Sazan Group,ACC-000790,100000002,8,Khorasan Razavi,Iran,ab9099a4-35a2-40ae-9af3-05535ec42e08,24933b83-7577-40a9-a491-f0b2ea1fca65,1,42500000000.0,7f5b6f7e-1c2d-4a4e-9a51-3a3f1d3c0a01,379c2a7a-9c1f-47f1-90c1-2a2a624f4792,2025-08-31T13:06:00Z,2025-08-31T13:06:00Z,0,1
66b72795-e8a4-461a-9992-ea33bc394ae3,Varna Steel Merchants Ltd.,ACC-000791,100000004,8,Khorasan Razavi,Iran,ab9099a4-35a2-40ae-9af3-05535ec42e08,24933b83-7577-40a9-a491-f0b2ea1fca65,1,79700000000.0,7f5b6f7e-1c2d-4a4e-9a51-3a3f1d3c0a01,55fa5e1b-902b-49c1-9aed-280a19be15ad,2025-09-01T06:24:00Z,2025-09-01T06:24:00Z,0,1
b9fdb77d-e1a3-433c-a5c5-eecd20192edf,Atlas Agri-Steel Ltd.,ACC-000792,100000006,3,Alborz,Iran,7412b293-4729-4739-a14f-f3d719db3ad0,b02b61c4-a3d7-4628-ace6-6fa2fd5166e6,1,7000000000.0,7f5b6f7e-1c2d-4a4e-9a51-3a3f1d3c0a01,2bbb36ad-c47b-4bfa-889b-5619e0b8f61c,2025-08-27T05:06:00Z,2025-08-27T05:06:00Z,0,1
df8a40cb-cade-4081-a308-244810292c12,Darya Builders Group,ACC-000793,100000000,8,Tehran,Iran,7412b293-4729-4739-a14f-f3d719db3ad0,0e51f30d-c6a7-4e39-84b0-32ccd7c524a5,4,18500000000.0,7f5b6f7e-1c2d-4a4e-9a51-3a3f1d3c0a01,376b3045-2c28-4fde-adad-91d6d3789ce5,2025-08-20T12:31:00Z,2025-08-20T12:31:00Z,0,1
7ede0a0a-aa0f-4335-8fb7-1ca6a4ec1371,Mahan Agri-Steel Group,ACC-000794,100000006,3,Mazandaran,Iran,7412b293-4729-4739-a14f-f3d719db3ad0,b02b61c4-a3d7-4628-ace6-6fa2fd5166e6,1,6000000000.0,7f5b6f7e-1c2d-4a4e-9a51-3a3f1d3c0a01,20dc25c9-aa2c-44ac-b5a9-f2b302c02fbc,2025-08-18T12:35:00Z,2025-08-18T12:35:00Z,0,1
6719f379-a846-49fe-9428-3c61f97790b2,Nikan-Fardis Builders,ACC-000795,100000000,3,Hormozgan,Iran,3eabedcb-baa8-4dd4-88bd-64072bcfbe01,e27a984d-6548-41d0-bfcd-9eb1a7cad415,4,28400000000.0,7f5b6f7e-1c2d-4a4e-9a51-3a3f1d3c0a01,47d2151e-392d-4cda-b964-9f94d40b6abc,2025-09-13T06:13:00Z,2025-09-13T06:13:00Z,0,1
97ee66ea-b54d-43d4-8422-5042eb1be442,Zarrin-Ofogh Fabrication Works,ACC-000796,100000001,3,Khuzestan,Iran,a28defe3-9bf0-4273-9247-6f57a5e5a5ab,366eb16f-508e-4ad7-b7c9-3acfe059a0ee,1,16400000000.0,7f5b6f7e-1c2d-4a4e-9a51-3a3f1d3c0a01,d9738a63-c262-4e44-afdd-42c0484c6265,2025-08-28T04:40:00Z,2025-08-28T04:40:00Z,0,1
792e3062-b383-4ee1-b428-941d47cec420,Zarrin Construction Group,ACC-000797,100000000,3,Khuzestan,Iran,a28defe3-9bf0-4273-9247-6f57a5e5a5ab,366eb16f-508e-4ad7-b7c9-3acfe059a0ee,100000000,12700000000.0,7f5b6f7e-1c2d-4a4e-9a51-3a3f1d3c0a01,425e03bc-5c57-4283-b639-be00ceec6f6d,2025-09-13T11:14:00Z,2025-09-13T11:14:00Z,0,1
99860656-3699-46ab-a951-9a0f060f22eb,Javid Appliance Components Ltd.,ACC-000798,100000003,3,Khuzestan,Iran,a28defe3-9bf0-4273-9247-6f57a5e5a5ab,366eb16f-508e-4ad7-b7c9-3acfe059a0ee,100000001,16500000000.0,7f5b6f7e-1c2d-4a4e-9a51-3a3f1d3c0a01,8772066c-1b41-44c0-bab6-8460707fb8c6,2025-08-20T11:57:00Z,2025-08-20T11:57:00Z,0,1
2fe63cc8-9416-4854-bf05-c5ccc50d751e,Orang Press Works Industries,ACC-000799,100000003,3,Tehran,Iran,7412b293-4729-4739-a14f-f3d719db3ad0,5304317f-af42-412f-b838-b3268e944239,1,20700000000.0,7f5b6f7e-1c2d-4a4e-9a51-3a3f1d3c0a01,8520a938-70c2-4fe8-b727-d5942218fd32,2025-08-16T11:47:00Z,2025-08-16T11:47:00Z,0,1
56ba4154-9673-4276-8140-3584fdab152c,Hirad Steel Trading Group,ACC-000800,100000004,8,Tehran,Iran,7412b293-4729-4739-a14f-f3d719db3ad0,ce177b4e-0837-48a3-9261-a7ab3aa2e4f9,1,51200000000.0,7f5b6f7e-1c2d-4a4e-9a51-3a3f1d3c0a01,7e5e33b2-6c56-41fd-8bd7-ab16a011eba5,2025-08-27T12:27:00Z,2025-08-27T12:27:00Z,0,1
93849550-3803-453a-b6b8-c9383477e35b,Kaspian Loleh Sazi Group,ACC-000801,100000002,8,Mazandaran,Iran,7412b293-4729-4739-a14f-f3d719db3ad0,0e51f30d-c6a7-4e39-84b0-32ccd7c524a5,1,36400000000.0,7f5b6f7e-1c2d-4a4e-9a51-3a3f1d3c0a01,785a2c89-8025-4913-80cc-06cd9ab77887,2025-12-10T08:49:00Z,2025-12-10T08:49:00Z,0,1
66e0e965-1946-4804-a456-61c215a308fc,Arvand-Farazan Contracting,ACC-000802,100000000,8,Isfahan,Iran,29a3b2e9-5d65-4441-9588-42dea2bc372f,9132b63e-f162-47e4-a9c3-49e03602f8ac,4,30300000000.0,7f5b6f7e-1c2d-4a4e-9a51-3a3f1d3c0a01,8c4d6a49-6aed-475b-90ce-7c734bf496e6,2025-12-13T07:03:00Z,2025-12-13T07:03:00Z,0,1
40685469-5a88-43ed-a686-1921057de4d0,Navid Steel Merchants Industries,ACC-000803,100000004,8,Khuzestan,Iran,a28defe3-9bf0-4273-9247-6f57a5e5a5ab,366eb16f-508e-4ad7-b7c9-3acfe059a0ee,1,29200000000.0,7f5b6f7e-1c2d-4a4e-9a51-3a3f1d3c0a01,143807de-e597-48c0-8512-ce3ad21fc6d0,2025-11-26T07:19:00Z,2025-11-26T07:19:00Z,0,1
e2a4ae18-cd3c-460f-a4b1-8f8b3228381d,Shahab-Jahan Sazeh,ACC-000804,100000000,8,Isfahan,Iran,29a3b2e9-5d65-4441-9588-42dea2bc372f,10f1bc81-448a-4a9e-a6b2-bc5b50c187fc,4,16900000000.0,7f5b6f7e-1c2d-4a4e-9a51-3a3f1d3c0a01,9a4e4d76-ef2c-4b0d-acb0-80bddc5797c9,2025-12-02T07:21:00Z,2025-12-02T07:21:00Z,0,1
a1169da6-76a0-41bb-8e6e-8d63a1aca513,Nima-Hamoon Omran,ACC-000805,100000000,3,Mazandaran,Iran,7412b293-4729-4739-a14f-f3d719db3ad0,5304317f-af42-412f-b838-b3268e944239,1,33100000000.0,7f5b6f7e-1c2d-4a4e-9a51-3a3f1d3c0a01,c2990524-b0a5-4755-a803-f0ba25b900fe,2025-11-22T07:51:00Z,2025-11-22T07:51:00Z,0,1
d523e33f-a539-464f-a29d-c738cdf3c682,Tirdad-Sabalan Fabrication Works,ACC-000806,100000001,3,Isfahan,Iran,29a3b2e9-5d65-4441-9588-42dea2bc372f,9132b63e-f162-47e4-a9c3-49e03602f8ac,1,12600000000.0,7f5b6f7e-1c2d-4a4e-9a51-3a3f1d3c0a01,44922815-30cc-4415-bdbf-633c944d2520,2025-11-22T06:16:00Z,2025-11-22T06:16:00Z,0,1
45f46772-9980-4a4d-9dfc-e905b56c8e75,Zagros Greenhouse Structures Industries,ACC-000807,100000006,3,East Azerbaijan,Iran,aefcfad8-efc8-4849-b3aa-7efe4458a885,beb79919-3f22-4af8-a3be-d01d43cf2fde,100000000,6000000000.0,7f5b6f7e-1c2d-4a4e-9a51-3a3f1d3c0a01,b7e94075-1156-4bed-ac52-c5f9ead7dce2,2025-11-25T06:54:00Z,2025-11-25T06:54:00Z,0,1
f3fb6e3e-a445-4061-823e-c6ef24ac36be,Sepehr Ahan Forooshi Ltd.,ACC-000808,100000004,3,East Azerbaijan,Iran,aefcfad8-efc8-4849-b3aa-7efe4458a885,beb79919-3f22-4af8-a3be-d01d43cf2fde,100000000,35100000000.0,7f5b6f7e-1c2d-4a4e-9a51-3a3f1d3c0a01,4d1f738b-af52-4383-a4ae-ac271ffbbdcc,2025-11-23T09:26:00Z,2025-11-23T09:26:00Z,0,1
4b94b930-393a-4207-b19c-c375a599252d,Nima-Rastin Construction,ACC-000809,100000000,3,Khuzestan,Iran,a28defe3-9bf0-4273-9247-6f57a5e5a5ab,366eb16f-508e-4ad7-b7c9-3acfe059a0ee,4,18800000000.0,7f5b6f7e-1c2d-4a4e-9a51-3a3f1d3c0a01,71604819-3847-4730-ba7f-14d66db968a6,2025-11-26T13:14:00Z,2025-11-26T13:14:00Z,0,1
be21481a-f23e-45f3-9720-c1ba0171771f,Persis-Laleh Abadgaran,ACC-000810,100000000,8,Fars,Iran,3eabedcb-baa8-4dd4-88bd-64072bcfbe01,e27a984d-6548-41d0-bfcd-9eb1a7cad415,4,23200000000.0,7f5b6f7e-1c2d-4a4e-9a51-3a3f1d3c0a01,136dd4ff-3e76-4bb2-99dd-89b03383998c,2025-12-20T06:59:00Z,2025-12-20T06:59:00Z,0,1
012154e0-e0a1-4e5c-aab6-4bad828236bc,Espadana-Gohar Sakhteman,ACC-000811,100000000,3,Khuzestan,Iran,a28defe3-9bf0-4273-9247-6f57a5e5a5ab,366eb16f-508e-4ad7-b7c9-3acfe059a0ee,1,36500000000.0,7f5b6f7e-1c2d-4a4e-9a51-3a3f1d3c0a01,d1a65ede-af20-4ad1-9f62-8f0b9f9caf6f,2026-04-30T07:13:00Z,2026-04-30T07:13:00Z,0,1
4765c1f0-236e-4f2d-9c0c-7c79e2bfa75a,Tirdad-Tirdad Builders,ACC-000812,100000000,8,Khuzestan,Iran,a28defe3-9bf0-4273-9247-6f57a5e5a5ab,366eb16f-508e-4ad7-b7c9-3acfe059a0ee,1,16900000000.0,7f5b6f7e-1c2d-4a4e-9a51-3a3f1d3c0a01,34e1b06d-daa6-486e-bdb5-1e16b02aa367,2026-04-30T06:35:00Z,2026-04-30T06:35:00Z,0,1
0cf01d6d-62f8-4ed8-b031-69394c4d6aa7,Elham Press Works Ltd.,ACC-000813,100000003,8,Hormozgan,Iran,3eabedcb-baa8-4dd4-88bd-64072bcfbe01,e27a984d-6548-41d0-bfcd-9eb1a7cad415,100000001,22300000000.0,7f5b6f7e-1c2d-4a4e-9a51-3a3f1d3c0a01,686477b3-8a36-4a15-99b6-0b282c30c392,2026-05-17T04:37:00Z,2026-05-17T04:37:00Z,0,1
da815f02-ed2a-490c-a9ee-043c9d85b47a,Tirdad Metal Center Group,ACC-000814,100000004,3,Fars,Iran,3eabedcb-baa8-4dd4-88bd-64072bcfbe01,e27a984d-6548-41d0-bfcd-9eb1a7cad415,1,61000000000.0,7f5b6f7e-1c2d-4a4e-9a51-3a3f1d3c0a01,462cd446-862f-42ea-a4c8-0949f899a35f,2026-04-22T12:34:00Z,2026-04-22T12:34:00Z,0,1
a0616b25-638c-4d8e-aa9a-0de2061ead52,Nima-Tarava Construction,ACC-000815,100000000,8,Tehran,Iran,7412b293-4729-4739-a14f-f3d719db3ad0,5304317f-af42-412f-b838-b3268e944239,100000000,14300000000.0,7f5b6f7e-1c2d-4a4e-9a51-3a3f1d3c0a01,e6ca51f9-2254-4864-9215-f840e42634c1,2026-04-25T09:48:00Z,2026-04-25T09:48:00Z,0,1
ddca2d0b-ccb5-40a8-ab4a-ce2e901aa87a,Diba-Sahand Fabrication Works,ACC-000816,100000001,8,Tehran,Iran,7412b293-4729-4739-a14f-f3d719db3ad0,5304317f-af42-412f-b838-b3268e944239,1,9100000000.0,7f5b6f7e-1c2d-4a4e-9a51-3a3f1d3c0a01,932d5e1f-7480-4a96-8135-9f0814a0d222,2026-05-09T11:32:00Z,2026-05-09T11:32:00Z,0,1
65cbb014-763c-4109-a83e-68ebb8235d5e,Atlas Press Works Ltd.,ACC-000817,100000003,8,Tehran,Iran,7412b293-4729-4739-a14f-f3d719db3ad0,b02b61c4-a3d7-4628-ace6-6fa2fd5166e6,100000001,27900000000.0,7f5b6f7e-1c2d-4a4e-9a51-3a3f1d3c0a01,b0038c52-0605-4b82-aab1-b5d19b846e70,2026-05-17T12:20:00Z,2026-05-17T12:20:00Z,0,1
62212db5-e165-43d1-8e54-8df8798cc079,Diba Press Works Group,ACC-000818,100000003,3,Mazandaran,Iran,7412b293-4729-4739-a14f-f3d719db3ad0,b02b61c4-a3d7-4628-ace6-6fa2fd5166e6,100000001,29000000000.0,7f5b6f7e-1c2d-4a4e-9a51-3a3f1d3c0a01,caa603bf-80c2-4c49-a9d3-b9355e566c56,2026-05-10T09:40:00Z,2026-05-10T09:40:00Z,0,1
b7f93b2d-9e4f-4a00-9358-6f3092fe32e5,Pardis Metals Supply Co.,ACC-000819,100000004,8,Hormozgan,Iran,3eabedcb-baa8-4dd4-88bd-64072bcfbe01,e27a984d-6548-41d0-bfcd-9eb1a7cad415,100000000,64500000000.0,7f5b6f7e-1c2d-4a4e-9a51-3a3f1d3c0a01,371a937a-6f3c-470d-8992-cf45844bbc08,2026-05-11T09:50:00Z,2026-05-11T09:50:00Z,0,1
a0ec7f33-ec02-476a-bb94-3cdd28fbc2dd,Laleh-Navid Sakhteman,ACC-000820,100000000,8,Fars,Iran,3eabedcb-baa8-4dd4-88bd-64072bcfbe01,e27a984d-6548-41d0-bfcd-9eb1a7cad415,1,10200000000.0,7f5b6f7e-1c2d-4a4e-9a51-3a3f1d3c0a01,b0156679-eea3-4c22-9fa7-324a32067a62,2026-05-06T10:50:00Z,2026-05-06T10:50:00Z,0,1
bcce1509-d9b9-41bd-8f4f-3cf0aa08460b,Arvand Profile Works Industries,ACC-000821,100000002,8,Fars,Iran,3eabedcb-baa8-4dd4-88bd-64072bcfbe01,e27a984d-6548-41d0-bfcd-9eb1a7cad415,1,50200000000.0,7f5b6f7e-1c2d-4a4e-9a51-3a3f1d3c0a01,31a28b9e-e4ce-4b2a-b9e8-38b75fe3721c,2026-05-07T08:39:00Z,2026-05-07T08:39:00Z,0,1
1412a377-abb3-4a24-8de5-e9029f03d1c1,Shahab Iron & Steel Supply Co.,ACC-000822,100000004,8,Fars,Iran,3eabedcb-baa8-4dd4-88bd-64072bcfbe01,e27a984d-6548-41d0-bfcd-9eb1a7cad415,100000000,33900000000.0,7f5b6f7e-1c2d-4a4e-9a51-3a3f1d3c0a01,25c6d4ba-f317-4b9f-b092-8aeb2e955825,2026-05-07T05:48:00Z,2026-05-07T05:48:00Z,0,1
2a22997b-713a-45e1-89d6-edbaf2131de4,Farazan-Tous Omran,ACC-000823,100000000,8,Khorasan Razavi,Iran,ab9099a4-35a2-40ae-9af3-05535ec42e08,24933b83-7577-40a9-a491-f0b2ea1fca65,100000000,10900000000.0,7f5b6f7e-1c2d-4a4e-9a51-3a3f1d3c0a01,8d17e0ba-9584-4ad4-b40b-417d51c9f33a,2026-04-30T09:56:00Z,2026-04-30T09:56:00Z,0,1
3445b47c-8079-42ec-abdc-2c9daef7c60b,Vista-Mahtab Abadgaran,ACC-000824,100000000,8,Khuzestan,Iran,a28defe3-9bf0-4273-9247-6f57a5e5a5ab,366eb16f-508e-4ad7-b7c9-3acfe059a0ee,1,20300000000.0,7f5b6f7e-1c2d-4a4e-9a51-3a3f1d3c0a01,373b723c-87db-4ecc-9f3a-039387787ad4,2026-04-26T09:19:00Z,2026-04-26T09:19:00Z,0,1
682f4a0a-b5cf-4e9d-946d-e3a8a173ba1a,Espadana Ahan Bazar Group,ACC-000825,100000004,8,Khorasan Razavi,Iran,ab9099a4-35a2-40ae-9af3-05535ec42e08,24933b83-7577-40a9-a491-f0b2ea1fca65,100000000,58500000000.0,7f5b6f7e-1c2d-4a4e-9a51-3a3f1d3c0a01,a59b7d72-45ab-4c0d-82b8-f53b2f192ad2,2024-10-05T07:45:00Z,2024-10-05T07:45:00Z,0,1
80471ddd-9709-4584-b3d1-07d7038fb640,Tina Press Works Group,ACC-000826,100000003,8,Khuzestan,Iran,a28defe3-9bf0-4273-9247-6f57a5e5a5ab,366eb16f-508e-4ad7-b7c9-3acfe059a0ee,4,24300000000.0,7f5b6f7e-1c2d-4a4e-9a51-3a3f1d3c0a01,72a42452-f1fa-407f-8080-910b945d5cbb,2024-09-22T04:40:00Z,2024-09-22T04:40:00Z,0,1
5354f30f-409c-4120-a18a-ab8219e4d432,Iman Appliance Components Ltd.,ACC-000827,100000003,3,Isfahan,Iran,29a3b2e9-5d65-4441-9588-42dea2bc372f,10f1bc81-448a-4a9e-a6b2-bc5b50c187fc,100000001,17800000000.0,7f5b6f7e-1c2d-4a4e-9a51-3a3f1d3c0a01,6135d80a-4b47-4a0b-8baa-b659a06fda4b,2024-10-15T08:23:00Z,2024-10-15T08:23:00Z,0,1
2c164dac-6508-4414-b3d2-57938025eb36,Arvand Profile Works Co.,ACC-000828,100000002,8,Mazandaran,Iran,7412b293-4729-4739-a14f-f3d719db3ad0,b02b61c4-a3d7-4628-ace6-6fa2fd5166e6,4,34800000000.0,7f5b6f7e-1c2d-4a4e-9a51-3a3f1d3c0a01,706ee9a0-5ea4-49df-a749-7654fecdd103,2024-09-28T06:29:00Z,2024-09-28T06:29:00Z,0,1
0971bee4-553d-4bba-aada-3e53e58b2476,Ilia Foolad Trading Group,ACC-000829,100000004,8,Khuzestan,Iran,a28defe3-9bf0-4273-9247-6f57a5e5a5ab,366eb16f-508e-4ad7-b7c9-3acfe059a0ee,100000000,48600000000.0,7f5b6f7e-1c2d-4a4e-9a51-3a3f1d3c0a01,d3b4dfe7-f198-4627-b015-275161f5a5ff,2024-09-21T07:09:00Z,2024-09-21T07:09:00Z,0,1
935d1c24-0246-4d11-97ab-d79712886be9,Kavir Sabz Rail & Road Projects Group,ACC-000830,100000005,3,Tehran,Iran,7412b293-4729-4739-a14f-f3d719db3ad0,ce177b4e-0837-48a3-9261-a7ab3aa2e4f9,100000001,59700000000.0,7f5b6f7e-1c2d-4a4e-9a51-3a3f1d3c0a01,1f75214a-f058-4d1b-817e-26a4888a711c,2024-10-13T11:21:00Z,2024-10-13T11:21:00Z,0,1
44bb84b2-4a1e-4e91-933e-db88f9c2f1f5,Karun Press Works Ltd.,ACC-000831,100000003,3,Khorasan Razavi,Iran,ab9099a4-35a2-40ae-9af3-05535ec42e08,24933b83-7577-40a9-a491-f0b2ea1fca65,4,29100000000.0,7f5b6f7e-1c2d-4a4e-9a51-3a3f1d3c0a01,c0a7fa27-7532-4c23-b4d5-7cd5a3e1de7c,2024-09-21T05:30:00Z,2024-09-21T05:30:00Z,0,1
e06c5f09-f6c4-4c4a-9a81-7d76d0a2c065,Elham-Ilia Eskelet Felezi,ACC-000832,100000001,3,Khorasan Razavi,Iran,ab9099a4-35a2-40ae-9af3-05535ec42e08,24933b83-7577-40a9-a491-f0b2ea1fca65,4,11800000000.0,7f5b6f7e-1c2d-4a4e-9a51-3a3f1d3c0a01,7eb212b7-e283-4ffc-a31f-f2e958b95614,2024-10-12T08:41:00Z,2024-10-12T08:41:00Z,0,1
6c32e888-f4bd-4373-9e04-aa492f166543,Darya-Sahand Steel Structures,ACC-000833,100000001,3,Alborz,Iran,7412b293-4729-4739-a14f-f3d719db3ad0,5304317f-af42-412f-b838-b3268e944239,100000000,8300000000.0,7f5b6f7e-1c2d-4a4e-9a51-3a3f1d3c0a01,ffb377bc-9078-4212-8983-fd671075ac32,2024-09-29T10:46:00Z,2024-09-29T10:46:00Z,0,1
0290220b-9e7e-4520-b1ec-3c1c04947595,Gohar-Tirdad Fabrication Works,ACC-000834,100000001,3,Tehran,Iran,7412b293-4729-4739-a14f-f3d719db3ad0,b02b61c4-a3d7-4628-ace6-6fa2fd5166e6,4,24100000000.0,7f5b6f7e-1c2d-4a4e-9a51-3a3f1d3c0a01,af976123-8684-4d76-8dcd-7f27322abec8,2024-10-14T11:47:00Z,2024-10-14T11:47:00Z,0,1
9db51ce2-8797-4353-97d6-7d9288c55582,Pardis Ahan Bazar Ltd.,ACC-000835,100000004,3,Tehran,Iran,7412b293-4729-4739-a14f-f3d719db3ad0,ce177b4e-0837-48a3-9261-a7ab3aa2e4f9,1,68700000000.0,7f5b6f7e-1c2d-4a4e-9a51-3a3f1d3c0a01,837f9bc8-4911-4cde-be10-654048d7f57e,2024-10-03T07:20:00Z,2024-10-03T07:20:00Z,0,1
45044404-fb7a-4a14-bc87-b2c32c779434,Golestan Appliance Components Group,ACC-000836,100000003,3,Isfahan,Iran,29a3b2e9-5d65-4441-9588-42dea2bc372f,10f1bc81-448a-4a9e-a6b2-bc5b50c187fc,4,36300000000.0,7f5b6f7e-1c2d-4a4e-9a51-3a3f1d3c0a01,8bcbc7d2-745b-49ba-84ad-0ca199a3b137,2024-10-16T12:55:00Z,2024-10-16T12:55:00Z,0,1
0c7b981e-1d93-4e25-84b4-fa5643bf9523,Pouya-Rahyab Builders,ACC-000837,100000000,8,Tehran,Iran,7412b293-4729-4739-a14f-f3d719db3ad0,b02b61c4-a3d7-4628-ace6-6fa2fd5166e6,4,16500000000.0,7f5b6f7e-1c2d-4a4e-9a51-3a3f1d3c0a01,009af9ba-8015-4e13-b4e4-9cb1966a58d6,2024-10-16T06:19:00Z,2024-10-16T06:19:00Z,0,1
6342d18d-fd5c-4a5b-93c7-6f0835025f9c,Sabalan Foolad Trading Group,ACC-000838,100000004,3,Khorasan Razavi,Iran,ab9099a4-35a2-40ae-9af3-05535ec42e08,24933b83-7577-40a9-a491-f0b2ea1fca65,1,128700000000.0,7f5b6f7e-1c2d-4a4e-9a51-3a3f1d3c0a01,01d39216-2f82-4fd6-93ae-22403573fdb6,2024-09-29T06:41:00Z,2024-09-29T06:41:00Z,0,1
fe8702cd-7a9b-4f90-a059-f07ac1d10053,Arvand Foolad Trading Ltd.,ACC-000839,100000004,3,Isfahan,Iran,29a3b2e9-5d65-4441-9588-42dea2bc372f,9132b63e-f162-47e4-a9c3-49e03602f8ac,100000000,44400000000.0,7f5b6f7e-1c2d-4a4e-9a51-3a3f1d3c0a01,1c036ebe-4384-4061-ae9f-59935c8bfec4,2024-10-05T06:11:00Z,2024-10-05T06:11:00Z,0,1
a450fbaa-3948-42a0-ae6c-d8491aae8a21,Espadana Loleh Sazi Industries,ACC-000840,100000002,8,Tehran,Iran,7412b293-4729-4739-a14f-f3d719db3ad0,0e51f30d-c6a7-4e39-84b0-32ccd7c524a5,1,47700000000.0,7f5b6f7e-1c2d-4a4e-9a51-3a3f1d3c0a01,a5445a7d-52d6-49e8-8774-f12408a2b53b,2024-09-23T11:05:00Z,2024-09-23T11:05:00Z,0,1
8b17251e-7f11-4d61-b24c-7474030aaf26,Tous Steel Depot Group,ACC-000841,100000004,3,Tehran,Iran,7412b293-4729-4739-a14f-f3d719db3ad0,ce177b4e-0837-48a3-9261-a7ab3aa2e4f9,100000000,80800000000.0,7f5b6f7e-1c2d-4a4e-9a51-3a3f1d3c0a01,3dfa3c12-ca2d-4883-a282-1da3be2a1c20,2024-09-18T06:01:00Z,2024-09-18T06:01:00Z,0,1
f20eda5a-5f7a-4611-b00e-aba654032982,Kavir Sabz-Kian Sakhteman,ACC-000842,100000000,8,Tehran,Iran,7412b293-4729-4739-a14f-f3d719db3ad0,5304317f-af42-412f-b838-b3268e944239,1,25800000000.0,7f5b6f7e-1c2d-4a4e-9a51-3a3f1d3c0a01,a2fafb69-e35d-4d8b-a8e2-6a151a1b31b1,2024-09-28T08:07:00Z,2024-09-28T08:07:00Z,0,1
eb105574-3b8e-4686-a9ec-f49c5224bc01,Diba Pipe Works Group,ACC-000843,100000002,3,Tehran,Iran,7412b293-4729-4739-a14f-f3d719db3ad0,0e51f30d-c6a7-4e39-84b0-32ccd7c524a5,1,59200000000.0,7f5b6f7e-1c2d-4a4e-9a51-3a3f1d3c0a01,4e630ebf-2b46-430a-a54b-d7ea443ec2bb,2024-09-25T04:41:00Z,2024-09-25T04:41:00Z,0,1
41e3d824-84e6-44c0-8f30-33315bfe6588,Parsian-Orang Contracting,ACC-000844,100000000,8,Tehran,Iran,7412b293-4729-4739-a14f-f3d719db3ad0,b02b61c4-a3d7-4628-ace6-6fa2fd5166e6,100000000,34100000000.0,7f5b6f7e-1c2d-4a4e-9a51-3a3f1d3c0a01,92273baf-04e4-4e45-ba8f-b1a4a14cd08f,2024-09-21T12:00:00Z,2024-09-21T12:00:00Z,0,1
d9ae029a-edff-4902-9693-090fde366fb7,Fardis-Dena Eskelet Felezi,ACC-000845,100000001,8,Hormozgan,Iran,3eabedcb-baa8-4dd4-88bd-64072bcfbe01,e27a984d-6548-41d0-bfcd-9eb1a7cad415,1,19400000000.0,7f5b6f7e-1c2d-4a4e-9a51-3a3f1d3c0a01,9a068ba9-5474-463b-90ee-d2a25e3e21ee,2024-09-30T12:06:00Z,2024-09-30T12:06:00Z,0,1
ebbb547d-e8d4-43a2-87bf-f1a5f8ae4471,Pouya Steel Trading Group,ACC-000846,100000004,8,Fars,Iran,3eabedcb-baa8-4dd4-88bd-64072bcfbe01,e27a984d-6548-41d0-bfcd-9eb1a7cad415,100000000,56700000000.0,7f5b6f7e-1c2d-4a4e-9a51-3a3f1d3c0a01,faa875f1-5319-442c-b78f-e9f5bf87d19f,2024-09-22T11:38:00Z,2024-09-22T11:38:00Z,0,1
d32b8be3-eaac-4c80-bb37-ae6af749f998,Rayan-Kaspian Fabrication Works,ACC-000847,100000001,8,Isfahan,Iran,29a3b2e9-5d65-4441-9588-42dea2bc372f,9132b63e-f162-47e4-a9c3-49e03602f8ac,100000000,14500000000.0,7f5b6f7e-1c2d-4a4e-9a51-3a3f1d3c0a01,7c24d03b-6a69-44b7-baf4-3e26d3016a71,2025-03-12T11:12:00Z,2025-03-12T11:12:00Z,0,1
07f7009a-8a51-419f-9c31-5267cf9ad7aa,Karun-Omid Abadgaran,ACC-000848,100000000,3,East Azerbaijan,Iran,aefcfad8-efc8-4849-b3aa-7efe4458a885,beb79919-3f22-4af8-a3be-d01d43cf2fde,1,26200000000.0,7f5b6f7e-1c2d-4a4e-9a51-3a3f1d3c0a01,fb860a16-a526-4123-a1a3-969bbc41ef3c,2025-03-04T13:08:00Z,2025-03-04T13:08:00Z,0,1
cd4dc526-65ea-47dd-94bf-4ad39a688294,Vista Metals Supply Group,ACC-000849,100000004,8,Alborz,Iran,7412b293-4729-4739-a14f-f3d719db3ad0,ce177b4e-0837-48a3-9261-a7ab3aa2e4f9,100000000,37200000000.0,7f5b6f7e-1c2d-4a4e-9a51-3a3f1d3c0a01,999def8a-c530-4d91-a78b-40c3a4346b81,2025-03-03T07:44:00Z,2025-03-03T07:44:00Z,0,1
9cf8e2e0-9c5d-49d7-a85a-36df5a3ab332,Tina-Saba Steel Structures,ACC-000850,100000001,8,Fars,Iran,3eabedcb-baa8-4dd4-88bd-64072bcfbe01,e27a984d-6548-41d0-bfcd-9eb1a7cad415,100000000,29500000000.0,7f5b6f7e-1c2d-4a4e-9a51-3a3f1d3c0a01,c7b09cf4-c205-44a7-acf3-7d53b752ed69,2025-03-05T13:10:00Z,2025-03-05T13:10:00Z,0,1
8d35e4a3-fac0-475a-8c84-a54dd3bbe9cf,Omid Appliance Components Co.,ACC-000851,100000003,3,Isfahan,Iran,29a3b2e9-5d65-4441-9588-42dea2bc372f,9132b63e-f162-47e4-a9c3-49e03602f8ac,100000001,21000000000.0,7f5b6f7e-1c2d-4a4e-9a51-3a3f1d3c0a01,90d073ec-4a17-4a92-b1af-ec00e1921247,2025-02-26T06:22:00Z,2025-02-26T06:22:00Z,0,1
da798e97-b612-475d-8e9e-ed95d47e2d34,Karun-Bamdad Eskelet Felezi,ACC-000852,100000001,8,Tehran,Iran,7412b293-4729-4739-a14f-f3d719db3ad0,0e51f30d-c6a7-4e39-84b0-32ccd7c524a5,4,17100000000.0,7f5b6f7e-1c2d-4a4e-9a51-3a3f1d3c0a01,8ae052d3-5765-4ec2-bfe2-970a455620f8,2025-03-13T10:43:00Z,2025-03-13T10:43:00Z,0,1
4202a016-da4c-4126-9667-07757df5733d,Persis Appliance Components Industries,ACC-000853,100000003,8,Fars,Iran,3eabedcb-baa8-4dd4-88bd-64072bcfbe01,e27a984d-6548-41d0-bfcd-9eb1a7cad415,1,23700000000.0,7f5b6f7e-1c2d-4a4e-9a51-3a3f1d3c0a01,bf047ab2-a9b5-40f6-8371-95e7e0713459,2025-02-23T07:07:00Z,2025-02-23T07:07:00Z,0,1
f27efe6c-0564-4530-8e6c-3463f6ea1983,Saba-Saba Steel Structures,ACC-000854,100000001,3,East Azerbaijan,Iran,aefcfad8-efc8-4849-b3aa-7efe4458a885,beb79919-3f22-4af8-a3be-d01d43cf2fde,1,13500000000.0,7f5b6f7e-1c2d-4a4e-9a51-3a3f1d3c0a01,c9eaa200-d3cc-40be-8ede-02cf8fcf4d2a,2025-02-15T05:54:00Z,2025-02-15T05:54:00Z,0,1
87b05c54-04ce-4aee-a110-5dcfca7d42cd,Pardis Press Works Industries,ACC-000855,100000003,8,Tehran,Iran,7412b293-4729-4739-a14f-f3d719db3ad0,0e51f30d-c6a7-4e39-84b0-32ccd7c524a5,1,19300000000.0,7f5b6f7e-1c2d-4a4e-9a51-3a3f1d3c0a01,fbc9a5c6-e7f8-46fe-8c8b-2b58e6fdb144,2025-02-25T08:11:00Z,2025-02-25T08:11:00Z,0,1
ed49e068-e810-4af4-9fc4-db20265db946,Javid Rail & Road Projects Group,ACC-000856,100000005,3,Tehran,Iran,7412b293-4729-4739-a14f-f3d719db3ad0,ce177b4e-0837-48a3-9261-a7ab3aa2e4f9,100000001,182600000000.0,7f5b6f7e-1c2d-4a4e-9a51-3a3f1d3c0a01,4139b191-249a-4ec1-8b16-a3b70b0212b7,2025-02-27T09:06:00Z,2025-02-27T09:06:00Z,0,1
0187074b-e16d-4a59-8971-42bcbe1a45f7,Aban-Taban Steel Structures,ACC-000857,100000001,3,Alborz,Iran,7412b293-4729-4739-a14f-f3d719db3ad0,0e51f30d-c6a7-4e39-84b0-32ccd7c524a5,4,7700000000.0,7f5b6f7e-1c2d-4a4e-9a51-3a3f1d3c0a01,7e8b5ccf-cbe9-42ee-877f-f30709aa8df1,2025-02-27T04:45:00Z,2025-02-27T04:45:00Z,0,1
a2954ea0-f35f-475f-82bb-7a10348ea61e,Farazan Ahan Forooshi Industries,ACC-000858,100000004,3,Tehran,Iran,7412b293-4729-4739-a14f-f3d719db3ad0,ce177b4e-0837-48a3-9261-a7ab3aa2e4f9,1,70500000000.0,7f5b6f7e-1c2d-4a4e-9a51-3a3f1d3c0a01,2d47c84a-d3dc-47d4-8c62-ac5428c95338,2025-03-01T12:24:00Z,2025-03-01T12:24:00Z,0,1
aee8eca4-d95f-4dd3-9cb9-54c890b312ca,Sadaf-Helia Eskelet Felezi,ACC-000859,100000001,3,Hormozgan,Iran,3eabedcb-baa8-4dd4-88bd-64072bcfbe01,e27a984d-6548-41d0-bfcd-9eb1a7cad415,1,14600000000.0,7f5b6f7e-1c2d-4a4e-9a51-3a3f1d3c0a01,0055f969-6a01-4884-b6ed-f8b3a66d6812,2025-02-20T09:51:00Z,2025-02-20T09:51:00Z,0,1
063c91f9-4eb5-4e55-bc16-470d2e112dcc,Taban Foolad Trading Industries,ACC-000860,100000004,3,Tehran,Iran,7412b293-4729-4739-a14f-f3d719db3ad0,ce177b4e-0837-48a3-9261-a7ab3aa2e4f9,1,70500000000.0,7f5b6f7e-1c2d-4a4e-9a51-3a3f1d3c0a01,7b71418f-4c7c-4e89-9412-3c717dae6320,2025-02-22T04:49:00Z,2025-02-22T04:49:00Z,0,1
cd0cb712-1784-4c41-94a3-8eee77d66316,Bamdad-Hamoon Fabrication Works,ACC-000861,100000001,8,Isfahan,Iran,29a3b2e9-5d65-4441-9588-42dea2bc372f,10f1bc81-448a-4a9e-a6b2-bc5b50c187fc,1,19500000000.0,7f5b6f7e-1c2d-4a4e-9a51-3a3f1d3c0a01,1df80f05-0e5b-4701-a5fb-38395eaad27b,2025-02-26T07:04:00Z,2025-02-26T07:04:00Z,0,1
3422bb5a-d9cc-41d2-ad9c-60cd5ea03d42,Tous Ahan Bazar Ltd.,ACC-000862,100000004,8,Fars,Iran,3eabedcb-baa8-4dd4-88bd-64072bcfbe01,e27a984d-6548-41d0-bfcd-9eb1a7cad415,1,78600000000.0,7f5b6f7e-1c2d-4a4e-9a51-3a3f1d3c0a01,7728e710-82cc-42ec-b9e3-697272b4f161,2025-02-26T10:10:00Z,2025-02-26T10:10:00Z,0,1
35cf159e-d31e-4a52-8f79-a24527d8f983,Vista Loleh Sazi Industries,ACC-000863,100000002,8,East Azerbaijan,Iran,aefcfad8-efc8-4849-b3aa-7efe4458a885,beb79919-3f22-4af8-a3be-d01d43cf2fde,1,44700000000.0,7f5b6f7e-1c2d-4a4e-9a51-3a3f1d3c0a01,3d67090e-3a6f-4352-87f3-4447692d8f2f,2025-02-20T10:16:00Z,2025-02-20T10:16:00Z,0,1
7ee385c2-274f-4207-a8b1-ca19b6b581af,Sadaf-Omid Eskelet Felezi,ACC-000864,100000001,3,Khorasan Razavi,Iran,ab9099a4-35a2-40ae-9af3-05535ec42e08,24933b83-7577-40a9-a491-f0b2ea1fca65,100000000,21700000000.0,7f5b6f7e-1c2d-4a4e-9a51-3a3f1d3c0a01,91eb586a-a952-48e4-9a88-76753d43de1d,2025-02-22T11:42:00Z,2025-02-22T11:42:00Z,0,1
76cfd5b6-2902-4bda-bcfc-1f9f0af689dd,Pardis-Mehrgan Steel Structures,ACC-000865,100000001,3,Tehran,Iran,7412b293-4729-4739-a14f-f3d719db3ad0,b02b61c4-a3d7-4628-ace6-6fa2fd5166e6,100000000,18200000000.0,7f5b6f7e-1c2d-4a4e-9a51-3a3f1d3c0a01,6f7e0375-eaba-4835-8bd8-515ed5c54d5f,2025-03-01T06:52:00Z,2025-03-01T06:52:00Z,0,1
8b609d1e-6c72-4cf8-a11d-b3501169d505,Mahtab Profile Works Co.,ACC-000866,100000002,3,Isfahan,Iran,29a3b2e9-5d65-4441-9588-42dea2bc372f,10f1bc81-448a-4a9e-a6b2-bc5b50c187fc,1,45800000000.0,7f5b6f7e-1c2d-4a4e-9a51-3a3f1d3c0a01,af83303c-fc35-4b53-af3b-b0028703cc53,2025-02-16T12:18:00Z,2025-02-16T12:18:00Z,0,1
b8fcc7fd-f729-4f09-868a-00a99a2f99a7,Atlas-Tina Construction,ACC-000867,100000000,3,Isfahan,Iran,29a3b2e9-5d65-4441-9588-42dea2bc372f,10f1bc81-448a-4a9e-a6b2-bc5b50c187fc,100000000,18600000000.0,7f5b6f7e-1c2d-4a4e-9a51-3a3f1d3c0a01,f91b43c6-2ac6-4f88-918c-6ab948a0e962,2025-02-22T07:26:00Z,2025-02-22T07:26:00Z,0,1
510d729e-a986-4452-82d0-c34f7c5c0288,Mahan-Karun Construction,ACC-000868,100000000,8,Tehran,Iran,7412b293-4729-4739-a14f-f3d719db3ad0,0e51f30d-c6a7-4e39-84b0-32ccd7c524a5,100000000,19300000000.0,7f5b6f7e-1c2d-4a4e-9a51-3a3f1d3c0a01,238fe648-62dd-4daf-b874-481c68021f9e,2025-03-02T12:19:00Z,2025-03-02T12:19:00Z,0,1
aa99c64c-8950-4eb1-9595-bdbf33f0831a,Tarava-Kowsar Construction,ACC-000869,100000000,3,Mazandaran,Iran,7412b293-4729-4739-a14f-f3d719db3ad0,0e51f30d-c6a7-4e39-84b0-32ccd7c524a5,4,28600000000.0,7f5b6f7e-1c2d-4a4e-9a51-3a3f1d3c0a01,abc163b1-683b-48c9-8e9d-fe133bbf056b,2025-02-24T04:40:00Z,2025-02-24T04:40:00Z,0,1
ee3f157d-afbf-4bd5-b52f-0d48e496471d,Arvand Golkhaneh Sazan Industries,ACC-000870,100000006,8,Tehran,Iran,7412b293-4729-4739-a14f-f3d719db3ad0,0e51f30d-c6a7-4e39-84b0-32ccd7c524a5,100000000,7200000000.0,7f5b6f7e-1c2d-4a4e-9a51-3a3f1d3c0a01,a58ec778-e94d-4b20-8116-6b49d27f6f41,2025-03-02T08:57:00Z,2025-03-02T08:57:00Z,0,1
39138902-c544-4ab0-be70-3fc225bb2712,Ofogh-Sabalan Builders,ACC-000871,100000000,8,East Azerbaijan,Iran,aefcfad8-efc8-4849-b3aa-7efe4458a885,beb79919-3f22-4af8-a3be-d01d43cf2fde,1,27000000000.0,7f5b6f7e-1c2d-4a4e-9a51-3a3f1d3c0a01,adb53c7b-43b6-468a-ba85-2ff642d3aaf2,2025-02-20T09:48:00Z,2025-02-20T09:48:00Z,0,1
f8dd1dd4-183b-4568-a6f5-d57da32bd05a,Sabalan Foolad Trading Ltd.,ACC-000872,100000004,8,Tehran,Iran,7412b293-4729-4739-a14f-f3d719db3ad0,ce177b4e-0837-48a3-9261-a7ab3aa2e4f9,100000000,47700000000.0,7f5b6f7e-1c2d-4a4e-9a51-3a3f1d3c0a01,cb4d4a66-19cb-4881-a31d-e68a12c560f0,2025-02-18T05:20:00Z,2025-02-18T05:20:00Z,0,1
504bd946-93c9-4ed3-b937-3c139a706219,Laleh Press Works Industries,ACC-000873,100000003,3,Alborz,Iran,7412b293-4729-4739-a14f-f3d719db3ad0,b02b61c4-a3d7-4628-ace6-6fa2fd5166e6,1,40400000000.0,7f5b6f7e-1c2d-4a4e-9a51-3a3f1d3c0a01,66575b6e-2a63-49f3-86fd-a63327531e5c,2025-02-20T11:56:00Z,2025-02-20T11:56:00Z,0,1
1842b7ee-bfdb-4ed8-ac4b-1f95d4f3df52,Hirad-Tina Steel Structures,ACC-000874,100000001,3,Alborz,Iran,7412b293-4729-4739-a14f-f3d719db3ad0,b02b61c4-a3d7-4628-ace6-6fa2fd5166e6,100000000,10300000000.0,7f5b6f7e-1c2d-4a4e-9a51-3a3f1d3c0a01,cb00a964-123c-41dd-ba4b-de1fc628fdc5,2025-02-24T12:19:00Z,2025-02-24T12:19:00Z,0,1
652d4876-2dd2-45e6-aff3-4f0cc65341a2,Fardis Appliance Components Group,ACC-000875,100000003,3,East Azerbaijan,Iran,aefcfad8-efc8-4849-b3aa-7efe4458a885,beb79919-3f22-4af8-a3be-d01d43cf2fde,4,14800000000.0,7f5b6f7e-1c2d-4a4e-9a51-3a3f1d3c0a01,def9682d-b57b-4d9e-aaf2-a2f4af04a01e,2025-03-04T10:18:00Z,2025-03-04T10:18:00Z,0,1
9a437632-7231-4218-933e-721871c8fb57,Shahab Profile Sazan Co.,ACC-000876,100000002,3,Isfahan,Iran,29a3b2e9-5d65-4441-9588-42dea2bc372f,9132b63e-f162-47e4-a9c3-49e03602f8ac,4,45700000000.0,7f5b6f7e-1c2d-4a4e-9a51-3a3f1d3c0a01,7df3ad5a-89ff-4a1c-b4d7-0475cb0fb554,2025-02-20T11:46:00Z,2025-02-20T11:46:00Z,0,1
2d01eecc-6265-4fa4-a6d2-8573c34b41d1,Orang Tube Mills Co.,ACC-000877,100000002,8,Tehran,Iran,7412b293-4729-4739-a14f-f3d719db3ad0,0e51f30d-c6a7-4e39-84b0-32ccd7c524a5,4,42400000000.0,7f5b6f7e-1c2d-4a4e-9a51-3a3f1d3c0a01,adb448cf-f815-49c6-90c9-738a4529982c,2025-02-19T10:56:00Z,2025-02-19T10:56:00Z,0,1
c7831656-df69-4891-8320-34d03bfd3087,Laleh Press Works Ltd.,ACC-000878,100000003,8,Khuzestan,Iran,a28defe3-9bf0-4273-9247-6f57a5e5a5ab,366eb16f-508e-4ad7-b7c9-3acfe059a0ee,4,35800000000.0,7f5b6f7e-1c2d-4a4e-9a51-3a3f1d3c0a01,2d4db217-ff09-4a75-ae49-3e7cafc258dc,2025-07-09T11:46:00Z,2025-07-09T11:46:00Z,0,1
167d4184-a86a-458f-ba11-169426c1549a,Sadaf Pipe Works Industries,ACC-000879,100000002,3,Tehran,Iran,7412b293-4729-4739-a14f-f3d719db3ad0,5304317f-af42-412f-b838-b3268e944239,1,42400000000.0,7f5b6f7e-1c2d-4a4e-9a51-3a3f1d3c0a01,f0ecb704-cd46-4283-82d7-3aa2da1e5d07,2025-07-05T08:00:00Z,2025-07-05T08:00:00Z,0,1
a3ced9d2-ab8c-409d-874f-606b9161d089,Zagros Pipe Works Industries,ACC-000880,100000002,8,Fars,Iran,3eabedcb-baa8-4dd4-88bd-64072bcfbe01,e27a984d-6548-41d0-bfcd-9eb1a7cad415,1,60500000000.0,7f5b6f7e-1c2d-4a4e-9a51-3a3f1d3c0a01,d5201c34-d471-4d8b-a47e-d9ff9befb06b,2025-07-15T04:39:00Z,2025-07-15T04:39:00Z,0,1
8bdc594f-ce2f-49aa-aeae-beec58dca3ae,Raman Tube Mills Ltd.,ACC-000881,100000002,8,East Azerbaijan,Iran,aefcfad8-efc8-4849-b3aa-7efe4458a885,beb79919-3f22-4af8-a3be-d01d43cf2fde,1,24700000000.0,7f5b6f7e-1c2d-4a4e-9a51-3a3f1d3c0a01,4dca04c1-0c54-454c-9819-a65670aa4232,2025-07-15T08:53:00Z,2025-07-15T08:53:00Z,0,1
056760f8-0de9-4292-98b5-e7e188ef88f7,Tous Profile Sazan Co.,ACC-000882,100000002,3,Tehran,Iran,7412b293-4729-4739-a14f-f3d719db3ad0,b02b61c4-a3d7-4628-ace6-6fa2fd5166e6,1,35400000000.0,7f5b6f7e-1c2d-4a4e-9a51-3a3f1d3c0a01,af88f763-fa36-4ada-9f4b-c5881298d56d,2025-07-01T09:27:00Z,2025-07-01T09:27:00Z,0,1
f61b8e0e-e47d-4061-9296-e23385cb7cc3,Zagros-Kowsar Sakhteman,ACC-000883,100000000,8,Alborz,Iran,7412b293-4729-4739-a14f-f3d719db3ad0,5304317f-af42-412f-b838-b3268e944239,1,21000000000.0,7f5b6f7e-1c2d-4a4e-9a51-3a3f1d3c0a01,0ccb829d-ad9b-4813-b50c-03616d0b3168,2025-07-12T04:57:00Z,2025-07-12T04:57:00Z,0,1
93c6fffe-53ce-45c5-8810-a1ff0e0ba330,Elham Urban Infrastructure Ltd.,ACC-000884,100000005,8,Khorasan Razavi,Iran,ab9099a4-35a2-40ae-9af3-05535ec42e08,24933b83-7577-40a9-a491-f0b2ea1fca65,100000001,174700000000.0,7f5b6f7e-1c2d-4a4e-9a51-3a3f1d3c0a01,eea8e390-4329-4be4-b656-22163b7eebe6,2025-07-13T10:45:00Z,2025-07-13T10:45:00Z,0,1
152b7fbd-aa15-47d3-b4ec-733defe47a7e,Golestan Press Works Group,ACC-000885,100000003,3,Fars,Iran,3eabedcb-baa8-4dd4-88bd-64072bcfbe01,e27a984d-6548-41d0-bfcd-9eb1a7cad415,4,34100000000.0,7f5b6f7e-1c2d-4a4e-9a51-3a3f1d3c0a01,89da9d78-5a20-4e04-9e00-2e3b0f7c1a7b,2025-07-17T06:33:00Z,2025-07-17T06:33:00Z,0,1
c683315a-fcfb-436c-8642-b41abf4cc28d,Alvand-Diba Eskelet Felezi,ACC-000886,100000001,3,Isfahan,Iran,29a3b2e9-5d65-4441-9588-42dea2bc372f,10f1bc81-448a-4a9e-a6b2-bc5b50c187fc,100000000,9500000000.0,7f5b6f7e-1c2d-4a4e-9a51-3a3f1d3c0a01,104299a8-0524-4b4c-9964-7ef45f8efce5,2025-07-09T12:17:00Z,2025-07-09T12:17:00Z,0,1
6be2d021-acf7-4193-b254-036a82630ae0,Atlas-Chakad Fabrication Works,ACC-000887,100000001,8,Khorasan Razavi,Iran,ab9099a4-35a2-40ae-9af3-05535ec42e08,24933b83-7577-40a9-a491-f0b2ea1fca65,100000000,13400000000.0,7f5b6f7e-1c2d-4a4e-9a51-3a3f1d3c0a01,dfd97075-e78d-4ff7-9455-9b72186fa278,2025-06-24T06:18:00Z,2025-06-24T06:18:00Z,0,1
993716bc-6069-4dab-9c3c-3c5d0331072b,Sadaf Press Works Industries,ACC-000888,100000003,8,Tehran,Iran,7412b293-4729-4739-a14f-f3d719db3ad0,5304317f-af42-412f-b838-b3268e944239,4,38800000000.0,7f5b6f7e-1c2d-4a4e-9a51-3a3f1d3c0a01,3ed6e353-0ea6-41fe-800d-1d9d1b165e42,2025-07-16T06:17:00Z,2025-07-16T06:17:00Z,0,1
81f1a440-0783-4ed6-82e7-18a769fba3fa,Tarava-Farazan Steel Structures,ACC-000889,100000001,3,Hormozgan,Iran,3eabedcb-baa8-4dd4-88bd-64072bcfbe01,e27a984d-6548-41d0-bfcd-9eb1a7cad415,1,13700000000.0,7f5b6f7e-1c2d-4a4e-9a51-3a3f1d3c0a01,ea01992d-2ca6-4723-be9a-f7309888ec01,2025-07-17T05:20:00Z,2025-07-17T05:20:00Z,0,1
049bf703-a6ff-4014-8b10-603231e97228,Tarava-Aban Sakhteman,ACC-000890,100000000,3,Mazandaran,Iran,7412b293-4729-4739-a14f-f3d719db3ad0,5304317f-af42-412f-b838-b3268e944239,100000000,21900000000.0,7f5b6f7e-1c2d-4a4e-9a51-3a3f1d3c0a01,c1fb1603-2e4d-45c8-96c2-eafaa8a7dccb,2025-06-28T08:41:00Z,2025-06-28T08:41:00Z,0,1
82c87535-5c5a-45c7-9796-45a8de03ef7b,Nikan Profile Sazan Group,ACC-000891,100000002,8,Tehran,Iran,7412b293-4729-4739-a14f-f3d719db3ad0,5304317f-af42-412f-b838-b3268e944239,4,36500000000.0,7f5b6f7e-1c2d-4a4e-9a51-3a3f1d3c0a01,c4bee9ab-4173-4fef-93da-030139a35cc3,2025-06-28T08:31:00Z,2025-06-28T08:31:00Z,0,1
0299b709-2a27-496c-b4f1-c64dc8da7e18,Arman Profile Works Co.,ACC-000892,100000002,3,Alborz,Iran,7412b293-4729-4739-a14f-f3d719db3ad0,0e51f30d-c6a7-4e39-84b0-32ccd7c524a5,4,18800000000.0,7f5b6f7e-1c2d-4a4e-9a51-3a3f1d3c0a01,8edf8ab9-a2ee-4f7c-9ed2-2a09be54356b,2025-06-28T12:54:00Z,2025-06-28T12:54:00Z,0,1
04ba16cc-e5d1-4a78-9e01-9bfea0cd173d,Fardis Tube Mills Industries,ACC-000893,100000002,3,Alborz,Iran,7412b293-4729-4739-a14f-f3d719db3ad0,5304317f-af42-412f-b838-b3268e944239,1,60200000000.0,7f5b6f7e-1c2d-4a4e-9a51-3a3f1d3c0a01,5e428bd6-9499-4ecc-9d03-0f8b4bed8691,2025-06-28T12:06:00Z,2025-06-28T12:06:00Z,0,1
0343dad2-6d8a-44b2-88cb-4fb10f2aea08,Darya-Sadaf Fabrication Works,ACC-000894,100000001,3,Hormozgan,Iran,3eabedcb-baa8-4dd4-88bd-64072bcfbe01,e27a984d-6548-41d0-bfcd-9eb1a7cad415,1,11700000000.0,7f5b6f7e-1c2d-4a4e-9a51-3a3f1d3c0a01,aa3e5d92-6e3c-45e2-b5b3-34dd439d2203,2025-06-21T12:43:00Z,2025-06-21T12:43:00Z,0,1
6e92f1de-83bf-4b10-abae-8604e257417f,Elham Housing Development Co.,ACC-000895,100000005,8,Tehran,Iran,7412b293-4729-4739-a14f-f3d719db3ad0,ce177b4e-0837-48a3-9261-a7ab3aa2e4f9,100000001,131000000000.0,7f5b6f7e-1c2d-4a4e-9a51-3a3f1d3c0a01,e1fe5291-77f0-4488-9b2e-c13d27bdfccd,2025-06-19T09:39:00Z,2025-06-19T09:39:00Z,0,1
3d0fc4c0-a6d3-4bf9-8d25-79be687885e4,Mehrgan Steel Trading Group,ACC-000896,100000004,8,Khuzestan,Iran,a28defe3-9bf0-4273-9247-6f57a5e5a5ab,366eb16f-508e-4ad7-b7c9-3acfe059a0ee,1,84700000000.0,7f5b6f7e-1c2d-4a4e-9a51-3a3f1d3c0a01,5d73805a-2f76-448f-9463-4072a8bedb45,2025-07-03T06:22:00Z,2025-07-03T06:22:00Z,0,1
758d9a65-73bc-47d7-8c3a-275a21435a7f,Karun Ahan Forooshi Group,ACC-000897,100000004,3,Tehran,Iran,7412b293-4729-4739-a14f-f3d719db3ad0,5304317f-af42-412f-b838-b3268e944239,100000000,142300000000.0,7f5b6f7e-1c2d-4a4e-9a51-3a3f1d3c0a01,72dc4a8f-d0f7-4209-b6cd-15312f91dda0,2025-07-08T07:25:00Z,2025-07-08T07:25:00Z,0,1
aceab138-3e62-4898-b557-6846ee7616d1,Navid Loleh Sazi Ltd.,ACC-000898,100000002,3,East Azerbaijan,Iran,aefcfad8-efc8-4849-b3aa-7efe4458a885,beb79919-3f22-4af8-a3be-d01d43cf2fde,1,42800000000.0,7f5b6f7e-1c2d-4a4e-9a51-3a3f1d3c0a01,38245275-a4f8-43ca-8042-0c588c7cdc6f,2025-07-02T06:53:00Z,2025-07-02T06:53:00Z,0,1
cdfe958f-edc7-47c0-ae5f-3f22f913d869,Iranmehr-Espadana Steel Structures,ACC-000899,100000001,8,Khorasan Razavi,Iran,ab9099a4-35a2-40ae-9af3-05535ec42e08,24933b83-7577-40a9-a491-f0b2ea1fca65,1,22300000000.0,7f5b6f7e-1c2d-4a4e-9a51-3a3f1d3c0a01,9c009b37-b020-43f7-a35a-445d90177e48,2025-06-29T10:40:00Z,2025-06-29T10:40:00Z,0,1
64f078cf-5743-4e86-88c2-666800d0aced,Rastin Press Works Industries,ACC-000900,100000003,8,Isfahan,Iran,29a3b2e9-5d65-4441-9588-42dea2bc372f,10f1bc81-448a-4a9e-a6b2-bc5b50c187fc,4,27000000000.0,7f5b6f7e-1c2d-4a4e-9a51-3a3f1d3c0a01,aa930a20-e816-4dee-af7c-02d902c0de74,2025-07-03T05:03:00Z,2025-07-03T05:03:00Z,0,1
6e7cb018-bf11-4b44-8757-b010c7602e01,Zarrin Profile Works Group,ACC-000901,100000002,3,Tehran,Iran,7412b293-4729-4739-a14f-f3d719db3ad0,5304317f-af42-412f-b838-b3268e944239,4,36900000000.0,7f5b6f7e-1c2d-4a4e-9a51-3a3f1d3c0a01,1da4ec6e-48aa-40c5-968e-40e9f4e3ab6e,2025-06-29T12:18:00Z,2025-06-29T12:18:00Z,0,1
29c9e638-ec2e-4df1-861f-1cabab862ae9,Rayan-Yekta Sazeh,ACC-000902,100000000,8,Khuzestan,Iran,a28defe3-9bf0-4273-9247-6f57a5e5a5ab,366eb16f-508e-4ad7-b7c9-3acfe059a0ee,1,17300000000.0,7f5b6f7e-1c2d-4a4e-9a51-3a3f1d3c0a01,c78af2f9-5414-4f8f-9048-993878be3b6d,2026-03-08T07:25:00Z,2026-03-08T07:25:00Z,0,1
4a80f2ef-ca3a-4674-880d-394dafdf25aa,Nikan-Iman Auto Parts Mfg.,ACC-000903,100000003,8,Alborz,Iran,7412b293-4729-4739-a14f-f3d719db3ad0,0e51f30d-c6a7-4e39-84b0-32ccd7c524a5,4,30800000000.0,7f5b6f7e-1c2d-4a4e-9a51-3a3f1d3c0a01,9586a185-52d4-4f9e-bd46-05e3b154e299,2026-03-03T06:27:00Z,2026-03-03T06:27:00Z,0,1
992c28a2-f31b-4715-85f0-119069f5af52,Tirdad-Iman Sakhteman,ACC-000904,100000000,8,Khorasan Razavi,Iran,ab9099a4-35a2-40ae-9af3-05535ec42e08,24933b83-7577-40a9-a491-f0b2ea1fca65,4,30300000000.0,7f5b6f7e-1c2d-4a4e-9a51-3a3f1d3c0a01,f0ccff7a-8f10-4fc8-bb48-f2952b1855aa,2026-02-15T08:45:00Z,2026-02-15T08:45:00Z,0,1
d689b63b-372a-458a-9fc4-0512ac1eee4f,Helia-Rastin Steel Structures,ACC-000905,100000001,8,Isfahan,Iran,29a3b2e9-5d65-4441-9588-42dea2bc372f,9132b63e-f162-47e4-a9c3-49e03602f8ac,100000000,5700000000.0,7f5b6f7e-1c2d-4a4e-9a51-3a3f1d3c0a01,0786f404-5bb4-4dde-b83d-baadb8365905,2026-02-18T07:49:00Z,2026-02-18T07:49:00Z,0,1
2e696c3f-673b-4c2e-84ce-5aff112a19fb,Arman-Persis Construction,ACC-000906,100000000,8,Tehran,Iran,7412b293-4729-4739-a14f-f3d719db3ad0,0e51f30d-c6a7-4e39-84b0-32ccd7c524a5,4,18000000000.0,7f5b6f7e-1c2d-4a4e-9a51-3a3f1d3c0a01,c358d1fb-178c-406b-bead-0a47d0814483,2026-02-26T06:21:00Z,2026-02-26T06:21:00Z,0,1
080a1cf5-a6f3-4448-8a76-c888e7b1a394,Mahan-Farazan Auto Parts Mfg.,ACC-000907,100000003,3,Tehran,Iran,7412b293-4729-4739-a14f-f3d719db3ad0,5304317f-af42-412f-b838-b3268e944239,4,44600000000.0,7f5b6f7e-1c2d-4a4e-9a51-3a3f1d3c0a01,f73f3547-41b7-43c8-912f-27f83f9a0796,2026-02-23T12:30:00Z,2026-02-23T12:30:00Z,0,1
ccda775c-a8ba-4f8f-9176-026420a22a93,Mehrgan-Mehr Construction,ACC-000908,100000000,3,Mazandaran,Iran,7412b293-4729-4739-a14f-f3d719db3ad0,0e51f30d-c6a7-4e39-84b0-32ccd7c524a5,1,11500000000.0,7f5b6f7e-1c2d-4a4e-9a51-3a3f1d3c0a01,4171162d-3642-4178-a3fb-50e3d38deb4e,2026-02-28T11:43:00Z,2026-02-28T11:43:00Z,0,1
9a1c34dc-df68-438c-937d-00260d42be4b,Javid Appliance Components Group,ACC-000909,100000003,3,Fars,Iran,3eabedcb-baa8-4dd4-88bd-64072bcfbe01,e27a984d-6548-41d0-bfcd-9eb1a7cad415,1,31200000000.0,7f5b6f7e-1c2d-4a4e-9a51-3a3f1d3c0a01,2c6c1056-ace8-49a4-b478-5677694ee99f,2026-02-23T09:44:00Z,2026-02-23T09:44:00Z,0,1
6c3eff5d-dd0e-432f-ab19-1261886f5d21,Sepehr-Arya Press Works,ACC-000910,100000003,3,East Azerbaijan,Iran,aefcfad8-efc8-4849-b3aa-7efe4458a885,beb79919-3f22-4af8-a3be-d01d43cf2fde,1,39100000000.0,7f5b6f7e-1c2d-4a4e-9a51-3a3f1d3c0a01,d188d48f-f6c8-41b5-b70f-9bf6a12cd3bb,2026-03-14T08:33:00Z,2026-03-14T08:33:00Z,0,1
fd650ec7-959e-49db-8fa9-958c04514370,Persis-Arya Eskelet Felezi,ACC-000911,100000001,8,Isfahan,Iran,29a3b2e9-5d65-4441-9588-42dea2bc372f,9132b63e-f162-47e4-a9c3-49e03602f8ac,1,22100000000.0,7f5b6f7e-1c2d-4a4e-9a51-3a3f1d3c0a01,d57c24c9-e45c-43d9-857e-bfdb4011149c,2026-02-18T10:17:00Z,2026-02-18T10:17:00Z,0,1
25cd97b1-d1a7-479c-a1f0-5ecdfe211b85,Hirad-Kian Steel Structures,ACC-000912,100000001,8,Tehran,Iran,7412b293-4729-4739-a14f-f3d719db3ad0,0e51f30d-c6a7-4e39-84b0-32ccd7c524a5,4,16900000000.0,7f5b6f7e-1c2d-4a4e-9a51-3a3f1d3c0a01,b4f4bf33-5e20-4b19-b580-d71ac4db606e,2026-03-03T05:00:00Z,2026-03-03T05:00:00Z,0,1
8c0499ff-71e6-4566-8309-35fa5a7e4e9d,Pishgam-Rastin Contracting,ACC-000913,100000000,3,Isfahan,Iran,29a3b2e9-5d65-4441-9588-42dea2bc372f,10f1bc81-448a-4a9e-a6b2-bc5b50c187fc,4,17500000000.0,7f5b6f7e-1c2d-4a4e-9a51-3a3f1d3c0a01,c5db7545-9498-45b3-9a34-6b513e31d784,2026-03-07T11:57:00Z,2026-03-07T11:57:00Z,0,1
51c30102-ab58-4f1a-a849-141c6b67f432,Taban-Javid Abadgaran,ACC-000914,100000000,8,Alborz,Iran,7412b293-4729-4739-a14f-f3d719db3ad0,b02b61c4-a3d7-4628-ace6-6fa2fd5166e6,100000000,38900000000.0,7f5b6f7e-1c2d-4a4e-9a51-3a3f1d3c0a01,677a740e-4adb-4881-85cb-135aae2f9cbf,2026-02-22T07:48:00Z,2026-02-22T07:48:00Z,0,1
8742d40f-7400-4b31-a86b-4b6f7dcf4428,Persis Press Works Group,ACC-000915,100000003,3,Tehran,Iran,7412b293-4729-4739-a14f-f3d719db3ad0,0e51f30d-c6a7-4e39-84b0-32ccd7c524a5,4,28200000000.0,7f5b6f7e-1c2d-4a4e-9a51-3a3f1d3c0a01,0c59bbbd-617a-4855-89c3-54971d9d49a6,2026-02-21T10:45:00Z,2026-02-21T10:45:00Z,0,1
a3dc3b5a-91d4-4d13-95a8-38fa953ba84b,Tirdad-Zagros Fabrication Works,ACC-000916,100000001,8,Fars,Iran,3eabedcb-baa8-4dd4-88bd-64072bcfbe01,e27a984d-6548-41d0-bfcd-9eb1a7cad415,100000000,12200000000.0,7f5b6f7e-1c2d-4a4e-9a51-3a3f1d3c0a01,a2c39075-3101-4662-95ef-572391bbca03,2026-02-19T09:32:00Z,2026-02-19T09:32:00Z,0,1
b4848204-fa06-4d04-9bcf-ecffa4771141,Espadana-Nikan Eskelet Felezi,ACC-000917,100000001,3,Hormozgan,Iran,3eabedcb-baa8-4dd4-88bd-64072bcfbe01,e27a984d-6548-41d0-bfcd-9eb1a7cad415,1,13400000000.0,7f5b6f7e-1c2d-4a4e-9a51-3a3f1d3c0a01,b3b777ff-1346-4bc0-ab27-00cd974c7e29,2026-02-14T11:00:00Z,2026-02-14T11:00:00Z,0,1
4f28ceb2-3f91-4c50-8e92-aeeb5d55b647,Farnam Urban Infrastructure Group,ACC-000918,100000005,3,Khorasan Razavi,Iran,ab9099a4-35a2-40ae-9af3-05535ec42e08,24933b83-7577-40a9-a491-f0b2ea1fca65,100000001,94300000000.0,7f5b6f7e-1c2d-4a4e-9a51-3a3f1d3c0a01,df6615fc-630b-4c5d-9e62-ebca896883ea,2026-02-11T07:58:00Z,2026-02-11T07:58:00Z,0,1
d40c66be-2b5f-463c-a11d-70ab145a09ad,Zagros-Sabalan Omran,ACC-000919,100000000,3,Khuzestan,Iran,a28defe3-9bf0-4273-9247-6f57a5e5a5ab,366eb16f-508e-4ad7-b7c9-3acfe059a0ee,1,28000000000.0,7f5b6f7e-1c2d-4a4e-9a51-3a3f1d3c0a01,c69fca09-ac6f-4c8e-8afb-9204198d9b79,2026-02-25T05:58:00Z,2026-02-25T05:58:00Z,0,1
b14f7ce1-9278-478b-9db8-05b5584ee369,Vista-Rastin Eskelet Felezi,ACC-000920,100000001,3,Tehran,Iran,7412b293-4729-4739-a14f-f3d719db3ad0,5304317f-af42-412f-b838-b3268e944239,1,13400000000.0,7f5b6f7e-1c2d-4a4e-9a51-3a3f1d3c0a01,098404df-adaa-4273-bbc6-6b37c8e38b94,2026-02-11T08:44:00Z,2026-02-11T08:44:00Z,0,1
5820653c-e029-4487-ba0b-29d0904cc2ef,Kavir Sabz Housing Development Ltd.,ACC-000921,100000005,8,Alborz,Iran,7412b293-4729-4739-a14f-f3d719db3ad0,b02b61c4-a3d7-4628-ace6-6fa2fd5166e6,100000001,158500000000.0,7f5b6f7e-1c2d-4a4e-9a51-3a3f1d3c0a01,0ba9d37b-2276-4b7a-865f-10ace3ae348e,2026-03-03T07:11:00Z,2026-03-03T07:11:00Z,0,1
5c2ed7bf-8a65-4f75-a076-0e6a6259375a,Nikan-Tirdad Eskelet Felezi,ACC-000922,100000001,3,Khuzestan,Iran,a28defe3-9bf0-4273-9247-6f57a5e5a5ab,366eb16f-508e-4ad7-b7c9-3acfe059a0ee,100000000,15700000000.0,7f5b6f7e-1c2d-4a4e-9a51-3a3f1d3c0a01,8248c947-54f4-4ac4-a387-3d9658d7fafd,2026-02-19T10:50:00Z,2026-02-19T10:50:00Z,0,1
f8db011e-9fac-411a-8ba6-250543961fde,Bamdad Metals Supply Ltd.,ACC-000923,100000004,8,Tehran,Iran,7412b293-4729-4739-a14f-f3d719db3ad0,ce177b4e-0837-48a3-9261-a7ab3aa2e4f9,100000000,56000000000.0,7f5b6f7e-1c2d-4a4e-9a51-3a3f1d3c0a01,d1636e46-f0da-4089-8b65-249275f5ebd1,2026-02-28T08:17:00Z,2026-02-28T08:17:00Z,0,1
3065b3a2-4afc-4fef-8a27-9be10e4683dd,Varna-Negin Omran,ACC-000924,100000000,8,Fars,Iran,3eabedcb-baa8-4dd4-88bd-64072bcfbe01,e27a984d-6548-41d0-bfcd-9eb1a7cad415,4,25700000000.0,7f5b6f7e-1c2d-4a4e-9a51-3a3f1d3c0a01,f7b36bc2-4e9f-4a5c-a212-cc0b759ba210,2024-07-30T07:16:00Z,2024-07-30T07:16:00Z,0,1
4d4f6a43-edf4-41b5-80a3-d4f68811fcc6,Sepehr Ahan Bazar Group,ACC-000925,100000004,3,Hormozgan,Iran,3eabedcb-baa8-4dd4-88bd-64072bcfbe01,e27a984d-6548-41d0-bfcd-9eb1a7cad415,100000000,44600000000.0,7f5b6f7e-1c2d-4a4e-9a51-3a3f1d3c0a01,23d33786-0fe6-4284-8c97-d4f57d76ace1,2024-07-11T11:08:00Z,2024-07-11T11:08:00Z,0,1
522cd6d7-92be-4a6a-ac67-d107711b72df,Ilia Steel Trading Co.,ACC-000926,100000004,8,Hormozgan,Iran,3eabedcb-baa8-4dd4-88bd-64072bcfbe01,e27a984d-6548-41d0-bfcd-9eb1a7cad415,100000000,158000000000.0,7f5b6f7e-1c2d-4a4e-9a51-3a3f1d3c0a01,5e0acbb3-9f05-449b-9604-cb1eed2b002b,2024-07-09T06:47:00Z,2024-07-09T06:47:00Z,0,1
58f7a675-49fa-4689-ae5e-30a9bfc7e9e1,Atlas-Ilia Omran,ACC-000927,100000000,8,Isfahan,Iran,29a3b2e9-5d65-4441-9588-42dea2bc372f,9132b63e-f162-47e4-a9c3-49e03602f8ac,4,28700000000.0,7f5b6f7e-1c2d-4a4e-9a51-3a3f1d3c0a01,2c243e06-b780-43e1-953f-8e3f53e988c3,2024-07-27T09:48:00Z,2024-07-27T09:48:00Z,0,1
83aabf08-2024-45b5-98d0-5a5948724928,Sahand-Iranmehr Fabrication Works,ACC-000928,100000001,3,Mazandaran,Iran,7412b293-4729-4739-a14f-f3d719db3ad0,5304317f-af42-412f-b838-b3268e944239,1,24900000000.0,7f5b6f7e-1c2d-4a4e-9a51-3a3f1d3c0a01,35294a5f-c57e-4ad3-851e-22c277194818,2024-08-31T12:28:00Z,2024-08-31T12:28:00Z,0,1
41a5bf2e-76f4-4d2d-9981-9f9d349de483,Diba Foolad Trading Group,ACC-000929,100000004,3,Khorasan Razavi,Iran,ab9099a4-35a2-40ae-9af3-05535ec42e08,24933b83-7577-40a9-a491-f0b2ea1fca65,100000000,65200000000.0,7f5b6f7e-1c2d-4a4e-9a51-3a3f1d3c0a01,22409062-337f-4624-a962-3159d2558be5,2024-08-25T07:39:00Z,2024-08-25T07:39:00Z,0,1
e2f6896c-f768-42a4-bff0-5450a64915e6,Golestan-Farnam Sazeh,ACC-000930,100000000,8,Tehran,Iran,7412b293-4729-4739-a14f-f3d719db3ad0,0e51f30d-c6a7-4e39-84b0-32ccd7c524a5,100000000,34100000000.0,7f5b6f7e-1c2d-4a4e-9a51-3a3f1d3c0a01,4bf7dc4a-d496-4a22-bb7f-9f07634b7541,2024-08-06T05:47:00Z,2024-08-06T05:47:00Z,0,1
5d216163-7928-46ea-a29c-c46a9ab46c07,Bamdad-Varna Sazeh,ACC-000931,100000000,8,Tehran,Iran,7412b293-4729-4739-a14f-f3d719db3ad0,5304317f-af42-412f-b838-b3268e944239,4,28000000000.0,7f5b6f7e-1c2d-4a4e-9a51-3a3f1d3c0a01,39c69927-fe50-4856-9dad-3425f6111882,2024-09-15T07:52:00Z,2024-09-15T07:52:00Z,0,1
380c10f6-39b8-4c77-aa25-15bbfe1da55b,Vista-Sahand Eskelet Felezi,ACC-000932,100000001,3,Khuzestan,Iran,a28defe3-9bf0-4273-9247-6f57a5e5a5ab,366eb16f-508e-4ad7-b7c9-3acfe059a0ee,1,29400000000.0,7f5b6f7e-1c2d-4a4e-9a51-3a3f1d3c0a01,32421a9c-2a45-4c82-a272-79aad87c0089,2024-09-23T08:11:00Z,2024-09-23T08:11:00Z,0,1
74799ed4-1a43-44bb-86b6-c38c5eca0ea3,Raman-Laleh Steel Structures,ACC-000933,100000001,3,Tehran,Iran,7412b293-4729-4739-a14f-f3d719db3ad0,0e51f30d-c6a7-4e39-84b0-32ccd7c524a5,4,13000000000.0,7f5b6f7e-1c2d-4a4e-9a51-3a3f1d3c0a01,93f82386-003f-43ee-a368-854ba1319f08,2024-09-26T12:33:00Z,2024-09-26T12:33:00Z,0,1
b635592c-bfac-483b-8a04-068ddd87547d,Nikan-Chakad Press Works,ACC-000934,100000003,8,Tehran,Iran,7412b293-4729-4739-a14f-f3d719db3ad0,0e51f30d-c6a7-4e39-84b0-32ccd7c524a5,100000001,13200000000.0,7f5b6f7e-1c2d-4a4e-9a51-3a3f1d3c0a01,a242e494-9ca8-464f-83ec-99dd98628425,2024-09-25T04:35:00Z,2024-09-25T04:35:00Z,0,1
0faea29a-04a5-464c-bd7f-c8e64086d68b,Sabalan Loleh Sazi Co.,ACC-000935,100000002,8,Khorasan Razavi,Iran,ab9099a4-35a2-40ae-9af3-05535ec42e08,24933b83-7577-40a9-a491-f0b2ea1fca65,4,39200000000.0,7f5b6f7e-1c2d-4a4e-9a51-3a3f1d3c0a01,33b35cf6-29ef-4f81-a210-d828b66b37c0,2024-09-26T11:31:00Z,2024-09-26T11:31:00Z,0,1
904ee7f6-da42-44e8-adf9-5944d39d1b14,Mahtab Tube Mills Co.,ACC-000936,100000002,8,East Azerbaijan,Iran,aefcfad8-efc8-4849-b3aa-7efe4458a885,beb79919-3f22-4af8-a3be-d01d43cf2fde,4,51800000000.0,7f5b6f7e-1c2d-4a4e-9a51-3a3f1d3c0a01,106725b0-b0b0-4b20-bd34-3e97663849db,2024-10-02T13:14:00Z,2024-10-02T13:14:00Z,0,1
03dc0370-0e44-4a05-b3d4-5809c624b618,Kowsar-Tous Contracting,ACC-000937,100000000,8,Hormozgan,Iran,3eabedcb-baa8-4dd4-88bd-64072bcfbe01,e27a984d-6548-41d0-bfcd-9eb1a7cad415,4,17000000000.0,7f5b6f7e-1c2d-4a4e-9a51-3a3f1d3c0a01,2548d5c9-22e8-4baa-8c46-39a254735c2e,2024-09-15T08:49:00Z,2024-09-15T08:49:00Z,0,1
ac0d5bc8-a8c7-4df3-8b69-26312bda49c1,Sepehr Appliance Components Ltd.,ACC-000938,100000003,8,East Azerbaijan,Iran,aefcfad8-efc8-4849-b3aa-7efe4458a885,beb79919-3f22-4af8-a3be-d01d43cf2fde,1,25500000000.0,7f5b6f7e-1c2d-4a4e-9a51-3a3f1d3c0a01,212132b3-30d0-4f88-98b4-d74d06f880eb,2024-10-05T07:29:00Z,2024-10-05T07:29:00Z,0,1
ff570304-7c14-462e-b0e4-2289a2df2c60,Persis-Rayan Builders,ACC-000939,100000000,8,Isfahan,Iran,29a3b2e9-5d65-4441-9588-42dea2bc372f,9132b63e-f162-47e4-a9c3-49e03602f8ac,4,42900000000.0,7f5b6f7e-1c2d-4a4e-9a51-3a3f1d3c0a01,188bc525-9132-48b6-bd01-b829d60f9162,2024-10-30T10:02:00Z,2024-10-30T10:02:00Z,0,1
603f2c7a-372d-4833-9ce7-160aef16b665,Mehrgan Agri-Steel Ltd.,ACC-000940,100000006,8,Isfahan,Iran,29a3b2e9-5d65-4441-9588-42dea2bc372f,10f1bc81-448a-4a9e-a6b2-bc5b50c187fc,100000000,7400000000.0,7f5b6f7e-1c2d-4a4e-9a51-3a3f1d3c0a01,0e5650c3-492f-4756-a037-c111ccc2afef,2024-10-05T05:32:00Z,2024-10-05T05:32:00Z,0,1
7d68fb16-11a0-406c-abe0-a95329f32051,Darya Iron & Steel Supply Co.,ACC-000941,100000004,3,Isfahan,Iran,29a3b2e9-5d65-4441-9588-42dea2bc372f,10f1bc81-448a-4a9e-a6b2-bc5b50c187fc,1,74400000000.0,7f5b6f7e-1c2d-4a4e-9a51-3a3f1d3c0a01,20fcfc53-0e04-47be-a070-931c3ccb9d66,2024-10-19T12:47:00Z,2024-10-19T12:47:00Z,0,1
291022d3-eca8-4ba9-96a0-faa54fbe6dca,Tous-Farazan Auto Parts Mfg.,ACC-000942,100000003,8,Tehran,Iran,7412b293-4729-4739-a14f-f3d719db3ad0,0e51f30d-c6a7-4e39-84b0-32ccd7c524a5,100000001,28300000000.0,7f5b6f7e-1c2d-4a4e-9a51-3a3f1d3c0a01,ffa8e93a-188c-46e9-affc-0282b816815f,2024-10-15T10:36:00Z,2024-10-15T10:36:00Z,0,1
5c854436-7b72-4711-8fb7-70b3571c7037,Parsian Foolad Trading Ltd.,ACC-000943,100000004,8,Isfahan,Iran,29a3b2e9-5d65-4441-9588-42dea2bc372f,10f1bc81-448a-4a9e-a6b2-bc5b50c187fc,1,55700000000.0,7f5b6f7e-1c2d-4a4e-9a51-3a3f1d3c0a01,0589a7cd-9c02-44fc-ad1d-1ea9ce7f41fb,2024-11-16T10:10:00Z,2024-11-16T10:10:00Z,0,1
dd513387-f04f-4a10-982d-604175445e02,Varna Housing Development Co.,ACC-000944,100000005,8,Tehran,Iran,7412b293-4729-4739-a14f-f3d719db3ad0,b02b61c4-a3d7-4628-ace6-6fa2fd5166e6,100000001,200900000000.0,7f5b6f7e-1c2d-4a4e-9a51-3a3f1d3c0a01,617da927-a575-47ed-b442-7dd75de235cd,2024-12-01T07:17:00Z,2024-12-01T07:17:00Z,0,1
6915324c-bd26-466a-9ae6-f4a75e3266b2,Jahan-Tina Fabrication Works,ACC-000945,100000001,8,Khorasan Razavi,Iran,ab9099a4-35a2-40ae-9af3-05535ec42e08,24933b83-7577-40a9-a491-f0b2ea1fca65,1,26400000000.0,7f5b6f7e-1c2d-4a4e-9a51-3a3f1d3c0a01,1a72184f-a03b-4197-a46e-777443a16938,2024-11-07T08:29:00Z,2024-11-07T08:29:00Z,0,1
bd2d09f7-0ca2-4bc7-b31d-3a4143eb3c09,Helia Profile Sazan Industries,ACC-000946,100000002,3,Khuzestan,Iran,a28defe3-9bf0-4273-9247-6f57a5e5a5ab,366eb16f-508e-4ad7-b7c9-3acfe059a0ee,1,35000000000.0,7f5b6f7e-1c2d-4a4e-9a51-3a3f1d3c0a01,e576e9dd-6bbe-49ad-b219-3dc5687cfb4e,2024-11-06T07:26:00Z,2024-11-06T07:26:00Z,0,1
fa79447a-32d7-45a0-827d-990a532d3f9a,Tarava Urban Infrastructure Industries,ACC-000947,100000005,8,Alborz,Iran,7412b293-4729-4739-a14f-f3d719db3ad0,ce177b4e-0837-48a3-9261-a7ab3aa2e4f9,4,94100000000.0,7f5b6f7e-1c2d-4a4e-9a51-3a3f1d3c0a01,4d5e1a5a-66fc-44b0-9184-3f425025b99f,2024-11-23T09:48:00Z,2024-11-23T09:48:00Z,0,1
ef95d35a-d7e3-4b19-ad02-af6c55cc57fe,Persis Urban Infrastructure Industries,ACC-000948,100000005,3,Hormozgan,Iran,3eabedcb-baa8-4dd4-88bd-64072bcfbe01,e27a984d-6548-41d0-bfcd-9eb1a7cad415,4,186600000000.0,7f5b6f7e-1c2d-4a4e-9a51-3a3f1d3c0a01,1239e268-7a7c-413a-b52f-50ddd515e4f1,2025-01-04T10:15:00Z,2025-01-04T10:15:00Z,0,1
4690080a-66df-4f54-8576-1389dc230b8a,Arman-Rayan Press Works,ACC-000949,100000003,8,Isfahan,Iran,29a3b2e9-5d65-4441-9588-42dea2bc372f,9132b63e-f162-47e4-a9c3-49e03602f8ac,1,21100000000.0,7f5b6f7e-1c2d-4a4e-9a51-3a3f1d3c0a01,29dd4973-2fb3-4898-bccf-b409bf583d5f,2024-12-07T06:52:00Z,2024-12-07T06:52:00Z,0,1
4a3d0480-f84d-4d6f-96dc-ff7effe2050b,Arya-Persis Appliance Components,ACC-000950,100000003,8,East Azerbaijan,Iran,aefcfad8-efc8-4849-b3aa-7efe4458a885,beb79919-3f22-4af8-a3be-d01d43cf2fde,4,34800000000.0,7f5b6f7e-1c2d-4a4e-9a51-3a3f1d3c0a01,bc0ae0e0-144f-40eb-8632-04d075cfdbf1,2024-12-22T10:31:00Z,2024-12-22T10:31:00Z,0,1
313d5bd8-b2d9-4bef-ab67-87c270775ba2,Rayan Iron & Steel Supply Group,ACC-000951,100000004,3,Tehran,Iran,7412b293-4729-4739-a14f-f3d719db3ad0,b02b61c4-a3d7-4628-ace6-6fa2fd5166e6,100000000,161700000000.0,7f5b6f7e-1c2d-4a4e-9a51-3a3f1d3c0a01,050e2991-a725-482c-961f-1a0fb769c786,2025-01-11T10:05:00Z,2025-01-11T10:05:00Z,0,1
46457263-d8ef-4511-abd6-b7c00a440d7f,Kavir Sabz-Raman Steel Structures,ACC-000952,100000001,3,Alborz,Iran,7412b293-4729-4739-a14f-f3d719db3ad0,b02b61c4-a3d7-4628-ace6-6fa2fd5166e6,4,12700000000.0,7f5b6f7e-1c2d-4a4e-9a51-3a3f1d3c0a01,042aaea2-353f-4f6f-99d7-d29891854a6f,2025-01-18T11:51:00Z,2025-01-18T11:51:00Z,0,1
8378ede6-85ae-4def-ba5a-46ff5d4b7012,Farazan-Elham Eskelet Felezi,ACC-000953,100000001,3,Khuzestan,Iran,a28defe3-9bf0-4273-9247-6f57a5e5a5ab,366eb16f-508e-4ad7-b7c9-3acfe059a0ee,1,13100000000.0,7f5b6f7e-1c2d-4a4e-9a51-3a3f1d3c0a01,1335d076-34fa-4d14-b7bf-688aaf5ff501,2025-02-06T10:05:00Z,2025-02-06T10:05:00Z,0,1
cf52d3bb-f777-4d24-b1e3-25066e3f4391,Arvand-Dena Fabrication Works,ACC-000954,100000001,3,Khuzestan,Iran,a28defe3-9bf0-4273-9247-6f57a5e5a5ab,366eb16f-508e-4ad7-b7c9-3acfe059a0ee,100000000,20400000000.0,7f5b6f7e-1c2d-4a4e-9a51-3a3f1d3c0a01,09f523c6-5105-4975-8cb4-d49074a95e70,2025-02-04T09:08:00Z,2025-02-04T09:08:00Z,0,1
57bf3565-10a6-48ba-a7f4-f69baf6fc8cb,Borna Loleh Sazi Co.,ACC-000955,100000002,8,Khuzestan,Iran,a28defe3-9bf0-4273-9247-6f57a5e5a5ab,366eb16f-508e-4ad7-b7c9-3acfe059a0ee,4,55500000000.0,7f5b6f7e-1c2d-4a4e-9a51-3a3f1d3c0a01,21afe3ab-b829-45d5-840d-c11a1ed53091,2025-02-27T07:39:00Z,2025-02-27T07:39:00Z,0,1
a5ac1446-1ae3-4d8d-a494-376e0927a8a3,Kian Metal Center Ltd.,ACC-000956,100000004,8,Fars,Iran,3eabedcb-baa8-4dd4-88bd-64072bcfbe01,e27a984d-6548-41d0-bfcd-9eb1a7cad415,1,59800000000.0,7f5b6f7e-1c2d-4a4e-9a51-3a3f1d3c0a01,dd71f1df-2c96-43d2-af36-8c1bb59825d1,2025-02-13T08:48:00Z,2025-02-13T08:48:00Z,0,1
e58d67fe-7fcf-4fd6-b337-ac967f2cd3dc,Taban-Mahan Omran,ACC-000957,100000000,3,Tehran,Iran,7412b293-4729-4739-a14f-f3d719db3ad0,5304317f-af42-412f-b838-b3268e944239,1,17600000000.0,7f5b6f7e-1c2d-4a4e-9a51-3a3f1d3c0a01,2fd07b2f-7fb8-46bc-9f8e-5693b290256f,2025-02-08T04:33:00Z,2025-02-08T04:33:00Z,0,1
ed28e55c-4cf6-4115-ad42-b7e2bf63b3d7,Darya Profile Works Co.,ACC-000958,100000002,3,Alborz,Iran,7412b293-4729-4739-a14f-f3d719db3ad0,5304317f-af42-412f-b838-b3268e944239,1,34600000000.0,7f5b6f7e-1c2d-4a4e-9a51-3a3f1d3c0a01,01c3f43d-2547-48a9-afd8-31ab130aae92,2025-02-19T09:07:00Z,2025-02-19T09:07:00Z,0,1
68528abf-3c1b-4a10-9004-57fc3af0be82,Taban Steel Merchants Ltd.,ACC-000959,100000004,8,Khuzestan,Iran,a28defe3-9bf0-4273-9247-6f57a5e5a5ab,366eb16f-508e-4ad7-b7c9-3acfe059a0ee,1,79800000000.0,7f5b6f7e-1c2d-4a4e-9a51-3a3f1d3c0a01,6fdc547f-847e-477d-8c7d-bcfa051ec61c,2025-02-25T06:21:00Z,2025-02-25T06:21:00Z,0,1
2c785b5d-a50f-4e4c-82b6-9b8b6d26c41d,Kowsar Greenhouse Structures Ltd.,ACC-000960,100000006,3,Khuzestan,Iran,a28defe3-9bf0-4273-9247-6f57a5e5a5ab,366eb16f-508e-4ad7-b7c9-3acfe059a0ee,1,5800000000.0,7f5b6f7e-1c2d-4a4e-9a51-3a3f1d3c0a01,54adc14c-b52b-4050-8c40-1b563114707d,2025-02-25T10:07:00Z,2025-02-25T10:07:00Z,0,1
757211ce-749c-4f46-a2aa-7a4ca9c8e5db,Farnam-Kimia Press Works,ACC-000961,100000003,3,Fars,Iran,3eabedcb-baa8-4dd4-88bd-64072bcfbe01,e27a984d-6548-41d0-bfcd-9eb1a7cad415,4,29000000000.0,7f5b6f7e-1c2d-4a4e-9a51-3a3f1d3c0a01,04ec4364-3063-4d92-8566-2281d1b6a810,2025-03-08T10:56:00Z,2025-03-08T10:56:00Z,0,1
cfc150f3-96f2-45b5-a6a9-ded1eac3c934,Zagros-Orang Omran,ACC-000962,100000000,3,Isfahan,Iran,29a3b2e9-5d65-4441-9588-42dea2bc372f,10f1bc81-448a-4a9e-a6b2-bc5b50c187fc,100000000,14000000000.0,7f5b6f7e-1c2d-4a4e-9a51-3a3f1d3c0a01,b5e1d78b-d421-4350-957a-405262a5f10a,2025-03-06T07:30:00Z,2025-03-06T07:30:00Z,0,1
be065757-06e7-4c94-9ff1-e6313d474260,Mahan Appliance Components Industries,ACC-000963,100000003,3,East Azerbaijan,Iran,aefcfad8-efc8-4849-b3aa-7efe4458a885,beb79919-3f22-4af8-a3be-d01d43cf2fde,1,26400000000.0,7f5b6f7e-1c2d-4a4e-9a51-3a3f1d3c0a01,05183c91-f6da-4faa-99d1-b04c16622d42,2025-03-24T04:42:00Z,2025-03-24T04:42:00Z,0,1
f85d598a-a5ee-4b09-9874-7a5c954d9337,Ofogh Iron & Steel Supply Ltd.,ACC-000964,100000004,8,Fars,Iran,3eabedcb-baa8-4dd4-88bd-64072bcfbe01,e27a984d-6548-41d0-bfcd-9eb1a7cad415,100000000,54600000000.0,7f5b6f7e-1c2d-4a4e-9a51-3a3f1d3c0a01,c647557b-0548-4f63-a978-1b66c1e59c43,2025-03-30T05:00:00Z,2025-03-30T05:00:00Z,0,1
0511a147-5aae-47ff-9722-6456b74c2e80,Farnam Greenhouse Structures Group,ACC-000965,100000006,3,Tehran,Iran,7412b293-4729-4739-a14f-f3d719db3ad0,0e51f30d-c6a7-4e39-84b0-32ccd7c524a5,100000000,14900000000.0,7f5b6f7e-1c2d-4a4e-9a51-3a3f1d3c0a01,641b6de8-6420-4cc9-8b46-730b58b00aeb,2025-03-20T05:58:00Z,2025-03-20T05:58:00Z,0,1
705ad90a-6f79-4139-ba6d-befbc44e9e72,Tarava Steel Trading Industries,ACC-000966,100000004,3,Alborz,Iran,7412b293-4729-4739-a14f-f3d719db3ad0,ce177b4e-0837-48a3-9261-a7ab3aa2e4f9,1,43900000000.0,7f5b6f7e-1c2d-4a4e-9a51-3a3f1d3c0a01,f4a62e78-d561-4044-9040-fb2a4771ffb7,2025-05-01T07:01:00Z,2025-05-01T07:01:00Z,0,1
d362e7f0-3032-4ca8-8771-90690a67aed7,Zarrin-Arya Eskelet Felezi,ACC-000967,100000001,3,Tehran,Iran,7412b293-4729-4739-a14f-f3d719db3ad0,b02b61c4-a3d7-4628-ace6-6fa2fd5166e6,100000000,19100000000.0,7f5b6f7e-1c2d-4a4e-9a51-3a3f1d3c0a01,f8134e00-05f6-4fde-9f10-c67f55350761,2025-05-04T11:48:00Z,2025-05-04T11:48:00Z,0,1
64c71071-8f17-44f0-92c0-06cd3f6f25a2,Sepehr Foolad Trading Group,ACC-000968,100000004,3,Isfahan,Iran,29a3b2e9-5d65-4441-9588-42dea2bc372f,10f1bc81-448a-4a9e-a6b2-bc5b50c187fc,1,57600000000.0,7f5b6f7e-1c2d-4a4e-9a51-3a3f1d3c0a01,9eec645d-2d67-4a35-a4a4-603521dc9c8b,2025-04-07T12:30:00Z,2025-04-07T12:30:00Z,0,1
754c30d3-0e85-4646-abb8-41c31aca94c5,Kian-Navid Construction,ACC-000969,100000000,3,Mazandaran,Iran,7412b293-4729-4739-a14f-f3d719db3ad0,0e51f30d-c6a7-4e39-84b0-32ccd7c524a5,4,17100000000.0,7f5b6f7e-1c2d-4a4e-9a51-3a3f1d3c0a01,a9510051-423a-4529-bf92-c00e50c32d0a,2025-05-26T09:10:00Z,2025-05-26T09:10:00Z,0,1
3d44f271-d8d9-4214-a6f8-454d80b60ff3,Arman Ahan Forooshi Industries,ACC-000970,100000004,8,Tehran,Iran,7412b293-4729-4739-a14f-f3d719db3ad0,ce177b4e-0837-48a3-9261-a7ab3aa2e4f9,100000000,76600000000.0,7f5b6f7e-1c2d-4a4e-9a51-3a3f1d3c0a01,008bb736-db32-4f5c-96c8-8a748a2e9624,2025-05-22T08:41:00Z,2025-05-22T08:41:00Z,0,1
6694dda3-ceec-482b-81d4-186f8a7a59d0,Zarrin-Tirdad Sazeh,ACC-000971,100000000,8,Alborz,Iran,7412b293-4729-4739-a14f-f3d719db3ad0,0e51f30d-c6a7-4e39-84b0-32ccd7c524a5,1,16400000000.0,7f5b6f7e-1c2d-4a4e-9a51-3a3f1d3c0a01,b510ffa9-174d-4bfc-a720-5ea12461a17f,2025-06-01T10:53:00Z,2025-06-01T10:53:00Z,0,1
5a2ed6c2-4640-4319-baae-d6f073255bc0,Zagros-Saba Steel Structures,ACC-000972,100000001,3,Tehran,Iran,7412b293-4729-4739-a14f-f3d719db3ad0,5304317f-af42-412f-b838-b3268e944239,4,15900000000.0,7f5b6f7e-1c2d-4a4e-9a51-3a3f1d3c0a01,fa5a3f8b-dfa0-48db-800b-7fd9e739cfc1,2025-05-19T11:04:00Z,2025-05-19T11:04:00Z,0,1
4148c6bf-4dbc-49ca-8dc1-26a3a39572b8,Pouya Metals Supply Group,ACC-000973,100000004,3,Fars,Iran,3eabedcb-baa8-4dd4-88bd-64072bcfbe01,e27a984d-6548-41d0-bfcd-9eb1a7cad415,100000000,72200000000.0,7f5b6f7e-1c2d-4a4e-9a51-3a3f1d3c0a01,f6a0b00e-9b42-43b3-a077-88c730b07cdc,2025-05-28T08:56:00Z,2025-05-28T08:56:00Z,0,1
60b3bd84-3b5a-4632-a76c-5bab70f05755,Bamdad-Tina Appliance Components,ACC-000974,100000003,8,Alborz,Iran,7412b293-4729-4739-a14f-f3d719db3ad0,5304317f-af42-412f-b838-b3268e944239,1,30100000000.0,7f5b6f7e-1c2d-4a4e-9a51-3a3f1d3c0a01,d8e3b5f9-b752-415a-bb5e-f843394ebb3c,2025-05-24T08:24:00Z,2025-05-24T08:24:00Z,0,1
8754204e-1acc-416e-b750-9dccc0f6015f,Pishgam-Tous Eskelet Felezi,ACC-000975,100000001,3,Isfahan,Iran,29a3b2e9-5d65-4441-9588-42dea2bc372f,10f1bc81-448a-4a9e-a6b2-bc5b50c187fc,1,16600000000.0,7f5b6f7e-1c2d-4a4e-9a51-3a3f1d3c0a01,56e63c79-7038-4406-944c-3c1483185b55,2025-06-10T06:18:00Z,2025-06-10T06:18:00Z,0,1
28dec2fa-f5b9-4bb5-a5c1-f69af9fbf715,Mahtab-Sahand Sazeh,ACC-000976,100000000,8,East Azerbaijan,Iran,aefcfad8-efc8-4849-b3aa-7efe4458a885,beb79919-3f22-4af8-a3be-d01d43cf2fde,1,19800000000.0,7f5b6f7e-1c2d-4a4e-9a51-3a3f1d3c0a01,4b9f84d9-33e1-4105-98d1-a80d2835ba6d,2025-07-07T08:12:00Z,2025-07-07T08:12:00Z,0,1
6d5cd5d4-e464-4a8f-b207-7a5260cacb6d,Ava Profile Works Industries,ACC-000977,100000002,8,Tehran,Iran,7412b293-4729-4739-a14f-f3d719db3ad0,5304317f-af42-412f-b838-b3268e944239,4,28700000000.0,7f5b6f7e-1c2d-4a4e-9a51-3a3f1d3c0a01,6d2f0627-d073-4f84-8168-0e731c823380,2025-06-28T07:38:00Z,2025-06-28T07:38:00Z,0,1
c165e304-217b-4528-8d67-c05a5c4be64b,Zagros Steel Merchants Group,ACC-000978,100000004,8,Tehran,Iran,7412b293-4729-4739-a14f-f3d719db3ad0,ce177b4e-0837-48a3-9261-a7ab3aa2e4f9,100000000,53900000000.0,7f5b6f7e-1c2d-4a4e-9a51-3a3f1d3c0a01,e2b77137-8173-41c0-913d-5c96dfab137c,2025-06-19T09:13:00Z,2025-06-19T09:13:00Z,0,1
a8b62ca9-a0c1-408c-8aa0-177aeaa31841,Hamoon Metals Supply Industries,ACC-000979,100000004,8,Fars,Iran,3eabedcb-baa8-4dd4-88bd-64072bcfbe01,e27a984d-6548-41d0-bfcd-9eb1a7cad415,100000000,63200000000.0,7f5b6f7e-1c2d-4a4e-9a51-3a3f1d3c0a01,d1678ac0-8e89-4a97-b7f1-c35a939e51d2,2025-07-05T05:50:00Z,2025-07-05T05:50:00Z,0,1
b60d229a-9ae2-4397-a32f-a8fa0b26054d,Taban Housing Development Co.,ACC-000980,100000005,8,Alborz,Iran,7412b293-4729-4739-a14f-f3d719db3ad0,ce177b4e-0837-48a3-9261-a7ab3aa2e4f9,100000001,61900000000.0,7f5b6f7e-1c2d-4a4e-9a51-3a3f1d3c0a01,63da8122-fd78-4134-b2cf-1197fae72a7b,2025-06-18T12:57:00Z,2025-06-18T12:57:00Z,0,1
0443777c-7ab8-4d02-85ac-3f00338f29be,Karun-Farazan Appliance Components,ACC-000981,100000003,3,Fars,Iran,3eabedcb-baa8-4dd4-88bd-64072bcfbe01,e27a984d-6548-41d0-bfcd-9eb1a7cad415,1,28800000000.0,7f5b6f7e-1c2d-4a4e-9a51-3a3f1d3c0a01,fcfb993e-54ab-45c9-8b2d-065c67888389,2025-07-01T10:21:00Z,2025-07-01T10:21:00Z,0,1
e97aa6b5-39d4-4db1-8d3d-2f6ba3248246,Aban Iron & Steel Supply Industries,ACC-000982,100000004,3,Tehran,Iran,7412b293-4729-4739-a14f-f3d719db3ad0,b02b61c4-a3d7-4628-ace6-6fa2fd5166e6,1,76100000000.0,7f5b6f7e-1c2d-4a4e-9a51-3a3f1d3c0a01,5be1c022-1361-4113-85db-1d9af19dba69,2025-06-28T10:55:00Z,2025-06-28T10:55:00Z,0,1
85582441-8f60-4c12-bf05-3e6fc75b7a65,Saba-Pishgam Construction,ACC-000983,100000000,8,Mazandaran,Iran,7412b293-4729-4739-a14f-f3d719db3ad0,0e51f30d-c6a7-4e39-84b0-32ccd7c524a5,100000000,22500000000.0,7f5b6f7e-1c2d-4a4e-9a51-3a3f1d3c0a01,2622bdd7-871e-490a-9b2e-8ba82de9c946,2025-06-14T04:41:00Z,2025-06-14T04:41:00Z,0,1
4efaa16b-ea35-4283-8d82-721d75361064,Mehr-Orang Contracting,ACC-000984,100000000,8,Tehran,Iran,7412b293-4729-4739-a14f-f3d719db3ad0,b02b61c4-a3d7-4628-ace6-6fa2fd5166e6,100000000,30300000000.0,7f5b6f7e-1c2d-4a4e-9a51-3a3f1d3c0a01,7dcfe169-a68e-4207-8de7-e0cc1ba93342,2025-06-25T05:35:00Z,2025-06-25T05:35:00Z,0,1
0f3ffc17-ac5e-453e-9379-61a65b051098,Kian-Alvand Omran,ACC-000985,100000000,3,Isfahan,Iran,29a3b2e9-5d65-4441-9588-42dea2bc372f,10f1bc81-448a-4a9e-a6b2-bc5b50c187fc,1,30100000000.0,7f5b6f7e-1c2d-4a4e-9a51-3a3f1d3c0a01,22044c8a-d81a-4fb7-86bf-9ab138ed7921,2025-06-22T11:17:00Z,2025-06-22T11:17:00Z,0,1
107bde00-b572-4d3d-aa6e-26df6fcdef95,Pouya-Parsian Appliance Components,ACC-000986,100000003,8,Tehran,Iran,7412b293-4729-4739-a14f-f3d719db3ad0,b02b61c4-a3d7-4628-ace6-6fa2fd5166e6,1,18900000000.0,7f5b6f7e-1c2d-4a4e-9a51-3a3f1d3c0a01,bc0db6b7-6f3e-4469-94ba-c7b617d8e14f,2025-07-22T10:51:00Z,2025-07-22T10:51:00Z,0,1
7ed62c37-be9c-4d33-9c97-65e2ae627433,Kaspian-Tina Abadgaran,ACC-000987,100000000,8,Isfahan,Iran,29a3b2e9-5d65-4441-9588-42dea2bc372f,9132b63e-f162-47e4-a9c3-49e03602f8ac,4,19000000000.0,7f5b6f7e-1c2d-4a4e-9a51-3a3f1d3c0a01,4d3e6f13-6aa4-40c9-bdf8-c314a70fabc9,2025-07-07T05:10:00Z,2025-07-07T05:10:00Z,0,1
ad35d894-698d-4cc1-93d0-bc9427b399d3,Mahtab Metal Center Ltd.,ACC-000988,100000004,8,Hormozgan,Iran,3eabedcb-baa8-4dd4-88bd-64072bcfbe01,e27a984d-6548-41d0-bfcd-9eb1a7cad415,1,72000000000.0,7f5b6f7e-1c2d-4a4e-9a51-3a3f1d3c0a01,c4115792-4142-4086-ab71-63277e1b16bf,2025-07-07T11:55:00Z,2025-07-07T11:55:00Z,0,1
f05bb082-4c33-4940-b973-070322522961,Borna-Nima Eskelet Felezi,ACC-000989,100000001,3,Tehran,Iran,7412b293-4729-4739-a14f-f3d719db3ad0,b02b61c4-a3d7-4628-ace6-6fa2fd5166e6,100000000,9500000000.0,7f5b6f7e-1c2d-4a4e-9a51-3a3f1d3c0a01,85317824-7234-4512-a05c-047ed4385447,2025-07-26T13:13:00Z,2025-07-26T13:13:00Z,0,1
91f01de0-2e4b-4c7f-9782-7826f6d000dd,Raman-Arvand Builders,ACC-000990,100000000,8,Alborz,Iran,7412b293-4729-4739-a14f-f3d719db3ad0,0e51f30d-c6a7-4e39-84b0-32ccd7c524a5,100000000,20800000000.0,7f5b6f7e-1c2d-4a4e-9a51-3a3f1d3c0a01,20b1fa73-c790-4243-81aa-98d5e0c9684e,2025-07-12T12:45:00Z,2025-07-12T12:45:00Z,0,1
4e114722-c771-4f14-bbff-55fd038d60da,Jahan Greenhouse Structures Ltd.,ACC-000991,100000006,8,Tehran,Iran,7412b293-4729-4739-a14f-f3d719db3ad0,5304317f-af42-412f-b838-b3268e944239,100000000,7200000000.0,7f5b6f7e-1c2d-4a4e-9a51-3a3f1d3c0a01,605d7c68-aae9-4405-a9c0-0af03906418e,2025-07-12T06:19:00Z,2025-07-12T06:19:00Z,0,1
a0dd8351-4c63-4b37-a81d-a87066393244,Farazan Profile Sazan Industries,ACC-000992,100000002,8,Tehran,Iran,7412b293-4729-4739-a14f-f3d719db3ad0,0e51f30d-c6a7-4e39-84b0-32ccd7c524a5,4,34400000000.0,7f5b6f7e-1c2d-4a4e-9a51-3a3f1d3c0a01,5c7acc79-72ed-4bf9-9ae4-fa2e3f2e653c,2025-07-09T08:33:00Z,2025-07-09T08:33:00Z,0,1
ddbbf6e3-2591-4040-b902-7e9ae79a71c2,Hamoon Agri-Steel Ltd.,ACC-000993,100000006,3,Tehran,Iran,7412b293-4729-4739-a14f-f3d719db3ad0,5304317f-af42-412f-b838-b3268e944239,100000000,5500000000.0,7f5b6f7e-1c2d-4a4e-9a51-3a3f1d3c0a01,db8d57d9-45c6-46c3-8ffb-db8f723f155c,2025-08-23T11:44:00Z,2025-08-23T11:44:00Z,0,1
c73ab963-a60a-429b-b8ef-6894a6c4a73e,Varna-Tous Press Works,ACC-000994,100000003,8,Mazandaran,Iran,7412b293-4729-4739-a14f-f3d719db3ad0,5304317f-af42-412f-b838-b3268e944239,100000001,19500000000.0,7f5b6f7e-1c2d-4a4e-9a51-3a3f1d3c0a01,101231ed-7363-42b3-84fb-c7dcdedf7eed,2025-08-20T07:18:00Z,2025-08-20T07:18:00Z,0,1
8a0d2029-0bf8-4437-9f2f-173ca2e2a6d2,Kowsar-Nima Contracting,ACC-000995,100000000,8,Tehran,Iran,7412b293-4729-4739-a14f-f3d719db3ad0,5304317f-af42-412f-b838-b3268e944239,100000000,14400000000.0,7f5b6f7e-1c2d-4a4e-9a51-3a3f1d3c0a01,b2e9c75a-4d31-40f7-81e5-84e2c3c039e6,2025-08-30T13:09:00Z,2025-08-30T13:09:00Z,0,1
59d80a28-1c86-4375-9a85-80dc77212b42,Sadaf-Vista Sakhteman,ACC-000996,100000000,3,Mazandaran,Iran,7412b293-4729-4739-a14f-f3d719db3ad0,0e51f30d-c6a7-4e39-84b0-32ccd7c524a5,4,34500000000.0,7f5b6f7e-1c2d-4a4e-9a51-3a3f1d3c0a01,330975a6-668b-4a47-b38d-967cb6511d4a,2025-08-13T13:11:00Z,2025-08-13T13:11:00Z,0,1
7d213de8-bd94-49b1-90a2-60ed2827f66f,Orang Golkhaneh Sazan Ltd.,ACC-000997,100000006,8,East Azerbaijan,Iran,aefcfad8-efc8-4849-b3aa-7efe4458a885,beb79919-3f22-4af8-a3be-d01d43cf2fde,1,14000000000.0,7f5b6f7e-1c2d-4a4e-9a51-3a3f1d3c0a01,318b1aa2-74c3-48f2-8cc4-539e7207c2fb,2025-09-02T10:42:00Z,2025-09-02T10:42:00Z,0,1
328e99cd-7ec8-4fd6-b8f5-7bcf870ce744,Fardis-Mehrgan Sazeh,ACC-000998,100000000,3,Isfahan,Iran,29a3b2e9-5d65-4441-9588-42dea2bc372f,10f1bc81-448a-4a9e-a6b2-bc5b50c187fc,1,11600000000.0,7f5b6f7e-1c2d-4a4e-9a51-3a3f1d3c0a01,79455b37-eeb2-4ee8-a0ca-3bb3362d3b14,2025-08-20T08:59:00Z,2025-08-20T08:59:00Z,0,1
4fe091b4-2e1e-42fa-a37c-59058090baec,Yekta Steel Merchants Group,ACC-000999,100000004,8,Tehran,Iran,7412b293-4729-4739-a14f-f3d719db3ad0,ce177b4e-0837-48a3-9261-a7ab3aa2e4f9,1,28300000000.0,7f5b6f7e-1c2d-4a4e-9a51-3a3f1d3c0a01,b91539fd-85d1-4b7f-8ba8-87a3b970ff69,2025-08-18T06:43:00Z,2025-08-18T06:43:00Z,0,1
f9a2ac02-a6fa-4542-a7a2-36217e791775,Farazan Tube Mills Ltd.,ACC-001000,100000002,8,Alborz,Iran,7412b293-4729-4739-a14f-f3d719db3ad0,b02b61c4-a3d7-4628-ace6-6fa2fd5166e6,1,26700000000.0,7f5b6f7e-1c2d-4a4e-9a51-3a3f1d3c0a01,a1114b9d-f941-4132-91ca-9c7d76e5b791,2025-08-20T10:40:00Z,2025-08-20T10:40:00Z,0,1
80b4931f-98ff-428f-a6bd-d79aff206219,Rahyab-Negin Builders,ACC-001001,100000000,8,Khorasan Razavi,Iran,ab9099a4-35a2-40ae-9af3-05535ec42e08,24933b83-7577-40a9-a491-f0b2ea1fca65,1,13900000000.0,7f5b6f7e-1c2d-4a4e-9a51-3a3f1d3c0a01,b11d79e4-5edf-4e4d-896a-342674c33f94,2025-08-16T04:41:00Z,2025-08-16T04:41:00Z,0,1
1cff818f-8eaf-4791-90f3-6b47f2d986ed,Sadaf Metal Center Ltd.,ACC-001002,100000004,8,Hormozgan,Iran,3eabedcb-baa8-4dd4-88bd-64072bcfbe01,e27a984d-6548-41d0-bfcd-9eb1a7cad415,100000000,42100000000.0,7f5b6f7e-1c2d-4a4e-9a51-3a3f1d3c0a01,8494b4b1-508f-4332-a034-e7e3588a63e1,2025-08-24T07:38:00Z,2025-08-24T07:38:00Z,0,1
dd153fb1-e6d8-48a9-a425-7024d908f6fd,Gohar-Kowsar Fabrication Works,ACC-001003,100000001,8,Isfahan,Iran,29a3b2e9-5d65-4441-9588-42dea2bc372f,9132b63e-f162-47e4-a9c3-49e03602f8ac,1,27000000000.0,7f5b6f7e-1c2d-4a4e-9a51-3a3f1d3c0a01,aadf37cc-f9a2-4e31-ad6c-95aea7356f6f,2025-08-10T12:32:00Z,2025-08-10T12:32:00Z,0,1
53d7690e-737e-4cd8-a74b-a244b2b73164,Raman Urban Infrastructure Co.,ACC-001004,100000005,3,Isfahan,Iran,29a3b2e9-5d65-4441-9588-42dea2bc372f,10f1bc81-448a-4a9e-a6b2-bc5b50c187fc,100000001,120300000000.0,7f5b6f7e-1c2d-4a4e-9a51-3a3f1d3c0a01,bf523ec3-bcdb-4af3-ab12-f61db1c1e9ca,2025-08-23T06:36:00Z,2025-08-23T06:36:00Z,0,1
9222a5de-d95c-48dd-9bb0-b9b59af526c9,Kaspian-Karun Builders,ACC-001005,100000000,8,East Azerbaijan,Iran,aefcfad8-efc8-4849-b3aa-7efe4458a885,beb79919-3f22-4af8-a3be-d01d43cf2fde,1,27700000000.0,7f5b6f7e-1c2d-4a4e-9a51-3a3f1d3c0a01,11aaa4ca-9883-4b6d-9b17-394ac4eea3ae,2025-08-16T06:41:00Z,2025-08-16T06:41:00Z,0,1
1125312c-0a86-4d54-afc5-b3b93238a2f4,Laleh-Javid Builders,ACC-001006,100000000,3,Tehran,Iran,7412b293-4729-4739-a14f-f3d719db3ad0,b02b61c4-a3d7-4628-ace6-6fa2fd5166e6,100000000,12400000000.0,7f5b6f7e-1c2d-4a4e-9a51-3a3f1d3c0a01,a86f3638-8869-4337-adb8-6cbd5c419100,2025-08-14T13:18:00Z,2025-08-14T13:18:00Z,0,1
dd3e570d-ea18-4d37-8dfa-cce4636b0fae,Hoda Metal Center Industries,ACC-001007,100000004,8,East Azerbaijan,Iran,aefcfad8-efc8-4849-b3aa-7efe4458a885,beb79919-3f22-4af8-a3be-d01d43cf2fde,1,49000000000.0,7f5b6f7e-1c2d-4a4e-9a51-3a3f1d3c0a01,ec3abe85-cd36-4475-8408-67c1e622f49a,2025-09-15T07:10:00Z,2025-09-15T07:10:00Z,0,1
23bdec0a-9085-4205-b160-fa4dc2e8574f,Hoda-Behsaz Appliance Components,ACC-001008,100000003,3,Isfahan,Iran,29a3b2e9-5d65-4441-9588-42dea2bc372f,10f1bc81-448a-4a9e-a6b2-bc5b50c187fc,4,33400000000.0,7f5b6f7e-1c2d-4a4e-9a51-3a3f1d3c0a01,1df85fd0-e058-4e39-81fc-7f5f945d4523,2025-10-01T08:41:00Z,2025-10-01T08:41:00Z,0,1
f4fe8005-433c-47b1-b267-f0b6442fec0e,Espadana Urban Infrastructure Industries,ACC-001009,100000005,3,Fars,Iran,3eabedcb-baa8-4dd4-88bd-64072bcfbe01,e27a984d-6548-41d0-bfcd-9eb1a7cad415,100000001,110300000000.0,7f5b6f7e-1c2d-4a4e-9a51-3a3f1d3c0a01,9c1d9d7b-9db1-4b16-a596-18344b662252,2025-09-20T10:23:00Z,2025-09-20T10:23:00Z,0,1
e71956a1-de82-4149-91f2-97191e565f21,Chakad Loleh Sazi Group,ACC-001010,100000002,3,Isfahan,Iran,29a3b2e9-5d65-4441-9588-42dea2bc372f,10f1bc81-448a-4a9e-a6b2-bc5b50c187fc,4,68500000000.0,7f5b6f7e-1c2d-4a4e-9a51-3a3f1d3c0a01,dec38c04-4524-47f9-b26d-8a49fba2bf91,2025-11-02T07:02:00Z,2025-11-02T07:02:00Z,0,1
1b93bf9a-e1e2-4538-bc41-058c1a340543,Gilan-Nima Press Works,ACC-001011,100000003,8,Tehran,Iran,7412b293-4729-4739-a14f-f3d719db3ad0,b02b61c4-a3d7-4628-ace6-6fa2fd5166e6,4,25200000000.0,7f5b6f7e-1c2d-4a4e-9a51-3a3f1d3c0a01,3d80f76c-eaeb-4b20-b612-bea146327588,2025-10-13T07:06:00Z,2025-10-13T07:06:00Z,0,1
110388e5-dd41-460b-9a2e-35480c14c995,Jahan-Iranmehr Steel Structures,ACC-001012,100000001,8,Tehran,Iran,7412b293-4729-4739-a14f-f3d719db3ad0,0e51f30d-c6a7-4e39-84b0-32ccd7c524a5,100000000,12400000000.0,7f5b6f7e-1c2d-4a4e-9a51-3a3f1d3c0a01,98a818f5-1b96-4d2f-b7ff-4c46bc439ebd,2025-10-08T06:27:00Z,2025-10-08T06:27:00Z,0,1
91ece8f4-e6aa-428f-866a-3f4b65de0d3a,Helia Housing Development Industries,ACC-001013,100000005,8,Khuzestan,Iran,a28defe3-9bf0-4273-9247-6f57a5e5a5ab,366eb16f-508e-4ad7-b7c9-3acfe059a0ee,100000001,219500000000.0,7f5b6f7e-1c2d-4a4e-9a51-3a3f1d3c0a01,20fb29ba-91a8-4c68-b309-3e76f44a99b5,2025-10-18T06:55:00Z,2025-10-18T06:55:00Z,0,1
c19e5735-1b7f-47d2-837a-c684851475b4,Nima-Omid Sazeh,ACC-001014,100000000,8,Hormozgan,Iran,3eabedcb-baa8-4dd4-88bd-64072bcfbe01,e27a984d-6548-41d0-bfcd-9eb1a7cad415,100000000,24400000000.0,7f5b6f7e-1c2d-4a4e-9a51-3a3f1d3c0a01,e0ccc21d-e3cd-4071-86fc-d848fd759dd2,2025-11-01T08:54:00Z,2025-11-01T08:54:00Z,0,1
d9aa2092-00c3-4728-8f0e-eb9d2048018c,Arvand-Kowsar Sakhteman,ACC-001015,100000000,3,Tehran,Iran,7412b293-4729-4739-a14f-f3d719db3ad0,0e51f30d-c6a7-4e39-84b0-32ccd7c524a5,100000000,14000000000.0,7f5b6f7e-1c2d-4a4e-9a51-3a3f1d3c0a01,d839b538-a1b4-4ca4-9d29-c7374ca47b6e,2025-10-26T04:38:00Z,2025-10-26T04:38:00Z,0,1
5bdb1834-076a-4ae8-8a80-b197f97d7124,Chakad-Sahand Appliance Components,ACC-001016,100000003,3,Khuzestan,Iran,a28defe3-9bf0-4273-9247-6f57a5e5a5ab,366eb16f-508e-4ad7-b7c9-3acfe059a0ee,1,20900000000.0,7f5b6f7e-1c2d-4a4e-9a51-3a3f1d3c0a01,f227dc9c-088b-4245-a9ff-631b955917d6,2025-10-25T11:27:00Z,2025-10-25T11:27:00Z,0,1
8bfa681d-8f82-4371-bf5f-d5e0fd186564,Mahan Agri-Steel Industries,ACC-001017,100000006,8,Isfahan,Iran,29a3b2e9-5d65-4441-9588-42dea2bc372f,9132b63e-f162-47e4-a9c3-49e03602f8ac,100000000,7900000000.0,7f5b6f7e-1c2d-4a4e-9a51-3a3f1d3c0a01,c565566a-cb5c-4473-add7-549e386eaf14,2025-10-18T05:18:00Z,2025-10-18T05:18:00Z,0,1
46b9fa1e-696b-4d9d-83c5-41610b0feea9,Aban Urban Infrastructure Group,ACC-001018,100000005,8,Mazandaran,Iran,7412b293-4729-4739-a14f-f3d719db3ad0,0e51f30d-c6a7-4e39-84b0-32ccd7c524a5,100000001,122200000000.0,7f5b6f7e-1c2d-4a4e-9a51-3a3f1d3c0a01,cca96cb5-dd39-44ee-8476-eb708a1cb597,2025-10-22T08:41:00Z,2025-10-22T08:41:00Z,0,1
553fc35f-d7e8-4bba-8816-4097486689cd,Nima-Mehr Abadgaran,ACC-001019,100000000,8,Tehran,Iran,7412b293-4729-4739-a14f-f3d719db3ad0,0e51f30d-c6a7-4e39-84b0-32ccd7c524a5,4,8100000000.0,7f5b6f7e-1c2d-4a4e-9a51-3a3f1d3c0a01,549922ae-b373-4a69-a22b-37258d2670fd,2025-12-02T06:47:00Z,2025-12-02T06:47:00Z,0,1
3c04a50e-0060-47a3-a073-cd4e192004bd,Golestan-Iman Sakhteman,ACC-001020,100000000,3,Isfahan,Iran,29a3b2e9-5d65-4441-9588-42dea2bc372f,10f1bc81-448a-4a9e-a6b2-bc5b50c187fc,1,30800000000.0,7f5b6f7e-1c2d-4a4e-9a51-3a3f1d3c0a01,90d4bdb4-a3e3-489a-a962-8d15149f0b3d,2025-11-10T08:12:00Z,2025-11-10T08:12:00Z,0,1
70cbb7dd-7f63-4e27-a67f-1ff6c4e84692,Farazan Ahan Forooshi Group,ACC-001021,100000004,3,Tehran,Iran,7412b293-4729-4739-a14f-f3d719db3ad0,ce177b4e-0837-48a3-9261-a7ab3aa2e4f9,1,130000000000.0,7f5b6f7e-1c2d-4a4e-9a51-3a3f1d3c0a01,9443dacb-c6ae-44a2-a4d9-b041835a0fda,2025-12-01T08:09:00Z,2025-12-01T08:09:00Z,0,1
b0122d2b-a478-4efb-911e-7d6868d5e91c,Ofogh Profile Works Co.,ACC-001022,100000002,8,Tehran,Iran,7412b293-4729-4739-a14f-f3d719db3ad0,0e51f30d-c6a7-4e39-84b0-32ccd7c524a5,4,32700000000.0,7f5b6f7e-1c2d-4a4e-9a51-3a3f1d3c0a01,c063d440-34c6-4309-b8b3-bbc173c30ff6,2025-11-11T04:46:00Z,2025-11-11T04:46:00Z,0,1
d784ac38-52bc-490d-a567-533a629b9fc9,Mahtab Dam & Water Works Group,ACC-001023,100000005,8,Tehran,Iran,7412b293-4729-4739-a14f-f3d719db3ad0,ce177b4e-0837-48a3-9261-a7ab3aa2e4f9,100000001,107100000000.0,7f5b6f7e-1c2d-4a4e-9a51-3a3f1d3c0a01,adaa9b78-48cf-4d22-9529-87bbb9a27cd5,2025-12-16T08:35:00Z,2025-12-16T08:35:00Z,0,1
fa3db49c-bbc9-4188-8792-3568b13feb72,Persis Metal Center Group,ACC-001024,100000004,8,Isfahan,Iran,29a3b2e9-5d65-4441-9588-42dea2bc372f,9132b63e-f162-47e4-a9c3-49e03602f8ac,100000000,48900000000.0,7f5b6f7e-1c2d-4a4e-9a51-3a3f1d3c0a01,45856270-140c-4b0d-ae6d-d4635c73e1ed,2025-12-16T13:25:00Z,2025-12-16T13:25:00Z,0,1
96bc746f-2549-4054-9554-e90e1f042c14,Rahyab-Raman Fabrication Works,ACC-001025,100000001,8,Tehran,Iran,7412b293-4729-4739-a14f-f3d719db3ad0,b02b61c4-a3d7-4628-ace6-6fa2fd5166e6,100000000,18000000000.0,7f5b6f7e-1c2d-4a4e-9a51-3a3f1d3c0a01,0fadcb09-7208-4fb2-8ac5-3f93906128df,2025-12-24T05:23:00Z,2025-12-24T05:23:00Z,0,1
ad407ee3-ee71-427d-a2b1-bbd3c1d37c44,Negin-Taban Sakhteman,ACC-001026,100000000,8,Tehran,Iran,7412b293-4729-4739-a14f-f3d719db3ad0,0e51f30d-c6a7-4e39-84b0-32ccd7c524a5,4,18400000000.0,7f5b6f7e-1c2d-4a4e-9a51-3a3f1d3c0a01,83de069c-4ed2-47d9-99db-71ede283a8a0,2025-12-15T05:56:00Z,2025-12-15T05:56:00Z,0,1
fa24f286-3820-4343-b500-0529b5a8db84,Tarava-Karun Contracting,ACC-001027,100000000,3,Tehran,Iran,7412b293-4729-4739-a14f-f3d719db3ad0,b02b61c4-a3d7-4628-ace6-6fa2fd5166e6,4,18400000000.0,7f5b6f7e-1c2d-4a4e-9a51-3a3f1d3c0a01,0f72f4c4-a319-4b73-9866-be2db3e3cb18,2025-12-08T06:31:00Z,2025-12-08T06:31:00Z,0,1
a02a4c45-5e61-4b35-bb53-58345656a671,Hirad Ahan Forooshi Industries,ACC-001028,100000004,3,Fars,Iran,3eabedcb-baa8-4dd4-88bd-64072bcfbe01,e27a984d-6548-41d0-bfcd-9eb1a7cad415,100000000,86500000000.0,7f5b6f7e-1c2d-4a4e-9a51-3a3f1d3c0a01,6b75c910-1f60-4022-85de-d0bbb22cc70f,2025-12-13T06:22:00Z,2025-12-13T06:22:00Z,0,1
cc7f36fc-a5aa-4246-ba1b-54a08c60d087,Alvand Loleh Sazi Industries,ACC-001029,100000002,8,Khorasan Razavi,Iran,ab9099a4-35a2-40ae-9af3-05535ec42e08,24933b83-7577-40a9-a491-f0b2ea1fca65,1,25200000000.0,7f5b6f7e-1c2d-4a4e-9a51-3a3f1d3c0a01,76f6a4a3-a689-40c4-a3e3-ebc4fca89f60,2026-01-03T07:33:00Z,2026-01-03T07:33:00Z,0,1
a4047785-c758-46b1-9247-58c4bafaba96,Farnam-Behsaz Eskelet Felezi,ACC-001030,100000001,8,Tehran,Iran,7412b293-4729-4739-a14f-f3d719db3ad0,0e51f30d-c6a7-4e39-84b0-32ccd7c524a5,4,10700000000.0,7f5b6f7e-1c2d-4a4e-9a51-3a3f1d3c0a01,7c9628c0-bffd-4524-85ca-cf57815bc972,2025-12-07T09:11:00Z,2025-12-07T09:11:00Z,0,1
0ce7b866-f413-4a29-9f4f-e0a3eca0b24e,Navid-Farnam Press Works,ACC-001031,100000003,3,Khorasan Razavi,Iran,ab9099a4-35a2-40ae-9af3-05535ec42e08,24933b83-7577-40a9-a491-f0b2ea1fca65,4,11900000000.0,7f5b6f7e-1c2d-4a4e-9a51-3a3f1d3c0a01,15f5f76e-2ddb-4e52-bde8-fdaf7213a7e0,2026-02-02T07:01:00Z,2026-02-02T07:01:00Z,0,1
bf6a2d81-8249-4b3e-9293-d9a8de85c4c3,Iranmehr-Mahtab Omran,ACC-001032,100000000,8,Khuzestan,Iran,a28defe3-9bf0-4273-9247-6f57a5e5a5ab,366eb16f-508e-4ad7-b7c9-3acfe059a0ee,4,26000000000.0,7f5b6f7e-1c2d-4a4e-9a51-3a3f1d3c0a01,953ff49b-5f68-4c96-b01c-3a08d52a66e7,2026-01-27T12:46:00Z,2026-01-27T12:46:00Z,0,1
a9c47f93-0f49-471b-88e4-cbea9107c1b1,Yekta-Pishgam Omran,ACC-001033,100000000,8,Tehran,Iran,7412b293-4729-4739-a14f-f3d719db3ad0,b02b61c4-a3d7-4628-ace6-6fa2fd5166e6,4,16200000000.0,7f5b6f7e-1c2d-4a4e-9a51-3a3f1d3c0a01,243cabb0-4e34-4bcb-8d3b-925620d2b212,2026-01-07T13:27:00Z,2026-01-07T13:27:00Z,0,1
624b1b88-2c1e-4c98-bd2e-1d55757e21aa,Navid Steel Depot Industries,ACC-001034,100000004,8,Tehran,Iran,7412b293-4729-4739-a14f-f3d719db3ad0,ce177b4e-0837-48a3-9261-a7ab3aa2e4f9,1,76000000000.0,7f5b6f7e-1c2d-4a4e-9a51-3a3f1d3c0a01,27a893df-e420-4f84-85c2-3771297fa0b9,2026-03-02T10:03:00Z,2026-03-02T10:03:00Z,0,1
7a79e8e2-e43d-4011-a215-5170bd2e233a,Golestan-Rahyab Abadgaran,ACC-001035,100000000,3,Khorasan Razavi,Iran,ab9099a4-35a2-40ae-9af3-05535ec42e08,24933b83-7577-40a9-a491-f0b2ea1fca65,1,14700000000.0,7f5b6f7e-1c2d-4a4e-9a51-3a3f1d3c0a01,071d06cd-ad4d-458f-9ffb-285fad8a19d7,2026-02-18T08:02:00Z,2026-02-18T08:02:00Z,0,1
a5e11793-6fa0-41cc-9776-6542abfec3a0,Navid-Behsaz Auto Parts Mfg.,ACC-001036,100000003,3,Tehran,Iran,7412b293-4729-4739-a14f-f3d719db3ad0,5304317f-af42-412f-b838-b3268e944239,1,29000000000.0,7f5b6f7e-1c2d-4a4e-9a51-3a3f1d3c0a01,a6874c45-ef5e-4d02-9f79-a7a56645b7de,2026-02-07T07:51:00Z,2026-02-07T07:51:00Z,0,1
5b2ea9d6-c7ea-4180-b2e5-205ba87d56c7,Taban-Sepehr Fabrication Works,ACC-001037,100000001,8,East Azerbaijan,Iran,aefcfad8-efc8-4849-b3aa-7efe4458a885,beb79919-3f22-4af8-a3be-d01d43cf2fde,1,12400000000.0,7f5b6f7e-1c2d-4a4e-9a51-3a3f1d3c0a01,dd139c4c-9daf-4ca0-9b20-2c86e9261454,2026-03-07T11:12:00Z,2026-03-07T11:12:00Z,0,1
7bcc3786-d4e9-473d-89cb-7bfed7e6a8c1,Arman-Borna Appliance Components,ACC-001038,100000003,3,Khorasan Razavi,Iran,ab9099a4-35a2-40ae-9af3-05535ec42e08,24933b83-7577-40a9-a491-f0b2ea1fca65,4,39800000000.0,7f5b6f7e-1c2d-4a4e-9a51-3a3f1d3c0a01,0ba495b9-20cd-423b-af1b-8c90a28f3731,2026-02-21T05:05:00Z,2026-02-21T05:05:00Z,0,1
365272fa-3b77-468c-8df6-0058cee5f84b,Yekta Rail & Road Projects Co.,ACC-001039,100000005,8,Alborz,Iran,7412b293-4729-4739-a14f-f3d719db3ad0,0e51f30d-c6a7-4e39-84b0-32ccd7c524a5,100000001,107200000000.0,7f5b6f7e-1c2d-4a4e-9a51-3a3f1d3c0a01,ee935510-5e8c-46b6-b31f-01a1f4caf583,2026-02-08T08:32:00Z,2026-02-08T08:32:00Z,0,1
b7b381ee-ce9d-4169-86ec-eb41fefaa8cf,Tina Metals Supply Co.,ACC-001040,100000004,8,Alborz,Iran,7412b293-4729-4739-a14f-f3d719db3ad0,0e51f30d-c6a7-4e39-84b0-32ccd7c524a5,100000000,64800000000.0,7f5b6f7e-1c2d-4a4e-9a51-3a3f1d3c0a01,e0ada076-e945-458c-8eb1-8194ad9f1325,2026-02-19T12:59:00Z,2026-02-19T12:59:00Z,0,1
34dcffd5-d9c5-45b1-94ac-96f7bda2f023,Mehrgan Ahan Forooshi Ltd.,ACC-001041,100000004,8,Alborz,Iran,7412b293-4729-4739-a14f-f3d719db3ad0,ce177b4e-0837-48a3-9261-a7ab3aa2e4f9,100000000,37800000000.0,7f5b6f7e-1c2d-4a4e-9a51-3a3f1d3c0a01,b8a7e110-89a8-4c52-826d-6e62cc079c31,2026-04-06T09:59:00Z,2026-04-06T09:59:00Z,0,1
46b3d9a2-2b84-454a-8167-b8dd9a35accb,Dena-Borna Builders,ACC-001042,100000000,8,Fars,Iran,3eabedcb-baa8-4dd4-88bd-64072bcfbe01,e27a984d-6548-41d0-bfcd-9eb1a7cad415,1,24500000000.0,7f5b6f7e-1c2d-4a4e-9a51-3a3f1d3c0a01,4217615d-8753-4b91-bf6a-889cd8528f07,2026-03-14T07:58:00Z,2026-03-14T07:58:00Z,0,1
d1c8a66c-1ef3-43ed-88ef-37f2dadecdfc,Kimia-Darya Builders,ACC-001043,100000000,8,Tehran,Iran,7412b293-4729-4739-a14f-f3d719db3ad0,5304317f-af42-412f-b838-b3268e944239,4,22200000000.0,7f5b6f7e-1c2d-4a4e-9a51-3a3f1d3c0a01,a3dca0c6-a24e-4647-a468-725d3e0ae56f,2026-04-09T05:30:00Z,2026-04-09T05:30:00Z,0,1
26bf08da-1ab5-4a80-831e-dda3ed985f04,Saba-Rayan Omran,ACC-001044,100000000,8,Isfahan,Iran,29a3b2e9-5d65-4441-9588-42dea2bc372f,10f1bc81-448a-4a9e-a6b2-bc5b50c187fc,100000000,26400000000.0,7f5b6f7e-1c2d-4a4e-9a51-3a3f1d3c0a01,35e189d9-f7fd-4c80-965f-37695f8f5009,2026-04-20T12:43:00Z,2026-04-20T12:43:00Z,0,1
53968833-299f-48c5-a060-e7d5ea444391,Gilan Greenhouse Structures Group,ACC-001045,100000006,3,Tehran,Iran,7412b293-4729-4739-a14f-f3d719db3ad0,b02b61c4-a3d7-4628-ace6-6fa2fd5166e6,100000000,9200000000.0,7f5b6f7e-1c2d-4a4e-9a51-3a3f1d3c0a01,8de178ad-a058-4d2a-931f-84a82ef5ce34,2026-05-05T04:57:00Z,2026-05-05T04:57:00Z,0,1
0e10eb23-0896-42f7-9fba-07942b94e406,Ilia Steel Merchants Ltd.,ACC-001046,100000004,3,East Azerbaijan,Iran,aefcfad8-efc8-4849-b3aa-7efe4458a885,beb79919-3f22-4af8-a3be-d01d43cf2fde,1,43200000000.0,7f5b6f7e-1c2d-4a4e-9a51-3a3f1d3c0a01,76199d0b-8377-40de-8751-ea5eb963de96,2026-04-28T08:03:00Z,2026-04-28T08:03:00Z,0,1
ca0a4ac9-31f3-4260-9f43-eb20fd6f6bbb,Mahtab-Rastin Construction,ACC-001047,100000000,3,Mazandaran,Iran,7412b293-4729-4739-a14f-f3d719db3ad0,0e51f30d-c6a7-4e39-84b0-32ccd7c524a5,100000000,29700000000.0,7f5b6f7e-1c2d-4a4e-9a51-3a3f1d3c0a01,2929dcd8-fdc6-4ed8-bd16-692a92d5fd24,2026-04-14T08:03:00Z,2026-04-14T08:03:00Z,0,1
59eab45f-ab60-4c64-85c4-8e2540e00833,Saba Steel Trading Group,ACC-001048,100000004,3,East Azerbaijan,Iran,aefcfad8-efc8-4849-b3aa-7efe4458a885,beb79919-3f22-4af8-a3be-d01d43cf2fde,1,20100000000.0,7f5b6f7e-1c2d-4a4e-9a51-3a3f1d3c0a01,917dd998-e4c2-4e2a-a59f-3ca60aab4dfd,2026-05-24T06:46:00Z,2026-05-24T06:46:00Z,0,1
7e6976e5-7728-4467-b5db-11ee25dfc81e,Chakad Loleh Sazi Industries,ACC-001049,100000002,8,East Azerbaijan,Iran,aefcfad8-efc8-4849-b3aa-7efe4458a885,beb79919-3f22-4af8-a3be-d01d43cf2fde,4,35400000000.0,7f5b6f7e-1c2d-4a4e-9a51-3a3f1d3c0a01,38f727f1-8795-4119-b537-7d7af1ea3324,2026-06-27T05:40:00Z,2026-06-27T05:40:00Z,0,1
213a5e32-4f9d-4fa4-a189-49ba532b7e7c,Iman Loleh Sazi Group,ACC-001050,100000002,8,Hormozgan,Iran,3eabedcb-baa8-4dd4-88bd-64072bcfbe01,e27a984d-6548-41d0-bfcd-9eb1a7cad415,4,46100000000.0,7f5b6f7e-1c2d-4a4e-9a51-3a3f1d3c0a01,475b8025-08de-43c0-a8e6-25c54016b436,2026-06-11T13:15:00Z,2026-06-11T13:15:00Z,0,1
d1491965-737b-46b2-b307-2cbd3cd7852e,Mahan-Varna Builders,ACC-001051,100000000,8,Tehran,Iran,7412b293-4729-4739-a14f-f3d719db3ad0,b02b61c4-a3d7-4628-ace6-6fa2fd5166e6,100000000,21300000000.0,7f5b6f7e-1c2d-4a4e-9a51-3a3f1d3c0a01,69dea439-5246-46a6-b4a1-347b02b75d04,2026-06-10T06:49:00Z,2026-06-10T06:49:00Z,0,1
9a4fdddc-58fe-4b04-ae01-30f31d329e92,Iranmehr Golkhaneh Sazan Ltd.,ACC-001052,100000006,3,Tehran,Iran,7412b293-4729-4739-a14f-f3d719db3ad0,0e51f30d-c6a7-4e39-84b0-32ccd7c524a5,100000000,11900000000.0,7f5b6f7e-1c2d-4a4e-9a51-3a3f1d3c0a01,2fa692d2-dc89-4d32-ad0a-81703c3de558,2026-06-11T06:18:00Z,2026-06-11T06:18:00Z,0,1
63e8393a-edcb-4296-b776-22ee7a78de9b,Borna Steel Merchants Ltd.,ACC-001053,100000004,8,Tehran,Iran,7412b293-4729-4739-a14f-f3d719db3ad0,ce177b4e-0837-48a3-9261-a7ab3aa2e4f9,100000000,70200000000.0,7f5b6f7e-1c2d-4a4e-9a51-3a3f1d3c0a01,9b5f9f09-d91c-41a0-a15d-d4ee217837be,2026-06-20T05:43:00Z,2026-06-20T05:43:00Z,0,1
85535fee-d734-4da5-9d31-be20edd911e1,Zagros-Farazan Eskelet Felezi,ACC-001054,100000001,8,Hormozgan,Iran,3eabedcb-baa8-4dd4-88bd-64072bcfbe01,e27a984d-6548-41d0-bfcd-9eb1a7cad415,1,15100000000.0,7f5b6f7e-1c2d-4a4e-9a51-3a3f1d3c0a01,5fd68015-67bc-41bf-bd6d-fa03162df5c4,2026-06-10T09:09:00Z,2026-06-10T09:09:00Z,0,1
95d6aa94-7fe9-42e1-8399-7d526ed1d205,Borna Tube Mills Industries,ACC-001055,100000002,8,Tehran,Iran,7412b293-4729-4739-a14f-f3d719db3ad0,0e51f30d-c6a7-4e39-84b0-32ccd7c524a5,4,34500000000.0,7f5b6f7e-1c2d-4a4e-9a51-3a3f1d3c0a01,fa138636-853c-4fe7-9179-580ce5ec4e5b,2026-06-27T11:39:00Z,2026-06-27T11:39:00Z,0,1
