ahn_shipmentid,ahn_name,ahn_salesorderid,ahn_customerid,ahn_warehouse,ahn_sourcing,ahn_carrier,ahn_orderedtons,ahn_loadedtons,ahn_truckloads,ahn_stockreadyon,ahn_loadedon,ahn_dispatchedon,ahn_deliveredon,ahn_waybillnumber,ahn_podreceived,createdon,statecode,statuscode
2bf5c7d5-a04f-4301-9188-84af2be0c133,SHP-000001,cca743fd-96eb-4756-8684-3d56804d5d33,4d4f6a43-edf4-41b5-80a3-d4f68811fcc6,100000005,100000000,100000002,120.0,119.91,5,2024-07-20T09:45:46Z,2024-07-20T21:19:58Z,2024-07-20T22:01:42Z,2024-07-21T04:47:00Z,WB-000001,True,2024-07-20T07:37:00Z,1,2
7c568415-e110-4301-819a-491bbcd39976,SHP-000002,16572edb-b5b6-4d38-953c-47021e61d2ba,1d96dc53-2344-4c54-8cae-f9ec6d44f723,100000000,100000000,100000002,35.0,34.98,2,2024-07-29T12:49:41Z,2024-08-03T00:45:04Z,2024-08-03T01:15:39Z,2024-08-03T05:45:00Z,WB-000002,True,2024-07-29T12:00:00Z,1,2
10a7dd62-dfa9-46c0-85e6-38c247d7e1ed,SHP-000003,8d4cdaa5-719c-4657-a38c-ebb36084004a,144be8bc-e207-4595-be20-9925a72427a6,100000000,100000000,100000000,35.0,35.07,2,2024-08-15T05:40:03Z,2024-08-18T02:59:17Z,2024-08-18T03:39:24Z,2024-08-18T10:23:00Z,WB-000003,True,2024-08-15T05:21:00Z,1,2
6d19c2cb-c377-479c-8181-c14e5b84befe,SHP-000004,7259397c-1f14-413c-86d6-c31ba0bc3c69,d4f10cf9-f12e-43a3-ae77-54d24c4b6f67,100000001,100000000,100000000,35.0,34.92,2,2024-09-26T07:25:09Z,2024-10-02T19:16:00Z,2024-10-02T20:45:13Z,2024-10-03T12:00:00Z,WB-000004,True,2024-09-26T06:37:00Z,1,2
94940765-b6e4-4fe2-ba43-027ad9541a6f,SHP-000005,5cd0359f-1a40-4446-a87b-cdebce03d4c0,f204be89-4a4b-4563-8cf4-77ef18c8a616,100000000,100000000,100000000,45.0,44.87,2,2024-09-26T09:55:04Z,2024-10-02T06:56:39Z,2024-10-02T07:59:13Z,2024-10-02T11:18:00Z,WB-000005,True,2024-09-26T07:19:00Z,1,2
36d689ac-8454-4a6d-b816-5d63f14c32f4,SHP-000006,4abf432e-5943-4127-b073-01a4ae7d7081,d57a1134-c82f-48db-9bc6-9dfca6a148c3,100000000,100000000,100000000,10.0,9.97,1,2024-09-11T13:20:57Z,2024-09-17T22:59:28Z,2024-09-17T23:54:37Z,2024-09-18T06:36:00Z,WB-000006,True,2024-09-11T11:06:00Z,1,2
73931d4e-3404-41de-b49b-bbcdc341df8e,SHP-000007,fe598823-53a4-45b6-b2b3-6c45d525e946,c0d4173b-aa58-40e6-86ef-a55196d0ae38,100000000,100000001,100000000,10.0,9.98,1,2024-09-16T20:30:22Z,2024-09-18T21:33:12Z,2024-09-18T22:26:16Z,2024-09-19T12:28:00Z,WB-000007,True,2024-09-12T11:09:00Z,1,2
51e8300d-06ad-401f-a469-66f41ac3dcd8,SHP-000008,d549eee9-0939-412a-91fd-788a457ca8bc,83aabf08-2024-45b5-98d0-5a5948724928,100000000,100000000,100000002,10.0,10.0,1,2024-09-10T13:52:42Z,2024-09-10T21:35:12Z,2024-09-10T22:18:06Z,2024-09-11T05:40:00Z,WB-000008,True,2024-09-10T13:54:00Z,1,2
62dce799-8b00-4bd3-9e9c-3323f971f1fc,SHP-000009,5aa77e2e-39ae-4e5f-b62e-19902b721350,c7d4f9ba-cf77-45c0-940b-86685d7b783f,100000003,100000000,100000002,235.0,234.18,10,2024-09-12T09:22:37Z,2024-09-14T03:28:26Z,2024-09-14T05:23:55Z,2024-09-14T10:44:00Z,WB-000009,True,2024-09-12T09:13:00Z,1,2
dceade62-2c9a-4eab-9892-71ab88008585,SHP-000010,2cf9b230-676f-4928-89aa-286dffd16bb4,17158cbe-342b-4225-9873-7a1d4d6d1f82,100000001,100000000,100000000,125.0,124.59,6,2024-09-19T11:25:31Z,2024-09-26T06:43:09Z,2024-09-26T08:21:00Z,2024-09-26T12:03:00Z,WB-000010,True,2024-09-19T09:14:00Z,1,2
91220764-ec94-4b48-9601-cefef880d484,SHP-000011,7c21feb4-7cd8-4833-b6f3-a9f29d80cd2f,512896b9-d1a8-470a-afba-959b5ff1e393,100000002,100000000,100000000,120.0,119.49,5,2024-10-23T10:41:07Z,2024-10-26T23:33:24Z,2024-10-27T01:20:15Z,2024-10-27T09:09:00Z,WB-000011,True,2024-10-23T11:12:00Z,1,2
c14f3ccf-065b-4843-8d6a-9f626aafcff6,SHP-000012,18e8edff-38e6-4127-a05f-6b13dd83fc2a,8b17251e-7f11-4d61-b24c-7474030aaf26,100000000,100000000,100000000,315.0,315.03,14,2024-10-10T14:01:59Z,2024-10-14T05:27:07Z,2024-10-14T06:32:20Z,2024-10-14T11:34:00Z,WB-000012,True,2024-10-10T10:49:00Z,1,2
d73cd67b-b131-440e-8d27-8b620bf35b6c,SHP-000013,16206c96-b857-45b4-812e-796cf47cde0f,44bb84b2-4a1e-4e91-933e-db88f9c2f1f5,100000003,100000000,100000000,60.0,59.97,3,2024-10-22T15:48:19Z,2024-10-28T03:59:24Z,2024-10-28T04:45:10Z,2024-10-28T10:24:00Z,WB-000013,True,2024-10-22T13:42:00Z,1,2
83c5289e-5f46-44f4-a9b2-8c9aeddabc7b,SHP-000014,3972955f-f318-48ac-b287-62cda517adae,380c10f6-39b8-4c77-aa25-15bbfe1da55b,100000002,100000000,100000001,40.0,39.87,2,2024-10-01T08:45:47Z,2024-10-01T22:00:04Z,2024-10-01T23:56:58Z,2024-10-02T05:08:00Z,WB-000014,True,2024-10-01T07:08:00Z,1,2
c027197c-1fe2-4625-b345-07d49c89be5d,SHP-000015,f3f54308-87d4-4e6d-93fe-da787e39a37c,eb105574-3b8e-4686-a9ec-f49c5224bc01,100000000,100000000,100000000,110.0,109.74,5,2024-10-07T13:49:23Z,2024-10-13T05:59:37Z,2024-10-13T06:48:11Z,2024-10-13T12:59:00Z,WB-000015,True,2024-10-07T11:40:00Z,1,2
7421d889-06e3-4d63-b4ec-dfdccffb82a2,SHP-000016,e9107c1f-86d2-4d72-80d3-df6e18001549,74799ed4-1a43-44bb-86b6-c38c5eca0ea3,100000000,100000000,100000001,20.0,19.99,1,2024-10-09T07:46:37Z,2024-10-13T05:47:21Z,2024-10-13T06:14:12Z,2024-10-13T10:11:00Z,WB-000016,True,2024-10-09T07:38:00Z,1,2
81024392-0c69-4f7d-b289-35f5b4bd6700,SHP-000017,a32f0b9a-fb12-45ff-a82c-428511f01e84,6342d18d-fd5c-4a5b-93c7-6f0835025f9c,100000003,100000001,100000002,255.0,255.84,11,2024-10-15T14:49:26Z,2024-10-16T05:59:24Z,2024-10-16T07:47:19Z,2024-10-16T12:50:00Z,WB-000017,True,2024-10-12T07:40:00Z,1,2
99fbe2fd-34fd-45e0-9158-2f10c13625e2,SHP-000018,e013f345-7670-45a5-8b9c-988a5bb24e92,9db51ce2-8797-4353-97d6-7d9288c55582,100000000,100000001,100000002,170.0,169.94,8,2024-10-28T04:44:01Z,2024-10-28T23:23:23Z,2024-10-29T00:37:06Z,2024-10-29T06:34:00Z,WB-000018,True,2024-10-24T09:51:00Z,1,2
48bfe771-8a4c-44b5-904a-603aafa0da73,SHP-000019,8844f32b-5b13-4988-8d15-ab18df40268c,fe8702cd-7a9b-4f90-a059-f07ac1d10053,100000001,100000001,100000001,175.0,174.41,8,2024-10-15T04:07:04Z,2024-10-16T22:43:03Z,2024-10-17T00:28:15Z,2024-10-17T07:09:00Z,WB-000019,True,2024-10-12T08:49:00Z,1,2
ce0d56e7-318a-42d4-adb1-d626ebcbcf8a,SHP-000020,27362677-4b13-4b6a-8ef0-5e0879c3de2a,6c32e888-f4bd-4373-9e04-aa492f166543,100000000,100000000,100000000,65.0,64.87,3,2024-10-13T05:58:15Z,2024-10-19T00:25:06Z,2024-10-19T01:00:26Z,2024-10-19T05:54:00Z,WB-000020,False,2024-10-13T05:39:00Z,1,2
395c6fcc-745b-4e87-b2a3-f4e2c277ab57,SHP-000021,17e0c203-6623-49bc-9aa6-99cad1b3f6b1,e06c5f09-f6c4-4c4a-9a81-7d76d0a2c065,100000003,100000000,100000001,25.0,24.96,2,2024-10-24T14:07:36Z,2024-10-26T04:35:38Z,2024-10-26T05:47:41Z,2024-10-26T11:59:00Z,WB-000021,True,2024-10-24T13:33:00Z,1,2
295f8e2a-efec-4ee7-bf56-3b81b70e2a13,SHP-000022,3e027b1f-e38d-4d98-b39b-fd7bc906f88b,2ff3cde4-6aa4-4c9f-9217-04753d959e3f,100000000,100000000,100000003,219.5,218.89,10,2024-10-30T13:20:51Z,2024-10-31T03:10:32Z,2024-10-31T04:37:24Z,2024-10-31T10:10:00Z,WB-000022,True,2024-10-30T12:53:00Z,1,2
fc3ff63f-ed4e-4df3-ba32-7b8e0ba1320b,SHP-000023,8654e1ba-d900-4b8f-98ea-677300b2c0cd,935d1c24-0246-4d11-97ab-d79712886be9,100000000,100000000,100000000,100.0,100.18,5,2024-12-03T12:44:50Z,2024-12-05T07:05:38Z,2024-12-05T08:23:54Z,2024-12-05T12:18:00Z,WB-000023,True,2024-12-03T09:01:00Z,1,2
1b11e0c1-49fd-4452-b996-10e72902784b,SHP-000024,e0a043ae-c0e2-4abf-aff2-7e2f520b81d7,9b6fbe20-4b3a-4a83-a286-16f4bbf9a04b,100000002,100000001,100000000,50.0,49.76,3,2024-11-24T04:25:49Z,2024-11-24T20:58:03Z,2024-11-24T22:19:01Z,2024-11-25T06:10:00Z,WB-000024,True,2024-11-21T13:39:00Z,1,2
d9d78aa2-7551-4a07-8743-44b48a800ac1,SHP-000025,5f9838db-6116-4281-aa53-916fc39f26ff,0290220b-9e7e-4520-b1ec-3c1c04947595,100000000,100000000,100000001,75.0,75.05,4,2024-11-24T11:24:50Z,2024-11-26T05:21:35Z,2024-11-26T07:05:57Z,2024-11-26T11:20:00Z,WB-000025,True,2024-11-24T11:15:00Z,1,2
bd9d0214-4252-4869-a1c7-fdd8e3cbd54f,SHP-000026,fde83a03-e55f-4c76-bc40-9354dcc202e5,5354f30f-409c-4120-a18a-ab8219e4d432,100000001,100000000,100000000,65.0,65.07,3,2024-11-07T14:45:45Z,2024-11-11T02:02:12Z,2024-11-11T02:30:12Z,2024-11-11T07:00:00Z,WB-000026,True,2024-11-07T12:11:00Z,1,2
90c1bd0e-5f79-4835-9293-726049f88679,SHP-000027,0f7aff6e-54b9-4b3b-8f6c-a162f0773f92,e716eb38-581f-43df-be71-bda810128b96,100000000,100000000,100000000,50.0,49.88,3,2024-10-24T09:50:31Z,2024-10-27T02:33:06Z,2024-10-27T04:19:51Z,2024-10-27T09:35:00Z,WB-000027,True,2024-10-24T08:30:00Z,1,2
8f6324cf-6453-4bbb-a8a5-0ac3ea971b7d,SHP-000028,f4f839d9-8581-416a-b4bc-ee91513d25a1,45044404-fb7a-4a14-bc87-b2c32c779434,100000001,100000000,100000000,70.0,70.06,3,2024-10-29T12:32:51Z,2024-11-03T06:20:08Z,2024-11-03T07:11:48Z,2024-11-03T11:06:00Z,WB-000028,True,2024-10-29T09:29:00Z,1,2
787b1fa2-590b-48d8-be8a-0aab653c870e,SHP-000029,0ae43bba-ec31-4978-93b4-d12154eef4d6,7d68fb16-11a0-406c-abe0-a95329f32051,100000001,100000001,100000000,80.0,79.76,4,2024-11-06T15:23:42Z,2024-11-09T05:48:10Z,2024-11-09T06:18:56Z,2024-11-09T11:23:00Z,WB-000029,True,2024-11-02T11:36:00Z,1,2
bbff6614-a122-4b08-bf42-311491698e82,SHP-000030,83382f03-cd47-48f9-9fb8-f6cf70988dac,51f4a724-9950-4858-88ca-c260b3f5a21c,100000003,100000001,100000000,170.0,170.48,8,2024-11-03T03:10:27Z,2024-11-03T20:44:57Z,2024-11-03T21:53:26Z,2024-11-04T04:55:00Z,WB-000030,True,2024-10-29T10:28:00Z,1,2
29101d28-f1b5-4aad-b87c-976aff1e7d6c,SHP-000031,6c73425a-496e-456d-b790-a3f0c878cc30,bcf2fc3b-d958-44c2-a053-8c1ba84510a1,100000001,100000000,100000001,185.0,185.03,8,2024-11-02T13:35:40Z,2024-11-05T12:58:29Z,2024-11-05T14:21:43Z,2024-11-06T10:49:00Z,WB-000031,True,2024-11-02T13:45:00Z,1,2
4beaa62b-d733-4dd6-b45e-d0bbd4a15bf1,SHP-000032,04e10a96-5ee2-40c4-b5e2-fdf8fa7ca745,c6a07656-c5c9-4b91-bf6e-f9ed7e4ce29f,100000003,100000000,100000000,95.0,95.04,4,2024-11-16T11:38:08Z,2024-11-20T04:51:24Z,2024-11-20T06:13:16Z,2024-11-20T12:40:00Z,WB-000032,True,2024-11-16T09:26:00Z,1,2
7f925416-3118-4c61-a73c-d78956429bf9,SHP-000033,b5f9a053-d574-4ebb-9a6b-f9baa28e0a22,e8b77f7b-7321-4f6b-8a80-76ece5582e16,100000003,100000000,100000000,140.0,140.57,6,2024-11-18T09:58:04Z,2024-11-24T04:39:57Z,2024-11-24T06:04:36Z,2024-11-24T09:30:00Z,WB-000033,True,2024-11-18T09:26:00Z,1,2
7d691a8d-2c9a-46fd-82a4-074233429c9f,SHP-000034,6f15656e-a194-4e27-a9a4-7ca4688807e1,16591c89-21eb-4aa9-9a2b-d69c450f69ee,100000003,100000000,100000000,70.0,69.95,3,2024-11-02T08:38:26Z,2024-11-07T03:39:47Z,2024-11-07T04:56:52Z,2024-11-07T08:20:00Z,WB-000034,True,2024-11-02T06:01:00Z,1,2
122f04f5-5593-4129-97dc-dbaee8d468e1,SHP-000035,2427b821-3623-46a2-94c0-7a4564b96ddb,2285b2ef-cfbe-4fe9-aea9-c542a1b970d0,100000000,100000000,100000000,85.0,85.33,4,2024-11-18T13:23:15Z,2024-11-20T06:23:58Z,2024-11-20T07:26:30Z,2024-11-20T12:00:00Z,WB-000035,True,2024-11-18T12:07:00Z,1,2
6f148eba-bf0c-4f22-bff3-9cc8a873f3ee,SHP-000036,5840eb72-3936-4f68-bf65-4c5477983209,e2c328aa-3310-4475-8a86-22250b36e356,100000000,100000001,100000000,60.0,59.9,3,2024-11-15T09:34:03Z,2024-11-17T03:14:33Z,2024-11-17T04:07:57Z,2024-11-17T09:41:00Z,WB-000036,True,2024-11-10T06:08:00Z,1,2
85ca4b2b-7b15-496f-84cb-85735b318804,SHP-000037,8dd8c95b-deef-4508-bd85-9f6f5bbc8128,7317591a-3283-4aa4-a212-ab7c9d361cb6,100000002,100000000,100000000,375.0,374.34,16,2024-11-25T14:23:45Z,2024-12-01T21:56:51Z,2024-12-01T23:36:50Z,2024-12-02T07:19:00Z,WB-000037,True,2024-11-25T13:28:00Z,1,2
297e0fcc-f375-4c7c-86a9-9e52ba07e44f,SHP-000038,0355363a-10ae-4021-b558-531a5e8c9510,ff4c96d6-71f2-4e8f-b69f-68c3e60fd420,100000000,100000000,100000001,95.0,94.7,4,2024-11-19T08:08:56Z,2024-11-20T01:34:00Z,2024-11-20T03:02:30Z,2024-11-20T10:30:00Z,WB-000038,True,2024-11-19T07:59:00Z,1,2
b823bae0-81b3-4f23-aff0-bdaf004108ce,SHP-000039,84fa406b-ce2b-423b-bfca-442ee3a057b4,89a3c811-895c-4fde-a3fa-40691519fd38,100000000,100000000,100000000,35.0,34.98,2,2024-11-07T08:59:19Z,2024-11-09T03:42:51Z,2024-11-09T04:48:05Z,2024-11-09T09:49:00Z,WB-000039,True,2024-11-07T07:38:00Z,1,2
92c88ab2-0e04-40fe-885a-34a36bb012bd,SHP-000040,7818382a-53df-410f-9da7-a4e58b62c2e9,d5f0fb6a-4596-4a75-b4df-b83ff659f188,100000001,100000000,100000000,264.5,264.26,12,2025-04-17T05:59:52Z,2025-04-22T23:56:36Z,2025-04-23T00:44:47Z,2025-04-23T05:29:00Z,WB-000040,True,2025-04-17T05:48:00Z,1,2
181e29e1-387f-4c15-b038-370cbbafd178,SHP-000041,8da411b6-894c-4c78-ad9e-3fc464114680,d02c75f9-198d-43a4-8cd2-0e4376dae194,100000002,100000000,100000001,65.0,64.52,3,2024-11-26T05:53:19Z,2024-11-27T08:07:55Z,2024-11-27T09:27:41Z,2024-11-27T13:17:00Z,WB-000041,True,2024-11-26T06:24:00Z,1,2
3dec9c04-1412-4ce6-91b1-a7f981b89537,SHP-000042,307e1c89-c659-45b8-883f-55e353af2d8b,502cf0ee-224a-46a6-ac0f-680115b24e1d,100000003,100000000,100000003,25.0,25.03,2,2024-12-10T12:14:57Z,2024-12-10T22:30:36Z,2024-12-10T23:07:16Z,2024-12-11T06:03:00Z,WB-000042,True,2024-12-10T10:34:00Z,1,2
75ec07eb-70ab-498e-9708-214889dbb759,SHP-000043,580ee961-c2ee-4280-90f1-6f10cb36df00,17e52113-4626-43be-a068-8849eec71a30,100000000,100000000,100000001,280.0,280.7,12,2024-11-14T10:02:02Z,2024-11-15T21:34:21Z,2024-11-15T22:44:06Z,2024-11-16T10:24:00Z,WB-000043,True,2024-11-14T09:26:00Z,1,2
542c4f67-3db0-49d5-ae58-3edc61b7fe7c,SHP-000044,16c9e74c-dac8-4de7-9d6b-fb759ba695e3,3ee82983-d557-4241-91dd-b9bf613d2de9,100000000,100000000,100000001,40.0,39.96,2,2024-11-14T13:28:58Z,2024-11-18T04:42:40Z,2024-11-18T05:18:36Z,2024-11-18T10:11:00Z,WB-000044,True,2024-11-14T10:58:00Z,1,2
45c4e86a-e9f5-46b9-83ba-f9df41e19c21,SHP-000045,1fe82970-5264-479d-8444-9da1094e271a,7a5d7c82-86c5-447c-851a-00393803dcee,100000000,100000000,100000002,100.0,100.31,5,2024-11-28T09:17:45Z,2024-12-03T04:18:51Z,2024-12-03T05:01:36Z,2024-12-03T09:28:00Z,WB-000045,True,2024-11-28T08:37:00Z,1,2
281fc46c-5df5-4388-9b9d-a3c41088356c,SHP-000046,c737c4fa-a38b-4284-afe1-da1a7823d81f,6b0ae0e3-9d89-4047-9d39-d7936257a4a2,100000000,100000000,100000000,90.0,90.21,4,2024-11-16T13:25:57Z,2024-11-19T06:09:41Z,2024-11-19T06:45:34Z,2024-11-19T11:01:00Z,WB-000046,True,2024-11-16T10:18:00Z,1,2
b45e9132-08c9-4c1f-a6cb-2ca890c5d0fb,SHP-000047,e7f1b740-657d-4528-82b1-df91850bdd6e,965d744f-0445-41a8-92af-97e4c536c66e,100000000,100000000,100000000,130.0,130.62,6,2024-11-16T17:05:57Z,2024-11-20T21:42:30Z,2024-11-20T22:15:20Z,2024-11-21T06:24:00Z,WB-000047,True,2024-11-16T13:39:00Z,1,2
3746bfe4-848f-4784-9fc5-8c6041873d48,SHP-000048,f1982a1e-a734-468d-b692-e469a45c2576,73253aa3-ec17-4298-943d-f5b3a58e83dd,100000005,100000001,100000002,69.5,69.59,3,2024-11-23T00:12:25Z,2024-11-25T04:04:28Z,2024-11-25T05:19:25Z,2024-11-25T10:08:00Z,WB-000048,True,2024-11-19T09:32:00Z,1,2
abe8a14b-e893-4732-9035-2a082ce8584f,SHP-000049,24c75676-169d-46c3-89d6-29006ee7518a,73b0d676-3527-45c8-8534-ca08f6f24d1c,100000002,100000000,100000000,70.0,70.32,3,2024-11-18T11:49:15Z,2024-11-20T03:23:32Z,2024-11-20T05:01:43Z,2024-11-20T09:52:00Z,WB-000049,True,2024-11-18T11:18:00Z,1,2
ffb8f31f-9dd5-4f27-8b79-f8a3ac289073,SHP-000050,8e55a9db-8e04-4430-a205-b500e567e354,9c3de1b0-022b-4683-9033-da6587cf63fd,100000004,100000000,100000000,100.0,99.84,5,2024-11-11T15:30:41Z,2024-11-17T00:14:33Z,2024-11-17T01:12:06Z,2024-11-17T05:23:00Z,WB-000050,True,2024-11-11T12:21:00Z,1,2
ad92e256-4c8a-424c-a992-3c034aa16f28,SHP-000051,d16c0a67-a5fd-499b-833b-4d4316b6556f,f3f48d53-1120-41b7-9b23-91f0f620e4c0,100000002,100000001,100000001,210.0,208.62,9,2024-11-03T13:54:52Z,2024-11-04T07:54:04Z,2024-11-04T08:57:48Z,2024-11-04T12:37:00Z,WB-000051,True,2024-10-31T05:48:00Z,1,2
dc6a6656-a615-429a-9659-ad704ae6959b,SHP-000052,675bb586-f70e-4b43-a66e-a696322f04e6,8fddbebc-f7ff-48d4-b509-f08a2c988bca,100000000,100000000,100000000,40.0,40.14,2,2024-11-11T08:41:07Z,2024-11-17T02:47:15Z,2024-11-17T04:19:31Z,2024-11-17T11:11:00Z,WB-000052,True,2024-11-11T05:57:00Z,1,2
c11f453e-a32a-4558-8df3-1ed13b5caf61,SHP-000053,86c6855b-a041-4f85-966c-c616b14d63b3,af70de70-2b69-495e-8567-1b58926bffa5,100000003,100000000,100000000,90.0,90.22,4,2024-11-18T12:26:46Z,2024-11-25T04:32:08Z,2024-11-25T05:47:23Z,2024-11-25T12:32:00Z,WB-000053,True,2024-11-18T09:23:00Z,1,2
7c044be5-9842-4281-9138-dce545bc4bf2,SHP-000054,0e6a1812-9c4f-4a37-932d-02319c5659d1,bcaff931-ead1-4464-8a8e-858cd0f81063,100000001,100000000,100000000,75.0,74.68,4,2024-11-25T08:58:13Z,2024-12-02T04:27:30Z,2024-12-02T05:45:09Z,2024-12-02T10:14:00Z,WB-000054,True,2024-11-25T08:55:00Z,1,2
5fd0b05f-4bdc-4ce5-b7ac-523de2617749,SHP-000055,eb8e8311-1ce6-4dbb-92f0-633fe31c06da,8c52d271-0a16-4e18-a90e-3e894b9c22f4,100000000,100000001,100000000,325.0,324.65,14,2024-11-27T05:56:37Z,2024-11-29T20:35:57Z,2024-11-29T21:29:32Z,2024-11-30T11:57:00Z,WB-000055,True,2024-11-23T06:06:00Z,1,2
1cb674a7-72e6-42f5-bf6f-0c95a7683e73,SHP-000056,ed4f23ec-70a6-4d66-9737-21715b932740,ef2ddcc4-8df6-41da-9f07-c1a5dfc620ce,100000004,100000000,100000000,80.0,80.26,4,2024-11-11T11:23:10Z,2024-11-16T02:54:18Z,2024-11-16T03:45:09Z,2024-11-16T08:32:00Z,WB-000056,True,2024-11-11T10:30:00Z,1,2
ee1dd094-4561-4fb5-b851-742596592d04,SHP-000057,b89cd9fd-ded0-4368-b1f0-ef7f1373ec3a,453b45fe-636c-4499-9254-aad3809cd839,100000003,100000000,100000000,249.5,249.56,11,2024-11-16T09:01:01Z,2024-11-20T04:14:33Z,2024-11-20T05:22:24Z,2024-11-20T12:31:00Z,WB-000057,True,2024-11-16T09:34:00Z,1,2
1f28e558-ceed-4da8-b852-4d7566860058,SHP-000058,5f7a51ba-7f33-4ead-a808-9c29e55ed31a,73e7f042-516c-4b0a-9385-3918bc4015fa,100000001,100000000,100000002,55.0,55.0,3,2024-11-24T09:56:20Z,2024-11-26T01:28:00Z,2024-11-26T02:43:19Z,2024-11-26T08:41:00Z,WB-000058,True,2024-11-24T08:34:00Z,1,2
67868489-ad2e-4165-bd26-a93a532fd736,SHP-000059,240a2db9-c6ac-4fa0-94b4-f289317bfb2d,00fa0eb4-5c5f-48d4-8df4-07b82751ab86,100000001,100000000,100000000,140.0,140.46,6,2024-11-09T08:24:06Z,2024-11-15T23:37:31Z,2024-11-16T00:56:38Z,2024-11-16T06:04:00Z,WB-000059,True,2024-11-09T08:22:00Z,1,2
e108fe4c-307c-4e25-8844-16b7b77720a4,SHP-000060,71e7f679-4cf2-4c15-b0fa-4d187c3772a1,614c721d-a921-4b4c-95fb-e976ae007b7e,100000000,100000001,100000000,830.0,831.25,35,2024-12-06T20:07:48Z,2024-12-07T23:00:26Z,2024-12-07T23:24:45Z,2024-12-08T04:45:00Z,WB-000060,True,2024-12-04T11:37:00Z,1,2
f9bf8cdf-8bf1-4200-97d7-3e46ab3f6f2f,SHP-000061,db88d6ff-6799-46f8-b8a2-8fa08801646e,6afa828c-2cd1-4b9f-abe5-841fe9c96c52,100000002,100000000,100000001,25.0,24.86,2,2024-11-20T14:20:08Z,2024-11-22T20:08:12Z,2024-11-22T21:42:10Z,2024-11-23T04:49:00Z,WB-000061,True,2024-11-20T13:51:00Z,1,2
7e1f2102-976a-4d76-8cf5-f0c0debd3f04,SHP-000062,1b657a6b-0978-4000-b68e-974d6a2f3280,485f7888-1e23-4a4b-9e21-741fb8011026,100000000,100000000,100000000,55.0,54.99,3,2024-11-10T10:29:37Z,2024-11-15T23:03:33Z,2024-11-15T23:57:45Z,2024-11-16T04:38:00Z,WB-000062,True,2024-11-10T08:25:00Z,1,2
1f56a6a0-4267-43cf-9e0f-9be75be71df0,SHP-000063,c4b3486f-c68a-4cec-ac52-8ec320aad273,7ec59e55-1b98-467e-8cc8-8dc68127a367,100000000,100000000,100000000,100.0,100.36,5,2024-11-26T13:16:22Z,2024-11-30T23:10:04Z,2024-11-30T23:36:48Z,2024-12-01T05:05:00Z,WB-000063,False,2024-11-26T11:48:00Z,1,2
b41ebadb-6ac6-4868-93cc-2fffa04fb494,SHP-000064,8ab2e4dc-0ae2-4162-aab4-1975bff2e281,0a3169f7-29a9-4bf0-9a82-95a04b1b9280,100000001,100000000,100000000,65.0,64.98,3,2024-11-27T15:41:41Z,2024-12-01T06:08:48Z,2024-12-01T07:56:48Z,2024-12-01T10:58:00Z,WB-000064,True,2024-11-27T13:35:00Z,1,2
d26e7da2-b5de-4035-a2c0-73d3faa392cb,SHP-000065,1980de61-b893-46e5-9d25-386f90b4e432,bd2d09f7-0ca2-4bc7-b31d-3a4143eb3c09,100000002,100000000,100000000,145.0,145.29,7,2024-11-18T09:11:57Z,2024-11-23T01:12:23Z,2024-11-23T02:17:27Z,2024-11-23T08:23:00Z,WB-000065,True,2024-11-18T06:11:00Z,1,2
650c75b9-4148-426b-ab0f-07da7950a8b2,SHP-000066,3644faf7-b089-4bfb-b26a-2ccf1938180b,24eeb4a6-c145-45c7-9d98-6115f05eeefe,100000001,100000001,100000001,130.0,130.09,6,2024-12-05T17:15:13Z,2024-12-06T21:47:14Z,2024-12-06T23:44:38Z,2024-12-07T06:03:00Z,WB-000066,True,2024-12-03T10:24:00Z,1,2
2bbb74bd-f549-487b-a4c6-b747e969fe78,SHP-000067,b9fffe81-dd49-4b10-8efe-9e88a2e07952,d5e82907-d66c-4553-92dc-4248f169e2ce,100000000,100000000,100000002,25.0,25.09,2,2024-12-14T11:16:03Z,2024-12-20T18:39:47Z,2024-12-20T20:34:31Z,2024-12-21T07:28:00Z,WB-000067,True,2024-12-14T08:23:00Z,1,2
fd69501c-5660-4705-9dcb-99a1b919693f,SHP-000068,e7b5e004-eb94-48da-b4b9-37475ae7039d,1ab88733-80e1-4c41-8a9a-727fb2a12a55,100000000,100000000,100000000,10.0,10.01,1,2024-12-07T09:39:55Z,2024-12-08T23:11:25Z,2024-12-09T00:57:56Z,2024-12-09T06:41:00Z,WB-000068,True,2024-12-07T08:21:00Z,1,2
cac1b602-1d1c-492c-83f0-88376f427b9f,SHP-000069,e0ba46f3-feb7-4b5e-b5bc-a0caf919db88,afe05f6d-66ab-44ad-a4c1-b6ef25896340,100000000,100000000,100000001,30.0,29.95,2,2024-12-31T13:09:31Z,2025-01-02T05:43:15Z,2025-01-02T06:27:04Z,2025-01-02T12:45:00Z,WB-000069,True,2024-12-31T10:12:00Z,1,2
d2f16bec-2e19-4082-a290-82e15fc27c57,SHP-000070,67fafcda-6921-4be0-a7e7-c28d5954369a,3c847821-4f10-4422-9fc2-2517e593562b,100000001,100000000,100000000,45.0,44.98,2,2024-12-16T13:52:04Z,2024-12-22T00:20:02Z,2024-12-22T01:02:16Z,2024-12-22T08:51:00Z,WB-000070,True,2024-12-16T11:00:00Z,1,2
12c49c90-02b5-4033-93c8-67965a760963,SHP-000071,76af5875-d668-4668-9c72-2c55d80c6d2a,5a4edcb7-ad37-4eb6-84e0-6472e1c60b7b,100000000,100000000,100000000,5.0,5.0,1,2024-12-24T13:23:20Z,2024-12-28T01:27:56Z,2024-12-28T03:26:36Z,2024-12-28T09:15:00Z,WB-000071,False,2024-12-24T10:57:00Z,1,2
28d91929-e0f8-4355-92ca-8d3e7851caa7,SHP-000072,00282c85-be95-4daf-83b7-1074fdc05d54,5503b3e2-adc3-4d66-99aa-5d3fe9912230,100000002,100000000,100000000,10.0,10.0,1,2025-01-11T08:14:05Z,2025-01-13T03:05:27Z,2025-01-13T04:27:12Z,2025-01-13T09:33:00Z,WB-000072,True,2025-01-11T05:03:00Z,1,2
8dc631af-7e4d-43bc-9be7-a63aafbd33ed,SHP-000073,11c8deeb-e0e1-4ce6-9bb8-fd430bf387a2,bca61571-8e26-4057-bf11-97271b2bae11,100000001,100000000,100000002,50.0,50.1,3,2025-01-15T10:13:48Z,2025-01-22T02:25:38Z,2025-01-22T03:30:13Z,2025-01-22T07:35:00Z,WB-000073,True,2025-01-15T09:50:00Z,1,2
cf147254-1b2d-40dc-b97a-30054d9d9592,SHP-000074,603a8090-df89-4abd-8ed3-fa89bdd1018b,72652f1e-47b0-41ec-8a32-7480ba9583c5,100000002,100000000,100000000,85.0,84.35,4,2024-12-25T08:56:53Z,2024-12-28T02:12:54Z,2024-12-28T02:46:27Z,2024-12-28T08:27:00Z,WB-000074,False,2024-12-25T06:50:00Z,1,2
c38a0333-168d-4148-952b-92f6ca6916bc,SHP-000075,aa22012f-9174-4b8a-b0c0-cf38fc16a8ce,7388b94e-fcde-4b81-bf9b-cd4addf82d38,100000001,100000000,100000000,40.0,39.96,2,2025-01-20T16:45:07Z,2025-01-23T06:26:52Z,2025-01-23T07:16:10Z,2025-01-23T12:55:00Z,WB-000075,True,2025-01-20T13:53:00Z,1,2
36f4332e-0565-467f-8a6e-4b6ff7b231a6,SHP-000076,8d395898-3f04-43c1-996f-eddb6bc6e8c0,9b4e4fb0-8008-4255-8392-2b0f9d64f431,100000001,100000000,100000000,10.0,9.99,1,2024-12-25T11:01:16Z,2024-12-27T23:05:20Z,2024-12-28T00:58:44Z,2024-12-28T07:56:00Z,WB-000076,True,2024-12-25T11:01:00Z,1,2
e5cd1097-7db8-427c-84c2-5f40affd776e,SHP-000077,ca0b6af7-572d-4d61-aaa1-5b6a0216cd40,e6e987ca-b87b-4384-9fdd-de2ea8a2b7ad,100000001,100000000,100000000,85.0,85.42,4,2025-01-08T11:45:02Z,2025-01-14T07:01:30Z,2025-01-14T08:00:21Z,2025-01-14T12:35:00Z,WB-000077,True,2025-01-08T08:41:00Z,1,2
fd9e9ead-d0ae-4da5-a8a0-806330dd1fe1,SHP-000078,d169dc5f-3ae4-42a4-8f4c-86882d59cdbe,ef95d35a-d7e3-4b19-ad02-af6c55cc57fe,100000005,100000000,100000000,415.0,414.82,18,2025-02-01T15:52:32Z,2025-02-08T01:06:07Z,2025-02-08T01:40:07Z,2025-02-08T07:46:00Z,WB-000078,True,2025-02-01T12:47:00Z,1,2
fb599d39-6896-4f81-8010-be14fda6f115,SHP-000079,8d7d8726-28ad-478d-8c28-0a8fb25d9eb0,a2a5ef39-c163-4f1b-9f32-f343a562f0a0,100000003,100000000,100000000,45.0,45.15,2,2025-01-27T14:00:00Z,2025-01-28T21:52:01Z,2025-01-28T23:28:30Z,2025-01-29T05:06:00Z,WB-000079,True,2025-01-27T11:59:00Z,1,2
18b7478b-c31c-4be6-8b9e-1f5c8e3d545e,SHP-000080,1d816760-bb10-438d-84aa-3398975a7a37,3c1a8ce2-95ec-4c2c-8798-3bc0579744ba,100000001,100000000,100000000,110.0,110.05,5,2025-01-18T12:10:57Z,2025-01-24T16:48:53Z,2025-01-24T17:47:04Z,2025-01-25T07:06:00Z,WB-000080,True,2025-01-18T10:53:00Z,1,2
0a61179e-0302-4665-99be-13f9e166ad89,SHP-000081,00344c1d-5134-4aea-9a0f-08b3d3861047,313d5bd8-b2d9-4bef-ab67-87c270775ba2,100000000,100000000,100000000,25.0,25.05,2,2025-01-29T08:08:37Z,2025-02-04T00:02:43Z,2025-02-04T01:09:48Z,2025-02-04T05:55:00Z,WB-000081,True,2025-01-29T06:12:00Z,1,2
e3449cc9-35e4-476b-b860-0b8d95eb425b,SHP-000082,04929028-71f6-4ec1-a711-5a553bca4dbf,ee93a4d0-cd24-420c-8d34-6977d41bd8bf,100000004,100000000,100000001,39.5,39.44,2,2025-02-03T11:06:48Z,2025-02-09T01:47:46Z,2025-02-09T02:56:35Z,2025-02-09T11:01:00Z,WB-000082,True,2025-02-03T08:58:00Z,1,2
77a7df28-cc2d-406f-9dcd-d3b9e65574a1,SHP-000083,8e5e8130-4bc0-4b5b-9301-6ab9e1cc8b5b,46457263-d8ef-4511-abd6-b7c00a440d7f,100000000,100000000,100000002,10.0,10.01,1,2025-01-26T08:03:22Z,2025-01-31T22:04:13Z,2025-01-31T23:49:15Z,2025-02-01T05:31:00Z,WB-000083,True,2025-01-26T08:01:00Z,1,2
fc19cff3-d20a-4122-b4b4-be04aaf74d72,SHP-000084,a5531f42-ef5d-45d9-9d58-d0bb976ecaec,f9da4f55-bef9-4394-928f-af652f068e12,100000005,100000000,100000000,50.0,50.02,3,2025-01-29T11:00:02Z,2025-02-01T04:16:37Z,2025-02-01T04:51:04Z,2025-02-01T08:02:00Z,WB-000084,True,2025-01-29T10:56:00Z,1,2
5bc5d1d3-f09e-4267-bea6-3823c26d22c9,SHP-000085,45db82fc-3f7e-4e2d-a35a-7f2f682209c1,da948cdf-6637-4dc7-91f4-48bb28802cff,100000002,100000001,100000002,90.0,90.26,4,2025-02-01T10:53:32Z,2025-02-02T03:55:54Z,2025-02-02T04:52:42Z,2025-02-02T09:36:00Z,WB-000085,True,2025-01-29T09:42:00Z,1,2
d5a3e094-694a-4538-8b10-577f343f4b5e,SHP-000086,a95f9395-caff-4791-92ea-b2bd5182fc6a,4087be6a-4514-4416-ac44-821eaf051764,100000000,100000000,100000000,40.0,40.2,2,2025-02-08T13:22:40Z,2025-02-12T03:32:42Z,2025-02-12T05:08:25Z,2025-02-12T10:23:00Z,WB-000086,True,2025-02-08T12:43:00Z,1,2
e7bc4338-8e66-46cb-8bb5-eff6e76274ff,SHP-000087,91cfccef-2c21-4528-8c87-30e10bfaf3a5,89eb56c1-7f42-4889-8ca1-7f756b2d470a,100000000,100000000,100000002,40.0,40.16,2,2025-01-29T13:14:26Z,2025-01-31T23:08:55Z,2025-02-01T00:59:44Z,2025-02-01T06:22:00Z,WB-000087,True,2025-01-29T11:46:00Z,1,2
9189d959-7b6e-474d-bffb-773f273bc8ab,SHP-000088,7c8cf76b-e7a1-43ee-b117-88ef84d0b556,2233212a-f526-4ea2-b953-3cb78ef1a114,100000003,100000000,100000000,90.0,90.11,4,2025-02-02T12:13:04Z,2025-02-06T04:05:15Z,2025-02-06T05:27:12Z,2025-02-06T09:22:00Z,WB-000088,True,2025-02-02T10:08:00Z,1,2
9190422d-447d-4f63-abcb-719d58de51c6,SHP-000089,22013a2f-a832-45b1-831e-5ca628eef579,dff4cc91-3164-4c14-b1a0-051f0acae683,100000000,100000001,100000000,275.0,275.42,12,2025-02-14T17:15:17Z,2025-02-15T19:59:00Z,2025-02-15T21:42:43Z,2025-02-16T05:06:00Z,WB-000089,True,2025-02-09T13:47:00Z,1,2
c0a31107-faeb-4f8d-b66d-c14ae45994b2,SHP-000090,e8656f06-324f-4928-a920-246e6a2c8a90,2207cb65-b197-4ed1-857a-e3fff8ed08ae,100000000,100000000,100000001,235.0,235.33,10,2025-02-19T09:23:40Z,2025-02-20T03:40:06Z,2025-02-20T05:11:06Z,2025-02-20T10:54:00Z,WB-000090,True,2025-02-19T07:10:00Z,1,2
a9c8815e-7fe9-4714-a235-2be82e2f7255,SHP-000091,e34b2dab-5590-4abf-92ab-7f212cdf8f26,cf52d3bb-f777-4d24-b1e3-25066e3f4391,100000002,100000000,100000000,110.0,109.81,5,2025-02-12T12:26:44Z,2025-02-14T22:20:05Z,2025-02-14T23:46:58Z,2025-02-15T04:48:00Z,WB-000091,True,2025-02-12T08:51:00Z,1,2
890d84a7-6f58-47a5-b60c-2e7320e60632,SHP-000092,5d8a61fa-c1d0-45d4-b06a-9b4576467626,8378ede6-85ae-4def-ba5a-46ff5d4b7012,100000002,100000000,100000000,35.0,34.89,2,2025-02-26T10:37:00Z,2025-03-04T21:00:08Z,2025-03-04T22:31:47Z,2025-03-05T07:38:00Z,WB-000092,True,2025-02-26T09:28:00Z,1,2
2f2ec1e8-c855-4900-872e-2d1b0858a237,SHP-000093,b1edd3e6-6d56-44ab-9806-79127d5fc92a,e58d67fe-7fcf-4fd6-b337-ac967f2cd3dc,100000000,100000000,100000001,85.0,85.13,4,2025-02-15T08:59:30Z,2025-02-17T06:59:16Z,2025-02-17T07:47:59Z,2025-02-17T11:28:00Z,WB-000093,True,2025-02-15T06:04:00Z,1,2
56e6a222-1b5e-4827-86af-a90c9c865751,SHP-000094,487fa3e2-c4cb-45b3-8899-8ac2f7d4510b,eea00af9-6283-450f-9fdd-c20aebee30cf,100000004,100000000,100000000,45.0,45.17,2,2025-03-03T08:15:53Z,2025-03-08T02:18:10Z,2025-03-08T03:39:02Z,2025-03-08T09:22:00Z,WB-000094,True,2025-03-03T06:10:00Z,1,2
5cf7445e-9d29-452c-bc9f-959ab4ce1e5c,SHP-000095,f3bbd68b-d6f2-4e3c-a5d3-1f40db56a0f7,1fda98c9-40a6-4de4-9271-e2959b21c065,100000001,100000000,100000001,290.0,290.22,13,2025-02-25T13:52:15Z,2025-03-01T05:52:03Z,2025-03-01T07:16:13Z,2025-03-01T10:39:00Z,WB-000095,True,2025-02-25T10:55:00Z,1,2
77118d79-93c9-431a-9396-f57cc1dfe673,SHP-000096,cc2be061-2eeb-4167-ac25-9b7f7cbe134d,c1cb8d69-8fa7-4dec-a5a6-1a06a8422325,100000000,100000000,100000003,55.0,55.18,3,2025-02-19T16:07:15Z,2025-02-19T22:06:31Z,2025-02-19T23:25:15Z,2025-02-20T04:31:00Z,WB-000096,True,2025-02-19T12:57:00Z,1,2
7029d3d2-83de-4f19-ace4-5de9cc37eee0,SHP-000097,f571f2d3-2f45-4a76-83ea-0a5ee2d9fa59,f27efe6c-0564-4530-8e6c-3463f6ea1983,100000004,100000000,100000002,90.0,89.87,4,2025-03-01T07:16:32Z,2025-03-03T00:54:34Z,2025-03-03T01:43:50Z,2025-03-03T06:52:00Z,WB-000097,True,2025-03-01T06:14:00Z,1,2
7d299cca-7e2d-4797-a4ac-1fc336d67735,SHP-000098,b9576096-f67d-496d-9e05-cfc62b79da36,c3f67602-0879-4480-87ab-777056724b4c,100000000,100000000,100000002,70.0,70.15,3,2025-03-02T17:08:39Z,2025-03-05T04:10:36Z,2025-03-05T05:01:17Z,2025-03-05T09:00:00Z,WB-000098,True,2025-03-02T13:50:00Z,1,2
ab13be30-1699-41ec-b3a7-bf18d398a314,SHP-000099,08b0a7dd-66cb-46bd-b68f-180a53f8f29c,61652fd3-41dd-4edf-acfa-a174ba059e68,100000000,100000000,100000002,35.0,35.04,2,2025-02-24T06:44:57Z,2025-02-27T05:07:37Z,2025-02-27T06:21:56Z,2025-02-27T11:58:00Z,WB-000099,True,2025-02-24T06:18:00Z,1,2
fa91ef2a-7d6c-4004-994b-36b0e44f3664,SHP-000100,33738b87-65a4-4813-939c-457043444bee,8b609d1e-6c72-4cf8-a11d-b3501169d505,100000001,100000000,100000000,110.0,111.02,5,2025-03-06T11:17:22Z,2025-03-08T04:01:11Z,2025-03-08T05:03:18Z,2025-03-08T09:13:00Z,WB-000100,True,2025-03-06T09:12:00Z,1,2
2871c52d-004b-4646-a176-57ca5ca06e17,SHP-000101,c4d4c863-b2a6-40a8-aa86-86b972ce353e,497de16d-d4ea-420a-9e65-96540e9058b6,100000002,100000000,100000003,100.0,100.36,5,2025-03-18T11:52:30Z,2025-03-18T22:59:34Z,2025-03-18T23:50:49Z,2025-03-19T07:46:00Z,WB-000101,True,2025-03-18T11:40:00Z,1,2
2ea1ef3a-b805-4fb3-9061-36b99d9ee00b,SHP-000102,00e68083-587e-44be-a9fb-1ff4c7356ba3,ed28e55c-4cf6-4115-ad42-b7e2bf63b3d7,100000000,100000000,100000000,130.0,129.92,6,2025-03-08T13:25:16Z,2025-03-15T00:10:52Z,2025-03-15T00:51:46Z,2025-03-15T07:19:00Z,WB-000102,True,2025-03-08T13:28:00Z,1,2
4ad17984-ebd7-4c14-8f25-b05e5ce627c7,SHP-000103,124e508d-4966-4fc4-bd72-3799d6474f5c,79150e99-8ed3-4834-bd72-1fc205e0c019,100000004,100000000,100000000,290.0,290.29,13,2025-02-26T14:49:26Z,2025-03-01T03:24:59Z,2025-03-01T04:14:26Z,2025-03-01T08:57:00Z,WB-000103,True,2025-02-26T11:48:00Z,1,2
a867a09e-883f-4550-9c5d-c600477b198e,SHP-000104,99a8e218-a85f-4b39-90fe-889224236328,293572d3-fb63-43cb-8c35-bf2dec4fa141,100000001,100000000,100000000,160.0,161.25,7,2025-03-09T10:29:29Z,2025-03-16T04:46:19Z,2025-03-16T06:36:31Z,2025-03-16T11:44:00Z,WB-000104,True,2025-03-09T10:55:00Z,1,2
09368df4-08d3-4a82-af7a-34e8ae7fa2c3,SHP-000105,68417a4e-494b-4981-88ad-140801936d10,aee8eca4-d95f-4dd3-9cb9-54c890b312ca,100000005,100000000,100000000,40.0,40.09,2,2025-02-27T05:50:27Z,2025-03-01T21:15:08Z,2025-03-01T22:14:20Z,2025-03-02T06:07:00Z,WB-000105,True,2025-02-27T05:19:00Z,1,2
4b719ae7-f7a7-4ade-b75b-30263280ea27,SHP-000106,a8e372d6-e2e7-4aa3-aabb-0de993666707,9a437632-7231-4218-933e-721871c8fb57,100000001,100000001,100000002,285.0,285.92,12,2025-03-11T11:54:28Z,2025-03-12T04:16:58Z,2025-03-12T05:23:30Z,2025-03-12T09:53:00Z,WB-000106,True,2025-03-08T09:10:00Z,1,2
cca80463-dd95-43c2-9618-7890a6641a81,SHP-000107,f366bc5e-e537-4fd0-a30f-7d44bd78da81,504bd946-93c9-4ed3-b937-3c139a706219,100000000,100000000,100000000,215.0,215.12,9,2025-03-01T13:35:05Z,2025-03-08T01:17:52Z,2025-03-08T03:02:44Z,2025-03-08T10:07:00Z,WB-000107,True,2025-03-01T12:06:00Z,1,2
ca543d9c-af3d-49d3-93e5-607e8032fb01,SHP-000108,5d12ca2f-092d-4d23-b7c2-be053764a51b,063c91f9-4eb5-4e55-bc16-470d2e112dcc,100000000,100000001,100000002,445.0,446.78,19,2025-03-09T02:35:41Z,2025-03-10T01:05:49Z,2025-03-10T02:34:55Z,2025-03-10T08:30:00Z,WB-000108,True,2025-03-04T06:30:00Z,1,2
d30c0d48-3079-4148-b072-fd65cf06d777,SHP-000109,743be35f-2492-422f-8260-1b455b254ba7,b8fcc7fd-f729-4f09-868a-00a99a2f99a7,100000001,100000000,100000000,25.0,25.0,2,2025-04-09T15:02:29Z,2025-04-12T05:23:54Z,2025-04-12T06:07:06Z,2025-04-12T12:21:00Z,WB-000109,True,2025-04-09T13:59:00Z,1,2
6da9f66a-5ad3-4dda-83e2-e0e69ef7952f,SHP-000110,207b7acf-dd39-4b8d-a336-54254fdcdd46,7ee385c2-274f-4207-a8b1-ca19b6b581af,100000003,100000000,100000001,55.0,54.81,3,2025-03-06T09:09:45Z,2025-03-08T01:03:54Z,2025-03-08T01:46:19Z,2025-03-08T07:41:00Z,WB-000110,True,2025-03-06T08:48:00Z,1,2
0c50cfc7-7c55-41f2-9d1e-7ae75bd173f1,SHP-000111,6adebef5-7b40-4189-bc27-f285c4abff60,aa99c64c-8950-4eb1-9595-bdbf33f0831a,100000000,100000000,100000002,40.0,40.02,2,2025-03-04T16:15:19Z,2025-03-05T00:18:30Z,2025-03-05T02:06:27Z,2025-03-05T10:14:00Z,WB-000111,True,2025-03-04T13:25:00Z,1,2
0f4d29a8-87de-491a-a3c5-d45f9e5d559a,SHP-000112,d9d319a1-f088-4723-88d7-78027eb410ff,1842b7ee-bfdb-4ed8-ac4b-1f95d4f3df52,100000000,100000001,100000002,25.0,24.97,2,2025-04-17T18:34:46Z,2025-04-18T22:39:23Z,2025-04-19T00:10:22Z,2025-04-19T05:20:00Z,WB-000112,True,2025-04-12T13:27:00Z,1,2
cd742175-e25a-49be-977d-9909445bbbeb,SHP-000113,1f77e93a-f059-4038-a38a-bca559d33f50,2c785b5d-a50f-4e4c-82b6-9b8b6d26c41d,100000002,100000000,100000000,15.0,15.02,1,2025-03-15T14:41:43Z,2025-03-19T02:59:12Z,2025-03-19T04:50:12Z,2025-03-19T10:18:00Z,WB-000113,True,2025-03-15T13:21:00Z,1,2
91e7eb8c-6f1e-43ca-95f8-cca90e5202d1,SHP-000114,4502cff1-ff5e-43e5-988a-7be0ff4fef13,8d35e4a3-fac0-475a-8c84-a54dd3bbe9cf,100000001,100000001,100000000,40.0,40.13,2,2025-03-22T09:27:33Z,2025-03-23T22:01:37Z,2025-03-23T23:09:55Z,2025-03-24T05:02:00Z,WB-000114,True,2025-03-17T11:26:00Z,1,2
41ca6af7-95a1-45aa-b04f-d6ba6b74d418,SHP-000115,b1d9deb7-8ac0-4308-bac9-222493b66c15,fa75b5fc-7921-40b3-aa0a-8302276f8e0d,100000004,100000001,100000001,150.0,149.74,7,2025-04-12T22:20:38Z,2025-04-13T22:55:29Z,2025-04-14T00:53:27Z,2025-04-14T08:19:00Z,WB-000115,True,2025-04-08T09:11:00Z,1,2
00b7886e-e5f3-498c-92d2-dfc44d0ea3c7,SHP-000116,1bccd5ec-54a9-4836-9886-bcc46c056af8,0187074b-e16d-4a59-8971-42bcbe1a45f7,100000000,100000000,100000000,40.0,39.98,2,2025-03-18T16:08:40Z,2025-03-23T02:44:20Z,2025-03-23T04:00:33Z,2025-03-23T09:47:00Z,WB-000116,True,2025-03-18T13:43:00Z,1,2
ecd462b3-a541-4539-8f38-d1a8b3d31018,SHP-000117,bbc9ed6f-c2b3-491c-9583-fab339855011,5b33cb3f-1551-4ef5-8916-54e6473eb4b1,100000000,100000000,100000001,180.0,179.83,8,2025-03-03T11:30:28Z,2025-03-08T03:38:12Z,2025-03-08T05:30:58Z,2025-03-08T09:51:00Z,WB-000117,True,2025-03-03T10:27:00Z,1,2
c5143010-ef44-4535-80e2-ab69a4cf8c20,SHP-000118,667d3564-2dbe-4949-a6ae-221675233adb,ed49e068-e810-4af4-9fc4-db20265db946,100000000,100000001,100000000,370.0,368.47,16,2025-05-17T18:22:15Z,2025-05-19T01:22:06Z,2025-05-19T02:18:49Z,2025-05-19T06:47:00Z,WB-000118,True,2025-05-15T09:30:00Z,1,2
3eee6a21-e534-4c29-92ae-502f1b81da5f,SHP-000119,344927b3-a4a7-4bd2-a51e-32b29a2d7598,0dd7cac2-8a10-45c5-b4b0-738e3e040782,100000000,100000000,100000002,80.0,80.03,4,2025-03-23T10:01:16Z,2025-03-29T02:30:04Z,2025-03-29T04:01:58Z,2025-03-29T08:28:00Z,WB-000119,True,2025-03-23T07:41:00Z,1,2
700d3b61-10b5-4287-88d0-f42f23dc1d77,SHP-000120,e477d800-dec4-4536-8335-64a9caa8c484,76cfd5b6-2902-4bda-bcfc-1f9f0af689dd,100000000,100000000,100000000,60.0,59.87,3,2025-03-20T11:10:21Z,2025-03-21T22:05:25Z,2025-03-21T22:48:00Z,2025-03-22T05:35:00Z,WB-000120,True,2025-03-20T11:01:00Z,1,2
ca8cd8f5-e46a-431b-b05d-3614e14d77c7,SHP-000121,490f937a-fe99-4bb5-8b37-83bda4607a75,a2954ea0-f35f-475f-82bb-7a10348ea61e,100000000,100000001,100000002,380.0,379.11,16,2025-03-29T15:16:38Z,2025-03-30T00:59:44Z,2025-03-30T02:24:03Z,2025-03-30T09:34:00Z,WB-000121,True,2025-03-26T11:33:00Z,1,2
491823ab-6508-4485-9eec-4812c72c8ccc,SHP-000122,d4a1f06a-329c-4cec-8fe4-a9923fef21c2,811414f8-d9df-4d0e-a25a-ed6cf0458043,100000000,100000000,100000000,545.0,546.5,23,2025-05-31T14:12:58Z,2025-06-03T01:12:16Z,2025-06-03T02:01:41Z,2025-06-03T06:04:00Z,WB-000122,True,2025-05-31T13:41:00Z,1,2
35ff4d49-d6fd-47d5-8e6b-ba24983fef65,SHP-000123,26c6c6ff-4018-4c59-84f8-8f98f0b5330c,4c618a43-6f04-4c76-b3e6-922da5044925,100000001,100000000,100000001,90.0,89.58,4,2025-03-24T11:58:40Z,2025-03-25T06:26:28Z,2025-03-25T07:19:00Z,2025-03-25T12:11:00Z,WB-000123,True,2025-03-24T10:58:00Z,1,2
af23a67d-e425-4888-8e92-2c9cd908a711,SHP-000124,4638a157-5d5c-420e-92ff-259b064df700,652d4876-2dd2-45e6-aff3-4f0cc65341a2,100000004,100000000,100000001,20.0,20.12,1,2025-04-05T13:08:56Z,2025-04-06T08:48:43Z,2025-04-06T09:14:49Z,2025-04-06T13:29:00Z,WB-000124,True,2025-04-05T11:45:00Z,1,2
ea810d13-b0eb-4a79-b56a-906b7c1524a0,SHP-000125,152a8638-ab52-400f-8f69-da5b77ec26b2,07f7009a-8a51-419f-9c31-5267cf9ad7aa,100000004,100000000,100000000,85.0,84.68,4,2025-04-01T14:32:53Z,2025-04-05T04:02:59Z,2025-04-05T05:27:33Z,2025-04-05T11:15:00Z,WB-000125,True,2025-04-01T13:30:00Z,1,2
80d73c16-f4e0-4256-9cf4-04387496d65e,SHP-000126,8a2a9c24-db48-4ee2-9588-9b91b5704770,cfc150f3-96f2-45b5-a6a9-ded1eac3c934,100000001,100000000,100000002,80.0,79.83,4,2025-04-05T08:50:07Z,2025-04-07T01:50:44Z,2025-04-07T03:38:14Z,2025-04-07T09:14:00Z,WB-000126,True,2025-04-05T07:13:00Z,1,2
69cd1439-4eca-418b-9acb-e69ac26b7cc8,SHP-000127,23b55749-95dd-4c7d-8d34-28e7a2ce9d90,757211ce-749c-4f46-a2aa-7a4ca9c8e5db,100000001,100000000,100000000,40.0,40.11,2,2025-03-20T09:57:43Z,2025-03-22T02:16:47Z,2025-03-22T02:50:37Z,2025-03-22T12:33:00Z,WB-000127,True,2025-03-20T07:24:00Z,1,2
dbe296b8-2b24-44b3-a8d1-2f90fe5680ee,SHP-000128,59e17c9f-3773-4211-bb7c-1723184dab14,8f964685-3514-4890-84c8-6c4623595fa4,100000000,100000000,100000000,80.0,79.65,4,2025-03-30T06:18:26Z,2025-03-30T19:43:24Z,2025-03-30T21:39:34Z,2025-03-31T04:57:00Z,WB-000128,True,2025-03-30T06:17:00Z,1,2
50779fc1-45c7-4d21-b81c-bcb75901c314,SHP-000129,fbadf5bb-30b8-4777-9ee4-ce9f6def1ab0,0511a147-5aae-47ff-9722-6456b74c2e80,100000000,100000000,100000001,30.0,29.89,2,2025-04-27T10:36:21Z,2025-04-30T03:47:09Z,2025-04-30T05:09:06Z,2025-04-30T12:26:00Z,WB-000129,True,2025-04-27T08:52:00Z,1,2
d1e63e9b-ac1f-4565-bbd4-6f5cbe093aa7,SHP-000130,3338ec24-9a6a-46a0-8a8f-fd65aed80127,be065757-06e7-4c94-9ff1-e6313d474260,100000004,100000000,100000001,55.0,54.88,3,2025-04-09T12:59:49Z,2025-04-10T02:55:43Z,2025-04-10T03:25:12Z,2025-04-10T11:18:00Z,WB-000130,True,2025-04-09T11:03:00Z,1,2
df253106-c183-4ace-acdb-0bbf7dd3ab3e,SHP-000131,e4f05cef-e1e4-4f15-bda5-a12d25dac12f,64c71071-8f17-44f0-92c0-06cd3f6f25a2,100000001,100000000,100000002,80.0,79.79,4,2025-04-29T09:22:03Z,2025-04-30T01:02:54Z,2025-04-30T02:59:56Z,2025-04-30T07:43:00Z,WB-000131,True,2025-04-29T07:08:00Z,1,2
489584f5-4404-47b7-97e7-46307342ed4c,SHP-000132,ad2a583e-5ee8-4605-bb69-303acf1533af,eebd342d-22d9-4b18-8680-55f355114558,100000002,100000000,100000001,45.0,45.3,2,2025-04-26T10:59:36Z,2025-05-03T00:38:46Z,2025-05-03T02:38:03Z,2025-05-03T08:23:00Z,WB-000132,True,2025-04-26T09:43:00Z,1,2
e64462a6-3085-4166-96f8-2fd2236b3333,SHP-000133,628f0288-f5d0-4058-a068-1b8d0dd0a151,41a5bf2e-76f4-4d2d-9981-9f9d349de483,100000003,100000000,100000001,170.0,170.02,8,2025-05-11T12:37:25Z,2025-05-17T04:36:29Z,2025-05-17T05:32:05Z,2025-05-17T12:32:00Z,WB-000133,True,2025-05-11T11:33:00Z,1,2
eecc3d48-dedd-49f3-a05e-18be83ce91b5,SHP-000134,9c4531e1-f0be-4cc8-a520-a499af90ad17,bedd7a60-6e8f-4cb2-9d1f-f71a64e37441,100000000,100000001,100000002,190.0,190.05,8,2025-05-14T13:38:30Z,2025-05-16T22:25:10Z,2025-05-16T23:01:42Z,2025-05-17T04:31:00Z,WB-000134,True,2025-05-10T11:52:00Z,1,2
d5e7d482-efc8-4d99-b228-05afe0d80657,SHP-000135,bab29c3a-1da5-4449-a64e-861739e3966c,18e9ef77-64ce-4589-8c4a-62badb335860,100000000,100000000,100000003,245.0,244.42,11,2025-05-12T14:31:10Z,2025-05-12T23:42:12Z,2025-05-13T01:01:11Z,2025-05-13T05:11:00Z,WB-000135,True,2025-05-12T12:56:00Z,1,2
776caacb-e693-488e-9145-99c3ebf05489,SHP-000136,bad4af4d-f837-471d-b23a-b6346cd63361,267eddce-df8f-4197-9a4a-99b2e806133c,100000001,100000000,100000000,85.0,85.17,4,2025-06-16T12:45:58Z,2025-06-17T05:34:05Z,2025-06-17T07:21:59Z,2025-06-17T11:35:00Z,WB-000136,True,2025-06-16T09:14:00Z,1,2
40779a7d-b62e-4fd2-a33c-2c516ea27e60,SHP-000137,89516fc6-a1c3-4d95-a5bc-77259b8a512d,b73b35fe-e917-4ed1-9c9e-1d5702968285,100000000,100000001,100000001,25.0,25.04,2,2025-05-17T02:46:56Z,2025-05-18T05:35:18Z,2025-05-18T07:10:08Z,2025-05-18T13:27:00Z,WB-000137,True,2025-05-15T08:34:00Z,1,2
434411f2-853a-48d8-b037-0eaedc3fbf21,SHP-000138,4e512a7d-0ce0-46f8-92e0-52156311a742,ca6c2829-1d72-46bf-b89e-0e3026909126,100000000,100000000,100000002,20.0,20.06,1,2025-05-13T10:41:15Z,2025-05-17T03:42:44Z,2025-05-17T05:09:49Z,2025-05-17T09:18:00Z,WB-000138,True,2025-05-13T08:54:00Z,1,2
6991538e-81cd-4cea-951f-42f68a89b1af,SHP-000139,9474e768-f83f-481b-a9ac-d633051e04ee,e6273e93-114e-495b-9de3-a9a053b20d16,100000000,100000000,100000000,110.0,110.24,5,2025-05-10T08:20:13Z,2025-05-14T00:37:10Z,2025-05-14T02:19:33Z,2025-05-14T06:21:00Z,WB-000139,True,2025-05-10T05:14:00Z,1,2
21312a32-ff6d-4462-b540-2fbe9d58c099,SHP-000140,20f1bdcc-18e1-4cbf-a31b-22372d6584ec,1b84edc3-d8e0-49de-8217-ea0e896490ab,100000004,100000000,100000003,35.0,35.01,2,2025-05-19T12:18:17Z,2025-05-19T21:34:03Z,2025-05-19T23:28:58Z,2025-05-20T05:51:00Z,WB-000140,True,2025-05-19T09:17:00Z,1,2
7db286e9-f1c4-46c5-9fa1-4415e8ae6f91,SHP-000141,f0d68a97-2d92-4a3f-a283-d3233e4afb4e,db3ceb9f-dbd4-46eb-b668-257ded8ce7b7,100000003,100000001,100000002,99.5,99.29,5,2025-05-17T15:12:48Z,2025-05-18T20:53:01Z,2025-05-18T22:31:52Z,2025-05-19T06:14:00Z,WB-000141,True,2025-05-15T05:59:00Z,1,2
3deb7ff4-e6b0-4891-8ddf-f4d780fe534b,SHP-000142,7628c6a1-63d2-4740-8c98-6245443bca8f,705ad90a-6f79-4139-ba6d-befbc44e9e72,100000000,100000000,100000000,225.0,225.98,10,2025-06-01T16:27:14Z,2025-06-03T02:14:35Z,2025-06-03T03:42:25Z,2025-06-03T10:23:00Z,WB-000142,True,2025-06-01T13:16:00Z,1,2
b2690eea-cb44-4849-9d63-170b6f41eee5,SHP-000143,015c6370-f2bb-4eeb-8e47-46cd236393d3,8a5abc61-9924-45ee-bc8a-fb1dba99267e,100000001,100000001,100000000,65.0,65.1,3,2025-05-29T16:25:15Z,2025-05-30T16:48:01Z,2025-05-30T17:32:08Z,2025-05-31T08:03:00Z,WB-000143,True,2025-05-26T13:25:00Z,1,2
151ac25a-4392-4ce7-8509-227f6500ec7f,SHP-000144,9136ab79-9bf8-459a-b2c3-6a7e76294ff8,d362e7f0-3032-4ca8-8771-90690a67aed7,100000000,100000000,100000000,20.0,19.98,1,2025-05-24T13:55:26Z,2025-05-26T22:39:25Z,2025-05-27T00:31:12Z,2025-05-27T06:13:00Z,WB-000144,True,2025-05-24T13:25:00Z,1,2
5c97f0a1-044b-44b4-b419-624815e820bf,SHP-000145,137de048-f8ce-4a46-bb67-3f53c5e2e469,320727ab-24c9-4c0e-887e-e883f34a26e4,100000004,100000001,100000001,40.0,39.77,2,2025-06-13T05:11:16Z,2025-06-14T01:16:20Z,2025-06-14T03:04:16Z,2025-06-14T08:48:00Z,WB-000145,True,2025-06-07T07:32:00Z,1,2
1d248b23-61d0-48bf-81fa-c2ec9b432797,SHP-000146,299d73e0-7afc-489f-ac68-6b186b70ec2d,21d3b8f2-f3ac-45cb-bf4b-24b9ef4c37d0,100000000,100000000,100000000,45.0,44.79,2,2025-06-18T15:11:22Z,2025-06-23T06:45:02Z,2025-06-23T07:52:09Z,2025-06-23T12:20:00Z,WB-000146,True,2025-06-18T12:49:00Z,1,2
dc51e43b-28a5-46b3-b2bc-b74d9707cc2d,SHP-000147,5ed69b88-fdbe-4e47-9edf-5358756b17cc,1a2a3a8e-e833-4ef3-bfe3-5f299c769b42,100000000,100000000,100000000,65.0,64.9,3,2025-05-26T15:27:27Z,2025-05-28T05:57:18Z,2025-05-28T07:04:41Z,2025-05-28T12:22:00Z,WB-000147,True,2025-05-26T11:40:00Z,1,2
2943590a-41be-4235-8988-195bf627ec6a,SHP-000148,aca2317a-be38-4527-bf6c-7208009411a5,5200044b-3148-4df8-a6ca-8d50e5f5c891,100000000,100000000,100000001,25.0,24.9,2,2025-06-15T14:27:44Z,2025-06-17T02:46:14Z,2025-06-17T03:17:59Z,2025-06-17T10:30:00Z,WB-000148,True,2025-06-15T12:10:00Z,1,2
5c21c986-076e-406a-9ea7-adaefc3aecc8,SHP-000149,71a4cf22-b23d-4430-8293-eb05253c4262,909e21ba-8a38-45aa-91be-ba8e0a8aeb94,100000001,100000000,100000001,40.0,40.03,2,2025-06-02T14:20:23Z,2025-06-07T23:06:12Z,2025-06-07T23:51:58Z,2025-06-08T06:38:00Z,WB-000149,True,2025-06-02T11:37:00Z,1,2
f8d636bd-a0d5-48f7-afd7-4653fa2ef602,SHP-000150,2ba35440-7b8e-42b7-b556-933d1d4734a1,af475b49-c775-4395-9494-05f02cd2a404,100000001,100000000,100000002,40.0,40.12,2,2025-05-26T11:45:19Z,2025-05-27T13:56:59Z,2025-05-27T15:30:01Z,2025-05-28T05:19:00Z,WB-000150,True,2025-05-26T09:40:00Z,1,2
5f26125f-180f-4b45-b7b4-70817aaa9422,SHP-000151,6e5e3b8e-b3c9-46e8-ae5a-a2920d1b149c,6c21835d-d8e8-497c-a0a2-59014932936e,100000005,100000000,100000000,385.0,385.31,17,2025-05-25T11:00:19Z,2025-05-31T00:36:26Z,2025-05-31T01:13:47Z,2025-05-31T05:39:00Z,WB-000151,True,2025-05-25T10:28:00Z,1,2
939426a9-e989-400a-affe-ec65a364245c,SHP-000152,2ae1c693-9816-49dd-8421-a210e1960d8a,c9254bb5-4fc3-4d4e-ab95-0c1d578799d9,100000002,100000000,100000002,250.0,248.87,11,2025-05-31T11:47:39Z,2025-06-05T04:12:28Z,2025-06-05T05:45:38Z,2025-06-05T12:04:00Z,WB-000152,True,2025-05-31T08:29:00Z,1,2
ad0b30d5-d9c1-430f-89c1-0d20c8c39b7c,SHP-000153,3ef0a8b5-5f83-4fe9-a630-a7485e45cac2,44f7f01a-3cb5-46d7-834a-130e8c6ea6ad,100000002,100000000,100000000,35.0,34.85,2,2025-05-31T12:04:04Z,2025-06-03T02:42:02Z,2025-06-03T03:44:27Z,2025-06-03T09:33:00Z,WB-000153,True,2025-05-31T11:57:00Z,1,2
5d9d2a56-8e07-4319-a156-5f30185d4e6e,SHP-000154,b2b1fb40-659a-4a40-92ed-817dac99ce81,b440b852-e033-400e-a432-62b38675820e,100000002,100000001,100000000,210.0,209.35,9,2025-06-16T16:58:23Z,2025-06-19T01:00:16Z,2025-06-19T01:34:55Z,2025-06-19T10:22:00Z,WB-000154,True,2025-06-12T10:45:00Z,1,2
773d6461-4409-4565-a4a2-ff53e388420b,SHP-000155,04bc165c-42c5-4ef6-855d-29ed298e5a01,6491982b-e5ad-481d-977f-4c1626d658fb,100000001,100000000,100000000,65.0,65.01,3,2025-06-04T08:31:13Z,2025-06-08T19:27:52Z,2025-06-08T20:35:16Z,2025-06-09T12:10:00Z,WB-000155,True,2025-06-04T07:24:00Z,1,2
49ed2829-7d9f-4d3b-bf3a-baea243e76a8,SHP-000156,328ddd5a-4413-4b8c-b9e3-1afc56354a26,7233d5af-9813-4da1-bd21-20ad5f59fb4d,100000003,100000000,100000000,135.0,135.21,6,2025-06-09T16:24:49Z,2025-06-13T22:38:05Z,2025-06-13T23:34:38Z,2025-06-14T06:56:00Z,WB-000156,True,2025-06-09T13:18:00Z,1,2
eeb65c7a-8859-4d0c-9585-6b37a88e43e7,SHP-000157,8bb973d9-8778-490f-8448-6e5ef506bb13,e552d0a8-b66f-4507-a588-b999971eea39,100000001,100000000,100000000,150.0,150.5,7,2025-05-28T13:27:52Z,2025-06-03T06:57:37Z,2025-06-03T08:24:32Z,2025-06-03T12:35:00Z,WB-000157,True,2025-05-28T12:47:00Z,1,2
0c56ed3c-a4f8-4b8f-91f8-96c8173413a4,SHP-000158,4e6e7125-e822-4203-b004-66a15c0756dd,65db6e43-47bf-4db7-82d9-a774ea7f6c7d,100000000,100000000,100000000,520.0,520.13,22,2025-06-19T13:53:57Z,2025-06-21T05:50:31Z,2025-06-21T06:44:41Z,2025-06-21T12:20:00Z,WB-000158,True,2025-06-19T11:04:00Z,1,2
7a5b5fa7-9918-4eb1-b6b9-340939745ce1,SHP-000159,2992c02a-0909-4686-b981-e014d70624f1,481186e9-1625-44ca-9b47-e6394d2551eb,100000000,100000001,100000000,165.0,166.07,7,2025-06-12T12:48:12Z,2025-06-15T03:08:50Z,2025-06-15T04:41:16Z,2025-06-15T09:39:00Z,WB-000159,True,2025-06-08T13:27:00Z,1,2
b2973e68-22d9-4b49-a3cc-2df29e9c2527,SHP-000160,d3506254-178b-4579-8b3c-3393a03e18d8,12fc7a87-a470-4d48-9128-b9b1f8ede0ca,100000000,100000000,100000000,25.0,25.0,2,2025-05-28T10:01:44Z,2025-05-31T04:39:29Z,2025-05-31T05:17:02Z,2025-05-31T09:53:00Z,WB-000160,True,2025-05-28T06:46:00Z,1,2
92baa361-a325-436e-8f11-c9765f19b56d,SHP-000161,8b463057-788a-477b-8244-89e9f9f86f58,c6a07656-c5c9-4b91-bf6e-f9ed7e4ce29f,100000003,100000000,100000000,55.0,55.11,3,2025-05-25T13:09:30Z,2025-05-28T01:25:14Z,2025-05-28T01:50:55Z,2025-05-28T07:53:00Z,WB-000161,True,2025-05-25T12:49:00Z,1,2
b15f68ff-84e1-48cd-b3f7-1df7e8a84d2f,SHP-000162,2c6dde79-f7e3-492f-a143-d57228ff21d7,6690a951-fc04-4a7a-ae41-5f166263307c,100000000,100000001,100000002,10.0,9.94,1,2025-06-06T06:47:14Z,2025-06-08T02:54:36Z,2025-06-08T04:14:59Z,2025-06-08T09:03:00Z,WB-000162,True,2025-06-01T10:33:00Z,1,2
a7b7efc1-bbdf-4bd0-926d-ad4a3adef0f2,SHP-000163,077fdaa2-f079-45e8-87d3-0c5a85e526ca,25e42403-64f2-402e-894f-6ed34a2f3876,100000001,100000001,100000000,235.0,235.55,10,2025-07-31T19:20:39Z,2025-08-02T23:13:35Z,2025-08-02T23:51:24Z,2025-08-03T04:47:00Z,WB-000163,True,2025-07-27T09:55:00Z,1,2
b51facd3-f201-4432-9369-68ee8ed0559c,SHP-000164,cfae1689-3795-424b-92d2-04059ee1e497,0c36ad4e-915d-4a63-9bc6-c9288fe84e20,100000000,100000000,100000002,320.0,319.79,14,2025-05-27T14:52:12Z,2025-05-29T00:52:40Z,2025-05-29T02:18:24Z,2025-05-29T10:49:00Z,WB-000164,True,2025-05-27T12:32:00Z,1,2
f707cbf5-5441-4c0e-99fb-a42bb30d864f,SHP-000165,4c3246cb-249a-4387-83d6-f6e1ba2a846b,79356bae-8101-4ec7-9c93-408a551e766f,100000001,100000000,100000002,15.0,14.93,1,2025-06-07T14:55:27Z,2025-06-09T15:38:29Z,2025-06-09T16:38:49Z,2025-06-10T06:38:00Z,WB-000165,True,2025-06-07T11:55:00Z,1,2
29b4e4ad-5dc7-4e56-81ad-0ebb57c2be8e,SHP-000166,170a364e-d737-42f6-8ac2-7b1d8027f26e,2bacf712-d6a9-49e8-86d8-95e5219b606d,100000003,100000001,100000000,30.0,30.05,2,2025-06-10T15:12:17Z,2025-06-11T20:06:35Z,2025-06-11T21:23:57Z,2025-06-12T05:18:00Z,WB-000166,True,2025-06-07T13:22:00Z,1,2
aab4050f-4eb9-4638-8a27-edd86802bf68,SHP-000167,9e93e92e-345a-438f-9a7a-154569a93591,1f8b4af1-96bc-432d-ac11-7babd6642fe8,100000000,100000000,100000000,150.0,149.92,7,2025-06-18T12:41:44Z,2025-06-23T05:13:06Z,2025-06-23T06:32:57Z,2025-06-23T12:19:00Z,WB-000167,True,2025-06-18T10:37:00Z,1,2
54957aa9-53d7-4e21-8ce7-c474a5053efd,SHP-000168,abab1341-0b52-4621-8c45-7fac213ce169,929daf9f-0149-42af-8ab1-a5041f8c56e0,100000000,100000000,100000001,55.0,55.05,3,2025-06-25T12:56:07Z,2025-06-30T03:19:46Z,2025-06-30T04:31:05Z,2025-06-30T11:58:00Z,WB-000168,True,2025-06-25T10:51:00Z,1,2
c50fb978-b141-4fb8-acbb-d22b2ea40bd2,SHP-000169,1f42ec8c-2c4a-4e2c-83b5-2e867a6c3062,dd23ff41-dae1-4586-a358-755cbc5c3cd8,100000000,100000000,100000000,215.0,214.58,9,2025-06-02T14:29:23Z,2025-06-09T01:37:04Z,2025-06-09T02:44:48Z,2025-06-09T07:18:00Z,WB-000169,True,2025-06-02T14:02:00Z,1,2
e8698a20-6d52-41c2-a458-a8eccbee2d9f,SHP-000170,9a12d67a-c1a2-427f-b6b5-e6b8ec2add3a,0b34fc84-1111-4e29-a8ad-153985f0786a,100000001,100000000,100000002,50.0,50.15,3,2025-06-16T10:54:48Z,2025-06-18T05:35:00Z,2025-06-18T07:06:35Z,2025-06-18T13:21:00Z,WB-000170,True,2025-06-16T08:04:00Z,1,2
45bb874c-9163-4257-b3d5-ac1f06d6c9e9,SHP-000171,57865fa2-643b-49e2-baaa-3087be61a5fc,12767d13-f093-4776-9116-d014a5850828,100000000,100000001,100000001,115.0,114.67,5,2025-06-01T13:46:55Z,2025-06-02T06:12:11Z,2025-06-02T07:04:54Z,2025-06-02T11:59:00Z,WB-000171,True,2025-05-27T06:59:00Z,1,2
c61b0dd5-9fc2-4ff5-842e-33648ff77cae,SHP-000172,d8ed92f3-a2a3-4340-ac53-956cb0d35d18,5a2ed6c2-4640-4319-baae-d6f073255bc0,100000000,100000000,100000000,60.0,59.73,3,2025-06-09T14:38:12Z,2025-06-14T00:35:34Z,2025-06-14T01:36:26Z,2025-06-14T05:51:00Z,WB-000172,True,2025-06-09T12:12:00Z,1,2
27a97611-5c4d-4f70-9233-f6c6e8c92829,SHP-000173,3a8f0559-5202-49f1-ae38-bfbd2c730beb,4165964c-0b21-4308-86dc-4e34a9dcfe52,100000000,100000001,100000000,105.0,104.86,5,2025-06-08T17:37:24Z,2025-06-09T04:48:09Z,2025-06-09T05:43:28Z,2025-06-09T10:21:00Z,WB-000173,True,2025-06-05T10:56:00Z,1,2
1a439f8e-4c6e-4d55-b678-f058ded7a9f0,SHP-000174,59cabae3-9832-4286-ba76-ff86e4f1a79f,84ccf931-e3e0-44c5-a015-4a17b652b9ef,100000001,100000000,100000003,105.0,104.8,5,2025-06-01T09:31:31Z,2025-06-02T05:34:58Z,2025-06-02T06:42:13Z,2025-06-02T09:35:00Z,WB-000174,True,2025-06-01T09:13:00Z,1,2
7147b31b-53b6-4a97-99ac-67551dc07b7c,SHP-000175,3bde5a3d-c014-401b-8f1f-77992b2bc08a,741b77f5-4c24-4053-a7f5-ae02af5b8f47,100000000,100000001,100000002,25.0,24.98,2,2025-06-09T06:31:13Z,2025-06-10T00:16:05Z,2025-06-10T01:23:07Z,2025-06-10T05:37:00Z,WB-000175,True,2025-06-05T12:10:00Z,1,2
d3aa4946-e8f9-4416-b03e-9bb000933fcc,SHP-000176,fdc570b4-c651-4a6f-baf5-104be08a4f96,96721e98-5d84-46e0-a0e6-96ffa75743f9,100000000,100000000,100000002,105.0,104.98,5,2025-06-21T17:17:03Z,2025-06-25T00:29:57Z,2025-06-25T01:58:58Z,2025-06-25T12:44:00Z,WB-000176,True,2025-06-21T14:10:00Z,1,2
f9e1d34d-ea48-4cb4-b2a3-a2c3bdece08c,SHP-000177,d72e6e5a-1403-4af3-b09d-b4faaf52a471,698f546d-5f29-4290-9848-5a54531c8812,100000000,100000000,100000000,100.0,99.77,5,2025-06-21T16:40:27Z,2025-06-24T06:59:29Z,2025-06-24T07:25:02Z,2025-06-24T11:23:00Z,WB-000177,True,2025-06-21T13:24:00Z,1,2
16943813-449e-440f-9526-5d8f84e4d159,SHP-000178,a75a759f-0f09-48da-9e81-d9cf9053acba,44d6eeca-bb12-40a9-87e9-974d70fd7536,100000001,100000000,100000000,120.0,119.69,5,2025-06-11T12:52:16Z,2025-06-17T04:26:44Z,2025-06-17T05:11:19Z,2025-06-17T10:02:00Z,WB-000178,True,2025-06-11T11:07:00Z,1,2
a9e12f9e-7b2e-42f7-9a3f-70189f251a61,SHP-000179,e24740a5-3de4-497d-b5f1-6da6f7e4b2af,9e78209e-6290-429a-a322-8db2bdcd79ee,100000000,100000000,100000001,125.0,124.84,6,2025-06-14T11:56:08Z,2025-06-14T21:56:07Z,2025-06-14T22:51:30Z,2025-06-15T06:34:00Z,WB-000179,True,2025-06-14T10:03:00Z,1,2
5f5aaaf5-1ec9-408f-b20a-d4be0052866b,SHP-000180,f5f09c71-0e92-41f4-9ff5-59c65cf33361,754c30d3-0e85-4646-abb8-41c31aca94c5,100000000,100000000,100000001,120.0,119.98,5,2025-06-08T14:03:18Z,2025-06-09T15:54:45Z,2025-06-09T17:48:59Z,2025-06-10T06:16:00Z,WB-000180,True,2025-06-08T11:49:00Z,1,2
736f9ce0-0307-46df-bcc1-09d8b73d240c,SHP-000181,25dcf4e2-33e0-4555-bc85-8724645cad0f,4148c6bf-4dbc-49ca-8dc1-26a3a39572b8,100000001,100000000,100000000,410.0,409.26,18,2025-06-10T12:45:33Z,2025-06-13T15:58:51Z,2025-06-13T17:45:34Z,2025-06-14T10:09:00Z,WB-000181,True,2025-06-10T12:12:00Z,1,2
0413a1bc-1619-484c-8f55-14a82b86d00d,SHP-000182,331b32ce-ed96-4109-a893-e94e45fc0b77,2c9c763b-e454-4286-9dd9-76469d892032,100000000,100000000,100000000,90.0,89.83,4,2025-06-22T08:48:47Z,2025-06-25T01:10:50Z,2025-06-25T02:02:04Z,2025-06-25T07:17:00Z,WB-000182,True,2025-06-22T08:43:00Z,1,2
3b0b7335-3ed0-4288-a50e-7118878365ce,SHP-000183,2ab053f0-2d07-4c6d-b058-8b0903a14ff8,73e7f042-516c-4b0a-9385-3918bc4015fa,100000001,100000000,100000000,70.0,69.84,3,2025-06-21T09:25:05Z,2025-06-28T03:17:03Z,2025-06-28T04:22:50Z,2025-06-28T09:47:00Z,WB-000183,True,2025-06-21T08:56:00Z,1,2
44fad125-1ca9-4f2b-8595-8e82a27ea50b,SHP-000184,784bb709-2c48-42bb-82be-bb6bdff4b533,8754204e-1acc-416e-b750-9dccc0f6015f,100000001,100000001,100000001,55.0,55.14,3,2025-06-26T14:16:38Z,2025-06-28T02:58:31Z,2025-06-28T04:01:55Z,2025-06-28T08:45:00Z,WB-000184,True,2025-06-23T10:27:00Z,1,2
ab34cbbc-8462-4c86-8d6f-36ec629b9a8f,SHP-000185,4524fab2-380b-4af7-b2d8-d31e6a3a5bad,f27efe6c-0564-4530-8e6c-3463f6ea1983,100000004,100000000,100000000,95.0,95.34,4,2025-06-19T07:40:26Z,2025-06-21T02:51:38Z,2025-06-21T04:40:00Z,2025-06-21T10:35:00Z,WB-000185,True,2025-06-19T06:55:00Z,1,2
85761ded-107a-4377-b7fe-780f1a917f3f,SHP-000186,fcedb87c-82f5-4de1-9392-009fba9ada63,6f0eebef-97e8-4057-96a7-01aba66ccf43,100000005,100000000,100000000,485.0,486.33,21,2025-07-10T11:15:04Z,2025-07-16T22:22:06Z,2025-07-17T00:05:53Z,2025-07-17T05:30:00Z,WB-000186,False,2025-07-10T08:49:00Z,1,2
2b2ac8e5-ec67-434d-bd42-bf1b61429d4a,SHP-000187,cc64f820-16bb-494a-8a4b-0ea1a97a30bf,d02c75f9-198d-43a4-8cd2-0e4376dae194,100000002,100000000,100000000,30.0,29.87,2,2025-07-05T13:02:34Z,2025-07-11T23:39:53Z,2025-07-12T00:22:44Z,2025-07-12T06:28:00Z,WB-000187,True,2025-07-05T10:53:00Z,1,2
384655b0-86cb-4c1c-9243-0bfa15e8cf6c,SHP-000188,2d2ac30c-a1c2-423d-b03c-24578c0d4213,0343dad2-6d8a-44b2-88cb-4fb10f2aea08,100000005,100000000,100000000,70.0,69.87,3,2025-07-13T07:11:30Z,2025-07-17T01:43:34Z,2025-07-17T02:28:41Z,2025-07-17T06:02:00Z,WB-000188,True,2025-07-13T06:10:00Z,1,2
e13b7a40-5eb2-4805-ba5e-24bbc495f106,SHP-000189,754a9c92-0b23-4443-8e4a-b39a74615af8,0f3ffc17-ac5e-453e-9379-61a65b051098,100000001,100000000,100000000,10.0,10.02,1,2025-07-03T10:08:54Z,2025-07-06T04:17:59Z,2025-07-06T05:48:40Z,2025-07-06T09:35:00Z,WB-000189,True,2025-07-03T08:06:00Z,1,2
6e81b68c-0e02-4ad5-b089-e60169ca6b2b,SHP-000190,d2d601d5-521e-440f-9ba6-45aa9d78ffe0,9d470a35-c816-4c27-bc3c-4c2fa40e0199,100000003,100000000,100000000,110.0,110.02,5,2025-07-10T13:24:00Z,2025-07-16T23:23:21Z,2025-07-17T01:18:58Z,2025-07-17T10:01:00Z,WB-000190,True,2025-07-10T11:04:00Z,1,2
b5b0563d-2d16-4001-8f32-4ba7f409ab8e,SHP-000191,e89627fe-80d4-44f4-ac11-9758eadefee8,049bf703-a6ff-4014-8b10-603231e97228,100000000,100000001,100000002,75.0,75.12,4,2025-07-15T18:11:37Z,2025-07-16T16:05:20Z,2025-07-16T17:43:21Z,2025-07-17T05:45:00Z,WB-000191,True,2025-07-13T06:32:00Z,1,2
9872b70d-b28f-4f6e-bb56-b88ea5e3418e,SHP-000192,b89261a8-9c68-46b7-8f31-308debad7b18,e97aa6b5-39d4-4db1-8d3d-2f6ba3248246,100000000,100000001,100000001,170.0,169.84,8,2025-07-11T16:23:05Z,2025-07-12T02:08:05Z,2025-07-12T03:58:36Z,2025-07-12T08:47:00Z,WB-000192,True,2025-07-08T11:39:00Z,1,2
be6a9eb5-4f98-40d3-89c6-c54763987f14,SHP-000193,7a73478f-a532-4111-ab15-204a57172489,04ba16cc-e5d1-4a78-9e01-9bfea0cd173d,100000000,100000001,100000001,1070.0,1073.56,45,2025-08-19T04:38:37Z,2025-08-20T02:30:00Z,2025-08-20T03:42:44Z,2025-08-20T08:31:00Z,WB-000193,True,2025-08-13T10:49:00Z,1,2
e8ffd6b7-cfb3-4acc-a01b-8f065876917f,SHP-000194,bdc15eef-6aac-47f4-9d33-98309ad911b5,f0c46591-b2d9-45fa-849e-e02aeea28810,100000000,100000000,100000000,85.0,85.33,4,2025-07-10T10:01:13Z,2025-07-15T22:46:12Z,2025-07-15T23:45:53Z,2025-07-16T09:10:00Z,WB-000194,True,2025-07-10T07:07:00Z,1,2
7447be74-f85a-4808-a738-be3f15b36026,SHP-000195,acdf2af6-fc74-4a51-a46e-b335a2cc3129,0299b709-2a27-496c-b4f1-c64dc8da7e18,100000000,100000001,100000002,75.0,75.11,4,2025-07-11T09:02:08Z,2025-07-12T03:04:09Z,2025-07-12T04:04:56Z,2025-07-12T10:02:00Z,WB-000195,True,2025-07-05T12:04:00Z,1,2
90ceadbc-7bdf-401d-9e25-8a268d089fa0,SHP-000196,453d7b05-3e0f-47b5-b49c-44d3d76b4582,6e7cb018-bf11-4b44-8757-b010c7602e01,100000000,100000000,100000000,115.0,114.99,5,2025-07-17T11:21:51Z,2025-07-22T01:33:29Z,2025-07-22T03:20:32Z,2025-07-22T08:03:00Z,WB-000196,True,2025-07-17T08:19:00Z,1,2
f1d1926b-d9c5-4a7c-8d25-c43c3a818406,SHP-000197,471b024a-39d3-42d5-84bb-95d1960b0c5e,056760f8-0de9-4292-98b5-e7e188ef88f7,100000000,100000000,100000000,95.0,95.09,4,2025-07-31T14:45:13Z,2025-08-06T02:14:00Z,2025-08-06T02:40:10Z,2025-08-06T08:39:00Z,WB-000197,True,2025-07-31T13:53:00Z,1,2
33e2dcdb-9f31-4a36-9c27-91ccc374ffaa,SHP-000198,d050a38a-5481-4632-8df2-4a5af1b256d0,0443777c-7ab8-4d02-85ac-3f00338f29be,100000001,100000000,100000002,10.0,9.95,1,2025-07-29T11:50:39Z,2025-07-30T16:12:58Z,2025-07-30T17:21:39Z,2025-07-31T04:33:00Z,WB-000198,True,2025-07-29T10:57:00Z,1,2
faa1c99c-bfb4-4362-84d3-ae9201b43841,SHP-000199,fe1df6e2-0df0-4a72-b52e-3f169da13fb2,aceab138-3e62-4898-b557-6846ee7616d1,100000004,100000000,100000000,190.5,189.89,8,2025-07-19T06:47:56Z,2025-07-25T22:34:34Z,2025-07-25T23:34:45Z,2025-07-26T06:28:00Z,WB-000199,True,2025-07-19T05:19:00Z,1,2
6151ca4e-f9fb-4d71-9aa0-4b2ca790bedb,SHP-000200,e08e2fcf-01b0-40b4-bb7d-f7a582d4052a,f42973f5-d1d1-4e0b-a7e7-a6bdc2a49fd8,100000000,100000001,100000002,80.0,79.74,4,2025-07-27T22:41:45Z,2025-07-29T02:14:29Z,2025-07-29T02:38:55Z,2025-07-29T08:04:00Z,WB-000200,True,2025-07-22T11:02:00Z,1,2
fce553db-e409-431a-81cc-de5b5b7a3d3b,SHP-000201,ca22392f-2420-4f7d-b114-3cf46b41c5a6,167d4184-a86a-458f-ba11-169426c1549a,100000000,100000000,100000000,105.0,104.74,5,2025-08-02T10:23:39Z,2025-08-09T07:47:16Z,2025-08-09T08:39:23Z,2025-08-09T12:04:00Z,WB-000201,True,2025-08-02T08:14:00Z,1,2
0561cafa-557a-4d2f-912b-eb9f4030285a,SHP-000202,76f1d068-e713-471a-bc57-6cf6a693c652,095ffa81-40d9-4bce-b930-ba208b040f49,100000000,100000000,100000000,40.0,40.04,2,2025-08-06T08:05:24Z,2025-08-08T18:50:33Z,2025-08-08T20:28:49Z,2025-08-09T05:23:00Z,WB-000202,True,2025-08-06T05:59:00Z,1,2
985e312f-2727-47b8-9b28-ed1e55c4c4a7,SHP-000203,8e3de159-73fe-459b-b35e-7337c67542b6,758d9a65-73bc-47d7-8c3a-275a21435a7f,100000000,100000000,100000000,165.0,165.55,7,2025-07-20T10:15:21Z,2025-07-24T06:26:07Z,2025-07-24T07:55:50Z,2025-07-24T12:42:00Z,WB-000203,True,2025-07-20T07:48:00Z,1,2
4c56960c-1c47-4064-b123-524131580e3c,SHP-000204,14c0965a-1c0c-4ce4-8094-2743fe9f9fd2,c683315a-fcfb-436c-8642-b41abf4cc28d,100000001,100000000,100000000,55.0,54.99,3,2025-08-09T08:57:28Z,2025-08-16T05:27:33Z,2025-08-16T06:24:54Z,2025-08-16T11:49:00Z,WB-000204,True,2025-08-09T07:29:00Z,1,2
8a18d0bc-9fb9-4d2c-a4a7-bd310d81be1b,SHP-000205,86615979-3663-4a91-baeb-dc73043e27f6,81f1a440-0783-4ed6-82e7-18a769fba3fa,100000005,100000000,100000000,70.0,69.62,3,2025-08-11T08:08:11Z,2025-08-16T03:19:43Z,2025-08-16T03:57:33Z,2025-08-16T09:00:00Z,WB-000205,True,2025-08-11T06:42:00Z,1,2
b05c3a5e-d674-4462-93c2-65e80fa384d8,SHP-000206,81238f51-5251-4c2b-9de3-35c276252e09,152b7fbd-aa15-47d3-b4ec-733defe47a7e,100000001,100000001,100000000,15.0,14.98,1,2025-08-04T17:23:05Z,2025-08-06T15:03:15Z,2025-08-06T16:48:27Z,2025-08-07T11:36:00Z,WB-000206,True,2025-07-31T07:50:00Z,1,2
52a64079-a176-4d85-a751-3021ab58a8ca,SHP-000207,7916f2e6-de08-44b8-ac73-6a754d19dbfb,f05bb082-4c33-4940-b973-070322522961,100000000,100000000,100000002,25.0,25.01,2,2025-08-05T16:01:14Z,2025-08-07T05:18:45Z,2025-08-07T05:49:14Z,2025-08-07T09:38:00Z,WB-000207,True,2025-08-05T12:19:00Z,1,2
d59f04b9-a21d-41fe-b26a-3993e5546483,SHP-000208,5c605c5e-7389-4a56-97f7-c87171483cf3,244a603e-156e-47f8-8af0-cf0c596b0c6f,100000001,100000000,100000001,165.0,165.18,7,2025-08-19T08:43:25Z,2025-08-19T17:03:35Z,2025-08-19T18:52:39Z,2025-08-20T06:18:00Z,WB-000208,True,2025-08-19T05:27:00Z,1,2
93b570e6-7d08-4ebb-93f2-b4dd23a400e5,SHP-000209,fe5d75b3-7892-4d2c-b60e-08b2764f8365,9d470a35-c816-4c27-bc3c-4c2fa40e0199,100000003,100000000,100000000,110.5,110.54,5,2025-08-19T14:12:28Z,2025-08-23T07:34:31Z,2025-08-23T08:48:11Z,2025-08-23T13:11:00Z,WB-000209,True,2025-08-19T14:11:00Z,1,2
125bbf47-64b7-4481-b7c3-f3ce9b98906a,SHP-000210,2fddcb84-f1b7-4a0a-aa26-2309db2f42ba,959677e9-35c4-4e08-86a4-7588a676ace1,100000001,100000000,100000001,45.0,44.91,2,2025-08-30T10:20:00Z,2025-09-01T21:05:21Z,2025-09-01T22:56:05Z,2025-09-02T08:00:00Z,WB-000210,True,2025-08-30T08:57:00Z,1,2
2d83e754-a3aa-4b87-bd87-6470f2e739b7,SHP-000211,a8caef85-7bd7-45b0-8c4a-47492c6cb095,59d80a28-1c86-4375-9a85-80dc77212b42,100000000,100000000,100000002,85.0,85.13,4,2025-08-21T07:18:31Z,2025-08-23T11:09:53Z,2025-08-23T11:34:30Z,2025-08-24T04:40:00Z,WB-000211,True,2025-08-21T05:46:00Z,1,2
10f30e1b-6911-4fe6-bcc1-3d71ff43ecc5,SHP-000212,974d2610-0f0c-403d-9e68-8afce80a8bff,1125312c-0a86-4d54-afc5-b3b93238a2f4,100000000,100000000,100000000,160.0,159.62,7,2025-08-31T14:23:15Z,2025-09-02T00:41:15Z,2025-09-02T02:39:58Z,2025-09-02T06:44:00Z,WB-000212,True,2025-08-31T12:50:00Z,1,2
1afcea8e-8285-4bba-9504-a92bfc8bc617,SHP-000213,ec359559-8882-4c16-9ffd-8b3ab6b10378,2fe63cc8-9416-4854-bf05-c5ccc50d751e,100000000,100000001,100000001,10.0,9.98,1,2025-08-31T11:59:47Z,2025-09-01T23:44:33Z,2025-09-02T00:31:03Z,2025-09-02T07:45:00Z,WB-000213,True,2025-08-26T12:34:00Z,1,2
d43e9fd8-d3f1-43ab-9dde-7eed63240f6f,SHP-000214,0fea2b4a-a500-48ad-9578-d9d2944bddfd,753840d9-87ea-49f2-9e85-95360c11c74d,100000001,100000000,100000000,130.0,129.65,6,2025-08-30T08:01:14Z,2025-09-04T02:21:16Z,2025-09-04T03:50:14Z,2025-09-04T07:46:00Z,WB-000214,True,2025-08-30T07:54:00Z,1,2
21ce757a-28a8-47fe-990b-7d2d34000506,SHP-000215,11ac2697-42b2-4b4f-8adf-e3cf66e0d74e,c6e4472d-983a-4d16-ba66-f439ee62af25,100000000,100000000,100000001,50.0,50.05,3,2025-08-31T12:57:01Z,2025-09-04T06:18:28Z,2025-09-04T06:57:39Z,2025-09-04T12:26:00Z,WB-000215,True,2025-08-31T11:56:00Z,1,2
98342b34-1da6-44df-bdcd-df505de2050c,SHP-000216,32b27bec-51e6-4866-b7b8-70c37b5c2074,7ede0a0a-aa0f-4335-8fb7-1ca6a4ec1371,100000000,100000000,100000001,25.0,24.99,2,2025-09-10T09:55:49Z,2025-09-11T00:12:23Z,2025-09-11T01:16:35Z,2025-09-11T11:38:00Z,WB-000216,True,2025-09-10T07:46:00Z,1,2
1fbafc99-a94b-488e-bc0c-898228c9f62a,SHP-000217,abe4d36b-45a8-41a1-ae89-55b74e21e25a,328e99cd-7ec8-4fd6-b8f5-7bcf870ce744,100000001,100000000,100000001,60.0,59.82,3,2025-09-09T09:18:46Z,2025-09-10T01:22:15Z,2025-09-10T03:08:15Z,2025-09-10T10:18:00Z,WB-000217,True,2025-09-09T09:21:00Z,1,2
4a5e551f-0b89-4e66-8a8c-311b6be9a9bf,SHP-000218,ebe1e6bd-7698-46fe-a55f-230be75fb954,99860656-3699-46ab-a951-9a0f060f22eb,100000002,100000000,100000001,30.0,29.88,2,2025-09-13T12:49:11Z,2025-09-14T22:29:41Z,2025-09-14T23:53:30Z,2025-09-15T06:27:00Z,WB-000218,True,2025-09-13T13:05:00Z,1,2
ae321a4a-0f41-4a82-bc90-e7b3c8cc3142,SHP-000219,e728e109-ca0d-434a-bae0-db32e8841d08,53d7690e-737e-4cd8-a74b-a244b2b73164,100000001,100000001,100000001,230.0,229.92,10,2025-09-06T14:41:26Z,2025-09-07T00:10:23Z,2025-09-07T00:58:05Z,2025-09-07T05:16:00Z,WB-000219,True,2025-09-03T10:45:00Z,1,2
707384c5-f9ba-43e5-b48f-60614688f4f5,SHP-000220,6bd3ca24-69f1-43bb-a483-c971beddf4d4,ddbbf6e3-2591-4040-b902-7e9ae79a71c2,100000000,100000000,100000000,25.0,25.16,2,2025-09-14T13:18:24Z,2025-09-20T05:50:40Z,2025-09-20T07:43:03Z,2025-09-20T12:12:00Z,WB-000220,True,2025-09-14T11:05:00Z,1,2
8ff4eb82-0131-4c4d-8434-579e37d4e9f9,SHP-000221,d67ff9ea-e9de-4024-a45b-52edf379026f,8ece1128-56ce-4b42-bc9e-1dcbcb7e6268,100000000,100000001,100000000,25.0,25.03,2,2025-09-15T04:16:56Z,2025-09-16T03:11:21Z,2025-09-16T04:58:42Z,2025-09-16T11:19:00Z,WB-000221,True,2025-09-10T05:13:00Z,1,2
199192c2-46e7-4d70-b1e1-203aa1ea78e3,SHP-000222,f198709c-7b5a-44e4-8351-71515898ef62,b9fdb77d-e1a3-433c-a5c5-eecd20192edf,100000000,100000000,100000000,25.0,25.07,2,2025-09-06T12:05:22Z,2025-09-13T04:16:39Z,2025-09-13T05:33:34Z,2025-09-13T10:46:00Z,WB-000222,True,2025-09-06T11:38:00Z,1,2
751db29a-abaf-4fc2-985b-9de505217d23,SHP-000223,701daebf-c142-4184-9664-7b59c8ba8729,97ee66ea-b54d-43d4-8422-5042eb1be442,100000002,100000001,100000000,20.0,20.03,1,2025-09-13T20:36:00Z,2025-09-16T00:12:37Z,2025-09-16T01:57:52Z,2025-09-16T07:42:00Z,WB-000223,True,2025-09-09T11:14:00Z,1,2
536d0280-f353-4555-860b-2d5303043439,SHP-000224,704dc28c-8f36-48b4-8a53-6e222fcde2a7,e92915a3-85cd-44bf-901c-93a3b1f22be5,100000003,100000000,100000002,35.0,34.97,2,2025-10-09T11:35:52Z,2025-10-16T00:33:50Z,2025-10-16T01:39:24Z,2025-10-16T07:48:00Z,WB-000224,False,2025-10-09T11:47:00Z,1,2
bebe53c7-35a1-4c3d-9c0b-b223055da2bf,SHP-000225,37dda186-90d4-4aee-aa81-a841e927194f,fae2d4a8-a475-4fa7-8d30-69bfca6628a8,100000000,100000001,100000001,35.0,35.1,2,2025-09-28T23:44:23Z,2025-10-01T04:26:15Z,2025-10-01T04:54:28Z,2025-10-01T08:57:00Z,WB-000225,True,2025-09-25T13:23:00Z,1,2
77b5a5bf-c561-42cb-a9c9-c0511ac0b3d7,SHP-000226,b0e69247-7c99-4f92-a14d-e07d04a9c38c,6719f379-a846-49fe-9428-3c61f97790b2,100000005,100000001,100000000,150.0,150.71,7,2025-10-04T23:52:20Z,2025-10-06T06:24:35Z,2025-10-06T08:12:31Z,2025-10-06T12:36:00Z,WB-000226,True,2025-09-30T10:27:00Z,1,2
1635fe01-8bae-43c8-94f2-0f2c9532314d,SHP-000227,ce477169-c84b-4083-bace-a57b086d6fbb,792e3062-b383-4ee1-b428-941d47cec420,100000002,100000000,100000000,125.0,125.11,6,2025-09-23T14:16:22Z,2025-09-24T21:51:43Z,2025-09-24T23:27:21Z,2025-09-25T06:28:00Z,WB-000227,True,2025-09-23T13:41:00Z,1,2
e6fc3f24-a68a-43cf-a5d2-8f470cbc4b4a,SHP-000228,cb86a0d8-8a6a-4b25-aa5c-456dc6b4ebbd,f4fe8005-433c-47b1-b267-f0b6442fec0e,100000001,100000000,100000000,215.0,214.39,9,2026-01-11T12:30:23Z,2026-01-12T22:16:30Z,2026-01-12T23:17:06Z,2026-01-13T12:04:00Z,WB-000228,True,2026-01-11T11:34:00Z,1,2
d50af963-cc05-43bd-9b10-e45f988209a7,SHP-000229,d27be71e-685d-4751-9a19-5aa4a111f44b,23bdec0a-9085-4205-b160-fa4dc2e8574f,100000001,100000000,100000000,25.0,24.99,2,2025-10-20T17:03:25Z,2025-10-26T07:47:45Z,2025-10-26T09:07:02Z,2025-10-26T12:42:00Z,WB-000229,True,2025-10-20T13:34:00Z,1,2
dd35e7d2-a317-43b6-a811-69e5a6cf355d,SHP-000230,45fb0dcf-d08d-4a30-ba39-fd6ffbd3bfcb,71a3fad2-b094-4d2a-aaa9-3b436d15f16f,100000000,100000001,100000002,15.0,14.97,1,2025-10-16T05:23:06Z,2025-10-17T22:58:35Z,2025-10-18T00:51:32Z,2025-10-18T05:25:00Z,WB-000230,True,2025-10-13T08:45:00Z,1,2
5444aaf1-4d22-47fe-8350-d42f37ef93aa,SHP-000231,d5b21bf1-c66a-47d0-a6cb-674e43a71e40,f0636972-c737-427a-9e34-106afa902bfb,100000002,100000000,100000002,60.0,59.68,3,2025-10-23T15:01:13Z,2025-10-26T00:40:41Z,2025-10-26T01:07:37Z,2025-10-26T10:43:00Z,WB-000231,True,2025-10-23T12:06:00Z,1,2
055b94b6-665b-4d55-8cea-f21af6a3f825,SHP-000232,712889fa-a94f-432a-9da1-d0384d11072f,705faecd-2edf-402e-b531-8081b4effa29,100000001,100000001,100000002,420.0,418.88,18,2025-12-23T13:46:04Z,2025-12-24T20:01:18Z,2025-12-24T21:11:48Z,2025-12-25T06:16:00Z,WB-000232,True,2025-12-20T10:42:00Z,1,2
4aff2123-bfe8-4aed-87f4-209539c1baf7,SHP-000233,aa58feda-b960-4b74-a32f-be6b7dd2ab19,397a284f-76a4-479b-bd67-34588f2d0b17,100000000,100000000,100000000,325.0,326.33,14,2025-11-19T09:33:58Z,2025-11-21T23:04:51Z,2025-11-21T23:29:16Z,2025-11-22T06:04:00Z,WB-000233,True,2025-11-19T08:09:00Z,1,2
99177952-cb61-4ac1-a3fc-e39e6e81c02e,SHP-000234,55fac683-d062-4b87-b3b1-519df3940f4e,ea8b31f5-ccae-48fe-94eb-8e20af7c7d2b,100000000,100000000,100000000,50.0,50.07,3,2025-11-08T15:51:44Z,2025-11-11T02:49:37Z,2025-11-11T03:19:21Z,2025-11-11T07:57:00Z,WB-000234,True,2025-11-08T14:03:00Z,1,2
bb07fcc1-b4ee-4df3-a1cb-d3c1cc97cda2,SHP-000235,50e9636e-197d-48b1-961b-14dd45f11959,7147f758-cdbe-4548-aa65-66e8fe1ad905,100000003,100000000,100000000,15.0,15.08,1,2025-11-03T16:01:59Z,2025-11-06T00:59:18Z,2025-11-06T01:49:46Z,2025-11-06T08:04:00Z,WB-000235,True,2025-11-03T13:42:00Z,1,2
5975aeca-7ccc-46cf-b4ba-14c23e89f661,SHP-000236,54b69482-f903-41e5-ba86-80ddae6773af,3c775558-b365-4b7c-8853-bc5542e17302,100000000,100000000,100000000,50.0,50.14,3,2025-11-10T16:29:20Z,2025-11-15T05:57:52Z,2025-11-15T06:52:50Z,2025-11-15T10:00:00Z,WB-000236,True,2025-11-10T13:36:00Z,1,2
d548e741-56bc-46c6-8bc9-07ddffb77dd3,SHP-000237,ebbe1cf4-4496-4518-9e19-ad54514fe370,76b90472-7470-424c-b9f6-b641063ff61e,100000000,100000001,100000000,60.0,59.98,3,2025-11-11T13:02:26Z,2025-11-13T00:48:14Z,2025-11-13T01:29:04Z,2025-11-13T09:47:00Z,WB-000237,True,2025-11-09T06:04:00Z,1,2
f8b30f5a-a676-4ae3-9d8b-38f5de43bbbb,SHP-000238,926042fc-d9ca-4e7d-a282-84faa0ab3e0b,cb618d75-aa96-4dfb-a79b-265ab15f3994,100000000,100000001,100000000,245.0,245.09,11,2025-11-15T19:13:21Z,2025-11-17T03:42:50Z,2025-11-17T05:15:56Z,2025-11-17T08:51:00Z,WB-000238,True,2025-11-12T05:09:00Z,1,2
189e7567-7650-4c0c-8b16-0fbd91fbf9e6,SHP-000239,9620a685-0768-4c54-97bf-12b2ec64eda6,4fb67094-123c-4911-abd8-ad4d3eacdb28,100000002,100000000,100000002,40.0,40.21,2,2025-11-16T12:28:33Z,2025-11-18T04:29:27Z,2025-11-18T05:00:24Z,2025-11-18T10:38:00Z,WB-000239,True,2025-11-16T09:36:00Z,1,2
e69bfcd2-c512-4989-95fa-27db43fba438,SHP-000240,0a70e53c-a03f-4417-b6f4-af9b7e0a7c12,5e3ece60-9ef6-499f-b3b4-daf34ad1d634,100000000,100000001,100000001,115.0,115.03,5,2025-11-07T21:54:22Z,2025-11-08T05:50:42Z,2025-11-08T07:15:05Z,2025-11-08T12:15:00Z,WB-000240,True,2025-11-05T06:37:00Z,1,2
9f97e7ed-b0ff-427c-9cd3-4d5cdaa12743,SHP-000241,5ef0d853-9ebd-4552-9ded-2282dd8b99ad,9bafcc20-0e16-4f3f-938c-c0ca17acd7e9,100000005,100000000,100000000,75.0,74.81,4,2025-11-04T10:56:01Z,2025-11-08T03:21:20Z,2025-11-08T05:11:56Z,2025-11-08T10:51:00Z,WB-000241,True,2025-11-04T09:42:00Z,1,2
b47cce9e-d0f7-47fb-9c35-45a62f93484e,SHP-000242,931cc76a-ca68-42ed-827e-a023176b8970,16591c89-21eb-4aa9-9a2b-d69c450f69ee,100000003,100000000,100000002,220.0,220.13,10,2025-11-17T11:31:27Z,2025-11-19T05:02:39Z,2025-11-19T06:22:45Z,2025-11-19T12:49:00Z,WB-000242,True,2025-11-17T11:14:00Z,1,2
70e9d59b-4a40-43c2-822a-c483894af5ef,SHP-000243,303fe6b5-ad01-4254-831e-acd7e888ef39,5bdb1834-076a-4ae8-8a80-b197f97d7124,100000002,100000000,100000002,25.0,25.03,2,2025-11-15T10:54:59Z,2025-11-16T03:25:57Z,2025-11-16T04:20:00Z,2025-11-16T10:28:00Z,WB-000243,True,2025-11-15T07:28:00Z,1,2
bcac4fcc-9f80-4792-89b8-c638990d1228,SHP-000244,63d7599d-9931-42bd-b058-b440050be25e,fab6ad91-bacf-4cfc-9245-1cc41bfb3b3d,100000000,100000001,100000002,70.0,69.88,3,2025-11-20T19:12:42Z,2025-11-22T04:29:23Z,2025-11-22T05:31:14Z,2025-11-22T11:34:00Z,WB-000244,True,2025-11-15T07:25:00Z,1,2
2535a3f5-1f11-4a48-b3fa-3b6e39f21828,SHP-000245,dd2a62a7-f61c-4fe9-b2ec-81aaf42b0176,ff3c6d4e-a1dc-4cab-8e21-3ce5668eb10e,100000003,100000000,100000000,55.0,55.15,3,2025-11-09T14:47:55Z,2025-11-15T03:33:54Z,2025-11-15T04:30:22Z,2025-11-15T09:08:00Z,WB-000245,True,2025-11-09T11:49:00Z,1,2
993a9e78-5024-4a19-8d0a-31b0757ec55b,SHP-000246,dd839d94-bc11-4e6d-8657-52d85849b91a,97f971d5-94f8-4e6c-8416-c07cb6a787b1,100000003,100000001,100000000,175.0,174.89,8,2025-11-03T02:30:56Z,2025-11-04T02:52:24Z,2025-11-04T03:55:38Z,2025-11-04T11:20:00Z,WB-000246,True,2025-10-30T12:53:00Z,1,2
0b3f66cf-8246-412b-8132-49a75a1de91f,SHP-000247,74f709e1-7393-4cc3-abfa-b74119500d0e,4b26f0a3-33b1-4ca4-b74d-34f5caf07226,100000000,100000001,100000001,75.0,74.98,4,2025-11-12T03:58:44Z,2025-11-13T03:56:02Z,2025-11-13T04:20:59Z,2025-11-13T12:07:00Z,WB-000247,True,2025-11-09T07:09:00Z,1,2
f9ff2ed9-5ab8-42c4-b153-00a0fb97e63f,SHP-000248,73c99dc1-3c10-43b5-88e8-cacd0c008903,2bf95861-4827-4440-b6d9-fe1731094211,100000002,100000000,100000000,20.0,19.89,1,2025-11-11T07:23:47Z,2025-11-16T00:07:44Z,2025-11-16T00:33:55Z,2025-11-16T06:37:00Z,WB-000248,True,2025-11-11T06:42:00Z,1,2
be4f6c59-9f0f-4b03-9825-1847a87fbe2c,SHP-000249,08baea08-df6d-4da3-9d84-0a88a586e69c,d9aa2092-00c3-4728-8f0e-eb9d2048018c,100000000,100000000,100000000,20.0,20.01,1,2025-11-09T12:40:22Z,2025-11-13T01:27:25Z,2025-11-13T02:05:30Z,2025-11-13T06:54:00Z,WB-000249,True,2025-11-09T10:26:00Z,1,2
74c8fa27-874a-4ab9-aa2e-e78f2cc5c4dd,SHP-000250,e45fbf0c-777c-412f-9275-5c2569ab9b4c,09360f02-75ac-4819-b14b-5c03605797cf,100000000,100000001,100000002,105.0,105.29,5,2025-11-14T06:48:56Z,2025-11-15T04:59:01Z,2025-11-15T06:09:38Z,2025-11-15T09:37:00Z,WB-000250,True,2025-11-11T08:37:00Z,1,2
4e72499d-6b44-4728-8b6e-8b481544b706,SHP-000251,253269bf-58ea-48fc-a91e-1b34ce41ae8b,1b552618-e57e-42d3-a3dd-e733b225574e,100000000,100000000,100000001,145.0,144.89,7,2025-11-06T12:28:15Z,2025-11-07T23:48:53Z,2025-11-08T01:10:27Z,2025-11-08T05:35:00Z,WB-000251,True,2025-11-06T11:54:00Z,1,2
fc1fe11a-1cc2-414b-9c8e-fac9466f8ae6,SHP-000252,ce03fe1e-4723-43ac-89c4-8fe87694e3a7,05c14422-4ffe-4dfd-bedc-acb7a8b331a0,100000005,100000000,100000001,25.0,25.01,2,2025-11-08T10:28:59Z,2025-11-09T04:23:36Z,2025-11-09T05:01:33Z,2025-11-09T10:54:00Z,WB-000252,True,2025-11-08T08:44:00Z,1,2
c5d773da-04d4-4b56-ab74-c709d57bb799,SHP-000253,df4f010e-bad3-4d3f-b31b-1837596b4201,3be79df4-72ec-416e-88a7-23e9bfa016c2,100000001,100000000,100000001,155.0,154.72,7,2025-11-24T12:22:27Z,2025-11-25T23:12:27Z,2025-11-26T00:56:47Z,2025-11-26T07:16:00Z,WB-000253,True,2025-11-24T11:31:00Z,1,2
687b3759-47ca-4b64-8b73-6296f7dc2cbf,SHP-000254,0f7a9eee-05eb-4cff-8bf8-4d76430783fc,a124fdb2-97be-4f31-a42a-a836989b68c0,100000000,100000000,100000002,25.0,25.11,2,2025-11-16T10:21:34Z,2025-11-21T21:26:22Z,2025-11-21T22:09:49Z,2025-11-22T06:29:00Z,WB-000254,True,2025-11-16T09:20:00Z,1,2
73d30bea-c669-438a-9b15-499a36701ee1,SHP-000255,05ac5b6b-d560-4096-a2cc-bf4f4da1e3ea,84222f58-f022-44af-bb76-4637d277ab64,100000000,100000000,100000000,55.0,55.09,3,2025-11-09T16:35:31Z,2025-11-15T23:03:45Z,2025-11-16T01:01:34Z,2025-11-16T05:56:00Z,WB-000255,True,2025-11-09T13:20:00Z,1,2
778fdb83-1a3f-4db5-84e2-62910e8e2cf4,SHP-000256,1db6e10f-96a8-4047-a03c-7799050582e9,33bcb8a9-c71d-4564-8992-b886c8f216c1,100000000,100000000,100000000,105.0,105.21,5,2025-11-20T10:54:42Z,2025-11-27T05:56:54Z,2025-11-27T07:19:17Z,2025-11-27T11:39:00Z,WB-000256,True,2025-11-20T10:29:00Z,1,2
ed0c2a10-6ed8-473d-9dec-ff17bee41836,SHP-000257,e8b6678a-e1f6-4e9f-99dc-ef9f4a76d529,4ba99d78-b498-45d0-a5b1-c79954cecee7,100000000,100000000,100000000,75.0,74.92,4,2025-11-12T11:26:28Z,2025-11-14T23:02:34Z,2025-11-14T23:58:07Z,2025-11-15T07:49:00Z,WB-000257,True,2025-11-12T09:22:00Z,1,2
2cb61684-5b66-49bb-bfc8-6cfa114bb623,SHP-000258,3f6ea89b-ac54-4c86-a86b-245f62820fab,bf4113cb-32e1-4f17-ab47-ed615372ebed,100000000,100000000,100000000,240.0,240.13,10,2025-11-15T13:47:57Z,2025-11-19T01:07:23Z,2025-11-19T02:06:46Z,2025-11-19T08:36:00Z,WB-000258,True,2025-11-15T10:16:00Z,1,2
2bf74b03-891f-407d-9d86-31698df468a3,SHP-000259,1b1dd405-cfa4-45bd-8fd2-ed8c8b6242d4,e71956a1-de82-4149-91f2-97191e565f21,100000001,100000000,100000001,60.0,59.93,3,2025-11-27T15:27:06Z,2025-11-29T05:35:47Z,2025-11-29T07:31:30Z,2025-11-29T12:31:00Z,WB-000259,True,2025-11-27T12:21:00Z,1,2
9bc8b536-8cae-4090-a94a-7705526b4205,SHP-000260,674440a3-df1f-4814-aaf1-ee3c9dbfa0d4,a0017720-200b-4903-8642-6c458d03f17a,100000000,100000000,100000000,95.0,94.67,4,2025-12-09T13:04:22Z,2025-12-16T00:40:21Z,2025-12-16T01:16:36Z,2025-12-16T05:48:00Z,WB-000260,True,2025-12-09T11:08:00Z,1,2
d890f9dc-c3dc-4b3b-b15e-cfb0f5511946,SHP-000261,65207f14-89fe-4962-95e2-9644b63e18a9,b5ef1ee6-7ff3-44b9-b69f-a399e1bfff1a,100000001,100000000,100000000,35.0,35.12,2,2025-12-02T07:48:17Z,2025-12-06T07:30:53Z,2025-12-06T07:59:43Z,2025-12-06T11:58:00Z,WB-000261,True,2025-12-02T06:31:00Z,1,2
5a0a1977-8541-4efe-bb20-7f18202b8ba3,SHP-000262,af7623b3-c7aa-4946-a2d3-43dbfbfd6c78,3c04a50e-0060-47a3-a073-cd4e192004bd,100000001,100000000,100000000,30.0,29.96,2,2025-11-29T14:02:30Z,2025-12-06T01:57:26Z,2025-12-06T03:54:58Z,2025-12-06T08:53:00Z,WB-000262,True,2025-11-29T10:18:00Z,1,2
99e2a8a2-c987-4a85-b9c7-ec1d7b0ed999,SHP-000263,543b4d84-1564-4fd5-b3d6-e956028e7074,f2ca2002-f650-4852-82bc-e2e0dfd5988e,100000000,100000000,100000000,40.0,40.03,2,2025-11-20T16:09:16Z,2025-11-27T07:36:46Z,2025-11-27T08:39:07Z,2025-11-27T12:29:00Z,WB-000263,True,2025-11-20T13:54:00Z,1,2
318ddb27-fc01-495d-aadd-3b61e3454fee,SHP-000264,6aed4194-8c4d-483b-b2cd-ea9ba3f43ad8,c425d020-4389-4f66-9780-29e939d00762,100000002,100000000,100000001,80.0,80.19,4,2025-12-03T14:23:43Z,2025-12-05T20:48:00Z,2025-12-05T22:16:11Z,2025-12-06T04:42:00Z,WB-000264,True,2025-12-03T14:00:00Z,1,2
6503ec85-bbe4-466b-8166-420bc5f70088,SHP-000265,954e0b15-d368-4727-8d3d-efd40a2bb511,6a429bd5-cd71-42b4-9471-104f1859c5ae,100000000,100000000,100000002,100.0,100.25,5,2026-01-29T13:14:23Z,2026-01-31T01:50:23Z,2026-01-31T03:04:54Z,2026-01-31T08:11:00Z,WB-000265,True,2026-01-29T09:45:00Z,1,2
5a7173d2-a0cc-4ff1-b4ba-d8e06f611b3f,SHP-000266,1c328f13-134c-4302-8b54-c9a69efe157e,11925880-301d-4817-a673-d42dc7af75de,100000001,100000000,100000000,140.0,140.4,6,2025-12-03T11:16:44Z,2025-12-05T15:32:11Z,2025-12-05T17:13:17Z,2025-12-06T07:27:00Z,WB-000266,True,2025-12-03T07:58:00Z,1,2
b5c0b038-cb2d-4bb3-86ee-7aa43deeaf95,SHP-000267,cd784178-3c90-4eda-b650-b1457c12c7bc,59cb1e01-8a40-45cd-9597-b5085bed5760,100000001,100000000,100000001,45.0,44.94,2,2025-12-06T13:25:04Z,2025-12-07T04:47:53Z,2025-12-07T06:44:40Z,2025-12-07T10:46:00Z,WB-000267,True,2025-12-06T13:21:00Z,1,2
dfe92cd1-07e4-4179-bfd6-89aecfb96a61,SHP-000268,53e28593-61df-4fa4-b18d-d4f5066752ca,77902ddf-4b58-4ceb-a6e4-86bf8d2eea22,100000003,100000000,100000002,100.0,100.1,5,2025-12-07T14:34:42Z,2025-12-13T23:33:41Z,2025-12-14T00:37:24Z,2025-12-14T05:46:00Z,WB-000268,True,2025-12-07T12:49:00Z,1,2
073b8919-d8d6-484f-9903-163f29b70e8e,SHP-000269,90c07b36-1ea6-4835-8ba2-3779d58860d8,d523e33f-a539-464f-a29d-c738cdf3c682,100000001,100000000,100000001,35.0,35.12,2,2025-12-31T09:05:10Z,2026-01-03T03:22:06Z,2026-01-03T05:00:36Z,2026-01-03T09:50:00Z,WB-000269,True,2025-12-31T05:20:00Z,1,2
ca855325-aa90-4c2f-be91-81f9c8afa76a,SHP-000270,9cb368a8-195e-49a2-ba4d-e650b45ce351,7cd6572f-301b-4b4e-a293-4e8ed189f750,100000004,100000000,100000000,25.0,25.05,2,2025-12-11T09:01:57Z,2025-12-13T00:08:27Z,2025-12-13T00:40:43Z,2025-12-13T05:31:00Z,WB-000270,True,2025-12-11T06:47:00Z,1,2
f181986d-a968-4c8f-bbee-dc049e6bab14,SHP-000271,d8b7f3ef-961e-40c2-bb38-14454186bf5a,a1169da6-76a0-41bb-8e6e-8d63a1aca513,100000000,100000000,100000000,45.0,45.04,2,2025-12-16T06:56:36Z,2025-12-18T00:54:59Z,2025-12-18T01:23:06Z,2025-12-18T09:30:00Z,WB-000271,True,2025-12-16T05:47:00Z,1,2
fa2f5ec0-e967-43b1-8ad5-c31977dc4720,SHP-000272,6e9fb017-39ec-4890-9c04-c7f5bce57202,4001570a-3312-4e73-8485-63a3aeee2302,100000000,100000000,100000002,155.0,154.62,7,2026-01-11T14:13:24Z,2026-01-12T04:49:52Z,2026-01-12T05:30:05Z,2026-01-12T11:48:00Z,WB-000272,True,2026-01-11T13:08:00Z,1,2
475a5b87-a6a2-4c9b-a58b-49e90620b918,SHP-000273,dbfb2e3c-ce2c-4f7d-8908-529cfd5b8237,f3fb6e3e-a445-4061-823e-c6ef24ac36be,100000004,100000000,100000000,205.0,204.76,9,2026-01-20T12:35:32Z,2026-01-24T00:50:28Z,2026-01-24T02:07:17Z,2026-01-24T08:15:00Z,WB-000273,False,2026-01-20T11:15:00Z,1,2
1ee98229-6cba-40fa-a06d-a9fc1b5c6cf7,SHP-000274,a9597976-bcb9-4e4d-a5f4-ed6b078ec39c,5f843666-831f-4c00-9490-029d3e1e0693,100000001,100000000,100000000,130.0,129.57,6,2026-01-03T07:13:00Z,2026-01-09T21:55:07Z,2026-01-09T22:28:28Z,2026-01-10T12:12:00Z,WB-000274,True,2026-01-03T04:53:00Z,1,2
b81247b5-adc5-4ab4-802a-ff3c78e5c38a,SHP-000275,d1991232-51ba-44b1-ac92-6133714252f0,45f46772-9980-4a4d-9dfc-e905b56c8e75,100000004,100000000,100000000,30.0,29.97,2,2025-12-10T12:35:01Z,2025-12-14T22:06:11Z,2025-12-14T23:48:29Z,2025-12-15T05:30:00Z,WB-000275,True,2025-12-10T11:18:00Z,1,2
fc96cdf1-737c-4628-a1dc-57b931948b3f,SHP-000276,36bd2174-db4f-4573-b86c-b67ebbbfc2de,4b94b930-393a-4207-b19c-c375a599252d,100000002,100000000,100000000,35.0,34.61,2,2025-12-09T12:46:01Z,2025-12-13T20:57:52Z,2025-12-13T21:47:57Z,2025-12-14T06:09:00Z,WB-000276,True,2025-12-09T12:43:00Z,1,2
fc39e441-fbdd-43cc-aaaa-a728ec6436d3,SHP-000277,07fcf70e-0abf-40a5-8b27-50e06b430804,70cbb7dd-7f63-4e27-a67f-1ff6c4e84692,100000000,100000000,100000000,50.0,50.13,3,2025-12-17T09:26:44Z,2025-12-21T04:26:44Z,2025-12-21T06:21:17Z,2025-12-21T09:58:00Z,WB-000277,True,2025-12-17T09:44:00Z,1,2
aa981343-1c51-4edd-b249-b2f9be70269b,SHP-000278,4a4daab0-32b4-4207-ad66-c6b9fcb78cd9,1e0914d2-e5c9-43b1-a898-dac4f736df7e,100000001,100000000,100000000,240.0,240.42,10,2025-12-16T10:41:00Z,2025-12-18T03:10:59Z,2025-12-18T05:07:27Z,2025-12-18T08:23:00Z,WB-000278,True,2025-12-16T07:59:00Z,1,2
fd46aa1a-fe24-43fd-9756-85e0069c51f3,SHP-000279,c767ee82-00f1-40f8-91da-b383e5397835,fa24f286-3820-4343-b500-0529b5a8db84,100000000,100000000,100000001,20.0,20.08,1,2025-12-20T09:52:58Z,2025-12-21T03:12:56Z,2025-12-21T03:48:37Z,2025-12-21T08:54:00Z,WB-000279,True,2025-12-20T08:57:00Z,1,2
7fb22acf-ed94-4a6b-baad-f302af0b06e4,SHP-000280,030b79bc-482e-4ae9-a2de-ec438922c52c,b43bd27f-42a2-49a6-8664-12854303cbc1,100000000,100000000,100000003,160.0,159.94,7,2025-12-27T09:34:09Z,2025-12-27T23:51:29Z,2025-12-28T00:47:53Z,2025-12-28T05:59:00Z,WB-000280,True,2025-12-27T09:19:00Z,1,2
c6f88b2b-1c49-4650-ade6-71197d97ec25,SHP-000281,9e20e54a-5cdc-4284-9a07-660baadfc399,a02a4c45-5e61-4b35-bb53-58345656a671,100000001,100000000,100000002,175.0,174.64,8,2025-12-31T14:28:16Z,2026-01-02T17:54:52Z,2026-01-02T19:01:58Z,2026-01-03T09:15:00Z,WB-000281,True,2025-12-31T12:31:00Z,1,2
b2232b46-5490-4ad4-afa2-ac8a2360fd3b,SHP-000282,e40e8ef4-0d91-4958-8238-8c9f4bd8caae,f4de6a69-6494-446a-bf00-5dab4a490f80,100000000,100000000,100000001,25.0,25.03,2,2026-01-10T12:16:35Z,2026-01-15T00:31:20Z,2026-01-15T02:11:05Z,2026-01-15T07:29:00Z,WB-000282,True,2026-01-10T10:07:00Z,1,2
a370cae9-9c19-48f1-ada8-15a5b18bd31c,SHP-000283,1b58ca68-9cfb-4d14-bf79-57066549fb21,c2c76cf4-91fd-42b9-b2d9-c2b7416a4f9f,100000000,100000001,100000002,35.0,34.89,2,2026-01-11T07:36:49Z,2026-01-12T02:13:07Z,2026-01-12T03:23:39Z,2026-01-12T07:45:00Z,WB-000283,True,2026-01-07T10:58:00Z,1,2
1809f1cd-d1f3-4a99-b7d5-aa22aaabfb68,SHP-000284,565a2363-a939-4251-9c7e-5ebd80eaa49f,cc1b4157-ec9f-4c54-9e0a-72ab7f5db163,100000000,100000000,100000000,65.0,64.85,3,2026-01-31T08:04:21Z,2026-02-04T04:53:33Z,2026-02-04T06:23:07Z,2026-02-04T10:33:00Z,WB-000284,True,2026-01-31T06:58:00Z,1,2
9b083fde-1fcf-44cf-8af7-faf8b4571337,SHP-000285,19a06968-c3a3-4bf7-a222-2508d93562d7,087df61d-21e4-47e7-b856-fcb38b27036b,100000005,100000000,100000000,30.0,30.08,2,2026-01-19T14:58:11Z,2026-01-23T23:40:26Z,2026-01-24T00:55:04Z,2026-01-24T05:43:00Z,WB-000285,True,2026-01-19T12:08:00Z,1,2
31510f56-8d9c-47fe-a67f-1bdb86554ed3,SHP-000286,eabdad2f-628d-4aca-abf4-acc3384200a0,2bee2fff-8b5f-43fe-b75d-dff45d123e9b,100000002,100000000,100000000,255.0,253.79,11,2026-02-14T11:11:26Z,2026-02-15T23:00:22Z,2026-02-15T23:32:20Z,2026-02-16T07:54:00Z,WB-000286,True,2026-02-14T08:50:00Z,1,2
f7c3be6f-2ece-498b-8735-ae694743277c,SHP-000287,a714a8e0-5220-4b70-8ab5-134db0006470,5841b548-e47d-45ce-b06b-ba502d4aad08,100000000,100000000,100000000,55.0,54.91,3,2026-02-12T08:11:42Z,2026-02-18T03:13:05Z,2026-02-18T05:04:53Z,2026-02-18T09:46:00Z,WB-000287,True,2026-02-12T08:38:00Z,1,2
81bc2056-578d-4022-9af2-6198868cd1b5,SHP-000288,30ad559e-97dd-4230-93ab-087fc2ae2066,585abefb-d181-4f77-a500-1423faebcd19,100000000,100000001,100000001,80.0,79.74,4,2026-02-12T17:31:45Z,2026-02-13T22:01:41Z,2026-02-13T23:41:58Z,2026-02-14T11:26:00Z,WB-000288,True,2026-02-08T09:17:00Z,1,2
33506439-eaa1-4a5a-9e42-5430939df9f1,SHP-000289,336d9178-fa16-41ba-bbbb-fc3beace85d1,8400bf6e-32c2-468c-973d-c559122beb5e,100000000,100000000,100000000,45.0,45.04,2,2026-02-23T07:09:26Z,2026-02-28T02:33:12Z,2026-02-28T04:26:18Z,2026-02-28T08:20:00Z,WB-000289,True,2026-02-23T06:02:00Z,1,2
3760246f-8d6a-4a32-9c9d-fc12c9e4ee4c,SHP-000290,cb0aea27-c71d-4100-80b4-b859ae520d8b,7a9ede9d-af6c-4716-8453-2d47f5a0cc24,100000003,100000000,100000000,25.0,25.04,2,2026-02-19T13:00:40Z,2026-02-22T02:36:10Z,2026-02-22T03:19:37Z,2026-02-22T10:56:00Z,WB-000290,True,2026-02-19T10:43:00Z,1,2
82f70109-fda7-490a-b5ed-7e97b5f393cf,SHP-000291,905ad637-1afd-4d71-a4aa-9a4889a3c0d9,0ce7b866-f413-4a29-9f4f-e0a3eca0b24e,100000003,100000001,100000001,60.0,59.72,3,2026-02-10T13:07:57Z,2026-02-11T07:32:25Z,2026-02-11T09:08:34Z,2026-02-11T12:42:00Z,WB-000291,True,2026-02-07T07:05:00Z,1,2
52ef7ad5-0102-4881-a44f-d1ce15a8a9d9,SHP-000292,32ffdaa2-2d88-47a7-adb9-c56b99a1a61e,baff361a-b37e-4c41-9a62-75f5cf590b8e,100000003,100000000,100000000,135.5,135.21,6,2026-02-21T14:38:09Z,2026-02-23T22:00:48Z,2026-02-23T23:22:47Z,2026-02-24T05:55:00Z,WB-000292,True,2026-02-21T11:35:00Z,1,2
2ed45155-e7ec-4c5c-97f0-9425a5c6fa1b,SHP-000293,1da7bdd9-e0b9-4320-b6c4-f6b29b0db81d,a5e11793-6fa0-41cc-9776-6542abfec3a0,100000000,100000000,100000000,45.0,45.12,2,2026-02-25T13:20:23Z,2026-03-02T05:03:46Z,2026-03-02T06:54:37Z,2026-03-02T12:46:00Z,WB-000293,True,2026-02-25T13:03:00Z,1,2
00a9f18e-47b2-4bae-b1ce-ee51c03abcb0,SHP-000294,47becdc4-bbf5-4d6d-81b1-6807a036a75d,4f28ceb2-3f91-4c50-8e92-aeeb5d55b647,100000003,100000000,100000002,220.0,219.89,10,2026-04-11T07:54:16Z,2026-04-13T02:36:31Z,2026-04-13T03:17:25Z,2026-04-13T07:10:00Z,WB-000294,True,2026-04-11T05:30:00Z,1,2
52993e50-e611-4487-bfae-be993cb0df23,SHP-000295,3125ea31-c7ef-4e37-8052-7a8929561b8d,397a284f-76a4-479b-bd67-34588f2d0b17,100000000,100000000,100000000,55.0,54.96,3,2026-02-22T11:44:51Z,2026-02-28T04:04:26Z,2026-02-28T05:07:14Z,2026-02-28T10:41:00Z,WB-000295,True,2026-02-22T11:45:00Z,1,2
addf0ca5-cd4b-4cad-b4f8-cd3a1ec7123e,SHP-000296,80b99b9e-3ced-4d81-aeeb-32b22cd3d40d,b14f7ce1-9278-478b-9db8-05b5584ee369,100000000,100000000,100000000,95.0,95.15,4,2026-03-14T07:49:31Z,2026-03-19T00:32:14Z,2026-03-19T01:29:15Z,2026-03-19T04:50:00Z,WB-000296,True,2026-03-14T07:33:00Z,1,2
45dcb16f-115e-49e8-9560-2886371fc3dc,SHP-000297,65da3acc-285b-4cd9-8645-ea4cc2b5de99,b4848204-fa06-4d04-9bcf-ecffa4771141,100000005,100000000,100000000,60.0,59.86,3,2026-02-21T10:04:33Z,2026-02-26T03:10:39Z,2026-02-26T03:41:42Z,2026-02-26T12:08:00Z,WB-000297,False,2026-02-21T10:12:00Z,1,2
f216e8f5-d88b-4fed-9e0d-4957a9b4d3d5,SHP-000298,f5e68e1f-1846-402a-8894-a869039de625,474cd1a1-b60f-4d69-9d05-0f7045cb86d6,100000000,100000000,100000000,105.0,105.07,5,2026-03-08T09:41:17Z,2026-03-09T03:26:20Z,2026-03-09T04:26:06Z,2026-03-09T09:50:00Z,WB-000298,True,2026-03-08T08:20:00Z,1,2
3e381a25-c5d3-4a84-90ec-53f86850dc56,SHP-000299,b2b33d90-58de-4565-a6b9-cc1cc75eb31d,095ffa81-40d9-4bce-b930-ba208b040f49,100000000,100000001,100000000,175.0,174.97,8,2026-03-08T06:42:22Z,2026-03-10T03:31:30Z,2026-03-10T05:23:37Z,2026-03-10T10:28:00Z,WB-000299,True,2026-03-03T05:11:00Z,1,2
4f47b151-cbd1-4ddb-aa7b-9d0d7324e957,SHP-000300,c649ee31-a373-499b-a529-04a166e3c03f,7a79e8e2-e43d-4011-a215-5170bd2e233a,100000003,100000000,100000001,55.0,55.01,3,2026-03-04T07:27:37Z,2026-03-05T06:07:09Z,2026-03-05T06:33:30Z,2026-03-05T13:20:00Z,WB-000300,True,2026-03-04T05:17:00Z,1,2
c88ad515-c1f1-4710-ad6c-c07a1770c2e4,SHP-000301,4fe2a864-cd19-4604-a1ae-23bfc94c0481,5c2ed7bf-8a65-4f75-a076-0e6a6259375a,100000002,100000000,100000000,55.0,54.97,3,2026-03-08T10:42:18Z,2026-03-13T22:51:20Z,2026-03-14T00:04:32Z,2026-03-14T05:03:00Z,WB-000301,True,2026-03-08T07:47:00Z,1,2
d97663af-1a52-47d0-982e-2e6b41c34a29,SHP-000302,e93b1616-02f6-4403-b97a-7f49a37eea12,7bcc3786-d4e9-473d-89cb-7bfed7e6a8c1,100000003,100000001,100000002,20.0,20.04,1,2026-03-17T08:15:30Z,2026-03-18T00:27:05Z,2026-03-18T01:53:32Z,2026-03-18T11:37:00Z,WB-000302,True,2026-03-14T05:21:00Z,1,2
08d64d9c-167b-4dff-9920-b2956e0e3c00,SHP-000303,9cc8014e-ad01-42a7-a526-29abdd84b35d,0fc98d2e-030f-4be9-9f17-8f9323c97a1e,100000000,100000000,100000002,139.5,139.67,6,2026-03-17T07:30:04Z,2026-03-19T05:52:39Z,2026-03-19T06:37:23Z,2026-03-19T11:00:00Z,WB-000303,True,2026-03-17T07:15:00Z,1,2
13dc1107-4cd5-4f51-a47d-f50887e831cd,SHP-000304,daa8310b-1dcf-40e2-83c3-732ce9492f76,818b4ed4-7fa4-48ff-8225-5b2c37f81f31,100000000,100000000,100000003,55.0,55.0,3,2026-03-21T10:17:37Z,2026-03-22T01:37:05Z,2026-03-22T02:25:05Z,2026-03-22T07:22:00Z,WB-000304,True,2026-03-21T10:07:00Z,1,2
2c652e67-91a4-4a08-9e0c-92387afbd689,SHP-000305,824ac787-1c23-4a8d-ae9a-61753c66d5dd,8742d40f-7400-4b31-a86b-4b6f7dcf4428,100000000,100000000,100000001,20.0,19.98,1,2026-03-24T08:07:15Z,2026-03-30T08:38:46Z,2026-03-30T09:05:44Z,2026-03-30T13:22:00Z,WB-000305,True,2026-03-24T05:42:00Z,1,2
0302aa68-fd01-4d87-920d-68a20bba36ba,SHP-000306,6a2c5b7d-7e89-4f91-8cb4-743a4b8ceb43,ec50ace4-80a5-4e65-afa2-855967c96204,100000004,100000001,100000001,190.0,190.03,8,2026-03-25T03:04:22Z,2026-03-26T01:23:28Z,2026-03-26T02:15:11Z,2026-03-26T09:19:00Z,WB-000306,True,2026-03-19T12:44:00Z,1,2
c4d58460-d639-4099-9139-054f187841e5,SHP-000307,56896490-9dc4-4fd3-a39c-b178b01a38fc,9a1c34dc-df68-438c-937d-00260d42be4b,100000001,100000000,100000000,90.0,90.23,4,2026-03-16T11:32:13Z,2026-03-16T23:19:36Z,2026-03-17T00:17:06Z,2026-03-17T12:45:00Z,WB-000307,True,2026-03-16T09:48:00Z,1,2
12a51a72-4fb9-49c9-b52d-38cfca5db449,SHP-000308,c9733b50-1aa5-4c7d-8603-538647f3d1bf,080a1cf5-a6f3-4448-8a76-c888e7b1a394,100000000,100000000,100000002,55.0,54.96,3,2026-03-12T14:40:13Z,2026-03-14T20:48:54Z,2026-03-14T22:15:04Z,2026-03-15T05:41:00Z,WB-000308,True,2026-03-12T11:54:00Z,1,2
6cccd4c1-67ea-4aa5-897f-9b5b6760179a,SHP-000309,c2a9461d-c47b-4ecd-93a1-0485420de6dd,d40c66be-2b5f-463c-a11d-70ab145a09ad,100000002,100000000,100000000,20.0,19.98,1,2026-03-14T14:47:56Z,2026-03-18T00:29:07Z,2026-03-18T01:19:24Z,2026-03-18T06:36:00Z,WB-000309,True,2026-03-14T12:23:00Z,1,2
babdcf9a-430f-40b4-a9fc-49191256abb3,SHP-000310,394e4a92-c858-4a77-a646-91199e02dbb1,3dba6da8-5844-49fc-914b-9547c9dc72b8,100000000,100000001,100000000,50.0,49.97,3,2026-03-18T22:38:38Z,2026-03-21T04:26:43Z,2026-03-21T06:24:25Z,2026-03-21T13:09:00Z,WB-000310,True,2026-03-15T06:33:00Z,1,2
3403bd27-3886-4631-8110-bc68f851ccea,SHP-000311,362ee265-12cb-4d9d-be6b-a40c3a25f8ef,ccda775c-a8ba-4f8f-9176-026420a22a93,100000000,100000000,100000002,60.0,60.21,3,2026-03-11T11:56:55Z,2026-03-13T21:13:47Z,2026-03-13T22:55:26Z,2026-03-14T06:10:00Z,WB-000311,True,2026-03-11T10:22:00Z,1,2
786274ad-456b-4fed-b82b-4834882146c5,SHP-000312,65df6f0c-76fe-41ca-9976-029c475ee308,c544a049-6811-4a5c-8e3f-d50bf28c635f,100000000,100000001,100000001,65.0,64.8,3,2026-03-16T01:38:02Z,2026-03-18T03:24:03Z,2026-03-18T05:03:30Z,2026-03-18T10:34:00Z,WB-000312,False,2026-03-11T10:26:00Z,1,2
47f9c04c-2721-4983-b44d-7d24eae03ef3,SHP-000313,cba7669a-a177-436b-8200-5926eb785990,8c0499ff-71e6-4566-8309-35fa5a7e4e9d,100000001,100000000,100000000,25.0,25.01,2,2026-04-07T14:21:29Z,2026-04-14T00:53:25Z,2026-04-14T02:49:45Z,2026-04-14T07:36:00Z,WB-000313,True,2026-04-07T13:21:00Z,1,2
9fdc91d8-1a1a-4dc8-9427-11d3594daae4,SHP-000314,0c1d2d40-cd62-4329-b6bc-884d6a220453,371831f3-d527-489b-9b28-65da4cb9be7b,100000001,100000000,100000002,195.0,195.05,9,2026-03-22T11:16:36Z,2026-03-23T00:31:58Z,2026-03-23T02:11:09Z,2026-03-23T04:38:00Z,WB-000314,True,2026-03-22T10:59:00Z,1,2
ef1d8410-3317-4db4-a80a-9192c3605b8a,SHP-000315,36308749-94f8-4025-96cf-3b02cb4935f1,6c3eff5d-dd0e-432f-ab19-1261886f5d21,100000004,100000000,100000000,60.0,59.79,3,2026-03-24T05:59:12Z,2026-03-30T22:15:33Z,2026-03-30T22:40:06Z,2026-03-31T05:25:00Z,WB-000315,True,2026-03-24T05:44:00Z,1,2
e0afb721-a81d-43df-8b81-21ac51704894,SHP-000316,2e3e4005-b63f-4a9d-9dff-dbf20c494646,3d4196fe-963a-4617-bdab-07e79d9d028e,100000001,100000000,100000002,465.0,465.24,20,2026-04-09T15:38:41Z,2026-04-11T05:19:02Z,2026-04-11T06:09:01Z,2026-04-11T12:18:00Z,WB-000316,True,2026-04-09T12:59:00Z,1,2
0393ab7d-ed5c-4ab4-95e8-9f9b89849eef,SHP-000317,54e80ad8-ca34-47ab-9f0e-e52b830ebed5,8a61f755-0c6b-4d43-bb37-eb7955315e27,100000001,100000000,100000002,40.0,40.04,2,2026-04-18T06:21:33Z,2026-04-20T23:24:18Z,2026-04-21T01:02:47Z,2026-04-21T05:54:00Z,WB-000317,True,2026-04-18T05:29:00Z,1,2
c770295e-d097-4189-b4b3-ef5a06f2e717,SHP-000318,9f0a35a3-e36b-4d6d-967e-6484894f2882,cca8f708-df77-41cc-85d1-cfbdd2ec8e7a,100000004,100000001,100000002,175.0,174.87,8,2026-04-08T07:40:33Z,2026-04-08T21:52:21Z,2026-04-08T23:00:51Z,2026-04-09T05:26:00Z,WB-000318,True,2026-04-05T08:44:00Z,1,2
8fe902fd-5b68-4339-a757-5528f018d57e,SHP-000319,7fbebf58-4409-4ee3-a6e3-179952ed7379,4008d4da-a819-413d-84fa-84a427d764ce,100000001,100000001,100000000,440.0,440.8,19,2026-04-24T22:24:19Z,2026-04-26T07:38:06Z,2026-04-26T09:06:51Z,2026-04-26T13:00:00Z,WB-000319,True,2026-04-20T10:21:00Z,1,2
e1d8bb0f-0867-4c40-a3f9-10c33b6467af,SHP-000320,aa86e1e0-79d9-441d-807d-6000e981bad2,ca0a4ac9-31f3-4260-9f43-eb20fd6f6bbb,100000000,100000000,100000001,55.0,55.11,3,2026-05-25T10:09:22Z,2026-05-26T19:42:58Z,2026-05-26T20:48:41Z,2026-05-27T05:47:00Z,WB-000320,True,2026-05-25T07:34:00Z,1,2
5af92f74-55b3-4432-aa66-25cbf69dd81b,SHP-000321,40fd22b7-cd31-434b-b041-b88cb08047cb,2207cb65-b197-4ed1-857a-e3fff8ed08ae,100000000,100000000,100000001,135.0,134.72,6,2026-05-04T12:19:51Z,2026-05-09T00:40:30Z,2026-05-09T02:36:24Z,2026-05-09T05:39:00Z,WB-000321,True,2026-05-04T09:29:00Z,1,2
78c01463-f1d3-4ed1-9f43-8f58338ed5d9,SHP-000322,ddaa5963-8c73-42bf-8133-c9411ea8fea0,da815f02-ed2a-490c-a9ee-043c9d85b47a,100000001,100000000,100000000,105.0,104.77,5,2026-05-09T09:01:29Z,2026-05-10T15:01:06Z,2026-05-10T16:03:01Z,2026-05-11T09:24:00Z,WB-000322,True,2026-05-09T06:53:00Z,1,2
a3c6bb88-7151-464b-8752-6c1421077667,SHP-000323,d42e63d0-11ec-4389-b1b8-18f909892a36,d40c66be-2b5f-463c-a11d-70ab145a09ad,100000002,100000001,100000000,15.0,15.0,1,2026-05-13T12:27:23Z,2026-05-16T01:31:12Z,2026-05-16T02:52:09Z,2026-05-16T08:53:00Z,WB-000323,True,2026-05-09T08:57:00Z,1,2
ee208bb3-b6a1-4626-9cce-d368c234d174,SHP-000324,63e07b88-e091-40ce-82a6-2da5c798d84b,d50624d6-6a9f-4613-9acc-0bfc28f724f6,100000001,100000001,100000001,90.0,90.13,4,2026-05-08T03:16:43Z,2026-05-08T23:09:56Z,2026-05-08T23:35:33Z,2026-05-09T12:42:00Z,WB-000324,True,2026-05-06T07:04:00Z,1,2
36cb5fe3-3a98-4d50-ac44-12655c201c91,SHP-000325,d04baef8-7d9b-4ed8-8867-510f1921b734,0e10eb23-0896-42f7-9fba-07942b94e406,100000004,100000001,100000001,70.0,69.97,3,2026-06-01T10:14:38Z,2026-06-02T06:36:55Z,2026-06-02T07:11:15Z,2026-06-02T12:48:00Z,WB-000325,True,2026-05-26T12:50:00Z,1,2
4073f473-90f4-4d3e-8907-11b9e87b261c,SHP-000326,4eb6c54e-5158-4c35-85c9-5c1ffdca3443,012154e0-e0a1-4e5c-aab6-4bad828236bc,100000002,100000000,100000000,10.0,10.03,1,2026-05-13T08:07:56Z,2026-05-19T04:17:06Z,2026-05-19T05:17:59Z,2026-05-19T11:48:00Z,WB-000326,True,2026-05-13T05:56:00Z,1,2
8bc9a05c-aeb8-49bb-bbf8-fab2a1235ee0,SHP-000327,a934a0d8-a524-46ce-8b37-cc6c77da929a,53968833-299f-48c5-a060-e7d5ea444391,100000000,100000000,100000000,10.0,10.02,1,2026-05-23T13:47:17Z,2026-05-26T01:44:49Z,2026-05-26T03:33:04Z,2026-05-26T09:10:00Z,WB-000327,True,2026-05-23T13:01:00Z,1,2
50ece321-155a-4bb2-9fb5-2933e3b707ac,SHP-000328,66e095b8-36c2-450c-baaa-366bc3f22db1,0fb5600a-12d5-46b5-b7d2-358beea28bbb,100000000,100000001,100000000,365.0,363.62,16,2026-05-30T01:08:30Z,2026-05-31T02:38:24Z,2026-05-31T03:55:58Z,2026-05-31T09:26:00Z,WB-000328,True,2026-05-25T06:05:00Z,1,2
cd6fa0e0-3312-4afb-a784-e1b1b2342c84,SHP-000329,e3a6ebff-e20e-4c3c-8710-3646771f9dbb,7147f758-cdbe-4548-aa65-66e8fe1ad905,100000003,100000000,100000000,60.0,59.91,3,2026-06-01T08:55:04Z,2026-06-04T02:47:49Z,2026-06-04T04:37:15Z,2026-06-04T09:20:00Z,WB-000329,True,2026-06-01T05:54:00Z,1,2
5baf43cd-fa9c-4df9-834e-a347536b967b,SHP-000330,c01e4934-2a35-44f2-9c5d-52c685b34acb,62212db5-e165-43d1-8e54-8df8798cc079,100000000,100000000,100000001,60.0,59.83,3,2026-06-17T08:54:03Z,2026-06-23T21:29:54Z,2026-06-23T22:23:33Z,2026-06-24T06:54:00Z,WB-000330,True,2026-06-17T06:10:00Z,1,2
081e3840-13a8-465c-be18-daa63ce6ebc1,SHP-000331,ddd59242-5d4d-4b98-a7e8-577673bbec9c,326684ff-3ffe-4652-aac0-32fa130e8618,100000001,100000000,100000000,60.0,59.99,3,2026-05-23T11:17:41Z,2026-05-27T01:06:37Z,2026-05-27T02:50:18Z,2026-05-27T08:53:00Z,WB-000331,True,2026-05-23T10:14:00Z,1,2
1135b92c-fb64-40be-8d9b-ddb7cef0c295,SHP-000332,9acc4fa8-64bf-483a-8dd7-1b0a41bd226a,3c53090e-e1b4-4171-929d-674d798e175f,100000000,100000000,100000000,375.0,375.39,16,2026-05-30T07:55:58Z,2026-06-06T08:02:27Z,2026-06-06T09:01:19Z,2026-06-06T12:57:00Z,WB-000332,True,2026-05-30T05:41:00Z,1,2
11b1bcdf-17d6-49b2-acae-7e06ba7f8ea4,SHP-000333,622157d0-ca95-4d2b-8201-ef759a719624,3ef7839f-8df4-497b-98f8-001856fe4769,100000005,100000000,100000000,635.0,638.99,27,2026-05-28T09:17:32Z,2026-06-01T06:08:05Z,2026-06-01T07:38:09Z,2026-06-01T12:04:00Z,WB-000333,True,2026-05-28T09:23:00Z,1,2
8cd8dce5-090c-4a57-bb1a-5169c4dab957,SHP-000334,915e9d9f-57f9-4cf1-bf96-0506df490ef1,77009e43-7af3-4f44-ba03-d8a09f5b4ced,100000001,100000000,100000000,70.0,69.99,3,2026-06-03T10:44:34Z,2026-06-05T23:44:59Z,2026-06-06T00:43:53Z,2026-06-06T06:26:00Z,WB-000334,True,2026-06-03T08:36:00Z,1,2
9f480979-9411-4792-8cce-44adb0a30cc8,SHP-000335,949f08d5-5a4d-4032-b0da-7ec828b6dddd,4362262d-e07e-4721-a71d-6ba3486dce57,100000000,100000000,100000002,110.0,,5,2026-06-27T11:19:13Z,,,,,,2026-06-27T09:40:00Z,0,100000000
b4680154-d78e-43b0-9645-373b0e7b2ffc,SHP-000336,4b174c0e-2d92-4632-9555-d9451f8e9d03,725d4259-3c4b-4eec-a231-ee7342c2d2eb,100000000,100000000,100000000,230.0,230.26,10,2026-05-21T08:53:17Z,2026-05-24T00:46:19Z,2026-05-24T01:28:30Z,2026-05-24T05:13:00Z,WB-000336,True,2026-05-21T06:26:00Z,1,2
a1df8f41-50f1-4dc2-baca-79334df56da0,SHP-000337,155f2010-07f3-48fe-b837-13e3db275498,4775d7ab-d207-4bc4-b885-8b6d23e7cd20,100000000,100000000,100000000,100.0,100.01,5,2026-06-09T15:51:38Z,2026-06-11T02:53:16Z,2026-06-11T04:29:46Z,2026-06-11T08:30:00Z,WB-000337,True,2026-06-09T13:27:00Z,1,2
737842aa-a3f2-4b7c-bb0f-41e41459b988,SHP-000338,9557e65b-d0c3-4d01-8e2c-2f8349420665,189ac35d-aa5f-49ca-9bea-530d219c00cb,100000001,100000001,100000002,480.0,479.41,20,2026-06-15T13:18:29Z,2026-06-16T03:53:21Z,2026-06-16T04:28:47Z,2026-06-16T10:09:00Z,WB-000338,True,2026-06-11T13:22:00Z,1,2
7abc1752-70c6-4d8d-bddf-2319c4e386b7,SHP-000339,82112000-16b4-4f2b-9dee-8ec850f886ea,331f63fb-d11f-48c0-a97c-a4fff75d599f,100000004,100000000,100000001,5.0,5.0,1,2026-05-30T10:46:33Z,2026-06-05T22:24:06Z,2026-06-05T23:00:25Z,2026-06-06T06:53:00Z,WB-000339,True,2026-05-30T10:03:00Z,1,2
60c1f5ef-40e9-46c2-8967-d9ee05be7cda,SHP-000340,7e21776d-d92d-417e-a0da-0919f65f00d8,15936f42-4d31-49b3-a187-8e933281f976,100000002,100000000,100000000,15.0,14.94,1,2026-05-23T06:00:53Z,2026-05-25T04:54:22Z,2026-05-25T05:40:18Z,2026-05-25T11:36:00Z,WB-000340,True,2026-05-23T05:06:00Z,1,2
abfe3999-0220-4ef6-9bba-de0d0410bc81,SHP-000341,493acbb8-cbed-4ad3-9aa1-a0c404f08bdf,3385db3b-e893-486d-a3fb-6609334b92a2,100000000,100000000,100000000,290.0,289.87,13,2026-05-30T08:22:51Z,2026-06-06T06:27:44Z,2026-06-06T07:14:26Z,2026-06-06T13:17:00Z,WB-000341,True,2026-05-30T07:10:00Z,1,2
3f8fb3e1-6d92-4569-a462-19d00eac9516,SHP-000342,1adb2acf-e546-4d7d-a21f-cff9b6eb6072,dce70289-411a-415b-a88b-4cfb708175fd,100000000,100000000,100000000,215.0,215.65,9,2026-05-28T11:17:36Z,2026-06-01T05:58:03Z,2026-06-01T06:36:20Z,2026-06-01T11:38:00Z,WB-000342,False,2026-05-28T08:12:00Z,1,2
c8c86415-4fb2-4d70-b730-b07f852643e8,SHP-000343,a26cbfc4-4355-42ba-a62b-6fb61f9cc0a5,fd561b27-2833-49b8-a41f-79aa692e33b9,100000000,100000001,100000001,20.0,20.05,1,2026-06-04T12:50:56Z,2026-06-05T23:36:50Z,2026-06-06T00:24:33Z,2026-06-06T06:03:00Z,WB-000343,True,2026-05-30T07:17:00Z,1,2
0d31eec2-5f52-41db-b1e7-0c5f70d65ca4,SHP-000344,d71e18c6-99df-4eb1-a496-ff418ee5f73e,217bc29e-ec95-43e9-a1fa-246624f982ec,100000000,100000000,100000000,60.0,60.14,3,2026-05-30T06:03:57Z,2026-06-06T00:53:39Z,2026-06-06T02:15:39Z,2026-06-06T06:42:00Z,WB-000344,True,2026-05-30T06:04:00Z,1,2
04f490c7-e2f0-4802-a4d9-762a7c5e5c25,SHP-000345,34400f96-ca9d-46e4-8bdf-8a3c8686432b,cef44098-4d9d-4bb1-a00f-80d49d0a94df,100000001,100000000,100000000,100.0,100.53,5,2026-05-24T09:53:59Z,2026-05-25T16:57:02Z,2026-05-25T17:32:04Z,2026-05-26T06:37:00Z,WB-000345,True,2026-05-24T06:04:00Z,1,2
5c66f423-14ac-4719-902f-5d13576c8baa,SHP-000346,bddba7e5-46d4-47d6-bb9d-56a63925b538,2976aab2-2a26-4770-8ddb-1b36272c0588,100000000,100000000,100000002,110.0,109.99,5,2026-05-31T08:12:58Z,2026-06-06T01:36:43Z,2026-06-06T02:45:08Z,2026-06-06T06:25:00Z,WB-000346,True,2026-05-31T05:57:00Z,1,2
4c7af11f-18be-4670-8bdd-327409c6f5b1,SHP-000347,c4146f8f-854d-48fb-96ad-ae225b99313f,acffa99f-f005-4f9a-a6a2-c94556f11afb,100000001,100000000,100000001,20.0,19.92,1,2026-06-06T09:52:11Z,2026-06-08T01:08:06Z,2026-06-08T02:57:47Z,2026-06-08T08:38:00Z,WB-000347,True,2026-06-06T09:57:00Z,1,2
fc9f09a4-7a72-43e0-9e41-e15538ba222f,SHP-000348,94ea89d2-9924-4349-bf6d-ec06de826252,f2a45575-ee58-4967-b063-796a70a91477,100000004,100000000,100000001,195.0,195.1,9,2026-05-27T11:58:19Z,2026-05-30T01:05:01Z,2026-05-30T02:06:36Z,2026-05-30T06:48:00Z,WB-000348,True,2026-05-27T09:03:00Z,1,2
0c821e32-b223-43b1-a25c-a9c5bbce3d7c,SHP-000349,eebcad5e-bdd0-4248-8072-8f8275665d45,cf5c8dd3-df10-4434-ab09-6202f77aefe1,100000000,100000000,100000002,25.0,25.05,2,2026-05-31T09:35:00Z,2026-06-02T00:19:00Z,2026-06-02T02:12:01Z,2026-06-02T06:31:00Z,WB-000349,True,2026-05-31T06:28:00Z,1,2
fb3b5055-bbbe-4702-9b20-62b6ed55190c,SHP-000350,03b973bd-05e0-4157-9d6c-d4cdd6664d99,13fc927f-7237-4f5b-b6fc-1c4679ebb8bb,100000000,100000000,100000000,130.0,130.53,6,2026-06-14T16:25:01Z,2026-06-17T04:45:17Z,2026-06-17T06:09:44Z,2026-06-17T11:59:00Z,WB-000350,True,2026-06-14T12:55:00Z,1,2
ad6e9da5-4d33-4a1a-9cc5-7eb57056f18f,SHP-000351,cf615333-c230-4981-8cca-5070f517de55,6b579789-4bb4-4889-b900-5224851031c0,100000000,100000001,100000000,205.0,204.06,9,2026-06-02T18:23:45Z,2026-06-03T23:56:08Z,2026-06-04T01:15:21Z,2026-06-04T05:45:00Z,WB-000351,True,2026-05-31T07:06:00Z,1,2
14d4fc69-7d35-40bc-aa9b-b5191b68e5f6,SHP-000352,8cd5358f-630b-43d8-bba4-a360b74c5e92,4491be40-1042-4a8e-8da2-2a3950db8e34,100000000,100000000,100000000,50.0,50.2,3,2026-06-02T10:58:18Z,2026-06-06T03:07:37Z,2026-06-06T03:45:24Z,2026-06-06T08:10:00Z,WB-000352,True,2026-06-02T11:11:00Z,1,2
005d013e-35d7-4d21-9a35-ab7d79d0a5c3,SHP-000353,fa8600cd-1094-45d1-b71d-8129cd80af82,efb2d33c-171a-4532-8d07-018b416aa7f6,100000001,100000000,100000000,80.0,80.29,4,2026-06-08T13:29:14Z,2026-06-13T02:44:26Z,2026-06-13T04:39:47Z,2026-06-13T09:56:00Z,WB-000353,True,2026-06-08T10:02:00Z,1,2
daf20f5b-1cc5-47f8-ae90-ac6640f2c7c0,SHP-000354,d3379d87-d851-4192-8d0a-87f39ba02459,3a42958b-65c2-480d-9d8f-3007263749ec,100000002,100000000,100000001,125.0,125.28,6,2026-06-09T07:45:41Z,2026-06-15T21:38:50Z,2026-06-15T23:32:33Z,2026-06-16T07:47:00Z,WB-000354,True,2026-06-09T07:16:00Z,1,2
227a3dca-7573-4fb6-a885-f12001283584,SHP-000355,0e650a8b-d86b-43eb-8ce1-934f77d53329,0fb49d98-7aac-4a0a-ad13-4ea8560fc071,100000002,100000000,100000003,680.0,674.85,29,2026-06-16T12:24:00Z,2026-06-17T04:43:30Z,2026-06-17T05:30:02Z,2026-06-17T11:28:00Z,WB-000355,True,2026-06-16T11:48:00Z,1,2
bf3a96e2-b57b-4031-9ec7-0c065a973ea4,SHP-000356,63d3c6f5-96f6-45ab-a05b-d02263a4ccca,4cb4a7f6-9db8-4f7e-95ed-d864f68b6ba0,100000004,100000000,100000000,130.0,129.96,6,2026-06-03T10:25:38Z,2026-06-08T00:43:50Z,2026-06-08T01:54:16Z,2026-06-08T07:20:00Z,WB-000356,True,2026-06-03T07:51:00Z,1,2
4cb808f4-1dc0-4e48-8744-babb43afc86c,SHP-000357,3653d055-37c0-4b1d-a37a-f4808ef71cba,8dd7e052-44e7-4702-84c4-7757e2db1ce3,100000000,100000000,100000000,30.0,29.99,2,2026-06-18T14:52:14Z,2026-06-25T01:27:57Z,2026-06-25T02:26:45Z,2026-06-25T06:53:00Z,WB-000357,False,2026-06-18T13:26:00Z,1,2
966c62a9-47e7-4ed6-8045-f24c14f1b1fe,SHP-000358,a7941c80-81bf-4201-8e62-4adb407c1362,143029a9-d88f-4c94-88b7-63d5e519dd7e,100000001,100000000,100000002,70.0,70.1,3,2026-05-30T09:09:48Z,2026-06-05T23:27:39Z,2026-06-06T00:30:25Z,2026-06-06T06:56:00Z,WB-000358,True,2026-05-30T06:15:00Z,1,2
d17ddf20-1b42-41f7-8d5f-b96b9ebd3725,SHP-000359,753f810c-9a03-4d99-9c15-c71c55e86e49,802b1bf4-b8ff-415c-9727-20fa73a27c7b,100000002,100000001,100000000,345.0,345.58,15,2026-06-11T20:43:09Z,2026-06-13T02:59:26Z,2026-06-13T04:00:08Z,2026-06-13T09:19:00Z,WB-000359,True,2026-06-07T06:34:00Z,1,2
235eba9d-1841-4f75-a9ed-bce0fd333cd5,SHP-000360,1359b59a-1d9c-459d-93e0-ef30cf6f13f7,b6f31d02-90ca-4ac3-94e3-552bfd2f1be9,100000002,100000000,100000000,145.0,145.12,7,2026-06-03T12:49:20Z,2026-06-10T03:06:52Z,2026-06-10T04:24:13Z,2026-06-10T12:17:00Z,WB-000360,True,2026-06-03T12:53:00Z,1,2
998e61cc-8bac-4286-8a6b-f31f7e823dbb,SHP-000361,3cd679c8-4423-4bbf-9939-b74f7bc01bab,59eab45f-ab60-4c64-85c4-8e2540e00833,100000004,100000000,100000000,65.0,64.76,3,2026-05-30T14:43:14Z,2026-06-02T03:29:43Z,2026-06-02T05:02:28Z,2026-06-02T12:38:00Z,WB-000361,True,2026-05-30T13:12:00Z,1,2
f1a4997a-ac5b-450c-b274-728a02e604c7,SHP-000362,8033cc7a-49f7-4d49-b7f6-1998334317c3,e43f05c8-40a5-42f7-b62b-9f628ced48ea,100000001,100000000,100000000,85.0,84.97,4,2026-06-06T15:17:09Z,2026-06-07T00:19:02Z,2026-06-07T01:05:45Z,2026-06-07T05:00:00Z,WB-000362,True,2026-06-06T12:07:00Z,1,2
ac22e2d1-1d62-46d1-993e-8a64cc82a6bb,SHP-000363,21e3e723-5fe0-46e7-9abe-f7bf9151a3a4,9a4fdddc-58fe-4b04-ae01-30f31d329e92,100000000,100000000,100000001,15.0,15.05,1,2026-06-18T10:48:38Z,2026-06-20T06:53:45Z,2026-06-20T07:45:18Z,2026-06-20T10:56:00Z,WB-000363,True,2026-06-18T10:30:00Z,1,2
60134e95-6678-44ed-a401-e4eb53944720,SHP-000364,3d5e4c16-af49-42ea-9b02-eae3de88217a,bfc3e5bc-800d-48dd-941a-1fab8c6c6191,100000000,100000001,100000001,20.0,20.04,1,2026-06-25T23:53:52Z,2026-06-27T01:03:09Z,2026-06-27T01:33:39Z,2026-06-27T06:18:00Z,WB-000364,True,2026-06-23T12:59:00Z,1,2
492ab307-f7a8-4cbd-8811-0c9fe06c4dcf,SHP-000365,ad2e40aa-050e-4b74-81db-c7ef08740cdd,4b26f0a3-33b1-4ca4-b74d-34f5caf07226,100000000,100000000,100000000,130.0,130.03,6,2026-06-27T13:04:16Z,2026-06-27T22:13:25Z,2026-06-27T23:56:54Z,2026-06-28T04:41:00Z,WB-000365,True,2026-06-27T10:22:00Z,1,2
e17b8136-466f-47c1-b032-78857a697d01,SHP-000366,6caa2e6e-2389-4181-8dd1-9a3fc4732847,09a0a0f6-73b0-4091-b634-c1694f76e388,100000002,100000000,100000001,15.0,14.87,1,2026-05-31T11:28:31Z,2026-05-31T20:53:27Z,2026-05-31T22:40:05Z,2026-06-01T09:41:00Z,WB-000366,True,2026-05-31T08:13:00Z,1,2
275577e1-cb5c-4db1-9be4-733163b1b242,SHP-000367,63d61761-9886-401d-9c7c-0f0ccbe22754,497de16d-d4ea-420a-9e65-96540e9058b6,100000002,100000000,100000000,150.0,150.3,7,2025-03-19T07:59:11Z,2025-03-22T00:56:24Z,2025-03-22T01:40:18Z,2025-03-22T06:41:00Z,WB-000367,True,2025-03-19T07:52:00Z,1,2
cbcbc7e5-953e-4cf2-9ed1-b8bccd680616,SHP-000368,f4b586e8-6f23-47e0-8d7f-dd1c67b31c9b,497de16d-d4ea-420a-9e65-96540e9058b6,100000002,100000000,100000000,130.0,129.48,6,2025-04-08T06:25:17Z,2025-04-12T01:16:16Z,2025-04-12T01:59:10Z,2025-04-12T07:20:00Z,WB-000368,True,2025-04-08T05:37:00Z,1,2
949c9676-c1ad-45cf-af57-142fad5cce95,SHP-000369,b23df93d-13c3-4ea4-b273-ec0fd85dea70,497de16d-d4ea-420a-9e65-96540e9058b6,100000002,100000001,100000000,70.0,70.53,3,2025-08-07T19:46:31Z,2025-08-08T20:42:44Z,2025-08-08T21:32:33Z,2025-08-09T05:28:00Z,WB-000369,True,2025-08-03T11:08:00Z,1,2
38916259-c7b6-45bd-a8bc-1c0fbbd3f3c7,SHP-000370,f52b32d5-9c0e-4160-9c92-39b073be17e8,497de16d-d4ea-420a-9e65-96540e9058b6,100000002,100000001,100000001,225.0,224.43,10,2026-04-02T01:41:29Z,2026-04-04T01:44:52Z,2026-04-04T02:46:38Z,2026-04-04T07:29:00Z,WB-000370,True,2026-03-28T09:26:00Z,1,2
0d83a941-1c2e-4aa9-bf71-e778ae69db37,SHP-000371,2b942103-69ba-4537-aa89-e6e5e7cc599d,fa34d2e8-dd3f-4d7e-a508-dc9513a4a492,100000003,100000000,100000001,25.0,25.03,2,2024-08-20T09:15:26Z,2024-08-20T20:10:56Z,2024-08-20T21:51:47Z,2024-08-21T05:54:00Z,WB-000371,True,2024-08-20T06:20:00Z,1,2
cf2a950e-4219-458d-beae-47c8538c47a2,SHP-000372,dcbfc121-38d5-4665-9755-8283aa02dae2,fa34d2e8-dd3f-4d7e-a508-dc9513a4a492,100000003,100000000,100000000,100.0,100.38,5,2025-01-19T14:51:57Z,2025-01-23T05:35:22Z,2025-01-23T06:47:21Z,2025-01-23T12:27:00Z,WB-000372,True,2025-01-19T13:21:00Z,1,2
cc49277e-5a9d-49d6-bb0d-5b75868751ed,SHP-000373,234bc268-fdd2-4839-b45d-a28a0c693957,fa34d2e8-dd3f-4d7e-a508-dc9513a4a492,100000003,100000000,100000000,85.0,85.28,4,2025-05-21T10:58:52Z,2025-05-28T07:37:56Z,2025-05-28T08:09:33Z,2025-05-28T13:26:00Z,WB-000373,True,2025-05-21T09:33:00Z,1,2
1d809c33-d014-4c58-af93-4d45380d3c77,SHP-000374,091bd5bf-c242-4f13-aa8c-53d4c061bea1,fa34d2e8-dd3f-4d7e-a508-dc9513a4a492,100000003,100000000,100000000,55.0,54.99,3,2025-07-28T08:45:12Z,2025-08-02T22:51:32Z,2025-08-03T00:36:06Z,2025-08-03T06:17:00Z,WB-000374,True,2025-07-28T05:25:00Z,1,2
dda60c33-980f-42ab-b469-a89f353b43fa,SHP-000375,31245cf8-8d01-4ddd-a955-0921fe2d88a1,fa34d2e8-dd3f-4d7e-a508-dc9513a4a492,100000003,100000000,100000000,75.0,75.12,4,2025-11-15T10:12:22Z,2025-11-17T23:06:13Z,2025-11-17T23:49:55Z,2025-11-18T08:52:00Z,WB-000375,True,2025-11-15T09:59:00Z,1,2
5620dab1-3b5e-47fc-a7c0-4f5f755552c0,SHP-000376,22205e03-d7f1-4eaa-9ab9-af14cd1506ef,fa34d2e8-dd3f-4d7e-a508-dc9513a4a492,100000003,100000001,100000000,70.0,69.89,3,2026-04-16T16:56:31Z,2026-04-17T22:17:12Z,2026-04-17T22:55:16Z,2026-04-18T08:43:00Z,WB-000376,True,2026-04-11T10:28:00Z,1,2
cb4b2e2b-11da-4bb9-8bed-62e2ca9f0d13,SHP-000377,7e0abe75-8d21-42b4-9869-cd185e4f6b59,fa34d2e8-dd3f-4d7e-a508-dc9513a4a492,100000003,100000000,100000001,80.0,79.97,4,2026-06-22T09:38:49Z,2026-06-23T03:37:30Z,2026-06-23T05:21:28Z,2026-06-23T11:38:00Z,WB-000377,True,2026-06-22T08:16:00Z,1,2
a15c7798-f8ff-416f-a55a-e62cc5d48086,SHP-000378,d807ba3c-527d-4f64-94a0-ce1549937ce5,98159d6c-9d71-4084-971d-abf9daf481a7,100000001,100000000,100000001,20.0,20.01,1,2024-08-10T12:27:06Z,2024-08-10T21:26:19Z,2024-08-10T23:11:39Z,2024-08-11T10:19:00Z,WB-000378,True,2024-08-10T09:59:00Z,1,2
cc26be1a-cdd6-4ec1-a61b-84bed4a03499,SHP-000379,4c5a742c-b037-476f-89f6-10ee8e87d6de,98159d6c-9d71-4084-971d-abf9daf481a7,100000001,100000000,100000000,64.5,64.65,3,2024-10-26T11:35:50Z,2024-10-27T20:07:15Z,2024-10-27T21:08:45Z,2024-10-28T09:31:00Z,WB-000379,True,2024-10-26T10:48:00Z,1,2
e482712d-d42c-499f-bd62-a1c7816632f8,SHP-000380,b25a398f-e631-475a-944c-4e240167fce7,98159d6c-9d71-4084-971d-abf9daf481a7,100000001,100000000,100000002,25.0,24.97,2,2025-09-21T14:25:05Z,2025-09-21T23:50:14Z,2025-09-22T00:40:42Z,2025-09-22T11:08:00Z,WB-000380,True,2025-09-21T11:59:00Z,1,2
e13110a6-dc7a-4458-b8d3-15194aec9179,SHP-000381,93ac57ac-f6d0-40c8-858c-3673eff4fec9,98159d6c-9d71-4084-971d-abf9daf481a7,100000001,100000000,100000001,25.0,25.02,2,2025-10-11T16:25:22Z,2025-10-11T22:26:33Z,2025-10-11T23:42:30Z,2025-10-12T08:20:00Z,WB-000381,True,2025-10-11T13:33:00Z,1,2
1aede5b0-33e8-434b-9acb-ed04e15531b9,SHP-000382,3d57f5f8-110e-46f0-85aa-2ebb71581864,bd29ede9-cab4-423b-b448-83858de7ad6c,100000004,100000000,100000002,55.0,55.35,3,2024-07-23T06:49:31Z,2024-07-24T22:03:40Z,2024-07-24T23:58:24Z,2024-07-25T08:19:00Z,WB-000382,True,2024-07-23T06:10:00Z,1,2
7b7e7505-6062-40b1-8e64-3782d8f034cc,SHP-000383,650c78d7-29df-4156-9605-cd5f533e5e69,bd29ede9-cab4-423b-b448-83858de7ad6c,100000004,100000000,100000000,45.0,44.98,2,2024-12-08T12:09:41Z,2024-12-11T23:05:24Z,2024-12-12T00:12:13Z,2024-12-12T04:38:00Z,WB-000383,True,2024-12-08T11:43:00Z,1,2
a88a9629-4644-41fb-af7e-bdbc3de584ec,SHP-000384,dcf44919-09f5-43ae-82ca-9e69ebbc3324,bd29ede9-cab4-423b-b448-83858de7ad6c,100000004,100000000,100000000,25.5,25.48,2,2025-08-25T11:40:18Z,2025-08-30T06:15:17Z,2025-08-30T07:42:19Z,2025-08-30T12:52:00Z,WB-000384,True,2025-08-25T09:16:00Z,1,2
543f77b8-2fcb-42b8-99fa-608d15616e0b,SHP-000385,b1b9e5e6-6919-42a7-9453-f7bbbb36b100,bd29ede9-cab4-423b-b448-83858de7ad6c,100000004,100000000,100000000,120.0,120.09,5,2025-11-22T08:02:00Z,2025-11-29T04:52:04Z,2025-11-29T06:10:08Z,2025-11-29T12:04:00Z,WB-000385,True,2025-11-22T06:53:00Z,1,2
6cbdb7af-67a8-47de-8847-b55755b4148d,SHP-000386,d7ff7770-819d-4d08-8d8c-b7eca36d4e59,bd29ede9-cab4-423b-b448-83858de7ad6c,100000004,100000000,100000001,60.0,59.87,3,2026-06-04T08:26:08Z,2026-06-07T00:31:18Z,2026-06-07T01:57:26Z,2026-06-07T06:16:00Z,WB-000386,True,2026-06-04T07:34:00Z,1,2
222e4ff5-6b00-4d5f-a45f-68db852d392b,SHP-000387,cddbceac-0571-48e4-9ac7-25b03648762a,e8b77f7b-7321-4f6b-8a80-76ece5582e16,100000003,100000000,100000002,20.0,20.02,1,2025-09-24T11:47:58Z,2025-09-26T22:18:05Z,2025-09-26T23:51:30Z,2025-09-27T06:59:00Z,WB-000387,True,2025-09-24T08:39:00Z,1,2
26cef650-602b-40bd-9eda-1ae8204a38eb,SHP-000388,a23f34ad-0e74-4066-b79b-6a4d9573a344,e8b77f7b-7321-4f6b-8a80-76ece5582e16,100000003,100000000,100000000,55.0,54.86,3,2025-09-20T14:41:45Z,2025-09-27T05:13:48Z,2025-09-27T06:30:13Z,2025-09-27T10:44:00Z,WB-000388,True,2025-09-20T11:04:00Z,1,2
eb7416a1-9aff-4710-80dd-691b0afe5193,SHP-000389,ebbff15c-b6a1-4450-9e32-2507446e3622,e8b77f7b-7321-4f6b-8a80-76ece5582e16,100000003,100000000,100000000,25.0,25.05,2,2026-01-18T11:57:03Z,2026-01-21T05:31:48Z,2026-01-21T05:59:37Z,2026-01-21T10:46:00Z,WB-000389,True,2026-01-18T10:46:00Z,1,2
d2d5971e-a9f5-4885-9ce7-d67b6fe5b66d,SHP-000390,7df7ebee-d1ea-4140-a6a2-e2cfa7b27efe,e8b77f7b-7321-4f6b-8a80-76ece5582e16,100000003,100000000,100000002,65.0,65.26,3,2026-02-10T14:12:23Z,2026-02-12T05:22:21Z,2026-02-12T07:07:50Z,2026-02-12T12:28:00Z,WB-000390,True,2026-02-10T11:15:00Z,1,2
f02a6582-c6e3-476b-81d3-88045a21d83e,SHP-000391,fa179aa3-e738-45b8-b69e-cb8f27f8b2c8,e8b77f7b-7321-4f6b-8a80-76ece5582e16,100000003,100000001,100000000,30.0,29.95,2,2026-04-28T02:26:48Z,2026-04-29T06:55:37Z,2026-04-29T08:01:38Z,2026-04-29T12:50:00Z,WB-000391,True,2026-04-25T12:59:00Z,1,2
a17da8a2-3bbd-49cf-b9d7-4854a0283a62,SHP-000392,0c43891f-1cef-4e01-9431-b194a380cb66,80599b93-79c2-42e4-9ae1-a991524f93ff,100000000,100000001,100000002,25.0,25.1,2,2025-01-03T08:28:35Z,2025-01-04T02:18:52Z,2025-01-04T04:08:49Z,2025-01-04T11:18:00Z,WB-000392,True,2024-12-31T13:02:00Z,1,2
0ab147ed-dca8-46ad-a67f-b371a2f8e143,SHP-000393,52514e94-f1ec-470c-becd-607e504149df,80599b93-79c2-42e4-9ae1-a991524f93ff,100000000,100000001,100000002,155.0,154.12,7,2025-09-30T00:46:08Z,2025-09-30T21:07:35Z,2025-09-30T22:27:59Z,2025-10-01T05:26:00Z,WB-000393,True,2025-09-27T07:53:00Z,1,2
90b5c736-fb4b-4cdf-8590-41ecd377641e,SHP-000394,d4db43ff-4b63-48a5-9d8f-7a4081d7e376,80599b93-79c2-42e4-9ae1-a991524f93ff,100000000,100000000,100000001,20.0,20.0,1,2026-02-01T07:29:24Z,2026-02-03T06:00:18Z,2026-02-03T06:24:22Z,2026-02-03T11:09:00Z,WB-000394,False,2026-02-01T07:41:00Z,1,2
a5c7751d-ceaf-447f-adf6-c4312195c8b7,SHP-000395,510be5ba-fa40-4dd1-b6e5-ef55ed1df637,80599b93-79c2-42e4-9ae1-a991524f93ff,100000000,100000000,100000000,35.0,35.09,2,2026-05-18T09:04:16Z,2026-05-20T21:17:30Z,2026-05-20T22:49:02Z,2026-05-21T05:34:00Z,WB-000395,True,2026-05-18T06:35:00Z,1,2
d58e98e3-3744-4b96-b65b-9445671cd0f2,SHP-000396,47cfa191-020d-4a0b-8646-5ad9eda5952b,80599b93-79c2-42e4-9ae1-a991524f93ff,100000000,100000000,100000000,35.0,,2,2026-06-28T08:32:11Z,,,,,,2026-06-28T05:29:00Z,0,100000000
8aae8332-3fba-4235-b6fb-a1ee63944666,SHP-000397,46ca3f98-5e19-41cf-b06d-487dbaa8967b,d65e59dd-e62d-4d06-8f9b-85581a7f195b,100000000,100000000,100000000,215.0,215.2,9,2024-07-30T06:03:52Z,2024-08-05T03:07:48Z,2024-08-05T04:50:12Z,2024-08-05T09:43:00Z,WB-000397,True,2024-07-30T05:17:00Z,1,2
4503742a-3047-4bbe-8b82-8cfdfdd07602,SHP-000398,cb01ec55-5020-4b3b-9075-36b5160ffc1a,d65e59dd-e62d-4d06-8f9b-85581a7f195b,100000000,100000000,100000000,65.0,64.86,3,2025-08-20T11:51:35Z,2025-08-24T03:50:02Z,2025-08-24T04:39:39Z,2025-08-24T12:34:00Z,WB-000398,True,2025-08-20T09:14:00Z,1,2
f16f2946-76e1-4d2a-9859-097b6a408555,SHP-000399,a4bb4cb6-d093-4173-8e7b-d58a8177fdf2,d65e59dd-e62d-4d06-8f9b-85581a7f195b,100000000,100000001,100000001,330.0,329.41,14,2025-08-19T05:12:55Z,2025-08-20T02:51:26Z,2025-08-20T04:35:10Z,2025-08-20T10:46:00Z,WB-000399,True,2025-08-14T09:04:00Z,1,2
0a3d897d-53e7-4b6d-9a2e-8caee391c2fc,SHP-000400,b6080763-4449-4ea5-8698-2a0b6a5c092c,d65e59dd-e62d-4d06-8f9b-85581a7f195b,100000000,100000000,100000000,75.0,74.78,4,2025-08-13T07:56:26Z,2025-08-15T23:31:37Z,2025-08-16T00:48:54Z,2025-08-16T08:14:00Z,WB-000400,True,2025-08-13T08:10:00Z,1,2
06522fa4-02b5-447f-a4c1-68f94aae4d45,SHP-000401,2aed5678-a4f5-4e62-9072-f35576cd8f9c,15969802-b6dd-4257-bb7d-9f1c57eb89b1,100000002,100000000,100000000,175.0,176.11,8,2024-11-06T14:07:30Z,2024-11-11T01:15:37Z,2024-11-11T01:42:00Z,2024-11-11T12:09:00Z,WB-000401,True,2024-11-06T11:18:00Z,1,2
116c01e6-bf19-4aee-aa63-6c6744379ea1,SHP-000402,0b979c81-5c1c-421f-85e3-1dc0deecd69b,15969802-b6dd-4257-bb7d-9f1c57eb89b1,100000002,100000000,100000000,155.0,155.26,7,2025-01-08T08:11:22Z,2025-01-13T03:35:02Z,2025-01-13T04:15:37Z,2025-01-13T10:47:00Z,WB-000402,True,2025-01-08T07:05:00Z,1,2
39c3215d-8669-40a0-bf5b-09b96ed3f3d0,SHP-000403,d0bc04cd-cf6c-4df2-bfbf-98644f944845,15969802-b6dd-4257-bb7d-9f1c57eb89b1,100000002,100000000,100000002,60.0,59.93,3,2025-03-05T08:22:25Z,2025-03-07T20:09:20Z,2025-03-07T21:08:50Z,2025-03-08T05:03:00Z,WB-000403,True,2025-03-05T05:29:00Z,1,2
3971c484-337c-4f0d-acba-41c42c5445a5,SHP-000404,565a5ed4-7d2f-46b7-a299-7138d0652184,15969802-b6dd-4257-bb7d-9f1c57eb89b1,100000002,100000000,100000000,40.0,40.07,2,2025-05-28T12:13:49Z,2025-06-03T21:38:13Z,2025-06-03T22:02:50Z,2025-06-04T06:33:00Z,WB-000404,True,2025-05-28T10:22:00Z,1,2
2830523c-9958-41b0-bd77-fc41ab8787ca,SHP-000405,ad2d211e-95b8-42e0-a246-5b46718387b5,15969802-b6dd-4257-bb7d-9f1c57eb89b1,100000002,100000000,100000000,105.0,103.94,5,2025-06-18T13:50:20Z,2025-06-21T02:23:51Z,2025-06-21T03:09:08Z,2025-06-21T07:03:00Z,WB-000405,True,2025-06-18T11:28:00Z,1,2
72825212-1ecb-4c6a-a9db-d573556f6ec2,SHP-000406,82c9a811-8f4c-48f1-9cdd-789ab60c1b54,15969802-b6dd-4257-bb7d-9f1c57eb89b1,100000002,100000000,100000000,120.0,120.29,5,2025-06-21T13:30:02Z,2025-06-24T21:42:35Z,2025-06-24T23:05:55Z,2025-06-25T06:31:00Z,WB-000406,True,2025-06-21T11:54:00Z,1,2
50419c3d-651f-4fd5-ad3a-301f3a597ae1,SHP-000407,7a8a95b2-822a-49ee-a776-638ca8b14abf,15969802-b6dd-4257-bb7d-9f1c57eb89b1,100000002,100000000,100000000,69.5,69.41,3,2025-11-15T11:02:24Z,2025-11-22T01:12:54Z,2025-11-22T02:18:56Z,2025-11-22T06:13:00Z,WB-000407,True,2025-11-15T10:34:00Z,1,2
c18bd6a4-44ce-4d83-869e-470c3d4060a1,SHP-000408,a5c59e94-d3e5-4c3e-a374-beb7202d7f4c,15969802-b6dd-4257-bb7d-9f1c57eb89b1,100000002,100000001,100000002,190.0,190.15,8,2026-01-01T19:59:58Z,2026-01-03T07:16:17Z,2026-01-03T07:44:48Z,2026-01-03T12:13:00Z,WB-000408,True,2025-12-28T06:57:00Z,1,2
04a93770-da51-4216-9d9a-f82f95b17470,SHP-000409,cc96d39e-2617-4619-82a5-c59e86b4b101,15969802-b6dd-4257-bb7d-9f1c57eb89b1,100000002,100000000,100000000,95.0,94.84,4,2026-04-11T07:37:03Z,2026-04-15T06:43:23Z,2026-04-15T07:22:15Z,2026-04-15T12:25:00Z,WB-000409,True,2026-04-11T05:39:00Z,1,2
20d7ab37-3d24-4c4a-bf6a-920c86cbf1ae,SHP-000410,172b02d4-ff25-4f07-b298-d42d54c56591,0a0537f0-2c2c-422b-a568-95c6812a1f9b,100000001,100000000,100000000,80.0,79.53,4,2024-11-05T09:05:10Z,2024-11-10T19:33:54Z,2024-11-10T21:25:53Z,2024-11-11T10:25:00Z,WB-000410,True,2024-11-05T07:37:00Z,1,2
66b04e09-2c49-49b3-8b5a-da5eb65d503a,SHP-000411,f534753c-7756-4b60-aa1a-803e681b013b,0a0537f0-2c2c-422b-a568-95c6812a1f9b,100000001,100000000,100000000,135.0,134.95,6,2025-01-25T12:36:40Z,2025-01-31T20:01:32Z,2025-01-31T21:51:46Z,2025-02-01T12:53:00Z,WB-000411,False,2025-01-25T11:54:00Z,1,2
1513a20b-8005-4e65-ad1d-15f9efd35c28,SHP-000412,0ca54273-0a83-4eda-89c6-e04fd2e0d064,0a0537f0-2c2c-422b-a568-95c6812a1f9b,100000001,100000001,100000002,105.0,104.86,5,2025-02-28T12:27:53Z,2025-02-28T22:08:27Z,2025-02-28T23:31:28Z,2025-03-01T09:41:00Z,WB-000412,True,2025-02-25T09:46:00Z,1,2
9fb61a12-5c7f-4713-845d-5afd3d0249c1,SHP-000413,2f811d1c-acdb-4bd6-88c1-399d4361f730,0a0537f0-2c2c-422b-a568-95c6812a1f9b,100000001,100000001,100000001,150.0,149.67,7,2025-06-03T06:28:37Z,2025-06-03T19:46:11Z,2025-06-03T21:10:28Z,2025-06-04T08:21:00Z,WB-000413,True,2025-05-29T12:20:00Z,1,2
13f33518-d1d6-4c72-92a1-b2a14d2f0cec,SHP-000414,c12d3710-fc6c-4bcc-a915-be12e5334178,0a0537f0-2c2c-422b-a568-95c6812a1f9b,100000001,100000001,100000002,215.0,215.22,9,2025-06-19T14:40:37Z,2025-06-20T17:55:10Z,2025-06-20T19:16:42Z,2025-06-21T07:04:00Z,WB-000414,True,2025-06-14T07:22:00Z,1,2
1aea6df6-3b7a-4493-8fa4-195ba206e9d8,SHP-000415,b261dc7a-8bda-4904-ab79-128676d90c5d,0a0537f0-2c2c-422b-a568-95c6812a1f9b,100000001,100000000,100000001,60.0,60.07,3,2025-10-25T10:00:12Z,2025-10-27T10:12:05Z,2025-10-27T11:18:09Z,2025-10-28T05:19:00Z,WB-000415,False,2025-10-25T07:21:00Z,1,2
e748798b-b080-4fbd-b9c1-dc4a80aa3434,SHP-000416,5e57ffca-b8a3-4361-b8ef-7c340ed9718e,0a0537f0-2c2c-422b-a568-95c6812a1f9b,100000001,100000000,100000000,95.0,95.38,4,2025-10-09T11:00:47Z,2025-10-13T15:34:18Z,2025-10-13T17:09:28Z,2025-10-14T09:12:00Z,WB-000416,True,2025-10-09T10:47:00Z,1,2
9f1f8c48-a310-4172-ba13-ce4e180c65e2,SHP-000417,e37c881f-5e2b-4140-a143-143530b3ffe9,0a0537f0-2c2c-422b-a568-95c6812a1f9b,100000001,100000000,100000002,40.0,40.0,2,2025-11-29T14:18:35Z,2025-11-30T23:19:22Z,2025-12-01T00:57:55Z,2025-12-01T12:46:00Z,WB-000417,True,2025-11-29T13:15:00Z,1,2
c79502b6-35bb-4532-81d8-2b05ab406af4,SHP-000418,795702eb-f0ca-49e3-ad16-0b441c150a13,0a0537f0-2c2c-422b-a568-95c6812a1f9b,100000001,100000000,100000002,75.0,74.78,4,2026-02-26T10:24:35Z,2026-03-03T15:09:46Z,2026-03-03T15:56:55Z,2026-03-04T06:54:00Z,WB-000418,True,2026-02-26T06:43:00Z,1,2
1765461d-4d1c-40f0-9a0b-c5eab8b96546,SHP-000419,85483453-dd84-474e-a890-d482f0a77e33,0a0537f0-2c2c-422b-a568-95c6812a1f9b,100000001,100000000,100000000,225.0,224.21,10,2026-05-23T08:22:58Z,2026-05-26T11:34:31Z,2026-05-26T12:50:53Z,2026-05-27T09:33:00Z,WB-000419,True,2026-05-23T05:45:00Z,1,2
ec5d7821-cdd5-400e-8ad0-401ac5257809,SHP-000420,ddf25847-1f5f-4722-959b-b24cc34dd83e,fdb1429e-7010-4d13-b526-b22d3f6c21f7,100000001,100000000,100000001,15.0,14.97,1,2026-05-25T10:40:04Z,2026-05-26T05:48:26Z,2026-05-26T06:30:34Z,2026-05-26T12:23:00Z,WB-000420,True,2026-05-25T09:00:00Z,1,2
632221e6-b00b-4131-8d43-23a37ff11af7,SHP-000421,4dcb650c-b796-4a47-8b5c-0a259b1602c1,fdb1429e-7010-4d13-b526-b22d3f6c21f7,100000001,100000001,100000001,10.0,9.98,1,2026-06-19T17:14:14Z,2026-06-20T03:36:10Z,2026-06-20T05:18:05Z,2026-06-20T10:55:00Z,WB-000421,True,2026-06-17T07:01:00Z,1,2
644f137f-7bdc-49d4-82be-2a994d12d3f1,SHP-000422,bc30a52f-b7ee-46ba-a367-c51cdebb20b7,9c1c3517-85d2-40a6-8629-5b5d707df251,100000000,100000001,100000000,35.0,34.97,2,2025-05-07T16:44:30Z,2025-05-10T05:31:47Z,2025-05-10T06:43:04Z,2025-05-10T12:04:00Z,WB-000422,True,2025-05-03T05:03:00Z,1,2
da89a442-05b1-46a0-a258-2339c41df088,SHP-000423,a9bc3682-3446-49d1-9ee1-c69549ab4042,9c1c3517-85d2-40a6-8629-5b5d707df251,100000000,100000001,100000001,20.0,20.0,1,2025-07-15T04:35:51Z,2025-07-15T23:01:13Z,2025-07-16T00:35:01Z,2025-07-16T05:05:00Z,WB-000423,True,2025-07-12T11:46:00Z,1,2
825b8f6b-446c-4f33-8bbe-a5c9daf32499,SHP-000424,e703514f-13cf-4f92-a368-b51876048ab3,9c1c3517-85d2-40a6-8629-5b5d707df251,100000000,100000000,100000000,25.0,25.01,2,2025-08-25T08:46:14Z,2025-08-27T00:05:08Z,2025-08-27T01:11:14Z,2025-08-27T06:07:00Z,WB-000424,False,2025-08-25T06:37:00Z,1,2
1a248ce2-ab0e-4b36-b6a3-87a8eb1af578,SHP-000425,b8ab027b-a3ed-4977-8af9-af85c1ac99b4,9c1c3517-85d2-40a6-8629-5b5d707df251,100000000,100000000,100000002,45.0,45.19,2,2026-04-18T10:22:21Z,2026-04-20T03:42:05Z,2026-04-20T05:40:56Z,2026-04-20T11:29:00Z,WB-000425,True,2026-04-18T10:08:00Z,1,2
4caafc97-2268-4f40-939d-eac65828c39e,SHP-000426,fce59a48-2c1b-44cd-8807-e0e717d9475d,9c1c3517-85d2-40a6-8629-5b5d707df251,100000000,100000000,100000000,75.0,75.11,4,2026-06-09T08:27:53Z,2026-06-14T23:01:45Z,2026-06-15T00:04:34Z,2026-06-15T06:50:00Z,WB-000426,True,2026-06-09T09:04:00Z,1,2
8bf8eaf8-b7ff-478d-a790-c6d7b509a294,SHP-000427,127ec520-2b02-4a67-b250-d013fb4c4d06,eafde7d9-5f73-4a3e-9d28-6aa428a39779,100000000,100000001,100000000,50.0,50.5,3,2025-05-29T17:06:33Z,2025-05-31T05:41:34Z,2025-05-31T06:25:08Z,2025-05-31T12:35:00Z,WB-000427,True,2025-05-24T11:47:00Z,1,2
8d8a086b-98c3-49bd-bd90-4b7b44127076,SHP-000428,5b905e27-0e4e-4397-b2b0-0cb389f279cf,eafde7d9-5f73-4a3e-9d28-6aa428a39779,100000000,100000000,100000000,134.5,134.34,6,2025-10-16T07:58:01Z,2025-10-22T02:26:16Z,2025-10-22T04:21:14Z,2025-10-22T09:44:00Z,WB-000428,True,2025-10-16T06:17:00Z,1,2
433b5d92-1f9e-4502-8d23-35530993d282,SHP-000429,c82a4cc7-26ee-4ddc-be50-bf063741dbf0,eafde7d9-5f73-4a3e-9d28-6aa428a39779,100000000,100000000,100000000,15.0,14.98,1,2026-06-02T11:00:25Z,2026-06-06T06:54:56Z,2026-06-06T07:50:17Z,2026-06-06T11:01:00Z,WB-000429,True,2026-06-02T09:38:00Z,1,2
b229bce7-1dee-4057-8767-d642bce516f5,SHP-000430,14617602-39bb-417b-a697-31da61bbbc90,c6435300-68a5-4c68-a32d-bb5e486bb6bf,100000000,100000000,100000001,230.0,231.03,10,2024-07-27T15:07:45Z,2024-07-29T05:58:46Z,2024-07-29T06:54:55Z,2024-07-29T12:08:00Z,WB-000430,True,2024-07-27T11:34:00Z,1,2
8795787c-52a0-422a-9748-c1642ceeaac8,SHP-000431,c4a91377-751a-48d2-a124-7e6919f03307,c6435300-68a5-4c68-a32d-bb5e486bb6bf,100000000,100000000,100000002,119.5,119.04,5,2024-10-20T09:10:18Z,2024-10-21T01:59:29Z,2024-10-21T03:42:48Z,2024-10-21T08:23:00Z,WB-000431,True,2024-10-20T06:21:00Z,1,2
108ae89b-58ff-4446-b5ee-f968c57b17f5,SHP-000432,604695bb-b464-4c91-895f-90ccb352de5a,c6435300-68a5-4c68-a32d-bb5e486bb6bf,100000000,100000000,100000000,45.0,45.1,2,2024-12-18T13:37:28Z,2024-12-23T07:30:31Z,2024-12-23T08:52:38Z,2024-12-23T12:34:00Z,WB-000432,True,2024-12-18T12:00:00Z,1,2
1a638926-d457-464b-8371-f6e3454f51bd,SHP-000433,67ecadd9-e6d4-415d-9576-5f2ab211be4f,c6435300-68a5-4c68-a32d-bb5e486bb6bf,100000000,100000000,100000000,25.0,24.96,2,2025-09-30T09:51:28Z,2025-10-06T02:13:56Z,2025-10-06T03:20:27Z,2025-10-06T08:07:00Z,WB-000433,True,2025-09-30T08:47:00Z,1,2
d987bab8-53b3-48ee-b7f0-969776246f2c,SHP-000434,c7414763-7348-4b47-89fb-cfd6c6abccbd,c6435300-68a5-4c68-a32d-bb5e486bb6bf,100000000,100000001,100000002,55.0,55.06,3,2025-10-31T07:15:01Z,2025-11-02T06:18:41Z,2025-11-02T07:24:34Z,2025-11-02T13:19:00Z,WB-000434,True,2025-10-28T08:22:00Z,1,2
10790ff5-a107-4deb-a94d-8b707b44bcf1,SHP-000435,4f6163df-e090-4762-8b93-5b6c79e26160,c6435300-68a5-4c68-a32d-bb5e486bb6bf,100000000,100000000,100000000,60.0,59.89,3,2025-11-10T11:29:08Z,2025-11-11T07:00:23Z,2025-11-11T07:54:52Z,2025-11-11T13:02:00Z,WB-000435,True,2025-11-10T09:38:00Z,1,2
4c15a804-e5b8-4365-856d-75e804c0c7d5,SHP-000436,18b1ca76-1ce0-4991-a0be-4aa22fba326c,c6435300-68a5-4c68-a32d-bb5e486bb6bf,100000000,100000000,100000000,120.0,120.31,5,2025-12-03T12:48:41Z,2025-12-08T03:10:35Z,2025-12-08T05:00:27Z,2025-12-08T10:17:00Z,WB-000436,True,2025-12-03T11:02:00Z,1,2
d19340de-8cf1-433b-8ae7-5b45c503b2ef,SHP-000437,f5414322-65a8-473e-ac55-9e578371106a,c6435300-68a5-4c68-a32d-bb5e486bb6bf,100000000,100000000,100000000,25.0,24.96,2,2026-02-12T14:51:24Z,2026-02-18T04:21:57Z,2026-02-18T05:51:27Z,2026-02-18T11:27:00Z,WB-000437,True,2026-02-12T12:11:00Z,1,2
b7f05366-3f46-4015-8b04-3a7f09ea2266,SHP-000438,961e867a-5742-4255-94ad-f8b8cb5273b8,c6435300-68a5-4c68-a32d-bb5e486bb6bf,100000000,100000000,100000001,65.0,64.87,3,2026-03-28T14:11:20Z,2026-03-29T03:49:34Z,2026-03-29T05:02:19Z,2026-03-29T10:41:00Z,WB-000438,True,2026-03-28T10:40:00Z,1,2
5ffa5826-0778-4e8f-b41c-7dc400e30860,SHP-000439,0e8e5f81-fa7a-44f6-8a10-484dd0da6390,c6435300-68a5-4c68-a32d-bb5e486bb6bf,100000000,100000000,100000000,45.0,45.05,2,2026-06-20T12:09:21Z,2026-06-24T02:55:18Z,2026-06-24T03:32:43Z,2026-06-24T08:14:00Z,WB-000439,True,2026-06-20T10:16:00Z,1,2
3f0c13c7-122b-4577-9f20-f1536e5c74ee,SHP-000440,4e973027-7a5f-44cf-9777-3478a3235c31,0d67d38e-990f-4c5b-adcc-3daf569f3ab3,100000002,100000000,100000003,30.0,30.12,2,2025-11-09T07:59:35Z,2025-11-10T00:39:05Z,2025-11-10T01:06:20Z,2025-11-10T08:56:00Z,WB-000440,True,2025-11-09T06:39:00Z,1,2
b218a1f6-399e-4eab-9da1-6ed57c31b944,SHP-000441,454afde3-0251-4db4-b810-453b7471a091,0d67d38e-990f-4c5b-adcc-3daf569f3ab3,100000002,100000000,100000000,30.0,30.24,2,2025-12-06T09:23:57Z,2025-12-13T03:35:14Z,2025-12-13T05:21:00Z,2025-12-13T11:41:00Z,WB-000441,True,2025-12-06T06:42:00Z,1,2
7bacad5d-c648-476d-b129-830c6dd320ec,SHP-000442,7b104383-ef01-4574-997b-8c848b4177cb,0d67d38e-990f-4c5b-adcc-3daf569f3ab3,100000002,100000001,100000000,20.0,19.97,1,2026-04-23T23:08:43Z,2026-04-24T22:25:02Z,2026-04-24T23:21:21Z,2026-04-25T08:29:00Z,WB-000442,True,2026-04-18T13:04:00Z,1,2
9d1642ae-4a0e-4f45-8cc4-b550dfce3667,SHP-000443,fe9e9f06-36ef-49da-af2d-93e27075f7f6,55ab946d-a5b5-4dc2-a181-c85eca0ac6ac,100000004,100000000,100000000,215.0,215.03,9,2024-11-19T09:27:51Z,2024-11-24T22:41:05Z,2024-11-24T23:51:14Z,2024-11-25T06:56:00Z,WB-000443,True,2024-11-19T07:52:00Z,1,2
256447e2-da73-48f7-b9c6-334e1320e2df,SHP-000444,24ed3b2f-d5cc-412f-b35e-ced4bebd0633,55ab946d-a5b5-4dc2-a181-c85eca0ac6ac,100000004,100000001,100000002,65.0,65.09,3,2025-05-09T03:12:49Z,2025-05-10T04:16:59Z,2025-05-10T05:07:37Z,2025-05-10T09:45:00Z,WB-000444,True,2025-05-07T05:25:00Z,1,2
d2b4f192-295d-4882-b798-fce1255b55d8,SHP-000445,08052792-50f9-434a-8742-0da3dd0f2e32,55ab946d-a5b5-4dc2-a181-c85eca0ac6ac,100000004,100000000,100000000,225.0,224.18,10,2025-08-23T09:33:07Z,2025-08-26T00:23:39Z,2025-08-26T01:50:52Z,2025-08-26T06:11:00Z,WB-000445,True,2025-08-23T09:19:00Z,1,2
3eda71bb-99a3-430f-baf0-7ba7f2bcd559,SHP-000446,1dfe3bd6-f6e8-40b1-80f3-5f02b3ea0e84,55ab946d-a5b5-4dc2-a181-c85eca0ac6ac,100000004,100000001,100000001,55.0,55.05,3,2026-05-15T10:02:51Z,2026-05-16T04:08:31Z,2026-05-16T04:37:53Z,2026-05-16T09:41:00Z,WB-000446,True,2026-05-09T10:29:00Z,1,2
35244c2f-7a1b-40f7-ae69-17dada302f38,SHP-000447,21aef157-a038-4ed0-83d0-ff827725b92f,8ed6ad5e-1831-4aa3-9466-9d1910df9974,100000000,100000000,100000000,210.0,210.73,9,2024-08-10T11:03:50Z,2024-08-14T23:16:14Z,2024-08-15T00:50:55Z,2024-08-15T04:45:00Z,WB-000447,True,2024-08-10T10:54:00Z,1,2
e0acce3f-9c86-401e-a357-f76fa66360c6,SHP-000448,0660ccbd-75be-4360-916d-7b12d3cb72d9,8ed6ad5e-1831-4aa3-9466-9d1910df9974,100000000,100000000,100000000,100.0,99.74,5,2024-07-25T15:04:33Z,2024-07-27T02:47:42Z,2024-07-27T03:40:31Z,2024-07-27T08:39:00Z,WB-000448,True,2024-07-25T14:10:00Z,1,2
5432b72e-94a2-45ec-8fad-4a91edb484a9,SHP-000449,6307d0bc-db8d-4ab1-be45-785cfe65b87b,8ed6ad5e-1831-4aa3-9466-9d1910df9974,100000000,100000000,100000000,140.0,139.62,6,2024-08-17T11:54:37Z,2024-08-20T05:18:43Z,2024-08-20T06:34:13Z,2024-08-20T10:37:00Z,WB-000449,True,2024-08-17T11:49:00Z,1,2
a4d1e579-5e73-4646-820c-e9eccdf7154b,SHP-000450,8b83df92-aaf3-4999-ad23-f1cf0278ffdf,8ed6ad5e-1831-4aa3-9466-9d1910df9974,100000000,100000000,100000000,115.0,115.16,5,2024-09-11T13:23:33Z,2024-09-16T05:03:28Z,2024-09-16T06:23:11Z,2024-09-16T10:28:00Z,WB-000450,True,2024-09-11T10:15:00Z,1,2
f280e23c-ea8e-4143-b129-d8063ba35a59,SHP-000451,558673a3-c9f1-40d7-b8f0-f5243caa404a,8ed6ad5e-1831-4aa3-9466-9d1910df9974,100000000,100000000,100000001,135.0,135.0,6,2024-11-16T13:10:02Z,2024-11-16T22:22:05Z,2024-11-17T00:00:20Z,2024-11-17T05:56:00Z,WB-000451,True,2024-11-16T12:35:00Z,1,2
e97d30a7-d6dc-4eb2-9cd5-92de472c6acc,SHP-000452,b45c6169-4cad-49bd-b688-b0df3bbd390f,8ed6ad5e-1831-4aa3-9466-9d1910df9974,100000000,100000000,100000000,90.0,89.9,4,2025-01-25T09:10:54Z,2025-02-01T02:59:48Z,2025-02-01T03:51:50Z,2025-02-01T09:58:00Z,WB-000452,True,2025-01-25T06:28:00Z,1,2
1c48494d-51db-48b3-9a0c-c3db6c0304f5,SHP-000453,778238d0-48e2-4fdf-98f1-c89979528997,8ed6ad5e-1831-4aa3-9466-9d1910df9974,100000000,100000000,100000000,200.0,199.76,9,2025-02-06T11:18:03Z,2025-02-13T00:01:09Z,2025-02-13T00:54:42Z,2025-02-13T04:42:00Z,WB-000453,True,2025-02-06T10:58:00Z,1,2
bb17c15b-2c11-4ca5-8193-15d135d2034e,SHP-000454,f3a727b5-beb7-4626-bd75-e94602761cf8,8ed6ad5e-1831-4aa3-9466-9d1910df9974,100000000,100000000,100000000,75.0,74.93,4,2025-05-03T13:15:38Z,2025-05-08T05:01:18Z,2025-05-08T06:15:49Z,2025-05-08T10:54:00Z,WB-000454,True,2025-05-03T12:28:00Z,1,2
05085481-2977-4d22-8faf-80f52a1332f1,SHP-000455,0e8f67ab-0871-4a97-9827-aac09620be6b,8ed6ad5e-1831-4aa3-9466-9d1910df9974,100000000,100000001,100000002,80.0,80.2,4,2026-03-05T16:15:02Z,2026-03-07T02:04:01Z,2026-03-07T03:31:18Z,2026-03-07T07:42:00Z,WB-000455,True,2026-03-03T08:38:00Z,1,2
338a0c2f-db5c-428a-87fd-4a737b3f43e2,SHP-000456,9f3e7d40-54d8-46d8-bb49-71f22eb79d41,8ed6ad5e-1831-4aa3-9466-9d1910df9974,100000000,100000000,100000000,310.0,309.08,13,2026-03-18T14:59:55Z,2026-03-25T06:26:49Z,2026-03-25T07:32:24Z,2026-03-25T11:49:00Z,WB-000456,True,2026-03-18T11:57:00Z,1,2
5c5e04dc-2a0a-4a62-be89-5fc9742d67b7,SHP-000457,c5114965-3e22-4af5-afb2-c31ab54c6d26,8ed6ad5e-1831-4aa3-9466-9d1910df9974,100000000,100000000,100000000,90.0,89.97,4,2026-04-11T09:16:25Z,2026-04-18T05:33:10Z,2026-04-18T07:05:36Z,2026-04-18T12:13:00Z,WB-000457,True,2026-04-11T06:47:00Z,1,2
8cd0ff99-1105-4c08-8182-9059dac3be00,SHP-000458,4dc94cf9-1a8a-4dc8-a1dc-0acf748e9dd7,8ed6ad5e-1831-4aa3-9466-9d1910df9974,100000000,100000000,100000001,85.0,85.32,4,2026-04-07T13:28:05Z,2026-04-11T23:53:29Z,2026-04-12T01:11:16Z,2026-04-12T05:27:00Z,WB-000458,True,2026-04-07T12:30:00Z,1,2
7d7ad2e1-22b5-4284-9921-7259bbfe372e,SHP-000459,bcafdb1d-884e-48a6-8d1b-c018e7a08fed,4082cbb9-48bd-4b3e-a2f5-df2badaa44ca,100000000,100000000,100000000,35.0,34.98,2,2024-08-31T05:15:13Z,2024-09-06T22:18:13Z,2024-09-06T23:55:02Z,2024-09-07T04:57:00Z,WB-000459,True,2024-08-31T05:20:00Z,1,2
68594834-1911-4f91-ae10-d58c9d953f88,SHP-000460,db5af2c9-4da8-47f3-82ea-7fd6617ca04e,4082cbb9-48bd-4b3e-a2f5-df2badaa44ca,100000000,100000001,100000000,50.0,49.93,3,2024-10-18T02:19:21Z,2024-10-19T02:28:19Z,2024-10-19T04:02:22Z,2024-10-19T10:54:00Z,WB-000460,True,2024-10-16T06:43:00Z,1,2
a8df8836-e191-48ca-a78c-2d413df04b8b,SHP-000461,766004ac-547e-4c79-9fef-7a21f355a611,4082cbb9-48bd-4b3e-a2f5-df2badaa44ca,100000000,100000000,100000000,35.0,35.04,2,2025-02-17T12:06:26Z,2025-02-23T00:25:11Z,2025-02-23T02:05:23Z,2025-02-23T06:48:00Z,WB-000461,True,2025-02-17T09:44:00Z,1,2
58b0c7c1-772b-48ae-b199-3323a47b7452,SHP-000462,f2be85a6-9006-424e-ab58-b12a03d473ce,4082cbb9-48bd-4b3e-a2f5-df2badaa44ca,100000000,100000000,100000002,115.0,114.97,5,2025-02-15T09:31:15Z,2025-02-16T03:17:25Z,2025-02-16T04:39:14Z,2025-02-16T09:07:00Z,WB-000462,True,2025-02-15T06:42:00Z,1,2
932aa652-61d5-492d-b905-0f9bb5c8c7fe,SHP-000463,5149032d-5be0-475f-9536-411bf1b36d84,4082cbb9-48bd-4b3e-a2f5-df2badaa44ca,100000000,100000000,100000000,125.0,124.68,6,2025-09-14T08:40:13Z,2025-09-21T00:56:32Z,2025-09-21T01:47:16Z,2025-09-21T08:36:00Z,WB-000463,False,2025-09-14T06:11:00Z,1,2
17b27dbc-fee2-4971-9780-3fa11a0a2b58,SHP-000464,a7f4b74e-3341-4542-b786-f342d12cdb8f,4082cbb9-48bd-4b3e-a2f5-df2badaa44ca,100000000,100000001,100000002,80.0,80.21,4,2025-08-12T11:44:56Z,2025-08-13T00:42:48Z,2025-08-13T02:26:50Z,2025-08-13T07:47:00Z,WB-000464,True,2025-08-09T10:18:00Z,1,2
e2717793-b334-443b-9ede-5f683282d789,SHP-000465,b29f8d78-1c9d-47fd-889a-f6a6732e4e6b,4082cbb9-48bd-4b3e-a2f5-df2badaa44ca,100000000,100000000,100000000,40.0,39.8,2,2025-08-26T07:24:41Z,2025-08-28T03:03:33Z,2025-08-28T03:51:24Z,2025-08-28T09:40:00Z,WB-000465,True,2025-08-26T06:41:00Z,1,2
29a61e8a-9c45-49d8-80bc-841fd6a2479b,SHP-000466,ac6c507e-35f8-4fb3-a8e4-4eb4ecb0f051,4082cbb9-48bd-4b3e-a2f5-df2badaa44ca,100000000,100000000,100000001,84.5,84.4,4,2025-11-23T10:03:57Z,2025-11-25T03:33:08Z,2025-11-25T05:32:11Z,2025-11-25T09:53:00Z,WB-000466,True,2025-11-23T09:40:00Z,1,2
b374f256-c8b8-45b6-874e-9f91c15e3fde,SHP-000467,0c9ef221-83fe-4441-a4d6-1d07901c3234,f6e39356-a814-4562-9a00-3f16b9469bcf,100000002,100000000,100000000,55.0,54.87,3,2024-09-10T10:22:31Z,2024-09-13T23:50:12Z,2024-09-14T01:13:25Z,2024-09-14T06:47:00Z,WB-000467,True,2024-09-10T07:27:00Z,1,2
83f375c5-073e-4e70-8b3b-c2f4ea9244b3,SHP-000468,330739d1-7851-463b-afb7-6a22a570a559,f6e39356-a814-4562-9a00-3f16b9469bcf,100000002,100000000,100000000,25.0,25.11,2,2024-12-02T14:23:34Z,2024-12-08T00:04:08Z,2024-12-08T00:48:24Z,2024-12-08T06:32:00Z,WB-000468,True,2024-12-02T11:44:00Z,1,2
59e38362-c2ab-43bc-a872-c1d4727eb7fa,SHP-000469,05ee605f-9a39-4a07-aee2-1757da484b98,f6e39356-a814-4562-9a00-3f16b9469bcf,100000002,100000000,100000000,55.0,54.89,3,2025-07-05T14:57:47Z,2025-07-06T23:50:57Z,2025-07-07T00:43:52Z,2025-07-07T06:15:00Z,WB-000469,True,2025-07-05T12:19:00Z,1,2
cbc94c7c-4a29-4da2-8706-c8a320251847,SHP-000470,f7db6296-0c4d-4303-b06a-3a8227f84d37,f6e39356-a814-4562-9a00-3f16b9469bcf,100000002,100000000,100000001,25.0,24.94,2,2025-07-07T06:54:59Z,2025-07-12T00:08:41Z,2025-07-12T02:01:49Z,2025-07-12T07:09:00Z,WB-000470,True,2025-07-07T06:08:00Z,1,2
ae0b21f6-68a5-44af-8d66-daef713aa38f,SHP-000471,65840979-863b-4072-8798-0967c9b56d05,267eddce-df8f-4197-9a4a-99b2e806133c,100000001,100000000,100000001,145.0,144.47,7,2025-09-20T15:48:36Z,2025-09-22T03:37:50Z,2025-09-22T04:20:48Z,2025-09-22T07:58:00Z,WB-000471,True,2025-09-20T12:36:00Z,1,2
9b3b4d17-b7c8-44f2-8472-13bdcd65d14d,SHP-000472,b1581c35-12a4-483d-a67d-380cdc5c3dff,a9e27ba9-952e-4abb-94dd-5061555736f8,100000003,100000001,100000001,175.0,174.72,8,2024-08-15T05:28:39Z,2024-08-17T03:58:49Z,2024-08-17T05:57:22Z,2024-08-17T11:03:00Z,WB-000472,True,2024-08-12T06:36:00Z,1,2
7a3ad3b3-6298-4c3a-95f9-0b9b9a3f9985,SHP-000473,a21821a9-7c1f-460d-a9d8-ec8a15c64241,a9e27ba9-952e-4abb-94dd-5061555736f8,100000003,100000000,100000000,110.0,110.4,5,2024-09-19T13:13:31Z,2024-09-21T00:38:59Z,2024-09-21T02:06:29Z,2024-09-21T05:18:00Z,WB-000473,True,2024-09-19T10:26:00Z,1,2
5fedaa2a-c142-4257-936d-93f2d6b731dc,SHP-000474,d9878e7f-1e86-4917-88f3-1d4e19c89532,a9e27ba9-952e-4abb-94dd-5061555736f8,100000003,100000001,100000000,50.0,50.02,3,2024-11-09T16:55:30Z,2024-11-11T21:18:57Z,2024-11-11T22:15:32Z,2024-11-12T04:48:00Z,WB-000474,True,2024-11-05T07:30:00Z,1,2
81540206-fe30-4d9c-92c0-139445cc893e,SHP-000475,8385d0d4-1e88-4c10-9b1a-ccc1d28859dd,a9e27ba9-952e-4abb-94dd-5061555736f8,100000003,100000000,100000002,95.0,94.94,4,2025-10-14T09:17:41Z,2025-10-15T01:32:59Z,2025-10-15T03:21:35Z,2025-10-15T09:07:00Z,WB-000475,True,2025-10-14T06:51:00Z,1,2
aef1286b-58bd-4817-b616-3017477f9ea0,SHP-000476,f828720d-96d7-4bbb-a82a-f7e614b51035,a9e27ba9-952e-4abb-94dd-5061555736f8,100000003,100000000,100000001,75.0,75.02,4,2025-12-23T13:12:44Z,2025-12-25T00:10:12Z,2025-12-25T02:08:59Z,2025-12-25T09:45:00Z,WB-000476,True,2025-12-23T10:54:00Z,1,2
e95fca08-dbc4-4ceb-84c1-97640b253b4e,SHP-000477,b1799af4-3424-46b2-a20c-aab4245101a4,a9e27ba9-952e-4abb-94dd-5061555736f8,100000003,100000000,100000000,135.0,134.22,6,2026-05-18T09:26:25Z,2026-05-19T05:21:24Z,2026-05-19T06:15:21Z,2026-05-19T09:40:00Z,WB-000477,True,2026-05-18T08:15:00Z,1,2
3fddac98-be8b-422c-bef4-e7d5b8ef3fc5,SHP-000478,3c993a28-9adf-462e-809e-8b4541109779,4f6b58c8-598d-4aec-aaaf-e5432434a678,100000000,100000000,100000002,135.0,135.13,6,2024-08-20T14:50:25Z,2024-08-21T00:32:51Z,2024-08-21T02:17:17Z,2024-08-21T07:02:00Z,WB-000478,True,2024-08-20T11:33:00Z,1,2
4513fc77-4b18-4d56-a9bc-e0ca2422a897,SHP-000479,ba624b55-2f5e-4ab9-8c59-23c0e166d792,4f6b58c8-598d-4aec-aaaf-e5432434a678,100000000,100000000,100000001,95.0,94.77,4,2025-03-13T13:10:20Z,2025-03-18T03:50:51Z,2025-03-18T05:29:45Z,2025-03-18T09:45:00Z,WB-000479,True,2025-03-13T12:04:00Z,1,2
785298f4-987a-456a-be82-7c2b6adb7ff4,SHP-000480,55d39708-376d-421e-888e-7fbd12edcf33,4f6b58c8-598d-4aec-aaaf-e5432434a678,100000000,100000000,100000000,80.0,79.73,4,2025-06-12T14:43:02Z,2025-06-16T00:34:56Z,2025-06-16T01:55:06Z,2025-06-16T05:30:00Z,WB-000480,True,2025-06-12T11:13:00Z,1,2
cee57286-d7b2-4779-87f2-aee6e39bce7a,SHP-000481,eefe4355-64c1-4c18-aa26-89d147b166ba,4f6b58c8-598d-4aec-aaaf-e5432434a678,100000000,100000000,100000000,65.0,65.08,3,2025-07-20T09:27:12Z,2025-07-25T22:11:48Z,2025-07-25T23:44:36Z,2025-07-26T05:27:00Z,WB-000481,True,2025-07-20T07:56:00Z,1,2
bb86bd68-bdf4-4ee1-a999-1a9bb60bb737,SHP-000482,441bc72d-2260-4ff4-841b-f0496ae97091,a981b098-b2cf-452d-a7f3-33b3f7baf55e,100000001,100000000,100000000,10.0,10.01,1,2025-01-28T08:27:48Z,2025-01-29T17:35:32Z,2025-01-29T18:32:28Z,2025-01-30T05:54:00Z,WB-000482,True,2025-01-28T08:20:00Z,1,2
264869a4-4c1f-446d-8796-273c97c75dbf,SHP-000483,ea045a96-fbdd-4f2f-86bb-3b6c5fea4b06,a981b098-b2cf-452d-a7f3-33b3f7baf55e,100000001,100000000,100000000,15.0,15.03,1,2025-04-12T12:14:11Z,2025-04-15T10:13:11Z,2025-04-15T11:16:39Z,2025-04-16T05:12:00Z,WB-000483,False,2025-04-12T10:03:00Z,1,2
638f8c9c-f36d-4e99-8a7e-83d6b33d5113,SHP-000484,bf12eed9-595d-4bea-944e-e0153d5cacc6,a981b098-b2cf-452d-a7f3-33b3f7baf55e,100000001,100000000,100000000,140.0,140.11,6,2025-08-16T10:55:14Z,2025-08-17T17:18:09Z,2025-08-17T19:05:14Z,2025-08-18T06:36:00Z,WB-000484,True,2025-08-16T08:02:00Z,1,2
de39fb31-b566-4604-ac10-271f42fbf1c0,SHP-000485,6f3ffa05-a1fb-44aa-b546-8dd40ac9e5df,a981b098-b2cf-452d-a7f3-33b3f7baf55e,100000001,100000000,100000000,65.0,65.02,3,2026-05-23T14:04:25Z,2026-05-26T23:30:13Z,2026-05-27T00:59:43Z,2026-05-27T12:55:00Z,WB-000485,True,2026-05-23T13:00:00Z,1,2
b2125b34-5d35-4902-9ead-5161c7192b17,SHP-000486,454caef8-696b-47af-b780-d5bfb0cc2f6a,b576255e-9854-4f22-a102-f9c964575bc4,100000005,100000000,100000000,90.0,89.87,4,2024-11-03T12:20:59Z,2024-11-06T02:19:08Z,2024-11-06T03:31:47Z,2024-11-06T08:27:00Z,WB-000486,True,2024-11-03T10:07:00Z,1,2
e6be8888-f6fd-4131-b8d0-808a4853ef1f,SHP-000487,6d065e29-1720-4f66-9e3b-5717bf26cf66,b576255e-9854-4f22-a102-f9c964575bc4,100000005,100000000,100000000,155.0,154.74,7,2025-12-30T09:14:58Z,2026-01-04T21:56:57Z,2026-01-04T22:24:49Z,2026-01-05T04:40:00Z,WB-000487,True,2025-12-30T07:20:00Z,1,2
82b0fada-6b35-45a4-85de-c44f608cd2f4,SHP-000488,d4063329-8bc9-4f2f-9b44-b1bdd72a51df,b576255e-9854-4f22-a102-f9c964575bc4,100000005,100000000,100000000,85.0,85.17,4,2026-02-05T13:13:57Z,2026-02-07T04:15:42Z,2026-02-07T05:09:10Z,2026-02-07T10:00:00Z,WB-000488,True,2026-02-05T11:02:00Z,1,2
0407e8d6-fd83-4609-bb70-360fc5af7be7,SHP-000489,8f8ae861-8668-4afc-a07e-3c20d2384af9,b576255e-9854-4f22-a102-f9c964575bc4,100000005,100000000,100000000,120.0,119.6,5,2026-05-09T09:51:10Z,2026-05-13T02:10:28Z,2026-05-13T03:16:13Z,2026-05-13T07:18:00Z,WB-000489,True,2026-05-09T10:00:00Z,1,2
42521f08-af51-4f43-a261-ef8568986747,SHP-000490,8318051f-e384-4d02-bee1-b2bc0ff106ba,8f158449-4f40-422f-95b0-2530f020e992,100000001,100000000,100000000,50.0,50.15,3,2024-07-25T12:51:29Z,2024-07-28T19:48:33Z,2024-07-28T21:44:04Z,2024-07-29T11:59:00Z,WB-000490,True,2024-07-25T12:15:00Z,1,2
edbb17ff-de41-44dc-a569-84daef72fef8,SHP-000491,6d75abeb-790e-4d36-b1f1-f685e5774b6c,8f158449-4f40-422f-95b0-2530f020e992,100000001,100000000,100000002,60.0,60.07,3,2024-07-15T14:45:16Z,2024-07-19T20:45:03Z,2024-07-19T22:03:43Z,2024-07-20T07:28:00Z,WB-000491,True,2024-07-15T12:39:00Z,1,2
7305700a-1806-4a4d-a79b-86ec0c170bf3,SHP-000492,55979c0a-405a-418d-993d-d4945c65ffec,8f158449-4f40-422f-95b0-2530f020e992,100000001,100000000,100000000,70.0,69.67,3,2024-07-14T10:40:04Z,2024-07-19T21:55:33Z,2024-07-19T22:24:55Z,2024-07-20T10:47:00Z,WB-000492,True,2024-07-14T10:08:00Z,1,2
7be7b3d0-5d80-4733-8918-4c7b1227def3,SHP-000493,5beff8da-41ec-4398-9287-9b7e2238e094,8f158449-4f40-422f-95b0-2530f020e992,100000001,100000000,100000000,30.0,30.19,2,2024-08-26T11:51:50Z,2024-08-31T01:10:30Z,2024-08-31T02:55:41Z,2024-08-31T12:09:00Z,WB-000493,True,2024-08-26T09:22:00Z,1,2
7ec570e3-6130-4ecc-bb90-072305ab8ec5,SHP-000494,964c5411-e8b7-4cf5-a975-6162a41f4c10,8f158449-4f40-422f-95b0-2530f020e992,100000001,100000000,100000001,65.0,65.19,3,2024-08-11T07:49:41Z,2024-08-11T21:39:39Z,2024-08-11T23:37:48Z,2024-08-12T12:49:00Z,WB-000494,True,2024-08-11T08:18:00Z,1,2
1014aa8e-4f16-41a8-ad90-617e88288503,SHP-000495,a31783e4-9170-4608-9eb2-8846bec061b9,8f158449-4f40-422f-95b0-2530f020e992,100000001,100000000,100000000,90.0,89.96,4,2025-05-31T09:12:46Z,2025-06-03T11:07:29Z,2025-06-03T13:06:40Z,2025-06-04T07:21:00Z,WB-000495,False,2025-05-31T06:43:00Z,1,2
adc08ec2-1dc5-4b86-a010-68298a78c246,SHP-000496,51d80f9b-30c9-40c5-a80c-ade08ad978da,8f158449-4f40-422f-95b0-2530f020e992,100000001,100000000,100000001,60.0,60.14,3,2025-09-17T07:59:52Z,2025-09-17T18:23:13Z,2025-09-17T19:59:36Z,2025-09-18T06:26:00Z,WB-000496,True,2025-09-17T07:42:00Z,1,2
ab6aca8c-6fad-4295-adeb-15712bb06d8f,SHP-000497,409da889-201c-4fb8-acad-29cdeea5fe54,54170a17-caaa-4bbe-a4bb-f962606e0e1c,100000000,100000000,100000000,30.0,29.94,2,2024-09-25T13:00:47Z,2024-09-30T23:15:52Z,2024-09-30T23:43:36Z,2024-10-01T06:52:00Z,WB-000497,True,2024-09-25T10:09:00Z,1,2
a4f02bb4-9faa-4152-91f4-4af7e2287153,SHP-000498,039538d1-b73f-411c-ba58-8c6ccd97dbbb,54170a17-caaa-4bbe-a4bb-f962606e0e1c,100000000,100000000,100000000,25.0,25.07,2,2025-02-27T10:41:32Z,2025-03-03T23:00:37Z,2025-03-03T23:33:10Z,2025-03-04T07:03:00Z,WB-000498,True,2025-02-27T09:11:00Z,1,2
ca86c274-5d81-4605-b106-20f0636060ce,SHP-000499,5229a5ab-55c6-43c0-9b8c-6dd85bdf7840,54170a17-caaa-4bbe-a4bb-f962606e0e1c,100000000,100000000,100000000,95.0,94.94,4,2025-03-03T12:38:46Z,2025-03-06T01:07:21Z,2025-03-06T02:49:15Z,2025-03-06T09:24:00Z,WB-000499,True,2025-03-03T09:23:00Z,1,2
30445256-f7cd-4f5f-a846-a5101769c761,SHP-000500,47e4cc36-b014-495f-aff8-808a966e49fd,54170a17-caaa-4bbe-a4bb-f962606e0e1c,100000000,100000000,100000000,35.0,34.99,2,2025-03-03T09:10:28Z,2025-03-10T02:16:11Z,2025-03-10T03:13:24Z,2025-03-10T06:45:00Z,WB-000500,True,2025-03-03T08:55:00Z,1,2
ec4cc1ac-094a-4894-a25e-eb2367bdd65e,SHP-000501,8f669e7a-51fc-45dc-a6ed-306985a7f513,54170a17-caaa-4bbe-a4bb-f962606e0e1c,100000000,100000000,100000000,10.0,10.03,1,2025-04-05T16:29:40Z,2025-04-12T06:15:40Z,2025-04-12T06:48:22Z,2025-04-12T10:39:00Z,WB-000501,True,2025-04-05T13:18:00Z,1,2
c1dfd261-eae4-47d2-a84f-c55f728ec061,SHP-000502,2bff1852-6347-4ef7-8700-8faf12f8317b,54170a17-caaa-4bbe-a4bb-f962606e0e1c,100000000,100000001,100000001,25.0,25.02,2,2025-06-08T10:29:24Z,2025-06-09T05:27:18Z,2025-06-09T06:10:00Z,2025-06-09T12:03:00Z,WB-000502,True,2025-06-05T10:17:00Z,1,2
c9ff1d8b-924f-4bde-bba6-bb280ce92be9,SHP-000503,b4af9db7-4246-4122-ae4e-2fce8de1421a,54170a17-caaa-4bbe-a4bb-f962606e0e1c,100000000,100000000,100000000,25.0,24.93,2,2025-05-17T14:47:20Z,2025-05-22T05:10:42Z,2025-05-22T06:02:59Z,2025-05-22T10:22:00Z,WB-000503,True,2025-05-17T12:22:00Z,1,2
e1faec6e-5283-4e47-bfad-0a242dc7385a,SHP-000504,f1d7e31e-20e6-4f2b-ae84-41d7c2cf77d1,54170a17-caaa-4bbe-a4bb-f962606e0e1c,100000000,100000000,100000000,25.0,25.08,2,2025-06-07T12:04:40Z,2025-06-11T04:31:56Z,2025-06-11T05:01:05Z,2025-06-11T09:21:00Z,WB-000504,True,2025-06-07T11:19:00Z,1,2
cd0a29ea-3db4-4639-b719-3925978a3338,SHP-000505,eb64c561-767f-4983-b703-9b04635a932e,54170a17-caaa-4bbe-a4bb-f962606e0e1c,100000000,100000000,100000000,30.0,29.99,2,2026-01-04T11:37:33Z,2026-01-07T03:06:04Z,2026-01-07T04:34:40Z,2026-01-07T09:56:00Z,WB-000505,True,2026-01-04T09:57:00Z,1,2
7085fd13-5bce-4215-9859-d62df560439d,SHP-000506,4c816ada-e879-4993-b656-64b716b0caa0,54170a17-caaa-4bbe-a4bb-f962606e0e1c,100000000,100000000,100000000,35.0,34.93,2,2026-01-22T06:45:53Z,2026-01-23T23:56:18Z,2026-01-24T01:20:30Z,2026-01-24T07:07:00Z,WB-000506,True,2026-01-22T05:52:00Z,1,2
a5b99000-32b3-461e-bfaa-12520cdaf2d2,SHP-000507,0d60090e-27e4-4e93-932f-a705536adab9,54170a17-caaa-4bbe-a4bb-f962606e0e1c,100000000,100000000,100000000,75.0,75.38,4,2026-02-19T11:54:52Z,2026-02-21T05:00:58Z,2026-02-21T05:48:01Z,2026-02-21T11:20:00Z,WB-000507,True,2026-02-19T12:30:00Z,1,2
948b4e3e-19d5-4147-9ead-72ba4c34b817,SHP-000508,89a32235-a875-431b-be36-2d8ef9b2986c,54170a17-caaa-4bbe-a4bb-f962606e0e1c,100000000,100000000,100000000,55.0,55.04,3,2026-02-18T08:44:12Z,2026-02-24T05:08:38Z,2026-02-24T06:58:02Z,2026-02-24T11:41:00Z,WB-000508,True,2026-02-18T07:00:00Z,1,2
b3ff25f4-994b-447e-ad2d-f02d25d13667,SHP-000509,71416ef7-1d2a-4b4a-8e4d-0f94da3c0721,ff4625af-bd20-463b-b275-b5f3d436a7a8,100000004,100000001,100000000,60.0,60.32,3,2025-04-25T17:33:48Z,2025-04-26T23:56:22Z,2025-04-27T01:00:37Z,2025-04-27T04:41:00Z,WB-000509,True,2025-04-20T08:20:00Z,1,2
bea09fbc-d4da-4e5a-b136-35e5618b1312,SHP-000510,d884929f-ffd0-4f3e-994d-4f845e6bfa69,ff4625af-bd20-463b-b275-b5f3d436a7a8,100000004,100000000,100000000,40.0,39.97,2,2025-06-24T12:53:01Z,2025-06-28T04:37:07Z,2025-06-28T05:07:26Z,2025-06-28T09:49:00Z,WB-000510,True,2025-06-24T12:53:00Z,1,2
4fc29fc5-6630-4cf1-8548-7f0681fb800b,SHP-000511,2305e7b7-141e-492b-9e83-cb0e0b04aa05,ff4625af-bd20-463b-b275-b5f3d436a7a8,100000004,100000000,100000003,15.0,15.02,1,2025-09-17T16:55:10Z,2025-09-18T01:26:07Z,2025-09-18T02:46:32Z,2025-09-18T07:57:00Z,WB-000511,True,2025-09-17T13:47:00Z,1,2
64ac7ccc-0ea1-46b4-b986-0320ca2b618f,SHP-000512,c1d31857-23aa-4eee-8f63-917756e940d0,ff4625af-bd20-463b-b275-b5f3d436a7a8,100000004,100000000,100000000,45.0,45.11,2,2026-02-08T06:56:01Z,2026-02-15T04:52:37Z,2026-02-15T05:57:18Z,2026-02-15T11:48:00Z,WB-000512,True,2026-02-08T06:28:00Z,1,2
fc0daf5e-6fa0-4248-bf8a-eb23f13562f4,SHP-000513,fa6f7fa1-4ceb-4ab2-be26-ea2ad7c00633,ff4625af-bd20-463b-b275-b5f3d436a7a8,100000004,100000000,100000000,25.0,25.05,2,2026-04-28T06:10:06Z,2026-05-02T22:00:59Z,2026-05-02T23:17:39Z,2026-05-03T05:56:00Z,WB-000513,True,2026-04-28T05:24:00Z,1,2
fb7acbe2-caa3-4b33-8e9d-00597286a0a4,SHP-000514,15b8790b-e6f6-40ca-bb68-3c91d6fc0b62,17ec889c-86c1-46cb-a996-30f7af77520e,100000000,100000000,100000000,50.0,50.0,3,2024-09-21T11:22:02Z,2024-09-24T21:16:08Z,2024-09-24T21:51:16Z,2024-09-25T08:28:00Z,WB-000514,True,2024-09-21T08:46:00Z,1,2
36c3d1ed-b99e-4ffc-ba45-7c8b308a4405,SHP-000515,b0f19e65-90ff-41bd-8d73-bbff46a1001f,17ec889c-86c1-46cb-a996-30f7af77520e,100000000,100000000,100000000,100.0,99.83,5,2024-10-09T12:46:53Z,2024-10-11T19:36:59Z,2024-10-11T20:28:07Z,2024-10-12T05:14:00Z,WB-000515,True,2024-10-09T10:29:00Z,1,2
1397fc8c-86a2-40fb-b709-7f50350c7396,SHP-000516,14c26fea-7a00-45f2-9e3d-94ca65c83377,17ec889c-86c1-46cb-a996-30f7af77520e,100000000,100000001,100000000,65.0,65.08,3,2024-12-26T12:07:43Z,2024-12-27T20:22:09Z,2024-12-27T21:10:24Z,2024-12-28T10:26:00Z,WB-000516,True,2024-12-22T05:48:00Z,1,2
9ad9a8b7-806f-482e-b251-b97ee523ab8b,SHP-000517,2d1aa839-c654-4801-a104-ed633a1e8969,17ec889c-86c1-46cb-a996-30f7af77520e,100000000,100000000,100000002,125.0,125.21,6,2025-02-06T10:31:35Z,2025-02-09T20:41:11Z,2025-02-09T21:44:30Z,2025-02-10T04:48:00Z,WB-000517,True,2025-02-06T08:07:00Z,1,2
b3fe7fbe-c5e6-4078-a57a-727daa6ef9bb,SHP-000518,9448cb7c-6f7e-44dd-b8d3-1160cd4ae71b,17ec889c-86c1-46cb-a996-30f7af77520e,100000000,100000001,100000002,100.0,100.19,5,2025-06-11T01:28:59Z,2025-06-11T23:25:28Z,2025-06-12T01:19:51Z,2025-06-12T07:33:00Z,WB-000518,True,2025-06-08T12:35:00Z,1,2
b33bbee0-1aa0-42a0-babd-9e0656f44c2d,SHP-000519,28ba8700-0406-47da-b76d-720812cd6a6e,17ec889c-86c1-46cb-a996-30f7af77520e,100000000,100000000,100000000,75.0,75.0,4,2025-07-12T08:13:13Z,2025-07-14T22:04:46Z,2025-07-14T23:15:13Z,2025-07-15T12:42:00Z,WB-000519,True,2025-07-12T06:02:00Z,1,2
5d197576-e79f-4477-9700-3ba811c866d4,SHP-000520,af071e6f-87a6-48d5-9660-664311421beb,17ec889c-86c1-46cb-a996-30f7af77520e,100000000,100000000,100000000,110.0,110.13,5,2025-11-24T15:11:20Z,2025-11-24T21:18:03Z,2025-11-24T21:55:03Z,2025-11-25T05:12:00Z,WB-000520,True,2025-11-24T14:00:00Z,1,2
4c55e878-ae09-477d-87ec-47101d7963db,SHP-000521,04ea2e3d-b8b3-4b87-9300-8c0cee725d2e,17ec889c-86c1-46cb-a996-30f7af77520e,100000000,100000000,100000000,90.0,89.68,4,2026-05-31T06:35:37Z,2026-06-06T19:02:29Z,2026-06-06T20:46:13Z,2026-06-07T11:10:00Z,WB-000521,True,2026-05-31T05:46:00Z,1,2
b921a0ac-606e-43a0-a248-6280e7777306,SHP-000522,57b48c03-b615-4bf1-a936-e1c54e7a6b3a,822c4d32-6c64-4c15-aba3-01cba561e1e9,100000000,100000001,100000001,35.0,35.1,2,2025-02-28T00:10:00Z,2025-03-01T03:09:35Z,2025-03-01T04:17:56Z,2025-03-01T08:22:00Z,WB-000522,True,2025-02-26T07:36:00Z,1,2
2c7c9a79-f413-4bfd-9190-549ed96ec08f,SHP-000523,9933d69a-b66a-428d-af35-9f70f549ad66,822c4d32-6c64-4c15-aba3-01cba561e1e9,100000000,100000001,100000000,55.0,55.17,3,2026-01-10T14:00:38Z,2026-01-12T00:17:31Z,2026-01-12T01:43:24Z,2026-01-12T05:34:00Z,WB-000523,True,2026-01-07T13:07:00Z,1,2
0b7c7ea9-f874-4fdd-9b27-7d8636040c47,SHP-000524,c445b875-3b50-453b-8f9d-241b2a932c82,4f11d8dc-5cd3-4369-84aa-c1b75ca0c428,100000001,100000000,100000000,60.0,60.21,3,2024-07-30T09:28:41Z,2024-08-04T19:13:39Z,2024-08-04T20:31:32Z,2024-08-05T12:57:00Z,WB-000524,True,2024-07-30T06:11:00Z,1,2
76e6e1cc-5416-489d-b07e-1d3ba3f1f6f2,SHP-000525,16e5c1d6-bb2f-44a5-8527-731bf7ed1118,4f11d8dc-5cd3-4369-84aa-c1b75ca0c428,100000001,100000000,100000000,335.0,335.66,14,2025-05-08T07:10:11Z,2025-05-09T13:24:35Z,2025-05-09T14:52:34Z,2025-05-10T13:29:00Z,WB-000525,True,2025-05-08T05:00:00Z,1,2
929710b4-55ac-4b0f-beec-0a855124f491,SHP-000526,8fb95fdf-0247-4263-bc07-e24fd9d6a2f3,4f11d8dc-5cd3-4369-84aa-c1b75ca0c428,100000001,100000000,100000000,95.0,95.21,4,2025-08-10T07:01:16Z,2025-08-11T11:25:21Z,2025-08-11T12:39:53Z,2025-08-12T04:35:00Z,WB-000526,True,2025-08-10T05:46:00Z,1,2
1f6b34b2-46ba-4270-bac4-37c89b22ffb1,SHP-000527,af582048-6c54-4fbf-a9a4-620bfca9bbcd,4f11d8dc-5cd3-4369-84aa-c1b75ca0c428,100000001,100000000,100000002,105.0,104.89,5,2025-10-25T12:20:25Z,2025-10-26T13:34:41Z,2025-10-26T15:18:30Z,2025-10-27T05:14:00Z,WB-000527,True,2025-10-25T12:43:00Z,1,2
58b75d1f-2590-443b-8256-011f64fbd479,SHP-000528,5298fe28-3f3b-4e45-ae83-4df60188e5ee,4f11d8dc-5cd3-4369-84aa-c1b75ca0c428,100000001,100000000,100000002,290.0,289.22,13,2025-11-15T13:01:56Z,2025-11-17T10:39:55Z,2025-11-17T11:33:29Z,2025-11-18T09:58:00Z,WB-000528,True,2025-11-15T12:24:00Z,1,2
03343bfd-1881-4b86-b4b0-bfd44a0e1230,SHP-000529,67c9504e-6368-4080-bc8f-876f0ec25ce9,4f11d8dc-5cd3-4369-84aa-c1b75ca0c428,100000001,100000000,100000000,200.0,199.99,9,2025-11-23T13:19:32Z,2025-11-24T17:51:25Z,2025-11-24T19:38:36Z,2025-11-25T08:53:00Z,WB-000529,True,2025-11-23T11:17:00Z,1,2
0f858dca-5d8c-4337-99bd-739dc08885d7,SHP-000530,bd19f2fb-35b5-4538-a0bc-0044c3c51dda,4f11d8dc-5cd3-4369-84aa-c1b75ca0c428,100000001,100000001,100000001,40.0,39.85,2,2026-01-11T07:34:29Z,2026-01-13T14:30:51Z,2026-01-13T15:50:27Z,2026-01-14T07:58:00Z,WB-000530,True,2026-01-07T05:20:00Z,1,2
0d517993-6a6f-4b2e-ab42-67ca59cfe791,SHP-000531,973a0713-45f2-40b1-a2ba-7693d0853539,577bc55a-36d5-4494-b37f-d50d2e25b5ee,100000001,100000001,100000001,150.0,150.26,7,2024-09-08T13:28:09Z,2024-09-09T02:14:37Z,2024-09-09T03:36:27Z,2024-09-09T08:31:00Z,WB-000531,True,2024-09-04T11:37:00Z,1,2
5e8f6a06-9a6a-4f15-b2e2-0fb4e0cee0c9,SHP-000532,824e9e8b-e18a-4f87-b096-09047bf2b65a,577bc55a-36d5-4494-b37f-d50d2e25b5ee,100000001,100000001,100000000,115.0,115.2,5,2024-09-18T01:01:35Z,2024-09-19T06:35:57Z,2024-09-19T07:28:23Z,2024-09-19T11:25:00Z,WB-000532,True,2024-09-14T05:37:00Z,1,2
f014d4f2-47f2-4017-bebb-07b111e495a7,SHP-000533,d6aca68a-d85d-4dc6-b1f9-c9966d4df112,577bc55a-36d5-4494-b37f-d50d2e25b5ee,100000001,100000000,100000001,130.0,129.87,6,2024-10-19T12:17:23Z,2024-10-21T05:42:06Z,2024-10-21T06:27:04Z,2024-10-21T10:25:00Z,WB-000533,True,2024-10-19T11:27:00Z,1,2
a29375c2-c082-4e58-9f3d-8e7db89aa34f,SHP-000534,6281a159-dd97-47cd-8557-9093839044b5,577bc55a-36d5-4494-b37f-d50d2e25b5ee,100000001,100000000,100000001,140.0,139.57,6,2024-10-15T08:49:50Z,2024-10-18T23:51:56Z,2024-10-19T01:20:50Z,2024-10-19T07:48:00Z,WB-000534,True,2024-10-15T06:07:00Z,1,2
5fa6622f-3b38-4fe8-9458-6e0b1fc0b84d,SHP-000535,bcf3d164-7013-4706-a759-18f85e911418,577bc55a-36d5-4494-b37f-d50d2e25b5ee,100000001,100000000,100000000,90.0,89.66,4,2025-08-30T10:25:45Z,2025-09-02T01:48:25Z,2025-09-02T02:22:52Z,2025-09-02T07:38:00Z,WB-000535,True,2025-08-30T08:05:00Z,1,2
a4fd7d1c-63d9-4083-b931-12969fc297da,SHP-000536,8db18dd3-1386-421c-829c-595766901b01,577bc55a-36d5-4494-b37f-d50d2e25b5ee,100000001,100000000,100000000,220.0,220.11,10,2025-09-23T07:21:49Z,2025-09-26T20:43:13Z,2025-09-26T22:22:50Z,2025-09-27T04:35:00Z,WB-000536,True,2025-09-23T07:29:00Z,1,2
869dff84-1ab8-4cbb-a609-9f9c82e76aad,SHP-000537,234a89e0-c9e9-43f9-8821-1d14c935956a,577bc55a-36d5-4494-b37f-d50d2e25b5ee,100000001,100000001,100000000,45.0,44.88,2,2025-11-04T06:44:53Z,2025-11-06T08:38:30Z,2025-11-06T09:54:44Z,2025-11-06T13:19:00Z,WB-000537,True,2025-10-30T06:39:00Z,1,2
9647825c-29fb-4a04-bd78-7653e5cff37b,SHP-000538,1b5526c6-0db6-4dc3-99c9-73ae1cf1aaff,577bc55a-36d5-4494-b37f-d50d2e25b5ee,100000001,100000001,100000000,150.0,149.84,7,2026-02-10T04:34:10Z,2026-02-11T02:46:13Z,2026-02-11T04:35:24Z,2026-02-11T10:17:00Z,WB-000538,True,2026-02-07T08:41:00Z,1,2
2f3af30a-0940-45fd-9577-70d576f7238d,SHP-000539,c6191a5c-8a19-40bd-bee3-3ba0e4caa2e0,577bc55a-36d5-4494-b37f-d50d2e25b5ee,100000001,100000000,100000000,135.0,135.28,6,2026-01-31T09:54:35Z,2026-01-31T23:16:40Z,2026-02-01T00:40:47Z,2026-02-01T07:21:00Z,WB-000539,True,2026-01-31T08:49:00Z,1,2
205c61eb-3af7-404e-99f2-f4ea61d9655e,SHP-000540,1e81b715-db68-4e50-a373-318ff5c676f4,577bc55a-36d5-4494-b37f-d50d2e25b5ee,100000001,100000000,100000003,150.0,149.86,7,2026-04-04T13:18:23Z,2026-04-05T01:19:03Z,2026-04-05T02:05:01Z,2026-04-05T06:22:00Z,WB-000540,True,2026-04-04T12:01:00Z,1,2
ad8e67a4-4265-487d-9462-9b7f0ce85083,SHP-000541,e195e7d4-6ceb-498c-ae90-6515d99bdf10,31274148-7c7c-404e-8422-d03ef29a6339,100000004,100000001,100000000,150.0,149.9,7,2024-09-11T06:09:34Z,2024-09-11T20:43:41Z,2024-09-11T22:17:48Z,2024-09-12T05:58:00Z,WB-000541,True,2024-09-08T12:13:00Z,1,2
351a56ee-727d-4660-a132-a44243456ba0,SHP-000542,d850034e-6f96-471b-a18d-7201db7c3e2c,31274148-7c7c-404e-8422-d03ef29a6339,100000004,100000000,100000001,30.0,29.91,2,2025-02-08T17:15:53Z,2025-02-09T22:41:33Z,2025-02-10T00:22:18Z,2025-02-10T06:51:00Z,WB-000542,True,2025-02-08T13:38:00Z,1,2
634d34ad-ddd0-4efb-97f0-8dbc102b8b26,SHP-000543,0c31b756-8113-425d-b502-080bb049b37c,31274148-7c7c-404e-8422-d03ef29a6339,100000004,100000000,100000000,40.0,40.05,2,2025-04-09T16:47:56Z,2025-04-13T18:39:32Z,2025-04-13T20:18:42Z,2025-04-14T04:47:00Z,WB-000543,True,2025-04-09T13:26:00Z,1,2
39fd7177-070b-47d4-abb0-bab08972c7cd,SHP-000544,c9b7099e-0e5c-427b-8da4-3538b5c0055d,31274148-7c7c-404e-8422-d03ef29a6339,100000004,100000000,100000000,30.0,30.09,2,2025-05-17T10:08:25Z,2025-05-22T02:33:49Z,2025-05-22T03:45:36Z,2025-05-22T08:23:00Z,WB-000544,True,2025-05-17T07:42:00Z,1,2
a6d505ba-260d-48cb-ac2c-d83c8ea31306,SHP-000545,2c4118e6-26ea-4d53-ac05-54d58864e9e8,31274148-7c7c-404e-8422-d03ef29a6339,100000004,100000001,100000002,125.0,124.81,6,2025-11-22T12:38:59Z,2025-11-23T05:46:06Z,2025-11-23T07:05:37Z,2025-11-23T12:20:00Z,WB-000545,True,2025-11-20T10:06:00Z,1,2
c0cf8789-39ba-4be5-bf55-43c0c66c4c20,SHP-000546,20492e5f-07e9-4ef5-8cf3-7fa5cf2ffa13,31274148-7c7c-404e-8422-d03ef29a6339,100000004,100000001,100000001,45.0,45.27,2,2025-12-12T05:32:34Z,2025-12-12T23:47:13Z,2025-12-13T01:44:04Z,2025-12-13T05:38:00Z,WB-000546,True,2025-12-07T12:50:00Z,1,2
f066e809-dae5-45e1-ba53-c0e3732e03ee,SHP-000547,33abb324-7947-4c1e-a380-7bc834d5df6b,31274148-7c7c-404e-8422-d03ef29a6339,100000004,100000000,100000000,20.0,20.0,1,2026-04-07T08:02:28Z,2026-04-12T01:07:12Z,2026-04-12T01:31:57Z,2026-04-12T07:20:00Z,WB-000547,True,2026-04-07T07:50:00Z,1,2
237c3997-899f-4681-bca7-1ff532020a50,SHP-000548,9f46bc54-84ed-4de7-89f3-ea30e4096e22,27aa7cbc-2337-4bbc-bffe-77c839feb99c,100000000,100000000,100000001,105.0,105.1,5,2024-09-01T10:26:51Z,2024-09-03T23:19:46Z,2024-09-04T00:16:01Z,2024-09-04T09:30:00Z,WB-000548,True,2024-09-01T08:16:00Z,1,2
daf3812e-f4c2-4652-9823-4b47e3e8ae4e,SHP-000549,6b0d92e6-a5ab-4380-869f-f747a5015003,27aa7cbc-2337-4bbc-bffe-77c839feb99c,100000000,100000000,100000000,25.0,25.09,2,2025-07-13T06:29:19Z,2025-07-20T04:11:28Z,2025-07-20T04:57:15Z,2025-07-20T09:57:00Z,WB-000549,True,2025-07-13T05:16:00Z,1,2
e4bab721-f34e-41fe-afa4-5bfc526fa7ab,SHP-000550,90f6d529-e1dd-4de9-84f1-23ffe296f8c7,27aa7cbc-2337-4bbc-bffe-77c839feb99c,100000000,100000000,100000001,30.0,30.03,2,2025-10-25T10:12:11Z,2025-10-26T03:00:34Z,2025-10-26T04:31:32Z,2025-10-26T11:40:00Z,WB-000550,True,2025-10-25T10:06:00Z,1,2
c9899cb1-e1b5-4009-8f45-4ef266d81ed7,SHP-000551,1c9cbecf-a721-4fc3-b57c-3d148da5cf11,27aa7cbc-2337-4bbc-bffe-77c839feb99c,100000000,100000000,100000000,35.0,34.91,2,2025-11-06T11:31:02Z,2025-11-08T00:31:51Z,2025-11-08T01:48:34Z,2025-11-08T06:26:00Z,WB-000551,True,2025-11-06T10:54:00Z,1,2
035f1ac7-4049-4859-87cd-b97d117bf66d,SHP-000552,88796f10-e7b0-4335-8707-f0c99c2bc85f,27aa7cbc-2337-4bbc-bffe-77c839feb99c,100000000,100000000,100000000,65.0,65.12,3,2026-04-14T10:43:28Z,2026-04-16T02:22:10Z,2026-04-16T03:09:49Z,2026-04-16T10:36:00Z,WB-000552,True,2026-04-14T08:09:00Z,1,2
bc073159-901b-4538-8061-6b8b04c38b35,SHP-000553,9cb210bf-c736-4c95-9418-d2c10bbe2f67,27aa7cbc-2337-4bbc-bffe-77c839feb99c,100000000,100000000,100000002,20.0,20.08,1,2026-06-07T12:30:15Z,2026-06-13T03:02:59Z,2026-06-13T04:44:30Z,2026-06-13T11:13:00Z,WB-000553,True,2026-06-07T11:42:00Z,1,2
3803597b-fa3b-44ed-b5c0-e3506e9567e0,SHP-000554,e0646e05-0907-4992-bca1-bd14e8c9bb13,c9c23e69-d82c-4565-8bb9-07ec13c11754,100000000,100000000,100000002,45.0,45.2,2,2025-03-08T11:05:36Z,2025-03-13T08:41:11Z,2025-03-13T10:02:37Z,2025-03-13T13:11:00Z,WB-000554,True,2025-03-08T08:38:00Z,1,2
30095851-2ed2-46f2-a4ae-235a79544360,SHP-000555,b0d78504-85fd-40ff-a71a-3aeb9ea9ae96,c9c23e69-d82c-4565-8bb9-07ec13c11754,100000000,100000000,100000001,130.0,129.8,6,2025-07-26T10:00:15Z,2025-07-28T05:19:51Z,2025-07-28T05:51:12Z,2025-07-28T10:15:00Z,WB-000555,True,2025-07-26T06:42:00Z,1,2
19d592b9-75c6-44dd-b642-837670aa7cc9,SHP-000556,cb65cc42-e666-48b9-89da-79d0c3f9ac09,c9c23e69-d82c-4565-8bb9-07ec13c11754,100000000,100000000,100000000,225.0,225.96,10,2025-08-02T13:17:44Z,2025-08-03T02:19:54Z,2025-08-03T03:12:16Z,2025-08-03T07:44:00Z,WB-000556,True,2025-08-02T12:05:00Z,1,2
b2354dea-eaeb-4fe5-957c-8c53f989b48e,SHP-000557,8809cda8-7274-47ad-9ce6-b1efca08f509,86cac6f4-e238-4e93-bd17-c5e8d5ca69ab,100000000,100000000,100000002,45.0,45.02,2,2024-09-29T06:40:46Z,2024-09-30T22:41:36Z,2024-10-01T00:14:01Z,2024-10-01T06:21:00Z,WB-000557,True,2024-09-29T05:20:00Z,1,2
86541065-7840-4e78-b1c6-b4231005ac43,SHP-000558,dd2427e0-ba94-452d-9080-d924bb600af0,86cac6f4-e238-4e93-bd17-c5e8d5ca69ab,100000000,100000000,100000000,35.0,34.97,2,2025-05-19T09:36:32Z,2025-05-23T23:20:30Z,2025-05-24T01:10:49Z,2025-05-24T06:04:00Z,WB-000558,True,2025-05-19T06:08:00Z,1,2
3072fade-d93a-4fc7-b61b-31b908337fb7,SHP-000559,73551111-1a1b-4acb-9077-b8a2617c4b32,e05b46c5-5636-4094-a974-31db09a9d1c1,100000005,100000000,100000002,50.0,50.14,3,2024-07-11T12:07:43Z,2024-07-13T03:01:23Z,2024-07-13T04:22:27Z,2024-07-13T11:01:00Z,WB-000559,True,2024-07-11T10:20:00Z,1,2
93f6a983-75de-46a6-b295-7681871191f0,SHP-000560,85b6757b-e845-4ba4-8c3b-b259e80218b1,e05b46c5-5636-4094-a974-31db09a9d1c1,100000005,100000000,100000001,175.0,174.26,8,2025-08-30T08:24:10Z,2025-09-01T06:29:31Z,2025-09-01T08:18:33Z,2025-09-01T13:23:00Z,WB-000560,True,2025-08-30T08:55:00Z,1,2
4683fef6-1c63-4659-aa66-ca0dbf3453c5,SHP-000561,b0bbc953-1e1b-44fd-95e4-a4f6965b4e1e,e05b46c5-5636-4094-a974-31db09a9d1c1,100000005,100000001,100000002,190.0,190.46,8,2026-01-22T08:14:35Z,2026-01-23T23:25:19Z,2026-01-24T00:10:32Z,2026-01-24T06:02:00Z,WB-000561,False,2026-01-17T09:25:00Z,1,2
2c01f23e-35a5-4c18-a4f0-74cd1ac861da,SHP-000562,1181bb97-2088-43cf-9755-23f68468ee88,e05b46c5-5636-4094-a974-31db09a9d1c1,100000005,100000001,100000000,300.0,298.05,13,2026-06-28T04:12:30Z,2026-06-30T03:12:04Z,2026-06-30T04:16:12Z,2026-06-30T07:38:00Z,WB-000562,True,2026-06-24T10:57:00Z,1,2
a744b38d-7001-452d-8c0a-dd6465528087,SHP-000563,c3aadb93-bb3e-4556-b81d-913d8f049bda,98e52499-218c-4e1c-9e37-4f7ac42cbc39,100000001,100000000,100000000,245.0,244.83,11,2024-08-08T08:53:16Z,2024-08-13T22:19:29Z,2024-08-13T23:54:27Z,2024-08-14T10:58:00Z,WB-000563,True,2024-08-08T07:07:00Z,1,2
b7f96b6a-fd2a-418e-b6e5-501a5a1518a8,SHP-000564,91b390e5-48fb-4668-ab27-53be107559b2,98e52499-218c-4e1c-9e37-4f7ac42cbc39,100000001,100000000,100000002,290.0,289.28,13,2024-12-12T14:44:50Z,2024-12-13T11:17:20Z,2024-12-13T12:30:20Z,2024-12-14T05:22:00Z,WB-000564,True,2024-12-12T11:56:00Z,1,2
1b9601b1-5593-41d5-b4ad-08d88ac26045,SHP-000565,7b400ae2-72c7-4430-ae86-042abc523b76,98e52499-218c-4e1c-9e37-4f7ac42cbc39,100000001,100000000,100000001,110.0,110.23,5,2025-03-22T12:06:37Z,2025-03-23T15:17:39Z,2025-03-23T16:13:15Z,2025-03-24T06:20:00Z,WB-000565,True,2025-03-22T09:04:00Z,1,2
c59ecd81-a0e3-457b-961e-4ba3e3d02db0,SHP-000566,09d70d0f-ec33-4f60-8157-1bd3b1798d46,98e52499-218c-4e1c-9e37-4f7ac42cbc39,100000001,100000001,100000002,95.0,95.15,4,2025-05-01T22:11:09Z,2025-05-03T01:59:32Z,2025-05-03T02:43:33Z,2025-05-04T06:11:00Z,WB-000566,True,2025-04-27T14:01:00Z,1,2
c5bf57f4-29c9-48f4-b041-5b253c868784,SHP-000567,a53ab312-603c-42aa-a3cd-5b5c1ef879f7,98e52499-218c-4e1c-9e37-4f7ac42cbc39,100000001,100000000,100000002,115.0,115.04,5,2025-05-15T08:03:24Z,2025-05-16T17:22:36Z,2025-05-16T19:06:12Z,2025-05-17T06:09:00Z,WB-000567,True,2025-05-15T06:25:00Z,1,2
941a5503-5e2d-4c90-829e-7ea1e8b1dea7,SHP-000568,e2c3c7b4-2763-4280-8b39-f6eba872ed65,98e52499-218c-4e1c-9e37-4f7ac42cbc39,100000001,100000001,100000002,50.0,49.97,3,2025-09-07T07:21:58Z,2025-09-09T18:52:51Z,2025-09-09T19:48:58Z,2025-09-10T05:59:00Z,WB-000568,True,2025-09-03T13:54:00Z,1,2
dbde7b14-e607-4a10-8e88-faf190552168,SHP-000569,03337978-c925-4341-8b5b-13cdb512a665,2e4bebc4-2989-4880-a77d-1be96070b6a1,100000000,100000000,100000001,40.0,40.09,2,2025-01-26T09:12:58Z,2025-02-01T00:47:45Z,2025-02-01T02:41:23Z,2025-02-01T07:47:00Z,WB-000569,True,2025-01-26T08:42:00Z,1,2
a7b6544d-114d-45fc-ad27-f2630b7de813,SHP-000570,6cff0a08-1061-4dc7-8575-aa1d70a312b9,2e4bebc4-2989-4880-a77d-1be96070b6a1,100000000,100000000,100000000,70.0,70.09,3,2025-06-28T06:30:01Z,2025-07-01T02:02:49Z,2025-07-01T03:49:57Z,2025-07-01T09:49:00Z,WB-000570,True,2025-06-28T06:28:00Z,1,2
f31a7b6e-509c-45bd-b532-3df831391669,SHP-000571,a7ec27eb-d700-487d-9d32-6c51818f484c,2e4bebc4-2989-4880-a77d-1be96070b6a1,100000000,100000000,100000000,40.0,39.89,2,2025-07-05T07:59:07Z,2025-07-09T03:48:17Z,2025-07-09T05:05:22Z,2025-07-09T09:34:00Z,WB-000571,True,2025-07-05T05:44:00Z,1,2
183a116b-c86b-4a2b-84c3-ac25f146669f,SHP-000572,e8f39c4b-f567-4756-9661-7b22f13e0529,2e4bebc4-2989-4880-a77d-1be96070b6a1,100000000,100000000,100000001,35.0,35.1,2,2025-07-23T15:32:00Z,2025-07-30T04:37:30Z,2025-07-30T05:03:24Z,2025-07-30T12:03:00Z,WB-000572,True,2025-07-23T13:14:00Z,1,2
0c0d6d9b-5d4c-4e74-aa75-5295d55f5269,SHP-000573,721c763a-5caa-43ce-bb67-7f35bc3b011c,2e4bebc4-2989-4880-a77d-1be96070b6a1,100000000,100000000,100000000,110.0,110.13,5,2025-08-31T10:36:14Z,2025-09-02T04:07:15Z,2025-09-02T05:00:28Z,2025-09-02T13:17:00Z,WB-000573,True,2025-08-31T07:21:00Z,1,2
30bff7f2-a6d8-4f97-bc92-13765d7c2685,SHP-000574,15312aa8-88fd-4627-aaf4-62b9f6bf62b0,2e4bebc4-2989-4880-a77d-1be96070b6a1,100000000,100000000,100000001,70.0,70.16,3,2025-10-26T07:16:42Z,2025-10-26T22:24:36Z,2025-10-26T23:28:16Z,2025-10-27T04:30:00Z,WB-000574,True,2025-10-26T06:15:00Z,1,2
f6eb45c3-8565-42fa-9005-191bbbcfd464,SHP-000575,03c4bf5b-df06-4378-9334-82da9408dd8f,2e4bebc4-2989-4880-a77d-1be96070b6a1,100000000,100000000,100000000,75.0,75.27,4,2026-06-10T09:09:15Z,2026-06-15T06:36:38Z,2026-06-15T08:08:19Z,2026-06-15T12:36:00Z,WB-000575,True,2026-06-10T06:31:00Z,1,2
5f60973b-9cd7-4c49-9e0e-f6f602bc90d1,SHP-000576,547c144a-2405-46f6-9812-a5233d62ca5c,9feefdff-c566-4a81-b15e-54f6d4d30795,100000000,100000000,100000000,110.0,109.59,5,2024-09-07T13:02:25Z,2024-09-11T01:04:45Z,2024-09-11T02:03:52Z,2024-09-11T06:14:00Z,WB-000576,True,2024-09-07T10:56:00Z,1,2
7f651646-7ed4-4ddb-8274-8f54efd26c6c,SHP-000577,d26ce910-bcc0-4a2c-92ae-a1c15d6e7279,9feefdff-c566-4a81-b15e-54f6d4d30795,100000000,100000000,100000001,160.0,160.16,7,2025-02-23T10:41:45Z,2025-02-23T23:53:23Z,2025-02-24T01:30:27Z,2025-02-24T07:43:00Z,WB-000577,True,2025-02-23T07:22:00Z,1,2
2320e314-23f1-4fa7-a09f-978936eb8683,SHP-000578,74eea222-598b-4802-9a93-d5784bb9bc6c,9feefdff-c566-4a81-b15e-54f6d4d30795,100000000,100000000,100000000,125.0,125.54,6,2026-02-07T13:12:15Z,2026-02-14T07:14:16Z,2026-02-14T09:05:36Z,2026-02-14T12:59:00Z,WB-000578,True,2026-02-07T12:36:00Z,1,2
60864ea7-b0ea-46e7-ad38-875adb0720c4,SHP-000579,8e0235a4-cccf-4e4b-bdfd-507e1aeb2fcb,9feefdff-c566-4a81-b15e-54f6d4d30795,100000000,100000000,100000000,95.0,95.39,4,2026-02-16T15:45:44Z,2026-02-18T22:46:47Z,2026-02-19T00:28:22Z,2026-02-19T06:04:00Z,WB-000579,True,2026-02-16T14:20:00Z,1,2
654e12ca-0bde-492f-973f-9c223dae5582,SHP-000580,7cf0c30d-4f34-4b8d-abab-941491178632,9feefdff-c566-4a81-b15e-54f6d4d30795,100000000,100000000,100000002,85.0,84.93,4,2026-04-15T09:10:44Z,2026-04-19T00:00:07Z,2026-04-19T01:17:37Z,2026-04-19T05:43:00Z,WB-000580,True,2026-04-15T06:12:00Z,1,2
13770050-8d14-42c6-886e-7661d1434756,SHP-000581,a60fcedc-a105-4fcd-9961-b6d72d26e346,b89f72f3-2a60-4652-a714-7668cf1d7d3a,100000000,100000000,100000000,70.0,70.32,3,2025-01-11T09:51:47Z,2025-01-15T18:28:06Z,2025-01-15T19:08:40Z,2025-01-16T06:45:00Z,WB-000581,True,2025-01-11T07:14:00Z,1,2
72f74e0e-40bb-438c-a276-9a68e99ad412,SHP-000582,fd82ab43-8b5a-4642-8746-2acca78c6ad4,b89f72f3-2a60-4652-a714-7668cf1d7d3a,100000000,100000000,100000001,55.0,54.96,3,2025-07-13T12:51:55Z,2025-07-16T01:24:11Z,2025-07-16T01:52:11Z,2025-07-16T09:45:00Z,WB-000582,True,2025-07-13T09:37:00Z,1,2
4df7a63d-d418-4494-848d-a6fe1c4a1975,SHP-000583,37eee6f1-db95-4ba8-9c9c-3b7b264f5c9b,b89f72f3-2a60-4652-a714-7668cf1d7d3a,100000000,100000000,100000002,35.0,34.91,2,2025-09-14T13:58:56Z,2025-09-15T22:05:06Z,2025-09-15T23:54:10Z,2025-09-16T12:08:00Z,WB-000583,True,2025-09-14T12:29:00Z,1,2
d264fd64-f73c-4b63-b448-104aafd6c80a,SHP-000584,075c3923-916c-4527-818c-a6ac8550312f,b89f72f3-2a60-4652-a714-7668cf1d7d3a,100000000,100000000,100000000,50.0,50.03,3,2025-11-10T11:51:19Z,2025-11-16T16:06:22Z,2025-11-16T17:59:09Z,2025-11-17T05:22:00Z,WB-000584,True,2025-11-10T11:29:00Z,1,2
4dd82b6a-ff2a-421f-afe6-be94518c476d,SHP-000585,61443d2a-0885-4ab5-a39d-6b97500b27fe,b89f72f3-2a60-4652-a714-7668cf1d7d3a,100000000,100000000,100000000,85.0,85.11,4,2025-12-29T15:48:51Z,2026-01-03T22:22:13Z,2026-01-03T23:24:19Z,2026-01-04T08:57:00Z,WB-000585,True,2025-12-29T13:52:00Z,1,2
cfa45f6c-af8e-44ec-8c70-8165bd48d7ee,SHP-000586,f4ffa528-fa18-43b6-b92d-5e37e268031e,f836f571-3cce-476c-b836-c448ad261ec5,100000000,100000000,100000003,50.0,50.02,3,2024-08-05T08:57:53Z,2024-08-06T03:14:25Z,2024-08-06T03:48:51Z,2024-08-06T06:41:00Z,WB-000586,True,2024-08-05T08:39:00Z,1,2
880d9d3d-53ee-4715-9033-2ed00c54193c,SHP-000587,1d86d253-9d62-4511-a592-ba158d932b15,f836f571-3cce-476c-b836-c448ad261ec5,100000000,100000000,100000003,15.0,14.99,1,2024-09-22T11:54:35Z,2024-09-23T03:55:17Z,2024-09-23T04:32:36Z,2024-09-23T12:41:00Z,WB-000587,True,2024-09-22T11:10:00Z,1,2
da8077ad-b51d-48d5-90ac-f8e210513fc7,SHP-000588,d2ddf35a-ce7f-4f4e-92ca-6de098d781e2,f836f571-3cce-476c-b836-c448ad261ec5,100000000,100000000,100000003,35.0,34.91,2,2024-11-13T12:41:19Z,2024-11-14T00:31:08Z,2024-11-14T01:32:13Z,2024-11-14T07:09:00Z,WB-000588,True,2024-11-13T10:25:00Z,1,2
27cfa83f-8df6-41ce-a603-1969f037f9de,SHP-000589,74ec84d6-a98f-4989-8c9c-94231849629b,f836f571-3cce-476c-b836-c448ad261ec5,100000000,100000000,100000001,40.0,40.04,2,2024-12-30T08:55:17Z,2025-01-06T03:22:22Z,2025-01-06T04:10:38Z,2025-01-06T10:43:00Z,WB-000589,True,2024-12-30T06:03:00Z,1,2
e4873811-3dce-40e1-9556-9776e7a6f1ca,SHP-000590,0a0a1936-84bb-46ec-960e-97309b33c381,f836f571-3cce-476c-b836-c448ad261ec5,100000000,100000000,100000002,30.0,30.03,2,2025-05-20T15:45:55Z,2025-05-27T00:45:13Z,2025-05-27T02:32:21Z,2025-05-27T12:38:00Z,WB-000590,True,2025-05-20T12:35:00Z,1,2
fd262f8f-c6cd-41e0-8476-8079d0eb2dd9,SHP-000591,81b9e996-a9a6-48b0-b621-361ea893721c,f836f571-3cce-476c-b836-c448ad261ec5,100000000,100000000,100000000,40.0,40.03,2,2025-06-14T11:28:17Z,2025-06-21T02:35:09Z,2025-06-21T04:23:39Z,2025-06-21T08:52:00Z,WB-000591,True,2025-06-14T09:59:00Z,1,2
ca820a9d-579e-4de1-87b6-b50e9705050c,SHP-000592,1b18f914-fb16-4d51-92da-b82f4ffdbb2f,f836f571-3cce-476c-b836-c448ad261ec5,100000000,100000000,100000000,70.0,70.14,3,2025-07-10T11:03:46Z,2025-07-12T03:35:43Z,2025-07-12T05:03:11Z,2025-07-12T09:31:00Z,WB-000592,True,2025-07-10T07:59:00Z,1,2
65009313-7947-49e6-b7f0-7c4a5b7a16b3,SHP-000593,3ce7d56d-e24f-41d9-8026-dad732930f9d,f836f571-3cce-476c-b836-c448ad261ec5,100000000,100000000,100000000,50.0,49.82,3,2025-11-29T11:28:20Z,2025-12-03T23:38:38Z,2025-12-04T01:08:19Z,2025-12-04T06:04:00Z,WB-000593,True,2025-11-29T08:29:00Z,1,2
7b3044e8-7f94-4f42-933f-bd7178fcb9fe,SHP-000594,ac8f615d-7d18-437b-b60c-471af6ccc3bd,c09cb506-48f1-496d-9c4f-fb4671b701aa,100000000,100000000,100000000,120.0,119.61,5,2025-04-09T09:57:10Z,2025-04-12T05:32:16Z,2025-04-12T06:12:14Z,2025-04-12T12:36:00Z,WB-000594,True,2025-04-09T06:36:00Z,1,2
d8409695-fb83-4f88-a3e6-0622aa0e4b2f,SHP-000595,56ac8232-84e3-4190-b6d8-e8b36d0efb3c,c09cb506-48f1-496d-9c4f-fb4671b701aa,100000000,100000001,100000002,45.0,44.96,2,2025-08-06T21:39:30Z,2025-08-09T04:41:55Z,2025-08-09T06:16:01Z,2025-08-09T10:03:00Z,WB-000595,True,2025-08-03T06:10:00Z,1,2
9ee999b6-0a20-4007-afc0-91e35bb30ce9,SHP-000596,7c48e662-8b52-4660-9379-7b95aad351f7,c09cb506-48f1-496d-9c4f-fb4671b701aa,100000000,100000000,100000000,25.0,25.11,2,2025-10-04T14:48:52Z,2025-10-08T05:00:38Z,2025-10-08T06:35:16Z,2025-10-08T10:32:00Z,WB-000596,True,2025-10-04T11:16:00Z,1,2
68206534-a8e1-4c35-8a16-c8596382dea1,SHP-000597,8edc4417-63e0-4615-afb2-4da6e8d326a0,c09cb506-48f1-496d-9c4f-fb4671b701aa,100000000,100000001,100000002,55.0,55.09,3,2026-01-17T20:40:32Z,2026-01-19T00:58:24Z,2026-01-19T02:36:24Z,2026-01-19T09:02:00Z,WB-000597,True,2026-01-14T12:14:00Z,1,2
891f3cfc-1392-4931-8aab-c9b85502e84d,SHP-000598,d7b31071-085f-46f4-bc9b-b425e812bd36,3be79df4-72ec-416e-88a7-23e9bfa016c2,100000001,100000000,100000000,125.0,125.29,6,2025-12-29T11:54:07Z,2026-01-05T03:25:41Z,2026-01-05T05:17:03Z,2026-01-05T11:21:00Z,WB-000598,True,2025-12-29T09:11:00Z,1,2
3d4103fe-1961-47c5-b7b1-28705860f166,SHP-000599,f953f3ee-8165-417f-b41e-8968fc1baf97,3be79df4-72ec-416e-88a7-23e9bfa016c2,100000001,100000000,100000000,50.0,49.95,3,2026-05-05T08:59:44Z,2026-05-09T05:53:35Z,2026-05-09T07:41:19Z,2026-05-09T11:42:00Z,WB-000599,True,2026-05-05T07:09:00Z,1,2
b5ab9275-e489-4ec1-9e8c-1c90ca5b2cc0,SHP-000600,5b414a3f-2f05-4fb7-b668-ba33fdf64eeb,3be79df4-72ec-416e-88a7-23e9bfa016c2,100000001,100000001,100000001,160.0,159.83,7,2026-06-10T06:05:44Z,2026-06-10T23:46:01Z,2026-06-11T00:53:35Z,2026-06-11T06:33:00Z,WB-000600,True,2026-06-08T05:24:00Z,1,2
91b21db9-5a55-438b-b627-b2fc94824176,SHP-000601,1a7e138f-72a0-4bec-81d5-e2eb3645b1ac,f7315749-4f39-49a8-bd3a-258288b4f474,100000005,100000001,100000000,90.0,90.2,4,2024-07-30T19:05:39Z,2024-08-01T07:06:29Z,2024-08-01T07:48:25Z,2024-08-01T12:43:00Z,WB-000601,True,2024-07-27T04:52:00Z,1,2
984b3a73-0fa4-44e9-a48a-ce507a188bfc,SHP-000602,5d402be0-614a-4f1d-a6da-135cf11bb3a4,f7315749-4f39-49a8-bd3a-258288b4f474,100000005,100000000,100000002,265.0,266.05,12,2024-08-10T09:18:25Z,2024-08-11T01:24:49Z,2024-08-11T02:46:19Z,2024-08-11T08:59:00Z,WB-000602,True,2024-08-10T08:32:00Z,1,2
8ac8ccb8-2104-46c8-9931-10bfd76bcfef,SHP-000603,90026e2f-b0b4-425d-9ec9-db8d6e23a11e,f7315749-4f39-49a8-bd3a-258288b4f474,100000005,100000000,100000000,110.0,109.16,5,2024-12-19T10:59:44Z,2024-12-26T05:53:18Z,2024-12-26T06:40:30Z,2024-12-26T10:56:00Z,WB-000603,True,2024-12-19T08:34:00Z,1,2
72cb3480-df05-4ddb-90d4-b47ba6a191cb,SHP-000604,ac1905a0-a8b4-45c8-b74d-08feeb0f9c99,f7315749-4f39-49a8-bd3a-258288b4f474,100000005,100000000,100000000,135.0,135.21,6,2025-07-03T09:50:32Z,2025-07-06T00:07:16Z,2025-07-06T01:15:49Z,2025-07-06T06:55:00Z,WB-000604,True,2025-07-03T09:58:00Z,1,2
e649e4f4-c385-4838-b1f0-fcb1d8b03384,SHP-000605,f6c3bc47-bd0e-423c-aad5-afee71ec9ddc,f7315749-4f39-49a8-bd3a-258288b4f474,100000005,100000001,100000002,175.0,174.98,8,2025-09-19T08:06:03Z,2025-09-20T02:42:08Z,2025-09-20T03:40:28Z,2025-09-20T08:40:00Z,WB-000605,True,2025-09-16T11:24:00Z,1,2
c90a276a-7a27-4b34-b407-a20eca464aa9,SHP-000606,b22ce823-2ec1-4786-aa6c-a3e2fb5ae51d,f7315749-4f39-49a8-bd3a-258288b4f474,100000005,100000000,100000000,60.0,60.26,3,2025-09-17T12:46:05Z,2025-09-23T00:44:13Z,2025-09-23T02:20:24Z,2025-09-23T05:37:00Z,WB-000606,True,2025-09-17T12:41:00Z,1,2
3d055463-1dfd-433e-aea3-8b75e201b3b3,SHP-000607,9afd909f-8ed3-4c1d-bec9-430cbc9f2fa8,f7315749-4f39-49a8-bd3a-258288b4f474,100000005,100000000,100000002,340.0,338.76,15,2025-12-11T09:22:51Z,2025-12-14T02:21:43Z,2025-12-14T03:33:42Z,2025-12-14T07:26:00Z,WB-000607,True,2025-12-11T08:50:00Z,1,2
264afc52-089e-40c1-8c77-22f293f81ea1,SHP-000608,bc5107c9-fd2d-423a-a773-e925f6306c6f,f7315749-4f39-49a8-bd3a-258288b4f474,100000005,100000000,100000000,60.0,59.87,3,2026-03-09T05:26:50Z,2026-03-14T23:24:21Z,2026-03-15T00:21:06Z,2026-03-15T05:35:00Z,WB-000608,True,2026-03-09T04:52:00Z,1,2
0ee48221-fbab-435c-af07-24a89cff911d,SHP-000609,b99205c0-e426-45ad-9b42-d5b173cabeee,e76adca9-7811-4802-88cc-7cfecf01f944,100000000,100000000,100000000,45.0,44.9,2,2024-08-25T15:00:01Z,2024-08-27T22:07:27Z,2024-08-27T22:47:30Z,2024-08-28T07:53:00Z,WB-000609,True,2024-08-25T12:07:00Z,1,2
b80bf33d-ca43-4e87-a60b-1b2c9c059308,SHP-000610,a91750c9-371a-4e5e-b386-6bb3d0c98b7e,e76adca9-7811-4802-88cc-7cfecf01f944,100000000,100000000,100000000,45.0,45.06,2,2025-05-22T14:02:30Z,2025-05-28T03:35:46Z,2025-05-28T04:01:07Z,2025-05-28T09:46:00Z,WB-000610,True,2025-05-22T13:33:00Z,1,2
77408733-d2f7-49e7-9a5d-f28bd2f24e93,SHP-000611,5313e61f-fd45-4491-bc57-52f408dd5947,e76adca9-7811-4802-88cc-7cfecf01f944,100000000,100000001,100000001,40.0,40.13,2,2025-07-18T06:15:50Z,2025-07-20T04:58:35Z,2025-07-20T05:40:25Z,2025-07-20T10:15:00Z,WB-000611,True,2025-07-15T06:44:00Z,1,2
c793c159-f26d-49ee-8759-8bfe88e411c7,SHP-000612,a507f7dc-5cca-4d6c-8b23-cf6599e116c1,e76adca9-7811-4802-88cc-7cfecf01f944,100000000,100000000,100000003,55.0,55.02,3,2026-01-03T10:06:36Z,2026-01-04T04:23:36Z,2026-01-04T05:19:53Z,2026-01-04T10:47:00Z,WB-000612,True,2026-01-03T09:37:00Z,1,2
6be1ad05-2585-41c1-96fc-a12aa6d1caee,SHP-000613,1b6edd78-79e2-4428-8bc6-9dd0bcca077e,e76adca9-7811-4802-88cc-7cfecf01f944,100000000,100000001,100000000,105.0,105.01,5,2026-05-11T13:05:30Z,2026-05-14T06:55:07Z,2026-05-14T07:47:32Z,2026-05-14T13:14:00Z,WB-000613,True,2026-05-07T11:09:00Z,1,2
2354f83f-a04e-4e62-b163-e5634a9632bc,SHP-000614,9fb6d79b-21f4-45ca-b233-022f40d4b6fd,e76adca9-7811-4802-88cc-7cfecf01f944,100000000,100000000,100000000,20.0,19.93,1,2026-06-06T09:05:47Z,2026-06-12T21:04:46Z,2026-06-12T22:49:13Z,2026-06-13T05:42:00Z,WB-000614,True,2026-06-06T08:52:00Z,1,2
61452595-0a36-4862-b610-d0b87dc5e422,SHP-000615,90a9f290-cbc4-4e51-b281-1fdf587151c7,ada58417-5e2a-432d-b1ab-0b56d5c9fdc7,100000000,100000000,100000000,110.0,109.4,5,2024-07-22T12:34:15Z,2024-07-28T23:41:30Z,2024-07-29T01:02:57Z,2024-07-29T07:06:00Z,WB-000615,True,2024-07-22T11:09:00Z,1,2
7b0b4404-f891-4c3e-861a-d4ec67bea79d,SHP-000616,fad05006-1b7f-4198-a216-49101c55bf1b,ada58417-5e2a-432d-b1ab-0b56d5c9fdc7,100000000,100000000,100000000,95.0,94.97,4,2024-09-04T11:39:32Z,2024-09-11T05:47:58Z,2024-09-11T06:12:32Z,2024-09-11T13:13:00Z,WB-000616,True,2024-09-04T09:11:00Z,1,2
459a92c8-5c21-4b36-bec0-20ffe8b4b791,SHP-000617,d9e532c3-b9cf-4eb5-a6b1-3ac7259aa6e3,ada58417-5e2a-432d-b1ab-0b56d5c9fdc7,100000000,100000000,100000000,115.0,114.57,5,2024-09-16T11:02:51Z,2024-09-18T05:39:33Z,2024-09-18T06:39:56Z,2024-09-18T12:45:00Z,WB-000617,True,2024-09-16T10:29:00Z,1,2
20b8ee49-c3c2-4e10-837f-fa2c31b13a1a,SHP-000618,5d68db78-6b7f-401c-94ce-0cc7a4146063,ada58417-5e2a-432d-b1ab-0b56d5c9fdc7,100000000,100000000,100000001,125.0,125.22,6,2025-08-02T14:39:33Z,2025-08-04T02:16:28Z,2025-08-04T03:35:59Z,2025-08-04T09:55:00Z,WB-000618,True,2025-08-02T13:03:00Z,1,2
dca1cc96-ca97-4b9e-99e4-46ed5e917371,SHP-000619,30057f5a-b6ac-45ea-b26f-3ff2a7e02070,ada58417-5e2a-432d-b1ab-0b56d5c9fdc7,100000000,100000000,100000000,115.0,115.0,5,2025-11-03T11:17:12Z,2025-11-09T05:42:11Z,2025-11-09T06:58:27Z,2025-11-09T11:54:00Z,WB-000619,True,2025-11-03T08:27:00Z,1,2
77f61604-079c-46da-ac7f-745f00d8c330,SHP-000620,a103dc9b-1d5e-4c68-81b6-63b89f144cad,ada58417-5e2a-432d-b1ab-0b56d5c9fdc7,100000000,100000000,100000000,65.0,65.13,3,2026-01-19T12:04:55Z,2026-01-24T22:18:45Z,2026-01-24T23:52:00Z,2026-01-25T06:38:00Z,WB-000620,True,2026-01-19T10:45:00Z,1,2
45c09315-dc1d-429d-b0cf-ab0c4c7d5f13,SHP-000621,049202f8-d3ae-4fcb-98c7-a2b9b54902a6,70cafdd8-fc04-4f08-9207-0158f2771f63,100000000,100000001,100000000,5.0,5.01,1,2024-07-11T16:15:58Z,2024-07-13T06:51:57Z,2024-07-13T07:23:20Z,2024-07-13T12:14:00Z,WB-000621,False,2024-07-08T07:43:00Z,1,2
e0dd6af7-56ad-404e-888b-79b799df659c,SHP-000622,a706bd6a-cec5-41e5-8db5-afdec32c3af1,70cafdd8-fc04-4f08-9207-0158f2771f63,100000000,100000000,100000000,40.0,39.82,2,2024-12-07T06:18:39Z,2024-12-10T05:14:28Z,2024-12-10T06:27:01Z,2024-12-10T12:04:00Z,WB-000622,True,2024-12-07T06:36:00Z,1,2
5408876c-cb7e-41bc-8f34-9c0b895333d1,SHP-000623,0a54b61c-ac25-4e1d-9201-f02346ad5a3d,70cafdd8-fc04-4f08-9207-0158f2771f63,100000000,100000000,100000000,45.0,44.99,2,2025-02-19T07:17:38Z,2025-02-21T23:04:09Z,2025-02-22T00:46:39Z,2025-02-22T06:16:00Z,WB-000623,True,2025-02-19T05:13:00Z,1,2
9faa3ada-23c2-48b7-bb3e-431f2a20b120,SHP-000624,0d5874be-99c4-43f5-8b19-869f14181ddf,70cafdd8-fc04-4f08-9207-0158f2771f63,100000000,100000001,100000001,15.0,14.96,1,2025-06-26T15:07:16Z,2025-06-28T04:21:42Z,2025-06-28T05:47:54Z,2025-06-28T12:22:00Z,WB-000624,True,2025-06-21T12:28:00Z,1,2
0e0e9f59-7798-46a7-97b5-1afdbabaa805,SHP-000625,a640637d-8c69-4053-9885-847e1230a2f2,70cafdd8-fc04-4f08-9207-0158f2771f63,100000000,100000000,100000000,45.0,44.77,2,2025-07-28T05:28:16Z,2025-08-03T05:24:59Z,2025-08-03T06:37:13Z,2025-08-03T11:28:00Z,WB-000625,True,2025-07-28T05:30:00Z,1,2
bcfd1f1a-dcce-415e-8996-db292f6e23f0,SHP-000626,22fa7792-f993-4aed-8944-ca0cc4c013fb,70cafdd8-fc04-4f08-9207-0158f2771f63,100000000,100000001,100000002,10.0,9.98,1,2025-12-02T10:44:24Z,2025-12-02T23:23:53Z,2025-12-03T00:00:37Z,2025-12-03T06:17:00Z,WB-000626,True,2025-11-29T06:06:00Z,1,2
622123ec-c1a3-40bb-ad74-ec3141c40549,SHP-000627,0279b3c5-73e7-4ab2-b886-960ed93b8746,c7332304-4822-4120-84f9-eccd7630a8a7,100000000,100000000,100000003,175.0,174.8,8,2024-08-18T12:51:08Z,2024-08-19T06:21:22Z,2024-08-19T07:27:17Z,2024-08-19T11:15:00Z,WB-000627,True,2024-08-18T10:54:00Z,1,2
af2c3b49-64a6-4a64-b272-f186eb34e620,SHP-000628,8db706da-8eac-4e07-bf9c-e4ad6461e232,c7332304-4822-4120-84f9-eccd7630a8a7,100000000,100000000,100000000,200.0,199.92,9,2024-09-11T10:07:19Z,2024-09-17T06:49:51Z,2024-09-17T08:18:35Z,2024-09-17T12:18:00Z,WB-000628,True,2024-09-11T10:13:00Z,1,2
c90f3e4c-5788-4959-928d-1e95611c2360,SHP-000629,dd978bf4-b163-4272-b893-ec6b95745b9f,c7332304-4822-4120-84f9-eccd7630a8a7,100000000,100000000,100000000,55.0,55.02,3,2024-11-21T16:21:31Z,2024-11-26T06:51:15Z,2024-11-26T07:35:58Z,2024-11-26T12:11:00Z,WB-000629,True,2024-11-21T13:35:00Z,1,2
183e9ffa-05fd-454f-bb24-af2dd9f3eda0,SHP-000630,65a2715a-b085-4fa2-86aa-b5e6651ea86d,c7332304-4822-4120-84f9-eccd7630a8a7,100000000,100000000,100000002,95.0,94.97,4,2025-05-01T08:23:26Z,2025-05-07T04:01:09Z,2025-05-07T04:49:22Z,2025-05-07T08:50:00Z,WB-000630,True,2025-05-01T07:17:00Z,1,2
591083e5-2741-47e4-8ffc-c0d673648750,SHP-000631,7d4a9cc6-783b-484d-b16f-8a3523b3f883,c7332304-4822-4120-84f9-eccd7630a8a7,100000000,100000000,100000000,165.0,164.88,7,2025-10-23T13:04:45Z,2025-10-28T00:20:41Z,2025-10-28T01:13:48Z,2025-10-28T05:42:00Z,WB-000631,True,2025-10-23T12:02:00Z,1,2
87dab9c2-7561-4443-8ab2-c75abff048af,SHP-000632,5dda46c2-8f33-4efb-9388-046aa30a543b,6b2d5b09-8707-4ad4-80be-7e3561c2645a,100000001,100000001,100000000,85.0,85.0,4,2025-03-09T12:13:31Z,2025-03-10T21:32:19Z,2025-03-10T22:29:18Z,2025-03-11T04:57:00Z,WB-000632,True,2025-03-05T06:56:00Z,1,2
db589431-6922-4744-bc63-9de9f6dcd7a1,SHP-000633,8edd0fde-fc43-4386-8501-94d3aae1fd1b,6b2d5b09-8707-4ad4-80be-7e3561c2645a,100000001,100000000,100000000,50.0,50.08,3,2025-05-24T06:57:40Z,2025-05-28T01:30:33Z,2025-05-28T02:14:54Z,2025-05-28T07:42:00Z,WB-000633,True,2025-05-24T05:06:00Z,1,2
1f3799fb-14f2-44d4-8152-6d7d7834c5f0,SHP-000634,30ee96fa-9c48-44f4-b62b-c8371fb770e2,6b2d5b09-8707-4ad4-80be-7e3561c2645a,100000001,100000000,100000002,110.0,110.37,5,2025-09-16T07:40:13Z,2025-09-18T07:04:38Z,2025-09-18T08:53:03Z,2025-09-18T13:13:00Z,WB-000634,True,2025-09-16T05:01:00Z,1,2
b62d0ce6-784f-4f96-b94b-02c182c52644,SHP-000635,68ddab29-0901-4d04-a4e4-af80ded69b19,331f63fb-d11f-48c0-a97c-a4fff75d599f,100000004,100000000,100000000,50.0,49.97,3,2024-12-17T10:40:28Z,2024-12-19T03:45:46Z,2024-12-19T04:32:04Z,2024-12-19T11:48:00Z,WB-000635,True,2024-12-17T07:28:00Z,1,2
b9797fb0-523f-4979-b6cd-269dfb81f3f1,SHP-000636,63907d64-0b3a-450f-bb89-6599394cec4d,331f63fb-d11f-48c0-a97c-a4fff75d599f,100000004,100000000,100000000,45.0,45.14,2,2025-06-08T13:14:28Z,2025-06-13T23:38:17Z,2025-06-14T01:04:24Z,2025-06-14T10:15:00Z,WB-000636,True,2025-06-08T10:02:00Z,1,2
a1564e00-6679-4f58-bca2-28fac420b3e8,SHP-000637,f2f6adfa-d898-4d8b-8ff6-f17f79b7df69,df7d0dd7-236e-4608-9acb-394acd1f5318,100000000,100000000,100000002,25.0,24.89,2,2025-11-04T14:57:49Z,2025-11-05T23:00:00Z,2025-11-06T00:06:30Z,2025-11-06T05:08:00Z,WB-000637,True,2025-11-04T13:10:00Z,1,2
25aa4ab9-783c-4306-a1cb-5c3fe387c1a5,SHP-000638,a82fea45-7b9b-420c-8bda-854521895275,7b07fd31-a424-4f23-8d5b-a7cd400035f0,100000005,100000001,100000000,185.0,185.06,8,2024-08-08T20:45:20Z,2024-08-10T06:53:23Z,2024-08-10T07:56:08Z,2024-08-10T11:09:00Z,WB-000638,True,2024-08-03T11:29:00Z,1,2
a2f3fd35-d119-4e27-8e7c-cb089d11ba9d,SHP-000639,ebfab51c-49b7-4979-a0ae-030dd7414f16,7b07fd31-a424-4f23-8d5b-a7cd400035f0,100000005,100000000,100000000,160.0,158.94,7,2024-07-23T10:08:51Z,2024-07-27T04:07:09Z,2024-07-27T04:43:23Z,2024-07-27T09:58:00Z,WB-000639,True,2024-07-23T07:18:00Z,1,2
93c9bf7b-ce52-4462-8071-3566330a8bfb,SHP-000640,a083a676-8941-4444-a789-62ec96252065,7b07fd31-a424-4f23-8d5b-a7cd400035f0,100000005,100000001,100000002,80.0,79.82,4,2024-11-04T14:14:23Z,2024-11-06T03:05:34Z,2024-11-06T05:00:20Z,2024-11-06T09:40:00Z,WB-000640,True,2024-10-31T09:15:00Z,1,2
13b91b81-85b8-4645-b69f-d6ac6c161490,SHP-000641,09336f86-c4ce-4030-839f-77b51ccf356b,7b07fd31-a424-4f23-8d5b-a7cd400035f0,100000005,100000001,100000000,85.0,85.26,4,2024-11-14T06:25:08Z,2024-11-15T21:36:02Z,2024-11-15T23:11:35Z,2024-11-16T04:43:00Z,WB-000641,True,2024-11-09T11:04:00Z,1,2
4914a1f5-00e2-4ab5-90cb-af001647de50,SHP-000642,603d6d0d-fdcc-4f68-baba-2e1575adef5e,7b07fd31-a424-4f23-8d5b-a7cd400035f0,100000005,100000000,100000000,130.0,130.3,6,2024-12-22T15:33:01Z,2024-12-27T23:06:21Z,2024-12-28T00:44:52Z,2024-12-28T04:42:00Z,WB-000642,True,2024-12-22T13:55:00Z,1,2
0edabc7d-ed95-43fa-a33c-0d4e84d814d9,SHP-000643,2c510bb5-638d-4bff-b8cf-753652ca7323,7b07fd31-a424-4f23-8d5b-a7cd400035f0,100000005,100000000,100000000,80.0,80.06,4,2025-01-22T09:45:22Z,2025-01-28T06:06:09Z,2025-01-28T07:35:25Z,2025-01-28T12:28:00Z,WB-000643,True,2025-01-22T06:43:00Z,1,2
352db2de-28b5-40e1-9756-31cf0affe3b6,SHP-000644,854f3524-0533-4b4e-aa5a-f45616853d84,7b07fd31-a424-4f23-8d5b-a7cd400035f0,100000005,100000001,100000000,115.0,115.03,5,2025-03-10T01:17:14Z,2025-03-11T04:15:21Z,2025-03-11T06:04:41Z,2025-03-11T12:36:00Z,WB-000644,True,2025-03-05T09:09:00Z,1,2
37798efd-40c3-455f-bd76-463b4472c57c,SHP-000645,bb20dd89-e970-4bd8-a144-f0485f7d30bf,7b07fd31-a424-4f23-8d5b-a7cd400035f0,100000005,100000000,100000002,95.0,94.42,4,2025-02-22T08:58:58Z,2025-03-01T09:28:48Z,2025-03-01T09:59:54Z,2025-03-01T13:19:00Z,WB-000645,True,2025-02-22T06:41:00Z,1,2
4c3125f4-dece-41f8-ae84-2bd0b616a3a2,SHP-000646,1f0ea331-e0fc-46a8-8282-de9462da4d2d,7b07fd31-a424-4f23-8d5b-a7cd400035f0,100000005,100000000,100000000,155.0,155.68,7,2025-02-17T13:42:53Z,2025-02-20T05:11:32Z,2025-02-20T06:41:46Z,2025-02-20T11:55:00Z,WB-000646,True,2025-02-17T11:17:00Z,1,2
8e1f839f-7563-4b29-9758-87ab7867e7b3,SHP-000647,a3a110a8-85ef-4f99-a822-e7bc298b0bc0,7b07fd31-a424-4f23-8d5b-a7cd400035f0,100000005,100000000,100000001,85.0,84.72,4,2025-05-20T14:48:47Z,2025-05-20T22:12:19Z,2025-05-20T23:21:38Z,2025-05-21T06:09:00Z,WB-000647,True,2025-05-20T11:29:00Z,1,2
3b7f0ae6-7b49-4df8-b9d2-7c4861c6d359,SHP-000648,ebf3e3fb-de8c-4551-b498-f41b3baa4a0e,7b07fd31-a424-4f23-8d5b-a7cd400035f0,100000005,100000000,100000000,100.0,100.02,5,2025-08-09T12:17:27Z,2025-08-11T04:35:13Z,2025-08-11T06:21:57Z,2025-08-11T11:23:00Z,WB-000648,True,2025-08-09T10:49:00Z,1,2
13fb5fcd-b65c-4e37-93ad-754d593db8f2,SHP-000649,fb6aaa8d-dc51-41da-99c9-a6cdbc6c36ff,7b07fd31-a424-4f23-8d5b-a7cd400035f0,100000005,100000000,100000000,100.0,100.58,5,2026-04-05T09:31:43Z,2026-04-09T00:19:08Z,2026-04-09T00:56:36Z,2026-04-09T10:56:00Z,WB-000649,True,2026-04-05T08:37:00Z,1,2
29474b1d-383c-4775-b360-dd6647c4c82d,SHP-000650,29dd3267-63aa-4aa1-9cf7-b7003160c28a,7b07fd31-a424-4f23-8d5b-a7cd400035f0,100000005,100000000,100000001,470.0,470.74,20,2026-04-25T15:09:02Z,2026-04-26T09:34:55Z,2026-04-26T10:11:10Z,2026-04-26T13:20:00Z,WB-000650,True,2026-04-25T12:40:00Z,1,2
7e3e3a4f-10ef-4cd3-b221-8910033e65b5,SHP-000651,fbc188f7-e02f-4bd6-affc-55fbe6842d86,ef2ddcc4-8df6-41da-9f07-c1a5dfc620ce,100000004,100000000,100000000,20.0,20.03,1,2024-08-17T14:19:59Z,2024-08-22T01:22:44Z,2024-08-22T01:52:51Z,2024-08-22T06:49:00Z,WB-000651,True,2024-08-17T13:55:00Z,1,2
86b4a590-26f4-4761-a536-e39ebc70d5d8,SHP-000652,385381c2-5600-4bb7-8178-a56e7d27a883,ef2ddcc4-8df6-41da-9f07-c1a5dfc620ce,100000004,100000000,100000000,25.0,24.98,2,2025-01-14T16:24:27Z,2025-01-18T01:05:18Z,2025-01-18T01:33:03Z,2025-01-18T06:16:00Z,WB-000652,True,2025-01-14T14:17:00Z,1,2
003f63ab-b13e-42a1-aa0e-4c7a1770c543,SHP-000653,ff329212-cf02-41da-8abd-ab18fb7e4501,ef2ddcc4-8df6-41da-9f07-c1a5dfc620ce,100000004,100000000,100000000,35.0,34.98,2,2025-12-11T15:31:53Z,2025-12-16T23:31:05Z,2025-12-17T00:42:29Z,2025-12-17T06:16:00Z,WB-000653,True,2025-12-11T13:33:00Z,1,2
6deddffd-7b68-40a2-8a3f-3e9787110194,SHP-000654,b1f51190-fc12-42ca-917c-d0408af3d512,8412a335-d88c-456d-b61e-5fdb1a435206,100000003,100000000,100000001,45.0,45.09,2,2024-10-12T08:40:15Z,2024-10-14T04:46:24Z,2024-10-14T06:08:34Z,2024-10-14T11:37:00Z,WB-000654,True,2024-10-12T05:21:00Z,1,2
3a17d12f-6dc1-48e1-a7fc-c0919e112bc7,SHP-000655,86236bd6-1ecf-4212-804e-59215d585c85,8412a335-d88c-456d-b61e-5fdb1a435206,100000003,100000000,100000002,80.0,80.51,4,2024-12-03T13:59:40Z,2024-12-04T02:44:22Z,2024-12-04T04:34:53Z,2024-12-04T11:57:00Z,WB-000655,True,2024-12-03T11:38:00Z,1,2
650c79c4-95bf-426b-b886-ffeae1b7ef78,SHP-000656,9a60dbd6-790f-4ffe-a96d-6aea5484e47c,8412a335-d88c-456d-b61e-5fdb1a435206,100000003,100000001,100000000,25.0,25.05,2,2025-04-13T11:41:26Z,2025-04-15T06:18:53Z,2025-04-15T07:29:24Z,2025-04-15T12:50:00Z,WB-000656,True,2025-04-08T07:21:00Z,1,2
650723f6-1ada-4936-8f50-dd9d7c2e28e2,SHP-000657,80c62f1b-edcc-415b-9a8a-e4cf94bd012d,8412a335-d88c-456d-b61e-5fdb1a435206,100000003,100000000,100000002,35.0,34.95,2,2025-05-04T11:14:00Z,2025-05-06T02:56:15Z,2025-05-06T04:35:51Z,2025-05-06T12:04:00Z,WB-000657,True,2025-05-04T10:45:00Z,1,2
390a1b91-423f-4898-a2e2-369a8dbb2abd,SHP-000658,44a32bc5-a2c9-4188-9174-5b7a0cd65d01,8412a335-d88c-456d-b61e-5fdb1a435206,100000003,100000000,100000000,110.0,110.3,5,2025-05-10T09:59:16Z,2025-05-17T03:18:38Z,2025-05-17T03:55:01Z,2025-05-17T11:17:00Z,WB-000658,False,2025-05-10T09:55:00Z,1,2
3d500434-e094-4bf7-8f87-f74eecd9fee4,SHP-000659,3ca7598c-a25c-4226-8f0d-f4a029af1b6a,8412a335-d88c-456d-b61e-5fdb1a435206,100000003,100000000,100000002,50.0,50.21,3,2025-07-05T16:53:04Z,2025-07-06T23:48:08Z,2025-07-07T00:25:14Z,2025-07-07T07:25:00Z,WB-000659,True,2025-07-05T13:52:00Z,1,2
8c0f71c4-421e-45cc-bf09-f0b1788efbf7,SHP-000660,af7aa646-c859-4167-bc84-37d3dd685836,1578d709-48f9-43d0-9fea-e1e0d9e604b3,100000003,100000000,100000000,85.0,84.62,4,2024-10-12T10:03:04Z,2024-10-15T02:35:12Z,2024-10-15T03:21:29Z,2024-10-15T08:22:00Z,WB-000660,True,2024-10-12T10:25:00Z,1,2
f13b17c4-c2fc-4dd9-8d57-3dac9d3025b3,SHP-000661,849e81ad-7721-44e1-a5b3-3cceb8dd1699,1578d709-48f9-43d0-9fea-e1e0d9e604b3,100000003,100000001,100000002,80.0,79.94,4,2025-03-01T02:33:12Z,2025-03-01T23:37:54Z,2025-03-02T01:26:58Z,2025-03-02T10:27:00Z,WB-000661,True,2025-02-24T13:02:00Z,1,2
beaa5660-e377-49a2-b7ab-0ec012b038bc,SHP-000662,8a1cc99c-69e6-4f20-8d82-a9617b14aa1b,1578d709-48f9-43d0-9fea-e1e0d9e604b3,100000003,100000000,100000000,135.0,134.98,6,2025-04-26T07:38:23Z,2025-05-01T01:17:54Z,2025-05-01T02:52:21Z,2025-05-01T08:35:00Z,WB-000662,True,2025-04-26T05:30:00Z,1,2
15ea4a0d-8722-449e-bea0-53cc7164f98a,SHP-000663,c70a03c5-0cd0-40b7-8748-15cba5ff4254,1578d709-48f9-43d0-9fea-e1e0d9e604b3,100000003,100000000,100000001,35.0,34.96,2,2025-11-30T08:14:32Z,2025-12-02T00:20:34Z,2025-12-02T01:01:02Z,2025-12-02T08:30:00Z,WB-000663,True,2025-11-30T06:56:00Z,1,2
c6d925e9-f148-42b7-84f4-a72c286ea147,SHP-000664,5ab28242-64aa-4f1b-ac85-00d232294a67,73069588-45d5-468d-a90a-3abbc35b9fea,100000001,100000000,100000000,120.0,120.02,5,2024-08-24T07:47:45Z,2024-08-25T03:27:50Z,2024-08-25T05:10:14Z,2024-08-25T13:27:00Z,WB-000664,True,2024-08-24T07:09:00Z,1,2
bd2b9599-b2f0-4870-b715-c27c16054514,SHP-000665,ca55e73a-c6b4-4e50-97f8-c158e029d0cf,73069588-45d5-468d-a90a-3abbc35b9fea,100000001,100000000,100000000,60.0,59.85,3,2024-10-26T14:22:44Z,2024-11-01T03:33:05Z,2024-11-01T05:32:05Z,2024-11-02T04:57:00Z,WB-000665,True,2024-10-26T11:37:00Z,1,2
ce4d6ae0-1999-4af4-a94d-ab5346266a34,SHP-000666,9d7387db-9f19-4aed-a696-5fef4ac73369,d4bf7a4b-25b8-442f-836b-15c7e7c225da,100000000,100000000,100000001,29.5,29.55,2,2024-07-15T07:08:43Z,2024-07-16T05:25:52Z,2024-07-16T06:05:25Z,2024-07-16T10:55:00Z,WB-000666,True,2024-07-15T05:13:00Z,1,2
b9f149d8-34ca-4e1e-b4c9-33926bb03268,SHP-000667,06d4e4f8-804a-4f0e-89ad-94712614542f,d4bf7a4b-25b8-442f-836b-15c7e7c225da,100000000,100000000,100000000,140.0,139.6,6,2024-08-13T14:02:48Z,2024-08-20T03:40:40Z,2024-08-20T05:39:54Z,2024-08-20T09:47:00Z,WB-000667,True,2024-08-13T10:33:00Z,1,2
cdd776de-6467-48c9-b482-aff4080498fd,SHP-000668,256a8757-ff29-48d6-95ea-634f5ce024ec,d4bf7a4b-25b8-442f-836b-15c7e7c225da,100000000,100000000,100000000,55.0,55.14,3,2025-11-12T09:56:10Z,2025-11-16T00:56:20Z,2025-11-16T01:44:03Z,2025-11-16T06:55:00Z,WB-000668,True,2025-11-12T08:52:00Z,1,2
d121a850-8d37-4bd7-a897-1b803404dd09,SHP-000669,8dfcdd14-e7ad-42c0-83c4-33039c35f320,d4bf7a4b-25b8-442f-836b-15c7e7c225da,100000000,100000000,100000001,160.0,159.34,7,2025-11-10T06:46:40Z,2025-11-17T04:32:07Z,2025-11-17T05:08:57Z,2025-11-17T09:01:00Z,WB-000669,True,2025-11-10T06:05:00Z,1,2
47103c0e-c17e-4575-8085-7dc51958bbf5,SHP-000670,b9fd2efd-8b15-43df-8e64-9c30a1873a34,d4bf7a4b-25b8-442f-836b-15c7e7c225da,100000000,100000000,100000002,45.0,45.01,2,2025-11-10T09:18:36Z,2025-11-15T05:43:02Z,2025-11-15T06:54:52Z,2025-11-15T12:00:00Z,WB-000670,True,2025-11-10T08:51:00Z,1,2
dbeb32ca-ce05-4d4c-884d-006f9a8a875d,SHP-000671,c18119c2-387b-4259-81f6-ad8dfedc1307,d4bf7a4b-25b8-442f-836b-15c7e7c225da,100000000,100000000,100000000,80.0,79.96,4,2026-02-05T10:21:51Z,2026-02-07T00:11:42Z,2026-02-07T01:40:14Z,2026-02-07T05:27:00Z,WB-000671,True,2026-02-05T07:34:00Z,1,2
cfef5428-392c-47fb-8b3c-b100d96f83e7,SHP-000672,24505c34-0d3c-4e7e-8910-f7ee3ef040c3,e916da57-f248-43ab-977a-8a5f6ffe33b3,100000003,100000001,100000002,20.0,19.92,1,2025-11-25T16:37:39Z,2025-11-27T02:10:31Z,2025-11-27T03:38:58Z,2025-11-27T07:42:00Z,WB-000672,True,2025-11-20T13:51:00Z,1,2
64a4604c-dfca-4f3d-9aae-f0a2d46a6a05,SHP-000673,83ef48fe-4db2-4a9c-80f7-e8531d2999b0,e916da57-f248-43ab-977a-8a5f6ffe33b3,100000003,100000000,100000000,50.0,49.96,3,2026-05-05T09:42:12Z,2026-05-06T20:32:59Z,2026-05-06T21:56:54Z,2026-05-07T08:07:00Z,WB-000673,True,2026-05-05T07:31:00Z,1,2
547abee9-31ed-4635-9b5a-0a287120b31f,SHP-000674,7c93b928-a7ce-49fc-8014-1dc9b8cad814,e27718c5-737d-4fb6-9113-76e038d77b9a,100000000,100000000,100000000,75.0,75.0,4,2024-09-11T09:33:16Z,2024-09-18T06:30:26Z,2024-09-18T07:00:07Z,2024-09-18T10:48:00Z,WB-000674,True,2024-09-11T06:55:00Z,1,2
ce144f83-fec4-4941-8192-e480ae29096d,SHP-000675,a414e26e-503a-4c05-afc9-e45363b195e3,6a36af18-06d3-4b93-ae33-688d597e6845,100000000,100000000,100000000,430.0,430.71,18,2025-04-07T13:03:44Z,2025-04-12T04:46:06Z,2025-04-12T05:19:54Z,2025-04-12T10:49:00Z,WB-000675,True,2025-04-07T11:53:00Z,1,2
eaca9fff-a839-4ca8-85ee-aa8802f1aa55,SHP-000676,ba4c6c7e-146b-4081-aedf-965e8cb0d577,6a36af18-06d3-4b93-ae33-688d597e6845,100000000,100000001,100000000,390.0,389.05,17,2025-08-03T10:27:10Z,2025-08-05T00:30:13Z,2025-08-05T01:37:08Z,2025-08-05T08:18:00Z,WB-000676,True,2025-07-30T06:03:00Z,1,2
6430e4ad-0a60-48de-b440-64db8966b3e5,SHP-000677,4160002f-d083-4a5f-8824-3be8e38213b2,5fbbf0b1-8083-49c8-a57e-01c90da23e5c,100000002,100000000,100000000,25.0,24.88,2,2024-07-27T07:14:54Z,2024-07-29T03:27:50Z,2024-07-29T05:15:22Z,2024-07-29T11:23:00Z,WB-000677,True,2024-07-27T05:36:00Z,1,2
66e51438-024b-4c85-9bfc-6a7864b5bf9b,SHP-000678,22e33951-95de-4b00-b698-91922af47b28,14e4180c-fe99-46a3-a2db-c8503c5bf3a7,100000001,100000000,100000000,65.0,64.84,3,2024-09-21T08:56:49Z,2024-09-28T02:13:38Z,2024-09-28T03:33:37Z,2024-09-28T09:38:00Z,WB-000678,True,2024-09-21T05:43:00Z,1,2
15b7b0c2-b31d-4a7d-bd20-c59153b096cd,SHP-000679,ac46ab9b-4ea8-495d-ba71-3c330b79f176,14e4180c-fe99-46a3-a2db-c8503c5bf3a7,100000001,100000001,100000001,230.0,230.4,10,2024-10-02T11:55:54Z,2024-10-03T03:17:30Z,2024-10-03T04:44:59Z,2024-10-03T07:33:00Z,WB-000679,True,2024-09-30T06:07:00Z,1,2
fda36a47-91e1-45ad-8e64-e01a316c7ffa,SHP-000680,e746a5cb-4221-4548-8a1b-959fb0569ade,14e4180c-fe99-46a3-a2db-c8503c5bf3a7,100000001,100000000,100000001,100.0,100.21,5,2024-10-13T14:10:14Z,2024-10-16T02:02:47Z,2024-10-16T02:34:09Z,2024-10-16T07:14:00Z,WB-000680,True,2024-10-13T12:03:00Z,1,2
6abb0d20-18e9-4d39-b257-8e1e401fe10c,SHP-000681,d4c3c9ab-4231-4994-bdfb-2c1c7a99c20b,519554e3-0737-4c86-b97b-5f515ffa46ef,100000000,100000000,100000001,60.0,60.03,3,2024-07-11T08:02:18Z,2024-07-12T23:54:55Z,2024-07-13T01:11:11Z,2024-07-13T04:42:00Z,WB-000681,True,2024-07-11T06:07:00Z,1,2
5c592fc1-704e-4bc8-adda-d34ce21185c2,SHP-000682,a01e5534-2002-48d7-b6d6-8d7c5e6362d3,519554e3-0737-4c86-b97b-5f515ffa46ef,100000000,100000000,100000000,80.0,80.02,4,2025-08-02T13:07:02Z,2025-08-09T00:19:04Z,2025-08-09T01:59:23Z,2025-08-09T07:45:00Z,WB-000682,True,2025-08-02T10:19:00Z,1,2
62c54fa3-7e5f-4b4f-bcd9-c87d59756aa4,SHP-000683,435d0a44-15c7-4617-adab-63fb63818e61,519554e3-0737-4c86-b97b-5f515ffa46ef,100000000,100000000,100000002,85.0,84.67,4,2025-08-30T09:45:59Z,2025-09-02T23:59:50Z,2025-09-03T01:28:30Z,2025-09-03T06:18:00Z,WB-000683,True,2025-08-30T09:42:00Z,1,2
99d7f601-4033-4738-b314-277962af8782,SHP-000684,3560a66e-779f-4287-8f5f-cea1ec071441,519554e3-0737-4c86-b97b-5f515ffa46ef,100000000,100000000,100000000,20.0,20.0,1,2025-10-22T07:47:12Z,2025-10-27T05:59:22Z,2025-10-27T07:19:35Z,2025-10-27T13:00:00Z,WB-000684,True,2025-10-22T04:53:00Z,1,2
755521c8-fe2f-4bd8-979d-89f96fa17ec7,SHP-000685,7fada3ad-a75b-4460-b8f7-b0fb1089a78c,519554e3-0737-4c86-b97b-5f515ffa46ef,100000000,100000000,100000000,35.0,34.96,2,2025-11-27T15:08:06Z,2025-12-02T02:42:33Z,2025-12-02T03:31:30Z,2025-12-02T09:17:00Z,WB-000685,True,2025-11-27T11:30:00Z,1,2
42dc4b1a-8db7-40b7-ae7b-780faba81bec,SHP-000686,1187e7e8-125b-4386-9eef-b33dc4313570,25637cc3-ca97-4bf5-95d5-96afa663d2cd,100000000,100000000,100000000,45.0,45.01,2,2025-06-01T10:49:12Z,2025-06-02T00:20:23Z,2025-06-02T01:47:38Z,2025-06-02T08:12:00Z,WB-000686,False,2025-06-01T07:22:00Z,1,2
20521629-89e5-472f-a5f8-e59da253e37d,SHP-000687,41a12fa6-0b6c-47e7-8208-97950864fd76,25637cc3-ca97-4bf5-95d5-96afa663d2cd,100000000,100000000,100000000,90.0,89.88,4,2025-07-05T13:19:49Z,2025-07-12T04:25:20Z,2025-07-12T05:53:51Z,2025-07-12T10:55:00Z,WB-000687,True,2025-07-05T12:17:00Z,1,2
5b5f4ceb-a67b-4ee4-809f-bb141d934182,SHP-000688,02ff343b-5f25-46d5-a090-5afbdbee73e7,25637cc3-ca97-4bf5-95d5-96afa663d2cd,100000000,100000001,100000002,40.0,39.97,2,2026-06-08T09:59:10Z,2026-06-10T00:19:48Z,2026-06-10T02:01:58Z,2026-06-10T06:32:00Z,WB-000688,True,2026-06-04T12:19:00Z,1,2
c623e56a-c518-4580-85cf-9d145d304375,SHP-000689,bbda4bda-b718-42be-a827-6f6a7c3d2297,eada79a3-4970-4d9a-89ce-3cfb2339ba19,100000002,100000000,100000002,50.0,49.54,3,2025-11-24T10:12:59Z,2025-12-01T01:19:40Z,2025-12-01T03:15:19Z,2025-12-01T12:31:00Z,WB-000689,True,2025-11-24T10:07:00Z,1,2
ddd3fe17-0d5d-43ca-bb52-fdadc9ab18c2,SHP-000690,539d3c9c-032d-4781-9eb3-be6f399150ce,eada79a3-4970-4d9a-89ce-3cfb2339ba19,100000002,100000000,100000002,45.0,45.38,2,2026-01-05T14:58:01Z,2026-01-06T04:43:48Z,2026-01-06T06:23:58Z,2026-01-06T12:03:00Z,WB-000690,True,2026-01-05T13:11:00Z,1,2
2e5b88bf-e992-4a78-a907-b2ba15eefdd5,SHP-000691,bc563eda-7264-478a-94b5-b6b24695e29a,eada79a3-4970-4d9a-89ce-3cfb2339ba19,100000002,100000001,100000002,45.0,45.29,2,2026-05-01T18:24:29Z,2026-05-02T05:15:05Z,2026-05-02T05:43:19Z,2026-05-02T11:08:00Z,WB-000691,True,2026-04-29T05:58:00Z,1,2
3c6d6200-271b-4a7a-b413-50b2dbad9895,SHP-000692,5f0fedda-be1c-4bb7-bee7-3ce09c8a7ced,d4c3a832-b231-460b-b8f2-ce6bd46b415d,100000000,100000000,100000002,155.0,155.13,7,2024-07-17T14:32:05Z,2024-07-20T07:09:53Z,2024-07-20T08:25:43Z,2024-07-20T13:23:00Z,WB-000692,True,2024-07-17T12:55:00Z,1,2
75757ab9-e85d-4c28-9274-1921e6accc0a,SHP-000693,f4ce49c9-726e-4e6f-bd71-3d54092d63b9,d4c3a832-b231-460b-b8f2-ce6bd46b415d,100000000,100000000,100000001,90.0,89.95,4,2024-08-31T08:37:50Z,2024-09-05T04:30:32Z,2024-09-05T06:25:12Z,2024-09-05T10:51:00Z,WB-000693,True,2024-08-31T06:15:00Z,1,2
46727bc0-746b-4ca0-81e7-e74bbc8ab07f,SHP-000694,47c523c4-95c2-4260-967d-8e18c47a1117,781799ff-b49e-44cc-8243-69e72387eaf6,100000001,100000000,100000000,10.0,10.01,1,2025-08-18T10:33:46Z,2025-08-20T00:57:25Z,2025-08-20T02:57:19Z,2025-08-20T08:51:00Z,WB-000694,True,2025-08-18T07:36:00Z,1,2
07ef6ab6-f3bc-425e-a52a-ab9c51d88aff,SHP-000695,18e59f6c-f31a-41ed-b306-ca83ec69ae53,e7e646c7-0158-4463-9d87-76a072d78bdd,100000000,100000000,100000000,10.0,10.0,1,2024-10-13T09:45:37Z,2024-10-16T21:02:30Z,2024-10-16T22:28:49Z,2024-10-17T04:31:00Z,WB-000695,True,2024-10-13T07:07:00Z,1,2
bedd185b-bb65-47e7-868c-287b3848924e,SHP-000696,175b9ffe-9a1c-44ce-9441-0597b5688510,e7e646c7-0158-4463-9d87-76a072d78bdd,100000000,100000000,100000000,15.0,15.04,1,2025-12-13T08:54:06Z,2025-12-19T23:55:47Z,2025-12-20T00:38:19Z,2025-12-20T05:20:00Z,WB-000696,True,2025-12-13T07:00:00Z,1,2
51250f6d-f16a-4539-97cc-fa3ec7248f09,SHP-000697,bb5a82d5-46ab-4ad2-9837-36e266ba6811,f0b2a5d1-8c7e-4f42-a646-eaf9d5c0244d,100000000,100000001,100000002,130.0,,6,2026-06-30T03:13:34Z,,,,,,2026-06-27T13:53:00Z,0,100000000
406e9005-ef96-415e-bde1-48ec3e7a4e5b,SHP-000698,8d62cc29-ec3e-49ad-8637-a9f312665e5d,6c5a6c93-871c-4884-9bdf-90f2ba2c0f19,100000002,100000000,100000001,30.0,29.77,2,2024-11-17T15:04:43Z,2024-11-21T04:29:57Z,2024-11-21T05:44:39Z,2024-11-21T12:55:00Z,WB-000698,True,2024-11-17T12:21:00Z,1,2
046ad734-effd-43f0-8a61-dd122819cd14,SHP-000699,a3528d57-2c0f-4a8e-b352-f4914f845f0e,6c5a6c93-871c-4884-9bdf-90f2ba2c0f19,100000002,100000000,100000000,50.0,49.54,3,2025-01-16T11:46:07Z,2025-01-18T23:02:26Z,2025-01-19T00:32:10Z,2025-01-19T05:58:00Z,WB-000699,True,2025-01-16T09:20:00Z,1,2
6ac89f25-bb3e-4e80-a8fd-6c2b91c154df,SHP-000700,8549baf0-9dba-41d6-8740-b376b76d295c,9f708368-cb3c-48ca-a392-57316b79afcc,100000004,100000000,100000000,70.0,70.06,3,2025-03-15T08:23:41Z,2025-03-21T22:01:42Z,2025-03-21T22:41:27Z,2025-03-22T04:33:00Z,WB-000700,True,2025-03-15T05:22:00Z,1,2
1a3aa0f3-418b-4d79-878b-938a68b2f724,SHP-000701,5f876f9d-c9c0-44ce-920e-0da64ce218be,9f708368-cb3c-48ca-a392-57316b79afcc,100000004,100000000,100000000,40.0,39.8,2,2026-01-01T07:17:47Z,2026-01-03T04:08:50Z,2026-01-03T04:36:48Z,2026-01-03T11:58:00Z,WB-000701,True,2026-01-01T05:24:00Z,1,2
a912c2b1-7bc2-4a8e-a7d6-3e9f124c1bf6,SHP-000702,739502ba-ce8e-4608-a0a2-be1823d8b678,d6312a80-1c61-4ec2-9014-2131750565f5,100000005,100000000,100000000,130.0,130.49,6,2024-10-13T14:07:38Z,2024-10-17T01:37:00Z,2024-10-17T02:10:02Z,2024-10-17T07:42:00Z,WB-000702,True,2024-10-13T12:50:00Z,1,2
05451ada-cf29-4e73-a73f-1f610cdd1cf4,SHP-000703,3d93a8e2-4444-4278-8e78-ec5d8ce30b8f,d6312a80-1c61-4ec2-9014-2131750565f5,100000005,100000000,100000000,30.0,30.17,2,2025-04-08T14:30:41Z,2025-04-12T01:14:16Z,2025-04-12T01:38:33Z,2025-04-12T06:48:00Z,WB-000703,True,2025-04-08T11:51:00Z,1,2
902f8979-913e-49ba-9eca-2f790521d312,SHP-000704,4e4cd532-ffa9-4696-85bd-1336e5807900,d6312a80-1c61-4ec2-9014-2131750565f5,100000005,100000001,100000001,70.0,69.96,3,2025-08-12T21:37:47Z,2025-08-13T06:54:12Z,2025-08-13T08:52:43Z,2025-08-13T12:31:00Z,WB-000704,True,2025-08-09T12:23:00Z,1,2
f739d3a2-bad2-45c4-a2fa-36a527088499,SHP-000705,3aa6ace5-f387-4650-8a34-fdcd66fd1f3b,93364f7e-83ef-49f3-a1c7-cc8a04351b64,100000001,100000001,100000000,155.0,154.91,7,2024-08-05T20:32:12Z,2024-08-07T05:56:11Z,2024-08-07T07:45:37Z,2024-08-07T12:51:00Z,WB-000705,True,2024-08-03T13:46:00Z,1,2
4cb0b100-a355-4521-98cf-9f0c01e591dc,SHP-000706,de4e5667-6a94-41ad-af6f-78ec340c9a89,93364f7e-83ef-49f3-a1c7-cc8a04351b64,100000001,100000000,100000000,65.0,65.08,3,2024-11-02T15:52:45Z,2024-11-05T02:50:04Z,2024-11-05T03:41:52Z,2024-11-05T09:26:00Z,WB-000706,True,2024-11-02T13:10:00Z,1,2
c76f8178-225a-4f3a-ae4a-5293861fe321,SHP-000707,41b7bacf-c9df-49f4-86e6-cb202aa433be,93364f7e-83ef-49f3-a1c7-cc8a04351b64,100000001,100000000,100000001,170.0,170.7,8,2024-10-19T11:35:27Z,2024-10-21T01:42:49Z,2024-10-21T03:23:01Z,2024-10-21T09:24:00Z,WB-000707,True,2024-10-19T10:13:00Z,1,2
1135cf82-691f-468f-9226-d5cd8e039e96,SHP-000708,6694021e-4620-49ac-b9e9-2b01d9eb3fae,93364f7e-83ef-49f3-a1c7-cc8a04351b64,100000001,100000000,100000000,140.0,140.2,6,2024-12-30T11:38:18Z,2025-01-02T02:14:16Z,2025-01-02T04:01:15Z,2025-01-02T09:35:00Z,WB-000708,True,2024-12-30T08:28:00Z,1,2
f2317371-2fa6-41b1-8314-1b06de780c44,SHP-000709,9a6145fd-90e6-4952-8f69-e5b041f2f735,93364f7e-83ef-49f3-a1c7-cc8a04351b64,100000001,100000001,100000001,280.0,280.77,12,2025-06-29T05:07:40Z,2025-06-30T02:47:46Z,2025-06-30T04:34:26Z,2025-06-30T10:48:00Z,WB-000709,True,2025-06-26T10:10:00Z,1,2
2723bf0b-9965-47c9-81f1-83631dd4169c,SHP-000710,ac3a8025-e0ea-4991-a685-704541d46ace,93364f7e-83ef-49f3-a1c7-cc8a04351b64,100000001,100000001,100000000,200.0,200.39,9,2025-09-05T02:59:36Z,2025-09-06T05:49:47Z,2025-09-06T07:01:23Z,2025-09-06T12:43:00Z,WB-000710,True,2025-08-30T12:10:00Z,1,2
62bc3c5d-5532-4a6a-8dfa-6a251ef632dd,SHP-000711,2b7801e1-8afc-4b64-9243-c604fef87466,93364f7e-83ef-49f3-a1c7-cc8a04351b64,100000001,100000000,100000001,90.0,89.98,4,2025-08-16T13:28:05Z,2025-08-17T00:53:59Z,2025-08-17T01:28:41Z,2025-08-17T08:47:00Z,WB-000711,True,2025-08-16T12:52:00Z,1,2
41603b3b-3cec-4bf7-9a1e-cd89e3995232,SHP-000712,bd927420-663f-4594-bf18-10eae03e7299,93364f7e-83ef-49f3-a1c7-cc8a04351b64,100000001,100000001,100000000,205.0,205.22,9,2025-08-15T04:28:10Z,2025-08-16T04:50:02Z,2025-08-16T05:43:19Z,2025-08-16T12:43:00Z,WB-000712,True,2025-08-12T05:10:00Z,1,2
8ad104b5-f1c0-40cd-890f-2228a713c589,SHP-000713,b72e6546-ae16-4497-b334-6439cb72fe95,93364f7e-83ef-49f3-a1c7-cc8a04351b64,100000001,100000000,100000002,230.0,229.78,10,2025-09-15T14:15:17Z,2025-09-16T06:21:22Z,2025-09-16T07:09:26Z,2025-09-16T12:24:00Z,WB-000713,True,2025-09-15T12:04:00Z,1,2
5dc339f7-c519-4f09-9f75-0520c355a635,SHP-000714,8d53cea1-40e5-4868-a17a-30898df9616b,93364f7e-83ef-49f3-a1c7-cc8a04351b64,100000001,100000000,100000000,220.0,219.86,10,2026-02-14T09:32:06Z,2026-02-16T23:16:36Z,2026-02-17T00:39:14Z,2026-02-17T04:46:00Z,WB-000714,True,2026-02-14T06:15:00Z,1,2
a17c3897-77f3-43ce-b6af-e471fd3882b3,SHP-000715,f1ca21d6-5122-4550-85eb-1114c415cb82,93364f7e-83ef-49f3-a1c7-cc8a04351b64,100000001,100000000,100000000,125.0,125.68,6,2026-02-12T12:32:40Z,2026-02-18T23:24:56Z,2026-02-18T23:52:38Z,2026-02-19T06:50:00Z,WB-000715,True,2026-02-12T10:24:00Z,1,2
82992e3f-4d44-430e-bad5-6ccf3049b9e6,SHP-000716,93c6a4b4-1acc-42be-b92a-53a0fdf71d0d,93364f7e-83ef-49f3-a1c7-cc8a04351b64,100000001,100000000,100000001,150.0,149.76,7,2026-05-18T10:20:31Z,2026-05-19T03:01:54Z,2026-05-19T03:45:24Z,2026-05-19T11:43:00Z,WB-000716,True,2026-05-18T06:42:00Z,1,2
4fd3aff6-2226-4d2c-bcb7-9a86dbbf94d6,SHP-000717,c1d812f9-a7ee-45b5-bf89-089cbc098b6c,93364f7e-83ef-49f3-a1c7-cc8a04351b64,100000001,100000000,100000000,95.0,94.89,4,2026-05-13T08:11:22Z,2026-05-18T22:23:39Z,2026-05-18T23:24:53Z,2026-05-19T06:28:00Z,WB-000717,True,2026-05-13T05:06:00Z,1,2
89df064e-e7d3-4628-8da5-2fbe421974c7,SHP-000718,b8158943-221a-4339-a851-00e85ea30fd7,4a90cd0c-24c1-43b9-b7f2-85723defa849,100000001,100000000,100000000,55.0,55.0,3,2024-09-05T14:29:37Z,2024-09-12T07:25:58Z,2024-09-12T08:12:36Z,2024-09-12T10:52:00Z,WB-000718,True,2024-09-05T12:35:00Z,1,2
9f756c58-b42f-4cef-af54-ef7cbac2a660,SHP-000719,bcf11f55-135b-41e5-b543-0fad9025863a,4a90cd0c-24c1-43b9-b7f2-85723defa849,100000001,100000001,100000002,30.0,30.11,2,2024-12-19T15:38:59Z,2024-12-22T01:57:37Z,2024-12-22T02:55:31Z,2024-12-22T09:27:00Z,WB-000719,True,2024-12-15T09:42:00Z,1,2
0b2540e6-9e33-4eb1-ae24-28bd7fa0ad9d,SHP-000720,85a35ae6-a260-40dc-8d84-8cca91a91a5d,4a90cd0c-24c1-43b9-b7f2-85723defa849,100000001,100000000,100000002,35.0,35.15,2,2025-06-26T08:47:19Z,2025-07-02T02:14:03Z,2025-07-02T03:22:18Z,2025-07-02T07:40:00Z,WB-000720,True,2025-06-26T06:36:00Z,1,2
6773d7a2-a49f-4bd2-971d-b53ac7ce41db,SHP-000721,cec8f29d-055c-4393-bf87-c6edd1acf021,4a90cd0c-24c1-43b9-b7f2-85723defa849,100000001,100000000,100000000,25.0,24.9,2,2025-09-20T14:10:49Z,2025-09-25T04:32:29Z,2025-09-25T04:56:57Z,2025-09-25T11:11:00Z,WB-000721,True,2025-09-20T12:55:00Z,1,2
b071cffa-5d27-4a69-b5d4-da91161e1165,SHP-000722,3d3fa494-41dc-44a3-8d9c-ca68fcea17b1,4a90cd0c-24c1-43b9-b7f2-85723defa849,100000001,100000000,100000002,30.0,29.96,2,2025-10-25T08:09:47Z,2025-10-28T06:42:27Z,2025-10-28T07:57:36Z,2025-10-28T13:03:00Z,WB-000722,True,2025-10-25T08:15:00Z,1,2
d2b8eeaf-a066-46e7-9934-321cf1607382,SHP-000723,7a591d00-6509-464e-938b-c65362f8c130,4a90cd0c-24c1-43b9-b7f2-85723defa849,100000001,100000000,100000000,35.0,35.05,2,2025-10-15T10:36:23Z,2025-10-20T01:06:36Z,2025-10-20T01:47:27Z,2025-10-20T07:14:00Z,WB-000723,True,2025-10-15T08:51:00Z,1,2
3c3b6a0c-51ea-4fd5-a0b2-c24d5bc2f39a,SHP-000724,6c307f72-a345-4a46-8d3b-6a33d954dd8d,4a90cd0c-24c1-43b9-b7f2-85723defa849,100000001,100000000,100000000,20.0,19.97,1,2026-01-25T08:38:50Z,2026-01-31T03:34:34Z,2026-01-31T04:27:41Z,2026-01-31T11:29:00Z,WB-000724,False,2026-01-25T07:43:00Z,1,2
d82ef72c-58c2-4daa-baf0-52e4eaa08815,SHP-000725,bfe37ce7-0569-4c96-8a1b-a71ae71c5025,5a5226e6-9d64-4932-8066-853d6de299a1,100000000,100000000,100000000,75.0,74.83,4,2025-01-09T08:58:02Z,2025-01-16T03:06:10Z,2025-01-16T04:28:34Z,2025-01-16T10:14:00Z,WB-000725,True,2025-01-09T06:03:00Z,1,2
829f39d7-2e50-415c-8177-dc9917616d21,SHP-000726,397f4c10-abcb-44da-993f-4e9a646b0bdf,5a5226e6-9d64-4932-8066-853d6de299a1,100000000,100000001,100000002,20.0,19.97,1,2025-05-05T13:07:31Z,2025-05-07T23:23:15Z,2025-05-08T01:06:14Z,2025-05-08T06:47:00Z,WB-000726,True,2025-05-01T13:11:00Z,1,2
43557884-25aa-4a3d-a5f3-a552503eb1f8,SHP-000727,0e1eb723-3f0f-4d8a-8965-1f2108bcebb7,5a5226e6-9d64-4932-8066-853d6de299a1,100000000,100000000,100000000,105.0,104.54,5,2025-08-18T11:07:37Z,2025-08-25T05:22:04Z,2025-08-25T07:01:11Z,2025-08-25T12:28:00Z,WB-000727,False,2025-08-18T10:27:00Z,1,2
a782b70a-c7f0-4277-9301-c71c4f04773e,SHP-000728,74ab6a30-d0a6-41e1-bd93-329c211c7475,5a5226e6-9d64-4932-8066-853d6de299a1,100000000,100000000,100000002,40.0,40.01,2,2025-10-30T12:31:13Z,2025-11-06T01:13:36Z,2025-11-06T03:09:26Z,2025-11-06T08:56:00Z,WB-000728,True,2025-10-30T11:38:00Z,1,2
dca0045a-00c7-44ae-9766-0c73771c3a0c,SHP-000729,9ac50d4f-93ba-4473-92b7-f1ac383f483b,5a5226e6-9d64-4932-8066-853d6de299a1,100000000,100000000,100000000,65.0,65.02,3,2026-04-25T14:45:28Z,2026-04-29T01:05:28Z,2026-04-29T02:23:46Z,2026-04-29T07:09:00Z,WB-000729,True,2026-04-25T11:46:00Z,1,2
b6187a5a-e1f3-4cfe-9696-3e3af3b61504,SHP-000730,3e01b3a9-f91a-46ef-bbfa-3c31ae7934ab,5a5226e6-9d64-4932-8066-853d6de299a1,100000000,100000000,100000000,60.0,,3,2026-06-24T10:16:56Z,,,,,,2026-06-24T07:40:00Z,0,100000000
e3124f9c-d11e-4a85-ae80-bdb6ea81111a,SHP-000731,8c7df382-3942-47c9-9c8e-c4fff00c870c,2ff3cde4-6aa4-4c9f-9217-04753d959e3f,100000000,100000000,100000000,95.0,95.05,4,2024-10-21T15:33:26Z,2024-10-26T01:37:31Z,2024-10-26T03:33:45Z,2024-10-26T09:23:00Z,WB-000731,True,2024-10-21T13:23:00Z,1,2
c0b4d508-d173-45a2-8108-8e0c81a7343e,SHP-000732,f1c6ba9a-8043-4c9a-82a6-b53031d972c2,2ff3cde4-6aa4-4c9f-9217-04753d959e3f,100000000,100000000,100000000,25.0,25.03,2,2025-05-01T11:43:02Z,2025-05-07T06:13:14Z,2025-05-07T07:31:53Z,2025-05-07T10:36:00Z,WB-000732,True,2025-05-01T12:06:00Z,1,2
5a32fba5-b217-48c7-afbd-e0b747dea5a0,SHP-000733,1992d51a-f433-4073-bbd7-3bdc0e2abaca,2ff3cde4-6aa4-4c9f-9217-04753d959e3f,100000000,100000000,100000000,125.0,125.01,6,2025-10-15T06:34:25Z,2025-10-21T08:40:53Z,2025-10-21T09:25:53Z,2025-10-21T13:26:00Z,WB-000733,True,2025-10-15T06:22:00Z,1,2
b038f5b3-17af-48a4-b8d4-931eb9d4f9e9,SHP-000734,93ac351c-49af-4035-a457-57e9602c077f,2ff3cde4-6aa4-4c9f-9217-04753d959e3f,100000000,100000000,100000000,25.0,25.06,2,2026-02-02T08:08:22Z,2026-02-05T01:44:44Z,2026-02-05T02:51:26Z,2026-02-05T06:30:00Z,WB-000734,True,2026-02-02T06:34:00Z,1,2
7c427d4c-2fd8-49fd-9eb9-2b979cd0d5f0,SHP-000735,7a7d13cc-d712-4ff2-9cac-4145c96cf14e,2ff3cde4-6aa4-4c9f-9217-04753d959e3f,100000000,100000000,100000000,14.5,14.48,1,2026-04-02T08:23:08Z,2026-04-07T08:08:39Z,2026-04-07T09:42:12Z,2026-04-07T13:26:00Z,WB-000735,True,2026-04-02T05:19:00Z,1,2
c98b6c89-c6b6-458e-a7db-23e911a3964e,SHP-000736,beb86451-8228-4b09-870e-27d8ded3c172,8603156a-15ea-4bcf-ab10-21ceaa143cd8,100000001,100000000,100000000,215.0,214.2,9,2024-09-26T11:34:42Z,2024-09-29T07:58:43Z,2024-09-29T08:37:39Z,2024-09-30T05:34:00Z,WB-000736,True,2024-09-26T11:02:00Z,1,2
19f24804-4a2e-41eb-a203-c95456102df3,SHP-000737,3a1aa04f-5b17-4d76-8d77-c58ce4d93606,f4124360-1153-4e99-9c50-8720f982f4e0,100000000,100000000,100000002,95.0,95.15,4,2024-10-08T10:30:35Z,2024-10-12T05:29:32Z,2024-10-12T06:18:29Z,2024-10-12T12:44:00Z,WB-000737,True,2024-10-08T08:59:00Z,1,2
cd706da0-baa3-49f6-b0d3-a32f707e07e7,SHP-000738,454fa243-9d4c-4ee0-84ac-6e472e7d979e,f4124360-1153-4e99-9c50-8720f982f4e0,100000000,100000000,100000001,115.0,114.88,5,2024-10-17T08:50:55Z,2024-10-19T02:47:46Z,2024-10-19T04:06:02Z,2024-10-19T07:45:00Z,WB-000738,True,2024-10-17T09:25:00Z,1,2
44d494ba-b79d-4ad9-86b1-5f77df915970,SHP-000739,a0a66538-3000-4791-a78f-9f4d22b8ad4f,f4124360-1153-4e99-9c50-8720f982f4e0,100000000,100000000,100000000,145.0,145.34,7,2024-11-11T10:32:15Z,2024-11-16T01:35:36Z,2024-11-16T03:28:20Z,2024-11-16T10:19:00Z,WB-000739,True,2024-11-11T09:44:00Z,1,2
fe30c8a2-76e0-4314-bb7f-e51854f3b8db,SHP-000740,3f18e281-0d43-4095-ae53-8cc2cc1afaef,c9525185-81e0-4a5e-8b48-f49686abd4e7,100000000,100000000,100000000,35.0,34.8,2,2024-10-19T15:30:23Z,2024-10-26T04:56:07Z,2024-10-26T05:24:22Z,2024-10-26T11:15:00Z,WB-000740,True,2024-10-19T12:58:00Z,1,2
1795e4dd-2534-4037-a08e-99f49c5e0f5d,SHP-000741,b4d10663-bae6-4ed3-8219-a73e98c33391,0534a101-8ddc-4719-81f3-8dd4fd034ada,100000001,100000001,100000001,320.0,320.43,14,2024-08-02T10:59:21Z,2024-08-03T12:43:52Z,2024-08-03T13:49:45Z,2024-08-04T05:35:00Z,WB-000741,True,2024-07-30T11:33:00Z,1,2
0607c09a-642b-47dc-883b-d81a6e91e2c6,SHP-000742,e487d6b7-3ea0-45a6-8557-0f500928a253,0534a101-8ddc-4719-81f3-8dd4fd034ada,100000001,100000001,100000001,180.0,179.74,8,2024-11-07T21:08:07Z,2024-11-08T22:06:17Z,2024-11-08T23:02:38Z,2024-11-09T12:54:00Z,WB-000742,True,2024-11-05T10:31:00Z,1,2
cb153005-d522-49b3-8691-d2091ed5cc4a,SHP-000743,e03589c1-c09d-4c14-86a2-c50b18c13837,0534a101-8ddc-4719-81f3-8dd4fd034ada,100000001,100000000,100000000,115.0,115.13,5,2025-02-17T13:30:42Z,2025-02-19T21:27:01Z,2025-02-19T23:19:34Z,2025-02-20T13:03:00Z,WB-000743,True,2025-02-17T12:08:00Z,1,2
4a54e25a-868c-4b11-8eb8-5df87c235086,SHP-000744,7c6392b5-4527-4e4a-9703-e9ec0d5e8256,0534a101-8ddc-4719-81f3-8dd4fd034ada,100000001,100000000,100000000,130.0,130.15,6,2025-04-06T09:50:13Z,2025-04-11T10:03:33Z,2025-04-11T11:02:37Z,2025-04-12T10:40:00Z,WB-000744,True,2025-04-06T09:03:00Z,1,2
7c0907ea-aa21-4152-9bf3-5956e836290a,SHP-000745,b169b249-e792-4a73-a517-95e0cc46748b,0b251279-785a-45d0-9f92-a62163f4c69d,100000002,100000000,100000000,110.0,109.65,5,2024-09-21T07:08:27Z,2024-09-28T03:38:34Z,2024-09-28T04:48:37Z,2024-09-28T13:09:00Z,WB-000745,True,2024-09-21T07:17:00Z,1,2
4e3ced16-51e4-4c03-9da6-f5af7894cb93,SHP-000746,3b0e1340-c92d-472a-9141-4acf9d2d4e00,0b251279-785a-45d0-9f92-a62163f4c69d,100000002,100000000,100000000,30.0,29.79,2,2025-04-19T12:01:42Z,2025-04-23T01:03:50Z,2025-04-23T02:32:49Z,2025-04-23T10:14:00Z,WB-000746,True,2025-04-19T09:01:00Z,1,2
4e456a19-0626-4440-b74f-49a77c571097,SHP-000747,4e850061-ac6b-4176-9af3-4c99f27c717e,5f90bed6-fb25-464d-a30a-a767a2bb522b,100000000,100000001,100000000,15.0,14.94,1,2024-08-07T16:02:51Z,2024-08-10T04:43:06Z,2024-08-10T06:33:41Z,2024-08-10T11:58:00Z,WB-000747,True,2024-08-03T11:05:00Z,1,2
2b819de8-c585-4316-aa31-9a5aff14d58f,SHP-000748,b8e9b788-bb64-4a6f-9148-fed229a32d4d,5f90bed6-fb25-464d-a30a-a767a2bb522b,100000000,100000000,100000000,30.0,29.97,2,2025-06-08T08:45:05Z,2025-06-12T02:27:11Z,2025-06-12T03:16:33Z,2025-06-12T13:08:00Z,WB-000748,True,2025-06-08T06:13:00Z,1,2
83450399-4193-4c96-82ca-a05cbb8e0e0e,SHP-000749,f375bcef-ddb5-4805-87b9-09e448f555cc,5f90bed6-fb25-464d-a30a-a767a2bb522b,100000000,100000000,100000000,30.0,29.92,2,2025-08-24T15:06:07Z,2025-08-26T22:28:56Z,2025-08-27T00:07:17Z,2025-08-27T08:10:00Z,WB-000749,True,2025-08-24T13:02:00Z,1,2
bbb33d2e-a761-4f67-86fe-b6138c3c97ec,SHP-000750,0028de0c-9ad6-4507-8cd5-ffc191b67c1b,5f90bed6-fb25-464d-a30a-a767a2bb522b,100000000,100000000,100000001,65.0,64.73,3,2025-10-02T14:31:43Z,2025-10-08T04:44:19Z,2025-10-08T06:41:17Z,2025-10-08T12:23:00Z,WB-000750,True,2025-10-02T12:30:00Z,1,2
bb9a1c2d-1ccc-4924-ae22-f286d7f2d163,SHP-000751,b0c57433-1889-4220-ac1d-3bad838ff7d6,5f90bed6-fb25-464d-a30a-a767a2bb522b,100000000,100000000,100000000,90.0,90.01,4,2025-10-08T15:14:52Z,2025-10-12T05:30:37Z,2025-10-12T06:58:56Z,2025-10-12T12:58:00Z,WB-000751,True,2025-10-08T12:14:00Z,1,2
6bb60098-d0b0-4167-abcd-34c5d5230b1e,SHP-000752,c04ec3ba-6b7e-4d5a-be3f-bbc1413191d4,5f90bed6-fb25-464d-a30a-a767a2bb522b,100000000,100000000,100000002,50.0,49.92,3,2025-10-16T15:08:13Z,2025-10-18T00:35:57Z,2025-10-18T01:37:50Z,2025-10-18T07:28:00Z,WB-000752,True,2025-10-16T12:19:00Z,1,2
5306b5c7-4a45-42aa-b62c-86f3c40058b6,SHP-000753,d8b431c8-1a24-4e2f-9294-b846d9cb4532,5f90bed6-fb25-464d-a30a-a767a2bb522b,100000000,100000000,100000000,40.0,39.94,2,2025-10-22T13:19:50Z,2025-10-28T22:06:08Z,2025-10-28T23:59:37Z,2025-10-29T06:55:00Z,WB-000753,True,2025-10-22T12:35:00Z,1,2
8da899d9-bedb-4246-b5bb-b2eebff8bc73,SHP-000754,f73de8f1-e379-42e0-a8a2-c969cac781d3,5f90bed6-fb25-464d-a30a-a767a2bb522b,100000000,100000000,100000000,50.0,50.23,3,2026-01-04T09:57:03Z,2026-01-08T05:36:34Z,2026-01-08T06:40:20Z,2026-01-08T13:11:00Z,WB-000754,True,2026-01-04T08:20:00Z,1,2
16f35805-a62a-430a-b49c-7f5bc59b6c75,SHP-000755,30351f47-b38a-406d-a1fc-2129e7048b4e,5f90bed6-fb25-464d-a30a-a767a2bb522b,100000000,100000000,100000001,30.0,30.11,2,2026-06-13T09:57:43Z,2026-06-14T23:40:55Z,2026-06-15T00:39:17Z,2026-06-15T05:38:00Z,WB-000755,True,2026-06-13T07:15:00Z,1,2
0d555451-b048-4073-a5d1-ea4a6d71958f,SHP-000756,a6d7690a-0e7c-44fa-bc03-cfef38fe4703,5b6a8102-0428-4378-bf50-23f440ef3935,100000001,100000000,100000000,110.0,109.78,5,2024-08-07T12:09:51Z,2024-08-11T02:13:31Z,2024-08-11T03:40:52Z,2024-08-11T08:18:00Z,WB-000756,True,2024-08-07T10:27:00Z,1,2
78dae503-ad29-423e-92ee-26b29159c0b8,SHP-000757,abb659b5-3fe8-4002-814e-617d6d1bbd29,3dba6da8-5844-49fc-914b-9547c9dc72b8,100000000,100000000,100000000,25.0,24.97,2,2024-09-30T06:21:57Z,2024-10-06T04:07:22Z,2024-10-06T04:51:51Z,2024-10-06T10:38:00Z,WB-000757,True,2024-09-30T05:27:00Z,1,2
4ec909c4-b312-4980-bf61-f143eb3aa79f,SHP-000758,0ac9ae1f-32f2-42bd-b3ec-e1d25d9ff9b7,3dba6da8-5844-49fc-914b-9547c9dc72b8,100000000,100000000,100000000,110.0,110.23,5,2025-05-08T09:42:26Z,2025-05-14T22:44:39Z,2025-05-14T23:52:03Z,2025-05-15T05:11:00Z,WB-000758,True,2025-05-08T06:40:00Z,1,2
daf7cd8f-a60c-46f3-94c5-8302bd228f9b,SHP-000759,4f47d62c-a754-456e-9148-d73f5185708d,3dba6da8-5844-49fc-914b-9547c9dc72b8,100000000,100000000,100000002,35.0,34.85,2,2025-08-16T16:01:19Z,2025-08-18T03:50:32Z,2025-08-18T05:05:32Z,2025-08-18T11:52:00Z,WB-000759,True,2025-08-16T13:22:00Z,1,2
64d674f2-63ee-4be9-9552-bc29e9a38828,SHP-000760,3ef65274-12ad-48ca-a3aa-6ff464ce77ec,3dba6da8-5844-49fc-914b-9547c9dc72b8,100000000,100000001,100000001,35.0,35.23,2,2025-11-03T20:31:43Z,2025-11-05T06:54:04Z,2025-11-05T07:37:48Z,2025-11-05T10:31:00Z,WB-000760,True,2025-10-30T08:54:00Z,1,2
49bdaf28-0c78-495f-895d-6ac74db49fc9,SHP-000761,450221a7-97b5-4961-af6c-19848ac0f22a,3dba6da8-5844-49fc-914b-9547c9dc72b8,100000000,100000000,100000002,60.0,60.1,3,2026-02-04T14:08:56Z,2026-02-11T02:39:01Z,2026-02-11T03:46:14Z,2026-02-11T09:43:00Z,WB-000761,True,2026-02-04T10:57:00Z,1,2
95931d98-b43c-41f7-b94c-02bd3f02af9c,SHP-000762,cb3cf4bd-f774-4c01-82f0-e3f350455a6e,3dba6da8-5844-49fc-914b-9547c9dc72b8,100000000,100000001,100000000,65.0,64.91,3,2026-06-11T17:20:27Z,2026-06-13T05:07:12Z,2026-06-13T07:03:02Z,2026-06-13T12:25:00Z,WB-000762,True,2026-06-09T11:30:00Z,1,2
272336c8-dcff-454b-a68b-f636ba1b7a97,SHP-000763,8000dfa7-7499-4645-84ac-d544c9ed2b44,1a89b71e-a0d5-42c8-a837-fe68bba205ca,100000003,100000001,100000000,40.0,40.03,2,2024-09-05T22:33:02Z,2024-09-07T01:33:59Z,2024-09-07T03:19:31Z,2024-09-07T08:41:00Z,WB-000763,True,2024-09-01T10:33:00Z,1,2
650ba28c-24c2-4373-9543-ff46d60768fe,SHP-000764,a2215782-7344-4aad-aedc-3f4396cddf83,5a304528-0b59-4562-a227-219f551ff086,100000000,100000000,100000000,50.0,50.05,3,2024-11-30T07:50:30Z,2024-12-05T04:51:04Z,2024-12-05T06:35:47Z,2024-12-05T10:51:00Z,WB-000764,True,2024-11-30T07:27:00Z,1,2
e4d52de2-f05b-4315-b10d-33d04c3f15bf,SHP-000765,1456b33e-b314-499a-9709-478e719b135b,5a304528-0b59-4562-a227-219f551ff086,100000000,100000000,100000001,90.0,90.1,4,2025-03-10T06:43:24Z,2025-03-11T01:49:33Z,2025-03-11T02:29:53Z,2025-03-11T06:33:00Z,WB-000765,True,2025-03-10T05:32:00Z,1,2
46f1c1cb-1ad3-4a16-a7e7-d52379776000,SHP-000766,acc941dc-1586-452a-8870-49028ccc42c3,5a304528-0b59-4562-a227-219f551ff086,100000000,100000000,100000000,65.0,64.94,3,2025-10-05T08:00:47Z,2025-10-09T06:57:09Z,2025-10-09T08:11:35Z,2025-10-09T12:28:00Z,WB-000766,True,2025-10-05T06:49:00Z,1,2
b8f17f23-d5c9-4600-87d8-b24bda75a7c5,SHP-000767,b9f787e8-6edc-419f-966f-4e518f55ae0e,5a304528-0b59-4562-a227-219f551ff086,100000000,100000000,100000000,30.0,30.15,2,2025-11-23T10:51:43Z,2025-11-26T04:33:22Z,2025-11-26T06:01:27Z,2025-11-26T10:49:00Z,WB-000767,False,2025-11-23T09:37:00Z,1,2
ad1a31f6-cee8-4256-8709-711ed67491d2,SHP-000768,8c3492ca-e2b9-471a-9e42-7585a5d146ae,a48e40f1-d042-4dfa-96ab-087a8bc78e81,100000000,100000000,100000002,60.0,59.74,3,2025-02-18T08:00:11Z,2025-02-19T05:05:49Z,2025-02-19T05:58:04Z,2025-02-19T10:31:00Z,WB-000768,True,2025-02-18T07:40:00Z,1,2
725b11de-6d0a-43d6-ba1c-9e1baafa53f3,SHP-000769,b4eb09a9-7759-4d1e-9bca-3c2381210ec2,a48e40f1-d042-4dfa-96ab-087a8bc78e81,100000000,100000000,100000001,125.0,125.07,6,2025-04-07T11:15:02Z,2025-04-09T08:40:50Z,2025-04-09T09:24:37Z,2025-04-09T12:57:00Z,WB-000769,True,2025-04-07T10:51:00Z,1,2
234ec213-4f33-4538-ba7b-7d5b8fc76e8e,SHP-000770,b2a7931b-13f0-4259-8497-f15da449d83b,a48e40f1-d042-4dfa-96ab-087a8bc78e81,100000000,100000000,100000000,210.0,210.92,9,2025-08-18T11:44:43Z,2025-08-25T03:38:18Z,2025-08-25T04:50:04Z,2025-08-25T09:44:00Z,WB-000770,True,2025-08-18T08:34:00Z,1,2
f49e162a-b1cd-485f-a77e-b66ec0dde41d,SHP-000771,1ac3f79b-22ac-4d03-9c46-81e3d9291f50,a48e40f1-d042-4dfa-96ab-087a8bc78e81,100000000,100000000,100000000,55.0,55.1,3,2025-10-02T15:22:10Z,2025-10-06T23:13:21Z,2025-10-06T23:57:03Z,2025-10-07T05:44:00Z,WB-000771,True,2025-10-02T13:31:00Z,1,2
750c8369-151a-496d-8cd7-988ae452fafb,SHP-000772,ba697671-0601-46ab-b390-9c410f80e42c,a48e40f1-d042-4dfa-96ab-087a8bc78e81,100000000,100000001,100000002,200.0,200.17,9,2026-05-23T08:56:26Z,2026-05-23T23:27:59Z,2026-05-23T23:51:59Z,2026-05-24T06:47:00Z,WB-000772,True,2026-05-19T10:37:00Z,1,2
852a05c8-6b12-4943-839c-466e4979cb0a,SHP-000773,ceb536c1-fbca-41f2-ba34-0b4f16491bb6,a48e40f1-d042-4dfa-96ab-087a8bc78e81,100000000,100000000,100000001,160.0,159.46,7,2026-06-09T08:09:06Z,2026-06-13T08:01:45Z,2026-06-13T09:43:51Z,2026-06-13T12:17:00Z,WB-000773,True,2026-06-09T06:31:00Z,1,2
af6ce8b0-b571-4ee4-a0d2-bfa8cbd66ee7,SHP-000774,6f506a4a-2690-4357-9b4d-ae9b56e48942,af475b49-c775-4395-9494-05f02cd2a404,100000001,100000000,100000001,40.0,40.09,2,2024-09-15T11:36:36Z,2024-09-18T17:00:08Z,2024-09-18T18:28:54Z,2024-09-19T10:48:00Z,WB-000774,True,2024-09-15T10:24:00Z,1,2
e6484408-0dc8-4714-b75e-ba569e721e01,SHP-000775,f35d9b69-10fb-48be-9518-f00115f29f76,af475b49-c775-4395-9494-05f02cd2a404,100000001,100000000,100000000,55.0,54.98,3,2024-10-05T12:02:43Z,2024-10-11T16:51:07Z,2024-10-11T18:16:27Z,2024-10-12T05:43:00Z,WB-000775,True,2024-10-05T09:47:00Z,1,2
5e8502d2-c928-4073-b77b-87ad5df91c77,SHP-000776,c828cffa-cc2f-4365-b4d0-1d2dce36c08a,af475b49-c775-4395-9494-05f02cd2a404,100000001,100000000,100000000,220.0,220.78,10,2025-01-12T07:42:38Z,2025-01-17T16:02:41Z,2025-01-17T16:27:27Z,2025-01-18T12:46:00Z,WB-000776,True,2025-01-12T05:44:00Z,1,2
89467e05-b3fc-46a2-a8c6-e808c4bebc44,SHP-000777,5e87a3b2-da81-4383-b763-d6fa340c79ab,7a8104de-b205-47bb-bb16-f75776f186ab,100000004,100000001,100000002,65.0,65.14,3,2024-12-21T06:26:23Z,2024-12-22T08:21:32Z,2024-12-22T09:22:14Z,2024-12-22T12:35:00Z,WB-000777,True,2024-12-19T09:55:00Z,1,2
ce813b89-0a35-4593-b4e0-9c7f2c78be20,SHP-000778,5c78e7a5-80d0-4e97-b2ad-6e425f9a0755,7a8104de-b205-47bb-bb16-f75776f186ab,100000004,100000000,100000000,50.0,49.85,3,2025-02-10T10:14:03Z,2025-02-12T05:20:20Z,2025-02-12T06:31:16Z,2025-02-12T12:37:00Z,WB-000778,True,2025-02-10T10:10:00Z,1,2
5c626d16-1514-4614-8768-dd8b841dc880,SHP-000779,b45bf65e-b730-42ed-8e7e-24f7d2db8533,7a8104de-b205-47bb-bb16-f75776f186ab,100000004,100000000,100000002,30.0,29.87,2,2025-09-09T07:44:53Z,2025-09-10T05:04:54Z,2025-09-10T06:00:49Z,2025-09-10T12:23:00Z,WB-000779,True,2025-09-09T08:14:00Z,1,2
935f8a28-c67c-4c4f-a17e-974246054f38,SHP-000780,b792d157-fb19-4fd1-99db-600a798dfe1b,2285b2ef-cfbe-4fe9-aea9-c542a1b970d0,100000000,100000000,100000000,100.0,100.0,5,2024-09-07T05:35:10Z,2024-09-13T20:40:59Z,2024-09-13T21:30:27Z,2024-09-14T04:35:00Z,WB-000780,True,2024-09-07T05:15:00Z,1,2
5a524db5-a4e2-46d7-893c-fc001bf9fa5e,SHP-000781,8d7d6aee-1ba8-4f5a-aac9-6f6885680196,2285b2ef-cfbe-4fe9-aea9-c542a1b970d0,100000000,100000000,100000002,170.0,170.4,8,2024-08-14T13:18:47Z,2024-08-19T23:13:35Z,2024-08-20T00:22:49Z,2024-08-20T06:42:00Z,WB-000781,True,2024-08-14T12:49:00Z,1,2
3f10f4e8-1d41-4725-ae3c-2a639d178bf2,SHP-000782,9abb2813-7a85-4930-9f66-7bf9db80a8ce,2285b2ef-cfbe-4fe9-aea9-c542a1b970d0,100000000,100000001,100000000,190.0,190.72,8,2024-09-09T20:18:19Z,2024-09-10T21:08:32Z,2024-09-10T22:40:33Z,2024-09-11T05:30:00Z,WB-000782,True,2024-09-05T05:29:00Z,1,2
56201200-2c1b-438d-9a65-60f80f6300e3,SHP-000783,e505470e-302b-4472-a0c7-1ff7d0f42869,2285b2ef-cfbe-4fe9-aea9-c542a1b970d0,100000000,100000000,100000000,140.0,140.43,6,2025-04-17T07:40:55Z,2025-04-20T07:09:18Z,2025-04-20T08:21:04Z,2025-04-20T12:25:00Z,WB-000783,True,2025-04-17T05:00:00Z,1,2
d5d925da-7f2c-4a12-9fef-1903fa34b0ae,SHP-000784,15308876-8b64-4e04-8b67-cd6c2fa0f083,2285b2ef-cfbe-4fe9-aea9-c542a1b970d0,100000000,100000000,100000000,55.0,55.07,3,2025-08-12T11:38:17Z,2025-08-15T23:20:37Z,2025-08-16T00:53:18Z,2025-08-16T09:15:00Z,WB-000784,True,2025-08-12T09:15:00Z,1,2
99fd4c13-00d6-4918-82cd-74ec6c97bd2b,SHP-000785,c8192381-834e-4b3c-bd6c-30f30bdba451,2285b2ef-cfbe-4fe9-aea9-c542a1b970d0,100000000,100000000,100000000,55.0,54.8,3,2026-06-22T10:14:39Z,2026-06-29T00:07:05Z,2026-06-29T00:58:24Z,2026-06-29T07:14:00Z,WB-000785,False,2026-06-22T07:30:00Z,1,2
69063e2c-12af-432a-b392-d32aa17ac54f,SHP-000786,43a2d14e-c2d6-441b-b99a-d9e6e01322c7,f1901b7e-c6b4-49ef-b74e-ba9310275b53,100000001,100000000,100000000,70.0,69.76,3,2024-08-10T07:56:32Z,2024-08-17T05:21:46Z,2024-08-17T07:06:35Z,2024-08-17T12:37:00Z,WB-000786,True,2024-08-10T06:39:00Z,1,2
9735491e-2a98-4fea-b564-ebc117481f99,SHP-000787,b1be871c-1b00-47c1-b37c-ad3e8d59fb30,f1901b7e-c6b4-49ef-b74e-ba9310275b53,100000001,100000000,100000000,45.0,44.88,2,2024-07-20T13:08:46Z,2024-07-22T00:57:42Z,2024-07-22T01:46:57Z,2024-07-22T09:37:00Z,WB-000787,True,2024-07-20T10:19:00Z,1,2
b6be4973-7558-4b14-b97f-fd9971834044,SHP-000788,968571c1-f94d-4ff9-914e-c198bad304e5,f1901b7e-c6b4-49ef-b74e-ba9310275b53,100000001,100000000,100000000,100.0,99.69,5,2024-08-18T10:48:29Z,2024-08-24T05:48:29Z,2024-08-24T07:08:52Z,2024-08-24T11:43:00Z,WB-000788,True,2024-08-18T07:13:00Z,1,2
2a445b31-53ce-4c2c-abe6-79c8ef2a95f5,SHP-000789,86b4facb-2b7a-4ab6-b019-882a84bd3f3a,f1901b7e-c6b4-49ef-b74e-ba9310275b53,100000001,100000000,100000000,124.5,124.81,6,2025-01-04T15:01:28Z,2025-01-07T06:32:34Z,2025-01-07T08:26:58Z,2025-01-07T11:31:00Z,WB-000789,True,2025-01-04T14:00:00Z,1,2
cf0caf2c-add9-418d-9bfe-4a49bf095f07,SHP-000790,1d1e7581-ee1a-4f27-bc9a-844ea319fd70,e2c328aa-3310-4475-8a86-22250b36e356,100000000,100000000,100000003,70.0,69.88,3,2024-09-25T09:07:01Z,2024-09-26T05:42:59Z,2024-09-26T06:42:24Z,2024-09-26T11:08:00Z,WB-000790,True,2024-09-25T05:41:00Z,1,2
92365481-71a0-496a-aca6-eaad439f0745,SHP-000791,e512e24e-093f-457b-9c2d-c5d6d5f57f20,e2c328aa-3310-4475-8a86-22250b36e356,100000000,100000000,100000000,50.0,49.9,3,2025-07-26T09:37:51Z,2025-07-27T23:18:25Z,2025-07-28T00:45:31Z,2025-07-28T08:32:00Z,WB-000791,True,2025-07-26T06:52:00Z,1,2
d3340ad2-db97-45ce-b038-357e5a94fe8b,SHP-000792,5ef6617b-e83f-43a7-a665-0a71f83e5fbe,e2c328aa-3310-4475-8a86-22250b36e356,100000000,100000000,100000000,60.0,59.96,3,2025-07-20T10:41:49Z,2025-07-26T03:57:20Z,2025-07-26T04:31:34Z,2025-07-26T10:34:00Z,WB-000792,True,2025-07-20T11:16:00Z,1,2
2bff4a63-1aad-4e2a-afcb-3d32b9e1b647,SHP-000793,c77c9b94-8035-46de-afea-2d5ffde66315,e2c328aa-3310-4475-8a86-22250b36e356,100000000,100000000,100000002,95.0,94.94,4,2025-11-12T14:15:43Z,2025-11-14T22:56:10Z,2025-11-14T23:44:24Z,2025-11-15T05:25:00Z,WB-000793,True,2025-11-12T13:27:00Z,1,2
38675a04-a7db-42a7-9522-50ec5d6f75e9,SHP-000794,894c2064-76fe-443c-a630-e6b007ffbb92,095ffa81-40d9-4bce-b930-ba208b040f49,100000000,100000000,100000000,30.0,29.96,2,2026-06-22T14:35:48Z,2026-06-27T03:37:20Z,2026-06-27T05:36:28Z,2026-06-27T09:58:00Z,WB-000794,True,2026-06-22T12:55:00Z,1,2
df37a3cc-d506-4470-911d-a66927bad77e,SHP-000795,a3ab26a2-abcd-46bf-b48f-82c8ea1b5cee,493e904d-30ec-4796-a59b-457fc0d7ac73,100000005,100000000,100000000,145.0,144.57,7,2024-08-25T09:20:05Z,2024-09-01T04:13:06Z,2024-09-01T05:47:23Z,2024-09-01T09:06:00Z,WB-000795,True,2024-08-25T08:51:00Z,1,2
2ac03094-ad32-4347-be61-7edda1524dfb,SHP-000796,ef2571c2-4968-4eb1-b165-5de52b0c5807,493e904d-30ec-4796-a59b-457fc0d7ac73,100000005,100000001,100000000,405.0,404.05,17,2024-10-26T05:39:18Z,2024-10-28T02:44:32Z,2024-10-28T03:28:19Z,2024-10-28T07:16:00Z,WB-000796,True,2024-10-22T11:32:00Z,1,2
e9e7af93-5db7-4634-b5c3-b5c051d262f6,SHP-000797,b3198eab-91c2-4847-9763-c6536ed11210,493e904d-30ec-4796-a59b-457fc0d7ac73,100000005,100000000,100000000,160.0,160.49,7,2025-04-09T13:14:23Z,2025-04-12T00:37:40Z,2025-04-12T02:36:28Z,2025-04-12T07:09:00Z,WB-000797,True,2025-04-09T10:13:00Z,1,2
b503425c-b69c-4c0e-abc6-9f8d1b053e0f,SHP-000798,3a88455d-3afa-4840-9034-132420637e8e,493e904d-30ec-4796-a59b-457fc0d7ac73,100000005,100000001,100000000,195.0,195.74,9,2025-06-24T13:30:54Z,2025-06-25T19:24:02Z,2025-06-25T21:14:06Z,2025-06-26T04:41:00Z,WB-000798,True,2025-06-21T13:52:00Z,1,2
7102477b-a1a0-4656-bf31-d5dc808d80b7,SHP-000799,4a98c3d6-37d3-4017-b075-bd9cae09e3a4,493e904d-30ec-4796-a59b-457fc0d7ac73,100000005,100000000,100000001,130.0,129.56,6,2025-08-03T09:46:23Z,2025-08-03T22:54:43Z,2025-08-03T23:39:25Z,2025-08-04T04:37:00Z,WB-000799,True,2025-08-03T08:18:00Z,1,2
a835c2fa-1113-4947-9e43-a70d2b6102b1,SHP-000800,5dac6c93-89f6-4248-b8e2-f5039b67774e,493e904d-30ec-4796-a59b-457fc0d7ac73,100000005,100000000,100000001,195.0,195.34,9,2026-02-08T14:34:15Z,2026-02-09T00:25:41Z,2026-02-09T01:08:27Z,2026-02-09T05:58:00Z,WB-000800,True,2026-02-08T11:59:00Z,1,2
b1c651a5-e598-40f8-9334-6d089cd03c51,SHP-000801,42d34d43-b565-4765-87b4-513de2a9d32c,493e904d-30ec-4796-a59b-457fc0d7ac73,100000005,100000000,100000001,160.0,159.22,7,2026-02-07T14:57:12Z,2026-02-08T03:46:41Z,2026-02-08T04:57:11Z,2026-02-08T08:34:00Z,WB-000801,True,2026-02-07T13:28:00Z,1,2
47fa8554-37b2-4731-9d96-d75abb3aa855,SHP-000802,43c3b213-ddb0-4d7d-bf7e-84c5328dc2b0,493e904d-30ec-4796-a59b-457fc0d7ac73,100000005,100000001,100000000,475.0,475.19,20,2026-05-08T22:47:11Z,2026-05-10T23:27:01Z,2026-05-11T00:47:59Z,2026-05-11T05:54:00Z,WB-000802,True,2026-05-05T09:23:00Z,1,2
ab0608d7-0597-4bf0-a7d1-8ef641379ef5,SHP-000803,3c697e96-fc8c-452f-88d3-a50070b917f1,493e904d-30ec-4796-a59b-457fc0d7ac73,100000005,100000001,100000000,55.0,54.77,3,2026-05-03T22:16:24Z,2026-05-06T04:23:57Z,2026-05-06T04:52:57Z,2026-05-06T10:40:00Z,WB-000803,True,2026-04-29T04:59:00Z,1,2
361ae89b-c56e-468f-a84d-138670a4910a,SHP-000804,28ef5aa9-6628-4ab0-b9a8-3910fbb63a5c,493e904d-30ec-4796-a59b-457fc0d7ac73,100000005,100000000,100000000,200.0,200.47,9,2026-06-11T14:11:49Z,2026-06-13T00:55:48Z,2026-06-13T01:21:03Z,2026-06-13T06:31:00Z,WB-000804,True,2026-06-11T11:51:00Z,1,2
5ffcfbb5-b92d-4d53-a98b-e9c53a11aa48,SHP-000805,9a4a384d-93db-4ce5-8eb1-a2a63bcdc7ff,493e904d-30ec-4796-a59b-457fc0d7ac73,100000005,100000000,100000002,65.0,64.79,3,2026-06-17T09:30:37Z,2026-06-23T01:03:03Z,2026-06-23T01:44:14Z,2026-06-23T09:20:00Z,WB-000805,True,2026-06-17T06:21:00Z,1,2
3b7fd401-01e0-47df-9444-84974e3fae3e,SHP-000806,68235f3d-1c2e-47e2-8662-bee2b2498989,0c3ce284-c7e5-4bbb-9cb5-1c535b62a8df,100000001,100000000,100000000,20.0,20.05,1,2024-07-11T10:40:59Z,2024-07-12T22:39:18Z,2024-07-12T23:48:26Z,2024-07-13T05:39:00Z,WB-000806,True,2024-07-11T10:24:00Z,1,2
e45644a1-cd8b-4709-8a0b-a5001665e1b0,SHP-000807,fde887cb-4b8e-4062-a030-628c3d212401,0c3ce284-c7e5-4bbb-9cb5-1c535b62a8df,100000001,100000000,100000000,25.0,24.94,2,2024-08-24T14:29:07Z,2024-08-26T00:34:08Z,2024-08-26T02:21:34Z,2024-08-26T10:57:00Z,WB-000807,True,2024-08-24T11:15:00Z,1,2
33598246-c262-4844-b836-5f3d0cf05ed2,SHP-000808,dc57066b-b148-4f78-a98b-09eb21c1505d,0c3ce284-c7e5-4bbb-9cb5-1c535b62a8df,100000001,100000000,100000001,25.0,24.96,2,2024-11-06T09:11:48Z,2024-11-07T08:18:13Z,2024-11-07T09:18:02Z,2024-11-07T12:46:00Z,WB-000808,True,2024-11-06T08:56:00Z,1,2
018cedfd-bc9f-48c9-95dc-8ecb3c7e3e15,SHP-000809,d4a25583-2e66-4b26-9d78-f8bb5d190c8b,45f18619-54f9-4429-a7de-02ccdda4f4a7,100000000,100000000,100000000,115.0,115.08,5,2024-08-29T14:30:42Z,2024-09-02T01:17:56Z,2024-09-02T02:54:28Z,2024-09-02T07:29:00Z,WB-000809,True,2024-08-29T13:19:00Z,1,2
bdaa0a06-32b9-4e6b-bfef-acfc8e22c7b5,SHP-000810,1ae9740b-9230-4160-a700-cba184769e5c,45f18619-54f9-4429-a7de-02ccdda4f4a7,100000000,100000000,100000000,35.0,35.15,2,2024-12-25T09:45:08Z,2024-12-28T04:52:06Z,2024-12-28T05:41:39Z,2024-12-28T09:35:00Z,WB-000810,True,2024-12-25T08:25:00Z,1,2
be7a290e-3561-40be-8a98-6797693680fa,SHP-000811,0896e110-fab8-4139-b12c-5e0b6be677d3,45f18619-54f9-4429-a7de-02ccdda4f4a7,100000000,100000001,100000000,145.0,144.78,7,2025-01-31T06:37:19Z,2025-02-01T00:04:19Z,2025-02-01T01:53:16Z,2025-02-01T08:25:00Z,WB-000811,True,2025-01-25T05:57:00Z,1,2
65ced414-af0c-47f9-9b4c-5ed12c0f795a,SHP-000812,56e5a4d9-4533-4452-9660-f31f5187938d,45f18619-54f9-4429-a7de-02ccdda4f4a7,100000000,100000000,100000000,45.0,44.79,2,2025-03-08T15:50:02Z,2025-03-15T03:55:10Z,2025-03-15T05:07:01Z,2025-03-15T12:24:00Z,WB-000812,True,2025-03-08T12:42:00Z,1,2
d4fdd4b1-9ba6-443f-b030-82e4d6cc5ca0,SHP-000813,2f5a6ce7-b022-4be0-8179-f76ba6cd30d4,45f18619-54f9-4429-a7de-02ccdda4f4a7,100000000,100000000,100000000,100.0,100.44,5,2025-07-26T12:27:17Z,2025-08-01T23:02:56Z,2025-08-01T23:56:41Z,2025-08-02T06:36:00Z,WB-000813,True,2025-07-26T10:30:00Z,1,2
2512027c-1ab3-43b0-8ee1-b3071255010d,SHP-000814,bebcacbb-8d0a-45c9-95b6-e48e4930ea88,45f18619-54f9-4429-a7de-02ccdda4f4a7,100000000,100000000,100000000,65.0,64.92,3,2025-10-19T16:48:12Z,2025-10-20T03:53:57Z,2025-10-20T04:20:40Z,2025-10-20T11:14:00Z,WB-000814,True,2025-10-19T13:58:00Z,1,2
de7f45ef-6f63-4c1e-8abb-77ca387b0312,SHP-000815,bf8be7c6-74c9-4c68-ab68-392e12fc97c9,45f18619-54f9-4429-a7de-02ccdda4f4a7,100000000,100000000,100000001,240.0,239.91,10,2026-01-11T09:11:33Z,2026-01-17T21:49:45Z,2026-01-17T23:36:22Z,2026-01-18T06:28:00Z,WB-000815,True,2026-01-11T06:59:00Z,1,2
3e56a16a-d501-46d1-8154-300958271b43,SHP-000816,929ccf27-47c6-4424-a8dc-cb4805424433,45f18619-54f9-4429-a7de-02ccdda4f4a7,100000000,100000000,100000000,95.0,94.94,4,2026-01-31T11:56:37Z,2026-02-01T22:16:48Z,2026-02-02T00:08:13Z,2026-02-02T08:05:00Z,WB-000816,True,2026-01-31T08:50:00Z,1,2
f77d7e3a-a2b9-402c-badb-f29798573c54,SHP-000817,65e19760-e316-419e-8fdc-095a4eed9176,45f18619-54f9-4429-a7de-02ccdda4f4a7,100000000,100000000,100000002,115.0,115.68,5,2026-02-22T09:47:56Z,2026-02-24T20:22:38Z,2026-02-24T21:28:16Z,2026-02-25T04:40:00Z,WB-000817,True,2026-02-22T07:15:00Z,1,2
4e7340a0-320a-4da0-990e-f17dd948afd7,SHP-000818,b8a4cefc-f848-4611-82c3-4e64c5ea9d46,45f18619-54f9-4429-a7de-02ccdda4f4a7,100000000,100000000,100000000,95.0,94.94,4,2026-05-16T07:39:16Z,2026-05-20T23:26:04Z,2026-05-21T00:47:22Z,2026-05-21T06:41:00Z,WB-000818,True,2026-05-16T07:08:00Z,1,2
9b8b725d-ce36-4443-8970-e98fa798ef73,SHP-000819,1949de9a-1308-45f8-acbb-c91a14fad162,6fdc0bad-5e36-4127-8ca1-b45c1fdd980a,100000001,100000001,100000002,55.0,55.02,3,2024-10-02T01:52:07Z,2024-10-02T23:34:04Z,2024-10-03T01:03:28Z,2024-10-03T06:16:00Z,WB-000819,True,2024-09-26T10:54:00Z,1,2
da38cefb-db12-462b-b768-999cbfcdb72f,SHP-000820,d39fa1e4-f001-410a-8ee2-85743385159b,6fdc0bad-5e36-4127-8ca1-b45c1fdd980a,100000001,100000000,100000001,30.0,30.05,2,2024-10-05T10:17:31Z,2024-10-06T01:48:18Z,2024-10-06T02:58:00Z,2024-10-06T06:54:00Z,WB-000820,True,2024-10-05T07:47:00Z,1,2
7e04bce6-52cf-439d-a4bb-c00b1d40b393,SHP-000821,4722ceda-76f3-4569-bcea-66a5db06708d,6fdc0bad-5e36-4127-8ca1-b45c1fdd980a,100000001,100000000,100000000,45.0,45.32,2,2024-11-11T09:09:20Z,2024-11-16T01:03:11Z,2024-11-16T01:44:22Z,2024-11-16T08:10:00Z,WB-000821,True,2024-11-11T06:55:00Z,1,2
55945e7a-d122-45af-bbd9-3b3ca81c505d,SHP-000822,8d8181c6-d54e-4a56-b04a-9ca0d265dac2,7092947d-be49-49ec-a667-d3bbe3b56360,100000000,100000000,100000002,25.0,25.03,2,2024-08-28T13:34:45Z,2024-09-04T04:06:50Z,2024-09-04T05:29:34Z,2024-09-04T11:43:00Z,WB-000822,True,2024-08-28T12:22:00Z,1,2
0568e07c-6420-43ad-93b8-4593802eaec8,SHP-000823,d4a64bbc-c932-4560-9363-05e825f26dcc,7092947d-be49-49ec-a667-d3bbe3b56360,100000000,100000000,100000001,10.0,10.04,1,2024-08-17T10:57:09Z,2024-08-19T01:35:44Z,2024-08-19T02:27:58Z,2024-08-19T06:46:00Z,WB-000823,True,2024-08-17T08:50:00Z,1,2
de46fbda-167d-4bdc-927e-7b05b59b3ff8,SHP-000824,23a27267-e113-4d3a-99cc-4d06875f1f80,56cb1ab0-62fb-46d7-b4db-ca07e506f670,100000002,100000000,100000001,220.0,218.84,10,2024-10-29T09:22:40Z,2024-10-29T22:45:14Z,2024-10-30T00:34:33Z,2024-10-30T05:36:00Z,WB-000824,True,2024-10-29T09:09:00Z,1,2
491c7d1b-bf33-4a39-8dbd-0a4ee2eba9f4,SHP-000825,6778ef0b-47f2-4d06-b6af-1586972ba136,56cb1ab0-62fb-46d7-b4db-ca07e506f670,100000002,100000000,100000000,115.0,114.75,5,2024-10-19T10:32:31Z,2024-10-21T05:48:07Z,2024-10-21T06:50:04Z,2024-10-21T12:03:00Z,WB-000825,True,2024-10-19T09:54:00Z,1,2
754f5d13-21a9-4347-95f2-fab4567d42f1,SHP-000826,7f2b3c85-ec70-4990-8290-eedd4295edd1,56cb1ab0-62fb-46d7-b4db-ca07e506f670,100000002,100000000,100000000,205.0,205.94,9,2025-05-13T07:56:24Z,2025-05-18T23:26:31Z,2025-05-19T01:06:53Z,2025-05-19T09:31:00Z,WB-000826,True,2025-05-13T08:04:00Z,1,2
04ff62cb-26a8-483b-91b5-59f69ecf2d01,SHP-000827,9330e3c8-34d5-462d-a451-2fbde202f943,56cb1ab0-62fb-46d7-b4db-ca07e506f670,100000002,100000000,100000000,65.0,65.11,3,2025-10-22T12:08:15Z,2025-10-24T23:15:31Z,2025-10-25T00:01:08Z,2025-10-25T06:12:00Z,WB-000827,True,2025-10-22T09:52:00Z,1,2
d63f6966-9c02-4e6d-855d-25a3dea9b03c,SHP-000828,7287e9e4-8a9c-42a3-a3a2-ccd4a54846d6,56cb1ab0-62fb-46d7-b4db-ca07e506f670,100000002,100000001,100000001,120.0,119.73,5,2025-12-12T10:50:51Z,2025-12-13T07:14:21Z,2025-12-13T08:05:21Z,2025-12-13T12:19:00Z,WB-000828,True,2025-12-06T09:44:00Z,1,2
1296ff9a-f75d-460f-a804-838d45bf0cdd,SHP-000829,c4fef630-9c56-4ea6-8fea-bdd980fbdbef,56cb1ab0-62fb-46d7-b4db-ca07e506f670,100000002,100000000,100000001,105.0,105.63,5,2026-05-02T09:51:07Z,2026-05-03T03:43:38Z,2026-05-03T04:45:43Z,2026-05-03T11:17:00Z,WB-000829,True,2026-05-02T08:26:00Z,1,2
cca3e789-8cd0-4f8d-ba97-21855051942b,SHP-000830,df220087-94a5-48ca-8ad3-05944d3280ff,56cb1ab0-62fb-46d7-b4db-ca07e506f670,100000002,100000000,100000002,215.0,214.97,9,2026-04-18T12:00:39Z,2026-04-19T21:50:06Z,2026-04-19T23:34:30Z,2026-04-20T07:05:00Z,WB-000830,True,2026-04-18T11:53:00Z,1,2
5900e2e9-ecaa-428b-8f2f-2f0b100d2da4,SHP-000831,3b637316-59e0-4dc5-a404-bb3cce73b449,b12b6680-7f07-4cb9-afd3-40c0f945f2fd,100000001,100000000,100000002,140.0,140.49,6,2024-08-24T14:15:31Z,2024-08-27T06:21:53Z,2024-08-27T07:09:27Z,2024-08-27T11:25:00Z,WB-000831,True,2024-08-24T11:45:00Z,1,2
3bd72022-e49c-475b-a72a-d236756f9be3,SHP-000832,7b7458a9-ccbe-4957-b81a-ec4ad4fb1441,b12b6680-7f07-4cb9-afd3-40c0f945f2fd,100000001,100000000,100000000,85.0,84.81,4,2024-08-28T10:52:33Z,2024-09-03T00:06:15Z,2024-09-03T01:15:12Z,2024-09-03T06:28:00Z,WB-000832,True,2024-08-28T09:39:00Z,1,2
5126b2b0-3f10-496e-874b-1f489d21e91e,SHP-000833,d20e584a-d811-4e96-8e29-af86fc4dd729,b12b6680-7f07-4cb9-afd3-40c0f945f2fd,100000001,100000000,100000001,65.0,65.12,3,2024-09-22T10:04:43Z,2024-09-28T04:08:39Z,2024-09-28T06:03:55Z,2024-09-28T10:55:00Z,WB-000833,True,2024-09-22T08:41:00Z,1,2
390f0764-9a16-4c51-8389-743d194bebe8,SHP-000834,e4a0dc04-923e-4017-91f3-a85877a3ba7d,b12b6680-7f07-4cb9-afd3-40c0f945f2fd,100000001,100000000,100000000,125.0,124.64,6,2024-10-07T07:38:01Z,2024-10-12T02:50:31Z,2024-10-12T03:32:44Z,2024-10-12T08:53:00Z,WB-000834,True,2024-10-07T05:29:00Z,1,2
5d045a1f-3893-451a-b978-4bd4fcf1021e,SHP-000835,4be1b095-067a-4235-8eb5-a111d8521f03,b12b6680-7f07-4cb9-afd3-40c0f945f2fd,100000001,100000000,100000002,95.5,95.98,4,2025-04-26T11:59:25Z,2025-04-27T05:43:07Z,2025-04-27T07:18:25Z,2025-04-27T09:58:00Z,WB-000835,True,2025-04-26T10:53:00Z,1,2
247d1aaa-6ded-476b-837e-eb6d0f9d3bfe,SHP-000836,99864539-7517-4922-b1e0-b0d33a9f4fd7,b12b6680-7f07-4cb9-afd3-40c0f945f2fd,100000001,100000000,100000000,30.0,29.96,2,2026-03-15T09:50:05Z,2026-03-20T22:24:04Z,2026-03-20T23:59:38Z,2026-03-21T05:55:00Z,WB-000836,True,2026-03-15T08:06:00Z,1,2
3305aa0b-2964-4ba8-83e5-3d21e00aabd3,SHP-000837,f9a85fae-2793-4466-afdf-c061953af60b,b12b6680-7f07-4cb9-afd3-40c0f945f2fd,100000001,100000000,100000000,130.0,130.08,6,2026-05-30T08:28:50Z,2026-06-04T01:03:31Z,2026-06-04T02:44:48Z,2026-06-04T08:53:00Z,WB-000837,True,2026-05-30T05:43:00Z,1,2
6693172f-b711-4f4e-9486-e0aa312fba99,SHP-000838,8d3ae614-0e17-401d-b9c6-52c5e6f1e5ea,cc1b4157-ec9f-4c54-9e0a-72ab7f5db163,100000000,100000000,100000000,15.0,15.05,1,2024-11-10T14:57:46Z,2024-11-15T23:03:00Z,2024-11-16T00:26:17Z,2024-11-16T06:41:00Z,WB-000838,True,2024-11-10T12:41:00Z,1,2
dd8e938c-91b1-4500-a6da-ffaf57309745,SHP-000839,c61c7ded-4a94-462d-a2a3-1d44a3378257,cc1b4157-ec9f-4c54-9e0a-72ab7f5db163,100000000,100000001,100000001,90.0,90.42,4,2025-03-01T12:56:33Z,2025-03-02T23:36:07Z,2025-03-03T00:13:58Z,2025-03-03T07:58:00Z,WB-000839,True,2025-02-26T08:37:00Z,1,2
8c3aa333-efe1-4c03-a887-fc30d0d0128b,SHP-000840,8a904bc1-e2e7-41a8-b78e-d7e4c0230f0f,cc1b4157-ec9f-4c54-9e0a-72ab7f5db163,100000000,100000000,100000000,25.0,25.03,2,2025-11-30T10:28:10Z,2025-12-03T01:27:20Z,2025-12-03T02:26:26Z,2025-12-03T06:50:00Z,WB-000840,True,2025-11-30T08:31:00Z,1,2
110afb4f-e65c-4235-b558-b32fabd112ca,SHP-000841,525a2d76-5088-45f0-9f4b-9e6e39850459,6e3c4532-1434-4f62-acac-028cba220065,100000001,100000000,100000000,35.0,34.97,2,2024-08-07T13:31:43Z,2024-08-14T01:33:02Z,2024-08-14T03:18:21Z,2024-08-14T06:48:00Z,WB-000841,True,2024-08-07T11:53:00Z,1,2
cec16315-cba8-4c10-9a56-7f9cd1db68e8,SHP-000842,65b0439d-9ed9-43fb-9f25-c5d63c042665,2e326567-d284-454e-bebe-c0db9a3a6103,100000000,100000000,100000000,35.0,34.96,2,2025-01-12T10:50:25Z,2025-01-17T22:03:07Z,2025-01-17T23:11:42Z,2025-01-18T05:11:00Z,WB-000842,True,2025-01-12T09:34:00Z,1,2
69f74f8c-1527-4633-9d8f-da80b03c9d70,SHP-000843,7bfce8dc-dd74-4630-ae14-31f0b0505831,2e326567-d284-454e-bebe-c0db9a3a6103,100000000,100000000,100000000,35.0,34.96,2,2025-08-28T16:23:53Z,2025-09-02T21:44:50Z,2025-09-02T23:02:20Z,2025-09-03T05:09:00Z,WB-000843,True,2025-08-28T12:58:00Z,1,2
76889293-7b05-420c-b2de-0b8fb7d56234,SHP-000844,7001b2c3-9aec-413f-8131-a28a98d21075,1a43db54-523a-4993-8b34-46bc8ba435cc,100000003,100000000,100000000,260.0,258.2,11,2024-07-21T12:35:36Z,2024-07-24T07:22:55Z,2024-07-24T08:40:46Z,2024-07-24T12:12:00Z,WB-000844,True,2024-07-21T10:44:00Z,1,2
574506ba-e7f8-4a9a-bb3a-fe2653f4d581,SHP-000845,c7b39bdd-3106-41ab-8d4a-18f84d4b3377,1a43db54-523a-4993-8b34-46bc8ba435cc,100000003,100000001,100000000,295.0,295.85,13,2024-08-24T17:32:07Z,2024-08-26T04:35:12Z,2024-08-26T06:19:53Z,2024-08-26T11:31:00Z,WB-000845,True,2024-08-20T05:29:00Z,1,2
50aae471-51d0-4cec-affa-7366bfe37135,SHP-000846,8d6e70a4-d94a-4a9e-9c48-309922649431,1a43db54-523a-4993-8b34-46bc8ba435cc,100000003,100000000,100000000,205.0,204.73,9,2024-11-16T13:05:44Z,2024-11-23T01:13:03Z,2024-11-23T02:57:15Z,2024-11-23T07:24:00Z,WB-000846,True,2024-11-16T12:37:00Z,1,2
17b10db8-a999-4f5d-9e9d-c8524424404b,SHP-000847,272789f2-46e0-4b2a-9be3-94349fe56238,1a43db54-523a-4993-8b34-46bc8ba435cc,100000003,100000000,100000000,130.0,130.09,6,2025-01-04T08:36:28Z,2025-01-11T02:47:36Z,2025-01-11T04:37:04Z,2025-01-11T10:24:00Z,WB-000847,True,2025-01-04T08:27:00Z,1,2
06dadb08-dbd9-41fe-a72f-955e7f48150d,SHP-000848,ff675c6e-91ac-4c67-bd7d-8474106823aa,1a43db54-523a-4993-8b34-46bc8ba435cc,100000003,100000001,100000000,185.0,184.96,8,2025-01-21T18:00:18Z,2025-01-23T06:38:53Z,2025-01-23T07:08:55Z,2025-01-23T12:26:00Z,WB-000848,True,2025-01-18T12:08:00Z,1,2
0d13a195-9ea7-4344-bfc4-6a0520a287cf,SHP-000849,7d521537-e092-48d0-872d-f911a9b4e4b1,1a43db54-523a-4993-8b34-46bc8ba435cc,100000003,100000000,100000000,90.0,89.97,4,2025-02-20T09:32:08Z,2025-02-26T21:44:43Z,2025-02-26T22:39:46Z,2025-02-27T04:56:00Z,WB-000849,True,2025-02-20T05:56:00Z,1,2
b18901d4-8e51-4326-8d64-9f85fc537384,SHP-000850,239ccf4d-8a65-409b-ab69-2aff5aa227e8,1a43db54-523a-4993-8b34-46bc8ba435cc,100000003,100000000,100000002,110.0,110.05,5,2025-07-12T08:01:47Z,2025-07-13T06:40:18Z,2025-07-13T07:52:21Z,2025-07-13T13:08:00Z,WB-000850,True,2025-07-12T07:42:00Z,1,2
61b99dd0-668c-4c11-b6b4-e8ad07fdcdf9,SHP-000851,767a84bb-3d6f-4d0f-8275-c8af17530c31,1a43db54-523a-4993-8b34-46bc8ba435cc,100000003,100000000,100000001,200.0,199.71,9,2025-09-18T12:30:32Z,2025-09-20T01:57:27Z,2025-09-20T03:42:45Z,2025-09-20T10:03:00Z,WB-000851,True,2025-09-18T09:57:00Z,1,2
94d22ffb-2660-4f6f-ade3-e356676dfb19,SHP-000852,082f48a6-bdab-401b-b423-adf369aa68e1,1a43db54-523a-4993-8b34-46bc8ba435cc,100000003,100000001,100000000,155.0,155.3,7,2026-02-14T20:42:15Z,2026-02-15T21:37:51Z,2026-02-15T22:18:56Z,2026-02-16T10:53:00Z,WB-000852,True,2026-02-11T06:37:00Z,1,2
0ac9d0db-5cce-4ccc-8cda-ba05669c6e44,SHP-000853,29f537a2-e1f9-435d-9602-a0f2c3800654,1a43db54-523a-4993-8b34-46bc8ba435cc,100000003,100000000,100000003,100.0,100.09,5,2026-04-14T10:06:50Z,2026-04-15T06:43:49Z,2026-04-15T08:29:20Z,2026-04-15T13:07:00Z,WB-000853,True,2026-04-14T09:49:00Z,1,2
ff7da018-27a2-4cc4-9715-c04837167bbf,SHP-000854,1bc1e5ef-a728-41ff-90b1-cc563531b208,1a43db54-523a-4993-8b34-46bc8ba435cc,100000003,100000001,100000001,210.0,210.05,9,2026-05-31T00:33:11Z,2026-06-01T02:45:01Z,2026-06-01T03:24:55Z,2026-06-01T09:12:00Z,WB-000854,True,2026-05-28T09:32:00Z,1,2
ef8bffa8-ca58-4a54-a2a6-718eae23f4f8,SHP-000855,cbf1b05e-fff0-49db-b14b-4ea2f3b30f17,4baf0f5e-a932-4094-93f2-8f11147f6570,100000005,100000000,100000000,55.0,54.54,3,2024-11-12T16:05:21Z,2024-11-17T03:10:22Z,2024-11-17T04:32:40Z,2024-11-17T10:15:00Z,WB-000855,True,2024-11-12T13:38:00Z,1,2
9915cde1-1ebc-4ed6-9869-3c8ad4cd8c60,SHP-000856,ee72a771-75b4-4839-850e-65026b4c616d,4baf0f5e-a932-4094-93f2-8f11147f6570,100000005,100000000,100000000,65.0,65.08,3,2025-04-01T07:27:09Z,2025-04-01T21:00:43Z,2025-04-01T22:01:31Z,2025-04-02T05:21:00Z,WB-000856,True,2025-04-01T06:31:00Z,1,2
917a9c80-1c02-44c0-8330-c782382e67a2,SHP-000857,5caeebe1-0f72-415f-8f72-9ee8f0370d00,4baf0f5e-a932-4094-93f2-8f11147f6570,100000005,100000000,100000001,60.0,59.89,3,2025-04-08T09:34:11Z,2025-04-09T03:03:39Z,2025-04-09T04:21:06Z,2025-04-09T11:24:00Z,WB-000857,True,2025-04-08T09:19:00Z,1,2
55364cf7-1a4f-4734-b123-97206c88ec9b,SHP-000858,e6dc8c3d-a6eb-42e6-98c6-0d5096aee89d,4baf0f5e-a932-4094-93f2-8f11147f6570,100000005,100000000,100000000,35.0,35.03,2,2025-04-23T11:10:15Z,2025-04-28T02:43:52Z,2025-04-28T04:14:52Z,2025-04-28T09:16:00Z,WB-000858,True,2025-04-23T09:52:00Z,1,2
5ad365a1-663a-4021-9cbf-1227ee679c38,SHP-000859,d926f60f-2ade-4819-995a-f18136e5a55c,4baf0f5e-a932-4094-93f2-8f11147f6570,100000005,100000000,100000001,50.0,49.8,3,2026-04-25T13:15:52Z,2026-04-27T03:39:00Z,2026-04-27T04:29:58Z,2026-04-27T08:12:00Z,WB-000859,True,2026-04-25T12:44:00Z,1,2
0b56bd9b-3f60-42be-8338-bca8485e99b0,SHP-000860,426550e7-a87f-48cb-a3ae-20b0b795b8d4,b7b8c1a5-9a45-493d-b227-890e4e76833a,100000003,100000000,100000001,45.0,44.99,2,2024-07-27T13:23:02Z,2024-07-31T22:25:21Z,2024-07-31T23:26:37Z,2024-08-01T05:26:00Z,WB-000860,True,2024-07-27T13:03:00Z,1,2
6175e84a-672a-47a8-afa9-fd867771e2cd,SHP-000861,a5141316-1da3-4dca-96f1-fd64aab81180,71a3fad2-b094-4d2a-aaa9-3b436d15f16f,100000000,100000000,100000002,75.0,75.1,4,2024-10-02T13:36:24Z,2024-10-07T23:06:32Z,2024-10-08T00:57:23Z,2024-10-08T05:09:00Z,WB-000861,True,2024-10-02T10:32:00Z,1,2
726ebcb0-f68d-49ff-b427-88a2ae8cac12,SHP-000862,c9010ccb-0c7d-43be-8816-a769a27475a6,71a3fad2-b094-4d2a-aaa9-3b436d15f16f,100000000,100000000,100000000,70.0,70.06,3,2025-07-29T08:57:40Z,2025-07-31T05:53:37Z,2025-07-31T06:30:09Z,2025-07-31T12:58:00Z,WB-000862,True,2025-07-29T05:22:00Z,1,2
861c8bec-ed9f-4461-a76c-5caa3e743f92,SHP-000863,9fda3613-68c2-4b00-95c3-9e8864cf8d27,71a3fad2-b094-4d2a-aaa9-3b436d15f16f,100000000,100000000,100000000,20.0,19.95,1,2026-01-07T16:23:47Z,2026-01-10T03:13:01Z,2026-01-10T04:34:07Z,2026-01-10T09:30:00Z,WB-000863,True,2026-01-07T13:53:00Z,1,2
7f25fe03-bf00-431a-aa9e-78a874a9a30a,SHP-000864,864cf1e5-fe84-48a1-a981-98a8d653da94,9d66e815-5a41-43b3-a95f-176cdebac186,100000000,100000000,100000002,35.0,34.88,2,2025-11-17T13:41:35Z,2025-11-24T09:41:32Z,2025-11-24T10:30:35Z,2025-11-24T13:25:00Z,WB-000864,True,2025-11-17T11:19:00Z,1,2
e42b8dfd-5ce9-465d-b498-219f1f49c68a,SHP-000865,66c6791b-5cbe-4469-b956-a81eb4102544,9d66e815-5a41-43b3-a95f-176cdebac186,100000000,100000000,100000000,50.0,49.87,3,2026-06-25T11:36:58Z,2026-06-29T04:18:44Z,2026-06-29T05:49:37Z,2026-06-29T13:00:00Z,WB-000865,True,2026-06-25T09:50:00Z,1,2
ce4e4057-84dd-4708-8b01-e1e68c5914e5,SHP-000866,4ef60c52-fdfb-42b9-bd23-a169d99dff00,0eaf04b5-f2a9-4c8a-8a9e-4a62fae3114b,100000000,100000000,100000002,15.0,15.05,1,2024-10-05T15:34:02Z,2024-10-07T23:50:08Z,2024-10-08T01:33:52Z,2024-10-08T07:21:00Z,WB-000866,True,2024-10-05T13:28:00Z,1,2
1ddd1daa-651f-479b-8154-a9ca01433e73,SHP-000867,faff3419-fc24-4d9b-b5a6-aeff73a7bc99,0eaf04b5-f2a9-4c8a-8a9e-4a62fae3114b,100000000,100000001,100000001,45.0,44.86,2,2024-12-15T23:43:31Z,2024-12-18T04:49:53Z,2024-12-18T06:18:05Z,2024-12-18T11:16:00Z,WB-000867,True,2024-12-11T08:06:00Z,1,2
6b25aff6-130f-4a6b-ad26-15c906f385c3,SHP-000868,b0983b02-3a21-475b-8ec3-21ea47b7e442,0eaf04b5-f2a9-4c8a-8a9e-4a62fae3114b,100000000,100000000,100000000,30.0,30.11,2,2024-12-28T15:15:12Z,2025-01-01T03:26:19Z,2025-01-01T04:01:08Z,2025-01-01T11:47:00Z,WB-000868,True,2024-12-28T13:37:00Z,1,2
fe7ea5fc-78be-4008-8ddb-7c524b842f5f,SHP-000869,a5e8098b-d136-4d58-a263-7fe4217a6a51,0eaf04b5-f2a9-4c8a-8a9e-4a62fae3114b,100000000,100000000,100000000,40.0,40.08,2,2025-01-19T09:13:32Z,2025-01-20T22:35:17Z,2025-01-21T00:04:22Z,2025-01-21T04:59:00Z,WB-000869,True,2025-01-19T08:11:00Z,1,2
a651fafb-73f7-4bf0-a169-a46b6338f751,SHP-000870,b41d5a3d-f3fb-4964-9a15-45466c52fc9a,0eaf04b5-f2a9-4c8a-8a9e-4a62fae3114b,100000000,100000000,100000003,25.0,25.04,2,2025-04-23T14:09:16Z,2025-04-24T03:19:04Z,2025-04-24T05:05:33Z,2025-04-24T09:09:00Z,WB-000870,True,2025-04-23T11:07:00Z,1,2
4442bbe6-3d9c-4c3b-a69c-3f2230703cce,SHP-000871,50ee5ecc-63c8-4be8-8dd0-0e0697e235c3,0eaf04b5-f2a9-4c8a-8a9e-4a62fae3114b,100000000,100000001,100000001,80.0,80.05,4,2025-11-07T06:52:51Z,2025-11-08T01:15:06Z,2025-11-08T02:35:45Z,2025-11-08T07:42:00Z,WB-000871,True,2025-11-02T06:54:00Z,1,2
85d3042b-758a-4957-9194-4e4c2d1a06d6,SHP-000872,549f0377-7dcd-4822-8624-244317f1cde5,0eaf04b5-f2a9-4c8a-8a9e-4a62fae3114b,100000000,100000000,100000001,50.0,50.26,3,2025-11-22T15:23:44Z,2025-11-23T05:06:12Z,2025-11-23T07:00:17Z,2025-11-23T13:06:00Z,WB-000872,True,2025-11-22T13:12:00Z,1,2
55c45819-c65d-41e9-bfb3-37efa3c7aab8,SHP-000873,785b7b63-c047-40c5-9c8f-bc72eb0e549b,0eaf04b5-f2a9-4c8a-8a9e-4a62fae3114b,100000000,100000000,100000000,70.0,70.16,3,2025-11-19T11:39:25Z,2025-11-21T23:17:07Z,2025-11-21T23:45:39Z,2025-11-22T06:16:00Z,WB-000873,True,2025-11-19T11:36:00Z,1,2
312830ee-ad0e-46fa-9168-8b7f50f19eff,SHP-000874,2483c444-a5d6-417c-ae15-b9df8716198d,67fd64c4-a334-458a-abd2-b5121335e5db,100000001,100000000,100000001,215.0,214.91,9,2024-10-19T13:37:59Z,2024-10-23T01:39:36Z,2024-10-23T02:43:29Z,2024-10-23T06:08:00Z,WB-000874,True,2024-10-19T10:35:00Z,1,2
20e27f9e-35f2-4ac2-a73b-f4576a2362eb,SHP-000875,8eb78ba4-349b-4e4f-af75-043d939d4983,67fd64c4-a334-458a-abd2-b5121335e5db,100000001,100000001,100000000,340.0,340.8,15,2024-11-05T04:45:11Z,2024-11-05T20:21:17Z,2024-11-05T22:02:27Z,2024-11-06T04:40:00Z,WB-000875,True,2024-11-02T11:36:00Z,1,2
682d678a-36cf-4492-b588-3372b767aa90,SHP-000876,a6cf54b6-c02a-4540-a9c8-da0d7c54d0a3,67fd64c4-a334-458a-abd2-b5121335e5db,100000001,100000000,100000001,155.0,154.71,7,2024-10-22T06:54:51Z,2024-10-23T04:09:30Z,2024-10-23T04:53:12Z,2024-10-23T10:01:00Z,WB-000876,True,2024-10-22T06:46:00Z,1,2
37285eb1-e576-4b97-82e0-1c6d86eb48c2,SHP-000877,dbd67744-8596-4e52-a159-873c058142ee,67fd64c4-a334-458a-abd2-b5121335e5db,100000001,100000000,100000002,100.0,100.16,5,2024-12-01T12:25:34Z,2024-12-04T02:49:25Z,2024-12-04T03:17:16Z,2024-12-04T09:25:00Z,WB-000877,True,2024-12-01T12:01:00Z,1,2
d055c86b-d47d-4e0b-be71-eb6be150cb83,SHP-000878,ac04da65-053e-4769-9c62-36ffbdf4f36c,67fd64c4-a334-458a-abd2-b5121335e5db,100000001,100000000,100000000,84.5,84.42,4,2025-04-15T10:20:46Z,2025-04-20T02:14:05Z,2025-04-20T03:00:02Z,2025-04-20T09:02:00Z,WB-000878,True,2025-04-15T08:51:00Z,1,2
f4a04c97-edea-4d25-aa49-a4c344c8dfd9,SHP-000879,3ef763e2-be39-428e-b3f7-5a73e141ab38,67fd64c4-a334-458a-abd2-b5121335e5db,100000001,100000000,100000001,95.0,94.98,4,2025-08-07T09:15:27Z,2025-08-13T04:39:07Z,2025-08-13T05:30:10Z,2025-08-13T11:30:00Z,WB-000879,True,2025-08-07T09:19:00Z,1,2
9bce6073-61ad-4b4c-a416-1fb73243289d,SHP-000880,c445ba51-681b-4885-ba03-5fcb7513218c,67fd64c4-a334-458a-abd2-b5121335e5db,100000001,100000000,100000000,165.0,165.42,7,2025-08-27T14:15:13Z,2025-08-31T00:14:44Z,2025-08-31T01:45:38Z,2025-08-31T05:29:00Z,WB-000880,True,2025-08-27T13:59:00Z,1,2
796d2729-3d2f-4f1a-ac75-d95a211855f0,SHP-000881,86c819ee-1393-4110-8568-31e0fe403806,67fd64c4-a334-458a-abd2-b5121335e5db,100000001,100000000,100000003,90.0,90.03,4,2026-01-28T15:06:50Z,2026-01-29T02:17:55Z,2026-01-29T03:17:30Z,2026-01-29T10:13:00Z,WB-000881,True,2026-01-28T13:05:00Z,1,2
8da77b3c-9a42-4c3d-8e8e-a67b65121a4e,SHP-000882,621e7e06-ffc9-4ae4-a173-45dba9982f35,67fd64c4-a334-458a-abd2-b5121335e5db,100000001,100000001,100000000,170.0,169.62,8,2026-02-10T18:07:50Z,2026-02-11T05:55:19Z,2026-02-11T07:21:18Z,2026-02-11T12:43:00Z,WB-000882,True,2026-02-08T07:51:00Z,1,2
3d302a41-687c-4f7e-af16-a9ca19e01627,SHP-000883,4c233b2a-ceff-4378-9763-7103a5e542e5,67fd64c4-a334-458a-abd2-b5121335e5db,100000001,100000000,100000000,170.0,170.01,8,2026-02-21T08:40:23Z,2026-02-28T05:50:55Z,2026-02-28T06:50:24Z,2026-02-28T12:47:00Z,WB-000883,True,2026-02-21T08:32:00Z,1,2
d74ff160-cfe4-47f8-928f-517e81a72c55,SHP-000884,6cddd7a5-f40d-409a-9667-e0b19d55e411,67fd64c4-a334-458a-abd2-b5121335e5db,100000001,100000001,100000000,205.0,205.45,9,2026-03-11T23:17:09Z,2026-03-14T02:40:56Z,2026-03-14T04:34:00Z,2026-03-14T09:22:00Z,WB-000884,True,2026-03-08T13:27:00Z,1,2
b151a81b-9a2b-4f5a-be23-1c23758ba88a,SHP-000885,9d2c98bd-15bd-4b80-af0d-ce9da002cb32,67fd64c4-a334-458a-abd2-b5121335e5db,100000001,100000001,100000002,335.0,335.1,14,2026-04-11T22:56:39Z,2026-04-12T23:15:37Z,2026-04-13T00:14:28Z,2026-04-13T07:53:00Z,WB-000885,True,2026-04-07T09:27:00Z,1,2
d96f4f39-5820-4690-8754-58cca8371ec7,SHP-000886,1c07276d-ffe9-43ca-bd3f-94c60e8099eb,67fd64c4-a334-458a-abd2-b5121335e5db,100000001,100000001,100000002,135.0,135.61,6,2026-06-07T13:43:59Z,2026-06-08T01:52:55Z,2026-06-08T02:55:26Z,2026-06-08T08:40:00Z,WB-000886,False,2026-06-04T06:28:00Z,1,2
23944be0-4cb6-4820-a09d-5b7f4fb25a47,SHP-000887,0dad4310-761c-400e-863e-44552b6fc12b,bff9507d-cd14-403e-8359-9af65d01f55f,100000003,100000000,100000000,45.0,45.02,2,2024-11-03T09:33:07Z,2024-11-06T04:41:13Z,2024-11-06T05:06:08Z,2024-11-06T08:43:00Z,WB-000887,True,2024-11-03T09:55:00Z,1,2
4175f90e-fcec-4509-b7d6-812b375f92f9,SHP-000888,d9ea4434-cd77-40df-9f7f-83a831df4fcf,bff9507d-cd14-403e-8359-9af65d01f55f,100000003,100000000,100000001,75.0,75.04,4,2024-12-01T13:25:18Z,2024-12-04T03:47:32Z,2024-12-04T04:19:00Z,2024-12-04T11:21:00Z,WB-000888,True,2024-12-01T11:14:00Z,1,2
f5c6fde9-e864-4a1a-ac4f-e7ce9d5db04e,SHP-000889,92250b36-bae7-4a39-ad16-277052d2c69c,bff9507d-cd14-403e-8359-9af65d01f55f,100000003,100000000,100000000,350.0,351.1,15,2025-05-13T11:51:47Z,2025-05-15T00:47:17Z,2025-05-15T01:38:53Z,2025-05-15T07:51:00Z,WB-000889,True,2025-05-13T10:54:00Z,1,2
81228590-13ba-46c0-852c-688690c4f9b7,SHP-000890,9ad4ab4a-0d26-4e5e-82e3-9630d39da63e,bff9507d-cd14-403e-8359-9af65d01f55f,100000003,100000001,100000000,35.0,35.04,2,2026-03-05T11:47:53Z,2026-03-06T23:07:50Z,2026-03-07T01:02:43Z,2026-03-07T08:15:00Z,WB-000890,True,2026-03-02T10:57:00Z,1,2
f0c1c181-fe2c-47cb-8892-c13520cbceb1,SHP-000891,48f9f22d-7e24-4360-9f75-73e1024d3662,07f8d4f0-f3ea-4184-a8f4-e3ceadedda80,100000000,100000000,100000000,40.0,39.91,2,2025-02-09T08:25:52Z,2025-02-11T05:11:21Z,2025-02-11T06:31:58Z,2025-02-11T12:09:00Z,WB-000891,True,2025-02-09T07:27:00Z,1,2
63ca0110-cdac-4cc9-bcbf-1389eedd33bb,SHP-000892,ef464e55-1946-41c6-9cbb-95b12e2e7ad5,07f8d4f0-f3ea-4184-a8f4-e3ceadedda80,100000000,100000000,100000001,50.0,50.09,3,2025-04-26T11:02:30Z,2025-04-27T22:59:32Z,2025-04-28T00:49:00Z,2025-04-28T06:08:00Z,WB-000892,True,2025-04-26T11:27:00Z,1,2
cf1c04a3-201a-408f-a57a-2cfe686da90a,SHP-000893,f3bf1db3-0bc5-486f-90be-db84526a523e,07f8d4f0-f3ea-4184-a8f4-e3ceadedda80,100000000,100000000,100000002,70.0,70.05,3,2025-04-26T11:29:59Z,2025-05-01T00:19:35Z,2025-05-01T01:23:37Z,2025-05-01T05:56:00Z,WB-000893,True,2025-04-26T09:18:00Z,1,2
d1c010e8-b105-4dbc-87e8-7624b9ed7da7,SHP-000894,6d747028-5523-457b-abb9-bb8bc914a60a,07f8d4f0-f3ea-4184-a8f4-e3ceadedda80,100000000,100000000,100000002,45.0,45.07,2,2026-05-31T10:02:36Z,2026-06-07T06:31:17Z,2026-06-07T08:15:17Z,2026-06-07T12:16:00Z,WB-000894,True,2026-05-31T08:53:00Z,1,2
da823b1a-da2f-4e4e-9282-2835cb37a1a2,SHP-000895,c8368e05-2063-4b97-b437-2b0c3ea4da88,ad973b67-9b89-45cb-9942-644c248d31ec,100000000,100000000,100000001,80.0,79.5,4,2024-08-03T06:45:47Z,2024-08-06T19:55:02Z,2024-08-06T21:51:47Z,2024-08-07T05:45:00Z,WB-000895,True,2024-08-03T05:07:00Z,1,2
093d2055-5be7-4001-8e75-29ee2bbe70d5,SHP-000896,2fe496df-a86c-4d24-879d-edd75fe6075d,ad973b67-9b89-45cb-9942-644c248d31ec,100000000,100000000,100000002,35.0,35.04,2,2025-05-12T07:32:02Z,2025-05-16T22:20:49Z,2025-05-16T23:35:38Z,2025-05-17T04:54:00Z,WB-000896,True,2025-05-12T06:16:00Z,1,2
937c6d99-3fc4-4350-be9a-d529cf05f8fb,SHP-000897,6440bad2-098f-4851-be35-e9a4224c4b90,ad973b67-9b89-45cb-9942-644c248d31ec,100000000,100000000,100000000,55.0,54.99,3,2025-09-30T10:56:13Z,2025-10-03T23:02:29Z,2025-10-03T23:43:02Z,2025-10-04T07:32:00Z,WB-000897,True,2025-09-30T08:33:00Z,1,2
a7eecd5a-9e7a-4997-9b86-47a8d46da621,SHP-000898,f3df01ed-2889-41f1-b3b1-cd684261423b,20509c62-08e8-45d7-b02c-1821c8040fb7,100000004,100000000,100000000,295.0,295.72,13,2024-10-26T07:12:02Z,2024-11-02T01:03:20Z,2024-11-02T02:45:15Z,2024-11-02T08:33:00Z,WB-000898,True,2024-10-26T05:21:00Z,1,2
6ece6c8b-88e4-46b5-8148-d95c5e0fd61c,SHP-000899,f582d615-9cc7-4eae-a883-b3c450c0de8f,20509c62-08e8-45d7-b02c-1821c8040fb7,100000004,100000000,100000001,95.0,95.04,4,2025-01-04T12:36:17Z,2025-01-08T06:38:38Z,2025-01-08T07:16:09Z,2025-01-08T13:14:00Z,WB-000899,True,2025-01-04T10:57:00Z,1,2
1a80f46b-a41b-4019-843f-8bac91133e45,SHP-000900,c83522c7-9d2a-4191-835b-21cfa9982ba6,20509c62-08e8-45d7-b02c-1821c8040fb7,100000004,100000001,100000000,150.0,150.71,7,2025-01-30T04:33:08Z,2025-01-31T21:43:36Z,2025-01-31T23:30:34Z,2025-02-01T05:24:00Z,WB-000900,True,2025-01-27T07:27:00Z,1,2
f66c2ef5-56be-4eea-8e5b-76361b520bf0,SHP-000901,c874ea7a-e9c6-4705-8c41-ee850f2ace81,20509c62-08e8-45d7-b02c-1821c8040fb7,100000004,100000001,100000000,155.0,154.54,7,2026-02-19T09:03:15Z,2026-02-21T02:15:40Z,2026-02-21T02:39:54Z,2026-02-21T09:10:00Z,WB-000901,True,2026-02-14T12:07:00Z,1,2
5fad7b2e-c5d2-4c5a-9444-46c86ebf4eed,SHP-000902,e7c82a4c-3ecf-456c-a514-8ccbebc2b0e7,20509c62-08e8-45d7-b02c-1821c8040fb7,100000004,100000001,100000002,160.0,160.38,7,2026-03-29T02:53:25Z,2026-03-29T23:45:14Z,2026-03-30T00:18:06Z,2026-03-30T08:54:00Z,WB-000902,True,2026-03-26T13:05:00Z,1,2
5443f4be-3235-455b-a26b-72a6af57313e,SHP-000903,7913ca3e-3735-4f32-ae5e-4244d1b6c573,a52964ff-c74c-4890-bc6a-3174113634a5,100000001,100000000,100000000,165.0,164.88,7,2024-07-31T13:20:44Z,2024-08-06T00:13:35Z,2024-08-06T01:41:25Z,2024-08-06T09:22:00Z,WB-000903,True,2024-07-31T11:52:00Z,1,2
b22e2f62-2151-4b84-b2b1-3825254fce04,SHP-000904,1b1ab126-a7ca-4879-ad7b-a4b85d4cbc6d,a52964ff-c74c-4890-bc6a-3174113634a5,100000001,100000000,100000000,50.0,50.01,3,2024-09-14T09:18:14Z,2024-09-16T01:19:37Z,2024-09-16T03:16:56Z,2024-09-16T08:02:00Z,WB-000904,True,2024-09-14T09:29:00Z,1,2
b5fce029-4def-4d28-a0ee-edcac193dd06,SHP-000905,164244c1-52a7-466a-832f-d31747aa2dca,a52964ff-c74c-4890-bc6a-3174113634a5,100000001,100000000,100000002,180.0,179.99,8,2024-11-24T09:07:06Z,2024-11-25T05:50:37Z,2024-11-25T06:48:40Z,2024-11-25T10:38:00Z,WB-000905,True,2024-11-24T08:01:00Z,1,2
76e8f3ec-d4ad-4bd2-b0cd-cb089e2250aa,SHP-000906,ea48071d-b115-4b1b-96c6-8791ad178d70,a52964ff-c74c-4890-bc6a-3174113634a5,100000001,100000000,100000002,55.0,55.09,3,2025-06-28T16:04:54Z,2025-06-29T06:39:38Z,2025-06-29T07:20:40Z,2025-06-29T12:51:00Z,WB-000906,True,2025-06-28T13:29:00Z,1,2
12349769-bdac-4b78-b6cf-fa839e196314,SHP-000907,2072f096-f83b-4c46-a6dc-f05dafa559e0,a52964ff-c74c-4890-bc6a-3174113634a5,100000001,100000000,100000001,115.0,115.02,5,2025-07-08T14:49:04Z,2025-07-14T22:44:16Z,2025-07-15T00:25:02Z,2025-07-15T06:57:00Z,WB-000907,True,2025-07-08T12:49:00Z,1,2
e8028199-9efd-427b-933b-ae50f31d5b5c,SHP-000908,a752c5bd-0b20-4ddc-a049-70bcb3ee1a69,a52964ff-c74c-4890-bc6a-3174113634a5,100000001,100000001,100000002,190.0,189.55,8,2025-07-21T14:56:02Z,2025-07-22T23:28:07Z,2025-07-23T01:02:54Z,2025-07-23T07:57:00Z,WB-000908,True,2025-07-17T06:52:00Z,1,2
e2fe9293-54b8-4ee2-913e-a665cd4c2f88,SHP-000909,34a58acf-9d7b-4492-8942-f445c7b8d46a,a52964ff-c74c-4890-bc6a-3174113634a5,100000001,100000000,100000000,80.0,79.82,4,2026-01-01T08:29:57Z,2026-01-02T23:54:07Z,2026-01-03T01:22:05Z,2026-01-03T04:58:00Z,WB-000909,True,2026-01-01T08:33:00Z,1,2
2215b4b6-afc4-4d48-869a-35e8cd9d1d94,SHP-000910,7c81d1e7-c3c7-4d6b-a7b6-3d0a8411cbe9,a52964ff-c74c-4890-bc6a-3174113634a5,100000001,100000000,100000000,70.0,69.81,3,2026-02-28T09:05:41Z,2026-03-07T04:38:07Z,2026-03-07T05:06:13Z,2026-03-07T10:05:00Z,WB-000910,False,2026-02-28T05:37:00Z,1,2
57d5192c-46ba-4cf5-bd3d-47235546d4e2,SHP-000911,12ed2fcf-46ae-4f4d-be72-762e0aa68596,a52964ff-c74c-4890-bc6a-3174113634a5,100000001,100000000,100000000,120.0,120.27,5,2026-02-14T11:29:13Z,2026-02-15T02:40:51Z,2026-02-15T03:17:45Z,2026-02-15T08:41:00Z,WB-000911,True,2026-02-14T11:03:00Z,1,2
892850ee-30af-47aa-ade9-288127ac099a,SHP-000912,0355823e-e934-4c65-a161-c0510e725f69,a52964ff-c74c-4890-bc6a-3174113634a5,100000001,100000000,100000000,105.0,105.51,5,2026-03-16T09:10:07Z,2026-03-23T08:33:47Z,2026-03-23T09:22:04Z,2026-03-23T12:48:00Z,WB-000912,True,2026-03-16T07:52:00Z,1,2
e6056ac0-7248-42a5-9fb0-9a66c7861a35,SHP-000913,7a62320f-5190-4ec4-8e20-71f66ff84f4b,a52964ff-c74c-4890-bc6a-3174113634a5,100000001,100000000,100000000,70.0,70.11,3,2026-05-09T07:28:48Z,2026-05-16T03:04:56Z,2026-05-16T03:56:27Z,2026-05-16T09:00:00Z,WB-000913,True,2026-05-09T07:13:00Z,1,2
a0d59b25-ef51-43b1-b932-7e2e26de3d74,SHP-000914,10667c79-2f28-4148-9ffe-33283997a0f4,f31046dc-6202-4ee6-9cb5-e69c5dc7b3e6,100000000,100000000,100000000,40.0,39.97,2,2024-09-19T11:44:27Z,2024-09-21T01:34:29Z,2024-09-21T02:44:10Z,2024-09-21T07:27:00Z,WB-000914,True,2024-09-19T11:28:00Z,1,2
1c166984-16b3-4d0f-9bf8-31a8ea3d5e3e,SHP-000915,c9b21387-c608-40e2-b027-88a89af6c0aa,f31046dc-6202-4ee6-9cb5-e69c5dc7b3e6,100000000,100000000,100000000,70.0,69.99,3,2024-11-07T12:39:26Z,2024-11-13T00:58:03Z,2024-11-13T02:41:18Z,2024-11-13T07:31:00Z,WB-000915,True,2024-11-07T09:04:00Z,1,2
7897fad0-9c4b-4324-9cb6-aec2303ed5b0,SHP-000916,8337862e-5611-46fd-a742-d38342042ba3,f31046dc-6202-4ee6-9cb5-e69c5dc7b3e6,100000000,100000000,100000000,30.0,29.99,2,2025-03-04T09:42:54Z,2025-03-11T07:49:28Z,2025-03-11T08:19:59Z,2025-03-11T11:21:00Z,WB-000916,True,2025-03-04T09:04:00Z,1,2
ab5d90e8-0ff3-43d1-9ed9-b2f9ad2fc22c,SHP-000917,a2c50df4-4bba-43f5-8c6e-54b7dc76280d,f31046dc-6202-4ee6-9cb5-e69c5dc7b3e6,100000000,100000000,100000000,50.0,50.1,3,2025-09-18T06:58:34Z,2025-09-23T03:26:58Z,2025-09-23T05:25:50Z,2025-09-23T09:18:00Z,WB-000917,True,2025-09-18T05:32:00Z,1,2
df92eb54-7d03-4e29-aa2a-9e9408e32eea,SHP-000918,5d0dd068-261a-41ee-866e-994194b349ca,f31046dc-6202-4ee6-9cb5-e69c5dc7b3e6,100000000,100000000,100000002,15.0,15.03,1,2025-10-23T13:25:36Z,2025-10-28T07:24:59Z,2025-10-28T08:51:57Z,2025-10-28T12:58:00Z,WB-000918,True,2025-10-23T11:07:00Z,1,2
6ab0f9dc-30ea-46d8-bfc8-aaddeae51dd8,SHP-000919,8fab0b3f-9d7a-4b84-b38c-22e40a62ef80,f31046dc-6202-4ee6-9cb5-e69c5dc7b3e6,100000000,100000000,100000000,45.0,45.13,2,2026-02-14T06:05:30Z,2026-02-21T00:44:51Z,2026-02-21T02:33:26Z,2026-02-21T06:14:00Z,WB-000919,True,2026-02-14T06:37:00Z,1,2
bb95ead4-c04a-461e-9293-430a2c3aa6f4,SHP-000920,1cbfc72b-3792-4543-81c5-f1503273d7ee,f31046dc-6202-4ee6-9cb5-e69c5dc7b3e6,100000000,100000000,100000001,40.0,39.96,2,2026-05-23T08:22:50Z,2026-05-24T02:21:38Z,2026-05-24T04:05:57Z,2026-05-24T07:27:00Z,WB-000920,True,2026-05-23T05:20:00Z,1,2
5cea8945-feb5-4485-9658-4b4494e16177,SHP-000921,e1f176b0-df39-40c9-8a63-447c16fd8ca0,2747b93c-9ae7-4eab-884a-67809136f1f8,100000000,100000000,100000000,20.0,20.04,1,2024-10-22T09:09:17Z,2024-10-29T01:11:56Z,2024-10-29T01:44:22Z,2024-10-29T06:47:00Z,WB-000921,True,2024-10-22T06:20:00Z,1,2
a7d057e2-8936-4341-b8d5-a4ca4c3a2013,SHP-000922,cd2c7045-b9d6-496d-b37a-f92a611d5114,2747b93c-9ae7-4eab-884a-67809136f1f8,100000000,100000000,100000000,45.0,45.11,2,2024-12-29T11:23:31Z,2025-01-04T20:43:49Z,2025-01-04T21:27:24Z,2025-01-05T05:43:00Z,WB-000922,True,2024-12-29T08:47:00Z,1,2
fe086246-377b-4355-b2da-42f97d7f15ae,SHP-000923,683566ff-0b5d-49f0-96b5-9f7611d9ab67,2747b93c-9ae7-4eab-884a-67809136f1f8,100000000,100000000,100000000,50.0,49.97,3,2025-04-24T13:29:35Z,2025-04-25T21:35:55Z,2025-04-25T23:32:56Z,2025-04-26T06:32:00Z,WB-000923,True,2025-04-24T11:26:00Z,1,2
499a0eb6-9ee6-4c3c-bd6a-d070f762cc60,SHP-000924,2dcced0a-b9d0-43a9-9824-4af28d92753a,2747b93c-9ae7-4eab-884a-67809136f1f8,100000000,100000000,100000000,35.0,35.0,2,2025-05-14T12:42:35Z,2025-05-19T00:23:54Z,2025-05-19T01:57:43Z,2025-05-19T09:02:00Z,WB-000924,True,2025-05-14T10:43:00Z,1,2
db3f0547-ec82-48bb-ae25-bc6bbeaa812d,SHP-000925,d90c4f01-9db1-4951-b235-70b080b61959,2747b93c-9ae7-4eab-884a-67809136f1f8,100000000,100000001,100000000,20.0,19.97,1,2025-09-29T01:20:54Z,2025-10-01T02:26:24Z,2025-10-01T03:15:54Z,2025-10-01T08:27:00Z,WB-000925,True,2025-09-25T09:05:00Z,1,2
3fb9d7ad-4bcc-48b9-a51d-0c53f4c047ff,SHP-000926,b0e36229-dd10-4e08-b59a-11b91838843b,5ef787b8-f2e6-495f-b32e-2016add702c9,100000005,100000000,100000000,705.0,703.62,30,2025-12-06T11:29:15Z,2025-12-07T02:16:48Z,2025-12-07T02:51:47Z,2025-12-07T07:33:00Z,WB-000926,True,2025-12-06T11:32:00Z,1,2
c31fed6b-b785-4a48-8387-11b316508a3d,SHP-000927,f871d3da-6445-4621-88d0-6e9d2b26b588,5ef787b8-f2e6-495f-b32e-2016add702c9,100000005,100000001,100000001,260.0,259.45,11,2026-06-25T08:54:44Z,2026-06-27T03:44:25Z,2026-06-27T05:34:53Z,2026-06-27T10:54:00Z,WB-000927,True,2026-06-20T09:28:00Z,1,2
e6998d9c-0731-49e6-b3e3-51718730a756,SHP-000928,cfa3f73f-4a23-4f50-a3e8-09ec783d60df,13aec376-c359-410a-b1a6-014c5f3c44dc,100000000,100000000,100000000,85.0,85.16,4,2024-09-07T05:38:21Z,2024-09-14T02:04:07Z,2024-09-14T02:52:14Z,2024-09-14T08:00:00Z,WB-000928,True,2024-09-07T05:22:00Z,1,2
46fab97e-6721-4b1f-aed2-3782b8626f35,SHP-000929,f16caca7-d1f8-42ec-b5d6-27afc3a1a649,13aec376-c359-410a-b1a6-014c5f3c44dc,100000000,100000000,100000000,125.0,124.47,6,2024-10-07T13:41:53Z,2024-10-08T00:20:40Z,2024-10-08T01:10:59Z,2024-10-08T05:14:00Z,WB-000929,True,2024-10-07T10:26:00Z,1,2
b767fe94-ea1a-4e9b-b5d1-b0d6644737dc,SHP-000930,6e615958-314d-4f01-9987-f9f281fc9f0e,13aec376-c359-410a-b1a6-014c5f3c44dc,100000000,100000000,100000000,45.0,44.91,2,2024-10-09T11:02:36Z,2024-10-12T03:27:31Z,2024-10-12T05:27:27Z,2024-10-12T10:08:00Z,WB-000930,True,2024-10-09T08:19:00Z,1,2
885a6af8-c2fd-431f-8314-7b8673d8551a,SHP-000931,a9e14d68-a40b-4b38-a4c7-6597cd26b6c8,13aec376-c359-410a-b1a6-014c5f3c44dc,100000000,100000000,100000001,40.0,39.85,2,2024-11-16T09:10:21Z,2024-11-17T02:52:28Z,2024-11-17T04:01:05Z,2024-11-17T10:35:00Z,WB-000931,True,2024-11-16T09:19:00Z,1,2
fcc2860c-de63-430e-aae5-6d1215eff452,SHP-000932,9d0c3c68-6516-407b-b743-cd9c5a5551f5,5df06e8c-878a-4ed9-a33f-fc8292ec89af,100000000,100000001,100000001,120.0,119.8,5,2024-10-16T05:07:17Z,2024-10-17T04:43:01Z,2024-10-17T06:37:41Z,2024-10-17T09:50:00Z,WB-000932,True,2024-10-14T09:12:00Z,1,2
5725bee7-e419-4fad-86b1-d5aa83475b9d,SHP-000933,0e84b493-bf9c-4673-a5b0-e7a7d9c57eed,5df06e8c-878a-4ed9-a33f-fc8292ec89af,100000000,100000001,100000000,130.0,130.38,6,2024-12-01T00:11:42Z,2024-12-02T04:32:36Z,2024-12-02T06:23:28Z,2024-12-02T11:41:00Z,WB-000933,True,2024-11-25T10:01:00Z,1,2
f39aaf7b-9272-4bb3-9039-f8cb62e11d0e,SHP-000934,fdbeccd2-13b5-46eb-b41b-ca37d9f94c01,5df06e8c-878a-4ed9-a33f-fc8292ec89af,100000000,100000001,100000002,245.0,245.53,11,2025-01-17T06:54:04Z,2025-01-17T23:10:08Z,2025-01-18T00:08:12Z,2025-01-18T05:47:00Z,WB-000934,True,2025-01-13T13:18:00Z,1,2
9a639e26-f0b7-4cd4-8554-c2e02a74494b,SHP-000935,786ccec1-7049-4e66-b69a-04f8b58d3640,5df06e8c-878a-4ed9-a33f-fc8292ec89af,100000000,100000000,100000000,170.0,169.28,8,2025-01-29T13:31:43Z,2025-01-30T04:07:06Z,2025-01-30T05:44:45Z,2025-01-30T12:28:00Z,WB-000935,True,2025-01-29T12:51:00Z,1,2
9e22009c-fec8-44b2-8c6d-82e5d5d64ca3,SHP-000936,64417590-9793-4c9d-bfc0-6a5dbf810bac,5df06e8c-878a-4ed9-a33f-fc8292ec89af,100000000,100000000,100000000,30.0,30.02,2,2025-05-04T16:39:27Z,2025-05-07T04:07:13Z,2025-05-07T05:37:23Z,2025-05-07T09:49:00Z,WB-000936,True,2025-05-04T13:13:00Z,1,2
09c35114-6df2-4d65-9f3f-72df1beb46af,SHP-000937,e4b39d3b-98da-43d5-81af-a603da0808ab,5df06e8c-878a-4ed9-a33f-fc8292ec89af,100000000,100000000,100000002,250.0,250.2,11,2025-04-20T15:32:59Z,2025-04-26T02:17:17Z,2025-04-26T03:44:17Z,2025-04-26T07:20:00Z,WB-000937,True,2025-04-20T12:01:00Z,1,2
537ffa88-e449-41bf-b18a-a949fdc55189,SHP-000938,2608296a-66ab-46a1-9839-6154b69cfabc,5df06e8c-878a-4ed9-a33f-fc8292ec89af,100000000,100000001,100000002,310.0,309.39,13,2025-04-22T15:00:48Z,2025-04-24T02:51:55Z,2025-04-24T04:45:49Z,2025-04-24T10:23:00Z,WB-000938,True,2025-04-19T12:04:00Z,1,2
6680662e-6d18-459e-a432-026dc8b42c85,SHP-000939,6f9feea4-e6be-40f6-bc35-ec7b508c7083,4758367b-a649-4cdc-907b-907265e58f34,100000000,100000000,100000000,110.0,110.41,5,2025-12-04T09:11:29Z,2025-12-07T22:12:46Z,2025-12-07T23:47:29Z,2025-12-08T05:44:00Z,WB-000939,True,2025-12-04T09:34:00Z,1,2
7f05c17a-94e5-4162-adee-00b6fdc0d34a,SHP-000940,47f90b3c-ceab-4026-ba56-bcaba9858e73,4758367b-a649-4cdc-907b-907265e58f34,100000000,100000000,100000001,345.0,345.05,15,2026-06-22T14:51:00Z,2026-06-28T01:53:28Z,2026-06-28T03:17:21Z,2026-06-28T11:18:00Z,WB-000940,True,2026-06-22T13:49:00Z,1,2
f20f4eea-1aa2-4e2d-8c83-b7bed1a4ee5b,SHP-000941,0c096bcf-54c6-410e-a926-d07091ddce0b,06a241af-1d0a-47f7-b5e4-a4713fe68c9c,100000000,100000000,100000001,75.0,75.12,4,2025-02-02T08:53:36Z,2025-02-08T02:30:42Z,2025-02-08T04:04:09Z,2025-02-08T08:20:00Z,WB-000941,True,2025-02-02T07:53:00Z,1,2
815efc31-bddc-4507-beec-bdebc9211f84,SHP-000942,b5ddaf31-f485-48d8-a161-e8166357bce6,06a241af-1d0a-47f7-b5e4-a4713fe68c9c,100000000,100000000,100000000,50.0,50.14,3,2025-07-27T07:42:57Z,2025-08-03T05:52:51Z,2025-08-03T06:46:42Z,2025-08-03T12:10:00Z,WB-000942,True,2025-07-27T07:46:00Z,1,2
187f3def-2e1c-4505-b075-372307ea2faf,SHP-000943,0a106750-15fa-4a85-bf70-085d0cc3eecc,06a241af-1d0a-47f7-b5e4-a4713fe68c9c,100000000,100000001,100000000,55.0,55.15,3,2025-08-18T01:30:36Z,2025-08-20T04:23:42Z,2025-08-20T04:48:45Z,2025-08-20T09:53:00Z,WB-000943,True,2025-08-13T10:45:00Z,1,2
4e35f67c-c2f9-419c-9ccd-72d689e3c943,SHP-000944,6ea4c5a6-5373-4c17-a4b3-6dbf087478c9,1e2595b8-8fc9-486b-a9dd-ebf563119aca,100000002,100000000,100000000,125.0,124.23,6,2024-08-07T05:45:53Z,2024-08-10T05:02:16Z,2024-08-10T06:06:52Z,2024-08-10T11:44:00Z,WB-000944,True,2024-08-07T05:27:00Z,1,2
c2e00e83-a57f-40dc-82fc-0322e3a9d9ec,SHP-000945,2551194c-5a82-4181-ab32-37020c73d644,1e2595b8-8fc9-486b-a9dd-ebf563119aca,100000002,100000000,100000000,65.0,65.02,3,2025-02-15T06:31:47Z,2025-02-19T02:01:42Z,2025-02-19T02:49:53Z,2025-02-19T07:13:00Z,WB-000945,True,2025-02-15T05:58:00Z,1,2
fc64d487-b79c-4f81-aede-ea098dc8013d,SHP-000946,5d44f0ba-3e6b-4041-9e7f-b33e418ffb6a,1e2595b8-8fc9-486b-a9dd-ebf563119aca,100000002,100000000,100000000,185.0,185.16,8,2025-03-29T13:01:33Z,2025-04-01T02:33:30Z,2025-04-01T03:37:49Z,2025-04-01T12:56:00Z,WB-000946,True,2025-03-29T11:24:00Z,1,2
ac6d4546-52a0-4876-9312-54ebaa618fde,SHP-000947,b4c38f5f-f531-4eec-9c33-b21cad6c62c8,1e2595b8-8fc9-486b-a9dd-ebf563119aca,100000002,100000000,100000000,250.0,252.2,11,2025-06-02T10:32:13Z,2025-06-04T23:27:52Z,2025-06-05T00:22:41Z,2025-06-05T06:39:00Z,WB-000947,True,2025-06-02T08:57:00Z,1,2
dacd0a29-140c-427d-8580-8d3ccf1f7527,SHP-000948,ac29187a-5000-4730-ba5c-687db2fba555,1e2595b8-8fc9-486b-a9dd-ebf563119aca,100000002,100000000,100000001,90.0,90.63,4,2026-03-28T16:53:14Z,2026-04-04T01:23:40Z,2026-04-04T02:30:57Z,2026-04-04T07:51:00Z,WB-000948,True,2026-03-28T13:47:00Z,1,2
99360885-e298-440a-ba57-687ec9e28dbe,SHP-000949,09e6fe60-389d-4cfe-91cd-9fccb1684438,1e2595b8-8fc9-486b-a9dd-ebf563119aca,100000002,100000000,100000002,90.0,89.97,4,2026-04-07T10:23:36Z,2026-04-07T20:00:26Z,2026-04-07T21:29:56Z,2026-04-08T05:26:00Z,WB-000949,True,2026-04-07T10:26:00Z,1,2
69b602f9-53aa-4cc0-baf6-3a951fd5bcce,SHP-000950,d5129ca0-f30f-461c-9786-86e2a43c3682,1e2595b8-8fc9-486b-a9dd-ebf563119aca,100000002,100000000,100000001,135.0,134.78,6,2026-05-17T09:05:34Z,2026-05-22T23:22:01Z,2026-05-23T00:35:06Z,2026-05-23T05:45:00Z,WB-000950,True,2026-05-17T05:53:00Z,1,2
9af01b8d-8774-4a4c-888d-ea4f8b079d88,SHP-000951,62e737db-c299-48ba-b92f-0b231eb8a109,b43bd27f-42a2-49a6-8664-12854303cbc1,100000000,100000000,100000000,55.0,54.86,3,2024-07-23T09:26:49Z,2024-07-29T23:24:57Z,2024-07-29T23:56:00Z,2024-07-30T04:33:00Z,WB-000951,True,2024-07-23T06:31:00Z,1,2
1db76696-96e1-4c10-8c64-ff1963bbed99,SHP-000952,2586fdeb-3c30-4141-93c0-9e38e0146d1e,b43bd27f-42a2-49a6-8664-12854303cbc1,100000000,100000001,100000002,25.0,24.91,2,2024-11-29T23:42:23Z,2024-12-01T03:25:22Z,2024-12-01T04:05:03Z,2024-12-01T08:44:00Z,WB-000952,True,2024-11-27T08:52:00Z,1,2
95f443a0-1516-452a-a13f-bf12c79d1685,SHP-000953,3ba19838-e806-4a5d-b946-4668116d9582,b43bd27f-42a2-49a6-8664-12854303cbc1,100000000,100000000,100000000,80.0,80.05,4,2025-05-14T08:39:14Z,2025-05-17T04:51:55Z,2025-05-17T05:41:30Z,2025-05-17T10:02:00Z,WB-000953,True,2025-05-14T06:15:00Z,1,2
f7a98ed3-c9fd-4cfe-90aa-401feb4b32aa,SHP-000954,ac071929-63c4-4c7b-b770-2dfe7ce1bed4,b43bd27f-42a2-49a6-8664-12854303cbc1,100000000,100000000,100000000,105.0,104.3,5,2025-06-21T09:00:02Z,2025-06-28T03:34:40Z,2025-06-28T04:37:43Z,2025-06-28T09:45:00Z,WB-000954,True,2025-06-21T08:31:00Z,1,2
2f32a36e-2da1-4e94-a042-19cf09bf6767,SHP-000955,ca8f1a6f-cce0-4872-b765-c78f6104f9ec,b43bd27f-42a2-49a6-8664-12854303cbc1,100000000,100000000,100000000,40.0,39.95,2,2025-09-04T09:12:13Z,2025-09-08T00:48:32Z,2025-09-08T02:16:25Z,2025-09-08T07:25:00Z,WB-000955,True,2025-09-04T07:53:00Z,1,2
9cff9c85-001c-4bcd-b1af-dea67f7bd697,SHP-000956,ebfb1609-0fdc-4f1e-b693-a32d9dc3348e,b43bd27f-42a2-49a6-8664-12854303cbc1,100000000,100000001,100000000,55.0,55.05,3,2026-01-16T02:29:04Z,2026-01-17T03:35:46Z,2026-01-17T04:01:33Z,2026-01-17T08:51:00Z,WB-000956,True,2026-01-14T05:42:00Z,1,2
970b6f6b-0853-4e7c-b0b8-ac7e57011f88,SHP-000957,47219b6b-cc6a-4b4d-9b08-daf8309177ce,b43bd27f-42a2-49a6-8664-12854303cbc1,100000000,100000000,100000000,25.0,24.99,2,2026-03-03T14:58:39Z,2026-03-07T01:46:06Z,2026-03-07T03:03:23Z,2026-03-07T10:17:00Z,WB-000957,True,2026-03-03T13:42:00Z,1,2
1bb2b8f2-5241-452b-b547-d3730eeade8c,SHP-000958,8fc13a21-65da-4585-8458-a4a770372268,b43bd27f-42a2-49a6-8664-12854303cbc1,100000000,100000000,100000001,44.5,44.52,2,2026-04-20T09:33:18Z,2026-04-20T22:00:41Z,2026-04-20T23:14:27Z,2026-04-21T05:25:00Z,WB-000958,True,2026-04-20T06:37:00Z,1,2
757f29e5-81e3-4836-a321-f0a54d5336c5,SHP-000959,325333c2-5173-42a6-a46d-875c34ac9046,b43bd27f-42a2-49a6-8664-12854303cbc1,100000000,100000000,100000000,85.0,85.06,4,2026-04-30T15:08:08Z,2026-05-07T07:04:49Z,2026-05-07T07:37:23Z,2026-05-07T12:14:00Z,WB-000959,True,2026-04-30T11:53:00Z,1,2
17c9f48a-cc7c-4036-af0f-ccff766a862c,SHP-000960,abfc2e90-abc6-4b80-8626-51bbfffc524c,9ca3fbb3-ff11-48ba-b6ee-1640723ef466,100000003,100000000,100000000,70.0,70.09,3,2024-09-12T13:41:11Z,2024-09-14T02:00:09Z,2024-09-14T02:42:38Z,2024-09-14T08:25:00Z,WB-000960,True,2024-09-12T12:45:00Z,1,2
a09d8294-9aa2-43e4-99eb-0026aca59fb3,SHP-000961,da2c21ff-49d6-4860-8f72-9ba90fd7c051,22bf18f5-1f65-4a87-b33e-e3447dbf4bc1,100000001,100000001,100000002,70.0,69.76,3,2024-07-18T09:39:49Z,2024-07-19T08:30:51Z,2024-07-19T09:46:55Z,2024-07-20T05:27:00Z,WB-000961,True,2024-07-16T05:50:00Z,1,2
9b388bb8-cd13-43b4-91e1-75710395f457,SHP-000962,4d1d630d-5fda-4ffc-a8ca-e40857659751,22bf18f5-1f65-4a87-b33e-e3447dbf4bc1,100000001,100000000,100000002,95.0,95.02,4,2024-08-27T12:10:53Z,2024-08-27T23:13:32Z,2024-08-27T23:53:12Z,2024-08-28T12:40:00Z,WB-000962,True,2024-08-27T08:46:00Z,1,2
1a95c009-00f3-48f9-8907-a304df87aed2,SHP-000963,bc61301c-0e4b-4fc0-adc4-999bbe90891e,22bf18f5-1f65-4a87-b33e-e3447dbf4bc1,100000001,100000000,100000000,125.0,124.71,6,2024-09-15T14:35:30Z,2024-09-16T20:02:20Z,2024-09-16T20:51:36Z,2024-09-17T07:51:00Z,WB-000963,True,2024-09-15T11:50:00Z,1,2
eb7dd008-f419-48e3-a89d-aa13bf40a478,SHP-000964,32d76a02-b479-4e77-b23f-edb87ed6cd7f,22bf18f5-1f65-4a87-b33e-e3447dbf4bc1,100000001,100000000,100000000,95.0,95.53,4,2026-01-07T07:16:00Z,2026-01-13T18:14:42Z,2026-01-13T19:12:09Z,2026-01-14T07:11:00Z,WB-000964,True,2026-01-07T05:40:00Z,1,2
2d6f9d97-8583-49b6-80d4-a2cf4055571c,SHP-000965,8b352d2b-9f04-40fc-8ba7-28aa124d456f,22bf18f5-1f65-4a87-b33e-e3447dbf4bc1,100000001,100000000,100000001,80.0,79.94,4,2026-01-26T10:12:03Z,2026-01-28T14:58:33Z,2026-01-28T15:56:50Z,2026-01-29T09:54:00Z,WB-000965,True,2026-01-26T09:54:00Z,1,2
1156bf74-1daa-46f0-8fdd-a81975303f25,SHP-000966,7cf4e15c-1269-4533-886b-4396e2cbbeec,22bf18f5-1f65-4a87-b33e-e3447dbf4bc1,100000001,100000000,100000000,134.5,134.78,6,2026-02-24T07:25:59Z,2026-02-27T20:31:10Z,2026-02-27T21:44:30Z,2026-02-28T08:03:00Z,WB-000966,True,2026-02-24T05:56:00Z,1,2
2f5a9240-fd9c-441c-aa90-6e27834d8f0c,SHP-000967,115f2702-3f2b-45eb-b0dc-7893969d436f,22bf18f5-1f65-4a87-b33e-e3447dbf4bc1,100000001,100000000,100000000,105.0,105.23,5,2026-03-12T11:34:52Z,2026-03-13T16:47:29Z,2026-03-13T18:01:07Z,2026-03-14T05:07:00Z,WB-000967,True,2026-03-12T11:30:00Z,1,2
1a1383f5-334e-4a30-b4fd-afb0b0c958df,SHP-000968,4ddf68c0-10c9-468f-a007-0b6e48d82b1d,22bf18f5-1f65-4a87-b33e-e3447dbf4bc1,100000001,100000000,100000001,135.0,134.6,6,2026-04-04T17:12:18Z,2026-04-05T21:49:23Z,2026-04-05T23:11:05Z,2026-04-06T06:15:00Z,WB-000968,True,2026-04-04T13:43:00Z,1,2
ec98f63e-191f-45a4-9e16-05a645e375f7,SHP-000969,781dc617-00e4-4408-abe2-c3682f788c40,22bf18f5-1f65-4a87-b33e-e3447dbf4bc1,100000001,100000001,100000000,70.0,69.76,3,2026-03-23T11:44:32Z,2026-03-25T20:32:10Z,2026-03-25T21:34:38Z,2026-03-26T09:37:00Z,WB-000969,True,2026-03-19T06:36:00Z,1,2
8860d15d-ee9d-4433-90b4-bd94ad12a618,SHP-000970,55a1cfba-16cc-4cab-8b3b-c9e60be36ea2,2c33350c-73b9-41d8-92f5-131ada52d2ee,100000001,100000001,100000002,25.0,25.04,2,2025-01-22T01:33:52Z,2025-01-22T14:13:06Z,2025-01-22T15:05:14Z,2025-01-23T07:20:00Z,WB-000970,True,2025-01-18T08:11:00Z,1,2
517b7383-70e9-4f5b-a001-c2064af6916d,SHP-000971,b90518f5-0c3d-4d51-8a73-9cbdf5e5efe4,2c33350c-73b9-41d8-92f5-131ada52d2ee,100000001,100000000,100000000,45.0,44.97,2,2025-03-01T11:13:42Z,2025-03-05T19:38:30Z,2025-03-05T20:35:03Z,2025-03-06T09:46:00Z,WB-000971,True,2025-03-01T07:53:00Z,1,2
5c18a690-02fa-4480-9a0f-0ba8b9c8e143,SHP-000972,af55e652-8347-4ef5-89dd-b899b9312ae5,ff4c96d6-71f2-4e8f-b69f-68c3e60fd420,100000000,100000001,100000000,55.0,54.99,3,2025-01-26T22:13:08Z,2025-01-28T03:53:50Z,2025-01-28T05:36:40Z,2025-01-28T09:58:00Z,WB-000972,True,2025-01-22T06:38:00Z,1,2
6088fcc7-c487-482f-984d-fee4bce6b5cf,SHP-000973,6623265c-e173-4b33-9739-85f186a90b39,f7b217c7-ae92-4a71-8f7d-cb431679742f,100000000,100000000,100000000,110.0,109.79,5,2025-04-08T07:26:20Z,2025-04-09T03:25:35Z,2025-04-09T04:06:45Z,2025-04-09T07:31:00Z,WB-000973,True,2025-04-08T05:04:00Z,1,2
9b3a6c16-d16e-4fb3-a80e-3a3f66abaafa,SHP-000974,75ad3301-022d-41a9-994d-6a781f0b4068,f7b217c7-ae92-4a71-8f7d-cb431679742f,100000000,100000000,100000000,49.5,49.47,3,2025-04-28T07:39:13Z,2025-05-04T04:54:32Z,2025-05-04T06:48:05Z,2025-05-04T12:57:00Z,WB-000974,True,2025-04-28T06:47:00Z,1,2
048b0a64-93aa-4fc5-925e-9ad0b3cca1c4,SHP-000975,d3759b94-3ac9-46b7-b060-868da9c2e627,f7b217c7-ae92-4a71-8f7d-cb431679742f,100000000,100000000,100000001,20.0,20.0,1,2025-12-28T08:35:25Z,2026-01-04T05:04:22Z,2026-01-04T06:38:20Z,2026-01-04T10:43:00Z,WB-000975,True,2025-12-28T06:56:00Z,1,2
5a4d2481-5283-46aa-86aa-c2ff0e8a2867,SHP-000976,f5e5426d-8651-46e9-88aa-0ba5c26d48cf,f7b217c7-ae92-4a71-8f7d-cb431679742f,100000000,100000000,100000000,50.0,49.98,3,2026-01-24T11:54:46Z,2026-01-26T23:58:08Z,2026-01-27T01:38:27Z,2026-01-27T05:49:00Z,WB-000976,True,2026-01-24T11:16:00Z,1,2
6d26a3e2-5d79-4e55-ab53-5386b96dd427,SHP-000977,fd728fa4-22b8-4bb4-8bcc-84bde10b735f,f7b217c7-ae92-4a71-8f7d-cb431679742f,100000000,100000000,100000000,45.0,44.9,2,2026-05-03T08:08:28Z,2026-05-05T23:58:46Z,2026-05-06T01:55:49Z,2026-05-06T05:48:00Z,WB-000977,True,2026-05-03T08:30:00Z,1,2
e8788beb-c16f-4e6b-aac5-c0aa08ccbe84,SHP-000978,36f94b17-ddb6-4a3b-b887-c1321685ebea,4cc9f5f2-e42e-4037-8a55-2ea08acbbe09,100000004,100000000,100000003,55.0,54.98,3,2024-08-06T12:53:28Z,2024-08-07T06:53:54Z,2024-08-07T08:06:34Z,2024-08-07T13:04:00Z,WB-000978,True,2024-08-06T09:46:00Z,1,2
cad041c3-f78a-4fae-969a-9df1f8931c6c,SHP-000979,7e315e39-5aa3-4464-82ef-bf8fd0de074d,4cc9f5f2-e42e-4037-8a55-2ea08acbbe09,100000004,100000000,100000000,55.0,54.9,3,2024-07-09T11:33:30Z,2024-07-15T21:33:23Z,2024-07-15T22:31:48Z,2024-07-16T05:20:00Z,WB-000979,True,2024-07-09T08:57:00Z,1,2
c1618d8e-a65e-47ff-8098-cc051c9cdf6c,SHP-000980,be7f1efd-bbe0-40f2-89ec-1b679f29e939,4cc9f5f2-e42e-4037-8a55-2ea08acbbe09,100000004,100000001,100000001,90.0,90.01,4,2024-11-16T06:57:40Z,2024-11-17T05:05:12Z,2024-11-17T05:49:40Z,2024-11-17T12:19:00Z,WB-000980,True,2024-11-13T08:52:00Z,1,2
c552b8ad-e29c-4390-b9d2-da4b3da62493,SHP-000981,00faf28f-ea21-4aa9-bd8f-c1a95a9e57e3,4cc9f5f2-e42e-4037-8a55-2ea08acbbe09,100000004,100000000,100000000,65.0,64.74,3,2025-05-03T11:24:45Z,2025-05-07T02:20:10Z,2025-05-07T03:23:55Z,2025-05-07T09:57:00Z,WB-000981,True,2025-05-03T11:15:00Z,1,2
07ce07ac-d097-42c4-805d-bf5ac6c154ff,SHP-000982,9436ce27-d2be-4c36-b467-f95ae6c6e8c4,4cc9f5f2-e42e-4037-8a55-2ea08acbbe09,100000004,100000000,100000002,70.0,70.09,3,2025-05-24T15:52:47Z,2025-05-25T03:22:51Z,2025-05-25T04:05:55Z,2025-05-25T11:16:00Z,WB-000982,True,2025-05-24T12:37:00Z,1,2
37c6f15a-4a6b-4623-aa9c-2c65b22636d9,SHP-000983,b1f14f3e-6991-4b5f-84d7-a496a27127dc,4cc9f5f2-e42e-4037-8a55-2ea08acbbe09,100000004,100000000,100000001,55.0,54.8,3,2025-07-21T09:08:08Z,2025-07-22T23:10:38Z,2025-07-23T00:38:58Z,2025-07-23T08:06:00Z,WB-000983,True,2025-07-21T07:27:00Z,1,2
91194085-9925-4898-911f-f6188e1cbdaf,SHP-000984,fed45978-c9ce-42b2-a9ba-3f8c465e4f14,4cc9f5f2-e42e-4037-8a55-2ea08acbbe09,100000004,100000000,100000002,65.0,64.78,3,2025-11-20T15:44:52Z,2025-11-22T02:15:36Z,2025-11-22T03:44:36Z,2025-11-22T11:48:00Z,WB-000984,True,2025-11-20T13:16:00Z,1,2
0137acbf-5435-4168-b90e-7accdaf25ef3,SHP-000985,62617ea7-e84e-47c6-b120-0957d77df6b6,b5a5f8e6-b639-4f04-a852-4385d9f2dd0d,100000001,100000000,100000000,20.0,19.97,1,2025-03-27T10:55:07Z,2025-03-29T21:10:43Z,2025-03-29T23:03:10Z,2025-03-30T13:22:00Z,WB-000985,True,2025-03-27T09:25:00Z,1,2
2ab52c3a-643b-43de-a96f-e290ab8c2c0c,SHP-000986,48832fc8-abe9-4a8a-adb7-d927748d7648,b5a5f8e6-b639-4f04-a852-4385d9f2dd0d,100000001,100000000,100000000,50.0,50.09,3,2025-12-06T11:51:08Z,2025-12-07T16:57:17Z,2025-12-07T17:58:02Z,2025-12-08T12:09:00Z,WB-000986,True,2025-12-06T08:48:00Z,1,2
4bf3b44c-12f7-45e4-9f72-fa1828f431ff,SHP-000987,2c4f13d7-446f-4dde-9d96-9dae2999c580,2c913a7c-a340-4f08-b341-91b8ed6522b4,100000001,100000000,100000003,40.0,40.08,2,2025-12-20T08:28:47Z,2025-12-21T04:29:17Z,2025-12-21T05:41:50Z,2025-12-21T09:48:00Z,WB-000987,True,2025-12-20T06:49:00Z,1,2
fe9fe96c-975e-4f92-9333-401bd206573c,SHP-000988,bae72596-54a8-43d4-9102-f671001470a5,2c913a7c-a340-4f08-b341-91b8ed6522b4,100000001,100000000,100000000,20.0,,1,2026-06-28T12:59:38Z,,,,,,2026-06-28T11:27:00Z,0,100000000
4fbb27b6-c4d5-4735-b63c-cf85ff291ee5,SHP-000989,67359f22-808f-499a-9417-d1059441b899,3967e60a-823d-4107-9c8a-c066cb2fafa3,100000004,100000000,100000000,70.0,70.49,3,2025-03-03T11:29:51Z,2025-03-06T07:32:44Z,2025-03-06T07:59:27Z,2025-03-06T11:44:00Z,WB-000989,True,2025-03-03T09:39:00Z,1,2
a1d3fbd3-2f71-4da1-b58d-33a204085aab,SHP-000990,fc37e85c-7a97-4379-a4fe-5c40864ab3a6,3967e60a-823d-4107-9c8a-c066cb2fafa3,100000004,100000000,100000002,130.0,129.35,6,2025-05-14T07:24:33Z,2025-05-21T02:51:48Z,2025-05-21T03:44:18Z,2025-05-21T09:20:00Z,WB-000990,True,2025-05-14T07:04:00Z,1,2
e6a4c233-18d8-43cd-964b-afebf7ed837b,SHP-000991,3c45e921-432b-4951-a336-049b6293f231,3967e60a-823d-4107-9c8a-c066cb2fafa3,100000004,100000000,100000000,70.0,70.08,3,2025-11-20T08:03:18Z,2025-11-23T01:50:07Z,2025-11-23T03:49:03Z,2025-11-23T10:46:00Z,WB-000991,True,2025-11-20T06:10:00Z,1,2
1f5763ab-97e7-4c94-8a57-606480ba3f8b,SHP-000992,7bb1ca21-bb4d-4182-b7a2-7569196c8635,3967e60a-823d-4107-9c8a-c066cb2fafa3,100000004,100000000,100000000,60.0,60.01,3,2026-01-19T14:39:51Z,2026-01-23T20:59:29Z,2026-01-23T22:44:53Z,2026-01-24T07:09:00Z,WB-000992,True,2026-01-19T12:18:00Z,1,2
ea3f407a-696f-4be3-bfe1-7509d63e8bd4,SHP-000993,137849e7-9963-4e73-b05c-55a33a768845,3967e60a-823d-4107-9c8a-c066cb2fafa3,100000004,100000000,100000001,95.0,95.3,4,2026-02-18T14:43:45Z,2026-02-23T06:12:52Z,2026-02-23T08:03:55Z,2026-02-23T13:29:00Z,WB-000993,True,2026-02-18T11:14:00Z,1,2
03552f29-10f7-4595-8fa5-c97cf9ac497e,SHP-000994,e60f4fab-4045-45a3-9913-cbf2f729b735,cac4d0eb-3373-430e-bc31-a5971f119c0f,100000004,100000000,100000002,20.0,20.01,1,2025-11-16T13:40:35Z,2025-11-17T01:23:06Z,2025-11-17T01:51:31Z,2025-11-17T08:01:00Z,WB-000994,True,2025-11-16T12:21:00Z,1,2
172ed0b5-e971-4fbc-97a8-74f1654bc335,SHP-000995,aec08520-001d-4c28-a40b-ffbf8d73bcc7,cac4d0eb-3373-430e-bc31-a5971f119c0f,100000004,100000000,100000000,70.0,70.02,3,2026-02-07T08:16:13Z,2026-02-12T02:07:32Z,2026-02-12T02:37:41Z,2026-02-12T11:51:00Z,WB-000995,False,2026-02-07T07:21:00Z,1,2
f26f413e-9db7-40f4-8113-c4e8394a2732,SHP-000996,f4282e66-7af0-4025-abd9-001a8a9e9b64,cac4d0eb-3373-430e-bc31-a5971f119c0f,100000004,100000000,100000000,40.0,39.94,2,2026-06-16T09:05:23Z,2026-06-23T02:19:14Z,2026-06-23T03:57:54Z,2026-06-23T09:41:00Z,WB-000996,True,2026-06-16T08:39:00Z,1,2
d131b0f8-cf2b-43b7-bd0e-43005debaa82,SHP-000997,f21be047-e3a0-4bf1-b460-c8d8727df7cd,7e7838c9-ca55-438b-bc9a-be10238d6f44,100000000,100000000,100000001,30.0,30.03,2,2024-11-25T05:07:13Z,2024-11-27T03:44:41Z,2024-11-27T04:45:01Z,2024-11-27T11:42:00Z,WB-000997,True,2024-11-25T04:57:00Z,1,2
cfddee0d-3fc9-49c0-a100-4b38b6b518be,SHP-000998,2b560311-8260-462d-92d6-28b5d5c2067d,fba6abf7-cdbc-4653-b7a7-e8b75e70f65f,100000002,100000000,100000000,75.0,75.45,4,2026-01-07T08:50:13Z,2026-01-11T04:23:24Z,2026-01-11T06:16:30Z,2026-01-11T10:22:00Z,WB-000998,True,2026-01-07T08:27:00Z,1,2
203ad1fb-308e-43b4-89bb-dd23ca66ebb1,SHP-000999,5946892b-3f44-4be5-8326-1bcf981eec0d,e25df9a8-9ca8-45c4-a138-afe08d38bbd8,100000000,100000000,100000000,125.0,125.53,6,2024-08-05T11:17:05Z,2024-08-07T03:24:45Z,2024-08-07T04:32:30Z,2024-08-07T10:27:00Z,WB-000999,True,2024-08-05T11:19:00Z,1,2
36b30e60-440d-412b-a012-24e9a109b9a9,SHP-001000,1a7198a8-a357-4421-b666-6b8f4e2eab5b,e25df9a8-9ca8-45c4-a138-afe08d38bbd8,100000000,100000000,100000000,25.0,25.02,2,2024-09-23T15:22:21Z,2024-09-28T04:34:32Z,2024-09-28T05:06:11Z,2024-09-28T12:03:00Z,WB-001000,True,2024-09-23T13:37:00Z,1,2
e2e36798-9dcf-43f7-af83-3739964fcd4b,SHP-001001,b7f305af-bae0-4c03-a89b-0c011cc6598e,e25df9a8-9ca8-45c4-a138-afe08d38bbd8,100000000,100000000,100000001,85.0,85.04,4,2025-05-24T09:13:52Z,2025-05-31T00:08:14Z,2025-05-31T01:11:21Z,2025-05-31T06:53:00Z,WB-001001,True,2025-05-24T08:52:00Z,1,2
d0826e4e-c7ce-466c-b73e-49499338f256,SHP-001002,4c52bc77-fd7b-4c7d-91f5-81e028748379,e25df9a8-9ca8-45c4-a138-afe08d38bbd8,100000000,100000000,100000000,50.0,50.04,3,2025-06-21T07:08:08Z,2025-06-24T03:25:42Z,2025-06-24T03:58:38Z,2025-06-24T09:02:00Z,WB-001002,True,2025-06-21T05:50:00Z,1,2
dda28281-022c-4f76-b493-4c56db18908b,SHP-001003,3f78e862-f82c-4317-a02d-7d3dd4e4d798,65edcfe3-4f2d-4d3f-90d4-de39161237c9,100000000,100000000,100000000,55.0,54.83,3,2024-11-23T13:20:03Z,2024-11-27T08:16:23Z,2024-11-27T08:42:44Z,2024-11-27T11:19:00Z,WB-001003,True,2024-11-23T12:06:00Z,1,2
de1aba1c-c158-4b9d-a8c3-88230a9d74cb,SHP-001004,8f5cf75e-6284-4246-9b29-bc58c5cc4275,65edcfe3-4f2d-4d3f-90d4-de39161237c9,100000000,100000000,100000001,175.0,174.45,8,2024-12-23T11:09:22Z,2024-12-25T02:11:54Z,2024-12-25T04:03:47Z,2024-12-25T07:56:00Z,WB-001004,True,2024-12-23T11:14:00Z,1,2
5ef2ff7b-0ec8-4a00-9bce-22bb8547eaf7,SHP-001005,a807102f-8d84-43af-99c4-540860f07e9e,65edcfe3-4f2d-4d3f-90d4-de39161237c9,100000000,100000000,100000000,65.0,64.85,3,2025-12-01T08:29:56Z,2025-12-03T22:49:34Z,2025-12-04T00:22:44Z,2025-12-04T05:10:00Z,WB-001005,True,2025-12-01T07:40:00Z,1,2
da506a2c-fe8d-4a30-bdd4-1f00616df897,SHP-001006,ff09c499-76a5-4dbd-9510-34c0118fe377,65edcfe3-4f2d-4d3f-90d4-de39161237c9,100000000,100000000,100000000,930.0,925.96,39,2025-12-07T05:32:20Z,2025-12-12T20:05:31Z,2025-12-12T21:17:01Z,2025-12-13T05:08:00Z,WB-001006,True,2025-12-07T05:27:00Z,1,2
2bf97456-d4a0-47aa-b91f-0d7ddc9c118f,SHP-001007,72c9f2c0-ed5f-4f33-a8ea-96aedfaf2024,65edcfe3-4f2d-4d3f-90d4-de39161237c9,100000000,100000000,100000000,95.5,95.57,4,2026-06-16T10:01:45Z,2026-06-19T23:02:38Z,2026-06-20T00:45:54Z,2026-06-20T07:49:00Z,WB-001007,True,2026-06-16T08:50:00Z,1,2
73858aa7-987a-4f88-b8a6-c64a988f03d8,SHP-001008,e3f44794-6bca-4e75-b8b9-e12d6224eff5,7a89cbeb-b807-478a-b788-f5d1ffe575f6,100000000,100000000,100000000,35.0,35.01,2,2024-11-14T11:32:11Z,2024-11-21T04:03:11Z,2024-11-21T04:51:21Z,2024-11-21T12:17:00Z,WB-001008,True,2024-11-14T11:57:00Z,1,2
4ec2136f-93fb-4471-9b61-774f05600848,SHP-001009,10f25497-66b4-4b67-b23b-6afc79b8c3ca,7a89cbeb-b807-478a-b788-f5d1ffe575f6,100000000,100000000,100000000,30.0,30.03,2,2025-08-10T10:39:03Z,2025-08-17T05:25:07Z,2025-08-17T06:19:40Z,2025-08-17T11:26:00Z,WB-001009,True,2025-08-10T09:21:00Z,1,2
b97340d5-0209-487c-a54e-d2aaa4a425f2,SHP-001010,67e99edc-b032-465e-aa3f-3d7ce193ed04,68d0a2a8-c4e7-47dd-a929-de738693fd9d,100000001,100000000,100000000,115.0,114.79,5,2024-07-18T11:44:43Z,2024-07-24T01:03:02Z,2024-07-24T02:35:25Z,2024-07-24T11:27:00Z,WB-001010,True,2024-07-18T09:38:00Z,1,2
af3033e4-5f94-4679-8f0c-c4ea5f323eaa,SHP-001011,f06312a4-338d-4533-af4c-9b4f58dff190,68d0a2a8-c4e7-47dd-a929-de738693fd9d,100000001,100000001,100000001,30.0,29.89,2,2024-11-29T09:33:25Z,2024-11-30T05:04:21Z,2024-11-30T06:46:55Z,2024-11-30T09:49:00Z,WB-001011,True,2024-11-23T09:03:00Z,1,2
70417c84-c9bb-461e-89c1-af70b7df4829,SHP-001012,080dab32-25bd-4f17-9c38-dc67d105ca4f,68d0a2a8-c4e7-47dd-a929-de738693fd9d,100000001,100000001,100000001,90.0,89.44,4,2025-08-04T14:40:16Z,2025-08-05T01:01:24Z,2025-08-05T02:08:10Z,2025-08-05T06:56:00Z,WB-001012,True,2025-08-02T06:03:00Z,1,2
c8510fc0-680a-4d1e-9e22-c0eb4946d2bb,SHP-001013,53817689-11a3-4e27-bf7f-d74b41f84ff4,68d0a2a8-c4e7-47dd-a929-de738693fd9d,100000001,100000000,100000001,90.5,90.5,4,2026-06-15T13:40:53Z,2026-06-17T04:12:38Z,2026-06-17T05:32:37Z,2026-06-17T09:42:00Z,WB-001013,True,2026-06-15T14:04:00Z,1,2
28c699de-5e7e-4d6b-8a3a-12bc5c14ffa8,SHP-001014,81d291dc-fac9-4fee-9a56-c9b9a3de194a,20156a72-12e1-43a6-932c-ae01d2c65ee4,100000003,100000000,100000002,30.0,30.03,2,2024-07-25T13:40:47Z,2024-07-27T01:32:48Z,2024-07-27T02:50:10Z,2024-07-27T07:04:00Z,WB-001014,True,2024-07-25T10:35:00Z,1,2
49b73bef-de56-4541-bd30-dea917981140,SHP-001015,5e8347df-d5ac-492c-b1f6-99bae79d3568,20156a72-12e1-43a6-932c-ae01d2c65ee4,100000003,100000000,100000002,30.0,29.95,2,2024-09-14T11:59:12Z,2024-09-15T00:06:22Z,2024-09-15T02:03:55Z,2024-09-15T08:47:00Z,WB-001015,True,2024-09-14T11:55:00Z,1,2
de63e2af-433f-4a52-bb08-11bf1f496d45,SHP-001016,c37e1bea-b872-4e8f-a779-109d15761d3d,12fc7a87-a470-4d48-9128-b9b1f8ede0ca,100000000,100000000,100000000,25.0,24.96,2,2024-08-06T08:02:33Z,2024-08-10T23:04:02Z,2024-08-11T00:37:30Z,2024-08-11T08:14:00Z,WB-001016,True,2024-08-06T06:18:00Z,1,2
c8ef8939-ae1e-4734-9e8c-b67227ea1cf0,SHP-001017,5e8fc938-4b95-4ba8-886b-08fe56b24ba5,12fc7a87-a470-4d48-9128-b9b1f8ede0ca,100000000,100000000,100000000,55.0,54.94,3,2024-08-14T13:41:28Z,2024-08-16T22:43:12Z,2024-08-17T00:30:02Z,2024-08-17T07:19:00Z,WB-001017,True,2024-08-14T12:37:00Z,1,2
46f6dcc8-c552-4332-a3c9-a2905b388287,SHP-001018,9a998a04-7876-4956-ba71-0154edef2191,12fc7a87-a470-4d48-9128-b9b1f8ede0ca,100000000,100000000,100000002,30.0,29.96,2,2025-01-04T10:24:20Z,2025-01-11T01:59:47Z,2025-01-11T03:28:36Z,2025-01-11T08:45:00Z,WB-001018,True,2025-01-04T08:55:00Z,1,2
d46eae71-1d4c-47d0-b1b0-97d6cd533ca5,SHP-001019,09d99857-67fc-4722-9c69-405f617aefb2,12fc7a87-a470-4d48-9128-b9b1f8ede0ca,100000000,100000000,100000000,20.0,19.95,1,2025-09-29T13:30:09Z,2025-10-01T07:11:12Z,2025-10-01T08:42:08Z,2025-10-01T11:54:00Z,WB-001019,True,2025-09-29T11:36:00Z,1,2
a747c39c-3bd8-4d76-8705-53e9101e60cc,SHP-001020,be5c160f-e74d-4821-b662-737fe58bb090,12fc7a87-a470-4d48-9128-b9b1f8ede0ca,100000000,100000001,100000001,40.0,40.08,2,2026-04-01T23:57:44Z,2026-04-03T22:46:53Z,2026-04-04T00:00:11Z,2026-04-04T06:52:00Z,WB-001020,True,2026-03-28T05:49:00Z,1,2
588a435b-0da5-4e05-ae14-0713d2687bfb,SHP-001021,225cad8f-f0bd-41ba-9dde-c93f1137d035,12fc7a87-a470-4d48-9128-b9b1f8ede0ca,100000000,100000000,100000000,115.0,115.37,5,2026-03-09T08:42:25Z,2026-03-13T23:50:24Z,2026-03-14T00:34:42Z,2026-03-14T07:10:00Z,WB-001021,True,2026-03-09T07:43:00Z,1,2
d6dc7546-bbe1-40d6-9db8-3167f3250620,SHP-001022,dd046e91-4890-406d-80a9-d7ceaec96fc9,12fc7a87-a470-4d48-9128-b9b1f8ede0ca,100000000,100000000,100000000,10.0,10.0,1,2026-05-19T13:02:58Z,2026-05-26T06:01:35Z,2026-05-26T07:42:50Z,2026-05-26T11:53:00Z,WB-001022,True,2026-05-19T10:10:00Z,1,2
d9c96652-9097-472a-a0aa-03dec638936f,SHP-001023,a709ea60-037a-47a6-97d6-e4557008abd1,8471b4b0-ae1b-4f69-b740-d83173318749,100000000,100000000,100000000,105.0,104.49,5,2026-04-14T11:53:28Z,2026-04-18T06:22:50Z,2026-04-18T07:21:17Z,2026-04-18T12:13:00Z,WB-001023,True,2026-04-14T10:00:00Z,1,2
6e7c1c2d-0e2a-480a-af89-77cd6eb1506f,SHP-001024,da07d251-3f19-4c87-9b3d-de64817bb006,d43cdd6d-e0c1-4f1e-a0da-897258321ee4,100000001,100000000,100000000,125.0,124.81,6,2025-03-04T12:31:10Z,2025-03-07T22:29:44Z,2025-03-08T00:04:05Z,2025-03-08T04:53:00Z,WB-001024,False,2025-03-04T10:59:00Z,1,2
62b79b64-8549-449b-95d2-f5441583717d,SHP-001025,4f8e4c1f-79d8-48f5-af7f-dc360deea7a1,d43cdd6d-e0c1-4f1e-a0da-897258321ee4,100000001,100000000,100000000,40.0,39.95,2,2025-09-23T06:24:21Z,2025-09-25T01:51:41Z,2025-09-25T02:16:44Z,2025-09-25T06:59:00Z,WB-001025,True,2025-09-23T06:26:00Z,1,2
b5568ce0-d6d9-48d9-8a6d-3bbe270324f2,SHP-001026,081ae476-1d10-478a-8e11-bf1f8c59356f,d43cdd6d-e0c1-4f1e-a0da-897258321ee4,100000001,100000001,100000001,70.0,70.17,3,2026-03-10T01:59:34Z,2026-03-11T00:02:37Z,2026-03-11T01:42:09Z,2026-03-11T07:15:00Z,WB-001026,True,2026-03-07T12:49:00Z,1,2
29c5eb69-1109-4ab5-925e-87adb4d3968f,SHP-001027,d157c060-99ad-4a6b-b0aa-4532dc6f7f0a,96792482-a3c9-48e4-8d22-38e6c7bf4fbc,100000000,100000000,100000000,85.0,85.1,4,2024-10-01T15:27:23Z,2024-10-05T03:21:07Z,2024-10-05T04:23:16Z,2024-10-05T08:45:00Z,WB-001027,True,2024-10-01T12:52:00Z,1,2
b09b1273-e04f-48a1-ba26-37fbd1c9db20,SHP-001028,9c66a4da-0381-4339-b3b3-1ec8a99944c7,96792482-a3c9-48e4-8d22-38e6c7bf4fbc,100000000,100000000,100000000,240.0,238.59,10,2024-10-24T14:38:27Z,2024-10-26T18:38:20Z,2024-10-26T19:34:09Z,2024-10-27T06:26:00Z,WB-001028,True,2024-10-24T11:33:00Z,1,2
99d46922-99e8-4958-9f16-730d020ca169,SHP-001029,59e9afa1-e588-4533-a410-ea285ddeabbe,96792482-a3c9-48e4-8d22-38e6c7bf4fbc,100000000,100000000,100000000,60.0,60.04,3,2025-03-12T13:36:36Z,2025-03-15T00:41:49Z,2025-03-15T02:38:39Z,2025-03-15T08:20:00Z,WB-001029,True,2025-03-12T12:50:00Z,1,2
0670363d-232f-4b7c-8109-3e99fd553439,SHP-001030,255ab433-b25a-418d-b3b1-8217a7d31a27,96792482-a3c9-48e4-8d22-38e6c7bf4fbc,100000000,100000000,100000000,420.0,420.42,18,2025-05-25T07:55:51Z,2025-05-27T02:10:25Z,2025-05-27T03:14:01Z,2025-05-27T07:15:00Z,WB-001030,True,2025-05-25T07:32:00Z,1,2
10cf3ae0-33aa-4461-a44a-a4a54592469d,SHP-001031,befc0916-31a3-44dd-b802-f3f760d0db92,96792482-a3c9-48e4-8d22-38e6c7bf4fbc,100000000,100000000,100000002,405.0,405.86,17,2025-06-07T10:13:50Z,2025-06-10T00:51:40Z,2025-06-10T02:42:56Z,2025-06-10T07:06:00Z,WB-001031,True,2025-06-07T09:01:00Z,1,2
2b61c9a1-2238-4801-82c8-4204f90b5e44,SHP-001032,b4f94bf2-fa4a-47eb-9f35-813969edea86,96792482-a3c9-48e4-8d22-38e6c7bf4fbc,100000000,100000000,100000000,170.0,169.31,8,2025-05-17T07:37:50Z,2025-05-19T01:47:30Z,2025-05-19T02:27:07Z,2025-05-19T06:23:00Z,WB-001032,True,2025-05-17T06:12:00Z,1,2
c70f32dd-020a-42a4-a8c8-a9dd02fdf8c0,SHP-001033,0aa4d0dd-1d0f-4cc4-9fff-8b61b864512e,96792482-a3c9-48e4-8d22-38e6c7bf4fbc,100000000,100000000,100000000,115.0,115.22,5,2025-10-12T07:53:59Z,2025-10-18T06:00:46Z,2025-10-18T06:56:23Z,2025-10-18T13:24:00Z,WB-001033,True,2025-10-12T07:58:00Z,1,2
f6fafebc-067b-4a8a-8b40-db5152a17708,SHP-001034,4f7bb71f-0664-4b31-912f-c0f023425294,96792482-a3c9-48e4-8d22-38e6c7bf4fbc,100000000,100000000,100000000,45.0,45.0,2,2025-12-30T14:33:53Z,2026-01-05T08:21:02Z,2026-01-05T08:55:43Z,2026-01-05T12:32:00Z,WB-001034,True,2025-12-30T13:30:00Z,1,2
bc23be06-395d-4abd-ae4f-e34c1840da2a,SHP-001035,ffd42289-6a75-4cdd-8fde-3e36a49ad6de,96792482-a3c9-48e4-8d22-38e6c7bf4fbc,100000000,100000000,100000000,100.0,100.4,5,2026-02-04T07:30:09Z,2026-02-07T23:20:35Z,2026-02-08T00:19:32Z,2026-02-08T05:45:00Z,WB-001035,True,2026-02-04T05:14:00Z,1,2
2977914d-5497-4512-9e9a-90f029fa40b9,SHP-001036,52612e3f-7ff9-4433-857b-38938a1eef86,96792482-a3c9-48e4-8d22-38e6c7bf4fbc,100000000,100000000,100000000,80.0,79.89,4,2026-01-10T07:07:17Z,2026-01-12T07:28:30Z,2026-01-12T08:07:36Z,2026-01-12T11:45:00Z,WB-001036,True,2026-01-10T05:07:00Z,1,2
aae74046-cd91-4e8b-8dca-843b7bcb2232,SHP-001037,7ef650b3-d61f-4484-bf32-d2f645d5760e,96792482-a3c9-48e4-8d22-38e6c7bf4fbc,100000000,100000000,100000000,85.0,84.78,4,2026-03-30T10:05:58Z,2026-03-31T00:36:45Z,2026-03-31T02:35:23Z,2026-03-31T06:08:00Z,WB-001037,True,2026-03-30T06:41:00Z,1,2
176c5d7b-9f0e-4750-b106-8b60fc9e38bd,SHP-001038,93771f7f-c86b-4338-9bbc-2f3c6f358c25,21084dd9-f75d-4e3c-848d-56502e9522d6,100000002,100000000,100000000,40.0,40.07,2,2024-08-03T11:03:27Z,2024-08-06T02:48:16Z,2024-08-06T04:12:11Z,2024-08-06T09:04:00Z,WB-001038,True,2024-08-03T08:00:00Z,1,2
8ded677c-ced8-4366-9fb1-23fd4fb8112d,SHP-001039,8d009896-0d37-4c86-8e92-71071e2b655d,21084dd9-f75d-4e3c-848d-56502e9522d6,100000002,100000000,100000000,55.0,55.28,3,2026-03-21T08:15:25Z,2026-03-27T22:21:00Z,2026-03-27T23:12:00Z,2026-03-28T05:08:00Z,WB-001039,True,2026-03-21T07:21:00Z,1,2
39dee7e2-3522-4a33-ba81-3059c96edb37,SHP-001040,24003eb6-bb01-4456-800e-eb6f62442878,de431e06-e924-4069-80bb-ae526ec01269,100000001,100000000,100000002,50.0,49.94,3,2024-08-24T15:52:30Z,2024-08-25T04:03:02Z,2024-08-25T04:54:14Z,2024-08-25T09:34:00Z,WB-001040,True,2024-08-24T13:50:00Z,1,2
668e0e40-94c8-4216-ab8e-7cdab7ee2eb1,SHP-001041,e48ca63b-f5c7-4b6d-bc01-9a9a572b3530,de431e06-e924-4069-80bb-ae526ec01269,100000001,100000000,100000002,115.0,114.71,5,2024-09-28T09:40:22Z,2024-09-28T21:25:33Z,2024-09-28T22:22:39Z,2024-09-29T04:37:00Z,WB-001041,True,2024-09-28T08:22:00Z,1,2
5430aabf-cb5a-4a15-8f9e-4e872935f347,SHP-001042,34739ef6-aa34-4768-91ca-d74a79180126,de431e06-e924-4069-80bb-ae526ec01269,100000001,100000000,100000002,45.0,44.86,2,2025-04-13T09:35:55Z,2025-04-15T07:55:57Z,2025-04-15T08:57:13Z,2025-04-15T13:21:00Z,WB-001042,True,2025-04-13T09:06:00Z,1,2
04b8bcfb-b4e9-4e26-a9db-7c60ad35162a,SHP-001043,873c1a81-e6d8-45f1-8d34-6af714353da2,de431e06-e924-4069-80bb-ae526ec01269,100000001,100000000,100000000,115.0,115.07,5,2025-05-26T08:37:45Z,2025-06-02T05:15:11Z,2025-06-02T05:48:24Z,2025-06-02T09:46:00Z,WB-001043,True,2025-05-26T05:39:00Z,1,2
2e9cc7d6-f7b0-4e7c-b0cf-bcf33dd96414,SHP-001044,6a6b2924-7c80-45e7-9eb4-71f8e4fc192c,de431e06-e924-4069-80bb-ae526ec01269,100000001,100000000,100000001,50.0,49.77,3,2026-05-16T10:42:56Z,2026-05-16T23:58:05Z,2026-05-17T01:40:32Z,2026-05-17T10:08:00Z,WB-001044,True,2026-05-16T09:17:00Z,1,2
7f97e4c0-16f8-4739-b834-cc89b2839359,SHP-001045,515e6ba5-94e2-43e6-ba74-b0c41f65ef7f,84a2576c-1fc9-45f8-94d6-07350e2f8958,100000004,100000000,100000000,50.0,49.98,3,2024-07-27T08:23:38Z,2024-08-01T06:29:08Z,2024-08-01T07:25:28Z,2024-08-01T13:15:00Z,WB-001045,True,2024-07-27T04:48:00Z,1,2
f82a536b-8629-4677-9ad9-c0210b066824,SHP-001046,551c9dd4-4247-4c3c-af7a-6e4a8c825d74,84a2576c-1fc9-45f8-94d6-07350e2f8958,100000004,100000000,100000000,45.0,45.02,2,2024-10-28T10:54:26Z,2024-11-02T04:31:03Z,2024-11-02T05:39:17Z,2024-11-02T12:10:00Z,WB-001046,True,2024-10-28T09:10:00Z,1,2
97881e64-22a5-4996-bac2-e1a41bffe0bf,SHP-001047,610d8ca9-d135-421c-8328-6520520d433e,84a2576c-1fc9-45f8-94d6-07350e2f8958,100000004,100000000,100000002,85.0,84.82,4,2025-03-25T09:30:26Z,2025-03-29T23:57:12Z,2025-03-30T00:44:55Z,2025-03-30T04:38:00Z,WB-001047,True,2025-03-25T08:44:00Z,1,2
cfb09181-422c-4a29-8274-7a379ee72a13,SHP-001048,c6957e8a-6651-4915-81ae-7ced303e30a1,84a2576c-1fc9-45f8-94d6-07350e2f8958,100000004,100000000,100000000,30.0,29.93,2,2025-06-30T06:41:50Z,2025-07-05T05:48:21Z,2025-07-05T07:31:24Z,2025-07-05T11:23:00Z,WB-001048,True,2025-06-30T05:40:00Z,1,2
34e56f8c-dbd8-403a-a7df-51d7565215b5,SHP-001049,bdff80dd-6a66-4cc6-aa18-8d9338bc4223,84a2576c-1fc9-45f8-94d6-07350e2f8958,100000004,100000000,100000000,15.0,15.01,1,2025-09-27T14:36:19Z,2025-09-30T01:14:21Z,2025-09-30T02:04:56Z,2025-09-30T06:50:00Z,WB-001049,True,2025-09-27T13:31:00Z,1,2
ce5121bf-49e3-4ec1-91d8-c870cf780740,SHP-001050,04892605-f135-4df2-932b-578d06b96958,84a2576c-1fc9-45f8-94d6-07350e2f8958,100000004,100000000,100000002,35.0,35.02,2,2025-09-28T14:52:42Z,2025-10-02T03:48:57Z,2025-10-02T04:32:45Z,2025-10-02T11:47:00Z,WB-001050,True,2025-09-28T13:42:00Z,1,2
97d51b46-9ae2-4319-8be4-2b3ae3dc3421,SHP-001051,6dafc50b-99b3-4f6c-acb4-a7d8c53eee4f,84a2576c-1fc9-45f8-94d6-07350e2f8958,100000004,100000000,100000001,50.0,50.32,3,2026-06-17T11:51:52Z,2026-06-22T23:28:48Z,2026-06-23T00:40:53Z,2026-06-23T06:11:00Z,WB-001051,True,2026-06-17T09:57:00Z,1,2
5121417c-5ff4-470e-8e1e-411b3253013f,SHP-001052,e2069f9e-259f-482a-9d7f-16df30d9a84c,39b86bb2-b596-4a7c-af4a-fa885299e505,100000001,100000000,100000001,75.0,75.14,4,2024-07-13T11:18:39Z,2024-07-14T23:20:21Z,2024-07-15T00:29:09Z,2024-07-15T05:37:00Z,WB-001052,True,2024-07-13T09:41:00Z,1,2
bd2ec2e7-9182-4ce6-8e7f-e216861264e6,SHP-001053,178bdcb5-af1f-458b-b6de-fe8e3c36d600,39b86bb2-b596-4a7c-af4a-fa885299e505,100000001,100000001,100000000,230.0,229.76,10,2024-10-22T09:08:41Z,2024-10-24T03:38:00Z,2024-10-24T05:01:43Z,2024-10-24T12:35:00Z,WB-001053,True,2024-10-19T06:09:00Z,1,2
39679e45-e1c9-439f-a033-4a7c50d2e5da,SHP-001054,ae01a90f-dae4-4236-9a80-9472cdb503f2,39b86bb2-b596-4a7c-af4a-fa885299e505,100000001,100000000,100000000,75.0,74.59,4,2025-09-01T12:11:40Z,2025-09-03T00:19:37Z,2025-09-03T01:42:26Z,2025-09-03T08:12:00Z,WB-001054,True,2025-09-01T10:19:00Z,1,2
05757535-aab1-4583-b182-3114a7df5f88,SHP-001055,bdceefbc-ecbf-4cde-9536-edfc1ddf54f2,39b86bb2-b596-4a7c-af4a-fa885299e505,100000001,100000001,100000000,50.0,49.98,3,2025-10-25T06:39:38Z,2025-10-26T02:06:51Z,2025-10-26T02:39:15Z,2025-10-26T07:40:00Z,WB-001055,True,2025-10-23T06:39:00Z,1,2
db23e8b1-aa2a-4ada-9a6c-78430ff1cc69,SHP-001056,10f41839-7aa3-43ef-ab9c-1da5a419efed,39b86bb2-b596-4a7c-af4a-fa885299e505,100000001,100000000,100000002,115.0,115.08,5,2025-11-05T08:56:57Z,2025-11-06T03:46:49Z,2025-11-06T04:17:40Z,2025-11-06T08:27:00Z,WB-001056,True,2025-11-05T07:12:00Z,1,2
1cc815cb-8d53-45e6-8fc9-5f38b39fcada,SHP-001057,6ce55867-7508-4dd3-918a-025cc7f1fbe4,39b86bb2-b596-4a7c-af4a-fa885299e505,100000001,100000000,100000002,250.0,250.07,11,2026-05-24T15:42:42Z,2026-05-25T05:25:17Z,2026-05-25T06:13:18Z,2026-05-25T09:42:00Z,WB-001057,True,2026-05-24T12:26:00Z,1,2
89716171-f591-402f-83cd-03608b0ab6fe,SHP-001058,26ab8f7d-461a-43e9-af2f-b49c78157b46,84d67c4f-f0df-4684-b28e-41225894f7f1,100000004,100000000,100000001,40.0,40.09,2,2025-04-12T09:12:16Z,2025-04-13T23:51:19Z,2025-04-14T01:00:26Z,2025-04-14T06:49:00Z,WB-001058,True,2025-04-12T06:57:00Z,1,2
605a2830-8162-4361-ba93-1050e29ccc3f,SHP-001059,6b669e60-d5cc-4cea-90d6-d13b176fc3d8,84d67c4f-f0df-4684-b28e-41225894f7f1,100000004,100000000,100000000,55.0,55.04,3,2025-06-01T05:40:14Z,2025-06-07T02:05:04Z,2025-06-07T03:02:50Z,2025-06-07T08:20:00Z,WB-001059,True,2025-06-01T05:28:00Z,1,2
e73134d8-b815-4258-bc98-053398e3c54e,SHP-001060,389a8593-7cab-424b-9a33-d14599af1695,84d67c4f-f0df-4684-b28e-41225894f7f1,100000004,100000001,100000001,70.0,70.02,3,2026-01-18T01:18:57Z,2026-01-19T03:15:27Z,2026-01-19T04:34:53Z,2026-01-19T09:44:00Z,WB-001060,True,2026-01-12T08:07:00Z,1,2
768ea514-e89b-4497-91de-e91c39b7578f,SHP-001061,010283f9-5c8a-49b0-b7f7-398316964525,84d67c4f-f0df-4684-b28e-41225894f7f1,100000004,100000000,100000000,40.0,40.01,2,2026-01-26T08:01:47Z,2026-01-30T23:43:17Z,2026-01-31T01:17:50Z,2026-01-31T08:16:00Z,WB-001061,True,2026-01-26T08:10:00Z,1,2
d0928768-a0f1-4250-850f-e684adc49064,SHP-001062,e8e130f3-5ad6-4dcd-a6b9-b2c3f49240cc,143029a9-d88f-4c94-88b7-63d5e519dd7e,100000001,100000000,100000001,155.0,154.69,7,2024-07-21T08:51:23Z,2024-07-23T05:41:58Z,2024-07-23T07:09:02Z,2024-07-23T11:10:00Z,WB-001062,True,2024-07-21T08:22:00Z,1,2
8d6ef2fe-10cc-4d30-9398-02f553907e40,SHP-001063,750658f4-6d36-49ed-8cd9-d59fd6da31f8,143029a9-d88f-4c94-88b7-63d5e519dd7e,100000001,100000000,100000002,90.0,90.15,4,2025-06-07T13:11:10Z,2025-06-11T06:32:12Z,2025-06-11T07:13:32Z,2025-06-11T10:57:00Z,WB-001063,True,2025-06-07T11:34:00Z,1,2
71472307-19e1-4415-bac7-d7d14e55c860,SHP-001064,d3ecea4e-fba3-49bf-9971-a776876d88f4,143029a9-d88f-4c94-88b7-63d5e519dd7e,100000001,100000000,100000000,120.0,119.64,5,2025-07-22T13:11:11Z,2025-07-28T04:45:43Z,2025-07-28T06:39:24Z,2025-07-28T11:25:00Z,WB-001064,False,2025-07-22T11:24:00Z,1,2
0b575535-df51-4d84-8a15-57f516d9ac40,SHP-001065,e7ea4c90-d678-4c0a-855a-60ee8f1469cb,f4d375c1-a293-49fa-b240-d7a14027ab7d,100000001,100000000,100000000,55.0,54.92,3,2025-04-22T15:45:49Z,2025-04-25T22:28:19Z,2025-04-26T00:14:24Z,2025-04-26T05:20:00Z,WB-001065,True,2025-04-22T13:58:00Z,1,2
814cd5d8-51b6-466b-a8b2-58f6bbe57cc9,SHP-001066,2b18c89b-e1f8-443f-91e2-1bf95ac877a6,f4d375c1-a293-49fa-b240-d7a14027ab7d,100000001,100000000,100000001,45.0,45.18,2,2025-09-06T16:15:20Z,2025-09-07T03:42:35Z,2025-09-07T05:17:30Z,2025-09-07T09:17:00Z,WB-001066,True,2025-09-06T12:40:00Z,1,2
396fce0c-9db7-4bc8-939a-86753e5cb411,SHP-001067,259bc0ef-5e3a-493b-a658-eaf997eabd22,f4d375c1-a293-49fa-b240-d7a14027ab7d,100000001,100000000,100000000,170.0,170.24,8,2025-11-13T10:49:13Z,2025-11-15T23:46:45Z,2025-11-16T00:43:23Z,2025-11-16T06:11:00Z,WB-001067,True,2025-11-13T08:19:00Z,1,2
22ab0d9e-9f12-4af7-95c6-3c244c03fc5d,SHP-001068,a182f445-ec58-4226-bdf2-6e29d0703b90,a0017720-200b-4903-8642-6c458d03f17a,100000000,100000001,100000002,25.0,24.99,2,2025-06-05T13:49:58Z,2025-06-06T23:03:08Z,2025-06-06T23:34:58Z,2025-06-07T05:01:00Z,WB-001068,True,2025-05-31T11:43:00Z,1,2
65560657-42dc-4c8a-955f-eeb5964b9ed7,SHP-001069,02e923fb-23b0-4884-a74f-7c4bb81dc98b,a0017720-200b-4903-8642-6c458d03f17a,100000000,100000000,100000000,15.5,15.49,1,2025-07-19T09:50:50Z,2025-07-25T22:50:14Z,2025-07-25T23:29:11Z,2025-07-26T04:56:00Z,WB-001069,True,2025-07-19T06:41:00Z,1,2
623e4e3a-5b88-43f7-b62e-42acf06bd3c8,SHP-001070,8a327bf7-c0ab-48d6-80d6-7611d541db43,a0017720-200b-4903-8642-6c458d03f17a,100000000,100000000,100000003,20.0,20.0,1,2025-08-19T12:41:04Z,2025-08-20T06:00:03Z,2025-08-20T07:35:41Z,2025-08-20T11:15:00Z,WB-001070,True,2025-08-19T11:34:00Z,1,2
d4c7d5c1-d0e0-459e-a46a-1a3661148b15,SHP-001071,a4bedc26-b9e4-4fd9-8da6-7d5f2d5b76bd,a0017720-200b-4903-8642-6c458d03f17a,100000000,100000001,100000002,35.0,34.98,2,2025-10-22T17:45:48Z,2025-10-23T06:43:48Z,2025-10-23T08:35:57Z,2025-10-23T13:11:00Z,WB-001071,True,2025-10-19T11:24:00Z,1,2
3d35e8a9-b469-4ba2-be29-1f8cb6372416,SHP-001072,24f6784a-c842-4801-92b1-e5442be7ec8d,a0017720-200b-4903-8642-6c458d03f17a,100000000,100000000,100000002,25.0,24.91,2,2025-12-06T11:05:25Z,2025-12-09T21:23:56Z,2025-12-09T23:08:33Z,2025-12-10T04:31:00Z,WB-001072,True,2025-12-06T09:12:00Z,1,2
dafa5414-6c2d-4baa-955f-ae9c8d15875f,SHP-001073,1588ff80-5461-473b-aa6f-71ee783f6d4d,a0017720-200b-4903-8642-6c458d03f17a,100000000,100000000,100000001,20.0,19.93,1,2025-12-04T14:24:17Z,2025-12-06T06:31:06Z,2025-12-06T08:09:36Z,2025-12-06T13:01:00Z,WB-001073,True,2025-12-04T11:58:00Z,1,2
595269ed-20a0-4172-9388-1decc47cef41,SHP-001074,663e6b34-a852-455e-94a9-bc8457f6b08e,17eaec83-8892-442f-9d4b-2bf94d85e9c7,100000001,100000000,100000000,155.0,154.8,7,2024-07-20T09:48:24Z,2024-07-23T21:46:13Z,2024-07-23T22:14:40Z,2024-07-24T10:28:00Z,WB-001074,True,2024-07-20T08:07:00Z,1,2
ad900ee8-c39a-402b-a66a-4344e75ca0e2,SHP-001075,2ccdec6b-dfbc-4590-9059-fd76e56e80db,17eaec83-8892-442f-9d4b-2bf94d85e9c7,100000001,100000001,100000000,25.0,25.0,2,2024-11-07T15:06:11Z,2024-11-08T12:27:51Z,2024-11-08T13:50:24Z,2024-11-09T06:50:00Z,WB-001075,True,2024-11-05T09:36:00Z,1,2
132ff3e7-661f-49fc-9477-12d16987aec5,SHP-001076,6cb088e5-a1d1-48b0-9d0e-77d518375f2a,17eaec83-8892-442f-9d4b-2bf94d85e9c7,100000001,100000000,100000000,50.0,49.77,3,2025-03-05T10:45:50Z,2025-03-08T17:30:46Z,2025-03-08T18:23:08Z,2025-03-09T10:00:00Z,WB-001076,True,2025-03-05T09:31:00Z,1,2
617ffeb9-ab52-472f-953f-ce1289d8befe,SHP-001077,8e0021ff-642b-41bf-aa29-f0f7fce0b894,17eaec83-8892-442f-9d4b-2bf94d85e9c7,100000001,100000000,100000000,45.0,45.03,2,2025-08-23T12:41:29Z,2025-08-27T18:56:19Z,2025-08-27T19:48:33Z,2025-08-28T06:59:00Z,WB-001077,True,2025-08-23T09:43:00Z,1,2
033ca31e-c23d-4f7d-b5af-41819531e965,SHP-001078,4bb33acd-25fa-4176-89ec-ca4614ad5de8,17eaec83-8892-442f-9d4b-2bf94d85e9c7,100000001,100000000,100000001,60.0,59.97,3,2026-04-23T14:29:10Z,2026-04-26T01:35:07Z,2026-04-26T03:08:33Z,2026-04-26T11:57:00Z,WB-001078,True,2026-04-23T13:27:00Z,1,2
c60d87be-40fb-4f2d-ac9e-0a8c5689c805,SHP-001079,b9113e31-d3fc-48b6-93bc-339486893e0f,9780c215-2b2b-48e9-a417-c09380a8a23d,100000000,100000000,100000000,60.0,59.68,3,2024-07-27T06:47:49Z,2024-07-28T00:52:21Z,2024-07-28T02:05:08Z,2024-07-28T07:31:00Z,WB-001079,True,2024-07-27T05:58:00Z,1,2
94b8ed27-e6b2-43e4-b147-63dcbaed3a5a,SHP-001080,d4ca2e50-7cd8-4ef5-a850-771ba9413e2d,9780c215-2b2b-48e9-a417-c09380a8a23d,100000000,100000000,100000002,50.0,50.13,3,2024-09-02T06:34:52Z,2024-09-07T07:08:30Z,2024-09-07T07:57:10Z,2024-09-07T11:33:00Z,WB-001080,True,2024-09-02T05:35:00Z,1,2
fd9867dc-85cc-4a4c-979f-ab6ad1542642,SHP-001081,f48b9491-0f7e-4b56-b53b-220d03a13563,9780c215-2b2b-48e9-a417-c09380a8a23d,100000000,100000000,100000000,145.0,144.56,7,2024-12-01T07:27:42Z,2024-12-04T04:59:21Z,2024-12-04T06:28:14Z,2024-12-04T10:15:00Z,WB-001081,True,2024-12-01T07:10:00Z,1,2
0e21212e-a409-462a-b9ed-3617aa592d2c,SHP-001082,1dcd8281-8a90-403d-8b87-844695ad52a3,9780c215-2b2b-48e9-a417-c09380a8a23d,100000000,100000000,100000000,95.0,94.96,4,2025-04-15T14:34:25Z,2025-04-20T01:09:53Z,2025-04-20T02:21:58Z,2025-04-20T07:18:00Z,WB-001082,True,2025-04-15T11:00:00Z,1,2
1a880f9d-f752-4bb7-b313-ea3f0c6afe16,SHP-001083,eba8a51d-c824-489a-a97a-347ec51bb264,2bd3cdcd-2779-4685-94a5-3fdef10d27c8,100000002,100000000,100000000,25.0,25.09,2,2024-09-14T11:56:21Z,2024-09-21T04:00:34Z,2024-09-21T05:17:33Z,2024-09-21T11:22:00Z,WB-001083,True,2024-09-14T10:44:00Z,1,2
ee719d18-57e5-427c-a444-163ab91d43f9,SHP-001084,8724f781-d669-44c5-ac73-bec8d9cb10e5,2bd3cdcd-2779-4685-94a5-3fdef10d27c8,100000002,100000001,100000000,10.0,9.95,1,2025-06-17T14:16:04Z,2025-06-19T00:41:02Z,2025-06-19T01:46:19Z,2025-06-19T05:19:00Z,WB-001084,True,2025-06-14T06:30:00Z,1,2
b58c0aaf-6ae3-45c4-9d82-43793a88244b,SHP-001085,dcbac5c8-653d-49ea-b35a-664148161ddf,2bd3cdcd-2779-4685-94a5-3fdef10d27c8,100000002,100000001,100000000,25.0,24.96,2,2025-08-08T19:28:33Z,2025-08-10T02:57:15Z,2025-08-10T03:41:22Z,2025-08-10T10:40:00Z,WB-001085,True,2025-08-05T09:06:00Z,1,2
060d8250-2cce-4c82-81f7-1558b83301dc,SHP-001086,ab14d59d-79db-4e37-964e-e0e50e3e7d75,2bd3cdcd-2779-4685-94a5-3fdef10d27c8,100000002,100000000,100000000,90.0,90.57,4,2025-07-26T07:02:05Z,2025-07-30T04:54:41Z,2025-07-30T06:44:07Z,2025-07-30T10:26:00Z,WB-001086,True,2025-07-26T06:52:00Z,1,2
e1cdff5e-a029-4715-a941-5837d0c95f88,SHP-001087,3a5672d1-2569-45dc-8862-a89c333b8ad0,e6e987ca-b87b-4384-9fdd-de2ea8a2b7ad,100000001,100000001,100000002,150.0,149.53,7,2025-02-22T11:34:52Z,2025-02-24T04:23:32Z,2025-02-24T04:54:20Z,2025-02-24T10:45:00Z,WB-001087,True,2025-02-19T14:00:00Z,1,2
5f3b9b6e-1409-4a4f-8876-955db9dfad9c,SHP-001088,527876c1-67d0-4e95-8d06-ddbbb1a4a320,e6e987ca-b87b-4384-9fdd-de2ea8a2b7ad,100000001,100000000,100000000,25.0,25.02,2,2025-11-15T12:46:18Z,2025-11-21T23:50:53Z,2025-11-22T01:33:08Z,2025-11-22T07:05:00Z,WB-001088,True,2025-11-15T11:05:00Z,1,2
d7f822da-d507-4f66-9544-ae4bdfe18ecd,SHP-001089,4a72cb0b-32af-4bfa-a9e6-63f03a42eeaf,e6e987ca-b87b-4384-9fdd-de2ea8a2b7ad,100000001,100000000,100000002,25.0,24.99,2,2026-01-28T06:07:42Z,2026-01-31T05:19:54Z,2026-01-31T05:55:21Z,2026-01-31T10:51:00Z,WB-001089,True,2026-01-28T06:12:00Z,1,2
38f639f6-494f-4dc3-994f-476b7d58bed2,SHP-001090,da2a027a-9919-45a4-b35b-725333a3aac0,e6e987ca-b87b-4384-9fdd-de2ea8a2b7ad,100000001,100000000,100000000,35.0,34.98,2,2026-05-10T09:44:27Z,2026-05-15T23:31:38Z,2026-05-16T01:13:55Z,2026-05-16T05:08:00Z,WB-001090,True,2026-05-10T09:24:00Z,1,2
fcd37f2c-8f8b-4476-b2b4-8b85a460314a,SHP-001091,64bd8d7a-fd40-4ab9-b05b-b0f214679ed4,ec86a890-d7b0-4bdc-966e-3cbe9aea622f,100000001,100000000,100000001,125.0,124.48,6,2024-12-16T15:51:02Z,2024-12-18T02:19:40Z,2024-12-18T03:16:23Z,2024-12-18T13:12:00Z,WB-001091,True,2024-12-16T12:45:00Z,1,2
ec8ae48f-99bf-41eb-bf13-f6aec62c642b,SHP-001092,0823d6b6-65ea-4bed-8ed0-91433d5b6915,dd20c3bf-d342-4f08-8a8b-b5b490494583,100000000,100000000,100000000,45.0,44.89,2,2024-08-03T10:11:59Z,2024-08-06T02:49:07Z,2024-08-06T04:00:14Z,2024-08-06T07:18:00Z,WB-001092,True,2024-08-03T06:54:00Z,1,2
2a986853-ff90-410f-a7c2-268b009141fa,SHP-001093,96fbd508-1a62-4a2b-8b24-a3fb2e7866d3,43c07d43-93a7-4792-8561-b8dca4364fcd,100000000,100000000,100000000,65.0,65.09,3,2024-09-16T08:54:01Z,2024-09-18T05:48:54Z,2024-09-18T06:28:21Z,2024-09-18T12:35:00Z,WB-001093,True,2024-09-16T09:05:00Z,1,2
09fe22b1-7d20-4215-a9a6-829028604a4d,SHP-001094,1b280480-c339-4c3f-975d-52a5bb448e46,43c07d43-93a7-4792-8561-b8dca4364fcd,100000000,100000000,100000000,65.0,65.16,3,2025-07-24T13:00:02Z,2025-07-26T06:26:50Z,2025-07-26T07:09:34Z,2025-07-26T12:48:00Z,WB-001094,True,2025-07-24T12:30:00Z,1,2
fd264717-8e47-4576-ad84-489ee28dca72,SHP-001095,d1d0e4d1-92d4-4c97-b8ef-02b11f6d481d,43c07d43-93a7-4792-8561-b8dca4364fcd,100000000,100000000,100000000,30.0,30.06,2,2025-09-11T12:17:29Z,2025-09-13T08:11:57Z,2025-09-13T08:57:45Z,2025-09-13T13:19:00Z,WB-001095,True,2025-09-11T10:01:00Z,1,2
495d4feb-0fa6-413a-9ede-518a22e5780e,SHP-001096,f7f61ec3-9f39-4949-b766-d13306ef7ef0,92779574-c457-4cc3-b5f7-89bca6b07458,100000001,100000000,100000001,35.0,35.11,2,2024-08-13T13:34:02Z,2024-08-14T22:52:19Z,2024-08-14T23:25:49Z,2024-08-15T04:52:00Z,WB-001096,True,2024-08-13T12:02:00Z,1,2
e345dc7d-a8c6-4799-8b57-25e55b8a029d,SHP-001097,d17d7500-ac5f-4057-bc46-d31a8e83b8f2,92779574-c457-4cc3-b5f7-89bca6b07458,100000001,100000000,100000001,85.0,85.04,4,2024-09-15T10:25:15Z,2024-09-21T03:46:11Z,2024-09-21T04:39:31Z,2024-09-21T11:16:00Z,WB-001097,True,2024-09-15T08:47:00Z,1,2
c5c83f5b-acda-4b66-8e38-8592bf4bf98a,SHP-001098,15a15b80-92ab-4c49-9d62-64273e7c895b,92779574-c457-4cc3-b5f7-89bca6b07458,100000001,100000000,100000001,20.0,20.02,1,2024-09-26T09:02:48Z,2024-09-28T02:50:18Z,2024-09-28T04:02:41Z,2024-09-28T09:24:00Z,WB-001098,True,2024-09-26T08:36:00Z,1,2
fbbd4f9c-0226-4b8b-8a2e-5d8942e3b5c7,SHP-001099,d383d63c-5781-4e7c-9885-40f66fc7542a,92779574-c457-4cc3-b5f7-89bca6b07458,100000001,100000000,100000000,25.0,25.03,2,2025-10-01T13:32:21Z,2025-10-04T00:36:55Z,2025-10-04T01:36:21Z,2025-10-04T09:28:00Z,WB-001099,True,2025-10-01T13:41:00Z,1,2
327cd6fe-42b6-43c0-9d62-c11cc81b7aeb,SHP-001100,25ed62ff-f0c7-4884-95be-704b63ca3334,92779574-c457-4cc3-b5f7-89bca6b07458,100000001,100000000,100000000,35.0,35.05,2,2025-09-24T12:32:50Z,2025-09-25T02:40:41Z,2025-09-25T03:36:20Z,2025-09-25T07:20:00Z,WB-001100,True,2025-09-24T10:22:00Z,1,2
273e96d1-ef25-412c-8fc5-6460cd031a47,SHP-001101,13f402bb-b8da-4d58-b26f-9fdd7f610036,92779574-c457-4cc3-b5f7-89bca6b07458,100000001,100000000,100000000,15.0,14.95,1,2025-10-27T13:11:49Z,2025-11-02T19:37:17Z,2025-11-02T20:29:07Z,2025-11-03T05:21:00Z,WB-001101,True,2025-10-27T11:25:00Z,1,2
50c828bd-0075-4e3e-946f-bf2f7f96e83e,SHP-001102,cfdeb45d-abdc-4d06-981e-509b67b2e44e,92779574-c457-4cc3-b5f7-89bca6b07458,100000001,100000000,100000000,30.0,30.04,2,2025-11-08T16:25:09Z,2025-11-15T04:09:04Z,2025-11-15T05:39:58Z,2025-11-15T09:49:00Z,WB-001102,True,2025-11-08T13:28:00Z,1,2
0b4faaaa-158c-4f25-b326-b0db56060f88,SHP-001103,0e3aa1ab-9186-4913-8487-7863394b9142,92779574-c457-4cc3-b5f7-89bca6b07458,100000001,100000000,100000001,45.0,44.93,2,2026-01-03T07:40:08Z,2026-01-06T04:58:12Z,2026-01-06T06:16:10Z,2026-01-06T10:21:00Z,WB-001103,True,2026-01-03T05:22:00Z,1,2
e352ce54-0f07-47c3-96d6-5ab5eaba4bdd,SHP-001104,4befe8de-e352-40c0-a477-468216f149b8,92779574-c457-4cc3-b5f7-89bca6b07458,100000001,100000000,100000001,20.0,20.04,1,2026-03-23T09:34:46Z,2026-03-30T06:28:35Z,2026-03-30T07:39:33Z,2026-03-30T12:38:00Z,WB-001104,True,2026-03-23T09:54:00Z,1,2
5c597323-d291-41ad-a573-04a899300a1a,SHP-001105,cfc05def-3230-4f80-8a5d-87d30ab7f19e,92779574-c457-4cc3-b5f7-89bca6b07458,100000001,100000000,100000000,90.0,,4,2026-06-28T08:05:55Z,,,,,,2026-06-28T07:37:00Z,0,100000000
6941812a-1481-4edf-8270-a78cd4bb8a53,SHP-001106,234362eb-aa5d-4cc1-94f2-b17f3af13969,8baaf744-a08d-421b-a395-4cb17f7f6c0a,100000001,100000000,100000000,35.0,34.99,2,2026-01-29T15:26:03Z,2026-02-05T04:16:19Z,2026-02-05T06:13:06Z,2026-02-05T10:10:00Z,WB-001106,True,2026-01-29T12:41:00Z,1,2
1c7359f8-42a0-4512-aa7f-2faeb63af9f7,SHP-001107,ea88e535-d182-44af-b0e8-9163f0b00269,4d560a3d-f4e7-469a-a454-09374a27ebf2,100000004,100000000,100000000,40.0,40.06,2,2024-07-23T09:34:14Z,2024-07-25T07:32:41Z,2024-07-25T08:09:54Z,2024-07-25T12:51:00Z,WB-001107,True,2024-07-23T08:42:00Z,1,2
30ddcaad-79fa-4cf0-8b37-56f187ec7638,SHP-001108,c7fc6d15-1276-406a-9119-2149732767c8,4d560a3d-f4e7-469a-a454-09374a27ebf2,100000004,100000000,100000000,50.0,50.02,3,2024-12-28T11:41:54Z,2024-12-31T18:58:43Z,2024-12-31T19:58:03Z,2025-01-01T04:59:00Z,WB-001108,True,2024-12-28T10:43:00Z,1,2
ed31e612-f379-4a8d-a719-dd8b46a33893,SHP-001109,916b01a9-38ad-4c68-9dbd-bc5e57b6862e,4d560a3d-f4e7-469a-a454-09374a27ebf2,100000004,100000000,100000000,20.0,20.09,1,2025-03-26T07:33:27Z,2025-03-29T03:34:51Z,2025-03-29T04:24:02Z,2025-03-29T09:09:00Z,WB-001109,True,2025-03-26T05:45:00Z,1,2
2a9d09cd-9551-486d-ab4e-b55580383394,SHP-001110,3f2ac742-c953-4c6d-81ba-6fccd2b7c43f,4d560a3d-f4e7-469a-a454-09374a27ebf2,100000004,100000000,100000001,135.0,135.34,6,2025-10-19T08:10:11Z,2025-10-20T05:37:48Z,2025-10-20T07:35:19Z,2025-10-20T11:53:00Z,WB-001110,True,2025-10-19T06:19:00Z,1,2
085f35c5-752c-4186-b89b-4f7c2368e2cc,SHP-001111,cb2245d5-7c03-4278-b260-295c3e311faa,ceae71cf-ce00-4af0-beb0-51817ba24588,100000004,100000000,100000000,185.0,185.22,8,2025-01-19T08:47:22Z,2025-01-23T00:26:06Z,2025-01-23T02:25:09Z,2025-01-23T08:15:00Z,WB-001111,True,2025-01-19T07:59:00Z,1,2
16ec8a43-5c4b-476e-85d5-0b3f2dc4de23,SHP-001112,65c095d7-8891-4cac-80ea-f77f7a6370c6,ceae71cf-ce00-4af0-beb0-51817ba24588,100000004,100000000,100000002,115.0,114.86,5,2025-03-08T12:34:32Z,2025-03-14T23:47:09Z,2025-03-15T01:28:22Z,2025-03-15T08:27:00Z,WB-001112,True,2025-03-08T11:47:00Z,1,2
d515f063-6e8b-4d86-a899-244206142b75,SHP-001113,dd06850e-4db8-44f7-8392-6b406e110418,ceae71cf-ce00-4af0-beb0-51817ba24588,100000004,100000001,100000001,85.0,84.83,4,2025-05-01T19:04:56Z,2025-05-02T22:45:35Z,2025-05-02T23:36:39Z,2025-05-03T08:02:00Z,WB-001113,True,2025-04-29T09:29:00Z,1,2
3d909899-a361-45e7-a190-8f82f398afbd,SHP-001114,c2aa7783-40bb-4ebb-9922-9f2fa76aa664,ceae71cf-ce00-4af0-beb0-51817ba24588,100000004,100000000,100000000,65.0,64.98,3,2025-05-17T11:39:33Z,2025-05-24T02:20:46Z,2025-05-24T03:02:25Z,2025-05-24T08:34:00Z,WB-001114,True,2025-05-17T08:52:00Z,1,2
c2e93130-bf32-4a3c-b7bb-bd020676c778,SHP-001115,cb9178a0-0c1c-42a8-9b44-55318c2071ce,ceae71cf-ce00-4af0-beb0-51817ba24588,100000004,100000000,100000000,80.0,80.57,4,2025-06-02T08:43:14Z,2025-06-07T03:54:58Z,2025-06-07T04:34:57Z,2025-06-07T10:07:00Z,WB-001115,True,2025-06-02T07:26:00Z,1,2
a87ae2ec-7015-4dd6-9b44-9c3cd7a1a582,SHP-001116,8cb1779e-0a99-436d-a679-8c247149b77e,ceae71cf-ce00-4af0-beb0-51817ba24588,100000004,100000000,100000002,100.0,100.59,5,2025-06-23T14:10:01Z,2025-06-25T03:44:06Z,2025-06-25T04:47:27Z,2025-06-25T11:26:00Z,WB-001116,True,2025-06-23T13:25:00Z,1,2
cdae6919-17a6-442d-84dd-becc53774daf,SHP-001117,0c4b65c0-3c38-4474-8126-cbdd48f08de7,ceae71cf-ce00-4af0-beb0-51817ba24588,100000004,100000000,100000002,115.0,115.26,5,2026-03-09T11:43:26Z,2026-03-11T05:30:21Z,2026-03-11T07:22:14Z,2026-03-11T13:21:00Z,WB-001117,True,2026-03-09T09:57:00Z,1,2
a0f93372-26e2-4f7d-b809-99823e263a26,SHP-001118,3f39acf0-29a0-4560-baa8-ea501887a444,ceae71cf-ce00-4af0-beb0-51817ba24588,100000004,100000000,100000000,90.0,90.33,4,2026-03-19T11:12:14Z,2026-03-21T07:31:26Z,2026-03-21T07:56:11Z,2026-03-21T12:56:00Z,WB-001118,True,2026-03-19T07:54:00Z,1,2
54b58714-a54e-4500-b53b-1200fca2b444,SHP-001119,2adf68f1-c494-462b-96b6-863ed099781c,ceae71cf-ce00-4af0-beb0-51817ba24588,100000004,100000000,100000001,195.0,194.11,9,2026-05-14T14:46:42Z,2026-05-16T01:27:18Z,2026-05-16T01:54:04Z,2026-05-16T09:36:00Z,WB-001119,True,2026-05-14T12:06:00Z,1,2
ca772aac-a88f-4b2d-9ec9-350340f3eb35,SHP-001120,faff4ef0-47d6-46c5-841a-9ce037e24ae1,741b77f5-4c24-4053-a7f5-ae02af5b8f47,100000000,100000001,100000000,20.0,20.1,1,2024-09-10T19:30:38Z,2024-09-12T04:00:19Z,2024-09-12T04:58:44Z,2024-09-12T10:18:00Z,WB-001120,True,2024-09-08T07:55:00Z,1,2
91c671ba-ef61-4ee8-8cf7-40bb54f9a9a3,SHP-001121,88a3a64a-eb15-44fc-b4f2-63cab80fc872,741b77f5-4c24-4053-a7f5-ae02af5b8f47,100000000,100000000,100000000,75.0,74.93,4,2025-04-13T10:43:43Z,2025-04-14T03:14:02Z,2025-04-14T03:53:20Z,2025-04-14T09:10:00Z,WB-001121,True,2025-04-13T07:42:00Z,1,2
1b0cd6dc-45d9-460f-86df-2ae3b4370943,SHP-001122,e6200224-f204-4f8f-8e6d-42fd98bb309c,741b77f5-4c24-4053-a7f5-ae02af5b8f47,100000000,100000000,100000000,110.0,110.01,5,2025-04-10T13:07:54Z,2025-04-15T08:03:01Z,2025-04-15T08:57:38Z,2025-04-15T13:17:00Z,WB-001122,True,2025-04-10T11:53:00Z,1,2
cf96fe1c-8ba1-4b61-8606-d2fa318a7c39,SHP-001123,e082a7cd-f424-4dc8-b2c2-1aa12e6485eb,741b77f5-4c24-4053-a7f5-ae02af5b8f47,100000000,100000000,100000000,105.0,105.56,5,2026-01-10T11:50:13Z,2026-01-14T08:18:13Z,2026-01-14T08:57:17Z,2026-01-14T13:23:00Z,WB-001123,True,2026-01-10T11:43:00Z,1,2
499c9bf4-624d-4375-a35f-6a8a933a8b93,SHP-001124,95dc1476-5062-46bc-80ae-279e94719140,741b77f5-4c24-4053-a7f5-ae02af5b8f47,100000000,100000000,100000000,40.0,39.95,2,2026-02-17T07:08:33Z,2026-02-20T23:09:03Z,2026-02-21T00:16:24Z,2026-02-21T06:23:00Z,WB-001124,True,2026-02-17T05:49:00Z,1,2
90fa599c-5e4e-4562-b645-6993818afdaf,SHP-001125,e9d2f9c7-691c-4cb2-a642-80bb6c51e175,741b77f5-4c24-4053-a7f5-ae02af5b8f47,100000000,100000000,100000000,15.0,14.97,1,2026-03-07T10:26:52Z,2026-03-14T02:48:18Z,2026-03-14T04:40:50Z,2026-03-14T09:39:00Z,WB-001125,True,2026-03-07T08:11:00Z,1,2
ba8cf499-c747-4631-9595-cb921c9c1910,SHP-001126,e0ca5d97-0274-43fc-b83d-820375ac7a11,2877f5d9-0f56-45f8-b048-faa112ae5c22,100000001,100000000,100000000,40.0,40.08,2,2025-04-14T05:40:23Z,2025-04-18T20:50:24Z,2025-04-18T21:43:12Z,2025-04-19T09:48:00Z,WB-001126,True,2025-04-14T05:11:00Z,1,2
644154d1-41a1-453a-8fdc-ef12e3c26e1d,SHP-001127,f034f7ea-adb6-4035-8f26-578050d146b5,2877f5d9-0f56-45f8-b048-faa112ae5c22,100000001,100000000,100000002,50.0,49.99,3,2026-02-09T08:24:22Z,2026-02-11T14:26:17Z,2026-02-11T16:19:04Z,2026-02-12T10:34:00Z,WB-001127,True,2026-02-09T05:10:00Z,1,2
1c0cab2a-ba09-4670-b0c7-b74148b7df54,SHP-001128,7c0d9348-1d45-48d2-8a00-788d35184b81,2877f5d9-0f56-45f8-b048-faa112ae5c22,100000001,100000001,100000002,75.0,75.01,4,2026-01-29T22:03:42Z,2026-01-30T10:58:24Z,2026-01-30T12:06:22Z,2026-01-31T05:18:00Z,WB-001128,True,2026-01-27T08:00:00Z,1,2
9cec0e89-0d60-4f8e-994e-b0a56650c829,SHP-001129,79955d40-da9d-42d3-b905-b8ee4c6b49fc,76e5ae78-7bf7-41d3-aa66-2fce7089fc6d,100000001,100000000,100000002,60.0,59.97,3,2024-10-26T14:41:38Z,2024-10-26T22:53:53Z,2024-10-27T00:24:54Z,2024-10-27T10:00:00Z,WB-001129,True,2024-10-26T13:10:00Z,1,2
91720410-dfc1-4436-979f-1dfbabddac22,SHP-001130,581cc7fd-6dc4-4b58-a18a-a184268afd9e,76e5ae78-7bf7-41d3-aa66-2fce7089fc6d,100000001,100000000,100000002,20.0,20.05,1,2025-08-26T13:18:49Z,2025-08-29T13:46:53Z,2025-08-29T15:11:34Z,2025-08-30T07:19:00Z,WB-001130,True,2025-08-26T10:15:00Z,1,2
a92d2295-8a4b-4c41-93b6-89e052c38e14,SHP-001131,bc7320b4-3199-436a-827f-86d26c3b6a14,76e5ae78-7bf7-41d3-aa66-2fce7089fc6d,100000001,100000000,100000000,55.0,54.97,3,2025-11-05T15:58:03Z,2025-11-10T23:42:16Z,2025-11-11T01:29:10Z,2025-11-11T11:14:00Z,WB-001131,True,2025-11-05T12:46:00Z,1,2
b406799b-e165-4515-a73b-18868d0d903e,SHP-001132,30d1bea7-b550-4961-923e-c5f69203a65e,76e5ae78-7bf7-41d3-aa66-2fce7089fc6d,100000001,100000000,100000000,25.0,25.08,2,2025-12-09T13:36:10Z,2025-12-14T04:25:53Z,2025-12-14T05:09:34Z,2025-12-14T12:04:00Z,WB-001132,True,2025-12-09T13:48:00Z,1,2
85f9ee6d-46e1-4748-8a66-8bee0a08e567,SHP-001133,d7ca9ab8-9ec1-442f-bdae-a7cbf84068a0,76e5ae78-7bf7-41d3-aa66-2fce7089fc6d,100000001,100000001,100000002,80.0,79.59,4,2026-01-07T02:40:54Z,2026-01-09T13:38:58Z,2026-01-09T14:46:52Z,2026-01-10T06:30:00Z,WB-001133,True,2026-01-03T08:54:00Z,1,2
68f05731-4bd1-44e1-8f53-8d3717a4d230,SHP-001134,8f383923-420a-4403-b2af-8a734518907a,24c778a5-9b4e-464b-9716-dc2e343ada2a,100000003,100000000,100000000,25.0,24.95,2,2024-08-01T10:39:15Z,2024-08-03T22:37:59Z,2024-08-03T23:19:24Z,2024-08-04T07:06:00Z,WB-001134,True,2024-08-01T08:47:00Z,1,2
05ad8029-4019-47ac-b059-3bc2f9150b44,SHP-001135,e19bbc4e-ba2f-4ca6-aa0a-b7ba689ddd56,24c778a5-9b4e-464b-9716-dc2e343ada2a,100000003,100000000,100000000,55.0,54.8,3,2024-11-03T04:58:31Z,2024-11-05T00:12:04Z,2024-11-05T01:20:46Z,2024-11-05T08:41:00Z,WB-001135,True,2024-11-03T04:52:00Z,1,2
15c878ee-3d7d-4740-9c66-4f3eb5b07216,SHP-001136,89cf6785-4364-46b5-a87b-ecad603166f4,24c778a5-9b4e-464b-9716-dc2e343ada2a,100000003,100000000,100000000,40.0,39.93,2,2024-10-10T11:34:03Z,2024-10-14T00:13:32Z,2024-10-14T01:22:01Z,2024-10-14T10:23:00Z,WB-001136,False,2024-10-10T09:40:00Z,1,2
537dc5af-5a97-4610-bd8b-6d71844b0140,SHP-001137,12dbb1da-a623-4b8d-a641-d4c914bef227,24c778a5-9b4e-464b-9716-dc2e343ada2a,100000003,100000000,100000000,40.0,39.89,2,2025-07-12T08:40:37Z,2025-07-14T06:41:20Z,2025-07-14T08:17:55Z,2025-07-14T12:39:00Z,WB-001137,True,2025-07-12T05:35:00Z,1,2
4153db8f-e6aa-47ff-a43f-b100581de325,SHP-001138,6a035dd3-720e-4c17-84c7-ac0e172f9a47,24c778a5-9b4e-464b-9716-dc2e343ada2a,100000003,100000001,100000000,70.0,69.96,3,2025-09-22T12:03:20Z,2025-09-22T23:07:32Z,2025-09-23T00:36:46Z,2025-09-23T07:26:00Z,WB-001138,True,2025-09-18T09:10:00Z,1,2
f2d153e5-8818-4635-ba0f-22feaf4cfd17,SHP-001139,5954c400-7836-4e30-98e4-1aebcd427b3a,24c778a5-9b4e-464b-9716-dc2e343ada2a,100000003,100000000,100000002,45.0,44.81,2,2025-12-27T05:44:17Z,2025-12-28T03:10:46Z,2025-12-28T05:08:36Z,2025-12-28T10:18:00Z,WB-001139,True,2025-12-27T05:33:00Z,1,2
aa38979e-d474-4e83-9559-0d541feec8a6,SHP-001140,6a7de66f-4bcc-4d1f-8af3-a22632d19bd7,24c778a5-9b4e-464b-9716-dc2e343ada2a,100000003,100000000,100000000,35.0,35.22,2,2025-12-17T07:29:45Z,2025-12-22T05:58:26Z,2025-12-22T06:52:23Z,2025-12-22T13:24:00Z,WB-001140,True,2025-12-17T06:05:00Z,1,2
f7270d97-be3c-43f2-8059-29a8b03a18a2,SHP-001141,c4fcf442-7dbc-4307-86ba-45799aaf1dd1,24c778a5-9b4e-464b-9716-dc2e343ada2a,100000003,100000000,100000000,40.0,40.06,2,2026-01-31T10:29:19Z,2026-02-04T02:49:47Z,2026-02-04T04:36:34Z,2026-02-04T10:27:00Z,WB-001141,True,2026-01-31T09:39:00Z,1,2
30a49bd1-3bbb-4fa9-9550-3b4030e78485,SHP-001142,5bcc8063-49eb-4edb-a911-ab5bbfb589f5,586a346a-dc5b-47d1-bcef-1972bbf483ce,100000000,100000000,100000000,95.0,94.91,4,2024-07-10T08:24:06Z,2024-07-12T23:34:38Z,2024-07-13T01:33:04Z,2024-07-13T05:46:00Z,WB-001142,False,2024-07-10T07:48:00Z,1,2
55770279-ef68-4751-9709-669f8f52fc5a,SHP-001143,51a1f175-4410-44dd-8077-aa2817469a68,586a346a-dc5b-47d1-bcef-1972bbf483ce,100000000,100000000,100000000,175.0,174.66,8,2024-08-26T12:18:30Z,2024-08-30T21:44:29Z,2024-08-30T22:19:45Z,2024-08-31T04:38:00Z,WB-001143,False,2024-08-26T10:55:00Z,1,2
1585aa94-525a-481e-9bba-48da882dffc7,SHP-001144,2d22ba19-98c1-426d-9e0e-f1adf4c4b8c1,586a346a-dc5b-47d1-bcef-1972bbf483ce,100000000,100000000,100000000,185.5,185.93,8,2024-10-01T12:33:20Z,2024-10-04T22:17:11Z,2024-10-04T23:14:00Z,2024-10-05T05:42:00Z,WB-001144,True,2024-10-01T10:26:00Z,1,2
454018b8-fb6a-4c56-83cc-11f7a710d701,SHP-001145,730e5e3f-df48-4af0-9ae0-741194626787,586a346a-dc5b-47d1-bcef-1972bbf483ce,100000000,100000000,100000003,105.0,105.24,5,2025-07-26T13:56:13Z,2025-07-27T04:11:44Z,2025-07-27T04:38:11Z,2025-07-27T10:38:00Z,WB-001145,True,2025-07-26T12:20:00Z,1,2
f023b785-4d57-412b-8bb2-06b5e13fe93c,SHP-001146,075d87ca-ddba-423d-ae28-fefd48afc7a4,1b2ededb-8fc8-4fc0-83d5-bceb5edbb8ee,100000000,100000001,100000001,20.0,19.93,1,2024-09-27T05:16:00Z,2024-09-27T22:27:18Z,2024-09-27T23:35:11Z,2024-09-28T05:17:00Z,WB-001146,True,2024-09-21T11:00:00Z,1,2
ed09b0cb-a2ea-463c-9ad0-8a507e4b529f,SHP-001147,d050df68-b48d-4c90-ad45-7f39a9af98ad,1f5d988f-776a-4f09-bde2-885951b1943c,100000000,100000001,100000000,65.0,65.05,3,2024-08-18T06:17:52Z,2024-08-19T03:33:03Z,2024-08-19T04:03:01Z,2024-08-19T09:54:00Z,WB-001147,True,2024-08-15T06:13:00Z,1,2
6ac524fc-0d3a-49a0-8d54-ac7e3abcd9f6,SHP-001148,259dc11a-20f6-4ced-9c98-76c60936fb31,1f5d988f-776a-4f09-bde2-885951b1943c,100000000,100000000,100000000,390.0,389.36,17,2025-01-06T13:49:53Z,2025-01-08T22:15:10Z,2025-01-09T00:05:16Z,2025-01-09T04:39:00Z,WB-001148,True,2025-01-06T13:48:00Z,1,2
bdd5e528-a3bd-4231-89bc-213737dd75a5,SHP-001149,3eb1e8bc-fef4-44d5-95fa-343e3c335679,1f5d988f-776a-4f09-bde2-885951b1943c,100000000,100000000,100000000,100.0,99.81,5,2024-12-28T13:10:06Z,2024-12-31T01:37:08Z,2024-12-31T02:03:31Z,2024-12-31T07:22:00Z,WB-001149,True,2024-12-28T11:30:00Z,1,2
afb96a01-309a-4164-915b-5269dc903d1c,SHP-001150,84ce9001-fa93-4192-bfdb-279309cb647a,1f5d988f-776a-4f09-bde2-885951b1943c,100000000,100000000,100000000,145.0,145.11,7,2025-05-04T15:40:30Z,2025-05-11T05:25:23Z,2025-05-11T06:29:04Z,2025-05-11T10:48:00Z,WB-001150,True,2025-05-04T12:38:00Z,1,2
0faabd8b-7e9c-4856-af80-ec4d45a90897,SHP-001151,e7524584-0415-472a-8886-720832dee01c,1f5d988f-776a-4f09-bde2-885951b1943c,100000000,100000000,100000000,110.0,109.88,5,2025-08-03T08:47:09Z,2025-08-06T02:46:50Z,2025-08-06T03:27:38Z,2025-08-06T10:22:00Z,WB-001151,True,2025-08-03T06:00:00Z,1,2
92112386-fea2-4064-a208-89e97a1b4b66,SHP-001152,47a82a41-3b86-4d19-8331-01c010613958,1f5d988f-776a-4f09-bde2-885951b1943c,100000000,100000000,100000000,315.0,314.56,14,2025-08-02T09:54:39Z,2025-08-08T23:36:22Z,2025-08-09T01:12:46Z,2025-08-09T08:20:00Z,WB-001152,True,2025-08-02T06:39:00Z,1,2
d71b0ab9-8f4f-447c-8901-68a4709344f8,SHP-001153,65810ae4-3814-49b1-95aa-2d67a83772a8,1f5d988f-776a-4f09-bde2-885951b1943c,100000000,100000000,100000000,190.0,190.22,8,2025-09-03T11:30:22Z,2025-09-08T21:12:30Z,2025-09-08T21:53:34Z,2025-09-09T05:30:00Z,WB-001153,True,2025-09-03T08:22:00Z,1,2
fbc2cc3c-077a-4246-9bf9-e18604c353bc,SHP-001154,9d7f78e4-7225-4da5-83fd-9e6838163d23,1f5d988f-776a-4f09-bde2-885951b1943c,100000000,100000001,100000000,275.0,274.74,12,2026-06-05T21:30:04Z,2026-06-07T01:30:06Z,2026-06-07T02:48:07Z,2026-06-07T07:14:00Z,WB-001154,True,2026-06-02T09:39:00Z,1,2
292f3f01-42dd-4a6d-a0d5-a727144e25e9,SHP-001155,4d88bca8-6123-462a-87e6-01cd1e7451e7,24108e9a-3f77-4cae-b318-b96d44790612,100000003,100000000,100000002,15.0,15.01,1,2025-10-27T06:06:03Z,2025-10-28T22:57:27Z,2025-10-29T00:28:27Z,2025-10-29T05:41:00Z,WB-001155,True,2025-10-27T05:35:00Z,1,2
682d47c3-a3ca-4c2e-a228-139cf61388f9,SHP-001156,76014369-a6f2-4f17-8825-b360a5982507,24108e9a-3f77-4cae-b318-b96d44790612,100000003,100000000,100000000,30.0,29.91,2,2026-01-15T06:29:53Z,2026-01-19T05:48:36Z,2026-01-19T06:54:05Z,2026-01-19T12:53:00Z,WB-001156,True,2026-01-15T06:16:00Z,1,2
3d04bc43-a297-4554-8de0-8b57c69a8087,SHP-001157,35fa4a4a-4575-4987-8f87-91c0e5d3f8bc,f204be89-4a4b-4563-8cf4-77ef18c8a616,100000000,100000000,100000001,90.0,90.4,4,2024-07-31T09:51:25Z,2024-08-02T22:40:14Z,2024-08-03T00:34:37Z,2024-08-03T05:11:00Z,WB-001157,True,2024-07-31T07:44:00Z,1,2
2fb44b19-a933-44ac-9a98-ff058b2c9bd0,SHP-001158,fc4b1044-ecdb-421c-95d3-5d447b830c99,f204be89-4a4b-4563-8cf4-77ef18c8a616,100000000,100000000,100000000,80.0,80.45,4,2024-07-04T12:59:09Z,2024-07-06T00:23:43Z,2024-07-06T02:18:48Z,2024-07-06T08:43:00Z,WB-001158,True,2024-07-04T12:35:00Z,1,2
c551896b-4f99-4ddd-8cf3-e2e8bef269b1,SHP-001159,8fb1ac58-ff39-4008-8410-bc565fdde0de,f204be89-4a4b-4563-8cf4-77ef18c8a616,100000000,100000000,100000000,55.0,55.11,3,2024-10-05T10:50:11Z,2024-10-12T02:37:25Z,2024-10-12T03:02:51Z,2024-10-12T10:47:00Z,WB-001159,True,2024-10-05T08:46:00Z,1,2
604d307a-d09c-4e13-8172-173f9bb36737,SHP-001160,e679a6f8-6c5f-4eae-9be0-9fbf89257f56,f204be89-4a4b-4563-8cf4-77ef18c8a616,100000000,100000000,100000000,430.0,430.75,18,2024-12-29T09:56:04Z,2024-12-31T00:04:47Z,2024-12-31T01:29:34Z,2024-12-31T05:49:00Z,WB-001160,False,2024-12-29T07:31:00Z,1,2
7f87f2d1-5df0-445f-8bba-83fc772e95a6,SHP-001161,1ac31adf-fcdf-48d8-bf48-1fe1e2352277,f204be89-4a4b-4563-8cf4-77ef18c8a616,100000000,100000000,100000001,245.0,245.52,11,2025-01-13T10:33:32Z,2025-01-14T03:51:39Z,2025-01-14T04:34:56Z,2025-01-14T09:43:00Z,WB-001161,True,2025-01-13T08:57:00Z,1,2
dc526674-9dc8-4452-8e83-08a00284002f,SHP-001162,76a5cea9-2f46-41f3-a69e-e577a8a9bf90,f204be89-4a4b-4563-8cf4-77ef18c8a616,100000000,100000000,100000000,60.0,60.04,3,2025-04-27T09:33:08Z,2025-05-03T05:06:39Z,2025-05-03T06:09:49Z,2025-05-03T11:23:00Z,WB-001162,True,2025-04-27T09:07:00Z,1,2
8c913960-d808-4f65-8c26-ac7ef43b4703,SHP-001163,f4fdae73-0cbc-4731-ad8b-f3d225b774bd,f204be89-4a4b-4563-8cf4-77ef18c8a616,100000000,100000000,100000003,150.0,150.15,7,2025-04-28T08:55:52Z,2025-04-29T08:19:02Z,2025-04-29T09:38:58Z,2025-04-29T12:41:00Z,WB-001163,True,2025-04-28T08:25:00Z,1,2
b2523bdf-aad8-4ef1-9dfd-36c764ce50f3,SHP-001164,94a13533-04a2-47e3-8ef0-72609400f5cd,f204be89-4a4b-4563-8cf4-77ef18c8a616,100000000,100000000,100000000,95.0,94.81,4,2025-06-07T12:12:50Z,2025-06-13T23:00:43Z,2025-06-14T00:45:21Z,2025-06-14T07:21:00Z,WB-001164,True,2025-06-07T10:05:00Z,1,2
3508e39d-26c6-4fcd-8351-ce944c6d5f65,SHP-001165,0cc6234e-e670-4c43-9a2f-fbe3029cddf5,f204be89-4a4b-4563-8cf4-77ef18c8a616,100000000,100000000,100000001,130.0,130.34,6,2025-06-16T16:39:39Z,2025-06-17T00:40:46Z,2025-06-17T01:48:05Z,2025-06-17T07:51:00Z,WB-001165,True,2025-06-16T14:08:00Z,1,2
b6fda65f-ad3a-4114-b23a-5b220828d7fb,SHP-001166,2df49e3a-1107-4ccd-93da-23268fbe7497,f204be89-4a4b-4563-8cf4-77ef18c8a616,100000000,100000000,100000002,270.0,270.37,12,2025-09-14T16:12:31Z,2025-09-16T03:32:51Z,2025-09-16T05:28:46Z,2025-09-16T08:36:00Z,WB-001166,True,2025-09-14T13:31:00Z,1,2
4c623e61-4790-43d3-a221-1536ae775a86,SHP-001167,ef9e1d73-af6e-4138-8aa4-3a856eb3162d,6b0ae0e3-9d89-4047-9d39-d7936257a4a2,100000000,100000001,100000002,50.0,49.91,3,2024-10-22T05:57:02Z,2024-10-22T22:04:07Z,2024-10-22T22:45:54Z,2024-10-23T07:36:00Z,WB-001167,True,2024-10-20T05:47:00Z,1,2
97a7a84e-ea52-480c-9175-7ea8ef59e40c,SHP-001168,fcb3120b-88bb-47b6-ac6b-56a2b1393d2e,6b0ae0e3-9d89-4047-9d39-d7936257a4a2,100000000,100000001,100000000,60.0,60.09,3,2025-02-28T13:04:06Z,2025-03-01T06:33:30Z,2025-03-01T07:16:15Z,2025-03-01T10:58:00Z,WB-001168,True,2025-02-25T06:08:00Z,1,2
199284cb-ed6c-4a00-8dc3-6582cab3d6de,SHP-001169,fa522673-d110-427a-a8e9-d004dd1b4cec,6b0ae0e3-9d89-4047-9d39-d7936257a4a2,100000000,100000000,100000000,45.0,45.05,2,2025-04-05T14:39:16Z,2025-04-08T21:15:02Z,2025-04-08T22:17:46Z,2025-04-09T06:04:00Z,WB-001169,True,2025-04-05T12:40:00Z,1,2
d4ba50ef-5320-4490-b194-5772a94030ad,SHP-001170,fa4296dc-0fbc-4b95-a008-c675920cb8f4,e6fdd7af-dd84-4acc-b672-94643f8ea40a,100000001,100000000,100000002,100.0,100.35,5,2024-08-17T07:59:29Z,2024-08-22T03:48:17Z,2024-08-22T05:26:29Z,2024-08-22T12:06:00Z,WB-001170,True,2024-08-17T07:35:00Z,1,2
14a57347-e5b9-4ad2-9fe7-9eac31199212,SHP-001171,7eaa4fa1-3894-41d7-a760-6d82fab11934,e6fdd7af-dd84-4acc-b672-94643f8ea40a,100000001,100000000,100000002,50.0,49.94,3,2024-10-14T15:27:54Z,2024-10-21T05:22:40Z,2024-10-21T07:07:42Z,2024-10-21T11:55:00Z,WB-001171,True,2024-10-14T12:00:00Z,1,2
8b032de6-cf35-451c-bb95-86524220e29a,SHP-001172,fde6b582-dfb5-4fd6-a0f6-d21f2058a245,e6fdd7af-dd84-4acc-b672-94643f8ea40a,100000001,100000000,100000001,105.0,104.87,5,2024-10-20T16:10:06Z,2024-10-25T21:14:11Z,2024-10-25T22:49:19Z,2024-10-26T05:29:00Z,WB-001172,False,2024-10-20T13:28:00Z,1,2
8d44d50e-74e7-48ca-836b-9ed9090eac06,SHP-001173,10b44479-a8d1-445a-9ac1-e24f2937b340,e6fdd7af-dd84-4acc-b672-94643f8ea40a,100000001,100000000,100000000,45.0,45.11,2,2025-05-31T10:56:14Z,2025-06-03T01:56:35Z,2025-06-03T03:13:04Z,2025-06-03T08:31:00Z,WB-001173,True,2025-05-31T09:07:00Z,1,2
7121f25f-78ed-4afa-8769-85e44053525e,SHP-001174,ff28b38c-ce53-4151-8c9d-812bc716aa9f,e6fdd7af-dd84-4acc-b672-94643f8ea40a,100000001,100000000,100000000,69.5,69.46,3,2026-03-05T12:16:02Z,2026-03-10T03:14:12Z,2026-03-10T04:50:46Z,2026-03-10T09:41:00Z,WB-001174,True,2026-03-05T09:01:00Z,1,2
b655845c-752c-4332-8583-f26dde8fb17e,SHP-001175,ca654ee3-8977-40a3-b746-e90b5c99da8e,e6fdd7af-dd84-4acc-b672-94643f8ea40a,100000001,100000000,100000000,25.0,25.12,2,2026-02-28T09:52:22Z,2026-03-07T00:17:43Z,2026-03-07T01:48:45Z,2026-03-07T10:05:00Z,WB-001175,True,2026-02-28T09:47:00Z,1,2
ba525f24-782a-4d1c-9cba-92bd62a996f0,SHP-001176,d4d3a4f2-d17d-4694-bcbd-16afb5ced67c,e6fdd7af-dd84-4acc-b672-94643f8ea40a,100000001,100000001,100000002,80.0,80.4,4,2026-02-14T19:04:10Z,2026-02-16T07:07:10Z,2026-02-16T08:27:29Z,2026-02-16T12:44:00Z,WB-001176,True,2026-02-12T10:28:00Z,1,2
02deec57-6521-42cc-b7c1-36019fbc3695,SHP-001177,ce13cd56-3e16-4d57-bf3b-e8c3299420aa,e6fdd7af-dd84-4acc-b672-94643f8ea40a,100000001,100000001,100000002,100.0,100.45,5,2026-06-01T03:10:56Z,2026-06-02T02:46:36Z,2026-06-02T03:28:51Z,2026-06-02T09:50:00Z,WB-001177,True,2026-05-30T06:41:00Z,1,2
472b7cb4-9b0b-4a78-b6e2-3e1f39a4a3e2,SHP-001178,033865b6-ad1c-401b-a1d4-d265d5414d2f,ef0a573d-53d2-456d-9040-158728e213bc,100000001,100000001,100000001,14.5,14.58,1,2025-01-01T06:50:13Z,2025-01-02T03:43:31Z,2025-01-02T04:25:55Z,2025-01-02T08:28:00Z,WB-001178,True,2024-12-30T07:18:00Z,1,2
553f457c-cf6f-469d-9fd4-a58283354b63,SHP-001179,23d46931-02a7-416e-a17b-cef9217ee696,ef0a573d-53d2-456d-9040-158728e213bc,100000001,100000000,100000000,25.0,24.91,2,2025-11-18T16:50:48Z,2025-11-22T02:37:38Z,2025-11-22T04:23:52Z,2025-11-22T10:12:00Z,WB-001179,True,2025-11-18T13:30:00Z,1,2
fae9dbe0-dbd4-4455-a136-2c04a98176cc,SHP-001180,563ef00e-ca34-4cae-98ed-0811e21d155c,ef0a573d-53d2-456d-9040-158728e213bc,100000001,100000000,100000000,20.0,20.12,1,2026-03-22T09:44:47Z,2026-03-26T00:27:54Z,2026-03-26T01:20:56Z,2026-03-26T06:50:00Z,WB-001180,True,2026-03-22T06:52:00Z,1,2
c152e2c9-4047-4826-bd56-b35e959dc66b,SHP-001181,b8e947ad-2daf-43c4-9a01-8171d92f0dba,3098f7b2-500e-45c0-b89b-df7f93e34c35,100000003,100000000,100000002,90.0,90.01,4,2024-09-01T15:46:15Z,2024-09-07T02:19:20Z,2024-09-07T03:00:03Z,2024-09-07T06:50:00Z,WB-001181,True,2024-09-01T13:13:00Z,1,2
e83bb524-1d43-4221-a1fe-e8b0b7f77964,SHP-001182,4d4ebb97-38b3-4007-a654-6d299d99868d,3098f7b2-500e-45c0-b89b-df7f93e34c35,100000003,100000000,100000002,45.0,45.06,2,2025-01-22T09:32:23Z,2025-01-28T03:30:37Z,2025-01-28T05:28:36Z,2025-01-28T11:03:00Z,WB-001182,True,2025-01-22T06:30:00Z,1,2
2a58ff52-3ac5-454e-be23-679a54c92391,SHP-001183,a5ebafd8-dabe-4121-a7ad-16cef1bac56e,3098f7b2-500e-45c0-b89b-df7f93e34c35,100000003,100000000,100000002,45.0,44.9,2,2025-03-13T13:24:17Z,2025-03-15T06:33:35Z,2025-03-15T07:59:11Z,2025-03-15T13:18:00Z,WB-001183,True,2025-03-13T09:40:00Z,1,2
47762198-ff93-484f-b652-b41fec9e4ab2,SHP-001184,3ccf1c58-34c7-491a-95ea-9721b5bcf1a0,3098f7b2-500e-45c0-b89b-df7f93e34c35,100000003,100000000,100000000,30.0,29.97,2,2025-05-25T12:55:17Z,2025-05-28T03:55:48Z,2025-05-28T05:01:27Z,2025-05-28T11:28:00Z,WB-001184,True,2025-05-25T10:50:00Z,1,2
a3f125f7-803e-4b04-938f-33004f736781,SHP-001185,46c170a2-f403-45e7-ad6a-10ef1138cec7,3098f7b2-500e-45c0-b89b-df7f93e34c35,100000003,100000001,100000002,110.0,110.07,5,2025-07-28T22:54:37Z,2025-07-29T18:24:18Z,2025-07-29T19:23:49Z,2025-07-30T05:23:00Z,WB-001185,True,2025-07-26T07:23:00Z,1,2
e6a0c8c1-0d6b-4c31-b922-06855733f5de,SHP-001186,107f2ed0-eea6-4f09-98fd-58e0c79f3314,3098f7b2-500e-45c0-b89b-df7f93e34c35,100000003,100000000,100000001,140.0,139.83,6,2025-12-18T16:32:22Z,2025-12-20T04:23:56Z,2025-12-20T05:13:34Z,2025-12-20T11:50:00Z,WB-001186,True,2025-12-18T13:58:00Z,1,2
749f3600-dff3-4c19-a861-a012cc7d3818,SHP-001187,e5de316f-ec2f-47b2-bc94-4d7824d88902,e10b1a47-7fae-4748-b781-321e83c501cb,100000001,100000000,100000000,20.0,20.03,1,2024-07-17T10:56:04Z,2024-07-24T01:55:26Z,2024-07-24T03:51:58Z,2024-07-24T08:39:00Z,WB-001187,True,2024-07-17T08:09:00Z,1,2
7383bb2b-11b9-414c-8436-4e59c0bf91f9,SHP-001188,03f09da7-0f75-4427-a6af-d86502435fbc,e10b1a47-7fae-4748-b781-321e83c501cb,100000001,100000000,100000000,50.0,50.03,3,2024-09-21T12:05:53Z,2024-09-26T00:12:53Z,2024-09-26T01:05:51Z,2024-09-26T05:00:00Z,WB-001188,True,2024-09-21T11:48:00Z,1,2
33e7e785-334c-4c46-ae89-367dc681c596,SHP-001189,3a34cfbe-c841-47dc-8432-b689b733b7e0,e10b1a47-7fae-4748-b781-321e83c501cb,100000001,100000000,100000003,55.0,54.96,3,2025-05-17T11:46:56Z,2025-05-17T23:54:02Z,2025-05-18T00:50:09Z,2025-05-18T05:20:00Z,WB-001189,True,2025-05-17T10:36:00Z,1,2
d9fa833a-66eb-42e1-a64b-b7e816dc9840,SHP-001190,5ab4d6f2-cb62-4998-abb3-aa95a810c4a2,e10b1a47-7fae-4748-b781-321e83c501cb,100000001,100000000,100000000,65.0,65.02,3,2025-11-15T15:20:08Z,2025-11-21T23:11:49Z,2025-11-22T01:05:53Z,2025-11-22T07:31:00Z,WB-001190,True,2025-11-15T13:19:00Z,1,2
f61b3c24-1500-414a-8f37-df2d4da35c24,SHP-001191,95152aea-202a-478c-b249-85f6aa4d55e6,170d7507-05ee-41d4-bf53-a88e4efc8248,100000000,100000001,100000001,45.0,44.93,2,2024-10-17T14:07:53Z,2024-10-20T02:46:23Z,2024-10-20T04:17:31Z,2024-10-20T08:36:00Z,WB-001191,True,2024-10-13T10:30:00Z,1,2
b370088f-a5b8-41a4-8f00-94f83ff93e01,SHP-001192,0eab3b99-0209-4b2f-9b44-ec5478121415,170d7507-05ee-41d4-bf53-a88e4efc8248,100000000,100000000,100000001,35.0,35.03,2,2024-10-28T10:05:07Z,2024-11-04T06:18:00Z,2024-11-04T07:35:02Z,2024-11-04T11:23:00Z,WB-001192,True,2024-10-28T07:28:00Z,1,2
34679f4f-d14c-4170-8159-da37cf33700f,SHP-001193,43e71949-86f6-445f-a2e5-a9b94ec59497,170d7507-05ee-41d4-bf53-a88e4efc8248,100000000,100000000,100000001,115.0,114.88,5,2025-01-05T14:24:57Z,2025-01-05T23:28:26Z,2025-01-06T00:08:43Z,2025-01-06T06:51:00Z,WB-001193,True,2025-01-05T11:15:00Z,1,2
a1a9cce9-707e-4c76-86f4-dd815e2fb301,SHP-001194,bed01fdb-0d3a-481f-a689-3217b44dd7b5,170d7507-05ee-41d4-bf53-a88e4efc8248,100000000,100000000,100000000,130.0,129.73,6,2025-06-24T08:25:29Z,2025-06-28T05:28:48Z,2025-06-28T05:58:21Z,2025-06-28T12:39:00Z,WB-001194,True,2025-06-24T06:09:00Z,1,2
ae40d0e2-40ec-4823-85d2-1b491f6cfcd5,SHP-001195,8f6256c0-05b8-4545-91ef-ce2c3faacbdd,170d7507-05ee-41d4-bf53-a88e4efc8248,100000000,100000000,100000000,25.0,24.98,2,2025-08-09T16:24:42Z,2025-08-14T04:57:48Z,2025-08-14T06:31:27Z,2025-08-14T10:49:00Z,WB-001195,True,2025-08-09T13:31:00Z,1,2
84466a20-96a1-4b73-95f2-8b7b0ff659f5,SHP-001196,957c2f99-b096-42fd-bf4a-80cd2af2105c,170d7507-05ee-41d4-bf53-a88e4efc8248,100000000,100000000,100000003,35.0,34.88,2,2025-09-28T13:50:32Z,2025-09-29T05:29:52Z,2025-09-29T05:57:44Z,2025-09-29T12:49:00Z,WB-001196,True,2025-09-28T11:47:00Z,1,2
214d55b3-6297-4684-92ae-78ee888dc034,SHP-001197,4a275c17-3396-4c4f-817b-15dd4bb856ef,750d112e-8164-4eec-a4ab-851bf1fac6e7,100000001,100000001,100000002,15.0,15.0,1,2025-07-30T13:01:19Z,2025-07-31T01:55:48Z,2025-07-31T03:37:23Z,2025-07-31T06:38:00Z,WB-001197,True,2025-07-26T05:31:00Z,1,2
062e6e44-dce6-4137-8063-48c4c9938023,SHP-001198,40570d7c-9b46-4fe1-8782-15a6c74da8af,750d112e-8164-4eec-a4ab-851bf1fac6e7,100000001,100000001,100000000,5.0,4.99,1,2026-02-17T09:38:19Z,2026-02-17T23:18:12Z,2026-02-17T23:42:40Z,2026-02-18T05:20:00Z,WB-001198,True,2026-02-14T11:39:00Z,1,2
b4e41f86-fb68-47c1-a07d-e09fb1ff59a9,SHP-001199,abf54707-c8ea-4651-82ae-eaac70d74a3b,95560a2d-3713-4466-bda0-6476f778c676,100000002,100000000,100000001,15.0,15.15,1,2025-02-02T11:46:45Z,2025-02-08T05:41:28Z,2025-02-08T07:23:39Z,2025-02-08T12:53:00Z,WB-001199,True,2025-02-02T08:26:00Z,1,2
9975ad64-1817-4b59-8623-9582cafea982,SHP-001200,e602163a-49ef-4146-a68f-7c1acced4c38,95560a2d-3713-4466-bda0-6476f778c676,100000002,100000000,100000000,65.0,64.77,3,2025-09-09T10:27:59Z,2025-09-13T00:55:17Z,2025-09-13T02:28:04Z,2025-09-13T09:46:00Z,WB-001200,True,2025-09-09T09:24:00Z,1,2
9eb72013-d2ed-4f9c-a3f8-99bc9636d6b2,SHP-001201,8e08c482-f320-42dc-96a9-1a1f9593872a,4806f804-0cf0-474c-8c74-dc0f5a575539,100000000,100000000,100000001,20.0,20.04,1,2024-08-11T13:11:38Z,2024-08-12T00:20:43Z,2024-08-12T01:11:46Z,2024-08-12T06:19:00Z,WB-001201,True,2024-08-11T11:50:00Z,1,2
d1efd361-4cdf-442f-9363-a8ea466a2b5c,SHP-001202,61eb52ee-3267-41b2-aebd-231a50c950a3,4806f804-0cf0-474c-8c74-dc0f5a575539,100000000,100000000,100000000,20.0,20.09,1,2024-10-05T11:34:05Z,2024-10-08T01:49:58Z,2024-10-08T03:30:50Z,2024-10-08T09:58:00Z,WB-001202,True,2024-10-05T10:54:00Z,1,2
6c556d04-c29c-4769-9ad7-4cdd5b64380a,SHP-001203,9ee61423-5504-4237-92c8-55254e92f12a,4806f804-0cf0-474c-8c74-dc0f5a575539,100000000,100000000,100000000,35.0,35.13,2,2025-03-04T11:26:13Z,2025-03-08T00:22:16Z,2025-03-08T01:50:05Z,2025-03-08T06:54:00Z,WB-001203,False,2025-03-04T07:53:00Z,1,2
030dffca-7777-4b6b-8196-2b32561751fd,SHP-001204,b9be6f81-2b42-4175-b57c-f62f5fbf371d,4806f804-0cf0-474c-8c74-dc0f5a575539,100000000,100000000,100000000,15.0,14.96,1,2025-05-15T12:35:24Z,2025-05-22T06:29:14Z,2025-05-22T07:53:31Z,2025-05-22T12:14:00Z,WB-001204,True,2025-05-15T11:48:00Z,1,2
db1c715a-5715-42db-a3ef-3073f6291eb1,SHP-001205,e66a222f-46c0-4a32-a3fe-9778b133a649,4806f804-0cf0-474c-8c74-dc0f5a575539,100000000,100000000,100000000,35.0,34.87,2,2025-06-28T13:21:09Z,2025-07-01T22:29:25Z,2025-07-01T23:58:35Z,2025-07-02T06:05:00Z,WB-001205,True,2025-06-28T09:35:00Z,1,2
db9eda7d-0fad-4863-93fa-243c682b46d1,SHP-001206,681db6cd-3d32-4ee5-a5b1-de82bd98d308,4806f804-0cf0-474c-8c74-dc0f5a575539,100000000,100000000,100000000,20.0,20.02,1,2025-07-12T07:28:27Z,2025-07-15T23:06:42Z,2025-07-16T00:55:59Z,2025-07-16T04:46:00Z,WB-001206,True,2025-07-12T07:04:00Z,1,2
ba62f970-ea3d-48f9-b1c4-eeeaf4c32f2e,SHP-001207,958de3e1-ca84-4617-b0b4-f1ebab1a9d38,4806f804-0cf0-474c-8c74-dc0f5a575539,100000000,100000000,100000000,55.0,55.04,3,2025-07-26T12:49:14Z,2025-08-02T01:00:46Z,2025-08-02T01:28:51Z,2025-08-02T07:53:00Z,WB-001207,True,2025-07-26T12:32:00Z,1,2
83ca0f23-112f-4db0-b285-e2a0b0b52287,SHP-001208,0d6acaa5-800d-46bd-b41b-869565108643,4806f804-0cf0-474c-8c74-dc0f5a575539,100000000,100000000,100000000,15.0,15.01,1,2025-08-26T08:53:34Z,2025-08-30T07:06:44Z,2025-08-30T08:00:58Z,2025-08-30T11:48:00Z,WB-001208,True,2025-08-26T06:46:00Z,1,2
6d3342e7-210d-4097-a398-82e90f38df68,SHP-001209,12f2f2a4-1e48-4b3a-9ea5-d2fd0a207e84,4806f804-0cf0-474c-8c74-dc0f5a575539,100000000,100000000,100000002,15.0,14.97,1,2025-09-13T10:51:30Z,2025-09-18T01:18:04Z,2025-09-18T02:25:10Z,2025-09-18T07:38:00Z,WB-001209,True,2025-09-13T07:53:00Z,1,2
53e1c08b-2192-4f5c-9f88-bcfb8d84f4bd,SHP-001210,586841f1-449e-4d9b-a2c5-c6bfd9920c0c,4806f804-0cf0-474c-8c74-dc0f5a575539,100000000,100000000,100000000,40.0,39.95,2,2025-11-01T06:07:35Z,2025-11-05T03:14:58Z,2025-11-05T04:10:49Z,2025-11-05T09:44:00Z,WB-001210,True,2025-11-01T05:12:00Z,1,2
e0a1ba58-c3f7-454c-aa61-5f575e286601,SHP-001211,94947430-5da3-4f0a-9aaa-507f19c9dcd0,4806f804-0cf0-474c-8c74-dc0f5a575539,100000000,100000000,100000000,60.0,59.68,3,2026-05-31T08:44:55Z,2026-06-07T06:37:40Z,2026-06-07T07:26:25Z,2026-06-07T12:48:00Z,WB-001211,True,2026-05-31T08:39:00Z,1,2
0beebc91-de10-41b2-916c-a2a9665240a3,SHP-001212,adc535a2-4dd2-4f69-b202-4db3fc86d65e,d7c4fe9c-e1e0-4ffc-98f6-fd7f7eb162f1,100000000,100000000,100000000,115.0,114.54,5,2024-07-31T09:38:25Z,2024-08-02T22:17:16Z,2024-08-02T23:13:17Z,2024-08-03T04:39:00Z,WB-001212,True,2024-07-31T07:07:00Z,1,2
82b2d693-d5fa-48c3-a1b7-9368cf396374,SHP-001213,0280d4fa-234f-4743-aea3-4f9f08a04e96,d7c4fe9c-e1e0-4ffc-98f6-fd7f7eb162f1,100000000,100000000,100000000,145.0,145.35,7,2025-02-08T10:34:08Z,2025-02-12T21:30:31Z,2025-02-12T22:53:18Z,2025-02-13T06:55:00Z,WB-001213,True,2025-02-08T10:21:00Z,1,2
0ef931a0-9ebd-4c7b-b805-d595d7fd9d90,SHP-001214,26b00916-523d-4eb2-a5fd-4746c91bff9e,d7c4fe9c-e1e0-4ffc-98f6-fd7f7eb162f1,100000000,100000000,100000000,65.0,65.23,3,2025-03-31T09:55:15Z,2025-04-07T06:28:05Z,2025-04-07T07:32:18Z,2025-04-07T13:29:00Z,WB-001214,True,2025-03-31T08:37:00Z,1,2
2ce13447-ffc7-4bdf-882e-6137726e5f42,SHP-001215,4207fe9b-cbe4-4d21-9e98-4edc5b1a2558,4926ce5f-7878-4140-ac2a-4f71a77d95f1,100000000,100000000,100000000,105.0,104.9,5,2024-08-17T13:54:09Z,2024-08-23T21:32:44Z,2024-08-23T22:55:49Z,2024-08-24T05:12:00Z,WB-001215,True,2024-08-17T12:29:00Z,1,2
6f828e4a-af51-4528-84b4-fc78f5a0f4f6,SHP-001216,f5cca98e-196e-4340-9931-fc1b606bb4a5,4926ce5f-7878-4140-ac2a-4f71a77d95f1,100000000,100000000,100000002,95.0,94.84,4,2024-08-24T10:46:20Z,2024-08-26T00:04:39Z,2024-08-26T01:54:45Z,2024-08-26T10:17:00Z,WB-001216,True,2024-08-24T07:55:00Z,1,2
27646c37-3952-42ef-87c8-9d97b4e8e965,SHP-001217,005af162-1c9b-4a67-95c6-d637a0886d9f,4926ce5f-7878-4140-ac2a-4f71a77d95f1,100000000,100000000,100000003,45.0,45.14,2,2024-11-09T11:22:24Z,2024-11-10T04:47:09Z,2024-11-10T06:30:55Z,2024-11-10T11:14:00Z,WB-001217,True,2024-11-09T09:17:00Z,1,2
206f14c7-7467-488f-97a3-7afd8cec180a,SHP-001218,e243bdc3-0a33-4762-b388-b3d7f4ee948c,4926ce5f-7878-4140-ac2a-4f71a77d95f1,100000000,100000000,100000001,60.0,59.92,3,2025-06-25T08:09:04Z,2025-06-29T00:48:19Z,2025-06-29T02:26:18Z,2025-06-29T08:04:00Z,WB-001218,True,2025-06-25T05:28:00Z,1,2
a90ee0f4-13e3-4143-974b-5ffa1384c561,SHP-001219,115dc8c9-bd0e-4105-98c6-de3a46552c4f,4926ce5f-7878-4140-ac2a-4f71a77d95f1,100000000,100000000,100000001,50.0,50.19,3,2025-07-26T09:34:36Z,2025-08-02T06:10:01Z,2025-08-02T07:57:41Z,2025-08-02T11:14:00Z,WB-001219,True,2025-07-26T09:48:00Z,1,2
b262196a-40f5-4052-81c1-39619bff1538,SHP-001220,3ca2f5bc-2c6d-49ff-bfbf-f5a8243eaa56,4926ce5f-7878-4140-ac2a-4f71a77d95f1,100000000,100000000,100000000,30.0,30.04,2,2026-03-12T09:32:10Z,2026-03-17T22:50:39Z,2026-03-17T23:22:59Z,2026-03-18T04:42:00Z,WB-001220,True,2026-03-12T06:07:00Z,1,2
681c2628-4a59-462d-8a4e-77fce3ebdffa,SHP-001221,d648762d-71aa-4c35-9c0d-2f2317ad736b,1b84edc3-d8e0-49de-8217-ea0e896490ab,100000004,100000000,100000002,70.0,69.72,3,2026-04-18T11:00:58Z,2026-04-20T23:01:15Z,2026-04-21T00:44:50Z,2026-04-21T08:37:00Z,WB-001221,True,2026-04-18T10:45:00Z,1,2
c1ca0c89-7361-4d4b-95e4-7b86027b1e7a,SHP-001222,dcbd351c-bf9e-40bf-8b9c-a6299999489d,43b47ee5-e1e8-4e7e-a249-8f666e51484d,100000005,100000000,100000000,209.5,209.28,9,2024-10-08T13:52:54Z,2024-10-13T00:37:19Z,2024-10-13T02:06:08Z,2024-10-13T06:46:00Z,WB-001222,True,2024-10-08T10:41:00Z,1,2
7ad9ed43-a7a7-47e2-95e5-6d78c13b0a6b,SHP-001223,f048fc39-dbca-4cfd-8161-e369ebd44c37,673ba8bd-c38c-4dec-9da3-9a73ba3df7ff,100000003,100000000,100000000,35.0,35.07,2,2025-05-31T06:33:33Z,2025-06-07T02:02:06Z,2025-06-07T02:51:04Z,2025-06-07T07:54:00Z,WB-001223,True,2025-05-31T06:15:00Z,1,2
ab508ca5-7bb2-4c0f-bfff-ff91c0c2992d,SHP-001224,12c4bbaf-b623-4984-817b-1369ada63c3c,673ba8bd-c38c-4dec-9da3-9a73ba3df7ff,100000003,100000000,100000000,115.0,115.04,5,2025-11-08T12:56:30Z,2025-11-12T07:48:42Z,2025-11-12T08:22:00Z,2025-11-12T13:07:00Z,WB-001224,True,2025-11-08T11:17:00Z,1,2
39d7bc27-d7ce-4755-baa4-52263b8f242e,SHP-001225,9313b649-f1d7-42e8-96a9-95f10d469137,673ba8bd-c38c-4dec-9da3-9a73ba3df7ff,100000003,100000001,100000000,45.0,45.05,2,2025-12-10T07:39:13Z,2025-12-11T06:59:14Z,2025-12-11T07:29:03Z,2025-12-11T11:27:00Z,WB-001225,True,2025-12-07T05:52:00Z,1,2
f4e63a6c-2930-4ef9-8432-1ad4c81f32a6,SHP-001226,64718b02-7944-4b92-ab2d-747c981163bc,0d18ab95-668c-4477-8b95-017c5dae1201,100000000,100000001,100000002,25.0,25.06,2,2025-03-25T11:26:58Z,2025-03-26T04:30:22Z,2025-03-26T05:18:34Z,2025-03-26T10:55:00Z,WB-001226,True,2025-03-22T13:08:00Z,1,2
e773b2cc-2f5d-426e-8739-60c580bfe6e7,SHP-001227,e7b10d06-900b-4257-88fe-9687f94cbf86,0d18ab95-668c-4477-8b95-017c5dae1201,100000000,100000000,100000001,60.0,60.08,3,2025-04-26T12:19:50Z,2025-04-27T04:55:18Z,2025-04-27T06:21:37Z,2025-04-27T10:04:00Z,WB-001227,True,2025-04-26T10:28:00Z,1,2
8ace062c-d7a9-4c3f-a889-b6c208ba02f8,SHP-001228,d3c46137-c830-405b-8b8c-18f5f26972f4,5cce5ba9-31d4-4e09-8fd3-3afc91fdfa4f,100000000,100000001,100000000,40.0,39.94,2,2024-07-18T02:35:54Z,2024-07-20T01:43:36Z,2024-07-20T02:32:41Z,2024-07-20T10:27:00Z,WB-001228,True,2024-07-13T12:39:00Z,1,2
6047ccfb-fb96-4816-b63b-4b4f78f83bac,SHP-001229,6ac22763-4ca6-4f44-9fc1-329ad2f22889,5cce5ba9-31d4-4e09-8fd3-3afc91fdfa4f,100000000,100000000,100000001,30.0,29.9,2,2024-07-31T08:59:08Z,2024-07-31T22:58:14Z,2024-08-01T00:37:06Z,2024-08-01T05:49:00Z,WB-001229,True,2024-07-31T08:28:00Z,1,2
f95d888e-9b5b-4315-ae56-9302fe7331d1,SHP-001230,d62b89be-61c7-45f8-8d36-af9f59f9f981,5cce5ba9-31d4-4e09-8fd3-3afc91fdfa4f,100000000,100000000,100000000,25.0,24.96,2,2024-11-20T13:20:49Z,2024-11-23T23:36:55Z,2024-11-24T01:28:00Z,2024-11-24T06:33:00Z,WB-001230,True,2024-11-20T11:10:00Z,1,2
8d4a8394-a44f-418b-9ab9-c349be2c5e13,SHP-001231,f855da68-b9e1-4531-8d9b-dac8aa78eb46,5cce5ba9-31d4-4e09-8fd3-3afc91fdfa4f,100000000,100000000,100000000,40.0,40.22,2,2025-01-11T09:25:45Z,2025-01-18T02:58:31Z,2025-01-18T04:00:58Z,2025-01-18T11:38:00Z,WB-001231,True,2025-01-11T06:31:00Z,1,2
5cc82265-c573-4a03-b640-1a5d650930a9,SHP-001232,d4f7212c-aff7-4038-8564-2b90ddba9a42,5cce5ba9-31d4-4e09-8fd3-3afc91fdfa4f,100000000,100000000,100000000,45.0,45.01,2,2025-05-12T08:17:08Z,2025-05-17T07:43:34Z,2025-05-17T09:14:30Z,2025-05-17T12:53:00Z,WB-001232,True,2025-05-12T05:13:00Z,1,2
0306dfef-1f24-4c8a-9175-dd76098a1f1f,SHP-001233,45ae2c55-b742-4141-988d-b3ce0cf78274,5cce5ba9-31d4-4e09-8fd3-3afc91fdfa4f,100000000,100000000,100000000,40.0,39.95,2,2025-10-21T09:07:04Z,2025-10-26T06:31:33Z,2025-10-26T07:55:49Z,2025-10-26T13:17:00Z,WB-001233,True,2025-10-21T06:51:00Z,1,2
0b24dd18-f644-44d9-a251-486942f4adb9,SHP-001234,4022bad9-7e9c-4175-92f9-a8fb8746f2ad,62e7c1a6-12d2-4a06-89e1-cd138da00495,100000001,100000000,100000000,30.0,30.07,2,2024-08-06T08:39:07Z,2024-08-10T06:38:53Z,2024-08-10T07:44:02Z,2024-08-10T11:59:00Z,WB-001234,True,2024-08-06T08:22:00Z,1,2
2ff4272a-128f-4aca-b637-9f37d0455fa3,SHP-001235,1f5491c9-6b2e-4435-bb7d-64c7d092483f,62e7c1a6-12d2-4a06-89e1-cd138da00495,100000001,100000000,100000000,15.0,14.97,1,2024-10-23T14:23:05Z,2024-10-26T01:17:38Z,2024-10-26T02:58:36Z,2024-10-26T08:11:00Z,WB-001235,True,2024-10-23T12:22:00Z,1,2
5476657a-0d41-4727-923b-41a518c46ac0,SHP-001236,2210f90c-ca0b-4b55-b4e0-d197f5e44f02,9f8cc29f-fd35-4c5f-9347-9a3b479bc637,100000002,100000000,100000000,25.0,25.01,2,2025-10-12T11:10:56Z,2025-10-14T01:02:09Z,2025-10-14T02:53:53Z,2025-10-14T07:37:00Z,WB-001236,True,2025-10-12T08:13:00Z,1,2
e3cd34a2-c043-4597-98fa-298847ed16fd,SHP-001237,3ff71633-1508-4a39-8be6-ec0b1f234147,9f8cc29f-fd35-4c5f-9347-9a3b479bc637,100000002,100000000,100000000,40.0,39.96,2,2025-10-20T12:26:11Z,2025-10-25T00:53:44Z,2025-10-25T02:36:43Z,2025-10-25T08:33:00Z,WB-001237,True,2025-10-20T12:38:00Z,1,2
5d717c43-26ac-46ac-9ac6-2c5bb6ab1497,SHP-001238,e16a3a50-d952-4faa-97c6-0d4d26f82533,20f0156a-1e6a-4628-9c6d-52d5ae2e9af9,100000003,100000001,100000002,65.0,64.72,3,2024-07-18T16:41:54Z,2024-07-20T00:13:21Z,2024-07-20T01:59:08Z,2024-07-20T11:48:00Z,WB-001238,True,2024-07-16T13:04:00Z,1,2
6320f534-c720-47bd-b43a-a38eb1ab2318,SHP-001239,6539833a-cdbe-4acf-8d27-93436230f89d,20f0156a-1e6a-4628-9c6d-52d5ae2e9af9,100000003,100000000,100000000,125.0,125.12,6,2024-09-16T12:11:40Z,2024-09-19T03:12:14Z,2024-09-19T04:29:16Z,2024-09-19T10:52:00Z,WB-001239,True,2024-09-16T11:23:00Z,1,2
9f6f8e33-d579-42d8-8081-a41401ccc27d,SHP-001240,90ebc873-9fde-4e0c-807b-afefe50fc082,5f89ed12-64d6-4fbf-98c0-1e2bf99f0704,100000000,100000000,100000000,25.0,25.05,2,2024-08-17T12:40:57Z,2024-08-22T02:23:28Z,2024-08-22T03:39:52Z,2024-08-22T10:31:00Z,WB-001240,True,2024-08-17T10:17:00Z,1,2
20d49f80-911e-43ad-b24d-41867f885d6c,SHP-001241,59932a4e-66c0-46e8-9479-eaca9ea0567e,5f89ed12-64d6-4fbf-98c0-1e2bf99f0704,100000000,100000000,100000000,15.0,14.99,1,2025-03-22T13:31:24Z,2025-03-24T02:32:35Z,2025-03-24T04:07:36Z,2025-03-24T08:14:00Z,WB-001241,True,2025-03-22T13:50:00Z,1,2
fba6d2ef-59b3-4e4e-9d5a-ce8ca6e5ed88,SHP-001242,b9e23bed-8e53-48e8-b17b-ae4ec9c14864,5f89ed12-64d6-4fbf-98c0-1e2bf99f0704,100000000,100000000,100000000,50.0,50.0,3,2025-12-20T05:47:33Z,2025-12-25T05:25:56Z,2025-12-25T06:31:06Z,2025-12-25T10:46:00Z,WB-001242,True,2025-12-20T05:22:00Z,1,2
82c567ca-b66f-4624-a318-3de20bcba2cc,SHP-001243,e1db53fa-7250-43f1-bbd6-1f611d2327f5,8ece1128-56ce-4b42-bc9e-1dcbcb7e6268,100000000,100000000,100000000,65.0,65.09,3,2024-11-24T13:03:25Z,2024-11-25T01:19:59Z,2024-11-25T02:27:06Z,2024-11-25T12:02:00Z,WB-001243,False,2024-11-24T10:15:00Z,1,2
2aefcffe-ce90-46d3-b3e4-61faad654fba,SHP-001244,81591576-a1f4-4d76-8900-23eea86b8b68,8ece1128-56ce-4b42-bc9e-1dcbcb7e6268,100000000,100000000,100000000,100.0,99.6,5,2025-08-06T12:26:39Z,2025-08-10T02:43:08Z,2025-08-10T04:10:57Z,2025-08-10T09:13:00Z,WB-001244,True,2025-08-06T12:36:00Z,1,2
5234d179-10e9-442a-b9c1-7781b9fa4027,SHP-001245,6edefed2-3e9c-4521-afed-b5dff09118a4,24eeb4a6-c145-45c7-9d98-6115f05eeefe,100000001,100000000,100000001,55.0,54.99,3,2024-09-03T16:34:45Z,2024-09-06T21:17:11Z,2024-09-06T22:19:47Z,2024-09-07T05:15:00Z,WB-001245,True,2024-09-03T13:29:00Z,1,2
19a28336-f3e3-49e8-89ca-846610251803,SHP-001246,76cc168e-5ef3-457a-9dc9-c99d7b7201c1,24eeb4a6-c145-45c7-9d98-6115f05eeefe,100000001,100000001,100000002,70.0,70.08,3,2024-11-23T07:57:09Z,2024-11-24T23:06:26Z,2024-11-25T00:06:34Z,2024-11-25T05:08:00Z,WB-001246,True,2024-11-18T09:07:00Z,1,2
f702e515-de98-43a7-b734-4515d531b0a2,SHP-001247,e8c6af60-d99f-466d-a1f6-8f25ad952db7,24eeb4a6-c145-45c7-9d98-6115f05eeefe,100000001,100000000,100000001,25.0,24.98,2,2024-11-19T10:42:45Z,2024-11-25T23:11:24Z,2024-11-26T00:35:29Z,2024-11-26T06:47:00Z,WB-001247,True,2024-11-19T08:30:00Z,1,2
2a433b49-985a-446b-84c9-92b316d38828,SHP-001248,a2e20ede-892d-41d5-b214-75dbbc5d3eb4,24eeb4a6-c145-45c7-9d98-6115f05eeefe,100000001,100000001,100000000,30.0,29.92,2,2025-02-04T04:03:35Z,2025-02-06T00:43:49Z,2025-02-06T01:50:15Z,2025-02-06T05:25:00Z,WB-001248,True,2025-02-01T04:50:00Z,1,2
550e43ea-e409-416b-b0ad-961db0a03d24,SHP-001249,1db7f3a0-6b55-47c5-b7ec-8ec66c6ae8c4,24eeb4a6-c145-45c7-9d98-6115f05eeefe,100000001,100000000,100000002,15.0,15.03,1,2025-06-04T11:45:17Z,2025-06-11T00:20:18Z,2025-06-11T00:45:19Z,2025-06-11T05:26:00Z,WB-001249,True,2025-06-04T11:21:00Z,1,2
ec7572bf-3669-4e2b-9fd3-a93990935b30,SHP-001250,b88fde24-f35c-4e64-bea9-51ec1c94f9bd,24eeb4a6-c145-45c7-9d98-6115f05eeefe,100000001,100000000,100000000,25.0,25.01,2,2025-05-20T10:22:27Z,2025-05-23T23:56:29Z,2025-05-24T00:43:32Z,2025-05-24T05:14:00Z,WB-001250,True,2025-05-20T10:02:00Z,1,2
aff4b021-347a-457b-862b-6e19de439f93,SHP-001251,97f3fdc2-4ee9-42b6-b0a1-481d715ddd57,66c14dca-8255-4a61-9a3b-031932f57510,100000002,100000000,100000000,45.0,45.05,2,2025-01-11T10:51:24Z,2025-01-17T23:07:09Z,2025-01-18T00:40:32Z,2025-01-18T08:07:00Z,WB-001251,True,2025-01-11T08:04:00Z,1,2
91719ce2-415e-4db2-86c3-64014a301eef,SHP-001252,de6a4c5b-616e-426f-8982-33d21a164704,66c14dca-8255-4a61-9a3b-031932f57510,100000002,100000000,100000002,130.0,130.56,6,2025-09-08T13:11:20Z,2025-09-08T23:23:03Z,2025-09-08T23:54:25Z,2025-09-09T05:51:00Z,WB-001252,True,2025-09-08T09:54:00Z,1,2
a603e1f2-6bed-4a9c-91cf-a935174a9104,SHP-001253,e1a59fa3-6ebc-4331-952e-77791ed22cf9,66c14dca-8255-4a61-9a3b-031932f57510,100000002,100000000,100000000,40.0,40.01,2,2026-03-04T09:44:29Z,2026-03-09T02:09:46Z,2026-03-09T03:02:40Z,2026-03-09T11:52:00Z,WB-001253,False,2026-03-04T07:27:00Z,1,2
dd1f2a7f-6d24-4cb4-8ef9-0cfefe9f1dec,SHP-001254,93b554a0-e755-4021-940d-0293a4c8c348,66c14dca-8255-4a61-9a3b-031932f57510,100000002,100000001,100000001,30.0,30.11,2,2026-05-01T04:14:05Z,2026-05-02T04:25:39Z,2026-05-02T05:27:18Z,2026-05-02T12:39:00Z,WB-001254,True,2026-04-27T11:35:00Z,1,2
63de055e-3423-43f7-8788-37a4e139e2da,SHP-001255,056526fd-3715-4877-887e-ff0027c134fd,09f64405-0b99-4034-8a4e-255280051b10,100000000,100000000,100000002,35.0,35.01,2,2024-10-05T13:27:02Z,2024-10-07T06:14:46Z,2024-10-07T08:05:04Z,2024-10-07T13:26:00Z,WB-001255,True,2024-10-05T11:28:00Z,1,2
c5a45f17-9d6f-45dd-8835-dea914ea4ad1,SHP-001256,06743a74-553b-4630-bcf5-8a1b11fca1e1,09f64405-0b99-4034-8a4e-255280051b10,100000000,100000000,100000002,40.0,39.96,2,2025-07-13T06:38:47Z,2025-07-20T06:45:09Z,2025-07-20T08:03:28Z,2025-07-20T11:16:00Z,WB-001256,True,2025-07-13T06:03:00Z,1,2
0d29df58-1392-409b-8739-25e9446a87d1,SHP-001257,8e11ec96-4df7-4e25-a699-f8a59bf8f5c8,09f64405-0b99-4034-8a4e-255280051b10,100000000,100000000,100000001,50.0,49.79,3,2025-07-16T10:13:59Z,2025-07-18T23:44:42Z,2025-07-19T01:24:06Z,2025-07-19T06:19:00Z,WB-001257,True,2025-07-16T09:53:00Z,1,2
2af31d3e-bab0-4695-b01a-65b9d3684d82,SHP-001258,e2baf883-c6d6-45c0-9647-8fb804cc93f6,09f64405-0b99-4034-8a4e-255280051b10,100000000,100000001,100000000,35.0,35.07,2,2025-08-01T17:12:38Z,2025-08-03T02:30:52Z,2025-08-03T03:29:47Z,2025-08-03T09:53:00Z,WB-001258,True,2025-07-28T12:33:00Z,1,2
e06a87f9-3d61-4577-bccd-91c13c893cd0,SHP-001259,6ed84986-7fc8-4a24-a848-b65eefb83818,09f64405-0b99-4034-8a4e-255280051b10,100000000,100000000,100000001,70.0,69.9,3,2025-07-15T08:28:33Z,2025-07-20T03:22:20Z,2025-07-20T04:53:51Z,2025-07-20T11:53:00Z,WB-001259,True,2025-07-15T07:36:00Z,1,2
a35fba4d-837c-4d8e-92c7-59fe332e0923,SHP-001260,60221ed1-41d1-4ee4-a1cf-7e019fd61c7f,09f64405-0b99-4034-8a4e-255280051b10,100000000,100000000,100000002,35.0,35.06,2,2025-10-15T13:48:04Z,2025-10-18T03:50:43Z,2025-10-18T05:06:48Z,2025-10-18T10:10:00Z,WB-001260,True,2025-10-15T14:00:00Z,1,2
3cc38ef5-632c-4898-8590-605f6a070765,SHP-001261,5ff5e611-e27f-4d87-9fdb-792fa1d03f2d,cdd0b4d4-5542-47de-b6ad-f48b2314d0c8,100000002,100000000,100000000,55.0,54.97,3,2025-04-03T12:58:15Z,2025-04-10T01:27:17Z,2025-04-10T02:45:13Z,2025-04-10T10:58:00Z,WB-001261,True,2025-04-03T11:57:00Z,1,2
540dcaed-d1da-42d6-8fb5-7985266cd3d2,SHP-001262,8d9bf848-389f-4b7e-98e2-efaec3658f56,cdd0b4d4-5542-47de-b6ad-f48b2314d0c8,100000002,100000000,100000002,85.0,84.77,4,2025-07-06T14:27:41Z,2025-07-08T05:53:44Z,2025-07-08T07:40:09Z,2025-07-08T13:05:00Z,WB-001262,True,2025-07-06T13:50:00Z,1,2
34dab140-f693-4205-ab3e-a2537559f34c,SHP-001263,23ab098e-db88-4ee8-be47-bbad7b45206a,cdd0b4d4-5542-47de-b6ad-f48b2314d0c8,100000002,100000000,100000003,85.0,84.87,4,2025-10-18T07:47:50Z,2025-10-19T03:22:58Z,2025-10-19T04:20:56Z,2025-10-19T10:05:00Z,WB-001263,True,2025-10-18T06:09:00Z,1,2
ff3ac939-7248-4cb7-8309-ba732ac25f35,SHP-001264,78dd8f9d-9f08-4ae6-a838-61cbdc363940,cdd0b4d4-5542-47de-b6ad-f48b2314d0c8,100000002,100000000,100000000,55.0,55.31,3,2026-03-30T09:34:24Z,2026-04-05T23:26:53Z,2026-04-06T00:54:05Z,2026-04-06T06:56:00Z,WB-001264,True,2026-03-30T07:47:00Z,1,2
c2c75413-33b2-4d5b-b8ef-a0296cb7f303,SHP-001265,b45d07bc-8c74-4859-b38c-c902fa7d3cbb,cdd0b4d4-5542-47de-b6ad-f48b2314d0c8,100000002,100000001,100000002,35.0,34.98,2,2026-03-19T23:44:28Z,2026-03-21T01:52:23Z,2026-03-21T03:15:54Z,2026-03-21T09:09:00Z,WB-001265,True,2026-03-18T07:59:00Z,1,2
91478306-d035-4493-a50c-6e0260735919,SHP-001266,929a48a6-2c27-4aa7-ba16-ed4c5be067b0,2620f9a9-74fd-43d1-84f2-fd0f79474bfa,100000001,100000000,100000001,40.0,39.96,2,2025-02-10T09:58:08Z,2025-02-10T20:27:07Z,2025-02-10T21:07:12Z,2025-02-11T06:45:00Z,WB-001266,True,2025-02-10T09:50:00Z,1,2
5f298d21-303a-4714-a688-acf5dc196032,SHP-001267,d52798ce-752a-4a56-a846-a76e12ad8aec,2620f9a9-74fd-43d1-84f2-fd0f79474bfa,100000001,100000001,100000000,10.0,10.01,1,2025-05-01T15:40:12Z,2025-05-02T23:05:37Z,2025-05-03T00:14:39Z,2025-05-03T08:57:00Z,WB-001267,True,2025-04-27T05:30:00Z,1,2
b1665c16-7a56-4250-8ac8-d774bdc9df18,SHP-001268,95fb706a-72f5-4438-947e-7ece96e756ab,2620f9a9-74fd-43d1-84f2-fd0f79474bfa,100000001,100000000,100000001,40.0,40.06,2,2025-11-18T11:35:06Z,2025-11-19T16:32:36Z,2025-11-19T18:21:35Z,2025-11-20T10:35:00Z,WB-001268,False,2025-11-18T10:29:00Z,1,2
a71e9159-5615-40fc-a5fc-155bd0bcd1a6,SHP-001269,d6e5868a-9c88-4920-9d34-55543708e982,23c8afdb-83f8-4f16-a4a4-474c9b33e3a4,100000000,100000000,100000002,35.0,34.98,2,2024-08-21T09:39:53Z,2024-08-22T05:31:37Z,2024-08-22T06:43:52Z,2024-08-22T10:41:00Z,WB-001269,True,2024-08-21T08:11:00Z,1,2
75c01a64-a777-495c-8caa-d8813db94b51,SHP-001270,13b6b538-4cac-4e1c-a033-9dab6d0e2ff0,518b2f21-9cf2-4859-ae6e-2e7253f591dc,100000000,100000000,100000000,80.0,80.35,4,2025-06-21T14:16:23Z,2025-06-24T00:41:06Z,2025-06-24T01:27:16Z,2025-06-24T06:35:00Z,WB-001270,True,2025-06-21T13:41:00Z,1,2
90d6b759-88f5-4066-993f-8e2a60deef9c,SHP-001271,91f477a0-02bc-449e-ab21-e8c656f23c38,9dd2f9de-fd98-4e33-a498-abe92999bbef,100000000,100000001,100000002,50.0,50.05,3,2024-07-26T02:10:13Z,2024-07-26T23:09:51Z,2024-07-27T00:29:15Z,2024-07-27T07:24:00Z,WB-001271,True,2024-07-20T05:52:00Z,1,2
b6c51416-1d85-45ae-a8b1-5a2b048f3629,SHP-001272,47602625-6342-4afa-b03f-5b46a3c686e7,9dd2f9de-fd98-4e33-a498-abe92999bbef,100000000,100000001,100000002,25.0,24.98,2,2024-08-29T21:10:32Z,2024-08-30T19:47:35Z,2024-08-30T21:33:49Z,2024-08-31T08:32:00Z,WB-001272,True,2024-08-28T05:40:00Z,1,2
9712b28c-6f1c-4a9d-a3a4-22be899c440f,SHP-001273,c075d080-883a-49e5-8b35-91e961476f87,9dd2f9de-fd98-4e33-a498-abe92999bbef,100000000,100000000,100000000,25.0,24.98,2,2024-11-17T10:17:47Z,2024-11-24T03:55:49Z,2024-11-24T05:24:44Z,2024-11-24T12:35:00Z,WB-001273,True,2024-11-17T10:21:00Z,1,2
6289ea6c-8b13-4b8c-840d-7ad3594bf4be,SHP-001274,e50edaec-c520-4fac-b22f-fa3cdcf154d7,9dd2f9de-fd98-4e33-a498-abe92999bbef,100000000,100000000,100000002,55.0,54.97,3,2025-04-16T14:55:14Z,2025-04-21T17:57:47Z,2025-04-21T18:45:02Z,2025-04-22T12:56:00Z,WB-001274,True,2025-04-16T12:40:00Z,1,2
23c881ff-f69e-416e-8ca1-711ef1626023,SHP-001275,0169a1ab-2f46-40b4-8fb7-ac31c6a43ea3,9dd2f9de-fd98-4e33-a498-abe92999bbef,100000000,100000000,100000002,60.0,60.07,3,2025-09-02T07:33:16Z,2025-09-07T05:00:53Z,2025-09-07T06:31:07Z,2025-09-07T13:12:00Z,WB-001275,True,2025-09-02T06:45:00Z,1,2
bf84c728-203c-47a9-af6d-67676e9c01de,SHP-001276,bab09ab0-6d75-4c32-a552-9e0c5478fcdd,9dd2f9de-fd98-4e33-a498-abe92999bbef,100000000,100000001,100000002,30.0,30.14,2,2025-09-15T01:15:56Z,2025-09-15T20:47:10Z,2025-09-15T21:45:01Z,2025-09-16T05:56:00Z,WB-001276,True,2025-09-11T06:43:00Z,1,2
7d317beb-3ee6-4527-a9ee-91c5545be444,SHP-001277,060d0905-a2c3-471c-8883-cce1eadc15ac,9dd2f9de-fd98-4e33-a498-abe92999bbef,100000000,100000000,100000000,175.0,174.45,8,2026-05-30T10:28:49Z,2026-06-04T00:05:53Z,2026-06-04T01:07:10Z,2026-06-04T12:29:00Z,WB-001277,True,2026-05-30T09:38:00Z,1,2
77e5dab9-cd60-47f1-9d89-5425f5ae98ae,SHP-001278,4a874ce3-9a7e-489f-b6d3-b57f2936354a,97fe56c5-4c9a-4f24-97b4-c294bd44089d,100000003,100000000,100000002,105.0,104.98,5,2024-09-14T06:47:59Z,2024-09-15T02:40:26Z,2024-09-15T03:48:06Z,2024-09-15T10:55:00Z,WB-001278,True,2024-09-14T06:37:00Z,1,2
a81932cd-f500-4e4e-bc0c-0f5df4948bee,SHP-001279,700c0448-e856-4ad2-ac40-daa2afdfb5d9,97fe56c5-4c9a-4f24-97b4-c294bd44089d,100000003,100000000,100000001,60.0,60.25,3,2024-09-29T16:13:15Z,2024-09-30T21:53:42Z,2024-09-30T22:20:30Z,2024-10-01T05:29:00Z,WB-001279,True,2024-09-29T13:33:00Z,1,2
d20b7770-d0c6-4284-8845-25202ac7dede,SHP-001280,1a2d43f3-cdbb-493d-a7d7-834ee22b2b62,97fe56c5-4c9a-4f24-97b4-c294bd44089d,100000003,100000000,100000002,40.0,40.07,2,2024-12-03T10:48:09Z,2024-12-05T02:13:11Z,2024-12-05T04:01:37Z,2024-12-05T11:06:00Z,WB-001280,True,2024-12-03T10:20:00Z,1,2
31960473-6250-4dfd-bb96-6c77351ab2e0,SHP-001281,ce53e127-1a70-4f99-9413-43593c91374d,97fe56c5-4c9a-4f24-97b4-c294bd44089d,100000003,100000000,100000000,35.0,35.11,2,2024-12-23T13:23:37Z,2024-12-25T03:30:05Z,2024-12-25T05:01:38Z,2024-12-25T09:10:00Z,WB-001281,True,2024-12-23T12:49:00Z,1,2
1ed0e06a-0b78-4458-99dd-27214eae40d6,SHP-001282,2e7789df-4fd2-4c67-a4b4-402a6f2b1328,97fe56c5-4c9a-4f24-97b4-c294bd44089d,100000003,100000001,100000002,55.0,54.96,3,2025-01-13T06:02:42Z,2025-01-14T04:30:20Z,2025-01-14T05:52:09Z,2025-01-14T12:31:00Z,WB-001282,True,2025-01-09T06:58:00Z,1,2
9d4a7b66-3bfc-4f0a-bbbc-7c7353cf4019,SHP-001283,c7cd12c0-8084-4b3d-bdfe-3f5a49912027,97fe56c5-4c9a-4f24-97b4-c294bd44089d,100000003,100000000,100000000,75.0,75.17,4,2026-04-05T14:52:29Z,2026-04-10T23:58:03Z,2026-04-11T01:31:31Z,2026-04-11T07:34:00Z,WB-001283,False,2026-04-05T11:48:00Z,1,2
f618cd87-644f-4c57-a927-3b092dfcdbcc,SHP-001284,89908e83-051b-4260-b6db-4c8d70c34e77,901bcdef-b56f-48ce-bd66-971e88476c56,100000000,100000001,100000002,25.0,24.97,2,2024-07-30T09:34:51Z,2024-07-31T02:50:21Z,2024-07-31T04:11:13Z,2024-07-31T09:30:00Z,WB-001284,True,2024-07-28T06:37:00Z,1,2
1a842050-5059-4d99-a4d9-8641a5fbe365,SHP-001285,baf3796a-3a80-4f4e-bfdb-ba6520a5e161,901bcdef-b56f-48ce-bd66-971e88476c56,100000000,100000001,100000000,20.0,19.87,1,2024-08-18T12:47:02Z,2024-08-20T07:59:51Z,2024-08-20T08:44:02Z,2024-08-20T12:40:00Z,WB-001285,True,2024-08-15T08:49:00Z,1,2
ec160453-c3e8-407f-a217-f61584ec0bbd,SHP-001286,58edc9df-369e-43c7-9765-12dd17263478,901bcdef-b56f-48ce-bd66-971e88476c56,100000000,100000000,100000003,30.0,30.04,2,2025-06-15T14:07:20Z,2025-06-16T07:08:23Z,2025-06-16T08:49:30Z,2025-06-16T12:35:00Z,WB-001286,True,2025-06-15T11:02:00Z,1,2
a60829ad-34bc-4a19-8d80-3d0ace36acdc,SHP-001287,b9856fa7-22a3-44c3-a3f3-d14f8b197faa,901bcdef-b56f-48ce-bd66-971e88476c56,100000000,100000001,100000002,15.0,14.98,1,2025-08-16T13:38:27Z,2025-08-18T06:23:22Z,2025-08-18T06:58:37Z,2025-08-18T10:15:00Z,WB-001287,True,2025-08-12T13:21:00Z,1,2
c414325c-693a-410c-b5e6-9247eca4066a,SHP-001288,631ad1c6-8753-4734-8fdd-6e56eb851b88,901bcdef-b56f-48ce-bd66-971e88476c56,100000000,100000000,100000002,100.0,100.13,5,2025-11-22T09:04:48Z,2025-11-23T03:12:57Z,2025-11-23T04:11:01Z,2025-11-23T08:15:00Z,WB-001288,True,2025-11-22T07:31:00Z,1,2
2a4c2842-41c5-4326-b427-a12ebd13f4bb,SHP-001289,dde214c4-7616-4ac8-88c6-d8c529d50579,901bcdef-b56f-48ce-bd66-971e88476c56,100000000,100000000,100000002,40.0,39.98,2,2025-11-23T13:53:55Z,2025-11-23T22:18:33Z,2025-11-23T23:11:10Z,2025-11-24T06:03:00Z,WB-001289,True,2025-11-23T13:41:00Z,1,2
2bf19871-ede2-46d9-a6d9-2cbf551e23dd,SHP-001290,2abffbb3-7664-47a9-8a1a-b7b6bda26c59,901bcdef-b56f-48ce-bd66-971e88476c56,100000000,100000000,100000002,29.5,29.48,2,2026-01-03T10:13:53Z,2026-01-07T06:52:42Z,2026-01-07T08:50:55Z,2026-01-07T12:22:00Z,WB-001290,True,2026-01-03T10:25:00Z,1,2
8e54ee53-6292-4754-819f-87335840a807,SHP-001291,dd064138-d5a2-4dc1-9dd5-fa510fcdf3b4,901bcdef-b56f-48ce-bd66-971e88476c56,100000000,100000000,100000002,30.0,29.93,2,2026-02-25T09:01:12Z,2026-03-01T23:18:31Z,2026-03-02T00:31:53Z,2026-03-02T06:07:00Z,WB-001291,True,2026-02-25T06:15:00Z,1,2
30b2313d-a5a0-4b38-b3c1-461fc8587836,SHP-001292,dec789ca-8e81-4ce0-95ef-43cbcee44ebb,044251db-d0d4-4a67-b992-8faa4cbf131d,100000001,100000000,100000000,55.0,55.07,3,2025-12-25T12:36:19Z,2025-12-31T22:19:05Z,2025-12-31T23:11:20Z,2026-01-01T06:32:00Z,WB-001292,True,2025-12-25T10:00:00Z,1,2
90939133-2a63-4b0e-a79f-d88a00ad0d80,SHP-001293,3812a641-91a8-4c5d-8acf-185ef29a1e8b,1c0f0bdc-ac7e-437c-94cc-1e2a5e4cb287,100000002,100000001,100000000,180.0,180.26,8,2024-08-08T15:07:44Z,2024-08-10T02:00:05Z,2024-08-10T03:28:21Z,2024-08-10T08:19:00Z,WB-001293,True,2024-08-04T10:19:00Z,1,2
380c6d5c-39b2-4310-a299-df4b8f1ec1b6,SHP-001294,adca58f7-c442-45de-9356-44008b365e4c,4ec3f970-956d-40e4-aaa2-6216fada98f5,100000001,100000000,100000000,30.0,30.12,2,2025-07-29T16:05:32Z,2025-07-30T23:56:20Z,2025-07-31T01:30:20Z,2025-07-31T04:37:00Z,WB-001294,True,2025-07-29T12:38:00Z,1,2
2d64c38c-b980-43de-8c7b-7f8948568381,SHP-001295,e900fae2-71a2-4ad0-b820-1c7a9d20fda2,4ec3f970-956d-40e4-aaa2-6216fada98f5,100000001,100000000,100000000,35.0,34.94,2,2025-07-29T08:53:32Z,2025-08-05T04:53:19Z,2025-08-05T05:51:15Z,2025-08-05T12:37:00Z,WB-001295,True,2025-07-29T06:58:00Z,1,2
38ff2a2e-e385-4adc-b8d2-3d4783d422f4,SHP-001296,6eb3db2c-adfe-4114-9603-a2497b8a7083,4ec3f970-956d-40e4-aaa2-6216fada98f5,100000001,100000000,100000000,35.0,34.78,2,2025-09-25T11:35:53Z,2025-09-28T02:54:28Z,2025-09-28T03:20:24Z,2025-09-28T09:01:00Z,WB-001296,True,2025-09-25T08:26:00Z,1,2
9cfb59a7-6039-4c49-9168-18a2184d8e31,SHP-001297,283859a4-4dfb-440f-9daf-eb6a1b9596ea,df41e335-b9ae-48e4-a615-99c8cbf81f86,100000003,100000000,100000000,55.0,54.96,3,2024-07-22T13:20:49Z,2024-07-27T01:24:33Z,2024-07-27T02:54:29Z,2024-07-27T10:04:00Z,WB-001297,True,2024-07-22T13:26:00Z,1,2
2d181479-7c0d-4a03-92ad-df6badea5c65,SHP-001298,e96e37ac-6092-479b-92fb-765a794061f9,df41e335-b9ae-48e4-a615-99c8cbf81f86,100000003,100000000,100000000,60.0,60.06,3,2024-07-20T12:51:39Z,2024-07-26T22:41:38Z,2024-07-27T00:23:54Z,2024-07-27T07:30:00Z,WB-001298,True,2024-07-20T11:41:00Z,1,2
26de366f-de03-4c5d-b67d-bb38bf4cefae,SHP-001299,55ac5bd1-9f6b-423a-8c6e-4ec733aeb462,df41e335-b9ae-48e4-a615-99c8cbf81f86,100000003,100000000,100000000,75.0,75.16,4,2024-12-01T11:39:33Z,2024-12-07T02:41:06Z,2024-12-07T03:41:15Z,2024-12-07T09:12:00Z,WB-001299,True,2024-12-01T09:56:00Z,1,2
c361ef50-4697-492d-a96f-bae9adcdf904,SHP-001300,c048b4f2-d031-4917-a944-a90fea186a09,df41e335-b9ae-48e4-a615-99c8cbf81f86,100000003,100000000,100000000,30.0,30.04,2,2025-04-15T12:37:18Z,2025-04-17T02:27:46Z,2025-04-17T03:27:43Z,2025-04-17T08:53:00Z,WB-001300,True,2025-04-15T11:51:00Z,1,2
ce1e1cee-98ea-4ac2-b49c-f8165f94ce2d,SHP-001301,57c0c8ab-1fb0-4cba-992f-436b9ee7deff,df41e335-b9ae-48e4-a615-99c8cbf81f86,100000003,100000000,100000003,165.0,164.04,7,2025-08-24T10:17:44Z,2025-08-25T03:07:38Z,2025-08-25T03:42:18Z,2025-08-25T08:57:00Z,WB-001301,True,2025-08-24T09:30:00Z,1,2
f3143240-a431-4d37-8800-6be66b1b8812,SHP-001302,504f1b83-9b43-4b3d-989f-56a000648e70,df41e335-b9ae-48e4-a615-99c8cbf81f86,100000003,100000000,100000000,60.0,59.84,3,2025-08-17T14:04:29Z,2025-08-23T02:42:05Z,2025-08-23T04:35:03Z,2025-08-23T11:19:00Z,WB-001302,True,2025-08-17T10:13:00Z,1,2
08d44d7e-a3b3-4d7f-93f2-8266972621e6,SHP-001303,27913cea-6cee-4c72-b37f-01f60631fc10,98cf1188-06d2-4913-a117-3719b023a0ea,100000000,100000000,100000000,85.5,85.62,4,2024-08-17T08:36:43Z,2024-08-20T23:17:52Z,2024-08-21T01:00:11Z,2024-08-21T05:16:00Z,WB-001303,True,2024-08-17T06:41:00Z,1,2
8b6b07ef-ebe4-4903-8af6-c24bda7bbc5a,SHP-001304,002d966b-6988-4344-9129-d527623082d1,98cf1188-06d2-4913-a117-3719b023a0ea,100000000,100000000,100000002,70.0,70.06,3,2024-12-17T09:14:37Z,2024-12-21T07:41:17Z,2024-12-21T08:50:04Z,2024-12-21T13:03:00Z,WB-001304,True,2024-12-17T09:29:00Z,1,2
2071c545-4119-44b8-9cd3-25a6201bde2b,SHP-001305,7e278243-3562-41d4-a8fc-f0b90fd79677,98cf1188-06d2-4913-a117-3719b023a0ea,100000000,100000001,100000000,255.0,254.26,11,2025-03-16T18:47:59Z,2025-03-18T22:51:31Z,2025-03-19T00:33:09Z,2025-03-19T06:41:00Z,WB-001305,True,2025-03-12T12:33:00Z,1,2
b4ff56dc-6bab-4574-bb01-bdc1f9cd229a,SHP-001306,6fb5449c-3bbe-4981-873e-14855ff85a88,98cf1188-06d2-4913-a117-3719b023a0ea,100000000,100000000,100000000,115.0,115.09,5,2025-02-27T06:31:41Z,2025-03-01T22:59:56Z,2025-03-01T23:46:40Z,2025-03-02T05:46:00Z,WB-001306,True,2025-02-27T05:24:00Z,1,2
b7718266-2c1a-45d4-b00b-e80b090abe19,SHP-001307,dd4835b7-1508-4d35-b04a-b92272083910,98cf1188-06d2-4913-a117-3719b023a0ea,100000000,100000000,100000000,130.0,129.69,6,2025-04-09T13:35:54Z,2025-04-16T05:25:37Z,2025-04-16T07:05:03Z,2025-04-16T12:35:00Z,WB-001307,True,2025-04-09T13:23:00Z,1,2
7ade8bba-c2b4-4870-b7b0-336fc8c8809d,SHP-001308,2b51ac41-2c3d-4918-8a38-ed37c5ad0efa,98cf1188-06d2-4913-a117-3719b023a0ea,100000000,100000000,100000000,270.0,269.5,12,2026-04-21T07:34:58Z,2026-04-25T19:33:19Z,2026-04-25T20:37:04Z,2026-04-26T05:42:00Z,WB-001308,True,2026-04-21T05:29:00Z,1,2
468a0d32-de23-4d49-8497-f39ea360c91b,SHP-001309,48f3d4b0-b4cb-436a-ad1e-2ef90b6f9270,a7d4cf50-f791-41e5-83f9-cd6b797ebe87,100000000,100000000,100000000,85.0,85.1,4,2024-08-13T14:21:24Z,2024-08-17T05:43:00Z,2024-08-17T07:21:56Z,2024-08-17T10:46:00Z,WB-001309,False,2024-08-13T13:58:00Z,1,2
32440227-486b-420e-81cc-a5d8c190f7d7,SHP-001310,ef71f554-2ae1-49c6-b9d2-4e2d09426161,a7d4cf50-f791-41e5-83f9-cd6b797ebe87,100000000,100000000,100000002,220.0,220.13,10,2024-11-16T16:50:26Z,2024-11-19T06:33:13Z,2024-11-19T08:30:20Z,2024-11-19T12:49:00Z,WB-001310,True,2024-11-16T13:09:00Z,1,2
0712a9e7-ad48-4c4f-a79b-babfecf5a774,SHP-001311,30059598-ef2b-41a1-8eb1-741e52291d35,a7d4cf50-f791-41e5-83f9-cd6b797ebe87,100000000,100000000,100000002,80.0,79.99,4,2025-01-19T07:09:28Z,2025-01-23T07:03:26Z,2025-01-23T07:49:14Z,2025-01-23T10:16:00Z,WB-001311,True,2025-01-19T06:09:00Z,1,2
a3808292-bae2-4df5-be63-6e09a94c9957,SHP-001312,3a4d556d-2075-426f-a654-022ad704f057,a7d4cf50-f791-41e5-83f9-cd6b797ebe87,100000000,100000000,100000003,220.0,219.49,10,2025-01-26T09:37:53Z,2025-01-27T07:38:42Z,2025-01-27T08:38:26Z,2025-01-27T12:43:00Z,WB-001312,True,2025-01-26T08:38:00Z,1,2
ea829426-b446-4a6e-841d-947088216e32,SHP-001313,3f204091-61f9-4eba-815d-53d4faf09ebb,a7d4cf50-f791-41e5-83f9-cd6b797ebe87,100000000,100000000,100000002,270.0,269.95,12,2025-07-10T08:55:07Z,2025-07-12T03:07:33Z,2025-07-12T04:34:33Z,2025-07-12T08:38:00Z,WB-001313,True,2025-07-10T08:48:00Z,1,2
cd90487a-ad49-4f73-86a9-c2a5b9b8d311,SHP-001314,7e81c016-8dfe-4a12-b126-78ccd19eea0a,a7d4cf50-f791-41e5-83f9-cd6b797ebe87,100000000,100000000,100000002,65.0,65.31,3,2025-08-20T13:31:29Z,2025-08-21T05:40:40Z,2025-08-21T07:27:05Z,2025-08-21T13:07:00Z,WB-001314,True,2025-08-20T10:45:00Z,1,2
5aa4d176-6cbb-483a-9122-8fac80e6fc6c,SHP-001315,bca41a95-406c-4827-b1f2-75266f85822d,a7d4cf50-f791-41e5-83f9-cd6b797ebe87,100000000,100000001,100000001,155.0,155.65,7,2026-01-20T10:14:16Z,2026-01-21T04:08:09Z,2026-01-21T05:10:46Z,2026-01-21T09:05:00Z,WB-001315,True,2026-01-17T09:06:00Z,1,2
c50a49dc-3bc1-482e-ad9f-4c1b04aceca8,SHP-001316,34cb2744-f419-4217-aafd-c1cdbfd4be2c,a7d4cf50-f791-41e5-83f9-cd6b797ebe87,100000000,100000000,100000000,80.0,79.52,4,2026-02-24T13:20:08Z,2026-03-02T05:24:29Z,2026-03-02T05:58:27Z,2026-03-02T10:52:00Z,WB-001316,True,2026-02-24T09:44:00Z,1,2
c5a3d802-9abd-4be4-99f4-2a7d51f6453b,SHP-001317,a2c3fff5-77af-4a1c-9dab-67012d673f18,a7d4cf50-f791-41e5-83f9-cd6b797ebe87,100000000,100000000,100000002,70.0,70.14,3,2026-03-18T10:40:07Z,2026-03-19T04:59:09Z,2026-03-19T06:21:23Z,2026-03-19T09:52:00Z,WB-001317,True,2026-03-18T10:28:00Z,1,2
40f25633-04e5-4505-a97f-8ed551c45583,SHP-001318,b6520f0a-a855-4a06-80d2-c723b6d067c9,a7d4cf50-f791-41e5-83f9-cd6b797ebe87,100000000,100000000,100000002,130.0,129.86,6,2026-04-29T11:54:44Z,2026-04-30T06:04:44Z,2026-04-30T07:22:48Z,2026-04-30T11:21:00Z,WB-001318,True,2026-04-29T09:24:00Z,1,2
07036e73-67d1-4f71-82bd-d37ce1597845,SHP-001319,6109d827-bb6b-4d63-b56f-22b85c1a57f0,a7d4cf50-f791-41e5-83f9-cd6b797ebe87,100000000,100000000,100000002,175.0,174.83,8,2026-05-25T13:17:00Z,2026-05-30T03:55:53Z,2026-05-30T04:55:44Z,2026-05-30T08:50:00Z,WB-001319,True,2026-05-25T11:24:00Z,1,2
07abefd0-922b-4399-bd86-d32381f44c3d,SHP-001320,9dcda0ac-b0d8-4db9-bbb0-5f90e228daae,a7d4cf50-f791-41e5-83f9-cd6b797ebe87,100000000,100000000,100000000,100.0,99.91,5,2026-06-13T08:27:05Z,2026-06-20T01:56:22Z,2026-06-20T03:17:04Z,2026-06-20T08:37:00Z,WB-001320,True,2026-06-13T06:02:00Z,1,2
80bffeb9-5b76-47cc-8339-eb9ced9b5ef7,SHP-001321,6ab1a826-604a-414f-a6c0-9a28ce505498,9416e4dc-c6b2-4def-b8d8-b7f1c86c6544,100000003,100000000,100000002,275.0,275.28,12,2024-09-01T09:44:07Z,2024-09-01T19:46:19Z,2024-09-01T20:40:06Z,2024-09-02T07:11:00Z,WB-001321,False,2024-09-01T08:15:00Z,1,2
5f848aa9-cf34-4fd6-8b66-a78a92cc153e,SHP-001322,b9f6f6d8-2d33-42e2-b977-3beb22ecc9ae,9416e4dc-c6b2-4def-b8d8-b7f1c86c6544,100000003,100000000,100000000,65.0,64.77,3,2024-10-21T13:24:48Z,2024-10-26T03:55:00Z,2024-10-26T05:41:30Z,2024-10-26T11:09:00Z,WB-001322,True,2024-10-21T12:42:00Z,1,2
2b6c13cb-3d7f-47bd-9f07-16cd8663a586,SHP-001323,d4780538-e1b4-4206-ae50-f64acb6c9cef,9416e4dc-c6b2-4def-b8d8-b7f1c86c6544,100000003,100000000,100000002,245.0,244.26,11,2025-02-20T12:50:17Z,2025-02-22T00:23:50Z,2025-02-22T02:00:32Z,2025-02-22T09:00:00Z,WB-001323,True,2025-02-20T11:53:00Z,1,2
0c6c1dc8-9cae-479a-8a87-4cf71a0d3bee,SHP-001324,72b275c8-ed5b-4df4-8ae3-4e6dd813c458,9416e4dc-c6b2-4def-b8d8-b7f1c86c6544,100000003,100000000,100000000,160.0,160.82,7,2025-05-20T12:52:58Z,2025-05-25T04:31:23Z,2025-05-25T05:36:43Z,2025-05-25T10:45:00Z,WB-001324,True,2025-05-20T11:19:00Z,1,2
4a3be739-aa6e-4243-ba94-4e0d72cd4e8c,SHP-001325,9cc2856f-04aa-45d2-928d-d8cab05c7bbb,9416e4dc-c6b2-4def-b8d8-b7f1c86c6544,100000003,100000001,100000000,105.0,104.84,5,2025-08-15T10:37:13Z,2025-08-17T02:27:21Z,2025-08-17T03:50:14Z,2025-08-17T12:57:00Z,WB-001325,True,2025-08-11T06:59:00Z,1,2
90856f7d-ebf3-40c2-b481-2c752b7976b1,SHP-001326,8cc8911c-9e93-471f-9988-3ed33e975681,9416e4dc-c6b2-4def-b8d8-b7f1c86c6544,100000003,100000000,100000003,150.0,149.94,7,2025-12-22T10:10:25Z,2025-12-23T00:02:26Z,2025-12-23T01:46:59Z,2025-12-23T13:24:00Z,WB-001326,True,2025-12-22T07:12:00Z,1,2
99b2ac4e-6bcb-4f51-8019-c910c579b656,SHP-001327,7aea92f8-b36c-4e13-bef9-168724f6d2a5,9416e4dc-c6b2-4def-b8d8-b7f1c86c6544,100000003,100000001,100000000,120.0,119.94,5,2026-01-20T00:06:55Z,2026-01-21T22:03:17Z,2026-01-21T22:44:12Z,2026-01-22T06:35:00Z,WB-001327,True,2026-01-15T07:48:00Z,1,2
82b371c4-0c03-4b36-b46b-38694025bcbe,SHP-001328,91978e7a-1b56-451e-80a6-fdda1a83b9a3,9416e4dc-c6b2-4def-b8d8-b7f1c86c6544,100000003,100000001,100000001,180.0,180.64,8,2026-02-24T07:23:01Z,2026-02-25T03:22:19Z,2026-02-25T04:47:50Z,2026-02-25T08:38:00Z,WB-001328,True,2026-02-22T07:02:00Z,1,2
9afa243a-b00a-4b4a-a695-b81aa4616b97,SHP-001329,c640aed0-dafe-4b59-badf-f4050585c9f4,9416e4dc-c6b2-4def-b8d8-b7f1c86c6544,100000003,100000000,100000000,85.5,85.99,4,2026-04-19T10:30:10Z,2026-04-20T03:15:45Z,2026-04-20T04:59:04Z,2026-04-20T09:28:00Z,WB-001329,True,2026-04-19T09:30:00Z,1,2
2a813e62-b0e5-49ba-a0f5-660ec5e231f9,SHP-001330,5fc0f5cc-0acc-406f-ac09-2276f985bb7a,9416e4dc-c6b2-4def-b8d8-b7f1c86c6544,100000003,100000000,100000000,75.0,74.86,4,2026-05-25T15:50:49Z,2026-06-01T03:17:58Z,2026-06-01T05:08:20Z,2026-06-01T09:56:00Z,WB-001330,False,2026-05-25T13:32:00Z,1,2
76c7472e-98a9-4040-be93-8d904ff215a3,SHP-001331,c38be121-4445-4edb-b21c-70cc61cd28c3,0d259caa-b8ad-4d87-ba40-45dd93dfd907,100000000,100000000,100000000,65.0,65.03,3,2024-09-28T13:05:54Z,2024-10-05T03:29:12Z,2024-10-05T05:11:04Z,2024-10-05T09:48:00Z,WB-001331,True,2024-09-28T12:02:00Z,1,2
cd067d05-4445-4cc4-aa6e-0259963071b3,SHP-001332,0c5166d5-b8b6-43b0-a912-09fe0ac95cb4,86341718-2ba6-4db3-bafe-b1149561c813,100000000,100000000,100000000,35.0,34.99,2,2024-11-04T08:51:39Z,2024-11-09T02:40:51Z,2024-11-09T03:17:28Z,2024-11-09T08:49:00Z,WB-001332,True,2024-11-04T08:21:00Z,1,2
4f5421cb-d0fe-47cf-a5b7-3a09b5ab986e,SHP-001333,aa9ef56e-be54-47ed-91c8-d2ffe7d4f800,86341718-2ba6-4db3-bafe-b1149561c813,100000000,100000000,100000000,15.0,15.01,1,2024-10-13T07:09:41Z,2024-10-19T03:44:06Z,2024-10-19T05:17:43Z,2024-10-19T13:01:00Z,WB-001333,True,2024-10-13T05:35:00Z,1,2
9f575e47-d6ec-4f6a-abb5-42aec2e1165c,SHP-001334,d33a8a10-de11-4b7f-a301-e886d1a36a15,86341718-2ba6-4db3-bafe-b1149561c813,100000000,100000000,100000000,35.0,34.86,2,2025-08-21T09:16:05Z,2025-08-25T23:26:23Z,2025-08-26T00:28:54Z,2025-08-26T07:18:00Z,WB-001334,True,2025-08-21T07:41:00Z,1,2
e07f0982-3629-4b5a-a3a1-ea2ba91e3dfb,SHP-001335,fa213ea0-bbfd-4b48-a508-9df5bc03ae11,86341718-2ba6-4db3-bafe-b1149561c813,100000000,100000000,100000000,60.0,60.11,3,2026-03-12T14:51:28Z,2026-03-15T04:20:23Z,2026-03-15T05:30:39Z,2026-03-15T12:21:00Z,WB-001335,True,2026-03-12T11:36:00Z,1,2
de385367-4e8e-480c-97f2-afa2bc98d055,SHP-001336,3ab883c7-8aa4-41fd-90df-28d02b5ec7c1,c64c9647-9ea7-417c-b89f-7039a107cc46,100000000,100000000,100000000,70.0,70.05,3,2024-11-24T11:55:52Z,2024-11-24T22:48:35Z,2024-11-25T00:01:06Z,2024-11-25T09:55:00Z,WB-001336,True,2024-11-24T11:58:00Z,1,2
44cad5d1-5da0-4ddd-9cad-450cb78ba15f,SHP-001337,b872f572-7217-4608-a8e9-1b70b15d01ba,c64c9647-9ea7-417c-b89f-7039a107cc46,100000000,100000000,100000000,60.0,59.89,3,2024-12-03T15:00:09Z,2024-12-09T17:37:04Z,2024-12-09T19:05:42Z,2024-12-10T04:51:00Z,WB-001337,True,2024-12-03T13:25:00Z,1,2
543500a8-dbf6-44b7-9a4d-9502212fe637,SHP-001338,bc2f834a-62d5-425b-b165-538bd180ca99,c64c9647-9ea7-417c-b89f-7039a107cc46,100000000,100000000,100000002,30.0,30.04,2,2025-03-06T08:43:12Z,2025-03-11T00:54:44Z,2025-03-11T01:45:46Z,2025-03-11T10:04:00Z,WB-001338,True,2025-03-06T07:07:00Z,1,2
0e3d2aef-fbf5-42c1-b55d-9beec1856cf7,SHP-001339,f5142874-fd7c-481a-9de5-f3269385916f,c64c9647-9ea7-417c-b89f-7039a107cc46,100000000,100000000,100000000,40.0,39.88,2,2025-05-24T12:09:02Z,2025-05-31T03:16:55Z,2025-05-31T03:52:48Z,2025-05-31T11:26:00Z,WB-001339,True,2025-05-24T09:03:00Z,1,2
0fc05c2d-6d68-4e0c-afe5-7119a45f6f8e,SHP-001340,415377c9-4f82-45c1-85f0-a3efc80c3108,c64c9647-9ea7-417c-b89f-7039a107cc46,100000000,100000000,100000000,30.0,30.11,2,2025-12-29T12:57:38Z,2026-01-03T20:22:00Z,2026-01-03T21:14:00Z,2026-01-04T05:12:00Z,WB-001340,True,2025-12-29T12:08:00Z,1,2
949e1bb5-2925-4944-8b82-b2e17508c733,SHP-001341,e9cadc2e-04bb-465f-b409-2555567eab20,9293f705-0815-4147-be00-980eae441e21,100000000,100000001,100000002,20.0,20.11,1,2024-07-23T10:04:09Z,2024-07-24T05:23:49Z,2024-07-24T06:15:48Z,2024-07-24T11:03:00Z,WB-001341,True,2024-07-21T07:25:00Z,1,2
ea1e210b-6663-4ad4-9c81-c493927c7b87,SHP-001342,0ccff45b-3a58-42f0-a84d-33c0e50406fc,9293f705-0815-4147-be00-980eae441e21,100000000,100000000,100000000,20.0,20.04,1,2025-05-24T14:22:51Z,2025-05-30T20:12:41Z,2025-05-30T21:59:21Z,2025-05-31T05:50:00Z,WB-001342,True,2025-05-24T11:10:00Z,1,2
6123f73b-ba82-4da5-8b9a-8ed1ee4d3086,SHP-001343,c7eddb2e-4800-42ba-a785-fafea959f6f8,9293f705-0815-4147-be00-980eae441e21,100000000,100000000,100000000,15.0,15.0,1,2025-12-31T14:15:54Z,2026-01-02T23:58:14Z,2026-01-03T01:10:47Z,2026-01-03T06:29:00Z,WB-001343,True,2025-12-31T12:17:00Z,1,2
1591cfbc-6e01-488a-9a00-b3a70393996d,SHP-001344,3e9987d7-40e1-4c6d-8c73-7feaaa6fd925,30d73df7-1c22-4cea-b355-56a5f2bd92f2,100000000,100000000,100000000,125.0,125.23,6,2024-10-09T07:50:03Z,2024-10-12T00:40:35Z,2024-10-12T01:19:21Z,2024-10-12T04:58:00Z,WB-001344,True,2024-10-09T06:16:00Z,1,2
5a3ade4a-3c50-44f3-8d0e-c042aa529bcc,SHP-001345,261ec73d-eef1-4360-8b43-083378bf0056,30d73df7-1c22-4cea-b355-56a5f2bd92f2,100000000,100000000,100000000,140.0,140.08,6,2024-12-22T07:50:53Z,2024-12-28T00:03:09Z,2024-12-28T01:33:31Z,2024-12-28T06:15:00Z,WB-001345,True,2024-12-22T06:45:00Z,1,2
71c30905-0c87-4f1b-baf1-61cf7fec5061,SHP-001346,86bb1c41-16e1-43e5-b8f5-89976955db28,30d73df7-1c22-4cea-b355-56a5f2bd92f2,100000000,100000000,100000000,285.0,284.49,12,2025-04-26T15:59:22Z,2025-04-29T23:49:38Z,2025-04-30T01:15:43Z,2025-04-30T07:22:00Z,WB-001346,False,2025-04-26T13:32:00Z,1,2
9c468970-da9b-4933-b21a-33a203c0cb89,SHP-001347,698521ca-7b5d-4d26-b3f3-1886df8e520e,30d73df7-1c22-4cea-b355-56a5f2bd92f2,100000000,100000000,100000000,135.0,135.02,6,2025-10-18T08:36:38Z,2025-10-20T04:19:33Z,2025-10-20T05:35:42Z,2025-10-20T12:29:00Z,WB-001347,True,2025-10-18T08:05:00Z,1,2
83399bcf-85b0-4a43-ae34-7098cb338a04,SHP-001348,4953c8c9-ed39-4d84-bcb5-e7df3a815c46,30d73df7-1c22-4cea-b355-56a5f2bd92f2,100000000,100000001,100000000,160.0,160.01,7,2025-10-15T00:56:49Z,2025-10-16T04:21:41Z,2025-10-16T05:00:40Z,2025-10-16T11:41:00Z,WB-001348,True,2025-10-12T06:31:00Z,1,2
0bf528da-8df3-478f-aa66-aa988ed86960,SHP-001349,194918ab-b592-486f-9d4b-fd1aa696d34f,30d73df7-1c22-4cea-b355-56a5f2bd92f2,100000000,100000001,100000000,210.0,211.15,9,2026-05-24T02:12:56Z,2026-05-24T18:08:20Z,2026-05-24T19:00:26Z,2026-05-25T04:39:00Z,WB-001349,True,2026-05-19T09:20:00Z,1,2
e9d3e402-0a1f-4511-8ecc-1a5127da9b85,SHP-001350,1e154d8d-052a-475d-a8c4-27b3eb6b74ef,30d73df7-1c22-4cea-b355-56a5f2bd92f2,100000000,100000000,100000000,90.0,89.84,4,2026-05-18T07:52:20Z,2026-05-23T02:36:03Z,2026-05-23T03:31:26Z,2026-05-23T09:47:00Z,WB-001350,True,2026-05-18T05:21:00Z,1,2
4837ae9d-8852-4072-98d2-9b446e780164,SHP-001351,c03abeba-d9b5-4d08-abec-e8bfc781d228,6b352f85-504e-4687-b0e7-e75604d9145e,100000000,100000001,100000000,25.0,24.95,2,2024-08-17T22:39:10Z,2024-08-20T06:36:38Z,2024-08-20T07:14:01Z,2024-08-20T12:59:00Z,WB-001351,True,2024-08-13T08:22:00Z,1,2
e4603a9b-3556-4911-8039-13544feec4e6,SHP-001352,a4617393-7a8f-474f-b9e3-cdd383875b58,6b352f85-504e-4687-b0e7-e75604d9145e,100000000,100000000,100000000,90.0,89.42,4,2024-10-08T10:31:30Z,2024-10-10T01:57:56Z,2024-10-10T02:50:42Z,2024-10-10T09:14:00Z,WB-001352,True,2024-10-08T08:34:00Z,1,2
80ea95b2-6ce4-4c91-886c-ff76e10e3452,SHP-001353,174ddf85-379c-4b7d-8e3f-a37c76361853,6b352f85-504e-4687-b0e7-e75604d9145e,100000000,100000000,100000000,10.0,10.01,1,2024-11-13T11:33:29Z,2024-11-18T03:51:35Z,2024-11-18T05:37:05Z,2024-11-18T12:28:00Z,WB-001353,True,2024-11-13T09:47:00Z,1,2
06f8b9ca-4688-4c55-ba24-85009f616707,SHP-001354,468f06a3-0e11-43f4-ae7b-8465f91b02cc,6b352f85-504e-4687-b0e7-e75604d9145e,100000000,100000000,100000000,40.0,39.97,2,2025-02-18T05:39:01Z,2025-02-24T00:05:37Z,2025-02-24T01:46:21Z,2025-02-24T08:55:00Z,WB-001354,True,2025-02-18T05:00:00Z,1,2
951b10ac-4398-4e0f-9b60-f6dc440ee3ca,SHP-001355,82d39a40-b75d-4380-9f14-f5345d18e7e2,6b352f85-504e-4687-b0e7-e75604d9145e,100000000,100000001,100000000,110.0,109.7,5,2025-07-26T05:26:13Z,2025-07-28T05:34:05Z,2025-07-28T06:08:17Z,2025-07-28T11:24:00Z,WB-001355,True,2025-07-22T12:20:00Z,1,2
e6ac2aca-e5cd-4a3e-9708-f8f8ba8c5281,SHP-001356,c04b0b5a-3bea-46fc-bc0a-4e3e524dbb4d,9c89d374-c664-45a7-8077-3e33690e7e62,100000001,100000000,100000002,45.0,45.08,2,2024-08-05T09:24:43Z,2024-08-07T03:44:16Z,2024-08-07T05:17:38Z,2024-08-07T11:23:00Z,WB-001356,True,2024-08-05T06:44:00Z,1,2
43cd3091-4250-440a-af2d-0259d46c70c1,SHP-001357,a191a744-d5de-4577-9148-21e943c88245,9c89d374-c664-45a7-8077-3e33690e7e62,100000001,100000000,100000000,40.0,39.93,2,2024-11-02T08:11:20Z,2024-11-07T00:08:19Z,2024-11-07T01:48:46Z,2024-11-07T07:45:00Z,WB-001357,True,2024-11-02T07:19:00Z,1,2
00cf914e-3082-410d-a086-461cc2c30718,SHP-001358,4eea05a5-cd4d-41a0-8a3b-b16e205d8273,9c89d374-c664-45a7-8077-3e33690e7e62,100000001,100000000,100000000,90.0,89.81,4,2025-01-02T06:59:11Z,2025-01-09T02:28:47Z,2025-01-09T03:45:20Z,2025-01-09T07:59:00Z,WB-001358,True,2025-01-02T05:49:00Z,1,2
60b9a23d-483a-43c3-9fa9-7cffc2f1d46e,SHP-001359,2b195f4d-f752-40c3-89ec-c7889c236e91,9c89d374-c664-45a7-8077-3e33690e7e62,100000001,100000000,100000000,205.0,204.82,9,2025-03-12T08:49:36Z,2025-03-18T04:30:30Z,2025-03-18T05:20:30Z,2025-03-18T10:06:00Z,WB-001359,True,2025-03-12T08:07:00Z,1,2
b0a48ef9-3078-4c91-93fd-57b771e6ea88,SHP-001360,2ce90be9-59e2-4d06-84aa-1676d9d29c20,9c89d374-c664-45a7-8077-3e33690e7e62,100000001,100000000,100000001,130.0,130.04,6,2025-10-16T09:31:21Z,2025-10-22T02:48:29Z,2025-10-22T04:46:04Z,2025-10-22T09:43:00Z,WB-001360,True,2025-10-16T06:24:00Z,1,2
a06f91d2-06d0-420f-b03b-41fb602c81f0,SHP-001361,8d3b4a17-52c5-4522-9a6d-93d922a88aba,9c89d374-c664-45a7-8077-3e33690e7e62,100000001,100000000,100000000,145.0,144.74,7,2025-12-31T10:48:45Z,2026-01-06T01:47:04Z,2026-01-06T02:17:29Z,2026-01-06T06:23:00Z,WB-001361,True,2025-12-31T09:17:00Z,1,2
2cfe4e10-c470-4e88-ade5-da43dbd61486,SHP-001362,4e898fc3-be85-40b6-ab0e-77c75adcfb20,9c89d374-c664-45a7-8077-3e33690e7e62,100000001,100000000,100000002,50.0,50.06,3,2026-05-02T07:49:01Z,2026-05-03T01:28:29Z,2026-05-03T02:04:03Z,2026-05-03T06:42:00Z,WB-001362,True,2026-05-02T06:07:00Z,1,2
86223206-1046-4c06-83c0-5bd5c320330d,SHP-001363,9b870d68-a3cd-446c-9044-b772b39cd5ae,d92f3c1e-df70-4b2a-b8bb-22a5eba742d2,100000000,100000001,100000000,180.0,179.62,8,2024-12-19T22:49:23Z,2024-12-21T07:10:37Z,2024-12-21T08:03:32Z,2024-12-21T13:11:00Z,WB-001363,True,2024-12-15T07:29:00Z,1,2
4817e779-5332-48de-b3e4-075f176b3e93,SHP-001364,d8ac924f-7eda-4377-866c-38ae88451d69,d92f3c1e-df70-4b2a-b8bb-22a5eba742d2,100000000,100000000,100000000,125.0,124.6,6,2025-06-28T14:31:21Z,2025-07-04T22:17:21Z,2025-07-04T23:12:32Z,2025-07-05T08:23:00Z,WB-001364,True,2025-06-28T13:06:00Z,1,2
373827aa-1622-41d9-8c0d-e2b46c074145,SHP-001365,e541a851-b9e7-47c5-9ea4-fe5d9eb43be4,d92f3c1e-df70-4b2a-b8bb-22a5eba742d2,100000000,100000001,100000002,240.0,239.23,10,2025-08-04T20:14:29Z,2025-08-06T07:11:14Z,2025-08-06T08:31:04Z,2025-08-06T12:49:00Z,WB-001365,True,2025-07-30T12:38:00Z,1,2
47fcae49-6516-432c-a76e-3c86436de3ac,SHP-001366,83f01e6a-e4a5-49e6-94ce-ce8622df084c,d92f3c1e-df70-4b2a-b8bb-22a5eba742d2,100000000,100000001,100000002,80.0,80.09,4,2025-09-28T06:40:04Z,2025-09-30T06:16:28Z,2025-09-30T06:59:26Z,2025-09-30T13:14:00Z,WB-001366,True,2025-09-24T10:29:00Z,1,2
c28438fa-4a38-4100-b68b-d6671d1a9c83,SHP-001367,352408c0-593a-4fbb-893c-f12e71f379a9,d92f3c1e-df70-4b2a-b8bb-22a5eba742d2,100000000,100000000,100000000,205.0,204.5,9,2025-11-01T09:54:56Z,2025-11-03T04:21:29Z,2025-11-03T05:04:54Z,2025-11-03T11:11:00Z,WB-001367,True,2025-11-01T07:31:00Z,1,2
f523dfd8-d50f-4ad5-9a35-af0ba871f6bc,SHP-001368,a69e3e0a-80e8-490a-9f6a-069567276be8,b4adaf89-0ff1-4a9f-ba37-0623bc5fd4dd,100000000,100000000,100000000,30.5,30.51,2,2024-12-07T09:08:01Z,2024-12-12T04:41:49Z,2024-12-12T06:40:01Z,2024-12-12T13:15:00Z,WB-001368,True,2024-12-07T05:28:00Z,1,2
08337688-43a3-490c-b498-cdf5000bdd51,SHP-001369,64422db4-825a-46a7-812f-670138db73e7,b4adaf89-0ff1-4a9f-ba37-0623bc5fd4dd,100000000,100000000,100000001,20.0,19.95,1,2024-12-08T10:13:52Z,2024-12-09T00:13:16Z,2024-12-09T01:28:02Z,2024-12-09T06:32:00Z,WB-001369,True,2024-12-08T10:14:00Z,1,2
02a45d33-4c2c-444b-9d3f-98da3c1022b9,SHP-001370,2a1fbf09-170b-4b9a-a9d5-dbd3f7434808,b4adaf89-0ff1-4a9f-ba37-0623bc5fd4dd,100000000,100000000,100000001,35.0,34.86,2,2025-05-10T11:46:04Z,2025-05-14T22:47:28Z,2025-05-15T00:39:21Z,2025-05-15T06:41:00Z,WB-001370,True,2025-05-10T08:08:00Z,1,2
5871cb06-1328-48e2-badc-14485a2bb11b,SHP-001371,46b33b61-0d10-48af-9e9d-c7520097c6dd,b4adaf89-0ff1-4a9f-ba37-0623bc5fd4dd,100000000,100000000,100000000,70.0,70.17,3,2025-07-19T11:02:29Z,2025-07-26T04:12:39Z,2025-07-26T04:44:26Z,2025-07-26T10:26:00Z,WB-001371,True,2025-07-19T08:17:00Z,1,2
17bdbf83-622a-4849-819b-0c45e35798db,SHP-001372,3fae25c0-6757-4df9-8515-f28dc0d05e59,b4adaf89-0ff1-4a9f-ba37-0623bc5fd4dd,100000000,100000000,100000000,65.0,64.97,3,2025-11-09T12:15:10Z,2025-11-11T21:10:41Z,2025-11-11T21:44:20Z,2025-11-12T05:04:00Z,WB-001372,True,2025-11-09T10:21:00Z,1,2
9509d095-60d1-4bdd-aba6-96aa6ddff630,SHP-001373,59e75c59-a9ca-4ed4-b873-eb3312a8ba6b,b4adaf89-0ff1-4a9f-ba37-0623bc5fd4dd,100000000,100000000,100000002,15.0,14.99,1,2025-12-03T12:35:45Z,2025-12-08T23:22:47Z,2025-12-09T00:39:04Z,2025-12-09T06:59:00Z,WB-001373,False,2025-12-03T10:37:00Z,1,2
4791859f-a0b4-4f60-9f4b-7dd2c1a2fea2,SHP-001374,a559ff1c-1259-41c8-9438-2e2a2a9592b7,b4adaf89-0ff1-4a9f-ba37-0623bc5fd4dd,100000000,100000000,100000000,25.0,25.09,2,2026-02-21T10:13:40Z,2026-02-27T22:19:00Z,2026-02-27T23:35:55Z,2026-02-28T06:13:00Z,WB-001374,True,2026-02-21T07:59:00Z,1,2
b7d0708d-ec35-40d0-9a47-69f9a040298e,SHP-001375,5a82a015-f24c-42e5-b9ae-235fb7637bcd,b4adaf89-0ff1-4a9f-ba37-0623bc5fd4dd,100000000,100000000,100000000,35.0,34.9,2,2026-05-11T12:03:00Z,2026-05-18T00:08:37Z,2026-05-18T00:47:01Z,2026-05-18T06:54:00Z,WB-001375,True,2026-05-11T11:43:00Z,1,2
a0262280-b8ce-47f9-8bca-6580c5d4df27,SHP-001376,8a77bd44-327b-4d1f-8bd6-dfbc3b6509c1,b4adaf89-0ff1-4a9f-ba37-0623bc5fd4dd,100000000,100000000,100000002,25.0,25.03,2,2026-05-20T11:41:43Z,2026-05-21T04:32:06Z,2026-05-21T05:30:49Z,2026-05-21T10:06:00Z,WB-001376,True,2026-05-20T08:23:00Z,1,2
198a00c8-7cfe-46d2-9acc-fa745a6089ad,SHP-001377,39e68ba1-55b5-4bd8-8eb8-1feee98a5e88,8f964685-3514-4890-84c8-6c4623595fa4,100000000,100000000,100000000,15.0,15.05,1,2024-12-28T14:12:30Z,2025-01-04T01:51:19Z,2025-01-04T03:29:10Z,2025-01-04T10:32:00Z,WB-001377,True,2024-12-28T13:21:00Z,1,2
b9c2abaf-a0bc-4404-ba3d-5ededabccf42,SHP-001378,4e6792a6-e39e-4dcf-8de1-4304742efb99,8f964685-3514-4890-84c8-6c4623595fa4,100000000,100000001,100000000,45.0,44.92,2,2026-02-18T04:56:47Z,2026-02-19T07:25:37Z,2026-02-19T09:23:04Z,2026-02-19T12:09:00Z,WB-001378,True,2026-02-12T09:16:00Z,1,2
222a6813-a862-46a3-8f25-9017fb09da98,SHP-001379,f6cada89-973a-4c79-9a5e-ea62fb50cdf5,8f964685-3514-4890-84c8-6c4623595fa4,100000000,100000000,100000000,185.0,184.51,8,2026-06-10T10:55:57Z,2026-06-16T21:51:09Z,2026-06-16T23:50:04Z,2026-06-17T08:36:00Z,WB-001379,True,2026-06-10T09:02:00Z,1,2
6af676bf-6af8-4cd6-867e-60cc709e29d5,SHP-001380,b4c173b8-0a8b-4ee1-bdbd-2a439d349e8a,7a768555-a987-4218-bf84-faef5336723b,100000000,100000000,100000000,105.0,105.36,5,2024-07-27T06:51:21Z,2024-07-31T19:24:54Z,2024-07-31T21:04:10Z,2024-08-01T04:31:00Z,WB-001380,True,2024-07-27T05:34:00Z,1,2
876afbf5-7bf4-48ce-a680-81c20431ad94,SHP-001381,c7d3734f-21cd-4a9e-84b9-b86897b734a6,7a768555-a987-4218-bf84-faef5336723b,100000000,100000001,100000000,40.0,40.04,2,2024-08-28T04:46:27Z,2024-08-29T05:50:41Z,2024-08-29T07:36:10Z,2024-08-29T12:26:00Z,WB-001381,True,2024-08-24T06:20:00Z,1,2
9f315d8e-cbdd-41aa-a6f3-5e7ec8331b48,SHP-001382,33e862aa-fe08-4342-819c-0a47fab6ef16,7a768555-a987-4218-bf84-faef5336723b,100000000,100000000,100000000,90.0,90.3,4,2024-08-17T12:46:05Z,2024-08-19T00:40:22Z,2024-08-19T01:54:30Z,2024-08-19T06:36:00Z,WB-001382,True,2024-08-17T12:30:00Z,1,2
634e7f79-d492-4ff0-975b-57749cc23b69,SHP-001383,9fe519da-4981-4fa7-a68b-95c0c89799c9,7a768555-a987-4218-bf84-faef5336723b,100000000,100000000,100000000,25.0,24.97,2,2026-05-25T12:30:07Z,2026-05-31T22:43:27Z,2026-05-31T23:14:43Z,2026-06-01T07:44:00Z,WB-001383,True,2026-05-25T12:07:00Z,1,2
902dfef5-6ea7-434d-8baf-93ab654f1e35,SHP-001384,96998c50-7b7a-4688-a48b-d58b79eb343d,7a768555-a987-4218-bf84-faef5336723b,100000000,100000000,100000000,40.0,40.19,2,2026-05-19T09:04:45Z,2026-05-23T02:33:22Z,2026-05-23T04:25:39Z,2026-05-23T08:46:00Z,WB-001384,True,2026-05-19T07:12:00Z,1,2
39542ff5-ee50-4809-ae2c-b4040fceada0,SHP-001385,3f3ebaae-50d8-452e-8205-85d9cad827ec,f4e95734-5052-4700-a077-96a38685abaa,100000000,100000000,100000000,170.0,169.96,8,2024-09-21T11:39:11Z,2024-09-28T00:12:45Z,2024-09-28T01:49:08Z,2024-09-28T05:07:00Z,WB-001385,True,2024-09-21T10:43:00Z,1,2
8a47ab95-9acf-4e52-adf8-0b5e5b71d6e8,SHP-001386,f9b84dea-52d0-468f-942f-90280ee011ac,f4e95734-5052-4700-a077-96a38685abaa,100000000,100000001,100000001,270.0,270.2,12,2024-10-30T14:01:08Z,2024-10-31T05:44:21Z,2024-10-31T06:21:34Z,2024-10-31T09:56:00Z,WB-001386,True,2024-10-26T09:02:00Z,1,2
f78b22c1-6af5-4f9c-8df3-23faebf0e7fc,SHP-001387,ff0a35eb-ea04-4ec5-a784-ecb640718464,f4e95734-5052-4700-a077-96a38685abaa,100000000,100000000,100000000,230.0,229.7,10,2025-06-02T10:56:10Z,2025-06-04T06:39:47Z,2025-06-04T08:31:08Z,2025-06-04T12:04:00Z,WB-001387,True,2025-06-02T11:31:00Z,1,2
7e623859-6ef6-4e49-b858-455a5e05025a,SHP-001388,dcd1b568-c2eb-498b-8ec5-85d7ca2507be,f4e95734-5052-4700-a077-96a38685abaa,100000000,100000000,100000000,65.0,65.12,3,2026-05-21T16:33:49Z,2026-05-26T05:14:05Z,2026-05-26T06:29:45Z,2026-05-26T10:36:00Z,WB-001388,True,2026-05-21T13:36:00Z,1,2
2af2a03a-07e1-4ce2-ada5-dbdd71297594,SHP-001389,a4aef6bb-e947-4456-87d8-7897ce72f297,f4e95734-5052-4700-a077-96a38685abaa,100000000,100000000,100000000,210.0,210.29,9,2026-05-30T08:55:12Z,2026-06-01T03:40:22Z,2026-06-01T04:55:07Z,2026-06-01T11:23:00Z,WB-001389,True,2026-05-30T06:30:00Z,1,2
6c3231f8-d84f-4aec-8eee-44ef71356f5e,SHP-001390,c6608fed-89b4-4919-a5b5-19ead0e5350e,f4e95734-5052-4700-a077-96a38685abaa,100000000,100000001,100000002,110.0,109.51,5,2026-05-24T00:49:14Z,2026-05-25T00:28:28Z,2026-05-25T02:24:04Z,2026-05-25T07:38:00Z,WB-001390,True,2026-05-19T09:57:00Z,1,2
314231d4-4eca-498b-8229-d52f7aed4e6c,SHP-001391,713b6863-b232-48cb-9f95-7c27d0121a18,887b03e5-e980-4808-b5ac-824c2c55aef7,100000000,100000000,100000000,20.0,19.99,1,2024-10-09T13:08:50Z,2024-10-12T02:37:54Z,2024-10-12T03:48:52Z,2024-10-12T07:50:00Z,WB-001391,False,2024-10-09T12:52:00Z,1,2
92b8cc97-8b85-428f-aad4-3b9e43ebf525,SHP-001392,8419d404-3aa9-4b09-b6df-d39a72d1631a,887b03e5-e980-4808-b5ac-824c2c55aef7,100000000,100000000,100000000,40.0,40.2,2,2025-03-09T11:23:32Z,2025-03-12T06:58:53Z,2025-03-12T07:28:43Z,2025-03-12T12:03:00Z,WB-001392,True,2025-03-09T09:23:00Z,1,2
04497c71-4d57-409d-a8e1-17dd42ef05f7,SHP-001393,38636214-9972-42d0-9a50-bd3a8eb209bc,887b03e5-e980-4808-b5ac-824c2c55aef7,100000000,100000000,100000000,40.0,40.33,2,2025-04-12T13:24:53Z,2025-04-13T00:35:19Z,2025-04-13T01:58:03Z,2025-04-13T08:44:00Z,WB-001393,True,2025-04-12T11:22:00Z,1,2
aca3cb24-7eaa-4e4f-a68d-fd55a8a380b3,SHP-001394,6ef0e441-d368-4a72-876d-06e54860d063,887b03e5-e980-4808-b5ac-824c2c55aef7,100000000,100000000,100000001,25.0,25.05,2,2025-09-04T09:21:05Z,2025-09-07T01:26:03Z,2025-09-07T03:24:56Z,2025-09-07T06:25:00Z,WB-001394,True,2025-09-04T08:12:00Z,1,2
b98dc73b-c1aa-4e31-96d4-fccc31c2e0a1,SHP-001395,9bfe154d-1673-4317-b3d4-56214eb011c2,887b03e5-e980-4808-b5ac-824c2c55aef7,100000000,100000000,100000002,44.5,44.49,2,2025-12-06T08:41:11Z,2025-12-13T02:24:52Z,2025-12-13T03:03:08Z,2025-12-13T11:23:00Z,WB-001395,True,2025-12-06T08:49:00Z,1,2
62658b8e-de8f-477e-b730-23b35f38466d,SHP-001396,5a5890e3-2bcb-4476-877f-99d25c5826d9,887b03e5-e980-4808-b5ac-824c2c55aef7,100000000,100000000,100000001,30.0,30.03,2,2026-06-20T14:20:10Z,2026-06-21T00:18:15Z,2026-06-21T02:02:53Z,2026-06-21T05:25:00Z,WB-001396,True,2026-06-20T12:46:00Z,1,2
235e1cfe-c638-4d80-a3a8-a380825b64f5,SHP-001397,f86e6061-2a96-4d10-941a-daef20dd2452,887b03e5-e980-4808-b5ac-824c2c55aef7,100000000,100000000,100000000,30.0,30.02,2,2026-06-11T07:45:17Z,2026-06-16T07:16:37Z,2026-06-16T07:51:55Z,2026-06-16T12:13:00Z,WB-001397,True,2026-06-11T05:21:00Z,1,2
b6e37a76-0b29-4e92-ba81-dc75a17e657a,SHP-001398,5a81272a-231d-4b7d-8366-63c10da8d5b2,43ad3d62-b17c-4b21-8dbc-2c1ca4afe7bd,100000001,100000000,100000000,30.0,29.96,2,2024-07-16T11:59:42Z,2024-07-20T06:38:27Z,2024-07-20T07:48:35Z,2024-07-20T12:43:00Z,WB-001398,True,2024-07-16T10:14:00Z,1,2
911050a9-c738-453f-84a3-227b6304b8e0,SHP-001399,6621cf6c-901e-43a1-80ea-4fecf04f70ad,43ad3d62-b17c-4b21-8dbc-2c1ca4afe7bd,100000001,100000000,100000000,55.0,54.87,3,2024-10-05T14:29:00Z,2024-10-09T22:57:02Z,2024-10-09T23:24:54Z,2024-10-10T06:34:00Z,WB-001399,True,2024-10-05T11:59:00Z,1,2
a57f66f3-1bfd-4a6e-9f38-3ef988b53d12,SHP-001400,b0f27c82-274e-41d7-ae29-0c97b61ca774,43ad3d62-b17c-4b21-8dbc-2c1ca4afe7bd,100000001,100000000,100000000,69.5,69.64,3,2025-11-04T14:57:30Z,2025-11-08T01:22:42Z,2025-11-08T02:58:22Z,2025-11-08T08:42:00Z,WB-001400,True,2025-11-04T13:07:00Z,1,2
df95dd71-2f19-4bad-86e6-fbf2b1de49e8,SHP-001401,e2657cab-e99f-4250-abe3-7e47ff489775,f5141058-3138-4975-bbf3-3a349c2dfa97,100000001,100000000,100000000,25.0,25.04,2,2024-08-10T09:01:04Z,2024-08-12T21:50:25Z,2024-08-12T23:02:08Z,2024-08-13T10:43:00Z,WB-001401,True,2024-08-10T05:54:00Z,1,2
90ba058a-f906-41aa-97a2-95ceafd14bb6,SHP-001402,2ada1c65-be8a-4371-84e3-835d0b787233,f5141058-3138-4975-bbf3-3a349c2dfa97,100000001,100000001,100000001,60.0,59.93,3,2025-05-27T06:50:45Z,2025-05-27T16:48:36Z,2025-05-27T18:30:10Z,2025-05-28T12:18:00Z,WB-001402,True,2025-05-25T10:44:00Z,1,2
90a199d6-794a-4744-8b74-59ee4045470e,SHP-001403,0edbc4c9-0088-4a30-afc5-11d1134a0817,f5141058-3138-4975-bbf3-3a349c2dfa97,100000001,100000000,100000000,80.0,79.87,4,2025-06-22T12:51:24Z,2025-06-22T22:11:44Z,2025-06-22T22:59:42Z,2025-06-23T09:27:00Z,WB-001403,True,2025-06-22T11:10:00Z,1,2
7062ed56-165c-4213-931b-df2daae15955,SHP-001404,828dfa3d-54f3-41b7-b56f-8641e9190382,f5141058-3138-4975-bbf3-3a349c2dfa97,100000001,100000000,100000000,85.0,84.64,4,2026-03-31T13:12:33Z,2026-03-31T19:30:14Z,2026-03-31T20:55:06Z,2026-04-01T04:44:00Z,WB-001404,True,2026-03-31T11:33:00Z,1,2
c1995573-ab06-42d4-bfae-78b0089a6ce1,SHP-001405,17163752-99b4-4e6d-934d-91dc099b3875,4c6a70f4-8ede-444d-876c-f68c3f1be0d0,100000002,100000000,100000003,155.0,156.21,7,2024-08-13T07:21:20Z,2024-08-14T02:53:20Z,2024-08-14T03:48:36Z,2024-08-14T09:32:00Z,WB-001405,True,2024-08-13T05:58:00Z,1,2
ab9e991c-b53a-4e71-845c-55350b047ce6,SHP-001406,07eeb464-f26b-4378-a71d-5a6ebc4633e3,4c6a70f4-8ede-444d-876c-f68c3f1be0d0,100000002,100000000,100000000,90.0,90.35,4,2024-12-03T11:06:03Z,2024-12-09T23:00:28Z,2024-12-09T23:49:30Z,2024-12-10T06:12:00Z,WB-001406,True,2024-12-03T09:39:00Z,1,2
44323507-29a9-49bb-b126-9be496b03a0e,SHP-001407,c0cab2d2-001e-4800-997f-0b70e4192c66,4c6a70f4-8ede-444d-876c-f68c3f1be0d0,100000002,100000000,100000001,85.0,84.8,4,2025-04-23T07:34:32Z,2025-04-30T01:03:25Z,2025-04-30T02:20:21Z,2025-04-30T08:33:00Z,WB-001407,True,2025-04-23T06:51:00Z,1,2
4a96ba53-344f-4515-986e-6bcf1998b0c7,SHP-001408,6f29912f-3820-41ee-80ec-9072af34e315,4c6a70f4-8ede-444d-876c-f68c3f1be0d0,100000002,100000000,100000000,135.0,136.27,6,2025-05-13T10:16:50Z,2025-05-17T23:36:30Z,2025-05-18T00:34:21Z,2025-05-18T05:16:00Z,WB-001408,True,2025-05-13T09:48:00Z,1,2
2606713c-1400-4b73-9bd9-b3419c3dbb76,SHP-001409,a23b5c43-304a-4eea-a494-debc84955f07,4c6a70f4-8ede-444d-876c-f68c3f1be0d0,100000002,100000000,100000000,135.0,135.54,6,2025-10-25T08:08:46Z,2025-10-29T20:39:31Z,2025-10-29T21:34:25Z,2025-10-30T06:38:00Z,WB-001409,True,2025-10-25T07:41:00Z,1,2
68f292a9-717c-4e02-aa73-338a56123749,SHP-001410,14c70902-ed8b-4753-9c65-45c5f478a411,fb756923-f910-4bb3-b105-32523990e2c9,100000003,100000000,100000001,130.0,129.59,6,2025-04-19T07:32:25Z,2025-04-26T00:14:59Z,2025-04-26T01:45:11Z,2025-04-26T07:08:00Z,WB-001410,False,2025-04-19T07:58:00Z,1,2
7289915e-90b5-4acd-a0f9-b23fdba9bfc0,SHP-001411,9c7710da-5c7d-48d3-a81b-4f76091e424f,fb756923-f910-4bb3-b105-32523990e2c9,100000003,100000000,100000003,125.0,124.41,6,2025-07-28T11:50:38Z,2025-07-29T01:05:23Z,2025-07-29T02:31:35Z,2025-07-29T09:37:00Z,WB-001411,True,2025-07-28T09:39:00Z,1,2
6feee935-5c01-4d1c-80fe-361535793208,SHP-001412,72272f23-bc20-43f9-b557-2fca99033e63,fb756923-f910-4bb3-b105-32523990e2c9,100000003,100000000,100000000,90.0,90.1,4,2025-10-04T11:29:14Z,2025-10-08T22:02:14Z,2025-10-08T23:24:52Z,2025-10-09T07:12:00Z,WB-001412,False,2025-10-04T09:53:00Z,1,2
5fc63a87-89d1-4ed5-895e-83ac8c5288b4,SHP-001413,17335af4-2bef-4ac1-a5be-db6888ca1e80,fb756923-f910-4bb3-b105-32523990e2c9,100000003,100000001,100000001,165.0,164.5,7,2025-10-12T18:13:23Z,2025-10-14T05:23:07Z,2025-10-14T06:41:14Z,2025-10-14T13:17:00Z,WB-001413,True,2025-10-07T08:52:00Z,1,2
12640301-f444-4632-991e-e28509488f96,SHP-001414,60ce7971-6155-413e-9b7d-75ba1d982741,fb756923-f910-4bb3-b105-32523990e2c9,100000003,100000001,100000000,70.0,70.36,3,2025-10-13T01:46:13Z,2025-10-14T22:14:05Z,2025-10-14T23:04:26Z,2025-10-15T05:44:00Z,WB-001414,True,2025-10-09T07:00:00Z,1,2
dd497c3d-1338-4282-94c6-59824c216b85,SHP-001415,32bc3dea-b5eb-43b7-8940-1787dfac31e4,b4746349-49fc-4cd8-856b-ad4c4c3077c4,100000001,100000000,100000000,40.0,40.02,2,2024-08-10T13:49:07Z,2024-08-17T06:46:25Z,2024-08-17T08:05:41Z,2024-08-17T13:07:00Z,WB-001415,True,2024-08-10T13:09:00Z,1,2
78561f16-37ca-4a2c-8305-16ad479650de,SHP-001416,147404de-a3f1-45f4-a074-13478948754a,b4746349-49fc-4cd8-856b-ad4c4c3077c4,100000001,100000000,100000000,90.0,90.25,4,2024-07-28T06:16:23Z,2024-08-02T23:46:52Z,2024-08-03T00:59:33Z,2024-08-03T06:39:00Z,WB-001416,True,2024-07-28T05:42:00Z,1,2
44af00fd-78d3-480f-aa3d-1ba05eeeede7,SHP-001417,704d23cf-fc7c-452f-8270-d50411e9a0d3,b4746349-49fc-4cd8-856b-ad4c4c3077c4,100000001,100000000,100000000,80.0,80.15,4,2024-10-19T11:53:10Z,2024-10-26T04:28:39Z,2024-10-26T06:06:59Z,2024-10-26T09:56:00Z,WB-001417,True,2024-10-19T08:16:00Z,1,2
6904cbbf-e122-47f6-bcb5-1fc65c6c2a93,SHP-001418,5e97c965-352b-4ae7-beb7-d2660faedd67,7d2f4e58-b47a-4c5b-b0b3-901535102852,100000003,100000000,100000000,40.0,39.91,2,2024-07-16T05:02:39Z,2024-07-20T23:19:49Z,2024-07-21T00:42:10Z,2024-07-21T04:51:00Z,WB-001418,True,2024-07-16T04:54:00Z,1,2
1a67bb97-a37c-4e4b-be24-eac42de58b0d,SHP-001419,3162626b-8998-421b-9cee-26ac82952679,7d2f4e58-b47a-4c5b-b0b3-901535102852,100000003,100000000,100000001,60.0,60.22,3,2025-02-10T09:04:38Z,2025-02-10T23:23:17Z,2025-02-11T01:16:23Z,2025-02-11T08:59:00Z,WB-001419,True,2025-02-10T06:55:00Z,1,2
c05c2380-fd62-4a6d-bb7b-479b29d54501,SHP-001420,c7262f0f-27d0-4706-9867-c53da3899ad8,7d2f4e58-b47a-4c5b-b0b3-901535102852,100000003,100000000,100000000,80.0,79.91,4,2025-04-08T15:40:17Z,2025-04-13T02:06:24Z,2025-04-13T03:42:03Z,2025-04-13T09:52:00Z,WB-001420,True,2025-04-08T13:02:00Z,1,2
7cbf84a9-f69c-420a-ae1e-aa8e157dd570,SHP-001421,7f5c9d70-26a1-4c2e-a145-cec278893f47,7d2f4e58-b47a-4c5b-b0b3-901535102852,100000003,100000000,100000000,40.0,39.77,2,2025-06-24T11:56:21Z,2025-06-29T03:22:04Z,2025-06-29T04:47:38Z,2025-06-29T10:28:00Z,WB-001421,True,2025-06-24T10:22:00Z,1,2
197413b0-886e-4e14-96f2-916b171c72d9,SHP-001422,58a34b93-e257-439d-9da0-3f5045c7cc5a,7d2f4e58-b47a-4c5b-b0b3-901535102852,100000003,100000000,100000000,160.0,160.07,7,2025-08-09T07:51:33Z,2025-08-11T03:25:54Z,2025-08-11T04:51:24Z,2025-08-11T11:39:00Z,WB-001422,True,2025-08-09T07:12:00Z,1,2
fa1190bd-4cb5-4c67-a952-4c7980c8cf4d,SHP-001423,5afbaa3b-1faa-48d3-92a2-bf1b22958362,7d2f4e58-b47a-4c5b-b0b3-901535102852,100000003,100000000,100000000,80.0,79.65,4,2025-09-17T05:54:09Z,2025-09-19T22:36:39Z,2025-09-20T00:17:11Z,2025-09-20T05:34:00Z,WB-001423,True,2025-09-17T05:55:00Z,1,2
2e3fe5ab-d8fe-4783-a3a0-fc44e9aef2cd,SHP-001424,8192ca0d-ce1e-4ac7-ad52-db79f10e2672,7d2f4e58-b47a-4c5b-b0b3-901535102852,100000003,100000000,100000000,70.0,70.0,3,2025-10-05T08:49:36Z,2025-10-11T01:01:07Z,2025-10-11T02:18:15Z,2025-10-11T06:17:00Z,WB-001424,True,2025-10-05T07:13:00Z,1,2
b30dab06-397b-4501-ae86-c78256c0ab24,SHP-001425,77cee7c0-d2b7-4727-8985-e9f60fecbc1f,8f7c1d59-594b-4a3a-bad4-65a15129950d,100000001,100000000,100000000,55.0,55.2,3,2024-09-07T13:40:12Z,2024-09-09T00:53:56Z,2024-09-09T01:41:47Z,2024-09-09T07:10:00Z,WB-001425,True,2024-09-07T11:45:00Z,1,2
8838e9ef-fa49-49d5-b31f-206a008028af,SHP-001426,7f688af6-5694-4e71-856c-e04c241677c2,8f7c1d59-594b-4a3a-bad4-65a15129950d,100000001,100000000,100000001,95.0,95.02,4,2025-02-16T10:24:12Z,2025-02-16T22:06:39Z,2025-02-16T22:50:07Z,2025-02-17T04:38:00Z,WB-001426,True,2025-02-16T08:14:00Z,1,2
34ac71bf-8cf1-4b59-8032-2aa1d11366a3,SHP-001427,829bd0ab-dc5c-4228-9569-55d59725adbc,b8beff3d-cb9f-4f6d-af3a-6f27ef06fccb,100000002,100000000,100000001,145.0,145.04,7,2025-06-26T12:23:02Z,2025-06-28T01:27:02Z,2025-06-28T02:45:59Z,2025-06-28T09:39:00Z,WB-001427,True,2025-06-26T12:18:00Z,1,2
338187da-2b70-42d5-8bab-a6650a5a44e3,SHP-001428,a778cfc7-c71b-473b-88db-2f900252b742,b8beff3d-cb9f-4f6d-af3a-6f27ef06fccb,100000002,100000001,100000000,345.0,343.76,15,2025-11-05T17:04:42Z,2025-11-07T23:23:08Z,2025-11-08T00:24:20Z,2025-11-08T05:53:00Z,WB-001428,True,2025-11-01T05:31:00Z,1,2
10fb210f-f39c-4d2f-a3f0-64125e162b4d,SHP-001429,4b51d964-f98d-41dc-86f7-9a2ccd9a6bb4,b8beff3d-cb9f-4f6d-af3a-6f27ef06fccb,100000002,100000000,100000000,220.0,220.26,10,2025-11-15T11:00:51Z,2025-11-22T01:32:10Z,2025-11-22T02:51:43Z,2025-11-22T08:28:00Z,WB-001429,True,2025-11-15T10:43:00Z,1,2
49421b2e-1f9b-4f9f-bd6d-455f0386454a,SHP-001430,b6c9ba45-dfa7-4fae-a1e9-eae139b96519,b8beff3d-cb9f-4f6d-af3a-6f27ef06fccb,100000002,100000000,100000000,115.0,114.88,5,2026-01-13T06:16:50Z,2026-01-17T23:49:54Z,2026-01-18T00:39:34Z,2026-01-18T05:01:00Z,WB-001430,True,2026-01-13T05:51:00Z,1,2
1e103766-9ad1-4240-b6c6-6991cb46fc4a,SHP-001431,4d1c0a6f-be02-43a7-b72a-e7bace3328eb,b8beff3d-cb9f-4f6d-af3a-6f27ef06fccb,100000002,100000001,100000001,230.0,230.34,10,2026-06-15T12:26:49Z,2026-06-16T22:22:45Z,2026-06-16T23:39:14Z,2026-06-17T09:23:00Z,WB-001431,True,2026-06-11T13:17:00Z,1,2
f392abd6-d79f-49f3-8678-ec104e493aed,SHP-001432,315fd1c0-1f09-41a2-a643-8855f35bd694,b8beff3d-cb9f-4f6d-af3a-6f27ef06fccb,100000002,100000001,100000001,375.0,375.05,16,2026-06-06T05:04:52Z,2026-06-07T00:48:01Z,2026-06-07T02:23:49Z,2026-06-07T09:32:00Z,WB-001432,True,2026-06-01T08:24:00Z,1,2
9736b95a-90c7-452b-98fd-92736a7db0fb,SHP-001433,bb95bb22-e7a9-4935-9b4e-6477283d2985,b8beff3d-cb9f-4f6d-af3a-6f27ef06fccb,100000002,100000000,100000000,115.0,115.58,5,2026-06-20T12:54:27Z,2026-06-24T02:02:54Z,2026-06-24T02:44:32Z,2026-06-24T08:43:00Z,WB-001433,True,2026-06-20T10:05:00Z,1,2
36b6bfe5-b1d7-4c36-afd9-4d463cdee6da,SHP-001434,1a8ada9f-62ab-43e9-8ed1-1847e3e31f7d,e5508ea2-6133-434d-8b0e-8eb1ad371d9e,100000005,100000000,100000000,30.0,29.89,2,2024-07-11T09:31:25Z,2024-07-17T01:53:34Z,2024-07-17T02:21:54Z,2024-07-17T07:34:00Z,WB-001434,True,2024-07-11T07:13:00Z,1,2
a6831e0d-0b3b-4efd-ad45-ef7d8a766f63,SHP-001435,4424d6df-4217-45c5-80f5-b55e2a39375d,e5508ea2-6133-434d-8b0e-8eb1ad371d9e,100000005,100000000,100000000,20.0,19.99,1,2024-10-14T12:21:01Z,2024-10-21T01:14:17Z,2024-10-21T02:30:17Z,2024-10-21T06:51:00Z,WB-001435,True,2024-10-14T11:39:00Z,1,2
d5c836d3-9b5c-4e7e-b33b-1b26f2134082,SHP-001436,d2dab21f-73fd-4e79-84b1-9c44357b8f41,e5508ea2-6133-434d-8b0e-8eb1ad371d9e,100000005,100000000,100000001,24.5,24.51,2,2024-12-07T10:35:57Z,2024-12-14T04:41:24Z,2024-12-14T05:14:20Z,2024-12-14T10:09:00Z,WB-001436,True,2024-12-07T08:07:00Z,1,2
21742572-8a65-4a59-acc8-07ae84c688e2,SHP-001437,73d7512d-66a9-447d-9794-ac514eaa015b,e5508ea2-6133-434d-8b0e-8eb1ad371d9e,100000005,100000000,100000000,70.0,69.99,3,2025-07-14T12:32:40Z,2025-07-16T06:42:20Z,2025-07-16T07:41:14Z,2025-07-16T11:58:00Z,WB-001437,True,2025-07-14T12:25:00Z,1,2
3b3cb57e-7f47-4391-bc39-0bfe47b481ed,SHP-001438,fbd9bfc3-b7af-4b80-9198-8f257b64a6ea,e5508ea2-6133-434d-8b0e-8eb1ad371d9e,100000005,100000000,100000000,35.0,34.97,2,2025-09-06T08:44:43Z,2025-09-08T04:06:36Z,2025-09-08T05:08:06Z,2025-09-08T09:34:00Z,WB-001438,True,2025-09-06T05:51:00Z,1,2
65f7b4f4-1403-4c58-9da9-74c46197aea0,SHP-001439,2f2b3b05-1d6b-4a8d-ba27-b5575e561acb,585abefb-d181-4f77-a500-1423faebcd19,100000000,100000001,100000002,75.0,75.34,4,2024-11-24T17:43:08Z,2024-11-25T15:29:39Z,2024-11-25T16:23:21Z,2024-11-26T04:36:00Z,WB-001439,True,2024-11-20T05:35:00Z,1,2
09c31192-7efd-451c-bd93-8b5bec40a112,SHP-001440,97b0263c-4c3a-41e0-8485-a3868bbff31a,585abefb-d181-4f77-a500-1423faebcd19,100000000,100000000,100000001,60.0,60.01,3,2024-12-22T09:17:21Z,2024-12-23T04:08:50Z,2024-12-23T05:14:36Z,2024-12-23T12:44:00Z,WB-001440,True,2024-12-22T07:38:00Z,1,2
3954418c-8c4b-46d4-a0c0-f5d35823c87a,SHP-001441,e05c0ed9-465f-4318-9ef7-122c6630c220,585abefb-d181-4f77-a500-1423faebcd19,100000000,100000000,100000000,60.0,60.1,3,2025-03-05T10:53:46Z,2025-03-10T13:34:49Z,2025-03-10T14:39:27Z,2025-03-11T07:05:00Z,WB-001441,True,2025-03-05T10:32:00Z,1,2
d0d4cfe9-150f-4b81-b71a-5a103ba95a2d,SHP-001442,8149dfa1-4295-4417-bc13-91d323f69970,585abefb-d181-4f77-a500-1423faebcd19,100000000,100000000,100000002,185.0,184.73,8,2025-07-31T11:53:13Z,2025-08-01T21:32:02Z,2025-08-01T22:20:58Z,2025-08-02T09:15:00Z,WB-001442,True,2025-07-31T10:19:00Z,1,2
7bf0ad9d-6285-4d3b-a7d4-7f0ff7edd727,SHP-001443,2546b809-e287-4139-9d29-6bfeee2b4858,585abefb-d181-4f77-a500-1423faebcd19,100000000,100000000,100000000,80.0,80.06,4,2025-09-20T09:16:16Z,2025-09-24T20:47:42Z,2025-09-24T21:18:06Z,2025-09-25T06:31:00Z,WB-001443,True,2025-09-20T06:45:00Z,1,2
d0cc449e-450a-4ec4-9125-f9000aef0822,SHP-001444,5d28c626-0b7b-417e-91a7-279a2e50d815,585abefb-d181-4f77-a500-1423faebcd19,100000000,100000000,100000000,105.0,105.06,5,2025-10-14T10:46:00Z,2025-10-19T20:07:43Z,2025-10-19T21:59:23Z,2025-10-20T05:47:00Z,WB-001444,True,2025-10-14T07:09:00Z,1,2
ffcdbca9-10f7-439d-ad59-dac986b89d31,SHP-001445,90d6715b-9ca3-456f-b351-d56555b4e689,585abefb-d181-4f77-a500-1423faebcd19,100000000,100000000,100000001,130.0,129.68,6,2025-12-09T12:36:35Z,2025-12-10T23:54:27Z,2025-12-11T00:56:11Z,2025-12-11T07:07:00Z,WB-001445,True,2025-12-09T11:50:00Z,1,2
bafdf22e-c694-466c-82aa-d32089d13004,SHP-001446,62c6f3aa-222c-455e-a3ad-c6ddebfae2fe,257f7595-cdfb-4db9-85e7-8b23f4613f09,100000001,100000000,100000001,215.0,215.17,9,2024-08-14T10:01:58Z,2024-08-19T19:15:36Z,2024-08-19T20:11:46Z,2024-08-20T07:10:00Z,WB-001446,True,2024-08-14T07:09:00Z,1,2
5bd36b33-2dcc-43ad-84a0-962faf8cfa1d,SHP-001447,fbf4c934-3ca9-42fa-a38c-7b75235cd0ee,257f7595-cdfb-4db9-85e7-8b23f4613f09,100000001,100000000,100000000,35.0,35.17,2,2024-10-19T13:38:36Z,2024-10-20T16:31:40Z,2024-10-20T17:26:21Z,2024-10-21T06:30:00Z,WB-001447,True,2024-10-19T12:38:00Z,1,2
0848fc91-4085-476d-9a3e-299e27ba78fc,SHP-001448,a1a1d3c2-3ed2-47af-a126-98206e1cec04,257f7595-cdfb-4db9-85e7-8b23f4613f09,100000001,100000000,100000000,45.0,45.21,2,2025-04-07T11:57:47Z,2025-04-11T15:17:47Z,2025-04-11T16:53:16Z,2025-04-12T08:39:00Z,WB-001448,True,2025-04-07T08:30:00Z,1,2
ac5ba66b-c893-401f-be41-d2b5312579dd,SHP-001449,b16fad6e-db60-40eb-bdfc-a4f2e83b25f7,257f7595-cdfb-4db9-85e7-8b23f4613f09,100000001,100000000,100000002,150.0,149.62,7,2025-08-03T15:00:51Z,2025-08-05T13:25:47Z,2025-08-05T14:03:46Z,2025-08-06T07:58:00Z,WB-001449,True,2025-08-03T13:19:00Z,1,2
ad1dac16-129d-48e2-8dbe-d650bcb4887e,SHP-001450,31bd4709-312d-4ac3-acf2-e99cd11c22eb,f48f709c-49a2-4441-8ac4-de854a5b1aff,100000000,100000000,100000002,45.0,44.95,2,2024-07-17T12:15:20Z,2024-07-20T03:22:39Z,2024-07-20T05:21:16Z,2024-07-20T12:03:00Z,WB-001450,True,2024-07-17T12:21:00Z,1,2
a530e4dd-640e-4825-8c05-91bb1d47702c,SHP-001451,4ee553a0-1b9d-48c5-b942-76ef44fc2add,f48f709c-49a2-4441-8ac4-de854a5b1aff,100000000,100000000,100000000,60.0,60.11,3,2024-11-03T11:39:38Z,2024-11-05T00:38:30Z,2024-11-05T01:06:44Z,2024-11-05T06:20:00Z,WB-001451,True,2024-11-03T10:05:00Z,1,2
03749def-b866-4109-82e2-77f41669b19a,SHP-001452,b3fc7af1-32e6-4f27-8eb7-e9204f07400f,f48f709c-49a2-4441-8ac4-de854a5b1aff,100000000,100000000,100000000,55.0,55.14,3,2025-05-22T08:15:11Z,2025-05-23T23:08:21Z,2025-05-24T00:39:53Z,2025-05-24T07:01:00Z,WB-001452,True,2025-05-22T07:41:00Z,1,2
3b6b14f6-36a6-45b2-9655-23e28d25ca03,SHP-001453,39d983fe-144a-43d5-a6b4-1829979fc494,f48f709c-49a2-4441-8ac4-de854a5b1aff,100000000,100000000,100000000,40.0,39.96,2,2025-06-28T10:11:47Z,2025-06-30T03:00:43Z,2025-06-30T03:58:58Z,2025-06-30T09:26:00Z,WB-001453,True,2025-06-28T08:58:00Z,1,2
f0fd2c64-5185-4217-8126-66c74af40437,SHP-001454,fa4c7960-4385-4adb-9c58-44aa5cced705,f48f709c-49a2-4441-8ac4-de854a5b1aff,100000000,100000000,100000003,215.0,214.39,9,2025-07-26T07:57:07Z,2025-07-27T00:10:22Z,2025-07-27T01:48:13Z,2025-07-27T07:03:00Z,WB-001454,True,2025-07-26T07:40:00Z,1,2
bc8f5bf9-bcad-4640-ba20-ff377261c197,SHP-001455,e04600de-e085-4068-b47c-019edb58a9d0,ec8be537-58ab-4778-943b-45e3b6d1f6bb,100000001,100000001,100000000,45.0,45.22,2,2024-09-12T23:06:09Z,2024-09-14T20:18:48Z,2024-09-14T21:20:54Z,2024-09-15T09:15:00Z,WB-001455,True,2024-09-08T13:10:00Z,1,2
087501c6-3c35-416d-b7c1-454511c8e3f8,SHP-001456,16c47bf6-f2dd-43ad-a2be-ab68dcd8522e,ec8be537-58ab-4778-943b-45e3b6d1f6bb,100000001,100000001,100000000,30.0,29.91,2,2024-12-27T22:12:12Z,2024-12-30T05:06:10Z,2024-12-30T07:05:49Z,2024-12-31T06:10:00Z,WB-001456,True,2024-12-24T09:36:00Z,1,2
e05174a8-23e2-48a0-bfb1-9c48e0c5fa97,SHP-001457,c037ec02-85ec-4786-9b84-6af644afa389,ec8be537-58ab-4778-943b-45e3b6d1f6bb,100000001,100000000,100000000,30.0,30.04,2,2025-08-06T12:55:18Z,2025-08-06T23:38:01Z,2025-08-07T00:53:27Z,2025-08-07T13:20:00Z,WB-001457,True,2025-08-06T10:35:00Z,1,2
5c0489dd-88ab-4bf5-84e2-32c7298d9d5b,SHP-001458,9e77b980-433b-47bd-811c-1193601b6944,bf519362-41a6-4fed-a7ed-c8d8713f8f8c,100000000,100000000,100000000,25.0,24.93,2,2024-10-15T11:24:46Z,2024-10-17T06:38:28Z,2024-10-17T08:15:11Z,2024-10-17T13:05:00Z,WB-001458,True,2024-10-15T10:43:00Z,1,2
187c702b-c70d-424b-8c03-62e2fb87d10a,SHP-001459,08812291-0a9d-4b61-bf56-3f816e3231ea,bf519362-41a6-4fed-a7ed-c8d8713f8f8c,100000000,100000001,100000001,170.0,169.8,8,2024-12-06T09:19:17Z,2024-12-08T05:39:03Z,2024-12-08T07:36:22Z,2024-12-08T12:33:00Z,WB-001459,True,2024-12-01T12:59:00Z,1,2
d7d25106-ab89-48c6-a8e4-be521bc22038,SHP-001460,dea5d321-8bda-4cf3-9b35-fbef3976efe2,bf519362-41a6-4fed-a7ed-c8d8713f8f8c,100000000,100000000,100000001,75.0,74.2,4,2025-04-10T11:56:36Z,2025-04-17T01:31:12Z,2025-04-17T02:24:42Z,2025-04-17T06:30:00Z,WB-001460,True,2025-04-10T10:44:00Z,1,2
bb5ed624-34eb-4bd1-9932-e37e3d864943,SHP-001461,c2e91804-b1da-4332-a188-8f6a22f2e3e0,bf519362-41a6-4fed-a7ed-c8d8713f8f8c,100000000,100000000,100000000,80.0,79.86,4,2025-09-11T07:00:29Z,2025-09-13T00:32:01Z,2025-09-13T01:48:59Z,2025-09-13T05:56:00Z,WB-001461,True,2025-09-11T05:53:00Z,1,2
0d7f1795-6914-4a61-a60c-03d9d48106f2,SHP-001462,f0a5b12b-ce34-43b0-9a69-ab00786c5ee8,bf519362-41a6-4fed-a7ed-c8d8713f8f8c,100000000,100000001,100000000,50.0,50.0,3,2026-02-19T11:53:37Z,2026-02-21T00:33:40Z,2026-02-21T01:45:30Z,2026-02-21T06:12:00Z,WB-001462,True,2026-02-15T05:56:00Z,1,2
c702abbc-22ef-4554-b2c9-3c6439667d76,SHP-001463,34052070-4a64-4082-9088-bfa918c14175,d3f4a49b-33ba-4a88-b6c7-d6fa7aa4f052,100000000,100000000,100000001,50.0,49.92,3,2024-07-22T16:13:26Z,2024-07-29T01:10:42Z,2024-07-29T01:43:34Z,2024-07-29T06:18:00Z,WB-001463,True,2024-07-22T14:05:00Z,1,2
46e75270-49ec-4db6-bf53-e062690b7f27,SHP-001464,15089e86-d2b2-4df0-b6ee-da9f5957c7fb,d3f4a49b-33ba-4a88-b6c7-d6fa7aa4f052,100000000,100000000,100000000,45.0,44.91,2,2024-12-12T06:58:23Z,2024-12-19T03:26:17Z,2024-12-19T04:21:02Z,2024-12-19T08:56:00Z,WB-001464,True,2024-12-12T07:13:00Z,1,2
58a1a548-fe6d-4d25-ae7b-dbf1fef1bff5,SHP-001465,e616b6b7-d1c8-43a0-8fd0-71d3a94a9958,d3f4a49b-33ba-4a88-b6c7-d6fa7aa4f052,100000000,100000000,100000000,55.0,55.08,3,2025-08-14T13:51:53Z,2025-08-17T23:44:34Z,2025-08-18T00:45:34Z,2025-08-18T07:49:00Z,WB-001465,True,2025-08-14T10:35:00Z,1,2
45cd1893-01cc-475c-9e07-09b149e07893,SHP-001466,a00df841-197c-44f6-b0f0-392f664d006f,d3f4a49b-33ba-4a88-b6c7-d6fa7aa4f052,100000000,100000000,100000000,50.0,50.06,3,2026-05-04T12:40:47Z,2026-05-09T06:20:03Z,2026-05-09T06:46:52Z,2026-05-09T12:00:00Z,WB-001466,True,2026-05-04T10:57:00Z,1,2
88b166cd-6481-4d64-84fd-bdace4956896,SHP-001467,12a8a6c8-35c7-4197-bc48-70b3e08b7e78,1bf645f6-2324-4211-8588-fc1bb2384849,100000005,100000000,100000000,35.0,35.1,2,2025-04-01T13:49:00Z,2025-04-07T04:43:26Z,2025-04-07T05:29:31Z,2025-04-07T10:34:00Z,WB-001467,True,2025-04-01T10:28:00Z,1,2
5fa0576a-1cb8-4622-a465-e71fbbe3b538,SHP-001468,a28b4260-ff3a-42d1-af3a-ba5ddef94987,1bf645f6-2324-4211-8588-fc1bb2384849,100000005,100000001,100000002,75.0,74.64,4,2025-04-16T05:28:07Z,2025-04-17T02:04:43Z,2025-04-17T03:31:51Z,2025-04-17T11:17:00Z,WB-001468,True,2025-04-14T08:12:00Z,1,2
a0e980e5-4374-44d0-a4e7-a55aff1263dc,SHP-001469,f8bccf85-7c68-4185-9a9e-0aa25fcb4ea4,1bf645f6-2324-4211-8588-fc1bb2384849,100000005,100000000,100000000,70.0,70.17,3,2025-07-22T10:02:52Z,2025-07-23T03:38:06Z,2025-07-23T05:23:24Z,2025-07-23T09:51:00Z,WB-001469,True,2025-07-22T07:01:00Z,1,2
7b031d27-7bce-4ec3-8965-8ca8e5fce58a,SHP-001470,cfa933d5-4739-40c8-87ed-14ef1de31ff7,1bf645f6-2324-4211-8588-fc1bb2384849,100000005,100000000,100000000,45.0,44.95,2,2026-03-19T06:10:19Z,2026-03-26T04:20:45Z,2026-03-26T05:06:16Z,2026-03-26T08:58:00Z,WB-001470,True,2026-03-19T06:37:00Z,1,2
1aba9d6b-9563-44ef-ac9c-2c8ee614d1b5,SHP-001471,69cbc7c8-9ab2-4baa-8663-371242537e65,3d4196fe-963a-4617-bdab-07e79d9d028e,100000001,100000000,100000000,95.0,94.61,4,2024-09-07T12:49:53Z,2024-09-13T22:29:45Z,2024-09-13T23:41:50Z,2024-09-14T05:21:00Z,WB-001471,True,2024-09-07T10:20:00Z,1,2
be23c2d9-f523-4fe8-9195-64c6f8949c28,SHP-001472,a3ed831d-4be9-4b31-9e25-aa905d455adc,3d4196fe-963a-4617-bdab-07e79d9d028e,100000001,100000001,100000000,200.0,200.45,9,2025-03-12T03:55:14Z,2025-03-13T05:49:51Z,2025-03-13T07:08:06Z,2025-03-13T12:02:00Z,WB-001472,True,2025-03-08T06:15:00Z,1,2
4f60b5fd-52ea-4cc5-8bfe-cb441bf52691,SHP-001473,849e0d47-a802-4e33-9df2-be0481658217,3d4196fe-963a-4617-bdab-07e79d9d028e,100000001,100000001,100000000,135.0,135.0,6,2025-04-25T03:15:32Z,2025-04-26T08:48:28Z,2025-04-26T09:43:53Z,2025-04-26T13:04:00Z,WB-001473,True,2025-04-20T13:39:00Z,1,2
6c84a260-e11f-4b56-983b-9a627052effe,SHP-001474,f4053660-4875-4726-8cae-3708f7e8a941,3d4196fe-963a-4617-bdab-07e79d9d028e,100000001,100000000,100000002,30.0,29.95,2,2025-10-23T08:58:17Z,2025-10-27T02:41:10Z,2025-10-27T04:06:53Z,2025-10-27T10:05:00Z,WB-001474,True,2025-10-23T08:13:00Z,1,2
ad058d15-79ec-41d5-ae5c-0b62f0b789ef,SHP-001475,0fff731d-eea9-4e6f-9cd3-8419783f3d47,3d4196fe-963a-4617-bdab-07e79d9d028e,100000001,100000000,100000000,55.0,55.05,3,2025-11-26T07:19:27Z,2025-12-03T04:36:59Z,2025-12-03T06:01:15Z,2025-12-03T12:07:00Z,WB-001475,True,2025-11-26T06:41:00Z,1,2
77a4a415-39db-4dac-a41a-7d9204827f85,SHP-001476,9a3f8882-7aca-4fa6-866c-dd995cf587e9,3d4196fe-963a-4617-bdab-07e79d9d028e,100000001,100000001,100000000,180.0,,8,2026-06-29T02:53:07Z,,,,,,2026-06-25T06:14:00Z,0,100000000
8ead7f4b-06cc-48ef-b35d-0d2a1f0622e4,SHP-001477,92581c47-9f5d-401d-9558-25a8ddec8a47,3d4196fe-963a-4617-bdab-07e79d9d028e,100000001,100000001,100000001,50.0,50.08,3,2026-06-18T18:51:06Z,2026-06-20T04:16:37Z,2026-06-20T04:50:57Z,2026-06-20T11:27:00Z,WB-001477,True,2026-06-14T05:39:00Z,1,2
fd575a8d-82c0-40db-9250-79f43a51a1f4,SHP-001478,2486b2ef-12e9-4f7d-b62a-264b167be2f8,e7ba26ac-ab7a-4d1c-8cfe-f6833e11bafe,100000000,100000000,100000000,15.0,14.99,1,2024-09-14T09:30:52Z,2024-09-16T22:15:57Z,2024-09-16T23:23:39Z,2024-09-17T05:28:00Z,WB-001478,True,2024-09-14T06:50:00Z,1,2
2edd033e-fec4-42d4-a2bc-c518fbf063ad,SHP-001479,afa42fa5-f2ff-4239-b219-44bc36f64590,e7ba26ac-ab7a-4d1c-8cfe-f6833e11bafe,100000000,100000000,100000002,20.0,20.1,1,2024-09-18T13:35:24Z,2024-09-19T03:49:47Z,2024-09-19T05:23:27Z,2024-09-19T10:11:00Z,WB-001479,True,2024-09-18T12:23:00Z,1,2
d48d795a-7249-4902-8576-e20f885103db,SHP-001480,0bdcd35f-1274-4759-a8f8-5c84221b0bd7,e7ba26ac-ab7a-4d1c-8cfe-f6833e11bafe,100000000,100000000,100000000,30.0,29.88,2,2025-01-05T09:14:17Z,2025-01-10T23:47:28Z,2025-01-11T00:30:17Z,2025-01-11T06:03:00Z,WB-001480,True,2025-01-05T08:20:00Z,1,2
3ba0e2c2-63f7-41c2-b0e0-f0a102552924,SHP-001481,d3e682e0-9e62-4cf1-a47b-5728bb296c69,e7ba26ac-ab7a-4d1c-8cfe-f6833e11bafe,100000000,100000001,100000000,50.0,49.9,3,2025-04-06T07:00:18Z,2025-04-07T05:02:06Z,2025-04-07T05:50:35Z,2025-04-07T09:49:00Z,WB-001481,True,2025-04-02T09:37:00Z,1,2
2f8b75a0-becf-4d91-8e7d-585f6044f491,SHP-001482,9812e06b-a1d5-4786-b8c4-5eabf2d3ad3f,e7ba26ac-ab7a-4d1c-8cfe-f6833e11bafe,100000000,100000001,100000000,50.0,50.06,3,2026-01-05T05:05:27Z,2026-01-06T00:26:50Z,2026-01-06T01:56:05Z,2026-01-06T07:48:00Z,WB-001482,True,2026-01-01T08:16:00Z,1,2
53d948c3-b99c-4d5e-9df3-8f63b0f344d3,SHP-001483,90c8e894-3844-44e8-8d4f-2cc5ca9fd818,e7ba26ac-ab7a-4d1c-8cfe-f6833e11bafe,100000000,100000000,100000000,10.0,9.97,1,2025-12-11T06:03:07Z,2025-12-13T00:12:39Z,2025-12-13T01:06:07Z,2025-12-13T05:10:00Z,WB-001483,True,2025-12-11T06:09:00Z,1,2
73842f5a-0865-4e39-b180-98d700dbc4e2,SHP-001484,5bc06836-991a-4f0d-91ea-13988bbd94c3,e7ba26ac-ab7a-4d1c-8cfe-f6833e11bafe,100000000,100000000,100000000,40.0,40.2,2,2026-03-01T13:35:23Z,2026-03-07T07:15:51Z,2026-03-07T07:56:48Z,2026-03-07T12:06:00Z,WB-001484,True,2026-03-01T11:33:00Z,1,2
06d8e837-f845-4569-82ed-7316eaac3b3b,SHP-001485,760f0126-7b15-4c15-a35a-c0101d3821ce,3b9b2d45-a350-45e4-b9c5-9df987f255d6,100000000,100000000,100000000,25.0,25.07,2,2024-11-17T10:03:12Z,2024-11-23T00:32:12Z,2024-11-23T02:16:51Z,2024-11-23T05:39:00Z,WB-001485,True,2024-11-17T07:09:00Z,1,2
7ba26dac-ad5c-41ce-a409-af82a75b33a8,SHP-001486,0775f5df-7625-427b-8057-d218b7703fad,3b9b2d45-a350-45e4-b9c5-9df987f255d6,100000000,100000000,100000002,20.0,20.02,1,2026-05-21T09:18:26Z,2026-05-26T03:17:39Z,2026-05-26T03:47:20Z,2026-05-26T07:46:00Z,WB-001486,True,2026-05-21T07:52:00Z,1,2
a98c366e-e7de-4806-809f-7beb6681bfbe,SHP-001487,6201d7f6-fc99-4ff6-a4fc-3f5b1bd4a725,548e1f6b-69ce-4e4e-99a6-92c90d700ea4,100000004,100000001,100000000,55.0,55.03,3,2024-09-09T18:18:16Z,2024-09-11T07:19:49Z,2024-09-11T08:08:45Z,2024-09-11T12:29:00Z,WB-001487,True,2024-09-05T10:54:00Z,1,2
fc358df0-5a9f-452e-80e4-ef671f9ca26f,SHP-001488,01c54193-2208-42bb-9799-c37043672bb1,ae62990c-19bd-4f93-b8ef-7666b7a4c719,100000003,100000000,100000000,50.0,50.22,3,2024-08-10T10:31:56Z,2024-08-14T01:17:28Z,2024-08-14T03:09:55Z,2024-08-14T11:18:00Z,WB-001488,True,2024-08-10T08:17:00Z,1,2
c93c3259-72e2-424c-8e44-ba7dbd2a3276,SHP-001489,890d4daa-d9d3-4238-8fdc-b1a2f717524e,f6eab3a0-0153-4221-a331-0a28c550eca8,100000001,100000000,100000001,120.0,120.23,5,2025-10-27T09:20:39Z,2025-10-28T23:53:20Z,2025-10-29T01:03:08Z,2025-10-29T07:59:00Z,WB-001489,True,2025-10-27T06:57:00Z,1,2
667b43e4-1ee4-462e-a58f-9151596526f4,SHP-001490,16e5e5d5-617e-42ba-82df-36af77dac902,f6eab3a0-0153-4221-a331-0a28c550eca8,100000001,100000000,100000001,60.0,60.17,3,2025-11-19T06:59:58Z,2025-11-20T04:00:00Z,2025-11-20T05:47:35Z,2025-11-20T09:24:00Z,WB-001490,True,2025-11-19T06:21:00Z,1,2
215446d2-92b3-4e23-8a48-58f0dc518805,SHP-001491,dd0b80e9-55a7-485e-8718-56230a06930f,f6eab3a0-0153-4221-a331-0a28c550eca8,100000001,100000000,100000000,170.0,170.0,8,2026-03-14T12:08:52Z,2026-03-20T23:36:32Z,2026-03-21T00:38:29Z,2026-03-21T07:57:00Z,WB-001491,True,2026-03-14T12:00:00Z,1,2
01c66220-cca7-4eb0-bb18-7babf4538997,SHP-001492,86088b7c-e239-4082-8096-742007cdb024,286ed390-edd9-4a1a-ba58-5b278ce3e7c3,100000000,100000000,100000000,30.0,29.89,2,2024-10-27T14:21:07Z,2024-10-29T00:17:23Z,2024-10-29T02:07:22Z,2024-10-29T06:56:00Z,WB-001492,True,2024-10-27T12:09:00Z,1,2
fd79a9fa-55ea-4923-8404-ecfbb4bb5f5c,SHP-001493,6d8f21cb-7688-40cf-8208-4d86f6a478d7,286ed390-edd9-4a1a-ba58-5b278ce3e7c3,100000000,100000000,100000000,45.0,45.15,2,2026-01-10T07:00:29Z,2026-01-14T00:28:43Z,2026-01-14T00:58:17Z,2026-01-14T05:26:00Z,WB-001493,True,2026-01-10T05:16:00Z,1,2
2711120f-7e4f-412e-93d9-40da1a754ac0,SHP-001494,f4d81593-aa1f-4422-bcbb-7b74426127b9,e1721c83-ef5e-4376-a723-fb72682b163a,100000002,100000000,100000002,50.0,50.03,3,2024-08-21T11:07:08Z,2024-08-24T06:21:46Z,2024-08-24T08:14:48Z,2024-08-24T11:54:00Z,WB-001494,True,2024-08-21T08:26:00Z,1,2
9993e2e4-22b7-4ae5-8b8a-15bcba0c1026,SHP-001495,69d8d5e4-50fa-4146-b6c6-9cb8b723bd30,e1721c83-ef5e-4376-a723-fb72682b163a,100000002,100000000,100000000,10.0,10.0,1,2024-10-02T08:31:18Z,2024-10-04T21:54:39Z,2024-10-04T23:01:47Z,2024-10-05T07:29:00Z,WB-001495,True,2024-10-02T05:49:00Z,1,2
8feae880-de28-40ad-be7d-dca50aee392c,SHP-001496,d91d0449-ae4c-44b6-bd3b-7fdea98913a6,e1721c83-ef5e-4376-a723-fb72682b163a,100000002,100000000,100000001,25.0,25.1,2,2024-10-12T13:54:41Z,2024-10-13T02:10:18Z,2024-10-13T03:07:42Z,2024-10-13T09:18:00Z,WB-001496,True,2024-10-12T13:55:00Z,1,2
3603b87e-1d7a-4f75-a0d1-b718227d09a9,SHP-001497,25df2bc4-a9bc-499b-97f3-6d1d37a28ad0,e1721c83-ef5e-4376-a723-fb72682b163a,100000002,100000000,100000000,55.0,55.13,3,2024-11-30T12:31:35Z,2024-12-03T21:20:39Z,2024-12-03T22:32:47Z,2024-12-04T05:28:00Z,WB-001497,True,2024-11-30T09:51:00Z,1,2
820f41c7-bde8-4c65-a65c-91bea4d451cf,SHP-001498,e5a0c381-168a-40f1-aaa0-64fc80b5c4e4,e1721c83-ef5e-4376-a723-fb72682b163a,100000002,100000000,100000000,30.0,30.17,2,2025-05-10T14:17:58Z,2025-05-14T22:49:49Z,2025-05-14T23:30:50Z,2025-05-15T06:24:00Z,WB-001498,True,2025-05-10T12:51:00Z,1,2
7e39ac9f-95ab-45cf-8270-6bd531283047,SHP-001499,f89d9fb8-c3bb-440f-bbf8-19fe6c86fa85,e1721c83-ef5e-4376-a723-fb72682b163a,100000002,100000000,100000002,20.0,19.92,1,2025-08-02T12:04:05Z,2025-08-03T06:21:38Z,2025-08-03T07:15:04Z,2025-08-03T12:20:00Z,WB-001499,True,2025-08-02T09:39:00Z,1,2
94f5f641-3f36-4dc0-b4e5-d9a6963a8d6e,SHP-001500,a9fa93fd-b31a-4e69-bb36-03a460387587,e1721c83-ef5e-4376-a723-fb72682b163a,100000002,100000000,100000000,20.0,19.98,1,2025-09-20T11:39:32Z,2025-09-27T00:20:04Z,2025-09-27T01:32:09Z,2025-09-27T07:59:00Z,WB-001500,True,2025-09-20T10:58:00Z,1,2
76bf3734-7652-485b-bc69-8caf129d2d67,SHP-001501,05c58c20-3299-4294-98c4-2daed6f19e40,e1721c83-ef5e-4376-a723-fb72682b163a,100000002,100000001,100000000,55.0,54.9,3,2025-10-07T07:12:14Z,2025-10-09T03:05:57Z,2025-10-09T04:23:56Z,2025-10-09T09:17:00Z,WB-001501,True,2025-10-04T11:55:00Z,1,2
da80e865-39b9-4ace-b3d5-ec8105f8f6d1,SHP-001502,38750319-cdad-4dae-802e-850645034176,e1721c83-ef5e-4376-a723-fb72682b163a,100000002,100000000,100000000,15.0,15.15,1,2025-09-11T07:43:12Z,2025-09-14T00:41:03Z,2025-09-14T01:53:39Z,2025-09-14T08:37:00Z,WB-001502,True,2025-09-11T06:07:00Z,1,2
9c871abb-1cf3-4194-acc1-fb3aecb3637d,SHP-001503,7f4e0614-a8d9-4b03-b1fa-e3a5e159e8db,e1721c83-ef5e-4376-a723-fb72682b163a,100000002,100000001,100000001,15.0,15.06,1,2025-12-23T14:41:59Z,2025-12-24T23:56:30Z,2025-12-25T01:41:16Z,2025-12-25T05:49:00Z,WB-001503,True,2025-12-18T10:15:00Z,1,2
c32e847b-b375-4cda-917f-d0d66bb5c520,SHP-001504,2b524469-9416-4b69-b12e-203f0313a685,e1721c83-ef5e-4376-a723-fb72682b163a,100000002,100000000,100000000,30.0,29.93,2,2026-01-29T10:29:24Z,2026-02-03T07:16:04Z,2026-02-03T07:43:15Z,2026-02-03T12:14:00Z,WB-001504,True,2026-01-29T10:57:00Z,1,2
3a340ee0-ad7e-4c46-ba0f-3a3f16b54afc,SHP-001505,98887a88-43e5-4759-829b-abe95a31b7d2,e1721c83-ef5e-4376-a723-fb72682b163a,100000002,100000000,100000000,19.5,19.48,1,2026-05-10T15:03:48Z,2026-05-16T03:35:47Z,2026-05-16T04:47:51Z,2026-05-16T08:20:00Z,WB-001505,True,2026-05-10T13:45:00Z,1,2
fd617cbf-5745-4a17-96e6-948003ca64ef,SHP-001506,c0a6a6e8-0acd-49df-bb11-6d22d30d8289,a689b424-7a3a-40e1-b9c7-73a0e0decc3d,100000000,100000000,100000000,50.0,49.92,3,2024-11-13T11:52:56Z,2024-11-15T23:01:40Z,2024-11-15T23:53:33Z,2024-11-16T08:21:00Z,WB-001506,True,2024-11-13T08:40:00Z,1,2
18157fb6-d198-497f-a2fa-29017e71d81b,SHP-001507,c01a587a-1e79-4399-add5-2fbecd62584f,a689b424-7a3a-40e1-b9c7-73a0e0decc3d,100000000,100000000,100000000,60.0,60.16,3,2025-06-30T10:15:53Z,2025-07-06T20:13:36Z,2025-07-06T22:05:26Z,2025-07-07T07:46:00Z,WB-001507,True,2025-06-30T09:27:00Z,1,2
22709ed4-0dff-4aa6-8fab-7ca7675d5640,SHP-001508,c7e9bd6c-ca82-49fc-9d01-4f859cb08acd,a689b424-7a3a-40e1-b9c7-73a0e0decc3d,100000000,100000000,100000001,25.0,25.05,2,2025-07-13T15:16:38Z,2025-07-14T23:56:35Z,2025-07-15T01:40:23Z,2025-07-15T10:30:00Z,WB-001508,True,2025-07-13T13:29:00Z,1,2
27778071-6e91-4c52-a02c-3ccf9f688229,SHP-001509,d73bb4a6-5809-432f-b16c-9fd055acb935,4988e418-f6c3-4218-8183-6315330f8be1,100000000,100000001,100000001,70.0,70.03,3,2024-07-28T01:30:29Z,2024-07-29T05:56:49Z,2024-07-29T06:30:05Z,2024-07-29T10:37:00Z,WB-001509,True,2024-07-24T06:36:00Z,1,2
ac6354b6-6d38-4058-8422-c76140dae68c,SHP-001510,1e41361d-957d-4de3-8b00-5de316db34c3,4988e418-f6c3-4218-8183-6315330f8be1,100000000,100000000,100000001,115.0,114.49,5,2024-08-03T11:44:38Z,2024-08-04T05:43:02Z,2024-08-04T06:48:40Z,2024-08-04T11:15:00Z,WB-001510,True,2024-08-03T10:57:00Z,1,2
8be21c2f-731f-4ba0-80cc-f4389a38f44b,SHP-001511,67b36cee-7e6e-4029-8bc1-79f36d29c7bc,0f25477d-a559-40e7-8910-fade52380bf2,100000002,100000001,100000002,350.0,349.12,15,2024-08-01T22:43:01Z,2024-08-03T03:59:37Z,2024-08-03T04:56:19Z,2024-08-03T12:49:00Z,WB-001511,True,2024-07-30T08:35:00Z,1,2
87929003-9a56-46f6-a042-219dff4d2938,SHP-001512,d028a464-bc35-407b-bd76-cb8b5d7a3a03,098c60b3-efc9-409e-99af-6e09b91e3d6e,100000001,100000000,100000000,60.0,59.91,3,2026-04-29T13:39:04Z,2026-05-06T00:02:29Z,2026-05-06T01:31:26Z,2026-05-06T06:32:00Z,WB-001512,True,2026-04-29T11:47:00Z,1,2
2c1c3a75-4644-4fb2-8650-483b3a299e76,SHP-001513,244d7a16-fb9d-46ea-b410-1619594e81f1,6afa828c-2cd1-4b9f-abe5-841fe9c96c52,100000002,100000000,100000001,95.0,94.4,4,2024-09-22T06:33:27Z,2024-09-24T00:51:44Z,2024-09-24T01:49:36Z,2024-09-24T06:24:00Z,WB-001513,True,2024-09-22T04:53:00Z,1,2
1eb1567d-988b-4f60-8928-5dc45c7db6e5,SHP-001514,75518597-2722-43f1-a9e0-23047e54d133,d61169a1-ff46-46bf-894d-916deb6d2fed,100000002,100000000,100000002,65.0,65.36,3,2024-10-26T12:16:28Z,2024-10-27T22:00:08Z,2024-10-27T23:41:51Z,2024-10-28T05:07:00Z,WB-001514,True,2024-10-26T12:01:00Z,1,2
2e775607-2726-4edc-913f-14365e39e4bb,SHP-001515,d31d9be0-086a-479a-aa12-93e32f63da02,2fb21e66-7ed1-4aab-89b7-c9bc65a16fa9,100000002,100000000,100000000,55.0,54.76,3,2024-12-05T08:46:32Z,2024-12-10T01:17:54Z,2024-12-10T01:57:01Z,2024-12-10T10:50:00Z,WB-001515,True,2024-12-05T07:55:00Z,1,2
e805d9bd-a9ad-4c7e-b4ff-32793d7a4a51,SHP-001516,a23f3dc8-21e1-4a18-bd83-b67ddd039c8b,2fb21e66-7ed1-4aab-89b7-c9bc65a16fa9,100000002,100000001,100000000,20.0,20.04,1,2025-11-24T14:47:53Z,2025-11-26T00:07:01Z,2025-11-26T01:45:20Z,2025-11-26T06:29:00Z,WB-001516,True,2025-11-22T10:08:00Z,1,2
41b97bb5-666f-41cd-a302-d2b0a5d193ec,SHP-001517,84a01954-d9c9-4ec3-a1b5-c8a3da4d7550,0997623a-e072-4d96-8a1a-81f5ed10f004,100000003,100000001,100000002,160.0,159.15,7,2024-07-30T18:50:31Z,2024-08-01T07:37:57Z,2024-08-01T08:48:37Z,2024-08-01T11:20:00Z,WB-001517,True,2024-07-27T08:25:00Z,1,2
cd30503c-4de8-40de-8953-6b3c3923a22e,SHP-001518,0714d17c-42ee-405d-9107-00bdd67f8277,9a4ffc0c-9165-42ed-8c63-6e95025f5543,100000002,100000000,100000002,50.0,49.94,3,2024-10-23T14:39:40Z,2024-10-29T02:28:33Z,2024-10-29T03:31:49Z,2024-10-29T07:39:00Z,WB-001518,True,2024-10-23T11:19:00Z,1,2
bcde64b5-4308-4906-9167-70ff7870a5dd,SHP-001519,9e234573-8166-484b-bc62-c0307741cf44,9a4ffc0c-9165-42ed-8c63-6e95025f5543,100000002,100000000,100000000,59.5,60.04,3,2025-01-04T15:40:33Z,2025-01-11T02:26:27Z,2025-01-11T03:21:03Z,2025-01-11T09:23:00Z,WB-001519,True,2025-01-04T13:13:00Z,1,2
bf0423cf-11bc-49ad-aa17-70aa77d7b439,SHP-001520,7a7cc8cd-8014-40ac-b259-b26b159d47e1,9a4ffc0c-9165-42ed-8c63-6e95025f5543,100000002,100000000,100000002,205.0,204.29,9,2025-01-05T09:20:54Z,2025-01-05T22:56:10Z,2025-01-05T23:57:40Z,2025-01-06T05:08:00Z,WB-001520,True,2025-01-05T07:30:00Z,1,2
fe223bba-e6e7-430b-bade-b25b1608672f,SHP-001521,ba296e44-3e16-4d9e-a4da-4ce4649ce43f,9a4ffc0c-9165-42ed-8c63-6e95025f5543,100000002,100000001,100000001,250.0,249.65,11,2025-03-21T10:44:22Z,2025-03-22T04:23:19Z,2025-03-22T06:22:51Z,2025-03-22T12:50:00Z,WB-001521,True,2025-03-19T07:10:00Z,1,2
c471921c-6997-4e17-974c-ca19a559aed7,SHP-001522,ca7351a8-2f9f-4513-9eaa-e3cf4a1cbd2c,9a4ffc0c-9165-42ed-8c63-6e95025f5543,100000002,100000000,100000000,145.0,144.93,7,2025-04-13T07:40:39Z,2025-04-18T19:24:02Z,2025-04-18T20:16:58Z,2025-04-19T04:44:00Z,WB-001522,True,2025-04-13T06:03:00Z,1,2
9f306566-ebd1-43f9-bb06-64e0d246634a,SHP-001523,df14d079-de24-4592-9322-3935d1f4c9c2,9a4ffc0c-9165-42ed-8c63-6e95025f5543,100000002,100000000,100000000,195.0,194.49,9,2025-06-08T06:12:45Z,2025-06-12T00:47:14Z,2025-06-12T02:14:05Z,2025-06-12T08:37:00Z,WB-001523,True,2025-06-08T04:54:00Z,1,2
840820ab-8233-446c-a6c9-4fbd31bc15bf,SHP-001524,a2b24143-e74d-47c9-8443-0ddb02a7df82,9a4ffc0c-9165-42ed-8c63-6e95025f5543,100000002,100000000,100000001,120.0,120.03,5,2025-08-16T13:19:54Z,2025-08-23T04:08:32Z,2025-08-23T05:42:00Z,2025-08-23T11:34:00Z,WB-001524,True,2025-08-16T10:44:00Z,1,2
63a2ca27-6b8f-446a-8ad2-ce4a367d9730,SHP-001525,902e0dde-a062-4f54-8fd2-e0977ee13222,9a4ffc0c-9165-42ed-8c63-6e95025f5543,100000002,100000000,100000002,60.0,59.97,3,2025-12-23T10:32:04Z,2025-12-30T02:56:51Z,2025-12-30T04:12:51Z,2025-12-30T09:44:00Z,WB-001525,True,2025-12-23T08:46:00Z,1,2
346d4666-c4d5-43a7-9252-9339ea68f93a,SHP-001526,29542781-f26b-4c4a-95d0-fb7004df6f26,9a4ffc0c-9165-42ed-8c63-6e95025f5543,100000002,100000001,100000002,235.0,234.97,10,2026-02-01T18:12:39Z,2026-02-04T00:04:26Z,2026-02-04T00:39:17Z,2026-02-04T04:39:00Z,WB-001526,True,2026-01-29T08:05:00Z,1,2
b1c1c08e-f74d-4439-9cd7-5c587f648997,SHP-001527,d1048076-f2e6-4a9b-8da1-86d5c4448dd9,9a4ffc0c-9165-42ed-8c63-6e95025f5543,100000002,100000000,100000002,105.0,104.42,5,2026-04-14T12:48:20Z,2026-04-20T02:30:57Z,2026-04-20T04:10:55Z,2026-04-20T08:39:00Z,WB-001527,True,2026-04-14T09:59:00Z,1,2
d207c4a6-ecd0-418e-b49e-0431e9838318,SHP-001528,d7a1d554-4197-45eb-9063-ae8b83637cfd,9a4ffc0c-9165-42ed-8c63-6e95025f5543,100000002,100000001,100000000,125.0,124.64,6,2026-05-18T17:32:08Z,2026-05-20T01:40:03Z,2026-05-20T03:30:59Z,2026-05-20T09:41:00Z,WB-001528,True,2026-05-16T10:46:00Z,1,2
33e67b70-d6fa-47c4-9ef4-51e00eb43def,SHP-001529,e2f06e75-a075-4677-8ad8-74e81192f37c,55c551fc-fba5-4cc8-adaf-37661b780ede,100000004,100000000,100000000,20.0,20.09,1,2024-12-19T13:14:22Z,2024-12-23T21:27:36Z,2024-12-23T22:56:07Z,2024-12-24T06:19:00Z,WB-001529,True,2024-12-19T11:26:00Z,1,2
c307a664-9943-43c1-901e-bbd72fc1674b,SHP-001530,6c853d03-0a4c-4007-94f6-80e36e3b5ec6,55c551fc-fba5-4cc8-adaf-37661b780ede,100000004,100000000,100000002,70.0,69.79,3,2025-01-04T14:10:19Z,2025-01-06T23:54:48Z,2025-01-07T01:27:25Z,2025-01-07T06:57:00Z,WB-001530,True,2025-01-04T12:15:00Z,1,2
542bc361-a7fd-470b-8c85-4dd7368a4e7a,SHP-001531,a6dfc87f-a6c3-4058-bad5-e511918d9a31,55c551fc-fba5-4cc8-adaf-37661b780ede,100000004,100000000,100000000,25.0,24.89,2,2025-02-18T15:31:02Z,2025-02-20T02:26:04Z,2025-02-20T04:11:34Z,2025-02-20T09:46:00Z,WB-001531,True,2025-02-18T13:37:00Z,1,2
241a8030-d62b-4393-b0ee-52b9fff2a579,SHP-001532,8213ad09-dced-401b-8edc-1fe27fc8de1b,55c551fc-fba5-4cc8-adaf-37661b780ede,100000004,100000000,100000000,35.0,34.98,2,2025-02-19T14:30:15Z,2025-02-22T03:01:07Z,2025-02-22T04:17:52Z,2025-02-22T09:13:00Z,WB-001532,True,2025-02-19T13:09:00Z,1,2
afdcfe2d-940e-4263-bc3f-b9633d2f347c,SHP-001533,cd9a5a77-aa0f-49cc-b9bc-b087d26ef043,55c551fc-fba5-4cc8-adaf-37661b780ede,100000004,100000000,100000000,90.0,90.02,4,2026-02-02T10:03:05Z,2026-02-03T00:13:28Z,2026-02-03T01:42:33Z,2026-02-03T07:35:00Z,WB-001533,True,2026-02-02T09:55:00Z,1,2
52a15d65-8316-4e43-81f0-aff5cfd84b2a,SHP-001534,376c05ad-581b-4151-883f-b047247e62ca,a42d0cd7-fd35-4f6a-b450-388748d90846,100000001,100000000,100000002,25.0,24.86,2,2024-08-17T15:33:26Z,2024-08-18T17:16:55Z,2024-08-18T18:57:55Z,2024-08-19T12:42:00Z,WB-001534,True,2024-08-17T13:28:00Z,1,2
48d4fc54-e1f6-49a9-8a2f-087d35082104,SHP-001535,2e953887-d1eb-4143-b78a-33b2c38c4783,e3a68a70-7e71-4b55-8639-bd418b15bd94,100000004,100000000,100000000,120.0,120.34,5,2025-07-10T16:11:00Z,2025-07-14T07:10:08Z,2025-07-14T07:55:23Z,2025-07-14T13:18:00Z,WB-001535,True,2025-07-10T13:25:00Z,1,2
1057d796-d37c-4ad7-b237-b795e24f994d,SHP-001536,440786f8-2c93-4859-8843-95732834c685,e3a68a70-7e71-4b55-8639-bd418b15bd94,100000004,100000000,100000001,130.0,130.12,6,2026-04-04T09:52:22Z,2026-04-05T05:33:02Z,2026-04-05T06:48:56Z,2026-04-05T12:51:00Z,WB-001536,True,2026-04-04T09:12:00Z,1,2
fd58060c-ab44-4736-9ae7-8cf0e3cb6258,SHP-001537,5d2e30c6-a3ab-48be-bf1e-a1c087bd318f,cf0e6d2b-315c-467a-85d8-a6ad77d0359e,100000001,100000000,100000000,25.0,24.96,2,2025-01-08T07:48:33Z,2025-01-11T20:02:35Z,2025-01-11T21:32:19Z,2025-01-12T13:23:00Z,WB-001537,True,2025-01-08T06:45:00Z,1,2
882421ac-5dfd-43bd-ba24-e358f3710324,SHP-001538,359e2500-4d6c-4b33-82d5-4b3f9594e474,cf0e6d2b-315c-467a-85d8-a6ad77d0359e,100000001,100000000,100000000,25.0,24.97,2,2025-10-12T11:27:27Z,2025-10-12T23:13:31Z,2025-10-13T00:06:32Z,2025-10-13T08:47:00Z,WB-001538,True,2025-10-12T08:34:00Z,1,2
c10257d5-a6cc-4ca4-9f01-d588f130ce5d,SHP-001539,5525b8f2-96a5-4216-99b4-03903ee22cc9,cf0e6d2b-315c-467a-85d8-a6ad77d0359e,100000001,100000000,100000002,65.0,64.98,3,2026-01-08T11:53:53Z,2026-01-09T13:38:06Z,2026-01-09T14:59:23Z,2026-01-10T11:54:00Z,WB-001539,True,2026-01-08T11:17:00Z,1,2
6d5d6923-d280-486a-8464-df52bd840fde,SHP-001540,21b314e6-698b-4a6e-926b-a0842b3c9fee,bb2aa146-2999-494c-94a7-b69b1cd66b09,100000002,100000000,100000003,80.0,80.46,4,2024-08-05T09:12:30Z,2024-08-06T02:11:26Z,2024-08-06T02:57:47Z,2024-08-06T08:45:00Z,WB-001540,True,2024-08-05T08:18:00Z,1,2
3db636ae-0016-4b6e-a2df-7550694245a9,SHP-001541,ef711ecc-ef3f-48f8-be72-d6d651cf7f45,bb2aa146-2999-494c-94a7-b69b1cd66b09,100000002,100000001,100000000,250.0,249.26,11,2024-07-18T11:31:28Z,2024-07-19T19:29:58Z,2024-07-19T20:38:13Z,2024-07-20T04:32:00Z,WB-001541,True,2024-07-13T12:14:00Z,1,2
b191189a-b750-41d7-bf88-10aad08692d5,SHP-001542,06d05c24-d1ea-4b5d-82a9-b17db2e0aa26,bb2aa146-2999-494c-94a7-b69b1cd66b09,100000002,100000000,100000000,30.0,30.2,2,2024-07-30T11:11:08Z,2024-08-03T03:16:35Z,2024-08-03T05:06:58Z,2024-08-03T10:15:00Z,WB-001542,True,2024-07-30T11:14:00Z,1,2
71e7644a-e7b5-4df8-bd26-b70084091e41,SHP-001543,3115f9bc-2b39-4cc1-8982-80895798260c,bb2aa146-2999-494c-94a7-b69b1cd66b09,100000002,100000000,100000000,45.0,45.03,2,2024-08-17T11:20:41Z,2024-08-23T22:52:04Z,2024-08-23T23:40:20Z,2024-08-24T04:48:00Z,WB-001543,True,2024-08-17T10:58:00Z,1,2
c36f543c-c882-48c4-b718-fbcd10a83340,SHP-001544,3906f7fe-aa8f-47a0-996b-70692db7209d,bb2aa146-2999-494c-94a7-b69b1cd66b09,100000002,100000000,100000000,65.0,64.03,3,2024-08-15T09:29:44Z,2024-08-22T00:48:47Z,2024-08-22T02:09:22Z,2024-08-22T09:14:00Z,WB-001544,True,2024-08-15T06:53:00Z,1,2
426b05a6-9a08-45f5-a101-41c4a3a4f7a4,SHP-001545,c8bdf2fc-e527-4aa3-b7b0-040c8e4a30b6,bb2aa146-2999-494c-94a7-b69b1cd66b09,100000002,100000000,100000002,65.0,64.58,3,2024-12-19T12:11:53Z,2024-12-21T05:16:28Z,2024-12-21T06:07:43Z,2024-12-21T10:43:00Z,WB-001545,True,2024-12-19T11:55:00Z,1,2
85f97931-ee92-43c8-871a-9c8dfc313d03,SHP-001546,1fb3169a-171b-4dc6-a718-59fd3ad78bf5,bb2aa146-2999-494c-94a7-b69b1cd66b09,100000002,100000000,100000003,200.0,199.98,9,2025-02-24T13:48:02Z,2025-02-25T07:04:48Z,2025-02-25T08:09:21Z,2025-02-25T11:51:00Z,WB-001546,True,2025-02-24T11:00:00Z,1,2
36e6c0ce-2ffe-4b0e-8b98-6764a08a0b82,SHP-001547,12e32599-d478-4ade-8f7c-1df31969d4ec,bb2aa146-2999-494c-94a7-b69b1cd66b09,100000002,100000001,100000002,185.0,185.16,8,2025-04-26T12:15:53Z,2025-04-27T07:15:20Z,2025-04-27T08:32:03Z,2025-04-27T13:29:00Z,WB-001547,True,2025-04-24T05:11:00Z,1,2
1332bea0-b22e-4a50-9338-0ff6c17a0269,SHP-001548,6666cfca-699a-4823-aa5a-a52ed75b2c4e,bb2aa146-2999-494c-94a7-b69b1cd66b09,100000002,100000000,100000000,115.0,115.46,5,2025-09-13T11:10:49Z,2025-09-20T00:32:54Z,2025-09-20T01:36:17Z,2025-09-20T09:51:00Z,WB-001548,True,2025-09-13T08:21:00Z,1,2
c0bb4698-1e37-46e4-82bc-ecd26443a3cf,SHP-001549,7b3826d6-ac21-42a4-bb18-39b133da3a2c,bb2aa146-2999-494c-94a7-b69b1cd66b09,100000002,100000001,100000000,110.0,109.88,5,2025-12-20T21:04:20Z,2025-12-22T00:57:04Z,2025-12-22T02:01:33Z,2025-12-22T09:50:00Z,WB-001549,True,2025-12-18T11:50:00Z,1,2
110a2a37-b291-4b06-8226-b5628298e7ee,SHP-001550,3cefd44c-7af4-43ce-99f2-ed6d3fca6526,bb2aa146-2999-494c-94a7-b69b1cd66b09,100000002,100000000,100000000,260.0,259.75,11,2026-01-12T13:06:01Z,2026-01-17T04:12:04Z,2026-01-17T05:34:01Z,2026-01-17T11:51:00Z,WB-001550,False,2026-01-12T12:05:00Z,1,2
73e0424c-b076-4233-9044-d1412f0a925b,SHP-001551,f5c9b78f-b0ae-48d0-9243-356498a209fe,bb2aa146-2999-494c-94a7-b69b1cd66b09,100000002,100000000,100000000,210.0,209.94,9,2026-01-12T17:14:13Z,2026-01-14T03:15:40Z,2026-01-14T04:21:39Z,2026-01-14T10:04:00Z,WB-001551,True,2026-01-12T13:49:00Z,1,2
870380a6-dddc-4fbc-8745-2eb7184d1bb2,SHP-001552,802d9914-7764-4bf9-998f-a56c77f1105b,bb2aa146-2999-494c-94a7-b69b1cd66b09,100000002,100000000,100000003,130.0,130.5,6,2026-04-29T11:16:28Z,2026-04-29T22:48:07Z,2026-04-29T23:20:33Z,2026-04-30T04:39:00Z,WB-001552,True,2026-04-29T10:47:00Z,1,2
68d68198-08d5-4b1b-85c8-749bdf5c1491,SHP-001553,a7501778-654c-4202-af1f-767e2b04c911,bb2aa146-2999-494c-94a7-b69b1cd66b09,100000002,100000000,100000000,55.0,55.38,3,2026-05-13T14:08:41Z,2026-05-19T01:02:58Z,2026-05-19T02:01:18Z,2026-05-19T09:11:00Z,WB-001553,True,2026-05-13T12:15:00Z,1,2
a4f9fcdd-529b-4b3f-a857-1d5b718c5f65,SHP-001554,f3549871-9f1a-4718-9ede-efafcd1c7b4d,b7f60cdf-41dc-4c60-a5f6-0735757b6b29,100000000,100000000,100000000,135.0,135.22,6,2024-07-15T11:18:03Z,2024-07-21T05:41:05Z,2024-07-21T06:24:24Z,2024-07-21T12:57:00Z,WB-001554,True,2024-07-15T09:13:00Z,1,2
162ddbd9-8bb6-409f-9060-793fb446a518,SHP-001555,f75b6868-fb3c-4a2b-8b66-9b8412521a1b,b7f60cdf-41dc-4c60-a5f6-0735757b6b29,100000000,100000000,100000002,145.0,144.58,7,2024-08-15T12:37:19Z,2024-08-21T03:01:35Z,2024-08-21T04:04:13Z,2024-08-21T07:29:00Z,WB-001555,True,2024-08-15T11:45:00Z,1,2
c8bf3889-67b2-4162-8663-eb350eb301be,SHP-001556,221a9208-bad7-43bc-b868-2e6f4cd97590,b7f60cdf-41dc-4c60-a5f6-0735757b6b29,100000000,100000000,100000000,140.0,140.24,6,2024-08-24T09:53:45Z,2024-08-28T01:19:27Z,2024-08-28T02:32:35Z,2024-08-28T08:49:00Z,WB-001556,True,2024-08-24T06:43:00Z,1,2
7bba42c6-f538-4e78-9f75-186c64eb6d09,SHP-001557,a7d2251b-6c71-45de-bbcf-b166a9c9a3a4,b7f60cdf-41dc-4c60-a5f6-0735757b6b29,100000000,100000001,100000001,295.0,294.72,13,2024-09-03T10:43:09Z,2024-09-04T07:13:48Z,2024-09-04T08:28:01Z,2024-09-04T13:12:00Z,WB-001557,True,2024-09-01T05:56:00Z,1,2
059f3887-b8c4-4831-9d9c-f0d41159fe70,SHP-001558,d0c14624-8c6c-4de5-a45b-62cb037297cd,b7f60cdf-41dc-4c60-a5f6-0735757b6b29,100000000,100000001,100000000,260.0,258.68,11,2024-10-19T08:11:21Z,2024-10-21T01:01:50Z,2024-10-21T01:38:39Z,2024-10-21T08:37:00Z,WB-001558,True,2024-10-14T12:32:00Z,1,2
36656037-e48f-4499-bef3-7217c4b66d49,SHP-001559,8c404586-9d24-44ae-bab4-385c989521fe,b7f60cdf-41dc-4c60-a5f6-0735757b6b29,100000000,100000001,100000002,145.0,144.6,7,2024-09-28T00:09:31Z,2024-09-30T04:36:00Z,2024-09-30T06:02:47Z,2024-09-30T09:43:00Z,WB-001559,True,2024-09-23T08:30:00Z,1,2
169c2980-79d8-4f82-bacc-62d99b09aeb4,SHP-001560,390df6a0-3d1e-47dc-aa8b-3cb64b6aac8d,b7f60cdf-41dc-4c60-a5f6-0735757b6b29,100000000,100000001,100000000,185.0,184.64,8,2024-10-24T19:03:52Z,2024-10-25T23:36:25Z,2024-10-26T00:56:16Z,2024-10-26T08:14:00Z,WB-001560,True,2024-10-19T05:30:00Z,1,2
8b747b5f-6578-4f6d-a641-a0dd8ef35d11,SHP-001561,e17d8a4d-7773-4ddc-a85b-dfd8e7a95427,b7f60cdf-41dc-4c60-a5f6-0735757b6b29,100000000,100000000,100000000,135.0,134.93,6,2025-04-12T12:03:55Z,2025-04-19T03:49:28Z,2025-04-19T04:22:34Z,2025-04-19T10:46:00Z,WB-001561,True,2025-04-12T11:52:00Z,1,2
3de00c34-5f3f-429f-a4a9-3f2589eed11f,SHP-001562,a2123874-f0b3-44df-82c3-1a33536d2949,b7f60cdf-41dc-4c60-a5f6-0735757b6b29,100000000,100000000,100000002,65.0,65.15,3,2025-07-03T12:10:25Z,2025-07-08T05:22:33Z,2025-07-08T06:26:16Z,2025-07-08T11:25:00Z,WB-001562,True,2025-07-03T09:29:00Z,1,2
a8bdbeb8-6837-4e66-b1bd-ae0194f4ae92,SHP-001563,baccdc5f-e2fb-4aa2-b3c8-cddb4c8973c1,564cfbd2-bc92-4d81-839b-058c2faabe0b,100000001,100000000,100000000,40.0,39.8,2,2025-01-06T08:03:09Z,2025-01-10T22:28:54Z,2025-01-11T00:01:47Z,2025-01-11T08:42:00Z,WB-001563,True,2025-01-06T07:23:00Z,1,2
a47594f6-ed89-4b2a-9f54-974fe0f5af21,SHP-001564,43c19fe2-acba-4f1c-b92a-ae871941552f,564cfbd2-bc92-4d81-839b-058c2faabe0b,100000001,100000000,100000000,20.0,19.99,1,2025-02-09T06:47:20Z,2025-02-13T07:09:18Z,2025-02-13T07:37:45Z,2025-02-13T10:45:00Z,WB-001564,True,2025-02-09T05:11:00Z,1,2
21c0ada5-0453-430b-82a1-4288369538ba,SHP-001565,b4e615fb-9966-47d5-9ae4-34c8390f5084,564cfbd2-bc92-4d81-839b-058c2faabe0b,100000001,100000000,100000001,75.0,75.33,4,2025-09-30T08:50:15Z,2025-10-05T00:21:07Z,2025-10-05T01:36:52Z,2025-10-05T07:28:00Z,WB-001565,True,2025-09-30T08:56:00Z,1,2
73f3b31a-5481-4d86-8612-e21ceedace79,SHP-001566,033f4144-5b7c-4bcb-9c0d-9b66bd25705f,564cfbd2-bc92-4d81-839b-058c2faabe0b,100000001,100000000,100000002,45.0,44.91,2,2026-05-02T10:11:35Z,2026-05-08T23:08:34Z,2026-05-09T00:12:37Z,2026-05-09T04:40:00Z,WB-001566,False,2026-05-02T07:17:00Z,1,2
f3cb241c-2f38-4f9e-a560-b53ef7fbd39e,SHP-001567,373d516b-dbc8-4e99-b25e-151409858074,564cfbd2-bc92-4d81-839b-058c2faabe0b,100000001,100000000,100000000,125.0,124.7,6,2026-04-19T14:06:13Z,2026-04-21T20:08:23Z,2026-04-21T21:55:57Z,2026-04-22T06:07:00Z,WB-001567,True,2026-04-19T13:27:00Z,1,2
ac61d56a-68d4-4c05-b5b7-0f4d42ec0a6c,SHP-001568,4224f8ab-7842-4057-aae2-a710e727a20b,564cfbd2-bc92-4d81-839b-058c2faabe0b,100000001,100000000,100000000,30.0,30.02,2,2026-06-03T12:06:50Z,2026-06-09T23:07:20Z,2026-06-10T01:03:33Z,2026-06-10T05:15:00Z,WB-001568,True,2026-06-03T11:01:00Z,1,2
af015997-dcbe-4df3-959c-5b1470b6ecd4,SHP-001569,c5ed9a67-ad66-4d44-9b07-5147aa258bfd,aca58d95-915a-4c30-8b86-b5a1ca6fbff8,100000000,100000000,100000000,140.0,139.84,6,2024-08-05T11:42:12Z,2024-08-08T03:15:14Z,2024-08-08T04:08:58Z,2024-08-08T08:09:00Z,WB-001569,True,2024-08-05T10:05:00Z,1,2
0ac9cb07-0312-467a-a09b-be1d3b80f0e7,SHP-001570,1aa4cfb3-2b13-4f88-8250-6d97dffc21f5,aca58d95-915a-4c30-8b86-b5a1ca6fbff8,100000000,100000000,100000000,135.0,134.91,6,2024-08-05T12:15:25Z,2024-08-12T00:01:20Z,2024-08-12T01:28:02Z,2024-08-12T05:40:00Z,WB-001570,True,2024-08-05T10:52:00Z,1,2
f3a956cb-62c1-405f-9836-b569d1b5797a,SHP-001571,4e65d58b-de68-4daa-8273-1999e62a01a4,aca58d95-915a-4c30-8b86-b5a1ca6fbff8,100000000,100000000,100000000,120.0,119.98,5,2024-08-06T06:06:51Z,2024-08-10T01:48:14Z,2024-08-10T02:12:28Z,2024-08-10T09:47:00Z,WB-001571,True,2024-08-06T05:30:00Z,1,2
d1b2194d-a784-443a-832e-29b132bca6e0,SHP-001572,2b722bdb-dc37-4844-a65a-e7ad27f759f0,aca58d95-915a-4c30-8b86-b5a1ca6fbff8,100000000,100000000,100000000,150.0,150.12,7,2024-08-17T09:06:05Z,2024-08-19T03:02:43Z,2024-08-19T04:10:55Z,2024-08-19T07:59:00Z,WB-001572,True,2024-08-17T08:20:00Z,1,2
98423705-0f30-4852-9c20-2ec05f2f3493,SHP-001573,669fb220-da0c-4173-a4cd-9cc4b601fb64,aca58d95-915a-4c30-8b86-b5a1ca6fbff8,100000000,100000000,100000000,90.0,89.67,4,2024-12-04T12:23:40Z,2024-12-09T05:45:33Z,2024-12-09T06:56:34Z,2024-12-09T12:03:00Z,WB-001573,False,2024-12-04T09:53:00Z,1,2
086ba60f-61e1-4395-aa01-b889c7305309,SHP-001574,c2a826c3-62fe-4ad0-84fd-a69844125f3a,aca58d95-915a-4c30-8b86-b5a1ca6fbff8,100000000,100000001,100000000,115.0,115.0,5,2025-05-22T10:05:52Z,2025-05-24T06:01:21Z,2025-05-24T06:35:49Z,2025-05-24T10:04:00Z,WB-001574,True,2025-05-18T08:26:00Z,1,2
4485505a-bfe0-438f-9d63-a2b6b6ffaa78,SHP-001575,730a006c-308c-4971-a8ca-f7957721f50f,aca58d95-915a-4c30-8b86-b5a1ca6fbff8,100000000,100000001,100000001,200.0,199.7,9,2025-06-30T06:56:49Z,2025-07-01T02:19:40Z,2025-07-01T03:32:19Z,2025-07-01T12:16:00Z,WB-001575,True,2025-06-25T05:59:00Z,1,2
fb0856d9-c50a-4382-9334-cad3d9ce727e,SHP-001576,40e64bae-3c00-4bcd-a167-a4ede5a4913f,aca58d95-915a-4c30-8b86-b5a1ca6fbff8,100000000,100000000,100000000,175.0,175.32,8,2025-09-13T15:58:04Z,2025-09-16T22:38:42Z,2025-09-16T23:59:10Z,2025-09-17T06:06:00Z,WB-001576,True,2025-09-13T12:57:00Z,1,2
a3d33456-b580-4d2d-bd56-8948a537a6ef,SHP-001577,d25b5ade-6d1f-46a9-b2da-63c23a9ba4e4,aca58d95-915a-4c30-8b86-b5a1ca6fbff8,100000000,100000000,100000000,115.0,115.16,5,2025-11-01T12:35:26Z,2025-11-05T23:05:20Z,2025-11-06T01:02:32Z,2025-11-06T09:18:00Z,WB-001577,True,2025-11-01T09:42:00Z,1,2
79cd46c4-6426-4bc4-8bbc-0ad383fd16f1,SHP-001578,d04228ad-b884-4a09-bdcc-79fc0e9cd25a,aca58d95-915a-4c30-8b86-b5a1ca6fbff8,100000000,100000001,100000002,255.0,254.9,11,2025-11-05T07:03:10Z,2025-11-06T04:31:05Z,2025-11-06T06:14:42Z,2025-11-06T10:38:00Z,WB-001578,True,2025-11-01T09:12:00Z,1,2
a65a339e-b14f-440f-9230-1a92806cf587,SHP-001579,9eb5a8bd-f350-4d4d-b716-d1c67e767c39,aca58d95-915a-4c30-8b86-b5a1ca6fbff8,100000000,100000000,100000001,140.0,139.95,6,2025-12-23T15:05:13Z,2025-12-29T07:29:23Z,2025-12-29T08:24:04Z,2025-12-29T13:12:00Z,WB-001579,True,2025-12-23T13:41:00Z,1,2
6d54ad86-6e0b-4273-a513-6d979948fa6c,SHP-001580,37d9a97c-2148-4314-9e8c-7851fc42cbee,aca58d95-915a-4c30-8b86-b5a1ca6fbff8,100000000,100000000,100000000,140.0,139.94,6,2026-02-19T14:04:23Z,2026-02-24T02:21:51Z,2026-02-24T02:47:11Z,2026-02-24T07:16:00Z,WB-001580,True,2026-02-19T11:54:00Z,1,2
10c15e51-268f-4aa8-9aee-3f7d23602006,SHP-001581,150cd269-69bf-424e-b9a4-4922cc2e451a,aca58d95-915a-4c30-8b86-b5a1ca6fbff8,100000000,100000000,100000000,220.0,219.86,10,2026-03-14T13:54:05Z,2026-03-16T04:47:29Z,2026-03-16T06:16:12Z,2026-03-16T10:01:00Z,WB-001581,True,2026-03-14T11:25:00Z,1,2
8e105097-b43b-4738-b0ca-b0d83869a8bb,SHP-001582,9bad7f7b-78f7-4ec1-aaff-aaab3df492e0,aca58d95-915a-4c30-8b86-b5a1ca6fbff8,100000000,100000000,100000000,65.0,64.93,3,2026-03-26T11:05:51Z,2026-04-02T03:59:20Z,2026-04-02T05:28:52Z,2026-04-02T08:38:00Z,WB-001582,True,2026-03-26T10:37:00Z,1,2
34cc8507-6414-4932-a109-eaeb147f63ed,SHP-001583,eeee4b54-f0df-4d85-998e-f4b821d95964,aca58d95-915a-4c30-8b86-b5a1ca6fbff8,100000000,100000001,100000002,210.0,210.9,9,2026-05-16T20:16:23Z,2026-05-17T05:50:39Z,2026-05-17T07:34:40Z,2026-05-17T12:40:00Z,WB-001583,True,2026-05-13T07:10:00Z,1,2
15329250-f2f0-4c16-8c70-6bfb8ac39a5a,SHP-001584,d9187ad9-8b8a-4ec9-8a08-cc25615f99b5,9c678393-2ced-4c0d-b173-04b5c1dd484a,100000000,100000000,100000000,75.0,75.02,4,2024-07-21T08:55:26Z,2024-07-27T06:26:30Z,2024-07-27T07:14:57Z,2024-07-27T11:10:00Z,WB-001584,True,2024-07-21T08:35:00Z,1,2
a9877e36-a4e6-47c6-9d99-4871e792c24c,SHP-001585,865ac3a5-64a9-4181-9c08-55acbe70f422,9c678393-2ced-4c0d-b173-04b5c1dd484a,100000000,100000000,100000000,50.0,50.0,3,2024-09-25T06:57:21Z,2024-09-26T04:11:22Z,2024-09-26T04:57:29Z,2024-09-26T08:04:00Z,WB-001585,True,2024-09-25T07:07:00Z,1,2
ddbc3859-6b80-4456-8f99-b9e08e51d1cb,SHP-001586,802c9bbf-6604-4d4a-b1c4-52893b04246f,9c678393-2ced-4c0d-b173-04b5c1dd484a,100000000,100000000,100000000,80.0,80.0,4,2025-08-25T14:07:15Z,2025-08-27T05:23:20Z,2025-08-27T07:22:39Z,2025-08-27T12:23:00Z,WB-001586,True,2025-08-25T12:07:00Z,1,2
996659b7-e2e8-4ba7-840e-1be8d07a5c97,SHP-001587,7f681bd6-7a94-480b-9ade-72121d2b415a,9c678393-2ced-4c0d-b173-04b5c1dd484a,100000000,100000000,100000000,60.0,60.32,3,2025-12-20T14:07:29Z,2025-12-21T02:48:18Z,2025-12-21T04:22:57Z,2025-12-21T09:02:00Z,WB-001587,True,2025-12-20T13:11:00Z,1,2
9aef700c-8f0e-42b1-ae12-1333c36d8c23,SHP-001588,2c40c7aa-48b3-4c79-9da7-3d39604af65b,9c678393-2ced-4c0d-b173-04b5c1dd484a,100000000,100000000,100000001,65.0,65.0,3,2026-01-03T09:20:34Z,2026-01-04T06:44:22Z,2026-01-04T07:11:02Z,2026-01-04T10:26:00Z,WB-001588,True,2026-01-03T08:13:00Z,1,2
16db1337-85d9-4682-9833-1951d22e7466,SHP-001589,a6708750-71bf-46e2-bb5f-a292ffb50649,53f30073-83e9-4ef4-ad7d-f5d0d3b59af7,100000000,100000000,100000000,25.0,24.93,2,2024-08-13T17:12:10Z,2024-08-17T03:08:04Z,2024-08-17T04:35:22Z,2024-08-17T10:32:00Z,WB-001589,True,2024-08-13T13:39:00Z,1,2
0d9bf58c-b62f-4175-8925-c5c81bff27cb,SHP-001590,d7f2588c-d92f-4de3-8d1b-602e6332bb7f,7a3a6e96-23ff-43d3-bb4f-b88a2f4dd219,100000001,100000000,100000002,75.0,75.25,4,2024-08-08T09:42:04Z,2024-08-10T07:22:36Z,2024-08-10T08:50:32Z,2024-08-10T13:29:00Z,WB-001590,True,2024-08-08T07:37:00Z,1,2
ed457ddd-7c49-4449-916d-500405fcb8a9,SHP-001591,20430cf0-f01f-4906-a4ce-9d2511203efe,7a3a6e96-23ff-43d3-bb4f-b88a2f4dd219,100000001,100000000,100000000,55.0,54.92,3,2024-10-09T09:15:44Z,2024-10-12T01:28:40Z,2024-10-12T02:34:37Z,2024-10-12T06:56:00Z,WB-001591,True,2024-10-09T06:42:00Z,1,2
06eaa04d-bc8f-4d9b-b56a-609abc953b6e,SHP-001592,01ebfb8b-bbb2-45cb-836a-b6d4f740efe0,7a3a6e96-23ff-43d3-bb4f-b88a2f4dd219,100000001,100000000,100000000,35.0,34.88,2,2024-12-14T12:29:15Z,2024-12-17T03:38:11Z,2024-12-17T04:43:13Z,2024-12-17T08:46:00Z,WB-001592,True,2024-12-14T10:10:00Z,1,2
47390364-c121-49d5-aecb-2c93bcfb7a21,SHP-001593,13cd85fc-bf53-40cb-aa8e-154f6e17ee77,7a3a6e96-23ff-43d3-bb4f-b88a2f4dd219,100000001,100000000,100000000,20.0,19.91,1,2025-01-30T10:46:50Z,2025-02-03T02:30:29Z,2025-02-03T03:10:34Z,2025-02-03T09:13:00Z,WB-001593,True,2025-01-30T11:11:00Z,1,2
143bf0d4-e657-441e-9a5d-35502858eb6e,SHP-001594,e9219f8a-c90b-4dda-a79d-2ec1a7e83ef3,7a3a6e96-23ff-43d3-bb4f-b88a2f4dd219,100000001,100000001,100000002,95.0,95.45,4,2025-08-16T14:11:35Z,2025-08-17T03:41:01Z,2025-08-17T04:08:13Z,2025-08-17T08:27:00Z,WB-001594,True,2025-08-12T07:01:00Z,1,2
907a9b8e-d75d-40f6-91fd-ad586106f08e,SHP-001595,b56c643e-5a71-4949-aaef-1b9dad82e552,7a3a6e96-23ff-43d3-bb4f-b88a2f4dd219,100000001,100000001,100000002,25.0,25.14,2,2025-09-21T02:28:10Z,2025-09-22T04:38:44Z,2025-09-22T05:09:18Z,2025-09-22T12:13:00Z,WB-001595,True,2025-09-18T09:37:00Z,1,2
34fc0b70-2913-4ca0-81e0-d8fe94aaf5f4,SHP-001596,84991e80-87db-4d72-97d2-d4bf663c8f5e,7a3a6e96-23ff-43d3-bb4f-b88a2f4dd219,100000001,100000000,100000000,20.0,20.02,1,2026-01-31T07:55:01Z,2026-02-03T04:30:32Z,2026-02-03T05:27:52Z,2026-02-03T10:52:00Z,WB-001596,True,2026-01-31T07:02:00Z,1,2
b8efca61-cac1-4368-a86c-0db28b56d2af,SHP-001597,778b3882-bb1a-4fea-9992-5fb31b175ed3,01bf9e73-3f80-4385-af92-40b652d78f10,100000000,100000000,100000000,120.0,119.88,5,2024-10-09T09:45:17Z,2024-10-12T04:47:20Z,2024-10-12T05:43:37Z,2024-10-12T09:24:00Z,WB-001597,True,2024-10-09T07:48:00Z,1,2
04e8b2e9-5e4c-43f7-9a4b-b2182928dc8f,SHP-001598,a85adb0c-6517-4828-a40c-352351e3f195,01bf9e73-3f80-4385-af92-40b652d78f10,100000000,100000000,100000000,55.0,54.83,3,2025-03-02T14:13:39Z,2025-03-05T04:10:25Z,2025-03-05T05:52:47Z,2025-03-05T09:53:00Z,WB-001598,True,2025-03-02T13:45:00Z,1,2
c4d08f7b-7c59-4a18-90e9-733df2061434,SHP-001599,285232c8-e82e-4107-9286-db3783c20c19,01bf9e73-3f80-4385-af92-40b652d78f10,100000000,100000000,100000000,10.0,9.97,1,2026-02-24T10:16:15Z,2026-02-28T03:55:00Z,2026-02-28T05:20:29Z,2026-02-28T09:42:00Z,WB-001599,True,2026-02-24T08:58:00Z,1,2
772ca467-392f-4227-bceb-b56c20961688,SHP-001600,6f394f93-a2ab-4e15-b43a-a9dbe4cb59e9,01bf9e73-3f80-4385-af92-40b652d78f10,100000000,100000000,100000000,45.0,44.9,2,2026-04-11T08:02:56Z,2026-04-16T00:57:06Z,2026-04-16T01:35:36Z,2026-04-16T06:46:00Z,WB-001600,True,2026-04-11T07:48:00Z,1,2
07df9ecb-be72-4b1f-b979-376ae47e9752,SHP-001601,2da820e9-b37b-405e-9105-0084b7590bfc,725d4259-3c4b-4eec-a231-ee7342c2d2eb,100000000,100000000,100000000,100.0,100.0,5,2024-10-09T11:13:16Z,2024-10-12T03:54:52Z,2024-10-12T04:35:04Z,2024-10-12T10:34:00Z,WB-001601,True,2024-10-09T08:16:00Z,1,2
3d2dcd72-0d03-4c74-8b4a-3a01ff03aa48,SHP-001602,68e2378d-4980-4d4e-b9c3-013e39e16a36,725d4259-3c4b-4eec-a231-ee7342c2d2eb,100000000,100000000,100000000,325.0,324.82,14,2025-03-16T06:40:00Z,2025-03-19T05:10:52Z,2025-03-19T06:51:52Z,2025-03-19T09:41:00Z,WB-001602,True,2025-03-16T05:46:00Z,1,2
898b7dcb-dbeb-4196-97ac-99217fa445a8,SHP-001603,a489fd20-8d95-4dfc-b10b-60d546a860c0,725d4259-3c4b-4eec-a231-ee7342c2d2eb,100000000,100000000,100000000,65.0,64.91,3,2025-04-19T10:47:21Z,2025-04-26T06:25:27Z,2025-04-26T07:49:59Z,2025-04-26T11:09:00Z,WB-001603,True,2025-04-19T08:12:00Z,1,2
0e523b20-eb98-4810-b3a5-1ebe4c193d4c,SHP-001604,f01670fd-7e67-40e2-a811-b7ebfe8c3938,725d4259-3c4b-4eec-a231-ee7342c2d2eb,100000000,100000000,100000000,60.0,60.05,3,2025-05-31T08:58:05Z,2025-06-03T07:12:12Z,2025-06-03T08:01:18Z,2025-06-03T13:07:00Z,WB-001604,False,2025-05-31T05:44:00Z,1,2
27f24103-053f-4594-ad04-050e93a44d4a,SHP-001605,b50ac811-f4ce-4a21-b79b-8fb1512a0a4f,725d4259-3c4b-4eec-a231-ee7342c2d2eb,100000000,100000000,100000001,245.0,245.78,11,2025-07-05T07:56:43Z,2025-07-07T05:05:13Z,2025-07-07T06:42:37Z,2025-07-07T11:59:00Z,WB-001605,True,2025-07-05T07:41:00Z,1,2
6ebe1a19-c196-4472-815a-965d4a192ced,SHP-001606,85ca1dad-5468-4881-b2e1-47aeeadfd279,725d4259-3c4b-4eec-a231-ee7342c2d2eb,100000000,100000000,100000003,150.0,150.3,7,2025-10-27T11:46:26Z,2025-10-28T07:28:11Z,2025-10-28T07:53:24Z,2025-10-28T12:36:00Z,WB-001606,True,2025-10-27T10:46:00Z,1,2
8689b772-5e13-4e30-a777-4f6c68efbf44,SHP-001607,45bdd673-d3ff-4c95-971a-0eaf422a4cca,725d4259-3c4b-4eec-a231-ee7342c2d2eb,100000000,100000000,100000002,135.0,135.12,6,2025-10-18T12:36:21Z,2025-10-22T03:07:35Z,2025-10-22T05:00:40Z,2025-10-22T08:34:00Z,WB-001607,False,2025-10-18T11:00:00Z,1,2
d1325881-043c-4da2-8cd3-36928c3b49b1,SHP-001608,c25831db-cd1b-41f8-9e04-3ce4c153c0fb,725d4259-3c4b-4eec-a231-ee7342c2d2eb,100000000,100000000,100000000,290.0,290.99,13,2025-12-23T12:05:31Z,2025-12-27T05:02:09Z,2025-12-27T06:17:09Z,2025-12-27T11:22:00Z,WB-001608,True,2025-12-23T09:16:00Z,1,2
b8562696-0c35-467d-8d51-7b525932a7d1,SHP-001609,a7bbb1f4-d82d-4fb2-9708-94807309ded8,546252e7-f43b-4052-8459-bd6ec0f63229,100000002,100000000,100000000,95.0,95.48,4,2024-08-13T07:01:07Z,2024-08-15T04:37:33Z,2024-08-15T06:22:28Z,2024-08-15T12:10:00Z,WB-001609,True,2024-08-13T07:03:00Z,1,2
54480c1a-0afc-45ff-b74a-5247d52dbf2c,SHP-001610,1af0d2e3-f637-4d33-b02b-de19821df017,546252e7-f43b-4052-8459-bd6ec0f63229,100000002,100000000,100000000,165.0,166.02,7,2024-11-09T08:18:31Z,2024-11-11T21:38:53Z,2024-11-11T23:08:00Z,2024-11-12T04:39:00Z,WB-001610,True,2024-11-09T07:45:00Z,1,2
43e28bb4-02cd-4ef4-bdaf-fc87fc122555,SHP-001611,6239a01d-dd48-4f19-815a-9eee21d628c4,546252e7-f43b-4052-8459-bd6ec0f63229,100000002,100000000,100000003,85.0,84.79,4,2024-10-12T12:52:15Z,2024-10-12T22:47:10Z,2024-10-13T00:32:43Z,2024-10-13T08:30:00Z,WB-001611,True,2024-10-12T12:53:00Z,1,2
e990f0a5-86e4-4f8f-ad31-3347d6bfd192,SHP-001612,afadcfa7-4d97-4af4-9b4a-9bfddb477e38,546252e7-f43b-4052-8459-bd6ec0f63229,100000002,100000000,100000000,120.0,120.35,5,2024-12-21T13:34:12Z,2024-12-27T20:00:21Z,2024-12-27T20:50:13Z,2024-12-28T06:37:00Z,WB-001612,True,2024-12-21T14:05:00Z,1,2
d409c6ad-562f-413a-9f50-4e3f3d3da879,SHP-001613,8aa1554e-a85c-456f-8913-9fd440de858e,546252e7-f43b-4052-8459-bd6ec0f63229,100000002,100000000,100000000,125.0,124.34,6,2025-09-29T06:46:31Z,2025-10-01T22:53:01Z,2025-10-01T23:46:52Z,2025-10-02T10:49:00Z,WB-001613,False,2025-09-29T06:31:00Z,1,2
31df8c2d-4caf-456d-b91d-1117c47eafd8,SHP-001614,ae27dec2-f236-46d0-9400-e717f93911c9,92a81713-b90e-444b-951c-25d54d4c5280,100000000,100000000,100000001,150.0,149.73,7,2024-09-22T09:42:24Z,2024-09-22T18:43:07Z,2024-09-22T19:56:45Z,2024-09-23T05:08:00Z,WB-001614,True,2024-09-22T09:32:00Z,1,2
4ce76c39-fa2b-4439-9fcd-c57ea5eafbf1,SHP-001615,f11cf439-d51d-4ec2-adb8-f4959b995fbf,92a81713-b90e-444b-951c-25d54d4c5280,100000000,100000001,100000000,220.0,219.68,10,2025-03-26T13:10:41Z,2025-03-29T02:36:52Z,2025-03-29T03:20:53Z,2025-03-29T09:49:00Z,WB-001615,True,2025-03-22T06:12:00Z,1,2
d21a9761-c960-410f-a55a-ecfeb6f132e2,SHP-001616,79dba478-011b-4e10-bd09-cf17aac5f641,92a81713-b90e-444b-951c-25d54d4c5280,100000000,100000000,100000000,25.0,24.96,2,2025-04-14T10:57:02Z,2025-04-14T18:15:32Z,2025-04-14T20:04:36Z,2025-04-15T04:52:00Z,WB-001616,True,2025-04-14T09:56:00Z,1,2
6a585c1b-5fed-4b65-9af2-f1b482a152db,SHP-001617,4029ac0a-d37d-4f42-b9c3-6335c7cbf08f,92a81713-b90e-444b-951c-25d54d4c5280,100000000,100000000,100000002,70.0,70.2,3,2025-09-01T13:02:46Z,2025-09-04T00:05:34Z,2025-09-04T01:04:17Z,2025-09-04T04:52:00Z,WB-001617,True,2025-09-01T10:00:00Z,1,2
fd9c9c54-c133-432b-96d3-ca950e967e0c,SHP-001618,31675b2e-01c4-453f-84c3-f2fb2bce66c6,92a81713-b90e-444b-951c-25d54d4c5280,100000000,100000001,100000001,80.0,79.94,4,2026-01-26T20:26:02Z,2026-01-28T21:40:48Z,2026-01-28T23:08:38Z,2026-01-29T04:36:00Z,WB-001618,True,2026-01-22T12:19:00Z,1,2
ee67ae8d-2e51-4daf-b19b-ae0173b09708,SHP-001619,3fb7bc3f-83a6-4b01-b1d6-c468a1893042,92a81713-b90e-444b-951c-25d54d4c5280,100000000,100000001,100000002,165.0,166.37,7,2026-06-11T14:15:09Z,2026-06-13T04:09:40Z,2026-06-13T05:16:12Z,2026-06-13T10:36:00Z,WB-001619,True,2026-06-08T11:52:00Z,1,2
42b577d5-4de9-4300-a3ea-ea37c744d4ad,SHP-001620,8792c242-87d9-4b81-999e-ba9a9c8ca133,5c0b9b10-a757-4b10-82f5-25b902ed73ce,100000000,100000000,100000002,95.0,94.8,4,2024-09-28T11:45:25Z,2024-09-30T05:11:44Z,2024-09-30T06:15:16Z,2024-09-30T11:02:00Z,WB-001620,True,2024-09-28T09:06:00Z,1,2
041f19ad-ec0d-4758-94ea-d9ad4f80628d,SHP-001621,b4608083-3384-4cca-a4e8-b4932c5df9ff,28e333b6-4e8a-4c4b-b724-20411e43fbd2,100000000,100000000,100000001,145.0,144.42,7,2024-11-09T08:20:02Z,2024-11-16T03:24:10Z,2024-11-16T04:51:20Z,2024-11-16T09:14:00Z,WB-001621,True,2024-11-09T05:47:00Z,1,2
bbe43f2f-d58b-490e-b4cc-557bddbb031f,SHP-001622,3f25f8f7-0444-4bf0-9909-8de91b359d99,28e333b6-4e8a-4c4b-b724-20411e43fbd2,100000000,100000000,100000001,135.0,135.03,6,2025-01-16T13:21:51Z,2025-01-18T05:46:25Z,2025-01-18T06:28:34Z,2025-01-18T10:58:00Z,WB-001622,True,2025-01-16T10:27:00Z,1,2
7b079808-b99b-4bb0-b0f0-3fb8682a0b1b,SHP-001623,18528e81-c688-47f1-9973-95a51bf39e93,28e333b6-4e8a-4c4b-b724-20411e43fbd2,100000000,100000000,100000000,105.0,104.72,5,2025-05-29T08:42:22Z,2025-06-03T01:08:37Z,2025-06-03T02:31:16Z,2025-06-03T06:39:00Z,WB-001623,True,2025-05-29T06:12:00Z,1,2
5364f14b-e2ec-45dd-8065-bdcfbf29452f,SHP-001624,954380e5-42e5-48b7-824f-cb25fd3c18af,28e333b6-4e8a-4c4b-b724-20411e43fbd2,100000000,100000000,100000000,105.0,104.47,5,2025-05-28T12:32:26Z,2025-05-31T02:22:44Z,2025-05-31T03:38:57Z,2025-05-31T09:11:00Z,WB-001624,True,2025-05-28T09:43:00Z,1,2
1e5f8454-7852-41c9-9d57-322387a11870,SHP-001625,afd8679d-eb3b-4585-aa5d-b59e060e2426,28e333b6-4e8a-4c4b-b724-20411e43fbd2,100000000,100000000,100000001,120.0,119.98,5,2025-06-09T14:41:02Z,2025-06-16T06:02:38Z,2025-06-16T07:55:51Z,2025-06-16T11:33:00Z,WB-001625,True,2025-06-09T14:18:00Z,1,2
2a2359de-6869-407e-8c62-7095dd28a201,SHP-001626,873dbe70-e10a-42aa-9e33-f30eb9eaffec,28e333b6-4e8a-4c4b-b724-20411e43fbd2,100000000,100000000,100000003,70.0,69.94,3,2025-08-02T13:06:50Z,2025-08-02T22:36:51Z,2025-08-03T00:16:40Z,2025-08-03T07:10:00Z,WB-001626,True,2025-08-02T12:35:00Z,1,2
db51decc-0080-407e-9dd1-719824fdcc90,SHP-001627,0aa2564b-9108-499f-88ef-e83c95582a9a,28e333b6-4e8a-4c4b-b724-20411e43fbd2,100000000,100000000,100000001,170.0,170.15,8,2025-11-29T13:06:25Z,2025-12-02T23:46:42Z,2025-12-03T00:50:36Z,2025-12-03T06:39:00Z,WB-001627,True,2025-11-29T12:51:00Z,1,2
d7d8c3c6-5f16-4f0c-a267-046f578c1e16,SHP-001628,8aa95959-b178-4e24-9714-d7dca394282c,28e333b6-4e8a-4c4b-b724-20411e43fbd2,100000000,100000001,100000001,160.0,160.27,7,2026-02-12T22:02:23Z,2026-02-15T00:28:26Z,2026-02-15T00:54:33Z,2026-02-15T05:13:00Z,WB-001628,True,2026-02-09T08:21:00Z,1,2
96c6079c-6c33-4c7f-b4a9-d447170f1ca4,SHP-001629,674ee276-c240-4c45-a1d2-e0e4af76bd01,73253aa3-ec17-4298-943d-f5b3a58e83dd,100000005,100000000,100000000,100.0,99.31,5,2026-02-02T10:22:33Z,2026-02-07T00:37:33Z,2026-02-07T02:16:00Z,2026-02-07T06:45:00Z,WB-001629,True,2026-02-02T10:08:00Z,1,2
762c0066-c832-4ff9-a6b4-fab2ca013137,SHP-001630,34da5a8e-5e28-40be-8d0a-f5ead2be0cc8,73253aa3-ec17-4298-943d-f5b3a58e83dd,100000005,100000000,100000000,15.0,14.98,1,2026-05-09T07:43:16Z,2026-05-10T05:17:32Z,2026-05-10T06:22:45Z,2026-05-10T10:52:00Z,WB-001630,True,2026-05-09T07:31:00Z,1,2
87924578-1dc4-454e-98c3-4ec3229d4add,SHP-001631,043b4ffb-4df3-485b-86ee-d615d8662daa,3ee82983-d557-4241-91dd-b9bf613d2de9,100000000,100000000,100000000,65.0,65.12,3,2025-02-20T11:28:45Z,2025-02-24T23:40:48Z,2025-02-25T00:15:24Z,2025-02-25T05:15:00Z,WB-001631,True,2025-02-20T08:25:00Z,1,2
034bea44-4848-4297-8cd1-422ef35c733a,SHP-001632,c5469269-85ad-4286-92a4-c7c02a6056e3,3ee82983-d557-4241-91dd-b9bf613d2de9,100000000,100000001,100000001,90.0,90.37,4,2025-06-10T12:08:52Z,2025-06-11T04:05:06Z,2025-06-11T05:54:52Z,2025-06-11T10:34:00Z,WB-001632,True,2025-06-07T07:53:00Z,1,2
cf3533df-f674-43f6-a953-d13a3428e3e3,SHP-001633,9c3e573e-b64e-4f3d-b732-ffd9b1508dcc,3ee82983-d557-4241-91dd-b9bf613d2de9,100000000,100000001,100000001,55.0,54.75,3,2025-08-11T00:06:08Z,2025-08-12T01:33:25Z,2025-08-12T01:59:00Z,2025-08-12T05:21:00Z,WB-001633,True,2025-08-06T05:27:00Z,1,2
6994a3ca-abdc-40b9-b9a0-aed07f64f774,SHP-001634,836f19f9-b8fd-4885-93a3-2ed3ab20078d,3ee82983-d557-4241-91dd-b9bf613d2de9,100000000,100000000,100000000,40.0,39.89,2,2026-06-22T13:38:49Z,2026-06-27T01:48:17Z,2026-06-27T03:19:56Z,2026-06-27T07:28:00Z,WB-001634,True,2026-06-22T11:29:00Z,1,2
dbbaf71c-a989-46d1-89d0-0202ca2af4e4,SHP-001635,318511a1-eefd-45de-b093-c600ca41b5f8,16591c89-21eb-4aa9-9a2b-d69c450f69ee,100000003,100000000,100000003,40.0,40.13,2,2025-05-19T07:06:56Z,2025-05-20T02:36:45Z,2025-05-20T04:12:34Z,2025-05-20T09:15:00Z,WB-001635,True,2025-05-19T06:01:00Z,1,2
704418b7-1712-45b0-a67f-df0b63e0fe86,SHP-001636,f4250f6c-afec-427f-8c3e-d9d1bb771ea4,16591c89-21eb-4aa9-9a2b-d69c450f69ee,100000003,100000001,100000000,25.0,25.1,2,2025-06-10T12:10:23Z,2025-06-10T23:53:24Z,2025-06-11T01:21:04Z,2025-06-11T06:38:00Z,WB-001636,True,2025-06-07T09:43:00Z,1,2
31d7a7a2-9461-4817-86a0-6c4f21752682,SHP-001637,5a0b28fa-5dbf-4d10-9de3-491766c1b339,16591c89-21eb-4aa9-9a2b-d69c450f69ee,100000003,100000000,100000001,70.0,69.98,3,2026-02-18T10:41:15Z,2026-02-21T01:25:51Z,2026-02-21T02:17:04Z,2026-02-21T07:45:00Z,WB-001637,True,2026-02-18T07:46:00Z,1,2
76eb16ac-2849-4a9b-9e9f-a874576524b6,SHP-001638,b6e9aadc-e891-4063-974a-7583b31e9ccf,16591c89-21eb-4aa9-9a2b-d69c450f69ee,100000003,100000000,100000000,55.0,55.06,3,2026-05-17T15:04:37Z,2026-05-21T03:11:45Z,2026-05-21T04:24:05Z,2026-05-21T12:00:00Z,WB-001638,True,2026-05-17T13:41:00Z,1,2
8c9792bd-dc6c-421b-a266-a23a5e53bff8,SHP-001639,8ed6d05f-67ba-4f31-bfa1-d57c23338d53,7317591a-3283-4aa4-a212-ab7c9d361cb6,100000002,100000000,100000000,75.0,74.65,4,2025-09-20T12:52:42Z,2025-09-23T20:45:29Z,2025-09-23T22:18:32Z,2025-09-24T06:23:00Z,WB-001639,True,2025-09-20T12:12:00Z,1,2
f43e3464-f76a-40f3-b20c-b2a4c984bf53,SHP-001640,ff3d0c81-7a25-48b3-b310-c638facffd4b,7317591a-3283-4aa4-a212-ab7c9d361cb6,100000002,100000000,100000002,30.0,30.2,2,2025-10-14T10:06:59Z,2025-10-15T00:14:44Z,2025-10-15T01:26:31Z,2025-10-15T07:35:00Z,WB-001640,True,2025-10-14T08:38:00Z,1,2
28f86129-e94c-49cf-bbfc-07e92fa87ed2,SHP-001641,7692f56a-4c44-444e-b731-71dd3ec34024,502cf0ee-224a-46a6-ac0f-680115b24e1d,100000003,100000000,100000001,60.0,59.92,3,2025-01-05T14:15:25Z,2025-01-06T00:32:57Z,2025-01-06T01:15:27Z,2025-01-06T11:27:00Z,WB-001641,True,2025-01-05T13:30:00Z,1,2
7274384d-62c7-4444-a17e-1facc512705a,SHP-001642,f25c070d-972f-4019-a4f0-97abd04d4c7c,502cf0ee-224a-46a6-ac0f-680115b24e1d,100000003,100000000,100000000,65.0,64.91,3,2024-12-31T08:50:46Z,2025-01-01T23:06:19Z,2025-01-01T23:31:35Z,2025-01-02T05:57:00Z,WB-001642,True,2024-12-31T07:11:00Z,1,2
5b3b99ca-8869-426a-8174-c71ac4756ffd,SHP-001643,6a7ee18d-3dc6-44e0-93be-361fa151f14b,502cf0ee-224a-46a6-ac0f-680115b24e1d,100000003,100000000,100000002,150.0,150.37,7,2025-04-24T12:37:10Z,2025-04-26T00:32:04Z,2025-04-26T02:13:54Z,2025-04-26T08:40:00Z,WB-001643,False,2025-04-24T11:50:00Z,1,2
87e80bd5-3579-468e-af37-f1540d0b3386,SHP-001644,c4aef437-8611-468b-b912-e9e17f18758d,502cf0ee-224a-46a6-ac0f-680115b24e1d,100000003,100000000,100000000,65.0,64.97,3,2025-04-26T10:34:06Z,2025-04-28T23:12:04Z,2025-04-29T00:02:04Z,2025-04-29T04:56:00Z,WB-001644,True,2025-04-26T07:13:00Z,1,2
8c2227ba-7f34-4cf1-974f-1392d4b4d525,SHP-001645,434492bf-9949-4957-8e9a-d14fee74eac4,502cf0ee-224a-46a6-ac0f-680115b24e1d,100000003,100000000,100000002,55.0,55.19,3,2025-10-07T08:01:00Z,2025-10-12T22:14:10Z,2025-10-12T23:33:46Z,2025-10-13T07:25:00Z,WB-001645,True,2025-10-07T07:12:00Z,1,2
727e532a-2930-4d70-9579-cae8d285162c,SHP-001646,4f8ed80d-2ad3-41c4-9343-c71a2aff53ea,502cf0ee-224a-46a6-ac0f-680115b24e1d,100000003,100000001,100000001,90.0,89.99,4,2026-03-18T03:44:47Z,2026-03-19T02:22:59Z,2026-03-19T02:54:46Z,2026-03-19T09:29:00Z,WB-001646,True,2026-03-14T12:34:00Z,1,2
cb8a84fc-4d42-4339-9b2a-a3fae153c264,SHP-001647,e908b131-5a25-48d2-8dad-7a1623eddb48,502cf0ee-224a-46a6-ac0f-680115b24e1d,100000003,100000000,100000000,70.0,70.1,3,2026-06-07T14:37:40Z,2026-06-11T03:15:30Z,2026-06-11T03:41:34Z,2026-06-11T10:40:00Z,WB-001647,True,2026-06-07T13:09:00Z,1,2
361cbc75-2e2a-486e-9123-b0d62377c23d,SHP-001648,21db0352-d052-4951-baf5-231576a6bbe0,17e52113-4626-43be-a068-8849eec71a30,100000000,100000000,100000000,200.0,200.67,9,2025-03-02T11:55:56Z,2025-03-04T18:22:31Z,2025-03-04T20:15:37Z,2025-03-05T06:31:00Z,WB-001648,True,2025-03-02T11:48:00Z,1,2
c059232e-7a4f-4d36-bc5b-ca8b9e265034,SHP-001649,551b950e-1264-47b5-96dc-ac3ab6f104c0,17e52113-4626-43be-a068-8849eec71a30,100000000,100000000,100000000,25.0,24.94,2,2025-12-13T12:57:21Z,2025-12-14T18:01:33Z,2025-12-14T18:53:18Z,2025-12-15T07:27:00Z,WB-001649,True,2025-12-13T11:22:00Z,1,2
15e2275b-544c-4fd5-a591-bae7baa95fd4,SHP-001650,a9725584-bd2a-478b-9730-15bae17c2182,17e52113-4626-43be-a068-8849eec71a30,100000000,100000000,100000002,45.0,44.89,2,2026-01-13T10:22:14Z,2026-01-13T20:24:12Z,2026-01-13T21:09:30Z,2026-01-14T08:47:00Z,WB-001650,True,2026-01-13T07:17:00Z,1,2
ca968261-e2ed-4a68-b7a4-01461e55627d,SHP-001651,e1a3be1f-7f7e-4c13-970f-b9f9dc883d5d,9c3de1b0-022b-4683-9033-da6587cf63fd,100000004,100000000,100000000,50.0,49.85,3,2026-01-07T05:34:38Z,2026-01-11T04:03:59Z,2026-01-11T04:30:43Z,2026-01-11T08:48:00Z,WB-001651,True,2026-01-07T05:41:00Z,1,2
0c46cb9d-fd71-49f1-b0bf-7e143e28def9,SHP-001652,7605569b-bffe-44bf-a2b5-134678f73296,965d744f-0445-41a8-92af-97e4c536c66e,100000000,100000001,100000002,230.0,229.08,10,2025-10-17T05:12:45Z,2025-10-18T22:31:47Z,2025-10-18T23:20:54Z,2025-10-19T06:30:00Z,WB-001652,True,2025-10-12T13:36:00Z,1,2
30c529ff-a2bf-4cd6-81eb-7f0269ab547a,SHP-001653,f8a659ce-62a6-4f50-92d5-0d8e8f3cff37,965d744f-0445-41a8-92af-97e4c536c66e,100000000,100000000,100000002,45.0,44.83,2,2025-10-18T07:51:54Z,2025-10-20T05:27:22Z,2025-10-20T07:06:02Z,2025-10-20T12:28:00Z,WB-001653,True,2025-10-18T06:18:00Z,1,2
39a7e7ea-4a71-4764-a960-7fcf78efa08f,SHP-001654,9061735c-22bd-45ff-a8a1-a68b0a0f7788,89a3c811-895c-4fde-a3fa-40691519fd38,100000000,100000000,100000000,25.0,24.94,2,2024-12-28T06:30:25Z,2025-01-01T04:45:42Z,2025-01-01T06:41:33Z,2025-01-01T12:44:00Z,WB-001654,True,2024-12-28T06:18:00Z,1,2
ec817fe5-6b57-4187-9a20-43fe01e6345e,SHP-001655,09c16d21-f90c-4094-b090-560cb294cc46,89a3c811-895c-4fde-a3fa-40691519fd38,100000000,100000000,100000000,30.0,29.99,2,2025-03-08T13:36:29Z,2025-03-11T02:13:29Z,2025-03-11T03:10:09Z,2025-03-11T07:30:00Z,WB-001655,True,2025-03-08T11:20:00Z,1,2
dfeacdb7-de08-483a-81d4-c074e85977d7,SHP-001656,c60d977f-4dcd-494b-aedc-b67be8fb6418,89a3c811-895c-4fde-a3fa-40691519fd38,100000000,100000001,100000000,10.0,9.98,1,2025-09-04T07:30:01Z,2025-09-06T03:57:39Z,2025-09-06T05:20:48Z,2025-09-06T08:47:00Z,WB-001656,True,2025-09-01T12:33:00Z,1,2
674c50c0-ef02-46a8-9d78-3d5c144dee96,SHP-001657,cb76e3b1-b6b2-4a90-bfa0-2b11a9405b73,89a3c811-895c-4fde-a3fa-40691519fd38,100000000,100000001,100000002,30.0,29.87,2,2025-10-07T16:21:38Z,2025-10-09T00:18:35Z,2025-10-09T01:52:59Z,2025-10-09T06:13:00Z,WB-001657,True,2025-10-04T04:39:00Z,1,2
50dc19d7-5b13-4293-9211-471e75392409,SHP-001658,e3e038fe-246e-4610-8a9b-d6b60c580da8,89a3c811-895c-4fde-a3fa-40691519fd38,100000000,100000000,100000002,30.0,30.05,2,2026-03-31T12:52:32Z,2026-04-05T21:59:13Z,2026-04-05T23:37:52Z,2026-04-06T04:43:00Z,WB-001658,False,2026-03-31T10:07:00Z,1,2
1bf23752-0a90-4ad0-9cd2-635468c52f2e,SHP-001659,c9e891e2-efe4-416b-b240-5094cdefe4f3,89a3c811-895c-4fde-a3fa-40691519fd38,100000000,100000000,100000000,30.0,29.97,2,2026-05-17T10:03:41Z,2026-05-23T23:50:58Z,2026-05-24T00:40:45Z,2026-05-24T05:48:00Z,WB-001659,True,2026-05-17T07:47:00Z,1,2
794de3f1-cf1f-4f7f-8330-5663391c9dc0,SHP-001660,6fc0a6cc-da17-4a81-ade3-412593425c29,89a3c811-895c-4fde-a3fa-40691519fd38,100000000,100000000,100000000,55.0,54.76,3,2026-05-09T14:21:47Z,2026-05-16T02:17:03Z,2026-05-16T03:13:40Z,2026-05-16T09:53:00Z,WB-001660,True,2026-05-09T13:02:00Z,1,2
dbcc481e-e7c6-4d7a-8f93-aedec4804160,SHP-001661,924effed-fd7e-4bf7-823b-6fff5817132d,89a3c811-895c-4fde-a3fa-40691519fd38,100000000,100000001,100000000,40.0,40.02,2,2026-06-08T00:09:26Z,2026-06-09T05:36:05Z,2026-06-09T07:11:01Z,2026-06-09T12:15:00Z,WB-001661,True,2026-06-02T12:15:00Z,1,2
3be747d8-1dac-42ee-a669-d66bd0c33ea3,SHP-001662,0f65a689-283d-4f4d-ab07-35c9b0bfec99,c6a07656-c5c9-4b91-bf6e-f9ed7e4ce29f,100000003,100000000,100000000,85.0,84.39,4,2025-02-18T09:50:53Z,2025-02-19T18:52:58Z,2025-02-19T20:40:12Z,2025-02-20T07:28:00Z,WB-001662,False,2025-02-18T06:53:00Z,1,2
ef3e7cbb-f655-4973-975c-4b0c89550c08,SHP-001663,16ce0361-94d9-416c-976e-ba2633677e42,c6a07656-c5c9-4b91-bf6e-f9ed7e4ce29f,100000003,100000000,100000000,75.5,75.47,4,2025-11-03T06:32:56Z,2025-11-05T22:20:01Z,2025-11-05T23:51:19Z,2025-11-06T06:00:00Z,WB-001663,True,2025-11-03T06:28:00Z,1,2
1f5cb618-3206-443c-a35a-19ced4219d5f,SHP-001664,3af68585-a8c6-44d5-b964-a9c2191c60eb,bcf2fc3b-d958-44c2-a053-8c1ba84510a1,100000001,100000000,100000000,150.0,149.47,7,2025-01-20T07:47:26Z,2025-01-20T19:57:40Z,2025-01-20T21:09:15Z,2025-01-21T06:59:00Z,WB-001664,True,2025-01-20T06:48:00Z,1,2
6493ff64-9f85-43b3-b9be-39f01563f6d5,SHP-001665,f2b71968-b8a6-43e2-b81a-3cdf878e0acf,bcf2fc3b-d958-44c2-a053-8c1ba84510a1,100000001,100000000,100000000,105.0,104.75,5,2025-04-09T07:30:50Z,2025-04-09T20:50:09Z,2025-04-09T21:41:48Z,2025-04-10T11:37:00Z,WB-001665,True,2025-04-09T05:13:00Z,1,2
9020d64d-ec1b-409b-b361-84ea6e77cda6,SHP-001666,5851a8b0-4680-450f-8bac-bebbcf1620c2,bcf2fc3b-d958-44c2-a053-8c1ba84510a1,100000001,100000000,100000000,45.0,44.99,2,2025-04-21T10:47:57Z,2025-04-25T19:13:26Z,2025-04-25T20:53:16Z,2025-04-26T08:41:00Z,WB-001666,False,2025-04-21T08:32:00Z,1,2
374b517f-1056-47b6-a83d-2275b74c2883,SHP-001667,7dc694e1-0227-47d7-86c9-9ea210e26b5d,bcf2fc3b-d958-44c2-a053-8c1ba84510a1,100000001,100000000,100000002,65.0,65.08,3,2025-08-18T12:39:43Z,2025-08-24T15:54:42Z,2025-08-24T17:21:46Z,2025-08-25T10:43:00Z,WB-001667,True,2025-08-18T10:19:00Z,1,2
6829de00-f4e2-4747-8206-de376725a7a3,SHP-001668,413c7087-fa6a-4566-b3cb-a5c37802c120,bcf2fc3b-d958-44c2-a053-8c1ba84510a1,100000001,100000000,100000000,50.0,49.91,3,2025-10-12T10:58:21Z,2025-10-14T12:31:01Z,2025-10-14T13:37:37Z,2025-10-15T05:06:00Z,WB-001668,True,2025-10-12T08:57:00Z,1,2
7157171e-9eda-494e-9b1b-1a68b2624184,SHP-001669,062ba484-0af3-404c-ba8f-bddecf8faafe,73e7f042-516c-4b0a-9385-3918bc4015fa,100000001,100000000,100000000,30.0,29.99,2,2025-02-01T14:42:12Z,2025-02-04T06:50:43Z,2025-02-04T08:25:10Z,2025-02-04T12:57:00Z,WB-001669,True,2025-02-01T13:14:00Z,1,2
29d8d522-7365-43de-910f-399a95a70ac5,SHP-001670,f1f008a6-7bb1-41a4-bfca-0c6001fc79e4,73e7f042-516c-4b0a-9385-3918bc4015fa,100000001,100000000,100000000,50.0,50.04,3,2025-03-30T08:33:42Z,2025-04-05T05:58:02Z,2025-04-05T06:39:39Z,2025-04-05T11:34:00Z,WB-001670,True,2025-03-30T07:27:00Z,1,2
1c9e96eb-2995-453b-9a26-834c6d817d05,SHP-001671,cf6a362a-635f-4936-ac9d-4cfb9c581670,73e7f042-516c-4b0a-9385-3918bc4015fa,100000001,100000000,100000000,25.0,25.04,2,2025-08-30T10:02:42Z,2025-09-03T00:55:59Z,2025-09-03T02:43:43Z,2025-09-03T07:04:00Z,WB-001671,True,2025-08-30T09:13:00Z,1,2
129037ff-2e77-4d0a-814f-c9e33d7133f2,SHP-001672,b43d5556-a006-48c3-bb7a-f318156feb46,73e7f042-516c-4b0a-9385-3918bc4015fa,100000001,100000000,100000000,29.5,29.58,2,2025-11-09T11:09:49Z,2025-11-15T03:09:29Z,2025-11-15T04:25:13Z,2025-11-15T08:44:00Z,WB-001672,True,2025-11-09T07:50:00Z,1,2
e3445058-2c2f-4c88-bea0-8d541df266a5,SHP-001673,ee46e719-6fc3-4cc9-acce-00014f4f4aa3,73b0d676-3527-45c8-8534-ca08f6f24d1c,100000002,100000000,100000000,110.0,109.98,5,2026-03-08T13:42:13Z,2026-03-11T22:26:39Z,2026-03-12T00:09:49Z,2026-03-12T05:21:00Z,WB-001673,True,2026-03-08T12:27:00Z,1,2
51a46460-38dc-4502-9308-488e70c9378e,SHP-001674,74cbc159-8aab-42dc-b947-1382ecdae180,73b0d676-3527-45c8-8534-ca08f6f24d1c,100000002,100000000,100000000,80.0,78.95,4,2026-05-23T08:54:41Z,2026-05-24T22:36:38Z,2026-05-25T00:29:42Z,2026-05-25T10:26:00Z,WB-001674,True,2026-05-23T06:31:00Z,1,2
135fff9c-ab8e-49d8-97a4-e36c69816e92,SHP-001675,9c83c74f-eeba-4b57-8698-80a87590596a,453b45fe-636c-4499-9254-aad3809cd839,100000003,100000000,100000000,75.0,74.93,4,2025-11-26T10:15:43Z,2025-11-30T22:31:22Z,2025-12-01T00:24:09Z,2025-12-01T07:58:00Z,WB-001675,True,2025-11-26T08:13:00Z,1,2
8571fc36-ce31-4456-92fd-cce5b95b08e6,SHP-001676,7d4b3956-bfb9-4fc3-a818-14f80c1d0a29,453b45fe-636c-4499-9254-aad3809cd839,100000003,100000000,100000000,120.0,120.41,5,2026-04-28T06:49:55Z,2026-05-02T06:59:49Z,2026-05-02T08:44:21Z,2026-05-02T13:18:00Z,WB-001676,True,2026-04-28T06:48:00Z,1,2
41bb37ca-f960-47b9-86db-b55c87896110,SHP-001677,19bd3241-3f3c-412c-b283-48973ae5f54b,bcaff931-ead1-4464-8a8e-858cd0f81063,100000001,100000001,100000002,80.5,80.51,4,2025-01-01T21:10:25Z,2025-01-04T02:25:01Z,2025-01-04T03:50:11Z,2025-01-04T06:39:00Z,WB-001677,True,2024-12-29T07:44:00Z,1,2
f2fba2ab-e098-4445-831a-aa247899289d,SHP-001678,3cfa4ba3-6f3a-4c95-b456-0393c14d4599,bcaff931-ead1-4464-8a8e-858cd0f81063,100000001,100000000,100000001,120.0,120.02,5,2025-02-08T08:26:00Z,2025-02-09T04:24:23Z,2025-02-09T05:22:41Z,2025-02-09T10:24:00Z,WB-001678,True,2025-02-08T07:29:00Z,1,2
0ac26b49-c983-4f2a-a4ef-bdd859c54b69,SHP-001679,b630189d-7d62-4dfc-9b64-2fc56479a9e1,bcaff931-ead1-4464-8a8e-858cd0f81063,100000001,100000000,100000003,105.0,104.99,5,2025-02-08T16:25:57Z,2025-02-09T01:38:44Z,2025-02-09T03:01:28Z,2025-02-09T05:47:00Z,WB-001679,True,2025-02-08T13:10:00Z,1,2
a35486a7-0c23-4d55-8cbd-79c0ecd58a76,SHP-001680,6bc6f5e3-b0e6-4b69-b725-2a1a5d1de162,bcaff931-ead1-4464-8a8e-858cd0f81063,100000001,100000000,100000001,70.0,69.78,3,2025-04-03T09:14:35Z,2025-04-07T20:37:23Z,2025-04-07T21:23:01Z,2025-04-08T05:10:00Z,WB-001680,True,2025-04-03T09:09:00Z,1,2
069531ed-e964-476c-be16-b0ae4d540835,SHP-001681,fd49c383-43d9-4f8b-90e9-2eaacfb87add,bcaff931-ead1-4464-8a8e-858cd0f81063,100000001,100000000,100000000,210.0,209.05,9,2025-09-08T10:13:01Z,2025-09-10T23:10:01Z,2025-09-11T00:54:41Z,2025-09-11T05:26:00Z,WB-001681,True,2025-09-08T09:06:00Z,1,2
c66c2b3e-55f9-4b0a-857c-eb4b6560c3f1,SHP-001682,def1c799-9cdf-48fd-95cc-89b0067e6df1,bcaff931-ead1-4464-8a8e-858cd0f81063,100000001,100000000,100000001,275.0,274.96,12,2026-05-30T07:57:43Z,2026-06-01T03:23:56Z,2026-06-01T03:58:24Z,2026-06-01T08:02:00Z,WB-001682,False,2026-05-30T07:40:00Z,1,2
0805925b-dc13-4ae4-8802-d15899155477,SHP-001683,2727d9b6-bd02-4f07-b6b1-4fe60b79465f,7a5d7c82-86c5-447c-851a-00393803dcee,100000000,100000000,100000002,35.0,35.1,2,2025-03-29T11:07:38Z,2025-03-31T03:18:46Z,2025-03-31T04:10:31Z,2025-03-31T08:29:00Z,WB-001683,True,2025-03-29T11:23:00Z,1,2
a803fb1d-d12c-48c9-8821-9ec277cec75d,SHP-001684,cc09a180-55cc-432f-91b2-f245a0ab95c8,7a5d7c82-86c5-447c-851a-00393803dcee,100000000,100000000,100000000,85.0,85.02,4,2025-08-20T16:44:17Z,2025-08-27T04:07:03Z,2025-08-27T05:57:47Z,2025-08-27T10:21:00Z,WB-001684,True,2025-08-20T13:25:00Z,1,2
1899a5dc-ca04-4a7c-8120-2075c3102a5c,SHP-001685,d47f2c4a-92cd-4832-ac55-06b48c137f12,485f7888-1e23-4a4b-9e21-741fb8011026,100000000,100000000,100000000,55.0,55.07,3,2024-11-27T05:19:00Z,2024-11-28T05:44:47Z,2024-11-28T06:15:07Z,2024-11-28T10:35:00Z,WB-001685,True,2024-11-27T04:57:00Z,1,2
0677828f-e2c4-488e-b889-2a90c238e20b,SHP-001686,6d2c0242-1dac-437f-98c0-99b3e201f732,485f7888-1e23-4a4b-9e21-741fb8011026,100000000,100000000,100000001,25.0,24.97,2,2025-12-16T10:35:56Z,2025-12-17T04:28:00Z,2025-12-17T05:06:18Z,2025-12-17T11:17:00Z,WB-001686,True,2025-12-16T09:32:00Z,1,2
dee739c1-bd4e-4402-a56c-739d649960c2,SHP-001687,0c312a3d-7efd-42aa-9470-eb2c73b7a54c,485f7888-1e23-4a4b-9e21-741fb8011026,100000000,100000000,100000000,50.0,50.15,3,2026-03-28T16:12:55Z,2026-04-01T06:39:44Z,2026-04-01T07:07:09Z,2026-04-01T11:32:00Z,WB-001687,True,2026-03-28T13:15:00Z,1,2
851c9ef1-4cef-4bf5-93ca-2cc82ac9b8c9,SHP-001688,8db7620d-18bb-47ac-9e73-7e8008b93846,485f7888-1e23-4a4b-9e21-741fb8011026,100000000,100000000,100000000,60.0,59.83,3,2026-05-21T13:23:02Z,2026-05-26T03:25:39Z,2026-05-26T04:17:30Z,2026-05-26T10:57:00Z,WB-001688,True,2026-05-21T13:16:00Z,1,2
fb740c13-6ae9-4e41-bbd7-05c0b26fa7b7,SHP-001689,30d20eea-eda8-4463-a997-d36ce6b82604,485f7888-1e23-4a4b-9e21-741fb8011026,100000000,100000000,100000002,40.0,40.07,2,2026-05-25T07:23:03Z,2026-05-27T06:55:58Z,2026-05-27T07:20:43Z,2026-05-27T10:49:00Z,WB-001689,True,2026-05-25T07:18:00Z,1,2
983c1c48-34c9-4dcf-a52c-b9e32ba9ee00,SHP-001690,43ca6a87-645b-4e8f-8669-54d303bf3942,8c52d271-0a16-4e18-a90e-3e894b9c22f4,100000000,100000000,100000001,215.0,215.71,9,2024-12-01T09:15:01Z,2024-12-01T22:08:26Z,2024-12-01T22:40:12Z,2024-12-02T11:00:00Z,WB-001690,True,2024-12-01T08:35:00Z,1,2
5fd874f7-314b-4fc4-a68a-be06ae4033d3,SHP-001691,99b1482a-e7cd-4246-b92d-780ce994f6ce,1f8b4af1-96bc-432d-ac11-7babd6642fe8,100000000,100000000,100000001,70.0,70.15,3,2025-07-26T11:55:52Z,2025-07-27T22:17:09Z,2025-07-27T23:23:07Z,2025-07-28T05:34:00Z,WB-001691,True,2025-07-26T11:05:00Z,1,2
ba70987e-9ed6-4a0f-993d-f5f8a1fa6ccd,SHP-001692,f7da52ee-9f58-48cf-839c-437142b90576,1f8b4af1-96bc-432d-ac11-7babd6642fe8,100000000,100000000,100000000,85.0,85.12,4,2025-09-03T12:07:00Z,2025-09-08T20:26:20Z,2025-09-08T21:29:56Z,2025-09-09T05:48:00Z,WB-001692,True,2025-09-03T09:07:00Z,1,2
80643873-38ae-42a0-bee3-88ff2e29c533,SHP-001693,5cb4fe3a-66a9-4d42-aeac-c759b77e8788,1f8b4af1-96bc-432d-ac11-7babd6642fe8,100000000,100000001,100000000,75.0,75.49,4,2025-11-13T00:07:07Z,2025-11-15T03:08:41Z,2025-11-15T03:40:51Z,2025-11-15T07:56:00Z,WB-001693,True,2025-11-08T12:32:00Z,1,2
c9468b3f-86ec-42fe-b3cf-fb1d873babc8,SHP-001694,8b66ff0e-b63e-40d9-9918-c801320dabfd,1f8b4af1-96bc-432d-ac11-7babd6642fe8,100000000,100000000,100000000,90.0,90.15,4,2025-11-18T14:49:58Z,2025-11-22T04:33:49Z,2025-11-22T05:35:35Z,2025-11-22T11:12:00Z,WB-001694,True,2025-11-18T12:00:00Z,1,2
9cfc92cc-f8df-43ab-8272-775e462f677c,SHP-001695,ff6be918-ade5-4265-81b5-ec817616f0df,1f8b4af1-96bc-432d-ac11-7babd6642fe8,100000000,100000001,100000000,190.0,190.35,8,2026-01-06T19:44:36Z,2026-01-08T03:42:54Z,2026-01-08T05:41:06Z,2026-01-08T10:06:00Z,WB-001695,True,2026-01-03T08:11:00Z,1,2
c79bcf68-c5bb-4185-ad7e-78ba37a125e7,SHP-001696,b033c9ba-72aa-404e-ba3f-81bf1e90e1f1,1f8b4af1-96bc-432d-ac11-7babd6642fe8,100000000,100000000,100000001,145.0,144.45,7,2026-04-12T14:46:03Z,2026-04-13T02:00:40Z,2026-04-13T02:57:50Z,2026-04-13T08:32:00Z,WB-001696,True,2026-04-12T12:27:00Z,1,2
6ce1d533-a698-49a5-88a3-927499984f72,SHP-001697,ba19581c-dd86-4dbb-a71f-890d7fcf7a80,1f8b4af1-96bc-432d-ac11-7babd6642fe8,100000000,100000000,100000001,240.0,240.46,10,2026-06-14T09:09:59Z,2026-06-16T01:28:58Z,2026-06-16T03:12:29Z,2026-06-16T09:19:00Z,WB-001697,True,2026-06-14T08:30:00Z,1,2
2244a6ee-99da-4fd7-8131-70583eadac50,SHP-001698,5dcdc3e2-aac9-465e-a55d-96e895abb68c,6c21835d-d8e8-497c-a0a2-59014932936e,100000005,100000000,100000000,90.0,90.4,4,2025-06-21T15:01:14Z,2025-06-28T03:43:09Z,2025-06-28T05:17:00Z,2025-06-28T11:24:00Z,WB-001698,True,2025-06-21T12:29:00Z,1,2
2b69170f-7ed6-4ef5-aab7-0c5b345f5680,SHP-001699,a9565679-0e48-4a7d-ba77-4d7a290cb756,6c21835d-d8e8-497c-a0a2-59014932936e,100000005,100000000,100000000,170.0,169.33,8,2025-09-09T16:06:35Z,2025-09-16T03:21:44Z,2025-09-16T04:14:52Z,2025-09-16T08:15:00Z,WB-001699,True,2025-09-09T14:07:00Z,1,2
e3f216de-d5ea-4484-b7b3-61ee570f7408,SHP-001700,87b6e5a8-22a0-43ce-949d-235f45cda735,6c21835d-d8e8-497c-a0a2-59014932936e,100000005,100000001,100000000,330.0,329.26,14,2025-11-30T18:19:00Z,2025-12-02T05:24:35Z,2025-12-02T06:55:17Z,2025-12-02T10:59:00Z,WB-001700,True,2025-11-26T07:25:00Z,1,2
9162b1de-6dcf-438b-aabf-304d1a9c09fc,SHP-001701,d99f0444-6db6-4f62-9b10-75578c8e652c,6c21835d-d8e8-497c-a0a2-59014932936e,100000005,100000000,100000002,90.0,89.09,4,2026-04-08T08:37:46Z,2026-04-08T23:40:32Z,2026-04-09T01:40:24Z,2026-04-09T06:27:00Z,WB-001701,True,2026-04-08T08:48:00Z,1,2
84e7af2d-fc02-431c-b061-975b923014a8,SHP-001702,870d537f-6033-4970-948f-9cc9492aa483,5200044b-3148-4df8-a6ca-8d50e5f5c891,100000000,100000001,100000000,65.0,64.79,3,2025-07-24T04:16:50Z,2025-07-26T02:11:59Z,2025-07-26T02:46:59Z,2025-07-26T09:18:00Z,WB-001702,True,2025-07-19T09:14:00Z,1,2
d93bf8a5-bb7d-4f58-95c4-233caa4a7a2c,SHP-001703,62739970-e2ef-4715-b9cf-d5ea19ee4d47,5200044b-3148-4df8-a6ca-8d50e5f5c891,100000000,100000000,100000000,20.0,20.05,1,2026-06-01T06:59:27Z,2026-06-07T23:42:02Z,2026-06-08T01:06:18Z,2026-06-08T08:47:00Z,WB-001703,True,2026-06-01T05:43:00Z,1,2
51991629-fc27-4868-8eb1-ec68e02f29ee,SHP-001704,b74cc7fb-f034-4e51-b464-8743aa8940a7,5200044b-3148-4df8-a6ca-8d50e5f5c891,100000000,100000001,100000000,50.0,,3,,,,,,,2026-06-27T10:58:00Z,0,1
e0527c0d-2033-4a6c-af26-6d90435adf36,SHP-001705,72254fa4-376d-46f1-a121-4eae369f3f2f,12767d13-f093-4776-9116-d014a5850828,100000000,100000000,100000000,65.0,65.1,3,2025-08-16T13:48:08Z,2025-08-18T01:19:44Z,2025-08-18T02:01:49Z,2025-08-18T06:46:00Z,WB-001705,True,2025-08-16T13:10:00Z,1,2
613db4f4-0b4b-4b90-b7f0-70418188f7ca,SHP-001706,25176cee-1587-4259-ac8e-e3f5b2414e0f,12767d13-f093-4776-9116-d014a5850828,100000000,100000000,100000002,60.0,60.18,3,2026-01-03T10:55:18Z,2026-01-04T01:03:13Z,2026-01-04T02:20:28Z,2026-01-04T06:51:00Z,WB-001706,True,2026-01-03T10:12:00Z,1,2
b4518e6c-41aa-455a-83ac-14baba1046e6,SHP-001707,90b7a8a3-8d13-4a03-a3e6-7be9cd76285f,12767d13-f093-4776-9116-d014a5850828,100000000,100000000,100000000,140.0,139.66,6,2026-03-02T14:14:46Z,2026-03-05T02:18:46Z,2026-03-05T02:51:41Z,2026-03-05T08:22:00Z,WB-001707,True,2026-03-02T11:43:00Z,1,2
9850620d-2bf6-430a-9b71-e0aa6845f08d,SHP-001708,71d1d212-5cab-4ddb-9433-caad897faab9,12767d13-f093-4776-9116-d014a5850828,100000000,100000000,100000001,140.0,140.19,6,2026-05-27T11:24:29Z,2026-05-28T00:12:41Z,2026-05-28T02:00:56Z,2026-05-28T05:52:00Z,WB-001708,True,2026-05-27T08:38:00Z,1,2
a23c069c-19a6-4a73-9660-3e2291fcc9b9,SHP-001709,2440e340-6351-48e8-9ef7-883ff49968de,12767d13-f093-4776-9116-d014a5850828,100000000,100000000,100000001,130.0,129.46,6,2026-06-20T08:58:54Z,2026-06-21T02:12:15Z,2026-06-21T03:16:25Z,2026-06-21T08:22:00Z,WB-001709,True,2026-06-20T06:33:00Z,1,2
0de90cc3-6676-4b2b-9ddb-65ca7b9e76f1,SHP-001710,a502836d-9fcb-4765-bd92-df723980b6d8,481186e9-1625-44ca-9b47-e6394d2551eb,100000000,100000000,100000000,45.0,45.13,2,2025-08-04T06:08:22Z,2025-08-11T04:59:55Z,2025-08-11T06:13:02Z,2025-08-11T12:21:00Z,WB-001710,True,2025-08-04T05:39:00Z,1,2
4073a1b2-9650-42f7-927e-2cdefa84d92c,SHP-001711,2cd02da9-74bf-46e8-b7d5-188fec174c5f,481186e9-1625-44ca-9b47-e6394d2551eb,100000000,100000001,100000002,90.0,90.47,4,2026-06-25T17:39:42Z,2026-06-27T02:17:17Z,2026-06-27T03:17:34Z,2026-06-27T07:42:00Z,WB-001711,True,2026-06-23T05:51:00Z,1,2
d2e8efa2-dc2d-4f1d-8055-8e80cf828a80,SHP-001712,25a2b98c-218c-4dd9-bb0b-ec4b7d3f2384,929daf9f-0149-42af-8ab1-a5041f8c56e0,100000000,100000000,100000000,65.0,64.87,3,2025-07-05T13:33:20Z,2025-07-05T23:31:41Z,2025-07-06T01:22:34Z,2025-07-06T07:27:00Z,WB-001712,True,2025-07-05T12:22:00Z,1,2
d39a2bf0-8a32-4b9c-86d9-92150e401809,SHP-001713,218bf379-7f6a-41d2-a573-baa2e65beb9f,929daf9f-0149-42af-8ab1-a5041f8c56e0,100000000,100000001,100000002,75.0,74.48,4,2025-07-18T02:05:42Z,2025-07-18T23:55:01Z,2025-07-19T01:16:17Z,2025-07-19T07:24:00Z,WB-001713,False,2025-07-15T10:50:00Z,1,2
7566c665-9731-482f-98df-5d1650ea3121,SHP-001714,da227292-0933-40d9-b8da-2f8714ade547,929daf9f-0149-42af-8ab1-a5041f8c56e0,100000000,100000000,100000001,30.0,30.13,2,2025-08-28T13:41:13Z,2025-09-03T00:02:23Z,2025-09-03T01:48:31Z,2025-09-03T07:14:00Z,WB-001714,True,2025-08-28T12:25:00Z,1,2
d4b10cc1-0e1a-4478-80b2-e626179a9869,SHP-001715,b358d767-19e1-4386-904e-09ea7c7848f7,929daf9f-0149-42af-8ab1-a5041f8c56e0,100000000,100000000,100000000,45.0,44.88,2,2025-11-22T13:39:16Z,2025-11-27T06:15:46Z,2025-11-27T06:47:47Z,2025-11-27T12:36:00Z,WB-001715,True,2025-11-22T10:59:00Z,1,2
22de2d26-98ef-4846-8c71-16922aee586e,SHP-001716,b9dd7975-048b-4f14-87a8-cc6292251425,929daf9f-0149-42af-8ab1-a5041f8c56e0,100000000,100000000,100000000,90.0,90.02,4,2025-12-13T11:14:16Z,2025-12-18T02:17:59Z,2025-12-18T03:55:33Z,2025-12-18T08:33:00Z,WB-001716,False,2025-12-13T08:53:00Z,1,2
1d5182ef-3002-48aa-a1df-93165ab410ad,SHP-001717,57cfb752-23a8-4063-8899-2edaf475b0c7,dd23ff41-dae1-4586-a358-755cbc5c3cd8,100000000,100000001,100000001,85.0,84.4,4,2025-07-22T12:51:17Z,2025-07-24T00:02:18Z,2025-07-24T01:49:19Z,2025-07-24T06:56:00Z,WB-001717,True,2025-07-17T13:26:00Z,1,2
3dfa09fa-c2aa-4ba8-a1dd-1a542a09f836,SHP-001718,aae82999-36b1-4b7b-99e6-266a7dbfb504,6690a951-fc04-4a7a-ae41-5f166263307c,100000000,100000001,100000000,35.0,34.99,2,2025-10-31T22:27:44Z,2025-11-02T06:50:30Z,2025-11-02T07:24:25Z,2025-11-02T12:17:00Z,WB-001718,True,2025-10-29T08:08:00Z,1,2
7395697f-78f4-4897-91d8-7e4fdcd63873,SHP-001719,34f406c7-1314-4259-94e4-7f35f7e9d527,6690a951-fc04-4a7a-ae41-5f166263307c,100000000,100000000,100000002,20.0,20.02,1,2025-11-15T12:50:42Z,2025-11-16T22:38:03Z,2025-11-16T23:27:29Z,2025-11-17T04:51:00Z,WB-001719,False,2025-11-15T11:47:00Z,1,2
d9a1b439-5c46-4650-8d99-9fa490aa163c,SHP-001720,5431493a-1efc-4823-8385-392ab3995d15,65db6e43-47bf-4db7-82d9-a774ea7f6c7d,100000000,100000001,100000001,150.0,150.19,7,2025-08-05T10:17:18Z,2025-08-06T01:55:14Z,2025-08-06T03:53:21Z,2025-08-06T07:04:00Z,WB-001720,True,2025-08-02T05:52:00Z,1,2
e94837b1-d326-47e5-bdea-8b081a1a968e,SHP-001721,83bdf86d-0aed-41dd-bf51-c23580423b76,65db6e43-47bf-4db7-82d9-a774ea7f6c7d,100000000,100000000,100000000,180.0,180.46,8,2025-11-15T10:57:45Z,2025-11-21T20:06:26Z,2025-11-21T21:37:25Z,2025-11-22T04:47:00Z,WB-001721,True,2025-11-15T08:05:00Z,1,2
d0300d07-c02e-4d71-b68e-d422e7a4cef3,SHP-001722,363bb3f5-5122-4914-a456-19e23d6d4458,65db6e43-47bf-4db7-82d9-a774ea7f6c7d,100000000,100000000,100000000,150.0,150.46,7,2025-12-13T08:42:50Z,2025-12-14T02:32:18Z,2025-12-14T04:06:33Z,2025-12-14T08:20:00Z,WB-001722,True,2025-12-13T06:08:00Z,1,2
d8552bee-d9a1-4493-a3b3-55593cb2c0ad,SHP-001723,2741316e-cd3f-46ca-80c8-295733418b4a,65db6e43-47bf-4db7-82d9-a774ea7f6c7d,100000000,100000000,100000002,95.0,95.06,4,2026-05-21T13:33:10Z,2026-05-23T01:57:46Z,2026-05-23T03:09:41Z,2026-05-23T09:04:00Z,WB-001723,True,2026-05-21T12:30:00Z,1,2
99e2fc2e-a605-4695-91bf-e59d17669cb3,SHP-001724,5e4b21f4-41a0-4c34-8959-d749b60b451b,44f7f01a-3cb5-46d7-834a-130e8c6ea6ad,100000002,100000000,100000000,25.0,24.97,2,2025-08-30T12:20:28Z,2025-09-02T02:37:28Z,2025-09-02T04:17:33Z,2025-09-02T10:15:00Z,WB-001724,True,2025-08-30T12:17:00Z,1,2
74c92eed-d57b-48f6-9932-e45df286f9ee,SHP-001725,97d13e79-af3d-420e-ab79-956b09c32d5c,44f7f01a-3cb5-46d7-834a-130e8c6ea6ad,100000002,100000000,100000002,10.0,10.0,1,2025-08-17T10:08:09Z,2025-08-24T03:45:28Z,2025-08-24T05:33:31Z,2025-08-24T12:12:00Z,WB-001725,True,2025-08-17T10:16:00Z,1,2
cf3adf29-0324-4218-a621-44e6963d13b5,SHP-001726,414266ac-730b-4f6c-a5aa-da14308e1820,44f7f01a-3cb5-46d7-834a-130e8c6ea6ad,100000002,100000000,100000001,35.0,34.9,2,2025-09-17T12:16:01Z,2025-09-21T19:52:29Z,2025-09-21T20:47:30Z,2025-09-22T05:06:00Z,WB-001726,True,2025-09-17T10:26:00Z,1,2
77a41f6b-cd06-4145-9a7e-ac2f5eb532c6,SHP-001727,7c46c840-afe3-41b7-b98b-8c245c1d67d2,44f7f01a-3cb5-46d7-834a-130e8c6ea6ad,100000002,100000001,100000001,55.0,54.83,3,2026-03-13T17:41:44Z,2026-03-15T04:17:53Z,2026-03-15T05:23:18Z,2026-03-15T11:32:00Z,WB-001727,True,2026-03-09T10:01:00Z,1,2
3662f49a-1fd5-48e9-b5ae-3d5160e8288b,SHP-001728,70b2938b-cfd4-4e2b-b416-f7157ccc98be,0c36ad4e-915d-4a63-9bc6-c9288fe84e20,100000000,100000000,100000000,120.0,119.78,5,2025-08-13T11:33:28Z,2025-08-16T01:53:59Z,2025-08-16T02:29:35Z,2025-08-16T10:35:00Z,WB-001728,True,2025-08-13T11:36:00Z,1,2
7a5b5f6d-6e24-4518-8ba8-24321165b10d,SHP-001729,94455558-4763-4bc5-8231-3a174fd609a6,0c36ad4e-915d-4a63-9bc6-c9288fe84e20,100000000,100000000,100000001,105.0,105.02,5,2025-09-30T11:34:26Z,2025-09-30T23:16:27Z,2025-09-30T23:47:12Z,2025-10-01T09:43:00Z,WB-001729,True,2025-09-30T08:33:00Z,1,2
bee0436e-3bc4-4132-bedc-3482120fba72,SHP-001730,0c961133-a70b-4836-b28b-06bf2bb7a3ed,0c36ad4e-915d-4a63-9bc6-c9288fe84e20,100000000,100000000,100000000,560.0,561.43,24,2025-11-15T17:11:46Z,2025-11-18T02:04:02Z,2025-11-18T03:25:35Z,2025-11-18T12:41:00Z,WB-001730,True,2025-11-15T14:18:00Z,1,2
83ef574f-b135-4570-9ed4-ba325068db21,SHP-001731,f87fd2c6-cd4a-4062-843b-48f7a603949f,0c36ad4e-915d-4a63-9bc6-c9288fe84e20,100000000,100000000,100000000,110.0,110.19,5,2025-10-23T06:12:17Z,2025-10-25T13:55:52Z,2025-10-25T14:37:04Z,2025-10-26T08:35:00Z,WB-001731,True,2025-10-23T05:10:00Z,1,2
d91abfa7-b695-4623-bf1c-80d5d9d65f36,SHP-001732,735f79c2-7e85-43cf-98f3-b4a1e3b0391f,0c36ad4e-915d-4a63-9bc6-c9288fe84e20,100000000,100000001,100000000,205.0,204.34,9,2026-06-01T14:53:07Z,2026-06-03T01:14:17Z,2026-06-03T01:39:19Z,2026-06-03T09:08:00Z,WB-001732,True,2026-05-30T11:28:00Z,1,2
a4a12614-ebf5-440f-af57-d82078eb982e,SHP-001733,8e385046-e619-49d5-909c-f306dea0d7fe,0c36ad4e-915d-4a63-9bc6-c9288fe84e20,100000000,100000000,100000000,140.0,139.68,6,2026-06-24T07:09:14Z,2026-06-30T17:33:24Z,2026-06-30T19:32:43Z,,WB-001733,,2026-06-24T06:24:00Z,0,100000001
0ea23add-e92a-4c75-93f2-1d3b729d541a,SHP-001734,d1cb28f9-1397-49b9-9427-41d91b3d6222,2bacf712-d6a9-49e8-86d8-95e5219b606d,100000003,100000000,100000000,45.0,44.97,2,2025-11-02T09:55:04Z,2025-11-05T19:41:06Z,2025-11-05T21:11:31Z,2025-11-06T05:04:00Z,WB-001734,True,2025-11-02T09:49:00Z,1,2
11163ac2-b154-4f44-b7a0-c8a5d6d26890,SHP-001735,644d0602-b44e-4c06-a585-ec5070015680,2bacf712-d6a9-49e8-86d8-95e5219b606d,100000003,100000001,100000000,85.0,84.78,4,2026-06-01T20:30:28Z,2026-06-03T08:24:27Z,2026-06-03T09:45:46Z,2026-06-03T12:58:00Z,WB-001735,True,2026-05-28T12:00:00Z,1,2
018d4586-43b3-43f5-a7af-e9505a9a0cec,SHP-001736,89251674-df74-4cbc-9308-bbd069aa30b3,c9254bb5-4fc3-4d4e-ab95-0c1d578799d9,100000002,100000000,100000000,235.0,233.87,10,2025-06-14T06:39:25Z,2025-06-20T23:56:05Z,2025-06-21T01:25:57Z,2025-06-21T08:26:00Z,WB-001736,True,2025-06-14T06:33:00Z,1,2
63ff0dc6-5ca9-4961-850b-9313fda6d5ac,SHP-001737,c23963a2-dcd9-437a-afa6-147f696ae564,c9254bb5-4fc3-4d4e-ab95-0c1d578799d9,100000002,100000001,100000001,185.0,185.07,8,2025-08-22T00:55:40Z,2025-08-24T01:26:35Z,2025-08-24T03:23:46Z,2025-08-24T09:41:00Z,WB-001737,True,2025-08-17T11:10:00Z,1,2
3cbb5a7e-034e-489b-8429-c9ed7436299a,SHP-001738,355d3e0c-c631-4191-ab51-ac472ccbad70,0b34fc84-1111-4e29-a8ad-153985f0786a,100000001,100000001,100000000,280.0,279.62,12,2026-05-06T21:44:57Z,2026-05-09T01:19:21Z,2026-05-09T01:45:28Z,2026-05-09T09:41:00Z,WB-001738,True,2026-05-02T08:51:00Z,1,2
66395a00-0a2d-4134-8a29-5c6c14e00638,SHP-001739,882a2c77-73da-4d0d-8501-60f6bfa044f6,0b34fc84-1111-4e29-a8ad-153985f0786a,100000001,100000000,100000001,40.0,40.02,2,2026-05-23T10:25:57Z,2026-05-27T23:14:51Z,2026-05-28T00:36:51Z,2026-05-28T05:28:00Z,WB-001739,True,2026-05-23T09:41:00Z,1,2
688dd559-e731-4718-ac3b-263bf741db3b,SHP-001740,be04e89f-6a8e-49aa-a9c1-a0c63818a9bd,909e21ba-8a38-45aa-91be-ba8e0a8aeb94,100000001,100000000,100000002,85.0,84.81,4,2025-11-03T10:45:29Z,2025-11-03T23:55:38Z,2025-11-04T01:52:13Z,2025-11-04T06:28:00Z,WB-001740,True,2025-11-03T09:16:00Z,1,2
c15de620-9f9a-4c59-8ab0-f491d9aa50eb,SHP-001741,ad2bba41-ad2d-4ccf-876e-926aa67e3a42,4165964c-0b21-4308-86dc-4e34a9dcfe52,100000000,100000000,100000002,80.0,80.16,4,2025-11-15T06:56:32Z,2025-11-15T22:44:54Z,2025-11-15T23:57:22Z,2025-11-16T05:59:00Z,WB-001741,True,2025-11-15T07:01:00Z,1,2
70bffaae-aa9f-460f-a2bb-6a881f101633,SHP-001742,b09d01d5-164c-433f-898f-3d3106b78e90,6491982b-e5ad-481d-977f-4c1626d658fb,100000001,100000000,100000000,35.0,34.98,2,2025-09-17T08:09:52Z,2025-09-23T16:59:38Z,2025-09-23T18:33:48Z,2025-09-24T07:36:00Z,WB-001742,True,2025-09-17T06:52:00Z,1,2
bea66178-01b8-4042-beb5-8b5cf9fbf230,SHP-001743,173a3df3-1e09-44d7-9418-6637ad7a263c,6491982b-e5ad-481d-977f-4c1626d658fb,100000001,100000000,100000002,50.0,49.75,3,2026-04-30T12:05:02Z,2026-05-03T09:59:43Z,2026-05-03T10:30:00Z,2026-05-04T05:09:00Z,WB-001743,True,2026-04-30T11:42:00Z,1,2
cf6fb896-38f2-4396-8335-0fa5df1da9d3,SHP-001744,c6cbe354-2bec-4f35-9a36-29b36e5da5ff,b440b852-e033-400e-a432-62b38675820e,100000002,100000001,100000000,275.0,274.4,12,2025-07-05T03:24:26Z,2025-07-05T22:20:01Z,2025-07-05T22:45:47Z,2025-07-06T07:48:00Z,WB-001744,True,2025-07-02T09:52:00Z,1,2
fa82bd5f-f046-4dee-a236-56b9bf4ced07,SHP-001745,7e4531d3-e0cd-49fe-8c20-1367812c5ef8,b440b852-e033-400e-a432-62b38675820e,100000002,100000000,100000000,205.0,203.84,9,2025-11-16T15:56:42Z,2025-11-20T02:03:42Z,2025-11-20T02:52:27Z,2025-11-20T06:27:00Z,WB-001745,True,2025-11-16T13:04:00Z,1,2
759f05af-44e6-454b-a821-1d0c9a5d9e22,SHP-001746,4562f4ff-3aee-4f98-8b6b-e9a8be41bd59,b440b852-e033-400e-a432-62b38675820e,100000002,100000000,100000000,110.0,110.59,5,2026-02-28T10:47:50Z,2026-03-02T05:26:41Z,2026-03-02T06:53:12Z,2026-03-02T12:10:00Z,WB-001746,True,2026-02-28T08:35:00Z,1,2
c0c547de-fab7-46ac-8a04-7e58e3d737b2,SHP-001747,d5e155b9-9e20-4f16-a246-4b1012592fa3,b440b852-e033-400e-a432-62b38675820e,100000002,100000000,100000000,90.0,90.54,4,2026-05-02T08:47:34Z,2026-05-04T02:32:30Z,2026-05-04T03:31:49Z,2026-05-04T07:40:00Z,WB-001747,True,2026-05-02T05:54:00Z,1,2
5c429cec-04f7-4a4e-9d37-64ce3102184d,SHP-001748,6738dcbc-7ee2-4ae4-8813-e2d9cf4d7a3e,b440b852-e033-400e-a432-62b38675820e,100000002,100000000,100000002,75.0,74.96,4,2026-05-20T13:06:02Z,2026-05-21T00:24:20Z,2026-05-21T02:12:54Z,2026-05-21T07:02:00Z,WB-001748,True,2026-05-20T09:38:00Z,1,2
a7a61ea5-b403-4f7e-a8ee-bb463ac826d5,SHP-001749,24d6a670-e802-4ab4-81f8-2a40d378f206,b440b852-e033-400e-a432-62b38675820e,100000002,100000001,100000000,45.0,44.94,2,2026-06-20T12:24:52Z,2026-06-21T22:34:40Z,2026-06-22T00:13:18Z,2026-06-22T05:10:00Z,WB-001749,True,2026-06-17T05:16:00Z,1,2
4cfc29d7-532a-4784-b05f-de994a3bb0a3,SHP-001750,dcccc091-6113-4e85-acd0-5a81aee20010,e552d0a8-b66f-4507-a588-b999971eea39,100000001,100000000,100000000,70.0,70.06,3,2025-07-26T14:56:05Z,2025-07-29T23:38:52Z,2025-07-30T01:28:55Z,2025-07-30T06:41:00Z,WB-001750,True,2025-07-26T13:27:00Z,1,2
f928c01b-5472-42f3-9a72-67091bdd8103,SHP-001751,80e37edc-05b4-4ddb-8f74-907dd4b9a48a,e552d0a8-b66f-4507-a588-b999971eea39,100000001,100000000,100000000,65.0,65.2,3,2025-10-04T10:50:02Z,2025-10-05T00:50:40Z,2025-10-05T02:01:53Z,2025-10-05T07:13:00Z,WB-001751,True,2025-10-04T10:43:00Z,1,2
ce69aa61-d8db-4122-8a58-6831ab5ee59f,SHP-001752,a82a61f3-0e3a-41fa-9fa3-b37a2c772ccb,fab6ad91-bacf-4cfc-9245-1cc41bfb3b3d,100000000,100000000,100000001,55.0,54.5,3,2026-01-06T09:23:25Z,2026-01-08T05:37:44Z,2026-01-08T07:08:25Z,2026-01-08T11:57:00Z,WB-001752,True,2026-01-06T06:31:00Z,1,2
c51d2271-618f-4509-8fe7-27fe81ffe547,SHP-001753,2e4a333a-0229-44ea-b778-a41babd0fccb,fab6ad91-bacf-4cfc-9245-1cc41bfb3b3d,100000000,100000000,100000001,45.0,45.0,2,2026-04-02T06:47:08Z,2026-04-03T23:34:13Z,2026-04-04T01:18:23Z,2026-04-04T07:45:00Z,WB-001753,True,2026-04-02T06:33:00Z,1,2
259666cd-f24e-4af8-b618-13feea56480c,SHP-001754,c1664600-5a55-4642-806d-a9360e51bbc3,ea8b31f5-ccae-48fe-94eb-8e20af7c7d2b,100000000,100000001,100000001,50.0,49.82,3,2026-01-31T14:06:04Z,2026-02-01T03:30:29Z,2026-02-01T05:17:06Z,2026-02-01T09:40:00Z,WB-001754,True,2026-01-27T07:32:00Z,1,2
0f208b00-e8c8-4fe3-ac28-1ce5430ca294,SHP-001755,a4b0ef52-00db-421d-9af2-01cab36e38c1,ea8b31f5-ccae-48fe-94eb-8e20af7c7d2b,100000000,100000000,100000000,25.0,25.07,2,2026-03-08T12:42:23Z,2026-03-11T22:41:30Z,2026-03-11T23:55:01Z,2026-03-12T05:08:00Z,WB-001755,True,2026-03-08T10:45:00Z,1,2
081cd0e3-2fe4-43fa-9375-77e20125c614,SHP-001756,bff057fe-a445-4e05-90d8-25a459115240,84222f58-f022-44af-bb76-4637d277ab64,100000000,100000000,100000000,80.0,80.16,4,2026-04-14T08:21:12Z,2026-04-21T06:36:37Z,2026-04-21T07:39:57Z,2026-04-21T13:10:00Z,WB-001756,True,2026-04-14T05:01:00Z,1,2
6c126bd2-91b2-48d0-bcac-191d1e089a1a,SHP-001757,aa8f800f-bccf-4735-9670-54b3a50a9c1c,84222f58-f022-44af-bb76-4637d277ab64,100000000,100000000,100000000,95.0,95.13,4,2026-05-23T08:27:32Z,2026-05-26T00:01:39Z,2026-05-26T01:12:19Z,2026-05-26T07:03:00Z,WB-001757,False,2026-05-23T08:33:00Z,1,2
73e831be-6747-4442-aa66-55b2a0f42a76,SHP-001758,bb504241-c9ee-4477-b176-581a5fedd8ff,05c14422-4ffe-4dfd-bedc-acb7a8b331a0,100000005,100000000,100000003,35.0,34.86,2,2025-12-03T16:15:18Z,2025-12-04T00:47:48Z,2025-12-04T01:18:22Z,2025-12-04T08:05:00Z,WB-001758,True,2025-12-03T13:10:00Z,1,2
f4933f76-1c0f-4bca-98c9-0dd16aedff1d,SHP-001759,eebbd54d-e78d-4007-be88-e2af2f970fe2,4fb67094-123c-4911-abd8-ad4d3eacdb28,100000002,100000000,100000000,60.0,59.84,3,2026-02-16T14:36:18Z,2026-02-22T04:02:14Z,2026-02-22T04:36:05Z,2026-02-22T10:46:00Z,WB-001759,True,2026-02-16T12:00:00Z,1,2
b91096f9-af3a-4136-a47b-292b59d4619a,SHP-001760,036fd954-bafd-475d-ad14-231f29efb05f,4fb67094-123c-4911-abd8-ad4d3eacdb28,100000002,100000000,100000000,70.0,70.12,3,2026-04-05T09:13:22Z,2026-04-11T01:44:25Z,2026-04-11T03:14:20Z,2026-04-11T10:15:00Z,WB-001760,True,2026-04-05T06:12:00Z,1,2
64047114-9e97-4c55-b064-f5d59968cf79,SHP-001761,5d1071b8-9c18-411c-b4e5-52d8619691fe,4fb67094-123c-4911-abd8-ad4d3eacdb28,100000002,100000000,100000000,120.0,119.75,5,2026-04-20T09:32:20Z,2026-04-27T00:13:56Z,2026-04-27T01:37:10Z,2026-04-27T10:53:00Z,WB-001761,True,2026-04-20T06:19:00Z,1,2
470a6915-9e6f-4b90-bfba-170cf6731000,SHP-001762,a6e68db8-d9d9-4d7d-88ea-687b5fa1c4f4,a124fdb2-97be-4f31-a42a-a836989b68c0,100000000,100000000,100000000,70.0,70.14,3,2025-12-06T13:06:32Z,2025-12-12T20:40:45Z,2025-12-12T21:44:23Z,2025-12-13T07:17:00Z,WB-001762,True,2025-12-06T10:05:00Z,1,2
4c6516ad-86fa-4724-83c5-986987600634,SHP-001763,f420f4cf-bfb7-469c-ab92-6e59c241e005,a124fdb2-97be-4f31-a42a-a836989b68c0,100000000,100000001,100000002,25.0,25.0,2,2026-04-04T21:03:31Z,2026-04-05T04:30:42Z,2026-04-05T05:46:07Z,2026-04-05T11:09:00Z,WB-001763,True,2026-04-02T10:06:00Z,1,2
7959e944-a6ec-48ac-be18-28e9473cdecd,SHP-001764,ff6c058f-a631-4506-8e35-f691ba8a4581,bf4113cb-32e1-4f17-ab47-ed615372ebed,100000000,100000000,100000000,55.0,54.98,3,2025-12-17T08:44:58Z,2025-12-24T03:14:05Z,2025-12-24T04:57:53Z,2025-12-24T13:16:00Z,WB-001764,True,2025-12-17T08:32:00Z,1,2
73110df1-4091-40bc-8ce8-c4751a826d55,SHP-001765,e79e0515-87c3-4868-a9f2-45c1be9f8afd,76b90472-7470-424c-b9f6-b641063ff61e,100000000,100000000,100000000,55.0,54.89,3,2025-11-25T07:45:22Z,2025-11-28T22:22:43Z,2025-11-28T23:52:26Z,2025-11-29T04:49:00Z,WB-001765,True,2025-11-25T06:33:00Z,1,2
c809637c-fc12-4d93-954f-6fa0587a4f2e,SHP-001766,44220cc1-e90b-4ca0-9d53-ed8a61e98721,76b90472-7470-424c-b9f6-b641063ff61e,100000000,100000000,100000000,50.5,50.37,3,2026-01-27T13:28:53Z,2026-02-02T00:52:06Z,2026-02-02T02:38:27Z,2026-02-02T07:05:00Z,WB-001766,True,2026-01-27T13:16:00Z,1,2
71e1f1e2-d2b3-47b3-83f4-61e139120147,SHP-001767,ce37b5ab-ebd9-4471-9713-f2219da5d4e9,76b90472-7470-424c-b9f6-b641063ff61e,100000000,100000000,100000000,20.0,19.97,1,2026-02-25T16:39:59Z,2026-03-03T04:38:43Z,2026-03-03T05:37:26Z,2026-03-03T11:59:00Z,WB-001767,True,2026-02-25T13:36:00Z,1,2
fa7919e5-c33e-4108-9355-b12d02bc942b,SHP-001768,50f837da-076d-4e79-aa8b-c2fff935d06e,76b90472-7470-424c-b9f6-b641063ff61e,100000000,100000000,100000000,50.0,50.07,3,2026-06-13T13:32:10Z,2026-06-15T00:42:33Z,2026-06-15T01:43:16Z,2026-06-15T07:27:00Z,WB-001768,True,2026-06-13T13:08:00Z,1,2
a4bc6c15-17b5-4ee2-b28e-42ad1b87cc41,SHP-001769,3a5116c6-4730-4da9-a8b6-bdda07730ce9,cb618d75-aa96-4dfb-a79b-265ab15f3994,100000000,100000000,100000000,195.0,195.49,9,2025-11-20T14:55:51Z,2025-11-25T07:08:03Z,2025-11-25T08:42:21Z,2025-11-25T12:17:00Z,WB-001769,True,2025-11-20T13:00:00Z,1,2
69508383-e90e-44b1-aba4-815a0ace9ff1,SHP-001770,3f563df6-7c2c-4cfb-8ff5-9025d143af91,4ba99d78-b498-45d0-a5b1-c79954cecee7,100000000,100000000,100000000,45.0,44.83,2,2026-03-31T06:06:29Z,2026-04-05T23:03:34Z,2026-04-05T23:55:20Z,2026-04-06T06:00:00Z,WB-001770,True,2026-03-31T06:36:00Z,1,2
b0ad6b8b-3d87-4bdd-956d-8c6877bf5381,SHP-001771,7c9d7154-7aec-4d12-868e-16235afd6545,9bafcc20-0e16-4f3f-938c-c0ca17acd7e9,100000005,100000000,100000000,10.0,10.0,1,2026-03-02T11:31:41Z,2026-03-08T01:51:44Z,2026-03-08T03:50:34Z,2026-03-08T07:13:00Z,WB-001771,True,2026-03-02T10:43:00Z,1,2
076d03be-4975-4383-8cef-70ae0197e4bb,SHP-001772,9f9bbd45-72bb-445a-86d8-8e2f4a84dd86,9bafcc20-0e16-4f3f-938c-c0ca17acd7e9,100000005,100000001,100000001,25.0,24.99,2,2026-06-26T06:42:21Z,2026-06-27T05:54:40Z,2026-06-27T07:06:51Z,2026-06-27T11:52:00Z,WB-001772,True,2026-06-24T09:25:00Z,1,2
0adaa76b-3e5c-4d49-98e9-6ec1dc2fec48,SHP-001773,e0b689ab-316a-4bdf-a069-1031f3421c77,7147f758-cdbe-4548-aa65-66e8fe1ad905,100000003,100000000,100000000,25.0,25.03,2,2026-04-26T13:30:21Z,2026-05-02T07:04:51Z,2026-05-02T07:56:57Z,2026-05-02T12:43:00Z,WB-001773,True,2026-04-26T10:49:00Z,1,2
6cc2d576-f67c-4034-98e5-1fa91d83ce98,SHP-001774,8adae57a-97eb-43af-8bdb-46cdd1a33312,397a284f-76a4-479b-bd67-34588f2d0b17,100000000,100000000,100000003,175.5,175.61,8,2026-04-07T11:52:27Z,2026-04-08T05:10:15Z,2026-04-08T05:38:58Z,2026-04-08T09:44:00Z,WB-001774,True,2026-04-07T09:01:00Z,1,2
a1d6ddc4-85fb-4d39-84fe-25e0a17e1fc6,SHP-001775,90370ee2-d62c-48e3-8031-abc6268c71e2,397a284f-76a4-479b-bd67-34588f2d0b17,100000000,100000000,100000003,105.0,104.38,5,2026-03-29T06:44:32Z,2026-03-29T23:09:18Z,2026-03-30T01:03:35Z,2026-03-30T07:41:00Z,WB-001775,True,2026-03-29T06:16:00Z,1,2
7cf4b994-26d3-4392-b5fb-aa208b2bc59c,SHP-001776,058da772-bf00-4828-93d2-bac1c8002115,397a284f-76a4-479b-bd67-34588f2d0b17,100000000,100000000,100000000,70.0,70.02,3,2026-04-16T15:33:08Z,2026-04-17T18:04:42Z,2026-04-17T19:59:26Z,2026-04-18T04:56:00Z,WB-001776,True,2026-04-16T13:41:00Z,1,2
8eccc08a-0c5c-4593-ad16-50e9183bc147,SHP-001777,37c210b1-6c1e-419d-9810-ae278f10e1f6,2bf95861-4827-4440-b6d9-fe1731094211,100000002,100000000,100000001,30.0,30.06,2,2026-05-03T10:06:00Z,2026-05-04T22:34:33Z,2026-05-05T00:32:41Z,2026-05-05T05:30:00Z,WB-001777,True,2026-05-03T09:43:00Z,1,2
cfb27d77-9dcf-47fb-8fdf-5aa42e9eb3f1,SHP-001778,934ea68c-4ed7-448c-a58e-f051697222cf,97f971d5-94f8-4e6c-8416-c07cb6a787b1,100000003,100000001,100000000,85.0,84.79,4,2026-01-06T06:41:55Z,2026-01-08T01:00:03Z,2026-01-08T02:14:01Z,2026-01-08T08:51:00Z,WB-001778,True,2026-01-03T05:27:00Z,1,2
9c8291da-713b-4661-9c89-807ae2c791f2,SHP-001779,ff13c6fe-245b-4fe7-9cad-bbb7756c44c5,97f971d5-94f8-4e6c-8416-c07cb6a787b1,100000003,100000000,100000001,105.0,105.27,5,2026-04-04T12:19:18Z,2026-04-05T21:00:15Z,2026-04-05T22:42:43Z,2026-04-06T04:53:00Z,WB-001779,True,2026-04-04T11:16:00Z,1,2
ac884a84-cea3-481a-80ac-ade357410e47,SHP-001780,38170f9a-2ac6-4782-8245-ae5e3d4f210c,97f971d5-94f8-4e6c-8416-c07cb6a787b1,100000003,100000000,100000000,355.0,353.76,15,2026-03-22T08:15:38Z,2026-03-24T03:12:00Z,2026-03-24T04:03:52Z,2026-03-24T09:00:00Z,WB-001780,True,2026-03-22T06:01:00Z,1,2
cffd199c-439a-4ed8-ba83-eb1a1e46f411,SHP-001781,b9a5f42c-b463-45bc-a85a-0b92fc97c0dc,97f971d5-94f8-4e6c-8416-c07cb6a787b1,100000003,100000000,100000001,80.0,80.03,4,2026-04-13T13:36:02Z,2026-04-15T19:18:56Z,2026-04-15T20:52:32Z,2026-04-16T05:24:00Z,WB-001781,True,2026-04-13T10:51:00Z,1,2
0e854bc5-dd05-48b5-b464-4c833c2578d7,SHP-001782,9e451c2d-3a75-4327-83dc-77252869af8e,97f971d5-94f8-4e6c-8416-c07cb6a787b1,100000003,100000001,100000000,230.0,229.86,10,2026-06-07T09:02:26Z,2026-06-07T19:51:34Z,2026-06-07T21:03:00Z,2026-06-08T05:13:00Z,WB-001782,True,2026-06-03T09:53:00Z,1,2
f5c395e8-68ac-46c0-8821-857631e0c360,SHP-001783,adfefcec-355c-46c4-96fb-114e88c674e5,4b26f0a3-33b1-4ca4-b74d-34f5caf07226,100000000,100000000,100000000,70.0,69.93,3,2026-06-02T12:51:30Z,2026-06-08T05:44:13Z,2026-06-08T06:53:06Z,2026-06-08T13:03:00Z,WB-001783,True,2026-06-02T12:06:00Z,1,2
c1b4f5af-aaeb-4a69-9988-e50bb92dfa49,SHP-001784,916ef72a-4edd-43a9-90b0-a9ea1fce96eb,f2a45575-ee58-4967-b063-796a70a91477,100000004,100000000,100000002,60.0,59.99,3,2026-06-06T11:44:58Z,2026-06-08T01:06:30Z,2026-06-08T02:08:17Z,2026-06-08T07:43:00Z,WB-001784,True,2026-06-06T10:25:00Z,1,2
4000694f-e790-48b0-a99f-d74b3fd9823a,SHP-001785,b7c229e0-7155-4127-ac77-5394bf1843a5,326684ff-3ffe-4652-aac0-32fa130e8618,100000001,100000000,100000000,115.0,114.8,5,2026-06-01T14:54:20Z,2026-06-03T01:22:30Z,2026-06-03T02:43:47Z,2026-06-03T06:20:00Z,WB-001785,True,2026-06-01T11:38:00Z,1,2
991d250b-40f9-433a-870d-c9a19e08d85c,SHP-001786,f4822ef6-a453-4f58-9eea-44afac2921cf,acffa99f-f005-4f9a-a6a2-c94556f11afb,100000001,100000001,100000000,60.0,,3,,,,,,,2026-06-25T12:38:00Z,0,1
d4f584b0-0c1b-4dd7-b96b-bd46634bab5e,SHP-001787,0de90950-b744-4e49-88df-aafcfdd226db,217bc29e-ec95-43e9-a1fa-246624f982ec,100000000,100000000,100000000,25.0,25.02,2,2026-06-13T14:31:26Z,2026-06-20T03:11:26Z,2026-06-20T04:55:33Z,2026-06-20T11:27:00Z,WB-001787,False,2026-06-13T13:07:00Z,1,2
f94fed6d-e512-4b72-b1bf-b1198177ac9e,SHP-001788,f3b69176-bba8-454c-b0a0-7121254e88f3,3a42958b-65c2-480d-9d8f-3007263749ec,100000002,100000000,100000000,195.0,,9,2026-06-29T09:03:57Z,,,,,,2026-06-29T08:38:00Z,0,100000000
1c4afc10-39cc-431b-b652-64aee9462974,SHP-001789,ffa10a56-7704-4968-87df-26fa1f8695f5,fd561b27-2833-49b8-a41f-79aa692e33b9,100000000,100000000,100000000,35.0,35.01,2,2026-06-11T10:09:00Z,2026-06-13T06:01:23Z,2026-06-13T07:05:40Z,2026-06-13T11:48:00Z,WB-001789,True,2026-06-11T09:19:00Z,1,2
4a792094-d3b7-4b8f-b360-fe8d76044f61,SHP-001790,3e75a8af-7f5f-49ce-828f-79b45e4368a0,2207cb65-b197-4ed1-857a-e3fff8ed08ae,100000000,100000000,100000000,30.0,29.97,2,2025-03-13T10:27:27Z,2025-03-18T04:28:54Z,2025-03-18T05:49:19Z,2025-03-18T11:47:00Z,WB-001790,True,2025-03-13T06:56:00Z,1,2
dcc8d1e0-b32c-4c8e-8227-8166f5c8cc47,SHP-001791,b7184bfb-1ccd-4a1f-a97a-1d1d9a4cb0b7,2207cb65-b197-4ed1-857a-e3fff8ed08ae,100000000,100000000,100000000,30.0,30.05,2,2025-07-28T14:34:29Z,2025-08-03T04:23:36Z,2025-08-03T05:34:44Z,2025-08-03T08:49:00Z,WB-001791,True,2025-07-28T11:54:00Z,1,2
4d478bb4-6e45-4ec5-b678-d3b59d121443,SHP-001792,dc0ab88e-9ebf-44fb-955c-fee69e9e9444,2207cb65-b197-4ed1-857a-e3fff8ed08ae,100000000,100000001,100000000,150.0,150.4,7,2025-08-16T23:44:50Z,2025-08-19T02:53:22Z,2025-08-19T04:26:48Z,2025-08-19T08:52:00Z,WB-001792,True,2025-08-12T12:06:00Z,1,2
e24d3321-3ba9-4b24-8547-e8461b1b4407,SHP-001793,39525979-c692-489d-975c-6c6da29b988b,2207cb65-b197-4ed1-857a-e3fff8ed08ae,100000000,100000000,100000000,95.0,95.71,4,2025-08-12T11:26:15Z,2025-08-14T00:37:30Z,2025-08-14T01:07:53Z,2025-08-14T06:16:00Z,WB-001793,True,2025-08-12T11:16:00Z,1,2
89bcdbce-ed45-4e63-b93a-9548ea1dc6b6,SHP-001794,7e5c4948-6522-47e4-ba2b-4b272710c5ee,2207cb65-b197-4ed1-857a-e3fff8ed08ae,100000000,100000000,100000000,65.0,64.89,3,2025-09-21T13:39:51Z,2025-09-26T22:47:53Z,2025-09-26T23:25:46Z,2025-09-27T04:38:00Z,WB-001794,True,2025-09-21T12:47:00Z,1,2
2edbd7e6-7cfb-43eb-acef-24ba1fd88280,SHP-001795,11a6d900-7d13-4a96-a45f-bfb9b8920851,2207cb65-b197-4ed1-857a-e3fff8ed08ae,100000000,100000000,100000000,95.0,95.03,4,2026-03-21T13:30:19Z,2026-03-26T04:18:43Z,2026-03-26T04:51:00Z,2026-03-26T09:18:00Z,WB-001795,True,2026-03-21T10:46:00Z,1,2
d981a617-b5fc-4284-a9ad-8a4991541c60,SHP-001796,390db63d-5f96-4b7c-89ac-f397dae97b56,3c847821-4f10-4422-9fc2-2517e593562b,100000001,100000000,100000000,90.0,89.62,4,2025-02-05T09:08:31Z,2025-02-08T07:14:23Z,2025-02-08T08:09:07Z,2025-02-08T12:23:00Z,WB-001796,True,2025-02-05T08:51:00Z,1,2
c8f631b3-2b29-40b2-bf82-a5fa2b8a6edc,SHP-001797,332031cd-46c0-4e2d-ad38-1eb93cb327fd,3c847821-4f10-4422-9fc2-2517e593562b,100000001,100000000,100000000,60.0,59.7,3,2025-10-18T12:52:50Z,2025-10-20T04:32:40Z,2025-10-20T06:19:42Z,2025-10-20T11:14:00Z,WB-001797,True,2025-10-18T10:34:00Z,1,2
1b97552b-bf53-4fcb-ac5e-2392e3745490,SHP-001798,368730d2-0ac0-4be6-a1c1-69e3e294d248,3c847821-4f10-4422-9fc2-2517e593562b,100000001,100000000,100000000,45.0,45.0,2,2025-12-29T15:39:31Z,2026-01-04T01:43:35Z,2026-01-04T03:25:14Z,2026-01-04T09:10:00Z,WB-001798,True,2025-12-29T13:06:00Z,1,2
1558b533-c41e-444d-8630-64556560711d,SHP-001799,3a3c6182-ee4d-47ac-96f0-8afc83198a64,3c847821-4f10-4422-9fc2-2517e593562b,100000001,100000001,100000000,25.0,25.0,2,2026-06-26T12:29:22Z,2026-06-27T05:59:11Z,2026-06-27T06:34:35Z,2026-06-27T10:44:00Z,WB-001799,True,2026-06-22T13:28:00Z,1,2
e977d44d-1b96-41aa-868d-5d2e70279cbd,SHP-001800,d8bf30e6-bab0-40f5-9205-0bc98f3cf243,61652fd3-41dd-4edf-acfa-a174ba059e68,100000000,100000000,100000003,60.0,59.92,3,2025-04-22T12:20:34Z,2025-04-23T02:54:36Z,2025-04-23T04:29:11Z,2025-04-23T08:11:00Z,WB-001800,True,2025-04-22T09:33:00Z,1,2
ce27615b-6715-4918-b575-1469150a914a,SHP-001801,328374d5-e208-4eed-a58a-8d94bc0889d3,61652fd3-41dd-4edf-acfa-a174ba059e68,100000000,100000000,100000000,55.0,54.77,3,2026-05-02T15:18:48Z,2026-05-04T05:31:58Z,2026-05-04T06:11:58Z,2026-05-04T12:08:00Z,WB-001801,True,2026-05-02T12:11:00Z,1,2
254a40ff-b50a-4427-8dfb-cc1fe15a2970,SHP-001802,1980fd77-650f-4eb2-98d9-cd962cf525d5,eea00af9-6283-450f-9fdd-c20aebee30cf,100000004,100000000,100000000,35.0,34.99,2,2025-07-08T08:21:52Z,2025-07-15T00:19:24Z,2025-07-15T01:45:55Z,2025-07-15T07:10:00Z,WB-001802,True,2025-07-08T08:29:00Z,1,2
167102e2-5fbf-41a8-abef-5efda11029d8,SHP-001803,53fb4f36-c72d-4784-b5b0-6b99ca426e24,3c1a8ce2-95ec-4c2c-8798-3bc0579744ba,100000001,100000000,100000000,100.0,100.27,5,2025-06-24T11:10:45Z,2025-06-30T19:45:56Z,2025-06-30T20:10:14Z,2025-07-01T13:08:00Z,WB-001803,False,2025-06-24T07:53:00Z,1,2
10ac66b8-d408-43dd-bf94-0a5fcbdf4ca8,SHP-001804,8e02b65e-6937-4956-94d9-e65527dd68b7,9b6fbe20-4b3a-4a83-a286-16f4bbf9a04b,100000002,100000000,100000000,85.0,85.34,4,2025-09-21T15:17:38Z,2025-09-28T03:12:35Z,2025-09-28T05:01:05Z,2025-09-28T10:02:00Z,WB-001804,True,2025-09-21T13:42:00Z,1,2
12c1c9e8-f3f5-47d4-b6fe-9b1708101340,SHP-001805,ae51e610-bf6e-45b4-83c3-094b791b6e68,9b6fbe20-4b3a-4a83-a286-16f4bbf9a04b,100000002,100000001,100000000,160.0,161.0,7,2025-10-27T16:02:46Z,2025-10-29T00:29:37Z,2025-10-29T01:18:21Z,2025-10-29T06:42:00Z,WB-001805,True,2025-10-25T07:31:00Z,1,2
73397417-3787-437c-a8c1-11e4ae6e3be7,SHP-001806,d6e1e79f-9a3e-4347-a0fd-1d56ee66e4b9,9b6fbe20-4b3a-4a83-a286-16f4bbf9a04b,100000002,100000000,100000000,45.0,44.81,2,2025-10-18T09:50:48Z,2025-10-20T01:10:40Z,2025-10-20T01:57:29Z,2025-10-20T09:50:00Z,WB-001806,True,2025-10-18T08:51:00Z,1,2
02324648-44b9-47ed-8d97-70cba8711a4c,SHP-001807,1bdd3154-4799-4cbd-9cae-d3f23ddbe287,9b6fbe20-4b3a-4a83-a286-16f4bbf9a04b,100000002,100000000,100000000,75.0,75.43,4,2026-02-25T16:12:56Z,2026-03-01T07:44:28Z,2026-03-01T08:10:53Z,2026-03-01T12:37:00Z,WB-001807,True,2026-02-25T13:40:00Z,1,2
308ab52b-5417-4b5b-9754-7d658a7e3b9e,SHP-001808,361479af-889d-4937-af62-3f63cabaef87,9b6fbe20-4b3a-4a83-a286-16f4bbf9a04b,100000002,100000001,100000000,75.0,74.95,4,2026-02-13T05:22:41Z,2026-02-14T20:57:08Z,2026-02-14T21:52:54Z,2026-02-15T04:34:00Z,WB-001808,True,2026-02-08T09:37:00Z,1,2
8f80c1cb-f27a-4602-a797-edc4ae339297,SHP-001809,89d79c63-6a75-49ba-8052-fa9db1fea52f,51f4a724-9950-4858-88ca-c260b3f5a21c,100000003,100000000,100000002,330.0,328.84,14,2024-11-05T11:34:34Z,2024-11-06T07:12:36Z,2024-11-06T07:44:02Z,2024-11-06T12:18:00Z,WB-001809,True,2024-11-05T11:58:00Z,1,2
377c4c95-8f83-419e-ad8b-38f49dbdb92a,SHP-001810,3108bf66-7a12-44cb-a78e-bab7d598164e,51f4a724-9950-4858-88ca-c260b3f5a21c,100000003,100000000,100000002,45.0,44.9,2,2025-02-03T07:16:49Z,2025-02-04T22:33:25Z,2025-02-04T23:51:20Z,2025-02-05T06:36:00Z,WB-001810,True,2025-02-03T06:23:00Z,1,2
c81a76f1-5fef-4b71-ab1b-9584255d5014,SHP-001811,85023342-6429-42d2-b329-c6597df15612,51f4a724-9950-4858-88ca-c260b3f5a21c,100000003,100000000,100000000,240.0,239.92,10,2025-02-08T13:02:58Z,2025-02-10T04:12:12Z,2025-02-10T04:38:47Z,2025-02-10T08:34:00Z,WB-001811,True,2025-02-08T10:06:00Z,1,2
b1185e99-5ae1-475f-a7c2-3ffd4bea5d55,SHP-001812,b84aa852-1606-4bf9-ae57-19d437b29510,18e9ef77-64ce-4589-8c4a-62badb335860,100000000,100000000,100000000,70.0,69.77,3,2025-06-18T10:01:08Z,2025-06-25T01:00:42Z,2025-06-25T01:33:51Z,2025-06-25T08:49:00Z,WB-001812,True,2025-06-18T08:30:00Z,1,2
85cf5188-256b-4ebe-9248-df6c2e8b6d1c,SHP-001813,ec69a9a2-2b4d-4590-81b9-4ed81abb423a,18e9ef77-64ce-4589-8c4a-62badb335860,100000000,100000001,100000000,325.0,324.31,14,2025-06-11T21:02:09Z,2025-06-14T01:08:30Z,2025-06-14T02:21:24Z,2025-06-14T07:54:00Z,WB-001813,True,2025-06-07T13:45:00Z,1,2
eccbc636-16d9-4ed9-8679-c780e05f0e25,SHP-001814,1dabbfb6-6ba7-45b9-8c3f-b39387e6d27e,18e9ef77-64ce-4589-8c4a-62badb335860,100000000,100000000,100000000,115.0,115.24,5,2025-06-10T14:13:39Z,2025-06-16T02:19:03Z,2025-06-16T04:04:28Z,2025-06-16T10:34:00Z,WB-001814,True,2025-06-10T13:34:00Z,1,2
8722cc6d-93e8-48e9-9b97-6f05d8089650,SHP-001815,2f28414d-106f-498f-ba44-45d27bc97fa1,18e9ef77-64ce-4589-8c4a-62badb335860,100000000,100000000,100000002,140.0,140.12,6,2025-07-09T10:48:44Z,2025-07-09T23:25:54Z,2025-07-10T00:37:14Z,2025-07-10T06:06:00Z,WB-001815,True,2025-07-09T08:29:00Z,1,2
6d8444ae-c8e8-4370-b60e-531690200d7c,SHP-001816,97082d9f-07bb-49a1-ad6b-c344efa7e581,18e9ef77-64ce-4589-8c4a-62badb335860,100000000,100000001,100000001,120.0,119.81,5,2025-10-09T13:52:59Z,2025-10-11T00:45:23Z,2025-10-11T02:10:35Z,2025-10-11T09:06:00Z,WB-001816,True,2025-10-05T09:58:00Z,1,2
72ef7411-47c5-4f7a-b496-a8111fcb6093,SHP-001817,fd877689-c33a-4c9a-bf73-a5e0b69d8179,6f0eebef-97e8-4057-96a7-01aba66ccf43,100000005,100000000,100000000,25.0,25.12,2,2026-03-14T11:52:18Z,2026-03-17T02:34:21Z,2026-03-17T03:40:11Z,2026-03-17T10:19:00Z,WB-001817,True,2026-03-14T10:24:00Z,1,2
1f515d6f-e5ea-48f6-bb78-66acfc465d65,SHP-001818,ad26a378-9ae1-4323-9ca2-25a4050e5021,6f0eebef-97e8-4057-96a7-01aba66ccf43,100000005,100000000,100000000,110.0,109.82,5,2026-04-18T09:53:59Z,2026-04-21T06:17:24Z,2026-04-21T07:24:57Z,2026-04-21T12:15:00Z,WB-001818,False,2026-04-18T10:02:00Z,1,2
2e0fcd84-0f00-45ad-a634-4e75296a3115,SHP-001819,f83c6747-dad7-4d10-89c6-f558bed0a84f,4c618a43-6f04-4c76-b3e6-922da5044925,100000001,100000000,100000000,80.0,80.33,4,2025-03-29T13:52:18Z,2025-04-02T21:41:01Z,2025-04-02T23:28:48Z,2025-04-03T06:12:00Z,WB-001819,True,2025-03-29T11:18:00Z,1,2
cc8b91ef-9d15-4e9f-b2c1-7e7d35733401,SHP-001820,8f493cb1-568d-48c8-ad34-0a5cc2038132,4c618a43-6f04-4c76-b3e6-922da5044925,100000001,100000000,100000000,65.0,65.03,3,2025-05-12T14:31:39Z,2025-05-14T04:47:33Z,2025-05-14T06:12:25Z,2025-05-14T11:17:00Z,WB-001820,True,2025-05-12T13:34:00Z,1,2
ab5d86ff-5ba8-42d8-a462-f6a67e224ee8,SHP-001821,07d073c1-cec7-4c2c-b3d6-99fac23e5ca9,4c618a43-6f04-4c76-b3e6-922da5044925,100000001,100000000,100000000,25.0,24.93,2,2025-09-27T14:17:21Z,2025-10-04T03:40:32Z,2025-10-04T04:29:23Z,2025-10-04T11:05:00Z,WB-001821,True,2025-09-27T13:09:00Z,1,2
c047eac0-57bf-49f1-bca4-6a7666362e5b,SHP-001822,01bcdf07-64c4-4a9c-924e-1e88ca7ce0b7,4c618a43-6f04-4c76-b3e6-922da5044925,100000001,100000001,100000001,45.0,45.18,2,2025-10-08T20:09:46Z,2025-10-10T23:54:33Z,2025-10-11T01:13:37Z,2025-10-11T06:00:00Z,WB-001822,True,2025-10-04T12:42:00Z,1,2
b57530a2-851f-472f-af4e-dd1c52800ba7,SHP-001823,98f19104-cb81-49cf-8a6c-3d2c7ce99234,4c618a43-6f04-4c76-b3e6-922da5044925,100000001,100000001,100000002,65.0,65.2,3,2026-01-29T20:37:55Z,2026-01-31T06:57:16Z,2026-01-31T08:48:34Z,2026-01-31T13:03:00Z,WB-001823,True,2026-01-26T08:55:00Z,1,2
7112fb4e-928d-4bbc-8caa-a583443032cb,SHP-001824,9bb9c8e1-77bf-4af3-9b88-b170dc6eb338,2bee2fff-8b5f-43fe-b75d-dff45d123e9b,100000002,100000000,100000000,140.0,141.11,6,2026-04-07T08:04:26Z,2026-04-12T05:16:58Z,2026-04-12T05:47:49Z,2026-04-12T10:48:00Z,WB-001824,True,2026-04-07T05:11:00Z,1,2
eeef0fcd-819f-4730-b85a-91e46e2311a7,SHP-001825,fd893917-b1e5-43ef-acd3-57d085034d94,e92915a3-85cd-44bf-901c-93a3b1f22be5,100000003,100000000,100000000,50.0,49.79,3,2025-12-01T12:09:53Z,2025-12-07T21:10:34Z,2025-12-07T22:36:49Z,2025-12-08T05:28:00Z,WB-001825,True,2025-12-01T11:50:00Z,1,2
d098f65f-9f6f-484b-a4cb-413791387da5,SHP-001826,6519cb1e-42a6-4678-aadf-5802eb62b652,e92915a3-85cd-44bf-901c-93a3b1f22be5,100000003,100000000,100000000,40.0,40.0,2,2025-12-07T14:24:44Z,2025-12-12T23:01:46Z,2025-12-13T00:15:11Z,2025-12-13T06:38:00Z,WB-001826,True,2025-12-07T13:42:00Z,1,2
dfe31b08-a119-4d3e-ae3c-5a1b13368cdc,SHP-001827,9a662c23-cf4c-458f-87c9-f4603578a99a,e92915a3-85cd-44bf-901c-93a3b1f22be5,100000003,100000000,100000001,45.0,44.88,2,2026-05-16T12:48:35Z,2026-05-23T05:07:27Z,2026-05-23T06:51:31Z,2026-05-23T12:44:00Z,WB-001827,True,2026-05-16T10:02:00Z,1,2
064d54a8-e226-470d-99ce-590d1ddbc3d4,SHP-001828,14daeec3-8f46-477c-82aa-7c0b6abe7d37,e92915a3-85cd-44bf-901c-93a3b1f22be5,100000003,100000001,100000002,40.0,40.0,2,2026-06-25T23:36:13Z,2026-06-27T03:03:17Z,2026-06-27T03:36:24Z,2026-06-27T07:55:00Z,WB-001828,True,2026-06-20T08:16:00Z,1,2
f0ebcaee-ebfd-4c9e-aaaa-b075303de6ad,SHP-001829,1e07c0e0-1a7d-40d5-a922-fd4d451336d1,e92915a3-85cd-44bf-901c-93a3b1f22be5,100000003,100000000,100000000,100.0,100.34,5,2026-06-11T15:27:30Z,2026-06-17T08:06:45Z,2026-06-17T09:29:25Z,2026-06-17T13:22:00Z,WB-001829,True,2026-06-11T12:31:00Z,1,2
55b08f24-c29f-4877-a6b2-76e1dfe1956c,SHP-001830,e7741e3e-d0e9-4dc9-b997-c7258baab379,371831f3-d527-489b-9b28-65da4cb9be7b,100000001,100000000,100000000,40.0,40.05,2,2026-04-29T09:35:42Z,2026-05-03T00:17:22Z,2026-05-03T02:06:28Z,2026-05-03T07:46:00Z,WB-001830,True,2026-04-29T07:33:00Z,1,2
f767b518-fa10-48ee-b1f0-c1c312265f1b,SHP-001831,872cdb90-17f1-4a8a-9de3-35de727434b6,705faecd-2edf-402e-b531-8081b4effa29,100000001,100000000,100000000,120.0,119.94,5,2026-06-21T13:39:13Z,2026-06-26T21:23:43Z,2026-06-26T22:49:20Z,2026-06-27T08:31:00Z,WB-001831,True,2026-06-21T14:01:00Z,1,2
f81c90e1-0f1c-4043-b318-52a548f6e64f,SHP-001832,76a6e6db-d80c-428b-8d30-abd582185234,f2ca2002-f650-4852-82bc-e2e0dfd5988e,100000000,100000000,100000000,205.0,204.91,9,2026-01-17T09:22:28Z,2026-01-21T00:54:32Z,2026-01-21T01:51:41Z,2026-01-21T04:46:00Z,WB-001832,True,2026-01-17T08:25:00Z,1,2
bd137f90-5a0f-4fb1-a951-ecc25b467b7a,SHP-001833,3cd6a2ed-d37a-4570-ad25-d105f71e6ee2,f2ca2002-f650-4852-82bc-e2e0dfd5988e,100000000,100000001,100000001,60.0,59.95,3,2026-05-21T21:01:00Z,2026-05-23T01:03:44Z,2026-05-23T02:00:00Z,2026-05-23T05:52:00Z,WB-001833,True,2026-05-19T06:51:00Z,1,2
a7627b02-5a91-4a9e-a75a-19a3f1492a0f,SHP-001834,d9a72880-aeaf-42d4-8194-ea7283aa6a63,4008d4da-a819-413d-84fa-84a427d764ce,100000001,100000000,100000000,15.0,,1,2026-06-29T14:56:10Z,,,,,,2026-06-29T12:34:00Z,0,100000000
e3dd39d5-fa65-48be-bf6b-1c3e46f76716,SHP-001835,8769cf7a-cb0e-4be1-9840-867c6e1683af,baff361a-b37e-4c41-9a62-75f5cf590b8e,100000003,100000001,100000000,75.0,75.45,4,2026-04-02T19:11:18Z,2026-04-04T00:03:24Z,2026-04-04T01:52:56Z,2026-04-04T07:40:00Z,WB-001835,True,2026-03-29T08:14:00Z,1,2
09e14c5f-9d4e-4a10-ad8d-1322eb33ec6a,SHP-001836,ca8b9c11-b01e-48a9-a94c-e51198644810,0fb49d98-7aac-4a0a-ad13-4ea8560fc071,100000002,100000000,100000000,175.0,,8,2026-06-27T12:37:36Z,,,,,,2026-06-27T10:49:00Z,0,100000000
7cec89af-2dca-42f0-b2b1-e18dbe5da50a,SHP-001837,7bf0e7bf-3174-4357-b13a-315f0bc23f89,959677e9-35c4-4e08-86a4-7588a676ace1,100000001,100000000,100000002,360.0,359.9,15,2026-01-31T10:28:20Z,2026-01-31T20:15:54Z,2026-01-31T21:58:45Z,2026-02-01T10:37:00Z,WB-001837,True,2026-01-31T07:26:00Z,1,2
2bfbc8b9-eee0-45c9-b249-5896f40ab8b2,SHP-001838,a5125332-58ac-4ccd-b5ab-8536405b553f,959677e9-35c4-4e08-86a4-7588a676ace1,100000001,100000000,100000000,75.0,74.62,4,2026-02-21T09:04:45Z,2026-02-27T16:12:54Z,2026-02-27T17:32:48Z,2026-02-28T04:32:00Z,WB-001838,True,2026-02-21T09:11:00Z,1,2
275b5750-02e3-4471-98a6-372dc9d15e42,SHP-001839,202c1935-dba7-4d83-beba-6f95d22ff6b3,959677e9-35c4-4e08-86a4-7588a676ace1,100000001,100000000,100000002,45.0,45.09,2,2026-06-11T07:40:45Z,2026-06-12T13:46:18Z,2026-06-12T15:21:02Z,2026-06-13T06:17:00Z,WB-001839,True,2026-06-11T07:08:00Z,1,2
0c9bfe68-6ef0-4ba3-8a70-78b61e6b5e01,SHP-001840,74ea3c2f-9a16-4117-ab7e-09e314ddf7d4,959677e9-35c4-4e08-86a4-7588a676ace1,100000001,100000000,100000002,75.0,75.01,4,2026-06-29T13:07:49Z,2026-06-29T22:03:19Z,2026-06-29T23:58:09Z,2026-06-30T10:25:00Z,WB-001840,False,2026-06-29T11:29:00Z,1,2
1adce379-4433-4cfa-ba41-4a34629a13d8,SHP-001841,d2fe201f-3e18-40e3-a303-96ec98da1fcf,959677e9-35c4-4e08-86a4-7588a676ace1,100000001,100000000,100000000,135.0,135.76,6,2026-06-16T14:58:38Z,2026-06-17T16:30:19Z,2026-06-17T17:44:59Z,2026-06-18T04:47:00Z,WB-001841,False,2026-06-16T13:30:00Z,1,2
0f6739f5-ca40-4b9f-9a9f-aa2c9930b0f0,SHP-001842,585deda6-5438-4334-af34-74bc585d5cf3,fae2d4a8-a475-4fa7-8d30-69bfca6628a8,100000000,100000000,100000000,45.0,44.98,2,2026-02-28T09:01:57Z,2026-03-02T22:22:29Z,2026-03-03T00:19:49Z,2026-03-03T05:08:00Z,WB-001842,True,2026-02-28T06:23:00Z,1,2
a3537ea5-6be8-428a-9a5f-6932514f1d9b,SHP-001843,264f47e6-5173-4344-87a1-592a36f375c7,89eb56c1-7f42-4889-8ca1-7f756b2d470a,100000000,100000000,100000000,60.0,60.39,3,2025-08-16T06:39:50Z,2025-08-21T05:20:50Z,2025-08-21T07:01:09Z,2025-08-21T10:39:00Z,WB-001843,True,2025-08-16T06:38:00Z,1,2
69eb1a2f-ae2c-485d-9128-b235ee40a011,SHP-001844,1ab52f9f-d528-4fad-9a8f-eea113f39fdf,89eb56c1-7f42-4889-8ca1-7f756b2d470a,100000000,100000000,100000000,65.0,64.76,3,2025-07-09T11:44:39Z,2025-07-11T22:00:02Z,2025-07-11T23:01:19Z,2025-07-12T04:45:00Z,WB-001844,True,2025-07-09T09:48:00Z,1,2
474d1d4a-8284-4b78-bbad-4f29c45499f0,SHP-001845,f67d7589-3cc9-4a1e-9954-bcae3ed19cc5,89eb56c1-7f42-4889-8ca1-7f756b2d470a,100000000,100000000,100000001,40.0,39.92,2,2025-09-25T12:44:22Z,2025-09-27T06:07:08Z,2025-09-27T07:24:32Z,2025-09-27T11:20:00Z,WB-001845,True,2025-09-25T10:43:00Z,1,2
44e1aa70-9407-42e0-9a12-539b8c43ef37,SHP-001846,f050ddc4-4169-4b9d-beba-de37d4d2a015,89eb56c1-7f42-4889-8ca1-7f756b2d470a,100000000,100000000,100000000,25.0,25.13,2,2025-11-06T11:20:06Z,2025-11-11T23:54:24Z,2025-11-12T01:07:58Z,2025-11-12T06:55:00Z,WB-001846,True,2025-11-06T07:59:00Z,1,2
095e08b2-8b95-412f-a7e7-12d00e2b2e44,SHP-001847,890e278b-dd58-4692-8a0b-a70ab5d006e9,89eb56c1-7f42-4889-8ca1-7f756b2d470a,100000000,100000001,100000001,105.0,104.8,5,2026-01-17T10:11:32Z,2026-01-19T02:31:47Z,2026-01-19T03:32:31Z,2026-01-19T08:21:00Z,WB-001847,True,2026-01-12T09:29:00Z,1,2
328701f3-c5a8-4449-a906-3d1049ec0f8f,SHP-001848,0ec22dcc-2c1b-4d85-8b34-260102c66759,2233212a-f526-4ea2-b953-3cb78ef1a114,100000003,100000000,100000000,110.0,109.83,5,2025-07-26T11:01:41Z,2025-07-30T03:05:36Z,2025-07-30T04:42:33Z,2025-07-30T11:39:00Z,WB-001848,True,2025-07-26T10:22:00Z,1,2
61fa4b75-1037-485d-8f77-d5453ff86bb6,SHP-001849,16fdccd6-2e09-41c5-a069-2db02c3a5ccc,2233212a-f526-4ea2-b953-3cb78ef1a114,100000003,100000000,100000000,75.0,75.12,4,2025-10-15T12:07:37Z,2025-10-21T05:23:39Z,2025-10-21T06:50:39Z,2025-10-21T11:37:00Z,WB-001849,False,2025-10-15T09:26:00Z,1,2
8cf779b7-b70d-4346-9bf6-d3d1cc617078,SHP-001850,342b541c-d480-46d8-9646-4d212729d4a0,2233212a-f526-4ea2-b953-3cb78ef1a114,100000003,100000000,100000000,95.0,94.99,4,2025-11-08T08:11:25Z,2025-11-13T03:42:49Z,2025-11-13T04:47:25Z,2025-11-13T08:38:00Z,WB-001850,True,2025-11-08T07:20:00Z,1,2
0c5333a5-d811-4cd5-901a-ffb346ebe1dd,SHP-001851,b1893cfa-f34f-4fc8-af3c-9e7f11c31dda,2233212a-f526-4ea2-b953-3cb78ef1a114,100000003,100000001,100000002,145.0,144.92,7,2026-01-11T05:23:32Z,2026-01-13T05:25:18Z,2026-01-13T06:29:26Z,2026-01-13T11:42:00Z,WB-001851,True,2026-01-07T08:48:00Z,1,2
de18ab70-45dd-43e0-97fe-f19ffb76a4a7,SHP-001852,9beeebf7-35c2-4b9b-9b2b-9131b755a88f,2233212a-f526-4ea2-b953-3cb78ef1a114,100000003,100000000,100000000,100.0,99.86,5,2026-02-22T16:18:29Z,2026-02-28T00:33:29Z,2026-02-28T01:39:03Z,2026-02-28T08:28:00Z,WB-001852,True,2026-02-22T13:44:00Z,1,2
c290d9a7-950c-47b8-9857-a4660659549a,SHP-001853,9dc4f7a0-47d3-4a10-a13c-15a0a2a8b6ec,2233212a-f526-4ea2-b953-3cb78ef1a114,100000003,100000001,100000002,185.0,185.15,8,2026-03-07T15:19:20Z,2026-03-08T03:46:01Z,2026-03-08T05:34:22Z,2026-03-08T11:30:00Z,WB-001853,False,2026-03-04T12:34:00Z,1,2
8baca6ad-f634-41b5-8066-3ef1c10f2f53,SHP-001854,1ffb428c-1bed-47d1-b35a-be87ec805884,2233212a-f526-4ea2-b953-3cb78ef1a114,100000003,100000001,100000002,245.0,246.38,11,2026-06-21T11:13:03Z,2026-06-22T05:40:44Z,2026-06-22T06:55:22Z,2026-06-22T11:52:00Z,WB-001854,True,2026-06-17T13:03:00Z,1,2
6c1f9367-a504-4125-9b3f-53395a6765ae,SHP-001855,e2507fab-ea7a-4db4-a57d-7ff57808bd63,f9da4f55-bef9-4394-928f-af652f068e12,100000005,100000000,100000002,155.0,155.55,7,2025-05-11T07:16:26Z,2025-05-12T04:30:00Z,2025-05-12T05:14:10Z,2025-05-12T09:28:00Z,WB-001855,True,2025-05-11T05:14:00Z,1,2
5037e7d4-bb6b-412e-9b26-86fc54a40b38,SHP-001856,d864345f-f830-490a-bce4-90d4d06da906,f9da4f55-bef9-4394-928f-af652f068e12,100000005,100000001,100000000,365.0,363.62,16,2025-10-29T04:11:00Z,2025-10-30T05:22:48Z,2025-10-30T06:52:24Z,2025-10-30T11:35:00Z,WB-001856,True,2025-10-26T12:05:00Z,1,2
101b811c-071f-4494-9250-d6eec928eb36,SHP-001857,f5dd33a6-d8fc-4290-b8ee-1546579dfb77,f9da4f55-bef9-4394-928f-af652f068e12,100000005,100000000,100000001,70.0,70.03,3,2026-01-01T13:26:18Z,2026-01-06T03:02:59Z,2026-01-06T04:37:46Z,2026-01-06T12:21:00Z,WB-001857,True,2026-01-01T11:13:00Z,1,2
219a1c9f-5ef3-4764-b11c-8add8aa05bb4,SHP-001858,47c48ff0-583a-4417-aedc-cccacae45390,f9da4f55-bef9-4394-928f-af652f068e12,100000005,100000000,100000000,205.0,204.46,9,2026-05-02T12:17:47Z,2026-05-04T05:37:18Z,2026-05-04T06:25:46Z,2026-05-04T11:11:00Z,WB-001858,True,2026-05-02T11:25:00Z,1,2
aaaefa85-bf9a-4cb7-b562-b077b900eb47,SHP-001859,9ecee699-2cee-46c3-8f40-54201f6426ec,f9da4f55-bef9-4394-928f-af652f068e12,100000005,100000001,100000002,115.0,115.16,5,2026-05-09T16:50:56Z,2026-05-10T08:33:29Z,2026-05-10T10:29:17Z,2026-05-10T13:24:00Z,WB-001859,True,2026-05-07T10:22:00Z,1,2
ad6f9fbd-0b7b-400e-b8a3-46d645b4f389,SHP-001860,e6063b1d-7ca1-41d5-9428-332577cfffd8,da948cdf-6637-4dc7-91f4-48bb28802cff,100000002,100000001,100000001,65.0,65.11,3,2025-06-13T01:04:04Z,2025-06-14T00:38:13Z,2025-06-14T02:35:31Z,2025-06-14T09:36:00Z,WB-001860,True,2025-06-09T12:33:00Z,1,2
554bd28b-6709-4d1d-94a1-62c7ea1cc518,SHP-001861,14b8cb05-1da8-447d-9d86-50992c242e0c,da948cdf-6637-4dc7-91f4-48bb28802cff,100000002,100000000,100000000,110.0,109.73,5,2025-11-01T09:23:34Z,2025-11-04T03:20:36Z,2025-11-04T04:12:57Z,2025-11-04T11:12:00Z,WB-001861,True,2025-11-01T06:23:00Z,1,2
dea3de2c-478e-436f-879a-66eeb931c37a,SHP-001862,413cda92-193c-4ad6-8262-65131cfe9e24,da948cdf-6637-4dc7-91f4-48bb28802cff,100000002,100000000,100000000,70.0,69.91,3,2025-12-28T06:47:35Z,2026-01-03T01:21:57Z,2026-01-03T02:37:56Z,2026-01-03T07:58:00Z,WB-001862,True,2025-12-28T05:34:00Z,1,2
f9cb0b25-e6a2-4984-abee-32fe7294c450,SHP-001863,0da4527e-f673-4990-b05f-a292cc00c069,4087be6a-4514-4416-ac44-821eaf051764,100000000,100000001,100000000,105.0,105.09,5,2025-02-16T21:03:50Z,2025-02-19T06:18:51Z,2025-02-19T06:43:55Z,2025-02-19T12:46:00Z,WB-001863,True,2025-02-12T12:52:00Z,1,2
0e5cc8bc-cd1e-43cf-b7ad-ea1372cd44ef,SHP-001864,39402923-00c2-4e0f-be9f-034fcdbc09ad,4087be6a-4514-4416-ac44-821eaf051764,100000000,100000000,100000000,35.0,35.01,2,2025-06-30T09:55:58Z,2025-07-07T00:58:04Z,2025-07-07T01:37:53Z,2025-07-07T06:49:00Z,WB-001864,True,2025-06-30T06:35:00Z,1,2
f1bc61b6-29ca-40b2-b1ad-e5f1cc8ddf87,SHP-001865,cfc38f24-dcfe-44a2-adae-7ac6481eb6e2,4087be6a-4514-4416-ac44-821eaf051764,100000000,100000000,100000001,80.0,80.22,4,2025-08-05T07:12:53Z,2025-08-07T01:23:19Z,2025-08-07T01:56:27Z,2025-08-07T06:31:00Z,WB-001865,True,2025-08-05T05:33:00Z,1,2
48e6befa-2f52-4263-90ac-626cd8d7664a,SHP-001866,dea8ba8c-047b-4324-a846-0fec76ce834a,4087be6a-4514-4416-ac44-821eaf051764,100000000,100000000,100000003,10.0,10.03,1,2025-08-13T08:30:09Z,2025-08-13T21:12:08Z,2025-08-13T23:09:32Z,2025-08-14T05:45:00Z,WB-001866,True,2025-08-13T07:40:00Z,1,2
99a1aed2-7e94-4fb8-aec3-52bfaab9e011,SHP-001867,1973a552-5089-4d81-91bf-80e6f7a318b5,4087be6a-4514-4416-ac44-821eaf051764,100000000,100000000,100000000,65.0,64.64,3,2025-07-12T14:36:13Z,2025-07-19T02:16:33Z,2025-07-19T04:09:24Z,2025-07-19T12:00:00Z,WB-001867,True,2025-07-12T11:02:00Z,1,2
e8e43c1a-0750-4caf-9319-ec8ee5364405,SHP-001868,6f41a006-0e50-4283-a2c3-3c8c6aa092fd,4087be6a-4514-4416-ac44-821eaf051764,100000000,100000000,100000000,45.0,44.95,2,2025-12-21T09:29:55Z,2025-12-23T03:31:20Z,2025-12-23T04:09:21Z,2025-12-23T09:59:00Z,WB-001868,True,2025-12-21T08:54:00Z,1,2
7f220f3b-418d-4dfe-82e9-a49cf8717c49,SHP-001869,923b0123-13fb-4d10-afe6-31990d6397ce,4087be6a-4514-4416-ac44-821eaf051764,100000000,100000001,100000002,25.0,25.04,2,2026-04-01T01:46:59Z,2026-04-02T04:25:05Z,2026-04-02T05:16:25Z,2026-04-02T08:39:00Z,WB-001869,True,2026-03-30T06:35:00Z,1,2
21cee40f-dcc3-4755-a326-34556832c96b,SHP-001870,1ba6390f-9c24-4686-8008-3e9e496a0071,4087be6a-4514-4416-ac44-821eaf051764,100000000,100000001,100000002,30.0,30.03,2,2026-04-20T18:23:32Z,2026-04-21T21:47:42Z,2026-04-21T23:05:54Z,2026-04-22T05:48:00Z,WB-001870,True,2026-04-15T13:41:00Z,1,2
e85d7326-8c2f-4ef0-94be-45761bd0a36f,SHP-001871,472b041f-a760-4990-8ab8-16ce21dddc2c,4087be6a-4514-4416-ac44-821eaf051764,100000000,100000000,100000000,50.0,49.94,3,2026-04-14T09:32:31Z,2026-04-17T23:45:12Z,2026-04-18T00:19:43Z,2026-04-18T05:38:00Z,WB-001871,True,2026-04-14T06:58:00Z,1,2
fc7a156a-8176-4e39-be9f-0c83d4d69f92,SHP-001872,d4baab52-d5b7-47a1-a2b2-1c76b6c298fb,4087be6a-4514-4416-ac44-821eaf051764,100000000,100000000,100000000,45.0,44.97,2,2026-05-25T14:39:28Z,2026-05-27T05:26:55Z,2026-05-27T06:24:10Z,2026-05-27T10:17:00Z,WB-001872,True,2026-05-25T13:18:00Z,1,2
bc5d4965-3cf7-4ba6-a59e-87b180cc261f,SHP-001873,26985000-960e-4e5a-aa7a-5d45a509a258,4087be6a-4514-4416-ac44-821eaf051764,100000000,100000000,100000002,70.0,69.98,3,2026-06-18T06:39:38Z,2026-06-20T02:53:12Z,2026-06-20T04:50:16Z,2026-06-20T10:19:00Z,WB-001873,True,2026-06-18T06:36:00Z,1,2
6aee2eec-aaab-4042-a1fd-4ebcd12808af,SHP-001874,566a84c2-9756-40b6-8278-dfe003bbb194,ee93a4d0-cd24-420c-8d34-6977d41bd8bf,100000004,100000000,100000001,20.0,20.0,1,2025-06-12T16:20:31Z,2025-06-14T00:43:26Z,2025-06-14T01:26:26Z,2025-06-14T05:32:00Z,WB-001874,True,2025-06-12T13:58:00Z,1,2
2bf22d38-f468-4ca5-9fc0-1da94d0d8f24,SHP-001875,87fa8704-2f58-4667-84b1-2eafca91590a,ee93a4d0-cd24-420c-8d34-6977d41bd8bf,100000004,100000001,100000002,30.0,29.98,2,2026-06-09T16:58:45Z,2026-06-10T22:27:53Z,2026-06-10T23:40:46Z,2026-06-11T05:15:00Z,WB-001875,True,2026-06-07T13:31:00Z,1,2
3dd67e2c-f274-4abb-8883-24adb5aa9473,SHP-001876,96cc3f31-7c34-4760-a96c-52a590a87d89,77902ddf-4b58-4ceb-a6e4-86bf8d2eea22,100000003,100000000,100000000,40.0,40.28,2,2025-12-23T10:58:59Z,2025-12-27T02:32:31Z,2025-12-27T03:45:30Z,2025-12-27T08:49:00Z,WB-001876,True,2025-12-23T09:33:00Z,1,2
7184720c-1145-48ad-8e17-a2c9084fdb2e,SHP-001877,3852136f-b1bb-42b6-9461-f023c9e1974f,77902ddf-4b58-4ceb-a6e4-86bf8d2eea22,100000003,100000000,100000000,70.0,69.84,3,2025-12-13T11:11:55Z,2025-12-17T23:10:35Z,2025-12-18T00:56:14Z,2025-12-18T06:41:00Z,WB-001877,True,2025-12-13T10:04:00Z,1,2
e362fdc7-ad17-4b28-acc6-e87761202e3f,SHP-001878,5c7294c8-9383-40b9-a811-fac21e336c47,77902ddf-4b58-4ceb-a6e4-86bf8d2eea22,100000003,100000000,100000000,55.0,54.84,3,2026-02-26T08:56:54Z,2026-03-01T03:07:34Z,2026-03-01T04:54:43Z,2026-03-01T10:33:00Z,WB-001878,True,2026-02-26T06:08:00Z,1,2
64d11206-030b-482e-a023-41ab785d6d9b,SHP-001879,420a4527-b0ca-4da0-b994-1fa259ffbd3c,77902ddf-4b58-4ceb-a6e4-86bf8d2eea22,100000003,100000000,100000000,40.5,40.5,2,2026-03-26T15:49:44Z,2026-03-29T00:04:48Z,2026-03-29T01:41:14Z,2026-03-29T08:02:00Z,WB-001879,True,2026-03-26T12:33:00Z,1,2
fb05db28-b47b-484a-84ad-888098c281cf,SHP-001880,1dd838c6-ea2f-4ab2-bac1-af9d0daacb17,c425d020-4389-4f66-9780-29e939d00762,100000002,100000001,100000002,285.0,284.28,12,2026-03-06T03:13:08Z,2026-03-06T20:41:28Z,2026-03-06T22:35:40Z,2026-03-07T07:14:00Z,WB-001880,True,2026-03-02T13:00:00Z,1,2
697187ee-5284-4acd-a035-748f4a083c2a,SHP-001881,69e439b7-daa5-46b5-aabb-1df1bbdf5093,c425d020-4389-4f66-9780-29e939d00762,100000002,100000001,100000002,65.0,,3,2026-06-30T04:26:16Z,,,,,,2026-06-27T09:19:00Z,0,100000000
22a56e7e-323e-4203-9301-46bfcd86aeed,SHP-001882,ab3ba952-6f12-43db-bc6b-6e55e6a52753,7cd6572f-301b-4b4e-a293-4e8ed189f750,100000004,100000000,100000000,35.0,34.89,2,2025-12-24T11:55:36Z,2025-12-28T01:42:17Z,2025-12-28T02:10:45Z,2025-12-28T09:03:00Z,WB-001882,True,2025-12-24T08:41:00Z,1,2
d1f97d3e-c0a5-46d8-ac75-748ffff5c3e9,SHP-001883,1fa737b8-fc42-442d-ba39-8cea5068314c,7cd6572f-301b-4b4e-a293-4e8ed189f750,100000004,100000000,100000000,40.0,40.02,2,2026-01-31T08:21:06Z,2026-02-07T05:13:10Z,2026-02-07T06:02:48Z,2026-02-07T11:34:00Z,WB-001883,True,2026-01-31T05:31:00Z,1,2
dad3a8f5-eb20-4a39-81c4-c78796277880,SHP-001884,9db5d7d6-4558-4148-8a83-c300525d2dc4,7cd6572f-301b-4b4e-a293-4e8ed189f750,100000004,100000000,100000000,55.0,55.19,3,2026-06-13T09:33:09Z,2026-06-17T01:11:47Z,2026-06-17T03:10:23Z,2026-06-17T09:59:00Z,WB-001884,True,2026-06-13T07:08:00Z,1,2
172bf919-fe0b-43cd-af9d-0a2255b98035,SHP-001885,1a811a97-8db7-4bf1-8018-dd3c77a146b8,11925880-301d-4817-a673-d42dc7af75de,100000001,100000000,100000001,160.0,160.08,7,2026-04-08T07:57:32Z,2026-04-10T17:47:32Z,2026-04-10T19:28:01Z,2026-04-11T08:04:00Z,WB-001885,True,2026-04-08T05:43:00Z,1,2
ab2c564b-8263-40ee-9855-0f55bf44209d,SHP-001886,62f2e94f-1148-4a9b-8a92-8cb873427425,11925880-301d-4817-a673-d42dc7af75de,100000001,100000000,100000000,240.0,241.0,10,2026-06-20T06:57:11Z,2026-06-24T15:09:39Z,2026-06-24T16:27:16Z,2026-06-25T06:22:00Z,WB-001886,True,2026-06-20T05:03:00Z,1,2
6498d39c-29ea-46e8-a102-a14ec39350aa,SHP-001887,c2cdba93-c973-4da7-b964-83c481c4f5e5,4001570a-3312-4e73-8485-63a3aeee2302,100000000,100000000,100000002,40.0,39.99,2,2026-03-24T08:12:07Z,2026-03-24T22:38:06Z,2026-03-24T23:31:51Z,2026-03-25T06:55:00Z,WB-001887,True,2026-03-24T07:42:00Z,1,2
1eb9e09f-9cf7-4605-8d19-316f9a87255e,SHP-001888,6f1af918-56cc-4c6e-8fc0-8ec1ffdb286a,4001570a-3312-4e73-8485-63a3aeee2302,100000000,100000000,100000000,225.0,224.8,10,2026-04-21T08:02:54Z,2026-04-28T04:40:39Z,2026-04-28T06:19:54Z,2026-04-28T10:54:00Z,WB-001888,True,2026-04-21T05:31:00Z,1,2
dba82716-70dc-4d06-802f-5d3f2db924fe,SHP-001889,14762b21-9719-4f70-96c4-986fb6f1b3cb,1d96dc53-2344-4c54-8cae-f9ec6d44f723,100000000,100000000,100000001,80.0,80.09,4,2024-11-30T10:37:27Z,2024-12-06T22:51:03Z,2024-12-06T23:29:10Z,2024-12-07T04:42:00Z,WB-001889,True,2024-11-30T08:40:00Z,1,2
fbbb4f21-59d5-475b-93f0-3658c3438b65,SHP-001890,415044d1-0d6f-4600-af91-dec60084134a,1d96dc53-2344-4c54-8cae-f9ec6d44f723,100000000,100000001,100000002,35.0,35.07,2,2025-04-25T21:39:09Z,2025-04-27T03:27:07Z,2025-04-27T04:34:38Z,2025-04-27T09:45:00Z,WB-001890,True,2025-04-22T11:21:00Z,1,2
9def993c-8f9d-4af7-b30f-fd31b334ca17,SHP-001891,3cf44a95-5abe-49de-b7a3-9803739d180d,1d96dc53-2344-4c54-8cae-f9ec6d44f723,100000000,100000000,100000001,30.0,29.95,2,2025-09-06T11:45:43Z,2025-09-07T04:02:38Z,2025-09-07T04:30:38Z,2025-09-07T10:16:00Z,WB-001891,True,2025-09-06T09:18:00Z,1,2
6bec7d36-8a22-4818-988f-68814468f663,SHP-001892,4e23cead-a714-4b37-a317-60e4fa66ca82,1d96dc53-2344-4c54-8cae-f9ec6d44f723,100000000,100000000,100000002,85.0,85.6,4,2025-11-18T07:03:47Z,2025-11-20T05:49:13Z,2025-11-20T06:18:50Z,2025-11-20T10:23:00Z,WB-001892,True,2025-11-18T07:26:00Z,1,2
59a3837e-c882-4adb-a578-33f8d32334a8,SHP-001893,566720cc-6ffd-4f07-bb0a-06dbb2d07771,1d96dc53-2344-4c54-8cae-f9ec6d44f723,100000000,100000000,100000000,65.0,64.9,3,2026-04-20T12:11:36Z,2026-04-26T23:53:27Z,2026-04-27T00:59:24Z,2026-04-27T07:55:00Z,WB-001893,True,2026-04-20T09:14:00Z,1,2
34e51c40-1825-4e35-bdc7-aad76161c583,SHP-001894,7203ad15-f9ba-4da9-9058-036fca43d333,1ab88733-80e1-4c41-8a9a-727fb2a12a55,100000000,100000000,100000003,35.0,34.98,2,2025-11-24T09:37:23Z,2025-11-25T00:20:48Z,2025-11-25T01:26:05Z,2025-11-25T09:06:00Z,WB-001894,True,2025-11-24T07:45:00Z,1,2
1fb65527-c511-460d-8f83-f98ef83eecf8,SHP-001895,f52612e5-8923-4297-ade9-673886a7e93d,1ab88733-80e1-4c41-8a9a-727fb2a12a55,100000000,100000001,100000000,35.0,34.97,2,2026-03-07T15:31:23Z,2026-03-09T01:33:04Z,2026-03-09T02:47:51Z,2026-03-09T09:45:00Z,WB-001895,True,2026-03-05T11:52:00Z,1,2
3806649a-56f4-454f-a86c-44b8472cf315,SHP-001896,3b2a34ee-b6a9-4767-83ee-e50105e096a3,1ab88733-80e1-4c41-8a9a-727fb2a12a55,100000000,100000000,100000001,85.0,85.12,4,2026-04-29T10:54:25Z,2026-04-30T03:54:46Z,2026-04-30T05:30:26Z,2026-04-30T12:08:00Z,WB-001896,False,2026-04-29T09:28:00Z,1,2
177f5b9a-2150-43e1-af65-2e90ae92e299,SHP-001897,051c4ddd-bea6-46d0-8850-cd2704d91a79,144be8bc-e207-4595-be20-9925a72427a6,100000000,100000001,100000000,30.0,30.05,2,2025-02-27T15:45:34Z,2025-03-01T03:24:17Z,2025-03-01T03:52:26Z,2025-03-01T08:24:00Z,WB-001897,True,2025-02-24T06:43:00Z,1,2
2f3e6ad4-291b-4c88-8ace-2911f7c5c1c6,SHP-001898,06dffaf3-0985-46a0-9da2-0e5e0a3bbe6b,144be8bc-e207-4595-be20-9925a72427a6,100000000,100000000,100000003,40.0,39.95,2,2025-08-30T10:58:47Z,2025-08-31T01:44:49Z,2025-08-31T03:39:38Z,2025-08-31T08:36:00Z,WB-001898,True,2025-08-30T09:04:00Z,1,2
02711617-601d-444a-8d9d-3b7ef6c16703,SHP-001899,0825b12a-0149-4211-9edc-663e8c428152,144be8bc-e207-4595-be20-9925a72427a6,100000000,100000000,100000001,55.0,54.97,3,2025-10-21T08:34:58Z,2025-10-23T03:09:57Z,2025-10-23T04:40:19Z,2025-10-23T09:16:00Z,WB-001899,True,2025-10-21T06:48:00Z,1,2
e8e3f5d3-c5c8-46ac-b1e4-3715c65044cc,SHP-001900,1be042ad-1623-4be6-88bd-a6be798c1046,144be8bc-e207-4595-be20-9925a72427a6,100000000,100000000,100000001,45.0,44.95,2,2026-03-29T17:05:28Z,2026-03-30T01:16:50Z,2026-03-30T03:16:06Z,2026-03-30T11:52:00Z,WB-001900,True,2026-03-29T13:27:00Z,1,2
817d59a0-ad67-4733-9c45-7cb14e3b7aa2,SHP-001901,adca3a79-6b60-4463-aee7-76e7ac1b6d47,144be8bc-e207-4595-be20-9925a72427a6,100000000,100000001,100000000,80.0,80.11,4,2026-04-29T00:38:40Z,2026-04-30T07:23:32Z,2026-04-30T08:52:59Z,2026-04-30T13:23:00Z,WB-001901,True,2026-04-25T08:21:00Z,1,2
7fe4f0f4-e430-49f1-8bac-22c22fbc88af,SHP-001902,a954a5e0-2229-4482-ba0a-614d2307ed34,e716eb38-581f-43df-be71-bda810128b96,100000000,100000000,100000002,80.0,79.95,4,2025-12-20T05:42:23Z,2025-12-27T03:21:49Z,2025-12-27T05:08:24Z,2025-12-27T10:43:00Z,WB-001902,True,2025-12-20T05:48:00Z,1,2
6fa4c828-aa65-46af-a3e6-0358ceb981d4,SHP-001903,ec5df465-c1b3-4cb3-88db-73815ab1c469,e716eb38-581f-43df-be71-bda810128b96,100000000,100000001,100000001,35.0,35.24,2,2026-01-31T13:35:16Z,2026-02-01T04:29:17Z,2026-02-01T06:18:32Z,2026-02-01T11:56:00Z,WB-001903,True,2026-01-29T08:48:00Z,1,2
ff44da9f-b57f-4a0d-858f-3699048ccb0b,SHP-001904,939741c3-6ee2-4774-baf2-e65a16af8281,e716eb38-581f-43df-be71-bda810128b96,100000000,100000000,100000000,30.0,29.91,2,2026-03-12T11:26:43Z,2026-03-14T02:12:29Z,2026-03-14T04:11:15Z,2026-03-14T09:33:00Z,WB-001904,True,2026-03-12T09:05:00Z,1,2
6dc35227-43dd-4703-825c-490bc1c412de,SHP-001905,cb9e9f76-f158-4159-be1b-58d15c523260,f3f48d53-1120-41b7-9b23-91f0f620e4c0,100000002,100000001,100000002,60.0,60.22,3,2024-11-22T03:35:49Z,2024-11-23T03:58:31Z,2024-11-23T04:29:52Z,2024-11-23T09:16:00Z,WB-001905,True,2024-11-16T08:22:00Z,1,2
6a92e73e-ba21-4dbe-867b-cde98b991cb9,SHP-001906,72028f03-c5df-460a-81ae-f3e3cda7be29,f3f48d53-1120-41b7-9b23-91f0f620e4c0,100000002,100000000,100000001,255.0,255.48,11,2025-02-15T12:40:45Z,2025-02-17T22:55:21Z,2025-02-17T23:33:43Z,2025-02-18T08:14:00Z,WB-001906,True,2025-02-15T10:13:00Z,1,2
bcfee8fc-634d-4931-9e52-8e6f1ee57256,SHP-001907,eccceec4-2ef3-49b0-8559-57cd57813dba,f3f48d53-1120-41b7-9b23-91f0f620e4c0,100000002,100000001,100000001,50.0,49.96,3,2025-04-17T02:03:23Z,2025-04-19T05:49:14Z,2025-04-19T06:36:35Z,2025-04-19T12:28:00Z,WB-001907,True,2025-04-12T05:52:00Z,1,2
63aaf945-8329-4046-ba4e-5781a64dd6b5,SHP-001908,30c4aa27-c0c9-4f5d-bcb1-d0929587c716,f3f48d53-1120-41b7-9b23-91f0f620e4c0,100000002,100000001,100000001,90.0,89.9,4,2025-06-08T14:38:05Z,2025-06-09T02:12:48Z,2025-06-09T03:41:29Z,2025-06-09T09:53:00Z,WB-001908,True,2025-06-05T10:32:00Z,1,2
9559981f-59d3-4e99-b277-5576abd45556,SHP-001909,f4c2ed1c-af5a-419f-ad12-ca1bdaa44d11,f3f48d53-1120-41b7-9b23-91f0f620e4c0,100000002,100000000,100000000,65.0,64.73,3,2025-08-05T13:22:16Z,2025-08-11T02:07:41Z,2025-08-11T04:03:53Z,2025-08-11T11:15:00Z,WB-001909,True,2025-08-05T13:18:00Z,1,2
5d63b1ea-bff1-492b-b6f3-bcb21fca5bf4,SHP-001910,a95ec830-4b6d-4365-b1ed-c2a1f025160e,f3f48d53-1120-41b7-9b23-91f0f620e4c0,100000002,100000001,100000001,65.0,65.2,3,2025-09-25T11:57:11Z,2025-09-27T01:35:20Z,2025-09-27T02:26:25Z,2025-09-27T10:46:00Z,WB-001910,True,2025-09-20T08:08:00Z,1,2
ba4f5e83-542e-4529-92eb-13638f1b7719,SHP-001911,e0a6d289-ab7d-416f-960f-9df72ef7728c,f3f48d53-1120-41b7-9b23-91f0f620e4c0,100000002,100000000,100000000,115.0,114.52,5,2026-02-10T12:46:41Z,2026-02-14T01:18:57Z,2026-02-14T02:42:30Z,2026-02-14T06:54:00Z,WB-001911,True,2026-02-10T09:01:00Z,1,2
69b62eb0-5d8f-4a38-9033-5de01ec89e1b,SHP-001912,4bad763e-399f-4504-870b-dbe0211a5ed8,f3f48d53-1120-41b7-9b23-91f0f620e4c0,100000002,100000000,100000000,150.0,148.5,7,2026-03-01T07:42:14Z,2026-03-04T01:00:57Z,2026-03-04T02:57:59Z,2026-03-04T09:30:00Z,WB-001912,True,2026-03-01T07:02:00Z,1,2
c102d8d9-9844-4d6a-ab25-ce63cc3595a3,SHP-001913,718ba6ed-2009-4f88-be9c-f4d8e4004865,f3f48d53-1120-41b7-9b23-91f0f620e4c0,100000002,100000001,100000001,80.0,80.04,4,2026-06-11T20:03:21Z,2026-06-12T20:56:08Z,2026-06-12T22:41:47Z,2026-06-13T06:20:00Z,WB-001913,False,2026-06-08T08:41:00Z,1,2
429ff2e8-deec-4503-9272-73c65c36576b,SHP-001914,dacf4f26-1d82-4bae-89e3-c8ba43299dde,7ec59e55-1b98-467e-8cc8-8dc68127a367,100000000,100000000,100000002,285.0,285.33,12,2024-12-24T16:31:10Z,2024-12-30T04:26:31Z,2024-12-30T05:34:38Z,2024-12-30T10:21:00Z,WB-001914,True,2024-12-24T14:05:00Z,1,2
5b0c64ba-d117-4515-bfe9-b44f721a4f2d,SHP-001915,406df0db-c6e5-4bb9-9175-bb5a7f852634,7ec59e55-1b98-467e-8cc8-8dc68127a367,100000000,100000000,100000001,80.0,79.97,4,2025-05-28T13:25:28Z,2025-05-29T07:00:46Z,2025-05-29T07:51:20Z,2025-05-29T12:47:00Z,WB-001915,True,2025-05-28T12:17:00Z,1,2
def51c41-d2b6-40d4-bab1-74811bc20e85,SHP-001916,f147f33e-83ad-4b43-9e2a-dda2bae7c4a0,7ec59e55-1b98-467e-8cc8-8dc68127a367,100000000,100000000,100000000,95.0,94.51,4,2025-07-05T14:42:45Z,2025-07-12T06:30:35Z,2025-07-12T07:39:55Z,2025-07-12T12:42:00Z,WB-001916,True,2025-07-05T13:16:00Z,1,2
0105d959-016a-45f6-b28e-9f8ba5059910,SHP-001917,24eb79ee-e76e-49a0-932b-201c3221bb88,7ec59e55-1b98-467e-8cc8-8dc68127a367,100000000,100000000,100000002,155.0,155.21,7,2025-07-22T12:03:36Z,2025-07-24T07:13:36Z,2025-07-24T08:47:08Z,2025-07-24T12:56:00Z,WB-001917,True,2025-07-22T10:26:00Z,1,2
59b091ac-4ba6-49d2-9b4b-7981368e56bd,SHP-001918,0db1856e-57ea-450c-8447-002900868987,7ec59e55-1b98-467e-8cc8-8dc68127a367,100000000,100000000,100000000,135.0,135.05,6,2025-08-09T13:28:05Z,2025-08-16T05:17:57Z,2025-08-16T06:22:44Z,2025-08-16T12:04:00Z,WB-001918,True,2025-08-09T12:15:00Z,1,2
9def0dc6-d9ac-4035-8527-8408f5f94773,SHP-001919,614e0f3a-8c0f-490c-b3ed-6b194beda614,7ec59e55-1b98-467e-8cc8-8dc68127a367,100000000,100000000,100000000,45.0,44.82,2,2025-11-08T13:45:20Z,2025-11-11T06:46:28Z,2025-11-11T07:18:31Z,2025-11-11T13:18:00Z,WB-001919,True,2025-11-08T13:46:00Z,1,2
64a4fc86-d584-4a76-9299-59c1632c8ff0,SHP-001920,e03797fc-0461-4c9c-9067-a19e562406e3,7ec59e55-1b98-467e-8cc8-8dc68127a367,100000000,100000000,100000003,175.0,175.29,8,2025-11-03T14:34:36Z,2025-11-04T08:38:54Z,2025-11-04T09:33:09Z,2025-11-04T12:11:00Z,WB-001920,True,2025-11-03T12:50:00Z,1,2
05268d75-ef56-406d-90e5-15b4f0b0f1b3,SHP-001921,49b1dae7-3159-4c9e-8e42-f7a2cac3e451,7ec59e55-1b98-467e-8cc8-8dc68127a367,100000000,100000000,100000000,95.0,95.36,4,2025-11-20T09:30:31Z,2025-11-22T07:31:06Z,2025-11-22T08:32:48Z,2025-11-22T13:11:00Z,WB-001921,True,2025-11-20T09:36:00Z,1,2
a58c1e5d-2ce5-43df-9936-a80647fc79dc,SHP-001922,dfc66625-1dfb-43f1-8937-f5a7322373de,7ec59e55-1b98-467e-8cc8-8dc68127a367,100000000,100000000,100000000,70.0,70.32,3,2025-12-20T09:56:11Z,2025-12-27T07:38:02Z,2025-12-27T08:59:44Z,2025-12-27T13:00:00Z,WB-001922,True,2025-12-20T06:45:00Z,1,2
c06944ae-30c7-47f6-9d41-17e1c1d4e6f5,SHP-001923,088497e9-f713-48e8-b7e3-ff68c27366e7,7ec59e55-1b98-467e-8cc8-8dc68127a367,100000000,100000000,100000001,185.0,184.94,8,2026-02-09T13:27:07Z,2026-02-14T02:44:55Z,2026-02-14T03:32:14Z,2026-02-14T07:20:00Z,WB-001923,True,2026-02-09T10:10:00Z,1,2
ea7f8a87-d7c9-4235-a6ea-9084e77dfe2c,SHP-001924,d9d6992e-8c6d-470c-b1ac-7065e48ca3b3,7ec59e55-1b98-467e-8cc8-8dc68127a367,100000000,100000000,100000001,160.0,159.93,7,2026-06-27T16:19:11Z,2026-06-28T03:14:13Z,2026-06-28T03:56:09Z,2026-06-28T09:27:00Z,WB-001924,True,2026-06-27T14:05:00Z,1,2
05f45d09-48e6-4a07-b1c9-b54ea3122342,SHP-001925,cc42d661-6e7b-4ec9-ad87-9c282b20fb61,a2a5ef39-c163-4f1b-9f32-f343a562f0a0,100000003,100000000,100000000,155.0,155.24,7,2025-04-24T13:40:54Z,2025-05-01T06:48:31Z,2025-05-01T08:19:22Z,2025-05-01T12:46:00Z,WB-001925,True,2025-04-24T11:53:00Z,1,2
f4a185b1-e2cd-416b-a9fc-c41b99e27e0e,SHP-001926,f22e8078-8ad7-4575-bea5-0fb7e6517686,a2a5ef39-c163-4f1b-9f32-f343a562f0a0,100000003,100000001,100000000,170.0,169.58,8,2025-05-28T02:49:01Z,2025-05-29T01:52:52Z,2025-05-29T03:41:11Z,2025-05-29T10:03:00Z,WB-001926,True,2025-05-24T11:37:00Z,1,2
6349afef-2627-4b6c-a02a-027847797852,SHP-001927,6cab995b-2f91-4782-aa61-78144b138734,a2a5ef39-c163-4f1b-9f32-f343a562f0a0,100000003,100000001,100000001,150.0,149.92,7,2025-10-23T13:16:58Z,2025-10-25T00:48:01Z,2025-10-25T01:55:34Z,2025-10-25T08:08:00Z,WB-001927,True,2025-10-21T05:27:00Z,1,2
0223374e-f2f2-4dff-88e8-02ae79e35fe2,SHP-001928,89c9b09a-43f3-41fe-8f47-54bebc442ba1,a2a5ef39-c163-4f1b-9f32-f343a562f0a0,100000003,100000000,100000002,95.0,95.4,4,2025-10-11T06:58:22Z,2025-10-18T00:42:26Z,2025-10-18T02:01:00Z,2025-10-18T08:53:00Z,WB-001928,True,2025-10-11T05:11:00Z,1,2
66838770-260d-4110-841d-138c8e9da03e,SHP-001929,c9afb596-5055-4a96-8428-f968bb30a4f9,a2a5ef39-c163-4f1b-9f32-f343a562f0a0,100000003,100000000,100000002,230.0,229.25,10,2025-10-04T10:02:08Z,2025-10-06T04:14:17Z,2025-10-06T04:57:07Z,2025-10-06T09:50:00Z,WB-001929,True,2025-10-04T10:33:00Z,1,2
51a4a249-43cf-4022-bebb-7520fb4d9d84,SHP-001930,30beca83-d27d-4fba-b140-ca4ace823aab,a2a5ef39-c163-4f1b-9f32-f343a562f0a0,100000003,100000000,100000002,65.0,65.22,3,2026-06-11T12:07:54Z,2026-06-14T01:32:52Z,2026-06-14T02:35:03Z,2026-06-14T08:49:00Z,WB-001930,True,2026-06-11T10:18:00Z,1,2
7c6d2557-fb0e-4945-9f02-3782b3f890db,SHP-001931,f4fef37a-c2ea-4281-84ae-91823f668daa,1fda98c9-40a6-4de4-9271-e2959b21c065,100000001,100000001,100000001,155.0,155.23,7,2025-04-18T20:50:08Z,2025-04-19T08:24:19Z,2025-04-19T09:51:29Z,2025-04-19T13:06:00Z,WB-001931,True,2025-04-15T06:04:00Z,1,2
7c80e094-611f-41de-b2e2-9994204f592c,SHP-001932,18f3dc39-23e6-496d-b0e1-f3f56570e37e,1fda98c9-40a6-4de4-9271-e2959b21c065,100000001,100000000,100000000,70.0,69.93,3,2025-05-25T08:02:14Z,2025-06-01T07:14:30Z,2025-06-01T07:47:00Z,2025-06-01T11:42:00Z,WB-001932,True,2025-05-25T05:23:00Z,1,2
63785d01-949c-49a2-bb6b-fabe91a36e33,SHP-001933,c48d9b0a-f512-41a1-98f8-013364833d75,1fda98c9-40a6-4de4-9271-e2959b21c065,100000001,100000000,100000000,180.0,179.98,8,2025-07-15T16:20:27Z,2025-07-22T06:02:45Z,2025-07-22T06:35:08Z,2025-07-22T10:17:00Z,WB-001933,True,2025-07-15T14:11:00Z,1,2
da2671d6-2a3c-4226-870a-557ab7a19984,SHP-001934,7a0e4324-93c8-42a5-a344-cae07a43c7fe,1fda98c9-40a6-4de4-9271-e2959b21c065,100000001,100000001,100000000,195.0,195.34,9,2025-09-02T13:27:04Z,2025-09-03T06:00:16Z,2025-09-03T07:04:44Z,2025-09-03T12:47:00Z,WB-001934,True,2025-08-30T13:48:00Z,1,2
7692a623-4468-46b1-8961-2ee261ae4481,SHP-001935,651ae2d1-f8ae-412d-81c7-2103d1145ad9,1fda98c9-40a6-4de4-9271-e2959b21c065,100000001,100000000,100000000,115.0,114.9,5,2025-09-13T12:06:29Z,2025-09-15T22:18:22Z,2025-09-16T00:02:28Z,2025-09-16T04:57:00Z,WB-001935,True,2025-09-13T10:23:00Z,1,2
ac699525-206b-4f32-91ac-f5ded36f4b9c,SHP-001936,2108cb89-24db-4708-9b60-d88d32d3c52e,1fda98c9-40a6-4de4-9271-e2959b21c065,100000001,100000000,100000000,100.0,100.47,5,2025-12-08T12:02:55Z,2025-12-11T00:22:14Z,2025-12-11T01:46:34Z,2025-12-11T06:30:00Z,WB-001936,True,2025-12-08T09:00:00Z,1,2
cee80634-f636-40dc-afc6-e973e8b7c092,SHP-001937,89be49d2-0958-458a-b8ef-dfc78fe134e0,1fda98c9-40a6-4de4-9271-e2959b21c065,100000001,100000000,100000000,560.0,559.7,24,2025-12-14T09:57:55Z,2025-12-20T04:32:36Z,2025-12-20T06:15:11Z,2025-12-20T11:36:00Z,WB-001937,True,2025-12-14T07:24:00Z,1,2
7740a3d0-8abf-4766-9409-61946e6b2b55,SHP-001938,105055d2-ebb7-4c50-82fb-358c653e974b,1fda98c9-40a6-4de4-9271-e2959b21c065,100000001,100000001,100000000,80.0,79.9,4,2026-01-27T17:29:51Z,2026-01-29T03:39:34Z,2026-01-29T04:42:34Z,2026-01-29T10:08:00Z,WB-001938,True,2026-01-22T11:10:00Z,1,2
361b1b13-2c4d-48c1-a79d-5497507cd05f,SHP-001939,d09a6718-9add-4ae4-9a9c-5d8f6e093974,1fda98c9-40a6-4de4-9271-e2959b21c065,100000001,100000000,100000002,165.0,164.36,7,2026-02-18T12:13:03Z,2026-02-21T02:16:02Z,2026-02-21T03:14:29Z,2026-02-21T08:15:00Z,WB-001939,True,2026-02-18T12:47:00Z,1,2
994719f7-e2fc-46d7-af83-3cf10d06886e,SHP-001940,46937ac5-818a-4c08-b2d4-11279fd33593,1fda98c9-40a6-4de4-9271-e2959b21c065,100000001,100000000,100000000,145.0,144.55,7,2026-04-26T15:02:20Z,2026-04-27T07:00:00Z,2026-04-27T08:24:35Z,2026-04-27T13:19:00Z,WB-001940,True,2026-04-26T12:31:00Z,1,2
b8f2b108-0898-4100-a2dd-0dec7627b0a0,SHP-001941,290e0adc-f01c-483d-aedf-e41d924cb19c,1fda98c9-40a6-4de4-9271-e2959b21c065,100000001,100000001,100000001,140.0,140.24,6,2026-05-30T07:45:14Z,2026-06-01T01:35:49Z,2026-06-01T02:08:05Z,2026-06-01T10:35:00Z,WB-001941,True,2026-05-25T05:09:00Z,1,2
2778be54-b1a4-401c-86d9-38324af63a80,SHP-001942,176358f3-47f1-40dd-8442-debc6e174db8,fa75b5fc-7921-40b3-aa0a-8302276f8e0d,100000004,100000001,100000000,85.0,84.79,4,2025-04-26T19:48:44Z,2025-04-28T04:33:57Z,2025-04-28T06:05:55Z,2025-04-28T09:02:00Z,WB-001942,True,2025-04-24T06:22:00Z,1,2
cfe28517-d5c8-453d-af7f-3dc86fda6371,SHP-001943,6e5211c0-29ff-466e-a8de-26c4c2d2ef82,fa75b5fc-7921-40b3-aa0a-8302276f8e0d,100000004,100000000,100000000,95.0,94.81,4,2025-07-01T06:20:46Z,2025-07-05T22:15:58Z,2025-07-06T00:14:27Z,2025-07-06T07:27:00Z,WB-001943,True,2025-07-01T06:14:00Z,1,2
9fbd44c2-8655-4a79-85be-69666fa5e495,SHP-001944,c87d48ef-1195-48e1-bbe3-218b16907da3,fa75b5fc-7921-40b3-aa0a-8302276f8e0d,100000004,100000000,100000000,110.0,110.58,5,2025-11-30T12:10:29Z,2025-12-06T04:35:43Z,2025-12-06T05:53:23Z,2025-12-06T11:07:00Z,WB-001944,False,2025-11-30T11:22:00Z,1,2
6104f3e8-fd6e-456b-bd13-00c898ee540f,SHP-001945,d2c1b86e-07f5-4d19-a022-d32ac2216acd,fa75b5fc-7921-40b3-aa0a-8302276f8e0d,100000004,100000000,100000003,105.0,105.28,5,2026-05-18T10:56:35Z,2026-05-18T21:17:25Z,2026-05-18T22:48:42Z,2026-05-19T06:26:00Z,WB-001945,True,2026-05-18T09:47:00Z,1,2
5182ba0f-9d43-4a60-9d6a-cc13d5b21432,SHP-001946,c4b4ba55-898b-487b-84df-d7718fc72891,5b33cb3f-1551-4ef5-8916-54e6473eb4b1,100000000,100000000,100000001,40.5,40.48,2,2025-05-10T09:02:48Z,2025-05-11T05:36:38Z,2025-05-11T06:47:10Z,2025-05-11T12:26:00Z,WB-001946,True,2025-05-10T06:51:00Z,1,2
6dfb50ae-019b-4640-abf5-87f88222931b,SHP-001947,ef437de3-1f7a-4c85-a9d7-f5c3794993da,5b33cb3f-1551-4ef5-8916-54e6473eb4b1,100000000,100000000,100000000,140.0,140.66,6,2025-07-14T11:01:52Z,2025-07-19T06:15:13Z,2025-07-19T07:24:23Z,2025-07-19T12:40:00Z,WB-001947,True,2025-07-14T07:36:00Z,1,2
0355568c-f7cf-4686-bb25-ad3ab2c647df,SHP-001948,963228c4-e50c-4706-8439-bad85b3c5c17,5b33cb3f-1551-4ef5-8916-54e6473eb4b1,100000000,100000001,100000000,75.0,74.68,4,2025-12-02T05:28:45Z,2025-12-04T00:50:32Z,2025-12-04T01:52:26Z,2025-12-04T08:57:00Z,WB-001948,True,2025-11-29T11:56:00Z,1,2
fe0bedba-022b-4b57-8220-8c3682541a35,SHP-001949,e6fc2822-de34-4132-bd52-0610fb37625c,5b33cb3f-1551-4ef5-8916-54e6473eb4b1,100000000,100000001,100000000,55.0,54.97,3,2026-05-19T06:08:43Z,2026-05-20T22:43:01Z,2026-05-21T00:23:13Z,2026-05-21T05:25:00Z,WB-001949,True,2026-05-16T06:37:00Z,1,2
2e7f1c36-c9f8-46b1-a7c3-f25bc891c9c8,SHP-001950,f31598c4-963f-416f-96ba-cc09ec0bcfc0,c3f67602-0879-4480-87ab-777056724b4c,100000000,100000000,100000000,45.0,44.9,2,2025-05-20T10:17:41Z,2025-05-26T00:42:20Z,2025-05-26T01:45:01Z,2025-05-26T05:13:00Z,WB-001950,True,2025-05-20T08:37:00Z,1,2
941413e1-ac36-405c-a5f7-ca6b671263e2,SHP-001951,e1ca0ad7-7234-46d4-a1bc-e03a3a3a4e36,dff4cc91-3164-4c14-b1a0-051f0acae683,100000000,100000000,100000001,205.0,205.09,9,2025-03-24T10:33:11Z,2025-03-25T02:32:26Z,2025-03-25T04:10:57Z,2025-03-25T11:36:00Z,WB-001951,False,2025-03-24T08:53:00Z,1,2
493ccf0e-479c-439f-be89-8bd6da3d3470,SHP-001952,4832fb5e-4ab4-4e84-b8c7-0a91b58adb38,dff4cc91-3164-4c14-b1a0-051f0acae683,100000000,100000000,100000000,70.0,70.01,3,2025-07-24T07:22:29Z,2025-07-26T04:30:32Z,2025-07-26T05:44:41Z,2025-07-26T13:13:00Z,WB-001952,True,2025-07-24T05:41:00Z,1,2
e4bc223d-7884-44fd-a3e1-547f03d4ea92,SHP-001953,a58b29a9-9f69-49fe-9748-2e6026689198,dff4cc91-3164-4c14-b1a0-051f0acae683,100000000,100000000,100000001,220.0,218.76,10,2025-09-09T14:15:13Z,2025-09-13T05:14:49Z,2025-09-13T05:50:10Z,2025-09-13T10:53:00Z,WB-001953,True,2025-09-09T11:57:00Z,1,2
fee113a4-4ec2-40db-b714-dbbf59e93e31,SHP-001954,1622aacb-7f41-4c6c-970d-184d6112b350,dff4cc91-3164-4c14-b1a0-051f0acae683,100000000,100000000,100000000,130.0,129.42,6,2025-09-16T12:09:50Z,2025-09-22T02:10:05Z,2025-09-22T03:49:37Z,2025-09-22T08:30:00Z,WB-001954,True,2025-09-16T09:22:00Z,1,2
61d87ad6-b3ab-4c83-abfc-1614aaea47b4,SHP-001955,beb5b7a7-e410-4d57-9270-6047c43b0b66,dff4cc91-3164-4c14-b1a0-051f0acae683,100000000,100000000,100000000,130.0,129.8,6,2025-09-13T12:54:00Z,2025-09-14T23:53:12Z,2025-09-15T01:12:59Z,2025-09-15T06:55:00Z,WB-001955,True,2025-09-13T12:46:00Z,1,2
897d1d03-787c-4b9c-b7b0-168f1b774c8b,SHP-001956,1cced7c2-da9b-421d-8f2f-7cefdf72c64d,dff4cc91-3164-4c14-b1a0-051f0acae683,100000000,100000000,100000000,60.0,60.26,3,2026-03-16T11:54:26Z,2026-03-23T06:17:55Z,2026-03-23T07:12:37Z,2026-03-23T10:20:00Z,WB-001956,False,2026-03-16T11:53:00Z,1,2
b6c0d0c6-3c8b-4869-b67f-a76f5951cca2,SHP-001957,201a2192-f782-4147-880e-69167d6c4a39,dff4cc91-3164-4c14-b1a0-051f0acae683,100000000,100000000,100000001,70.0,69.81,3,2026-05-21T12:55:27Z,2026-05-24T00:11:38Z,2026-05-24T01:47:52Z,2026-05-24T10:15:00Z,WB-001957,True,2026-05-21T10:35:00Z,1,2
32963f62-a363-4cb1-8641-2008a78d00fa,SHP-001958,a19e44fe-0217-4954-8875-b7c36108f9d7,dff4cc91-3164-4c14-b1a0-051f0acae683,100000000,100000000,100000002,70.0,69.96,3,2026-06-20T11:41:07Z,2026-06-25T02:09:08Z,2026-06-25T02:35:53Z,2026-06-25T10:06:00Z,WB-001958,True,2026-06-20T10:44:00Z,1,2
1206e95d-370e-49b8-aeb9-fcf9e91574a6,SHP-001959,851733b3-16d4-494e-85e1-43ab310b314b,79150e99-8ed3-4834-bd72-1fc205e0c019,100000004,100000001,100000000,280.0,280.16,12,2025-04-10T17:28:02Z,2025-04-12T00:32:15Z,2025-04-12T01:15:22Z,2025-04-12T08:51:00Z,WB-001959,True,2025-04-08T05:06:00Z,1,2
ea85a92b-2e8e-4deb-9d2c-fdd25cc79f84,SHP-001960,09ab7829-e6ea-40cc-b2e8-023667a6b83b,79150e99-8ed3-4834-bd72-1fc205e0c019,100000004,100000001,100000002,125.0,125.46,6,2025-04-10T15:10:02Z,2025-04-12T02:48:28Z,2025-04-12T03:23:40Z,2025-04-12T08:48:00Z,WB-001960,True,2025-04-08T06:08:00Z,1,2
f4e1dfe0-981a-41e4-8720-b6077e686334,SHP-001961,15df8ed7-0846-4ad9-a0bb-14d2ccfd4146,c1cb8d69-8fa7-4dec-a5a6-1a06a8422325,100000000,100000000,100000000,25.0,25.03,2,2025-08-24T12:20:16Z,2025-08-30T19:34:06Z,2025-08-30T20:37:53Z,2025-08-31T04:36:00Z,WB-001961,True,2025-08-24T12:23:00Z,1,2
313a6b70-2efe-478d-b126-2cfaaf9c67d8,SHP-001962,054bbfd4-0fb8-4f1c-ba6a-11dd63855929,c1cb8d69-8fa7-4dec-a5a6-1a06a8422325,100000000,100000000,100000002,10.0,10.01,1,2025-08-25T10:45:40Z,2025-08-26T02:59:23Z,2025-08-26T04:32:41Z,2025-08-26T09:35:00Z,WB-001962,True,2025-08-25T09:54:00Z,1,2
91d7e813-99b5-4cdc-8635-711a56c6ecd8,SHP-001963,6e452dd8-fc46-4190-8a73-4225e2e4f74d,293572d3-fb63-43cb-8c35-bf2dec4fa141,100000001,100000001,100000002,165.0,164.65,7,2025-07-04T01:32:28Z,2025-07-05T00:57:10Z,2025-07-05T02:24:07Z,2025-07-05T07:43:00Z,WB-001963,True,2025-06-30T09:22:00Z,1,2
99aa6101-0809-4905-a40e-7f07df494338,SHP-001964,df792d40-5587-4c51-a275-640c94b8976e,293572d3-fb63-43cb-8c35-bf2dec4fa141,100000001,100000000,100000002,305.0,303.98,13,2025-08-16T15:33:54Z,2025-08-21T02:46:55Z,2025-08-21T03:28:56Z,2025-08-21T07:44:00Z,WB-001964,True,2025-08-16T13:23:00Z,1,2
ad39aa8f-019d-4d54-9e2c-5a00e6ba57a5,SHP-001965,cf32a51e-762d-4153-a2c7-7bff714ee12d,293572d3-fb63-43cb-8c35-bf2dec4fa141,100000001,100000001,100000000,140.0,140.13,6,2025-11-08T08:32:20Z,2025-11-09T23:42:39Z,2025-11-10T00:43:06Z,2025-11-10T06:38:00Z,WB-001965,True,2025-11-05T08:03:00Z,1,2
dfb962c0-de28-4faf-8dc7-cf2320d848df,SHP-001966,895ed74b-0c94-4452-bc2d-1046c59a8f0b,293572d3-fb63-43cb-8c35-bf2dec4fa141,100000001,100000000,100000000,95.0,94.77,4,2025-12-11T13:20:14Z,2025-12-17T23:18:26Z,2025-12-18T00:58:22Z,2025-12-18T08:05:00Z,WB-001966,True,2025-12-11T11:02:00Z,1,2
da150c4d-b79b-44ef-bf53-928f1a0be5e4,SHP-001967,b5f2d67b-840e-43e7-b8ea-299e3df30a23,293572d3-fb63-43cb-8c35-bf2dec4fa141,100000001,100000000,100000001,139.5,139.67,6,2026-04-05T09:00:26Z,2026-04-07T01:27:46Z,2026-04-07T02:23:09Z,2026-04-07T07:54:00Z,WB-001967,True,2026-04-05T06:02:00Z,1,2
b8f7fc02-21be-44d0-afa0-dfb09693383b,SHP-001968,fdcdabbc-178f-4f23-a931-7d6c5a099ef7,8a5abc61-9924-45ee-bc8a-fb1dba99267e,100000001,100000000,100000000,35.0,34.97,2,2025-06-07T06:21:13Z,2025-06-10T19:16:39Z,2025-06-10T20:28:27Z,2025-06-11T09:36:00Z,WB-001968,True,2025-06-07T05:57:00Z,1,2
5f41f3ae-0532-4465-b793-fa4d1bc7aa2b,SHP-001969,32edc198-8e1e-45ab-92cf-efabba60260e,8a5abc61-9924-45ee-bc8a-fb1dba99267e,100000001,100000001,100000000,25.0,24.99,2,2026-01-31T07:25:56Z,2026-02-02T01:26:58Z,2026-02-02T02:46:50Z,2026-02-02T10:26:00Z,WB-001969,True,2026-01-28T07:56:00Z,1,2
745619da-5ad4-41ae-83dc-7ab271f3f310,SHP-001970,9de8d64f-afe2-4f19-8af3-afb011720272,8a5abc61-9924-45ee-bc8a-fb1dba99267e,100000001,100000001,100000000,65.0,64.88,3,2026-01-16T11:43:09Z,2026-01-18T17:57:32Z,2026-01-18T19:11:44Z,2026-01-19T13:25:00Z,WB-001970,True,2026-01-12T11:39:00Z,1,2
2192c73c-9002-4c94-aac9-178ad713a66e,SHP-001971,c8c216e6-0f6f-4001-a86e-232116a18426,8a5abc61-9924-45ee-bc8a-fb1dba99267e,100000001,100000001,100000000,135.0,134.71,6,2026-06-14T07:43:44Z,2026-06-15T16:09:41Z,2026-06-15T17:15:27Z,2026-06-16T05:42:00Z,WB-001971,True,2026-06-11T05:25:00Z,1,2
b4a7eeac-f82a-471d-a4ac-2d1732c66047,SHP-001972,240b569f-e6b3-4b83-9193-91f2443725c6,9d470a35-c816-4c27-bc3c-4c2fa40e0199,100000003,100000000,100000001,70.0,69.98,3,2025-08-09T13:49:00Z,2025-08-10T06:11:55Z,2025-08-10T07:36:34Z,2025-08-10T12:12:00Z,WB-001972,True,2025-08-09T12:07:00Z,1,2
602c5129-00f7-425d-b216-a77963575562,SHP-001973,5fc49ae0-1ee0-47b0-bb48-ba5a5235cc56,9d470a35-c816-4c27-bc3c-4c2fa40e0199,100000003,100000000,100000000,110.0,110.45,5,2025-11-01T09:10:49Z,2025-11-05T02:45:58Z,2025-11-05T04:27:24Z,2025-11-05T09:42:00Z,WB-001973,True,2025-11-01T08:09:00Z,1,2
a87fc82f-dcd3-4fb1-8a36-fee7e0648388,SHP-001974,f732a62d-6083-4812-9bde-cfe517d9a6db,f0c46591-b2d9-45fa-849e-e02aeea28810,100000000,100000000,100000000,60.0,59.96,3,2025-12-15T12:20:16Z,2025-12-20T01:37:13Z,2025-12-20T03:11:34Z,2025-12-20T07:10:00Z,WB-001974,True,2025-12-15T09:16:00Z,1,2
61485ef8-a7c9-49b8-bda0-cb6cbceac2dc,SHP-001975,fd32f630-2ac8-4c74-bba9-ad74723db10b,f0c46591-b2d9-45fa-849e-e02aeea28810,100000000,100000001,100000000,85.0,,4,,,,,,,2026-06-30T13:29:00Z,0,1
20adefa0-a823-4093-ba68-b0a939e1c656,SHP-001976,0966d62e-0cb1-4acb-a821-3c4d8166f8a1,2c9c763b-e454-4286-9dd9-76469d892032,100000000,100000000,100000000,105.0,105.1,5,2025-07-12T08:48:31Z,2025-07-13T00:51:04Z,2025-07-13T01:28:46Z,2025-07-13T06:01:00Z,WB-001976,True,2025-07-12T06:02:00Z,1,2
4cc1658d-6c20-40b3-b81c-6789aef089cd,SHP-001977,ac759d95-5e43-4a00-9896-13e7541e754c,2c9c763b-e454-4286-9dd9-76469d892032,100000000,100000001,100000000,150.0,149.22,7,2025-07-07T20:14:01Z,2025-07-09T07:23:48Z,2025-07-09T08:35:15Z,2025-07-09T13:01:00Z,WB-001977,True,2025-07-05T12:32:00Z,1,2
cdef351b-fd93-4a70-bbf9-f380ac6db0b0,SHP-001978,19792a02-6a63-4e96-a3b6-4b24a84f9527,2c9c763b-e454-4286-9dd9-76469d892032,100000000,100000000,100000001,160.0,160.08,7,2025-07-03T08:44:28Z,2025-07-06T06:13:53Z,2025-07-06T06:55:03Z,2025-07-06T13:14:00Z,WB-001978,True,2025-07-03T07:47:00Z,1,2
53a5824a-9459-4117-b8d2-45e6a4d72890,SHP-001979,c5274fed-8e33-4a17-a8fb-606ff8b119d7,2c9c763b-e454-4286-9dd9-76469d892032,100000000,100000000,100000002,145.0,145.35,7,2025-08-16T07:49:59Z,2025-08-17T00:20:33Z,2025-08-17T01:22:37Z,2025-08-17T06:04:00Z,WB-001979,True,2025-08-16T05:44:00Z,1,2
52b77f89-c510-46f5-98d6-3fbd249c4a82,SHP-001980,17b13c9d-d8cb-4a27-98c5-a0a455fd7c32,2c9c763b-e454-4286-9dd9-76469d892032,100000000,100000000,100000000,125.0,124.82,6,2025-09-13T14:29:57Z,2025-09-14T22:42:45Z,2025-09-15T00:42:24Z,2025-09-15T06:02:00Z,WB-001980,True,2025-09-13T11:14:00Z,1,2
7b6bb420-7652-4f7e-844c-65f62586566f,SHP-001981,9e1adf92-18a2-4c76-b8a3-ccb843e2a542,2c9c763b-e454-4286-9dd9-76469d892032,100000000,100000000,100000000,235.0,234.5,10,2025-08-19T07:04:43Z,2025-08-21T06:50:13Z,2025-08-21T07:21:39Z,2025-08-21T12:41:00Z,WB-001981,False,2025-08-19T05:19:00Z,1,2
92cf1c8d-8803-4641-8368-6665b8b0cf1b,SHP-001982,ac79dfe1-1120-4ab3-94c7-fc453610b6c1,2c9c763b-e454-4286-9dd9-76469d892032,100000000,100000000,100000002,130.0,129.86,6,2026-02-26T09:14:44Z,2026-02-28T05:59:10Z,2026-02-28T07:31:36Z,2026-02-28T11:37:00Z,WB-001982,True,2026-02-26T06:51:00Z,1,2
195ca50a-a471-4eb4-875d-feb3a7586f31,SHP-001983,55407b24-a089-460a-94d2-be3443748dbd,2c9c763b-e454-4286-9dd9-76469d892032,100000000,100000000,100000002,255.0,255.21,11,2026-05-11T09:32:28Z,2026-05-14T00:07:36Z,2026-05-14T02:03:27Z,2026-05-14T06:28:00Z,WB-001983,True,2026-05-11T09:17:00Z,1,2
69bf8624-0023-4168-b9b7-f24a2b125a89,SHP-001984,15e42ebf-44b0-41e9-8ca5-f42c512a47c0,c6e4472d-983a-4d16-ba66-f439ee62af25,100000000,100000000,100000000,85.0,84.94,4,2025-09-06T10:29:17Z,2025-09-10T01:20:42Z,2025-09-10T02:56:32Z,2025-09-10T08:31:00Z,WB-001984,True,2025-09-06T10:40:00Z,1,2
ab705d0f-ecd3-4298-941c-673475ed8009,SHP-001985,10d04465-2b80-45d4-8708-a12425ebcd27,c6e4472d-983a-4d16-ba66-f439ee62af25,100000000,100000000,100000000,230.0,230.79,10,2026-02-08T07:04:32Z,2026-02-15T01:54:27Z,2026-02-15T02:20:42Z,2026-02-15T06:19:00Z,WB-001985,True,2026-02-08T05:25:00Z,1,2
d2b8deb0-fce6-4984-87ec-7900e5cf451e,SHP-001986,414a8bdc-9154-4a53-bfff-a7522d213d1f,c6e4472d-983a-4d16-ba66-f439ee62af25,100000000,100000001,100000002,275.0,275.68,12,2026-02-26T23:11:35Z,2026-02-28T05:41:32Z,2026-02-28T06:23:42Z,2026-02-28T09:54:00Z,WB-001986,True,2026-02-24T07:15:00Z,1,2
6ae0156d-2295-4aa5-b3a7-5f8d12145514,SHP-001987,54ad96d5-a026-43fa-989d-8ffecf1efe35,c6e4472d-983a-4d16-ba66-f439ee62af25,100000000,100000000,100000000,120.0,120.07,5,2026-06-15T12:31:48Z,2026-06-22T05:03:47Z,2026-06-22T05:51:44Z,2026-06-22T11:41:00Z,WB-001987,True,2026-06-15T10:09:00Z,1,2
f61e12ad-1438-41b1-a53e-4b429dc430c2,SHP-001988,ffb89e4a-ee8b-4307-9426-d3fe0ac59fd2,244a603e-156e-47f8-8af0-cf0c596b0c6f,100000001,100000000,100000000,90.0,90.07,4,2025-09-24T12:07:29Z,2025-09-29T13:41:06Z,2025-09-29T15:28:48Z,2025-09-30T09:14:00Z,WB-001988,True,2025-09-24T10:37:00Z,1,2
b212d8b1-d033-439b-9469-c1d35e075c66,SHP-001989,27cdae0e-20c0-435f-87ae-a88c10fbd3b1,244a603e-156e-47f8-8af0-cf0c596b0c6f,100000001,100000000,100000000,40.0,39.95,2,2025-09-15T06:39:01Z,2025-09-21T17:35:18Z,2025-09-21T19:06:50Z,2025-09-22T05:10:00Z,WB-001989,True,2025-09-15T07:16:00Z,1,2
b2bdfe1f-2d25-437b-953d-5e1e7853ef0a,SHP-001990,789493b5-2415-4dbb-bc7d-4c86c41c2800,244a603e-156e-47f8-8af0-cf0c596b0c6f,100000001,100000000,100000000,295.0,294.3,13,2025-09-09T15:53:03Z,2025-09-09T23:22:17Z,2025-09-10T01:19:03Z,2025-09-10T11:45:00Z,WB-001990,True,2025-09-09T12:50:00Z,1,2
aa6961ea-e417-4302-8c5f-016d760e89c9,SHP-001991,854ed35e-7624-4ea1-bf66-443c16a3fb64,244a603e-156e-47f8-8af0-cf0c596b0c6f,100000001,100000000,100000000,100.0,99.97,5,2026-02-28T08:54:15Z,2026-03-01T18:43:21Z,2026-03-01T19:15:49Z,2026-03-02T12:10:00Z,WB-001991,True,2026-02-28T07:19:00Z,1,2
8d469c18-8fbe-43f2-94b2-99afdbb59637,SHP-001992,5dac5d5f-a272-4d72-8226-c03da98aba9c,f4de6a69-6494-446a-bf00-5dab4a490f80,100000000,100000000,100000000,50.0,50.16,3,2026-02-22T13:21:59Z,2026-02-23T21:57:29Z,2026-02-23T23:31:02Z,2026-02-24T09:01:00Z,WB-001992,True,2026-02-22T12:37:00Z,1,2
1ab10782-910a-4437-b7db-4bd611d67310,SHP-001993,430c9e01-775f-4369-9ead-99db1ed6b1ce,59cb1e01-8a40-45cd-9597-b5085bed5760,100000001,100000000,100000000,70.0,70.13,3,2026-05-24T14:29:06Z,2026-05-30T00:11:37Z,2026-05-30T01:07:53Z,2026-05-30T05:30:00Z,WB-001993,False,2026-05-24T13:33:00Z,1,2
43d49ba1-15fc-4012-aacf-69d36a649e50,SHP-001994,f090a072-ed6e-4d7d-9ac8-cad6c79e5f5d,b5ef1ee6-7ff3-44b9-b69f-a399e1bfff1a,100000001,100000001,100000001,35.0,34.95,2,2026-05-08T15:08:42Z,2026-05-09T21:35:02Z,2026-05-09T23:08:16Z,2026-05-10T05:46:00Z,WB-001994,True,2026-05-03T12:48:00Z,1,2
69b73620-cf91-466e-bad1-c4103fd322e0,SHP-001995,8bedc652-853d-4926-b852-c96ba1a84f12,c2c76cf4-91fd-42b9-b2d9-c2b7416a4f9f,100000000,100000000,100000000,60.0,60.13,3,2026-05-09T12:58:25Z,2026-05-11T04:25:17Z,2026-05-11T05:18:12Z,2026-05-11T10:29:00Z,WB-001995,True,2026-05-09T11:37:00Z,1,2
2c1b0d5f-7e3a-4375-9650-1b89c4f751d8,SHP-001996,7d5f5eff-ed17-4620-a3bf-72c1b732e130,087df61d-21e4-47e7-b856-fcb38b27036b,100000005,100000000,100000000,65.0,64.58,3,2026-02-14T11:14:23Z,2026-02-21T03:41:36Z,2026-02-21T04:30:09Z,2026-02-21T09:52:00Z,WB-001996,True,2026-02-14T09:11:00Z,1,2
d7352bf3-6660-4559-b332-21dfe08a9461,SHP-001997,81cfb75c-15d5-4cfc-9e3e-dadffcba7a4a,087df61d-21e4-47e7-b856-fcb38b27036b,100000005,100000000,100000000,20.0,20.07,1,2026-06-16T10:49:28Z,2026-06-22T02:16:01Z,2026-06-22T02:42:31Z,2026-06-22T07:49:00Z,WB-001997,True,2026-06-16T09:15:00Z,1,2
3774044d-66c2-4292-af7c-58f7a4cf17a4,SHP-001998,fa6aa342-be41-4fa8-a262-aa7447244244,8400bf6e-32c2-468c-973d-c559122beb5e,100000000,100000000,100000000,115.0,114.59,5,2026-05-03T14:12:48Z,2026-05-09T06:13:27Z,2026-05-09T07:51:41Z,2026-05-09T13:05:00Z,WB-001998,True,2026-05-03T12:32:00Z,1,2
bff05afb-b855-4ee7-9d7e-7b12f345cbc7,SHP-001999,9791855a-a857-4a4e-87f7-da7f693e43ce,8400bf6e-32c2-468c-973d-c559122beb5e,100000000,100000000,100000000,85.0,84.67,4,2026-06-06T15:16:52Z,2026-06-06T22:03:16Z,2026-06-06T23:39:35Z,2026-06-07T05:44:00Z,WB-001999,True,2026-06-06T12:44:00Z,1,2
cb8480af-e78a-4a67-8114-d128d409a0a3,SHP-002000,2af95850-e6f6-4d52-9546-83a5d8005837,8400bf6e-32c2-468c-973d-c559122beb5e,100000000,100000000,100000000,80.0,80.29,4,2026-06-06T12:56:59Z,2026-06-13T04:40:52Z,2026-06-13T05:11:21Z,2026-06-13T08:47:00Z,WB-002000,True,2026-06-06T10:47:00Z,1,2
a7bb4140-fd3d-4e6e-989e-712e4d9f6e46,SHP-002001,777941cb-c9fd-4b9d-abdd-04cfe4f6e6c5,474cd1a1-b60f-4d69-9d05-0f7045cb86d6,100000000,100000000,100000002,75.0,75.09,4,2026-03-30T11:24:55Z,2026-03-31T22:51:50Z,2026-03-31T23:19:36Z,2026-04-01T06:19:00Z,WB-002001,True,2026-03-30T07:45:00Z,1,2
a454ef2c-315e-4a5a-9afd-4f3fbf48aa58,SHP-002002,3af38235-c820-460e-9680-708574c98527,cca8f708-df77-41cc-85d1-cfbdd2ec8e7a,100000004,100000000,100000002,215.0,215.43,9,2026-06-20T14:11:51Z,2026-06-27T06:16:06Z,2026-06-27T06:42:18Z,2026-06-27T10:57:00Z,WB-002002,True,2026-06-20T14:01:00Z,1,2
7474083d-598e-443e-827e-79838d94d8b1,SHP-002003,431792c9-1ede-41da-ad85-4b88352845e1,7a9ede9d-af6c-4716-8453-2d47f5a0cc24,100000003,100000000,100000000,60.0,60.17,3,2026-03-08T16:26:20Z,2026-03-11T03:12:49Z,2026-03-11T03:50:37Z,2026-03-11T09:34:00Z,WB-002003,True,2026-03-08T13:40:00Z,1,2
54bd892c-60e9-448a-b9a8-d75468751db9,SHP-002004,73ee7e3c-045f-42ae-9ad8-8291ca22adcd,77009e43-7af3-4f44-ba03-d8a09f5b4ced,100000001,100000000,100000000,70.0,,3,2026-06-27T10:15:36Z,,,,,,2026-06-27T08:05:00Z,0,100000000
74e30b61-9660-4a84-8fed-6fef4612553b,SHP-002005,93fb5ceb-252c-485f-9fdf-5fa7475b516c,17158cbe-342b-4225-9873-7a1d4d6d1f82,100000001,100000000,100000000,165.0,164.8,7,2024-12-09T10:02:55Z,2024-12-12T03:33:37Z,2024-12-12T04:05:48Z,2024-12-12T07:03:00Z,WB-002005,True,2024-12-09T09:02:00Z,1,2
2905305e-910d-4ef7-b519-15d077fd5f9e,SHP-002006,02a623e3-abd8-4101-a3dc-7c151498938d,17158cbe-342b-4225-9873-7a1d4d6d1f82,100000001,100000000,100000000,90.0,90.09,4,2025-04-28T11:30:26Z,2025-05-02T23:58:34Z,2025-05-03T00:56:53Z,2025-05-03T08:00:00Z,WB-002006,True,2025-04-28T10:00:00Z,1,2
454f3ac8-5c65-41e1-8c41-33be30c62249,SHP-002007,ed322b44-48c6-41ee-8dbd-b7ece0fac360,17158cbe-342b-4225-9873-7a1d4d6d1f82,100000001,100000000,100000000,75.0,75.24,4,2025-12-07T08:07:30Z,2025-12-09T23:43:36Z,2025-12-10T01:13:32Z,2025-12-10T06:50:00Z,WB-002007,True,2025-12-07T05:11:00Z,1,2
c6970d95-264f-4c8c-b522-87dbf9277226,SHP-002008,bda652d8-69ff-49b6-a740-f13fef1b4208,17158cbe-342b-4225-9873-7a1d4d6d1f82,100000001,100000000,100000000,50.0,49.98,3,2026-06-28T11:27:00Z,2026-06-29T05:52:26Z,2026-06-29T07:30:07Z,2026-06-29T11:38:00Z,WB-002008,True,2026-06-28T08:52:00Z,1,2
ff42cb76-911e-4d47-9756-3a10af564258,SHP-002009,2a93fed7-4531-4604-a649-3b3fcd0c8e67,c0d4173b-aa58-40e6-86ef-a55196d0ae38,100000000,100000000,100000002,35.0,35.03,2,2024-11-12T08:38:01Z,2024-11-17T00:54:54Z,2024-11-17T02:19:49Z,2024-11-17T11:19:00Z,WB-002009,True,2024-11-12T05:54:00Z,1,2
df1fcbd7-2a0b-4233-b227-b100b2f79a07,SHP-002010,3a1938c0-62f4-40cb-b640-468fc5d89194,c0d4173b-aa58-40e6-86ef-a55196d0ae38,100000000,100000000,100000000,20.0,20.03,1,2025-03-17T06:26:08Z,2025-03-22T21:25:00Z,2025-03-22T22:18:24Z,2025-03-23T05:30:00Z,WB-002010,True,2025-03-17T05:47:00Z,1,2
04a6476f-bed3-4ad1-a8fc-d12f0bf9feb6,SHP-002011,9dd39aa9-c5d0-4e49-b40a-dfefaaa92f82,c0d4173b-aa58-40e6-86ef-a55196d0ae38,100000000,100000000,100000001,40.0,40.14,2,2025-08-04T15:37:04Z,2025-08-04T20:26:30Z,2025-08-04T21:27:12Z,2025-08-05T04:59:00Z,WB-002011,True,2025-08-04T12:23:00Z,1,2
3d43a1f1-ad57-4459-b716-721f334db02b,SHP-002012,8714716b-f6b9-49e6-be6b-2e2aa50c1c3a,c0d4173b-aa58-40e6-86ef-a55196d0ae38,100000000,100000001,100000002,60.0,59.95,3,2025-12-01T18:25:29Z,2025-12-02T17:21:33Z,2025-12-02T18:50:55Z,2025-12-03T04:30:00Z,WB-002012,True,2025-11-29T12:50:00Z,1,2
9a895093-a49c-4076-bc80-a983cf7bb849,SHP-002013,e930f348-e5bb-41db-a22a-e9778151354b,d4f10cf9-f12e-43a3-ae77-54d24c4b6f67,100000001,100000000,100000002,40.0,40.05,2,2025-08-04T09:50:46Z,2025-08-05T20:33:36Z,2025-08-05T21:38:48Z,2025-08-06T10:30:00Z,WB-002013,True,2025-08-04T09:06:00Z,1,2
71f3e36f-bba9-45a0-9a66-6dbe80320878,SHP-002014,fe92d3c3-c002-4150-97f6-d7cf6a0434e2,d4f10cf9-f12e-43a3-ae77-54d24c4b6f67,100000001,100000000,100000000,50.0,50.12,3,2025-10-18T12:00:49Z,2025-10-22T13:29:12Z,2025-10-22T15:23:03Z,2025-10-23T08:02:00Z,WB-002014,True,2025-10-18T10:29:00Z,1,2
f251ef4c-b538-4f1e-b6bd-8967de9cc421,SHP-002015,b749de6b-da49-42d7-a406-3c79fc19cd37,c7d4f9ba-cf77-45c0-940b-86685d7b783f,100000003,100000000,100000000,40.0,40.07,2,2024-12-01T12:34:05Z,2024-12-03T05:10:45Z,2024-12-03T06:56:35Z,2024-12-03T10:52:00Z,WB-002015,True,2024-12-01T08:45:00Z,1,2
7c0178f3-c760-4ff7-a21f-7994100f72ab,SHP-002016,352bc56c-6df0-4535-b945-03b9ad92de57,c7d4f9ba-cf77-45c0-940b-86685d7b783f,100000003,100000000,100000002,40.0,40.12,2,2025-08-17T15:05:25Z,2025-08-19T00:07:06Z,2025-08-19T00:50:18Z,2025-08-19T05:43:00Z,WB-002016,True,2025-08-17T12:30:00Z,1,2
e1182aba-032b-41a5-9c77-66fab0051caf,SHP-002017,ea3cd43c-7aca-42c8-a641-ebf4f3280549,c7d4f9ba-cf77-45c0-940b-86685d7b783f,100000003,100000000,100000002,75.0,75.15,4,2025-11-12T13:53:01Z,2025-11-13T04:22:43Z,2025-11-13T04:50:27Z,2025-11-13T11:24:00Z,WB-002017,True,2025-11-12T13:18:00Z,1,2
625ef0db-323b-4b94-87cb-f31f157df914,SHP-002018,0358bbf9-af39-4eae-8225-fc722d73cb54,c7d4f9ba-cf77-45c0-940b-86685d7b783f,100000003,100000000,100000002,30.5,30.54,2,2026-02-28T13:04:45Z,2026-03-02T03:51:27Z,2026-03-02T04:53:22Z,2026-03-02T09:16:00Z,WB-002018,True,2026-02-28T11:39:00Z,1,2
60bf5868-bf02-4795-9026-192dc2ddc80f,SHP-002019,d5b63ccf-e8de-4ef2-923f-92fb2f558aca,c7d4f9ba-cf77-45c0-940b-86685d7b783f,100000003,100000000,100000000,40.0,39.82,2,2026-02-14T12:15:39Z,2026-02-21T02:58:05Z,2026-02-21T04:43:46Z,2026-02-21T09:56:00Z,WB-002019,True,2026-02-14T10:58:00Z,1,2
f50496f9-8d0c-4739-8705-de7d8d70197e,SHP-002020,2ff116fb-e5d9-4b2c-893c-fcb901ae5a36,512896b9-d1a8-470a-afba-959b5ff1e393,100000002,100000001,100000002,75.0,75.36,4,2025-04-20T13:30:49Z,2025-04-21T04:20:00Z,2025-04-21T04:58:40Z,2025-04-21T09:24:00Z,WB-002020,True,2025-04-17T13:18:00Z,1,2
8414daf1-b0dd-44b9-a9e9-51547f9ef1ae,SHP-002021,bed5013f-a056-43fa-a361-b33752e03b12,512896b9-d1a8-470a-afba-959b5ff1e393,100000002,100000000,100000000,175.0,176.76,8,2025-07-12T11:28:59Z,2025-07-15T18:32:04Z,2025-07-15T19:41:01Z,2025-07-16T05:22:00Z,WB-002021,True,2025-07-12T11:07:00Z,1,2
c94c4f6c-c980-4500-bfd3-1bdc19a4b448,SHP-002022,6e824c17-a131-4e37-bf4c-aa5fcac5f6d5,512896b9-d1a8-470a-afba-959b5ff1e393,100000002,100000001,100000000,200.0,199.86,9,2025-11-26T08:20:01Z,2025-11-27T03:13:14Z,2025-11-27T05:12:37Z,2025-11-27T12:28:00Z,WB-002022,True,2025-11-22T12:40:00Z,1,2
a59d71ec-c73f-4c3c-83d0-90d6ecfac762,SHP-002023,568a0e58-0406-43c7-83f8-fad1058d2a82,512896b9-d1a8-470a-afba-959b5ff1e393,100000002,100000000,100000001,120.0,119.52,5,2025-12-20T09:12:54Z,2025-12-27T01:39:07Z,2025-12-27T03:01:42Z,2025-12-27T10:24:00Z,WB-002023,True,2025-12-20T08:32:00Z,1,2
60ae91de-3d3f-4e56-aae2-1c85bc7abb28,SHP-002024,0f44fbec-1a02-4c0e-bbeb-fbba8e3f8279,512896b9-d1a8-470a-afba-959b5ff1e393,100000002,100000000,100000002,110.5,111.6,5,2026-05-02T14:21:36Z,2026-05-08T23:11:02Z,2026-05-09T00:28:37Z,2026-05-09T08:17:00Z,WB-002024,True,2026-05-02T12:22:00Z,1,2
e9a05388-dd8a-41e4-96f0-0fc4802aca88,SHP-002025,088debf8-e37b-459f-a59c-1c56d4109e50,5503b3e2-adc3-4d66-99aa-5d3fe9912230,100000002,100000000,100000000,30.0,29.99,2,2025-07-14T15:31:40Z,2025-07-17T02:47:09Z,2025-07-17T03:15:40Z,2025-07-17T10:07:00Z,WB-002025,True,2025-07-14T12:39:00Z,1,2
e9c01658-cc11-4c44-a7d2-cdaff3bfc008,SHP-002026,d01a092e-b00a-47af-9134-6227cf5ac26c,5503b3e2-adc3-4d66-99aa-5d3fe9912230,100000002,100000000,100000000,25.0,25.12,2,2025-08-23T07:28:11Z,2025-08-26T03:46:24Z,2025-08-26T04:46:11Z,2025-08-26T08:50:00Z,WB-002026,False,2025-08-23T06:22:00Z,1,2
f3b3f3d5-9ce1-4e66-8182-180f4190a304,SHP-002027,13baaa5a-29e4-48f1-a4ba-535ad800e305,5503b3e2-adc3-4d66-99aa-5d3fe9912230,100000002,100000000,100000000,25.0,24.92,2,2025-09-10T06:51:04Z,2025-09-12T22:58:27Z,2025-09-13T00:25:23Z,2025-09-13T06:39:00Z,WB-002027,True,2025-09-10T06:56:00Z,1,2
dc3e84a6-4c28-4468-9622-332efe07f22b,SHP-002028,8a6e2bff-3c96-46f7-80f1-213fd565dd71,5503b3e2-adc3-4d66-99aa-5d3fe9912230,100000002,100000000,100000000,10.0,9.99,1,2025-08-14T15:45:15Z,2025-08-17T05:31:05Z,2025-08-17T07:07:59Z,2025-08-17T10:36:00Z,WB-002028,True,2025-08-14T13:22:00Z,1,2
e27fa753-974a-4ca7-9a22-9c5beabc6c78,SHP-002029,aad07823-e689-4546-acb7-dbbf1a10950e,5503b3e2-adc3-4d66-99aa-5d3fe9912230,100000002,100000001,100000001,30.0,30.11,2,2026-04-06T23:04:18Z,2026-04-09T05:35:40Z,2026-04-09T06:32:40Z,2026-04-09T12:40:00Z,WB-002029,True,2026-04-02T14:13:00Z,1,2
8c996f44-4686-4768-9900-e954a90fcf57,SHP-002030,d43a08c8-6aea-4877-a9d7-267c48d12a79,5503b3e2-adc3-4d66-99aa-5d3fe9912230,100000002,100000000,100000000,10.0,9.97,1,2026-05-31T10:11:38Z,2026-06-02T01:44:12Z,2026-06-02T02:33:07Z,2026-06-02T10:17:00Z,WB-002030,True,2026-05-31T10:03:00Z,1,2
0889d708-9d3f-479d-ad05-e392275f1998,SHP-002031,7d0101c9-7028-4b5c-bff4-fa15d6ffd771,d5e82907-d66c-4553-92dc-4248f169e2ce,100000000,100000000,100000000,15.0,14.96,1,2025-03-12T08:09:40Z,2025-03-18T16:30:41Z,2025-03-18T17:14:03Z,2025-03-19T05:34:00Z,WB-002031,True,2025-03-12T05:08:00Z,1,2
a2feb406-9b27-4c8f-af1d-1457ca406c92,SHP-002032,019830b6-99f4-4c63-84db-cbf83c0ca3f6,d5e82907-d66c-4553-92dc-4248f169e2ce,100000000,100000000,100000002,55.0,54.71,3,2025-05-17T14:24:14Z,2025-05-17T23:11:41Z,2025-05-18T00:07:51Z,2025-05-18T08:53:00Z,WB-002032,True,2025-05-17T13:37:00Z,1,2
26aa5869-4f64-4a24-8919-eeea1dca18e7,SHP-002033,1d6bb2c5-1c48-433d-8163-16fa7d6ab881,d5e82907-d66c-4553-92dc-4248f169e2ce,100000000,100000001,100000000,25.0,25.11,2,2026-02-27T04:12:35Z,2026-02-28T17:53:11Z,2026-02-28T19:22:55Z,2026-03-01T06:50:00Z,WB-002033,True,2026-02-22T05:47:00Z,1,2
6c625875-1a9d-4755-9c95-08a15f11a320,SHP-002034,820151e6-9c3f-41c4-91c6-5e2778527019,5a4edcb7-ad37-4eb6-84e0-6472e1c60b7b,100000000,100000000,100000002,35.0,35.16,2,2025-07-29T10:52:29Z,2025-08-03T04:48:07Z,2025-08-03T05:59:06Z,2025-08-03T13:06:00Z,WB-002034,True,2025-07-29T08:40:00Z,1,2
f3ece628-8ac1-4dc9-a0a5-c04b1485d907,SHP-002035,ac3a145b-58ba-49cb-8e40-1544eae7c214,5a4edcb7-ad37-4eb6-84e0-6472e1c60b7b,100000000,100000000,100000001,35.0,35.05,2,2025-10-12T09:46:22Z,2025-10-13T20:42:50Z,2025-10-13T21:51:00Z,2025-10-14T06:18:00Z,WB-002035,True,2025-10-12T06:12:00Z,1,2
5da26b99-0c37-4f1a-906e-f2f99b592c58,SHP-002036,23da4700-64e5-4438-99f5-19062ddacf27,5a4edcb7-ad37-4eb6-84e0-6472e1c60b7b,100000000,100000000,100000000,35.0,35.06,2,2026-04-18T09:17:26Z,2026-04-21T01:32:10Z,2026-04-21T02:08:02Z,2026-04-21T06:22:00Z,WB-002036,True,2026-04-18T08:34:00Z,1,2
b0d65cfd-7fce-43c7-83f6-c43342a687e0,SHP-002037,2bc95a46-2481-4b21-bf1c-ca73392bd957,9b4e4fb0-8008-4255-8392-2b0f9d64f431,100000001,100000000,100000002,35.0,35.0,2,2025-05-12T12:56:39Z,2025-05-19T01:50:39Z,2025-05-19T03:34:56Z,2025-05-19T07:10:00Z,WB-002037,True,2025-05-12T12:14:00Z,1,2
0b7d18e2-e944-4600-b8d6-9a992e1e06d4,SHP-002038,6ca912ec-ab16-4828-90ca-8cf6edcec95b,9b4e4fb0-8008-4255-8392-2b0f9d64f431,100000001,100000000,100000000,65.0,65.22,3,2025-12-16T13:06:39Z,2025-12-17T19:01:04Z,2025-12-17T20:22:43Z,2025-12-18T06:17:00Z,WB-002038,True,2025-12-16T10:02:00Z,1,2
1fc98fd1-9121-48d6-bf7d-5ca61fab7f55,SHP-002039,9a5570b9-4e5e-41a1-aa93-05a89235ae56,afe05f6d-66ab-44ad-a4c1-b6ef25896340,100000000,100000001,100000000,75.0,75.56,4,2025-03-06T19:33:12Z,2025-03-08T08:16:13Z,2025-03-08T09:05:21Z,2025-03-08T13:10:00Z,WB-002039,False,2025-03-04T07:13:00Z,1,2
142d3e62-1110-4d30-8bcd-c1633afaffa1,SHP-002040,cd654d40-a2c0-4ebc-9db2-d06c9d773f71,afe05f6d-66ab-44ad-a4c1-b6ef25896340,100000000,100000000,100000002,90.0,90.3,4,2025-08-02T08:45:52Z,2025-08-03T00:46:12Z,2025-08-03T02:44:31Z,2025-08-03T07:01:00Z,WB-002040,True,2025-08-02T08:35:00Z,1,2
9744ee05-5b6b-4571-abe5-f47e115039d1,SHP-002041,6d4eba1f-7752-4eb0-b2a4-d9326ede5aef,afe05f6d-66ab-44ad-a4c1-b6ef25896340,100000000,100000000,100000000,15.0,15.08,1,2025-07-19T08:32:51Z,2025-07-22T02:13:22Z,2025-07-22T03:56:02Z,2025-07-22T08:19:00Z,WB-002041,True,2025-07-19T08:47:00Z,1,2
11d7d9bf-b6cc-4420-87b8-90b0a83cbc9c,SHP-002042,85555cb2-7ead-4d32-895d-7662f3548145,afe05f6d-66ab-44ad-a4c1-b6ef25896340,100000000,100000001,100000001,30.0,30.02,2,2025-12-16T09:06:38Z,2025-12-17T03:24:18Z,2025-12-17T05:03:52Z,2025-12-17T08:44:00Z,WB-002042,False,2025-12-10T06:36:00Z,1,2
a3b2a542-e2ba-4b6d-836a-d1e7a3119871,SHP-002043,61387e34-61e4-449c-b882-4cf62b851bf2,bca61571-8e26-4057-bf11-97271b2bae11,100000001,100000000,100000001,50.0,49.91,3,2025-11-02T09:37:17Z,2025-11-09T01:52:05Z,2025-11-09T03:23:00Z,2025-11-09T07:21:00Z,WB-002043,True,2025-11-02T06:08:00Z,1,2
762ef9f0-a10f-4d07-b2e5-576caaa415d0,SHP-002044,5bd9e8d7-2d78-4b23-b80d-fba09859ac8d,bca61571-8e26-4057-bf11-97271b2bae11,100000001,100000000,100000002,130.0,130.41,6,2025-10-18T06:12:43Z,2025-10-19T21:42:19Z,2025-10-19T23:21:48Z,2025-10-20T05:45:00Z,WB-002044,True,2025-10-18T05:17:00Z,1,2
d421ee75-1c60-4885-916a-643d63297c14,SHP-002045,1ac782ee-6047-4a45-bab0-077acc79dc7b,bca61571-8e26-4057-bf11-97271b2bae11,100000001,100000000,100000000,90.0,89.97,4,2026-05-06T11:12:22Z,2026-05-07T05:04:25Z,2026-05-07T05:58:40Z,2026-05-07T12:06:00Z,WB-002045,True,2026-05-06T08:57:00Z,1,2
dd1254fe-2e36-469f-be07-9c48d5a0f1f3,SHP-002046,c98cd085-ba9d-43be-9ce4-68e725e6bb52,7388b94e-fcde-4b81-bf9b-cd4addf82d38,100000001,100000000,100000001,65.0,64.96,3,2025-01-29T13:14:15Z,2025-01-31T23:53:23Z,2025-02-01T00:39:49Z,2025-02-01T06:21:00Z,WB-002046,True,2025-01-29T09:38:00Z,1,2
f71ea671-d62e-4c91-b65a-1865d7e13f99,SHP-002047,24c9df2b-fcc7-4878-85bc-b3d597dac9b3,7388b94e-fcde-4b81-bf9b-cd4addf82d38,100000001,100000001,100000001,100.0,99.32,5,2025-07-09T16:22:59Z,2025-07-10T04:53:32Z,2025-07-10T06:13:50Z,2025-07-10T10:42:00Z,WB-002047,True,2025-07-07T08:59:00Z,1,2
f8ac06c1-9331-4853-a888-296d8cf29e97,SHP-002048,63582e41-d456-40a2-966f-1a1ca0550b7b,7388b94e-fcde-4b81-bf9b-cd4addf82d38,100000001,100000001,100000001,75.0,75.09,4,2025-09-05T09:32:52Z,2025-09-06T03:54:32Z,2025-09-06T05:37:53Z,2025-09-06T08:54:00Z,WB-002048,True,2025-08-31T06:11:00Z,1,2
d930fb04-4172-401e-85ae-5c82b3ea61e3,SHP-002049,104afbf9-b8c2-48f2-80c7-20c10a1ead51,7388b94e-fcde-4b81-bf9b-cd4addf82d38,100000001,100000001,100000000,305.0,305.26,13,2025-09-12T15:54:08Z,2025-09-15T02:09:58Z,2025-09-15T02:44:05Z,2025-09-15T07:56:00Z,WB-002049,True,2025-09-08T10:19:00Z,1,2
1fa6f79b-7adf-4b65-be90-9386c6e1cccb,SHP-002050,45b3a711-d045-4295-9ccc-0d9e964a7a95,7388b94e-fcde-4b81-bf9b-cd4addf82d38,100000001,100000000,100000000,65.0,65.11,3,2025-11-18T14:34:11Z,2025-11-25T01:54:53Z,2025-11-25T02:30:40Z,2025-11-25T06:17:00Z,WB-002050,True,2025-11-18T13:08:00Z,1,2
a29f9415-bc70-48e4-b2c3-a7702d6a41c4,SHP-002051,8f4690ce-1bf2-4f2b-9041-0a7792647463,7388b94e-fcde-4b81-bf9b-cd4addf82d38,100000001,100000000,100000000,115.0,114.58,5,2026-02-04T14:49:22Z,2026-02-07T06:03:45Z,2026-02-07T08:02:35Z,2026-02-07T12:40:00Z,WB-002051,True,2026-02-04T12:15:00Z,1,2
631171ff-00dd-48be-a397-d9963695c890,SHP-002052,515c5dc8-6d00-4948-9f3d-88318ac44e5b,7388b94e-fcde-4b81-bf9b-cd4addf82d38,100000001,100000001,100000002,130.0,130.3,6,2026-02-27T03:48:09Z,2026-02-27T23:33:22Z,2026-02-28T00:46:24Z,2026-02-28T10:26:00Z,WB-002052,True,2026-02-23T09:31:00Z,1,2
af988137-d1b0-491e-87b5-058c35f2f185,SHP-002053,68cb7159-a473-4d04-84a2-4be38c4f1183,72652f1e-47b0-41ec-8a32-7480ba9583c5,100000002,100000000,100000000,100.0,100.04,5,2025-03-04T11:03:36Z,2025-03-08T02:02:04Z,2025-03-08T02:30:14Z,2025-03-08T07:10:00Z,WB-002053,True,2025-03-04T08:25:00Z,1,2
4cd18c3a-42f9-4f84-958b-560de838af05,SHP-002054,0c6dea88-803a-4c02-910e-111ede1809f8,72652f1e-47b0-41ec-8a32-7480ba9583c5,100000002,100000000,100000000,230.0,231.32,10,2025-11-19T10:15:07Z,2025-11-24T23:16:05Z,2025-11-24T23:49:13Z,2025-11-25T04:55:00Z,WB-002054,False,2025-11-19T06:45:00Z,1,2
0bee4e08-8bbb-45b2-8fef-d7bf84a4e24d,SHP-002055,608cc964-6dfa-40fe-b37c-0a136a8282be,72652f1e-47b0-41ec-8a32-7480ba9583c5,100000002,100000000,100000000,140.0,139.8,6,2025-11-22T11:34:13Z,2025-11-25T06:22:08Z,2025-11-25T08:20:02Z,2025-11-25T12:18:00Z,WB-002055,True,2025-11-22T09:33:00Z,1,2
f510803a-f553-4766-b9cc-60eefc8717da,SHP-002056,d3b33e82-b468-4a93-8d94-fd4ad0157617,72652f1e-47b0-41ec-8a32-7480ba9583c5,100000002,100000000,100000000,65.0,65.19,3,2026-03-22T11:29:45Z,2026-03-28T00:31:21Z,2026-03-28T02:27:26Z,2026-03-28T07:54:00Z,WB-002056,True,2026-03-22T09:39:00Z,1,2
f16150d9-3e45-4ce0-acfb-be0ec983e394,SHP-002057,3f4cd021-7a85-4220-b69b-867b5f679939,72652f1e-47b0-41ec-8a32-7480ba9583c5,100000002,100000001,100000002,80.0,80.28,4,2026-05-15T02:04:03Z,2026-05-16T01:43:25Z,2026-05-16T03:19:30Z,2026-05-16T09:50:00Z,WB-002057,True,2026-05-09T06:17:00Z,1,2
1d784769-cbfd-49de-9c20-a317abcf80e7,SHP-002058,ceccc07f-2a14-456d-97b8-fb05e8907ec9,72652f1e-47b0-41ec-8a32-7480ba9583c5,100000002,100000001,100000001,250.0,250.69,11,2026-05-16T09:03:23Z,2026-05-18T00:51:58Z,2026-05-18T01:37:20Z,2026-05-18T05:48:00Z,WB-002058,True,2026-05-12T10:49:00Z,1,2
607f5b96-7c9e-40be-b403-9096e1ac0c7b,SHP-002059,7302b7c0-b01a-4d09-b5eb-9d9bd6d6714c,72652f1e-47b0-41ec-8a32-7480ba9583c5,100000002,100000000,100000001,105.0,105.01,5,2026-06-20T09:28:30Z,2026-06-22T23:30:38Z,2026-06-23T00:40:05Z,2026-06-23T09:55:00Z,WB-002059,True,2026-06-20T07:10:00Z,1,2
7c61d562-5538-4600-9c5a-e72b02da6b9e,SHP-002060,de8cacd8-b70c-412b-8772-74ae444f6b9c,b73b35fe-e917-4ed1-9c9e-1d5702968285,100000000,100000001,100000000,50.0,50.07,3,2025-06-04T01:53:05Z,2025-06-05T08:40:25Z,2025-06-05T09:39:37Z,2025-06-05T12:54:00Z,WB-002060,True,2025-05-31T05:19:00Z,1,2
8589cf32-f70c-45e2-be22-bdc29d3e62f6,SHP-002061,febb019a-096e-4afe-9345-b9f1793c36af,b73b35fe-e917-4ed1-9c9e-1d5702968285,100000000,100000000,100000001,25.0,25.07,2,2025-08-02T10:12:12Z,2025-08-03T04:18:47Z,2025-08-03T05:10:13Z,2025-08-03T09:19:00Z,WB-002061,True,2025-08-02T08:13:00Z,1,2
36697985-ed6c-474f-a71d-bac0d3a04e4e,SHP-002062,fe7a79cd-b582-4f87-b8e8-ec6de8387e62,ca6c2829-1d72-46bf-b89e-0e3026909126,100000000,100000000,100000002,35.0,34.91,2,2026-04-13T07:02:03Z,2026-04-14T22:59:05Z,2026-04-15T00:02:54Z,2026-04-15T06:16:00Z,WB-002062,True,2026-04-13T05:58:00Z,1,2
8993ba0f-f635-41fa-8fdb-69335efe1714,SHP-002063,83d64a26-0212-4661-9f76-da55313d68ed,1a2a3a8e-e833-4ef3-bfe3-5f299c769b42,100000000,100000000,100000000,15.0,15.02,1,2026-06-23T12:28:16Z,2026-06-27T05:53:05Z,2026-06-27T06:59:14Z,2026-06-27T12:13:00Z,WB-002063,True,2026-06-23T12:18:00Z,1,2
90b71f53-dd4b-45de-b87f-4ce87bb84649,SHP-002064,27fb8007-aadd-4689-9d19-f3d05488ebbe,84ccf931-e3e0-44c5-a015-4a17b652b9ef,100000001,100000000,100000000,10.0,10.0,1,2025-09-14T10:09:58Z,2025-09-15T23:05:07Z,2025-09-16T01:00:47Z,2025-09-16T08:28:00Z,WB-002064,True,2025-09-14T08:52:00Z,1,2
e1607e56-c69e-463a-921d-f4aefbe3685e,SHP-002065,a174c001-6e0c-4b41-9f3a-0f19a2009a53,21d3b8f2-f3ac-45cb-bf4b-24b9ef4c37d0,100000000,100000000,100000000,50.0,49.71,3,2025-06-28T16:09:27Z,2025-06-29T23:35:01Z,2025-06-30T01:29:12Z,2025-06-30T05:51:00Z,WB-002065,True,2025-06-28T12:50:00Z,1,2
fa8737b4-d927-4d36-b03c-eeed095161df,SHP-002066,4b27c723-2a07-4583-9366-86b1330c9f49,21d3b8f2-f3ac-45cb-bf4b-24b9ef4c37d0,100000000,100000000,100000000,15.0,14.99,1,2025-07-24T06:49:09Z,2025-07-29T07:31:25Z,2025-07-29T08:21:46Z,2025-07-29T12:55:00Z,WB-002066,True,2025-07-24T06:26:00Z,1,2
e697c179-3733-489d-9bec-1edba261bff4,SHP-002067,fcd9cb7b-c05e-490b-9267-6b44c68b7316,21d3b8f2-f3ac-45cb-bf4b-24b9ef4c37d0,100000000,100000000,100000000,105.0,105.18,5,2026-05-30T07:35:49Z,2026-06-05T22:27:45Z,2026-06-05T23:41:31Z,2026-06-06T06:30:00Z,WB-002067,True,2026-05-30T05:21:00Z,1,2
f191af02-e0d0-415c-bdca-e87a664e0f75,SHP-002068,bbaba0f3-c102-4221-bac2-4e3c8d73bfaa,21d3b8f2-f3ac-45cb-bf4b-24b9ef4c37d0,100000000,100000001,100000001,35.0,,2,,,,,,,2026-06-28T08:26:00Z,0,1
bab99c8a-6dc3-4094-aabc-6997b8534652,SHP-002069,8c1254ee-257a-4304-b9c0-cb57dccb8b46,79356bae-8101-4ec7-9c93-408a551e766f,100000001,100000001,100000001,25.0,25.01,2,2025-08-17T09:43:00Z,2025-08-18T16:43:53Z,2025-08-18T18:11:25Z,2025-08-19T09:09:00Z,WB-002069,True,2025-08-13T06:57:00Z,1,2
9ecf6ed2-97b8-4671-99e6-e27444f215fb,SHP-002070,e1b10e4b-8875-492b-a975-7003b5c7ddfa,79356bae-8101-4ec7-9c93-408a551e766f,100000001,100000000,100000000,75.0,74.93,4,2025-10-29T06:28:11Z,2025-11-02T14:53:40Z,2025-11-02T16:00:26Z,2025-11-03T05:08:00Z,WB-002070,True,2025-10-29T06:43:00Z,1,2
b47532a8-36ee-429d-bc8e-70c1069df21a,SHP-002071,8ccb03bf-38a5-429b-b9d9-3ad9d2898c5c,320727ab-24c9-4c0e-887e-e883f34a26e4,100000004,100000000,100000003,85.0,85.42,4,2025-11-05T06:28:28Z,2025-11-06T00:49:40Z,2025-11-06T02:31:31Z,2025-11-06T12:08:00Z,WB-002071,True,2025-11-05T04:46:00Z,1,2
b92e61c2-4683-4fcf-bc70-ae7919ee0ee5,SHP-002072,ea2d7ced-bb4d-48d1-9e88-90e554c6390e,e6273e93-114e-495b-9de3-a9a053b20d16,100000000,100000000,100000002,45.0,45.1,2,2025-08-23T15:35:21Z,2025-08-25T03:25:30Z,2025-08-25T04:40:12Z,2025-08-25T09:14:00Z,WB-002072,True,2025-08-23T13:53:00Z,1,2
e20ab56a-b72a-47fc-ae44-2e683bf0667b,SHP-002073,5a4eb8e4-beda-479b-914f-93afc35fb1f8,e6273e93-114e-495b-9de3-a9a053b20d16,100000000,100000000,100000000,60.0,60.2,3,2026-03-07T10:17:50Z,2026-03-10T21:34:25Z,2026-03-10T23:24:57Z,2026-03-11T05:44:00Z,WB-002073,True,2026-03-07T06:58:00Z,1,2
1d15b201-cf4f-4786-8d2e-8379ea836d67,SHP-002074,b1425a85-eaac-47cd-83c4-c2ce344ccb3c,9e78209e-6290-429a-a322-8db2bdcd79ee,100000000,100000000,100000001,80.0,79.81,4,2025-07-10T11:52:47Z,2025-07-11T23:30:57Z,2025-07-12T00:41:34Z,2025-07-12T07:57:00Z,WB-002074,True,2025-07-10T10:48:00Z,1,2
29a800c6-2306-4893-96a8-641f1e7fb2db,SHP-002075,d1db3e7a-40af-4799-8422-46c03d728a04,bedd7a60-6e8f-4cb2-9d1f-f71a64e37441,100000000,100000000,100000000,80.0,79.74,4,2025-05-24T07:56:17Z,2025-05-28T05:13:56Z,2025-05-28T06:40:52Z,2025-05-28T12:05:00Z,WB-002075,True,2025-05-24T06:19:00Z,1,2
2de0c71c-78bc-457f-a18f-fa7d2a29e0dd,SHP-002076,d121bf89-3625-4d7a-80ef-5addde95400d,bedd7a60-6e8f-4cb2-9d1f-f71a64e37441,100000000,100000000,100000000,115.0,114.73,5,2025-08-02T05:00:12Z,2025-08-05T04:22:25Z,2025-08-05T04:59:19Z,2025-08-05T10:30:00Z,WB-002076,True,2025-08-02T05:11:00Z,1,2
6ebd3c7e-88af-47c4-bbbe-ce00d3c1c783,SHP-002077,3fb82fb6-95a5-49e5-882f-65914dbc356d,44d6eeca-bb12-40a9-87e9-974d70fd7536,100000001,100000001,100000000,89.5,89.48,4,2025-10-10T05:30:40Z,2025-10-11T23:31:36Z,2025-10-12T00:40:34Z,2025-10-12T06:13:00Z,WB-002077,True,2025-10-06T11:43:00Z,1,2
ae46d2f0-ba9f-434c-9a6b-e6ae46882569,SHP-002078,0b847ba7-4d00-4c99-9164-4513ee4bbd11,44d6eeca-bb12-40a9-87e9-974d70fd7536,100000001,100000000,100000000,20.0,20.0,1,2025-10-15T11:13:43Z,2025-10-21T01:57:22Z,2025-10-21T03:44:03Z,2025-10-21T08:02:00Z,WB-002078,True,2025-10-15T10:56:00Z,1,2
1a8f908f-b15d-4632-a138-4b0d4dc8760b,SHP-002079,2b186dd8-86b2-4089-bae4-b03ec350c4ef,b9fdb77d-e1a3-433c-a5c5-eecd20192edf,100000000,100000000,100000000,25.0,24.84,2,2025-09-09T07:48:36Z,2025-09-16T06:06:38Z,2025-09-16T07:22:47Z,2025-09-16T13:14:00Z,WB-002079,True,2025-09-09T06:13:00Z,1,2
5c00e775-7499-4ce8-a035-a2948a42abad,SHP-002080,f10c7db6-eaad-4319-b1ae-aae404ed61e1,b9fdb77d-e1a3-433c-a5c5-eecd20192edf,100000000,100000000,100000000,10.0,9.98,1,2026-06-03T08:23:04Z,2026-06-08T04:29:20Z,2026-06-08T05:31:35Z,2026-06-08T11:55:00Z,WB-002080,True,2026-06-03T07:01:00Z,1,2
830cfbfa-6c43-41df-909b-3ca0ce29a429,SHP-002081,ab27a073-04e7-4cea-aede-6065e863c828,6719f379-a846-49fe-9428-3c61f97790b2,100000005,100000000,100000003,30.0,29.86,2,2025-10-11T16:06:34Z,2025-10-12T08:06:23Z,2025-10-12T08:33:06Z,2025-10-12T12:08:00Z,WB-002081,True,2025-10-11T13:27:00Z,1,2
50b7e845-7569-49ff-bf45-ccf2e8357647,SHP-002082,71a814ab-9ae7-4785-a05b-4c0f37c4d802,6719f379-a846-49fe-9428-3c61f97790b2,100000005,100000000,100000000,50.0,49.91,3,2026-01-10T10:40:08Z,2026-01-11T05:17:03Z,2026-01-11T07:16:51Z,2026-01-11T11:01:00Z,WB-002082,True,2026-01-10T08:06:00Z,1,2
8a8d558e-2559-43a0-9e93-78d66c9e1b8c,SHP-002083,bc4add89-716d-4fba-9170-996becd16474,6719f379-a846-49fe-9428-3c61f97790b2,100000005,100000000,100000001,125.0,125.46,6,2026-01-22T09:29:58Z,2026-01-24T00:39:43Z,2026-01-24T01:42:03Z,2026-01-24T07:55:00Z,WB-002083,True,2026-01-22T09:07:00Z,1,2
0d454b77-7ecc-4fa0-8378-21e105c30c55,SHP-002084,079dd7e0-a80e-4d24-b42e-eb23d0772181,6719f379-a846-49fe-9428-3c61f97790b2,100000005,100000000,100000002,70.0,70.01,3,2026-03-03T10:07:13Z,2026-03-07T06:23:19Z,2026-03-07T08:22:50Z,2026-03-07T12:21:00Z,WB-002084,True,2026-03-03T08:38:00Z,1,2
e667cb25-76e9-457b-abe7-e05b4c44ac32,SHP-002085,f56d32a9-8c85-41ba-96fa-34f26f8b42d0,6719f379-a846-49fe-9428-3c61f97790b2,100000005,100000000,100000000,45.0,45.16,2,2026-02-24T08:37:06Z,2026-02-28T04:56:38Z,2026-02-28T06:49:08Z,2026-02-28T10:05:00Z,WB-002085,True,2026-02-24T08:59:00Z,1,2
d557725a-038d-4c3f-8796-f1f1c99c2473,SHP-002086,0d3d5673-9347-421d-a34b-269237293134,6719f379-a846-49fe-9428-3c61f97790b2,100000005,100000000,100000000,110.0,110.03,5,2026-04-22T12:47:54Z,2026-04-23T01:58:19Z,2026-04-23T03:45:57Z,2026-04-23T07:55:00Z,WB-002086,True,2026-04-22T10:42:00Z,1,2
13bdd1ff-23a4-48ad-a457-80d63e41e025,SHP-002087,776c1adf-2859-4332-8dab-0f4abb5518d7,792e3062-b383-4ee1-b428-941d47cec420,100000002,100000000,100000000,90.0,88.73,4,2026-01-14T07:50:40Z,2026-01-17T21:02:37Z,2026-01-17T21:51:57Z,2026-01-18T05:22:00Z,WB-002087,True,2026-01-14T06:25:00Z,1,2
1c5fc8f8-5dce-4083-aea1-eebf3b4a10de,SHP-002088,40bb7baa-f84b-4a5e-b76d-bd5b66e4b07c,99860656-3699-46ab-a951-9a0f060f22eb,100000002,100000001,100000000,70.0,70.05,3,2026-04-18T22:39:05Z,2026-04-21T02:35:03Z,2026-04-21T03:03:34Z,2026-04-21T08:01:00Z,WB-002088,True,2026-04-15T13:36:00Z,1,2
c333ec6f-d4a0-4bf7-a1cd-e07e428e0948,SHP-002089,13f19c89-3468-4eaa-b018-229a5d65b570,2fe63cc8-9416-4854-bf05-c5ccc50d751e,100000000,100000001,100000002,25.0,24.99,2,2025-09-26T14:54:52Z,2025-09-26T22:41:08Z,2025-09-26T23:16:00Z,2025-09-27T05:42:00Z,WB-002089,True,2025-09-24T05:37:00Z,1,2
6024ba18-cfeb-411f-b7e7-65591faf3052,SHP-002090,4f83f623-1c95-4fd1-a843-04d75184a147,2fe63cc8-9416-4854-bf05-c5ccc50d751e,100000000,100000001,100000000,50.0,49.94,3,2026-04-20T19:33:53Z,2026-04-21T22:24:21Z,2026-04-22T00:10:28Z,2026-04-22T04:56:00Z,WB-002090,True,2026-04-18T11:42:00Z,1,2
e766fed5-5277-4eba-b946-d9ffe6cc79a3,SHP-002091,40e4af57-cec0-4840-ae9c-0cb6dfe812c8,a1169da6-76a0-41bb-8e6e-8d63a1aca513,100000000,100000000,100000000,30.0,29.88,2,2026-02-08T10:32:45Z,2026-02-11T15:24:21Z,2026-02-11T15:56:47Z,2026-02-12T07:18:00Z,WB-002091,True,2026-02-08T10:11:00Z,1,2
1a4229c8-0338-4d8b-95cb-94d6a76edc23,SHP-002092,769e94a8-3470-4252-ab8e-c49c8129efe9,a1169da6-76a0-41bb-8e6e-8d63a1aca513,100000000,100000000,100000000,80.0,79.99,4,2026-04-04T13:29:22Z,2026-04-08T00:21:06Z,2026-04-08T02:14:11Z,2026-04-08T10:59:00Z,WB-002092,True,2026-04-04T12:21:00Z,1,2
4ee5d81e-d3af-435d-9b92-301bfc45b032,SHP-002093,fd7f6e17-87bc-42d9-8587-c928be21f5c7,5354f30f-409c-4120-a18a-ab8219e4d432,100000001,100000000,100000002,55.0,54.75,3,2025-03-01T12:49:34Z,2025-03-04T01:34:13Z,2025-03-04T03:12:58Z,2025-03-04T08:56:00Z,WB-002093,True,2025-03-01T09:20:00Z,1,2
7387b6db-d454-4add-9e01-91103b00b88c,SHP-002094,350d5005-e360-4cd5-b3a3-09559a51fd22,5354f30f-409c-4120-a18a-ab8219e4d432,100000001,100000000,100000002,95.0,94.8,4,2025-04-05T11:55:45Z,2025-04-06T02:59:15Z,2025-04-06T04:37:31Z,2025-04-06T10:22:00Z,WB-002094,True,2025-04-05T10:17:00Z,1,2
3edb5b5e-42d5-4482-8606-f8b9cb9999bb,SHP-002095,c99c2616-5f22-43aa-af8f-9d512f61bfca,5354f30f-409c-4120-a18a-ab8219e4d432,100000001,100000000,100000000,45.0,44.91,2,2025-05-26T14:48:52Z,2025-06-02T03:57:30Z,2025-06-02T05:09:50Z,2025-06-02T10:18:00Z,WB-002095,True,2025-05-26T12:11:00Z,1,2
ee53745f-0106-4b78-bd7d-bcf51cb776d5,SHP-002096,d66e99fd-0e22-4ef9-823f-947deb6322ca,5354f30f-409c-4120-a18a-ab8219e4d432,100000001,100000000,100000001,25.0,25.0,2,2025-12-09T13:14:56Z,2025-12-14T04:16:15Z,2025-12-14T05:33:27Z,2025-12-14T09:33:00Z,WB-002096,True,2025-12-09T10:55:00Z,1,2
5723c45a-bff3-460f-a32d-81ac2aff3f42,SHP-002097,00ef9828-944c-454d-b86a-f36a2f893b5a,5354f30f-409c-4120-a18a-ab8219e4d432,100000001,100000001,100000002,55.0,54.99,3,2026-06-26T10:12:17Z,2026-06-26T23:37:57Z,2026-06-27T00:59:01Z,2026-06-27T08:13:00Z,WB-002097,True,2026-06-23T11:42:00Z,1,2
0222ab98-e9a8-4afb-87a6-89389125ea45,SHP-002098,b846a043-6d2a-4933-b6c8-e9dd867a6375,44bb84b2-4a1e-4e91-933e-db88f9c2f1f5,100000003,100000000,100000000,30.0,29.86,2,2024-11-11T09:54:57Z,2024-11-12T00:23:34Z,2024-11-12T01:35:06Z,2024-11-12T06:48:00Z,WB-002098,True,2024-11-11T06:48:00Z,1,2
d963f11a-8d78-496a-8d71-5328cbda2d63,SHP-002099,d83e27ca-7439-4d84-be6c-3416fd7cb9ba,44bb84b2-4a1e-4e91-933e-db88f9c2f1f5,100000003,100000000,100000000,15.0,14.93,1,2025-04-29T15:44:36Z,2025-05-03T01:12:41Z,2025-05-03T02:46:26Z,2025-05-03T07:38:00Z,WB-002099,True,2025-04-29T13:58:00Z,1,2
11d1da5e-2afa-4a8f-ba1c-ccfbf83fe376,SHP-002100,b109b113-3427-4f13-a76a-b8e48d77be3e,44bb84b2-4a1e-4e91-933e-db88f9c2f1f5,100000003,100000000,100000002,190.0,189.94,8,2025-04-26T13:15:01Z,2025-04-28T23:11:48Z,2025-04-28T23:36:52Z,2025-04-29T07:55:00Z,WB-002100,True,2025-04-26T11:43:00Z,1,2
6a3d3b7e-9721-496e-9f06-339dfad78ba6,SHP-002101,3d52c5b9-31db-4b89-9ee4-43cae1808f63,44bb84b2-4a1e-4e91-933e-db88f9c2f1f5,100000003,100000000,100000000,45.0,45.27,2,2025-06-28T13:12:27Z,2025-07-01T00:20:32Z,2025-07-01T01:12:36Z,2025-07-01T09:57:00Z,WB-002101,True,2025-06-28T10:09:00Z,1,2
e875e38f-7a1b-4b0c-b15f-61526de2b3b2,SHP-002102,86f2c260-1f09-433b-9b6a-7b4fd127acca,44bb84b2-4a1e-4e91-933e-db88f9c2f1f5,100000003,100000000,100000002,20.0,19.94,1,2025-09-03T14:40:38Z,2025-09-04T02:43:11Z,2025-09-04T03:54:13Z,2025-09-04T12:21:00Z,WB-002102,True,2025-09-03T11:59:00Z,1,2
69597c00-a8d6-4d2e-a43a-b68fe959eb14,SHP-002103,f583f748-b5cb-4032-ae1a-67ab9bb3ab0d,44bb84b2-4a1e-4e91-933e-db88f9c2f1f5,100000003,100000000,100000000,40.0,40.13,2,2026-05-19T13:29:29Z,2026-05-20T01:03:22Z,2026-05-20T01:49:13Z,2026-05-20T08:58:00Z,WB-002103,True,2026-05-19T10:49:00Z,1,2
bb7d736d-bab8-4a74-b5d1-c9ddb48cbde9,SHP-002104,2df439b0-c50c-4098-9af3-91b9e7e51c16,44bb84b2-4a1e-4e91-933e-db88f9c2f1f5,100000003,100000000,100000002,50.0,49.95,3,2026-05-16T12:25:45Z,2026-05-18T05:34:39Z,2026-05-18T07:20:25Z,2026-05-18T11:20:00Z,WB-002104,True,2026-05-16T12:04:00Z,1,2
73a9d505-921d-4971-8604-f0f917c77561,SHP-002105,24e61dee-2707-411d-a46d-4513395e6b7a,e06c5f09-f6c4-4c4a-9a81-7d76d0a2c065,100000003,100000000,100000000,35.0,34.79,2,2025-03-27T10:15:12Z,2025-03-31T05:43:27Z,2025-03-31T07:38:28Z,2025-03-31T12:46:00Z,WB-002105,True,2025-03-27T09:33:00Z,1,2
d22c2822-9638-4e1b-8a60-fc34e695e159,SHP-002106,b0b0658d-3ee3-4d27-811e-cc74c547cb92,e06c5f09-f6c4-4c4a-9a81-7d76d0a2c065,100000003,100000001,100000000,25.0,24.99,2,2025-08-01T01:08:11Z,2025-08-02T05:59:51Z,2025-08-02T06:55:20Z,2025-08-02T11:19:00Z,WB-002106,True,2025-07-26T06:45:00Z,1,2
1a19d0a7-be02-48c9-9a62-c2a23901d320,SHP-002107,3c1727ed-1fa5-4ea5-b621-369a18b58e01,e06c5f09-f6c4-4c4a-9a81-7d76d0a2c065,100000003,100000000,100000000,30.0,30.01,2,2026-04-14T05:14:25Z,2026-04-21T04:15:03Z,2026-04-21T04:59:07Z,2026-04-21T09:49:00Z,WB-002107,True,2026-04-14T05:38:00Z,1,2
8f837f6f-3a2b-4cd8-8ba2-602cc1a24c92,SHP-002108,18fbaa79-e559-4de9-8789-509f19a301cc,e06c5f09-f6c4-4c4a-9a81-7d76d0a2c065,100000003,100000000,100000002,20.0,20.03,1,2026-05-30T13:44:19Z,2026-05-30T23:27:46Z,2026-05-31T01:15:01Z,2026-05-31T06:35:00Z,WB-002108,True,2026-05-30T11:02:00Z,1,2
b5cba027-8d9e-461c-a3a0-c00fe11456b5,SHP-002109,e24d686d-b005-44f0-b77d-7abdfbbbeb49,e06c5f09-f6c4-4c4a-9a81-7d76d0a2c065,100000003,100000000,100000000,55.0,54.79,3,2026-06-07T11:17:16Z,2026-06-14T02:00:00Z,2026-06-14T03:06:49Z,2026-06-14T09:16:00Z,WB-002109,True,2026-06-07T07:34:00Z,1,2
9796c7e9-4eef-4a64-9f19-3bc1ce4b604e,SHP-002110,85c87c24-00f4-4428-8f6d-1dd391efde5b,6c32e888-f4bd-4373-9e04-aa492f166543,100000000,100000000,100000001,45.0,44.85,2,2025-07-05T11:07:25Z,2025-07-06T23:25:46Z,2025-07-07T01:09:01Z,2025-07-07T08:29:00Z,WB-002110,True,2025-07-05T09:17:00Z,1,2
47c0623f-6015-4e5b-ac23-d90f4f17561f,SHP-002111,87832c03-856b-4a08-b58e-76b594775528,6c32e888-f4bd-4373-9e04-aa492f166543,100000000,100000001,100000002,35.0,35.14,2,2025-09-14T18:20:52Z,2025-09-16T00:42:50Z,2025-09-16T01:30:46Z,2025-09-16T08:02:00Z,WB-002111,True,2025-09-10T08:02:00Z,1,2
b5f70034-7857-4848-b642-9d84d36d8dee,SHP-002112,00061ef9-a69b-4000-8f54-0339046739ca,6c32e888-f4bd-4373-9e04-aa492f166543,100000000,100000000,100000001,110.0,109.79,5,2026-01-24T06:28:12Z,2026-01-26T20:30:36Z,2026-01-26T22:26:56Z,2026-01-27T06:10:00Z,WB-002112,True,2026-01-24T04:45:00Z,1,2
37532cec-0d07-4d04-ba79-b28030f26690,SHP-002113,72b4446f-8a6a-4146-b12d-8dfdb98b4626,6c32e888-f4bd-4373-9e04-aa492f166543,100000000,100000001,100000000,45.0,45.0,2,2026-03-19T22:03:18Z,2026-03-20T23:46:20Z,2026-03-21T00:58:53Z,2026-03-21T06:19:00Z,WB-002113,True,2026-03-17T08:11:00Z,1,2
eba8fa06-5fcb-4350-b264-dd9c2ae77345,SHP-002114,aafd5c5c-5fae-4292-a443-c8da55bf9cda,6c32e888-f4bd-4373-9e04-aa492f166543,100000000,100000000,100000000,10.0,10.0,1,2026-06-01T08:47:47Z,2026-06-02T21:40:12Z,2026-06-02T23:25:15Z,2026-06-03T05:32:00Z,WB-002114,True,2026-06-01T06:43:00Z,1,2
8f40deda-37f4-4e24-bc09-0f97038effde,SHP-002115,3c6d525d-2538-40be-9585-9de485b8c373,0290220b-9e7e-4520-b1ec-3c1c04947595,100000000,100000000,100000000,45.0,44.99,2,2024-12-03T08:55:18Z,2024-12-04T07:46:37Z,2024-12-04T09:03:19Z,2024-12-04T12:44:00Z,WB-002115,True,2024-12-03T08:27:00Z,1,2
1d12aef2-5df2-48f9-bd69-b3e747140016,SHP-002116,47aff91f-370f-41cc-81bf-eef0809e5296,0290220b-9e7e-4520-b1ec-3c1c04947595,100000000,100000000,100000001,40.0,39.95,2,2024-11-30T09:00:31Z,2024-12-01T23:10:37Z,2024-12-01T23:52:22Z,2024-12-02T04:38:00Z,WB-002116,False,2024-11-30T08:04:00Z,1,2
5db7590b-551d-4a51-8d4a-46246083c23a,SHP-002117,aa36c9f4-cfae-47c7-9009-85a0ab8063b2,0290220b-9e7e-4520-b1ec-3c1c04947595,100000000,100000000,100000001,50.0,49.92,3,2025-03-02T13:21:51Z,2025-03-04T01:50:39Z,2025-03-04T02:30:08Z,2025-03-04T07:30:00Z,WB-002117,True,2025-03-02T12:27:00Z,1,2
27f6a2e6-66c1-49ff-bcbd-859751558286,SHP-002118,5f78beeb-6c12-4efd-b44d-9e7bd6b0c549,0290220b-9e7e-4520-b1ec-3c1c04947595,100000000,100000000,100000000,55.0,55.1,3,2025-05-08T10:39:10Z,2025-05-11T05:38:52Z,2025-05-11T06:27:40Z,2025-05-11T10:26:00Z,WB-002118,True,2025-05-08T07:42:00Z,1,2
66329bd2-f479-46b2-810f-5806e97204d0,SHP-002119,685af429-50a3-450f-b050-a28210050bdf,0290220b-9e7e-4520-b1ec-3c1c04947595,100000000,100000000,100000000,100.0,100.35,5,2025-08-12T14:08:53Z,2025-08-14T03:36:48Z,2025-08-14T04:15:00Z,2025-08-14T11:03:00Z,WB-002119,True,2025-08-12T12:42:00Z,1,2
d6277aeb-0219-46d1-8b5a-52e2a6456156,SHP-002120,9a62d47d-16a8-4832-a3b5-1505c6c0f037,0290220b-9e7e-4520-b1ec-3c1c04947595,100000000,100000000,100000000,95.0,95.29,4,2025-11-19T10:05:33Z,2025-11-24T05:41:03Z,2025-11-24T06:15:17Z,2025-11-24T10:57:00Z,WB-002120,True,2025-11-19T09:48:00Z,1,2
4c20a8d3-f823-45d6-a7c3-d1254284c11a,SHP-002121,58515365-342c-466f-8547-18268855ec77,0290220b-9e7e-4520-b1ec-3c1c04947595,100000000,100000001,100000000,35.0,34.94,2,2026-02-28T12:32:06Z,2026-03-02T02:10:42Z,2026-03-02T03:36:01Z,2026-03-02T07:41:00Z,WB-002121,True,2026-02-24T10:46:00Z,1,2
f0adf793-39ed-4b62-ae99-596974000780,SHP-002122,e53d2090-407e-4f8d-bfd0-7b2da55e0a94,0290220b-9e7e-4520-b1ec-3c1c04947595,100000000,100000000,100000001,45.0,44.86,2,2026-03-14T13:06:47Z,2026-03-15T02:33:22Z,2026-03-15T04:31:54Z,2026-03-15T10:08:00Z,WB-002122,False,2026-03-14T10:40:00Z,1,2
635091fe-00bf-445e-a258-8f2dc3fc9539,SHP-002123,776d7f61-fc30-4c1a-a8e0-a4182f0f19d3,0290220b-9e7e-4520-b1ec-3c1c04947595,100000000,100000000,100000000,60.0,59.91,3,2026-06-23T11:52:23Z,2026-06-27T02:19:00Z,2026-06-27T04:05:13Z,2026-06-27T09:21:00Z,WB-002123,True,2026-06-23T11:00:00Z,1,2
16e424fb-fc09-4301-9884-75a69d00714c,SHP-002124,1806b370-21df-4b8f-9154-18fe1cc1ce15,45044404-fb7a-4a14-bc87-b2c32c779434,100000001,100000000,100000000,60.0,60.05,3,2025-05-06T15:42:31Z,2025-05-10T06:12:44Z,2025-05-10T07:20:53Z,2025-05-10T13:19:00Z,WB-002124,True,2025-05-06T12:54:00Z,1,2
2611cf74-e1d3-41e4-af56-cd2043936478,SHP-002125,f36a480f-9044-4630-9536-16ce7f28b8bb,45044404-fb7a-4a14-bc87-b2c32c779434,100000001,100000000,100000002,135.0,134.45,6,2025-11-25T10:26:08Z,2025-11-26T05:18:06Z,2025-11-26T06:23:24Z,2025-11-26T10:15:00Z,WB-002125,True,2025-11-25T07:25:00Z,1,2
e03448d6-b2ec-4871-a0ed-4c92f7ce9fe0,SHP-002126,06c0031c-4041-4326-9842-b9285ab5a5bb,45044404-fb7a-4a14-bc87-b2c32c779434,100000001,100000000,100000000,70.0,69.82,3,2026-05-03T08:33:33Z,2026-05-06T07:51:48Z,2026-05-06T08:31:21Z,2026-05-06T11:20:00Z,WB-002126,True,2026-05-03T06:52:00Z,1,2
b18e016c-0a27-4d0d-8c0e-71d6788428b0,SHP-002127,83f4f696-8b09-4b89-b16d-f4d8f54ceef1,6342d18d-fd5c-4a5b-93c7-6f0835025f9c,100000003,100000000,100000001,140.0,140.21,6,2024-11-25T11:02:48Z,2024-11-30T03:48:47Z,2024-11-30T04:51:41Z,2024-11-30T11:09:00Z,WB-002127,True,2024-11-25T08:51:00Z,1,2
18bae5ab-8fb7-4cda-b91c-382a24dd69cb,SHP-002128,d0eb62ed-3514-4dba-97be-3535f6033de5,6342d18d-fd5c-4a5b-93c7-6f0835025f9c,100000003,100000000,100000000,60.0,60.14,3,2025-01-18T08:58:59Z,2025-01-25T02:45:10Z,2025-01-25T03:54:12Z,2025-01-25T09:24:00Z,WB-002128,True,2025-01-18T08:39:00Z,1,2
23cc79fc-07f5-472c-bbff-8ce97aecbf20,SHP-002129,7ab2441b-afbf-44ab-8c41-569a96442c78,6342d18d-fd5c-4a5b-93c7-6f0835025f9c,100000003,100000000,100000000,140.0,140.15,6,2025-02-20T11:23:29Z,2025-02-25T21:32:25Z,2025-02-25T22:57:32Z,2025-02-26T04:38:00Z,WB-002129,True,2025-02-20T07:51:00Z,1,2
bba2a315-c71e-447e-86f0-8688043a870b,SHP-002130,1c220f42-090d-49db-b674-b191bc6552b1,6342d18d-fd5c-4a5b-93c7-6f0835025f9c,100000003,100000000,100000000,115.0,115.07,5,2025-07-12T08:31:52Z,2025-07-14T05:18:31Z,2025-07-14T05:59:07Z,2025-07-14T10:25:00Z,WB-002130,True,2025-07-12T08:26:00Z,1,2
c0f468ee-fcd9-41a7-bf54-c66c65c7f241,SHP-002131,05ef3e05-042d-47de-95f7-0628ab68351e,6342d18d-fd5c-4a5b-93c7-6f0835025f9c,100000003,100000000,100000001,190.0,189.71,8,2025-08-28T06:12:34Z,2025-09-03T05:07:48Z,2025-09-03T05:42:27Z,2025-09-03T12:14:00Z,WB-002131,True,2025-08-28T05:14:00Z,1,2
a96dad74-d3a6-4d40-835e-5441a475fe38,SHP-002132,55750d28-c0b5-4802-86db-e44b8b8b09fb,6342d18d-fd5c-4a5b-93c7-6f0835025f9c,100000003,100000000,100000001,110.0,109.56,5,2025-09-21T07:25:24Z,2025-09-26T21:57:28Z,2025-09-26T23:12:29Z,2025-09-27T08:18:00Z,WB-002132,True,2025-09-21T07:02:00Z,1,2
e2b54ecb-ea2a-45b9-8a5d-dd937ce29061,SHP-002133,fc0d7cab-2abe-408c-ad2d-2604ea85afa2,fe8702cd-7a9b-4f90-a059-f07ac1d10053,100000001,100000001,100000000,175.0,175.45,8,2025-05-28T11:15:30Z,2025-05-31T03:40:56Z,2025-05-31T04:22:44Z,2025-05-31T09:51:00Z,WB-002133,True,2025-05-24T10:18:00Z,1,2
89dd0a67-ab5d-437f-8efb-c9dbe03d43df,SHP-002134,274132b0-d7b3-4b3b-bebd-912c9dcbc18f,fe8702cd-7a9b-4f90-a059-f07ac1d10053,100000001,100000001,100000001,195.0,193.65,9,2025-10-02T23:24:38Z,2025-10-04T03:26:12Z,2025-10-04T03:59:38Z,2025-10-04T08:39:00Z,WB-002134,True,2025-09-27T10:37:00Z,1,2
bebf2244-d6dc-4f47-ba9b-610d837374c8,SHP-002135,dada81fb-4bf9-461b-a6b6-d7578b728897,8b17251e-7f11-4d61-b24c-7474030aaf26,100000000,100000000,100000000,60.0,59.88,3,2024-11-11T09:06:22Z,2024-11-12T06:12:57Z,2024-11-12T07:31:26Z,2024-11-12T11:49:00Z,WB-002135,True,2024-11-11T08:44:00Z,1,2
d5c50702-77d0-4203-b3e9-8907d276e653,SHP-002136,7ef26cb7-8be0-41f0-9088-74a6be8820e7,8b17251e-7f11-4d61-b24c-7474030aaf26,100000000,100000000,100000000,325.0,324.56,14,2024-12-21T08:37:35Z,2024-12-26T02:40:31Z,2024-12-26T03:42:21Z,2024-12-26T06:49:00Z,WB-002136,True,2024-12-21T09:04:00Z,1,2
908b7b93-d9fc-4abe-9878-0e2541b5748f,SHP-002137,9a004793-b104-4488-95ed-b05627a67522,8b17251e-7f11-4d61-b24c-7474030aaf26,100000000,100000000,100000003,70.0,70.05,3,2025-01-25T13:22:48Z,2025-01-26T06:39:18Z,2025-01-26T07:13:03Z,2025-01-26T12:37:00Z,WB-002137,True,2025-01-25T12:06:00Z,1,2
997f85ef-13ac-4e4d-8c75-96fb34cdce63,SHP-002138,54f996b7-ca9d-41ef-813e-bcded088a9a6,8b17251e-7f11-4d61-b24c-7474030aaf26,100000000,100000000,100000000,100.0,100.0,5,2025-03-03T13:59:39Z,2025-03-08T06:17:05Z,2025-03-08T08:10:43Z,2025-03-08T11:44:00Z,WB-002138,False,2025-03-03T13:55:00Z,1,2
5c01db84-ac24-438f-9459-ca6778d053a5,SHP-002139,dac80c0c-8b20-49f0-a585-6c77b7318622,8b17251e-7f11-4d61-b24c-7474030aaf26,100000000,100000000,100000001,155.0,154.79,7,2025-02-23T11:14:21Z,2025-03-02T02:01:23Z,2025-03-02T02:54:09Z,2025-03-02T07:46:00Z,WB-002139,True,2025-02-23T10:46:00Z,1,2
875bbeca-f3a8-4522-91d0-4e32f8ab8e8b,SHP-002140,19c3c1cc-5b8f-4080-90e5-0f67321023d1,8b17251e-7f11-4d61-b24c-7474030aaf26,100000000,100000000,100000000,165.0,165.19,7,2025-03-06T10:09:53Z,2025-03-07T21:10:39Z,2025-03-07T22:45:38Z,2025-03-08T04:39:00Z,WB-002140,True,2025-03-06T06:57:00Z,1,2
07bfecf3-d21e-46c1-8ab9-822202a5c106,SHP-002141,c8b516d4-bd63-4106-ad3a-c07723cbb1ed,8b17251e-7f11-4d61-b24c-7474030aaf26,100000000,100000000,100000000,120.0,120.06,5,2025-12-13T12:03:46Z,2025-12-20T04:40:39Z,2025-12-20T05:47:07Z,2025-12-20T10:38:00Z,WB-002141,True,2025-12-13T10:28:00Z,1,2
25aa73f6-2ddb-4c0c-b4a0-86befd6ff544,SHP-002142,474d4374-f180-40a9-b04b-0212a73470a3,8b17251e-7f11-4d61-b24c-7474030aaf26,100000000,100000000,100000000,100.0,99.78,5,2026-04-12T14:23:42Z,2026-04-17T22:21:05Z,2026-04-17T23:00:23Z,2026-04-18T05:15:00Z,WB-002142,True,2026-04-12T12:53:00Z,1,2
6d5866b3-4b00-4765-8fd7-5e29c5dc39d1,SHP-002143,cb705093-9e5b-40de-904f-5d95e7911982,8b17251e-7f11-4d61-b24c-7474030aaf26,100000000,100000000,100000000,145.0,144.79,7,2026-04-11T06:31:17Z,2026-04-15T21:59:11Z,2026-04-15T23:52:24Z,2026-04-16T04:34:00Z,WB-002143,True,2026-04-11T06:50:00Z,1,2
4025277f-3bef-41b7-a8c5-edea5ed67b79,SHP-002144,7fd384ba-6198-4505-85d4-93b1b301a2dd,8b17251e-7f11-4d61-b24c-7474030aaf26,100000000,100000000,100000000,190.0,190.52,8,2026-05-05T10:59:40Z,2026-05-07T03:30:29Z,2026-05-07T04:07:42Z,2026-05-07T09:57:00Z,WB-002144,True,2026-05-05T10:38:00Z,1,2
a9cd5bde-a56c-44a7-8912-7bbfab1ad0bc,SHP-002145,42817187-0e11-4dfb-a380-478d950a79ff,8b17251e-7f11-4d61-b24c-7474030aaf26,100000000,100000000,100000002,115.0,115.25,5,2026-05-10T12:23:26Z,2026-05-12T04:16:09Z,2026-05-12T05:10:59Z,2026-05-12T09:44:00Z,WB-002145,True,2026-05-10T11:46:00Z,1,2
ec48560e-e5f6-45cf-aefb-40b1115535b0,SHP-002146,4a3781cd-c42b-46a8-b777-76a8099a4665,8b17251e-7f11-4d61-b24c-7474030aaf26,100000000,100000000,100000000,150.0,,7,2026-06-28T06:07:47Z,,,,,,2026-06-28T05:46:00Z,0,100000000
a7dd5843-da06-4d28-ab2b-74ec1d9b2732,SHP-002147,bb03120a-ad5c-47b5-ac41-9c0d14bc3de0,eb105574-3b8e-4686-a9ec-f49c5224bc01,100000000,100000001,100000000,175.0,175.2,8,2025-02-27T22:33:31Z,2025-02-28T22:56:02Z,2025-03-01T00:39:33Z,2025-03-01T04:51:00Z,WB-002147,True,2025-02-24T11:33:00Z,1,2
0a0cb589-2ce8-469b-b392-06c4b04a7874,SHP-002148,dbf6145e-a86b-4a66-8d8f-309c8de73ae8,eb105574-3b8e-4686-a9ec-f49c5224bc01,100000000,100000000,100000000,335.0,334.77,14,2025-03-25T13:33:05Z,2025-03-27T09:01:26Z,2025-03-27T09:47:37Z,2025-03-27T13:21:00Z,WB-002148,True,2025-03-25T10:34:00Z,1,2
3fe007b6-705b-4a59-a98f-47153421e2f5,SHP-002149,6051f060-643d-4910-b2d0-55d4cc2b92ae,eb105574-3b8e-4686-a9ec-f49c5224bc01,100000000,100000000,100000000,70.0,70.04,3,2025-03-09T09:09:12Z,2025-03-13T03:16:27Z,2025-03-13T03:45:47Z,2025-03-13T07:29:00Z,WB-002149,False,2025-03-09T06:37:00Z,1,2
1b6e631d-5120-4f45-b970-221c51f22e7a,SHP-002150,8131e052-60b4-471e-ad42-30e184aa05a0,eb105574-3b8e-4686-a9ec-f49c5224bc01,100000000,100000000,100000000,55.0,55.1,3,2025-07-02T13:07:38Z,2025-07-05T01:58:57Z,2025-07-05T03:13:00Z,2025-07-05T06:55:00Z,WB-002150,True,2025-07-02T10:47:00Z,1,2
40ccc715-c2cf-4def-a04b-70d600f5b7b6,SHP-002151,48a355b7-61bd-41d8-bd91-c9a00af75eca,eb105574-3b8e-4686-a9ec-f49c5224bc01,100000000,100000000,100000000,210.0,210.65,9,2025-12-08T12:34:08Z,2025-12-11T00:51:25Z,2025-12-11T01:48:06Z,2025-12-11T08:45:00Z,WB-002151,True,2025-12-08T09:47:00Z,1,2
6b000dd9-dfd5-4138-81a9-6ba9e3ae1ed4,SHP-002152,98e2880c-527a-407e-8e54-0c3e9b15ad64,eb105574-3b8e-4686-a9ec-f49c5224bc01,100000000,100000001,100000002,165.0,165.3,7,2025-12-26T02:22:56Z,2025-12-27T01:39:08Z,2025-12-27T03:33:13Z,2025-12-27T10:22:00Z,WB-002152,True,2025-12-23T06:53:00Z,1,2
b27783eb-f811-4619-b11c-a95e0f3ae22d,SHP-002153,41058096-b27d-4a09-a2ea-0fe6ed0bc387,eb105574-3b8e-4686-a9ec-f49c5224bc01,100000000,100000001,100000002,180.0,179.7,8,2026-06-05T08:38:24Z,2026-06-06T05:40:58Z,2026-06-06T06:30:33Z,2026-06-06T10:44:00Z,WB-002153,True,2026-05-31T07:21:00Z,1,2
ff6d9a95-1430-411f-bf58-4b34a41c24bd,SHP-002154,0e4ea033-da73-4088-a311-7ec806c839da,8d35e4a3-fac0-475a-8c84-a54dd3bbe9cf,100000001,100000000,100000001,35.0,34.97,2,2025-03-29T13:41:53Z,2025-03-30T06:34:04Z,2025-03-30T08:18:19Z,2025-03-30T13:07:00Z,WB-002154,True,2025-03-29T11:49:00Z,1,2
53d689f0-b39b-4cb5-b4f6-615536055f7f,SHP-002155,ff8f5b75-d03b-4ce7-8690-a6d599706c0f,8d35e4a3-fac0-475a-8c84-a54dd3bbe9cf,100000001,100000000,100000001,20.0,20.02,1,2025-06-03T09:21:19Z,2025-06-05T00:31:36Z,2025-06-05T01:34:38Z,2025-06-05T06:26:00Z,WB-002155,True,2025-06-03T08:19:00Z,1,2
a47222b5-bac0-4155-8814-08b30f4d8718,SHP-002156,de425272-b0c7-4fd0-9337-786cca4a16a9,8d35e4a3-fac0-475a-8c84-a54dd3bbe9cf,100000001,100000001,100000001,40.0,39.88,2,2025-07-17T12:37:12Z,2025-07-18T23:01:43Z,2025-07-19T00:22:26Z,2025-07-19T04:44:00Z,WB-002156,True,2025-07-14T13:08:00Z,1,2
822bb7dc-8ee7-4044-97db-f85eda447260,SHP-002157,82562124-ef7a-45be-acc5-735fc3a52da5,8d35e4a3-fac0-475a-8c84-a54dd3bbe9cf,100000001,100000000,100000000,55.0,54.95,3,2025-11-20T09:37:19Z,2025-11-21T21:44:59Z,2025-11-21T23:19:40Z,2025-11-22T04:52:00Z,WB-002157,False,2025-11-20T09:19:00Z,1,2
cb2792e9-fc33-41a1-8507-1fa156c53064,SHP-002158,de7b0197-b113-47dc-b781-75c6e3746923,0187074b-e16d-4a59-8971-42bcbe1a45f7,100000000,100000000,100000000,20.0,20.01,1,2025-04-19T12:48:16Z,2025-04-24T03:51:31Z,2025-04-24T04:52:07Z,2025-04-24T12:36:00Z,WB-002158,True,2025-04-19T11:47:00Z,1,2
be5a1406-99d8-483d-aefe-3712b5ff21f4,SHP-002159,195c878d-0b86-4c3f-ab81-28aede10bf93,0187074b-e16d-4a59-8971-42bcbe1a45f7,100000000,100000000,100000002,40.0,39.99,2,2026-03-02T16:10:41Z,2026-03-05T04:04:47Z,2026-03-05T05:59:25Z,2026-03-05T13:29:00Z,WB-002159,True,2026-03-02T12:50:00Z,1,2
d6788acb-c375-484a-b51b-154cd40646d6,SHP-002160,7027f7bd-cb03-4308-a4c4-4dff8f271552,0187074b-e16d-4a59-8971-42bcbe1a45f7,100000000,100000000,100000001,25.0,25.0,2,2026-03-05T08:46:06Z,2026-03-07T03:04:08Z,2026-03-07T04:31:42Z,2026-03-07T11:39:00Z,WB-002160,True,2026-03-05T08:07:00Z,1,2
a139c1ae-9898-44f8-818f-5e373e30482f,SHP-002161,87362836-ac55-48fc-abb8-22f0abbfb0c7,0187074b-e16d-4a59-8971-42bcbe1a45f7,100000000,100000000,100000000,40.0,40.07,2,2026-03-31T07:06:55Z,2026-04-05T03:54:16Z,2026-04-05T05:18:34Z,2026-04-05T12:34:00Z,WB-002161,True,2026-03-31T06:10:00Z,1,2
eb78e91e-ea7c-4bbf-8c8c-368f2dff7bcc,SHP-002162,ee0ef974-f224-4dbe-9716-ef371b4db095,0187074b-e16d-4a59-8971-42bcbe1a45f7,100000000,100000001,100000000,25.0,24.84,2,2026-06-09T03:00:44Z,2026-06-10T01:27:23Z,2026-06-10T02:28:05Z,2026-06-10T08:18:00Z,WB-002162,True,2026-06-07T07:22:00Z,1,2
de597501-1965-4bfd-a62e-556223397fb5,SHP-002163,89eec884-c2b9-4083-b371-55bad9bef7d8,a2954ea0-f35f-475f-82bb-7a10348ea61e,100000000,100000000,100000000,135.0,134.91,6,2025-03-31T09:07:43Z,2025-04-06T01:11:45Z,2025-04-06T01:37:02Z,2025-04-06T05:47:00Z,WB-002163,True,2025-03-31T07:12:00Z,1,2
2bba0392-494b-4322-89e8-f27cc3a24812,SHP-002164,e403f76f-d067-4130-b3ec-64dcb77a7e3d,a2954ea0-f35f-475f-82bb-7a10348ea61e,100000000,100000000,100000000,105.0,104.99,5,2025-03-30T11:07:57Z,2025-04-02T03:25:13Z,2025-04-02T05:06:21Z,2025-04-02T11:03:00Z,WB-002164,True,2025-03-30T10:30:00Z,1,2
36b39481-e8e3-4564-ba89-4d3900a2244e,SHP-002165,a92c06c4-2b7b-46a7-8aa2-e69c8042b440,a2954ea0-f35f-475f-82bb-7a10348ea61e,100000000,100000000,100000000,80.0,80.01,4,2025-03-31T08:22:09Z,2025-04-06T01:32:07Z,2025-04-06T02:51:18Z,2025-04-06T09:46:00Z,WB-002165,True,2025-03-31T08:24:00Z,1,2
8b8d9f1b-be6d-4d8f-a5b2-9146d1ae9f41,SHP-002166,9f96d3ff-4f81-4ba8-b010-0f77f6afbd4f,a2954ea0-f35f-475f-82bb-7a10348ea61e,100000000,100000001,100000001,105.0,104.85,5,2025-04-15T17:33:43Z,2025-04-17T05:20:22Z,2025-04-17T05:52:53Z,2025-04-17T11:05:00Z,WB-002166,True,2025-04-13T10:17:00Z,1,2
a93058a3-081c-42a8-a317-cae8ad591ed9,SHP-002167,00dc12ea-b5a5-42a7-9843-5cf0fe7aba9b,a2954ea0-f35f-475f-82bb-7a10348ea61e,100000000,100000000,100000000,100.0,100.15,5,2025-06-29T10:30:34Z,2025-07-06T02:52:31Z,2025-07-06T04:10:40Z,2025-07-06T09:31:00Z,WB-002167,True,2025-06-29T08:12:00Z,1,2
15173c7b-16eb-4965-9305-1419124ebdf9,SHP-002168,4889f438-64d5-4145-84f6-b13600e9844b,a2954ea0-f35f-475f-82bb-7a10348ea61e,100000000,100000001,100000000,155.0,154.67,7,2025-07-10T21:52:44Z,2025-07-12T06:31:32Z,2025-07-12T07:36:26Z,2025-07-12T11:32:00Z,WB-002168,True,2025-07-07T14:03:00Z,1,2
8bf39423-5a28-49d2-8827-acbc3242e715,SHP-002169,45c84524-5442-4a11-a417-101b02405ae9,a2954ea0-f35f-475f-82bb-7a10348ea61e,100000000,100000000,100000003,245.0,245.27,11,2025-10-28T08:24:25Z,2025-10-29T01:38:35Z,2025-10-29T02:48:48Z,2025-10-29T08:34:00Z,WB-002169,True,2025-10-28T07:05:00Z,1,2
d67f8169-98d3-490c-9836-f82445163c41,SHP-002170,8cfdd1f4-5eeb-497a-95e9-da42391d352f,a2954ea0-f35f-475f-82bb-7a10348ea61e,100000000,100000000,100000000,115.0,115.36,5,2025-10-08T10:25:34Z,2025-10-13T23:31:03Z,2025-10-14T00:20:48Z,2025-10-14T05:00:00Z,WB-002170,True,2025-10-08T08:49:00Z,1,2
fbb687cd-6b84-47e1-9f43-1e5a0dbdc547,SHP-002171,8a16963b-f1fb-47f5-9db5-f7654a0f7212,a2954ea0-f35f-475f-82bb-7a10348ea61e,100000000,100000000,100000000,215.0,214.83,9,2025-12-18T12:01:52Z,2025-12-20T05:40:15Z,2025-12-20T07:21:28Z,2025-12-20T12:11:00Z,WB-002171,True,2025-12-18T10:08:00Z,1,2
79f06b31-553c-477c-bc80-a7670e553200,SHP-002172,5f85d916-6280-4c5c-94fd-f391b46bca1f,a2954ea0-f35f-475f-82bb-7a10348ea61e,100000000,100000000,100000000,95.0,95.15,4,2026-04-04T10:00:25Z,2026-04-10T23:57:00Z,2026-04-11T01:00:14Z,2026-04-11T05:02:00Z,WB-002172,True,2026-04-04T07:25:00Z,1,2
55c0d4c6-4e3c-4b0e-9519-7efd763cad48,SHP-002173,296b1be3-80bf-4d38-a64d-be88b8886ff5,a2954ea0-f35f-475f-82bb-7a10348ea61e,100000000,100000001,100000001,110.0,109.89,5,2026-04-24T18:20:34Z,2026-04-25T05:44:30Z,2026-04-25T06:15:23Z,2026-04-25T10:51:00Z,WB-002173,True,2026-04-22T07:39:00Z,1,2
53a2872e-ab2b-418a-b3d4-dcee8da96b63,SHP-002174,f61ff8c4-0318-41b5-878f-56ac29d7ce98,a2954ea0-f35f-475f-82bb-7a10348ea61e,100000000,100000000,100000002,55.0,55.04,3,2026-05-09T09:40:06Z,2026-05-13T04:20:19Z,2026-05-13T04:56:09Z,2026-05-13T09:18:00Z,WB-002174,True,2026-05-09T07:47:00Z,1,2
b28007bd-b6f7-420c-b6ff-cc9a40ba104d,SHP-002175,19482c48-87d8-41d7-a21f-cd07cb54a053,aee8eca4-d95f-4dd3-9cb9-54c890b312ca,100000005,100000000,100000000,25.0,25.06,2,2025-10-30T06:29:51Z,2025-11-05T07:31:47Z,2025-11-05T09:22:49Z,2025-11-05T13:26:00Z,WB-002175,True,2025-10-30T06:16:00Z,1,2
4a201d2b-65a6-42eb-bab3-93bdcf82e17b,SHP-002176,634782d1-eef1-4c97-9373-34b3575afc53,063c91f9-4eb5-4e55-bc16-470d2e112dcc,100000000,100000000,100000002,105.0,104.68,5,2025-10-27T11:01:59Z,2025-10-30T04:33:28Z,2025-10-30T05:33:13Z,2025-10-30T10:56:00Z,WB-002176,True,2025-10-27T08:33:00Z,1,2
f9f14bde-3222-4310-bba3-1831fdf59b5e,SHP-002177,f7085d44-f168-476f-86f1-88c9639e37c5,063c91f9-4eb5-4e55-bc16-470d2e112dcc,100000000,100000000,100000000,130.0,129.7,6,2026-02-03T15:55:33Z,2026-02-04T04:58:05Z,2026-02-04T05:46:15Z,2026-02-04T09:43:00Z,WB-002177,True,2026-02-03T13:59:00Z,1,2
80c2519e-fb5e-431a-a6db-89d85b359945,SHP-002178,681aee18-f888-4d0e-925c-23ffe441a192,063c91f9-4eb5-4e55-bc16-470d2e112dcc,100000000,100000000,100000000,75.0,75.01,4,2026-02-21T10:11:16Z,2026-02-24T22:04:28Z,2026-02-24T23:45:14Z,2026-02-25T05:18:00Z,WB-002178,True,2026-02-21T08:16:00Z,1,2
f7b30af8-598e-4417-9423-e761c586c676,SHP-002179,dae5a12f-2b29-44e9-b6a9-306a81fab19c,7ee385c2-274f-4207-a8b1-ca19b6b581af,100000003,100000000,100000000,20.0,20.03,1,2025-09-23T13:06:04Z,2025-09-27T06:40:33Z,2025-09-27T08:39:18Z,2025-09-27T12:45:00Z,WB-002179,True,2025-09-23T10:32:00Z,1,2
12d70778-d71f-401e-8223-8d7cc2bcb94a,SHP-002180,562b060c-8588-45b7-a247-93d31da104fb,7ee385c2-274f-4207-a8b1-ca19b6b581af,100000003,100000000,100000000,25.0,24.98,2,2025-12-20T13:25:29Z,2025-12-27T00:25:19Z,2025-12-27T01:04:28Z,2025-12-27T05:16:00Z,WB-002180,True,2025-12-20T10:19:00Z,1,2
c60877e4-4116-4df7-aa92-812da1fa4ac5,SHP-002181,baa09bd9-c897-4c28-b2fc-04c167e497b0,7ee385c2-274f-4207-a8b1-ca19b6b581af,100000003,100000000,100000000,35.0,35.05,2,2026-06-20T11:54:35Z,2026-06-21T23:32:53Z,2026-06-22T00:48:19Z,2026-06-22T09:07:00Z,WB-002181,True,2026-06-20T09:15:00Z,1,2
f32e9f68-c8f3-4ad8-9466-de609153ac4c,SHP-002182,a015c8c0-cc42-44ce-9370-eda339562202,76cfd5b6-2902-4bda-bcfc-1f9f0af689dd,100000000,100000001,100000000,30.0,29.89,2,2026-01-12T19:51:41Z,2026-01-13T22:06:20Z,2026-01-13T23:48:35Z,2026-01-14T04:40:00Z,WB-002182,True,2026-01-10T08:59:00Z,1,2
e04580d5-6d4b-4055-80d3-bdd106f768e3,SHP-002183,fbdd1101-a57f-41f1-b34d-b84001778197,76cfd5b6-2902-4bda-bcfc-1f9f0af689dd,100000000,100000000,100000000,40.0,39.96,2,2026-02-22T09:39:26Z,2026-02-28T01:41:00Z,2026-02-28T03:02:10Z,2026-02-28T07:27:00Z,WB-002183,True,2026-02-22T06:54:00Z,1,2
daf668ea-6119-44dd-9043-a0a54771bc93,SHP-002184,2e33d7ad-1a67-4cdd-8547-25f947d1ec08,76cfd5b6-2902-4bda-bcfc-1f9f0af689dd,100000000,100000000,100000000,40.0,40.22,2,2026-02-25T13:55:30Z,2026-03-02T03:18:31Z,2026-03-02T04:52:45Z,2026-03-02T08:28:00Z,WB-002184,True,2026-02-25T10:36:00Z,1,2
d7d623e4-ba89-4688-8f3a-784af5549fd8,SHP-002185,42cf7c40-8729-4be4-85af-5515cd25963e,76cfd5b6-2902-4bda-bcfc-1f9f0af689dd,100000000,100000000,100000000,50.0,50.12,3,2026-03-17T10:01:51Z,2026-03-21T03:16:36Z,2026-03-21T05:03:20Z,2026-03-21T10:43:00Z,WB-002185,True,2026-03-17T08:22:00Z,1,2
cf440c33-0645-4b66-a006-edf4d0d749e0,SHP-002186,b9e46a8e-7c6f-41f1-8bd1-a5d2b89313db,76cfd5b6-2902-4bda-bcfc-1f9f0af689dd,100000000,100000000,100000000,35.0,35.05,2,2026-03-29T04:58:50Z,2026-03-31T05:04:56Z,2026-03-31T06:47:13Z,2026-03-31T12:04:00Z,WB-002186,True,2026-03-29T04:44:00Z,1,2
07bdc55e-4c9e-4ccf-aaca-aeab20bb8afa,SHP-002187,dc7f259e-1302-48d7-af1d-e0398835056a,8b609d1e-6c72-4cf8-a11d-b3501169d505,100000001,100000000,100000000,50.0,50.1,3,2025-05-29T09:23:27Z,2025-06-04T02:59:18Z,2025-06-04T03:46:17Z,2025-06-04T09:41:00Z,WB-002187,True,2025-05-29T09:07:00Z,1,2
09379fe2-540d-4fcc-871e-cebc92e426c8,SHP-002188,488fc455-de40-4dca-ba34-d9d2903dd51c,b8fcc7fd-f729-4f09-868a-00a99a2f99a7,100000001,100000000,100000002,55.0,54.93,3,2025-07-01T10:01:44Z,2025-07-03T05:38:50Z,2025-07-03T06:45:51Z,2025-07-03T12:31:00Z,WB-002188,True,2025-07-01T07:36:00Z,1,2
39e4b71b-96c0-4abe-8503-b1576dd198b4,SHP-002189,5b14f405-2328-4ff8-addf-0b2e338c7d7d,b8fcc7fd-f729-4f09-868a-00a99a2f99a7,100000001,100000000,100000000,30.0,30.02,2,2026-05-14T09:06:53Z,2026-05-19T01:57:18Z,2026-05-19T03:15:00Z,2026-05-19T12:04:00Z,WB-002189,True,2026-05-14T09:13:00Z,1,2
0493482e-bb05-4051-b897-80269a24274f,SHP-002190,3041f372-c964-4398-8247-0766858bf143,aa99c64c-8950-4eb1-9595-bdbf33f0831a,100000000,100000000,100000001,34.5,34.42,2,2025-07-12T14:05:59Z,2025-07-14T22:18:10Z,2025-07-14T23:06:54Z,2025-07-15T08:57:00Z,WB-002190,True,2025-07-12T10:37:00Z,1,2
723b3914-6a7d-4b26-bc8c-383eba44cd0c,SHP-002191,bb18fdfa-1e4e-4ca5-a6e2-1b87cabcd20f,504bd946-93c9-4ed3-b937-3c139a706219,100000000,100000001,100000002,45.0,45.11,2,2025-10-06T12:09:29Z,2025-10-07T01:54:08Z,2025-10-07T03:38:12Z,2025-10-07T08:48:00Z,WB-002191,True,2025-10-01T12:15:00Z,1,2
a70215a3-2d4f-41c9-9818-973d2d6c2701,SHP-002192,988115b8-5e80-422d-b31b-76acc78def04,504bd946-93c9-4ed3-b937-3c139a706219,100000000,100000000,100000002,40.0,39.94,2,2026-03-25T10:48:47Z,2026-04-01T00:05:58Z,2026-04-01T01:12:12Z,2026-04-01T07:30:00Z,WB-002192,True,2026-03-25T08:14:00Z,1,2
fa642812-1b0e-4cd4-98b8-aac300dbce2c,SHP-002193,5689df2f-4879-4540-a869-5e17e23554f4,504bd946-93c9-4ed3-b937-3c139a706219,100000000,100000000,100000000,25.0,24.93,2,2026-05-11T16:14:03Z,2026-05-15T22:48:44Z,2026-05-16T00:43:19Z,2026-05-16T05:23:00Z,WB-002193,True,2026-05-11T14:19:00Z,1,2
0970a5da-3eb5-450b-89df-0997a68a5acf,SHP-002194,96ae84f7-0db7-438c-a0a2-4538c67793c6,504bd946-93c9-4ed3-b937-3c139a706219,100000000,100000000,100000000,20.0,20.05,1,2026-05-31T07:52:27Z,2026-06-02T05:03:15Z,2026-06-02T06:45:18Z,2026-06-02T12:01:00Z,WB-002194,True,2026-05-31T07:47:00Z,1,2
ce40634e-bd7e-4577-9d73-8e357bc77eeb,SHP-002195,f4052f28-7d52-4843-b299-478d3eced6a5,1842b7ee-bfdb-4ed8-ac4b-1f95d4f3df52,100000000,100000000,100000000,60.0,60.07,3,2025-06-12T15:07:01Z,2025-06-18T04:34:09Z,2025-06-18T06:12:56Z,2025-06-18T10:55:00Z,WB-002195,True,2025-06-12T13:01:00Z,1,2
db28d9e9-310d-4533-b314-38b046b37315,SHP-002196,4e12816c-5007-4962-a0ea-04b63b41701f,1842b7ee-bfdb-4ed8-ac4b-1f95d4f3df52,100000000,100000000,100000002,60.0,60.13,3,2026-05-06T09:45:43Z,2026-05-10T23:11:35Z,2026-05-11T01:02:33Z,2026-05-11T05:35:00Z,WB-002196,True,2026-05-06T08:26:00Z,1,2
85ffaf59-4869-48a5-8d42-d6c41e79835b,SHP-002197,2fc21b63-d5ee-4462-841c-50f8848a5fee,652d4876-2dd2-45e6-aff3-4f0cc65341a2,100000004,100000000,100000000,80.0,80.31,4,2025-10-04T09:10:55Z,2025-10-10T21:03:23Z,2025-10-10T22:23:55Z,2025-10-11T04:32:00Z,WB-002197,False,2025-10-04T08:59:00Z,1,2
f6e222bd-ca01-44b0-b106-8e0ecc0086a3,SHP-002198,b99c0a9b-c770-4125-aef4-7f89bd3cdccb,652d4876-2dd2-45e6-aff3-4f0cc65341a2,100000004,100000001,100000001,10.0,9.99,1,2025-11-20T18:28:57Z,2025-11-21T22:50:05Z,2025-11-22T00:49:23Z,2025-11-22T04:53:00Z,WB-002198,True,2025-11-18T11:35:00Z,1,2
f79056be-46a8-4461-ae4e-4dc8f6b8abe6,SHP-002199,cf383291-b80d-4e74-9245-87f49f460935,652d4876-2dd2-45e6-aff3-4f0cc65341a2,100000004,100000001,100000001,35.0,34.88,2,2025-12-03T13:28:28Z,2025-12-04T01:33:39Z,2025-12-04T03:11:04Z,2025-12-04T08:11:00Z,WB-002199,True,2025-11-30T13:18:00Z,1,2
10b83a44-7e34-49dc-a016-de02ea9abfd0,SHP-002200,1184d9eb-e571-4eb6-a09a-296185caa39d,9a437632-7231-4218-933e-721871c8fb57,100000001,100000000,100000000,75.0,74.89,4,2025-11-19T10:40:30Z,2025-11-26T03:31:52Z,2025-11-26T04:50:13Z,2025-11-26T10:10:00Z,WB-002200,True,2025-11-19T07:37:00Z,1,2
029e9c50-9412-428c-93d0-493664b9f706,SHP-002201,5aa213c6-9492-4d6e-bfef-b3dc8564fc95,9a437632-7231-4218-933e-721871c8fb57,100000001,100000000,100000000,120.0,120.4,5,2025-12-15T08:06:36Z,2025-12-20T06:38:31Z,2025-12-20T07:50:26Z,2025-12-20T13:22:00Z,WB-002201,True,2025-12-15T05:05:00Z,1,2
1b205f14-9037-4db4-a82e-e8b7e499e979,SHP-002202,6504c618-c082-4c3c-a1a1-16a32300a017,9a437632-7231-4218-933e-721871c8fb57,100000001,100000001,100000000,220.0,220.07,10,2025-12-16T08:20:05Z,2025-12-17T06:31:20Z,2025-12-17T07:24:52Z,2025-12-17T12:11:00Z,WB-002202,True,2025-12-10T09:34:00Z,1,2
73202a89-6718-4481-8d80-3a9641add014,SHP-002203,60a95caf-021e-4d94-b0ca-4de1964417bc,9a437632-7231-4218-933e-721871c8fb57,100000001,100000001,100000000,110.5,110.92,5,2026-03-10T20:34:37Z,2026-03-12T03:30:53Z,2026-03-12T04:43:57Z,2026-03-12T11:49:00Z,WB-002203,True,2026-03-07T12:39:00Z,1,2
b7aeee08-88f9-477f-a15e-5d38eea1c0a0,SHP-002204,47d6838b-8b44-4313-8130-4581c61c79cb,9a437632-7231-4218-933e-721871c8fb57,100000001,100000000,100000002,65.0,65.22,3,2026-02-21T13:04:53Z,2026-02-22T23:52:01Z,2026-02-23T00:55:38Z,2026-02-23T04:44:00Z,WB-002204,True,2026-02-21T11:52:00Z,1,2
8ea89b67-6031-4ceb-a406-e948a86893c7,SHP-002205,83e20b99-2265-477f-b911-3459fec46cc5,167d4184-a86a-458f-ba11-169426c1549a,100000000,100000000,100000001,150.0,150.84,7,2025-09-07T14:53:00Z,2025-09-08T01:03:01Z,2025-09-08T01:46:56Z,2025-09-08T06:34:00Z,WB-002205,True,2025-09-07T12:13:00Z,1,2
a937c5cd-27cf-4504-baf0-569a0132fee2,SHP-002206,95493e11-ca9e-470a-a615-2e0277f9a2be,167d4184-a86a-458f-ba11-169426c1549a,100000000,100000000,100000001,205.0,204.47,9,2025-09-18T13:10:35Z,2025-09-20T05:09:10Z,2025-09-20T06:57:59Z,2025-09-20T12:20:00Z,WB-002206,True,2025-09-18T13:27:00Z,1,2
5405f819-d2f7-43a2-b634-a97c3b14722c,SHP-002207,e8667e2a-ef7d-4283-8dd1-49dd2f3b55f8,167d4184-a86a-458f-ba11-169426c1549a,100000000,100000000,100000002,160.0,159.74,7,2025-10-30T14:26:28Z,2025-11-01T23:34:12Z,2025-11-02T00:51:49Z,2025-11-02T04:36:00Z,WB-002207,True,2025-10-30T12:19:00Z,1,2
efc97ff1-c902-4d3b-91b3-dd34d6fb144a,SHP-002208,0a2f6639-cd5d-4a83-b6aa-e31f7dc980c0,056760f8-0de9-4292-98b5-e7e188ef88f7,100000000,100000000,100000000,75.0,75.21,4,2025-08-09T05:30:09Z,2025-08-13T03:22:28Z,2025-08-13T04:04:45Z,2025-08-13T08:38:00Z,WB-002208,True,2025-08-09T05:19:00Z,1,2
24c117df-175d-46af-b0c4-a58c9df43b87,SHP-002209,a9a41f56-2d5f-4fb6-af01-c6873c784ce2,056760f8-0de9-4292-98b5-e7e188ef88f7,100000000,100000000,100000000,260.0,259.7,11,2025-11-20T08:33:44Z,2025-11-24T01:27:21Z,2025-11-24T01:51:24Z,2025-11-24T06:02:00Z,WB-002209,True,2025-11-20T06:27:00Z,1,2
597f2357-e274-49ec-a903-a140fa8f9e84,SHP-002210,6eec5359-5d01-4658-9336-dc3dd4a83f4e,056760f8-0de9-4292-98b5-e7e188ef88f7,100000000,100000001,100000000,165.0,165.58,7,2025-12-27T15:55:26Z,2025-12-29T00:16:37Z,2025-12-29T01:23:18Z,2025-12-29T06:23:00Z,WB-002210,True,2025-12-24T09:48:00Z,1,2
273706c7-646c-46ec-aa78-80230b815869,SHP-002211,b8f09225-98a5-46e5-8bd1-4aac31bda600,056760f8-0de9-4292-98b5-e7e188ef88f7,100000000,100000000,100000000,160.0,159.27,7,2025-12-15T13:08:34Z,2025-12-16T21:35:10Z,2025-12-16T23:15:10Z,2025-12-17T05:18:00Z,WB-002211,True,2025-12-15T10:18:00Z,1,2
fb9efa9f-f1a6-471a-88cc-0bf9bd2f512d,SHP-002212,0cc253f6-88c5-49b4-b48a-82b74ae67222,056760f8-0de9-4292-98b5-e7e188ef88f7,100000000,100000000,100000002,75.0,74.71,4,2026-01-14T07:17:17Z,2026-01-21T03:49:14Z,2026-01-21T04:43:06Z,2026-01-21T08:01:00Z,WB-002212,True,2026-01-14T07:13:00Z,1,2
5304803a-41f0-4dd5-8eee-59a6d45a6c71,SHP-002213,c4f40389-d61e-4816-bd7e-84661ce2829e,056760f8-0de9-4292-98b5-e7e188ef88f7,100000000,100000001,100000001,115.0,114.33,5,2026-05-24T11:10:12Z,2026-05-26T00:47:33Z,2026-05-26T01:36:28Z,2026-05-26T06:34:00Z,WB-002213,True,2026-05-19T09:19:00Z,1,2
ed1f009a-0ad2-4839-adbc-100b28296524,SHP-002214,f91e7cff-db66-4973-81d9-1bc688df3618,152b7fbd-aa15-47d3-b4ec-733defe47a7e,100000001,100000001,100000000,40.0,39.92,2,2025-08-14T01:19:18Z,2025-08-16T01:20:29Z,2025-08-16T02:24:05Z,2025-08-16T11:16:00Z,WB-002214,True,2025-08-09T05:30:00Z,1,2
dc00461f-f337-4820-9775-85b5c4d99c9d,SHP-002215,ffd32439-e7cb-4dda-9f23-dfd803c3c615,152b7fbd-aa15-47d3-b4ec-733defe47a7e,100000001,100000000,100000000,105.0,104.81,5,2025-08-18T12:28:00Z,2025-08-20T09:51:40Z,2025-08-20T10:20:12Z,2025-08-21T06:26:00Z,WB-002215,True,2025-08-18T11:04:00Z,1,2
f8252342-8814-4028-803d-7e63e37e792c,SHP-002216,a1289836-a18a-4da2-892b-0db592031e17,152b7fbd-aa15-47d3-b4ec-733defe47a7e,100000001,100000000,100000000,95.0,94.82,4,2025-09-29T14:58:11Z,2025-09-30T22:31:16Z,2025-09-30T23:21:35Z,2025-10-01T10:29:00Z,WB-002216,True,2025-09-29T13:40:00Z,1,2
1a8b55d2-fb15-47f1-bac9-e275e1ea59d5,SHP-002217,065e8031-9e20-4d2d-a12d-7ace25305568,c683315a-fcfb-436c-8642-b41abf4cc28d,100000001,100000000,100000000,15.0,14.94,1,2025-10-25T11:05:31Z,2025-10-30T05:10:27Z,2025-10-30T06:14:38Z,2025-10-30T09:46:00Z,WB-002217,True,2025-10-25T08:10:00Z,1,2
fcff9250-3548-4b7d-be29-de5eebef01a5,SHP-002218,3dd4fa5b-3cba-4e55-bc58-4a2f74ed2c10,c683315a-fcfb-436c-8642-b41abf4cc28d,100000001,100000000,100000000,34.5,34.39,2,2026-01-03T09:10:26Z,2026-01-07T08:46:02Z,2026-01-07T09:24:34Z,2026-01-07T12:41:00Z,WB-002218,True,2026-01-03T07:34:00Z,1,2
e701be61-674b-4ee7-8f01-b11bbadab738,SHP-002219,74e6f221-7b51-4621-8ea9-0bfd48a36314,c683315a-fcfb-436c-8642-b41abf4cc28d,100000001,100000000,100000000,50.0,50.01,3,2026-01-10T13:17:48Z,2026-01-15T05:50:47Z,2026-01-15T07:00:33Z,2026-01-15T13:00:00Z,WB-002219,True,2026-01-10T13:00:00Z,1,2
eebac187-4b52-4535-b279-697cf5730047,SHP-002220,c38af334-eb71-46bf-96ef-f8980604f03b,81f1a440-0783-4ed6-82e7-18a769fba3fa,100000005,100000001,100000002,20.0,20.1,1,2025-09-28T10:27:41Z,2025-09-29T20:07:59Z,2025-09-29T21:27:24Z,2025-09-30T04:32:00Z,WB-002220,True,2025-09-25T09:27:00Z,1,2
87ed21d1-e4cc-4781-8eb9-f450e451fc0f,SHP-002221,c0cc115d-006b-489f-b124-9f7238708028,81f1a440-0783-4ed6-82e7-18a769fba3fa,100000005,100000001,100000000,45.0,45.24,2,2025-09-28T02:48:52Z,2025-09-29T23:49:58Z,2025-09-30T00:19:31Z,2025-09-30T04:48:00Z,WB-002221,True,2025-09-24T14:09:00Z,1,2
c328dc1f-e967-42be-a9a7-dd4af748eaf1,SHP-002222,d6ef8308-c883-4d75-9ac8-830473df5a9e,049bf703-a6ff-4014-8b10-603231e97228,100000000,100000000,100000000,30.0,29.93,2,2025-09-28T07:15:16Z,2025-10-03T22:56:44Z,2025-10-03T23:31:23Z,2025-10-04T09:40:00Z,WB-002222,True,2025-09-28T06:04:00Z,1,2
9587221d-3d41-4bc6-b7df-e442f64ea1a9,SHP-002223,6b2de79b-2b31-46e8-b485-aebed077577f,049bf703-a6ff-4014-8b10-603231e97228,100000000,100000000,100000000,90.0,89.69,4,2025-10-30T12:54:11Z,2025-11-02T17:01:19Z,2025-11-02T18:29:54Z,2025-11-03T10:57:00Z,WB-002223,True,2025-10-30T12:22:00Z,1,2
0bb41e24-3d99-4dba-926e-a880c6dd1d57,SHP-002224,a3ffed99-d54d-4ccb-94d7-4cb68533bfef,049bf703-a6ff-4014-8b10-603231e97228,100000000,100000000,100000000,100.0,99.6,5,2025-12-22T11:49:35Z,2025-12-27T00:52:54Z,2025-12-27T01:21:27Z,2025-12-27T13:13:00Z,WB-002224,True,2025-12-22T11:26:00Z,1,2
664d34fc-026a-49b6-b12e-b92f5e4f42d7,SHP-002225,69434f83-699f-47a9-a413-bbfa967794ed,0299b709-2a27-496c-b4f1-c64dc8da7e18,100000000,100000000,100000000,75.0,74.9,4,2026-04-12T09:05:47Z,2026-04-17T22:44:40Z,2026-04-17T23:46:17Z,2026-04-18T05:19:00Z,WB-002225,True,2026-04-12T08:35:00Z,1,2
6a45830b-1289-4bc4-bc81-1477aa75df6e,SHP-002226,71e15cce-8d47-405f-9bbb-d77c6ece5825,04ba16cc-e5d1-4a78-9e01-9bfea0cd173d,100000000,100000000,100000000,120.0,120.83,5,2025-10-12T15:04:24Z,2025-10-19T02:11:50Z,2025-10-19T03:51:22Z,2025-10-19T10:11:00Z,WB-002226,True,2025-10-12T13:00:00Z,1,2
fa220c26-ee6a-4df6-bb67-1ff22493a07c,SHP-002227,701991b9-f26a-40d6-8921-2fae0198f644,04ba16cc-e5d1-4a78-9e01-9bfea0cd173d,100000000,100000000,100000000,230.0,230.55,10,2026-02-07T13:52:38Z,2026-02-10T04:57:48Z,2026-02-10T06:47:17Z,2026-02-10T12:49:00Z,WB-002227,True,2026-02-07T12:34:00Z,1,2
0ad606a3-3a04-456c-9e2e-947cd9421e28,SHP-002228,b464107f-80d0-4df3-a1e7-31ab138e13cb,04ba16cc-e5d1-4a78-9e01-9bfea0cd173d,100000000,100000000,100000001,75.0,75.13,4,2026-04-25T08:48:35Z,2026-04-29T05:51:42Z,2026-04-29T06:53:29Z,2026-04-29T12:00:00Z,WB-002228,True,2026-04-25T06:15:00Z,1,2
2d844185-b06f-47a2-b1f1-cb9d93190f74,SHP-002229,1e83070f-5d97-4671-bad4-cd966f07cce8,04ba16cc-e5d1-4a78-9e01-9bfea0cd173d,100000000,100000000,100000000,25.0,25.11,2,2026-06-23T10:12:15Z,2026-06-26T22:12:24Z,2026-06-26T22:48:07Z,2026-06-27T08:17:00Z,WB-002229,True,2026-06-23T10:02:00Z,1,2
4da80588-7863-440c-ae3e-8c649062033a,SHP-002230,94c4d14d-596a-4f77-9ac7-32443a98bfd8,04ba16cc-e5d1-4a78-9e01-9bfea0cd173d,100000000,100000000,100000000,25.0,24.97,2,2026-06-20T09:41:23Z,2026-06-24T02:43:04Z,2026-06-24T03:18:16Z,2026-06-24T10:08:00Z,WB-002230,False,2026-06-20T09:55:00Z,1,2
44c1d1b8-d74d-4a43-af7c-3c36d6bdb82e,SHP-002231,7db56b57-47e5-4976-9182-b7abcef689e1,0343dad2-6d8a-44b2-88cb-4fb10f2aea08,100000005,100000000,100000000,35.0,34.83,2,2025-08-12T10:26:30Z,2025-08-16T04:31:11Z,2025-08-16T06:06:43Z,2025-08-16T12:48:00Z,WB-002231,True,2025-08-12T08:35:00Z,1,2
000e57e1-ef4b-4ffd-8228-43da92c5211b,SHP-002232,08ea72f4-0b92-46ae-9ebc-b98457eaec9f,0343dad2-6d8a-44b2-88cb-4fb10f2aea08,100000005,100000000,100000000,45.0,45.1,2,2025-09-18T10:03:49Z,2025-09-20T08:09:21Z,2025-09-20T08:48:24Z,2025-09-20T13:03:00Z,WB-002232,True,2025-09-18T08:21:00Z,1,2
cfd99d70-0c52-4b1f-9310-4c718db5cfcb,SHP-002233,86d4e34c-a359-42cf-a33d-8995422ad005,0343dad2-6d8a-44b2-88cb-4fb10f2aea08,100000005,100000000,100000000,40.0,40.02,2,2025-10-12T14:18:49Z,2025-10-19T06:40:45Z,2025-10-19T07:15:37Z,2025-10-19T11:16:00Z,WB-002233,True,2025-10-12T13:34:00Z,1,2
ded5f6c1-70e7-4822-a038-1cea2cb42da7,SHP-002234,fc31d07a-7ba2-42d4-9ba3-a5f9fa02db80,0343dad2-6d8a-44b2-88cb-4fb10f2aea08,100000005,100000000,100000000,20.0,19.88,1,2026-01-17T10:28:57Z,2026-01-20T00:44:42Z,2026-01-20T01:38:55Z,2026-01-20T06:58:00Z,WB-002234,True,2026-01-17T10:34:00Z,1,2
8e8f2823-8f2c-4073-994c-02a5fa983ae0,SHP-002235,f2797657-efeb-48d9-bf35-5f45f7093e08,0343dad2-6d8a-44b2-88cb-4fb10f2aea08,100000005,100000000,100000002,50.0,49.7,3,2026-03-16T12:30:51Z,2026-03-22T21:27:23Z,2026-03-22T22:45:07Z,2026-03-23T05:56:00Z,WB-002235,True,2026-03-16T12:38:00Z,1,2
d3e83e0e-b501-4a67-b03c-b255a9a8cc46,SHP-002236,eb6feda7-4b97-4040-b9c2-6e913b48ea7b,758d9a65-73bc-47d7-8c3a-275a21435a7f,100000000,100000000,100000002,165.0,165.26,7,2025-08-04T09:43:28Z,2025-08-04T22:56:24Z,2025-08-05T00:22:37Z,2025-08-05T08:48:00Z,WB-002236,True,2025-08-04T09:02:00Z,1,2
f62d3cdc-a27f-4a8e-a7fd-b08171953452,SHP-002237,a0ad80cd-323c-49f8-a31c-18f2f7d5c39a,758d9a65-73bc-47d7-8c3a-275a21435a7f,100000000,100000000,100000000,55.0,54.94,3,2025-08-30T07:53:38Z,2025-09-01T05:03:14Z,2025-09-01T06:07:33Z,2025-09-01T11:09:00Z,WB-002237,True,2025-08-30T05:40:00Z,1,2
37f48d70-0176-4546-9d04-34a85a58244e,SHP-002238,3bf718cd-1446-46d2-88ba-622314f7f432,758d9a65-73bc-47d7-8c3a-275a21435a7f,100000000,100000000,100000000,125.0,124.91,6,2025-10-18T08:55:41Z,2025-10-24T22:09:11Z,2025-10-24T23:27:57Z,2025-10-25T05:15:00Z,WB-002238,True,2025-10-18T08:39:00Z,1,2
0d125081-f6f6-4981-ad97-d633b066f910,SHP-002239,16542295-3575-4099-9ea2-630bb6d6cf04,758d9a65-73bc-47d7-8c3a-275a21435a7f,100000000,100000001,100000002,265.0,264.61,12,2026-02-03T05:06:25Z,2026-02-03T22:06:12Z,2026-02-03T22:49:03Z,2026-02-04T04:49:00Z,WB-002239,True,2026-01-31T12:28:00Z,1,2
63be57b8-24bc-4c78-9d49-809c5032dcb6,SHP-002240,61cf0dfc-9c2c-434b-aff9-595f2457622b,758d9a65-73bc-47d7-8c3a-275a21435a7f,100000000,100000000,100000000,440.0,439.85,19,2026-04-14T13:37:06Z,2026-04-21T01:15:15Z,2026-04-21T02:42:05Z,2026-04-21T07:26:00Z,WB-002240,True,2026-04-14T13:41:00Z,1,2
96978922-7748-47db-8557-a9ee21e59454,SHP-002241,9f50a293-4a8d-442b-8009-f032a4422a48,758d9a65-73bc-47d7-8c3a-275a21435a7f,100000000,100000000,100000000,105.0,105.1,5,2026-04-25T17:00:59Z,2026-05-02T07:58:29Z,2026-05-02T08:28:12Z,2026-05-02T12:34:00Z,WB-002241,True,2026-04-25T14:08:00Z,1,2
36e0caf7-59b4-423b-b248-57d6514422df,SHP-002242,7e473bbd-9721-4dfe-b4a4-4e7c247175b5,758d9a65-73bc-47d7-8c3a-275a21435a7f,100000000,100000000,100000000,115.0,114.99,5,2026-04-25T13:39:39Z,2026-04-26T01:39:16Z,2026-04-26T02:38:45Z,2026-04-26T06:53:00Z,WB-002242,True,2026-04-25T11:10:00Z,1,2
2d9d87b5-b5ae-4c01-8aae-797e70e745ed,SHP-002243,7708ab32-6a23-4e38-8d2e-1ec08fbffd48,6e7cb018-bf11-4b44-8757-b010c7602e01,100000000,100000000,100000000,340.0,340.23,15,2025-08-16T13:25:54Z,2025-08-21T02:25:13Z,2025-08-21T03:08:56Z,2025-08-21T07:17:00Z,WB-002243,True,2025-08-16T10:42:00Z,1,2
76de9eba-b049-4694-9dfd-376fb560fb43,SHP-002244,4efc8e8f-dea2-4a39-b78e-2449ceb93d54,6e7cb018-bf11-4b44-8757-b010c7602e01,100000000,100000000,100000000,105.0,105.19,5,2026-05-25T09:43:52Z,2026-06-01T06:47:23Z,2026-06-01T07:17:51Z,2026-06-01T11:37:00Z,WB-002244,True,2026-05-25T07:25:00Z,1,2
9eaa73f6-57e3-4b8f-90a5-f100a244d7e5,SHP-002245,21d20191-3bd0-4178-a93b-34ae92a46107,6c3eff5d-dd0e-432f-ab19-1261886f5d21,100000004,100000001,100000001,15.0,14.98,1,2026-04-10T15:38:59Z,2026-04-11T03:40:57Z,2026-04-11T05:26:01Z,2026-04-11T11:09:00Z,WB-002245,True,2026-04-08T10:28:00Z,1,2
96c1d537-f855-4776-953b-ef3b18c5d73f,SHP-002246,2f0b28c8-16b0-47a9-abe3-5f72f43eb0d6,8c0499ff-71e6-4566-8309-35fa5a7e4e9d,100000001,100000000,100000000,60.0,60.04,3,2026-06-20T10:41:18Z,2026-06-27T00:09:37Z,2026-06-27T01:53:14Z,2026-06-27T05:51:00Z,WB-002246,True,2026-06-20T08:10:00Z,1,2
5d7ff23e-ed0e-4586-ba5a-399c14fdb96b,SHP-002247,772e66e1-0b3d-41af-96f3-19792751a2ee,d40c66be-2b5f-463c-a11d-70ab145a09ad,100000002,100000000,100000000,40.0,39.98,2,2026-04-12T13:02:49Z,2026-04-16T00:08:56Z,2026-04-16T01:43:37Z,2026-04-16T07:01:00Z,WB-002247,True,2026-04-12T09:56:00Z,1,2
1fa351aa-cd94-4553-9aca-68e954f093f3,SHP-002248,85490478-c3e1-4978-be21-fc3ef7c9b9d5,b14f7ce1-9278-478b-9db8-05b5584ee369,100000000,100000000,100000000,50.0,50.06,3,2026-06-06T14:35:52Z,2026-06-09T06:58:49Z,2026-06-09T08:53:38Z,2026-06-09T12:46:00Z,WB-002248,True,2026-06-06T11:31:00Z,1,2
de72b3a0-f22b-4cfa-89f2-f3f428349589,SHP-002249,8def94e7-fc37-404f-905a-d86d09ba9ff3,4d4f6a43-edf4-41b5-80a3-d4f68811fcc6,100000005,100000000,100000000,145.0,144.31,7,2024-08-01T08:36:43Z,2024-08-03T05:05:15Z,2024-08-03T06:21:55Z,2024-08-03T09:58:00Z,WB-002249,True,2024-08-01T08:43:00Z,1,2
e771ea5f-70de-4668-aa81-821ab133baa0,SHP-002250,233a5ad5-d9da-4fa9-a53e-3ec4e1102b0c,4d4f6a43-edf4-41b5-80a3-d4f68811fcc6,100000005,100000000,100000000,85.0,84.75,4,2024-09-10T12:34:29Z,2024-09-16T01:49:42Z,2024-09-16T02:40:44Z,2024-09-16T07:49:00Z,WB-002250,False,2024-09-10T12:48:00Z,1,2
6da76ac6-c9bd-479d-88aa-ff5707f5dfc8,SHP-002251,48dcb3e7-40e5-4954-abb8-0bc08513be1f,4d4f6a43-edf4-41b5-80a3-d4f68811fcc6,100000005,100000001,100000001,195.0,194.23,9,2024-12-03T21:11:44Z,2024-12-04T22:45:51Z,2024-12-05T00:28:06Z,2024-12-05T04:41:00Z,WB-002251,True,2024-12-01T05:15:00Z,1,2
cdfe4331-4593-469f-944b-a6e6659d315b,SHP-002252,3546e76f-f4de-4034-a7eb-5f00f2499b8b,4d4f6a43-edf4-41b5-80a3-d4f68811fcc6,100000005,100000001,100000000,95.0,95.26,4,2025-02-12T18:38:02Z,2025-02-15T07:36:47Z,2025-02-15T08:23:42Z,2025-02-15T12:42:00Z,WB-002252,True,2025-02-08T09:50:00Z,1,2
f94f89d9-6ae2-4c9b-891a-fb0f82f199ba,SHP-002253,0d0151d0-17a0-4e72-8597-9c34c1148050,4d4f6a43-edf4-41b5-80a3-d4f68811fcc6,100000005,100000001,100000001,185.0,185.86,8,2025-10-26T03:56:18Z,2025-10-27T01:18:08Z,2025-10-27T02:00:17Z,2025-10-27T07:58:00Z,WB-002253,True,2025-10-23T11:26:00Z,1,2
ce42ccb9-51d7-4e92-b6a1-3b1fee887b57,SHP-002254,42792f10-f378-4b96-91c6-a31365513219,4d4f6a43-edf4-41b5-80a3-d4f68811fcc6,100000005,100000000,100000000,95.5,95.41,4,2026-04-16T14:51:32Z,2026-04-18T08:27:39Z,2026-04-18T09:33:04Z,2026-04-18T13:03:00Z,WB-002254,True,2026-04-16T11:57:00Z,1,2
f7013974-483c-4b62-8fa2-8dc2653cf373,SHP-002255,8b2a56f1-e68c-46b6-938f-65e0d5865f50,4d4f6a43-edf4-41b5-80a3-d4f68811fcc6,100000005,100000000,100000002,110.0,109.66,5,2026-05-18T10:02:55Z,2026-05-19T00:12:14Z,2026-05-19T01:05:25Z,2026-05-19T05:30:00Z,WB-002255,True,2026-05-18T06:46:00Z,1,2
6e0d20bc-7b0a-420d-8169-29c90b7d20ba,SHP-002256,7a32b78f-6061-44c8-b065-297e0587247c,4d4f6a43-edf4-41b5-80a3-d4f68811fcc6,100000005,100000000,100000001,70.0,69.89,3,2026-06-28T16:15:14Z,2026-06-29T04:22:16Z,2026-06-29T05:29:07Z,2026-06-29T09:36:00Z,WB-002256,True,2026-06-28T14:11:00Z,1,2
680d4587-d682-4772-a6df-70358d18c26f,SHP-002257,2ab1566f-a0ab-4667-b9b6-336017cc8fe8,83aabf08-2024-45b5-98d0-5a5948724928,100000000,100000000,100000001,25.0,24.97,2,2025-02-03T11:50:41Z,2025-02-08T22:25:36Z,2025-02-08T23:41:33Z,2025-02-09T05:58:00Z,WB-002257,True,2025-02-03T09:30:00Z,1,2
42daad81-b875-4fea-ae50-e3105f634891,SHP-002258,cfb30ad9-0d43-4cf4-905b-b2bb720dc48f,83aabf08-2024-45b5-98d0-5a5948724928,100000000,100000000,100000002,45.0,44.8,2,2025-02-11T13:38:20Z,2025-02-14T18:29:13Z,2025-02-14T20:18:58Z,2025-02-15T07:22:00Z,WB-002258,True,2025-02-11T11:42:00Z,1,2
b924439a-d54e-4f6d-ae90-9550572615bc,SHP-002259,2575134f-73de-46a2-9d77-b0689df8815d,83aabf08-2024-45b5-98d0-5a5948724928,100000000,100000000,100000000,40.0,39.98,2,2025-03-03T08:30:03Z,2025-03-07T20:24:41Z,2025-03-07T21:06:27Z,2025-03-08T06:52:00Z,WB-002259,True,2025-03-03T05:46:00Z,1,2
fcee587b-a46f-484a-9da7-998a14e70b92,SHP-002260,08b6866f-1e8e-488f-93dc-306374b1fd87,83aabf08-2024-45b5-98d0-5a5948724928,100000000,100000000,100000000,40.0,40.0,2,2025-06-21T07:15:26Z,2025-06-25T17:45:36Z,2025-06-25T19:44:15Z,2025-06-26T07:45:00Z,WB-002260,True,2025-06-21T06:23:00Z,1,2
94254daa-5cbe-4cb2-adb0-cd565c6856c9,SHP-002261,7390cf8d-c01f-400a-8fdc-417c523a5fc0,83aabf08-2024-45b5-98d0-5a5948724928,100000000,100000001,100000001,30.0,30.01,2,2025-07-17T23:24:33Z,2025-07-18T18:15:43Z,2025-07-18T19:41:02Z,2025-07-19T11:24:00Z,WB-002261,True,2025-07-14T13:23:00Z,1,2
5a1f8bd0-0e0b-4812-b6ad-948f29a2713e,SHP-002262,75b420a5-7870-460c-9de8-06cfdae477d4,83aabf08-2024-45b5-98d0-5a5948724928,100000000,100000000,100000000,60.0,60.18,3,2025-09-06T08:48:50Z,2025-09-10T00:29:56Z,2025-09-10T01:37:01Z,2025-09-10T12:57:00Z,WB-002262,True,2025-09-06T06:04:00Z,1,2
1923785c-4884-4bb8-abc1-d0aaa6aae258,SHP-002263,a7be898f-b431-4b48-8b32-4e1305fb2492,83aabf08-2024-45b5-98d0-5a5948724928,100000000,100000000,100000000,25.0,25.04,2,2025-08-26T14:17:11Z,2025-08-30T23:06:24Z,2025-08-31T00:56:23Z,2025-08-31T10:12:00Z,WB-002263,True,2025-08-26T13:35:00Z,1,2
225f221b-afa0-4c3e-8b06-707789d373ae,SHP-002264,73c4e258-edb3-4556-8d16-5b54548324de,83aabf08-2024-45b5-98d0-5a5948724928,100000000,100000000,100000000,130.0,129.85,6,2025-09-14T16:44:28Z,2025-09-19T23:39:11Z,2025-09-20T01:21:44Z,2025-09-20T11:29:00Z,WB-002264,True,2025-09-14T13:46:00Z,1,2
0174c049-b20c-4e23-85b6-cd225baf4f49,SHP-002265,67fc576f-3ae8-4e16-b5b1-230a3f5d287f,83aabf08-2024-45b5-98d0-5a5948724928,100000000,100000000,100000000,34.5,34.5,2,2025-12-04T12:41:36Z,2025-12-09T20:01:03Z,2025-12-09T21:50:40Z,2025-12-10T06:58:00Z,WB-002265,True,2025-12-04T12:31:00Z,1,2
8977815e-f7b3-4305-97cd-7fa47a1328fa,SHP-002266,c6003201-4540-4da0-85f3-1a2aeb830bbf,83aabf08-2024-45b5-98d0-5a5948724928,100000000,100000001,100000002,60.0,59.68,3,2026-05-16T02:21:33Z,2026-05-17T02:46:55Z,2026-05-17T04:21:34Z,2026-05-17T11:40:00Z,WB-002266,True,2026-05-11T06:19:00Z,1,2
e497073f-f771-45ba-981b-c1d81b6c9051,SHP-002267,c2d275ed-0d8c-41a6-bd3e-0e8fc70ec6ab,41a5bf2e-76f4-4d2d-9981-9f9d349de483,100000003,100000001,100000001,355.0,354.98,15,2025-07-04T02:53:40Z,2025-07-05T23:43:10Z,2025-07-06T00:22:32Z,2025-07-06T05:27:00Z,WB-002267,True,2025-06-29T13:22:00Z,1,2
4162a721-b2c1-4017-86fa-5827136b1624,SHP-002268,da53aae0-19bc-40ca-a562-32abcb6b560a,41a5bf2e-76f4-4d2d-9981-9f9d349de483,100000003,100000000,100000001,65.0,65.11,3,2025-09-03T07:20:04Z,2025-09-10T05:07:09Z,2025-09-10T06:04:54Z,2025-09-10T11:25:00Z,WB-002268,True,2025-09-03T06:18:00Z,1,2
88116fd4-232c-4566-b99e-bb76e997f020,SHP-002269,079aa587-5a03-4b68-887d-8ba0e86e9c14,380c10f6-39b8-4c77-aa25-15bbfe1da55b,100000002,100000000,100000000,30.0,30.05,2,2024-10-19T07:33:45Z,2024-10-22T02:50:20Z,2024-10-22T03:27:42Z,2024-10-22T07:06:00Z,WB-002269,True,2024-10-19T05:16:00Z,1,2
504969e2-d546-4d95-a6e5-2ec15afd5d60,SHP-002270,b3fcbd10-8bbb-43ce-872b-9ee5432814d6,380c10f6-39b8-4c77-aa25-15bbfe1da55b,100000002,100000001,100000002,35.0,35.0,2,2025-06-28T11:53:51Z,2025-06-29T01:39:53Z,2025-06-29T02:05:57Z,2025-06-29T06:06:00Z,WB-002270,True,2025-06-24T10:12:00Z,1,2
5a3fe70d-c0c5-45e9-9183-3e080d9db509,SHP-002271,485bf3b1-725a-4c43-ad52-8eb144ac1cc1,380c10f6-39b8-4c77-aa25-15bbfe1da55b,100000002,100000001,100000001,25.0,24.96,2,2025-11-25T10:12:59Z,2025-11-26T03:13:39Z,2025-11-26T03:54:39Z,2025-11-26T10:49:00Z,WB-002271,False,2025-11-23T09:57:00Z,1,2
bd5e5260-eb5e-4293-b665-d7f609ce4105,SHP-002272,fc7ae3fe-5f7c-412b-8398-3a64bc6eea2e,380c10f6-39b8-4c77-aa25-15bbfe1da55b,100000002,100000000,100000001,40.0,39.35,2,2026-01-13T14:02:59Z,2026-01-18T02:21:16Z,2026-01-18T03:23:03Z,2026-01-18T09:00:00Z,WB-002272,True,2026-01-13T12:30:00Z,1,2
be9344eb-f2b2-4a1d-bc4a-da7d5adac2a8,SHP-002273,a3fa6904-5d43-4bd2-9f19-35469ad0a635,380c10f6-39b8-4c77-aa25-15bbfe1da55b,100000002,100000000,100000000,50.0,50.0,3,2026-02-16T12:03:36Z,2026-02-23T04:50:00Z,2026-02-23T06:09:51Z,2026-02-23T13:29:00Z,WB-002273,True,2026-02-16T08:44:00Z,1,2
eb7aea8f-c811-4570-9304-541237890879,SHP-002274,24684713-96c5-48df-92a2-1640a9dc6c59,380c10f6-39b8-4c77-aa25-15bbfe1da55b,100000002,100000000,100000002,25.0,25.02,2,2026-06-03T10:08:39Z,2026-06-08T00:24:17Z,2026-06-08T01:31:25Z,2026-06-08T11:43:00Z,WB-002274,True,2026-06-03T07:35:00Z,1,2
b18b004f-400b-49c2-95f0-0accc02544bf,SHP-002275,db64db12-169c-43f6-8ac5-4769abe6cd6f,7d68fb16-11a0-406c-abe0-a95329f32051,100000001,100000000,100000002,105.0,104.84,5,2024-12-21T15:05:54Z,2024-12-26T04:05:45Z,2024-12-26T04:50:17Z,2024-12-26T09:35:00Z,WB-002275,True,2024-12-21T11:50:00Z,1,2
7265059f-885f-4fce-9285-483652ae4e23,SHP-002276,bb932d9b-9455-4127-ae21-3cd574293a51,7d68fb16-11a0-406c-abe0-a95329f32051,100000001,100000001,100000000,75.0,74.82,4,2025-04-27T11:53:34Z,2025-04-29T03:24:04Z,2025-04-29T05:19:46Z,2025-04-29T12:20:00Z,WB-002276,True,2025-04-22T05:42:00Z,1,2
8d63cb03-4673-47d1-8194-f7ebda0fa24b,SHP-002277,19297a82-07fe-4abc-8e09-013ca9f00fc5,7d68fb16-11a0-406c-abe0-a95329f32051,100000001,100000000,100000001,110.0,109.96,5,2025-05-25T08:57:32Z,2025-06-01T01:22:11Z,2025-06-01T02:27:55Z,2025-06-01T08:03:00Z,WB-002277,True,2025-05-25T08:34:00Z,1,2
35eff93b-dcb5-4edb-8006-487f3e8458f8,SHP-002278,ac21079a-2165-412c-8552-448d3afdb01e,7d68fb16-11a0-406c-abe0-a95329f32051,100000001,100000000,100000002,85.0,84.94,4,2025-06-22T15:45:23Z,2025-06-25T03:20:09Z,2025-06-25T04:39:30Z,2025-06-25T11:18:00Z,WB-002278,True,2025-06-22T12:58:00Z,1,2
afd79dc9-40ea-40fa-9013-57d22d583621,SHP-002279,f1931b46-3005-4132-84e1-80b34829b7fb,7d68fb16-11a0-406c-abe0-a95329f32051,100000001,100000001,100000000,250.0,251.33,11,2025-06-26T14:25:42Z,2025-06-27T23:29:04Z,2025-06-28T00:33:11Z,2025-06-28T05:21:00Z,WB-002279,True,2025-06-23T11:22:00Z,1,2
502e72ec-d12a-465e-8a1f-f8d032e4b50f,SHP-002280,3f954994-1c1e-4914-93d4-6f788c4b1ca2,7d68fb16-11a0-406c-abe0-a95329f32051,100000001,100000000,100000000,130.0,129.31,6,2025-07-05T07:01:29Z,2025-07-08T00:46:09Z,2025-07-08T01:43:37Z,2025-07-08T07:43:00Z,WB-002280,True,2025-07-05T06:38:00Z,1,2
7c543f98-aa2f-4c73-9879-8143c4c73e59,SHP-002281,5dfcb1b4-1a7f-4381-b42a-9e5eb0e6aa33,7d68fb16-11a0-406c-abe0-a95329f32051,100000001,100000000,100000000,70.0,70.08,3,2025-09-11T07:42:27Z,2025-09-16T00:21:33Z,2025-09-16T01:18:57Z,2025-09-16T05:11:00Z,WB-002281,True,2025-09-11T07:20:00Z,1,2
4f1bf93d-162b-4448-8b74-f114cff7c9c4,SHP-002282,20cbdd17-d2dc-4eab-8601-59928a9409af,7d68fb16-11a0-406c-abe0-a95329f32051,100000001,100000000,100000000,135.0,134.89,6,2025-09-21T07:50:46Z,2025-09-22T21:17:13Z,2025-09-22T23:14:08Z,2025-09-23T05:14:00Z,WB-002282,True,2025-09-21T05:51:00Z,1,2
e0d01c12-d959-488b-af01-1264573b3ab3,SHP-002283,3ce54d6a-297a-4b4a-a709-de584cfcff8c,7d68fb16-11a0-406c-abe0-a95329f32051,100000001,100000000,100000000,230.0,229.7,10,2026-05-18T10:23:38Z,2026-05-23T00:45:36Z,2026-05-23T01:59:15Z,2026-05-23T09:53:00Z,WB-002283,True,2026-05-18T08:00:00Z,1,2
f6e7d485-d8ee-4417-8346-f4e6796fd04f,SHP-002284,7ae28d23-0a0e-41e9-8a45-3d65d60b97d5,7d68fb16-11a0-406c-abe0-a95329f32051,100000001,100000000,100000000,170.0,169.72,8,2026-06-16T12:46:30Z,2026-06-22T05:31:08Z,2026-06-22T06:10:57Z,2026-06-22T11:34:00Z,WB-002284,True,2026-06-16T10:25:00Z,1,2
e92aa6f3-7771-408d-9675-04110aab889f,SHP-002285,5d0056ba-f323-4319-9f6c-0c76a78d9a50,bd2d09f7-0ca2-4bc7-b31d-3a4143eb3c09,100000002,100000000,100000000,155.0,154.48,7,2025-01-04T14:56:01Z,2025-01-07T03:21:31Z,2025-01-07T04:17:35Z,2025-01-07T10:35:00Z,WB-002285,True,2025-01-04T12:29:00Z,1,2
4e3f8d35-b64d-4980-ad6c-4e7e3033003e,SHP-002286,2938bd4c-601c-4734-9a3a-39397377a96f,bd2d09f7-0ca2-4bc7-b31d-3a4143eb3c09,100000002,100000000,100000002,90.0,90.91,4,2025-04-30T09:39:24Z,2025-04-30T22:21:33Z,2025-05-01T00:02:07Z,2025-05-01T05:53:00Z,WB-002286,True,2025-04-30T07:56:00Z,1,2
e5ae3638-35a4-4322-8909-b35eae8a9cd5,SHP-002287,14ebdf32-9c73-418f-95ea-4cd58cf6c0d5,bd2d09f7-0ca2-4bc7-b31d-3a4143eb3c09,100000002,100000000,100000001,185.0,186.39,8,2025-09-15T12:01:42Z,2025-09-17T05:16:27Z,2025-09-17T05:46:09Z,2025-09-17T10:59:00Z,WB-002287,True,2025-09-15T12:24:00Z,1,2
2c9de828-6406-43de-bd83-612df93e366d,SHP-002288,dee9d461-336b-48d6-be77-24da5e67000d,bd2d09f7-0ca2-4bc7-b31d-3a4143eb3c09,100000002,100000000,100000001,115.0,115.88,5,2025-11-08T16:16:22Z,2025-11-10T00:26:26Z,2025-11-10T01:36:11Z,2025-11-10T06:24:00Z,WB-002288,True,2025-11-08T13:04:00Z,1,2
db8d13ad-a005-4d50-b1a8-731caf3dc61d,SHP-002289,a73882d9-6a91-402d-8b7a-f5b72323cb9c,bd2d09f7-0ca2-4bc7-b31d-3a4143eb3c09,100000002,100000000,100000000,120.0,120.28,5,2025-10-21T09:37:04Z,2025-10-25T04:38:42Z,2025-10-25T06:16:29Z,2025-10-25T12:39:00Z,WB-002289,True,2025-10-21T08:06:00Z,1,2
d30f680a-d339-4a40-9e49-c604a351595a,SHP-002290,fdf76712-a9d4-4e63-8881-fa8a89d0c1f9,bd2d09f7-0ca2-4bc7-b31d-3a4143eb3c09,100000002,100000000,100000000,55.0,55.13,3,2025-11-17T11:06:35Z,2025-11-18T23:42:16Z,2025-11-19T01:28:44Z,2025-11-19T06:57:00Z,WB-002290,True,2025-11-17T10:30:00Z,1,2
0d6a5ffb-c6f7-4bb5-a528-49604d1825fe,SHP-002291,de1cf145-7616-4c4a-a3de-5aaece431b60,ef95d35a-d7e3-4b19-ad02-af6c55cc57fe,100000005,100000001,100000002,120.0,120.31,5,2025-10-16T10:00:36Z,2025-10-17T23:44:05Z,2025-10-18T00:34:38Z,2025-10-18T06:32:00Z,WB-002291,True,2025-10-11T07:39:00Z,1,2
b08d95b7-b739-43b7-938b-a56195224b49,SHP-002292,0ac90766-c94b-4ead-85b9-e5db7a9e29d6,313d5bd8-b2d9-4bef-ab67-87c270775ba2,100000000,100000001,100000002,40.0,39.95,2,2025-07-17T00:25:14Z,2025-07-19T02:56:53Z,2025-07-19T03:51:01Z,2025-07-19T09:01:00Z,WB-002292,True,2025-07-12T10:40:00Z,1,2
fc5077c2-408c-4c06-83ed-d1fcf6c1767e,SHP-002293,824757da-ea95-49a7-8793-10bda605c617,46457263-d8ef-4511-abd6-b7c00a440d7f,100000000,100000000,100000000,15.0,15.01,1,2025-02-09T08:14:15Z,2025-02-14T19:03:41Z,2025-02-14T20:40:54Z,2025-02-15T05:19:00Z,WB-002293,True,2025-02-09T06:55:00Z,1,2
910e7413-550e-49cc-afca-353080960a28,SHP-002294,1d3916d5-a7ad-4a3d-ab42-d4b332b56dbb,46457263-d8ef-4511-abd6-b7c00a440d7f,100000000,100000000,100000000,50.0,50.08,3,2025-09-01T10:18:12Z,2025-09-05T18:32:09Z,2025-09-05T20:28:34Z,2025-09-06T06:02:00Z,WB-002294,True,2025-09-01T09:23:00Z,1,2
56b310b5-58f7-41f2-912f-0c93ca996ffe,SHP-002295,ccfd6fa0-98fb-48bc-b7d8-b2a50577333e,46457263-d8ef-4511-abd6-b7c00a440d7f,100000000,100000001,100000001,65.0,64.84,3,2025-09-15T07:46:46Z,2025-09-17T05:59:52Z,2025-09-17T07:57:36Z,2025-09-17T12:40:00Z,WB-002295,False,2025-09-10T06:52:00Z,1,2
37316c61-7c18-464d-b530-8d94422cc17e,SHP-002296,3d185c54-d71f-465b-b305-caf397571b76,46457263-d8ef-4511-abd6-b7c00a440d7f,100000000,100000000,100000000,20.0,19.99,1,2025-12-22T13:32:38Z,2025-12-28T05:53:30Z,2025-12-28T06:32:43Z,2025-12-28T12:12:00Z,WB-002296,True,2025-12-22T13:06:00Z,1,2
a022a1a3-e749-4042-9842-4be41b938d25,SHP-002297,f668178c-9f6b-4893-bec5-e67ca14b1c0d,8378ede6-85ae-4def-ba5a-46ff5d4b7012,100000002,100000000,100000000,55.0,54.81,3,2025-06-05T13:15:56Z,2025-06-12T02:13:43Z,2025-06-12T02:49:50Z,2025-06-12T08:54:00Z,WB-002297,True,2025-06-05T11:28:00Z,1,2
0d46cd45-8eed-4772-b2e6-94c40e50a364,SHP-002298,d35740e8-616d-487c-809b-ce1c4a4031b0,8378ede6-85ae-4def-ba5a-46ff5d4b7012,100000002,100000000,100000000,90.0,90.96,4,2025-06-14T11:41:27Z,2025-06-18T02:35:33Z,2025-06-18T03:32:24Z,2025-06-18T08:18:00Z,WB-002298,True,2025-06-14T10:59:00Z,1,2
b0b0a7d7-3777-4d20-8c1d-b4c3fa9b7b45,SHP-002299,1df700fe-0a6e-4363-af7e-de72ada79dc0,cf52d3bb-f777-4d24-b1e3-25066e3f4391,100000002,100000000,100000000,80.0,79.49,4,2026-01-18T06:04:11Z,2026-01-24T00:31:30Z,2026-01-24T00:59:48Z,2026-01-24T08:30:00Z,WB-002299,True,2026-01-18T05:18:00Z,1,2
0e8c614c-2ac2-4059-85c2-5ebc52070d30,SHP-002300,fb37f89d-a68d-429d-866b-ba305269bc84,cf52d3bb-f777-4d24-b1e3-25066e3f4391,100000002,100000000,100000001,70.0,69.49,3,2026-02-24T14:22:45Z,2026-02-24T23:53:30Z,2026-02-25T00:38:44Z,2026-02-25T09:17:00Z,WB-002300,True,2026-02-24T12:01:00Z,1,2
b558c6d9-269e-4e75-a34f-fce24d1d8623,SHP-002301,4a756390-e428-4206-8443-f9af2d75dbd9,e58d67fe-7fcf-4fd6-b337-ac967f2cd3dc,100000000,100000000,100000000,30.0,29.89,2,2025-10-04T11:51:49Z,2025-10-09T01:28:19Z,2025-10-09T03:12:42Z,2025-10-09T06:30:00Z,WB-002301,True,2025-10-04T10:15:00Z,1,2
56854185-c499-46f4-8b41-13379f84f3c6,SHP-002302,38628f86-3e3c-489e-832c-6cfdabfdfea6,ed28e55c-4cf6-4115-ad42-b7e2bf63b3d7,100000000,100000000,100000000,75.0,75.14,4,2025-04-14T09:59:08Z,2025-04-20T03:22:51Z,2025-04-20T03:48:20Z,2025-04-20T11:20:00Z,WB-002302,True,2025-04-14T09:46:00Z,1,2
7896448b-bc0a-4a5f-8a7b-ab2069eab3d5,SHP-002303,50cdca52-d42d-4f06-ac6a-87638ba3f9cd,ed28e55c-4cf6-4115-ad42-b7e2bf63b3d7,100000000,100000001,100000002,165.0,165.72,7,2025-05-18T18:23:55Z,2025-05-19T21:43:25Z,2025-05-19T23:13:28Z,2025-05-20T05:12:00Z,WB-002303,False,2025-05-13T05:28:00Z,1,2
9468dc22-7419-4362-9058-ec431a86c9f2,SHP-002304,a4e7a86a-e50f-42ce-a44f-9bde2de30e65,ed28e55c-4cf6-4115-ad42-b7e2bf63b3d7,100000000,100000001,100000000,190.0,189.88,8,2025-07-10T21:42:07Z,2025-07-12T02:29:13Z,2025-07-12T04:04:35Z,2025-07-12T09:30:00Z,WB-002304,True,2025-07-05T13:18:00Z,1,2
1b0685c6-1810-45e1-b258-b847a4454138,SHP-002305,0f27c623-3fe8-4cc2-a989-e29e90c4c8a7,ed28e55c-4cf6-4115-ad42-b7e2bf63b3d7,100000000,100000000,100000001,80.0,80.18,4,2025-06-14T14:25:15Z,2025-06-15T06:02:13Z,2025-06-15T06:48:05Z,2025-06-15T10:49:00Z,WB-002305,True,2025-06-14T12:06:00Z,1,2
e19ee0c7-a02c-4f54-ac90-87924c48c4ba,SHP-002306,635d67d4-cab4-4de6-b7ae-c6a518049333,ed28e55c-4cf6-4115-ad42-b7e2bf63b3d7,100000000,100000000,100000000,90.0,90.08,4,2025-08-20T05:29:17Z,2025-08-21T04:31:09Z,2025-08-21T05:32:53Z,2025-08-21T10:18:00Z,WB-002306,True,2025-08-20T05:52:00Z,1,2
c260053b-1ef1-4365-ac36-d2fcb390f475,SHP-002307,21ab5ba8-d339-42f4-bb40-f1b5ea65da8d,ed28e55c-4cf6-4115-ad42-b7e2bf63b3d7,100000000,100000000,100000002,80.0,80.07,4,2025-10-25T12:22:22Z,2025-10-26T01:49:35Z,2025-10-26T03:31:36Z,2025-10-26T09:12:00Z,WB-002307,True,2025-10-25T12:30:00Z,1,2
46d811bb-c3ac-4bc1-9ae9-4c271593f871,SHP-002308,69eb918e-2f8c-45fb-b08f-6c1b3b8a7bd7,ed28e55c-4cf6-4115-ad42-b7e2bf63b3d7,100000000,100000001,100000000,110.0,109.98,5,2026-01-03T22:58:08Z,2026-01-05T23:11:33Z,2026-01-06T00:40:55Z,2026-01-06T06:34:00Z,WB-002308,True,2025-12-30T10:00:00Z,1,2
6789cab9-e02a-427f-b98c-30d65e6657e8,SHP-002309,746bad26-038e-4bd0-a3fa-6cc106c8ba42,ed28e55c-4cf6-4115-ad42-b7e2bf63b3d7,100000000,100000001,100000000,80.0,80.28,4,2026-02-10T21:36:37Z,2026-02-12T01:22:35Z,2026-02-12T01:47:24Z,2026-02-12T05:49:00Z,WB-002309,True,2026-02-08T11:12:00Z,1,2
4170111f-ca07-4365-8421-74ab24d6e28d,SHP-002310,1d369f92-e741-4bdc-ad48-a28eaa3477db,ed28e55c-4cf6-4115-ad42-b7e2bf63b3d7,100000000,100000000,100000000,45.0,45.02,2,2026-04-04T10:48:11Z,2026-04-09T03:05:56Z,2026-04-09T04:45:13Z,2026-04-09T11:12:00Z,WB-002310,True,2026-04-04T10:35:00Z,1,2
9245c941-2f85-4e43-a461-6a5f054011d3,SHP-002311,c774303e-eb7e-451e-893e-6ea445bc002c,ed28e55c-4cf6-4115-ad42-b7e2bf63b3d7,100000000,100000000,100000000,250.0,248.88,11,2026-05-18T10:32:39Z,2026-05-24T06:49:13Z,2026-05-24T07:48:13Z,2026-05-24T12:34:00Z,WB-002311,True,2026-05-18T08:25:00Z,1,2
85fce86b-039a-49c6-be57-584a9fdf8106,SHP-002312,c809ed19-4cdc-485d-b20b-16f4f6aa273b,2c785b5d-a50f-4e4c-82b6-9b8b6d26c41d,100000002,100000000,100000000,20.0,19.99,1,2025-06-28T10:06:48Z,2025-07-03T06:17:54Z,2025-07-03T07:51:39Z,2025-07-03T11:26:00Z,WB-002312,True,2025-06-28T09:53:00Z,1,2
ffc8cc38-45fd-446b-ba53-bbac24996b28,SHP-002313,80489dba-f96e-4a39-bafb-b2950b5d6b8a,757211ce-749c-4f46-a2aa-7a4ca9c8e5db,100000001,100000000,100000002,20.0,20.03,1,2025-05-11T10:29:26Z,2025-05-11T18:32:42Z,2025-05-11T19:44:12Z,2025-05-12T06:07:00Z,WB-002313,True,2025-05-11T07:57:00Z,1,2
067ed853-463e-461b-9cbf-aea2b8eed0c9,SHP-002314,0c32f071-cc44-454c-8af7-b7c843b8953f,757211ce-749c-4f46-a2aa-7a4ca9c8e5db,100000001,100000000,100000000,75.0,75.34,4,2025-09-15T07:54:05Z,2025-09-21T18:43:02Z,2025-09-21T19:56:23Z,2025-09-22T09:25:00Z,WB-002314,True,2025-09-15T05:19:00Z,1,2
18d06a6a-c8de-4381-804c-23489884e1b3,SHP-002315,88219dbe-0180-4f76-8201-4e0447ea0d86,757211ce-749c-4f46-a2aa-7a4ca9c8e5db,100000001,100000000,100000002,40.0,40.05,2,2026-01-11T11:36:16Z,2026-01-11T22:28:38Z,2026-01-11T23:58:15Z,2026-01-12T12:05:00Z,WB-002315,False,2026-01-11T09:38:00Z,1,2
6d8f7ed9-dbb8-449e-b6b3-c619c240d7a8,SHP-002316,8ce5aa9f-fad7-452d-b106-7b046ca14b3e,cfc150f3-96f2-45b5-a6a9-ded1eac3c934,100000001,100000001,100000000,40.0,40.11,2,2026-01-16T01:22:46Z,2026-01-17T02:09:10Z,2026-01-17T03:35:31Z,2026-01-17T09:42:00Z,WB-002316,False,2026-01-12T05:37:00Z,1,2
29fc2a7c-c978-49ee-97f9-95099b60ef58,SHP-002317,2d64803f-39c9-4911-956b-b13695ecf9f1,be065757-06e7-4c94-9ff1-e6313d474260,100000004,100000001,100000001,40.0,40.07,2,2025-08-18T04:08:11Z,2025-08-19T03:48:09Z,2025-08-19T05:23:11Z,2025-08-19T09:27:00Z,WB-002317,True,2025-08-16T07:00:00Z,1,2
f3e5559b-5999-4725-b80f-1047ab584a73,SHP-002318,2de85661-4c6a-4f38-b4bd-9b76707830cd,be065757-06e7-4c94-9ff1-e6313d474260,100000004,100000001,100000000,10.0,10.01,1,2026-04-04T15:18:25Z,2026-04-05T05:40:55Z,2026-04-05T07:19:56Z,2026-04-05T12:36:00Z,WB-002318,True,2026-03-31T13:30:00Z,1,2
859dea68-9fd9-4b63-8a2d-0380f69f7ffe,SHP-002319,4da28a25-e94a-461c-81bb-d1f5e314ee68,be065757-06e7-4c94-9ff1-e6313d474260,100000004,100000000,100000000,60.0,60.06,3,2026-04-19T09:10:03Z,2026-04-24T23:09:00Z,2026-04-25T00:10:15Z,2026-04-25T04:57:00Z,WB-002319,True,2026-04-19T06:08:00Z,1,2
4b4348b9-1cee-45d8-ae12-b3ec73d36264,SHP-002320,e699ee37-5a6c-4253-95b9-afae378ec118,be065757-06e7-4c94-9ff1-e6313d474260,100000004,100000000,100000000,25.0,24.76,2,2026-04-21T07:06:50Z,2026-04-23T03:39:22Z,2026-04-23T04:52:25Z,2026-04-23T11:44:00Z,WB-002320,True,2026-04-21T06:55:00Z,1,2
640d88fd-9db5-4837-a55e-5c2f5536aaf6,SHP-002321,b2a0cf23-c540-4757-a232-276e9b585849,be065757-06e7-4c94-9ff1-e6313d474260,100000004,100000000,100000000,65.0,65.0,3,2026-05-19T12:10:42Z,2026-05-24T00:29:31Z,2026-05-24T02:28:32Z,2026-05-24T12:01:00Z,WB-002321,True,2026-05-19T09:11:00Z,1,2
bf4917e2-75a4-4f81-8a80-21430f1a4655,SHP-002322,c3989f2d-12c4-4866-b38e-a7d49946ab81,0511a147-5aae-47ff-9722-6456b74c2e80,100000000,100000000,100000000,15.0,14.96,1,2025-05-05T13:57:01Z,2025-05-05T23:02:53Z,2025-05-06T00:51:50Z,2025-05-06T08:26:00Z,WB-002322,True,2025-05-05T12:01:00Z,1,2
21a99ad5-5c9e-4493-b5ec-0205c8786d56,SHP-002323,88f460e3-447e-44af-a824-4476a1ebb3d8,705ad90a-6f79-4139-ba6d-befbc44e9e72,100000000,100000000,100000000,120.0,119.8,5,2025-08-23T15:00:29Z,2025-08-23T22:32:06Z,2025-08-23T23:43:26Z,2025-08-24T04:39:00Z,WB-002323,True,2025-08-23T11:29:00Z,1,2
b7d90b8a-3b4c-449f-bccb-74fb9d32a1b7,SHP-002324,c0c1d5c4-c27b-4c35-bc96-fa1cef28061b,705ad90a-6f79-4139-ba6d-befbc44e9e72,100000000,100000000,100000000,115.0,114.94,5,2025-11-23T10:41:30Z,2025-11-30T01:26:56Z,2025-11-30T01:53:13Z,2025-11-30T05:57:00Z,WB-002324,True,2025-11-23T08:31:00Z,1,2
99086ecc-bfc9-436d-9554-9f17a4f94ff4,SHP-002325,b13a8b47-28d0-40d9-919c-bbff24471546,705ad90a-6f79-4139-ba6d-befbc44e9e72,100000000,100000001,100000002,265.0,264.41,12,2026-02-27T12:42:00Z,2026-02-27T22:46:47Z,2026-02-27T23:27:04Z,2026-02-28T04:45:00Z,WB-002325,True,2026-02-24T10:40:00Z,1,2
8c1b83cd-e6f3-4397-83db-26c74e27f9cc,SHP-002326,d81d20aa-f533-4461-a7c6-3d793f2a45f9,705ad90a-6f79-4139-ba6d-befbc44e9e72,100000000,100000000,100000000,65.0,64.97,3,2026-03-19T12:30:56Z,2026-03-23T05:46:05Z,2026-03-23T06:13:19Z,2026-03-23T11:43:00Z,WB-002326,True,2026-03-19T09:51:00Z,1,2
d90588ec-ffaf-43c2-ac01-b80d7521233c,SHP-002327,6e518c90-6219-4285-97b9-6c422cfdf1c0,705ad90a-6f79-4139-ba6d-befbc44e9e72,100000000,100000000,100000000,125.0,124.71,6,2026-04-20T11:34:30Z,2026-04-22T04:58:38Z,2026-04-22T05:37:43Z,2026-04-22T09:35:00Z,WB-002327,True,2026-04-20T11:33:00Z,1,2
27910331-45ce-4b17-9590-e02ca8b07da7,SHP-002328,f83ecaea-3aa7-47ae-8030-8f4c0b61943a,705ad90a-6f79-4139-ba6d-befbc44e9e72,100000000,100000001,100000001,405.0,403.68,17,2026-06-16T00:38:45Z,2026-06-18T01:41:28Z,2026-06-18T03:05:12Z,2026-06-18T09:19:00Z,WB-002328,False,2026-06-11T09:49:00Z,1,2
0a0452db-23fb-4892-b4ed-84368c00c53b,SHP-002329,81658996-1198-4ea2-bf5c-7d00575fe034,d362e7f0-3032-4ca8-8771-90690a67aed7,100000000,100000001,100000000,130.0,130.25,6,2025-05-29T22:42:42Z,2025-05-30T20:14:23Z,2025-05-30T22:10:04Z,2025-05-31T04:57:00Z,WB-002329,True,2025-05-27T04:43:00Z,1,2
619bf045-970c-43a6-be32-79d4e9c4b3d3,SHP-002330,59699bd7-0adb-47da-b0a7-f7716be8f85f,d362e7f0-3032-4ca8-8771-90690a67aed7,100000000,100000000,100000000,35.0,35.01,2,2025-08-23T12:51:54Z,2025-08-28T06:02:48Z,2025-08-28T07:36:31Z,2025-08-28T12:47:00Z,WB-002330,True,2025-08-23T09:38:00Z,1,2
a23831b5-dc2d-4794-aff4-071121dae177,SHP-002331,580fe604-4584-4548-aa39-235663c993b4,d362e7f0-3032-4ca8-8771-90690a67aed7,100000000,100000000,100000001,25.0,24.93,2,2026-06-29T13:52:53Z,2026-06-30T04:04:44Z,2026-06-30T05:38:51Z,2026-06-30T10:01:00Z,WB-002331,True,2026-06-29T12:44:00Z,1,2
f32c9c92-1d6e-412e-8c0a-f783e91f9f3f,SHP-002332,31a5522a-8a10-4a55-9c07-0b155723a981,754c30d3-0e85-4646-abb8-41c31aca94c5,100000000,100000000,100000001,25.0,24.89,2,2025-07-01T12:42:26Z,2025-07-04T19:43:47Z,2025-07-04T21:34:31Z,2025-07-05T07:43:00Z,WB-002332,True,2025-07-01T10:07:00Z,1,2
c68702ad-b6fd-46e8-b3e8-e2ef92f8f705,SHP-002333,3f1a4706-fdab-4e41-b345-ed486b0769fa,754c30d3-0e85-4646-abb8-41c31aca94c5,100000000,100000000,100000002,75.0,75.05,4,2025-08-06T10:22:18Z,2025-08-09T21:48:05Z,2025-08-09T22:44:21Z,2025-08-10T12:37:00Z,WB-002333,True,2025-08-06T09:59:00Z,1,2
1b3d9a94-b4e3-4434-9e7f-6e74538fe793,SHP-002334,0872edea-d30e-4fc0-947b-ba9c383bec15,754c30d3-0e85-4646-abb8-41c31aca94c5,100000000,100000000,100000000,50.0,50.09,3,2026-02-15T07:37:32Z,2026-02-20T23:59:16Z,2026-02-21T01:40:25Z,2026-02-21T09:12:00Z,WB-002334,True,2026-02-15T07:16:00Z,1,2
ce92c628-66bb-4364-b1d7-e1b941284c09,SHP-002335,ab780cc0-21de-4a18-b4fc-b43fdec32f29,5a2ed6c2-4640-4319-baae-d6f073255bc0,100000000,100000001,100000002,45.0,44.99,2,2025-06-27T12:01:35Z,2025-06-28T04:42:59Z,2025-06-28T06:29:53Z,2025-06-28T10:57:00Z,WB-002335,True,2025-06-21T11:54:00Z,1,2
437241be-b08a-4ff1-87d9-279a0a9df28b,SHP-002336,f1195f19-a598-4bfa-a864-d08e6c37c113,5a2ed6c2-4640-4319-baae-d6f073255bc0,100000000,100000000,100000001,65.0,65.27,3,2026-02-22T08:13:28Z,2026-02-25T00:18:32Z,2026-02-25T01:50:12Z,2026-02-25T05:35:00Z,WB-002336,True,2026-02-22T07:42:00Z,1,2
5ac0d9d4-eb73-4688-9947-ee1c1d430dca,SHP-002337,0e682d27-99a6-4796-8370-82b7d41e8028,4148c6bf-4dbc-49ca-8dc1-26a3a39572b8,100000001,100000000,100000000,35.0,35.09,2,2025-07-07T08:49:15Z,2025-07-08T13:10:14Z,2025-07-08T13:56:09Z,2025-07-09T06:39:00Z,WB-002337,True,2025-07-07T09:01:00Z,1,2
2b5b11c0-780b-479e-a94a-0c916d7b40b6,SHP-002338,ce1f3455-f554-44f7-bcaf-57dd4196cc79,4148c6bf-4dbc-49ca-8dc1-26a3a39572b8,100000001,100000000,100000000,190.0,189.7,8,2025-09-28T14:44:39Z,2025-10-01T16:00:17Z,2025-10-01T17:17:27Z,2025-10-02T08:34:00Z,WB-002338,True,2025-09-28T13:27:00Z,1,2
3a6f53c8-03b5-423d-b7f2-7534cc965f5e,SHP-002339,02592db5-f57f-4e6e-89ba-3dc91ad4f510,4148c6bf-4dbc-49ca-8dc1-26a3a39572b8,100000001,100000000,100000000,70.0,69.79,3,2026-01-04T11:57:53Z,2026-01-09T18:48:04Z,2026-01-09T19:25:08Z,2026-01-10T04:30:00Z,WB-002339,True,2026-01-04T10:25:00Z,1,2
355b460d-3bfb-457a-8d2c-92523b3a1539,SHP-002340,0758702e-0108-4206-a88e-67da4376a86c,8754204e-1acc-416e-b750-9dccc0f6015f,100000001,100000000,100000000,20.0,19.9,1,2025-08-05T10:53:52Z,2025-08-11T00:11:20Z,2025-08-11T02:07:48Z,2025-08-11T06:49:00Z,WB-002340,True,2025-08-05T10:03:00Z,1,2
d27f5500-4c98-4552-bb57-352543709029,SHP-002341,8874da31-057d-4b1f-98ab-5efd6b581f92,0443777c-7ab8-4d02-85ac-3f00338f29be,100000001,100000001,100000001,50.0,50.05,3,2025-09-19T07:41:19Z,2025-09-19T18:09:42Z,2025-09-19T20:02:05Z,2025-09-20T08:48:00Z,WB-002341,True,2025-09-16T08:13:00Z,1,2
c2641d88-5465-4b98-ba34-d3674deb154c,SHP-002342,0ba24a57-fb4a-43f4-a533-dc8ab568204a,0443777c-7ab8-4d02-85ac-3f00338f29be,100000001,100000001,100000000,75.0,74.93,4,2025-12-13T09:50:39Z,2025-12-15T09:15:10Z,2025-12-15T10:43:55Z,2025-12-16T05:46:00Z,WB-002342,True,2025-12-09T05:19:00Z,1,2
3aec84b4-0af5-421f-a5b8-c289e9bd0906,SHP-002343,beca4b19-5040-4eaa-add5-8f3f17c5b4f0,0443777c-7ab8-4d02-85ac-3f00338f29be,100000001,100000000,100000000,80.0,80.04,4,2026-05-13T13:31:55Z,2026-05-13T23:21:30Z,2026-05-14T00:25:06Z,2026-05-14T10:29:00Z,WB-002343,True,2026-05-13T12:27:00Z,1,2
a3ce9131-ae69-4697-bc5e-68b21f6895bb,SHP-002344,4a134a73-539a-4a7f-987f-881f4aead1d8,e97aa6b5-39d4-4db1-8d3d-2f6ba3248246,100000000,100000000,100000001,125.0,124.91,6,2025-12-10T12:39:16Z,2025-12-13T05:04:32Z,2025-12-13T06:19:41Z,2025-12-13T11:05:00Z,WB-002344,True,2025-12-10T10:53:00Z,1,2
21c14188-4405-463f-851d-759f81606697,SHP-002345,fc8c569f-27ae-42f7-8d34-ec922da45fde,e97aa6b5-39d4-4db1-8d3d-2f6ba3248246,100000000,100000000,100000000,145.0,145.25,7,2025-12-07T09:41:54Z,2025-12-11T00:24:05Z,2025-12-11T02:05:46Z,2025-12-11T07:53:00Z,WB-002345,False,2025-12-07T06:43:00Z,1,2
7ef18ff5-d781-41e2-a7b9-7ff707199171,SHP-002346,b5359de3-7a03-4a40-8715-7a7287294eca,0f3ffc17-ac5e-453e-9379-61a65b051098,100000001,100000000,100000000,75.0,75.03,4,2025-12-20T14:37:41Z,2025-12-23T23:00:13Z,2025-12-23T23:25:00Z,2025-12-24T09:02:00Z,WB-002346,True,2025-12-20T12:27:00Z,1,2
cee807af-a971-4591-a8ac-3570b28d4eb2,SHP-002347,27087c10-706c-4d14-ad23-d40b85b227ce,0f3ffc17-ac5e-453e-9379-61a65b051098,100000001,100000000,100000000,20.0,19.99,1,2026-06-28T10:48:15Z,2026-06-30T02:02:43Z,2026-06-30T03:04:56Z,2026-06-30T06:41:00Z,WB-002347,True,2026-06-28T08:07:00Z,1,2
95b9a8e2-9f39-4d9e-b509-fbced4cf9c0d,SHP-002348,33d932b3-60f2-44f0-aba2-4c04ab8d1d55,ddbbf6e3-2591-4040-b902-7e9ae79a71c2,100000000,100000001,100000001,25.0,25.07,2,2025-10-04T17:01:23Z,2025-10-05T04:33:36Z,2025-10-05T06:26:26Z,2025-10-05T11:06:00Z,WB-002348,True,2025-09-30T11:19:00Z,1,2
ac9af557-7148-4b0a-b469-8ba8d74b162e,SHP-002349,b57c06a9-ce10-42ed-94cf-89d5e78e1455,328e99cd-7ec8-4fd6-b8f5-7bcf870ce744,100000001,100000000,100000000,40.0,39.92,2,2025-10-21T06:55:52Z,2025-10-23T03:19:47Z,2025-10-23T04:43:39Z,2025-10-23T11:11:00Z,WB-002349,False,2025-10-21T05:30:00Z,1,2
493e5986-90b1-4eb9-81ad-909d1927eff7,SHP-002350,6253fa54-dae8-4352-9391-6f6592c24508,328e99cd-7ec8-4fd6-b8f5-7bcf870ce744,100000001,100000000,100000000,85.0,84.87,4,2025-12-02T05:59:20Z,2025-12-09T02:00:49Z,2025-12-09T02:29:35Z,2025-12-09T08:00:00Z,WB-002350,True,2025-12-02T05:17:00Z,1,2
a074c859-af4b-466d-981b-df9da1564f2a,SHP-002351,173bdcca-6ef6-4d1b-a4bb-51bc2f7db53e,328e99cd-7ec8-4fd6-b8f5-7bcf870ce744,100000001,100000000,100000002,75.0,75.12,4,2026-05-23T15:58:07Z,2026-05-24T00:10:44Z,2026-05-24T00:36:52Z,2026-05-24T04:50:00Z,WB-002351,True,2026-05-23T13:38:00Z,1,2
3d8ed8fd-4245-4ad9-9ce0-7d06f927e4a2,SHP-002352,6653bbba-f631-40fb-b6d8-9323970fd74d,1125312c-0a86-4d54-afc5-b3b93238a2f4,100000000,100000000,100000000,50.0,50.09,3,2025-09-18T07:59:06Z,2025-09-24T03:39:25Z,2025-09-24T05:19:13Z,2025-09-24T09:46:00Z,WB-002352,True,2025-09-18T06:20:00Z,1,2
85d3b8a4-a525-4677-8c5b-4ac2e51cae55,SHP-002353,7a70c897-5296-4a22-8862-aed6e84b554d,1125312c-0a86-4d54-afc5-b3b93238a2f4,100000000,100000000,100000002,35.0,34.97,2,2025-09-08T10:35:08Z,2025-09-14T02:23:47Z,2025-09-14T03:27:16Z,2025-09-14T07:55:00Z,WB-002353,True,2025-09-08T09:11:00Z,1,2
3c2cf4df-125f-46b7-8a6d-d41372afc4f1,SHP-002354,928189b2-1eec-48a8-86a3-5a8257b78823,1125312c-0a86-4d54-afc5-b3b93238a2f4,100000000,100000001,100000001,75.0,75.14,4,2025-10-30T10:17:06Z,2025-11-01T00:44:18Z,2025-11-01T01:35:25Z,2025-11-01T08:01:00Z,WB-002354,True,2025-10-27T09:16:00Z,1,2
a1337294-7e4f-45e3-84c9-efde4f05a451,SHP-002355,e1e5b71f-f124-49db-bea2-8ffe2d99167b,23bdec0a-9085-4205-b160-fa4dc2e8574f,100000001,100000000,100000000,50.0,50.07,3,2026-03-15T14:50:11Z,2026-03-19T00:43:15Z,2026-03-19T02:16:45Z,2026-03-19T07:15:00Z,WB-002355,False,2026-03-15T13:18:00Z,1,2
06fe3253-8031-490b-a1de-0aab9f603796,SHP-002356,f30fef16-c1a8-4e35-bda0-5f935e7ab3fe,23bdec0a-9085-4205-b160-fa4dc2e8574f,100000001,100000000,100000002,35.0,35.06,2,2026-06-11T14:06:26Z,2026-06-13T07:11:05Z,2026-06-13T08:13:39Z,2026-06-13T12:25:00Z,WB-002356,True,2026-06-11T11:31:00Z,1,2
5eab8a68-a99b-4e7b-a7c4-85952dd7ef91,SHP-002357,ecfc1fbe-8beb-4022-8383-07406af1eb29,d9aa2092-00c3-4728-8f0e-eb9d2048018c,100000000,100000000,100000000,20.0,20.03,1,2025-12-06T07:05:20Z,2025-12-12T23:18:27Z,2025-12-13T00:36:32Z,2025-12-13T04:49:00Z,WB-002357,True,2025-12-06T06:30:00Z,1,2
9ba8fa7b-d4e7-4758-bb84-cce6a9424f76,SHP-002358,60dddf2f-756d-4df3-b5da-7a15e4799995,d9aa2092-00c3-4728-8f0e-eb9d2048018c,100000000,100000001,100000000,90.0,90.29,4,2026-03-30T00:24:03Z,2026-04-01T06:06:30Z,2026-04-01T06:44:01Z,2026-04-01T13:14:00Z,WB-002358,True,2026-03-26T08:03:00Z,1,2
5e1fd6e5-939a-4eeb-8c56-63a45cf64fa1,SHP-002359,c42a2287-17e2-414b-a5e7-daad50b9e8b6,3c04a50e-0060-47a3-a073-cd4e192004bd,100000001,100000000,100000000,25.0,25.04,2,2025-12-07T09:14:32Z,2025-12-11T05:38:57Z,2025-12-11T06:42:54Z,2025-12-11T12:27:00Z,WB-002359,True,2025-12-07T07:13:00Z,1,2
acbdedd2-4e91-403b-9076-eba0f815d4cc,SHP-002360,fd8fa525-228a-41a0-bbe0-c2f8005bae8c,3c04a50e-0060-47a3-a073-cd4e192004bd,100000001,100000000,100000000,35.0,35.0,2,2025-12-04T08:32:08Z,2025-12-10T02:21:27Z,2025-12-10T04:06:11Z,2025-12-10T11:41:00Z,WB-002360,True,2025-12-04T05:03:00Z,1,2
281734fb-7da0-4e3f-8c78-5ec9686c6763,SHP-002361,fec58d05-17c2-43c6-b821-94efe3ca0a10,3c04a50e-0060-47a3-a073-cd4e192004bd,100000001,100000000,100000000,85.0,84.95,4,2025-12-08T08:13:56Z,2025-12-11T06:27:28Z,2025-12-11T08:08:27Z,2025-12-11T12:40:00Z,WB-002361,True,2025-12-08T06:57:00Z,1,2
ea6f1e4e-631f-4c00-9d08-ff1c407b895c,SHP-002362,7de317c6-cbf9-4c43-a99d-6fc9970e3ea4,70cbb7dd-7f63-4e27-a67f-1ff6c4e84692,100000000,100000000,100000000,130.0,130.33,6,2026-04-18T09:33:37Z,2026-04-21T00:33:48Z,2026-04-21T01:58:51Z,2026-04-21T06:19:00Z,WB-002362,True,2026-04-18T09:24:00Z,1,2
3a583bfd-8e35-4ce8-b9a2-47782a8ec82d,SHP-002363,78a759eb-02f4-4f2d-8dfa-e52b20236c48,70cbb7dd-7f63-4e27-a67f-1ff6c4e84692,100000000,100000000,100000000,185.0,184.86,8,2026-05-26T07:19:25Z,2026-06-01T00:34:36Z,2026-06-01T02:34:36Z,2026-06-01T06:52:00Z,WB-002363,True,2026-05-26T06:49:00Z,1,2
2e801101-b3cc-4b91-96a6-5a0d48c6ae25,SHP-002364,0734bdb9-d741-48c9-b3c4-9d38d146e1c6,70cbb7dd-7f63-4e27-a67f-1ff6c4e84692,100000000,100000000,100000000,185.0,184.78,8,2026-05-30T12:09:41Z,2026-06-05T23:12:35Z,2026-06-06T00:02:37Z,2026-06-06T04:33:00Z,WB-002364,True,2026-05-30T11:48:00Z,1,2
144769fa-58db-408c-8cb9-b0f1058c6a60,SHP-002365,cf7eb777-446f-4171-a970-3d3df825cde6,a02a4c45-5e61-4b35-bb53-58345656a671,100000001,100000000,100000000,325.0,325.23,14,2026-01-08T08:49:55Z,2026-01-09T12:15:42Z,2026-01-09T13:02:52Z,2026-01-10T09:00:00Z,WB-002365,True,2026-01-08T06:41:00Z,1,2
5db38499-8d29-4fdc-a40c-9f8ed4306370,SHP-002366,a7211307-6dba-4397-9ab8-818cfe95634f,0ce7b866-f413-4a29-9f4f-e0a3eca0b24e,100000003,100000000,100000000,20.0,20.03,1,2026-02-15T15:36:28Z,2026-02-21T04:12:03Z,2026-02-21T05:46:36Z,2026-02-21T13:03:00Z,WB-002366,True,2026-02-15T13:48:00Z,1,2
339b6f9f-4dbe-4060-9476-c6c2711229f9,SHP-002367,02a2d7ed-8859-4a45-b0f4-aad8565965a4,7a79e8e2-e43d-4011-a215-5170bd2e233a,100000003,100000000,100000001,20.0,20.01,1,2026-04-27T13:46:57Z,2026-04-30T01:21:06Z,2026-04-30T01:51:03Z,2026-04-30T05:58:00Z,WB-002367,True,2026-04-27T11:53:00Z,1,2
24a62fe2-3536-4ea1-ab90-763f17e2ff93,SHP-002368,ae2ce70e-86bc-4c53-9b1f-e7692124a42c,7a79e8e2-e43d-4011-a215-5170bd2e233a,100000003,100000001,100000000,75.0,74.95,4,2026-06-07T08:36:32Z,2026-06-09T00:01:12Z,2026-06-09T00:51:20Z,2026-06-09T08:15:00Z,WB-002368,True,2026-06-02T11:15:00Z,1,2
f24175c0-f23a-4327-8f68-6c6ec4308bd4,SHP-002369,d939ef4c-aa86-48ae-85b9-a9e7be60d500,7a79e8e2-e43d-4011-a215-5170bd2e233a,100000003,100000001,100000002,19.5,19.5,1,2026-05-29T23:26:50Z,2026-05-30T20:43:49Z,2026-05-30T21:31:10Z,2026-05-31T07:00:00Z,WB-002369,True,2026-05-26T08:14:00Z,1,2
76c87d55-0077-4e30-861f-d89552192845,SHP-002370,5801d57a-f4e9-4061-a537-f9bd9df37bf0,a5e11793-6fa0-41cc-9776-6542abfec3a0,100000000,100000000,100000001,55.0,54.96,3,2026-03-30T10:24:22Z,2026-04-01T00:13:25Z,2026-04-01T01:58:24Z,2026-04-01T07:23:00Z,WB-002370,True,2026-03-30T09:14:00Z,1,2
6c5075f6-2bac-4b21-a72c-5d69f7b2a91c,SHP-002371,7e68b1b2-a35f-4a47-a7f0-3d611c0b28ac,7bcc3786-d4e9-473d-89cb-7bfed7e6a8c1,100000003,100000001,100000000,40.0,39.96,2,2026-05-07T19:04:29Z,2026-05-09T02:31:14Z,2026-05-09T04:18:47Z,2026-05-09T12:13:00Z,WB-002371,True,2026-05-03T07:09:00Z,1,2
31db4710-8b98-40dd-a462-b5b14bde6ad3,SHP-002372,95e8e16d-b497-4dd8-a4ab-ececf81c4901,ca0a4ac9-31f3-4260-9f43-eb20fd6f6bbb,100000000,100000000,100000002,60.0,59.77,3,2026-06-13T09:47:32Z,2026-06-15T16:18:51Z,2026-06-15T17:07:59Z,2026-06-16T05:41:00Z,WB-002372,True,2026-06-13T06:50:00Z,1,2
