incidentid,ticketnumber,title,customerid,customeridtype,ahn_salesorderid,ahn_shipmentid,casetypecode,ahn_casecategory,ahn_investigatingteam,prioritycode,caseorigincode,ownerid,createdon,responseby,resolveby,firstresponsesent,ahn_firstresponseon,isescalated,escalatedon,ahn_claimupheld,ahn_compensationamount,customersatisfactioncode,statecode,statuscode,modifiedon
195007fb-1856-4617-bc82-d183788c1235,CAS-00001-1CPVVJ,Late delivery: ORD-000006,d57a1134-c82f-48db-9bc6-9dfca6a148c3,account,4abf432e-5943-4127-b073-01a4ae7d7081,36d689ac-8454-4a6d-b816-5d63f14c32f4,2,100000001,100000002,2,1,7931db9d-7b28-4616-ab82-a35fc263b420,2024-09-17T08:29:59Z,2024-09-17T12:29:59Z,2024-09-22T08:29:59Z,True,2024-09-17T10:44:52Z,False,,True,0.0,4.0,1,5,2024-09-20T11:45:01Z
4a6f7fc6-f26d-4e69-94a1-9ab1ccc3f8d9,CAS-00002-Z1EM06,Mill certificate request: ORD-000007,c0d4173b-aa58-40e6-86ef-a55196d0ae38,account,fe598823-53a4-45b6-b2b3-6c45d525e946,73931d4e-3404-41de-b49b-bbcdc341df8e,3,100000005,100000003,3,3,4b30bd90-ff3f-4312-a47b-630f7d42a132,2024-09-19T18:44:28Z,2024-09-20T02:44:28Z,2024-09-29T18:44:28Z,True,2024-09-19T20:44:53Z,False,,,0.0,5.0,1,1000,2024-09-20T14:03:55Z
08f2bed6-666a-4e2f-8859-7665369ce6f9,CAS-00003-AY7H1A,Late delivery: ORD-000010,17158cbe-342b-4225-9873-7a1d4d6d1f82,account,2cf9b230-676f-4928-89aa-286dffd16bb4,dceade62-2c9a-4eab-9892-71ab88008585,2,100000001,100000002,2,1,4cae8e39-e278-419b-94aa-01f9ef63cd2c,2024-09-24T10:05:14Z,2024-09-24T14:05:14Z,2024-09-29T10:05:14Z,True,2024-09-24T10:55:01Z,False,,False,0.0,,1,5,2024-09-24T21:28:37Z
51bb301f-1d07-41cf-b369-e1f9e3f0b285,CAS-00004-4XE58B,Invoice dispute: ORD-000011,512896b9-d1a8-470a-afba-959b5ff1e393,account,7c21feb4-7cd8-4833-b6f3-a9f29d80cd2f,91220764-ec94-4b48-9601-cefef880d484,2,100000004,100000004,2,1,4b30bd90-ff3f-4312-a47b-630f7d42a132,2024-11-02T12:57:25Z,2024-11-02T16:57:25Z,2024-11-07T12:57:25Z,True,2024-11-02T14:55:16Z,False,,True,650400000.0,,1,5,2024-11-03T20:45:58Z
38081bb8-8f33-4f8e-96c2-226a2df55b06,CAS-00005-9VQ9XK,Damaged or rusted material: ORD-000018,9db51ce2-8797-4353-97d6-7d9288c55582,account,e013f345-7670-45a5-8b9c-988a5bb24e92,99fbe2fd-34fd-45e0-9158-2f10c13625e2,2,100000003,100000003,1,3,4b30bd90-ff3f-4312-a47b-630f7d42a132,2024-10-31T09:02:57Z,2024-10-31T11:02:57Z,2024-11-02T09:02:57Z,True,2024-10-31T12:01:48Z,False,,False,0.0,,1,5,2024-11-01T09:35:03Z
c9060409-d264-41cc-a8c8-576622b0cec8,CAS-00006-JEU8S9,Mill certificate request: ORD-000027,e716eb38-581f-43df-be71-bda810128b96,account,0f7aff6e-54b9-4b3b-8f6c-a162f0773f92,90c1bd0e-5f79-4835-9293-726049f88679,3,100000005,100000003,3,1,4b30bd90-ff3f-4312-a47b-630f7d42a132,2024-10-28T13:43:45Z,2024-10-28T21:43:45Z,2024-11-07T13:43:45Z,True,2024-10-28T15:51:10Z,False,,,0.0,4.0,1,1000,2024-10-29T06:36:54Z
046e6978-bb78-4879-ae47-686949e789c8,CAS-00007-Z294U8,Delivery change request: ORD-000030,51f4a724-9950-4858-88ca-c260b3f5a21c,account,83382f03-cd47-48f9-9fb8-f6cf70988dac,bbff6614-a122-4b08-bf42-311491698e82,3,100000006,100000002,2,3,0e108913-5aeb-4cd9-a56a-e9713fdfefe6,2024-10-31T19:54:56Z,2024-10-31T23:54:56Z,2024-11-05T19:54:56Z,True,2024-10-31T22:23:43Z,False,,,0.0,,1,1000,2024-11-01T05:53:48Z
0ac001e4-16f3-4ddb-ac2b-f3ee9f33cf69,CAS-00008-RH9A2R,Late delivery: ORD-000040,d5f0fb6a-4596-4a75-b4df-b83ff659f188,account,7818382a-53df-410f-9da7-a4e58b62c2e9,92c88ab2-0e04-40fe-885a-34a36bb012bd,2,100000001,100000002,2,1,0e108913-5aeb-4cd9-a56a-e9713fdfefe6,2025-04-22T07:56:57Z,2025-04-22T11:56:57Z,2025-04-27T07:56:57Z,True,2025-04-22T10:16:27Z,False,,False,0.0,4.0,1,5,2025-04-22T20:26:36Z
a24d1da4-a10c-4b90-a532-2eb5102224da,CAS-00009-STELD7,Weight discrepancy: ORD-000041,d02c75f9-198d-43a4-8cd2-0e4376dae194,account,8da411b6-894c-4c78-ad9e-3fc464114680,181e29e1-387f-4c15-b038-370cbbafd178,2,100000000,100000001,2,1,0e108913-5aeb-4cd9-a56a-e9713fdfefe6,2024-11-28T02:12:58Z,2024-11-28T06:12:58Z,2024-12-03T02:12:58Z,True,2024-11-28T06:23:15Z,False,,True,133800000.0,,1,5,2024-11-28T20:53:14Z
48c53464-2ac0-432b-b1fe-75e611ac427b,CAS-00010-20U815,Weight discrepancy: ORD-000051,f3f48d53-1120-41b7-9b23-91f0f620e4c0,account,d16c0a67-a5fd-499b-833b-4d4316b6556f,ad92e256-4c8a-424c-a992-3c034aa16f28,2,100000000,100000001,2,2,0e108913-5aeb-4cd9-a56a-e9713fdfefe6,2024-11-04T18:20:02Z,2024-11-04T22:20:02Z,2024-11-09T18:20:02Z,True,2024-11-04T20:31:56Z,False,,True,470600000.0,,1,5,2024-11-06T02:28:25Z
f3531b22-ebae-4bab-b021-2a93cf48bc81,CAS-00011-0JLX2Z,Damaged or rusted material: ORD-000052,8fddbebc-f7ff-48d4-b509-f08a2c988bca,account,675bb586-f70e-4b43-a66e-a696322f04e6,dc6a6656-a615-429a-9659-ad704ae6959b,2,100000003,100000003,1,2,4b30bd90-ff3f-4312-a47b-630f7d42a132,2024-11-20T22:15:20Z,2024-11-21T00:15:20Z,2024-11-22T22:15:20Z,True,2024-11-21T01:10:22Z,True,2024-11-22T10:15:20Z,False,0.0,5.0,1,5,2024-11-22T10:30:06Z
64413db6-436b-436e-a14a-8b9975e175d9,CAS-00012-XNAPDG,Mill certificate request: ORD-000053,af70de70-2b69-495e-8567-1b58926bffa5,account,86c6855b-a041-4f85-966c-c616b14d63b3,c11f453e-a32a-4558-8df3-1ed13b5caf61,3,100000005,100000003,3,1,4b30bd90-ff3f-4312-a47b-630f7d42a132,2024-11-25T23:54:14Z,2024-11-26T07:54:14Z,2024-12-05T23:54:14Z,True,2024-11-26T02:28:19Z,False,,,0.0,,1,1000,2024-11-26T04:30:09Z
65a3a35a-984c-4f82-acfa-40b74e497a16,CAS-00013-3EGE3Z,Delivery change request: ORD-000057,453b45fe-636c-4499-9254-aad3809cd839,account,b89cd9fd-ded0-4368-b1f0-ef7f1373ec3a,ee1dd094-4561-4fb5-b851-742596592d04,3,100000006,100000002,2,1,4b30bd90-ff3f-4312-a47b-630f7d42a132,2024-11-18T01:03:58Z,2024-11-18T05:03:58Z,2024-11-23T01:03:58Z,True,2024-11-18T02:42:59Z,False,,,0.0,,1,1000,2024-11-18T05:38:20Z
7661613c-48f4-4dc5-a052-16a0414b685b,CAS-00014-PQG9NC,Invoice dispute: ORD-000063,7ec59e55-1b98-467e-8cc8-8dc68127a367,account,c4b3486f-c68a-4cec-ac52-8ec320aad273,1f56a6a0-4267-43cf-9e0f-9be75be71df0,2,100000004,100000004,2,3,0e108913-5aeb-4cd9-a56a-e9713fdfefe6,2024-12-10T06:08:27Z,2024-12-10T10:08:27Z,2024-12-15T06:08:27Z,True,2024-12-10T08:54:35Z,True,2024-12-14T00:08:27Z,True,441700000.0,2.0,1,5,2024-12-16T09:34:43Z
d5ec0ffa-f70e-4b2f-aaf8-680158b32e14,CAS-00015-79RMM9,Invoice dispute: ORD-000071,5a4edcb7-ad37-4eb6-84e0-6472e1c60b7b,account,76af5875-d668-4668-9c72-2c55d80c6d2a,12c49c90-02b5-4033-93c8-67965a760963,2,100000004,100000004,2,3,0e108913-5aeb-4cd9-a56a-e9713fdfefe6,2025-01-05T00:22:47Z,2025-01-05T04:22:47Z,2025-01-10T00:22:47Z,True,2025-01-05T02:40:01Z,False,,True,28500000.0,,1,5,2025-01-06T07:02:35Z
2b2bef35-75e6-47c0-8f1a-bcafb1cbf427,CAS-00016-W6F8SJ,Invoice dispute: ORD-000074,72652f1e-47b0-41ec-8a32-7480ba9583c5,account,603a8090-df89-4abd-8ed3-fa89bdd1018b,cf147254-1b2d-40dc-b97a-30054d9d9592,2,100000004,100000004,2,3,4b30bd90-ff3f-4312-a47b-630f7d42a132,2025-01-02T13:12:16Z,2025-01-02T17:12:16Z,2025-01-07T13:12:16Z,True,2025-01-02T15:11:21Z,True,2025-01-06T07:12:16Z,False,0.0,2.0,1,5,2025-01-22T02:24:01Z
a8dc2ef4-11b2-43b7-aa88-84ca6478df56,CAS-00017-WF8WBB,Late delivery: ORD-000077,e6e987ca-b87b-4384-9fdd-de2ea8a2b7ad,account,ca0b6af7-572d-4d61-aaa1-5b6a0216cd40,e5cd1097-7db8-427c-84c2-5f40affd776e,2,100000001,100000002,2,2,0e108913-5aeb-4cd9-a56a-e9713fdfefe6,2025-01-13T15:34:04Z,2025-01-13T19:34:04Z,2025-01-18T15:34:04Z,True,2025-01-13T17:55:28Z,False,,False,0.0,,1,5,2025-01-15T20:02:23Z
a60802aa-571c-4f19-bf84-7644df57acdd,CAS-00018-ZECE8Y,Damaged or rusted material: ORD-000078,ef95d35a-d7e3-4b19-ad02-af6c55cc57fe,account,d169dc5f-3ae4-42a4-8f4c-86882d59cdbe,fd9e9ead-d0ae-4da5-a8a0-806330dd1fe1,2,100000003,100000003,1,1,4b30bd90-ff3f-4312-a47b-630f7d42a132,2025-02-10T10:29:46Z,2025-02-10T12:29:46Z,2025-02-12T10:29:46Z,True,2025-02-10T11:06:03Z,False,,True,4079000000.0,5.0,1,5,2025-02-10T22:01:40Z
98658c31-6df9-47a5-abcc-536a4ecf4d69,CAS-00019-D19W7D,Invoice dispute: ORD-000078,ef95d35a-d7e3-4b19-ad02-af6c55cc57fe,account,d169dc5f-3ae4-42a4-8f4c-86882d59cdbe,fd9e9ead-d0ae-4da5-a8a0-806330dd1fe1,2,100000004,100000004,2,1,0e108913-5aeb-4cd9-a56a-e9713fdfefe6,2025-03-03T11:16:59Z,2025-03-03T15:16:59Z,2025-03-08T11:16:59Z,True,2025-03-03T12:34:19Z,False,,True,1327000000.0,3.0,1,5,2025-03-06T13:51:18Z
1fa2180a-6906-4b86-814a-4784b5c94126,CAS-00020-AFT2PU,Invoice dispute: ORD-000093,e58d67fe-7fcf-4fd6-b337-ac967f2cd3dc,account,b1edd3e6-6d56-44ab-9806-79127d5fc92a,2f2ec1e8-c855-4900-872e-2d1b0858a237,2,100000004,100000004,2,3,7931db9d-7b28-4616-ab82-a35fc263b420,2025-03-01T06:45:49Z,2025-03-01T10:45:49Z,2025-03-06T06:45:49Z,True,2025-03-01T08:23:55Z,False,,False,0.0,3.0,1,5,2025-03-04T15:55:18Z
527bfad7-12db-4998-952b-c4ed5acc3567,CAS-00021-AHE8DU,Weight discrepancy: ORD-000100,8b609d1e-6c72-4cf8-a11d-b3501169d505,account,33738b87-65a4-4813-939c-457043444bee,fa91ef2a-7d6c-4004-994b-36b0e44f3664,2,100000000,100000001,2,3,4cae8e39-e278-419b-94aa-01f9ef63cd2c,2025-03-08T15:14:57Z,2025-03-08T19:14:57Z,2025-03-13T15:14:57Z,True,2025-03-08T17:06:37Z,False,,False,0.0,,1,5,2025-03-10T20:35:24Z
156fd252-9fdb-4c07-a18f-829dd9d39e09,CAS-00022-QPBCCB,Damaged or rusted material: ORD-000107,504bd946-93c9-4ed3-b937-3c139a706219,account,f366bc5e-e537-4fd0-a30f-7d44bd78da81,cca80463-dd95-43c2-9618-7890a6641a81,2,100000003,100000003,1,2,7931db9d-7b28-4616-ab82-a35fc263b420,2025-03-12T03:18:09Z,2025-03-12T05:18:09Z,2025-03-14T03:18:09Z,True,2025-03-12T05:34:30Z,False,,False,0.0,3.0,1,5,2025-03-13T05:52:58Z
b3f5ece7-524a-4bb7-a3de-8eafd3daa4d6,CAS-00023-WXVRAM,Late delivery: ORD-000132,eebd342d-22d9-4b18-8680-55f355114558,account,ad2a583e-5ee8-4605-bb69-303acf1533af,489584f5-4404-47b7-97e7-46307342ed4c,2,100000001,100000002,2,2,4b30bd90-ff3f-4312-a47b-630f7d42a132,2025-05-01T16:34:39Z,2025-05-01T20:34:39Z,2025-05-06T16:34:39Z,True,2025-05-01T20:16:40Z,False,,False,0.0,3.0,1,5,2025-05-02T03:10:09Z
938b3a01-c5fe-4ae9-94dc-cc35e29e2154,CAS-00024-3Y8SNE,Weight discrepancy: ORD-000145,320727ab-24c9-4c0e-887e-e883f34a26e4,account,137de048-f8ce-4a46-bb67-3f53c5e2e469,5c97f0a1-044b-44b4-b419-624815e820bf,2,100000000,100000001,2,1,0e108913-5aeb-4cd9-a56a-e9713fdfefe6,2025-06-14T19:56:44Z,2025-06-14T23:56:44Z,2025-06-19T19:56:44Z,True,2025-06-14T21:42:14Z,False,,False,0.0,3.0,1,5,2025-06-16T04:43:05Z
7f48f26e-5398-4e04-8d6d-7820ef9e3ba4,CAS-00025-SJW8CL,Delivery change request: ORD-000158,65db6e43-47bf-4db7-82d9-a774ea7f6c7d,account,4e6e7125-e822-4203-b004-66a15c0756dd,0c56ed3c-a4f8-4b8f-91f8-96c8173413a4,3,100000006,100000002,2,1,4b30bd90-ff3f-4312-a47b-630f7d42a132,2025-06-21T10:15:11Z,2025-06-21T14:15:11Z,2025-06-26T10:15:11Z,True,2025-06-21T10:58:18Z,False,,,0.0,,1,1000,2025-06-21T14:53:59Z
b15aad14-d8a1-4b19-adfa-2a5b1153c9ff,CAS-00026-LGJ23F,Weight discrepancy: ORD-000159,481186e9-1625-44ca-9b47-e6394d2551eb,account,2992c02a-0909-4686-b981-e014d70624f1,7a5b5fa7-9918-4eb1-b6b9-340939745ce1,2,100000000,100000001,2,2,4b30bd90-ff3f-4312-a47b-630f7d42a132,2025-06-16T07:27:18Z,2025-06-16T11:27:18Z,2025-06-21T07:27:18Z,True,2025-06-16T09:05:40Z,False,,True,439200000.0,3.0,1,5,2025-06-18T04:28:48Z
94316ffb-cb88-46c1-bf24-76fa6274afc7,CAS-00027-KBFF0Z,Weight discrepancy: ORD-000162,6690a951-fc04-4a7a-ae41-5f166263307c,account,2c6dde79-f7e3-492f-a143-d57228ff21d7,b15f68ff-84e1-48cd-b3f7-1df7e8a84d2f,2,100000000,100000001,2,1,7931db9d-7b28-4616-ab82-a35fc263b420,2025-06-08T18:54:49Z,2025-06-08T22:54:49Z,2025-06-13T18:54:49Z,True,2025-06-08T22:21:52Z,False,,True,27600000.0,5.0,1,5,2025-06-09T16:12:47Z
22173507-cc88-4ecd-8a21-2a49f4c3845f,CAS-00028-GY7GEU,Invoice dispute: ORD-000162,6690a951-fc04-4a7a-ae41-5f166263307c,account,2c6dde79-f7e3-492f-a143-d57228ff21d7,b15f68ff-84e1-48cd-b3f7-1df7e8a84d2f,2,100000004,100000004,2,1,7931db9d-7b28-4616-ab82-a35fc263b420,2025-06-17T12:58:25Z,2025-06-17T16:58:25Z,2025-06-22T12:58:25Z,True,2025-06-17T15:05:19Z,True,2025-06-21T06:58:25Z,False,0.0,3.0,1,5,2025-06-30T19:01:17Z
5624df92-9e59-4897-b875-ab3e55a68ab7,CAS-00029-WJ6RMC,Late delivery: ORD-000169,dd23ff41-dae1-4586-a358-755cbc5c3cd8,account,1f42ec8c-2c4a-4e2c-83b5-2e867a6c3062,c50fb978-b141-4fb8-acbb-d22b2ea40bd2,2,100000001,100000002,2,1,0e108913-5aeb-4cd9-a56a-e9713fdfefe6,2025-06-07T20:41:21Z,2025-06-08T00:41:21Z,2025-06-12T20:41:21Z,True,2025-06-07T21:04:05Z,False,,False,0.0,,1,5,2025-06-08T05:05:39Z
a03eeea2-3c2f-48f6-9968-f08789c46587,CAS-00030-GGFTRL,Invoice dispute: ORD-000186,6f0eebef-97e8-4057-96a7-01aba66ccf43,account,fcedb87c-82f5-4de1-9392-009fba9ada63,85761ded-107a-4377-b7fe-780f1a917f3f,2,100000004,100000004,2,1,0e108913-5aeb-4cd9-a56a-e9713fdfefe6,2025-07-24T11:18:28Z,2025-07-24T15:18:28Z,2025-07-29T11:18:28Z,True,2025-07-24T14:30:34Z,True,2025-07-28T05:18:28Z,False,0.0,2.0,1,5,2025-08-03T07:39:58Z
eb455b2a-dc5f-4a6e-9ac2-0a8d2c438e72,CAS-00031-Y65YQR,Weight discrepancy: ORD-000198,0443777c-7ab8-4d02-85ac-3f00338f29be,account,d050a38a-5481-4632-8df2-4a5af1b256d0,33e2dcdb-9f31-4a36-9c27-91ccc374ffaa,2,100000000,100000001,2,1,7931db9d-7b28-4616-ab82-a35fc263b420,2025-07-31T09:26:03Z,2025-07-31T13:26:03Z,2025-08-05T09:26:03Z,True,2025-07-31T14:55:54Z,False,,False,0.0,3.0,1,5,2025-08-02T15:12:28Z
2e4265fb-160a-41db-8ce4-54c401862baa,CAS-00032-3VG0M4,Late delivery: ORD-000199,aceab138-3e62-4898-b557-6846ee7616d1,account,fe1df6e2-0df0-4a72-b52e-3f169da13fb2,faa1c99c-bfb4-4362-84d3-ae9201b43841,2,100000001,100000002,2,1,4b30bd90-ff3f-4312-a47b-630f7d42a132,2025-07-26T14:49:32Z,2025-07-26T18:49:32Z,2025-07-31T14:49:32Z,True,2025-07-26T15:31:14Z,False,,True,0.0,5.0,1,5,2025-07-27T05:33:09Z
fb376aa3-298f-463c-b6f2-165b48c1364d,CAS-00033-6BZKCZ,Late delivery: ORD-000223,97ee66ea-b54d-43d4-8422-5042eb1be442,account,701daebf-c142-4184-9664-7b59c8ba8729,751db29a-abaf-4fc2-985b-9de505217d23,2,100000001,100000002,2,1,0e108913-5aeb-4cd9-a56a-e9713fdfefe6,2025-09-15T12:24:37Z,2025-09-15T16:24:37Z,2025-09-20T12:24:37Z,True,2025-09-15T12:53:22Z,False,,True,0.0,5.0,1,5,2025-09-15T20:36:59Z
dab812c0-90e1-4542-8f58-e472efc229c7,CAS-00034-B5K6NT,Invoice dispute: ORD-000224,e92915a3-85cd-44bf-901c-93a3b1f22be5,account,704dc28c-8f36-48b4-8a53-6e222fcde2a7,536d0280-f353-4555-860b-2d5303043439,2,100000004,100000004,2,2,0e108913-5aeb-4cd9-a56a-e9713fdfefe6,2025-10-22T18:15:39Z,2025-10-22T22:15:39Z,2025-10-27T18:15:39Z,True,2025-10-22T19:46:19Z,True,2025-10-26T12:15:39Z,False,0.0,,1,5,2025-10-28T03:26:27Z
aea7efc8-84ce-48b4-991d-5589221ac496,CAS-00035-2AN09V,Quality / spec claim: ORD-000229,23bdec0a-9085-4205-b160-fa4dc2e8574f,account,d27be71e-685d-4751-9a19-5aa4a111f44b,d50af963-cc05-43bd-9b10-e45f988209a7,2,100000002,100000003,2,1,4cae8e39-e278-419b-94aa-01f9ef63cd2c,2025-10-27T13:01:11Z,2025-10-27T17:01:11Z,2025-11-01T13:01:11Z,True,2025-10-27T15:16:18Z,True,2025-10-31T07:01:11Z,True,239800000.0,,1,5,2025-11-05T15:08:10Z
ddf10601-540e-4c01-97bf-a4e8bbfc7317,CAS-00036-NM4ZN5,Weight discrepancy: ORD-000231,f0636972-c737-427a-9e34-106afa902bfb,account,d5b21bf1-c66a-47d0-a6cb-674e43a71e40,5444aaf1-4d22-47fe-8350-d42f37ef93aa,2,100000000,100000001,2,1,4b30bd90-ff3f-4312-a47b-630f7d42a132,2025-10-26T17:53:17Z,2025-10-26T21:53:17Z,2025-10-31T17:53:17Z,True,2025-10-26T18:18:55Z,False,,True,152800000.0,4.0,1,5,2025-10-27T15:48:51Z
7ae3e72d-6e01-420c-acf1-df9e5d558b6f,CAS-00037-FQS7Z4,Quality / spec claim: ORD-000233,397a284f-76a4-479b-bd67-34588f2d0b17,account,aa58feda-b960-4b74-a32f-be6b7dd2ab19,4aff2123-bfe8-4aed-87f4-209539c1baf7,2,100000002,100000003,2,1,4b30bd90-ff3f-4312-a47b-630f7d42a132,2025-11-29T08:19:17Z,2025-11-29T12:19:17Z,2025-12-04T08:19:17Z,True,2025-11-29T10:06:58Z,True,2025-12-03T02:19:17Z,True,11721100000.0,,1,5,2025-12-04T13:28:48Z
02b751fd-b18d-4aa0-9886-a8dab1b63162,CAS-00038-6W6FUZ,Delivery change request: ORD-000235,7147f758-cdbe-4548-aa65-66e8fe1ad905,account,50e9636e-197d-48b1-961b-14dd45f11959,bb07fcc1-b4ee-4df3-a1cb-d3c1cc97cda2,3,100000006,100000002,2,1,4b30bd90-ff3f-4312-a47b-630f7d42a132,2025-11-04T12:43:04Z,2025-11-04T16:43:04Z,2025-11-09T12:43:04Z,True,2025-11-04T13:22:12Z,False,,,0.0,5.0,1,1000,2025-11-04T14:20:30Z
c6988ab3-e5d0-4421-bc93-20c9c84afe81,CAS-00039-W1Y63H,Invoice dispute: ORD-000236,3c775558-b365-4b7c-8853-bc5542e17302,account,54b69482-f903-41e5-ba86-80ddae6773af,5975aeca-7ccc-46cf-b4ba-14c23e89f661,2,100000004,100000004,2,1,4cae8e39-e278-419b-94aa-01f9ef63cd2c,2025-11-24T17:56:32Z,2025-11-24T21:56:32Z,2025-11-29T17:56:32Z,True,2025-11-24T18:45:15Z,False,,True,373500000.0,5.0,1,5,2025-11-27T17:41:30Z
7dea4261-61b2-4ac5-95b1-59297c25b57c,CAS-00040-W3ZBX5,Damaged or rusted material: ORD-000237,76b90472-7470-424c-b9f6-b641063ff61e,account,ebbe1cf4-4496-4518-9e19-ad54514fe370,d548e741-56bc-46c6-8bc9-07ddffb77dd3,2,100000003,100000003,1,1,4b30bd90-ff3f-4312-a47b-630f7d42a132,2025-11-15T08:28:58Z,2025-11-15T10:28:58Z,2025-11-17T08:28:58Z,True,2025-11-15T11:19:59Z,False,,True,284400000.0,,1,5,2025-11-16T08:47:30Z
cd7d36a3-9828-46be-9372-2e65e538d70f,CAS-00041-T7X9Q3,Damaged or rusted material: ORD-000241,9bafcc20-0e16-4f3f-938c-c0ca17acd7e9,account,5ef0d853-9ebd-4552-9ded-2282dd8b99ad,9f97e7ed-b0ff-427c-9cd3-4d5cdaa12743,2,100000003,100000003,1,1,4b30bd90-ff3f-4312-a47b-630f7d42a132,2025-11-13T07:29:50Z,2025-11-13T09:29:50Z,2025-11-15T07:29:50Z,True,2025-11-13T08:49:48Z,True,2025-11-14T19:29:50Z,True,1618900000.0,,1,5,2025-11-15T22:38:31Z
e07955c6-2d29-4dab-81cf-7bfcbcb7f959,CAS-00042-1HKKRA,Weight discrepancy: ORD-000248,2bf95861-4827-4440-b6d9-fe1731094211,account,73c99dc1-3c10-43b5-88e8-cacd0c008903,f9ff2ed9-5ab8-42c4-b153-00a0fb97e63f,2,100000000,100000001,2,1,4b30bd90-ff3f-4312-a47b-630f7d42a132,2025-11-16T18:18:43Z,2025-11-16T22:18:43Z,2025-11-21T18:18:43Z,True,2025-11-16T18:51:06Z,False,,True,54800000.0,,1,5,2025-11-17T03:12:21Z
388fa081-4882-46fc-af36-7324a926c539,CAS-00043-7UM1QE,Late delivery: ORD-000255,84222f58-f022-44af-bb76-4637d277ab64,account,05ac5b6b-d560-4096-a2cc-bf4f4da1e3ea,73d30bea-c669-438a-9b15-499a36701ee1,2,100000001,100000002,2,1,4b30bd90-ff3f-4312-a47b-630f7d42a132,2025-11-15T18:09:02Z,2025-11-15T22:09:02Z,2025-11-20T18:09:02Z,True,2025-11-15T19:30:32Z,False,,False,0.0,,1,5,2025-11-16T08:52:17Z
4266dba5-62e8-47f0-8b68-f54faf9f81f7,CAS-00044-L59Q3V,Delivery change request: ORD-000267,59cb1e01-8a40-45cd-9597-b5085bed5760,account,cd784178-3c90-4eda-b650-b1457c12c7bc,b5c0b038-cb2d-4bb3-86ee-7aa43deeaf95,3,100000006,100000002,2,1,4b30bd90-ff3f-4312-a47b-630f7d42a132,2025-12-06T20:55:27Z,2025-12-07T00:55:27Z,2025-12-11T20:55:27Z,True,2025-12-06T21:22:59Z,False,,,0.0,,1,1000,2025-12-07T18:30:23Z
f154f9c9-a023-4afe-b9d0-d9721159d661,CAS-00045-PSRBMM,Weight discrepancy: ORD-000276,4b94b930-393a-4207-b19c-c375a599252d,account,36bd2174-db4f-4573-b86c-b67ebbbfc2de,fc96cdf1-737c-4628-a1dc-57b931948b3f,2,100000000,100000001,1,1,4cae8e39-e278-419b-94aa-01f9ef63cd2c,2025-12-14T14:42:43Z,2025-12-14T16:42:43Z,2025-12-16T14:42:43Z,True,2025-12-14T15:31:41Z,False,,True,134500000.0,,1,5,2025-12-16T01:52:08Z
68391acc-91a2-4d9d-a52e-f8178c754412,CAS-00046-NMK5MP,Invoice dispute: ORD-000286,2bee2fff-8b5f-43fe-b75d-dff45d123e9b,account,eabdad2f-628d-4aca-abf4-acc3384200a0,31510f56-8d9c-47fe-a67f-1bdb86554ed3,2,100000004,100000004,2,1,7931db9d-7b28-4616-ab82-a35fc263b420,2026-02-28T00:06:42Z,2026-02-28T04:06:42Z,2026-03-05T00:06:42Z,True,2026-02-28T00:47:29Z,True,2026-03-03T18:06:42Z,True,1831200000.0,,1,5,2026-03-03T19:36:38Z
5bb584a2-b503-428c-9d7f-4b8f683007dd,CAS-00047-PCJ2UB,Delivery change request: ORD-000308,080a1cf5-a6f3-4448-8a76-c888e7b1a394,account,c9733b50-1aa5-4c7d-8603-538647f3d1bf,12a51a72-4fb9-49c9-b52d-38cfca5db449,3,100000006,100000002,2,1,4b30bd90-ff3f-4312-a47b-630f7d42a132,2026-03-14T16:19:51Z,2026-03-14T20:19:51Z,2026-03-19T16:19:51Z,True,2026-03-14T16:46:50Z,False,,,0.0,,1,1000,2026-03-14T22:36:46Z
873557e8-e422-4ba4-aeea-6fef0f44c83f,CAS-00048-0Y6JJW,Delivery change request: ORD-000329,7147f758-cdbe-4548-aa65-66e8fe1ad905,account,e3a6ebff-e20e-4c3c-8710-3646771f9dbb,cd6fa0e0-3312-4afb-a784-e1b1b2342c84,3,100000006,100000002,2,1,4cae8e39-e278-419b-94aa-01f9ef63cd2c,2026-06-01T23:24:47Z,2026-06-02T03:24:47Z,2026-06-06T23:24:47Z,True,2026-06-02T00:03:07Z,False,,,0.0,4.0,1,1000,2026-06-02T06:21:27Z
ece28e5c-d0f7-408b-9a26-eecdd98c8528,CAS-00049-PZ36XF,Weight discrepancy: ORD-000333,3ef7839f-8df4-497b-98f8-001856fe4769,account,622157d0-ca95-4d2b-8201-ef759a719624,11b1bcdf-17d6-49b2-acae-7e06ba7f8ea4,2,100000000,100000001,2,1,4b30bd90-ff3f-4312-a47b-630f7d42a132,2026-06-02T12:24:30Z,2026-06-02T16:24:30Z,2026-06-07T12:24:30Z,True,2026-06-02T13:04:14Z,False,,False,0.0,,1,5,2026-06-04T04:21:45Z
6f50597c-bbec-4041-bd34-21c68a19db84,CAS-00050-EP1J9B,Late delivery: ORD-000339,331f63fb-d11f-48c0-a97c-a4fff75d599f,account,82112000-16b4-4f2b-9dee-8ec850f886ea,7abc1752-70c6-4d8d-bddf-2319c4e386b7,2,100000001,100000002,2,1,4cae8e39-e278-419b-94aa-01f9ef63cd2c,2026-06-04T17:37:53Z,2026-06-04T21:37:53Z,2026-06-09T17:37:53Z,True,2026-06-04T18:21:27Z,False,,False,0.0,4.0,1,5,2026-06-05T14:45:07Z
64d8654d-1b6c-4db3-9c4a-bc0881177e52,CAS-00051-70RDYR,Late delivery: ORD-000341,3385db3b-e893-486d-a3fb-6609334b92a2,account,493acbb8-cbed-4ad3-9aa1-a0c404f08bdf,abfe3999-0220-4ef6-9bba-de0d0410bc81,2,100000001,100000002,2,3,4b30bd90-ff3f-4312-a47b-630f7d42a132,2026-06-05T21:58:43Z,2026-06-06T01:58:43Z,2026-06-10T21:58:43Z,True,2026-06-05T23:58:22Z,False,,False,0.0,4.0,1,5,2026-06-06T12:47:34Z
b84679e3-c94d-462f-b91c-48d860d285a7,CAS-00052-DNALC3,Damaged or rusted material: ORD-000344,217bc29e-ec95-43e9-a1fa-246624f982ec,account,d71e18c6-99df-4eb1-a496-ff418ee5f73e,0d31eec2-5f52-41db-b1e7-0c5f70d65ca4,2,100000003,100000003,1,1,4cae8e39-e278-419b-94aa-01f9ef63cd2c,2026-06-10T14:02:32Z,2026-06-10T16:02:32Z,2026-06-12T14:02:32Z,True,2026-06-10T17:48:07Z,True,2026-06-12T02:02:32Z,False,0.0,,1,5,2026-06-12T10:07:04Z
48e77473-373f-45bc-8570-135c3d8bf0d0,CAS-00053-7PT92D,Mill certificate request: ORD-000350,13fc927f-7237-4f5b-b6fc-1c4679ebb8bb,account,03b973bd-05e0-4157-9d6c-d4cdd6664d99,fb3b5055-bbbe-4702-9b20-62b6ed55190c,3,100000005,100000003,3,1,4b30bd90-ff3f-4312-a47b-630f7d42a132,2026-06-17T14:32:45Z,2026-06-17T22:32:45Z,2026-06-27T14:32:45Z,True,2026-06-17T16:07:25Z,False,,,0.0,5.0,1,1000,2026-06-17T22:59:13Z
020e9295-1c47-4e37-8e49-27ab3a96b85d,CAS-00054-UUPRF5,Invoice dispute: ORD-000357,8dd7e052-44e7-4702-84c4-7757e2db1ce3,account,3653d055-37c0-4b1d-a37a-f4808ef71cba,4cb808f4-1dc0-4e48-8744-babb43afc86c,2,100000004,100000004,2,2,4b30bd90-ff3f-4312-a47b-630f7d42a132,2026-06-30T09:08:59Z,2026-06-30T13:08:59Z,2026-07-05T09:08:59Z,True,2026-06-30T11:26:34Z,False,,,,,0,4,2026-06-30T11:26:34Z
0aa9021c-c32c-4afe-9004-e516692deeca,CAS-00055-6ZC0WS,Late delivery: ORD-000360,b6f31d02-90ca-4ac3-94e3-552bfd2f1be9,account,1359b59a-1d9c-459d-93e0-ef30cf6f13f7,235eba9d-1841-4f75-a9ed-bce0fd333cd5,2,100000001,100000002,2,2,0e108913-5aeb-4cd9-a56a-e9713fdfefe6,2026-06-08T12:05:35Z,2026-06-08T16:05:35Z,2026-06-13T12:05:35Z,True,2026-06-08T13:41:07Z,False,,False,0.0,,1,5,2026-06-08T20:56:47Z
d9893450-45fc-4b2d-989c-ca988255fefe,CAS-00056-GWLH6R,Weight discrepancy: ORD-000366,09a0a0f6-73b0-4091-b634-c1694f76e388,account,6caa2e6e-2389-4181-8dd1-9a3fc4732847,e17b8136-466f-47c1-b032-78857a697d01,2,100000000,100000001,2,1,4b30bd90-ff3f-4312-a47b-630f7d42a132,2026-06-01T15:49:32Z,2026-06-01T19:49:32Z,2026-06-06T15:49:32Z,True,2026-06-01T16:30:07Z,True,2026-06-05T09:49:32Z,True,76100000.0,,1,5,2026-06-09T15:01:36Z
cc19e48e-946f-4dfa-bccc-46ee57d92793,CAS-00057-47DC3H,Weight discrepancy: ORD-000393,80599b93-79c2-42e4-9ae1-a991524f93ff,account,52514e94-f1ec-470c-becd-607e504149df,0ab147ed-dca8-46ad-a67f-b371a2f8e143,2,100000000,100000001,2,3,4cae8e39-e278-419b-94aa-01f9ef63cd2c,2025-10-01T11:59:34Z,2025-10-01T15:59:34Z,2025-10-06T11:59:34Z,True,2025-10-01T15:08:24Z,True,2025-10-05T05:59:34Z,True,516800000.0,,1,5,2025-10-05T16:08:44Z
f5a41eea-bf0b-4908-a679-19a494f0a733,CAS-00058-GZSYBA,Invoice dispute: ORD-000399,d65e59dd-e62d-4d06-8f9b-85581a7f195b,account,a4bb4cb6-d093-4173-8e7b-d58a8177fdf2,f16f2946-76e1-4d2a-9859-097b6a408555,2,100000004,100000004,2,3,0e108913-5aeb-4cd9-a56a-e9713fdfefe6,2025-09-07T00:12:15Z,2025-09-07T04:12:15Z,2025-09-12T00:12:15Z,True,2025-09-07T03:17:15Z,True,2025-09-10T18:12:15Z,True,624100000.0,3.0,1,5,2025-09-19T18:48:39Z
23bc01e0-e703-4e48-a725-684ebdfd9ba2,CAS-00059-J2WABP,Weight discrepancy: ORD-000405,15969802-b6dd-4257-bb7d-9f1c57eb89b1,account,ad2d211e-95b8-42e0-a246-5b46718387b5,2830523c-9958-41b0-bd77-fc41ab8787ca,2,100000000,100000001,1,3,0e108913-5aeb-4cd9-a56a-e9713fdfefe6,2025-06-22T05:11:18Z,2025-06-22T07:11:18Z,2025-06-24T05:11:18Z,True,2025-06-22T07:43:53Z,False,,False,0.0,2.0,1,5,2025-06-23T15:44:43Z
12cc82d7-adad-407d-bc85-5fdea007f809,CAS-00060-L92Z2F,Mill certificate request: ORD-000409,15969802-b6dd-4257-bb7d-9f1c57eb89b1,account,cc96d39e-2617-4619-82a5-c59e86b4b101,04a93770-da51-4216-9d9a-f82f95b17470,3,100000005,100000003,3,1,4cae8e39-e278-419b-94aa-01f9ef63cd2c,2026-04-16T12:19:30Z,2026-04-16T20:19:30Z,2026-04-26T12:19:30Z,True,2026-04-16T15:02:39Z,False,,,0.0,,1,1000,2026-04-18T04:45:00Z
fc41665c-99b4-4d7e-bc83-3650ca961227,CAS-00061-ADMEF7,Weight discrepancy: ORD-000410,0a0537f0-2c2c-422b-a568-95c6812a1f9b,account,172b02d4-ff25-4f07-b298-d42d54c56591,20d7ab37-3d24-4c4a-bf6a-920c86cbf1ae,2,100000000,100000001,2,1,4b30bd90-ff3f-4312-a47b-630f7d42a132,2024-11-12T12:17:48Z,2024-11-12T16:17:48Z,2024-11-17T12:17:48Z,True,2024-11-12T14:21:59Z,False,,True,155000000.0,,1,5,2024-11-13T09:51:30Z
ce72ca56-5d5d-4b32-af35-9e5c7028e905,CAS-00062-WE2MT6,Damaged or rusted material: ORD-000410,0a0537f0-2c2c-422b-a568-95c6812a1f9b,account,172b02d4-ff25-4f07-b298-d42d54c56591,20d7ab37-3d24-4c4a-bf6a-920c86cbf1ae,2,100000003,100000003,1,3,4cae8e39-e278-419b-94aa-01f9ef63cd2c,2024-11-14T08:12:48Z,2024-11-14T10:12:48Z,2024-11-16T08:12:48Z,True,2024-11-14T09:36:32Z,True,2024-11-15T20:12:48Z,False,0.0,2.0,1,5,2024-11-16T16:00:39Z
9bacbc17-924c-44d9-8c08-13f33f6539f8,CAS-00063-DEWDLY,Invoice dispute: ORD-000415,0a0537f0-2c2c-422b-a568-95c6812a1f9b,account,b261dc7a-8bda-4904-ab79-128676d90c5d,1aea6df6-3b7a-4493-8fa4-195ba206e9d8,2,100000004,100000004,2,1,4b30bd90-ff3f-4312-a47b-630f7d42a132,2025-11-05T19:48:54Z,2025-11-05T23:48:54Z,2025-11-10T19:48:54Z,True,2025-11-05T23:04:29Z,True,2025-11-09T13:48:54Z,False,0.0,,1,5,2025-11-09T15:02:00Z
17a9217d-4f14-4025-a6d6-b7328f4d5e68,CAS-00064-6J7M1B,Late delivery: ORD-000456,8ed6ad5e-1831-4aa3-9466-9d1910df9974,account,9f3e7d40-54d8-46d8-bb49-71f22eb79d41,338a0c2f-db5c-428a-87fd-4a737b3f43e2,2,100000001,100000002,2,1,7931db9d-7b28-4616-ab82-a35fc263b420,2026-03-24T17:04:09Z,2026-03-24T21:04:09Z,2026-03-29T17:04:09Z,True,2026-03-24T19:25:48Z,False,,True,0.0,,1,5,2026-03-26T03:47:00Z
633f99a3-525b-4cc3-9dae-b4e68eb61d71,CAS-00065-VBSXZ8,Late delivery: ORD-000457,8ed6ad5e-1831-4aa3-9466-9d1910df9974,account,c5114965-3e22-4af5-afb2-c31ab54c6d26,5c5e04dc-2a0a-4a62-be89-5fc9742d67b7,2,100000001,100000002,2,1,4b30bd90-ff3f-4312-a47b-630f7d42a132,2026-04-17T21:11:59Z,2026-04-18T01:11:59Z,2026-04-22T21:11:59Z,True,2026-04-17T22:37:31Z,False,,True,0.0,5.0,1,5,2026-04-18T06:09:20Z
248eeb90-deab-465b-8389-33efb4b6bb8a,CAS-00066-W17MZ3,Weight discrepancy: ORD-000465,4082cbb9-48bd-4b3e-a2f5-df2badaa44ca,account,b29f8d78-1c9d-47fd-889a-f6a6732e4e6b,e2717793-b334-443b-9ede-5f683282d789,2,100000000,100000001,2,1,4b30bd90-ff3f-4312-a47b-630f7d42a132,2025-08-28T11:30:07Z,2025-08-28T15:30:07Z,2025-09-02T11:30:07Z,True,2025-08-28T12:13:12Z,True,2025-09-01T05:30:07Z,True,65700000.0,3.0,1,5,2025-09-09T06:14:15Z
28e3275e-7a78-4808-9790-8f46db9c9f13,CAS-00067-K2S5WG,Weight discrepancy: ORD-000477,a9e27ba9-952e-4abb-94dd-5061555736f8,account,b1799af4-3424-46b2-a20c-aab4245101a4,e95fca08-dbc4-4ceb-84c1-97640b253b4e,2,100000000,100000001,2,1,4cae8e39-e278-419b-94aa-01f9ef63cd2c,2026-05-19T17:17:22Z,2026-05-19T21:17:22Z,2026-05-24T17:17:22Z,True,2026-05-19T20:06:12Z,False,,True,409100000.0,,1,5,2026-05-23T01:58:40Z
46c7abfd-b32a-4732-9e28-c79c398f093c,CAS-00068-DXFMWG,Mill certificate request: ORD-000483,a981b098-b2cf-452d-a7f3-33b3f7baf55e,account,ea045a96-fbdd-4f2f-86bb-3b6c5fea4b06,264869a4-4c1f-446d-8796-273c97c75dbf,3,100000005,100000003,3,3,4b30bd90-ff3f-4312-a47b-630f7d42a132,2025-04-16T17:05:55Z,2025-04-17T01:05:55Z,2025-04-26T17:05:55Z,True,2025-04-16T19:44:38Z,False,,,0.0,4.0,1,1000,2025-04-16T22:59:51Z
e9b32f8b-3f7f-49c2-9f9a-c86b5d964bbf,CAS-00069-MUQ5A6,Quality / spec claim: ORD-000484,a981b098-b2cf-452d-a7f3-33b3f7baf55e,account,bf12eed9-595d-4bea-944e-e0153d5cacc6,638f8c9c-f36d-4e99-8a7e-83d6b33d5113,2,100000002,100000003,2,2,4cae8e39-e278-419b-94aa-01f9ef63cd2c,2025-08-20T20:35:08Z,2025-08-21T00:35:08Z,2025-08-25T20:35:08Z,True,2025-08-20T22:36:16Z,False,,True,3124700000.0,5.0,1,5,2025-08-23T14:56:17Z
9ea8aa95-356c-404d-b018-a8eb4a44e36c,CAS-00070-GAA7MM,Mill certificate request: ORD-000485,a981b098-b2cf-452d-a7f3-33b3f7baf55e,account,6f3ffa05-a1fb-44aa-b546-8dd40ac9e5df,de39fb31-b566-4604-ac10-271f42fbf1c0,3,100000005,100000003,3,2,0e108913-5aeb-4cd9-a56a-e9713fdfefe6,2026-05-27T19:29:13Z,2026-05-28T03:29:13Z,2026-06-06T19:29:13Z,True,2026-05-27T22:19:40Z,False,,,0.0,,1,1000,2026-05-28T00:37:44Z
4ded7512-05bf-4c41-9e72-2c3e339d4b06,CAS-00071-5DQEMG,Damaged or rusted material: ORD-000490,8f158449-4f40-422f-95b0-2530f020e992,account,8318051f-e384-4d02-bee1-b2bc0ff106ba,42521f08-af51-4f43-a261-ef8568986747,2,100000003,100000003,1,1,4cae8e39-e278-419b-94aa-01f9ef63cd2c,2024-07-31T15:59:38Z,2024-07-31T17:59:38Z,2024-08-02T15:59:38Z,True,2024-07-31T16:30:28Z,True,2024-08-02T03:59:38Z,True,425200000.0,2.0,1,5,2024-08-04T13:56:33Z
30e5a6fb-c8da-43d5-b341-597c590adb21,CAS-00072-VL4PRB,Quality / spec claim: ORD-000494,8f158449-4f40-422f-95b0-2530f020e992,account,964c5411-e8b7-4cf5-a975-6162a41f4c10,7ec570e3-6130-4ecc-bb90-072305ab8ec5,2,100000002,100000003,2,1,4b30bd90-ff3f-4312-a47b-630f7d42a132,2024-08-14T00:18:25Z,2024-08-14T04:18:25Z,2024-08-19T00:18:25Z,True,2024-08-14T02:05:47Z,True,2024-08-17T18:18:25Z,True,998200000.0,2.0,1,5,2024-08-20T22:21:24Z
2dae729d-5e25-428b-aedd-b0f25cccf238,CAS-00073-CA8JN3,Quality / spec claim: ORD-000499,54170a17-caaa-4bbe-a4bb-f962606e0e1c,account,5229a5ab-55c6-43c0-9b8c-6dd85bdf7840,ca86c274-5d81-4605-b106-20f0636060ce,2,100000002,100000003,2,2,4b30bd90-ff3f-4312-a47b-630f7d42a132,2025-03-10T00:39:27Z,2025-03-10T04:39:27Z,2025-03-15T00:39:27Z,True,2025-03-10T05:17:36Z,True,2025-03-13T18:39:27Z,False,0.0,,1,5,2025-03-14T12:56:46Z
a68e719e-7b59-4929-884d-db46f9bc7d8f,CAS-00074-U48PYL,Damaged or rusted material: ORD-000501,54170a17-caaa-4bbe-a4bb-f962606e0e1c,account,8f669e7a-51fc-45dc-a6ed-306985a7f513,ec4cc1ac-094a-4894-a25e-eb2367bdd65e,2,100000003,100000003,1,2,0e108913-5aeb-4cd9-a56a-e9713fdfefe6,2025-04-13T09:55:13Z,2025-04-13T11:55:13Z,2025-04-15T09:55:13Z,True,2025-04-13T11:40:00Z,True,2025-04-14T21:55:13Z,False,0.0,,1,5,2025-04-15T01:59:58Z
d64b9978-54cc-45a8-81bb-afe30ed6b43b,CAS-00075-KREMVV,Mill certificate request: ORD-000504,54170a17-caaa-4bbe-a4bb-f962606e0e1c,account,f1d7e31e-20e6-4f2b-ae84-41d7c2cf77d1,e1faec6e-5283-4e47-bfad-0a242dc7385a,3,100000005,100000003,3,1,0e108913-5aeb-4cd9-a56a-e9713fdfefe6,2025-06-11T23:29:06Z,2025-06-12T07:29:06Z,2025-06-21T23:29:06Z,True,2025-06-12T01:14:18Z,False,,,0.0,5.0,1,1000,2025-06-12T02:58:28Z
c688fdb4-0fe1-450d-b0d0-f8331b70100a,CAS-00076-S6FBTU,Mill certificate request: ORD-000508,54170a17-caaa-4bbe-a4bb-f962606e0e1c,account,89a32235-a875-431b-be36-2d8ef9b2986c,948b4e3e-19d5-4147-9ead-72ba4c34b817,3,100000005,100000003,3,2,4cae8e39-e278-419b-94aa-01f9ef63cd2c,2026-02-24T18:21:41Z,2026-02-25T02:21:41Z,2026-03-06T18:21:41Z,True,2026-02-24T21:14:35Z,False,,,0.0,4.0,1,1000,2026-02-26T13:28:47Z
000d2ddf-858e-44e3-bcbf-c83c89cba9c3,CAS-00077-5LR6H4,Delivery change request: ORD-000515,17ec889c-86c1-46cb-a996-30f7af77520e,account,b0f19e65-90ff-41bd-8d73-bbff46a1001f,36c3d1ed-b99e-4ffc-ba45-7c8b308a4405,3,100000006,100000002,2,2,7931db9d-7b28-4616-ab82-a35fc263b420,2024-10-11T22:51:11Z,2024-10-12T02:51:11Z,2024-10-16T22:51:11Z,True,2024-10-12T01:14:52Z,False,,,0.0,5.0,1,1000,2024-10-12T16:22:46Z
ebb200b5-3960-47c6-a5f8-f6d7ff40b2d4,CAS-00078-YKV559,Late delivery: ORD-000521,17ec889c-86c1-46cb-a996-30f7af77520e,account,04ea2e3d-b8b3-4b87-9300-8c0cee725d2e,4c55e878-ae09-477d-87ec-47101d7963db,2,100000001,100000002,2,3,0e108913-5aeb-4cd9-a56a-e9713fdfefe6,2026-06-06T14:04:38Z,2026-06-06T18:04:38Z,2026-06-11T14:04:38Z,True,2026-06-06T17:35:55Z,False,,False,0.0,,1,5,2026-06-07T03:09:54Z
2f401a3f-5a6e-4800-81cb-2e5c8d8f73fc,CAS-00079-1FQ7NR,Damaged or rusted material: ORD-000525,4f11d8dc-5cd3-4369-84aa-c1b75ca0c428,account,16e5c1d6-bb2f-44a5-8527-731bf7ed1118,76e6e1cc-5416-489d-b07e-1d3ba3f1f6f2,2,100000003,100000003,1,1,4b30bd90-ff3f-4312-a47b-630f7d42a132,2025-05-17T16:27:29Z,2025-05-17T18:27:29Z,2025-05-19T16:27:29Z,True,2025-05-17T17:05:18Z,False,,False,0.0,,1,5,2025-05-18T21:05:18Z
3736554a-14a6-4dc7-8a07-1cfea66b17f3,CAS-00080-10DL5Q,Damaged or rusted material: ORD-000529,4f11d8dc-5cd3-4369-84aa-c1b75ca0c428,account,67c9504e-6368-4080-bc8f-876f0ec25ce9,03343bfd-1881-4b86-b4b0-bfd44a0e1230,2,100000003,100000003,1,1,4cae8e39-e278-419b-94aa-01f9ef63cd2c,2025-11-27T04:31:38Z,2025-11-27T06:31:38Z,2025-11-29T04:31:38Z,True,2025-11-27T05:03:41Z,True,2025-11-28T16:31:38Z,True,1010500000.0,,1,5,2025-12-01T22:31:25Z
e946a748-f00d-4796-9b19-bc1eaeace102,CAS-00081-NLZXXM,Late delivery: ORD-000584,b89f72f3-2a60-4652-a714-7668cf1d7d3a,account,075c3923-916c-4527-818c-a6ac8550312f,d264fd64-f73c-4b63-b448-104aafd6c80a,2,100000001,100000002,2,1,0e108913-5aeb-4cd9-a56a-e9713fdfefe6,2025-11-16T17:42:30Z,2025-11-16T21:42:30Z,2025-11-21T17:42:30Z,True,2025-11-16T18:34:32Z,True,2025-11-20T11:42:30Z,True,0.0,2.0,1,5,2025-11-21T19:09:31Z
6d1ca538-3150-4d50-b512-f3b91aac999f,CAS-00082-M3UD13,Invoice dispute: ORD-000585,b89f72f3-2a60-4652-a714-7668cf1d7d3a,account,61443d2a-0885-4ab5-a39d-6b97500b27fe,4dd82b6a-ff2a-421f-afe6-be94518c476d,2,100000004,100000004,2,1,7931db9d-7b28-4616-ab82-a35fc263b420,2026-01-10T19:59:43Z,2026-01-10T23:59:43Z,2026-01-15T19:59:43Z,True,2026-01-10T20:56:33Z,True,2026-01-14T13:59:43Z,False,0.0,1.0,1,5,2026-02-08T05:24:29Z
759b7d1a-45be-4638-bed9-6bb0ec7a87e7,CAS-00083-3G5184,Late delivery: ORD-000590,f836f571-3cce-476c-b836-c448ad261ec5,account,0a0a1936-84bb-46ec-960e-97309b33c381,e4873811-3dce-40e1-9556-9776e7a6f1ca,2,100000001,100000002,2,3,7931db9d-7b28-4616-ab82-a35fc263b420,2025-05-25T14:26:05Z,2025-05-25T18:26:05Z,2025-05-30T14:26:05Z,True,2025-05-25T16:46:43Z,False,,True,0.0,,1,5,2025-05-26T13:35:52Z
4934b614-47ee-405a-a168-d9d175962cdd,CAS-00084-5MKEUS,Invoice dispute: ORD-000594,c09cb506-48f1-496d-9c4f-fb4671b701aa,account,ac8f615d-7d18-437b-b60c-471af6ccc3bd,7b3044e8-7f94-4f42-933f-bd7178fcb9fe,2,100000004,100000004,2,2,4b30bd90-ff3f-4312-a47b-630f7d42a132,2025-04-22T23:06:40Z,2025-04-23T03:06:40Z,2025-04-27T23:06:40Z,True,2025-04-23T01:01:52Z,True,2025-04-26T17:06:40Z,True,413200000.0,,1,5,2025-04-27T03:17:25Z
95ac9696-558b-41a8-947d-d7c31cd395a3,CAS-00085-R8K41A,Delivery change request: ORD-000594,c09cb506-48f1-496d-9c4f-fb4671b701aa,account,ac8f615d-7d18-437b-b60c-471af6ccc3bd,7b3044e8-7f94-4f42-933f-bd7178fcb9fe,3,100000006,100000002,2,2,4b30bd90-ff3f-4312-a47b-630f7d42a132,2025-04-10T03:07:40Z,2025-04-10T07:07:40Z,2025-04-15T03:07:40Z,True,2025-04-10T06:05:04Z,False,,,0.0,5.0,1,1000,2025-04-10T08:53:34Z
ea6590cd-8164-436a-8fdb-eb01179cbd92,CAS-00086-X0YDU7,Late delivery: ORD-000598,3be79df4-72ec-416e-88a7-23e9bfa016c2,account,d7b31071-085f-46f4-bc9b-b425e812bd36,891f3cfc-1392-4931-8aab-c9b85502e84d,2,100000001,100000002,2,3,0e108913-5aeb-4cd9-a56a-e9713fdfefe6,2026-01-03T13:12:37Z,2026-01-03T17:12:37Z,2026-01-08T13:12:37Z,True,2026-01-03T14:57:58Z,False,,True,0.0,,1,5,2026-01-04T10:10:15Z
dd8f721e-fe45-4607-8490-19b76fa1874d,CAS-00087-DRY834,Weight discrepancy: ORD-000603,f7315749-4f39-49a8-bd3a-258288b4f474,account,90026e2f-b0b4-425d-9ec9-db8d6e23a11e,8ac8ccb8-2104-46c8-9931-10bfd76bcfef,2,100000000,100000001,2,1,0e108913-5aeb-4cd9-a56a-e9713fdfefe6,2024-12-26T20:04:38Z,2024-12-27T00:04:38Z,2024-12-31T20:04:38Z,True,2024-12-26T21:29:24Z,False,,True,292100000.0,4.0,1,5,2024-12-29T17:06:20Z
39c5f971-a4a9-4d59-a16f-d4b550c45e49,CAS-00088-2D5U9C,Damaged or rusted material: ORD-000607,f7315749-4f39-49a8-bd3a-258288b4f474,account,9afd909f-8ed3-4c1d-bec9-430cbc9f2fa8,3d055463-1dfd-433e-aea3-8b75e201b3b3,2,100000003,100000003,1,3,4b30bd90-ff3f-4312-a47b-630f7d42a132,2025-12-18T15:47:04Z,2025-12-18T17:47:04Z,2025-12-20T15:47:04Z,True,2025-12-18T18:40:43Z,False,,False,0.0,3.0,1,5,2025-12-19T22:46:53Z
2edbcd14-f019-4aa9-b549-771021c3f8fe,CAS-00089-44E1PS,Invoice dispute: ORD-000610,e76adca9-7811-4802-88cc-7cfecf01f944,account,a91750c9-371a-4e5e-b386-6bb3d0c98b7e,b80bf33d-ca43-4e87-a60b-1b2c9c059308,2,100000004,100000004,2,1,7931db9d-7b28-4616-ab82-a35fc263b420,2025-06-22T04:56:19Z,2025-06-22T08:56:19Z,2025-06-27T04:56:19Z,True,2025-06-22T06:54:17Z,True,2025-06-25T22:56:19Z,True,191900000.0,,1,5,2025-06-28T09:34:52Z
15e24c67-c833-4213-a89c-168ebd7e6ab2,CAS-00090-2SN67J,Weight discrepancy: ORD-000615,ada58417-5e2a-432d-b1ab-0b56d5c9fdc7,account,90a9f290-cbc4-4e51-b281-1fdf587151c7,61452595-0a36-4862-b610-d0b87dc5e422,2,100000000,100000001,2,2,0e108913-5aeb-4cd9-a56a-e9713fdfefe6,2024-07-29T14:10:16Z,2024-07-29T18:10:16Z,2024-08-03T14:10:16Z,True,2024-07-29T15:43:48Z,False,,True,191400000.0,,1,5,2024-07-31T09:19:21Z
d9f500d7-6eb8-4556-ae16-47eed2f7952b,CAS-00091-L83SFJ,Weight discrepancy: ORD-000625,70cafdd8-fc04-4f08-9207-0158f2771f63,account,a640637d-8c69-4053-9885-847e1230a2f2,0e0e9f59-7798-46a7-97b5-1afdbabaa805,2,100000000,100000001,2,3,7931db9d-7b28-4616-ab82-a35fc263b420,2025-08-03T16:45:19Z,2025-08-03T20:45:19Z,2025-08-08T16:45:19Z,True,2025-08-03T18:10:53Z,False,,True,72600000.0,,1,5,2025-08-07T06:37:20Z
9dfd13c9-fed5-4d34-b7ff-072994708896,CAS-00092-8J0D6P,Invoice dispute: ORD-000633,6b2d5b09-8707-4ad4-80be-7e3561c2645a,account,8edd0fde-fc43-4386-8501-94d3aae1fd1b,db589431-6922-4744-bc63-9de9f6dcd7a1,2,100000004,100000004,2,3,4cae8e39-e278-419b-94aa-01f9ef63cd2c,2025-06-07T15:03:23Z,2025-06-07T19:03:23Z,2025-06-12T15:03:23Z,True,2025-06-07T16:59:01Z,True,2025-06-11T09:03:23Z,False,0.0,2.0,1,5,2025-06-28T04:03:33Z
92f65f34-a099-4d5a-9107-44a8e1b622df,CAS-00093-S3ZXEU,Weight discrepancy: ORD-000639,7b07fd31-a424-4f23-8d5b-a7cd400035f0,account,ebfab51c-49b7-4979-a0ae-030dd7414f16,a2f3fd35-d119-4e27-8e7c-cb089d11ba9d,2,100000000,100000001,2,1,0e108913-5aeb-4cd9-a56a-e9713fdfefe6,2024-07-28T00:24:59Z,2024-07-28T04:24:59Z,2024-08-02T00:24:59Z,True,2024-07-28T04:50:41Z,False,,True,317500000.0,,1,5,2024-07-29T23:33:24Z
59638cdc-7303-4def-8305-c509c3147f4a,CAS-00094-D000GY,Damaged or rusted material: ORD-000640,7b07fd31-a424-4f23-8d5b-a7cd400035f0,account,a083a676-8941-4444-a789-62ec96252065,93c9bf7b-ce52-4462-8071-3566330a8bfb,2,100000003,100000003,1,1,4b30bd90-ff3f-4312-a47b-630f7d42a132,2024-11-09T17:31:55Z,2024-11-09T19:31:55Z,2024-11-11T17:31:55Z,True,2024-11-09T17:58:53Z,False,,True,871400000.0,,1,5,2024-11-10T05:01:26Z
980f299a-f1c8-469c-af68-b138a6593908,CAS-00095-A78KWD,Weight discrepancy: ORD-000645,7b07fd31-a424-4f23-8d5b-a7cd400035f0,account,bb20dd89-e970-4bd8-a144-f0485f7d30bf,37798efd-40c3-455f-bd76-463b4472c57c,2,100000000,100000001,2,1,4cae8e39-e278-419b-94aa-01f9ef63cd2c,2025-03-01T22:59:17Z,2025-03-02T02:59:17Z,2025-03-06T22:59:17Z,True,2025-03-02T00:54:42Z,False,,False,0.0,,1,5,2025-03-04T07:48:31Z
258683ba-273b-4a14-9785-d9c348c012fc,CAS-00096-3ZD62V,Weight discrepancy: ORD-000655,8412a335-d88c-456d-b61e-5fdb1a435206,account,86236bd6-1ecf-4212-804e-59215d585c85,3a17d12f-6dc1-48e1-a7fc-c0919e112bc7,2,100000000,100000001,2,1,7931db9d-7b28-4616-ab82-a35fc263b420,2024-12-04T21:08:30Z,2024-12-05T01:08:30Z,2024-12-09T21:08:30Z,True,2024-12-04T23:56:27Z,False,,True,138900000.0,3.0,1,5,2024-12-07T01:35:16Z
1f80159e-e6d2-4d80-803b-69e5eef58abd,CAS-00097-5ESU12,Late delivery: ORD-000658,8412a335-d88c-456d-b61e-5fdb1a435206,account,44a32bc5-a2c9-4188-9174-5b7a0cd65d01,390a1b91-423f-4898-a2e2-369a8dbb2abd,2,100000001,100000002,2,2,4b30bd90-ff3f-4312-a47b-630f7d42a132,2025-05-16T20:35:58Z,2025-05-17T00:35:58Z,2025-05-21T20:35:58Z,True,2025-05-16T22:21:21Z,False,,False,0.0,3.0,1,5,2025-05-17T19:29:17Z
55b747ba-8e5c-4ebd-8a48-ecdaec3d61ef,CAS-00098-4ZGR5F,Weight discrepancy: ORD-000689,eada79a3-4970-4d9a-89ce-3cfb2339ba19,account,bbda4bda-b718-42be-a827-6f6a7c3d2297,c623e56a-c518-4580-85cf-9d145d304375,2,100000000,100000001,2,1,4cae8e39-e278-419b-94aa-01f9ef63cd2c,2025-12-02T02:01:52Z,2025-12-02T06:01:52Z,2025-12-07T02:01:52Z,True,2025-12-02T03:49:19Z,False,,True,213200000.0,5.0,1,5,2025-12-05T12:21:25Z
3fc62cfa-a622-493b-9094-54a90602214f,CAS-00099-D862EQ,Late delivery: ORD-000689,eada79a3-4970-4d9a-89ce-3cfb2339ba19,account,bbda4bda-b718-42be-a827-6f6a7c3d2297,c623e56a-c518-4580-85cf-9d145d304375,2,100000001,100000002,2,2,4b30bd90-ff3f-4312-a47b-630f7d42a132,2025-11-30T03:16:31Z,2025-11-30T07:16:31Z,2025-12-05T03:16:31Z,True,2025-11-30T04:34:14Z,False,,False,0.0,3.0,1,5,2025-12-01T04:01:57Z
9fcbd6a6-9804-41a8-8d08-c5dfbdf853d4,CAS-00100-RJ2V8J,Weight discrepancy: ORD-000690,eada79a3-4970-4d9a-89ce-3cfb2339ba19,account,539d3c9c-032d-4781-9eb3-be6f399150ce,ddd3fe17-0d5d-43ca-bb52-fdadc9ab18c2,2,100000000,100000001,2,2,0e108913-5aeb-4cd9-a56a-e9713fdfefe6,2026-01-06T16:19:24Z,2026-01-06T20:19:24Z,2026-01-11T16:19:24Z,True,2026-01-06T19:02:11Z,False,,False,0.0,,1,5,2026-01-08T18:52:20Z
991e5615-f2cf-4b5a-823a-0f46017586f3,CAS-00101-ZJJ6W3,Late delivery: ORD-000696,e7e646c7-0158-4463-9d87-76a072d78bdd,account,175b9ffe-9a1c-44ce-9441-0597b5688510,bedd185b-bb65-47e7-868c-287b3848924e,2,100000001,100000002,2,3,4b30bd90-ff3f-4312-a47b-630f7d42a132,2025-12-18T12:31:02Z,2025-12-18T16:31:02Z,2025-12-23T12:31:02Z,True,2025-12-18T14:08:39Z,False,,True,0.0,5.0,1,5,2025-12-18T21:31:41Z
0a82c430-c186-42aa-9936-7e93896bba94,CAS-00102-5ZP0AZ,Weight discrepancy: ORD-000698,6c5a6c93-871c-4884-9bdf-90f2ba2c0f19,account,8d62cc29-ec3e-49ad-8637-a9f312665e5d,406e9005-ef96-415e-bde1-48ec3e7a4e5b,2,100000000,100000001,2,3,4cae8e39-e278-419b-94aa-01f9ef63cd2c,2024-11-22T22:38:07Z,2024-11-23T02:38:07Z,2024-11-27T22:38:07Z,True,2024-11-23T01:31:32Z,True,2024-11-26T16:38:07Z,True,77600000.0,,1,5,2024-11-27T07:10:53Z
c8566033-4850-463a-8669-d6ba5771bd17,CAS-00103-9M9UYD,Late delivery: ORD-000700,9f708368-cb3c-48ca-a392-57316b79afcc,account,8549baf0-9dba-41d6-8740-b376b76d295c,6ac89f25-bb3e-4e80-a8fd-6c2b91c154df,2,100000001,100000002,2,1,0e108913-5aeb-4cd9-a56a-e9713fdfefe6,2025-03-20T20:06:11Z,2025-03-21T00:06:11Z,2025-03-25T20:06:11Z,True,2025-03-20T20:43:52Z,False,,True,0.0,,1,5,2025-03-21T03:09:52Z
250bb181-7e7c-46ec-ba0d-ff7a4e17ccdc,CAS-00104-DDSBUV,Mill certificate request: ORD-000701,9f708368-cb3c-48ca-a392-57316b79afcc,account,5f876f9d-c9c0-44ce-920e-0da64ce218be,1a3aa0f3-418b-4d79-878b-938a68b2f724,3,100000005,100000003,3,1,4b30bd90-ff3f-4312-a47b-630f7d42a132,2026-01-04T20:03:51Z,2026-01-05T04:03:51Z,2026-01-14T20:03:51Z,True,2026-01-05T01:07:14Z,False,,,0.0,,1,1000,2026-01-06T12:51:55Z
360a5c57-6993-4672-b215-2db5dc406250,CAS-00105-T03UEC,Weight discrepancy: ORD-000703,d6312a80-1c61-4ec2-9014-2131750565f5,account,3d93a8e2-4444-4278-8e78-ec5d8ce30b8f,05451ada-cf29-4e73-a73f-1f610cdd1cf4,2,100000000,100000001,2,3,7931db9d-7b28-4616-ab82-a35fc263b420,2025-04-12T12:33:49Z,2025-04-12T16:33:49Z,2025-04-17T12:33:49Z,True,2025-04-12T14:19:00Z,False,,False,0.0,5.0,1,5,2025-04-14T04:02:14Z
0b45ffeb-d806-49d1-a2e8-7940a9cec8ce,CAS-00106-B4A2WW,Quality / spec claim: ORD-000711,93364f7e-83ef-49f3-a1c7-cc8a04351b64,account,2b7801e1-8afc-4b64-9243-c604fef87466,62bc3c5d-5532-4a6a-8dfa-6a251ef632dd,2,100000002,100000003,2,1,4b30bd90-ff3f-4312-a47b-630f7d42a132,2025-08-21T17:58:32Z,2025-08-21T21:58:32Z,2025-08-26T17:58:32Z,True,2025-08-21T18:20:04Z,False,,True,2015900000.0,5.0,1,5,2025-08-23T12:08:42Z
1e8b6d52-b2c5-4950-81e9-dcd506827557,CAS-00107-R7T48H,Weight discrepancy: ORD-000715,93364f7e-83ef-49f3-a1c7-cc8a04351b64,account,f1ca21d6-5122-4550-85eb-1114c415cb82,a17c3897-77f3-43ce-b6af-e471fd3882b3,2,100000000,100000001,2,1,4cae8e39-e278-419b-94aa-01f9ef63cd2c,2026-02-19T14:03:52Z,2026-02-19T18:03:52Z,2026-02-24T14:03:52Z,True,2026-02-19T15:45:28Z,True,2026-02-23T08:03:52Z,True,270200000.0,,1,5,2026-02-27T13:48:39Z
9fec47e9-bd8f-44bd-b3f8-d4437802f889,CAS-00108-6SHL4X,Late delivery: ORD-000715,93364f7e-83ef-49f3-a1c7-cc8a04351b64,account,f1ca21d6-5122-4550-85eb-1114c415cb82,a17c3897-77f3-43ce-b6af-e471fd3882b3,2,100000001,100000002,2,3,4cae8e39-e278-419b-94aa-01f9ef63cd2c,2026-02-18T10:59:18Z,2026-02-18T14:59:18Z,2026-02-23T10:59:18Z,True,2026-02-18T15:40:25Z,False,,False,0.0,,1,5,2026-02-19T13:52:12Z
7cf29aed-cf45-4094-a287-3e80370f1cf7,CAS-00109-53WGLN,Late delivery: ORD-000718,4a90cd0c-24c1-43b9-b7f2-85723defa849,account,b8158943-221a-4339-a851-00e85ea30fd7,89df064e-e7d3-4628-8da5-2fbe421974c7,2,100000001,100000002,2,2,4b30bd90-ff3f-4312-a47b-630f7d42a132,2024-09-11T18:15:40Z,2024-09-11T22:15:40Z,2024-09-16T18:15:40Z,True,2024-09-11T19:33:30Z,False,,False,0.0,,1,5,2024-09-12T04:12:50Z
511a1b1e-12c6-49d3-90f8-d8558c4bddb1,CAS-00110-CDHNBJ,Mill certificate request: ORD-000719,4a90cd0c-24c1-43b9-b7f2-85723defa849,account,bcf11f55-135b-41e5-b543-0fad9025863a,9f756c58-b42f-4cef-af54-ef7cbac2a660,3,100000005,100000003,3,1,4cae8e39-e278-419b-94aa-01f9ef63cd2c,2024-12-23T02:20:06Z,2024-12-23T10:20:06Z,2025-01-02T02:20:06Z,True,2024-12-23T04:15:11Z,False,,,0.0,,1,1000,2024-12-24T18:25:58Z
9d0734c6-bdf2-4e17-a5b8-a92e623796e5,CAS-00111-LRGK3N,Late delivery: ORD-000720,4a90cd0c-24c1-43b9-b7f2-85723defa849,account,85a35ae6-a260-40dc-8d84-8cca91a91a5d,0b2540e6-9e33-4eb1-ae24-28bd7fa0ad9d,2,100000001,100000002,2,2,4cae8e39-e278-419b-94aa-01f9ef63cd2c,2025-07-01T10:16:49Z,2025-07-01T14:16:49Z,2025-07-06T10:16:49Z,True,2025-07-01T13:12:55Z,False,,False,0.0,3.0,1,5,2025-07-02T08:37:06Z
d0aa2149-8d3f-4a8d-bde3-f9fdc58a648a,CAS-00112-W1JH9P,Mill certificate request: ORD-000720,4a90cd0c-24c1-43b9-b7f2-85723defa849,account,85a35ae6-a260-40dc-8d84-8cca91a91a5d,0b2540e6-9e33-4eb1-ae24-28bd7fa0ad9d,3,100000005,100000003,3,1,0e108913-5aeb-4cd9-a56a-e9713fdfefe6,2025-07-03T00:25:55Z,2025-07-03T08:25:55Z,2025-07-13T00:25:55Z,True,2025-07-03T01:25:03Z,False,,,0.0,5.0,1,1000,2025-07-03T16:51:44Z
22ff2d69-6e9c-4907-a32f-f6ff7434d979,CAS-00113-0YHL47,Invoice dispute: ORD-000724,4a90cd0c-24c1-43b9-b7f2-85723defa849,account,6c307f72-a345-4a46-8d3b-6a33d954dd8d,3c3b6a0c-51ea-4fd5-a0b2-c24d5bc2f39a,2,100000004,100000004,2,1,0e108913-5aeb-4cd9-a56a-e9713fdfefe6,2026-02-08T00:31:01Z,2026-02-08T04:31:01Z,2026-02-13T00:31:01Z,True,2026-02-08T07:12:09Z,False,,True,186000000.0,,1,5,2026-02-08T19:24:15Z
cbd7093d-162d-4cf5-baf3-b8d3de49f91e,CAS-00114-46Z0KN,Quality / spec claim: ORD-000725,5a5226e6-9d64-4932-8066-853d6de299a1,account,bfe37ce7-0569-4c96-8a1b-a71ae71c5025,d82ef72c-58c2-4daa-baf0-52e4eaa08815,2,100000002,100000003,2,1,4b30bd90-ff3f-4312-a47b-630f7d42a132,2025-01-18T06:54:44Z,2025-01-18T10:54:44Z,2025-01-23T06:54:44Z,True,2025-01-18T08:02:16Z,False,,False,0.0,,1,5,2025-01-20T22:55:01Z
966d7ba3-fcfd-4acc-adad-4befca7fa726,CAS-00115-A8PNAG,Late delivery: ORD-000726,5a5226e6-9d64-4932-8066-853d6de299a1,account,397f4c10-abcb-44da-993f-4e9a646b0bdf,829f39d7-2e50-415c-8177-dc9917616d21,2,100000001,100000002,2,1,4cae8e39-e278-419b-94aa-01f9ef63cd2c,2025-05-07T11:51:52Z,2025-05-07T15:51:52Z,2025-05-12T11:51:52Z,True,2025-05-07T13:07:13Z,False,,False,0.0,,1,5,2025-05-07T20:27:41Z
afc40ece-3e29-49d4-be6a-6a631d3fbe64,CAS-00116-SB52GU,Delivery change request: ORD-000731,2ff3cde4-6aa4-4c9f-9217-04753d959e3f,account,8c7df382-3942-47c9-9c8e-c4fff00c870c,e3124f9c-d11e-4a85-ae80-bdb6ea81111a,3,100000006,100000002,2,2,7931db9d-7b28-4616-ab82-a35fc263b420,2024-10-23T04:03:57Z,2024-10-23T08:03:57Z,2024-10-28T04:03:57Z,True,2024-10-23T08:24:17Z,False,,,0.0,4.0,1,1000,2024-10-23T23:12:18Z
50388609-7317-49b3-bd29-f00269507cb5,CAS-00117-DY0K29,Invoice dispute: ORD-000732,2ff3cde4-6aa4-4c9f-9217-04753d959e3f,account,f1c6ba9a-8043-4c9a-82a6-b53031d972c2,c0b4d508-d173-45a2-8108-8e0c81a7343e,2,100000004,100000004,2,1,4b30bd90-ff3f-4312-a47b-630f7d42a132,2025-05-20T02:08:37Z,2025-05-20T06:08:37Z,2025-05-25T02:08:37Z,True,2025-05-20T03:20:38Z,True,2025-05-23T20:08:37Z,False,0.0,,1,5,2025-05-24T05:03:01Z
435bbd41-9869-4203-a3dd-32e64b19f87b,CAS-00118-12D872,Delivery change request: ORD-000740,c9525185-81e0-4a5e-8b48-f49686abd4e7,account,3f18e281-0d43-4095-ae53-8cc2cc1afaef,fe30c8a2-76e0-4314-bb7f-e51854f3b8db,3,100000006,100000002,2,1,4b30bd90-ff3f-4312-a47b-630f7d42a132,2024-10-22T19:32:21Z,2024-10-22T23:32:21Z,2024-10-27T19:32:21Z,True,2024-10-22T19:53:44Z,False,,,0.0,5.0,1,1000,2024-10-22T23:41:47Z
7749fb24-9a40-43aa-9d69-67dbda6248c6,CAS-00119-XS1UT8,Weight discrepancy: ORD-000746,0b251279-785a-45d0-9f92-a62163f4c69d,account,3b0e1340-c92d-472a-9141-4acf9d2d4e00,4e3ced16-51e4-4c03-9da6-f5af7894cb93,2,100000000,100000001,2,1,0e108913-5aeb-4cd9-a56a-e9713fdfefe6,2025-04-23T17:51:20Z,2025-04-23T21:51:20Z,2025-04-28T17:51:20Z,True,2025-04-23T18:22:16Z,False,,True,68800000.0,,1,5,2025-04-24T00:43:56Z
159e5ed7-e973-47bf-85f6-9a046e38187b,CAS-00120-9Q8X3M,Damaged or rusted material: ORD-000753,5f90bed6-fb25-464d-a30a-a767a2bb522b,account,d8b431c8-1a24-4e2f-9294-b846d9cb4532,5306b5c7-4a45-42aa-b62c-86f3c40058b6,2,100000003,100000003,1,1,4cae8e39-e278-419b-94aa-01f9ef63cd2c,2025-10-30T14:53:57Z,2025-10-30T16:53:57Z,2025-11-01T14:53:57Z,True,2025-10-30T16:46:58Z,False,,True,588900000.0,,1,5,2025-10-31T10:12:05Z
7b04fa82-97aa-4cee-b64e-65d6517ea425,CAS-00121-YHFHTE,Late delivery: ORD-000761,3dba6da8-5844-49fc-914b-9547c9dc72b8,account,450221a7-97b5-4961-af6c-19848ac0f22a,49bdaf28-0c78-495f-895d-6ac74db49fc9,2,100000001,100000002,2,3,4cae8e39-e278-419b-94aa-01f9ef63cd2c,2026-02-09T10:39:52Z,2026-02-09T14:39:52Z,2026-02-14T10:39:52Z,True,2026-02-09T13:28:35Z,False,,True,0.0,,1,5,2026-02-10T00:38:43Z
22e24376-0561-4cb7-bc61-ee34c9846b24,CAS-00122-7PC81F,Weight discrepancy: ORD-000767,5a304528-0b59-4562-a227-219f551ff086,account,b9f787e8-6edc-419f-966f-4e518f55ae0e,b8f17f23-d5c9-4600-87d8-b24bda75a7c5,2,100000000,100000001,2,3,7931db9d-7b28-4616-ab82-a35fc263b420,2025-11-26T17:17:06Z,2025-11-26T21:17:06Z,2025-12-01T17:17:06Z,True,2025-11-26T19:16:57Z,False,,True,66700000.0,3.0,1,5,2025-11-28T23:06:14Z
6a90cee1-49bf-4dd8-b6a9-071eeeb08a69,CAS-00123-QYC79K,Mill certificate request: ORD-000775,af475b49-c775-4395-9494-05f02cd2a404,account,f35d9b69-10fb-48be-9518-f00115f29f76,e6484408-0dc8-4714-b75e-ba569e721e01,3,100000005,100000003,3,1,0e108913-5aeb-4cd9-a56a-e9713fdfefe6,2024-10-12T12:51:15Z,2024-10-12T20:51:15Z,2024-10-22T12:51:15Z,True,2024-10-12T13:42:09Z,False,,,0.0,5.0,1,1000,2024-10-13T16:00:48Z
62bbca25-558f-4bf4-a04e-7614ace420f5,CAS-00124-NM0JMR,Late delivery: ORD-000780,2285b2ef-cfbe-4fe9-aea9-c542a1b970d0,account,b792d157-fb19-4fd1-99db-600a798dfe1b,935f8a28-c67c-4c4f-a17e-974246054f38,2,100000001,100000002,2,3,4cae8e39-e278-419b-94aa-01f9ef63cd2c,2024-09-14T14:35:37Z,2024-09-14T18:35:37Z,2024-09-19T14:35:37Z,True,2024-09-14T16:41:51Z,False,,False,0.0,,1,5,2024-09-15T11:09:28Z
d95408b4-fa73-4f23-b72f-a3edac170c9a,CAS-00125-70J06T,Invoice dispute: ORD-000788,f1901b7e-c6b4-49ef-b74e-ba9310275b53,account,968571c1-f94d-4ff9-914e-c198bad304e5,b6be4973-7558-4b14-b97f-fd9971834044,2,100000004,100000004,2,1,4b30bd90-ff3f-4312-a47b-630f7d42a132,2024-09-06T23:38:14Z,2024-09-07T03:38:14Z,2024-09-11T23:38:14Z,True,2024-09-07T00:14:07Z,False,,False,0.0,3.0,1,5,2024-09-09T14:52:50Z
6a4b894c-f026-44d6-a7c3-3c673e9cfe6e,CAS-00126-PAX7Q6,Mill certificate request: ORD-000790,e2c328aa-3310-4475-8a86-22250b36e356,account,1d1e7581-ee1a-4f27-bc9a-844ea319fd70,cf0caf2c-add9-418d-9bfe-4a49bf095f07,3,100000005,100000003,3,1,0e108913-5aeb-4cd9-a56a-e9713fdfefe6,2024-09-27T21:03:33Z,2024-09-28T05:03:33Z,2024-10-07T21:03:33Z,True,2024-09-27T21:25:48Z,False,,,0.0,5.0,1,1000,2024-09-28T00:55:39Z
f023e0eb-5e96-43e5-a0b8-7554d202313a,CAS-00127-A146H4,Late delivery: ORD-000795,493e904d-30ec-4796-a59b-457fc0d7ac73,account,a3ab26a2-abcd-46bf-b48f-82c8ea1b5cee,df37a3cc-d506-4470-911d-a66927bad77e,2,100000001,100000002,2,2,0e108913-5aeb-4cd9-a56a-e9713fdfefe6,2024-08-31T07:47:23Z,2024-08-31T11:47:23Z,2024-09-05T07:47:23Z,True,2024-08-31T10:08:07Z,False,,False,0.0,,1,5,2024-09-01T05:48:35Z
fb112b26-bc16-4bfb-b5b8-73d91aedb294,CAS-00128-XUBM7B,Delivery change request: ORD-000800,493e904d-30ec-4796-a59b-457fc0d7ac73,account,5dac6c93-89f6-4248-b8e2-f5039b67774e,a835c2fa-1113-4947-9e43-a70d2b6102b1,3,100000006,100000002,2,2,7931db9d-7b28-4616-ab82-a35fc263b420,2026-02-08T14:32:49Z,2026-02-08T18:32:49Z,2026-02-13T14:32:49Z,True,2026-02-08T16:36:07Z,False,,,0.0,5.0,1,1000,2026-02-09T00:43:11Z
95312929-3faf-42f2-9923-0949e7ad9bdd,CAS-00129-0SDWTG,Mill certificate request: ORD-000807,0c3ce284-c7e5-4bbb-9cb5-1c535b62a8df,account,fde887cb-4b8e-4062-a030-628c3d212401,e45644a1-cd8b-4709-8a0b-a5001665e1b0,3,100000005,100000003,3,2,7931db9d-7b28-4616-ab82-a35fc263b420,2024-08-27T02:21:42Z,2024-08-27T10:21:42Z,2024-09-06T02:21:42Z,True,2024-08-27T03:49:51Z,False,,,0.0,4.0,1,1000,2024-08-31T11:22:08Z
d8c4a4f6-12a6-4712-9958-35f815392391,CAS-00130-PU6QM0,Late delivery: ORD-000813,45f18619-54f9-4429-a7de-02ccdda4f4a7,account,2f5a6ce7-b022-4be0-8179-f76ba6cd30d4,d4fdd4b1-9ba6-443f-b030-82e4d6cc5ca0,2,100000001,100000002,2,1,4cae8e39-e278-419b-94aa-01f9ef63cd2c,2025-07-31T13:12:09Z,2025-07-31T17:12:09Z,2025-08-05T13:12:09Z,True,2025-07-31T14:00:01Z,False,,True,0.0,,1,5,2025-08-02T14:40:30Z
6072238e-1f49-458d-87c6-81dbc34a1418,CAS-00131-J25DPX,Late delivery: ORD-000822,7092947d-be49-49ec-a667-d3bbe3b56360,account,8d8181c6-d54e-4a56-b04a-9ca0d265dac2,55945e7a-d122-45af-bbd9-3b3ca81c505d,2,100000001,100000002,2,1,4cae8e39-e278-419b-94aa-01f9ef63cd2c,2024-09-02T21:13:20Z,2024-09-03T01:13:20Z,2024-09-07T21:13:20Z,True,2024-09-02T21:32:31Z,False,,True,0.0,4.0,1,5,2024-09-04T07:51:13Z
7f5f72bb-6e86-4bde-b0b6-cccb6a46dc1d,CAS-00132-JBQBGK,Weight discrepancy: ORD-000824,56cb1ab0-62fb-46d7-b4db-ca07e506f670,account,23a27267-e113-4d3a-99cc-4d06875f1f80,de46fbda-167d-4bdc-927e-7b05b59b3ff8,2,100000000,100000001,2,3,4cae8e39-e278-419b-94aa-01f9ef63cd2c,2024-10-30T11:34:20Z,2024-10-30T15:34:20Z,2024-11-04T11:34:20Z,True,2024-10-30T14:29:46Z,False,,True,426300000.0,4.0,1,5,2024-11-01T03:10:50Z
8ddbf3e8-4e16-4231-abeb-63deb36770f6,CAS-00133-55BBJS,Late delivery: ORD-000826,56cb1ab0-62fb-46d7-b4db-ca07e506f670,account,7f2b3c85-ec70-4990-8290-eedd4295edd1,754f5d13-21a9-4347-95f2-fab4567d42f1,2,100000001,100000002,2,2,4cae8e39-e278-419b-94aa-01f9ef63cd2c,2025-05-18T10:19:05Z,2025-05-18T14:19:05Z,2025-05-23T10:19:05Z,True,2025-05-18T18:55:08Z,False,,False,0.0,,1,5,2025-05-18T23:15:41Z
36499220-6c99-469b-8765-005e93336002,CAS-00134-G0XKA1,Mill certificate request: ORD-000827,56cb1ab0-62fb-46d7-b4db-ca07e506f670,account,9330e3c8-34d5-462d-a451-2fbde202f943,04ff62cb-26a8-483b-91b5-59f69ecf2d01,3,100000005,100000003,3,2,4b30bd90-ff3f-4312-a47b-630f7d42a132,2025-10-25T16:17:40Z,2025-10-26T00:17:40Z,2025-11-04T16:17:40Z,True,2025-10-25T18:40:52Z,False,,,0.0,5.0,1,1000,2025-10-26T05:51:00Z
156b9b17-9d52-4b62-98c6-56197a81acee,CAS-00135-994E1Y,Weight discrepancy: ORD-000829,56cb1ab0-62fb-46d7-b4db-ca07e506f670,account,c4fef630-9c56-4ea6-8fea-bdd980fbdbef,1296ff9a-f75d-460f-a804-838d45bf0cdd,2,100000000,100000001,2,1,0e108913-5aeb-4cd9-a56a-e9713fdfefe6,2026-05-03T13:28:41Z,2026-05-03T17:28:41Z,2026-05-08T13:28:41Z,True,2026-05-03T13:49:40Z,False,,True,308800000.0,,1,5,2026-05-04T13:22:18Z
94d0e977-344c-4ccf-abde-0479ce08b644,CAS-00136-U774ET,Delivery change request: ORD-000830,56cb1ab0-62fb-46d7-b4db-ca07e506f670,account,df220087-94a5-48ca-8ad3-05944d3280ff,cca3e789-8cd0-4f8d-ba97-21855051942b,3,100000006,100000002,2,2,0e108913-5aeb-4cd9-a56a-e9713fdfefe6,2026-04-19T11:33:08Z,2026-04-19T15:33:08Z,2026-04-24T11:33:08Z,True,2026-04-19T14:32:40Z,False,,,0.0,,1,1000,2026-04-19T18:30:56Z
c675f30e-647a-40fc-810e-1c5f8effb4ec,CAS-00137-TFUN1C,Delivery change request: ORD-000833,b12b6680-7f07-4cb9-afd3-40c0f945f2fd,account,d20e584a-d811-4e96-8e29-af86fc4dd729,5126b2b0-3f10-496e-874b-1f489d21e91e,3,100000006,100000002,2,1,7931db9d-7b28-4616-ab82-a35fc263b420,2024-09-25T22:13:47Z,2024-09-26T02:13:47Z,2024-09-30T22:13:47Z,True,2024-09-25T23:15:01Z,False,,,0.0,5.0,1,1000,2024-09-26T08:16:31Z
aea99379-32eb-421d-9c29-ce259f24b656,CAS-00138-ZS5UBZ,Late delivery: ORD-000841,6e3c4532-1434-4f62-acac-028cba220065,account,525a2d76-5088-45f0-9f4b-9e6e39850459,110afb4f-e65c-4235-b558-b32fabd112ca,2,100000001,100000002,2,1,0e108913-5aeb-4cd9-a56a-e9713fdfefe6,2024-08-13T01:02:56Z,2024-08-13T05:02:56Z,2024-08-18T01:02:56Z,True,2024-08-13T01:55:36Z,False,,True,0.0,,1,5,2024-08-14T06:38:10Z
e0b63e99-faf5-4038-b8d4-6bbf240e96d3,CAS-00139-SP8PVR,Late delivery: ORD-000843,2e326567-d284-454e-bebe-c0db9a3a6103,account,7bfce8dc-dd74-4630-ae14-31f0b0505831,69f74f8c-1527-4633-9d8f-da80b03c9d70,2,100000001,100000002,2,1,4cae8e39-e278-419b-94aa-01f9ef63cd2c,2025-09-02T14:53:51Z,2025-09-02T18:53:51Z,2025-09-07T14:53:51Z,True,2025-09-02T16:08:44Z,False,,False,0.0,3.0,1,5,2025-09-03T16:44:24Z
3b2396c3-eeef-40b6-9adb-d746a220b2b8,CAS-00140-B9HDMB,Weight discrepancy: ORD-000844,1a43db54-523a-4993-8b34-46bc8ba435cc,account,7001b2c3-9aec-413f-8131-a28a98d21075,76889293-7b05-420c-b2de-0b8fb7d56234,2,100000000,100000001,2,1,0e108913-5aeb-4cd9-a56a-e9713fdfefe6,2024-07-25T03:45:09Z,2024-07-25T07:45:09Z,2024-07-30T03:45:09Z,True,2024-07-25T05:04:33Z,True,2024-07-28T21:45:09Z,False,0.0,4.0,1,5,2024-07-29T04:52:38Z
dbaef54b-0584-4e8d-84d8-4b34847d05f2,CAS-00141-8G38W3,Late delivery: ORD-000847,1a43db54-523a-4993-8b34-46bc8ba435cc,account,272789f2-46e0-4b2a-9be3-94349fe56238,17b10db8-a999-4f5d-9e9d-c8524424404b,2,100000001,100000002,2,1,0e108913-5aeb-4cd9-a56a-e9713fdfefe6,2025-01-10T22:13:35Z,2025-01-11T02:13:35Z,2025-01-15T22:13:35Z,True,2025-01-10T22:46:59Z,False,,True,0.0,,1,5,2025-01-11T13:02:10Z
5d444d1e-32dd-42c1-99f5-160044a77e63,CAS-00142-7WQ84M,Weight discrepancy: ORD-000855,4baf0f5e-a932-4094-93f2-8f11147f6570,account,cbf1b05e-fff0-49db-b14b-4ea2f3b30f17,ef8bffa8-ca58-4a54-a2a6-718eae23f4f8,2,100000000,100000001,2,1,7931db9d-7b28-4616-ab82-a35fc263b420,2024-11-17T22:57:39Z,2024-11-18T02:57:39Z,2024-11-22T22:57:39Z,True,2024-11-18T02:54:43Z,True,2024-11-21T16:57:39Z,True,131100000.0,1.0,1,5,2024-11-27T05:19:45Z
f2279e2b-b081-4b1f-ad9d-50ee894048ad,CAS-00143-U4D5YY,Quality / spec claim: ORD-000866,0eaf04b5-f2a9-4c8a-8a9e-4a62fae3114b,account,4ef60c52-fdfb-42b9-bd23-a169d99dff00,ce4e4057-84dd-4708-8b01-e1e68c5914e5,2,100000002,100000003,2,1,7931db9d-7b28-4616-ab82-a35fc263b420,2024-10-12T09:00:34Z,2024-10-12T13:00:34Z,2024-10-17T09:00:34Z,True,2024-10-12T10:23:44Z,False,,False,0.0,,1,5,2024-10-14T11:48:53Z
afd3dcea-3876-4066-8890-326b611ca198,CAS-00144-71HNBW,Damaged or rusted material: ORD-000871,0eaf04b5-f2a9-4c8a-8a9e-4a62fae3114b,account,50ee5ecc-63c8-4be8-8dd0-0e0697e235c3,4442bbe6-3d9c-4c3b-a69c-3f2230703cce,2,100000003,100000003,1,1,4cae8e39-e278-419b-94aa-01f9ef63cd2c,2025-11-13T05:12:17Z,2025-11-13T07:12:17Z,2025-11-15T05:12:17Z,True,2025-11-13T08:06:19Z,True,2025-11-14T17:12:17Z,True,1602300000.0,,1,5,2025-11-15T07:32:34Z
b6003c7e-3387-4f6d-a273-7dff81ade268,CAS-00145-GD8X8X,Weight discrepancy: ORD-000872,0eaf04b5-f2a9-4c8a-8a9e-4a62fae3114b,account,549f0377-7dcd-4822-8624-244317f1cde5,85d3042b-758a-4957-9194-4e4c2d1a06d6,2,100000000,100000001,2,2,4b30bd90-ff3f-4312-a47b-630f7d42a132,2025-11-23T19:12:40Z,2025-11-23T23:12:40Z,2025-11-28T19:12:40Z,True,2025-11-23T20:43:42Z,False,,True,159100000.0,4.0,1,5,2025-11-25T17:00:21Z
d5caf163-589c-4f6c-838b-9f765038f189,CAS-00146-P5TWY4,Late delivery: ORD-000879,67fd64c4-a334-458a-abd2-b5121335e5db,account,3ef763e2-be39-428e-b3f7-5a73e141ab38,f4a04c97-edea-4d25-aa49-a4c344c8dfd9,2,100000001,100000002,2,1,4cae8e39-e278-419b-94aa-01f9ef63cd2c,2025-08-12T18:04:35Z,2025-08-12T22:04:35Z,2025-08-17T18:04:35Z,True,2025-08-12T20:14:18Z,False,,False,0.0,,1,5,2025-08-13T08:45:59Z
1d3e1428-c033-4b7c-bc44-1f448e936160,CAS-00147-16SCWF,Weight discrepancy: ORD-000895,ad973b67-9b89-45cb-9942-644c248d31ec,account,c8368e05-2063-4b97-b437-2b0c3ea4da88,da823b1a-da2f-4e4e-9282-2835cb37a1a2,2,100000000,100000001,2,2,0e108913-5aeb-4cd9-a56a-e9713fdfefe6,2024-08-07T09:40:50Z,2024-08-07T13:40:50Z,2024-08-12T09:40:50Z,True,2024-08-07T12:11:53Z,False,,True,158300000.0,,1,5,2024-08-08T20:05:28Z
90e8d9ee-ab62-47e4-bf87-b5be3b3be313,CAS-00148-G83C8U,Late delivery: ORD-000898,20509c62-08e8-45d7-b02c-1821c8040fb7,account,f3df01ed-2889-41f1-b3b1-cd684261423b,a7eecd5a-9e7a-4997-9b86-47a8d46da621,2,100000001,100000002,2,1,0e108913-5aeb-4cd9-a56a-e9713fdfefe6,2024-11-01T20:36:34Z,2024-11-02T00:36:34Z,2024-11-06T20:36:34Z,True,2024-11-01T22:50:14Z,False,,False,0.0,,1,5,2024-11-02T13:33:38Z
cb417c9c-ee9c-4b0a-baf3-17f1f20d3d2a,CAS-00149-K8A2T8,Invoice dispute: ORD-000898,20509c62-08e8-45d7-b02c-1821c8040fb7,account,f3df01ed-2889-41f1-b3b1-cd684261423b,a7eecd5a-9e7a-4997-9b86-47a8d46da621,2,100000004,100000004,2,2,4cae8e39-e278-419b-94aa-01f9ef63cd2c,2024-11-09T00:46:58Z,2024-11-09T04:46:58Z,2024-11-14T00:46:58Z,True,2024-11-09T05:04:30Z,False,,False,0.0,4.0,1,5,2024-11-12T15:12:06Z
a0ed9ef0-b6e9-4d6b-a279-29be635b545b,CAS-00150-T8GW8B,Late delivery: ORD-000907,a52964ff-c74c-4890-bc6a-3174113634a5,account,2072f096-f83b-4c46-a6dc-f05dafa559e0,12349769-bdac-4b78-b6cf-fa839e196314,2,100000001,100000002,2,1,4cae8e39-e278-419b-94aa-01f9ef63cd2c,2025-07-14T15:29:50Z,2025-07-14T19:29:50Z,2025-07-19T15:29:50Z,True,2025-07-14T16:34:07Z,False,,True,0.0,4.0,1,5,2025-07-15T10:48:45Z
079fd05f-b590-488a-99bd-4e74d1e70bd8,CAS-00151-AQ0YAV,Mill certificate request: ORD-000909,a52964ff-c74c-4890-bc6a-3174113634a5,account,34a58acf-9d7b-4492-8942-f445c7b8d46a,e2fe9293-54b8-4ee2-913e-a665cd4c2f88,3,100000005,100000003,3,1,0e108913-5aeb-4cd9-a56a-e9713fdfefe6,2026-01-04T04:36:10Z,2026-01-04T12:36:10Z,2026-01-14T04:36:10Z,True,2026-01-04T04:48:02Z,False,,,0.0,5.0,1,1000,2026-01-04T20:17:55Z
5f3e699d-852b-4f9b-b8d6-65142735b632,CAS-00152-0414XB,Late delivery: ORD-000912,a52964ff-c74c-4890-bc6a-3174113634a5,account,0355823e-e934-4c65-a161-c0510e725f69,892850ee-30af-47aa-ade9-288127ac099a,2,100000001,100000002,2,1,0e108913-5aeb-4cd9-a56a-e9713fdfefe6,2026-03-22T06:27:34Z,2026-03-22T10:27:34Z,2026-03-27T06:27:34Z,True,2026-03-22T08:12:12Z,False,,True,0.0,4.0,1,5,2026-03-23T01:52:53Z
dd9172ed-0693-46c0-b3d8-5a41f60b6964,CAS-00153-3VYQU9,Late delivery: ORD-000916,f31046dc-6202-4ee6-9cb5-e69c5dc7b3e6,account,8337862e-5611-46fd-a742-d38342042ba3,7897fad0-9c4b-4324-9cb6-aec2303ed5b0,2,100000001,100000002,2,1,4cae8e39-e278-419b-94aa-01f9ef63cd2c,2025-03-09T13:56:41Z,2025-03-09T17:56:41Z,2025-03-14T13:56:41Z,True,2025-03-09T17:06:42Z,False,,False,0.0,,1,5,2025-03-11T00:18:28Z
2ab28b2f-6a2a-4e8d-b3fe-585c3ce9be2b,CAS-00154-K9HSDR,Late delivery: ORD-000919,f31046dc-6202-4ee6-9cb5-e69c5dc7b3e6,account,8fab0b3f-9d7a-4b84-b38c-22e40a62ef80,6ab0f9dc-30ea-46d8-bfc8-aaddeae51dd8,2,100000001,100000002,2,2,0e108913-5aeb-4cd9-a56a-e9713fdfefe6,2026-02-21T07:55:56Z,2026-02-21T11:55:56Z,2026-02-26T07:55:56Z,True,2026-02-21T09:29:02Z,False,,False,0.0,,1,5,2026-02-21T11:36:27Z
fb602de4-b657-4fec-a443-a3558c4f5126,CAS-00155-N3SSWL,Late delivery: ORD-000921,2747b93c-9ae7-4eab-884a-67809136f1f8,account,e1f176b0-df39-40c9-8a63-447c16fd8ca0,5cea8945-feb5-4485-9658-4b4494e16177,2,100000001,100000002,2,3,7931db9d-7b28-4616-ab82-a35fc263b420,2024-10-27T20:46:44Z,2024-10-28T00:46:44Z,2024-11-01T20:46:44Z,True,2024-10-27T23:56:54Z,False,,False,0.0,,1,5,2024-10-29T10:01:24Z
42152570-8367-4fb0-93c9-7504bd726fa0,CAS-00156-1P7YTE,Delivery change request: ORD-000921,2747b93c-9ae7-4eab-884a-67809136f1f8,account,e1f176b0-df39-40c9-8a63-447c16fd8ca0,5cea8945-feb5-4485-9658-4b4494e16177,3,100000006,100000002,2,3,4b30bd90-ff3f-4312-a47b-630f7d42a132,2024-10-26T03:16:52Z,2024-10-26T07:16:52Z,2024-10-31T03:16:52Z,True,2024-10-26T05:12:33Z,False,,,0.0,,1,1000,2024-10-26T10:16:40Z
661988b1-8045-43ea-9db2-94e186153e2f,CAS-00157-EZF0JA,Late delivery: ORD-000933,5df06e8c-878a-4ed9-a33f-fc8292ec89af,account,0e84b493-bf9c-4673-a5b0-e7a7d9c57eed,5725bee7-e419-4fad-86b1-d5aa83475b9d,2,100000001,100000002,2,1,4cae8e39-e278-419b-94aa-01f9ef63cd2c,2024-12-01T17:04:41Z,2024-12-01T21:04:41Z,2024-12-06T17:04:41Z,True,2024-12-01T17:50:07Z,False,,True,0.0,4.0,1,5,2024-12-02T05:27:02Z
83ea9108-6870-45af-8a2b-e09b3cb7378f,CAS-00158-A9EMGV,Quality / spec claim: ORD-000942,06a241af-1d0a-47f7-b5e4-a4713fe68c9c,account,b5ddaf31-f485-48d8-a161-e8166357bce6,815efc31-bddc-4507-beec-bdebc9211f84,2,100000002,100000003,2,2,4cae8e39-e278-419b-94aa-01f9ef63cd2c,2025-08-05T19:32:50Z,2025-08-05T23:32:50Z,2025-08-10T19:32:50Z,True,2025-08-05T21:16:02Z,True,2025-08-09T13:32:50Z,False,0.0,,1,5,2025-08-15T16:32:27Z
c079b896-11fb-4219-87eb-a5d0bc28a6da,CAS-00159-58BZX9,Quality / spec claim: ORD-000944,1e2595b8-8fc9-486b-a9dd-ebf563119aca,account,6ea4c5a6-5373-4c17-a4b3-6dbf087478c9,4e35f67c-c2f9-419c-9ccd-72d689e3c943,2,100000002,100000003,2,1,4b30bd90-ff3f-4312-a47b-630f7d42a132,2024-08-11T11:25:48Z,2024-08-11T15:25:48Z,2024-08-16T11:25:48Z,True,2024-08-11T11:56:21Z,False,,False,0.0,4.0,1,5,2024-08-13T10:49:47Z
03f98d51-98d4-439f-9a44-8e9057906e44,CAS-00160-NG7912,Weight discrepancy: ORD-000948,1e2595b8-8fc9-486b-a9dd-ebf563119aca,account,ac29187a-5000-4730-ba5c-687db2fba555,dacd0a29-140c-427d-8580-8d3ccf1f7527,2,100000000,100000001,2,3,4cae8e39-e278-419b-94aa-01f9ef63cd2c,2026-04-04T15:57:58Z,2026-04-04T19:57:58Z,2026-04-09T15:57:58Z,True,2026-04-04T18:17:32Z,False,,False,0.0,,1,5,2026-04-08T04:21:44Z
4e478003-4262-4a73-9054-3b7f5506b7eb,CAS-00161-S103UT,Late delivery: ORD-000948,1e2595b8-8fc9-486b-a9dd-ebf563119aca,account,ac29187a-5000-4730-ba5c-687db2fba555,dacd0a29-140c-427d-8580-8d3ccf1f7527,2,100000001,100000002,2,1,0e108913-5aeb-4cd9-a56a-e9713fdfefe6,2026-04-04T15:38:13Z,2026-04-04T19:38:13Z,2026-04-09T15:38:13Z,True,2026-04-04T15:55:46Z,False,,True,0.0,5.0,1,5,2026-04-05T11:14:43Z
997dd45b-5185-4ab2-b0ab-68f3b1ba8c1a,CAS-00162-V83AB9,Invoice dispute: ORD-000957,b43bd27f-42a2-49a6-8664-12854303cbc1,account,47219b6b-cc6a-4b4d-9b08-daf8309177ce,970b6f6b-0853-4e7c-b0b8-ac7e57011f88,2,100000004,100000004,2,2,4b30bd90-ff3f-4312-a47b-630f7d42a132,2026-03-17T18:47:50Z,2026-03-17T22:47:50Z,2026-03-22T18:47:50Z,True,2026-03-17T20:40:02Z,False,,False,0.0,,1,5,2026-03-19T21:35:15Z
e109a915-227b-4a92-a861-8472d687b04a,CAS-00163-043W3W,Late delivery: ORD-000979,4cc9f5f2-e42e-4037-8a55-2ea08acbbe09,account,7e315e39-5aa3-4464-82ef-bf8fd0de074d,cad041c3-f78a-4fae-969a-9df1f8931c6c,2,100000001,100000002,2,1,7931db9d-7b28-4616-ab82-a35fc263b420,2024-07-15T04:58:50Z,2024-07-15T08:58:50Z,2024-07-20T04:58:50Z,True,2024-07-15T06:11:03Z,False,,False,0.0,3.0,1,5,2024-07-16T23:30:29Z
85410232-de9d-4335-8773-39df7a573c28,CAS-00164-W7P15U,Invoice dispute: ORD-000982,4cc9f5f2-e42e-4037-8a55-2ea08acbbe09,account,9436ce27-d2be-4c36-b467-f95ae6c6e8c4,07ce07ac-d097-42c4-805d-bf5ac6c154ff,2,100000004,100000004,2,1,4cae8e39-e278-419b-94aa-01f9ef63cd2c,2025-06-01T05:54:27Z,2025-06-01T09:54:27Z,2025-06-06T05:54:27Z,True,2025-06-01T09:35:14Z,True,2025-06-04T23:54:27Z,False,0.0,3.0,1,5,2025-06-05T13:53:22Z
6ea9a724-ef80-4e28-9023-f43d3d93a9be,CAS-00165-TN0V63,Quality / spec claim: ORD-000984,4cc9f5f2-e42e-4037-8a55-2ea08acbbe09,account,fed45978-c9ce-42b2-a9ba-3f8c465e4f14,91194085-9925-4898-911f-f6188e1cbdaf,2,100000002,100000003,2,2,4cae8e39-e278-419b-94aa-01f9ef63cd2c,2025-11-23T15:05:53Z,2025-11-23T19:05:53Z,2025-11-28T15:05:53Z,True,2025-11-23T17:45:19Z,True,2025-11-27T09:05:53Z,False,0.0,1.0,1,5,2025-12-05T16:39:36Z
b60759ae-5986-4c63-b986-11a4254abfc8,CAS-00166-JFXP9W,Weight discrepancy: ORD-001012,68d0a2a8-c4e7-47dd-a929-de738693fd9d,account,080dab32-25bd-4f17-9c38-dc67d105ca4f,70417c84-c9bb-461e-89c1-af70b7df4829,2,100000000,100000001,2,2,0e108913-5aeb-4cd9-a56a-e9713fdfefe6,2025-08-05T20:15:25Z,2025-08-06T00:15:25Z,2025-08-10T20:15:25Z,True,2025-08-05T23:31:55Z,False,,True,273700000.0,4.0,1,5,2025-08-08T06:38:12Z
7ce78b9e-1843-4d43-b70c-5822b7e31595,CAS-00167-Y8WLVK,Late delivery: ORD-001022,12fc7a87-a470-4d48-9128-b9b1f8ede0ca,account,dd046e91-4890-406d-80a9-d7ceaec96fc9,d6dc7546-bbe1-40d6-9db8-3167f3250620,2,100000001,100000002,2,1,4b30bd90-ff3f-4312-a47b-630f7d42a132,2026-05-24T13:40:13Z,2026-05-24T17:40:13Z,2026-05-29T13:40:13Z,True,2026-05-24T14:33:10Z,False,,False,0.0,,1,5,2026-05-24T22:43:02Z
bdf04cf2-ad08-417f-bf68-96bb082261c0,CAS-00168-CN25GJ,Invoice dispute: ORD-001024,d43cdd6d-e0c1-4f1e-a0da-897258321ee4,account,da07d251-3f19-4c87-9b3d-de64817bb006,6e7c1c2d-0e2a-480a-af89-77cd6eb1506f,2,100000004,100000004,2,1,0e108913-5aeb-4cd9-a56a-e9713fdfefe6,2025-03-19T14:46:35Z,2025-03-19T18:46:35Z,2025-03-24T14:46:35Z,True,2025-03-19T16:04:47Z,False,,False,0.0,3.0,1,5,2025-03-20T16:33:27Z
1506271f-16e5-4665-ba71-6f284b240bc5,CAS-00169-B07Z1E,Mill certificate request: ORD-001024,d43cdd6d-e0c1-4f1e-a0da-897258321ee4,account,da07d251-3f19-4c87-9b3d-de64817bb006,6e7c1c2d-0e2a-480a-af89-77cd6eb1506f,3,100000005,100000003,3,2,0e108913-5aeb-4cd9-a56a-e9713fdfefe6,2025-03-09T01:29:47Z,2025-03-09T09:29:47Z,2025-03-19T01:29:47Z,True,2025-03-09T03:58:27Z,False,,,0.0,,1,1000,2025-03-09T08:53:47Z
6b786117-9d56-4561-a7a7-365e39eb766d,CAS-00170-1ZTPGV,Weight discrepancy: ORD-001039,21084dd9-f75d-4e3c-848d-56502e9522d6,account,8d009896-0d37-4c86-8e92-71071e2b655d,8ded677c-ced8-4366-9fb1-23fd4fb8112d,2,100000000,100000001,2,3,4cae8e39-e278-419b-94aa-01f9ef63cd2c,2026-03-28T19:51:42Z,2026-03-28T23:51:42Z,2026-04-02T19:51:42Z,True,2026-03-28T21:39:34Z,False,,False,0.0,,1,5,2026-03-30T19:52:51Z
e79a4af6-db4f-45c4-9d03-1c339e4b3ad3,CAS-00171-3EH5KA,Invoice dispute: ORD-001039,21084dd9-f75d-4e3c-848d-56502e9522d6,account,8d009896-0d37-4c86-8e92-71071e2b655d,8ded677c-ced8-4366-9fb1-23fd4fb8112d,2,100000004,100000004,2,1,4cae8e39-e278-419b-94aa-01f9ef63cd2c,2026-04-04T00:26:31Z,2026-04-04T04:26:31Z,2026-04-09T00:26:31Z,True,2026-04-04T02:37:14Z,False,,False,0.0,4.0,1,5,2026-04-05T21:12:04Z
e27a4e34-7a87-477b-a545-e2ae06cbc5e9,CAS-00172-VAK5HB,Weight discrepancy: ORD-001051,84a2576c-1fc9-45f8-94d6-07350e2f8958,account,6dafc50b-99b3-4f6c-acb4-a7d8c53eee4f,97d51b46-9ae2-4319-8be4-2b3ae3dc3421,2,100000000,100000001,2,3,0e108913-5aeb-4cd9-a56a-e9713fdfefe6,2026-06-23T12:04:45Z,2026-06-23T16:04:45Z,2026-06-28T12:04:45Z,True,2026-06-23T13:39:24Z,False,,True,184100000.0,5.0,1,5,2026-06-24T16:59:30Z
8267b27c-f89a-4b03-985f-f49eec69a64d,CAS-00173-J3MHLG,Late delivery: ORD-001051,84a2576c-1fc9-45f8-94d6-07350e2f8958,account,6dafc50b-99b3-4f6c-acb4-a7d8c53eee4f,97d51b46-9ae2-4319-8be4-2b3ae3dc3421,2,100000001,100000002,2,2,4b30bd90-ff3f-4312-a47b-630f7d42a132,2026-06-22T15:28:32Z,2026-06-22T19:28:32Z,2026-06-27T15:28:32Z,True,2026-06-22T18:04:21Z,False,,False,0.0,,1,5,2026-06-23T00:42:27Z
152cddea-5e2b-41f5-ac57-47998f41bd08,CAS-00174-S2UKTA,Weight discrepancy: ORD-001054,39b86bb2-b596-4a7c-af4a-fa885299e505,account,ae01a90f-dae4-4236-9a80-9472cdb503f2,39679e45-e1c9-439f-a033-4a7c50d2e5da,2,100000000,100000001,2,1,0e108913-5aeb-4cd9-a56a-e9713fdfefe6,2025-09-03T13:50:21Z,2025-09-03T17:50:21Z,2025-09-08T13:50:21Z,True,2025-09-03T14:36:20Z,False,,True,139900000.0,,1,5,2025-09-04T02:49:21Z
88139249-12ef-4922-a35f-9a17a99847f8,CAS-00175-GNH44V,Mill certificate request: ORD-001059,84d67c4f-f0df-4684-b28e-41225894f7f1,account,6b669e60-d5cc-4cea-90d6-d13b176fc3d8,605a2830-8162-4361-ba93-1050e29ccc3f,3,100000005,100000003,3,1,4cae8e39-e278-419b-94aa-01f9ef63cd2c,2025-06-07T11:27:47Z,2025-06-07T19:27:47Z,2025-06-17T11:27:47Z,True,2025-06-07T13:00:56Z,False,,,0.0,,1,1000,2025-06-08T16:51:37Z
afcb4fa5-e18f-4148-8c03-e3715f12cfe9,CAS-00176-74EBJ0,Invoice dispute: ORD-001063,143029a9-d88f-4c94-88b7-63d5e519dd7e,account,750658f4-6d36-49ed-8cd9-d59fd6da31f8,8d6ef2fe-10cc-4d30-9398-02f553907e40,2,100000004,100000004,2,3,7931db9d-7b28-4616-ab82-a35fc263b420,2025-06-18T03:05:25Z,2025-06-18T07:05:25Z,2025-06-23T03:05:25Z,True,2025-06-18T05:26:25Z,True,2025-06-21T21:05:25Z,True,649800000.0,2.0,1,5,2025-06-23T13:25:22Z
179a5957-bf26-4bed-afca-705f8d2fb160,CAS-00177-NA419K,Mill certificate request: ORD-001064,143029a9-d88f-4c94-88b7-63d5e519dd7e,account,d3ecea4e-fba3-49bf-9971-a776876d88f4,71472307-19e1-4415-bac7-d7d14e55c860,3,100000005,100000003,3,1,4b30bd90-ff3f-4312-a47b-630f7d42a132,2025-07-28T22:36:49Z,2025-07-29T06:36:49Z,2025-08-07T22:36:49Z,True,2025-07-28T23:34:30Z,False,,,0.0,,1,1000,2025-07-29T02:26:22Z
1a9a2d0b-7319-4bc0-a205-920a5e6d6722,CAS-00178-VV1PC7,Quality / spec claim: ORD-001065,f4d375c1-a293-49fa-b240-d7a14027ab7d,account,e7ea4c90-d678-4c0a-855a-60ee8f1469cb,0b575535-df51-4d84-8a15-57f516d9ac40,2,100000002,100000003,2,1,0e108913-5aeb-4cd9-a56a-e9713fdfefe6,2025-05-03T09:00:58Z,2025-05-03T13:00:58Z,2025-05-08T09:00:58Z,True,2025-05-03T10:29:47Z,False,,True,1391000000.0,4.0,1,5,2025-05-05T04:30:02Z
2cf23544-516e-44bc-8dbd-7e22eb04c108,CAS-00179-ZWHAK8,Damaged or rusted material: ORD-001070,a0017720-200b-4903-8642-6c458d03f17a,account,8a327bf7-c0ab-48d6-80d6-7611d541db43,623e4e3a-5b88-43f7-b62e-42acf06bd3c8,2,100000003,100000003,1,2,4b30bd90-ff3f-4312-a47b-630f7d42a132,2025-08-23T00:06:13Z,2025-08-23T02:06:13Z,2025-08-25T00:06:13Z,True,2025-08-23T01:48:26Z,True,2025-08-24T12:06:13Z,True,101600000.0,,1,5,2025-08-28T16:48:57Z
12b7d1b1-355d-4647-96b0-178eec22d857,CAS-00180-37HZKM,Mill certificate request: ORD-001077,17eaec83-8892-442f-9d4b-2bf94d85e9c7,account,8e0021ff-642b-41bf-aa29-f0f7fce0b894,617ffeb9-ab52-472f-953f-ce1289d8befe,3,100000005,100000003,3,3,4cae8e39-e278-419b-94aa-01f9ef63cd2c,2025-08-28T11:14:54Z,2025-08-28T19:14:54Z,2025-09-07T11:14:54Z,True,2025-08-28T13:50:54Z,False,,,0.0,,1,1000,2025-08-29T08:27:42Z
f36f71a1-0178-4e4f-a61a-aa91034154f3,CAS-00181-WPEK4B,Weight discrepancy: ORD-001079,9780c215-2b2b-48e9-a417-c09380a8a23d,account,b9113e31-d3fc-48b6-93bc-339486893e0f,c60d87be-40fb-4f2d-ac9e-0a8c5689c805,2,100000000,100000001,2,1,0e108913-5aeb-4cd9-a56a-e9713fdfefe6,2024-07-28T17:48:11Z,2024-07-28T21:48:11Z,2024-08-02T17:48:11Z,True,2024-07-28T18:19:44Z,False,,True,98700000.0,,1,5,2024-07-31T03:42:29Z
3f23683a-76a8-4c63-99d5-94dabc8ec8f6,CAS-00182-7H21YK,Late delivery: ORD-001083,2bd3cdcd-2779-4685-94a5-3fdef10d27c8,account,eba8a51d-c824-489a-a97a-347ec51bb264,1a880f9d-f752-4bb7-b313-ea3f0c6afe16,2,100000001,100000002,2,2,0e108913-5aeb-4cd9-a56a-e9713fdfefe6,2024-09-21T14:45:46Z,2024-09-21T18:45:46Z,2024-09-26T14:45:46Z,True,2024-09-21T16:25:45Z,False,,True,0.0,4.0,1,5,2024-09-22T14:49:04Z
4d14fe55-8f63-4ec8-affc-b7ca698cb6f4,CAS-00183-N98652,Mill certificate request: ORD-001083,2bd3cdcd-2779-4685-94a5-3fdef10d27c8,account,eba8a51d-c824-489a-a97a-347ec51bb264,1a880f9d-f752-4bb7-b313-ea3f0c6afe16,3,100000005,100000003,3,2,0e108913-5aeb-4cd9-a56a-e9713fdfefe6,2024-09-21T20:51:00Z,2024-09-22T04:51:00Z,2024-10-01T20:51:00Z,True,2024-09-21T22:46:43Z,False,,,0.0,,1,1000,2024-09-22T11:01:14Z
66cca22f-93fc-4187-836e-7b41c36d364a,CAS-00184-ZHPH4R,Weight discrepancy: ORD-001084,2bd3cdcd-2779-4685-94a5-3fdef10d27c8,account,8724f781-d669-44c5-ac73-bec8d9cb10e5,ee719d18-57e5-427c-a444-163ab91d43f9,2,100000000,100000001,2,1,4b30bd90-ff3f-4312-a47b-630f7d42a132,2025-06-19T16:31:43Z,2025-06-19T20:31:43Z,2025-06-24T16:31:43Z,True,2025-06-19T16:55:50Z,False,,False,0.0,3.0,1,5,2025-06-23T00:16:05Z
eab71fb1-56b6-4d0b-8144-d042bd429392,CAS-00185-RHJLVW,Damaged or rusted material: ORD-001085,2bd3cdcd-2779-4685-94a5-3fdef10d27c8,account,dcbac5c8-653d-49ea-b35a-664148161ddf,b58c0aaf-6ae3-45c4-9d82-43793a88244b,2,100000003,100000003,1,1,4cae8e39-e278-419b-94aa-01f9ef63cd2c,2025-08-14T00:41:23Z,2025-08-14T02:41:23Z,2025-08-16T00:41:23Z,True,2025-08-14T01:38:39Z,True,2025-08-15T12:41:23Z,False,0.0,1.0,1,5,2025-08-19T08:44:24Z
4e0badac-b1fc-4947-9c94-2c5c39ffb17e,CAS-00186-RLKA4H,Mill certificate request: ORD-001085,2bd3cdcd-2779-4685-94a5-3fdef10d27c8,account,dcbac5c8-653d-49ea-b35a-664148161ddf,b58c0aaf-6ae3-45c4-9d82-43793a88244b,3,100000005,100000003,3,1,4b30bd90-ff3f-4312-a47b-630f7d42a132,2025-08-10T16:28:41Z,2025-08-11T00:28:41Z,2025-08-20T16:28:41Z,True,2025-08-10T18:16:02Z,False,,,0.0,,1,1000,2025-08-15T02:23:49Z
6b6fa4ac-e97c-47b2-a8ba-2fdc2efbe65b,CAS-00187-FESQJQ,Quality / spec claim: ORD-001086,2bd3cdcd-2779-4685-94a5-3fdef10d27c8,account,ab14d59d-79db-4e37-964e-e0e50e3e7d75,060d8250-2cce-4c82-81f7-1558b83301dc,2,100000002,100000003,2,3,4b30bd90-ff3f-4312-a47b-630f7d42a132,2025-08-02T16:00:48Z,2025-08-02T20:00:48Z,2025-08-07T16:00:48Z,True,2025-08-02T17:44:34Z,True,2025-08-06T10:00:48Z,True,2439300000.0,4.0,1,5,2025-08-07T13:57:38Z
e832eee0-0534-4b12-bdf1-bbba087f3080,CAS-00188-SPQ6NW,Weight discrepancy: ORD-001116,ceae71cf-ce00-4af0-beb0-51817ba24588,account,8cb1779e-0a99-436d-a679-8c247149b77e,a87ae2ec-7015-4dd6-9b44-9c3cd7a1a582,2,100000000,100000001,2,1,4b30bd90-ff3f-4312-a47b-630f7d42a132,2025-06-26T04:05:05Z,2025-06-26T08:05:05Z,2025-07-01T04:05:05Z,True,2025-06-26T06:22:35Z,True,2025-06-29T22:05:05Z,True,275100000.0,,1,5,2025-06-30T01:46:44Z
29be1d9f-2de4-4ee3-b5a3-b633824139bb,CAS-00189-2GTWMJ,Weight discrepancy: ORD-001123,741b77f5-4c24-4053-a7f5-ae02af5b8f47,account,e082a7cd-f424-4dc8-b2c2-1aa12e6485eb,cf96fe1c-8ba1-4b61-8606-d2fa318a7c39,2,100000000,100000001,2,1,4cae8e39-e278-419b-94aa-01f9ef63cd2c,2026-01-15T11:12:47Z,2026-01-15T15:12:47Z,2026-01-20T11:12:47Z,True,2026-01-15T16:05:38Z,True,2026-01-19T05:12:47Z,False,0.0,2.0,1,5,2026-02-14T11:03:10Z
e5f004e4-4919-4ede-a77e-4d54f596f2cb,CAS-00190-1M01K8,Weight discrepancy: ORD-001133,76e5ae78-7bf7-41d3-aa66-2fce7089fc6d,account,d7ca9ab8-9ec1-442f-bdae-a7cbf84068a0,85f9ee6d-46e1-4748-8a66-8bee0a08e567,2,100000000,100000001,2,3,4cae8e39-e278-419b-94aa-01f9ef63cd2c,2026-01-10T14:57:24Z,2026-01-10T18:57:24Z,2026-01-15T14:57:24Z,True,2026-01-10T16:37:54Z,True,2026-01-14T08:57:24Z,True,221400000.0,,1,5,2026-01-14T18:33:59Z
bd5af08d-b111-4f44-966e-e616dfb7a141,CAS-00191-XCWJ51,Invoice dispute: ORD-001143,586a346a-dc5b-47d1-bcef-1972bbf483ce,account,51a1f175-4410-44dd-8077-aa2817469a68,55770279-ef68-4751-9709-669f8f52fc5a,2,100000004,100000004,2,1,4b30bd90-ff3f-4312-a47b-630f7d42a132,2024-09-07T08:31:51Z,2024-09-07T12:31:51Z,2024-09-12T08:31:51Z,True,2024-09-07T09:47:25Z,False,,True,684900000.0,3.0,1,5,2024-09-08T12:57:00Z
daf08676-11b3-4e93-bdfc-2139b869a3c3,CAS-00192-843D9Q,Late delivery: ORD-001150,1f5d988f-776a-4f09-bde2-885951b1943c,account,84ce9001-fa93-4192-bfdb-279309cb647a,afb96a01-309a-4164-915b-5269dc903d1c,2,100000001,100000002,2,1,4cae8e39-e278-419b-94aa-01f9ef63cd2c,2025-05-10T07:07:55Z,2025-05-10T11:07:55Z,2025-05-15T07:07:55Z,True,2025-05-10T09:16:28Z,False,,False,0.0,4.0,1,5,2025-05-10T19:11:32Z
5fbbd895-7ba8-467d-b415-f6490c3cbaa1,CAS-00193-J3DH8C,Late delivery: ORD-001159,f204be89-4a4b-4563-8cf4-77ef18c8a616,account,8fb1ac58-ff39-4008-8410-bc565fdde0de,c551896b-4f99-4ddd-8cf3-e2e8bef269b1,2,100000001,100000002,2,1,4cae8e39-e278-419b-94aa-01f9ef63cd2c,2024-10-10T14:57:58Z,2024-10-10T18:57:58Z,2024-10-15T14:57:58Z,True,2024-10-10T15:06:58Z,False,,False,0.0,,1,5,2024-10-11T07:17:52Z
1826011e-5b31-4930-b738-895e7d305771,CAS-00194-7706NV,Late delivery: ORD-001192,170d7507-05ee-41d4-bf53-a88e4efc8248,account,0eab3b99-0209-4b2f-9b44-ec5478121415,b370088f-a5b8-41a4-8f00-94f83ff93e01,2,100000001,100000002,2,1,4cae8e39-e278-419b-94aa-01f9ef63cd2c,2024-11-03T15:13:42Z,2024-11-03T19:13:42Z,2024-11-08T15:13:42Z,True,2024-11-03T16:45:00Z,False,,False,0.0,,1,5,2024-11-04T04:53:21Z
884067e3-2e25-491c-ae1d-e29c19c683bc,CAS-00195-83CC8P,Damaged or rusted material: ORD-001200,95560a2d-3713-4466-bda0-6476f778c676,account,e602163a-49ef-4146-a68f-7c1acced4c38,9975ad64-1817-4b59-8623-9582cafea982,2,100000003,100000003,1,3,4b30bd90-ff3f-4312-a47b-630f7d42a132,2025-09-21T20:35:34Z,2025-09-21T22:35:34Z,2025-09-23T20:35:34Z,True,2025-09-21T22:20:30Z,False,,True,530900000.0,5.0,1,5,2025-09-22T21:47:18Z
24d62e91-16e6-4af9-bb91-1e3326fe3829,CAS-00196-4VSUAY,Late delivery: ORD-001204,4806f804-0cf0-474c-8c74-dc0f5a575539,account,b9be6f81-2b42-4175-b57c-f62f5fbf371d,030dffca-7777-4b6b-8196-2b32561751fd,2,100000001,100000002,2,1,7931db9d-7b28-4616-ab82-a35fc263b420,2025-05-20T14:57:27Z,2025-05-20T18:57:27Z,2025-05-25T14:57:27Z,True,2025-05-20T21:46:48Z,False,,False,0.0,,1,5,2025-05-24T05:48:25Z
587e0521-22a0-49a3-9030-f69696fefbfe,CAS-00197-V97LM7,Delivery change request: ORD-001204,4806f804-0cf0-474c-8c74-dc0f5a575539,account,b9be6f81-2b42-4175-b57c-f62f5fbf371d,030dffca-7777-4b6b-8196-2b32561751fd,3,100000006,100000002,2,2,4b30bd90-ff3f-4312-a47b-630f7d42a132,2025-05-17T10:52:57Z,2025-05-17T14:52:57Z,2025-05-22T10:52:57Z,True,2025-05-17T12:51:52Z,False,,,0.0,5.0,1,1000,2025-05-17T14:19:20Z
10048f3e-fd78-4701-a2f3-2680fbe48eff,CAS-00198-PD1J16,Weight discrepancy: ORD-001211,4806f804-0cf0-474c-8c74-dc0f5a575539,account,94947430-5da3-4f0a-9aaa-507f19c9dcd0,e0a1ba58-c3f7-454c-aa61-5f575e286601,2,100000000,100000001,2,1,0e108913-5aeb-4cd9-a56a-e9713fdfefe6,2026-06-08T10:17:16Z,2026-06-08T14:17:16Z,2026-06-13T10:17:16Z,True,2026-06-08T11:17:03Z,False,,True,156700000.0,5.0,1,5,2026-06-09T18:03:15Z
c81157c6-74aa-4943-9ccc-4c9400c66963,CAS-00199-NJA8WC,Late delivery: ORD-001211,4806f804-0cf0-474c-8c74-dc0f5a575539,account,94947430-5da3-4f0a-9aaa-507f19c9dcd0,e0a1ba58-c3f7-454c-aa61-5f575e286601,2,100000001,100000002,2,2,4b30bd90-ff3f-4312-a47b-630f7d42a132,2026-06-06T15:25:59Z,2026-06-06T19:25:59Z,2026-06-11T15:25:59Z,True,2026-06-06T17:13:08Z,False,,True,0.0,,1,5,2026-06-07T17:57:40Z
ab0c595d-f76a-425c-871f-bdcc2b454607,CAS-00200-BK9CCJ,Mill certificate request: ORD-001220,4926ce5f-7878-4140-ac2a-4f71a77d95f1,account,3ca2f5bc-2c6d-49ff-bfbf-f5a8243eaa56,b262196a-40f5-4052-81c1-39619bff1538,3,100000005,100000003,3,1,4b30bd90-ff3f-4312-a47b-630f7d42a132,2026-03-18T06:18:34Z,2026-03-18T14:18:34Z,2026-03-28T06:18:34Z,True,2026-03-18T07:37:07Z,False,,,0.0,3.0,1,1000,2026-03-18T19:53:11Z
0b7ed55c-f2ee-4fd8-8725-34eff04688bf,CAS-00201-PQ28PL,Invoice dispute: ORD-001231,5cce5ba9-31d4-4e09-8fd3-3afc91fdfa4f,account,f855da68-b9e1-4531-8d9b-dac8aa78eb46,8d4a8394-a44f-418b-9ab9-c349be2c5e13,2,100000004,100000004,2,1,7931db9d-7b28-4616-ab82-a35fc263b420,2025-01-22T21:02:41Z,2025-01-23T01:02:41Z,2025-01-27T21:02:41Z,True,2025-01-23T02:05:13Z,True,2025-01-26T15:02:41Z,True,134600000.0,,1,5,2025-01-27T10:48:32Z
ca84f0f6-5c71-4fc3-aefd-cec3db1d374f,CAS-00202-7J3RK1,Invoice dispute: ORD-001235,62e7c1a6-12d2-4a06-89e1-cd138da00495,account,1f5491c9-6b2e-4435-bb7d-64c7d092483f,2ff4272a-128f-4aca-b637-9f37d0455fa3,2,100000004,100000004,2,2,7931db9d-7b28-4616-ab82-a35fc263b420,2024-11-13T02:31:04Z,2024-11-13T06:31:04Z,2024-11-18T02:31:04Z,True,2024-11-13T04:18:34Z,True,2024-11-16T20:31:04Z,False,0.0,,1,5,2024-11-19T23:52:51Z
60290b38-fb89-462a-ac7c-2b2163ef922b,CAS-00203-H3E46W,Mill certificate request: ORD-001238,20f0156a-1e6a-4628-9c6d-52d5ae2e9af9,account,e16a3a50-d952-4faa-97c6-0d4d26f82533,5d717c43-26ac-46ac-9ac6-2c5bb6ab1497,3,100000005,100000003,3,1,7931db9d-7b28-4616-ab82-a35fc263b420,2024-07-20T22:32:50Z,2024-07-21T06:32:50Z,2024-07-30T22:32:50Z,True,2024-07-21T01:43:15Z,False,,,0.0,,1,1000,2024-07-22T04:22:35Z
b82b0f7f-f989-474f-a873-8857a5b8e5ac,CAS-00204-K24QSR,Late delivery: ORD-001246,24eeb4a6-c145-45c7-9d98-6115f05eeefe,account,76cc168e-5ef3-457a-9dc9-c99d7b7201c1,19a28336-f3e3-49e8-89ca-846610251803,2,100000001,100000002,2,2,4cae8e39-e278-419b-94aa-01f9ef63cd2c,2024-11-24T14:28:13Z,2024-11-24T18:28:13Z,2024-11-29T14:28:13Z,True,2024-11-24T17:24:19Z,False,,True,0.0,,1,5,2024-11-25T19:10:07Z
142f7e93-5744-453e-952f-010769dea9d1,CAS-00205-7KUM95,Quality / spec claim: ORD-001246,24eeb4a6-c145-45c7-9d98-6115f05eeefe,account,76cc168e-5ef3-457a-9dc9-c99d7b7201c1,19a28336-f3e3-49e8-89ca-846610251803,2,100000002,100000003,2,2,4b30bd90-ff3f-4312-a47b-630f7d42a132,2024-11-27T20:17:55Z,2024-11-28T00:17:55Z,2024-12-02T20:17:55Z,True,2024-11-27T22:22:53Z,True,2024-12-01T14:17:55Z,False,0.0,1.0,1,5,2024-12-04T05:31:17Z
13531b4c-2661-4b73-a5fe-376cbc58d602,CAS-00206-WANVJY,Damaged or rusted material: ORD-001252,66c14dca-8255-4a61-9a3b-031932f57510,account,de6a4c5b-616e-426f-8982-33d21a164704,91719ce2-415e-4db2-86c3-64014a301eef,2,100000003,100000003,1,3,0e108913-5aeb-4cd9-a56a-e9713fdfefe6,2025-09-13T04:56:45Z,2025-09-13T06:56:45Z,2025-09-15T04:56:45Z,True,2025-09-13T06:48:37Z,False,,True,2277700000.0,,1,5,2025-09-13T17:48:00Z
c4ca8590-de76-40be-902c-26d4fac105eb,CAS-00207-229ZM4,Mill certificate request: ORD-001261,cdd0b4d4-5542-47de-b6ad-f48b2314d0c8,account,5ff5e611-e27f-4d87-9fdb-792fa1d03f2d,3cc38ef5-632c-4898-8590-605f6a070765,3,100000005,100000003,3,1,7931db9d-7b28-4616-ab82-a35fc263b420,2025-04-12T04:03:05Z,2025-04-12T12:03:05Z,2025-04-22T04:03:05Z,True,2025-04-12T04:35:26Z,False,,,0.0,5.0,1,1000,2025-04-12T17:18:23Z
d0c04007-e262-40c1-9bd4-a26e3e57cffc,CAS-00208-FHC1XQ,Damaged or rusted material: ORD-001263,cdd0b4d4-5542-47de-b6ad-f48b2314d0c8,account,23ab098e-db88-4ee8-be47-bbad7b45206a,34dab140-f693-4205-ab3e-a2537559f34c,2,100000003,100000003,1,3,4cae8e39-e278-419b-94aa-01f9ef63cd2c,2025-10-22T22:37:18Z,2025-10-23T00:37:18Z,2025-10-24T22:37:18Z,True,2025-10-23T00:20:38Z,False,,False,0.0,,1,5,2025-10-23T21:57:43Z
506fe085-7a8f-4638-957c-43f12f940183,CAS-00209-WA0W9Q,Mill certificate request: ORD-001264,cdd0b4d4-5542-47de-b6ad-f48b2314d0c8,account,78dd8f9d-9f08-4ae6-a838-61cbdc363940,ff3ac939-7248-4cb7-8309-ba732ac25f35,3,100000005,100000003,3,3,0e108913-5aeb-4cd9-a56a-e9713fdfefe6,2026-04-06T14:36:45Z,2026-04-06T22:36:45Z,2026-04-16T14:36:45Z,True,2026-04-06T16:03:30Z,False,,,0.0,4.0,1,1000,2026-04-07T13:58:10Z
b33cf8c1-d20a-44e7-a282-8a9bf7a0fa48,CAS-00210-BGNXD6,Mill certificate request: ORD-001266,2620f9a9-74fd-43d1-84f2-fd0f79474bfa,account,929a48a6-2c27-4aa7-ba16-ed4c5be067b0,91478306-d035-4493-a50c-6e0260735919,3,100000005,100000003,3,1,4b30bd90-ff3f-4312-a47b-630f7d42a132,2025-02-11T19:06:43Z,2025-02-12T03:06:43Z,2025-02-21T19:06:43Z,True,2025-02-11T19:28:07Z,False,,,0.0,5.0,1,1000,2025-02-13T00:49:29Z
215199d0-3f94-4f7e-b08f-b5696faebb41,CAS-00211-RX2XBB,Invoice dispute: ORD-001268,2620f9a9-74fd-43d1-84f2-fd0f79474bfa,account,95fb706a-72f5-4438-947e-7ece96e756ab,b1665c16-7a56-4250-8ac8-d774bdc9df18,2,100000004,100000004,2,2,7931db9d-7b28-4616-ab82-a35fc263b420,2025-12-15T07:26:09Z,2025-12-15T11:26:09Z,2025-12-20T07:26:09Z,True,2025-12-15T10:55:03Z,True,2025-12-19T01:26:09Z,False,0.0,2.0,1,5,2025-12-25T07:08:28Z
8d1c8e0b-ef1e-42e0-82b1-c455682738e4,CAS-00212-8CAQYU,Mill certificate request: ORD-001272,9dd2f9de-fd98-4e33-a498-abe92999bbef,account,47602625-6342-4afa-b03f-5b46a3c686e7,b6c51416-1d85-45ae-a8b1-5a2b048f3629,3,100000005,100000003,3,1,7931db9d-7b28-4616-ab82-a35fc263b420,2024-08-31T19:00:22Z,2024-09-01T03:00:22Z,2024-09-10T19:00:22Z,True,2024-08-31T22:59:33Z,False,,,0.0,4.0,1,1000,2024-09-01T09:53:35Z
4624bcdf-28e4-4836-84f4-5f87620959f3,CAS-00213-0PCH48,Delivery change request: ORD-001287,901bcdef-b56f-48ce-bd66-971e88476c56,account,b9856fa7-22a3-44c3-a3f3-d14f8b197faa,a60829ad-34bc-4a19-8d80-3d0ace36acdc,3,100000006,100000002,2,1,4b30bd90-ff3f-4312-a47b-630f7d42a132,2025-08-14T09:30:17Z,2025-08-14T13:30:17Z,2025-08-19T09:30:17Z,True,2025-08-14T11:05:38Z,False,,,0.0,5.0,1,1000,2025-08-14T11:35:38Z
89ac10cb-75d9-4771-8ddb-3fc8bc0ce7e7,CAS-00214-D9YVCL,Delivery change request: ORD-001292,044251db-d0d4-4a67-b992-8faa4cbf131d,account,dec789ca-8e81-4ce0-95ef-43cbcee44ebb,30b2313d-a5a0-4b38-b3c1-461fc8587836,3,100000006,100000002,2,2,4b30bd90-ff3f-4312-a47b-630f7d42a132,2025-12-28T17:45:38Z,2025-12-28T21:45:38Z,2026-01-02T17:45:38Z,True,2025-12-28T21:28:01Z,False,,,0.0,,1,1000,2025-12-29T01:34:53Z
4ae5a653-71e3-4bac-b37e-9b079217a879,CAS-00215-X717JE,Weight discrepancy: ORD-001296,4ec3f970-956d-40e4-aaa2-6216fada98f5,account,6eb3db2c-adfe-4114-9603-a2497b8a7083,38ff2a2e-e385-4adc-b8d2-3d4783d422f4,2,100000000,100000001,2,1,0e108913-5aeb-4cd9-a56a-e9713fdfefe6,2025-09-28T19:06:57Z,2025-09-28T23:06:57Z,2025-10-03T19:06:57Z,True,2025-09-28T19:57:18Z,False,,True,72800000.0,,1,5,2025-09-30T12:09:23Z
cb20973b-7e9e-4373-97f4-734174a54026,CAS-00216-4D2L18,Weight discrepancy: ORD-001301,df41e335-b9ae-48e4-a615-99c8cbf81f86,account,57c0c8ab-1fb0-4cba-992f-436b9ee7deff,ce1e1cee-98ea-4ac2-b49c-f8165f94ce2d,2,100000000,100000001,2,3,0e108913-5aeb-4cd9-a56a-e9713fdfefe6,2025-08-25T17:21:02Z,2025-08-25T21:21:02Z,2025-08-30T17:21:02Z,True,2025-08-25T19:38:24Z,False,,True,552300000.0,5.0,1,5,2025-08-27T02:01:22Z
0ee16380-c833-4358-a42b-23f6b7050dc6,CAS-00217-YJ0TUT,Quality / spec claim: ORD-001301,df41e335-b9ae-48e4-a615-99c8cbf81f86,account,57c0c8ab-1fb0-4cba-992f-436b9ee7deff,ce1e1cee-98ea-4ac2-b49c-f8165f94ce2d,2,100000002,100000003,2,3,4b30bd90-ff3f-4312-a47b-630f7d42a132,2025-08-30T12:31:21Z,2025-08-30T16:31:21Z,2025-09-04T12:31:21Z,True,2025-08-30T17:39:35Z,True,2025-09-03T06:31:21Z,True,3849900000.0,,1,5,2025-10-04T00:24:26Z
60bf3e1c-081c-48bc-bec2-b9b4b0203e77,CAS-00218-G3PRNF,Mill certificate request: ORD-001302,df41e335-b9ae-48e4-a615-99c8cbf81f86,account,504f1b83-9b43-4b3d-989f-56a000648e70,f3143240-a431-4d37-8800-6be66b1b8812,3,100000005,100000003,3,2,0e108913-5aeb-4cd9-a56a-e9713fdfefe6,2025-08-23T18:35:31Z,2025-08-24T02:35:31Z,2025-09-02T18:35:31Z,True,2025-08-23T22:48:41Z,False,,,0.0,5.0,1,1000,2025-08-27T20:38:59Z
730bd7eb-df7a-426f-8cdb-b1c43870b339,CAS-00219-8CSYNM,Late delivery: ORD-001307,98cf1188-06d2-4913-a117-3719b023a0ea,account,dd4835b7-1508-4d35-b04a-b92272083910,b7718266-2c1a-45d4-b00b-e80b090abe19,2,100000001,100000002,2,1,4cae8e39-e278-419b-94aa-01f9ef63cd2c,2025-04-14T13:31:40Z,2025-04-14T17:31:40Z,2025-04-19T13:31:40Z,True,2025-04-14T15:32:07Z,False,,False,0.0,,1,5,2025-04-15T10:44:37Z
a11f5ddb-51e4-45ad-bd99-253490fc0166,CAS-00220-RNY8FK,Quality / spec claim: ORD-001311,a7d4cf50-f791-41e5-83f9-cd6b797ebe87,account,30059598-ef2b-41a1-8eb1-741e52291d35,0712a9e7-ad48-4c4f-a79b-babfecf5a774,2,100000002,100000003,2,1,4cae8e39-e278-419b-94aa-01f9ef63cd2c,2025-01-26T15:32:33Z,2025-01-26T19:32:33Z,2025-01-31T15:32:33Z,True,2025-01-26T16:44:39Z,True,2025-01-30T09:32:33Z,True,1365400000.0,,1,5,2025-02-03T03:13:08Z
f86738c4-8e30-4c3e-bb05-3cf86e58609c,CAS-00221-P54UHU,Weight discrepancy: ORD-001316,a7d4cf50-f791-41e5-83f9-cd6b797ebe87,account,34cb2744-f419-4217-aafd-c1cdbfd4be2c,c50a49dc-3bc1-482e-ad9f-4c1b04aceca8,2,100000000,100000001,2,2,4cae8e39-e278-419b-94aa-01f9ef63cd2c,2026-03-02T15:43:35Z,2026-03-02T19:43:35Z,2026-03-07T15:43:35Z,True,2026-03-02T19:52:16Z,True,2026-03-06T09:43:35Z,True,252700000.0,4.0,1,5,2026-03-06T18:05:27Z
f06a30ed-c727-4e9f-9449-a659abe5a824,CAS-00222-B70ZK6,Late delivery: ORD-001320,a7d4cf50-f791-41e5-83f9-cd6b797ebe87,account,9dcda0ac-b0d8-4db9-bbb0-5f90e228daae,07abefd0-922b-4399-bd86-d32381f44c3d,2,100000001,100000002,2,3,4b30bd90-ff3f-4312-a47b-630f7d42a132,2026-06-20T13:04:08Z,2026-06-20T17:04:08Z,2026-06-25T13:04:08Z,True,2026-06-20T16:47:18Z,False,,False,0.0,2.0,1,5,2026-06-20T23:22:05Z
c72d4918-3fea-489e-b038-7378304879b5,CAS-00223-4F9A2W,Weight discrepancy: ORD-001324,9416e4dc-c6b2-4def-b8d8-b7f1c86c6544,account,72b275c8-ed5b-4df4-8ae3-4e6dd813c458,0c6c1dc8-9cae-479a-8a87-4cf71a0d3bee,2,100000000,100000001,2,1,4cae8e39-e278-419b-94aa-01f9ef63cd2c,2025-05-25T14:24:13Z,2025-05-25T18:24:13Z,2025-05-30T14:24:13Z,True,2025-05-25T16:59:38Z,True,2025-05-29T08:24:13Z,False,0.0,,1,5,2025-05-30T02:45:51Z
5f183308-fd3f-498a-81f0-eb4893e86f1e,CAS-00224-EBSMJN,Invoice dispute: ORD-001330,9416e4dc-c6b2-4def-b8d8-b7f1c86c6544,account,5fc0f5cc-0acc-406f-ac09-2276f985bb7a,2a813e62-b0e5-49ba-a0f5-660ec5e231f9,2,100000004,100000004,2,1,0e108913-5aeb-4cd9-a56a-e9713fdfefe6,2026-06-15T13:51:50Z,2026-06-15T17:51:50Z,2026-06-20T13:51:50Z,True,2026-06-15T14:32:25Z,True,2026-06-19T07:51:50Z,False,0.0,2.0,1,5,2026-06-22T04:54:04Z
b887b1b0-8328-4679-b31f-af59fd7c37c5,CAS-00225-VHYGXG,Damaged or rusted material: ORD-001342,9293f705-0815-4147-be00-980eae441e21,account,0ccff45b-3a58-42f0-a84d-33c0e50406fc,ea1e210b-6663-4ad4-9c81-c493927c7b87,2,100000003,100000003,1,3,0e108913-5aeb-4cd9-a56a-e9713fdfefe6,2025-06-03T16:11:37Z,2025-06-03T18:11:37Z,2025-06-05T16:11:37Z,True,2025-06-03T18:32:56Z,False,,True,122600000.0,5.0,1,5,2025-06-04T13:01:00Z
5ea08af6-c447-49eb-a348-dae3c2d9222f,CAS-00226-2RJG1K,Weight discrepancy: ORD-001352,6b352f85-504e-4687-b0e7-e75604d9145e,account,a4617393-7a8f-474f-b9e3-cdd383875b58,e4603a9b-3556-4911-8039-13544feec4e6,2,100000000,100000001,2,1,4b30bd90-ff3f-4312-a47b-630f7d42a132,2024-10-11T22:26:50Z,2024-10-12T02:26:50Z,2024-10-16T22:26:50Z,True,2024-10-12T00:20:28Z,False,,False,0.0,5.0,1,5,2024-10-13T17:36:57Z
f33f5233-1244-44d4-a0ac-4b5845c7fea3,CAS-00227-JC5CYY,Damaged or rusted material: ORD-001406,4c6a70f4-8ede-444d-876c-f68c3f1be0d0,account,07eeb464-f26b-4378-a71d-5a6ebc4633e3,ab9e991c-b53a-4e71-845c-55350b047ce6,2,100000003,100000003,1,3,7931db9d-7b28-4616-ab82-a35fc263b420,2024-12-14T08:47:19Z,2024-12-14T10:47:19Z,2024-12-16T08:47:19Z,True,2024-12-14T21:58:50Z,False,,True,1092400000.0,,1,5,2024-12-15T15:24:57Z
92b4adf1-8353-462f-94ea-1337caeecf10,CAS-00228-HZ42BC,Weight discrepancy: ORD-001408,4c6a70f4-8ede-444d-876c-f68c3f1be0d0,account,6f29912f-3820-41ee-80ec-9072af34e315,4a96ba53-344f-4515-986e-6bcf1998b0c7,2,100000000,100000001,2,1,4b30bd90-ff3f-4312-a47b-630f7d42a132,2025-05-18T20:55:22Z,2025-05-19T00:55:22Z,2025-05-23T20:55:22Z,True,2025-05-18T21:29:54Z,False,,True,493900000.0,,1,5,2025-05-20T06:44:38Z
534a43b2-97d0-41f3-9ab5-d93343970136,CAS-00229-C8E61F,Delivery change request: ORD-001408,4c6a70f4-8ede-444d-876c-f68c3f1be0d0,account,6f29912f-3820-41ee-80ec-9072af34e315,4a96ba53-344f-4515-986e-6bcf1998b0c7,3,100000006,100000002,2,3,0e108913-5aeb-4cd9-a56a-e9713fdfefe6,2025-05-15T08:17:09Z,2025-05-15T12:17:09Z,2025-05-20T08:17:09Z,True,2025-05-15T13:12:49Z,False,,,0.0,4.0,1,1000,2025-05-15T16:41:03Z
f47ed908-689b-4817-80d9-12b5dee3cbef,CAS-00230-A7B1DM,Quality / spec claim: ORD-001410,fb756923-f910-4bb3-b105-32523990e2c9,account,14c70902-ed8b-4753-9c65-45c5f478a411,68f292a9-717c-4e02-aa73-338a56123749,2,100000002,100000003,2,1,0e108913-5aeb-4cd9-a56a-e9713fdfefe6,2025-04-27T07:23:53Z,2025-04-27T11:23:53Z,2025-05-02T07:23:53Z,True,2025-04-27T08:07:15Z,True,2025-05-01T01:23:53Z,True,2524100000.0,3.0,1,5,2025-05-02T19:49:17Z
91c49c37-afa5-4cbd-8f34-7efb6f667044,CAS-00231-EC056H,Late delivery: ORD-001415,b4746349-49fc-4cd8-856b-ad4c4c3077c4,account,32bc3dea-b5eb-43b7-8940-1787dfac31e4,dd497c3d-1338-4282-94c6-59824c216b85,2,100000001,100000002,2,1,4b30bd90-ff3f-4312-a47b-630f7d42a132,2024-08-17T06:49:53Z,2024-08-17T10:49:53Z,2024-08-22T06:49:53Z,True,2024-08-17T08:31:07Z,False,,True,0.0,5.0,1,5,2024-08-18T13:47:50Z
9e3c2753-c549-47fa-838e-2e065f17166c,CAS-00232-L3NCPW,Weight discrepancy: ORD-001421,7d2f4e58-b47a-4c5b-b0b3-901535102852,account,7f5c9d70-26a1-4c2e-a145-cec278893f47,7cbf84a9-f69c-420a-ae1e-aa8e157dd570,2,100000000,100000001,2,2,4cae8e39-e278-419b-94aa-01f9ef63cd2c,2025-06-29T19:12:36Z,2025-06-29T23:12:36Z,2025-07-04T19:12:36Z,True,2025-06-29T21:19:39Z,False,,False,0.0,3.0,1,5,2025-07-03T08:09:21Z
ebf1d26a-954f-4695-a885-034809710cf3,CAS-00233-FS20N2,Late delivery: ORD-001434,e5508ea2-6133-434d-8b0e-8eb1ad371d9e,account,1a8ada9f-62ab-43e9-8ed1-1847e3e31f7d,36b6bfe5-b1d7-4c36-afd9-4d463cdee6da,2,100000001,100000002,2,1,7931db9d-7b28-4616-ab82-a35fc263b420,2024-07-16T09:19:29Z,2024-07-16T13:19:29Z,2024-07-21T09:19:29Z,True,2024-07-16T09:50:09Z,False,,True,0.0,,1,5,2024-07-17T05:22:09Z
50da7eaf-06fd-4dc3-beba-9ea95ffccd11,CAS-00234-77LALU,Damaged or rusted material: ORD-001438,e5508ea2-6133-434d-8b0e-8eb1ad371d9e,account,fbd9bfc3-b7af-4b80-9198-8f257b64a6ea,3b3cb57e-7f47-4391-bc39-0bfe47b481ed,2,100000003,100000003,1,1,4cae8e39-e278-419b-94aa-01f9ef63cd2c,2025-09-13T05:39:57Z,2025-09-13T07:39:57Z,2025-09-15T05:39:57Z,True,2025-09-13T07:23:37Z,True,2025-09-14T17:39:57Z,True,447900000.0,,1,5,2025-09-20T04:38:51Z
b571fb92-7d02-4a04-9ecb-b6e910561f95,CAS-00235-SCFN3B,Mill certificate request: ORD-001438,e5508ea2-6133-434d-8b0e-8eb1ad371d9e,account,fbd9bfc3-b7af-4b80-9198-8f257b64a6ea,3b3cb57e-7f47-4391-bc39-0bfe47b481ed,3,100000005,100000003,3,2,0e108913-5aeb-4cd9-a56a-e9713fdfefe6,2025-09-09T08:46:00Z,2025-09-09T16:46:00Z,2025-09-19T08:46:00Z,True,2025-09-09T12:53:24Z,False,,,0.0,,1,1000,2025-09-12T03:27:24Z
0d290ead-c0f6-44b5-b45c-0ac3d8d349e8,CAS-00236-QW26NV,Quality / spec claim: ORD-001460,bf519362-41a6-4fed-a7ed-c8d8713f8f8c,account,dea5d321-8bda-4cf3-9b35-fbef3976efe2,d7d25106-ab89-48c6-a8e4-be521bc22038,2,100000002,100000003,2,2,4cae8e39-e278-419b-94aa-01f9ef63cd2c,2025-04-19T12:12:10Z,2025-04-19T16:12:10Z,2025-04-24T12:12:10Z,True,2025-04-19T16:49:03Z,True,2025-04-23T06:12:10Z,False,0.0,,1,5,2025-04-23T17:29:59Z
ecc8c60f-dfeb-4644-ba7e-1048b5ee344a,CAS-00237-VKGLLD,Damaged or rusted material: ORD-001460,bf519362-41a6-4fed-a7ed-c8d8713f8f8c,account,dea5d321-8bda-4cf3-9b35-fbef3976efe2,d7d25106-ab89-48c6-a8e4-be521bc22038,2,100000003,100000003,1,1,4cae8e39-e278-419b-94aa-01f9ef63cd2c,2025-04-21T18:21:56Z,2025-04-21T20:21:56Z,2025-04-23T18:21:56Z,True,2025-04-21T20:11:13Z,False,,True,744700000.0,,1,5,2025-04-23T06:05:16Z
d0ed6a4f-f102-4193-8571-35d0a832a7f1,CAS-00238-K96YLZ,Late delivery: ORD-001470,1bf645f6-2324-4211-8588-fc1bb2384849,account,cfa933d5-4739-40c8-87ed-14ef1de31ff7,7b031d27-7bce-4ec3-8965-8ca8e5fce58a,2,100000001,100000002,2,3,4cae8e39-e278-419b-94aa-01f9ef63cd2c,2026-03-25T12:57:01Z,2026-03-25T16:57:01Z,2026-03-30T12:57:01Z,True,2026-03-25T14:30:00Z,False,,False,0.0,,1,5,2026-03-27T08:13:56Z
62a42822-4583-440b-b1ec-60960f9b7a77,CAS-00239-01P6UZ,Late delivery: ORD-001471,3d4196fe-963a-4617-bdab-07e79d9d028e,account,69cbc7c8-9ab2-4baa-8663-371242537e65,1aba9d6b-9563-44ef-ac9c-2c8ee614d1b5,2,100000001,100000002,2,3,4cae8e39-e278-419b-94aa-01f9ef63cd2c,2024-09-14T10:10:22Z,2024-09-14T14:10:22Z,2024-09-19T10:10:22Z,True,2024-09-14T14:09:53Z,False,,True,0.0,4.0,1,5,2024-09-15T15:36:11Z
78359b69-39de-42db-b3a6-84620594f790,CAS-00240-LMUH1L,Quality / spec claim: ORD-001475,3d4196fe-963a-4617-bdab-07e79d9d028e,account,0fff731d-eea9-4e6f-9cd3-8419783f3d47,ad058d15-79ec-41d5-ae5c-0b62f0b789ef,2,100000002,100000003,2,1,4cae8e39-e278-419b-94aa-01f9ef63cd2c,2025-12-07T14:33:18Z,2025-12-07T18:33:18Z,2025-12-12T14:33:18Z,True,2025-12-07T15:51:44Z,True,2025-12-11T08:33:18Z,False,0.0,2.0,1,5,2025-12-12T14:48:27Z
593b47c5-1d6a-47d9-9a58-02d5451bd3a1,CAS-00241-TN7K3F,Quality / spec claim: ORD-001485,3b9b2d45-a350-45e4-b9c5-9df987f255d6,account,760f0126-7b15-4c15-a35a-c0101d3821ce,06d8e837-f845-4569-82ed-7316eaac3b3b,2,100000002,100000003,2,1,0e108913-5aeb-4cd9-a56a-e9713fdfefe6,2024-11-24T19:37:51Z,2024-11-24T23:37:51Z,2024-11-29T19:37:51Z,True,2024-11-24T21:03:13Z,False,,True,640700000.0,,1,5,2024-11-28T05:01:14Z
cb6a52c8-7e82-44f6-ad4d-c6dadbcd60b9,CAS-00242-WH2J3S,Weight discrepancy: ORD-001502,e1721c83-ef5e-4376-a723-fb72682b163a,account,38750319-cdad-4dae-802e-850645034176,da80e865-39b9-4ace-b3d5-ec8105f8f6d1,2,100000000,100000001,2,2,4b30bd90-ff3f-4312-a47b-630f7d42a132,2025-09-14T13:22:12Z,2025-09-14T17:22:12Z,2025-09-19T13:22:12Z,True,2025-09-14T15:28:02Z,False,,False,0.0,3.0,1,5,2025-09-17T02:17:02Z
cf7a2640-70b5-41ba-bd06-29f4a0466ae1,CAS-00243-1FVP5G,Weight discrepancy: ORD-001513,6afa828c-2cd1-4b9f-abe5-841fe9c96c52,account,244d7a16-fb9d-46ea-b410-1619594e81f1,2c1c3a75-4644-4fb2-8650-483b3a299e76,2,100000000,100000001,2,3,4cae8e39-e278-419b-94aa-01f9ef63cd2c,2024-09-24T23:42:13Z,2024-09-25T03:42:13Z,2024-09-29T23:42:13Z,True,2024-09-25T01:21:54Z,True,2024-09-28T17:42:13Z,True,160900000.0,5.0,1,5,2024-09-29T22:46:27Z
87d8c8ac-486c-4fb0-bcf7-266ef49dc912,CAS-00244-EHH3E8,Late delivery: ORD-001519,9a4ffc0c-9165-42ed-8c63-6e95025f5543,account,9e234573-8166-484b-bc62-c0307741cf44,bcde64b5-4308-4906-9167-70ff7870a5dd,2,100000001,100000002,2,2,4b30bd90-ff3f-4312-a47b-630f7d42a132,2025-01-11T10:40:20Z,2025-01-11T14:40:20Z,2025-01-16T10:40:20Z,True,2025-01-11T12:22:43Z,False,,False,0.0,,1,5,2025-01-11T17:36:52Z
8855b536-a4eb-4d59-9f61-87d5a95069c9,CAS-00245-13A8FZ,Mill certificate request: ORD-001526,9a4ffc0c-9165-42ed-8c63-6e95025f5543,account,29542781-f26b-4c4a-95d0-fb7004df6f26,346d4666-c4d5-43a7-9252-9339ea68f93a,3,100000005,100000003,3,1,0e108913-5aeb-4cd9-a56a-e9713fdfefe6,2026-02-05T00:02:51Z,2026-02-05T08:02:51Z,2026-02-15T00:02:51Z,True,2026-02-05T01:14:02Z,False,,,0.0,,1,1000,2026-02-05T15:26:11Z
12db4e93-f314-44ac-808b-fc515735a8dd,CAS-00246-EVYTRP,Weight discrepancy: ORD-001527,9a4ffc0c-9165-42ed-8c63-6e95025f5543,account,d1048076-f2e6-4a9b-8da1-86d5c4448dd9,b1c1c08e-f74d-4439-9cd7-5c587f648997,2,100000000,100000001,2,1,0e108913-5aeb-4cd9-a56a-e9713fdfefe6,2026-04-20T16:46:58Z,2026-04-20T20:46:58Z,2026-04-25T16:46:58Z,True,2026-04-20T20:26:38Z,False,,True,313800000.0,5.0,1,5,2026-04-21T18:19:41Z
45545488-52fd-4ad5-8538-007c4d27d76f,CAS-00247-PE0Z4X,Weight discrepancy: ORD-001534,a42d0cd7-fd35-4f6a-b450-388748d90846,account,376c05ad-581b-4151-883f-b047247e62ca,52a15d65-8316-4e43-81f0-aff5cfd84b2a,2,100000000,100000001,2,1,4b30bd90-ff3f-4312-a47b-630f7d42a132,2024-08-20T00:05:54Z,2024-08-20T04:05:54Z,2024-08-25T00:05:54Z,True,2024-08-20T01:28:17Z,False,,True,49700000.0,4.0,1,5,2024-08-21T13:58:33Z
7ca4bc7b-d64f-4ddc-895b-52a0397b173a,CAS-00248-AX7J6Q,Weight discrepancy: ORD-001540,bb2aa146-2999-494c-94a7-b69b1cd66b09,account,21b314e6-698b-4a6e-926b-a0842b3c9fee,6d5d6923-d280-486a-8464-df52bd840fde,2,100000000,100000001,2,2,7931db9d-7b28-4616-ab82-a35fc263b420,2024-08-07T00:38:05Z,2024-08-07T04:38:05Z,2024-08-12T00:38:05Z,True,2024-08-07T03:34:08Z,False,,True,152200000.0,,1,5,2024-08-10T12:40:33Z
335cd067-ab69-47db-a62c-83ca5e527334,CAS-00249-K3SGTR,Weight discrepancy: ORD-001544,bb2aa146-2999-494c-94a7-b69b1cd66b09,account,3906f7fe-aa8f-47a0-996b-70692db7209d,c36f543c-c882-48c4-b718-fbcd10a83340,2,100000000,100000001,1,3,4b30bd90-ff3f-4312-a47b-630f7d42a132,2024-08-24T03:53:28Z,2024-08-24T05:53:28Z,2024-08-26T03:53:28Z,True,2024-08-24T06:18:13Z,False,,True,380600000.0,,1,5,2024-08-25T13:07:17Z
a47951db-9f38-4329-bc3f-2c3188958874,CAS-00250-30923C,Damaged or rusted material: ORD-001544,bb2aa146-2999-494c-94a7-b69b1cd66b09,account,3906f7fe-aa8f-47a0-996b-70692db7209d,c36f543c-c882-48c4-b718-fbcd10a83340,2,100000003,100000003,1,1,0e108913-5aeb-4cd9-a56a-e9713fdfefe6,2024-08-24T12:34:41Z,2024-08-24T14:34:41Z,2024-08-26T12:34:41Z,True,2024-08-24T13:23:23Z,True,2024-08-26T00:34:41Z,True,603800000.0,,1,5,2024-08-27T04:36:13Z
c5652a88-5056-4003-821c-0db278ef81d1,CAS-00251-WLK8QG,Weight discrepancy: ORD-001545,bb2aa146-2999-494c-94a7-b69b1cd66b09,account,c8bdf2fc-e527-4aa3-b7b0-040c8e4a30b6,426b05a6-9a08-45f5-a101-41c4a3a4f7a4,2,100000000,100000001,2,2,4b30bd90-ff3f-4312-a47b-630f7d42a132,2024-12-21T17:12:26Z,2024-12-21T21:12:26Z,2024-12-26T17:12:26Z,True,2024-12-21T19:02:31Z,False,,True,200100000.0,5.0,1,5,2024-12-22T20:29:01Z
9e44905a-6940-41a4-938b-ef2ab344ea1f,CAS-00252-C6D6TR,Invoice dispute: ORD-001550,bb2aa146-2999-494c-94a7-b69b1cd66b09,account,3cefd44c-7af4-43ce-99f2-ed6d3fca6526,110a2a37-b291-4b06-8226-b5628298e7ee,2,100000004,100000004,2,1,0e108913-5aeb-4cd9-a56a-e9713fdfefe6,2026-02-04T17:36:18Z,2026-02-04T21:36:18Z,2026-02-09T17:36:18Z,True,2026-02-04T18:36:00Z,False,,False,0.0,5.0,1,5,2026-02-07T03:08:07Z
f30c521f-0ef8-42d7-96f9-a5854f2e202b,CAS-00253-SFR5ZY,Weight discrepancy: ORD-001563,564cfbd2-bc92-4d81-839b-058c2faabe0b,account,baccdc5f-e2fb-4aa2-b3c8-cddb4c8973c1,a8bdbeb8-6837-4e66-b1bd-ae0194f4ae92,2,100000000,100000001,2,2,4cae8e39-e278-419b-94aa-01f9ef63cd2c,2025-01-11T11:14:45Z,2025-01-11T15:14:45Z,2025-01-16T11:14:45Z,True,2025-01-11T12:58:48Z,True,2025-01-15T05:14:45Z,True,53600000.0,5.0,1,5,2025-01-15T11:52:23Z
6dedbc20-af8e-41a7-a8b4-9acf55024348,CAS-00254-A2GPAB,Late delivery: ORD-001566,564cfbd2-bc92-4d81-839b-058c2faabe0b,account,033f4144-5b7c-4bcb-9c0d-9b66bd25705f,73f3b31a-5481-4d86-8612-e21ceedace79,2,100000001,100000002,2,3,0e108913-5aeb-4cd9-a56a-e9713fdfefe6,2026-05-09T09:08:05Z,2026-05-09T13:08:05Z,2026-05-14T09:08:05Z,True,2026-05-09T11:50:17Z,False,,True,0.0,,1,5,2026-05-10T23:05:26Z
789ce4f4-c343-403a-8d83-94f4cdac8138,CAS-00255-E2YL5D,Damaged or rusted material: ORD-001566,564cfbd2-bc92-4d81-839b-058c2faabe0b,account,033f4144-5b7c-4bcb-9c0d-9b66bd25705f,73f3b31a-5481-4d86-8612-e21ceedace79,2,100000003,100000003,1,3,4b30bd90-ff3f-4312-a47b-630f7d42a132,2026-05-12T08:30:48Z,2026-05-12T10:30:48Z,2026-05-14T08:30:48Z,True,2026-05-12T09:47:20Z,False,,True,262200000.0,4.0,1,5,2026-05-13T12:15:54Z
c35e78da-1e79-4d59-9300-e5b3908959c8,CAS-00256-49R5SL,Quality / spec claim: ORD-001572,aca58d95-915a-4c30-8b86-b5a1ca6fbff8,account,2b722bdb-dc37-4844-a65a-e7ad27f759f0,d1b2194d-a784-443a-832e-29b132bca6e0,2,100000002,100000003,2,1,4cae8e39-e278-419b-94aa-01f9ef63cd2c,2024-08-24T00:49:32Z,2024-08-24T04:49:32Z,2024-08-29T00:49:32Z,True,2024-08-24T01:58:01Z,True,2024-08-27T18:49:32Z,False,0.0,,1,5,2024-08-29T13:36:02Z
667576e1-3b38-4351-ae03-e60a007c4cee,CAS-00257-UYP5RD,Damaged or rusted material: ORD-001574,aca58d95-915a-4c30-8b86-b5a1ca6fbff8,account,c2a826c3-62fe-4ad0-84fd-a69844125f3a,086ba60f-61e1-4395-aa01-b889c7305309,2,100000003,100000003,1,1,4b30bd90-ff3f-4312-a47b-630f7d42a132,2025-05-27T22:17:59Z,2025-05-28T00:17:59Z,2025-05-29T22:17:59Z,True,2025-05-27T23:45:45Z,False,,False,0.0,,1,5,2025-05-28T13:29:34Z
c389181e-5b0e-4955-a16f-9698be5ee566,CAS-00258-RPGXS2,Mill certificate request: ORD-001577,aca58d95-915a-4c30-8b86-b5a1ca6fbff8,account,d25b5ade-6d1f-46a9-b2da-63c23a9ba4e4,a3d33456-b580-4d2d-bd56-8948a537a6ef,3,100000005,100000003,3,2,4b30bd90-ff3f-4312-a47b-630f7d42a132,2025-11-08T01:28:00Z,2025-11-08T09:28:00Z,2025-11-18T01:28:00Z,True,2025-11-08T03:56:05Z,False,,,0.0,5.0,1,1000,2025-11-08T18:50:17Z
4c962530-5bb8-4531-b77a-71e45bdeb98e,CAS-00259-AHCXSX,Late delivery: ORD-001582,aca58d95-915a-4c30-8b86-b5a1ca6fbff8,account,9bad7f7b-78f7-4ec1-aaff-aaab3df492e0,8e105097-b43b-4738-b0ca-b0d83869a8bb,2,100000001,100000002,2,1,7931db9d-7b28-4616-ab82-a35fc263b420,2026-04-01T03:42:58Z,2026-04-01T07:42:58Z,2026-04-06T03:42:58Z,True,2026-04-01T08:01:48Z,False,,True,0.0,,1,5,2026-04-04T08:33:33Z
0b798b29-f0c5-45e0-ae64-891664457208,CAS-00260-H30YRN,Damaged or rusted material: ORD-001588,9c678393-2ced-4c0d-b173-04b5c1dd484a,account,2c40c7aa-48b3-4c79-9da7-3d39604af65b,9aef700c-8f0e-42b1-ae12-1333c36d8c23,2,100000003,100000003,1,2,0e108913-5aeb-4cd9-a56a-e9713fdfefe6,2026-01-07T04:43:47Z,2026-01-07T06:43:47Z,2026-01-09T04:43:47Z,True,2026-01-07T07:24:31Z,True,2026-01-08T16:43:47Z,True,666800000.0,4.0,1,5,2026-01-08T20:58:31Z
78fa063c-57a6-4b59-8891-6504cbbe7d6a,CAS-00261-2JDCXE,Quality / spec claim: ORD-001595,7a3a6e96-23ff-43d3-bb4f-b88a2f4dd219,account,b56c643e-5a71-4949-aaef-1b9dad82e552,907a9b8e-d75d-40f6-91fd-ad586106f08e,2,100000002,100000003,2,1,4b30bd90-ff3f-4312-a47b-630f7d42a132,2025-09-27T15:23:13Z,2025-09-27T19:23:13Z,2025-10-02T15:23:13Z,True,2025-09-27T15:37:21Z,True,2025-10-01T09:23:13Z,False,0.0,,1,5,2025-10-02T21:45:06Z
233b6ba3-52ee-445b-9b78-01083830fb17,CAS-00262-AHW6L2,Delivery change request: ORD-001595,7a3a6e96-23ff-43d3-bb4f-b88a2f4dd219,account,b56c643e-5a71-4949-aaef-1b9dad82e552,907a9b8e-d75d-40f6-91fd-ad586106f08e,3,100000006,100000002,2,2,4cae8e39-e278-419b-94aa-01f9ef63cd2c,2025-09-20T05:39:07Z,2025-09-20T09:39:07Z,2025-09-25T05:39:07Z,True,2025-09-20T08:24:17Z,False,,,0.0,,1,1000,2025-09-20T16:54:56Z
ec50c116-3501-46ce-8d8c-a447b5b00572,CAS-00263-FA76FS,Invoice dispute: ORD-001607,725d4259-3c4b-4eec-a231-ee7342c2d2eb,account,45bdd673-d3ff-4c95-971a-0eaf422a4cca,8689b772-5e13-4e30-a777-4f6c68efbf44,2,100000004,100000004,2,1,4cae8e39-e278-419b-94aa-01f9ef63cd2c,2025-10-29T22:57:01Z,2025-10-30T02:57:01Z,2025-11-03T22:57:01Z,True,2025-10-30T00:00:48Z,True,2025-11-02T16:57:01Z,False,0.0,,1,5,2025-11-02T23:14:07Z
b561c858-a9e9-4c56-a143-f95b78857cf5,CAS-00264-M0T9TK,Mill certificate request: ORD-001607,725d4259-3c4b-4eec-a231-ee7342c2d2eb,account,45bdd673-d3ff-4c95-971a-0eaf422a4cca,8689b772-5e13-4e30-a777-4f6c68efbf44,3,100000005,100000003,3,2,0e108913-5aeb-4cd9-a56a-e9713fdfefe6,2025-10-22T18:03:02Z,2025-10-23T02:03:02Z,2025-11-01T18:03:02Z,True,2025-10-22T20:44:55Z,False,,,0.0,,1,1000,2025-10-23T03:52:49Z
90c6f7d4-4413-4d22-83fa-9830276c8c3a,CAS-00265-82XKKP,Weight discrepancy: ORD-001609,546252e7-f43b-4052-8459-bd6ec0f63229,account,a7bbb1f4-d82d-4fb2-9708-94807309ded8,b8562696-0c35-467d-8d51-7b525932a7d1,2,100000000,100000001,2,1,4b30bd90-ff3f-4312-a47b-630f7d42a132,2024-08-17T15:18:33Z,2024-08-17T19:18:33Z,2024-08-22T15:18:33Z,True,2024-08-17T16:29:18Z,True,2024-08-21T09:18:33Z,False,0.0,,1,5,2024-08-21T09:56:46Z
f6a8e5f6-a22a-47d9-9628-9b2608c4f0bb,CAS-00266-SM5696,Weight discrepancy: ORD-001613,546252e7-f43b-4052-8459-bd6ec0f63229,account,8aa1554e-a85c-456f-8913-9fd440de858e,d409c6ad-562f-413a-9f50-4e3f3d3da879,2,100000000,100000001,2,1,4b30bd90-ff3f-4312-a47b-630f7d42a132,2025-10-03T22:35:48Z,2025-10-04T02:35:48Z,2025-10-08T22:35:48Z,True,2025-10-03T22:57:37Z,True,2025-10-07T16:35:48Z,True,223600000.0,,1,5,2025-10-08T07:10:19Z
64e22b56-0e1a-447d-92fc-7139239551fa,CAS-00267-GZ826C,Quality / spec claim: ORD-001617,92a81713-b90e-444b-951c-25d54d4c5280,account,4029ac0a-d37d-4f42-b9c3-6335c7cbf08f,6a585c1b-5fed-4b65-9af2-f1b482a152db,2,100000002,100000003,2,1,0e108913-5aeb-4cd9-a56a-e9713fdfefe6,2025-09-09T07:15:18Z,2025-09-09T11:15:18Z,2025-09-14T07:15:18Z,True,2025-09-09T08:34:35Z,True,2025-09-13T01:15:18Z,False,0.0,,1,5,2025-09-14T02:06:27Z
11ea911b-86ab-4dbc-b4fc-8327cc13e0a6,CAS-00268-KB9B8F,Weight discrepancy: ORD-001624,28e333b6-4e8a-4c4b-b724-20411e43fbd2,account,954380e5-42e5-48b7-824f-cb25fd3c18af,5364f14b-e2ec-45dd-8065-bdcfbf29452f,2,100000000,100000001,2,1,7931db9d-7b28-4616-ab82-a35fc263b420,2025-05-31T18:10:11Z,2025-05-31T22:10:11Z,2025-06-05T18:10:11Z,True,2025-05-31T18:44:05Z,False,,True,220500000.0,3.0,1,5,2025-06-02T03:44:42Z
e32aa567-6f60-4191-982a-757aef42a4bb,CAS-00269-D5WR65,Invoice dispute: ORD-001627,28e333b6-4e8a-4c4b-b724-20411e43fbd2,account,0aa2564b-9108-499f-88ef-e83c95582a9a,db51decc-0080-407e-9dd1-719824fdcc90,2,100000004,100000004,2,2,0e108913-5aeb-4cd9-a56a-e9713fdfefe6,2025-12-10T18:37:46Z,2025-12-10T22:37:46Z,2025-12-15T18:37:46Z,True,2025-12-10T21:52:20Z,True,2025-12-14T12:37:46Z,True,723000000.0,,1,5,2025-12-14T22:11:54Z
bade4c2f-1134-49ef-97e8-bdba57d9d50b,CAS-00270-2CP1AD,Weight discrepancy: ORD-001629,73253aa3-ec17-4298-943d-f5b3a58e83dd,account,674ee276-c240-4c45-a1d2-e0e4af76bd01,96c6079c-6c33-4c7f-b4a9-d447170f1ca4,2,100000000,100000001,2,1,7931db9d-7b28-4616-ab82-a35fc263b420,2026-02-08T04:56:14Z,2026-02-08T08:56:14Z,2026-02-13T04:56:14Z,True,2026-02-08T06:01:11Z,False,,False,0.0,5.0,1,5,2026-02-11T06:13:15Z
2b1375d7-7675-4b79-819d-1649028a1654,CAS-00271-REBV7J,Damaged or rusted material: ORD-001629,73253aa3-ec17-4298-943d-f5b3a58e83dd,account,674ee276-c240-4c45-a1d2-e0e4af76bd01,96c6079c-6c33-4c7f-b4a9-d447170f1ca4,2,100000003,100000003,1,1,0e108913-5aeb-4cd9-a56a-e9713fdfefe6,2026-02-14T15:26:34Z,2026-02-14T17:26:34Z,2026-02-16T15:26:34Z,True,2026-02-14T17:20:28Z,False,,True,844800000.0,,1,5,2026-02-14T22:26:43Z
771a4708-00eb-4215-8cf5-7db83115a44f,CAS-00272-EG91Z3,Damaged or rusted material: ORD-001631,3ee82983-d557-4241-91dd-b9bf613d2de9,account,043b4ffb-4df3-485b-86ee-d615d8662daa,87924578-1dc4-454e-98c3-4ec3229d4add,2,100000003,100000003,1,3,0e108913-5aeb-4cd9-a56a-e9713fdfefe6,2025-02-27T13:17:06Z,2025-02-27T15:17:06Z,2025-03-01T13:17:06Z,True,2025-02-27T15:09:17Z,False,,True,807100000.0,,1,5,2025-02-28T22:27:47Z
e4343fc7-3a43-4fb6-b218-62798155b3dc,CAS-00273-YKSVHJ,Weight discrepancy: ORD-001640,7317591a-3283-4aa4-a212-ab7c9d361cb6,account,ff3d0c81-7a25-48b3-b310-c638facffd4b,f43e3464-f76a-40f3-b20c-b2a4c984bf53,2,100000000,100000001,2,3,0e108913-5aeb-4cd9-a56a-e9713fdfefe6,2025-10-15T16:26:38Z,2025-10-15T20:26:38Z,2025-10-20T16:26:38Z,True,2025-10-15T18:30:23Z,False,,False,0.0,,1,5,2025-10-17T22:50:33Z
0662b1fe-b7b4-41c3-9920-6f35a7860293,CAS-00274-DRVB7L,Invoice dispute: ORD-001643,502cf0ee-224a-46a6-ac0f-680115b24e1d,account,6a7ee18d-3dc6-44e0-93be-361fa151f14b,5b3b99ca-8869-426a-8174-c71ac4756ffd,2,100000004,100000004,2,1,0e108913-5aeb-4cd9-a56a-e9713fdfefe6,2025-05-10T09:58:00Z,2025-05-10T13:58:00Z,2025-05-15T09:58:00Z,True,2025-05-10T11:33:43Z,True,2025-05-14T03:58:00Z,True,1020100000.0,,1,5,2025-05-17T06:51:19Z
b297886e-22c9-4e1c-ac11-e68aec53984c,CAS-00275-KDXY9P,Late delivery: ORD-001645,502cf0ee-224a-46a6-ac0f-680115b24e1d,account,434492bf-9949-4957-8e9a-d14fee74eac4,8c2227ba-7f34-4cf1-974f-1392d4b4d525,2,100000001,100000002,2,3,4cae8e39-e278-419b-94aa-01f9ef63cd2c,2025-10-12T14:14:37Z,2025-10-12T18:14:37Z,2025-10-17T14:14:37Z,True,2025-10-12T17:12:14Z,False,,True,0.0,,1,5,2025-10-13T12:06:47Z
ee4c9ca0-b036-418e-9d1f-388289eac9da,CAS-00276-E4YM65,Damaged or rusted material: ORD-001645,502cf0ee-224a-46a6-ac0f-680115b24e1d,account,434492bf-9949-4957-8e9a-d14fee74eac4,8c2227ba-7f34-4cf1-974f-1392d4b4d525,2,100000003,100000003,1,2,4b30bd90-ff3f-4312-a47b-630f7d42a132,2025-10-17T20:33:51Z,2025-10-17T22:33:51Z,2025-10-19T20:33:51Z,True,2025-10-17T23:40:43Z,True,2025-10-19T08:33:51Z,True,823200000.0,,1,5,2025-10-20T01:00:05Z
6d94684a-fbb3-4a98-ae35-fdc575c2d801,CAS-00277-W6BE1N,Delivery change request: ORD-001655,89a3c811-895c-4fde-a3fa-40691519fd38,account,09c16d21-f90c-4094-b090-560cb294cc46,ec817fe5-6b57-4187-9a20-43fe01e6345e,3,100000006,100000002,2,3,4b30bd90-ff3f-4312-a47b-630f7d42a132,2025-03-09T17:24:16Z,2025-03-09T21:24:16Z,2025-03-14T17:24:16Z,True,2025-03-09T20:04:48Z,False,,,0.0,4.0,1,1000,2025-03-10T02:13:30Z
99a4bc61-324f-4506-918c-aba9afb02a05,CAS-00278-AEW0VE,Quality / spec claim: ORD-001656,89a3c811-895c-4fde-a3fa-40691519fd38,account,c60d977f-4dcd-494b-aedc-b67be8fb6418,dfeacdb7-de08-483a-81d4-c074e85977d7,2,100000002,100000003,2,3,7931db9d-7b28-4616-ab82-a35fc263b420,2025-09-09T13:42:25Z,2025-09-09T17:42:25Z,2025-09-14T13:42:25Z,True,2025-09-09T16:10:00Z,True,2025-09-13T07:42:25Z,False,0.0,,1,5,2025-09-13T19:57:57Z
a357bd08-4d79-4c93-93f0-a2977129bd7c,CAS-00279-9PJQN9,Invoice dispute: ORD-001658,89a3c811-895c-4fde-a3fa-40691519fd38,account,e3e038fe-246e-4610-8a9b-d6b60c580da8,50dc19d7-5b13-4293-9211-471e75392409,2,100000004,100000004,2,1,0e108913-5aeb-4cd9-a56a-e9713fdfefe6,2026-04-16T08:42:35Z,2026-04-16T12:42:35Z,2026-04-21T08:42:35Z,True,2026-04-16T09:18:32Z,True,2026-04-20T02:42:35Z,True,140500000.0,,1,5,2026-04-22T09:03:36Z
820c60a8-9411-4d18-8fef-3be3e8c2d37c,CAS-00280-WTED99,Invoice dispute: ORD-001666,bcf2fc3b-d958-44c2-a053-8c1ba84510a1,account,5851a8b0-4680-450f-8bac-bebbcf1620c2,9020d64d-ec1b-409b-b361-84ea6e77cda6,2,100000004,100000004,2,1,7931db9d-7b28-4616-ab82-a35fc263b420,2025-05-04T10:11:16Z,2025-05-04T14:11:16Z,2025-05-09T10:11:16Z,True,2025-05-04T12:48:23Z,True,2025-05-08T04:11:16Z,False,0.0,,1,5,2025-05-10T00:50:31Z
f0a84d57-be6b-4aa3-ab50-41823b4c30f4,CAS-00281-TFNP6S,Weight discrepancy: ORD-001674,73b0d676-3527-45c8-8534-ca08f6f24d1c,account,74cbc159-8aab-42dc-b947-1382ecdae180,51a46460-38dc-4502-9308-488e70c9378e,2,100000000,100000001,1,1,0e108913-5aeb-4cd9-a56a-e9713fdfefe6,2026-05-25T22:00:49Z,2026-05-26T00:00:49Z,2026-05-27T22:00:49Z,True,2026-05-25T23:53:01Z,True,2026-05-27T10:00:49Z,False,0.0,1.0,1,5,2026-05-29T05:06:00Z
9dd7b728-8e39-4b35-991f-0b68175cd097,CAS-00282-KWMCH7,Damaged or rusted material: ORD-001691,1f8b4af1-96bc-432d-ac11-7babd6642fe8,account,99b1482a-e7cd-4246-b92d-780ce994f6ce,5fd874f7-314b-4fc4-a68a-be06ae4033d3,2,100000003,100000003,1,1,4b30bd90-ff3f-4312-a47b-630f7d42a132,2025-07-30T21:47:47Z,2025-07-30T23:47:47Z,2025-08-01T21:47:47Z,True,2025-07-30T23:16:34Z,False,,True,853700000.0,,1,5,2025-07-31T13:22:55Z
eea970fc-46c4-4ccf-9b3e-c66d2b39966d,CAS-00283-C9G2VS,Damaged or rusted material: ORD-001694,1f8b4af1-96bc-432d-ac11-7babd6642fe8,account,8b66ff0e-b63e-40d9-9918-c801320dabfd,c9468b3f-86ec-42fe-b3cf-fb1d873babc8,2,100000003,100000003,1,1,0e108913-5aeb-4cd9-a56a-e9713fdfefe6,2025-11-23T09:42:11Z,2025-11-23T11:42:11Z,2025-11-25T09:42:11Z,True,2025-11-23T13:40:22Z,False,,True,421700000.0,,1,5,2025-11-24T07:57:25Z
fe45a291-d5d9-42d3-8c93-470d4dacaebc,CAS-00284-9XJF6H,Weight discrepancy: ORD-001713,929daf9f-0149-42af-8ab1-a5041f8c56e0,account,218bf379-7f6a-41d2-a573-baa2e65beb9f,d39a2bf0-8a32-4b9c-86d9-92150e401809,2,100000000,100000001,2,1,0e108913-5aeb-4cd9-a56a-e9713fdfefe6,2025-07-20T02:39:19Z,2025-07-20T06:39:19Z,2025-07-25T02:39:19Z,True,2025-07-20T06:03:04Z,True,2025-07-23T20:39:19Z,False,0.0,,1,5,2025-07-31T00:14:02Z
8c8f0aca-6b43-43b1-8b0c-ddefa7ebb62e,CAS-00285-BB2FGY,Invoice dispute: ORD-001716,929daf9f-0149-42af-8ab1-a5041f8c56e0,account,b9dd7975-048b-4f14-87a8-cc6292251425,22de2d26-98ef-4846-8c71-16922aee586e,2,100000004,100000004,2,1,4b30bd90-ff3f-4312-a47b-630f7d42a132,2026-01-10T03:32:25Z,2026-01-10T07:32:25Z,2026-01-15T03:32:25Z,True,2026-01-10T04:19:36Z,True,2026-01-13T21:32:25Z,False,0.0,,1,5,2026-01-15T09:46:07Z
95b2af23-6cd9-44fc-84ce-5826241dbf87,CAS-00286-L3ZJU2,Weight discrepancy: ORD-001717,dd23ff41-dae1-4586-a358-755cbc5c3cd8,account,57cfb752-23a8-4063-8899-2edaf475b0c7,1d5182ef-3002-48aa-a1df-93165ab410ad,2,100000000,100000001,2,2,4b30bd90-ff3f-4312-a47b-630f7d42a132,2025-07-25T22:23:03Z,2025-07-26T02:23:03Z,2025-07-30T22:23:03Z,True,2025-07-26T00:11:27Z,False,,True,287900000.0,5.0,1,5,2025-07-26T22:32:28Z
af0dc2ad-bee7-4b6f-9af4-84aa52a0712e,CAS-00287-LHGYTP,Late delivery: ORD-001717,dd23ff41-dae1-4586-a358-755cbc5c3cd8,account,57cfb752-23a8-4063-8899-2edaf475b0c7,1d5182ef-3002-48aa-a1df-93165ab410ad,2,100000001,100000002,2,1,4cae8e39-e278-419b-94aa-01f9ef63cd2c,2025-07-23T09:28:02Z,2025-07-23T13:28:02Z,2025-07-28T09:28:02Z,True,2025-07-23T10:09:36Z,False,,True,0.0,,1,5,2025-07-24T13:12:24Z
922f36f9-7681-4d47-9499-b73b306e9294,CAS-00288-ERFU6D,Late delivery: ORD-001725,44f7f01a-3cb5-46d7-834a-130e8c6ea6ad,account,97d13e79-af3d-420e-ab79-956b09c32d5c,74c92eed-d57b-48f6-9932-e45df286f9ee,2,100000001,100000002,2,2,4cae8e39-e278-419b-94aa-01f9ef63cd2c,2025-08-23T17:18:37Z,2025-08-23T21:18:37Z,2025-08-28T17:18:37Z,True,2025-08-23T18:35:19Z,False,,False,0.0,,1,5,2025-08-24T15:50:05Z
67d2bc2c-8147-4994-a460-ebaa1c1d4d26,CAS-00289-PNGAYV,Damaged or rusted material: ORD-001727,44f7f01a-3cb5-46d7-834a-130e8c6ea6ad,account,7c46c840-afe3-41b7-b98b-8c245c1d67d2,77a41f6b-cd06-4145-9a7e-ac2f5eb532c6,2,100000003,100000003,1,1,0e108913-5aeb-4cd9-a56a-e9713fdfefe6,2026-03-18T21:10:41Z,2026-03-18T23:10:41Z,2026-03-20T21:10:41Z,True,2026-03-18T22:22:15Z,False,,True,329800000.0,,1,5,2026-03-19T23:06:37Z
ca56d666-7312-4119-9c08-a5d564568878,CAS-00290-0JRGAH,Mill certificate request: ORD-001740,909e21ba-8a38-45aa-91be-ba8e0a8aeb94,account,be04e89f-6a8e-49aa-a9c1-a0c63818a9bd,688dd559-e731-4718-ac3b-263bf741db3b,3,100000005,100000003,3,2,4cae8e39-e278-419b-94aa-01f9ef63cd2c,2025-11-04T19:05:26Z,2025-11-05T03:05:26Z,2025-11-14T19:05:26Z,True,2025-11-04T21:24:19Z,False,,,0.0,4.0,1,1000,2025-11-05T21:43:09Z
e73b6e91-5a96-40df-acc5-bdff7aa09bd9,CAS-00291-FFEXNG,Invoice dispute: ORD-001743,6491982b-e5ad-481d-977f-4c1626d658fb,account,173a3df3-1e09-44d7-9418-6637ad7a263c,bea66178-01b8-4042-beb5-8b5cf9fbf230,2,100000004,100000004,2,1,4b30bd90-ff3f-4312-a47b-630f7d42a132,2026-05-12T05:47:22Z,2026-05-12T09:47:22Z,2026-05-17T05:47:22Z,True,2026-05-12T06:42:27Z,False,,True,271800000.0,4.0,1,5,2026-05-15T22:33:30Z
ff4ba291-e0e2-4eb8-a530-a31fe1ec8248,CAS-00292-MQJAJB,Delivery change request: ORD-001745,b440b852-e033-400e-a432-62b38675820e,account,7e4531d3-e0cd-49fe-8c20-1367812c5ef8,fa82bd5f-f046-4dee-a236-56b9bf4ced07,3,100000006,100000002,2,1,0e108913-5aeb-4cd9-a56a-e9713fdfefe6,2025-11-18T07:27:55Z,2025-11-18T11:27:55Z,2025-11-23T07:27:55Z,True,2025-11-18T07:42:08Z,False,,,0.0,3.0,1,1000,2025-11-18T15:08:43Z
e810addc-e3d8-41d4-aa6d-8f1c8e704f88,CAS-00293-10QC1N,Weight discrepancy: ORD-001746,b440b852-e033-400e-a432-62b38675820e,account,4562f4ff-3aee-4f98-8b6b-e9a8be41bd59,759f05af-44e6-454b-a821-1d0c9a5d9e22,2,100000000,100000001,2,1,4cae8e39-e278-419b-94aa-01f9ef63cd2c,2026-03-02T18:43:52Z,2026-03-02T22:43:52Z,2026-03-07T18:43:52Z,True,2026-03-02T19:46:43Z,False,,False,0.0,3.0,1,5,2026-03-04T07:37:19Z
b3cbce45-9bfb-46b7-8bb4-292039f11102,CAS-00294-T3XXK4,Delivery change request: ORD-001748,b440b852-e033-400e-a432-62b38675820e,account,6738dcbc-7ee2-4ae4-8813-e2d9cf4d7a3e,5c429cec-04f7-4a4e-9d37-64ce3102184d,3,100000006,100000002,2,2,0e108913-5aeb-4cd9-a56a-e9713fdfefe6,2026-05-20T20:16:06Z,2026-05-21T00:16:06Z,2026-05-25T20:16:06Z,True,2026-05-20T21:45:56Z,False,,,0.0,5.0,1,1000,2026-05-21T04:37:34Z
4d31473b-4784-47d6-aca0-295ce75dbacc,CAS-00295-NCXYTM,Weight discrepancy: ORD-001752,fab6ad91-bacf-4cfc-9245-1cc41bfb3b3d,account,a82a61f3-0e3a-41fa-9fa3-b37a2c772ccb,ce69aa61-d8db-4122-8a58-6831ab5ee59f,2,100000000,100000001,2,1,0e108913-5aeb-4cd9-a56a-e9713fdfefe6,2026-01-10T01:25:19Z,2026-01-10T05:25:19Z,2026-01-15T01:25:19Z,True,2026-01-10T02:25:25Z,False,,True,248800000.0,,1,5,2026-01-12T04:57:33Z
3fb9e617-01a9-419c-b886-c9887dc89e57,CAS-00296-H85XCZ,Invoice dispute: ORD-001757,84222f58-f022-44af-bb76-4637d277ab64,account,aa8f800f-bccf-4735-9670-54b3a50a9c1c,6c126bd2-91b2-48d0-bcac-191d1e089a1a,2,100000004,100000004,2,1,4cae8e39-e278-419b-94aa-01f9ef63cd2c,2026-06-06T10:12:25Z,2026-06-06T14:12:25Z,2026-06-11T10:12:25Z,True,2026-06-06T13:56:27Z,False,,True,301500000.0,5.0,1,5,2026-06-08T07:26:31Z
d8ead87e-4797-4ba1-b74f-f2bbe04f8244,CAS-00297-Q74KG9,Damaged or rusted material: ORD-001777,2bf95861-4827-4440-b6d9-fe1731094211,account,37c210b1-6c1e-419d-9810-ae278f10e1f6,8eccc08a-0c5c-4593-ad16-50e9183bc147,2,100000003,100000003,1,3,0e108913-5aeb-4cd9-a56a-e9713fdfefe6,2026-05-07T14:53:24Z,2026-05-07T16:53:24Z,2026-05-09T14:53:24Z,True,2026-05-07T17:03:22Z,True,2026-05-09T02:53:24Z,True,410600000.0,3.0,1,5,2026-05-09T21:25:46Z
8774881a-cec9-4a7d-99dc-8fe27eba32b0,CAS-00298-A19DKJ,Late delivery: ORD-001783,4b26f0a3-33b1-4ca4-b74d-34f5caf07226,account,adfefcec-355c-46c4-96fb-114e88c674e5,f5c395e8-68ac-46c0-8821-857631e0c360,2,100000001,100000002,2,1,7931db9d-7b28-4616-ab82-a35fc263b420,2026-06-07T17:29:03Z,2026-06-07T21:29:03Z,2026-06-12T17:29:03Z,True,2026-06-07T18:17:43Z,False,,True,0.0,3.0,1,5,2026-06-09T05:20:28Z
f79a35af-b722-48d4-b0ed-bb2c5c1b1912,CAS-00299-DZH84J,Mill certificate request: ORD-001783,4b26f0a3-33b1-4ca4-b74d-34f5caf07226,account,adfefcec-355c-46c4-96fb-114e88c674e5,f5c395e8-68ac-46c0-8821-857631e0c360,3,100000005,100000003,3,1,4b30bd90-ff3f-4312-a47b-630f7d42a132,2026-06-08T20:40:39Z,2026-06-09T04:40:39Z,2026-06-18T20:40:39Z,True,2026-06-09T00:11:52Z,False,,,0.0,4.0,1,1000,2026-06-09T10:01:40Z
336812c3-01bb-41fe-8077-24e9de143501,CAS-00300-R8HVF2,Invoice dispute: ORD-001787,217bc29e-ec95-43e9-a1fa-246624f982ec,account,0de90950-b744-4e49-88df-aafcfdd226db,d4f584b0-0c1b-4dd7-b96b-bd46634bab5e,2,100000004,100000004,2,1,0e108913-5aeb-4cd9-a56a-e9713fdfefe6,2026-06-24T10:07:36Z,2026-06-24T14:07:36Z,2026-06-29T10:07:36Z,True,2026-06-24T11:30:30Z,True,2026-06-28T04:07:36Z,True,83200000.0,4.0,1,5,2026-06-28T15:14:29Z
58cdb2b7-3c37-452e-a8d7-4bbd0dfda1d3,CAS-00301-Y7U7SJ,Weight discrepancy: ORD-001793,2207cb65-b197-4ed1-857a-e3fff8ed08ae,account,39525979-c692-489d-975c-6c6da29b988b,e24d3321-3ba9-4b24-8547-e8461b1b4407,2,100000000,100000001,2,2,4cae8e39-e278-419b-94aa-01f9ef63cd2c,2025-08-14T17:03:40Z,2025-08-14T21:03:40Z,2025-08-19T17:03:40Z,True,2025-08-14T20:52:53Z,False,,False,0.0,4.0,1,5,2025-08-16T21:01:16Z
4138ee02-4ee3-44e3-aaf6-fbf3eeff39e7,CAS-00302-UG3M4G,Late delivery: ORD-001798,3c847821-4f10-4422-9fc2-2517e593562b,account,368730d2-0ac0-4be6-a1c1-69e3e294d248,1b97552b-bf53-4fcb-ac5e-2392e3745490,2,100000001,100000002,2,2,4b30bd90-ff3f-4312-a47b-630f7d42a132,2026-01-03T12:16:24Z,2026-01-03T16:16:24Z,2026-01-08T12:16:24Z,True,2026-01-03T13:35:04Z,False,,False,0.0,5.0,1,5,2026-01-03T19:20:59Z
c8aca65c-f482-4248-bccc-3e4265b8173f,CAS-00303-U3KY84,Damaged or rusted material: ORD-001801,61652fd3-41dd-4edf-acfa-a174ba059e68,account,328374d5-e208-4eed-a58a-8d94bc0889d3,ce27615b-6715-4918-b575-1469150a914a,2,100000003,100000003,1,3,4b30bd90-ff3f-4312-a47b-630f7d42a132,2026-05-09T01:04:38Z,2026-05-09T03:04:38Z,2026-05-11T01:04:38Z,True,2026-05-09T02:47:32Z,False,,True,852500000.0,4.0,1,5,2026-05-10T05:37:50Z
274123e7-5a05-490f-b5f8-1f321b10f1a8,CAS-00304-RMWGY6,Weight discrepancy: ORD-001807,9b6fbe20-4b3a-4a83-a286-16f4bbf9a04b,account,1bdd3154-4799-4cbd-9cae-d3f23ddbe287,02324648-44b9-47ed-8d97-70cba8711a4c,2,100000000,100000001,2,2,4b30bd90-ff3f-4312-a47b-630f7d42a132,2026-03-01T21:31:58Z,2026-03-02T01:31:58Z,2026-03-06T21:31:58Z,True,2026-03-01T23:59:51Z,False,,False,0.0,,1,5,2026-03-02T22:19:43Z
968c4ce1-1d4b-42e2-8690-506509a6c264,CAS-00305-8H569R,Late delivery: ORD-001808,9b6fbe20-4b3a-4a83-a286-16f4bbf9a04b,account,361479af-889d-4937-af62-3f63cabaef87,308ab52b-5417-4b5b-9754-7d658a7e3b9e,2,100000001,100000002,2,1,0e108913-5aeb-4cd9-a56a-e9713fdfefe6,2026-02-14T18:08:31Z,2026-02-14T22:08:31Z,2026-02-19T18:08:31Z,True,2026-02-14T20:03:31Z,False,,False,0.0,4.0,1,5,2026-02-15T08:50:38Z
d941fb57-bb4c-46eb-ba3f-4449120a4173,CAS-00306-AR6RSN,Late delivery: ORD-001812,18e9ef77-64ce-4589-8c4a-62badb335860,account,b84aa852-1606-4bf9-ae57-19d437b29510,b1185e99-5ae1-475f-a7c2-3ffd4bea5d55,2,100000001,100000002,2,1,4b30bd90-ff3f-4312-a47b-630f7d42a132,2025-06-23T07:10:18Z,2025-06-23T11:10:18Z,2025-06-28T07:10:18Z,True,2025-06-23T08:21:14Z,False,,False,0.0,,1,5,2025-06-23T22:50:25Z
6d151b28-1930-4353-8535-e14b77df16c6,CAS-00307-BWYWVG,Quality / spec claim: ORD-001817,6f0eebef-97e8-4057-96a7-01aba66ccf43,account,fd877689-c33a-4c9a-bf73-a5e0b69d8179,72ef7411-47c5-4f7a-b496-a8111fcb6093,2,100000002,100000003,2,2,4cae8e39-e278-419b-94aa-01f9ef63cd2c,2026-03-19T06:46:11Z,2026-03-19T10:46:11Z,2026-03-24T06:46:11Z,True,2026-03-19T09:52:49Z,True,2026-03-23T00:46:11Z,True,846700000.0,,1,5,2026-03-24T08:08:20Z
1d91cf85-7617-4c7d-ae93-b24c3d865407,CAS-00308-B9NFYM,Invoice dispute: ORD-001818,6f0eebef-97e8-4057-96a7-01aba66ccf43,account,ad26a378-9ae1-4323-9ca2-25a4050e5021,1f515d6f-e5ea-48f6-bb78-66acfc465d65,2,100000004,100000004,2,2,4b30bd90-ff3f-4312-a47b-630f7d42a132,2026-04-29T00:16:23Z,2026-04-29T04:16:23Z,2026-05-04T00:16:23Z,True,2026-04-29T03:24:22Z,True,2026-05-02T18:16:23Z,False,0.0,,1,5,2026-05-07T12:05:06Z
f4785d5c-bde5-4dca-a3b5-cf64beec8196,CAS-00309-91H8C5,Weight discrepancy: ORD-001838,959677e9-35c4-4e08-86a4-7588a676ace1,account,a5125332-58ac-4ccd-b5ab-8536405b553f,2bfbc8b9-eee0-45c9-b249-5896f40ab8b2,2,100000000,100000001,2,2,0e108913-5aeb-4cd9-a56a-e9713fdfefe6,2026-02-28T14:17:42Z,2026-02-28T18:17:42Z,2026-03-05T14:17:42Z,True,2026-02-28T16:15:32Z,False,,True,199500000.0,4.0,1,5,2026-03-02T06:31:17Z
e30e02e8-ad33-401d-994b-1d876f080027,CAS-00310-FL046F,Weight discrepancy: ORD-001843,89eb56c1-7f42-4889-8ca1-7f756b2d470a,account,264f47e6-5173-4344-87a1-592a36f375c7,a3537ea5-6be8-428a-9a5f-6932514f1d9b,2,100000000,100000001,2,3,4cae8e39-e278-419b-94aa-01f9ef63cd2c,2025-08-21T16:07:59Z,2025-08-21T20:07:59Z,2025-08-26T16:07:59Z,True,2025-08-22T02:55:34Z,True,2025-08-25T10:07:59Z,False,0.0,,1,5,2025-08-28T00:04:21Z
6a655443-790f-4e4a-ab31-a0bc7365606a,CAS-00311-7Q898B,Mill certificate request: ORD-001844,89eb56c1-7f42-4889-8ca1-7f756b2d470a,account,1ab52f9f-d528-4fad-9a8f-eea113f39fdf,69eb1a2f-ae2c-485d-9128-b235ee40a011,3,100000005,100000003,3,1,7931db9d-7b28-4616-ab82-a35fc263b420,2025-07-12T13:57:15Z,2025-07-12T21:57:15Z,2025-07-22T13:57:15Z,True,2025-07-12T19:46:15Z,False,,,0.0,4.0,1,1000,2025-07-15T11:22:18Z
f3def8f8-7932-4613-add0-abb36abdb65b,CAS-00312-U8Q51X,Weight discrepancy: ORD-001846,89eb56c1-7f42-4889-8ca1-7f756b2d470a,account,f050ddc4-4169-4b9d-beba-de37d4d2a015,44e1aa70-9407-42e0-9a12-539b8c43ef37,2,100000000,100000001,2,3,4b30bd90-ff3f-4312-a47b-630f7d42a132,2025-11-12T13:46:46Z,2025-11-12T17:46:46Z,2025-11-17T13:46:46Z,True,2025-11-12T16:11:31Z,False,,False,0.0,4.0,1,5,2025-11-16T03:50:40Z
09593d8a-f71c-4ecd-82e6-91746e1e887a,CAS-00313-9KESWC,Quality / spec claim: ORD-001846,89eb56c1-7f42-4889-8ca1-7f756b2d470a,account,f050ddc4-4169-4b9d-beba-de37d4d2a015,44e1aa70-9407-42e0-9a12-539b8c43ef37,2,100000002,100000003,2,2,4cae8e39-e278-419b-94aa-01f9ef63cd2c,2025-11-16T11:41:32Z,2025-11-16T15:41:32Z,2025-11-21T11:41:32Z,True,2025-11-16T13:40:30Z,True,2025-11-20T05:41:32Z,True,652300000.0,,1,5,2025-11-27T05:36:17Z
89956ade-25eb-403c-ad6a-0f13561f2dd4,CAS-00314-QNPCVC,Invoice dispute: ORD-001849,2233212a-f526-4ea2-b953-3cb78ef1a114,account,16fdccd6-2e09-41c5-a069-2db02c3a5ccc,61fa4b75-1037-485d-8f77-d5453ff86bb6,2,100000004,100000004,2,2,4b30bd90-ff3f-4312-a47b-630f7d42a132,2025-11-06T14:07:14Z,2025-11-06T18:07:14Z,2025-11-11T14:07:14Z,True,2025-11-06T16:12:13Z,False,,False,0.0,,1,5,2025-11-09T00:47:59Z
4d48508f-08dc-4dcd-be57-3be695580779,CAS-00315-0HTDY8,Late delivery: ORD-001867,4087be6a-4514-4416-ac44-821eaf051764,account,1973a552-5089-4d81-91bf-80e6f7a318b5,99a1aed2-7e94-4fb8-aec3-52bfaab9e011,2,100000001,100000002,2,1,4cae8e39-e278-419b-94aa-01f9ef63cd2c,2025-07-19T07:30:40Z,2025-07-19T11:30:40Z,2025-07-24T07:30:40Z,True,2025-07-19T09:11:33Z,False,,True,0.0,3.0,1,5,2025-07-20T18:30:21Z
426379e1-ec81-46f1-bebe-bbf18b36b178,CAS-00316-1A8SR0,Invoice dispute: ORD-001869,4087be6a-4514-4416-ac44-821eaf051764,account,923b0123-13fb-4d10-afe6-31990d6397ce,7f220f3b-418d-4dfe-82e9-a49cf8717c49,2,100000004,100000004,2,3,4cae8e39-e278-419b-94aa-01f9ef63cd2c,2026-04-09T20:12:08Z,2026-04-10T00:12:08Z,2026-04-14T20:12:08Z,True,2026-04-09T23:15:09Z,False,,False,0.0,3.0,1,5,2026-04-11T16:25:51Z
016c21eb-f4de-4c57-a72b-f390ea1a4984,CAS-00317-PGK8YH,Quality / spec claim: ORD-001873,4087be6a-4514-4416-ac44-821eaf051764,account,26985000-960e-4e5a-aa7a-5d45a509a258,bc5d4965-3cf7-4ba6-a59e-87b180cc261f,2,100000002,100000003,2,3,0e108913-5aeb-4cd9-a56a-e9713fdfefe6,2026-06-22T03:41:55Z,2026-06-22T07:41:55Z,2026-06-27T03:41:55Z,True,2026-06-22T05:12:54Z,False,,False,0.0,2.0,1,5,2026-06-25T15:04:34Z
fd12f2e7-9bd6-4a8b-a528-772de18050e9,CAS-00318-BGANNY,Late delivery: ORD-001883,7cd6572f-301b-4b4e-a293-4e8ed189f750,account,1fa737b8-fc42-442d-ba39-8cea5068314c,d1f97d3e-c0a5-46d8-ac75-748ffff5c3e9,2,100000001,100000002,2,1,4b30bd90-ff3f-4312-a47b-630f7d42a132,2026-02-07T02:01:35Z,2026-02-07T06:01:35Z,2026-02-12T02:01:35Z,True,2026-02-07T02:40:55Z,False,,False,0.0,,1,5,2026-02-07T21:47:29Z
b426e18a-225d-4732-bfd2-600835343aca,CAS-00319-FSD3N9,Weight discrepancy: ORD-001916,7ec59e55-1b98-467e-8cc8-8dc68127a367,account,f147f33e-83ad-4b43-9e2a-dda2bae7c4a0,def51c41-d2b6-40d4-bab1-74811bc20e85,2,100000000,100000001,2,2,4b30bd90-ff3f-4312-a47b-630f7d42a132,2025-07-13T05:52:54Z,2025-07-13T09:52:54Z,2025-07-18T05:52:54Z,True,2025-07-13T08:23:29Z,True,2025-07-16T23:52:54Z,True,152900000.0,4.0,1,5,2025-07-17T22:40:40Z
c0c50fdd-44bb-45f2-b4e9-7504e2e82fbd,CAS-00320-QG2B2K,Late delivery: ORD-001933,1fda98c9-40a6-4de4-9271-e2959b21c065,account,c48d9b0a-f512-41a1-98f8-013364833d75,63785d01-949c-49a2-bb6b-fabe91a36e33,2,100000001,100000002,2,2,0e108913-5aeb-4cd9-a56a-e9713fdfefe6,2025-07-20T17:16:27Z,2025-07-20T21:16:27Z,2025-07-25T17:16:27Z,True,2025-07-20T19:22:26Z,False,,True,0.0,,1,5,2025-07-22T02:29:14Z
838e080d-5430-4b74-98a2-88428f559b6f,CAS-00321-CU5PC1,Late delivery: ORD-001941,1fda98c9-40a6-4de4-9271-e2959b21c065,account,290e0adc-f01c-483d-aedf-e41d924cb19c,b8f2b108-0898-4100-a2dd-0dec7627b0a0,2,100000001,100000002,2,1,4cae8e39-e278-419b-94aa-01f9ef63cd2c,2026-05-31T14:48:51Z,2026-05-31T18:48:51Z,2026-06-05T14:48:51Z,True,2026-05-31T20:14:58Z,False,,False,0.0,,1,5,2026-06-02T13:47:10Z
d7128b2c-ea26-4b18-bc09-7a28e94fbb58,CAS-00322-JB2W1U,Weight discrepancy: ORD-001944,fa75b5fc-7921-40b3-aa0a-8302276f8e0d,account,c87d48ef-1195-48e1-bbe3-218b16907da3,9fbd44c2-8655-4a79-85be-69666fa5e495,2,100000000,100000001,2,3,7931db9d-7b28-4616-ab82-a35fc263b420,2025-12-06T19:58:38Z,2025-12-06T23:58:38Z,2025-12-11T19:58:38Z,True,2025-12-06T23:15:36Z,False,,False,0.0,,1,5,2025-12-10T03:57:36Z
65ab21ae-423c-4a79-b2d9-9e4e9c988665,CAS-00323-TLYZ09,Late delivery: ORD-001950,c3f67602-0879-4480-87ab-777056724b4c,account,f31598c4-963f-416f-96ba-cc09ec0bcfc0,2e7f1c36-c9f8-46b1-a7c3-f25bc891c9c8,2,100000001,100000002,2,1,7931db9d-7b28-4616-ab82-a35fc263b420,2025-05-25T17:18:19Z,2025-05-25T21:18:19Z,2025-05-30T17:18:19Z,True,2025-05-25T17:52:26Z,False,,True,0.0,4.0,1,5,2025-05-26T13:08:27Z
6fb7ef08-f67d-4615-93fc-4a3bda036d9d,CAS-00324-F15UBG,Mill certificate request: ORD-001955,dff4cc91-3164-4c14-b1a0-051f0acae683,account,beb5b7a7-e410-4d57-9270-6047c43b0b66,61d87ad6-b3ab-4c83-abfc-1614aaea47b4,3,100000005,100000003,3,3,0e108913-5aeb-4cd9-a56a-e9713fdfefe6,2025-09-15T17:57:25Z,2025-09-16T01:57:25Z,2025-09-25T17:57:25Z,True,2025-09-15T20:10:47Z,False,,,0.0,,1,1000,2025-09-16T19:14:00Z
785a8719-e004-49a4-8fbf-58502c54a5bd,CAS-00325-1QPD3T,Late delivery: ORD-001956,dff4cc91-3164-4c14-b1a0-051f0acae683,account,1cced7c2-da9b-421d-8f2f-7cefdf72c64d,897d1d03-787c-4b9c-b7b0-168f1b774c8b,2,100000001,100000002,2,1,4cae8e39-e278-419b-94aa-01f9ef63cd2c,2026-03-22T07:47:56Z,2026-03-22T11:47:56Z,2026-03-27T07:47:56Z,True,2026-03-22T07:59:56Z,False,,False,0.0,,1,5,2026-03-23T06:55:05Z
a8a66904-eefe-41ea-ab4e-c8ac52dece97,CAS-00326-Q19YB5,Invoice dispute: ORD-001956,dff4cc91-3164-4c14-b1a0-051f0acae683,account,1cced7c2-da9b-421d-8f2f-7cefdf72c64d,897d1d03-787c-4b9c-b7b0-168f1b774c8b,2,100000004,100000004,2,1,0e108913-5aeb-4cd9-a56a-e9713fdfefe6,2026-04-04T05:37:35Z,2026-04-04T09:37:35Z,2026-04-09T05:37:35Z,True,2026-04-04T08:34:57Z,False,,True,339700000.0,,1,5,2026-04-06T09:58:31Z
fac18593-b0f5-4aca-bacb-47a72ae10dff,CAS-00327-0UDM4B,Late delivery: ORD-001961,c1cb8d69-8fa7-4dec-a5a6-1a06a8422325,account,15df8ed7-0846-4ad9-a0bb-14d2ccfd4146,f4e1dfe0-981a-41e4-8720-b6077e686334,2,100000001,100000002,2,2,4cae8e39-e278-419b-94aa-01f9ef63cd2c,2025-08-30T09:45:46Z,2025-08-30T13:45:46Z,2025-09-04T09:45:46Z,True,2025-08-30T13:43:30Z,False,,True,0.0,,1,5,2025-09-01T17:04:00Z
8a381c52-6198-456f-abcf-5c03cf95213e,CAS-00328-0C7F9V,Invoice dispute: ORD-001962,c1cb8d69-8fa7-4dec-a5a6-1a06a8422325,account,054bbfd4-0fb8-4f1c-ba6a-11dd63855929,313a6b70-2efe-478d-b126-2cfaaf9c67d8,2,100000004,100000004,2,1,7931db9d-7b28-4616-ab82-a35fc263b420,2025-09-17T20:47:54Z,2025-09-18T00:47:54Z,2025-09-22T20:47:54Z,True,2025-09-17T22:42:13Z,True,2025-09-21T14:47:54Z,True,51000000.0,3.0,1,5,2025-10-10T04:26:51Z
adc28583-80b7-45ae-9ccb-56c8c791190f,CAS-00329-4TP6P0,Late delivery: ORD-001966,293572d3-fb63-43cb-8c35-bf2dec4fa141,account,895ed74b-0c94-4452-bc2d-1046c59a8f0b,dfb962c0-de28-4faf-8dc7-cf2320d848df,2,100000001,100000002,2,1,4b30bd90-ff3f-4312-a47b-630f7d42a132,2025-12-16T15:30:11Z,2025-12-16T19:30:11Z,2025-12-21T15:30:11Z,True,2025-12-16T17:33:32Z,False,,False,0.0,,1,5,2025-12-17T05:12:09Z
47100244-c165-4fdd-8212-7feb671005f0,CAS-00330-UDX06F,Damaged or rusted material: ORD-001972,9d470a35-c816-4c27-bc3c-4c2fa40e0199,account,240b569f-e6b3-4b83-9193-91f2443725c6,b4a7eeac-f82a-471d-a4ac-2d1732c66047,2,100000003,100000003,1,1,4cae8e39-e278-419b-94aa-01f9ef63cd2c,2025-08-20T00:24:29Z,2025-08-20T02:24:29Z,2025-08-22T00:24:29Z,True,2025-08-20T01:02:40Z,False,,False,0.0,3.0,1,5,2025-08-21T08:42:14Z
cee87ba9-40ec-455a-9322-337962d964de,CAS-00331-YPU3R4,Weight discrepancy: ORD-001977,2c9c763b-e454-4286-9dd9-76469d892032,account,ac759d95-5e43-4a00-9896-13e7541e754c,4cc1658d-6c20-40b3-b81c-6789aef089cd,2,100000000,100000001,2,3,4b30bd90-ff3f-4312-a47b-630f7d42a132,2025-07-10T04:00:49Z,2025-07-10T08:00:49Z,2025-07-15T04:00:49Z,True,2025-07-10T06:07:22Z,False,,False,0.0,,1,5,2025-07-12T07:18:14Z
fbab92a3-b9f9-4996-a447-96ef1e64625d,CAS-00332-FPL9EP,Invoice dispute: ORD-001981,2c9c763b-e454-4286-9dd9-76469d892032,account,9e1adf92-18a2-4c76-b8a3-ccb843e2a542,7b6bb420-7652-4f7e-844c-65f62586566f,2,100000004,100000004,2,2,4cae8e39-e278-419b-94aa-01f9ef63cd2c,2025-08-25T02:28:05Z,2025-08-25T06:28:05Z,2025-08-30T02:28:05Z,True,2025-08-25T05:32:50Z,True,2025-08-28T20:28:05Z,True,1479800000.0,5.0,1,5,2025-08-28T22:56:16Z
02cc41db-0c0d-4a82-b11e-b49ce16e9198,CAS-00333-8J7ZCU,Quality / spec claim: ORD-001982,2c9c763b-e454-4286-9dd9-76469d892032,account,ac79dfe1-1120-4ab3-94c7-fc453610b6c1,92cf1c8d-8803-4641-8368-6665b8b0cf1b,2,100000002,100000003,2,2,4cae8e39-e278-419b-94aa-01f9ef63cd2c,2026-03-02T21:56:25Z,2026-03-03T01:56:25Z,2026-03-07T21:56:25Z,True,2026-03-03T03:22:39Z,False,,False,0.0,3.0,1,5,2026-03-06T09:09:31Z
6c378911-f373-4977-a467-eb193bacf217,CAS-00334-QYU404,Invoice dispute: ORD-001993,59cb1e01-8a40-45cd-9597-b5085bed5760,account,430c9e01-775f-4369-9ead-99db1ed6b1ce,1ab10782-910a-4437-b7db-4bd611d67310,2,100000004,100000004,2,1,4b30bd90-ff3f-4312-a47b-630f7d42a132,2026-06-08T08:46:43Z,2026-06-08T12:46:43Z,2026-06-13T08:46:43Z,True,2026-06-08T09:17:17Z,False,,True,204800000.0,5.0,1,5,2026-06-10T16:02:59Z
c3d68329-3fdb-4f50-b7c1-9e2fc7e7b691,CAS-00335-7W3C2D,Delivery change request: ORD-001995,c2c76cf4-91fd-42b9-b2d9-c2b7416a4f9f,account,8bedc652-853d-4926-b852-c96ba1a84f12,69b73620-cf91-466e-bad1-c4103fd322e0,3,100000006,100000002,2,1,4b30bd90-ff3f-4312-a47b-630f7d42a132,2026-05-10T02:14:36Z,2026-05-10T06:14:36Z,2026-05-15T02:14:36Z,True,2026-05-10T03:44:15Z,False,,,0.0,5.0,1,1000,2026-05-10T06:32:05Z
95dc0b9a-d45a-4951-aaec-4c685b2b6dc3,CAS-00336-KM06CJ,Weight discrepancy: ORD-001996,087df61d-21e4-47e7-b856-fcb38b27036b,account,7d5f5eff-ed17-4620-a3bf-72c1b732e130,2c1b0d5f-7e3a-4375-9650-1b89c4f751d8,2,100000000,100000001,2,1,7931db9d-7b28-4616-ab82-a35fc263b420,2026-02-21T13:52:50Z,2026-02-21T17:52:50Z,2026-02-26T13:52:50Z,True,2026-02-21T16:31:08Z,False,,True,170500000.0,,1,5,2026-02-23T10:37:16Z
b6ef7faf-a612-416f-9d8c-525f3aa599f5,CAS-00337-MRETFQ,Late delivery: ORD-001996,087df61d-21e4-47e7-b856-fcb38b27036b,account,7d5f5eff-ed17-4620-a3bf-72c1b732e130,2c1b0d5f-7e3a-4375-9650-1b89c4f751d8,2,100000001,100000002,2,3,4b30bd90-ff3f-4312-a47b-630f7d42a132,2026-02-21T16:33:25Z,2026-02-21T20:33:25Z,2026-02-26T16:33:25Z,True,2026-02-21T18:28:28Z,False,,False,0.0,,1,5,2026-02-21T23:12:21Z
2c3a1e97-3dd1-44d1-a3d3-689131e9b958,CAS-00338-F1696P,Mill certificate request: ORD-001999,8400bf6e-32c2-468c-973d-c559122beb5e,account,9791855a-a857-4a4e-87f7-da7f693e43ce,bff05afb-b855-4ee7-9d7e-7b12f345cbc7,3,100000005,100000003,3,1,4cae8e39-e278-419b-94aa-01f9ef63cd2c,2026-06-08T09:13:47Z,2026-06-08T17:13:47Z,2026-06-18T09:13:47Z,True,2026-06-08T10:36:16Z,False,,,0.0,4.0,1,1000,2026-06-08T21:34:13Z
190b04c5-05db-4140-8852-21e994a850d5,CAS-00339-NW252J,Late delivery: ORD-002002,cca8f708-df77-41cc-85d1-cfbdd2ec8e7a,account,3af38235-c820-460e-9680-708574c98527,a454ef2c-315e-4a5a-9afd-4f3fbf48aa58,2,100000001,100000002,2,3,4b30bd90-ff3f-4312-a47b-630f7d42a132,2026-06-27T12:18:33Z,2026-06-27T16:18:33Z,2026-07-02T12:18:33Z,True,2026-06-27T13:58:03Z,False,,False,0.0,,1,5,2026-06-27T18:30:24Z
f3641365-06a6-41ff-a705-559492e40034,CAS-00340-GU3NZM,Late delivery: ORD-002023,512896b9-d1a8-470a-afba-959b5ff1e393,account,568a0e58-0406-43c7-83f8-fad1058d2a82,a59d71ec-c73f-4c3c-83d0-90d6ecfac762,2,100000001,100000002,2,1,4cae8e39-e278-419b-94aa-01f9ef63cd2c,2025-12-25T17:41:43Z,2025-12-25T21:41:43Z,2025-12-30T17:41:43Z,True,2025-12-25T18:42:32Z,False,,True,0.0,4.0,1,5,2025-12-26T16:13:57Z
cae58cf3-878b-44d3-a36f-af9cfe65a615,CAS-00341-BMD2LF,Invoice dispute: ORD-002026,5503b3e2-adc3-4d66-99aa-5d3fe9912230,account,d01a092e-b00a-47af-9134-6227cf5ac26c,e9c01658-cc11-4c44-a7d2-cdaff3bfc008,2,100000004,100000004,2,1,4cae8e39-e278-419b-94aa-01f9ef63cd2c,2025-09-20T22:49:55Z,2025-09-21T02:49:55Z,2025-09-25T22:49:55Z,True,2025-09-21T00:11:33Z,True,2025-09-24T16:49:55Z,True,90400000.0,2.0,1,5,2025-10-05T03:55:35Z
f3e8e484-8e80-44ea-ae46-f6179d7e6694,CAS-00342-6R9VXG,Mill certificate request: ORD-002026,5503b3e2-adc3-4d66-99aa-5d3fe9912230,account,d01a092e-b00a-47af-9134-6227cf5ac26c,e9c01658-cc11-4c44-a7d2-cdaff3bfc008,3,100000005,100000003,3,1,0e108913-5aeb-4cd9-a56a-e9713fdfefe6,2025-08-26T16:48:34Z,2025-08-27T00:48:34Z,2025-09-05T16:48:34Z,True,2025-08-26T17:59:37Z,False,,,0.0,,1,1000,2025-08-27T15:48:32Z
86ef6d60-cc6d-4b84-93a9-69fc1ae94262,CAS-00343-ZPFLM1,Late delivery: ORD-002031,d5e82907-d66c-4553-92dc-4248f169e2ce,account,7d0101c9-7028-4b5c-bff4-fa15d6ffd771,0889d708-9d3f-479d-ad05-e392275f1998,2,100000001,100000002,2,1,0e108913-5aeb-4cd9-a56a-e9713fdfefe6,2025-03-18T16:56:20Z,2025-03-18T20:56:20Z,2025-03-23T16:56:20Z,True,2025-03-18T18:41:35Z,False,,True,0.0,,1,5,2025-03-19T02:55:19Z
861895e5-cd62-4e88-90e0-d6c082fb3096,CAS-00344-0GPH7P,Weight discrepancy: ORD-002032,d5e82907-d66c-4553-92dc-4248f169e2ce,account,019830b6-99f4-4c63-84db-cbf83c0ca3f6,a2feb406-9b27-4c8f-af1d-1457ca406c92,2,100000000,100000001,2,3,4b30bd90-ff3f-4312-a47b-630f7d42a132,2025-05-19T00:29:25Z,2025-05-19T04:29:25Z,2025-05-24T00:29:25Z,True,2025-05-19T03:36:19Z,False,,True,164400000.0,,1,5,2025-05-19T07:29:06Z
933c0f9e-69fe-4bd4-ac42-a1336c4d3d92,CAS-00345-0YTP6Q,Invoice dispute: ORD-002039,afe05f6d-66ab-44ad-a4c1-b6ef25896340,account,9a5570b9-4e5e-41a1-aa93-05a89235ae56,1fc98fd1-9121-48d6-bf7d-5ca61fab7f55,2,100000004,100000004,2,1,7931db9d-7b28-4616-ab82-a35fc263b420,2025-03-18T08:40:20Z,2025-03-18T12:40:20Z,2025-03-23T08:40:20Z,True,2025-03-18T09:16:57Z,False,,True,270400000.0,,1,5,2025-03-21T07:35:44Z
ec547730-f19e-46e8-b8f9-3d64ccbf2acc,CAS-00346-19A4FY,Invoice dispute: ORD-002042,afe05f6d-66ab-44ad-a4c1-b6ef25896340,account,85555cb2-7ead-4d32-895d-7662f3548145,11d7d9bf-b6cc-4420-87b8-90b0a83cbc9c,2,100000004,100000004,2,1,4b30bd90-ff3f-4312-a47b-630f7d42a132,2026-01-01T19:23:28Z,2026-01-01T23:23:28Z,2026-01-06T19:23:28Z,True,2026-01-01T20:01:33Z,False,,True,178600000.0,5.0,1,5,2026-01-03T19:18:14Z
396b2115-d043-4383-9867-d375b95cd74a,CAS-00347-CWWS0V,Weight discrepancy: ORD-002047,7388b94e-fcde-4b81-bf9b-cd4addf82d38,account,24c9df2b-fcc7-4878-85bc-b3d597dac9b3,f71ea671-d62e-4c91-b65a-1865d7e13f99,2,100000000,100000001,2,1,0e108913-5aeb-4cd9-a56a-e9713fdfefe6,2025-07-10T14:32:58Z,2025-07-10T18:32:58Z,2025-07-15T14:32:58Z,True,2025-07-10T15:25:28Z,True,2025-07-14T08:32:58Z,True,290700000.0,,1,5,2025-07-15T03:44:43Z
f67b9161-b619-472a-ad8f-b447b0ad892a,CAS-00348-L1ZB2N,Late delivery: ORD-002049,7388b94e-fcde-4b81-bf9b-cd4addf82d38,account,104afbf9-b8c2-48f2-80c7-20c10a1ead51,d930fb04-4172-401e-85ae-5c82b3ea61e3,2,100000001,100000002,2,1,0e108913-5aeb-4cd9-a56a-e9713fdfefe6,2025-09-14T09:59:17Z,2025-09-14T13:59:17Z,2025-09-19T09:59:17Z,True,2025-09-14T10:52:28Z,False,,True,0.0,4.0,1,5,2025-09-14T20:10:54Z
8094c470-a35e-4315-bf69-126748276321,CAS-00349-F5L122,Weight discrepancy: ORD-002054,72652f1e-47b0-41ec-8a32-7480ba9583c5,account,0c6dea88-803a-4c02-910e-111ede1809f8,4cd18c3a-42f9-4f84-958b-560de838af05,2,100000000,100000001,2,2,4cae8e39-e278-419b-94aa-01f9ef63cd2c,2025-11-25T22:35:03Z,2025-11-26T02:35:03Z,2025-11-30T22:35:03Z,True,2025-11-26T01:38:49Z,False,,False,0.0,,1,5,2025-11-27T05:28:00Z
f9a2e352-5321-45d4-804b-cb82b0594c82,CAS-00350-BPZX8M,Delivery change request: ORD-002059,72652f1e-47b0-41ec-8a32-7480ba9583c5,account,7302b7c0-b01a-4d09-b5eb-9d9bd6d6714c,607f5b96-7c9e-40be-b403-9096e1ac0c7b,3,100000006,100000002,2,2,4b30bd90-ff3f-4312-a47b-630f7d42a132,2026-06-21T15:46:59Z,2026-06-21T19:46:59Z,2026-06-26T15:46:59Z,True,2026-06-21T18:03:50Z,False,,,0.0,,1,1000,2026-06-21T20:47:01Z
612974a9-a720-4090-810c-5b4cdd042d8d,CAS-00351-5P8HUE,Weight discrepancy: ORD-002065,21d3b8f2-f3ac-45cb-bf4b-24b9ef4c37d0,account,a174c001-6e0c-4b41-9f3a-0f19a2009a53,e1607e56-c69e-463a-921d-f4aefbe3685e,2,100000000,100000001,2,1,0e108913-5aeb-4cd9-a56a-e9713fdfefe6,2025-07-01T02:33:55Z,2025-07-01T06:33:55Z,2025-07-06T02:33:55Z,True,2025-07-01T04:08:09Z,False,,True,147000000.0,,1,5,2025-07-02T00:24:56Z
7b6a5c42-133e-4866-bca5-87fe50cd289d,CAS-00352-8S968Q,Quality / spec claim: ORD-002066,21d3b8f2-f3ac-45cb-bf4b-24b9ef4c37d0,account,4b27c723-2a07-4583-9366-86b1330c9f49,fa8737b4-d927-4d36-b03c-eeed095161df,2,100000002,100000003,2,3,4b30bd90-ff3f-4312-a47b-630f7d42a132,2025-08-04T06:17:38Z,2025-08-04T10:17:38Z,2025-08-09T06:17:38Z,True,2025-08-04T08:24:09Z,False,,False,0.0,,1,5,2025-08-05T15:01:49Z
c7b0ab24-4a2e-4d12-8979-93c546deb28e,CAS-00353-UKLZ08,Mill certificate request: ORD-002066,21d3b8f2-f3ac-45cb-bf4b-24b9ef4c37d0,account,4b27c723-2a07-4583-9366-86b1330c9f49,fa8737b4-d927-4d36-b03c-eeed095161df,3,100000005,100000003,3,3,4cae8e39-e278-419b-94aa-01f9ef63cd2c,2025-07-29T20:03:46Z,2025-07-30T04:03:46Z,2025-08-08T20:03:46Z,True,2025-07-29T21:31:07Z,False,,,0.0,4.0,1,1000,2025-07-29T23:18:41Z
13693253-b165-4759-8794-bb070c7923c0,CAS-00354-D2AHKC,Mill certificate request: ORD-002096,5354f30f-409c-4120-a18a-ab8219e4d432,account,d66e99fd-0e22-4ef9-823f-947deb6322ca,ee53745f-0106-4b78-bd7d-bcf51cb776d5,3,100000005,100000003,3,3,0e108913-5aeb-4cd9-a56a-e9713fdfefe6,2025-12-14T20:55:52Z,2025-12-15T04:55:52Z,2025-12-24T20:55:52Z,True,2025-12-14T22:07:12Z,False,,,0.0,,1,1000,2025-12-15T04:45:59Z
cbc46d67-91f7-4ddf-b01c-831da850244c,CAS-00355-8VF846,Mill certificate request: ORD-002098,44bb84b2-4a1e-4e91-933e-db88f9c2f1f5,account,b846a043-6d2a-4933-b6c8-e9dd867a6375,0222ab98-e9a8-4afb-87a6-89389125ea45,3,100000005,100000003,3,2,0e108913-5aeb-4cd9-a56a-e9713fdfefe6,2024-11-12T12:20:30Z,2024-11-12T20:20:30Z,2024-11-22T12:20:30Z,True,2024-11-12T16:23:53Z,False,,,0.0,,1,1000,2024-11-13T06:57:55Z
4d49f6d1-e6ec-434e-8543-0c1aef28cbd3,CAS-00356-LDS26X,Invoice dispute: ORD-002116,0290220b-9e7e-4520-b1ec-3c1c04947595,account,47aff91f-370f-41cc-81bf-eef0809e5296,1d12aef2-5df2-48f9-bd69-b3e747140016,2,100000004,100000004,2,2,0e108913-5aeb-4cd9-a56a-e9713fdfefe6,2024-12-14T07:47:37Z,2024-12-14T11:47:37Z,2024-12-19T07:47:37Z,True,2024-12-14T08:57:46Z,False,,False,0.0,,1,5,2024-12-17T00:10:14Z
c4acad84-7e4f-4497-b226-7db4f5629c30,CAS-00357-X1CS7Q,Mill certificate request: ORD-002118,0290220b-9e7e-4520-b1ec-3c1c04947595,account,5f78beeb-6c12-4efd-b44d-9e7bd6b0c549,27f6a2e6-66c1-49ff-bcbd-859751558286,3,100000005,100000003,3,1,7931db9d-7b28-4616-ab82-a35fc263b420,2025-05-11T12:54:39Z,2025-05-11T20:54:39Z,2025-05-21T12:54:39Z,True,2025-05-11T14:28:42Z,False,,,0.0,,1,1000,2025-05-14T06:55:22Z
09fd3331-6f14-4d28-b45e-748b88d3c500,CAS-00358-H2KR1G,Mill certificate request: ORD-002124,45044404-fb7a-4a14-bc87-b2c32c779434,account,1806b370-21df-4b8f-9154-18fe1cc1ce15,16e424fb-fc09-4301-9884-75a69d00714c,3,100000005,100000003,3,1,7931db9d-7b28-4616-ab82-a35fc263b420,2025-05-11T03:33:49Z,2025-05-11T11:33:49Z,2025-05-21T03:33:49Z,True,2025-05-11T04:22:11Z,False,,,0.0,,1,1000,2025-05-11T15:53:41Z
712068ec-aed0-4b87-a830-c28ca8bbc247,CAS-00359-E7WBA5,Quality / spec claim: ORD-002126,45044404-fb7a-4a14-bc87-b2c32c779434,account,06c0031c-4041-4326-9842-b9285ab5a5bb,e03448d6-b2ec-4871-a0ed-4c92f7ce9fe0,2,100000002,100000003,2,1,0e108913-5aeb-4cd9-a56a-e9713fdfefe6,2026-05-09T02:03:59Z,2026-05-09T06:03:59Z,2026-05-14T02:03:59Z,True,2026-05-09T02:14:19Z,True,2026-05-12T20:03:59Z,False,0.0,,1,5,2026-05-19T00:16:49Z
128b9876-29c0-4a48-acd2-ea938a205a8b,CAS-00360-PFH4TB,Late delivery: ORD-002131,6342d18d-fd5c-4a5b-93c7-6f0835025f9c,account,05ef3e05-042d-47de-95f7-0628ab68351e,c0f468ee-fcd9-41a7-bf54-c66c65c7f241,2,100000001,100000002,2,1,0e108913-5aeb-4cd9-a56a-e9713fdfefe6,2025-09-02T16:06:14Z,2025-09-02T20:06:14Z,2025-09-07T16:06:14Z,True,2025-09-02T16:40:45Z,False,,False,0.0,,1,5,2025-09-03T04:59:55Z
a09a720e-82cd-45df-bb92-99351473bc24,CAS-00361-ZE280C,Weight discrepancy: ORD-002134,fe8702cd-7a9b-4f90-a059-f07ac1d10053,account,274132b0-d7b3-4b3b-bebd-912c9dcbc18f,89dd0a67-ab5d-437f-8efb-c9dbe03d43df,2,100000000,100000001,2,1,0e108913-5aeb-4cd9-a56a-e9713fdfefe6,2025-10-04T15:16:55Z,2025-10-04T19:16:55Z,2025-10-09T15:16:55Z,True,2025-10-04T16:27:08Z,False,,True,439700000.0,,1,5,2025-10-07T15:05:19Z
4e4b6b32-02e3-4116-baf4-8cb4cb18f141,CAS-00362-3N12ZL,Quality / spec claim: ORD-002147,eb105574-3b8e-4686-a9ec-f49c5224bc01,account,bb03120a-ad5c-47b5-ac41-9c0d14bc3de0,a7dd5843-da06-4d28-ab2b-74ec1d9b2732,2,100000002,100000003,2,3,7931db9d-7b28-4616-ab82-a35fc263b420,2025-03-04T22:23:16Z,2025-03-05T02:23:16Z,2025-03-09T22:23:16Z,True,2025-03-05T01:06:47Z,True,2025-03-08T16:23:16Z,False,0.0,,1,5,2025-03-09T09:15:34Z
070fc839-e955-4e11-ac27-4b26f2b1c97c,CAS-00363-PE7EJE,Weight discrepancy: ORD-002162,0187074b-e16d-4a59-8971-42bcbe1a45f7,account,ee0ef974-f224-4dbe-9716-ef371b4db095,eb78e91e-ea7c-4bbf-8c8c-368f2dff7bcc,2,100000000,100000001,2,1,4b30bd90-ff3f-4312-a47b-630f7d42a132,2026-06-10T17:13:56Z,2026-06-10T21:13:56Z,2026-06-15T17:13:56Z,True,2026-06-10T18:20:51Z,False,,True,84500000.0,,1,5,2026-06-11T08:14:19Z
965b17a5-cce3-4c75-806f-cf5ba7123a40,CAS-00364-3BN4BY,Late delivery: ORD-002172,a2954ea0-f35f-475f-82bb-7a10348ea61e,account,5f85d916-6280-4c5c-94fd-f391b46bca1f,79f06b31-553c-477c-bc80-a7670e553200,2,100000001,100000002,2,1,0e108913-5aeb-4cd9-a56a-e9713fdfefe6,2026-04-11T14:32:47Z,2026-04-11T18:32:47Z,2026-04-16T14:32:47Z,True,2026-04-11T15:05:25Z,False,,False,0.0,,1,5,2026-04-12T03:06:41Z
b0cfc986-2655-44bb-9833-e0cac4a3e732,CAS-00365-VSCZQZ,Invoice dispute: ORD-002180,7ee385c2-274f-4207-a8b1-ca19b6b581af,account,562b060c-8588-45b7-a247-93d31da104fb,12d70778-d71f-401e-8223-8d7cc2bcb94a,2,100000004,100000004,2,1,0e108913-5aeb-4cd9-a56a-e9713fdfefe6,2026-01-06T02:35:58Z,2026-01-06T06:35:58Z,2026-01-11T02:35:58Z,True,2026-01-06T03:21:03Z,True,2026-01-09T20:35:58Z,False,0.0,,1,5,2026-01-13T03:29:11Z
60f024d4-b077-40d4-ae7c-afde388e7e4d,CAS-00366-NLHAZU,Weight discrepancy: ORD-002184,76cfd5b6-2902-4bda-bcfc-1f9f0af689dd,account,2e33d7ad-1a67-4cdd-8547-25f947d1ec08,daf668ea-6119-44dd-9043-a0a54771bc93,2,100000000,100000001,2,1,7931db9d-7b28-4616-ab82-a35fc263b420,2026-03-02T21:17:57Z,2026-03-03T01:17:57Z,2026-03-07T21:17:57Z,True,2026-03-02T22:56:47Z,True,2026-03-06T15:17:57Z,True,106800000.0,3.0,1,5,2026-03-10T11:28:18Z
19b54df0-46a0-44eb-8908-9c0849493205,CAS-00367-U0T705,Late delivery: ORD-002187,8b609d1e-6c72-4cf8-a11d-b3501169d505,account,dc7f259e-1302-48d7-af1d-e0398835056a,07bdc55e-4c9e-4ccf-aaca-aeab20bb8afa,2,100000001,100000002,2,3,7931db9d-7b28-4616-ab82-a35fc263b420,2025-06-03T14:19:05Z,2025-06-03T18:19:05Z,2025-06-08T14:19:05Z,True,2025-06-03T17:09:59Z,False,,False,0.0,,1,5,2025-06-05T01:09:59Z
6667db62-2196-4435-8e21-0de5f0e92a5a,CAS-00368-ALB04P,Mill certificate request: ORD-002193,504bd946-93c9-4ed3-b937-3c139a706219,account,5689df2f-4879-4540-a869-5e17e23554f4,fa642812-1b0e-4cd4-98b8-aac300dbce2c,3,100000005,100000003,3,2,7931db9d-7b28-4616-ab82-a35fc263b420,2026-05-16T15:08:12Z,2026-05-16T23:08:12Z,2026-05-26T15:08:12Z,True,2026-05-16T17:07:47Z,False,,,0.0,5.0,1,1000,2026-05-17T20:28:31Z
692acf09-4305-41ea-b840-4ce74bc2130c,CAS-00369-KBEWXR,Invoice dispute: ORD-002209,056760f8-0de9-4292-98b5-e7e188ef88f7,account,a9a41f56-2d5f-4fb6-af01-c6873c784ce2,24c117df-175d-46af-b0c4-a58c9df43b87,2,100000004,100000004,2,1,4b30bd90-ff3f-4312-a47b-630f7d42a132,2025-12-01T08:46:13Z,2025-12-01T12:46:13Z,2025-12-06T08:46:13Z,True,2025-12-01T09:55:56Z,True,2025-12-05T02:46:13Z,False,0.0,2.0,1,5,2025-12-06T19:38:25Z
fc64b1a2-edda-43c5-b2cd-c523b1e23b37,CAS-00370-8VW28G,Weight discrepancy: ORD-002213,056760f8-0de9-4292-98b5-e7e188ef88f7,account,c4f40389-d61e-4816-bd7e-84661ce2829e,5304803a-41f0-4dd5-8eee-59a6d45a6c71,2,100000000,100000001,2,3,0e108913-5aeb-4cd9-a56a-e9713fdfefe6,2026-05-26T10:20:36Z,2026-05-26T14:20:36Z,2026-05-31T10:20:36Z,True,2026-05-26T12:08:44Z,False,,True,484700000.0,,1,5,2026-05-28T17:56:56Z
7a86a58d-ed6f-4c3a-9f9d-03660885c892,CAS-00371-KQ0570,Damaged or rusted material: ORD-002215,152b7fbd-aa15-47d3-b4ec-733defe47a7e,account,ffd32439-e7cb-4dda-9f23-dfd803c3c615,dc00461f-f337-4820-9775-85b5c4d99c9d,2,100000003,100000003,1,1,0e108913-5aeb-4cd9-a56a-e9713fdfefe6,2025-08-25T05:43:40Z,2025-08-25T07:43:40Z,2025-08-27T05:43:40Z,True,2025-08-25T07:23:27Z,True,2025-08-26T17:43:40Z,False,0.0,1.0,1,5,2025-08-29T15:26:23Z
9dd549cd-14ca-4e8f-ac27-b6c1186a84d5,CAS-00372-9BHDGC,Weight discrepancy: ORD-002220,81f1a440-0783-4ed6-82e7-18a769fba3fa,account,c38af334-eb71-46bf-96ef-f8980604f03b,eebac187-4b52-4535-b279-697cf5730047,2,100000000,100000001,2,2,4cae8e39-e278-419b-94aa-01f9ef63cd2c,2025-09-30T19:40:42Z,2025-09-30T23:40:42Z,2025-10-05T19:40:42Z,True,2025-09-30T21:33:16Z,True,2025-10-04T13:40:42Z,True,35000000.0,,1,5,2025-10-05T09:59:19Z
b1005d88-60e2-4428-830a-4d18498d21e7,CAS-00373-N650D8,Weight discrepancy: ORD-002234,0343dad2-6d8a-44b2-88cb-4fb10f2aea08,account,fc31d07a-7ba2-42d4-9ba3-a5f9fa02db80,ded5f6c1-70e7-4822-a038-1cea2cb42da7,2,100000000,100000001,2,2,4b30bd90-ff3f-4312-a47b-630f7d42a132,2026-01-20T13:26:56Z,2026-01-20T17:26:56Z,2026-01-25T13:26:56Z,True,2026-01-20T15:11:20Z,True,2026-01-24T07:26:56Z,True,63000000.0,3.0,1,5,2026-01-25T08:57:22Z
67a64fd4-a741-4538-abc8-2a0a9235c3ce,CAS-00374-KXVDTM,Invoice dispute: ORD-002234,0343dad2-6d8a-44b2-88cb-4fb10f2aea08,account,fc31d07a-7ba2-42d4-9ba3-a5f9fa02db80,ded5f6c1-70e7-4822-a038-1cea2cb42da7,2,100000004,100000004,2,1,4cae8e39-e278-419b-94aa-01f9ef63cd2c,2026-01-27T18:11:34Z,2026-01-27T22:11:34Z,2026-02-01T18:11:34Z,True,2026-01-28T01:11:17Z,True,2026-01-31T12:11:34Z,True,161900000.0,3.0,1,5,2026-02-03T10:45:02Z
71240561-999a-48fd-851a-6f0f7408559d,CAS-00375-YLEYJ2,Weight discrepancy: ORD-002235,0343dad2-6d8a-44b2-88cb-4fb10f2aea08,account,f2797657-efeb-48d9-bf35-5f45f7093e08,8e8f2823-8f2c-4073-994c-02a5fa983ae0,2,100000000,100000001,2,1,7931db9d-7b28-4616-ab82-a35fc263b420,2026-03-23T12:29:53Z,2026-03-23T16:29:53Z,2026-03-28T12:29:53Z,True,2026-03-23T13:34:40Z,True,2026-03-27T06:29:53Z,True,152200000.0,,1,5,2026-03-28T14:12:45Z
7d21903f-749f-4c12-9c84-ba68935e4907,CAS-00376-HAE5AG,Damaged or rusted material: ORD-002235,0343dad2-6d8a-44b2-88cb-4fb10f2aea08,account,f2797657-efeb-48d9-bf35-5f45f7093e08,8e8f2823-8f2c-4073-994c-02a5fa983ae0,2,100000003,100000003,1,1,4cae8e39-e278-419b-94aa-01f9ef63cd2c,2026-03-28T08:44:40Z,2026-03-28T10:44:40Z,2026-03-30T08:44:40Z,True,2026-03-28T09:46:48Z,True,2026-03-29T20:44:40Z,False,0.0,,1,5,2026-03-30T20:59:58Z
f558c996-0a45-4d91-801f-02d1ac0c9233,CAS-00377-QU25B7,Late delivery: ORD-002244,6e7cb018-bf11-4b44-8757-b010c7602e01,account,4efc8e8f-dea2-4a39-b78e-2449ceb93d54,76de9eba-b049-4694-9dfd-376fb560fb43,2,100000001,100000002,2,3,0e108913-5aeb-4cd9-a56a-e9713fdfefe6,2026-05-30T21:21:32Z,2026-05-31T01:21:32Z,2026-06-04T21:21:32Z,True,2026-05-30T22:51:29Z,False,,True,0.0,,1,5,2026-05-31T08:27:52Z
e4c5c0c3-5869-4858-ba8d-57507b8aaee2,CAS-00378-A3EUVU,Invoice dispute: ORD-002250,4d4f6a43-edf4-41b5-80a3-d4f68811fcc6,account,233a5ad5-d9da-4fa9-a53e-3ec4e1102b0c,e771ea5f-70de-4668-aa81-821ab133baa0,2,100000004,100000004,2,1,4b30bd90-ff3f-4312-a47b-630f7d42a132,2024-10-06T12:54:01Z,2024-10-06T16:54:01Z,2024-10-11T12:54:01Z,True,2024-10-06T13:38:18Z,False,,False,0.0,3.0,1,5,2024-10-09T01:08:17Z
dd706cdb-8e5f-4337-9094-8974fc153da9,CAS-00379-C7UA71,Weight discrepancy: ORD-002266,83aabf08-2024-45b5-98d0-5a5948724928,account,c6003201-4540-4da0-85f3-1a2aeb830bbf,8977815e-f7b3-4305-97cd-7fa47a1328fa,2,100000000,100000001,2,1,0e108913-5aeb-4cd9-a56a-e9713fdfefe6,2026-05-18T07:32:21Z,2026-05-18T11:32:21Z,2026-05-23T07:32:21Z,True,2026-05-18T11:27:39Z,False,,False,0.0,,1,5,2026-05-19T11:39:47Z
f338ba77-4d97-4122-9d5b-7d45d7473eb6,CAS-00380-888K2E,Late delivery: ORD-002268,41a5bf2e-76f4-4d2d-9981-9f9d349de483,account,da53aae0-19bc-40ca-a562-32abcb6b560a,4162a721-b2c1-4017-86fa-5827136b1624,2,100000001,100000002,2,2,0e108913-5aeb-4cd9-a56a-e9713fdfefe6,2025-09-09T06:53:55Z,2025-09-09T10:53:55Z,2025-09-14T06:53:55Z,True,2025-09-09T10:01:49Z,False,,False,0.0,4.0,1,5,2025-09-10T16:14:09Z
8a715e0c-8bdf-47e7-9920-fd8dbbabb6ec,CAS-00381-SP8HP2,Weight discrepancy: ORD-002272,380c10f6-39b8-4c77-aa25-15bbfe1da55b,account,fc7ae3fe-5f7c-412b-8398-3a64bc6eea2e,bd5e5260-eb5e-4293-b665-d7f609ce4105,2,100000000,100000001,1,1,4cae8e39-e278-419b-94aa-01f9ef63cd2c,2026-01-18T22:39:06Z,2026-01-19T00:39:06Z,2026-01-20T22:39:06Z,True,2026-01-19T00:54:08Z,True,2026-01-20T10:39:06Z,True,309900000.0,2.0,1,5,2026-01-21T16:42:56Z
4f0b9382-beaa-4496-856e-03aebb9539d3,CAS-00382-76R25K,Weight discrepancy: ORD-002300,cf52d3bb-f777-4d24-b1e3-25066e3f4391,account,fb37f89d-a68d-429d-866b-ba305269bc84,0e8c614c-2ac2-4059-85c2-5ebc52070d30,2,100000000,100000001,2,2,4b30bd90-ff3f-4312-a47b-630f7d42a132,2026-02-25T23:35:02Z,2026-02-26T03:35:02Z,2026-03-02T23:35:02Z,True,2026-02-26T01:22:51Z,False,,True,249000000.0,4.0,1,5,2026-02-27T14:22:44Z
575b6eaa-1782-4e9d-854a-df89522766ed,CAS-00383-57DWMU,Late delivery: ORD-002302,ed28e55c-4cf6-4115-ad42-b7e2bf63b3d7,account,38628f86-3e3c-489e-832c-6cfdabfdfea6,56854185-c499-46f4-8b41-13379f84f3c6,2,100000001,100000002,2,1,7931db9d-7b28-4616-ab82-a35fc263b420,2025-04-19T13:22:46Z,2025-04-19T17:22:46Z,2025-04-24T13:22:46Z,True,2025-04-19T14:54:36Z,False,,False,0.0,,1,5,2025-04-20T20:21:21Z
2f9f287e-d490-461b-96f6-206486311301,CAS-00384-50AUC5,Delivery change request: ORD-002302,ed28e55c-4cf6-4115-ad42-b7e2bf63b3d7,account,38628f86-3e3c-489e-832c-6cfdabfdfea6,56854185-c499-46f4-8b41-13379f84f3c6,3,100000006,100000002,2,3,4b30bd90-ff3f-4312-a47b-630f7d42a132,2025-04-16T17:49:45Z,2025-04-16T21:49:45Z,2025-04-21T17:49:45Z,True,2025-04-16T23:10:47Z,False,,,0.0,5.0,1,1000,2025-04-16T23:40:47Z
02beac0e-73fa-417c-876d-503bf4b9184f,CAS-00385-5Q6214,Invoice dispute: ORD-002306,ed28e55c-4cf6-4115-ad42-b7e2bf63b3d7,account,635d67d4-cab4-4de6-b7ae-c6a518049333,e19ee0c7-a02c-4f54-ac90-87924c48c4ba,2,100000004,100000004,2,2,4b30bd90-ff3f-4312-a47b-630f7d42a132,2025-09-02T03:56:44Z,2025-09-02T07:56:44Z,2025-09-07T03:56:44Z,True,2025-09-02T05:46:09Z,False,,True,472400000.0,4.0,1,5,2025-09-03T10:10:50Z
caa8492c-089a-4b25-9544-25cedc181ecd,CAS-00386-FNFF4Z,Delivery change request: ORD-002310,ed28e55c-4cf6-4115-ad42-b7e2bf63b3d7,account,1d369f92-e741-4bdc-ad48-a28eaa3477db,4170111f-ca07-4365-8421-74ab24d6e28d,3,100000006,100000002,2,1,4b30bd90-ff3f-4312-a47b-630f7d42a132,2026-04-06T19:14:41Z,2026-04-06T23:14:41Z,2026-04-11T19:14:41Z,True,2026-04-06T19:53:58Z,False,,,0.0,,1,1000,2026-04-06T21:46:13Z
553c93d5-73ab-44ee-b1b1-14b4ebc6eea0,CAS-00387-X7UBDG,Mill certificate request: ORD-002315,757211ce-749c-4f46-a2aa-7a4ca9c8e5db,account,88219dbe-0180-4f76-8201-4e0447ea0d86,18d06a6a-c8de-4381-804c-23489884e1b3,3,100000005,100000003,3,3,4b30bd90-ff3f-4312-a47b-630f7d42a132,2026-01-13T19:54:47Z,2026-01-14T03:54:47Z,2026-01-23T19:54:47Z,True,2026-01-13T21:18:52Z,False,,,0.0,,1,1000,2026-01-13T21:48:52Z
1e327ebd-c662-408e-9dc0-e3f9df960f67,CAS-00388-DJ3SB6,Invoice dispute: ORD-002316,cfc150f3-96f2-45b5-a6a9-ded1eac3c934,account,8ce5aa9f-fad7-452d-b106-7b046ca14b3e,6d8f7ed9-dbb8-449e-b6b3-c619c240d7a8,2,100000004,100000004,2,1,7931db9d-7b28-4616-ab82-a35fc263b420,2026-01-28T17:50:52Z,2026-01-28T21:50:52Z,2026-02-02T17:50:52Z,True,2026-01-28T19:00:17Z,True,2026-02-01T11:50:52Z,True,157400000.0,2.0,1,5,2026-02-14T11:54:56Z
625636ff-4a4c-4721-9954-7d941cba9037,CAS-00389-D2QMB8,Late delivery: ORD-002324,705ad90a-6f79-4139-ba6d-befbc44e9e72,account,c0c1d5c4-c27b-4c35-bc96-fa1cef28061b,b7d90b8a-3b4c-449f-bccb-74fb9d32a1b7,2,100000001,100000002,2,1,4b30bd90-ff3f-4312-a47b-630f7d42a132,2025-11-29T08:07:17Z,2025-11-29T12:07:17Z,2025-12-04T08:07:17Z,True,2025-11-29T08:53:54Z,False,,True,0.0,,1,5,2025-11-30T04:34:21Z
6e3f87ad-20de-4c38-9fbb-6a49f8cf2ee4,CAS-00390-PVRHTD,Invoice dispute: ORD-002328,705ad90a-6f79-4139-ba6d-befbc44e9e72,account,f83ecaea-3aa7-47ae-8030-8f4c0b61943a,27910331-45ce-4b17-9590-e02ca8b07da7,2,100000004,100000004,2,1,0e108913-5aeb-4cd9-a56a-e9713fdfefe6,2026-06-30T07:25:30Z,2026-06-30T11:25:30Z,2026-07-05T07:25:30Z,True,2026-06-30T08:57:53Z,False,,,,,0,3,2026-06-30T08:57:53Z
748dc11c-72be-491e-85a8-480d91dc8a71,CAS-00391-MRJA4Q,Mill certificate request: ORD-002342,0443777c-7ab8-4d02-85ac-3f00338f29be,account,0ba24a57-fb4a-43f4-a533-dc8ab568204a,c2641d88-5465-4b98-ba34-d3674deb154c,3,100000005,100000003,3,2,4b30bd90-ff3f-4312-a47b-630f7d42a132,2025-12-16T12:06:26Z,2025-12-16T20:06:26Z,2025-12-26T12:06:26Z,True,2025-12-16T13:30:35Z,False,,,0.0,,1,1000,2025-12-16T17:33:42Z
373fd0ac-73a8-4d91-9fcb-769a726a20bb,CAS-00392-4M6A6S,Invoice dispute: ORD-002343,0443777c-7ab8-4d02-85ac-3f00338f29be,account,beca4b19-5040-4eaa-add5-8f3f17c5b4f0,3aec84b4-0af5-421f-a5b8-c289e9bd0906,2,100000004,100000004,2,3,4b30bd90-ff3f-4312-a47b-630f7d42a132,2026-05-21T14:42:53Z,2026-05-21T18:42:53Z,2026-05-26T14:42:53Z,True,2026-05-21T16:31:21Z,False,,False,0.0,,1,5,2026-05-25T00:34:12Z
076a7a9c-e44f-49db-9231-c06e17b0b117,CAS-00393-8ASE3Y,Mill certificate request: ORD-002356,23bdec0a-9085-4205-b160-fa4dc2e8574f,account,f30fef16-c1a8-4e35-bda0-5f935e7ab3fe,06fe3253-8031-490b-a1de-0aab9f603796,3,100000005,100000003,3,1,0e108913-5aeb-4cd9-a56a-e9713fdfefe6,2026-06-14T00:01:03Z,2026-06-14T08:01:03Z,2026-06-24T00:01:03Z,True,2026-06-14T00:44:02Z,False,,,0.0,,1,1000,2026-06-14T13:45:58Z
00b81c78-6065-40b7-bccc-9e95639ec49e,CAS-00394-JRUEQQ,Damaged or rusted material: ORD-002360,3c04a50e-0060-47a3-a073-cd4e192004bd,account,fd8fa525-228a-41a0-bbe0-c2f8005bae8c,acbdedd2-4e91-403b-9076-eba0f815d4cc,2,100000003,100000003,1,2,7931db9d-7b28-4616-ab82-a35fc263b420,2025-12-14T17:26:29Z,2025-12-14T19:26:29Z,2025-12-16T17:26:29Z,True,2025-12-14T19:37:50Z,True,2025-12-16T05:26:29Z,False,0.0,,1,5,2025-12-21T04:43:00Z
11e37f4f-78b1-4dae-914a-2edd45b9c74e,CAS-00395-5N8GER,Quality / spec claim: ORD-002366,0ce7b866-f413-4a29-9f4f-e0a3eca0b24e,account,a7211307-6dba-4397-9ab8-818cfe95634f,5db38499-8d29-4fdc-a40c-9f8ed4306370,2,100000002,100000003,2,1,4cae8e39-e278-419b-94aa-01f9ef63cd2c,2026-02-25T04:21:25Z,2026-02-25T08:21:25Z,2026-03-02T04:21:25Z,True,2026-02-25T06:50:38Z,True,2026-02-28T22:21:25Z,True,499000000.0,2.0,1,5,2026-03-03T11:07:04Z
