invoiceid,invoicenumber,salesorderid,opportunityid,customerid,customeridtype,ownerid,createdon,duedate,totalamount,paymenttermscode,ahn_paidon,statecode,statuscode,transactioncurrencyid
b94cfcf4-8fb1-43a5-88c5-402b998c6b88,INV-000001,cca743fd-96eb-4756-8684-3d56804d5d33,203f074e-e041-4805-bdce-29756aa57f33,4d4f6a43-edf4-41b5-80a3-d4f68811fcc6,account,e27a984d-6548-41d0-bfcd-9eb1a7cad415,2024-07-21T04:47:00Z,2024-07-21,40075230000,100000000,2024-07-20T04:47:00Z,2,100001,7f5b6f7e-1c2d-4a4e-9a51-3a3f1d3c0a01
dc411edf-5d6d-41f4-ad2a-42ff5461bb1c,INV-000002,16572edb-b5b6-4d38-953c-47021e61d2ba,4e09110d-be6e-4244-a526-4d3b67f6730a,1d96dc53-2344-4c54-8cae-f9ec6d44f723,account,0e51f30d-c6a7-4e39-84b0-32ccd7c524a5,2024-08-03T05:45:00Z,2024-10-02,11078781000,4,2024-10-06T06:16:00Z,2,100001,7f5b6f7e-1c2d-4a4e-9a51-3a3f1d3c0a01
ef9e096c-b084-463c-be4e-b66d5042f46c,INV-000003,8d4cdaa5-719c-4657-a38c-ebb36084004a,001ac906-db34-49a9-8d75-b0ee9845a796,144be8bc-e207-4595-be20-9925a72427a6,account,0e51f30d-c6a7-4e39-84b0-32ccd7c524a5,2024-08-18T10:23:00Z,2024-09-17,8510072000,1,2024-09-15T05:07:00Z,2,100001,7f5b6f7e-1c2d-4a4e-9a51-3a3f1d3c0a01
e9914227-4c98-4134-9dc2-4142c4cb8f3d,INV-000004,7259397c-1f14-413c-86d6-c31ba0bc3c69,c674ef70-e1cd-4046-b697-02719b41d9ff,d4f10cf9-f12e-43a3-ae77-54d24c4b6f67,account,e27a984d-6548-41d0-bfcd-9eb1a7cad415,2024-10-03T12:00:00Z,2024-12-02,11472335000,4,2025-04-17T10:35:00Z,2,100001,7f5b6f7e-1c2d-4a4e-9a51-3a3f1d3c0a01
9668c3bb-0d7a-42cf-a39f-e00426cbab65,INV-000005,5cd0359f-1a40-4446-a87b-cdebce03d4c0,e5a80de2-4fee-4c78-95cc-6bec3826995f,f204be89-4a4b-4563-8cf4-77ef18c8a616,account,ce177b4e-0837-48a3-9261-a7ab3aa2e4f9,2024-10-02T11:18:00Z,2024-10-02,14383271000,100000000,2024-10-02T11:18:00Z,2,100001,7f5b6f7e-1c2d-4a4e-9a51-3a3f1d3c0a01
3fbf5784-6404-4619-85fb-99dd2f502567,INV-000006,4abf432e-5943-4127-b073-01a4ae7d7081,a9529fa4-15bf-4efd-acd7-61701d0dc3cd,d57a1134-c82f-48db-9bc6-9dfca6a148c3,account,5304317f-af42-412f-b838-b3268e944239,2024-09-18T06:36:00Z,2024-10-18,2519256000,1,2024-10-23T06:56:00Z,2,100001,7f5b6f7e-1c2d-4a4e-9a51-3a3f1d3c0a01
7e6e4c2d-0e47-45f8-a4c2-89280e4b738e,INV-000007,fe598823-53a4-45b6-b2b3-6c45d525e946,f877fbc4-db00-4586-8ca3-5612b0fd219e,c0d4173b-aa58-40e6-86ef-a55196d0ae38,account,5304317f-af42-412f-b838-b3268e944239,2024-09-19T12:28:00Z,2024-12-18,4521030000,100000001,2024-12-21T08:09:00Z,2,100001,7f5b6f7e-1c2d-4a4e-9a51-3a3f1d3c0a01
b4c2713c-08ea-42dc-9436-120a530df200,INV-000008,d549eee9-0939-412a-91fd-788a457ca8bc,ac21a335-e93c-4172-8300-6a4d353b597d,83aabf08-2024-45b5-98d0-5a5948724928,account,5304317f-af42-412f-b838-b3268e944239,2024-09-11T05:40:00Z,2024-10-11,3014464000,1,2024-10-12T05:37:00Z,2,100001,7f5b6f7e-1c2d-4a4e-9a51-3a3f1d3c0a01
c347069c-9fb8-427b-ac42-cbcc06f1af34,INV-000009,5aa77e2e-39ae-4e5f-b62e-19902b721350,f82aad36-89c0-4ff0-9d4f-4215d46be0f2,c7d4f9ba-cf77-45c0-940b-86685d7b783f,account,24933b83-7577-40a9-a491-f0b2ea1fca65,2024-09-14T10:44:00Z,2024-09-14,79432582000,100000000,2024-09-13T10:44:00Z,2,100001,7f5b6f7e-1c2d-4a4e-9a51-3a3f1d3c0a01
0db4f7a0-a245-41e7-8239-9c4373a1872e,INV-000010,2cf9b230-676f-4928-89aa-286dffd16bb4,57658e13-d6f1-4320-8f2c-e5b9e850ad62,17158cbe-342b-4225-9873-7a1d4d6d1f82,account,10f1bc81-448a-4a9e-a6b2-bc5b50c187fc,2024-09-26T12:03:00Z,2024-11-25,41699166000,4,2024-12-21T08:01:00Z,2,100001,7f5b6f7e-1c2d-4a4e-9a51-3a3f1d3c0a01
5caf4366-ffa6-4ce6-9f3a-34cebce148df,INV-000011,7c21feb4-7cd8-4833-b6f3-a9f29d80cd2f,21f110f3-9703-4a74-86ed-4e3453836097,512896b9-d1a8-470a-afba-959b5ff1e393,account,366eb16f-508e-4ad7-b7c9-3acfe059a0ee,2024-10-27T09:09:00Z,2024-10-27,37659460000,100000000,2024-10-27T09:09:00Z,2,100001,7f5b6f7e-1c2d-4a4e-9a51-3a3f1d3c0a01
3731ff7d-04f3-4ca5-889b-fbfffba05810,INV-000012,18e8edff-38e6-4127-a05f-6b13dd83fc2a,d607bb17-80cc-499e-bd40-466c91a38a10,8b17251e-7f11-4d61-b24c-7474030aaf26,account,ce177b4e-0837-48a3-9261-a7ab3aa2e4f9,2024-10-14T11:34:00Z,2024-10-14,107176379000,100000000,2024-10-14T11:34:00Z,2,100001,7f5b6f7e-1c2d-4a4e-9a51-3a3f1d3c0a01
5ce8e692-064e-4e70-b0cf-2d863b837d0d,INV-000013,16206c96-b857-45b4-812e-796cf47cde0f,c01a48b1-6937-4c46-9c3a-bd2a62ccac09,44bb84b2-4a1e-4e91-933e-db88f9c2f1f5,account,24933b83-7577-40a9-a491-f0b2ea1fca65,2024-10-28T10:24:00Z,2024-12-27,24231549000,4,2025-01-04T08:02:00Z,2,100001,7f5b6f7e-1c2d-4a4e-9a51-3a3f1d3c0a01
5f80a94e-72c5-4547-8fd4-803fa236bd80,INV-000014,3972955f-f318-48ac-b287-62cda517adae,c9f8892c-f9c9-48ff-9c6e-cbd2771e996c,380c10f6-39b8-4c77-aa25-15bbfe1da55b,account,366eb16f-508e-4ad7-b7c9-3acfe059a0ee,2024-10-02T05:08:00Z,2024-11-01,13681847000,1,2024-10-30T07:23:00Z,2,100001,7f5b6f7e-1c2d-4a4e-9a51-3a3f1d3c0a01
b91cb4a0-c5ee-4f8c-85a3-1cafbae1a218,INV-000015,f3f54308-87d4-4e6d-93fe-da787e39a37c,900e0786-0aa3-4c8a-ae5e-ae54d08cd4b1,eb105574-3b8e-4686-a9ec-f49c5224bc01,account,0e51f30d-c6a7-4e39-84b0-32ccd7c524a5,2024-10-13T12:59:00Z,2024-11-12,35944044000,1,2024-11-13T13:19:00Z,2,100001,7f5b6f7e-1c2d-4a4e-9a51-3a3f1d3c0a01
19a90b0e-054b-4638-9450-12c70ff6d461,INV-000016,e9107c1f-86d2-4d72-80d3-df6e18001549,f82f9674-0427-42d9-8b0a-dcaf15970500,74799ed4-1a43-44bb-86b6-c38c5eca0ea3,account,0e51f30d-c6a7-4e39-84b0-32ccd7c524a5,2024-10-13T10:11:00Z,2024-12-12,6023380000,4,2024-12-19T08:11:00Z,2,100001,7f5b6f7e-1c2d-4a4e-9a51-3a3f1d3c0a01
6a3f3be2-fbe6-47f9-9f7d-81937e253b38,INV-000017,a32f0b9a-fb12-45ff-a82c-428511f01e84,4ea623e3-47b2-4835-b655-4281d10ef70c,6342d18d-fd5c-4a5b-93c7-6f0835025f9c,account,24933b83-7577-40a9-a491-f0b2ea1fca65,2024-10-16T12:50:00Z,2024-11-15,90868960000,1,2024-11-13T12:28:00Z,2,100001,7f5b6f7e-1c2d-4a4e-9a51-3a3f1d3c0a01
106fc253-c699-47f1-93ac-ce7909ff566c,INV-000018,e013f345-7670-45a5-8b9c-988a5bb24e92,33ab6ceb-1cf0-4f03-802f-74068c13ea4e,9db51ce2-8797-4353-97d6-7d9288c55582,account,ce177b4e-0837-48a3-9261-a7ab3aa2e4f9,2024-10-29T06:34:00Z,2024-11-28,57451804000,1,2025-02-11T11:56:00Z,2,100001,7f5b6f7e-1c2d-4a4e-9a51-3a3f1d3c0a01
56074a34-e08b-4556-bd12-e0d24af6159b,INV-000019,8844f32b-5b13-4988-8d15-ab18df40268c,df40ab5d-819a-4f42-ba51-f278e7b86544,fe8702cd-7a9b-4f90-a059-f07ac1d10053,account,9132b63e-f162-47e4-a9c3-49e03602f8ac,2024-10-17T07:09:00Z,2024-10-17,58768253000,100000000,2024-10-15T07:09:00Z,2,100001,7f5b6f7e-1c2d-4a4e-9a51-3a3f1d3c0a01
38e43bf9-5082-4c4e-9a57-9ab9549c9676,INV-000020,27362677-4b13-4b6a-8ef0-5e0879c3de2a,c6af6852-c571-4091-a587-cb1289dc3fe5,6c32e888-f4bd-4373-9e04-aa492f166543,account,5304317f-af42-412f-b838-b3268e944239,2024-10-19T05:54:00Z,2024-10-19,20090860000,100000000,2024-10-16T05:54:00Z,2,100001,7f5b6f7e-1c2d-4a4e-9a51-3a3f1d3c0a01
cfd3fefd-bc13-4586-b0b1-f02bd6262706,INV-000021,17e0c203-6623-49bc-9aa6-99cad1b3f6b1,b51f81c1-a320-4090-81bc-940061ab57d8,e06c5f09-f6c4-4c4a-9a81-7d76d0a2c065,account,24933b83-7577-40a9-a491-f0b2ea1fca65,2024-10-26T11:59:00Z,2024-12-25,8215764000,4,2024-12-22T08:41:00Z,2,100001,7f5b6f7e-1c2d-4a4e-9a51-3a3f1d3c0a01
0e473d84-dff0-41c1-a763-a5ad6136ff3f,INV-000022,3e027b1f-e38d-4d98-b39b-fd7bc906f88b,83fbc4ab-9ec0-4b56-8cac-575e3d8e3a9c,2ff3cde4-6aa4-4c9f-9217-04753d959e3f,account,b02b61c4-a3d7-4628-ace6-6fa2fd5166e6,2024-10-31T10:10:00Z,2024-12-30,58800218000,4,2024-12-28T10:02:00Z,2,100001,7f5b6f7e-1c2d-4a4e-9a51-3a3f1d3c0a01
be956bd8-6bc5-4c4c-b4e3-bb635caea0f0,INV-000023,8654e1ba-d900-4b8f-98ea-677300b2c0cd,2fd4b066-0ef0-4398-bfe7-8b0f7405da66,935d1c24-0246-4d11-97ab-d79712886be9,account,ce177b4e-0837-48a3-9261-a7ab3aa2e4f9,2024-12-05T12:18:00Z,2025-03-05,28339591000,100000001,2025-03-02T10:08:00Z,2,100001,7f5b6f7e-1c2d-4a4e-9a51-3a3f1d3c0a01
989c8a74-36e9-4805-a224-b85a1c396065,INV-000024,e0a043ae-c0e2-4abf-aff2-7e2f520b81d7,08303126-82ec-4f42-9a40-77920209f205,9b6fbe20-4b3a-4a83-a286-16f4bbf9a04b,account,366eb16f-508e-4ad7-b7c9-3acfe059a0ee,2024-11-25T06:10:00Z,2025-01-24,23098877000,4,2025-01-28T11:39:00Z,2,100001,7f5b6f7e-1c2d-4a4e-9a51-3a3f1d3c0a01
6dc7d0d6-eb75-4ba9-900a-48b69ea1fc15,INV-000025,5f9838db-6116-4281-aa53-916fc39f26ff,78036104-2b64-4d93-b4ac-c51f1c1611c5,0290220b-9e7e-4520-b1ec-3c1c04947595,account,b02b61c4-a3d7-4628-ace6-6fa2fd5166e6,2024-11-26T11:20:00Z,2025-01-25,26895179000,4,2025-01-23T11:51:00Z,2,100001,7f5b6f7e-1c2d-4a4e-9a51-3a3f1d3c0a01
1f3ba175-e6ea-4ac4-b818-427595dd68c5,INV-000026,fde83a03-e55f-4c76-bc40-9354dcc202e5,8ba6bffc-3819-4da3-bebe-21f0b0925999,5354f30f-409c-4120-a18a-ab8219e4d432,account,10f1bc81-448a-4a9e-a6b2-bc5b50c187fc,2024-11-11T07:00:00Z,2025-02-09,26833158000,100000001,2025-02-08T08:02:00Z,2,100001,7f5b6f7e-1c2d-4a4e-9a51-3a3f1d3c0a01
bbfd4a02-0a11-4a36-ab1c-3e2ec14185f7,INV-000027,0f7aff6e-54b9-4b3b-8f6c-a162f0773f92,89f5f2ec-054f-422c-98af-e5395ab6b863,e716eb38-581f-43df-be71-bda810128b96,account,0e51f30d-c6a7-4e39-84b0-32ccd7c524a5,2024-10-27T09:35:00Z,2024-11-26,12407950000,1,2024-12-26T10:51:00Z,2,100001,7f5b6f7e-1c2d-4a4e-9a51-3a3f1d3c0a01
c044d3f1-b1db-4409-a4ba-f17e11e2552d,INV-000028,f4f839d9-8581-416a-b4bc-ee91513d25a1,5fb921af-6831-4ce5-bf68-d20d716727b8,45044404-fb7a-4a14-bc87-b2c32c779434,account,10f1bc81-448a-4a9e-a6b2-bc5b50c187fc,2024-11-03T11:06:00Z,2025-01-02,28530901000,4,2024-12-30T11:56:00Z,2,100001,7f5b6f7e-1c2d-4a4e-9a51-3a3f1d3c0a01
47984559-2ce5-4d3c-9e1e-4e2e078fbe3a,INV-000029,0ae43bba-ec31-4978-93b4-d12154eef4d6,7dac893d-6942-46db-b2da-52c6915b3cd3,7d68fb16-11a0-406c-abe0-a95329f32051,account,10f1bc81-448a-4a9e-a6b2-bc5b50c187fc,2024-11-09T11:23:00Z,2024-12-09,21259997000,1,2024-12-10T12:32:00Z,2,100001,7f5b6f7e-1c2d-4a4e-9a51-3a3f1d3c0a01
d854987c-2996-443d-a4be-478bd38d50e6,INV-000030,83382f03-cd47-48f9-9fb8-f6cf70988dac,737f718a-ad6a-400c-ba20-97bd1a9fdb8e,51f4a724-9950-4858-88ca-c260b3f5a21c,account,24933b83-7577-40a9-a491-f0b2ea1fca65,2024-11-04T04:55:00Z,2024-11-04,58122360000,100000000,2024-11-02T04:55:00Z,2,100001,7f5b6f7e-1c2d-4a4e-9a51-3a3f1d3c0a01
98c80dac-bcdf-4b10-8eb9-6afd90649700,INV-000031,6c73425a-496e-456d-b790-a3f0c878cc30,46d2696a-bc8f-4da8-a92b-e777c65dd413,bcf2fc3b-d958-44c2-a053-8c1ba84510a1,account,e27a984d-6548-41d0-bfcd-9eb1a7cad415,2024-11-06T10:49:00Z,2025-01-05,63018805000,4,2025-01-06T11:38:00Z,2,100001,7f5b6f7e-1c2d-4a4e-9a51-3a3f1d3c0a01
c0a18525-4e50-4c39-a4ab-0c196beb8c0f,INV-000032,04e10a96-5ee2-40c4-b5e2-fdf8fa7ca745,daf816d7-c346-439b-a89f-c1da16722869,c6a07656-c5c9-4b91-bf6e-f9ed7e4ce29f,account,24933b83-7577-40a9-a491-f0b2ea1fca65,2024-11-20T12:40:00Z,2024-12-20,25585696000,1,2024-12-18T08:26:00Z,2,100001,7f5b6f7e-1c2d-4a4e-9a51-3a3f1d3c0a01
2210d7e7-5c23-4140-a1bd-d6aebb95d10f,INV-000033,b5f9a053-d574-4ebb-9a6b-f9baa28e0a22,ad4e4ff8-8736-4422-b74e-e609d86fd87e,e8b77f7b-7321-4f6b-8a80-76ece5582e16,account,24933b83-7577-40a9-a491-f0b2ea1fca65,2024-11-24T09:30:00Z,2025-01-23,38192070000,4,2025-01-25T10:21:00Z,2,100001,7f5b6f7e-1c2d-4a4e-9a51-3a3f1d3c0a01
da76bedd-89cd-4093-8617-c05bce793f06,INV-000034,6f15656e-a194-4e27-a9a4-7ca4688807e1,85d438ce-9a87-4ebf-946b-6e101d2f82d1,16591c89-21eb-4aa9-9a2b-d69c450f69ee,account,24933b83-7577-40a9-a491-f0b2ea1fca65,2024-11-07T08:20:00Z,2025-01-06,19103727000,4,2025-01-27T12:11:00Z,2,100001,7f5b6f7e-1c2d-4a4e-9a51-3a3f1d3c0a01
99737aa4-3432-4b1e-9935-d9f567281b74,INV-000035,2427b821-3623-46a2-94c0-7a4564b96ddb,abb240db-7171-4825-b63a-520169ceba2d,2285b2ef-cfbe-4fe9-aea9-c542a1b970d0,account,0e51f30d-c6a7-4e39-84b0-32ccd7c524a5,2024-11-20T12:00:00Z,2024-11-20,22437316000,100000000,2024-11-18T12:00:00Z,2,100001,7f5b6f7e-1c2d-4a4e-9a51-3a3f1d3c0a01
3c1f267f-5253-404a-8b7b-4883f38916be,INV-000036,5840eb72-3936-4f68-bf65-4c5477983209,c3f66c68-79ce-4112-9926-43508cfccda2,e2c328aa-3310-4475-8a86-22250b36e356,account,5304317f-af42-412f-b838-b3268e944239,2024-11-17T09:41:00Z,2024-12-17,20766167000,1,2024-12-17T10:06:00Z,2,100001,7f5b6f7e-1c2d-4a4e-9a51-3a3f1d3c0a01
1203f15e-df6c-4e6f-a411-1f4a8406562d,INV-000037,8dd8c95b-deef-4508-bd85-9f6f5bbc8128,4b2e7986-d743-42a7-a1b7-4c92fdcc48a5,7317591a-3283-4aa4-a212-ab7c9d361cb6,account,366eb16f-508e-4ad7-b7c9-3acfe059a0ee,2024-12-02T07:19:00Z,2025-01-01,99604317000,1,2025-01-12T11:47:00Z,2,100001,7f5b6f7e-1c2d-4a4e-9a51-3a3f1d3c0a01
cecde305-104e-4de9-8907-a578a69a2d2c,INV-000038,0355363a-10ae-4021-b558-531a5e8c9510,e2c38f89-f4e2-4ffb-82fd-089927aa6b24,ff4c96d6-71f2-4e8f-b69f-68c3e60fd420,account,5304317f-af42-412f-b838-b3268e944239,2024-11-20T10:30:00Z,2024-12-20,25631753000,1,2024-12-24T12:36:00Z,2,100001,7f5b6f7e-1c2d-4a4e-9a51-3a3f1d3c0a01
228c8219-6582-4636-90aa-3df3e38835cb,INV-000039,84fa406b-ce2b-423b-bfca-442ee3a057b4,7c142149-da02-4f54-84d6-5a2123e2c160,89a3c811-895c-4fde-a3fa-40691519fd38,account,b02b61c4-a3d7-4628-ace6-6fa2fd5166e6,2024-11-09T09:49:00Z,2025-02-07,17390212000,100000001,2025-02-05T08:46:00Z,2,100001,7f5b6f7e-1c2d-4a4e-9a51-3a3f1d3c0a01
bf0fd59c-b032-47a7-bccb-40808b22b6ab,INV-000040,7818382a-53df-410f-9da7-a4e58b62c2e9,f06dc5f3-f636-4fe5-9387-7d9e815c3d94,d5f0fb6a-4596-4a75-b4df-b83ff659f188,account,9132b63e-f162-47e4-a9c3-49e03602f8ac,2025-04-23T05:29:00Z,2025-07-22,100413159000,100000001,2025-09-20T11:33:00Z,2,100001,7f5b6f7e-1c2d-4a4e-9a51-3a3f1d3c0a01
af5adcca-a240-47eb-9faf-a7a7c6fba2cd,INV-000041,8da411b6-894c-4c78-ad9e-3fc464114680,743d0ed3-5540-4f98-b8d8-b584ce04663f,d02c75f9-198d-43a4-8cd2-0e4376dae194,account,366eb16f-508e-4ad7-b7c9-3acfe059a0ee,2024-11-27T13:17:00Z,2024-11-27,18010591000,100000000,2024-11-25T13:17:00Z,2,100001,7f5b6f7e-1c2d-4a4e-9a51-3a3f1d3c0a01
f4a83eb6-0949-4f68-8c8e-2f8c623790a3,INV-000042,307e1c89-c659-45b8-883f-55e353af2d8b,e5dcdfd7-95c4-4328-93f3-170d502fb862,502cf0ee-224a-46a6-ac0f-680115b24e1d,account,24933b83-7577-40a9-a491-f0b2ea1fca65,2024-12-11T06:03:00Z,2025-02-09,9972055000,4,2025-06-07T10:09:00Z,2,100001,7f5b6f7e-1c2d-4a4e-9a51-3a3f1d3c0a01
5e80cdad-d7ed-453c-8e23-6d9ac4d47f96,INV-000043,580ee961-c2ee-4280-90f1-6f10cb36df00,c83c29de-34ec-4c7b-aa94-727f2eef9e7c,17e52113-4626-43be-a068-8849eec71a30,account,5304317f-af42-412f-b838-b3268e944239,2024-11-16T10:24:00Z,2024-12-16,75074888000,1,2025-02-08T12:39:00Z,2,100001,7f5b6f7e-1c2d-4a4e-9a51-3a3f1d3c0a01
ec98eff9-5c57-48fb-b2b9-050b280934d3,INV-000044,16c9e74c-dac8-4de7-9d6b-fb759ba695e3,a89966aa-ad52-4e85-b1da-666c18b77c57,3ee82983-d557-4241-91dd-b9bf613d2de9,account,b02b61c4-a3d7-4628-ace6-6fa2fd5166e6,2024-11-18T10:11:00Z,2024-12-18,14999090000,1,2024-12-17T05:55:00Z,2,100001,7f5b6f7e-1c2d-4a4e-9a51-3a3f1d3c0a01
0840ef45-cf4f-4375-8002-b6c88cea388e,INV-000045,1fe82970-5264-479d-8444-9da1094e271a,1a1d1873-7860-48cd-8179-3186bfb2f2e1,7a5d7c82-86c5-447c-851a-00393803dcee,account,0e51f30d-c6a7-4e39-84b0-32ccd7c524a5,2024-12-03T09:28:00Z,2025-02-01,25547442000,4,2025-01-30T06:34:00Z,2,100001,7f5b6f7e-1c2d-4a4e-9a51-3a3f1d3c0a01
059b51a2-48c0-4edf-adf3-e9c2546953f0,INV-000046,c737c4fa-a38b-4284-afe1-da1a7823d81f,1415596f-f5c3-4837-9461-1d95c40a572d,6b0ae0e3-9d89-4047-9d39-d7936257a4a2,account,0e51f30d-c6a7-4e39-84b0-32ccd7c524a5,2024-11-19T11:01:00Z,2024-12-19,23486879000,1,2024-12-16T06:49:00Z,2,100001,7f5b6f7e-1c2d-4a4e-9a51-3a3f1d3c0a01
34515aa2-554e-4a10-b5f3-379873fd3dab,INV-000047,e7f1b740-657d-4528-82b1-df91850bdd6e,3b93bf18-9551-4d67-ad08-2d74fcc93eed,965d744f-0445-41a8-92af-97e4c536c66e,account,5304317f-af42-412f-b838-b3268e944239,2024-11-21T06:24:00Z,2024-12-21,42047035000,1,2025-01-16T07:00:00Z,2,100001,7f5b6f7e-1c2d-4a4e-9a51-3a3f1d3c0a01
6110d606-b5a0-4fcc-91df-e76bdbdea7b4,INV-000048,f1982a1e-a734-468d-b692-e469a45c2576,c3745229-71ee-492e-8588-14eb6a6c3676,73253aa3-ec17-4298-943d-f5b3a58e83dd,account,e27a984d-6548-41d0-bfcd-9eb1a7cad415,2024-11-25T10:08:00Z,2024-11-25,24202901000,100000000,2024-11-24T10:08:00Z,2,100001,7f5b6f7e-1c2d-4a4e-9a51-3a3f1d3c0a01
138830eb-a402-4de4-bcf2-f3e5c9602cf5,INV-000049,24c75676-169d-46c3-89d6-29006ee7518a,350823d0-1684-403b-bf02-fd546e9e4d45,73b0d676-3527-45c8-8534-ca08f6f24d1c,account,366eb16f-508e-4ad7-b7c9-3acfe059a0ee,2024-11-20T09:52:00Z,2024-12-20,23968175000,1,2025-07-14T07:27:00Z,2,100001,7f5b6f7e-1c2d-4a4e-9a51-3a3f1d3c0a01
75ba85df-ca54-4924-afb8-acc3c57f3885,INV-000050,8e55a9db-8e04-4430-a205-b500e567e354,a243cbab-567d-4ee6-a3d6-d3573ffeddba,9c3de1b0-022b-4683-9033-da6587cf63fd,account,beb79919-3f22-4af8-a3be-d01d43cf2fde,2024-11-17T05:23:00Z,2025-01-16,33464900000,4,2025-01-30T07:56:00Z,2,100001,7f5b6f7e-1c2d-4a4e-9a51-3a3f1d3c0a01
006dbe2d-fdca-481e-bb8b-4bb4796d19bd,INV-000051,d16c0a67-a5fd-499b-833b-4d4316b6556f,13a370b0-8b97-4802-96f2-7b86f554facb,f3f48d53-1120-41b7-9b23-91f0f620e4c0,account,366eb16f-508e-4ad7-b7c9-3acfe059a0ee,2024-11-04T12:37:00Z,2025-01-03,71391841000,4,2025-01-22T09:39:00Z,2,100001,7f5b6f7e-1c2d-4a4e-9a51-3a3f1d3c0a01
01f2a904-687d-4109-930a-9cdc953956e6,INV-000052,675bb586-f70e-4b43-a66e-a696322f04e6,4f9114f1-69ec-4a20-9ad4-7cfb44839883,8fddbebc-f7ff-48d4-b509-f08a2c988bca,account,5304317f-af42-412f-b838-b3268e944239,2024-11-17T11:11:00Z,2024-11-17,18988453000,100000000,2024-11-15T11:11:00Z,2,100001,7f5b6f7e-1c2d-4a4e-9a51-3a3f1d3c0a01
2f8e3cde-ceed-4234-96f5-87d8a192d203,INV-000053,86c6855b-a041-4f85-966c-c616b14d63b3,7b3e8c81-4e02-4c8a-8dde-ca83ce82f8a0,af70de70-2b69-495e-8567-1b58926bffa5,account,24933b83-7577-40a9-a491-f0b2ea1fca65,2024-11-25T12:32:00Z,2024-11-25,24459261000,100000000,2024-11-23T12:32:00Z,2,100001,7f5b6f7e-1c2d-4a4e-9a51-3a3f1d3c0a01
01c6a04b-9049-4d0c-9a13-b77ebc4692d2,INV-000054,0e6a1812-9c4f-4a37-932d-02319c5659d1,bd8cba3b-843b-417d-a2bd-82c1b0f25f49,bcaff931-ead1-4464-8a8e-858cd0f81063,account,10f1bc81-448a-4a9e-a6b2-bc5b50c187fc,2024-12-02T10:14:00Z,2025-01-01,24126883000,1,2025-06-05T12:08:00Z,2,100001,7f5b6f7e-1c2d-4a4e-9a51-3a3f1d3c0a01
4c7e8b29-14a8-43fc-b71d-dd8dd68199b3,INV-000055,eb8e8311-1ce6-4dbb-92f0-633fe31c06da,dac79cea-5b86-4333-9969-b46e9f6eb7b2,8c52d271-0a16-4e18-a90e-3e894b9c22f4,account,ce177b4e-0837-48a3-9261-a7ab3aa2e4f9,2024-11-30T11:57:00Z,2024-11-30,114414294000,100000000,2024-11-28T11:57:00Z,2,100001,7f5b6f7e-1c2d-4a4e-9a51-3a3f1d3c0a01
ea6a42ca-7b45-4327-a99d-6ad4a9c75de4,INV-000056,ed4f23ec-70a6-4d66-9737-21715b932740,19ea5e46-059e-4837-ab11-c1f1e02beeab,ef2ddcc4-8df6-41da-9f07-c1a5dfc620ce,account,beb79919-3f22-4af8-a3be-d01d43cf2fde,2024-11-16T08:32:00Z,2024-12-16,27159752000,1,2024-12-29T10:06:00Z,2,100001,7f5b6f7e-1c2d-4a4e-9a51-3a3f1d3c0a01
e414c193-ed4d-4f00-92e9-a4dccc74a735,INV-000057,b89cd9fd-ded0-4368-b1f0-ef7f1373ec3a,8065a12d-0c23-4d1d-bb8b-ce563a2c0dd7,453b45fe-636c-4499-9254-aad3809cd839,account,24933b83-7577-40a9-a491-f0b2ea1fca65,2024-11-20T12:31:00Z,2024-12-20,92683073000,1,2024-12-21T11:14:00Z,2,100001,7f5b6f7e-1c2d-4a4e-9a51-3a3f1d3c0a01
d2875a1d-2dca-4472-9178-5f238a69c05b,INV-000058,5f7a51ba-7f33-4ead-a808-9c29e55ed31a,6b5bf291-7227-4a6b-a594-5e9d4767fe83,73e7f042-516c-4b0a-9385-3918bc4015fa,account,10f1bc81-448a-4a9e-a6b2-bc5b50c187fc,2024-11-26T08:41:00Z,2024-11-26,14916195000,100000000,2024-11-25T08:41:00Z,2,100001,7f5b6f7e-1c2d-4a4e-9a51-3a3f1d3c0a01
9c806f55-79d1-4b33-bdd5-1dfe6ba2353c,INV-000059,240a2db9-c6ac-4fa0-94b4-f289317bfb2d,907fdee6-364d-463a-8fb5-6a91ebca02d3,00fa0eb4-5c5f-48d4-8df4-07b82751ab86,account,10f1bc81-448a-4a9e-a6b2-bc5b50c187fc,2024-11-16T06:04:00Z,2024-11-16,37705560000,100000000,2024-11-15T06:04:00Z,2,100001,7f5b6f7e-1c2d-4a4e-9a51-3a3f1d3c0a01
861c9b5f-113b-4b6b-b179-f0b704aa1d2c,INV-000060,71e7f679-4cf2-4c15-b0fa-4d187c3772a1,603a77f6-ef7e-48b7-855e-bd5aec8bc81d,614c721d-a921-4b4c-95fb-e976ae007b7e,account,ce177b4e-0837-48a3-9261-a7ab3aa2e4f9,2024-12-08T04:45:00Z,2025-03-08,223585226000,100000001,2025-10-18T13:10:00Z,2,100001,7f5b6f7e-1c2d-4a4e-9a51-3a3f1d3c0a01
104d5b14-21f4-4412-95fd-0b443b93503f,INV-000061,db88d6ff-6799-46f8-b8a2-8fa08801646e,c6aba64f-da41-4fb6-b057-ffbf89711599,6afa828c-2cd1-4b9f-abe5-841fe9c96c52,account,366eb16f-508e-4ad7-b7c9-3acfe059a0ee,2024-11-23T04:49:00Z,2024-11-23,6824542000,100000000,2024-11-20T04:49:00Z,2,100001,7f5b6f7e-1c2d-4a4e-9a51-3a3f1d3c0a01
4ee8f8f0-633d-4f14-af19-1d382a3ac5e2,INV-000062,1b657a6b-0978-4000-b68e-974d6a2f3280,ad3970d1-125d-43d8-a465-2ac74b06dd1d,485f7888-1e23-4a4b-9e21-741fb8011026,account,5304317f-af42-412f-b838-b3268e944239,2024-11-16T04:38:00Z,2024-12-16,19150352000,1,2024-12-22T13:25:00Z,2,100001,7f5b6f7e-1c2d-4a4e-9a51-3a3f1d3c0a01
0ef974a9-e72b-4e03-b356-131b699dba9b,INV-000063,c4b3486f-c68a-4cec-ac52-8ec320aad273,3577f4b0-fd3d-40bc-8e34-df76d1298de6,7ec59e55-1b98-467e-8cc8-8dc68127a367,account,5304317f-af42-412f-b838-b3268e944239,2024-12-01T05:05:00Z,2024-12-31,25705521000,1,2025-01-01T09:06:00Z,2,100001,7f5b6f7e-1c2d-4a4e-9a51-3a3f1d3c0a01
c42eb83e-fc63-40de-a22b-d1ea5bff04ad,INV-000064,8ab2e4dc-0ae2-4162-aab4-1975bff2e281,1df3b6e5-a175-4db6-aeea-e4ecbbe3775d,0a3169f7-29a9-4bf0-9a82-95a04b1b9280,account,10f1bc81-448a-4a9e-a6b2-bc5b50c187fc,2024-12-01T10:58:00Z,2024-12-31,21416857000,1,2025-01-26T06:59:00Z,2,100001,7f5b6f7e-1c2d-4a4e-9a51-3a3f1d3c0a01
ca612392-0b42-406b-9156-a4bb31031fa0,INV-000065,1980de61-b893-46e5-9d25-386f90b4e432,87413547-923d-4464-8775-86ed0c9ec773,bd2d09f7-0ca2-4bc7-b31d-3a4143eb3c09,account,366eb16f-508e-4ad7-b7c9-3acfe059a0ee,2024-11-23T08:23:00Z,2024-12-23,50401862000,1,2025-01-02T07:08:00Z,2,100001,7f5b6f7e-1c2d-4a4e-9a51-3a3f1d3c0a01
7dbf8eb3-314c-4337-b00e-5bdc22c49c1d,INV-000066,3644faf7-b089-4bfb-b26a-2ccf1938180b,34c3de25-f45f-40b6-a020-8323371a66b9,24eeb4a6-c145-45c7-9d98-6115f05eeefe,account,10f1bc81-448a-4a9e-a6b2-bc5b50c187fc,2024-12-07T06:03:00Z,2025-01-06,35115387000,1,2025-01-23T06:59:00Z,2,100001,7f5b6f7e-1c2d-4a4e-9a51-3a3f1d3c0a01
f064d78a-7df5-4320-8492-82df77506cb8,INV-000067,b9fffe81-dd49-4b10-8efe-9e88a2e07952,0b202de9-48d4-4aa5-b9d5-12ce01bb76bb,d5e82907-d66c-4553-92dc-4248f169e2ce,account,5304317f-af42-412f-b838-b3268e944239,2024-12-21T07:28:00Z,2024-12-21,9021430000,100000000,2024-12-18T07:28:00Z,2,100001,7f5b6f7e-1c2d-4a4e-9a51-3a3f1d3c0a01
a9e23756-713b-4fea-b32d-e58998de44da,INV-000068,e7b5e004-eb94-48da-b4b9-37475ae7039d,a293108b-88e1-40bd-b858-db8a910a525a,1ab88733-80e1-4c41-8a9a-727fb2a12a55,account,5304317f-af42-412f-b838-b3268e944239,2024-12-09T06:41:00Z,2025-01-08,2716220000,1,2025-01-11T12:35:00Z,2,100001,7f5b6f7e-1c2d-4a4e-9a51-3a3f1d3c0a01
a36054c6-00c6-4f57-b7c5-540a3fa0a14a,INV-000069,e0ba46f3-feb7-4b5e-b5bc-a0caf919db88,e89a991b-99b7-4476-91db-60b1f41870ea,afe05f6d-66ab-44ad-a4c1-b6ef25896340,account,0e51f30d-c6a7-4e39-84b0-32ccd7c524a5,2025-01-02T12:45:00Z,2025-02-01,7658813000,1,2025-04-17T12:14:00Z,2,100001,7f5b6f7e-1c2d-4a4e-9a51-3a3f1d3c0a01
0df403ed-04e2-4d04-9530-abe7664d4670,INV-000070,67fafcda-6921-4be0-a7e7-c28d5954369a,ec68e82f-de38-41b8-9be6-7de9628184b8,3c847821-4f10-4422-9fc2-2517e593562b,account,10f1bc81-448a-4a9e-a6b2-bc5b50c187fc,2024-12-22T08:51:00Z,2024-12-22,12140310000,100000000,2024-12-21T08:51:00Z,2,100001,7f5b6f7e-1c2d-4a4e-9a51-3a3f1d3c0a01
9cc37e56-c9f0-4339-953c-c03a3f64ec06,INV-000071,76af5875-d668-4668-9c72-2c55d80c6d2a,948cbadd-0937-43d8-bf88-9a792bc9ba8f,5a4edcb7-ad37-4eb6-84e0-6472e1c60b7b,account,5304317f-af42-412f-b838-b3268e944239,2024-12-28T09:15:00Z,2024-12-28,2400532000,100000000,2024-12-28T09:15:00Z,2,100001,7f5b6f7e-1c2d-4a4e-9a51-3a3f1d3c0a01
d36616ff-1df8-4175-a3fd-46820edf31bc,INV-000072,00282c85-be95-4daf-83b7-1074fdc05d54,02d13793-4405-43b4-b3b5-f5132df65903,5503b3e2-adc3-4d66-99aa-5d3fe9912230,account,366eb16f-508e-4ad7-b7c9-3acfe059a0ee,2025-01-13T09:33:00Z,2025-02-12,3666133000,1,2025-02-10T08:04:00Z,2,100001,7f5b6f7e-1c2d-4a4e-9a51-3a3f1d3c0a01
9cfc4b73-6696-465a-936c-569f9628a222,INV-000073,11c8deeb-e0e1-4ce6-9bb8-fd430bf387a2,68ec8547-e5a8-4f5f-813a-939a1b86a899,bca61571-8e26-4057-bf11-97271b2bae11,account,9132b63e-f162-47e4-a9c3-49e03602f8ac,2025-01-22T07:35:00Z,2025-03-23,13133949000,4,2025-03-22T10:13:00Z,2,100001,7f5b6f7e-1c2d-4a4e-9a51-3a3f1d3c0a01
0f15c338-2d03-4f33-bd00-f3ccabef8dca,INV-000074,603a8090-df89-4abd-8ed3-fa89bdd1018b,eb2d923f-4179-4c0c-beea-7c13f6ee0d07,72652f1e-47b0-41ec-8a32-7480ba9583c5,account,366eb16f-508e-4ad7-b7c9-3acfe059a0ee,2024-12-28T08:27:00Z,2024-12-28,23125103000,100000000,2024-12-25T08:27:00Z,2,100001,7f5b6f7e-1c2d-4a4e-9a51-3a3f1d3c0a01
41179726-1052-4f28-a415-003a98578afa,INV-000075,aa22012f-9174-4b8a-b0c0-cf38fc16a8ce,0a316b9e-76df-46d4-9925-1ad714b77c79,7388b94e-fcde-4b81-bf9b-cd4addf82d38,account,10f1bc81-448a-4a9e-a6b2-bc5b50c187fc,2025-01-23T12:55:00Z,2025-02-22,13686687000,1,2025-02-20T06:39:00Z,2,100001,7f5b6f7e-1c2d-4a4e-9a51-3a3f1d3c0a01
95025258-cb4d-4140-b793-55c4bd89d93a,INV-000076,8d395898-3f04-43c1-996f-eddb6bc6e8c0,9d82e80b-e6e8-4ef1-9a90-0b3d92daa1eb,9b4e4fb0-8008-4255-8392-2b0f9d64f431,account,10f1bc81-448a-4a9e-a6b2-bc5b50c187fc,2024-12-28T07:56:00Z,2024-12-28,3801306000,100000000,2024-12-28T07:56:00Z,2,100001,7f5b6f7e-1c2d-4a4e-9a51-3a3f1d3c0a01
ddeb79c1-8b5d-4aaf-8b36-3edd875fbe9c,INV-000077,ca0b6af7-572d-4d61-aaa1-5b6a0216cd40,0a44b9ff-133d-401a-bede-cbbeffb4a107,e6e987ca-b87b-4384-9fdd-de2ea8a2b7ad,account,10f1bc81-448a-4a9e-a6b2-bc5b50c187fc,2025-01-14T12:35:00Z,2025-03-15,30502073000,4,2025-03-15T08:45:00Z,2,100001,7f5b6f7e-1c2d-4a4e-9a51-3a3f1d3c0a01
df2ab4d1-44e5-45c2-8e15-d23ee699e308,INV-000078,d169dc5f-3ae4-42a4-8f4c-86882d59cdbe,415d1bd7-36bf-46e7-b98e-7c2e9ca37b40,ef95d35a-d7e3-4b19-ad02-af6c55cc57fe,account,e27a984d-6548-41d0-bfcd-9eb1a7cad415,2025-02-08T07:46:00Z,2025-04-09,110841988000,4,2025-09-16T09:05:00Z,2,100001,7f5b6f7e-1c2d-4a4e-9a51-3a3f1d3c0a01
01d45f1b-aa8e-408d-84b5-35ecee26922e,INV-000079,8d7d8726-28ad-478d-8c28-0a8fb25d9eb0,80b6911a-f5cc-4563-a5a4-ca9d856fb61d,a2a5ef39-c163-4f1b-9f32-f343a562f0a0,account,24933b83-7577-40a9-a491-f0b2ea1fca65,2025-01-29T05:06:00Z,2025-01-29,12389573000,100000000,2025-01-26T05:06:00Z,2,100001,7f5b6f7e-1c2d-4a4e-9a51-3a3f1d3c0a01
38c4719e-568d-44e8-a96b-5d751e401048,INV-000080,1d816760-bb10-438d-84aa-3398975a7a37,a9c8e14e-fd0a-44e4-b1ee-cd8e992c980f,3c1a8ce2-95ec-4c2c-8798-3bc0579744ba,account,e27a984d-6548-41d0-bfcd-9eb1a7cad415,2025-01-25T07:06:00Z,2025-02-24,45132456000,1,2025-02-27T07:19:00Z,2,100001,7f5b6f7e-1c2d-4a4e-9a51-3a3f1d3c0a01
5e0d2664-cc67-4183-88ff-063e9885e2b5,INV-000081,00344c1d-5134-4aea-9a0f-08b3d3861047,32d35e74-fef1-4c10-af40-0d8340a2b276,313d5bd8-b2d9-4bef-ab67-87c270775ba2,account,b02b61c4-a3d7-4628-ace6-6fa2fd5166e6,2025-02-04T05:55:00Z,2025-02-04,9469471000,100000000,2025-02-04T05:55:00Z,2,100001,7f5b6f7e-1c2d-4a4e-9a51-3a3f1d3c0a01
d1b1cd0b-e2f4-4e23-a8a6-8f5ffaa9742c,INV-000082,04929028-71f6-4ec1-a711-5a553bca4dbf,6660ec52-07f8-4ef3-9913-b83903b8c5c6,ee93a4d0-cd24-420c-8d34-6977d41bd8bf,account,beb79919-3f22-4af8-a3be-d01d43cf2fde,2025-02-09T11:01:00Z,2025-03-11,15194711000,1,2025-03-11T08:08:00Z,2,100001,7f5b6f7e-1c2d-4a4e-9a51-3a3f1d3c0a01
1ad0df11-4eed-4b88-8b46-8e77a20b2d63,INV-000083,8e5e8130-4bc0-4b5b-9301-6ab9e1cc8b5b,0d8dbb08-597b-49e2-9ab8-14f0a32514d6,46457263-d8ef-4511-abd6-b7c00a440d7f,account,b02b61c4-a3d7-4628-ace6-6fa2fd5166e6,2025-02-01T05:31:00Z,2025-04-02,3238855000,4,2025-03-30T08:13:00Z,2,100001,7f5b6f7e-1c2d-4a4e-9a51-3a3f1d3c0a01
10251ac0-a0e8-4c1b-88ab-bf9b9512e893,INV-000084,a5531f42-ef5d-45d9-9d58-d0bb976ecaec,f7c3dc66-7fda-48e0-8eab-1e72c488dc5b,f9da4f55-bef9-4394-928f-af652f068e12,account,e27a984d-6548-41d0-bfcd-9eb1a7cad415,2025-02-01T08:02:00Z,2025-02-01,17213953000,100000000,2025-01-30T08:02:00Z,2,100001,7f5b6f7e-1c2d-4a4e-9a51-3a3f1d3c0a01
2a603c3c-06ee-4a6f-94f6-746bda1f5365,INV-000085,45db82fc-3f7e-4e2d-a35a-7f2f682209c1,af12102a-34ba-479e-ab4e-1180d3caf1ed,da948cdf-6637-4dc7-91f4-48bb28802cff,account,366eb16f-508e-4ad7-b7c9-3acfe059a0ee,2025-02-02T09:36:00Z,2025-04-03,31739691000,4,2025-04-02T08:14:00Z,2,100001,7f5b6f7e-1c2d-4a4e-9a51-3a3f1d3c0a01
758867c2-925b-4dca-ac9c-0527b2f22637,INV-000086,a95f9395-caff-4791-92ea-b2bd5182fc6a,023d5ffc-bfe1-4a7a-ba53-8d7fc797e0f3,4087be6a-4514-4416-ac44-821eaf051764,account,0e51f30d-c6a7-4e39-84b0-32ccd7c524a5,2025-02-12T10:23:00Z,2025-05-13,13865243000,100000001,2025-05-18T10:37:00Z,2,100001,7f5b6f7e-1c2d-4a4e-9a51-3a3f1d3c0a01
b350fe40-63ae-4d8b-927a-3a82ff4fd05e,INV-000087,91cfccef-2c21-4528-8c87-30e10bfaf3a5,c0fed388-c8a0-4df4-a1ac-b714262d0dee,89eb56c1-7f42-4889-8ca1-7f756b2d470a,account,5304317f-af42-412f-b838-b3268e944239,2025-02-01T06:22:00Z,2025-03-03,19049021000,1,2025-03-01T07:17:00Z,2,100001,7f5b6f7e-1c2d-4a4e-9a51-3a3f1d3c0a01
77c23725-5132-4306-bc24-7acbe9659f05,INV-000088,7c8cf76b-e7a1-43ee-b117-88ef84d0b556,d8bb6fad-44d1-4c54-96ff-ed78701d5127,2233212a-f526-4ea2-b953-3cb78ef1a114,account,24933b83-7577-40a9-a491-f0b2ea1fca65,2025-02-06T09:22:00Z,2025-02-06,30315737000,100000000,2025-02-04T09:22:00Z,2,100001,7f5b6f7e-1c2d-4a4e-9a51-3a3f1d3c0a01
b77505e6-732a-4bb0-9ebd-53571da7ce46,INV-000089,22013a2f-a832-45b1-831e-5ca628eef579,3b8c7da5-39ed-470d-bbff-b5b6d72a03c0,dff4cc91-3164-4c14-b1a0-051f0acae683,account,ce177b4e-0837-48a3-9261-a7ab3aa2e4f9,2025-02-16T05:06:00Z,2025-02-16,74826060000,100000000,2025-02-14T05:06:00Z,2,100001,7f5b6f7e-1c2d-4a4e-9a51-3a3f1d3c0a01
c12ad892-9249-41e9-a9ce-baca1141365e,INV-000090,e8656f06-324f-4928-a920-246e6a2c8a90,cb74b50e-0761-4383-b1c1-15a6cbc666c2,2207cb65-b197-4ed1-857a-e3fff8ed08ae,account,b02b61c4-a3d7-4628-ace6-6fa2fd5166e6,2025-02-20T10:54:00Z,2025-04-21,96930125000,4,2025-04-19T09:42:00Z,2,100001,7f5b6f7e-1c2d-4a4e-9a51-3a3f1d3c0a01
22b4d170-7e8c-45a4-8682-7f120be50937,INV-000091,e34b2dab-5590-4abf-92ab-7f212cdf8f26,7acc0b9c-6496-468e-8b9a-85bc41e7528b,cf52d3bb-f777-4d24-b1e3-25066e3f4391,account,366eb16f-508e-4ad7-b7c9-3acfe059a0ee,2025-02-15T04:48:00Z,2025-02-15,36006379000,100000000,2025-02-15T04:48:00Z,2,100001,7f5b6f7e-1c2d-4a4e-9a51-3a3f1d3c0a01
1c0eb646-7756-4b24-b0d5-018277125b33,INV-000092,5d8a61fa-c1d0-45d4-b06a-9b4576467626,2ce80248-4d2a-4902-80cf-2e665663fe16,8378ede6-85ae-4def-ba5a-46ff5d4b7012,account,366eb16f-508e-4ad7-b7c9-3acfe059a0ee,2025-03-05T07:38:00Z,2025-04-04,11473206000,1,2025-04-01T07:53:00Z,2,100001,7f5b6f7e-1c2d-4a4e-9a51-3a3f1d3c0a01
7f5c6add-c366-47fd-97e6-78cb909e188b,INV-000093,b1edd3e6-6d56-44ab-9806-79127d5fc92a,b34dfd44-8249-43f6-9263-92a1a74b03a8,e58d67fe-7fcf-4fd6-b337-ac967f2cd3dc,account,5304317f-af42-412f-b838-b3268e944239,2025-02-17T11:28:00Z,2025-03-19,30404388000,1,2025-03-16T08:25:00Z,2,100001,7f5b6f7e-1c2d-4a4e-9a51-3a3f1d3c0a01
7e89b114-e9e4-4546-84c9-279d71958eac,INV-000094,487fa3e2-c4cb-45b3-8899-8ac2f7d4510b,63bc1c09-316a-4f4a-807b-32cb7af41f8f,eea00af9-6283-450f-9fdd-c20aebee30cf,account,beb79919-3f22-4af8-a3be-d01d43cf2fde,2025-03-08T09:22:00Z,2025-04-07,17022987000,1,2025-04-05T12:56:00Z,2,100001,7f5b6f7e-1c2d-4a4e-9a51-3a3f1d3c0a01
99a0afd8-0771-4287-9050-20dc7e6653b5,INV-000095,f3bbd68b-d6f2-4e3c-a5d3-1f40db56a0f7,2cb8c184-d61f-4486-9986-3519b58196bb,1fda98c9-40a6-4de4-9271-e2959b21c065,account,10f1bc81-448a-4a9e-a6b2-bc5b50c187fc,2025-03-01T10:39:00Z,2025-03-01,94540635000,100000000,2025-02-26T10:39:00Z,2,100001,7f5b6f7e-1c2d-4a4e-9a51-3a3f1d3c0a01
b953544e-072f-4955-810f-685a80030607,INV-000096,cc2be061-2eeb-4167-ac25-9b7f7cbe134d,d66173ce-c185-41dc-931b-194bb59a135e,c1cb8d69-8fa7-4dec-a5a6-1a06a8422325,account,5304317f-af42-412f-b838-b3268e944239,2025-02-20T04:31:00Z,2025-02-20,14623145000,100000000,2025-02-20T04:31:00Z,2,100001,7f5b6f7e-1c2d-4a4e-9a51-3a3f1d3c0a01
c76c5a12-ad6d-4077-8912-e293e158142d,INV-000097,f571f2d3-2f45-4a76-83ea-0a5ee2d9fa59,e10af9ba-ef8e-4806-8df4-2e88408efdad,f27efe6c-0564-4530-8e6c-3463f6ea1983,account,beb79919-3f22-4af8-a3be-d01d43cf2fde,2025-03-03T06:52:00Z,2025-04-02,35185870000,1,2025-10-04T09:14:00Z,2,100001,7f5b6f7e-1c2d-4a4e-9a51-3a3f1d3c0a01
666411d9-37ae-4469-83d8-152588662609,INV-000098,b9576096-f67d-496d-9e05-cfc62b79da36,ede453cb-5da0-42c7-8f23-f0e291f20dce,c3f67602-0879-4480-87ab-777056724b4c,account,b02b61c4-a3d7-4628-ace6-6fa2fd5166e6,2025-03-05T09:00:00Z,2025-04-04,22698841000,1,2025-04-10T06:54:00Z,2,100001,7f5b6f7e-1c2d-4a4e-9a51-3a3f1d3c0a01
5b444ff0-f9bd-47ea-bbee-00d897e7253f,INV-000099,08b0a7dd-66cb-46bd-b68f-180a53f8f29c,aaf776a0-a269-4bf9-8924-4e4211a4a490,61652fd3-41dd-4edf-acfa-a174ba059e68,account,0e51f30d-c6a7-4e39-84b0-32ccd7c524a5,2025-02-27T11:58:00Z,2025-02-27,12323518000,100000000,2025-02-26T11:58:00Z,2,100001,7f5b6f7e-1c2d-4a4e-9a51-3a3f1d3c0a01
aea2c1a1-7265-4447-803e-27f6e26d6c97,INV-000100,33738b87-65a4-4813-939c-457043444bee,a9c5baf4-14fe-4842-9064-f897e713ca88,8b609d1e-6c72-4cf8-a11d-b3501169d505,account,10f1bc81-448a-4a9e-a6b2-bc5b50c187fc,2025-03-08T09:13:00Z,2025-04-07,45437309000,1,2025-04-15T08:29:00Z,2,100001,7f5b6f7e-1c2d-4a4e-9a51-3a3f1d3c0a01
8974789e-d820-4fba-a6d2-ec57057d355e,INV-000101,c4d4c863-b2a6-40a8-aa86-86b972ce353e,d1015796-3cf8-4641-a5e6-53b9413d54e0,497de16d-d4ea-420a-9e65-96540e9058b6,account,366eb16f-508e-4ad7-b7c9-3acfe059a0ee,2025-03-19T07:46:00Z,2025-04-18,37416593000,1,2025-04-17T09:48:00Z,2,100001,7f5b6f7e-1c2d-4a4e-9a51-3a3f1d3c0a01
c3b34932-ef0f-46ec-8b85-142bc35e48ae,INV-000102,00e68083-587e-44be-a9fb-1ff4c7356ba3,0a0c4ea6-0007-4233-9519-c716eeca9950,ed28e55c-4cf6-4115-ad42-b7e2bf63b3d7,account,5304317f-af42-412f-b838-b3268e944239,2025-03-15T07:19:00Z,2025-04-14,54049475000,1,2025-04-28T06:00:00Z,2,100001,7f5b6f7e-1c2d-4a4e-9a51-3a3f1d3c0a01
1b400871-4c54-47ac-9ac6-439759331d07,INV-000103,124e508d-4966-4fc4-bd72-3799d6474f5c,edbbf695-185c-41fd-b3c3-d82deb3bbe4c,79150e99-8ed3-4834-bd72-1fc205e0c019,account,beb79919-3f22-4af8-a3be-d01d43cf2fde,2025-03-01T08:57:00Z,2025-03-01,93379322000,100000000,2025-02-27T08:57:00Z,2,100001,7f5b6f7e-1c2d-4a4e-9a51-3a3f1d3c0a01
ad3f527c-eca6-442a-8336-520b14b8bd95,INV-000104,99a8e218-a85f-4b39-90fe-889224236328,bb9a86d6-8fa6-428d-87ba-fd4261388aad,293572d3-fb63-43cb-8c35-bf2dec4fa141,account,10f1bc81-448a-4a9e-a6b2-bc5b50c187fc,2025-03-16T11:44:00Z,2025-04-15,89372940000,1,2025-04-17T06:21:00Z,2,100001,7f5b6f7e-1c2d-4a4e-9a51-3a3f1d3c0a01
48cf59b3-86b9-45fb-8f7a-d640e5dc4c99,INV-000105,68417a4e-494b-4981-88ad-140801936d10,099e875e-2306-4f89-8128-75e312004e76,aee8eca4-d95f-4dd3-9cb9-54c890b312ca,account,e27a984d-6548-41d0-bfcd-9eb1a7cad415,2025-03-02T06:07:00Z,2025-04-01,14524287000,1,2025-04-06T09:04:00Z,2,100001,7f5b6f7e-1c2d-4a4e-9a51-3a3f1d3c0a01
2384e812-a2bb-4375-9d45-fadfe063383f,INV-000106,a8e372d6-e2e7-4aa3-aabb-0de993666707,dcb3be81-f6a2-49ad-98e1-872304871f92,9a437632-7231-4218-933e-721871c8fb57,account,9132b63e-f162-47e4-a9c3-49e03602f8ac,2025-03-12T09:53:00Z,2025-05-11,117515159000,4,2025-05-12T10:35:00Z,2,100001,7f5b6f7e-1c2d-4a4e-9a51-3a3f1d3c0a01
5d0c6156-7b95-4ece-ac8d-cdfe41b1419e,INV-000107,f366bc5e-e537-4fd0-a30f-7d44bd78da81,7bae0ac4-76f2-4be1-8ddd-cc4f0dec0e1c,504bd946-93c9-4ed3-b937-3c139a706219,account,b02b61c4-a3d7-4628-ace6-6fa2fd5166e6,2025-03-08T10:07:00Z,2025-04-07,104966578000,1,2025-04-06T05:55:00Z,2,100001,7f5b6f7e-1c2d-4a4e-9a51-3a3f1d3c0a01
966391a2-94b7-4cf3-914f-81460dabf86b,INV-000108,5d12ca2f-092d-4d23-b7c2-be053764a51b,07a60d80-f2f5-48b6-875c-13b9ed6cd0e7,063c91f9-4eb5-4e55-bc16-470d2e112dcc,account,ce177b4e-0837-48a3-9261-a7ab3aa2e4f9,2025-03-10T08:30:00Z,2025-04-09,202978200000,1,2025-04-12T11:33:00Z,2,100001,7f5b6f7e-1c2d-4a4e-9a51-3a3f1d3c0a01
db3f94af-636c-4195-8b82-7cb5a1232bc8,INV-000109,743be35f-2492-422f-8260-1b455b254ba7,76e239a2-d97a-49a0-af60-3cf459fec3fe,b8fcc7fd-f729-4f09-868a-00a99a2f99a7,account,10f1bc81-448a-4a9e-a6b2-bc5b50c187fc,2025-04-12T12:21:00Z,2025-04-12,8150497000,100000000,2025-04-09T12:21:00Z,2,100001,7f5b6f7e-1c2d-4a4e-9a51-3a3f1d3c0a01
9fc2810b-1d4d-444d-a8e8-c27e77ab931a,INV-000110,207b7acf-dd39-4b8d-a336-54254fdcdd46,96371f60-9f3c-40f6-a894-6734f7b6320d,7ee385c2-274f-4207-a8b1-ca19b6b581af,account,24933b83-7577-40a9-a491-f0b2ea1fca65,2025-03-08T07:41:00Z,2025-03-08,22586802000,100000000,2025-03-05T07:41:00Z,2,100001,7f5b6f7e-1c2d-4a4e-9a51-3a3f1d3c0a01
8d3e1005-e056-4fff-a7cc-0ee4dab7fdcc,INV-000111,6adebef5-7b40-4189-bc27-f285c4abff60,6a2619ef-e1d8-464c-afa4-cc4bbaaef35b,aa99c64c-8950-4eb1-9595-bdbf33f0831a,account,0e51f30d-c6a7-4e39-84b0-32ccd7c524a5,2025-03-05T10:14:00Z,2025-05-04,12523531000,4,2025-05-03T08:26:00Z,2,100001,7f5b6f7e-1c2d-4a4e-9a51-3a3f1d3c0a01
f8f2390d-38eb-4c56-9b4a-5a768c1708b8,INV-000112,d9d319a1-f088-4723-88d7-78027eb410ff,f032befa-bc04-4a1c-a018-c1fac988641d,1842b7ee-bfdb-4ed8-ac4b-1f95d4f3df52,account,b02b61c4-a3d7-4628-ace6-6fa2fd5166e6,2025-04-19T05:20:00Z,2025-04-19,9887744000,100000000,2025-04-19T05:20:00Z,2,100001,7f5b6f7e-1c2d-4a4e-9a51-3a3f1d3c0a01
4c10db39-7d21-4ec7-b0a7-53fd67d45400,INV-000113,1f77e93a-f059-4038-a38a-bca559d33f50,babaaedd-400d-4df1-99a7-cae4882f8f28,2c785b5d-a50f-4e4c-82b6-9b8b6d26c41d,account,366eb16f-508e-4ad7-b7c9-3acfe059a0ee,2025-03-19T10:18:00Z,2025-04-18,8463546000,1,2025-04-19T07:09:00Z,2,100001,7f5b6f7e-1c2d-4a4e-9a51-3a3f1d3c0a01
35f3e7dd-566d-4209-bd01-30b7fbc3f5b1,INV-000114,4502cff1-ff5e-43e5-988a-7be0ff4fef13,bb8983ee-10ba-4b7f-a4cc-2319a4037d84,8d35e4a3-fac0-475a-8c84-a54dd3bbe9cf,account,9132b63e-f162-47e4-a9c3-49e03602f8ac,2025-03-24T05:02:00Z,2025-06-22,19678012000,100000001,2025-06-23T12:37:00Z,2,100001,7f5b6f7e-1c2d-4a4e-9a51-3a3f1d3c0a01
4b33a88e-4f40-47fd-a56b-1be9a4ada718,INV-000115,b1d9deb7-8ac0-4308-bac9-222493b66c15,ed84c7a3-383f-4a63-9c55-c19cdfd47ee5,fa75b5fc-7921-40b3-aa0a-8302276f8e0d,account,beb79919-3f22-4af8-a3be-d01d43cf2fde,2025-04-14T08:19:00Z,2025-04-14,46931263000,100000000,2025-04-12T08:19:00Z,2,100001,7f5b6f7e-1c2d-4a4e-9a51-3a3f1d3c0a01
e29a40db-f3e0-4569-b477-ce4b27a512db,INV-000116,1bccd5ec-54a9-4836-9886-bcc46c056af8,4257ee34-fc85-4065-ad67-92bb5b327b7b,0187074b-e16d-4a59-8971-42bcbe1a45f7,account,0e51f30d-c6a7-4e39-84b0-32ccd7c524a5,2025-03-23T09:47:00Z,2025-05-22,15976901000,4,2025-05-20T13:18:00Z,2,100001,7f5b6f7e-1c2d-4a4e-9a51-3a3f1d3c0a01
729b4f6d-6bfb-4e67-83c2-366ea8c8267a,INV-000117,bbc9ed6f-c2b3-491c-9583-fab339855011,a48258b9-4948-49b4-8eb4-489319d60226,5b33cb3f-1551-4ef5-8916-54e6473eb4b1,account,b02b61c4-a3d7-4628-ace6-6fa2fd5166e6,2025-03-08T09:51:00Z,2025-04-07,60124680000,1,2025-05-10T11:41:00Z,2,100001,7f5b6f7e-1c2d-4a4e-9a51-3a3f1d3c0a01
8311a336-0d76-43fe-95bf-103fa6ffaa62,INV-000118,667d3564-2dbe-4949-a6ae-221675233adb,d3741d58-e2c1-4800-8390-b4dab0987d19,ed49e068-e810-4af4-9fc4-db20265db946,account,ce177b4e-0837-48a3-9261-a7ab3aa2e4f9,2025-05-19T06:47:00Z,2025-08-17,119655257000,100000001,2025-10-28T08:32:00Z,2,100001,7f5b6f7e-1c2d-4a4e-9a51-3a3f1d3c0a01
24a88faa-76be-487c-a56e-5aef6451fba0,INV-000119,344927b3-a4a7-4bd2-a51e-32b29a2d7598,6f5022f6-8db9-46fb-8204-6c6e12406ad5,0dd7cac2-8a10-45c5-b4b0-738e3e040782,account,0e51f30d-c6a7-4e39-84b0-32ccd7c524a5,2025-03-29T08:28:00Z,2025-03-29,29028640000,100000000,2025-03-29T08:28:00Z,2,100001,7f5b6f7e-1c2d-4a4e-9a51-3a3f1d3c0a01
745b6cc3-69e5-418c-82cb-dfddeb01bebd,INV-000120,e477d800-dec4-4536-8335-64a9caa8c484,642ff652-23a5-496e-9586-2c7539ce3af7,76cfd5b6-2902-4bda-bcfc-1f9f0af689dd,account,b02b61c4-a3d7-4628-ace6-6fa2fd5166e6,2025-03-22T05:35:00Z,2025-03-22,23346206000,100000000,2025-03-22T05:35:00Z,2,100001,7f5b6f7e-1c2d-4a4e-9a51-3a3f1d3c0a01
307404df-bd72-478d-b243-9887d6f4ab87,INV-000121,490f937a-fe99-4bb5-8b37-83bda4607a75,86d6dc2f-7080-420d-88fb-a112fac5f845,a2954ea0-f35f-475f-82bb-7a10348ea61e,account,ce177b4e-0837-48a3-9261-a7ab3aa2e4f9,2025-03-30T09:34:00Z,2025-04-29,126399087000,1,2025-04-29T07:51:00Z,2,100001,7f5b6f7e-1c2d-4a4e-9a51-3a3f1d3c0a01
d56d743f-c452-44c1-bf47-601574bb89c5,INV-000122,d4a1f06a-329c-4cec-8fe4-a9923fef21c2,331f6e0e-88f9-4694-a498-e236dd71f167,811414f8-d9df-4d0e-a25a-ed6cf0458043,account,ce177b4e-0837-48a3-9261-a7ab3aa2e4f9,2025-06-03T06:04:00Z,2025-09-01,172252517000,100000001,2025-12-20T07:06:00Z,2,100001,7f5b6f7e-1c2d-4a4e-9a51-3a3f1d3c0a01
c2110d94-991f-4cd8-8447-81be237f54da,INV-000123,26c6c6ff-4018-4c59-84f8-8f98f0b5330c,cb66839b-e81c-4c16-9072-d09b0aba474a,4c618a43-6f04-4c76-b3e6-922da5044925,account,9132b63e-f162-47e4-a9c3-49e03602f8ac,2025-03-25T12:11:00Z,2025-04-24,42608514000,1,2025-04-30T05:29:00Z,2,100001,7f5b6f7e-1c2d-4a4e-9a51-3a3f1d3c0a01
4cf21d8c-8188-4c0b-8b07-4323d7d30613,INV-000124,4638a157-5d5c-420e-92ff-259b064df700,88823bfb-a23d-40f0-ad79-fea2ed201457,652d4876-2dd2-45e6-aff3-4f0cc65341a2,account,beb79919-3f22-4af8-a3be-d01d43cf2fde,2025-04-06T13:29:00Z,2025-06-05,9663699000,4,2025-12-25T13:17:00Z,2,100001,7f5b6f7e-1c2d-4a4e-9a51-3a3f1d3c0a01
0da4b892-e5ba-4576-b92e-37975eb92c42,INV-000125,152a8638-ab52-400f-8f69-da5b77ec26b2,bd94776b-963c-4bb0-a4c0-9b48a4a9a9b1,07f7009a-8a51-419f-9c31-5267cf9ad7aa,account,beb79919-3f22-4af8-a3be-d01d43cf2fde,2025-04-05T11:15:00Z,2025-05-05,27644545000,1,2025-05-20T13:20:00Z,2,100001,7f5b6f7e-1c2d-4a4e-9a51-3a3f1d3c0a01
f4005199-7913-4b60-8f85-e4512537b2e9,INV-000126,8a2a9c24-db48-4ee2-9588-9b91b5704770,cdee9017-b9a5-41ff-8fc5-afb707fb089a,cfc150f3-96f2-45b5-a6a9-ded1eac3c934,account,10f1bc81-448a-4a9e-a6b2-bc5b50c187fc,2025-04-07T09:14:00Z,2025-04-07,25972799000,100000000,2025-04-06T09:14:00Z,2,100001,7f5b6f7e-1c2d-4a4e-9a51-3a3f1d3c0a01
b8d1a219-633d-46f7-9299-0b0a4c05017a,INV-000127,23b55749-95dd-4c7d-8d34-28e7a2ce9d90,f9e6ffd0-0345-49e3-8472-1115bf1053ff,757211ce-749c-4f46-a2aa-7a4ca9c8e5db,account,e27a984d-6548-41d0-bfcd-9eb1a7cad415,2025-03-22T12:33:00Z,2025-05-21,18910222000,4,2025-06-08T06:47:00Z,2,100001,7f5b6f7e-1c2d-4a4e-9a51-3a3f1d3c0a01
0f0e82c6-78da-430a-bf4b-8e5bb94d9645,INV-000128,59e17c9f-3773-4211-bb7c-1723184dab14,a2c1c19a-7cf2-487e-b9b5-dc0b7947350a,8f964685-3514-4890-84c8-6c4623595fa4,account,0e51f30d-c6a7-4e39-84b0-32ccd7c524a5,2025-03-31T04:57:00Z,2025-04-30,35477369000,1,2025-04-27T12:56:00Z,2,100001,7f5b6f7e-1c2d-4a4e-9a51-3a3f1d3c0a01
5faf467c-3381-4ec4-862f-ed82d8cae745,INV-000129,fbadf5bb-30b8-4777-9ee4-ce9f6def1ab0,52552137-c481-4378-9cc9-045d2b34c2b2,0511a147-5aae-47ff-9722-6456b74c2e80,account,0e51f30d-c6a7-4e39-84b0-32ccd7c524a5,2025-04-30T12:26:00Z,2025-04-30,13385326000,100000000,2025-04-30T12:26:00Z,2,100001,7f5b6f7e-1c2d-4a4e-9a51-3a3f1d3c0a01
19706349-24cb-4b23-b214-d81053638a3c,INV-000130,3338ec24-9a6a-46a0-8a8f-fd65aed80127,7ed611e0-3b08-4367-b2aa-825cc1770064,be065757-06e7-4c94-9ff1-e6313d474260,account,beb79919-3f22-4af8-a3be-d01d43cf2fde,2025-04-10T11:18:00Z,2025-05-10,31602643000,1,2025-05-07T10:27:00Z,2,100001,7f5b6f7e-1c2d-4a4e-9a51-3a3f1d3c0a01
d2055359-a58e-4332-9023-9d57fff8abee,INV-000131,e4f05cef-e1e4-4f15-bda5-a12d25dac12f,b6ff9f37-e133-49e8-bb78-35067d785031,64c71071-8f17-44f0-92c0-06cd3f6f25a2,account,10f1bc81-448a-4a9e-a6b2-bc5b50c187fc,2025-04-30T07:43:00Z,2025-05-30,35904136000,1,2025-05-29T09:31:00Z,2,100001,7f5b6f7e-1c2d-4a4e-9a51-3a3f1d3c0a01
b9ee53ce-a9e1-4008-bab4-88fef7ee6cf8,INV-000132,ad2a583e-5ee8-4605-bb69-303acf1533af,1b1cff87-40a8-4540-93b7-bdbc06be11c0,eebd342d-22d9-4b18-8680-55f355114558,account,366eb16f-508e-4ad7-b7c9-3acfe059a0ee,2025-05-03T08:23:00Z,2025-06-02,15172230000,1,2025-06-12T05:56:00Z,2,100001,7f5b6f7e-1c2d-4a4e-9a51-3a3f1d3c0a01
89f687ff-5069-4891-83c6-7b58778f541f,INV-000133,628f0288-f5d0-4058-a068-1b8d0dd0a151,196da162-e639-4b35-b62e-9682310c7e7e,41a5bf2e-76f4-4d2d-9981-9f9d349de483,account,24933b83-7577-40a9-a491-f0b2ea1fca65,2025-05-17T12:32:00Z,2025-05-17,54127085000,100000000,2025-05-16T12:32:00Z,2,100001,7f5b6f7e-1c2d-4a4e-9a51-3a3f1d3c0a01
f16f2ce4-2220-439e-8401-1f9f439741b4,INV-000134,9c4531e1-f0be-4cc8-a520-a499af90ad17,93d678e1-d648-4d53-bd68-85af2e35ee60,bedd7a60-6e8f-4cb2-9d1f-f71a64e37441,account,ce177b4e-0837-48a3-9261-a7ab3aa2e4f9,2025-05-17T04:31:00Z,2025-05-17,62252429000,100000000,2025-05-14T04:31:00Z,2,100001,7f5b6f7e-1c2d-4a4e-9a51-3a3f1d3c0a01
79448aad-fb30-4592-80b0-2f61276242fe,INV-000135,bab29c3a-1da5-4449-a64e-861739e3966c,ee888d3c-241c-45b3-9066-3b33348ad2ff,18e9ef77-64ce-4589-8c4a-62badb335860,account,5304317f-af42-412f-b838-b3268e944239,2025-05-13T05:11:00Z,2025-05-13,77637017000,100000000,2025-05-11T05:11:00Z,2,100001,7f5b6f7e-1c2d-4a4e-9a51-3a3f1d3c0a01
c736453f-6b50-44cf-90af-a22c70ef2577,INV-000136,bad4af4d-f837-471d-b23a-b6346cd63361,66048813-b345-49ba-b212-0875cf702de5,267eddce-df8f-4197-9a4a-99b2e806133c,account,10f1bc81-448a-4a9e-a6b2-bc5b50c187fc,2025-06-17T11:35:00Z,2025-09-15,28124368000,100000001,2025-11-06T09:34:00Z,2,100001,7f5b6f7e-1c2d-4a4e-9a51-3a3f1d3c0a01
ab9c0a80-a13c-487e-8d0b-7ef236618948,INV-000137,89516fc6-a1c3-4d95-a5bc-77259b8a512d,645bb0df-b807-4850-9c90-a854e0ef2e90,b73b35fe-e917-4ed1-9c9e-1d5702968285,account,b02b61c4-a3d7-4628-ace6-6fa2fd5166e6,2025-05-18T13:27:00Z,2025-07-17,12525112000,4,2025-07-19T10:38:00Z,2,100001,7f5b6f7e-1c2d-4a4e-9a51-3a3f1d3c0a01
d52ad150-a3f7-4de9-9f1f-468a49e07489,INV-000138,4e512a7d-0ce0-46f8-92e0-52156311a742,40e5b82b-2e50-4ad1-a06c-69065312a340,ca6c2829-1d72-46bf-b89e-0e3026909126,account,0e51f30d-c6a7-4e39-84b0-32ccd7c524a5,2025-05-17T09:18:00Z,2025-05-17,6454727000,100000000,2025-05-16T09:18:00Z,2,100001,7f5b6f7e-1c2d-4a4e-9a51-3a3f1d3c0a01
7706090d-e80a-4e28-8c2a-c789632b64c5,INV-000139,9474e768-f83f-481b-a9ac-d633051e04ee,4df55341-e3d2-4942-9dc6-47508b72b68e,e6273e93-114e-495b-9de3-a9a053b20d16,account,5304317f-af42-412f-b838-b3268e944239,2025-05-14T06:21:00Z,2025-07-13,43905976000,4,2025-07-16T11:38:00Z,2,100001,7f5b6f7e-1c2d-4a4e-9a51-3a3f1d3c0a01
a6c0601f-4d13-4f6d-9378-35c5eb9c30db,INV-000140,20f1bdcc-18e1-4cbf-a31b-22372d6584ec,241e7855-587d-4c08-8f84-244a72e5ac50,1b84edc3-d8e0-49de-8217-ea0e896490ab,account,beb79919-3f22-4af8-a3be-d01d43cf2fde,2025-05-20T05:51:00Z,2025-05-20,13692178000,100000000,2025-05-20T05:51:00Z,2,100001,7f5b6f7e-1c2d-4a4e-9a51-3a3f1d3c0a01
6cbc1aef-f466-4bd6-97a9-950c8e461cd1,INV-000141,f0d68a97-2d92-4a3f-a283-d3233e4afb4e,eba78afc-a5a1-48c0-8f5e-aabe4584c3e1,db3ceb9f-dbd4-46eb-b668-257ded8ce7b7,account,24933b83-7577-40a9-a491-f0b2ea1fca65,2025-05-19T06:14:00Z,2025-07-18,33532840000,4,2025-07-23T09:07:00Z,2,100001,7f5b6f7e-1c2d-4a4e-9a51-3a3f1d3c0a01
c868e18d-b098-4298-b811-744f4e0929a0,INV-000142,7628c6a1-63d2-4740-8c98-6245443bca8f,a3d781ac-fe37-4a37-b52c-4b2cf67cb759,705ad90a-6f79-4139-ba6d-befbc44e9e72,account,ce177b4e-0837-48a3-9261-a7ab3aa2e4f9,2025-06-03T10:23:00Z,2025-07-03,74026751000,1,2025-06-30T06:36:00Z,2,100001,7f5b6f7e-1c2d-4a4e-9a51-3a3f1d3c0a01
5b8a4369-0524-421e-a779-8c5b49e0c733,INV-000143,015c6370-f2bb-4eeb-8e47-46cd236393d3,557731b5-285e-4889-87ba-6245635b9e6b,8a5abc61-9924-45ee-bc8a-fb1dba99267e,account,e27a984d-6548-41d0-bfcd-9eb1a7cad415,2025-05-31T08:03:00Z,2025-08-29,32005605000,100000001,2025-08-28T12:58:00Z,2,100001,7f5b6f7e-1c2d-4a4e-9a51-3a3f1d3c0a01
b16a0f1a-4fc7-41d2-9534-3ce212c11632,INV-000144,9136ab79-9bf8-459a-b2c3-6a7e76294ff8,ead2d29a-f633-459d-829d-ca45b084435c,d362e7f0-3032-4ca8-8771-90690a67aed7,account,b02b61c4-a3d7-4628-ace6-6fa2fd5166e6,2025-05-27T06:13:00Z,2025-05-27,7954312000,100000000,2025-05-27T06:13:00Z,2,100001,7f5b6f7e-1c2d-4a4e-9a51-3a3f1d3c0a01
db4f2cd5-ddab-468c-988e-d4d7da6d5bb2,INV-000145,137de048-f8ce-4a46-bb67-3f53c5e2e469,b36ff466-7761-48b6-8861-afa9325c44ec,320727ab-24c9-4c0e-887e-e883f34a26e4,account,beb79919-3f22-4af8-a3be-d01d43cf2fde,2025-06-14T08:48:00Z,2025-06-14,13010329000,100000000,2025-06-13T08:48:00Z,2,100001,7f5b6f7e-1c2d-4a4e-9a51-3a3f1d3c0a01
d58f6960-b25c-437b-811b-da57fd7a44e1,INV-000146,299d73e0-7afc-489f-ac68-6b186b70ec2d,c6db1d77-a1b7-4d0a-b612-3aeb64f04f7d,21d3b8f2-f3ac-45cb-bf4b-24b9ef4c37d0,account,5304317f-af42-412f-b838-b3268e944239,2025-06-23T12:20:00Z,2025-07-23,27157846000,1,2025-07-29T08:44:00Z,2,100001,7f5b6f7e-1c2d-4a4e-9a51-3a3f1d3c0a01
b6a99227-b96f-406b-8d3d-a7b8a36cb32b,INV-000147,5ed69b88-fdbe-4e47-9edf-5358756b17cc,36f5bff5-3d28-460b-bae6-9f2ad533e041,1a2a3a8e-e833-4ef3-bfe3-5f299c769b42,account,5304317f-af42-412f-b838-b3268e944239,2025-05-28T12:22:00Z,2025-06-27,27384297000,1,2025-06-25T05:48:00Z,2,100001,7f5b6f7e-1c2d-4a4e-9a51-3a3f1d3c0a01
8bbaafcb-5ba3-4db3-aa45-ef77ab8ddbbc,INV-000148,aca2317a-be38-4527-bf6c-7208009411a5,9fbc535e-adce-44f6-b896-894e58b1c0fd,5200044b-3148-4df8-a6ca-8d50e5f5c891,account,5304317f-af42-412f-b838-b3268e944239,2025-06-17T10:30:00Z,2025-06-17,14733240000,100000000,2025-06-14T10:30:00Z,2,100001,7f5b6f7e-1c2d-4a4e-9a51-3a3f1d3c0a01
db491ca6-b0c3-4c62-9100-b08e77ea26f0,INV-000149,71a4cf22-b23d-4430-8293-eb05253c4262,d4ea3a34-1a0d-4bf2-af0f-0307d0fe16af,909e21ba-8a38-45aa-91be-ba8e0a8aeb94,account,9132b63e-f162-47e4-a9c3-49e03602f8ac,2025-06-08T06:38:00Z,2025-07-08,16830288000,1,2025-07-15T12:48:00Z,2,100001,7f5b6f7e-1c2d-4a4e-9a51-3a3f1d3c0a01
86f4ae8a-0e32-4e12-acc4-f7e28301c917,INV-000150,2ba35440-7b8e-42b7-b556-933d1d4734a1,7d9dfdb7-9747-42fb-a02d-a0b00d7c79d4,af475b49-c775-4395-9494-05f02cd2a404,account,e27a984d-6548-41d0-bfcd-9eb1a7cad415,2025-05-28T05:19:00Z,2025-06-27,17052600000,1,2025-06-28T06:15:00Z,2,100001,7f5b6f7e-1c2d-4a4e-9a51-3a3f1d3c0a01
7f5f056c-d13b-42f7-ae4e-f21a799c7542,INV-000151,6e5e3b8e-b3c9-46e8-ae5a-a2920d1b149c,9344577c-be1d-4539-a775-98e8d791f01a,6c21835d-d8e8-497c-a0a2-59014932936e,account,e27a984d-6548-41d0-bfcd-9eb1a7cad415,2025-05-31T05:39:00Z,2025-07-30,163415703000,4,2025-07-29T05:03:00Z,2,100001,7f5b6f7e-1c2d-4a4e-9a51-3a3f1d3c0a01
2df93152-d102-4964-b8cc-cce784fcc390,INV-000152,2ae1c693-9816-49dd-8421-a210e1960d8a,bb096b4b-251b-499e-a6ac-8f840db11c52,c9254bb5-4fc3-4d4e-ab95-0c1d578799d9,account,366eb16f-508e-4ad7-b7c9-3acfe059a0ee,2025-06-05T12:04:00Z,2025-07-05,103626980000,1,2025-07-05T06:43:00Z,2,100001,7f5b6f7e-1c2d-4a4e-9a51-3a3f1d3c0a01
302f8bd1-10cd-47f9-bcb7-9bf49e23ef8d,INV-000153,3ef0a8b5-5f83-4fe9-a630-a7485e45cac2,7618a8e8-ee07-4686-b34f-0188877527c0,44f7f01a-3cb5-46d7-834a-130e8c6ea6ad,account,366eb16f-508e-4ad7-b7c9-3acfe059a0ee,2025-06-03T09:33:00Z,2025-07-03,14436449000,1,2025-07-10T06:16:00Z,2,100001,7f5b6f7e-1c2d-4a4e-9a51-3a3f1d3c0a01
dd3807eb-7fd9-4280-803a-730c56b5a246,INV-000154,b2b1fb40-659a-4a40-92ed-817dac99ce81,da004752-5298-46bb-8602-29a4ea55292d,b440b852-e033-400e-a432-62b38675820e,account,366eb16f-508e-4ad7-b7c9-3acfe059a0ee,2025-06-19T10:22:00Z,2025-07-19,90054834000,1,2025-07-19T13:13:00Z,2,100001,7f5b6f7e-1c2d-4a4e-9a51-3a3f1d3c0a01
990836b0-ef7d-445a-aebe-64f27ca84415,INV-000155,04bc165c-42c5-4ef6-855d-29ed298e5a01,e8459fc5-5f6a-43fb-98fc-ad7bbe2936f4,6491982b-e5ad-481d-977f-4c1626d658fb,account,e27a984d-6548-41d0-bfcd-9eb1a7cad415,2025-06-09T12:10:00Z,2025-09-07,32867620000,100000001,2025-12-24T06:44:00Z,2,100001,7f5b6f7e-1c2d-4a4e-9a51-3a3f1d3c0a01
9c492c58-27d4-4c69-8189-03115329981d,INV-000156,328ddd5a-4413-4b8c-b9e3-1afc56354a26,2f0b58f7-e06c-4ac2-903b-479af4443e01,7233d5af-9813-4da1-bd21-20ad5f59fb4d,account,24933b83-7577-40a9-a491-f0b2ea1fca65,2025-06-14T06:56:00Z,2025-07-14,45035308000,1,2025-07-26T11:54:00Z,2,100001,7f5b6f7e-1c2d-4a4e-9a51-3a3f1d3c0a01
01ba35c8-58e2-4599-8584-4eaa5512dcb8,INV-000157,8bb973d9-8778-490f-8448-6e5ef506bb13,4c64a74e-f13f-4db8-adb0-4c031e6c0ca6,e552d0a8-b66f-4507-a588-b999971eea39,account,9132b63e-f162-47e4-a9c3-49e03602f8ac,2025-06-03T12:35:00Z,2025-07-03,48872919000,1,2025-07-17T05:07:00Z,2,100001,7f5b6f7e-1c2d-4a4e-9a51-3a3f1d3c0a01
6a4e4108-1fd1-4667-9a7a-28934f558df0,INV-000158,4e6e7125-e822-4203-b004-66a15c0756dd,b4dd2c13-e5a2-4a6c-9214-4d02a0a00cad,65db6e43-47bf-4db7-82d9-a774ea7f6c7d,account,ce177b4e-0837-48a3-9261-a7ab3aa2e4f9,2025-06-21T12:20:00Z,2025-06-21,240250807000,100000000,2025-06-20T12:20:00Z,2,100001,7f5b6f7e-1c2d-4a4e-9a51-3a3f1d3c0a01
a80986a1-612f-43ed-a2bc-eacf9bbaab78,INV-000159,2992c02a-0909-4686-b981-e014d70624f1,16a2be65-f029-46e6-b23d-0075d2a57ccc,481186e9-1625-44ca-9b47-e6394d2551eb,account,b02b61c4-a3d7-4628-ace6-6fa2fd5166e6,2025-06-15T09:39:00Z,2025-07-15,67784147000,1,2025-07-30T10:12:00Z,2,100001,7f5b6f7e-1c2d-4a4e-9a51-3a3f1d3c0a01
607c906c-ecce-4989-ad2b-a597d92b1c95,INV-000160,d3506254-178b-4579-8b3c-3393a03e18d8,dcb1de4d-e7ba-46ee-b5b6-3c7189327b2d,12fc7a87-a470-4d48-9128-b9b1f8ede0ca,account,b02b61c4-a3d7-4628-ace6-6fa2fd5166e6,2025-05-31T09:53:00Z,2025-05-31,10784582000,100000000,2025-05-30T09:53:00Z,2,100001,7f5b6f7e-1c2d-4a4e-9a51-3a3f1d3c0a01
80c084d5-bb5c-4df8-a11b-d76c18de4236,INV-000161,8b463057-788a-477b-8244-89e9f9f86f58,0f7ea0c1-9e1e-4e74-92fd-be379b9e5d9c,c6a07656-c5c9-4b91-bf6e-f9ed7e4ce29f,account,24933b83-7577-40a9-a491-f0b2ea1fca65,2025-05-28T07:53:00Z,2025-06-27,21419034000,1,2025-07-12T08:39:00Z,2,100001,7f5b6f7e-1c2d-4a4e-9a51-3a3f1d3c0a01
b0e00fc4-cb87-4110-bc21-3ab1f6797d4d,INV-000162,2c6dde79-f7e3-492f-a143-d57228ff21d7,fde0a8e5-461d-4376-ae3d-16ba57e44133,6690a951-fc04-4a7a-ae41-5f166263307c,account,5304317f-af42-412f-b838-b3268e944239,2025-06-08T09:03:00Z,2025-07-08,4667146000,1,2025-10-19T04:47:00Z,2,100001,7f5b6f7e-1c2d-4a4e-9a51-3a3f1d3c0a01
2b334b8b-b5dd-4b60-8e82-c18189a246d9,INV-000163,077fdaa2-f079-45e8-87d3-0c5a85e526ca,2b0bf28d-6d03-4ee6-b132-f19f33fa926c,25e42403-64f2-402e-894f-6ed34a2f3876,account,9132b63e-f162-47e4-a9c3-49e03602f8ac,2025-08-03T04:47:00Z,2025-10-02,76180123000,4,2025-11-25T07:35:00Z,2,100001,7f5b6f7e-1c2d-4a4e-9a51-3a3f1d3c0a01
d11d4bc3-4396-41b0-9a78-17e5a733807b,INV-000164,cfae1689-3795-424b-92d2-04059ee1e497,71548490-940b-441d-b6ac-9349fd34642b,0c36ad4e-915d-4a63-9bc6-c9288fe84e20,account,5304317f-af42-412f-b838-b3268e944239,2025-05-29T10:49:00Z,2025-05-29,101446965000,100000000,2025-05-27T10:49:00Z,2,100001,7f5b6f7e-1c2d-4a4e-9a51-3a3f1d3c0a01
ab00b1ee-aa5c-448d-8c1d-0de6e651d747,INV-000165,4c3246cb-249a-4387-83d6-f6e1ba2a846b,0c2e502a-ea19-4838-af22-0182097e2680,79356bae-8101-4ec7-9c93-408a551e766f,account,e27a984d-6548-41d0-bfcd-9eb1a7cad415,2025-06-10T06:38:00Z,2025-07-10,6908751000,1,2025-07-15T10:15:00Z,2,100001,7f5b6f7e-1c2d-4a4e-9a51-3a3f1d3c0a01
5a971457-3db2-4905-b514-cd4f62bad244,INV-000166,170a364e-d737-42f6-8ac2-7b1d8027f26e,d4be1299-20d1-4c2e-a23a-335d91a2da0b,2bacf712-d6a9-49e8-86d8-95e5219b606d,account,24933b83-7577-40a9-a491-f0b2ea1fca65,2025-06-12T05:18:00Z,2025-08-11,10180716000,4,2025-08-31T09:05:00Z,2,100001,7f5b6f7e-1c2d-4a4e-9a51-3a3f1d3c0a01
fd913cb9-7575-48d7-9220-6aea094f4ef4,INV-000167,9e93e92e-345a-438f-9a7a-154569a93591,5b5019bd-7e7c-4d84-b2dc-cb2fef1c0185,1f8b4af1-96bc-432d-ac11-7babd6642fe8,account,ce177b4e-0837-48a3-9261-a7ab3aa2e4f9,2025-06-23T12:19:00Z,2025-06-23,61031325000,100000000,2025-06-20T12:19:00Z,2,100001,7f5b6f7e-1c2d-4a4e-9a51-3a3f1d3c0a01
659c0403-3324-4f9d-898c-2b21337ad455,INV-000168,abab1341-0b52-4621-8c45-7fac213ce169,416ad0d7-c3fe-461e-b775-2fe189f5e9ad,929daf9f-0149-42af-8ab1-a5041f8c56e0,account,0e51f30d-c6a7-4e39-84b0-32ccd7c524a5,2025-06-30T11:58:00Z,2025-06-30,18911151000,100000000,2025-06-29T11:58:00Z,2,100001,7f5b6f7e-1c2d-4a4e-9a51-3a3f1d3c0a01
5cce5193-3440-4eed-9d65-6c9c0aa4effe,INV-000169,1f42ec8c-2c4a-4e2c-83b5-2e867a6c3062,447be43f-4975-48ae-a05c-b1da12200b58,dd23ff41-dae1-4586-a358-755cbc5c3cd8,account,0e51f30d-c6a7-4e39-84b0-32ccd7c524a5,2025-06-09T07:18:00Z,2025-07-09,91531069000,1,2025-08-11T10:06:00Z,2,100001,7f5b6f7e-1c2d-4a4e-9a51-3a3f1d3c0a01
3f3e1d01-6582-45b0-84e1-83e9b099f4b5,INV-000170,9a12d67a-c1a2-427f-b6b5-e6b8ec2add3a,82ba9ea6-42cb-406c-93f2-6ca3f566e9e9,0b34fc84-1111-4e29-a8ad-153985f0786a,account,9132b63e-f162-47e4-a9c3-49e03602f8ac,2025-06-18T13:21:00Z,2025-06-18,16433571000,100000000,2025-06-17T13:21:00Z,2,100001,7f5b6f7e-1c2d-4a4e-9a51-3a3f1d3c0a01
060a90f0-7823-4ed1-86d7-30b5c897322c,INV-000171,57865fa2-643b-49e2-baaa-3087be61a5fc,bbbb2902-ea46-401e-832a-d975b006a6a3,12767d13-f093-4776-9116-d014a5850828,account,ce177b4e-0837-48a3-9261-a7ab3aa2e4f9,2025-06-02T11:59:00Z,2025-06-02,37157315000,100000000,2025-06-01T11:59:00Z,2,100001,7f5b6f7e-1c2d-4a4e-9a51-3a3f1d3c0a01
7dcb2203-d10b-47ff-885c-b6a37f2fbc94,INV-000172,d8ed92f3-a2a3-4340-ac53-956cb0d35d18,52476273-09bc-4981-976d-2a5d28621722,5a2ed6c2-4640-4319-baae-d6f073255bc0,account,5304317f-af42-412f-b838-b3268e944239,2025-06-14T05:51:00Z,2025-08-13,26322686000,4,2025-08-11T10:04:00Z,2,100001,7f5b6f7e-1c2d-4a4e-9a51-3a3f1d3c0a01
d8834d47-5329-40e2-98d2-acf21b3b8814,INV-000173,3a8f0559-5202-49f1-ae38-bfbd2c730beb,7372ad9e-8734-4bba-8de2-1a7a2c2e41b4,4165964c-0b21-4308-86dc-4e34a9dcfe52,account,ce177b4e-0837-48a3-9261-a7ab3aa2e4f9,2025-06-09T10:21:00Z,2025-07-09,43919398000,1,2025-07-09T07:37:00Z,2,100001,7f5b6f7e-1c2d-4a4e-9a51-3a3f1d3c0a01
52c2cd55-9ed9-418c-a33b-ecdd6f0115c3,INV-000174,59cabae3-9832-4286-ba76-ff86e4f1a79f,559a31a7-a03e-4cf4-941f-c7cfd8ad8a25,84ccf931-e3e0-44c5-a015-4a17b652b9ef,account,9132b63e-f162-47e4-a9c3-49e03602f8ac,2025-06-02T09:35:00Z,2025-06-02,34853458000,100000000,2025-06-02T09:35:00Z,2,100001,7f5b6f7e-1c2d-4a4e-9a51-3a3f1d3c0a01
ff02aafa-e0e2-4efe-9d51-16c2796b584b,INV-000175,3bde5a3d-c014-401b-8f1f-77992b2bc08a,f7398264-2e30-4cb7-9a8f-2b8990b0a4d0,741b77f5-4c24-4053-a7f5-ae02af5b8f47,account,5304317f-af42-412f-b838-b3268e944239,2025-06-10T05:37:00Z,2025-07-10,10521634000,1,2025-07-09T13:21:00Z,2,100001,7f5b6f7e-1c2d-4a4e-9a51-3a3f1d3c0a01
16e21c4c-2245-40a1-b84c-a10c67ebb302,INV-000176,fdc570b4-c651-4a6f-baf5-104be08a4f96,62dc25e2-a7d6-4deb-8f40-a019c8ca72c0,96721e98-5d84-46e0-a0e6-96ffa75743f9,account,b02b61c4-a3d7-4628-ace6-6fa2fd5166e6,2025-06-25T12:44:00Z,2025-07-25,43512487000,1,2025-07-23T13:09:00Z,2,100001,7f5b6f7e-1c2d-4a4e-9a51-3a3f1d3c0a01
24a3c20b-3368-497d-be04-2532ee6b4b22,INV-000177,d72e6e5a-1403-4af3-b09d-b4faaf52a471,b1c538cf-e90e-45ad-93d0-5b49f925f1c5,698f546d-5f29-4290-9848-5a54531c8812,account,0e51f30d-c6a7-4e39-84b0-32ccd7c524a5,2025-06-24T11:23:00Z,2025-07-24,41434775000,1,2025-08-23T09:53:00Z,2,100001,7f5b6f7e-1c2d-4a4e-9a51-3a3f1d3c0a01
afabce11-bd01-44a9-9318-9ffa8acb77d2,INV-000178,a75a759f-0f09-48da-9e81-d9cf9053acba,61d0ef4f-6470-4bde-966a-f76f456ebbd0,44d6eeca-bb12-40a9-87e9-974d70fd7536,account,10f1bc81-448a-4a9e-a6b2-bc5b50c187fc,2025-06-17T10:02:00Z,2025-06-17,48978817000,100000000,2025-06-17T10:02:00Z,2,100001,7f5b6f7e-1c2d-4a4e-9a51-3a3f1d3c0a01
554667bb-ab0f-4cfa-9d75-8032912e0c78,INV-000179,e24740a5-3de4-497d-b5f1-6da6f7e4b2af,67e12777-244a-4147-91f4-6422da35cddf,9e78209e-6290-429a-a322-8db2bdcd79ee,account,0e51f30d-c6a7-4e39-84b0-32ccd7c524a5,2025-06-15T06:34:00Z,2025-07-15,40269568000,1,2025-07-31T11:10:00Z,2,100001,7f5b6f7e-1c2d-4a4e-9a51-3a3f1d3c0a01
62810c02-33ea-40db-b697-4d1bc09585d6,INV-000180,f5f09c71-0e92-41f4-9ff5-59c65cf33361,afb9b175-f808-493a-af4c-460508f0d796,754c30d3-0e85-4646-abb8-41c31aca94c5,account,0e51f30d-c6a7-4e39-84b0-32ccd7c524a5,2025-06-10T06:16:00Z,2025-08-09,52080296000,4,2025-08-16T08:40:00Z,2,100001,7f5b6f7e-1c2d-4a4e-9a51-3a3f1d3c0a01
1bc9a406-db54-4def-ae61-8a74c631bbc6,INV-000181,25dcf4e2-33e0-4555-bc85-8724645cad0f,51c04ecb-bb60-43e3-8123-8e20f98dd6a8,4148c6bf-4dbc-49ca-8dc1-26a3a39572b8,account,e27a984d-6548-41d0-bfcd-9eb1a7cad415,2025-06-14T10:09:00Z,2025-06-14,131956401000,100000000,2025-06-12T10:09:00Z,2,100001,7f5b6f7e-1c2d-4a4e-9a51-3a3f1d3c0a01
a23c2390-fc2a-4d41-b8e9-f3348796cc19,INV-000182,331b32ce-ed96-4109-a893-e94e45fc0b77,ec3fd2c2-515b-4539-83b1-940e3434a281,2c9c763b-e454-4286-9dd9-76469d892032,account,ce177b4e-0837-48a3-9261-a7ab3aa2e4f9,2025-06-25T07:17:00Z,2025-06-25,30015390000,100000000,2025-06-22T07:17:00Z,2,100001,7f5b6f7e-1c2d-4a4e-9a51-3a3f1d3c0a01
6083f85e-02f1-45df-aaf4-90aa96dc96d8,INV-000183,2ab053f0-2d07-4c6d-b058-8b0903a14ff8,ab6754b0-81bd-4533-8ee6-94bb71e7915f,73e7f042-516c-4b0a-9385-3918bc4015fa,account,10f1bc81-448a-4a9e-a6b2-bc5b50c187fc,2025-06-28T09:47:00Z,2025-06-28,24105162000,100000000,2025-06-26T09:47:00Z,2,100001,7f5b6f7e-1c2d-4a4e-9a51-3a3f1d3c0a01
48662734-1784-4cfc-8bb4-56618263b1ea,INV-000184,784bb709-2c48-42bb-82be-bb6bdff4b533,26f4a4ef-dec3-4eb3-b79a-ff9651e29252,8754204e-1acc-416e-b750-9dccc0f6015f,account,10f1bc81-448a-4a9e-a6b2-bc5b50c187fc,2025-06-28T08:45:00Z,2025-07-28,23143620000,1,2025-08-04T12:42:00Z,2,100001,7f5b6f7e-1c2d-4a4e-9a51-3a3f1d3c0a01
66e286f4-8757-4d9c-8e69-b53ab1449d12,INV-000185,4524fab2-380b-4af7-b2d8-d31e6a3a5bad,b7784aec-cf7e-49af-b03b-99e190b28dea,f27efe6c-0564-4530-8e6c-3463f6ea1983,account,beb79919-3f22-4af8-a3be-d01d43cf2fde,2025-06-21T10:35:00Z,2025-07-21,40048664000,1,2025-07-22T13:15:00Z,2,100001,7f5b6f7e-1c2d-4a4e-9a51-3a3f1d3c0a01
c1d3fa6c-e7b6-42a6-9bae-2455035f5e9d,INV-000186,fcedb87c-82f5-4de1-9392-009fba9ada63,012b253e-b5c1-44cc-a84b-9a0b7588433e,6f0eebef-97e8-4057-96a7-01aba66ccf43,account,e27a984d-6548-41d0-bfcd-9eb1a7cad415,2025-07-17T05:30:00Z,2025-09-15,273154740000,4,2025-09-16T10:13:00Z,2,100001,7f5b6f7e-1c2d-4a4e-9a51-3a3f1d3c0a01
d735ca2a-52dc-436d-a2cc-ca3e3f2f1a1c,INV-000187,cc64f820-16bb-494a-8a4b-0ea1a97a30bf,487aad88-1ed1-43e4-a4de-ce0981dd1eaa,d02c75f9-198d-43a4-8cd2-0e4376dae194,account,366eb16f-508e-4ad7-b7c9-3acfe059a0ee,2025-07-12T06:28:00Z,2025-07-12,12904252000,100000000,2025-07-09T06:28:00Z,2,100001,7f5b6f7e-1c2d-4a4e-9a51-3a3f1d3c0a01
f92727db-9028-40f2-ab16-fd8fb0897025,INV-000188,2d2ac30c-a1c2-423d-b03c-24578c0d4213,a7cca24e-d0a5-42e9-9836-d8441b29b8b3,0343dad2-6d8a-44b2-88cb-4fb10f2aea08,account,e27a984d-6548-41d0-bfcd-9eb1a7cad415,2025-07-17T06:02:00Z,2025-08-16,29782600000,1,2025-08-14T12:39:00Z,2,100001,7f5b6f7e-1c2d-4a4e-9a51-3a3f1d3c0a01
8c4fd3c9-dddb-4f3d-ace2-77328e5faa59,INV-000189,754a9c92-0b23-4443-8e4a-b39a74615af8,d14b740f-76c3-4232-a470-a5d8fafd37bc,0f3ffc17-ac5e-453e-9379-61a65b051098,account,10f1bc81-448a-4a9e-a6b2-bc5b50c187fc,2025-07-06T09:35:00Z,2025-08-05,3384417000,1,2025-08-21T07:43:00Z,2,100001,7f5b6f7e-1c2d-4a4e-9a51-3a3f1d3c0a01
a6fa6459-880d-447f-b104-4742f8f1c559,INV-000190,d2d601d5-521e-440f-9ba6-45aa9d78ffe0,21a1a72e-e8c6-4479-8517-1b06e75818bf,9d470a35-c816-4c27-bc3c-4c2fa40e0199,account,24933b83-7577-40a9-a491-f0b2ea1fca65,2025-07-17T10:01:00Z,2025-09-15,37535568000,4,2025-09-27T09:33:00Z,2,100001,7f5b6f7e-1c2d-4a4e-9a51-3a3f1d3c0a01
c51e0e93-9936-4869-bf23-8acdffce09fe,INV-000191,e89627fe-80d4-44f4-ac11-9758eadefee8,50c12d97-c052-400b-a4ae-4c4aaffdfbca,049bf703-a6ff-4014-8b10-603231e97228,account,5304317f-af42-412f-b838-b3268e944239,2025-07-17T05:45:00Z,2025-07-17,30654051000,100000000,2025-07-17T05:45:00Z,2,100001,7f5b6f7e-1c2d-4a4e-9a51-3a3f1d3c0a01
ad863ff7-a0ae-45e4-8e2d-69d6a3347990,INV-000192,b89261a8-9c68-46b7-8f31-308debad7b18,a17f0299-7284-4edf-b1a8-a02448d08dd9,e97aa6b5-39d4-4db1-8d3d-2f6ba3248246,account,b02b61c4-a3d7-4628-ace6-6fa2fd5166e6,2025-07-12T08:47:00Z,2025-08-11,52836588000,1,2025-08-14T12:27:00Z,2,100001,7f5b6f7e-1c2d-4a4e-9a51-3a3f1d3c0a01
84f5d7d1-3421-4b3c-be87-9da48fdabee5,INV-000193,7a73478f-a532-4111-ab15-204a57172489,1651b50b-2448-4b05-a09b-7e46f7cbc0b4,04ba16cc-e5d1-4a78-9e01-9bfea0cd173d,account,5304317f-af42-412f-b838-b3268e944239,2025-08-20T08:31:00Z,2025-09-19,600468254000,1,2025-09-17T09:32:00Z,2,100001,7f5b6f7e-1c2d-4a4e-9a51-3a3f1d3c0a01
f19d0794-0371-4e58-b1bd-b481d7aa4080,INV-000194,bdc15eef-6aac-47f4-9d33-98309ad911b5,7db93260-0454-4551-82d5-706ca34737f8,f0c46591-b2d9-45fa-849e-e02aeea28810,account,5304317f-af42-412f-b838-b3268e944239,2025-07-16T09:10:00Z,2025-08-15,42601348000,1,2025-08-16T07:37:00Z,2,100001,7f5b6f7e-1c2d-4a4e-9a51-3a3f1d3c0a01
48ba840b-53ef-4ad2-b372-2b2865ba309a,INV-000195,acdf2af6-fc74-4a51-a46e-b335a2cc3129,969b62c2-e903-4f51-94d5-0e9d8ae392cd,0299b709-2a27-496c-b4f1-c64dc8da7e18,account,0e51f30d-c6a7-4e39-84b0-32ccd7c524a5,2025-07-12T10:02:00Z,2025-09-10,30428827000,4,2025-09-08T08:40:00Z,2,100001,7f5b6f7e-1c2d-4a4e-9a51-3a3f1d3c0a01
67b5c84f-525c-477e-ba18-717c337f2ee2,INV-000196,453d7b05-3e0f-47b5-b49c-44d3d76b4582,700a051c-bc0e-4d13-9c0b-2aa657884e3d,6e7cb018-bf11-4b44-8757-b010c7602e01,account,5304317f-af42-412f-b838-b3268e944239,2025-07-22T08:03:00Z,2025-09-20,47612648000,4,2025-10-09T12:18:00Z,2,100001,7f5b6f7e-1c2d-4a4e-9a51-3a3f1d3c0a01
f0b2d9c0-1ced-43dd-ac42-df3eb375d09b,INV-000197,471b024a-39d3-42d5-84bb-95d1960b0c5e,3d160a1d-da5d-4295-9faf-2e432f26f59b,056760f8-0de9-4292-98b5-e7e188ef88f7,account,b02b61c4-a3d7-4628-ace6-6fa2fd5166e6,2025-08-06T08:39:00Z,2025-09-05,46554031000,1,2025-09-04T08:02:00Z,2,100001,7f5b6f7e-1c2d-4a4e-9a51-3a3f1d3c0a01
8680be8b-6e49-4e45-a8c2-6c1713a6671f,INV-000198,d050a38a-5481-4632-8df2-4a5af1b256d0,a67a33b2-e0f1-4e78-9cd8-f495dc54abbf,0443777c-7ab8-4d02-85ac-3f00338f29be,account,e27a984d-6548-41d0-bfcd-9eb1a7cad415,2025-07-31T04:33:00Z,2025-08-30,4880931000,1,2025-09-03T07:31:00Z,2,100001,7f5b6f7e-1c2d-4a4e-9a51-3a3f1d3c0a01
6eb9e6fd-d8e2-45ca-8a67-13257e7e5c46,INV-000199,fe1df6e2-0df0-4a72-b52e-3f169da13fb2,39094dc6-bc10-4e62-8eec-c2cbb8355ffe,aceab138-3e62-4898-b557-6846ee7616d1,account,beb79919-3f22-4af8-a3be-d01d43cf2fde,2025-07-26T06:28:00Z,2025-08-25,78858248000,1,2025-09-08T07:22:00Z,2,100001,7f5b6f7e-1c2d-4a4e-9a51-3a3f1d3c0a01
e90bc562-0cae-4826-928c-cb496cf26c80,INV-000200,e08e2fcf-01b0-40b4-bb7d-f7a582d4052a,3b71f750-44cd-40be-b890-92fed957fbc5,f42973f5-d1d1-4e0b-a7e7-a6bdc2a49fd8,account,0e51f30d-c6a7-4e39-84b0-32ccd7c524a5,2025-07-29T08:04:00Z,2025-07-29,30716018000,100000000,2025-07-27T08:04:00Z,2,100001,7f5b6f7e-1c2d-4a4e-9a51-3a3f1d3c0a01
0ee91a57-a19f-4679-96ac-5334887da902,INV-000201,ca22392f-2420-4f7d-b114-3cf46b41c5a6,c0e7e1a7-e84d-42e6-9712-00edc4922fe4,167d4184-a86a-458f-ba11-169426c1549a,account,5304317f-af42-412f-b838-b3268e944239,2025-08-09T12:04:00Z,2025-09-08,43998015000,1,2025-09-14T08:31:00Z,2,100001,7f5b6f7e-1c2d-4a4e-9a51-3a3f1d3c0a01
84ba53ed-17ea-4cb9-9c7d-8d12c7e77d0f,INV-000202,76f1d068-e713-471a-bc57-6cf6a693c652,382edc11-ea7a-45d5-a4cf-fe3b82d3f21c,095ffa81-40d9-4bce-b930-ba208b040f49,account,5304317f-af42-412f-b838-b3268e944239,2025-08-09T05:23:00Z,2025-08-09,12934029000,100000000,2025-08-09T05:23:00Z,2,100001,7f5b6f7e-1c2d-4a4e-9a51-3a3f1d3c0a01
d7b63729-125e-4b84-853c-cc37a5a3f084,INV-000203,8e3de159-73fe-459b-b35e-7337c67542b6,eafa0f6e-fdc0-449d-b921-643e27ff70a8,758d9a65-73bc-47d7-8c3a-275a21435a7f,account,5304317f-af42-412f-b838-b3268e944239,2025-07-24T12:42:00Z,2025-07-24,68932661000,100000000,2025-07-24T12:42:00Z,2,100001,7f5b6f7e-1c2d-4a4e-9a51-3a3f1d3c0a01
854db45f-b006-432f-a400-082c968c7a7c,INV-000204,14c0965a-1c0c-4ce4-8094-2743fe9f9fd2,75bb16db-dc4c-44a0-8a4f-fb7c24486381,c683315a-fcfb-436c-8642-b41abf4cc28d,account,10f1bc81-448a-4a9e-a6b2-bc5b50c187fc,2025-08-16T11:49:00Z,2025-08-16,22768646000,100000000,2025-08-14T11:49:00Z,2,100001,7f5b6f7e-1c2d-4a4e-9a51-3a3f1d3c0a01
244b23b1-a131-48d0-9392-e109d3228db7,INV-000205,86615979-3663-4a91-baeb-dc73043e27f6,1b7810a0-58b3-40cf-9314-4c013b1d0b20,81f1a440-0783-4ed6-82e7-18a769fba3fa,account,e27a984d-6548-41d0-bfcd-9eb1a7cad415,2025-08-16T09:00:00Z,2025-09-15,29711001000,1,2025-09-15T05:33:00Z,2,100001,7f5b6f7e-1c2d-4a4e-9a51-3a3f1d3c0a01
f8bee2ce-1553-49f0-9f95-fd31a0b5ff79,INV-000206,81238f51-5251-4c2b-9de3-35c276252e09,438fd1e8-22de-462f-9659-b3532a9d05d5,152b7fbd-aa15-47d3-b4ec-733defe47a7e,account,e27a984d-6548-41d0-bfcd-9eb1a7cad415,2025-08-07T11:36:00Z,2025-10-06,8411148000,4,2025-10-04T09:56:00Z,2,100001,7f5b6f7e-1c2d-4a4e-9a51-3a3f1d3c0a01
c3d914ac-2ee6-402d-9a9d-4d370e538edc,INV-000207,7916f2e6-de08-44b8-ac73-6a754d19dbfb,516c8225-7eac-408e-89a4-34c91ef2b337,f05bb082-4c33-4940-b973-070322522961,account,b02b61c4-a3d7-4628-ace6-6fa2fd5166e6,2025-08-07T09:38:00Z,2025-08-07,10073605000,100000000,2025-08-04T09:38:00Z,2,100001,7f5b6f7e-1c2d-4a4e-9a51-3a3f1d3c0a01
0eeff43e-1241-440a-b63e-290ee92ca0df,INV-000208,5c605c5e-7389-4a56-97f7-c87171483cf3,f0f95657-3162-4152-aecb-87443ac410cc,244a603e-156e-47f8-8af0-cf0c596b0c6f,account,e27a984d-6548-41d0-bfcd-9eb1a7cad415,2025-08-20T06:18:00Z,2025-08-20,63033638000,100000000,2025-08-17T06:18:00Z,2,100001,7f5b6f7e-1c2d-4a4e-9a51-3a3f1d3c0a01
646c798e-cf3e-43d2-aad6-5e0d1e0c8279,INV-000209,fe5d75b3-7892-4d2c-b60e-08b2764f8365,2caf6e3c-661b-4e7f-a65e-f0bf2b0b73e5,9d470a35-c816-4c27-bc3c-4c2fa40e0199,account,24933b83-7577-40a9-a491-f0b2ea1fca65,2025-08-23T13:11:00Z,2025-10-22,36426950000,4,2025-12-02T08:10:00Z,2,100001,7f5b6f7e-1c2d-4a4e-9a51-3a3f1d3c0a01
65138c0e-aaa9-459c-a259-cae3b46d065e,INV-000210,2fddcb84-f1b7-4a0a-aa26-2309db2f42ba,347cc236-14b5-4b25-8ef6-2d3d05f8c31b,959677e9-35c4-4e08-86a4-7588a676ace1,account,e27a984d-6548-41d0-bfcd-9eb1a7cad415,2025-09-02T08:00:00Z,2025-11-01,19168017000,4,2025-11-01T08:08:00Z,2,100001,7f5b6f7e-1c2d-4a4e-9a51-3a3f1d3c0a01
bae222bd-1a9e-4038-b663-18c3ade637fc,INV-000211,a8caef85-7bd7-45b0-8c4a-47492c6cb095,6faa2983-2622-4180-82b9-9c7be41eb440,59d80a28-1c86-4375-9a85-80dc77212b42,account,0e51f30d-c6a7-4e39-84b0-32ccd7c524a5,2025-08-24T04:40:00Z,2025-10-23,27942030000,4,2025-10-23T11:44:00Z,2,100001,7f5b6f7e-1c2d-4a4e-9a51-3a3f1d3c0a01
5c49a668-68d5-400f-bc22-9a797be406f6,INV-000212,974d2610-0f0c-403d-9e68-8afce80a8bff,e2970c5b-6eea-493d-816c-5b72c1a4b3c6,1125312c-0a86-4d54-afc5-b3b93238a2f4,account,b02b61c4-a3d7-4628-ace6-6fa2fd5166e6,2025-09-02T06:44:00Z,2025-09-02,62652313000,100000000,2025-09-02T06:44:00Z,2,100001,7f5b6f7e-1c2d-4a4e-9a51-3a3f1d3c0a01
1f900fc4-eb0d-4f87-944f-69f632835376,INV-000213,ec359559-8882-4c16-9ffd-8b3ab6b10378,54352af4-648f-493a-af56-2d4abbe68747,2fe63cc8-9416-4854-bf05-c5ccc50d751e,account,5304317f-af42-412f-b838-b3268e944239,2025-09-02T07:45:00Z,2025-10-02,4915355000,1,2025-09-29T11:52:00Z,2,100001,7f5b6f7e-1c2d-4a4e-9a51-3a3f1d3c0a01
6a3e1ac5-5cf5-48b3-8ca5-73f96c9f5188,INV-000214,0fea2b4a-a500-48ad-9578-d9d2944bddfd,7e10c75d-c123-41b1-9064-5e3be9fa3a5a,753840d9-87ea-49f2-9e85-95360c11c74d,account,10f1bc81-448a-4a9e-a6b2-bc5b50c187fc,2025-09-04T07:46:00Z,2025-09-04,42674398000,100000000,2025-09-02T07:46:00Z,2,100001,7f5b6f7e-1c2d-4a4e-9a51-3a3f1d3c0a01
f91bd964-970a-4a73-95fe-bca1fb5724a6,INV-000215,11ac2697-42b2-4b4f-8adf-e3cf66e0d74e,305c70a2-3a3e-4b9f-b637-a2faa44b6f98,c6e4472d-983a-4d16-ba66-f439ee62af25,account,ce177b4e-0837-48a3-9261-a7ab3aa2e4f9,2025-09-04T12:26:00Z,2025-10-04,16404150000,1,2025-10-01T10:27:00Z,2,100001,7f5b6f7e-1c2d-4a4e-9a51-3a3f1d3c0a01
93d94562-38d6-4760-8951-c5819106fd8b,INV-000216,32b27bec-51e6-4866-b7b8-70c37b5c2074,458d5042-4961-4a59-954a-f5d7d79b71a5,7ede0a0a-aa0f-4335-8fb7-1ca6a4ec1371,account,b02b61c4-a3d7-4628-ace6-6fa2fd5166e6,2025-09-11T11:38:00Z,2025-10-11,14685014000,1,2025-10-11T07:02:00Z,2,100001,7f5b6f7e-1c2d-4a4e-9a51-3a3f1d3c0a01
d00fff50-9f87-4bc4-867b-f431380e2ccb,INV-000217,abe4d36b-45a8-41a1-ae89-55b74e21e25a,477c5c1e-97c3-4d09-a37a-84ebf75646bc,328e99cd-7ec8-4fd6-b8f5-7bcf870ce744,account,10f1bc81-448a-4a9e-a6b2-bc5b50c187fc,2025-09-10T10:18:00Z,2025-10-10,20273451000,1,2025-10-20T04:43:00Z,2,100001,7f5b6f7e-1c2d-4a4e-9a51-3a3f1d3c0a01
cac958d3-29e0-4ef9-b02b-11fa8fe9554e,INV-000218,ebe1e6bd-7698-46fe-a55f-230be75fb954,9a3d2895-cf80-412e-9b30-0fb139f6af79,99860656-3699-46ab-a951-9a0f060f22eb,account,366eb16f-508e-4ad7-b7c9-3acfe059a0ee,2025-09-15T06:27:00Z,2025-12-14,15594783000,100000001,2025-12-23T06:17:00Z,2,100001,7f5b6f7e-1c2d-4a4e-9a51-3a3f1d3c0a01
a7453a0d-a1de-4edb-85be-4a9d2ab9adda,INV-000219,e728e109-ca0d-434a-bae0-db32e8841d08,f984aa7d-e896-4288-9d70-0abb1b6b71b8,53d7690e-737e-4cd8-a74b-a244b2b73164,account,10f1bc81-448a-4a9e-a6b2-bc5b50c187fc,2025-09-07T05:16:00Z,2025-12-06,93214882000,100000001,2026-01-08T05:38:00Z,2,100001,7f5b6f7e-1c2d-4a4e-9a51-3a3f1d3c0a01
8b3f6c94-48a8-42ec-8e82-580269c475b4,INV-000220,6bd3ca24-69f1-43bb-a483-c971beddf4d4,046188b2-5636-4e16-9f36-749acc02e629,ddbbf6e3-2591-4040-b902-7e9ae79a71c2,account,5304317f-af42-412f-b838-b3268e944239,2025-09-20T12:12:00Z,2025-09-20,14701452000,100000000,2025-09-17T12:12:00Z,2,100001,7f5b6f7e-1c2d-4a4e-9a51-3a3f1d3c0a01
aebe7fc4-e250-4b50-8f21-969b61525d0b,INV-000221,d67ff9ea-e9de-4024-a45b-52edf379026f,03a3f80f-51e0-4ae2-b0a6-4f2cdc413634,8ece1128-56ce-4b42-bc9e-1dcbcb7e6268,account,0e51f30d-c6a7-4e39-84b0-32ccd7c524a5,2025-09-16T11:19:00Z,2025-10-16,9836850000,1,2025-10-18T08:55:00Z,2,100001,7f5b6f7e-1c2d-4a4e-9a51-3a3f1d3c0a01
a98112a3-94e1-40ac-8a1e-9f2c5f5806cd,INV-000222,f198709c-7b5a-44e4-8351-71515898ef62,7536bee7-f383-4240-9b07-affcac57084b,b9fdb77d-e1a3-433c-a5c5-eecd20192edf,account,b02b61c4-a3d7-4628-ace6-6fa2fd5166e6,2025-09-13T10:46:00Z,2025-10-13,11774832000,1,2025-10-25T04:33:00Z,2,100001,7f5b6f7e-1c2d-4a4e-9a51-3a3f1d3c0a01
fbc6e633-5b6f-49e0-a6bc-35aaa34ac905,INV-000223,701daebf-c142-4184-9664-7b59c8ba8729,fd40504c-2c5d-4a22-a062-e7f485041e4e,97ee66ea-b54d-43d4-8422-5042eb1be442,account,366eb16f-508e-4ad7-b7c9-3acfe059a0ee,2025-09-16T07:42:00Z,2025-10-16,8823031000,1,2025-10-22T13:08:00Z,2,100001,7f5b6f7e-1c2d-4a4e-9a51-3a3f1d3c0a01
561957fd-530d-4537-b1c5-020223afa774,INV-000224,704dc28c-8f36-48b4-8a53-6e222fcde2a7,a7186dec-f0f4-4e60-b832-f963318f8cd8,e92915a3-85cd-44bf-901c-93a3b1f22be5,account,24933b83-7577-40a9-a491-f0b2ea1fca65,2025-10-16T07:48:00Z,2025-12-15,18246823000,4,2025-12-13T13:02:00Z,2,100001,7f5b6f7e-1c2d-4a4e-9a51-3a3f1d3c0a01
60b071cb-3f98-4dfb-b29a-18c6ddade203,INV-000225,37dda186-90d4-4aee-aa81-a841e927194f,e3633352-7209-46ed-9549-6b06eb328007,fae2d4a8-a475-4fa7-8d30-69bfca6628a8,account,5304317f-af42-412f-b838-b3268e944239,2025-10-01T08:57:00Z,2025-10-31,11523802000,1,2025-11-08T09:31:00Z,2,100001,7f5b6f7e-1c2d-4a4e-9a51-3a3f1d3c0a01
b0dfd7b9-fa66-42c0-9c4c-532de2999e1a,INV-000226,b0e69247-7c99-4f92-a14d-e07d04a9c38c,cb38a2f4-52a6-447a-8a9e-9e6f33630786,6719f379-a846-49fe-9428-3c61f97790b2,account,e27a984d-6548-41d0-bfcd-9eb1a7cad415,2025-10-06T12:36:00Z,2025-12-05,61401844000,4,2025-12-14T06:37:00Z,2,100001,7f5b6f7e-1c2d-4a4e-9a51-3a3f1d3c0a01
73693ec6-beb1-47de-91b7-059cadee8e72,INV-000227,ce477169-c84b-4083-bace-a57b086d6fbb,ab51703e-0433-440a-ac70-007d0778cbaf,792e3062-b383-4ee1-b428-941d47cec420,account,366eb16f-508e-4ad7-b7c9-3acfe059a0ee,2025-09-25T06:28:00Z,2025-09-25,41233097000,100000000,2025-09-25T06:28:00Z,2,100001,7f5b6f7e-1c2d-4a4e-9a51-3a3f1d3c0a01
ea6029f6-2bf9-4b9b-b676-68953ded87f8,INV-000228,cb86a0d8-8a6a-4b25-aa5c-456dc6b4ebbd,1fd77b31-4441-4fb4-9a0f-6a467254a1d5,f4fe8005-433c-47b1-b267-f0b6442fec0e,account,e27a984d-6548-41d0-bfcd-9eb1a7cad415,2026-01-13T12:04:00Z,2026-04-13,80947541000,100000001,2026-05-03T09:26:00Z,2,100001,7f5b6f7e-1c2d-4a4e-9a51-3a3f1d3c0a01
094b8e96-769f-4cec-9f45-54258915c54d,INV-000229,d27be71e-685d-4751-9a19-5aa4a111f44b,a09e64ed-b2d7-4243-97f6-70d8add982b4,23bdec0a-9085-4205-b160-fa4dc2e8574f,account,10f1bc81-448a-4a9e-a6b2-bc5b50c187fc,2025-10-26T12:42:00Z,2025-12-25,11050573000,4,2025-12-22T07:10:00Z,2,100001,7f5b6f7e-1c2d-4a4e-9a51-3a3f1d3c0a01
15559eac-af20-4337-b7cf-5f54180e2f0f,INV-000230,45fb0dcf-d08d-4a30-ba39-fd6ffbd3bfcb,65f7f7c3-0746-4ece-b6d3-573dcc6c7bc2,71a3fad2-b094-4d2a-aaa9-3b436d15f16f,account,b02b61c4-a3d7-4628-ace6-6fa2fd5166e6,2025-10-18T05:25:00Z,2025-10-18,5055315000,100000000,2025-10-16T05:25:00Z,2,100001,7f5b6f7e-1c2d-4a4e-9a51-3a3f1d3c0a01
11092304-38df-4403-a471-efac59bce82b,INV-000231,d5b21bf1-c66a-47d0-a6cb-674e43a71e40,7a7882f1-5814-4e5b-96bd-53b9f93018d0,f0636972-c737-427a-9e34-106afa902bfb,account,366eb16f-508e-4ad7-b7c9-3acfe059a0ee,2025-10-26T10:43:00Z,2025-11-25,28725569000,1,2025-11-29T05:08:00Z,2,100001,7f5b6f7e-1c2d-4a4e-9a51-3a3f1d3c0a01
da0a4d13-834e-42c5-9d83-04f5fb035a6d,INV-000232,712889fa-a94f-432a-9da1-d0384d11072f,28e2c3bf-cd5d-49e1-b1d2-676a2bf67532,705faecd-2edf-402e-b531-8081b4effa29,account,e27a984d-6548-41d0-bfcd-9eb1a7cad415,2025-12-25T06:16:00Z,2026-03-25,174335190000,100000001,2026-03-25T04:58:00Z,2,100001,7f5b6f7e-1c2d-4a4e-9a51-3a3f1d3c0a01
4415a38f-d1bc-4b2b-a7f2-bb2c6baa9211,INV-000233,aa58feda-b960-4b74-a32f-be6b7dd2ab19,d31740a5-179e-4b03-bc25-797e6a05be46,397a284f-76a4-479b-bd67-34588f2d0b17,account,ce177b4e-0837-48a3-9261-a7ab3aa2e4f9,2025-11-22T06:04:00Z,2025-11-22,156666134000,100000000,2025-11-19T06:04:00Z,2,100001,7f5b6f7e-1c2d-4a4e-9a51-3a3f1d3c0a01
cc1f7a67-0dec-4d44-b283-ee48d90723af,INV-000234,55fac683-d062-4b87-b3b1-519df3940f4e,d536ba96-97f8-43be-9d90-72f456b66dd7,ea8b31f5-ccae-48fe-94eb-8e20af7c7d2b,account,5304317f-af42-412f-b838-b3268e944239,2025-11-11T07:57:00Z,2025-11-11,21579013000,100000000,2025-11-10T07:57:00Z,2,100001,7f5b6f7e-1c2d-4a4e-9a51-3a3f1d3c0a01
fd297fd3-5eaa-41f7-a493-c4e0d61a9a28,INV-000235,50e9636e-197d-48b1-961b-14dd45f11959,04a8b114-c07b-4191-b6b1-b9ed24ec8ee8,7147f758-cdbe-4548-aa65-66e8fe1ad905,account,24933b83-7577-40a9-a491-f0b2ea1fca65,2025-11-06T08:04:00Z,2025-12-06,7451140000,1,2025-12-13T05:52:00Z,2,100001,7f5b6f7e-1c2d-4a4e-9a51-3a3f1d3c0a01
282797fb-9e60-4d8d-98a8-f810e05f6854,INV-000236,54b69482-f903-41e5-ba86-80ddae6773af,54fd1c59-742e-4069-8457-7fb8e539aae8,3c775558-b365-4b7c-8853-bc5542e17302,account,0e51f30d-c6a7-4e39-84b0-32ccd7c524a5,2025-11-15T10:00:00Z,2025-12-15,21908394000,1,2025-12-27T04:32:00Z,2,100001,7f5b6f7e-1c2d-4a4e-9a51-3a3f1d3c0a01
544968c9-727d-4b20-98ac-cc08ec909933,INV-000237,ebbe1cf4-4496-4518-9e19-ad54514fe370,dcb01fcd-f2e0-4882-8e63-3c1f0579dfc8,76b90472-7470-424c-b9f6-b641063ff61e,account,5304317f-af42-412f-b838-b3268e944239,2025-11-13T09:47:00Z,2025-12-13,26240968000,1,2026-01-12T11:27:00Z,2,100001,7f5b6f7e-1c2d-4a4e-9a51-3a3f1d3c0a01
9e9add66-024c-49c6-bebd-2f2326701a88,INV-000238,926042fc-d9ca-4e7d-a282-84faa0ab3e0b,2f289654-ef43-4f20-8f09-47c5d25d5ca7,cb618d75-aa96-4dfb-a79b-265ab15f3994,account,ce177b4e-0837-48a3-9261-a7ab3aa2e4f9,2025-11-17T08:51:00Z,2025-12-17,85424493000,1,2026-03-18T11:19:00Z,2,100001,7f5b6f7e-1c2d-4a4e-9a51-3a3f1d3c0a01
604814ce-5bb7-42bc-8fa5-5a77fd3d867a,INV-000239,9620a685-0768-4c54-97bf-12b2ec64eda6,ecdf2959-9d68-43d9-adb5-56bd6b5e36dd,4fb67094-123c-4911-abd8-ad4d3eacdb28,account,366eb16f-508e-4ad7-b7c9-3acfe059a0ee,2025-11-18T10:38:00Z,2025-11-18,16864536000,100000000,2025-11-15T10:38:00Z,2,100001,7f5b6f7e-1c2d-4a4e-9a51-3a3f1d3c0a01
eed42657-f6c1-4c46-b822-3dfca7096316,INV-000240,0a70e53c-a03f-4417-b6f4-af9b7e0a7c12,7ed7a9ea-6f13-4776-bbd5-8ac59d33cbf6,5e3ece60-9ef6-499f-b3b4-daf34ad1d634,account,0e51f30d-c6a7-4e39-84b0-32ccd7c524a5,2025-11-08T12:15:00Z,2025-11-08,52610688000,100000000,2025-11-08T12:15:00Z,2,100001,7f5b6f7e-1c2d-4a4e-9a51-3a3f1d3c0a01
a14f33be-3d96-4c33-8c32-80b006057709,INV-000241,5ef0d853-9ebd-4552-9ded-2282dd8b99ad,b41e70e8-5a1a-4a61-9e1e-20171e43d2b9,9bafcc20-0e16-4f3f-938c-c0ca17acd7e9,account,e27a984d-6548-41d0-bfcd-9eb1a7cad415,2025-11-08T10:51:00Z,2025-12-08,45384126000,1,2025-12-11T12:25:00Z,2,100001,7f5b6f7e-1c2d-4a4e-9a51-3a3f1d3c0a01
25e39ea9-07b5-4fd2-a3ad-5f1a19934fdf,INV-000242,931cc76a-ca68-42ed-827e-a023176b8970,598c94c7-5ae1-4b92-a4af-2b965cfe6ec1,16591c89-21eb-4aa9-9a2b-d69c450f69ee,account,24933b83-7577-40a9-a491-f0b2ea1fca65,2025-11-19T12:49:00Z,2026-01-18,77586784000,4,2026-02-07T11:34:00Z,2,100001,7f5b6f7e-1c2d-4a4e-9a51-3a3f1d3c0a01
90cf490d-7138-4bf7-b097-8128d165deb7,INV-000243,303fe6b5-ad01-4254-831e-acd7e888ef39,83046af1-84d5-4bd2-a85b-9c8aefd2e8c9,5bdb1834-076a-4ae8-8a80-b197f97d7124,account,366eb16f-508e-4ad7-b7c9-3acfe059a0ee,2025-11-16T10:28:00Z,2025-12-16,15413316000,1,2025-12-16T12:03:00Z,2,100001,7f5b6f7e-1c2d-4a4e-9a51-3a3f1d3c0a01
79cedeb8-10a6-4fe0-9e20-a426c3f93fbd,INV-000244,63d7599d-9931-42bd-b058-b440050be25e,6044f6b7-26d8-473f-af49-8cdb0c7952cb,fab6ad91-bacf-4cfc-9245-1cc41bfb3b3d,account,b02b61c4-a3d7-4628-ace6-6fa2fd5166e6,2025-11-22T11:34:00Z,2025-12-22,29484030000,1,2026-01-10T08:30:00Z,2,100001,7f5b6f7e-1c2d-4a4e-9a51-3a3f1d3c0a01
56b75a37-a4df-49f8-9696-3fff1d17a05d,INV-000245,dd2a62a7-f61c-4fe9-b2ec-81aaf42b0176,d3af3619-f36d-4a36-9af7-f22cd4d84d00,ff3c6d4e-a1dc-4cab-8e21-3ce5668eb10e,account,24933b83-7577-40a9-a491-f0b2ea1fca65,2025-11-15T09:08:00Z,2025-12-15,23121295000,1,2026-06-25T04:49:00Z,2,100001,7f5b6f7e-1c2d-4a4e-9a51-3a3f1d3c0a01
62741766-a113-4d1b-b5b0-3148394de695,INV-000246,dd839d94-bc11-4e6d-8657-52d85849b91a,c5ea94c7-803b-47e7-ab6f-997ddff961c2,97f971d5-94f8-4e6c-8416-c07cb6a787b1,account,24933b83-7577-40a9-a491-f0b2ea1fca65,2025-11-04T11:20:00Z,2025-12-04,59678072000,1,2025-12-06T13:05:00Z,2,100001,7f5b6f7e-1c2d-4a4e-9a51-3a3f1d3c0a01
f463c0fa-51e6-49d3-9e14-30d7d9f9bf16,INV-000247,74f709e1-7393-4cc3-abfa-b74119500d0e,b074dba9-a443-4c87-9ff8-05c5ac6bbaf7,4b26f0a3-33b1-4ca4-b74d-34f5caf07226,account,0e51f30d-c6a7-4e39-84b0-32ccd7c524a5,2025-11-13T12:07:00Z,2026-01-12,37735547000,4,2026-01-21T09:25:00Z,2,100001,7f5b6f7e-1c2d-4a4e-9a51-3a3f1d3c0a01
de35c890-7dc7-48fd-a44b-a6e94e8920da,INV-000248,73c99dc1-3c10-43b5-88e8-cacd0c008903,8d7a3812-9c4e-468e-a453-6ee5832abcee,2bf95861-4827-4440-b6d9-fe1731094211,account,366eb16f-508e-4ad7-b7c9-3acfe059a0ee,2025-11-16T06:37:00Z,2025-12-16,9615186000,1,2025-12-25T07:28:00Z,2,100001,7f5b6f7e-1c2d-4a4e-9a51-3a3f1d3c0a01
a89c9be9-d38b-447b-a1a6-ad89ae97360e,INV-000249,08baea08-df6d-4da3-9d84-0a88a586e69c,95a87e55-a97a-4690-bd30-435d0f1ecdb9,d9aa2092-00c3-4728-8f0e-eb9d2048018c,account,0e51f30d-c6a7-4e39-84b0-32ccd7c524a5,2025-11-13T06:54:00Z,2025-11-13,8145566000,100000000,2025-11-10T06:54:00Z,2,100001,7f5b6f7e-1c2d-4a4e-9a51-3a3f1d3c0a01
efe702a1-b0e0-4782-939a-9b632b3186bb,INV-000250,e45fbf0c-777c-412f-9275-5c2569ab9b4c,e0c8feae-9c28-46c4-bd0b-e862ce349cdf,09360f02-75ac-4819-b14b-5c03605797cf,account,b02b61c4-a3d7-4628-ace6-6fa2fd5166e6,2025-11-15T09:37:00Z,2025-11-15,35986326000,100000000,2025-11-15T09:37:00Z,2,100001,7f5b6f7e-1c2d-4a4e-9a51-3a3f1d3c0a01
114452a7-0cfc-4744-9c3d-4db48a2816f9,INV-000251,253269bf-58ea-48fc-a91e-1b34ce41ae8b,63507836-28d6-492e-a19c-3c9da5316e09,1b552618-e57e-42d3-a3dd-e733b225574e,account,b02b61c4-a3d7-4628-ace6-6fa2fd5166e6,2025-11-08T05:35:00Z,2025-12-08,65898279000,1,2025-12-27T11:15:00Z,2,100001,7f5b6f7e-1c2d-4a4e-9a51-3a3f1d3c0a01
45672b09-f7f0-499f-8b7b-78b3a04ac82d,INV-000252,ce03fe1e-4723-43ac-89c4-8fe87694e3a7,53937e99-3ad1-4bfa-a886-517fab26aa3f,05c14422-4ffe-4dfd-bedc-acb7a8b331a0,account,e27a984d-6548-41d0-bfcd-9eb1a7cad415,2025-11-09T10:54:00Z,2026-01-08,9127164000,4,2026-01-05T07:26:00Z,2,100001,7f5b6f7e-1c2d-4a4e-9a51-3a3f1d3c0a01
4930dd0f-d778-42a2-bf34-9c854b3d2fe9,INV-000253,df4f010e-bad3-4d3f-b31b-1837596b4201,2e9bc45d-dd88-431a-920b-65702a878154,3be79df4-72ec-416e-88a7-23e9bfa016c2,account,9132b63e-f162-47e4-a9c3-49e03602f8ac,2025-11-26T07:16:00Z,2026-01-25,69039510000,4,2026-01-29T11:48:00Z,2,100001,7f5b6f7e-1c2d-4a4e-9a51-3a3f1d3c0a01
57489788-e1b6-4f43-9531-934638785f10,INV-000254,0f7a9eee-05eb-4cff-8bf8-4d76430783fc,e927932c-23ae-4eb9-bb01-9bdb294b3bf9,a124fdb2-97be-4f31-a42a-a836989b68c0,account,5304317f-af42-412f-b838-b3268e944239,2025-11-22T06:29:00Z,2026-01-21,10644605000,4,2026-02-05T07:11:00Z,2,100001,7f5b6f7e-1c2d-4a4e-9a51-3a3f1d3c0a01
e694e92e-7705-4b24-874d-6deae2b9d7c7,INV-000255,05ac5b6b-d560-4096-a2cc-bf4f4da1e3ea,b5fa695c-7c3a-4c67-a9a6-65be2be0feaf,84222f58-f022-44af-bb76-4637d277ab64,account,b02b61c4-a3d7-4628-ace6-6fa2fd5166e6,2025-11-16T05:56:00Z,2026-01-15,23977752000,4,2026-01-19T09:58:00Z,2,100001,7f5b6f7e-1c2d-4a4e-9a51-3a3f1d3c0a01
6f8973e1-7d47-4ca5-9067-90a006e7165f,INV-000256,1db6e10f-96a8-4047-a03c-7799050582e9,2811a218-42f8-46be-8275-734bd32e6fc6,33bcb8a9-c71d-4564-8992-b886c8f216c1,account,5304317f-af42-412f-b838-b3268e944239,2025-11-27T11:39:00Z,2025-12-27,37038833000,1,2026-01-13T10:07:00Z,2,100001,7f5b6f7e-1c2d-4a4e-9a51-3a3f1d3c0a01
3f99a593-7bc7-40b9-a3f4-a88c3c15f854,INV-000257,e8b6678a-e1f6-4e9f-99dc-ef9f4a76d529,7d484435-98e4-4f1a-84f5-42a38716cc42,4ba99d78-b498-45d0-a5b1-c79954cecee7,account,0e51f30d-c6a7-4e39-84b0-32ccd7c524a5,2025-11-15T07:49:00Z,2025-12-15,34503083000,1,2025-12-17T09:47:00Z,2,100001,7f5b6f7e-1c2d-4a4e-9a51-3a3f1d3c0a01
f6ed13ce-2e89-4f54-9ea4-07136d6fee94,INV-000258,3f6ea89b-ac54-4c86-a86b-245f62820fab,d8b16367-52de-4556-9a04-17d6fef6968e,bf4113cb-32e1-4f17-ab47-ed615372ebed,account,5304317f-af42-412f-b838-b3268e944239,2025-11-19T08:36:00Z,2026-01-18,100443797000,4,2026-01-18T10:54:00Z,2,100001,7f5b6f7e-1c2d-4a4e-9a51-3a3f1d3c0a01
2b02c1ac-3fa7-44b5-aa94-d343944e906e,INV-000259,1b1dd405-cfa4-45bd-8fd2-ed8c8b6242d4,02af111a-0e6a-4ca8-b7da-843adec3dbbd,e71956a1-de82-4149-91f2-97191e565f21,account,10f1bc81-448a-4a9e-a6b2-bc5b50c187fc,2025-11-29T12:31:00Z,2026-01-28,26213262000,4,2026-02-03T10:25:00Z,2,100001,7f5b6f7e-1c2d-4a4e-9a51-3a3f1d3c0a01
b560e0aa-89e8-44ab-b506-2e58f3ca8f9e,INV-000260,674440a3-df1f-4814-aaf1-ee3c9dbfa0d4,8d6ffda7-79da-48a7-8694-b4b14dda6ecf,a0017720-200b-4903-8642-6c458d03f17a,account,5304317f-af42-412f-b838-b3268e944239,2025-12-16T05:48:00Z,2025-12-16,58988633000,100000000,2025-12-14T05:48:00Z,2,100001,7f5b6f7e-1c2d-4a4e-9a51-3a3f1d3c0a01
c8344fbf-3fe5-4c08-af68-9ea395e02685,INV-000261,65207f14-89fe-4962-95e2-9644b63e18a9,bb797537-fdc8-4aa2-9013-8c96c04eccfe,b5ef1ee6-7ff3-44b9-b69f-a399e1bfff1a,account,9132b63e-f162-47e4-a9c3-49e03602f8ac,2025-12-06T11:58:00Z,2026-02-04,12891098000,4,2026-02-10T10:29:00Z,2,100001,7f5b6f7e-1c2d-4a4e-9a51-3a3f1d3c0a01
1cd04033-63ba-4ff2-bfb8-bfafdd1d74ac,INV-000262,af7623b3-c7aa-4946-a2d3-43dbfbfd6c78,cc2365d3-c7e9-4322-a223-19b123acb5d2,3c04a50e-0060-47a3-a073-cd4e192004bd,account,10f1bc81-448a-4a9e-a6b2-bc5b50c187fc,2025-12-06T08:53:00Z,2026-01-05,10463933000,1,2026-01-03T06:03:00Z,2,100001,7f5b6f7e-1c2d-4a4e-9a51-3a3f1d3c0a01
8f7d3977-55df-4c2c-a499-64b893fdd7b6,INV-000263,543b4d84-1564-4fd5-b3d6-e956028e7074,ddf6ee84-220b-40ad-a447-640339829270,f2ca2002-f650-4852-82bc-e2e0dfd5988e,account,b02b61c4-a3d7-4628-ace6-6fa2fd5166e6,2025-11-27T12:29:00Z,2026-01-26,13483820000,4,2026-02-25T09:02:00Z,2,100001,7f5b6f7e-1c2d-4a4e-9a51-3a3f1d3c0a01
fc8b1cda-0e29-4b50-b51f-87137c789dbd,INV-000264,6aed4194-8c4d-483b-b2cd-ea9ba3f43ad8,0a1985b1-bcc7-461b-8f16-cb2d68897ff4,c425d020-4389-4f66-9780-29e939d00762,account,366eb16f-508e-4ad7-b7c9-3acfe059a0ee,2025-12-06T04:42:00Z,2026-02-04,36851493000,4,2026-02-14T12:03:00Z,2,100001,7f5b6f7e-1c2d-4a4e-9a51-3a3f1d3c0a01
20bee3e5-7c90-43d4-aca1-a68c0ef0231d,INV-000265,954e0b15-d368-4727-8d3d-efd40a2bb511,223120f0-5b35-4b91-b49d-d9ebb116b982,6a429bd5-cd71-42b4-9471-104f1859c5ae,account,5304317f-af42-412f-b838-b3268e944239,2026-01-31T08:11:00Z,2026-05-01,38418503000,100000001,2026-05-21T12:05:00Z,2,100001,7f5b6f7e-1c2d-4a4e-9a51-3a3f1d3c0a01
79c75f62-98e9-4578-9f53-4069cf9e39b1,INV-000266,1c328f13-134c-4302-8b54-c9a69efe157e,f09faaab-7762-4118-8fd8-ef066e8d142c,11925880-301d-4817-a673-d42dc7af75de,account,e27a984d-6548-41d0-bfcd-9eb1a7cad415,2025-12-06T07:27:00Z,2025-12-06,47678283000,100000000,2025-12-05T07:27:00Z,2,100001,7f5b6f7e-1c2d-4a4e-9a51-3a3f1d3c0a01
5866c4dc-d0ff-473c-865f-aa142114df72,INV-000267,cd784178-3c90-4eda-b650-b1457c12c7bc,6e4691e0-8295-4645-9e84-2edd2e398fbb,59cb1e01-8a40-45cd-9597-b5085bed5760,account,9132b63e-f162-47e4-a9c3-49e03602f8ac,2025-12-07T10:46:00Z,2026-01-06,15385542000,1,2026-01-03T06:03:00Z,2,100001,7f5b6f7e-1c2d-4a4e-9a51-3a3f1d3c0a01
b8870d92-d3f0-441d-820f-5cb08bc8054f,INV-000268,53e28593-61df-4fa4-b18d-d4f5066752ca,87aa1fab-fb84-47c0-9941-9750eeb6ed8e,77902ddf-4b58-4ceb-a6e4-86bf8d2eea22,account,24933b83-7577-40a9-a491-f0b2ea1fca65,2025-12-14T05:46:00Z,2025-12-14,35459689000,100000000,2025-12-14T05:46:00Z,2,100001,7f5b6f7e-1c2d-4a4e-9a51-3a3f1d3c0a01
7ae0d06f-b2c2-4a14-9195-40cb41c1ae5d,INV-000269,90c07b36-1ea6-4835-8ba2-3779d58860d8,5ea7db97-a365-4333-9258-7c70edef2194,d523e33f-a539-464f-a29d-c738cdf3c682,account,9132b63e-f162-47e4-a9c3-49e03602f8ac,2026-01-03T09:50:00Z,2026-02-02,15502097000,1,2026-03-01T08:14:00Z,2,100001,7f5b6f7e-1c2d-4a4e-9a51-3a3f1d3c0a01
abe842d8-65be-4c1d-b606-79cbc6e04882,INV-000270,9cb368a8-195e-49a2-ba4d-e650b45ce351,a350a593-fc8d-458c-9bd2-de0b751cafaa,7cd6572f-301b-4b4e-a293-4e8ed189f750,account,beb79919-3f22-4af8-a3be-d01d43cf2fde,2025-12-13T05:31:00Z,2026-01-12,13311682000,1,2026-01-10T05:12:00Z,2,100001,7f5b6f7e-1c2d-4a4e-9a51-3a3f1d3c0a01
6a2bd78e-a294-45bc-a728-b8e5ff69cd69,INV-000271,d8b7f3ef-961e-40c2-bb38-14454186bf5a,aa9b4221-50bf-4233-b3b6-4e2a47f8fac9,a1169da6-76a0-41bb-8e6e-8d63a1aca513,account,5304317f-af42-412f-b838-b3268e944239,2025-12-18T09:30:00Z,2026-01-17,20597373000,1,2026-01-24T05:39:00Z,2,100001,7f5b6f7e-1c2d-4a4e-9a51-3a3f1d3c0a01
d49935b8-0222-4aeb-a032-fcfb42c59db7,INV-000272,6e9fb017-39ec-4890-9c04-c7f5bce57202,1a997d6c-3074-48bf-b24b-c957ad40ff0f,4001570a-3312-4e73-8485-63a3aeee2302,account,0e51f30d-c6a7-4e39-84b0-32ccd7c524a5,2026-01-12T11:48:00Z,2026-02-11,57193208000,1,2026-02-28T05:09:00Z,2,100001,7f5b6f7e-1c2d-4a4e-9a51-3a3f1d3c0a01
e91efba7-e11c-4093-aca5-c007eb0d14b3,INV-000273,dbfb2e3c-ce2c-4f7d-8908-529cfd5b8237,ef4ec715-e716-44e8-860f-de4d25507280,f3fb6e3e-a445-4061-823e-c6ef24ac36be,account,beb79919-3f22-4af8-a3be-d01d43cf2fde,2026-01-24T08:15:00Z,2026-01-24,76762612000,100000000,2026-01-21T08:15:00Z,2,100001,7f5b6f7e-1c2d-4a4e-9a51-3a3f1d3c0a01
26a000b4-7c5b-4352-8c1d-ceedc32cee3c,INV-000274,a9597976-bcb9-4e4d-a5f4-ed6b078ec39c,363b92df-ed5e-410b-bdcc-8d93fe0a110b,5f843666-831f-4c00-9490-029d3e1e0693,account,e27a984d-6548-41d0-bfcd-9eb1a7cad415,2026-01-10T12:12:00Z,2026-02-09,64305907000,1,2026-02-10T09:25:00Z,2,100001,7f5b6f7e-1c2d-4a4e-9a51-3a3f1d3c0a01
a006d508-ec95-4c26-8ce8-b8d9038f6689,INV-000275,d1991232-51ba-44b1-ac92-6133714252f0,f0541699-0ad6-4ad3-93a9-40acbf5d7d34,45f46772-9980-4a4d-9dfc-e905b56c8e75,account,beb79919-3f22-4af8-a3be-d01d43cf2fde,2025-12-15T05:30:00Z,2025-12-15,14616929000,100000000,2025-12-15T05:30:00Z,2,100001,7f5b6f7e-1c2d-4a4e-9a51-3a3f1d3c0a01
f9e2ae66-6cd0-46e4-bbba-b7dbe7850e75,INV-000276,36bd2174-db4f-4573-b86c-b67ebbbfc2de,86ade6a1-5635-489d-986a-852e66eaf779,4b94b930-393a-4207-b19c-c375a599252d,account,366eb16f-508e-4ad7-b7c9-3acfe059a0ee,2025-12-14T06:09:00Z,2026-02-12,12116521000,4,2026-02-14T06:06:00Z,2,100001,7f5b6f7e-1c2d-4a4e-9a51-3a3f1d3c0a01
54992a26-32f7-43a3-939e-42c71a0c64d4,INV-000277,07fcf70e-0abf-40a5-8b27-50e06b430804,9a44efd2-9be1-4647-b87e-fe3a3ee2ef2b,70cbb7dd-7f63-4e27-a67f-1ff6c4e84692,account,ce177b4e-0837-48a3-9261-a7ab3aa2e4f9,2025-12-21T09:58:00Z,2026-01-20,22009545000,1,2026-01-17T11:59:00Z,2,100001,7f5b6f7e-1c2d-4a4e-9a51-3a3f1d3c0a01
c6b86d9d-ad9d-43f4-99c3-ef1f3e0e6e35,INV-000278,4a4daab0-32b4-4207-ad66-c6b9fcb78cd9,a78b2a26-e67f-42b4-bf1a-69dc4c507a04,1e0914d2-e5c9-43b1-a898-dac4f736df7e,account,9132b63e-f162-47e4-a9c3-49e03602f8ac,2025-12-18T08:23:00Z,2025-12-18,79722411000,100000000,2025-12-18T08:23:00Z,2,100001,7f5b6f7e-1c2d-4a4e-9a51-3a3f1d3c0a01
43b5cf57-b3ed-416a-9939-1ac0a160cba5,INV-000279,c767ee82-00f1-40f8-91da-b383e5397835,6ed79986-ce94-43d7-a02b-3752a6736bb2,fa24f286-3820-4343-b500-0529b5a8db84,account,b02b61c4-a3d7-4628-ace6-6fa2fd5166e6,2025-12-21T08:54:00Z,2026-02-19,8786778000,4,2026-03-17T11:28:00Z,2,100001,7f5b6f7e-1c2d-4a4e-9a51-3a3f1d3c0a01
0212feeb-8070-4b5f-b8c4-244eac519ddd,INV-000280,030b79bc-482e-4ae9-a2de-ec438922c52c,10079f70-4f61-4fb0-b207-43129daf62ed,b43bd27f-42a2-49a6-8664-12854303cbc1,account,5304317f-af42-412f-b838-b3268e944239,2025-12-28T05:59:00Z,2026-01-27,80742624000,1,2026-02-07T13:25:00Z,2,100001,7f5b6f7e-1c2d-4a4e-9a51-3a3f1d3c0a01
9343a515-696d-4613-91b0-ac0accfbb915,INV-000281,9e20e54a-5cdc-4284-9a07-660baadfc399,c7258528-8b8a-4ef6-a8a2-7e542edc6ad4,a02a4c45-5e61-4b35-bb53-58345656a671,account,e27a984d-6548-41d0-bfcd-9eb1a7cad415,2026-01-03T09:15:00Z,2026-01-03,81920583000,100000000,2026-01-01T09:15:00Z,2,100001,7f5b6f7e-1c2d-4a4e-9a51-3a3f1d3c0a01
902b2fb8-659b-4232-8222-9548c1121a9a,INV-000282,e40e8ef4-0d91-4958-8238-8c9f4bd8caae,735e74a2-a824-48b0-bdb4-fe27aa5ef8dc,f4de6a69-6494-446a-bf00-5dab4a490f80,account,b02b61c4-a3d7-4628-ace6-6fa2fd5166e6,2026-01-15T07:29:00Z,2026-03-16,9868444000,4,2026-03-28T12:06:00Z,2,100001,7f5b6f7e-1c2d-4a4e-9a51-3a3f1d3c0a01
dee4b833-c7e3-460c-bc0b-d03b0be9e759,INV-000283,1b58ca68-9cfb-4d14-bf79-57066549fb21,979a5da2-5c1d-4ad6-932b-0887c6a18d2b,c2c76cf4-91fd-42b9-b2d9-c2b7416a4f9f,account,0e51f30d-c6a7-4e39-84b0-32ccd7c524a5,2026-01-12T07:45:00Z,2026-01-12,15770750000,100000000,2026-01-10T07:45:00Z,2,100001,7f5b6f7e-1c2d-4a4e-9a51-3a3f1d3c0a01
13203a0c-f617-4c2c-8a43-19574c01fd54,INV-000284,565a2363-a939-4251-9c7e-5ebd80eaa49f,d9379826-4773-4f08-8500-7227d6a6f1c5,cc1b4157-ec9f-4c54-9e0a-72ab7f5db163,account,5304317f-af42-412f-b838-b3268e944239,2026-02-04T10:33:00Z,2026-03-06,24711504000,1,2026-03-05T13:23:00Z,2,100001,7f5b6f7e-1c2d-4a4e-9a51-3a3f1d3c0a01
88c78d51-3577-4d71-82ab-ce01d9e77c18,INV-000285,19a06968-c3a3-4bf7-a222-2508d93562d7,86ed28c8-c311-4ee3-bc0c-e0803e562fdd,087df61d-21e4-47e7-b856-fcb38b27036b,account,e27a984d-6548-41d0-bfcd-9eb1a7cad415,2026-01-24T05:43:00Z,2026-01-24,11853538000,100000000,2026-01-21T05:43:00Z,2,100001,7f5b6f7e-1c2d-4a4e-9a51-3a3f1d3c0a01
0393ef70-1ceb-453a-a264-25dd6be74816,INV-000286,eabdad2f-628d-4aca-abf4-acc3384200a0,0d8d5a25-e9d3-4b1e-9621-1731b18f71d1,2bee2fff-8b5f-43fe-b75d-dff45d123e9b,account,366eb16f-508e-4ad7-b7c9-3acfe059a0ee,2026-02-16T07:54:00Z,2026-03-18,128639004000,1,2026-03-21T13:23:00Z,2,100001,7f5b6f7e-1c2d-4a4e-9a51-3a3f1d3c0a01
65cc016b-540f-4e5c-9496-63562f174347,INV-000287,a714a8e0-5220-4b70-8ab5-134db0006470,4f618aed-7078-4fb1-9a91-8875603e10d2,5841b548-e47d-45ce-b06b-ba502d4aad08,account,ce177b4e-0837-48a3-9261-a7ab3aa2e4f9,2026-02-18T09:46:00Z,2026-02-18,27596104000,100000000,2026-02-16T09:46:00Z,2,100001,7f5b6f7e-1c2d-4a4e-9a51-3a3f1d3c0a01
94ea0fc5-eed4-4e63-929e-798b53fbf38d,INV-000288,30ad559e-97dd-4230-93ab-087fc2ae2066,ea99fb4c-ea5d-4f77-8680-545d119b9565,585abefb-d181-4f77-a500-1423faebcd19,account,0e51f30d-c6a7-4e39-84b0-32ccd7c524a5,2026-02-14T11:26:00Z,2026-02-14,31178218000,100000000,2026-02-12T11:26:00Z,2,100001,7f5b6f7e-1c2d-4a4e-9a51-3a3f1d3c0a01
1f779f46-17d0-4457-a607-f034cadfd371,INV-000289,336d9178-fa16-41ba-bbbb-fc3beace85d1,64ae18f3-a9ff-4ef1-bbae-2a5b22b0e7da,8400bf6e-32c2-468c-973d-c559122beb5e,account,b02b61c4-a3d7-4628-ace6-6fa2fd5166e6,2026-02-28T08:20:00Z,2026-04-29,31854941000,4,2026-04-26T09:21:00Z,2,100001,7f5b6f7e-1c2d-4a4e-9a51-3a3f1d3c0a01
75cca069-af58-4c8c-bc52-a01cd65027a3,INV-000290,cb0aea27-c71d-4100-80b4-b859ae520d8b,8bd80039-4667-42ab-8d03-b2a78812f198,7a9ede9d-af6c-4716-8453-2d47f5a0cc24,account,24933b83-7577-40a9-a491-f0b2ea1fca65,2026-02-22T10:56:00Z,2026-03-24,9988717000,1,2026-04-26T07:42:00Z,2,100001,7f5b6f7e-1c2d-4a4e-9a51-3a3f1d3c0a01
ca5dc9bf-05a9-46d6-aa51-ec9cdfbf05af,INV-000291,905ad637-1afd-4d71-a4aa-9a4889a3c0d9,aa101f35-5c73-40b4-bbf9-30df8b08b182,0ce7b866-f413-4a29-9f4f-e0a3eca0b24e,account,24933b83-7577-40a9-a491-f0b2ea1fca65,2026-02-11T12:42:00Z,2026-04-12,42142734000,4,2026-04-29T06:25:00Z,2,100001,7f5b6f7e-1c2d-4a4e-9a51-3a3f1d3c0a01
f8fb0223-76cd-4f7d-8496-d3af7c1c22fb,INV-000292,32ffdaa2-2d88-47a7-adb9-c56b99a1a61e,f452eecf-ef26-4b4e-a433-d979cd4d0c9c,baff361a-b37e-4c41-9a62-75f5cf590b8e,account,24933b83-7577-40a9-a491-f0b2ea1fca65,2026-02-24T05:55:00Z,2026-02-24,53311613000,100000000,2026-02-22T05:55:00Z,2,100001,7f5b6f7e-1c2d-4a4e-9a51-3a3f1d3c0a01
47044ab4-5a36-4481-a14f-e562bd8aa97d,INV-000293,1da7bdd9-e0b9-4320-b6c4-f6b29b0db81d,dcd51e40-80e7-4e70-97b5-0ca253464483,a5e11793-6fa0-41cc-9776-6542abfec3a0,account,5304317f-af42-412f-b838-b3268e944239,2026-03-02T12:46:00Z,2026-04-01,31104455000,1,2026-03-31T10:42:00Z,2,100001,7f5b6f7e-1c2d-4a4e-9a51-3a3f1d3c0a01
7359bc52-0760-461d-b2cb-34f1e73010c6,INV-000294,47becdc4-bbf5-4d6d-81b1-6807a036a75d,567809d5-4aa7-4705-b7ff-d8820539bda0,4f28ceb2-3f91-4c50-8e92-aeeb5d55b647,account,24933b83-7577-40a9-a491-f0b2ea1fca65,2026-04-13T07:10:00Z,2026-07-12,88976204000,100000001,,0,4,7f5b6f7e-1c2d-4a4e-9a51-3a3f1d3c0a01
4d4e6236-1b2d-4f36-82d5-30c3031d6dbd,INV-000295,3125ea31-c7ef-4e37-8052-7a8929561b8d,4e7abf3e-52ba-4f28-bbb9-250e6f39018c,397a284f-76a4-479b-bd67-34588f2d0b17,account,ce177b4e-0837-48a3-9261-a7ab3aa2e4f9,2026-02-28T10:41:00Z,2026-02-28,26827366000,100000000,2026-02-27T10:41:00Z,2,100001,7f5b6f7e-1c2d-4a4e-9a51-3a3f1d3c0a01
f26ba21a-3bf9-4f3f-a7b2-701e21f314d1,INV-000296,80b99b9e-3ced-4d81-aeeb-32b22cd3d40d,3df19f29-eea1-4e36-afc6-c9815271ccf7,b14f7ce1-9278-478b-9db8-05b5584ee369,account,5304317f-af42-412f-b838-b3268e944239,2026-03-19T04:50:00Z,2026-04-18,45708924000,1,2026-04-19T11:48:00Z,2,100001,7f5b6f7e-1c2d-4a4e-9a51-3a3f1d3c0a01
c1f5f800-d6b8-49dc-9528-5169129f8900,INV-000297,65da3acc-285b-4cd9-8645-ea4cc2b5de99,b528b000-18b7-4454-89ba-033406b1d42e,b4848204-fa06-4d04-9bcf-ecffa4771141,account,e27a984d-6548-41d0-bfcd-9eb1a7cad415,2026-02-26T12:08:00Z,2026-03-28,33158206000,1,2026-04-02T06:07:00Z,2,100001,7f5b6f7e-1c2d-4a4e-9a51-3a3f1d3c0a01
aae24e15-45d3-432a-8084-457d5a0d0b50,INV-000298,f5e68e1f-1846-402a-8894-a869039de625,1d9b190a-c9c7-4b94-b61b-c0a8a578bb4d,474cd1a1-b60f-4d69-9d05-0f7045cb86d6,account,ce177b4e-0837-48a3-9261-a7ab3aa2e4f9,2026-03-09T09:50:00Z,2026-04-08,58471481000,1,2026-04-07T05:05:00Z,2,100001,7f5b6f7e-1c2d-4a4e-9a51-3a3f1d3c0a01
7954b1de-dec3-4042-804e-56138a941497,INV-000299,b2b33d90-58de-4565-a6b9-cc1cc75eb31d,395e5bfa-c554-423e-a7c7-53e121a2fe53,095ffa81-40d9-4bce-b930-ba208b040f49,account,5304317f-af42-412f-b838-b3268e944239,2026-03-10T10:28:00Z,2026-03-10,70291273000,100000000,2026-03-08T10:28:00Z,2,100001,7f5b6f7e-1c2d-4a4e-9a51-3a3f1d3c0a01
bad53d30-f4b1-4647-982f-a61e85414138,INV-000300,c649ee31-a373-499b-a529-04a166e3c03f,c1a9bbf7-b2d0-44eb-b212-5e241668e5af,7a79e8e2-e43d-4011-a215-5170bd2e233a,account,24933b83-7577-40a9-a491-f0b2ea1fca65,2026-03-05T13:20:00Z,2026-04-04,27119297000,1,2026-04-06T08:37:00Z,2,100001,7f5b6f7e-1c2d-4a4e-9a51-3a3f1d3c0a01
81d051f8-bf26-43e9-9dda-7c76bbb42b72,INV-000301,4fe2a864-cd19-4604-a1ae-23bfc94c0481,10bd7a38-f1ff-4b6a-83b3-1ed850c6443f,5c2ed7bf-8a65-4f75-a076-0e6a6259375a,account,366eb16f-508e-4ad7-b7c9-3acfe059a0ee,2026-03-14T05:03:00Z,2026-03-14,28677772000,100000000,2026-03-11T05:03:00Z,2,100001,7f5b6f7e-1c2d-4a4e-9a51-3a3f1d3c0a01
f675fd89-ebbb-485e-b9e1-ae7f2e96f498,INV-000302,e93b1616-02f6-4403-b97a-7f49a37eea12,f3c693ba-613e-4a43-a6bc-531a14220814,7bcc3786-d4e9-473d-89cb-7bfed7e6a8c1,account,24933b83-7577-40a9-a491-f0b2ea1fca65,2026-03-18T11:37:00Z,2026-05-17,12418578000,4,2026-05-16T05:17:00Z,2,100001,7f5b6f7e-1c2d-4a4e-9a51-3a3f1d3c0a01
fb1aef37-489e-4086-8729-3e1c78373d2c,INV-000303,9cc8014e-ad01-42a7-a526-29abdd84b35d,88bf1335-53d6-4617-ad08-6901da6ad826,0fc98d2e-030f-4be9-9f17-8f9323c97a1e,account,b02b61c4-a3d7-4628-ace6-6fa2fd5166e6,2026-03-19T11:00:00Z,2026-04-18,68256134000,1,2026-04-19T13:20:00Z,2,100001,7f5b6f7e-1c2d-4a4e-9a51-3a3f1d3c0a01
52072ff7-2319-4364-8adb-edcc44cd1693,INV-000304,daa8310b-1dcf-40e2-83c3-732ce9492f76,0282372c-8a24-482c-876b-d832cf6858db,818b4ed4-7fa4-48ff-8225-5b2c37f81f31,account,0e51f30d-c6a7-4e39-84b0-32ccd7c524a5,2026-03-22T07:22:00Z,2026-04-21,28043205000,1,2026-04-18T12:06:00Z,2,100001,7f5b6f7e-1c2d-4a4e-9a51-3a3f1d3c0a01
294c9829-5d0e-4713-a2cd-c07145463f07,INV-000305,824ac787-1c23-4a8d-ae9a-61753c66d5dd,64b52752-4280-4638-8e75-7f67f60ff0e4,8742d40f-7400-4b31-a86b-4b6f7dcf4428,account,0e51f30d-c6a7-4e39-84b0-32ccd7c524a5,2026-03-30T13:22:00Z,2026-05-29,11792327000,4,2026-06-01T08:20:00Z,2,100001,7f5b6f7e-1c2d-4a4e-9a51-3a3f1d3c0a01
546eff06-3f36-46b1-b012-5b8b06eb494a,INV-000306,6a2c5b7d-7e89-4f91-8cb4-743a4b8ceb43,68131b04-b0fa-47fa-89d8-e098ce6d3107,ec50ace4-80a5-4e65-afa2-855967c96204,account,beb79919-3f22-4af8-a3be-d01d43cf2fde,2026-03-26T09:19:00Z,2026-03-26,97701549000,100000000,2026-03-24T09:19:00Z,2,100001,7f5b6f7e-1c2d-4a4e-9a51-3a3f1d3c0a01
1f44cf60-a8b5-4813-b117-b8a64ceff595,INV-000307,56896490-9dc4-4fd3-a39c-b178b01a38fc,0c43a97a-6b98-49f2-8775-76d2e7232cf4,9a1c34dc-df68-438c-937d-00260d42be4b,account,e27a984d-6548-41d0-bfcd-9eb1a7cad415,2026-03-17T12:45:00Z,2026-04-16,47124151000,1,2026-04-15T08:43:00Z,2,100001,7f5b6f7e-1c2d-4a4e-9a51-3a3f1d3c0a01
1e107ed4-5690-40b6-a615-92a7c79882d3,INV-000308,c9733b50-1aa5-4c7d-8603-538647f3d1bf,8bb4c5bf-2720-4e9f-97e7-9024e4e526fd,080a1cf5-a6f3-4448-8a76-c888e7b1a394,account,5304317f-af42-412f-b838-b3268e944239,2026-03-15T05:41:00Z,2026-05-14,33098099000,4,2026-05-23T07:18:00Z,2,100001,7f5b6f7e-1c2d-4a4e-9a51-3a3f1d3c0a01
e28f7940-1916-46cf-a6b9-aca001ae2ac8,INV-000309,c2a9461d-c47b-4ecd-93a1-0485420de6dd,7b1d2992-5331-497a-8ce2-1e862ca93173,d40c66be-2b5f-463c-a11d-70ab145a09ad,account,366eb16f-508e-4ad7-b7c9-3acfe059a0ee,2026-03-18T06:36:00Z,2026-04-17,8006983000,1,2026-05-09T11:20:00Z,2,100001,7f5b6f7e-1c2d-4a4e-9a51-3a3f1d3c0a01
9230df03-385d-4b56-9899-c2706f746f9a,INV-000310,394e4a92-c858-4a77-a646-91199e02dbb1,f3202dac-657b-466e-ab72-c78f4e7f014a,3dba6da8-5844-49fc-914b-9547c9dc72b8,account,b02b61c4-a3d7-4628-ace6-6fa2fd5166e6,2026-03-21T13:09:00Z,2026-03-21,24487710000,100000000,2026-03-18T13:09:00Z,2,100001,7f5b6f7e-1c2d-4a4e-9a51-3a3f1d3c0a01
49faff7d-fcd3-4383-a8f3-7759f3aa78ac,INV-000311,362ee265-12cb-4d9d-be6b-a40c3a25f8ef,e1e378f1-bfc2-480a-bcfc-bb464d0a68cc,ccda775c-a8ba-4f8f-9176-026420a22a93,account,0e51f30d-c6a7-4e39-84b0-32ccd7c524a5,2026-03-14T06:10:00Z,2026-04-13,28102195000,1,2026-05-03T10:52:00Z,2,100001,7f5b6f7e-1c2d-4a4e-9a51-3a3f1d3c0a01
b3b04952-d673-4abd-951d-dfafeb155456,INV-000312,65df6f0c-76fe-41ca-9976-029c475ee308,cadf748e-3716-4116-a2ba-b7c39326efcb,c544a049-6811-4a5c-8e3f-d50bf28c635f,account,b02b61c4-a3d7-4628-ace6-6fa2fd5166e6,2026-03-18T10:34:00Z,2026-05-17,46639593000,4,2026-05-23T08:20:00Z,2,100001,7f5b6f7e-1c2d-4a4e-9a51-3a3f1d3c0a01
38d0314d-5bd2-44cf-ba10-65c424bad474,INV-000313,cba7669a-a177-436b-8200-5926eb785990,7885a8e2-64da-4116-84c6-e399145a7cf1,8c0499ff-71e6-4566-8309-35fa5a7e4e9d,account,10f1bc81-448a-4a9e-a6b2-bc5b50c187fc,2026-04-14T07:36:00Z,2026-06-13,13578639000,4,2026-06-30T10:20:00Z,2,100001,7f5b6f7e-1c2d-4a4e-9a51-3a3f1d3c0a01
639f914e-0aee-4318-9627-f7fae8705f55,INV-000314,0c1d2d40-cd62-4329-b6bc-884d6a220453,97080153-547b-4fda-9299-4c9f5ebc7f2a,371831f3-d527-489b-9b28-65da4cb9be7b,account,9132b63e-f162-47e4-a9c3-49e03602f8ac,2026-03-23T04:38:00Z,2026-03-23,93442853000,100000000,2026-03-22T04:38:00Z,2,100001,7f5b6f7e-1c2d-4a4e-9a51-3a3f1d3c0a01
441209dc-b024-4aab-a676-841aa6f572cb,INV-000315,36308749-94f8-4025-96cf-3b02cb4935f1,ba7c7b07-b772-4646-ab9e-b725f745ddc2,6c3eff5d-dd0e-432f-ab19-1261886f5d21,account,beb79919-3f22-4af8-a3be-d01d43cf2fde,2026-03-31T05:25:00Z,2026-04-30,42507451000,1,2026-04-27T08:19:00Z,2,100001,7f5b6f7e-1c2d-4a4e-9a51-3a3f1d3c0a01
fb24c6df-4fe5-47b5-b578-8e3aad9af9d3,INV-000316,2e3e4005-b63f-4a9d-9dff-dbf20c494646,4e939d98-45a1-4c1e-9e3c-2bee49b07892,3d4196fe-963a-4617-bdab-07e79d9d028e,account,10f1bc81-448a-4a9e-a6b2-bc5b50c187fc,2026-04-11T12:18:00Z,2026-05-11,338453161000,1,2026-05-16T04:36:00Z,2,100001,7f5b6f7e-1c2d-4a4e-9a51-3a3f1d3c0a01
1ccd6b6c-dad3-413d-bc6c-8a79b3d3b68b,INV-000317,54e80ad8-ca34-47ab-9f0e-e52b830ebed5,d1778ed6-e2e0-400f-87ad-8ca2b4d83b09,8a61f755-0c6b-4d43-bb37-eb7955315e27,account,10f1bc81-448a-4a9e-a6b2-bc5b50c187fc,2026-04-21T05:54:00Z,2026-04-21,16619861000,100000000,2026-04-20T05:54:00Z,2,100001,7f5b6f7e-1c2d-4a4e-9a51-3a3f1d3c0a01
59f1edb5-37d2-4891-bd6d-56675c9dc7fb,INV-000318,9f0a35a3-e36b-4d6d-967e-6484894f2882,52ad4e84-07ba-4340-aec2-0503844f439b,cca8f708-df77-41cc-85d1-cfbdd2ec8e7a,account,beb79919-3f22-4af8-a3be-d01d43cf2fde,2026-04-09T05:26:00Z,2026-04-09,67495424000,100000000,2026-04-06T05:26:00Z,2,100001,7f5b6f7e-1c2d-4a4e-9a51-3a3f1d3c0a01
4f2b5087-c0fc-48f2-8049-537760aeb0db,INV-000319,7fbebf58-4409-4ee3-a6e3-179952ed7379,41fe8f05-b1ac-44d9-ab49-c2e69855d370,4008d4da-a819-413d-84fa-84a427d764ce,account,10f1bc81-448a-4a9e-a6b2-bc5b50c187fc,2026-04-26T13:00:00Z,2026-06-25,178240541000,4,,0,4,7f5b6f7e-1c2d-4a4e-9a51-3a3f1d3c0a01
9d7c00db-3f01-4396-987b-4c64e8adcc89,INV-000320,aa86e1e0-79d9-441d-807d-6000e981bad2,d1085f9b-943b-4952-a1f4-acb80c3201a0,ca0a4ac9-31f3-4260-9f43-eb20fd6f6bbb,account,0e51f30d-c6a7-4e39-84b0-32ccd7c524a5,2026-05-27T05:47:00Z,2026-05-27,22196457000,100000000,2026-05-24T05:47:00Z,2,100001,7f5b6f7e-1c2d-4a4e-9a51-3a3f1d3c0a01
90aaad2a-8686-48d1-871b-4e3eb05839ae,INV-000321,40fd22b7-cd31-434b-b041-b88cb08047cb,b544e56f-5edc-400b-972b-b0b2b63324d8,2207cb65-b197-4ed1-857a-e3fff8ed08ae,account,b02b61c4-a3d7-4628-ace6-6fa2fd5166e6,2026-05-09T05:39:00Z,2026-07-08,84080064000,4,,0,4,7f5b6f7e-1c2d-4a4e-9a51-3a3f1d3c0a01
c54b4863-5a0f-4ee6-b4e6-7fe8dfd36410,INV-000322,ddaa5963-8c73-42bf-8133-c9411ea8fea0,af98bc5a-b7e1-47b7-a73a-de213f101bb0,da815f02-ed2a-490c-a9ee-043c9d85b47a,account,e27a984d-6548-41d0-bfcd-9eb1a7cad415,2026-05-11T09:24:00Z,2026-06-10,45378788000,1,2026-06-07T04:57:00Z,2,100001,7f5b6f7e-1c2d-4a4e-9a51-3a3f1d3c0a01
429f2f17-1117-4a78-9845-ca68ab8055da,INV-000323,d42e63d0-11ec-4389-b1b8-18f909892a36,07e9267f-ed51-4d97-aafa-1f24e3324abc,d40c66be-2b5f-463c-a11d-70ab145a09ad,account,366eb16f-508e-4ad7-b7c9-3acfe059a0ee,2026-05-16T08:53:00Z,2026-06-15,6254807000,1,2026-06-14T12:06:00Z,2,100001,7f5b6f7e-1c2d-4a4e-9a51-3a3f1d3c0a01
2f5de8eb-ade7-4321-aa09-2377045946c3,INV-000324,63e07b88-e091-40ce-82a6-2da5c798d84b,4a653e49-5c61-4b93-bf2d-32e36fa6634a,d50624d6-6a9f-4613-9acc-0bfc28f724f6,account,e27a984d-6548-41d0-bfcd-9eb1a7cad415,2026-05-09T12:42:00Z,2026-05-09,35696570000,100000000,2026-05-08T12:42:00Z,2,100001,7f5b6f7e-1c2d-4a4e-9a51-3a3f1d3c0a01
2656e6dc-8b09-4e09-8ec4-96bc7295147c,INV-000325,d04baef8-7d9b-4ed8-8867-510f1921b734,c40d5ffa-ab92-4bef-a658-991ae8225e0b,0e10eb23-0896-42f7-9fba-07942b94e406,account,beb79919-3f22-4af8-a3be-d01d43cf2fde,2026-06-02T12:48:00Z,2026-07-02,34287259000,1,2026-06-30T08:00:00Z,2,100001,7f5b6f7e-1c2d-4a4e-9a51-3a3f1d3c0a01
b5a5d546-3bde-4e58-81c8-d03b19ae0709,INV-000326,4eb6c54e-5158-4c35-85c9-5c1ffdca3443,1609a740-7529-49f1-b8da-2bfdd4145970,012154e0-e0a1-4e5c-aab6-4bad828236bc,account,366eb16f-508e-4ad7-b7c9-3acfe059a0ee,2026-05-19T11:48:00Z,2026-06-18,4063690000,1,2026-06-16T12:26:00Z,2,100001,7f5b6f7e-1c2d-4a4e-9a51-3a3f1d3c0a01
96dfb8c1-5218-4c7e-a762-6bdb17e77289,INV-000327,a934a0d8-a524-46ce-8b37-cc6c77da929a,e6b40a5f-9e3b-4357-bd88-0ea4e37b918e,53968833-299f-48c5-a060-e7d5ea444391,account,b02b61c4-a3d7-4628-ace6-6fa2fd5166e6,2026-05-26T09:10:00Z,2026-05-26,5689899000,100000000,2026-05-23T09:10:00Z,2,100001,7f5b6f7e-1c2d-4a4e-9a51-3a3f1d3c0a01
101c9c6e-5fbf-428c-8354-0f0b378d1871,INV-000328,66e095b8-36c2-450c-baaa-366bc3f22db1,cfb0565d-a775-48cc-9bc4-575cb3cf4e2b,0fb5600a-12d5-46b5-b7d2-358beea28bbb,account,ce177b4e-0837-48a3-9261-a7ab3aa2e4f9,2026-05-31T09:26:00Z,2026-06-30,148114858000,1,2026-06-27T04:53:00Z,2,100001,7f5b6f7e-1c2d-4a4e-9a51-3a3f1d3c0a01
fe2f1712-ea7d-403d-afff-c71683584753,INV-000329,e3a6ebff-e20e-4c3c-8710-3646771f9dbb,66252329-715e-4067-945c-8aa48bc36e76,7147f758-cdbe-4548-aa65-66e8fe1ad905,account,24933b83-7577-40a9-a491-f0b2ea1fca65,2026-06-04T09:20:00Z,2026-07-04,25289437000,1,,0,4,7f5b6f7e-1c2d-4a4e-9a51-3a3f1d3c0a01
872708a7-99ff-480c-b86d-4cb116158646,INV-000330,c01e4934-2a35-44f2-9c5d-52c685b34acb,6b6bc3e7-d676-43f1-bb81-0c62950256f6,62212db5-e165-43d1-8e54-8df8798cc079,account,b02b61c4-a3d7-4628-ace6-6fa2fd5166e6,2026-06-24T06:54:00Z,2026-09-22,38993299000,100000001,,0,4,7f5b6f7e-1c2d-4a4e-9a51-3a3f1d3c0a01
cb5d8f06-f500-453d-9ba9-88d860590bad,INV-000331,ddd59242-5d4d-4b98-a7e8-577673bbec9c,80d0d260-ab2c-4816-bb2c-0a8bd00f77da,326684ff-3ffe-4652-aac0-32fa130e8618,account,10f1bc81-448a-4a9e-a6b2-bc5b50c187fc,2026-05-27T08:53:00Z,2026-06-26,25411682000,1,2026-06-25T09:42:00Z,2,100001,7f5b6f7e-1c2d-4a4e-9a51-3a3f1d3c0a01
33271389-124a-40a5-83bd-78c1b5dabcbb,INV-000332,9acc4fa8-64bf-483a-8dd7-1b0a41bd226a,c7db4d53-ff41-4150-a796-c5763f1c8371,3c53090e-e1b4-4171-929d-674d798e175f,account,ce177b4e-0837-48a3-9261-a7ab3aa2e4f9,2026-06-06T12:57:00Z,2026-06-06,162783256000,100000000,2026-06-04T12:57:00Z,2,100001,7f5b6f7e-1c2d-4a4e-9a51-3a3f1d3c0a01
bb3e515a-bffd-487f-8131-8a53e2067b2a,INV-000333,622157d0-ca95-4d2b-8201-ef759a719624,d57a17f4-45f9-4cfd-ab69-d28fe5d2c9b6,3ef7839f-8df4-497b-98f8-001856fe4769,account,e27a984d-6548-41d0-bfcd-9eb1a7cad415,2026-06-01T12:04:00Z,2026-07-01,338058768000,1,2026-06-28T10:00:00Z,2,100001,7f5b6f7e-1c2d-4a4e-9a51-3a3f1d3c0a01
a4f7b3e1-ec74-4a58-9f4d-cb8bedbca760,INV-000334,915e9d9f-57f9-4cf1-bf96-0506df490ef1,0ddcd916-951b-41a3-8a46-09da9b499fc7,77009e43-7af3-4f44-ba03-d8a09f5b4ced,account,10f1bc81-448a-4a9e-a6b2-bc5b50c187fc,2026-06-06T06:26:00Z,2026-06-06,40994067000,100000000,2026-06-04T06:26:00Z,2,100001,7f5b6f7e-1c2d-4a4e-9a51-3a3f1d3c0a01
bf6b457a-7087-459c-bd9e-c55486f4fa53,INV-000335,4b174c0e-2d92-4632-9555-d9451f8e9d03,758967dc-b822-4ad2-8731-97db5c6d765c,725d4259-3c4b-4eec-a231-ee7342c2d2eb,account,b02b61c4-a3d7-4628-ace6-6fa2fd5166e6,2026-05-24T05:13:00Z,2026-06-23,92307445000,1,2026-06-23T07:31:00Z,2,100001,7f5b6f7e-1c2d-4a4e-9a51-3a3f1d3c0a01
c7c26493-7ea5-4d3e-8ec1-b442839cc4e9,INV-000336,155f2010-07f3-48fe-b837-13e3db275498,04c2151e-ec53-4114-8f44-404115b98f07,4775d7ab-d207-4bc4-b885-8b6d23e7cd20,account,5304317f-af42-412f-b838-b3268e944239,2026-06-11T08:30:00Z,2026-07-11,54434482000,1,,0,4,7f5b6f7e-1c2d-4a4e-9a51-3a3f1d3c0a01
b5f4e80f-35f7-4567-a171-42878f299d84,INV-000337,9557e65b-d0c3-4d01-8e2c-2f8349420665,b518413d-fad5-4ec5-875b-ee372cfc4245,189ac35d-aa5f-49ca-9bea-530d219c00cb,account,9132b63e-f162-47e4-a9c3-49e03602f8ac,2026-06-16T10:09:00Z,2026-08-15,303247697000,4,,0,4,7f5b6f7e-1c2d-4a4e-9a51-3a3f1d3c0a01
58e01cba-00b4-4b1f-9f59-5a4af8ab331e,INV-000338,82112000-16b4-4f2b-9dee-8ec850f886ea,b2ba071f-edc8-4fdd-b26f-c505f201fdef,331f63fb-d11f-48c0-a97c-a4fff75d599f,account,beb79919-3f22-4af8-a3be-d01d43cf2fde,2026-06-06T06:53:00Z,2026-07-06,2662623000,1,,0,4,7f5b6f7e-1c2d-4a4e-9a51-3a3f1d3c0a01
1f3448b2-c123-41e6-9480-b27a0a8047d0,INV-000339,7e21776d-d92d-417e-a0da-0919f65f00d8,8a75aef6-d038-4780-8199-1aee0c826861,15936f42-4d31-49b3-a187-8e933281f976,account,366eb16f-508e-4ad7-b7c9-3acfe059a0ee,2026-05-25T11:36:00Z,2026-06-24,8358331000,1,2026-06-28T04:40:00Z,2,100001,7f5b6f7e-1c2d-4a4e-9a51-3a3f1d3c0a01
8c55e08e-46be-4474-a5f5-86e1fb041aa5,INV-000340,493acbb8-cbed-4ad3-9aa1-a0c404f08bdf,ec3679e4-6f65-4114-9d9a-bf9f16cebe0e,3385db3b-e893-486d-a3fb-6609334b92a2,account,ce177b4e-0837-48a3-9261-a7ab3aa2e4f9,2026-06-06T13:17:00Z,2026-06-06,122598401000,100000000,2026-06-06T13:17:00Z,2,100001,7f5b6f7e-1c2d-4a4e-9a51-3a3f1d3c0a01
e99aa0d7-aa25-4fa9-985f-4da9b3cd2eea,INV-000341,1adb2acf-e546-4d7d-a21f-cff9b6eb6072,d40d37a7-1649-412c-ae65-04d243ab2c27,dce70289-411a-415b-a88b-4cfb708175fd,account,b02b61c4-a3d7-4628-ace6-6fa2fd5166e6,2026-06-01T11:38:00Z,2026-06-01,89142431000,100000000,2026-05-29T11:38:00Z,2,100001,7f5b6f7e-1c2d-4a4e-9a51-3a3f1d3c0a01
1cd94811-fbea-4672-90fa-4cc3baaf3e3e,INV-000342,a26cbfc4-4355-42ba-a62b-6fb61f9cc0a5,0e55d3c5-af19-4267-b4c8-815c8e3507a8,fd561b27-2833-49b8-a41f-79aa692e33b9,account,5304317f-af42-412f-b838-b3268e944239,2026-06-06T06:03:00Z,2026-08-05,10934528000,4,,0,4,7f5b6f7e-1c2d-4a4e-9a51-3a3f1d3c0a01
7f0a5ae4-ad79-4754-a674-dea7f3778343,INV-000343,d71e18c6-99df-4eb1-a496-ff418ee5f73e,866b09a1-4a26-4f83-849d-62d9eedeef39,217bc29e-ec95-43e9-a1fa-246624f982ec,account,5304317f-af42-412f-b838-b3268e944239,2026-06-06T06:42:00Z,2026-06-06,31857907000,100000000,2026-06-03T06:42:00Z,2,100001,7f5b6f7e-1c2d-4a4e-9a51-3a3f1d3c0a01
358cbe15-e4e3-4f76-9399-44f3b84c9ef9,INV-000344,34400f96-ca9d-46e4-8bdf-8a3c8686432b,78f0fdfd-6857-4585-8261-4db8fd7cc3f9,cef44098-4d9d-4bb1-a00f-80d49d0a94df,account,e27a984d-6548-41d0-bfcd-9eb1a7cad415,2026-05-26T06:37:00Z,2026-07-25,50249539000,4,,0,4,7f5b6f7e-1c2d-4a4e-9a51-3a3f1d3c0a01
0cb6fe24-2c53-4a29-a0fd-0b54ef4405e7,INV-000345,bddba7e5-46d4-47d6-bb9d-56a63925b538,2cc6df71-8884-4c91-aed7-dee20bd43584,2976aab2-2a26-4770-8ddb-1b36272c0588,account,5304317f-af42-412f-b838-b3268e944239,2026-06-06T06:25:00Z,2026-07-06,44867239000,1,,0,4,7f5b6f7e-1c2d-4a4e-9a51-3a3f1d3c0a01
fde89702-11f1-4bde-8ab4-4ec2a2011910,INV-000346,c4146f8f-854d-48fb-96ad-ae225b99313f,5e5c0d97-cf85-4043-9203-30bb8418b31b,acffa99f-f005-4f9a-a6a2-c94556f11afb,account,9132b63e-f162-47e4-a9c3-49e03602f8ac,2026-06-08T08:38:00Z,2026-08-07,10326050000,4,,0,4,7f5b6f7e-1c2d-4a4e-9a51-3a3f1d3c0a01
9b61e210-1e1e-4c14-afae-96be0987319f,INV-000347,94ea89d2-9924-4349-bf6d-ec06de826252,a4187ed0-9f43-46ba-b245-ff4bc0423ea7,f2a45575-ee58-4967-b063-796a70a91477,account,beb79919-3f22-4af8-a3be-d01d43cf2fde,2026-05-30T06:48:00Z,2026-07-29,140740403000,4,,0,4,7f5b6f7e-1c2d-4a4e-9a51-3a3f1d3c0a01
ee6d5642-2c91-4179-ad3a-3ed17ca9ef71,INV-000348,eebcad5e-bdd0-4248-8072-8f8275665d45,8723bb11-ecf6-42ad-9b94-83f95e61c2f1,cf5c8dd3-df10-4434-ab09-6202f77aefe1,account,5304317f-af42-412f-b838-b3268e944239,2026-06-02T06:31:00Z,2026-06-02,14757015000,100000000,2026-05-30T06:31:00Z,2,100001,7f5b6f7e-1c2d-4a4e-9a51-3a3f1d3c0a01
f44760c6-1912-49ae-bc4f-7634c8377a98,INV-000349,03b973bd-05e0-4157-9d6c-d4cdd6664d99,ec233b65-5ae6-4a91-9838-ae9b23b67bcc,13fc927f-7237-4f5b-b6fc-1c4679ebb8bb,account,5304317f-af42-412f-b838-b3268e944239,2026-06-17T11:59:00Z,2026-08-16,55668021000,4,,0,4,7f5b6f7e-1c2d-4a4e-9a51-3a3f1d3c0a01
40151378-d216-49bd-aff3-290b3c1db4bc,INV-000350,cf615333-c230-4981-8cca-5070f517de55,6f135d34-114d-430a-b692-e2d40a2d9ace,6b579789-4bb4-4889-b900-5224851031c0,account,0e51f30d-c6a7-4e39-84b0-32ccd7c524a5,2026-06-04T05:45:00Z,2026-07-04,145879460000,1,,0,4,7f5b6f7e-1c2d-4a4e-9a51-3a3f1d3c0a01
6c7da40d-1a32-4523-81b9-4a408595f665,INV-000351,8cd5358f-630b-43d8-bba4-a360b74c5e92,8acdd8f1-af63-414d-ad48-ba52f41cc72a,4491be40-1042-4a8e-8da2-2a3950db8e34,account,0e51f30d-c6a7-4e39-84b0-32ccd7c524a5,2026-06-06T08:10:00Z,2026-07-06,21752056000,1,,0,4,7f5b6f7e-1c2d-4a4e-9a51-3a3f1d3c0a01
557f4964-819e-4147-b925-ddfe4d7b2b94,INV-000352,fa8600cd-1094-45d1-b71d-8129cd80af82,edae76c0-8ee7-4ceb-8afd-98e2d6cef5d9,efb2d33c-171a-4532-8d07-018b416aa7f6,account,10f1bc81-448a-4a9e-a6b2-bc5b50c187fc,2026-06-13T09:56:00Z,2026-07-13,41529690000,1,,0,4,7f5b6f7e-1c2d-4a4e-9a51-3a3f1d3c0a01
6c06cd43-0991-47ac-b372-11c7d1d547c4,INV-000353,d3379d87-d851-4192-8d0a-87f39ba02459,de7fd6fa-02db-4c2d-99c4-749d5b813508,3a42958b-65c2-480d-9d8f-3007263749ec,account,366eb16f-508e-4ad7-b7c9-3acfe059a0ee,2026-06-16T07:47:00Z,2026-06-16,65043651000,100000000,2026-06-13T07:47:00Z,2,100001,7f5b6f7e-1c2d-4a4e-9a51-3a3f1d3c0a01
0cda118d-facd-4b79-9ef4-936e5c442bd9,INV-000354,0e650a8b-d86b-43eb-8ce1-934f77d53329,1963a979-7422-4d32-ae7b-824e8941a31d,0fb49d98-7aac-4a0a-ad13-4ea8560fc071,account,366eb16f-508e-4ad7-b7c9-3acfe059a0ee,2026-06-17T11:28:00Z,2026-06-17,405259787000,100000000,2026-06-17T11:28:00Z,2,100001,7f5b6f7e-1c2d-4a4e-9a51-3a3f1d3c0a01
90d3bc48-ab52-4260-b4c0-3700d268fc61,INV-000355,63d3c6f5-96f6-45ab-a05b-d02263a4ccca,e95015c2-fb2d-41e2-b29e-6194ef0a66ed,4cb4a7f6-9db8-4f7e-95ed-d864f68b6ba0,account,beb79919-3f22-4af8-a3be-d01d43cf2fde,2026-06-08T07:20:00Z,2026-07-08,77631851000,1,,0,4,7f5b6f7e-1c2d-4a4e-9a51-3a3f1d3c0a01
abb4302b-39a3-4f61-85ee-579504a6f26b,INV-000356,3653d055-37c0-4b1d-a37a-f4808ef71cba,94b20a34-828a-496e-a0dd-9c8732e1120a,8dd7e052-44e7-4702-84c4-7757e2db1ce3,account,b02b61c4-a3d7-4628-ace6-6fa2fd5166e6,2026-06-25T06:53:00Z,2026-08-24,15120169000,4,,0,4,7f5b6f7e-1c2d-4a4e-9a51-3a3f1d3c0a01
2dcb8a01-bdbe-4dd4-9e27-2e152a36598c,INV-000357,a7941c80-81bf-4201-8e62-4adb407c1362,c118ea20-e9b1-442d-8bf8-eddc0e38fca9,143029a9-d88f-4c94-88b7-63d5e519dd7e,account,9132b63e-f162-47e4-a9c3-49e03602f8ac,2026-06-06T06:56:00Z,2026-07-06,36428119000,1,,0,4,7f5b6f7e-1c2d-4a4e-9a51-3a3f1d3c0a01
748485cb-2bc1-44e9-a2f6-dd04507e4fa4,INV-000358,753f810c-9a03-4d99-9c15-c71c55e86e49,dff735fa-6de0-484a-8b8c-990ec1589911,802b1bf4-b8ff-415c-9727-20fa73a27c7b,account,366eb16f-508e-4ad7-b7c9-3acfe059a0ee,2026-06-13T09:19:00Z,2026-06-13,197498840000,100000000,2026-06-11T09:19:00Z,2,100001,7f5b6f7e-1c2d-4a4e-9a51-3a3f1d3c0a01
02563342-e018-49ee-af55-2231d18669d3,INV-000359,1359b59a-1d9c-459d-93e0-ef30cf6f13f7,5ef8d5a1-b1e9-4bea-8635-c8d8c8e46b6c,b6f31d02-90ca-4ac3-94e3-552bfd2f1be9,account,366eb16f-508e-4ad7-b7c9-3acfe059a0ee,2026-06-10T12:17:00Z,2026-06-10,80463879000,100000000,2026-06-08T12:17:00Z,2,100001,7f5b6f7e-1c2d-4a4e-9a51-3a3f1d3c0a01
fb14768f-c8ab-4d43-9b79-83490843a95d,INV-000360,3cd679c8-4423-4bbf-9939-b74f7bc01bab,91d42acb-8baf-4d69-8697-eab3b95eef51,59eab45f-ab60-4c64-85c4-8e2540e00833,account,beb79919-3f22-4af8-a3be-d01d43cf2fde,2026-06-02T12:38:00Z,2026-07-02,33408904000,1,,0,4,7f5b6f7e-1c2d-4a4e-9a51-3a3f1d3c0a01
c58ec65c-226f-4fe2-8536-b3ab56cd6199,INV-000361,8033cc7a-49f7-4d49-b7f6-1998334317c3,3f633aac-77d6-424d-b0dc-20b8130b084c,e43f05c8-40a5-42f7-b62b-9f628ced48ea,account,9132b63e-f162-47e4-a9c3-49e03602f8ac,2026-06-07T05:00:00Z,2026-08-06,36409682000,4,,0,4,7f5b6f7e-1c2d-4a4e-9a51-3a3f1d3c0a01
97e31876-894c-4c41-9f04-cdec57d62fd6,INV-000362,21e3e723-5fe0-46e7-9abe-f7bf9151a3a4,5fa22b85-3781-452f-9af6-9b159003aeed,9a4fdddc-58fe-4b04-ae01-30f31d329e92,account,0e51f30d-c6a7-4e39-84b0-32ccd7c524a5,2026-06-20T10:56:00Z,2026-06-20,8729446000,100000000,2026-06-20T10:56:00Z,2,100001,7f5b6f7e-1c2d-4a4e-9a51-3a3f1d3c0a01
2b17d916-2ed0-40d1-9614-a837cff05f3a,INV-000363,3d5e4c16-af49-42ea-9b02-eae3de88217a,1c3827f0-bdf8-4b37-8d0d-b78b322d186a,bfc3e5bc-800d-48dd-941a-1fab8c6c6191,account,0e51f30d-c6a7-4e39-84b0-32ccd7c524a5,2026-06-27T06:18:00Z,2026-07-27,10222605000,1,,0,4,7f5b6f7e-1c2d-4a4e-9a51-3a3f1d3c0a01
c236b3b2-c28c-462f-82fa-7a506d9240b6,INV-000364,ad2e40aa-050e-4b74-81db-c7ef08740cdd,10ed335f-a5fa-4526-a33d-a1734d6ff836,4b26f0a3-33b1-4ca4-b74d-34f5caf07226,account,0e51f30d-c6a7-4e39-84b0-32ccd7c524a5,2026-06-28T04:41:00Z,2026-08-27,95561169000,4,,0,4,7f5b6f7e-1c2d-4a4e-9a51-3a3f1d3c0a01
a9659f28-695b-4bb3-9f45-374fc4bd6167,INV-000365,6caa2e6e-2389-4181-8dd1-9a3fc4732847,ec211b0a-4cff-4f43-bdaf-5181e673cdc7,09a0a0f6-73b0-4091-b634-c1694f76e388,account,366eb16f-508e-4ad7-b7c9-3acfe059a0ee,2026-06-01T09:41:00Z,2026-06-01,8567865000,100000000,2026-06-01T09:41:00Z,2,100001,7f5b6f7e-1c2d-4a4e-9a51-3a3f1d3c0a01
d4c3994d-a3f6-414c-bc2f-648a503e36fe,INV-000366,63d61761-9886-401d-9c7c-0f0ccbe22754,325d94b1-20dd-45ed-be1a-5b41cb54762d,497de16d-d4ea-420a-9e65-96540e9058b6,account,366eb16f-508e-4ad7-b7c9-3acfe059a0ee,2025-03-22T06:41:00Z,2025-04-21,46647792000,1,2025-04-19T08:12:00Z,2,100001,7f5b6f7e-1c2d-4a4e-9a51-3a3f1d3c0a01
70641fc0-1207-4fea-8f16-8e1ee6a7b779,INV-000367,f4b586e8-6f23-47e0-8d7f-dd1c67b31c9b,3879d066-8fdf-4b43-912b-0a52d1ae75ac,497de16d-d4ea-420a-9e65-96540e9058b6,account,366eb16f-508e-4ad7-b7c9-3acfe059a0ee,2025-04-12T07:20:00Z,2025-05-12,50174836000,1,2025-05-10T06:42:00Z,2,100001,7f5b6f7e-1c2d-4a4e-9a51-3a3f1d3c0a01
a7708291-5049-405c-9770-f984588ac85e,INV-000368,b23df93d-13c3-4ea4-b273-ec0fd85dea70,8510dce4-9b6c-4ac3-a58d-b9f0d63b6459,497de16d-d4ea-420a-9e65-96540e9058b6,account,366eb16f-508e-4ad7-b7c9-3acfe059a0ee,2025-08-09T05:28:00Z,2025-09-08,21824224000,1,2025-09-07T05:43:00Z,2,100001,7f5b6f7e-1c2d-4a4e-9a51-3a3f1d3c0a01
9ada53e2-15ff-4560-8dd4-f45bc9efb0dd,INV-000369,f52b32d5-9c0e-4160-9c92-39b073be17e8,81ee321e-f4ec-42fe-a46e-3a4511463ad1,497de16d-d4ea-420a-9e65-96540e9058b6,account,366eb16f-508e-4ad7-b7c9-3acfe059a0ee,2026-04-04T07:29:00Z,2026-05-04,90186795000,1,2026-05-02T06:28:00Z,2,100001,7f5b6f7e-1c2d-4a4e-9a51-3a3f1d3c0a01
29626641-c498-48ee-9d85-d0652d2b49d0,INV-000370,2b942103-69ba-4537-aa89-e6e5e7cc599d,5770c831-a1df-4187-8629-0ea562e40551,fa34d2e8-dd3f-4d7e-a508-dc9513a4a492,account,24933b83-7577-40a9-a491-f0b2ea1fca65,2024-08-21T05:54:00Z,2024-10-20,7656715000,4,2024-10-24T11:57:00Z,2,100001,7f5b6f7e-1c2d-4a4e-9a51-3a3f1d3c0a01
a52cf960-fa26-4263-8416-faa257e4fed4,INV-000371,dcbfc121-38d5-4665-9755-8283aa02dae2,c1ad74e7-b63a-4fb0-ae6b-1f12fa77951a,fa34d2e8-dd3f-4d7e-a508-dc9513a4a492,account,24933b83-7577-40a9-a491-f0b2ea1fca65,2025-01-23T12:27:00Z,2025-03-24,32698260000,4,2025-03-27T12:00:00Z,2,100001,7f5b6f7e-1c2d-4a4e-9a51-3a3f1d3c0a01
b70baa62-dfdb-428f-8e9c-4ca5bb10dc3f,INV-000372,234bc268-fdd2-4839-b45d-a28a0c693957,9bada213-2c0e-4e3c-958c-c1037558a538,fa34d2e8-dd3f-4d7e-a508-dc9513a4a492,account,24933b83-7577-40a9-a491-f0b2ea1fca65,2025-05-28T13:26:00Z,2025-07-27,27472988000,4,2025-08-02T11:58:00Z,2,100001,7f5b6f7e-1c2d-4a4e-9a51-3a3f1d3c0a01
992cb291-1858-44d4-9726-94dab14b2641,INV-000373,091bd5bf-c242-4f13-aa8c-53d4c061bea1,6af6cb6e-ba6b-4e73-bc16-0c8fb3a9625d,fa34d2e8-dd3f-4d7e-a508-dc9513a4a492,account,24933b83-7577-40a9-a491-f0b2ea1fca65,2025-08-03T06:17:00Z,2025-10-02,21746522000,4,2025-10-27T12:46:00Z,2,100001,7f5b6f7e-1c2d-4a4e-9a51-3a3f1d3c0a01
020bce07-3249-4eb2-ade8-d63b1304d9d4,INV-000374,31245cf8-8d01-4ddd-a955-0921fe2d88a1,cbd1f17e-d6a2-4d5f-a624-a2da5ec552de,fa34d2e8-dd3f-4d7e-a508-dc9513a4a492,account,24933b83-7577-40a9-a491-f0b2ea1fca65,2025-11-18T08:52:00Z,2026-01-17,25414608000,4,2026-01-29T05:15:00Z,2,100001,7f5b6f7e-1c2d-4a4e-9a51-3a3f1d3c0a01
77b8c308-432b-4e6c-b288-9cdb3e0882cc,INV-000375,22205e03-d7f1-4eaa-9ab9-af14cd1506ef,35c55abc-7e9f-420c-ac32-29472f67c26d,fa34d2e8-dd3f-4d7e-a508-dc9513a4a492,account,24933b83-7577-40a9-a491-f0b2ea1fca65,2026-04-18T08:43:00Z,2026-06-17,34822313000,4,2026-06-23T07:24:00Z,2,100001,7f5b6f7e-1c2d-4a4e-9a51-3a3f1d3c0a01
3ce3e2e8-f718-4003-9b3a-7533f455d0c3,INV-000376,7e0abe75-8d21-42b4-9869-cd185e4f6b59,0566d447-aedb-4021-aad8-c43f72bb5039,fa34d2e8-dd3f-4d7e-a508-dc9513a4a492,account,24933b83-7577-40a9-a491-f0b2ea1fca65,2026-06-23T11:38:00Z,2026-08-22,34648662000,4,,0,4,7f5b6f7e-1c2d-4a4e-9a51-3a3f1d3c0a01
072f7fa5-aa0d-4957-af1d-47c502e182cf,INV-000377,d807ba3c-527d-4f64-94a0-ce1549937ce5,abe55017-2f0f-450b-8141-245e1bab875b,98159d6c-9d71-4084-971d-abf9daf481a7,account,e27a984d-6548-41d0-bfcd-9eb1a7cad415,2024-08-11T10:19:00Z,2024-09-10,6251238000,1,2024-09-15T07:34:00Z,2,100001,7f5b6f7e-1c2d-4a4e-9a51-3a3f1d3c0a01
cfce6701-e0aa-4504-b8a5-964d5e3efa9a,INV-000378,4c5a742c-b037-476f-89f6-10ee8e87d6de,243e002d-a5a7-4a5c-ad2c-5be07e7aceda,98159d6c-9d71-4084-971d-abf9daf481a7,account,e27a984d-6548-41d0-bfcd-9eb1a7cad415,2024-10-28T09:31:00Z,2024-11-27,21682328000,1,2024-11-25T05:47:00Z,2,100001,7f5b6f7e-1c2d-4a4e-9a51-3a3f1d3c0a01
86332112-d886-4380-8fc0-6de298745399,INV-000379,b25a398f-e631-475a-944c-4e240167fce7,4bbfcdaf-9e64-4a29-8590-098759f69e91,98159d6c-9d71-4084-971d-abf9daf481a7,account,e27a984d-6548-41d0-bfcd-9eb1a7cad415,2025-09-22T11:08:00Z,2025-10-22,10662366000,1,2025-10-20T10:53:00Z,2,100001,7f5b6f7e-1c2d-4a4e-9a51-3a3f1d3c0a01
607b6d1a-27b7-401f-b6b5-efbcdd6906eb,INV-000380,93ac57ac-f6d0-40c8-858c-3673eff4fec9,90733016-9aed-4823-ac09-d84c70f3bb74,98159d6c-9d71-4084-971d-abf9daf481a7,account,e27a984d-6548-41d0-bfcd-9eb1a7cad415,2025-10-12T08:20:00Z,2025-11-11,10615004000,1,2025-11-18T10:05:00Z,2,100001,7f5b6f7e-1c2d-4a4e-9a51-3a3f1d3c0a01
0602e5da-bee7-4b8f-9121-5647b9c885a7,INV-000381,3d57f5f8-110e-46f0-85aa-2ebb71581864,276c8bc2-629e-412d-9d4c-9f394815064e,bd29ede9-cab4-423b-b448-83858de7ad6c,account,beb79919-3f22-4af8-a3be-d01d43cf2fde,2024-07-25T08:19:00Z,2024-09-23,17486817000,4,2024-10-09T10:38:00Z,2,100001,7f5b6f7e-1c2d-4a4e-9a51-3a3f1d3c0a01
60736e6f-b75e-4277-a0be-fb600a4a9340,INV-000382,650c78d7-29df-4156-9605-cd5f533e5e69,41b7debc-0d1e-4f38-a441-89ce1a4a123e,bd29ede9-cab4-423b-b448-83858de7ad6c,account,beb79919-3f22-4af8-a3be-d01d43cf2fde,2024-12-12T04:38:00Z,2025-02-10,15895505000,4,2025-02-19T07:23:00Z,2,100001,7f5b6f7e-1c2d-4a4e-9a51-3a3f1d3c0a01
827c6ed6-8dd4-44dd-baf7-cb65a9f6e9b7,INV-000383,dcf44919-09f5-43ae-82ca-9e69ebbc3324,5facb6b3-2117-4a19-9e8a-c5c9f16e4738,bd29ede9-cab4-423b-b448-83858de7ad6c,account,beb79919-3f22-4af8-a3be-d01d43cf2fde,2025-08-30T12:52:00Z,2025-10-29,10816507000,4,2025-11-19T05:09:00Z,2,100001,7f5b6f7e-1c2d-4a4e-9a51-3a3f1d3c0a01
377ee5b3-a0a0-4c9c-aba2-da75649a3585,INV-000384,b1b9e5e6-6919-42a7-9453-f7bbbb36b100,9db9c048-e0e9-4c57-87b7-eef2a4b0d3dd,bd29ede9-cab4-423b-b448-83858de7ad6c,account,beb79919-3f22-4af8-a3be-d01d43cf2fde,2025-11-29T12:04:00Z,2026-01-28,53353896000,4,2026-01-29T11:44:00Z,2,100001,7f5b6f7e-1c2d-4a4e-9a51-3a3f1d3c0a01
ff890f43-efb6-44e9-aea7-fea2e3566204,INV-000385,d7ff7770-819d-4d08-8d8c-b7eca36d4e59,39242dd3-6e2a-4912-af7a-9cc72f29332d,bd29ede9-cab4-423b-b448-83858de7ad6c,account,beb79919-3f22-4af8-a3be-d01d43cf2fde,2026-06-07T06:16:00Z,2026-08-06,33354845000,4,,0,4,7f5b6f7e-1c2d-4a4e-9a51-3a3f1d3c0a01
058ad1fd-ce1e-4114-aaa2-10277fd98eee,INV-000386,cddbceac-0571-48e4-9ac7-25b03648762a,d6b14cbd-8d1b-43d1-b865-9ab7dfa5a238,e8b77f7b-7321-4f6b-8a80-76ece5582e16,account,24933b83-7577-40a9-a491-f0b2ea1fca65,2025-09-27T06:59:00Z,2025-11-26,9559018000,4,2025-11-29T05:32:00Z,2,100001,7f5b6f7e-1c2d-4a4e-9a51-3a3f1d3c0a01
9ed39977-d45b-4d35-a5d1-2d6aa28a2e2f,INV-000387,a23f34ad-0e74-4066-b79b-6a4d9573a344,4d2fb867-1525-4473-bf54-f5c82a3e0749,e8b77f7b-7321-4f6b-8a80-76ece5582e16,account,24933b83-7577-40a9-a491-f0b2ea1fca65,2025-09-27T10:44:00Z,2025-11-26,18725608000,4,2025-11-24T10:16:00Z,2,100001,7f5b6f7e-1c2d-4a4e-9a51-3a3f1d3c0a01
8e41ecfa-cda6-46e0-b042-cd999d73668b,INV-000388,ebbff15c-b6a1-4450-9e32-2507446e3622,e5616d38-5fbe-4bbc-be64-feac1734f937,e8b77f7b-7321-4f6b-8a80-76ece5582e16,account,24933b83-7577-40a9-a491-f0b2ea1fca65,2026-01-21T10:46:00Z,2026-03-22,11662804000,4,2026-03-26T12:20:00Z,2,100001,7f5b6f7e-1c2d-4a4e-9a51-3a3f1d3c0a01
02545abf-571b-4f09-a35a-c09fc462bc20,INV-000389,7df7ebee-d1ea-4140-a6a2-e2cfa7b27efe,a92be5aa-bb99-42b8-8546-d5a36db54763,e8b77f7b-7321-4f6b-8a80-76ece5582e16,account,24933b83-7577-40a9-a491-f0b2ea1fca65,2026-02-12T12:28:00Z,2026-04-13,34057710000,4,2026-04-29T12:37:00Z,2,100001,7f5b6f7e-1c2d-4a4e-9a51-3a3f1d3c0a01
f785215e-b511-4bc7-98f7-ac2456a03e02,INV-000390,fa179aa3-e738-45b8-b69e-cb8f27f8b2c8,345cbcab-a040-4bca-9bc8-3ad60c2a7837,e8b77f7b-7321-4f6b-8a80-76ece5582e16,account,24933b83-7577-40a9-a491-f0b2ea1fca65,2026-04-29T12:50:00Z,2026-06-28,12579033000,4,,0,4,7f5b6f7e-1c2d-4a4e-9a51-3a3f1d3c0a01
94c4e197-7152-43b0-bdbf-cb34c34fc3ed,INV-000391,0c43891f-1cef-4e01-9431-b194a380cb66,46a1d7f1-7e42-41f7-ba0a-f05930f12962,80599b93-79c2-42e4-9ae1-a991524f93ff,account,5304317f-af42-412f-b838-b3268e944239,2025-01-04T11:18:00Z,2025-03-05,10230964000,4,2025-03-08T06:15:00Z,2,100001,7f5b6f7e-1c2d-4a4e-9a51-3a3f1d3c0a01
e199b285-aeaa-4ad5-8b23-4ec0f5d116b3,INV-000392,52514e94-f1ec-470c-becd-607e504149df,f2e329e1-35de-4fe2-9f00-24257c536e6a,80599b93-79c2-42e4-9ae1-a991524f93ff,account,5304317f-af42-412f-b838-b3268e944239,2025-10-01T05:26:00Z,2025-11-30,91365374000,4,2025-12-09T11:24:00Z,2,100001,7f5b6f7e-1c2d-4a4e-9a51-3a3f1d3c0a01
bb80421a-411a-47e2-969b-8acd8871396f,INV-000393,d4db43ff-4b63-48a5-9d8f-7a4081d7e376,6d40d05c-3f00-4578-be91-07002aef85a8,80599b93-79c2-42e4-9ae1-a991524f93ff,account,5304317f-af42-412f-b838-b3268e944239,2026-02-03T11:09:00Z,2026-04-04,10443031000,4,2026-04-12T10:31:00Z,2,100001,7f5b6f7e-1c2d-4a4e-9a51-3a3f1d3c0a01
7c9cf8be-c74b-4ced-9089-5582f2356132,INV-000394,510be5ba-fa40-4dd1-b6e5-ef55ed1df637,d2449e90-3913-4c25-bb09-172770aefc33,80599b93-79c2-42e4-9ae1-a991524f93ff,account,5304317f-af42-412f-b838-b3268e944239,2026-05-21T05:34:00Z,2026-07-20,22096523000,4,,0,4,7f5b6f7e-1c2d-4a4e-9a51-3a3f1d3c0a01
8f2d4399-26de-4edb-8166-d65542cfefdd,INV-000395,46ca3f98-5e19-41cf-b06d-487dbaa8967b,4b405dc4-8fdc-4e54-8c50-c2f17aa46ffa,d65e59dd-e62d-4d06-8f9b-85581a7f195b,account,ce177b4e-0837-48a3-9261-a7ab3aa2e4f9,2024-08-05T09:43:00Z,2024-08-05,54438620000,100000000,2024-08-03T09:43:00Z,2,100001,7f5b6f7e-1c2d-4a4e-9a51-3a3f1d3c0a01
374a48e2-85e6-4dbf-b1af-82e1e6eb42fa,INV-000396,cb01ec55-5020-4b3b-9075-36b5160ffc1a,b9c1d794-144c-461a-a588-3ee19ea9911b,d65e59dd-e62d-4d06-8f9b-85581a7f195b,account,ce177b4e-0837-48a3-9261-a7ab3aa2e4f9,2025-08-24T12:34:00Z,2025-08-24,28584545000,100000000,2025-08-24T12:34:00Z,2,100001,7f5b6f7e-1c2d-4a4e-9a51-3a3f1d3c0a01
6d5988d6-77e0-4843-9124-ac662312baed,INV-000397,a4bb4cb6-d093-4173-8e7b-d58a8177fdf2,95df9801-b05c-4302-99ee-2c493b637216,d65e59dd-e62d-4d06-8f9b-85581a7f195b,account,ce177b4e-0837-48a3-9261-a7ab3aa2e4f9,2025-08-20T10:46:00Z,2025-08-20,104019229000,100000000,2025-08-19T10:46:00Z,2,100001,7f5b6f7e-1c2d-4a4e-9a51-3a3f1d3c0a01
2bc87553-ec1b-42d1-8e88-f65d919d0e0b,INV-000398,b6080763-4449-4ea5-8698-2a0b6a5c092c,d0c13812-8b5b-44d1-8d41-0017de122acc,d65e59dd-e62d-4d06-8f9b-85581a7f195b,account,ce177b4e-0837-48a3-9261-a7ab3aa2e4f9,2025-08-16T08:14:00Z,2025-08-16,24365773000,100000000,2025-08-13T08:14:00Z,2,100001,7f5b6f7e-1c2d-4a4e-9a51-3a3f1d3c0a01
c916aa51-9e11-43a4-a40b-97c859e0f7a2,INV-000399,2aed5678-a4f5-4e62-9072-f35576cd8f9c,76ff77a2-dde0-4891-b60c-f680b25bebc9,15969802-b6dd-4257-bb7d-9f1c57eb89b1,account,366eb16f-508e-4ad7-b7c9-3acfe059a0ee,2024-11-11T12:09:00Z,2024-11-11,49537248000,100000000,2024-11-08T12:09:00Z,2,100001,7f5b6f7e-1c2d-4a4e-9a51-3a3f1d3c0a01
62ac9806-5ccd-4edf-96a3-8d22d9c19d2c,INV-000400,0b979c81-5c1c-421f-85e3-1dc0deecd69b,d3a24770-544b-4d9c-a038-b542ca1e4c54,15969802-b6dd-4257-bb7d-9f1c57eb89b1,account,366eb16f-508e-4ad7-b7c9-3acfe059a0ee,2025-01-13T10:47:00Z,2025-01-13,41182767000,100000000,2025-01-10T10:47:00Z,2,100001,7f5b6f7e-1c2d-4a4e-9a51-3a3f1d3c0a01
4a79b4ff-fbe5-471a-8142-0b7a089f0c8b,INV-000401,d0bc04cd-cf6c-4df2-bfbf-98644f944845,2f602875-1ad6-43fa-abac-47f6afc077f0,15969802-b6dd-4257-bb7d-9f1c57eb89b1,account,366eb16f-508e-4ad7-b7c9-3acfe059a0ee,2025-03-08T05:03:00Z,2025-03-08,26972884000,100000000,2025-03-06T05:03:00Z,2,100001,7f5b6f7e-1c2d-4a4e-9a51-3a3f1d3c0a01
aec2ea15-b6ed-4c91-837b-fa4158540e55,INV-000402,565a5ed4-7d2f-46b7-a299-7138d0652184,bdf5ce83-2494-4c41-bd8d-f93be1127a48,15969802-b6dd-4257-bb7d-9f1c57eb89b1,account,366eb16f-508e-4ad7-b7c9-3acfe059a0ee,2025-06-04T06:33:00Z,2025-06-04,12724247000,100000000,2025-06-03T06:33:00Z,2,100001,7f5b6f7e-1c2d-4a4e-9a51-3a3f1d3c0a01
1a8c09c0-ee14-46a6-a84e-0d363800c4ae,INV-000403,ad2d211e-95b8-42e0-a246-5b46718387b5,36446016-3620-4a66-ac79-63542fd51626,15969802-b6dd-4257-bb7d-9f1c57eb89b1,account,366eb16f-508e-4ad7-b7c9-3acfe059a0ee,2025-06-21T07:03:00Z,2025-06-21,46542924000,100000000,2025-06-20T07:03:00Z,2,100001,7f5b6f7e-1c2d-4a4e-9a51-3a3f1d3c0a01
adbb1a57-ec6c-464e-83af-b325cf18c78e,INV-000404,82c9a811-8f4c-48f1-9cdd-789ab60c1b54,92f704a8-213f-4163-947f-f8a1dd6f2acd,15969802-b6dd-4257-bb7d-9f1c57eb89b1,account,366eb16f-508e-4ad7-b7c9-3acfe059a0ee,2025-06-25T06:31:00Z,2025-06-25,56119891000,100000000,2025-06-24T06:31:00Z,2,100001,7f5b6f7e-1c2d-4a4e-9a51-3a3f1d3c0a01
310f8dff-5669-431f-9063-27826a9f5fe8,INV-000405,7a8a95b2-822a-49ee-a776-638ca8b14abf,af963ea9-4f41-47d6-952e-41e909f946e8,15969802-b6dd-4257-bb7d-9f1c57eb89b1,account,366eb16f-508e-4ad7-b7c9-3acfe059a0ee,2025-11-22T06:13:00Z,2025-11-22,33125461000,100000000,2025-11-22T06:13:00Z,2,100001,7f5b6f7e-1c2d-4a4e-9a51-3a3f1d3c0a01
0bb45f8c-0570-470a-89b1-0452d5196f14,INV-000406,a5c59e94-d3e5-4c3e-a374-beb7202d7f4c,b5ea457e-e736-4a4d-9efb-14f3e01622ef,15969802-b6dd-4257-bb7d-9f1c57eb89b1,account,366eb16f-508e-4ad7-b7c9-3acfe059a0ee,2026-01-03T12:13:00Z,2026-01-03,90044468000,100000000,2025-12-31T12:13:00Z,2,100001,7f5b6f7e-1c2d-4a4e-9a51-3a3f1d3c0a01
f5c568b5-201c-4892-9b77-b4e2782bee9e,INV-000407,cc96d39e-2617-4619-82a5-c59e86b4b101,ab85dcf1-649e-485a-b397-9bfd72e5d138,15969802-b6dd-4257-bb7d-9f1c57eb89b1,account,366eb16f-508e-4ad7-b7c9-3acfe059a0ee,2026-04-15T12:25:00Z,2026-04-15,47280631000,100000000,2026-04-12T12:25:00Z,2,100001,7f5b6f7e-1c2d-4a4e-9a51-3a3f1d3c0a01
fe6542ec-9819-44ef-9bfb-7cd34e650426,INV-000408,172b02d4-ff25-4f07-b298-d42d54c56591,ff245ca5-7339-49c2-8c1b-fe598e40bd73,0a0537f0-2c2c-422b-a568-95c6812a1f9b,account,e27a984d-6548-41d0-bfcd-9eb1a7cad415,2024-11-11T10:25:00Z,2024-12-11,26165911000,1,2024-12-08T06:47:00Z,2,100001,7f5b6f7e-1c2d-4a4e-9a51-3a3f1d3c0a01
2c199a07-f14a-41e9-9c1e-5da5b66b85cd,INV-000409,f534753c-7756-4b60-aa1a-803e681b013b,39a67f82-7f61-4c18-b225-4d9974759f3f,0a0537f0-2c2c-422b-a568-95c6812a1f9b,account,e27a984d-6548-41d0-bfcd-9eb1a7cad415,2025-02-01T12:53:00Z,2025-03-03,37733483000,1,2025-03-01T07:05:00Z,2,100001,7f5b6f7e-1c2d-4a4e-9a51-3a3f1d3c0a01
678c1e7e-a889-435d-a023-6ddfd4c8d684,INV-000410,0ca54273-0a83-4eda-89c6-e04fd2e0d064,35ae3f37-ca02-472a-9ad8-9b969e0009c3,0a0537f0-2c2c-422b-a568-95c6812a1f9b,account,e27a984d-6548-41d0-bfcd-9eb1a7cad415,2025-03-01T09:41:00Z,2025-03-31,35619227000,1,2025-03-29T12:40:00Z,2,100001,7f5b6f7e-1c2d-4a4e-9a51-3a3f1d3c0a01
5c4c56b1-e2b8-451a-82bc-45e45c403990,INV-000411,2f811d1c-acdb-4bd6-88c1-399d4361f730,b266633a-8856-4dc1-a274-5d2135cad15a,0a0537f0-2c2c-422b-a568-95c6812a1f9b,account,e27a984d-6548-41d0-bfcd-9eb1a7cad415,2025-06-04T08:21:00Z,2025-07-04,68296227000,1,2025-07-06T06:40:00Z,2,100001,7f5b6f7e-1c2d-4a4e-9a51-3a3f1d3c0a01
e2be9e22-e321-4216-8225-3a5034445707,INV-000412,c12d3710-fc6c-4bcc-a915-be12e5334178,f355b820-1816-4d3c-8760-2d4f948152b4,0a0537f0-2c2c-422b-a568-95c6812a1f9b,account,e27a984d-6548-41d0-bfcd-9eb1a7cad415,2025-06-21T07:04:00Z,2025-07-21,71994699000,1,2025-07-19T06:50:00Z,2,100001,7f5b6f7e-1c2d-4a4e-9a51-3a3f1d3c0a01
5e0ce4e7-9080-4466-b356-07de88bbf14a,INV-000413,b261dc7a-8bda-4904-ab79-128676d90c5d,eb63cd29-8305-44b0-b70e-f00ead17d2d7,0a0537f0-2c2c-422b-a568-95c6812a1f9b,account,e27a984d-6548-41d0-bfcd-9eb1a7cad415,2025-10-28T05:19:00Z,2025-11-27,27991415000,1,2025-12-03T08:22:00Z,2,100001,7f5b6f7e-1c2d-4a4e-9a51-3a3f1d3c0a01
b6b965f3-bec4-4999-9180-e1ccbc79656c,INV-000414,5e57ffca-b8a3-4361-b8ef-7c340ed9718e,9916045f-3af7-4880-93c6-1b0fa7484ed8,0a0537f0-2c2c-422b-a568-95c6812a1f9b,account,e27a984d-6548-41d0-bfcd-9eb1a7cad415,2025-10-14T09:12:00Z,2025-11-13,45133953000,1,2025-11-10T07:28:00Z,2,100001,7f5b6f7e-1c2d-4a4e-9a51-3a3f1d3c0a01
070d70fc-79fd-48d1-84b7-d0d2b7fd17db,INV-000415,e37c881f-5e2b-4140-a143-143530b3ffe9,bb8b218c-a043-410f-a82d-ab4565286ba1,0a0537f0-2c2c-422b-a568-95c6812a1f9b,account,e27a984d-6548-41d0-bfcd-9eb1a7cad415,2025-12-01T12:46:00Z,2025-12-31,17838172000,1,2026-06-18T07:02:00Z,2,100001,7f5b6f7e-1c2d-4a4e-9a51-3a3f1d3c0a01
7da21eb9-9ab3-4ec2-b89d-431b3481ebb7,INV-000416,795702eb-f0ca-49e3-ad16-0b441c150a13,e7aad73a-fc65-431f-90bb-9860901c95eb,0a0537f0-2c2c-422b-a568-95c6812a1f9b,account,e27a984d-6548-41d0-bfcd-9eb1a7cad415,2026-03-04T06:54:00Z,2026-04-03,29051696000,1,2026-04-02T12:15:00Z,2,100001,7f5b6f7e-1c2d-4a4e-9a51-3a3f1d3c0a01
3264897a-21f0-4859-bdaa-245099a70583,INV-000417,85483453-dd84-474e-a890-d482f0a77e33,7d309470-8b0d-480f-97ae-c49b0a3dc814,0a0537f0-2c2c-422b-a568-95c6812a1f9b,account,e27a984d-6548-41d0-bfcd-9eb1a7cad415,2026-05-27T09:33:00Z,2026-06-26,110266160000,1,2026-06-25T12:17:00Z,2,100001,7f5b6f7e-1c2d-4a4e-9a51-3a3f1d3c0a01
2eb1b2ad-a1d5-4b57-9052-80b6b7d56cfc,INV-000418,ddf25847-1f5f-4722-959b-b24cc34dd83e,5e4cd0a8-af52-4a96-9b8e-573bcd9732c0,fdb1429e-7010-4d13-b526-b22d3f6c21f7,account,9132b63e-f162-47e4-a9c3-49e03602f8ac,2026-05-26T12:23:00Z,2026-05-26,8659687000,100000000,2026-05-24T12:23:00Z,2,100001,7f5b6f7e-1c2d-4a4e-9a51-3a3f1d3c0a01
3bf47811-7df4-43f6-a3d1-fe46805c4e6c,INV-000419,4dcb650c-b796-4a47-8b5c-0a259b1602c1,eccd6295-781e-4205-8173-272603cd08c0,fdb1429e-7010-4d13-b526-b22d3f6c21f7,account,9132b63e-f162-47e4-a9c3-49e03602f8ac,2026-06-20T10:55:00Z,2026-06-20,7574383000,100000000,2026-06-19T10:55:00Z,2,100001,7f5b6f7e-1c2d-4a4e-9a51-3a3f1d3c0a01
6b4589b1-7e8c-40ca-b3d4-8a3ad2f1d8c0,INV-000420,bc30a52f-b7ee-46ba-a367-c51cdebb20b7,5b291c18-8c2d-4a87-8ed4-4e28ac09fea9,9c1c3517-85d2-40a6-8629-5b5d707df251,account,b02b61c4-a3d7-4628-ace6-6fa2fd5166e6,2025-05-10T12:04:00Z,2025-06-09,11272061000,1,2025-07-02T09:21:00Z,2,100001,7f5b6f7e-1c2d-4a4e-9a51-3a3f1d3c0a01
30e71bf2-e44d-4f61-a996-e7164f27745a,INV-000421,a9bc3682-3446-49d1-9ee1-c69549ab4042,84118079-e12b-4cba-961c-8f39a46cd376,9c1c3517-85d2-40a6-8629-5b5d707df251,account,b02b61c4-a3d7-4628-ace6-6fa2fd5166e6,2025-07-16T05:05:00Z,2025-08-15,8054036000,1,2025-08-16T04:46:00Z,2,100001,7f5b6f7e-1c2d-4a4e-9a51-3a3f1d3c0a01
b86aaa12-ff8c-40b1-b639-1e1fc336a9a4,INV-000422,e703514f-13cf-4f92-a368-b51876048ab3,3e8ff3fc-9aca-4e3e-8ca2-ef872622800a,9c1c3517-85d2-40a6-8629-5b5d707df251,account,b02b61c4-a3d7-4628-ace6-6fa2fd5166e6,2025-08-27T06:07:00Z,2025-09-26,8634512000,1,2025-10-11T06:45:00Z,2,100001,7f5b6f7e-1c2d-4a4e-9a51-3a3f1d3c0a01
f06ae966-1159-4db0-8582-76aaa9bf97c2,INV-000423,b8ab027b-a3ed-4977-8af9-af85c1ac99b4,5e7b6f56-1bb3-4fa6-83b9-190d082cc6b6,9c1c3517-85d2-40a6-8629-5b5d707df251,account,b02b61c4-a3d7-4628-ace6-6fa2fd5166e6,2026-04-20T11:29:00Z,2026-05-20,24845012000,1,2026-05-17T06:16:00Z,2,100001,7f5b6f7e-1c2d-4a4e-9a51-3a3f1d3c0a01
4bd3f3d4-0145-413a-93ac-c2ccb6922225,INV-000424,fce59a48-2c1b-44cd-8807-e0e717d9475d,1f97c81b-631b-4c2e-bc90-3cc756583677,9c1c3517-85d2-40a6-8629-5b5d707df251,account,b02b61c4-a3d7-4628-ace6-6fa2fd5166e6,2026-06-15T06:50:00Z,2026-07-15,44427170000,1,,0,4,7f5b6f7e-1c2d-4a4e-9a51-3a3f1d3c0a01
e34e22bb-73ec-44e4-a2e2-ed40be75ffa3,INV-000425,127ec520-2b02-4a67-b250-d013fb4c4d06,e2b7f7a0-8e74-4b1d-8240-d54026d6c8d9,eafde7d9-5f73-4a3e-9d28-6aa428a39779,account,b02b61c4-a3d7-4628-ace6-6fa2fd5166e6,2025-05-31T12:35:00Z,2025-06-30,20161514000,1,2025-09-30T05:41:00Z,2,100001,7f5b6f7e-1c2d-4a4e-9a51-3a3f1d3c0a01
d132f72b-2747-499e-83fc-6ad4543fae1c,INV-000426,5b905e27-0e4e-4397-b2b0-0cb389f279cf,fdcab04e-3253-4b6b-a460-e6a882c68bbf,eafde7d9-5f73-4a3e-9d28-6aa428a39779,account,b02b61c4-a3d7-4628-ace6-6fa2fd5166e6,2025-10-22T09:44:00Z,2025-11-21,60033711000,1,2025-12-08T09:48:00Z,2,100001,7f5b6f7e-1c2d-4a4e-9a51-3a3f1d3c0a01
f2639a50-fbd4-4a1f-9b9f-6528b65cb796,INV-000427,c82a4cc7-26ee-4ddc-be50-bf063741dbf0,40f6e8b1-d931-486a-a61d-367d9303087e,eafde7d9-5f73-4a3e-9d28-6aa428a39779,account,b02b61c4-a3d7-4628-ace6-6fa2fd5166e6,2026-06-06T11:01:00Z,2026-07-06,7900326000,1,,0,4,7f5b6f7e-1c2d-4a4e-9a51-3a3f1d3c0a01
e7afb1ef-a459-4a16-b662-9b28c90360db,INV-000428,14617602-39bb-417b-a697-31da61bbbc90,d7293379-a26c-4bf4-bc7c-ec924d7a51cd,c6435300-68a5-4c68-a32d-bb5e486bb6bf,account,5304317f-af42-412f-b838-b3268e944239,2024-07-29T12:08:00Z,2024-09-27,57940918000,4,2024-10-06T06:40:00Z,2,100001,7f5b6f7e-1c2d-4a4e-9a51-3a3f1d3c0a01
f3a9ac38-f5f8-4c7e-be46-b9b56f2d7dd9,INV-000429,c4a91377-751a-48d2-a124-7e6919f03307,0b15fa22-f2c2-4813-b4b8-a7e33c556b99,c6435300-68a5-4c68-a32d-bb5e486bb6bf,account,5304317f-af42-412f-b838-b3268e944239,2024-10-21T08:23:00Z,2024-12-20,38400854000,4,2024-12-18T12:28:00Z,2,100001,7f5b6f7e-1c2d-4a4e-9a51-3a3f1d3c0a01
60ddce35-ff05-4310-8d02-5c75e4c61fa4,INV-000430,604695bb-b464-4c91-895f-90ccb352de5a,93925cee-f310-471c-a0cf-e6262d735f6c,c6435300-68a5-4c68-a32d-bb5e486bb6bf,account,5304317f-af42-412f-b838-b3268e944239,2024-12-23T12:34:00Z,2025-02-21,14789001000,4,2025-03-09T09:28:00Z,2,100001,7f5b6f7e-1c2d-4a4e-9a51-3a3f1d3c0a01
04502eb5-1781-4bd5-9ed5-d0b106d6c1a0,INV-000431,67ecadd9-e6d4-415d-9576-5f2ab211be4f,76f4d0f5-785e-4505-96c1-a4ba7fda3cf7,c6435300-68a5-4c68-a32d-bb5e486bb6bf,account,5304317f-af42-412f-b838-b3268e944239,2025-10-06T08:07:00Z,2025-12-05,8600186000,4,2025-12-03T05:23:00Z,2,100001,7f5b6f7e-1c2d-4a4e-9a51-3a3f1d3c0a01
344c869a-be6c-45f7-858e-eba59df7d6d9,INV-000432,c7414763-7348-4b47-89fb-cfd6c6abccbd,cd2ec7ba-3c46-4d4a-82dd-925ce7337da7,c6435300-68a5-4c68-a32d-bb5e486bb6bf,account,5304317f-af42-412f-b838-b3268e944239,2025-11-02T13:19:00Z,2026-01-01,24934590000,4,2026-01-08T12:15:00Z,2,100001,7f5b6f7e-1c2d-4a4e-9a51-3a3f1d3c0a01
40dad065-c22a-4828-9a52-5796c13818dd,INV-000433,4f6163df-e090-4762-8b93-5b6c79e26160,e32b7839-58bf-4169-b41a-00e612093299,c6435300-68a5-4c68-a32d-bb5e486bb6bf,account,5304317f-af42-412f-b838-b3268e944239,2025-11-11T13:02:00Z,2026-01-10,21152794000,4,2026-02-07T11:25:00Z,2,100001,7f5b6f7e-1c2d-4a4e-9a51-3a3f1d3c0a01
482dfaec-6db0-4a60-9a9f-62a45d39d43c,INV-000434,18b1ca76-1ce0-4991-a0be-4aa22fba326c,faf7e81e-373a-468c-97f2-3c1d25a0e12b,c6435300-68a5-4c68-a32d-bb5e486bb6bf,account,5304317f-af42-412f-b838-b3268e944239,2025-12-08T10:17:00Z,2026-02-06,43941992000,4,2026-02-07T13:04:00Z,2,100001,7f5b6f7e-1c2d-4a4e-9a51-3a3f1d3c0a01
f393e366-94b8-4c57-89fa-833eac39b483,INV-000435,f5414322-65a8-473e-ac55-9e578371106a,bfb63623-73bf-4651-8a28-b2a88024b48d,c6435300-68a5-4c68-a32d-bb5e486bb6bf,account,5304317f-af42-412f-b838-b3268e944239,2026-02-18T11:27:00Z,2026-04-19,14014708000,4,2026-04-25T05:48:00Z,2,100001,7f5b6f7e-1c2d-4a4e-9a51-3a3f1d3c0a01
4e0b08b1-bfbd-4ee1-bd6d-0defcb774ef2,INV-000436,961e867a-5742-4255-94ad-f8b8cb5273b8,fc6f6180-130f-4e88-8f87-c9a104f845f2,c6435300-68a5-4c68-a32d-bb5e486bb6bf,account,5304317f-af42-412f-b838-b3268e944239,2026-03-29T10:41:00Z,2026-05-28,38128696000,4,2026-06-17T08:09:00Z,2,100001,7f5b6f7e-1c2d-4a4e-9a51-3a3f1d3c0a01
3c8d76a3-d140-431d-9fcb-a8d05db64195,INV-000437,0e8e5f81-fa7a-44f6-8a10-484dd0da6390,3a35ebfc-3376-4c2e-a931-672c0bf41f33,c6435300-68a5-4c68-a32d-bb5e486bb6bf,account,5304317f-af42-412f-b838-b3268e944239,2026-06-24T08:14:00Z,2026-08-23,26996824000,4,,0,4,7f5b6f7e-1c2d-4a4e-9a51-3a3f1d3c0a01
7985f5b2-279e-42db-bef3-31a6a2c5de9b,INV-000438,4e973027-7a5f-44cf-9777-3478a3235c31,03e0cda7-56d9-47f3-a25c-7850f6e6c566,0d67d38e-990f-4c5b-adcc-3daf569f3ab3,account,366eb16f-508e-4ad7-b7c9-3acfe059a0ee,2025-11-10T08:56:00Z,2026-01-09,13633539000,4,2026-01-18T13:20:00Z,2,100001,7f5b6f7e-1c2d-4a4e-9a51-3a3f1d3c0a01
764da66d-c597-4067-b068-7626333f2b40,INV-000439,454afde3-0251-4db4-b810-453b7471a091,d043acfb-2778-47eb-b27d-622434114933,0d67d38e-990f-4c5b-adcc-3daf569f3ab3,account,366eb16f-508e-4ad7-b7c9-3acfe059a0ee,2025-12-13T11:41:00Z,2026-02-11,13183819000,4,2026-02-08T05:29:00Z,2,100001,7f5b6f7e-1c2d-4a4e-9a51-3a3f1d3c0a01
0de212d2-2520-4ee8-8981-c91a6b16a5c6,INV-000440,7b104383-ef01-4574-997b-8c848b4177cb,ff80d07c-401e-4016-a1ad-d66aefb9c10d,0d67d38e-990f-4c5b-adcc-3daf569f3ab3,account,366eb16f-508e-4ad7-b7c9-3acfe059a0ee,2026-04-25T08:29:00Z,2026-06-24,10513548000,4,2026-06-21T06:05:00Z,2,100001,7f5b6f7e-1c2d-4a4e-9a51-3a3f1d3c0a01
4b6ab36f-f764-4d2c-a57d-74614698f6cd,INV-000441,fe9e9f06-36ef-49da-af2d-93e27075f7f6,594e18c1-f852-4198-97e6-c03226d50269,55ab946d-a5b5-4dc2-a181-c85eca0ac6ac,account,beb79919-3f22-4af8-a3be-d01d43cf2fde,2024-11-25T06:56:00Z,2024-12-25,77668392000,1,2024-12-28T12:57:00Z,2,100001,7f5b6f7e-1c2d-4a4e-9a51-3a3f1d3c0a01
65e6ba93-078a-4f9f-8e82-379c4d66a1ce,INV-000442,24ed3b2f-d5cc-412f-b35e-ced4bebd0633,83754671-3401-4c36-87c2-e7b88c4837f2,55ab946d-a5b5-4dc2-a181-c85eca0ac6ac,account,beb79919-3f22-4af8-a3be-d01d43cf2fde,2025-05-10T09:45:00Z,2025-06-09,32623434000,1,2025-06-12T12:45:00Z,2,100001,7f5b6f7e-1c2d-4a4e-9a51-3a3f1d3c0a01
4c0f8059-eac9-447f-8844-f9d422ab9cd8,INV-000443,08052792-50f9-434a-8742-0da3dd0f2e32,2a9ba6f8-0610-44a2-a31c-b94ca112b8bd,55ab946d-a5b5-4dc2-a181-c85eca0ac6ac,account,beb79919-3f22-4af8-a3be-d01d43cf2fde,2025-08-26T06:11:00Z,2025-09-25,95623192000,1,2025-09-24T12:59:00Z,2,100001,7f5b6f7e-1c2d-4a4e-9a51-3a3f1d3c0a01
99918091-750f-4f7c-b80e-a75a47bbf2f8,INV-000444,1dfe3bd6-f6e8-40b1-80f3-5f02b3ea0e84,576dd4fc-5629-46c4-add7-1491549b5371,55ab946d-a5b5-4dc2-a181-c85eca0ac6ac,account,beb79919-3f22-4af8-a3be-d01d43cf2fde,2026-05-16T09:41:00Z,2026-06-15,29674743000,1,2026-06-20T11:50:00Z,2,100001,7f5b6f7e-1c2d-4a4e-9a51-3a3f1d3c0a01
9a7dd3b2-a4f4-41a0-9de0-70c877da4155,INV-000445,21aef157-a038-4ed0-83d0-ff827725b92f,5f7ad5cb-e490-4ae0-a146-537181dbec5f,8ed6ad5e-1831-4aa3-9466-9d1910df9974,account,ce177b4e-0837-48a3-9261-a7ab3aa2e4f9,2024-08-15T04:45:00Z,2024-08-15,51376553000,100000000,2024-08-14T04:45:00Z,2,100001,7f5b6f7e-1c2d-4a4e-9a51-3a3f1d3c0a01
0dce43b8-e821-4b93-a840-ec487dc70fd9,INV-000446,0660ccbd-75be-4360-916d-7b12d3cb72d9,31a026b3-2c78-4c8e-8b76-b851df13d9c3,8ed6ad5e-1831-4aa3-9466-9d1910df9974,account,ce177b4e-0837-48a3-9261-a7ab3aa2e4f9,2024-07-27T08:39:00Z,2024-07-27,24151231000,100000000,2024-07-25T08:39:00Z,2,100001,7f5b6f7e-1c2d-4a4e-9a51-3a3f1d3c0a01
48b6212d-04fa-4ea3-be5e-dc7452faf1e0,INV-000447,6307d0bc-db8d-4ab1-be45-785cfe65b87b,2200ec36-ef1f-4c50-a71f-da2057d02d97,8ed6ad5e-1831-4aa3-9466-9d1910df9974,account,ce177b4e-0837-48a3-9261-a7ab3aa2e4f9,2024-08-20T10:37:00Z,2024-08-20,42984660000,100000000,2024-08-18T10:37:00Z,2,100001,7f5b6f7e-1c2d-4a4e-9a51-3a3f1d3c0a01
ededcc91-c86d-4945-897f-50f87206b4b3,INV-000448,8b83df92-aaf3-4999-ad23-f1cf0278ffdf,5e303039-8433-4ef8-9aff-0b781dd37dc5,8ed6ad5e-1831-4aa3-9466-9d1910df9974,account,ce177b4e-0837-48a3-9261-a7ab3aa2e4f9,2024-09-16T10:28:00Z,2024-09-16,29758126000,100000000,2024-09-16T10:28:00Z,2,100001,7f5b6f7e-1c2d-4a4e-9a51-3a3f1d3c0a01
a4bb4c6f-dd6b-45fd-90d7-6bb9b4d92efc,INV-000449,558673a3-c9f1-40d7-b8f0-f5243caa404a,fff8ed26-3c9e-45af-af5c-30a56aa4d235,8ed6ad5e-1831-4aa3-9466-9d1910df9974,account,ce177b4e-0837-48a3-9261-a7ab3aa2e4f9,2024-11-17T05:56:00Z,2024-11-17,46872988000,100000000,2024-11-16T05:56:00Z,2,100001,7f5b6f7e-1c2d-4a4e-9a51-3a3f1d3c0a01
39b76017-1a52-43b9-8348-254846a91c13,INV-000450,b45c6169-4cad-49bd-b688-b0df3bbd390f,deb2674c-0bda-42d3-894d-0d5da02b3a90,8ed6ad5e-1831-4aa3-9466-9d1910df9974,account,ce177b4e-0837-48a3-9261-a7ab3aa2e4f9,2025-02-01T09:58:00Z,2025-02-01,31693498000,100000000,2025-01-31T09:58:00Z,2,100001,7f5b6f7e-1c2d-4a4e-9a51-3a3f1d3c0a01
f3e11b15-1208-4ea2-9c39-44f592aeec42,INV-000451,778238d0-48e2-4fdf-98f1-c89979528997,2a4bbbb4-dfc5-4250-a98a-76d1395fe618,8ed6ad5e-1831-4aa3-9466-9d1910df9974,account,ce177b4e-0837-48a3-9261-a7ab3aa2e4f9,2025-02-13T04:42:00Z,2025-02-13,57139321000,100000000,2025-02-11T04:42:00Z,2,100001,7f5b6f7e-1c2d-4a4e-9a51-3a3f1d3c0a01
f516c9a7-09b7-48ff-8420-9eebcf069c6e,INV-000452,f3a727b5-beb7-4626-bd75-e94602761cf8,d3914267-08ff-40a7-a69c-2864f8c27452,8ed6ad5e-1831-4aa3-9466-9d1910df9974,account,ce177b4e-0837-48a3-9261-a7ab3aa2e4f9,2025-05-08T10:54:00Z,2025-05-08,24046304000,100000000,2025-05-07T10:54:00Z,2,100001,7f5b6f7e-1c2d-4a4e-9a51-3a3f1d3c0a01
6c7f31ac-1126-488f-bf97-338f98fc2b53,INV-000453,0e8f67ab-0871-4a97-9827-aac09620be6b,2e68bce4-86f2-4413-9802-ac31a5ebef9a,8ed6ad5e-1831-4aa3-9466-9d1910df9974,account,ce177b4e-0837-48a3-9261-a7ab3aa2e4f9,2026-03-07T07:42:00Z,2026-03-07,34129769000,100000000,2026-03-06T07:42:00Z,2,100001,7f5b6f7e-1c2d-4a4e-9a51-3a3f1d3c0a01
86f07157-6d49-430b-90b0-2ede84792d45,INV-000454,9f3e7d40-54d8-46d8-bb49-71f22eb79d41,2fefad08-dc0d-4f4c-976e-46ee68ded8b8,8ed6ad5e-1831-4aa3-9466-9d1910df9974,account,ce177b4e-0837-48a3-9261-a7ab3aa2e4f9,2026-03-25T11:49:00Z,2026-03-25,120443265000,100000000,2026-03-22T11:49:00Z,2,100001,7f5b6f7e-1c2d-4a4e-9a51-3a3f1d3c0a01
95817d28-cd5e-4d0e-accf-09c0fcb43e26,INV-000455,c5114965-3e22-4af5-afb2-c31ab54c6d26,dae691c9-219f-410c-ab89-8765c98601e1,8ed6ad5e-1831-4aa3-9466-9d1910df9974,account,ce177b4e-0837-48a3-9261-a7ab3aa2e4f9,2026-04-18T12:13:00Z,2026-04-18,36983973000,100000000,2026-04-17T12:13:00Z,2,100001,7f5b6f7e-1c2d-4a4e-9a51-3a3f1d3c0a01
9c2a5666-e145-4706-bad8-94cea9323bb8,INV-000456,4dc94cf9-1a8a-4dc8-a1dc-0acf748e9dd7,913e93a6-e03d-488d-b573-cc53e845e18d,8ed6ad5e-1831-4aa3-9466-9d1910df9974,account,ce177b4e-0837-48a3-9261-a7ab3aa2e4f9,2026-04-12T05:27:00Z,2026-04-12,42824016000,100000000,2026-04-09T05:27:00Z,2,100001,7f5b6f7e-1c2d-4a4e-9a51-3a3f1d3c0a01
5722f62d-17f4-4222-b58f-498ba5a02dbc,INV-000457,bcafdb1d-884e-48a6-8d1b-c018e7a08fed,44328b3e-2b27-42f2-bd52-4c80edb17c6a,4082cbb9-48bd-4b3e-a2f5-df2badaa44ca,account,0e51f30d-c6a7-4e39-84b0-32ccd7c524a5,2024-09-07T04:57:00Z,2024-09-07,11354039000,100000000,2024-09-05T04:57:00Z,2,100001,7f5b6f7e-1c2d-4a4e-9a51-3a3f1d3c0a01
23b3efb4-4722-4083-8375-8381138fb803,INV-000458,db5af2c9-4da8-47f3-82ea-7fd6617ca04e,b75e87be-5f65-47c3-9753-8a683005b62b,4082cbb9-48bd-4b3e-a2f5-df2badaa44ca,account,0e51f30d-c6a7-4e39-84b0-32ccd7c524a5,2024-10-19T10:54:00Z,2024-10-19,13000283000,100000000,2024-10-18T10:54:00Z,2,100001,7f5b6f7e-1c2d-4a4e-9a51-3a3f1d3c0a01
4aa6ce1b-d453-477a-9464-571d9a066c3c,INV-000459,766004ac-547e-4c79-9fef-7a21f355a611,a449fc66-5d2c-45a3-90eb-43427a115579,4082cbb9-48bd-4b3e-a2f5-df2badaa44ca,account,0e51f30d-c6a7-4e39-84b0-32ccd7c524a5,2025-02-23T06:48:00Z,2025-02-23,9395015000,100000000,2025-02-21T06:48:00Z,2,100001,7f5b6f7e-1c2d-4a4e-9a51-3a3f1d3c0a01
a4defb67-6f53-4f09-b21f-75c4e0cdb028,INV-000460,f2be85a6-9006-424e-ab58-b12a03d473ce,577207d3-21d1-4280-8c92-78189636ddcd,4082cbb9-48bd-4b3e-a2f5-df2badaa44ca,account,0e51f30d-c6a7-4e39-84b0-32ccd7c524a5,2025-02-16T09:07:00Z,2025-02-16,30813251000,100000000,2025-02-16T09:07:00Z,2,100001,7f5b6f7e-1c2d-4a4e-9a51-3a3f1d3c0a01
a20a58b2-972e-467f-af61-4cab8d4652e5,INV-000461,5149032d-5be0-475f-9536-411bf1b36d84,ba276ffa-2238-4b30-945c-42436139b45e,4082cbb9-48bd-4b3e-a2f5-df2badaa44ca,account,0e51f30d-c6a7-4e39-84b0-32ccd7c524a5,2025-09-21T08:36:00Z,2025-09-21,41969008000,100000000,2025-09-19T08:36:00Z,2,100001,7f5b6f7e-1c2d-4a4e-9a51-3a3f1d3c0a01
671ea1f8-5fbd-473b-a2e9-0a6678ab49ef,INV-000462,a7f4b74e-3341-4542-b786-f342d12cdb8f,c31e9d6c-ba8e-4f89-8420-b7d014ae1246,4082cbb9-48bd-4b3e-a2f5-df2badaa44ca,account,0e51f30d-c6a7-4e39-84b0-32ccd7c524a5,2025-08-13T07:47:00Z,2025-08-13,33792636000,100000000,2025-08-11T07:47:00Z,2,100001,7f5b6f7e-1c2d-4a4e-9a51-3a3f1d3c0a01
e715dee1-ea8f-4070-9861-77969ab4c2cb,INV-000463,b29f8d78-1c9d-47fd-889a-f6a6732e4e6b,c58e64cb-5a59-456e-a20c-ded49669abdc,4082cbb9-48bd-4b3e-a2f5-df2badaa44ca,account,0e51f30d-c6a7-4e39-84b0-32ccd7c524a5,2025-08-28T09:40:00Z,2025-08-28,12946332000,100000000,2025-08-26T09:40:00Z,2,100001,7f5b6f7e-1c2d-4a4e-9a51-3a3f1d3c0a01
445e2a08-300c-4d70-99f2-0e80cb2fd249,INV-000464,ac6c507e-35f8-4fb3-a8e4-4eb4ecb0f051,bd183698-94ab-420c-b591-c5e0d0bc3ca7,4082cbb9-48bd-4b3e-a2f5-df2badaa44ca,account,0e51f30d-c6a7-4e39-84b0-32ccd7c524a5,2025-11-25T09:53:00Z,2025-11-25,27772801000,100000000,2025-11-23T09:53:00Z,2,100001,7f5b6f7e-1c2d-4a4e-9a51-3a3f1d3c0a01
43faa260-25a8-42a9-91bc-cc715b705f3d,INV-000465,0c9ef221-83fe-4441-a4d6-1d07901c3234,82e19379-fd4c-42a8-9cfe-632597c1fe39,f6e39356-a814-4562-9a00-3f16b9469bcf,account,366eb16f-508e-4ad7-b7c9-3acfe059a0ee,2024-09-14T06:47:00Z,2024-10-14,19780254000,1,2024-10-12T09:16:00Z,2,100001,7f5b6f7e-1c2d-4a4e-9a51-3a3f1d3c0a01
c5c0cef8-8127-49bf-a9ca-a38a2eb9c72a,INV-000466,330739d1-7851-463b-afb7-6a22a570a559,5c497c48-fdef-4fff-8ff0-fd31842b13ce,f6e39356-a814-4562-9a00-3f16b9469bcf,account,366eb16f-508e-4ad7-b7c9-3acfe059a0ee,2024-12-08T06:32:00Z,2025-01-07,6838831000,1,2025-01-08T12:36:00Z,2,100001,7f5b6f7e-1c2d-4a4e-9a51-3a3f1d3c0a01
d3ca9371-f896-42fe-90f3-6cff7adf6634,INV-000467,05ee605f-9a39-4a07-aee2-1757da484b98,125f283e-629b-47bd-bdfa-6199d93b7175,f6e39356-a814-4562-9a00-3f16b9469bcf,account,366eb16f-508e-4ad7-b7c9-3acfe059a0ee,2025-07-07T06:15:00Z,2025-08-06,18370469000,1,2025-08-05T11:44:00Z,2,100001,7f5b6f7e-1c2d-4a4e-9a51-3a3f1d3c0a01
6152d7b1-a63b-453d-98ea-6265b6f26ca7,INV-000468,f7db6296-0c4d-4303-b06a-3a8227f84d37,8814892e-7eb2-41e9-9203-1bbcece16f93,f6e39356-a814-4562-9a00-3f16b9469bcf,account,366eb16f-508e-4ad7-b7c9-3acfe059a0ee,2025-07-12T07:09:00Z,2025-08-11,8249703000,1,2025-08-10T08:25:00Z,2,100001,7f5b6f7e-1c2d-4a4e-9a51-3a3f1d3c0a01
9a074882-72b2-4e04-86e4-52ffdd40ff1c,INV-000469,65840979-863b-4072-8798-0967c9b56d05,c0fd11cc-6b6c-43f9-83e7-56c7234f6521,267eddce-df8f-4197-9a4a-99b2e806133c,account,10f1bc81-448a-4a9e-a6b2-bc5b50c187fc,2025-09-22T07:58:00Z,2025-12-21,49849257000,100000001,2026-01-19T10:24:00Z,2,100001,7f5b6f7e-1c2d-4a4e-9a51-3a3f1d3c0a01
a517c74a-adcd-42c8-9b8c-6e030e41a2cc,INV-000470,b1581c35-12a4-483d-a67d-380cdc5c3dff,ff3f1e3d-58d6-440b-9bf9-badd45818258,a9e27ba9-952e-4abb-94dd-5061555736f8,account,24933b83-7577-40a9-a491-f0b2ea1fca65,2024-08-17T11:03:00Z,2024-08-17,44864250000,100000000,2024-08-14T11:03:00Z,2,100001,7f5b6f7e-1c2d-4a4e-9a51-3a3f1d3c0a01
892ce6de-d455-41f4-9f14-377bcbc44b7d,INV-000471,a21821a9-7c1f-460d-a9d8-ec8a15c64241,7c415774-34c3-434b-8f7a-e27f28314f3d,a9e27ba9-952e-4abb-94dd-5061555736f8,account,24933b83-7577-40a9-a491-f0b2ea1fca65,2024-09-21T05:18:00Z,2024-09-21,28153466000,100000000,2024-09-21T05:18:00Z,2,100001,7f5b6f7e-1c2d-4a4e-9a51-3a3f1d3c0a01
24b36d64-7262-4d56-82be-7c21aa423ee8,INV-000472,d9878e7f-1e86-4917-88f3-1d4e19c89532,572206cd-4968-4a08-b3a4-75e4e5e00cfd,a9e27ba9-952e-4abb-94dd-5061555736f8,account,24933b83-7577-40a9-a491-f0b2ea1fca65,2024-11-12T04:48:00Z,2024-11-12,18575258000,100000000,2024-11-12T04:48:00Z,2,100001,7f5b6f7e-1c2d-4a4e-9a51-3a3f1d3c0a01
c8e54270-a57c-4231-967b-2982d03ce3a3,INV-000473,8385d0d4-1e88-4c10-9b1a-ccc1d28859dd,aa41f10e-e9e1-4c87-a2b2-fdf63195279d,a9e27ba9-952e-4abb-94dd-5061555736f8,account,24933b83-7577-40a9-a491-f0b2ea1fca65,2025-10-15T09:07:00Z,2025-10-15,39934378000,100000000,2025-10-12T09:07:00Z,2,100001,7f5b6f7e-1c2d-4a4e-9a51-3a3f1d3c0a01
d2135ef9-7c4d-4d25-ac42-4aa656eccb07,INV-000474,f828720d-96d7-4bbb-a82a-f7e614b51035,ebfed67f-2af7-4682-9946-375fa203d76a,a9e27ba9-952e-4abb-94dd-5061555736f8,account,24933b83-7577-40a9-a491-f0b2ea1fca65,2025-12-25T09:45:00Z,2025-12-25,33951644000,100000000,2025-12-22T09:45:00Z,2,100001,7f5b6f7e-1c2d-4a4e-9a51-3a3f1d3c0a01
f86fc3c6-e092-457d-8021-447f90776820,INV-000475,b1799af4-3424-46b2-a20c-aab4245101a4,6d99463b-f645-4168-a2df-5745f96aff9b,a9e27ba9-952e-4abb-94dd-5061555736f8,account,24933b83-7577-40a9-a491-f0b2ea1fca65,2026-05-19T09:40:00Z,2026-05-19,71215995000,100000000,2026-05-19T09:40:00Z,2,100001,7f5b6f7e-1c2d-4a4e-9a51-3a3f1d3c0a01
e46f21ad-5950-47e5-ab38-2f3cb37d6a6d,INV-000476,3c993a28-9adf-462e-809e-8b4541109779,804818bf-3676-4a1c-95ab-1edb24adbd28,4f6b58c8-598d-4aec-aaaf-e5432434a678,account,5304317f-af42-412f-b838-b3268e944239,2024-08-21T07:02:00Z,2024-08-21,34692459000,100000000,2024-08-20T07:02:00Z,2,100001,7f5b6f7e-1c2d-4a4e-9a51-3a3f1d3c0a01
ed865065-3e68-463b-aa2c-110aa7281339,INV-000477,ba624b55-2f5e-4ab9-8c59-23c0e166d792,ce3b2247-fbd9-4ffc-b63c-bb055a69008e,4f6b58c8-598d-4aec-aaaf-e5432434a678,account,5304317f-af42-412f-b838-b3268e944239,2025-03-18T09:45:00Z,2025-03-18,39420843000,100000000,2025-03-17T09:45:00Z,2,100001,7f5b6f7e-1c2d-4a4e-9a51-3a3f1d3c0a01
564bbcd0-bc18-4113-8add-507522e4d34c,INV-000478,55d39708-376d-421e-888e-7fbd12edcf33,004cfb86-9b7f-4991-a47a-9c1f606c9d9d,4f6b58c8-598d-4aec-aaaf-e5432434a678,account,5304317f-af42-412f-b838-b3268e944239,2025-06-16T05:30:00Z,2025-06-16,26836625000,100000000,2025-06-14T05:30:00Z,2,100001,7f5b6f7e-1c2d-4a4e-9a51-3a3f1d3c0a01
de169458-4dc4-4f5b-b5d7-7dd324db8a35,INV-000479,eefe4355-64c1-4c18-aa26-89d147b166ba,c833c827-b412-461d-acd3-b039519965fe,4f6b58c8-598d-4aec-aaaf-e5432434a678,account,5304317f-af42-412f-b838-b3268e944239,2025-07-26T05:27:00Z,2025-07-26,20616962000,100000000,2025-07-25T05:27:00Z,2,100001,7f5b6f7e-1c2d-4a4e-9a51-3a3f1d3c0a01
26afa057-95a3-4273-95b0-cff97e32ff7f,INV-000480,441bc72d-2260-4ff4-841b-f0496ae97091,8543e218-994e-48d9-a31a-5cfb903d7aa3,a981b098-b2cf-452d-a7f3-33b3f7baf55e,account,e27a984d-6548-41d0-bfcd-9eb1a7cad415,2025-01-30T05:54:00Z,2025-03-01,3395247000,1,2025-03-08T10:46:00Z,2,100001,7f5b6f7e-1c2d-4a4e-9a51-3a3f1d3c0a01
c35e1aae-2591-478c-9af4-815f65658cb6,INV-000481,ea045a96-fbdd-4f2f-86bb-3b6c5fea4b06,d375c1c2-232d-40c1-963b-935acf6fab81,a981b098-b2cf-452d-a7f3-33b3f7baf55e,account,e27a984d-6548-41d0-bfcd-9eb1a7cad415,2025-04-16T05:12:00Z,2025-05-16,6232764000,1,2025-05-17T10:18:00Z,2,100001,7f5b6f7e-1c2d-4a4e-9a51-3a3f1d3c0a01
a7b853d3-8aea-4862-9a30-c41614be4e66,INV-000482,bf12eed9-595d-4bea-944e-e0153d5cacc6,ca5da78c-1d78-4200-9570-7f54b314a3f3,a981b098-b2cf-452d-a7f3-33b3f7baf55e,account,e27a984d-6548-41d0-bfcd-9eb1a7cad415,2025-08-18T06:36:00Z,2025-09-17,55586549000,1,2025-09-18T05:22:00Z,2,100001,7f5b6f7e-1c2d-4a4e-9a51-3a3f1d3c0a01
6d1c0256-5881-4425-9fc1-afcb8177e256,INV-000483,6f3ffa05-a1fb-44aa-b546-8dd40ac9e5df,7b3a678a-40e9-4823-82de-f8079df7a498,a981b098-b2cf-452d-a7f3-33b3f7baf55e,account,e27a984d-6548-41d0-bfcd-9eb1a7cad415,2026-05-27T12:55:00Z,2026-06-26,32836725000,1,2026-06-25T06:44:00Z,2,100001,7f5b6f7e-1c2d-4a4e-9a51-3a3f1d3c0a01
970eac3f-566f-48bd-8724-ec3d3f8a40f3,INV-000484,454caef8-696b-47af-b780-d5bfb0cc2f6a,273d64c4-089d-467f-bed0-cf9c39b45d39,b576255e-9854-4f22-a102-f9c964575bc4,account,e27a984d-6548-41d0-bfcd-9eb1a7cad415,2024-11-06T08:27:00Z,2024-12-06,31228660000,1,2024-12-22T06:20:00Z,2,100001,7f5b6f7e-1c2d-4a4e-9a51-3a3f1d3c0a01
4683145a-7644-4415-938a-c7df459e7d82,INV-000485,6d065e29-1720-4f66-9e3b-5717bf26cf66,267067ad-a6f2-4ba3-8e01-c9c0ea5df4d9,b576255e-9854-4f22-a102-f9c964575bc4,account,e27a984d-6548-41d0-bfcd-9eb1a7cad415,2026-01-05T04:40:00Z,2026-02-04,71401572000,1,2026-04-21T10:02:00Z,2,100001,7f5b6f7e-1c2d-4a4e-9a51-3a3f1d3c0a01
702e4a78-8fc2-4638-99c4-57441ace444f,INV-000486,d4063329-8bc9-4f2f-9b44-b1bdd72a51df,9ed68fe8-9af4-463f-8bb0-4b5e87c4f67b,b576255e-9854-4f22-a102-f9c964575bc4,account,e27a984d-6548-41d0-bfcd-9eb1a7cad415,2026-02-07T10:00:00Z,2026-03-09,60363245000,1,2026-03-08T05:18:00Z,2,100001,7f5b6f7e-1c2d-4a4e-9a51-3a3f1d3c0a01
21d0e438-cdd5-4599-8b74-474b97313ae0,INV-000487,8f8ae861-8668-4afc-a07e-3c20d2384af9,3fa2d88f-6d19-45dd-95ea-aec994311fa6,b576255e-9854-4f22-a102-f9c964575bc4,account,e27a984d-6548-41d0-bfcd-9eb1a7cad415,2026-05-13T07:18:00Z,2026-06-12,64659048000,1,2026-06-10T11:04:00Z,2,100001,7f5b6f7e-1c2d-4a4e-9a51-3a3f1d3c0a01
7946c90a-7769-4227-ae37-41567f1b8024,INV-000488,8318051f-e384-4d02-bee1-b2bc0ff106ba,ae151bb5-2cd5-4773-9246-8e2af0e7a222,8f158449-4f40-422f-95b0-2530f020e992,account,e27a984d-6548-41d0-bfcd-9eb1a7cad415,2024-07-29T11:59:00Z,2024-09-27,16445525000,4,2024-11-02T11:29:00Z,2,100001,7f5b6f7e-1c2d-4a4e-9a51-3a3f1d3c0a01
decf14fe-56a4-4daa-81fe-56ac9700aef5,INV-000489,6d75abeb-790e-4d36-b1f1-f685e5774b6c,a95bc5e2-5f53-4d6a-9b4f-fe1b086dd9b1,8f158449-4f40-422f-95b0-2530f020e992,account,e27a984d-6548-41d0-bfcd-9eb1a7cad415,2024-07-20T07:28:00Z,2024-09-18,15288548000,4,2024-09-17T12:14:00Z,2,100001,7f5b6f7e-1c2d-4a4e-9a51-3a3f1d3c0a01
46615c82-191a-40a1-91f6-f95274962a87,INV-000490,55979c0a-405a-418d-993d-d4945c65ffec,447b8d69-334a-440b-99ed-3607e7f66b2e,8f158449-4f40-422f-95b0-2530f020e992,account,e27a984d-6548-41d0-bfcd-9eb1a7cad415,2024-07-20T10:47:00Z,2024-09-18,17304560000,4,2024-09-23T10:51:00Z,2,100001,7f5b6f7e-1c2d-4a4e-9a51-3a3f1d3c0a01
85288173-4ef0-407f-84cc-42aa247c9d40,INV-000491,5beff8da-41ec-4398-9287-9b7e2238e094,fe15f10c-acfa-4015-b95a-f453b11ddc42,8f158449-4f40-422f-95b0-2530f020e992,account,e27a984d-6548-41d0-bfcd-9eb1a7cad415,2024-08-31T12:09:00Z,2024-10-30,9613245000,4,2024-11-11T06:12:00Z,2,100001,7f5b6f7e-1c2d-4a4e-9a51-3a3f1d3c0a01
48c1a86b-3fcb-4662-a25c-c6e778ebdf30,INV-000492,964c5411-e8b7-4cf5-a975-6162a41f4c10,415a1d46-9e25-4b40-adc2-4482360c99e2,8f158449-4f40-422f-95b0-2530f020e992,account,e27a984d-6548-41d0-bfcd-9eb1a7cad415,2024-08-12T12:49:00Z,2024-10-11,21675867000,4,2024-10-20T05:29:00Z,2,100001,7f5b6f7e-1c2d-4a4e-9a51-3a3f1d3c0a01
f92a4b01-fdc3-480c-998d-e9d6104ec94f,INV-000493,a31783e4-9170-4608-9eb2-8846bec061b9,ff1bdf3c-3b91-4214-acb0-7e392250bb68,8f158449-4f40-422f-95b0-2530f020e992,account,e27a984d-6548-41d0-bfcd-9eb1a7cad415,2025-06-04T07:21:00Z,2025-08-03,29053530000,4,2025-08-05T07:59:00Z,2,100001,7f5b6f7e-1c2d-4a4e-9a51-3a3f1d3c0a01
93baaff4-e60d-4edd-9be0-4f826896c5ed,INV-000494,51d80f9b-30c9-40c5-a80c-ade08ad978da,e099bd23-004d-4c0b-bf5f-6f6681b70630,8f158449-4f40-422f-95b0-2530f020e992,account,e27a984d-6548-41d0-bfcd-9eb1a7cad415,2025-09-18T06:26:00Z,2025-11-17,20767698000,4,2025-12-16T10:20:00Z,2,100001,7f5b6f7e-1c2d-4a4e-9a51-3a3f1d3c0a01
346df1ba-7eb5-4451-a680-0c4c13fa88bc,INV-000495,409da889-201c-4fb8-acad-29cdeea5fe54,778f6194-2f51-456f-996c-fdfe23309c6b,54170a17-caaa-4bbe-a4bb-f962606e0e1c,account,b02b61c4-a3d7-4628-ace6-6fa2fd5166e6,2024-10-01T06:52:00Z,2024-11-30,13751777000,4,2024-12-02T08:53:00Z,2,100001,7f5b6f7e-1c2d-4a4e-9a51-3a3f1d3c0a01
adc68087-cbd5-4f46-8608-5df8513c7939,INV-000496,039538d1-b73f-411c-ba58-8c6ccd97dbbb,5650e485-9142-494e-b0fe-4912baed6139,54170a17-caaa-4bbe-a4bb-f962606e0e1c,account,b02b61c4-a3d7-4628-ace6-6fa2fd5166e6,2025-03-04T07:03:00Z,2025-05-03,10592771000,4,2025-07-05T10:38:00Z,2,100001,7f5b6f7e-1c2d-4a4e-9a51-3a3f1d3c0a01
a79a159a-4139-4bfc-b5f7-9d59542a186c,INV-000497,5229a5ab-55c6-43c0-9b8c-6dd85bdf7840,e7d2ca1e-a0cc-4bb0-9d4e-17ec948c7183,54170a17-caaa-4bbe-a4bb-f962606e0e1c,account,b02b61c4-a3d7-4628-ace6-6fa2fd5166e6,2025-03-06T09:24:00Z,2025-05-05,54056685000,4,2025-05-15T08:04:00Z,2,100001,7f5b6f7e-1c2d-4a4e-9a51-3a3f1d3c0a01
b61072f8-def6-455a-bfa4-777d0b30ed86,INV-000498,47e4cc36-b014-495f-aff8-808a966e49fd,d8c06b4d-7466-461b-9f25-f6b4b6612bf9,54170a17-caaa-4bbe-a4bb-f962606e0e1c,account,b02b61c4-a3d7-4628-ace6-6fa2fd5166e6,2025-03-10T06:45:00Z,2025-05-09,19757332000,4,2025-05-17T09:57:00Z,2,100001,7f5b6f7e-1c2d-4a4e-9a51-3a3f1d3c0a01
64cd5bdc-964b-4799-8e74-c873849c7698,INV-000499,8f669e7a-51fc-45dc-a6ed-306985a7f513,49c651ad-8321-48f2-b760-3ca1c238641b,54170a17-caaa-4bbe-a4bb-f962606e0e1c,account,b02b61c4-a3d7-4628-ace6-6fa2fd5166e6,2025-04-12T10:39:00Z,2025-06-11,4289883000,4,2025-06-28T05:07:00Z,2,100001,7f5b6f7e-1c2d-4a4e-9a51-3a3f1d3c0a01
c4b8b825-e647-4b2a-b2a3-a44b0587ab2b,INV-000500,2bff1852-6347-4ef7-8700-8faf12f8317b,03ccda5b-d840-48b7-8c38-b4240e2888ab,54170a17-caaa-4bbe-a4bb-f962606e0e1c,account,b02b61c4-a3d7-4628-ace6-6fa2fd5166e6,2025-06-09T12:03:00Z,2025-08-08,15137795000,4,2025-08-06T05:55:00Z,2,100001,7f5b6f7e-1c2d-4a4e-9a51-3a3f1d3c0a01
15c376cf-d584-4cb6-a33e-1761c44c2a91,INV-000501,b4af9db7-4246-4122-ae4e-2fce8de1421a,8171d0ad-b6d2-4888-97ca-822918633b32,54170a17-caaa-4bbe-a4bb-f962606e0e1c,account,b02b61c4-a3d7-4628-ace6-6fa2fd5166e6,2025-05-22T10:22:00Z,2025-07-21,12534098000,4,2025-07-20T04:31:00Z,2,100001,7f5b6f7e-1c2d-4a4e-9a51-3a3f1d3c0a01
a0637077-9500-4cca-be0e-c151b5f62cfd,INV-000502,f1d7e31e-20e6-4f2b-ae84-41d7c2cf77d1,03923f28-05e1-4504-9dde-7f214e88d4b8,54170a17-caaa-4bbe-a4bb-f962606e0e1c,account,b02b61c4-a3d7-4628-ace6-6fa2fd5166e6,2025-06-11T09:21:00Z,2025-08-10,12801856000,4,2025-08-27T10:07:00Z,2,100001,7f5b6f7e-1c2d-4a4e-9a51-3a3f1d3c0a01
af654aa2-5c86-4695-82ed-3c6a24370fd8,INV-000503,eb64c561-767f-4983-b703-9b04635a932e,f7faf63f-5a60-438a-839b-ada294f6ecd7,54170a17-caaa-4bbe-a4bb-f962606e0e1c,account,b02b61c4-a3d7-4628-ace6-6fa2fd5166e6,2026-01-07T09:56:00Z,2026-03-08,21216683000,4,2026-03-07T07:42:00Z,2,100001,7f5b6f7e-1c2d-4a4e-9a51-3a3f1d3c0a01
81df478a-d76e-41e2-afce-78c32642c1aa,INV-000504,4c816ada-e879-4993-b656-64b716b0caa0,90855181-fecf-4b80-983d-37208156ddfc,54170a17-caaa-4bbe-a4bb-f962606e0e1c,account,b02b61c4-a3d7-4628-ace6-6fa2fd5166e6,2026-01-24T07:07:00Z,2026-03-25,17638060000,4,2026-04-01T12:49:00Z,2,100001,7f5b6f7e-1c2d-4a4e-9a51-3a3f1d3c0a01
34103bc5-bc64-4066-8d7a-3429c5240536,INV-000505,0d60090e-27e4-4e93-932f-a705536adab9,ad0b1dbd-fdf6-4657-a6a8-96c3719013c8,54170a17-caaa-4bbe-a4bb-f962606e0e1c,account,b02b61c4-a3d7-4628-ace6-6fa2fd5166e6,2026-02-21T11:20:00Z,2026-04-22,45881766000,4,2026-04-21T10:31:00Z,2,100001,7f5b6f7e-1c2d-4a4e-9a51-3a3f1d3c0a01
2b1031e3-9c95-4c8c-88f6-37e1acc9a72e,INV-000506,89a32235-a875-431b-be36-2d8ef9b2986c,ed2a5158-1b11-4032-b7dd-9883f983ceaa,54170a17-caaa-4bbe-a4bb-f962606e0e1c,account,b02b61c4-a3d7-4628-ace6-6fa2fd5166e6,2026-02-24T11:41:00Z,2026-04-25,34027107000,4,2026-04-22T08:03:00Z,2,100001,7f5b6f7e-1c2d-4a4e-9a51-3a3f1d3c0a01
daaec378-303c-4a90-8e30-8c35c21e7459,INV-000507,71416ef7-1d2a-4b4a-8e4d-0f94da3c0721,8d8e22fc-6d44-476b-adfe-5aabe1ef2b2e,ff4625af-bd20-463b-b275-b5f3d436a7a8,account,beb79919-3f22-4af8-a3be-d01d43cf2fde,2025-04-27T04:41:00Z,2025-07-26,33974070000,100000001,2025-08-12T10:18:00Z,2,100001,7f5b6f7e-1c2d-4a4e-9a51-3a3f1d3c0a01
554275a5-03b0-46b6-b026-9b9ff0c454c1,INV-000508,d884929f-ffd0-4f3e-994d-4f845e6bfa69,88e9e364-10e5-49f1-a097-37cb960121e4,ff4625af-bd20-463b-b275-b5f3d436a7a8,account,beb79919-3f22-4af8-a3be-d01d43cf2fde,2025-06-28T09:49:00Z,2025-09-26,17567940000,100000001,2025-09-27T10:34:00Z,2,100001,7f5b6f7e-1c2d-4a4e-9a51-3a3f1d3c0a01
759d071c-67cf-42b9-9469-01270ba768cb,INV-000509,2305e7b7-141e-492b-9e83-cb0e0b04aa05,c34449af-36bc-45e6-92fd-783885fa27c3,ff4625af-bd20-463b-b275-b5f3d436a7a8,account,beb79919-3f22-4af8-a3be-d01d43cf2fde,2025-09-18T07:57:00Z,2025-12-17,7527145000,100000001,2025-12-14T05:27:00Z,2,100001,7f5b6f7e-1c2d-4a4e-9a51-3a3f1d3c0a01
c920b5e3-7b0e-4b64-95df-c67e5071ccc1,INV-000510,c1d31857-23aa-4eee-8f63-917756e940d0,b1a3a3cc-c99a-4da2-b6ec-8460b948a177,ff4625af-bd20-463b-b275-b5f3d436a7a8,account,beb79919-3f22-4af8-a3be-d01d43cf2fde,2026-02-15T11:48:00Z,2026-05-16,27079947000,100000001,2026-06-07T06:37:00Z,2,100001,7f5b6f7e-1c2d-4a4e-9a51-3a3f1d3c0a01
fd9b7abb-063b-4dcf-ba40-a0e70e7d2633,INV-000511,fa6f7fa1-4ceb-4ab2-be26-ea2ad7c00633,457b0ef8-baf7-4e03-af0c-4511e5b8bc67,ff4625af-bd20-463b-b275-b5f3d436a7a8,account,beb79919-3f22-4af8-a3be-d01d43cf2fde,2026-05-03T05:56:00Z,2026-08-01,15605286000,100000001,,0,4,7f5b6f7e-1c2d-4a4e-9a51-3a3f1d3c0a01
5168901f-cfbf-4b57-b338-843f465ef465,INV-000512,15b8790b-e6f6-40ca-bb68-3c91d6fc0b62,98ece0dd-c1ed-4cb1-b664-1b3c5b176c7a,17ec889c-86c1-46cb-a996-30f7af77520e,account,0e51f30d-c6a7-4e39-84b0-32ccd7c524a5,2024-09-25T08:28:00Z,2024-10-25,22695309000,1,2024-10-26T11:26:00Z,2,100001,7f5b6f7e-1c2d-4a4e-9a51-3a3f1d3c0a01
b707c513-4f12-489b-9df7-7bf6775d05b7,INV-000513,b0f19e65-90ff-41bd-8d73-bbff46a1001f,3c6ecd74-e169-4e3a-8085-4c3c21a198d5,17ec889c-86c1-46cb-a996-30f7af77520e,account,0e51f30d-c6a7-4e39-84b0-32ccd7c524a5,2024-10-12T05:14:00Z,2024-11-11,32719940000,1,2024-11-20T08:46:00Z,2,100001,7f5b6f7e-1c2d-4a4e-9a51-3a3f1d3c0a01
d2a33b49-3548-46c5-bbee-d0d483fd8efc,INV-000514,14c26fea-7a00-45f2-9e3d-94ca65c83377,4ef848b5-a989-44ed-9b6d-e31cd96f5c4a,17ec889c-86c1-46cb-a996-30f7af77520e,account,0e51f30d-c6a7-4e39-84b0-32ccd7c524a5,2024-12-28T10:26:00Z,2025-01-27,21918329000,1,2025-01-25T11:28:00Z,2,100001,7f5b6f7e-1c2d-4a4e-9a51-3a3f1d3c0a01
e7837163-ac44-481e-9909-8458d7782ce7,INV-000515,2d1aa839-c654-4801-a104-ed633a1e8969,b03f0c59-d976-4dc6-bfa8-cbfa4bafc55d,17ec889c-86c1-46cb-a996-30f7af77520e,account,0e51f30d-c6a7-4e39-84b0-32ccd7c524a5,2025-02-10T04:48:00Z,2025-03-12,43776804000,1,2025-03-11T06:08:00Z,2,100001,7f5b6f7e-1c2d-4a4e-9a51-3a3f1d3c0a01
1a0e4976-0464-4a54-8944-29f4be016433,INV-000516,9448cb7c-6f7e-44dd-b8d3-1160cd4ae71b,41a42770-e00b-4e93-931a-5a6a1cda134d,17ec889c-86c1-46cb-a996-30f7af77520e,account,0e51f30d-c6a7-4e39-84b0-32ccd7c524a5,2025-06-12T07:33:00Z,2025-07-12,48831395000,1,2025-07-10T06:23:00Z,2,100001,7f5b6f7e-1c2d-4a4e-9a51-3a3f1d3c0a01
b1e65582-aeff-4791-aa44-6f6e11ffe886,INV-000517,28ba8700-0406-47da-b76d-720812cd6a6e,443c2c92-bb2b-44bd-b514-ff57e3084996,17ec889c-86c1-46cb-a996-30f7af77520e,account,0e51f30d-c6a7-4e39-84b0-32ccd7c524a5,2025-07-15T12:42:00Z,2025-08-14,30091955000,1,2025-09-29T07:26:00Z,2,100001,7f5b6f7e-1c2d-4a4e-9a51-3a3f1d3c0a01
e36ce0eb-507c-4e7e-a235-dab9b6b52662,INV-000518,af071e6f-87a6-48d5-9660-664311421beb,4923b8b9-4e83-49b0-980e-274702492c6c,17ec889c-86c1-46cb-a996-30f7af77520e,account,0e51f30d-c6a7-4e39-84b0-32ccd7c524a5,2025-11-25T05:12:00Z,2025-12-25,48464701000,1,2025-12-28T07:51:00Z,2,100001,7f5b6f7e-1c2d-4a4e-9a51-3a3f1d3c0a01
c964fb4f-c678-40c7-8d03-d3b0d029b2b3,INV-000519,04ea2e3d-b8b3-4b87-9300-8c0cee725d2e,de47190c-4334-4187-ac74-c8d2027f0b7a,17ec889c-86c1-46cb-a996-30f7af77520e,account,0e51f30d-c6a7-4e39-84b0-32ccd7c524a5,2026-06-07T11:10:00Z,2026-07-07,47733337000,1,,0,4,7f5b6f7e-1c2d-4a4e-9a51-3a3f1d3c0a01
606dab72-2990-4b01-b05b-475a78082968,INV-000520,57b48c03-b615-4bf1-a936-e1c54e7a6b3a,51c77965-2198-49cc-bcb4-3d57e8049941,822c4d32-6c64-4c15-aba3-01cba561e1e9,account,b02b61c4-a3d7-4628-ace6-6fa2fd5166e6,2025-03-01T08:22:00Z,2025-03-01,17203815000,100000000,2025-03-01T08:22:00Z,2,100001,7f5b6f7e-1c2d-4a4e-9a51-3a3f1d3c0a01
7feaa50c-0182-4fdd-89c5-874227e65169,INV-000521,9933d69a-b66a-428d-af35-9f70f549ad66,c4063a30-a46b-4d92-97c7-8f742df70b72,822c4d32-6c64-4c15-aba3-01cba561e1e9,account,b02b61c4-a3d7-4628-ace6-6fa2fd5166e6,2026-01-12T05:34:00Z,2026-01-12,38216357000,100000000,2026-01-11T05:34:00Z,2,100001,7f5b6f7e-1c2d-4a4e-9a51-3a3f1d3c0a01
227ab139-b39b-46a4-b45e-9c06b2e0d836,INV-000522,c445b875-3b50-453b-8f9d-241b2a932c82,c81580cf-d591-4ba2-b33e-3f4d16d2408f,4f11d8dc-5cd3-4369-84aa-c1b75ca0c428,account,e27a984d-6548-41d0-bfcd-9eb1a7cad415,2024-08-05T12:57:00Z,2024-08-05,17958329000,100000000,2024-08-04T12:57:00Z,2,100001,7f5b6f7e-1c2d-4a4e-9a51-3a3f1d3c0a01
c4573986-cf32-4871-a3cb-6aa0c6782322,INV-000523,16e5c1d6-bb2f-44a5-8527-731bf7ed1118,5288d2c8-85bb-428f-b2d6-a0e6533a6c5f,4f11d8dc-5cd3-4369-84aa-c1b75ca0c428,account,e27a984d-6548-41d0-bfcd-9eb1a7cad415,2025-05-10T13:29:00Z,2025-05-10,105204593000,100000000,2025-05-07T13:29:00Z,2,100001,7f5b6f7e-1c2d-4a4e-9a51-3a3f1d3c0a01
296b16ae-ba2b-4db7-8b55-93e881faaec2,INV-000524,8fb95fdf-0247-4263-bc07-e24fd9d6a2f3,19901017-97ae-4fb5-b385-bf94c6332882,4f11d8dc-5cd3-4369-84aa-c1b75ca0c428,account,e27a984d-6548-41d0-bfcd-9eb1a7cad415,2025-08-12T04:35:00Z,2025-08-12,32324156000,100000000,2025-08-10T04:35:00Z,2,100001,7f5b6f7e-1c2d-4a4e-9a51-3a3f1d3c0a01
448851a4-1e74-42a7-9d49-c1e831468c86,INV-000525,af582048-6c54-4fbf-a9a4-620bfca9bbcd,e14f7a24-182f-4e4e-9954-6197a94a5a65,4f11d8dc-5cd3-4369-84aa-c1b75ca0c428,account,e27a984d-6548-41d0-bfcd-9eb1a7cad415,2025-10-27T05:14:00Z,2025-10-27,36368316000,100000000,2025-10-24T05:14:00Z,2,100001,7f5b6f7e-1c2d-4a4e-9a51-3a3f1d3c0a01
bf3d211b-4f97-4a9a-aa79-63f082020343,INV-000526,5298fe28-3f3b-4e45-ae83-4df60188e5ee,c2313ca1-caa2-433c-9f95-30e4d0a502e1,4f11d8dc-5cd3-4369-84aa-c1b75ca0c428,account,e27a984d-6548-41d0-bfcd-9eb1a7cad415,2025-11-18T09:58:00Z,2025-11-18,140112604000,100000000,2025-11-17T09:58:00Z,2,100001,7f5b6f7e-1c2d-4a4e-9a51-3a3f1d3c0a01
92662676-4ac9-4371-8816-245991d93f21,INV-000527,67c9504e-6368-4080-bc8f-876f0ec25ce9,40785616-d186-4cd6-a2f9-2cd41757e1ab,4f11d8dc-5cd3-4369-84aa-c1b75ca0c428,account,e27a984d-6548-41d0-bfcd-9eb1a7cad415,2025-11-25T08:53:00Z,2025-11-25,65450960000,100000000,2025-11-23T08:53:00Z,2,100001,7f5b6f7e-1c2d-4a4e-9a51-3a3f1d3c0a01
7d4203f1-1b89-474a-90f6-90cd6c85d9c4,INV-000528,bd19f2fb-35b5-4538-a0bc-0044c3c51dda,b7d2bd74-bf69-4892-9d56-14406353caff,4f11d8dc-5cd3-4369-84aa-c1b75ca0c428,account,e27a984d-6548-41d0-bfcd-9eb1a7cad415,2026-01-14T07:58:00Z,2026-01-14,21237238000,100000000,2026-01-12T07:58:00Z,2,100001,7f5b6f7e-1c2d-4a4e-9a51-3a3f1d3c0a01
f6e043ea-90df-4428-a893-ecc34ee8b4e1,INV-000529,973a0713-45f2-40b1-a2ba-7693d0853539,cb90e584-d91f-41ed-8be3-e7518d175631,577bc55a-36d5-4494-b37f-d50d2e25b5ee,account,10f1bc81-448a-4a9e-a6b2-bc5b50c187fc,2024-09-09T08:31:00Z,2024-10-09,37610775000,1,2024-10-06T11:44:00Z,2,100001,7f5b6f7e-1c2d-4a4e-9a51-3a3f1d3c0a01
cca2cde6-0fb5-4d53-a569-81942933535f,INV-000530,824e9e8b-e18a-4f87-b096-09047bf2b65a,99ce92ef-5dd0-4993-a9e0-d707059efc1d,577bc55a-36d5-4494-b37f-d50d2e25b5ee,account,10f1bc81-448a-4a9e-a6b2-bc5b50c187fc,2024-09-19T11:25:00Z,2024-10-19,41093419000,1,2024-12-29T07:33:00Z,2,100001,7f5b6f7e-1c2d-4a4e-9a51-3a3f1d3c0a01
122b4cf3-f54b-447d-aac6-2e1ae87c6ca9,INV-000531,d6aca68a-d85d-4dc6-b1f9-c9966d4df112,a60c6003-d63c-4ad4-928f-27626d1ed80d,577bc55a-36d5-4494-b37f-d50d2e25b5ee,account,10f1bc81-448a-4a9e-a6b2-bc5b50c187fc,2024-10-21T10:25:00Z,2024-11-20,44154735000,1,2024-11-17T11:17:00Z,2,100001,7f5b6f7e-1c2d-4a4e-9a51-3a3f1d3c0a01
1b1dd7ff-b0de-4e0d-a2e0-25c0b25ebbd8,INV-000532,6281a159-dd97-47cd-8557-9093839044b5,0ec4f3de-fa5e-489a-bb5e-2766f7a1c969,577bc55a-36d5-4494-b37f-d50d2e25b5ee,account,10f1bc81-448a-4a9e-a6b2-bc5b50c187fc,2024-10-19T07:48:00Z,2024-11-18,38343969000,1,2024-11-23T12:43:00Z,2,100001,7f5b6f7e-1c2d-4a4e-9a51-3a3f1d3c0a01
36340874-7e01-4af4-89b8-33a8511eb664,INV-000533,bcf3d164-7013-4706-a759-18f85e911418,d5a28c3d-abb5-4919-b7ea-9d4c284755ba,577bc55a-36d5-4494-b37f-d50d2e25b5ee,account,10f1bc81-448a-4a9e-a6b2-bc5b50c187fc,2025-09-02T07:38:00Z,2025-10-02,29958108000,1,2025-10-02T08:20:00Z,2,100001,7f5b6f7e-1c2d-4a4e-9a51-3a3f1d3c0a01
9fb81ff4-84d3-4636-8010-4815212bdc57,INV-000534,8db18dd3-1386-421c-829c-595766901b01,b1b9381a-298b-44f8-adcd-772d4f8de10a,577bc55a-36d5-4494-b37f-d50d2e25b5ee,account,10f1bc81-448a-4a9e-a6b2-bc5b50c187fc,2025-09-27T04:35:00Z,2025-10-27,90578016000,1,2025-11-01T11:54:00Z,2,100001,7f5b6f7e-1c2d-4a4e-9a51-3a3f1d3c0a01
57ce5857-e023-4fe9-8189-5d2c41cdeef9,INV-000535,234a89e0-c9e9-43f9-8821-1d14c935956a,197ddd07-cb10-4e24-b5d7-a9d9acc3a9ae,577bc55a-36d5-4494-b37f-d50d2e25b5ee,account,10f1bc81-448a-4a9e-a6b2-bc5b50c187fc,2025-11-06T13:19:00Z,2025-12-06,21478848000,1,2025-12-03T12:37:00Z,2,100001,7f5b6f7e-1c2d-4a4e-9a51-3a3f1d3c0a01
33f90e17-ab1c-415e-b872-2a74cb66d69a,INV-000536,1b5526c6-0db6-4dc3-99c9-73ae1cf1aaff,3b6f8945-144c-423d-8e41-1928a45bfd3b,577bc55a-36d5-4494-b37f-d50d2e25b5ee,account,10f1bc81-448a-4a9e-a6b2-bc5b50c187fc,2026-02-11T10:17:00Z,2026-03-13,81707315000,1,2026-03-10T12:54:00Z,2,100001,7f5b6f7e-1c2d-4a4e-9a51-3a3f1d3c0a01
3e3f5d4d-6f8e-4946-95b3-c3db94f0987e,INV-000537,c6191a5c-8a19-40bd-bee3-3ba0e4caa2e0,734bd88c-0a68-4fda-b4ad-0dde44d92e5e,577bc55a-36d5-4494-b37f-d50d2e25b5ee,account,10f1bc81-448a-4a9e-a6b2-bc5b50c187fc,2026-02-01T07:21:00Z,2026-03-03,50643492000,1,2026-03-07T10:22:00Z,2,100001,7f5b6f7e-1c2d-4a4e-9a51-3a3f1d3c0a01
bf3f3885-3a58-4b28-bc2f-2600e9dfd1a3,INV-000538,1e81b715-db68-4e50-a373-318ff5c676f4,858b9453-3c1d-464d-a53b-897828b77d09,577bc55a-36d5-4494-b37f-d50d2e25b5ee,account,10f1bc81-448a-4a9e-a6b2-bc5b50c187fc,2026-04-05T06:22:00Z,2026-05-05,59217027000,1,2026-05-04T09:48:00Z,2,100001,7f5b6f7e-1c2d-4a4e-9a51-3a3f1d3c0a01
fa98e3fe-e56b-4301-851b-9ea16dce4196,INV-000539,e195e7d4-6ceb-498c-ae90-6515d99bdf10,bddb7249-45cb-4ff7-a63e-04381486a406,31274148-7c7c-404e-8422-d03ef29a6339,account,beb79919-3f22-4af8-a3be-d01d43cf2fde,2024-09-12T05:58:00Z,2024-09-12,36938652000,100000000,2024-09-10T05:58:00Z,2,100001,7f5b6f7e-1c2d-4a4e-9a51-3a3f1d3c0a01
d208137a-e00b-483b-874b-76fd053d22b9,INV-000540,d850034e-6f96-471b-a18d-7201db7c3e2c,d27ab2b1-d1da-484f-a0bc-42c3103b37b5,31274148-7c7c-404e-8422-d03ef29a6339,account,beb79919-3f22-4af8-a3be-d01d43cf2fde,2025-02-10T06:51:00Z,2025-02-10,8558258000,100000000,2025-02-09T06:51:00Z,2,100001,7f5b6f7e-1c2d-4a4e-9a51-3a3f1d3c0a01
17a9636d-a2bc-4665-aed5-cf1dac626a35,INV-000541,0c31b756-8113-425d-b502-080bb049b37c,40b23253-67a8-4484-8cad-6707ffba619f,31274148-7c7c-404e-8422-d03ef29a6339,account,beb79919-3f22-4af8-a3be-d01d43cf2fde,2025-04-14T04:47:00Z,2025-04-14,13147576000,100000000,2025-04-14T04:47:00Z,2,100001,7f5b6f7e-1c2d-4a4e-9a51-3a3f1d3c0a01
669983dd-8148-4969-b315-7fc7d7f0c8d3,INV-000542,c9b7099e-0e5c-427b-8da4-3538b5c0055d,f45708ca-1d29-4d5b-b4f3-122edff65371,31274148-7c7c-404e-8422-d03ef29a6339,account,beb79919-3f22-4af8-a3be-d01d43cf2fde,2025-05-22T08:23:00Z,2025-05-22,9943410000,100000000,2025-05-19T08:23:00Z,2,100001,7f5b6f7e-1c2d-4a4e-9a51-3a3f1d3c0a01
5372ec22-ff10-454b-a781-3d1f59385b94,INV-000543,2c4118e6-26ea-4d53-ac05-54d58864e9e8,e4342f95-cc97-4043-b7d6-a7c173de4e86,31274148-7c7c-404e-8422-d03ef29a6339,account,beb79919-3f22-4af8-a3be-d01d43cf2fde,2025-11-23T12:20:00Z,2025-11-23,51433900000,100000000,2025-11-20T12:20:00Z,2,100001,7f5b6f7e-1c2d-4a4e-9a51-3a3f1d3c0a01
e22c3f0c-a25e-49d4-91e5-567ee85a32d4,INV-000544,20492e5f-07e9-4ef5-8cf3-7fa5cf2ffa13,17ecd119-5198-47c5-9e96-3bfcb359465e,31274148-7c7c-404e-8422-d03ef29a6339,account,beb79919-3f22-4af8-a3be-d01d43cf2fde,2025-12-13T05:38:00Z,2025-12-13,16587071000,100000000,2025-12-12T05:38:00Z,2,100001,7f5b6f7e-1c2d-4a4e-9a51-3a3f1d3c0a01
b9a5334e-f3dd-4423-9977-9ae59e69a695,INV-000545,33abb324-7947-4c1e-a380-7bc834d5df6b,eb8a7cf0-f820-4b34-9a67-28c3a546e95b,31274148-7c7c-404e-8422-d03ef29a6339,account,beb79919-3f22-4af8-a3be-d01d43cf2fde,2026-04-12T07:20:00Z,2026-04-12,8165357000,100000000,2026-04-10T07:20:00Z,2,100001,7f5b6f7e-1c2d-4a4e-9a51-3a3f1d3c0a01
3e46e28c-6425-4eac-8040-d4387733fadf,INV-000546,9f46bc54-84ed-4de7-89f3-ea30e4096e22,0502db78-33dd-43e0-bf37-ffb864fb0aa4,27aa7cbc-2337-4bbc-bffe-77c839feb99c,account,0e51f30d-c6a7-4e39-84b0-32ccd7c524a5,2024-09-04T09:30:00Z,2024-10-04,33726304000,1,2024-10-03T12:57:00Z,2,100001,7f5b6f7e-1c2d-4a4e-9a51-3a3f1d3c0a01
53a60545-44f4-482d-b477-0d7cfd130ff0,INV-000547,6b0d92e6-a5ab-4380-869f-f747a5015003,bc8ee3e4-f306-42ac-8dc4-958d13dd967b,27aa7cbc-2337-4bbc-bffe-77c839feb99c,account,0e51f30d-c6a7-4e39-84b0-32ccd7c524a5,2025-07-20T09:57:00Z,2025-08-19,11102567000,1,2025-08-16T07:10:00Z,2,100001,7f5b6f7e-1c2d-4a4e-9a51-3a3f1d3c0a01
b5b8e0dc-5ade-40cd-8e68-d688e054bdee,INV-000548,90f6d529-e1dd-4de9-84f1-23ffe296f8c7,d210dccd-63bd-4f42-903e-0dcff8d61d74,27aa7cbc-2337-4bbc-bffe-77c839feb99c,account,0e51f30d-c6a7-4e39-84b0-32ccd7c524a5,2025-10-26T11:40:00Z,2025-11-25,13257008000,1,2025-11-29T13:12:00Z,2,100001,7f5b6f7e-1c2d-4a4e-9a51-3a3f1d3c0a01
e83b8d89-27f2-40c0-b625-02ce9d49efc7,INV-000549,1c9cbecf-a721-4fc3-b57c-3d148da5cf11,8b8667ed-ef0e-451f-a4a9-84aa880394c7,27aa7cbc-2337-4bbc-bffe-77c839feb99c,account,0e51f30d-c6a7-4e39-84b0-32ccd7c524a5,2025-11-08T06:26:00Z,2025-12-08,15087795000,1,2025-12-06T08:06:00Z,2,100001,7f5b6f7e-1c2d-4a4e-9a51-3a3f1d3c0a01
6ae692c0-9413-49b7-ad36-8fde6e1f7147,INV-000550,88796f10-e7b0-4335-8707-f0c99c2bc85f,832b2be9-5857-4f66-828e-afb6f7dca27a,27aa7cbc-2337-4bbc-bffe-77c839feb99c,account,0e51f30d-c6a7-4e39-84b0-32ccd7c524a5,2026-04-16T10:36:00Z,2026-05-16,32639838000,1,2026-05-23T11:00:00Z,2,100001,7f5b6f7e-1c2d-4a4e-9a51-3a3f1d3c0a01
c3e447f5-82dc-4391-be27-d793f67e5883,INV-000551,9cb210bf-c736-4c95-9418-d2c10bbe2f67,015ebd6c-d1f5-4698-957c-d8c37840e636,27aa7cbc-2337-4bbc-bffe-77c839feb99c,account,0e51f30d-c6a7-4e39-84b0-32ccd7c524a5,2026-06-13T11:13:00Z,2026-07-13,10713335000,1,,0,4,7f5b6f7e-1c2d-4a4e-9a51-3a3f1d3c0a01
bfc71ab7-7298-4e47-b271-8dddea086eb1,INV-000552,e0646e05-0907-4992-bca1-bd14e8c9bb13,eecdca40-eea9-48a8-a1ce-19139b332a86,c9c23e69-d82c-4565-8bb9-07ec13c11754,account,0e51f30d-c6a7-4e39-84b0-32ccd7c524a5,2025-03-13T13:11:00Z,2025-04-12,24534092000,1,2025-04-29T10:59:00Z,2,100001,7f5b6f7e-1c2d-4a4e-9a51-3a3f1d3c0a01
4c8087d0-f671-4741-a982-7bda5c30db29,INV-000553,b0d78504-85fd-40ff-a71a-3aeb9ea9ae96,b9d49d42-cd41-4c26-ba98-ff8dec9365de,c9c23e69-d82c-4565-8bb9-07ec13c11754,account,0e51f30d-c6a7-4e39-84b0-32ccd7c524a5,2025-07-28T10:15:00Z,2025-08-27,52809643000,1,2025-08-31T05:33:00Z,2,100001,7f5b6f7e-1c2d-4a4e-9a51-3a3f1d3c0a01
fa3b7719-192c-48f3-a869-70cd1f737422,INV-000554,cb65cc42-e666-48b9-89da-79d0c3f9ac09,9b7e1ac0-f660-4b6c-b975-c269730243f1,c9c23e69-d82c-4565-8bb9-07ec13c11754,account,0e51f30d-c6a7-4e39-84b0-32ccd7c524a5,2025-08-03T07:44:00Z,2025-09-02,94691755000,1,2025-09-18T11:33:00Z,2,100001,7f5b6f7e-1c2d-4a4e-9a51-3a3f1d3c0a01
410cfd3b-ba32-4225-8da4-e14192844316,INV-000555,8809cda8-7274-47ad-9ce6-b1efca08f509,d35dd4e0-ac69-4455-98fc-826007ea4494,86cac6f4-e238-4e93-bd17-c5e8d5ca69ab,account,0e51f30d-c6a7-4e39-84b0-32ccd7c524a5,2024-10-01T06:21:00Z,2024-10-31,10760831000,1,2024-11-07T06:14:00Z,2,100001,7f5b6f7e-1c2d-4a4e-9a51-3a3f1d3c0a01
9b1e916e-e6f7-4371-9bc8-bd7355794ba3,INV-000556,dd2427e0-ba94-452d-9080-d924bb600af0,76503128-9cca-4ea0-b245-ffdfeea05ac0,86cac6f4-e238-4e93-bd17-c5e8d5ca69ab,account,0e51f30d-c6a7-4e39-84b0-32ccd7c524a5,2025-05-24T06:04:00Z,2025-06-23,11178953000,1,2025-06-25T10:18:00Z,2,100001,7f5b6f7e-1c2d-4a4e-9a51-3a3f1d3c0a01
23931f05-ff70-4115-b277-d457c6854631,INV-000557,73551111-1a1b-4acb-9077-b8a2617c4b32,bdfc85bf-fb46-43e8-9229-ae2b20d450e5,e05b46c5-5636-4094-a974-31db09a9d1c1,account,e27a984d-6548-41d0-bfcd-9eb1a7cad415,2024-07-13T11:01:00Z,2024-09-11,21824740000,4,2024-10-06T05:32:00Z,2,100001,7f5b6f7e-1c2d-4a4e-9a51-3a3f1d3c0a01
f1036b35-a236-4b00-a3ab-8abe2406cb4a,INV-000558,85b6757b-e845-4ba4-8c3b-b259e80218b1,94348adc-2b41-474a-8169-097d308bf7ee,e05b46c5-5636-4094-a974-31db09a9d1c1,account,e27a984d-6548-41d0-bfcd-9eb1a7cad415,2025-09-01T13:23:00Z,2025-10-31,75672836000,4,2025-10-30T05:06:00Z,2,100001,7f5b6f7e-1c2d-4a4e-9a51-3a3f1d3c0a01
25633d3c-2128-42ef-82f1-f9a8b2032d76,INV-000559,b0bbc953-1e1b-44fd-95e4-a4f6965b4e1e,cd631cdd-417f-4abc-8c3e-548b43dc316c,e05b46c5-5636-4094-a974-31db09a9d1c1,account,e27a984d-6548-41d0-bfcd-9eb1a7cad415,2026-01-24T06:02:00Z,2026-03-25,111689597000,4,,0,4,7f5b6f7e-1c2d-4a4e-9a51-3a3f1d3c0a01
c17280e2-d2ae-4d7d-b73a-1803211f9916,INV-000560,1181bb97-2088-43cf-9755-23f68468ee88,78b88b55-9521-4109-8286-5c31f9f49b41,e05b46c5-5636-4094-a974-31db09a9d1c1,account,e27a984d-6548-41d0-bfcd-9eb1a7cad415,2026-06-30T07:38:00Z,2026-08-29,165537881000,4,,0,4,7f5b6f7e-1c2d-4a4e-9a51-3a3f1d3c0a01
c745efb5-bb46-49a7-bf47-9762f29acafc,INV-000561,c3aadb93-bb3e-4556-b81d-913d8f049bda,f443318f-021a-492e-9103-afa26fa2e51f,98e52499-218c-4e1c-9e37-4f7ac42cbc39,account,e27a984d-6548-41d0-bfcd-9eb1a7cad415,2024-08-14T10:58:00Z,2024-09-13,61676027000,1,2024-09-11T08:52:00Z,2,100001,7f5b6f7e-1c2d-4a4e-9a51-3a3f1d3c0a01
914e2198-955d-4a88-aa6c-6df2ac271e5c,INV-000562,91b390e5-48fb-4668-ab27-53be107559b2,935c7d1e-7027-4ad9-9055-bf6e31a01b57,98e52499-218c-4e1c-9e37-4f7ac42cbc39,account,e27a984d-6548-41d0-bfcd-9eb1a7cad415,2024-12-14T05:22:00Z,2025-01-13,92058722000,1,2025-01-11T10:42:00Z,2,100001,7f5b6f7e-1c2d-4a4e-9a51-3a3f1d3c0a01
0fc11925-4aca-49f3-82a7-1481386e38b7,INV-000563,7b400ae2-72c7-4430-ae86-042abc523b76,558105d4-2715-49c4-b003-76ed064f3e6e,98e52499-218c-4e1c-9e37-4f7ac42cbc39,account,e27a984d-6548-41d0-bfcd-9eb1a7cad415,2025-03-24T06:20:00Z,2025-04-23,33538016000,1,2025-04-20T09:03:00Z,2,100001,7f5b6f7e-1c2d-4a4e-9a51-3a3f1d3c0a01
61f5ca10-e0f3-40b8-85e6-79f3439275f5,INV-000564,09d70d0f-ec33-4f60-8157-1bd3b1798d46,b304f39b-da8f-4861-89a2-2f26d7b84b35,98e52499-218c-4e1c-9e37-4f7ac42cbc39,account,e27a984d-6548-41d0-bfcd-9eb1a7cad415,2025-05-04T06:11:00Z,2025-06-03,42303365000,1,2025-06-07T09:57:00Z,2,100001,7f5b6f7e-1c2d-4a4e-9a51-3a3f1d3c0a01
e34c88f9-ddae-45c7-9cd3-a74b8f91a893,INV-000565,a53ab312-603c-42aa-a3cd-5b5c1ef879f7,94edfb23-8b34-4071-bde4-eda89cb9cf05,98e52499-218c-4e1c-9e37-4f7ac42cbc39,account,e27a984d-6548-41d0-bfcd-9eb1a7cad415,2025-05-17T06:09:00Z,2025-06-16,46609982000,1,2025-06-14T12:53:00Z,2,100001,7f5b6f7e-1c2d-4a4e-9a51-3a3f1d3c0a01
82f79121-523c-4649-97b3-7182d2b5f7a8,INV-000566,e2c3c7b4-2763-4280-8b39-f6eba872ed65,cbb086d5-8eb8-4340-bed9-4d7ea970dc0b,98e52499-218c-4e1c-9e37-4f7ac42cbc39,account,e27a984d-6548-41d0-bfcd-9eb1a7cad415,2025-09-10T05:59:00Z,2025-10-10,21943993000,1,2025-10-07T06:16:00Z,2,100001,7f5b6f7e-1c2d-4a4e-9a51-3a3f1d3c0a01
dc3c57c2-cc5b-4fc4-ac39-b15a348eaafc,INV-000567,03337978-c925-4341-8b5b-13cdb512a665,5e14da44-fd1a-4c18-942e-516ef2cbdccc,2e4bebc4-2989-4880-a77d-1be96070b6a1,account,0e51f30d-c6a7-4e39-84b0-32ccd7c524a5,2025-02-01T07:47:00Z,2025-03-03,13456946000,1,2025-03-19T09:30:00Z,2,100001,7f5b6f7e-1c2d-4a4e-9a51-3a3f1d3c0a01
598671a9-5b1d-4ac3-ae89-e6f166cd36e9,INV-000568,6cff0a08-1061-4dc7-8575-aa1d70a312b9,9b322bb4-a372-42f6-9b3b-b647f7f21114,2e4bebc4-2989-4880-a77d-1be96070b6a1,account,0e51f30d-c6a7-4e39-84b0-32ccd7c524a5,2025-07-01T09:49:00Z,2025-07-31,28722575000,1,2025-07-28T12:10:00Z,2,100001,7f5b6f7e-1c2d-4a4e-9a51-3a3f1d3c0a01
c1be926d-3d13-48d3-a8ad-7705a3f147ec,INV-000569,a7ec27eb-d700-487d-9d32-6c51818f484c,64d3b6ba-8994-4b64-8a0f-9cc825b2a991,2e4bebc4-2989-4880-a77d-1be96070b6a1,account,0e51f30d-c6a7-4e39-84b0-32ccd7c524a5,2025-07-09T09:34:00Z,2025-08-08,12921746000,1,2025-08-18T04:30:00Z,2,100001,7f5b6f7e-1c2d-4a4e-9a51-3a3f1d3c0a01
fd130287-1de6-4600-aef8-b7db0ff58e13,INV-000570,e8f39c4b-f567-4756-9661-7b22f13e0529,01b752a2-2bd3-4b8b-8996-640f6490a9d5,2e4bebc4-2989-4880-a77d-1be96070b6a1,account,0e51f30d-c6a7-4e39-84b0-32ccd7c524a5,2025-07-30T12:03:00Z,2025-08-29,13606607000,1,2025-09-18T07:44:00Z,2,100001,7f5b6f7e-1c2d-4a4e-9a51-3a3f1d3c0a01
71a49adc-0929-4ce2-98cd-ee686c5b4949,INV-000571,721c763a-5caa-43ce-bb67-7f35bc3b011c,18bac398-5ffe-4c63-8f62-0bfee67745a1,2e4bebc4-2989-4880-a77d-1be96070b6a1,account,0e51f30d-c6a7-4e39-84b0-32ccd7c524a5,2025-09-02T13:17:00Z,2025-10-02,48693719000,1,2025-09-29T10:09:00Z,2,100001,7f5b6f7e-1c2d-4a4e-9a51-3a3f1d3c0a01
f19e147d-9e9c-438f-b1e6-f30caba64746,INV-000572,15312aa8-88fd-4627-aaf4-62b9f6bf62b0,3219ffb5-4976-464f-b32e-2391670008c9,2e4bebc4-2989-4880-a77d-1be96070b6a1,account,0e51f30d-c6a7-4e39-84b0-32ccd7c524a5,2025-10-27T04:30:00Z,2025-11-26,28802180000,1,2025-11-25T09:18:00Z,2,100001,7f5b6f7e-1c2d-4a4e-9a51-3a3f1d3c0a01
98bc9bcb-6340-45be-b1c3-46a5bb93ea0c,INV-000573,03c4bf5b-df06-4378-9334-82da9408dd8f,6f9c2d21-77e2-468f-a0b0-ea8b7d15a46d,2e4bebc4-2989-4880-a77d-1be96070b6a1,account,0e51f30d-c6a7-4e39-84b0-32ccd7c524a5,2026-06-15T12:36:00Z,2026-07-15,40466964000,1,,0,4,7f5b6f7e-1c2d-4a4e-9a51-3a3f1d3c0a01
48cec0e9-e57f-40fb-8876-d8050c8f4d3d,INV-000574,547c144a-2405-46f6-9812-a5233d62ca5c,96b5a4c7-891f-46e1-8147-29d8b1f91ceb,9feefdff-c566-4a81-b15e-54f6d4d30795,account,b02b61c4-a3d7-4628-ace6-6fa2fd5166e6,2024-09-11T06:14:00Z,2024-10-11,36041753000,1,2024-10-09T05:42:00Z,2,100001,7f5b6f7e-1c2d-4a4e-9a51-3a3f1d3c0a01
3caee612-479b-4f0d-84c6-22dc223062d4,INV-000575,d26ce910-bcc0-4a2c-92ae-a1c15d6e7279,24d58db8-5e01-4a92-aa97-37613c35eb6a,9feefdff-c566-4a81-b15e-54f6d4d30795,account,b02b61c4-a3d7-4628-ace6-6fa2fd5166e6,2025-02-24T07:43:00Z,2025-03-26,59604446000,1,2025-03-23T08:12:00Z,2,100001,7f5b6f7e-1c2d-4a4e-9a51-3a3f1d3c0a01
f2a7276d-0639-4fa3-a628-e0dc7e4d2df1,INV-000576,74eea222-598b-4802-9a93-d5784bb9bc6c,d6346603-8932-4c6c-bd94-d6e2ca274c16,9feefdff-c566-4a81-b15e-54f6d4d30795,account,b02b61c4-a3d7-4628-ace6-6fa2fd5166e6,2026-02-14T12:59:00Z,2026-03-16,65170849000,1,2026-03-19T10:11:00Z,2,100001,7f5b6f7e-1c2d-4a4e-9a51-3a3f1d3c0a01
0c39862e-b892-416a-91df-9b9859d7f79d,INV-000577,8e0235a4-cccf-4e4b-bdfd-507e1aeb2fcb,c68c536d-e745-449d-850e-e1e62c42b939,9feefdff-c566-4a81-b15e-54f6d4d30795,account,b02b61c4-a3d7-4628-ace6-6fa2fd5166e6,2026-02-19T06:04:00Z,2026-03-21,49538195000,1,2026-03-25T10:57:00Z,2,100001,7f5b6f7e-1c2d-4a4e-9a51-3a3f1d3c0a01
77ae3274-175f-4102-884e-07eeb07e6c3f,INV-000578,7cf0c30d-4f34-4b8d-abab-941491178632,bd02c453-8ec8-4156-a6cc-ae7a5db80603,9feefdff-c566-4a81-b15e-54f6d4d30795,account,b02b61c4-a3d7-4628-ace6-6fa2fd5166e6,2026-04-19T05:43:00Z,2026-05-19,45055340000,1,2026-05-17T09:25:00Z,2,100001,7f5b6f7e-1c2d-4a4e-9a51-3a3f1d3c0a01
8803ae90-3e03-4765-a10a-8c0c4e3e0420,INV-000579,a60fcedc-a105-4fcd-9961-b6d72d26e346,d4bcc3c2-1aca-466e-aca3-d00f15b449f1,b89f72f3-2a60-4652-a714-7668cf1d7d3a,account,0e51f30d-c6a7-4e39-84b0-32ccd7c524a5,2025-01-16T06:45:00Z,2025-03-17,18828902000,4,2025-03-22T08:53:00Z,2,100001,7f5b6f7e-1c2d-4a4e-9a51-3a3f1d3c0a01
0573dc55-ba1a-49d6-be4c-84dd206bc4c6,INV-000580,fd82ab43-8b5a-4642-8746-2acca78c6ad4,fec20c82-3bf8-481c-9b90-60769c842f34,b89f72f3-2a60-4652-a714-7668cf1d7d3a,account,0e51f30d-c6a7-4e39-84b0-32ccd7c524a5,2025-07-16T09:45:00Z,2025-09-14,21667310000,4,2025-11-08T13:29:00Z,2,100001,7f5b6f7e-1c2d-4a4e-9a51-3a3f1d3c0a01
4cba4f61-294e-4758-806a-8b61b2090833,INV-000581,37eee6f1-db95-4ba8-9c9c-3b7b264f5c9b,2a0a84b1-2421-42c9-8b49-9d1e99be5b59,b89f72f3-2a60-4652-a714-7668cf1d7d3a,account,0e51f30d-c6a7-4e39-84b0-32ccd7c524a5,2025-09-16T12:08:00Z,2025-11-15,11819875000,4,2026-03-11T05:56:00Z,2,100001,7f5b6f7e-1c2d-4a4e-9a51-3a3f1d3c0a01
0e43d1f5-87dc-49d2-9703-270e7a7811b3,INV-000582,075c3923-916c-4527-818c-a6ac8550312f,357eea1a-6f8c-4a87-9272-d1f667ad69e7,b89f72f3-2a60-4652-a714-7668cf1d7d3a,account,0e51f30d-c6a7-4e39-84b0-32ccd7c524a5,2025-11-17T05:22:00Z,2026-01-16,21461162000,4,2026-01-14T07:44:00Z,2,100001,7f5b6f7e-1c2d-4a4e-9a51-3a3f1d3c0a01
a3225877-df9b-450e-8848-551146454012,INV-000583,61443d2a-0885-4ab5-a39d-6b97500b27fe,356b5466-cf27-4f03-aa7d-c5c53b245629,b89f72f3-2a60-4652-a714-7668cf1d7d3a,account,0e51f30d-c6a7-4e39-84b0-32ccd7c524a5,2026-01-04T08:57:00Z,2026-03-05,30493239000,4,2026-03-07T10:34:00Z,2,100001,7f5b6f7e-1c2d-4a4e-9a51-3a3f1d3c0a01
3ad7df5a-4851-4f38-9490-afdfd4ef5b0b,INV-000584,f4ffa528-fa18-43b6-b92d-5e37e268031e,8ec25b60-d79a-4fe3-8e2a-b7b0a42dfed1,f836f571-3cce-476c-b836-c448ad261ec5,account,5304317f-af42-412f-b838-b3268e944239,2024-08-06T06:41:00Z,2024-09-05,16095235000,1,2025-02-27T07:23:00Z,2,100001,7f5b6f7e-1c2d-4a4e-9a51-3a3f1d3c0a01
9aa658e3-271e-4ab6-8223-97919b242ac0,INV-000585,1d86d253-9d62-4511-a592-ba158d932b15,25557ce6-fbd5-4739-abdd-329b019ce2b5,f836f571-3cce-476c-b836-c448ad261ec5,account,5304317f-af42-412f-b838-b3268e944239,2024-09-23T12:41:00Z,2024-10-23,5005007000,1,2024-11-18T05:05:00Z,2,100001,7f5b6f7e-1c2d-4a4e-9a51-3a3f1d3c0a01
f8f5ecbd-88a3-4340-b402-297417c8d435,INV-000586,d2ddf35a-ce7f-4f4e-92ca-6de098d781e2,eb3308fd-089c-4fbc-8672-3ee163fce8e2,f836f571-3cce-476c-b836-c448ad261ec5,account,5304317f-af42-412f-b838-b3268e944239,2024-11-14T07:09:00Z,2024-12-14,12249641000,1,2024-12-21T07:33:00Z,2,100001,7f5b6f7e-1c2d-4a4e-9a51-3a3f1d3c0a01
1d611950-5e91-48b3-af14-420127cf7008,INV-000587,74ec84d6-a98f-4989-8c9c-94231849629b,1d5723e7-a388-4d72-bd43-a755864a9d07,f836f571-3cce-476c-b836-c448ad261ec5,account,5304317f-af42-412f-b838-b3268e944239,2025-01-06T10:43:00Z,2025-02-05,10653179000,1,2025-02-10T06:25:00Z,2,100001,7f5b6f7e-1c2d-4a4e-9a51-3a3f1d3c0a01
aba1fbbf-8d31-4f4e-9b2b-d5c0d947f2ef,INV-000588,0a0a1936-84bb-46ec-960e-97309b33c381,348a3a8d-7098-44c0-9a61-f4973f9d8139,f836f571-3cce-476c-b836-c448ad261ec5,account,5304317f-af42-412f-b838-b3268e944239,2025-05-27T12:38:00Z,2025-06-26,12636034000,1,2025-07-08T11:44:00Z,2,100001,7f5b6f7e-1c2d-4a4e-9a51-3a3f1d3c0a01
712a7ce1-7e3d-40d1-bb9c-ea939fa18b65,INV-000589,81b9e996-a9a6-48b0-b621-361ea893721c,f0987532-1001-4661-8f28-ada0b341d12d,f836f571-3cce-476c-b836-c448ad261ec5,account,5304317f-af42-412f-b838-b3268e944239,2025-06-21T08:52:00Z,2025-07-21,17946805000,1,2025-07-22T12:32:00Z,2,100001,7f5b6f7e-1c2d-4a4e-9a51-3a3f1d3c0a01
5f9a4ced-d5d7-464b-9b74-db545d30f472,INV-000590,1b18f914-fb16-4d51-92da-b82f4ffdbb2f,d1b96600-4cc6-4fa7-8d17-630ab14a1621,f836f571-3cce-476c-b836-c448ad261ec5,account,5304317f-af42-412f-b838-b3268e944239,2025-07-12T09:31:00Z,2025-08-11,27924850000,1,2025-08-13T12:00:00Z,2,100001,7f5b6f7e-1c2d-4a4e-9a51-3a3f1d3c0a01
1b0a6f44-1f7a-45ae-8188-e3cb99d2e15d,INV-000591,3ce7d56d-e24f-41d9-8026-dad732930f9d,58e28d0c-8355-4561-b904-e5b9dd1ddb21,f836f571-3cce-476c-b836-c448ad261ec5,account,5304317f-af42-412f-b838-b3268e944239,2025-12-04T06:04:00Z,2026-01-03,22723310000,1,2026-01-03T08:58:00Z,2,100001,7f5b6f7e-1c2d-4a4e-9a51-3a3f1d3c0a01
9165fe2a-1d1f-47b2-b591-659312530937,INV-000592,ac8f615d-7d18-437b-b60c-471af6ccc3bd,e50b4343-20a8-4012-a7f8-9107441a92c9,c09cb506-48f1-496d-9c4f-fb4671b701aa,account,5304317f-af42-412f-b838-b3268e944239,2025-04-12T12:36:00Z,2025-04-12,38061859000,100000000,2025-04-11T12:36:00Z,2,100001,7f5b6f7e-1c2d-4a4e-9a51-3a3f1d3c0a01
66f51f1d-add3-478c-a2c3-fd05c3f12d51,INV-000593,56ac8232-84e3-4190-b6d8-e8b36d0efb3c,96ce8e50-c954-48a4-b0b9-935ec65f0b1f,c09cb506-48f1-496d-9c4f-fb4671b701aa,account,5304317f-af42-412f-b838-b3268e944239,2025-08-09T10:03:00Z,2025-08-09,14677641000,100000000,2025-08-06T10:03:00Z,2,100001,7f5b6f7e-1c2d-4a4e-9a51-3a3f1d3c0a01
2efc9ea7-4e52-45a2-8b0e-0aa8e41a6195,INV-000594,7c48e662-8b52-4660-9379-7b95aad351f7,d9c2b61e-5843-4944-94ae-3c1b73c8b380,c09cb506-48f1-496d-9c4f-fb4671b701aa,account,5304317f-af42-412f-b838-b3268e944239,2025-10-08T10:32:00Z,2025-10-08,8855495000,100000000,2025-10-08T10:32:00Z,2,100001,7f5b6f7e-1c2d-4a4e-9a51-3a3f1d3c0a01
6e77f55b-e258-406e-9406-63be93117dd1,INV-000595,8edc4417-63e0-4615-afb2-4da6e8d326a0,290ac04f-0a39-43a7-8e62-1c9b2dc9b66d,c09cb506-48f1-496d-9c4f-fb4671b701aa,account,5304317f-af42-412f-b838-b3268e944239,2026-01-19T09:02:00Z,2026-01-19,20968356000,100000000,2026-01-19T09:02:00Z,2,100001,7f5b6f7e-1c2d-4a4e-9a51-3a3f1d3c0a01
8954df7d-7f60-4998-b4ae-e705a2d58de6,INV-000596,d7b31071-085f-46f4-bc9b-b425e812bd36,d1107c6c-7449-4629-8b9f-390d9dc7ea1d,3be79df4-72ec-416e-88a7-23e9bfa016c2,account,9132b63e-f162-47e4-a9c3-49e03602f8ac,2026-01-05T11:21:00Z,2026-03-06,58654079000,4,2026-03-04T06:31:00Z,2,100001,7f5b6f7e-1c2d-4a4e-9a51-3a3f1d3c0a01
64d3cce1-831a-4800-9656-c49f578968b0,INV-000597,f953f3ee-8165-417f-b41e-8968fc1baf97,c203c672-2800-48ee-bb39-5e22b633a103,3be79df4-72ec-416e-88a7-23e9bfa016c2,account,9132b63e-f162-47e4-a9c3-49e03602f8ac,2026-05-09T11:42:00Z,2026-07-08,26544614000,4,,0,4,7f5b6f7e-1c2d-4a4e-9a51-3a3f1d3c0a01
f132689f-e134-4474-976a-9fa9ff38099e,INV-000598,5b414a3f-2f05-4fb7-b668-ba33fdf64eeb,60daf971-efdd-4352-8d27-94de56dc7a0f,3be79df4-72ec-416e-88a7-23e9bfa016c2,account,9132b63e-f162-47e4-a9c3-49e03602f8ac,2026-06-11T06:33:00Z,2026-08-10,117636300000,4,,0,4,7f5b6f7e-1c2d-4a4e-9a51-3a3f1d3c0a01
3807f777-abb6-453a-b323-8f9757d5a27f,INV-000599,1a7e138f-72a0-4bec-81d5-e2eb3645b1ac,d55b5b4c-8767-4072-bb6f-8cc8e7462be3,f7315749-4f39-49a8-bd3a-258288b4f474,account,e27a984d-6548-41d0-bfcd-9eb1a7cad415,2024-08-01T12:43:00Z,2024-08-31,29583199000,1,2024-09-10T04:45:00Z,2,100001,7f5b6f7e-1c2d-4a4e-9a51-3a3f1d3c0a01
70c945c2-c77c-447c-a4da-a3ee60e4f8c8,INV-000600,5d402be0-614a-4f1d-a6da-135cf11bb3a4,fa03fac9-3bbd-4bc2-b298-815b8fb8efb1,f7315749-4f39-49a8-bd3a-258288b4f474,account,e27a984d-6548-41d0-bfcd-9eb1a7cad415,2024-08-11T08:59:00Z,2024-09-10,91022727000,1,2024-09-21T11:32:00Z,2,100001,7f5b6f7e-1c2d-4a4e-9a51-3a3f1d3c0a01
6bdf9cdd-7f3b-4402-a816-9587386c24f0,INV-000601,90026e2f-b0b4-425d-9ec9-db8d6e23a11e,5cbbb6fe-e426-4e09-b06b-dd5bf1ad50f5,f7315749-4f39-49a8-bd3a-258288b4f474,account,e27a984d-6548-41d0-bfcd-9eb1a7cad415,2024-12-26T10:56:00Z,2025-01-25,38206973000,1,2025-02-08T07:14:00Z,2,100001,7f5b6f7e-1c2d-4a4e-9a51-3a3f1d3c0a01
ce3183e3-c643-4e06-ab1d-aa3559f57596,INV-000602,ac1905a0-a8b4-45c8-b74d-08feeb0f9c99,5c1e4740-31c3-4611-9359-e8c5d263dcf1,f7315749-4f39-49a8-bd3a-258288b4f474,account,e27a984d-6548-41d0-bfcd-9eb1a7cad415,2025-07-06T06:55:00Z,2025-08-05,55811645000,1,2026-02-16T10:11:00Z,2,100001,7f5b6f7e-1c2d-4a4e-9a51-3a3f1d3c0a01
09a2af57-c110-40ff-b5cc-bdc992bae8eb,INV-000603,f6c3bc47-bd0e-423c-aad5-afee71ec9ddc,0a44b229-af3b-4315-91f2-b01b93731894,f7315749-4f39-49a8-bd3a-258288b4f474,account,e27a984d-6548-41d0-bfcd-9eb1a7cad415,2025-09-20T08:40:00Z,2025-10-20,73489441000,1,2025-10-21T07:29:00Z,2,100001,7f5b6f7e-1c2d-4a4e-9a51-3a3f1d3c0a01
a84eda7e-d6e3-4dbd-86ac-3b98b1f349b4,INV-000604,b22ce823-2ec1-4786-aa6c-a3e2fb5ae51d,8ecefd93-3ae4-4945-b703-c8996b46b2ba,f7315749-4f39-49a8-bd3a-258288b4f474,account,e27a984d-6548-41d0-bfcd-9eb1a7cad415,2025-09-23T05:37:00Z,2025-10-23,25658103000,1,2025-10-23T12:35:00Z,2,100001,7f5b6f7e-1c2d-4a4e-9a51-3a3f1d3c0a01
9e868892-47f6-4018-af0d-58c71edd6442,INV-000605,9afd909f-8ed3-4c1d-bec9-430cbc9f2fa8,58b5a915-947d-48e2-ae7a-d445982bca64,f7315749-4f39-49a8-bd3a-258288b4f474,account,e27a984d-6548-41d0-bfcd-9eb1a7cad415,2025-12-14T07:26:00Z,2026-01-13,152311954000,1,2026-01-20T06:24:00Z,2,100001,7f5b6f7e-1c2d-4a4e-9a51-3a3f1d3c0a01
2a0a3c1a-f8ab-44f1-bcb0-361228b8e585,INV-000606,bc5107c9-fd2d-423a-a773-e925f6306c6f,5af7cca6-c7b8-4176-81c2-dbb5772c7d38,f7315749-4f39-49a8-bd3a-258288b4f474,account,e27a984d-6548-41d0-bfcd-9eb1a7cad415,2026-03-15T05:35:00Z,2026-04-14,31945977000,1,2026-04-14T10:47:00Z,2,100001,7f5b6f7e-1c2d-4a4e-9a51-3a3f1d3c0a01
5cd1fbdd-82a6-49a9-838c-b82649706357,INV-000607,b99205c0-e426-45ad-9b42-d5b173cabeee,d0f823f3-4237-4e68-8f8b-8bc69ee6562a,e76adca9-7811-4802-88cc-7cfecf01f944,account,b02b61c4-a3d7-4628-ace6-6fa2fd5166e6,2024-08-28T07:53:00Z,2024-09-27,11784155000,1,2024-09-26T04:49:00Z,2,100001,7f5b6f7e-1c2d-4a4e-9a51-3a3f1d3c0a01
6d7856c5-29e1-4f19-ae88-9f5e6231412a,INV-000608,a91750c9-371a-4e5e-b386-6bb3d0c98b7e,a6524931-4e60-4cd7-ad10-9087a3617563,e76adca9-7811-4802-88cc-7cfecf01f944,account,b02b61c4-a3d7-4628-ace6-6fa2fd5166e6,2025-05-28T09:46:00Z,2025-06-27,21187624000,1,2025-06-28T05:55:00Z,2,100001,7f5b6f7e-1c2d-4a4e-9a51-3a3f1d3c0a01
729f6659-625c-4970-a3b0-20fa530b3117,INV-000609,5313e61f-fd45-4491-bc57-52f408dd5947,4820954c-c557-4257-afb9-811ef4ca4b8d,e76adca9-7811-4802-88cc-7cfecf01f944,account,b02b61c4-a3d7-4628-ace6-6fa2fd5166e6,2025-07-20T10:15:00Z,2025-08-19,13098288000,1,2025-08-23T05:57:00Z,2,100001,7f5b6f7e-1c2d-4a4e-9a51-3a3f1d3c0a01
1af94c15-eba2-405b-8596-7b7d480d457e,INV-000610,a507f7dc-5cca-4d6c-8b23-cf6599e116c1,6d0f46bd-d264-424c-a316-dfe95f7ce0f4,e76adca9-7811-4802-88cc-7cfecf01f944,account,b02b61c4-a3d7-4628-ace6-6fa2fd5166e6,2026-01-04T10:47:00Z,2026-02-03,20999248000,1,2026-02-08T10:10:00Z,2,100001,7f5b6f7e-1c2d-4a4e-9a51-3a3f1d3c0a01
fe1bc728-400b-427e-9a82-255e7950cc07,INV-000611,1b6edd78-79e2-4428-8bc6-9dd0bcca077e,77e23c5d-6564-4643-8857-d1b36f0fe112,e76adca9-7811-4802-88cc-7cfecf01f944,account,b02b61c4-a3d7-4628-ace6-6fa2fd5166e6,2026-05-14T13:14:00Z,2026-06-13,54572132000,1,,0,4,7f5b6f7e-1c2d-4a4e-9a51-3a3f1d3c0a01
f90a4c18-5b8a-4cfe-9373-07e525d46e64,INV-000612,9fb6d79b-21f4-45ca-b233-022f40d4b6fd,e062840b-8424-46fa-a6dd-9e3c26904844,e76adca9-7811-4802-88cc-7cfecf01f944,account,b02b61c4-a3d7-4628-ace6-6fa2fd5166e6,2026-06-13T05:42:00Z,2026-07-13,8990947000,1,,0,4,7f5b6f7e-1c2d-4a4e-9a51-3a3f1d3c0a01
5e433d07-5fb7-4a1a-817a-4d35b67b5841,INV-000613,90a9f290-cbc4-4e51-b281-1fdf587151c7,3fca0888-7ba5-4cf5-b83e-8075e01a61c1,ada58417-5e2a-432d-b1ab-0b56d5c9fdc7,account,0e51f30d-c6a7-4e39-84b0-32ccd7c524a5,2024-07-29T07:06:00Z,2024-09-27,35073331000,4,2024-09-28T12:29:00Z,2,100001,7f5b6f7e-1c2d-4a4e-9a51-3a3f1d3c0a01
82b2f735-47f2-4acd-8820-dd4e2ef5f303,INV-000614,fad05006-1b7f-4198-a216-49101c55bf1b,6169b330-1364-48b2-bca6-225930d8d9d7,ada58417-5e2a-432d-b1ab-0b56d5c9fdc7,account,0e51f30d-c6a7-4e39-84b0-32ccd7c524a5,2024-09-11T13:13:00Z,2024-11-10,30075076000,4,2024-11-28T04:51:00Z,2,100001,7f5b6f7e-1c2d-4a4e-9a51-3a3f1d3c0a01
efae7e9b-6884-4b65-ae6e-1bd12a5cbad8,INV-000615,d9e532c3-b9cf-4eb5-a6b1-3ac7259aa6e3,f06ee55b-e7a3-4306-a7b8-c035f9e0be44,ada58417-5e2a-432d-b1ab-0b56d5c9fdc7,account,0e51f30d-c6a7-4e39-84b0-32ccd7c524a5,2024-09-18T12:45:00Z,2024-11-17,37054520000,4,2025-04-24T06:14:00Z,2,100001,7f5b6f7e-1c2d-4a4e-9a51-3a3f1d3c0a01
e119430b-d40c-4fef-8341-733efe50b69d,INV-000616,5d68db78-6b7f-401c-94ce-0cc7a4146063,97bcf316-fc9c-480b-8343-62d337536d77,ada58417-5e2a-432d-b1ab-0b56d5c9fdc7,account,0e51f30d-c6a7-4e39-84b0-32ccd7c524a5,2025-08-04T09:55:00Z,2025-10-03,51443235000,4,2025-10-04T09:16:00Z,2,100001,7f5b6f7e-1c2d-4a4e-9a51-3a3f1d3c0a01
ad9b6e09-7a17-4a71-9b6b-3ab66042be7a,INV-000617,30057f5a-b6ac-45ea-b26f-3ff2a7e02070,42a6d635-cecd-49b1-b00a-b08d88fe6f5f,ada58417-5e2a-432d-b1ab-0b56d5c9fdc7,account,0e51f30d-c6a7-4e39-84b0-32ccd7c524a5,2025-11-09T11:54:00Z,2026-01-08,49832185000,4,2026-01-22T12:20:00Z,2,100001,7f5b6f7e-1c2d-4a4e-9a51-3a3f1d3c0a01
a4db9060-674b-4ca3-b4dd-f98265ec2e8e,INV-000618,a103dc9b-1d5e-4c68-81b6-63b89f144cad,8f9a3b35-72ac-47e6-8f43-fbce5b766d31,ada58417-5e2a-432d-b1ab-0b56d5c9fdc7,account,0e51f30d-c6a7-4e39-84b0-32ccd7c524a5,2026-01-25T06:38:00Z,2026-03-26,44044639000,4,2026-03-23T08:58:00Z,2,100001,7f5b6f7e-1c2d-4a4e-9a51-3a3f1d3c0a01
51b92b96-2186-4e8f-a567-fbe0a905599a,INV-000619,049202f8-d3ae-4fcb-98c7-a2b9b54902a6,1feee7ac-f18c-41f7-876a-f93eeda474c1,70cafdd8-fc04-4f08-9207-0158f2771f63,account,5304317f-af42-412f-b838-b3268e944239,2024-07-13T12:14:00Z,2024-07-13,1222631000,100000000,2024-07-12T12:14:00Z,2,100001,7f5b6f7e-1c2d-4a4e-9a51-3a3f1d3c0a01
c7824938-f33f-4817-a1d6-d1ef413dce06,INV-000620,a706bd6a-cec5-41e5-8db5-afdec32c3af1,1c215aa9-e75d-450c-85da-d60e73d651d0,70cafdd8-fc04-4f08-9207-0158f2771f63,account,5304317f-af42-412f-b838-b3268e944239,2024-12-10T12:04:00Z,2024-12-10,15576552000,100000000,2024-12-07T12:04:00Z,2,100001,7f5b6f7e-1c2d-4a4e-9a51-3a3f1d3c0a01
227cca97-5ed8-477f-9bf8-bc893fa03155,INV-000621,0a54b61c-ac25-4e1d-9201-f02346ad5a3d,7da1f00b-14a7-41e3-9bfd-6ead023eea0f,70cafdd8-fc04-4f08-9207-0158f2771f63,account,5304317f-af42-412f-b838-b3268e944239,2025-02-22T06:16:00Z,2025-02-22,22480406000,100000000,2025-02-20T06:16:00Z,2,100001,7f5b6f7e-1c2d-4a4e-9a51-3a3f1d3c0a01
44ddf278-8335-4ef3-a171-202017c8fbad,INV-000622,0d5874be-99c4-43f5-8b19-869f14181ddf,2b55a96c-5d46-465d-ba6f-e9d835f5ef4e,70cafdd8-fc04-4f08-9207-0158f2771f63,account,5304317f-af42-412f-b838-b3268e944239,2025-06-28T12:22:00Z,2025-06-28,9038357000,100000000,2025-06-26T12:22:00Z,2,100001,7f5b6f7e-1c2d-4a4e-9a51-3a3f1d3c0a01
046fe5e9-a657-4d32-80ee-6105d30b27f2,INV-000623,a640637d-8c69-4053-9885-847e1230a2f2,1930ea11-c773-47d0-8dd8-bc22c0aaa0b5,70cafdd8-fc04-4f08-9207-0158f2771f63,account,5304317f-af42-412f-b838-b3268e944239,2025-08-03T11:28:00Z,2025-08-03,14060234000,100000000,2025-08-01T11:28:00Z,2,100001,7f5b6f7e-1c2d-4a4e-9a51-3a3f1d3c0a01
4a25ddb9-02ec-4dc5-90d0-62f3ec2372fe,INV-000624,22fa7792-f993-4aed-8944-ca0cc4c013fb,5a61ac80-0278-440c-9db3-30215cff29f5,70cafdd8-fc04-4f08-9207-0158f2771f63,account,5304317f-af42-412f-b838-b3268e944239,2025-12-03T06:17:00Z,2025-12-03,6145744000,100000000,2025-12-03T06:17:00Z,2,100001,7f5b6f7e-1c2d-4a4e-9a51-3a3f1d3c0a01
c7f639a3-590d-471f-82a3-de920b441bad,INV-000625,0279b3c5-73e7-4ab2-b886-960ed93b8746,27c8706f-9856-430b-88c5-b20d45cde833,c7332304-4822-4120-84f9-eccd7630a8a7,account,5304317f-af42-412f-b838-b3268e944239,2024-08-19T11:15:00Z,2024-08-19,44213982000,100000000,2024-08-18T11:15:00Z,2,100001,7f5b6f7e-1c2d-4a4e-9a51-3a3f1d3c0a01
3fa8b844-3eb5-4f4d-a375-cbe30cfea4f2,INV-000626,8db706da-8eac-4e07-bf9c-e4ad6461e232,15d326ae-95ab-4e40-a3a0-c8730ccff865,c7332304-4822-4120-84f9-eccd7630a8a7,account,5304317f-af42-412f-b838-b3268e944239,2024-09-17T12:18:00Z,2024-09-17,64175321000,100000000,2024-09-15T12:18:00Z,2,100001,7f5b6f7e-1c2d-4a4e-9a51-3a3f1d3c0a01
4356c126-6218-47db-a76b-835db6e0b637,INV-000627,dd978bf4-b163-4272-b893-ec6b95745b9f,0a7e7308-6b00-472a-9f65-bb80e035aa86,c7332304-4822-4120-84f9-eccd7630a8a7,account,5304317f-af42-412f-b838-b3268e944239,2024-11-26T12:11:00Z,2024-11-26,14375443000,100000000,2024-11-26T12:11:00Z,2,100001,7f5b6f7e-1c2d-4a4e-9a51-3a3f1d3c0a01
3747c24c-e7ae-4917-bd15-ee3c44f4d69a,INV-000628,65a2715a-b085-4fa2-86aa-b5e6651ea86d,e3c58a0c-f28a-440a-8f39-87da3cb21692,c7332304-4822-4120-84f9-eccd7630a8a7,account,5304317f-af42-412f-b838-b3268e944239,2025-05-07T08:50:00Z,2025-05-07,30030830000,100000000,2025-05-05T08:50:00Z,2,100001,7f5b6f7e-1c2d-4a4e-9a51-3a3f1d3c0a01
da96007f-f456-484b-b3e8-90f1769498ea,INV-000629,7d4a9cc6-783b-484d-b16f-8a3523b3f883,5baebdf4-8208-4333-a922-34abf38edb4b,c7332304-4822-4120-84f9-eccd7630a8a7,account,5304317f-af42-412f-b838-b3268e944239,2025-10-28T05:42:00Z,2025-10-28,73911652000,100000000,2025-10-25T05:42:00Z,2,100001,7f5b6f7e-1c2d-4a4e-9a51-3a3f1d3c0a01
6cf78d41-942d-4ebe-87b5-b85a4b38f3be,INV-000630,5dda46c2-8f33-4efb-9388-046aa30a543b,d57f9ab5-1e0a-414c-a0cf-43dd43b05eca,6b2d5b09-8707-4ad4-80be-7e3561c2645a,account,9132b63e-f162-47e4-a9c3-49e03602f8ac,2025-03-11T04:57:00Z,2025-03-11,27331525000,100000000,2025-03-10T04:57:00Z,2,100001,7f5b6f7e-1c2d-4a4e-9a51-3a3f1d3c0a01
18594cb7-3410-408f-ac20-7d4929d7b05b,INV-000631,8edd0fde-fc43-4386-8501-94d3aae1fd1b,c641ed40-8786-41e2-b311-18499caebeda,6b2d5b09-8707-4ad4-80be-7e3561c2645a,account,9132b63e-f162-47e4-a9c3-49e03602f8ac,2025-05-28T07:42:00Z,2025-05-28,19913740000,100000000,2025-05-27T07:42:00Z,2,100001,7f5b6f7e-1c2d-4a4e-9a51-3a3f1d3c0a01
c997809a-3778-4733-9505-37e5120b0e4e,INV-000632,30ee96fa-9c48-44f4-b62b-c8371fb770e2,c8637d03-e470-41e1-a0d8-03f99629b11d,6b2d5b09-8707-4ad4-80be-7e3561c2645a,account,9132b63e-f162-47e4-a9c3-49e03602f8ac,2025-09-18T13:13:00Z,2025-09-18,48455231000,100000000,2025-09-18T13:13:00Z,2,100001,7f5b6f7e-1c2d-4a4e-9a51-3a3f1d3c0a01
c1c0349b-2b4f-4277-98a3-c1a701cc4c32,INV-000633,68ddab29-0901-4d04-a4e4-af80ded69b19,cd4d2eab-0f72-4841-81df-cbf81ba9b7d3,331f63fb-d11f-48c0-a97c-a4fff75d599f,account,beb79919-3f22-4af8-a3be-d01d43cf2fde,2024-12-19T11:48:00Z,2025-01-18,16822569000,1,2025-01-21T10:07:00Z,2,100001,7f5b6f7e-1c2d-4a4e-9a51-3a3f1d3c0a01
1dbfe069-5a43-422f-9e0f-718b53de4f9e,INV-000634,63907d64-0b3a-450f-bb89-6599394cec4d,b3710da0-1788-430d-94a8-bb870a160dd0,331f63fb-d11f-48c0-a97c-a4fff75d599f,account,beb79919-3f22-4af8-a3be-d01d43cf2fde,2025-06-14T10:15:00Z,2025-07-14,18470888000,1,2025-07-23T06:26:00Z,2,100001,7f5b6f7e-1c2d-4a4e-9a51-3a3f1d3c0a01
9dab7b3e-39e1-4a82-b0d9-0a8b9a5d0259,INV-000635,f2f6adfa-d898-4d8b-8ff6-f17f79b7df69,21c05fba-89cf-416c-8181-7ffdefb140e6,df7d0dd7-236e-4608-9acb-394acd1f5318,account,0e51f30d-c6a7-4e39-84b0-32ccd7c524a5,2025-11-06T05:08:00Z,2025-12-06,8633455000,1,2025-12-06T13:04:00Z,2,100001,7f5b6f7e-1c2d-4a4e-9a51-3a3f1d3c0a01
33c94842-f001-4589-815d-d0adb8ccbab8,INV-000636,a82fea45-7b9b-420c-8bda-854521895275,fdee9583-b481-4bb4-b990-09611723cad7,7b07fd31-a424-4f23-8d5b-a7cd400035f0,account,e27a984d-6548-41d0-bfcd-9eb1a7cad415,2024-08-10T11:09:00Z,2024-08-10,45150604000,100000000,2024-08-10T11:09:00Z,2,100001,7f5b6f7e-1c2d-4a4e-9a51-3a3f1d3c0a01
3247da55-0dee-4870-ad4b-499e30868de3,INV-000637,ebfab51c-49b7-4979-a0ae-030dd7414f16,a0971518-7bc9-41ff-ae06-cb41688ddd6d,7b07fd31-a424-4f23-8d5b-a7cd400035f0,account,e27a984d-6548-41d0-bfcd-9eb1a7cad415,2024-07-27T09:58:00Z,2024-07-27,47921703000,100000000,2024-07-24T09:58:00Z,2,100001,7f5b6f7e-1c2d-4a4e-9a51-3a3f1d3c0a01
b1e238be-6321-48db-980f-963fe88940d6,INV-000638,a083a676-8941-4444-a789-62ec96252065,44ee5159-fbf8-413f-87f0-39e6e397a3e3,7b07fd31-a424-4f23-8d5b-a7cd400035f0,account,e27a984d-6548-41d0-bfcd-9eb1a7cad415,2024-11-06T09:40:00Z,2024-11-06,21869450000,100000000,2024-11-06T09:40:00Z,2,100001,7f5b6f7e-1c2d-4a4e-9a51-3a3f1d3c0a01
8b94474e-d210-4544-849b-174da9e77955,INV-000639,09336f86-c4ce-4030-839f-77b51ccf356b,3192bcfc-7d85-4e28-8a2a-5909be54e293,7b07fd31-a424-4f23-8d5b-a7cd400035f0,account,e27a984d-6548-41d0-bfcd-9eb1a7cad415,2024-11-16T04:43:00Z,2024-11-16,22313639000,100000000,2024-11-13T04:43:00Z,2,100001,7f5b6f7e-1c2d-4a4e-9a51-3a3f1d3c0a01
2e6f5e1c-d010-4dff-91e3-121dcf44092a,INV-000640,603d6d0d-fdcc-4f68-baba-2e1575adef5e,fb1ac3bd-d941-4ebc-bfdf-f47d915b395e,7b07fd31-a424-4f23-8d5b-a7cd400035f0,account,e27a984d-6548-41d0-bfcd-9eb1a7cad415,2024-12-28T04:42:00Z,2024-12-28,33250811000,100000000,2024-12-25T04:42:00Z,2,100001,7f5b6f7e-1c2d-4a4e-9a51-3a3f1d3c0a01
53f21e54-7500-4851-abba-f63885826f78,INV-000641,2c510bb5-638d-4bff-b8cf-753652ca7323,3f9cf952-5c06-4cb2-be4a-5d45f2cba7a5,7b07fd31-a424-4f23-8d5b-a7cd400035f0,account,e27a984d-6548-41d0-bfcd-9eb1a7cad415,2025-01-28T12:28:00Z,2025-01-28,25665310000,100000000,2025-01-28T12:28:00Z,2,100001,7f5b6f7e-1c2d-4a4e-9a51-3a3f1d3c0a01
d5949aef-a790-4158-8cc4-5db4681952cf,INV-000642,854f3524-0533-4b4e-aa5a-f45616853d84,ac372b8a-8fac-4ef7-84d7-746c2ab54288,7b07fd31-a424-4f23-8d5b-a7cd400035f0,account,e27a984d-6548-41d0-bfcd-9eb1a7cad415,2025-03-11T12:36:00Z,2025-03-11,36006108000,100000000,2025-03-10T12:36:00Z,2,100001,7f5b6f7e-1c2d-4a4e-9a51-3a3f1d3c0a01
3d1158d7-aa9b-4bb1-93aa-7f3e595aaee8,INV-000643,bb20dd89-e970-4bd8-a144-f0485f7d30bf,9972889b-1442-472e-9be4-dd96520e7ca2,7b07fd31-a424-4f23-8d5b-a7cd400035f0,account,e27a984d-6548-41d0-bfcd-9eb1a7cad415,2025-03-01T13:19:00Z,2025-03-01,33442865000,100000000,2025-02-27T13:19:00Z,2,100001,7f5b6f7e-1c2d-4a4e-9a51-3a3f1d3c0a01
b2767063-bc64-4412-9dab-3c6f6aebd361,INV-000644,1f0ea331-e0fc-46a8-8282-de9462da4d2d,fd5a2707-76d7-4b43-8b11-295585b3bcb6,7b07fd31-a424-4f23-8d5b-a7cd400035f0,account,e27a984d-6548-41d0-bfcd-9eb1a7cad415,2025-02-20T11:55:00Z,2025-02-20,54474240000,100000000,2025-02-20T11:55:00Z,2,100001,7f5b6f7e-1c2d-4a4e-9a51-3a3f1d3c0a01
46083c18-6459-4f5e-b421-1422bace96de,INV-000645,a3a110a8-85ef-4f99-a822-e7bc298b0bc0,b52e7806-45bc-4309-a3b2-1e4f009d91e7,7b07fd31-a424-4f23-8d5b-a7cd400035f0,account,e27a984d-6548-41d0-bfcd-9eb1a7cad415,2025-05-21T06:09:00Z,2025-05-21,33678448000,100000000,2025-05-21T06:09:00Z,2,100001,7f5b6f7e-1c2d-4a4e-9a51-3a3f1d3c0a01
c25153a7-370b-4b07-86be-60fb9981addf,INV-000646,ebf3e3fb-de8c-4551-b498-f41b3baa4a0e,03e2e0ec-8344-4e89-bc9a-1d77a0c1b7da,7b07fd31-a424-4f23-8d5b-a7cd400035f0,account,e27a984d-6548-41d0-bfcd-9eb1a7cad415,2025-08-11T11:23:00Z,2025-08-11,31111210000,100000000,2025-08-10T11:23:00Z,2,100001,7f5b6f7e-1c2d-4a4e-9a51-3a3f1d3c0a01
c95ba826-6a05-45a2-a83c-c9dadee78f51,INV-000647,fb6aaa8d-dc51-41da-99c9-a6cdbc6c36ff,a59f4695-3dbe-41a5-8a27-21dd4881654e,7b07fd31-a424-4f23-8d5b-a7cd400035f0,account,e27a984d-6548-41d0-bfcd-9eb1a7cad415,2026-04-09T10:56:00Z,2026-04-09,49089646000,100000000,2026-04-09T10:56:00Z,2,100001,7f5b6f7e-1c2d-4a4e-9a51-3a3f1d3c0a01
72d63c34-1225-4807-8287-3cab4bb6b724,INV-000648,29dd3267-63aa-4aa1-9cf7-b7003160c28a,06942254-01cd-48bc-8699-5228a98dbce5,7b07fd31-a424-4f23-8d5b-a7cd400035f0,account,e27a984d-6548-41d0-bfcd-9eb1a7cad415,2026-04-26T13:20:00Z,2026-04-26,190373211000,100000000,2026-04-26T13:20:00Z,2,100001,7f5b6f7e-1c2d-4a4e-9a51-3a3f1d3c0a01
73d135f7-c7fb-4018-a629-d81d5b5ab35c,INV-000649,fbc188f7-e02f-4bd6-affc-55fbe6842d86,cb336956-96e7-49f4-a85b-4d4c1ac78802,ef2ddcc4-8df6-41da-9f07-c1a5dfc620ce,account,beb79919-3f22-4af8-a3be-d01d43cf2fde,2024-08-22T06:49:00Z,2024-09-21,6858971000,1,2024-09-25T12:08:00Z,2,100001,7f5b6f7e-1c2d-4a4e-9a51-3a3f1d3c0a01
ca0e4ee3-28f8-477a-b70c-2b290cf86f30,INV-000650,385381c2-5600-4bb7-8178-a56e7d27a883,c1eec755-2a22-479a-b993-60ec0637394d,ef2ddcc4-8df6-41da-9f07-c1a5dfc620ce,account,beb79919-3f22-4af8-a3be-d01d43cf2fde,2025-01-18T06:16:00Z,2025-02-17,8889083000,1,2025-02-17T07:28:00Z,2,100001,7f5b6f7e-1c2d-4a4e-9a51-3a3f1d3c0a01
836c9a6d-9ec0-4913-a807-14486fd7fd11,INV-000651,ff329212-cf02-41da-8abd-ab18fb7e4501,172e7799-bb8a-488f-921c-01bf4e1edff4,ef2ddcc4-8df6-41da-9f07-c1a5dfc620ce,account,beb79919-3f22-4af8-a3be-d01d43cf2fde,2025-12-17T06:16:00Z,2026-01-16,16279637000,1,2026-01-13T08:13:00Z,2,100001,7f5b6f7e-1c2d-4a4e-9a51-3a3f1d3c0a01
2bce5ab1-f0e9-42de-939b-d27c83bce097,INV-000652,b1f51190-fc12-42ca-917c-d0408af3d512,90525bb4-2511-420c-acef-1e97bbd21710,8412a335-d88c-456d-b61e-5fdb1a435206,account,24933b83-7577-40a9-a491-f0b2ea1fca65,2024-10-14T11:37:00Z,2024-11-13,15471936000,1,2024-11-18T09:37:00Z,2,100001,7f5b6f7e-1c2d-4a4e-9a51-3a3f1d3c0a01
a087f1f7-362c-4741-adb7-20dfaedabda6,INV-000653,86236bd6-1ecf-4212-804e-59215d585c85,691385a1-117b-4798-b23f-e03719147611,8412a335-d88c-456d-b61e-5fdb1a435206,account,24933b83-7577-40a9-a491-f0b2ea1fca65,2024-12-04T11:57:00Z,2025-01-03,21605570000,1,2024-12-31T11:34:00Z,2,100001,7f5b6f7e-1c2d-4a4e-9a51-3a3f1d3c0a01
afc41858-d7fc-4dd7-826e-983f6938e501,INV-000654,9a60dbd6-790f-4ffe-a96d-6aea5484e47c,fd7911fe-3689-436f-8e84-b5176b06dbf5,8412a335-d88c-456d-b61e-5fdb1a435206,account,24933b83-7577-40a9-a491-f0b2ea1fca65,2025-04-15T12:50:00Z,2025-05-15,10116399000,1,2025-05-24T13:22:00Z,2,100001,7f5b6f7e-1c2d-4a4e-9a51-3a3f1d3c0a01
a66e336b-4ee4-4491-bd48-b242e79530aa,INV-000655,80c62f1b-edcc-415b-9a8a-e4cf94bd012d,9e7f4efc-7f85-4a95-8f2c-5bbc9b0295d4,8412a335-d88c-456d-b61e-5fdb1a435206,account,24933b83-7577-40a9-a491-f0b2ea1fca65,2025-05-06T12:04:00Z,2025-06-05,14758510000,1,2025-06-04T07:48:00Z,2,100001,7f5b6f7e-1c2d-4a4e-9a51-3a3f1d3c0a01
23aed1dc-6553-4ef6-bbaa-ece72a73ade3,INV-000656,44a32bc5-a2c9-4188-9174-5b7a0cd65d01,c148a441-ec69-4750-971d-93349c20ac24,8412a335-d88c-456d-b61e-5fdb1a435206,account,24933b83-7577-40a9-a491-f0b2ea1fca65,2025-05-17T11:17:00Z,2025-06-16,44473450000,1,2025-09-17T11:20:00Z,2,100001,7f5b6f7e-1c2d-4a4e-9a51-3a3f1d3c0a01
92b77e18-732c-4d58-abe7-8b6e9cadade4,INV-000657,3ca7598c-a25c-4226-8f0d-f4a029af1b6a,d36cd7fa-6336-4466-9def-bf221c2cf230,8412a335-d88c-456d-b61e-5fdb1a435206,account,24933b83-7577-40a9-a491-f0b2ea1fca65,2025-07-07T07:25:00Z,2025-08-06,19841033000,1,2025-08-07T12:06:00Z,2,100001,7f5b6f7e-1c2d-4a4e-9a51-3a3f1d3c0a01
f8dc5a0c-93bf-4c84-8b25-80ae44b7cfbd,INV-000658,af7aa646-c859-4167-bc84-37d3dd685836,2db5b1f4-0321-4c70-b28b-d13c494c8758,1578d709-48f9-43d0-9fea-e1e0d9e604b3,account,24933b83-7577-40a9-a491-f0b2ea1fca65,2024-10-15T08:22:00Z,2024-11-14,22289001000,1,2024-11-16T08:15:00Z,2,100001,7f5b6f7e-1c2d-4a4e-9a51-3a3f1d3c0a01
772ecd14-db87-494d-aa50-fb2b27afedce,INV-000659,849e81ad-7721-44e1-a5b3-3cceb8dd1699,84b22ce7-29e5-4fe5-9646-29c14cfdb7ad,1578d709-48f9-43d0-9fea-e1e0d9e604b3,account,24933b83-7577-40a9-a491-f0b2ea1fca65,2025-03-02T10:27:00Z,2025-04-01,22740377000,1,2025-04-10T08:07:00Z,2,100001,7f5b6f7e-1c2d-4a4e-9a51-3a3f1d3c0a01
5cfdb283-0943-4006-a21c-c09f46fe4946,INV-000660,8a1cc99c-69e6-4f20-8d82-a9617b14aa1b,58323d3c-5ce4-4498-b10e-3a42e14fc4a8,1578d709-48f9-43d0-9fea-e1e0d9e604b3,account,24933b83-7577-40a9-a491-f0b2ea1fca65,2025-05-01T08:35:00Z,2025-05-31,45234939000,1,2025-06-02T05:21:00Z,2,100001,7f5b6f7e-1c2d-4a4e-9a51-3a3f1d3c0a01
83136504-f38e-4db2-aecb-538ae855dc75,INV-000661,c70a03c5-0cd0-40b7-8748-15cba5ff4254,2e32427e-7c81-42a5-b5c0-090950da32a7,1578d709-48f9-43d0-9fea-e1e0d9e604b3,account,24933b83-7577-40a9-a491-f0b2ea1fca65,2025-12-02T08:30:00Z,2026-01-01,12629987000,1,2026-01-04T13:09:00Z,2,100001,7f5b6f7e-1c2d-4a4e-9a51-3a3f1d3c0a01
63c00b17-9ab9-4f71-804c-ac82eb706970,INV-000662,5ab28242-64aa-4f1b-ac85-00d232294a67,a23edda2-9d67-4925-b99c-9b160416dec9,73069588-45d5-468d-a90a-3abbc35b9fea,account,e27a984d-6548-41d0-bfcd-9eb1a7cad415,2024-08-25T13:27:00Z,2024-08-25,30831966000,100000000,2024-08-24T13:27:00Z,2,100001,7f5b6f7e-1c2d-4a4e-9a51-3a3f1d3c0a01
ab6ff6e8-e999-4c27-9b34-921a554e3c33,INV-000663,ca55e73a-c6b4-4e50-97f8-c158e029d0cf,80ff90a9-2546-4d9e-a65a-4dc6e58b4381,73069588-45d5-468d-a90a-3abbc35b9fea,account,e27a984d-6548-41d0-bfcd-9eb1a7cad415,2024-11-02T04:57:00Z,2024-11-02,15318150000,100000000,2024-10-31T04:57:00Z,2,100001,7f5b6f7e-1c2d-4a4e-9a51-3a3f1d3c0a01
2fba22b5-edd7-408c-a524-c5b3d4d7d9e5,INV-000664,9d7387db-9f19-4aed-a696-5fef4ac73369,bccabc98-c975-4d44-a3cf-dbeb1ee75f03,d4bf7a4b-25b8-442f-836b-15c7e7c225da,account,b02b61c4-a3d7-4628-ace6-6fa2fd5166e6,2024-07-16T10:55:00Z,2024-09-14,9610061000,4,2024-09-25T07:16:00Z,2,100001,7f5b6f7e-1c2d-4a4e-9a51-3a3f1d3c0a01
51ce649b-c0c4-4836-ad0d-0ba756fe982a,INV-000665,06d4e4f8-804a-4f0e-89ad-94712614542f,383f6e1f-e315-41d2-bea7-e6dc44e1d621,d4bf7a4b-25b8-442f-836b-15c7e7c225da,account,b02b61c4-a3d7-4628-ace6-6fa2fd5166e6,2024-08-20T09:47:00Z,2024-10-19,44454250000,4,2024-10-28T07:58:00Z,2,100001,7f5b6f7e-1c2d-4a4e-9a51-3a3f1d3c0a01
3bac927c-b59f-4c39-aa9a-bee02bf617fd,INV-000666,256a8757-ff29-48d6-95ea-634f5ce024ec,d9f0c268-069c-4d6c-8092-221fe304f352,d4bf7a4b-25b8-442f-836b-15c7e7c225da,account,b02b61c4-a3d7-4628-ace6-6fa2fd5166e6,2025-11-16T06:55:00Z,2026-01-15,22984282000,4,,0,4,7f5b6f7e-1c2d-4a4e-9a51-3a3f1d3c0a01
6473131c-b576-4972-8b55-e034c5f3ea9d,INV-000667,8dfcdd14-e7ad-42c0-83c4-33039c35f320,8cec9b9c-8ed7-4456-8235-8bad1950ff12,d4bf7a4b-25b8-442f-836b-15c7e7c225da,account,b02b61c4-a3d7-4628-ace6-6fa2fd5166e6,2025-11-17T09:01:00Z,2026-01-16,70260364000,4,2026-01-20T12:37:00Z,2,100001,7f5b6f7e-1c2d-4a4e-9a51-3a3f1d3c0a01
76f5d4b5-cc3b-4859-8636-32d8d85b7335,INV-000668,b9fd2efd-8b15-43df-8e64-9c30a1873a34,e23addf8-e001-4dd4-9592-0ff39a37749b,d4bf7a4b-25b8-442f-836b-15c7e7c225da,account,b02b61c4-a3d7-4628-ace6-6fa2fd5166e6,2025-11-15T12:00:00Z,2026-01-14,15792795000,4,2026-01-28T11:01:00Z,2,100001,7f5b6f7e-1c2d-4a4e-9a51-3a3f1d3c0a01
15ee43e4-42f7-4bba-aa8d-f3cdc05243c1,INV-000669,c18119c2-387b-4259-81f6-ad8dfedc1307,f5a63304-6196-47c5-8fd2-4c0a9d3b5556,d4bf7a4b-25b8-442f-836b-15c7e7c225da,account,b02b61c4-a3d7-4628-ace6-6fa2fd5166e6,2026-02-07T05:27:00Z,2026-04-08,32932282000,4,2026-04-26T13:17:00Z,2,100001,7f5b6f7e-1c2d-4a4e-9a51-3a3f1d3c0a01
e521393a-3867-4cd3-aafb-73276a36c062,INV-000670,24505c34-0d3c-4e7e-8910-f7ee3ef040c3,26e9c568-0ef6-4fbc-9b6b-5ee327e56e56,e916da57-f248-43ab-977a-8a5f6ffe33b3,account,24933b83-7577-40a9-a491-f0b2ea1fca65,2025-11-27T07:42:00Z,2025-11-27,12233515000,100000000,2025-11-26T07:42:00Z,2,100001,7f5b6f7e-1c2d-4a4e-9a51-3a3f1d3c0a01
555d8841-4004-4562-8f88-0f4eff4f4d49,INV-000671,83ef48fe-4db2-4a9c-80f7-e8531d2999b0,340653d4-f5a1-455a-845c-4db544853335,e916da57-f248-43ab-977a-8a5f6ffe33b3,account,24933b83-7577-40a9-a491-f0b2ea1fca65,2026-05-07T08:07:00Z,2026-05-07,35763159000,100000000,2026-05-04T08:07:00Z,2,100001,7f5b6f7e-1c2d-4a4e-9a51-3a3f1d3c0a01
bb9cdac1-bc8e-4ee9-a9af-1a5b3557e056,INV-000672,7c93b928-a7ce-49fc-8014-1dc9b8cad814,82b8e8af-a30d-411f-bf8a-04de36a6655a,e27718c5-737d-4fb6-9113-76e038d77b9a,account,ce177b4e-0837-48a3-9261-a7ab3aa2e4f9,2024-09-18T10:48:00Z,2024-10-18,19643577000,1,2024-10-21T06:05:00Z,2,100001,7f5b6f7e-1c2d-4a4e-9a51-3a3f1d3c0a01
435f9c22-cc0b-4b3e-a7b2-5e6ede76608d,INV-000673,a414e26e-503a-4c05-afc9-e45363b195e3,681fbf76-ab91-45c7-b510-8b0187ee0752,6a36af18-06d3-4b93-ae33-688d597e6845,account,ce177b4e-0837-48a3-9261-a7ab3aa2e4f9,2025-04-12T10:49:00Z,2025-07-11,170816461000,100000001,2025-10-05T12:44:00Z,2,100001,7f5b6f7e-1c2d-4a4e-9a51-3a3f1d3c0a01
4c764dd8-8ab3-4fb1-892c-abb20d59a915,INV-000674,ba4c6c7e-146b-4081-aedf-965e8cb0d577,1d3a1066-7670-4b62-8708-2e9494e99125,6a36af18-06d3-4b93-ae33-688d597e6845,account,ce177b4e-0837-48a3-9261-a7ab3aa2e4f9,2025-08-05T08:18:00Z,2025-11-03,128099911000,100000001,2026-06-06T09:40:00Z,2,100001,7f5b6f7e-1c2d-4a4e-9a51-3a3f1d3c0a01
01fab3cc-8f3b-4740-b341-4c2456f44cd3,INV-000675,4160002f-d083-4a5f-8824-3be8e38213b2,98058898-7f7d-4a9f-b0e3-548a34297ea3,5fbbf0b1-8083-49c8-a57e-01c90da23e5c,account,366eb16f-508e-4ad7-b7c9-3acfe059a0ee,2024-07-29T11:23:00Z,2024-08-28,8773775000,1,2024-08-25T11:39:00Z,2,100001,7f5b6f7e-1c2d-4a4e-9a51-3a3f1d3c0a01
c2f29515-2f4d-42ae-874e-2aa47d902195,INV-000676,22e33951-95de-4b00-b698-91922af47b28,b3751d70-2234-4c9d-8ce1-9024beb877b8,14e4180c-fe99-46a3-a2db-c8503c5bf3a7,account,9132b63e-f162-47e4-a9c3-49e03602f8ac,2024-09-28T09:38:00Z,2024-11-27,21306374000,4,2024-12-01T11:10:00Z,2,100001,7f5b6f7e-1c2d-4a4e-9a51-3a3f1d3c0a01
b9825a45-cc11-4d00-b58d-d72ce7f8acf3,INV-000677,ac46ab9b-4ea8-495d-ba71-3c330b79f176,f5aa14b8-40a3-4aaf-a29c-7271e0409f44,14e4180c-fe99-46a3-a2db-c8503c5bf3a7,account,9132b63e-f162-47e4-a9c3-49e03602f8ac,2024-10-03T07:33:00Z,2024-12-02,74773956000,4,2024-12-04T04:54:00Z,2,100001,7f5b6f7e-1c2d-4a4e-9a51-3a3f1d3c0a01
7bbf946a-8e6a-4040-991c-515741f2288d,INV-000678,e746a5cb-4221-4548-8a1b-959fb0569ade,774658a6-e618-46be-81ff-45d5f0b2160b,14e4180c-fe99-46a3-a2db-c8503c5bf3a7,account,9132b63e-f162-47e4-a9c3-49e03602f8ac,2024-10-16T07:14:00Z,2024-12-15,45249347000,4,2025-06-26T07:06:00Z,2,100001,7f5b6f7e-1c2d-4a4e-9a51-3a3f1d3c0a01
cc599b52-a9a0-4750-ac2e-04080c1c7fb3,INV-000679,d4c3c9ab-4231-4994-bdfb-2c1c7a99c20b,01614f2a-c9f4-42d0-b50e-3c81cec5666f,519554e3-0737-4c86-b97b-5f515ffa46ef,account,5304317f-af42-412f-b838-b3268e944239,2024-07-13T04:42:00Z,2024-09-11,20711285000,4,2024-09-12T12:14:00Z,2,100001,7f5b6f7e-1c2d-4a4e-9a51-3a3f1d3c0a01
495550c8-b5e9-4bc4-a056-a2771fb07aae,INV-000680,a01e5534-2002-48d7-b6d6-8d7c5e6362d3,77acac67-63ed-4109-8770-25776d079963,519554e3-0737-4c86-b97b-5f515ffa46ef,account,5304317f-af42-412f-b838-b3268e944239,2025-08-09T07:45:00Z,2025-10-08,37445640000,4,2025-10-16T07:04:00Z,2,100001,7f5b6f7e-1c2d-4a4e-9a51-3a3f1d3c0a01
f0e71e26-ada7-48c4-a2d5-3d33a5e138d9,INV-000681,435d0a44-15c7-4617-adab-63fb63818e61,93507ef2-72cd-4247-a316-104190395448,519554e3-0737-4c86-b97b-5f515ffa46ef,account,5304317f-af42-412f-b838-b3268e944239,2025-09-03T06:18:00Z,2025-11-02,34546641000,4,2025-11-05T07:04:00Z,2,100001,7f5b6f7e-1c2d-4a4e-9a51-3a3f1d3c0a01
1800961d-eaf8-4092-b78f-e9d7448c64e0,INV-000682,3560a66e-779f-4287-8f5f-cea1ec071441,e156903e-e779-489b-ba95-2f7e40d761e7,519554e3-0737-4c86-b97b-5f515ffa46ef,account,5304317f-af42-412f-b838-b3268e944239,2025-10-27T13:00:00Z,2025-12-26,8470084000,4,2026-01-06T06:04:00Z,2,100001,7f5b6f7e-1c2d-4a4e-9a51-3a3f1d3c0a01
1d81ce53-96c3-4be2-9995-b2773198d138,INV-000683,7fada3ad-a75b-4460-b8f7-b0fb1089a78c,d9835363-cb2b-4de0-bb47-fa291a70cb82,519554e3-0737-4c86-b97b-5f515ffa46ef,account,5304317f-af42-412f-b838-b3268e944239,2025-12-02T09:17:00Z,2026-01-31,15605559000,4,2026-02-05T05:54:00Z,2,100001,7f5b6f7e-1c2d-4a4e-9a51-3a3f1d3c0a01
2eb0d338-0056-44d0-8ee0-320ce7723c0f,INV-000684,1187e7e8-125b-4386-9eef-b33dc4313570,547805b9-a4b7-408d-bedc-33512455aee9,25637cc3-ca97-4bf5-95d5-96afa663d2cd,account,0e51f30d-c6a7-4e39-84b0-32ccd7c524a5,2025-06-02T08:12:00Z,2025-07-02,18977819000,1,2025-07-05T04:57:00Z,2,100001,7f5b6f7e-1c2d-4a4e-9a51-3a3f1d3c0a01
3374bbd4-5d6f-44f5-9660-8e5374b2d1bb,INV-000685,41a12fa6-0b6c-47e7-8208-97950864fd76,2d02245c-1de5-4f11-80ae-4105c58c9a49,25637cc3-ca97-4bf5-95d5-96afa663d2cd,account,0e51f30d-c6a7-4e39-84b0-32ccd7c524a5,2025-07-12T10:55:00Z,2025-08-11,28074434000,1,2025-08-19T10:33:00Z,2,100001,7f5b6f7e-1c2d-4a4e-9a51-3a3f1d3c0a01
8c9d5aee-c2c9-481b-bf9c-48b16d9ccc2d,INV-000686,02ff343b-5f25-46d5-a090-5afbdbee73e7,3c82a108-d851-47d4-bbfb-72fe4c12909d,25637cc3-ca97-4bf5-95d5-96afa663d2cd,account,0e51f30d-c6a7-4e39-84b0-32ccd7c524a5,2026-06-10T06:32:00Z,2026-07-10,21793865000,1,,0,4,7f5b6f7e-1c2d-4a4e-9a51-3a3f1d3c0a01
c3661ca0-5efe-4ae5-afcf-a838e74b8edd,INV-000687,bbda4bda-b718-42be-a827-6f6a7c3d2297,3f94ddc4-ee14-462e-a91f-c31a5d23d078,eada79a3-4970-4d9a-89ce-3cfb2339ba19,account,366eb16f-508e-4ad7-b7c9-3acfe059a0ee,2025-12-01T12:31:00Z,2025-12-01,22991393000,100000000,2025-12-01T12:31:00Z,2,100001,7f5b6f7e-1c2d-4a4e-9a51-3a3f1d3c0a01
08e30491-8774-4291-84ef-abd91e29ded2,INV-000688,539d3c9c-032d-4781-9eb3-be6f399150ce,d4b5f0a4-12fe-4c0b-89fa-7e20ae2abeee,eada79a3-4970-4d9a-89ce-3cfb2339ba19,account,366eb16f-508e-4ad7-b7c9-3acfe059a0ee,2026-01-06T12:03:00Z,2026-01-06,17050079000,100000000,2026-01-04T12:03:00Z,2,100001,7f5b6f7e-1c2d-4a4e-9a51-3a3f1d3c0a01
6f20f49d-6791-49d7-949f-b8b7245b53e5,INV-000689,bc563eda-7264-478a-94b5-b6b24695e29a,25bf277a-8759-4d05-9786-e3d0f7cb2b41,eada79a3-4970-4d9a-89ce-3cfb2339ba19,account,366eb16f-508e-4ad7-b7c9-3acfe059a0ee,2026-05-02T11:08:00Z,2026-05-02,24188103000,100000000,2026-04-30T11:08:00Z,2,100001,7f5b6f7e-1c2d-4a4e-9a51-3a3f1d3c0a01
aa5abae2-7cc8-4621-854a-02e8efc048ba,INV-000690,5f0fedda-be1c-4bb7-bee7-3ce09c8a7ced,ebf4a80a-0473-488b-8219-17cc3a9dc781,d4c3a832-b231-460b-b8f2-ce6bd46b415d,account,ce177b4e-0837-48a3-9261-a7ab3aa2e4f9,2024-07-20T13:23:00Z,2024-07-20,37630426000,100000000,2024-07-17T13:23:00Z,2,100001,7f5b6f7e-1c2d-4a4e-9a51-3a3f1d3c0a01
cd0afbc8-da46-4591-b866-596a9f1304bc,INV-000691,f4ce49c9-726e-4e6f-bd71-3d54092d63b9,b0c4dbcc-bde2-4008-8eaf-dd87e34adafb,d4c3a832-b231-460b-b8f2-ce6bd46b415d,account,ce177b4e-0837-48a3-9261-a7ab3aa2e4f9,2024-09-05T10:51:00Z,2024-09-05,23403966000,100000000,2024-09-04T10:51:00Z,2,100001,7f5b6f7e-1c2d-4a4e-9a51-3a3f1d3c0a01
a7588253-9d32-45b3-8b6b-a647f7c2da50,INV-000692,47c523c4-95c2-4260-967d-8e18c47a1117,6606ce7d-9067-4aca-bc62-6cbedeab7cbd,781799ff-b49e-44cc-8243-69e72387eaf6,account,9132b63e-f162-47e4-a9c3-49e03602f8ac,2025-08-20T08:51:00Z,2025-08-20,5740513000,100000000,2025-08-18T08:51:00Z,2,100001,7f5b6f7e-1c2d-4a4e-9a51-3a3f1d3c0a01
d61ebed7-8135-4d46-911f-61c9f244ca68,INV-000693,18e59f6c-f31a-41ed-b306-ca83ec69ae53,1a1008b5-0c86-417e-bf4a-e9cb07f912d9,e7e646c7-0158-4463-9d87-76a072d78bdd,account,5304317f-af42-412f-b838-b3268e944239,2024-10-17T04:31:00Z,2024-11-16,3215437000,1,2024-11-16T05:58:00Z,2,100001,7f5b6f7e-1c2d-4a4e-9a51-3a3f1d3c0a01
e3b14e6f-2a1c-40bc-8de9-ab1148c271f6,INV-000694,175b9ffe-9a1c-44ce-9441-0597b5688510,64e5f2ef-e1bb-4c8f-b2b0-ff06bb84f35e,e7e646c7-0158-4463-9d87-76a072d78bdd,account,5304317f-af42-412f-b838-b3268e944239,2025-12-20T05:20:00Z,2026-01-19,6508798000,1,2026-01-31T12:27:00Z,2,100001,7f5b6f7e-1c2d-4a4e-9a51-3a3f1d3c0a01
29410b74-b1be-4869-8079-7219e197b8af,INV-000695,8d62cc29-ec3e-49ad-8637-a9f312665e5d,3e5f105e-adbd-4356-ba8e-40429d196aa8,6c5a6c93-871c-4884-9bdf-90f2ba2c0f19,account,366eb16f-508e-4ad7-b7c9-3acfe059a0ee,2024-11-21T12:55:00Z,2024-11-21,10029479000,100000000,2024-11-18T12:55:00Z,2,100001,7f5b6f7e-1c2d-4a4e-9a51-3a3f1d3c0a01
600ca471-dd53-4d11-80ec-12bf02803518,INV-000696,a3528d57-2c0f-4a8e-b352-f4914f845f0e,8fe1585d-277a-4aba-8a3e-cede5da6f202,6c5a6c93-871c-4884-9bdf-90f2ba2c0f19,account,366eb16f-508e-4ad7-b7c9-3acfe059a0ee,2025-01-19T05:58:00Z,2025-01-19,17788774000,100000000,2025-01-18T05:58:00Z,2,100001,7f5b6f7e-1c2d-4a4e-9a51-3a3f1d3c0a01
646d4100-9663-4086-99de-7481a1a86ff5,INV-000697,8549baf0-9dba-41d6-8740-b376b76d295c,d1153ecd-5291-4ec7-a328-efde59d133e7,9f708368-cb3c-48ca-a392-57316b79afcc,account,beb79919-3f22-4af8-a3be-d01d43cf2fde,2025-03-22T04:33:00Z,2025-03-22,30364070000,100000000,2025-03-21T04:33:00Z,2,100001,7f5b6f7e-1c2d-4a4e-9a51-3a3f1d3c0a01
e8127fb1-cdfe-4102-b269-c3aa8d56eac6,INV-000698,5f876f9d-c9c0-44ce-920e-0da64ce218be,e6b9197f-48fd-46e1-b6dd-ff5ae10d7884,9f708368-cb3c-48ca-a392-57316b79afcc,account,beb79919-3f22-4af8-a3be-d01d43cf2fde,2026-01-03T11:58:00Z,2026-01-03,19058777000,100000000,2026-01-01T11:58:00Z,2,100001,7f5b6f7e-1c2d-4a4e-9a51-3a3f1d3c0a01
d0881e27-9790-4d79-80c7-cbbd4c74a2d0,INV-000699,739502ba-ce8e-4608-a0a2-be1823d8b678,9e8b14e1-7799-403e-9f48-5e4754e54f77,d6312a80-1c61-4ec2-9014-2131750565f5,account,e27a984d-6548-41d0-bfcd-9eb1a7cad415,2024-10-17T07:42:00Z,2024-10-17,47255551000,100000000,2024-10-16T07:42:00Z,2,100001,7f5b6f7e-1c2d-4a4e-9a51-3a3f1d3c0a01
9cd3af17-3a7a-4608-91f9-dc17cd9b6f8a,INV-000700,3d93a8e2-4444-4278-8e78-ec5d8ce30b8f,f0adc54d-cf6b-46fd-bd0b-a0a74687b61e,d6312a80-1c61-4ec2-9014-2131750565f5,account,e27a984d-6548-41d0-bfcd-9eb1a7cad415,2025-04-12T06:48:00Z,2025-04-12,11773041000,100000000,2025-04-10T06:48:00Z,2,100001,7f5b6f7e-1c2d-4a4e-9a51-3a3f1d3c0a01
1e6d4848-363e-476b-9fbf-5abe290eeb8f,INV-000701,4e4cd532-ffa9-4696-85bd-1336e5807900,d6fcff82-0eb7-465c-a6bc-0f7f171a9cf5,d6312a80-1c61-4ec2-9014-2131750565f5,account,e27a984d-6548-41d0-bfcd-9eb1a7cad415,2025-08-13T12:31:00Z,2025-08-13,22722438000,100000000,2025-08-11T12:31:00Z,2,100001,7f5b6f7e-1c2d-4a4e-9a51-3a3f1d3c0a01
15c6dddd-4329-4fb7-870d-e4764f6dbca3,INV-000702,3aa6ace5-f387-4650-8a34-fdcd66fd1f3b,595f0baf-d874-4cd9-91af-feb278110eb2,93364f7e-83ef-49f3-a1c7-cc8a04351b64,account,10f1bc81-448a-4a9e-a6b2-bc5b50c187fc,2024-08-07T12:51:00Z,2024-08-07,37982829000,100000000,2024-08-05T12:51:00Z,2,100001,7f5b6f7e-1c2d-4a4e-9a51-3a3f1d3c0a01
af99e71a-6cad-4cc4-83f1-ef4dcc298de7,INV-000703,de4e5667-6a94-41ad-af6f-78ec340c9a89,810bbb80-90bc-462a-8b35-187d8f4d815f,93364f7e-83ef-49f3-a1c7-cc8a04351b64,account,10f1bc81-448a-4a9e-a6b2-bc5b50c187fc,2024-11-05T09:26:00Z,2024-11-05,23554811000,100000000,2024-11-05T09:26:00Z,2,100001,7f5b6f7e-1c2d-4a4e-9a51-3a3f1d3c0a01
dbec0278-b64e-4f4b-803e-081b1b3ceadb,INV-000704,41b7bacf-c9df-49f4-86e6-cb202aa433be,f3a762b3-ceb4-4ea6-ae57-45a26151068b,93364f7e-83ef-49f3-a1c7-cc8a04351b64,account,10f1bc81-448a-4a9e-a6b2-bc5b50c187fc,2024-10-21T09:24:00Z,2024-10-21,43257966000,100000000,2024-10-19T09:24:00Z,2,100001,7f5b6f7e-1c2d-4a4e-9a51-3a3f1d3c0a01
e4930783-d3eb-4f88-8e40-83faecc2b683,INV-000705,6694021e-4620-49ac-b9e9-2b01d9eb3fae,c0ccca51-7a6a-442f-aa70-baf4bc5ce9ad,93364f7e-83ef-49f3-a1c7-cc8a04351b64,account,10f1bc81-448a-4a9e-a6b2-bc5b50c187fc,2025-01-02T09:35:00Z,2025-01-02,45647735000,100000000,2024-12-31T09:35:00Z,2,100001,7f5b6f7e-1c2d-4a4e-9a51-3a3f1d3c0a01
4c27d121-201d-4eb6-94b2-673a5c34c368,INV-000706,9a6145fd-90e6-4952-8f69-e5b041f2f735,6ef0fb3a-2ac2-49c0-aa02-dd601e73c0a2,93364f7e-83ef-49f3-a1c7-cc8a04351b64,account,10f1bc81-448a-4a9e-a6b2-bc5b50c187fc,2025-06-30T10:48:00Z,2025-06-30,91662649000,100000000,2025-06-29T10:48:00Z,2,100001,7f5b6f7e-1c2d-4a4e-9a51-3a3f1d3c0a01
861b313e-4680-47cb-8471-f922a4b29177,INV-000707,ac3a8025-e0ea-4991-a685-704541d46ace,cea296cc-44bd-4c82-9f7f-edd7bd11098a,93364f7e-83ef-49f3-a1c7-cc8a04351b64,account,10f1bc81-448a-4a9e-a6b2-bc5b50c187fc,2025-09-06T12:43:00Z,2025-09-06,85248793000,100000000,2025-09-03T12:43:00Z,2,100001,7f5b6f7e-1c2d-4a4e-9a51-3a3f1d3c0a01
1c71bd90-b721-452e-b129-e0b5774e0e00,INV-000708,2b7801e1-8afc-4b64-9243-c604fef87466,7ab6e721-8352-4b8f-8eb7-0e625c7142af,93364f7e-83ef-49f3-a1c7-cc8a04351b64,account,10f1bc81-448a-4a9e-a6b2-bc5b50c187fc,2025-08-17T08:47:00Z,2025-08-17,29697844000,100000000,2025-08-17T08:47:00Z,2,100001,7f5b6f7e-1c2d-4a4e-9a51-3a3f1d3c0a01
126ad75b-66d9-44c9-b5bb-c5261357daa1,INV-000709,bd927420-663f-4594-bf18-10eae03e7299,729b4521-1518-4e2b-a13c-ed9d4d1a80af,93364f7e-83ef-49f3-a1c7-cc8a04351b64,account,10f1bc81-448a-4a9e-a6b2-bc5b50c187fc,2025-08-16T12:43:00Z,2025-08-16,89359353000,100000000,2025-08-14T12:43:00Z,2,100001,7f5b6f7e-1c2d-4a4e-9a51-3a3f1d3c0a01
9dbde09a-ebbc-4f0f-b26f-16968d1ee9d7,INV-000710,b72e6546-ae16-4497-b334-6439cb72fe95,e5e03aeb-03d4-484d-be65-b19d45801738,93364f7e-83ef-49f3-a1c7-cc8a04351b64,account,10f1bc81-448a-4a9e-a6b2-bc5b50c187fc,2025-09-16T12:24:00Z,2025-09-16,104305042000,100000000,2025-09-13T12:24:00Z,2,100001,7f5b6f7e-1c2d-4a4e-9a51-3a3f1d3c0a01
409dc25f-c945-419d-9910-d30ee2028d3d,INV-000711,8d53cea1-40e5-4868-a17a-30898df9616b,7a094779-67b8-40d0-acf7-7cfc75d8b8cf,93364f7e-83ef-49f3-a1c7-cc8a04351b64,account,10f1bc81-448a-4a9e-a6b2-bc5b50c187fc,2026-02-17T04:46:00Z,2026-02-17,108209798000,100000000,2026-02-15T04:46:00Z,2,100001,7f5b6f7e-1c2d-4a4e-9a51-3a3f1d3c0a01
53da442b-a9fa-4de8-9081-c7e068be2ee3,INV-000712,f1ca21d6-5122-4550-85eb-1114c415cb82,6986ff97-6f77-477f-9987-809c3ff3e033,93364f7e-83ef-49f3-a1c7-cc8a04351b64,account,10f1bc81-448a-4a9e-a6b2-bc5b50c187fc,2026-02-19T06:50:00Z,2026-02-19,49447615000,100000000,2026-02-16T06:50:00Z,2,100001,7f5b6f7e-1c2d-4a4e-9a51-3a3f1d3c0a01
c54f98d4-7f30-4de0-9763-c3c03ed4d43b,INV-000713,93c6a4b4-1acc-42be-b92a-53a0fdf71d0d,91c2bc1b-19f8-40bf-9faa-e000973bc0f0,93364f7e-83ef-49f3-a1c7-cc8a04351b64,account,10f1bc81-448a-4a9e-a6b2-bc5b50c187fc,2026-05-19T11:43:00Z,2026-05-19,62234111000,100000000,2026-05-17T11:43:00Z,2,100001,7f5b6f7e-1c2d-4a4e-9a51-3a3f1d3c0a01
fa7e2829-6d91-4ea8-b578-90ba6774424f,INV-000714,c1d812f9-a7ee-45b5-bf89-089cbc098b6c,681c7929-0f2c-4f1b-951c-aa50b03d5e6d,93364f7e-83ef-49f3-a1c7-cc8a04351b64,account,10f1bc81-448a-4a9e-a6b2-bc5b50c187fc,2026-05-19T06:28:00Z,2026-05-19,39957991000,100000000,2026-05-18T06:28:00Z,2,100001,7f5b6f7e-1c2d-4a4e-9a51-3a3f1d3c0a01
c21ad9dd-fe30-4f51-b1ea-dc9203833081,INV-000715,b8158943-221a-4339-a851-00e85ea30fd7,546a6f3b-9259-48c4-be48-4d1feb1cd409,4a90cd0c-24c1-43b9-b7f2-85723defa849,account,10f1bc81-448a-4a9e-a6b2-bc5b50c187fc,2024-09-12T10:52:00Z,2024-10-12,21972717000,1,2024-10-09T10:26:00Z,2,100001,7f5b6f7e-1c2d-4a4e-9a51-3a3f1d3c0a01
202c8e1d-c568-4f99-a73d-d406dfcb18fd,INV-000716,bcf11f55-135b-41e5-b543-0fad9025863a,4ee4d9c1-bcaf-41cc-b9ac-c90c4bada289,4a90cd0c-24c1-43b9-b7f2-85723defa849,account,10f1bc81-448a-4a9e-a6b2-bc5b50c187fc,2024-12-22T09:27:00Z,2025-01-21,12375530000,1,2025-01-18T08:41:00Z,2,100001,7f5b6f7e-1c2d-4a4e-9a51-3a3f1d3c0a01
aa8206ef-8f14-4459-abf4-ffcd44a80fe3,INV-000717,85a35ae6-a260-40dc-8d84-8cca91a91a5d,2a3ddff4-551d-482f-90cd-a4a33da0220b,4a90cd0c-24c1-43b9-b7f2-85723defa849,account,10f1bc81-448a-4a9e-a6b2-bc5b50c187fc,2025-07-02T07:40:00Z,2025-08-01,20894462000,1,2025-08-06T11:30:00Z,2,100001,7f5b6f7e-1c2d-4a4e-9a51-3a3f1d3c0a01
8d4d3edd-c6d2-4716-a2a6-d26a57fa701d,INV-000718,cec8f29d-055c-4393-bf87-c6edd1acf021,f4b881b1-a40f-4883-be23-ec28b1ea56f0,4a90cd0c-24c1-43b9-b7f2-85723defa849,account,10f1bc81-448a-4a9e-a6b2-bc5b50c187fc,2025-09-25T11:11:00Z,2025-10-25,11167440000,1,2025-11-01T07:57:00Z,2,100001,7f5b6f7e-1c2d-4a4e-9a51-3a3f1d3c0a01
b9311d89-bbff-45cb-aceb-0f89b3180448,INV-000719,3d3fa494-41dc-44a3-8d9c-ca68fcea17b1,b15e3a19-109c-485c-930c-c7c8ee0e81cd,4a90cd0c-24c1-43b9-b7f2-85723defa849,account,10f1bc81-448a-4a9e-a6b2-bc5b50c187fc,2025-10-28T13:03:00Z,2025-11-27,15910761000,1,2025-11-25T08:45:00Z,2,100001,7f5b6f7e-1c2d-4a4e-9a51-3a3f1d3c0a01
c0b8483a-7aa5-4249-9ca7-a25488e7e0c1,INV-000720,7a591d00-6509-464e-938b-c65362f8c130,93da35cd-773e-4528-bbf8-1f1bebb1e7da,4a90cd0c-24c1-43b9-b7f2-85723defa849,account,10f1bc81-448a-4a9e-a6b2-bc5b50c187fc,2025-10-20T07:14:00Z,2025-11-19,21421325000,1,2025-11-20T04:57:00Z,2,100001,7f5b6f7e-1c2d-4a4e-9a51-3a3f1d3c0a01
ae4d64f3-3624-4f48-b679-7eaf26eadcf5,INV-000721,6c307f72-a345-4a46-8d3b-6a33d954dd8d,4e3e3f2e-dc6d-49c6-9ecc-57afc11c9c1a,4a90cd0c-24c1-43b9-b7f2-85723defa849,account,10f1bc81-448a-4a9e-a6b2-bc5b50c187fc,2026-01-31T11:29:00Z,2026-03-02,11649463000,1,2026-03-16T12:52:00Z,2,100001,7f5b6f7e-1c2d-4a4e-9a51-3a3f1d3c0a01
4945a2c4-088c-4a67-9187-a36b569d66df,INV-000722,bfe37ce7-0569-4c96-8a1b-a71ae71c5025,6a66e64f-b6f4-4fe7-a4e7-7f6dafa3d270,5a5226e6-9d64-4932-8066-853d6de299a1,account,5304317f-af42-412f-b838-b3268e944239,2025-01-16T10:14:00Z,2025-02-15,26822074000,1,2025-02-18T06:57:00Z,2,100001,7f5b6f7e-1c2d-4a4e-9a51-3a3f1d3c0a01
6518e864-123c-4980-a1d0-0b92b9f64a50,INV-000723,397f4c10-abcb-44da-993f-4e9a646b0bdf,aea68ec1-1097-4479-b8d2-73a22d3970e6,5a5226e6-9d64-4932-8066-853d6de299a1,account,5304317f-af42-412f-b838-b3268e944239,2025-05-08T06:47:00Z,2025-06-07,8116718000,1,2025-06-07T12:59:00Z,2,100001,7f5b6f7e-1c2d-4a4e-9a51-3a3f1d3c0a01
166ae4b7-dcfb-487e-bbbd-6c92e69f8587,INV-000724,0e1eb723-3f0f-4d8a-8965-1f2108bcebb7,de82c037-eb56-4fe4-9f44-7ebf15bacbe7,5a5226e6-9d64-4932-8066-853d6de299a1,account,5304317f-af42-412f-b838-b3268e944239,2025-08-25T12:28:00Z,2025-09-24,45098351000,1,2025-12-24T08:02:00Z,2,100001,7f5b6f7e-1c2d-4a4e-9a51-3a3f1d3c0a01
41577023-7bee-4e7e-9b69-3ffc57f69618,INV-000725,74ab6a30-d0a6-41e1-bd93-329c211c7475,48a54a91-d150-470b-ac9a-2898f598987c,5a5226e6-9d64-4932-8066-853d6de299a1,account,5304317f-af42-412f-b838-b3268e944239,2025-11-06T08:56:00Z,2025-12-06,17027172000,1,2025-12-06T06:36:00Z,2,100001,7f5b6f7e-1c2d-4a4e-9a51-3a3f1d3c0a01
d70af45c-5050-439e-a8ea-db3ac0f77231,INV-000726,9ac50d4f-93ba-4473-92b7-f1ac383f483b,20f45db0-963d-4b4f-82a1-7df8ad045271,5a5226e6-9d64-4932-8066-853d6de299a1,account,5304317f-af42-412f-b838-b3268e944239,2026-04-29T07:09:00Z,2026-05-29,32199223000,1,2026-06-01T09:39:00Z,2,100001,7f5b6f7e-1c2d-4a4e-9a51-3a3f1d3c0a01
6d1b898c-f0f3-493c-9bfc-30150952bf33,INV-000727,8c7df382-3942-47c9-9c8e-c4fff00c870c,364c3948-6b8e-4a17-9f31-c92c72f2c1dc,2ff3cde4-6aa4-4c9f-9217-04753d959e3f,account,b02b61c4-a3d7-4628-ace6-6fa2fd5166e6,2024-10-26T09:23:00Z,2024-12-25,26380995000,4,2025-01-08T11:27:00Z,2,100001,7f5b6f7e-1c2d-4a4e-9a51-3a3f1d3c0a01
53175d4d-6446-413a-b05e-c3345951d439,INV-000728,f1c6ba9a-8043-4c9a-82a6-b53031d972c2,16ab4bcc-3e83-4fe8-be56-de08e004650e,2ff3cde4-6aa4-4c9f-9217-04753d959e3f,account,b02b61c4-a3d7-4628-ace6-6fa2fd5166e6,2025-05-07T10:36:00Z,2025-07-06,8503587000,4,2025-07-09T05:49:00Z,2,100001,7f5b6f7e-1c2d-4a4e-9a51-3a3f1d3c0a01
2ab66196-4584-4724-b7b2-fe74ddbd894f,INV-000729,1992d51a-f433-4073-bbd7-3bdc0e2abaca,5e14be3f-618e-4e03-bc9f-3492ca8f7afe,2ff3cde4-6aa4-4c9f-9217-04753d959e3f,account,b02b61c4-a3d7-4628-ace6-6fa2fd5166e6,2025-10-21T13:26:00Z,2025-12-20,44580466000,4,2026-06-02T13:23:00Z,2,100001,7f5b6f7e-1c2d-4a4e-9a51-3a3f1d3c0a01
23a3ceae-3efd-402a-99a6-bb9659854dbe,INV-000730,93ac351c-49af-4035-a457-57e9602c077f,44882910-e5c2-446b-b549-4d5f8d2cb488,2ff3cde4-6aa4-4c9f-9217-04753d959e3f,account,b02b61c4-a3d7-4628-ace6-6fa2fd5166e6,2026-02-05T06:30:00Z,2026-04-06,9974499000,4,,0,4,7f5b6f7e-1c2d-4a4e-9a51-3a3f1d3c0a01
369c2431-a02b-4071-a84f-f75768995fb4,INV-000731,7a7d13cc-d712-4ff2-9cac-4145c96cf14e,2e6d747a-f87a-48be-bdb3-9ec6bc822252,2ff3cde4-6aa4-4c9f-9217-04753d959e3f,account,b02b61c4-a3d7-4628-ace6-6fa2fd5166e6,2026-04-07T13:26:00Z,2026-06-06,7809733000,4,2026-06-27T13:00:00Z,2,100001,7f5b6f7e-1c2d-4a4e-9a51-3a3f1d3c0a01
3bf42b73-6642-42ba-b7f1-3cfecd23a8a3,INV-000732,beb86451-8228-4b09-870e-27d8ded3c172,352f5d9b-1435-4ff0-85c0-0df610a42655,8603156a-15ea-4bcf-ab10-21ceaa143cd8,account,e27a984d-6548-41d0-bfcd-9eb1a7cad415,2024-09-30T05:34:00Z,2024-10-30,83472311000,1,2024-11-25T05:54:00Z,2,100001,7f5b6f7e-1c2d-4a4e-9a51-3a3f1d3c0a01
f63d3d66-16ba-47dc-8e04-533eb63f1f85,INV-000733,3a1aa04f-5b17-4d76-8d77-c58ce4d93606,950df708-2b5b-49a3-b456-85feb536db33,f4124360-1153-4e99-9c50-8720f982f4e0,account,ce177b4e-0837-48a3-9261-a7ab3aa2e4f9,2024-10-12T12:44:00Z,2024-10-12,30437225000,100000000,2024-10-12T12:44:00Z,2,100001,7f5b6f7e-1c2d-4a4e-9a51-3a3f1d3c0a01
43a9b0f8-dc13-4bcf-9296-68f1cb963098,INV-000734,454fa243-9d4c-4ee0-84ac-6e472e7d979e,fd7f58cc-4d76-46c7-bd4d-3a6f3d18d4bc,f4124360-1153-4e99-9c50-8720f982f4e0,account,ce177b4e-0837-48a3-9261-a7ab3aa2e4f9,2024-10-19T07:45:00Z,2024-10-19,35858249000,100000000,2024-10-19T07:45:00Z,2,100001,7f5b6f7e-1c2d-4a4e-9a51-3a3f1d3c0a01
d1fe47b8-8ba9-4cae-b77d-6fb9b7bcf70b,INV-000735,a0a66538-3000-4791-a78f-9f4d22b8ad4f,c5684d65-b738-4c25-8701-b67625ab3123,f4124360-1153-4e99-9c50-8720f982f4e0,account,ce177b4e-0837-48a3-9261-a7ab3aa2e4f9,2024-11-16T10:19:00Z,2024-11-16,38195636000,100000000,2024-11-15T10:19:00Z,2,100001,7f5b6f7e-1c2d-4a4e-9a51-3a3f1d3c0a01
7d019fd8-a888-4c50-a95a-bdacdc9826d3,INV-000736,3f18e281-0d43-4095-ae53-8cc2cc1afaef,4a51ad81-7665-4c62-86ff-620ee027f69f,c9525185-81e0-4a5e-8b48-f49686abd4e7,account,0e51f30d-c6a7-4e39-84b0-32ccd7c524a5,2024-10-26T11:15:00Z,2024-10-26,9168826000,100000000,2024-10-23T11:15:00Z,2,100001,7f5b6f7e-1c2d-4a4e-9a51-3a3f1d3c0a01
3ca36913-b8e8-43ef-bfd2-acebdfe4dbce,INV-000737,b4d10663-bae6-4ed3-8219-a73e98c33391,f1464f16-2b7e-47ab-a5d5-a88a1e7eda9d,0534a101-8ddc-4719-81f3-8dd4fd034ada,account,e27a984d-6548-41d0-bfcd-9eb1a7cad415,2024-08-04T05:35:00Z,2024-10-03,80077642000,4,2024-11-23T07:57:00Z,2,100001,7f5b6f7e-1c2d-4a4e-9a51-3a3f1d3c0a01
9317c203-846d-4d4e-a793-0fd0ba1783f7,INV-000738,e487d6b7-3ea0-45a6-8557-0f500928a253,65ffae65-ceb2-4baa-a0a1-3adf4c914c6d,0534a101-8ddc-4719-81f3-8dd4fd034ada,account,e27a984d-6548-41d0-bfcd-9eb1a7cad415,2024-11-09T12:54:00Z,2025-01-08,49440029000,4,2025-04-09T09:25:00Z,2,100001,7f5b6f7e-1c2d-4a4e-9a51-3a3f1d3c0a01
f6e044d8-f49d-4b66-a5ae-ae7a756ade9f,INV-000739,e03589c1-c09d-4c14-86a2-c50b18c13837,aa4844c9-9d6d-4f2e-9fda-f1bcd58472d2,0534a101-8ddc-4719-81f3-8dd4fd034ada,account,e27a984d-6548-41d0-bfcd-9eb1a7cad415,2025-02-20T13:03:00Z,2025-04-21,31248176000,4,2025-05-21T13:28:00Z,2,100001,7f5b6f7e-1c2d-4a4e-9a51-3a3f1d3c0a01
3f7d6935-9621-4a4d-bb33-de88e8be75c2,INV-000740,7c6392b5-4527-4e4a-9703-e9ec0d5e8256,64c8ce48-ce52-4270-a848-a4523fa92126,0534a101-8ddc-4719-81f3-8dd4fd034ada,account,e27a984d-6548-41d0-bfcd-9eb1a7cad415,2025-04-12T10:40:00Z,2025-06-11,42187906000,4,2025-12-18T09:35:00Z,2,100001,7f5b6f7e-1c2d-4a4e-9a51-3a3f1d3c0a01
5235cc49-112a-4993-b1d6-f451ec0ec214,INV-000741,b169b249-e792-4a73-a517-95e0cc46748b,9b6728f0-a60b-485d-a260-126c7a9061c6,0b251279-785a-45d0-9f92-a62163f4c69d,account,366eb16f-508e-4ad7-b7c9-3acfe059a0ee,2024-09-28T13:09:00Z,2024-11-27,28207667000,4,2024-11-25T10:52:00Z,2,100001,7f5b6f7e-1c2d-4a4e-9a51-3a3f1d3c0a01
5072cafe-7637-4b15-b003-a47f5b183ea3,INV-000742,3b0e1340-c92d-472a-9141-4acf9d2d4e00,cc3012bc-15e9-4b60-abd2-beb19bc69090,0b251279-785a-45d0-9f92-a62163f4c69d,account,366eb16f-508e-4ad7-b7c9-3acfe059a0ee,2025-04-23T10:14:00Z,2025-06-22,9890862000,4,2025-07-30T07:54:00Z,2,100001,7f5b6f7e-1c2d-4a4e-9a51-3a3f1d3c0a01
8ef70156-ed9b-45e9-963a-229f83b40e3b,INV-000743,4e850061-ac6b-4176-9af3-4c99f27c717e,1bbaee7b-2046-4458-9154-bb65a402172a,5f90bed6-fb25-464d-a30a-a767a2bb522b,account,b02b61c4-a3d7-4628-ace6-6fa2fd5166e6,2024-08-10T11:58:00Z,2024-10-09,5065962000,4,2024-10-10T04:32:00Z,2,100001,7f5b6f7e-1c2d-4a4e-9a51-3a3f1d3c0a01
0b919331-6342-4c0e-b1fe-14a80a88239a,INV-000744,b8e9b788-bb64-4a6f-9148-fed229a32d4d,eaa787a8-c716-4133-8a46-acd1522f49e5,5f90bed6-fb25-464d-a30a-a767a2bb522b,account,b02b61c4-a3d7-4628-ace6-6fa2fd5166e6,2025-06-12T13:08:00Z,2025-08-11,13459959000,4,2025-08-09T10:39:00Z,2,100001,7f5b6f7e-1c2d-4a4e-9a51-3a3f1d3c0a01
daae1a85-803f-4838-8e1e-22d3a6d9dca6,INV-000745,f375bcef-ddb5-4805-87b9-09e448f555cc,d0a67355-3902-418f-a191-6a1b8fc15b4e,5f90bed6-fb25-464d-a30a-a767a2bb522b,account,b02b61c4-a3d7-4628-ace6-6fa2fd5166e6,2025-08-27T08:10:00Z,2025-10-26,12624408000,4,2025-10-27T13:02:00Z,2,100001,7f5b6f7e-1c2d-4a4e-9a51-3a3f1d3c0a01
fdaccf5f-5b27-4b3c-8042-81fc53802a97,INV-000746,0028de0c-9ad6-4507-8cd5-ffc191b67c1b,f3a01606-2b3d-4051-8afa-1af1b664ea6b,5f90bed6-fb25-464d-a30a-a767a2bb522b,account,b02b61c4-a3d7-4628-ace6-6fa2fd5166e6,2025-10-08T12:23:00Z,2025-12-07,27670174000,4,2025-12-08T06:28:00Z,2,100001,7f5b6f7e-1c2d-4a4e-9a51-3a3f1d3c0a01
6043959d-6daf-44dd-8b7a-def1573fbf0d,INV-000747,b0c57433-1889-4220-ac1d-3bad838ff7d6,c5809b61-bf61-471f-a27c-d3b9a8098bd9,5f90bed6-fb25-464d-a30a-a767a2bb522b,account,b02b61c4-a3d7-4628-ace6-6fa2fd5166e6,2025-10-12T12:58:00Z,2025-12-11,38140064000,4,2025-12-14T04:50:00Z,2,100001,7f5b6f7e-1c2d-4a4e-9a51-3a3f1d3c0a01
9a23386f-50ec-433d-b493-54a441468a0c,INV-000748,c04ec3ba-6b7e-4d5a-be3f-bbc1413191d4,a185649a-31ae-4576-8a89-40c28c44adcc,5f90bed6-fb25-464d-a30a-a767a2bb522b,account,b02b61c4-a3d7-4628-ace6-6fa2fd5166e6,2025-10-18T07:28:00Z,2025-12-17,22757749000,4,2025-12-21T09:31:00Z,2,100001,7f5b6f7e-1c2d-4a4e-9a51-3a3f1d3c0a01
6df391bb-7e57-42fe-bd6b-a29550831eeb,INV-000749,d8b431c8-1a24-4e2f-9294-b846d9cb4532,6ee53129-e4c6-40b6-a81f-5f29cb44b468,5f90bed6-fb25-464d-a30a-a767a2bb522b,account,b02b61c4-a3d7-4628-ace6-6fa2fd5166e6,2025-10-29T06:55:00Z,2025-12-28,19434434000,4,2026-01-08T11:02:00Z,2,100001,7f5b6f7e-1c2d-4a4e-9a51-3a3f1d3c0a01
f4d86af0-e53e-4953-8f99-060ee4e41f2c,INV-000750,f73de8f1-e379-42e0-a8a2-c969cac781d3,b947f585-444f-4b33-afc6-6cc414d6dcc0,5f90bed6-fb25-464d-a30a-a767a2bb522b,account,b02b61c4-a3d7-4628-ace6-6fa2fd5166e6,2026-01-08T13:11:00Z,2026-03-09,23786829000,4,2026-03-10T11:02:00Z,2,100001,7f5b6f7e-1c2d-4a4e-9a51-3a3f1d3c0a01
d883ffb0-4ba9-4bd4-87b0-6150a59a6b36,INV-000751,30351f47-b38a-406d-a1fc-2129e7048b4e,41df5e04-02b7-4f78-ae7e-9808827b18f0,5f90bed6-fb25-464d-a30a-a767a2bb522b,account,b02b61c4-a3d7-4628-ace6-6fa2fd5166e6,2026-06-15T05:38:00Z,2026-08-14,17743940000,4,,0,4,7f5b6f7e-1c2d-4a4e-9a51-3a3f1d3c0a01
247c8cad-70ab-4ab8-b159-2fe57a56b0b2,INV-000752,a6d7690a-0e7c-44fa-bc03-cfef38fe4703,3aeddb76-4e31-4478-982b-2809524187b9,5b6a8102-0428-4378-bf50-23f440ef3935,account,9132b63e-f162-47e4-a9c3-49e03602f8ac,2024-08-11T08:18:00Z,2024-10-10,49120669000,4,2024-11-12T13:00:00Z,2,100001,7f5b6f7e-1c2d-4a4e-9a51-3a3f1d3c0a01
1bbed2b1-a9ba-4509-ad40-e806eacb7971,INV-000753,abb659b5-3fe8-4002-814e-617d6d1bbd29,bde48ce5-7865-4c59-8e13-ea3f55831b87,3dba6da8-5844-49fc-914b-9547c9dc72b8,account,b02b61c4-a3d7-4628-ace6-6fa2fd5166e6,2024-10-06T10:38:00Z,2024-10-06,9351181000,100000000,2024-10-03T10:38:00Z,2,100001,7f5b6f7e-1c2d-4a4e-9a51-3a3f1d3c0a01
b2e748e4-b30d-4d62-93a3-cdf54270b816,INV-000754,0ac9ae1f-32f2-42bd-b3ec-e1d25d9ff9b7,38963501-2aec-49c3-ae18-fe96b91f726f,3dba6da8-5844-49fc-914b-9547c9dc72b8,account,b02b61c4-a3d7-4628-ace6-6fa2fd5166e6,2025-05-15T05:11:00Z,2025-05-15,35996565000,100000000,2025-05-15T05:11:00Z,2,100001,7f5b6f7e-1c2d-4a4e-9a51-3a3f1d3c0a01
a28ff149-c5d6-484a-a23b-068f7d290eaf,INV-000755,4f47d62c-a754-456e-9148-d73f5185708d,50bf790e-c9e4-49ba-ae9e-9e5f89ebb925,3dba6da8-5844-49fc-914b-9547c9dc72b8,account,b02b61c4-a3d7-4628-ace6-6fa2fd5166e6,2025-08-18T11:52:00Z,2025-08-18,13779925000,100000000,2025-08-16T11:52:00Z,2,100001,7f5b6f7e-1c2d-4a4e-9a51-3a3f1d3c0a01
1b2a224d-017f-4d87-a6d0-4fa1682b73d8,INV-000756,3ef65274-12ad-48ca-a3aa-6ff464ce77ec,0b29926c-9728-42b0-b807-34de6e92f320,3dba6da8-5844-49fc-914b-9547c9dc72b8,account,b02b61c4-a3d7-4628-ace6-6fa2fd5166e6,2025-11-05T10:31:00Z,2025-11-05,14863541000,100000000,2025-11-05T10:31:00Z,2,100001,7f5b6f7e-1c2d-4a4e-9a51-3a3f1d3c0a01
ddaf1dd0-2f01-41a6-8384-5bd5e3d576b0,INV-000757,450221a7-97b5-4961-af6c-19848ac0f22a,708a19f4-629c-4dbe-917a-2e88978b192d,3dba6da8-5844-49fc-914b-9547c9dc72b8,account,b02b61c4-a3d7-4628-ace6-6fa2fd5166e6,2026-02-11T09:43:00Z,2026-02-11,34077766000,100000000,2026-02-09T09:43:00Z,2,100001,7f5b6f7e-1c2d-4a4e-9a51-3a3f1d3c0a01
45d23df1-63cd-4cfa-a02b-12b930489297,INV-000758,cb3cf4bd-f774-4c01-82f0-e3f350455a6e,2b6b9ebe-b595-4781-9888-e2ac4f50f57a,3dba6da8-5844-49fc-914b-9547c9dc72b8,account,b02b61c4-a3d7-4628-ace6-6fa2fd5166e6,2026-06-13T12:25:00Z,2026-06-13,37394354000,100000000,2026-06-10T12:25:00Z,2,100001,7f5b6f7e-1c2d-4a4e-9a51-3a3f1d3c0a01
a0daa37b-37d9-464f-bae5-d67974b1cc60,INV-000759,8000dfa7-7499-4645-84ac-d544c9ed2b44,18a72402-f054-47f8-a43f-2eeb363207a7,1a89b71e-a0d5-42c8-a837-fe68bba205ca,account,24933b83-7577-40a9-a491-f0b2ea1fca65,2024-09-07T08:41:00Z,2024-11-06,13414325000,4,2024-11-06T06:10:00Z,2,100001,7f5b6f7e-1c2d-4a4e-9a51-3a3f1d3c0a01
ccc68355-f8a4-424c-9f55-304c7b9c1821,INV-000760,a2215782-7344-4aad-aedc-3f4396cddf83,f73a3208-1d61-45aa-a5e5-c2ab508f8f25,5a304528-0b59-4562-a227-219f551ff086,account,b02b61c4-a3d7-4628-ace6-6fa2fd5166e6,2024-12-05T10:51:00Z,2025-01-04,18620648000,1,2025-01-08T08:08:00Z,2,100001,7f5b6f7e-1c2d-4a4e-9a51-3a3f1d3c0a01
fd5e2e8b-f13d-4ace-87e6-67da13e324b6,INV-000761,1456b33e-b314-499a-9709-478e719b135b,a0ddc00e-f134-42d6-8ea7-2df02528573c,5a304528-0b59-4562-a227-219f551ff086,account,b02b61c4-a3d7-4628-ace6-6fa2fd5166e6,2025-03-11T06:33:00Z,2025-04-10,37209485000,1,2025-04-07T10:21:00Z,2,100001,7f5b6f7e-1c2d-4a4e-9a51-3a3f1d3c0a01
7e68d902-1806-44f6-8d0a-3a879f3a49cf,INV-000762,acc941dc-1586-452a-8870-49028ccc42c3,8cac6cd4-7b00-4f20-8b27-2489c6c08151,5a304528-0b59-4562-a227-219f551ff086,account,b02b61c4-a3d7-4628-ace6-6fa2fd5166e6,2025-10-09T12:28:00Z,2025-11-08,29134501000,1,2025-11-24T07:35:00Z,2,100001,7f5b6f7e-1c2d-4a4e-9a51-3a3f1d3c0a01
0fb0f35a-d60e-4cee-ad46-65d8277f4ae4,INV-000763,b9f787e8-6edc-419f-966f-4e518f55ae0e,f4ce2358-d13f-4c48-88aa-33b6b709b140,5a304528-0b59-4562-a227-219f551ff086,account,b02b61c4-a3d7-4628-ace6-6fa2fd5166e6,2025-11-26T10:49:00Z,2025-12-26,13204006000,1,2026-01-03T07:59:00Z,2,100001,7f5b6f7e-1c2d-4a4e-9a51-3a3f1d3c0a01
fe924949-1447-4297-94fa-3ae5cc2050ac,INV-000764,8c3492ca-e2b9-471a-9e42-7585a5d146ae,4c2777cc-3e97-4601-aa78-15f358cb4a86,a48e40f1-d042-4dfa-96ab-087a8bc78e81,account,0e51f30d-c6a7-4e39-84b0-32ccd7c524a5,2025-02-19T10:31:00Z,2025-02-19,15280381000,100000000,2025-02-16T10:31:00Z,2,100001,7f5b6f7e-1c2d-4a4e-9a51-3a3f1d3c0a01
09fdbce7-a300-4d69-8e9d-3de8900492bf,INV-000765,b4eb09a9-7759-4d1e-9bca-3c2381210ec2,5ed6a35f-c78b-406e-8235-229102589385,a48e40f1-d042-4dfa-96ab-087a8bc78e81,account,0e51f30d-c6a7-4e39-84b0-32ccd7c524a5,2025-04-09T12:57:00Z,2025-04-09,38672762000,100000000,2025-04-06T12:57:00Z,2,100001,7f5b6f7e-1c2d-4a4e-9a51-3a3f1d3c0a01
68983515-6127-4e3d-ad45-996c6ab270fe,INV-000766,b2a7931b-13f0-4259-8497-f15da449d83b,d36f1a2a-b518-4d65-b383-4801f91869f5,a48e40f1-d042-4dfa-96ab-087a8bc78e81,account,0e51f30d-c6a7-4e39-84b0-32ccd7c524a5,2025-08-25T09:44:00Z,2025-08-25,64495030000,100000000,2025-08-23T09:44:00Z,2,100001,7f5b6f7e-1c2d-4a4e-9a51-3a3f1d3c0a01
abe719d1-1b4f-4c85-b11f-1043ae9156ef,INV-000767,1ac3f79b-22ac-4d03-9c46-81e3d9291f50,886d7a41-c638-48e2-9591-df25ec2ed5ea,a48e40f1-d042-4dfa-96ab-087a8bc78e81,account,0e51f30d-c6a7-4e39-84b0-32ccd7c524a5,2025-10-07T05:44:00Z,2025-10-07,23661775000,100000000,2025-10-07T05:44:00Z,2,100001,7f5b6f7e-1c2d-4a4e-9a51-3a3f1d3c0a01
43724de8-6652-4c66-b677-999b03751856,INV-000768,ba697671-0601-46ab-b390-9c410f80e42c,e55ba6b5-bdae-4fdb-b78c-35df1609eed8,a48e40f1-d042-4dfa-96ab-087a8bc78e81,account,0e51f30d-c6a7-4e39-84b0-32ccd7c524a5,2026-05-24T06:47:00Z,2026-05-24,82616725000,100000000,2026-05-23T06:47:00Z,2,100001,7f5b6f7e-1c2d-4a4e-9a51-3a3f1d3c0a01
38ed7f36-9c3d-4f3d-9c89-d4cae1e8f56c,INV-000769,ceb536c1-fbca-41f2-ba34-0b4f16491bb6,ac8e4cd0-221e-4ea9-b2d8-a4ae787d02c3,a48e40f1-d042-4dfa-96ab-087a8bc78e81,account,0e51f30d-c6a7-4e39-84b0-32ccd7c524a5,2026-06-13T12:17:00Z,2026-06-13,66534341000,100000000,2026-06-13T12:17:00Z,2,100001,7f5b6f7e-1c2d-4a4e-9a51-3a3f1d3c0a01
19533dd1-0e7e-476b-8b77-032acecc650c,INV-000770,6f506a4a-2690-4357-9b4d-ae9b56e48942,9c811004-9369-475c-b6cd-11f7c1faaa3d,af475b49-c775-4395-9494-05f02cd2a404,account,e27a984d-6548-41d0-bfcd-9eb1a7cad415,2024-09-19T10:48:00Z,2024-10-19,12755430000,1,2024-10-20T07:31:00Z,2,100001,7f5b6f7e-1c2d-4a4e-9a51-3a3f1d3c0a01
7979626b-4af2-4581-b647-b34cdacabfae,INV-000771,f35d9b69-10fb-48be-9518-f00115f29f76,8b3d0d71-8d64-4c64-b24b-a43b69a94cf8,af475b49-c775-4395-9494-05f02cd2a404,account,e27a984d-6548-41d0-bfcd-9eb1a7cad415,2024-10-12T05:43:00Z,2024-11-11,18623317000,1,2024-11-09T12:15:00Z,2,100001,7f5b6f7e-1c2d-4a4e-9a51-3a3f1d3c0a01
8131e6cb-2e6b-489c-81ba-db1d1b32a288,INV-000772,c828cffa-cc2f-4365-b4d0-1d2dce36c08a,cd6d0a68-d138-4313-b6af-ac772747f441,af475b49-c775-4395-9494-05f02cd2a404,account,e27a984d-6548-41d0-bfcd-9eb1a7cad415,2025-01-18T12:46:00Z,2025-02-17,84871282000,1,2025-02-15T08:18:00Z,2,100001,7f5b6f7e-1c2d-4a4e-9a51-3a3f1d3c0a01
611f1fb8-cca8-4691-8714-c3f77737e0bf,INV-000773,5e87a3b2-da81-4383-b763-d6fa340c79ab,2a3a5415-4d24-470f-8836-50ed89854b3c,7a8104de-b205-47bb-bb16-f75776f186ab,account,beb79919-3f22-4af8-a3be-d01d43cf2fde,2024-12-22T12:35:00Z,2025-02-20,18505469000,4,2025-03-31T12:28:00Z,2,100001,7f5b6f7e-1c2d-4a4e-9a51-3a3f1d3c0a01
cb7b573f-e914-4d65-8dfd-153059cec23e,INV-000774,5c78e7a5-80d0-4e97-b2ad-6e425f9a0755,c2ac97da-b5a9-46c9-a53d-72855f0679aa,7a8104de-b205-47bb-bb16-f75776f186ab,account,beb79919-3f22-4af8-a3be-d01d43cf2fde,2025-02-12T12:37:00Z,2025-04-13,13857010000,4,2025-04-14T11:56:00Z,2,100001,7f5b6f7e-1c2d-4a4e-9a51-3a3f1d3c0a01
db929a0b-f0ad-45d2-a7d7-c9dcbe7241b6,INV-000775,b45bf65e-b730-42ed-8e7e-24f7d2db8533,78a0a746-19b4-47e5-9a12-4b4945dc148f,7a8104de-b205-47bb-bb16-f75776f186ab,account,beb79919-3f22-4af8-a3be-d01d43cf2fde,2025-09-10T12:23:00Z,2025-11-09,9958880000,4,2025-12-03T10:19:00Z,2,100001,7f5b6f7e-1c2d-4a4e-9a51-3a3f1d3c0a01
2157d7ec-8ec3-40d4-a5c8-8e4f7fc3fa1c,INV-000776,b792d157-fb19-4fd1-99db-600a798dfe1b,76cf2478-b707-4cf6-b637-7b2c86b7de6e,2285b2ef-cfbe-4fe9-aea9-c542a1b970d0,account,0e51f30d-c6a7-4e39-84b0-32ccd7c524a5,2024-09-14T04:35:00Z,2024-09-14,34060201000,100000000,2024-09-13T04:35:00Z,2,100001,7f5b6f7e-1c2d-4a4e-9a51-3a3f1d3c0a01
66d69d82-7f5c-4c92-9183-65c372e856ea,INV-000777,8d7d6aee-1ba8-4f5a-aac9-6f6885680196,d1b0e0c0-e4fc-4103-bbb2-717ce80f7724,2285b2ef-cfbe-4fe9-aea9-c542a1b970d0,account,0e51f30d-c6a7-4e39-84b0-32ccd7c524a5,2024-08-20T06:42:00Z,2024-08-20,41868752000,100000000,2024-08-17T06:42:00Z,2,100001,7f5b6f7e-1c2d-4a4e-9a51-3a3f1d3c0a01
98d956c2-7c6e-476f-91ac-39de150c0df9,INV-000778,9abb2813-7a85-4930-9f66-7bf9db80a8ce,31e3be07-a8ec-4d87-97e0-8108a0bc716c,2285b2ef-cfbe-4fe9-aea9-c542a1b970d0,account,0e51f30d-c6a7-4e39-84b0-32ccd7c524a5,2024-09-11T05:30:00Z,2024-09-11,45566776000,100000000,2024-09-10T05:30:00Z,2,100001,7f5b6f7e-1c2d-4a4e-9a51-3a3f1d3c0a01
a36daeab-0186-48a8-807a-9bceecdd508c,INV-000779,e505470e-302b-4472-a0c7-1ff7d0f42869,456fccac-4782-40b8-a6f4-5b0bb566663e,2285b2ef-cfbe-4fe9-aea9-c542a1b970d0,account,0e51f30d-c6a7-4e39-84b0-32ccd7c524a5,2025-04-20T12:25:00Z,2025-04-20,46086773000,100000000,2025-04-18T12:25:00Z,2,100001,7f5b6f7e-1c2d-4a4e-9a51-3a3f1d3c0a01
f1413bff-4520-4c67-99b1-b3679af3fc53,INV-000780,15308876-8b64-4e04-8b67-cd6c2fa0f083,13998cf0-bd96-42f5-bce3-cbcef65388ab,2285b2ef-cfbe-4fe9-aea9-c542a1b970d0,account,0e51f30d-c6a7-4e39-84b0-32ccd7c524a5,2025-08-16T09:15:00Z,2025-08-16,22791554000,100000000,2025-08-15T09:15:00Z,2,100001,7f5b6f7e-1c2d-4a4e-9a51-3a3f1d3c0a01
244c0e75-2370-4de5-b460-33bc118c405f,INV-000781,c8192381-834e-4b3c-bd6c-30f30bdba451,7b1a249f-6138-4223-ba96-cedd76cda39e,2285b2ef-cfbe-4fe9-aea9-c542a1b970d0,account,0e51f30d-c6a7-4e39-84b0-32ccd7c524a5,2026-06-29T07:14:00Z,2026-06-29,26732716000,100000000,2026-06-26T07:14:00Z,2,100001,7f5b6f7e-1c2d-4a4e-9a51-3a3f1d3c0a01
94a2a99f-3969-4f9b-a2c0-2ce942479650,INV-000782,43a2d14e-c2d6-441b-b99a-d9e6e01322c7,24765d8a-1862-44ea-8359-50bb61612cd1,f1901b7e-c6b4-49ef-b74e-ba9310275b53,account,10f1bc81-448a-4a9e-a6b2-bc5b50c187fc,2024-08-17T12:37:00Z,2024-10-16,23737667000,4,2024-12-19T04:33:00Z,2,100001,7f5b6f7e-1c2d-4a4e-9a51-3a3f1d3c0a01
da65e7fe-8389-4e67-94aa-384f29c88ba5,INV-000783,b1be871c-1b00-47c1-b37c-ad3e8d59fb30,83627d08-27e0-4fde-aa48-7b0a7424f3ba,f1901b7e-c6b4-49ef-b74e-ba9310275b53,account,10f1bc81-448a-4a9e-a6b2-bc5b50c187fc,2024-07-22T09:37:00Z,2024-09-20,19775735000,4,2024-10-03T12:43:00Z,2,100001,7f5b6f7e-1c2d-4a4e-9a51-3a3f1d3c0a01
30bbaeca-3ab8-4dd8-bad3-463df782997d,INV-000784,968571c1-f94d-4ff9-914e-c198bad304e5,01a6bdfb-a0f4-489c-931b-1743e859c05d,f1901b7e-c6b4-49ef-b74e-ba9310275b53,account,10f1bc81-448a-4a9e-a6b2-bc5b50c187fc,2024-08-24T11:43:00Z,2024-10-23,32788238000,4,2024-11-14T07:35:00Z,2,100001,7f5b6f7e-1c2d-4a4e-9a51-3a3f1d3c0a01
f022d192-d90a-4ff4-a3e1-a91bf6c33ed8,INV-000785,86b4facb-2b7a-4ab6-b019-882a84bd3f3a,45c2057d-cbb6-4862-b539-44d14c518db2,f1901b7e-c6b4-49ef-b74e-ba9310275b53,account,10f1bc81-448a-4a9e-a6b2-bc5b50c187fc,2025-01-07T11:31:00Z,2025-03-08,43543928000,4,2025-03-13T10:40:00Z,2,100001,7f5b6f7e-1c2d-4a4e-9a51-3a3f1d3c0a01
413cb0cf-36f1-4b7b-8e38-b40801fdba38,INV-000786,1d1e7581-ee1a-4f27-bc9a-844ea319fd70,ffbda08c-04a0-44c0-8dd6-f9d6360b3519,e2c328aa-3310-4475-8a86-22250b36e356,account,5304317f-af42-412f-b838-b3268e944239,2024-09-26T11:08:00Z,2024-10-26,22035840000,1,2024-10-30T07:01:00Z,2,100001,7f5b6f7e-1c2d-4a4e-9a51-3a3f1d3c0a01
b9132460-dc03-4348-8479-d64d6bb73e4b,INV-000787,e512e24e-093f-457b-9c2d-c5d6d5f57f20,15551dd1-7f1e-4630-8097-854c028f8975,e2c328aa-3310-4475-8a86-22250b36e356,account,5304317f-af42-412f-b838-b3268e944239,2025-07-28T08:32:00Z,2025-08-27,21766972000,1,2025-09-07T09:57:00Z,2,100001,7f5b6f7e-1c2d-4a4e-9a51-3a3f1d3c0a01
7b8ad1d9-b343-4e99-becb-69d80aead7fc,INV-000788,5ef6617b-e83f-43a7-a665-0a71f83e5fbe,0d3c09a2-0fed-45ad-9da1-d1e39180c089,e2c328aa-3310-4475-8a86-22250b36e356,account,5304317f-af42-412f-b838-b3268e944239,2025-07-26T10:34:00Z,2025-08-25,25475289000,1,2025-09-07T10:15:00Z,2,100001,7f5b6f7e-1c2d-4a4e-9a51-3a3f1d3c0a01
88d5e939-1f20-4fbf-8dbf-0e0a3d565d59,INV-000789,c77c9b94-8035-46de-afea-2d5ffde66315,7675e454-b391-437f-8675-1b411b8f2e54,e2c328aa-3310-4475-8a86-22250b36e356,account,5304317f-af42-412f-b838-b3268e944239,2025-11-15T05:25:00Z,2025-12-15,41926271000,1,2025-12-16T08:38:00Z,2,100001,7f5b6f7e-1c2d-4a4e-9a51-3a3f1d3c0a01
25894a0e-9b40-416c-94bd-19fad948d6ac,INV-000790,894c2064-76fe-443c-a630-e6b007ffbb92,3c1af985-2346-40de-9b31-b4aefa58a776,095ffa81-40d9-4bce-b930-ba208b040f49,account,5304317f-af42-412f-b838-b3268e944239,2026-06-27T09:58:00Z,2026-06-27,16613437000,100000000,2026-06-27T09:58:00Z,2,100001,7f5b6f7e-1c2d-4a4e-9a51-3a3f1d3c0a01
7192686d-5fbe-43d3-8ff0-d62d8cc95f90,INV-000791,a3ab26a2-abcd-46bf-b48f-82c8ea1b5cee,447bac63-0911-4d30-bdab-4703d5c4b429,493e904d-30ec-4796-a59b-457fc0d7ac73,account,e27a984d-6548-41d0-bfcd-9eb1a7cad415,2024-09-01T09:06:00Z,2024-09-01,44233854000,100000000,2024-08-29T09:06:00Z,2,100001,7f5b6f7e-1c2d-4a4e-9a51-3a3f1d3c0a01
090a8795-3493-4afb-b1bf-753a248f945f,INV-000792,ef2571c2-4968-4eb1-b165-5de52b0c5807,14683e51-a2d6-4a85-b801-90ca15f9b297,493e904d-30ec-4796-a59b-457fc0d7ac73,account,e27a984d-6548-41d0-bfcd-9eb1a7cad415,2024-10-28T07:16:00Z,2024-10-28,129031579000,100000000,2024-10-28T07:16:00Z,2,100001,7f5b6f7e-1c2d-4a4e-9a51-3a3f1d3c0a01
218d9580-95c8-4ffb-ba85-ade7fd942546,INV-000793,b3198eab-91c2-4847-9763-c6536ed11210,70bc5f4a-2af0-408d-a735-8511e93360d6,493e904d-30ec-4796-a59b-457fc0d7ac73,account,e27a984d-6548-41d0-bfcd-9eb1a7cad415,2025-04-12T07:09:00Z,2025-04-12,50686650000,100000000,2025-04-11T07:09:00Z,2,100001,7f5b6f7e-1c2d-4a4e-9a51-3a3f1d3c0a01
c9c7a10d-32ac-49ca-aef6-bc5861abcbde,INV-000794,3a88455d-3afa-4840-9034-132420637e8e,1067cbf3-923b-4318-8ec4-8ee87aada999,493e904d-30ec-4796-a59b-457fc0d7ac73,account,e27a984d-6548-41d0-bfcd-9eb1a7cad415,2025-06-26T04:41:00Z,2025-06-26,63971776000,100000000,2025-06-24T04:41:00Z,2,100001,7f5b6f7e-1c2d-4a4e-9a51-3a3f1d3c0a01
bf30d4f7-de4b-42fb-9413-1e65b9897ccc,INV-000795,4a98c3d6-37d3-4017-b075-bd9cae09e3a4,93fb07bc-438a-4630-8364-71db1c696bce,493e904d-30ec-4796-a59b-457fc0d7ac73,account,e27a984d-6548-41d0-bfcd-9eb1a7cad415,2025-08-04T04:37:00Z,2025-08-04,42980650000,100000000,2025-08-02T04:37:00Z,2,100001,7f5b6f7e-1c2d-4a4e-9a51-3a3f1d3c0a01
4f5b897c-efe1-48ab-849a-907551354b3c,INV-000796,5dac6c93-89f6-4248-b8e2-f5039b67774e,1a269950-6aae-409d-b98a-a3f2a193f3f5,493e904d-30ec-4796-a59b-457fc0d7ac73,account,e27a984d-6548-41d0-bfcd-9eb1a7cad415,2026-02-09T05:58:00Z,2026-02-09,74027544000,100000000,2026-02-08T05:58:00Z,2,100001,7f5b6f7e-1c2d-4a4e-9a51-3a3f1d3c0a01
99dce501-da94-4efb-a1bc-66c754589e6c,INV-000797,42d34d43-b565-4765-87b4-513de2a9d32c,1beba2c3-ecd5-41c6-967c-e7def32cf8e9,493e904d-30ec-4796-a59b-457fc0d7ac73,account,e27a984d-6548-41d0-bfcd-9eb1a7cad415,2026-02-08T08:34:00Z,2026-02-08,64203506000,100000000,2026-02-08T08:34:00Z,2,100001,7f5b6f7e-1c2d-4a4e-9a51-3a3f1d3c0a01
7c2b89e4-bcaf-489f-851a-e51c9f654ec0,INV-000798,43c3b213-ddb0-4d7d-bf7e-84c5328dc2b0,65fd0389-f028-401f-8cba-96830d43c665,493e904d-30ec-4796-a59b-457fc0d7ac73,account,e27a984d-6548-41d0-bfcd-9eb1a7cad415,2026-05-11T05:54:00Z,2026-05-11,202064212000,100000000,2026-05-10T05:54:00Z,2,100001,7f5b6f7e-1c2d-4a4e-9a51-3a3f1d3c0a01
8e661ba6-bad6-4379-96d6-d707a0a2347b,INV-000799,3c697e96-fc8c-452f-88d3-a50070b917f1,2689703f-8402-4d6b-bc03-a2b990ef8b31,493e904d-30ec-4796-a59b-457fc0d7ac73,account,e27a984d-6548-41d0-bfcd-9eb1a7cad415,2026-05-06T10:40:00Z,2026-05-06,28519722000,100000000,2026-05-03T10:40:00Z,2,100001,7f5b6f7e-1c2d-4a4e-9a51-3a3f1d3c0a01
ac679d44-419f-4d67-be22-cf7e4ea6eda0,INV-000800,28ef5aa9-6628-4ab0-b9a8-3910fbb63a5c,521f09f3-3e25-43e3-b468-ddbaa6dd1dd8,493e904d-30ec-4796-a59b-457fc0d7ac73,account,e27a984d-6548-41d0-bfcd-9eb1a7cad415,2026-06-13T06:31:00Z,2026-06-13,111793221000,100000000,2026-06-12T06:31:00Z,2,100001,7f5b6f7e-1c2d-4a4e-9a51-3a3f1d3c0a01
9273493b-9b94-4972-a0b5-c8875083bb95,INV-000801,9a4a384d-93db-4ce5-8eb1-a2a63bcdc7ff,bf564558-b5dd-4c63-8b00-1e6435008915,493e904d-30ec-4796-a59b-457fc0d7ac73,account,e27a984d-6548-41d0-bfcd-9eb1a7cad415,2026-06-23T09:20:00Z,2026-06-23,33277935000,100000000,2026-06-21T09:20:00Z,2,100001,7f5b6f7e-1c2d-4a4e-9a51-3a3f1d3c0a01
9d59626d-bfb5-4c2f-a9fe-73c7f349ca45,INV-000802,68235f3d-1c2e-47e2-8662-bee2b2498989,15e8c163-e7fd-41a6-9005-5d9680095c57,0c3ce284-c7e5-4bbb-9cb5-1c535b62a8df,account,10f1bc81-448a-4a9e-a6b2-bc5b50c187fc,2024-07-13T05:39:00Z,2024-08-12,6724050000,1,2024-08-11T08:49:00Z,2,100001,7f5b6f7e-1c2d-4a4e-9a51-3a3f1d3c0a01
c89be3c2-6af4-4b62-b561-c42841b63091,INV-000803,fde887cb-4b8e-4062-a030-628c3d212401,6e778507-8150-4695-8128-0b3771200b3c,0c3ce284-c7e5-4bbb-9cb5-1c535b62a8df,account,10f1bc81-448a-4a9e-a6b2-bc5b50c187fc,2024-08-26T10:57:00Z,2024-09-25,7758638000,1,2024-09-22T07:13:00Z,2,100001,7f5b6f7e-1c2d-4a4e-9a51-3a3f1d3c0a01
e626d551-519a-43ae-93dc-c8c8f4d0f2d5,INV-000804,dc57066b-b148-4f78-a98b-09eb21c1505d,7369aa75-a58f-4359-b6e0-cd976ca2b374,0c3ce284-c7e5-4bbb-9cb5-1c535b62a8df,account,10f1bc81-448a-4a9e-a6b2-bc5b50c187fc,2024-11-07T12:46:00Z,2024-12-07,6957163000,1,2024-12-08T07:52:00Z,2,100001,7f5b6f7e-1c2d-4a4e-9a51-3a3f1d3c0a01
ef1ba0c1-63ee-4b38-8738-d5ce502ac14b,INV-000805,d4a25583-2e66-4b26-9d78-f8bb5d190c8b,480d4043-e550-42a4-b214-c5425e3389c3,45f18619-54f9-4429-a7de-02ccdda4f4a7,account,5304317f-af42-412f-b838-b3268e944239,2024-09-02T07:29:00Z,2024-10-02,35075601000,1,2024-09-30T09:54:00Z,2,100001,7f5b6f7e-1c2d-4a4e-9a51-3a3f1d3c0a01
ee6206fe-6a92-498b-811c-c958dd3d96b5,INV-000806,1ae9740b-9230-4160-a700-cba184769e5c,f63ac507-bd02-4333-8d87-61bede16e06b,45f18619-54f9-4429-a7de-02ccdda4f4a7,account,5304317f-af42-412f-b838-b3268e944239,2024-12-28T09:35:00Z,2025-01-27,11714824000,1,2025-01-25T08:34:00Z,2,100001,7f5b6f7e-1c2d-4a4e-9a51-3a3f1d3c0a01
16df11f2-660a-4324-8290-23591d50192d,INV-000807,0896e110-fab8-4139-b12c-5e0b6be677d3,36f4142b-8957-48a4-bbbf-6ff5a4f05293,45f18619-54f9-4429-a7de-02ccdda4f4a7,account,5304317f-af42-412f-b838-b3268e944239,2025-02-01T08:25:00Z,2025-03-03,37516496000,1,2025-03-05T07:55:00Z,2,100001,7f5b6f7e-1c2d-4a4e-9a51-3a3f1d3c0a01
0b9d0196-66e6-47d8-9338-0c84e199a657,INV-000808,56e5a4d9-4533-4452-9660-f31f5187938d,c5fe8478-dcac-44ad-ad46-b298e776324e,45f18619-54f9-4429-a7de-02ccdda4f4a7,account,5304317f-af42-412f-b838-b3268e944239,2025-03-15T12:24:00Z,2025-04-14,18219002000,1,2025-04-12T07:39:00Z,2,100001,7f5b6f7e-1c2d-4a4e-9a51-3a3f1d3c0a01
98213736-0aa3-47e1-a80a-dafd05c3a844,INV-000809,2f5a6ce7-b022-4be0-8179-f76ba6cd30d4,085e589b-c40b-4774-abad-c41b584bfb57,45f18619-54f9-4429-a7de-02ccdda4f4a7,account,5304317f-af42-412f-b838-b3268e944239,2025-08-02T06:36:00Z,2025-09-01,30957130000,1,2025-08-30T13:26:00Z,2,100001,7f5b6f7e-1c2d-4a4e-9a51-3a3f1d3c0a01
338c1ad0-5116-4ee6-8705-4e87ffa5016c,INV-000810,bebcacbb-8d0a-45c9-95b6-e48e4930ea88,f0386150-e858-4113-bd8a-3614cc935ac9,45f18619-54f9-4429-a7de-02ccdda4f4a7,account,5304317f-af42-412f-b838-b3268e944239,2025-10-20T11:14:00Z,2025-11-19,27160815000,1,2025-11-22T08:42:00Z,2,100001,7f5b6f7e-1c2d-4a4e-9a51-3a3f1d3c0a01
2da3afef-6738-4aff-a693-75829a24f4cc,INV-000811,bf8be7c6-74c9-4c68-ab68-392e12fc97c9,29f233ad-0268-44d7-8d7f-c47bf55faa1a,45f18619-54f9-4429-a7de-02ccdda4f4a7,account,5304317f-af42-412f-b838-b3268e944239,2026-01-18T06:28:00Z,2026-02-17,91984022000,1,2026-02-17T10:20:00Z,2,100001,7f5b6f7e-1c2d-4a4e-9a51-3a3f1d3c0a01
7b953457-90b2-4d2e-86de-5c841ea3ec07,INV-000812,929ccf27-47c6-4424-a8dc-cb4805424433,8949527c-e85b-48da-8b21-42dd6cbe1954,45f18619-54f9-4429-a7de-02ccdda4f4a7,account,5304317f-af42-412f-b838-b3268e944239,2026-02-02T08:05:00Z,2026-03-04,38553107000,1,2026-03-02T04:56:00Z,2,100001,7f5b6f7e-1c2d-4a4e-9a51-3a3f1d3c0a01
d17599ad-30e4-4bd0-aebd-e6cf7bb6ff7c,INV-000813,65e19760-e316-419e-8fdc-095a4eed9176,da0f5e1b-ba50-4e39-9900-2fd66e1cd1e7,45f18619-54f9-4429-a7de-02ccdda4f4a7,account,5304317f-af42-412f-b838-b3268e944239,2026-02-25T04:40:00Z,2026-03-27,53792323000,1,2026-03-28T05:36:00Z,2,100001,7f5b6f7e-1c2d-4a4e-9a51-3a3f1d3c0a01
de595376-a563-42f9-bc64-ec8dd11dbbfc,INV-000814,b8a4cefc-f848-4611-82c3-4e64c5ea9d46,69b42b97-5be3-45c7-bcdf-e4966c90be43,45f18619-54f9-4429-a7de-02ccdda4f4a7,account,5304317f-af42-412f-b838-b3268e944239,2026-05-21T06:41:00Z,2026-06-20,47584220000,1,2026-06-18T06:14:00Z,2,100001,7f5b6f7e-1c2d-4a4e-9a51-3a3f1d3c0a01
761c570a-8480-48ae-9a6e-5f22a045b4c7,INV-000815,1949de9a-1308-45f8-acbb-c91a14fad162,6ca8e870-a1cb-4bb3-8665-ce09eea09fc0,6fdc0bad-5e36-4127-8ca1-b45c1fdd980a,account,10f1bc81-448a-4a9e-a6b2-bc5b50c187fc,2024-10-03T06:16:00Z,2024-11-02,14660922000,1,2025-01-16T06:25:00Z,2,100001,7f5b6f7e-1c2d-4a4e-9a51-3a3f1d3c0a01
778b3f97-9147-46e5-b1d1-fe26c68a9fee,INV-000816,d39fa1e4-f001-410a-8ee2-85743385159b,28eedcf1-c688-4f4b-9e59-6697e2ab7e14,6fdc0bad-5e36-4127-8ca1-b45c1fdd980a,account,10f1bc81-448a-4a9e-a6b2-bc5b50c187fc,2024-10-06T06:54:00Z,2024-11-05,8344227000,1,2024-11-21T11:31:00Z,2,100001,7f5b6f7e-1c2d-4a4e-9a51-3a3f1d3c0a01
3a2fcfd0-2f7e-4671-9f53-e149283e0c07,INV-000817,4722ceda-76f3-4569-bcea-66a5db06708d,74e25f37-a7db-47e0-9af0-47d7e902a47a,6fdc0bad-5e36-4127-8ca1-b45c1fdd980a,account,10f1bc81-448a-4a9e-a6b2-bc5b50c187fc,2024-11-16T08:10:00Z,2024-12-16,15015134000,1,2025-01-04T08:04:00Z,2,100001,7f5b6f7e-1c2d-4a4e-9a51-3a3f1d3c0a01
2f89fce9-ac73-4072-8d24-9fd9a0ba6989,INV-000818,8d8181c6-d54e-4a56-b04a-9ca0d265dac2,70ce427f-d09c-46cc-a8f7-300c82ae699f,7092947d-be49-49ec-a667-d3bbe3b56360,account,0e51f30d-c6a7-4e39-84b0-32ccd7c524a5,2024-09-04T11:43:00Z,2024-09-04,8656828000,100000000,2024-09-01T11:43:00Z,2,100001,7f5b6f7e-1c2d-4a4e-9a51-3a3f1d3c0a01
8b4ee0da-a4b4-454f-a613-6a33dc5493ba,INV-000819,d4a64bbc-c932-4560-9363-05e825f26dcc,6c8afcb4-ed2d-4d8c-8859-a44813175b43,7092947d-be49-49ec-a667-d3bbe3b56360,account,0e51f30d-c6a7-4e39-84b0-32ccd7c524a5,2024-08-19T06:46:00Z,2024-08-19,3504044000,100000000,2024-08-19T06:46:00Z,2,100001,7f5b6f7e-1c2d-4a4e-9a51-3a3f1d3c0a01
c9c8668d-7d03-4354-914c-ab9383faa5eb,INV-000820,23a27267-e113-4d3a-99cc-4d06875f1f80,6d352427-d08e-43f5-9347-f7b5d2d58671,56cb1ab0-62fb-46d7-b4db-ca07e506f670,account,366eb16f-508e-4ad7-b7c9-3acfe059a0ee,2024-10-30T05:36:00Z,2024-11-29,81059552000,1,2024-11-26T07:54:00Z,2,100001,7f5b6f7e-1c2d-4a4e-9a51-3a3f1d3c0a01
6f907db4-b7f0-48ba-b26c-57ce4869dd33,INV-000821,6778ef0b-47f2-4d06-b6af-1586972ba136,a0192ac7-8067-4190-9714-5595c3c263f1,56cb1ab0-62fb-46d7-b4db-ca07e506f670,account,366eb16f-508e-4ad7-b7c9-3acfe059a0ee,2024-10-21T12:03:00Z,2024-11-20,30239599000,1,2024-11-21T08:43:00Z,2,100001,7f5b6f7e-1c2d-4a4e-9a51-3a3f1d3c0a01
b17a5d06-0aad-440b-8e0c-2ef2d9e454bf,INV-000822,7f2b3c85-ec70-4990-8290-eedd4295edd1,9124704b-198f-4c47-8672-851464035ba9,56cb1ab0-62fb-46d7-b4db-ca07e506f670,account,366eb16f-508e-4ad7-b7c9-3acfe059a0ee,2025-05-19T09:31:00Z,2025-06-18,65291945000,1,2025-06-19T11:06:00Z,2,100001,7f5b6f7e-1c2d-4a4e-9a51-3a3f1d3c0a01
ea651374-2f8f-4638-bf28-267aceea9636,INV-000823,9330e3c8-34d5-462d-a451-2fbde202f943,e6c03597-7a69-44f9-b9d4-56b4e1b21a82,56cb1ab0-62fb-46d7-b4db-ca07e506f670,account,366eb16f-508e-4ad7-b7c9-3acfe059a0ee,2025-10-25T06:12:00Z,2025-11-24,22957535000,1,2025-11-22T05:13:00Z,2,100001,7f5b6f7e-1c2d-4a4e-9a51-3a3f1d3c0a01
24b64a93-170f-4ff2-aa58-c288f079f31a,INV-000824,7287e9e4-8a9c-42a3-a3a2-ccd4a54846d6,19b37ff5-ad45-4f67-9b4b-d7c88e2b1d66,56cb1ab0-62fb-46d7-b4db-ca07e506f670,account,366eb16f-508e-4ad7-b7c9-3acfe059a0ee,2025-12-13T12:19:00Z,2026-01-12,56203973000,1,2026-01-12T11:32:00Z,2,100001,7f5b6f7e-1c2d-4a4e-9a51-3a3f1d3c0a01
a86fa575-1012-47e6-904d-8eda82ac5975,INV-000825,c4fef630-9c56-4ea6-8fea-bdd980fbdbef,f2daa76f-802e-4f54-bb78-21ed6f1eb5f0,56cb1ab0-62fb-46d7-b4db-ca07e506f670,account,366eb16f-508e-4ad7-b7c9-3acfe059a0ee,2026-05-03T11:17:00Z,2026-06-02,51370102000,1,2026-05-31T09:23:00Z,2,100001,7f5b6f7e-1c2d-4a4e-9a51-3a3f1d3c0a01
947780e4-bbd3-4feb-b081-60c7da9251c8,INV-000826,df220087-94a5-48ca-8ad3-05944d3280ff,3f39ae80-5ce0-4dc6-a96b-188b4cb0773c,56cb1ab0-62fb-46d7-b4db-ca07e506f670,account,366eb16f-508e-4ad7-b7c9-3acfe059a0ee,2026-04-20T07:05:00Z,2026-05-20,121160526000,1,2026-05-23T09:24:00Z,2,100001,7f5b6f7e-1c2d-4a4e-9a51-3a3f1d3c0a01
c1121ba0-068d-424c-8f8d-39dddb41a87b,INV-000827,3b637316-59e0-4dc5-a404-bb3cce73b449,b6ea8cc9-d147-4fd3-ad23-64fac844e475,b12b6680-7f07-4cb9-afd3-40c0f945f2fd,account,9132b63e-f162-47e4-a9c3-49e03602f8ac,2024-08-27T11:25:00Z,2024-10-26,45244818000,4,2024-10-31T05:18:00Z,2,100001,7f5b6f7e-1c2d-4a4e-9a51-3a3f1d3c0a01
cae920ee-f838-471f-bb13-25eea796bcd7,INV-000828,7b7458a9-ccbe-4957-b81a-ec4ad4fb1441,3328e35e-807e-44d2-9b6d-ac74aabb428b,b12b6680-7f07-4cb9-afd3-40c0f945f2fd,account,9132b63e-f162-47e4-a9c3-49e03602f8ac,2024-09-03T06:28:00Z,2024-11-02,29572999000,4,2024-10-31T05:24:00Z,2,100001,7f5b6f7e-1c2d-4a4e-9a51-3a3f1d3c0a01
196abcbb-7355-47c8-8cff-fb0b4d4b4625,INV-000829,d20e584a-d811-4e96-8e29-af86fc4dd729,48021f3c-7201-407d-a197-f09c5fd51f4b,b12b6680-7f07-4cb9-afd3-40c0f945f2fd,account,9132b63e-f162-47e4-a9c3-49e03602f8ac,2024-09-28T10:55:00Z,2024-11-27,21863975000,4,2024-11-27T13:03:00Z,2,100001,7f5b6f7e-1c2d-4a4e-9a51-3a3f1d3c0a01
905e7d62-4a7d-4be3-90c9-86c8903f830a,INV-000830,e4a0dc04-923e-4017-91f3-a85877a3ba7d,58e71b95-4c63-4615-81f1-558863f0f7c0,b12b6680-7f07-4cb9-afd3-40c0f945f2fd,account,9132b63e-f162-47e4-a9c3-49e03602f8ac,2024-10-12T08:53:00Z,2024-12-11,42582488000,4,2024-12-11T10:47:00Z,2,100001,7f5b6f7e-1c2d-4a4e-9a51-3a3f1d3c0a01
52c39755-c560-4b58-a93a-468ab24a0f77,INV-000831,4be1b095-067a-4235-8eb5-a111d8521f03,5d3a7335-644b-4f45-b599-f8cb72aa0259,b12b6680-7f07-4cb9-afd3-40c0f945f2fd,account,9132b63e-f162-47e4-a9c3-49e03602f8ac,2025-04-27T09:58:00Z,2025-06-26,39500011000,4,2025-06-23T12:27:00Z,2,100001,7f5b6f7e-1c2d-4a4e-9a51-3a3f1d3c0a01
6d895c61-2740-4cef-b629-26d6aaa0f12d,INV-000832,99864539-7517-4922-b1e0-b0d33a9f4fd7,8fd02f1d-e022-40b2-8dc1-9989d5084715,b12b6680-7f07-4cb9-afd3-40c0f945f2fd,account,9132b63e-f162-47e4-a9c3-49e03602f8ac,2026-03-21T05:55:00Z,2026-05-20,15673198000,4,2026-05-19T07:43:00Z,2,100001,7f5b6f7e-1c2d-4a4e-9a51-3a3f1d3c0a01
1d9ff796-b468-4cf8-84f0-9babdc6e6660,INV-000833,f9a85fae-2793-4466-afdf-c061953af60b,30137445-b4d2-45bf-95c2-9d0db5cc54bd,b12b6680-7f07-4cb9-afd3-40c0f945f2fd,account,9132b63e-f162-47e4-a9c3-49e03602f8ac,2026-06-04T08:53:00Z,2026-08-03,71218426000,4,,0,4,7f5b6f7e-1c2d-4a4e-9a51-3a3f1d3c0a01
c0ca77ed-7843-41c1-9459-ceeeeb19e79f,INV-000834,8d3ae614-0e17-401d-b9c6-52c5e6f1e5ea,e85fc94e-678f-48af-8e7f-6f5eeeee8178,cc1b4157-ec9f-4c54-9e0a-72ab7f5db163,account,5304317f-af42-412f-b838-b3268e944239,2024-11-16T06:41:00Z,2024-12-16,4925059000,1,2024-12-16T12:02:00Z,2,100001,7f5b6f7e-1c2d-4a4e-9a51-3a3f1d3c0a01
26ca8a5b-0daa-41d8-9cc3-54faf30e69a9,INV-000835,c61c7ded-4a94-462d-a2a3-1d44a3378257,45d8b5e8-cc23-4f30-89cc-4bcb023a31a8,cc1b4157-ec9f-4c54-9e0a-72ab7f5db163,account,5304317f-af42-412f-b838-b3268e944239,2025-03-03T07:58:00Z,2025-04-02,31730630000,1,2025-06-12T07:21:00Z,2,100001,7f5b6f7e-1c2d-4a4e-9a51-3a3f1d3c0a01
73079edb-5efe-4e1a-8f44-4f17c260f4a1,INV-000836,8a904bc1-e2e7-41a8-b78e-d7e4c0230f0f,d3ed5a86-53e8-4345-a60d-d74a1124bd27,cc1b4157-ec9f-4c54-9e0a-72ab7f5db163,account,5304317f-af42-412f-b838-b3268e944239,2025-12-03T06:50:00Z,2026-01-02,10780985000,1,2026-03-31T10:51:00Z,2,100001,7f5b6f7e-1c2d-4a4e-9a51-3a3f1d3c0a01
d4ccfd2a-916d-45cc-be3a-98acc49b1365,INV-000837,525a2d76-5088-45f0-9f4b-9e6e39850459,60f23923-db20-4e16-9dbe-2973a1c83dec,6e3c4532-1434-4f62-acac-028cba220065,account,9132b63e-f162-47e4-a9c3-49e03602f8ac,2024-08-14T06:48:00Z,2024-10-13,12322555000,4,2024-10-29T12:28:00Z,2,100001,7f5b6f7e-1c2d-4a4e-9a51-3a3f1d3c0a01
51b7a067-1337-4249-8769-9a946215b08b,INV-000838,65b0439d-9ed9-43fb-9f25-c5d63c042665,a1633e12-ae33-4b9b-9f6c-9a6e33d9af91,2e326567-d284-454e-bebe-c0db9a3a6103,account,b02b61c4-a3d7-4628-ace6-6fa2fd5166e6,2025-01-18T05:11:00Z,2025-03-19,10200019000,4,2025-03-24T06:35:00Z,2,100001,7f5b6f7e-1c2d-4a4e-9a51-3a3f1d3c0a01
70330a6e-1a8d-4619-9937-b331c566247b,INV-000839,7bfce8dc-dd74-4630-ae14-31f0b0505831,f31b9bc2-05cf-4fa1-8a3c-94caadad0afd,2e326567-d284-454e-bebe-c0db9a3a6103,account,b02b61c4-a3d7-4628-ace6-6fa2fd5166e6,2025-09-03T05:09:00Z,2025-11-02,11295602000,4,2025-11-29T06:49:00Z,2,100001,7f5b6f7e-1c2d-4a4e-9a51-3a3f1d3c0a01
f20e18c1-2a25-4ba2-be74-ff4e91b5e9ec,INV-000840,7001b2c3-9aec-413f-8131-a28a98d21075,92781bdb-b49c-4f4a-ae4e-69dac8ab3201,1a43db54-523a-4993-8b34-46bc8ba435cc,account,24933b83-7577-40a9-a491-f0b2ea1fca65,2024-07-24T12:12:00Z,2024-08-23,62149470000,1,2024-08-20T06:52:00Z,2,100001,7f5b6f7e-1c2d-4a4e-9a51-3a3f1d3c0a01
0f65f426-963e-44fe-86c1-25ba95c1984e,INV-000841,c7b39bdd-3106-41ab-8d4a-18f84d4b3377,24c2b5a1-cb33-48f5-af99-60cd72835cee,1a43db54-523a-4993-8b34-46bc8ba435cc,account,24933b83-7577-40a9-a491-f0b2ea1fca65,2024-08-26T11:31:00Z,2024-09-25,76963449000,1,2024-09-24T13:11:00Z,2,100001,7f5b6f7e-1c2d-4a4e-9a51-3a3f1d3c0a01
e3ec922c-e70e-4be2-a910-39ee0f3ce7d3,INV-000842,8d6e70a4-d94a-4a9e-9c48-309922649431,7e4d3cf6-b03a-4e67-a976-82a982f3fe3f,1a43db54-523a-4993-8b34-46bc8ba435cc,account,24933b83-7577-40a9-a491-f0b2ea1fca65,2024-11-23T07:24:00Z,2024-12-23,54559734000,1,2024-12-21T11:27:00Z,2,100001,7f5b6f7e-1c2d-4a4e-9a51-3a3f1d3c0a01
ac6af6dc-319e-49c2-854c-89069b962898,INV-000843,272789f2-46e0-4b2a-9be3-94349fe56238,26b0d4f2-16c0-4a5e-8afd-aca6f5369f9e,1a43db54-523a-4993-8b34-46bc8ba435cc,account,24933b83-7577-40a9-a491-f0b2ea1fca65,2025-01-11T10:24:00Z,2025-02-10,42087406000,1,2025-02-08T07:59:00Z,2,100001,7f5b6f7e-1c2d-4a4e-9a51-3a3f1d3c0a01
c3664f66-1b7c-44b6-af4d-c8f1786749d8,INV-000844,ff675c6e-91ac-4c67-bd7d-8474106823aa,ddae12cf-4ce1-4092-a4d1-2a8a21fc81a5,1a43db54-523a-4993-8b34-46bc8ba435cc,account,24933b83-7577-40a9-a491-f0b2ea1fca65,2025-01-23T12:26:00Z,2025-02-22,60438534000,1,2025-02-26T09:00:00Z,2,100001,7f5b6f7e-1c2d-4a4e-9a51-3a3f1d3c0a01
09d49ad6-81f1-4cc5-9a93-f079309475f3,INV-000845,7d521537-e092-48d0-872d-f911a9b4e4b1,cc347ffa-c57f-4d79-a143-07c0b2086ae9,1a43db54-523a-4993-8b34-46bc8ba435cc,account,24933b83-7577-40a9-a491-f0b2ea1fca65,2025-02-27T04:56:00Z,2025-03-29,34537918000,1,2025-03-29T05:00:00Z,2,100001,7f5b6f7e-1c2d-4a4e-9a51-3a3f1d3c0a01
7ff28d06-2546-488e-bfa6-797575ba6313,INV-000846,239ccf4d-8a65-409b-ab69-2aff5aa227e8,33dc9f1c-d889-4673-b370-7a4d528eea69,1a43db54-523a-4993-8b34-46bc8ba435cc,account,24933b83-7577-40a9-a491-f0b2ea1fca65,2025-07-13T13:08:00Z,2025-08-12,43347695000,1,2025-10-13T10:03:00Z,2,100001,7f5b6f7e-1c2d-4a4e-9a51-3a3f1d3c0a01
97c95f36-f3b9-4436-9bff-6a64b1cdf0ac,INV-000847,767a84bb-3d6f-4d0f-8275-c8af17530c31,7d558003-2679-491b-851e-65a50b7a5795,1a43db54-523a-4993-8b34-46bc8ba435cc,account,24933b83-7577-40a9-a491-f0b2ea1fca65,2025-09-20T10:03:00Z,2025-10-20,88846788000,1,2025-10-18T09:08:00Z,2,100001,7f5b6f7e-1c2d-4a4e-9a51-3a3f1d3c0a01
d078a482-7695-4baa-bc9e-cf8085ec22a6,INV-000848,082f48a6-bdab-401b-b423-adf369aa68e1,827d036e-d31f-47b3-a253-04fd23d2953e,1a43db54-523a-4993-8b34-46bc8ba435cc,account,24933b83-7577-40a9-a491-f0b2ea1fca65,2026-02-16T10:53:00Z,2026-03-18,85209947000,1,2026-03-16T04:40:00Z,2,100001,7f5b6f7e-1c2d-4a4e-9a51-3a3f1d3c0a01
d8b9842e-9033-4190-9fea-cd69f7bbeefa,INV-000849,29f537a2-e1f9-435d-9602-a0f2c3800654,f965a496-ebd6-4774-b77c-12950e243eaf,1a43db54-523a-4993-8b34-46bc8ba435cc,account,24933b83-7577-40a9-a491-f0b2ea1fca65,2026-04-15T13:07:00Z,2026-05-15,48824816000,1,,0,4,7f5b6f7e-1c2d-4a4e-9a51-3a3f1d3c0a01
9b5c632b-fa85-4817-bee5-35dab43d2c8c,INV-000850,1bc1e5ef-a728-41ff-90b1-cc563531b208,8be7f8ba-613e-4650-9cba-58df10dcfcdf,1a43db54-523a-4993-8b34-46bc8ba435cc,account,24933b83-7577-40a9-a491-f0b2ea1fca65,2026-06-01T09:12:00Z,2026-07-01,83434466000,1,2026-06-29T07:52:00Z,2,100001,7f5b6f7e-1c2d-4a4e-9a51-3a3f1d3c0a01
b8cec24b-110f-4eb1-add0-d9a930b49a49,INV-000851,cbf1b05e-fff0-49db-b14b-4ea2f3b30f17,1c55ce4f-1ec7-477d-bed8-dce0d6138fc2,4baf0f5e-a932-4094-93f2-8f11147f6570,account,e27a984d-6548-41d0-bfcd-9eb1a7cad415,2024-11-17T10:15:00Z,2024-12-17,15748395000,1,2024-12-14T13:14:00Z,2,100001,7f5b6f7e-1c2d-4a4e-9a51-3a3f1d3c0a01
6e5e9e9b-c7f0-49f1-959f-fb6b07125fac,INV-000852,ee72a771-75b4-4839-850e-65026b4c616d,8aca46ae-0e5e-4307-93fa-cc2133cb731c,4baf0f5e-a932-4094-93f2-8f11147f6570,account,e27a984d-6548-41d0-bfcd-9eb1a7cad415,2025-04-02T05:21:00Z,2025-05-02,27947900000,1,2025-04-29T13:29:00Z,2,100001,7f5b6f7e-1c2d-4a4e-9a51-3a3f1d3c0a01
50196a03-0b9e-4cf5-beaf-90435351bbca,INV-000853,5caeebe1-0f72-415f-8f72-9ee8f0370d00,40785745-f61d-4d68-8b5d-c60d8c260466,4baf0f5e-a932-4094-93f2-8f11147f6570,account,e27a984d-6548-41d0-bfcd-9eb1a7cad415,2025-04-09T11:24:00Z,2025-05-09,24013710000,1,2025-05-08T11:20:00Z,2,100001,7f5b6f7e-1c2d-4a4e-9a51-3a3f1d3c0a01
53e79f57-b025-452c-9d43-561328158f80,INV-000854,e6dc8c3d-a6eb-42e6-98c6-0d5096aee89d,6e2baa05-8715-4e37-a817-7af530c8477b,4baf0f5e-a932-4094-93f2-8f11147f6570,account,e27a984d-6548-41d0-bfcd-9eb1a7cad415,2025-04-28T09:16:00Z,2025-05-28,14495096000,1,2025-12-09T12:56:00Z,2,100001,7f5b6f7e-1c2d-4a4e-9a51-3a3f1d3c0a01
ac803964-5658-4f72-b608-b74301af1e89,INV-000855,d926f60f-2ade-4819-995a-f18136e5a55c,253296e8-a722-4d08-9b5c-2416030832f2,4baf0f5e-a932-4094-93f2-8f11147f6570,account,e27a984d-6548-41d0-bfcd-9eb1a7cad415,2026-04-27T08:12:00Z,2026-05-27,24948661000,1,2026-05-24T11:55:00Z,2,100001,7f5b6f7e-1c2d-4a4e-9a51-3a3f1d3c0a01
6f99e7f7-65fb-49a8-9e21-02705abc2931,INV-000856,426550e7-a87f-48cb-a3ae-20b0b795b8d4,72e8fd31-2a21-418d-a9a8-8b3d20142476,b7b8c1a5-9a45-493d-b227-890e4e76833a,account,24933b83-7577-40a9-a491-f0b2ea1fca65,2024-08-01T05:26:00Z,2024-08-31,14800726000,1,2024-08-31T09:17:00Z,2,100001,7f5b6f7e-1c2d-4a4e-9a51-3a3f1d3c0a01
d40b8464-92c3-47b3-b663-4fd8dfa8620e,INV-000857,a5141316-1da3-4dca-96f1-fd64aab81180,de44e013-e20c-4e7e-8dd2-f297a7817761,71a3fad2-b094-4d2a-aaa9-3b436d15f16f,account,b02b61c4-a3d7-4628-ace6-6fa2fd5166e6,2024-10-08T05:09:00Z,2024-10-08,28065410000,100000000,2024-10-07T05:09:00Z,2,100001,7f5b6f7e-1c2d-4a4e-9a51-3a3f1d3c0a01
35fa840b-2e3d-46de-961c-3f37d47d6435,INV-000858,c9010ccb-0c7d-43be-8816-a769a27475a6,0e75e8e1-0ac9-4d7c-8896-2a6005bf9271,71a3fad2-b094-4d2a-aaa9-3b436d15f16f,account,b02b61c4-a3d7-4628-ace6-6fa2fd5166e6,2025-07-31T12:58:00Z,2025-07-31,40677183000,100000000,2025-07-31T12:58:00Z,2,100001,7f5b6f7e-1c2d-4a4e-9a51-3a3f1d3c0a01
60042a86-0e82-4648-a211-1f460813bb1f,INV-000859,9fda3613-68c2-4b00-95c3-9e8864cf8d27,da2885a9-d2a6-4b4d-bbe3-58dce2c7e2c9,71a3fad2-b094-4d2a-aaa9-3b436d15f16f,account,b02b61c4-a3d7-4628-ace6-6fa2fd5166e6,2026-01-10T09:30:00Z,2026-01-10,10827571000,100000000,2026-01-09T09:30:00Z,2,100001,7f5b6f7e-1c2d-4a4e-9a51-3a3f1d3c0a01
bb16652c-f5e7-49d5-a649-e474ea7209dc,INV-000860,864cf1e5-fe84-48a1-a981-98a8d653da94,e6ef508f-1a05-4a1d-92df-661afb12cd53,9d66e815-5a41-43b3-a95f-176cdebac186,account,b02b61c4-a3d7-4628-ace6-6fa2fd5166e6,2025-11-24T13:25:00Z,2026-02-22,18850796000,100000001,2026-02-22T07:27:00Z,2,100001,7f5b6f7e-1c2d-4a4e-9a51-3a3f1d3c0a01
f87b192d-8a28-43e7-a3a2-4a7df2f26944,INV-000861,66c6791b-5cbe-4469-b956-a81eb4102544,c1074b82-b297-45c3-9b64-bdc2c9be6776,9d66e815-5a41-43b3-a95f-176cdebac186,account,b02b61c4-a3d7-4628-ace6-6fa2fd5166e6,2026-06-29T13:00:00Z,2026-09-27,32843643000,100000001,,0,4,7f5b6f7e-1c2d-4a4e-9a51-3a3f1d3c0a01
e30a51fb-a21b-4861-ac5d-410c87ce11b4,INV-000862,4ef60c52-fdfb-42b9-bd23-a169d99dff00,0ad6e358-06c2-49de-9c45-42f24044578d,0eaf04b5-f2a9-4c8a-8a9e-4a62fae3114b,account,5304317f-af42-412f-b838-b3268e944239,2024-10-08T07:21:00Z,2024-12-07,6111863000,4,2024-12-09T10:07:00Z,2,100001,7f5b6f7e-1c2d-4a4e-9a51-3a3f1d3c0a01
69a3a98b-fd07-4885-9007-c897b6f6ff69,INV-000863,faff3419-fc24-4d9b-b5a6-aeff73a7bc99,a1e24f92-1a34-40fe-9be6-c727f190314d,0eaf04b5-f2a9-4c8a-8a9e-4a62fae3114b,account,5304317f-af42-412f-b838-b3268e944239,2024-12-18T11:16:00Z,2025-02-16,21632714000,4,2025-02-19T09:03:00Z,2,100001,7f5b6f7e-1c2d-4a4e-9a51-3a3f1d3c0a01
2df0fc04-2ff3-40ed-8d45-075e9d468e69,INV-000864,b0983b02-3a21-475b-8ec3-21ea47b7e442,8441f018-8c2f-4a67-ae3d-b4c2624345c4,0eaf04b5-f2a9-4c8a-8a9e-4a62fae3114b,account,5304317f-af42-412f-b838-b3268e944239,2025-01-01T11:47:00Z,2025-03-02,12341651000,4,2025-03-03T07:43:00Z,2,100001,7f5b6f7e-1c2d-4a4e-9a51-3a3f1d3c0a01
2eee3fb1-8840-40a8-bf51-2cc5a082f659,INV-000865,a5e8098b-d136-4d58-a263-7fe4217a6a51,556f2695-5436-4868-b58b-8833ca4a4649,0eaf04b5-f2a9-4c8a-8a9e-4a62fae3114b,account,5304317f-af42-412f-b838-b3268e944239,2025-01-21T04:59:00Z,2025-03-22,13751087000,4,2025-03-22T08:43:00Z,2,100001,7f5b6f7e-1c2d-4a4e-9a51-3a3f1d3c0a01
1d67b23d-4a11-4b13-8cad-bb5048a8e9c6,INV-000866,b41d5a3d-f3fb-4964-9a15-45466c52fc9a,b24d85e8-9304-4547-8e9a-935aa74ad352,0eaf04b5-f2a9-4c8a-8a9e-4a62fae3114b,account,5304317f-af42-412f-b838-b3268e944239,2025-04-24T09:09:00Z,2025-06-23,12394451000,4,2025-06-24T09:55:00Z,2,100001,7f5b6f7e-1c2d-4a4e-9a51-3a3f1d3c0a01
006dad8a-d62b-453d-b9db-03929f4d1b32,INV-000867,50ee5ecc-63c8-4be8-8dd0-0e0697e235c3,ef3dd533-4e81-4cc9-8c62-1ad6e009dff4,0eaf04b5-f2a9-4c8a-8a9e-4a62fae3114b,account,5304317f-af42-412f-b838-b3268e944239,2025-11-08T07:42:00Z,2026-01-07,43253036000,4,2026-01-04T06:50:00Z,2,100001,7f5b6f7e-1c2d-4a4e-9a51-3a3f1d3c0a01
5107ef32-c0be-4b4b-ae08-94e0a3e4f3fb,INV-000868,549f0377-7dcd-4822-8624-244317f1cde5,e737be9d-e2bf-4e4a-b672-19de102b4557,0eaf04b5-f2a9-4c8a-8a9e-4a62fae3114b,account,5304317f-af42-412f-b838-b3268e944239,2025-11-23T13:06:00Z,2026-01-22,30766342000,4,2026-01-22T05:57:00Z,2,100001,7f5b6f7e-1c2d-4a4e-9a51-3a3f1d3c0a01
1d69f6c9-0998-4673-bf67-5972a7e04769,INV-000869,785b7b63-c047-40c5-9c8f-bc72eb0e549b,26a70456-b5df-49e5-81be-111c7c4bf380,0eaf04b5-f2a9-4c8a-8a9e-4a62fae3114b,account,5304317f-af42-412f-b838-b3268e944239,2025-11-22T06:16:00Z,2026-01-21,36803700000,4,2026-01-25T12:54:00Z,2,100001,7f5b6f7e-1c2d-4a4e-9a51-3a3f1d3c0a01
4225569d-334c-4d87-994d-86c2ffdd933b,INV-000870,2483c444-a5d6-417c-ae15-b9df8716198d,e2ae86fe-d7db-4362-879e-66f42031f5c6,67fd64c4-a334-458a-abd2-b5121335e5db,account,10f1bc81-448a-4a9e-a6b2-bc5b50c187fc,2024-10-23T06:08:00Z,2024-10-23,70706523000,100000000,2024-10-20T06:08:00Z,2,100001,7f5b6f7e-1c2d-4a4e-9a51-3a3f1d3c0a01
4f54657a-c124-4ef4-a97a-cfdaa0c53f7f,INV-000871,8eb78ba4-349b-4e4f-af75-043d939d4983,a37074b4-4059-47e8-8660-e6f3e13d9537,67fd64c4-a334-458a-abd2-b5121335e5db,account,10f1bc81-448a-4a9e-a6b2-bc5b50c187fc,2024-11-06T04:40:00Z,2024-11-06,113437376000,100000000,2024-11-06T04:40:00Z,2,100001,7f5b6f7e-1c2d-4a4e-9a51-3a3f1d3c0a01
70db98a5-70d1-49ca-abec-8d480dfb8c14,INV-000872,a6cf54b6-c02a-4540-a9c8-da0d7c54d0a3,3568f1b8-f2a3-485e-b0ec-2a1976e8b99d,67fd64c4-a334-458a-abd2-b5121335e5db,account,10f1bc81-448a-4a9e-a6b2-bc5b50c187fc,2024-10-23T10:01:00Z,2024-10-23,57667724000,100000000,2024-10-22T10:01:00Z,2,100001,7f5b6f7e-1c2d-4a4e-9a51-3a3f1d3c0a01
6acbbba0-eeb4-43df-a4be-e3bd1b44c8bb,INV-000873,dbd67744-8596-4e52-a159-873c058142ee,a8d4d473-a8d5-4d6f-bac1-57e93e11a8de,67fd64c4-a334-458a-abd2-b5121335e5db,account,10f1bc81-448a-4a9e-a6b2-bc5b50c187fc,2024-12-04T09:25:00Z,2024-12-04,32470951000,100000000,2024-12-02T09:25:00Z,2,100001,7f5b6f7e-1c2d-4a4e-9a51-3a3f1d3c0a01
9ea54a0e-955c-470c-9dfa-4392b1e5c044,INV-000874,ac04da65-053e-4769-9c62-36ffbdf4f36c,c64b04d3-9e34-4fcb-8387-df2b23baa8eb,67fd64c4-a334-458a-abd2-b5121335e5db,account,10f1bc81-448a-4a9e-a6b2-bc5b50c187fc,2025-04-20T09:02:00Z,2025-04-20,27970609000,100000000,2025-04-17T09:02:00Z,2,100001,7f5b6f7e-1c2d-4a4e-9a51-3a3f1d3c0a01
96cfd9db-7556-4f3d-8c31-a2b0cecc7cfd,INV-000875,3ef763e2-be39-428e-b3f7-5a73e141ab38,92cf4d5c-e3a8-4417-8794-bba8baf61187,67fd64c4-a334-458a-abd2-b5121335e5db,account,10f1bc81-448a-4a9e-a6b2-bc5b50c187fc,2025-08-13T11:30:00Z,2025-08-13,30964798000,100000000,2025-08-10T11:30:00Z,2,100001,7f5b6f7e-1c2d-4a4e-9a51-3a3f1d3c0a01
a146354b-0e1e-45db-8142-1ddb5649b54a,INV-000876,c445ba51-681b-4885-ba03-5fcb7513218c,754d8f10-5c4d-432b-bb9f-3e49a894cb52,67fd64c4-a334-458a-abd2-b5121335e5db,account,10f1bc81-448a-4a9e-a6b2-bc5b50c187fc,2025-08-31T05:29:00Z,2025-08-31,56592276000,100000000,2025-08-31T05:29:00Z,2,100001,7f5b6f7e-1c2d-4a4e-9a51-3a3f1d3c0a01
cacedff4-cf56-49f2-b669-8b2a462c0d66,INV-000877,86c819ee-1393-4110-8568-31e0fe403806,fad11ac1-e0e1-4d86-886b-9a3f3b3f8721,67fd64c4-a334-458a-abd2-b5121335e5db,account,10f1bc81-448a-4a9e-a6b2-bc5b50c187fc,2026-01-29T10:13:00Z,2026-01-29,34629172000,100000000,2026-01-29T10:13:00Z,2,100001,7f5b6f7e-1c2d-4a4e-9a51-3a3f1d3c0a01
4475fba3-f570-469a-8202-977f8ff25018,INV-000878,621e7e06-ffc9-4ae4-a173-45dba9982f35,c9c0ea42-8cec-40a7-b341-bb8dc9393a54,67fd64c4-a334-458a-abd2-b5121335e5db,account,10f1bc81-448a-4a9e-a6b2-bc5b50c187fc,2026-02-11T12:43:00Z,2026-02-11,70225549000,100000000,2026-02-09T12:43:00Z,2,100001,7f5b6f7e-1c2d-4a4e-9a51-3a3f1d3c0a01
fc5830cf-317f-4459-9e97-b9fffa42c677,INV-000879,4c233b2a-ceff-4378-9763-7103a5e542e5,a37b70e8-4cbe-4416-a957-f8ef3c835df2,67fd64c4-a334-458a-abd2-b5121335e5db,account,10f1bc81-448a-4a9e-a6b2-bc5b50c187fc,2026-02-28T12:47:00Z,2026-02-28,65739509000,100000000,2026-02-26T12:47:00Z,2,100001,7f5b6f7e-1c2d-4a4e-9a51-3a3f1d3c0a01
f08e90b6-9869-4ac2-917d-e1e1e1df6ec8,INV-000880,6cddd7a5-f40d-409a-9667-e0b19d55e411,b2501e77-9158-4477-86f5-3760e6a58161,67fd64c4-a334-458a-abd2-b5121335e5db,account,10f1bc81-448a-4a9e-a6b2-bc5b50c187fc,2026-03-14T09:22:00Z,2026-03-14,103002374000,100000000,2026-03-12T09:22:00Z,2,100001,7f5b6f7e-1c2d-4a4e-9a51-3a3f1d3c0a01
8ef8ea05-543e-439e-a6c8-4f9fe6fb59fe,INV-000881,9d2c98bd-15bd-4b80-af0d-ce9da002cb32,aa63fde7-982b-404c-905d-bc008c681349,67fd64c4-a334-458a-abd2-b5121335e5db,account,10f1bc81-448a-4a9e-a6b2-bc5b50c187fc,2026-04-13T07:53:00Z,2026-04-13,139271189000,100000000,2026-04-12T07:53:00Z,2,100001,7f5b6f7e-1c2d-4a4e-9a51-3a3f1d3c0a01
02674bd5-c17a-4bfe-99f2-571ad04a95ba,INV-000882,1c07276d-ffe9-43ca-bd3f-94c60e8099eb,722c839d-cd81-41ba-afe4-b71c21e3d97d,67fd64c4-a334-458a-abd2-b5121335e5db,account,10f1bc81-448a-4a9e-a6b2-bc5b50c187fc,2026-06-08T08:40:00Z,2026-06-08,56692590000,100000000,2026-06-07T08:40:00Z,2,100001,7f5b6f7e-1c2d-4a4e-9a51-3a3f1d3c0a01
7a653f42-1088-4cd7-bd15-dae99f5aa434,INV-000883,0dad4310-761c-400e-863e-44552b6fc12b,a84952a4-ee84-498f-aceb-6ae761b1e912,bff9507d-cd14-403e-8359-9af65d01f55f,account,24933b83-7577-40a9-a491-f0b2ea1fca65,2024-11-06T08:43:00Z,2025-01-05,15288142000,4,2025-01-12T09:20:00Z,2,100001,7f5b6f7e-1c2d-4a4e-9a51-3a3f1d3c0a01
86b937fb-10f3-4c43-87d4-0069474bf4d9,INV-000884,d9ea4434-cd77-40df-9f7f-83a831df4fcf,6597c37f-7759-4078-b482-838f52d67797,bff9507d-cd14-403e-8359-9af65d01f55f,account,24933b83-7577-40a9-a491-f0b2ea1fca65,2024-12-04T11:21:00Z,2025-02-02,20339965000,4,2025-01-30T11:50:00Z,2,100001,7f5b6f7e-1c2d-4a4e-9a51-3a3f1d3c0a01
858c6603-b184-4672-8531-f35498096821,INV-000885,92250b36-bae7-4a39-ad16-277052d2c69c,9f9c0d9e-5c61-4cf4-910a-f73e995ed712,bff9507d-cd14-403e-8359-9af65d01f55f,account,24933b83-7577-40a9-a491-f0b2ea1fca65,2025-05-15T07:51:00Z,2025-07-14,137602905000,4,2025-08-03T04:36:00Z,2,100001,7f5b6f7e-1c2d-4a4e-9a51-3a3f1d3c0a01
ac78e289-ac05-400f-b22b-50ee89f51b7d,INV-000886,9ad4ab4a-0d26-4e5e-82e3-9630d39da63e,e1674769-977f-4472-a40c-ff209fd2bc6b,bff9507d-cd14-403e-8359-9af65d01f55f,account,24933b83-7577-40a9-a491-f0b2ea1fca65,2026-03-07T08:15:00Z,2026-05-06,16743613000,4,2026-05-13T06:21:00Z,2,100001,7f5b6f7e-1c2d-4a4e-9a51-3a3f1d3c0a01
093f3efc-5c75-416e-a07e-57f63eaa2f01,INV-000887,48f9f22d-7e24-4360-9f75-73e1024d3662,0feb1e41-e472-4b05-bf87-2a7a5e92b325,07f8d4f0-f3ea-4184-a8f4-e3ceadedda80,account,0e51f30d-c6a7-4e39-84b0-32ccd7c524a5,2025-02-11T12:09:00Z,2025-02-11,13036281000,100000000,2025-02-11T12:09:00Z,2,100001,7f5b6f7e-1c2d-4a4e-9a51-3a3f1d3c0a01
c5018710-d480-49ae-a7b4-9746319d19e0,INV-000888,ef464e55-1946-41c6-9cbb-95b12e2e7ad5,a2c96a8f-cfeb-4229-b34e-f5efd482cbbd,07f8d4f0-f3ea-4184-a8f4-e3ceadedda80,account,0e51f30d-c6a7-4e39-84b0-32ccd7c524a5,2025-04-28T06:08:00Z,2025-04-28,19493613000,100000000,2025-04-25T06:08:00Z,2,100001,7f5b6f7e-1c2d-4a4e-9a51-3a3f1d3c0a01
aac711da-fbde-4a3c-b5de-7142a5f1a0d0,INV-000889,f3bf1db3-0bc5-486f-90be-db84526a523e,ed3b990c-03f0-410c-bd44-de2c58911930,07f8d4f0-f3ea-4184-a8f4-e3ceadedda80,account,0e51f30d-c6a7-4e39-84b0-32ccd7c524a5,2025-05-01T05:56:00Z,2025-05-01,26956284000,100000000,2025-04-29T05:56:00Z,2,100001,7f5b6f7e-1c2d-4a4e-9a51-3a3f1d3c0a01
fb54636e-051b-42fb-b4f9-3ce540df58f5,INV-000890,6d747028-5523-457b-abb9-bb8bc914a60a,351602a3-b099-4bc5-98a0-c71ff6f764ed,07f8d4f0-f3ea-4184-a8f4-e3ceadedda80,account,0e51f30d-c6a7-4e39-84b0-32ccd7c524a5,2026-06-07T12:16:00Z,2026-06-07,18365447000,100000000,2026-06-06T12:16:00Z,2,100001,7f5b6f7e-1c2d-4a4e-9a51-3a3f1d3c0a01
c7480337-1e6c-49e0-ba25-f4b9dce543ee,INV-000891,c8368e05-2063-4b97-b437-2b0c3ea4da88,8e193c9f-ac5c-4010-b313-8255b0b780db,ad973b67-9b89-45cb-9942-644c248d31ec,account,0e51f30d-c6a7-4e39-84b0-32ccd7c524a5,2024-08-07T05:45:00Z,2024-09-06,25543789000,1,2024-09-08T07:21:00Z,2,100001,7f5b6f7e-1c2d-4a4e-9a51-3a3f1d3c0a01
93168988-6395-48da-9f05-0d4a1a80f442,INV-000892,2fe496df-a86c-4d24-879d-edd75fe6075d,dfbb9324-6623-466b-9ad5-4e08716f38d5,ad973b67-9b89-45cb-9942-644c248d31ec,account,0e51f30d-c6a7-4e39-84b0-32ccd7c524a5,2025-05-17T04:54:00Z,2025-06-16,11020835000,1,2025-07-02T11:10:00Z,2,100001,7f5b6f7e-1c2d-4a4e-9a51-3a3f1d3c0a01
b47ab8a3-2a09-4ade-9b1c-aa4bc1fb768f,INV-000893,6440bad2-098f-4851-be35-e9a4224c4b90,578bb16e-531e-4032-8cb4-f2e0d438757f,ad973b67-9b89-45cb-9942-644c248d31ec,account,0e51f30d-c6a7-4e39-84b0-32ccd7c524a5,2025-10-04T07:32:00Z,2025-11-03,21791820000,1,2025-11-11T11:23:00Z,2,100001,7f5b6f7e-1c2d-4a4e-9a51-3a3f1d3c0a01
4367294c-39fa-4d28-8f81-906c113ec6fd,INV-000894,f3df01ed-2889-41f1-b3b1-cd684261423b,87bb957c-93b9-4827-94a0-32fffff5ac3f,20509c62-08e8-45d7-b02c-1821c8040fb7,account,beb79919-3f22-4af8-a3be-d01d43cf2fde,2024-11-02T08:33:00Z,2024-12-02,100424064000,1,2024-12-04T11:03:00Z,2,100001,7f5b6f7e-1c2d-4a4e-9a51-3a3f1d3c0a01
70318c6a-107b-46c6-ae44-d4073476662e,INV-000895,f582d615-9cc7-4eae-a883-b3c450c0de8f,3ce75256-3836-458c-82d5-6b9c389b4277,20509c62-08e8-45d7-b02c-1821c8040fb7,account,beb79919-3f22-4af8-a3be-d01d43cf2fde,2025-01-08T13:14:00Z,2025-02-07,33583803000,1,2025-02-04T08:52:00Z,2,100001,7f5b6f7e-1c2d-4a4e-9a51-3a3f1d3c0a01
71af9938-521a-4f2d-89eb-7a7a5f7fca48,INV-000896,c83522c7-9d2a-4191-835b-21cfa9982ba6,1d61dbb5-96ee-4268-80d4-b932a3cf9d05,20509c62-08e8-45d7-b02c-1821c8040fb7,account,beb79919-3f22-4af8-a3be-d01d43cf2fde,2025-02-01T05:24:00Z,2025-03-03,53103264000,1,2025-03-17T12:59:00Z,2,100001,7f5b6f7e-1c2d-4a4e-9a51-3a3f1d3c0a01
7fbdd6ef-1e2a-4885-8341-d34bf2769f82,INV-000897,c874ea7a-e9c6-4705-8c41-ee850f2ace81,0b5b9937-7ad5-469b-b16b-e58cff1b4b97,20509c62-08e8-45d7-b02c-1821c8040fb7,account,beb79919-3f22-4af8-a3be-d01d43cf2fde,2026-02-21T09:10:00Z,2026-03-23,82054238000,1,2026-03-21T05:18:00Z,2,100001,7f5b6f7e-1c2d-4a4e-9a51-3a3f1d3c0a01
75d179b2-4759-4c3f-8412-27dfff9a7a05,INV-000898,e7c82a4c-3ecf-456c-a514-8ccbebc2b0e7,7a967769-d15d-42e8-bdd2-5f442ce0972d,20509c62-08e8-45d7-b02c-1821c8040fb7,account,beb79919-3f22-4af8-a3be-d01d43cf2fde,2026-03-30T08:54:00Z,2026-04-29,83501845000,1,2026-06-03T07:58:00Z,2,100001,7f5b6f7e-1c2d-4a4e-9a51-3a3f1d3c0a01
c6538a43-1e1b-4606-acb7-ae1fa1d901ec,INV-000899,7913ca3e-3735-4f32-ae5e-4244d1b6c573,3869aaa9-7087-44e7-ac8f-c88c1d4076ab,a52964ff-c74c-4890-bc6a-3174113634a5,account,10f1bc81-448a-4a9e-a6b2-bc5b50c187fc,2024-08-06T09:22:00Z,2024-08-06,41672317000,100000000,2024-08-03T09:22:00Z,2,100001,7f5b6f7e-1c2d-4a4e-9a51-3a3f1d3c0a01
a7ef6833-cb33-40a0-8802-103ea416a935,INV-000900,1b1ab126-a7ca-4879-ad7b-a4b85d4cbc6d,a917c9a9-0711-49ca-8156-9a2bd247b623,a52964ff-c74c-4890-bc6a-3174113634a5,account,10f1bc81-448a-4a9e-a6b2-bc5b50c187fc,2024-09-16T08:02:00Z,2024-09-16,18139341000,100000000,2024-09-14T08:02:00Z,2,100001,7f5b6f7e-1c2d-4a4e-9a51-3a3f1d3c0a01
3d6983cf-d0e2-41b8-975b-7c92811a1eb1,INV-000901,164244c1-52a7-466a-832f-d31747aa2dca,406293b5-40ef-4af3-9f4c-2fe515930fb5,a52964ff-c74c-4890-bc6a-3174113634a5,account,10f1bc81-448a-4a9e-a6b2-bc5b50c187fc,2024-11-25T10:38:00Z,2024-11-25,49267181000,100000000,2024-11-24T10:38:00Z,2,100001,7f5b6f7e-1c2d-4a4e-9a51-3a3f1d3c0a01
517d6de6-67d8-4d10-b802-b3509aae2238,INV-000902,ea48071d-b115-4b1b-96c6-8791ad178d70,2daf3bb4-a74c-435c-9137-fd2183b8e204,a52964ff-c74c-4890-bc6a-3174113634a5,account,10f1bc81-448a-4a9e-a6b2-bc5b50c187fc,2025-06-29T12:51:00Z,2025-06-29,18974508000,100000000,2025-06-29T12:51:00Z,2,100001,7f5b6f7e-1c2d-4a4e-9a51-3a3f1d3c0a01
18873f77-f756-42e3-9ec1-9b39d6107c26,INV-000903,2072f096-f83b-4c46-a6dc-f05dafa559e0,743c92eb-e918-4aee-a9a8-5e1b8a5b3040,a52964ff-c74c-4890-bc6a-3174113634a5,account,10f1bc81-448a-4a9e-a6b2-bc5b50c187fc,2025-07-15T06:57:00Z,2025-07-15,38167807000,100000000,2025-07-12T06:57:00Z,2,100001,7f5b6f7e-1c2d-4a4e-9a51-3a3f1d3c0a01
6bcff934-d1d7-48f1-96f0-2aa26b2e6945,INV-000904,a752c5bd-0b20-4ddc-a049-70bcb3ee1a69,5b3d7f02-15ff-4a23-aec8-3d69aa951245,a52964ff-c74c-4890-bc6a-3174113634a5,account,10f1bc81-448a-4a9e-a6b2-bc5b50c187fc,2025-07-23T07:57:00Z,2025-07-23,84821279000,100000000,2025-07-23T07:57:00Z,2,100001,7f5b6f7e-1c2d-4a4e-9a51-3a3f1d3c0a01
4f851581-7c5c-435a-94ba-5d29e9dda223,INV-000905,34a58acf-9d7b-4492-8942-f445c7b8d46a,18582078-62a4-4e2f-a3c4-7828c75c94fa,a52964ff-c74c-4890-bc6a-3174113634a5,account,10f1bc81-448a-4a9e-a6b2-bc5b50c187fc,2026-01-03T04:58:00Z,2026-01-03,32137175000,100000000,2026-01-02T04:58:00Z,2,100001,7f5b6f7e-1c2d-4a4e-9a51-3a3f1d3c0a01
a557fc9c-39de-4b1d-bbae-a776d6139b91,INV-000906,7c81d1e7-c3c7-4d6b-a7b6-3d0a8411cbe9,4379bc4b-bdae-44ad-b929-4cee4a1b4ed4,a52964ff-c74c-4890-bc6a-3174113634a5,account,10f1bc81-448a-4a9e-a6b2-bc5b50c187fc,2026-03-07T10:05:00Z,2026-03-07,37977133000,100000000,2026-03-05T10:05:00Z,2,100001,7f5b6f7e-1c2d-4a4e-9a51-3a3f1d3c0a01
3ad6b78a-1375-46ab-a1f7-687415b643c8,INV-000907,12ed2fcf-46ae-4f4d-be72-762e0aa68596,f35be01a-c555-40c4-ba2d-a5647cb195d9,a52964ff-c74c-4890-bc6a-3174113634a5,account,10f1bc81-448a-4a9e-a6b2-bc5b50c187fc,2026-02-15T08:41:00Z,2026-02-15,47367928000,100000000,2026-02-13T08:41:00Z,2,100001,7f5b6f7e-1c2d-4a4e-9a51-3a3f1d3c0a01
ddacf141-1403-4d10-a1c7-f23f689c282e,INV-000908,0355823e-e934-4c65-a161-c0510e725f69,68d84635-f8eb-4d22-8962-2cedce727dfd,a52964ff-c74c-4890-bc6a-3174113634a5,account,10f1bc81-448a-4a9e-a6b2-bc5b50c187fc,2026-03-23T12:48:00Z,2026-03-23,56823813000,100000000,2026-03-22T12:48:00Z,2,100001,7f5b6f7e-1c2d-4a4e-9a51-3a3f1d3c0a01
c144401d-dd0b-4e0d-9ec3-2888c6902215,INV-000909,7a62320f-5190-4ec4-8e20-71f66ff84f4b,9095fd8e-3de5-4fe1-8c8d-2bb1408f403e,a52964ff-c74c-4890-bc6a-3174113634a5,account,10f1bc81-448a-4a9e-a6b2-bc5b50c187fc,2026-05-16T09:00:00Z,2026-05-16,37836740000,100000000,2026-05-13T09:00:00Z,2,100001,7f5b6f7e-1c2d-4a4e-9a51-3a3f1d3c0a01
f7bd281e-14a8-4055-be05-bd80b9e801d5,INV-000910,10667c79-2f28-4148-9ffe-33283997a0f4,86310a1a-a468-4e2f-9606-252c52b3b961,f31046dc-6202-4ee6-9cb5-e69c5dc7b3e6,account,0e51f30d-c6a7-4e39-84b0-32ccd7c524a5,2024-09-21T07:27:00Z,2024-10-21,12202797000,1,2025-01-21T05:38:00Z,2,100001,7f5b6f7e-1c2d-4a4e-9a51-3a3f1d3c0a01
30e831d0-f81b-4dc0-9f6d-89a721224d17,INV-000911,c9b21387-c608-40e2-b027-88a89af6c0aa,fc534677-9cd6-4073-b4b6-d380004e79d5,f31046dc-6202-4ee6-9cb5-e69c5dc7b3e6,account,0e51f30d-c6a7-4e39-84b0-32ccd7c524a5,2024-11-13T07:31:00Z,2024-12-13,23815033000,1,2025-03-15T12:20:00Z,2,100001,7f5b6f7e-1c2d-4a4e-9a51-3a3f1d3c0a01
bbe98799-3baf-4ee6-8844-a44bd303dd84,INV-000912,8337862e-5611-46fd-a742-d38342042ba3,f1eda0e3-a77c-4db1-b13d-b3e93d07d587,f31046dc-6202-4ee6-9cb5-e69c5dc7b3e6,account,0e51f30d-c6a7-4e39-84b0-32ccd7c524a5,2025-03-11T11:21:00Z,2025-04-10,9820228000,1,2025-04-12T11:07:00Z,2,100001,7f5b6f7e-1c2d-4a4e-9a51-3a3f1d3c0a01
b5088f40-e83c-46ce-a302-da53f1ba46f3,INV-000913,a2c50df4-4bba-43f5-8c6e-54b7dc76280d,1a28944c-4ed1-4e44-8880-22b66f74a843,f31046dc-6202-4ee6-9cb5-e69c5dc7b3e6,account,0e51f30d-c6a7-4e39-84b0-32ccd7c524a5,2025-09-23T09:18:00Z,2025-10-23,20397249000,1,2025-10-30T08:24:00Z,2,100001,7f5b6f7e-1c2d-4a4e-9a51-3a3f1d3c0a01
ced950e6-8868-4e07-a823-be8c5f5269e8,INV-000914,5d0dd068-261a-41ee-866e-994194b349ca,fbf998ca-9850-493e-8480-40af6c1928a0,f31046dc-6202-4ee6-9cb5-e69c5dc7b3e6,account,0e51f30d-c6a7-4e39-84b0-32ccd7c524a5,2025-10-28T12:58:00Z,2025-11-27,6094661000,1,2025-11-25T08:48:00Z,2,100001,7f5b6f7e-1c2d-4a4e-9a51-3a3f1d3c0a01
e957d46b-dd5c-4b49-8400-12c92d9a836c,INV-000915,8fab0b3f-9d7a-4b84-b38c-22e40a62ef80,acec560a-9643-43ef-95c4-c881717fa533,f31046dc-6202-4ee6-9cb5-e69c5dc7b3e6,account,0e51f30d-c6a7-4e39-84b0-32ccd7c524a5,2026-02-21T06:14:00Z,2026-03-23,22126659000,1,2026-03-24T10:18:00Z,2,100001,7f5b6f7e-1c2d-4a4e-9a51-3a3f1d3c0a01
3375a851-082b-41a0-bad1-3e2839811601,INV-000916,1cbfc72b-3792-4543-81c5-f1503273d7ee,0f0505f9-8988-4fa8-9a8b-50caa456ea2a,f31046dc-6202-4ee6-9cb5-e69c5dc7b3e6,account,0e51f30d-c6a7-4e39-84b0-32ccd7c524a5,2026-05-24T07:27:00Z,2026-06-23,21250007000,1,,0,4,7f5b6f7e-1c2d-4a4e-9a51-3a3f1d3c0a01
983256fc-ecbd-44af-814a-4a7b350250bc,INV-000917,e1f176b0-df39-40c9-8a63-447c16fd8ca0,656afbd0-161f-46e1-bfe0-941cac7445de,2747b93c-9ae7-4eab-884a-67809136f1f8,account,0e51f30d-c6a7-4e39-84b0-32ccd7c524a5,2024-10-29T06:47:00Z,2024-11-28,6712610000,1,2024-12-03T11:51:00Z,2,100001,7f5b6f7e-1c2d-4a4e-9a51-3a3f1d3c0a01
991d2f2e-3955-495a-b3d7-ec717d3b5abc,INV-000918,cd2c7045-b9d6-496d-b37a-f92a611d5114,7f85db4b-0a76-44d2-b3ae-a9932a4c0024,2747b93c-9ae7-4eab-884a-67809136f1f8,account,0e51f30d-c6a7-4e39-84b0-32ccd7c524a5,2025-01-05T05:43:00Z,2025-02-04,15483511000,1,2025-02-01T07:26:00Z,2,100001,7f5b6f7e-1c2d-4a4e-9a51-3a3f1d3c0a01
9bc658f4-c889-4ded-9d7c-df740a4edca2,INV-000919,683566ff-0b5d-49f0-96b5-9f7611d9ab67,a6364e6f-c954-488b-ad6c-f1b4dcab1329,2747b93c-9ae7-4eab-884a-67809136f1f8,account,0e51f30d-c6a7-4e39-84b0-32ccd7c524a5,2025-04-26T06:32:00Z,2025-05-26,18981821000,1,2025-05-25T12:49:00Z,2,100001,7f5b6f7e-1c2d-4a4e-9a51-3a3f1d3c0a01
5ae8d1ed-83a3-45a1-9c96-fb14771594d9,INV-000920,2dcced0a-b9d0-43a9-9824-4af28d92753a,e6b20369-de8b-4f02-8cc4-e7267877365f,2747b93c-9ae7-4eab-884a-67809136f1f8,account,0e51f30d-c6a7-4e39-84b0-32ccd7c524a5,2025-05-19T09:02:00Z,2025-06-18,13578511000,1,2025-06-17T07:29:00Z,2,100001,7f5b6f7e-1c2d-4a4e-9a51-3a3f1d3c0a01
69644e8d-2910-48aa-a261-b33e6377a343,INV-000921,d90c4f01-9db1-4951-b235-70b080b61959,ca14733b-f754-445b-8407-4cc48acf10de,2747b93c-9ae7-4eab-884a-67809136f1f8,account,0e51f30d-c6a7-4e39-84b0-32ccd7c524a5,2025-10-01T08:27:00Z,2025-10-31,8660408000,1,2025-11-09T09:11:00Z,2,100001,7f5b6f7e-1c2d-4a4e-9a51-3a3f1d3c0a01
f3e6057e-bcc1-4eb7-a879-3b752e3d6a39,INV-000922,b0e36229-dd10-4e08-b59a-11b91838843b,6791ea9b-d83b-449d-a230-e9b9197ee3bf,5ef787b8-f2e6-495f-b32e-2016add702c9,account,e27a984d-6548-41d0-bfcd-9eb1a7cad415,2025-12-07T07:33:00Z,2026-03-07,296538449000,100000001,2026-03-14T05:09:00Z,2,100001,7f5b6f7e-1c2d-4a4e-9a51-3a3f1d3c0a01
e4608a3c-5a42-4146-8926-0067c6cd49b2,INV-000923,f871d3da-6445-4621-88d0-6e9d2b26b588,fa346b02-efd7-4275-b154-dd6915e364a0,5ef787b8-f2e6-495f-b32e-2016add702c9,account,e27a984d-6548-41d0-bfcd-9eb1a7cad415,2026-06-27T10:54:00Z,2026-09-25,112019127000,100000001,,0,4,7f5b6f7e-1c2d-4a4e-9a51-3a3f1d3c0a01
1b42d88f-c4b5-4808-bcb6-f8a1e55e4509,INV-000924,cfa3f73f-4a23-4f50-a3e8-09ec783d60df,428b1475-45ac-42a7-b882-175fb962fdcd,13aec376-c359-410a-b1a6-014c5f3c44dc,account,5304317f-af42-412f-b838-b3268e944239,2024-09-14T08:00:00Z,2024-10-14,28169945000,1,2024-11-02T07:24:00Z,2,100001,7f5b6f7e-1c2d-4a4e-9a51-3a3f1d3c0a01
f3bc234a-c642-489e-918a-dfb26d729168,INV-000925,f16caca7-d1f8-42ec-b5d6-27afc3a1a649,4d36c92c-20c2-4e9b-a4fd-c6cc82ad22a8,13aec376-c359-410a-b1a6-014c5f3c44dc,account,5304317f-af42-412f-b838-b3268e944239,2024-10-08T05:14:00Z,2024-11-07,31803048000,1,2024-11-23T12:23:00Z,2,100001,7f5b6f7e-1c2d-4a4e-9a51-3a3f1d3c0a01
932d23ae-b6a4-49b1-b27c-fc6d2bae1416,INV-000926,6e615958-314d-4f01-9987-f9f281fc9f0e,2ddae26f-b04d-4885-952e-b3c311d031d5,13aec376-c359-410a-b1a6-014c5f3c44dc,account,5304317f-af42-412f-b838-b3268e944239,2024-10-12T10:08:00Z,2024-11-11,12196957000,1,2024-11-11T07:46:00Z,2,100001,7f5b6f7e-1c2d-4a4e-9a51-3a3f1d3c0a01
320c4b21-35ca-4fc2-a54d-d1bbf3416df5,INV-000927,a9e14d68-a40b-4b38-a4c7-6597cd26b6c8,7064a65b-4aa6-4a9f-865c-2dbb24246ba7,13aec376-c359-410a-b1a6-014c5f3c44dc,account,5304317f-af42-412f-b838-b3268e944239,2024-11-17T10:35:00Z,2024-12-17,11391678000,1,2024-12-14T11:48:00Z,2,100001,7f5b6f7e-1c2d-4a4e-9a51-3a3f1d3c0a01
12898417-6a92-40fe-afab-246060cf791b,INV-000928,9d0c3c68-6516-407b-b743-cd9c5a5551f5,06a73b7b-0c65-453d-a3d1-4ae2ab3cf1e6,5df06e8c-878a-4ed9-a33f-fc8292ec89af,account,ce177b4e-0837-48a3-9261-a7ab3aa2e4f9,2024-10-17T09:50:00Z,2024-11-16,41162261000,1,2024-11-16T07:26:00Z,2,100001,7f5b6f7e-1c2d-4a4e-9a51-3a3f1d3c0a01
84c1bd1d-e15c-464e-a6a5-943d2d3312a4,INV-000929,0e84b493-bf9c-4673-a5b0-e7a7d9c57eed,1ac0e73a-2604-4a6b-aaa7-59eb371e61e3,5df06e8c-878a-4ed9-a33f-fc8292ec89af,account,ce177b4e-0837-48a3-9261-a7ab3aa2e4f9,2024-12-02T11:41:00Z,2025-01-01,43806822000,1,2025-01-05T08:20:00Z,2,100001,7f5b6f7e-1c2d-4a4e-9a51-3a3f1d3c0a01
9a28dbd0-1c43-49a2-8068-f0a2fc70763f,INV-000930,fdbeccd2-13b5-46eb-b41b-ca37d9f94c01,d3abe753-3f7c-4b6d-b905-c28504ab1842,5df06e8c-878a-4ed9-a33f-fc8292ec89af,account,ce177b4e-0837-48a3-9261-a7ab3aa2e4f9,2025-01-18T05:47:00Z,2025-02-17,86592611000,1,2025-05-01T05:20:00Z,2,100001,7f5b6f7e-1c2d-4a4e-9a51-3a3f1d3c0a01
c30915fd-0ff0-4788-9f9c-4415544becd0,INV-000931,786ccec1-7049-4e66-b69a-04f8b58d3640,658f44f3-c71c-4897-a129-e18f8ddd3c3e,5df06e8c-878a-4ed9-a33f-fc8292ec89af,account,ce177b4e-0837-48a3-9261-a7ab3aa2e4f9,2025-01-30T12:28:00Z,2025-03-01,61119045000,1,2025-03-01T05:55:00Z,2,100001,7f5b6f7e-1c2d-4a4e-9a51-3a3f1d3c0a01
b84b0dd7-c78c-49f6-99e6-3ee76d77be3e,INV-000932,64417590-9793-4c9d-bfc0-6a5dbf810bac,27bd4335-66e8-4b24-b827-c155526f4484,5df06e8c-878a-4ed9-a33f-fc8292ec89af,account,ce177b4e-0837-48a3-9261-a7ab3aa2e4f9,2025-05-07T09:49:00Z,2025-06-06,11675214000,1,2025-06-07T11:25:00Z,2,100001,7f5b6f7e-1c2d-4a4e-9a51-3a3f1d3c0a01
538d6da9-a3fd-412a-b7b1-3c30e88857ef,INV-000933,e4b39d3b-98da-43d5-81af-a603da0808ab,853a3b47-ad6e-4a23-b67e-7f39c5e9f546,5df06e8c-878a-4ed9-a33f-fc8292ec89af,account,ce177b4e-0837-48a3-9261-a7ab3aa2e4f9,2025-04-26T07:20:00Z,2025-05-26,99276741000,1,2025-05-24T10:00:00Z,2,100001,7f5b6f7e-1c2d-4a4e-9a51-3a3f1d3c0a01
5e4f73ea-5dcd-4927-bb0d-f321e1eaeee9,INV-000934,2608296a-66ab-46a1-9839-6154b69cfabc,c3912288-5c1c-4dd8-a05d-cc380a4aff5e,5df06e8c-878a-4ed9-a33f-fc8292ec89af,account,ce177b4e-0837-48a3-9261-a7ab3aa2e4f9,2025-04-24T10:23:00Z,2025-05-24,142414023000,1,2025-05-22T11:53:00Z,2,100001,7f5b6f7e-1c2d-4a4e-9a51-3a3f1d3c0a01
2fb659d8-aefd-4f21-8b48-50186d054ef4,INV-000935,6f9feea4-e6be-40f6-bc35-ec7b508c7083,40120c53-9898-47ca-8daa-a0705e4e24fd,4758367b-a649-4cdc-907b-907265e58f34,account,ce177b4e-0837-48a3-9261-a7ab3aa2e4f9,2025-12-08T05:44:00Z,2026-02-06,47364012000,4,2026-03-17T05:33:00Z,2,100001,7f5b6f7e-1c2d-4a4e-9a51-3a3f1d3c0a01
dde8673d-ce18-475d-87b1-5ff7ba188bed,INV-000936,47f90b3c-ceab-4026-ba56-bcaba9858e73,883bec7d-bc46-4a18-8946-72b5b5f96c40,4758367b-a649-4cdc-907b-907265e58f34,account,ce177b4e-0837-48a3-9261-a7ab3aa2e4f9,2026-06-28T11:18:00Z,2026-08-27,152243785000,4,,0,4,7f5b6f7e-1c2d-4a4e-9a51-3a3f1d3c0a01
3763c908-dec9-4f55-a0cb-5c4e515edc1f,INV-000937,0c096bcf-54c6-410e-a926-d07091ddce0b,15ef4b76-585a-4bdf-81bd-5b73e77694c0,06a241af-1d0a-47f7-b5e4-a4713fe68c9c,account,5304317f-af42-412f-b838-b3268e944239,2025-02-08T08:20:00Z,2025-02-08,20758412000,100000000,2025-02-06T08:20:00Z,2,100001,7f5b6f7e-1c2d-4a4e-9a51-3a3f1d3c0a01
97c5a810-164d-4e5f-9312-9bac086195c4,INV-000938,b5ddaf31-f485-48d8-a161-e8166357bce6,c2116a9f-5c7b-48ef-b6db-f089d87651da,06a241af-1d0a-47f7-b5e4-a4713fe68c9c,account,5304317f-af42-412f-b838-b3268e944239,2025-08-03T12:10:00Z,2025-08-03,20780132000,100000000,2025-08-02T12:10:00Z,2,100001,7f5b6f7e-1c2d-4a4e-9a51-3a3f1d3c0a01
74de9f37-b818-450e-bd7a-df0f2bf9c894,INV-000939,0a106750-15fa-4a85-bf70-085d0cc3eecc,2274ea7e-080b-4475-acce-7c0f70081abc,06a241af-1d0a-47f7-b5e4-a4713fe68c9c,account,5304317f-af42-412f-b838-b3268e944239,2025-08-20T09:53:00Z,2025-08-20,18007840000,100000000,2025-08-19T09:53:00Z,2,100001,7f5b6f7e-1c2d-4a4e-9a51-3a3f1d3c0a01
85e30d61-7115-4f5d-a966-aaecb02dbf20,INV-000940,6ea4c5a6-5373-4c17-a4b3-6dbf087478c9,10f77636-b4b2-471d-89d2-66d25c4cafa1,1e2595b8-8fc9-486b-a9dd-ebf563119aca,account,366eb16f-508e-4ad7-b7c9-3acfe059a0ee,2024-08-10T11:44:00Z,2024-08-10,40925237000,100000000,2024-08-08T11:44:00Z,2,100001,7f5b6f7e-1c2d-4a4e-9a51-3a3f1d3c0a01
291e5170-bdd9-42f6-be3d-1c0de687c337,INV-000941,2551194c-5a82-4181-ab32-37020c73d644,ababb2e6-7b46-4e81-b119-9e4a8bffeece,1e2595b8-8fc9-486b-a9dd-ebf563119aca,account,366eb16f-508e-4ad7-b7c9-3acfe059a0ee,2025-02-19T07:13:00Z,2025-02-19,23724066000,100000000,2025-02-17T07:13:00Z,2,100001,7f5b6f7e-1c2d-4a4e-9a51-3a3f1d3c0a01
fa48bba7-0496-47c5-952c-216a015583b9,INV-000942,5d44f0ba-3e6b-4041-9e7f-b33e418ffb6a,c243b33f-ceeb-4ea2-9f43-d021a37b6761,1e2595b8-8fc9-486b-a9dd-ebf563119aca,account,366eb16f-508e-4ad7-b7c9-3acfe059a0ee,2025-04-01T12:56:00Z,2025-04-01,61550159000,100000000,2025-03-29T12:56:00Z,2,100001,7f5b6f7e-1c2d-4a4e-9a51-3a3f1d3c0a01
0cf3399f-fb8a-4051-9e91-6d024ee78225,INV-000943,b4c38f5f-f531-4eec-9c33-b21cad6c62c8,8a0a4bdb-03dd-407a-b470-0a366877b9e8,1e2595b8-8fc9-486b-a9dd-ebf563119aca,account,366eb16f-508e-4ad7-b7c9-3acfe059a0ee,2025-06-05T06:39:00Z,2025-06-05,108905460000,100000000,2025-06-05T06:39:00Z,2,100001,7f5b6f7e-1c2d-4a4e-9a51-3a3f1d3c0a01
56905f49-d2f2-4495-ab1f-41e8cff2901e,INV-000944,ac29187a-5000-4730-ba5c-687db2fba555,6d7c165a-21ff-4b3f-825d-0b16b1ee7b65,1e2595b8-8fc9-486b-a9dd-ebf563119aca,account,366eb16f-508e-4ad7-b7c9-3acfe059a0ee,2026-04-04T07:51:00Z,2026-04-04,45170313000,100000000,2026-04-04T07:51:00Z,2,100001,7f5b6f7e-1c2d-4a4e-9a51-3a3f1d3c0a01
b2b8853a-7e50-4e22-8329-940f732b029d,INV-000945,09e6fe60-389d-4cfe-91cd-9fccb1684438,cf74dde7-b593-4a6c-b403-70066b240fe5,1e2595b8-8fc9-486b-a9dd-ebf563119aca,account,366eb16f-508e-4ad7-b7c9-3acfe059a0ee,2026-04-08T05:26:00Z,2026-04-08,35957132000,100000000,2026-04-06T05:26:00Z,2,100001,7f5b6f7e-1c2d-4a4e-9a51-3a3f1d3c0a01
7dc595d2-c27d-4af1-b311-37d5527cfcff,INV-000946,d5129ca0-f30f-461c-9786-86e2a43c3682,2c4fcd96-32d2-40b5-aa23-177b140a7ebb,1e2595b8-8fc9-486b-a9dd-ebf563119aca,account,366eb16f-508e-4ad7-b7c9-3acfe059a0ee,2026-05-23T05:45:00Z,2026-05-23,70630336000,100000000,2026-05-20T05:45:00Z,2,100001,7f5b6f7e-1c2d-4a4e-9a51-3a3f1d3c0a01
015a8274-368b-42b0-af14-d8c29ab9a972,INV-000947,62e737db-c299-48ba-b92f-0b231eb8a109,0650cc0f-ee57-43cd-b310-4f51b6614d5f,b43bd27f-42a2-49a6-8664-12854303cbc1,account,5304317f-af42-412f-b838-b3268e944239,2024-07-30T04:33:00Z,2024-08-29,17449089000,1,2024-09-03T11:54:00Z,2,100001,7f5b6f7e-1c2d-4a4e-9a51-3a3f1d3c0a01
33fcf292-e739-4b69-a584-a393768d50f2,INV-000948,2586fdeb-3c30-4141-93c0-9e38e0146d1e,7a487318-bbe1-4143-b236-f6e984dcc28e,b43bd27f-42a2-49a6-8664-12854303cbc1,account,5304317f-af42-412f-b838-b3268e944239,2024-12-01T08:44:00Z,2024-12-31,8733514000,1,2024-12-28T09:23:00Z,2,100001,7f5b6f7e-1c2d-4a4e-9a51-3a3f1d3c0a01
16ccac9f-627e-40ae-8526-15d73b77c9b4,INV-000949,3ba19838-e806-4a5d-b946-4668116d9582,dc69be82-496a-4ede-803f-6ba33587b20d,b43bd27f-42a2-49a6-8664-12854303cbc1,account,5304317f-af42-412f-b838-b3268e944239,2025-05-17T10:02:00Z,2025-06-16,33012066000,1,2025-06-25T06:48:00Z,2,100001,7f5b6f7e-1c2d-4a4e-9a51-3a3f1d3c0a01
c7340060-fb5b-46b0-90c3-b74633a05b87,INV-000950,ac071929-63c4-4c7b-b770-2dfe7ce1bed4,37880e13-cc2f-4ea8-93d1-31809664be4e,b43bd27f-42a2-49a6-8664-12854303cbc1,account,5304317f-af42-412f-b838-b3268e944239,2025-06-28T09:45:00Z,2025-07-28,42384847000,1,2025-07-26T05:13:00Z,2,100001,7f5b6f7e-1c2d-4a4e-9a51-3a3f1d3c0a01
3f7d0217-f1a8-40ab-9ede-7dbd051f2259,INV-000951,ca8f1a6f-cce0-4872-b765-c78f6104f9ec,777949c3-c626-41e5-b855-38ec08d98959,b43bd27f-42a2-49a6-8664-12854303cbc1,account,5304317f-af42-412f-b838-b3268e944239,2025-09-08T07:25:00Z,2025-10-08,17259308000,1,2025-10-05T04:48:00Z,2,100001,7f5b6f7e-1c2d-4a4e-9a51-3a3f1d3c0a01
55349edc-5a17-4a6d-ab6e-a526e8f83636,INV-000952,ebfb1609-0fdc-4f1e-b693-a32d9dc3348e,a3784e9d-b6da-40f0-aaaa-2fadf3936810,b43bd27f-42a2-49a6-8664-12854303cbc1,account,5304317f-af42-412f-b838-b3268e944239,2026-01-17T08:51:00Z,2026-02-16,30108431000,1,2026-02-15T06:15:00Z,2,100001,7f5b6f7e-1c2d-4a4e-9a51-3a3f1d3c0a01
6c5da413-effc-4bab-8fce-48df04d941f1,INV-000953,47219b6b-cc6a-4b4d-9b08-daf8309177ce,62fb87a6-4f8d-4e32-94b7-b0fcad75aaaa,b43bd27f-42a2-49a6-8664-12854303cbc1,account,5304317f-af42-412f-b838-b3268e944239,2026-03-07T10:17:00Z,2026-04-06,13316494000,1,2026-04-06T10:55:00Z,2,100001,7f5b6f7e-1c2d-4a4e-9a51-3a3f1d3c0a01
d0ef74ca-1bcd-41e3-b275-a0a2766239a7,INV-000954,8fc13a21-65da-4585-8458-a4a770372268,0021a166-33ce-4bf3-9425-0f271a9942d2,b43bd27f-42a2-49a6-8664-12854303cbc1,account,5304317f-af42-412f-b838-b3268e944239,2026-04-21T05:25:00Z,2026-05-21,22510074000,1,2026-05-23T10:28:00Z,2,100001,7f5b6f7e-1c2d-4a4e-9a51-3a3f1d3c0a01
14ca2a34-b4a3-46f0-a5a5-3c2accb2fe35,INV-000955,325333c2-5173-42a6-a46d-875c34ac9046,0acdf09d-ba4c-4dd5-bc0b-8481842f2fe3,b43bd27f-42a2-49a6-8664-12854303cbc1,account,5304317f-af42-412f-b838-b3268e944239,2026-05-07T12:14:00Z,2026-06-06,42905436000,1,2026-06-25T07:25:00Z,2,100001,7f5b6f7e-1c2d-4a4e-9a51-3a3f1d3c0a01
05083860-d256-4ec3-b776-aea0c06a8167,INV-000956,abfc2e90-abc6-4b80-8626-51bbfffc524c,b2555c9e-354f-4b4e-acb6-ec8a0a12b81c,9ca3fbb3-ff11-48ba-b6ee-1640723ef466,account,24933b83-7577-40a9-a491-f0b2ea1fca65,2024-09-14T08:25:00Z,2024-11-13,17493611000,4,2024-11-10T11:48:00Z,2,100001,7f5b6f7e-1c2d-4a4e-9a51-3a3f1d3c0a01
785c6e2e-1c26-4562-9bf9-45d085a2625f,INV-000957,da2c21ff-49d6-4860-8f72-9ba90fd7c051,606fe2a6-8b63-4d38-a731-cb49226a1662,22bf18f5-1f65-4a87-b33e-e3447dbf4bc1,account,e27a984d-6548-41d0-bfcd-9eb1a7cad415,2024-07-20T05:27:00Z,2024-09-18,22929210000,4,2024-09-16T06:16:00Z,2,100001,7f5b6f7e-1c2d-4a4e-9a51-3a3f1d3c0a01
e5270747-e03e-4c96-a230-3dfff339df17,INV-000958,4d1d630d-5fda-4ffc-a8ca-e40857659751,b10edc41-349a-4812-ad78-b44648eda3cb,22bf18f5-1f65-4a87-b33e-e3447dbf4bc1,account,e27a984d-6548-41d0-bfcd-9eb1a7cad415,2024-08-28T12:40:00Z,2024-10-27,32666319000,4,2024-10-29T10:50:00Z,2,100001,7f5b6f7e-1c2d-4a4e-9a51-3a3f1d3c0a01
39f1af59-d1c0-4f4a-b44e-1da332a1b93b,INV-000959,bc61301c-0e4b-4fc0-adc4-999bbe90891e,15fd0f79-8fdc-4bed-9501-b93a3efccaaa,22bf18f5-1f65-4a87-b33e-e3447dbf4bc1,account,e27a984d-6548-41d0-bfcd-9eb1a7cad415,2024-09-17T07:51:00Z,2024-11-16,41062250000,4,2024-11-23T10:10:00Z,2,100001,7f5b6f7e-1c2d-4a4e-9a51-3a3f1d3c0a01
c8e12382-3867-47e9-a8d5-5f2b1215958a,INV-000960,32d76a02-b479-4e77-b23f-edb87ed6cd7f,2bb1a889-3224-4ad0-a9ea-50d2f148491c,22bf18f5-1f65-4a87-b33e-e3447dbf4bc1,account,e27a984d-6548-41d0-bfcd-9eb1a7cad415,2026-01-14T07:11:00Z,2026-03-15,48619717000,4,2026-03-16T11:15:00Z,2,100001,7f5b6f7e-1c2d-4a4e-9a51-3a3f1d3c0a01
2e7a5c76-25ba-4d11-8145-d8e5e2f20038,INV-000961,8b352d2b-9f04-40fc-8ba7-28aa124d456f,4966ff4f-6989-44c1-9e84-81794893297e,22bf18f5-1f65-4a87-b33e-e3447dbf4bc1,account,e27a984d-6548-41d0-bfcd-9eb1a7cad415,2026-01-29T09:54:00Z,2026-03-30,39543082000,4,,0,4,7f5b6f7e-1c2d-4a4e-9a51-3a3f1d3c0a01
ce458b46-eef7-4d43-94cd-a4c6047733cc,INV-000962,7cf4e15c-1269-4533-886b-4396e2cbbeec,7128f761-00e2-4a46-a0b4-1eaf575473f3,22bf18f5-1f65-4a87-b33e-e3447dbf4bc1,account,e27a984d-6548-41d0-bfcd-9eb1a7cad415,2026-02-28T08:03:00Z,2026-04-29,69621899000,4,2026-04-27T06:32:00Z,2,100001,7f5b6f7e-1c2d-4a4e-9a51-3a3f1d3c0a01
7f38c8b5-ca08-4f48-a46d-063ffa785c08,INV-000963,115f2702-3f2b-45eb-b0dc-7893969d436f,8d688b75-624d-4fb9-b893-3ad0451d77f3,22bf18f5-1f65-4a87-b33e-e3447dbf4bc1,account,e27a984d-6548-41d0-bfcd-9eb1a7cad415,2026-03-14T05:07:00Z,2026-05-13,55048280000,4,2026-05-23T08:12:00Z,2,100001,7f5b6f7e-1c2d-4a4e-9a51-3a3f1d3c0a01
9e3088d6-cbf3-4fc8-a5ed-3e6d7ad57423,INV-000964,4ddf68c0-10c9-468f-a007-0b6e48d82b1d,20093ca3-90a4-4bc6-a626-06ec8264b4f1,22bf18f5-1f65-4a87-b33e-e3447dbf4bc1,account,e27a984d-6548-41d0-bfcd-9eb1a7cad415,2026-04-06T06:15:00Z,2026-06-05,70679449000,4,2026-06-03T12:47:00Z,2,100001,7f5b6f7e-1c2d-4a4e-9a51-3a3f1d3c0a01
b53fa207-32ed-46ad-a517-7a8ce7e71496,INV-000965,781dc617-00e4-4408-abe2-c3682f788c40,9f28e68a-3f56-46a7-b83a-219956f4e313,22bf18f5-1f65-4a87-b33e-e3447dbf4bc1,account,e27a984d-6548-41d0-bfcd-9eb1a7cad415,2026-03-26T09:37:00Z,2026-05-25,43076318000,4,2026-06-07T07:21:00Z,2,100001,7f5b6f7e-1c2d-4a4e-9a51-3a3f1d3c0a01
6f7e9c9a-6f37-4c9e-8618-2c978d6f1d0e,INV-000966,55a1cfba-16cc-4cab-8b3b-c9e60be36ea2,3ad19287-bed3-47b2-bbbc-3bc6f0160688,2c33350c-73b9-41d8-92f5-131ada52d2ee,account,e27a984d-6548-41d0-bfcd-9eb1a7cad415,2025-01-23T07:20:00Z,2025-01-23,8681312000,100000000,2025-01-22T07:20:00Z,2,100001,7f5b6f7e-1c2d-4a4e-9a51-3a3f1d3c0a01
e7dc71a6-a4e9-4aa6-88db-343c80059b30,INV-000967,b90518f5-0c3d-4d51-8a73-9cbdf5e5efe4,991d16d5-0f01-4800-95bf-250cb129ac30,2c33350c-73b9-41d8-92f5-131ada52d2ee,account,e27a984d-6548-41d0-bfcd-9eb1a7cad415,2025-03-06T09:46:00Z,2025-03-06,18621776000,100000000,2025-03-03T09:46:00Z,2,100001,7f5b6f7e-1c2d-4a4e-9a51-3a3f1d3c0a01
dc74a207-3cbf-4998-8e15-98ecc9541d91,INV-000968,af55e652-8347-4ef5-89dd-b899b9312ae5,e479229e-c518-4642-bcfe-c07f37a799c9,ff4c96d6-71f2-4e8f-b69f-68c3e60fd420,account,5304317f-af42-412f-b838-b3268e944239,2025-01-28T09:58:00Z,2025-02-27,14830494000,1,2025-03-01T13:19:00Z,2,100001,7f5b6f7e-1c2d-4a4e-9a51-3a3f1d3c0a01
28cb4776-a001-4982-bee2-79f9b2dd62ab,INV-000969,6623265c-e173-4b33-9739-85f186a90b39,05db80fb-d41a-4751-9191-8269ed808fdb,f7b217c7-ae92-4a71-8f7d-cb431679742f,account,0e51f30d-c6a7-4e39-84b0-32ccd7c524a5,2025-04-09T07:31:00Z,2025-04-09,44885137000,100000000,2025-04-06T07:31:00Z,2,100001,7f5b6f7e-1c2d-4a4e-9a51-3a3f1d3c0a01
16a7a951-b616-47ce-b132-d8fbefb47fcd,INV-000970,75ad3301-022d-41a9-994d-6a781f0b4068,093911ba-a077-4812-b530-04dd6bb75061,f7b217c7-ae92-4a71-8f7d-cb431679742f,account,0e51f30d-c6a7-4e39-84b0-32ccd7c524a5,2025-05-04T12:57:00Z,2025-05-04,19376593000,100000000,2025-05-01T12:57:00Z,2,100001,7f5b6f7e-1c2d-4a4e-9a51-3a3f1d3c0a01
6de62fbc-5377-490a-b1ef-370a6040688c,INV-000971,d3759b94-3ac9-46b7-b060-868da9c2e627,375b0ee4-29b3-4709-bfea-c33c89eae44e,f7b217c7-ae92-4a71-8f7d-cb431679742f,account,0e51f30d-c6a7-4e39-84b0-32ccd7c524a5,2026-01-04T10:43:00Z,2026-01-04,8301206000,100000000,2026-01-02T10:43:00Z,2,100001,7f5b6f7e-1c2d-4a4e-9a51-3a3f1d3c0a01
7d8d1f77-0700-40fc-a2f3-afa49c701035,INV-000972,f5e5426d-8651-46e9-88aa-0ba5c26d48cf,ad4ff0f8-9291-482c-8e0f-2f9e1b96c199,f7b217c7-ae92-4a71-8f7d-cb431679742f,account,0e51f30d-c6a7-4e39-84b0-32ccd7c524a5,2026-01-27T05:49:00Z,2026-01-27,24704356000,100000000,2026-01-25T05:49:00Z,2,100001,7f5b6f7e-1c2d-4a4e-9a51-3a3f1d3c0a01
cdf5e7e2-60a7-4f61-9dea-98abc80d0b97,INV-000973,fd728fa4-22b8-4bb4-8bcc-84bde10b735f,bdaf0238-c5b9-40b4-a58f-8518e40aa115,f7b217c7-ae92-4a71-8f7d-cb431679742f,account,0e51f30d-c6a7-4e39-84b0-32ccd7c524a5,2026-05-06T05:48:00Z,2026-05-06,22419318000,100000000,2026-05-03T05:48:00Z,2,100001,7f5b6f7e-1c2d-4a4e-9a51-3a3f1d3c0a01
2d992ce7-17a0-408e-9985-bbff8220dcf0,INV-000974,36f94b17-ddb6-4a3b-b887-c1321685ebea,6549d745-7dbc-4a50-af7a-6ad3285758d9,4cc9f5f2-e42e-4037-8a55-2ea08acbbe09,account,beb79919-3f22-4af8-a3be-d01d43cf2fde,2024-08-07T13:04:00Z,2024-09-06,21540887000,1,2024-09-05T04:57:00Z,2,100001,7f5b6f7e-1c2d-4a4e-9a51-3a3f1d3c0a01
3d9cf82b-befa-4071-b497-82fc75db40bd,INV-000975,7e315e39-5aa3-4464-82ef-bf8fd0de074d,ed5a9a32-a930-47a8-8c6e-a56eda64c3b8,4cc9f5f2-e42e-4037-8a55-2ea08acbbe09,account,beb79919-3f22-4af8-a3be-d01d43cf2fde,2024-07-16T05:20:00Z,2024-08-15,21006983000,1,2024-08-17T11:57:00Z,2,100001,7f5b6f7e-1c2d-4a4e-9a51-3a3f1d3c0a01
469b4236-cbda-450b-a7c6-b444054026f5,INV-000976,be7f1efd-bbe0-40f2-89ec-1b679f29e939,281fd4eb-979f-48f5-8ee2-c03bc6eb0a65,4cc9f5f2-e42e-4037-8a55-2ea08acbbe09,account,beb79919-3f22-4af8-a3be-d01d43cf2fde,2024-11-17T12:19:00Z,2024-12-17,36722872000,1,2024-12-21T12:24:00Z,2,100001,7f5b6f7e-1c2d-4a4e-9a51-3a3f1d3c0a01
0d25b475-6de2-4676-a5ed-e40b4a3803d3,INV-000977,00faf28f-ea21-4aa9-bd8f-c1a95a9e57e3,260fc98c-c03d-40f8-909b-932e792def85,4cc9f5f2-e42e-4037-8a55-2ea08acbbe09,account,beb79919-3f22-4af8-a3be-d01d43cf2fde,2025-05-07T09:57:00Z,2025-06-06,37850518000,1,2025-06-04T10:35:00Z,2,100001,7f5b6f7e-1c2d-4a4e-9a51-3a3f1d3c0a01
85d9db52-0f54-4226-8bd1-b7ca0affaabd,INV-000978,9436ce27-d2be-4c36-b467-f95ae6c6e8c4,a91e7d1d-8807-43da-802c-6382407909b3,4cc9f5f2-e42e-4037-8a55-2ea08acbbe09,account,beb79919-3f22-4af8-a3be-d01d43cf2fde,2025-05-25T11:16:00Z,2025-06-24,40434462000,1,2025-06-24T05:53:00Z,2,100001,7f5b6f7e-1c2d-4a4e-9a51-3a3f1d3c0a01
21ef42cc-1b89-46aa-a1bd-240181ec72e8,INV-000979,b1f14f3e-6991-4b5f-84d7-a496a27127dc,14e8f93e-9b5f-4ed7-9ce1-04a667b41ea4,4cc9f5f2-e42e-4037-8a55-2ea08acbbe09,account,beb79919-3f22-4af8-a3be-d01d43cf2fde,2025-07-23T08:06:00Z,2025-08-22,31092326000,1,2025-08-31T09:48:00Z,2,100001,7f5b6f7e-1c2d-4a4e-9a51-3a3f1d3c0a01
07522136-973e-4ea3-b369-fd73ed4c3f36,INV-000980,fed45978-c9ce-42b2-a9ba-3f8c465e4f14,896b4bc3-5803-4964-b643-32ab7230bc5a,4cc9f5f2-e42e-4037-8a55-2ea08acbbe09,account,beb79919-3f22-4af8-a3be-d01d43cf2fde,2025-11-22T11:48:00Z,2025-12-22,34420791000,1,2025-12-24T04:41:00Z,2,100001,7f5b6f7e-1c2d-4a4e-9a51-3a3f1d3c0a01
824112fa-d0c9-4a54-a524-f657777fda4b,INV-000981,62617ea7-e84e-47c6-b120-0957d77df6b6,cb92501a-28b9-4822-bf70-c5eaef0d1124,b5a5f8e6-b639-4f04-a852-4385d9f2dd0d,account,e27a984d-6548-41d0-bfcd-9eb1a7cad415,2025-03-30T13:22:00Z,2025-04-29,8373051000,1,2025-05-18T05:20:00Z,2,100001,7f5b6f7e-1c2d-4a4e-9a51-3a3f1d3c0a01
f2fc7fec-98ab-4af7-97ca-25246c4fde20,INV-000982,48832fc8-abe9-4a8a-adb7-d927748d7648,287f9050-24f3-44a6-b7df-8223c9b345af,b5a5f8e6-b639-4f04-a852-4385d9f2dd0d,account,e27a984d-6548-41d0-bfcd-9eb1a7cad415,2025-12-08T12:09:00Z,2026-01-07,23589690000,1,2026-01-12T12:34:00Z,2,100001,7f5b6f7e-1c2d-4a4e-9a51-3a3f1d3c0a01
39130a9f-3ce9-4d5f-8473-0a83ee7448b6,INV-000983,2c4f13d7-446f-4dde-9d96-9dae2999c580,2d20e6d1-66f7-4436-b430-5f895d2e7359,2c913a7c-a340-4f08-b341-91b8ed6522b4,account,10f1bc81-448a-4a9e-a6b2-bc5b50c187fc,2025-12-21T09:48:00Z,2026-01-20,14229866000,1,2026-02-04T06:57:00Z,2,100001,7f5b6f7e-1c2d-4a4e-9a51-3a3f1d3c0a01
ac9b1441-a77e-4ce7-94c6-76900288e150,INV-000984,67359f22-808f-499a-9417-d1059441b899,b66a26c3-caf2-46c4-b0d3-8708dd0717e1,3967e60a-823d-4107-9c8a-c066cb2fafa3,account,beb79919-3f22-4af8-a3be-d01d43cf2fde,2025-03-06T11:44:00Z,2025-04-05,22123708000,1,2025-04-23T04:49:00Z,2,100001,7f5b6f7e-1c2d-4a4e-9a51-3a3f1d3c0a01
e34ff5cf-0e18-4ac0-be9f-36a6a0fa86d0,INV-000985,fc37e85c-7a97-4379-a4fe-5c40864ab3a6,2b53fe91-83a1-48ab-a2e9-8d879bc0de88,3967e60a-823d-4107-9c8a-c066cb2fafa3,account,beb79919-3f22-4af8-a3be-d01d43cf2fde,2025-05-21T09:20:00Z,2025-06-20,44135898000,1,2025-06-25T06:03:00Z,2,100001,7f5b6f7e-1c2d-4a4e-9a51-3a3f1d3c0a01
3df4fa8e-b4be-4743-89f3-d0ded1697e57,INV-000986,3c45e921-432b-4951-a336-049b6293f231,e0e09148-0e9a-4683-8505-fd912206ca68,3967e60a-823d-4107-9c8a-c066cb2fafa3,account,beb79919-3f22-4af8-a3be-d01d43cf2fde,2025-11-23T10:46:00Z,2025-12-23,24453017000,1,,0,4,7f5b6f7e-1c2d-4a4e-9a51-3a3f1d3c0a01
bea46de7-cf20-4695-a479-e78155489484,INV-000987,7bb1ca21-bb4d-4182-b7a2-7569196c8635,2e346430-d771-4b07-ba73-536629a494b0,3967e60a-823d-4107-9c8a-c066cb2fafa3,account,beb79919-3f22-4af8-a3be-d01d43cf2fde,2026-01-24T07:09:00Z,2026-02-23,28923563000,1,2026-03-02T05:45:00Z,2,100001,7f5b6f7e-1c2d-4a4e-9a51-3a3f1d3c0a01
c3a834cf-61df-458b-8d6f-29b12c2f968e,INV-000988,137849e7-9963-4e73-b05c-55a33a768845,6f57995b-5483-443d-9c4d-635c5a147cd6,3967e60a-823d-4107-9c8a-c066cb2fafa3,account,beb79919-3f22-4af8-a3be-d01d43cf2fde,2026-02-23T13:29:00Z,2026-03-25,39592009000,1,2026-04-04T05:48:00Z,2,100001,7f5b6f7e-1c2d-4a4e-9a51-3a3f1d3c0a01
4f87d2f0-a244-4b31-a95e-61132d597965,INV-000989,e60f4fab-4045-45a3-9913-cbf2f729b735,00c48b5e-56cc-495b-8a10-f0e37d5d9aa0,cac4d0eb-3373-430e-bc31-a5971f119c0f,account,beb79919-3f22-4af8-a3be-d01d43cf2fde,2025-11-17T08:01:00Z,2025-12-17,9922451000,1,2025-12-27T11:49:00Z,2,100001,7f5b6f7e-1c2d-4a4e-9a51-3a3f1d3c0a01
bcc47e44-64ee-4976-b870-894c0513394f,INV-000990,aec08520-001d-4c28-a40b-ffbf8d73bcc7,34904c33-26f8-4120-b909-c61c92053f1b,cac4d0eb-3373-430e-bc31-a5971f119c0f,account,beb79919-3f22-4af8-a3be-d01d43cf2fde,2026-02-12T11:51:00Z,2026-03-14,48418401000,1,2026-03-19T06:34:00Z,2,100001,7f5b6f7e-1c2d-4a4e-9a51-3a3f1d3c0a01
66b5ec34-ff1e-46f1-a8ab-5d67e766f1df,INV-000991,f4282e66-7af0-4025-abd9-001a8a9e9b64,3c41ed34-c75c-4fe8-b72f-f88d672fb515,cac4d0eb-3373-430e-bc31-a5971f119c0f,account,beb79919-3f22-4af8-a3be-d01d43cf2fde,2026-06-23T09:41:00Z,2026-07-23,24224735000,1,,0,4,7f5b6f7e-1c2d-4a4e-9a51-3a3f1d3c0a01
f05af6bc-d216-484f-991e-404fa0e6b742,INV-000992,f21be047-e3a0-4bf1-b460-c8d8727df7cd,5dd36cd2-fe11-48e6-bde0-870d8212d719,7e7838c9-ca55-438b-bc9a-be10238d6f44,account,5304317f-af42-412f-b838-b3268e944239,2024-11-27T11:42:00Z,2024-11-27,11456020000,100000000,2024-11-27T11:42:00Z,2,100001,7f5b6f7e-1c2d-4a4e-9a51-3a3f1d3c0a01
edf2b696-7454-4eec-831c-73b387bacd74,INV-000993,2b560311-8260-462d-92d6-28b5d5c2067d,56d8c535-068c-447c-8f08-09be03f30d96,fba6abf7-cdbc-4653-b7a7-e8b75e70f65f,account,366eb16f-508e-4ad7-b7c9-3acfe059a0ee,2026-01-11T10:22:00Z,2026-01-11,28668392000,100000000,2026-01-11T10:22:00Z,2,100001,7f5b6f7e-1c2d-4a4e-9a51-3a3f1d3c0a01
c73dba06-c18c-4c17-a342-d8f8d1bbd732,INV-000994,5946892b-3f44-4be5-8326-1bcf981eec0d,8fc9beb2-84f0-4956-9cb7-41f3c07f7cd9,e25df9a8-9ca8-45c4-a138-afe08d38bbd8,account,5304317f-af42-412f-b838-b3268e944239,2024-08-07T10:27:00Z,2024-10-06,33177833000,4,2024-10-30T08:06:00Z,2,100001,7f5b6f7e-1c2d-4a4e-9a51-3a3f1d3c0a01
4fa4affc-196c-4302-a568-79208b7ff620,INV-000995,1a7198a8-a357-4421-b666-6b8f4e2eab5b,c9c19184-ea79-4273-9b51-d9b21ad945de,e25df9a8-9ca8-45c4-a138-afe08d38bbd8,account,5304317f-af42-412f-b838-b3268e944239,2024-09-28T12:03:00Z,2024-11-27,6567345000,4,2024-12-28T04:34:00Z,2,100001,7f5b6f7e-1c2d-4a4e-9a51-3a3f1d3c0a01
ee826cc3-178f-4f71-a183-95d7e02abcac,INV-000996,b7f305af-bae0-4c03-a89b-0c011cc6598e,2d4bae09-b0a6-44b3-9831-a72a9665ffde,e25df9a8-9ca8-45c4-a138-afe08d38bbd8,account,5304317f-af42-412f-b838-b3268e944239,2025-05-31T06:53:00Z,2025-07-30,34502082000,4,2025-07-27T05:30:00Z,2,100001,7f5b6f7e-1c2d-4a4e-9a51-3a3f1d3c0a01
f9482096-528e-4c91-bbdb-7fcd80741f05,INV-000997,4c52bc77-fd7b-4c7d-91f5-81e028748379,4a22936b-5747-4505-aef7-1f226d447296,e25df9a8-9ca8-45c4-a138-afe08d38bbd8,account,5304317f-af42-412f-b838-b3268e944239,2025-06-24T09:02:00Z,2025-08-23,17434887000,4,2025-08-27T09:42:00Z,2,100001,7f5b6f7e-1c2d-4a4e-9a51-3a3f1d3c0a01
25072858-5ef4-457e-84a2-b403245d6344,INV-000998,3f78e862-f82c-4317-a02d-7d3dd4e4d798,fa901a9a-d1dc-4f42-8a7a-982b184bf91f,65edcfe3-4f2d-4d3f-90d4-de39161237c9,account,b02b61c4-a3d7-4628-ace6-6fa2fd5166e6,2024-11-27T11:19:00Z,2024-12-27,14347195000,1,2024-12-28T12:07:00Z,2,100001,7f5b6f7e-1c2d-4a4e-9a51-3a3f1d3c0a01
88d943ac-2087-4ed0-9d93-7d73e9504e21,INV-000999,8f5cf75e-6284-4246-9b29-bc58c5cc4275,2087f85b-2738-4880-a131-3e445dd44157,65edcfe3-4f2d-4d3f-90d4-de39161237c9,account,b02b61c4-a3d7-4628-ace6-6fa2fd5166e6,2024-12-25T07:56:00Z,2025-01-24,47723451000,1,2025-01-22T08:37:00Z,2,100001,7f5b6f7e-1c2d-4a4e-9a51-3a3f1d3c0a01
4b6a763a-ea60-4de9-9677-f5915616a126,INV-001000,a807102f-8d84-43af-99c4-540860f07e9e,54dd8f07-fd0e-4855-914c-80c2486e41f7,65edcfe3-4f2d-4d3f-90d4-de39161237c9,account,b02b61c4-a3d7-4628-ace6-6fa2fd5166e6,2025-12-04T05:10:00Z,2026-01-03,32330745000,1,2026-01-01T10:56:00Z,2,100001,7f5b6f7e-1c2d-4a4e-9a51-3a3f1d3c0a01
2cd05cee-860d-4db6-b85c-59b335829fcb,INV-001001,ff09c499-76a5-4dbd-9510-34c0118fe377,43dd7044-8c49-4cd7-a51a-65507a7c1a02,65edcfe3-4f2d-4d3f-90d4-de39161237c9,account,b02b61c4-a3d7-4628-ace6-6fa2fd5166e6,2025-12-13T05:08:00Z,2026-01-12,423750475000,1,2026-01-14T09:07:00Z,2,100001,7f5b6f7e-1c2d-4a4e-9a51-3a3f1d3c0a01
3ca84bd1-d18d-4300-98e7-bd1b9ec2ccce,INV-001002,72c9f2c0-ed5f-4f33-a8ea-96aedfaf2024,8de2a980-b406-47dd-a885-a777314cf177,65edcfe3-4f2d-4d3f-90d4-de39161237c9,account,b02b61c4-a3d7-4628-ace6-6fa2fd5166e6,2026-06-20T07:49:00Z,2026-07-20,51927257000,1,,0,4,7f5b6f7e-1c2d-4a4e-9a51-3a3f1d3c0a01
19bedaef-e36f-4c2b-b3ea-cc339c7fbe9c,INV-001003,e3f44794-6bca-4e75-b8b9-e12d6224eff5,0c3ea622-9069-42c9-ad10-632fe350d13c,7a89cbeb-b807-478a-b788-f5d1ffe575f6,account,0e51f30d-c6a7-4e39-84b0-32ccd7c524a5,2024-11-21T12:17:00Z,2024-11-21,9457273000,100000000,2024-11-21T12:17:00Z,2,100001,7f5b6f7e-1c2d-4a4e-9a51-3a3f1d3c0a01
bfec111f-d6c1-4e73-ac1d-ff2703341b6c,INV-001004,10f25497-66b4-4b67-b23b-6afc79b8c3ca,3959a70a-df9b-48a8-8fd3-f2ab11756aba,7a89cbeb-b807-478a-b788-f5d1ffe575f6,account,0e51f30d-c6a7-4e39-84b0-32ccd7c524a5,2025-08-17T11:26:00Z,2025-08-17,9761089000,100000000,2025-08-14T11:26:00Z,2,100001,7f5b6f7e-1c2d-4a4e-9a51-3a3f1d3c0a01
105e9bd0-be10-44ed-9e1f-17d662845de1,INV-001005,67e99edc-b032-465e-aa3f-3d7ce193ed04,a2c29c39-9230-4a5c-8cfb-7695fa8c8f87,68d0a2a8-c4e7-47dd-a929-de738693fd9d,account,9132b63e-f162-47e4-a9c3-49e03602f8ac,2024-07-24T11:27:00Z,2024-08-23,37467143000,1,2024-09-04T06:43:00Z,2,100001,7f5b6f7e-1c2d-4a4e-9a51-3a3f1d3c0a01
2ab7c68c-5f85-45fb-bb15-f93b9fc70a3c,INV-001006,f06312a4-338d-4533-af4c-9b4f58dff190,2b1f5740-7546-4944-b58d-fd77597c2fdd,68d0a2a8-c4e7-47dd-a929-de738693fd9d,account,9132b63e-f162-47e4-a9c3-49e03602f8ac,2024-11-30T09:49:00Z,2024-12-30,12334145000,1,2024-12-30T10:34:00Z,2,100001,7f5b6f7e-1c2d-4a4e-9a51-3a3f1d3c0a01
a6172ea2-891f-4145-9204-0d60ffbcf671,INV-001007,080dab32-25bd-4f17-9c38-dc67d105ca4f,dbf63c49-e07b-4aae-a5d6-cd21591d4f94,68d0a2a8-c4e7-47dd-a929-de738693fd9d,account,9132b63e-f162-47e4-a9c3-49e03602f8ac,2025-08-05T06:56:00Z,2025-09-04,43597196000,1,2025-09-27T12:23:00Z,2,100001,7f5b6f7e-1c2d-4a4e-9a51-3a3f1d3c0a01
1949c034-eaf2-4afb-8eb6-f618f302efcc,INV-001008,53817689-11a3-4e27-bf7f-d74b41f84ff4,a388d854-9a74-4ed5-8a71-47c6e385355b,68d0a2a8-c4e7-47dd-a929-de738693fd9d,account,9132b63e-f162-47e4-a9c3-49e03602f8ac,2026-06-17T09:42:00Z,2026-07-17,50882325000,1,,0,4,7f5b6f7e-1c2d-4a4e-9a51-3a3f1d3c0a01
2af36b54-38ab-4905-ae9a-660154d32467,INV-001009,81d291dc-fac9-4fee-9a56-c9b9a3de194a,bec3557f-e1d9-41b4-8961-7b19295f5202,20156a72-12e1-43a6-932c-ae01d2c65ee4,account,24933b83-7577-40a9-a491-f0b2ea1fca65,2024-07-27T07:04:00Z,2024-07-27,7426942000,100000000,2024-07-27T07:04:00Z,2,100001,7f5b6f7e-1c2d-4a4e-9a51-3a3f1d3c0a01
3ee564f9-bfab-49ee-a3d6-ccb057c53468,INV-001010,5e8347df-d5ac-492c-b1f6-99bae79d3568,c4b0a959-c52f-4897-aad1-7cf0028344f5,20156a72-12e1-43a6-932c-ae01d2c65ee4,account,24933b83-7577-40a9-a491-f0b2ea1fca65,2024-09-15T08:47:00Z,2024-09-15,9934154000,100000000,2024-09-12T08:47:00Z,2,100001,7f5b6f7e-1c2d-4a4e-9a51-3a3f1d3c0a01
ab1455bc-80da-43bb-8666-14f08b4f9599,INV-001011,c37e1bea-b872-4e8f-a779-109d15761d3d,a0be1298-c3c7-4591-9b45-1ea397063a10,12fc7a87-a470-4d48-9128-b9b1f8ede0ca,account,b02b61c4-a3d7-4628-ace6-6fa2fd5166e6,2024-08-11T08:14:00Z,2024-08-11,6526802000,100000000,2024-08-08T08:14:00Z,2,100001,7f5b6f7e-1c2d-4a4e-9a51-3a3f1d3c0a01
1cf0d5ef-6689-44af-a438-d968717f2814,INV-001012,5e8fc938-4b95-4ba8-886b-08fe56b24ba5,e96eafa6-1bb6-45e2-9576-1d1525180b12,12fc7a87-a470-4d48-9128-b9b1f8ede0ca,account,b02b61c4-a3d7-4628-ace6-6fa2fd5166e6,2024-08-17T07:19:00Z,2024-08-17,17226118000,100000000,2024-08-14T07:19:00Z,2,100001,7f5b6f7e-1c2d-4a4e-9a51-3a3f1d3c0a01
bc6ec21c-d972-4873-ba2a-8f40bcaec9da,INV-001013,9a998a04-7876-4956-ba71-0154edef2191,2478502c-3e3d-4131-9af5-5e478c568a67,12fc7a87-a470-4d48-9128-b9b1f8ede0ca,account,b02b61c4-a3d7-4628-ace6-6fa2fd5166e6,2025-01-11T08:45:00Z,2025-01-11,10637183000,100000000,2025-01-09T08:45:00Z,2,100001,7f5b6f7e-1c2d-4a4e-9a51-3a3f1d3c0a01
6170c5aa-90d8-4abe-814e-8c7dfb293034,INV-001014,09d99857-67fc-4722-9c69-405f617aefb2,59c8f9c9-3f87-4cc9-a6e8-49567c272e6f,12fc7a87-a470-4d48-9128-b9b1f8ede0ca,account,b02b61c4-a3d7-4628-ace6-6fa2fd5166e6,2025-10-01T11:54:00Z,2025-10-01,8339786000,100000000,2025-09-29T11:54:00Z,2,100001,7f5b6f7e-1c2d-4a4e-9a51-3a3f1d3c0a01
9ba30ce7-3550-4cf0-9c51-548601b2ef28,INV-001015,be5c160f-e74d-4821-b662-737fe58bb090,2ef1b5a6-6c77-4085-a070-e459d369262f,12fc7a87-a470-4d48-9128-b9b1f8ede0ca,account,b02b61c4-a3d7-4628-ace6-6fa2fd5166e6,2026-04-04T06:52:00Z,2026-04-04,16036008000,100000000,2026-04-03T06:52:00Z,2,100001,7f5b6f7e-1c2d-4a4e-9a51-3a3f1d3c0a01
23feb47c-436a-47e3-8dfc-07c0c7ae70e5,INV-001016,225cad8f-f0bd-41ba-9dde-c93f1137d035,1f6bbae5-6d3b-4137-a0b3-95f214a41413,12fc7a87-a470-4d48-9128-b9b1f8ede0ca,account,b02b61c4-a3d7-4628-ace6-6fa2fd5166e6,2026-03-14T07:10:00Z,2026-03-14,57310898000,100000000,2026-03-14T07:10:00Z,2,100001,7f5b6f7e-1c2d-4a4e-9a51-3a3f1d3c0a01
ea1aaaf3-7fab-4499-924d-bd7633c75f58,INV-001017,dd046e91-4890-406d-80a9-d7ceaec96fc9,b6d7f376-4845-4b86-9923-9281bb88828d,12fc7a87-a470-4d48-9128-b9b1f8ede0ca,account,b02b61c4-a3d7-4628-ace6-6fa2fd5166e6,2026-05-26T11:53:00Z,2026-05-26,5379695000,100000000,2026-05-25T11:53:00Z,2,100001,7f5b6f7e-1c2d-4a4e-9a51-3a3f1d3c0a01
16ea5115-9b1a-4b94-912f-18bd0485c59c,INV-001018,a709ea60-037a-47a6-97d6-e4557008abd1,c9086256-76b8-4e57-94c4-84d7d936c7da,8471b4b0-ae1b-4f69-b740-d83173318749,account,5304317f-af42-412f-b838-b3268e944239,2026-04-18T12:13:00Z,2026-05-18,42979382000,1,2026-05-18T10:44:00Z,2,100001,7f5b6f7e-1c2d-4a4e-9a51-3a3f1d3c0a01
c174dd0a-8ffd-48b9-8a87-66c7b95f78ea,INV-001019,da07d251-3f19-4c87-9b3d-de64817bb006,c3e2c322-43e7-456c-8090-d5abe1b5409f,d43cdd6d-e0c1-4f1e-a0da-897258321ee4,account,9132b63e-f162-47e4-a9c3-49e03602f8ac,2025-03-08T04:53:00Z,2025-05-07,62140241000,4,2025-11-02T10:15:00Z,2,100001,7f5b6f7e-1c2d-4a4e-9a51-3a3f1d3c0a01
dfa47485-70ed-409e-9b7c-6811266ab20c,INV-001020,4f8e4c1f-79d8-48f5-af7f-dc360deea7a1,19c50646-4ee7-49bd-81c9-b026f7b812fa,d43cdd6d-e0c1-4f1e-a0da-897258321ee4,account,9132b63e-f162-47e4-a9c3-49e03602f8ac,2025-09-25T06:59:00Z,2025-11-24,20720471000,4,2025-11-23T11:35:00Z,2,100001,7f5b6f7e-1c2d-4a4e-9a51-3a3f1d3c0a01
7381c43d-174e-4cb7-b8a3-9f3afd5c4fe5,INV-001021,081ae476-1d10-478a-8e11-bf1f8c59356f,58d6fa60-1314-4ae8-a759-3446ed4d687f,d43cdd6d-e0c1-4f1e-a0da-897258321ee4,account,9132b63e-f162-47e4-a9c3-49e03602f8ac,2026-03-11T07:15:00Z,2026-05-10,43298525000,4,2026-05-14T07:38:00Z,2,100001,7f5b6f7e-1c2d-4a4e-9a51-3a3f1d3c0a01
a8b26268-c042-4f10-a21a-67eace9ea502,INV-001022,d157c060-99ad-4a6b-b0aa-4532dc6f7f0a,72dea5f2-99d8-43ac-82dc-8da070791c15,96792482-a3c9-48e4-8d22-38e6c7bf4fbc,account,ce177b4e-0837-48a3-9261-a7ab3aa2e4f9,2024-10-05T08:45:00Z,2024-10-05,21884691000,100000000,2024-10-05T08:45:00Z,2,100001,7f5b6f7e-1c2d-4a4e-9a51-3a3f1d3c0a01
c4f973d0-4d0c-4f24-aca7-dc0b09049145,INV-001023,9c66a4da-0381-4339-b3b3-1ec8a99944c7,026f10f3-b738-496b-a5bf-db132b2d25b9,96792482-a3c9-48e4-8d22-38e6c7bf4fbc,account,ce177b4e-0837-48a3-9261-a7ab3aa2e4f9,2024-10-27T06:26:00Z,2024-10-27,88152681000,100000000,2024-10-25T06:26:00Z,2,100001,7f5b6f7e-1c2d-4a4e-9a51-3a3f1d3c0a01
949abbe3-4bdc-4f5b-9dfc-44839fbe2da9,INV-001024,59e9afa1-e588-4533-a410-ea285ddeabbe,1bb5510b-3ab4-4ff9-b8bc-90d46aec6fa9,96792482-a3c9-48e4-8d22-38e6c7bf4fbc,account,ce177b4e-0837-48a3-9261-a7ab3aa2e4f9,2025-03-15T08:20:00Z,2025-03-15,19428733000,100000000,2025-03-13T08:20:00Z,2,100001,7f5b6f7e-1c2d-4a4e-9a51-3a3f1d3c0a01
308fc0da-eda6-4d53-8bce-8731a8e211f9,INV-001025,255ab433-b25a-418d-b3b1-8217a7d31a27,816ce9af-35bc-4068-bec4-2c1ad25d21f9,96792482-a3c9-48e4-8d22-38e6c7bf4fbc,account,ce177b4e-0837-48a3-9261-a7ab3aa2e4f9,2025-05-27T07:15:00Z,2025-05-27,136850387000,100000000,2025-05-25T07:15:00Z,2,100001,7f5b6f7e-1c2d-4a4e-9a51-3a3f1d3c0a01
38b96115-3500-456a-b530-d26398c73645,INV-001026,befc0916-31a3-44dd-b802-f3f760d0db92,71bd4196-8dc8-4212-bb76-1e231c881f22,96792482-a3c9-48e4-8d22-38e6c7bf4fbc,account,ce177b4e-0837-48a3-9261-a7ab3aa2e4f9,2025-06-10T07:06:00Z,2025-06-10,138889294000,100000000,2025-06-08T07:06:00Z,2,100001,7f5b6f7e-1c2d-4a4e-9a51-3a3f1d3c0a01
c367933e-847b-468b-bf2e-b2cfaba4da11,INV-001027,b4f94bf2-fa4a-47eb-9f35-813969edea86,9a579a53-6f60-456e-a126-2792112bad2c,96792482-a3c9-48e4-8d22-38e6c7bf4fbc,account,ce177b4e-0837-48a3-9261-a7ab3aa2e4f9,2025-05-19T06:23:00Z,2025-05-19,54853230000,100000000,2025-05-18T06:23:00Z,2,100001,7f5b6f7e-1c2d-4a4e-9a51-3a3f1d3c0a01
d2f8a0dd-0c08-4b32-bf11-c213d2fa35c1,INV-001028,0aa4d0dd-1d0f-4cc4-9fff-8b61b864512e,503cf7ed-2f7c-4fb8-879c-b954c5d103f2,96792482-a3c9-48e4-8d22-38e6c7bf4fbc,account,ce177b4e-0837-48a3-9261-a7ab3aa2e4f9,2025-10-18T13:24:00Z,2025-10-18,52774571000,100000000,2025-10-18T13:24:00Z,2,100001,7f5b6f7e-1c2d-4a4e-9a51-3a3f1d3c0a01
f1ebd811-ebad-44c5-b778-827457c62155,INV-001029,4f7bb71f-0664-4b31-912f-c0f023425294,049fcd7a-7756-4a44-8d59-50623d3cad5e,96792482-a3c9-48e4-8d22-38e6c7bf4fbc,account,ce177b4e-0837-48a3-9261-a7ab3aa2e4f9,2026-01-05T12:32:00Z,2026-01-05,15575394000,100000000,2026-01-02T12:32:00Z,2,100001,7f5b6f7e-1c2d-4a4e-9a51-3a3f1d3c0a01
af17a932-87d0-4bc0-8a67-bf3f9854b771,INV-001030,ffd42289-6a75-4cdd-8fde-3e36a49ad6de,377aaf63-02ef-40c3-8c4e-42ba65422b82,96792482-a3c9-48e4-8d22-38e6c7bf4fbc,account,ce177b4e-0837-48a3-9261-a7ab3aa2e4f9,2026-02-08T05:45:00Z,2026-02-08,41432221000,100000000,2026-02-08T05:45:00Z,2,100001,7f5b6f7e-1c2d-4a4e-9a51-3a3f1d3c0a01
2a9e753a-95d9-4999-b7e1-a483bb9ec729,INV-001031,52612e3f-7ff9-4433-857b-38938a1eef86,f2d57b34-02dd-4620-9a7a-8dbf4ab99c82,96792482-a3c9-48e4-8d22-38e6c7bf4fbc,account,ce177b4e-0837-48a3-9261-a7ab3aa2e4f9,2026-01-12T11:45:00Z,2026-01-12,30567726000,100000000,2026-01-11T11:45:00Z,2,100001,7f5b6f7e-1c2d-4a4e-9a51-3a3f1d3c0a01
d23469cf-226b-4f8c-841f-25b98052462f,INV-001032,7ef650b3-d61f-4484-bf32-d2f645d5760e,01f0c378-0ab3-41de-a187-796b262ea172,96792482-a3c9-48e4-8d22-38e6c7bf4fbc,account,ce177b4e-0837-48a3-9261-a7ab3aa2e4f9,2026-03-31T06:08:00Z,2026-03-31,44377049000,100000000,2026-03-30T06:08:00Z,2,100001,7f5b6f7e-1c2d-4a4e-9a51-3a3f1d3c0a01
fd43aaf0-177b-40eb-a8da-12bb4c72e47f,INV-001033,93771f7f-c86b-4338-9bbc-2f3c6f358c25,2fbe9148-2bd0-4893-b96d-d1952e8d1244,21084dd9-f75d-4e3c-848d-56502e9522d6,account,366eb16f-508e-4ad7-b7c9-3acfe059a0ee,2024-08-06T09:04:00Z,2024-09-05,10327009000,1,2024-09-04T09:50:00Z,2,100001,7f5b6f7e-1c2d-4a4e-9a51-3a3f1d3c0a01
cd31fe80-6ca9-4345-a6e9-3857ff5c0a23,INV-001034,8d009896-0d37-4c86-8e92-71071e2b655d,8a7cbd8a-c5d5-4a79-8ee2-d950e40bb8c6,21084dd9-f75d-4e3c-848d-56502e9522d6,account,366eb16f-508e-4ad7-b7c9-3acfe059a0ee,2026-03-28T05:08:00Z,2026-04-27,22681169000,1,2026-06-20T05:06:00Z,2,100001,7f5b6f7e-1c2d-4a4e-9a51-3a3f1d3c0a01
e823e178-ae5e-417a-bc24-a17efce0576b,INV-001035,24003eb6-bb01-4456-800e-eb6f62442878,31a9e2ba-269b-49b1-a6be-206137b4aaef,de431e06-e924-4069-80bb-ae526ec01269,account,10f1bc81-448a-4a9e-a6b2-bc5b50c187fc,2024-08-25T09:34:00Z,2024-09-24,12859902000,1,2024-09-26T04:42:00Z,2,100001,7f5b6f7e-1c2d-4a4e-9a51-3a3f1d3c0a01
2ca3a3fe-6b6c-42e3-a9a7-9d2fa4fcb65e,INV-001036,e48ca63b-f5c7-4b6d-bc01-9a9a572b3530,80396a41-01c2-4e1a-a66d-63f68b811c34,de431e06-e924-4069-80bb-ae526ec01269,account,10f1bc81-448a-4a9e-a6b2-bc5b50c187fc,2024-09-29T04:37:00Z,2024-10-29,28501751000,1,2024-11-09T11:15:00Z,2,100001,7f5b6f7e-1c2d-4a4e-9a51-3a3f1d3c0a01
1fa3dc79-954d-4809-9639-0c251ff9c803,INV-001037,34739ef6-aa34-4768-91ca-d74a79180126,4ee13613-2350-470f-a771-6c153cc36fd3,de431e06-e924-4069-80bb-ae526ec01269,account,10f1bc81-448a-4a9e-a6b2-bc5b50c187fc,2025-04-15T13:21:00Z,2025-05-15,14866824000,1,2025-05-13T07:28:00Z,2,100001,7f5b6f7e-1c2d-4a4e-9a51-3a3f1d3c0a01
f21cdb73-f9f6-4945-9ff5-32eb244a773e,INV-001038,873c1a81-e6d8-45f1-8d34-6af714353da2,33f36083-82e9-46bd-8a2b-2f519359a114,de431e06-e924-4069-80bb-ae526ec01269,account,10f1bc81-448a-4a9e-a6b2-bc5b50c187fc,2025-06-02T09:46:00Z,2025-07-02,37240477000,1,2025-07-08T05:25:00Z,2,100001,7f5b6f7e-1c2d-4a4e-9a51-3a3f1d3c0a01
a7215434-e7c2-4409-b444-c73d46b4baf1,INV-001039,6a6b2924-7c80-45e7-9eb4-71f8e4fc192c,aa3ce6cd-fa36-4d02-b305-a71d9dba6734,de431e06-e924-4069-80bb-ae526ec01269,account,10f1bc81-448a-4a9e-a6b2-bc5b50c187fc,2026-05-17T10:08:00Z,2026-06-16,29131339000,1,,0,4,7f5b6f7e-1c2d-4a4e-9a51-3a3f1d3c0a01
53ba0815-4430-40b9-a02e-047ab2267526,INV-001040,515e6ba5-94e2-43e6-ba74-b0c41f65ef7f,efc1b1d7-8251-45d1-934b-afe99fe98273,84a2576c-1fc9-45f8-94d6-07350e2f8958,account,beb79919-3f22-4af8-a3be-d01d43cf2fde,2024-08-01T13:15:00Z,2024-08-31,16419973000,1,2024-09-17T09:57:00Z,2,100001,7f5b6f7e-1c2d-4a4e-9a51-3a3f1d3c0a01
fe7ade68-77b7-4a76-a5d6-0ab22888aab9,INV-001041,551c9dd4-4247-4c3c-af7a-6e4a8c825d74,9ed932cf-433c-4405-a1b9-41c1ee6f110f,84a2576c-1fc9-45f8-94d6-07350e2f8958,account,beb79919-3f22-4af8-a3be-d01d43cf2fde,2024-11-02T12:10:00Z,2024-12-02,11666413000,1,2024-12-02T09:45:00Z,2,100001,7f5b6f7e-1c2d-4a4e-9a51-3a3f1d3c0a01
9985b611-bcbf-45bb-b959-dae2f4560781,INV-001042,610d8ca9-d135-421c-8328-6520520d433e,1d707d75-b01b-4192-a24e-fa7295994da4,84a2576c-1fc9-45f8-94d6-07350e2f8958,account,beb79919-3f22-4af8-a3be-d01d43cf2fde,2025-03-30T04:38:00Z,2025-04-29,27815650000,1,2025-04-27T04:41:00Z,2,100001,7f5b6f7e-1c2d-4a4e-9a51-3a3f1d3c0a01
d99b9f1e-6733-4b48-ae97-4af34fa122df,INV-001043,c6957e8a-6651-4915-81ae-7ced303e30a1,2e5619df-1f0e-49ef-b8c3-eb0cf18d6915,84a2576c-1fc9-45f8-94d6-07350e2f8958,account,beb79919-3f22-4af8-a3be-d01d43cf2fde,2025-07-05T11:23:00Z,2025-08-04,12096945000,1,2025-08-03T05:40:00Z,2,100001,7f5b6f7e-1c2d-4a4e-9a51-3a3f1d3c0a01
6658fa59-46b8-4c3c-8add-ac8173ee8627,INV-001044,bdff80dd-6a66-4cc6-aa18-8d9338bc4223,791bdbba-0b26-4dde-aefb-de9327c89fec,84a2576c-1fc9-45f8-94d6-07350e2f8958,account,beb79919-3f22-4af8-a3be-d01d43cf2fde,2025-09-30T06:50:00Z,2025-10-30,6102798000,1,2025-11-20T08:25:00Z,2,100001,7f5b6f7e-1c2d-4a4e-9a51-3a3f1d3c0a01
b895b610-dead-4a4e-af17-c3a1e75141b2,INV-001045,04892605-f135-4df2-932b-578d06b96958,b88f3934-67b6-4a6a-8898-eccf7798f5be,84a2576c-1fc9-45f8-94d6-07350e2f8958,account,beb79919-3f22-4af8-a3be-d01d43cf2fde,2025-10-02T11:47:00Z,2025-11-01,11972342000,1,2025-11-03T10:16:00Z,2,100001,7f5b6f7e-1c2d-4a4e-9a51-3a3f1d3c0a01
0f99da3d-81d4-4384-a606-a2a326baa9cf,INV-001046,6dafc50b-99b3-4f6c-acb4-a7d8c53eee4f,4cbb47fd-ae7b-4853-b6e1-d52e924d1d57,84a2576c-1fc9-45f8-94d6-07350e2f8958,account,beb79919-3f22-4af8-a3be-d01d43cf2fde,2026-06-23T06:11:00Z,2026-07-23,28485448000,1,,0,4,7f5b6f7e-1c2d-4a4e-9a51-3a3f1d3c0a01
d84a5d48-25a5-4365-b376-58b8c7dfc49a,INV-001047,e2069f9e-259f-482a-9d7f-16df30d9a84c,e0cdf93a-1148-4602-86fe-844d7772b81b,39b86bb2-b596-4a7c-af4a-fa885299e505,account,9132b63e-f162-47e4-a9c3-49e03602f8ac,2024-07-15T05:37:00Z,2024-07-15,24462761000,100000000,2024-07-15T05:37:00Z,2,100001,7f5b6f7e-1c2d-4a4e-9a51-3a3f1d3c0a01
2175d6d8-92fb-456c-8706-4165326455bf,INV-001048,178bdcb5-af1f-458b-b6de-fe8e3c36d600,72374374-d7f9-4526-a669-4dd36634fa8c,39b86bb2-b596-4a7c-af4a-fa885299e505,account,9132b63e-f162-47e4-a9c3-49e03602f8ac,2024-10-24T12:35:00Z,2024-10-24,76721135000,100000000,2024-10-21T12:35:00Z,2,100001,7f5b6f7e-1c2d-4a4e-9a51-3a3f1d3c0a01
8cd221fc-949b-43ec-9968-04069d3bf0b1,INV-001049,ae01a90f-dae4-4236-9a80-9472cdb503f2,87dbb8f7-efe9-4961-ac56-ca9fa27b36d8,39b86bb2-b596-4a7c-af4a-fa885299e505,account,9132b63e-f162-47e4-a9c3-49e03602f8ac,2025-09-03T08:12:00Z,2025-09-03,25287898000,100000000,2025-08-31T08:12:00Z,2,100001,7f5b6f7e-1c2d-4a4e-9a51-3a3f1d3c0a01
7289b518-f288-4dcc-8554-6e82e9dfec9c,INV-001050,bdceefbc-ecbf-4cde-9536-edfc1ddf54f2,90e4efae-538b-4b4c-a437-4917c446e3df,39b86bb2-b596-4a7c-af4a-fa885299e505,account,9132b63e-f162-47e4-a9c3-49e03602f8ac,2025-10-26T07:40:00Z,2025-10-26,16706196000,100000000,2025-10-24T07:40:00Z,2,100001,7f5b6f7e-1c2d-4a4e-9a51-3a3f1d3c0a01
6f93417c-0803-41c5-b8cd-511a17def4fa,INV-001051,10f41839-7aa3-43ef-ab9c-1da5a419efed,291fb391-55a5-404e-9594-d5babef686c2,39b86bb2-b596-4a7c-af4a-fa885299e505,account,9132b63e-f162-47e4-a9c3-49e03602f8ac,2025-11-06T08:27:00Z,2025-11-06,54642561000,100000000,2025-11-03T08:27:00Z,2,100001,7f5b6f7e-1c2d-4a4e-9a51-3a3f1d3c0a01
4ae46b24-c0ea-4ab2-a252-6aa079dd2080,INV-001052,6ce55867-7508-4dd3-918a-025cc7f1fbe4,75b74cdb-2acd-4242-8ec0-82a2ba18b749,39b86bb2-b596-4a7c-af4a-fa885299e505,account,9132b63e-f162-47e4-a9c3-49e03602f8ac,2026-05-25T09:42:00Z,2026-05-25,98837578000,100000000,2026-05-25T09:42:00Z,2,100001,7f5b6f7e-1c2d-4a4e-9a51-3a3f1d3c0a01
b7c6b586-713a-4907-ad24-5c4f25aeb769,INV-001053,26ab8f7d-461a-43e9-af2f-b49c78157b46,0818f839-5c39-4014-ac3b-fbb07ccb2c56,84d67c4f-f0df-4684-b28e-41225894f7f1,account,beb79919-3f22-4af8-a3be-d01d43cf2fde,2025-04-14T06:49:00Z,2025-05-14,19621144000,1,2025-05-19T11:20:00Z,2,100001,7f5b6f7e-1c2d-4a4e-9a51-3a3f1d3c0a01
67c56108-6a3a-4684-95fb-a82e6d59a4f9,INV-001054,6b669e60-d5cc-4cea-90d6-d13b176fc3d8,aedea388-0503-46c0-9186-e1893ed78279,84d67c4f-f0df-4684-b28e-41225894f7f1,account,beb79919-3f22-4af8-a3be-d01d43cf2fde,2025-06-07T08:20:00Z,2025-07-07,33555500000,1,2025-07-12T09:08:00Z,2,100001,7f5b6f7e-1c2d-4a4e-9a51-3a3f1d3c0a01
9a55d214-6397-4b35-add0-0b379914f12f,INV-001055,389a8593-7cab-424b-9a33-d14599af1695,fa0e910e-14f0-4559-8c1d-23a097c27441,84d67c4f-f0df-4684-b28e-41225894f7f1,account,beb79919-3f22-4af8-a3be-d01d43cf2fde,2026-01-19T09:44:00Z,2026-02-18,48156723000,1,2026-02-22T05:49:00Z,2,100001,7f5b6f7e-1c2d-4a4e-9a51-3a3f1d3c0a01
a76c5992-e36c-4845-a78f-d03385f3433e,INV-001056,010283f9-5c8a-49b0-b7f7-398316964525,595e48f1-4cf3-4ab2-8291-c74c32f0d823,84d67c4f-f0df-4684-b28e-41225894f7f1,account,beb79919-3f22-4af8-a3be-d01d43cf2fde,2026-01-31T08:16:00Z,2026-03-02,23301958000,1,2026-03-07T07:28:00Z,2,100001,7f5b6f7e-1c2d-4a4e-9a51-3a3f1d3c0a01
aedac580-361a-490f-b5d9-52af8e24b09d,INV-001057,e8e130f3-5ad6-4dcd-a6b9-b2c3f49240cc,d4494246-67cd-46f6-9e5f-631554356c7c,143029a9-d88f-4c94-88b7-63d5e519dd7e,account,9132b63e-f162-47e4-a9c3-49e03602f8ac,2024-07-23T11:10:00Z,2024-08-22,67521237000,1,2024-08-24T07:43:00Z,2,100001,7f5b6f7e-1c2d-4a4e-9a51-3a3f1d3c0a01
6aec04bd-13ae-45b5-871e-fe334613721f,INV-001058,750658f4-6d36-49ed-8cd9-d59fd6da31f8,afe28aa1-143d-42a8-b78e-0af4b05405b0,143029a9-d88f-4c94-88b7-63d5e519dd7e,account,9132b63e-f162-47e4-a9c3-49e03602f8ac,2025-06-11T10:57:00Z,2025-07-11,39918958000,1,2025-07-12T11:00:00Z,2,100001,7f5b6f7e-1c2d-4a4e-9a51-3a3f1d3c0a01
9ba9ff40-68e8-4332-851d-a905b20b30d3,INV-001059,d3ecea4e-fba3-49bf-9971-a776876d88f4,9b39731e-6569-4a1d-a2ce-f646b668c2e5,143029a9-d88f-4c94-88b7-63d5e519dd7e,account,9132b63e-f162-47e4-a9c3-49e03602f8ac,2025-07-28T11:25:00Z,2025-08-27,50738120000,1,2025-08-27T11:12:00Z,2,100001,7f5b6f7e-1c2d-4a4e-9a51-3a3f1d3c0a01
a50f3a25-4b66-436e-a3e4-f2e047146d8f,INV-001060,e7ea4c90-d678-4c0a-855a-60ee8f1469cb,fd32d9fe-b78a-4127-b928-8b335fba2785,f4d375c1-a293-49fa-b240-d7a14027ab7d,account,10f1bc81-448a-4a9e-a6b2-bc5b50c187fc,2025-04-26T05:20:00Z,2025-06-25,23549331000,4,2025-07-13T11:07:00Z,2,100001,7f5b6f7e-1c2d-4a4e-9a51-3a3f1d3c0a01
b5a4d145-bce6-4f10-8132-eb24da58a2a9,INV-001061,2b18c89b-e1f8-443f-91e2-1bf95ac877a6,bef7aeb7-7a9e-4db9-af4d-7ccd1bb1722e,f4d375c1-a293-49fa-b240-d7a14027ab7d,account,10f1bc81-448a-4a9e-a6b2-bc5b50c187fc,2025-09-07T09:17:00Z,2025-11-06,18568026000,4,2025-11-22T13:27:00Z,2,100001,7f5b6f7e-1c2d-4a4e-9a51-3a3f1d3c0a01
16da72e6-ea0a-4c71-8f0a-d7027e214ce4,INV-001062,259bc0ef-5e3a-493b-a658-eaf997eabd22,247856b9-e5c4-46c7-b54c-6895016f019f,f4d375c1-a293-49fa-b240-d7a14027ab7d,account,10f1bc81-448a-4a9e-a6b2-bc5b50c187fc,2025-11-16T06:11:00Z,2026-01-15,61300762000,4,2026-02-17T07:41:00Z,2,100001,7f5b6f7e-1c2d-4a4e-9a51-3a3f1d3c0a01
d8fc84df-4c69-4ed9-a8c3-1fc016c5305d,INV-001063,a182f445-ec58-4226-bdf2-6e29d0703b90,d4706a8f-0f1e-41a5-aaa4-c32b2312cc99,a0017720-200b-4903-8642-6c458d03f17a,account,5304317f-af42-412f-b838-b3268e944239,2025-06-07T05:01:00Z,2025-06-07,14657411000,100000000,2025-06-06T05:01:00Z,2,100001,7f5b6f7e-1c2d-4a4e-9a51-3a3f1d3c0a01
5fdc70ee-224a-45d1-adb6-bbd8125d0ae6,INV-001064,02e923fb-23b0-4884-a74f-7c4bb81dc98b,93a55031-bbb4-407c-85a3-522c6ecac687,a0017720-200b-4903-8642-6c458d03f17a,account,5304317f-af42-412f-b838-b3268e944239,2025-07-26T04:56:00Z,2025-07-26,7188641000,100000000,2025-07-24T04:56:00Z,2,100001,7f5b6f7e-1c2d-4a4e-9a51-3a3f1d3c0a01
d1dafe12-1387-4334-8447-f0d4901385c1,INV-001065,8a327bf7-c0ab-48d6-80d6-7611d541db43,d33343eb-08ec-4357-bddb-bed37e4648a5,a0017720-200b-4903-8642-6c458d03f17a,account,5304317f-af42-412f-b838-b3268e944239,2025-08-20T11:15:00Z,2025-08-20,9227583000,100000000,2025-08-17T11:15:00Z,2,100001,7f5b6f7e-1c2d-4a4e-9a51-3a3f1d3c0a01
25a30516-119d-4d67-b4d8-76deffff8099,INV-001066,a4bedc26-b9e4-4fd9-8da6-7d5f2d5b76bd,fdd50dbd-302e-43ea-ab8b-59592c53e5eb,a0017720-200b-4903-8642-6c458d03f17a,account,5304317f-af42-412f-b838-b3268e944239,2025-10-23T13:11:00Z,2025-10-23,16998597000,100000000,2025-10-20T13:11:00Z,2,100001,7f5b6f7e-1c2d-4a4e-9a51-3a3f1d3c0a01
deba56e1-42dd-48f2-be63-ec14e8d48698,INV-001067,24f6784a-c842-4801-92b1-e5442be7ec8d,aacdccf6-2dc5-45fa-8151-f70f8209531c,a0017720-200b-4903-8642-6c458d03f17a,account,5304317f-af42-412f-b838-b3268e944239,2025-12-10T04:31:00Z,2025-12-10,12509056000,100000000,2025-12-07T04:31:00Z,2,100001,7f5b6f7e-1c2d-4a4e-9a51-3a3f1d3c0a01
f03d672c-fe8e-40e1-9345-8a623ff75bab,INV-001068,1588ff80-5461-473b-aa6f-71ee783f6d4d,c98ab9a2-1a34-438f-8deb-9c48819f0d3f,a0017720-200b-4903-8642-6c458d03f17a,account,5304317f-af42-412f-b838-b3268e944239,2025-12-06T13:01:00Z,2025-12-06,12489738000,100000000,2025-12-05T13:01:00Z,2,100001,7f5b6f7e-1c2d-4a4e-9a51-3a3f1d3c0a01
9534f26d-963f-4b9e-8856-04dda8d6d7a3,INV-001069,663e6b34-a852-455e-94a9-bc8457f6b08e,5e6f4ee1-3e4c-4345-bbc7-f805a923d4c2,17eaec83-8892-442f-9d4b-2bf94d85e9c7,account,e27a984d-6548-41d0-bfcd-9eb1a7cad415,2024-07-24T10:28:00Z,2024-08-23,48385200000,1,2024-08-24T06:48:00Z,2,100001,7f5b6f7e-1c2d-4a4e-9a51-3a3f1d3c0a01
43b4c7ba-35e9-4c7f-b09f-3c58b277b504,INV-001070,2ccdec6b-dfbc-4590-9059-fd76e56e80db,d87990a1-93f6-48a9-9f75-bfd2224bb00f,17eaec83-8892-442f-9d4b-2bf94d85e9c7,account,e27a984d-6548-41d0-bfcd-9eb1a7cad415,2024-11-09T06:50:00Z,2024-12-09,6752967000,1,2024-12-17T09:44:00Z,2,100001,7f5b6f7e-1c2d-4a4e-9a51-3a3f1d3c0a01
3e56be40-71f3-4ddb-bbc4-0f353feff531,INV-001071,6cb088e5-a1d1-48b0-9d0e-77d518375f2a,cd622211-2415-4d90-9213-be8e28a0fead,17eaec83-8892-442f-9d4b-2bf94d85e9c7,account,e27a984d-6548-41d0-bfcd-9eb1a7cad415,2025-03-09T10:00:00Z,2025-04-08,16501986000,1,2025-04-29T04:31:00Z,2,100001,7f5b6f7e-1c2d-4a4e-9a51-3a3f1d3c0a01
d3c74d79-6487-427d-9bb4-b047cdbf89f8,INV-001072,8e0021ff-642b-41bf-aa29-f0f7fce0b894,52efa486-a800-4e1a-9fdf-218180753ff4,17eaec83-8892-442f-9d4b-2bf94d85e9c7,account,e27a984d-6548-41d0-bfcd-9eb1a7cad415,2025-08-28T06:59:00Z,2025-09-27,14650885000,1,2025-10-02T13:27:00Z,2,100001,7f5b6f7e-1c2d-4a4e-9a51-3a3f1d3c0a01
058d7c19-772f-4b18-9fcf-35ca753d06de,INV-001073,4bb33acd-25fa-4176-89ec-ca4614ad5de8,aaf658f5-b43c-4a97-aa28-18ece366bc5f,17eaec83-8892-442f-9d4b-2bf94d85e9c7,account,e27a984d-6548-41d0-bfcd-9eb1a7cad415,2026-04-26T11:57:00Z,2026-05-26,32114823000,1,2026-05-25T08:07:00Z,2,100001,7f5b6f7e-1c2d-4a4e-9a51-3a3f1d3c0a01
5c2ed8e9-d9d9-484e-be07-02b7d6e5cc41,INV-001074,b9113e31-d3fc-48b6-93bc-339486893e0f,3e05d604-c285-4781-8f5d-63aeef5f8cf9,9780c215-2b2b-48e9-a417-c09380a8a23d,account,b02b61c4-a3d7-4628-ace6-6fa2fd5166e6,2024-07-28T07:31:00Z,2024-07-28,18414340000,100000000,2024-07-27T07:31:00Z,2,100001,7f5b6f7e-1c2d-4a4e-9a51-3a3f1d3c0a01
381f420c-91af-451b-86b7-6d87af086414,INV-001075,d4ca2e50-7cd8-4ef5-a850-771ba9413e2d,fd87b5bb-b9da-475a-9366-81887a118b03,9780c215-2b2b-48e9-a417-c09380a8a23d,account,b02b61c4-a3d7-4628-ace6-6fa2fd5166e6,2024-09-07T11:33:00Z,2024-09-07,12958307000,100000000,2024-09-07T11:33:00Z,2,100001,7f5b6f7e-1c2d-4a4e-9a51-3a3f1d3c0a01
83630183-2950-40fb-ba3e-9977d8e51609,INV-001076,f48b9491-0f7e-4b56-b53b-220d03a13563,ad823fa2-12a8-4e5b-83c4-8b318aa07436,9780c215-2b2b-48e9-a417-c09380a8a23d,account,b02b61c4-a3d7-4628-ace6-6fa2fd5166e6,2024-12-04T10:15:00Z,2024-12-04,39815472000,100000000,2024-12-04T10:15:00Z,2,100001,7f5b6f7e-1c2d-4a4e-9a51-3a3f1d3c0a01
0b132aab-dfb8-432b-a11b-55597714d366,INV-001077,1dcd8281-8a90-403d-8b87-844695ad52a3,0dce9139-9b82-46da-88d4-9b6b19b0e10c,9780c215-2b2b-48e9-a417-c09380a8a23d,account,b02b61c4-a3d7-4628-ace6-6fa2fd5166e6,2025-04-20T07:18:00Z,2025-04-20,31472345000,100000000,2025-04-18T07:18:00Z,2,100001,7f5b6f7e-1c2d-4a4e-9a51-3a3f1d3c0a01
d58b5e5d-cc69-4c5a-aeee-702f3ee57e91,INV-001078,eba8a51d-c824-489a-a97a-347ec51bb264,8c82dd03-ead0-4b47-a880-178e499e82d1,2bd3cdcd-2779-4685-94a5-3fdef10d27c8,account,366eb16f-508e-4ad7-b7c9-3acfe059a0ee,2024-09-21T11:22:00Z,2024-12-20,11411733000,100000001,2024-12-25T07:31:00Z,2,100001,7f5b6f7e-1c2d-4a4e-9a51-3a3f1d3c0a01
e45279e0-76d2-4727-a983-deff7b422e3e,INV-001079,8724f781-d669-44c5-ac73-bec8d9cb10e5,35044d98-92bb-45f9-a7e6-57a164974d4a,2bd3cdcd-2779-4685-94a5-3fdef10d27c8,account,366eb16f-508e-4ad7-b7c9-3acfe059a0ee,2025-06-19T05:19:00Z,2025-09-17,5140233000,100000001,2025-09-20T10:35:00Z,2,100001,7f5b6f7e-1c2d-4a4e-9a51-3a3f1d3c0a01
7a2843cd-0149-4801-9ca3-4ac35e572795,INV-001080,dcbac5c8-653d-49ea-b35a-664148161ddf,df52f707-1a4a-4f2d-b047-81b4a94abd66,2bd3cdcd-2779-4685-94a5-3fdef10d27c8,account,366eb16f-508e-4ad7-b7c9-3acfe059a0ee,2025-08-10T10:40:00Z,2025-11-08,14310623000,100000001,2025-11-06T12:12:00Z,2,100001,7f5b6f7e-1c2d-4a4e-9a51-3a3f1d3c0a01
222bcb03-a1c8-47a3-bec8-9d9d3b5cb5f7,INV-001081,ab14d59d-79db-4e37-964e-e0e50e3e7d75,6573b1ac-220c-4c04-a315-7eb05e4d18c6,2bd3cdcd-2779-4685-94a5-3fdef10d27c8,account,366eb16f-508e-4ad7-b7c9-3acfe059a0ee,2025-07-30T10:26:00Z,2025-10-28,44718439000,100000001,2026-01-03T11:03:00Z,2,100001,7f5b6f7e-1c2d-4a4e-9a51-3a3f1d3c0a01
62c5926e-a2cd-4d1f-a92d-a4a3bac96637,INV-001082,3a5672d1-2569-45dc-8862-a89c333b8ad0,e1fdc118-d0a0-45c1-a1ea-a0d7b4f2a0eb,e6e987ca-b87b-4384-9fdd-de2ea8a2b7ad,account,10f1bc81-448a-4a9e-a6b2-bc5b50c187fc,2025-02-24T10:45:00Z,2025-04-25,40765928000,4,2025-05-04T12:24:00Z,2,100001,7f5b6f7e-1c2d-4a4e-9a51-3a3f1d3c0a01
74d9ae89-507b-49b6-afdf-0e7ded88e0c1,INV-001083,527876c1-67d0-4e95-8d06-ddbbb1a4a320,1a5c8b60-d8e9-41c9-a0b9-e5eda8dc11d1,e6e987ca-b87b-4384-9fdd-de2ea8a2b7ad,account,10f1bc81-448a-4a9e-a6b2-bc5b50c187fc,2025-11-22T07:05:00Z,2026-01-21,11156250000,4,2026-01-28T06:27:00Z,2,100001,7f5b6f7e-1c2d-4a4e-9a51-3a3f1d3c0a01
d1f35b45-7da6-44d1-a820-79e7c871df0c,INV-001084,4a72cb0b-32af-4bfa-a9e6-63f03a42eeaf,7c8411f1-d78e-4a2f-a20e-06f988056a0f,e6e987ca-b87b-4384-9fdd-de2ea8a2b7ad,account,10f1bc81-448a-4a9e-a6b2-bc5b50c187fc,2026-01-31T10:51:00Z,2026-04-01,12891374000,4,2026-04-27T06:11:00Z,2,100001,7f5b6f7e-1c2d-4a4e-9a51-3a3f1d3c0a01
4bc1e135-5620-4cbb-ad60-6e127736d6cc,INV-001085,da2a027a-9919-45a4-b35b-725333a3aac0,46c6f762-be53-4063-a381-5ec4da33e21d,e6e987ca-b87b-4384-9fdd-de2ea8a2b7ad,account,10f1bc81-448a-4a9e-a6b2-bc5b50c187fc,2026-05-16T05:08:00Z,2026-07-15,19129924000,4,,0,4,7f5b6f7e-1c2d-4a4e-9a51-3a3f1d3c0a01
785e4b79-7a18-4047-aa9f-43a9a750470e,INV-001086,64bd8d7a-fd40-4ab9-b05b-b0f214679ed4,9ce1430f-fbf6-4d70-8aaf-1510396512a1,ec86a890-d7b0-4bdc-966e-3cbe9aea622f,account,10f1bc81-448a-4a9e-a6b2-bc5b50c187fc,2024-12-18T13:12:00Z,2025-01-17,43710609000,1,2025-01-23T06:02:00Z,2,100001,7f5b6f7e-1c2d-4a4e-9a51-3a3f1d3c0a01
6bf5e27d-84c6-4b58-a1f5-ddb3901940da,INV-001087,0823d6b6-65ea-4bed-8ed0-91433d5b6915,636d6c03-f1ba-4af3-99aa-20961d07ca64,dd20c3bf-d342-4f08-8a8b-b5b490494583,account,5304317f-af42-412f-b838-b3268e944239,2024-08-06T07:18:00Z,2024-08-06,14153515000,100000000,2024-08-04T07:18:00Z,2,100001,7f5b6f7e-1c2d-4a4e-9a51-3a3f1d3c0a01
8bf409fe-add8-4dc8-89ad-e55c36f63a74,INV-001088,96fbd508-1a62-4a2b-8b24-a3fb2e7866d3,eb2bc43e-9861-45fc-a4a3-27e0c41d18bc,43c07d43-93a7-4792-8561-b8dca4364fcd,account,0e51f30d-c6a7-4e39-84b0-32ccd7c524a5,2024-09-18T12:35:00Z,2024-09-18,21637329000,100000000,2024-09-18T12:35:00Z,2,100001,7f5b6f7e-1c2d-4a4e-9a51-3a3f1d3c0a01
cad3f420-700f-479d-9333-108b8e9e9d6b,INV-001089,1b280480-c339-4c3f-975d-52a5bb448e46,06771443-2cd9-4043-84ff-3ee2a41fef7a,43c07d43-93a7-4792-8561-b8dca4364fcd,account,0e51f30d-c6a7-4e39-84b0-32ccd7c524a5,2025-07-26T12:48:00Z,2025-07-26,21026851000,100000000,2025-07-24T12:48:00Z,2,100001,7f5b6f7e-1c2d-4a4e-9a51-3a3f1d3c0a01
9cf3748b-c7c9-4a59-9f4b-e7bff40e3d66,INV-001090,d1d0e4d1-92d4-4c97-b8ef-02b11f6d481d,94f72af7-3d9e-4403-96df-581bce38a6f9,43c07d43-93a7-4792-8561-b8dca4364fcd,account,0e51f30d-c6a7-4e39-84b0-32ccd7c524a5,2025-09-13T13:19:00Z,2025-09-13,12082277000,100000000,2025-09-10T13:19:00Z,2,100001,7f5b6f7e-1c2d-4a4e-9a51-3a3f1d3c0a01
4bb1532b-f994-402b-ab82-c6d51013eaac,INV-001091,f7f61ec3-9f39-4949-b766-d13306ef7ef0,85164a55-2c6c-435d-858c-7b5db44c2ea6,92779574-c457-4cc3-b5f7-89bca6b07458,account,10f1bc81-448a-4a9e-a6b2-bc5b50c187fc,2024-08-15T04:52:00Z,2024-10-14,11011421000,4,2024-10-12T11:20:00Z,2,100001,7f5b6f7e-1c2d-4a4e-9a51-3a3f1d3c0a01
83666602-85fd-4206-af69-0443e19e32bf,INV-001092,d17d7500-ac5f-4057-bc46-d31a8e83b8f2,ef719002-dcb6-46dd-99af-ea87769f68f5,92779574-c457-4cc3-b5f7-89bca6b07458,account,10f1bc81-448a-4a9e-a6b2-bc5b50c187fc,2024-09-21T11:16:00Z,2024-11-20,30826098000,4,2024-11-20T12:12:00Z,2,100001,7f5b6f7e-1c2d-4a4e-9a51-3a3f1d3c0a01
263b8791-8112-4799-82e7-0e8d39dbdaea,INV-001093,15a15b80-92ab-4c49-9d62-64273e7c895b,202fc044-1a82-4d17-8f9a-58560173b7c0,92779574-c457-4cc3-b5f7-89bca6b07458,account,10f1bc81-448a-4a9e-a6b2-bc5b50c187fc,2024-09-28T09:24:00Z,2024-11-27,6457335000,4,2024-11-24T12:15:00Z,2,100001,7f5b6f7e-1c2d-4a4e-9a51-3a3f1d3c0a01
c755c079-ce41-44ff-b596-b4aa37853d3f,INV-001094,d383d63c-5781-4e7c-9885-40f66fc7542a,6eae3341-985c-4d2f-a45f-b3634a5219db,92779574-c457-4cc3-b5f7-89bca6b07458,account,10f1bc81-448a-4a9e-a6b2-bc5b50c187fc,2025-10-04T09:28:00Z,2025-12-03,11003331000,4,2025-12-06T13:22:00Z,2,100001,7f5b6f7e-1c2d-4a4e-9a51-3a3f1d3c0a01
dbb8425e-0a70-49e9-a8b2-70082329e8d3,INV-001095,25ed62ff-f0c7-4884-95be-704b63ca3334,ea21e646-666d-4696-8f03-f9f0ddf281bb,92779574-c457-4cc3-b5f7-89bca6b07458,account,10f1bc81-448a-4a9e-a6b2-bc5b50c187fc,2025-09-25T07:20:00Z,2025-11-24,12077510000,4,2025-11-22T13:05:00Z,2,100001,7f5b6f7e-1c2d-4a4e-9a51-3a3f1d3c0a01
433b4b49-084e-4c22-8613-885af9916d9a,INV-001096,13f402bb-b8da-4d58-b26f-9fdd7f610036,4c693632-cc28-45e5-a6a7-969fa681e1cf,92779574-c457-4cc3-b5f7-89bca6b07458,account,10f1bc81-448a-4a9e-a6b2-bc5b50c187fc,2025-11-03T05:21:00Z,2026-01-02,6621929000,4,2026-01-05T08:46:00Z,2,100001,7f5b6f7e-1c2d-4a4e-9a51-3a3f1d3c0a01
86cd3468-01c8-452b-9150-e8c721b8d554,INV-001097,cfdeb45d-abdc-4d06-981e-509b67b2e44e,77e05ee8-5e06-4ec1-87e6-017b86eb2889,92779574-c457-4cc3-b5f7-89bca6b07458,account,10f1bc81-448a-4a9e-a6b2-bc5b50c187fc,2025-11-15T09:49:00Z,2026-01-14,13611373000,4,2026-01-12T11:30:00Z,2,100001,7f5b6f7e-1c2d-4a4e-9a51-3a3f1d3c0a01
b7113d1d-00f8-4992-8787-494389224ecf,INV-001098,0e3aa1ab-9186-4913-8487-7863394b9142,07b1a85c-968a-4d8a-ab94-fe7d9159f86d,92779574-c457-4cc3-b5f7-89bca6b07458,account,10f1bc81-448a-4a9e-a6b2-bc5b50c187fc,2026-01-06T10:21:00Z,2026-03-07,22171848000,4,2026-03-12T08:50:00Z,2,100001,7f5b6f7e-1c2d-4a4e-9a51-3a3f1d3c0a01
ff1c65f4-e36c-4197-9cf5-eae57c3b5b1e,INV-001099,4befe8de-e352-40c0-a477-468216f149b8,a3c72b7b-c900-4c2a-abb7-33763b38644e,92779574-c457-4cc3-b5f7-89bca6b07458,account,10f1bc81-448a-4a9e-a6b2-bc5b50c187fc,2026-03-30T12:38:00Z,2026-05-29,10472339000,4,2026-05-28T09:00:00Z,2,100001,7f5b6f7e-1c2d-4a4e-9a51-3a3f1d3c0a01
11cb125c-0a83-4ff7-9fdd-d17290eac62b,INV-001100,234362eb-aa5d-4cc1-94f2-b17f3af13969,3af3d846-1ba1-44d7-b483-81cdb4c350ad,8baaf744-a08d-421b-a395-4cb17f7f6c0a,account,9132b63e-f162-47e4-a9c3-49e03602f8ac,2026-02-05T10:10:00Z,2026-02-05,18627983000,100000000,2026-02-02T10:10:00Z,2,100001,7f5b6f7e-1c2d-4a4e-9a51-3a3f1d3c0a01
7417f416-747c-44ab-b3d4-3d3a217bb6d1,INV-001101,ea88e535-d182-44af-b0e8-9163f0b00269,e8add825-9ce7-42b3-b645-afd134a59f2d,4d560a3d-f4e7-469a-a454-09374a27ebf2,account,beb79919-3f22-4af8-a3be-d01d43cf2fde,2024-07-25T12:51:00Z,2024-07-25,12150955000,100000000,2024-07-23T12:51:00Z,2,100001,7f5b6f7e-1c2d-4a4e-9a51-3a3f1d3c0a01
9a05d4c4-6721-4c78-9d30-e92cfceda3fe,INV-001102,c7fc6d15-1276-406a-9119-2149732767c8,822dd474-d625-4ff9-a192-296adbb1d2b1,4d560a3d-f4e7-469a-a454-09374a27ebf2,account,beb79919-3f22-4af8-a3be-d01d43cf2fde,2025-01-01T04:59:00Z,2025-01-01,18703874000,100000000,2024-12-31T04:59:00Z,2,100001,7f5b6f7e-1c2d-4a4e-9a51-3a3f1d3c0a01
24ee4519-d9a2-4125-ab4b-aa72eff7472f,INV-001103,916b01a9-38ad-4c68-9dbd-bc5e57b6862e,dab7ec06-7c00-454f-89a5-6ba74a9877e1,4d560a3d-f4e7-469a-a454-09374a27ebf2,account,beb79919-3f22-4af8-a3be-d01d43cf2fde,2025-03-29T09:09:00Z,2025-03-29,7912781000,100000000,2025-03-28T09:09:00Z,2,100001,7f5b6f7e-1c2d-4a4e-9a51-3a3f1d3c0a01
9a0d724a-c03b-47eb-9c32-0eea32653d21,INV-001104,3f2ac742-c953-4c6d-81ba-6fccd2b7c43f,13865605-9423-4724-839e-3f1ebd6a7dc1,4d560a3d-f4e7-469a-a454-09374a27ebf2,account,beb79919-3f22-4af8-a3be-d01d43cf2fde,2025-10-20T11:53:00Z,2025-10-20,59187362000,100000000,2025-10-19T11:53:00Z,2,100001,7f5b6f7e-1c2d-4a4e-9a51-3a3f1d3c0a01
25d661fc-3c0a-475e-8035-926e9f618a49,INV-001105,cb2245d5-7c03-4278-b260-295c3e311faa,5884ffc2-4e39-48ad-a85c-ab7dee78253b,ceae71cf-ce00-4af0-beb0-51817ba24588,account,beb79919-3f22-4af8-a3be-d01d43cf2fde,2025-01-23T08:15:00Z,2025-01-23,50949384000,100000000,2025-01-22T08:15:00Z,2,100001,7f5b6f7e-1c2d-4a4e-9a51-3a3f1d3c0a01
8bade533-8ad0-433d-95b8-75ae95e5ceca,INV-001106,65c095d7-8891-4cac-80ea-f77f7a6370c6,18b2265d-4002-40bc-a535-1e9e43e30704,ceae71cf-ce00-4af0-beb0-51817ba24588,account,beb79919-3f22-4af8-a3be-d01d43cf2fde,2025-03-15T08:27:00Z,2025-03-15,35614826000,100000000,2025-03-12T08:27:00Z,2,100001,7f5b6f7e-1c2d-4a4e-9a51-3a3f1d3c0a01
5579a064-c048-4d26-b124-53dd3bbabada,INV-001107,dd06850e-4db8-44f7-8392-6b406e110418,8ce69b73-0066-4e32-acb7-e00ff2aa6857,ceae71cf-ce00-4af0-beb0-51817ba24588,account,beb79919-3f22-4af8-a3be-d01d43cf2fde,2025-05-03T08:02:00Z,2025-05-03,26209970000,100000000,2025-05-01T08:02:00Z,2,100001,7f5b6f7e-1c2d-4a4e-9a51-3a3f1d3c0a01
0c783002-4e1b-4012-b57e-86341f9f5c89,INV-001108,c2aa7783-40bb-4ebb-9922-9f2fa76aa664,6b3db9eb-16ae-4383-937a-1bf96de00978,ceae71cf-ce00-4af0-beb0-51817ba24588,account,beb79919-3f22-4af8-a3be-d01d43cf2fde,2025-05-24T08:34:00Z,2025-05-24,22478806000,100000000,2025-05-21T08:34:00Z,2,100001,7f5b6f7e-1c2d-4a4e-9a51-3a3f1d3c0a01
06ed9038-3c67-4c92-a250-7123c0b74ff5,INV-001109,cb9178a0-0c1c-42a8-9b44-55318c2071ce,226988f2-ae3a-4a9f-a5cf-ae3f5f446cb6,ceae71cf-ce00-4af0-beb0-51817ba24588,account,beb79919-3f22-4af8-a3be-d01d43cf2fde,2025-06-07T10:07:00Z,2025-06-07,35421881000,100000000,2025-06-04T10:07:00Z,2,100001,7f5b6f7e-1c2d-4a4e-9a51-3a3f1d3c0a01
f70a9ef9-0158-43a7-a715-0d5d761b2fc6,INV-001110,8cb1779e-0a99-436d-a679-8c247149b77e,2d46a03c-39dc-4bce-b299-814dc398665b,ceae71cf-ce00-4af0-beb0-51817ba24588,account,beb79919-3f22-4af8-a3be-d01d43cf2fde,2025-06-25T11:26:00Z,2025-06-25,46699785000,100000000,2025-06-24T11:26:00Z,2,100001,7f5b6f7e-1c2d-4a4e-9a51-3a3f1d3c0a01
e539aad0-2334-47d9-a71a-b4b948c4f571,INV-001111,0c4b65c0-3c38-4474-8126-cbdd48f08de7,2d964bfd-b7ae-4246-a3e7-2243fd88a949,ceae71cf-ce00-4af0-beb0-51817ba24588,account,beb79919-3f22-4af8-a3be-d01d43cf2fde,2026-03-11T13:21:00Z,2026-03-11,54819993000,100000000,2026-03-08T13:21:00Z,2,100001,7f5b6f7e-1c2d-4a4e-9a51-3a3f1d3c0a01
7ef80e1c-1c92-4688-b3ef-1e4c1a40e065,INV-001112,3f39acf0-29a0-4560-baa8-ea501887a444,02b7b4e2-1b1b-4b23-8fbd-d2721c24586b,ceae71cf-ce00-4af0-beb0-51817ba24588,account,beb79919-3f22-4af8-a3be-d01d43cf2fde,2026-03-21T12:56:00Z,2026-03-21,46876652000,100000000,2026-03-20T12:56:00Z,2,100001,7f5b6f7e-1c2d-4a4e-9a51-3a3f1d3c0a01
fb01714b-bd90-4667-9d47-42834620d2c2,INV-001113,2adf68f1-c494-462b-96b6-863ed099781c,33ea9930-a1aa-4498-af95-fc0d94ffa191,ceae71cf-ce00-4af0-beb0-51817ba24588,account,beb79919-3f22-4af8-a3be-d01d43cf2fde,2026-05-16T09:36:00Z,2026-05-16,78599483000,100000000,2026-05-15T09:36:00Z,2,100001,7f5b6f7e-1c2d-4a4e-9a51-3a3f1d3c0a01
3c219e3c-d0e0-4bd2-85c2-f00970e45afd,INV-001114,faff4ef0-47d6-46c5-841a-9ce037e24ae1,0700f746-5b63-4606-b612-fa280a5531c7,741b77f5-4c24-4053-a7f5-ae02af5b8f47,account,5304317f-af42-412f-b838-b3268e944239,2024-09-12T10:18:00Z,2024-10-12,6687923000,1,2024-10-16T11:18:00Z,2,100001,7f5b6f7e-1c2d-4a4e-9a51-3a3f1d3c0a01
27bcb262-434e-45de-9d43-85d4b96873bb,INV-001115,88a3a64a-eb15-44fc-b4f2-63cab80fc872,75d1d934-16cc-4632-8db9-3ea848c2b51f,741b77f5-4c24-4053-a7f5-ae02af5b8f47,account,5304317f-af42-412f-b838-b3268e944239,2025-04-14T09:10:00Z,2025-05-14,29871787000,1,2025-05-11T06:48:00Z,2,100001,7f5b6f7e-1c2d-4a4e-9a51-3a3f1d3c0a01
95811a69-8286-45ef-8311-986bd7dc5800,INV-001116,e6200224-f204-4f8f-8e6d-42fd98bb309c,11d094f1-e4e0-46e2-8e8a-e34aae48ad90,741b77f5-4c24-4053-a7f5-ae02af5b8f47,account,5304317f-af42-412f-b838-b3268e944239,2025-04-15T13:17:00Z,2025-05-15,36798899000,1,2025-05-18T07:08:00Z,2,100001,7f5b6f7e-1c2d-4a4e-9a51-3a3f1d3c0a01
8065d647-6f3e-4601-9239-b58e8df08c15,INV-001117,e082a7cd-f424-4dc8-b2c2-1aa12e6485eb,b517e5d2-6522-431e-a0c7-ef38802d717c,741b77f5-4c24-4053-a7f5-ae02af5b8f47,account,5304317f-af42-412f-b838-b3268e944239,2026-01-14T13:23:00Z,2026-02-13,40326208000,1,2026-02-28T10:48:00Z,2,100001,7f5b6f7e-1c2d-4a4e-9a51-3a3f1d3c0a01
e1b5373f-c402-4b2f-ab78-cc7310211fd5,INV-001118,95dc1476-5062-46bc-80ae-279e94719140,406847ae-6504-40c8-a9e0-5b2a73392b74,741b77f5-4c24-4053-a7f5-ae02af5b8f47,account,5304317f-af42-412f-b838-b3268e944239,2026-02-21T06:23:00Z,2026-03-23,20409574000,1,2026-03-28T13:03:00Z,2,100001,7f5b6f7e-1c2d-4a4e-9a51-3a3f1d3c0a01
1e9b1ee4-7a84-4d3b-a6f1-b10c9ca9b99c,INV-001119,e9d2f9c7-691c-4cb2-a642-80bb6c51e175,aa96aabd-5511-4521-b50f-e90811403460,741b77f5-4c24-4053-a7f5-ae02af5b8f47,account,5304317f-af42-412f-b838-b3268e944239,2026-03-14T09:39:00Z,2026-04-13,8248960000,1,2026-04-19T05:00:00Z,2,100001,7f5b6f7e-1c2d-4a4e-9a51-3a3f1d3c0a01
e0f400a4-3ea3-448a-a41f-79e9a295ae88,INV-001120,e0ca5d97-0274-43fc-b83d-820375ac7a11,644d5566-bc93-4e95-997b-abc5bfb1cdf5,2877f5d9-0f56-45f8-b048-faa112ae5c22,account,e27a984d-6548-41d0-bfcd-9eb1a7cad415,2025-04-19T09:48:00Z,2025-04-19,13105804000,100000000,2025-04-19T09:48:00Z,2,100001,7f5b6f7e-1c2d-4a4e-9a51-3a3f1d3c0a01
a70d422e-ceee-4532-b827-0211f3b1fc74,INV-001121,f034f7ea-adb6-4035-8f26-578050d146b5,816921f8-9a62-4542-82f2-b36e3474b416,2877f5d9-0f56-45f8-b048-faa112ae5c22,account,e27a984d-6548-41d0-bfcd-9eb1a7cad415,2026-02-12T10:34:00Z,2026-02-12,24884347000,100000000,2026-02-11T10:34:00Z,2,100001,7f5b6f7e-1c2d-4a4e-9a51-3a3f1d3c0a01
a53b792a-c346-49dd-98e7-44e5aec676e4,INV-001122,7c0d9348-1d45-48d2-8a00-788d35184b81,d86bc0c0-841c-404b-a267-227081f2608c,2877f5d9-0f56-45f8-b048-faa112ae5c22,account,e27a984d-6548-41d0-bfcd-9eb1a7cad415,2026-01-31T05:18:00Z,2026-01-31,29856225000,100000000,2026-01-30T05:18:00Z,2,100001,7f5b6f7e-1c2d-4a4e-9a51-3a3f1d3c0a01
00503aac-a5de-41a7-82ad-cb163a1c6ded,INV-001123,79955d40-da9d-42d3-b905-b8ee4c6b49fc,57e158b3-bfa0-4ffc-a9e4-a7feead578bc,76e5ae78-7bf7-41d3-aa66-2fce7089fc6d,account,e27a984d-6548-41d0-bfcd-9eb1a7cad415,2024-10-27T10:00:00Z,2024-11-26,22050767000,1,2024-12-01T09:52:00Z,2,100001,7f5b6f7e-1c2d-4a4e-9a51-3a3f1d3c0a01
bdcd83c6-7da4-4e67-9743-3a4a5610c3bf,INV-001124,581cc7fd-6dc4-4b58-a18a-a184268afd9e,4da16971-9e27-4795-a162-d60d01716ea1,76e5ae78-7bf7-41d3-aa66-2fce7089fc6d,account,e27a984d-6548-41d0-bfcd-9eb1a7cad415,2025-08-30T07:19:00Z,2025-09-29,6264901000,1,2025-11-01T12:20:00Z,2,100001,7f5b6f7e-1c2d-4a4e-9a51-3a3f1d3c0a01
35af83cf-e1d1-4ca6-ab49-e86ea3873bfb,INV-001125,bc7320b4-3199-436a-827f-86d26c3b6a14,c2ab54f3-d7f7-4d2b-8a71-b1642a746f8c,76e5ae78-7bf7-41d3-aa66-2fce7089fc6d,account,e27a984d-6548-41d0-bfcd-9eb1a7cad415,2025-11-11T11:14:00Z,2025-12-11,34071931000,1,2025-12-13T08:22:00Z,2,100001,7f5b6f7e-1c2d-4a4e-9a51-3a3f1d3c0a01
23ded05f-3ced-4565-93b1-f0380e5278bc,INV-001126,30d1bea7-b550-4961-923e-c5f69203a65e,17ed5f7f-20d5-4328-ad85-bd507c351074,76e5ae78-7bf7-41d3-aa66-2fce7089fc6d,account,e27a984d-6548-41d0-bfcd-9eb1a7cad415,2025-12-14T12:04:00Z,2026-01-13,8654875000,1,2026-01-11T07:59:00Z,2,100001,7f5b6f7e-1c2d-4a4e-9a51-3a3f1d3c0a01
9063cca3-92e2-4417-a2bc-f0e6614d574e,INV-001127,d7ca9ab8-9ec1-442f-bdae-a7cbf84068a0,9506e01e-9f7b-47ca-9de1-6624dceafaf2,76e5ae78-7bf7-41d3-aa66-2fce7089fc6d,account,e27a984d-6548-41d0-bfcd-9eb1a7cad415,2026-01-10T06:30:00Z,2026-02-09,43500421000,1,2026-02-10T10:43:00Z,2,100001,7f5b6f7e-1c2d-4a4e-9a51-3a3f1d3c0a01
807c750e-5eca-4df1-9c08-d3f9948460d3,INV-001128,8f383923-420a-4403-b2af-8a734518907a,6a28410f-dd79-486b-befa-6a2c07d7c2d3,24c778a5-9b4e-464b-9716-dc2e343ada2a,account,24933b83-7577-40a9-a491-f0b2ea1fca65,2024-08-04T07:06:00Z,2024-10-03,9829702000,4,2024-10-17T10:32:00Z,2,100001,7f5b6f7e-1c2d-4a4e-9a51-3a3f1d3c0a01
97110226-0ef1-45a9-b5e5-556ab76edf62,INV-001129,e19bbc4e-ba2f-4ca6-aa0a-b7ba689ddd56,0e659032-6ab1-47ad-8575-7d4cab0cef6b,24c778a5-9b4e-464b-9716-dc2e343ada2a,account,24933b83-7577-40a9-a491-f0b2ea1fca65,2024-11-05T08:41:00Z,2025-01-04,19224815000,4,2025-01-02T05:32:00Z,2,100001,7f5b6f7e-1c2d-4a4e-9a51-3a3f1d3c0a01
ba35f14a-3b83-4004-b8b5-2c4f689527ce,INV-001130,89cf6785-4364-46b5-a87b-ecad603166f4,d15aaba3-b320-4d2a-b9a1-6ef67e49e02b,24c778a5-9b4e-464b-9716-dc2e343ada2a,account,24933b83-7577-40a9-a491-f0b2ea1fca65,2024-10-14T10:23:00Z,2024-12-13,16336997000,4,2024-12-23T04:31:00Z,2,100001,7f5b6f7e-1c2d-4a4e-9a51-3a3f1d3c0a01
4f570bf9-8380-4e0f-948f-e399f3cbc557,INV-001131,12dbb1da-a623-4b8d-a641-d4c914bef227,6db56f05-1628-4c16-95f1-d39cb49262be,24c778a5-9b4e-464b-9716-dc2e343ada2a,account,24933b83-7577-40a9-a491-f0b2ea1fca65,2025-07-14T12:39:00Z,2025-09-12,19915168000,4,2025-10-08T05:53:00Z,2,100001,7f5b6f7e-1c2d-4a4e-9a51-3a3f1d3c0a01
908cff7c-a91a-48af-a80d-8fd6ce76b57f,INV-001132,6a035dd3-720e-4c17-84c7-ac0e172f9a47,e4952f5d-f4be-414f-b337-24bb4a160853,24c778a5-9b4e-464b-9716-dc2e343ada2a,account,24933b83-7577-40a9-a491-f0b2ea1fca65,2025-09-23T07:26:00Z,2025-11-22,36882438000,4,2025-11-29T06:11:00Z,2,100001,7f5b6f7e-1c2d-4a4e-9a51-3a3f1d3c0a01
58f577f1-e228-4899-a407-5c0f9823e2e5,INV-001133,5954c400-7836-4e30-98e4-1aebcd427b3a,95cf19d7-fe60-4154-b831-ac064a146851,24c778a5-9b4e-464b-9716-dc2e343ada2a,account,24933b83-7577-40a9-a491-f0b2ea1fca65,2025-12-28T10:18:00Z,2026-02-26,24620095000,4,2026-03-01T05:14:00Z,2,100001,7f5b6f7e-1c2d-4a4e-9a51-3a3f1d3c0a01
941aac53-1f25-455a-a2ab-6e3dd76249d9,INV-001134,6a7de66f-4bcc-4d1f-8af3-a22632d19bd7,2c0ed36d-1fe9-4e99-b0a3-c1cb1b4630ce,24c778a5-9b4e-464b-9716-dc2e343ada2a,account,24933b83-7577-40a9-a491-f0b2ea1fca65,2025-12-22T13:24:00Z,2026-02-20,22125160000,4,2026-02-25T11:20:00Z,2,100001,7f5b6f7e-1c2d-4a4e-9a51-3a3f1d3c0a01
3f64b1f3-72b5-455a-b3f6-529531e27185,INV-001135,c4fcf442-7dbc-4307-86ba-45799aaf1dd1,61b12269-4334-4c0f-ad01-4fe6d0e9bea2,24c778a5-9b4e-464b-9716-dc2e343ada2a,account,24933b83-7577-40a9-a491-f0b2ea1fca65,2026-02-04T10:27:00Z,2026-04-05,23849381000,4,2026-04-23T10:12:00Z,2,100001,7f5b6f7e-1c2d-4a4e-9a51-3a3f1d3c0a01
a661870f-e878-4c54-89b4-a25fdf3a2c8e,INV-001136,5bcc8063-49eb-4edb-a911-ab5bbfb589f5,e8b090c9-8848-420d-b8da-78d32f00ca06,586a346a-dc5b-47d1-bcef-1972bbf483ce,account,ce177b4e-0837-48a3-9261-a7ab3aa2e4f9,2024-07-13T05:46:00Z,2024-07-13,23209024000,100000000,2024-07-11T05:46:00Z,2,100001,7f5b6f7e-1c2d-4a4e-9a51-3a3f1d3c0a01
0b186191-54d6-45de-934d-9cf5a75d0f52,INV-001137,51a1f175-4410-44dd-8077-aa2817469a68,31d116f2-e618-4025-bcdf-0dd2c13c39f1,586a346a-dc5b-47d1-bcef-1972bbf483ce,account,ce177b4e-0837-48a3-9261-a7ab3aa2e4f9,2024-08-31T04:38:00Z,2024-08-31,61386518000,100000000,2024-08-28T04:38:00Z,2,100001,7f5b6f7e-1c2d-4a4e-9a51-3a3f1d3c0a01
17b96a05-d0ad-43c0-a813-0eb07fdf5973,INV-001138,2d22ba19-98c1-426d-9e0e-f1adf4c4b8c1,b5599761-f380-4200-af29-feb47f80f428,586a346a-dc5b-47d1-bcef-1972bbf483ce,account,ce177b4e-0837-48a3-9261-a7ab3aa2e4f9,2024-10-05T05:42:00Z,2024-10-05,63544952000,100000000,2024-10-04T05:42:00Z,2,100001,7f5b6f7e-1c2d-4a4e-9a51-3a3f1d3c0a01
dfa97fcd-08d4-4553-be11-8320ef4958ba,INV-001139,730e5e3f-df48-4af0-9ae0-741194626787,6746a36a-cbbd-445e-b087-1b3c3b8523b3,586a346a-dc5b-47d1-bcef-1972bbf483ce,account,ce177b4e-0837-48a3-9261-a7ab3aa2e4f9,2025-07-27T10:38:00Z,2025-07-27,34302718000,100000000,2025-07-25T10:38:00Z,2,100001,7f5b6f7e-1c2d-4a4e-9a51-3a3f1d3c0a01
94c8108d-c987-4dda-ac2b-779a4fcb7301,INV-001140,075d87ca-ddba-423d-ae28-fefd48afc7a4,b13473e9-f8da-497e-935d-8a03a2655dfb,1b2ededb-8fc8-4fc0-83d5-bceb5edbb8ee,account,0e51f30d-c6a7-4e39-84b0-32ccd7c524a5,2024-09-28T05:17:00Z,2024-09-28,8868472000,100000000,2024-09-25T05:17:00Z,2,100001,7f5b6f7e-1c2d-4a4e-9a51-3a3f1d3c0a01
b9e1cc33-ad88-4b64-8309-3f9d36079e8f,INV-001141,d050df68-b48d-4c90-ad45-7f39a9af98ad,fa4df9b2-387d-4702-af38-2430de475dab,1f5d988f-776a-4f09-bde2-885951b1943c,account,ce177b4e-0837-48a3-9261-a7ab3aa2e4f9,2024-08-19T09:54:00Z,2024-09-18,22751009000,1,2024-09-19T09:38:00Z,2,100001,7f5b6f7e-1c2d-4a4e-9a51-3a3f1d3c0a01
41cdf656-2d79-4cd0-9e9d-b05ebbc438cf,INV-001142,259dc11a-20f6-4ced-9c98-76c60936fb31,a2f60d2a-cb4e-4c6b-bd5f-01f22ed4f5f0,1f5d988f-776a-4f09-bde2-885951b1943c,account,ce177b4e-0837-48a3-9261-a7ab3aa2e4f9,2025-01-09T04:39:00Z,2025-02-08,107637639000,1,2025-06-30T09:37:00Z,2,100001,7f5b6f7e-1c2d-4a4e-9a51-3a3f1d3c0a01
8ff9d1dc-0a58-48a3-8cbb-a4792c5992a0,INV-001143,3eb1e8bc-fef4-44d5-95fa-343e3c335679,764739c9-0d54-48ca-a49b-1812fd271fdc,1f5d988f-776a-4f09-bde2-885951b1943c,account,ce177b4e-0837-48a3-9261-a7ab3aa2e4f9,2024-12-31T07:22:00Z,2025-01-30,27388958000,1,2025-01-29T08:48:00Z,2,100001,7f5b6f7e-1c2d-4a4e-9a51-3a3f1d3c0a01
f48dc19b-a531-4637-8c19-9201c883f57c,INV-001144,84ce9001-fa93-4192-bfdb-279309cb647a,77d591b1-52d0-4757-8727-970319b93b29,1f5d988f-776a-4f09-bde2-885951b1943c,account,ce177b4e-0837-48a3-9261-a7ab3aa2e4f9,2025-05-11T10:48:00Z,2025-06-10,63238365000,1,2025-06-09T08:37:00Z,2,100001,7f5b6f7e-1c2d-4a4e-9a51-3a3f1d3c0a01
39d28cbe-7093-447a-a356-4925430acc30,INV-001145,e7524584-0415-472a-8886-720832dee01c,1307326e-3530-4ebb-b9dc-468307f1ba85,1f5d988f-776a-4f09-bde2-885951b1943c,account,ce177b4e-0837-48a3-9261-a7ab3aa2e4f9,2025-08-06T10:22:00Z,2025-09-05,50771128000,1,2025-09-03T10:24:00Z,2,100001,7f5b6f7e-1c2d-4a4e-9a51-3a3f1d3c0a01
100b395a-d501-46db-aaf7-193cbad8b79c,INV-001146,47a82a41-3b86-4d19-8331-01c010613958,84194c0e-7845-46e1-9145-3a461498378a,1f5d988f-776a-4f09-bde2-885951b1943c,account,ce177b4e-0837-48a3-9261-a7ab3aa2e4f9,2025-08-09T08:20:00Z,2025-09-08,104272605000,1,2026-03-08T09:25:00Z,2,100001,7f5b6f7e-1c2d-4a4e-9a51-3a3f1d3c0a01
830e6665-b4a0-4161-a980-43169a8384f3,INV-001147,65810ae4-3814-49b1-95aa-2d67a83772a8,e89e512c-b396-4605-a797-a7f69c75ca59,1f5d988f-776a-4f09-bde2-885951b1943c,account,ce177b4e-0837-48a3-9261-a7ab3aa2e4f9,2025-09-09T05:30:00Z,2025-10-09,66213819000,1,2025-10-06T13:18:00Z,2,100001,7f5b6f7e-1c2d-4a4e-9a51-3a3f1d3c0a01
935e2b4e-4a93-4430-8f73-ce9ad971958e,INV-001148,9d7f78e4-7225-4da5-83fd-9e6838163d23,3903886e-8cdc-44af-83c4-21fd60129c28,1f5d988f-776a-4f09-bde2-885951b1943c,account,ce177b4e-0837-48a3-9261-a7ab3aa2e4f9,2026-06-07T07:14:00Z,2026-07-07,148215500000,1,,0,4,7f5b6f7e-1c2d-4a4e-9a51-3a3f1d3c0a01
1a8cfd5e-5590-4df1-9c1b-68799d26c8a4,INV-001149,4d88bca8-6123-462a-87e6-01cd1e7451e7,34824212-dcd3-40b8-b89e-435b1100f2e8,24108e9a-3f77-4cae-b318-b96d44790612,account,24933b83-7577-40a9-a491-f0b2ea1fca65,2025-10-29T05:41:00Z,2025-10-29,9165571000,100000000,2025-10-27T05:41:00Z,2,100001,7f5b6f7e-1c2d-4a4e-9a51-3a3f1d3c0a01
a3182323-c336-49e7-8d67-7c08cb9f62d8,INV-001150,76014369-a6f2-4f17-8825-b360a5982507,69042c9b-3ad9-4151-b738-35a021ba0842,24108e9a-3f77-4cae-b318-b96d44790612,account,24933b83-7577-40a9-a491-f0b2ea1fca65,2026-01-19T12:53:00Z,2026-01-19,20317990000,100000000,2026-01-19T12:53:00Z,2,100001,7f5b6f7e-1c2d-4a4e-9a51-3a3f1d3c0a01
3a90fa6c-f9e2-420c-a4f5-90e07f273c91,INV-001151,35fa4a4a-4575-4987-8f87-91c0e5d3f8bc,d032c6c2-2fd0-4e9c-b9da-ca8ca068034b,f204be89-4a4b-4563-8cf4-77ef18c8a616,account,ce177b4e-0837-48a3-9261-a7ab3aa2e4f9,2024-08-03T05:11:00Z,2024-08-03,29545485000,100000000,2024-08-02T05:11:00Z,2,100001,7f5b6f7e-1c2d-4a4e-9a51-3a3f1d3c0a01
87c731ad-7392-460a-bde3-14a9a5a55880,INV-001152,fc4b1044-ecdb-421c-95d3-5d447b830c99,c3f13e91-fb7f-41a1-86e5-b9a5c7fb5e27,f204be89-4a4b-4563-8cf4-77ef18c8a616,account,ce177b4e-0837-48a3-9261-a7ab3aa2e4f9,2024-07-06T08:43:00Z,2024-07-06,27961538000,100000000,2024-07-04T08:43:00Z,2,100001,7f5b6f7e-1c2d-4a4e-9a51-3a3f1d3c0a01
6fe1e020-4a94-4562-a58b-e9e47829e1f5,INV-001153,8fb1ac58-ff39-4008-8410-bc565fdde0de,722942a2-e8bb-4bfb-af7c-9cd4d847a473,f204be89-4a4b-4563-8cf4-77ef18c8a616,account,ce177b4e-0837-48a3-9261-a7ab3aa2e4f9,2024-10-12T10:47:00Z,2024-10-12,18831830000,100000000,2024-10-10T10:47:00Z,2,100001,7f5b6f7e-1c2d-4a4e-9a51-3a3f1d3c0a01
46349424-b45f-4b9b-ae33-6079ffcd92f4,INV-001154,e679a6f8-6c5f-4eae-9be0-9fbf89257f56,a20af2e9-77fa-4d4d-a436-62e3c9833d1c,f204be89-4a4b-4563-8cf4-77ef18c8a616,account,ce177b4e-0837-48a3-9261-a7ab3aa2e4f9,2024-12-31T05:49:00Z,2024-12-31,141682130000,100000000,2024-12-30T05:49:00Z,2,100001,7f5b6f7e-1c2d-4a4e-9a51-3a3f1d3c0a01
f106adcf-ee4b-4f00-84f6-13f6b8ba250d,INV-001155,1ac31adf-fcdf-48d8-bf48-1fe1e2352277,086ee69e-1b6c-4d95-be5a-da31faebca47,f204be89-4a4b-4563-8cf4-77ef18c8a616,account,ce177b4e-0837-48a3-9261-a7ab3aa2e4f9,2025-01-14T09:43:00Z,2025-01-14,69883541000,100000000,2025-01-11T09:43:00Z,2,100001,7f5b6f7e-1c2d-4a4e-9a51-3a3f1d3c0a01
9ae71646-aec1-4d58-8c24-319d279ddeed,INV-001156,76a5cea9-2f46-41f3-a69e-e577a8a9bf90,7ae2eab2-a9c1-4c19-bea0-834499e5df69,f204be89-4a4b-4563-8cf4-77ef18c8a616,account,ce177b4e-0837-48a3-9261-a7ab3aa2e4f9,2025-05-03T11:23:00Z,2025-05-03,19886630000,100000000,2025-05-03T11:23:00Z,2,100001,7f5b6f7e-1c2d-4a4e-9a51-3a3f1d3c0a01
4de3bc94-b9fc-42a9-8aa4-6ee5d4f856b9,INV-001157,f4fdae73-0cbc-4731-ad8b-f3d225b774bd,c2558728-1d49-42d7-a801-38feaf80071c,f204be89-4a4b-4563-8cf4-77ef18c8a616,account,ce177b4e-0837-48a3-9261-a7ab3aa2e4f9,2025-04-29T12:41:00Z,2025-04-29,68296127000,100000000,2025-04-28T12:41:00Z,2,100001,7f5b6f7e-1c2d-4a4e-9a51-3a3f1d3c0a01
1c274e43-53a3-4a46-8054-aa86d689746f,INV-001158,94a13533-04a2-47e3-8ef0-72609400f5cd,a45c587f-7b2d-4571-b407-429adc51425f,f204be89-4a4b-4563-8cf4-77ef18c8a616,account,ce177b4e-0837-48a3-9261-a7ab3aa2e4f9,2025-06-14T07:21:00Z,2025-06-14,32321345000,100000000,2025-06-12T07:21:00Z,2,100001,7f5b6f7e-1c2d-4a4e-9a51-3a3f1d3c0a01
3b68baf3-60c5-49e7-8c31-37ad581eda3e,INV-001159,0cc6234e-e670-4c43-9a2f-fbe3029cddf5,892f0b13-9acd-49b7-87f0-807e3d6c38f3,f204be89-4a4b-4563-8cf4-77ef18c8a616,account,ce177b4e-0837-48a3-9261-a7ab3aa2e4f9,2025-06-17T07:51:00Z,2025-06-17,60765883000,100000000,2025-06-16T07:51:00Z,2,100001,7f5b6f7e-1c2d-4a4e-9a51-3a3f1d3c0a01
745797fe-9747-4f04-9511-cb6dfb1ac82a,INV-001160,2df49e3a-1107-4ccd-93da-23268fbe7497,de40d2e1-15c8-467d-81e7-55e96a6b364e,f204be89-4a4b-4563-8cf4-77ef18c8a616,account,ce177b4e-0837-48a3-9261-a7ab3aa2e4f9,2025-09-16T08:36:00Z,2025-09-16,128333059000,100000000,2025-09-14T08:36:00Z,2,100001,7f5b6f7e-1c2d-4a4e-9a51-3a3f1d3c0a01
ea120d59-cf36-4c1e-aa3a-b83ba212dc0e,INV-001161,ef9e1d73-af6e-4138-8aa4-3a856eb3162d,4d68e702-ea3d-47de-bcf8-43f9f2deab6e,6b0ae0e3-9d89-4047-9d39-d7936257a4a2,account,0e51f30d-c6a7-4e39-84b0-32ccd7c524a5,2024-10-23T07:36:00Z,2024-11-22,12307270000,1,2024-12-05T07:39:00Z,2,100001,7f5b6f7e-1c2d-4a4e-9a51-3a3f1d3c0a01
62f5d1e1-d7b0-492a-8b80-4f6f6ba36c25,INV-001162,fcb3120b-88bb-47b6-ac6b-56a2b1393d2e,b3072df8-816d-4659-97bc-1dfe8052d343,6b0ae0e3-9d89-4047-9d39-d7936257a4a2,account,0e51f30d-c6a7-4e39-84b0-32ccd7c524a5,2025-03-01T10:58:00Z,2025-03-31,15856470000,1,2025-04-03T13:19:00Z,2,100001,7f5b6f7e-1c2d-4a4e-9a51-3a3f1d3c0a01
91bbb527-f309-4b5d-a9fa-8c272d05c525,INV-001163,fa522673-d110-427a-a8e9-d004dd1b4cec,29dce178-3afe-491d-95b1-1f1517ddde02,6b0ae0e3-9d89-4047-9d39-d7936257a4a2,account,0e51f30d-c6a7-4e39-84b0-32ccd7c524a5,2025-04-09T06:04:00Z,2025-05-09,14055297000,1,2025-05-22T09:15:00Z,2,100001,7f5b6f7e-1c2d-4a4e-9a51-3a3f1d3c0a01
9adfd0fe-29af-41bd-8dae-0e56c637884b,INV-001164,fa4296dc-0fbc-4b95-a008-c675920cb8f4,dee5b00e-1b56-4bfc-b916-1ad3ed662686,e6fdd7af-dd84-4acc-b672-94643f8ea40a,account,10f1bc81-448a-4a9e-a6b2-bc5b50c187fc,2024-08-22T12:06:00Z,2024-10-21,25118475000,4,2024-10-20T08:50:00Z,2,100001,7f5b6f7e-1c2d-4a4e-9a51-3a3f1d3c0a01
485bebe9-e3d8-44bc-be4e-5c0722eb3c9d,INV-001165,7eaa4fa1-3894-41d7-a760-6d82fab11934,39d49f31-032c-435d-947b-ac31fa9be342,e6fdd7af-dd84-4acc-b672-94643f8ea40a,account,10f1bc81-448a-4a9e-a6b2-bc5b50c187fc,2024-10-21T11:55:00Z,2024-12-20,18373723000,4,2025-01-11T09:10:00Z,2,100001,7f5b6f7e-1c2d-4a4e-9a51-3a3f1d3c0a01
a783b2f8-3955-45f7-911d-6fcd1479e9d3,INV-001166,fde6b582-dfb5-4fd6-a0f6-d21f2058a245,ca17fe8b-c622-43c9-860d-fafd51acbd4d,e6fdd7af-dd84-4acc-b672-94643f8ea40a,account,10f1bc81-448a-4a9e-a6b2-bc5b50c187fc,2024-10-26T05:29:00Z,2024-12-25,27259807000,4,2025-01-23T10:45:00Z,2,100001,7f5b6f7e-1c2d-4a4e-9a51-3a3f1d3c0a01
ceb5923d-865e-4fc0-bcf8-31bbdee60aba,INV-001167,10b44479-a8d1-445a-9ac1-e24f2937b340,6cc1e98f-c177-4875-8e4b-ebaab820fa21,e6fdd7af-dd84-4acc-b672-94643f8ea40a,account,10f1bc81-448a-4a9e-a6b2-bc5b50c187fc,2025-06-03T08:31:00Z,2025-08-02,15102996000,4,2025-09-06T12:43:00Z,2,100001,7f5b6f7e-1c2d-4a4e-9a51-3a3f1d3c0a01
492c72fd-e17c-4e66-ae6a-5cd179ad8f2d,INV-001168,ff28b38c-ce53-4151-8c9d-812bc716aa9f,0cbd47e2-0d50-49cd-abbd-25a8ed4e8601,e6fdd7af-dd84-4acc-b672-94643f8ea40a,account,10f1bc81-448a-4a9e-a6b2-bc5b50c187fc,2026-03-10T09:41:00Z,2026-05-09,28169060000,4,2026-05-14T11:31:00Z,2,100001,7f5b6f7e-1c2d-4a4e-9a51-3a3f1d3c0a01
b34d2d6d-a8f0-4068-9699-9b4a8c5ef5d1,INV-001169,ca654ee3-8977-40a3-b746-e90b5c99da8e,56b9a3e9-a2f1-4922-86b5-eb7ec7f9f47f,e6fdd7af-dd84-4acc-b672-94643f8ea40a,account,10f1bc81-448a-4a9e-a6b2-bc5b50c187fc,2026-03-07T10:05:00Z,2026-05-06,13016027000,4,,0,4,7f5b6f7e-1c2d-4a4e-9a51-3a3f1d3c0a01
22fb32be-d917-4851-b89f-0bb12967c1fd,INV-001170,d4d3a4f2-d17d-4694-bcbd-16afb5ced67c,ba2a1fe2-10df-456c-ab8c-3a0e7d600f9d,e6fdd7af-dd84-4acc-b672-94643f8ea40a,account,10f1bc81-448a-4a9e-a6b2-bc5b50c187fc,2026-02-16T12:44:00Z,2026-04-17,37563947000,4,2026-04-18T08:22:00Z,2,100001,7f5b6f7e-1c2d-4a4e-9a51-3a3f1d3c0a01
9ad2001d-42a3-485a-942b-0ae5dd57c656,INV-001171,ce13cd56-3e16-4d57-bf3b-e8c3299420aa,faaf7867-3267-42ce-bbf3-e31454ff8e1f,e6fdd7af-dd84-4acc-b672-94643f8ea40a,account,10f1bc81-448a-4a9e-a6b2-bc5b50c187fc,2026-06-02T09:50:00Z,2026-08-01,41592916000,4,,0,4,7f5b6f7e-1c2d-4a4e-9a51-3a3f1d3c0a01
fa67388e-90ec-40b0-897f-cbd7b099dc79,INV-001172,033865b6-ad1c-401b-a1d4-d265d5414d2f,de1e4a2c-b418-4bfe-bc71-8ab9b0443f81,ef0a573d-53d2-456d-9040-158728e213bc,account,9132b63e-f162-47e4-a9c3-49e03602f8ac,2025-01-02T08:28:00Z,2025-02-01,3993750000,1,2025-02-15T05:26:00Z,2,100001,7f5b6f7e-1c2d-4a4e-9a51-3a3f1d3c0a01
6bac8253-c48e-4207-91a2-0379b4514fab,INV-001173,23d46931-02a7-416e-a17b-cef9217ee696,ab058042-02b3-4c75-a181-77857bc27cda,ef0a573d-53d2-456d-9040-158728e213bc,account,9132b63e-f162-47e4-a9c3-49e03602f8ac,2025-11-22T10:12:00Z,2025-12-22,10999468000,1,2025-12-30T10:52:00Z,2,100001,7f5b6f7e-1c2d-4a4e-9a51-3a3f1d3c0a01
ec271b11-1fc0-464b-ae83-631756cea97d,INV-001174,563ef00e-ca34-4cae-98ed-0811e21d155c,69945e4f-2bee-4f84-a827-5c2219bc677e,ef0a573d-53d2-456d-9040-158728e213bc,account,9132b63e-f162-47e4-a9c3-49e03602f8ac,2026-03-26T06:50:00Z,2026-04-25,10795466000,1,2026-04-30T12:13:00Z,2,100001,7f5b6f7e-1c2d-4a4e-9a51-3a3f1d3c0a01
b6b9e1ae-d3d1-4cfb-82b2-00f70f00de69,INV-001175,b8e947ad-2daf-43c4-9a01-8171d92f0dba,f3f75095-162a-49ba-960c-556f47783d13,3098f7b2-500e-45c0-b89b-df7f93e34c35,account,24933b83-7577-40a9-a491-f0b2ea1fca65,2024-09-07T06:50:00Z,2024-11-06,22893300000,4,2024-11-24T07:24:00Z,2,100001,7f5b6f7e-1c2d-4a4e-9a51-3a3f1d3c0a01
a2594136-c446-488d-94b2-15dd1682a155,INV-001176,4d4ebb97-38b3-4007-a654-6d299d99868d,79100b7f-630c-4141-b887-784c9a3fa40e,3098f7b2-500e-45c0-b89b-df7f93e34c35,account,24933b83-7577-40a9-a491-f0b2ea1fca65,2025-01-28T11:03:00Z,2025-03-29,12132469000,4,2025-04-09T10:09:00Z,2,100001,7f5b6f7e-1c2d-4a4e-9a51-3a3f1d3c0a01
12031884-dca2-44b9-954f-24ebb0cfdba5,INV-001177,a5ebafd8-dabe-4121-a7ad-16cef1bac56e,1834af6b-a4e0-43e1-9fe1-e003ce505645,3098f7b2-500e-45c0-b89b-df7f93e34c35,account,24933b83-7577-40a9-a491-f0b2ea1fca65,2025-03-15T13:18:00Z,2025-05-14,14604532000,4,2025-05-24T11:57:00Z,2,100001,7f5b6f7e-1c2d-4a4e-9a51-3a3f1d3c0a01
1787b1f1-05d2-4e72-9c94-e6cf3e2d870d,INV-001178,3ccf1c58-34c7-491a-95ea-9721b5bcf1a0,1c0a7229-946f-4889-b426-5aec942e462c,3098f7b2-500e-45c0-b89b-df7f93e34c35,account,24933b83-7577-40a9-a491-f0b2ea1fca65,2025-05-28T11:28:00Z,2025-07-27,12787605000,4,2025-08-19T08:29:00Z,2,100001,7f5b6f7e-1c2d-4a4e-9a51-3a3f1d3c0a01
1ed48e02-b4e1-4828-a296-383f50275c9f,INV-001179,46c170a2-f403-45e7-ad6a-10ef1138cec7,ff197a2d-f1a8-4f5d-a729-b0cc9239fb8f,3098f7b2-500e-45c0-b89b-df7f93e34c35,account,24933b83-7577-40a9-a491-f0b2ea1fca65,2025-07-30T05:23:00Z,2025-09-28,45209052000,4,2026-02-10T05:15:00Z,2,100001,7f5b6f7e-1c2d-4a4e-9a51-3a3f1d3c0a01
ef556a57-fc93-4768-85f0-715a5050542f,INV-001180,107f2ed0-eea6-4f09-98fd-58e0c79f3314,ffe4f788-84ec-4bdc-99f7-737f3fd9e86a,3098f7b2-500e-45c0-b89b-df7f93e34c35,account,24933b83-7577-40a9-a491-f0b2ea1fca65,2025-12-20T11:50:00Z,2026-02-18,49357451000,4,2026-02-21T13:07:00Z,2,100001,7f5b6f7e-1c2d-4a4e-9a51-3a3f1d3c0a01
d1cec7e3-ef61-4e4b-b778-93fc06d4f57c,INV-001181,e5de316f-ec2f-47b2-bc94-4d7824d88902,4b893b2e-d380-4397-8415-a3b1d196b38f,e10b1a47-7fae-4748-b781-321e83c501cb,account,9132b63e-f162-47e4-a9c3-49e03602f8ac,2024-07-24T08:39:00Z,2024-09-22,5014609000,4,2024-09-25T10:31:00Z,2,100001,7f5b6f7e-1c2d-4a4e-9a51-3a3f1d3c0a01
4954b351-bbbf-4315-8f4f-ab7ac3495199,INV-001182,03f09da7-0f75-4427-a6af-d86502435fbc,5ad35aee-da16-4236-a9c4-9bdee1bf27e5,e10b1a47-7fae-4748-b781-321e83c501cb,account,9132b63e-f162-47e4-a9c3-49e03602f8ac,2024-09-26T05:00:00Z,2024-11-25,12842859000,4,2024-12-07T09:14:00Z,2,100001,7f5b6f7e-1c2d-4a4e-9a51-3a3f1d3c0a01
448e0de6-c818-4a9e-abf1-276b827ef71e,INV-001183,3a34cfbe-c841-47dc-8432-b689b733b7e0,25b76229-349d-4142-8936-69f516839206,e10b1a47-7fae-4748-b781-321e83c501cb,account,9132b63e-f162-47e4-a9c3-49e03602f8ac,2025-05-18T05:20:00Z,2025-07-17,23235172000,4,2025-07-26T08:31:00Z,2,100001,7f5b6f7e-1c2d-4a4e-9a51-3a3f1d3c0a01
2c11082b-1433-49ba-8617-e89f8c727bb0,INV-001184,5ab4d6f2-cb62-4998-abb3-aa95a810c4a2,b3e41c33-95d6-4943-8330-7771610133ab,e10b1a47-7fae-4748-b781-321e83c501cb,account,9132b63e-f162-47e4-a9c3-49e03602f8ac,2025-11-22T07:31:00Z,2026-01-21,32029679000,4,2026-02-14T12:21:00Z,2,100001,7f5b6f7e-1c2d-4a4e-9a51-3a3f1d3c0a01
45150cca-87bf-4cd0-8775-c994c961bf60,INV-001185,95152aea-202a-478c-b249-85f6aa4d55e6,4869f6b0-49dc-45a6-b23d-045c2278d768,170d7507-05ee-41d4-bf53-a88e4efc8248,account,5304317f-af42-412f-b838-b3268e944239,2024-10-20T08:36:00Z,2024-12-19,14314153000,4,2025-01-16T12:59:00Z,2,100001,7f5b6f7e-1c2d-4a4e-9a51-3a3f1d3c0a01
e037c1e2-c004-4f65-9571-1f610dca6bbf,INV-001186,0eab3b99-0209-4b2f-9b44-ec5478121415,5851a3e1-40fc-4737-9c5a-3cc425c7e9ba,170d7507-05ee-41d4-bf53-a88e4efc8248,account,5304317f-af42-412f-b838-b3268e944239,2024-11-04T11:23:00Z,2025-01-03,11793655000,4,2024-12-31T12:09:00Z,2,100001,7f5b6f7e-1c2d-4a4e-9a51-3a3f1d3c0a01
07516869-5962-4cd5-b8dd-cb0fd9401d4b,INV-001187,43e71949-86f6-445f-a2e5-a9b94ec59497,9e054e19-1db1-41bf-b549-8b84362ee3ab,170d7507-05ee-41d4-bf53-a88e4efc8248,account,5304317f-af42-412f-b838-b3268e944239,2025-01-06T06:51:00Z,2025-03-07,37960635000,4,2025-03-15T08:06:00Z,2,100001,7f5b6f7e-1c2d-4a4e-9a51-3a3f1d3c0a01
e39cd8b6-8510-4fce-ac3d-e965bcbe7b58,INV-001188,bed01fdb-0d3a-481f-a689-3217b44dd7b5,d6d1249a-9fb9-415a-bccf-aaaae4da16b8,170d7507-05ee-41d4-bf53-a88e4efc8248,account,5304317f-af42-412f-b838-b3268e944239,2025-06-28T12:39:00Z,2025-08-27,53420321000,4,2025-08-25T04:50:00Z,2,100001,7f5b6f7e-1c2d-4a4e-9a51-3a3f1d3c0a01
3ba3592c-536f-49de-9293-d5a1261b83b0,INV-001189,8f6256c0-05b8-4545-91ef-ce2c3faacbdd,18cd2d87-1018-498a-9eec-1f5d9d37b229,170d7507-05ee-41d4-bf53-a88e4efc8248,account,5304317f-af42-412f-b838-b3268e944239,2025-08-14T10:49:00Z,2025-10-13,8276521000,4,2025-11-15T04:32:00Z,2,100001,7f5b6f7e-1c2d-4a4e-9a51-3a3f1d3c0a01
26dc924d-38ad-403c-b252-d2b1cdf5e59d,INV-001190,957c2f99-b096-42fd-bf4a-80cd2af2105c,1d41dcde-d14b-47fe-aba0-2533cfc0621d,170d7507-05ee-41d4-bf53-a88e4efc8248,account,5304317f-af42-412f-b838-b3268e944239,2025-09-29T12:49:00Z,2025-11-28,15431451000,4,2025-11-25T05:05:00Z,2,100001,7f5b6f7e-1c2d-4a4e-9a51-3a3f1d3c0a01
b92e8594-4f90-4bd1-9e11-1f8b1886dacd,INV-001191,4a275c17-3396-4c4f-817b-15dd4bb856ef,9a78bef6-a5d4-4d30-bc87-cbc2a4e46126,750d112e-8164-4eec-a4ab-851bf1fac6e7,account,10f1bc81-448a-4a9e-a6b2-bc5b50c187fc,2025-07-31T06:38:00Z,2025-08-30,6963565000,1,2025-08-28T09:28:00Z,2,100001,7f5b6f7e-1c2d-4a4e-9a51-3a3f1d3c0a01
e2731a29-5f07-4ad4-b9ec-32ac618b32a1,INV-001192,40570d7c-9b46-4fe1-8782-15a6c74da8af,844fc288-3e94-4fbc-801f-4e31f331d595,750d112e-8164-4eec-a4ab-851bf1fac6e7,account,10f1bc81-448a-4a9e-a6b2-bc5b50c187fc,2026-02-18T05:20:00Z,2026-03-20,3604880000,1,2026-03-19T09:57:00Z,2,100001,7f5b6f7e-1c2d-4a4e-9a51-3a3f1d3c0a01
27a87d4d-28db-4850-bbef-06bec97fcfb9,INV-001193,abf54707-c8ea-4651-82ae-eaac70d74a3b,642df78b-46d1-4722-a037-0ef94dfa4510,95560a2d-3713-4466-bda0-6476f778c676,account,366eb16f-508e-4ad7-b7c9-3acfe059a0ee,2025-02-08T12:53:00Z,2025-03-10,5137791000,1,2025-03-19T04:48:00Z,2,100001,7f5b6f7e-1c2d-4a4e-9a51-3a3f1d3c0a01
0136aed5-ed8e-44af-8316-bfbab979dd07,INV-001194,e602163a-49ef-4146-a68f-7c1acced4c38,e8eda98a-9cb3-469b-a061-65e039e3f957,95560a2d-3713-4466-bda0-6476f778c676,account,366eb16f-508e-4ad7-b7c9-3acfe059a0ee,2025-09-13T09:46:00Z,2025-10-13,26384887000,1,2025-10-13T09:51:00Z,2,100001,7f5b6f7e-1c2d-4a4e-9a51-3a3f1d3c0a01
3dc68b89-cb29-4fa2-89b7-5805a2827d9c,INV-001195,8e08c482-f320-42dc-96a9-1a1f9593872a,70af4b2c-1b5b-450f-b716-acd23018bcac,4806f804-0cf0-474c-8c74-dc0f5a575539,account,5304317f-af42-412f-b838-b3268e944239,2024-08-12T06:19:00Z,2024-08-12,5072671000,100000000,2024-08-10T06:19:00Z,2,100001,7f5b6f7e-1c2d-4a4e-9a51-3a3f1d3c0a01
95deeac1-ac2d-47ee-a0a0-489c2f0c6a51,INV-001196,61eb52ee-3267-41b2-aebd-231a50c950a3,33b11856-2cef-42a9-b89c-682785e319d6,4806f804-0cf0-474c-8c74-dc0f5a575539,account,5304317f-af42-412f-b838-b3268e944239,2024-10-08T09:58:00Z,2024-10-08,6585182000,100000000,2024-10-08T09:58:00Z,2,100001,7f5b6f7e-1c2d-4a4e-9a51-3a3f1d3c0a01
f143e2a2-b3d7-432f-bb78-413fbe0f3422,INV-001197,9ee61423-5504-4237-92c8-55254e92f12a,e50cf739-7c06-4a1e-808f-a41284e8ff9a,4806f804-0cf0-474c-8c74-dc0f5a575539,account,5304317f-af42-412f-b838-b3268e944239,2025-03-08T06:54:00Z,2025-03-08,13628579000,100000000,2025-03-07T06:54:00Z,2,100001,7f5b6f7e-1c2d-4a4e-9a51-3a3f1d3c0a01
76779008-62f6-40d6-a9fa-4cdf5fb1eac8,INV-001198,b9be6f81-2b42-4175-b57c-f62f5fbf371d,9f4e212f-b5e9-4773-8e0c-9868476304ca,4806f804-0cf0-474c-8c74-dc0f5a575539,account,5304317f-af42-412f-b838-b3268e944239,2025-05-22T12:14:00Z,2025-05-22,6324139000,100000000,2025-05-22T12:14:00Z,2,100001,7f5b6f7e-1c2d-4a4e-9a51-3a3f1d3c0a01
f1582756-d429-4868-a035-abc7fdd1616e,INV-001199,e66a222f-46c0-4a32-a3fe-9778b133a649,03bd0fcd-c066-47a8-9d0e-d0c5a3d0b477,4806f804-0cf0-474c-8c74-dc0f5a575539,account,5304317f-af42-412f-b838-b3268e944239,2025-07-02T06:05:00Z,2025-07-02,15242741000,100000000,2025-07-01T06:05:00Z,2,100001,7f5b6f7e-1c2d-4a4e-9a51-3a3f1d3c0a01
739f1f51-246b-47f1-937b-feb4f96aaccc,INV-001200,681db6cd-3d32-4ee5-a5b1-de82bd98d308,ac58cda5-85c8-41e8-81e9-e0e5fe8d679f,4806f804-0cf0-474c-8c74-dc0f5a575539,account,5304317f-af42-412f-b838-b3268e944239,2025-07-16T04:46:00Z,2025-07-16,8487118000,100000000,2025-07-15T04:46:00Z,2,100001,7f5b6f7e-1c2d-4a4e-9a51-3a3f1d3c0a01
03a9b418-8a14-4677-a885-296912de6ccd,INV-001201,958de3e1-ca84-4617-b0b4-f1ebab1a9d38,66494322-c021-41cb-b9ad-a9fd05129202,4806f804-0cf0-474c-8c74-dc0f5a575539,account,5304317f-af42-412f-b838-b3268e944239,2025-08-02T07:53:00Z,2025-08-02,25441344000,100000000,2025-07-30T07:53:00Z,2,100001,7f5b6f7e-1c2d-4a4e-9a51-3a3f1d3c0a01
aac73ba0-5ff0-42f9-ab05-af54c42fa7b7,INV-001202,0d6acaa5-800d-46bd-b41b-869565108643,41f5a4a5-eedd-4afe-9adb-d69d19220b25,4806f804-0cf0-474c-8c74-dc0f5a575539,account,5304317f-af42-412f-b838-b3268e944239,2025-08-30T11:48:00Z,2025-08-30,6346542000,100000000,2025-08-30T11:48:00Z,2,100001,7f5b6f7e-1c2d-4a4e-9a51-3a3f1d3c0a01
112620e3-a906-4855-aa9d-ad6c345d328e,INV-001203,12f2f2a4-1e48-4b3a-9ea5-d2fd0a207e84,c9bb130a-8394-4194-b5d9-00dcaa7a897e,4806f804-0cf0-474c-8c74-dc0f5a575539,account,5304317f-af42-412f-b838-b3268e944239,2025-09-18T07:38:00Z,2025-09-18,6459935000,100000000,2025-09-15T07:38:00Z,2,100001,7f5b6f7e-1c2d-4a4e-9a51-3a3f1d3c0a01
7d0dea42-ee38-4187-be09-a14966c81777,INV-001204,586841f1-449e-4d9b-a2c5-c6bfd9920c0c,9643cec3-50f0-4791-8889-3002db5b50f5,4806f804-0cf0-474c-8c74-dc0f5a575539,account,5304317f-af42-412f-b838-b3268e944239,2025-11-05T09:44:00Z,2025-11-05,17295959000,100000000,2025-11-02T09:44:00Z,2,100001,7f5b6f7e-1c2d-4a4e-9a51-3a3f1d3c0a01
1af1e1d5-0b8d-4fb8-9955-4bba2808ec5d,INV-001205,94947430-5da3-4f0a-9aaa-507f19c9dcd0,03d94eda-e918-4686-85a4-e5075aae56c3,4806f804-0cf0-474c-8c74-dc0f5a575539,account,5304317f-af42-412f-b838-b3268e944239,2026-06-07T12:48:00Z,2026-06-07,29839448000,100000000,2026-06-06T12:48:00Z,2,100001,7f5b6f7e-1c2d-4a4e-9a51-3a3f1d3c0a01
b2508b84-bf95-4380-91ed-d906042cead1,INV-001206,adc535a2-4dd2-4f69-b202-4db3fc86d65e,42541373-656f-4c00-9d2d-a6a54319459e,d7c4fe9c-e1e0-4ffc-98f6-fd7f7eb162f1,account,5304317f-af42-412f-b838-b3268e944239,2024-08-03T04:39:00Z,2024-10-02,28641976000,4,2024-10-09T09:19:00Z,2,100001,7f5b6f7e-1c2d-4a4e-9a51-3a3f1d3c0a01
14cde469-026b-4589-a322-d88a77979af4,INV-001207,0280d4fa-234f-4743-aea3-4f9f08a04e96,a0a3156c-5a10-4982-8725-3833b1a63001,d7c4fe9c-e1e0-4ffc-98f6-fd7f7eb162f1,account,5304317f-af42-412f-b838-b3268e944239,2025-02-13T06:55:00Z,2025-04-14,39334810000,4,2025-04-26T11:47:00Z,2,100001,7f5b6f7e-1c2d-4a4e-9a51-3a3f1d3c0a01
cb9448ee-e9c9-4c9b-9a17-6d47bf08a667,INV-001208,26b00916-523d-4eb2-a5fd-4746c91bff9e,c26643a0-4dbf-4940-8007-a3391a1f5afe,d7c4fe9c-e1e0-4ffc-98f6-fd7f7eb162f1,account,5304317f-af42-412f-b838-b3268e944239,2025-04-07T13:29:00Z,2025-06-06,21117037000,4,2025-06-03T06:59:00Z,2,100001,7f5b6f7e-1c2d-4a4e-9a51-3a3f1d3c0a01
f1c07551-b8b8-4a98-a900-84b6feca77ba,INV-001209,4207fe9b-cbe4-4d21-9e98-4edc5b1a2558,01dc93e6-8233-42fe-ac35-6df65ff52fc4,4926ce5f-7878-4140-ac2a-4f71a77d95f1,account,b02b61c4-a3d7-4628-ace6-6fa2fd5166e6,2024-08-24T05:12:00Z,2024-10-23,40703283000,4,2024-10-22T10:48:00Z,2,100001,7f5b6f7e-1c2d-4a4e-9a51-3a3f1d3c0a01
8c68727d-c7c4-4d85-831d-bba920dd6a25,INV-001210,f5cca98e-196e-4340-9931-fc1b606bb4a5,687ebb2e-f49d-461c-8635-a088cc99ce99,4926ce5f-7878-4140-ac2a-4f71a77d95f1,account,b02b61c4-a3d7-4628-ace6-6fa2fd5166e6,2024-08-26T10:17:00Z,2024-10-25,37150648000,4,2024-10-26T09:24:00Z,2,100001,7f5b6f7e-1c2d-4a4e-9a51-3a3f1d3c0a01
764889e6-636b-44dc-93d5-b86f4aa28cff,INV-001211,005af162-1c9b-4a67-95c6-d637a0886d9f,a11cd131-3591-4fb6-a3cf-05f194b25e78,4926ce5f-7878-4140-ac2a-4f71a77d95f1,account,b02b61c4-a3d7-4628-ace6-6fa2fd5166e6,2024-11-10T11:14:00Z,2025-01-09,21678555000,4,2025-01-12T07:57:00Z,2,100001,7f5b6f7e-1c2d-4a4e-9a51-3a3f1d3c0a01
bae008cf-9879-47aa-ad4b-f4123aadf673,INV-001212,e243bdc3-0a33-4762-b388-b3d7f4ee948c,348b4773-ead3-4ace-996d-885b7df16547,4926ce5f-7878-4140-ac2a-4f71a77d95f1,account,b02b61c4-a3d7-4628-ace6-6fa2fd5166e6,2025-06-29T08:04:00Z,2025-08-28,26565913000,4,2025-09-07T12:27:00Z,2,100001,7f5b6f7e-1c2d-4a4e-9a51-3a3f1d3c0a01
b8501e98-f206-4057-b57b-d0cc0d7d9dd8,INV-001213,115dc8c9-bd0e-4105-98c6-de3a46552c4f,2be4b2b6-db12-4ef2-add5-08c29d1780bd,4926ce5f-7878-4140-ac2a-4f71a77d95f1,account,b02b61c4-a3d7-4628-ace6-6fa2fd5166e6,2025-08-02T11:14:00Z,2025-10-01,25039934000,4,2025-09-29T08:40:00Z,2,100001,7f5b6f7e-1c2d-4a4e-9a51-3a3f1d3c0a01
56a76eaf-9e72-466c-b9a0-a017028615bd,INV-001214,3ca2f5bc-2c6d-49ff-bfbf-f5a8243eaa56,740dd662-6d68-47bd-a54c-0527a80f342f,4926ce5f-7878-4140-ac2a-4f71a77d95f1,account,b02b61c4-a3d7-4628-ace6-6fa2fd5166e6,2026-03-18T04:42:00Z,2026-05-17,21340364000,4,2026-05-19T12:27:00Z,2,100001,7f5b6f7e-1c2d-4a4e-9a51-3a3f1d3c0a01
90227b59-a335-4aec-930a-696002f02a79,INV-001215,d648762d-71aa-4c35-9c0d-2f2317ad736b,416b2e70-d283-49ba-905b-5940a7652001,1b84edc3-d8e0-49de-8217-ea0e896490ab,account,beb79919-3f22-4af8-a3be-d01d43cf2fde,2026-04-21T08:37:00Z,2026-04-21,29086647000,100000000,2026-04-20T08:37:00Z,2,100001,7f5b6f7e-1c2d-4a4e-9a51-3a3f1d3c0a01
3306cef2-1339-47fc-90c7-eebf266e0bf8,INV-001216,dcbd351c-bf9e-40bf-8b9c-a6299999489d,64ab8b40-d346-49d2-8683-9d8fe00d5566,43b47ee5-e1e8-4e7e-a249-8f666e51484d,account,e27a984d-6548-41d0-bfcd-9eb1a7cad415,2024-10-13T06:46:00Z,2024-10-13,66846801000,100000000,2024-10-12T06:46:00Z,2,100001,7f5b6f7e-1c2d-4a4e-9a51-3a3f1d3c0a01
bf14f0da-e953-4a14-8beb-c1d0d874c8bc,INV-001217,f048fc39-dbca-4cfd-8161-e369ebd44c37,bf997d72-75b0-4495-a062-db350f1a338e,673ba8bd-c38c-4dec-9da3-9a73ba3df7ff,account,24933b83-7577-40a9-a491-f0b2ea1fca65,2025-06-07T07:54:00Z,2025-06-07,11867805000,100000000,2025-06-05T07:54:00Z,2,100001,7f5b6f7e-1c2d-4a4e-9a51-3a3f1d3c0a01
88e35802-1d88-49de-8460-6c08d4d15531,INV-001218,12c4bbaf-b623-4984-817b-1369ada63c3c,c7a1a6ce-85a2-4993-b863-0bd2be598c95,673ba8bd-c38c-4dec-9da3-9a73ba3df7ff,account,24933b83-7577-40a9-a491-f0b2ea1fca65,2025-11-12T13:07:00Z,2025-11-12,54984734000,100000000,2025-11-11T13:07:00Z,2,100001,7f5b6f7e-1c2d-4a4e-9a51-3a3f1d3c0a01
cbc23857-bc6c-4af9-8aed-b3b913873446,INV-001219,9313b649-f1d7-42e8-96a9-95f10d469137,a0815936-a732-4e78-87ca-049bd01ee26b,673ba8bd-c38c-4dec-9da3-9a73ba3df7ff,account,24933b83-7577-40a9-a491-f0b2ea1fca65,2025-12-11T11:27:00Z,2025-12-11,19798816000,100000000,2025-12-10T11:27:00Z,2,100001,7f5b6f7e-1c2d-4a4e-9a51-3a3f1d3c0a01
e4f26928-91d9-441a-855a-1db16510feb5,INV-001220,64718b02-7944-4b92-ab2d-747c981163bc,6d4980ab-8730-4eda-a68f-bcb00d0ef056,0d18ab95-668c-4477-8b95-017c5dae1201,account,b02b61c4-a3d7-4628-ace6-6fa2fd5166e6,2025-03-26T10:55:00Z,2025-03-26,7965947000,100000000,2025-03-23T10:55:00Z,2,100001,7f5b6f7e-1c2d-4a4e-9a51-3a3f1d3c0a01
00b4df16-b231-47b2-87d3-36903d7c623b,INV-001221,e7b10d06-900b-4257-88fe-9687f94cbf86,d31c37b4-e138-4732-8c01-0de14b3b2dbe,0d18ab95-668c-4477-8b95-017c5dae1201,account,b02b61c4-a3d7-4628-ace6-6fa2fd5166e6,2025-04-27T10:04:00Z,2025-04-27,19916927000,100000000,2025-04-25T10:04:00Z,2,100001,7f5b6f7e-1c2d-4a4e-9a51-3a3f1d3c0a01
c9469b8e-76f7-4ca4-b632-45fc70f788ae,INV-001222,d3c46137-c830-405b-8b8c-18f5f26972f4,e359e5e1-8458-4fa3-bd2c-d7e342295702,5cce5ba9-31d4-4e09-8fd3-3afc91fdfa4f,account,5304317f-af42-412f-b838-b3268e944239,2024-07-20T10:27:00Z,2024-07-20,13877729000,100000000,2024-07-20T10:27:00Z,2,100001,7f5b6f7e-1c2d-4a4e-9a51-3a3f1d3c0a01
f5674986-4908-4e16-a081-f3a5ac8e4432,INV-001223,6ac22763-4ca6-4f44-9fc1-329ad2f22889,ae553876-1fa9-48a1-bd00-b2df4529ea2d,5cce5ba9-31d4-4e09-8fd3-3afc91fdfa4f,account,5304317f-af42-412f-b838-b3268e944239,2024-08-01T05:49:00Z,2024-08-01,10519658000,100000000,2024-07-29T05:49:00Z,2,100001,7f5b6f7e-1c2d-4a4e-9a51-3a3f1d3c0a01
3e70cee3-b331-431f-aace-d4eb3ad482fc,INV-001224,d62b89be-61c7-45f8-8d36-af9f59f9f981,9bdf8aa2-4fbf-4131-aefa-3c20232c3e14,5cce5ba9-31d4-4e09-8fd3-3afc91fdfa4f,account,5304317f-af42-412f-b838-b3268e944239,2024-11-24T06:33:00Z,2024-11-24,8752961000,100000000,2024-11-22T06:33:00Z,2,100001,7f5b6f7e-1c2d-4a4e-9a51-3a3f1d3c0a01
9fecbc7b-c2e2-495a-a606-e5dd64052ceb,INV-001225,f855da68-b9e1-4531-8d9b-dac8aa78eb46,f8aa36b3-f101-4e55-a0f7-e6643744511f,5cce5ba9-31d4-4e09-8fd3-3afc91fdfa4f,account,5304317f-af42-412f-b838-b3268e944239,2025-01-18T11:38:00Z,2025-01-18,14115110000,100000000,2025-01-18T11:38:00Z,2,100001,7f5b6f7e-1c2d-4a4e-9a51-3a3f1d3c0a01
d0487caa-15c6-4dfd-9d3b-e59a1dd71f12,INV-001226,d4f7212c-aff7-4038-8564-2b90ddba9a42,7b841b10-f37e-445f-95f5-d6e594759fb6,5cce5ba9-31d4-4e09-8fd3-3afc91fdfa4f,account,5304317f-af42-412f-b838-b3268e944239,2025-05-17T12:53:00Z,2025-05-17,19157520000,100000000,2025-05-15T12:53:00Z,2,100001,7f5b6f7e-1c2d-4a4e-9a51-3a3f1d3c0a01
eec040d3-7b46-47f0-af7f-8b1bbc9ad4d2,INV-001227,45ae2c55-b742-4141-988d-b3ce0cf78274,98c7bd80-a224-4d14-9a03-6fcd0b47168b,5cce5ba9-31d4-4e09-8fd3-3afc91fdfa4f,account,5304317f-af42-412f-b838-b3268e944239,2025-10-26T13:17:00Z,2025-10-26,18130312000,100000000,2025-10-24T13:17:00Z,2,100001,7f5b6f7e-1c2d-4a4e-9a51-3a3f1d3c0a01
fc68fca6-e00b-464e-a600-48aebc3e661f,INV-001228,4022bad9-7e9c-4175-92f9-a8fb8746f2ad,beca5c2b-2e8b-43f1-8a25-962494b66e31,62e7c1a6-12d2-4a06-89e1-cd138da00495,account,9132b63e-f162-47e4-a9c3-49e03602f8ac,2024-08-10T11:59:00Z,2024-09-09,10841309000,1,2024-09-09T08:23:00Z,2,100001,7f5b6f7e-1c2d-4a4e-9a51-3a3f1d3c0a01
d0fb8eb6-2dc5-4c93-b7c1-61f7b39dee16,INV-001229,1f5491c9-6b2e-4435-bb7d-64c7d092483f,d23f30b9-2261-4230-961f-bb82e49e4f17,62e7c1a6-12d2-4a06-89e1-cd138da00495,account,9132b63e-f162-47e4-a9c3-49e03602f8ac,2024-10-26T08:11:00Z,2024-11-25,5607282000,1,2024-12-01T10:11:00Z,2,100001,7f5b6f7e-1c2d-4a4e-9a51-3a3f1d3c0a01
d984aca1-4956-40ae-b3de-6bad969ec315,INV-001230,2210f90c-ca0b-4b55-b4e0-d197f5e44f02,bcfc92ea-92a1-451a-a64e-26e3efe74a7e,9f8cc29f-fd35-4c5f-9347-9a3b479bc637,account,366eb16f-508e-4ad7-b7c9-3acfe059a0ee,2025-10-14T07:37:00Z,2025-10-14,15244463000,100000000,2025-10-12T07:37:00Z,2,100001,7f5b6f7e-1c2d-4a4e-9a51-3a3f1d3c0a01
a0774b25-2f9b-4927-ba3f-7e5abc48d56c,INV-001231,3ff71633-1508-4a39-8be6-ec0b1f234147,1519f4c6-8cb8-448e-abe3-9590d540c616,9f8cc29f-fd35-4c5f-9347-9a3b479bc637,account,366eb16f-508e-4ad7-b7c9-3acfe059a0ee,2025-10-25T08:33:00Z,2025-10-25,19572947000,100000000,2025-10-23T08:33:00Z,2,100001,7f5b6f7e-1c2d-4a4e-9a51-3a3f1d3c0a01
d157218d-6573-4679-b37c-c7f42407cdb4,INV-001232,e16a3a50-d952-4faa-97c6-0d4d26f82533,ad54e28c-f5f9-452e-b77e-6f78a1bc2810,20f0156a-1e6a-4628-9c6d-52d5ae2e9af9,account,24933b83-7577-40a9-a491-f0b2ea1fca65,2024-07-20T11:48:00Z,2024-08-19,22144918000,1,2024-08-17T11:22:00Z,2,100001,7f5b6f7e-1c2d-4a4e-9a51-3a3f1d3c0a01
ef25401e-0003-460b-a2ac-7d51af43f64b,INV-001233,6539833a-cdbe-4acf-8d27-93436230f89d,bbc91113-f4cc-44d9-b49d-8e670152a2c1,20f0156a-1e6a-4628-9c6d-52d5ae2e9af9,account,24933b83-7577-40a9-a491-f0b2ea1fca65,2024-09-19T10:52:00Z,2024-10-19,32873668000,1,2024-10-16T06:17:00Z,2,100001,7f5b6f7e-1c2d-4a4e-9a51-3a3f1d3c0a01
35b0f587-31c5-43f0-8b3c-b58a4dc1ba0d,INV-001234,90ebc873-9fde-4e0c-807b-afefe50fc082,05dd3086-316f-4c47-ae4f-7b03d4a54b68,5f89ed12-64d6-4fbf-98c0-1e2bf99f0704,account,b02b61c4-a3d7-4628-ace6-6fa2fd5166e6,2024-08-22T10:31:00Z,2024-09-21,7597295000,1,2024-10-05T07:41:00Z,2,100001,7f5b6f7e-1c2d-4a4e-9a51-3a3f1d3c0a01
b3c8cc1c-3bc9-4fc7-918d-430473eab740,INV-001235,59932a4e-66c0-46e8-9479-eaca9ea0567e,34084546-96ca-458e-bf9a-846d2b1bc0b8,5f89ed12-64d6-4fbf-98c0-1e2bf99f0704,account,b02b61c4-a3d7-4628-ace6-6fa2fd5166e6,2025-03-24T08:14:00Z,2025-04-23,4766817000,1,2025-04-26T05:30:00Z,2,100001,7f5b6f7e-1c2d-4a4e-9a51-3a3f1d3c0a01
8772b5a9-9264-4c5c-a5aa-4b3a67045d21,INV-001236,b9e23bed-8e53-48e8-b17b-ae4ec9c14864,2c291e1c-86e5-4443-abf1-26b7c1ad8827,5f89ed12-64d6-4fbf-98c0-1e2bf99f0704,account,b02b61c4-a3d7-4628-ace6-6fa2fd5166e6,2025-12-25T10:46:00Z,2026-01-24,22816174000,1,2026-02-01T10:37:00Z,2,100001,7f5b6f7e-1c2d-4a4e-9a51-3a3f1d3c0a01
3410a984-8038-41f1-91ab-6f05124675f3,INV-001237,e1db53fa-7250-43f1-bbd6-1f611d2327f5,a840e982-f658-490d-b60c-25eacf426fb8,8ece1128-56ce-4b42-bc9e-1dcbcb7e6268,account,0e51f30d-c6a7-4e39-84b0-32ccd7c524a5,2024-11-25T12:02:00Z,2024-12-25,22396514000,1,2024-12-23T05:48:00Z,2,100001,7f5b6f7e-1c2d-4a4e-9a51-3a3f1d3c0a01
1871692c-6562-40f2-bd29-219bf0534a14,INV-001238,81591576-a1f4-4d76-8900-23eea86b8b68,e5af7783-c867-4e14-a890-3c3fc6291937,8ece1128-56ce-4b42-bc9e-1dcbcb7e6268,account,0e51f30d-c6a7-4e39-84b0-32ccd7c524a5,2025-08-10T09:13:00Z,2025-09-09,37727731000,1,2025-09-17T05:32:00Z,2,100001,7f5b6f7e-1c2d-4a4e-9a51-3a3f1d3c0a01
de584402-cd1d-4b28-9f43-ab5b82eb15c8,INV-001239,6edefed2-3e9c-4521-afed-b5dff09118a4,7a33b3f4-74d3-44e0-b1fd-b1cecd0eb9e0,24eeb4a6-c145-45c7-9d98-6115f05eeefe,account,10f1bc81-448a-4a9e-a6b2-bc5b50c187fc,2024-09-07T05:15:00Z,2024-10-07,18458157000,1,2024-10-13T05:56:00Z,2,100001,7f5b6f7e-1c2d-4a4e-9a51-3a3f1d3c0a01
f5fdc821-28bf-478e-a96c-2ba109961d87,INV-001240,76cc168e-5ef3-457a-9dc9-c99d7b7201c1,4b4d6ad8-3fd8-47e1-92ec-d8157e61720d,24eeb4a6-c145-45c7-9d98-6115f05eeefe,account,10f1bc81-448a-4a9e-a6b2-bc5b50c187fc,2024-11-25T05:08:00Z,2024-12-25,25209130000,1,2024-12-24T12:42:00Z,2,100001,7f5b6f7e-1c2d-4a4e-9a51-3a3f1d3c0a01
e4e977ac-dbc8-43be-b61b-491f22f98af9,INV-001241,e8c6af60-d99f-466d-a1f6-8f25ad952db7,5510b533-252e-476d-9b07-f6759b21e014,24eeb4a6-c145-45c7-9d98-6115f05eeefe,account,10f1bc81-448a-4a9e-a6b2-bc5b50c187fc,2024-11-26T06:47:00Z,2024-12-26,9751639000,1,2024-12-25T05:15:00Z,2,100001,7f5b6f7e-1c2d-4a4e-9a51-3a3f1d3c0a01
91801185-def0-4f19-b9bc-675e585a7210,INV-001242,a2e20ede-892d-41d5-b214-75dbbc5d3eb4,523f36da-0c5a-4747-b017-56a77ebe634a,24eeb4a6-c145-45c7-9d98-6115f05eeefe,account,10f1bc81-448a-4a9e-a6b2-bc5b50c187fc,2025-02-06T05:25:00Z,2025-03-08,11325734000,1,2025-03-11T10:10:00Z,2,100001,7f5b6f7e-1c2d-4a4e-9a51-3a3f1d3c0a01
2602f520-5231-4cf0-ab81-7b86758a98c0,INV-001243,1db7f3a0-6b55-47c5-b7ec-8ec66c6ae8c4,2c9158a6-0769-4f3a-b627-cb0fe8097f32,24eeb4a6-c145-45c7-9d98-6115f05eeefe,account,10f1bc81-448a-4a9e-a6b2-bc5b50c187fc,2025-06-11T05:26:00Z,2025-07-11,6636086000,1,2025-07-23T12:59:00Z,2,100001,7f5b6f7e-1c2d-4a4e-9a51-3a3f1d3c0a01
e4c7f7be-8ed3-4531-a586-b31a165058be,INV-001244,b88fde24-f35c-4e64-bea9-51ec1c94f9bd,cf6c5c29-eabf-4991-97c3-5316ee496644,24eeb4a6-c145-45c7-9d98-6115f05eeefe,account,10f1bc81-448a-4a9e-a6b2-bc5b50c187fc,2025-05-24T05:14:00Z,2025-06-23,8150044000,1,2025-06-22T07:09:00Z,2,100001,7f5b6f7e-1c2d-4a4e-9a51-3a3f1d3c0a01
33bce9a8-ae62-4bf3-bc6f-11c47e1bf364,INV-001245,97f3fdc2-4ee9-42b6-b0a1-481d715ddd57,02ba5573-0d06-4764-8416-b3d6c8f662b5,66c14dca-8255-4a61-9a3b-031932f57510,account,366eb16f-508e-4ad7-b7c9-3acfe059a0ee,2025-01-18T08:07:00Z,2025-01-18,21494808000,100000000,2025-01-17T08:07:00Z,2,100001,7f5b6f7e-1c2d-4a4e-9a51-3a3f1d3c0a01
e1466dbd-125a-4677-abc4-e91ca972a804,INV-001246,de6a4c5b-616e-426f-8982-33d21a164704,7be1a277-a918-4362-bf23-00882dc2ba57,66c14dca-8255-4a61-9a3b-031932f57510,account,366eb16f-508e-4ad7-b7c9-3acfe059a0ee,2025-09-09T05:51:00Z,2025-09-09,59063384000,100000000,2025-09-06T05:51:00Z,2,100001,7f5b6f7e-1c2d-4a4e-9a51-3a3f1d3c0a01
829eec3d-df00-4e15-8dd0-0b0f0cb76b3a,INV-001247,e1a59fa3-6ebc-4331-952e-77791ed22cf9,8d309523-1437-4c4d-8c33-3cf0d1814afd,66c14dca-8255-4a61-9a3b-031932f57510,account,366eb16f-508e-4ad7-b7c9-3acfe059a0ee,2026-03-09T11:52:00Z,2026-03-09,15551531000,100000000,2026-03-09T11:52:00Z,2,100001,7f5b6f7e-1c2d-4a4e-9a51-3a3f1d3c0a01
fbea473a-26bb-4216-84ef-2c3dbc1748ec,INV-001248,93b554a0-e755-4021-940d-0293a4c8c348,0e91b8d0-bff5-4b84-bb61-086af92cc95c,66c14dca-8255-4a61-9a3b-031932f57510,account,366eb16f-508e-4ad7-b7c9-3acfe059a0ee,2026-05-02T12:39:00Z,2026-05-02,22054614000,100000000,2026-05-02T12:39:00Z,2,100001,7f5b6f7e-1c2d-4a4e-9a51-3a3f1d3c0a01
b748d57b-9fd2-4cd0-a4d9-a7e303ea1637,INV-001249,056526fd-3715-4877-887e-ff0027c134fd,b0529c5b-2f02-4857-ba18-4d06dab43844,09f64405-0b99-4034-8a4e-255280051b10,account,b02b61c4-a3d7-4628-ace6-6fa2fd5166e6,2024-10-07T13:26:00Z,2024-11-06,16627118000,1,2024-11-04T11:13:00Z,2,100001,7f5b6f7e-1c2d-4a4e-9a51-3a3f1d3c0a01
c38cf066-8e07-49c6-bc42-6d18a8552b4a,INV-001250,06743a74-553b-4630-bcf5-8a1b11fca1e1,3e595f54-7892-407f-a45a-c95564f1f2c7,09f64405-0b99-4034-8a4e-255280051b10,account,b02b61c4-a3d7-4628-ace6-6fa2fd5166e6,2025-07-20T11:16:00Z,2025-08-19,19416205000,1,2025-08-21T07:59:00Z,2,100001,7f5b6f7e-1c2d-4a4e-9a51-3a3f1d3c0a01
1cf9eaf0-28a5-4a82-9011-4ae2939c0182,INV-001251,8e11ec96-4df7-4e25-a699-f8a59bf8f5c8,689e4534-2e0e-4d6c-9f06-b25efc80ecb1,09f64405-0b99-4034-8a4e-255280051b10,account,b02b61c4-a3d7-4628-ace6-6fa2fd5166e6,2025-07-19T06:19:00Z,2025-08-18,24659959000,1,2025-08-26T07:05:00Z,2,100001,7f5b6f7e-1c2d-4a4e-9a51-3a3f1d3c0a01
3d10263c-40ff-4117-b49c-9b78faaaa5f6,INV-001252,e2baf883-c6d6-45c0-9647-8fb804cc93f6,18224232-a426-46d0-ad36-773920e9aec4,09f64405-0b99-4034-8a4e-255280051b10,account,b02b61c4-a3d7-4628-ace6-6fa2fd5166e6,2025-08-03T09:53:00Z,2025-09-02,16990020000,1,2025-09-02T07:30:00Z,2,100001,7f5b6f7e-1c2d-4a4e-9a51-3a3f1d3c0a01
ac8aa2c9-0db5-44f7-8faf-e04d2d66f1b1,INV-001253,6ed84986-7fc8-4a24-a848-b65eefb83818,4330dfe0-e317-41eb-a331-c5db1705d8e7,09f64405-0b99-4034-8a4e-255280051b10,account,b02b61c4-a3d7-4628-ace6-6fa2fd5166e6,2025-07-20T11:53:00Z,2025-08-19,34895531000,1,2025-08-28T08:53:00Z,2,100001,7f5b6f7e-1c2d-4a4e-9a51-3a3f1d3c0a01
d98b3a7d-75c1-4a6b-a651-d31178d26909,INV-001254,60221ed1-41d1-4ee4-a1cf-7e019fd61c7f,713e04a0-5099-4645-bb04-33398f52be06,09f64405-0b99-4034-8a4e-255280051b10,account,b02b61c4-a3d7-4628-ace6-6fa2fd5166e6,2025-10-18T10:10:00Z,2025-11-17,18394718000,1,2025-11-29T05:23:00Z,2,100001,7f5b6f7e-1c2d-4a4e-9a51-3a3f1d3c0a01
3f596dea-30ed-44f7-9395-97456506ec12,INV-001255,5ff5e611-e27f-4d87-9fdb-792fa1d03f2d,e071beab-3802-4cb7-8326-ca99417463dd,cdd0b4d4-5542-47de-b6ad-f48b2314d0c8,account,366eb16f-508e-4ad7-b7c9-3acfe059a0ee,2025-04-10T10:58:00Z,2025-05-10,32406500000,1,2025-05-07T05:04:00Z,2,100001,7f5b6f7e-1c2d-4a4e-9a51-3a3f1d3c0a01
bf8ea596-98a7-4d12-bd8b-0acb508f8aa3,INV-001256,8d9bf848-389f-4b7e-98e2-efaec3658f56,7de01a1f-8851-429e-b3c6-c9aeb6524686,cdd0b4d4-5542-47de-b6ad-f48b2314d0c8,account,366eb16f-508e-4ad7-b7c9-3acfe059a0ee,2025-07-08T13:05:00Z,2025-08-07,49497253000,1,2025-08-12T06:56:00Z,2,100001,7f5b6f7e-1c2d-4a4e-9a51-3a3f1d3c0a01
baea6b1b-02d8-49dd-bb38-79ea151201e6,INV-001257,23ab098e-db88-4ee8-be47-bbad7b45206a,096ebb95-7926-4bbd-874f-2b4a2d3192f7,cdd0b4d4-5542-47de-b6ad-f48b2314d0c8,account,366eb16f-508e-4ad7-b7c9-3acfe059a0ee,2025-10-19T10:05:00Z,2025-11-18,45342700000,1,2025-11-27T12:28:00Z,2,100001,7f5b6f7e-1c2d-4a4e-9a51-3a3f1d3c0a01
733f1bd5-7625-4c66-8647-6b960cbd79e9,INV-001258,78dd8f9d-9f08-4ae6-a838-61cbdc363940,a7e1d4aa-6561-497b-b65a-34d0b8239090,cdd0b4d4-5542-47de-b6ad-f48b2314d0c8,account,366eb16f-508e-4ad7-b7c9-3acfe059a0ee,2026-04-06T06:56:00Z,2026-05-06,34162941000,1,2026-05-20T06:33:00Z,2,100001,7f5b6f7e-1c2d-4a4e-9a51-3a3f1d3c0a01
4a896604-24a7-4cda-9a1e-7c57d39e01a3,INV-001259,b45d07bc-8c74-4859-b38c-c902fa7d3cbb,6fbd013c-89e2-4bce-bd12-20a663300581,cdd0b4d4-5542-47de-b6ad-f48b2314d0c8,account,366eb16f-508e-4ad7-b7c9-3acfe059a0ee,2026-03-21T09:09:00Z,2026-04-20,22010695000,1,2026-04-25T05:21:00Z,2,100001,7f5b6f7e-1c2d-4a4e-9a51-3a3f1d3c0a01
e270e21f-b17e-4454-a043-c89014df340c,INV-001260,929a48a6-2c27-4aa7-ba16-ed4c5be067b0,9e8a78d9-93ed-4cca-b18a-10f6f1fa2b91,2620f9a9-74fd-43d1-84f2-fd0f79474bfa,account,e27a984d-6548-41d0-bfcd-9eb1a7cad415,2025-02-11T06:45:00Z,2025-02-11,19786051000,100000000,2025-02-10T06:45:00Z,2,100001,7f5b6f7e-1c2d-4a4e-9a51-3a3f1d3c0a01
8feae7bb-a6a6-436c-b9e8-53490d69d6a3,INV-001261,d52798ce-752a-4a56-a846-a76e12ad8aec,b972da53-ca2a-43a5-8591-9f7dd78a4f9a,2620f9a9-74fd-43d1-84f2-fd0f79474bfa,account,e27a984d-6548-41d0-bfcd-9eb1a7cad415,2025-05-03T08:57:00Z,2025-05-03,5678189000,100000000,2025-04-30T08:57:00Z,2,100001,7f5b6f7e-1c2d-4a4e-9a51-3a3f1d3c0a01
75a95439-8248-4538-bdd1-37762aecce72,INV-001262,95fb706a-72f5-4438-947e-7ece96e756ab,94ff6746-1a80-4802-b562-dfad76276408,2620f9a9-74fd-43d1-84f2-fd0f79474bfa,account,e27a984d-6548-41d0-bfcd-9eb1a7cad415,2025-11-20T10:35:00Z,2025-11-20,24968851000,100000000,2025-11-19T10:35:00Z,2,100001,7f5b6f7e-1c2d-4a4e-9a51-3a3f1d3c0a01
24ded5be-f41f-47a2-9415-7b785b6d46a8,INV-001263,d6e5868a-9c88-4920-9d34-55543708e982,d9d46338-43be-4415-a86b-fc3d7bf3f36c,23c8afdb-83f8-4f16-a4a4-474c9b33e3a4,account,0e51f30d-c6a7-4e39-84b0-32ccd7c524a5,2024-08-22T10:41:00Z,2024-10-21,8956284000,4,2024-10-30T07:37:00Z,2,100001,7f5b6f7e-1c2d-4a4e-9a51-3a3f1d3c0a01
eec6f0a4-ae0c-41f6-bf3f-8468d76dd5a8,INV-001264,13b6b538-4cac-4e1c-a033-9dab6d0e2ff0,5236830a-1494-48ef-9c04-edf38f4d347b,518b2f21-9cf2-4859-ae6e-2e7253f591dc,account,0e51f30d-c6a7-4e39-84b0-32ccd7c524a5,2025-06-24T06:35:00Z,2025-07-24,46872463000,1,2025-07-24T07:00:00Z,2,100001,7f5b6f7e-1c2d-4a4e-9a51-3a3f1d3c0a01
82a0750e-d59e-406f-a8c0-540803b81913,INV-001265,91f477a0-02bc-449e-ab21-e8c656f23c38,1a7ca3b9-7d6d-4918-818c-276582e7631a,9dd2f9de-fd98-4e33-a498-abe92999bbef,account,b02b61c4-a3d7-4628-ace6-6fa2fd5166e6,2024-07-27T07:24:00Z,2024-09-25,15315157000,4,2024-09-29T11:50:00Z,2,100001,7f5b6f7e-1c2d-4a4e-9a51-3a3f1d3c0a01
7e740a0a-860a-4621-b49b-7780d6586d41,INV-001266,47602625-6342-4afa-b03f-5b46a3c686e7,e597927d-612a-4ce2-b2a3-012bc8a31c34,9dd2f9de-fd98-4e33-a498-abe92999bbef,account,b02b61c4-a3d7-4628-ace6-6fa2fd5166e6,2024-08-31T08:32:00Z,2024-10-30,7695048000,4,2024-10-30T12:44:00Z,2,100001,7f5b6f7e-1c2d-4a4e-9a51-3a3f1d3c0a01
14887d65-1e89-4c1e-9f9f-2b8d3781e6d9,INV-001267,c075d080-883a-49e5-8b35-91e961476f87,ec887dc6-7692-4449-a56c-17e96caef255,9dd2f9de-fd98-4e33-a498-abe92999bbef,account,b02b61c4-a3d7-4628-ace6-6fa2fd5166e6,2024-11-24T12:35:00Z,2025-01-23,8745114000,4,2025-01-21T06:25:00Z,2,100001,7f5b6f7e-1c2d-4a4e-9a51-3a3f1d3c0a01
6b5ef5f4-eedf-4467-a2ca-e3fa65738e4e,INV-001268,e50edaec-c520-4fac-b22f-fa3cdcf154d7,cfb27b70-41a0-4e4d-9e76-5ec32c9a25f9,9dd2f9de-fd98-4e33-a498-abe92999bbef,account,b02b61c4-a3d7-4628-ace6-6fa2fd5166e6,2025-04-22T12:56:00Z,2025-06-21,21960386000,4,2025-07-01T08:42:00Z,2,100001,7f5b6f7e-1c2d-4a4e-9a51-3a3f1d3c0a01
abc0d8cd-8573-4137-b4fa-053e9ec89124,INV-001269,0169a1ab-2f46-40b4-8fb7-ac31c6a43ea3,4db6a99e-c715-4df5-a803-51baccc38ce5,9dd2f9de-fd98-4e33-a498-abe92999bbef,account,b02b61c4-a3d7-4628-ace6-6fa2fd5166e6,2025-09-07T13:12:00Z,2025-11-06,20791911000,4,2025-11-08T05:46:00Z,2,100001,7f5b6f7e-1c2d-4a4e-9a51-3a3f1d3c0a01
5f89ef25-5166-4a0a-a630-c465cde51077,INV-001270,bab09ab0-6d75-4c32-a552-9e0c5478fcdd,eff25d0b-24fe-4db6-a744-16d333540c63,9dd2f9de-fd98-4e33-a498-abe92999bbef,account,b02b61c4-a3d7-4628-ace6-6fa2fd5166e6,2025-09-16T05:56:00Z,2025-11-15,12408692000,4,2025-11-15T10:41:00Z,2,100001,7f5b6f7e-1c2d-4a4e-9a51-3a3f1d3c0a01
24fba457-470a-4878-968c-fc4ee35360ac,INV-001271,060d0905-a2c3-471c-8883-cce1eadc15ac,08d7a642-9c49-449c-a8a9-e1e92aa01ac1,9dd2f9de-fd98-4e33-a498-abe92999bbef,account,b02b61c4-a3d7-4628-ace6-6fa2fd5166e6,2026-06-04T12:29:00Z,2026-08-03,88101964000,4,,0,4,7f5b6f7e-1c2d-4a4e-9a51-3a3f1d3c0a01
a6db1f0a-ccf7-44ed-bc9a-e8ddf1ac0842,INV-001272,4a874ce3-9a7e-489f-b6d3-b57f2936354a,3f9f682c-cb85-48f6-8613-08c855ebb445,97fe56c5-4c9a-4f24-97b4-c294bd44089d,account,24933b83-7577-40a9-a491-f0b2ea1fca65,2024-09-15T10:55:00Z,2024-10-15,28590964000,1,2024-10-29T08:53:00Z,2,100001,7f5b6f7e-1c2d-4a4e-9a51-3a3f1d3c0a01
d69f3f36-9645-42b1-a56e-0af2fe11ac9f,INV-001273,700c0448-e856-4ad2-ac40-daa2afdfb5d9,04fc9990-e271-4228-9c0e-313c07710129,97fe56c5-4c9a-4f24-97b4-c294bd44089d,account,24933b83-7577-40a9-a491-f0b2ea1fca65,2024-10-01T05:29:00Z,2024-10-31,16060566000,1,2024-10-30T10:51:00Z,2,100001,7f5b6f7e-1c2d-4a4e-9a51-3a3f1d3c0a01
eceab1dd-9662-43a1-87c2-97e4d3a7a607,INV-001274,1a2d43f3-cdbb-493d-a7d7-834ee22b2b62,e9ca10a5-78a6-49b3-87dd-a383e42fe806,97fe56c5-4c9a-4f24-97b4-c294bd44089d,account,24933b83-7577-40a9-a491-f0b2ea1fca65,2024-12-05T11:06:00Z,2025-01-04,10623146000,1,2025-02-11T12:22:00Z,2,100001,7f5b6f7e-1c2d-4a4e-9a51-3a3f1d3c0a01
19c4cc7e-c9d9-42e3-a631-881845cc0188,INV-001275,ce53e127-1a70-4f99-9413-43593c91374d,20274b21-96a9-427e-8850-a6920e7f92b5,97fe56c5-4c9a-4f24-97b4-c294bd44089d,account,24933b83-7577-40a9-a491-f0b2ea1fca65,2024-12-25T09:10:00Z,2025-01-24,9305199000,1,2025-01-30T10:50:00Z,2,100001,7f5b6f7e-1c2d-4a4e-9a51-3a3f1d3c0a01
a3e7a962-5900-4beb-94d0-baa2e4674d0c,INV-001276,2e7789df-4fd2-4c67-a4b4-402a6f2b1328,95bd31dc-e96b-4ad5-a090-60309f0290c6,97fe56c5-4c9a-4f24-97b4-c294bd44089d,account,24933b83-7577-40a9-a491-f0b2ea1fca65,2025-01-14T12:31:00Z,2025-02-13,18239527000,1,2025-03-25T07:35:00Z,2,100001,7f5b6f7e-1c2d-4a4e-9a51-3a3f1d3c0a01
af4ea03a-f403-41c8-8c23-76ad37b7789d,INV-001277,c7cd12c0-8084-4b3d-bdfe-3f5a49912027,9403420c-2729-43a5-9bad-ad7d212c1aa2,97fe56c5-4c9a-4f24-97b4-c294bd44089d,account,24933b83-7577-40a9-a491-f0b2ea1fca65,2026-04-11T07:34:00Z,2026-05-11,42448503000,1,2026-05-24T09:04:00Z,2,100001,7f5b6f7e-1c2d-4a4e-9a51-3a3f1d3c0a01
91ea70ac-557c-4e57-abd7-cd29c1abfdbf,INV-001278,89908e83-051b-4260-b6db-4c8d70c34e77,545696b0-6438-4f7a-8c4f-0a02827df768,901bcdef-b56f-48ce-bd66-971e88476c56,account,5304317f-af42-412f-b838-b3268e944239,2024-07-31T09:30:00Z,2024-07-31,8942654000,100000000,2024-07-31T09:30:00Z,2,100001,7f5b6f7e-1c2d-4a4e-9a51-3a3f1d3c0a01
cd5dc32e-5b56-4c78-879f-624ca308ae53,INV-001279,baf3796a-3a80-4f4e-bfdb-ba6520a5e161,d7dc0f94-797e-48a1-961e-e06171e4fcf0,901bcdef-b56f-48ce-bd66-971e88476c56,account,5304317f-af42-412f-b838-b3268e944239,2024-08-20T12:40:00Z,2024-08-20,6788741000,100000000,2024-08-17T12:40:00Z,2,100001,7f5b6f7e-1c2d-4a4e-9a51-3a3f1d3c0a01
0ca59876-c840-488a-abcb-205741c3dd5f,INV-001280,58edc9df-369e-43c7-9765-12dd17263478,edd47e50-634c-48c2-9b9c-baae336699b3,901bcdef-b56f-48ce-bd66-971e88476c56,account,5304317f-af42-412f-b838-b3268e944239,2025-06-16T12:35:00Z,2025-06-16,10489841000,100000000,2025-06-15T12:35:00Z,2,100001,7f5b6f7e-1c2d-4a4e-9a51-3a3f1d3c0a01
738f0979-a61e-40ab-8268-4269306c4e33,INV-001281,b9856fa7-22a3-44c3-a3f3-d14f8b197faa,7433bd01-a19f-4963-947f-05f6d21277ab,901bcdef-b56f-48ce-bd66-971e88476c56,account,5304317f-af42-412f-b838-b3268e944239,2025-08-18T10:15:00Z,2025-08-18,5816256000,100000000,2025-08-17T10:15:00Z,2,100001,7f5b6f7e-1c2d-4a4e-9a51-3a3f1d3c0a01
d4c51f57-10da-46cf-a222-746be0bd1f56,INV-001282,631ad1c6-8753-4734-8fdd-6e56eb851b88,a5ea7b39-47fb-411e-9cd6-7d98356577c0,901bcdef-b56f-48ce-bd66-971e88476c56,account,5304317f-af42-412f-b838-b3268e944239,2025-11-23T08:15:00Z,2025-11-23,44946900000,100000000,2025-11-20T08:15:00Z,2,100001,7f5b6f7e-1c2d-4a4e-9a51-3a3f1d3c0a01
21ee91f4-fa61-496d-854d-0bd63c0099a0,INV-001283,dde214c4-7616-4ac8-88c6-d8c529d50579,725442cb-059e-415b-b971-42f2c67310ee,901bcdef-b56f-48ce-bd66-971e88476c56,account,5304317f-af42-412f-b838-b3268e944239,2025-11-24T06:03:00Z,2025-11-24,17854593000,100000000,2025-11-21T06:03:00Z,2,100001,7f5b6f7e-1c2d-4a4e-9a51-3a3f1d3c0a01
f9282c9e-44dd-4295-846b-d2784a1cdff8,INV-001284,2abffbb3-7664-47a9-8a1a-b7b6bda26c59,92b2a726-91fd-45d5-be05-10dd9ff8b565,901bcdef-b56f-48ce-bd66-971e88476c56,account,5304317f-af42-412f-b838-b3268e944239,2026-01-07T12:22:00Z,2026-01-07,14824558000,100000000,2026-01-05T12:22:00Z,2,100001,7f5b6f7e-1c2d-4a4e-9a51-3a3f1d3c0a01
16fa0e5a-fbaa-46d1-be21-61bd8202f1f1,INV-001285,dd064138-d5a2-4dc1-9dd5-fa510fcdf3b4,3dfd9553-d5e9-4f59-a124-d39ab2825bed,901bcdef-b56f-48ce-bd66-971e88476c56,account,5304317f-af42-412f-b838-b3268e944239,2026-03-02T06:07:00Z,2026-03-02,14492849000,100000000,2026-03-01T06:07:00Z,2,100001,7f5b6f7e-1c2d-4a4e-9a51-3a3f1d3c0a01
458d26b5-b3fe-4a9b-abd5-6884c4238563,INV-001286,dec789ca-8e81-4ce0-95ef-43cbcee44ebb,1ab006cb-23f0-4f41-bafb-7a7da60450e3,044251db-d0d4-4a67-b992-8faa4cbf131d,account,9132b63e-f162-47e4-a9c3-49e03602f8ac,2026-01-01T06:32:00Z,2026-01-31,23552080000,1,2026-01-31T10:05:00Z,2,100001,7f5b6f7e-1c2d-4a4e-9a51-3a3f1d3c0a01
c6dc5ab1-2163-4128-be8a-b068c8efc494,INV-001287,3812a641-91a8-4c5d-8acf-185ef29a1e8b,05e48da5-611d-4121-a6c3-b25c56dec5d4,1c0f0bdc-ac7e-437c-94cc-1e2a5e4cb287,account,366eb16f-508e-4ad7-b7c9-3acfe059a0ee,2024-08-10T08:19:00Z,2024-10-09,44609724000,4,2024-11-18T06:11:00Z,2,100001,7f5b6f7e-1c2d-4a4e-9a51-3a3f1d3c0a01
1cb5614f-d616-4973-a689-46ed8dc6313f,INV-001288,adca58f7-c442-45de-9356-44008b365e4c,d5a47906-cb4f-4702-88c9-c3c50b014be2,4ec3f970-956d-40e4-aaa2-6216fada98f5,account,10f1bc81-448a-4a9e-a6b2-bc5b50c187fc,2025-07-31T04:37:00Z,2025-07-31,10310183000,100000000,2025-07-30T04:37:00Z,2,100001,7f5b6f7e-1c2d-4a4e-9a51-3a3f1d3c0a01
6106eb4a-5177-436b-a453-1c72370dac93,INV-001289,e900fae2-71a2-4ad0-b820-1c7a9d20fda2,4eaef4dc-34a6-40e8-a96d-699c53c4153f,4ec3f970-956d-40e4-aaa2-6216fada98f5,account,10f1bc81-448a-4a9e-a6b2-bc5b50c187fc,2025-08-05T12:37:00Z,2025-08-05,11186903000,100000000,2025-08-02T12:37:00Z,2,100001,7f5b6f7e-1c2d-4a4e-9a51-3a3f1d3c0a01
ec0976df-bba5-4ef2-86db-4899e9c5d231,INV-001290,6eb3db2c-adfe-4114-9603-a2497b8a7083,f5f49361-8aed-4656-aee9-2f9970efcdc6,4ec3f970-956d-40e4-aaa2-6216fada98f5,account,10f1bc81-448a-4a9e-a6b2-bc5b50c187fc,2025-09-28T09:01:00Z,2025-09-28,11584942000,100000000,2025-09-27T09:01:00Z,2,100001,7f5b6f7e-1c2d-4a4e-9a51-3a3f1d3c0a01
e2718325-bfbf-4337-8188-55cfcc5314bf,INV-001291,283859a4-4dfb-440f-9daf-eb6a1b9596ea,cbe75a08-1c14-4790-82f7-cddffdef51b4,df41e335-b9ae-48e4-a615-99c8cbf81f86,account,24933b83-7577-40a9-a491-f0b2ea1fca65,2024-07-27T10:04:00Z,2024-09-25,20691611000,4,2024-09-22T12:54:00Z,2,100001,7f5b6f7e-1c2d-4a4e-9a51-3a3f1d3c0a01
fff96f5d-97f1-4af7-ba9c-869b4a8c0afb,INV-001292,e96e37ac-6092-479b-92fb-765a794061f9,e527ccfd-1d25-46a7-b044-d7c9998459ad,df41e335-b9ae-48e4-a615-99c8cbf81f86,account,24933b83-7577-40a9-a491-f0b2ea1fca65,2024-07-27T07:30:00Z,2024-09-25,22748722000,4,2024-09-22T11:51:00Z,2,100001,7f5b6f7e-1c2d-4a4e-9a51-3a3f1d3c0a01
3ea50ec4-1a14-4106-bd8b-fb6ac67a9598,INV-001293,55ac5bd1-9f6b-423a-8c6e-4ec733aeb462,7b5283d7-897c-4b5a-8a6f-cfebe9ef78f3,df41e335-b9ae-48e4-a615-99c8cbf81f86,account,24933b83-7577-40a9-a491-f0b2ea1fca65,2024-12-07T09:12:00Z,2025-02-05,30778169000,4,2025-02-06T06:14:00Z,2,100001,7f5b6f7e-1c2d-4a4e-9a51-3a3f1d3c0a01
376154e7-f9af-4924-beb4-e993eb1e4e03,INV-001294,c048b4f2-d031-4917-a944-a90fea186a09,a538bfa0-207d-435f-bd03-c1ad3c0d7d07,df41e335-b9ae-48e4-a615-99c8cbf81f86,account,24933b83-7577-40a9-a491-f0b2ea1fca65,2025-04-17T08:53:00Z,2025-06-16,12788036000,4,2025-11-30T11:05:00Z,2,100001,7f5b6f7e-1c2d-4a4e-9a51-3a3f1d3c0a01
dce70014-e05f-4409-96ee-038ed8d3af80,INV-001295,57c0c8ab-1fb0-4cba-992f-436b9ee7deff,2cc24d2c-22ed-46c4-b7b4-dde2e77315aa,df41e335-b9ae-48e4-a615-99c8cbf81f86,account,24933b83-7577-40a9-a491-f0b2ea1fca65,2025-08-25T08:57:00Z,2025-10-24,94673925000,4,2025-11-01T12:33:00Z,2,100001,7f5b6f7e-1c2d-4a4e-9a51-3a3f1d3c0a01
a8b4a268-2758-4bec-ace3-68b8339d7d39,INV-001296,504f1b83-9b43-4b3d-989f-56a000648e70,18877ae4-de79-4552-9a9d-ea9bfcbb607d,df41e335-b9ae-48e4-a615-99c8cbf81f86,account,24933b83-7577-40a9-a491-f0b2ea1fca65,2025-08-23T11:19:00Z,2025-10-22,34559734000,4,2025-10-20T11:19:00Z,2,100001,7f5b6f7e-1c2d-4a4e-9a51-3a3f1d3c0a01
3e7aa3d5-837b-4b34-a502-2d3e7e64ea5a,INV-001297,27913cea-6cee-4c72-b37f-01f60631fc10,6a8ec3b8-34cb-4e99-b2c7-15f3e1b3d38d,98cf1188-06d2-4913-a117-3719b023a0ea,account,b02b61c4-a3d7-4628-ace6-6fa2fd5166e6,2024-08-21T05:16:00Z,2024-10-20,28728671000,4,2024-10-28T05:58:00Z,2,100001,7f5b6f7e-1c2d-4a4e-9a51-3a3f1d3c0a01
03c3db3d-aeb4-460c-be0b-7220d6cc9dc2,INV-001298,002d966b-6988-4344-9129-d527623082d1,71a48a5f-ec97-4450-aeee-55c47710512c,98cf1188-06d2-4913-a117-3719b023a0ea,account,b02b61c4-a3d7-4628-ace6-6fa2fd5166e6,2024-12-21T13:03:00Z,2025-02-19,28380586000,4,2025-02-22T10:08:00Z,2,100001,7f5b6f7e-1c2d-4a4e-9a51-3a3f1d3c0a01
28bc97c4-b8c6-4dd8-8028-441bcecf983b,INV-001299,7e278243-3562-41d4-a8fc-f0b90fd79677,411bb7d3-cdb8-4986-86b0-e3b2868644cc,98cf1188-06d2-4913-a117-3719b023a0ea,account,b02b61c4-a3d7-4628-ace6-6fa2fd5166e6,2025-03-19T06:41:00Z,2025-05-18,104907845000,4,2025-06-05T12:46:00Z,2,100001,7f5b6f7e-1c2d-4a4e-9a51-3a3f1d3c0a01
e4251b2d-4313-4fb2-8736-8c11555c63f1,INV-001300,6fb5449c-3bbe-4981-873e-14855ff85a88,7b81ff54-c59f-49e2-a203-41ea558865e6,98cf1188-06d2-4913-a117-3719b023a0ea,account,b02b61c4-a3d7-4628-ace6-6fa2fd5166e6,2025-03-02T05:46:00Z,2025-05-01,42045588000,4,2025-05-14T05:04:00Z,2,100001,7f5b6f7e-1c2d-4a4e-9a51-3a3f1d3c0a01
eb9eef7f-55bb-4bc1-955f-f6c4897558e5,INV-001301,dd4835b7-1508-4d35-b04a-b92272083910,3c06437f-0f29-4d2b-a4eb-87111eac51f3,98cf1188-06d2-4913-a117-3719b023a0ea,account,b02b61c4-a3d7-4628-ace6-6fa2fd5166e6,2025-04-16T12:35:00Z,2025-06-15,54405015000,4,2025-06-15T10:59:00Z,2,100001,7f5b6f7e-1c2d-4a4e-9a51-3a3f1d3c0a01
86facd14-17cc-40dc-82bc-1c826d2cb8d0,INV-001302,2b51ac41-2c3d-4918-8a38-ed37c5ad0efa,bb6bb2e1-da37-402b-96b1-8d1ddd8d03d9,98cf1188-06d2-4913-a117-3719b023a0ea,account,b02b61c4-a3d7-4628-ace6-6fa2fd5166e6,2026-04-26T05:42:00Z,2026-06-25,143291586000,4,2026-06-27T07:45:00Z,2,100001,7f5b6f7e-1c2d-4a4e-9a51-3a3f1d3c0a01
eb51bba9-6f1e-472c-94a5-2d3cfeed61fa,INV-001303,48f3d4b0-b4cb-436a-ad1e-2ef90b6f9270,a1da1a7c-d365-443d-8257-6055d8764d44,a7d4cf50-f791-41e5-83f9-cd6b797ebe87,account,ce177b4e-0837-48a3-9261-a7ab3aa2e4f9,2024-08-17T10:46:00Z,2024-09-16,28760282000,1,2024-09-14T11:16:00Z,2,100001,7f5b6f7e-1c2d-4a4e-9a51-3a3f1d3c0a01
a10ac131-5c48-4bd5-ac33-69343fe8879f,INV-001304,ef71f554-2ae1-49c6-b9d2-4e2d09426161,46cc9b5d-1a25-4228-a3e6-75c32688488c,a7d4cf50-f791-41e5-83f9-cd6b797ebe87,account,ce177b4e-0837-48a3-9261-a7ab3aa2e4f9,2024-11-19T12:49:00Z,2024-12-19,81186210000,1,2024-12-16T11:06:00Z,2,100001,7f5b6f7e-1c2d-4a4e-9a51-3a3f1d3c0a01
c3df305f-08d2-45ae-86c9-9d2412f35407,INV-001305,30059598-ef2b-41a1-8eb1-741e52291d35,13a4053a-57ea-46b4-9fcd-5fc6557d54e8,a7d4cf50-f791-41e5-83f9-cd6b797ebe87,account,ce177b4e-0837-48a3-9261-a7ab3aa2e4f9,2025-01-23T10:16:00Z,2025-02-22,26592275000,1,2025-02-20T08:57:00Z,2,100001,7f5b6f7e-1c2d-4a4e-9a51-3a3f1d3c0a01
938ca13c-f267-42c3-a801-c869fb609c75,INV-001306,3a4d556d-2075-426f-a654-022ad704f057,d642895a-4193-4a22-872f-221396d159f2,a7d4cf50-f791-41e5-83f9-cd6b797ebe87,account,ce177b4e-0837-48a3-9261-a7ab3aa2e4f9,2025-01-27T12:43:00Z,2025-02-26,59933460000,1,2025-02-24T12:25:00Z,2,100001,7f5b6f7e-1c2d-4a4e-9a51-3a3f1d3c0a01
8a72f4f7-bd05-4955-bd7c-2349b88fecd3,INV-001307,3f204091-61f9-4eba-815d-53d4faf09ebb,52a98c91-d53c-4a5a-a05f-468eace5e100,a7d4cf50-f791-41e5-83f9-cd6b797ebe87,account,ce177b4e-0837-48a3-9261-a7ab3aa2e4f9,2025-07-12T08:38:00Z,2025-08-11,110172462000,1,2025-08-14T05:20:00Z,2,100001,7f5b6f7e-1c2d-4a4e-9a51-3a3f1d3c0a01
f96e7a22-4edc-419c-abc7-40cc7590ff54,INV-001308,7e81c016-8dfe-4a12-b126-78ccd19eea0a,abfe0d88-6796-4e68-ae37-1d7b3f6eb7d6,a7d4cf50-f791-41e5-83f9-cd6b797ebe87,account,ce177b4e-0837-48a3-9261-a7ab3aa2e4f9,2025-08-21T13:07:00Z,2025-09-20,26125703000,1,2025-09-22T09:39:00Z,2,100001,7f5b6f7e-1c2d-4a4e-9a51-3a3f1d3c0a01
58504ed4-012c-4d75-bf54-d08000ea3fc4,INV-001309,bca41a95-406c-4827-b1f2-75266f85822d,03469c1d-9319-4351-8748-411e3d81f3b6,a7d4cf50-f791-41e5-83f9-cd6b797ebe87,account,ce177b4e-0837-48a3-9261-a7ab3aa2e4f9,2026-01-21T09:05:00Z,2026-02-20,59373617000,1,2026-02-19T13:19:00Z,2,100001,7f5b6f7e-1c2d-4a4e-9a51-3a3f1d3c0a01
4d910070-78eb-4164-9942-e6df847cbe78,INV-001310,34cb2744-f419-4217-aafd-c1cdbfd4be2c,abb67382-154e-4e56-827c-0508f362ad1f,a7d4cf50-f791-41e5-83f9-cd6b797ebe87,account,ce177b4e-0837-48a3-9261-a7ab3aa2e4f9,2026-03-02T10:52:00Z,2026-04-01,41847630000,1,2026-03-30T06:33:00Z,2,100001,7f5b6f7e-1c2d-4a4e-9a51-3a3f1d3c0a01
266270fa-5cd5-4572-9147-1b331ad3236b,INV-001311,a2c3fff5-77af-4a1c-9dab-67012d673f18,81618f84-c7c1-4e46-9df7-51c6c7a8f933,a7d4cf50-f791-41e5-83f9-cd6b797ebe87,account,ce177b4e-0837-48a3-9261-a7ab3aa2e4f9,2026-03-19T09:52:00Z,2026-04-18,28153253000,1,2026-04-16T07:58:00Z,2,100001,7f5b6f7e-1c2d-4a4e-9a51-3a3f1d3c0a01
a883c5f5-c94b-4890-82b9-bc79b10f0863,INV-001312,b6520f0a-a855-4a06-80d2-c723b6d067c9,ff8c3d0b-5735-4dc7-bad9-b6005e3b640a,a7d4cf50-f791-41e5-83f9-cd6b797ebe87,account,ce177b4e-0837-48a3-9261-a7ab3aa2e4f9,2026-04-30T11:21:00Z,2026-05-30,73602200000,1,2026-05-27T06:09:00Z,2,100001,7f5b6f7e-1c2d-4a4e-9a51-3a3f1d3c0a01
5ea4e256-7c37-4bfd-9522-ce132d359c05,INV-001313,6109d827-bb6b-4d63-b56f-22b85c1a57f0,f61725df-25d8-4cfa-8a3c-5b3b21b43cdf,a7d4cf50-f791-41e5-83f9-cd6b797ebe87,account,ce177b4e-0837-48a3-9261-a7ab3aa2e4f9,2026-05-30T08:50:00Z,2026-06-29,100052516000,1,2026-06-27T08:46:00Z,2,100001,7f5b6f7e-1c2d-4a4e-9a51-3a3f1d3c0a01
71902758-7b92-40a0-a3ac-35819036bc5e,INV-001314,9dcda0ac-b0d8-4db9-bbb0-5f90e228daae,077f977e-fad8-449c-ab51-c1245beb0341,a7d4cf50-f791-41e5-83f9-cd6b797ebe87,account,ce177b4e-0837-48a3-9261-a7ab3aa2e4f9,2026-06-20T08:37:00Z,2026-07-20,61302167000,1,,0,4,7f5b6f7e-1c2d-4a4e-9a51-3a3f1d3c0a01
f04ff390-c0cb-48e3-912a-56db112fb0a7,INV-001315,6ab1a826-604a-414f-a6c0-9a28ce505498,56e91dc5-7750-41a9-8a58-e31093f22ee9,9416e4dc-c6b2-4def-b8d8-b7f1c86c6544,account,24933b83-7577-40a9-a491-f0b2ea1fca65,2024-09-02T07:11:00Z,2024-09-02,69424170000,100000000,2024-08-31T07:11:00Z,2,100001,7f5b6f7e-1c2d-4a4e-9a51-3a3f1d3c0a01
ebb40692-4fae-41a1-83d6-470ca15293fa,INV-001316,b9f6f6d8-2d33-42e2-b977-3beb22ecc9ae,327cacb1-65dc-4c03-ac8d-4d056b71ccc9,9416e4dc-c6b2-4def-b8d8-b7f1c86c6544,account,24933b83-7577-40a9-a491-f0b2ea1fca65,2024-10-26T11:09:00Z,2024-10-26,23476129000,100000000,2024-10-25T11:09:00Z,2,100001,7f5b6f7e-1c2d-4a4e-9a51-3a3f1d3c0a01
5c18020a-1dec-4558-bdf3-e9b0683bb8cf,INV-001317,d4780538-e1b4-4206-ae50-f64acb6c9cef,8b399f8c-1250-483b-a779-84ecefb00e4b,9416e4dc-c6b2-4def-b8d8-b7f1c86c6544,account,24933b83-7577-40a9-a491-f0b2ea1fca65,2025-02-22T09:00:00Z,2025-02-22,95168608000,100000000,2025-02-19T09:00:00Z,2,100001,7f5b6f7e-1c2d-4a4e-9a51-3a3f1d3c0a01
0367f6f2-a5fd-4df6-b31e-84f7712d3410,INV-001318,72b275c8-ed5b-4df4-8ae3-4e6dd813c458,1969e0db-c41b-4d15-936f-d132961b14d1,9416e4dc-c6b2-4def-b8d8-b7f1c86c6544,account,24933b83-7577-40a9-a491-f0b2ea1fca65,2025-05-25T10:45:00Z,2025-05-25,63476379000,100000000,2025-05-25T10:45:00Z,2,100001,7f5b6f7e-1c2d-4a4e-9a51-3a3f1d3c0a01
f6af65ec-8845-47c4-985c-dfd73b7500c7,INV-001319,9cc2856f-04aa-45d2-928d-d8cab05c7bbb,10744100-d037-43dc-88db-9049310572e3,9416e4dc-c6b2-4def-b8d8-b7f1c86c6544,account,24933b83-7577-40a9-a491-f0b2ea1fca65,2025-08-17T12:57:00Z,2025-08-17,34163498000,100000000,2025-08-17T12:57:00Z,2,100001,7f5b6f7e-1c2d-4a4e-9a51-3a3f1d3c0a01
03ae47f8-f639-4cf7-ae63-0d56f8b338bc,INV-001320,8cc8911c-9e93-471f-9988-3ed33e975681,8d0d6133-a637-4d07-b99b-4b986e9ea750,9416e4dc-c6b2-4def-b8d8-b7f1c86c6544,account,24933b83-7577-40a9-a491-f0b2ea1fca65,2025-12-23T13:24:00Z,2025-12-23,65570434000,100000000,2025-12-23T13:24:00Z,2,100001,7f5b6f7e-1c2d-4a4e-9a51-3a3f1d3c0a01
3f2ef216-e0b8-49f9-83e7-8c80f35d8eea,INV-001321,7aea92f8-b36c-4e13-bef9-168724f6d2a5,493c4d0e-06d9-4df4-a786-0f3596927d87,9416e4dc-c6b2-4def-b8d8-b7f1c86c6544,account,24933b83-7577-40a9-a491-f0b2ea1fca65,2026-01-22T06:35:00Z,2026-01-22,46153368000,100000000,2026-01-21T06:35:00Z,2,100001,7f5b6f7e-1c2d-4a4e-9a51-3a3f1d3c0a01
066fdfb4-8704-421d-b300-130e5717b002,INV-001322,91978e7a-1b56-451e-80a6-fdda1a83b9a3,fe24eeb2-572b-4bd9-9b40-96df1258fde5,9416e4dc-c6b2-4def-b8d8-b7f1c86c6544,account,24933b83-7577-40a9-a491-f0b2ea1fca65,2026-02-25T08:38:00Z,2026-02-25,94118270000,100000000,2026-02-24T08:38:00Z,2,100001,7f5b6f7e-1c2d-4a4e-9a51-3a3f1d3c0a01
2ada6b89-e090-4fdd-8a5e-a947158b9eaf,INV-001323,c640aed0-dafe-4b59-badf-f4050585c9f4,6a13576c-2617-4ad8-92fc-aa7e663691dd,9416e4dc-c6b2-4def-b8d8-b7f1c86c6544,account,24933b83-7577-40a9-a491-f0b2ea1fca65,2026-04-20T09:28:00Z,2026-04-20,35000363000,100000000,2026-04-19T09:28:00Z,2,100001,7f5b6f7e-1c2d-4a4e-9a51-3a3f1d3c0a01
21d585b4-0642-4a16-8481-a857dcb1c53c,INV-001324,5fc0f5cc-0acc-406f-ac09-2276f985bb7a,58838ec8-8289-4a78-b4a4-7019d49cb79f,9416e4dc-c6b2-4def-b8d8-b7f1c86c6544,account,24933b83-7577-40a9-a491-f0b2ea1fca65,2026-06-01T09:56:00Z,2026-06-01,43836964000,100000000,2026-05-29T09:56:00Z,2,100001,7f5b6f7e-1c2d-4a4e-9a51-3a3f1d3c0a01
2bfbc1c4-509c-419e-8ffc-43d5423b3c3a,INV-001325,c38be121-4445-4edb-b21c-70cc61cd28c3,962c54cf-8522-41d4-8230-40b757e6be53,0d259caa-b8ad-4d87-ba40-45dd93dfd907,account,0e51f30d-c6a7-4e39-84b0-32ccd7c524a5,2024-10-05T09:48:00Z,2024-12-04,17062778000,4,2024-12-15T06:11:00Z,2,100001,7f5b6f7e-1c2d-4a4e-9a51-3a3f1d3c0a01
cb5d1e24-113c-42a0-8d05-ce7418ec3a9c,INV-001326,0c5166d5-b8b6-43b0-a912-09fe0ac95cb4,37b470d6-b5f1-4749-b331-a0f002848bd5,86341718-2ba6-4db3-bafe-b1149561c813,account,0e51f30d-c6a7-4e39-84b0-32ccd7c524a5,2024-11-09T08:49:00Z,2024-12-09,12068439000,1,2025-03-10T06:17:00Z,2,100001,7f5b6f7e-1c2d-4a4e-9a51-3a3f1d3c0a01
1d122f63-40be-4d5c-bacf-01a5b6b5cf4f,INV-001327,aa9ef56e-be54-47ed-91c8-d2ffe7d4f800,8536f8d2-8cf2-4193-846c-f2321811afde,86341718-2ba6-4db3-bafe-b1149561c813,account,0e51f30d-c6a7-4e39-84b0-32ccd7c524a5,2024-10-19T13:01:00Z,2024-11-18,4869328000,1,2024-11-25T08:49:00Z,2,100001,7f5b6f7e-1c2d-4a4e-9a51-3a3f1d3c0a01
bc3205d3-3584-42ce-9d57-5bc98e2f3c75,INV-001328,d33a8a10-de11-4b7f-a301-e886d1a36a15,ced23d1a-31b0-40cb-98b2-1453cc83aab2,86341718-2ba6-4db3-bafe-b1149561c813,account,0e51f30d-c6a7-4e39-84b0-32ccd7c524a5,2025-08-26T07:18:00Z,2025-09-25,10940435000,1,2025-09-24T12:39:00Z,2,100001,7f5b6f7e-1c2d-4a4e-9a51-3a3f1d3c0a01
257909b6-6074-4c11-871e-800df8dd3122,INV-001329,fa213ea0-bbfd-4b48-a508-9df5bc03ae11,4b52155f-02e0-46aa-bd7b-3a654d02229f,86341718-2ba6-4db3-bafe-b1149561c813,account,0e51f30d-c6a7-4e39-84b0-32ccd7c524a5,2026-03-15T12:21:00Z,2026-04-14,32917806000,1,2026-04-18T06:45:00Z,2,100001,7f5b6f7e-1c2d-4a4e-9a51-3a3f1d3c0a01
41b105bf-64e8-41f2-a137-1f17eb8e77b2,INV-001330,3ab883c7-8aa4-41fd-90df-28d02b5ec7c1,abd01abe-494c-44c9-9461-bafabd514595,c64c9647-9ea7-417c-b89f-7039a107cc46,account,b02b61c4-a3d7-4628-ace6-6fa2fd5166e6,2024-11-25T09:55:00Z,2024-12-25,18452581000,1,2024-12-22T12:29:00Z,2,100001,7f5b6f7e-1c2d-4a4e-9a51-3a3f1d3c0a01
d9386bf4-cc1c-4b26-a75b-05398ec1203c,INV-001331,b872f572-7217-4608-a8e9-1b70b15d01ba,8c4090c8-7836-49d7-aa97-d11732e43a01,c64c9647-9ea7-417c-b89f-7039a107cc46,account,b02b61c4-a3d7-4628-ace6-6fa2fd5166e6,2024-12-10T04:51:00Z,2025-01-09,21143931000,1,2025-01-18T09:08:00Z,2,100001,7f5b6f7e-1c2d-4a4e-9a51-3a3f1d3c0a01
2a483636-e2d2-4ee3-ba1f-277ea7241884,INV-001332,bc2f834a-62d5-425b-b165-538bd180ca99,41145067-8870-4adb-9a94-98d850a5c810,c64c9647-9ea7-417c-b89f-7039a107cc46,account,b02b61c4-a3d7-4628-ace6-6fa2fd5166e6,2025-03-11T10:04:00Z,2025-04-10,12344618000,1,2025-04-21T10:08:00Z,2,100001,7f5b6f7e-1c2d-4a4e-9a51-3a3f1d3c0a01
aa71289d-b53c-4c78-812f-28a563c1f86e,INV-001333,f5142874-fd7c-481a-9de5-f3269385916f,5098c6e8-633a-4bae-a54c-82180a7e7a06,c64c9647-9ea7-417c-b89f-7039a107cc46,account,b02b61c4-a3d7-4628-ace6-6fa2fd5166e6,2025-05-31T11:26:00Z,2025-06-30,18733614000,1,2025-07-01T10:35:00Z,2,100001,7f5b6f7e-1c2d-4a4e-9a51-3a3f1d3c0a01
bd4dc727-bedb-46d3-9325-ce36f51952de,INV-001334,415377c9-4f82-45c1-85f0-a3efc80c3108,6df86078-d26a-4323-9307-d931a0cc3559,c64c9647-9ea7-417c-b89f-7039a107cc46,account,b02b61c4-a3d7-4628-ace6-6fa2fd5166e6,2026-01-04T05:12:00Z,2026-02-03,10993735000,1,2026-03-12T12:24:00Z,2,100001,7f5b6f7e-1c2d-4a4e-9a51-3a3f1d3c0a01
9025f4b1-e4c2-4d6c-8bed-538cd30080e8,INV-001335,e9cadc2e-04bb-465f-b409-2555567eab20,e88617ec-eb89-4408-81bf-6af2eda0ae89,9293f705-0815-4147-be00-980eae441e21,account,b02b61c4-a3d7-4628-ace6-6fa2fd5166e6,2024-07-24T11:03:00Z,2024-07-24,8981547000,100000000,2024-07-22T11:03:00Z,2,100001,7f5b6f7e-1c2d-4a4e-9a51-3a3f1d3c0a01
1448e266-599a-4c8a-ac7f-e067996705e0,INV-001336,0ccff45b-3a58-42f0-a84d-33c0e50406fc,db1b5038-4b5d-4706-bcbb-70dde0b8287c,9293f705-0815-4147-be00-980eae441e21,account,b02b61c4-a3d7-4628-ace6-6fa2fd5166e6,2025-05-31T05:50:00Z,2025-05-31,11589159000,100000000,2025-05-31T05:50:00Z,2,100001,7f5b6f7e-1c2d-4a4e-9a51-3a3f1d3c0a01
8b201dc7-f7b1-4f23-b8c9-b2a6f9dced26,INV-001337,c7eddb2e-4800-42ba-a785-fafea959f6f8,7c2da379-191f-45e0-974d-31c4f166f448,9293f705-0815-4147-be00-980eae441e21,account,b02b61c4-a3d7-4628-ace6-6fa2fd5166e6,2026-01-03T06:29:00Z,2026-01-03,7653693000,100000000,2025-12-31T06:29:00Z,2,100001,7f5b6f7e-1c2d-4a4e-9a51-3a3f1d3c0a01
ac11cadf-e29d-49e4-9271-f44a6ba54dfe,INV-001338,3e9987d7-40e1-4c6d-8c73-7feaaa6fd925,f57f4f27-95e8-4622-9321-806e7983a8b0,30d73df7-1c22-4cea-b355-56a5f2bd92f2,account,ce177b4e-0837-48a3-9261-a7ab3aa2e4f9,2024-10-12T04:58:00Z,2024-10-12,34429707000,100000000,2024-10-12T04:58:00Z,2,100001,7f5b6f7e-1c2d-4a4e-9a51-3a3f1d3c0a01
e87bb75b-bfda-48cf-b4ea-0a4d36788cb9,INV-001339,261ec73d-eef1-4360-8b43-083378bf0056,0ee6b6a3-85fb-429f-b0c2-8b974c948447,30d73df7-1c22-4cea-b355-56a5f2bd92f2,account,ce177b4e-0837-48a3-9261-a7ab3aa2e4f9,2024-12-28T06:15:00Z,2024-12-28,36814976000,100000000,2024-12-28T06:15:00Z,2,100001,7f5b6f7e-1c2d-4a4e-9a51-3a3f1d3c0a01
868c86e9-a2fd-45bc-b75a-7df91f0e02f8,INV-001340,86bb1c41-16e1-43e5-b8f5-89976955db28,a065abf1-7c0b-49db-868d-1dfae58412f3,30d73df7-1c22-4cea-b355-56a5f2bd92f2,account,ce177b4e-0837-48a3-9261-a7ab3aa2e4f9,2025-04-30T07:22:00Z,2025-04-30,116106195000,100000000,2025-04-28T07:22:00Z,2,100001,7f5b6f7e-1c2d-4a4e-9a51-3a3f1d3c0a01
40d130e0-74d5-4c81-ae3d-b6dd795dc492,INV-001341,698521ca-7b5d-4d26-b3f3-1886df8e520e,49d2e36e-34d9-4598-be6a-c5087063f920,30d73df7-1c22-4cea-b355-56a5f2bd92f2,account,ce177b4e-0837-48a3-9261-a7ab3aa2e4f9,2025-10-20T12:29:00Z,2025-10-20,45882694000,100000000,2025-10-20T12:29:00Z,2,100001,7f5b6f7e-1c2d-4a4e-9a51-3a3f1d3c0a01
12c28897-9b66-40c7-8619-d8b02f4b8ba4,INV-001342,4953c8c9-ed39-4d84-bcb5-e7df3a815c46,9b24de19-ab9e-4242-b377-56f99b72962d,30d73df7-1c22-4cea-b355-56a5f2bd92f2,account,ce177b4e-0837-48a3-9261-a7ab3aa2e4f9,2025-10-16T11:41:00Z,2025-10-16,75439171000,100000000,2025-10-15T11:41:00Z,2,100001,7f5b6f7e-1c2d-4a4e-9a51-3a3f1d3c0a01
52ff3727-33c6-4c44-8a48-26011490f246,INV-001343,194918ab-b592-486f-9d4b-fd1aa696d34f,08b4437c-37a7-4d4c-beac-9429fddacf3d,30d73df7-1c22-4cea-b355-56a5f2bd92f2,account,ce177b4e-0837-48a3-9261-a7ab3aa2e4f9,2026-05-25T04:39:00Z,2026-05-25,120717961000,100000000,2026-05-22T04:39:00Z,2,100001,7f5b6f7e-1c2d-4a4e-9a51-3a3f1d3c0a01
56d9f2be-1d14-48fb-86c9-26195b662ff7,INV-001344,1e154d8d-052a-475d-a8c4-27b3eb6b74ef,8cfa1cf5-0c39-41a1-bc7a-b128ed0515c4,30d73df7-1c22-4cea-b355-56a5f2bd92f2,account,ce177b4e-0837-48a3-9261-a7ab3aa2e4f9,2026-05-23T09:47:00Z,2026-05-23,48340088000,100000000,2026-05-21T09:47:00Z,2,100001,7f5b6f7e-1c2d-4a4e-9a51-3a3f1d3c0a01
52887805-f40f-4bce-a0ef-00b29e8ed9c0,INV-001345,c03abeba-d9b5-4d08-abec-e8bfc781d228,cd530ab5-703a-448a-a652-5eccd6c246e6,6b352f85-504e-4687-b0e7-e75604d9145e,account,0e51f30d-c6a7-4e39-84b0-32ccd7c524a5,2024-08-20T12:59:00Z,2024-10-19,7984087000,4,2024-10-19T09:10:00Z,2,100001,7f5b6f7e-1c2d-4a4e-9a51-3a3f1d3c0a01
5f5f1fb0-2725-4ffd-b17a-9a4e0b55c032,INV-001346,a4617393-7a8f-474f-b9e3-cdd383875b58,7097dd38-883a-4ae1-b095-4623e8a35d61,6b352f85-504e-4687-b0e7-e75604d9145e,account,0e51f30d-c6a7-4e39-84b0-32ccd7c524a5,2024-10-10T09:14:00Z,2024-12-09,23318121000,4,2024-12-08T13:08:00Z,2,100001,7f5b6f7e-1c2d-4a4e-9a51-3a3f1d3c0a01
a9e20c50-9d47-49f8-827d-0331f850c0e2,INV-001347,174ddf85-379c-4b7d-8e3f-a37c76361853,f1e324f8-9cae-4213-9cb1-722a80eb3240,6b352f85-504e-4687-b0e7-e75604d9145e,account,0e51f30d-c6a7-4e39-84b0-32ccd7c524a5,2024-11-18T12:28:00Z,2025-01-17,3429315000,4,2025-01-14T13:02:00Z,2,100001,7f5b6f7e-1c2d-4a4e-9a51-3a3f1d3c0a01
7cfadb1b-147e-496f-a450-a690d7d77c86,INV-001348,468f06a3-0e11-43f4-ae7b-8465f91b02cc,c0ad52c2-a94f-4238-b085-a83fdb43b4a8,6b352f85-504e-4687-b0e7-e75604d9145e,account,0e51f30d-c6a7-4e39-84b0-32ccd7c524a5,2025-02-24T08:55:00Z,2025-04-25,14095462000,4,2025-04-27T07:33:00Z,2,100001,7f5b6f7e-1c2d-4a4e-9a51-3a3f1d3c0a01
1de149b5-b902-4e0e-8181-e30e2a8feffc,INV-001349,82d39a40-b75d-4380-9f14-f5345d18e7e2,333865ba-f8ee-45fe-9871-ffd5d8602fe3,6b352f85-504e-4687-b0e7-e75604d9145e,account,0e51f30d-c6a7-4e39-84b0-32ccd7c524a5,2025-07-28T11:24:00Z,2025-09-26,42420054000,4,2025-09-28T08:57:00Z,2,100001,7f5b6f7e-1c2d-4a4e-9a51-3a3f1d3c0a01
36049f5b-4afd-451c-9eb1-3303f2185b50,INV-001350,c04b0b5a-3bea-46fc-bc0a-4e3e524dbb4d,33df6340-8044-4f2a-b5e0-290538739d43,9c89d374-c664-45a7-8077-3e33690e7e62,account,10f1bc81-448a-4a9e-a6b2-bc5b50c187fc,2024-08-07T11:23:00Z,2024-10-06,14631649000,4,2024-10-05T07:14:00Z,2,100001,7f5b6f7e-1c2d-4a4e-9a51-3a3f1d3c0a01
ecf464d6-b4f5-4c6e-bfe4-1ba7902a9d50,INV-001351,a191a744-d5de-4577-9148-21e943c88245,d88c37b4-5d3b-441c-8d93-593019d549ee,9c89d374-c664-45a7-8077-3e33690e7e62,account,10f1bc81-448a-4a9e-a6b2-bc5b50c187fc,2024-11-07T07:45:00Z,2025-01-06,14595678000,4,2025-01-15T11:57:00Z,2,100001,7f5b6f7e-1c2d-4a4e-9a51-3a3f1d3c0a01
d45849ea-e540-4a0c-bfa3-22438a5a6017,INV-001352,4eea05a5-cd4d-41a0-8a3b-b16e205d8273,ac0775cd-05d9-422e-bfbe-a56e29b5149f,9c89d374-c664-45a7-8077-3e33690e7e62,account,10f1bc81-448a-4a9e-a6b2-bc5b50c187fc,2025-01-09T07:59:00Z,2025-03-10,31513070000,4,2025-03-08T13:28:00Z,2,100001,7f5b6f7e-1c2d-4a4e-9a51-3a3f1d3c0a01
fbf7d647-ce4d-4e0c-aba8-32d3f77cc9b9,INV-001353,2b195f4d-f752-40c3-89ec-c7889c236e91,552c24b5-c86f-425a-9475-c0807197b98e,9c89d374-c664-45a7-8077-3e33690e7e62,account,10f1bc81-448a-4a9e-a6b2-bc5b50c187fc,2025-03-18T10:06:00Z,2025-05-17,83136039000,4,2025-05-15T04:53:00Z,2,100001,7f5b6f7e-1c2d-4a4e-9a51-3a3f1d3c0a01
2f1fee72-8c92-45fb-8d37-63a2c7c3da21,INV-001354,2ce90be9-59e2-4d06-84aa-1676d9d29c20,10025341-cda6-4429-a86c-9b33eb6f35ad,9c89d374-c664-45a7-8077-3e33690e7e62,account,10f1bc81-448a-4a9e-a6b2-bc5b50c187fc,2025-10-22T09:43:00Z,2025-12-21,56817214000,4,2025-12-29T05:19:00Z,2,100001,7f5b6f7e-1c2d-4a4e-9a51-3a3f1d3c0a01
c268da61-e180-4e78-90c9-d6aaec697faf,INV-001355,8d3b4a17-52c5-4522-9a6d-93d922a88aba,54320492-1c07-4b4d-b320-dfed9f9bd255,9c89d374-c664-45a7-8077-3e33690e7e62,account,10f1bc81-448a-4a9e-a6b2-bc5b50c187fc,2026-01-06T06:23:00Z,2026-03-07,67904493000,4,2026-03-07T09:51:00Z,2,100001,7f5b6f7e-1c2d-4a4e-9a51-3a3f1d3c0a01
d8e62d3f-526a-4be7-a028-a2c72f55b880,INV-001356,4e898fc3-be85-40b6-ab0e-77c75adcfb20,27892c81-9aa2-4de4-b6b0-d0c59875fa42,9c89d374-c664-45a7-8077-3e33690e7e62,account,10f1bc81-448a-4a9e-a6b2-bc5b50c187fc,2026-05-03T06:42:00Z,2026-07-02,31416636000,4,,0,4,7f5b6f7e-1c2d-4a4e-9a51-3a3f1d3c0a01
5c807da6-4117-422b-bbad-23ee0e03e480,INV-001357,9b870d68-a3cd-446c-9044-b772b39cd5ae,b7d67e2b-18a2-457e-996a-76b02a64d376,d92f3c1e-df70-4b2a-b8bb-22a5eba742d2,account,ce177b4e-0837-48a3-9261-a7ab3aa2e4f9,2024-12-21T13:11:00Z,2025-01-20,49755334000,1,2025-01-25T04:43:00Z,2,100001,7f5b6f7e-1c2d-4a4e-9a51-3a3f1d3c0a01
ca932312-7464-42cf-8714-6320d9d9d587,INV-001358,d8ac924f-7eda-4377-866c-38ae88451d69,84f09c4f-3f94-46cf-a75f-46500a7b4bda,d92f3c1e-df70-4b2a-b8bb-22a5eba742d2,account,ce177b4e-0837-48a3-9261-a7ab3aa2e4f9,2025-07-05T08:23:00Z,2025-08-04,58313173000,1,2025-08-02T06:32:00Z,2,100001,7f5b6f7e-1c2d-4a4e-9a51-3a3f1d3c0a01
e8e1cc1f-2038-4caa-8679-b338db853cab,INV-001359,e541a851-b9e7-47c5-9ea4-fe5d9eb43be4,3f8bea54-da22-405e-ac55-385addf68a2d,d92f3c1e-df70-4b2a-b8bb-22a5eba742d2,account,ce177b4e-0837-48a3-9261-a7ab3aa2e4f9,2025-08-06T12:49:00Z,2025-09-05,78962886000,1,2025-09-06T08:43:00Z,2,100001,7f5b6f7e-1c2d-4a4e-9a51-3a3f1d3c0a01
50239625-f7f1-418b-b807-9cbae3c0f2f0,INV-001360,83f01e6a-e4a5-49e6-94ce-ce8622df084c,29c820e7-c942-423d-a445-bd28516a0086,d92f3c1e-df70-4b2a-b8bb-22a5eba742d2,account,ce177b4e-0837-48a3-9261-a7ab3aa2e4f9,2025-09-30T13:14:00Z,2025-10-30,26318537000,1,2025-10-27T06:46:00Z,2,100001,7f5b6f7e-1c2d-4a4e-9a51-3a3f1d3c0a01
f143e217-2ee2-48f3-be12-35375b45ded9,INV-001361,352408c0-593a-4fbb-893c-f12e71f379a9,58d17d37-8c3c-411a-b4f7-b832ca13d57f,d92f3c1e-df70-4b2a-b8bb-22a5eba742d2,account,ce177b4e-0837-48a3-9261-a7ab3aa2e4f9,2025-11-03T11:11:00Z,2025-12-03,86240060000,1,2025-11-30T07:09:00Z,2,100001,7f5b6f7e-1c2d-4a4e-9a51-3a3f1d3c0a01
fabf5972-b176-4788-bbd4-a82f6b69b696,INV-001362,a69e3e0a-80e8-490a-9f6a-069567276be8,8a789be4-f0ea-4740-aeb6-20d9ebb8a54d,b4adaf89-0ff1-4a9f-ba37-0623bc5fd4dd,account,5304317f-af42-412f-b838-b3268e944239,2024-12-12T13:15:00Z,2025-01-11,10730847000,1,2025-01-18T07:06:00Z,2,100001,7f5b6f7e-1c2d-4a4e-9a51-3a3f1d3c0a01
1555897b-8cf4-4e22-b2af-c71ba32e3194,INV-001363,64422db4-825a-46a7-812f-670138db73e7,62f7f3a2-5d49-4093-a65e-2f5a3238676d,b4adaf89-0ff1-4a9f-ba37-0623bc5fd4dd,account,5304317f-af42-412f-b838-b3268e944239,2024-12-09T06:32:00Z,2025-01-08,6465478000,1,2025-01-28T07:03:00Z,2,100001,7f5b6f7e-1c2d-4a4e-9a51-3a3f1d3c0a01
c2026147-e39a-4b48-9e8c-3ab698a7f414,INV-001364,2a1fbf09-170b-4b9a-a9d5-dbd3f7434808,8e0a1eb0-1b16-4b18-be0b-17f7e996bd2c,b4adaf89-0ff1-4a9f-ba37-0623bc5fd4dd,account,5304317f-af42-412f-b838-b3268e944239,2025-05-15T06:41:00Z,2025-06-14,13692036000,1,2025-06-11T10:33:00Z,2,100001,7f5b6f7e-1c2d-4a4e-9a51-3a3f1d3c0a01
104d39f5-2489-4e5e-acee-6eba1d1c461a,INV-001365,46b33b61-0d10-48af-9e9d-c7520097c6dd,1759ac2b-a0c6-4a95-8a6f-4e68997858ff,b4adaf89-0ff1-4a9f-ba37-0623bc5fd4dd,account,5304317f-af42-412f-b838-b3268e944239,2025-07-26T10:26:00Z,2025-08-25,28806912000,1,2025-08-23T08:04:00Z,2,100001,7f5b6f7e-1c2d-4a4e-9a51-3a3f1d3c0a01
32785919-48a9-44eb-8e9a-c98acbe07f8f,INV-001366,3fae25c0-6757-4df9-8515-f28dc0d05e59,45a97824-e415-43df-8512-7d0d0ee1ef41,b4adaf89-0ff1-4a9f-ba37-0623bc5fd4dd,account,5304317f-af42-412f-b838-b3268e944239,2025-11-12T05:04:00Z,2025-12-12,27857691000,1,2025-12-10T11:00:00Z,2,100001,7f5b6f7e-1c2d-4a4e-9a51-3a3f1d3c0a01
beef4552-0a68-4cbf-af48-ad38beceda87,INV-001367,59e75c59-a9ca-4ed4-b873-eb3312a8ba6b,5e15b58d-6267-4b46-96ba-def8a1032777,b4adaf89-0ff1-4a9f-ba37-0623bc5fd4dd,account,5304317f-af42-412f-b838-b3268e944239,2025-12-09T06:59:00Z,2026-01-08,6745663000,1,2026-01-06T08:15:00Z,2,100001,7f5b6f7e-1c2d-4a4e-9a51-3a3f1d3c0a01
6e862510-9419-4930-8b01-9e14f2798e6d,INV-001368,a559ff1c-1259-41c8-9438-2e2a2a9592b7,17806b07-4081-4c96-9232-d382963999cd,b4adaf89-0ff1-4a9f-ba37-0623bc5fd4dd,account,5304317f-af42-412f-b838-b3268e944239,2026-02-28T06:13:00Z,2026-03-30,12898496000,1,2026-03-29T13:24:00Z,2,100001,7f5b6f7e-1c2d-4a4e-9a51-3a3f1d3c0a01
f591f1e6-9ef9-4e53-ace8-c36fea4475c2,INV-001369,5a82a015-f24c-42e5-b9ae-235fb7637bcd,b8934cff-153b-41a6-a5ba-d73b965b4848,b4adaf89-0ff1-4a9f-ba37-0623bc5fd4dd,account,5304317f-af42-412f-b838-b3268e944239,2026-05-18T06:54:00Z,2026-06-17,17902001000,1,2026-06-21T11:16:00Z,2,100001,7f5b6f7e-1c2d-4a4e-9a51-3a3f1d3c0a01
92fd6c5d-ac0a-4e1e-99d3-06323deb2d80,INV-001370,8a77bd44-327b-4d1f-8bd6-dfbc3b6509c1,3e3800cb-0bcd-41ba-af1c-5157fc81abb0,b4adaf89-0ff1-4a9f-ba37-0623bc5fd4dd,account,5304317f-af42-412f-b838-b3268e944239,2026-05-21T10:06:00Z,2026-06-20,10211674000,1,2026-06-17T08:07:00Z,2,100001,7f5b6f7e-1c2d-4a4e-9a51-3a3f1d3c0a01
7d2752d7-de57-4a8a-8071-497ead48688c,INV-001371,39e68ba1-55b5-4bd8-8eb8-1feee98a5e88,602a5fe6-3ef6-4a74-ba7e-1f40a74e4b9a,8f964685-3514-4890-84c8-6c4623595fa4,account,0e51f30d-c6a7-4e39-84b0-32ccd7c524a5,2025-01-04T10:32:00Z,2025-02-03,5311821000,1,2025-02-01T07:35:00Z,2,100001,7f5b6f7e-1c2d-4a4e-9a51-3a3f1d3c0a01
8ef3ca10-6169-4ddd-b8c9-abb5e03cb9ef,INV-001372,4e6792a6-e39e-4dcf-8de1-4304742efb99,1ea8a1be-8f6f-4ca4-9b62-526549a794a2,8f964685-3514-4890-84c8-6c4623595fa4,account,0e51f30d-c6a7-4e39-84b0-32ccd7c524a5,2026-02-19T12:09:00Z,2026-03-21,21533458000,1,2026-03-18T07:40:00Z,2,100001,7f5b6f7e-1c2d-4a4e-9a51-3a3f1d3c0a01
4002e14d-b16d-43e5-aafd-b9339598e7a0,INV-001373,f6cada89-973a-4c79-9a5e-ea62fb50cdf5,35f54835-820d-4de4-99d6-7973b9ca3229,8f964685-3514-4890-84c8-6c4623595fa4,account,0e51f30d-c6a7-4e39-84b0-32ccd7c524a5,2026-06-17T08:36:00Z,2026-07-17,102808768000,1,,0,4,7f5b6f7e-1c2d-4a4e-9a51-3a3f1d3c0a01
a0f6472c-e63f-4f54-9d33-afce1a73d8a2,INV-001374,b4c173b8-0a8b-4ee1-bdbd-2a439d349e8a,405db8eb-0b7b-4695-b5b4-e06ab6703343,7a768555-a987-4218-bf84-faef5336723b,account,5304317f-af42-412f-b838-b3268e944239,2024-08-01T04:31:00Z,2024-08-01,26371269000,100000000,2024-08-01T04:31:00Z,2,100001,7f5b6f7e-1c2d-4a4e-9a51-3a3f1d3c0a01
ca5665cb-5086-44e7-b95c-f2effe806a03,INV-001375,c7d3734f-21cd-4a9e-84b9-b86897b734a6,9c45c045-987b-43d6-beda-7e1cc271d977,7a768555-a987-4218-bf84-faef5336723b,account,5304317f-af42-412f-b838-b3268e944239,2024-08-29T12:26:00Z,2024-08-29,9933530000,100000000,2024-08-26T12:26:00Z,2,100001,7f5b6f7e-1c2d-4a4e-9a51-3a3f1d3c0a01
b584633a-d39b-4bab-b7b0-eb6457ffdf41,INV-001376,33e862aa-fe08-4342-819c-0a47fab6ef16,b38e249f-34de-41ef-8b13-864398906412,7a768555-a987-4218-bf84-faef5336723b,account,5304317f-af42-412f-b838-b3268e944239,2024-08-19T06:36:00Z,2024-08-19,28213011000,100000000,2024-08-18T06:36:00Z,2,100001,7f5b6f7e-1c2d-4a4e-9a51-3a3f1d3c0a01
a8f612cd-44c6-495b-b175-d1fa8a1506e1,INV-001377,9fe519da-4981-4fa7-a68b-95c0c89799c9,8d9a3d17-5ecf-49c0-a053-87152ae05381,7a768555-a987-4218-bf84-faef5336723b,account,5304317f-af42-412f-b838-b3268e944239,2026-06-01T07:44:00Z,2026-06-01,14782752000,100000000,2026-06-01T07:44:00Z,2,100001,7f5b6f7e-1c2d-4a4e-9a51-3a3f1d3c0a01
aba77e2e-3f0f-4666-9775-52569c7d33ac,INV-001378,96998c50-7b7a-4688-a48b-d58b79eb343d,d7ddd906-891d-4d3b-8bc7-d77b3e2dd5a7,7a768555-a987-4218-bf84-faef5336723b,account,5304317f-af42-412f-b838-b3268e944239,2026-05-23T08:46:00Z,2026-05-23,20827111000,100000000,2026-05-22T08:46:00Z,2,100001,7f5b6f7e-1c2d-4a4e-9a51-3a3f1d3c0a01
f89a884e-2315-4fce-85f0-1407fb36eddf,INV-001379,3f3ebaae-50d8-452e-8205-85d9cad827ec,a4565c28-b0a1-41f2-9d28-8158cfef3645,f4e95734-5052-4700-a077-96a38685abaa,account,ce177b4e-0837-48a3-9261-a7ab3aa2e4f9,2024-09-28T05:07:00Z,2024-10-28,55231392000,1,2024-10-27T08:11:00Z,2,100001,7f5b6f7e-1c2d-4a4e-9a51-3a3f1d3c0a01
171d479d-bc21-4672-8f96-1130af43be32,INV-001380,f9b84dea-52d0-468f-942f-90280ee011ac,f642410f-5e6f-477f-9bda-f2cc24e2c150,f4e95734-5052-4700-a077-96a38685abaa,account,ce177b4e-0837-48a3-9261-a7ab3aa2e4f9,2024-10-31T09:56:00Z,2024-11-30,72506209000,1,2024-11-27T11:06:00Z,2,100001,7f5b6f7e-1c2d-4a4e-9a51-3a3f1d3c0a01
7c3e7bcf-68b1-448e-989e-b57b580cff55,INV-001381,ff0a35eb-ea04-4ec5-a784-ecb640718464,07871984-86b4-4280-804b-f1fa212c8d64,f4e95734-5052-4700-a077-96a38685abaa,account,ce177b4e-0837-48a3-9261-a7ab3aa2e4f9,2025-06-04T12:04:00Z,2025-07-04,77866913000,1,2025-07-05T05:35:00Z,2,100001,7f5b6f7e-1c2d-4a4e-9a51-3a3f1d3c0a01
c206ade8-b75b-4d14-a8ac-848e5faa0731,INV-001382,dcd1b568-c2eb-498b-8ec5-85d7ca2507be,8c480c0e-c778-4131-88dc-f460a2216df9,f4e95734-5052-4700-a077-96a38685abaa,account,ce177b4e-0837-48a3-9261-a7ab3aa2e4f9,2026-05-26T10:36:00Z,2026-06-25,26607467000,1,2026-06-27T07:33:00Z,2,100001,7f5b6f7e-1c2d-4a4e-9a51-3a3f1d3c0a01
524c58f2-2497-4bba-a5c9-de85d2a84eb2,INV-001383,a4aef6bb-e947-4456-87d8-7897ce72f297,dbccbf14-305a-4e1c-91ea-e69bfe39678b,f4e95734-5052-4700-a077-96a38685abaa,account,ce177b4e-0837-48a3-9261-a7ab3aa2e4f9,2026-06-01T11:23:00Z,2026-07-01,83795799000,1,2026-06-30T10:35:00Z,2,100001,7f5b6f7e-1c2d-4a4e-9a51-3a3f1d3c0a01
80d814b6-2059-4a41-a0fe-0597cae8212f,INV-001384,c6608fed-89b4-4919-a5b5-19ead0e5350e,3cda3b1f-ea8d-4c3e-9e3a-f523af64ed73,f4e95734-5052-4700-a077-96a38685abaa,account,ce177b4e-0837-48a3-9261-a7ab3aa2e4f9,2026-05-25T07:38:00Z,2026-06-24,46264144000,1,2026-06-22T05:56:00Z,2,100001,7f5b6f7e-1c2d-4a4e-9a51-3a3f1d3c0a01
97ec335a-ead8-4f62-864a-c4069c095332,INV-001385,713b6863-b232-48cb-9f95-7c27d0121a18,0d7edf4a-c38b-4066-ae70-3e49948a5894,887b03e5-e980-4808-b5ac-824c2c55aef7,account,0e51f30d-c6a7-4e39-84b0-32ccd7c524a5,2024-10-12T07:50:00Z,2024-10-12,5152755000,100000000,2024-10-12T07:50:00Z,2,100001,7f5b6f7e-1c2d-4a4e-9a51-3a3f1d3c0a01
a0d88cd9-4323-453d-8610-7a725ef5e78f,INV-001386,8419d404-3aa9-4b09-b6df-d39a72d1631a,e187ae8e-d662-4127-94c3-0504a989ea79,887b03e5-e980-4808-b5ac-824c2c55aef7,account,0e51f30d-c6a7-4e39-84b0-32ccd7c524a5,2025-03-12T12:03:00Z,2025-03-12,12469143000,100000000,2025-03-12T12:03:00Z,2,100001,7f5b6f7e-1c2d-4a4e-9a51-3a3f1d3c0a01
7b835437-0933-49e5-8253-098383fc7f58,INV-001387,38636214-9972-42d0-9a50-bd3a8eb209bc,1413b7fb-6b89-4757-8bfb-e3c4adcfad85,887b03e5-e980-4808-b5ac-824c2c55aef7,account,0e51f30d-c6a7-4e39-84b0-32ccd7c524a5,2025-04-13T08:44:00Z,2025-04-13,12569372000,100000000,2025-04-10T08:44:00Z,2,100001,7f5b6f7e-1c2d-4a4e-9a51-3a3f1d3c0a01
a78e083d-dc63-4728-88f2-7a8e4d4a094a,INV-001388,6ef0e441-d368-4a72-876d-06e54860d063,a3afe195-ccf4-4c15-8de9-ace1554bf156,887b03e5-e980-4808-b5ac-824c2c55aef7,account,0e51f30d-c6a7-4e39-84b0-32ccd7c524a5,2025-09-07T06:25:00Z,2025-09-07,8514806000,100000000,2025-09-07T06:25:00Z,2,100001,7f5b6f7e-1c2d-4a4e-9a51-3a3f1d3c0a01
54e554ef-8501-42c2-8abe-c35ca988ba29,INV-001389,9bfe154d-1673-4317-b3d4-56214eb011c2,925eadab-76fa-4893-8753-1c5693b0a4e8,887b03e5-e980-4808-b5ac-824c2c55aef7,account,0e51f30d-c6a7-4e39-84b0-32ccd7c524a5,2025-12-13T11:23:00Z,2025-12-13,15650550000,100000000,2025-12-12T11:23:00Z,2,100001,7f5b6f7e-1c2d-4a4e-9a51-3a3f1d3c0a01
b9ac7242-be5c-4cf1-9918-38c73f292b42,INV-001390,5a5890e3-2bcb-4476-877f-99d25c5826d9,3650f396-0aec-4838-9a9e-06f52e0050e5,887b03e5-e980-4808-b5ac-824c2c55aef7,account,0e51f30d-c6a7-4e39-84b0-32ccd7c524a5,2026-06-21T05:25:00Z,2026-06-21,16257485000,100000000,2026-06-20T05:25:00Z,2,100001,7f5b6f7e-1c2d-4a4e-9a51-3a3f1d3c0a01
ea843b71-5ea3-4cd7-9156-cc8fccf361b1,INV-001391,f86e6061-2a96-4d10-941a-daef20dd2452,ed4e2b23-620b-4d5e-919d-d3494ad86a06,887b03e5-e980-4808-b5ac-824c2c55aef7,account,0e51f30d-c6a7-4e39-84b0-32ccd7c524a5,2026-06-16T12:13:00Z,2026-06-16,12552317000,100000000,2026-06-15T12:13:00Z,2,100001,7f5b6f7e-1c2d-4a4e-9a51-3a3f1d3c0a01
3ad361e9-a5b7-41c9-b1f0-991713ffd03a,INV-001392,5a81272a-231d-4b7d-8366-63c10da8d5b2,ccfcb5c5-b515-4de2-9a73-ec144722aa62,43ad3d62-b17c-4b21-8dbc-2c1ca4afe7bd,account,10f1bc81-448a-4a9e-a6b2-bc5b50c187fc,2024-07-20T12:43:00Z,2024-07-20,7528429000,100000000,2024-07-20T12:43:00Z,2,100001,7f5b6f7e-1c2d-4a4e-9a51-3a3f1d3c0a01
c6ce46a4-3988-4d95-9174-05f75d5f6c10,INV-001393,6621cf6c-901e-43a1-80ea-4fecf04f70ad,9f8725ef-bc51-4169-8b2f-77a3559c6bf0,43ad3d62-b17c-4b21-8dbc-2c1ca4afe7bd,account,10f1bc81-448a-4a9e-a6b2-bc5b50c187fc,2024-10-10T06:34:00Z,2024-10-10,14480946000,100000000,2024-10-07T06:34:00Z,2,100001,7f5b6f7e-1c2d-4a4e-9a51-3a3f1d3c0a01
f8530e5d-12ed-4221-b692-26f313291064,INV-001394,b0f27c82-274e-41d7-ae29-0c97b61ca774,d8607014-3c6e-4a94-bb61-abc186858a26,43ad3d62-b17c-4b21-8dbc-2c1ca4afe7bd,account,10f1bc81-448a-4a9e-a6b2-bc5b50c187fc,2025-11-08T08:42:00Z,2025-11-08,31471844000,100000000,2025-11-08T08:42:00Z,2,100001,7f5b6f7e-1c2d-4a4e-9a51-3a3f1d3c0a01
ed83abdd-e306-40ea-be26-f83b6de9c866,INV-001395,e2657cab-e99f-4250-abe3-7e47ff489775,53725961-1ef5-4bf5-8ffa-a3e15bb762bb,f5141058-3138-4975-bbf3-3a349c2dfa97,account,e27a984d-6548-41d0-bfcd-9eb1a7cad415,2024-08-13T10:43:00Z,2024-10-12,7571571000,4,2024-10-12T12:20:00Z,2,100001,7f5b6f7e-1c2d-4a4e-9a51-3a3f1d3c0a01
fcb55761-1950-46f1-a1ef-3729f00d9086,INV-001396,2ada1c65-be8a-4371-84e3-835d0b787233,fba2d0e3-748d-4bc4-9f2c-ab3825637d0d,f5141058-3138-4975-bbf3-3a349c2dfa97,account,e27a984d-6548-41d0-bfcd-9eb1a7cad415,2025-05-28T12:18:00Z,2025-07-27,20593038000,4,2025-08-30T07:46:00Z,2,100001,7f5b6f7e-1c2d-4a4e-9a51-3a3f1d3c0a01
ae60ac67-39ec-40a2-91aa-e2c58bb23c45,INV-001397,0edbc4c9-0088-4a30-afc5-11d1134a0817,f0c973d0-d66f-49b5-bb62-ed22b949fb5a,f5141058-3138-4975-bbf3-3a349c2dfa97,account,e27a984d-6548-41d0-bfcd-9eb1a7cad415,2025-06-23T09:27:00Z,2025-08-22,27328425000,4,2025-08-24T06:19:00Z,2,100001,7f5b6f7e-1c2d-4a4e-9a51-3a3f1d3c0a01
290ed0bc-dabc-4425-92c1-bb085bd679ec,INV-001398,828dfa3d-54f3-41b7-b56f-8641e9190382,5eca17dd-a1c0-4ff7-bc82-4d2396f22dc3,f5141058-3138-4975-bbf3-3a349c2dfa97,account,e27a984d-6548-41d0-bfcd-9eb1a7cad415,2026-04-01T04:44:00Z,2026-05-31,40385318000,4,2026-06-03T12:39:00Z,2,100001,7f5b6f7e-1c2d-4a4e-9a51-3a3f1d3c0a01
fa540f84-813a-463e-a291-ed24f07227ac,INV-001399,17163752-99b4-4e6d-934d-91dc099b3875,26967c7d-8e87-456f-9479-c50e4e338444,4c6a70f4-8ede-444d-876c-f68c3f1be0d0,account,366eb16f-508e-4ad7-b7c9-3acfe059a0ee,2024-08-14T09:32:00Z,2024-09-13,51304498000,1,2024-09-11T10:22:00Z,2,100001,7f5b6f7e-1c2d-4a4e-9a51-3a3f1d3c0a01
c7b59ff2-f38f-4125-9fbb-8bac91a5b683,INV-001400,07eeb464-f26b-4378-a71d-5a6ebc4633e3,bcd00f12-7885-4202-8c93-a51b13dc91ef,4c6a70f4-8ede-444d-876c-f68c3f1be0d0,account,366eb16f-508e-4ad7-b7c9-3acfe059a0ee,2024-12-10T06:12:00Z,2025-01-09,30285944000,1,2025-05-14T07:56:00Z,2,100001,7f5b6f7e-1c2d-4a4e-9a51-3a3f1d3c0a01
03e057d8-1672-4d77-ab9d-2c8b1011d523,INV-001401,c0cab2d2-001e-4800-997f-0b70e4192c66,13cfd89d-282d-4556-9a1f-8d03dae44273,4c6a70f4-8ede-444d-876c-f68c3f1be0d0,account,366eb16f-508e-4ad7-b7c9-3acfe059a0ee,2025-04-30T08:33:00Z,2025-05-30,27922884000,1,2025-06-07T04:38:00Z,2,100001,7f5b6f7e-1c2d-4a4e-9a51-3a3f1d3c0a01
b3501bce-69d7-40cd-a328-67bbd3646310,INV-001402,6f29912f-3820-41ee-80ec-9072af34e315,e25423c2-f0cf-4221-b805-ad5c8c9cfbe4,4c6a70f4-8ede-444d-876c-f68c3f1be0d0,account,366eb16f-508e-4ad7-b7c9-3acfe059a0ee,2025-05-18T05:16:00Z,2025-06-17,52621484000,1,2025-06-14T08:55:00Z,2,100001,7f5b6f7e-1c2d-4a4e-9a51-3a3f1d3c0a01
ef7e0c55-d253-47cb-82a2-40dcf0f936b7,INV-001403,a23b5c43-304a-4eea-a494-debc84955f07,c0fc5913-02cb-4cf2-aaac-7eeab1851d3f,4c6a70f4-8ede-444d-876c-f68c3f1be0d0,account,366eb16f-508e-4ad7-b7c9-3acfe059a0ee,2025-10-30T06:38:00Z,2025-11-29,66392854000,1,2025-11-26T07:09:00Z,2,100001,7f5b6f7e-1c2d-4a4e-9a51-3a3f1d3c0a01
d83550d4-7da0-44bc-9de7-39d1613bf82d,INV-001404,14c70902-ed8b-4753-9c65-45c5f478a411,82def9a1-1d8e-404c-966f-9c1abaad5381,fb756923-f910-4bb3-b105-32523990e2c9,account,24933b83-7577-40a9-a491-f0b2ea1fca65,2025-04-26T07:08:00Z,2025-06-25,76873787000,4,2025-06-28T06:44:00Z,2,100001,7f5b6f7e-1c2d-4a4e-9a51-3a3f1d3c0a01
634e8d98-4d36-46d2-8988-3b8a1a25520f,INV-001405,9c7710da-5c7d-48d3-a81b-4f76091e424f,5918e4da-6a97-4eca-b7b7-379e17644bae,fb756923-f910-4bb3-b105-32523990e2c9,account,24933b83-7577-40a9-a491-f0b2ea1fca65,2025-07-29T09:37:00Z,2025-09-27,72405013000,4,2025-12-15T11:58:00Z,2,100001,7f5b6f7e-1c2d-4a4e-9a51-3a3f1d3c0a01
b2acabf4-9e0f-49f6-b0a8-2a8917610f68,INV-001406,72272f23-bc20-43f9-b557-2fca99033e63,6c1a1cc3-458f-4542-8c2a-7ddf868b1329,fb756923-f910-4bb3-b105-32523990e2c9,account,24933b83-7577-40a9-a491-f0b2ea1fca65,2025-10-09T07:12:00Z,2025-12-08,55176479000,4,2025-12-06T05:58:00Z,2,100001,7f5b6f7e-1c2d-4a4e-9a51-3a3f1d3c0a01
7dd601fd-a079-4575-ba92-750f3d2a2470,INV-001407,17335af4-2bef-4ac1-a5be-db6888ca1e80,7d2ee7ed-0c18-4b92-b666-cd878861a196,fb756923-f910-4bb3-b105-32523990e2c9,account,24933b83-7577-40a9-a491-f0b2ea1fca65,2025-10-14T13:17:00Z,2025-12-13,88205993000,4,2025-12-11T06:06:00Z,2,100001,7f5b6f7e-1c2d-4a4e-9a51-3a3f1d3c0a01
15266cf6-b860-4bd4-a9be-7b912744abc6,INV-001408,60ce7971-6155-413e-9b7d-75ba1d982741,e405563b-4bed-4a65-b328-f158cd63483a,fb756923-f910-4bb3-b105-32523990e2c9,account,24933b83-7577-40a9-a491-f0b2ea1fca65,2025-10-15T05:44:00Z,2025-12-14,43330914000,4,2025-12-11T13:03:00Z,2,100001,7f5b6f7e-1c2d-4a4e-9a51-3a3f1d3c0a01
86541b7a-8122-4fe8-98fe-afc546e74e87,INV-001409,32bc3dea-b5eb-43b7-8940-1787dfac31e4,2c155c55-ba7c-42ae-8731-5d26c3e225b0,b4746349-49fc-4cd8-856b-ad4c4c3077c4,account,10f1bc81-448a-4a9e-a6b2-bc5b50c187fc,2024-08-17T13:07:00Z,2024-09-16,12925929000,1,2024-11-17T06:04:00Z,2,100001,7f5b6f7e-1c2d-4a4e-9a51-3a3f1d3c0a01
28388600-a6af-4718-8d8d-a55de0b6ccac,INV-001410,147404de-a3f1-45f4-a074-13478948754a,b3d04331-6ddb-46e3-be18-5f6df049a3fd,b4746349-49fc-4cd8-856b-ad4c4c3077c4,account,10f1bc81-448a-4a9e-a6b2-bc5b50c187fc,2024-08-03T06:39:00Z,2024-09-02,27438051000,1,2024-09-07T06:42:00Z,2,100001,7f5b6f7e-1c2d-4a4e-9a51-3a3f1d3c0a01
86c76db0-de31-464f-b6a3-eb084b60ade6,INV-001411,704d23cf-fc7c-452f-8270-d50411e9a0d3,2c90cca6-7b7a-44b1-8427-73795c994dfb,b4746349-49fc-4cd8-856b-ad4c4c3077c4,account,10f1bc81-448a-4a9e-a6b2-bc5b50c187fc,2024-10-26T09:56:00Z,2024-11-25,20969434000,1,2024-12-22T08:43:00Z,2,100001,7f5b6f7e-1c2d-4a4e-9a51-3a3f1d3c0a01
cecd89c6-7f2f-43e9-9f8b-85c1e3f54d08,INV-001412,5e97c965-352b-4ae7-beb7-d2660faedd67,a445014f-c677-4ae7-a551-bde91e85d93c,7d2f4e58-b47a-4c5b-b0b3-901535102852,account,24933b83-7577-40a9-a491-f0b2ea1fca65,2024-07-21T04:51:00Z,2024-09-19,17640465000,4,2024-09-29T08:21:00Z,2,100001,7f5b6f7e-1c2d-4a4e-9a51-3a3f1d3c0a01
a95142df-d287-4d01-be5d-9bf9e800d6e1,INV-001413,3162626b-8998-421b-9cee-26ac82952679,aed0a9e9-fa7d-40c7-9a5b-1ae6828959f1,7d2f4e58-b47a-4c5b-b0b3-901535102852,account,24933b83-7577-40a9-a491-f0b2ea1fca65,2025-02-11T08:59:00Z,2025-04-12,29845285000,4,2025-04-12T08:55:00Z,2,100001,7f5b6f7e-1c2d-4a4e-9a51-3a3f1d3c0a01
a1faab75-0627-417f-a41c-a329c5f0893d,INV-001414,c7262f0f-27d0-4706-9867-c53da3899ad8,c13c9de3-5c99-49f7-9861-08c234e12327,7d2f4e58-b47a-4c5b-b0b3-901535102852,account,24933b83-7577-40a9-a491-f0b2ea1fca65,2025-04-13T09:52:00Z,2025-06-12,46447010000,4,2025-06-23T07:46:00Z,2,100001,7f5b6f7e-1c2d-4a4e-9a51-3a3f1d3c0a01
fb4af30d-994e-40bc-9e8c-139a8b0bdccf,INV-001415,7f5c9d70-26a1-4c2e-a145-cec278893f47,acf83653-e9f3-407c-af1f-b165dc8c0fce,7d2f4e58-b47a-4c5b-b0b3-901535102852,account,24933b83-7577-40a9-a491-f0b2ea1fca65,2025-06-29T10:28:00Z,2025-08-28,20505938000,4,2025-08-25T12:09:00Z,2,100001,7f5b6f7e-1c2d-4a4e-9a51-3a3f1d3c0a01
3823fc06-39df-4c22-86a8-c0fcf06ae661,INV-001416,58a34b93-e257-439d-9da0-3f5045c7cc5a,7adbd5ea-4046-471f-98cc-c94828353485,7d2f4e58-b47a-4c5b-b0b3-901535102852,account,24933b83-7577-40a9-a491-f0b2ea1fca65,2025-08-11T11:39:00Z,2025-10-10,80259735000,4,2025-10-11T11:33:00Z,2,100001,7f5b6f7e-1c2d-4a4e-9a51-3a3f1d3c0a01
058dadc9-a4ca-4a11-b954-aba394d7ad90,INV-001417,5afbaa3b-1faa-48d3-92a2-bf1b22958362,fc6f5480-777f-4cf2-bd5b-9eaac8425685,7d2f4e58-b47a-4c5b-b0b3-901535102852,account,24933b83-7577-40a9-a491-f0b2ea1fca65,2025-09-20T05:34:00Z,2025-11-19,46701116000,4,2025-11-18T09:00:00Z,2,100001,7f5b6f7e-1c2d-4a4e-9a51-3a3f1d3c0a01
e5a8a4e5-d653-432e-8b6c-842e7a529b69,INV-001418,8192ca0d-ce1e-4ac7-ad52-db79f10e2672,2d15734b-417b-4767-becb-99b2e8262e32,7d2f4e58-b47a-4c5b-b0b3-901535102852,account,24933b83-7577-40a9-a491-f0b2ea1fca65,2025-10-11T06:17:00Z,2025-12-10,36554010000,4,2025-12-13T08:06:00Z,2,100001,7f5b6f7e-1c2d-4a4e-9a51-3a3f1d3c0a01
a4c268a0-a0c0-4d04-be3a-2e06a36564e6,INV-001419,77cee7c0-d2b7-4727-8985-e9f60fecbc1f,db3cb792-b398-4f8e-bb05-b0a0b3475dee,8f7c1d59-594b-4a3a-bad4-65a15129950d,account,10f1bc81-448a-4a9e-a6b2-bc5b50c187fc,2024-09-09T07:10:00Z,2024-11-08,14181197000,4,2024-11-13T09:16:00Z,2,100001,7f5b6f7e-1c2d-4a4e-9a51-3a3f1d3c0a01
21191521-8d6a-48d9-8553-c71ce7a39dfa,INV-001420,7f688af6-5694-4e71-856c-e04c241677c2,edbbeced-35c7-47ce-b003-3b53c65ff6f9,8f7c1d59-594b-4a3a-bad4-65a15129950d,account,10f1bc81-448a-4a9e-a6b2-bc5b50c187fc,2025-02-17T04:38:00Z,2025-04-18,25679265000,4,2025-05-10T12:41:00Z,2,100001,7f5b6f7e-1c2d-4a4e-9a51-3a3f1d3c0a01
69cf589b-a785-4795-9d8c-0a1250b45b77,INV-001421,829bd0ab-dc5c-4228-9569-55d59725adbc,ef4342d9-c795-49d4-98ed-4fa8213e3815,b8beff3d-cb9f-4f6d-af3a-6f27ef06fccb,account,366eb16f-508e-4ad7-b7c9-3acfe059a0ee,2025-06-28T09:39:00Z,2025-06-28,64518954000,100000000,2025-06-26T09:39:00Z,2,100001,7f5b6f7e-1c2d-4a4e-9a51-3a3f1d3c0a01
cbeb15b4-c6d3-4f0a-8d80-63691c474b1a,INV-001422,a778cfc7-c71b-473b-88db-2f900252b742,6fbababf-1181-426b-a324-2901132c816d,b8beff3d-cb9f-4f6d-af3a-6f27ef06fccb,account,366eb16f-508e-4ad7-b7c9-3acfe059a0ee,2025-11-08T05:53:00Z,2025-11-08,125748633000,100000000,2025-11-06T05:53:00Z,2,100001,7f5b6f7e-1c2d-4a4e-9a51-3a3f1d3c0a01
e4c7d812-0efc-4b07-bc84-70d7b205c1b7,INV-001423,4b51d964-f98d-41dc-86f7-9a2ccd9a6bb4,c79e4570-509e-48ec-bd68-91ccd802d572,b8beff3d-cb9f-4f6d-af3a-6f27ef06fccb,account,366eb16f-508e-4ad7-b7c9-3acfe059a0ee,2025-11-22T08:28:00Z,2025-11-22,97591456000,100000000,2025-11-19T08:28:00Z,2,100001,7f5b6f7e-1c2d-4a4e-9a51-3a3f1d3c0a01
246bb58a-92ec-4eb9-87fd-26803a745d82,INV-001424,b6c9ba45-dfa7-4fae-a1e9-eae139b96519,24dd8a74-4dc3-43b1-b0e6-f3f1e0673933,b8beff3d-cb9f-4f6d-af3a-6f27ef06fccb,account,366eb16f-508e-4ad7-b7c9-3acfe059a0ee,2026-01-18T05:01:00Z,2026-01-18,53687444000,100000000,2026-01-16T05:01:00Z,2,100001,7f5b6f7e-1c2d-4a4e-9a51-3a3f1d3c0a01
5cace89e-6299-4dcb-8a0f-4414bfee8a1d,INV-001425,4d1c0a6f-be02-43a7-b72a-e7bace3328eb,7531eaf9-e6e7-4c99-92c5-a84a3760bf42,b8beff3d-cb9f-4f6d-af3a-6f27ef06fccb,account,366eb16f-508e-4ad7-b7c9-3acfe059a0ee,2026-06-17T09:23:00Z,2026-06-17,137263893000,100000000,2026-06-14T09:23:00Z,2,100001,7f5b6f7e-1c2d-4a4e-9a51-3a3f1d3c0a01
1e2f6b74-8e7c-409c-abeb-0c9201a67c08,INV-001426,315fd1c0-1f09-41a2-a643-8855f35bd694,337149de-4c81-4646-819b-40b54cebe0e8,b8beff3d-cb9f-4f6d-af3a-6f27ef06fccb,account,366eb16f-508e-4ad7-b7c9-3acfe059a0ee,2026-06-07T09:32:00Z,2026-06-07,203600009000,100000000,2026-06-06T09:32:00Z,2,100001,7f5b6f7e-1c2d-4a4e-9a51-3a3f1d3c0a01
46838bed-11bf-46d3-9725-fbe137b77ca2,INV-001427,bb95bb22-e7a9-4935-9b4e-6477283d2985,fecde4da-cda7-4a26-a311-647da296dd13,b8beff3d-cb9f-4f6d-af3a-6f27ef06fccb,account,366eb16f-508e-4ad7-b7c9-3acfe059a0ee,2026-06-24T08:43:00Z,2026-06-24,49066809000,100000000,2026-06-24T08:43:00Z,2,100001,7f5b6f7e-1c2d-4a4e-9a51-3a3f1d3c0a01
bf569643-42f2-45a7-9adc-bfb93bfc3ef6,INV-001428,1a8ada9f-62ab-43e9-8ed1-1847e3e31f7d,88d3b911-b6e8-43e7-9693-179a9879fc6a,e5508ea2-6133-434d-8b0e-8eb1ad371d9e,account,e27a984d-6548-41d0-bfcd-9eb1a7cad415,2024-07-17T07:34:00Z,2024-08-16,9220534000,1,2024-09-07T12:28:00Z,2,100001,7f5b6f7e-1c2d-4a4e-9a51-3a3f1d3c0a01
22f4e89e-5215-43fe-88fb-b7fa6e4da6d7,INV-001429,4424d6df-4217-45c5-80f5-b55e2a39375d,ea5c2c83-42cf-45b1-92d3-744a98d2f8ba,e5508ea2-6133-434d-8b0e-8eb1ad371d9e,account,e27a984d-6548-41d0-bfcd-9eb1a7cad415,2024-10-21T06:51:00Z,2024-11-20,5306236000,1,2024-11-17T06:23:00Z,2,100001,7f5b6f7e-1c2d-4a4e-9a51-3a3f1d3c0a01
d9f213c1-f3af-4ae3-beff-5ad82c70fed0,INV-001430,d2dab21f-73fd-4e79-84b1-9c44357b8f41,0f6f7478-e86a-41fc-a09e-5fb367bc8417,e5508ea2-6133-434d-8b0e-8eb1ad371d9e,account,e27a984d-6548-41d0-bfcd-9eb1a7cad415,2024-12-14T10:09:00Z,2025-01-13,6673404000,1,2025-01-12T07:13:00Z,2,100001,7f5b6f7e-1c2d-4a4e-9a51-3a3f1d3c0a01
1da5961c-88ad-415f-b379-aa5bb737dc16,INV-001431,73d7512d-66a9-447d-9794-ac514eaa015b,bf66d8c0-0116-499a-ad1e-fb3f6a414300,e5508ea2-6133-434d-8b0e-8eb1ad371d9e,account,e27a984d-6548-41d0-bfcd-9eb1a7cad415,2025-07-16T11:58:00Z,2025-08-15,29694373000,1,2025-09-06T07:29:00Z,2,100001,7f5b6f7e-1c2d-4a4e-9a51-3a3f1d3c0a01
7349b01a-b4a9-4671-8e2c-fcbe632b9e9d,INV-001432,fbd9bfc3-b7af-4b80-9198-8f257b64a6ea,e2a2e7f4-9c00-45a2-9030-c27c2d25f576,e5508ea2-6133-434d-8b0e-8eb1ad371d9e,account,e27a984d-6548-41d0-bfcd-9eb1a7cad415,2025-09-08T09:34:00Z,2025-10-08,14724270000,1,2025-10-11T07:08:00Z,2,100001,7f5b6f7e-1c2d-4a4e-9a51-3a3f1d3c0a01
1bfc3082-9df0-4c86-8cab-6675bcca2455,INV-001433,2f2b3b05-1d6b-4a8d-ba27-b5575e561acb,3cbcc670-516d-4f51-b7fc-98c23a4f5154,585abefb-d181-4f77-a500-1423faebcd19,account,0e51f30d-c6a7-4e39-84b0-32ccd7c524a5,2024-11-26T04:36:00Z,2024-11-26,19628019000,100000000,2024-11-24T04:36:00Z,2,100001,7f5b6f7e-1c2d-4a4e-9a51-3a3f1d3c0a01
f01f9b4f-f2e5-422b-a04e-714678b7a999,INV-001434,97b0263c-4c3a-41e0-8485-a3868bbff31a,8b2550f0-8ab3-4527-9189-87308ec35b02,585abefb-d181-4f77-a500-1423faebcd19,account,0e51f30d-c6a7-4e39-84b0-32ccd7c524a5,2024-12-23T12:44:00Z,2024-12-23,19954762000,100000000,2024-12-23T12:44:00Z,2,100001,7f5b6f7e-1c2d-4a4e-9a51-3a3f1d3c0a01
1c265bfa-4d39-4ddf-8dcf-9d4aa08452b6,INV-001435,e05c0ed9-465f-4318-9ef7-122c6630c220,63379612-7acf-44ea-bec8-909e8976ad5c,585abefb-d181-4f77-a500-1423faebcd19,account,0e51f30d-c6a7-4e39-84b0-32ccd7c524a5,2025-03-11T07:05:00Z,2025-03-11,18062369000,100000000,2025-03-08T07:05:00Z,2,100001,7f5b6f7e-1c2d-4a4e-9a51-3a3f1d3c0a01
b8b593e5-dc13-4a1a-ab34-01554ab51830,INV-001436,8149dfa1-4295-4417-bc13-91d323f69970,86557883-6ef6-4e91-ab8a-741035ea4725,585abefb-d181-4f77-a500-1423faebcd19,account,0e51f30d-c6a7-4e39-84b0-32ccd7c524a5,2025-08-02T09:15:00Z,2025-08-02,75506709000,100000000,2025-07-31T09:15:00Z,2,100001,7f5b6f7e-1c2d-4a4e-9a51-3a3f1d3c0a01
3a9ef05d-09e8-47bd-9ca3-5fe5663444e4,INV-001437,2546b809-e287-4139-9d29-6bfeee2b4858,88d825c8-f945-40b1-8d48-f9c2a9078c48,585abefb-d181-4f77-a500-1423faebcd19,account,0e51f30d-c6a7-4e39-84b0-32ccd7c524a5,2025-09-25T06:31:00Z,2025-09-25,25073093000,100000000,2025-09-25T06:31:00Z,2,100001,7f5b6f7e-1c2d-4a4e-9a51-3a3f1d3c0a01
475a4c6b-8526-4b43-a4af-5fc59c3ed659,INV-001438,5d28c626-0b7b-417e-91a7-279a2e50d815,cdae6f37-8237-41bc-afd2-d40202719235,585abefb-d181-4f77-a500-1423faebcd19,account,0e51f30d-c6a7-4e39-84b0-32ccd7c524a5,2025-10-20T05:47:00Z,2025-10-20,44538352000,100000000,2025-10-18T05:47:00Z,2,100001,7f5b6f7e-1c2d-4a4e-9a51-3a3f1d3c0a01
9c5ead32-feb8-47d9-8234-ee988aae3808,INV-001439,90d6715b-9ca3-456f-b351-d56555b4e689,9d2f7191-743f-491f-b18f-c4c1883c97bd,585abefb-d181-4f77-a500-1423faebcd19,account,0e51f30d-c6a7-4e39-84b0-32ccd7c524a5,2025-12-11T07:07:00Z,2025-12-11,53420503000,100000000,2025-12-11T07:07:00Z,2,100001,7f5b6f7e-1c2d-4a4e-9a51-3a3f1d3c0a01
c974ebc8-1aba-4949-a6ec-d90c64c97b7e,INV-001440,62c6f3aa-222c-455e-a3ad-c6ddebfae2fe,42afe799-913a-46bf-8661-186445e056f8,257f7595-cdfb-4db9-85e7-8b23f4613f09,account,e27a984d-6548-41d0-bfcd-9eb1a7cad415,2024-08-20T07:10:00Z,2024-10-19,53613198000,4,2024-12-19T09:42:00Z,2,100001,7f5b6f7e-1c2d-4a4e-9a51-3a3f1d3c0a01
8a0f954c-5d50-4dc6-93e4-3e9d85bb3e89,INV-001441,fbf4c934-3ca9-42fa-a38c-7b75235cd0ee,16253a11-c9dc-45f4-95b2-ab59d6aa0dc0,257f7595-cdfb-4db9-85e7-8b23f4613f09,account,e27a984d-6548-41d0-bfcd-9eb1a7cad415,2024-10-21T06:30:00Z,2024-12-20,9590982000,4,2024-12-24T04:30:00Z,2,100001,7f5b6f7e-1c2d-4a4e-9a51-3a3f1d3c0a01
54afdda5-9575-4288-a0ce-42572b227b47,INV-001442,a1a1d3c2-3ed2-47af-a126-98206e1cec04,59c9c90f-518f-4109-b78b-aca1500a6dbb,257f7595-cdfb-4db9-85e7-8b23f4613f09,account,e27a984d-6548-41d0-bfcd-9eb1a7cad415,2025-04-12T08:39:00Z,2025-06-11,20573301000,4,2025-06-12T11:00:00Z,2,100001,7f5b6f7e-1c2d-4a4e-9a51-3a3f1d3c0a01
2b601109-cd3a-41f7-8a18-7afe1b4b8126,INV-001443,b16fad6e-db60-40eb-bdfc-a4f2e83b25f7,3070ad9d-c6c5-4ff2-aba2-c1d658ab3daf,257f7595-cdfb-4db9-85e7-8b23f4613f09,account,e27a984d-6548-41d0-bfcd-9eb1a7cad415,2025-08-06T07:58:00Z,2025-10-05,60302569000,4,2025-10-26T06:21:00Z,2,100001,7f5b6f7e-1c2d-4a4e-9a51-3a3f1d3c0a01
381eb205-7c3c-46d1-b516-f3cec78e14ee,INV-001444,31bd4709-312d-4ac3-acf2-e99cd11c22eb,b53dadc3-8f07-4d41-b891-770a98406f8f,f48f709c-49a2-4441-8ac4-de854a5b1aff,account,0e51f30d-c6a7-4e39-84b0-32ccd7c524a5,2024-07-20T12:03:00Z,2024-09-18,14223246000,4,2024-09-21T09:28:00Z,2,100001,7f5b6f7e-1c2d-4a4e-9a51-3a3f1d3c0a01
6e927c8d-5bbd-4375-ba5e-d415fe36c638,INV-001445,4ee553a0-1b9d-48c5-b942-76ef44fc2add,e344595c-f255-40bb-9aab-7592b622bd34,f48f709c-49a2-4441-8ac4-de854a5b1aff,account,0e51f30d-c6a7-4e39-84b0-32ccd7c524a5,2024-11-05T06:20:00Z,2025-01-04,28822398000,4,2025-01-13T07:38:00Z,2,100001,7f5b6f7e-1c2d-4a4e-9a51-3a3f1d3c0a01
32884a0d-0f83-4871-aaf3-72878ff95ca2,INV-001446,b3fc7af1-32e6-4f27-8eb7-e9204f07400f,7c0148b6-ab67-4704-8e40-346acb9caf22,f48f709c-49a2-4441-8ac4-de854a5b1aff,account,0e51f30d-c6a7-4e39-84b0-32ccd7c524a5,2025-05-24T07:01:00Z,2025-07-23,23120577000,4,2025-07-26T12:48:00Z,2,100001,7f5b6f7e-1c2d-4a4e-9a51-3a3f1d3c0a01
4df29652-6507-4d77-ba58-81d9ba85b874,INV-001447,39d983fe-144a-43d5-a6b4-1829979fc494,a170874a-91b4-4a88-b531-756511d970ca,f48f709c-49a2-4441-8ac4-de854a5b1aff,account,0e51f30d-c6a7-4e39-84b0-32ccd7c524a5,2025-06-30T09:26:00Z,2025-08-29,17722340000,4,2025-09-18T13:09:00Z,2,100001,7f5b6f7e-1c2d-4a4e-9a51-3a3f1d3c0a01
37694f48-0fa2-492a-9ec2-878c6f50818d,INV-001448,fa4c7960-4385-4adb-9c58-44aa5cced705,f7376e90-6d4e-47be-bd6a-59c5da858459,f48f709c-49a2-4441-8ac4-de854a5b1aff,account,0e51f30d-c6a7-4e39-84b0-32ccd7c524a5,2025-07-27T07:03:00Z,2025-09-25,117410180000,4,2025-09-24T12:31:00Z,2,100001,7f5b6f7e-1c2d-4a4e-9a51-3a3f1d3c0a01
99e25341-4ee5-4541-9406-0783bfe23f1d,INV-001449,e04600de-e085-4068-b47c-019edb58a9d0,c9430ca1-2c1b-423a-b16d-49d4e4ef8f35,ec8be537-58ab-4778-943b-45e3b6d1f6bb,account,e27a984d-6548-41d0-bfcd-9eb1a7cad415,2024-09-15T09:15:00Z,2024-10-15,20795333000,1,2024-10-14T10:45:00Z,2,100001,7f5b6f7e-1c2d-4a4e-9a51-3a3f1d3c0a01
ca5e0209-5192-440b-acf0-9c90a58f70fc,INV-001450,16c47bf6-f2dd-43ad-a2be-ab68dcd8522e,f06b2558-8991-4e12-9672-17a85139599a,ec8be537-58ab-4778-943b-45e3b6d1f6bb,account,e27a984d-6548-41d0-bfcd-9eb1a7cad415,2024-12-31T06:10:00Z,2025-01-30,14307540000,1,2025-02-03T04:36:00Z,2,100001,7f5b6f7e-1c2d-4a4e-9a51-3a3f1d3c0a01
d8574bac-d303-475d-af39-062a23f04d60,INV-001451,c037ec02-85ec-4786-9b84-6af644afa389,0706f54e-50b4-44c7-8801-235d4665d8e8,ec8be537-58ab-4778-943b-45e3b6d1f6bb,account,e27a984d-6548-41d0-bfcd-9eb1a7cad415,2025-08-07T13:20:00Z,2025-09-06,17161307000,1,2025-09-24T06:52:00Z,2,100001,7f5b6f7e-1c2d-4a4e-9a51-3a3f1d3c0a01
339d5325-a54c-48a6-bfba-9ded6ec23fab,INV-001452,9e77b980-433b-47bd-811c-1193601b6944,5d97670f-55be-452b-b346-c16aab3bc2d0,bf519362-41a6-4fed-a7ed-c8d8713f8f8c,account,0e51f30d-c6a7-4e39-84b0-32ccd7c524a5,2024-10-17T13:05:00Z,2024-12-16,8206976000,4,2025-01-18T11:26:00Z,2,100001,7f5b6f7e-1c2d-4a4e-9a51-3a3f1d3c0a01
afcf9026-dac4-44bb-99f2-aff28f2fcf43,INV-001453,08812291-0a9d-4b61-bf56-3f816e3231ea,60133bea-0cc9-4891-9032-bb01b3a120b4,bf519362-41a6-4fed-a7ed-c8d8713f8f8c,account,0e51f30d-c6a7-4e39-84b0-32ccd7c524a5,2024-12-08T12:33:00Z,2025-02-06,44735551000,4,2025-02-22T05:27:00Z,2,100001,7f5b6f7e-1c2d-4a4e-9a51-3a3f1d3c0a01
db5f22de-ac6f-4e3c-be90-aa4d88e9627c,INV-001454,dea5d321-8bda-4cf3-9b35-fbef3976efe2,e0cb8607-8645-4552-af1a-8e562bc86e46,bf519362-41a6-4fed-a7ed-c8d8713f8f8c,account,0e51f30d-c6a7-4e39-84b0-32ccd7c524a5,2025-04-17T06:30:00Z,2025-06-16,31503002000,4,2025-07-12T09:20:00Z,2,100001,7f5b6f7e-1c2d-4a4e-9a51-3a3f1d3c0a01
c0df7577-7c0c-43aa-ac7f-3ecfa152c49c,INV-001455,c2e91804-b1da-4332-a188-8f6a22f2e3e0,d4041043-7016-46be-b556-27b9d265eab6,bf519362-41a6-4fed-a7ed-c8d8713f8f8c,account,0e51f30d-c6a7-4e39-84b0-32ccd7c524a5,2025-09-13T05:56:00Z,2025-11-12,27397875000,4,2025-11-11T08:54:00Z,2,100001,7f5b6f7e-1c2d-4a4e-9a51-3a3f1d3c0a01
3fe6ec6e-0036-4f77-9348-2b48d6d860b0,INV-001456,f0a5b12b-ce34-43b0-9a69-ab00786c5ee8,0a3d0921-34da-4401-bfce-e74a4c0d0475,bf519362-41a6-4fed-a7ed-c8d8713f8f8c,account,0e51f30d-c6a7-4e39-84b0-32ccd7c524a5,2026-02-21T06:12:00Z,2026-04-22,19782193000,4,2026-05-02T08:12:00Z,2,100001,7f5b6f7e-1c2d-4a4e-9a51-3a3f1d3c0a01
fa707f8c-32d8-4fd9-8c7d-192fb659a329,INV-001457,34052070-4a64-4082-9088-bfa918c14175,d98a3df6-6b6f-47b5-b6d6-66b0bdcbc535,d3f4a49b-33ba-4a88-b6c7-d6fa7aa4f052,account,5304317f-af42-412f-b838-b3268e944239,2024-07-29T06:18:00Z,2024-08-28,12660097000,1,2024-08-27T08:27:00Z,2,100001,7f5b6f7e-1c2d-4a4e-9a51-3a3f1d3c0a01
6c5051df-e219-4ce5-b13d-e91d508a04ad,INV-001458,15089e86-d2b2-4df0-b6ee-da9f5957c7fb,fdedcfa1-0873-489e-803c-fad4a4eeab71,d3f4a49b-33ba-4a88-b6c7-d6fa7aa4f052,account,5304317f-af42-412f-b838-b3268e944239,2024-12-19T08:56:00Z,2025-01-18,14995426000,1,2025-01-25T12:49:00Z,2,100001,7f5b6f7e-1c2d-4a4e-9a51-3a3f1d3c0a01
4e81fff0-2860-4fcb-af5e-ab58fc297383,INV-001459,e616b6b7-d1c8-43a0-8fd0-71d3a94a9958,87da550d-68f1-4945-8ad7-55c99f43fcc2,d3f4a49b-33ba-4a88-b6c7-d6fa7aa4f052,account,5304317f-af42-412f-b838-b3268e944239,2025-08-18T07:49:00Z,2025-09-17,23618120000,1,2025-09-14T06:30:00Z,2,100001,7f5b6f7e-1c2d-4a4e-9a51-3a3f1d3c0a01
272af20a-e5f7-4087-9d36-8add0bc2cc8a,INV-001460,a00df841-197c-44f6-b0f0-392f664d006f,9b3f5c51-9254-409e-a3c9-7b63e0cdd3ee,d3f4a49b-33ba-4a88-b6c7-d6fa7aa4f052,account,5304317f-af42-412f-b838-b3268e944239,2026-05-09T12:00:00Z,2026-06-08,20625094000,1,2026-06-09T11:00:00Z,2,100001,7f5b6f7e-1c2d-4a4e-9a51-3a3f1d3c0a01
bf0a02c1-53b2-4e8c-a69b-f4dd34f11f91,INV-001461,12a8a6c8-35c7-4197-bc48-70b3e08b7e78,4e4c25c2-f258-4b1b-b9dc-f9bd3d7a492a,1bf645f6-2324-4211-8588-fc1bb2384849,account,e27a984d-6548-41d0-bfcd-9eb1a7cad415,2025-04-07T10:34:00Z,2025-05-07,13722655000,1,2025-05-15T04:45:00Z,2,100001,7f5b6f7e-1c2d-4a4e-9a51-3a3f1d3c0a01
a6880425-3ade-4ad9-881f-7f1b5efc4d65,INV-001462,a28b4260-ff3a-42d1-af3a-ba5ddef94987,5cb6ff4b-3c21-44d6-8db3-fcd7efe95ac2,1bf645f6-2324-4211-8588-fc1bb2384849,account,e27a984d-6548-41d0-bfcd-9eb1a7cad415,2025-04-17T11:17:00Z,2025-05-17,24471092000,1,2025-06-07T11:29:00Z,2,100001,7f5b6f7e-1c2d-4a4e-9a51-3a3f1d3c0a01
3f78a54e-2841-4089-913e-f7a3e6bb4a4c,INV-001463,f8bccf85-7c68-4185-9a9e-0aa25fcb4ea4,d1b43f6f-00ed-4120-9222-078af8bffbfe,1bf645f6-2324-4211-8588-fc1bb2384849,account,e27a984d-6548-41d0-bfcd-9eb1a7cad415,2025-07-23T09:51:00Z,2025-08-22,22175447000,1,2025-09-03T10:35:00Z,2,100001,7f5b6f7e-1c2d-4a4e-9a51-3a3f1d3c0a01
f63d5e7f-6265-498b-9316-e6d84782d991,INV-001464,cfa933d5-4739-40c8-87ed-14ef1de31ff7,d4400c06-da15-4701-8c19-79af137e9bfb,1bf645f6-2324-4211-8588-fc1bb2384849,account,e27a984d-6548-41d0-bfcd-9eb1a7cad415,2026-03-26T08:58:00Z,2026-04-25,25839336000,1,2026-05-18T12:26:00Z,2,100001,7f5b6f7e-1c2d-4a4e-9a51-3a3f1d3c0a01
f28aa885-62ac-49ee-8526-cbefe32eb786,INV-001465,69cbc7c8-9ab2-4baa-8663-371242537e65,df6c5de9-7ff1-47ba-a57e-342254833af6,3d4196fe-963a-4617-bdab-07e79d9d028e,account,10f1bc81-448a-4a9e-a6b2-bc5b50c187fc,2024-09-14T05:21:00Z,2024-10-14,31192453000,1,2024-10-22T09:59:00Z,2,100001,7f5b6f7e-1c2d-4a4e-9a51-3a3f1d3c0a01
2e874399-18ba-4849-917c-5b450637e9cf,INV-001466,a3ed831d-4be9-4b31-9e25-aa905d455adc,bd0cbd92-0d65-449d-b7d6-074d33fce494,3d4196fe-963a-4617-bdab-07e79d9d028e,account,10f1bc81-448a-4a9e-a6b2-bc5b50c187fc,2025-03-13T12:02:00Z,2025-04-12,82322238000,1,2025-04-29T06:48:00Z,2,100001,7f5b6f7e-1c2d-4a4e-9a51-3a3f1d3c0a01
ea1c3946-4afe-4484-91ca-cd0e03767699,INV-001467,849e0d47-a802-4e33-9df2-be0481658217,3947ade1-0011-485f-b69b-8d3da0618766,3d4196fe-963a-4617-bdab-07e79d9d028e,account,10f1bc81-448a-4a9e-a6b2-bc5b50c187fc,2025-04-26T13:04:00Z,2025-05-26,66214583000,1,2025-05-27T09:10:00Z,2,100001,7f5b6f7e-1c2d-4a4e-9a51-3a3f1d3c0a01
518afa5f-9c4f-442f-9554-a0a564e94583,INV-001468,f4053660-4875-4726-8cae-3708f7e8a941,bd475e81-c5da-438d-8af4-d3411e46fe54,3d4196fe-963a-4617-bdab-07e79d9d028e,account,10f1bc81-448a-4a9e-a6b2-bc5b50c187fc,2025-10-27T10:05:00Z,2025-11-26,13251125000,1,2025-11-25T08:54:00Z,2,100001,7f5b6f7e-1c2d-4a4e-9a51-3a3f1d3c0a01
a2cf028b-83a9-46d7-8f70-186f4e8e8ae7,INV-001469,0fff731d-eea9-4e6f-9cd3-8419783f3d47,c65a85b5-bd4d-4eef-9c6f-19d87d648655,3d4196fe-963a-4617-bdab-07e79d9d028e,account,10f1bc81-448a-4a9e-a6b2-bc5b50c187fc,2025-12-03T12:07:00Z,2026-01-02,33675435000,1,2026-01-01T07:56:00Z,2,100001,7f5b6f7e-1c2d-4a4e-9a51-3a3f1d3c0a01
d137f0b8-5368-46c7-bba2-4bffefd6952a,INV-001470,92581c47-9f5d-401d-9558-25a8ddec8a47,a5b5a9c7-ebff-4965-a8d3-fe31e5f3fe47,3d4196fe-963a-4617-bdab-07e79d9d028e,account,10f1bc81-448a-4a9e-a6b2-bc5b50c187fc,2026-06-20T11:27:00Z,2026-07-20,38058986000,1,,0,4,7f5b6f7e-1c2d-4a4e-9a51-3a3f1d3c0a01
9bcc2ba7-54fb-40f2-a1a5-2df28f8cec3d,INV-001471,2486b2ef-12e9-4f7d-b62a-264b167be2f8,8d0c83ef-113d-4967-89f9-0f49eace542d,e7ba26ac-ab7a-4d1c-8cfe-f6833e11bafe,account,5304317f-af42-412f-b838-b3268e944239,2024-09-17T05:28:00Z,2024-09-17,6891516000,100000000,2024-09-17T05:28:00Z,2,100001,7f5b6f7e-1c2d-4a4e-9a51-3a3f1d3c0a01
d82efc41-8f90-4f81-9c57-9337a51cf515,INV-001472,afa42fa5-f2ff-4239-b219-44bc36f64590,29c67cdd-b333-4434-9a67-487577bda75a,e7ba26ac-ab7a-4d1c-8cfe-f6833e11bafe,account,5304317f-af42-412f-b838-b3268e944239,2024-09-19T10:11:00Z,2024-09-19,7148787000,100000000,2024-09-18T10:11:00Z,2,100001,7f5b6f7e-1c2d-4a4e-9a51-3a3f1d3c0a01
d9a4f56e-639e-4eca-ba99-70fa7ffa12d9,INV-001473,0bdcd35f-1274-4759-a8f8-5c84221b0bd7,1165fe42-7dae-4a64-a86c-95ded605b279,e7ba26ac-ab7a-4d1c-8cfe-f6833e11bafe,account,5304317f-af42-412f-b838-b3268e944239,2025-01-11T06:03:00Z,2025-01-11,14375029000,100000000,2025-01-10T06:03:00Z,2,100001,7f5b6f7e-1c2d-4a4e-9a51-3a3f1d3c0a01
e06dbed0-40c9-4b3d-862d-9a0d6cdd19b3,INV-001474,d3e682e0-9e62-4cf1-a47b-5728bb296c69,3f3d1ac8-e9c7-410c-8153-0605b3e5d9ce,e7ba26ac-ab7a-4d1c-8cfe-f6833e11bafe,account,5304317f-af42-412f-b838-b3268e944239,2025-04-07T09:49:00Z,2025-04-07,22756018000,100000000,2025-04-06T09:49:00Z,2,100001,7f5b6f7e-1c2d-4a4e-9a51-3a3f1d3c0a01
160f7b84-5a69-4a33-ad47-f8b714e8b4f5,INV-001475,9812e06b-a1d5-4786-b8c4-5eabf2d3ad3f,3192dca1-eff7-489c-ae22-3478c81e6cdc,e7ba26ac-ab7a-4d1c-8cfe-f6833e11bafe,account,5304317f-af42-412f-b838-b3268e944239,2026-01-06T07:48:00Z,2026-01-06,26826968000,100000000,2026-01-06T07:48:00Z,2,100001,7f5b6f7e-1c2d-4a4e-9a51-3a3f1d3c0a01
5325022d-6bb3-4e66-a73e-2af36349cb25,INV-001476,90c8e894-3844-44e8-8d4f-2cc5ca9fd818,33324a1e-87a3-4ca1-ace8-3fd37d0dfb64,e7ba26ac-ab7a-4d1c-8cfe-f6833e11bafe,account,5304317f-af42-412f-b838-b3268e944239,2025-12-13T05:10:00Z,2025-12-13,4983649000,100000000,2025-12-10T05:10:00Z,2,100001,7f5b6f7e-1c2d-4a4e-9a51-3a3f1d3c0a01
8848941f-ff89-4b0d-9d00-3654c4fa81ab,INV-001477,5bc06836-991a-4f0d-91ea-13988bbd94c3,c796147e-50e5-429d-9433-bd455346820b,e7ba26ac-ab7a-4d1c-8cfe-f6833e11bafe,account,5304317f-af42-412f-b838-b3268e944239,2026-03-07T12:06:00Z,2026-03-07,28253756000,100000000,2026-03-04T12:06:00Z,2,100001,7f5b6f7e-1c2d-4a4e-9a51-3a3f1d3c0a01
15f6eb66-4ab1-4193-9957-4b91e15eb0b5,INV-001478,760f0126-7b15-4c15-a35a-c0101d3821ce,20a73d18-abe3-4ccc-9ea8-ccded7e2a3dc,3b9b2d45-a350-45e4-b9c5-9df987f255d6,account,5304317f-af42-412f-b838-b3268e944239,2024-11-23T05:39:00Z,2024-11-23,9833298000,100000000,2024-11-21T05:39:00Z,2,100001,7f5b6f7e-1c2d-4a4e-9a51-3a3f1d3c0a01
0c41a0b3-7ca1-40e0-9780-c7e76a20b7d1,INV-001479,0775f5df-7625-427b-8057-d218b7703fad,67c0bfd2-57b0-41b7-91ad-8a503e374ad3,3b9b2d45-a350-45e4-b9c5-9df987f255d6,account,5304317f-af42-412f-b838-b3268e944239,2026-05-26T07:46:00Z,2026-05-26,11543753000,100000000,2026-05-25T07:46:00Z,2,100001,7f5b6f7e-1c2d-4a4e-9a51-3a3f1d3c0a01
ad5b0e11-4cdc-43c5-b63e-4b65fea6ba38,INV-001480,6201d7f6-fc99-4ff6-a4fc-3f5b1bd4a725,f6fee124-ec92-4690-bf48-8d3921614034,548e1f6b-69ce-4e4e-99a6-92c90d700ea4,account,beb79919-3f22-4af8-a3be-d01d43cf2fde,2024-09-11T12:29:00Z,2024-11-10,25255732000,4,2024-11-07T11:30:00Z,2,100001,7f5b6f7e-1c2d-4a4e-9a51-3a3f1d3c0a01
b3442432-12dd-4c00-9d05-89681958b5dd,INV-001481,01c54193-2208-42bb-9799-c37043672bb1,ae9652e4-9443-4dd6-8fb5-cde7aa29ee0b,ae62990c-19bd-4f93-b8ef-7666b7a4c719,account,24933b83-7577-40a9-a491-f0b2ea1fca65,2024-08-14T11:18:00Z,2024-10-13,16567902000,4,2024-10-16T05:23:00Z,2,100001,7f5b6f7e-1c2d-4a4e-9a51-3a3f1d3c0a01
489b7f0b-0fbc-4bee-b25d-0928e54cc9a3,INV-001482,890d4daa-d9d3-4238-8fdc-b1a2f717524e,c5bdcda1-de85-4b9e-840f-6693089b5c0a,f6eab3a0-0153-4221-a331-0a28c550eca8,account,10f1bc81-448a-4a9e-a6b2-bc5b50c187fc,2025-10-29T07:59:00Z,2025-10-29,41221315000,100000000,2025-10-27T07:59:00Z,2,100001,7f5b6f7e-1c2d-4a4e-9a51-3a3f1d3c0a01
47fcc41c-3cf4-43f4-ad97-667bd999c533,INV-001483,16e5e5d5-617e-42ba-82df-36af77dac902,7da57cdb-9bfc-4c75-af00-ff2acf3616af,f6eab3a0-0153-4221-a331-0a28c550eca8,account,10f1bc81-448a-4a9e-a6b2-bc5b50c187fc,2025-11-20T09:24:00Z,2025-11-20,26331880000,100000000,2025-11-20T09:24:00Z,2,100001,7f5b6f7e-1c2d-4a4e-9a51-3a3f1d3c0a01
bc9e4870-bc34-44a0-b6ec-4a556c3c69dc,INV-001484,dd0b80e9-55a7-485e-8718-56230a06930f,85d8a26f-33c5-4cbc-8e15-0d9e5bc5c2c4,f6eab3a0-0153-4221-a331-0a28c550eca8,account,10f1bc81-448a-4a9e-a6b2-bc5b50c187fc,2026-03-21T07:57:00Z,2026-03-21,71334904000,100000000,2026-03-21T07:57:00Z,2,100001,7f5b6f7e-1c2d-4a4e-9a51-3a3f1d3c0a01
89dd2d2f-d172-4e23-af9d-98fcca106ff6,INV-001485,86088b7c-e239-4082-8096-742007cdb024,2c1094d0-b670-4fca-b332-39596e7ecc35,286ed390-edd9-4a1a-ba58-5b278ce3e7c3,account,5304317f-af42-412f-b838-b3268e944239,2024-10-29T06:56:00Z,2024-11-28,10309716000,1,2024-12-17T08:35:00Z,2,100001,7f5b6f7e-1c2d-4a4e-9a51-3a3f1d3c0a01
a8653e07-e2ac-4d0a-8a64-cde794709eab,INV-001486,6d8f21cb-7688-40cf-8208-4d86f6a478d7,3161d468-a6c9-4498-8849-11f6fbac38d6,286ed390-edd9-4a1a-ba58-5b278ce3e7c3,account,5304317f-af42-412f-b838-b3268e944239,2026-01-14T05:26:00Z,2026-02-13,23060718000,1,2026-02-11T06:57:00Z,2,100001,7f5b6f7e-1c2d-4a4e-9a51-3a3f1d3c0a01
fd245dc4-b726-4dbf-80b0-962b1af915f6,INV-001487,f4d81593-aa1f-4422-bcbb-7b74426127b9,e27671ee-dd80-420b-896d-04c8caa43d1a,e1721c83-ef5e-4376-a723-fb72682b163a,account,366eb16f-508e-4ad7-b7c9-3acfe059a0ee,2024-08-24T11:54:00Z,2024-10-23,15814745000,4,2024-10-29T05:25:00Z,2,100001,7f5b6f7e-1c2d-4a4e-9a51-3a3f1d3c0a01
c2ca2384-1109-443b-aa27-b40713cc068c,INV-001488,69d8d5e4-50fa-4146-b6c6-9cb8b723bd30,d931c8d5-9fd1-4612-b2ff-28d9b96d0015,e1721c83-ef5e-4376-a723-fb72682b163a,account,366eb16f-508e-4ad7-b7c9-3acfe059a0ee,2024-10-05T07:29:00Z,2024-12-04,3395974000,4,2024-12-03T11:28:00Z,2,100001,7f5b6f7e-1c2d-4a4e-9a51-3a3f1d3c0a01
225a8f3d-c1a2-449f-9473-5effc7811143,INV-001489,d91d0449-ae4c-44b6-bd3b-7fdea98913a6,551a6f68-26dc-415b-bffa-d52542a0cfc4,e1721c83-ef5e-4376-a723-fb72682b163a,account,366eb16f-508e-4ad7-b7c9-3acfe059a0ee,2024-10-13T09:18:00Z,2024-12-12,8645996000,4,2024-12-15T10:55:00Z,2,100001,7f5b6f7e-1c2d-4a4e-9a51-3a3f1d3c0a01
65ccf48d-e35c-42de-a894-b617313c9da2,INV-001490,25df2bc4-a9bc-499b-97f3-6d1d37a28ad0,cd6c71ad-fe15-4154-9fb4-22286c705a56,e1721c83-ef5e-4376-a723-fb72682b163a,account,366eb16f-508e-4ad7-b7c9-3acfe059a0ee,2024-12-04T05:28:00Z,2025-02-02,18224445000,4,2025-02-01T13:19:00Z,2,100001,7f5b6f7e-1c2d-4a4e-9a51-3a3f1d3c0a01
e5ec3026-e041-4e6e-a8b3-1d8ebd9d0fc0,INV-001491,e5a0c381-168a-40f1-aaa0-64fc80b5c4e4,577d5639-2bd3-4bba-8881-eb6d75813d88,e1721c83-ef5e-4376-a723-fb72682b163a,account,366eb16f-508e-4ad7-b7c9-3acfe059a0ee,2025-05-15T06:24:00Z,2025-07-14,11702127000,4,2025-08-07T08:59:00Z,2,100001,7f5b6f7e-1c2d-4a4e-9a51-3a3f1d3c0a01
b62aa79b-f83b-4b77-a043-6eff37660033,INV-001492,f89d9fb8-c3bb-440f-bbf8-19fe6c86fa85,e318fc6d-c4aa-4cc8-b94f-df02499d260b,e1721c83-ef5e-4376-a723-fb72682b163a,account,366eb16f-508e-4ad7-b7c9-3acfe059a0ee,2025-08-03T12:20:00Z,2025-10-02,8383488000,4,2025-11-09T12:40:00Z,2,100001,7f5b6f7e-1c2d-4a4e-9a51-3a3f1d3c0a01
57ff6f1f-b4ad-4398-9ffd-e73a1ca828af,INV-001493,a9fa93fd-b31a-4e69-bb36-03a460387587,c4f1bbd1-6075-419a-9a1b-1b7cee33602f,e1721c83-ef5e-4376-a723-fb72682b163a,account,366eb16f-508e-4ad7-b7c9-3acfe059a0ee,2025-09-27T07:59:00Z,2025-11-26,6810097000,4,2025-11-29T13:17:00Z,2,100001,7f5b6f7e-1c2d-4a4e-9a51-3a3f1d3c0a01
fdc706a7-bff3-4bbf-95c5-124ac2161d8b,INV-001494,05c58c20-3299-4294-98c4-2daed6f19e40,c9f39a50-44b8-41f4-bda3-0c670f5f80fe,e1721c83-ef5e-4376-a723-fb72682b163a,account,366eb16f-508e-4ad7-b7c9-3acfe059a0ee,2025-10-09T09:17:00Z,2025-12-08,23768564000,4,2025-12-18T06:11:00Z,2,100001,7f5b6f7e-1c2d-4a4e-9a51-3a3f1d3c0a01
d62e3a37-1e90-4f61-a4a8-5ca24d0c4a13,INV-001495,38750319-cdad-4dae-802e-850645034176,329347d7-bffa-427c-a3b9-efe98bce1fa9,e1721c83-ef5e-4376-a723-fb72682b163a,account,366eb16f-508e-4ad7-b7c9-3acfe059a0ee,2025-09-14T08:37:00Z,2025-11-13,6842728000,4,2025-11-13T09:06:00Z,2,100001,7f5b6f7e-1c2d-4a4e-9a51-3a3f1d3c0a01
ed79d9af-770f-4205-9d59-a8134101e34a,INV-001496,7f4e0614-a8d9-4b03-b1fa-e3a5e159e8db,d874654f-ee58-4d90-85ce-021b30e3c45e,e1721c83-ef5e-4376-a723-fb72682b163a,account,366eb16f-508e-4ad7-b7c9-3acfe059a0ee,2025-12-25T05:49:00Z,2026-02-23,6796593000,4,2026-02-21T06:15:00Z,2,100001,7f5b6f7e-1c2d-4a4e-9a51-3a3f1d3c0a01
5e9a5f82-705c-4723-9720-88cec288e426,INV-001497,2b524469-9416-4b69-b12e-203f0313a685,11b47c56-938a-4f97-ac41-3e13fcc44fbb,e1721c83-ef5e-4376-a723-fb72682b163a,account,366eb16f-508e-4ad7-b7c9-3acfe059a0ee,2026-02-03T12:14:00Z,2026-04-04,14351275000,4,2026-04-16T08:10:00Z,2,100001,7f5b6f7e-1c2d-4a4e-9a51-3a3f1d3c0a01
051b54c7-5d85-4999-a22b-69192698a08c,INV-001498,98887a88-43e5-4759-829b-abe95a31b7d2,c3b94545-c6cb-4c4e-9d8e-9af7c35d1bed,e1721c83-ef5e-4376-a723-fb72682b163a,account,366eb16f-508e-4ad7-b7c9-3acfe059a0ee,2026-05-16T08:20:00Z,2026-07-15,9837384000,4,,0,4,7f5b6f7e-1c2d-4a4e-9a51-3a3f1d3c0a01
0805c75d-e91b-43fa-b5fe-e64f89737f10,INV-001499,c0a6a6e8-0acd-49df-bb11-6d22d30d8289,cea0eda4-ce2c-4f56-873a-b417d0f52235,a689b424-7a3a-40e1-b9c7-73a0e0decc3d,account,0e51f30d-c6a7-4e39-84b0-32ccd7c524a5,2024-11-16T08:21:00Z,2025-01-15,17057883000,4,2025-02-04T05:15:00Z,2,100001,7f5b6f7e-1c2d-4a4e-9a51-3a3f1d3c0a01
fca954b1-4bce-4e5a-9599-bb5010e08c0a,INV-001500,c01a587a-1e79-4399-add5-2fbecd62584f,19cf71ad-6e36-464f-b4f6-e18a31dc2aaf,a689b424-7a3a-40e1-b9c7-73a0e0decc3d,account,0e51f30d-c6a7-4e39-84b0-32ccd7c524a5,2025-07-07T07:46:00Z,2025-09-05,20411826000,4,2025-09-07T12:17:00Z,2,100001,7f5b6f7e-1c2d-4a4e-9a51-3a3f1d3c0a01
b9561caa-1405-4964-97df-6ee74019d361,INV-001501,c7e9bd6c-ca82-49fc-9d01-4f859cb08acd,1d3bd2a8-a703-456d-8b3b-62b384926350,a689b424-7a3a-40e1-b9c7-73a0e0decc3d,account,0e51f30d-c6a7-4e39-84b0-32ccd7c524a5,2025-07-15T10:30:00Z,2025-09-13,10289722000,4,2025-09-11T13:15:00Z,2,100001,7f5b6f7e-1c2d-4a4e-9a51-3a3f1d3c0a01
adae7f46-9f7e-4ec6-b294-612261e20f56,INV-001502,d73bb4a6-5809-432f-b16c-9fd055acb935,f902d4ae-6ad7-47aa-afae-b8c46fffdcdf,4988e418-f6c3-4218-8183-6315330f8be1,account,ce177b4e-0837-48a3-9261-a7ab3aa2e4f9,2024-07-29T10:37:00Z,2024-07-29,21257766000,100000000,2024-07-29T10:37:00Z,2,100001,7f5b6f7e-1c2d-4a4e-9a51-3a3f1d3c0a01
34f49f4c-e7a6-403f-8820-16951f2158f1,INV-001503,1e41361d-957d-4de3-8b00-5de316db34c3,8c3fe695-0278-423e-85a4-bafee57ebbbe,4988e418-f6c3-4218-8183-6315330f8be1,account,ce177b4e-0837-48a3-9261-a7ab3aa2e4f9,2024-08-04T11:15:00Z,2024-08-04,35308903000,100000000,2024-08-04T11:15:00Z,2,100001,7f5b6f7e-1c2d-4a4e-9a51-3a3f1d3c0a01
c351ab31-aecd-4f58-860e-89ddf8b4a161,INV-001504,67b36cee-7e6e-4029-8bc1-79f36d29c7bc,d9a820ea-52a6-40bd-8625-bb80a2b18462,0f25477d-a559-40e7-8910-fade52380bf2,account,366eb16f-508e-4ad7-b7c9-3acfe059a0ee,2024-08-03T12:49:00Z,2024-11-01,107138232000,100000001,2024-11-04T08:01:00Z,2,100001,7f5b6f7e-1c2d-4a4e-9a51-3a3f1d3c0a01
93d24364-51a9-4820-9333-e58c7d8279a3,INV-001505,d028a464-bc35-407b-bd76-cb8b5d7a3a03,97a7066c-e16c-493e-9d39-68d991e7702e,098c60b3-efc9-409e-99af-6e09b91e3d6e,account,10f1bc81-448a-4a9e-a6b2-bc5b50c187fc,2026-05-06T06:32:00Z,2026-07-05,30313886000,4,,0,4,7f5b6f7e-1c2d-4a4e-9a51-3a3f1d3c0a01
cb3fa2b1-cda4-4d57-8108-a22ce0127524,INV-001506,244d7a16-fb9d-46ea-b410-1619594e81f1,1f0eb46a-89d2-403f-8757-c819da493f2e,6afa828c-2cd1-4b9f-abe5-841fe9c96c52,account,366eb16f-508e-4ad7-b7c9-3acfe059a0ee,2024-09-24T06:24:00Z,2024-09-24,25413176000,100000000,2024-09-24T06:24:00Z,2,100001,7f5b6f7e-1c2d-4a4e-9a51-3a3f1d3c0a01
4b8c5328-0c36-48c3-bb67-8b6a83e26ad2,INV-001507,75518597-2722-43f1-a9e0-23047e54d133,87de5d43-fc87-43a5-9db5-42e21fe5d2a8,d61169a1-ff46-46bf-894d-916deb6d2fed,account,366eb16f-508e-4ad7-b7c9-3acfe059a0ee,2024-10-28T05:07:00Z,2024-11-27,22344974000,1,2024-12-02T11:28:00Z,2,100001,7f5b6f7e-1c2d-4a4e-9a51-3a3f1d3c0a01
34410d04-6f48-4373-8590-1f491db585fe,INV-001508,d31d9be0-086a-479a-aa12-93e32f63da02,1d2c340d-2dc6-455f-af54-559c5a09fe46,2fb21e66-7ed1-4aab-89b7-c9bc65a16fa9,account,366eb16f-508e-4ad7-b7c9-3acfe059a0ee,2024-12-10T10:50:00Z,2025-01-09,18397847000,1,2025-01-06T10:16:00Z,2,100001,7f5b6f7e-1c2d-4a4e-9a51-3a3f1d3c0a01
005657d4-f32e-4da4-8eae-bd2598e6bdd5,INV-001509,a23f3dc8-21e1-4a18-bd83-b67ddd039c8b,eef58f75-33b7-472b-b756-457152e9e257,2fb21e66-7ed1-4aab-89b7-c9bc65a16fa9,account,366eb16f-508e-4ad7-b7c9-3acfe059a0ee,2025-11-26T06:29:00Z,2025-12-26,8791303000,1,2025-12-23T08:15:00Z,2,100001,7f5b6f7e-1c2d-4a4e-9a51-3a3f1d3c0a01
c25fe007-988b-4fc9-87ed-bfe79acb860e,INV-001510,84a01954-d9c9-4ec3-a1b5-c8a3da4d7550,86886de0-1d80-4279-bebc-b21ef97ab164,0997623a-e072-4d96-8a1a-81f5ed10f004,account,24933b83-7577-40a9-a491-f0b2ea1fca65,2024-08-01T11:20:00Z,2024-09-30,53486812000,4,2024-10-23T07:26:00Z,2,100001,7f5b6f7e-1c2d-4a4e-9a51-3a3f1d3c0a01
4bb6ca68-8ac1-4533-8cd0-a7986fd0ae82,INV-001511,0714d17c-42ee-405d-9107-00bdd67f8277,ed5600d0-37d2-421f-89a2-875b35aded4e,9a4ffc0c-9165-42ed-8c63-6e95025f5543,account,366eb16f-508e-4ad7-b7c9-3acfe059a0ee,2024-10-29T07:39:00Z,2024-10-29,12805922000,100000000,2024-10-28T07:39:00Z,2,100001,7f5b6f7e-1c2d-4a4e-9a51-3a3f1d3c0a01
f5af647f-7e44-44bf-911b-e48481de5f73,INV-001512,9e234573-8166-484b-bc62-c0307741cf44,733f1c83-294d-45fb-8248-2b900a104450,9a4ffc0c-9165-42ed-8c63-6e95025f5543,account,366eb16f-508e-4ad7-b7c9-3acfe059a0ee,2025-01-11T09:23:00Z,2025-01-11,19349059000,100000000,2025-01-10T09:23:00Z,2,100001,7f5b6f7e-1c2d-4a4e-9a51-3a3f1d3c0a01
98274a34-ec4e-43d0-9adb-c6788d96c34c,INV-001513,7a7cc8cd-8014-40ac-b259-b26b159d47e1,4240fca0-6783-4e79-9294-72b0ce783cfe,9a4ffc0c-9165-42ed-8c63-6e95025f5543,account,366eb16f-508e-4ad7-b7c9-3acfe059a0ee,2025-01-06T05:08:00Z,2025-01-06,71122919000,100000000,2025-01-04T05:08:00Z,2,100001,7f5b6f7e-1c2d-4a4e-9a51-3a3f1d3c0a01
0318304c-9806-4ee8-a986-60f8be7dcd86,INV-001514,ba296e44-3e16-4d9e-a4da-4ce4649ce43f,7842feb5-e758-44cd-b73b-8ae08aa33142,9a4ffc0c-9165-42ed-8c63-6e95025f5543,account,366eb16f-508e-4ad7-b7c9-3acfe059a0ee,2025-03-22T12:50:00Z,2025-03-22,81655323000,100000000,2025-03-21T12:50:00Z,2,100001,7f5b6f7e-1c2d-4a4e-9a51-3a3f1d3c0a01
4c8957cc-219f-4546-aaa9-526948a52495,INV-001515,ca7351a8-2f9f-4513-9eaa-e3cf4a1cbd2c,f2b31bb5-8bd2-4305-8f10-57ddf55255e5,9a4ffc0c-9165-42ed-8c63-6e95025f5543,account,366eb16f-508e-4ad7-b7c9-3acfe059a0ee,2025-04-19T04:44:00Z,2025-04-19,61635266000,100000000,2025-04-18T04:44:00Z,2,100001,7f5b6f7e-1c2d-4a4e-9a51-3a3f1d3c0a01
8aff5454-de28-4010-9926-194eb175e5a7,INV-001516,df14d079-de24-4592-9322-3935d1f4c9c2,eb210875-21fa-4168-a264-24e39c928890,9a4ffc0c-9165-42ed-8c63-6e95025f5543,account,366eb16f-508e-4ad7-b7c9-3acfe059a0ee,2025-06-12T08:37:00Z,2025-06-12,82434726000,100000000,2025-06-12T08:37:00Z,2,100001,7f5b6f7e-1c2d-4a4e-9a51-3a3f1d3c0a01
3c6a7b99-a7d0-43ad-bb8e-d1d2a08ef2b2,INV-001517,a2b24143-e74d-47c9-8443-0ddb02a7df82,3338db8c-7e60-4145-b1a6-c71a26c7966d,9a4ffc0c-9165-42ed-8c63-6e95025f5543,account,366eb16f-508e-4ad7-b7c9-3acfe059a0ee,2025-08-23T11:34:00Z,2025-08-23,48044492000,100000000,2025-08-21T11:34:00Z,2,100001,7f5b6f7e-1c2d-4a4e-9a51-3a3f1d3c0a01
5ea81e08-6d44-4378-a661-d9e67a1d8bf9,INV-001518,902e0dde-a062-4f54-8fd2-e0977ee13222,f6d9e3a2-aaf3-4b93-9e2f-98c0beb5177c,9a4ffc0c-9165-42ed-8c63-6e95025f5543,account,366eb16f-508e-4ad7-b7c9-3acfe059a0ee,2025-12-30T09:44:00Z,2025-12-30,25621625000,100000000,2025-12-29T09:44:00Z,2,100001,7f5b6f7e-1c2d-4a4e-9a51-3a3f1d3c0a01
47c6d770-4090-44bb-88f0-7eea51e83c0f,INV-001519,29542781-f26b-4c4a-95d0-fb7004df6f26,a04cc880-b59a-4fec-a395-9508cfc07c21,9a4ffc0c-9165-42ed-8c63-6e95025f5543,account,366eb16f-508e-4ad7-b7c9-3acfe059a0ee,2026-02-04T04:39:00Z,2026-02-04,112468339000,100000000,2026-02-02T04:39:00Z,2,100001,7f5b6f7e-1c2d-4a4e-9a51-3a3f1d3c0a01
8a26371e-3f8d-4b76-995a-c6164840a43c,INV-001520,d1048076-f2e6-4a9b-8da1-86d5c4448dd9,ffcb6fa8-6c0f-422d-bb58-e5b697fbcdcb,9a4ffc0c-9165-42ed-8c63-6e95025f5543,account,366eb16f-508e-4ad7-b7c9-3acfe059a0ee,2026-04-20T08:39:00Z,2026-04-20,56411797000,100000000,2026-04-20T08:39:00Z,2,100001,7f5b6f7e-1c2d-4a4e-9a51-3a3f1d3c0a01
2dd509e6-0d64-4c0a-8105-7ea56b707f6d,INV-001521,d7a1d554-4197-45eb-9063-ae8b83637cfd,e79fef82-87ac-4085-abe5-f0b5c5d9663a,9a4ffc0c-9165-42ed-8c63-6e95025f5543,account,366eb16f-508e-4ad7-b7c9-3acfe059a0ee,2026-05-20T09:41:00Z,2026-05-20,50868064000,100000000,2026-05-19T09:41:00Z,2,100001,7f5b6f7e-1c2d-4a4e-9a51-3a3f1d3c0a01
d9c25b29-43eb-4ba8-852c-aa4549e343c2,INV-001522,e2f06e75-a075-4677-8ad8-74e81192f37c,473a2bbe-435b-40a5-9c01-cd14177c9e20,55c551fc-fba5-4cc8-adaf-37661b780ede,account,beb79919-3f22-4af8-a3be-d01d43cf2fde,2024-12-24T06:19:00Z,2024-12-24,5367040000,100000000,2024-12-23T06:19:00Z,2,100001,7f5b6f7e-1c2d-4a4e-9a51-3a3f1d3c0a01
b63299e5-bb4b-418e-860c-cd455d80dde6,INV-001523,6c853d03-0a4c-4007-94f6-80e36e3b5ec6,d5a38079-51bd-48af-b732-064605073daf,55c551fc-fba5-4cc8-adaf-37661b780ede,account,beb79919-3f22-4af8-a3be-d01d43cf2fde,2025-01-07T06:57:00Z,2025-01-07,18950627000,100000000,2025-01-04T06:57:00Z,2,100001,7f5b6f7e-1c2d-4a4e-9a51-3a3f1d3c0a01
37aa49a6-455a-4448-ad89-5b4378ac1538,INV-001524,a6dfc87f-a6c3-4058-bad5-e511918d9a31,702baeff-3556-4c63-893d-0e21b7d03f40,55c551fc-fba5-4cc8-adaf-37661b780ede,account,beb79919-3f22-4af8-a3be-d01d43cf2fde,2025-02-20T09:46:00Z,2025-02-20,7204240000,100000000,2025-02-18T09:46:00Z,2,100001,7f5b6f7e-1c2d-4a4e-9a51-3a3f1d3c0a01
f87e21b1-0e02-49a4-92ea-ce637b580e9e,INV-001525,8213ad09-dced-401b-8edc-1fe27fc8de1b,d640f9ee-66c2-453a-9769-5c59223b6577,55c551fc-fba5-4cc8-adaf-37661b780ede,account,beb79919-3f22-4af8-a3be-d01d43cf2fde,2025-02-22T09:13:00Z,2025-02-22,12937732000,100000000,2025-02-20T09:13:00Z,2,100001,7f5b6f7e-1c2d-4a4e-9a51-3a3f1d3c0a01
934c80df-c8a4-4d22-8988-f327f7615bb9,INV-001526,cd9a5a77-aa0f-49cc-b9bc-b087d26ef043,f2304f40-59ba-4590-8eb8-ffea4d8f7891,55c551fc-fba5-4cc8-adaf-37661b780ede,account,beb79919-3f22-4af8-a3be-d01d43cf2fde,2026-02-03T07:35:00Z,2026-02-03,43550790000,100000000,2026-02-03T07:35:00Z,2,100001,7f5b6f7e-1c2d-4a4e-9a51-3a3f1d3c0a01
054c5200-a12b-40ff-8d5a-3dc449d7e8c5,INV-001527,376c05ad-581b-4151-883f-b047247e62ca,74f4181a-3664-4d95-b85e-3eedcc18c831,a42d0cd7-fd35-4f6a-b450-388748d90846,account,e27a984d-6548-41d0-bfcd-9eb1a7cad415,2024-08-19T12:42:00Z,2024-08-19,8924340000,100000000,2024-08-18T12:42:00Z,2,100001,7f5b6f7e-1c2d-4a4e-9a51-3a3f1d3c0a01
6880ea62-d92e-4998-89ee-fe6940a3996f,INV-001528,2e953887-d1eb-4143-b78a-33b2c38c4783,eb6a2290-89ff-49c7-b647-ce3223558665,e3a68a70-7e71-4b55-8639-bd418b15bd94,account,beb79919-3f22-4af8-a3be-d01d43cf2fde,2025-07-14T13:18:00Z,2025-10-12,38154201000,100000001,2026-03-14T12:23:00Z,2,100001,7f5b6f7e-1c2d-4a4e-9a51-3a3f1d3c0a01
18595dbd-6604-42ac-b334-27e8878b23de,INV-001529,440786f8-2c93-4859-8843-95732834c685,e0f726ba-2180-4a96-8bcf-55e2eef6eee2,e3a68a70-7e71-4b55-8639-bd418b15bd94,account,beb79919-3f22-4af8-a3be-d01d43cf2fde,2026-04-05T12:51:00Z,2026-07-04,64753798000,100000001,,0,4,7f5b6f7e-1c2d-4a4e-9a51-3a3f1d3c0a01
822ac317-f9aa-40f2-b389-6fbb9b6ebde1,INV-001530,5d2e30c6-a3ab-48be-bf1e-a1c087bd318f,65c0ade1-19d7-4aba-9f30-01027ec97501,cf0e6d2b-315c-467a-85d8-a6ad77d0359e,account,e27a984d-6548-41d0-bfcd-9eb1a7cad415,2025-01-12T13:23:00Z,2025-01-12,6927913000,100000000,2025-01-10T13:23:00Z,2,100001,7f5b6f7e-1c2d-4a4e-9a51-3a3f1d3c0a01
d6e7beda-9c9c-408f-b738-d3a89d9e2923,INV-001531,359e2500-4d6c-4b33-82d5-4b3f9594e474,24116fac-24a6-42ac-b065-2dfb6b803dec,cf0e6d2b-315c-467a-85d8-a6ad77d0359e,account,e27a984d-6548-41d0-bfcd-9eb1a7cad415,2025-10-13T08:47:00Z,2025-10-13,12143116000,100000000,2025-10-10T08:47:00Z,2,100001,7f5b6f7e-1c2d-4a4e-9a51-3a3f1d3c0a01
25fe1206-1ba3-4808-bd01-85abad519f3b,INV-001532,5525b8f2-96a5-4216-99b4-03903ee22cc9,fd663c85-9635-4fcd-b385-1788923baf95,cf0e6d2b-315c-467a-85d8-a6ad77d0359e,account,e27a984d-6548-41d0-bfcd-9eb1a7cad415,2026-01-10T11:54:00Z,2026-01-10,24638973000,100000000,2026-01-10T11:54:00Z,2,100001,7f5b6f7e-1c2d-4a4e-9a51-3a3f1d3c0a01
50aa3368-4493-46ab-afea-4e6ea4db76d4,INV-001533,21b314e6-698b-4a6e-926b-a0842b3c9fee,0553d0aa-158c-4e17-96b2-5d8583b2673b,bb2aa146-2999-494c-94a7-b69b1cd66b09,account,366eb16f-508e-4ad7-b7c9-3acfe059a0ee,2024-08-06T08:45:00Z,2024-09-05,26473033000,1,2024-09-02T05:10:00Z,2,100001,7f5b6f7e-1c2d-4a4e-9a51-3a3f1d3c0a01
5d1dd80b-c6ce-492e-8b9a-6f5f86c049de,INV-001534,ef711ecc-ef3f-48f8-be72-d6d651cf7f45,0d3d3a80-81f8-44e4-9a5b-29fe9ef7b8ef,bb2aa146-2999-494c-94a7-b69b1cd66b09,account,366eb16f-508e-4ad7-b7c9-3acfe059a0ee,2024-07-20T04:32:00Z,2024-08-19,108438987000,1,2024-08-26T05:35:00Z,2,100001,7f5b6f7e-1c2d-4a4e-9a51-3a3f1d3c0a01
0ba8d057-b04d-449c-a3b1-d6e3c95605c1,INV-001535,06d05c24-d1ea-4b5d-82a9-b17db2e0aa26,47a54a59-8f00-4549-937b-dad6d4b36fc6,bb2aa146-2999-494c-94a7-b69b1cd66b09,account,366eb16f-508e-4ad7-b7c9-3acfe059a0ee,2024-08-03T10:15:00Z,2024-09-02,9872179000,1,2024-09-03T11:20:00Z,2,100001,7f5b6f7e-1c2d-4a4e-9a51-3a3f1d3c0a01
6178697c-5b4a-4267-9eca-e4f3ad1a2cf4,INV-001536,3115f9bc-2b39-4cc1-8982-80895798260c,36126745-032e-4a86-a2e8-9de5905f6c7d,bb2aa146-2999-494c-94a7-b69b1cd66b09,account,366eb16f-508e-4ad7-b7c9-3acfe059a0ee,2024-08-24T04:48:00Z,2024-09-23,14611217000,1,2024-09-21T05:32:00Z,2,100001,7f5b6f7e-1c2d-4a4e-9a51-3a3f1d3c0a01
b2c15fb5-2c05-4000-86b5-5e5b2425fb19,INV-001537,3906f7fe-aa8f-47a0-996b-70692db7209d,edab8b14-a9d9-4435-b062-b57ba8bfa562,bb2aa146-2999-494c-94a7-b69b1cd66b09,account,366eb16f-508e-4ad7-b7c9-3acfe059a0ee,2024-08-22T09:14:00Z,2024-09-21,25594416000,1,2024-09-30T09:06:00Z,2,100001,7f5b6f7e-1c2d-4a4e-9a51-3a3f1d3c0a01
4d1839da-3b9b-4fbf-a980-7e9de03a7450,INV-001538,c8bdf2fc-e527-4aa3-b7b0-040c8e4a30b6,61a30c9c-d276-4990-90b9-f17744bbd1f8,bb2aa146-2999-494c-94a7-b69b1cd66b09,account,366eb16f-508e-4ad7-b7c9-3acfe059a0ee,2024-12-21T10:43:00Z,2025-01-20,31043105000,1,2025-01-27T13:04:00Z,2,100001,7f5b6f7e-1c2d-4a4e-9a51-3a3f1d3c0a01
b95fbd98-46a0-4d6f-91df-a536719f1fd5,INV-001539,1fb3169a-171b-4dc6-a718-59fd3ad78bf5,f32cd9e1-a099-43d1-b176-3ad04f2d2c2b,bb2aa146-2999-494c-94a7-b69b1cd66b09,account,366eb16f-508e-4ad7-b7c9-3acfe059a0ee,2025-02-25T11:51:00Z,2025-03-27,71927223000,1,2025-04-01T09:12:00Z,2,100001,7f5b6f7e-1c2d-4a4e-9a51-3a3f1d3c0a01
d15edf62-d405-4aa1-ac44-e271437b2cf7,INV-001540,12e32599-d478-4ade-8f7c-1df31969d4ec,3d73826d-f3a9-490e-b1de-c2196abd3d20,bb2aa146-2999-494c-94a7-b69b1cd66b09,account,366eb16f-508e-4ad7-b7c9-3acfe059a0ee,2025-04-27T13:29:00Z,2025-05-27,79309153000,1,2025-06-18T10:50:00Z,2,100001,7f5b6f7e-1c2d-4a4e-9a51-3a3f1d3c0a01
b5b97a1a-5bd6-4f35-a622-b411e5ee3d99,INV-001541,6666cfca-699a-4823-aa5a-a52ed75b2c4e,08906b98-3602-45d9-a5e4-dc9db1a1b76a,bb2aa146-2999-494c-94a7-b69b1cd66b09,account,366eb16f-508e-4ad7-b7c9-3acfe059a0ee,2025-09-20T09:51:00Z,2025-10-20,49553801000,1,2025-10-18T10:38:00Z,2,100001,7f5b6f7e-1c2d-4a4e-9a51-3a3f1d3c0a01
9ba3362b-8a32-401c-9f3b-fb4a8799a47c,INV-001542,7b3826d6-ac21-42a4-bb18-39b133da3a2c,a5fd843a-5a95-472c-885a-801c5df50956,bb2aa146-2999-494c-94a7-b69b1cd66b09,account,366eb16f-508e-4ad7-b7c9-3acfe059a0ee,2025-12-22T09:50:00Z,2026-01-21,69091189000,1,2026-01-31T11:08:00Z,2,100001,7f5b6f7e-1c2d-4a4e-9a51-3a3f1d3c0a01
7e9fb9f8-318e-4e09-8d21-02e6f78a3584,INV-001543,3cefd44c-7af4-43ce-99f2-ed6d3fca6526,c6fdcb03-c2f2-4a81-88ca-3d82f1aec2aa,bb2aa146-2999-494c-94a7-b69b1cd66b09,account,366eb16f-508e-4ad7-b7c9-3acfe059a0ee,2026-01-17T11:51:00Z,2026-02-16,130083771000,1,2026-02-19T13:24:00Z,2,100001,7f5b6f7e-1c2d-4a4e-9a51-3a3f1d3c0a01
40a24af3-1572-4c69-96e1-751bceb4e048,INV-001544,f5c9b78f-b0ae-48d0-9243-356498a209fe,cbed3469-e8cd-4101-adc7-bc87a228301f,bb2aa146-2999-494c-94a7-b69b1cd66b09,account,366eb16f-508e-4ad7-b7c9-3acfe059a0ee,2026-01-14T10:04:00Z,2026-02-13,105233639000,1,2026-02-10T09:54:00Z,2,100001,7f5b6f7e-1c2d-4a4e-9a51-3a3f1d3c0a01
f26d8552-ec5c-4c45-9d3a-ecec82d70898,INV-001545,802d9914-7764-4bf9-998f-a56c77f1105b,0a6feb23-3bd0-4f24-88f5-5a5d062de5b7,bb2aa146-2999-494c-94a7-b69b1cd66b09,account,366eb16f-508e-4ad7-b7c9-3acfe059a0ee,2026-04-30T04:39:00Z,2026-05-30,67937694000,1,2026-06-02T05:00:00Z,2,100001,7f5b6f7e-1c2d-4a4e-9a51-3a3f1d3c0a01
b6e59365-dc6f-4c01-b2fb-ca887cd85ad7,INV-001546,a7501778-654c-4202-af1f-767e2b04c911,8ae53eaa-2463-4e04-9c4e-7d37be82fc4d,bb2aa146-2999-494c-94a7-b69b1cd66b09,account,366eb16f-508e-4ad7-b7c9-3acfe059a0ee,2026-05-19T09:11:00Z,2026-06-18,29151225000,1,2026-06-20T06:41:00Z,2,100001,7f5b6f7e-1c2d-4a4e-9a51-3a3f1d3c0a01
cfd6e57b-7116-4de7-bcdb-c350d717d8fe,INV-001547,f3549871-9f1a-4718-9ede-efafcd1c7b4d,7376d9c2-fb4a-48ad-b215-ddd597007b8a,b7f60cdf-41dc-4c60-a5f6-0735757b6b29,account,ce177b4e-0837-48a3-9261-a7ab3aa2e4f9,2024-07-21T12:57:00Z,2024-08-20,47372666000,1,2024-08-20T08:27:00Z,2,100001,7f5b6f7e-1c2d-4a4e-9a51-3a3f1d3c0a01
90a5ee80-574b-450f-92ad-cf5ff36907e2,INV-001548,f75b6868-fb3c-4a2b-8b66-9b8412521a1b,06f310e4-9e67-4132-859c-ee23ec56f591,b7f60cdf-41dc-4c60-a5f6-0735757b6b29,account,ce177b4e-0837-48a3-9261-a7ab3aa2e4f9,2024-08-21T07:29:00Z,2024-09-20,38732522000,1,2024-09-21T09:11:00Z,2,100001,7f5b6f7e-1c2d-4a4e-9a51-3a3f1d3c0a01
cd07bcf9-362e-453a-9f39-5f9543420eb5,INV-001549,221a9208-bad7-43bc-b868-2e6f4cd97590,31992a0c-fc99-4398-b8b9-bed29c09e197,b7f60cdf-41dc-4c60-a5f6-0735757b6b29,account,ce177b4e-0837-48a3-9261-a7ab3aa2e4f9,2024-08-28T08:49:00Z,2024-09-27,47000804000,1,2024-09-26T09:08:00Z,2,100001,7f5b6f7e-1c2d-4a4e-9a51-3a3f1d3c0a01
991f45ce-6d84-426c-9f19-44b573598fa1,INV-001550,a7d2251b-6c71-45de-bbcf-b166a9c9a3a4,7cca874e-27ff-42ca-b365-9f8bc08daf2a,b7f60cdf-41dc-4c60-a5f6-0735757b6b29,account,ce177b4e-0837-48a3-9261-a7ab3aa2e4f9,2024-09-04T13:12:00Z,2024-10-04,93918653000,1,2024-10-03T05:59:00Z,2,100001,7f5b6f7e-1c2d-4a4e-9a51-3a3f1d3c0a01
bd951bf4-0ccf-4c20-b817-332acada870f,INV-001551,d0c14624-8c6c-4de5-a45b-62cb037297cd,b617986a-2d6f-40c6-bda5-57033bfa1ccb,b7f60cdf-41dc-4c60-a5f6-0735757b6b29,account,ce177b4e-0837-48a3-9261-a7ab3aa2e4f9,2024-10-21T08:37:00Z,2024-11-20,66510962000,1,2024-11-20T07:38:00Z,2,100001,7f5b6f7e-1c2d-4a4e-9a51-3a3f1d3c0a01
e1fe4251-c2f4-4e69-9731-2c12292ed676,INV-001552,8c404586-9d24-44ae-bab4-385c989521fe,f64b05ff-744d-4a55-bb76-e11bed570211,b7f60cdf-41dc-4c60-a5f6-0735757b6b29,account,ce177b4e-0837-48a3-9261-a7ab3aa2e4f9,2024-09-30T09:43:00Z,2024-10-30,49679810000,1,2024-10-27T06:12:00Z,2,100001,7f5b6f7e-1c2d-4a4e-9a51-3a3f1d3c0a01
a66b3de8-5330-4659-9334-dcad0afe3b91,INV-001553,390df6a0-3d1e-47dc-aa8b-3cb64b6aac8d,caa50b64-6f55-4877-82d9-8839ca14218d,b7f60cdf-41dc-4c60-a5f6-0735757b6b29,account,ce177b4e-0837-48a3-9261-a7ab3aa2e4f9,2024-10-26T08:14:00Z,2024-11-25,48112540000,1,2024-11-23T08:56:00Z,2,100001,7f5b6f7e-1c2d-4a4e-9a51-3a3f1d3c0a01
88941e68-657a-4375-a516-1211fde34380,INV-001554,e17d8a4d-7773-4ddc-a85b-dfd8e7a95427,2f6d1b57-32e5-4d71-b4ec-64927f609d87,b7f60cdf-41dc-4c60-a5f6-0735757b6b29,account,ce177b4e-0837-48a3-9261-a7ab3aa2e4f9,2025-04-19T10:46:00Z,2025-05-19,56969355000,1,2025-05-18T10:04:00Z,2,100001,7f5b6f7e-1c2d-4a4e-9a51-3a3f1d3c0a01
d08ba0af-c8b4-4c38-bb0b-87ce1198e411,INV-001555,a2123874-f0b3-44df-82c3-1a33536d2949,90b51c2a-6fd6-45aa-bce8-023923095876,b7f60cdf-41dc-4c60-a5f6-0735757b6b29,account,ce177b4e-0837-48a3-9261-a7ab3aa2e4f9,2025-07-08T11:25:00Z,2025-08-07,28594666000,1,2025-08-09T10:50:00Z,2,100001,7f5b6f7e-1c2d-4a4e-9a51-3a3f1d3c0a01
223352ce-32e0-48ed-8395-889fb139490d,INV-001556,baccdc5f-e2fb-4aa2-b3c8-cddb4c8973c1,1f948a40-40cf-4b95-9214-af24edab339b,564cfbd2-bc92-4d81-839b-058c2faabe0b,account,10f1bc81-448a-4a9e-a6b2-bc5b50c187fc,2025-01-11T08:42:00Z,2025-01-11,10704560000,100000000,2025-01-08T08:42:00Z,2,100001,7f5b6f7e-1c2d-4a4e-9a51-3a3f1d3c0a01
32d0dac2-eb42-4c6f-b45d-7d2853c17fb7,INV-001557,43c19fe2-acba-4f1c-b92a-ae871941552f,f735f353-3e62-4996-b0e2-f20a28a550f4,564cfbd2-bc92-4d81-839b-058c2faabe0b,account,10f1bc81-448a-4a9e-a6b2-bc5b50c187fc,2025-02-13T10:45:00Z,2025-02-13,5525245000,100000000,2025-02-12T10:45:00Z,2,100001,7f5b6f7e-1c2d-4a4e-9a51-3a3f1d3c0a01
5dec0d84-0e6e-4ec6-91b3-fc0f2ab23207,INV-001558,b4e615fb-9966-47d5-9ae4-34c8390f5084,09e048ba-8fea-42e7-8517-7c688c8a0933,564cfbd2-bc92-4d81-839b-058c2faabe0b,account,10f1bc81-448a-4a9e-a6b2-bc5b50c187fc,2025-10-05T07:28:00Z,2025-10-05,24621391000,100000000,2025-10-02T07:28:00Z,2,100001,7f5b6f7e-1c2d-4a4e-9a51-3a3f1d3c0a01
c47c93f4-7067-4800-9302-de9e3fbd58c8,INV-001559,033f4144-5b7c-4bcb-9c0d-9b66bd25705f,e4eb73f6-d1d0-49cb-957d-04050641838a,564cfbd2-bc92-4d81-839b-058c2faabe0b,account,10f1bc81-448a-4a9e-a6b2-bc5b50c187fc,2026-05-09T04:40:00Z,2026-05-09,22106415000,100000000,2026-05-09T04:40:00Z,2,100001,7f5b6f7e-1c2d-4a4e-9a51-3a3f1d3c0a01
c083e0fc-795e-42cc-8128-2e7fcc55f0d4,INV-001560,373d516b-dbc8-4e99-b25e-151409858074,7493034e-7a51-4ce2-a83e-b1e52030918c,564cfbd2-bc92-4d81-839b-058c2faabe0b,account,10f1bc81-448a-4a9e-a6b2-bc5b50c187fc,2026-04-22T06:07:00Z,2026-04-22,63512865000,100000000,2026-04-22T06:07:00Z,2,100001,7f5b6f7e-1c2d-4a4e-9a51-3a3f1d3c0a01
83dacffc-1922-4546-8881-42d70a4246a5,INV-001561,4224f8ab-7842-4057-aae2-a710e727a20b,9c14d056-5d76-4d7b-b1ce-7b1ebbb06ba1,564cfbd2-bc92-4d81-839b-058c2faabe0b,account,10f1bc81-448a-4a9e-a6b2-bc5b50c187fc,2026-06-10T05:15:00Z,2026-06-10,12847215000,100000000,2026-06-10T05:15:00Z,2,100001,7f5b6f7e-1c2d-4a4e-9a51-3a3f1d3c0a01
0b719fce-4457-4c37-9958-b5d9bee20b3c,INV-001562,c5ed9a67-ad66-4d44-9b07-5147aa258bfd,5b205ff2-cf96-468c-97db-5e6321365856,aca58d95-915a-4c30-8b86-b5a1ca6fbff8,account,b02b61c4-a3d7-4628-ace6-6fa2fd5166e6,2024-08-08T08:09:00Z,2024-08-08,33938788000,100000000,2024-08-05T08:09:00Z,2,100001,7f5b6f7e-1c2d-4a4e-9a51-3a3f1d3c0a01
dcd59684-a7ac-4076-9d53-431c8d8f9d58,INV-001563,1aa4cfb3-2b13-4f88-8250-6d97dffc21f5,3084a123-3300-4a0a-9140-63dcef3cfee9,aca58d95-915a-4c30-8b86-b5a1ca6fbff8,account,b02b61c4-a3d7-4628-ace6-6fa2fd5166e6,2024-08-12T05:40:00Z,2024-08-12,32992744000,100000000,2024-08-10T05:40:00Z,2,100001,7f5b6f7e-1c2d-4a4e-9a51-3a3f1d3c0a01
0104101b-ead6-4ba9-803a-d24ac416f216,INV-001564,4e65d58b-de68-4daa-8273-1999e62a01a4,9694b1c7-0a18-42ab-912e-513c68ee2553,aca58d95-915a-4c30-8b86-b5a1ca6fbff8,account,b02b61c4-a3d7-4628-ace6-6fa2fd5166e6,2024-08-10T09:47:00Z,2024-08-10,43257861000,100000000,2024-08-10T09:47:00Z,2,100001,7f5b6f7e-1c2d-4a4e-9a51-3a3f1d3c0a01
51058e53-0b3c-43ee-8866-b4f12503ff0e,INV-001565,2b722bdb-dc37-4844-a65a-e7ad27f759f0,ceac6a96-aae5-446c-be14-40c3d999413a,aca58d95-915a-4c30-8b86-b5a1ca6fbff8,account,b02b61c4-a3d7-4628-ace6-6fa2fd5166e6,2024-08-19T07:59:00Z,2024-08-19,49189178000,100000000,2024-08-19T07:59:00Z,2,100001,7f5b6f7e-1c2d-4a4e-9a51-3a3f1d3c0a01
9edc839c-bb58-46b4-8d17-c70ce45eb54d,INV-001566,669fb220-da0c-4173-a4cd-9cc4b601fb64,99067a5c-e205-4419-9339-a46a256fb7a5,aca58d95-915a-4c30-8b86-b5a1ca6fbff8,account,b02b61c4-a3d7-4628-ace6-6fa2fd5166e6,2024-12-09T12:03:00Z,2024-12-09,23805008000,100000000,2024-12-08T12:03:00Z,2,100001,7f5b6f7e-1c2d-4a4e-9a51-3a3f1d3c0a01
c5f9dc62-7321-4cbb-b20a-dbb94ce620d7,INV-001567,c2a826c3-62fe-4ad0-84fd-a69844125f3a,126611ad-600c-418d-8418-42d84cff9985,aca58d95-915a-4c30-8b86-b5a1ca6fbff8,account,b02b61c4-a3d7-4628-ace6-6fa2fd5166e6,2025-05-24T10:04:00Z,2025-05-24,37320456000,100000000,2025-05-22T10:04:00Z,2,100001,7f5b6f7e-1c2d-4a4e-9a51-3a3f1d3c0a01
5b544da2-0111-420c-89ba-416ce602d3f6,INV-001568,730a006c-308c-4971-a8ca-f7957721f50f,bdd45e53-e354-409a-8c86-4a97d76c40b7,aca58d95-915a-4c30-8b86-b5a1ca6fbff8,account,b02b61c4-a3d7-4628-ace6-6fa2fd5166e6,2025-07-01T12:16:00Z,2025-07-01,86559528000,100000000,2025-06-30T12:16:00Z,2,100001,7f5b6f7e-1c2d-4a4e-9a51-3a3f1d3c0a01
e9d2d283-38d5-40f3-b3dd-b713616089ae,INV-001569,40e64bae-3c00-4bcd-a167-a4ede5a4913f,1b85d126-3bd8-4ee7-a75b-2fd53f8a2c37,aca58d95-915a-4c30-8b86-b5a1ca6fbff8,account,b02b61c4-a3d7-4628-ace6-6fa2fd5166e6,2025-09-17T06:06:00Z,2025-09-17,71443490000,100000000,2025-09-17T06:06:00Z,2,100001,7f5b6f7e-1c2d-4a4e-9a51-3a3f1d3c0a01
b4933ea4-714c-48e9-88e4-efd480e51b76,INV-001570,d25b5ade-6d1f-46a9-b2da-63c23a9ba4e4,053175ed-cab9-4c10-bec4-815d51381c45,aca58d95-915a-4c30-8b86-b5a1ca6fbff8,account,b02b61c4-a3d7-4628-ace6-6fa2fd5166e6,2025-11-06T09:18:00Z,2025-11-06,51707454000,100000000,2025-11-06T09:18:00Z,2,100001,7f5b6f7e-1c2d-4a4e-9a51-3a3f1d3c0a01
7fffd9ca-81eb-47cc-b413-57b88419a052,INV-001571,d04228ad-b884-4a09-bdcc-79fc0e9cd25a,710c4668-4bdd-483a-bb81-85bb2b900b41,aca58d95-915a-4c30-8b86-b5a1ca6fbff8,account,b02b61c4-a3d7-4628-ace6-6fa2fd5166e6,2025-11-06T10:38:00Z,2025-11-06,111014489000,100000000,2025-11-05T10:38:00Z,2,100001,7f5b6f7e-1c2d-4a4e-9a51-3a3f1d3c0a01
169d05b8-cc6b-48ce-b488-8d11498bb450,INV-001572,9eb5a8bd-f350-4d4d-b716-d1c67e767c39,5ce0523d-5781-4918-82e7-bccb3d28773e,aca58d95-915a-4c30-8b86-b5a1ca6fbff8,account,b02b61c4-a3d7-4628-ace6-6fa2fd5166e6,2025-12-29T13:12:00Z,2025-12-29,65235470000,100000000,2025-12-26T13:12:00Z,2,100001,7f5b6f7e-1c2d-4a4e-9a51-3a3f1d3c0a01
bf89ea23-3ea9-4808-9767-eeb78252f2b8,INV-001573,37d9a97c-2148-4314-9e8c-7851fc42cbee,9539f48a-6fbd-4646-8251-95e1b92bc986,aca58d95-915a-4c30-8b86-b5a1ca6fbff8,account,b02b61c4-a3d7-4628-ace6-6fa2fd5166e6,2026-02-24T07:16:00Z,2026-02-24,56454498000,100000000,2026-02-24T07:16:00Z,2,100001,7f5b6f7e-1c2d-4a4e-9a51-3a3f1d3c0a01
e834b58f-4a80-4c00-bab9-510da0c33662,INV-001574,150cd269-69bf-424e-b9a4-4922cc2e451a,3dffd668-c3c5-42c7-be52-6e52f204e1b5,aca58d95-915a-4c30-8b86-b5a1ca6fbff8,account,b02b61c4-a3d7-4628-ace6-6fa2fd5166e6,2026-03-16T10:01:00Z,2026-03-16,116870007000,100000000,2026-03-14T10:01:00Z,2,100001,7f5b6f7e-1c2d-4a4e-9a51-3a3f1d3c0a01
cd7b96e4-2d20-4523-8269-9ae13b631143,INV-001575,9bad7f7b-78f7-4ec1-aaff-aaab3df492e0,4c94057b-c045-42ee-9f7a-b6eaed83cbe9,aca58d95-915a-4c30-8b86-b5a1ca6fbff8,account,b02b61c4-a3d7-4628-ace6-6fa2fd5166e6,2026-04-02T08:38:00Z,2026-04-02,25510086000,100000000,2026-04-01T08:38:00Z,2,100001,7f5b6f7e-1c2d-4a4e-9a51-3a3f1d3c0a01
1d73d774-1111-4352-9c1f-17dcdb2f2d5c,INV-001576,eeee4b54-f0df-4d85-998e-f4b821d95964,fe8dada9-2bb5-49cd-83c3-8bb2540e3755,aca58d95-915a-4c30-8b86-b5a1ca6fbff8,account,b02b61c4-a3d7-4628-ace6-6fa2fd5166e6,2026-05-17T12:40:00Z,2026-05-17,105917218000,100000000,2026-05-14T12:40:00Z,2,100001,7f5b6f7e-1c2d-4a4e-9a51-3a3f1d3c0a01
2bdcdd05-d33f-4398-9235-6a3429bfbda7,INV-001577,d9187ad9-8b8a-4ec9-8a08-cc25615f99b5,7a189531-db20-4841-ad30-97217115bb89,9c678393-2ced-4c0d-b173-04b5c1dd484a,account,5304317f-af42-412f-b838-b3268e944239,2024-07-27T11:10:00Z,2024-09-25,23143204000,4,2024-09-30T07:00:00Z,2,100001,7f5b6f7e-1c2d-4a4e-9a51-3a3f1d3c0a01
e66a7927-5a22-45aa-bd39-e3d2c902c14c,INV-001578,865ac3a5-64a9-4181-9c08-55acbe70f422,5ed00160-6554-4a69-874b-827395ddc178,9c678393-2ced-4c0d-b173-04b5c1dd484a,account,5304317f-af42-412f-b838-b3268e944239,2024-09-26T08:04:00Z,2024-11-25,16711891000,4,2024-11-23T08:14:00Z,2,100001,7f5b6f7e-1c2d-4a4e-9a51-3a3f1d3c0a01
10d28255-1e8c-40a0-9d5d-44f32005dce6,INV-001579,802c9bbf-6604-4d4a-b1c4-52893b04246f,d7eadfb5-58c2-4a82-9a44-afb82aed4e6b,9c678393-2ced-4c0d-b173-04b5c1dd484a,account,5304317f-af42-412f-b838-b3268e944239,2025-08-27T12:23:00Z,2025-10-26,26954778000,4,2025-10-23T07:52:00Z,2,100001,7f5b6f7e-1c2d-4a4e-9a51-3a3f1d3c0a01
b783df2f-8bbd-4d51-ba61-3ef2f6f298b9,INV-001580,7f681bd6-7a94-480b-9ade-72121d2b415a,87782f52-c231-4d0c-a5f2-0be3809a8815,9c678393-2ced-4c0d-b173-04b5c1dd484a,account,5304317f-af42-412f-b838-b3268e944239,2025-12-21T09:02:00Z,2026-02-19,27066013000,4,2026-03-25T06:39:00Z,2,100001,7f5b6f7e-1c2d-4a4e-9a51-3a3f1d3c0a01
7e17fed6-0368-4c7f-8db6-d7c25b37ce17,INV-001581,2c40c7aa-48b3-4c79-9da7-3d39604af65b,edcb6f61-c858-40cd-872c-0c4e3a53deab,9c678393-2ced-4c0d-b173-04b5c1dd484a,account,5304317f-af42-412f-b838-b3268e944239,2026-01-04T10:26:00Z,2026-03-05,24814021000,4,2026-03-10T05:40:00Z,2,100001,7f5b6f7e-1c2d-4a4e-9a51-3a3f1d3c0a01
69ab744a-5c6c-4287-aa8c-f464263c382e,INV-001582,a6708750-71bf-46e2-bb5f-a292ffb50649,1f47b5d2-97b6-47f0-9ba9-8bd0557975f5,53f30073-83e9-4ef4-ad7d-f5d0d3b59af7,account,b02b61c4-a3d7-4628-ace6-6fa2fd5166e6,2024-08-17T10:32:00Z,2024-10-16,6546973000,4,2024-10-19T10:23:00Z,2,100001,7f5b6f7e-1c2d-4a4e-9a51-3a3f1d3c0a01
5da630ac-bd58-407c-8d06-eee1d9e4cfd1,INV-001583,d7f2588c-d92f-4de3-8d1b-602e6332bb7f,d31ea4b1-d304-4b57-8dc3-f0479e4ec643,7a3a6e96-23ff-43d3-bb4f-b88a2f4dd219,account,10f1bc81-448a-4a9e-a6b2-bc5b50c187fc,2024-08-10T13:29:00Z,2024-09-09,29509257000,1,2024-09-07T11:13:00Z,2,100001,7f5b6f7e-1c2d-4a4e-9a51-3a3f1d3c0a01
b57462cd-50dc-4e75-ba58-e67787d37e27,INV-001584,20430cf0-f01f-4906-a4ce-9d2511203efe,3e2c6642-308a-44d5-86bc-565f221864f7,7a3a6e96-23ff-43d3-bb4f-b88a2f4dd219,account,10f1bc81-448a-4a9e-a6b2-bc5b50c187fc,2024-10-12T06:56:00Z,2024-11-11,22433872000,1,2024-11-13T10:28:00Z,2,100001,7f5b6f7e-1c2d-4a4e-9a51-3a3f1d3c0a01
01d0e2f9-5b7d-4b6e-ba11-f78e5921e000,INV-001585,01ebfb8b-bbb2-45cb-836a-b6d4f740efe0,a4530c7c-0f9b-48af-8b75-fa8ed65f6d77,7a3a6e96-23ff-43d3-bb4f-b88a2f4dd219,account,10f1bc81-448a-4a9e-a6b2-bc5b50c187fc,2024-12-17T08:46:00Z,2025-01-16,16776927000,1,2025-01-21T07:02:00Z,2,100001,7f5b6f7e-1c2d-4a4e-9a51-3a3f1d3c0a01
70ec4240-34c4-42ea-b608-dffe2f6758f4,INV-001586,13cd85fc-bf53-40cb-aa8e-154f6e17ee77,1462c7b2-97b7-46c0-a4e5-b62490dc5620,7a3a6e96-23ff-43d3-bb4f-b88a2f4dd219,account,10f1bc81-448a-4a9e-a6b2-bc5b50c187fc,2025-02-03T09:13:00Z,2025-03-05,8340113000,1,2025-03-02T07:11:00Z,2,100001,7f5b6f7e-1c2d-4a4e-9a51-3a3f1d3c0a01
f880d021-a5c8-4263-87a8-cd4bc4b8fb73,INV-001587,e9219f8a-c90b-4dda-a79d-2ec1a7e83ef3,5cc80f08-3508-4c75-b16f-0d4de15fb4f5,7a3a6e96-23ff-43d3-bb4f-b88a2f4dd219,account,10f1bc81-448a-4a9e-a6b2-bc5b50c187fc,2025-08-17T08:27:00Z,2025-09-16,47283820000,1,2025-09-13T08:46:00Z,2,100001,7f5b6f7e-1c2d-4a4e-9a51-3a3f1d3c0a01
4d2183a7-cb56-47ca-b8b7-6d25085837f6,INV-001588,b56c643e-5a71-4949-aaef-1b9dad82e552,09a2e4fd-7017-4fb9-99a0-1bfc69f7a946,7a3a6e96-23ff-43d3-bb4f-b88a2f4dd219,account,10f1bc81-448a-4a9e-a6b2-bc5b50c187fc,2025-09-22T12:13:00Z,2025-10-22,13154784000,1,2025-10-19T06:02:00Z,2,100001,7f5b6f7e-1c2d-4a4e-9a51-3a3f1d3c0a01
53bafd3f-47c1-451f-838a-325a0732cde9,INV-001589,84991e80-87db-4d72-97d2-d4bf663c8f5e,03e608d8-62bb-4bec-bcdb-6b0e658c0503,7a3a6e96-23ff-43d3-bb4f-b88a2f4dd219,account,10f1bc81-448a-4a9e-a6b2-bc5b50c187fc,2026-02-03T10:52:00Z,2026-03-05,13505199000,1,2026-03-09T11:37:00Z,2,100001,7f5b6f7e-1c2d-4a4e-9a51-3a3f1d3c0a01
698c2d06-ee93-4ed6-aae5-646407094ab6,INV-001590,778b3882-bb1a-4fea-9992-5fb31b175ed3,78236cf7-4bc6-43cf-ac40-0e1a8b673c50,01bf9e73-3f80-4385-af92-40b652d78f10,account,0e51f30d-c6a7-4e39-84b0-32ccd7c524a5,2024-10-12T09:24:00Z,2024-11-11,40191395000,1,2024-11-16T06:03:00Z,2,100001,7f5b6f7e-1c2d-4a4e-9a51-3a3f1d3c0a01
f1536b7c-2e69-473c-9606-f7b29385f1e8,INV-001591,a85adb0c-6517-4828-a40c-352351e3f195,6eed53b2-ec83-4ffa-83f6-c95cb91cdf74,01bf9e73-3f80-4385-af92-40b652d78f10,account,0e51f30d-c6a7-4e39-84b0-32ccd7c524a5,2025-03-05T09:53:00Z,2025-04-04,22300853000,1,2025-04-12T11:41:00Z,2,100001,7f5b6f7e-1c2d-4a4e-9a51-3a3f1d3c0a01
f7ca4443-6330-4f97-9e27-94f0e2851907,INV-001592,285232c8-e82e-4107-9286-db3783c20c19,25e81b71-bca5-420c-b0cd-b36e4548f881,01bf9e73-3f80-4385-af92-40b652d78f10,account,0e51f30d-c6a7-4e39-84b0-32ccd7c524a5,2026-02-28T09:42:00Z,2026-03-30,5016112000,1,2026-04-05T11:21:00Z,2,100001,7f5b6f7e-1c2d-4a4e-9a51-3a3f1d3c0a01
a074d13e-d329-4e5d-b355-bd0a7b5546c6,INV-001593,6f394f93-a2ab-4e15-b43a-a9dbe4cb59e9,b026b206-459c-4adf-8af4-9344f41486a2,01bf9e73-3f80-4385-af92-40b652d78f10,account,0e51f30d-c6a7-4e39-84b0-32ccd7c524a5,2026-04-16T06:46:00Z,2026-05-16,22673638000,1,2026-06-14T12:55:00Z,2,100001,7f5b6f7e-1c2d-4a4e-9a51-3a3f1d3c0a01
03030ada-f6fb-412d-af34-11d2712891b3,INV-001594,2da820e9-b37b-405e-9105-0084b7590bfc,21045d42-3009-42f1-bb93-0aada3cd9ae3,725d4259-3c4b-4eec-a231-ee7342c2d2eb,account,b02b61c4-a3d7-4628-ace6-6fa2fd5166e6,2024-10-12T10:34:00Z,2024-11-11,32206716000,1,2024-11-12T08:29:00Z,2,100001,7f5b6f7e-1c2d-4a4e-9a51-3a3f1d3c0a01
d98dc27e-29a7-4176-99c8-83cab7f35cf9,INV-001595,68e2378d-4980-4d4e-b9c3-013e39e16a36,4da65d91-78e6-40b1-8e9f-a2dc03c88563,725d4259-3c4b-4eec-a231-ee7342c2d2eb,account,b02b61c4-a3d7-4628-ace6-6fa2fd5166e6,2025-03-19T09:41:00Z,2025-04-18,103922626000,1,2025-06-24T07:40:00Z,2,100001,7f5b6f7e-1c2d-4a4e-9a51-3a3f1d3c0a01
41e170bc-f6a7-423d-bd0f-f30f220ea3ef,INV-001596,a489fd20-8d95-4dfc-b10b-60d546a860c0,ae09ba7e-a1e9-47e9-864a-7702fcb782ab,725d4259-3c4b-4eec-a231-ee7342c2d2eb,account,b02b61c4-a3d7-4628-ace6-6fa2fd5166e6,2025-04-26T11:09:00Z,2025-05-26,26723819000,1,2025-05-24T05:03:00Z,2,100001,7f5b6f7e-1c2d-4a4e-9a51-3a3f1d3c0a01
45d1c194-d2f8-40e6-a625-377f07069221,INV-001597,f01670fd-7e67-40e2-a811-b7ebfe8c3938,63146eb5-d472-4619-ad53-2899c8720657,725d4259-3c4b-4eec-a231-ee7342c2d2eb,account,b02b61c4-a3d7-4628-ace6-6fa2fd5166e6,2025-06-03T13:07:00Z,2025-07-03,20314450000,1,2025-07-03T07:05:00Z,2,100001,7f5b6f7e-1c2d-4a4e-9a51-3a3f1d3c0a01
520464be-466f-4bdc-9fb8-a020667d9cf1,INV-001598,b50ac811-f4ce-4a21-b79b-8fb1512a0a4f,61de46a7-dedd-4303-bb67-e7659b58c31b,725d4259-3c4b-4eec-a231-ee7342c2d2eb,account,b02b61c4-a3d7-4628-ace6-6fa2fd5166e6,2025-07-07T11:59:00Z,2025-08-06,105780430000,1,2025-08-03T12:01:00Z,2,100001,7f5b6f7e-1c2d-4a4e-9a51-3a3f1d3c0a01
03751642-7463-4b54-9304-0039355adcc2,INV-001599,85ca1dad-5468-4881-b2e1-47aeeadfd279,679f50cf-090c-4937-8db7-380059530e0c,725d4259-3c4b-4eec-a231-ee7342c2d2eb,account,b02b61c4-a3d7-4628-ace6-6fa2fd5166e6,2025-10-28T12:36:00Z,2025-11-27,73954023000,1,2025-11-26T08:23:00Z,2,100001,7f5b6f7e-1c2d-4a4e-9a51-3a3f1d3c0a01
2dde61bc-5bed-4dad-8e15-b88b30b22e20,INV-001600,45bdd673-d3ff-4c95-971a-0eaf422a4cca,f361dd6f-5c1f-4826-82bb-da812e21e3ee,725d4259-3c4b-4eec-a231-ee7342c2d2eb,account,b02b61c4-a3d7-4628-ace6-6fa2fd5166e6,2025-10-22T08:34:00Z,2025-11-21,65777058000,1,2025-11-20T12:43:00Z,2,100001,7f5b6f7e-1c2d-4a4e-9a51-3a3f1d3c0a01
c946c4c4-d266-44ac-9d14-7e84a66bf174,INV-001601,c25831db-cd1b-41f8-9e04-3ce4c153c0fb,f92d6ec1-f964-4d2f-ad01-fa969e07e8e9,725d4259-3c4b-4eec-a231-ee7342c2d2eb,account,b02b61c4-a3d7-4628-ace6-6fa2fd5166e6,2025-12-27T11:22:00Z,2026-01-26,126034192000,1,2026-01-24T07:04:00Z,2,100001,7f5b6f7e-1c2d-4a4e-9a51-3a3f1d3c0a01
e6c2e9db-13bb-4a48-8885-6f701a7e6c8f,INV-001602,a7bbb1f4-d82d-4fb2-9708-94807309ded8,410bc58c-11fb-47bd-a2d3-1ee74d58df49,546252e7-f43b-4052-8459-bd6ec0f63229,account,366eb16f-508e-4ad7-b7c9-3acfe059a0ee,2024-08-15T12:10:00Z,2024-09-14,33908681000,1,2024-09-14T11:16:00Z,2,100001,7f5b6f7e-1c2d-4a4e-9a51-3a3f1d3c0a01
9095c555-64f2-4161-8cc6-d46c62dac143,INV-001603,1af0d2e3-f637-4d33-b02b-de19821df017,83c71a7b-4ebc-480f-8e86-0e2565bec245,546252e7-f43b-4052-8459-bd6ec0f63229,account,366eb16f-508e-4ad7-b7c9-3acfe059a0ee,2024-11-12T04:39:00Z,2024-12-12,53884491000,1,2024-12-09T04:53:00Z,2,100001,7f5b6f7e-1c2d-4a4e-9a51-3a3f1d3c0a01
79f06cfc-0f81-4cac-a94f-7dfbc335b2f4,INV-001604,6239a01d-dd48-4f19-815a-9eee21d628c4,2cdc6c2d-41c8-4c26-9363-a9032533b603,546252e7-f43b-4052-8459-bd6ec0f63229,account,366eb16f-508e-4ad7-b7c9-3acfe059a0ee,2024-10-13T08:30:00Z,2024-11-12,22325752000,1,2024-11-11T07:12:00Z,2,100001,7f5b6f7e-1c2d-4a4e-9a51-3a3f1d3c0a01
93fea86c-2009-4b57-83b0-1dbe58e63b5c,INV-001605,afadcfa7-4d97-4af4-9b4a-9bfddb477e38,390585e7-f3b7-40f1-af2f-d986df41cca6,546252e7-f43b-4052-8459-bd6ec0f63229,account,366eb16f-508e-4ad7-b7c9-3acfe059a0ee,2024-12-28T06:37:00Z,2025-01-27,31896234000,1,2025-01-27T10:59:00Z,2,100001,7f5b6f7e-1c2d-4a4e-9a51-3a3f1d3c0a01
1a5b3994-7107-45bc-8451-fd8fd14b1261,INV-001606,8aa1554e-a85c-456f-8913-9fd440de858e,d2a8d794-5793-4a7f-ae41-f260cdb40d12,546252e7-f43b-4052-8459-bd6ec0f63229,account,366eb16f-508e-4ad7-b7c9-3acfe059a0ee,2025-10-02T10:49:00Z,2025-11-01,42168486000,1,2025-11-03T05:45:00Z,2,100001,7f5b6f7e-1c2d-4a4e-9a51-3a3f1d3c0a01
bae57189-bb92-4d6f-a00b-acbcaf59efc4,INV-001607,ae27dec2-f236-46d0-9400-e717f93911c9,2aa0aeca-16a1-49bd-badf-747286316810,92a81713-b90e-444b-951c-25d54d4c5280,account,b02b61c4-a3d7-4628-ace6-6fa2fd5166e6,2024-09-23T05:08:00Z,2024-11-22,50999069000,4,2024-11-20T13:00:00Z,2,100001,7f5b6f7e-1c2d-4a4e-9a51-3a3f1d3c0a01
f032a231-6786-4259-8651-c0cdb193b2f9,INV-001608,f11cf439-d51d-4ec2-adb8-f4959b995fbf,2c81693c-c4ac-4ed2-b690-07696ab95abb,92a81713-b90e-444b-951c-25d54d4c5280,account,b02b61c4-a3d7-4628-ace6-6fa2fd5166e6,2025-03-29T09:49:00Z,2025-05-28,92764051000,4,2025-06-01T04:30:00Z,2,100001,7f5b6f7e-1c2d-4a4e-9a51-3a3f1d3c0a01
477da7f3-2e24-4030-9cd2-dcf247781d58,INV-001609,79dba478-011b-4e10-bd09-cf17aac5f641,f7463b5d-d8b0-4176-aec5-45a67c3bb7c7,92a81713-b90e-444b-951c-25d54d4c5280,account,b02b61c4-a3d7-4628-ace6-6fa2fd5166e6,2025-04-15T04:52:00Z,2025-06-14,8153918000,4,2025-06-15T05:12:00Z,2,100001,7f5b6f7e-1c2d-4a4e-9a51-3a3f1d3c0a01
25d82b45-34c1-48a8-9db8-a419e4c2a6d0,INV-001610,4029ac0a-d37d-4f42-b9c3-6335c7cbf08f,045476cf-9f5d-4d4a-8314-56f816ac5af1,92a81713-b90e-444b-951c-25d54d4c5280,account,b02b61c4-a3d7-4628-ace6-6fa2fd5166e6,2025-09-04T04:52:00Z,2025-11-03,24221790000,4,2025-11-01T10:31:00Z,2,100001,7f5b6f7e-1c2d-4a4e-9a51-3a3f1d3c0a01
260b3592-e64f-4dd3-8bbb-7797aa3b6f2f,INV-001611,31675b2e-01c4-453f-84c3-f2fb2bce66c6,a86399fd-e2c5-421c-b41b-937824f220da,92a81713-b90e-444b-951c-25d54d4c5280,account,b02b61c4-a3d7-4628-ace6-6fa2fd5166e6,2026-01-29T04:36:00Z,2026-03-30,31222906000,4,2026-03-30T11:04:00Z,2,100001,7f5b6f7e-1c2d-4a4e-9a51-3a3f1d3c0a01
45316a9f-73f1-4243-a4c3-374b8b30226c,INV-001612,3fb7bc3f-83a6-4b01-b1d6-c468a1893042,07dffb35-58eb-4d02-97ad-1109a4ca9fcc,92a81713-b90e-444b-951c-25d54d4c5280,account,b02b61c4-a3d7-4628-ace6-6fa2fd5166e6,2026-06-13T10:36:00Z,2026-08-12,74528816000,4,,0,4,7f5b6f7e-1c2d-4a4e-9a51-3a3f1d3c0a01
467aa697-c081-4a70-a874-f01ce6a24abf,INV-001613,8792c242-87d9-4b81-999e-ba9a9c8ca133,900fce18-a599-4cdc-a538-c093e74436ca,5c0b9b10-a757-4b10-82f5-25b902ed73ce,account,ce177b4e-0837-48a3-9261-a7ab3aa2e4f9,2024-09-30T11:02:00Z,2024-09-30,23792236000,100000000,2024-09-30T11:02:00Z,2,100001,7f5b6f7e-1c2d-4a4e-9a51-3a3f1d3c0a01
a36e0acc-c09a-44df-9b7a-e07c74ab40fd,INV-001614,b4608083-3384-4cca-a4e8-b4932c5df9ff,9de9f220-1f63-4293-b704-08b9ab97d292,28e333b6-4e8a-4c4b-b724-20411e43fbd2,account,0e51f30d-c6a7-4e39-84b0-32ccd7c524a5,2024-11-16T09:14:00Z,2025-01-15,49389279000,4,2025-05-26T13:19:00Z,2,100001,7f5b6f7e-1c2d-4a4e-9a51-3a3f1d3c0a01
f66749fe-f47c-4c02-9566-5032210817ba,INV-001615,3f25f8f7-0444-4bf0-9909-8de91b359d99,732c533b-2404-4313-941b-f8a5720c615a,28e333b6-4e8a-4c4b-b724-20411e43fbd2,account,0e51f30d-c6a7-4e39-84b0-32ccd7c524a5,2025-01-18T10:58:00Z,2025-03-19,45949810000,4,2025-03-17T07:24:00Z,2,100001,7f5b6f7e-1c2d-4a4e-9a51-3a3f1d3c0a01
d3e0ed4c-06d8-46b8-99c8-64e8e578325f,INV-001616,18528e81-c688-47f1-9973-95a51bf39e93,5f5544a0-9e16-4feb-bea7-6748372257c9,28e333b6-4e8a-4c4b-b724-20411e43fbd2,account,0e51f30d-c6a7-4e39-84b0-32ccd7c524a5,2025-06-03T06:39:00Z,2025-08-02,59419395000,4,2026-01-10T10:37:00Z,2,100001,7f5b6f7e-1c2d-4a4e-9a51-3a3f1d3c0a01
8a0c8aad-f454-494f-88b9-d1729abe5c7f,INV-001617,954380e5-42e5-48b7-824f-cb25fd3c18af,f53b56bd-f133-4b8c-abe0-054b02af8985,28e333b6-4e8a-4c4b-b724-20411e43fbd2,account,0e51f30d-c6a7-4e39-84b0-32ccd7c524a5,2025-05-31T09:11:00Z,2025-07-30,43825856000,4,2025-08-18T07:04:00Z,2,100001,7f5b6f7e-1c2d-4a4e-9a51-3a3f1d3c0a01
284bc127-d351-43b9-832b-bbd44afbf872,INV-001618,afd8679d-eb3b-4585-aa5d-b59e060e2426,b4ced46e-bb17-4544-bb3d-b72cf056730a,28e333b6-4e8a-4c4b-b724-20411e43fbd2,account,0e51f30d-c6a7-4e39-84b0-32ccd7c524a5,2025-06-16T11:33:00Z,2025-08-15,51393919000,4,2025-08-20T06:01:00Z,2,100001,7f5b6f7e-1c2d-4a4e-9a51-3a3f1d3c0a01
c66e887a-a5ff-45b9-8bd7-317613ba6ae2,INV-001619,873dbe70-e10a-42aa-9e33-f30eb9eaffec,bf0e5897-c75b-4382-87ae-c9c49a9c9bbc,28e333b6-4e8a-4c4b-b724-20411e43fbd2,account,0e51f30d-c6a7-4e39-84b0-32ccd7c524a5,2025-08-03T07:10:00Z,2025-10-02,28958585000,4,2025-10-06T11:45:00Z,2,100001,7f5b6f7e-1c2d-4a4e-9a51-3a3f1d3c0a01
cf1a1dc0-7e8d-4a1c-9021-e9015415467f,INV-001620,0aa2564b-9108-499f-88ef-e83c95582a9a,50ed146e-d968-4fd5-b367-a2512c72c8cd,28e333b6-4e8a-4c4b-b724-20411e43fbd2,account,0e51f30d-c6a7-4e39-84b0-32ccd7c524a5,2025-12-03T06:39:00Z,2026-02-01,75460638000,4,2026-02-15T12:58:00Z,2,100001,7f5b6f7e-1c2d-4a4e-9a51-3a3f1d3c0a01
954f5be5-3aed-488c-9581-f910ebd6ac09,INV-001621,8aa95959-b178-4e24-9714-d7dca394282c,806ed084-4555-49b9-b794-fcfdd611e87a,28e333b6-4e8a-4c4b-b724-20411e43fbd2,account,0e51f30d-c6a7-4e39-84b0-32ccd7c524a5,2026-02-15T05:13:00Z,2026-04-16,79541698000,4,2026-05-20T11:20:00Z,2,100001,7f5b6f7e-1c2d-4a4e-9a51-3a3f1d3c0a01
4588f93c-0a4a-4799-a338-b88071e9810f,INV-001622,674ee276-c240-4c45-a1d2-e0e4af76bd01,d8845eee-70c7-4b85-946e-574ca5fe7581,73253aa3-ec17-4298-943d-f5b3a58e83dd,account,e27a984d-6548-41d0-bfcd-9eb1a7cad415,2026-02-07T06:45:00Z,2026-02-07,52078594000,100000000,2026-02-05T06:45:00Z,2,100001,7f5b6f7e-1c2d-4a4e-9a51-3a3f1d3c0a01
e38d4897-8db4-4c0e-a931-111e88809984,INV-001623,34da5a8e-5e28-40be-8d0a-f5ead2be0cc8,b5cab879-0172-4caa-84b3-94b94f340b20,73253aa3-ec17-4298-943d-f5b3a58e83dd,account,e27a984d-6548-41d0-bfcd-9eb1a7cad415,2026-05-10T10:52:00Z,2026-05-10,7977077000,100000000,2026-05-07T10:52:00Z,2,100001,7f5b6f7e-1c2d-4a4e-9a51-3a3f1d3c0a01
4898bcd8-11ae-4d4f-a731-9591e20ccfa6,INV-001624,043b4ffb-4df3-485b-86ee-d615d8662daa,f7dc9484-40aa-46b7-8295-cd1d956be76e,3ee82983-d557-4241-91dd-b9bf613d2de9,account,b02b61c4-a3d7-4628-ace6-6fa2fd5166e6,2025-02-25T05:15:00Z,2025-03-27,23834555000,1,2025-08-23T09:26:00Z,2,100001,7f5b6f7e-1c2d-4a4e-9a51-3a3f1d3c0a01
76c02bd4-da6c-4298-b421-63beca4bba0c,INV-001625,c5469269-85ad-4286-92a4-c7c02a6056e3,3ba023d2-ddcb-4f72-a35f-a0c4565cd45a,3ee82983-d557-4241-91dd-b9bf613d2de9,account,b02b61c4-a3d7-4628-ace6-6fa2fd5166e6,2025-06-11T10:34:00Z,2025-07-11,37752410000,1,2025-07-09T08:12:00Z,2,100001,7f5b6f7e-1c2d-4a4e-9a51-3a3f1d3c0a01
f1d25f79-9066-4caa-b4ff-26b5c2622a12,INV-001626,9c3e573e-b64e-4f3d-b732-ffd9b1508dcc,0f517ac3-a3d1-4bb2-984d-ea892d76a5dd,3ee82983-d557-4241-91dd-b9bf613d2de9,account,b02b61c4-a3d7-4628-ace6-6fa2fd5166e6,2025-08-12T05:21:00Z,2025-09-11,18215968000,1,2025-09-18T06:47:00Z,2,100001,7f5b6f7e-1c2d-4a4e-9a51-3a3f1d3c0a01
d3596b35-16aa-4d74-acd3-f3a28d77a7f0,INV-001627,836f19f9-b8fd-4885-93a3-2ed3ab20078d,4392e495-9871-45c1-90cb-99887cecb301,3ee82983-d557-4241-91dd-b9bf613d2de9,account,b02b61c4-a3d7-4628-ace6-6fa2fd5166e6,2026-06-27T07:28:00Z,2026-07-27,21177548000,1,,0,4,7f5b6f7e-1c2d-4a4e-9a51-3a3f1d3c0a01
a121e8a5-04c6-48eb-b1d8-1fe35da8a794,INV-001628,318511a1-eefd-45de-b093-c600ca41b5f8,3cde9fc6-7f2c-4ba9-9e3a-f3cc86f94fc4,16591c89-21eb-4aa9-9a2b-d69c450f69ee,account,24933b83-7577-40a9-a491-f0b2ea1fca65,2025-05-20T09:15:00Z,2025-07-19,12891938000,4,2025-07-26T09:57:00Z,2,100001,7f5b6f7e-1c2d-4a4e-9a51-3a3f1d3c0a01
0d6bbcf2-a001-46ea-8915-a8414eaa4b84,INV-001629,f4250f6c-afec-427f-8c3e-d9d1bb771ea4,2955546f-7eac-41ea-bfd7-f67f4b5ce58f,16591c89-21eb-4aa9-9a2b-d69c450f69ee,account,24933b83-7577-40a9-a491-f0b2ea1fca65,2025-06-11T06:38:00Z,2025-08-10,8470524000,4,2025-08-14T08:20:00Z,2,100001,7f5b6f7e-1c2d-4a4e-9a51-3a3f1d3c0a01
664e7cc0-55f4-42fc-910d-27ab68760a5e,INV-001630,5a0b28fa-5dbf-4d10-9de3-491766c1b339,1b0e52a8-b2a6-4a7b-8c83-c94140c1157a,16591c89-21eb-4aa9-9a2b-d69c450f69ee,account,24933b83-7577-40a9-a491-f0b2ea1fca65,2026-02-21T07:45:00Z,2026-04-22,33904296000,4,2026-05-24T08:51:00Z,2,100001,7f5b6f7e-1c2d-4a4e-9a51-3a3f1d3c0a01
4b5f5655-e52f-409e-8bed-6faaa01dd041,INV-001631,b6e9aadc-e891-4063-974a-7583b31e9ccf,f7d8296e-18ee-4dd1-95ad-bc1c25841a5a,16591c89-21eb-4aa9-9a2b-d69c450f69ee,account,24933b83-7577-40a9-a491-f0b2ea1fca65,2026-05-21T12:00:00Z,2026-07-20,22756164000,4,,0,4,7f5b6f7e-1c2d-4a4e-9a51-3a3f1d3c0a01
6bef6d83-ebf7-4f6b-8ead-59cf617bedda,INV-001632,8ed6d05f-67ba-4f31-bfa1-d57c23338d53,2ae1e1e3-18ea-44af-a7fa-a7c14424a336,7317591a-3283-4aa4-a212-ab7c9d361cb6,account,366eb16f-508e-4ad7-b7c9-3acfe059a0ee,2025-09-24T06:23:00Z,2025-10-24,25567439000,1,2025-10-28T09:39:00Z,2,100001,7f5b6f7e-1c2d-4a4e-9a51-3a3f1d3c0a01
d2136226-8b53-4dd0-95a4-4e5e41618656,INV-001633,ff3d0c81-7a25-48b3-b310-c638facffd4b,9630fd85-9a76-4eac-b30c-701521b4b926,7317591a-3283-4aa4-a212-ab7c9d361cb6,account,366eb16f-508e-4ad7-b7c9-3acfe059a0ee,2025-10-15T07:35:00Z,2025-11-14,10373918000,1,2025-11-19T09:38:00Z,2,100001,7f5b6f7e-1c2d-4a4e-9a51-3a3f1d3c0a01
774c3528-18b3-4115-8cf6-6b6199af4f9e,INV-001634,7692f56a-4c44-444e-b731-71dd3ec34024,858b1e3d-d6c2-4a61-99dc-b0d3780db143,502cf0ee-224a-46a6-ac0f-680115b24e1d,account,24933b83-7577-40a9-a491-f0b2ea1fca65,2025-01-06T11:27:00Z,2025-03-07,24628439000,4,2025-03-10T09:21:00Z,2,100001,7f5b6f7e-1c2d-4a4e-9a51-3a3f1d3c0a01
79a736d1-4a5e-4f0f-82e5-fb8e183e0945,INV-001635,f25c070d-972f-4019-a4f0-97abd04d4c7c,f8fde07d-f0c6-47de-aede-ef8903befafc,502cf0ee-224a-46a6-ac0f-680115b24e1d,account,24933b83-7577-40a9-a491-f0b2ea1fca65,2025-01-02T05:57:00Z,2025-03-03,26954512000,4,2025-03-04T04:39:00Z,2,100001,7f5b6f7e-1c2d-4a4e-9a51-3a3f1d3c0a01
d987a0ba-4e06-4792-a4f6-4b4e45b01d89,INV-001636,6a7ee18d-3dc6-44e0-93be-361fa151f14b,693bc91a-6971-4086-8043-c01ce1145403,502cf0ee-224a-46a6-ac0f-680115b24e1d,account,24933b83-7577-40a9-a491-f0b2ea1fca65,2025-04-26T08:40:00Z,2025-06-25,73941299000,4,2025-06-25T05:06:00Z,2,100001,7f5b6f7e-1c2d-4a4e-9a51-3a3f1d3c0a01
0585c177-2690-418f-822c-d65fb1ec95db,INV-001637,c4aef437-8611-468b-b912-e9e17f18758d,3f0655a0-1a6b-4429-b7eb-9f1918439cdb,502cf0ee-224a-46a6-ac0f-680115b24e1d,account,24933b83-7577-40a9-a491-f0b2ea1fca65,2025-04-29T04:56:00Z,2025-06-28,31679979000,4,2025-07-01T08:36:00Z,2,100001,7f5b6f7e-1c2d-4a4e-9a51-3a3f1d3c0a01
17ca6da7-2dac-4d95-89ab-70078ebb9155,INV-001638,434492bf-9949-4957-8e9a-d14fee74eac4,95924827-2361-437e-8142-e7fe6e91792d,502cf0ee-224a-46a6-ac0f-680115b24e1d,account,24933b83-7577-40a9-a491-f0b2ea1fca65,2025-10-13T07:25:00Z,2025-12-12,33648500000,4,2025-12-15T11:49:00Z,2,100001,7f5b6f7e-1c2d-4a4e-9a51-3a3f1d3c0a01
46f6bf69-a34e-4e20-af90-4c2cf19e09f9,INV-001639,4f8ed80d-2ad3-41c4-9343-c71a2aff53ea,1aaeed2c-e427-48dc-9948-7556dbd87bfe,502cf0ee-224a-46a6-ac0f-680115b24e1d,account,24933b83-7577-40a9-a491-f0b2ea1fca65,2026-03-19T09:29:00Z,2026-05-18,63535083000,4,2026-05-20T07:49:00Z,2,100001,7f5b6f7e-1c2d-4a4e-9a51-3a3f1d3c0a01
e77154fb-9760-4e2f-9b1b-c6427f92490b,INV-001640,e908b131-5a25-48d2-8dad-7a1623eddb48,4dc2b558-b0c2-4844-a535-296f4474d785,502cf0ee-224a-46a6-ac0f-680115b24e1d,account,24933b83-7577-40a9-a491-f0b2ea1fca65,2026-06-11T10:40:00Z,2026-08-10,44945890000,4,,0,4,7f5b6f7e-1c2d-4a4e-9a51-3a3f1d3c0a01
2621932b-7906-4b59-ac56-72b9d337b49e,INV-001641,21db0352-d052-4951-baf5-231576a6bbe0,305f1839-23e7-4b03-9736-2875b51580bc,17e52113-4626-43be-a068-8849eec71a30,account,5304317f-af42-412f-b838-b3268e944239,2025-03-05T06:31:00Z,2025-04-04,63512685000,1,2025-04-28T11:08:00Z,2,100001,7f5b6f7e-1c2d-4a4e-9a51-3a3f1d3c0a01
1bb07cb5-70d4-4231-a3f4-5919738f39f4,INV-001642,551b950e-1264-47b5-96dc-ac3ab6f104c0,c39dba82-bb5c-42be-8460-583a1955ca1f,17e52113-4626-43be-a068-8849eec71a30,account,5304317f-af42-412f-b838-b3268e944239,2025-12-15T07:27:00Z,2026-01-14,10914447000,1,2026-02-07T10:07:00Z,2,100001,7f5b6f7e-1c2d-4a4e-9a51-3a3f1d3c0a01
74098754-0cf1-4893-92bf-58c68f252b04,INV-001643,a9725584-bd2a-478b-9730-15bae17c2182,70830c84-a32c-48cb-abf7-91a336a663e9,17e52113-4626-43be-a068-8849eec71a30,account,5304317f-af42-412f-b838-b3268e944239,2026-01-14T08:47:00Z,2026-02-13,22940396000,1,2026-03-05T12:43:00Z,2,100001,7f5b6f7e-1c2d-4a4e-9a51-3a3f1d3c0a01
47263a60-4a2d-4f2d-a910-b96096dc3496,INV-001644,e1a3be1f-7f7e-4c13-970f-b9f9dc883d5d,02a44d23-7f65-4896-afcc-e68b623dd994,9c3de1b0-022b-4683-9033-da6587cf63fd,account,beb79919-3f22-4af8-a3be-d01d43cf2fde,2026-01-11T08:48:00Z,2026-03-12,19373469000,4,2026-03-26T09:46:00Z,2,100001,7f5b6f7e-1c2d-4a4e-9a51-3a3f1d3c0a01
8026bade-91cf-4978-915c-a635778ed429,INV-001645,7605569b-bffe-44bf-a2b5-134678f73296,549cb49a-7682-48e0-adbd-26933cdae024,965d744f-0445-41a8-92af-97e4c536c66e,account,5304317f-af42-412f-b838-b3268e944239,2025-10-19T06:30:00Z,2025-11-18,104972751000,1,2025-11-16T05:01:00Z,2,100001,7f5b6f7e-1c2d-4a4e-9a51-3a3f1d3c0a01
a0dea76e-9e78-4ba3-a667-85a5bf9ea33c,INV-001646,f8a659ce-62a6-4f50-92d5-0d8e8f3cff37,4debf416-463a-4373-b6bd-bef69dc758ac,965d744f-0445-41a8-92af-97e4c536c66e,account,5304317f-af42-412f-b838-b3268e944239,2025-10-20T12:28:00Z,2025-11-19,15577306000,1,2025-12-13T05:59:00Z,2,100001,7f5b6f7e-1c2d-4a4e-9a51-3a3f1d3c0a01
57a906ac-764b-476f-a3ef-cf3a255f2e82,INV-001647,9061735c-22bd-45ff-a8a1-a68b0a0f7788,afb70557-870c-48d3-a39e-27a80812c1b1,89a3c811-895c-4fde-a3fa-40691519fd38,account,b02b61c4-a3d7-4628-ace6-6fa2fd5166e6,2025-01-01T12:44:00Z,2025-04-01,11937197000,100000001,2025-04-14T05:56:00Z,2,100001,7f5b6f7e-1c2d-4a4e-9a51-3a3f1d3c0a01
9a4f741a-9c62-4ff8-8942-acc05fdbf6bc,INV-001648,09c16d21-f90c-4094-b090-560cb294cc46,04e6efb1-249c-4b30-9fe5-772f06fe7f68,89a3c811-895c-4fde-a3fa-40691519fd38,account,b02b61c4-a3d7-4628-ace6-6fa2fd5166e6,2025-03-11T07:30:00Z,2025-06-09,14923293000,100000001,2025-06-07T07:47:00Z,2,100001,7f5b6f7e-1c2d-4a4e-9a51-3a3f1d3c0a01
e67ef576-2c6b-41d6-b6ee-1e8cf8f62ebb,INV-001649,c60d977f-4dcd-494b-aedc-b67be8fb6418,65140a9b-6c9a-41d7-bc28-353c35f926ad,89a3c811-895c-4fde-a3fa-40691519fd38,account,b02b61c4-a3d7-4628-ace6-6fa2fd5166e6,2025-09-06T08:47:00Z,2025-12-05,4560943000,100000001,2025-12-13T04:36:00Z,2,100001,7f5b6f7e-1c2d-4a4e-9a51-3a3f1d3c0a01
7291ba0f-405d-4a96-9249-f2e5600a3beb,INV-001650,cb76e3b1-b6b2-4a90-bfa0-2b11a9405b73,312b2eb4-5a45-43c4-a911-8d93520b5609,89a3c811-895c-4fde-a3fa-40691519fd38,account,b02b61c4-a3d7-4628-ace6-6fa2fd5166e6,2025-10-09T06:13:00Z,2026-01-07,15950124000,100000001,2026-01-04T09:54:00Z,2,100001,7f5b6f7e-1c2d-4a4e-9a51-3a3f1d3c0a01
99021a00-204d-4862-a332-72489b7006b1,INV-001651,e3e038fe-246e-4610-8a9b-d6b60c580da8,1efef6b9-1a42-4c38-ae10-fb4ebf04367c,89a3c811-895c-4fde-a3fa-40691519fd38,account,b02b61c4-a3d7-4628-ace6-6fa2fd5166e6,2026-04-06T04:43:00Z,2026-07-05,18853542000,100000001,,0,4,7f5b6f7e-1c2d-4a4e-9a51-3a3f1d3c0a01
1bcf1c2e-23e1-45c8-bcd4-6a34840d0878,INV-001652,c9e891e2-efe4-416b-b240-5094cdefe4f3,a23ff5e7-7546-4280-8f49-f6ed2a04aaf8,89a3c811-895c-4fde-a3fa-40691519fd38,account,b02b61c4-a3d7-4628-ace6-6fa2fd5166e6,2026-05-24T05:48:00Z,2026-08-22,22543961000,100000001,,0,4,7f5b6f7e-1c2d-4a4e-9a51-3a3f1d3c0a01
f6fec2b9-a982-4774-8c99-5f28a2d0a156,INV-001653,6fc0a6cc-da17-4a81-ade3-412593425c29,a15ef7ca-8427-4880-941f-51e49cbb239d,89a3c811-895c-4fde-a3fa-40691519fd38,account,b02b61c4-a3d7-4628-ace6-6fa2fd5166e6,2026-05-16T09:53:00Z,2026-08-14,34843581000,100000001,,0,4,7f5b6f7e-1c2d-4a4e-9a51-3a3f1d3c0a01
fb9f7e3f-4066-4132-a29c-f4d19175d7a2,INV-001654,924effed-fd7e-4bf7-823b-6fff5817132d,31cdf8ba-df95-44a1-82ba-7d81d0ae77f7,89a3c811-895c-4fde-a3fa-40691519fd38,account,b02b61c4-a3d7-4628-ace6-6fa2fd5166e6,2026-06-09T12:15:00Z,2026-09-07,30550871000,100000001,,0,4,7f5b6f7e-1c2d-4a4e-9a51-3a3f1d3c0a01
0b1964da-df45-4719-abcd-94ed5d67464c,INV-001655,0f65a689-283d-4f4d-ab07-35c9b0bfec99,210e2de6-387a-40d2-8832-0f74de79d507,c6a07656-c5c9-4b91-bf6e-f9ed7e4ce29f,account,24933b83-7577-40a9-a491-f0b2ea1fca65,2025-02-20T07:28:00Z,2025-03-22,24053452000,1,2025-03-19T12:49:00Z,2,100001,7f5b6f7e-1c2d-4a4e-9a51-3a3f1d3c0a01
4a46d88e-dd57-40bb-8c21-dc077d3d2a91,INV-001656,16ce0361-94d9-416c-976e-ba2633677e42,7533b7d6-4835-4ec4-b40a-aaf75056fe4f,c6a07656-c5c9-4b91-bf6e-f9ed7e4ce29f,account,24933b83-7577-40a9-a491-f0b2ea1fca65,2025-11-06T06:00:00Z,2025-12-06,32832217000,1,2026-06-28T11:17:00Z,2,100001,7f5b6f7e-1c2d-4a4e-9a51-3a3f1d3c0a01
38b2252a-2b4e-4c02-8552-057101390573,INV-001657,3af68585-a8c6-44d5-b964-a9c2191c60eb,5ed2c6f0-f809-4455-a987-3912d175a1a7,bcf2fc3b-d958-44c2-a053-8c1ba84510a1,account,e27a984d-6548-41d0-bfcd-9eb1a7cad415,2025-01-21T06:59:00Z,2025-03-22,70380514000,4,2025-04-01T09:25:00Z,2,100001,7f5b6f7e-1c2d-4a4e-9a51-3a3f1d3c0a01
3ec1def4-bf62-4e8b-be17-e76f4b429680,INV-001658,f2b71968-b8a6-43e2-b81a-3cdf878e0acf,b78283d0-3ef0-4a0d-ae31-cbae8bca4c55,bcf2fc3b-d958-44c2-a053-8c1ba84510a1,account,e27a984d-6548-41d0-bfcd-9eb1a7cad415,2025-04-10T11:37:00Z,2025-06-09,60384270000,4,2025-06-09T07:36:00Z,2,100001,7f5b6f7e-1c2d-4a4e-9a51-3a3f1d3c0a01
1c393ff3-afa3-441e-bbcc-48bc8b662cb7,INV-001659,5851a8b0-4680-450f-8bac-bebbcf1620c2,1527889d-b693-4285-b49b-ad700d228264,bcf2fc3b-d958-44c2-a053-8c1ba84510a1,account,e27a984d-6548-41d0-bfcd-9eb1a7cad415,2025-04-26T08:41:00Z,2025-06-25,18509472000,4,2025-07-03T09:47:00Z,2,100001,7f5b6f7e-1c2d-4a4e-9a51-3a3f1d3c0a01
e47abc55-ac5a-4280-beb4-3baebe92e241,INV-001660,7dc694e1-0227-47d7-86c9-9ea210e26b5d,5e30a146-abb2-4577-8eb2-cab12c9d8ded,bcf2fc3b-d958-44c2-a053-8c1ba84510a1,account,e27a984d-6548-41d0-bfcd-9eb1a7cad415,2025-08-25T10:43:00Z,2025-10-24,27233117000,4,2025-11-05T10:57:00Z,2,100001,7f5b6f7e-1c2d-4a4e-9a51-3a3f1d3c0a01
fdb917fb-44c6-42e3-9ff8-a8e49864def2,INV-001661,413c7087-fa6a-4566-b3cb-a5c37802c120,00f5f5a6-0310-4efe-9fba-142fe75583f5,bcf2fc3b-d958-44c2-a053-8c1ba84510a1,account,e27a984d-6548-41d0-bfcd-9eb1a7cad415,2025-10-15T05:06:00Z,2025-12-14,22031040000,4,2026-01-03T07:20:00Z,2,100001,7f5b6f7e-1c2d-4a4e-9a51-3a3f1d3c0a01
a9b5b239-d898-4363-9b89-a46f4753c87e,INV-001662,062ba484-0af3-404c-ba8f-bddecf8faafe,935e1823-2a6d-42de-881a-ccd19d96b98a,73e7f042-516c-4b0a-9385-3918bc4015fa,account,10f1bc81-448a-4a9e-a6b2-bc5b50c187fc,2025-02-04T12:57:00Z,2025-02-04,8239758000,100000000,2025-02-01T12:57:00Z,2,100001,7f5b6f7e-1c2d-4a4e-9a51-3a3f1d3c0a01
89bc48f3-854f-4162-9a22-510864fb40ea,INV-001663,f1f008a6-7bb1-41a4-bfca-0c6001fc79e4,43b3d221-7167-4fa0-b8f8-817f0bdffed7,73e7f042-516c-4b0a-9385-3918bc4015fa,account,10f1bc81-448a-4a9e-a6b2-bc5b50c187fc,2025-04-05T11:34:00Z,2025-04-05,19540292000,100000000,2025-04-02T11:34:00Z,2,100001,7f5b6f7e-1c2d-4a4e-9a51-3a3f1d3c0a01
89a76c46-1e64-43ed-b2e8-11f7d483ee2c,INV-001664,cf6a362a-635f-4936-ac9d-4cfb9c581670,400a4280-5d62-4411-9a49-b4e4b9a13b01,73e7f042-516c-4b0a-9385-3918bc4015fa,account,10f1bc81-448a-4a9e-a6b2-bc5b50c187fc,2025-09-03T07:04:00Z,2025-09-03,8309291000,100000000,2025-08-31T07:04:00Z,2,100001,7f5b6f7e-1c2d-4a4e-9a51-3a3f1d3c0a01
cd2c037b-cbad-4eca-b5fe-c30a348e13a2,INV-001665,b43d5556-a006-48c3-bb7a-f318156feb46,c7662233-1164-4508-b447-a8ed1583190a,73e7f042-516c-4b0a-9385-3918bc4015fa,account,10f1bc81-448a-4a9e-a6b2-bc5b50c187fc,2025-11-15T08:44:00Z,2025-11-15,10476276000,100000000,2025-11-15T08:44:00Z,2,100001,7f5b6f7e-1c2d-4a4e-9a51-3a3f1d3c0a01
74fedd1d-f8f1-454e-81f3-7e6912391330,INV-001666,ee46e719-6fc3-4cc9-acce-00014f4f4aa3,7c5889df-f2d7-4b99-98a7-730fb9837201,73b0d676-3527-45c8-8534-ca08f6f24d1c,account,366eb16f-508e-4ad7-b7c9-3acfe059a0ee,2026-03-12T05:21:00Z,2026-04-11,58782335000,1,2026-04-16T10:51:00Z,2,100001,7f5b6f7e-1c2d-4a4e-9a51-3a3f1d3c0a01
4c62e731-be57-41bf-8683-a366fabad246,INV-001667,74cbc159-8aab-42dc-b947-1382ecdae180,eddeba60-35ee-4f85-945b-21ed11ce734c,73b0d676-3527-45c8-8534-ca08f6f24d1c,account,366eb16f-508e-4ad7-b7c9-3acfe059a0ee,2026-05-25T10:26:00Z,2026-06-24,44614016000,1,2026-06-28T12:53:00Z,2,100001,7f5b6f7e-1c2d-4a4e-9a51-3a3f1d3c0a01
aa72d4b1-747c-4a45-8d35-6a8407ccf39b,INV-001668,9c83c74f-eeba-4b57-8698-80a87590596a,fc71f069-1c52-4a68-aed7-46947e8edcc1,453b45fe-636c-4499-9254-aad3809cd839,account,24933b83-7577-40a9-a491-f0b2ea1fca65,2025-12-01T07:58:00Z,2025-12-31,24883334000,1,2025-12-28T12:42:00Z,2,100001,7f5b6f7e-1c2d-4a4e-9a51-3a3f1d3c0a01
cc596e88-112c-4f5c-a27e-7f469af501a2,INV-001669,7d4b3956-bfb9-4fc3-a818-14f80c1d0a29,6b29a430-9251-4e48-a367-559517016cc7,453b45fe-636c-4499-9254-aad3809cd839,account,24933b83-7577-40a9-a491-f0b2ea1fca65,2026-05-02T13:18:00Z,2026-06-01,48676817000,1,2026-06-04T11:52:00Z,2,100001,7f5b6f7e-1c2d-4a4e-9a51-3a3f1d3c0a01
d645bb7e-f9a1-4b6e-b6ca-44197b4fb5ab,INV-001670,19bd3241-3f3c-412c-b283-48973ae5f54b,a507a37f-de90-4d7d-9d27-9e8d1a9c2046,bcaff931-ead1-4464-8a8e-858cd0f81063,account,10f1bc81-448a-4a9e-a6b2-bc5b50c187fc,2025-01-04T06:39:00Z,2025-02-03,21360641000,1,2025-08-03T04:43:00Z,2,100001,7f5b6f7e-1c2d-4a4e-9a51-3a3f1d3c0a01
5bd6ceb0-238a-47c3-b53c-bc6622303897,INV-001671,3cfa4ba3-6f3a-4c95-b456-0393c14d4599,861eb645-eedb-49e3-b6df-619d60cf1e5f,bcaff931-ead1-4464-8a8e-858cd0f81063,account,10f1bc81-448a-4a9e-a6b2-bc5b50c187fc,2025-02-09T10:24:00Z,2025-03-11,46569845000,1,2025-03-11T07:24:00Z,2,100001,7f5b6f7e-1c2d-4a4e-9a51-3a3f1d3c0a01
27c499c2-a9f8-40eb-bced-933d134ca446,INV-001672,b630189d-7d62-4dfc-9b64-2fc56479a9e1,ca3cce1a-3158-4afb-bd6d-6ac38a962a8c,bcaff931-ead1-4464-8a8e-858cd0f81063,account,10f1bc81-448a-4a9e-a6b2-bc5b50c187fc,2025-02-09T05:47:00Z,2025-03-11,35747181000,1,2025-03-09T06:25:00Z,2,100001,7f5b6f7e-1c2d-4a4e-9a51-3a3f1d3c0a01
b11b2624-80b1-4853-bc39-4bc20ad3a57b,INV-001673,6bc6f5e3-b0e6-4b69-b725-2a1a5d1de162,d81179ca-5c62-40fd-91ce-c475c05e95d9,bcaff931-ead1-4464-8a8e-858cd0f81063,account,10f1bc81-448a-4a9e-a6b2-bc5b50c187fc,2025-04-08T05:10:00Z,2025-05-08,23117611000,1,2025-05-06T11:42:00Z,2,100001,7f5b6f7e-1c2d-4a4e-9a51-3a3f1d3c0a01
f717e805-91e3-42f3-bbab-d640752a4011,INV-001674,fd49c383-43d9-4f8b-90e9-2eaacfb87add,307d7e9b-af6e-40e3-893d-cca42a5bc6d9,bcaff931-ead1-4464-8a8e-858cd0f81063,account,10f1bc81-448a-4a9e-a6b2-bc5b50c187fc,2025-09-11T05:26:00Z,2025-10-11,86366638000,1,2025-10-12T08:45:00Z,2,100001,7f5b6f7e-1c2d-4a4e-9a51-3a3f1d3c0a01
cef2aee1-e508-4192-915a-98d5f3ca81ef,INV-001675,def1c799-9cdf-48fd-95cc-89b0067e6df1,29c19503-11bc-47dc-a879-82a1f2ac0ef6,bcaff931-ead1-4464-8a8e-858cd0f81063,account,10f1bc81-448a-4a9e-a6b2-bc5b50c187fc,2026-06-01T08:02:00Z,2026-07-01,115169774000,1,2026-06-28T07:17:00Z,2,100001,7f5b6f7e-1c2d-4a4e-9a51-3a3f1d3c0a01
ffd00564-f51b-4c63-93c0-0742031d5bf7,INV-001676,2727d9b6-bd02-4f07-b6b1-4fe60b79465f,8afdccef-bf56-4200-9f60-4c50b0a618cf,7a5d7c82-86c5-447c-851a-00393803dcee,account,0e51f30d-c6a7-4e39-84b0-32ccd7c524a5,2025-03-31T08:29:00Z,2025-05-30,10954768000,4,2025-05-27T05:37:00Z,2,100001,7f5b6f7e-1c2d-4a4e-9a51-3a3f1d3c0a01
d5134c67-f094-4a7d-90a7-1f82521ce1ac,INV-001677,cc09a180-55cc-432f-91b2-f245a0ab95c8,4dd1afcb-eccc-4ec7-a1ea-4d7b205254a9,7a5d7c82-86c5-447c-851a-00393803dcee,account,0e51f30d-c6a7-4e39-84b0-32ccd7c524a5,2025-08-27T10:21:00Z,2025-10-26,34600538000,4,2025-10-29T04:42:00Z,2,100001,7f5b6f7e-1c2d-4a4e-9a51-3a3f1d3c0a01
c87af26d-5ae2-4936-af87-031a166ee552,INV-001678,d47f2c4a-92cd-4832-ac55-06b48c137f12,51e47931-d91d-432a-9262-ceb52430f135,485f7888-1e23-4a4b-9e21-741fb8011026,account,5304317f-af42-412f-b838-b3268e944239,2024-11-28T10:35:00Z,2024-12-28,14610122000,1,2024-12-29T07:40:00Z,2,100001,7f5b6f7e-1c2d-4a4e-9a51-3a3f1d3c0a01
5ab8657d-e2fd-4fc1-bc7c-8631cec0cdc2,INV-001679,6d2c0242-1dac-437f-98c0-99b3e201f732,23c28f6c-7e47-4281-a78a-db909d6bac75,485f7888-1e23-4a4b-9e21-741fb8011026,account,5304317f-af42-412f-b838-b3268e944239,2025-12-17T11:17:00Z,2026-01-16,8872142000,1,2026-01-14T11:21:00Z,2,100001,7f5b6f7e-1c2d-4a4e-9a51-3a3f1d3c0a01
aa6e0d46-a289-4486-bd33-078abaef2922,INV-001680,0c312a3d-7efd-42aa-9470-eb2c73b7a54c,c430adaa-21ec-4d6e-a10d-4ab92d1b1e25,485f7888-1e23-4a4b-9e21-741fb8011026,account,5304317f-af42-412f-b838-b3268e944239,2026-04-01T11:32:00Z,2026-05-01,24669647000,1,2026-05-05T07:12:00Z,2,100001,7f5b6f7e-1c2d-4a4e-9a51-3a3f1d3c0a01
76233726-683f-4c50-b425-bc75684fd8af,INV-001681,8db7620d-18bb-47ac-9e73-7e8008b93846,edfe4edc-94fa-40f3-b63e-11899305c16d,485f7888-1e23-4a4b-9e21-741fb8011026,account,5304317f-af42-412f-b838-b3268e944239,2026-05-26T10:57:00Z,2026-06-25,32282588000,1,2026-06-29T10:55:00Z,2,100001,7f5b6f7e-1c2d-4a4e-9a51-3a3f1d3c0a01
6053f9ce-b137-42b2-bc96-130f17884dde,INV-001682,30d20eea-eda8-4463-a997-d36ce6b82604,9765d07c-3a94-4216-967f-863c351f427a,485f7888-1e23-4a4b-9e21-741fb8011026,account,5304317f-af42-412f-b838-b3268e944239,2026-05-27T10:49:00Z,2026-06-26,19952578000,1,2026-06-27T08:06:00Z,2,100001,7f5b6f7e-1c2d-4a4e-9a51-3a3f1d3c0a01
a0f91338-2e41-4fb0-88cb-d48dc782d3aa,INV-001683,43ca6a87-645b-4e8f-8669-54d303bf3942,099cedaf-54b1-4cbe-9713-c81e7e5e9ccb,8c52d271-0a16-4e18-a90e-3e894b9c22f4,account,ce177b4e-0837-48a3-9261-a7ab3aa2e4f9,2024-12-02T11:00:00Z,2024-12-02,58476936000,100000000,2024-11-29T11:00:00Z,2,100001,7f5b6f7e-1c2d-4a4e-9a51-3a3f1d3c0a01
380c4e91-983f-4483-bf12-16d3f685b193,INV-001684,99b1482a-e7cd-4246-b92d-780ce994f6ce,477514b6-654c-4ca5-9140-91c940b94cf6,1f8b4af1-96bc-432d-ac11-7babd6642fe8,account,ce177b4e-0837-48a3-9261-a7ab3aa2e4f9,2025-07-28T05:34:00Z,2025-07-28,21931171000,100000000,2025-07-25T05:34:00Z,2,100001,7f5b6f7e-1c2d-4a4e-9a51-3a3f1d3c0a01
e3e1d955-6249-4836-8f29-bd7fea24866f,INV-001685,f7da52ee-9f58-48cf-839c-437142b90576,8ff57d4e-13ee-4ea2-ab5b-d02ccf0cf995,1f8b4af1-96bc-432d-ac11-7babd6642fe8,account,ce177b4e-0837-48a3-9261-a7ab3aa2e4f9,2025-09-09T05:48:00Z,2025-09-09,37720247000,100000000,2025-09-09T05:48:00Z,2,100001,7f5b6f7e-1c2d-4a4e-9a51-3a3f1d3c0a01
e4e81cf9-8f82-4149-9b8b-370e701247c7,INV-001686,5cb4fe3a-66a9-4d42-aeac-c759b77e8788,e21edd6b-3551-4dc0-b612-66791cb0daed,1f8b4af1-96bc-432d-ac11-7babd6642fe8,account,ce177b4e-0837-48a3-9261-a7ab3aa2e4f9,2025-11-15T07:56:00Z,2025-11-15,27614200000,100000000,2025-11-14T07:56:00Z,2,100001,7f5b6f7e-1c2d-4a4e-9a51-3a3f1d3c0a01
a001fe8e-c92a-4522-b06d-f6f570650431,INV-001687,8b66ff0e-b63e-40d9-9918-c801320dabfd,f06f1001-bc58-4a6e-8881-3719764b96fe,1f8b4af1-96bc-432d-ac11-7babd6642fe8,account,ce177b4e-0837-48a3-9261-a7ab3aa2e4f9,2025-11-22T11:12:00Z,2025-11-22,38430922000,100000000,2025-11-20T11:12:00Z,2,100001,7f5b6f7e-1c2d-4a4e-9a51-3a3f1d3c0a01
ba01f981-ead4-4e3f-8ee8-6b0dc4599ccd,INV-001688,ff6be918-ade5-4265-81b5-ec817616f0df,47baee61-f1f8-40f3-a8ed-03fdf32fee88,1f8b4af1-96bc-432d-ac11-7babd6642fe8,account,ce177b4e-0837-48a3-9261-a7ab3aa2e4f9,2026-01-08T10:06:00Z,2026-01-08,95764936000,100000000,2026-01-07T10:06:00Z,2,100001,7f5b6f7e-1c2d-4a4e-9a51-3a3f1d3c0a01
1ebcc1b5-ab60-49aa-ab4b-42bc96bf61af,INV-001689,b033c9ba-72aa-404e-ba3f-81bf1e90e1f1,9acfcfcc-e2b2-4e56-a7b9-d022cc07a08b,1f8b4af1-96bc-432d-ac11-7babd6642fe8,account,ce177b4e-0837-48a3-9261-a7ab3aa2e4f9,2026-04-13T08:32:00Z,2026-04-13,81502543000,100000000,2026-04-13T08:32:00Z,2,100001,7f5b6f7e-1c2d-4a4e-9a51-3a3f1d3c0a01
1a408b30-334e-44a9-a351-2002e8ec3a2a,INV-001690,ba19581c-dd86-4dbb-a71f-890d7fcf7a80,3cb21a33-afae-414a-ba57-ec032aea9bfd,1f8b4af1-96bc-432d-ac11-7babd6642fe8,account,ce177b4e-0837-48a3-9261-a7ab3aa2e4f9,2026-06-16T09:19:00Z,2026-06-16,101239498000,100000000,2026-06-14T09:19:00Z,2,100001,7f5b6f7e-1c2d-4a4e-9a51-3a3f1d3c0a01
3f1d35b4-76f1-420d-a334-bd8d148b2fd4,INV-001691,5dcdc3e2-aac9-465e-a55d-96e895abb68c,78d32eed-b15a-4def-b581-28e805f15c87,6c21835d-d8e8-497c-a0a2-59014932936e,account,e27a984d-6548-41d0-bfcd-9eb1a7cad415,2025-06-28T11:24:00Z,2025-08-27,38309883000,4,2026-03-17T12:52:00Z,2,100001,7f5b6f7e-1c2d-4a4e-9a51-3a3f1d3c0a01
e688b58c-6cb8-49e9-b6dd-7f244622390c,INV-001692,a9565679-0e48-4a7d-ba77-4d7a290cb756,4b22d8bf-5752-43e1-b7cd-18016fd7e5d1,6c21835d-d8e8-497c-a0a2-59014932936e,account,e27a984d-6548-41d0-bfcd-9eb1a7cad415,2025-09-16T08:15:00Z,2025-11-15,74534252000,4,2025-11-15T09:31:00Z,2,100001,7f5b6f7e-1c2d-4a4e-9a51-3a3f1d3c0a01
12c7cab0-bf97-4d86-a393-f6b07e075506,INV-001693,87b6e5a8-22a0-43ce-949d-235f45cda735,86a8a711-5db5-449c-82cb-a1f52721a89d,6c21835d-d8e8-497c-a0a2-59014932936e,account,e27a984d-6548-41d0-bfcd-9eb1a7cad415,2025-12-02T10:59:00Z,2026-01-31,199067164000,4,2026-01-31T11:48:00Z,2,100001,7f5b6f7e-1c2d-4a4e-9a51-3a3f1d3c0a01
2641d0cc-3cf0-4c31-a2f4-ce657fcdce17,INV-001694,d99f0444-6db6-4f62-9b10-75578c8e652c,d3456d6b-649d-48ab-95f8-71faffdccccf,6c21835d-d8e8-497c-a0a2-59014932936e,account,e27a984d-6548-41d0-bfcd-9eb1a7cad415,2026-04-09T06:27:00Z,2026-06-08,48121381000,4,2026-06-30T11:00:00Z,2,100001,7f5b6f7e-1c2d-4a4e-9a51-3a3f1d3c0a01
71ed767d-bdf4-4247-8173-80c6b213f9e2,INV-001695,870d537f-6033-4970-948f-9cc9492aa483,13f167f8-faaf-48d0-87ed-f0b1d0517278,5200044b-3148-4df8-a6ca-8d50e5f5c891,account,5304317f-af42-412f-b838-b3268e944239,2025-07-26T09:18:00Z,2025-07-26,37178676000,100000000,2025-07-25T09:18:00Z,2,100001,7f5b6f7e-1c2d-4a4e-9a51-3a3f1d3c0a01
2e52ea87-9e82-42e6-92de-67b81a3a44ca,INV-001696,62739970-e2ef-4715-b9cf-d5ea19ee4d47,fb3c5bd0-3b27-40f4-9de9-ad0d769f9954,5200044b-3148-4df8-a6ca-8d50e5f5c891,account,5304317f-af42-412f-b838-b3268e944239,2026-06-08T08:47:00Z,2026-06-08,12126904000,100000000,2026-06-06T08:47:00Z,2,100001,7f5b6f7e-1c2d-4a4e-9a51-3a3f1d3c0a01
5200f6c1-a3d8-4c1e-8e36-b22f8b2d68a3,INV-001697,72254fa4-376d-46f1-a121-4eae369f3f2f,3acb8661-2d9b-49f2-937a-25a0df6e01f3,12767d13-f093-4776-9116-d014a5850828,account,ce177b4e-0837-48a3-9261-a7ab3aa2e4f9,2025-08-18T06:46:00Z,2025-08-18,25664677000,100000000,2025-08-16T06:46:00Z,2,100001,7f5b6f7e-1c2d-4a4e-9a51-3a3f1d3c0a01
564e5c18-ea90-416c-9de5-54859ba434b7,INV-001698,25176cee-1587-4259-ac8e-e3f5b2414e0f,75971dfb-cf98-4883-b94f-031815d0eb11,12767d13-f093-4776-9116-d014a5850828,account,ce177b4e-0837-48a3-9261-a7ab3aa2e4f9,2026-01-04T06:51:00Z,2026-01-04,32069558000,100000000,2026-01-03T06:51:00Z,2,100001,7f5b6f7e-1c2d-4a4e-9a51-3a3f1d3c0a01
d59ba4a6-6c71-494c-861a-dd147be73bc7,INV-001699,90b7a8a3-8d13-4a03-a3e6-7be9cd76285f,f5474591-7c9d-4a3a-9338-9f17a4d03959,12767d13-f093-4776-9116-d014a5850828,account,ce177b4e-0837-48a3-9261-a7ab3aa2e4f9,2026-03-05T08:22:00Z,2026-03-05,69798383000,100000000,2026-03-03T08:22:00Z,2,100001,7f5b6f7e-1c2d-4a4e-9a51-3a3f1d3c0a01
13feb269-4c88-4a18-bed6-ede7c2f70372,INV-001700,71d1d212-5cab-4ddb-9433-caad897faab9,b09eda63-d820-41b6-bcee-23af65978634,12767d13-f093-4776-9116-d014a5850828,account,ce177b4e-0837-48a3-9261-a7ab3aa2e4f9,2026-05-28T05:52:00Z,2026-05-28,72123761000,100000000,2026-05-27T05:52:00Z,2,100001,7f5b6f7e-1c2d-4a4e-9a51-3a3f1d3c0a01
191ed3b3-985d-4858-896c-3e60aea36f08,INV-001701,2440e340-6351-48e8-9ef7-883ff49968de,4110523d-1eda-47c4-bfe6-62fcdd50bc3d,12767d13-f093-4776-9116-d014a5850828,account,ce177b4e-0837-48a3-9261-a7ab3aa2e4f9,2026-06-21T08:22:00Z,2026-06-21,55971096000,100000000,2026-06-21T08:22:00Z,2,100001,7f5b6f7e-1c2d-4a4e-9a51-3a3f1d3c0a01
7e797439-5b20-4f46-adc1-b76c60e2e7db,INV-001702,a502836d-9fcb-4765-bd92-df723980b6d8,0443785e-f354-4fe1-883d-12095dbbf37b,481186e9-1625-44ca-9b47-e6394d2551eb,account,b02b61c4-a3d7-4628-ace6-6fa2fd5166e6,2025-08-11T12:21:00Z,2025-09-10,15078799000,1,2025-09-07T09:00:00Z,2,100001,7f5b6f7e-1c2d-4a4e-9a51-3a3f1d3c0a01
5f5e1673-26b7-454f-9c91-de34a778b551,INV-001703,2cd02da9-74bf-46e8-b7d5-188fec174c5f,6959cf3c-9035-418d-8045-7d29ee07158c,481186e9-1625-44ca-9b47-e6394d2551eb,account,b02b61c4-a3d7-4628-ace6-6fa2fd5166e6,2026-06-27T07:42:00Z,2026-07-27,47412846000,1,,0,4,7f5b6f7e-1c2d-4a4e-9a51-3a3f1d3c0a01
0d08fa2d-2ca4-437e-bd5c-0f3d7357a76c,INV-001704,25a2b98c-218c-4dd9-bb0b-ec4b7d3f2384,36996a1b-f77e-474b-b151-a610262338f6,929daf9f-0149-42af-8ab1-a5041f8c56e0,account,0e51f30d-c6a7-4e39-84b0-32ccd7c524a5,2025-07-06T07:27:00Z,2025-07-06,20924943000,100000000,2025-07-04T07:27:00Z,2,100001,7f5b6f7e-1c2d-4a4e-9a51-3a3f1d3c0a01
3f9f7783-83e8-497d-800d-36666d0d0cd2,INV-001705,218bf379-7f6a-41d2-a573-baa2e65beb9f,300965b1-b39c-413b-8f13-512640eabc0b,929daf9f-0149-42af-8ab1-a5041f8c56e0,account,0e51f30d-c6a7-4e39-84b0-32ccd7c524a5,2025-07-19T07:24:00Z,2025-07-19,24147088000,100000000,2025-07-19T07:24:00Z,2,100001,7f5b6f7e-1c2d-4a4e-9a51-3a3f1d3c0a01
9d443522-0ef0-4ce9-accf-548d5a4a9b62,INV-001706,da227292-0933-40d9-b8da-2f8714ade547,e2f8daa3-cdd6-497e-86c3-8f8fa1e1fb39,929daf9f-0149-42af-8ab1-a5041f8c56e0,account,0e51f30d-c6a7-4e39-84b0-32ccd7c524a5,2025-09-03T07:14:00Z,2025-09-03,9619409000,100000000,2025-09-03T07:14:00Z,2,100001,7f5b6f7e-1c2d-4a4e-9a51-3a3f1d3c0a01
7488ad9b-e267-492c-8c92-34405cb0f09a,INV-001707,b358d767-19e1-4386-904e-09ea7c7848f7,b1b6b118-8b27-4402-b52a-cf38453bed1d,929daf9f-0149-42af-8ab1-a5041f8c56e0,account,0e51f30d-c6a7-4e39-84b0-32ccd7c524a5,2025-11-27T12:36:00Z,2025-11-27,15785117000,100000000,2025-11-26T12:36:00Z,2,100001,7f5b6f7e-1c2d-4a4e-9a51-3a3f1d3c0a01
0918cdbb-0e59-4405-a23f-10bb1183bcf8,INV-001708,b9dd7975-048b-4f14-87a8-cc6292251425,c6e86f68-f567-4a61-ac97-e0ecc2101c33,929daf9f-0149-42af-8ab1-a5041f8c56e0,account,0e51f30d-c6a7-4e39-84b0-32ccd7c524a5,2025-12-18T08:33:00Z,2025-12-18,40639243000,100000000,2025-12-17T08:33:00Z,2,100001,7f5b6f7e-1c2d-4a4e-9a51-3a3f1d3c0a01
ba0d99d4-129b-4881-96df-9557af99eda2,INV-001709,57cfb752-23a8-4063-8899-2edaf475b0c7,94e92af1-49ea-4c86-a8c4-c7912ea1e1d8,dd23ff41-dae1-4586-a358-755cbc5c3cd8,account,0e51f30d-c6a7-4e39-84b0-32ccd7c524a5,2025-07-24T06:56:00Z,2025-08-23,40979839000,1,2025-12-10T11:53:00Z,2,100001,7f5b6f7e-1c2d-4a4e-9a51-3a3f1d3c0a01
045dbe94-2084-4acf-af90-3653de1c5838,INV-001710,aae82999-36b1-4b7b-99e6-266a7dbfb504,d6ca8d10-97f6-471c-909b-8a4347f727c6,6690a951-fc04-4a7a-ae41-5f166263307c,account,5304317f-af42-412f-b838-b3268e944239,2025-11-02T12:17:00Z,2025-12-02,21529281000,1,2025-11-30T07:07:00Z,2,100001,7f5b6f7e-1c2d-4a4e-9a51-3a3f1d3c0a01
f5deb1df-6506-4db3-abea-bd1a4223380f,INV-001711,34f406c7-1314-4259-94e4-7f35f7e9d527,aab6ad8e-cf56-4b52-b353-b0d9499c0dc9,6690a951-fc04-4a7a-ae41-5f166263307c,account,5304317f-af42-412f-b838-b3268e944239,2025-11-17T04:51:00Z,2025-12-17,12264444000,1,2025-12-27T09:43:00Z,2,100001,7f5b6f7e-1c2d-4a4e-9a51-3a3f1d3c0a01
4f62800f-53b3-497b-9c2c-86e7019a6d30,INV-001712,5431493a-1efc-4823-8385-392ab3995d15,c4d50c4e-9e52-47a4-b9e3-ab3fe3934fa0,65db6e43-47bf-4db7-82d9-a774ea7f6c7d,account,ce177b4e-0837-48a3-9261-a7ab3aa2e4f9,2025-08-06T07:04:00Z,2025-08-06,63951941000,100000000,2025-08-05T07:04:00Z,2,100001,7f5b6f7e-1c2d-4a4e-9a51-3a3f1d3c0a01
8056f649-845a-4d78-af16-0d2ae61a4485,INV-001713,83bdf86d-0aed-41dd-bf51-c23580423b76,b53423b3-9169-47e0-9f69-fa02676a0ff7,65db6e43-47bf-4db7-82d9-a774ea7f6c7d,account,ce177b4e-0837-48a3-9261-a7ab3aa2e4f9,2025-11-22T04:47:00Z,2025-11-22,60805419000,100000000,2025-11-22T04:47:00Z,2,100001,7f5b6f7e-1c2d-4a4e-9a51-3a3f1d3c0a01
12ab3b38-3c73-4c5c-a204-5790ccbfb7f1,INV-001714,363bb3f5-5122-4914-a456-19e23d6d4458,89b5e130-5cf4-4a58-a494-2f47f7ec736f,65db6e43-47bf-4db7-82d9-a774ea7f6c7d,account,ce177b4e-0837-48a3-9261-a7ab3aa2e4f9,2025-12-14T08:20:00Z,2025-12-14,68564447000,100000000,2025-12-11T08:20:00Z,2,100001,7f5b6f7e-1c2d-4a4e-9a51-3a3f1d3c0a01
6e85e46b-c338-430b-8ff5-6c5bf1c6f2c8,INV-001715,2741316e-cd3f-46ca-80c8-295733418b4a,7229de2f-7304-4aad-8208-6e05117d73e6,65db6e43-47bf-4db7-82d9-a774ea7f6c7d,account,ce177b4e-0837-48a3-9261-a7ab3aa2e4f9,2026-05-23T09:04:00Z,2026-05-23,50915802000,100000000,2026-05-21T09:04:00Z,2,100001,7f5b6f7e-1c2d-4a4e-9a51-3a3f1d3c0a01
e2a64fe0-fff9-4fb1-891c-b77be103bb93,INV-001716,5e4b21f4-41a0-4c34-8959-d749b60b451b,77b0a675-3072-4340-ba09-9d5994ad4454,44f7f01a-3cb5-46d7-834a-130e8c6ea6ad,account,366eb16f-508e-4ad7-b7c9-3acfe059a0ee,2025-09-02T10:15:00Z,2025-10-02,8285699000,1,2025-09-29T08:38:00Z,2,100001,7f5b6f7e-1c2d-4a4e-9a51-3a3f1d3c0a01
0cb3f1a6-973c-4dd2-b8cc-50583d63cbde,INV-001717,97d13e79-af3d-420e-ab79-956b09c32d5c,33c9b81e-df27-40b4-980f-ee0b2a7d738b,44f7f01a-3cb5-46d7-834a-130e8c6ea6ad,account,366eb16f-508e-4ad7-b7c9-3acfe059a0ee,2025-08-24T12:12:00Z,2025-09-23,4381219000,1,2025-09-21T13:21:00Z,2,100001,7f5b6f7e-1c2d-4a4e-9a51-3a3f1d3c0a01
83816186-47c7-46ee-9f49-ba8034146e80,INV-001718,414266ac-730b-4f6c-a5aa-da14308e1820,a9b987d8-4190-4e8e-985f-c584c81e3b3e,44f7f01a-3cb5-46d7-834a-130e8c6ea6ad,account,366eb16f-508e-4ad7-b7c9-3acfe059a0ee,2025-09-22T05:06:00Z,2025-10-22,15470983000,1,2025-10-19T08:15:00Z,2,100001,7f5b6f7e-1c2d-4a4e-9a51-3a3f1d3c0a01
594ae6aa-29e8-44e6-91e8-7a2750a8b3c7,INV-001719,7c46c840-afe3-41b7-b98b-8c245c1d67d2,b8b249cf-e50d-4caf-876f-df62186cab5b,44f7f01a-3cb5-46d7-834a-130e8c6ea6ad,account,366eb16f-508e-4ad7-b7c9-3acfe059a0ee,2026-03-15T11:32:00Z,2026-04-14,29581496000,1,2026-04-15T08:34:00Z,2,100001,7f5b6f7e-1c2d-4a4e-9a51-3a3f1d3c0a01
6d55d662-a5b2-4422-80d3-14ae1c9703bf,INV-001720,70b2938b-cfd4-4e2b-b416-f7157ccc98be,d24bfa0f-980f-4133-a7e0-b08d81fdfb7d,0c36ad4e-915d-4a63-9bc6-c9288fe84e20,account,5304317f-af42-412f-b838-b3268e944239,2025-08-16T10:35:00Z,2025-08-16,47824946000,100000000,2025-08-14T10:35:00Z,2,100001,7f5b6f7e-1c2d-4a4e-9a51-3a3f1d3c0a01
7de0bc66-99f1-4664-8e1e-cafe3b0aa467,INV-001721,94455558-4763-4bc5-8231-3a174fd609a6,273cdb44-bc8e-45c4-879f-50678278f424,0c36ad4e-915d-4a63-9bc6-c9288fe84e20,account,5304317f-af42-412f-b838-b3268e944239,2025-10-01T09:43:00Z,2025-10-01,46165948000,100000000,2025-09-29T09:43:00Z,2,100001,7f5b6f7e-1c2d-4a4e-9a51-3a3f1d3c0a01
603371b2-4150-41a9-a775-80f6f7a1c26e,INV-001722,0c961133-a70b-4836-b28b-06bf2bb7a3ed,73a83d26-d5fc-4816-8a04-f70fd935f973,0c36ad4e-915d-4a63-9bc6-c9288fe84e20,account,5304317f-af42-412f-b838-b3268e944239,2025-11-18T12:41:00Z,2025-11-18,247896025000,100000000,2025-11-18T12:41:00Z,2,100001,7f5b6f7e-1c2d-4a4e-9a51-3a3f1d3c0a01
001510a7-e3f4-4f28-a9af-914a1fabec5c,INV-001723,f87fd2c6-cd4a-4062-843b-48f7a603949f,dad0cd83-3561-400b-831d-88bf2c9a0cbf,0c36ad4e-915d-4a63-9bc6-c9288fe84e20,account,5304317f-af42-412f-b838-b3268e944239,2025-10-26T08:35:00Z,2025-10-26,37410738000,100000000,2025-10-26T08:35:00Z,2,100001,7f5b6f7e-1c2d-4a4e-9a51-3a3f1d3c0a01
d6408d37-e92c-4c0f-acda-4dceebe2712d,INV-001724,735f79c2-7e85-43cf-98f3-b4a1e3b0391f,76ec75fd-65f7-442a-9137-5bc00cd9c544,0c36ad4e-915d-4a63-9bc6-c9288fe84e20,account,5304317f-af42-412f-b838-b3268e944239,2026-06-03T09:08:00Z,2026-06-03,102911889000,100000000,2026-05-31T09:08:00Z,2,100001,7f5b6f7e-1c2d-4a4e-9a51-3a3f1d3c0a01
cd76ab9b-2816-467e-b67e-90ed1facddd2,INV-001725,d1cb28f9-1397-49b9-9427-41d91b3d6222,74290157-6d29-494c-b4e9-238266365532,2bacf712-d6a9-49e8-86d8-95e5219b606d,account,24933b83-7577-40a9-a491-f0b2ea1fca65,2025-11-06T05:04:00Z,2026-01-05,15842291000,4,2026-01-10T09:01:00Z,2,100001,7f5b6f7e-1c2d-4a4e-9a51-3a3f1d3c0a01
312a982d-09d3-4bd0-9870-2dc92dded27c,INV-001726,644d0602-b44e-4c06-a585-ec5070015680,bb971fe3-c72d-4569-a332-04b04d129483,2bacf712-d6a9-49e8-86d8-95e5219b606d,account,24933b83-7577-40a9-a491-f0b2ea1fca65,2026-06-03T12:58:00Z,2026-08-02,34353739000,4,,0,4,7f5b6f7e-1c2d-4a4e-9a51-3a3f1d3c0a01
399af7cc-7098-4910-baa7-942c4185d5ca,INV-001727,89251674-df74-4cbc-9308-bbd069aa30b3,14191e0c-40f5-42bc-9391-50cd1f970abc,c9254bb5-4fc3-4d4e-ab95-0c1d578799d9,account,366eb16f-508e-4ad7-b7c9-3acfe059a0ee,2025-06-21T08:26:00Z,2025-07-21,105412787000,1,2025-07-19T05:44:00Z,2,100001,7f5b6f7e-1c2d-4a4e-9a51-3a3f1d3c0a01
8ded8e7a-a4e1-4150-b57b-472186f4ab45,INV-001728,c23963a2-dcd9-437a-afa6-147f696ae564,9468bcfa-e2b2-4769-b137-b6576097e74d,c9254bb5-4fc3-4d4e-ab95-0c1d578799d9,account,366eb16f-508e-4ad7-b7c9-3acfe059a0ee,2025-08-24T09:41:00Z,2025-09-23,79301429000,1,2025-10-02T04:41:00Z,2,100001,7f5b6f7e-1c2d-4a4e-9a51-3a3f1d3c0a01
17ca05a3-28d3-43e3-ab9e-1062ea5c457f,INV-001729,355d3e0c-c631-4191-ab51-ac472ccbad70,dfca0023-620e-4981-81d2-1a9d3d446c4e,0b34fc84-1111-4e29-a8ad-153985f0786a,account,9132b63e-f162-47e4-a9c3-49e03602f8ac,2026-05-09T09:41:00Z,2026-05-09,138591693000,100000000,2026-05-07T09:41:00Z,2,100001,7f5b6f7e-1c2d-4a4e-9a51-3a3f1d3c0a01
b259cb8c-f7f1-4c1e-9ed8-5b360a374ed3,INV-001730,882a2c77-73da-4d0d-8501-60f6bfa044f6,d0cf7b0b-37b9-4f9d-99e0-35e7af28fcf6,0b34fc84-1111-4e29-a8ad-153985f0786a,account,9132b63e-f162-47e4-a9c3-49e03602f8ac,2026-05-28T05:28:00Z,2026-05-28,20433414000,100000000,2026-05-25T05:28:00Z,2,100001,7f5b6f7e-1c2d-4a4e-9a51-3a3f1d3c0a01
f7130d71-ec33-4dd6-bf42-b289af709f80,INV-001731,be04e89f-6a8e-49aa-a9c1-a0c63818a9bd,63467bab-44be-4f6a-ba14-959231c9f8b5,909e21ba-8a38-45aa-91be-ba8e0a8aeb94,account,9132b63e-f162-47e4-a9c3-49e03602f8ac,2025-11-04T06:28:00Z,2025-12-04,35949197000,1,2025-12-22T08:37:00Z,2,100001,7f5b6f7e-1c2d-4a4e-9a51-3a3f1d3c0a01
60a850f8-e796-43d0-81a5-1ee4caa82def,INV-001732,ad2bba41-ad2d-4ccf-876e-926aa67e3a42,ab1333e9-3450-42cc-8231-eac667eb6201,4165964c-0b21-4308-86dc-4e34a9dcfe52,account,ce177b4e-0837-48a3-9261-a7ab3aa2e4f9,2025-11-16T05:59:00Z,2025-12-16,33499207000,1,2025-12-13T05:27:00Z,2,100001,7f5b6f7e-1c2d-4a4e-9a51-3a3f1d3c0a01
858cb6c1-d11f-4fdc-850d-05fcf8957842,INV-001733,b09d01d5-164c-433f-898f-3d3106b78e90,a204b32f-f713-40a2-bbd3-785f9e9d08ad,6491982b-e5ad-481d-977f-4c1626d658fb,account,e27a984d-6548-41d0-bfcd-9eb1a7cad415,2025-09-24T07:36:00Z,2025-12-23,17820985000,100000001,2025-12-20T12:35:00Z,2,100001,7f5b6f7e-1c2d-4a4e-9a51-3a3f1d3c0a01
4b84f642-7302-46f9-bd2a-4b4b0dad4a29,INV-001734,173a3df3-1e09-44d7-9418-6637ad7a263c,8767f7bb-2706-470c-b980-97fae03dcd9e,6491982b-e5ad-481d-977f-4c1626d658fb,account,e27a984d-6548-41d0-bfcd-9eb1a7cad415,2026-05-04T05:09:00Z,2026-08-02,31165766000,100000001,,0,4,7f5b6f7e-1c2d-4a4e-9a51-3a3f1d3c0a01
8ab9171c-a843-4ba1-b3d0-81f0d314cb86,INV-001735,c6cbe354-2bec-4f35-9a36-29b36e5da5ff,8ec2221c-d656-4b1b-823b-5b8f32484ceb,b440b852-e033-400e-a432-62b38675820e,account,366eb16f-508e-4ad7-b7c9-3acfe059a0ee,2025-07-06T07:48:00Z,2025-08-05,115886817000,1,2025-08-02T09:15:00Z,2,100001,7f5b6f7e-1c2d-4a4e-9a51-3a3f1d3c0a01
62b8e542-b56c-42e2-acd6-4c6e69bba3ab,INV-001736,7e4531d3-e0cd-49fe-8c20-1367812c5ef8,4cf25908-84b1-474a-aa76-818f7d56ef82,b440b852-e033-400e-a432-62b38675820e,account,366eb16f-508e-4ad7-b7c9-3acfe059a0ee,2025-11-20T06:27:00Z,2025-12-20,126430667000,1,2025-12-18T12:22:00Z,2,100001,7f5b6f7e-1c2d-4a4e-9a51-3a3f1d3c0a01
d84bd851-c8eb-4683-9f43-676342a4c21c,INV-001737,4562f4ff-3aee-4f98-8b6b-e9a8be41bd59,89d0a505-788a-41cb-9137-c9f23da47a09,b440b852-e033-400e-a432-62b38675820e,account,366eb16f-508e-4ad7-b7c9-3acfe059a0ee,2026-03-02T12:10:00Z,2026-04-01,58210514000,1,2026-04-04T06:34:00Z,2,100001,7f5b6f7e-1c2d-4a4e-9a51-3a3f1d3c0a01
c6230d54-4a52-4a78-9b59-fd9ab3c14b71,INV-001738,d5e155b9-9e20-4f16-a246-4b1012592fa3,feba9a9f-fe20-4d93-8d70-88ec129938bf,b440b852-e033-400e-a432-62b38675820e,account,366eb16f-508e-4ad7-b7c9-3acfe059a0ee,2026-05-04T07:40:00Z,2026-06-03,64884651000,1,,0,4,7f5b6f7e-1c2d-4a4e-9a51-3a3f1d3c0a01
36ff3c67-6645-4877-938b-64f3854251db,INV-001739,6738dcbc-7ee2-4ae4-8813-e2d9cf4d7a3e,cb25b04e-79d6-42e7-838d-c1a0d14c3131,b440b852-e033-400e-a432-62b38675820e,account,366eb16f-508e-4ad7-b7c9-3acfe059a0ee,2026-05-21T07:02:00Z,2026-06-20,40991345000,1,,0,4,7f5b6f7e-1c2d-4a4e-9a51-3a3f1d3c0a01
8264695d-2aa4-4160-98b3-84fe116e086e,INV-001740,24d6a670-e802-4ab4-81f8-2a40d378f206,95b70f37-59be-47bd-b734-7b4b97da3d52,b440b852-e033-400e-a432-62b38675820e,account,366eb16f-508e-4ad7-b7c9-3acfe059a0ee,2026-06-22T05:10:00Z,2026-07-22,25652724000,1,,0,4,7f5b6f7e-1c2d-4a4e-9a51-3a3f1d3c0a01
db93d5d2-46dc-447a-9646-de18976dd32d,INV-001741,dcccc091-6113-4e85-acd0-5a81aee20010,8a1aff04-9736-4c13-9add-0a6edb01d942,e552d0a8-b66f-4507-a588-b999971eea39,account,9132b63e-f162-47e4-a9c3-49e03602f8ac,2025-07-30T06:41:00Z,2025-08-29,28151301000,1,2025-08-30T11:06:00Z,2,100001,7f5b6f7e-1c2d-4a4e-9a51-3a3f1d3c0a01
f6bf4f84-8320-42f9-951a-8ec34ecbcf9f,INV-001742,80e37edc-05b4-4ddb-8f74-907dd4b9a48a,ad67e1c0-b7b8-47d9-85c5-2c8f5fe70421,e552d0a8-b66f-4507-a588-b999971eea39,account,9132b63e-f162-47e4-a9c3-49e03602f8ac,2025-10-05T07:13:00Z,2025-11-04,22257668000,1,2025-11-08T07:20:00Z,2,100001,7f5b6f7e-1c2d-4a4e-9a51-3a3f1d3c0a01
4771a183-3cdc-4907-8cea-d7431f195fca,INV-001743,a82a61f3-0e3a-41fa-9fa3-b37a2c772ccb,4b74abd1-e575-4d25-b112-4d85a1e0322b,fab6ad91-bacf-4cfc-9245-1cc41bfb3b3d,account,b02b61c4-a3d7-4628-ace6-6fa2fd5166e6,2026-01-08T11:57:00Z,2026-02-07,27328827000,1,2026-02-19T11:17:00Z,2,100001,7f5b6f7e-1c2d-4a4e-9a51-3a3f1d3c0a01
45568bbc-b94f-4bfe-92fa-3ce1f46d567e,INV-001744,2e4a333a-0229-44ea-b778-a41babd0fccb,572c3b71-7b56-4879-b75f-17e030958e24,fab6ad91-bacf-4cfc-9245-1cc41bfb3b3d,account,b02b61c4-a3d7-4628-ace6-6fa2fd5166e6,2026-04-04T07:45:00Z,2026-05-04,22597079000,1,2026-05-16T11:27:00Z,2,100001,7f5b6f7e-1c2d-4a4e-9a51-3a3f1d3c0a01
2bcab994-fe5d-4722-bfba-021f1335b6c4,INV-001745,c1664600-5a55-4642-806d-a9360e51bbc3,f0429e6c-f958-49c1-960f-4ed92e9bc698,ea8b31f5-ccae-48fe-94eb-8e20af7c7d2b,account,5304317f-af42-412f-b838-b3268e944239,2026-02-01T09:40:00Z,2026-02-01,23408155000,100000000,2026-01-29T09:40:00Z,2,100001,7f5b6f7e-1c2d-4a4e-9a51-3a3f1d3c0a01
53934f4a-db5c-459d-98f7-937aa8cf5a6f,INV-001746,a4b0ef52-00db-421d-9af2-01cab36e38c1,959523d4-32e9-4812-80f9-6d67872b92ef,ea8b31f5-ccae-48fe-94eb-8e20af7c7d2b,account,5304317f-af42-412f-b838-b3268e944239,2026-03-12T05:08:00Z,2026-03-12,13437137000,100000000,2026-03-09T05:08:00Z,2,100001,7f5b6f7e-1c2d-4a4e-9a51-3a3f1d3c0a01
20e061bd-efb7-44b2-86b6-564c9f561933,INV-001747,bff057fe-a445-4e05-90d8-25a459115240,aacf8fa7-0dfb-4aa2-a2a2-cb8da2c90879,84222f58-f022-44af-bb76-4637d277ab64,account,b02b61c4-a3d7-4628-ace6-6fa2fd5166e6,2026-04-21T13:10:00Z,2026-06-20,33603698000,4,2026-06-17T07:05:00Z,2,100001,7f5b6f7e-1c2d-4a4e-9a51-3a3f1d3c0a01
4c0d6b19-ea8f-4c72-9dcc-5a938a53fddc,INV-001748,aa8f800f-bccf-4735-9670-54b3a50a9c1c,3dce4eeb-aa94-46f1-8a20-f550cb0fa3ca,84222f58-f022-44af-bb76-4637d277ab64,account,b02b61c4-a3d7-4628-ace6-6fa2fd5166e6,2026-05-26T07:03:00Z,2026-07-25,40238826000,4,,0,4,7f5b6f7e-1c2d-4a4e-9a51-3a3f1d3c0a01
f0a89daa-cc08-4509-aa52-b4dc8467d727,INV-001749,bb504241-c9ee-4477-b176-581a5fedd8ff,07094cc1-265a-4a4d-b46d-6d3a419f262b,05c14422-4ffe-4dfd-bedc-acb7a8b331a0,account,e27a984d-6548-41d0-bfcd-9eb1a7cad415,2025-12-04T08:05:00Z,2026-02-02,15818700000,4,2026-01-31T06:38:00Z,2,100001,7f5b6f7e-1c2d-4a4e-9a51-3a3f1d3c0a01
349a907b-7934-4541-9942-f02ccebe625e,INV-001750,eebbd54d-e78d-4007-be88-e2af2f970fe2,24972f61-a114-423c-8203-87f8c511231f,4fb67094-123c-4911-abd8-ad4d3eacdb28,account,366eb16f-508e-4ad7-b7c9-3acfe059a0ee,2026-02-22T10:46:00Z,2026-02-22,24845806000,100000000,2026-02-21T10:46:00Z,2,100001,7f5b6f7e-1c2d-4a4e-9a51-3a3f1d3c0a01
10e159cd-6c1f-47b7-8c62-e368585c65c4,INV-001751,036fd954-bafd-475d-ad14-231f29efb05f,3c932dad-5670-4a50-bdd4-1475af92131a,4fb67094-123c-4911-abd8-ad4d3eacdb28,account,366eb16f-508e-4ad7-b7c9-3acfe059a0ee,2026-04-11T10:15:00Z,2026-04-11,35579638000,100000000,2026-04-08T10:15:00Z,2,100001,7f5b6f7e-1c2d-4a4e-9a51-3a3f1d3c0a01
ff894dac-b5f1-4bf6-acd0-ce5a23850112,INV-001752,5d1071b8-9c18-411c-b4e5-52d8619691fe,3c32e93c-8ed6-41c1-ace7-10f5b1c377b9,4fb67094-123c-4911-abd8-ad4d3eacdb28,account,366eb16f-508e-4ad7-b7c9-3acfe059a0ee,2026-04-27T10:53:00Z,2026-04-27,50473910000,100000000,2026-04-25T10:53:00Z,2,100001,7f5b6f7e-1c2d-4a4e-9a51-3a3f1d3c0a01
66e9a251-ae96-4429-8edb-4451ed83e2f2,INV-001753,a6e68db8-d9d9-4d7d-88ea-687b5fa1c4f4,5285f9af-ffcd-48a9-abea-4266b0658ded,a124fdb2-97be-4f31-a42a-a836989b68c0,account,5304317f-af42-412f-b838-b3268e944239,2025-12-13T07:17:00Z,2026-02-11,33526265000,4,2026-02-26T09:34:00Z,2,100001,7f5b6f7e-1c2d-4a4e-9a51-3a3f1d3c0a01
aa409475-91e9-45e5-9f61-0405f7f39cf5,INV-001754,f420f4cf-bfb7-469c-ab92-6e59c241e005,73697892-088c-477b-a0e4-5aae5d0e4149,a124fdb2-97be-4f31-a42a-a836989b68c0,account,5304317f-af42-412f-b838-b3268e944239,2026-04-05T11:09:00Z,2026-06-04,12850349000,4,2026-06-06T12:09:00Z,2,100001,7f5b6f7e-1c2d-4a4e-9a51-3a3f1d3c0a01
cf9c381b-fb27-4a3a-8e6e-0f2333616656,INV-001755,ff6c058f-a631-4506-8e35-f691ba8a4581,b4969d6c-a8ea-48f2-81c5-6cca7c4e5888,bf4113cb-32e1-4f17-ab47-ed615372ebed,account,5304317f-af42-412f-b838-b3268e944239,2025-12-24T13:16:00Z,2026-02-22,23510361000,4,2026-03-10T13:26:00Z,2,100001,7f5b6f7e-1c2d-4a4e-9a51-3a3f1d3c0a01
7201fdab-7277-4253-967c-45cd6d1dd453,INV-001756,e79e0515-87c3-4868-a9f2-45c1be9f8afd,b3a22f23-c281-42ca-aa11-0ca6a108d904,76b90472-7470-424c-b9f6-b641063ff61e,account,5304317f-af42-412f-b838-b3268e944239,2025-11-29T04:49:00Z,2025-12-29,18727057000,1,2025-12-27T05:48:00Z,2,100001,7f5b6f7e-1c2d-4a4e-9a51-3a3f1d3c0a01
e952fb1b-d2bd-4b46-bff2-4d200898dbeb,INV-001757,44220cc1-e90b-4ca0-9d53-ed8a61e98721,89f63bc2-389c-4b86-9015-fcc381626a8a,76b90472-7470-424c-b9f6-b641063ff61e,account,5304317f-af42-412f-b838-b3268e944239,2026-02-02T07:05:00Z,2026-03-04,27528747000,1,2026-03-05T08:04:00Z,2,100001,7f5b6f7e-1c2d-4a4e-9a51-3a3f1d3c0a01
584a96d5-008b-46cc-8179-053765b99c54,INV-001758,ce37b5ab-ebd9-4471-9713-f2219da5d4e9,95db569b-15ee-4520-858c-08353573bf80,76b90472-7470-424c-b9f6-b641063ff61e,account,5304317f-af42-412f-b838-b3268e944239,2026-03-03T11:59:00Z,2026-04-02,9882869000,1,2026-04-02T05:54:00Z,2,100001,7f5b6f7e-1c2d-4a4e-9a51-3a3f1d3c0a01
5498d53e-9dd5-4915-ba7d-709ce10d1a7c,INV-001759,50f837da-076d-4e79-aa8b-c2fff935d06e,d86cbf26-b992-45dc-a2c9-c08d09fbb0c9,76b90472-7470-424c-b9f6-b641063ff61e,account,5304317f-af42-412f-b838-b3268e944239,2026-06-15T07:27:00Z,2026-07-15,26497357000,1,,0,4,7f5b6f7e-1c2d-4a4e-9a51-3a3f1d3c0a01
d5de70ef-9f29-4489-b228-62631917655b,INV-001760,3a5116c6-4730-4da9-a8b6-bdda07730ce9,682a0ae0-0542-46b2-8ee1-0fc071cd1890,cb618d75-aa96-4dfb-a79b-265ab15f3994,account,ce177b4e-0837-48a3-9261-a7ab3aa2e4f9,2025-11-25T12:17:00Z,2025-12-25,87563303000,1,2026-03-14T04:43:00Z,2,100001,7f5b6f7e-1c2d-4a4e-9a51-3a3f1d3c0a01
42d76a04-3376-4503-9449-c9f15da1de82,INV-001761,3f563df6-7c2c-4cfb-8ff5-9025d143af91,eee5fb2f-f48b-4919-a3a3-063dc5700d0a,4ba99d78-b498-45d0-a5b1-c79954cecee7,account,0e51f30d-c6a7-4e39-84b0-32ccd7c524a5,2026-04-06T06:00:00Z,2026-05-06,21860778000,1,2026-05-10T08:35:00Z,2,100001,7f5b6f7e-1c2d-4a4e-9a51-3a3f1d3c0a01
9c59db36-babf-462f-80bc-cb94e11aba4d,INV-001762,7c9d7154-7aec-4d12-868e-16235afd6545,e1e7f188-0e89-40ce-92ec-1ff16d48cdb5,9bafcc20-0e16-4f3f-938c-c0ca17acd7e9,account,e27a984d-6548-41d0-bfcd-9eb1a7cad415,2026-03-08T07:13:00Z,2026-04-07,7050296000,1,2026-04-04T06:14:00Z,2,100001,7f5b6f7e-1c2d-4a4e-9a51-3a3f1d3c0a01
bcb979d6-ef62-4a88-9eab-3d7cc8ffde9d,INV-001763,9f9bbd45-72bb-445a-86d8-8e2f4a84dd86,f665d82a-938f-4c89-af21-f5fa66e725d4,9bafcc20-0e16-4f3f-938c-c0ca17acd7e9,account,e27a984d-6548-41d0-bfcd-9eb1a7cad415,2026-06-27T11:52:00Z,2026-07-27,18846463000,1,,0,4,7f5b6f7e-1c2d-4a4e-9a51-3a3f1d3c0a01
17ab100c-7d44-409c-aee8-63c48d687a52,INV-001764,e0b689ab-316a-4bdf-a069-1031f3421c77,476db0e6-cc20-425d-a3b3-48042990795d,7147f758-cdbe-4548-aa65-66e8fe1ad905,account,24933b83-7577-40a9-a491-f0b2ea1fca65,2026-05-02T12:43:00Z,2026-06-01,18318357000,1,2026-05-31T11:39:00Z,2,100001,7f5b6f7e-1c2d-4a4e-9a51-3a3f1d3c0a01
77fcc708-3bcc-423c-9b94-e3fcf311007f,INV-001765,8adae57a-97eb-43af-8bdb-46cdd1a33312,9396d037-d9e4-448b-8db7-7a861e9421ce,397a284f-76a4-479b-bd67-34588f2d0b17,account,ce177b4e-0837-48a3-9261-a7ab3aa2e4f9,2026-04-08T09:44:00Z,2026-04-08,94939907000,100000000,2026-04-05T09:44:00Z,2,100001,7f5b6f7e-1c2d-4a4e-9a51-3a3f1d3c0a01
bbc7557e-63a4-481b-9ffc-439c517c25d5,INV-001766,90370ee2-d62c-48e3-8031-abc6268c71e2,11aabd4d-323e-4564-a383-69977fdee495,397a284f-76a4-479b-bd67-34588f2d0b17,account,ce177b4e-0837-48a3-9261-a7ab3aa2e4f9,2026-03-30T07:41:00Z,2026-03-30,55711154000,100000000,2026-03-28T07:41:00Z,2,100001,7f5b6f7e-1c2d-4a4e-9a51-3a3f1d3c0a01
3088fbf5-57d6-47a4-ade0-5194c3327e3b,INV-001767,058da772-bf00-4828-93d2-bac1c8002115,0a47e665-6175-420a-925b-22cc563c71eb,397a284f-76a4-479b-bd67-34588f2d0b17,account,ce177b4e-0837-48a3-9261-a7ab3aa2e4f9,2026-04-18T04:56:00Z,2026-04-18,27906036000,100000000,2026-04-17T04:56:00Z,2,100001,7f5b6f7e-1c2d-4a4e-9a51-3a3f1d3c0a01
1fbf1d80-c789-4b16-a9b5-123b65a1730a,INV-001768,37c210b1-6c1e-419d-9810-ae278f10e1f6,dc489579-6f10-4568-9194-cdf3414345b0,2bf95861-4827-4440-b6d9-fe1731094211,account,366eb16f-508e-4ad7-b7c9-3acfe059a0ee,2026-05-05T05:30:00Z,2026-06-04,21485925000,1,2026-06-08T06:21:00Z,2,100001,7f5b6f7e-1c2d-4a4e-9a51-3a3f1d3c0a01
42646fae-b502-42a1-8cc0-c06ce764b5ee,INV-001769,934ea68c-4ed7-448c-a58e-f051697222cf,91006a7d-943c-44fe-9f77-2084ce979eac,97f971d5-94f8-4e6c-8416-c07cb6a787b1,account,24933b83-7577-40a9-a491-f0b2ea1fca65,2026-01-08T08:51:00Z,2026-02-07,42666845000,1,2026-06-27T12:51:00Z,2,100001,7f5b6f7e-1c2d-4a4e-9a51-3a3f1d3c0a01
770452cd-c847-4e95-b369-5e73d349c604,INV-001770,ff13c6fe-245b-4fe7-9cad-bbb7756c44c5,1bef1428-b2bf-445d-b1dc-29ef2379071a,97f971d5-94f8-4e6c-8416-c07cb6a787b1,account,24933b83-7577-40a9-a491-f0b2ea1fca65,2026-04-06T04:53:00Z,2026-05-06,41406853000,1,2026-05-03T04:32:00Z,2,100001,7f5b6f7e-1c2d-4a4e-9a51-3a3f1d3c0a01
19726394-28fa-46e4-8880-c11821289352,INV-001771,38170f9a-2ac6-4782-8245-ae5e3d4f210c,26bde1f8-0d25-4b70-ab8a-14771d1be685,97f971d5-94f8-4e6c-8416-c07cb6a787b1,account,24933b83-7577-40a9-a491-f0b2ea1fca65,2026-03-24T09:00:00Z,2026-04-23,142935141000,1,2026-04-22T11:31:00Z,2,100001,7f5b6f7e-1c2d-4a4e-9a51-3a3f1d3c0a01
b72f2c3a-23d6-46cb-b7cf-be947b3cc676,INV-001772,b9a5f42c-b463-45bc-a85a-0b92fc97c0dc,bb74f67d-bfaf-4a12-9243-a6bc8624dc8f,97f971d5-94f8-4e6c-8416-c07cb6a787b1,account,24933b83-7577-40a9-a491-f0b2ea1fca65,2026-04-16T05:24:00Z,2026-05-16,45187646000,1,2026-05-19T11:52:00Z,2,100001,7f5b6f7e-1c2d-4a4e-9a51-3a3f1d3c0a01
ca54ce2b-68f9-4866-8da9-8d36ed6702ca,INV-001773,9e451c2d-3a75-4327-83dc-77252869af8e,70b2816e-cfd0-44c3-bfef-5032a6f88cb3,97f971d5-94f8-4e6c-8416-c07cb6a787b1,account,24933b83-7577-40a9-a491-f0b2ea1fca65,2026-06-08T05:13:00Z,2026-07-08,137323697000,1,,0,4,7f5b6f7e-1c2d-4a4e-9a51-3a3f1d3c0a01
70f27237-fbd2-4b75-aad9-b3004924fb12,INV-001774,adfefcec-355c-46c4-96fb-114e88c674e5,57a2a01f-296a-42ab-9ead-bfb58518c4f5,4b26f0a3-33b1-4ca4-b74d-34f5caf07226,account,0e51f30d-c6a7-4e39-84b0-32ccd7c524a5,2026-06-08T13:03:00Z,2026-08-07,44500820000,4,,0,4,7f5b6f7e-1c2d-4a4e-9a51-3a3f1d3c0a01
d3b09d26-6fa3-4e7a-9c4d-11a5d2dfc9cc,INV-001775,916ef72a-4edd-43a9-90b0-a9ea1fce96eb,5e188f42-029b-4115-9862-c354a493967f,f2a45575-ee58-4967-b063-796a70a91477,account,beb79919-3f22-4af8-a3be-d01d43cf2fde,2026-06-08T07:43:00Z,2026-08-07,33889347000,4,,0,4,7f5b6f7e-1c2d-4a4e-9a51-3a3f1d3c0a01
56a05042-9d83-480e-a06d-8965148d5b54,INV-001776,b7c229e0-7155-4127-ac77-5394bf1843a5,6c56dc90-ef03-45d3-98ae-9f821625ae5c,326684ff-3ffe-4652-aac0-32fa130e8618,account,10f1bc81-448a-4a9e-a6b2-bc5b50c187fc,2026-06-03T06:20:00Z,2026-07-03,60107187000,1,,0,4,7f5b6f7e-1c2d-4a4e-9a51-3a3f1d3c0a01
b0f1f73e-4b2b-45f0-88af-a0487b089a69,INV-001777,0de90950-b744-4e49-88df-aafcfdd226db,0492d614-f6b7-44a6-8e1b-ae46b222da4f,217bc29e-ec95-43e9-a1fa-246624f982ec,account,5304317f-af42-412f-b838-b3268e944239,2026-06-20T11:27:00Z,2026-06-20,14219951000,100000000,2026-06-19T11:27:00Z,2,100001,7f5b6f7e-1c2d-4a4e-9a51-3a3f1d3c0a01
cee51eab-df44-42f4-ba12-845328c19148,INV-001778,ffa10a56-7704-4968-87df-26fa1f8695f5,f7eb9432-12de-4769-adaf-03e7b9e4c95c,fd561b27-2833-49b8-a41f-79aa692e33b9,account,5304317f-af42-412f-b838-b3268e944239,2026-06-13T11:48:00Z,2026-08-12,19268049000,4,,0,4,7f5b6f7e-1c2d-4a4e-9a51-3a3f1d3c0a01
08e46246-9bea-4fb4-bdc4-c69489d6e2e1,INV-001779,3e75a8af-7f5f-49ce-828f-79b45e4368a0,d7e90130-41c6-4219-9884-a1782efc5ab6,2207cb65-b197-4ed1-857a-e3fff8ed08ae,account,b02b61c4-a3d7-4628-ace6-6fa2fd5166e6,2025-03-18T11:47:00Z,2025-05-17,12753658000,4,2025-05-24T09:49:00Z,2,100001,7f5b6f7e-1c2d-4a4e-9a51-3a3f1d3c0a01
74a40053-b7df-4a58-b2a7-2c4e61033e9d,INV-001780,b7184bfb-1ccd-4a1f-a97a-1d1d9a4cb0b7,cf5a76fa-7613-400f-9d32-0ea43a6bfb96,2207cb65-b197-4ed1-857a-e3fff8ed08ae,account,b02b61c4-a3d7-4628-ace6-6fa2fd5166e6,2025-08-03T08:49:00Z,2025-10-02,17193763000,4,2025-10-11T10:24:00Z,2,100001,7f5b6f7e-1c2d-4a4e-9a51-3a3f1d3c0a01
384dba1e-97fb-45ee-8274-75465ecd4555,INV-001781,dc0ab88e-9ebf-44fb-955c-fee69e9e9444,dbb0a619-3826-4013-90d2-fbff4a1d1e64,2207cb65-b197-4ed1-857a-e3fff8ed08ae,account,b02b61c4-a3d7-4628-ace6-6fa2fd5166e6,2025-08-19T08:52:00Z,2025-10-18,63652638000,4,2026-02-08T08:58:00Z,2,100001,7f5b6f7e-1c2d-4a4e-9a51-3a3f1d3c0a01
127a3521-36fa-47d2-8927-0b90819016d9,INV-001782,39525979-c692-489d-975c-6c6da29b988b,63f730b6-555c-498c-9b12-d76ea67aca16,2207cb65-b197-4ed1-857a-e3fff8ed08ae,account,b02b61c4-a3d7-4628-ace6-6fa2fd5166e6,2025-08-14T06:16:00Z,2025-10-13,39898322000,4,2025-10-12T10:32:00Z,2,100001,7f5b6f7e-1c2d-4a4e-9a51-3a3f1d3c0a01
4944fea4-02c8-4676-9bb4-6b9e1f3330ca,INV-001783,7e5c4948-6522-47e4-ba2b-4b272710c5ee,20e01053-d4ca-40b9-97d5-59ac5cec7bf0,2207cb65-b197-4ed1-857a-e3fff8ed08ae,account,b02b61c4-a3d7-4628-ace6-6fa2fd5166e6,2025-09-27T04:38:00Z,2025-11-26,28623275000,4,2025-12-03T05:38:00Z,2,100001,7f5b6f7e-1c2d-4a4e-9a51-3a3f1d3c0a01
a5b8d175-1131-4d5c-81e6-479942f69ba6,INV-001784,11a6d900-7d13-4a96-a45f-bfb9b8920851,809b89eb-97b9-4d59-9de9-41b9afc797db,2207cb65-b197-4ed1-857a-e3fff8ed08ae,account,b02b61c4-a3d7-4628-ace6-6fa2fd5166e6,2026-03-26T09:18:00Z,2026-05-25,66676751000,4,2026-05-23T05:59:00Z,2,100001,7f5b6f7e-1c2d-4a4e-9a51-3a3f1d3c0a01
ff2d6a07-2d58-4a13-9fb2-1ae9f69c4656,INV-001785,390db63d-5f96-4b7c-89ac-f397dae97b56,fe87a270-2a32-496c-8608-5021f0bf1001,3c847821-4f10-4422-9fc2-2517e593562b,account,10f1bc81-448a-4a9e-a6b2-bc5b50c187fc,2025-02-08T12:23:00Z,2025-02-08,24353641000,100000000,2025-02-06T12:23:00Z,2,100001,7f5b6f7e-1c2d-4a4e-9a51-3a3f1d3c0a01
b971683f-4dbf-4bf5-9f21-a95f3bbf9230,INV-001786,332031cd-46c0-4e2d-ad38-1eb93cb327fd,4f816d11-3441-411e-9c69-ac49769784f1,3c847821-4f10-4422-9fc2-2517e593562b,account,10f1bc81-448a-4a9e-a6b2-bc5b50c187fc,2025-10-20T11:14:00Z,2025-10-20,25335577000,100000000,2025-10-18T11:14:00Z,2,100001,7f5b6f7e-1c2d-4a4e-9a51-3a3f1d3c0a01
cfdb709e-8bbe-4116-944e-9e50edd87dd8,INV-001787,368730d2-0ac0-4be6-a1c1-69e3e294d248,9f2246ae-8aa2-4865-8841-950bd59764f2,3c847821-4f10-4422-9fc2-2517e593562b,account,10f1bc81-448a-4a9e-a6b2-bc5b50c187fc,2026-01-04T09:10:00Z,2026-01-04,16215839000,100000000,2026-01-02T09:10:00Z,2,100001,7f5b6f7e-1c2d-4a4e-9a51-3a3f1d3c0a01
eeeac27e-f9b4-47bf-a90c-6e060c6a0f48,INV-001788,3a3c6182-ee4d-47ac-96f0-8afc83198a64,d76884ce-750d-484e-8483-68a32ae467ce,3c847821-4f10-4422-9fc2-2517e593562b,account,10f1bc81-448a-4a9e-a6b2-bc5b50c187fc,2026-06-27T10:44:00Z,2026-06-27,13131105000,100000000,2026-06-27T10:44:00Z,2,100001,7f5b6f7e-1c2d-4a4e-9a51-3a3f1d3c0a01
7d27dbb5-0d1c-435f-85ca-757f49230c00,INV-001789,d8bf30e6-bab0-40f5-9205-0bc98f3cf243,278538a8-e189-4366-b6d0-0bc1c7113896,61652fd3-41dd-4edf-acfa-a174ba059e68,account,0e51f30d-c6a7-4e39-84b0-32ccd7c524a5,2025-04-23T08:11:00Z,2025-04-23,26737874000,100000000,2025-04-21T08:11:00Z,2,100001,7f5b6f7e-1c2d-4a4e-9a51-3a3f1d3c0a01
5bece4a7-2776-4810-9aab-15ac7d7891ce,INV-001790,328374d5-e208-4eed-a58a-8d94bc0889d3,480da845-5b76-47f0-9942-976194354c47,61652fd3-41dd-4edf-acfa-a174ba059e68,account,0e51f30d-c6a7-4e39-84b0-32ccd7c524a5,2026-05-04T12:08:00Z,2026-05-04,28562358000,100000000,2026-05-01T12:08:00Z,2,100001,7f5b6f7e-1c2d-4a4e-9a51-3a3f1d3c0a01
dea079bf-9d99-4cf7-a59e-6ddcb9868041,INV-001791,1980fd77-650f-4eb2-98d9-cd962cf525d5,1095be2e-61b6-4a14-b437-dcca6bf4f524,eea00af9-6283-450f-9fdd-c20aebee30cf,account,beb79919-3f22-4af8-a3be-d01d43cf2fde,2025-07-15T07:10:00Z,2025-08-14,13903757000,1,2025-08-11T12:46:00Z,2,100001,7f5b6f7e-1c2d-4a4e-9a51-3a3f1d3c0a01
3c333da0-66ea-4bdc-8e46-82f5dd6487f5,INV-001792,53fb4f36-c72d-4784-b5b0-6b99ca426e24,e80bd269-6301-4663-b833-e32fe41553f8,3c1a8ce2-95ec-4c2c-8798-3bc0579744ba,account,e27a984d-6548-41d0-bfcd-9eb1a7cad415,2025-07-01T13:08:00Z,2025-07-31,59337637000,1,2025-07-29T11:12:00Z,2,100001,7f5b6f7e-1c2d-4a4e-9a51-3a3f1d3c0a01
2a422de1-33eb-4cd4-af8a-4fdb79b912ee,INV-001793,8e02b65e-6937-4956-94d9-e65527dd68b7,522b347b-8ea9-4f8c-aa23-9a0757aed077,9b6fbe20-4b3a-4a83-a286-16f4bbf9a04b,account,366eb16f-508e-4ad7-b7c9-3acfe059a0ee,2025-09-28T10:02:00Z,2025-11-27,35984833000,4,2025-11-27T04:31:00Z,2,100001,7f5b6f7e-1c2d-4a4e-9a51-3a3f1d3c0a01
f3c3a04c-a4be-4915-a57d-d66014a58c9d,INV-001794,ae51e610-bf6e-45b4-83c3-094b791b6e68,9f41c0be-c1d0-4d08-960c-65e1ccbaa54a,9b6fbe20-4b3a-4a83-a286-16f4bbf9a04b,account,366eb16f-508e-4ad7-b7c9-3acfe059a0ee,2025-10-29T06:42:00Z,2025-12-28,71116992000,4,2026-01-12T12:47:00Z,2,100001,7f5b6f7e-1c2d-4a4e-9a51-3a3f1d3c0a01
5ebb53d3-5ef0-403b-868c-b6e737dc20c2,INV-001795,d6e1e79f-9a3e-4347-a0fd-1d56ee66e4b9,3f41ea6a-b538-4419-845c-f40d7e4562e5,9b6fbe20-4b3a-4a83-a286-16f4bbf9a04b,account,366eb16f-508e-4ad7-b7c9-3acfe059a0ee,2025-10-20T09:50:00Z,2025-12-19,19672671000,4,2025-12-17T07:37:00Z,2,100001,7f5b6f7e-1c2d-4a4e-9a51-3a3f1d3c0a01
2fd13d72-0147-4f2d-8b93-93407dd95306,INV-001796,1bdd3154-4799-4cbd-9cae-d3f23ddbe287,a278b836-2e7c-4ea4-a985-e7e3ea34b4a8,9b6fbe20-4b3a-4a83-a286-16f4bbf9a04b,account,366eb16f-508e-4ad7-b7c9-3acfe059a0ee,2026-03-01T12:37:00Z,2026-04-30,39648561000,4,2026-04-30T07:50:00Z,2,100001,7f5b6f7e-1c2d-4a4e-9a51-3a3f1d3c0a01
c7150590-da7a-4a03-914f-d7cd3ed99d2c,INV-001797,361479af-889d-4937-af62-3f63cabaef87,97931481-81ab-4369-b56f-fe268876819c,9b6fbe20-4b3a-4a83-a286-16f4bbf9a04b,account,366eb16f-508e-4ad7-b7c9-3acfe059a0ee,2026-02-15T04:34:00Z,2026-04-16,39050811000,4,2026-04-16T11:32:00Z,2,100001,7f5b6f7e-1c2d-4a4e-9a51-3a3f1d3c0a01
3e5271e8-44bf-4ea3-bea3-ada7244b8ece,INV-001798,89d79c63-6a75-49ba-8052-fa9db1fea52f,d548c7b3-98a0-4c69-b4bb-30df48da88fb,51f4a724-9950-4858-88ca-c260b3f5a21c,account,24933b83-7577-40a9-a491-f0b2ea1fca65,2024-11-06T12:18:00Z,2024-11-06,87374051000,100000000,2024-11-06T12:18:00Z,2,100001,7f5b6f7e-1c2d-4a4e-9a51-3a3f1d3c0a01
97572af5-04e8-4207-af31-a20133da1100,INV-001799,3108bf66-7a12-44cb-a78e-bab7d598164e,ff0452c3-6d23-48e2-8fc6-97ab70875829,51f4a724-9950-4858-88ca-c260b3f5a21c,account,24933b83-7577-40a9-a491-f0b2ea1fca65,2025-02-05T06:36:00Z,2025-02-05,12239412000,100000000,2025-02-03T06:36:00Z,2,100001,7f5b6f7e-1c2d-4a4e-9a51-3a3f1d3c0a01
7e8280af-ec51-46f8-8cf1-604e902d35e4,INV-001800,85023342-6429-42d2-b329-c6597df15612,958749d2-7b2f-4166-983c-5dbb73e57d5f,51f4a724-9950-4858-88ca-c260b3f5a21c,account,24933b83-7577-40a9-a491-f0b2ea1fca65,2025-02-10T08:34:00Z,2025-02-10,64030797000,100000000,2025-02-07T08:34:00Z,2,100001,7f5b6f7e-1c2d-4a4e-9a51-3a3f1d3c0a01
5ca56a30-dd14-42d8-a93a-acc29873b799,INV-001801,b84aa852-1606-4bf9-ae57-19d437b29510,37262b27-6a90-4be0-9355-a8ae5e2e87a2,18e9ef77-64ce-4589-8c4a-62badb335860,account,5304317f-af42-412f-b838-b3268e944239,2025-06-25T08:49:00Z,2025-06-25,23810440000,100000000,2025-06-22T08:49:00Z,2,100001,7f5b6f7e-1c2d-4a4e-9a51-3a3f1d3c0a01
db587919-04ff-48ec-9f33-7a8a577219ce,INV-001802,ec69a9a2-2b4d-4590-81b9-4ed81abb423a,3803df5d-ad53-438f-aadb-31543b4e4c71,18e9ef77-64ce-4589-8c4a-62badb335860,account,5304317f-af42-412f-b838-b3268e944239,2025-06-14T07:54:00Z,2025-06-14,107441942000,100000000,2025-06-11T07:54:00Z,2,100001,7f5b6f7e-1c2d-4a4e-9a51-3a3f1d3c0a01
f68864b1-d203-4557-b1e0-d9f6dc287834,INV-001803,1dabbfb6-6ba7-45b9-8c3f-b39387e6d27e,471f278c-7a25-49c0-8f09-7d1fb70aacd1,18e9ef77-64ce-4589-8c4a-62badb335860,account,5304317f-af42-412f-b838-b3268e944239,2025-06-16T10:34:00Z,2025-06-16,55031883000,100000000,2025-06-13T10:34:00Z,2,100001,7f5b6f7e-1c2d-4a4e-9a51-3a3f1d3c0a01
b6e62e6e-d86c-49d5-9272-385cb118865d,INV-001804,2f28414d-106f-498f-ba44-45d27bc97fa1,1dee32df-28cb-406c-83c7-0d0bd3997603,18e9ef77-64ce-4589-8c4a-62badb335860,account,5304317f-af42-412f-b838-b3268e944239,2025-07-10T06:06:00Z,2025-07-10,63529346000,100000000,2025-07-08T06:06:00Z,2,100001,7f5b6f7e-1c2d-4a4e-9a51-3a3f1d3c0a01
1f462ef8-803f-4ca2-899f-33efa4cbaa4c,INV-001805,97082d9f-07bb-49a1-ad6b-c344efa7e581,667d9ac4-5a7e-4675-bdd1-41022df15811,18e9ef77-64ce-4589-8c4a-62badb335860,account,5304317f-af42-412f-b838-b3268e944239,2025-10-11T09:06:00Z,2025-10-11,41694587000,100000000,2025-10-11T09:06:00Z,2,100001,7f5b6f7e-1c2d-4a4e-9a51-3a3f1d3c0a01
05ec8ab5-b638-487b-a6dd-ac425b415b9c,INV-001806,fd877689-c33a-4c9a-bf73-a5e0b69d8179,acee4079-1f17-4bad-878f-55a49363ee4a,6f0eebef-97e8-4057-96a7-01aba66ccf43,account,e27a984d-6548-41d0-bfcd-9eb1a7cad415,2026-03-17T10:19:00Z,2026-05-16,17523051000,4,2026-05-23T11:11:00Z,2,100001,7f5b6f7e-1c2d-4a4e-9a51-3a3f1d3c0a01
198e5134-efde-4c2b-ac40-3dd6236270b3,INV-001807,ad26a378-9ae1-4323-9ca2-25a4050e5021,46d8b2c1-f198-4480-a5c5-13de8b49f027,6f0eebef-97e8-4057-96a7-01aba66ccf43,account,e27a984d-6548-41d0-bfcd-9eb1a7cad415,2026-04-21T12:15:00Z,2026-06-20,60436935000,4,,0,4,7f5b6f7e-1c2d-4a4e-9a51-3a3f1d3c0a01
87737d2c-fb30-4729-a4c5-fe76b6b1fe2c,INV-001808,f83c6747-dad7-4d10-89c6-f558bed0a84f,f8f324e7-923b-402d-8b59-491230b061eb,4c618a43-6f04-4c76-b3e6-922da5044925,account,9132b63e-f162-47e4-a9c3-49e03602f8ac,2025-04-03T06:12:00Z,2025-05-03,39003658000,1,2025-04-30T11:49:00Z,2,100001,7f5b6f7e-1c2d-4a4e-9a51-3a3f1d3c0a01
26422e5b-2cba-4546-8c35-ddc3eff8140a,INV-001809,8f493cb1-568d-48c8-ad34-0a5cc2038132,7f1943e5-c2d7-4138-a4c5-b651e2aed498,4c618a43-6f04-4c76-b3e6-922da5044925,account,9132b63e-f162-47e4-a9c3-49e03602f8ac,2025-05-14T11:17:00Z,2025-06-13,32455895000,1,2025-06-14T08:12:00Z,2,100001,7f5b6f7e-1c2d-4a4e-9a51-3a3f1d3c0a01
9b178805-2101-4f7a-a865-6aa6465f546a,INV-001810,07d073c1-cec7-4c2c-b3d6-99fac23e5ca9,cfe236cc-d0e5-4fb5-9abc-66440ebaeaa6,4c618a43-6f04-4c76-b3e6-922da5044925,account,9132b63e-f162-47e4-a9c3-49e03602f8ac,2025-10-04T11:05:00Z,2025-11-03,11137123000,1,2025-11-08T11:08:00Z,2,100001,7f5b6f7e-1c2d-4a4e-9a51-3a3f1d3c0a01
e40074ce-b3e5-4f24-b1d5-2c25cbaabc7c,INV-001811,01bcdf07-64c4-4a9c-924e-1e88ca7ce0b7,43221de3-379a-4af9-b00d-9cd5dc6952a0,4c618a43-6f04-4c76-b3e6-922da5044925,account,9132b63e-f162-47e4-a9c3-49e03602f8ac,2025-10-11T06:00:00Z,2025-11-10,27457329000,1,2025-11-15T09:08:00Z,2,100001,7f5b6f7e-1c2d-4a4e-9a51-3a3f1d3c0a01
36b0a548-d8e7-4b98-a379-5318248ad350,INV-001812,98f19104-cb81-49cf-8a6c-3d2c7ce99234,02dc30fa-7a42-4c93-ad3d-44bb431d86a9,4c618a43-6f04-4c76-b3e6-922da5044925,account,9132b63e-f162-47e4-a9c3-49e03602f8ac,2026-01-31T13:03:00Z,2026-03-02,38778102000,1,2026-03-22T09:06:00Z,2,100001,7f5b6f7e-1c2d-4a4e-9a51-3a3f1d3c0a01
c5b6fc92-c064-4875-951d-f522f18678e4,INV-001813,9bb9c8e1-77bf-4af3-9b88-b170dc6eb338,8b2f1f26-f64b-4b12-818b-757b1ed76f58,2bee2fff-8b5f-43fe-b75d-dff45d123e9b,account,366eb16f-508e-4ad7-b7c9-3acfe059a0ee,2026-04-12T10:48:00Z,2026-05-12,73361465000,1,2026-05-09T07:59:00Z,2,100001,7f5b6f7e-1c2d-4a4e-9a51-3a3f1d3c0a01
0980d2cc-3659-42ce-9feb-08de906c7eb3,INV-001814,fd893917-b1e5-43ef-acd3-57d085034d94,876b30cc-32b6-4acb-a725-020c187c8fbf,e92915a3-85cd-44bf-901c-93a3b1f22be5,account,24933b83-7577-40a9-a491-f0b2ea1fca65,2025-12-08T05:28:00Z,2026-02-06,31762837000,4,2026-02-12T09:57:00Z,2,100001,7f5b6f7e-1c2d-4a4e-9a51-3a3f1d3c0a01
6fbe2e28-3be7-4f97-a301-becf5390001a,INV-001815,6519cb1e-42a6-4678-aadf-5802eb62b652,34a4a681-a662-4359-b54b-9f0732041e37,e92915a3-85cd-44bf-901c-93a3b1f22be5,account,24933b83-7577-40a9-a491-f0b2ea1fca65,2025-12-13T06:38:00Z,2026-02-11,21517125000,4,2026-02-21T12:11:00Z,2,100001,7f5b6f7e-1c2d-4a4e-9a51-3a3f1d3c0a01
d7704ff4-cada-47ec-b6fd-1005aa3266c6,INV-001816,9a662c23-cf4c-458f-87c9-f4603578a99a,23c4cdc1-9352-4404-be27-cc16d64883bb,e92915a3-85cd-44bf-901c-93a3b1f22be5,account,24933b83-7577-40a9-a491-f0b2ea1fca65,2026-05-23T12:44:00Z,2026-07-22,24978698000,4,,0,4,7f5b6f7e-1c2d-4a4e-9a51-3a3f1d3c0a01
167786ec-49f5-4c50-a01d-3437ad8033bc,INV-001817,14daeec3-8f46-477c-82aa-7c0b6abe7d37,e4422438-2b75-4df9-b3ea-6c594eb2f84f,e92915a3-85cd-44bf-901c-93a3b1f22be5,account,24933b83-7577-40a9-a491-f0b2ea1fca65,2026-06-27T07:55:00Z,2026-08-26,30506168000,4,,0,4,7f5b6f7e-1c2d-4a4e-9a51-3a3f1d3c0a01
93468620-4fce-4d45-8543-425fe71670a0,INV-001818,1e07c0e0-1a7d-40d5-a922-fd4d451336d1,c5abf054-7a7d-44af-bb68-30b8f91ad558,e92915a3-85cd-44bf-901c-93a3b1f22be5,account,24933b83-7577-40a9-a491-f0b2ea1fca65,2026-06-17T13:22:00Z,2026-08-16,65190850000,4,,0,4,7f5b6f7e-1c2d-4a4e-9a51-3a3f1d3c0a01
4210e060-7f87-40d0-bc6b-2aa8ba2d7b7f,INV-001819,e7741e3e-d0e9-4dc9-b997-c7258baab379,553842aa-aa65-4bb4-bcd2-d28fb6aebdb9,371831f3-d527-489b-9b28-65da4cb9be7b,account,9132b63e-f162-47e4-a9c3-49e03602f8ac,2026-05-03T07:46:00Z,2026-05-03,15840374000,100000000,2026-04-30T07:46:00Z,2,100001,7f5b6f7e-1c2d-4a4e-9a51-3a3f1d3c0a01
c0841af6-981f-4c61-8996-497aff240240,INV-001820,872cdb90-17f1-4a8a-9de3-35de727434b6,57c39fd0-9200-4c1e-9d38-72bc97fe05fb,705faecd-2edf-402e-b531-8081b4effa29,account,e27a984d-6548-41d0-bfcd-9eb1a7cad415,2026-06-27T08:31:00Z,2026-09-25,53698348000,100000001,,0,4,7f5b6f7e-1c2d-4a4e-9a51-3a3f1d3c0a01
f1276fd4-8d92-4293-8369-fae7a8d0de2d,INV-001821,76a6e6db-d80c-428b-8d30-abd582185234,bb24352a-7181-4435-8b99-0e653591c069,f2ca2002-f650-4852-82bc-e2e0dfd5988e,account,b02b61c4-a3d7-4628-ace6-6fa2fd5166e6,2026-01-21T04:46:00Z,2026-03-22,96598886000,4,2026-03-23T05:13:00Z,2,100001,7f5b6f7e-1c2d-4a4e-9a51-3a3f1d3c0a01
ffe06ebd-dc8d-4ca4-96a3-66d3b8004f98,INV-001822,3cd6a2ed-d37a-4570-ad25-d105f71e6ee2,4d2a7b91-bf9b-4bfe-99a8-1f5eabceaa32,f2ca2002-f650-4852-82bc-e2e0dfd5988e,account,b02b61c4-a3d7-4628-ace6-6fa2fd5166e6,2026-05-23T05:52:00Z,2026-07-22,30589124000,4,,0,4,7f5b6f7e-1c2d-4a4e-9a51-3a3f1d3c0a01
2ef7104a-8be3-47ec-85b6-8120525d924b,INV-001823,8769cf7a-cb0e-4be1-9840-867c6e1683af,52606080-181b-44a9-9238-b37869fb2ff1,baff361a-b37e-4c41-9a62-75f5cf590b8e,account,24933b83-7577-40a9-a491-f0b2ea1fca65,2026-04-04T07:40:00Z,2026-04-04,28924812000,100000000,2026-04-04T07:40:00Z,2,100001,7f5b6f7e-1c2d-4a4e-9a51-3a3f1d3c0a01
f91d4eae-d2cc-4f9c-9d19-d17edb5e8aca,INV-001824,7bf0e7bf-3174-4357-b13a-315f0bc23f89,21dc0fb0-33c5-4b3c-8aa4-34805ad11fa0,959677e9-35c4-4e08-86a4-7588a676ace1,account,e27a984d-6548-41d0-bfcd-9eb1a7cad415,2026-02-01T10:37:00Z,2026-04-02,251642205000,4,,0,4,7f5b6f7e-1c2d-4a4e-9a51-3a3f1d3c0a01
bda42e13-c6ff-424a-884d-ff567181f311,INV-001825,a5125332-58ac-4ccd-b5ab-8536405b553f,f4d06969-388d-4376-89c1-b00e436cc8be,959677e9-35c4-4e08-86a4-7588a676ace1,account,e27a984d-6548-41d0-bfcd-9eb1a7cad415,2026-02-28T04:32:00Z,2026-04-29,39185630000,4,,0,4,7f5b6f7e-1c2d-4a4e-9a51-3a3f1d3c0a01
cc6a7faa-1fa8-4957-a530-07b0ecbe0b73,INV-001826,202c1935-dba7-4d83-beba-6f95d22ff6b3,fd1d6a50-ccd2-4ff4-8c24-fe6cffac0501,959677e9-35c4-4e08-86a4-7588a676ace1,account,e27a984d-6548-41d0-bfcd-9eb1a7cad415,2026-06-13T06:17:00Z,2026-08-12,24548208000,4,,0,4,7f5b6f7e-1c2d-4a4e-9a51-3a3f1d3c0a01
89e7201e-c385-43d1-a425-d9e2438416f1,INV-001827,74ea3c2f-9a16-4117-ab7e-09e314ddf7d4,8840a662-bdda-4999-9827-a791e2abc67b,959677e9-35c4-4e08-86a4-7588a676ace1,account,e27a984d-6548-41d0-bfcd-9eb1a7cad415,2026-06-30T10:25:00Z,2026-08-29,42120138000,4,,0,4,7f5b6f7e-1c2d-4a4e-9a51-3a3f1d3c0a01
d9f5f214-c18f-44e5-894a-55881aa4007f,INV-001828,d2fe201f-3e18-40e3-a303-96ec98da1fcf,56e137b9-a189-4ce4-a5c2-99cbd77e4ef8,959677e9-35c4-4e08-86a4-7588a676ace1,account,e27a984d-6548-41d0-bfcd-9eb1a7cad415,2026-06-18T04:47:00Z,2026-08-17,74594107000,4,,0,4,7f5b6f7e-1c2d-4a4e-9a51-3a3f1d3c0a01
60bb5304-e300-4c5e-8ba5-861b164f4de5,INV-001829,585deda6-5438-4334-af34-74bc585d5cf3,bf44ef29-984e-4d32-a042-289a25161d71,fae2d4a8-a475-4fa7-8d30-69bfca6628a8,account,5304317f-af42-412f-b838-b3268e944239,2026-03-03T05:08:00Z,2026-04-02,17948319000,1,2026-03-31T10:39:00Z,2,100001,7f5b6f7e-1c2d-4a4e-9a51-3a3f1d3c0a01
5ee5e79b-89f4-442e-892e-daa438a8ad0d,INV-001830,264f47e6-5173-4344-87a1-592a36f375c7,c4b0654d-d71e-4b82-8de3-5ebedaacdfb5,89eb56c1-7f42-4889-8ca1-7f756b2d470a,account,5304317f-af42-412f-b838-b3268e944239,2025-08-21T10:39:00Z,2025-09-20,34676236000,1,2025-09-20T10:19:00Z,2,100001,7f5b6f7e-1c2d-4a4e-9a51-3a3f1d3c0a01
87cc1b60-1e27-418f-b953-f231f62e2314,INV-001831,1ab52f9f-d528-4fad-9a8f-eea113f39fdf,bf0a9163-207f-465d-b44f-225560779708,89eb56c1-7f42-4889-8ca1-7f756b2d470a,account,5304317f-af42-412f-b838-b3268e944239,2025-07-12T04:45:00Z,2025-08-11,27171803000,1,2025-08-09T05:22:00Z,2,100001,7f5b6f7e-1c2d-4a4e-9a51-3a3f1d3c0a01
706d85d6-00d0-4402-83e7-65c8323b9b21,INV-001832,f67d7589-3cc9-4a1e-9954-bcae3ed19cc5,d93c7281-f793-48b8-9f8e-e0ab73191c43,89eb56c1-7f42-4889-8ca1-7f756b2d470a,account,5304317f-af42-412f-b838-b3268e944239,2025-09-27T11:20:00Z,2025-10-27,23451562000,1,2025-10-25T07:53:00Z,2,100001,7f5b6f7e-1c2d-4a4e-9a51-3a3f1d3c0a01
fb627dd3-ad34-46db-b84e-b30bf8808c3a,INV-001833,f050ddc4-4169-4b9d-beba-de37d4d2a015,d5e2e854-b935-46d8-afb2-de39ff72b56b,89eb56c1-7f42-4889-8ca1-7f756b2d470a,account,5304317f-af42-412f-b838-b3268e944239,2025-11-12T06:55:00Z,2025-12-12,13318375000,1,2025-12-15T10:36:00Z,2,100001,7f5b6f7e-1c2d-4a4e-9a51-3a3f1d3c0a01
e14289b5-7780-4588-add5-12196aa7da09,INV-001834,890e278b-dd58-4692-8a0b-a70ab5d006e9,0abd091a-d2a8-44ef-afde-dd7c06f69219,89eb56c1-7f42-4889-8ca1-7f756b2d470a,account,5304317f-af42-412f-b838-b3268e944239,2026-01-19T08:21:00Z,2026-02-18,62618107000,1,2026-02-28T05:58:00Z,2,100001,7f5b6f7e-1c2d-4a4e-9a51-3a3f1d3c0a01
4e0b8db0-34aa-49f3-b003-f01ea696c091,INV-001835,0ec22dcc-2c1b-4d85-8b34-260102c66759,d70b0eb6-e196-47d9-84a4-438148507933,2233212a-f526-4ea2-b953-3cb78ef1a114,account,24933b83-7577-40a9-a491-f0b2ea1fca65,2025-07-30T11:39:00Z,2025-07-30,37537755000,100000000,2025-07-28T11:39:00Z,2,100001,7f5b6f7e-1c2d-4a4e-9a51-3a3f1d3c0a01
a39d164c-a9ba-4bd4-8eb5-14a766743d45,INV-001836,16fdccd6-2e09-41c5-a069-2db02c3a5ccc,1f228bda-54f9-42ac-805c-27ff861df916,2233212a-f526-4ea2-b953-3cb78ef1a114,account,24933b83-7577-40a9-a491-f0b2ea1fca65,2025-10-21T11:37:00Z,2025-10-21,31673835000,100000000,2025-10-21T11:37:00Z,2,100001,7f5b6f7e-1c2d-4a4e-9a51-3a3f1d3c0a01
e42993ea-6208-4a27-a3c3-88014c7e38e3,INV-001837,342b541c-d480-46d8-9646-4d212729d4a0,d4d3ac9b-7103-47f7-8a50-dec4d5af56e6,2233212a-f526-4ea2-b953-3cb78ef1a114,account,24933b83-7577-40a9-a491-f0b2ea1fca65,2025-11-13T08:38:00Z,2025-11-13,33194020000,100000000,2025-11-13T08:38:00Z,2,100001,7f5b6f7e-1c2d-4a4e-9a51-3a3f1d3c0a01
e02b66c6-ebbb-4fc6-95dd-2b9606501492,INV-001838,b1893cfa-f34f-4fc8-af3c-9e7f11c31dda,3de2387a-c77b-4b8c-ade7-dfba8f1bb665,2233212a-f526-4ea2-b953-3cb78ef1a114,account,24933b83-7577-40a9-a491-f0b2ea1fca65,2026-01-13T11:42:00Z,2026-01-13,55853829000,100000000,2026-01-11T11:42:00Z,2,100001,7f5b6f7e-1c2d-4a4e-9a51-3a3f1d3c0a01
9cfb4814-ef95-444c-9594-90687dcadc94,INV-001839,9beeebf7-35c2-4b9b-9b2b-9131b755a88f,14181dec-3bd0-42ad-93ba-5d362a2ada59,2233212a-f526-4ea2-b953-3cb78ef1a114,account,24933b83-7577-40a9-a491-f0b2ea1fca65,2026-02-28T08:28:00Z,2026-02-28,40037351000,100000000,2026-02-25T08:28:00Z,2,100001,7f5b6f7e-1c2d-4a4e-9a51-3a3f1d3c0a01
a5e873f6-8bae-4e77-b5fe-62b9208b2e75,INV-001840,9dc4f7a0-47d3-4a10-a13c-15a0a2a8b6ec,0f2e7d79-b19a-44b2-9e9e-cbf56a85961a,2233212a-f526-4ea2-b953-3cb78ef1a114,account,24933b83-7577-40a9-a491-f0b2ea1fca65,2026-03-08T11:30:00Z,2026-03-08,89501566000,100000000,2026-03-05T11:30:00Z,2,100001,7f5b6f7e-1c2d-4a4e-9a51-3a3f1d3c0a01
5b7dad6c-30b3-421a-85da-de92b22c2507,INV-001841,1ffb428c-1bed-47d1-b35a-be87ec805884,3d0c2a21-edef-47f3-b6d7-891b7b1508c5,2233212a-f526-4ea2-b953-3cb78ef1a114,account,24933b83-7577-40a9-a491-f0b2ea1fca65,2026-06-22T11:52:00Z,2026-06-22,100803137000,100000000,2026-06-19T11:52:00Z,2,100001,7f5b6f7e-1c2d-4a4e-9a51-3a3f1d3c0a01
bda5e36a-7da5-4be8-b4be-f6b4d23a359f,INV-001842,e2507fab-ea7a-4db4-a57d-7ff57808bd63,7986cbfc-2686-4ebf-9b71-69ac0d20f880,f9da4f55-bef9-4394-928f-af652f068e12,account,e27a984d-6548-41d0-bfcd-9eb1a7cad415,2025-05-12T09:28:00Z,2025-05-12,61723823000,100000000,2025-05-11T09:28:00Z,2,100001,7f5b6f7e-1c2d-4a4e-9a51-3a3f1d3c0a01
10d02498-6efc-4163-b7e4-c35c00acc841,INV-001843,d864345f-f830-490a-bce4-90d4d06da906,f86deaf3-2d6d-4b75-8136-630021a28707,f9da4f55-bef9-4394-928f-af652f068e12,account,e27a984d-6548-41d0-bfcd-9eb1a7cad415,2025-10-30T11:35:00Z,2025-10-30,121668625000,100000000,2025-10-29T11:35:00Z,2,100001,7f5b6f7e-1c2d-4a4e-9a51-3a3f1d3c0a01
628a59da-50a4-416f-9bee-2d2fe9ac9732,INV-001844,f5dd33a6-d8fc-4290-b8ee-1546579dfb77,57bb42df-7b8f-406a-86ec-5ef8fe5318ed,f9da4f55-bef9-4394-928f-af652f068e12,account,e27a984d-6548-41d0-bfcd-9eb1a7cad415,2026-01-06T12:21:00Z,2026-01-06,26635139000,100000000,2026-01-05T12:21:00Z,2,100001,7f5b6f7e-1c2d-4a4e-9a51-3a3f1d3c0a01
8fedea65-7b82-4719-bd81-add607051a2d,INV-001845,47c48ff0-583a-4417-aedc-cccacae45390,2e4e3c11-7a7d-4585-a3e4-5bd1db71bdea,f9da4f55-bef9-4394-928f-af652f068e12,account,e27a984d-6548-41d0-bfcd-9eb1a7cad415,2026-05-04T11:11:00Z,2026-05-04,80042415000,100000000,2026-05-04T11:11:00Z,2,100001,7f5b6f7e-1c2d-4a4e-9a51-3a3f1d3c0a01
0bd41747-00b7-45d2-9009-2e24a3df5f1b,INV-001846,9ecee699-2cee-46c3-8f40-54201f6426ec,ca77bfe8-be32-4d42-ae09-bc1f5296b92e,f9da4f55-bef9-4394-928f-af652f068e12,account,e27a984d-6548-41d0-bfcd-9eb1a7cad415,2026-05-10T13:24:00Z,2026-05-10,58866976000,100000000,2026-05-07T13:24:00Z,2,100001,7f5b6f7e-1c2d-4a4e-9a51-3a3f1d3c0a01
9a0e410d-05ef-4b3f-8332-e662772636a7,INV-001847,e6063b1d-7ca1-41d5-9428-332577cfffd8,4e7c5ea3-9989-494b-9924-24ce4c9544e4,da948cdf-6637-4dc7-91f4-48bb28802cff,account,366eb16f-508e-4ad7-b7c9-3acfe059a0ee,2025-06-14T09:36:00Z,2025-08-13,38146984000,4,2025-08-19T07:13:00Z,2,100001,7f5b6f7e-1c2d-4a4e-9a51-3a3f1d3c0a01
ee2b2feb-4d3e-4c8e-86c4-e612cc9a2cec,INV-001848,14b8cb05-1da8-447d-9d86-50992c242e0c,9bf52479-2fab-4ec3-a1b1-4844a02ea041,da948cdf-6637-4dc7-91f4-48bb28802cff,account,366eb16f-508e-4ad7-b7c9-3acfe059a0ee,2025-11-04T11:12:00Z,2026-01-03,49314960000,4,2026-01-01T07:07:00Z,2,100001,7f5b6f7e-1c2d-4a4e-9a51-3a3f1d3c0a01
1821aba6-fbf2-4fd4-adee-ba66623561a2,INV-001849,413cda92-193c-4ad6-8262-65131cfe9e24,ab8ecc74-a6d0-4592-8a30-c000cff08942,da948cdf-6637-4dc7-91f4-48bb28802cff,account,366eb16f-508e-4ad7-b7c9-3acfe059a0ee,2026-01-03T07:58:00Z,2026-03-04,32357682000,4,2026-03-04T08:36:00Z,2,100001,7f5b6f7e-1c2d-4a4e-9a51-3a3f1d3c0a01
797af2ff-b4a7-40a5-93bd-d60ee0e4aad0,INV-001850,0da4527e-f673-4990-b05f-a292cc00c069,ae7e3191-13a1-41e9-9794-deeec142902b,4087be6a-4514-4416-ac44-821eaf051764,account,0e51f30d-c6a7-4e39-84b0-32ccd7c524a5,2025-02-19T12:46:00Z,2025-05-20,50799427000,100000001,2025-05-21T05:29:00Z,2,100001,7f5b6f7e-1c2d-4a4e-9a51-3a3f1d3c0a01
d55a018a-bd1a-4d58-ae6e-9ff39dbe70b3,INV-001851,39402923-00c2-4e0f-be9f-034fcdbc09ad,d342777d-9b80-40a6-85bb-f53ed8aca28e,4087be6a-4514-4416-ac44-821eaf051764,account,0e51f30d-c6a7-4e39-84b0-32ccd7c524a5,2025-07-07T06:49:00Z,2025-10-05,17742539000,100000001,2025-10-05T11:12:00Z,2,100001,7f5b6f7e-1c2d-4a4e-9a51-3a3f1d3c0a01
a779679a-ca2e-42d7-8c43-975508d53249,INV-001852,cfc38f24-dcfe-44a2-adae-7ac6481eb6e2,1f18d3d8-feb3-4e0c-a167-315e72d379ef,4087be6a-4514-4416-ac44-821eaf051764,account,0e51f30d-c6a7-4e39-84b0-32ccd7c524a5,2025-08-07T06:31:00Z,2025-11-05,45277829000,100000001,2025-11-03T08:06:00Z,2,100001,7f5b6f7e-1c2d-4a4e-9a51-3a3f1d3c0a01
5580d13e-2186-4a54-bccc-18e54f39335e,INV-001853,dea8ba8c-047b-4324-a846-0fec76ce834a,b351c955-3f9d-40bb-96f3-91da50bef215,4087be6a-4514-4416-ac44-821eaf051764,account,0e51f30d-c6a7-4e39-84b0-32ccd7c524a5,2025-08-14T05:45:00Z,2025-11-12,5572220000,100000001,2025-11-15T06:25:00Z,2,100001,7f5b6f7e-1c2d-4a4e-9a51-3a3f1d3c0a01
602f13de-4741-415c-80de-a73e6db3a7fc,INV-001854,1973a552-5089-4d81-91bf-80e6f7a318b5,7b3f62bf-752a-4bbe-acaf-d7f94aa0ff2a,4087be6a-4514-4416-ac44-821eaf051764,account,0e51f30d-c6a7-4e39-84b0-32ccd7c524a5,2025-07-19T12:00:00Z,2025-10-17,31582902000,100000001,2026-05-02T12:32:00Z,2,100001,7f5b6f7e-1c2d-4a4e-9a51-3a3f1d3c0a01
3030186a-797d-4c59-a0eb-34d158b8ea1a,INV-001855,6f41a006-0e50-4283-a2c3-3c8c6aa092fd,795e11ca-968e-40c1-b32d-6a2532698c4a,4087be6a-4514-4416-ac44-821eaf051764,account,0e51f30d-c6a7-4e39-84b0-32ccd7c524a5,2025-12-23T09:59:00Z,2026-03-23,20522660000,100000001,2026-03-21T07:19:00Z,2,100001,7f5b6f7e-1c2d-4a4e-9a51-3a3f1d3c0a01
0c77917c-b434-4cbd-a6c9-eddec23d46c0,INV-001856,923b0123-13fb-4d10-afe6-31990d6397ce,610f7a71-057a-4568-8873-81eed11917ab,4087be6a-4514-4416-ac44-821eaf051764,account,0e51f30d-c6a7-4e39-84b0-32ccd7c524a5,2026-04-02T08:39:00Z,2026-07-01,15083274000,100000001,,0,4,7f5b6f7e-1c2d-4a4e-9a51-3a3f1d3c0a01
697b0b3a-75d4-410d-80df-ab9fb556a64e,INV-001857,1ba6390f-9c24-4686-8008-3e9e496a0071,eb464ace-aaa4-4592-83fe-443a7da45764,4087be6a-4514-4416-ac44-821eaf051764,account,0e51f30d-c6a7-4e39-84b0-32ccd7c524a5,2026-04-22T05:48:00Z,2026-07-21,21403208000,100000001,,0,4,7f5b6f7e-1c2d-4a4e-9a51-3a3f1d3c0a01
eef9c826-171d-4b67-81f7-ed91e348a4d2,INV-001858,472b041f-a760-4990-8ab8-16ce21dddc2c,53ec3b24-792a-4934-966f-2586fa2e7457,4087be6a-4514-4416-ac44-821eaf051764,account,0e51f30d-c6a7-4e39-84b0-32ccd7c524a5,2026-04-18T05:38:00Z,2026-07-17,30653091000,100000001,,0,4,7f5b6f7e-1c2d-4a4e-9a51-3a3f1d3c0a01
9ca16e60-6555-4127-b85f-5c23bf844736,INV-001859,d4baab52-d5b7-47a1-a2b2-1c76b6c298fb,fa11dbc6-3cca-43be-81fc-2a1fd69ac56e,4087be6a-4514-4416-ac44-821eaf051764,account,0e51f30d-c6a7-4e39-84b0-32ccd7c524a5,2026-05-27T10:17:00Z,2026-08-25,31834849000,100000001,,0,4,7f5b6f7e-1c2d-4a4e-9a51-3a3f1d3c0a01
53d69df8-6529-46fd-9f57-94fea0966da8,INV-001860,26985000-960e-4e5a-aa7a-5d45a509a258,ab604467-0c86-46d6-b6fc-01da219cfd54,4087be6a-4514-4416-ac44-821eaf051764,account,0e51f30d-c6a7-4e39-84b0-32ccd7c524a5,2026-06-20T10:19:00Z,2026-09-18,51819463000,100000001,,0,4,7f5b6f7e-1c2d-4a4e-9a51-3a3f1d3c0a01
6ac39bd7-877c-462c-8cb8-f5e7a67f0b39,INV-001861,566a84c2-9756-40b6-8278-dfe003bbb194,cf86230a-9c8e-4db4-9bee-1aaede11eb59,ee93a4d0-cd24-420c-8d34-6977d41bd8bf,account,beb79919-3f22-4af8-a3be-d01d43cf2fde,2025-06-14T05:32:00Z,2025-07-14,9387392000,1,2025-07-12T13:07:00Z,2,100001,7f5b6f7e-1c2d-4a4e-9a51-3a3f1d3c0a01
8bcc8db7-90df-44f3-a358-b1bdcba38ca4,INV-001862,87fa8704-2f58-4667-84b1-2eafca91590a,1ee84496-7f68-41b0-9c02-30086a7797b6,ee93a4d0-cd24-420c-8d34-6977d41bd8bf,account,beb79919-3f22-4af8-a3be-d01d43cf2fde,2026-06-11T05:15:00Z,2026-07-11,22360670000,1,,0,4,7f5b6f7e-1c2d-4a4e-9a51-3a3f1d3c0a01
aa43dd9d-69cd-4768-97f4-3211a520479d,INV-001863,96cc3f31-7c34-4760-a96c-52a590a87d89,db40d87d-474a-4d1c-ac75-c3c90feace54,77902ddf-4b58-4ceb-a6e4-86bf8d2eea22,account,24933b83-7577-40a9-a491-f0b2ea1fca65,2025-12-27T08:49:00Z,2025-12-27,14246772000,100000000,2025-12-26T08:49:00Z,2,100001,7f5b6f7e-1c2d-4a4e-9a51-3a3f1d3c0a01
6aaa2c59-5314-44ca-9c35-60446c86c8e9,INV-001864,3852136f-b1bb-42b6-9461-f023c9e1974f,d76cd2cd-d3e1-4822-80ad-3ad59c0143a0,77902ddf-4b58-4ceb-a6e4-86bf8d2eea22,account,24933b83-7577-40a9-a491-f0b2ea1fca65,2025-12-18T06:41:00Z,2025-12-18,24665111000,100000000,2025-12-15T06:41:00Z,2,100001,7f5b6f7e-1c2d-4a4e-9a51-3a3f1d3c0a01
eda70776-ea21-4328-a146-5f9b989e8d69,INV-001865,5c7294c8-9383-40b9-a811-fac21e336c47,1e86c475-ecf7-4068-b3b8-29ed703cccf0,77902ddf-4b58-4ceb-a6e4-86bf8d2eea22,account,24933b83-7577-40a9-a491-f0b2ea1fca65,2026-03-01T10:33:00Z,2026-03-01,22501157000,100000000,2026-02-27T10:33:00Z,2,100001,7f5b6f7e-1c2d-4a4e-9a51-3a3f1d3c0a01
80aba730-c164-4f75-afa7-6e13e4b782c5,INV-001866,420a4527-b0ca-4da0-b994-1fa259ffbd3c,75e478e6-69ba-4f2f-9483-b6c22e5c8e06,77902ddf-4b58-4ceb-a6e4-86bf8d2eea22,account,24933b83-7577-40a9-a491-f0b2ea1fca65,2026-03-29T08:02:00Z,2026-03-29,16218580000,100000000,2026-03-29T08:02:00Z,2,100001,7f5b6f7e-1c2d-4a4e-9a51-3a3f1d3c0a01
0a3b32d9-3afc-4314-86e0-95add145f348,INV-001867,1dd838c6-ea2f-4ab2-bac1-af9d0daacb17,300adea0-2e47-4fe7-81d8-23b6867b32e7,c425d020-4389-4f66-9780-29e939d00762,account,366eb16f-508e-4ad7-b7c9-3acfe059a0ee,2026-03-07T07:14:00Z,2026-05-06,202759404000,4,2026-06-07T06:40:00Z,2,100001,7f5b6f7e-1c2d-4a4e-9a51-3a3f1d3c0a01
9a2b48c8-cf13-4aaa-b64b-91170541ac02,INV-001868,ab3ba952-6f12-43db-bc6b-6e55e6a52753,3f968f1f-27ae-4c4c-88bc-007d2d8b042f,7cd6572f-301b-4b4e-a293-4e8ed189f750,account,beb79919-3f22-4af8-a3be-d01d43cf2fde,2025-12-28T09:03:00Z,2026-01-27,22009161000,1,2026-04-11T11:50:00Z,2,100001,7f5b6f7e-1c2d-4a4e-9a51-3a3f1d3c0a01
0f052021-7be3-43da-8f19-de7bad0d91b7,INV-001869,1fa737b8-fc42-442d-ba39-8cea5068314c,059f9496-7f58-4f50-9115-56f7f9d76c52,7cd6572f-301b-4b4e-a293-4e8ed189f750,account,beb79919-3f22-4af8-a3be-d01d43cf2fde,2026-02-07T11:34:00Z,2026-03-09,24042056000,1,2026-03-18T13:20:00Z,2,100001,7f5b6f7e-1c2d-4a4e-9a51-3a3f1d3c0a01
ff86ef81-107f-435c-af8f-5e98b2941b66,INV-001870,9db5d7d6-4558-4148-8a83-c300525d2dc4,5670e821-fe81-473a-b20b-845af5551c93,7cd6572f-301b-4b4e-a293-4e8ed189f750,account,beb79919-3f22-4af8-a3be-d01d43cf2fde,2026-06-17T09:59:00Z,2026-07-17,36292116000,1,,0,4,7f5b6f7e-1c2d-4a4e-9a51-3a3f1d3c0a01
fc1e0fa2-2e6e-4702-80ac-75370302ee40,INV-001871,1a811a97-8db7-4bf1-8018-dd3c77a146b8,2fdbd86f-c168-4ce0-b44a-e81de405cca3,11925880-301d-4817-a673-d42dc7af75de,account,e27a984d-6548-41d0-bfcd-9eb1a7cad415,2026-04-11T08:04:00Z,2026-04-11,89871529000,100000000,2026-04-09T08:04:00Z,2,100001,7f5b6f7e-1c2d-4a4e-9a51-3a3f1d3c0a01
ea19b21e-21d5-47a1-867e-2e8456be5418,INV-001872,62f2e94f-1148-4a9b-8a92-8cb873427425,09b822d0-a202-46b0-8344-68ce40ba788a,11925880-301d-4817-a673-d42dc7af75de,account,e27a984d-6548-41d0-bfcd-9eb1a7cad415,2026-06-25T06:22:00Z,2026-06-25,143693398000,100000000,2026-06-25T06:22:00Z,2,100001,7f5b6f7e-1c2d-4a4e-9a51-3a3f1d3c0a01
1924664e-7f46-46bd-a346-7be09f24a2fd,INV-001873,c2cdba93-c973-4da7-b964-83c481c4f5e5,807fd06e-4e6a-4504-8ca2-0b3605519082,4001570a-3312-4e73-8485-63a3aeee2302,account,0e51f30d-c6a7-4e39-84b0-32ccd7c524a5,2026-03-25T06:55:00Z,2026-04-24,15368303000,1,2026-04-21T12:31:00Z,2,100001,7f5b6f7e-1c2d-4a4e-9a51-3a3f1d3c0a01
b3a17b0f-4ff3-42d6-af6b-815227e63605,INV-001874,6f1af918-56cc-4c6e-8fc0-8ec1ffdb286a,c442a28a-ff1f-4799-a855-0f28fd069d22,4001570a-3312-4e73-8485-63a3aeee2302,account,0e51f30d-c6a7-4e39-84b0-32ccd7c524a5,2026-04-28T10:54:00Z,2026-05-28,89979913000,1,2026-06-08T05:16:00Z,2,100001,7f5b6f7e-1c2d-4a4e-9a51-3a3f1d3c0a01
acf393f9-d519-444d-8793-9c8d5de65232,INV-001875,14762b21-9719-4f70-96c4-986fb6f1b3cb,07a8f39b-6031-467a-a028-a6db93b2d7d2,1d96dc53-2344-4c54-8cae-f9ec6d44f723,account,0e51f30d-c6a7-4e39-84b0-32ccd7c524a5,2024-12-07T04:42:00Z,2025-02-05,26212669000,4,2025-02-11T08:57:00Z,2,100001,7f5b6f7e-1c2d-4a4e-9a51-3a3f1d3c0a01
fefd6765-cf8b-47d2-b752-b2210bc37813,INV-001876,415044d1-0d6f-4600-af91-dec60084134a,8ce2fc6a-916f-4810-be8e-9fd5e26c709b,1d96dc53-2344-4c54-8cae-f9ec6d44f723,account,0e51f30d-c6a7-4e39-84b0-32ccd7c524a5,2025-04-27T09:45:00Z,2025-06-26,14196733000,4,2025-07-09T13:05:00Z,2,100001,7f5b6f7e-1c2d-4a4e-9a51-3a3f1d3c0a01
86f1b6f3-a2c3-4bbe-957f-12a77e7554b7,INV-001877,3cf44a95-5abe-49de-b7a3-9803739d180d,5c455d13-6b42-4432-b518-5fd89c4670bc,1d96dc53-2344-4c54-8cae-f9ec6d44f723,account,0e51f30d-c6a7-4e39-84b0-32ccd7c524a5,2025-09-07T10:16:00Z,2025-11-06,13379104000,4,2025-12-06T07:29:00Z,2,100001,7f5b6f7e-1c2d-4a4e-9a51-3a3f1d3c0a01
ea1b58d9-de39-4990-b27c-4d4e3403b475,INV-001878,4e23cead-a714-4b37-a317-60e4fa66ca82,9781572f-1459-4170-ad39-4b5058b1f38d,1d96dc53-2344-4c54-8cae-f9ec6d44f723,account,0e51f30d-c6a7-4e39-84b0-32ccd7c524a5,2025-11-20T10:23:00Z,2026-01-19,36642964000,4,2026-01-29T13:27:00Z,2,100001,7f5b6f7e-1c2d-4a4e-9a51-3a3f1d3c0a01
e8e4accd-3247-4beb-8221-e67f956428d4,INV-001879,566720cc-6ffd-4f07-bb0a-06dbb2d07771,418a3ff8-ed96-41bf-a074-f56114996e1c,1d96dc53-2344-4c54-8cae-f9ec6d44f723,account,0e51f30d-c6a7-4e39-84b0-32ccd7c524a5,2026-04-27T07:55:00Z,2026-06-26,31759725000,4,2026-06-27T12:29:00Z,2,100001,7f5b6f7e-1c2d-4a4e-9a51-3a3f1d3c0a01
ef9d15be-350c-4f67-831d-36fb49078480,INV-001880,7203ad15-f9ba-4da9-9058-036fca43d333,b6587150-d66d-47a0-8223-97d2ce16a494,1ab88733-80e1-4c41-8a9a-727fb2a12a55,account,5304317f-af42-412f-b838-b3268e944239,2025-11-25T09:06:00Z,2025-12-25,15375542000,1,2025-12-23T08:53:00Z,2,100001,7f5b6f7e-1c2d-4a4e-9a51-3a3f1d3c0a01
bcd43bc6-8b8e-4349-be70-f8aa7feec979,INV-001881,f52612e5-8923-4297-ade9-673886a7e93d,76026018-bf79-456a-9f46-5125250e46c7,1ab88733-80e1-4c41-8a9a-727fb2a12a55,account,5304317f-af42-412f-b838-b3268e944239,2026-03-09T09:45:00Z,2026-04-08,14188472000,1,2026-04-11T08:25:00Z,2,100001,7f5b6f7e-1c2d-4a4e-9a51-3a3f1d3c0a01
fe3dac30-4483-4bcf-a0ab-5a44692d7851,INV-001882,3b2a34ee-b6a9-4767-83ee-e50105e096a3,984ff547-5df8-44c7-8d7f-2a16b249b71f,1ab88733-80e1-4c41-8a9a-727fb2a12a55,account,5304317f-af42-412f-b838-b3268e944239,2026-04-30T12:08:00Z,2026-05-30,34774735000,1,2026-05-30T09:06:00Z,2,100001,7f5b6f7e-1c2d-4a4e-9a51-3a3f1d3c0a01
5b6ac8c4-d28f-40a1-bbaa-c9672fde9027,INV-001883,051c4ddd-bea6-46d0-8850-cd2704d91a79,27c28707-c7a2-424e-8704-5f5a77e80a8e,144be8bc-e207-4595-be20-9925a72427a6,account,0e51f30d-c6a7-4e39-84b0-32ccd7c524a5,2025-03-01T08:24:00Z,2025-03-31,8247372000,1,2025-04-05T05:58:00Z,2,100001,7f5b6f7e-1c2d-4a4e-9a51-3a3f1d3c0a01
db1b0186-ca0c-4b11-87c6-1d1f4e304034,INV-001884,06dffaf3-0985-46a0-9da2-0e5e0a3bbe6b,7c38b590-6542-4acb-9684-2b80d659bebd,144be8bc-e207-4595-be20-9925a72427a6,account,0e51f30d-c6a7-4e39-84b0-32ccd7c524a5,2025-08-31T08:36:00Z,2025-09-30,12548763000,1,2025-10-18T05:53:00Z,2,100001,7f5b6f7e-1c2d-4a4e-9a51-3a3f1d3c0a01
899fcda6-1c68-43f2-b6c8-e19e7489f83a,INV-001885,0825b12a-0149-4211-9edc-663e8c428152,a1f1231e-a68a-472c-b8e3-b47020866283,144be8bc-e207-4595-be20-9925a72427a6,account,0e51f30d-c6a7-4e39-84b0-32ccd7c524a5,2025-10-23T09:16:00Z,2025-11-22,25644659000,1,2026-01-07T08:28:00Z,2,100001,7f5b6f7e-1c2d-4a4e-9a51-3a3f1d3c0a01
cddb961f-68b3-4765-af4e-ccb168b216aa,INV-001886,1be042ad-1623-4be6-88bd-a6be798c1046,ea99e25f-d94e-42d7-930e-c9c7b21018bc,144be8bc-e207-4595-be20-9925a72427a6,account,0e51f30d-c6a7-4e39-84b0-32ccd7c524a5,2026-03-30T11:52:00Z,2026-04-29,17496115000,1,2026-05-12T08:12:00Z,2,100001,7f5b6f7e-1c2d-4a4e-9a51-3a3f1d3c0a01
03a3c94f-074d-4890-8fba-d3c121d735e2,INV-001887,adca3a79-6b60-4463-aee7-76e7ac1b6d47,10f7d4e8-e8ce-4033-8102-4b55751e7feb,144be8bc-e207-4595-be20-9925a72427a6,account,0e51f30d-c6a7-4e39-84b0-32ccd7c524a5,2026-04-30T13:23:00Z,2026-05-30,32138016000,1,2026-06-06T09:13:00Z,2,100001,7f5b6f7e-1c2d-4a4e-9a51-3a3f1d3c0a01
e45c7a52-b210-4a9e-8373-5ee99d949d36,INV-001888,a954a5e0-2229-4482-ba0a-614d2307ed34,d10012d3-720c-4cb0-a85f-6d0aa35e359a,e716eb38-581f-43df-be71-bda810128b96,account,0e51f30d-c6a7-4e39-84b0-32ccd7c524a5,2025-12-27T10:43:00Z,2026-01-26,39267216000,1,2026-01-24T05:07:00Z,2,100001,7f5b6f7e-1c2d-4a4e-9a51-3a3f1d3c0a01
59a045be-8d76-4d29-8653-890088a9d52e,INV-001889,ec5df465-c1b3-4cb3-88db-73815ab1c469,ca748be8-5efc-4cc3-8544-93919eea8a65,e716eb38-581f-43df-be71-bda810128b96,account,0e51f30d-c6a7-4e39-84b0-32ccd7c524a5,2026-02-01T11:56:00Z,2026-03-03,17341656000,1,2026-03-15T04:59:00Z,2,100001,7f5b6f7e-1c2d-4a4e-9a51-3a3f1d3c0a01
26efb5e9-45ca-42da-a726-69f28c9b9038,INV-001890,939741c3-6ee2-4774-baf2-e65a16af8281,b66a47b9-18b3-4429-9d0b-85efcd69b556,e716eb38-581f-43df-be71-bda810128b96,account,0e51f30d-c6a7-4e39-84b0-32ccd7c524a5,2026-03-14T09:33:00Z,2026-04-13,14178292000,1,2026-05-13T08:51:00Z,2,100001,7f5b6f7e-1c2d-4a4e-9a51-3a3f1d3c0a01
3eb9270f-bbc9-42c6-8ae7-05aaf56aa7c7,INV-001891,cb9e9f76-f158-4159-be1b-58d15c523260,4c8e35c8-e2c0-43cf-a125-e7a32023457b,f3f48d53-1120-41b7-9b23-91f0f620e4c0,account,366eb16f-508e-4ad7-b7c9-3acfe059a0ee,2024-11-23T09:16:00Z,2025-01-22,24331014000,4,2025-01-25T09:55:00Z,2,100001,7f5b6f7e-1c2d-4a4e-9a51-3a3f1d3c0a01
aef945f1-5fe7-46a4-9402-bbcb278f5ecb,INV-001892,72028f03-c5df-460a-81ae-f3e3cda7be29,3c0db635-fd32-44a6-8f3b-5dd92297f841,f3f48d53-1120-41b7-9b23-91f0f620e4c0,account,366eb16f-508e-4ad7-b7c9-3acfe059a0ee,2025-02-18T08:14:00Z,2025-04-19,95290780000,4,2025-04-26T07:19:00Z,2,100001,7f5b6f7e-1c2d-4a4e-9a51-3a3f1d3c0a01
a40ef7f3-80f1-4e15-909a-b03d489cfaa8,INV-001893,eccceec4-2ef3-49b0-8559-57cd57813dba,b3572638-ae3b-4e0a-ad35-1d88aea48f40,f3f48d53-1120-41b7-9b23-91f0f620e4c0,account,366eb16f-508e-4ad7-b7c9-3acfe059a0ee,2025-04-19T12:28:00Z,2025-06-18,20999866000,4,2025-06-25T05:54:00Z,2,100001,7f5b6f7e-1c2d-4a4e-9a51-3a3f1d3c0a01
b9b32361-51cd-4951-8162-75f36e2e74a5,INV-001894,30c4aa27-c0c9-4f5d-bcb1-d0929587c716,e251be70-92e8-4869-8425-a008de2ae138,f3f48d53-1120-41b7-9b23-91f0f620e4c0,account,366eb16f-508e-4ad7-b7c9-3acfe059a0ee,2025-06-09T09:53:00Z,2025-08-08,54153902000,4,2025-08-07T12:17:00Z,2,100001,7f5b6f7e-1c2d-4a4e-9a51-3a3f1d3c0a01
9426b628-1ca0-4f41-adfa-d3a52e6ab96e,INV-001895,f4c2ed1c-af5a-419f-ad12-ca1bdaa44d11,87e14b2b-cef6-4cc0-aecf-b57ea18eb05a,f3f48d53-1120-41b7-9b23-91f0f620e4c0,account,366eb16f-508e-4ad7-b7c9-3acfe059a0ee,2025-08-11T11:15:00Z,2025-10-10,37511357000,4,2025-11-08T06:40:00Z,2,100001,7f5b6f7e-1c2d-4a4e-9a51-3a3f1d3c0a01
4c896f3f-2ec8-414d-8326-d7f660ed8b20,INV-001896,a95ec830-4b6d-4365-b1ed-c2a1f025160e,b307b374-e002-4819-ace0-00582dfde3c2,f3f48d53-1120-41b7-9b23-91f0f620e4c0,account,366eb16f-508e-4ad7-b7c9-3acfe059a0ee,2025-09-27T10:46:00Z,2025-11-26,33104976000,4,2025-12-04T05:43:00Z,2,100001,7f5b6f7e-1c2d-4a4e-9a51-3a3f1d3c0a01
6f8b881b-12e5-4de1-9de5-37541b9b0950,INV-001897,e0a6d289-ab7d-416f-960f-9df72ef7728c,c37d7bb9-1ac6-4c80-9eb2-675c9a66cf47,f3f48d53-1120-41b7-9b23-91f0f620e4c0,account,366eb16f-508e-4ad7-b7c9-3acfe059a0ee,2026-02-14T06:54:00Z,2026-04-15,82774966000,4,2026-04-16T08:17:00Z,2,100001,7f5b6f7e-1c2d-4a4e-9a51-3a3f1d3c0a01
671a82ed-5a8e-44ba-9685-968b44afc906,INV-001898,4bad763e-399f-4504-870b-dbe0211a5ed8,2033d6d5-b256-41b7-9d83-c0bfe277a39f,f3f48d53-1120-41b7-9b23-91f0f620e4c0,account,366eb16f-508e-4ad7-b7c9-3acfe059a0ee,2026-03-04T09:30:00Z,2026-05-03,78719270000,4,2026-05-05T09:45:00Z,2,100001,7f5b6f7e-1c2d-4a4e-9a51-3a3f1d3c0a01
d791c1db-fa5b-4aaf-bb86-29f7476ce02a,INV-001899,718ba6ed-2009-4f88-be9c-f4d8e4004865,c11e1f17-37b8-4e91-9fe9-033efd4cc60e,f3f48d53-1120-41b7-9b23-91f0f620e4c0,account,366eb16f-508e-4ad7-b7c9-3acfe059a0ee,2026-06-13T06:20:00Z,2026-08-12,60689902000,4,,0,4,7f5b6f7e-1c2d-4a4e-9a51-3a3f1d3c0a01
9b398290-6dd2-46d3-8cd5-8b38234aa409,INV-001900,dacf4f26-1d82-4bae-89e3-c8ba43299dde,e70bdb98-078f-449e-84db-ff151a302c13,7ec59e55-1b98-467e-8cc8-8dc68127a367,account,5304317f-af42-412f-b838-b3268e944239,2024-12-30T10:21:00Z,2025-01-29,104650284000,1,2025-01-28T10:07:00Z,2,100001,7f5b6f7e-1c2d-4a4e-9a51-3a3f1d3c0a01
cd6c7041-8c9b-46ef-a9d6-338bf778d31f,INV-001901,406df0db-c6e5-4bb9-9175-bb5a7f852634,7b7489ae-a12d-49c7-aeea-c38af9bb0fea,7ec59e55-1b98-467e-8cc8-8dc68127a367,account,5304317f-af42-412f-b838-b3268e944239,2025-05-29T12:47:00Z,2025-06-28,31914700000,1,2025-06-28T11:19:00Z,2,100001,7f5b6f7e-1c2d-4a4e-9a51-3a3f1d3c0a01
0e29e163-fae2-4c33-8655-5e18f3919be9,INV-001902,f147f33e-83ad-4b43-9e2a-dda2bae7c4a0,45f7802c-1e91-4186-b1a5-b00fe8afd45c,7ec59e55-1b98-467e-8cc8-8dc68127a367,account,5304317f-af42-412f-b838-b3268e944239,2025-07-12T12:42:00Z,2025-08-11,29654775000,1,2025-08-10T11:39:00Z,2,100001,7f5b6f7e-1c2d-4a4e-9a51-3a3f1d3c0a01
c3628dab-8683-4454-a7e5-fe2cf982ed30,INV-001903,24eb79ee-e76e-49a0-932b-201c3221bb88,64500e9f-8070-4dc2-818f-2986deda4502,7ec59e55-1b98-467e-8cc8-8dc68127a367,account,5304317f-af42-412f-b838-b3268e944239,2025-07-24T12:56:00Z,2025-08-23,50637263000,1,2025-08-23T08:09:00Z,2,100001,7f5b6f7e-1c2d-4a4e-9a51-3a3f1d3c0a01
757d355c-d4d8-4cf0-849e-fd881731a646,INV-001904,0db1856e-57ea-450c-8447-002900868987,dd1e072c-b7c8-4f98-8584-4230a878c90f,7ec59e55-1b98-467e-8cc8-8dc68127a367,account,5304317f-af42-412f-b838-b3268e944239,2025-08-16T12:04:00Z,2025-09-15,55260139000,1,2025-09-13T12:52:00Z,2,100001,7f5b6f7e-1c2d-4a4e-9a51-3a3f1d3c0a01
814d7f05-e1dc-4a31-8a8b-547b9e540fa5,INV-001905,614e0f3a-8c0f-490c-b3ed-6b194beda614,14a403b5-932a-4275-a624-44ad033a3b22,7ec59e55-1b98-467e-8cc8-8dc68127a367,account,5304317f-af42-412f-b838-b3268e944239,2025-11-11T13:18:00Z,2025-12-11,19984314000,1,2025-12-14T10:00:00Z,2,100001,7f5b6f7e-1c2d-4a4e-9a51-3a3f1d3c0a01
f85ab15f-6d4d-446b-886c-c009b540d465,INV-001906,e03797fc-0461-4c9c-9067-a19e562406e3,0bed0ae1-4214-4cdd-9f6c-f0bdb03014a2,7ec59e55-1b98-467e-8cc8-8dc68127a367,account,5304317f-af42-412f-b838-b3268e944239,2025-11-04T12:11:00Z,2025-12-04,57344578000,1,2025-12-03T09:31:00Z,2,100001,7f5b6f7e-1c2d-4a4e-9a51-3a3f1d3c0a01
8bcf9307-acac-45dd-83a9-f42f672d9a1b,INV-001907,49b1dae7-3159-4c9e-8e42-f7a2cac3e451,111ea876-110c-4b23-92f3-7c4de4a4f258,7ec59e55-1b98-467e-8cc8-8dc68127a367,account,5304317f-af42-412f-b838-b3268e944239,2025-11-22T13:11:00Z,2025-12-22,33333434000,1,2025-12-30T10:25:00Z,2,100001,7f5b6f7e-1c2d-4a4e-9a51-3a3f1d3c0a01
f92c4975-8d80-4d7e-922f-b3cc0ddf8167,INV-001908,dfc66625-1dfb-43f1-8937-f5a7322373de,0f204e90-575a-4244-a291-7cbe43d017d0,7ec59e55-1b98-467e-8cc8-8dc68127a367,account,5304317f-af42-412f-b838-b3268e944239,2025-12-27T13:00:00Z,2026-01-26,24545720000,1,2026-01-25T06:51:00Z,2,100001,7f5b6f7e-1c2d-4a4e-9a51-3a3f1d3c0a01
d36013e2-2768-4ff5-b3ba-cf910816dd28,INV-001909,088497e9-f713-48e8-b7e3-ff68c27366e7,67d8e76c-1924-4bb7-b658-3b057b1d672b,7ec59e55-1b98-467e-8cc8-8dc68127a367,account,5304317f-af42-412f-b838-b3268e944239,2026-02-14T07:20:00Z,2026-03-16,69814147000,1,2026-03-15T06:31:00Z,2,100001,7f5b6f7e-1c2d-4a4e-9a51-3a3f1d3c0a01
fe7ddb2a-1e29-4455-9fa5-90d8fc9977d5,INV-001910,d9d6992e-8c6d-470c-b1ac-7065e48ca3b3,795108aa-ae15-426a-a5c1-a717212eddaa,7ec59e55-1b98-467e-8cc8-8dc68127a367,account,5304317f-af42-412f-b838-b3268e944239,2026-06-28T09:27:00Z,2026-07-28,68011132000,1,,0,4,7f5b6f7e-1c2d-4a4e-9a51-3a3f1d3c0a01
07d54e13-bf6c-46a3-9add-256c45f9682b,INV-001911,cc42d661-6e7b-4ec9-ad87-9c282b20fb61,6782c2c1-480c-4d48-a620-2d44c3b639dc,a2a5ef39-c163-4f1b-9f32-f343a562f0a0,account,24933b83-7577-40a9-a491-f0b2ea1fca65,2025-05-01T12:46:00Z,2025-05-01,65903069000,100000000,2025-04-29T12:46:00Z,2,100001,7f5b6f7e-1c2d-4a4e-9a51-3a3f1d3c0a01
e37a4771-a1ef-434e-b594-b373a122fc19,INV-001912,f22e8078-8ad7-4575-bea5-0fb7e6517686,037e847e-a108-4788-a0bd-6ce256acf095,a2a5ef39-c163-4f1b-9f32-f343a562f0a0,account,24933b83-7577-40a9-a491-f0b2ea1fca65,2025-05-29T10:03:00Z,2025-05-29,53772258000,100000000,2025-05-26T10:03:00Z,2,100001,7f5b6f7e-1c2d-4a4e-9a51-3a3f1d3c0a01
1bcc091d-0041-4108-911f-61d2fabdabbe,INV-001913,6cab995b-2f91-4782-aa61-78144b138734,f6d76c2c-dfab-4085-82b9-0a2c1b9e42bd,a2a5ef39-c163-4f1b-9f32-f343a562f0a0,account,24933b83-7577-40a9-a491-f0b2ea1fca65,2025-10-25T08:08:00Z,2025-10-25,71632366000,100000000,2025-10-25T08:08:00Z,2,100001,7f5b6f7e-1c2d-4a4e-9a51-3a3f1d3c0a01
01dfb4ad-c268-49b8-ba22-d3cf50209e39,INV-001914,89c9b09a-43f3-41fe-8f47-54bebc442ba1,c90bd215-473a-42fb-bc43-b7a06699f1dd,a2a5ef39-c163-4f1b-9f32-f343a562f0a0,account,24933b83-7577-40a9-a491-f0b2ea1fca65,2025-10-18T08:53:00Z,2025-10-18,32219802000,100000000,2025-10-17T08:53:00Z,2,100001,7f5b6f7e-1c2d-4a4e-9a51-3a3f1d3c0a01
aa00b519-b421-449d-8a3b-818a4df4719e,INV-001915,c9afb596-5055-4a96-8428-f968bb30a4f9,c95674ca-9806-476f-8d0d-086b691b3df2,a2a5ef39-c163-4f1b-9f32-f343a562f0a0,account,24933b83-7577-40a9-a491-f0b2ea1fca65,2025-10-06T09:50:00Z,2025-10-06,79798255000,100000000,2025-10-06T09:50:00Z,2,100001,7f5b6f7e-1c2d-4a4e-9a51-3a3f1d3c0a01
5cb1635e-41ca-434d-9f95-448e31db89ed,INV-001916,30beca83-d27d-4fba-b140-ca4ace823aab,33c02855-e572-41c2-b1a1-6da4f1c7db44,a2a5ef39-c163-4f1b-9f32-f343a562f0a0,account,24933b83-7577-40a9-a491-f0b2ea1fca65,2026-06-14T08:49:00Z,2026-06-14,28285834000,100000000,2026-06-14T08:49:00Z,2,100001,7f5b6f7e-1c2d-4a4e-9a51-3a3f1d3c0a01
792400ea-b128-4787-9a34-66809eb15988,INV-001917,f4fef37a-c2ea-4281-84ae-91823f668daa,3a5a62d7-3d46-4041-8a5e-d52fe06f8441,1fda98c9-40a6-4de4-9271-e2959b21c065,account,10f1bc81-448a-4a9e-a6b2-bc5b50c187fc,2025-04-19T13:06:00Z,2025-04-19,48079353000,100000000,2025-04-18T13:06:00Z,2,100001,7f5b6f7e-1c2d-4a4e-9a51-3a3f1d3c0a01
0bf8124e-3379-403a-a3be-ad0c5a68a7c4,INV-001918,18f3dc39-23e6-496d-b0e1-f3f56570e37e,76d67ce0-9793-4703-8e87-30283132b69c,1fda98c9-40a6-4de4-9271-e2959b21c065,account,10f1bc81-448a-4a9e-a6b2-bc5b50c187fc,2025-06-01T11:42:00Z,2025-06-01,23119636000,100000000,2025-05-29T11:42:00Z,2,100001,7f5b6f7e-1c2d-4a4e-9a51-3a3f1d3c0a01
c351cbdb-69e8-4626-ba02-8b5e2d84972b,INV-001919,c48d9b0a-f512-41a1-98f8-013364833d75,45cdbea8-e34a-4a39-bfe1-44c1d726ccd4,1fda98c9-40a6-4de4-9271-e2959b21c065,account,10f1bc81-448a-4a9e-a6b2-bc5b50c187fc,2025-07-22T10:17:00Z,2025-07-22,71242066000,100000000,2025-07-20T10:17:00Z,2,100001,7f5b6f7e-1c2d-4a4e-9a51-3a3f1d3c0a01
f766f877-2cdc-4c97-afb2-7dc0b6e5ed58,INV-001920,7a0e4324-93c8-42a5-a344-cae07a43c7fe,31efbbc1-60cf-4dcb-85aa-818297087a2b,1fda98c9-40a6-4de4-9271-e2959b21c065,account,10f1bc81-448a-4a9e-a6b2-bc5b50c187fc,2025-09-03T12:47:00Z,2025-09-03,64240062000,100000000,2025-09-03T12:47:00Z,2,100001,7f5b6f7e-1c2d-4a4e-9a51-3a3f1d3c0a01
26431540-cae7-445a-b446-f3dd687ea652,INV-001921,651ae2d1-f8ae-412d-81c7-2103d1145ad9,5e61bff1-a1ab-405d-bac1-90c50d085ce2,1fda98c9-40a6-4de4-9271-e2959b21c065,account,10f1bc81-448a-4a9e-a6b2-bc5b50c187fc,2025-09-16T04:57:00Z,2025-09-16,39273521000,100000000,2025-09-13T04:57:00Z,2,100001,7f5b6f7e-1c2d-4a4e-9a51-3a3f1d3c0a01
bb628593-a230-4021-9114-33abc86cd5af,INV-001922,2108cb89-24db-4708-9b60-d88d32d3c52e,410faa87-ed52-4013-9555-8194aed7997a,1fda98c9-40a6-4de4-9271-e2959b21c065,account,10f1bc81-448a-4a9e-a6b2-bc5b50c187fc,2025-12-11T06:30:00Z,2025-12-11,42729206000,100000000,2025-12-08T06:30:00Z,2,100001,7f5b6f7e-1c2d-4a4e-9a51-3a3f1d3c0a01
d8ad8a84-d791-4d72-b572-d60fb9422156,INV-001923,89be49d2-0958-458a-b8ef-dfc78fe134e0,938b9df1-8ea8-44ca-84e8-70f2743fc6c1,1fda98c9-40a6-4de4-9271-e2959b21c065,account,10f1bc81-448a-4a9e-a6b2-bc5b50c187fc,2025-12-20T11:36:00Z,2025-12-20,208218428000,100000000,2025-12-20T11:36:00Z,2,100001,7f5b6f7e-1c2d-4a4e-9a51-3a3f1d3c0a01
536da4ed-5bd9-4b24-bbc2-d31d1a6515e2,INV-001924,105055d2-ebb7-4c50-82fb-358c653e974b,0b9bbd8c-2ddb-456c-b605-d0266d1ab1ec,1fda98c9-40a6-4de4-9271-e2959b21c065,account,10f1bc81-448a-4a9e-a6b2-bc5b50c187fc,2026-01-29T10:08:00Z,2026-01-29,32048558000,100000000,2026-01-29T10:08:00Z,2,100001,7f5b6f7e-1c2d-4a4e-9a51-3a3f1d3c0a01
584d47c2-ceac-4dfb-bcc9-c5f5d9006056,INV-001925,d09a6718-9add-4ae4-9a9c-5d8f6e093974,6a7c54f4-783d-4d45-879e-4ba14dbede3d,1fda98c9-40a6-4de4-9271-e2959b21c065,account,10f1bc81-448a-4a9e-a6b2-bc5b50c187fc,2026-02-21T08:15:00Z,2026-02-21,86086396000,100000000,2026-02-21T08:15:00Z,2,100001,7f5b6f7e-1c2d-4a4e-9a51-3a3f1d3c0a01
16bc07fb-cbe5-4b52-8c40-473dc94a3ddc,INV-001926,46937ac5-818a-4c08-b2d4-11279fd33593,85ea8a4d-b0c3-42d4-931c-d2e23ca7b3b0,1fda98c9-40a6-4de4-9271-e2959b21c065,account,10f1bc81-448a-4a9e-a6b2-bc5b50c187fc,2026-04-27T13:19:00Z,2026-04-27,71801910000,100000000,2026-04-26T13:19:00Z,2,100001,7f5b6f7e-1c2d-4a4e-9a51-3a3f1d3c0a01
9ab86bf3-e4f9-47a6-b9ab-333db2083c12,INV-001927,290e0adc-f01c-483d-aedf-e41d924cb19c,ccac1c4b-6f4a-466a-b37a-33e21aaa626a,1fda98c9-40a6-4de4-9271-e2959b21c065,account,10f1bc81-448a-4a9e-a6b2-bc5b50c187fc,2026-06-01T10:35:00Z,2026-06-01,59162762000,100000000,2026-05-30T10:35:00Z,2,100001,7f5b6f7e-1c2d-4a4e-9a51-3a3f1d3c0a01
7135af2b-c2bb-4994-9e1d-3fcfd5f7ec2e,INV-001928,176358f3-47f1-40dd-8442-debc6e174db8,15425e46-b0ea-44dd-8f41-1ef0b44646fd,fa75b5fc-7921-40b3-aa0a-8302276f8e0d,account,beb79919-3f22-4af8-a3be-d01d43cf2fde,2025-04-28T09:02:00Z,2025-04-28,28381381000,100000000,2025-04-25T09:02:00Z,2,100001,7f5b6f7e-1c2d-4a4e-9a51-3a3f1d3c0a01
a3db9596-81ef-47f4-a97c-8a8daa5ab7af,INV-001929,6e5211c0-29ff-466e-a8de-26c4c2d2ef82,6c754c9a-7f17-4704-9f45-05870dad7070,fa75b5fc-7921-40b3-aa0a-8302276f8e0d,account,beb79919-3f22-4af8-a3be-d01d43cf2fde,2025-07-06T07:27:00Z,2025-07-06,37264384000,100000000,2025-07-04T07:27:00Z,2,100001,7f5b6f7e-1c2d-4a4e-9a51-3a3f1d3c0a01
cbd6ae6c-9fde-4311-a3ae-24bcd49668eb,INV-001930,c87d48ef-1195-48e1-bbe3-218b16907da3,8a3854ac-49bc-4a66-9d83-8a8f074b92e4,fa75b5fc-7921-40b3-aa0a-8302276f8e0d,account,beb79919-3f22-4af8-a3be-d01d43cf2fde,2025-12-06T11:07:00Z,2025-12-06,48079941000,100000000,2025-12-05T11:07:00Z,2,100001,7f5b6f7e-1c2d-4a4e-9a51-3a3f1d3c0a01
38a589fd-f9fc-4f6d-b931-9f4a2db548f0,INV-001931,d2c1b86e-07f5-4d19-a022-d32ac2216acd,85fc6db5-2cd6-4011-abed-50ea2c16b2c8,fa75b5fc-7921-40b3-aa0a-8302276f8e0d,account,beb79919-3f22-4af8-a3be-d01d43cf2fde,2026-05-19T06:26:00Z,2026-05-19,41817100000,100000000,2026-05-17T06:26:00Z,2,100001,7f5b6f7e-1c2d-4a4e-9a51-3a3f1d3c0a01
8a63474a-9b24-44f8-a8a3-74a1b1f2cc00,INV-001932,c4b4ba55-898b-487b-84df-d7718fc72891,0aeea207-eb03-4591-8972-dc86afcd6edf,5b33cb3f-1551-4ef5-8916-54e6473eb4b1,account,b02b61c4-a3d7-4628-ace6-6fa2fd5166e6,2025-05-11T12:26:00Z,2025-06-10,13130225000,1,2025-06-10T08:28:00Z,2,100001,7f5b6f7e-1c2d-4a4e-9a51-3a3f1d3c0a01
c76e690f-369f-462a-aa8e-9004d5f36cac,INV-001933,ef437de3-1f7a-4c85-a9d7-f5c3794993da,7e70bc01-3e51-417e-8a23-0e0c5374d683,5b33cb3f-1551-4ef5-8916-54e6473eb4b1,account,b02b61c4-a3d7-4628-ace6-6fa2fd5166e6,2025-07-19T12:40:00Z,2025-08-18,54728828000,1,2025-09-02T08:16:00Z,2,100001,7f5b6f7e-1c2d-4a4e-9a51-3a3f1d3c0a01
6dd30afe-a0fd-4031-b10d-760e589ca73b,INV-001934,963228c4-e50c-4706-8439-bad85b3c5c17,b9ef5c51-2deb-4227-81f6-418dac72b657,5b33cb3f-1551-4ef5-8916-54e6473eb4b1,account,b02b61c4-a3d7-4628-ace6-6fa2fd5166e6,2025-12-04T08:57:00Z,2026-01-03,26375043000,1,2026-01-18T06:29:00Z,2,100001,7f5b6f7e-1c2d-4a4e-9a51-3a3f1d3c0a01
788c54fa-aad7-4634-941e-2c1c8e256fc0,INV-001935,e6fc2822-de34-4132-bd52-0610fb37625c,de8a988c-5351-4f83-8f1b-f5cdffaa1571,5b33cb3f-1551-4ef5-8916-54e6473eb4b1,account,b02b61c4-a3d7-4628-ace6-6fa2fd5166e6,2026-05-21T05:25:00Z,2026-06-20,23081207000,1,2026-06-18T09:31:00Z,2,100001,7f5b6f7e-1c2d-4a4e-9a51-3a3f1d3c0a01
d092fcdd-6a17-45df-ac34-303fd4c85488,INV-001936,f31598c4-963f-416f-96ba-cc09ec0bcfc0,b50c50ae-63eb-46e1-a22e-eec69caf6ed9,c3f67602-0879-4480-87ab-777056724b4c,account,b02b61c4-a3d7-4628-ace6-6fa2fd5166e6,2025-05-26T05:13:00Z,2025-06-25,14670811000,1,2025-06-30T06:54:00Z,2,100001,7f5b6f7e-1c2d-4a4e-9a51-3a3f1d3c0a01
311becd9-ad29-4e5e-a4a4-691bb61bb997,INV-001937,e1ca0ad7-7234-46d4-a1bc-e03a3a3a4e36,f84a5967-4357-4e47-a9a3-732a3b68ba0f,dff4cc91-3164-4c14-b1a0-051f0acae683,account,ce177b4e-0837-48a3-9261-a7ab3aa2e4f9,2025-03-25T11:36:00Z,2025-03-25,65243370000,100000000,2025-03-23T11:36:00Z,2,100001,7f5b6f7e-1c2d-4a4e-9a51-3a3f1d3c0a01
35d0252b-0ecf-4226-8af9-98d1f20f754b,INV-001938,4832fb5e-4ab4-4e84-b8c7-0a91b58adb38,60b05c58-3d31-4386-9ee5-26ba0b5eee4b,dff4cc91-3164-4c14-b1a0-051f0acae683,account,ce177b4e-0837-48a3-9261-a7ab3aa2e4f9,2025-07-26T13:13:00Z,2025-07-26,21865284000,100000000,2025-07-24T13:13:00Z,2,100001,7f5b6f7e-1c2d-4a4e-9a51-3a3f1d3c0a01
e6f084ff-8fe6-4bcc-97a5-9f88b479092e,INV-001939,a58b29a9-9f69-49fe-9748-2e6026689198,5e203e03-e02e-474e-b88c-57b8c79f5ff5,dff4cc91-3164-4c14-b1a0-051f0acae683,account,ce177b4e-0837-48a3-9261-a7ab3aa2e4f9,2025-09-13T10:53:00Z,2025-09-13,98247108000,100000000,2025-09-10T10:53:00Z,2,100001,7f5b6f7e-1c2d-4a4e-9a51-3a3f1d3c0a01
4c694206-ef25-43a1-b8ef-060446c51bc8,INV-001940,1622aacb-7f41-4c6c-970d-184d6112b350,f7ead754-47ff-4736-925e-12d7d7a31f89,dff4cc91-3164-4c14-b1a0-051f0acae683,account,ce177b4e-0837-48a3-9261-a7ab3aa2e4f9,2025-09-22T08:30:00Z,2025-09-22,57886573000,100000000,2025-09-22T08:30:00Z,2,100001,7f5b6f7e-1c2d-4a4e-9a51-3a3f1d3c0a01
306882ae-f06e-424e-8b67-f679b9083465,INV-001941,beb5b7a7-e410-4d57-9270-6047c43b0b66,c51c28bb-54cb-46bd-af21-2b9b24d1f767,dff4cc91-3164-4c14-b1a0-051f0acae683,account,ce177b4e-0837-48a3-9261-a7ab3aa2e4f9,2025-09-15T06:55:00Z,2025-09-15,55161603000,100000000,2025-09-15T06:55:00Z,2,100001,7f5b6f7e-1c2d-4a4e-9a51-3a3f1d3c0a01
88207c9e-8b31-4227-a7b8-b63f4aa8239d,INV-001942,1cced7c2-da9b-421d-8f2f-7cefdf72c64d,878c1527-35cd-4dde-97e2-bbe6d54f0631,dff4cc91-3164-4c14-b1a0-051f0acae683,account,ce177b4e-0837-48a3-9261-a7ab3aa2e4f9,2026-03-23T10:20:00Z,2026-03-23,31948986000,100000000,2026-03-20T10:20:00Z,2,100001,7f5b6f7e-1c2d-4a4e-9a51-3a3f1d3c0a01
30be95c6-2867-4ed9-a0d3-ec2d9365c66f,INV-001943,201a2192-f782-4147-880e-69167d6c4a39,7f377f04-3f23-41f9-8a8b-8a0664dc03ed,dff4cc91-3164-4c14-b1a0-051f0acae683,account,ce177b4e-0837-48a3-9261-a7ab3aa2e4f9,2026-05-24T10:15:00Z,2026-05-24,40181140000,100000000,2026-05-23T10:15:00Z,2,100001,7f5b6f7e-1c2d-4a4e-9a51-3a3f1d3c0a01
463eed46-8bd3-4c0d-8b57-698ef2f304d7,INV-001944,a19e44fe-0217-4954-8875-b7c36108f9d7,30feb983-78f6-4bc1-94ea-8595a5ac71d5,dff4cc91-3164-4c14-b1a0-051f0acae683,account,ce177b4e-0837-48a3-9261-a7ab3aa2e4f9,2026-06-25T10:06:00Z,2026-06-25,29138026000,100000000,2026-06-23T10:06:00Z,2,100001,7f5b6f7e-1c2d-4a4e-9a51-3a3f1d3c0a01
d6ea07f6-9a45-4786-86af-a6f9b20cb03e,INV-001945,851733b3-16d4-494e-85e1-43ab310b314b,d8bcc4b6-3210-4eb5-bfc4-4197471da1fe,79150e99-8ed3-4834-bd72-1fc205e0c019,account,beb79919-3f22-4af8-a3be-d01d43cf2fde,2025-04-12T08:51:00Z,2025-04-12,90327734000,100000000,2025-04-10T08:51:00Z,2,100001,7f5b6f7e-1c2d-4a4e-9a51-3a3f1d3c0a01
a8add90c-d31b-400e-a056-93c12ffe6d30,INV-001946,09ab7829-e6ea-40cc-b2e8-023667a6b83b,af2a5803-8c1f-4262-a179-d34e779d2750,79150e99-8ed3-4834-bd72-1fc205e0c019,account,beb79919-3f22-4af8-a3be-d01d43cf2fde,2025-04-12T08:48:00Z,2025-04-12,38720257000,100000000,2025-04-12T08:48:00Z,2,100001,7f5b6f7e-1c2d-4a4e-9a51-3a3f1d3c0a01
699d203b-88be-4c9a-b347-d8d2b2343c90,INV-001947,15df8ed7-0846-4ad9-a0bb-14d2ccfd4146,b709a198-72d6-47d2-8aad-609fc8d4b564,c1cb8d69-8fa7-4dec-a5a6-1a06a8422325,account,5304317f-af42-412f-b838-b3268e944239,2025-08-31T04:36:00Z,2025-08-31,11718610000,100000000,2025-08-29T04:36:00Z,2,100001,7f5b6f7e-1c2d-4a4e-9a51-3a3f1d3c0a01
6363ddec-6730-40f9-9482-e1b4852de42c,INV-001948,054bbfd4-0fb8-4f1c-ba6a-11dd63855929,4e5dc22a-d907-4dba-aaf3-8193211cc2c3,c1cb8d69-8fa7-4dec-a5a6-1a06a8422325,account,5304317f-af42-412f-b838-b3268e944239,2025-08-26T09:35:00Z,2025-08-26,5777052000,100000000,2025-08-26T09:35:00Z,2,100001,7f5b6f7e-1c2d-4a4e-9a51-3a3f1d3c0a01
74cd4e65-f2c9-4411-bc7b-104aa6d51f82,INV-001949,6e452dd8-fc46-4190-8a73-4225e2e4f74d,8a534857-c19c-4c85-ba5f-b36af8bf6f1c,293572d3-fb63-43cb-8c35-bf2dec4fa141,account,10f1bc81-448a-4a9e-a6b2-bc5b50c187fc,2025-07-05T07:43:00Z,2025-08-04,100094019000,1,2025-08-07T04:38:00Z,2,100001,7f5b6f7e-1c2d-4a4e-9a51-3a3f1d3c0a01
24af053b-8953-4c01-a81f-e4d84e40fb13,INV-001950,df792d40-5587-4c51-a275-640c94b8976e,f2615da9-0b8d-48a9-ad8f-f78b9492862d,293572d3-fb63-43cb-8c35-bf2dec4fa141,account,10f1bc81-448a-4a9e-a6b2-bc5b50c187fc,2025-08-21T07:44:00Z,2025-09-20,133207928000,1,2025-10-12T12:27:00Z,2,100001,7f5b6f7e-1c2d-4a4e-9a51-3a3f1d3c0a01
16b12550-cd75-4395-9000-94471e4dabac,INV-001951,cf32a51e-762d-4153-a2c7-7bff714ee12d,8bb7bce6-65e1-4026-b115-c40be76b4f6b,293572d3-fb63-43cb-8c35-bf2dec4fa141,account,10f1bc81-448a-4a9e-a6b2-bc5b50c187fc,2025-11-10T06:38:00Z,2025-12-10,86454866000,1,2025-12-15T11:10:00Z,2,100001,7f5b6f7e-1c2d-4a4e-9a51-3a3f1d3c0a01
a7852abd-30bb-472d-97fd-431cede8d181,INV-001952,895ed74b-0c94-4452-bc2d-1046c59a8f0b,4f5e98e5-8660-42cc-9c3a-fd1c7237af0a,293572d3-fb63-43cb-8c35-bf2dec4fa141,account,10f1bc81-448a-4a9e-a6b2-bc5b50c187fc,2025-12-18T08:05:00Z,2026-01-17,43730429000,1,2026-01-18T09:23:00Z,2,100001,7f5b6f7e-1c2d-4a4e-9a51-3a3f1d3c0a01
6487e485-fd65-4280-a92d-b3baf6612cb6,INV-001953,b5f2d67b-840e-43e7-b8ea-299e3df30a23,64fe1cb1-2a1a-4c91-886c-c47bbaa74f05,293572d3-fb63-43cb-8c35-bf2dec4fa141,account,10f1bc81-448a-4a9e-a6b2-bc5b50c187fc,2026-04-07T07:54:00Z,2026-05-07,75555377000,1,2026-05-04T07:49:00Z,2,100001,7f5b6f7e-1c2d-4a4e-9a51-3a3f1d3c0a01
92c2b09e-87c4-4045-bd1f-6e643a4fff9e,INV-001954,fdcdabbc-178f-4f23-a931-7d6c5a099ef7,3f78f967-ff1b-4428-8547-6ee68c885633,8a5abc61-9924-45ee-bc8a-fb1dba99267e,account,e27a984d-6548-41d0-bfcd-9eb1a7cad415,2025-06-11T09:36:00Z,2025-09-09,21100345000,100000001,2025-09-06T08:41:00Z,2,100001,7f5b6f7e-1c2d-4a4e-9a51-3a3f1d3c0a01
232db160-6bc3-48cb-a89c-0fc283d69795,INV-001955,32edc198-8e1e-45ab-92cf-efabba60260e,d517e114-ba0b-4f4a-a72f-dd50a7c784f4,8a5abc61-9924-45ee-bc8a-fb1dba99267e,account,e27a984d-6548-41d0-bfcd-9eb1a7cad415,2026-02-02T10:26:00Z,2026-05-03,17087710000,100000001,,0,4,7f5b6f7e-1c2d-4a4e-9a51-3a3f1d3c0a01
814cb87e-95c2-4503-b4eb-685cda11dd97,INV-001956,9de8d64f-afe2-4f19-8af3-afb011720272,23adb501-0271-4b1b-b828-835505231c22,8a5abc61-9924-45ee-bc8a-fb1dba99267e,account,e27a984d-6548-41d0-bfcd-9eb1a7cad415,2026-01-19T13:25:00Z,2026-04-19,38657862000,100000001,2026-04-25T12:40:00Z,2,100001,7f5b6f7e-1c2d-4a4e-9a51-3a3f1d3c0a01
74a82041-4caf-4845-878f-f602988e4fc9,INV-001957,c8c216e6-0f6f-4001-a86e-232116a18426,ebed46f5-3002-44cd-9a1e-78ba7c41bdc7,8a5abc61-9924-45ee-bc8a-fb1dba99267e,account,e27a984d-6548-41d0-bfcd-9eb1a7cad415,2026-06-16T05:42:00Z,2026-09-14,87509990000,100000001,,0,4,7f5b6f7e-1c2d-4a4e-9a51-3a3f1d3c0a01
85872700-267f-4ed5-ac51-e2ffd30dacf2,INV-001958,240b569f-e6b3-4b83-9193-91f2443725c6,847c6342-f919-4577-a77e-82757c2fac6f,9d470a35-c816-4c27-bc3c-4c2fa40e0199,account,24933b83-7577-40a9-a491-f0b2ea1fca65,2025-08-10T12:12:00Z,2025-10-09,23418445000,4,2025-10-07T06:47:00Z,2,100001,7f5b6f7e-1c2d-4a4e-9a51-3a3f1d3c0a01
97f36525-9667-4669-a034-a739664e6f38,INV-001959,5fc49ae0-1ee0-47b0-bb48-ba5a5235cc56,75d3263b-592e-48f0-98e9-88c69adcdfaa,9d470a35-c816-4c27-bc3c-4c2fa40e0199,account,24933b83-7577-40a9-a491-f0b2ea1fca65,2025-11-05T09:42:00Z,2026-01-04,39369119000,4,2026-01-01T09:36:00Z,2,100001,7f5b6f7e-1c2d-4a4e-9a51-3a3f1d3c0a01
d1a468ee-06b7-43ea-8b2c-dfef2b79d2af,INV-001960,f732a62d-6083-4812-9bde-cfe517d9a6db,a0b919bf-c62a-4de7-8e9a-de80015d82e9,f0c46591-b2d9-45fa-849e-e02aeea28810,account,5304317f-af42-412f-b838-b3268e944239,2025-12-20T07:10:00Z,2026-01-19,38165117000,1,2026-01-18T10:14:00Z,2,100001,7f5b6f7e-1c2d-4a4e-9a51-3a3f1d3c0a01
f9b062e2-e6fb-4b7b-b3ad-64123cf50de9,INV-001961,0966d62e-0cb1-4acb-a821-3c4d8166f8a1,cd070134-afb9-4144-bf0b-2768b059c794,2c9c763b-e454-4286-9dd9-76469d892032,account,ce177b4e-0837-48a3-9261-a7ab3aa2e4f9,2025-07-13T06:01:00Z,2025-07-13,33683763000,100000000,2025-07-13T06:01:00Z,2,100001,7f5b6f7e-1c2d-4a4e-9a51-3a3f1d3c0a01
5480636e-3a49-4aa4-85ab-64a49a072319,INV-001962,ac759d95-5e43-4a00-9896-13e7541e754c,300451ea-6e80-44bf-9bb0-772f30b43a31,2c9c763b-e454-4286-9dd9-76469d892032,account,ce177b4e-0837-48a3-9261-a7ab3aa2e4f9,2025-07-09T13:01:00Z,2025-07-09,48958383000,100000000,2025-07-06T13:01:00Z,2,100001,7f5b6f7e-1c2d-4a4e-9a51-3a3f1d3c0a01
1f368f8f-c68f-436d-af76-26a6d2502591,INV-001963,19792a02-6a63-4e96-a3b6-4b24a84f9527,03e32b31-a14c-4638-b6d9-d4b07826b08f,2c9c763b-e454-4286-9dd9-76469d892032,account,ce177b4e-0837-48a3-9261-a7ab3aa2e4f9,2025-07-06T13:14:00Z,2025-07-06,50108799000,100000000,2025-07-06T13:14:00Z,2,100001,7f5b6f7e-1c2d-4a4e-9a51-3a3f1d3c0a01
1a8bae7b-110b-4b47-99fe-e15907fa5590,INV-001964,c5274fed-8e33-4a17-a8fb-606ff8b119d7,d95ac68c-0a46-45b5-acea-4346296d58b2,2c9c763b-e454-4286-9dd9-76469d892032,account,ce177b4e-0837-48a3-9261-a7ab3aa2e4f9,2025-08-17T06:04:00Z,2025-08-17,66099945000,100000000,2025-08-14T06:04:00Z,2,100001,7f5b6f7e-1c2d-4a4e-9a51-3a3f1d3c0a01
5cea74a4-b5fc-4f5e-a4df-12d203d0c064,INV-001965,17b13c9d-d8cb-4a27-98c5-a0a455fd7c32,a0751034-6daf-42d8-a01a-16193441b3dc,2c9c763b-e454-4286-9dd9-76469d892032,account,ce177b4e-0837-48a3-9261-a7ab3aa2e4f9,2025-09-15T06:02:00Z,2025-09-15,51655836000,100000000,2025-09-12T06:02:00Z,2,100001,7f5b6f7e-1c2d-4a4e-9a51-3a3f1d3c0a01
d1d24f3c-d832-4dc3-be7e-78b940448d22,INV-001966,9e1adf92-18a2-4c76-b8a3-ccb843e2a542,8188dcfe-97d4-4832-bb67-068199bf8365,2c9c763b-e454-4286-9dd9-76469d892032,account,ce177b4e-0837-48a3-9261-a7ab3aa2e4f9,2025-08-21T12:41:00Z,2025-08-21,77513972000,100000000,2025-08-20T12:41:00Z,2,100001,7f5b6f7e-1c2d-4a4e-9a51-3a3f1d3c0a01
4a594a76-82d5-45b1-8341-a5bca7ab7d6c,INV-001967,ac79dfe1-1120-4ab3-94c7-fc453610b6c1,7eb43c53-1bde-4292-9a2f-0a098129e4aa,2c9c763b-e454-4286-9dd9-76469d892032,account,ce177b4e-0837-48a3-9261-a7ab3aa2e4f9,2026-02-28T11:37:00Z,2026-02-28,71239404000,100000000,2026-02-27T11:37:00Z,2,100001,7f5b6f7e-1c2d-4a4e-9a51-3a3f1d3c0a01
c73b057a-4e02-4f36-bcd4-35079a730795,INV-001968,55407b24-a089-460a-94d2-be3443748dbd,e8f482e5-254e-4f18-9dbf-ceae558e8724,2c9c763b-e454-4286-9dd9-76469d892032,account,ce177b4e-0837-48a3-9261-a7ab3aa2e4f9,2026-05-14T06:28:00Z,2026-05-14,136827147000,100000000,2026-05-12T06:28:00Z,2,100001,7f5b6f7e-1c2d-4a4e-9a51-3a3f1d3c0a01
97e9836a-0da2-4e29-8737-b3f58c646665,INV-001969,15e42ebf-44b0-41e9-8ca5-f42c512a47c0,056b93b2-dd8c-4e28-8b46-38d117ab9f1a,c6e4472d-983a-4d16-ba66-f439ee62af25,account,ce177b4e-0837-48a3-9261-a7ab3aa2e4f9,2025-09-10T08:31:00Z,2025-10-10,35447730000,1,2025-10-09T04:44:00Z,2,100001,7f5b6f7e-1c2d-4a4e-9a51-3a3f1d3c0a01
aeafb2a0-c9d3-4d85-b20b-89a39c86ef65,INV-001970,10d04465-2b80-45d4-8708-a12425ebcd27,73129783-eb81-41b0-a3ba-12d83920d788,c6e4472d-983a-4d16-ba66-f439ee62af25,account,ce177b4e-0837-48a3-9261-a7ab3aa2e4f9,2026-02-15T06:19:00Z,2026-03-17,131208954000,1,2026-03-21T09:54:00Z,2,100001,7f5b6f7e-1c2d-4a4e-9a51-3a3f1d3c0a01
621095b0-7545-4ddd-aac4-e05457fb20ff,INV-001971,414a8bdc-9154-4a53-bfff-a7522d213d1f,872b199e-5b08-4485-a68e-6f2a6bf99e14,c6e4472d-983a-4d16-ba66-f439ee62af25,account,ce177b4e-0837-48a3-9261-a7ab3aa2e4f9,2026-02-28T09:54:00Z,2026-03-30,138546619000,1,2026-03-28T05:26:00Z,2,100001,7f5b6f7e-1c2d-4a4e-9a51-3a3f1d3c0a01
d2e73214-0df8-47ae-b020-43f6c3a7382d,INV-001972,54ad96d5-a026-43fa-989d-8ffecf1efe35,f85b7194-832e-405c-a970-1a2771147290,c6e4472d-983a-4d16-ba66-f439ee62af25,account,ce177b4e-0837-48a3-9261-a7ab3aa2e4f9,2026-06-22T11:41:00Z,2026-07-22,68013138000,1,,0,4,7f5b6f7e-1c2d-4a4e-9a51-3a3f1d3c0a01
81eeab38-3e31-45c5-a1d3-a0102eeecf75,INV-001973,ffb89e4a-ee8b-4307-9426-d3fe0ac59fd2,ceab0d50-18fc-468c-a240-4713ecbff6e7,244a603e-156e-47f8-8af0-cf0c596b0c6f,account,e27a984d-6548-41d0-bfcd-9eb1a7cad415,2025-09-30T09:14:00Z,2025-09-30,29256308000,100000000,2025-09-27T09:14:00Z,2,100001,7f5b6f7e-1c2d-4a4e-9a51-3a3f1d3c0a01
bbb7a1f6-6716-4b99-a96a-c2b7902a2366,INV-001974,27cdae0e-20c0-435f-87ae-a88c10fbd3b1,0f719fea-3dd4-4055-a6f0-0c8af0e33b82,244a603e-156e-47f8-8af0-cf0c596b0c6f,account,e27a984d-6548-41d0-bfcd-9eb1a7cad415,2025-09-22T05:10:00Z,2025-09-22,18606413000,100000000,2025-09-19T05:10:00Z,2,100001,7f5b6f7e-1c2d-4a4e-9a51-3a3f1d3c0a01
2e64310b-342b-4c16-94f4-42be01825907,INV-001975,789493b5-2415-4dbb-bc7d-4c86c41c2800,89aa1a59-3108-4392-9ecb-1466727dba1a,244a603e-156e-47f8-8af0-cf0c596b0c6f,account,e27a984d-6548-41d0-bfcd-9eb1a7cad415,2025-09-10T11:45:00Z,2025-09-10,96535663000,100000000,2025-09-08T11:45:00Z,2,100001,7f5b6f7e-1c2d-4a4e-9a51-3a3f1d3c0a01
475e9966-ecc8-45ce-ad14-7b085f4c9a34,INV-001976,854ed35e-7624-4ea1-bf66-443c16a3fb64,ba7b6aaa-7d88-41b0-ad09-28bccc4cc803,244a603e-156e-47f8-8af0-cf0c596b0c6f,account,e27a984d-6548-41d0-bfcd-9eb1a7cad415,2026-03-02T12:10:00Z,2026-03-02,38609847000,100000000,2026-03-02T12:10:00Z,2,100001,7f5b6f7e-1c2d-4a4e-9a51-3a3f1d3c0a01
8261d68c-8d5a-4b8b-b37e-3f3cdfbf0fef,INV-001977,5dac5d5f-a272-4d72-8226-c03da98aba9c,06c224b9-8fb8-4ab4-8009-bd9dcba9d45a,f4de6a69-6494-446a-bf00-5dab4a490f80,account,b02b61c4-a3d7-4628-ace6-6fa2fd5166e6,2026-02-24T09:01:00Z,2026-04-25,20167922000,4,,0,4,7f5b6f7e-1c2d-4a4e-9a51-3a3f1d3c0a01
4a32d188-b356-45db-8327-170872c6f069,INV-001978,430c9e01-775f-4369-9ead-99db1ed6b1ce,770fe671-e972-43f2-aea3-586a02d88d87,59cb1e01-8a40-45cd-9597-b5085bed5760,account,9132b63e-f162-47e4-a9c3-49e03602f8ac,2026-05-30T05:30:00Z,2026-06-29,29937763000,1,,0,4,7f5b6f7e-1c2d-4a4e-9a51-3a3f1d3c0a01
df2ed047-144e-4b00-96ad-d0998a4ce170,INV-001979,f090a072-ed6e-4d7d-9ac8-cad6c79e5f5d,0cd82ad9-20ff-4f5f-a5ef-6ccb957e40ec,b5ef1ee6-7ff3-44b9-b69f-a399e1bfff1a,account,9132b63e-f162-47e4-a9c3-49e03602f8ac,2026-05-10T05:46:00Z,2026-07-09,13999434000,4,,0,4,7f5b6f7e-1c2d-4a4e-9a51-3a3f1d3c0a01
86545db5-b658-4545-b82b-16cc8b562578,INV-001980,8bedc652-853d-4926-b852-c96ba1a84f12,d83f80f0-25bf-43eb-b7fa-c3db9d0c4501,c2c76cf4-91fd-42b9-b2d9-c2b7416a4f9f,account,0e51f30d-c6a7-4e39-84b0-32ccd7c524a5,2026-05-11T10:29:00Z,2026-05-11,24276103000,100000000,2026-05-11T10:29:00Z,2,100001,7f5b6f7e-1c2d-4a4e-9a51-3a3f1d3c0a01
2f1dcbac-fa6f-49d0-8551-8c4337ca67e4,INV-001981,7d5f5eff-ed17-4620-a3bf-72c1b732e130,7b40fa5e-3a94-4c86-aead-580ec51e522e,087df61d-21e4-47e7-b856-fcb38b27036b,account,e27a984d-6548-41d0-bfcd-9eb1a7cad415,2026-02-21T09:52:00Z,2026-02-21,26399182000,100000000,2026-02-19T09:52:00Z,2,100001,7f5b6f7e-1c2d-4a4e-9a51-3a3f1d3c0a01
49a5dec7-dfce-4aed-a577-09bd347caa0c,INV-001982,81cfb75c-15d5-4cfc-9e3e-dadffcba7a4a,6d0c0507-ee7d-4181-8052-d416e298c3ea,087df61d-21e4-47e7-b856-fcb38b27036b,account,e27a984d-6548-41d0-bfcd-9eb1a7cad415,2026-06-22T07:49:00Z,2026-06-22,8574534000,100000000,2026-06-19T07:49:00Z,2,100001,7f5b6f7e-1c2d-4a4e-9a51-3a3f1d3c0a01
3e8d4227-690f-42f7-a1b7-5a0aec84a555,INV-001983,fa6aa342-be41-4fa8-a262-aa7447244244,098597d3-bcd1-4bc9-98f4-3a850b6afd82,8400bf6e-32c2-468c-973d-c559122beb5e,account,b02b61c4-a3d7-4628-ace6-6fa2fd5166e6,2026-05-09T13:05:00Z,2026-07-08,62158173000,4,,0,4,7f5b6f7e-1c2d-4a4e-9a51-3a3f1d3c0a01
75c0148e-e1e1-404b-adae-369e7ac154b4,INV-001984,9791855a-a857-4a4e-87f7-da7f693e43ce,e9d49297-c6d1-419c-9811-383ff9af7a7d,8400bf6e-32c2-468c-973d-c559122beb5e,account,b02b61c4-a3d7-4628-ace6-6fa2fd5166e6,2026-06-07T05:44:00Z,2026-08-06,65043727000,4,,0,4,7f5b6f7e-1c2d-4a4e-9a51-3a3f1d3c0a01
b80ff956-6a0f-4509-aeb1-238e0f14e49c,INV-001985,2af95850-e6f6-4d52-9546-83a5d8005837,36ca96d6-0cc4-4aba-a811-2ecb997dc6ae,8400bf6e-32c2-468c-973d-c559122beb5e,account,b02b61c4-a3d7-4628-ace6-6fa2fd5166e6,2026-06-13T08:47:00Z,2026-08-12,44759724000,4,,0,4,7f5b6f7e-1c2d-4a4e-9a51-3a3f1d3c0a01
aec95ee1-31a7-43f0-ba1d-1e22e6254451,INV-001986,777941cb-c9fd-4b9d-abdd-04cfe4f6e6c5,5870298c-3620-4014-bea7-e3d3c8c40462,474cd1a1-b60f-4d69-9d05-0f7045cb86d6,account,ce177b4e-0837-48a3-9261-a7ab3aa2e4f9,2026-04-01T06:19:00Z,2026-05-01,30418863000,1,2026-04-29T06:35:00Z,2,100001,7f5b6f7e-1c2d-4a4e-9a51-3a3f1d3c0a01
bdefe18e-d5bd-48ed-b192-819f37313c84,INV-001987,3af38235-c820-460e-9680-708574c98527,4f090510-1ac8-4bdc-ba84-7a8371371ef8,cca8f708-df77-41cc-85d1-cfbdd2ec8e7a,account,beb79919-3f22-4af8-a3be-d01d43cf2fde,2026-06-27T10:57:00Z,2026-06-27,109579337000,100000000,2026-06-25T10:57:00Z,2,100001,7f5b6f7e-1c2d-4a4e-9a51-3a3f1d3c0a01
e1369232-7dae-47b4-9915-c1376cfd66b6,INV-001988,431792c9-1ede-41da-ad85-4b88352845e1,8c17fb33-a4d0-4f58-95c2-d06eae8b2bfe,7a9ede9d-af6c-4716-8453-2d47f5a0cc24,account,24933b83-7577-40a9-a491-f0b2ea1fca65,2026-03-11T09:34:00Z,2026-04-10,24368002000,1,2026-04-18T05:39:00Z,2,100001,7f5b6f7e-1c2d-4a4e-9a51-3a3f1d3c0a01
a93105cf-4534-4394-9046-26a7652e3e95,INV-001989,93fb5ceb-252c-485f-9fdf-5fa7475b516c,42db439e-0ab8-48d3-a3c4-8dd57c56cfff,17158cbe-342b-4225-9873-7a1d4d6d1f82,account,10f1bc81-448a-4a9e-a6b2-bc5b50c187fc,2024-12-12T07:03:00Z,2025-02-10,79335391000,4,2025-02-09T12:46:00Z,2,100001,7f5b6f7e-1c2d-4a4e-9a51-3a3f1d3c0a01
2960a254-44bd-43ad-99cf-4e7c128b8799,INV-001990,02a623e3-abd8-4101-a3dc-7c151498938d,684e1410-3ee5-451c-aafe-8591827e60bf,17158cbe-342b-4225-9873-7a1d4d6d1f82,account,10f1bc81-448a-4a9e-a6b2-bc5b50c187fc,2025-05-03T08:00:00Z,2025-07-02,38954018000,4,2025-07-01T11:34:00Z,2,100001,7f5b6f7e-1c2d-4a4e-9a51-3a3f1d3c0a01
48e9e5ab-ff97-4b1e-8167-59097f40eea3,INV-001991,ed322b44-48c6-41ee-8dbd-b7ece0fac360,802c2fdb-0156-4e6c-8a3d-c62454beef2c,17158cbe-342b-4225-9873-7a1d4d6d1f82,account,10f1bc81-448a-4a9e-a6b2-bc5b50c187fc,2025-12-10T06:50:00Z,2026-02-08,34485966000,4,2026-03-24T05:59:00Z,2,100001,7f5b6f7e-1c2d-4a4e-9a51-3a3f1d3c0a01
543c5ad6-6f16-4e7b-b926-673cc5d8d0bb,INV-001992,bda652d8-69ff-49b6-a740-f13fef1b4208,31e60480-cec5-4c59-aaa8-389500d1845d,17158cbe-342b-4225-9873-7a1d4d6d1f82,account,10f1bc81-448a-4a9e-a6b2-bc5b50c187fc,2026-06-29T11:38:00Z,2026-08-28,28167052000,4,,0,4,7f5b6f7e-1c2d-4a4e-9a51-3a3f1d3c0a01
0c0222a2-4634-4b1f-822c-b31e325a8c61,INV-001993,2a93fed7-4531-4604-a649-3b3fcd0c8e67,9aa4dc3b-f546-4b9f-9ac3-a93fd3dd19b2,c0d4173b-aa58-40e6-86ef-a55196d0ae38,account,5304317f-af42-412f-b838-b3268e944239,2024-11-17T11:19:00Z,2025-02-15,16799595000,100000001,2025-02-15T07:28:00Z,2,100001,7f5b6f7e-1c2d-4a4e-9a51-3a3f1d3c0a01
5884dc67-0745-48ab-8509-0bf6111309b2,INV-001994,3a1938c0-62f4-40cb-b640-468fc5d89194,a55da67f-cefd-4e0e-84ba-8d63b970769c,c0d4173b-aa58-40e6-86ef-a55196d0ae38,account,5304317f-af42-412f-b838-b3268e944239,2025-03-23T05:30:00Z,2025-06-21,11217624000,100000001,2025-06-21T05:35:00Z,2,100001,7f5b6f7e-1c2d-4a4e-9a51-3a3f1d3c0a01
2a7fbcc8-d7b5-42bc-859e-67717e7d6cbd,INV-001995,9dd39aa9-c5d0-4e49-b40a-dfefaaa92f82,9e6b8faf-e7dd-407a-816e-fed65dcd340e,c0d4173b-aa58-40e6-86ef-a55196d0ae38,account,5304317f-af42-412f-b838-b3268e944239,2025-08-05T04:59:00Z,2025-11-03,19578073000,100000001,2025-11-01T10:56:00Z,2,100001,7f5b6f7e-1c2d-4a4e-9a51-3a3f1d3c0a01
47edcb41-5021-4110-bbc7-f68614390c65,INV-001996,8714716b-f6b9-49e6-be6b-2e2aa50c1c3a,0a3810d1-091a-4b3c-9430-cd29a37e8be4,c0d4173b-aa58-40e6-86ef-a55196d0ae38,account,5304317f-af42-412f-b838-b3268e944239,2025-12-03T04:30:00Z,2026-03-03,31962620000,100000001,2026-06-14T13:28:00Z,2,100001,7f5b6f7e-1c2d-4a4e-9a51-3a3f1d3c0a01
bffc5474-801b-44ca-92df-f4786f192878,INV-001997,e930f348-e5bb-41db-a22a-e9778151354b,71011f36-f795-4ea8-9c7b-eb67fbd194b8,d4f10cf9-f12e-43a3-ae77-54d24c4b6f67,account,e27a984d-6548-41d0-bfcd-9eb1a7cad415,2025-08-06T10:30:00Z,2025-10-05,13158561000,4,2026-04-11T07:13:00Z,2,100001,7f5b6f7e-1c2d-4a4e-9a51-3a3f1d3c0a01
20ac8aa0-728f-4939-9559-e5702d08e83f,INV-001998,fe92d3c3-c002-4150-97f6-d7cf6a0434e2,d1eba380-12a7-43d9-bfe6-e68694a2314b,d4f10cf9-f12e-43a3-ae77-54d24c4b6f67,account,e27a984d-6548-41d0-bfcd-9eb1a7cad415,2025-10-23T08:02:00Z,2025-12-22,18000855000,4,2026-02-05T04:38:00Z,2,100001,7f5b6f7e-1c2d-4a4e-9a51-3a3f1d3c0a01
1afb1621-6d11-4308-b259-4dc9459732b8,INV-001999,b749de6b-da49-42d7-a406-3c79fc19cd37,b9f421bd-371f-492a-bdb6-865b6a272954,c7d4f9ba-cf77-45c0-940b-86685d7b783f,account,24933b83-7577-40a9-a491-f0b2ea1fca65,2024-12-03T10:52:00Z,2024-12-03,10816770000,100000000,2024-12-01T10:52:00Z,2,100001,7f5b6f7e-1c2d-4a4e-9a51-3a3f1d3c0a01
8efdd64c-0612-4ab2-ae1c-9bea6182e30f,INV-002000,352bc56c-6df0-4535-b945-03b9ad92de57,a27d1507-d74e-4f0e-9504-252359271f97,c7d4f9ba-cf77-45c0-940b-86685d7b783f,account,24933b83-7577-40a9-a491-f0b2ea1fca65,2025-08-19T05:43:00Z,2025-08-19,17250782000,100000000,2025-08-19T05:43:00Z,2,100001,7f5b6f7e-1c2d-4a4e-9a51-3a3f1d3c0a01
b0f94ada-cabc-4bf1-89a1-01f8a0fd0e77,INV-002001,ea3cd43c-7aca-42c8-a641-ebf4f3280549,bdf67912-3f91-4e4b-a40a-4584cccfdb0e,c7d4f9ba-cf77-45c0-940b-86685d7b783f,account,24933b83-7577-40a9-a491-f0b2ea1fca65,2025-11-13T11:24:00Z,2025-11-13,32478939000,100000000,2025-11-12T11:24:00Z,2,100001,7f5b6f7e-1c2d-4a4e-9a51-3a3f1d3c0a01
808e24cb-4d8a-47b7-a735-3e196b0fb3b9,INV-002002,0358bbf9-af39-4eae-8225-fc722d73cb54,5b69c697-df07-46e2-a67f-34279227a7e0,c7d4f9ba-cf77-45c0-940b-86685d7b783f,account,24933b83-7577-40a9-a491-f0b2ea1fca65,2026-03-02T09:16:00Z,2026-03-02,17141907000,100000000,2026-03-02T09:16:00Z,2,100001,7f5b6f7e-1c2d-4a4e-9a51-3a3f1d3c0a01
eb24a407-41f9-430e-a1e9-da38f213671c,INV-002003,d5b63ccf-e8de-4ef2-923f-92fb2f558aca,bcfc0df7-17ad-4daf-85ea-b96dc58b7bde,c7d4f9ba-cf77-45c0-940b-86685d7b783f,account,24933b83-7577-40a9-a491-f0b2ea1fca65,2026-02-21T09:56:00Z,2026-02-21,18457034000,100000000,2026-02-18T09:56:00Z,2,100001,7f5b6f7e-1c2d-4a4e-9a51-3a3f1d3c0a01
75d858a1-f173-408c-b800-4d7ab1b5e19e,INV-002004,2ff116fb-e5d9-4b2c-893c-fcb901ae5a36,4ec0494e-6b2d-449c-9ec0-21a023bce030,512896b9-d1a8-470a-afba-959b5ff1e393,account,366eb16f-508e-4ad7-b7c9-3acfe059a0ee,2025-04-21T09:24:00Z,2025-04-21,30690340000,100000000,2025-04-18T09:24:00Z,2,100001,7f5b6f7e-1c2d-4a4e-9a51-3a3f1d3c0a01
5efa518b-2608-464b-a1b6-a596b659215f,INV-002005,bed5013f-a056-43fa-a361-b33752e03b12,7e48624e-74fe-4e76-b9d2-da8c31eb5f8c,512896b9-d1a8-470a-afba-959b5ff1e393,account,366eb16f-508e-4ad7-b7c9-3acfe059a0ee,2025-07-16T05:22:00Z,2025-07-16,79720839000,100000000,2025-07-16T05:22:00Z,2,100001,7f5b6f7e-1c2d-4a4e-9a51-3a3f1d3c0a01
0cea5592-b47a-4916-a7df-b8f224965e50,INV-002006,6e824c17-a131-4e37-bf4c-aa5fcac5f6d5,94eaf573-428b-4fb9-a62a-a9e38f4cb976,512896b9-d1a8-470a-afba-959b5ff1e393,account,366eb16f-508e-4ad7-b7c9-3acfe059a0ee,2025-11-27T12:28:00Z,2025-11-27,71042748000,100000000,2025-11-26T12:28:00Z,2,100001,7f5b6f7e-1c2d-4a4e-9a51-3a3f1d3c0a01
ac9e07c6-28ea-4baf-ba55-0e239a685542,INV-002007,568a0e58-0406-43c7-83f8-fad1058d2a82,e7d651b4-b6a8-4c40-ade5-e5f93ec85240,512896b9-d1a8-470a-afba-959b5ff1e393,account,366eb16f-508e-4ad7-b7c9-3acfe059a0ee,2025-12-27T10:24:00Z,2025-12-27,41887031000,100000000,2025-12-24T10:24:00Z,2,100001,7f5b6f7e-1c2d-4a4e-9a51-3a3f1d3c0a01
b75a9eda-1303-43b0-bd36-6182499347a5,INV-002008,0f44fbec-1a02-4c0e-bbeb-fbba8e3f8279,4854131c-2680-43e2-bbef-37d64a93e9aa,512896b9-d1a8-470a-afba-959b5ff1e393,account,366eb16f-508e-4ad7-b7c9-3acfe059a0ee,2026-05-09T08:17:00Z,2026-05-09,45514912000,100000000,2026-05-09T08:17:00Z,2,100001,7f5b6f7e-1c2d-4a4e-9a51-3a3f1d3c0a01
f447f0d4-7ee1-4498-a615-39124926a165,INV-002009,088debf8-e37b-459f-a59c-1c56d4109e50,a98cddc6-9fd1-4479-9cf2-9996ad366925,5503b3e2-adc3-4d66-99aa-5d3fe9912230,account,366eb16f-508e-4ad7-b7c9-3acfe059a0ee,2025-07-17T10:07:00Z,2025-08-16,17320563000,1,2025-08-13T13:07:00Z,2,100001,7f5b6f7e-1c2d-4a4e-9a51-3a3f1d3c0a01
503adac2-9f1f-4668-b142-e6a8ae586b29,INV-002010,d01a092e-b00a-47af-9134-6227cf5ac26c,885513d8-788d-4042-ac64-e267d2b7a4cc,5503b3e2-adc3-4d66-99aa-5d3fe9912230,account,366eb16f-508e-4ad7-b7c9-3acfe059a0ee,2025-08-26T08:50:00Z,2025-09-25,7864358000,1,2025-10-12T09:58:00Z,2,100001,7f5b6f7e-1c2d-4a4e-9a51-3a3f1d3c0a01
5eec1f7f-d5a5-44b4-949e-4e0285d245f8,INV-002011,13baaa5a-29e4-48f1-a4ba-535ad800e305,d622e0e7-4343-493e-a791-a10d441688ad,5503b3e2-adc3-4d66-99aa-5d3fe9912230,account,366eb16f-508e-4ad7-b7c9-3acfe059a0ee,2025-09-13T06:39:00Z,2025-10-13,11550283000,1,2025-10-21T09:17:00Z,2,100001,7f5b6f7e-1c2d-4a4e-9a51-3a3f1d3c0a01
be340ce7-de70-4ff7-afb7-1f57cc1472ae,INV-002012,8a6e2bff-3c96-46f7-80f1-213fd565dd71,c75c27c6-8d7c-48b3-9d52-f685c31963a3,5503b3e2-adc3-4d66-99aa-5d3fe9912230,account,366eb16f-508e-4ad7-b7c9-3acfe059a0ee,2025-08-17T10:36:00Z,2025-09-16,4556978000,1,2025-09-20T10:13:00Z,2,100001,7f5b6f7e-1c2d-4a4e-9a51-3a3f1d3c0a01
c8fef3f7-00da-44ea-a1f0-e3452d390920,INV-002013,aad07823-e689-4546-acb7-dbbf1a10950e,8c86fed5-baac-4279-a3ad-dfcd36110597,5503b3e2-adc3-4d66-99aa-5d3fe9912230,account,366eb16f-508e-4ad7-b7c9-3acfe059a0ee,2026-04-09T12:40:00Z,2026-05-09,21679587000,1,2026-05-09T04:30:00Z,2,100001,7f5b6f7e-1c2d-4a4e-9a51-3a3f1d3c0a01
84ccd427-92fc-4bb7-a2d7-530c8883858b,INV-002014,d43a08c8-6aea-4877-a9d7-267c48d12a79,10b6729a-590e-4420-a291-7f976f3085ae,5503b3e2-adc3-4d66-99aa-5d3fe9912230,account,366eb16f-508e-4ad7-b7c9-3acfe059a0ee,2026-06-02T10:17:00Z,2026-07-02,5818490000,1,,0,4,7f5b6f7e-1c2d-4a4e-9a51-3a3f1d3c0a01
03d1923a-022b-4e5e-b60e-a9df174a5ee8,INV-002015,7d0101c9-7028-4b5c-bff4-fa15d6ffd771,c576faba-e468-4c51-95a0-4a402fd8edf9,d5e82907-d66c-4553-92dc-4248f169e2ce,account,5304317f-af42-412f-b838-b3268e944239,2025-03-19T05:34:00Z,2025-03-19,8443444000,100000000,2025-03-17T05:34:00Z,2,100001,7f5b6f7e-1c2d-4a4e-9a51-3a3f1d3c0a01
95bc210b-0a62-4e8a-84ef-f70da754cd41,INV-002016,019830b6-99f4-4c63-84db-cbf83c0ca3f6,099142c8-9760-4c12-af2f-03ae177724dd,d5e82907-d66c-4553-92dc-4248f169e2ce,account,5304317f-af42-412f-b838-b3268e944239,2025-05-18T08:53:00Z,2025-05-18,31351957000,100000000,2025-05-15T08:53:00Z,2,100001,7f5b6f7e-1c2d-4a4e-9a51-3a3f1d3c0a01
35d007c7-b75a-4791-bdfb-9962019f6d75,INV-002017,1d6bb2c5-1c48-433d-8163-16fa7d6ab881,735a90bd-19ce-48b3-8bad-bf51573941c9,d5e82907-d66c-4553-92dc-4248f169e2ce,account,5304317f-af42-412f-b838-b3268e944239,2026-03-01T06:50:00Z,2026-03-01,13915564000,100000000,2026-03-01T06:50:00Z,2,100001,7f5b6f7e-1c2d-4a4e-9a51-3a3f1d3c0a01
7ded1b21-8de9-47bf-b75b-f1720ee3016b,INV-002018,820151e6-9c3f-41c4-91c6-5e2778527019,51c1227b-e03d-48d7-9a53-f54982915f2d,5a4edcb7-ad37-4eb6-84e0-6472e1c60b7b,account,5304317f-af42-412f-b838-b3268e944239,2025-08-03T13:06:00Z,2025-08-03,20165036000,100000000,2025-08-02T13:06:00Z,2,100001,7f5b6f7e-1c2d-4a4e-9a51-3a3f1d3c0a01
c0229fda-07fe-4c5b-ab04-4815a8e34c57,INV-002019,ac3a145b-58ba-49cb-8e40-1544eae7c214,f283504a-841a-452d-bd13-b658cd6fca41,5a4edcb7-ad37-4eb6-84e0-6472e1c60b7b,account,5304317f-af42-412f-b838-b3268e944239,2025-10-14T06:18:00Z,2025-10-14,21291349000,100000000,2025-10-13T06:18:00Z,2,100001,7f5b6f7e-1c2d-4a4e-9a51-3a3f1d3c0a01
580d2bd6-1953-4ae5-b4a2-b5d8c6e40b0d,INV-002020,23da4700-64e5-4438-99f5-19062ddacf27,2abf451b-eb92-4f70-b641-38a837097d2b,5a4edcb7-ad37-4eb6-84e0-6472e1c60b7b,account,5304317f-af42-412f-b838-b3268e944239,2026-04-21T06:22:00Z,2026-04-21,25613091000,100000000,2026-04-19T06:22:00Z,2,100001,7f5b6f7e-1c2d-4a4e-9a51-3a3f1d3c0a01
17793d10-a3af-44fd-8187-db2c438e3a30,INV-002021,2bc95a46-2481-4b21-bf1c-ca73392bd957,aa6e7606-624c-4709-9a30-b8c043b2a926,9b4e4fb0-8008-4255-8392-2b0f9d64f431,account,10f1bc81-448a-4a9e-a6b2-bc5b50c187fc,2025-05-19T07:10:00Z,2025-05-19,11302288000,100000000,2025-05-17T07:10:00Z,2,100001,7f5b6f7e-1c2d-4a4e-9a51-3a3f1d3c0a01
6003fcb0-66ec-4013-860e-c4fcc8ddf099,INV-002022,6ca912ec-ab16-4828-90ca-8cf6edcec95b,00f1e786-fb85-4805-bfce-0317cfdbb79b,9b4e4fb0-8008-4255-8392-2b0f9d64f431,account,10f1bc81-448a-4a9e-a6b2-bc5b50c187fc,2025-12-18T06:17:00Z,2025-12-18,22461112000,100000000,2025-12-16T06:17:00Z,2,100001,7f5b6f7e-1c2d-4a4e-9a51-3a3f1d3c0a01
8daad1cb-8303-4e16-ae2b-6c921efd5f2e,INV-002023,9a5570b9-4e5e-41a1-aa93-05a89235ae56,19a23ca1-849b-4889-b668-95e7c0364302,afe05f6d-66ab-44ad-a4c1-b6ef25896340,account,0e51f30d-c6a7-4e39-84b0-32ccd7c524a5,2025-03-08T13:10:00Z,2025-04-07,31392475000,1,2025-04-06T09:32:00Z,2,100001,7f5b6f7e-1c2d-4a4e-9a51-3a3f1d3c0a01
822cf0f6-357b-418c-b19c-617ba48c156d,INV-002024,cd654d40-a2c0-4ebc-9db2-d06c9d773f71,8e2a3fe9-d7cf-4f48-9c87-b8f2c0d6842b,afe05f6d-66ab-44ad-a4c1-b6ef25896340,account,0e51f30d-c6a7-4e39-84b0-32ccd7c524a5,2025-08-03T07:01:00Z,2025-09-02,28949526000,1,2025-09-14T09:26:00Z,2,100001,7f5b6f7e-1c2d-4a4e-9a51-3a3f1d3c0a01
eb6bcad7-0830-4ddc-be01-4e9599c921b6,INV-002025,6d4eba1f-7752-4eb0-b2a4-d9326ede5aef,8ff97e29-c9b7-4e6c-bef8-0ff0c6dc2d88,afe05f6d-66ab-44ad-a4c1-b6ef25896340,account,0e51f30d-c6a7-4e39-84b0-32ccd7c524a5,2025-07-22T08:19:00Z,2025-08-21,6307487000,1,2025-09-10T07:53:00Z,2,100001,7f5b6f7e-1c2d-4a4e-9a51-3a3f1d3c0a01
94cca85d-9de9-45ce-be6c-4d8cfc4a9e42,INV-002026,85555cb2-7ead-4d32-895d-7662f3548145,3dd07f56-9d00-4981-ad67-85f1b9170297,afe05f6d-66ab-44ad-a4c1-b6ef25896340,account,0e51f30d-c6a7-4e39-84b0-32ccd7c524a5,2025-12-17T08:44:00Z,2026-01-16,13554058000,1,2026-01-15T11:08:00Z,2,100001,7f5b6f7e-1c2d-4a4e-9a51-3a3f1d3c0a01
fd62d44b-d958-4a62-b4bb-7921901cf5ca,INV-002027,61387e34-61e4-449c-b882-4cf62b851bf2,284a06f4-3a47-40fb-a2ad-bd4e9d3e13ab,bca61571-8e26-4057-bf11-97271b2bae11,account,9132b63e-f162-47e4-a9c3-49e03602f8ac,2025-11-09T07:21:00Z,2026-01-08,23966356000,4,2026-01-07T06:10:00Z,2,100001,7f5b6f7e-1c2d-4a4e-9a51-3a3f1d3c0a01
a94e456e-4e1c-49f2-aeb5-ffbf76ebdd96,INV-002028,5bd9e8d7-2d78-4b23-b80d-fba09859ac8d,d7f7bd4b-7608-43ba-9874-68fe5f81dbf0,bca61571-8e26-4057-bf11-97271b2bae11,account,9132b63e-f162-47e4-a9c3-49e03602f8ac,2025-10-20T05:45:00Z,2025-12-19,54144983000,4,2025-12-24T05:42:00Z,2,100001,7f5b6f7e-1c2d-4a4e-9a51-3a3f1d3c0a01
900bfd14-4f76-4abf-a500-d42b489eee41,INV-002029,1ac782ee-6047-4a45-bab0-077acc79dc7b,f115b791-7c93-45a8-85c9-0bd79bbb8a04,bca61571-8e26-4057-bf11-97271b2bae11,account,9132b63e-f162-47e4-a9c3-49e03602f8ac,2026-05-07T12:06:00Z,2026-07-06,37824755000,4,,0,4,7f5b6f7e-1c2d-4a4e-9a51-3a3f1d3c0a01
91c2267b-988b-43af-8a8e-62dd15161fbe,INV-002030,c98cd085-ba9d-43be-9ce4-68e725e6bb52,c267421b-765e-4b3f-badb-943c2bfe26e0,7388b94e-fcde-4b81-bf9b-cd4addf82d38,account,10f1bc81-448a-4a9e-a6b2-bc5b50c187fc,2025-02-01T06:21:00Z,2025-03-03,23056476000,1,2025-03-15T06:47:00Z,2,100001,7f5b6f7e-1c2d-4a4e-9a51-3a3f1d3c0a01
a648bdf5-1332-4249-86d6-74559b8e3074,INV-002031,24c9df2b-fcc7-4878-85bc-b3d597dac9b3,cc178324-7702-46ab-bdbc-42f26e7452e2,7388b94e-fcde-4b81-bf9b-cd4addf82d38,account,10f1bc81-448a-4a9e-a6b2-bc5b50c187fc,2025-07-10T10:42:00Z,2025-08-09,42535609000,1,2025-08-25T10:26:00Z,2,100001,7f5b6f7e-1c2d-4a4e-9a51-3a3f1d3c0a01
f7f6505d-1e97-4d85-b8c6-f528145c5dc1,INV-002032,63582e41-d456-40a2-966f-1a1ca0550b7b,7dbe4e2e-20e7-4aeb-910d-8df4b1f1b887,7388b94e-fcde-4b81-bf9b-cd4addf82d38,account,10f1bc81-448a-4a9e-a6b2-bc5b50c187fc,2025-09-06T08:54:00Z,2025-10-06,42529598000,1,2025-10-21T11:40:00Z,2,100001,7f5b6f7e-1c2d-4a4e-9a51-3a3f1d3c0a01
c46b370b-c817-46a4-aacd-e332c4bc394d,INV-002033,104afbf9-b8c2-48f2-80c7-20c10a1ead51,c3ada6d2-63c3-4697-b096-b24fadaebe9c,7388b94e-fcde-4b81-bf9b-cd4addf82d38,account,10f1bc81-448a-4a9e-a6b2-bc5b50c187fc,2025-09-15T07:56:00Z,2025-10-15,135145789000,1,2025-11-12T06:54:00Z,2,100001,7f5b6f7e-1c2d-4a4e-9a51-3a3f1d3c0a01
0e565bae-80cd-40ca-9997-844a3bc546f3,INV-002034,45b3a711-d045-4295-9ccc-0d9e964a7a95,c4b9c81a-8e38-4e72-a8b5-63b5a9fb7e6b,7388b94e-fcde-4b81-bf9b-cd4addf82d38,account,10f1bc81-448a-4a9e-a6b2-bc5b50c187fc,2025-11-25T06:17:00Z,2025-12-25,29178010000,1,2025-12-31T08:06:00Z,2,100001,7f5b6f7e-1c2d-4a4e-9a51-3a3f1d3c0a01
a0829b30-20e6-4e23-a35f-d15a6e77d6b5,INV-002035,8f4690ce-1bf2-4f2b-9041-0a7792647463,eb68e020-1924-4a3c-9264-2dcdd8614b58,7388b94e-fcde-4b81-bf9b-cd4addf82d38,account,10f1bc81-448a-4a9e-a6b2-bc5b50c187fc,2026-02-07T12:40:00Z,2026-03-09,60313148000,1,2026-03-07T11:53:00Z,2,100001,7f5b6f7e-1c2d-4a4e-9a51-3a3f1d3c0a01
8f27d486-b9fb-4a7f-aa7a-ee6ce6d1558f,INV-002036,515c5dc8-6d00-4948-9f3d-88318ac44e5b,199ab284-f69a-4cfe-b192-6c3d9d89de8a,7388b94e-fcde-4b81-bf9b-cd4addf82d38,account,10f1bc81-448a-4a9e-a6b2-bc5b50c187fc,2026-02-28T10:26:00Z,2026-03-30,78439655000,1,2026-03-31T09:58:00Z,2,100001,7f5b6f7e-1c2d-4a4e-9a51-3a3f1d3c0a01
791bb3b7-b2ba-4d8c-af4d-2a7e09667482,INV-002037,68cb7159-a473-4d04-84a2-4be38c4f1183,9a910a88-453c-40a5-a05a-afc8fb50f1ca,72652f1e-47b0-41ec-8a32-7480ba9583c5,account,366eb16f-508e-4ad7-b7c9-3acfe059a0ee,2025-03-08T07:10:00Z,2025-03-08,44118859000,100000000,2025-03-08T07:10:00Z,2,100001,7f5b6f7e-1c2d-4a4e-9a51-3a3f1d3c0a01
c458daa4-ded9-4bdf-a101-9aaa3f9fd3c8,INV-002038,0c6dea88-803a-4c02-910e-111ede1809f8,ff7d82dc-856d-4236-93cf-9420acb0562c,72652f1e-47b0-41ec-8a32-7480ba9583c5,account,366eb16f-508e-4ad7-b7c9-3acfe059a0ee,2025-11-25T04:55:00Z,2025-11-25,76186225000,100000000,2025-11-24T04:55:00Z,2,100001,7f5b6f7e-1c2d-4a4e-9a51-3a3f1d3c0a01
8aec3551-4054-4c4f-8160-d6d68d1c431e,INV-002039,608cc964-6dfa-40fe-b37c-0a136a8282be,6ba2191c-d543-4942-aba1-3d66a730d9fa,72652f1e-47b0-41ec-8a32-7480ba9583c5,account,366eb16f-508e-4ad7-b7c9-3acfe059a0ee,2025-11-25T12:18:00Z,2025-11-25,49129343000,100000000,2025-11-24T12:18:00Z,2,100001,7f5b6f7e-1c2d-4a4e-9a51-3a3f1d3c0a01
3b64ab6e-a594-43b3-9bfc-0beba1cc4bfe,INV-002040,d3b33e82-b468-4a93-8d94-fd4ad0157617,5b4d9268-ad5f-4ca4-924e-4e2a52381a07,72652f1e-47b0-41ec-8a32-7480ba9583c5,account,366eb16f-508e-4ad7-b7c9-3acfe059a0ee,2026-03-28T07:54:00Z,2026-03-28,34249377000,100000000,2026-03-25T07:54:00Z,2,100001,7f5b6f7e-1c2d-4a4e-9a51-3a3f1d3c0a01
5dc7d9cd-c300-4a4f-83cd-dc2cc0935548,INV-002041,3f4cd021-7a85-4220-b69b-867b5f679939,54b5d44c-3a87-447c-824f-c1f2697f0b8c,72652f1e-47b0-41ec-8a32-7480ba9583c5,account,366eb16f-508e-4ad7-b7c9-3acfe059a0ee,2026-05-16T09:50:00Z,2026-05-16,32896875000,100000000,2026-05-16T09:50:00Z,2,100001,7f5b6f7e-1c2d-4a4e-9a51-3a3f1d3c0a01
4feb9f90-7722-4636-9cec-0cd5dcf8732c,INV-002042,ceccc07f-2a14-456d-97b8-fb05e8907ec9,d647e27d-c9f9-496b-bc92-a242aafc55d8,72652f1e-47b0-41ec-8a32-7480ba9583c5,account,366eb16f-508e-4ad7-b7c9-3acfe059a0ee,2026-05-18T05:48:00Z,2026-05-18,145595085000,100000000,2026-05-18T05:48:00Z,2,100001,7f5b6f7e-1c2d-4a4e-9a51-3a3f1d3c0a01
3c7f8b52-4208-4fa0-ab78-4780b00454fb,INV-002043,7302b7c0-b01a-4d09-b5eb-9d9bd6d6714c,62136e35-8e7f-45f4-a07b-5547889b2094,72652f1e-47b0-41ec-8a32-7480ba9583c5,account,366eb16f-508e-4ad7-b7c9-3acfe059a0ee,2026-06-23T09:55:00Z,2026-06-23,61311589000,100000000,2026-06-23T09:55:00Z,2,100001,7f5b6f7e-1c2d-4a4e-9a51-3a3f1d3c0a01
5364575b-29ad-4798-a428-82234c01838f,INV-002044,de8cacd8-b70c-412b-8772-74ae444f6b9c,007314ab-57d8-41f1-a5c0-52b5b4398194,b73b35fe-e917-4ed1-9c9e-1d5702968285,account,b02b61c4-a3d7-4628-ace6-6fa2fd5166e6,2025-06-05T12:54:00Z,2025-08-04,25004486000,4,2025-08-14T10:16:00Z,2,100001,7f5b6f7e-1c2d-4a4e-9a51-3a3f1d3c0a01
6129eb2a-f8a2-4486-840a-e155c1d624be,INV-002045,febb019a-096e-4afe-9345-b9f1793c36af,fbaf9dbc-6d8e-4f7d-a520-82704d7a3879,b73b35fe-e917-4ed1-9c9e-1d5702968285,account,b02b61c4-a3d7-4628-ace6-6fa2fd5166e6,2025-08-03T09:19:00Z,2025-10-02,14517579000,4,2025-09-30T09:04:00Z,2,100001,7f5b6f7e-1c2d-4a4e-9a51-3a3f1d3c0a01
a56e4d32-8d86-4784-a008-3f62266a6eca,INV-002046,fe7a79cd-b582-4f87-b8e8-ec6de8387e62,0d5e6080-6e49-43d2-935b-4d115debc97e,ca6c2829-1d72-46bf-b89e-0e3026909126,account,0e51f30d-c6a7-4e39-84b0-32ccd7c524a5,2026-04-15T06:16:00Z,2026-04-15,14306061000,100000000,2026-04-14T06:16:00Z,2,100001,7f5b6f7e-1c2d-4a4e-9a51-3a3f1d3c0a01
1b720373-dbc2-4648-a44b-fb90b527d358,INV-002047,83d64a26-0212-4661-9f76-da55313d68ed,d48daf6d-4cc2-4465-ac6a-0fe55ed0eb15,1a2a3a8e-e833-4ef3-bfe3-5f299c769b42,account,5304317f-af42-412f-b838-b3268e944239,2026-06-27T12:13:00Z,2026-07-27,8434999000,1,,0,4,7f5b6f7e-1c2d-4a4e-9a51-3a3f1d3c0a01
907352ee-4eb5-4f1a-b4bf-8a652cb931bf,INV-002048,27fb8007-aadd-4689-9d19-f3d05488ebbe,419ac257-118f-44ce-b7e2-2859a33756d3,84ccf931-e3e0-44c5-a015-4a17b652b9ef,account,9132b63e-f162-47e4-a9c3-49e03602f8ac,2025-09-16T08:28:00Z,2025-09-16,4557814000,100000000,2025-09-16T08:28:00Z,2,100001,7f5b6f7e-1c2d-4a4e-9a51-3a3f1d3c0a01
65a9defd-4a79-4f10-9a3a-9e55756c7602,INV-002049,a174c001-6e0c-4b41-9f3a-0f19a2009a53,7725520d-9421-40ef-afae-c8e2a0061c21,21d3b8f2-f3ac-45cb-bf4b-24b9ef4c37d0,account,5304317f-af42-412f-b838-b3268e944239,2025-06-30T05:51:00Z,2025-07-30,25717996000,1,2025-07-28T10:07:00Z,2,100001,7f5b6f7e-1c2d-4a4e-9a51-3a3f1d3c0a01
aa6f6930-7f59-44da-8409-1391f7880153,INV-002050,4b27c723-2a07-4583-9366-86b1330c9f49,43cfeb8b-83e2-4250-b6ea-651bd37b92dd,21d3b8f2-f3ac-45cb-bf4b-24b9ef4c37d0,account,5304317f-af42-412f-b838-b3268e944239,2025-07-29T12:55:00Z,2025-08-28,7409014000,1,2025-08-27T12:25:00Z,2,100001,7f5b6f7e-1c2d-4a4e-9a51-3a3f1d3c0a01
68fb76c8-3f86-418f-8557-778fb4dbfb7e,INV-002051,fcd9cb7b-c05e-490b-9267-6b44c68b7316,19f1cd02-186a-4b76-8c23-a832f9b15252,21d3b8f2-f3ac-45cb-bf4b-24b9ef4c37d0,account,5304317f-af42-412f-b838-b3268e944239,2026-06-06T06:30:00Z,2026-07-06,66479921000,1,,0,4,7f5b6f7e-1c2d-4a4e-9a51-3a3f1d3c0a01
e577d32d-ac39-46dd-b82c-218bb78f436f,INV-002052,8c1254ee-257a-4304-b9c0-cb57dccb8b46,b3be8e83-a887-4c28-a80a-ab75a4e24223,79356bae-8101-4ec7-9c93-408a551e766f,account,e27a984d-6548-41d0-bfcd-9eb1a7cad415,2025-08-19T09:09:00Z,2025-09-18,10612693000,1,2025-09-17T08:31:00Z,2,100001,7f5b6f7e-1c2d-4a4e-9a51-3a3f1d3c0a01
18dbca4f-d8f9-4a42-9963-af21d978b17a,INV-002053,e1b10e4b-8875-492b-a975-7003b5c7ddfa,d32af0a2-7198-4e12-aa9b-84b4e1a3fa8e,79356bae-8101-4ec7-9c93-408a551e766f,account,e27a984d-6548-41d0-bfcd-9eb1a7cad415,2025-11-03T05:08:00Z,2025-12-03,33809341000,1,2025-12-08T07:56:00Z,2,100001,7f5b6f7e-1c2d-4a4e-9a51-3a3f1d3c0a01
c0829106-f0ea-4832-b39d-db6f885240de,INV-002054,8ccb03bf-38a5-429b-b9d9-3ad9d2898c5c,48002164-df89-4a25-a0a7-b1c2bf342260,320727ab-24c9-4c0e-887e-e883f34a26e4,account,beb79919-3f22-4af8-a3be-d01d43cf2fde,2025-11-06T12:08:00Z,2025-11-06,28916278000,100000000,2025-11-04T12:08:00Z,2,100001,7f5b6f7e-1c2d-4a4e-9a51-3a3f1d3c0a01
c3351ca3-c194-4666-b705-e4a4430711bb,INV-002055,ea2d7ced-bb4d-48d1-9e88-90e554c6390e,8d446fee-670e-45a0-b489-ab1882004c4d,e6273e93-114e-495b-9de3-a9a053b20d16,account,5304317f-af42-412f-b838-b3268e944239,2025-08-25T09:14:00Z,2025-10-24,17534929000,4,2025-10-25T06:39:00Z,2,100001,7f5b6f7e-1c2d-4a4e-9a51-3a3f1d3c0a01
2e95c0c0-ad15-4cee-ba34-dd615f6dd0b5,INV-002056,5a4eb8e4-beda-479b-914f-93afc35fb1f8,8cffa839-2966-4e1a-bfa0-950a0ef8f456,e6273e93-114e-495b-9de3-a9a053b20d16,account,5304317f-af42-412f-b838-b3268e944239,2026-03-11T05:44:00Z,2026-05-10,25142421000,4,2026-05-11T08:27:00Z,2,100001,7f5b6f7e-1c2d-4a4e-9a51-3a3f1d3c0a01
53c5e1a6-4d26-4998-8932-c568272b1a68,INV-002057,b1425a85-eaac-47cd-83c4-c2ce344ccb3c,ce2bd84d-aaae-4330-b985-a387aaab36ea,9e78209e-6290-429a-a322-8db2bdcd79ee,account,0e51f30d-c6a7-4e39-84b0-32ccd7c524a5,2025-07-12T07:57:00Z,2025-08-11,26086124000,1,2025-08-16T11:59:00Z,2,100001,7f5b6f7e-1c2d-4a4e-9a51-3a3f1d3c0a01
6e6aaf39-dcbe-428a-b0e1-f508532099ba,INV-002058,d1db3e7a-40af-4799-8422-46c03d728a04,083950f5-995c-4335-b192-1e80fa04347b,bedd7a60-6e8f-4cb2-9d1f-f71a64e37441,account,ce177b4e-0837-48a3-9261-a7ab3aa2e4f9,2025-05-28T12:05:00Z,2025-05-28,32197742000,100000000,2025-05-25T12:05:00Z,2,100001,7f5b6f7e-1c2d-4a4e-9a51-3a3f1d3c0a01
b4305a2e-86e9-45b3-b4e4-b04bfd68d348,INV-002059,d121bf89-3625-4d7a-80ef-5addde95400d,e05f40a3-5257-4a61-b155-c61b31bfd971,bedd7a60-6e8f-4cb2-9d1f-f71a64e37441,account,ce177b4e-0837-48a3-9261-a7ab3aa2e4f9,2025-08-05T10:30:00Z,2025-08-05,38306861000,100000000,2025-08-02T10:30:00Z,2,100001,7f5b6f7e-1c2d-4a4e-9a51-3a3f1d3c0a01
71dc91cf-d850-40ad-b9d6-3c94c11b9c33,INV-002060,3fb82fb6-95a5-49e5-882f-65914dbc356d,d6eb8d36-3537-4cfc-8b56-45ee34322139,44d6eeca-bb12-40a9-87e9-974d70fd7536,account,10f1bc81-448a-4a9e-a6b2-bc5b50c187fc,2025-10-12T06:13:00Z,2025-10-12,40300791000,100000000,2025-10-09T06:13:00Z,2,100001,7f5b6f7e-1c2d-4a4e-9a51-3a3f1d3c0a01
8ba5bdf8-1852-46d9-bc91-cc7824fee271,INV-002061,0b847ba7-4d00-4c99-9164-4513ee4bbd11,28513a2a-dd41-4f18-99be-1858bd35e26b,44d6eeca-bb12-40a9-87e9-974d70fd7536,account,10f1bc81-448a-4a9e-a6b2-bc5b50c187fc,2025-10-21T08:02:00Z,2025-10-21,6908542000,100000000,2025-10-19T08:02:00Z,2,100001,7f5b6f7e-1c2d-4a4e-9a51-3a3f1d3c0a01
52da188c-0cca-486c-9e60-57891b1b045b,INV-002062,2b186dd8-86b2-4089-bae4-b03ec350c4ef,569d8df4-a6f7-4c07-abdc-3a6b70f6d83c,b9fdb77d-e1a3-433c-a5c5-eecd20192edf,account,b02b61c4-a3d7-4628-ace6-6fa2fd5166e6,2025-09-16T13:14:00Z,2025-10-16,11910472000,1,2025-10-16T05:05:00Z,2,100001,7f5b6f7e-1c2d-4a4e-9a51-3a3f1d3c0a01
80f8c5bc-afb9-4372-9d71-9f06b55f8f88,INV-002063,f10c7db6-eaad-4319-b1ae-aae404ed61e1,791c8889-6b77-4e83-8cea-e55c3faee8dd,b9fdb77d-e1a3-433c-a5c5-eecd20192edf,account,b02b61c4-a3d7-4628-ace6-6fa2fd5166e6,2026-06-08T11:55:00Z,2026-07-08,5827855000,1,,0,4,7f5b6f7e-1c2d-4a4e-9a51-3a3f1d3c0a01
b63d3c4e-e3a5-46de-8646-fc8bc35eaa2b,INV-002064,ab27a073-04e7-4cea-aede-6065e863c828,5266c572-28c3-4262-86a7-a7dd36f63679,6719f379-a846-49fe-9428-3c61f97790b2,account,e27a984d-6548-41d0-bfcd-9eb1a7cad415,2025-10-12T12:08:00Z,2025-12-11,13381695000,4,2025-12-23T08:11:00Z,2,100001,7f5b6f7e-1c2d-4a4e-9a51-3a3f1d3c0a01
5299ea35-04e1-4029-b46d-dba7048d5813,INV-002065,71a814ab-9ae7-4785-a05b-4c0f37c4d802,6864bb39-74d2-4d52-9c0d-bfdba194a1b1,6719f379-a846-49fe-9428-3c61f97790b2,account,e27a984d-6548-41d0-bfcd-9eb1a7cad415,2026-01-11T11:01:00Z,2026-03-12,19682560000,4,2026-03-11T09:18:00Z,2,100001,7f5b6f7e-1c2d-4a4e-9a51-3a3f1d3c0a01
e6879766-dd83-4cd1-8429-42e7ad2601f3,INV-002066,bc4add89-716d-4fba-9170-996becd16474,6ec79562-f607-4e2a-8adc-1c2a0f2ad117,6719f379-a846-49fe-9428-3c61f97790b2,account,e27a984d-6548-41d0-bfcd-9eb1a7cad415,2026-01-24T07:55:00Z,2026-03-25,49132940000,4,2026-04-04T11:32:00Z,2,100001,7f5b6f7e-1c2d-4a4e-9a51-3a3f1d3c0a01
40a55e2b-abdc-425e-938d-36ad2cb2e5e2,INV-002067,079dd7e0-a80e-4d24-b42e-eb23d0772181,c4617cfe-3078-41ed-b648-c3b99c2dcfe4,6719f379-a846-49fe-9428-3c61f97790b2,account,e27a984d-6548-41d0-bfcd-9eb1a7cad415,2026-03-07T12:21:00Z,2026-05-06,28189910000,4,2026-06-01T05:48:00Z,2,100001,7f5b6f7e-1c2d-4a4e-9a51-3a3f1d3c0a01
6d7c2eac-9884-45c2-800d-3188f3e33f06,INV-002068,f56d32a9-8c85-41ba-96fa-34f26f8b42d0,d953648a-3305-44ed-af8e-87ba8b2bb182,6719f379-a846-49fe-9428-3c61f97790b2,account,e27a984d-6548-41d0-bfcd-9eb1a7cad415,2026-02-28T10:05:00Z,2026-04-29,17919492000,4,2026-05-02T08:21:00Z,2,100001,7f5b6f7e-1c2d-4a4e-9a51-3a3f1d3c0a01
620c5122-6191-4127-82f7-0e0bce5b7609,INV-002069,0d3d5673-9347-421d-a34b-269237293134,7ecc9f38-242a-4cd8-acb6-2a29b99f2fda,6719f379-a846-49fe-9428-3c61f97790b2,account,e27a984d-6548-41d0-bfcd-9eb1a7cad415,2026-04-23T07:55:00Z,2026-06-22,44769664000,4,,0,4,7f5b6f7e-1c2d-4a4e-9a51-3a3f1d3c0a01
fec4ab25-6146-4056-ba61-a3eb122b9cd8,INV-002070,776c1adf-2859-4332-8dab-0f4abb5518d7,3738980d-559f-44f5-b5c0-1db0ac62be1e,792e3062-b383-4ee1-b428-941d47cec420,account,366eb16f-508e-4ad7-b7c9-3acfe059a0ee,2026-01-18T05:22:00Z,2026-01-18,35000109000,100000000,2026-01-18T05:22:00Z,2,100001,7f5b6f7e-1c2d-4a4e-9a51-3a3f1d3c0a01
d6c18e43-7e57-405f-9ce6-e4eba4838943,INV-002071,40bb7baa-f84b-4a5e-b76d-bd5b66e4b07c,5267931a-aa6d-4a41-9689-e25b4572838d,99860656-3699-46ab-a951-9a0f060f22eb,account,366eb16f-508e-4ad7-b7c9-3acfe059a0ee,2026-04-21T08:01:00Z,2026-07-20,51456900000,100000001,,0,4,7f5b6f7e-1c2d-4a4e-9a51-3a3f1d3c0a01
99d16aef-31eb-4d9a-8159-f709383702fe,INV-002072,13f19c89-3468-4eaa-b018-229a5d65b570,f1b4f37b-d3be-4cc6-917d-17fa06bf7716,2fe63cc8-9416-4854-bf05-c5ccc50d751e,account,5304317f-af42-412f-b838-b3268e944239,2025-09-27T05:42:00Z,2025-10-27,14736433000,1,2025-10-27T06:39:00Z,2,100001,7f5b6f7e-1c2d-4a4e-9a51-3a3f1d3c0a01
5f8fe67e-e7f5-43ac-994b-020aa87410a8,INV-002073,4f83f623-1c95-4fd1-a843-04d75184a147,d35992f4-418b-4de9-bc25-6e4cda31b62d,2fe63cc8-9416-4854-bf05-c5ccc50d751e,account,5304317f-af42-412f-b838-b3268e944239,2026-04-22T04:56:00Z,2026-05-22,31293391000,1,2026-06-11T12:41:00Z,2,100001,7f5b6f7e-1c2d-4a4e-9a51-3a3f1d3c0a01
6e7415b8-5c96-456e-b61e-7da267b8f283,INV-002074,40e4af57-cec0-4840-ae9c-0cb6dfe812c8,cf60f704-2006-4623-a80f-c704813a40f7,a1169da6-76a0-41bb-8e6e-8d63a1aca513,account,5304317f-af42-412f-b838-b3268e944239,2026-02-12T07:18:00Z,2026-03-14,11944511000,1,2026-03-18T05:05:00Z,2,100001,7f5b6f7e-1c2d-4a4e-9a51-3a3f1d3c0a01
367d2cd6-5844-42be-b49f-33a0be5857e3,INV-002075,769e94a8-3470-4252-ab8e-c49c8129efe9,ee641e06-7992-4982-a01f-2c6eea8d1791,a1169da6-76a0-41bb-8e6e-8d63a1aca513,account,5304317f-af42-412f-b838-b3268e944239,2026-04-08T10:59:00Z,2026-05-08,33469114000,1,2026-05-17T06:59:00Z,2,100001,7f5b6f7e-1c2d-4a4e-9a51-3a3f1d3c0a01
803bcf6a-e26b-4138-be33-3f0ca9317d84,INV-002076,fd7f6e17-87bc-42d9-8587-c928be21f5c7,27d4869b-cd6b-4037-80da-1a82b475bb8f,5354f30f-409c-4120-a18a-ab8219e4d432,account,10f1bc81-448a-4a9e-a6b2-bc5b50c187fc,2025-03-04T08:56:00Z,2025-06-02,31476379000,100000001,2025-09-13T13:28:00Z,2,100001,7f5b6f7e-1c2d-4a4e-9a51-3a3f1d3c0a01
b38500e0-2364-4ce9-90e6-0147b914d138,INV-002077,350d5005-e360-4cd5-b3a3-09559a51fd22,8fb88620-f652-4042-b7ab-89ec438d2d33,5354f30f-409c-4120-a18a-ab8219e4d432,account,10f1bc81-448a-4a9e-a6b2-bc5b50c187fc,2025-04-06T10:22:00Z,2025-07-05,55351967000,100000001,2025-07-07T13:20:00Z,2,100001,7f5b6f7e-1c2d-4a4e-9a51-3a3f1d3c0a01
c90b43b8-90c2-4673-a622-ae970ada481e,INV-002078,c99c2616-5f22-43aa-af8f-9d512f61bfca,f0128c8d-f351-4bbc-a460-fd58464b732b,5354f30f-409c-4120-a18a-ab8219e4d432,account,10f1bc81-448a-4a9e-a6b2-bc5b50c187fc,2025-06-02T10:18:00Z,2025-08-31,22730484000,100000001,2025-08-28T10:01:00Z,2,100001,7f5b6f7e-1c2d-4a4e-9a51-3a3f1d3c0a01
9834b3c2-72d2-4628-8b06-e5637550cad4,INV-002079,d66e99fd-0e22-4ef9-823f-947deb6322ca,4180899b-1e1a-45a2-881c-7519abd06a43,5354f30f-409c-4120-a18a-ab8219e4d432,account,10f1bc81-448a-4a9e-a6b2-bc5b50c187fc,2025-12-14T09:33:00Z,2026-03-14,15749569000,100000001,2026-03-26T13:20:00Z,2,100001,7f5b6f7e-1c2d-4a4e-9a51-3a3f1d3c0a01
d27b7d37-f48e-415f-ba23-8a7968ed6ef7,INV-002080,00ef9828-944c-454d-b86a-f36a2f893b5a,2bac55fb-0dac-4faf-9092-c355ad8b8a4e,5354f30f-409c-4120-a18a-ab8219e4d432,account,10f1bc81-448a-4a9e-a6b2-bc5b50c187fc,2026-06-27T08:13:00Z,2026-09-25,41869064000,100000001,,0,4,7f5b6f7e-1c2d-4a4e-9a51-3a3f1d3c0a01
2324356a-53fc-4995-a592-142085e493dc,INV-002081,b846a043-6d2a-4933-b6c8-e9dd867a6375,6833b42d-e644-40a7-a722-5280fcf7e86c,44bb84b2-4a1e-4e91-933e-db88f9c2f1f5,account,24933b83-7577-40a9-a491-f0b2ea1fca65,2024-11-12T06:48:00Z,2025-01-11,12249996000,4,2025-01-13T09:23:00Z,2,100001,7f5b6f7e-1c2d-4a4e-9a51-3a3f1d3c0a01
3f4daad1-29be-4672-9989-b7982f1c1de3,INV-002082,d83e27ca-7439-4d84-be6c-3416fd7cb9ba,1ec40cf0-995e-4e00-938b-a2ef5f1860ca,44bb84b2-4a1e-4e91-933e-db88f9c2f1f5,account,24933b83-7577-40a9-a491-f0b2ea1fca65,2025-05-03T07:38:00Z,2025-07-02,7407307000,4,2025-06-30T04:45:00Z,2,100001,7f5b6f7e-1c2d-4a4e-9a51-3a3f1d3c0a01
5a4b942d-55e7-4ec5-8783-779ed28a8cd4,INV-002083,b109b113-3427-4f13-a76a-b8e48d77be3e,93901873-2c82-479b-83bf-61fcd0d793e8,44bb84b2-4a1e-4e91-933e-db88f9c2f1f5,account,24933b83-7577-40a9-a491-f0b2ea1fca65,2025-04-29T07:55:00Z,2025-06-28,81628790000,4,2025-06-26T13:27:00Z,2,100001,7f5b6f7e-1c2d-4a4e-9a51-3a3f1d3c0a01
d752f659-d168-4682-b6ca-6aac95b1fe81,INV-002084,3d52c5b9-31db-4b89-9ee4-43cae1808f63,05d613b5-b643-4a36-bc48-9ffea65fd0d3,44bb84b2-4a1e-4e91-933e-db88f9c2f1f5,account,24933b83-7577-40a9-a491-f0b2ea1fca65,2025-07-01T09:57:00Z,2025-08-30,23164117000,4,2025-09-06T07:57:00Z,2,100001,7f5b6f7e-1c2d-4a4e-9a51-3a3f1d3c0a01
e5073d34-e2f4-42d6-84ad-703032b1aa6a,INV-002085,86f2c260-1f09-433b-9b6a-7b4fd127acca,5f79f3be-2199-4611-8e0a-51045185949e,44bb84b2-4a1e-4e91-933e-db88f9c2f1f5,account,24933b83-7577-40a9-a491-f0b2ea1fca65,2025-09-04T12:21:00Z,2025-11-03,10342260000,4,2025-11-03T06:45:00Z,2,100001,7f5b6f7e-1c2d-4a4e-9a51-3a3f1d3c0a01
f7b649b7-cb58-4506-a0f7-f1c793120d41,INV-002086,f583f748-b5cb-4032-ae1a-67ab9bb3ab0d,db454c4c-030f-486d-b363-a98149689806,44bb84b2-4a1e-4e91-933e-db88f9c2f1f5,account,24933b83-7577-40a9-a491-f0b2ea1fca65,2026-05-20T08:58:00Z,2026-07-19,25425003000,4,,0,4,7f5b6f7e-1c2d-4a4e-9a51-3a3f1d3c0a01
e5707275-799a-4fd5-9afc-3b67bbb72cb2,INV-002087,2df439b0-c50c-4098-9af3-91b9e7e51c16,1a93bc77-837e-4c36-a17d-5e20b2aaa661,44bb84b2-4a1e-4e91-933e-db88f9c2f1f5,account,24933b83-7577-40a9-a491-f0b2ea1fca65,2026-05-18T11:20:00Z,2026-07-17,31485908000,4,,0,4,7f5b6f7e-1c2d-4a4e-9a51-3a3f1d3c0a01
2fd0aef4-10fc-4b3f-8f09-4856de6a0050,INV-002088,24e61dee-2707-411d-a46d-4513395e6b7a,66ceaf9b-9005-4012-b6ee-3a01c4a604db,e06c5f09-f6c4-4c4a-9a81-7d76d0a2c065,account,24933b83-7577-40a9-a491-f0b2ea1fca65,2025-03-31T12:46:00Z,2025-05-30,14674399000,4,2025-05-27T13:22:00Z,2,100001,7f5b6f7e-1c2d-4a4e-9a51-3a3f1d3c0a01
ef0154c5-d1bf-4482-ae68-f5d2c5ee467e,INV-002089,b0b0658d-3ee3-4d27-811e-cc74c547cb92,f582b789-b751-4fcf-b139-8969d99fdaec,e06c5f09-f6c4-4c4a-9a81-7d76d0a2c065,account,24933b83-7577-40a9-a491-f0b2ea1fca65,2025-08-02T11:19:00Z,2025-10-01,10358725000,4,2025-10-14T07:26:00Z,2,100001,7f5b6f7e-1c2d-4a4e-9a51-3a3f1d3c0a01
dbf4b8ab-f78e-4b5b-83ea-c1eaaa9dfd2b,INV-002090,3c1727ed-1fa5-4ea5-b621-369a18b58e01,e08c4235-1625-427f-9246-80901dfc2697,e06c5f09-f6c4-4c4a-9a81-7d76d0a2c065,account,24933b83-7577-40a9-a491-f0b2ea1fca65,2026-04-21T09:49:00Z,2026-06-20,15178489000,4,2026-06-24T05:43:00Z,2,100001,7f5b6f7e-1c2d-4a4e-9a51-3a3f1d3c0a01
abb6598a-3618-4cb5-af5b-6f56b0d64060,INV-002091,18fbaa79-e559-4de9-8789-509f19a301cc,7de7d771-459b-4f17-8a75-d694c9d377f9,e06c5f09-f6c4-4c4a-9a81-7d76d0a2c065,account,24933b83-7577-40a9-a491-f0b2ea1fca65,2026-05-31T06:35:00Z,2026-07-30,9931469000,4,,0,4,7f5b6f7e-1c2d-4a4e-9a51-3a3f1d3c0a01
3a38d5b8-1864-4cc6-ac75-ede9b31a7a4d,INV-002092,e24d686d-b005-44f0-b77d-7abdfbbbeb49,a474c3ca-0069-4d88-886f-defe741fcad0,e06c5f09-f6c4-4c4a-9a81-7d76d0a2c065,account,24933b83-7577-40a9-a491-f0b2ea1fca65,2026-06-14T09:16:00Z,2026-08-13,32842931000,4,,0,4,7f5b6f7e-1c2d-4a4e-9a51-3a3f1d3c0a01
b7cbbb25-61c2-47d8-8a71-3f3a5db7ca75,INV-002093,85c87c24-00f4-4428-8f6d-1dd391efde5b,9991ecdf-d3f4-4d9a-941d-ffae19622793,6c32e888-f4bd-4373-9e04-aa492f166543,account,5304317f-af42-412f-b838-b3268e944239,2025-07-07T08:29:00Z,2025-07-07,18799270000,100000000,2025-07-04T08:29:00Z,2,100001,7f5b6f7e-1c2d-4a4e-9a51-3a3f1d3c0a01
0a4fa9fb-3f61-455d-8b2a-5e8a7518776b,INV-002094,87832c03-856b-4a08-b58e-76b594775528,7704abc6-e972-4d98-93d5-db8d8f057b0c,6c32e888-f4bd-4373-9e04-aa492f166543,account,5304317f-af42-412f-b838-b3268e944239,2025-09-16T08:02:00Z,2025-09-16,14717555000,100000000,2025-09-13T08:02:00Z,2,100001,7f5b6f7e-1c2d-4a4e-9a51-3a3f1d3c0a01
1d2c87ce-8b95-4b57-bff5-106df8db3033,INV-002095,00061ef9-a69b-4000-8f54-0339046739ca,e88a3788-1339-43f6-9719-e0d19b67b57d,6c32e888-f4bd-4373-9e04-aa492f166543,account,5304317f-af42-412f-b838-b3268e944239,2026-01-27T06:10:00Z,2026-01-27,53337518000,100000000,2026-01-25T06:10:00Z,2,100001,7f5b6f7e-1c2d-4a4e-9a51-3a3f1d3c0a01
dca3f5ac-6b05-4192-bf77-380e366016a7,INV-002096,72b4446f-8a6a-4146-b12d-8dfdb98b4626,ad1bdf40-5052-47f8-a36a-3a0ea9afd9bc,6c32e888-f4bd-4373-9e04-aa492f166543,account,5304317f-af42-412f-b838-b3268e944239,2026-03-21T06:19:00Z,2026-03-21,21591223000,100000000,2026-03-21T06:19:00Z,2,100001,7f5b6f7e-1c2d-4a4e-9a51-3a3f1d3c0a01
f0567061-df72-4371-8b7a-1a32ef6f1a54,INV-002097,aafd5c5c-5fae-4292-a443-c8da55bf9cda,e1abf1e7-6423-4a8f-9679-d93b67ed6064,6c32e888-f4bd-4373-9e04-aa492f166543,account,5304317f-af42-412f-b838-b3268e944239,2026-06-03T05:32:00Z,2026-06-03,5588559000,100000000,2026-05-31T05:32:00Z,2,100001,7f5b6f7e-1c2d-4a4e-9a51-3a3f1d3c0a01
e5422339-67df-44db-baa0-3c860bfa16e0,INV-002098,3c6d525d-2538-40be-9585-9de485b8c373,87bff4e7-eebe-461f-a685-93837439a273,0290220b-9e7e-4520-b1ec-3c1c04947595,account,b02b61c4-a3d7-4628-ace6-6fa2fd5166e6,2024-12-04T12:44:00Z,2025-02-02,14843919000,4,2025-02-08T10:00:00Z,2,100001,7f5b6f7e-1c2d-4a4e-9a51-3a3f1d3c0a01
08e269f8-d7f7-4e3b-bb40-045e829bf62f,INV-002099,47aff91f-370f-41cc-81bf-eef0809e5296,55aaedab-dfb1-46d8-831f-ce3fe70fc0cb,0290220b-9e7e-4520-b1ec-3c1c04947595,account,b02b61c4-a3d7-4628-ace6-6fa2fd5166e6,2024-12-02T04:38:00Z,2025-01-31,13294743000,4,2025-02-02T04:41:00Z,2,100001,7f5b6f7e-1c2d-4a4e-9a51-3a3f1d3c0a01
b3821be1-ff71-4347-b7fe-228ad76bb096,INV-002100,aa36c9f4-cfae-47c7-9009-85a0ab8063b2,03410587-5f72-4ff7-97c5-08aa32817036,0290220b-9e7e-4520-b1ec-3c1c04947595,account,b02b61c4-a3d7-4628-ace6-6fa2fd5166e6,2025-03-04T07:30:00Z,2025-05-03,19772705000,4,2025-05-04T11:04:00Z,2,100001,7f5b6f7e-1c2d-4a4e-9a51-3a3f1d3c0a01
8dba2d8c-8456-49aa-9cc6-e822c433f2e1,INV-002101,5f78beeb-6c12-4efd-b44d-9e7bd6b0c549,caf53ba5-b7c4-44e8-bde3-572298c93c72,0290220b-9e7e-4520-b1ec-3c1c04947595,account,b02b61c4-a3d7-4628-ace6-6fa2fd5166e6,2025-05-11T10:26:00Z,2025-07-10,22460967000,4,2025-07-13T13:24:00Z,2,100001,7f5b6f7e-1c2d-4a4e-9a51-3a3f1d3c0a01
129ebc98-e3fd-4805-ae4f-abcde75ea5a1,INV-002102,685af429-50a3-450f-b050-a28210050bdf,003ee652-a0d1-46f1-a85f-533186902768,0290220b-9e7e-4520-b1ec-3c1c04947595,account,b02b61c4-a3d7-4628-ace6-6fa2fd5166e6,2025-08-14T11:03:00Z,2025-10-13,42801611000,4,2025-10-15T12:34:00Z,2,100001,7f5b6f7e-1c2d-4a4e-9a51-3a3f1d3c0a01
2da6d727-347a-4671-9e45-2e4117eab020,INV-002103,9a62d47d-16a8-4832-a3b5-1505c6c0f037,4a2e91d6-df98-438e-ab85-c7d74b42c58a,0290220b-9e7e-4520-b1ec-3c1c04947595,account,b02b61c4-a3d7-4628-ace6-6fa2fd5166e6,2025-11-24T10:57:00Z,2026-01-23,40032352000,4,2026-01-24T07:48:00Z,2,100001,7f5b6f7e-1c2d-4a4e-9a51-3a3f1d3c0a01
b618cf0c-01ec-4f38-90bf-3cf00d1b1f6b,INV-002104,58515365-342c-466f-8547-18268855ec77,2cc165ad-6a9f-40cd-a0af-793e2514cd27,0290220b-9e7e-4520-b1ec-3c1c04947595,account,b02b61c4-a3d7-4628-ace6-6fa2fd5166e6,2026-03-02T07:41:00Z,2026-05-01,17031832000,4,2026-05-02T11:53:00Z,2,100001,7f5b6f7e-1c2d-4a4e-9a51-3a3f1d3c0a01
de620c2c-5463-4156-86ba-febd2cd2abc4,INV-002105,e53d2090-407e-4f8d-bfd0-7b2da55e0a94,841e015c-5a6d-42fe-a304-9964fa655380,0290220b-9e7e-4520-b1ec-3c1c04947595,account,b02b61c4-a3d7-4628-ace6-6fa2fd5166e6,2026-03-15T10:08:00Z,2026-05-14,22395740000,4,2026-05-31T06:14:00Z,2,100001,7f5b6f7e-1c2d-4a4e-9a51-3a3f1d3c0a01
267e46b4-d0a9-4c8c-b42d-03a94953088f,INV-002106,776d7f61-fc30-4c1a-a8e0-a4182f0f19d3,cd75eb76-1ad7-4efd-8f00-a43f336c5a1c,0290220b-9e7e-4520-b1ec-3c1c04947595,account,b02b61c4-a3d7-4628-ace6-6fa2fd5166e6,2026-06-27T09:21:00Z,2026-08-26,31791814000,4,,0,4,7f5b6f7e-1c2d-4a4e-9a51-3a3f1d3c0a01
913bd9c1-f320-49ab-84ea-0d6c5f109443,INV-002107,1806b370-21df-4b8f-9154-18fe1cc1ce15,881f7532-3374-413c-9e31-08b56934422e,45044404-fb7a-4a14-bc87-b2c32c779434,account,10f1bc81-448a-4a9e-a6b2-bc5b50c187fc,2025-05-10T13:19:00Z,2025-07-09,30208894000,4,2025-07-16T05:32:00Z,2,100001,7f5b6f7e-1c2d-4a4e-9a51-3a3f1d3c0a01
31df93aa-9531-47f6-b9e2-50dc25d84364,INV-002108,f36a480f-9044-4630-9536-16ce7f28b8bb,6056421e-93f9-4e53-aa04-c7bfb6155fd0,45044404-fb7a-4a14-bc87-b2c32c779434,account,10f1bc81-448a-4a9e-a6b2-bc5b50c187fc,2025-11-26T10:15:00Z,2026-01-25,61076862000,4,2026-01-31T06:01:00Z,2,100001,7f5b6f7e-1c2d-4a4e-9a51-3a3f1d3c0a01
1bc08e1b-ca5b-47fd-89c8-7752bb8e199f,INV-002109,06c0031c-4041-4326-9842-b9285ab5a5bb,dc01c1f9-b170-442c-9158-c1699d1031c0,45044404-fb7a-4a14-bc87-b2c32c779434,account,10f1bc81-448a-4a9e-a6b2-bc5b50c187fc,2026-05-06T11:20:00Z,2026-07-05,37915979000,4,,0,4,7f5b6f7e-1c2d-4a4e-9a51-3a3f1d3c0a01
f7e8e649-75ff-447b-9768-2825f8f5ca86,INV-002110,83f4f696-8b09-4b89-b16d-f4d8f54ceef1,5752bf69-c3bd-4cb0-933d-0a82008432fd,6342d18d-fd5c-4a5b-93c7-6f0835025f9c,account,24933b83-7577-40a9-a491-f0b2ea1fca65,2024-11-30T11:09:00Z,2024-12-30,46853665000,1,2024-12-31T06:11:00Z,2,100001,7f5b6f7e-1c2d-4a4e-9a51-3a3f1d3c0a01
6039870a-2b4e-42ff-a41b-42f6957bc157,INV-002111,d0eb62ed-3514-4dba-97be-3535f6033de5,3e3e2a55-d744-439a-845d-a3f9358219cd,6342d18d-fd5c-4a5b-93c7-6f0835025f9c,account,24933b83-7577-40a9-a491-f0b2ea1fca65,2025-01-25T09:24:00Z,2025-02-24,15460095000,1,2025-02-26T10:27:00Z,2,100001,7f5b6f7e-1c2d-4a4e-9a51-3a3f1d3c0a01
6424921e-a919-4869-b44f-df0f0ef44236,INV-002112,7ab2441b-afbf-44ab-8c41-569a96442c78,43cef3c1-341d-43fa-8631-8f66f13f4808,6342d18d-fd5c-4a5b-93c7-6f0835025f9c,account,24933b83-7577-40a9-a491-f0b2ea1fca65,2025-02-26T04:38:00Z,2025-03-28,37832622000,1,2025-03-30T05:08:00Z,2,100001,7f5b6f7e-1c2d-4a4e-9a51-3a3f1d3c0a01
a5e3d5c1-c79d-4f14-8bcb-bd627f86d545,INV-002113,1c220f42-090d-49db-b674-b191bc6552b1,8b24ce7a-135f-4820-b48d-eba8631782a9,6342d18d-fd5c-4a5b-93c7-6f0835025f9c,account,24933b83-7577-40a9-a491-f0b2ea1fca65,2025-07-14T10:25:00Z,2025-08-13,36050414000,1,2025-08-16T04:30:00Z,2,100001,7f5b6f7e-1c2d-4a4e-9a51-3a3f1d3c0a01
d2dbe214-e27f-45b3-be44-a1079aca336d,INV-002114,05ef3e05-042d-47de-95f7-0628ab68351e,555fad34-45df-4b39-ae54-d3db24a6b87b,6342d18d-fd5c-4a5b-93c7-6f0835025f9c,account,24933b83-7577-40a9-a491-f0b2ea1fca65,2025-09-03T12:14:00Z,2025-10-03,86189739000,1,2025-10-12T09:03:00Z,2,100001,7f5b6f7e-1c2d-4a4e-9a51-3a3f1d3c0a01
0f3a90d6-0db0-468f-b6e8-bfc0dd95b6cd,INV-002115,55750d28-c0b5-4802-86db-e44b8b8b09fb,8407c0bc-7c9c-4188-96da-73a084f198e9,6342d18d-fd5c-4a5b-93c7-6f0835025f9c,account,24933b83-7577-40a9-a491-f0b2ea1fca65,2025-09-27T08:18:00Z,2025-10-27,36198663000,1,2025-10-26T09:34:00Z,2,100001,7f5b6f7e-1c2d-4a4e-9a51-3a3f1d3c0a01
8992b1b7-c27c-41ba-b200-e39c6b86261a,INV-002116,fc0d7cab-2abe-408c-ad2d-2604ea85afa2,226d4061-a648-4ede-80e5-578e276e4dc4,fe8702cd-7a9b-4f90-a059-f07ac1d10053,account,9132b63e-f162-47e4-a9c3-49e03602f8ac,2025-05-31T09:51:00Z,2025-05-31,54917160000,100000000,2025-05-28T09:51:00Z,2,100001,7f5b6f7e-1c2d-4a4e-9a51-3a3f1d3c0a01
2fce00db-7500-41be-835a-d819f0276328,INV-002117,274132b0-d7b3-4b3b-bebd-912c9dcbc18f,4cb6f625-5f66-438d-82cc-0e1f5ed65c59,fe8702cd-7a9b-4f90-a059-f07ac1d10053,account,9132b63e-f162-47e4-a9c3-49e03602f8ac,2025-10-04T08:39:00Z,2025-10-04,63480892000,100000000,2025-10-01T08:39:00Z,2,100001,7f5b6f7e-1c2d-4a4e-9a51-3a3f1d3c0a01
047b8d65-31bb-457e-88d6-ecdcc3d61234,INV-002118,dada81fb-4bf9-461b-a6b6-d7578b728897,1bd3c1a8-58c9-498b-a3fe-99734a585d9e,8b17251e-7f11-4d61-b24c-7474030aaf26,account,ce177b4e-0837-48a3-9261-a7ab3aa2e4f9,2024-11-12T11:49:00Z,2024-11-12,22850785000,100000000,2024-11-12T11:49:00Z,2,100001,7f5b6f7e-1c2d-4a4e-9a51-3a3f1d3c0a01
2c4cf510-b824-4553-bebb-99ceb9f69182,INV-002119,7ef26cb7-8be0-41f0-9088-74a6be8820e7,50b2e706-5fc5-4837-a3d8-42a82cf71619,8b17251e-7f11-4d61-b24c-7474030aaf26,account,ce177b4e-0837-48a3-9261-a7ab3aa2e4f9,2024-12-26T06:49:00Z,2024-12-26,85434367000,100000000,2024-12-25T06:49:00Z,2,100001,7f5b6f7e-1c2d-4a4e-9a51-3a3f1d3c0a01
c3cf0539-eed9-4df0-b0f0-8e0cc9cf42fa,INV-002120,9a004793-b104-4488-95ed-b05627a67522,d18e2e22-0fe8-4851-895a-f2379c176ebd,8b17251e-7f11-4d61-b24c-7474030aaf26,account,ce177b4e-0837-48a3-9261-a7ab3aa2e4f9,2025-01-26T12:37:00Z,2025-01-26,19095705000,100000000,2025-01-26T12:37:00Z,2,100001,7f5b6f7e-1c2d-4a4e-9a51-3a3f1d3c0a01
e853df50-4b69-4719-a199-fd076258664c,INV-002121,54f996b7-ca9d-41ef-813e-bcded088a9a6,3bff2412-1610-4d3a-9390-d0424e7563a9,8b17251e-7f11-4d61-b24c-7474030aaf26,account,ce177b4e-0837-48a3-9261-a7ab3aa2e4f9,2025-03-08T11:44:00Z,2025-03-08,39475641000,100000000,2025-03-06T11:44:00Z,2,100001,7f5b6f7e-1c2d-4a4e-9a51-3a3f1d3c0a01
54814f15-74e2-44e3-b742-c0c340aba249,INV-002122,dac80c0c-8b20-49f0-a585-6c77b7318622,a6c8cbe7-d574-4a42-ade9-170f26b5b474,8b17251e-7f11-4d61-b24c-7474030aaf26,account,ce177b4e-0837-48a3-9261-a7ab3aa2e4f9,2025-03-02T07:46:00Z,2025-03-02,42816680000,100000000,2025-03-01T07:46:00Z,2,100001,7f5b6f7e-1c2d-4a4e-9a51-3a3f1d3c0a01
77a2af3a-bf5c-4b13-bc55-6837b5cdf968,INV-002123,19c3c1cc-5b8f-4080-90e5-0f67321023d1,aae340a1-d903-461f-bcac-cb7a54a2fab3,8b17251e-7f11-4d61-b24c-7474030aaf26,account,ce177b4e-0837-48a3-9261-a7ab3aa2e4f9,2025-03-08T04:39:00Z,2025-03-08,75205648000,100000000,2025-03-08T04:39:00Z,2,100001,7f5b6f7e-1c2d-4a4e-9a51-3a3f1d3c0a01
71a743ef-6d40-4099-9922-3aacb510e8c9,INV-002124,c8b516d4-bd63-4106-ad3a-c07723cbb1ed,e1e2c216-c267-4209-92e1-58750bab7692,8b17251e-7f11-4d61-b24c-7474030aaf26,account,ce177b4e-0837-48a3-9261-a7ab3aa2e4f9,2025-12-20T10:38:00Z,2025-12-20,54486956000,100000000,2025-12-17T10:38:00Z,2,100001,7f5b6f7e-1c2d-4a4e-9a51-3a3f1d3c0a01
2c2d49ec-d3af-4225-a5f7-473efbd6ae25,INV-002125,474d4374-f180-40a9-b04b-0212a73470a3,f343b1d4-8e08-47f5-96ad-fc7bc1d98faa,8b17251e-7f11-4d61-b24c-7474030aaf26,account,ce177b4e-0837-48a3-9261-a7ab3aa2e4f9,2026-04-18T05:15:00Z,2026-04-18,50470621000,100000000,2026-04-15T05:15:00Z,2,100001,7f5b6f7e-1c2d-4a4e-9a51-3a3f1d3c0a01
cb06c669-e106-49a6-b90f-c14fa541b1fb,INV-002126,cb705093-9e5b-40de-904f-5d95e7911982,1efb1559-6eef-4b9e-b63b-4a95a54d92b3,8b17251e-7f11-4d61-b24c-7474030aaf26,account,ce177b4e-0837-48a3-9261-a7ab3aa2e4f9,2026-04-16T04:34:00Z,2026-04-16,76117716000,100000000,2026-04-14T04:34:00Z,2,100001,7f5b6f7e-1c2d-4a4e-9a51-3a3f1d3c0a01
7805439a-7623-49ff-85ec-838804e447ca,INV-002127,7fd384ba-6198-4505-85d4-93b1b301a2dd,53114d7f-dc3c-4f85-893c-d3413872a827,8b17251e-7f11-4d61-b24c-7474030aaf26,account,ce177b4e-0837-48a3-9261-a7ab3aa2e4f9,2026-05-07T09:57:00Z,2026-05-07,96888508000,100000000,2026-05-06T09:57:00Z,2,100001,7f5b6f7e-1c2d-4a4e-9a51-3a3f1d3c0a01
f6d770d7-753d-44ea-80e9-9aaf69477e2c,INV-002128,42817187-0e11-4dfb-a380-478d950a79ff,c0302dfe-3309-4ae8-8906-81718b1f738c,8b17251e-7f11-4d61-b24c-7474030aaf26,account,ce177b4e-0837-48a3-9261-a7ab3aa2e4f9,2026-05-12T09:44:00Z,2026-05-12,65958516000,100000000,2026-05-10T09:44:00Z,2,100001,7f5b6f7e-1c2d-4a4e-9a51-3a3f1d3c0a01
cbe52a2b-1fe7-404c-b437-cd7b2ba368ae,INV-002129,bb03120a-ad5c-47b5-ac41-9c0d14bc3de0,84ad073b-f5c8-400b-a54c-7a4d1e97d1d9,eb105574-3b8e-4686-a9ec-f49c5224bc01,account,0e51f30d-c6a7-4e39-84b0-32ccd7c524a5,2025-03-01T04:51:00Z,2025-03-31,61590105000,1,2025-03-30T05:13:00Z,2,100001,7f5b6f7e-1c2d-4a4e-9a51-3a3f1d3c0a01
d13c2078-7fe8-43a0-98fc-41a05f759971,INV-002130,dbf6145e-a86b-4a66-8d8f-309c8de73ae8,a7dc6246-ba73-464e-b4b7-6f54e0014c52,eb105574-3b8e-4686-a9ec-f49c5224bc01,account,0e51f30d-c6a7-4e39-84b0-32ccd7c524a5,2025-03-27T13:21:00Z,2025-04-26,134949775000,1,2025-04-26T04:52:00Z,2,100001,7f5b6f7e-1c2d-4a4e-9a51-3a3f1d3c0a01
a1a23ac1-bc83-482b-8e6a-1c402d2af62e,INV-002131,6051f060-643d-4910-b2d0-55d4cc2b92ae,5e94f76c-bbfb-4e83-ab45-ee74dfee347c,eb105574-3b8e-4686-a9ec-f49c5224bc01,account,0e51f30d-c6a7-4e39-84b0-32ccd7c524a5,2025-03-13T07:29:00Z,2025-04-12,33028021000,1,2025-04-19T11:35:00Z,2,100001,7f5b6f7e-1c2d-4a4e-9a51-3a3f1d3c0a01
505411a1-6b22-4838-9733-1fba0cda9d81,INV-002132,8131e052-60b4-471e-ad42-30e184aa05a0,d78c972b-f38d-46bb-85b0-cd9c263e1535,eb105574-3b8e-4686-a9ec-f49c5224bc01,account,0e51f30d-c6a7-4e39-84b0-32ccd7c524a5,2025-07-05T06:55:00Z,2025-08-04,23148735000,1,2025-08-05T06:29:00Z,2,100001,7f5b6f7e-1c2d-4a4e-9a51-3a3f1d3c0a01
2fec619a-593f-47ef-9903-3020901d109c,INV-002133,48a355b7-61bd-41d8-bd91-c9a00af75eca,2b07deab-abd1-428e-b640-533567a888ba,eb105574-3b8e-4686-a9ec-f49c5224bc01,account,0e51f30d-c6a7-4e39-84b0-32ccd7c524a5,2025-12-11T08:45:00Z,2026-01-10,93147649000,1,2026-01-10T07:48:00Z,2,100001,7f5b6f7e-1c2d-4a4e-9a51-3a3f1d3c0a01
b1664996-7902-4943-aaac-d71870a9d8ef,INV-002134,98e2880c-527a-407e-8e54-0c3e9b15ad64,3bb554f6-b5d0-4641-9309-30f9ddb28551,eb105574-3b8e-4686-a9ec-f49c5224bc01,account,0e51f30d-c6a7-4e39-84b0-32ccd7c524a5,2025-12-27T10:22:00Z,2026-01-26,72744688000,1,2026-01-25T10:47:00Z,2,100001,7f5b6f7e-1c2d-4a4e-9a51-3a3f1d3c0a01
ea7836c2-37ea-4a12-85fc-5124b0834783,INV-002135,41058096-b27d-4a09-a2ea-0fe6ed0bc387,e76d6d3e-fb67-42a1-8c2a-4ea9a9e1b191,eb105574-3b8e-4686-a9ec-f49c5224bc01,account,0e51f30d-c6a7-4e39-84b0-32ccd7c524a5,2026-06-06T10:44:00Z,2026-07-06,125276234000,1,,0,4,7f5b6f7e-1c2d-4a4e-9a51-3a3f1d3c0a01
f7417691-692d-40b6-997c-addafee859a6,INV-002136,0e4ea033-da73-4088-a311-7ec806c839da,d0e44b4b-2285-4740-a61c-24e8b778cdfa,8d35e4a3-fac0-475a-8c84-a54dd3bbe9cf,account,9132b63e-f162-47e4-a9c3-49e03602f8ac,2025-03-30T13:07:00Z,2025-06-28,19662785000,100000001,2025-07-05T05:22:00Z,2,100001,7f5b6f7e-1c2d-4a4e-9a51-3a3f1d3c0a01
6c5e7d4b-6bc3-47f0-ae9a-f39e4d8e6cf0,INV-002137,ff8f5b75-d03b-4ce7-8690-a6d599706c0f,8809835e-24f8-40ce-a475-6a869a4571cd,8d35e4a3-fac0-475a-8c84-a54dd3bbe9cf,account,9132b63e-f162-47e4-a9c3-49e03602f8ac,2025-06-05T06:26:00Z,2025-09-03,10226940000,100000001,2025-09-04T09:54:00Z,2,100001,7f5b6f7e-1c2d-4a4e-9a51-3a3f1d3c0a01
cd1898cc-27a7-4f98-af3f-55d82953c3d6,INV-002138,de425272-b0c7-4fd0-9337-786cca4a16a9,eb559c2a-ba74-48dd-beaa-657b1d7390fa,8d35e4a3-fac0-475a-8c84-a54dd3bbe9cf,account,9132b63e-f162-47e4-a9c3-49e03602f8ac,2025-07-19T04:44:00Z,2025-10-17,19519942000,100000001,2025-10-18T10:03:00Z,2,100001,7f5b6f7e-1c2d-4a4e-9a51-3a3f1d3c0a01
9b89c257-a5e9-4542-80b8-11a247ba693b,INV-002139,82562124-ef7a-45be-acc5-735fc3a52da5,3552aae2-f421-4cdf-adce-c7a530c342f3,8d35e4a3-fac0-475a-8c84-a54dd3bbe9cf,account,9132b63e-f162-47e4-a9c3-49e03602f8ac,2025-11-22T04:52:00Z,2026-02-20,29436323000,100000001,2026-02-17T12:39:00Z,2,100001,7f5b6f7e-1c2d-4a4e-9a51-3a3f1d3c0a01
101af6a0-b41a-4a9e-a788-c5ebebb9eb68,INV-002140,de7b0197-b113-47dc-b781-75c6e3746923,65811b72-b751-4dc7-aa10-09e25cd521ac,0187074b-e16d-4a59-8971-42bcbe1a45f7,account,0e51f30d-c6a7-4e39-84b0-32ccd7c524a5,2025-04-24T12:36:00Z,2025-06-23,7826430000,4,2025-07-01T11:39:00Z,2,100001,7f5b6f7e-1c2d-4a4e-9a51-3a3f1d3c0a01
1f52fa3a-cc32-43f2-b308-c62b696bbb3e,INV-002141,195c878d-0b86-4c3f-ab81-28aede10bf93,ca8c2cef-f68f-4770-8afb-4e39a37dc2d4,0187074b-e16d-4a59-8971-42bcbe1a45f7,account,0e51f30d-c6a7-4e39-84b0-32ccd7c524a5,2026-03-05T13:29:00Z,2026-05-04,19378149000,4,2026-05-12T08:21:00Z,2,100001,7f5b6f7e-1c2d-4a4e-9a51-3a3f1d3c0a01
065e8b1e-4fab-44f4-9b88-cb53e831afd1,INV-002142,7027f7bd-cb03-4308-a4c4-4dff8f271552,656af5e8-3d2e-4876-94fd-876c8fe434e8,0187074b-e16d-4a59-8971-42bcbe1a45f7,account,0e51f30d-c6a7-4e39-84b0-32ccd7c524a5,2026-03-07T11:39:00Z,2026-05-06,14259161000,4,2026-05-13T10:56:00Z,2,100001,7f5b6f7e-1c2d-4a4e-9a51-3a3f1d3c0a01
ef41a773-6bfa-4218-8f87-f0cad8162bbc,INV-002143,87362836-ac55-48fc-abb8-22f0abbfb0c7,0eddb1c9-1f28-4cd0-9db4-5795a61fca77,0187074b-e16d-4a59-8971-42bcbe1a45f7,account,0e51f30d-c6a7-4e39-84b0-32ccd7c524a5,2026-04-05T12:34:00Z,2026-06-04,18792997000,4,2026-06-15T10:37:00Z,2,100001,7f5b6f7e-1c2d-4a4e-9a51-3a3f1d3c0a01
0af763f8-817e-4150-a4c3-e1a6c36a7f22,INV-002144,ee0ef974-f224-4dbe-9716-ef371b4db095,0fc25397-de05-4b0b-b97d-a389804d7826,0187074b-e16d-4a59-8971-42bcbe1a45f7,account,0e51f30d-c6a7-4e39-84b0-32ccd7c524a5,2026-06-10T08:18:00Z,2026-08-09,13317876000,4,,0,4,7f5b6f7e-1c2d-4a4e-9a51-3a3f1d3c0a01
4e8b31b1-0c01-4f8a-8e89-82dc64181524,INV-002145,89eec884-c2b9-4083-b371-55bad9bef7d8,758c70b9-992f-494d-88e9-a571971bee35,a2954ea0-f35f-475f-82bb-7a10348ea61e,account,ce177b4e-0837-48a3-9261-a7ab3aa2e4f9,2025-04-06T05:47:00Z,2025-05-06,45161449000,1,2025-05-05T10:30:00Z,2,100001,7f5b6f7e-1c2d-4a4e-9a51-3a3f1d3c0a01
10c74a3d-1b6a-4be2-a319-92873fe793c3,INV-002146,e403f76f-d067-4130-b3ec-64dcb77a7e3d,6d4cbc90-9600-4416-8001-491cea4e05fa,a2954ea0-f35f-475f-82bb-7a10348ea61e,account,ce177b4e-0837-48a3-9261-a7ab3aa2e4f9,2025-04-02T11:03:00Z,2025-05-02,46328389000,1,2025-05-06T09:07:00Z,2,100001,7f5b6f7e-1c2d-4a4e-9a51-3a3f1d3c0a01
a9fdc32e-f93b-4626-b403-77bbb902f45c,INV-002147,a92c06c4-2b7b-46a7-8aa2-e69c8042b440,f51b1877-d124-420f-a55b-a45681d8aa40,a2954ea0-f35f-475f-82bb-7a10348ea61e,account,ce177b4e-0837-48a3-9261-a7ab3aa2e4f9,2025-04-06T09:46:00Z,2025-05-06,25151535000,1,2025-05-10T06:21:00Z,2,100001,7f5b6f7e-1c2d-4a4e-9a51-3a3f1d3c0a01
451343c4-612b-45fe-afbd-913c823bd978,INV-002148,9f96d3ff-4f81-4ba8-b010-0f77f6afbd4f,a7c3f891-ca83-42f0-b808-baa0797ba29f,a2954ea0-f35f-475f-82bb-7a10348ea61e,account,ce177b4e-0837-48a3-9261-a7ab3aa2e4f9,2025-04-17T11:05:00Z,2025-05-17,34405733000,1,2025-05-15T11:00:00Z,2,100001,7f5b6f7e-1c2d-4a4e-9a51-3a3f1d3c0a01
62b06884-f19b-4921-8ead-336ed6ff1cce,INV-002149,00dc12ea-b5a5-42a7-9843-5cf0fe7aba9b,661a5dbd-2285-4d94-9220-10008a0a5b8c,a2954ea0-f35f-475f-82bb-7a10348ea61e,account,ce177b4e-0837-48a3-9261-a7ab3aa2e4f9,2025-07-06T09:31:00Z,2025-08-05,33272029000,1,2025-12-03T12:45:00Z,2,100001,7f5b6f7e-1c2d-4a4e-9a51-3a3f1d3c0a01
21cc2fe9-59b8-45cd-a52c-bfd29fedb847,INV-002150,4889f438-64d5-4145-84f6-b13600e9844b,0f110e62-9c84-474a-9377-8c32cfa188fe,a2954ea0-f35f-475f-82bb-7a10348ea61e,account,ce177b4e-0837-48a3-9261-a7ab3aa2e4f9,2025-07-12T11:32:00Z,2025-08-11,50918270000,1,2025-08-09T05:07:00Z,2,100001,7f5b6f7e-1c2d-4a4e-9a51-3a3f1d3c0a01
11c234e2-12d1-45d2-9352-f66fb9e5f91c,INV-002151,45c84524-5442-4a11-a417-101b02405ae9,505bb945-094c-4a0a-8946-02999b74b463,a2954ea0-f35f-475f-82bb-7a10348ea61e,account,ce177b4e-0837-48a3-9261-a7ab3aa2e4f9,2025-10-29T08:34:00Z,2025-11-28,89575863000,1,2025-11-27T11:50:00Z,2,100001,7f5b6f7e-1c2d-4a4e-9a51-3a3f1d3c0a01
c68576c2-26a1-4734-9109-bccc9832e8c4,INV-002152,8cfdd1f4-5eeb-497a-95e9-da42391d352f,66c861af-9cf5-46d1-bca2-a6039debdddc,a2954ea0-f35f-475f-82bb-7a10348ea61e,account,ce177b4e-0837-48a3-9261-a7ab3aa2e4f9,2025-10-14T05:00:00Z,2025-11-13,47434442000,1,2025-11-15T13:22:00Z,2,100001,7f5b6f7e-1c2d-4a4e-9a51-3a3f1d3c0a01
ff00d5c3-362c-4579-830d-e02988ae2109,INV-002153,8a16963b-f1fb-47f5-9db5-f7654a0f7212,2e2e7253-83af-459a-9e37-c22dba4bffd5,a2954ea0-f35f-475f-82bb-7a10348ea61e,account,ce177b4e-0837-48a3-9261-a7ab3aa2e4f9,2025-12-20T12:11:00Z,2026-01-19,74125370000,1,2026-05-09T07:35:00Z,2,100001,7f5b6f7e-1c2d-4a4e-9a51-3a3f1d3c0a01
ecee2c88-2aa2-4ff0-b160-f5d0457da720,INV-002154,5f85d916-6280-4c5c-94fd-f391b46bca1f,dee600d1-2989-4478-b97e-482485307a80,a2954ea0-f35f-475f-82bb-7a10348ea61e,account,ce177b4e-0837-48a3-9261-a7ab3aa2e4f9,2026-04-11T05:02:00Z,2026-05-11,37773696000,1,2026-05-09T11:08:00Z,2,100001,7f5b6f7e-1c2d-4a4e-9a51-3a3f1d3c0a01
476f6d11-ec57-4181-9585-2383bfb958b4,INV-002155,296b1be3-80bf-4d38-a64d-be88b8886ff5,6afab5ee-09e3-4000-8eb6-81247e70d77e,a2954ea0-f35f-475f-82bb-7a10348ea61e,account,ce177b4e-0837-48a3-9261-a7ab3aa2e4f9,2026-04-25T10:51:00Z,2026-05-25,57306920000,1,2026-05-28T09:38:00Z,2,100001,7f5b6f7e-1c2d-4a4e-9a51-3a3f1d3c0a01
3f5a04f1-00de-4a64-87d2-5c511ff284c9,INV-002156,f61ff8c4-0318-41b5-878f-56ac29d7ce98,3c4edcdf-f251-45c2-937f-8a8aec8b23ff,a2954ea0-f35f-475f-82bb-7a10348ea61e,account,ce177b4e-0837-48a3-9261-a7ab3aa2e4f9,2026-05-13T09:18:00Z,2026-06-12,27826885000,1,2026-06-11T11:39:00Z,2,100001,7f5b6f7e-1c2d-4a4e-9a51-3a3f1d3c0a01
5e095cfc-058b-4838-b90d-37527a8d9b92,INV-002157,19482c48-87d8-41d7-a21f-cd07cb54a053,88fc7a87-e3c9-4d93-96e2-cf06873a345d,aee8eca4-d95f-4dd3-9cb9-54c890b312ca,account,e27a984d-6548-41d0-bfcd-9eb1a7cad415,2025-11-05T13:26:00Z,2025-12-05,10492383000,1,2025-12-13T08:53:00Z,2,100001,7f5b6f7e-1c2d-4a4e-9a51-3a3f1d3c0a01
6c67ba25-f94a-4fe8-96b8-704045888551,INV-002158,634782d1-eef1-4c97-9373-34b3575afc53,2713ff83-995f-4c51-a2fe-07b9f1e4ffea,063c91f9-4eb5-4e55-bc16-470d2e112dcc,account,ce177b4e-0837-48a3-9261-a7ab3aa2e4f9,2025-10-30T10:56:00Z,2025-11-29,37720617000,1,2025-12-01T08:43:00Z,2,100001,7f5b6f7e-1c2d-4a4e-9a51-3a3f1d3c0a01
c83b43af-e289-4292-93c9-9290a9311623,INV-002159,f7085d44-f168-476f-86f1-88c9639e37c5,d8d87c52-ebf6-463b-a305-55bc58e56a62,063c91f9-4eb5-4e55-bc16-470d2e112dcc,account,ce177b4e-0837-48a3-9261-a7ab3aa2e4f9,2026-02-04T09:43:00Z,2026-03-06,68080843000,1,2026-03-03T08:34:00Z,2,100001,7f5b6f7e-1c2d-4a4e-9a51-3a3f1d3c0a01
65f3313c-736e-4dbe-ba70-596fe15175eb,INV-002160,681aee18-f888-4d0e-925c-23ffe441a192,95bd31cd-a1b9-4533-8fc8-892d9101f7d1,063c91f9-4eb5-4e55-bc16-470d2e112dcc,account,ce177b4e-0837-48a3-9261-a7ab3aa2e4f9,2026-02-25T05:18:00Z,2026-03-27,30076460000,1,2026-03-26T05:11:00Z,2,100001,7f5b6f7e-1c2d-4a4e-9a51-3a3f1d3c0a01
d3fe22d3-3011-4743-aa49-680daa5b654d,INV-002161,dae5a12f-2b29-44e9-b6a9-306a81fab19c,75014808-672e-4491-bd0f-43b942fc2dc4,7ee385c2-274f-4207-a8b1-ca19b6b581af,account,24933b83-7577-40a9-a491-f0b2ea1fca65,2025-09-27T12:45:00Z,2025-09-27,9026432000,100000000,2025-09-26T12:45:00Z,2,100001,7f5b6f7e-1c2d-4a4e-9a51-3a3f1d3c0a01
c9b54beb-c078-49a9-8f56-3aac92793743,INV-002162,562b060c-8588-45b7-a247-93d31da104fb,ec16fe5a-f29f-47b2-afa0-882f4412970c,7ee385c2-274f-4207-a8b1-ca19b6b581af,account,24933b83-7577-40a9-a491-f0b2ea1fca65,2025-12-27T05:16:00Z,2025-12-27,12200934000,100000000,2025-12-26T05:16:00Z,2,100001,7f5b6f7e-1c2d-4a4e-9a51-3a3f1d3c0a01
3b3542ee-d62a-45a8-8767-776a269de60c,INV-002163,baa09bd9-c897-4c28-b2fc-04c167e497b0,55c9caf5-cbf9-4591-ab82-5959dbfade4a,7ee385c2-274f-4207-a8b1-ca19b6b581af,account,24933b83-7577-40a9-a491-f0b2ea1fca65,2026-06-22T09:07:00Z,2026-06-22,20854198000,100000000,2026-06-20T09:07:00Z,2,100001,7f5b6f7e-1c2d-4a4e-9a51-3a3f1d3c0a01
52e174d6-d7ed-4944-a6b3-3ffb341ad1fa,INV-002164,a015c8c0-cc42-44ce-9370-eda339562202,0a72fb6f-631f-43f4-b345-0f9beb0bab73,76cfd5b6-2902-4bda-bcfc-1f9f0af689dd,account,b02b61c4-a3d7-4628-ace6-6fa2fd5166e6,2026-01-14T04:40:00Z,2026-01-14,15966656000,100000000,2026-01-11T04:40:00Z,2,100001,7f5b6f7e-1c2d-4a4e-9a51-3a3f1d3c0a01
ffa81cf6-23ba-40a1-8e02-c742a36eb543,INV-002165,fbdd1101-a57f-41f1-b34d-b84001778197,cd4e3283-84a9-4d32-a2c8-0c1548add7f2,76cfd5b6-2902-4bda-bcfc-1f9f0af689dd,account,b02b61c4-a3d7-4628-ace6-6fa2fd5166e6,2026-02-28T07:27:00Z,2026-02-28,21570832000,100000000,2026-02-26T07:27:00Z,2,100001,7f5b6f7e-1c2d-4a4e-9a51-3a3f1d3c0a01
25d7d04e-543d-479d-b54c-73e9a61e6c1c,INV-002166,2e33d7ad-1a67-4cdd-8547-25f947d1ec08,43d66770-4b21-4c48-b26c-89d3e9279222,76cfd5b6-2902-4bda-bcfc-1f9f0af689dd,account,b02b61c4-a3d7-4628-ace6-6fa2fd5166e6,2026-03-02T08:28:00Z,2026-03-02,19321564000,100000000,2026-03-01T08:28:00Z,2,100001,7f5b6f7e-1c2d-4a4e-9a51-3a3f1d3c0a01
b002b34e-1896-4778-8ffd-8c568298e401,INV-002167,42cf7c40-8729-4be4-85af-5515cd25963e,adf7de27-e114-48cd-bb68-c8950a2e45a1,76cfd5b6-2902-4bda-bcfc-1f9f0af689dd,account,b02b61c4-a3d7-4628-ace6-6fa2fd5166e6,2026-03-21T10:43:00Z,2026-03-21,27225574000,100000000,2026-03-20T10:43:00Z,2,100001,7f5b6f7e-1c2d-4a4e-9a51-3a3f1d3c0a01
6f5ff230-642d-4aeb-b5e1-4a5665aebe61,INV-002168,b9e46a8e-7c6f-41f1-8bd1-a5d2b89313db,6816439b-7aef-4ca4-ba28-95fae33daafa,76cfd5b6-2902-4bda-bcfc-1f9f0af689dd,account,b02b61c4-a3d7-4628-ace6-6fa2fd5166e6,2026-03-31T12:04:00Z,2026-03-31,17715596000,100000000,2026-03-30T12:04:00Z,2,100001,7f5b6f7e-1c2d-4a4e-9a51-3a3f1d3c0a01
ae062bc5-05bd-4a15-a373-9db4ac20e3c9,INV-002169,dc7f259e-1302-48d7-af1d-e0398835056a,88b9b0ed-4944-4b66-95b9-704cf8231baa,8b609d1e-6c72-4cf8-a11d-b3501169d505,account,10f1bc81-448a-4a9e-a6b2-bc5b50c187fc,2025-06-04T09:41:00Z,2025-07-04,20706468000,1,2025-07-05T04:57:00Z,2,100001,7f5b6f7e-1c2d-4a4e-9a51-3a3f1d3c0a01
a8df0844-dc0f-4967-82b9-2f8ccf0e508e,INV-002170,488fc455-de40-4dca-ba34-d9d2903dd51c,3af87214-8348-4ec2-a802-77923e681568,b8fcc7fd-f729-4f09-868a-00a99a2f99a7,account,10f1bc81-448a-4a9e-a6b2-bc5b50c187fc,2025-07-03T12:31:00Z,2025-07-03,18146126000,100000000,2025-07-03T12:31:00Z,2,100001,7f5b6f7e-1c2d-4a4e-9a51-3a3f1d3c0a01
3c29aac8-26b0-4d8c-af96-77912b2c59c9,INV-002171,5b14f405-2328-4ff8-addf-0b2e338c7d7d,d171d48a-aefe-4762-8654-9fc2bbacbdb3,b8fcc7fd-f729-4f09-868a-00a99a2f99a7,account,10f1bc81-448a-4a9e-a6b2-bc5b50c187fc,2026-05-19T12:04:00Z,2026-05-19,16123418000,100000000,2026-05-16T12:04:00Z,2,100001,7f5b6f7e-1c2d-4a4e-9a51-3a3f1d3c0a01
036e6174-44e5-477c-968d-c44e3b3027ce,INV-002172,3041f372-c964-4398-8247-0766858bf143,8e48d96a-af29-477c-9624-97493da15f50,aa99c64c-8950-4eb1-9595-bdbf33f0831a,account,0e51f30d-c6a7-4e39-84b0-32ccd7c524a5,2025-07-15T08:57:00Z,2025-09-13,11083853000,4,2025-09-23T06:47:00Z,2,100001,7f5b6f7e-1c2d-4a4e-9a51-3a3f1d3c0a01
05db5cc4-60e0-46ee-bcd7-6d46b76a98c5,INV-002173,bb18fdfa-1e4e-4ca5-a6e2-1b87cabcd20f,5296e6b4-cc0b-46f7-854f-3bf6a26996ce,504bd946-93c9-4ed3-b937-3c139a706219,account,b02b61c4-a3d7-4628-ace6-6fa2fd5166e6,2025-10-07T08:48:00Z,2025-11-06,27777120000,1,2025-11-11T11:27:00Z,2,100001,7f5b6f7e-1c2d-4a4e-9a51-3a3f1d3c0a01
f778d8a2-cdcd-49ca-973e-53fe9c585a8d,INV-002174,988115b8-5e80-422d-b31b-76acc78def04,2e635f98-12eb-4bd0-ad42-5aaaa753406f,504bd946-93c9-4ed3-b937-3c139a706219,account,b02b61c4-a3d7-4628-ace6-6fa2fd5166e6,2026-04-01T07:30:00Z,2026-05-01,24273115000,1,2026-05-09T06:25:00Z,2,100001,7f5b6f7e-1c2d-4a4e-9a51-3a3f1d3c0a01
a579048b-bdd8-4882-9143-feca249bface,INV-002175,5689df2f-4879-4540-a869-5e17e23554f4,2bafad20-f86f-4fa2-aa7f-58ceaa9900b6,504bd946-93c9-4ed3-b937-3c139a706219,account,b02b61c4-a3d7-4628-ace6-6fa2fd5166e6,2026-05-16T05:23:00Z,2026-06-15,15745344000,1,2026-06-20T11:44:00Z,2,100001,7f5b6f7e-1c2d-4a4e-9a51-3a3f1d3c0a01
2df4c19c-70af-40bc-bf0b-2585f14d6cb2,INV-002176,96ae84f7-0db7-438c-a0a2-4538c67793c6,5bcdf20b-e599-4f63-880a-184a1913fdef,504bd946-93c9-4ed3-b937-3c139a706219,account,b02b61c4-a3d7-4628-ace6-6fa2fd5166e6,2026-06-02T12:01:00Z,2026-07-02,14436349000,1,2026-06-29T05:11:00Z,2,100001,7f5b6f7e-1c2d-4a4e-9a51-3a3f1d3c0a01
16f4919f-0b7f-4c66-92c6-5605b0dbd23d,INV-002177,f4052f28-7d52-4843-b299-478d3eced6a5,28ce8f3e-1c45-4f59-a92e-fd2b156be6c7,1842b7ee-bfdb-4ed8-ac4b-1f95d4f3df52,account,b02b61c4-a3d7-4628-ace6-6fa2fd5166e6,2025-06-18T10:55:00Z,2025-06-18,25637421000,100000000,2025-06-18T10:55:00Z,2,100001,7f5b6f7e-1c2d-4a4e-9a51-3a3f1d3c0a01
0809f7d6-04dd-4523-a02d-ce6f3457ce2e,INV-002178,4e12816c-5007-4962-a0ea-04b63b41701f,22e20958-d81a-4ca2-ab0b-ebf68d325b8d,1842b7ee-bfdb-4ed8-ac4b-1f95d4f3df52,account,b02b61c4-a3d7-4628-ace6-6fa2fd5166e6,2026-05-11T05:35:00Z,2026-05-11,26383469000,100000000,2026-05-09T05:35:00Z,2,100001,7f5b6f7e-1c2d-4a4e-9a51-3a3f1d3c0a01
7fe14cbb-0941-454a-8dd2-9f82184c08f4,INV-002179,2fc21b63-d5ee-4462-841c-50f8848a5fee,330604ec-056c-4e26-a80f-70678b4a2af7,652d4876-2dd2-45e6-aff3-4f0cc65341a2,account,beb79919-3f22-4af8-a3be-d01d43cf2fde,2025-10-11T04:32:00Z,2025-12-10,42147885000,4,2025-12-15T09:17:00Z,2,100001,7f5b6f7e-1c2d-4a4e-9a51-3a3f1d3c0a01
e04f6b1f-12fe-4c5a-9ce2-625e07cafab6,INV-002180,b99c0a9b-c770-4125-aef4-7f89bd3cdccb,e4265122-0389-4626-800f-cc9614a8d958,652d4876-2dd2-45e6-aff3-4f0cc65341a2,account,beb79919-3f22-4af8-a3be-d01d43cf2fde,2025-11-22T04:53:00Z,2026-01-21,5284748000,4,2026-01-31T12:37:00Z,2,100001,7f5b6f7e-1c2d-4a4e-9a51-3a3f1d3c0a01
13ae1b64-2d58-4351-bb19-638ac863593b,INV-002181,cf383291-b80d-4e74-9245-87f49f460935,0f9ae8bd-f3f2-4db6-af76-313412665d87,652d4876-2dd2-45e6-aff3-4f0cc65341a2,account,beb79919-3f22-4af8-a3be-d01d43cf2fde,2025-12-04T08:11:00Z,2026-02-02,21486994000,4,2026-02-11T10:49:00Z,2,100001,7f5b6f7e-1c2d-4a4e-9a51-3a3f1d3c0a01
08cc09af-df94-4fc5-88cf-51e99700ffdb,INV-002182,1184d9eb-e571-4eb6-a09a-296185caa39d,6a9cfe29-2e3f-4082-9046-db4ed8e6f74d,9a437632-7231-4218-933e-721871c8fb57,account,9132b63e-f162-47e4-a9c3-49e03602f8ac,2025-11-26T10:10:00Z,2026-01-25,33308283000,4,2026-02-01T09:09:00Z,2,100001,7f5b6f7e-1c2d-4a4e-9a51-3a3f1d3c0a01
6c122a8e-d678-4643-a544-6d65d0a7154b,INV-002183,5aa213c6-9492-4d6e-bfef-b3dc8564fc95,8387ed7f-7de2-42c1-bbe9-d3edd0d1dee8,9a437632-7231-4218-933e-721871c8fb57,account,9132b63e-f162-47e4-a9c3-49e03602f8ac,2025-12-20T13:22:00Z,2026-02-18,73106923000,4,2026-03-03T11:30:00Z,2,100001,7f5b6f7e-1c2d-4a4e-9a51-3a3f1d3c0a01
a54994fb-27c5-458c-b87a-bc6df689d598,INV-002184,6504c618-c082-4c3c-a1a1-16a32300a017,0048989c-67da-446f-988d-66d9c9fb57aa,9a437632-7231-4218-933e-721871c8fb57,account,9132b63e-f162-47e4-a9c3-49e03602f8ac,2025-12-17T12:11:00Z,2026-02-15,100754579000,4,2026-02-21T06:37:00Z,2,100001,7f5b6f7e-1c2d-4a4e-9a51-3a3f1d3c0a01
7df6bf37-eb29-4415-936e-e5090a34b7b3,INV-002185,60a95caf-021e-4d94-b0ca-4de1964417bc,3759ebcb-333e-4b24-b4bd-31aa3c4a416c,9a437632-7231-4218-933e-721871c8fb57,account,9132b63e-f162-47e4-a9c3-49e03602f8ac,2026-03-12T11:49:00Z,2026-05-11,59367079000,4,2026-05-09T07:43:00Z,2,100001,7f5b6f7e-1c2d-4a4e-9a51-3a3f1d3c0a01
a811b5ba-881f-4362-94e2-f51b6e482ec2,INV-002186,47d6838b-8b44-4313-8130-4581c61c79cb,e6eead08-1b04-4b3f-b39d-723440d04aee,9a437632-7231-4218-933e-721871c8fb57,account,9132b63e-f162-47e4-a9c3-49e03602f8ac,2026-02-23T04:44:00Z,2026-04-24,34249749000,4,2026-04-22T06:48:00Z,2,100001,7f5b6f7e-1c2d-4a4e-9a51-3a3f1d3c0a01
c2fdeef7-5ca8-495c-be96-31be0d5232ae,INV-002187,83e20b99-2265-477f-b911-3459fec46cc5,d119e018-bead-4dca-bff0-faafdf573730,167d4184-a86a-458f-ba11-169426c1549a,account,5304317f-af42-412f-b838-b3268e944239,2025-09-08T06:34:00Z,2025-10-08,64918699000,1,2025-10-08T06:05:00Z,2,100001,7f5b6f7e-1c2d-4a4e-9a51-3a3f1d3c0a01
4b56c364-b7bc-45a2-b892-b655d80bf367,INV-002188,95493e11-ca9e-470a-a615-2e0277f9a2be,2007d434-b1c1-4f4b-95dc-652c62974a7a,167d4184-a86a-458f-ba11-169426c1549a,account,5304317f-af42-412f-b838-b3268e944239,2025-09-20T12:20:00Z,2025-10-20,104923927000,1,2025-10-18T07:45:00Z,2,100001,7f5b6f7e-1c2d-4a4e-9a51-3a3f1d3c0a01
ac22d0ee-478c-4bf0-94a2-286980364925,INV-002189,e8667e2a-ef7d-4283-8dd1-49dd2f3b55f8,29b812f7-3484-4f5e-94e8-748296f5d02d,167d4184-a86a-458f-ba11-169426c1549a,account,5304317f-af42-412f-b838-b3268e944239,2025-11-02T04:36:00Z,2025-12-02,71020017000,1,2025-11-30T12:43:00Z,2,100001,7f5b6f7e-1c2d-4a4e-9a51-3a3f1d3c0a01
7e096057-67ff-48b3-80e6-16c716799ede,INV-002190,0a2f6639-cd5d-4a83-b6aa-e31f7dc980c0,7727470f-e8de-4522-a324-e515960ebd8e,056760f8-0de9-4292-98b5-e7e188ef88f7,account,b02b61c4-a3d7-4628-ace6-6fa2fd5166e6,2025-08-13T08:38:00Z,2025-09-12,43068545000,1,2025-09-28T11:44:00Z,2,100001,7f5b6f7e-1c2d-4a4e-9a51-3a3f1d3c0a01
52a09703-0597-454e-bf45-db22ed389fc7,INV-002191,a9a41f56-2d5f-4fb6-af01-c6873c784ce2,0f881606-9e49-452d-b021-301ab1b0ad54,056760f8-0de9-4292-98b5-e7e188ef88f7,account,b02b61c4-a3d7-4628-ace6-6fa2fd5166e6,2025-11-24T06:02:00Z,2025-12-24,118420611000,1,,0,4,7f5b6f7e-1c2d-4a4e-9a51-3a3f1d3c0a01
95441010-52fe-4b4b-a5a2-a1070a0ea7f7,INV-002192,6eec5359-5d01-4658-9336-dc3dd4a83f4e,47288998-7e26-47c0-9ea2-72201e8ae620,056760f8-0de9-4292-98b5-e7e188ef88f7,account,b02b61c4-a3d7-4628-ace6-6fa2fd5166e6,2025-12-29T06:23:00Z,2026-01-28,77236844000,1,2026-02-21T10:27:00Z,2,100001,7f5b6f7e-1c2d-4a4e-9a51-3a3f1d3c0a01
30f6d481-431c-4be2-a8cd-ee47978082ab,INV-002193,b8f09225-98a5-46e5-8bd1-4aac31bda600,52eedae0-9090-4347-84b5-13abeb15290f,056760f8-0de9-4292-98b5-e7e188ef88f7,account,b02b61c4-a3d7-4628-ace6-6fa2fd5166e6,2025-12-17T05:18:00Z,2026-01-16,73921318000,1,2026-01-15T09:03:00Z,2,100001,7f5b6f7e-1c2d-4a4e-9a51-3a3f1d3c0a01
a837fc40-c3e0-42ea-ad1d-f3393c827287,INV-002194,0cc253f6-88c5-49b4-b48a-82b74ae67222,18d69fe9-a67c-4363-a04a-8eee857b6aa7,056760f8-0de9-4292-98b5-e7e188ef88f7,account,b02b61c4-a3d7-4628-ace6-6fa2fd5166e6,2026-01-21T08:01:00Z,2026-02-20,37348671000,1,2026-02-21T12:06:00Z,2,100001,7f5b6f7e-1c2d-4a4e-9a51-3a3f1d3c0a01
50ba9a1d-136f-478e-a8e0-e10b23779d75,INV-002195,c4f40389-d61e-4816-bd7e-84661ce2829e,05db59c0-d621-4e7e-9629-bce7c51848bf,056760f8-0de9-4292-98b5-e7e188ef88f7,account,b02b61c4-a3d7-4628-ace6-6fa2fd5166e6,2026-05-26T06:34:00Z,2026-06-25,83321704000,1,2026-06-24T05:14:00Z,2,100001,7f5b6f7e-1c2d-4a4e-9a51-3a3f1d3c0a01
f8c657d5-8b7c-4a6e-8614-38aa7f8a00a5,INV-002196,f91e7cff-db66-4973-81d9-1bc688df3618,5c2f3c97-ee4e-4913-999a-89a5b77af220,152b7fbd-aa15-47d3-b4ec-733defe47a7e,account,e27a984d-6548-41d0-bfcd-9eb1a7cad415,2025-08-16T11:16:00Z,2025-10-15,23059297000,4,2025-10-12T05:04:00Z,2,100001,7f5b6f7e-1c2d-4a4e-9a51-3a3f1d3c0a01
ab482f90-bdd8-4f9a-84a1-97f081a36e48,INV-002197,ffd32439-e7cb-4dda-9f23-dfd803c3c615,f691a285-489a-46e6-b7e0-075a599a3098,152b7fbd-aa15-47d3-b4ec-733defe47a7e,account,e27a984d-6548-41d0-bfcd-9eb1a7cad415,2025-08-21T06:26:00Z,2025-10-20,60014135000,4,2025-10-21T08:44:00Z,2,100001,7f5b6f7e-1c2d-4a4e-9a51-3a3f1d3c0a01
61b380cc-bee7-47d5-9496-f4d6c3ba6b8c,INV-002198,a1289836-a18a-4da2-892b-0db592031e17,44241f5f-b076-4410-b299-433c91b5dae9,152b7fbd-aa15-47d3-b4ec-733defe47a7e,account,e27a984d-6548-41d0-bfcd-9eb1a7cad415,2025-10-01T10:29:00Z,2025-11-30,55280778000,4,2025-11-30T09:28:00Z,2,100001,7f5b6f7e-1c2d-4a4e-9a51-3a3f1d3c0a01
9ea121a8-26b0-4ded-a33a-47e58a937f33,INV-002199,065e8031-9e20-4d2d-a12d-7ace25305568,38ff40b7-36cc-4d5b-832f-3de24ecd375c,c683315a-fcfb-436c-8642-b41abf4cc28d,account,10f1bc81-448a-4a9e-a6b2-bc5b50c187fc,2025-10-30T09:46:00Z,2025-10-30,7317796000,100000000,2025-10-29T09:46:00Z,2,100001,7f5b6f7e-1c2d-4a4e-9a51-3a3f1d3c0a01
6dae1708-cf48-40f5-bbf8-2c207bd1d8cf,INV-002200,3dd4fa5b-3cba-4e55-bc58-4a2f74ed2c10,ed821db2-bcca-4549-919e-076a0d22ad3d,c683315a-fcfb-436c-8642-b41abf4cc28d,account,10f1bc81-448a-4a9e-a6b2-bc5b50c187fc,2026-01-07T12:41:00Z,2026-01-07,17261873000,100000000,2026-01-05T12:41:00Z,2,100001,7f5b6f7e-1c2d-4a4e-9a51-3a3f1d3c0a01
14baf2dc-abf7-4b0e-8025-c6f44e57900e,INV-002201,74e6f221-7b51-4621-8ea9-0bfd48a36314,c9b20b42-f920-4b7b-9cdb-0295292e887d,c683315a-fcfb-436c-8642-b41abf4cc28d,account,10f1bc81-448a-4a9e-a6b2-bc5b50c187fc,2026-01-15T13:00:00Z,2026-01-15,19620655000,100000000,2026-01-13T13:00:00Z,2,100001,7f5b6f7e-1c2d-4a4e-9a51-3a3f1d3c0a01
7ca03c13-201e-4bad-9bba-dc517ff0498c,INV-002202,c38af334-eb71-46bf-96ef-f8980604f03b,91fa74e6-4123-42a8-80b4-acf3acd59b0c,81f1a440-0783-4ed6-82e7-18a769fba3fa,account,e27a984d-6548-41d0-bfcd-9eb1a7cad415,2025-09-30T04:32:00Z,2025-10-30,6863643000,1,2025-10-30T05:05:00Z,2,100001,7f5b6f7e-1c2d-4a4e-9a51-3a3f1d3c0a01
2f498ac4-1329-4708-936e-4a35365d511a,INV-002203,c0cc115d-006b-489f-b124-9f7238708028,b24047e0-8227-42ee-8ad8-dbf61b00c64b,81f1a440-0783-4ed6-82e7-18a769fba3fa,account,e27a984d-6548-41d0-bfcd-9eb1a7cad415,2025-09-30T04:48:00Z,2025-10-30,18666026000,1,2025-10-29T07:25:00Z,2,100001,7f5b6f7e-1c2d-4a4e-9a51-3a3f1d3c0a01
e95ae3a4-f856-421b-9185-e194ef4e0785,INV-002204,d6ef8308-c883-4d75-9ac8-830473df5a9e,57a24496-472b-47c2-9403-2a3b40bdcd9f,049bf703-a6ff-4014-8b10-603231e97228,account,5304317f-af42-412f-b838-b3268e944239,2025-10-04T09:40:00Z,2025-10-04,9952913000,100000000,2025-10-04T09:40:00Z,2,100001,7f5b6f7e-1c2d-4a4e-9a51-3a3f1d3c0a01
6e521dcb-3ac2-4d4a-a2bb-6ace2c219c9c,INV-002205,6b2de79b-2b31-46e8-b485-aebed077577f,5147a0b9-0899-44cb-9f80-826280130e25,049bf703-a6ff-4014-8b10-603231e97228,account,5304317f-af42-412f-b838-b3268e944239,2025-11-03T10:57:00Z,2025-11-03,31616273000,100000000,2025-11-02T10:57:00Z,2,100001,7f5b6f7e-1c2d-4a4e-9a51-3a3f1d3c0a01
c312cd3c-dacb-4254-bb4c-7892ee844653,INV-002206,a3ffed99-d54d-4ccb-94d7-4cb68533bfef,fa6b2b3b-57ab-4b9c-8012-d01344c21fbf,049bf703-a6ff-4014-8b10-603231e97228,account,5304317f-af42-412f-b838-b3268e944239,2025-12-27T13:13:00Z,2025-12-27,43123853000,100000000,2025-12-27T13:13:00Z,2,100001,7f5b6f7e-1c2d-4a4e-9a51-3a3f1d3c0a01
3afc8a26-443c-4af2-ba99-7da03a3d17b3,INV-002207,69434f83-699f-47a9-a413-bbfa967794ed,a1be9bed-df6d-4f29-84d1-236cc73ca751,0299b709-2a27-496c-b4f1-c64dc8da7e18,account,0e51f30d-c6a7-4e39-84b0-32ccd7c524a5,2026-04-18T05:19:00Z,2026-06-17,45017891000,4,2026-06-15T12:43:00Z,2,100001,7f5b6f7e-1c2d-4a4e-9a51-3a3f1d3c0a01
17510ccc-25a4-4972-abe0-28fd75741fd3,INV-002208,71e15cce-8d47-405f-9bbb-d77c6ece5825,27c58702-f3fb-4910-8bab-9112128a7af4,04ba16cc-e5d1-4a78-9e01-9bfea0cd173d,account,5304317f-af42-412f-b838-b3268e944239,2025-10-19T10:11:00Z,2025-11-18,54238069000,1,2026-05-17T09:28:00Z,2,100001,7f5b6f7e-1c2d-4a4e-9a51-3a3f1d3c0a01
c6f2f357-a822-42ac-ae28-25eb99a96c42,INV-002209,701991b9-f26a-40d6-8921-2fae0198f644,34d33e32-63e8-4e99-a629-ad0ad28ed236,04ba16cc-e5d1-4a78-9e01-9bfea0cd173d,account,5304317f-af42-412f-b838-b3268e944239,2026-02-10T12:49:00Z,2026-03-12,159768058000,1,2026-03-25T10:52:00Z,2,100001,7f5b6f7e-1c2d-4a4e-9a51-3a3f1d3c0a01
40fdd7e0-ccfe-4c15-a06d-5893f87a079f,INV-002210,b464107f-80d0-4df3-a1e7-31ab138e13cb,4739b0e9-0de8-47ce-a31c-d1ccfdc3bda1,04ba16cc-e5d1-4a78-9e01-9bfea0cd173d,account,5304317f-af42-412f-b838-b3268e944239,2026-04-29T12:00:00Z,2026-05-29,39149238000,1,2026-06-10T05:38:00Z,2,100001,7f5b6f7e-1c2d-4a4e-9a51-3a3f1d3c0a01
7791d00a-2c49-4eca-80af-87c6e7b561ec,INV-002211,1e83070f-5d97-4671-bad4-cd966f07cce8,eca6b9cb-b9d8-4955-a8ba-6763cf1e20d2,04ba16cc-e5d1-4a78-9e01-9bfea0cd173d,account,5304317f-af42-412f-b838-b3268e944239,2026-06-27T08:17:00Z,2026-07-27,13772056000,1,,0,4,7f5b6f7e-1c2d-4a4e-9a51-3a3f1d3c0a01
9ff4a2ab-debb-427a-8f89-0443b7446422,INV-002212,94c4d14d-596a-4f77-9ac7-32443a98bfd8,58b74bfc-0b80-4853-bc0c-b8a11ec143ee,04ba16cc-e5d1-4a78-9e01-9bfea0cd173d,account,5304317f-af42-412f-b838-b3268e944239,2026-06-24T10:08:00Z,2026-07-24,14010036000,1,,0,4,7f5b6f7e-1c2d-4a4e-9a51-3a3f1d3c0a01
3daa6d12-9107-4504-8cb1-4de065d621e2,INV-002213,7db56b57-47e5-4976-9182-b7abcef689e1,44e45e3a-cd14-447a-8051-68407c092f4a,0343dad2-6d8a-44b2-88cb-4fb10f2aea08,account,e27a984d-6548-41d0-bfcd-9eb1a7cad415,2025-08-16T12:48:00Z,2025-09-15,15150737000,1,2025-10-04T04:53:00Z,2,100001,7f5b6f7e-1c2d-4a4e-9a51-3a3f1d3c0a01
483f1f2f-a236-4553-a0ea-17d9c4675a58,INV-002214,08ea72f4-0b92-46ae-9ebc-b98457eaec9f,e97a11ce-1dda-4ff8-b720-20c6b23a7b80,0343dad2-6d8a-44b2-88cb-4fb10f2aea08,account,e27a984d-6548-41d0-bfcd-9eb1a7cad415,2025-09-20T13:03:00Z,2025-10-20,19840776000,1,2025-10-22T07:47:00Z,2,100001,7f5b6f7e-1c2d-4a4e-9a51-3a3f1d3c0a01
20cb26f1-4496-49a8-942a-8ecc6cd1ed59,INV-002215,86d4e34c-a359-42cf-a33d-8995422ad005,a7866c7d-98c9-42c4-b8ea-51f3b15aa4de,0343dad2-6d8a-44b2-88cb-4fb10f2aea08,account,e27a984d-6548-41d0-bfcd-9eb1a7cad415,2025-10-19T11:16:00Z,2025-11-18,17975848000,1,2025-11-17T09:38:00Z,2,100001,7f5b6f7e-1c2d-4a4e-9a51-3a3f1d3c0a01
759253ba-e06f-435d-b651-33bbbe81625f,INV-002216,fc31d07a-7ba2-42d4-9ba3-a5f9fa02db80,102f760e-a39e-4989-87d4-1b09edef4395,0343dad2-6d8a-44b2-88cb-4fb10f2aea08,account,e27a984d-6548-41d0-bfcd-9eb1a7cad415,2026-01-20T06:58:00Z,2026-02-19,10737434000,1,,0,4,7f5b6f7e-1c2d-4a4e-9a51-3a3f1d3c0a01
936b148d-88ac-4ebe-afa4-dee92985b3b4,INV-002217,f2797657-efeb-48d9-bf35-5f45f7093e08,473772d1-fbf4-4d8e-b12a-534befff80d1,0343dad2-6d8a-44b2-88cb-4fb10f2aea08,account,e27a984d-6548-41d0-bfcd-9eb1a7cad415,2026-03-23T05:56:00Z,2026-04-22,25161722000,1,,0,4,7f5b6f7e-1c2d-4a4e-9a51-3a3f1d3c0a01
cf4e16ac-9e63-4281-a7ec-34c58d237d56,INV-002218,eb6feda7-4b97-4040-b9c2-6e913b48ea7b,c1ac89fa-8d19-4f57-a6cc-9064cf8b4b7f,758d9a65-73bc-47d7-8c3a-275a21435a7f,account,5304317f-af42-412f-b838-b3268e944239,2025-08-05T08:48:00Z,2025-08-05,51890775000,100000000,2025-08-02T08:48:00Z,2,100001,7f5b6f7e-1c2d-4a4e-9a51-3a3f1d3c0a01
8f345167-1f5f-4bf1-88a3-fa627e4d38e4,INV-002219,a0ad80cd-323c-49f8-a31c-18f2f7d5c39a,70cbcd5e-9877-43b2-a9ef-ce043659b08d,758d9a65-73bc-47d7-8c3a-275a21435a7f,account,5304317f-af42-412f-b838-b3268e944239,2025-09-01T11:09:00Z,2025-09-01,18333294000,100000000,2025-08-31T11:09:00Z,2,100001,7f5b6f7e-1c2d-4a4e-9a51-3a3f1d3c0a01
14737e7a-210f-407b-8a85-bf3ead8b8679,INV-002220,3bf718cd-1446-46d2-88ba-622314f7f432,9d5232cd-673b-4d0c-ac26-4a457cb312ce,758d9a65-73bc-47d7-8c3a-275a21435a7f,account,5304317f-af42-412f-b838-b3268e944239,2025-10-25T05:15:00Z,2025-10-25,52111896000,100000000,2025-10-25T05:15:00Z,2,100001,7f5b6f7e-1c2d-4a4e-9a51-3a3f1d3c0a01
c4a8be5f-31bb-40fa-80b6-8f99c6deb1da,INV-002221,16542295-3575-4099-9ea2-630bb6d6cf04,7e731cf9-960b-4a2d-9084-e9ee24265f3a,758d9a65-73bc-47d7-8c3a-275a21435a7f,account,5304317f-af42-412f-b838-b3268e944239,2026-02-04T04:49:00Z,2026-02-04,132941010000,100000000,2026-02-04T04:49:00Z,2,100001,7f5b6f7e-1c2d-4a4e-9a51-3a3f1d3c0a01
e722fc63-cb96-4f9f-a92c-9088d0f81319,INV-002222,61cf0dfc-9c2c-434b-aff9-595f2457622b,9dfafab8-1c0d-4d32-b00b-a254c391d38e,758d9a65-73bc-47d7-8c3a-275a21435a7f,account,5304317f-af42-412f-b838-b3268e944239,2026-04-21T07:26:00Z,2026-04-21,243135216000,100000000,2026-04-18T07:26:00Z,2,100001,7f5b6f7e-1c2d-4a4e-9a51-3a3f1d3c0a01
19354911-0635-4bc7-92f6-ca503abbc5e9,INV-002223,9f50a293-4a8d-442b-8009-f032a4422a48,836c8e90-181c-4ddc-9a52-566f935f71fa,758d9a65-73bc-47d7-8c3a-275a21435a7f,account,5304317f-af42-412f-b838-b3268e944239,2026-05-02T12:34:00Z,2026-05-02,50781532000,100000000,2026-04-30T12:34:00Z,2,100001,7f5b6f7e-1c2d-4a4e-9a51-3a3f1d3c0a01
a8f77316-e07b-4634-a3ce-3cd615229e85,INV-002224,7e473bbd-9721-4dfe-b4a4-4e7c247175b5,f9add34e-a95c-43de-812b-43821a1b3c36,758d9a65-73bc-47d7-8c3a-275a21435a7f,account,5304317f-af42-412f-b838-b3268e944239,2026-04-26T06:53:00Z,2026-04-26,64275190000,100000000,2026-04-23T06:53:00Z,2,100001,7f5b6f7e-1c2d-4a4e-9a51-3a3f1d3c0a01
55028cc2-2b3e-4368-9fb8-a3b9bf14d7c9,INV-002225,7708ab32-6a23-4e38-8d2e-1ec08fbffd48,f2f2916e-3ce8-4682-8f19-14d3b92e930a,6e7cb018-bf11-4b44-8757-b010c7602e01,account,5304317f-af42-412f-b838-b3268e944239,2025-08-21T07:17:00Z,2025-10-20,143177000000,4,2025-10-25T13:26:00Z,2,100001,7f5b6f7e-1c2d-4a4e-9a51-3a3f1d3c0a01
8727cef8-7675-443e-baed-5d82eecbd414,INV-002226,4efc8e8f-dea2-4a39-b78e-2449ceb93d54,b9bde635-fc82-4a95-b423-71ba698ba38b,6e7cb018-bf11-4b44-8757-b010c7602e01,account,5304317f-af42-412f-b838-b3268e944239,2026-06-01T11:37:00Z,2026-07-31,57677020000,4,,0,4,7f5b6f7e-1c2d-4a4e-9a51-3a3f1d3c0a01
edc414c1-2fec-45d2-8670-28b094e70964,INV-002227,21d20191-3bd0-4178-a93b-34ae92a46107,643b413e-7140-4690-9809-11dc20e7d479,6c3eff5d-dd0e-432f-ab19-1261886f5d21,account,beb79919-3f22-4af8-a3be-d01d43cf2fde,2026-04-11T11:09:00Z,2026-05-11,9474085000,1,2026-05-20T11:52:00Z,2,100001,7f5b6f7e-1c2d-4a4e-9a51-3a3f1d3c0a01
8c904e17-6a36-4143-bbbc-a6c772e3bef0,INV-002228,2f0b28c8-16b0-47a9-abe3-5f72f43eb0d6,75b4db4d-7f8a-4775-8538-e1ee016ddfa6,8c0499ff-71e6-4566-8309-35fa5a7e4e9d,account,10f1bc81-448a-4a9e-a6b2-bc5b50c187fc,2026-06-27T05:51:00Z,2026-08-26,36490808000,4,,0,4,7f5b6f7e-1c2d-4a4e-9a51-3a3f1d3c0a01
67a7f58a-bc4b-40cc-a353-f8c637a6561f,INV-002229,772e66e1-0b3d-41af-96f3-19792751a2ee,1a8b867d-3025-41ab-ac08-0dc58f39018a,d40c66be-2b5f-463c-a11d-70ab145a09ad,account,366eb16f-508e-4ad7-b7c9-3acfe059a0ee,2026-04-16T07:01:00Z,2026-05-16,15983696000,1,2026-05-18T05:28:00Z,2,100001,7f5b6f7e-1c2d-4a4e-9a51-3a3f1d3c0a01
26d4085f-c6fb-48ff-82d3-e788cecfff3b,INV-002230,85490478-c3e1-4978-be21-fc3ef7c9b9d5,e7920c3c-f9ee-42a1-a049-69fb5433343d,b14f7ce1-9278-478b-9db8-05b5584ee369,account,5304317f-af42-412f-b838-b3268e944239,2026-06-09T12:46:00Z,2026-07-09,27886537000,1,,0,4,7f5b6f7e-1c2d-4a4e-9a51-3a3f1d3c0a01
c5e393ce-489c-49f0-a892-d56f20132329,INV-002231,8def94e7-fc37-404f-905a-d86d09ba9ff3,87306c85-0327-422c-b95b-0996f5221c9b,4d4f6a43-edf4-41b5-80a3-d4f68811fcc6,account,e27a984d-6548-41d0-bfcd-9eb1a7cad415,2024-08-03T09:58:00Z,2024-08-03,35573478000,100000000,2024-08-02T09:58:00Z,2,100001,7f5b6f7e-1c2d-4a4e-9a51-3a3f1d3c0a01
9a6d8aba-d61e-41dd-9a8e-be584aab4b00,INV-002232,233a5ad5-d9da-4fa9-a53e-3ec4e1102b0c,b9bc7122-bf0f-4c52-84cc-c81df8830647,4d4f6a43-edf4-41b5-80a3-d4f68811fcc6,account,e27a984d-6548-41d0-bfcd-9eb1a7cad415,2024-09-16T07:49:00Z,2024-09-16,27727010000,100000000,2024-09-16T07:49:00Z,2,100001,7f5b6f7e-1c2d-4a4e-9a51-3a3f1d3c0a01
fc849f00-a00a-43bd-b298-bb752c1c0380,INV-002233,48dcb3e7-40e5-4954-abb8-0bc08513be1f,a177bd72-e54a-4263-aeb1-fd93c9843a6f,4d4f6a43-edf4-41b5-80a3-d4f68811fcc6,account,e27a984d-6548-41d0-bfcd-9eb1a7cad415,2024-12-05T04:41:00Z,2024-12-05,50369561000,100000000,2024-12-05T04:41:00Z,2,100001,7f5b6f7e-1c2d-4a4e-9a51-3a3f1d3c0a01
6ca653b7-9fb9-4839-9096-da0015a838a6,INV-002234,3546e76f-f4de-4034-a7eb-5f00f2499b8b,c741509a-b84b-41db-86a5-f4ac586f7a14,4d4f6a43-edf4-41b5-80a3-d4f68811fcc6,account,e27a984d-6548-41d0-bfcd-9eb1a7cad415,2025-02-15T12:42:00Z,2025-02-15,33708639000,100000000,2025-02-12T12:42:00Z,2,100001,7f5b6f7e-1c2d-4a4e-9a51-3a3f1d3c0a01
05ce2a75-0f85-4877-9bd8-7f3f3ac770db,INV-002235,0d0151d0-17a0-4e72-8597-9c34c1148050,7d1eb6e3-7ae1-4344-9739-4b99f68de59d,4d4f6a43-edf4-41b5-80a3-d4f68811fcc6,account,e27a984d-6548-41d0-bfcd-9eb1a7cad415,2025-10-27T07:58:00Z,2025-10-27,88508769000,100000000,2025-10-27T07:58:00Z,2,100001,7f5b6f7e-1c2d-4a4e-9a51-3a3f1d3c0a01
16268d7c-fefd-434d-9891-098c780d437b,INV-002236,42792f10-f378-4b96-91c6-a31365513219,0a9ec40c-fd7a-4858-b2d4-4e987fb9acde,4d4f6a43-edf4-41b5-80a3-d4f68811fcc6,account,e27a984d-6548-41d0-bfcd-9eb1a7cad415,2026-04-18T13:03:00Z,2026-04-18,39160623000,100000000,2026-04-17T13:03:00Z,2,100001,7f5b6f7e-1c2d-4a4e-9a51-3a3f1d3c0a01
c6a3f2ca-beb0-4ffb-a43e-4e12d3072433,INV-002237,8b2a56f1-e68c-46b6-938f-65e0d5865f50,ffcf43ba-f1de-4a9a-9812-f0bc62281bc8,4d4f6a43-edf4-41b5-80a3-d4f68811fcc6,account,e27a984d-6548-41d0-bfcd-9eb1a7cad415,2026-05-19T05:30:00Z,2026-05-19,43098868000,100000000,2026-05-18T05:30:00Z,2,100001,7f5b6f7e-1c2d-4a4e-9a51-3a3f1d3c0a01
f6f98ed1-0de7-4fc4-b012-6a5e258ed6e0,INV-002238,7a32b78f-6061-44c8-b065-297e0587247c,4d249e89-e1d4-482b-b792-fd70abf44f85,4d4f6a43-edf4-41b5-80a3-d4f68811fcc6,account,e27a984d-6548-41d0-bfcd-9eb1a7cad415,2026-06-29T09:36:00Z,2026-06-29,29617141000,100000000,2026-06-28T09:36:00Z,2,100001,7f5b6f7e-1c2d-4a4e-9a51-3a3f1d3c0a01
f71bf76a-691a-40bc-bbb7-62edd3f09b94,INV-002239,2ab1566f-a0ab-4667-b9b6-336017cc8fe8,fce53013-d8e1-4bf6-a8a5-645a1e399610,83aabf08-2024-45b5-98d0-5a5948724928,account,5304317f-af42-412f-b838-b3268e944239,2025-02-09T05:58:00Z,2025-03-11,8597696000,1,2025-03-10T04:45:00Z,2,100001,7f5b6f7e-1c2d-4a4e-9a51-3a3f1d3c0a01
51df0ae7-eccf-4bc3-bc47-16594dca33f1,INV-002240,cfb30ad9-0d43-4cf4-905b-b2bb720dc48f,aa0a7abc-2b1a-45bc-8f61-c602eef267f2,83aabf08-2024-45b5-98d0-5a5948724928,account,5304317f-af42-412f-b838-b3268e944239,2025-02-15T07:22:00Z,2025-03-17,16591511000,1,2025-03-19T10:19:00Z,2,100001,7f5b6f7e-1c2d-4a4e-9a51-3a3f1d3c0a01
c9b1216a-020a-4ae4-a4b2-d042e3cf9800,INV-002241,2575134f-73de-46a2-9d77-b0689df8815d,3d77a01f-7b16-4be4-b5f2-b540be0c4cbf,83aabf08-2024-45b5-98d0-5a5948724928,account,5304317f-af42-412f-b838-b3268e944239,2025-03-08T06:52:00Z,2025-04-07,16621009000,1,2025-04-05T13:21:00Z,2,100001,7f5b6f7e-1c2d-4a4e-9a51-3a3f1d3c0a01
40918db2-c106-407d-9f79-5d4c5b07d898,INV-002242,08b6866f-1e8e-488f-93dc-306374b1fd87,df7fd240-9d8c-45dc-af23-db2e109025db,83aabf08-2024-45b5-98d0-5a5948724928,account,5304317f-af42-412f-b838-b3268e944239,2025-06-26T07:45:00Z,2025-07-26,16173622000,1,2025-08-12T06:37:00Z,2,100001,7f5b6f7e-1c2d-4a4e-9a51-3a3f1d3c0a01
ed5b831f-2d81-45a7-a66e-19b4b41c326b,INV-002243,7390cf8d-c01f-400a-8fdc-417c523a5fc0,7d13d6b7-6d63-4d8e-bedb-d45186061ceb,83aabf08-2024-45b5-98d0-5a5948724928,account,5304317f-af42-412f-b838-b3268e944239,2025-07-19T11:24:00Z,2025-08-18,12412505000,1,2025-08-16T06:54:00Z,2,100001,7f5b6f7e-1c2d-4a4e-9a51-3a3f1d3c0a01
163f2d12-d2e9-4291-ad30-5e01860c94a2,INV-002244,75b420a5-7870-460c-9de8-06cfdae477d4,956440db-d0d6-4a6b-9921-046d02a6f0b9,83aabf08-2024-45b5-98d0-5a5948724928,account,5304317f-af42-412f-b838-b3268e944239,2025-09-10T12:57:00Z,2025-10-10,26556322000,1,2025-11-26T07:47:00Z,2,100001,7f5b6f7e-1c2d-4a4e-9a51-3a3f1d3c0a01
b235b1ec-edd1-4771-9092-68c69b4514ac,INV-002245,a7be898f-b431-4b48-8b32-4e1305fb2492,2a770a9b-de7c-450a-97b0-a3eb54067789,83aabf08-2024-45b5-98d0-5a5948724928,account,5304317f-af42-412f-b838-b3268e944239,2025-08-31T10:12:00Z,2025-09-30,10622739000,1,2025-10-04T05:12:00Z,2,100001,7f5b6f7e-1c2d-4a4e-9a51-3a3f1d3c0a01
3cab7e88-4c5d-42b7-bf8a-dc467906537a,INV-002246,73c4e258-edb3-4556-8d16-5b54548324de,117dae60-ff73-4d19-a948-d12d15c2c7a2,83aabf08-2024-45b5-98d0-5a5948724928,account,5304317f-af42-412f-b838-b3268e944239,2025-09-20T11:29:00Z,2025-10-20,53945355000,1,2025-10-22T05:57:00Z,2,100001,7f5b6f7e-1c2d-4a4e-9a51-3a3f1d3c0a01
9aaefe17-2795-4b79-9a84-606f62964e86,INV-002247,67fc576f-3ae8-4e16-b5b1-230a3f5d287f,e16da470-6154-4ffb-a76a-dc6f37d825eb,83aabf08-2024-45b5-98d0-5a5948724928,account,5304317f-af42-412f-b838-b3268e944239,2025-12-10T06:58:00Z,2026-01-09,15951595000,1,2026-01-17T06:44:00Z,2,100001,7f5b6f7e-1c2d-4a4e-9a51-3a3f1d3c0a01
d34ef528-6cc9-4c65-a21c-977942ae7ff8,INV-002248,c6003201-4540-4da0-85f3-1a2aeb830bbf,c0ab2335-80a3-40a3-a5e3-afc4d75780ab,83aabf08-2024-45b5-98d0-5a5948724928,account,5304317f-af42-412f-b838-b3268e944239,2026-05-17T11:40:00Z,2026-06-16,24674927000,1,2026-06-27T08:14:00Z,2,100001,7f5b6f7e-1c2d-4a4e-9a51-3a3f1d3c0a01
a4d525c7-d531-4764-a900-2a8c2f2224be,INV-002249,c2d275ed-0d8c-41a6-bd3e-0e8fc70ec6ab,dd3c63da-7c02-4a99-a90f-931ebd3d9811,41a5bf2e-76f4-4d2d-9981-9f9d349de483,account,24933b83-7577-40a9-a491-f0b2ea1fca65,2025-07-06T05:27:00Z,2025-07-06,152723277000,100000000,2025-07-04T05:27:00Z,2,100001,7f5b6f7e-1c2d-4a4e-9a51-3a3f1d3c0a01
6b3ea254-830d-4996-951a-bcb736a50a97,INV-002250,da53aae0-19bc-40ca-a562-32abcb6b560a,3f301d0e-57de-45fc-bf52-6f5ed9fe9e36,41a5bf2e-76f4-4d2d-9981-9f9d349de483,account,24933b83-7577-40a9-a491-f0b2ea1fca65,2025-09-10T11:25:00Z,2025-09-10,28206798000,100000000,2025-09-09T11:25:00Z,2,100001,7f5b6f7e-1c2d-4a4e-9a51-3a3f1d3c0a01
1d9a1365-39a7-4d49-ae15-f28a90870c83,INV-002251,079aa587-5a03-4b68-887d-8ba0e86e9c14,9c60fed5-5854-4464-b5fb-a7b559529a71,380c10f6-39b8-4c77-aa25-15bbfe1da55b,account,366eb16f-508e-4ad7-b7c9-3acfe059a0ee,2024-10-22T07:06:00Z,2024-11-21,9343622000,1,2025-03-25T10:07:00Z,2,100001,7f5b6f7e-1c2d-4a4e-9a51-3a3f1d3c0a01
82c0faf6-8251-4a24-8ce7-29704459c268,INV-002252,b3fcbd10-8bbb-43ce-872b-9ee5432814d6,bfeb8535-8261-4040-9506-f5e7a8e472c3,380c10f6-39b8-4c77-aa25-15bbfe1da55b,account,366eb16f-508e-4ad7-b7c9-3acfe059a0ee,2025-06-29T06:06:00Z,2025-07-29,14125570000,1,2025-07-30T11:55:00Z,2,100001,7f5b6f7e-1c2d-4a4e-9a51-3a3f1d3c0a01
d1feb347-90dc-4933-afbb-5381f09337b6,INV-002253,485bf3b1-725a-4c43-ad52-8eb144ac1cc1,c13587ad-085e-4083-991c-d5ae8bb907a1,380c10f6-39b8-4c77-aa25-15bbfe1da55b,account,366eb16f-508e-4ad7-b7c9-3acfe059a0ee,2025-11-26T10:49:00Z,2025-12-26,10664342000,1,2026-01-01T07:26:00Z,2,100001,7f5b6f7e-1c2d-4a4e-9a51-3a3f1d3c0a01
cc0ee3a5-12ff-4905-ab47-768ebd4be572,INV-002254,fc7ae3fe-5f7c-412b-8398-3a64bc6eea2e,089c76b0-1e68-45a9-9550-6f2e879b586a,380c10f6-39b8-4c77-aa25-15bbfe1da55b,account,366eb16f-508e-4ad7-b7c9-3acfe059a0ee,2026-01-18T09:00:00Z,2026-02-17,19130173000,1,2026-03-23T07:55:00Z,2,100001,7f5b6f7e-1c2d-4a4e-9a51-3a3f1d3c0a01
593d2c08-e7fb-48a3-938e-9a6c9ae50297,INV-002255,a3fa6904-5d43-4bd2-9f19-35469ad0a635,bf816a3c-d66d-475a-a0a1-4e0d2a4f6477,380c10f6-39b8-4c77-aa25-15bbfe1da55b,account,366eb16f-508e-4ad7-b7c9-3acfe059a0ee,2026-02-23T13:29:00Z,2026-03-25,26307481000,1,2026-03-22T07:56:00Z,2,100001,7f5b6f7e-1c2d-4a4e-9a51-3a3f1d3c0a01
c4a4ad88-f246-454e-9ecf-2696cb20322d,INV-002256,24684713-96c5-48df-92a2-1640a9dc6c59,71264197-c670-4fcf-8716-a1a595101e1d,380c10f6-39b8-4c77-aa25-15bbfe1da55b,account,366eb16f-508e-4ad7-b7c9-3acfe059a0ee,2026-06-08T11:43:00Z,2026-07-08,14284047000,1,,0,4,7f5b6f7e-1c2d-4a4e-9a51-3a3f1d3c0a01
eb70849a-f84a-4ee4-87d7-8bc5908622d4,INV-002257,db64db12-169c-43f6-8ac5-4769abe6cd6f,6dfae981-994f-42e2-bdff-d9c5edb74d21,7d68fb16-11a0-406c-abe0-a95329f32051,account,10f1bc81-448a-4a9e-a6b2-bc5b50c187fc,2024-12-26T09:35:00Z,2025-01-25,33799525000,1,2025-01-25T08:43:00Z,2,100001,7f5b6f7e-1c2d-4a4e-9a51-3a3f1d3c0a01
8f354b62-23fd-4e27-a474-62c5f38612f2,INV-002258,bb932d9b-9455-4127-ae21-3cd574293a51,75f6b79f-dcdd-4af1-b806-44b98215166f,7d68fb16-11a0-406c-abe0-a95329f32051,account,10f1bc81-448a-4a9e-a6b2-bc5b50c187fc,2025-04-29T12:20:00Z,2025-05-29,29430512000,1,2025-05-27T06:47:00Z,2,100001,7f5b6f7e-1c2d-4a4e-9a51-3a3f1d3c0a01
881040be-6ec1-4473-8a2a-6429af4eccde,INV-002259,19297a82-07fe-4abc-8e09-013ca9f00fc5,ac5e767e-aa4b-49b4-bd77-150669d8d0f9,7d68fb16-11a0-406c-abe0-a95329f32051,account,10f1bc81-448a-4a9e-a6b2-bc5b50c187fc,2025-06-01T08:03:00Z,2025-07-01,37616073000,1,2025-06-29T09:31:00Z,2,100001,7f5b6f7e-1c2d-4a4e-9a51-3a3f1d3c0a01
92e82fac-a492-49a0-ab87-e7391dc80010,INV-002260,ac21079a-2165-412c-8552-448d3afdb01e,ae019f2d-6f34-4682-9a23-5f100beb3489,7d68fb16-11a0-406c-abe0-a95329f32051,account,10f1bc81-448a-4a9e-a6b2-bc5b50c187fc,2025-06-25T11:18:00Z,2025-07-25,36835452000,1,2025-07-26T06:01:00Z,2,100001,7f5b6f7e-1c2d-4a4e-9a51-3a3f1d3c0a01
5e07d2f6-75ce-4e2a-8783-115b3dabe306,INV-002261,f1931b46-3005-4132-84e1-80b34829b7fb,b67345af-fbdc-4d84-98d7-3c42fb94791d,7d68fb16-11a0-406c-abe0-a95329f32051,account,10f1bc81-448a-4a9e-a6b2-bc5b50c187fc,2025-06-28T05:21:00Z,2025-07-28,100992426000,1,2025-07-26T08:45:00Z,2,100001,7f5b6f7e-1c2d-4a4e-9a51-3a3f1d3c0a01
aeffccf9-67d2-4384-873c-15c7da521e4a,INV-002262,3f954994-1c1e-4914-93d4-6f788c4b1ca2,fb5ac740-84aa-45aa-8141-0990deff7a07,7d68fb16-11a0-406c-abe0-a95329f32051,account,10f1bc81-448a-4a9e-a6b2-bc5b50c187fc,2025-07-08T07:43:00Z,2025-08-07,40516380000,1,2025-08-04T09:52:00Z,2,100001,7f5b6f7e-1c2d-4a4e-9a51-3a3f1d3c0a01
c51a786c-4484-432d-9b7c-e91d59e57ab3,INV-002263,5dfcb1b4-1a7f-4381-b42a-9e5eb0e6aa33,694fc5f7-c343-4b00-bfe1-189493e93f15,7d68fb16-11a0-406c-abe0-a95329f32051,account,10f1bc81-448a-4a9e-a6b2-bc5b50c187fc,2025-09-16T05:11:00Z,2025-10-16,31983632000,1,2025-10-13T12:35:00Z,2,100001,7f5b6f7e-1c2d-4a4e-9a51-3a3f1d3c0a01
00df8ca4-da8b-4c7a-b3c6-452dc60cbc31,INV-002264,20cbdd17-d2dc-4eab-8601-59928a9409af,258db8c9-7594-4713-ba86-41db41fb5883,7d68fb16-11a0-406c-abe0-a95329f32051,account,10f1bc81-448a-4a9e-a6b2-bc5b50c187fc,2025-09-23T05:14:00Z,2025-10-23,45497147000,1,2025-10-22T12:58:00Z,2,100001,7f5b6f7e-1c2d-4a4e-9a51-3a3f1d3c0a01
8a8acb45-e0b0-44e6-858c-aff7bf19a453,INV-002265,3ce54d6a-297a-4b4a-a709-de584cfcff8c,a0b0445b-0890-4226-baa6-2f83485a0d93,7d68fb16-11a0-406c-abe0-a95329f32051,account,10f1bc81-448a-4a9e-a6b2-bc5b50c187fc,2026-05-23T09:53:00Z,2026-06-22,132009101000,1,2026-06-21T08:01:00Z,2,100001,7f5b6f7e-1c2d-4a4e-9a51-3a3f1d3c0a01
c693f9ef-b25e-4d4d-9b86-74985173d5d5,INV-002266,7ae28d23-0a0e-41e9-8a45-3d65d60b97d5,7a8f0c1f-9dfd-44b5-8af4-7090fac8d1c7,7d68fb16-11a0-406c-abe0-a95329f32051,account,10f1bc81-448a-4a9e-a6b2-bc5b50c187fc,2026-06-22T11:34:00Z,2026-07-22,76572145000,1,,0,4,7f5b6f7e-1c2d-4a4e-9a51-3a3f1d3c0a01
4e9792e3-2da7-4599-acac-f3495b643171,INV-002267,5d0056ba-f323-4319-9f6c-0c76a78d9a50,07d355b6-9f83-44b5-a949-277b174a78c2,bd2d09f7-0ca2-4bc7-b31d-3a4143eb3c09,account,366eb16f-508e-4ad7-b7c9-3acfe059a0ee,2025-01-07T10:35:00Z,2025-02-06,54284916000,1,2025-02-11T07:42:00Z,2,100001,7f5b6f7e-1c2d-4a4e-9a51-3a3f1d3c0a01
6edd4a59-e9f0-4e4e-b537-43ea3ce034b3,INV-002268,2938bd4c-601c-4734-9a3a-39397377a96f,69e1e176-39a3-408b-a732-e8c9e6febddf,bd2d09f7-0ca2-4bc7-b31d-3a4143eb3c09,account,366eb16f-508e-4ad7-b7c9-3acfe059a0ee,2025-05-01T05:53:00Z,2025-05-31,38627399000,1,2025-05-28T09:29:00Z,2,100001,7f5b6f7e-1c2d-4a4e-9a51-3a3f1d3c0a01
c8405fc9-e634-481d-898e-533f961e919e,INV-002269,14ebdf32-9c73-418f-95ea-4cd58cf6c0d5,7dfbdde9-3a9d-4478-8e91-5d73948a54f6,bd2d09f7-0ca2-4bc7-b31d-3a4143eb3c09,account,366eb16f-508e-4ad7-b7c9-3acfe059a0ee,2025-09-17T10:59:00Z,2025-10-17,81738881000,1,2025-11-05T10:00:00Z,2,100001,7f5b6f7e-1c2d-4a4e-9a51-3a3f1d3c0a01
6323c5fb-7adf-4982-8abe-55879da7cd27,INV-002270,dee9d461-336b-48d6-be77-24da5e67000d,0f41d23e-f972-4bc8-8eb1-e8012ac4083a,bd2d09f7-0ca2-4bc7-b31d-3a4143eb3c09,account,366eb16f-508e-4ad7-b7c9-3acfe059a0ee,2025-11-10T06:24:00Z,2025-12-10,52138699000,1,2025-12-09T12:55:00Z,2,100001,7f5b6f7e-1c2d-4a4e-9a51-3a3f1d3c0a01
99b4d868-92dd-4969-9b94-e20fc83b76b9,INV-002271,a73882d9-6a91-402d-8b7a-f5b72323cb9c,bcea1817-cbd8-4afa-af6e-0899b148df87,bd2d09f7-0ca2-4bc7-b31d-3a4143eb3c09,account,366eb16f-508e-4ad7-b7c9-3acfe059a0ee,2025-10-25T12:39:00Z,2025-11-24,54118840000,1,2025-12-06T05:31:00Z,2,100001,7f5b6f7e-1c2d-4a4e-9a51-3a3f1d3c0a01
b85e5abd-97fd-4c4b-ab02-db9222796708,INV-002272,fdf76712-a9d4-4e63-8881-fa8a89d0c1f9,233c2450-921a-4845-ae22-60ad7424196f,bd2d09f7-0ca2-4bc7-b31d-3a4143eb3c09,account,366eb16f-508e-4ad7-b7c9-3acfe059a0ee,2025-11-19T06:57:00Z,2025-12-19,33795848000,1,2025-12-18T07:40:00Z,2,100001,7f5b6f7e-1c2d-4a4e-9a51-3a3f1d3c0a01
07d56bdb-fb31-44c6-9197-611f0dfdb6d0,INV-002273,de1cf145-7616-4c4a-a3de-5aaece431b60,f3f80e78-f8a7-49bf-9883-d67d319b8111,ef95d35a-d7e3-4b19-ad02-af6c55cc57fe,account,e27a984d-6548-41d0-bfcd-9eb1a7cad415,2025-10-18T06:32:00Z,2025-12-17,54404169000,4,2026-01-24T09:00:00Z,2,100001,7f5b6f7e-1c2d-4a4e-9a51-3a3f1d3c0a01
27df4209-3122-40af-a221-c0b4cf691b0c,INV-002274,0ac90766-c94b-4ead-85b9-e5db7a9e29d6,42c51a33-1b77-4956-9b52-1341e101db02,313d5bd8-b2d9-4bef-ab67-87c270775ba2,account,b02b61c4-a3d7-4628-ace6-6fa2fd5166e6,2025-07-19T09:01:00Z,2025-07-19,16277504000,100000000,2025-07-17T09:01:00Z,2,100001,7f5b6f7e-1c2d-4a4e-9a51-3a3f1d3c0a01
c11a9f4d-d132-4db7-b6f6-095039b7268f,INV-002275,824757da-ea95-49a7-8793-10bda605c617,46162825-e191-41dc-aa88-6af48497d62f,46457263-d8ef-4511-abd6-b7c00a440d7f,account,b02b61c4-a3d7-4628-ace6-6fa2fd5166e6,2025-02-15T05:19:00Z,2025-04-16,5417613000,4,2025-04-16T10:14:00Z,2,100001,7f5b6f7e-1c2d-4a4e-9a51-3a3f1d3c0a01
f313fbdb-0e31-4b13-9fea-d1b82329977d,INV-002276,1d3916d5-a7ad-4a3d-ab42-d4b332b56dbb,8c649230-4d89-4575-88f6-7cc464476879,46457263-d8ef-4511-abd6-b7c00a440d7f,account,b02b61c4-a3d7-4628-ace6-6fa2fd5166e6,2025-09-06T06:02:00Z,2025-11-05,20974036000,4,2025-11-03T05:57:00Z,2,100001,7f5b6f7e-1c2d-4a4e-9a51-3a3f1d3c0a01
b68cbcef-1458-4b50-b851-79f3252fdc4e,INV-002277,ccfd6fa0-98fb-48bc-b7d8-b2a50577333e,9b1b2ba4-088a-4fbb-886e-fd43cfd8abaf,46457263-d8ef-4511-abd6-b7c00a440d7f,account,b02b61c4-a3d7-4628-ace6-6fa2fd5166e6,2025-09-17T12:40:00Z,2025-11-16,28791961000,4,2025-11-17T13:08:00Z,2,100001,7f5b6f7e-1c2d-4a4e-9a51-3a3f1d3c0a01
834f3796-9740-42ed-a3b6-108ff4267db5,INV-002278,3d185c54-d71f-465b-b305-caf397571b76,aa594650-60bb-4511-9935-73464f4d8228,46457263-d8ef-4511-abd6-b7c00a440d7f,account,b02b61c4-a3d7-4628-ace6-6fa2fd5166e6,2025-12-28T12:12:00Z,2026-02-26,9127531000,4,2026-03-14T12:30:00Z,2,100001,7f5b6f7e-1c2d-4a4e-9a51-3a3f1d3c0a01
48b4b79c-7cc0-499a-a7d3-f78c53a619c1,INV-002279,f668178c-9f6b-4893-bec5-e67ca14b1c0d,59b71ccf-e56e-4656-bd98-5705e2efa8d6,8378ede6-85ae-4def-ba5a-46ff5d4b7012,account,366eb16f-508e-4ad7-b7c9-3acfe059a0ee,2025-06-12T08:54:00Z,2025-07-12,23833786000,1,2025-07-09T04:48:00Z,2,100001,7f5b6f7e-1c2d-4a4e-9a51-3a3f1d3c0a01
63faa010-c8ae-4c7a-a070-3778c8200e92,INV-002280,d35740e8-616d-487c-809b-ce1c4a4031b0,924fc588-2946-4071-a6a2-a732d093174f,8378ede6-85ae-4def-ba5a-46ff5d4b7012,account,366eb16f-508e-4ad7-b7c9-3acfe059a0ee,2025-06-18T08:18:00Z,2025-07-18,31747874000,1,2025-09-09T06:30:00Z,2,100001,7f5b6f7e-1c2d-4a4e-9a51-3a3f1d3c0a01
44b364ba-4a9b-4c4c-be7b-5ec27ddb1ab0,INV-002281,1df700fe-0a6e-4363-af7e-de72ada79dc0,fa40092d-9504-4df5-a645-49cfbd2204eb,cf52d3bb-f777-4d24-b1e3-25066e3f4391,account,366eb16f-508e-4ad7-b7c9-3acfe059a0ee,2026-01-24T08:30:00Z,2026-01-24,39790171000,100000000,2026-01-22T08:30:00Z,2,100001,7f5b6f7e-1c2d-4a4e-9a51-3a3f1d3c0a01
e6010621-85b9-4116-b7cd-3b898efab8b0,INV-002282,fb37f89d-a68d-429d-866b-ba305269bc84,3279856f-8a4e-4513-83d8-1d6125cdda1a,cf52d3bb-f777-4d24-b1e3-25066e3f4391,account,366eb16f-508e-4ad7-b7c9-3acfe059a0ee,2026-02-25T09:17:00Z,2026-02-25,34181132000,100000000,2026-02-23T09:17:00Z,2,100001,7f5b6f7e-1c2d-4a4e-9a51-3a3f1d3c0a01
b449dd83-9f11-4c46-b8fe-144196e66acc,INV-002283,4a756390-e428-4206-8443-f9af2d75dbd9,31e1ab4e-eaac-4e0d-8c94-fa869cf9215b,e58d67fe-7fcf-4fd6-b337-ac967f2cd3dc,account,5304317f-af42-412f-b838-b3268e944239,2025-10-09T06:30:00Z,2025-11-08,10196892000,1,2025-12-27T05:49:00Z,2,100001,7f5b6f7e-1c2d-4a4e-9a51-3a3f1d3c0a01
9e9a2aef-cf76-4318-bd5f-cf2f02ed1a42,INV-002284,38628f86-3e3c-489e-832c-6cfdabfdfea6,72722e5a-4cd8-4d8b-892c-960ff585ef2f,ed28e55c-4cf6-4115-ad42-b7e2bf63b3d7,account,5304317f-af42-412f-b838-b3268e944239,2025-04-20T11:20:00Z,2025-05-20,31658144000,1,2025-05-25T12:40:00Z,2,100001,7f5b6f7e-1c2d-4a4e-9a51-3a3f1d3c0a01
7f9cd9c2-fae6-450f-83fe-c71473b69ace,INV-002285,50cdca52-d42d-4f06-ac6a-87638ba3f9cd,7bfb5563-e734-4540-8873-f9735f693193,ed28e55c-4cf6-4115-ad42-b7e2bf63b3d7,account,5304317f-af42-412f-b838-b3268e944239,2025-05-20T05:12:00Z,2025-06-19,69166804000,1,2025-06-22T08:17:00Z,2,100001,7f5b6f7e-1c2d-4a4e-9a51-3a3f1d3c0a01
c257db6d-186f-49eb-8232-660c635ab65c,INV-002286,a4e7a86a-e50f-42ce-a44f-9bde2de30e65,8e95e1fd-9de5-4eb2-bbd4-a3ebf6c618f4,ed28e55c-4cf6-4115-ad42-b7e2bf63b3d7,account,5304317f-af42-412f-b838-b3268e944239,2025-07-12T09:30:00Z,2025-08-11,109542952000,1,2025-08-24T12:48:00Z,2,100001,7f5b6f7e-1c2d-4a4e-9a51-3a3f1d3c0a01
d5ddc1ac-e7fe-4fa9-a419-f640167aae2d,INV-002287,0f27c623-3fe8-4cc2-a989-e29e90c4c8a7,fd69f740-fcb3-4a98-9221-291b360f79e6,ed28e55c-4cf6-4115-ad42-b7e2bf63b3d7,account,5304317f-af42-412f-b838-b3268e944239,2025-06-15T10:49:00Z,2025-07-15,34619494000,1,2025-07-19T10:21:00Z,2,100001,7f5b6f7e-1c2d-4a4e-9a51-3a3f1d3c0a01
513a3b5a-402b-4684-82be-524c37845e81,INV-002288,635d67d4-cab4-4de6-b7ae-c6a518049333,5d4f8ba1-c663-4ec8-812a-7886bdbeac78,ed28e55c-4cf6-4115-ad42-b7e2bf63b3d7,account,5304317f-af42-412f-b838-b3268e944239,2025-08-21T10:18:00Z,2025-09-20,38486400000,1,2025-09-18T08:27:00Z,2,100001,7f5b6f7e-1c2d-4a4e-9a51-3a3f1d3c0a01
d16e25db-3c3b-4708-bc98-e67ec2092705,INV-002289,21ab5ba8-d339-42f4-bb40-f1b5ea65da8d,0116d3fc-2d48-4fbe-a8a7-9792baccb55c,ed28e55c-4cf6-4115-ad42-b7e2bf63b3d7,account,5304317f-af42-412f-b838-b3268e944239,2025-10-26T09:12:00Z,2025-11-25,34774990000,1,2025-11-23T09:46:00Z,2,100001,7f5b6f7e-1c2d-4a4e-9a51-3a3f1d3c0a01
fd16a1c3-b938-4950-9412-2a345416582e,INV-002290,69eb918e-2f8c-45fb-b08f-6c1b3b8a7bd7,96f668fc-3648-4a45-a61c-744f6862025f,ed28e55c-4cf6-4115-ad42-b7e2bf63b3d7,account,5304317f-af42-412f-b838-b3268e944239,2026-01-06T06:34:00Z,2026-02-05,51431075000,1,,0,4,7f5b6f7e-1c2d-4a4e-9a51-3a3f1d3c0a01
71d7e6f7-53ab-49bb-9bd6-76187f1f7b48,INV-002291,746bad26-038e-4bd0-a3fa-6cc106c8ba42,96339cf4-7cbe-483e-b4da-7f0985af8127,ed28e55c-4cf6-4115-ad42-b7e2bf63b3d7,account,5304317f-af42-412f-b838-b3268e944239,2026-02-12T05:49:00Z,2026-03-14,42553361000,1,2026-03-11T05:39:00Z,2,100001,7f5b6f7e-1c2d-4a4e-9a51-3a3f1d3c0a01
29235720-7992-4f4c-a5b8-811d6ea8f894,INV-002292,1d369f92-e741-4bdc-ad48-a28eaa3477db,e2b95588-1b35-434d-929b-dee024d3ac04,ed28e55c-4cf6-4115-ad42-b7e2bf63b3d7,account,5304317f-af42-412f-b838-b3268e944239,2026-04-09T11:12:00Z,2026-05-09,23903560000,1,2026-05-09T08:40:00Z,2,100001,7f5b6f7e-1c2d-4a4e-9a51-3a3f1d3c0a01
cc16d5f9-dc93-40a1-a040-0b0b3cc54027,INV-002293,c774303e-eb7e-451e-893e-6ea445bc002c,876497bc-84e4-4616-b202-b13109c5f54e,ed28e55c-4cf6-4115-ad42-b7e2bf63b3d7,account,5304317f-af42-412f-b838-b3268e944239,2026-05-24T12:34:00Z,2026-06-23,157549805000,1,,0,4,7f5b6f7e-1c2d-4a4e-9a51-3a3f1d3c0a01
83df3fa2-7b80-4e1b-b9d2-3005917fb10b,INV-002294,c809ed19-4cdc-485d-b20b-16f4f6aa273b,7e6c070f-2f76-4c8a-ad3f-eb96ce5589b2,2c785b5d-a50f-4e4c-82b6-9b8b6d26c41d,account,366eb16f-508e-4ad7-b7c9-3acfe059a0ee,2025-07-03T11:26:00Z,2025-08-02,9394314000,1,2025-08-10T06:19:00Z,2,100001,7f5b6f7e-1c2d-4a4e-9a51-3a3f1d3c0a01
6c7b30d6-dfc8-4445-b860-96ab1f876c0c,INV-002295,80489dba-f96e-4a39-bafb-b2950b5d6b8a,a3ef7d55-8e5a-4559-99d3-e737f7181de5,757211ce-749c-4f46-a2aa-7a4ca9c8e5db,account,e27a984d-6548-41d0-bfcd-9eb1a7cad415,2025-05-12T06:07:00Z,2025-07-11,9992959000,4,2025-07-08T07:53:00Z,2,100001,7f5b6f7e-1c2d-4a4e-9a51-3a3f1d3c0a01
e301a930-422e-408c-bad4-5115e4accc07,INV-002296,0c32f071-cc44-454c-8af7-b7c843b8953f,b40c5ec5-0041-4d27-ac5f-eb634a5cc577,757211ce-749c-4f46-a2aa-7a4ca9c8e5db,account,e27a984d-6548-41d0-bfcd-9eb1a7cad415,2025-09-22T09:25:00Z,2025-11-21,38787912000,4,2025-11-22T12:03:00Z,2,100001,7f5b6f7e-1c2d-4a4e-9a51-3a3f1d3c0a01
08292e69-e07e-4fe6-9280-84c9ff93f8f5,INV-002297,88219dbe-0180-4f76-8201-4e0447ea0d86,6e7d3f77-ce4a-4daa-934d-c7b29270c1e3,757211ce-749c-4f46-a2aa-7a4ca9c8e5db,account,e27a984d-6548-41d0-bfcd-9eb1a7cad415,2026-01-12T12:05:00Z,2026-03-13,20652520000,4,2026-03-19T07:17:00Z,2,100001,7f5b6f7e-1c2d-4a4e-9a51-3a3f1d3c0a01
1eea6179-494f-473b-8617-752dc81e73c9,INV-002298,8ce5aa9f-fad7-452d-b106-7b046ca14b3e,9e4697bb-dd58-417a-b491-43db6dc9ae12,cfc150f3-96f2-45b5-a6a9-ded1eac3c934,account,10f1bc81-448a-4a9e-a6b2-bc5b50c187fc,2026-01-17T09:42:00Z,2026-01-17,21657716000,100000000,2026-01-15T09:42:00Z,2,100001,7f5b6f7e-1c2d-4a4e-9a51-3a3f1d3c0a01
6ca92c5b-1811-49ae-b563-50be6403222b,INV-002299,2d64803f-39c9-4911-956b-b13695ecf9f1,687975e7-0c39-4b76-93b6-64cd064b2de3,be065757-06e7-4c94-9ff1-e6313d474260,account,beb79919-3f22-4af8-a3be-d01d43cf2fde,2025-08-19T09:27:00Z,2025-09-18,23195703000,1,2025-09-30T09:23:00Z,2,100001,7f5b6f7e-1c2d-4a4e-9a51-3a3f1d3c0a01
6c165cd8-2066-4c17-90a6-55e8d95f7c05,INV-002300,2de85661-4c6a-4f38-b4bd-9b76707830cd,0582c7c8-4d61-4090-9c47-e812545caac6,be065757-06e7-4c94-9ff1-e6313d474260,account,beb79919-3f22-4af8-a3be-d01d43cf2fde,2026-04-05T12:36:00Z,2026-05-05,6265696000,1,2026-05-02T11:42:00Z,2,100001,7f5b6f7e-1c2d-4a4e-9a51-3a3f1d3c0a01
db7946fb-f0c0-4359-9a24-eb40a9477544,INV-002301,4da28a25-e94a-461c-81bb-d1f5e314ee68,f98fd283-e9ec-49b8-a6e5-dfe0ec11f240,be065757-06e7-4c94-9ff1-e6313d474260,account,beb79919-3f22-4af8-a3be-d01d43cf2fde,2026-04-25T04:57:00Z,2026-05-25,36908909000,1,2026-05-25T12:17:00Z,2,100001,7f5b6f7e-1c2d-4a4e-9a51-3a3f1d3c0a01
f5fc4c8e-5530-4ec0-8a3a-726e47fbce7c,INV-002302,e699ee37-5a6c-4253-95b9-afae378ec118,a9d899d1-b0ce-42d8-9bd3-e71916d1b780,be065757-06e7-4c94-9ff1-e6313d474260,account,beb79919-3f22-4af8-a3be-d01d43cf2fde,2026-04-23T11:44:00Z,2026-05-23,15316345000,1,2026-05-20T07:36:00Z,2,100001,7f5b6f7e-1c2d-4a4e-9a51-3a3f1d3c0a01
37c1e3b4-66e6-4521-93be-ae79820a816f,INV-002303,b2a0cf23-c540-4757-a232-276e9b585849,709bc5ad-4529-4652-bb3e-610073fa133a,be065757-06e7-4c94-9ff1-e6313d474260,account,beb79919-3f22-4af8-a3be-d01d43cf2fde,2026-05-24T12:01:00Z,2026-06-23,46383253000,1,2026-06-21T11:12:00Z,2,100001,7f5b6f7e-1c2d-4a4e-9a51-3a3f1d3c0a01
ac117c71-a4c7-443c-b09c-7a03dc02a8e5,INV-002304,c3989f2d-12c4-4866-b38e-a7d49946ab81,bba84850-47fc-4ad8-a605-2675181109bd,0511a147-5aae-47ff-9722-6456b74c2e80,account,0e51f30d-c6a7-4e39-84b0-32ccd7c524a5,2025-05-06T08:26:00Z,2025-05-06,8488847000,100000000,2025-05-05T08:26:00Z,2,100001,7f5b6f7e-1c2d-4a4e-9a51-3a3f1d3c0a01
7e72f309-c4e2-45e2-b022-c41d71e22092,INV-002305,88f460e3-447e-44af-a824-4476a1ebb3d8,18f960b1-147c-431a-8d62-c8bae8f4f6dc,705ad90a-6f79-4139-ba6d-befbc44e9e72,account,ce177b4e-0837-48a3-9261-a7ab3aa2e4f9,2025-08-24T04:39:00Z,2025-09-23,48046691000,1,2025-09-24T11:03:00Z,2,100001,7f5b6f7e-1c2d-4a4e-9a51-3a3f1d3c0a01
1e24f45e-0215-4f6c-b447-673de9086d0a,INV-002306,c0c1d5c4-c27b-4c35-bc96-fa1cef28061b,1a397524-bb88-4f17-9947-ddebe8f8d889,705ad90a-6f79-4139-ba6d-befbc44e9e72,account,ce177b4e-0837-48a3-9261-a7ab3aa2e4f9,2025-11-30T05:57:00Z,2025-12-30,52039885000,1,2025-12-30T07:12:00Z,2,100001,7f5b6f7e-1c2d-4a4e-9a51-3a3f1d3c0a01
c1c993f3-a124-4448-aaa8-58633af36b3e,INV-002307,b13a8b47-28d0-40d9-919c-bbff24471546,9be2e983-a0b6-4f58-a08b-23dd32d7bb48,705ad90a-6f79-4139-ba6d-befbc44e9e72,account,ce177b4e-0837-48a3-9261-a7ab3aa2e4f9,2026-02-28T04:45:00Z,2026-03-30,105900048000,1,2026-03-28T12:46:00Z,2,100001,7f5b6f7e-1c2d-4a4e-9a51-3a3f1d3c0a01
55b6f11c-fc6e-4559-b139-25a6857f7f95,INV-002308,d81d20aa-f533-4461-a7c6-3d793f2a45f9,1254fe6f-700b-4727-af64-f30df9a53b65,705ad90a-6f79-4139-ba6d-befbc44e9e72,account,ce177b4e-0837-48a3-9261-a7ab3aa2e4f9,2026-03-23T11:43:00Z,2026-04-22,25007426000,1,2026-04-22T07:07:00Z,2,100001,7f5b6f7e-1c2d-4a4e-9a51-3a3f1d3c0a01
255e674b-8820-49d1-97f3-7a728eab2cd5,INV-002309,6e518c90-6219-4285-97b9-6c422cfdf1c0,da4c4932-59c6-4087-b477-1ba5bd36d94f,705ad90a-6f79-4139-ba6d-befbc44e9e72,account,ce177b4e-0837-48a3-9261-a7ab3aa2e4f9,2026-04-22T09:35:00Z,2026-05-22,72267406000,1,2026-05-30T13:25:00Z,2,100001,7f5b6f7e-1c2d-4a4e-9a51-3a3f1d3c0a01
651c70a4-ea72-4dd4-89f8-5edcfcd111a2,INV-002310,f83ecaea-3aa7-47ae-8030-8f4c0b61943a,5fee946a-0354-4205-a609-5120c6b6dec4,705ad90a-6f79-4139-ba6d-befbc44e9e72,account,ce177b4e-0837-48a3-9261-a7ab3aa2e4f9,2026-06-18T09:19:00Z,2026-07-18,174183298000,1,,0,4,7f5b6f7e-1c2d-4a4e-9a51-3a3f1d3c0a01
904d572d-1bc7-40bc-bca6-d874371d63d0,INV-002311,81658996-1198-4ea2-bf5c-7d00575fe034,22f0753b-edb9-4daf-bc80-f95b3ba7ddbc,d362e7f0-3032-4ca8-8771-90690a67aed7,account,b02b61c4-a3d7-4628-ace6-6fa2fd5166e6,2025-05-31T04:57:00Z,2025-05-31,55776141000,100000000,2025-05-30T04:57:00Z,2,100001,7f5b6f7e-1c2d-4a4e-9a51-3a3f1d3c0a01
e8e83118-c197-42a3-9bdb-1d3aa51a9184,INV-002312,59699bd7-0adb-47da-b0a7-f7716be8f85f,62146e71-60bb-47bf-a235-0c361e05a6d3,d362e7f0-3032-4ca8-8771-90690a67aed7,account,b02b61c4-a3d7-4628-ace6-6fa2fd5166e6,2025-08-28T12:47:00Z,2025-08-28,14907607000,100000000,2025-08-28T12:47:00Z,2,100001,7f5b6f7e-1c2d-4a4e-9a51-3a3f1d3c0a01
5e19cdf2-0c49-485b-b933-66e2f3ee5160,INV-002313,580fe604-4584-4548-aa39-235663c993b4,db6b311c-e9bc-443e-ba07-0401521756ff,d362e7f0-3032-4ca8-8771-90690a67aed7,account,b02b61c4-a3d7-4628-ace6-6fa2fd5166e6,2026-06-30T10:01:00Z,2026-06-30,13221420000,100000000,2026-06-28T10:01:00Z,2,100001,7f5b6f7e-1c2d-4a4e-9a51-3a3f1d3c0a01
5ac2636c-eba7-4812-a84a-40413b81270a,INV-002314,31a5522a-8a10-4a55-9c07-0b155723a981,b00305d1-bd72-4453-a6a2-ba0e1156e8fb,754c30d3-0e85-4646-abb8-41c31aca94c5,account,0e51f30d-c6a7-4e39-84b0-32ccd7c524a5,2025-07-05T07:43:00Z,2025-09-03,7999341000,4,2025-09-23T08:45:00Z,2,100001,7f5b6f7e-1c2d-4a4e-9a51-3a3f1d3c0a01
4a1ed288-7933-431c-9409-40ba31dc1fe5,INV-002315,3f1a4706-fdab-4e41-b345-ed486b0769fa,1fa2f54e-3cc6-4365-8746-a77a028f2f11,754c30d3-0e85-4646-abb8-41c31aca94c5,account,0e51f30d-c6a7-4e39-84b0-32ccd7c524a5,2025-08-10T12:37:00Z,2025-10-09,24309064000,4,2025-10-13T12:30:00Z,2,100001,7f5b6f7e-1c2d-4a4e-9a51-3a3f1d3c0a01
b6c55ce5-3801-4c12-b4d5-7114d4b33dde,INV-002316,0872edea-d30e-4fc0-947b-ba9c383bec15,3d58aa8c-ab52-4c4b-a0d5-2131ee0dc1ed,754c30d3-0e85-4646-abb8-41c31aca94c5,account,0e51f30d-c6a7-4e39-84b0-32ccd7c524a5,2026-02-21T09:12:00Z,2026-04-22,19713143000,4,,0,4,7f5b6f7e-1c2d-4a4e-9a51-3a3f1d3c0a01
0308ed09-ab09-479e-9ae5-ae3ee582ce20,INV-002317,ab780cc0-21de-4a18-b4fc-b43fdec32f29,64284a62-2122-48d5-81b1-512d0e44d134,5a2ed6c2-4640-4319-baae-d6f073255bc0,account,5304317f-af42-412f-b838-b3268e944239,2025-06-28T10:57:00Z,2025-08-27,20124164000,4,2025-08-31T04:48:00Z,2,100001,7f5b6f7e-1c2d-4a4e-9a51-3a3f1d3c0a01
cd077b71-69b7-4e38-9c27-8c0b4990bf53,INV-002318,f1195f19-a598-4bfa-a864-d08e6c37c113,d205f7fc-5be1-4119-a13f-a0bf25b2b118,5a2ed6c2-4640-4319-baae-d6f073255bc0,account,5304317f-af42-412f-b838-b3268e944239,2026-02-25T05:35:00Z,2026-04-26,25401986000,4,2026-04-25T04:41:00Z,2,100001,7f5b6f7e-1c2d-4a4e-9a51-3a3f1d3c0a01
3fb40981-141a-4329-af4a-9fcee44ed638,INV-002319,0e682d27-99a6-4796-8370-82b7d41e8028,b481a411-3e5f-48c9-b1cf-143ff66601e4,4148c6bf-4dbc-49ca-8dc1-26a3a39572b8,account,e27a984d-6548-41d0-bfcd-9eb1a7cad415,2025-07-09T06:39:00Z,2025-07-09,11824451000,100000000,2025-07-08T06:39:00Z,2,100001,7f5b6f7e-1c2d-4a4e-9a51-3a3f1d3c0a01
b391863e-4b2d-454e-aa04-5d8f3815d88d,INV-002320,ce1f3455-f554-44f7-bcaf-57dd4196cc79,4a89fa8b-38f4-4dba-ac72-3aaf220c8e76,4148c6bf-4dbc-49ca-8dc1-26a3a39572b8,account,e27a984d-6548-41d0-bfcd-9eb1a7cad415,2025-10-02T08:34:00Z,2025-10-02,77017443000,100000000,2025-10-01T08:34:00Z,2,100001,7f5b6f7e-1c2d-4a4e-9a51-3a3f1d3c0a01
b13b8788-f347-4743-b812-81a1daa48cea,INV-002321,02592db5-f57f-4e6e-89ba-3dc91ad4f510,0664a4a8-a539-45ec-a4f0-881df43b3e69,4148c6bf-4dbc-49ca-8dc1-26a3a39572b8,account,e27a984d-6548-41d0-bfcd-9eb1a7cad415,2026-01-10T04:30:00Z,2026-01-10,26690690000,100000000,2026-01-09T04:30:00Z,2,100001,7f5b6f7e-1c2d-4a4e-9a51-3a3f1d3c0a01
12cae907-2a36-4ca5-97a8-3c42dfd67014,INV-002322,0758702e-0108-4206-a88e-67da4376a86c,8fb33deb-d288-4da9-9137-913cd526dee2,8754204e-1acc-416e-b750-9dccc0f6015f,account,10f1bc81-448a-4a9e-a6b2-bc5b50c187fc,2025-08-11T06:49:00Z,2025-09-10,8122596000,1,2025-10-07T13:09:00Z,2,100001,7f5b6f7e-1c2d-4a4e-9a51-3a3f1d3c0a01
d2c6cab5-f04f-45d8-aa86-5e2fe6132fe2,INV-002323,8874da31-057d-4b1f-98ab-5efd6b581f92,0b4279c0-e79a-440f-a3c1-6f8e4ce9d2d5,0443777c-7ab8-4d02-85ac-3f00338f29be,account,e27a984d-6548-41d0-bfcd-9eb1a7cad415,2025-09-20T08:48:00Z,2025-10-20,26133957000,1,2025-10-20T09:17:00Z,2,100001,7f5b6f7e-1c2d-4a4e-9a51-3a3f1d3c0a01
22414cbc-5502-4966-8e93-9afb6825a772,INV-002324,0ba24a57-fb4a-43f4-a533-dc8ab568204a,cf1413f1-10c6-44b8-b1f3-56323a8cf10c,0443777c-7ab8-4d02-85ac-3f00338f29be,account,e27a984d-6548-41d0-bfcd-9eb1a7cad415,2025-12-16T05:46:00Z,2026-01-15,46740872000,1,2026-01-12T09:28:00Z,2,100001,7f5b6f7e-1c2d-4a4e-9a51-3a3f1d3c0a01
3045477d-7941-48bb-8f50-2bb3ba8b1665,INV-002325,beca4b19-5040-4eaa-add5-8f3f17c5b4f0,5cb266e4-4a6b-46f6-a474-6c78ab323e00,0443777c-7ab8-4d02-85ac-3f00338f29be,account,e27a984d-6548-41d0-bfcd-9eb1a7cad415,2026-05-14T10:29:00Z,2026-06-13,50713612000,1,2026-06-15T06:23:00Z,2,100001,7f5b6f7e-1c2d-4a4e-9a51-3a3f1d3c0a01
539b36e6-e574-4558-a09f-e8f270f125cc,INV-002326,4a134a73-539a-4a7f-987f-881f4aead1d8,5161a708-b8e4-4023-9d9a-0f4092ab0607,e97aa6b5-39d4-4db1-8d3d-2f6ba3248246,account,b02b61c4-a3d7-4628-ace6-6fa2fd5166e6,2025-12-13T11:05:00Z,2026-01-12,44111813000,1,2026-01-17T07:04:00Z,2,100001,7f5b6f7e-1c2d-4a4e-9a51-3a3f1d3c0a01
603ea0fe-de7c-4060-a233-9d1566831299,INV-002327,fc8c569f-27ae-42f7-8d34-ec922da45fde,9a899feb-13b5-4649-b5cb-ca328d60f53c,e97aa6b5-39d4-4db1-8d3d-2f6ba3248246,account,b02b61c4-a3d7-4628-ace6-6fa2fd5166e6,2025-12-11T07:53:00Z,2026-01-10,69126576000,1,2026-01-08T08:25:00Z,2,100001,7f5b6f7e-1c2d-4a4e-9a51-3a3f1d3c0a01
d256feda-1da8-4ae0-8c6e-eaa49f83dc88,INV-002328,b5359de3-7a03-4a40-8715-7a7287294eca,6fd26ffe-9b80-49ad-923e-b201f1e4c24c,0f3ffc17-ac5e-453e-9379-61a65b051098,account,10f1bc81-448a-4a9e-a6b2-bc5b50c187fc,2025-12-24T09:02:00Z,2026-01-23,27131299000,1,2026-02-03T08:58:00Z,2,100001,7f5b6f7e-1c2d-4a4e-9a51-3a3f1d3c0a01
090abdf8-cdf5-4f72-bb94-6a88a4318af9,INV-002329,27087c10-706c-4d14-ad23-d40b85b227ce,68ba0777-b4b1-4ada-b3d5-4becc46b2d74,0f3ffc17-ac5e-453e-9379-61a65b051098,account,10f1bc81-448a-4a9e-a6b2-bc5b50c187fc,2026-06-30T06:41:00Z,2026-07-30,8619893000,1,,0,4,7f5b6f7e-1c2d-4a4e-9a51-3a3f1d3c0a01
f76be087-badb-46d6-a3a3-06f798fc187d,INV-002330,33d932b3-60f2-44f0-aba2-4c04ab8d1d55,02e28e4c-9825-4a78-881e-d465a9a7eb0a,ddbbf6e3-2591-4040-b902-7e9ae79a71c2,account,5304317f-af42-412f-b838-b3268e944239,2025-10-05T11:06:00Z,2025-10-05,14699047000,100000000,2025-10-03T11:06:00Z,2,100001,7f5b6f7e-1c2d-4a4e-9a51-3a3f1d3c0a01
6e5fa0cb-a8e7-45f9-8ec9-76db6dea8828,INV-002331,b57c06a9-ce10-42ed-94cf-89d5e78e1455,f9432aaf-0798-4ba7-88fc-0c14471dcbb5,328e99cd-7ec8-4fd6-b8f5-7bcf870ce744,account,10f1bc81-448a-4a9e-a6b2-bc5b50c187fc,2025-10-23T11:11:00Z,2025-11-22,17441211000,1,2026-01-05T04:34:00Z,2,100001,7f5b6f7e-1c2d-4a4e-9a51-3a3f1d3c0a01
2c5d9709-0976-4d34-8433-9f1940ab1388,INV-002332,6253fa54-dae8-4352-9391-6f6592c24508,35933f2e-2e5d-45e7-b253-6206953b7439,328e99cd-7ec8-4fd6-b8f5-7bcf870ce744,account,10f1bc81-448a-4a9e-a6b2-bc5b50c187fc,2025-12-09T08:00:00Z,2026-01-08,39746694000,1,2026-01-11T10:03:00Z,2,100001,7f5b6f7e-1c2d-4a4e-9a51-3a3f1d3c0a01
b0d23c9b-373e-4e0e-aaad-db41942bfa6c,INV-002333,173bdcca-6ef6-4d1b-a4bb-51bc2f7db53e,1f0318c0-dd52-4fc8-83fb-5c2065c04d48,328e99cd-7ec8-4fd6-b8f5-7bcf870ce744,account,10f1bc81-448a-4a9e-a6b2-bc5b50c187fc,2026-05-24T04:50:00Z,2026-06-23,40296960000,1,,0,4,7f5b6f7e-1c2d-4a4e-9a51-3a3f1d3c0a01
7cb5e420-fba7-4198-9a0c-c116516bab4a,INV-002334,6653bbba-f631-40fb-b6d8-9323970fd74d,dc695a47-74da-437d-b3cb-2d72df1698b5,1125312c-0a86-4d54-afc5-b3b93238a2f4,account,b02b61c4-a3d7-4628-ace6-6fa2fd5166e6,2025-09-24T09:46:00Z,2025-09-24,17195294000,100000000,2025-09-23T09:46:00Z,2,100001,7f5b6f7e-1c2d-4a4e-9a51-3a3f1d3c0a01
affb9a65-59cf-4bd2-8bc2-222078e79821,INV-002335,7a70c897-5296-4a22-8862-aed6e84b554d,700c19a5-8f5e-4844-af62-bccf931acafd,1125312c-0a86-4d54-afc5-b3b93238a2f4,account,b02b61c4-a3d7-4628-ace6-6fa2fd5166e6,2025-09-14T07:55:00Z,2025-09-14,11963359000,100000000,2025-09-14T07:55:00Z,2,100001,7f5b6f7e-1c2d-4a4e-9a51-3a3f1d3c0a01
ff583062-fd5c-47b1-a85b-c8685d32d869,INV-002336,928189b2-1eec-48a8-86a3-5a8257b78823,78d6f539-560b-4a40-a1f1-88951dab7751,1125312c-0a86-4d54-afc5-b3b93238a2f4,account,b02b61c4-a3d7-4628-ace6-6fa2fd5166e6,2025-11-01T08:01:00Z,2025-11-01,25693659000,100000000,2025-11-01T08:01:00Z,2,100001,7f5b6f7e-1c2d-4a4e-9a51-3a3f1d3c0a01
8ac82623-a097-4e5b-a08f-021e2abfa178,INV-002337,e1e5b71f-f124-49db-bea2-8ffe2d99167b,16695eaf-bfce-4af5-95e9-f5168c8ea6d4,23bdec0a-9085-4205-b160-fa4dc2e8574f,account,10f1bc81-448a-4a9e-a6b2-bc5b50c187fc,2026-03-19T07:15:00Z,2026-05-18,35503587000,4,2026-05-18T08:47:00Z,2,100001,7f5b6f7e-1c2d-4a4e-9a51-3a3f1d3c0a01
87068d02-c94e-42b1-82f9-20b39bb54c2f,INV-002338,f30fef16-c1a8-4e35-bda0-5f935e7ab3fe,72206246-8fed-4fe4-b1b1-f2a4e90729d8,23bdec0a-9085-4205-b160-fa4dc2e8574f,account,10f1bc81-448a-4a9e-a6b2-bc5b50c187fc,2026-06-13T12:25:00Z,2026-08-12,22816367000,4,,0,4,7f5b6f7e-1c2d-4a4e-9a51-3a3f1d3c0a01
092c86b6-8c48-481f-b063-986a8bbb313c,INV-002339,ecfc1fbe-8beb-4022-8383-07406af1eb29,e638aa59-f027-4c26-be0f-09c4bae4c677,d9aa2092-00c3-4728-8f0e-eb9d2048018c,account,0e51f30d-c6a7-4e39-84b0-32ccd7c524a5,2025-12-13T04:49:00Z,2025-12-13,7062100000,100000000,2025-12-12T04:49:00Z,2,100001,7f5b6f7e-1c2d-4a4e-9a51-3a3f1d3c0a01
55b19861-16bf-4099-a5de-d7959b6845e5,INV-002340,60dddf2f-756d-4df3-b5da-7a15e4799995,c261cda9-ef57-4538-9754-da6978019d2a,d9aa2092-00c3-4728-8f0e-eb9d2048018c,account,0e51f30d-c6a7-4e39-84b0-32ccd7c524a5,2026-04-01T13:14:00Z,2026-04-01,36905409000,100000000,2026-03-30T13:14:00Z,2,100001,7f5b6f7e-1c2d-4a4e-9a51-3a3f1d3c0a01
fd5a9d6f-38e4-48fa-b60c-2b2902f2d66a,INV-002341,c42a2287-17e2-414b-a5e7-daad50b9e8b6,e8372167-0785-4070-b268-63fa5bc73425,3c04a50e-0060-47a3-a073-cd4e192004bd,account,10f1bc81-448a-4a9e-a6b2-bc5b50c187fc,2025-12-11T12:27:00Z,2026-01-10,9359315000,1,,0,4,7f5b6f7e-1c2d-4a4e-9a51-3a3f1d3c0a01
87ab2ae7-ceaa-4864-ae59-ff4316d9830b,INV-002342,fd8fa525-228a-41a0-bbe0-c2f8005bae8c,ddb2ae11-9b59-4823-b494-8aeb8b1d7f73,3c04a50e-0060-47a3-a073-cd4e192004bd,account,10f1bc81-448a-4a9e-a6b2-bc5b50c187fc,2025-12-10T11:41:00Z,2026-01-09,12544850000,1,2026-01-17T09:57:00Z,2,100001,7f5b6f7e-1c2d-4a4e-9a51-3a3f1d3c0a01
20f0183f-4798-4709-a76c-6c6d4e8e9815,INV-002343,fec58d05-17c2-43c6-b821-94efe3ca0a10,a375b055-cc7f-4add-8ff5-13821d059e5f,3c04a50e-0060-47a3-a073-cd4e192004bd,account,10f1bc81-448a-4a9e-a6b2-bc5b50c187fc,2025-12-11T12:40:00Z,2026-01-10,30462151000,1,2026-02-09T11:15:00Z,2,100001,7f5b6f7e-1c2d-4a4e-9a51-3a3f1d3c0a01
70775a15-2fc7-45ab-a9fd-d1bc83aa6586,INV-002344,7de317c6-cbf9-4c43-a99d-6fc9970e3ea4,25f19568-eb61-4fff-9aa6-f23b65c23fce,70cbb7dd-7f63-4e27-a67f-1ff6c4e84692,account,ce177b4e-0837-48a3-9261-a7ab3aa2e4f9,2026-04-21T06:19:00Z,2026-05-21,65164898000,1,2026-05-21T07:51:00Z,2,100001,7f5b6f7e-1c2d-4a4e-9a51-3a3f1d3c0a01
81a98821-8bce-4742-a818-2558dd29b13e,INV-002345,78a759eb-02f4-4f2d-8dfa-e52b20236c48,1247aef9-a3ed-4f35-bf31-4af2880c79c9,70cbb7dd-7f63-4e27-a67f-1ff6c4e84692,account,ce177b4e-0837-48a3-9261-a7ab3aa2e4f9,2026-06-01T06:52:00Z,2026-07-01,75940935000,1,,0,4,7f5b6f7e-1c2d-4a4e-9a51-3a3f1d3c0a01
2545e9fd-c4fa-42d7-96f5-53d147f2de70,INV-002346,0734bdb9-d741-48c9-b3c4-9d38d146e1c6,49b12a03-10c0-484c-8237-739a6995d1fe,70cbb7dd-7f63-4e27-a67f-1ff6c4e84692,account,ce177b4e-0837-48a3-9261-a7ab3aa2e4f9,2026-06-06T04:33:00Z,2026-07-06,109292725000,1,,0,4,7f5b6f7e-1c2d-4a4e-9a51-3a3f1d3c0a01
c61e9ead-a1fd-4087-85b8-fc8419cdd03b,INV-002347,cf7eb777-446f-4171-a970-3d3df825cde6,8b4ebf5a-4e79-4f9c-8752-2c57d475a230,a02a4c45-5e61-4b35-bb53-58345656a671,account,e27a984d-6548-41d0-bfcd-9eb1a7cad415,2026-01-10T09:00:00Z,2026-01-10,123455153000,100000000,2026-01-08T09:00:00Z,2,100001,7f5b6f7e-1c2d-4a4e-9a51-3a3f1d3c0a01
94f1727f-5873-49e4-8612-2c48c331e1eb,INV-002348,a7211307-6dba-4397-9ab8-818cfe95634f,ea7d8d6c-e5e8-45c1-9f57-d8bdb3c00228,0ce7b866-f413-4a29-9f4f-e0a3eca0b24e,account,24933b83-7577-40a9-a491-f0b2ea1fca65,2026-02-21T13:03:00Z,2026-04-22,14142641000,4,2026-04-21T12:34:00Z,2,100001,7f5b6f7e-1c2d-4a4e-9a51-3a3f1d3c0a01
1c7b6113-980e-4ea5-9554-0f3b6062efb6,INV-002349,02a2d7ed-8859-4a45-b0f4-aad8565965a4,4dac3662-ce95-4012-bf16-31a20609e087,7a79e8e2-e43d-4011-a215-5170bd2e233a,account,24933b83-7577-40a9-a491-f0b2ea1fca65,2026-04-30T05:58:00Z,2026-05-30,8560321000,1,2026-06-11T07:31:00Z,2,100001,7f5b6f7e-1c2d-4a4e-9a51-3a3f1d3c0a01
6019c976-f6ce-4c4a-bd09-b8cd52d83f90,INV-002350,ae2ce70e-86bc-4c53-9b1f-e7692124a42c,6cccb5ac-8807-4e82-bf17-00eb5ee3a394,7a79e8e2-e43d-4011-a215-5170bd2e233a,account,24933b83-7577-40a9-a491-f0b2ea1fca65,2026-06-09T08:15:00Z,2026-07-09,32712426000,1,,0,4,7f5b6f7e-1c2d-4a4e-9a51-3a3f1d3c0a01
0334a6e9-b4ea-4ff4-9b73-457c5cf5cd84,INV-002351,d939ef4c-aa86-48ae-85b9-a9e7be60d500,bea00f0b-e5f6-4f50-91a1-63188138ff91,7a79e8e2-e43d-4011-a215-5170bd2e233a,account,24933b83-7577-40a9-a491-f0b2ea1fca65,2026-05-31T07:00:00Z,2026-06-30,8029957000,1,,0,4,7f5b6f7e-1c2d-4a4e-9a51-3a3f1d3c0a01
6e1f0003-6055-4683-8899-568f47750557,INV-002352,5801d57a-f4e9-4061-a537-f9bd9df37bf0,0c0ca703-579c-4317-bc6a-0cef97b2e320,a5e11793-6fa0-41cc-9776-6542abfec3a0,account,5304317f-af42-412f-b838-b3268e944239,2026-04-01T07:23:00Z,2026-05-01,34118779000,1,2026-04-28T06:01:00Z,2,100001,7f5b6f7e-1c2d-4a4e-9a51-3a3f1d3c0a01
e87945f6-98a2-4dca-bd97-9ed8e00e1341,INV-002353,7e68b1b2-a35f-4a47-a7f0-3d611c0b28ac,09b677d4-7926-4c37-a93e-5b401b94cefc,7bcc3786-d4e9-473d-89cb-7bfed7e6a8c1,account,24933b83-7577-40a9-a491-f0b2ea1fca65,2026-05-09T12:13:00Z,2026-07-08,28755616000,4,,0,4,7f5b6f7e-1c2d-4a4e-9a51-3a3f1d3c0a01
d8319254-808e-47de-91e9-df9ed156938a,INV-002354,95e8e16d-b497-4dd8-a4ab-ececf81c4901,9cc7b734-3ae7-4d70-8643-e2c57eb055f3,ca0a4ac9-31f3-4260-9f43-eb20fd6f6bbb,account,0e51f30d-c6a7-4e39-84b0-32ccd7c524a5,2026-06-16T05:41:00Z,2026-06-16,25139687000,100000000,2026-06-16T05:41:00Z,2,100001,7f5b6f7e-1c2d-4a4e-9a51-3a3f1d3c0a01
