leadid,subject,companyname,jobtitle,industrycode,address1_stateorprovince,leadsourcecode,campaignid,relatedobjectid,ahn_productgroup,ahn_estimatedtonnage,parentaccountid,ownerid,createdon,modifiedon,statecode,statuscode,qualifyingopportunityid
083f64c3-1ce3-42f8-83f7-25feb99b2b5a,"Pipes & Profiles, 210 t - Taban Housing Development Group",Taban Housing Development Group,Site Engineer,100000005,Fars,7,c5144d98-b41c-404f-a346-f415e5267a2b,e00da49d-effa-4002-b040-413c4690fb15,100000005,255.0,1139fa12-34c1-43ea-bd9c-4e6404015ced,e27a984d-6548-41d0-bfcd-9eb1a7cad415,2024-10-24T09:13:00Z,2024-10-27T04:36:00Z,1,3,1a947da4-bec2-4e55-8d4e-c960f6cd67d0
0b531932-bd94-49aa-bea6-e5b20c760d28,"Galvanized Sheet, 45 t - Alvand Auto Parts Mfg.",Alvand Auto Parts Mfg.,Supply Chain Manager,100000003,Tehran,7,c5144d98-b41c-404f-a346-f415e5267a2b,df495037-b40a-4181-ac09-bdb799086e47,100000004,35.0,,b02b61c4-a3d7-4628-ace6-6fa2fd5166e6,2024-10-23T05:02:00Z,2024-10-27T09:59:00Z,2,4,
ea98fef8-d0d7-4e37-bbf2-025f4a0d2b73,"Beams & Sections, 105 t - Mehrgan Abadgaran Industries",Mehrgan Abadgaran Industries,Procurement Lead,100000000,East Azerbaijan,7,c5144d98-b41c-404f-a346-f415e5267a2b,fe54ee4b-80ff-4173-a3df-ecd70e731dd7,100000001,95.0,,beb79919-3f22-4af8-a3be-d01d43cf2fde,2024-10-23T12:30:00Z,2024-10-26T08:25:00Z,2,6,
582b91ee-f8e8-435b-8c00-988a7ee1011a,"Cold-Rolled Sheet, 65 t - Varna Auto Parts Mfg.",Varna Auto Parts Mfg.,Supply Chain Manager,100000003,Tehran,7,c5144d98-b41c-404f-a346-f415e5267a2b,8e4c3ab5-6d5d-4477-adc2-9178a0411612,100000003,80.0,,5304317f-af42-412f-b838-b3268e944239,2024-10-22T06:34:00Z,2024-10-26T05:47:00Z,2,6,
0ec0713d-ea2c-4a51-b688-d11fce4758be,"Hot-Rolled Sheet, 70 t - Farazan Steel Structures Industries",Farazan Steel Structures Industries,Site Engineer,100000001,Hormozgan,7,c5144d98-b41c-404f-a346-f415e5267a2b,24f43c62-b523-40de-9b87-d29c4cfd0fc1,100000002,70.0,73253aa3-ec17-4298-943d-f5b3a58e83dd,e27a984d-6548-41d0-bfcd-9eb1a7cad415,2024-10-23T13:04:00Z,2024-10-27T04:42:00Z,1,3,c3745229-71ee-492e-8588-14eb6a6c3676
e8b3d763-f4ff-4f3a-8d9d-baeb553d2625,"Hot-Rolled Sheet, 55 t - Ava Sakhteman Co.",Ava Sakhteman Co.,Purchasing Manager,100000000,Alborz,7,c5144d98-b41c-404f-a346-f415e5267a2b,e8334da5-de95-4695-b579-c1437ab99428,100000002,75.0,,b02b61c4-a3d7-4628-ace6-6fa2fd5166e6,2024-10-24T05:36:00Z,2024-10-28T05:07:00Z,2,6,
51facefa-d6f8-4f7a-82fa-1da878308631,"Rebar, 110 t - Alvand Sakhteman Ltd.",Alvand Sakhteman Ltd.,Purchasing Manager,100000000,East Azerbaijan,7,c5144d98-b41c-404f-a346-f415e5267a2b,b8f0188e-fb37-4fae-8d85-63ca193e638d,100000000,115.0,,beb79919-3f22-4af8-a3be-d01d43cf2fde,2024-10-24T05:21:00Z,2024-10-27T09:59:00Z,2,6,
95831d58-ef4c-4119-8da5-d39b42c21797,"Pipes & Profiles, 40 t - Sahand Fabrication Works Ltd.",Sahand Fabrication Works Ltd.,Site Engineer,100000001,Tehran,7,c5144d98-b41c-404f-a346-f415e5267a2b,0426fcc9-255b-40e2-bdc2-b74b38a56b49,100000005,50.0,3ee82983-d557-4241-91dd-b9bf613d2de9,b02b61c4-a3d7-4628-ace6-6fa2fd5166e6,2024-10-22T05:41:00Z,2024-10-26T07:41:00Z,1,3,a89966aa-ad52-4e85-b1da-666c18b77c57
5a2837b2-cb83-43f2-bb96-f6022b115c36,"Hot-Rolled Sheet, 305 t - Saba Pipe & Profile Industries",Saba Pipe & Profile Industries,Purchasing Manager,100000002,Tehran,7,c5144d98-b41c-404f-a346-f415e5267a2b,75f8e3a8-7d97-4c0f-bd56-09c4a4461663,100000002,345.0,30307633-a6de-41d8-9258-17b7cf501889,0e51f30d-c6a7-4e39-84b0-32ccd7c524a5,2024-10-23T10:28:00Z,2024-10-27T06:58:00Z,2,5,
a3422e50-9e2a-4324-8f79-a8a75f8a14bd,"Rebar, 945 t - Mahtab Housing Development Co.",Mahtab Housing Development Co.,Supply Chain Manager,100000005,Tehran,7,c5144d98-b41c-404f-a346-f415e5267a2b,74bd0c93-8177-4661-b7fe-032c02571851,100000000,1045.0,,ce177b4e-0837-48a3-9261-a7ab3aa2e4f9,2024-10-22T12:59:00Z,2024-10-27T11:10:00Z,2,5,
694d7b00-8d38-4327-883f-13c601b158e9,"Beams & Sections, 130 t - Tous Construction Co.",Tous Construction Co.,Purchasing Manager,100000000,Isfahan,7,c5144d98-b41c-404f-a346-f415e5267a2b,0406ff44-7ce4-4679-a8c6-dbc07bb3447b,100000001,115.0,49646b96-fa3c-4628-8926-21df465568b7,9132b63e-f162-47e4-a9c3-49e03602f8ac,2024-10-23T08:57:00Z,2024-10-27T08:49:00Z,1,3,ac2356f7-11e7-42f8-a1ed-e463615f7343
f090f5a0-ce61-4199-ae3a-0ba8ac8d6c7d,"Rebar, 110 t - Espadana Builders Industries",Espadana Builders Industries,Procurement Lead,100000000,Fars,7,c5144d98-b41c-404f-a346-f415e5267a2b,b2a6e468-d02b-4243-8091-3ac10463750e,100000000,115.0,409e7a80-86c5-41d6-9ea9-f50831227592,e27a984d-6548-41d0-bfcd-9eb1a7cad415,2024-10-20T13:05:00Z,2024-10-26T05:47:00Z,1,3,ee608e1f-7f64-40ae-b846-e85d6627cd56
79db7862-8d7d-4772-a08e-2f5c61177270,"Hot-Rolled Sheet, 215 t - Parsian Profile Works Co.",Parsian Profile Works Co.,Purchasing Manager,100000002,Tehran,7,c5144d98-b41c-404f-a346-f415e5267a2b,67c0518b-17ef-4621-881c-79d4c27437eb,100000002,185.0,f94d8fcb-dba3-496f-ba32-3f6990dbfad6,0e51f30d-c6a7-4e39-84b0-32ccd7c524a5,2024-10-24T04:33:00Z,2024-10-30T06:11:00Z,1,3,150f3be4-24a3-427a-8f53-3e9a0cd95fb9
3508507a-f622-4842-8402-2b3c508211a5,"Cold-Rolled Sheet, 70 t - Hoda Press Works Co.",Hoda Press Works Co.,Managing Director,100000003,East Azerbaijan,7,c5144d98-b41c-404f-a346-f415e5267a2b,d9b59f84-edc3-41c3-adea-2d2d086c405f,100000003,90.0,,beb79919-3f22-4af8-a3be-d01d43cf2fde,2024-10-22T07:49:00Z,2024-10-26T05:39:00Z,2,6,
bd5ff093-c16f-4bcc-a243-bed754ec3f33,"Hot-Rolled Sheet, 150 t - Fardis Profile Sazan Group",Fardis Profile Sazan Group,Managing Director,100000002,Tehran,7,c5144d98-b41c-404f-a346-f415e5267a2b,8a624cbd-e582-4678-ad52-29dd639fc471,100000002,160.0,,0e51f30d-c6a7-4e39-84b0-32ccd7c524a5,2024-10-20T07:54:00Z,2024-10-24T10:54:00Z,2,4,
a255e1bb-0795-4c1f-938d-6b8cc607b1e9,"Rebar, 830 t - Rayan Rail & Road Projects Ltd.",Rayan Rail & Road Projects Ltd.,Managing Director,100000005,Alborz,7,c5144d98-b41c-404f-a346-f415e5267a2b,f80b2cea-658e-44a2-9879-cf35f4719986,100000000,780.0,614c721d-a921-4b4c-95fb-e976ae007b7e,ce177b4e-0837-48a3-9261-a7ab3aa2e4f9,2024-10-26T06:35:00Z,2024-10-29T07:15:00Z,1,3,603a77f6-ef7e-48b7-855e-bd5aec8bc81d
277eb0aa-a247-441d-88ad-0899b630794d,"Rebar, 70 t - Elham Sazeh Ltd.",Elham Sazeh Ltd.,Managing Director,100000000,Khorasan Razavi,7,c5144d98-b41c-404f-a346-f415e5267a2b,6147adeb-277b-4667-8499-d0a615007170,100000000,65.0,16591c89-21eb-4aa9-9a2b-d69c450f69ee,24933b83-7577-40a9-a491-f0b2ea1fca65,2024-10-21T10:02:00Z,2024-10-24T09:03:00Z,1,3,85d438ce-9a87-4ebf-946b-6e101d2f82d1
8de1596c-5a9a-406a-96f1-42a206b919aa,"Hot-Rolled Sheet, 190 t - Sadaf Builders Co.",Sadaf Builders Co.,Managing Director,100000000,Alborz,7,c5144d98-b41c-404f-a346-f415e5267a2b,1a7167c7-6875-4545-832f-52c48e0370cf,100000002,230.0,,b02b61c4-a3d7-4628-ace6-6fa2fd5166e6,2024-10-24T04:57:00Z,2024-10-27T08:00:00Z,2,4,
8f3dc97f-e6b0-4a0a-b98f-5dbe15aede0f,"Rebar, 90 t - Karun Sazeh Ltd.",Karun Sazeh Ltd.,Purchasing Manager,100000000,Khorasan Razavi,7,c5144d98-b41c-404f-a346-f415e5267a2b,c777a07f-6346-44ef-a9ef-74e34ab6821c,100000000,170.0,af70de70-2b69-495e-8567-1b58926bffa5,24933b83-7577-40a9-a491-f0b2ea1fca65,2024-10-22T09:40:00Z,2024-10-27T12:23:00Z,1,3,7b3e8c81-4e02-4c8a-8dde-ca83ce82f8a0
2d79a2d1-506e-40c7-baa0-61e9336b00cb,"Rebar, 85 t - Kimia Sakhteman Co.",Kimia Sakhteman Co.,Purchasing Manager,100000000,Alborz,7,c5144d98-b41c-404f-a346-f415e5267a2b,b1fead13-f280-4f1d-9a6c-0db952171c88,100000000,65.0,,0e51f30d-c6a7-4e39-84b0-32ccd7c524a5,2024-10-24T05:55:00Z,2024-10-28T08:08:00Z,2,6,
cc351e4f-703e-457f-b5ab-8466b5578b00,"Hot-Rolled Sheet, 80 t - Kowsar Eskelet Felezi Group",Kowsar Eskelet Felezi Group,Managing Director,100000001,East Azerbaijan,7,c5144d98-b41c-404f-a346-f415e5267a2b,f166cdcf-762c-4fbc-ba2a-a7baf3f81c31,100000002,85.0,ef2ddcc4-8df6-41da-9f07-c1a5dfc620ce,beb79919-3f22-4af8-a3be-d01d43cf2fde,2024-10-23T09:03:00Z,2024-10-28T12:24:00Z,1,3,19ea5e46-059e-4837-ab11-c1f1e02beeab
cff2b1c4-e53f-4644-b39e-4df25c0a1feb,"Hot-Rolled Sheet, 45 t - Yekta Fabrication Works Co.",Yekta Fabrication Works Co.,Site Engineer,100000001,Isfahan,7,c5144d98-b41c-404f-a346-f415e5267a2b,f7eae66e-ca6c-4f9b-8969-71018b2c550a,100000002,60.0,902f3465-0b57-4720-9cd8-758ba5a1c825,9132b63e-f162-47e4-a9c3-49e03602f8ac,2024-10-21T06:28:00Z,2024-10-22T10:51:00Z,1,3,7d86b46c-eee4-4f6a-bb66-ff200510ad2e
54e38579-c0af-4193-b780-ef2f664d5922,"Wire Rod, 65 t - Kian Steel Merchants Group",Kian Steel Merchants Group,Managing Director,100000004,Tehran,7,c5144d98-b41c-404f-a346-f415e5267a2b,a590fd3c-ad6e-4c57-a520-c3d0fbcdbf5e,100000006,60.0,5c0b9b10-a757-4b10-82f5-25b902ed73ce,ce177b4e-0837-48a3-9261-a7ab3aa2e4f9,2024-10-22T07:03:00Z,2024-10-26T12:05:00Z,2,6,
4ba17233-1ac3-4f31-bb96-e2d10649bcf6,"Pipes & Profiles, 295 t - Hirad Rail & Road Projects Ltd.",Hirad Rail & Road Projects Ltd.,Managing Director,100000005,Khuzestan,7,c5144d98-b41c-404f-a346-f415e5267a2b,ff69723d-584f-485b-a697-384d801e8690,100000005,300.0,57d337d3-4fd8-4bbb-992c-11072444d301,366eb16f-508e-4ad7-b7c9-3acfe059a0ee,2024-10-23T07:20:00Z,2024-10-27T09:32:00Z,1,3,56bc1b8c-6076-445f-824c-200ccbd6d78c
05c8234b-1d76-4a66-b5f5-9cb0cf685878,"Rebar, 40 t - Nima Omran Industries",Nima Omran Industries,Purchasing Manager,100000000,Tehran,7,c5144d98-b41c-404f-a346-f415e5267a2b,0b705933-4cde-4b6b-9132-567c51a40d2a,100000000,55.0,54bbbcf8-28fe-4761-8d49-fe3f2ca8f783,b02b61c4-a3d7-4628-ace6-6fa2fd5166e6,2024-10-21T07:31:00Z,2024-10-26T09:42:00Z,1,3,00d52f8c-bc35-45d9-948d-83ea35ce13ad
a84554c3-a3f6-4c61-afb7-0dab2f383b43,"Rebar, 375 t - Iman Contracting Group",Iman Contracting Group,Project Manager,100000000,Khuzestan,7,c5144d98-b41c-404f-a346-f415e5267a2b,a137f8e4-67b1-4040-8c39-b9253b5ae288,100000000,320.0,7317591a-3283-4aa4-a212-ab7c9d361cb6,366eb16f-508e-4ad7-b7c9-3acfe059a0ee,2024-10-21T10:18:00Z,2024-10-24T10:56:00Z,1,3,4b2e7986-d743-42a7-a1b7-4c92fdcc48a5
5da49cb9-2fdc-4992-8971-8eeadf3a098a,"Rebar, 55 t - Sadaf Fabrication Works Ltd.",Sadaf Fabrication Works Ltd.,Project Manager,100000001,East Azerbaijan,7,c5144d98-b41c-404f-a346-f415e5267a2b,ccac2fb5-1a0c-4c04-93cd-129110042d82,100000000,70.0,7d4ed26e-dcd5-4fae-abb3-16a743299780,beb79919-3f22-4af8-a3be-d01d43cf2fde,2024-10-24T04:52:00Z,2024-10-27T11:53:00Z,1,3,bceb4bc1-4d07-4dc4-bd4c-08f1d4bcfaf8
2c2ac34b-9e0b-4b01-b536-59efd873dad9,"Cold-Rolled Sheet, 25 t - Golestan Auto Parts Mfg.",Golestan Auto Parts Mfg.,Supply Chain Manager,100000003,Khorasan Razavi,7,c5144d98-b41c-404f-a346-f415e5267a2b,5a1baf0e-5911-46dc-9d3e-503a9645f0e4,100000003,20.0,502cf0ee-224a-46a6-ac0f-680115b24e1d,24933b83-7577-40a9-a491-f0b2ea1fca65,2024-10-23T04:45:00Z,2024-10-26T07:08:00Z,1,3,e5dcdfd7-95c4-4328-93f3-170d502fb862
2fe5b140-23ea-4956-89f1-137d7d592e19,"Galvanized Sheet, 40 t - Zagros Agri-Steel Co.",Zagros Agri-Steel Co.,Purchasing Manager,100000006,East Azerbaijan,7,c5144d98-b41c-404f-a346-f415e5267a2b,2ab7b2ef-8e0e-4033-ac59-1da8fff96acf,100000004,30.0,31f3f0c0-22f3-4068-bc0f-549d02740f73,beb79919-3f22-4af8-a3be-d01d43cf2fde,2024-10-24T09:32:00Z,2024-10-27T11:41:00Z,1,3,07d793c7-8e04-4c8a-a088-b8f9fd675cd3
68bd075b-7eb6-481e-a72f-947d816462cb,"Rebar, 90 t - Dena Abadgaran Ltd.",Dena Abadgaran Ltd.,Procurement Lead,100000000,Tehran,7,c5144d98-b41c-404f-a346-f415e5267a2b,8fc3d7d3-f6bd-40c7-a24a-2a50d0b1fde0,100000000,75.0,6b0ae0e3-9d89-4047-9d39-d7936257a4a2,0e51f30d-c6a7-4e39-84b0-32ccd7c524a5,2024-10-22T10:57:00Z,2024-10-26T10:14:00Z,1,3,1415596f-f5c3-4837-9461-1d95c40a572d
929d6377-1cfb-455f-82c4-2e488cbadae5,"Rebar, 85 t - Javid Omran Group",Javid Omran Group,Purchasing Manager,100000000,Isfahan,7,c5144d98-b41c-404f-a346-f415e5267a2b,7eccdaf4-c413-4dc2-85c5-ae8abe15ad12,100000000,45.0,37f25d36-8bdd-4ee3-b0fd-6672b80f16c5,9132b63e-f162-47e4-a9c3-49e03602f8ac,2024-10-21T12:01:00Z,2024-10-23T05:33:00Z,1,3,2bf4870c-6465-4f73-a57a-21429c3e8d17
3f5e3b8c-c058-4da5-a757-075bd47f83b1,"Pipes & Profiles, 20 t - Gohar Golkhaneh Sazan Ltd.",Gohar Golkhaneh Sazan Ltd.,Supply Chain Manager,100000006,Tehran,7,c5144d98-b41c-404f-a346-f415e5267a2b,bc69c155-1a37-46bd-acd6-f011fd61f13b,100000005,15.0,,0e51f30d-c6a7-4e39-84b0-32ccd7c524a5,2024-10-20T04:37:00Z,2024-10-23T06:27:00Z,2,6,
bcd4344f-cf8a-468e-b5ba-93573ca87f31,"Beams & Sections, 135 t - Jahan Steel Depot Ltd.",Jahan Steel Depot Ltd.,Managing Director,100000004,Alborz,7,c5144d98-b41c-404f-a346-f415e5267a2b,cfd7f3b9-c68f-4ba5-9e0d-02b5fe7402cd,100000001,95.0,,ce177b4e-0837-48a3-9261-a7ab3aa2e4f9,2024-10-23T13:17:00Z,2024-10-26T06:15:00Z,2,5,
88438de2-59cf-4b0d-91f0-647d0f321333,"Beams & Sections, 205 t - Mehr Metal Center Co.",Mehr Metal Center Co.,Site Engineer,100000004,Tehran,7,c5144d98-b41c-404f-a346-f415e5267a2b,ce315937-34fa-42b6-9043-7e4c34e50699,100000001,170.0,,5304317f-af42-412f-b838-b3268e944239,2024-10-23T09:04:00Z,2024-10-27T12:38:00Z,2,5,
46feacd4-fe13-43cd-8f2d-5c15eb346d3a,"Beams & Sections, 595 t - Orang Ahan Bazar Ltd.",Orang Ahan Bazar Ltd.,Supply Chain Manager,100000004,Khuzestan,7,c5144d98-b41c-404f-a346-f415e5267a2b,695e5ea9-c923-4c64-8006-2b5bf67839b2,100000001,660.0,,366eb16f-508e-4ad7-b7c9-3acfe059a0ee,2024-10-24T08:30:00Z,2024-10-28T10:04:00Z,2,4,
3f5fbf4f-d417-4230-9274-ee11b61df906,"Hot-Rolled Sheet, 160 t - Fardis Pipe & Profile Industries",Fardis Pipe & Profile Industries,Project Manager,100000002,Khuzestan,7,c5144d98-b41c-404f-a346-f415e5267a2b,257035db-3fea-490a-a1f8-072dddb7570e,100000002,135.0,,366eb16f-508e-4ad7-b7c9-3acfe059a0ee,2024-10-23T13:05:00Z,2024-10-30T04:43:00Z,2,4,
b1d81887-4739-4c7b-bff3-0c8d83ff3e96,"Galvanized Sheet, 30 t - Raman Press Works Industries",Raman Press Works Industries,Supply Chain Manager,100000003,Isfahan,7,c5144d98-b41c-404f-a346-f415e5267a2b,67213a70-17d5-4f59-84d5-98f7e14fe093,100000004,35.0,d43cdd6d-e0c1-4f1e-a0da-897258321ee4,9132b63e-f162-47e4-a9c3-49e03602f8ac,2024-10-22T07:03:00Z,2024-10-26T09:06:00Z,2,5,
cbb18c79-1036-408d-99a0-90075bb47c18,"Rebar, 70 t - Mehrgan Construction Group",Mehrgan Construction Group,Project Manager,100000000,East Azerbaijan,7,c5144d98-b41c-404f-a346-f415e5267a2b,b28187c4-aa05-4442-a284-e8fd755cee2a,100000000,75.0,216e9fe5-93f3-4596-8c1c-8b0556771f36,beb79919-3f22-4af8-a3be-d01d43cf2fde,2024-10-24T11:30:00Z,2024-10-30T08:55:00Z,1,3,63e5eabd-6a77-426c-bdb5-1fc7a273d581
c3231466-aebb-490e-a4e7-51de57ff51d9,"Rebar, 255 t - Kian Omran Ltd.",Kian Omran Ltd.,Purchasing Manager,100000000,Mazandaran,7,c5144d98-b41c-404f-a346-f415e5267a2b,c9ce44bd-7c3f-4add-9a38-5db590eeb067,100000000,225.0,042b03ca-75a7-4686-9632-1d31c8acffcf,0e51f30d-c6a7-4e39-84b0-32ccd7c524a5,2024-10-21T11:44:00Z,2024-10-26T08:36:00Z,1,3,2acf31d1-90b3-4fe6-8ff2-6464e79a06bd
fee5ce69-33cb-402e-ad84-414df54191ea,"Rebar, 280 t - Tina Builders Industries",Tina Builders Industries,Project Manager,100000000,Mazandaran,7,c5144d98-b41c-404f-a346-f415e5267a2b,fde91c42-002c-4c22-b4de-5f7070f81dba,100000000,160.0,17e52113-4626-43be-a068-8849eec71a30,5304317f-af42-412f-b838-b3268e944239,2024-10-24T11:55:00Z,2024-10-26T07:26:00Z,1,3,c83c29de-34ec-4c7b-aa94-727f2eef9e7c
c156e501-b30e-46e8-b9da-5f8c4e35da80,"Beams & Sections, 155 t - Nima Urban Infrastructure Ltd.",Nima Urban Infrastructure Ltd.,Supply Chain Manager,100000005,Isfahan,7,c5144d98-b41c-404f-a346-f415e5267a2b,a0279a18-6576-4410-8d41-ee472a5fda18,100000001,120.0,,10f1bc81-448a-4a9e-a6b2-bc5b50c187fc,2024-10-21T06:56:00Z,2024-10-22T08:56:00Z,2,4,
57f479b5-b212-46ee-8210-63710260a123,"Hot-Rolled Sheet, 140 t - Bamdad Eskelet Felezi Ltd.",Bamdad Eskelet Felezi Ltd.,Supply Chain Manager,100000001,Khuzestan,7,c5144d98-b41c-404f-a346-f415e5267a2b,71efe72a-ae13-491e-84fa-4c7239e7a4f1,100000002,100.0,1a6b6a7d-1a38-4ad6-8e53-2ffdbb134f02,366eb16f-508e-4ad7-b7c9-3acfe059a0ee,2024-10-22T11:06:00Z,2024-10-27T05:15:00Z,1,3,27d30b16-0a79-436a-87e8-646352ce94b8
a43e558c-2215-4f00-9fdf-0e05c0cef31b,"Beams & Sections, 100 t - Fardis Omran Group",Fardis Omran Group,Managing Director,100000000,East Azerbaijan,7,c5144d98-b41c-404f-a346-f415e5267a2b,d038e153-c601-418b-a1fa-01ba231ae7c7,100000001,100.0,9c3de1b0-022b-4683-9033-da6587cf63fd,beb79919-3f22-4af8-a3be-d01d43cf2fde,2024-10-22T11:12:00Z,2024-10-27T09:34:00Z,1,3,a243cbab-567d-4ee6-a3d6-d3573ffeddba
bae1e137-96ee-40e5-9f87-3b46c0a0473a,"Hot-Rolled Sheet, 85 t - Tous Profile Sazan Industries",Tous Profile Sazan Industries,Purchasing Manager,100000002,Tehran,7,c5144d98-b41c-404f-a346-f415e5267a2b,23d7e6a1-19b8-44fc-a587-1d8916312fc6,100000002,70.0,3f6eed9d-23cb-4943-8a84-000350834fef,0e51f30d-c6a7-4e39-84b0-32ccd7c524a5,2024-10-23T05:41:00Z,2024-10-31T10:57:00Z,1,3,8994b175-c432-487f-8050-203c020281d7
d8d994b8-d90f-44e9-86dd-f6cab0c30a59,"Beams & Sections, 105 t - Iranmehr Steel Structures Co.",Iranmehr Steel Structures Co.,Purchasing Manager,100000001,Tehran,7,c5144d98-b41c-404f-a346-f415e5267a2b,f0f7ad22-c76a-4e0f-88f0-91f09b8b38ae,100000001,115.0,,0e51f30d-c6a7-4e39-84b0-32ccd7c524a5,2024-10-22T06:56:00Z,2024-10-24T07:33:00Z,2,4,
a56b61e0-4ba8-44ca-a449-cb6fbf72ae52,"Beams & Sections, 190 t - Iranmehr Urban Infrastructure Co.",Iranmehr Urban Infrastructure Co.,Purchasing Manager,100000005,Fars,7,c5144d98-b41c-404f-a346-f415e5267a2b,304b2370-8270-4238-9b5f-8f39848b34f0,100000001,210.0,,e27a984d-6548-41d0-bfcd-9eb1a7cad415,2024-10-21T10:28:00Z,2024-10-26T08:15:00Z,2,4,
a3595d1f-7fe4-442e-bdb7-88a61cdcc4c2,"Beams & Sections, 105 t - Tous Contracting Ltd.",Tous Contracting Ltd.,Site Engineer,100000000,Tehran,7,c5144d98-b41c-404f-a346-f415e5267a2b,62c965b2-7eb0-462a-bd45-74ebf4655a21,100000001,115.0,,b02b61c4-a3d7-4628-ace6-6fa2fd5166e6,2024-10-21T04:50:00Z,2024-10-26T08:17:00Z,2,5,
6bbdb66f-9181-4091-96c6-f45cdc5e4e78,"Beams & Sections, 130 t - Mahan Construction Co.",Mahan Construction Co.,Project Manager,100000000,Alborz,7,c5144d98-b41c-404f-a346-f415e5267a2b,6307d4d1-21c9-415d-9104-5a16ef15ab72,100000001,130.0,965d744f-0445-41a8-92af-97e4c536c66e,5304317f-af42-412f-b838-b3268e944239,2024-10-22T08:21:00Z,2024-10-26T11:38:00Z,1,3,3b93bf18-9551-4d67-ad08-2d74fcc93eed
495743a2-81b1-4b80-a5e1-b0f5ca0ee8c4,"Galvanized Sheet, 35 t - Atlas Auto Parts Mfg.",Atlas Auto Parts Mfg.,Procurement Lead,100000003,Tehran,7,c5144d98-b41c-404f-a346-f415e5267a2b,f2dcb12b-0f7a-4302-ac2e-28150a3217d2,100000004,25.0,89a3c811-895c-4fde-a3fa-40691519fd38,b02b61c4-a3d7-4628-ace6-6fa2fd5166e6,2024-10-23T11:30:00Z,2024-10-26T04:49:00Z,1,3,7c142149-da02-4f54-84d6-5a2123e2c160
ebc1bb52-82e4-4d4a-943a-c1c54f560ed5,"Beams & Sections, 55 t - Mehr Fabrication Works Industries",Mehr Fabrication Works Industries,Purchasing Manager,100000001,Mazandaran,7,c5144d98-b41c-404f-a346-f415e5267a2b,15669e36-4708-403b-a716-10c19db54283,100000001,45.0,,0e51f30d-c6a7-4e39-84b0-32ccd7c524a5,2024-10-23T09:26:00Z,2024-10-24T11:35:00Z,2,7,
4f67448e-10ec-4b1f-a4a5-c736ae59aa52,"Rebar, 250 t - Arvand Steel Depot Co.",Arvand Steel Depot Co.,Purchasing Manager,100000004,Hormozgan,7,c5144d98-b41c-404f-a346-f415e5267a2b,a65be22b-d5a3-46d9-8362-a810a2611b8d,100000000,215.0,3e9639ba-0ed2-4c9d-bd17-5712d8b22277,e27a984d-6548-41d0-bfcd-9eb1a7cad415,2024-10-26T11:50:00Z,2024-10-31T04:39:00Z,1,3,95fe2b99-4e43-4a46-b562-59092c39cacc
0e165b12-9bdc-40d1-9cbf-7b8c74102d5d,"Galvanized Sheet, 10 t - Helia Golkhaneh Sazan Industries",Helia Golkhaneh Sazan Industries,Site Engineer,100000006,Isfahan,7,c5144d98-b41c-404f-a346-f415e5267a2b,1db14bfc-6f3a-4115-acb4-678c16120aa6,100000004,10.0,02e7df89-b395-4a98-a320-4ff5b538f96c,9132b63e-f162-47e4-a9c3-49e03602f8ac,2024-10-22T06:37:00Z,2024-10-27T09:28:00Z,1,3,78376406-bdcc-4c12-835a-6a9f7f4388a3
df9b141e-c7f7-4da1-bff1-5840207e863f,"Rebar, 165 t - Rahyab Metal Center Co.",Rahyab Metal Center Co.,Managing Director,100000004,Isfahan,7,c5144d98-b41c-404f-a346-f415e5267a2b,5f32d5d8-2abe-4585-825e-0259b88416d2,100000000,105.0,55c34853-0783-443c-a65f-ad87c57c7498,9132b63e-f162-47e4-a9c3-49e03602f8ac,2024-10-22T05:16:00Z,2024-10-28T10:10:00Z,1,3,651a2c63-3162-4809-a412-b4ef456f99c2
0e3141ec-5c31-4464-82c2-99f07487d772,"Rebar, 110 t - Dena Steel Merchants Ltd.",Dena Steel Merchants Ltd.,Site Engineer,100000004,Tehran,7,c5144d98-b41c-404f-a346-f415e5267a2b,7f0386fa-13ba-4c91-a0a5-fde6939f71a2,100000000,75.0,,ce177b4e-0837-48a3-9261-a7ab3aa2e4f9,2024-10-26T13:25:00Z,2024-11-02T07:01:00Z,2,4,
eb93f78c-620a-4158-9d2d-904f78c59073,"Hot-Rolled Sheet, 155 t - Iman Loleh Sazi Ltd.",Iman Loleh Sazi Ltd.,Managing Director,100000002,Khuzestan,7,c5144d98-b41c-404f-a346-f415e5267a2b,0bc57207-3e9a-4c86-8325-4fbddce8e1c5,100000002,180.0,,366eb16f-508e-4ad7-b7c9-3acfe059a0ee,2024-10-22T11:19:00Z,2024-10-26T13:20:00Z,2,6,
ac5f12ef-8085-4147-9e91-0f365f705b25,"Rebar, 140 t - Kimia Contracting Industries",Kimia Contracting Industries,Procurement Lead,100000000,Khorasan Razavi,7,c5144d98-b41c-404f-a346-f415e5267a2b,92502e59-13f0-4822-9374-8a1145712959,100000000,235.0,e8b77f7b-7321-4f6b-8a80-76ece5582e16,24933b83-7577-40a9-a491-f0b2ea1fca65,2024-10-21T06:37:00Z,2024-10-24T07:50:00Z,1,3,ad4e4ff8-8736-4422-b74e-e609d86fd87e
5e717fca-020a-4497-b4ed-51458d9765c7,"Rebar, 95 t - Kavir Sabz Abadgaran Co.",Kavir Sabz Abadgaran Co.,Project Manager,100000000,Khorasan Razavi,7,c5144d98-b41c-404f-a346-f415e5267a2b,161d5c87-53c9-4e59-8f89-e3b2d847dc53,100000000,85.0,c6a07656-c5c9-4b91-bf6e-f9ed7e4ce29f,24933b83-7577-40a9-a491-f0b2ea1fca65,2024-10-22T10:02:00Z,2024-10-23T10:23:00Z,1,3,daf816d7-c346-439b-a89f-c1da16722869
0274ce40-e090-46b6-b186-a5a8d6ee526b,"Hot-Rolled Sheet, 185 t - Bamdad Profile Sazan Ltd.",Bamdad Profile Sazan Ltd.,Project Manager,100000002,Fars,7,c5144d98-b41c-404f-a346-f415e5267a2b,a2cd1590-58af-493c-8aa2-b4c93ba5bd76,100000002,135.0,bcf2fc3b-d958-44c2-a053-8c1ba84510a1,e27a984d-6548-41d0-bfcd-9eb1a7cad415,2024-10-21T12:33:00Z,2024-10-23T09:29:00Z,1,3,46d2696a-bc8f-4da8-a92b-e777c65dd413
47a2a10b-b62e-4b49-a472-96a4ff38b918,"Beams & Sections, 60 t - Atlas Fabrication Works Co.",Atlas Fabrication Works Co.,Project Manager,100000001,Tehran,7,c5144d98-b41c-404f-a346-f415e5267a2b,f8f9a45d-0f55-4896-b610-396b7df59abf,100000001,60.0,,5304317f-af42-412f-b838-b3268e944239,2024-10-22T13:19:00Z,2024-10-27T08:05:00Z,2,5,
a995ecc3-6f5b-49a6-8ff1-c51f915cb31b,"Rebar, 55 t - Kimia Sakhteman Industries",Kimia Sakhteman Industries,Managing Director,100000000,Isfahan,7,c5144d98-b41c-404f-a346-f415e5267a2b,97867b12-1328-4726-a4f4-34d6d1e91691,100000000,50.0,73e7f042-516c-4b0a-9385-3918bc4015fa,10f1bc81-448a-4a9e-a6b2-bc5b50c187fc,2024-10-24T12:13:00Z,2024-10-29T06:07:00Z,1,3,6b5bf291-7227-4a6b-a594-5e9d4767fe83
c5285425-c7a9-433c-a2d8-39d333e4f986,"Hot-Rolled Sheet, 70 t - Ilia Loleh Sazi Co.",Ilia Loleh Sazi Co.,Managing Director,100000002,Khuzestan,7,c5144d98-b41c-404f-a346-f415e5267a2b,f18cccdc-131e-4723-bbcd-f203459ee674,100000002,65.0,73b0d676-3527-45c8-8534-ca08f6f24d1c,366eb16f-508e-4ad7-b7c9-3acfe059a0ee,2024-10-21T06:36:00Z,2024-10-27T04:51:00Z,1,3,350823d0-1684-403b-bf02-fd546e9e4d45
25f88c74-53ea-4919-9b48-62c2d5ff2a1f,"Hot-Rolled Sheet, 130 t - Mahtab Omran Co.",Mahtab Omran Co.,Supply Chain Manager,100000000,Tehran,7,c5144d98-b41c-404f-a346-f415e5267a2b,370b9a29-0a53-4df9-9a72-083cb266986c,100000002,140.0,,b02b61c4-a3d7-4628-ace6-6fa2fd5166e6,2024-10-21T10:25:00Z,2024-10-22T10:33:00Z,2,7,
8e52fc42-73c3-44a6-9ac7-26b667863fb3,"Rebar, 40 t - Tarava Construction Group",Tarava Construction Group,Project Manager,100000000,Tehran,7,c5144d98-b41c-404f-a346-f415e5267a2b,f3bc9a71-07f4-4ee5-ac82-989ffd9cfbb0,100000000,45.0,0fc98d2e-030f-4be9-9f17-8f9323c97a1e,b02b61c4-a3d7-4628-ace6-6fa2fd5166e6,2024-10-21T13:21:00Z,2024-10-26T06:41:00Z,1,3,7b8ac25b-1c38-4acc-bf48-8f64ce6b895e
f004e897-a15b-4e18-afb0-64065f4b1a97,"Rebar, 300 t - Javid Foolad Trading Industries",Javid Foolad Trading Industries,Managing Director,100000004,Tehran,7,c5144d98-b41c-404f-a346-f415e5267a2b,668c879b-d2dc-42c8-b2b8-d8aa21768dd7,100000000,340.0,,ce177b4e-0837-48a3-9261-a7ab3aa2e4f9,2024-10-21T10:50:00Z,2024-10-26T08:26:00Z,2,6,
6d39da75-aee7-4ab2-a1fa-8e7a078c26ce,"Hot-Rolled Sheet, 150 t - Rayan Contracting Co.",Rayan Contracting Co.,Purchasing Manager,100000000,Alborz,7,c5144d98-b41c-404f-a346-f415e5267a2b,7f0223bc-651e-4252-b974-4cded259f960,100000002,215.0,722dce13-47a4-4c42-8665-34972fe922aa,b02b61c4-a3d7-4628-ace6-6fa2fd5166e6,2024-10-26T12:12:00Z,2024-11-02T12:00:00Z,1,3,cd896c41-b1ef-4e80-affc-6de2ae6725cd
a5b40983-3eeb-404a-9df2-372e9e825aae,"Rebar, 95 t - Taban Sazeh Ltd.",Taban Sazeh Ltd.,Managing Director,100000000,Tehran,7,c5144d98-b41c-404f-a346-f415e5267a2b,9d3616a1-08de-4921-a60c-b547e2280fe3,100000000,70.0,ff4c96d6-71f2-4e8f-b69f-68c3e60fd420,5304317f-af42-412f-b838-b3268e944239,2024-10-22T05:42:00Z,2024-10-24T11:38:00Z,1,3,e2c38f89-f4e2-4ffb-82fd-089927aa6b24
c80c2195-8b65-44ce-bacc-99705beec570,"Pipes & Profiles, 250 t - Karun Metal Center Industries",Karun Metal Center Industries,Purchasing Manager,100000004,Khorasan Razavi,7,c5144d98-b41c-404f-a346-f415e5267a2b,b69f75c5-c82b-41be-a1eb-64e6fd498e20,100000005,270.0,453b45fe-636c-4499-9254-aad3809cd839,24933b83-7577-40a9-a491-f0b2ea1fca65,2024-10-22T08:47:00Z,2024-10-28T12:43:00Z,1,3,8065a12d-0c23-4d1d-bb8b-ce563a2c0dd7
5b80b8d1-8788-4fed-b8c0-4ed8fdd4ff21,"Beams & Sections, 75 t - Mehr Metals Supply Industries",Mehr Metals Supply Industries,Project Manager,100000004,Isfahan,7,c5144d98-b41c-404f-a346-f415e5267a2b,cf03f0c8-0eff-45bd-87eb-340dc74e48ff,100000001,85.0,bcaff931-ead1-4464-8a8e-858cd0f81063,10f1bc81-448a-4a9e-a6b2-bc5b50c187fc,2024-10-24T08:35:00Z,2024-10-28T07:59:00Z,1,3,bd8cba3b-843b-417d-a2bd-82c1b0f25f49
cf767343-fced-4994-9631-c383303014d0,"Rebar, 100 t - Negin Omran Group",Negin Omran Group,Purchasing Manager,100000000,Tehran,7,c5144d98-b41c-404f-a346-f415e5267a2b,f2c84743-9027-4770-a460-d0d2904883c1,100000000,120.0,7a5d7c82-86c5-447c-851a-00393803dcee,0e51f30d-c6a7-4e39-84b0-32ccd7c524a5,2024-10-24T13:06:00Z,2024-10-26T10:11:00Z,1,3,1a1d1873-7860-48cd-8179-3186bfb2f2e1
573bfc17-2167-435e-8e73-34f233932b6c,"Galvanized Sheet, 120 t - Mehrgan Tube Mills Co.",Mehrgan Tube Mills Co.,Managing Director,100000002,Fars,7,c5144d98-b41c-404f-a346-f415e5267a2b,9d37efb6-eafb-4e90-94ec-84ce002ccb25,100000004,130.0,0f3f0f48-52d6-4779-9e43-79cbd8230076,e27a984d-6548-41d0-bfcd-9eb1a7cad415,2024-10-20T08:03:00Z,2024-10-23T07:39:00Z,1,3,36d47214-d8ff-4063-ac4e-f44ac528ecf1
5d696bc8-dc54-459b-86bb-42c7d8b2f8b6,"Rebar, 85 t - Hirad Steel Depot Co.",Hirad Steel Depot Co.,Managing Director,100000004,Alborz,7,c5144d98-b41c-404f-a346-f415e5267a2b,1c654aa2-c63c-421d-a443-5958eacf33a9,100000000,60.0,2285b2ef-cfbe-4fe9-aea9-c542a1b970d0,0e51f30d-c6a7-4e39-84b0-32ccd7c524a5,2024-10-22T11:05:00Z,2024-10-24T10:04:00Z,1,3,abb240db-7171-4825-b63a-520169ceba2d
52961fb3-4d40-4b28-9628-ddcd19dd3e8c,"Galvanized Sheet, 40 t - Rahyab Greenhouse Structures Co.",Rahyab Greenhouse Structures Co.,Purchasing Manager,100000006,Alborz,7,c5144d98-b41c-404f-a346-f415e5267a2b,96053035-6545-4030-a981-fa54f121e129,100000004,45.0,8fddbebc-f7ff-48d4-b509-f08a2c988bca,5304317f-af42-412f-b838-b3268e944239,2024-10-24T12:04:00Z,2024-10-27T12:03:00Z,1,3,4f9114f1-69ec-4a20-9ad4-7cfb44839883
aa604892-3926-42e9-9b58-eb49c9784b52,"Beams & Sections, 30 t - Fardis Eskelet Felezi Ltd.",Fardis Eskelet Felezi Ltd.,Managing Director,100000001,Tehran,7,c5144d98-b41c-404f-a346-f415e5267a2b,9d1c0838-edc8-4ca8-a3bc-d6f3b18d2c8c,100000001,35.0,,b02b61c4-a3d7-4628-ace6-6fa2fd5166e6,2024-10-22T12:51:00Z,2024-10-26T06:04:00Z,2,6,
c55523ed-fe89-46c8-99cb-3540643ffdae,"Wire Rod, 295 t - Iranmehr Metal Center Industries",Iranmehr Metal Center Industries,Site Engineer,100000004,Khorasan Razavi,7,c5144d98-b41c-404f-a346-f415e5267a2b,92a54d04-f2dd-41f5-b3b6-d344f2e3c6f0,100000006,285.0,a3bfe403-388c-4751-9c83-79aef7b02805,24933b83-7577-40a9-a491-f0b2ea1fca65,2024-10-23T05:07:00Z,2024-10-26T07:09:00Z,1,3,9842a8c8-2cc2-469c-b78d-42dddf3f1d00
35adde88-43e4-4668-82ea-d2df725656e3,"Hot-Rolled Sheet, 60 t - Borna Steel Structures Co.",Borna Steel Structures Co.,Procurement Lead,100000001,Alborz,7,c5144d98-b41c-404f-a346-f415e5267a2b,55f3ad50-e2fb-4984-bab2-7bcea39c3bd5,100000002,65.0,e2c328aa-3310-4475-8a86-22250b36e356,5304317f-af42-412f-b838-b3268e944239,2024-10-23T05:08:00Z,2024-10-24T10:31:00Z,1,3,c3f66c68-79ce-4112-9926-43508cfccda2
2a9527f6-f817-4ebf-ab6e-64c5bb8aa843,"Beams & Sections, 295 t - Iranmehr Dam & Water Works Co.",Iranmehr Dam & Water Works Co.,Procurement Lead,100000005,Tehran,7,c5144d98-b41c-404f-a346-f415e5267a2b,702f31e5-62cc-4604-8c53-644b0053f649,100000001,290.0,,0e51f30d-c6a7-4e39-84b0-32ccd7c524a5,2024-10-20T07:44:00Z,2024-10-22T11:41:00Z,2,6,
c21c3fb3-a6a5-40ff-93fb-71d0dd326d9c,"Hot-Rolled Sheet, 295 t - Darya Loleh Sazi Industries",Darya Loleh Sazi Industries,Supply Chain Manager,100000002,Mazandaran,7,c5144d98-b41c-404f-a346-f415e5267a2b,c9ea356a-7abf-4ebf-942c-b1ae19f738cb,100000002,250.0,088dbd82-d883-43f8-8c98-03de12de9e5a,0e51f30d-c6a7-4e39-84b0-32ccd7c524a5,2024-10-26T09:42:00Z,2024-10-29T12:18:00Z,1,3,4351868d-223b-444d-bceb-4b5613edc4f4
29310971-601e-4211-a34f-76b42b8c03bf,"Beams & Sections, 160 t - Elham Sakhteman Industries",Elham Sakhteman Industries,Procurement Lead,100000000,Tehran,7,c5144d98-b41c-404f-a346-f415e5267a2b,5780be17-12fe-4c2b-9acf-42c5f3a02120,100000001,180.0,,0e51f30d-c6a7-4e39-84b0-32ccd7c524a5,2024-10-24T11:46:00Z,2024-10-28T08:06:00Z,2,4,
4c2272f3-4811-4562-a91c-f19243e8644b,"Rebar, 140 t - Mehrgan Steel Trading Ltd.",Mehrgan Steel Trading Ltd.,Site Engineer,100000004,Isfahan,7,c5144d98-b41c-404f-a346-f415e5267a2b,8a45a905-badf-4397-acf2-6429b8d77d2f,100000000,205.0,00fa0eb4-5c5f-48d4-8df4-07b82751ab86,10f1bc81-448a-4a9e-a6b2-bc5b50c187fc,2024-10-23T09:59:00Z,2024-10-29T06:39:00Z,1,3,907fdee6-364d-463a-8fb5-6a91ebca02d3
788fd0cd-65c0-4b93-88ed-abdd4ef03f80,"Beams & Sections, 40 t - Gohar Eskelet Felezi Industries",Gohar Eskelet Felezi Industries,Managing Director,100000001,East Azerbaijan,7,c5144d98-b41c-404f-a346-f415e5267a2b,1d91fe39-d801-4004-b93b-ed1b14f9c394,100000001,25.0,,beb79919-3f22-4af8-a3be-d01d43cf2fde,2024-10-24T10:02:00Z,2024-10-27T09:04:00Z,2,4,
907276ea-44c0-4a9a-964a-cb1f39eb038a,"Beams & Sections, 85 t - Bamdad Fabrication Works Industries",Bamdad Fabrication Works Industries,Site Engineer,100000001,Isfahan,7,c5144d98-b41c-404f-a346-f415e5267a2b,436e3c49-770e-49db-b092-d40143675d58,100000001,70.0,,9132b63e-f162-47e4-a9c3-49e03602f8ac,2024-10-23T12:40:00Z,2024-10-27T05:26:00Z,2,5,
f7336094-6b2b-48b9-85c7-f3bed183010f,"Rebar, 260 t - Iman Metal Center Group",Iman Metal Center Group,Procurement Lead,100000004,Tehran,7,c5144d98-b41c-404f-a346-f415e5267a2b,6319629b-d73e-4bb9-8f9c-a17b8db8dadf,100000000,305.0,3c53090e-e1b4-4171-929d-674d798e175f,ce177b4e-0837-48a3-9261-a7ab3aa2e4f9,2024-10-22T06:15:00Z,2024-10-26T13:20:00Z,1,3,54ecfdd3-fd18-4543-b065-b97d9b9f896c
aee14f87-fcff-49e3-940f-f5896c624c2c,"Hot-Rolled Sheet, 160 t - Mehrgan Construction Co.",Mehrgan Construction Co.,Site Engineer,100000000,Khuzestan,7,c5144d98-b41c-404f-a346-f415e5267a2b,0aeccec7-204d-49da-b156-7f2acef74829,100000002,125.0,,366eb16f-508e-4ad7-b7c9-3acfe059a0ee,2024-10-23T09:33:00Z,2024-10-24T05:31:00Z,2,5,
850a48d4-46b5-48de-9b4b-b8eb537d0bd1,"Hot-Rolled Sheet, 120 t - Jahan Tube Mills Group",Jahan Tube Mills Group,Purchasing Manager,100000002,Isfahan,7,c5144d98-b41c-404f-a346-f415e5267a2b,8d536c75-65b9-4e94-8e6d-e263635a775d,100000002,75.0,,10f1bc81-448a-4a9e-a6b2-bc5b50c187fc,2024-10-22T08:22:00Z,2024-10-23T05:10:00Z,2,4,
1b0ae22e-ecc8-47a6-99a6-f80ef08ce6c2,"Hot-Rolled Sheet, 300 t - Tirdad Tube Mills Ltd.",Tirdad Tube Mills Ltd.,Purchasing Manager,100000002,Tehran,7,c5144d98-b41c-404f-a346-f415e5267a2b,f6ff3521-c225-4530-952a-53459682d9ff,100000002,400.0,,5304317f-af42-412f-b838-b3268e944239,2024-10-21T10:30:00Z,2024-10-26T07:54:00Z,2,4,
e1035e1c-e3bb-42ae-a552-ac5309eda6f5,"Rebar, 985 t - Sahand Rail & Road Projects Co.",Sahand Rail & Road Projects Co.,Site Engineer,100000005,Tehran,7,c5144d98-b41c-404f-a346-f415e5267a2b,66d71d97-b193-48b8-ae49-c0799bd0d4c7,100000000,990.0,4f9a5f98-4d95-4273-8b2c-c805d1403430,ce177b4e-0837-48a3-9261-a7ab3aa2e4f9,2024-10-26T11:02:00Z,2024-10-27T05:33:00Z,1,3,271d0a55-eebc-4f59-b6e6-ca372ac92502
f8f58a26-1924-4644-af52-7666b23909f4,"Galvanized Sheet, 220 t - Diba Tube Mills Industries",Diba Tube Mills Industries,Site Engineer,100000002,Khuzestan,7,c5144d98-b41c-404f-a346-f415e5267a2b,dbb54645-7dda-41b6-97c4-caed47c4cc51,100000004,335.0,bb2aa146-2999-494c-94a7-b69b1cd66b09,366eb16f-508e-4ad7-b7c9-3acfe059a0ee,2024-10-21T04:44:00Z,2024-10-26T05:42:00Z,2,4,
e9d6bb7e-361d-4014-b114-56de301c8db3,"Beams & Sections, 25 t - Elham Omran Group",Elham Omran Group,Managing Director,100000000,Tehran,7,c5144d98-b41c-404f-a346-f415e5267a2b,16db80db-a543-448e-9adf-e9816ab19e15,100000001,15.0,5fb8944d-de00-48aa-8439-6fc0c26e2706,0e51f30d-c6a7-4e39-84b0-32ccd7c524a5,2024-10-22T10:40:00Z,2024-10-24T04:57:00Z,1,3,5f9a8e6c-cc39-4b30-b134-f6193d10571a
c7cfeca8-22b9-424c-a744-3fb881bd55d5,"Hot-Rolled Sheet, 80 t - Aban Eskelet Felezi Co.",Aban Eskelet Felezi Co.,Purchasing Manager,100000001,Hormozgan,7,c5144d98-b41c-404f-a346-f415e5267a2b,b5a6571c-4fa5-435e-90cc-460428b26b1b,100000002,70.0,0ec0ad4b-d644-4a9d-b362-d476d53ae57f,e27a984d-6548-41d0-bfcd-9eb1a7cad415,2024-10-24T07:56:00Z,2024-10-27T08:40:00Z,1,3,db6b650e-1811-4f17-9f82-e561487a4b44
76d70561-d2d1-4ef5-9e4c-4fd1462363a9,"Rebar, 75 t - Kowsar Sazeh Industries",Kowsar Sazeh Industries,Project Manager,100000000,Khorasan Razavi,7,c5144d98-b41c-404f-a346-f415e5267a2b,32f8dbab-b462-43e8-9c41-8a83eb04159c,100000000,50.0,7233d5af-9813-4da1-bd21-20ad5f59fb4d,24933b83-7577-40a9-a491-f0b2ea1fca65,2024-10-21T10:15:00Z,2024-10-27T12:05:00Z,1,3,45c2eb4e-f7f3-4337-a938-7093f3493a4a
5820b3f2-5989-4d6c-8d24-34f9963dc8bf,"Beams & Sections, 245 t - Kaspian Iron & Steel Supply Industries",Kaspian Iron & Steel Supply Industries,Site Engineer,100000004,Isfahan,7,c5144d98-b41c-404f-a346-f415e5267a2b,797e3984-ded7-43ef-b5e4-a9c12d761ffa,100000001,225.0,,10f1bc81-448a-4a9e-a6b2-bc5b50c187fc,2024-10-23T08:01:00Z,2024-10-26T13:24:00Z,2,6,
c7a2f280-927f-4103-9a94-08c029b44cb1,"Hot-Rolled Sheet, 145 t - Zagros Pipe & Profile Industries",Zagros Pipe & Profile Industries,Site Engineer,100000002,Isfahan,7,c5144d98-b41c-404f-a346-f415e5267a2b,0cb5ee5c-62f5-47c2-8706-fec248fa4e98,100000002,135.0,f796611f-c7c1-4b1b-9d58-631b052226b9,9132b63e-f162-47e4-a9c3-49e03602f8ac,2024-10-24T11:35:00Z,2024-10-27T13:24:00Z,1,3,68c6b0b2-e25a-44c6-b2bd-5848cdd327a2
2c56e0cd-a5ba-4472-a1df-5609e959137f,"Galvanized Sheet, 60 t - Arvand Loleh Sazi Co.",Arvand Loleh Sazi Co.,Purchasing Manager,100000002,Alborz,7,c5144d98-b41c-404f-a346-f415e5267a2b,795e6f2b-0247-4360-aea4-a441c47fa57e,100000004,75.0,,b02b61c4-a3d7-4628-ace6-6fa2fd5166e6,2024-10-22T05:31:00Z,2024-10-26T08:34:00Z,2,4,
9fa4a627-d306-48be-8548-867bad5cba24,"Hot-Rolled Sheet, 400 t - Sahand Pipe Works Ltd.",Sahand Pipe Works Ltd.,Purchasing Manager,100000002,Isfahan,7,c5144d98-b41c-404f-a346-f415e5267a2b,4d59616b-7779-457f-b7dc-8c784082fcda,100000002,660.0,f76b9723-a990-4071-bfda-9a9382f29004,10f1bc81-448a-4a9e-a6b2-bc5b50c187fc,2024-10-24T10:25:00Z,2024-10-26T06:01:00Z,1,3,2900fb65-e2f1-4201-a28a-972e4fe2b9ac
485d831c-9bea-4529-9801-7a2fa5b83693,"Hot-Rolled Sheet, 55 t - Nima Fabrication Works Co.",Nima Fabrication Works Co.,Procurement Lead,100000001,Alborz,7,c5144d98-b41c-404f-a346-f415e5267a2b,8fbba749-5fcd-459e-96e1-8109d7e174e6,100000002,35.0,f3c2944a-b60a-4dcc-a7f7-745142da8609,5304317f-af42-412f-b838-b3268e944239,2024-10-26T11:31:00Z,2024-11-02T11:22:00Z,1,3,9ea9e08e-d4e4-4a0c-bf8b-4420750f7fb8
3d846fc9-c3f6-4136-846d-5a3b2661c426,"Hot-Rolled Sheet, 460 t - Laleh Iron & Steel Supply Co.",Laleh Iron & Steel Supply Co.,Procurement Lead,100000004,Fars,7,c5144d98-b41c-404f-a346-f415e5267a2b,30385dd7-4c7d-4313-a6c6-81b0e4729be5,100000002,500.0,,e27a984d-6548-41d0-bfcd-9eb1a7cad415,2024-10-24T06:34:00Z,2024-10-28T05:06:00Z,2,5,
fea82e3a-b544-41cb-9541-0a9d090aaa93,"Hot-Rolled Sheet, 115 t - Espadana Steel Structures Industries",Espadana Steel Structures Industries,Site Engineer,100000001,Isfahan,7,c5144d98-b41c-404f-a346-f415e5267a2b,bc9a7998-6365-4c2a-a793-cb096b271eff,100000002,145.0,,9132b63e-f162-47e4-a9c3-49e03602f8ac,2024-10-23T13:00:00Z,2024-10-26T07:18:00Z,2,6,
2b843ef3-d86d-455d-8cd9-916481df62f4,"Beams & Sections, 255 t - Kaspian Sakhteman Co.",Kaspian Sakhteman Co.,Procurement Lead,100000000,Alborz,7,c5144d98-b41c-404f-a346-f415e5267a2b,5bc677ca-abff-4286-b0cf-9d73e8121ef0,100000001,255.0,,b02b61c4-a3d7-4628-ace6-6fa2fd5166e6,2024-10-21T05:43:00Z,2024-10-26T05:42:00Z,2,4,
e64b9b37-ae01-4122-b269-921c2edd9141,"Beams & Sections, 185 t - Farazan Steel Depot Industries",Farazan Steel Depot Industries,Site Engineer,100000004,Isfahan,7,c5144d98-b41c-404f-a346-f415e5267a2b,e9a1c6d5-c34e-4baf-8f1c-b2ccceef9fa8,100000001,400.0,,10f1bc81-448a-4a9e-a6b2-bc5b50c187fc,2024-10-21T07:03:00Z,2024-10-23T09:50:00Z,2,6,
a267d32f-ddcb-44bc-8dbd-c5da787515b9,"Rebar, 370 t - Mehr Steel Merchants Group",Mehr Steel Merchants Group,Purchasing Manager,100000004,Tehran,7,c5144d98-b41c-404f-a346-f415e5267a2b,1e26ed31-d9e9-4758-b6b9-04364b46ef33,100000000,400.0,,ce177b4e-0837-48a3-9261-a7ab3aa2e4f9,2024-10-24T05:56:00Z,2024-11-02T11:08:00Z,2,5,
c606ddc4-c2dd-401d-b59a-15334605ec0e,"Rebar, 45 t - Rahyab Steel Structures Group",Rahyab Steel Structures Group,Project Manager,100000001,Khorasan Razavi,7,c5144d98-b41c-404f-a346-f415e5267a2b,73b9c2ac-0134-476b-8ed9-fa95a26e865b,100000000,55.0,b7b8c1a5-9a45-493d-b227-890e4e76833a,24933b83-7577-40a9-a491-f0b2ea1fca65,2024-10-20T04:36:00Z,2024-10-22T09:00:00Z,2,5,
e45a87e8-039a-4ed5-b337-b2615f8392d5,"Beams & Sections, 70 t - Gilan Builders Group",Gilan Builders Group,Site Engineer,100000000,Isfahan,7,c5144d98-b41c-404f-a346-f415e5267a2b,bb0c7919-330c-4ff5-88a5-fa0d09a85dc5,100000001,55.0,,9132b63e-f162-47e4-a9c3-49e03602f8ac,2024-10-22T10:42:00Z,2024-10-28T10:02:00Z,2,6,
10b6a662-2ac1-45ca-8e5d-8f1296b31f4a,"Beams & Sections, 105 t - Mehr Fabrication Works Co.",Mehr Fabrication Works Co.,Purchasing Manager,100000001,Tehran,7,c5144d98-b41c-404f-a346-f415e5267a2b,80daa8ca-6230-4d27-9a4b-160621019bff,100000001,145.0,,b02b61c4-a3d7-4628-ace6-6fa2fd5166e6,2024-10-22T12:06:00Z,2024-10-26T07:14:00Z,2,4,
7d7c59a5-e6c1-4650-bf02-f5b057bd56c9,"Beams & Sections, 530 t - Dena Dam & Water Works Co.",Dena Dam & Water Works Co.,Supply Chain Manager,100000005,East Azerbaijan,7,c5144d98-b41c-404f-a346-f415e5267a2b,2240063b-fed7-47be-afd0-d2f7e3524444,100000001,635.0,cfdfc6f9-eb0f-427c-a82a-3879f2b5a7ea,beb79919-3f22-4af8-a3be-d01d43cf2fde,2024-10-21T06:18:00Z,2024-10-26T12:50:00Z,1,3,793830d4-e129-4fab-aa73-33d233e42940
b60b4f87-5dd8-4ffc-9f87-8b322b429596,"Beams & Sections, 150 t - Varna Steel Structures Co.",Varna Steel Structures Co.,Purchasing Manager,100000001,Isfahan,7,c5144d98-b41c-404f-a346-f415e5267a2b,812faa38-96f6-4c09-859c-1ba0bbec721d,100000001,130.0,,10f1bc81-448a-4a9e-a6b2-bc5b50c187fc,2024-10-26T10:56:00Z,2024-10-30T06:13:00Z,2,6,
0c5921f8-050d-4bfe-960b-f603a750350e,"Rebar, 65 t - Borna Sazeh Co.",Borna Sazeh Co.,Project Manager,100000000,Tehran,7,c5144d98-b41c-404f-a346-f415e5267a2b,1bad52a8-a976-4c4d-8c47-2187fea35d37,100000000,50.0,349b5089-2733-4670-b3ad-a2ba797209c0,b02b61c4-a3d7-4628-ace6-6fa2fd5166e6,2024-10-23T04:43:00Z,2024-10-27T07:34:00Z,1,3,16c877e9-c9b6-46ce-a46e-ead901385fa9
19d9d0b5-a962-4996-abbe-3b5a4d15f7d8,"Hot-Rolled Sheet, 55 t - Yekta Steel Structures Ltd.",Yekta Steel Structures Ltd.,Site Engineer,100000001,Tehran,7,c5144d98-b41c-404f-a346-f415e5267a2b,0261c87a-a15c-459a-af8c-a888b1f81ad9,100000002,50.0,485f7888-1e23-4a4b-9e21-741fb8011026,5304317f-af42-412f-b838-b3268e944239,2024-10-23T07:24:00Z,2024-10-29T10:00:00Z,1,3,ad3970d1-125d-43d8-a465-2ac74b06dd1d
c72850c1-3322-468b-9be7-8aec32da81f0,"Hot-Rolled Sheet, 325 t - Laleh Foolad Trading Co.",Laleh Foolad Trading Co.,Procurement Lead,100000004,Mazandaran,7,c5144d98-b41c-404f-a346-f415e5267a2b,7f6bd3c6-1b34-4937-88e6-09391d2fed2a,100000002,380.0,8c52d271-0a16-4e18-a90e-3e894b9c22f4,ce177b4e-0837-48a3-9261-a7ab3aa2e4f9,2024-10-21T07:45:00Z,2024-10-28T11:41:00Z,1,3,dac79cea-5b86-4333-9969-b46e9f6eb7b2
13365c0c-82ff-4f2e-878f-07cf170fa87b,"Rebar, 65 t - Elham Fabrication Works Ltd.",Elham Fabrication Works Ltd.,Project Manager,100000001,Khuzestan,7,c5144d98-b41c-404f-a346-f415e5267a2b,f30ee4fe-262e-4559-be7d-9a19ab450578,100000000,55.0,d02c75f9-198d-43a4-8cd2-0e4376dae194,366eb16f-508e-4ad7-b7c9-3acfe059a0ee,2024-10-22T07:54:00Z,2024-10-26T05:12:00Z,1,3,743d0ed3-5540-4f98-b8d8-b584ce04663f
1dabb10a-bd10-487c-ad0e-0597500d92a7,"Pipes & Profiles, 35 t - Diba Agri-Steel Ltd.",Diba Agri-Steel Ltd.,Procurement Lead,100000006,Hormozgan,7,c5144d98-b41c-404f-a346-f415e5267a2b,ad409244-cd35-46ef-9c37-07394a629c5e,100000005,30.0,54231dbe-2ba6-4158-a5ae-cf37a9d1a28e,e27a984d-6548-41d0-bfcd-9eb1a7cad415,2024-10-21T05:00:00Z,2024-10-26T09:54:00Z,1,3,de1aa2e3-5f24-4615-a693-afe45cad27f4
bbaa574f-e0e3-45ce-84af-ecb79f2ebefc,"Beams & Sections, 265 t - Mehr Rail & Road Projects Ltd.",Mehr Rail & Road Projects Ltd.,Project Manager,100000005,Isfahan,7,c5144d98-b41c-404f-a346-f415e5267a2b,f480b91e-700e-4efc-a4ff-c31a5b86ea69,100000001,235.0,d5f0fb6a-4596-4a75-b4df-b83ff659f188,9132b63e-f162-47e4-a9c3-49e03602f8ac,2024-10-21T09:15:00Z,2024-10-26T04:53:00Z,1,3,f06dc5f3-f636-4fe5-9387-7d9e815c3d94
21ec4754-1cf1-4654-aab2-02c2cc0243c6,"Rebar, 25 t - Iman Builders Industries",Iman Builders Industries,Procurement Lead,100000000,Khuzestan,7,c5144d98-b41c-404f-a346-f415e5267a2b,e2d903c8-a61a-4d8e-abf7-240fccc62fed,100000000,30.0,6afa828c-2cd1-4b9f-abe5-841fe9c96c52,366eb16f-508e-4ad7-b7c9-3acfe059a0ee,2024-10-24T12:50:00Z,2024-10-29T09:55:00Z,1,3,c6aba64f-da41-4fb6-b057-ffbf89711599
e3395b1a-1ce9-4871-bcf5-9d5feb9f33cb,"Galvanized Sheet, 95 t - Ava Pipe Works Ltd.",Ava Pipe Works Ltd.,Supply Chain Manager,100000002,East Azerbaijan,7,a38295d3-1e0e-4546-b0b6-dedf4f9c4027,7bab1baa-2172-40aa-a44a-913af933a9fa,100000004,140.0,,beb79919-3f22-4af8-a3be-d01d43cf2fde,2025-05-14T11:27:00Z,2025-05-18T08:21:00Z,2,5,
865a7766-ad8c-4fea-9e4b-061eb45e9463,"Pipes & Profiles, 210 t - Varna Sazeh Group",Varna Sazeh Group,Supply Chain Manager,100000000,Alborz,7,a38295d3-1e0e-4546-b0b6-dedf4f9c4027,032a09e0-5071-45f0-a7ac-590c42f90f92,100000005,250.0,,5304317f-af42-412f-b838-b3268e944239,2025-05-11T11:47:00Z,2025-05-13T10:50:00Z,2,4,
ba05dd0f-a966-4a5a-aecf-1ed21861c9f3,"Hot-Rolled Sheet, 95 t - Espadana Omran Industries",Espadana Omran Industries,Purchasing Manager,100000000,East Azerbaijan,7,a38295d3-1e0e-4546-b0b6-dedf4f9c4027,9e44e98c-b359-490e-b030-9aaf85ea16e0,100000002,105.0,e45e2ad0-8eef-45dd-9391-6dcfd6cade2c,beb79919-3f22-4af8-a3be-d01d43cf2fde,2025-05-13T11:40:00Z,2025-05-22T06:46:00Z,1,3,d2ea70ab-64e5-4f84-8a64-7ed34a8e504a
816ce054-282c-4470-af32-f72aa4b5c723,"Hot-Rolled Sheet, 120 t - Sahand Profile Sazan Group",Sahand Profile Sazan Group,Purchasing Manager,100000002,Khorasan Razavi,7,a38295d3-1e0e-4546-b0b6-dedf4f9c4027,02fb2869-0df8-4b89-9ce7-eed1fcdfe961,100000002,135.0,54b58635-3dab-4614-9215-0ed87ddca413,24933b83-7577-40a9-a491-f0b2ea1fca65,2025-05-14T09:53:00Z,2025-05-17T08:36:00Z,1,3,0bc44b11-e45a-45af-b219-f9f136049263
142e3df0-3c28-45dc-912d-aea8673d2920,"Rebar, 70 t - Borna Construction Co.",Borna Construction Co.,Procurement Lead,100000000,Tehran,7,a38295d3-1e0e-4546-b0b6-dedf4f9c4027,60ee64ba-a4b0-418e-8ced-470739034b65,100000000,70.0,,5304317f-af42-412f-b838-b3268e944239,2025-05-11T07:15:00Z,2025-05-18T11:32:00Z,2,4,
092c4801-698f-44f8-a747-d24a1a46d536,"Hot-Rolled Sheet, 45 t - Kavir Sabz Steel Structures Ltd.",Kavir Sabz Steel Structures Ltd.,Project Manager,100000001,East Azerbaijan,7,a38295d3-1e0e-4546-b0b6-dedf4f9c4027,048c8480-a743-4402-bec7-fb117f53dc0a,100000002,45.0,,beb79919-3f22-4af8-a3be-d01d43cf2fde,2025-05-14T12:01:00Z,2025-05-17T12:01:00Z,2,5,
54fc286f-7457-4d47-9825-301039112943,"Pipes & Profiles, 70 t - Arman Agri-Steel Group",Arman Agri-Steel Group,Purchasing Manager,100000006,Isfahan,7,a38295d3-1e0e-4546-b0b6-dedf4f9c4027,d10bf4dc-0de4-4af4-9347-94cc5d04032d,100000005,60.0,5d00df1b-a83c-4c2b-b776-e729791f49f6,9132b63e-f162-47e4-a9c3-49e03602f8ac,2025-05-15T13:28:00Z,2025-05-18T12:09:00Z,1,3,3058b4c5-af6b-46cd-99ae-8a4233bb6ccf
7e0f60b2-2a06-4609-a599-bd3c0bb81d38,"Cold-Rolled Sheet, 45 t - Iranmehr Auto Parts Mfg.",Iranmehr Auto Parts Mfg.,Procurement Lead,100000003,Mazandaran,7,a38295d3-1e0e-4546-b0b6-dedf4f9c4027,1b37ef19-b3bc-412f-9fb7-474e85a0d089,100000003,55.0,,5304317f-af42-412f-b838-b3268e944239,2025-05-15T11:40:00Z,2025-05-17T10:57:00Z,2,7,
3730dfba-6494-4d5c-9a29-6905ee22a70b,"Beams & Sections, 150 t - Saba Ahan Bazar Ltd.",Saba Ahan Bazar Ltd.,Site Engineer,100000004,Alborz,7,a38295d3-1e0e-4546-b0b6-dedf4f9c4027,1ee93260-3002-4831-b227-e8d89c60c81b,100000001,205.0,1f8b4af1-96bc-432d-ac11-7babd6642fe8,ce177b4e-0837-48a3-9261-a7ab3aa2e4f9,2025-05-12T08:07:00Z,2025-05-18T08:07:00Z,1,3,5b5019bd-7e7c-4d84-b2dc-cb2fef1c0185
8da03d88-0c6f-4051-bc78-842387c5f526,"Rebar, 280 t - Kimia Abadgaran Co.",Kimia Abadgaran Co.,Project Manager,100000000,Alborz,7,a38295d3-1e0e-4546-b0b6-dedf4f9c4027,011c4544-7fb3-4be5-b6bf-2f7222778161,100000000,235.0,,b02b61c4-a3d7-4628-ace6-6fa2fd5166e6,2025-05-11T12:10:00Z,2025-05-17T11:54:00Z,2,6,
52645a59-e1f8-4b33-9b2d-5a2a99bd6240,"Hot-Rolled Sheet, 145 t - Darya Loleh Sazi Co.",Darya Loleh Sazi Co.,Managing Director,100000002,Isfahan,7,a38295d3-1e0e-4546-b0b6-dedf4f9c4027,a8535961-632d-4302-9a82-833c20dda0ff,100000002,110.0,,9132b63e-f162-47e4-a9c3-49e03602f8ac,2025-05-15T11:17:00Z,2025-05-17T07:26:00Z,2,6,
e2ed8686-b334-42cb-9a3f-0ad169a9aff9,"Hot-Rolled Sheet, 75 t - Taban Pipe Works Co.",Taban Pipe Works Co.,Procurement Lead,100000002,Tehran,7,a38295d3-1e0e-4546-b0b6-dedf4f9c4027,235fc3d5-2224-4806-8e07-2a5273edb223,100000002,80.0,,5304317f-af42-412f-b838-b3268e944239,2025-05-14T06:54:00Z,2025-05-17T10:18:00Z,2,4,
f1530f68-9215-483a-9532-caba7af985ff,"Hot-Rolled Sheet, 385 t - Farazan Tube Mills Group",Farazan Tube Mills Group,Procurement Lead,100000002,Hormozgan,7,a38295d3-1e0e-4546-b0b6-dedf4f9c4027,8ff19886-5a2c-41bc-82c2-26ff1d8b32d9,100000002,420.0,6c21835d-d8e8-497c-a0a2-59014932936e,e27a984d-6548-41d0-bfcd-9eb1a7cad415,2025-05-12T04:49:00Z,2025-05-15T04:39:00Z,1,3,9344577c-be1d-4539-a775-98e8d791f01a
0d95aaf5-2534-41bc-a180-b78a06783c34,"Beams & Sections, 275 t - Rastin Steel Merchants Ltd.",Rastin Steel Merchants Ltd.,Procurement Lead,100000004,Isfahan,7,a38295d3-1e0e-4546-b0b6-dedf4f9c4027,1b41a61e-85d1-41ef-8344-edb3ceed0ffc,100000001,230.0,,10f1bc81-448a-4a9e-a6b2-bc5b50c187fc,2025-05-12T05:12:00Z,2025-05-15T07:39:00Z,2,5,
73dd3bc6-d064-45a8-9bd2-9cb108453b2f,"Cold-Rolled Sheet, 285 t - Pouya Profile Works Ltd.",Pouya Profile Works Ltd.,Managing Director,100000002,Khorasan Razavi,7,a38295d3-1e0e-4546-b0b6-dedf4f9c4027,8a8a4105-c0eb-4875-b439-67294b8e5509,100000003,380.0,638e1388-8faf-4d4a-a5a9-9ebcbe0ec2da,24933b83-7577-40a9-a491-f0b2ea1fca65,2025-05-13T13:08:00Z,2025-05-17T10:06:00Z,1,3,334feb8a-54a4-49a8-88b5-e1c8cc95f578
c9c1ad45-f4ea-4b97-aaa4-15b56336c815,"Rebar, 165 t - Saba Omran Group",Saba Omran Group,Managing Director,100000000,Khuzestan,7,a38295d3-1e0e-4546-b0b6-dedf4f9c4027,61af663c-ed2e-4bcd-8c06-df90aa1c4023,100000000,145.0,,366eb16f-508e-4ad7-b7c9-3acfe059a0ee,2025-05-12T12:44:00Z,2025-05-13T11:08:00Z,2,7,
5e244824-a5cb-4c6e-b5a4-c55bb4629214,"Rebar, 70 t - Orang Omran Co.",Orang Omran Co.,Procurement Lead,100000000,Alborz,7,a38295d3-1e0e-4546-b0b6-dedf4f9c4027,a23ff67d-e957-4bc2-b9bd-8bd6d479cc36,100000000,60.0,,0e51f30d-c6a7-4e39-84b0-32ccd7c524a5,2025-05-15T06:05:00Z,2025-05-20T08:38:00Z,2,6,
0a398bf7-27a1-48a0-afff-a2f4b5ae329d,"Beams & Sections, 465 t - Iman Iron & Steel Supply Group",Iman Iron & Steel Supply Group,Procurement Lead,100000004,Alborz,7,a38295d3-1e0e-4546-b0b6-dedf4f9c4027,77617d80-549f-434c-8171-f5a74148bd11,100000001,550.0,,ce177b4e-0837-48a3-9261-a7ab3aa2e4f9,2025-05-13T12:20:00Z,2025-05-17T05:37:00Z,2,5,
f4fd25b7-384f-4e3b-8680-4a8a515f352c,"Hot-Rolled Sheet, 210 t - Alvand Tube Mills Ltd.",Alvand Tube Mills Ltd.,Site Engineer,100000002,East Azerbaijan,7,a38295d3-1e0e-4546-b0b6-dedf4f9c4027,b52a9e6b-c8b6-48e0-92a8-50c55bab7f4a,100000002,160.0,,beb79919-3f22-4af8-a3be-d01d43cf2fde,2025-05-17T04:33:00Z,2025-05-24T12:26:00Z,2,4,
a9d049dc-369e-4af8-a226-49ee38a06ffe,"Hot-Rolled Sheet, 85 t - Darya Eskelet Felezi Group",Darya Eskelet Felezi Group,Managing Director,100000001,Tehran,7,a38295d3-1e0e-4546-b0b6-dedf4f9c4027,597278c5-1789-4e63-a746-5743897b303d,100000002,60.0,,0e51f30d-c6a7-4e39-84b0-32ccd7c524a5,2025-05-17T04:39:00Z,2025-05-20T12:07:00Z,2,5,
823c7ef9-cd85-45ce-83a9-c2355ffd4015,"Galvanized Sheet, 25 t - Shahab Greenhouse Structures Group",Shahab Greenhouse Structures Group,Site Engineer,100000006,Alborz,7,a38295d3-1e0e-4546-b0b6-dedf4f9c4027,c53f1db3-d275-4d43-8451-7303e94d4fbe,100000004,20.0,5200044b-3148-4df8-a6ca-8d50e5f5c891,5304317f-af42-412f-b838-b3268e944239,2025-05-11T04:46:00Z,2025-05-13T10:50:00Z,1,3,9fbc535e-adce-44f6-b896-894e58b1c0fd
c5f833cf-f4ce-4477-b8bc-a9ac2ada62ce,"Pipes & Profiles, 35 t - Hamoon Golkhaneh Sazan Industries",Hamoon Golkhaneh Sazan Industries,Managing Director,100000006,Alborz,7,a38295d3-1e0e-4546-b0b6-dedf4f9c4027,189099c9-f2be-429f-9514-9755838e9a61,100000005,35.0,,5304317f-af42-412f-b838-b3268e944239,2025-05-15T09:57:00Z,2025-05-20T04:58:00Z,2,4,
34a0dcd4-1a9a-429e-95ee-25876c98fd9b,"Rebar, 115 t - Diba Foolad Trading Ltd.",Diba Foolad Trading Ltd.,Purchasing Manager,100000004,Tehran,7,a38295d3-1e0e-4546-b0b6-dedf4f9c4027,af76b6c2-dd6d-4b41-b692-a531c6097cd8,100000000,145.0,12767d13-f093-4776-9116-d014a5850828,ce177b4e-0837-48a3-9261-a7ab3aa2e4f9,2025-05-15T05:14:00Z,2025-05-19T08:18:00Z,1,3,bbbb2902-ea46-401e-832a-d975b006a6a3
1e494952-ac5d-4e57-a3b6-64f40452f779,"Rebar, 445 t - Zarrin Foolad Trading Group",Zarrin Foolad Trading Group,Supply Chain Manager,100000004,Isfahan,7,a38295d3-1e0e-4546-b0b6-dedf4f9c4027,50ffde64-6eda-4a8c-a789-e7d0a155eb2c,100000000,435.0,,10f1bc81-448a-4a9e-a6b2-bc5b50c187fc,2025-05-13T12:37:00Z,2025-05-18T12:40:00Z,2,6,
d926fe41-b36d-4121-8ba6-fe0995ea6825,"Beams & Sections, 165 t - Nikan Abadgaran Co.",Nikan Abadgaran Co.,Project Manager,100000000,Tehran,7,a38295d3-1e0e-4546-b0b6-dedf4f9c4027,bef6a59a-c186-4221-9030-56b79e4c24dd,100000001,125.0,481186e9-1625-44ca-9b47-e6394d2551eb,b02b61c4-a3d7-4628-ace6-6fa2fd5166e6,2025-05-13T08:32:00Z,2025-05-17T06:48:00Z,1,3,16a2be65-f029-46e6-b23d-0075d2a57ccc
38491ecc-8891-47fd-a804-d0ac795741bb,"Wire Rod, 240 t - Tina Steel Depot Co.",Tina Steel Depot Co.,Purchasing Manager,100000004,Khuzestan,7,a38295d3-1e0e-4546-b0b6-dedf4f9c4027,07e3c39a-a925-4745-9276-9c9665262474,100000006,220.0,9a4ffc0c-9165-42ed-8c63-6e95025f5543,366eb16f-508e-4ad7-b7c9-3acfe059a0ee,2025-05-12T13:00:00Z,2025-05-15T05:41:00Z,1,3,54a1f581-7f98-422b-b929-b8887ef381a3
02dabd76-f310-4525-b517-9e725f857b21,"Rebar, 55 t - Raman Sazeh Industries",Raman Sazeh Industries,Procurement Lead,100000000,Tehran,7,a38295d3-1e0e-4546-b0b6-dedf4f9c4027,a5df6f85-bab5-43fb-9dfc-d1d5cb863dea,100000000,70.0,929daf9f-0149-42af-8ab1-a5041f8c56e0,0e51f30d-c6a7-4e39-84b0-32ccd7c524a5,2025-05-15T12:49:00Z,2025-05-18T08:35:00Z,1,3,416ad0d7-c3fe-461e-b775-2fe189f5e9ad
b9d707a9-e74e-40b3-bdce-635fbf905d6a,"Rebar, 160 t - Jahan Metals Supply Industries",Jahan Metals Supply Industries,Managing Director,100000004,East Azerbaijan,7,a38295d3-1e0e-4546-b0b6-dedf4f9c4027,35c606b5-4e00-4d55-95ca-dfaff26d3dd3,100000000,110.0,,beb79919-3f22-4af8-a3be-d01d43cf2fde,2025-05-13T06:09:00Z,2025-05-15T08:38:00Z,2,4,
1d57e734-31bf-4cf6-80b3-af7cd5b211a9,"Rebar, 65 t - Hamoon Contracting Co.",Hamoon Contracting Co.,Site Engineer,100000000,East Azerbaijan,7,a38295d3-1e0e-4546-b0b6-dedf4f9c4027,9dec2b83-3885-4f7e-af1a-25a829344e15,100000000,50.0,9c3de1b0-022b-4683-9033-da6587cf63fd,beb79919-3f22-4af8-a3be-d01d43cf2fde,2025-05-13T08:37:00Z,2025-05-17T11:23:00Z,2,6,
5b6d6b7c-54b2-4582-b398-1e9e7cb882a0,"Beams & Sections, 105 t - Iranmehr Contracting Industries",Iranmehr Contracting Industries,Purchasing Manager,100000000,Isfahan,7,a38295d3-1e0e-4546-b0b6-dedf4f9c4027,94a1eab0-b9c0-47aa-b289-f58b1923cafc,100000001,80.0,11defebf-9e98-461d-88fe-bf6d199c8d94,9132b63e-f162-47e4-a9c3-49e03602f8ac,2025-05-13T10:44:00Z,2025-05-17T05:07:00Z,1,3,5228f6b1-29be-4c5e-ae0f-13a4e8600d28
cec56969-5d4f-4107-911d-dc7990c80420,"Rebar, 155 t - Iman Construction Co.",Iman Construction Co.,Managing Director,100000000,Tehran,7,a38295d3-1e0e-4546-b0b6-dedf4f9c4027,27035b27-958c-4936-b186-78ce4e40bfba,100000000,170.0,,0e51f30d-c6a7-4e39-84b0-32ccd7c524a5,2025-05-12T07:02:00Z,2025-05-15T07:57:00Z,2,5,
7caa281b-4e33-4644-8657-20ae5bd67d4d,"Beams & Sections, 65 t - Mahtab Fabrication Works Co.",Mahtab Fabrication Works Co.,Procurement Lead,100000001,Fars,7,a38295d3-1e0e-4546-b0b6-dedf4f9c4027,7202fae5-767d-4b27-bade-4367e0bd202c,100000001,85.0,,e27a984d-6548-41d0-bfcd-9eb1a7cad415,2025-05-15T10:28:00Z,2025-05-25T13:04:00Z,2,4,
bbc99473-4363-489c-b249-5cff89e2df24,"Pipes & Profiles, 195 t - Ilia Iron & Steel Supply Ltd.",Ilia Iron & Steel Supply Ltd.,Procurement Lead,100000004,Isfahan,7,a38295d3-1e0e-4546-b0b6-dedf4f9c4027,e42c0aea-23d7-463d-9391-d017dbd4a86d,100000005,225.0,,9132b63e-f162-47e4-a9c3-49e03602f8ac,2025-05-11T09:49:00Z,2025-05-14T07:22:00Z,2,5,
96f01335-c5ab-48da-a435-4021392a9fc4,"Hot-Rolled Sheet, 40 t - Farazan Eskelet Felezi Co.",Farazan Eskelet Felezi Co.,Procurement Lead,100000001,Isfahan,7,a38295d3-1e0e-4546-b0b6-dedf4f9c4027,647ac591-5da6-4a3a-a60c-cfb4c6735380,100000002,30.0,,9132b63e-f162-47e4-a9c3-49e03602f8ac,2025-05-13T06:17:00Z,2025-05-14T11:45:00Z,2,7,
f6c8b8b9-d915-4664-bd27-4ad5a9a54c24,"Rebar, 135 t - Borna Builders Ltd.",Borna Builders Ltd.,Procurement Lead,100000000,Khorasan Razavi,7,a38295d3-1e0e-4546-b0b6-dedf4f9c4027,02b622e9-808e-48d2-9d26-4b1b6593b659,100000000,100.0,7233d5af-9813-4da1-bd21-20ad5f59fb4d,24933b83-7577-40a9-a491-f0b2ea1fca65,2025-05-11T12:21:00Z,2025-05-15T11:06:00Z,1,3,2f0b58f7-e06c-4ac2-903b-479af4443e01
3b53f64b-7cd6-4da4-82ef-da8b38048786,"Pipes & Profiles, 50 t - Saba Golkhaneh Sazan Co.",Saba Golkhaneh Sazan Co.,Purchasing Manager,100000006,Isfahan,7,a38295d3-1e0e-4546-b0b6-dedf4f9c4027,0a58f43c-5bda-4655-b06d-ca247bc6e121,100000005,50.0,8494205c-34ef-4552-ab28-6d090af57e60,9132b63e-f162-47e4-a9c3-49e03602f8ac,2025-05-15T10:47:00Z,2025-05-19T10:20:00Z,1,3,b588ff49-0acf-4540-b56e-57304d957d48
f7ebc69a-b428-4f0d-9a6c-f45952f6531f,"Beams & Sections, 105 t - Gohar Sazeh Ltd.",Gohar Sazeh Ltd.,Managing Director,100000000,Mazandaran,7,a38295d3-1e0e-4546-b0b6-dedf4f9c4027,a605b7c9-fb07-4e93-8a37-31ab0be3534a,100000001,80.0,96721e98-5d84-46e0-a0e6-96ffa75743f9,b02b61c4-a3d7-4628-ace6-6fa2fd5166e6,2025-05-15T06:16:00Z,2025-05-21T06:09:00Z,1,3,62dc25e2-a7d6-4deb-8f40-a019c8ca72c0
e31db345-7b6b-411e-8aeb-99597ca2f582,"Wire Rod, 45 t - Farazan Greenhouse Structures Co.",Farazan Greenhouse Structures Co.,Purchasing Manager,100000006,Mazandaran,7,a38295d3-1e0e-4546-b0b6-dedf4f9c4027,585409d9-de22-4c3f-9136-6db15a578607,100000006,65.0,3ae0acdb-2a65-44af-b09d-338b23936d45,0e51f30d-c6a7-4e39-84b0-32ccd7c524a5,2025-05-14T07:12:00Z,2025-05-19T07:30:00Z,1,3,75799318-93cd-4cdd-8b79-63bf344a2906
7aa1219a-7a93-48bb-acdb-d5f27b44acd0,"Galvanized Sheet, 45 t - Nima Agri-Steel Co.",Nima Agri-Steel Co.,Managing Director,100000006,Tehran,7,a38295d3-1e0e-4546-b0b6-dedf4f9c4027,1d03c3d5-b862-4cc3-9489-9c37cfa9026b,100000004,65.0,,0e51f30d-c6a7-4e39-84b0-32ccd7c524a5,2025-05-13T12:59:00Z,2025-05-17T05:09:00Z,2,6,
67cbfc39-f54f-4b92-8442-906f2e16f0b6,"Rebar, 380 t - Farnam Steel Depot Industries",Farnam Steel Depot Industries,Supply Chain Manager,100000004,Mazandaran,7,a38295d3-1e0e-4546-b0b6-dedf4f9c4027,ec257a75-421d-4dca-aa95-59080e503fd8,100000000,450.0,ba5c865d-b834-4070-a0e5-f6e504c44853,ce177b4e-0837-48a3-9261-a7ab3aa2e4f9,2025-05-13T08:45:00Z,2025-05-17T13:20:00Z,1,3,30a11898-2bb4-43eb-a7ff-dd49e14bb33c
9b4547e0-72fe-4dc2-b772-aa9715f39d39,"Hot-Rolled Sheet, 45 t - Nasim Abadgaran Group",Nasim Abadgaran Group,Procurement Lead,100000000,Mazandaran,7,a38295d3-1e0e-4546-b0b6-dedf4f9c4027,f27f3ad7-4890-4b6d-9240-ef02a9681fc1,100000002,55.0,95284c0a-cb6b-4562-a488-c84d99d090fd,0e51f30d-c6a7-4e39-84b0-32ccd7c524a5,2025-05-15T08:35:00Z,2025-05-17T06:01:00Z,1,3,5fb0abd2-0dc9-4f83-9db1-2a8c603e75db
ec1f41ce-57b9-4dfb-af82-e70cb9644e4f,"Galvanized Sheet, 85 t - Hamoon Press Works Co.",Hamoon Press Works Co.,Supply Chain Manager,100000003,Tehran,7,a38295d3-1e0e-4546-b0b6-dedf4f9c4027,2aefcf3b-43b7-40ef-82c4-1c54a8debd88,100000004,80.0,21d8b96a-62ad-4157-a0d2-759a3ad51382,0e51f30d-c6a7-4e39-84b0-32ccd7c524a5,2025-05-13T07:03:00Z,2025-05-17T09:28:00Z,1,3,783aae25-1478-4131-b583-355304eef7e0
9b02c535-2649-4478-9396-6f0a6b77af9e,"Beams & Sections, 155 t - Darya Sakhteman Industries",Darya Sakhteman Industries,Project Manager,100000000,Hormozgan,7,a38295d3-1e0e-4546-b0b6-dedf4f9c4027,af32baf8-811d-44af-a8ca-7483dc0e3375,100000001,130.0,,e27a984d-6548-41d0-bfcd-9eb1a7cad415,2025-05-12T07:51:00Z,2025-05-14T07:29:00Z,2,6,
c09c2ebe-80da-4ed7-880b-cb0ec8ab96ac,"Hot-Rolled Sheet, 490 t - Shahab Loleh Sazi Co.",Shahab Loleh Sazi Co.,Purchasing Manager,100000002,Mazandaran,7,a38295d3-1e0e-4546-b0b6-dedf4f9c4027,e0b4659a-09fe-4cdd-998d-65ba9d6022c5,100000002,420.0,,b02b61c4-a3d7-4628-ace6-6fa2fd5166e6,2025-05-17T07:18:00Z,2025-05-24T13:15:00Z,2,6,
e8fb5a96-3b85-46e1-840f-54057a25ed81,"Rebar, 225 t - Nikan Ahan Forooshi Industries",Nikan Ahan Forooshi Industries,Site Engineer,100000004,Tehran,7,a38295d3-1e0e-4546-b0b6-dedf4f9c4027,412817eb-2246-49cd-acec-df821903f9b3,100000000,215.0,,ce177b4e-0837-48a3-9261-a7ab3aa2e4f9,2025-05-15T08:12:00Z,2025-05-19T06:54:00Z,2,6,
cde5c35a-b011-4b0a-b496-51d6a79055b0,"Rebar, 100 t - Pardis Omran Group",Pardis Omran Group,Procurement Lead,100000000,Tehran,7,a38295d3-1e0e-4546-b0b6-dedf4f9c4027,6001f54d-01d7-4831-850f-1cdc1e2a03f1,100000000,80.0,,0e51f30d-c6a7-4e39-84b0-32ccd7c524a5,2025-05-12T07:01:00Z,2025-05-17T06:04:00Z,2,4,
2dc09158-7b83-41cf-8ebc-6d7ec8a65b85,"Hot-Rolled Sheet, 215 t - Ilia Profile Works Ltd.",Ilia Profile Works Ltd.,Purchasing Manager,100000002,Tehran,7,a38295d3-1e0e-4546-b0b6-dedf4f9c4027,8d56bff6-69c9-420f-b425-449cc145d6ba,100000002,255.0,dd23ff41-dae1-4586-a358-755cbc5c3cd8,0e51f30d-c6a7-4e39-84b0-32ccd7c524a5,2025-05-14T09:33:00Z,2025-05-18T09:27:00Z,1,3,447be43f-4975-48ae-a05c-b1da12200b58
f301bb6c-b306-4300-8879-d93272540ab7,"Hot-Rolled Sheet, 110 t - Kaspian Steel Structures Co.",Kaspian Steel Structures Co.,Project Manager,100000001,Isfahan,7,a38295d3-1e0e-4546-b0b6-dedf4f9c4027,3ad24ac8-bf70-4042-9e7c-6795a8c6c2df,100000002,80.0,,9132b63e-f162-47e4-a9c3-49e03602f8ac,2025-05-13T09:02:00Z,2025-05-18T11:11:00Z,2,5,
78bf46fa-2534-4e85-92c0-dec2175194d7,"Pipes & Profiles, 10 t - Ofogh Golkhaneh Sazan Ltd.",Ofogh Golkhaneh Sazan Ltd.,Managing Director,100000006,Tehran,7,a38295d3-1e0e-4546-b0b6-dedf4f9c4027,cdeb2696-015a-4a1d-a2c8-cf62f6ee137d,100000005,5.0,6690a951-fc04-4a7a-ae41-5f166263307c,5304317f-af42-412f-b838-b3268e944239,2025-05-15T06:50:00Z,2025-05-17T09:45:00Z,1,3,fde0a8e5-461d-4376-ae3d-16ba57e44133
82b34384-9979-4f26-88b1-90e1089a9f4f,"Rebar, 350 t - Borna Dam & Water Works Co.",Borna Dam & Water Works Co.,Managing Director,100000005,Khuzestan,7,a38295d3-1e0e-4546-b0b6-dedf4f9c4027,31dae817-4937-490f-84a5-b18bcdcd0a34,100000000,335.0,34323ec6-b0c4-401c-a9b7-c0fa26c432f6,366eb16f-508e-4ad7-b7c9-3acfe059a0ee,2025-05-13T07:29:00Z,2025-05-17T04:35:00Z,1,3,d6e9cfea-6724-4909-8239-a86152fedb98
ab6ef8dd-5a66-4316-a641-4954c798a445,"Rebar, 70 t - Atlas Eskelet Felezi Ltd.",Atlas Eskelet Felezi Ltd.,Project Manager,100000001,Isfahan,7,a38295d3-1e0e-4546-b0b6-dedf4f9c4027,46a3cc71-ff2f-4883-963b-5481284e4cd4,100000000,75.0,8cb21aa2-1715-4c03-ab4f-36381190e515,10f1bc81-448a-4a9e-a6b2-bc5b50c187fc,2025-05-15T08:55:00Z,2025-05-18T06:57:00Z,1,3,5b77dcf6-95ca-426c-ae98-480e36e04754
0130d66b-932d-4648-a769-b0f1ee01b9e0,"Beams & Sections, 80 t - Arya Eskelet Felezi Co.",Arya Eskelet Felezi Co.,Supply Chain Manager,100000001,Tehran,7,a38295d3-1e0e-4546-b0b6-dedf4f9c4027,746b161a-31cc-4738-b68a-e9b79b3aa1d1,100000001,115.0,,5304317f-af42-412f-b838-b3268e944239,2025-05-11T11:38:00Z,2025-05-14T07:43:00Z,2,4,
41f83199-f4ea-4769-8366-c189cd8d9f75,"Beams & Sections, 25 t - Rayan Builders Co.",Rayan Builders Co.,Site Engineer,100000000,Tehran,7,a38295d3-1e0e-4546-b0b6-dedf4f9c4027,1df44d3e-f26f-4b19-9708-013e4b541670,100000001,35.0,741b77f5-4c24-4053-a7f5-ae02af5b8f47,5304317f-af42-412f-b838-b3268e944239,2025-05-14T09:16:00Z,2025-05-20T11:43:00Z,1,3,f7398264-2e30-4cb7-9a8f-2b8990b0a4d0
c9e55c47-a237-48c1-a1f6-dfbe114b3c79,"Hot-Rolled Sheet, 45 t - Varna Steel Structures Group",Varna Steel Structures Group,Purchasing Manager,100000001,Alborz,7,a38295d3-1e0e-4546-b0b6-dedf4f9c4027,420079f5-1dc3-426e-bb62-659e0700749a,100000002,35.0,dd20c3bf-d342-4f08-8a8b-b5b490494583,5304317f-af42-412f-b838-b3268e944239,2025-05-12T12:42:00Z,2025-05-18T13:03:00Z,2,4,
436ae2bb-d509-4e07-b368-d836027d3808,"Pipes & Profiles, 20 t - Kavir Sabz Greenhouse Structures Ltd.",Kavir Sabz Greenhouse Structures Ltd.,Managing Director,100000006,Alborz,7,a38295d3-1e0e-4546-b0b6-dedf4f9c4027,89207bc4-8439-4ed9-9a64-845ef49816ad,100000005,20.0,578cd875-d231-4372-bfb0-942cac777762,5304317f-af42-412f-b838-b3268e944239,2025-05-15T06:37:00Z,2025-05-21T09:46:00Z,1,3,ece293b9-efb0-4cbb-9544-f42ad001df54
d61a080a-3fec-4a37-95be-a8dc33e88249,"Rebar, 90 t - Kian Builders Industries",Kian Builders Industries,Purchasing Manager,100000000,Tehran,7,a38295d3-1e0e-4546-b0b6-dedf4f9c4027,3aad5840-34ef-41df-83f1-9b58df6c0d60,100000000,105.0,7e1f48c4-a9d6-490d-b4ad-fa22ad0205f5,0e51f30d-c6a7-4e39-84b0-32ccd7c524a5,2025-05-15T09:39:00Z,2025-05-24T06:47:00Z,1,3,2558b863-7641-4e20-9f0a-717671d64a17
50bf2995-9ee4-405d-9f06-bc767b777e71,"Pipes & Profiles, 520 t - Sepehr Steel Merchants Ltd.",Sepehr Steel Merchants Ltd.,Project Manager,100000004,Tehran,7,a38295d3-1e0e-4546-b0b6-dedf4f9c4027,d91738f8-0ad1-418c-b53f-091e8a9e0964,100000005,610.0,65db6e43-47bf-4db7-82d9-a774ea7f6c7d,ce177b4e-0837-48a3-9261-a7ab3aa2e4f9,2025-05-15T12:25:00Z,2025-05-17T05:48:00Z,1,3,b4dd2c13-e5a2-4a6c-9214-4d02a0a00cad
08560684-8a6f-44b3-b08d-312e7a732f35,"Beams & Sections, 170 t - Hamoon Steel Merchants Group",Hamoon Steel Merchants Group,Procurement Lead,100000004,Mazandaran,7,a38295d3-1e0e-4546-b0b6-dedf4f9c4027,6c5540f0-cc9c-441c-8696-99010ddca788,100000001,140.0,,ce177b4e-0837-48a3-9261-a7ab3aa2e4f9,2025-05-11T06:54:00Z,2025-05-17T09:00:00Z,2,5,
61223189-35f3-4e4a-ac92-04b40306a258,"Beams & Sections, 35 t - Elham Steel Structures Co.",Elham Steel Structures Co.,Purchasing Manager,100000001,Khuzestan,7,a38295d3-1e0e-4546-b0b6-dedf4f9c4027,0227b8d5-b070-4a53-90ce-857f75c72fb6,100000001,25.0,44f7f01a-3cb5-46d7-834a-130e8c6ea6ad,366eb16f-508e-4ad7-b7c9-3acfe059a0ee,2025-05-11T07:14:00Z,2025-05-15T05:07:00Z,1,3,7618a8e8-ee07-4686-b34f-0188877527c0
6c878546-7faf-4458-af14-f7775dad348e,"Beams & Sections, 145 t - Zarrin Eskelet Felezi Industries",Zarrin Eskelet Felezi Industries,Site Engineer,100000001,Khuzestan,7,a38295d3-1e0e-4546-b0b6-dedf4f9c4027,57d52b78-9cf3-437e-b562-037b78aa16ea,100000001,130.0,e1721c83-ef5e-4376-a723-fb72682b163a,366eb16f-508e-4ad7-b7c9-3acfe059a0ee,2025-05-14T13:10:00Z,2025-05-15T06:13:00Z,2,6,
9247e851-2e0d-4860-b362-f9b74795cd1d,"Wire Rod, 30 t - Tous Golkhaneh Sazan Co.",Tous Golkhaneh Sazan Co.,Project Manager,100000006,Tehran,7,a38295d3-1e0e-4546-b0b6-dedf4f9c4027,668d3c8b-dab5-4d55-9d75-c03c5f4faf10,100000006,30.0,,0e51f30d-c6a7-4e39-84b0-32ccd7c524a5,2025-05-13T12:26:00Z,2025-05-20T07:47:00Z,2,4,
226cbc6a-7fe5-44b6-abe8-c7562d36226c,"Rebar, 320 t - Farnam Steel Trading Co.",Farnam Steel Trading Co.,Purchasing Manager,100000004,Mazandaran,7,a38295d3-1e0e-4546-b0b6-dedf4f9c4027,027e789c-ce40-483b-b915-ad7e2648c819,100000000,310.0,0c36ad4e-915d-4a63-9bc6-c9288fe84e20,5304317f-af42-412f-b838-b3268e944239,2025-05-13T07:44:00Z,2025-05-17T12:40:00Z,1,3,71548490-940b-441d-b6ac-9349fd34642b
9b0707e5-f68e-4e81-adf9-568bde0bde18,"Hot-Rolled Sheet, 25 t - Karun Steel Structures Co.",Karun Steel Structures Co.,Site Engineer,100000001,Tehran,7,a38295d3-1e0e-4546-b0b6-dedf4f9c4027,59e110eb-1f09-4b9d-a969-29b20513eda8,100000002,35.0,12fc7a87-a470-4d48-9128-b9b1f8ede0ca,b02b61c4-a3d7-4628-ace6-6fa2fd5166e6,2025-05-13T04:43:00Z,2025-05-17T06:53:00Z,1,3,dcb1de4d-e7ba-46ee-b5b6-3c7189327b2d
141283fb-e3be-43d6-b26a-030dbc8cfa8f,"Galvanized Sheet, 45 t - Diba Pipe & Profile Industries",Diba Pipe & Profile Industries,Project Manager,100000002,Khuzestan,7,a38295d3-1e0e-4546-b0b6-dedf4f9c4027,c655a597-7ccc-43de-82ac-7e1dac565da6,100000004,45.0,,366eb16f-508e-4ad7-b7c9-3acfe059a0ee,2025-05-14T05:46:00Z,2025-05-20T09:36:00Z,2,4,
edb68b81-cec6-4cfe-a3fd-17f02ae63af6,"Galvanized Sheet, 50 t - Gilan Press Works Ltd.",Gilan Press Works Ltd.,Procurement Lead,100000003,East Azerbaijan,7,a38295d3-1e0e-4546-b0b6-dedf4f9c4027,de46222e-2514-47ce-b4e3-5f7ba1b7e3d8,100000004,35.0,e835f080-d951-4f98-a79f-2f429256d707,beb79919-3f22-4af8-a3be-d01d43cf2fde,2025-05-13T04:47:00Z,2025-05-17T12:59:00Z,1,3,2f33cbde-96b3-4e97-8918-ef7f09047960
a72bdddd-511e-4eb8-9040-5c433a6c7da6,"Rebar, 85 t - Fardis Dam & Water Works Co.",Fardis Dam & Water Works Co.,Purchasing Manager,100000005,Khorasan Razavi,7,a38295d3-1e0e-4546-b0b6-dedf4f9c4027,57f7d71f-2978-4c73-9440-adec12439b0f,100000000,85.0,,24933b83-7577-40a9-a491-f0b2ea1fca65,2025-05-12T08:55:00Z,2025-05-15T06:52:00Z,2,6,
20029d9f-05e9-4407-9aad-a0b12f132a6d,"Hot-Rolled Sheet, 40 t - Chakad Eskelet Felezi Group",Chakad Eskelet Felezi Group,Purchasing Manager,100000001,Tehran,7,a38295d3-1e0e-4546-b0b6-dedf4f9c4027,2ad55c0b-69fb-4fe6-b346-1e07f72cb6c8,100000002,55.0,efd1b588-1054-42d5-9876-35761a5ed196,b02b61c4-a3d7-4628-ace6-6fa2fd5166e6,2025-05-13T06:28:00Z,2025-05-17T04:44:00Z,1,3,5b78fc11-16ea-4f38-a100-4f29067db218
bcd2e8eb-3f55-40cd-bab7-127e4f32ea54,"Rebar, 30 t - Vista Builders Co.",Vista Builders Co.,Managing Director,100000000,Khorasan Razavi,7,a38295d3-1e0e-4546-b0b6-dedf4f9c4027,63ccf604-e2ae-4f87-ae7c-a782a7a31d25,100000000,30.0,2bacf712-d6a9-49e8-86d8-95e5219b606d,24933b83-7577-40a9-a491-f0b2ea1fca65,2025-05-13T08:44:00Z,2025-05-18T07:43:00Z,1,3,d4be1299-20d1-4c2e-a23a-335d91a2da0b
9740b212-2d52-45f4-8a0e-c018b29769b2,"Beams & Sections, 55 t - Laleh Contracting Group",Laleh Contracting Group,Managing Director,100000000,Khorasan Razavi,7,a38295d3-1e0e-4546-b0b6-dedf4f9c4027,f2cffcae-f833-4bfb-a296-e3f171e15b9f,100000001,90.0,c6a07656-c5c9-4b91-bf6e-f9ed7e4ce29f,24933b83-7577-40a9-a491-f0b2ea1fca65,2025-05-14T08:08:00Z,2025-05-17T08:08:00Z,1,3,0f7ea0c1-9e1e-4e74-92fd-be379b9e5d9c
7b4d8646-58e0-458f-a8af-301f4f45f6f7,"Rebar, 835 t - Farnam Rail & Road Projects Group",Farnam Rail & Road Projects Group,Purchasing Manager,100000005,Isfahan,7,a38295d3-1e0e-4546-b0b6-dedf4f9c4027,88a613b4-a3b8-4f92-a3c9-0c6a86017633,100000000,870.0,,10f1bc81-448a-4a9e-a6b2-bc5b50c187fc,2025-05-15T10:16:00Z,2025-05-20T06:47:00Z,2,4,
b011b125-0221-41e5-88fc-3da1781d5b6c,"Cold-Rolled Sheet, 40 t - Nikan Appliance Components Industries",Nikan Appliance Components Industries,Purchasing Manager,100000003,Tehran,7,a38295d3-1e0e-4546-b0b6-dedf4f9c4027,49694032-5808-4790-a2e4-9628d913057d,100000003,40.0,8c57a277-01d9-49b4-8bf8-f29e3b30ee97,0e51f30d-c6a7-4e39-84b0-32ccd7c524a5,2025-05-17T04:32:00Z,2025-05-20T10:10:00Z,1,3,cf32027b-d6cf-4f1c-aff7-7e48a2b2f049
a60147c3-48e0-4502-8598-f3c8af449605,"Galvanized Sheet, 180 t - Navid Appliance Components Co.",Navid Appliance Components Co.,Project Manager,100000003,Isfahan,7,a38295d3-1e0e-4546-b0b6-dedf4f9c4027,b1a50a3d-cebd-4b2b-9cfb-bce7e8f2c584,100000004,180.0,,9132b63e-f162-47e4-a9c3-49e03602f8ac,2025-05-12T06:03:00Z,2025-05-19T11:18:00Z,2,5,
7df37378-9f6c-4ab4-b352-2c1845aa9503,"Hot-Rolled Sheet, 340 t - Atlas Pipe & Profile Industries",Atlas Pipe & Profile Industries,Procurement Lead,100000002,Isfahan,7,a38295d3-1e0e-4546-b0b6-dedf4f9c4027,73e88db6-9e23-43d0-b491-5c14a30b669c,100000002,305.0,,10f1bc81-448a-4a9e-a6b2-bc5b50c187fc,2025-05-17T11:31:00Z,2025-05-21T10:41:00Z,2,4,
703c1286-b717-44cd-a002-91bb44e9f8fb,"Hot-Rolled Sheet, 250 t - Navid Profile Works Ltd.",Navid Profile Works Ltd.,Procurement Lead,100000002,Khuzestan,7,a38295d3-1e0e-4546-b0b6-dedf4f9c4027,4838a888-1a2e-4864-b8ea-ca362f999b2a,100000002,155.0,c9254bb5-4fc3-4d4e-ab95-0c1d578799d9,366eb16f-508e-4ad7-b7c9-3acfe059a0ee,2025-05-13T12:58:00Z,2025-05-15T04:49:00Z,1,3,bb096b4b-251b-499e-a6ac-8f840db11c52
081fec82-ca9a-4f77-b26a-51a576b40672,"Beams & Sections, 195 t - Mehr Abadgaran Industries",Mehr Abadgaran Industries,Managing Director,100000000,East Azerbaijan,7,a38295d3-1e0e-4546-b0b6-dedf4f9c4027,5f13e10b-ff7a-484d-bf96-dd35cca99089,100000001,185.0,,beb79919-3f22-4af8-a3be-d01d43cf2fde,2025-05-11T13:16:00Z,2025-05-17T13:16:00Z,2,6,
32fd73c5-0894-4176-be99-df69bcd49975,"Pipes & Profiles, 90 t - Sahand Sakhteman Group",Sahand Sakhteman Group,Supply Chain Manager,100000000,Isfahan,7,a38295d3-1e0e-4546-b0b6-dedf4f9c4027,3f46057b-7165-436b-b997-c779c56f05e6,100000005,80.0,355cca9c-fb6b-41dc-aa7f-7e0685695f97,9132b63e-f162-47e4-a9c3-49e03602f8ac,2025-05-12T09:17:00Z,2025-05-17T06:40:00Z,1,3,8f1c9563-f4ee-48f1-8851-fd317fdd0dfe
289ac251-52b4-44e8-afab-cd734fe66636,"Galvanized Sheet, 55 t - Sahand Press Works Co.",Sahand Press Works Co.,Managing Director,100000003,Khorasan Razavi,7,a38295d3-1e0e-4546-b0b6-dedf4f9c4027,f6121d2c-ae73-40eb-a39d-8fe7790b185c,100000004,50.0,,24933b83-7577-40a9-a491-f0b2ea1fca65,2025-05-11T04:41:00Z,2025-05-14T08:35:00Z,2,4,
6553b15f-1ea1-4b0f-95ae-b18b46ae7e06,"Rebar, 230 t - Mehrgan Ahan Forooshi Co.",Mehrgan Ahan Forooshi Co.,Supply Chain Manager,100000004,Isfahan,7,a38295d3-1e0e-4546-b0b6-dedf4f9c4027,cb5d2b59-2ad8-40ca-83db-7a2e531350e0,100000000,245.0,,9132b63e-f162-47e4-a9c3-49e03602f8ac,2025-05-14T05:26:00Z,2025-05-18T06:35:00Z,2,4,
1b7e0502-ca9d-4831-894e-7397b38a3db1,"Beams & Sections, 35 t - Nikan Steel Structures Industries",Nikan Steel Structures Industries,Project Manager,100000001,Tehran,7,a38295d3-1e0e-4546-b0b6-dedf4f9c4027,276732d3-a502-4c4b-9b03-34d80f4d6c40,100000001,35.0,,0e51f30d-c6a7-4e39-84b0-32ccd7c524a5,2025-05-14T10:31:00Z,2025-05-18T09:04:00Z,2,4,
7d76ab58-b271-415b-8af0-9ec34b726a7c,"Cold-Rolled Sheet, 85 t - Hamoon Appliance Components Ltd.",Hamoon Appliance Components Ltd.,Project Manager,100000003,Tehran,7,a38295d3-1e0e-4546-b0b6-dedf4f9c4027,8f1c3fa0-7000-4009-b4e5-70ba7c3cc2bc,100000003,60.0,290c4414-8df5-4b01-9c4d-b762ea1af7d2,0e51f30d-c6a7-4e39-84b0-32ccd7c524a5,2025-05-13T08:09:00Z,2025-05-14T13:07:00Z,1,3,69f611cb-8d6a-473e-89cb-5a7da372a0aa
c6a28e4e-002f-4ca4-b43e-85315dfb1922,"Rebar, 315 t - Hamoon Foolad Trading Co.",Hamoon Foolad Trading Co.,Managing Director,100000004,Khuzestan,7,a38295d3-1e0e-4546-b0b6-dedf4f9c4027,8aa6b006-436a-4b9d-91c5-6a004bb13407,100000000,295.0,,366eb16f-508e-4ad7-b7c9-3acfe059a0ee,2025-05-14T09:42:00Z,2025-05-17T11:49:00Z,2,7,
d1ad3e51-89f9-4de9-b798-0131a885a7b4,"Pipes & Profiles, 60 t - Arya Agri-Steel Co.",Arya Agri-Steel Co.,Managing Director,100000006,Khorasan Razavi,7,a38295d3-1e0e-4546-b0b6-dedf4f9c4027,10372a5c-b893-408a-9219-02163d211daf,100000005,55.0,,24933b83-7577-40a9-a491-f0b2ea1fca65,2025-05-12T10:17:00Z,2025-05-20T04:43:00Z,2,5,
68e8f311-5295-4a96-887b-25d79cf023dd,"Rebar, 50 t - Mahtab Contracting Ltd.",Mahtab Contracting Ltd.,Project Manager,100000000,Isfahan,7,a38295d3-1e0e-4546-b0b6-dedf4f9c4027,277529a2-8d2c-4e83-8407-26547f5f61aa,100000000,35.0,0b34fc84-1111-4e29-a8ad-153985f0786a,9132b63e-f162-47e4-a9c3-49e03602f8ac,2025-05-15T04:41:00Z,2025-05-18T12:20:00Z,1,3,82ba9ea6-42cb-406c-93f2-6ca3f566e9e9
08252b39-1947-4a42-b10d-c9d17c413a2a,"Beams & Sections, 140 t - Sabalan Sazeh Co.",Sabalan Sazeh Co.,Procurement Lead,100000000,Tehran,7,a38295d3-1e0e-4546-b0b6-dedf4f9c4027,1b67f7bb-33bb-4382-8801-8e83df9d3910,100000001,180.0,c6435300-68a5-4c68-a32d-bb5e486bb6bf,5304317f-af42-412f-b838-b3268e944239,2025-05-11T07:06:00Z,2025-05-12T05:55:00Z,2,6,
ebc8f6b7-ee22-4f70-8359-9c6d1224cbd2,"Wire Rod, 110 t - Rayan Agri-Steel Ltd.",Rayan Agri-Steel Ltd.,Site Engineer,100000006,Fars,7,a38295d3-1e0e-4546-b0b6-dedf4f9c4027,b7c4b3ee-9b1f-46d1-b881-49dc5dc96097,100000006,115.0,,e27a984d-6548-41d0-bfcd-9eb1a7cad415,2025-05-14T04:32:00Z,2025-05-18T12:07:00Z,2,6,
5c65a65c-0f8a-4c2c-a390-0bc0cd0fa4a6,"Beams & Sections, 130 t - Ilia Rail & Road Projects Group",Ilia Rail & Road Projects Group,Procurement Lead,100000005,Khorasan Razavi,7,a38295d3-1e0e-4546-b0b6-dedf4f9c4027,77d2b94f-1478-4c9d-9503-0b43e3c7ca9a,100000001,165.0,9def57b4-d2da-43ec-8eec-c013b55beaaa,24933b83-7577-40a9-a491-f0b2ea1fca65,2025-05-13T06:24:00Z,2025-05-17T11:15:00Z,1,3,c650f640-8f3b-4147-8e3d-0f1bfd00e8fd
84fcfcb0-f5e9-4352-b745-39f2f1d188b9,"Rebar, 80 t - Elham Ahan Forooshi Ltd.",Elham Ahan Forooshi Ltd.,Managing Director,100000004,Khuzestan,7,a38295d3-1e0e-4546-b0b6-dedf4f9c4027,13f39289-4dcc-405d-959e-f0fd1204f4d6,100000000,95.0,,366eb16f-508e-4ad7-b7c9-3acfe059a0ee,2025-05-13T06:19:00Z,2025-05-17T13:06:00Z,2,5,
9399ad15-a37c-41c5-842b-266b1b02fa24,"Hot-Rolled Sheet, 125 t - Borna Abadgaran Industries",Borna Abadgaran Industries,Site Engineer,100000000,Khuzestan,7,a38295d3-1e0e-4546-b0b6-dedf4f9c4027,bf00f56c-6a49-49a6-8ee2-5e54bfcb3388,100000002,105.0,,366eb16f-508e-4ad7-b7c9-3acfe059a0ee,2025-05-15T04:31:00Z,2025-05-19T10:52:00Z,2,4,
999413cc-ff99-47a8-88ad-b388287e4086,"Beams & Sections, 100 t - Diba Contracting Industries",Diba Contracting Industries,Purchasing Manager,100000000,Tehran,7,a38295d3-1e0e-4546-b0b6-dedf4f9c4027,a854027e-5667-4e49-8133-8bdc66cc7376,100000001,125.0,698f546d-5f29-4290-9848-5a54531c8812,0e51f30d-c6a7-4e39-84b0-32ccd7c524a5,2025-05-15T06:43:00Z,2025-05-21T06:17:00Z,1,3,b1c538cf-e90e-45ad-93d0-5b49f925f1c5
3d9ffe59-9bc0-4a93-92cd-adefb9d276f4,"Hot-Rolled Sheet, 60 t - Golestan Profile Sazan Group",Golestan Profile Sazan Group,Site Engineer,100000002,Tehran,7,a38295d3-1e0e-4546-b0b6-dedf4f9c4027,d37ee471-6e3b-4507-a21c-1209c3a1962d,100000002,45.0,98cf1188-06d2-4913-a117-3719b023a0ea,b02b61c4-a3d7-4628-ace6-6fa2fd5166e6,2025-05-11T13:17:00Z,2025-05-15T04:35:00Z,2,5,
2294fa0a-8482-4c08-842c-65ad9883e9b1,"Beams & Sections, 50 t - Saba Fabrication Works Group",Saba Fabrication Works Group,Supply Chain Manager,100000001,Isfahan,7,a38295d3-1e0e-4546-b0b6-dedf4f9c4027,48d3d2ce-fba3-491f-88df-aaf8b9efaad6,100000001,45.0,36fea0b4-38cd-4122-bc01-45e14ce2afa2,10f1bc81-448a-4a9e-a6b2-bc5b50c187fc,2025-05-15T05:45:00Z,2025-05-20T07:17:00Z,1,3,042c9f7c-a498-4247-bc9c-b2020d082eb5
d284b528-b091-4fb7-b17f-3f92d26aa790,"Cold-Rolled Sheet, 20 t - Pardis Press Works Group",Pardis Press Works Group,Site Engineer,100000003,Tehran,7,a38295d3-1e0e-4546-b0b6-dedf4f9c4027,c5828939-058e-489e-909d-97cddb107e7f,100000003,25.0,43d643ed-236e-4832-a7f6-a2ac5b0c4170,0e51f30d-c6a7-4e39-84b0-32ccd7c524a5,2025-05-12T11:01:00Z,2025-05-15T07:18:00Z,1,3,57162941-314f-4d03-9a4a-81117ab32583
7b874b4a-cafb-44fe-931f-04afb93c92d5,"Hot-Rolled Sheet, 165 t - Farnam Pipe Works Industries",Farnam Pipe Works Industries,Purchasing Manager,100000002,Tehran,7,a38295d3-1e0e-4546-b0b6-dedf4f9c4027,13c37b5d-bbf8-4a91-b7a9-f824eafa4d5b,100000002,230.0,ceef7261-bb15-42ea-8991-2f464ce6928b,5304317f-af42-412f-b838-b3268e944239,2025-05-12T13:08:00Z,2025-05-17T09:13:00Z,1,3,5697b4e0-d9f0-4d26-aefb-ef2691bbe0a9
a1d770ea-c704-480e-a246-6cd702ed5d15,"Beams & Sections, 40 t - Helia Fabrication Works Co.",Helia Fabrication Works Co.,Purchasing Manager,100000001,Isfahan,7,a38295d3-1e0e-4546-b0b6-dedf4f9c4027,edbc36d8-9a30-4096-9977-66bea71c8948,100000001,45.0,909e21ba-8a38-45aa-91be-ba8e0a8aeb94,9132b63e-f162-47e4-a9c3-49e03602f8ac,2025-05-12T10:20:00Z,2025-05-14T04:56:00Z,1,3,d4ea3a34-1a0d-4bf2-af0f-0307d0fe16af
9343e6ea-985a-4548-80ba-22a47213e7cc,"Rebar, 235 t - Arya Rail & Road Projects Industries",Arya Rail & Road Projects Industries,Project Manager,100000005,Isfahan,7,a38295d3-1e0e-4546-b0b6-dedf4f9c4027,f89617fa-6493-45ef-bf53-76a4bb48bbba,100000000,285.0,25e42403-64f2-402e-894f-6ed34a2f3876,9132b63e-f162-47e4-a9c3-49e03602f8ac,2025-05-13T08:15:00Z,2025-05-17T12:34:00Z,1,3,2b0bf28d-6d03-4ee6-b132-f19f33fa926c
b2a7a475-c619-4773-af3a-cf3380777ac5,"Hot-Rolled Sheet, 385 t - Omid Iron & Steel Supply Co.",Omid Iron & Steel Supply Co.,Site Engineer,100000004,Fars,7,a38295d3-1e0e-4546-b0b6-dedf4f9c4027,6605de3c-15c7-4c83-8336-ffe5663166a7,100000002,710.0,0a0537f0-2c2c-422b-a568-95c6812a1f9b,e27a984d-6548-41d0-bfcd-9eb1a7cad415,2025-05-14T07:02:00Z,2025-05-17T05:31:00Z,2,6,
af4afcdd-52cb-4ae0-ae18-c9b3c6da85f1,"Beams & Sections, 30 t - Laleh Eskelet Felezi Co.",Laleh Eskelet Felezi Co.,Supply Chain Manager,100000001,Isfahan,7,a38295d3-1e0e-4546-b0b6-dedf4f9c4027,44296ca2-1257-429e-be08-5cb73f09f7a6,100000001,30.0,5832c8de-521b-48c2-b0c3-ef8a592ab43d,9132b63e-f162-47e4-a9c3-49e03602f8ac,2025-05-12T04:39:00Z,2025-05-14T08:21:00Z,1,3,99ca4469-151b-48ab-9c21-ed6399d9b808
cd840a47-fd7b-4279-9253-55159dc0a8b5,"Beams & Sections, 95 t - Nima Eskelet Felezi Group",Nima Eskelet Felezi Group,Site Engineer,100000001,Alborz,7,a38295d3-1e0e-4546-b0b6-dedf4f9c4027,5987038a-fcd6-418e-ab54-500d4e089bb4,100000001,80.0,,b02b61c4-a3d7-4628-ace6-6fa2fd5166e6,2025-05-14T06:43:00Z,2025-05-17T10:08:00Z,2,4,
27ef0a4b-5fb2-4838-af73-b3cf331e91f2,"Beams & Sections, 480 t - Sabalan Rail & Road Projects Co.",Sabalan Rail & Road Projects Co.,Procurement Lead,100000005,Isfahan,7,a38295d3-1e0e-4546-b0b6-dedf4f9c4027,3bc5f97f-d173-470b-ac99-3c800b7d1856,100000001,490.0,,10f1bc81-448a-4a9e-a6b2-bc5b50c187fc,2025-05-14T12:02:00Z,2025-05-19T08:27:00Z,2,6,
cde55848-b19c-405e-97e0-a1f103840661,"Hot-Rolled Sheet, 270 t - Varna Metals Supply Group",Varna Metals Supply Group,Site Engineer,100000004,East Azerbaijan,7,a38295d3-1e0e-4546-b0b6-dedf4f9c4027,49a5baeb-d1f4-4c8d-951b-1974de668dd0,100000002,210.0,bd717da3-3581-4632-94f5-df7005d2d205,beb79919-3f22-4af8-a3be-d01d43cf2fde,2025-05-14T05:03:00Z,2025-05-19T07:41:00Z,1,3,75d65450-4e16-4276-8816-ab3676f3bd57
fe07832a-badc-4599-9f7f-ae0c7ba79d05,"Beams & Sections, 105 t - Ofogh Ahan Forooshi Industries",Ofogh Ahan Forooshi Industries,Procurement Lead,100000004,Tehran,7,a38295d3-1e0e-4546-b0b6-dedf4f9c4027,8c7e2904-4237-492a-8017-466e85f4c0a2,100000001,95.0,4165964c-0b21-4308-86dc-4e34a9dcfe52,ce177b4e-0837-48a3-9261-a7ab3aa2e4f9,2025-05-15T09:43:00Z,2025-05-20T08:45:00Z,1,3,7372ad9e-8734-4bba-8de2-1a7a2c2e41b4
4572b385-9e32-4085-b24f-92b9ca0841de,"Hot-Rolled Sheet, 840 t - Farazan Foolad Trading Group",Farazan Foolad Trading Group,Supply Chain Manager,100000004,Isfahan,7,a38295d3-1e0e-4546-b0b6-dedf4f9c4027,3360d115-48b5-4c88-8f63-5f4a2b9a118e,100000002,560.0,1b9ec5f9-dd41-4a67-9c37-5254a8fc5690,9132b63e-f162-47e4-a9c3-49e03602f8ac,2025-05-13T09:32:00Z,2025-05-18T10:37:00Z,1,3,994dea9e-9583-4831-a087-6bee53653a8a
fad3b44c-3b2d-4dc9-a2f3-2faea63fcf12,"Rebar, 1070 t - Bamdad Iron & Steel Supply Group",Bamdad Iron & Steel Supply Group,Managing Director,100000004,Alborz,7,a38295d3-1e0e-4546-b0b6-dedf4f9c4027,e226a768-de0e-4c53-8ae0-fd7a04e25132,100000000,1385.0,,ce177b4e-0837-48a3-9261-a7ab3aa2e4f9,2025-05-14T11:51:00Z,2025-05-19T10:34:00Z,2,7,
b6646199-ed25-459e-8f89-37fa753e9662,"Beams & Sections, 70 t - Karun Sazeh Co.",Karun Sazeh Co.,Purchasing Manager,100000000,Isfahan,7,a38295d3-1e0e-4546-b0b6-dedf4f9c4027,f77fa3a7-802a-46eb-b2e9-7c2d2fb90ccf,100000001,70.0,,9132b63e-f162-47e4-a9c3-49e03602f8ac,2025-05-13T07:17:00Z,2025-05-15T05:15:00Z,2,4,
5afa0fb3-5a16-49d9-af2f-077358c69158,"Hot-Rolled Sheet, 30 t - Espadana Eskelet Felezi Group",Espadana Eskelet Felezi Group,Site Engineer,100000001,Hormozgan,7,a38295d3-1e0e-4546-b0b6-dedf4f9c4027,04b40ac9-2831-4f0d-be90-63fb64b5d9a5,100000002,45.0,,e27a984d-6548-41d0-bfcd-9eb1a7cad415,2025-05-13T07:14:00Z,2025-05-14T10:46:00Z,2,6,
fffcd743-e3f1-4406-a31d-9c8be0f0fe79,"Cold-Rolled Sheet, 65 t - Iman Press Works Co.",Iman Press Works Co.,Project Manager,100000003,Fars,7,a38295d3-1e0e-4546-b0b6-dedf4f9c4027,41f74651-a033-4dad-8fdf-de19cfd835fc,100000003,70.0,6491982b-e5ad-481d-977f-4c1626d658fb,e27a984d-6548-41d0-bfcd-9eb1a7cad415,2025-05-12T09:24:00Z,2025-05-15T10:50:00Z,1,3,e8459fc5-5f6a-43fb-98fc-ad7bbe2936f4
ad9112c5-f5ea-4128-854d-c3bf61d85365,"Galvanized Sheet, 130 t - Kaspian Greenhouse Structures Industries",Kaspian Greenhouse Structures Industries,Site Engineer,100000006,Fars,7,a38295d3-1e0e-4546-b0b6-dedf4f9c4027,bada0c94-1679-4be0-a323-8416a82cae18,100000004,90.0,92a97acd-3d88-4938-aad6-5b8c3a38b844,e27a984d-6548-41d0-bfcd-9eb1a7cad415,2025-05-11T07:04:00Z,2025-05-17T13:03:00Z,1,3,995bad11-e365-4b2c-af80-0a845bae64a3
72fcc072-544c-4132-9af9-7493e8e46b31,"Beams & Sections, 200 t - Omid Rail & Road Projects Group",Omid Rail & Road Projects Group,Project Manager,100000005,Hormozgan,7,a38295d3-1e0e-4546-b0b6-dedf4f9c4027,4ff85111-f875-4fd4-ad2c-cf42271a919f,100000001,185.0,af1dcfb8-8a96-4a11-94be-6d9f2379c05f,e27a984d-6548-41d0-bfcd-9eb1a7cad415,2025-05-15T10:22:00Z,2025-05-17T11:04:00Z,1,3,113d3c39-7c6a-471e-98fb-96c76c19fc02
e60d7a94-b483-4162-b043-a39a4f1a84cb,"Hot-Rolled Sheet, 35 t - Behsaz Steel Structures Industries",Behsaz Steel Structures Industries,Managing Director,100000001,Isfahan,7,a38295d3-1e0e-4546-b0b6-dedf4f9c4027,235b275b-dcd2-4b97-b3ca-9a6bccd3af7c,100000002,45.0,,9132b63e-f162-47e4-a9c3-49e03602f8ac,2025-05-15T08:07:00Z,2025-05-19T05:51:00Z,2,6,
f90fb6e4-e150-42f3-9195-8000c3f38c8c,"Beams & Sections, 55 t - Behsaz Contracting Co.",Behsaz Contracting Co.,Supply Chain Manager,100000000,Isfahan,7,a38295d3-1e0e-4546-b0b6-dedf4f9c4027,078c3875-ba21-4269-a540-fbfee12ff6cd,100000001,85.0,,9132b63e-f162-47e4-a9c3-49e03602f8ac,2025-05-17T08:09:00Z,2025-05-21T06:11:00Z,2,6,
9df034d3-9caa-437c-bc67-95e2c32fc21b,"Beams & Sections, 135 t - Arvand Rail & Road Projects Co.",Arvand Rail & Road Projects Co.,Procurement Lead,100000005,East Azerbaijan,7,a38295d3-1e0e-4546-b0b6-dedf4f9c4027,06b4ed27-2f4b-4be8-a1ac-fdb51b555f6d,100000001,115.0,3b1d12cf-3b70-4092-98ab-182c3b1d0181,beb79919-3f22-4af8-a3be-d01d43cf2fde,2025-05-14T07:54:00Z,2025-05-20T10:44:00Z,1,3,57ee6a27-edf7-4e79-8d91-599c6d90e3ee
794e0838-7dcf-40fd-a330-98edda252795,"Beams & Sections, 55 t - Javid Contracting Group",Javid Contracting Group,Project Manager,100000000,Alborz,7,a38295d3-1e0e-4546-b0b6-dedf4f9c4027,2f191516-5fbb-4da5-a64a-1fe8b646e2b1,100000001,35.0,,0e51f30d-c6a7-4e39-84b0-32ccd7c524a5,2025-05-12T11:50:00Z,2025-05-15T06:54:00Z,2,4,
f06b6c12-9c8b-4550-a4e7-0f9a501a0ccf,"Hot-Rolled Sheet, 210 t - Kaspian Pipe Works Group",Kaspian Pipe Works Group,Managing Director,100000002,Khuzestan,7,a38295d3-1e0e-4546-b0b6-dedf4f9c4027,b85f164b-6160-4399-9307-3198bc3eb402,100000002,195.0,b440b852-e033-400e-a432-62b38675820e,366eb16f-508e-4ad7-b7c9-3acfe059a0ee,2025-05-12T10:18:00Z,2025-05-15T05:33:00Z,1,3,da004752-5298-46bb-8602-29a4ea55292d
3ee79d31-feef-41f8-a0b6-2f900adbc4ff,"Wire Rod, 90 t - Kaspian Iron & Steel Supply Co.",Kaspian Iron & Steel Supply Co.,Managing Director,100000004,Mazandaran,7,a38295d3-1e0e-4546-b0b6-dedf4f9c4027,e0b55615-d3b6-4f1b-b4f7-6d09739cafa5,100000006,85.0,70869a45-4a8a-4b17-b09a-083a0c9ea060,5304317f-af42-412f-b838-b3268e944239,2025-05-15T08:40:00Z,2025-05-17T07:54:00Z,1,3,4d059883-1778-4020-9edd-3b3aef85866b
eb45bc38-9cf6-4e33-8b5f-174b6c267b56,"Rebar, 250 t - Sabalan Steel Trading Industries",Sabalan Steel Trading Industries,Purchasing Manager,100000004,Khuzestan,7,a38295d3-1e0e-4546-b0b6-dedf4f9c4027,2a9edda7-761a-4914-8931-b2d4d3def87c,100000000,255.0,802b1bf4-b8ff-415c-9727-20fa73a27c7b,366eb16f-508e-4ad7-b7c9-3acfe059a0ee,2025-05-13T09:06:00Z,2025-05-17T08:21:00Z,1,3,2cb5c00a-497b-47f9-8053-4d644f862de0
8be15610-b234-4948-a4f2-ae4cf016716b,"Rebar, 150 t - Hirad Omran Co.",Hirad Omran Co.,Managing Director,100000000,Isfahan,7,a38295d3-1e0e-4546-b0b6-dedf4f9c4027,95dfe6cb-c75a-4c94-ae05-7f791cf8d03f,100000000,170.0,e552d0a8-b66f-4507-a588-b999971eea39,9132b63e-f162-47e4-a9c3-49e03602f8ac,2025-05-13T12:50:00Z,2025-05-17T05:14:00Z,1,3,4c64a74e-f13f-4db8-adb0-4c031e6c0ca6
29fb832c-cbe6-4571-b622-e18ee83bcc84,"Pipes & Profiles, 30 t - Rayan Golkhaneh Sazan Co.",Rayan Golkhaneh Sazan Co.,Purchasing Manager,100000006,East Azerbaijan,7,a38295d3-1e0e-4546-b0b6-dedf4f9c4027,a6091ad0-b114-44aa-92f6-9081400564b8,100000005,35.0,,beb79919-3f22-4af8-a3be-d01d43cf2fde,2025-05-12T11:12:00Z,2025-05-15T07:02:00Z,2,4,
f9a62522-ca83-4709-ba14-675762538cdf,"Beams & Sections, 660 t - Hamoon Housing Development Industries",Hamoon Housing Development Industries,Managing Director,100000005,Isfahan,7,a38295d3-1e0e-4546-b0b6-dedf4f9c4027,b5103e9c-8618-440d-95d6-a6585ce9dbbc,100000001,640.0,55cf37ba-e989-45f2-abbf-1e35c4acb57d,10f1bc81-448a-4a9e-a6b2-bc5b50c187fc,2025-05-13T11:41:00Z,2025-05-19T08:17:00Z,1,3,e3edba74-3b56-4200-a174-fa3bedfd34fb
2504fd28-de6a-4459-a980-f6ff266c47fb,"Pipes & Profiles, 75 t - Zagros Greenhouse Structures Group",Zagros Greenhouse Structures Group,Purchasing Manager,100000006,Tehran,7,a38295d3-1e0e-4546-b0b6-dedf4f9c4027,dcd81a8b-a8d6-4af6-9f0d-def190c40e45,100000005,60.0,,5304317f-af42-412f-b838-b3268e944239,2025-05-14T06:17:00Z,2025-05-18T11:24:00Z,2,7,
49ed856e-723d-4acd-b601-e005c4c4f69f,"Rebar, 60 t - Omid Contracting Co.",Omid Contracting Co.,Supply Chain Manager,100000000,Tehran,7,a38295d3-1e0e-4546-b0b6-dedf4f9c4027,baebe15d-4f3c-4771-8edd-2a2a6b69b4ae,100000000,60.0,,b02b61c4-a3d7-4628-ace6-6fa2fd5166e6,2025-05-14T08:07:00Z,2025-05-24T05:05:00Z,2,5,
9ba4d5a6-0178-4e26-8eb5-57ac8b22e445,"Hot-Rolled Sheet, 90 t - Kaspian Eskelet Felezi Co.",Kaspian Eskelet Felezi Co.,Purchasing Manager,100000001,Khorasan Razavi,7,5e175b66-4b87-459f-b0cd-7f05ea87855e,7fa70485-dafc-4805-bf64-85de75699aef,100000002,115.0,,24933b83-7577-40a9-a491-f0b2ea1fca65,2025-10-23T12:55:00Z,2025-10-30T07:53:00Z,2,5,
e1d5c0dc-3ea5-45a9-81ae-c50599a04abb,"Galvanized Sheet, 75 t - Gohar Greenhouse Structures Ltd.",Gohar Greenhouse Structures Ltd.,Project Manager,100000006,Hormozgan,7,5e175b66-4b87-459f-b0cd-7f05ea87855e,99e95433-1453-417e-b11e-be6f68ffae17,100000004,100.0,,e27a984d-6548-41d0-bfcd-9eb1a7cad415,2025-10-25T05:41:00Z,2025-11-01T10:51:00Z,2,4,
1be00f8e-0c8d-41d2-9673-aefbeb9e54e0,"Beams & Sections, 125 t - Rahyab Housing Development Co.",Rahyab Housing Development Co.,Site Engineer,100000005,East Azerbaijan,7,5e175b66-4b87-459f-b0cd-7f05ea87855e,54c3b22e-4c66-4a4d-9a70-ea8ad6881d3e,100000001,100.0,f75efed8-2d6b-4953-8fea-d84ec98cfd48,beb79919-3f22-4af8-a3be-d01d43cf2fde,2025-10-22T12:24:00Z,2025-10-29T10:54:00Z,1,3,ccb33755-5d91-4331-b788-a4fb887b7913
e5c482ff-5e5a-40c1-92a4-73f94c9e903a,"Galvanized Sheet, 125 t - Ilia Profile Sazan Group",Ilia Profile Sazan Group,Purchasing Manager,100000002,Khorasan Razavi,7,5e175b66-4b87-459f-b0cd-7f05ea87855e,c4bd338e-17d7-4fc0-892c-d030ee757637,100000004,200.0,,24933b83-7577-40a9-a491-f0b2ea1fca65,2025-10-22T11:08:00Z,2025-10-25T10:32:00Z,2,4,
1f3cea1d-2271-47ca-b887-73ed4af715b7,"Beams & Sections, 70 t - Tina Eskelet Felezi Ltd.",Tina Eskelet Felezi Ltd.,Purchasing Manager,100000001,Alborz,7,5e175b66-4b87-459f-b0cd-7f05ea87855e,109efb40-8ceb-4c57-97e3-23cf6d651847,100000001,55.0,fab6ad91-bacf-4cfc-9245-1cc41bfb3b3d,b02b61c4-a3d7-4628-ace6-6fa2fd5166e6,2025-10-21T07:01:00Z,2025-10-25T12:35:00Z,1,3,6044f6b7-26d8-473f-af49-8cdb0c7952cb
ed56c714-5a96-41f5-9f8c-eda5feb9ea24,"Beams & Sections, 70 t - Kimia Steel Structures Ltd.",Kimia Steel Structures Ltd.,Site Engineer,100000001,Isfahan,7,5e175b66-4b87-459f-b0cd-7f05ea87855e,933c8d00-8680-4a0b-8279-1490510564f9,100000001,85.0,,10f1bc81-448a-4a9e-a6b2-bc5b50c187fc,2025-10-21T11:15:00Z,2025-10-27T05:55:00Z,2,4,
1e42d2b8-0067-4b62-b18c-d979fab0a15d,"Hot-Rolled Sheet, 145 t - Iman Steel Structures Ltd.",Iman Steel Structures Ltd.,Project Manager,100000001,Tehran,7,5e175b66-4b87-459f-b0cd-7f05ea87855e,4a5d6cea-b565-464e-bb93-a53f9c02040d,100000002,145.0,,0e51f30d-c6a7-4e39-84b0-32ccd7c524a5,2025-10-22T05:46:00Z,2025-10-25T04:56:00Z,2,4,
5982aa44-5573-48cf-8ba5-605069fe99a9,"Rebar, 150 t - Golestan Rail & Road Projects Industries",Golestan Rail & Road Projects Industries,Site Engineer,100000005,Hormozgan,7,5e175b66-4b87-459f-b0cd-7f05ea87855e,6a25542e-ffbd-4cdd-9d84-d303ccb03fc5,100000000,115.0,,e27a984d-6548-41d0-bfcd-9eb1a7cad415,2025-10-23T07:31:00Z,2025-10-28T10:52:00Z,2,5,
115db44f-ca4a-40bc-8121-81a34818b004,"Beams & Sections, 40 t - Orang Fabrication Works Co.",Orang Fabrication Works Co.,Supply Chain Manager,100000001,Tehran,7,5e175b66-4b87-459f-b0cd-7f05ea87855e,b0a4f557-3381-401f-a3ff-8fd202e460aa,100000001,45.0,,5304317f-af42-412f-b838-b3268e944239,2025-10-20T07:13:00Z,2025-10-23T12:09:00Z,2,6,
f5c9f459-9db1-4d5e-91a4-d796b9720eec,"Rebar, 70 t - Tarava Sakhteman Co.",Tarava Sakhteman Co.,Procurement Lead,100000000,Mazandaran,7,5e175b66-4b87-459f-b0cd-7f05ea87855e,65637d1f-5763-4902-9552-0712af92ef22,100000000,65.0,,5304317f-af42-412f-b838-b3268e944239,2025-10-22T08:41:00Z,2025-10-25T07:32:00Z,2,5,
75eb0e8f-a090-460d-a7c7-655a7b434a72,"Rebar, 660 t - Persis Metal Center Co.",Persis Metal Center Co.,Supply Chain Manager,100000004,Isfahan,7,5e175b66-4b87-459f-b0cd-7f05ea87855e,22c0c475-a549-46d0-891a-5875cc18dd0e,100000000,740.0,d06d3943-c8b3-415e-b664-704355c9bf0f,9132b63e-f162-47e4-a9c3-49e03602f8ac,2025-10-23T10:18:00Z,2025-10-27T06:37:00Z,1,3,e5d06000-8a76-47f3-ab05-f2eded496551
8e2017e1-50c4-4b4b-ad9e-5c1eb9974024,"Beams & Sections, 50 t - Hoda Steel Structures Co.",Hoda Steel Structures Co.,Supply Chain Manager,100000001,Tehran,7,5e175b66-4b87-459f-b0cd-7f05ea87855e,90a014ab-4ca1-4abd-8565-0e0bd5c97d5d,100000001,80.0,ea8b31f5-ccae-48fe-94eb-8e20af7c7d2b,5304317f-af42-412f-b838-b3268e944239,2025-10-20T05:03:00Z,2025-10-23T05:38:00Z,1,3,d536ba96-97f8-43be-9d90-72f456b66dd7
2ff8107a-63ba-4d86-9b0e-70ad922bda48,"Rebar, 180 t - Orang Contracting Industries",Orang Contracting Industries,Supply Chain Manager,100000000,Tehran,7,5e175b66-4b87-459f-b0cd-7f05ea87855e,2a7cf9e9-d7a7-47b1-88c6-2063a06303ca,100000000,125.0,2ff3cde4-6aa4-4c9f-9217-04753d959e3f,b02b61c4-a3d7-4628-ace6-6fa2fd5166e6,2025-10-23T08:29:00Z,2025-10-25T06:10:00Z,2,4,
d4575305-73b0-420d-9f20-19ea3cd61f5e,"Rebar, 105 t - Tous Construction Group",Tous Construction Group,Managing Director,100000000,Tehran,7,5e175b66-4b87-459f-b0cd-7f05ea87855e,e0864418-7f3e-459b-9638-613769f35b2d,100000000,140.0,33bcb8a9-c71d-4564-8992-b886c8f216c1,5304317f-af42-412f-b838-b3268e944239,2025-10-23T08:48:00Z,2025-10-28T10:00:00Z,1,3,2811a218-42f8-46be-8275-734bd32e6fc6
dfb68a5f-bb81-41f0-bbc4-d138ec737598,"Beams & Sections, 55 t - Ilia Sazeh Ltd.",Ilia Sazeh Ltd.,Procurement Lead,100000000,Alborz,7,5e175b66-4b87-459f-b0cd-7f05ea87855e,5711d5fd-30b1-467b-a771-a42280038f26,100000001,55.0,84222f58-f022-44af-bb76-4637d277ab64,b02b61c4-a3d7-4628-ace6-6fa2fd5166e6,2025-10-25T05:05:00Z,2025-10-28T09:52:00Z,1,3,b5fa695c-7c3a-4c67-a9a6-65be2be0feaf
df3334c6-9823-4b06-991e-a7e6afe2a940,"Rebar, 25 t - Kowsar Construction Co.",Kowsar Construction Co.,Purchasing Manager,100000000,Hormozgan,7,5e175b66-4b87-459f-b0cd-7f05ea87855e,0b458c23-eead-490c-8f9c-78bf010d583f,100000000,20.0,05c14422-4ffe-4dfd-bedc-acb7a8b331a0,e27a984d-6548-41d0-bfcd-9eb1a7cad415,2025-10-21T11:52:00Z,2025-10-26T12:50:00Z,1,3,53937e99-3ad1-4bfa-a886-517fab26aa3f
33579b27-5225-474a-b5b8-726ce462ff64,"Wire Rod, 160 t - Varna Steel Depot Co.",Varna Steel Depot Co.,Purchasing Manager,100000004,Tehran,7,5e175b66-4b87-459f-b0cd-7f05ea87855e,a38bbaa4-4fe8-48d8-822c-a6a893daf60d,100000006,120.0,,ce177b4e-0837-48a3-9261-a7ab3aa2e4f9,2025-10-21T06:57:00Z,2025-10-27T07:27:00Z,2,6,
8ca33a54-59ae-4302-8ae3-297e34e24142,"Beams & Sections, 40 t - Farazan Omran Co.",Farazan Omran Co.,Supply Chain Manager,100000000,Khuzestan,7,5e175b66-4b87-459f-b0cd-7f05ea87855e,1a354475-8399-4ac5-8f43-a2509f795228,100000001,55.0,4fb67094-123c-4911-abd8-ad4d3eacdb28,366eb16f-508e-4ad7-b7c9-3acfe059a0ee,2025-10-20T11:18:00Z,2025-10-25T05:52:00Z,1,3,ecdf2959-9d68-43d9-adb5-56bd6b5e36dd
076c108d-214c-47b1-8cfc-64207192e443,"Beams & Sections, 25 t - Iman Eskelet Felezi Group",Iman Eskelet Felezi Group,Purchasing Manager,100000001,Alborz,7,5e175b66-4b87-459f-b0cd-7f05ea87855e,8a6342ca-56b7-479e-a46a-0b429cfecbd8,100000001,25.0,a124fdb2-97be-4f31-a42a-a836989b68c0,5304317f-af42-412f-b838-b3268e944239,2025-10-23T11:39:00Z,2025-10-28T06:01:00Z,1,3,e927932c-23ae-4eb9-bb01-9bdb294b3bf9
c3b1927b-c178-4e77-ac3b-9258f943375e,"Beams & Sections, 300 t - Pardis Urban Infrastructure Ltd.",Pardis Urban Infrastructure Ltd.,Managing Director,100000005,Khorasan Razavi,7,5e175b66-4b87-459f-b0cd-7f05ea87855e,141b9098-8892-47fe-8f2e-45efabbe274a,100000001,430.0,4f75d45a-74a1-4a0d-98e6-3a5577e0ee02,24933b83-7577-40a9-a491-f0b2ea1fca65,2025-10-21T10:19:00Z,2025-10-25T07:37:00Z,1,3,6dab734b-89de-489e-9188-0d4dd96f7b22
f28bf846-3b50-4fda-b875-b1c777243aa3,"Cold-Rolled Sheet, 30 t - Taban Auto Parts Mfg.",Taban Auto Parts Mfg.,Project Manager,100000003,Tehran,7,5e175b66-4b87-459f-b0cd-7f05ea87855e,c438eae0-b5d0-4595-a4f8-9e23af39f2ce,100000003,15.0,5d0b042d-e9b1-4c76-820f-beef9defeab9,0e51f30d-c6a7-4e39-84b0-32ccd7c524a5,2025-10-23T06:15:00Z,2025-10-28T12:19:00Z,1,3,a92ef612-dac7-4bf8-9f80-c141fd3977fc
1ce62a9f-79af-4348-90bb-c60d07bf63ee,"Rebar, 85 t - Helia Builders Co.",Helia Builders Co.,Procurement Lead,100000000,Mazandaran,7,5e175b66-4b87-459f-b0cd-7f05ea87855e,7ccd3dc0-740a-4bed-9323-8affe1e538a1,100000000,80.0,a689b424-7a3a-40e1-b9c7-73a0e0decc3d,0e51f30d-c6a7-4e39-84b0-32ccd7c524a5,2025-10-22T05:19:00Z,2025-10-26T05:12:00Z,1,3,cc280cba-3dfb-463d-aa64-0b5527bec87a
b6da99cd-d14b-456c-a7db-09431a59c3eb,"Wire Rod, 140 t - Fardis Ahan Forooshi Group",Fardis Ahan Forooshi Group,Purchasing Manager,100000004,Isfahan,7,5e175b66-4b87-459f-b0cd-7f05ea87855e,8208fd42-209c-44a5-931e-1d4d9abc9859,100000006,80.0,,9132b63e-f162-47e4-a9c3-49e03602f8ac,2025-10-19T06:33:00Z,2025-10-23T09:05:00Z,2,5,
6e5fbf71-9749-42b0-b1ad-e82ad05cc78d,"Rebar, 65 t - Helia Metal Center Group",Helia Metal Center Group,Site Engineer,100000004,Hormozgan,7,5e175b66-4b87-459f-b0cd-7f05ea87855e,354f184e-5739-4b03-90e9-4dce6241cba3,100000000,50.0,3e9639ba-0ed2-4c9d-bd17-5712d8b22277,e27a984d-6548-41d0-bfcd-9eb1a7cad415,2025-10-23T08:10:00Z,2025-10-28T04:37:00Z,1,3,45314a6d-3b79-4324-98c5-8aecca32007e
ab6b3f08-a9a0-44ef-ac4f-54163c749c16,"Wire Rod, 140 t - Taban Foolad Trading Co.",Taban Foolad Trading Co.,Purchasing Manager,100000004,East Azerbaijan,7,5e175b66-4b87-459f-b0cd-7f05ea87855e,b1b2b5f8-8b66-4d1f-979a-7954c98e3f5b,100000006,160.0,,beb79919-3f22-4af8-a3be-d01d43cf2fde,2025-10-21T07:15:00Z,2025-10-26T04:52:00Z,2,6,
534bfa86-7681-4ad7-9898-6758979800c3,"Rebar, 185 t - Arman Rail & Road Projects Co.",Arman Rail & Road Projects Co.,Purchasing Manager,100000005,Hormozgan,7,5e175b66-4b87-459f-b0cd-7f05ea87855e,1d444351-7c93-4dc3-9635-212d92fe00e8,100000000,265.0,,e27a984d-6548-41d0-bfcd-9eb1a7cad415,2025-10-20T10:58:00Z,2025-10-23T11:16:00Z,2,6,
7279101c-93f3-403d-9d96-232d63d5e750,"Rebar, 220 t - Orang Builders Group",Orang Builders Group,Purchasing Manager,100000000,Khorasan Razavi,7,5e175b66-4b87-459f-b0cd-7f05ea87855e,4a9ff50e-8800-41b6-b3f6-21a826330c43,100000000,220.0,16591c89-21eb-4aa9-9a2b-d69c450f69ee,24933b83-7577-40a9-a491-f0b2ea1fca65,2025-10-20T04:35:00Z,2025-10-25T09:37:00Z,1,3,598c94c7-5ae1-4b92-a4af-2b965cfe6ec1
8f5e248e-b40f-440e-8037-447f0d99c071,"Rebar, 405 t - Ilia Urban Infrastructure Group",Ilia Urban Infrastructure Group,Site Engineer,100000005,Isfahan,7,5e175b66-4b87-459f-b0cd-7f05ea87855e,f7c8435f-8c83-4c68-a6ac-e59a5e85643c,100000000,485.0,9714fadc-b3c4-4030-ae84-e8323c38c3f0,9132b63e-f162-47e4-a9c3-49e03602f8ac,2025-10-23T12:53:00Z,2025-10-25T11:01:00Z,1,3,1872d5cf-8027-4be6-a72b-f8c1242b6794
8e301bcc-302f-4247-a39a-046d79912c51,"Hot-Rolled Sheet, 155 t - Tarava Pipe Works Group",Tarava Pipe Works Group,Procurement Lead,100000002,Isfahan,7,5e175b66-4b87-459f-b0cd-7f05ea87855e,2c649adf-a998-48e1-b612-41be8b8ce7be,100000002,180.0,3be79df4-72ec-416e-88a7-23e9bfa016c2,9132b63e-f162-47e4-a9c3-49e03602f8ac,2025-10-23T06:26:00Z,2025-10-27T11:41:00Z,1,3,2e9bc45d-dd88-431a-920b-65702a878154
a5fcd671-125d-4206-82f8-65f8226001c6,"Wire Rod, 195 t - Zarrin Steel Merchants Co.",Zarrin Steel Merchants Co.,Procurement Lead,100000004,Tehran,7,5e175b66-4b87-459f-b0cd-7f05ea87855e,2023fd4b-ab89-436b-9f6b-9b3fff594778,100000006,135.0,,ce177b4e-0837-48a3-9261-a7ab3aa2e4f9,2025-10-21T06:30:00Z,2025-10-22T09:58:00Z,2,4,
948c7eb4-1cf8-470b-9e5b-2ad8b4732eb6,"Hot-Rolled Sheet, 65 t - Navid Builders Group",Navid Builders Group,Project Manager,100000000,Isfahan,7,5e175b66-4b87-459f-b0cd-7f05ea87855e,7bb775d4-9172-4023-89b1-85d6fa6d81ee,100000002,60.0,8456ce4f-7706-4136-8788-17ecc764032e,9132b63e-f162-47e4-a9c3-49e03602f8ac,2025-10-22T10:11:00Z,2025-10-25T09:12:00Z,1,3,8c63f503-49b2-448c-a15e-729e102925ea
ab310bfe-f5dd-4f92-a9ea-a9ffbddf2416,"Rebar, 40 t - Kavir Sabz Omran Co.",Kavir Sabz Omran Co.,Managing Director,100000000,Tehran,7,5e175b66-4b87-459f-b0cd-7f05ea87855e,a1731ed8-78f2-461c-bec7-7a8f16a46b83,100000000,35.0,,5304317f-af42-412f-b838-b3268e944239,2025-10-21T12:28:00Z,2025-10-23T08:33:00Z,2,5,
92ef63c1-781f-4d3f-a7f3-39dc833de3ad,"Galvanized Sheet, 105 t - Golestan Agri-Steel Co.",Golestan Agri-Steel Co.,Purchasing Manager,100000006,Isfahan,7,5e175b66-4b87-459f-b0cd-7f05ea87855e,743b9f71-7807-4947-82c2-b367c74d8df0,100000004,195.0,4b6c14e4-cc58-4b60-ba4e-8355f5e8a7e1,9132b63e-f162-47e4-a9c3-49e03602f8ac,2025-10-20T08:05:00Z,2025-10-23T08:33:00Z,1,3,ba5c614b-5142-4722-bb43-8b28b6e3c816
42ac66dc-904f-4df7-88f7-2c2dba1ad160,"Galvanized Sheet, 30 t - Nasim Appliance Components Group",Nasim Appliance Components Group,Managing Director,100000003,Isfahan,7,5e175b66-4b87-459f-b0cd-7f05ea87855e,4dd7962b-bfda-45c9-98fe-b4f3ec40d95a,100000004,25.0,,10f1bc81-448a-4a9e-a6b2-bc5b50c187fc,2025-10-21T07:21:00Z,2025-10-25T09:17:00Z,2,5,
a8be6c80-26b0-42c9-bd2c-f4eb977e3f2c,"Hot-Rolled Sheet, 50 t - Yekta Fabrication Works Industries",Yekta Fabrication Works Industries,Procurement Lead,100000001,Tehran,7,5e175b66-4b87-459f-b0cd-7f05ea87855e,e8fe6095-2cb3-4e23-9a94-0c6c1c8e806b,100000002,55.0,3c775558-b365-4b7c-8853-bc5542e17302,0e51f30d-c6a7-4e39-84b0-32ccd7c524a5,2025-10-19T12:17:00Z,2025-10-23T08:18:00Z,1,3,54fd1c59-742e-4069-8457-7fb8e539aae8
987593c3-2523-42f6-b7a3-f6a6159b558b,"Beams & Sections, 110 t - Dena Steel Merchants Co.",Dena Steel Merchants Co.,Purchasing Manager,100000004,Khuzestan,7,5e175b66-4b87-459f-b0cd-7f05ea87855e,fbec1ed8-57c4-42c3-8878-9ef0dcacfa54,100000001,115.0,69b6f3b7-fe5b-4fc9-80b4-f6d67ef6775b,366eb16f-508e-4ad7-b7c9-3acfe059a0ee,2025-10-25T05:11:00Z,2025-11-01T06:05:00Z,1,3,42cdb371-d6e2-4074-8156-99ebf4573c64
0d722918-1db1-4e86-91cc-c8d3c1676505,"Rebar, 60 t - Sadaf Omran Group",Sadaf Omran Group,Managing Director,100000000,Khuzestan,7,5e175b66-4b87-459f-b0cd-7f05ea87855e,43af6c46-a46b-4932-8de8-4b635856e1fc,100000000,80.0,3bd13a43-8853-490b-ac26-4a0cc09f1c91,366eb16f-508e-4ad7-b7c9-3acfe059a0ee,2025-10-23T07:27:00Z,2025-10-28T10:00:00Z,1,3,8506bcd0-eb20-4090-976f-564aa725e6ea
9c48c830-6e89-44f4-9820-10d1f4c873a7,"Hot-Rolled Sheet, 45 t - Tarava Contracting Group",Tarava Contracting Group,Managing Director,100000000,Tehran,7,5e175b66-4b87-459f-b0cd-7f05ea87855e,5a947a40-a32e-4ab5-8802-d74aeaef2ec2,100000002,40.0,,5304317f-af42-412f-b838-b3268e944239,2025-10-21T05:49:00Z,2025-10-28T05:21:00Z,2,5,
958c9cfd-a783-4a8f-815e-38051928aae5,"Beams & Sections, 180 t - Sepehr Steel Trading Co.",Sepehr Steel Trading Co.,Supply Chain Manager,100000004,Tehran,7,5e175b66-4b87-459f-b0cd-7f05ea87855e,cd649aff-445f-4de1-8534-17b555c06c8e,100000001,130.0,ac00f929-bbfb-476c-bde6-67f9bfc46c0e,ce177b4e-0837-48a3-9261-a7ab3aa2e4f9,2025-10-21T12:38:00Z,2025-10-25T07:59:00Z,1,3,2514ca68-7856-4682-90f6-ccbb0ab9f72e
3781d306-d5e0-4664-a4db-04c8a8174c85,"Rebar, 20 t - Rastin Omran Group",Rastin Omran Group,Project Manager,100000000,Isfahan,7,5e175b66-4b87-459f-b0cd-7f05ea87855e,98197749-f041-44f7-8e8f-d00b178976de,100000000,20.0,a5dd2836-e65f-49fa-838c-2eafa8097a77,9132b63e-f162-47e4-a9c3-49e03602f8ac,2025-10-25T06:00:00Z,2025-10-27T11:18:00Z,1,3,1d0c6c18-0a6d-401b-88c9-c84b72ca6585
46fc4ff2-12f1-48bd-87de-01a929769b0f,"Rebar, 60 t - Raman Omran Co.",Raman Omran Co.,Site Engineer,100000000,Tehran,7,5e175b66-4b87-459f-b0cd-7f05ea87855e,41e0cfaf-52ca-4ced-8526-8f0fc516e394,100000000,50.0,286ed390-edd9-4a1a-ba58-5b278ce3e7c3,5304317f-af42-412f-b838-b3268e944239,2025-10-25T05:53:00Z,2025-11-01T06:08:00Z,2,6,
2d8cc973-43c1-436c-9013-b7a3f4a29332,"Wire Rod, 90 t - Laleh Metals Supply Co.",Laleh Metals Supply Co.,Site Engineer,100000004,Tehran,7,5e175b66-4b87-459f-b0cd-7f05ea87855e,421becca-0f60-40f3-bef7-24105528dc45,100000006,100.0,,ce177b4e-0837-48a3-9261-a7ab3aa2e4f9,2025-10-20T04:32:00Z,2025-10-26T06:30:00Z,2,7,
6e66a273-c4ca-40d7-8a66-de6724d4d5a3,"Rebar, 50 t - Mahan Fabrication Works Group",Mahan Fabrication Works Group,Purchasing Manager,100000001,Tehran,7,5e175b66-4b87-459f-b0cd-7f05ea87855e,1bc2197e-7df7-4791-a53e-62ba2dae62c0,100000000,65.0,c6f903cf-4027-4514-ba40-662f9243a301,0e51f30d-c6a7-4e39-84b0-32ccd7c524a5,2025-10-19T04:35:00Z,2025-10-23T10:21:00Z,1,3,54cb5255-8c4c-412f-83d8-aac926fa4004
00f2baa4-931b-4fae-a42e-3a16e79503fb,"Rebar, 30 t - Raman Abadgaran Industries",Raman Abadgaran Industries,Managing Director,100000000,East Azerbaijan,7,5e175b66-4b87-459f-b0cd-7f05ea87855e,546fcba3-b336-4143-a6cf-bf5144352e6f,100000000,35.0,,beb79919-3f22-4af8-a3be-d01d43cf2fde,2025-10-22T06:59:00Z,2025-10-23T06:43:00Z,2,4,
fdd99681-ef5e-4ca5-8909-b0039136e530,"Beams & Sections, 55 t - Kimia Construction Co.",Kimia Construction Co.,Procurement Lead,100000000,Khorasan Razavi,7,5e175b66-4b87-459f-b0cd-7f05ea87855e,1f0733df-7b68-4323-87a2-ee6fd166eb08,100000001,55.0,ff3c6d4e-a1dc-4cab-8e21-3ce5668eb10e,24933b83-7577-40a9-a491-f0b2ea1fca65,2025-10-20T06:41:00Z,2025-10-25T12:49:00Z,1,3,d3af3619-f36d-4a36-9af7-f22cd4d84d00
33ffb402-a5d5-4bf9-8a3a-bb3ac439dfcf,"Hot-Rolled Sheet, 145 t - Behsaz Builders Group",Behsaz Builders Group,Managing Director,100000000,Tehran,7,5e175b66-4b87-459f-b0cd-7f05ea87855e,c2ad0d97-75aa-4cb0-9757-ad381498d0dd,100000002,115.0,1b552618-e57e-42d3-a3dd-e733b225574e,b02b61c4-a3d7-4628-ace6-6fa2fd5166e6,2025-10-22T10:35:00Z,2025-10-26T09:00:00Z,1,3,63507836-28d6-492e-a19c-3c9da5316e09
7d283421-243f-45fe-bc47-16ad0970d09d,"Hot-Rolled Sheet, 15 t - Arvand Eskelet Felezi Ltd.",Arvand Eskelet Felezi Ltd.,Supply Chain Manager,100000001,Isfahan,7,5e175b66-4b87-459f-b0cd-7f05ea87855e,1270c935-ecc0-4aa6-bba4-f2ba94500024,100000002,15.0,3e20718a-0bb9-48f6-9e4d-a214eb034c4e,9132b63e-f162-47e4-a9c3-49e03602f8ac,2025-10-23T10:20:00Z,2025-10-25T10:48:00Z,1,3,99e235d4-a989-43f3-a34a-8573cb2428c2
e797f3ae-0cca-4c05-a1f6-19ed2c1882c9,"Hot-Rolled Sheet, 25 t - Dena Steel Structures Co.",Dena Steel Structures Co.,Supply Chain Manager,100000001,Isfahan,7,5e175b66-4b87-459f-b0cd-7f05ea87855e,03ad702e-216a-4bcf-a616-dde4b388300a,100000002,20.0,,9132b63e-f162-47e4-a9c3-49e03602f8ac,2025-10-22T07:41:00Z,2025-10-27T05:31:00Z,2,4,
bce8e033-fb70-4bf3-95fd-46d7cfbfd796,"Hot-Rolled Sheet, 55 t - Kimia Pipe & Profile Industries",Kimia Pipe & Profile Industries,Project Manager,100000002,Alborz,7,5e175b66-4b87-459f-b0cd-7f05ea87855e,565c1e3f-6d1c-41d6-b3e0-4a38cdf0aaba,100000002,45.0,0bab8f53-c3a4-404f-b696-5c84cb08b605,0e51f30d-c6a7-4e39-84b0-32ccd7c524a5,2025-10-19T05:48:00Z,2025-10-26T09:40:00Z,1,3,fcf06884-f212-42b2-b2d6-040a8e9bc438
5eb38ef5-b240-40ca-ab05-61676a478ddf,"Beams & Sections, 50 t - Rahyab Abadgaran Co.",Rahyab Abadgaran Co.,Managing Director,100000000,Khorasan Razavi,7,5e175b66-4b87-459f-b0cd-7f05ea87855e,c1eecd7a-2428-485a-861d-e0171ee92d3b,100000001,55.0,,24933b83-7577-40a9-a491-f0b2ea1fca65,2025-10-21T12:54:00Z,2025-10-25T05:37:00Z,2,6,
97feb937-a6d9-47a1-b4ec-fe8d16d1f5ca,"Rebar, 525 t - Karun Rail & Road Projects Industries",Karun Rail & Road Projects Industries,Purchasing Manager,100000005,Khuzestan,7,5e175b66-4b87-459f-b0cd-7f05ea87855e,ed174fdd-2dee-403e-81d9-6e9601a02047,100000000,565.0,79dbf407-c5c6-4b7d-8ad0-4982ceb28a32,366eb16f-508e-4ad7-b7c9-3acfe059a0ee,2025-10-21T09:12:00Z,2025-10-25T07:56:00Z,1,3,e69728df-12f1-4feb-bfd6-c3d422ecc266
734eab10-85e9-454f-855c-f668a3cb9e18,"Cold-Rolled Sheet, 100 t - Nasim Profile Works Industries",Nasim Profile Works Industries,Procurement Lead,100000002,Isfahan,7,5e175b66-4b87-459f-b0cd-7f05ea87855e,24a167fd-34c6-4a9b-a07c-0594b13e655f,100000003,100.0,,9132b63e-f162-47e4-a9c3-49e03602f8ac,2025-10-20T11:07:00Z,2025-10-25T09:53:00Z,2,7,
6b358d15-590c-4e67-8d1b-6d80c8575c8a,"Beams & Sections, 325 t - Elham Ahan Forooshi Co.",Elham Ahan Forooshi Co.,Managing Director,100000004,Mazandaran,7,5e175b66-4b87-459f-b0cd-7f05ea87855e,d3946dc7-a08f-41c6-9688-8e84f346bbe7,100000001,365.0,dcdbf14e-5ca5-4057-9e71-9a56187ebca4,0e51f30d-c6a7-4e39-84b0-32ccd7c524a5,2025-10-25T06:53:00Z,2025-10-28T12:06:00Z,1,3,0ed20759-07c4-49b4-af0f-4ceabcb93301
28e60130-2d23-4ed1-bf5d-21f279731ea8,"Galvanized Sheet, 40 t - Chakad Greenhouse Structures Ltd.",Chakad Greenhouse Structures Ltd.,Supply Chain Manager,100000006,Isfahan,7,5e175b66-4b87-459f-b0cd-7f05ea87855e,e9570a2a-f7f4-4477-9802-13baaf6c2278,100000004,40.0,74017bb3-c227-4738-a3dc-419dce1e8d1f,10f1bc81-448a-4a9e-a6b2-bc5b50c187fc,2025-10-22T05:11:00Z,2025-10-26T09:35:00Z,1,3,9d505d72-d1ed-406f-8594-f46ea8a038b2
3c3c9c08-e523-48a9-9223-d9061db67101,"Beams & Sections, 240 t - Zarrin Sazeh Industries",Zarrin Sazeh Industries,Purchasing Manager,100000000,Alborz,7,5e175b66-4b87-459f-b0cd-7f05ea87855e,83d0bae7-7c2c-4bcf-8770-d18fc9160147,100000001,245.0,bf4113cb-32e1-4f17-ab47-ed615372ebed,5304317f-af42-412f-b838-b3268e944239,2025-10-23T05:24:00Z,2025-10-30T09:29:00Z,1,3,d8b16367-52de-4556-9a04-17d6fef6968e
e43081aa-6022-43ff-b330-4e33deb0de7d,"Rebar, 100 t - Negin Abadgaran Group",Negin Abadgaran Group,Procurement Lead,100000000,Hormozgan,7,5e175b66-4b87-459f-b0cd-7f05ea87855e,699fdb02-bcdd-4b48-bcb3-c9fa191abb3d,100000000,120.0,,e27a984d-6548-41d0-bfcd-9eb1a7cad415,2025-10-22T07:46:00Z,2025-10-27T08:45:00Z,2,5,
5f9cb7e0-6328-443e-ad95-63ed747a4829,"Beams & Sections, 275 t - Mahan Rail & Road Projects Co.",Mahan Rail & Road Projects Co.,Purchasing Manager,100000005,Khuzestan,7,5e175b66-4b87-459f-b0cd-7f05ea87855e,9c03d65c-ed8a-428c-b756-999b251adf0e,100000001,215.0,47d5ac92-0f45-45da-9194-1591b134b58f,366eb16f-508e-4ad7-b7c9-3acfe059a0ee,2025-10-20T08:09:00Z,2025-10-26T07:41:00Z,1,3,05d7a18f-e829-455a-9519-6e3b2ff01241
4b8fb475-e2eb-42d2-b848-52b657f498e0,"Galvanized Sheet, 80 t - Golestan Tube Mills Industries",Golestan Tube Mills Industries,Site Engineer,100000002,Mazandaran,7,5e175b66-4b87-459f-b0cd-7f05ea87855e,c2a59d7b-2bd3-4971-ab10-b78675656daf,100000004,95.0,,0e51f30d-c6a7-4e39-84b0-32ccd7c524a5,2025-10-19T06:12:00Z,2025-10-25T12:29:00Z,2,4,
dcb913b4-7d3d-46ca-8592-a38fdb62a1f7,"Rebar, 95 t - Rahyab Dam & Water Works Industries",Rahyab Dam & Water Works Industries,Project Manager,100000005,Alborz,7,5e175b66-4b87-459f-b0cd-7f05ea87855e,6964eb16-1623-4e87-bacd-c514dae18b28,100000000,155.0,6a36af18-06d3-4b93-ae33-688d597e6845,ce177b4e-0837-48a3-9261-a7ab3aa2e4f9,2025-10-21T09:20:00Z,2025-10-25T07:12:00Z,1,3,d66aac3f-4edc-4550-8bb0-ed44a5d08e8a
fdc419b2-0a41-4919-8b52-46f3faed5777,"Pipes & Profiles, 195 t - Atlas Contracting Co.",Atlas Contracting Co.,Purchasing Manager,100000000,Hormozgan,7,5e175b66-4b87-459f-b0cd-7f05ea87855e,6af31899-014c-43a1-a5f3-d46692de0df8,100000005,160.0,7ecb002e-73d3-428c-9916-79d3d24025ea,e27a984d-6548-41d0-bfcd-9eb1a7cad415,2025-10-21T05:07:00Z,2025-10-23T09:27:00Z,1,3,10593602-b47f-4245-adff-75792ec694f6
75938f5a-b40b-4353-a96b-e9034e09c596,"Beams & Sections, 60 t - Iman Steel Structures Co.",Iman Steel Structures Co.,Site Engineer,100000001,Alborz,7,5e175b66-4b87-459f-b0cd-7f05ea87855e,ab45eaf0-7ad3-4e2a-8413-ffc7173a0c96,100000001,75.0,76b90472-7470-424c-b9f6-b641063ff61e,5304317f-af42-412f-b838-b3268e944239,2025-10-21T11:12:00Z,2025-10-23T11:42:00Z,1,3,dcb01fcd-f2e0-4882-8e63-3c1f0579dfc8
b0d508a9-e4b8-4e89-a287-729e12194d94,"Pipes & Profiles, 25 t - Vista Greenhouse Structures Co.",Vista Greenhouse Structures Co.,Site Engineer,100000006,Tehran,7,5e175b66-4b87-459f-b0cd-7f05ea87855e,a0970ff4-dc42-4980-8059-5e29a226a75b,100000005,30.0,af4637b3-c9a6-4c37-b507-8c5dcb62f5b6,0e51f30d-c6a7-4e39-84b0-32ccd7c524a5,2025-10-21T10:17:00Z,2025-10-23T08:31:00Z,1,3,4d65bcea-2269-41eb-a01c-56e26b813e22
5d2e7b90-acb6-4e81-a8f6-0796f200a32c,"Beams & Sections, 75 t - Kavir Sabz Fabrication Works Co.",Kavir Sabz Fabrication Works Co.,Procurement Lead,100000001,Khuzestan,7,5e175b66-4b87-459f-b0cd-7f05ea87855e,83c5c510-0e08-4343-aea7-7ea8bc5ad195,100000001,80.0,a5eea4a2-2cde-431f-9dce-8d9b5d96120d,366eb16f-508e-4ad7-b7c9-3acfe059a0ee,2025-10-22T13:25:00Z,2025-10-25T06:48:00Z,1,3,d248da85-3717-4dab-9a5b-b9a504877642
236e9007-3468-4b6e-8609-0b78b5971e43,"Beams & Sections, 40 t - Vista Eskelet Felezi Industries",Vista Eskelet Felezi Industries,Site Engineer,100000001,Tehran,7,5e175b66-4b87-459f-b0cd-7f05ea87855e,8f8dd995-1127-4cb2-b472-99b68f0ce422,100000001,40.0,df02774d-9482-442f-8095-3c13f06bffa4,b02b61c4-a3d7-4628-ace6-6fa2fd5166e6,2025-10-22T12:20:00Z,2025-10-26T08:10:00Z,1,3,c8511e32-9245-4222-88c0-0d79319a0c35
73d12f3e-5860-44f4-9f70-b9511038f676,"Pipes & Profiles, 115 t - Sabalan Sazeh Ltd.",Sabalan Sazeh Ltd.,Procurement Lead,100000000,Tehran,7,5e175b66-4b87-459f-b0cd-7f05ea87855e,0df1172a-46f2-4f38-ac45-1540ae2356f3,100000005,110.0,5e3ece60-9ef6-499f-b3b4-daf34ad1d634,0e51f30d-c6a7-4e39-84b0-32ccd7c524a5,2025-10-21T07:18:00Z,2025-10-25T07:11:00Z,1,3,7ed7a9ea-6f13-4776-bbd5-8ac59d33cbf6
6403c4bc-1486-4c2d-9659-ddcc75373d14,"Cold-Rolled Sheet, 15 t - Sadaf Appliance Components Group",Sadaf Appliance Components Group,Purchasing Manager,100000003,Tehran,7,5e175b66-4b87-459f-b0cd-7f05ea87855e,e24c724b-e453-44c2-b037-f0b710ccf85f,100000003,15.0,,5304317f-af42-412f-b838-b3268e944239,2025-10-23T07:30:00Z,2025-11-02T06:58:00Z,2,4,
aeb1fcd3-f836-4a87-aaa2-25714b0d2716,"Hot-Rolled Sheet, 65 t - Vista Fabrication Works Group",Vista Fabrication Works Group,Supply Chain Manager,100000001,Alborz,7,5e175b66-4b87-459f-b0cd-7f05ea87855e,05cf079e-a095-4c4d-b3bd-2348854bc8fa,100000002,65.0,27aa7cbc-2337-4bbc-bffe-77c839feb99c,0e51f30d-c6a7-4e39-84b0-32ccd7c524a5,2025-10-20T11:20:00Z,2025-10-26T06:16:00Z,1,3,3ed1ad49-3ff8-4ab9-96e1-c50a83464c9d
cd4f2875-df2d-4f20-85a4-3113101d759e,"Beams & Sections, 145 t - Sahand Abadgaran Ltd.",Sahand Abadgaran Ltd.,Purchasing Manager,100000000,Khuzestan,7,5e175b66-4b87-459f-b0cd-7f05ea87855e,3066478c-4aa0-4842-857f-dd20a50a0a29,100000001,120.0,c96d525e-a563-4cf4-a7df-eb9257c13f7e,366eb16f-508e-4ad7-b7c9-3acfe059a0ee,2025-10-25T05:01:00Z,2025-11-03T07:02:00Z,1,3,780764ed-8336-4449-a992-45585dac7cae
8c68720e-d787-463d-87b8-f95cb265a6c2,"Beams & Sections, 185 t - Dena Steel Depot Co.",Dena Steel Depot Co.,Procurement Lead,100000004,Fars,7,5e175b66-4b87-459f-b0cd-7f05ea87855e,aa757eeb-97e6-42d6-bc74-38955388d128,100000001,160.0,,e27a984d-6548-41d0-bfcd-9eb1a7cad415,2025-10-23T13:28:00Z,2025-10-25T11:11:00Z,2,6,
f4ca6e70-74b7-49ec-88cd-42c05a66219e,"Rebar, 245 t - Persis Iron & Steel Supply Group",Persis Iron & Steel Supply Group,Procurement Lead,100000004,Tehran,7,5e175b66-4b87-459f-b0cd-7f05ea87855e,25f98046-0c1d-480e-9873-9636c50e5194,100000000,245.0,cb618d75-aa96-4dfb-a79b-265ab15f3994,ce177b4e-0837-48a3-9261-a7ab3aa2e4f9,2025-10-20T06:04:00Z,2025-10-23T12:45:00Z,1,3,2f289654-ef43-4f20-8f09-47c5d25d5ca7
931414e8-510e-441f-be67-e8e90a88e6ca,"Hot-Rolled Sheet, 10 t - Ava Fabrication Works Industries",Ava Fabrication Works Industries,Site Engineer,100000001,Alborz,7,5e175b66-4b87-459f-b0cd-7f05ea87855e,1dee4b6d-3ce7-4d1e-a947-fd26274ac7a7,100000002,10.0,,b02b61c4-a3d7-4628-ace6-6fa2fd5166e6,2025-10-25T10:28:00Z,2025-10-27T04:47:00Z,2,4,
fa5fafdb-5123-49fa-aa61-b32f08e1624e,"Hot-Rolled Sheet, 500 t - Atlas Tube Mills Ltd.",Atlas Tube Mills Ltd.,Procurement Lead,100000002,Khorasan Razavi,7,5e175b66-4b87-459f-b0cd-7f05ea87855e,b506c24d-8fff-49f7-b485-0fcd2f3b2b18,100000002,880.0,06617f95-eba1-4fa8-9f19-f85b4d330569,24933b83-7577-40a9-a491-f0b2ea1fca65,2025-10-21T05:42:00Z,2025-10-26T12:10:00Z,1,3,3f1445e1-d75e-4e94-b062-98fe23f26d65
ed850a6d-7542-4851-b2a2-4da42537e0d6,"Pipes & Profiles, 75 t - Farazan Sakhteman Co.",Farazan Sakhteman Co.,Procurement Lead,100000000,Alborz,7,5e175b66-4b87-459f-b0cd-7f05ea87855e,c4bd9b59-7fd9-496f-ae5a-88566791659c,100000005,60.0,4ba99d78-b498-45d0-a5b1-c79954cecee7,0e51f30d-c6a7-4e39-84b0-32ccd7c524a5,2025-10-25T08:02:00Z,2025-10-29T05:50:00Z,1,3,7d484435-98e4-4f1a-84f5-42a38716cc42
ccb1063d-25a7-4338-aab9-278d92dfcf99,"Hot-Rolled Sheet, 105 t - Negin Steel Depot Ltd.",Negin Steel Depot Ltd.,Purchasing Manager,100000004,Tehran,7,5e175b66-4b87-459f-b0cd-7f05ea87855e,fe7b178d-fb0e-4c28-8110-bcfef1aa9ba0,100000002,145.0,,ce177b4e-0837-48a3-9261-a7ab3aa2e4f9,2025-10-22T12:09:00Z,2025-10-26T12:00:00Z,2,5,
9e15ebcc-66d1-47f6-8659-010a4ede79b6,"Galvanized Sheet, 75 t - Omid Golkhaneh Sazan Group",Omid Golkhaneh Sazan Group,Supply Chain Manager,100000006,Hormozgan,7,5e175b66-4b87-459f-b0cd-7f05ea87855e,1deb979d-8d0b-46d7-ad91-f45623b13ebd,100000004,95.0,9bafcc20-0e16-4f3f-938c-c0ca17acd7e9,e27a984d-6548-41d0-bfcd-9eb1a7cad415,2025-10-22T05:22:00Z,2025-10-25T07:21:00Z,1,3,b41e70e8-5a1a-4a61-9e1e-20171e43d2b9
7d8f2350-31c7-4a44-a4f8-f226830481c2,"Hot-Rolled Sheet, 70 t - Behsaz Eskelet Felezi Industries",Behsaz Eskelet Felezi Industries,Managing Director,100000001,Khuzestan,7,5e175b66-4b87-459f-b0cd-7f05ea87855e,f9d09e26-165e-45b5-b526-d3b0abeb35d1,100000002,75.0,b74966cb-25df-48fa-a5c6-5c7b5c6ebf5a,366eb16f-508e-4ad7-b7c9-3acfe059a0ee,2025-10-23T13:01:00Z,2025-10-25T13:11:00Z,1,3,af56b50c-80fc-4e83-8abf-977905c674db
584cb0f7-48de-48be-831e-ef965f71dcc4,"Pipes & Profiles, 15 t - Yekta Agri-Steel Co.",Yekta Agri-Steel Co.,Site Engineer,100000006,Khorasan Razavi,7,5e175b66-4b87-459f-b0cd-7f05ea87855e,62d846d0-5ea0-41cd-ad79-d8bfda92e740,100000005,15.0,7147f758-cdbe-4548-aa65-66e8fe1ad905,24933b83-7577-40a9-a491-f0b2ea1fca65,2025-10-21T12:46:00Z,2025-10-23T08:06:00Z,1,3,04a8b114-c07b-4191-b6b1-b9ed24ec8ee8
ba85e403-6c80-444b-a5d1-36e2f8698e93,"Rebar, 155 t - Zagros Iron & Steel Supply Ltd.",Zagros Iron & Steel Supply Ltd.,Project Manager,100000004,Tehran,7,5e175b66-4b87-459f-b0cd-7f05ea87855e,ba5e4066-ce40-424a-a9ee-29f449e3eb48,100000000,130.0,fd06a179-7980-4efa-8da0-8e483531518a,0e51f30d-c6a7-4e39-84b0-32ccd7c524a5,2025-10-22T07:13:00Z,2025-10-27T13:28:00Z,1,3,d2d6ad6d-e5b8-41f8-aec5-1d2a91ef67f2
9736bb4f-f5c8-4e3c-aee3-1d4710ecf6ae,"Pipes & Profiles, 190 t - Mahan Ahan Forooshi Group",Mahan Ahan Forooshi Group,Managing Director,100000004,East Azerbaijan,7,5e175b66-4b87-459f-b0cd-7f05ea87855e,55dddf38-fc94-44ae-867a-211ade162c17,100000005,145.0,ea350f17-c157-4761-9162-f6dbb5d2bf7f,beb79919-3f22-4af8-a3be-d01d43cf2fde,2025-10-22T12:50:00Z,2025-10-25T07:13:00Z,1,3,6b267371-5b26-45b8-a30d-56d15d274d4f
7d9704fe-8dca-4908-8a1a-421961bba5fb,"Pipes & Profiles, 325 t - Rastin Metals Supply Co.",Rastin Metals Supply Co.,Managing Director,100000004,Alborz,7,5e175b66-4b87-459f-b0cd-7f05ea87855e,d5108bc0-2f9e-4ddb-b302-8b32230da680,100000005,190.0,397a284f-76a4-479b-bd67-34588f2d0b17,ce177b4e-0837-48a3-9261-a7ab3aa2e4f9,2025-10-20T05:40:00Z,2025-10-22T07:28:00Z,1,3,d31740a5-179e-4b03-bc25-797e6a05be46
e8239943-7dec-4605-adeb-57f96acac954,"Hot-Rolled Sheet, 60 t - Negin Eskelet Felezi Industries",Negin Eskelet Felezi Industries,Supply Chain Manager,100000001,Isfahan,7,5e175b66-4b87-459f-b0cd-7f05ea87855e,49a5fd0d-e487-4ab3-aa79-4de7a7604977,100000002,85.0,,9132b63e-f162-47e4-a9c3-49e03602f8ac,2025-10-23T13:00:00Z,2025-10-28T09:53:00Z,2,5,
7b011fdd-94c0-49e0-9c9c-4570bedd62a7,"Hot-Rolled Sheet, 160 t - Hirad Loleh Sazi Co.",Hirad Loleh Sazi Co.,Site Engineer,100000002,Khorasan Razavi,7,5e175b66-4b87-459f-b0cd-7f05ea87855e,9950f11a-1114-40da-b87a-e6defe8c9aab,100000002,275.0,,24933b83-7577-40a9-a491-f0b2ea1fca65,2025-10-19T10:24:00Z,2025-10-25T11:08:00Z,2,5,
5f8a2e3c-1e9d-495b-917a-d9bdb1ba0bea,"Beams & Sections, 515 t - Hamoon Urban Infrastructure Group",Hamoon Urban Infrastructure Group,Managing Director,100000005,Khorasan Razavi,7,5e175b66-4b87-459f-b0cd-7f05ea87855e,f9690579-79dd-4dd4-af97-fbd2a0c45942,100000001,460.0,5b7d9d2d-22af-4503-b17a-ff6de0d96670,24933b83-7577-40a9-a491-f0b2ea1fca65,2025-10-23T06:37:00Z,2025-10-26T09:49:00Z,1,3,74192c56-0375-4da8-9d5a-e17d428d92f6
13aae9c8-efb2-48fd-a391-ffdb8794ac7e,"Rebar, 155 t - Mahtab Metals Supply Ltd.",Mahtab Metals Supply Ltd.,Procurement Lead,100000004,Mazandaran,7,5e175b66-4b87-459f-b0cd-7f05ea87855e,4aaa7f99-4a34-441e-8c78-947b5b21c9f0,100000000,130.0,8c52d271-0a16-4e18-a90e-3e894b9c22f4,ce177b4e-0837-48a3-9261-a7ab3aa2e4f9,2025-10-25T04:48:00Z,2025-10-28T13:12:00Z,1,3,8dea3b01-3643-4719-bced-1d042fec3a93
5a0461c9-947d-4fcf-88cf-c53d188889ce,"Hot-Rolled Sheet, 295 t - Hirad Profile Works Industries",Hirad Profile Works Industries,Purchasing Manager,100000002,Fars,7,5e175b66-4b87-459f-b0cd-7f05ea87855e,5cce495d-b037-4c52-b2ad-ffa6af793d4a,100000002,220.0,,e27a984d-6548-41d0-bfcd-9eb1a7cad415,2025-10-23T06:10:00Z,2025-10-29T09:56:00Z,2,5,
21986e3c-d19f-4f31-9dd7-3f1f138ef8cc,"Galvanized Sheet, 60 t - Tarava Pipe Works Group",Tarava Pipe Works Group,Procurement Lead,100000002,Isfahan,7,5e175b66-4b87-459f-b0cd-7f05ea87855e,ea8104ad-75e2-42fa-aad7-34531d2cec89,100000004,50.0,3be79df4-72ec-416e-88a7-23e9bfa016c2,9132b63e-f162-47e4-a9c3-49e03602f8ac,2025-10-20T10:34:00Z,2025-10-22T12:21:00Z,2,5,
b1b9fd9d-db58-4dd9-a0f3-6e9238ec71aa,"Wire Rod, 130 t - Atlas Metal Center Group",Atlas Metal Center Group,Project Manager,100000004,Tehran,7,5e175b66-4b87-459f-b0cd-7f05ea87855e,1e5c5da8-d087-4dcb-be94-f1cb075cc8eb,100000006,140.0,04d07f29-13e6-45fd-9c99-d366c8b62c18,0e51f30d-c6a7-4e39-84b0-32ccd7c524a5,2025-10-23T11:37:00Z,2025-10-29T08:30:00Z,1,3,065309bf-32e4-4e4b-a57b-03bf658724d2
9a0f09e9-eb8b-4c11-9fb0-ef34c8497436,"Rebar, 40 t - Zagros Contracting Group",Zagros Contracting Group,Site Engineer,100000000,East Azerbaijan,7,5e175b66-4b87-459f-b0cd-7f05ea87855e,18b475b1-c12a-44f4-82a1-3629aae6f1a1,100000000,45.0,bf06d520-d88a-417b-a543-38df173d5030,beb79919-3f22-4af8-a3be-d01d43cf2fde,2025-10-21T06:55:00Z,2025-11-01T09:41:00Z,1,3,7b187acd-2a2c-43e8-972a-f9f24f0d4723
c363f61f-9400-4191-91d0-6bcd195efd72,"Pipes & Profiles, 20 t - Gilan Golkhaneh Sazan Industries",Gilan Golkhaneh Sazan Industries,Managing Director,100000006,Khuzestan,7,5e175b66-4b87-459f-b0cd-7f05ea87855e,117e894e-91fa-41c7-8141-bb373de814ac,100000005,20.0,2bf95861-4827-4440-b6d9-fe1731094211,366eb16f-508e-4ad7-b7c9-3acfe059a0ee,2025-10-22T04:55:00Z,2025-10-25T13:25:00Z,1,3,8d7a3812-9c4e-468e-a453-6ee5832abcee
b2b8d698-5dd0-455c-b986-f498b52f80c9,"Beams & Sections, 75 t - Ofogh Eskelet Felezi Ltd.",Ofogh Eskelet Felezi Ltd.,Purchasing Manager,100000001,Tehran,7,5e175b66-4b87-459f-b0cd-7f05ea87855e,d9ee9678-8112-40ff-aba4-646336c9b657,100000001,100.0,,5304317f-af42-412f-b838-b3268e944239,2025-10-22T07:57:00Z,2025-10-25T05:01:00Z,2,6,
850cddfd-1c3d-4e19-b745-55601fa54251,"Hot-Rolled Sheet, 95 t - Espadana Pipe & Profile Industries",Espadana Pipe & Profile Industries,Managing Director,100000002,Hormozgan,7,5e175b66-4b87-459f-b0cd-7f05ea87855e,5074ac13-fc0f-44cd-82eb-baa21ce370ed,100000002,105.0,6c21835d-d8e8-497c-a0a2-59014932936e,e27a984d-6548-41d0-bfcd-9eb1a7cad415,2025-10-23T09:13:00Z,2025-10-27T07:24:00Z,2,5,
afe2487f-4fdf-4f5d-bc75-ed5399b32070,"Pipes & Profiles, 335 t - Mahtab Ahan Forooshi Ltd.",Mahtab Ahan Forooshi Ltd.,Site Engineer,100000004,Isfahan,7,5e175b66-4b87-459f-b0cd-7f05ea87855e,74fa65ce-489a-427e-a281-03f01d9fff25,100000005,370.0,,9132b63e-f162-47e4-a9c3-49e03602f8ac,2025-10-23T10:17:00Z,2025-10-29T12:02:00Z,2,6,
ac95adb1-ffac-44fd-8345-eeda2de66d5b,"Pipes & Profiles, 360 t - Jahan Iron & Steel Supply Co.",Jahan Iron & Steel Supply Co.,Supply Chain Manager,100000004,Khorasan Razavi,7,5e175b66-4b87-459f-b0cd-7f05ea87855e,5e10a3a0-addb-4943-b067-ad8279c5f45a,100000005,295.0,,24933b83-7577-40a9-a491-f0b2ea1fca65,2025-10-19T08:53:00Z,2025-10-22T11:48:00Z,2,7,
65125d2e-24b3-4c8e-9e85-0f8015c2f297,"Galvanized Sheet, 35 t - Ava Greenhouse Structures Ltd.",Ava Greenhouse Structures Ltd.,Procurement Lead,100000006,East Azerbaijan,7,5e175b66-4b87-459f-b0cd-7f05ea87855e,ad3053ce-a896-4e70-85cd-338470249792,100000004,40.0,,beb79919-3f22-4af8-a3be-d01d43cf2fde,2025-10-23T12:44:00Z,2025-10-26T13:06:00Z,2,6,
6cb96a2c-d68e-41f0-bb9d-58321f6d5768,"Rebar, 175 t - Kian Foolad Trading Ltd.",Kian Foolad Trading Ltd.,Supply Chain Manager,100000004,Khorasan Razavi,7,5e175b66-4b87-459f-b0cd-7f05ea87855e,677f7c73-fd9b-4af3-9812-5123984f5a56,100000000,115.0,97f971d5-94f8-4e6c-8416-c07cb6a787b1,24933b83-7577-40a9-a491-f0b2ea1fca65,2025-10-22T09:22:00Z,2025-10-25T13:00:00Z,1,3,c5ea94c7-803b-47e7-ab6f-997ddff961c2
f33c4c36-9a69-4cad-aaab-583079cfc04f,"Beams & Sections, 410 t - Hirad Housing Development Group",Hirad Housing Development Group,Managing Director,100000005,Khorasan Razavi,7,5e175b66-4b87-459f-b0cd-7f05ea87855e,5b29317a-6675-45e2-b177-3294a4d21eae,100000001,395.0,,24933b83-7577-40a9-a491-f0b2ea1fca65,2025-10-21T11:01:00Z,2025-10-30T05:11:00Z,2,6,
7d457a09-402d-45e8-9f47-d9021ba84a91,"Hot-Rolled Sheet, 170 t - Jahan Loleh Sazi Co.",Jahan Loleh Sazi Co.,Purchasing Manager,100000002,Khorasan Razavi,7,5e175b66-4b87-459f-b0cd-7f05ea87855e,7462f144-c49b-4e62-a5ba-4f0347656069,100000002,145.0,7f85c4e7-1177-4f21-948f-5ba30d87bc72,24933b83-7577-40a9-a491-f0b2ea1fca65,2025-10-22T08:15:00Z,2025-10-25T12:27:00Z,1,3,79bcc938-efe8-4d94-a7a6-871dd122d40b
a93c9413-1396-4289-829a-988f18a95210,"Cold-Rolled Sheet, 75 t - Raman Press Works Ltd.",Raman Press Works Ltd.,Managing Director,100000003,Tehran,7,5e175b66-4b87-459f-b0cd-7f05ea87855e,9f8c2c51-9f39-46a5-8d81-31f52719bfdb,100000003,60.0,4b26f0a3-33b1-4ca4-b74d-34f5caf07226,0e51f30d-c6a7-4e39-84b0-32ccd7c524a5,2025-10-23T10:13:00Z,2025-10-25T13:11:00Z,1,3,b074dba9-a443-4c87-9ff8-05c5ac6bbaf7
04860bee-8bef-4a76-8a60-1b92dc137c04,"Rebar, 105 t - Shahab Steel Merchants Group",Shahab Steel Merchants Group,Managing Director,100000004,Tehran,7,5e175b66-4b87-459f-b0cd-7f05ea87855e,cf3a2f8d-57f7-41e3-8add-397642fc7edf,100000000,105.0,09360f02-75ac-4819-b14b-5c03605797cf,b02b61c4-a3d7-4628-ace6-6fa2fd5166e6,2025-10-22T12:53:00Z,2025-10-26T05:38:00Z,1,3,e0c8feae-9c28-46c4-bd0b-e862ce349cdf
e27bb6c4-4d94-4434-8785-9c05dc409942,"Hot-Rolled Sheet, 265 t - Sahand Iron & Steel Supply Group",Sahand Iron & Steel Supply Group,Managing Director,100000004,Mazandaran,7,5e175b66-4b87-459f-b0cd-7f05ea87855e,a8cf2936-8e81-42f0-ad47-4c4f08697ffa,100000002,270.0,8dc4c81f-a8fa-4904-bd94-ed9facce693e,ce177b4e-0837-48a3-9261-a7ab3aa2e4f9,2025-10-21T10:16:00Z,2025-10-26T09:47:00Z,1,3,b875a387-8658-4489-8f65-51758c820c63
0e737523-59ec-4846-a974-37ea5b7c57e8,"Rebar, 285 t - Elham Foolad Trading Co.",Elham Foolad Trading Co.,Project Manager,100000004,Fars,7,5e175b66-4b87-459f-b0cd-7f05ea87855e,fdf02450-585b-4b17-ad9b-1eb118ebeed7,100000000,240.0,,e27a984d-6548-41d0-bfcd-9eb1a7cad415,2025-10-22T06:18:00Z,2025-10-25T05:45:00Z,2,4,
528a34f3-63ea-40a1-9202-b09c60b36938,"Beams & Sections, 50 t - Bamdad Abadgaran Ltd.",Bamdad Abadgaran Ltd.,Procurement Lead,100000000,Khuzestan,7,5e175b66-4b87-459f-b0cd-7f05ea87855e,51071545-fc5b-44bd-85b1-49a096867676,100000001,40.0,,366eb16f-508e-4ad7-b7c9-3acfe059a0ee,2025-10-21T07:12:00Z,2025-10-25T05:30:00Z,2,7,
f82c6ad8-5d03-4a06-8cad-66c59d655c03,"Hot-Rolled Sheet, 100 t - Hamoon Profile Works Ltd.",Hamoon Profile Works Ltd.,Project Manager,100000002,Isfahan,7,5e175b66-4b87-459f-b0cd-7f05ea87855e,2aa814da-56ec-4e55-aad9-e93dc3d0bde3,100000002,95.0,f796611f-c7c1-4b1b-9d58-631b052226b9,9132b63e-f162-47e4-a9c3-49e03602f8ac,2025-10-21T05:16:00Z,2025-10-25T07:08:00Z,1,3,0032ef19-3a16-4059-bd21-a6c80891807e
94047909-d81c-41a0-b7bb-a2aa178a8c73,"Beams & Sections, 210 t - Parsian Steel Trading Ltd.",Parsian Steel Trading Ltd.,Site Engineer,100000004,Alborz,7,5e175b66-4b87-459f-b0cd-7f05ea87855e,f53ba020-be2d-48c8-9fe3-f82439d3a9cf,100000001,225.0,,b02b61c4-a3d7-4628-ace6-6fa2fd5166e6,2025-10-20T10:24:00Z,2025-10-27T07:04:00Z,2,7,
5037e669-8a3a-4129-a9d8-4c4f6ed338be,"Beams & Sections, 110 t - Aban Abadgaran Co.",Aban Abadgaran Co.,Purchasing Manager,100000000,Hormozgan,7,f5159494-3818-4fd3-b889-936a9d5817e8,4cc6d67e-cddb-4f9e-8130-0e684d45d885,100000001,90.0,,e27a984d-6548-41d0-bfcd-9eb1a7cad415,2026-05-11T13:20:00Z,2026-05-16T11:47:00Z,2,6,
4497734d-77a0-4a7f-b027-8488be015802,"Cold-Rolled Sheet, 55 t - Mehr Auto Parts Mfg.",Mehr Auto Parts Mfg.,Managing Director,100000003,Alborz,7,f5159494-3818-4fd3-b889-936a9d5817e8,d2eba277-f64d-4de0-a92a-988036841339,100000003,55.0,ba0371f9-90ed-41d3-af44-4cf56f089155,0e51f30d-c6a7-4e39-84b0-32ccd7c524a5,2026-05-14T13:26:00Z,2026-05-17T06:45:00Z,1,3,2605269b-3daf-44dc-bea5-d99c6b29d66f
afd5b90b-41a6-4c90-a91c-0da1a5630d3a,"Rebar, 160 t - Iranmehr Contracting Ltd.",Iranmehr Contracting Ltd.,Managing Director,100000000,Khorasan Razavi,7,f5159494-3818-4fd3-b889-936a9d5817e8,497bc13b-d2de-447d-8455-d60e69958fd1,100000000,110.0,,24933b83-7577-40a9-a491-f0b2ea1fca65,2026-05-11T10:18:00Z,2026-05-13T10:42:00Z,2,4,
8cfb137c-a89e-44df-871c-10aecdb4adab,"Galvanized Sheet, 45 t - Mehrgan Golkhaneh Sazan Co.",Mehrgan Golkhaneh Sazan Co.,Project Manager,100000006,Tehran,7,f5159494-3818-4fd3-b889-936a9d5817e8,ca27cd69-4226-4ba4-8775-d77822ed1e25,100000004,45.0,4c485cfc-9a02-40da-905c-1021157c6813,0e51f30d-c6a7-4e39-84b0-32ccd7c524a5,2026-05-14T08:20:00Z,2026-05-20T05:02:00Z,1,3,a2a442d4-2272-4ead-8422-aeca3dcddaf7
abf2b369-5d0a-46d3-a592-ee7c683199c6,"Rebar, 120 t - Kian Steel Depot Ltd.",Kian Steel Depot Ltd.,Site Engineer,100000004,Khorasan Razavi,7,f5159494-3818-4fd3-b889-936a9d5817e8,f480ada5-e68c-4348-9046-e3dfddfef849,100000000,125.0,1ee26f39-eed4-4b89-8010-4995bc06e86b,24933b83-7577-40a9-a491-f0b2ea1fca65,2026-05-16T12:03:00Z,2026-05-24T09:30:00Z,1,3,a1b7ede3-d0d3-4b1f-96ca-321d171849d1
171a8b65-e272-47ca-bf17-6b5540767e21,"Pipes & Profiles, 200 t - Mehrgan Steel Depot Co.",Mehrgan Steel Depot Co.,Project Manager,100000004,Khorasan Razavi,7,f5159494-3818-4fd3-b889-936a9d5817e8,867772d3-ee7a-4de6-866d-fe25f31dde25,100000005,190.0,20f0156a-1e6a-4628-9c6d-52d5ae2e9af9,24933b83-7577-40a9-a491-f0b2ea1fca65,2026-05-10T07:41:00Z,2026-05-14T09:45:00Z,1,3,393256bb-b13c-4eb0-9292-32baa597e8b8
ef7cef26-3c66-4012-be74-1860bf957403,"Rebar, 215 t - Alvand Construction Ltd.",Alvand Construction Ltd.,Site Engineer,100000000,Tehran,7,f5159494-3818-4fd3-b889-936a9d5817e8,ce4ba2bb-63d3-4e8e-bcbb-859a95966725,100000000,320.0,dce70289-411a-415b-a88b-4cfb708175fd,b02b61c4-a3d7-4628-ace6-6fa2fd5166e6,2026-05-14T07:30:00Z,2026-05-16T06:00:00Z,1,3,d40d37a7-1649-412c-ae65-04d243ab2c27
1ceb08fe-f2de-4798-b31a-25b55fecaa6e,"Hot-Rolled Sheet, 50 t - Tina Abadgaran Co.",Tina Abadgaran Co.,Supply Chain Manager,100000000,Isfahan,7,f5159494-3818-4fd3-b889-936a9d5817e8,88917cf5-7d88-43d2-8e51-208396e83922,100000002,50.0,,9132b63e-f162-47e4-a9c3-49e03602f8ac,2026-05-12T09:08:00Z,2026-05-18T10:33:00Z,2,6,
5e24296e-b736-4ad9-b9a8-226b5ced7017,"Rebar, 110 t - Nasim Contracting Industries",Nasim Contracting Industries,Site Engineer,100000000,Tehran,7,f5159494-3818-4fd3-b889-936a9d5817e8,2518ec09-efdd-4a87-88c6-21bee1228e75,100000000,115.0,2976aab2-2a26-4770-8ddb-1b36272c0588,5304317f-af42-412f-b838-b3268e944239,2026-05-13T05:29:00Z,2026-05-16T09:55:00Z,1,3,2cc6df71-8884-4c91-aed7-dee20bd43584
eade7b17-b0d0-40bd-8dff-01baf0db6ecb,"Rebar, 75 t - Orang Construction Industries",Orang Construction Industries,Supply Chain Manager,100000000,Isfahan,7,f5159494-3818-4fd3-b889-936a9d5817e8,cc876b1c-a987-499b-bd4c-938cd76ac5a8,100000000,105.0,88efe82b-1f3e-4a66-af6c-6f61cfefa2a2,9132b63e-f162-47e4-a9c3-49e03602f8ac,2026-05-13T11:51:00Z,2026-05-16T11:26:00Z,1,3,6687b7cf-c398-4efb-b72b-f20f64e77df4
f5f3943a-e8e7-4030-8203-83406372d635,"Beams & Sections, 80 t - Iranmehr Foolad Trading Co.",Iranmehr Foolad Trading Co.,Supply Chain Manager,100000004,Isfahan,7,f5159494-3818-4fd3-b889-936a9d5817e8,71414f58-db8e-435b-bc83-861eddf0a0a2,100000001,80.0,efb2d33c-171a-4532-8d07-018b416aa7f6,10f1bc81-448a-4a9e-a6b2-bc5b50c187fc,2026-05-14T08:52:00Z,2026-05-18T11:19:00Z,1,3,edae76c0-8ee7-4ceb-8afd-98e2d6cef5d9
eb25d7e7-e073-4c70-ac20-2d89b7a69c32,"Beams & Sections, 150 t - Tous Steel Structures Industries",Tous Steel Structures Industries,Site Engineer,100000001,Khuzestan,7,f5159494-3818-4fd3-b889-936a9d5817e8,552d4865-d756-4d35-ad2e-ebea69b7d533,100000001,140.0,10fd7164-819f-4393-82ce-ef41b2cfba8b,366eb16f-508e-4ad7-b7c9-3acfe059a0ee,2026-05-12T13:25:00Z,2026-05-16T05:31:00Z,1,3,4bd138d5-afc8-45f5-8229-8baee57eb75d
a41f0d38-ca80-4df8-b182-fcf2a151ed02,"Pipes & Profiles, 185 t - Tarava Ahan Bazar Group",Tarava Ahan Bazar Group,Site Engineer,100000004,Khuzestan,7,f5159494-3818-4fd3-b889-936a9d5817e8,2f098f4d-a43f-483a-a431-01e40d565923,100000005,145.0,,366eb16f-508e-4ad7-b7c9-3acfe059a0ee,2026-05-13T10:53:00Z,2026-05-16T06:06:00Z,2,6,
690a7b80-af8d-488d-9811-70c1d8d2660e,"Galvanized Sheet, 60 t - Pouya Greenhouse Structures Industries",Pouya Greenhouse Structures Industries,Site Engineer,100000006,Khuzestan,7,f5159494-3818-4fd3-b889-936a9d5817e8,214dc588-c35e-418a-a630-b287d4a39a51,100000004,50.0,4823debe-ccad-492e-93dc-4faed3a71b83,366eb16f-508e-4ad7-b7c9-3acfe059a0ee,2026-05-14T09:01:00Z,2026-05-16T12:29:00Z,1,3,097510f9-3f14-4ba8-8899-392e6499cdb0
430438b5-32c1-42f1-b661-7a3bf9606ca3,"Hot-Rolled Sheet, 115 t - Tirdad Profile Sazan Co.",Tirdad Profile Sazan Co.,Managing Director,100000002,Tehran,7,f5159494-3818-4fd3-b889-936a9d5817e8,16c72b1a-e826-4ac7-ba8c-8ed5a06aa68a,100000002,125.0,,0e51f30d-c6a7-4e39-84b0-32ccd7c524a5,2026-05-11T12:41:00Z,2026-05-16T05:39:00Z,2,4,
9136d4ad-f27e-4ce7-ab8d-2c495e3003e1,"Hot-Rolled Sheet, 185 t - Fardis Profile Works Group",Fardis Profile Works Group,Site Engineer,100000002,Isfahan,7,f5159494-3818-4fd3-b889-936a9d5817e8,f541a44e-16cc-4813-a635-53ba4299b351,100000002,155.0,,9132b63e-f162-47e4-a9c3-49e03602f8ac,2026-05-13T04:34:00Z,2026-05-16T05:48:00Z,2,6,
d03bcbfc-dca7-4284-b230-7c2230c7809b,"Beams & Sections, 75 t - Dena Builders Co.",Dena Builders Co.,Procurement Lead,100000000,East Azerbaijan,7,f5159494-3818-4fd3-b889-936a9d5817e8,340155bd-b6ac-4c8e-b977-c7b41e56d346,100000001,85.0,,beb79919-3f22-4af8-a3be-d01d43cf2fde,2026-05-11T10:30:00Z,2026-05-13T12:58:00Z,2,6,
372f5f47-999f-4691-b4e4-20bfdb38f306,"Rebar, 55 t - Varna Contracting Co.",Varna Contracting Co.,Project Manager,100000000,Alborz,7,f5159494-3818-4fd3-b889-936a9d5817e8,6e6a3d5b-2154-4e4a-a1cf-91fb7e81cdfa,100000000,100.0,e25df9a8-9ca8-45c4-a138-afe08d38bbd8,5304317f-af42-412f-b838-b3268e944239,2026-05-14T06:05:00Z,2026-05-18T07:27:00Z,2,4,
7808a004-02a4-48e1-95f2-f85a754a3e48,"Galvanized Sheet, 60 t - Pouya Appliance Components Group",Pouya Appliance Components Group,Procurement Lead,100000003,Tehran,7,f5159494-3818-4fd3-b889-936a9d5817e8,a5b13afd-af2c-40ac-9539-22c05ea0942c,100000004,75.0,,5304317f-af42-412f-b838-b3268e944239,2026-05-14T07:19:00Z,2026-05-17T11:26:00Z,2,6,
9b3b5b4c-ff2a-40c0-9ab3-83c9e88188c3,"Beams & Sections, 170 t - Omid Metals Supply Co.",Omid Metals Supply Co.,Purchasing Manager,100000004,Tehran,7,f5159494-3818-4fd3-b889-936a9d5817e8,788f06ed-3c1e-419b-ae5a-400755367ab6,100000001,130.0,,ce177b4e-0837-48a3-9261-a7ab3aa2e4f9,2026-05-10T12:58:00Z,2026-05-12T05:48:00Z,2,6,
21da5db1-5ef3-41c2-abd7-d3f1650ad9aa,"Beams & Sections, 185 t - Gilan Contracting Group",Gilan Contracting Group,Procurement Lead,100000000,East Azerbaijan,7,f5159494-3818-4fd3-b889-936a9d5817e8,fa3f012e-4d71-4f28-a185-21ab9ea1e617,100000001,120.0,,beb79919-3f22-4af8-a3be-d01d43cf2fde,2026-05-16T11:29:00Z,2026-05-20T11:44:00Z,2,4,
56d44952-ee29-480e-be2a-c03a80f58b81,"Beams & Sections, 210 t - Chakad Urban Infrastructure Industries",Chakad Urban Infrastructure Industries,Procurement Lead,100000005,Alborz,7,f5159494-3818-4fd3-b889-936a9d5817e8,2b7c5ee3-42a2-4950-adeb-5687949aca46,100000001,165.0,,b02b61c4-a3d7-4628-ace6-6fa2fd5166e6,2026-05-10T09:52:00Z,2026-05-12T08:14:00Z,2,4,
47efa886-d5b5-47b0-b92e-dfa1df266424,"Rebar, 110 t - Tina Urban Infrastructure Group",Tina Urban Infrastructure Group,Managing Director,100000005,Tehran,7,f5159494-3818-4fd3-b889-936a9d5817e8,7fcc4456-20bc-4fa0-ba80-10620b4e360a,100000000,120.0,4362262d-e07e-4721-a71d-6ba3486dce57,ce177b4e-0837-48a3-9261-a7ab3aa2e4f9,2026-05-10T13:18:00Z,2026-05-14T10:56:00Z,1,3,cf804a25-db7e-46d6-8e7d-e13ecc0f4f08
ec4014c6-da60-49f3-8e40-b29426b94955,"Hot-Rolled Sheet, 25 t - Arman Eskelet Felezi Group",Arman Eskelet Felezi Group,Managing Director,100000001,Khuzestan,7,f5159494-3818-4fd3-b889-936a9d5817e8,f33685da-c380-4b4a-bdc4-2f12fe9bd0e1,100000002,15.0,,366eb16f-508e-4ad7-b7c9-3acfe059a0ee,2026-05-11T06:58:00Z,2026-05-13T09:42:00Z,2,4,
7796048f-b4b9-4b73-a9de-bccc429e09bd,"Rebar, 40 t - Gohar Steel Structures Group",Gohar Steel Structures Group,Supply Chain Manager,100000001,Tehran,7,f5159494-3818-4fd3-b889-936a9d5817e8,7862246c-092e-44b7-aee2-59893ad82406,100000000,30.0,8f942977-b582-4f0c-bd23-36f45b44e6ed,b02b61c4-a3d7-4628-ace6-6fa2fd5166e6,2026-05-16T12:33:00Z,2026-05-21T07:43:00Z,1,3,e1b1b1fa-aef5-4b95-b3ad-b2b9083ad540
d5bf85f3-2e3f-474c-88bb-db12de4097c3,"Hot-Rolled Sheet, 120 t - Hoda Loleh Sazi Co.",Hoda Loleh Sazi Co.,Managing Director,100000002,Tehran,7,f5159494-3818-4fd3-b889-936a9d5817e8,3427e466-17f4-485d-997f-aaf01fa7cddf,100000002,120.0,,0e51f30d-c6a7-4e39-84b0-32ccd7c524a5,2026-05-12T13:13:00Z,2026-05-17T09:29:00Z,2,4,
5422ea97-e32a-4787-9824-6315ad49e072,"Beams & Sections, 90 t - Mahan Steel Structures Industries",Mahan Steel Structures Industries,Procurement Lead,100000001,Tehran,7,f5159494-3818-4fd3-b889-936a9d5817e8,7f843004-c4ac-41b5-bf04-2c7b13ab7d2c,100000001,100.0,076451d3-275d-4459-92d3-6897d6442365,b02b61c4-a3d7-4628-ace6-6fa2fd5166e6,2026-05-12T06:25:00Z,2026-05-17T05:24:00Z,1,3,fb5b170d-155b-4682-a00c-d16ed7fb4a5b
a0dbfca2-743c-4b6b-bad7-c891a8d791b6,"Hot-Rolled Sheet, 35 t - Mehr Eskelet Felezi Co.",Mehr Eskelet Felezi Co.,Managing Director,100000001,Tehran,7,f5159494-3818-4fd3-b889-936a9d5817e8,b52c4358-d4a8-445a-b5d1-d77614c08f6d,100000002,30.0,73fe7e1d-f36d-4b13-9f53-4d9aa7faf009,5304317f-af42-412f-b838-b3268e944239,2026-05-16T13:29:00Z,2026-05-19T06:55:00Z,1,3,f0156c23-8bb3-4909-9748-c6d1a3ab41ab
dcffd7b6-361c-4373-a11b-20eb91b45e06,"Hot-Rolled Sheet, 255 t - Mehrgan Profile Sazan Co.",Mehrgan Profile Sazan Co.,Procurement Lead,100000002,East Azerbaijan,7,f5159494-3818-4fd3-b889-936a9d5817e8,cc0a628b-f518-4923-a829-2e3bbbfc5dc1,100000002,345.0,,beb79919-3f22-4af8-a3be-d01d43cf2fde,2026-05-12T13:12:00Z,2026-05-18T07:41:00Z,2,5,
054046cc-16d5-4b84-a61f-7117dd926cbf,"Rebar, 105 t - Jahan Sazeh Ltd.",Jahan Sazeh Ltd.,Managing Director,100000000,Tehran,7,f5159494-3818-4fd3-b889-936a9d5817e8,c5583a17-f70d-48a0-bd75-e4232d921dab,100000000,195.0,,0e51f30d-c6a7-4e39-84b0-32ccd7c524a5,2026-05-14T05:16:00Z,2026-05-17T11:00:00Z,2,4,
ebf484d0-ce6d-49bf-bc63-3d6c6eaf0a90,"Cold-Rolled Sheet, 480 t - Behsaz Loleh Sazi Co.",Behsaz Loleh Sazi Co.,Site Engineer,100000002,Isfahan,7,f5159494-3818-4fd3-b889-936a9d5817e8,cd14eacb-7da8-4631-8c6d-8ddd1edfc59e,100000003,450.0,189ac35d-aa5f-49ca-9bea-530d219c00cb,9132b63e-f162-47e4-a9c3-49e03602f8ac,2026-05-13T05:50:00Z,2026-05-16T04:47:00Z,1,3,b518413d-fad5-4ec5-875b-ee372cfc4245
99afee64-9024-4225-84bb-10e079f7f38c,"Hot-Rolled Sheet, 55 t - Varna Steel Structures Group",Varna Steel Structures Group,Procurement Lead,100000001,Alborz,7,f5159494-3818-4fd3-b889-936a9d5817e8,6359d5ce-e2aa-4dc7-b208-838e7d57ef69,100000002,90.0,dd20c3bf-d342-4f08-8a8b-b5b490494583,5304317f-af42-412f-b838-b3268e944239,2026-05-13T07:36:00Z,2026-05-17T12:07:00Z,1,3,fbcf5e94-cfc5-4d9d-8631-df370ab7f011
77dd362b-4a6b-436b-957f-108b86514886,"Rebar, 120 t - Rahyab Builders Group",Rahyab Builders Group,Site Engineer,100000000,Khorasan Razavi,7,f5159494-3818-4fd3-b889-936a9d5817e8,a5b09024-a12a-4119-86fb-bcdb7ecd7062,100000000,90.0,,24933b83-7577-40a9-a491-f0b2ea1fca65,2026-05-13T11:13:00Z,2026-05-16T13:18:00Z,2,4,
b4522738-e073-49de-aa8f-7654155287c7,"Pipes & Profiles, 25 t - Rastin Agri-Steel Industries",Rastin Agri-Steel Industries,Procurement Lead,100000006,Tehran,7,f5159494-3818-4fd3-b889-936a9d5817e8,0b961346-6498-4a39-97c8-f02c2ea5312a,100000005,30.0,cf5c8dd3-df10-4434-ab09-6202f77aefe1,5304317f-af42-412f-b838-b3268e944239,2026-05-14T11:19:00Z,2026-05-17T06:07:00Z,1,3,8723bb11-ecf6-42ad-9b94-83f95e61c2f1
651a6277-017f-419f-8496-179588ccddbc,"Galvanized Sheet, 20 t - Tina Golkhaneh Sazan Co.",Tina Golkhaneh Sazan Co.,Site Engineer,100000006,Isfahan,7,f5159494-3818-4fd3-b889-936a9d5817e8,6f0d7229-1b38-4c72-ac64-8459df22367d,100000004,25.0,,9132b63e-f162-47e4-a9c3-49e03602f8ac,2026-05-12T04:40:00Z,2026-05-20T06:26:00Z,2,5,
9de2fd3f-f952-41e8-9029-733c9e55f98d,"Rebar, 100 t - Behsaz Sakhteman Co.",Behsaz Sakhteman Co.,Supply Chain Manager,100000000,Tehran,7,f5159494-3818-4fd3-b889-936a9d5817e8,4d844cb6-7c99-486e-b9d5-546c9a154b85,100000000,95.0,5e3ece60-9ef6-499f-b3b4-daf34ad1d634,0e51f30d-c6a7-4e39-84b0-32ccd7c524a5,2026-05-11T12:26:00Z,2026-05-13T11:41:00Z,2,6,
3de54ee2-a655-496c-a528-d32da60c2bed,"Hot-Rolled Sheet, 75 t - Saba Eskelet Felezi Industries",Saba Eskelet Felezi Industries,Site Engineer,100000001,Hormozgan,7,f5159494-3818-4fd3-b889-936a9d5817e8,7b2a7f10-3590-4039-86dd-5e19dbe83664,100000002,85.0,,e27a984d-6548-41d0-bfcd-9eb1a7cad415,2026-05-10T11:44:00Z,2026-05-14T06:52:00Z,2,4,
73137fa5-dc1b-4eb1-8506-536c78b3842a,"Rebar, 1110 t - Kavir Sabz Steel Depot Ltd.",Kavir Sabz Steel Depot Ltd.,Project Manager,100000004,Tehran,7,f5159494-3818-4fd3-b889-936a9d5817e8,7c2c0791-f6bf-4aa9-b1fc-f2e6b3dd7820,100000000,785.0,3c53090e-e1b4-4171-929d-674d798e175f,ce177b4e-0837-48a3-9261-a7ab3aa2e4f9,2026-05-11T12:53:00Z,2026-05-17T13:05:00Z,2,7,
bb27f6bc-9888-40d9-9423-251ebcb12a00,"Beams & Sections, 265 t - Mehr Ahan Forooshi Industries",Mehr Ahan Forooshi Industries,Site Engineer,100000004,Khuzestan,7,f5159494-3818-4fd3-b889-936a9d5817e8,7ee667de-d93e-4a4d-aa6a-642bfabfa7ef,100000001,225.0,,366eb16f-508e-4ad7-b7c9-3acfe059a0ee,2026-05-11T10:05:00Z,2026-05-16T12:18:00Z,2,4,
de1d4653-d112-4bb8-a7b2-df91adbd2e33,"Rebar, 50 t - Sadaf Abadgaran Co.",Sadaf Abadgaran Co.,Supply Chain Manager,100000000,Tehran,7,f5159494-3818-4fd3-b889-936a9d5817e8,ef6e9295-9c8a-4485-b980-50a6974e598d,100000000,80.0,4491be40-1042-4a8e-8da2-2a3950db8e34,0e51f30d-c6a7-4e39-84b0-32ccd7c524a5,2026-05-12T08:19:00Z,2026-05-18T05:37:00Z,1,3,8acdd8f1-af63-414d-ad48-ba52f41cc72a
72c573e9-58c5-4875-a56c-0a56f05ff9c3,"Rebar, 55 t - Iman Sakhteman Ltd.",Iman Sakhteman Ltd.,Managing Director,100000000,East Azerbaijan,7,f5159494-3818-4fd3-b889-936a9d5817e8,9f690cde-7eaa-4a91-9def-d401792cad76,100000000,50.0,af5a7636-e8b8-4252-9670-cd19383e69a4,beb79919-3f22-4af8-a3be-d01d43cf2fde,2026-05-12T06:51:00Z,2026-05-16T08:01:00Z,1,3,28bff850-d2b7-4773-815d-fcdec3445159
77ed78d9-a82e-4889-b717-4acfd7abed02,"Pipes & Profiles, 345 t - Negin Ahan Forooshi Co.",Negin Ahan Forooshi Co.,Purchasing Manager,100000004,Khuzestan,7,f5159494-3818-4fd3-b889-936a9d5817e8,da7bf28b-9a23-4be3-abf6-dd3256d2bb12,100000005,305.0,802b1bf4-b8ff-415c-9727-20fa73a27c7b,366eb16f-508e-4ad7-b7c9-3acfe059a0ee,2026-05-14T06:23:00Z,2026-05-23T10:42:00Z,1,3,dff735fa-6de0-484a-8b8c-990ec1589911
78ea47e2-cbc4-4d42-9c39-b57dbc0dbd13,"Galvanized Sheet, 30 t - Laleh Agri-Steel Group",Laleh Agri-Steel Group,Supply Chain Manager,100000006,Khorasan Razavi,7,f5159494-3818-4fd3-b889-936a9d5817e8,a70a409d-ac50-4260-b0f2-4933d544c79b,100000004,35.0,2804335a-3311-45e0-ac5c-ce54210c78d9,24933b83-7577-40a9-a491-f0b2ea1fca65,2026-05-11T06:56:00Z,2026-05-21T09:09:00Z,1,3,821c6173-563e-48c6-8a2f-9420dbae1c0b
dc05ae03-d3f4-41e7-acba-1bc6289a5e38,"Galvanized Sheet, 25 t - Arya Agri-Steel Ltd.",Arya Agri-Steel Ltd.,Purchasing Manager,100000006,East Azerbaijan,7,f5159494-3818-4fd3-b889-936a9d5817e8,ad4b24ec-5b67-4a25-82c4-5041e1831003,100000004,35.0,,beb79919-3f22-4af8-a3be-d01d43cf2fde,2026-05-11T09:15:00Z,2026-05-16T08:08:00Z,2,7,
c4f5b03e-5af1-428c-88ee-46bf571f7cdb,"Pipes & Profiles, 35 t - Varna Agri-Steel Co.",Varna Agri-Steel Co.,Site Engineer,100000006,Alborz,7,f5159494-3818-4fd3-b889-936a9d5817e8,fe60afde-4200-41aa-bc82-6fbe395e54f0,100000005,35.0,0ce87570-b4d6-43e6-9aa9-0d26ab636d66,0e51f30d-c6a7-4e39-84b0-32ccd7c524a5,2026-05-13T11:41:00Z,2026-05-14T09:58:00Z,1,3,b6cd07b0-bea5-4b40-9ed8-6f2e9c14f841
c179c596-d772-463e-b670-0a627506d74c,"Hot-Rolled Sheet, 80 t - Sabalan Sazeh Group",Sabalan Sazeh Group,Managing Director,100000000,Khuzestan,7,f5159494-3818-4fd3-b889-936a9d5817e8,cc8a6796-7015-493c-b23e-9a06ed37c2ce,100000002,75.0,,366eb16f-508e-4ad7-b7c9-3acfe059a0ee,2026-05-11T08:52:00Z,2026-05-16T08:27:00Z,2,4,
c3101e2e-7107-414f-b54a-31ba4ac8927e,"Rebar, 25 t - Omid Sakhteman Co.",Omid Sakhteman Co.,Supply Chain Manager,100000000,Tehran,7,f5159494-3818-4fd3-b889-936a9d5817e8,ba751921-2833-48ea-9c94-563ae9365d1b,100000000,15.0,,5304317f-af42-412f-b838-b3268e944239,2026-05-12T11:06:00Z,2026-05-16T09:42:00Z,2,4,
01afb939-c4df-4b8d-84eb-8e5d6a6e94cf,"Hot-Rolled Sheet, 215 t - Pouya Profile Works Co.",Pouya Profile Works Co.,Site Engineer,100000002,Tehran,7,f5159494-3818-4fd3-b889-936a9d5817e8,f83a1bce-7069-4977-b3af-15bed93d8722,100000002,155.0,,0e51f30d-c6a7-4e39-84b0-32ccd7c524a5,2026-05-11T05:57:00Z,2026-05-16T07:34:00Z,2,6,
b717548d-5f57-4d27-8419-99b615d1e2f8,"Hot-Rolled Sheet, 385 t - Persis Profile Works Co.",Persis Profile Works Co.,Managing Director,100000002,East Azerbaijan,7,f5159494-3818-4fd3-b889-936a9d5817e8,2bd7d038-8149-4b7a-8968-fdf25760c094,100000002,255.0,,beb79919-3f22-4af8-a3be-d01d43cf2fde,2026-05-10T11:49:00Z,2026-05-12T10:40:00Z,2,4,
8470f6c8-ce66-41cb-b7b6-51ee028bffb6,"Rebar, 55 t - Kian Construction Industries",Kian Construction Industries,Purchasing Manager,100000000,Isfahan,7,f5159494-3818-4fd3-b889-936a9d5817e8,c528ac36-2545-434c-b14c-d65e079e8b0b,100000000,55.0,,9132b63e-f162-47e4-a9c3-49e03602f8ac,2026-05-13T10:20:00Z,2026-05-17T05:55:00Z,2,6,
ec2a322b-a901-4e33-897e-f98dc25a6eb3,"Galvanized Sheet, 205 t - Alvand Agri-Steel Group",Alvand Agri-Steel Group,Purchasing Manager,100000006,Tehran,7,f5159494-3818-4fd3-b889-936a9d5817e8,64ad1905-0fbc-4377-af1f-5c6a2a112eab,100000004,200.0,6b579789-4bb4-4889-b900-5224851031c0,0e51f30d-c6a7-4e39-84b0-32ccd7c524a5,2026-05-14T10:58:00Z,2026-05-18T05:24:00Z,1,3,6f135d34-114d-430a-b692-e2d40a2d9ace
b8b791b0-4de8-4d1e-9fa0-bc178db969af,"Hot-Rolled Sheet, 55 t - Ava Fabrication Works Co.",Ava Fabrication Works Co.,Procurement Lead,100000001,Tehran,7,f5159494-3818-4fd3-b889-936a9d5817e8,b366ffd1-ae4d-4a19-a2c2-aa2466e9a80e,100000002,60.0,e67410de-479f-45f3-93b6-81500205e16a,b02b61c4-a3d7-4628-ace6-6fa2fd5166e6,2026-05-14T05:17:00Z,2026-05-20T12:57:00Z,1,3,7c806f94-e18e-46f6-965b-7d49bc5c1fdc
9fd60922-8b5f-44aa-a338-6d523483a23b,"Hot-Rolled Sheet, 15 t - Zagros Eskelet Felezi Ltd.",Zagros Eskelet Felezi Ltd.,Managing Director,100000001,Khuzestan,7,f5159494-3818-4fd3-b889-936a9d5817e8,a4d546e1-7239-4201-a768-7c42b3468999,100000002,20.0,15936f42-4d31-49b3-a187-8e933281f976,366eb16f-508e-4ad7-b7c9-3acfe059a0ee,2026-05-12T13:29:00Z,2026-05-16T05:36:00Z,1,3,8a75aef6-d038-4780-8199-1aee0c826861
8a713a73-fdee-4aa1-853d-80902041e7ed,"Rebar, 120 t - Vista Ahan Forooshi Industries",Vista Ahan Forooshi Industries,Supply Chain Manager,100000004,East Azerbaijan,7,f5159494-3818-4fd3-b889-936a9d5817e8,e13f8740-bd74-4fe0-b808-8e14b9a01137,100000000,200.0,,beb79919-3f22-4af8-a3be-d01d43cf2fde,2026-05-13T10:12:00Z,2026-05-19T10:23:00Z,2,7,
8a39068b-cbed-4473-a3eb-f7c10723e11e,"Beams & Sections, 75 t - Darya Fabrication Works Industries",Darya Fabrication Works Industries,Supply Chain Manager,100000001,Khorasan Razavi,7,f5159494-3818-4fd3-b889-936a9d5817e8,05fef7bc-28f7-4d49-a2bc-491ec1cdc9a4,100000001,45.0,,24933b83-7577-40a9-a491-f0b2ea1fca65,2026-05-14T11:56:00Z,2026-05-16T07:12:00Z,2,4,
f0fbdb65-a6a5-490a-81ad-e98a0c3838a5,"Hot-Rolled Sheet, 145 t - Gilan Eskelet Felezi Ltd.",Gilan Eskelet Felezi Ltd.,Procurement Lead,100000001,Khuzestan,7,f5159494-3818-4fd3-b889-936a9d5817e8,1fb235c4-5abe-43fa-81eb-7abba08262df,100000002,185.0,b6f31d02-90ca-4ac3-94e3-552bfd2f1be9,366eb16f-508e-4ad7-b7c9-3acfe059a0ee,2026-05-16T06:11:00Z,2026-05-23T13:01:00Z,1,3,5ef8d5a1-b1e9-4bea-8635-c8d8c8e46b6c
92a0c677-b700-43c5-90a9-0840c8e7f2f6,"Hot-Rolled Sheet, 55 t - Sabalan Profile Works Group",Sabalan Profile Works Group,Supply Chain Manager,100000002,Khuzestan,7,f5159494-3818-4fd3-b889-936a9d5817e8,aabb6cac-48d7-4165-8c98-7a1b59afb1d1,100000002,70.0,,366eb16f-508e-4ad7-b7c9-3acfe059a0ee,2026-05-14T05:59:00Z,2026-05-20T06:37:00Z,2,6,
6cfa28cf-b62e-410a-a584-83851915bb1c,"Rebar, 130 t - Yekta Rail & Road Projects Industries",Yekta Rail & Road Projects Industries,Procurement Lead,100000005,Alborz,7,f5159494-3818-4fd3-b889-936a9d5817e8,744da236-5c7c-4778-874f-054fd2a5d216,100000000,140.0,13fc927f-7237-4f5b-b6fc-1c4679ebb8bb,5304317f-af42-412f-b838-b3268e944239,2026-05-13T13:21:00Z,2026-05-17T12:50:00Z,1,3,ec233b65-5ae6-4a91-9838-ae9b23b67bcc
c7610e83-84d9-4451-8f18-8e729696dc6c,"Galvanized Sheet, 195 t - Darya Pipe Works Co.",Darya Pipe Works Co.,Purchasing Manager,100000002,East Azerbaijan,7,f5159494-3818-4fd3-b889-936a9d5817e8,671adde5-86b8-4fef-ad44-3c485e8a10da,100000004,125.0,f2a45575-ee58-4967-b063-796a70a91477,beb79919-3f22-4af8-a3be-d01d43cf2fde,2026-05-14T10:14:00Z,2026-05-16T13:00:00Z,1,3,a4187ed0-9f43-46ba-b245-ff4bc0423ea7
83601fb5-b45b-4ad3-b7d0-eea0211f632b,"Rebar, 225 t - Bamdad Omran Co.",Bamdad Omran Co.,Procurement Lead,100000000,Tehran,7,f5159494-3818-4fd3-b889-936a9d5817e8,752caa97-b60d-46a3-bc19-8515208b326a,100000000,220.0,,b02b61c4-a3d7-4628-ace6-6fa2fd5166e6,2026-05-12T13:08:00Z,2026-05-16T12:11:00Z,2,4,
1c3efda4-689b-4fb2-9a31-7fd79a0278a6,"Beams & Sections, 155 t - Zagros Contracting Co.",Zagros Contracting Co.,Project Manager,100000000,Mazandaran,7,f5159494-3818-4fd3-b889-936a9d5817e8,1e6773d7-f3aa-472b-abf4-5b9d5e8c8bbf,100000001,290.0,,b02b61c4-a3d7-4628-ace6-6fa2fd5166e6,2026-05-12T10:10:00Z,2026-05-16T12:51:00Z,2,4,
5fdc9844-fdb3-4e45-8e0f-89b95f187c02,"Beams & Sections, 190 t - Sadaf Ahan Forooshi Ltd.",Sadaf Ahan Forooshi Ltd.,Managing Director,100000004,Mazandaran,7,f5159494-3818-4fd3-b889-936a9d5817e8,1e245a97-273e-46f4-85d4-bf0f0a4fee3b,100000001,205.0,c8a6a005-2463-463c-a493-16b4ca8c5366,ce177b4e-0837-48a3-9261-a7ab3aa2e4f9,2026-05-16T05:17:00Z,2026-05-19T10:39:00Z,1,3,b7a36b06-fdc3-421c-a64f-3ef752ff4b85
4f489f45-92b4-402c-bb2e-60e16ae63480,"Beams & Sections, 100 t - Pardis Steel Trading Co.",Pardis Steel Trading Co.,Site Engineer,100000004,Mazandaran,7,f5159494-3818-4fd3-b889-936a9d5817e8,0b704f97-ded4-4617-914b-e8ca59410ea3,100000001,105.0,21ffcf72-9b0f-4aa7-956c-478fb8541d6a,ce177b4e-0837-48a3-9261-a7ab3aa2e4f9,2026-05-11T12:55:00Z,2026-05-16T05:24:00Z,1,3,ff21fb09-3313-46b7-a09e-b0c644d4d82c
56c890a5-6538-4f11-a676-6b0a3b9a3daf,"Pipes & Profiles, 25 t - Dena Agri-Steel Industries",Dena Agri-Steel Industries,Project Manager,100000006,Alborz,7,f5159494-3818-4fd3-b889-936a9d5817e8,6321d753-68dd-46fd-9fa3-8f4baa1cd2d8,100000005,30.0,,0e51f30d-c6a7-4e39-84b0-32ccd7c524a5,2026-05-11T06:16:00Z,2026-05-16T10:34:00Z,2,7,
4f10aae3-b518-474f-8587-4243cbd10fdc,"Rebar, 310 t - Espadana Rail & Road Projects Industries",Espadana Rail & Road Projects Industries,Supply Chain Manager,100000005,Khuzestan,7,f5159494-3818-4fd3-b889-936a9d5817e8,a14ed649-926e-402e-8659-8f83b50b9ff8,100000000,170.0,8591a818-91fb-4925-b511-24380d892ced,366eb16f-508e-4ad7-b7c9-3acfe059a0ee,2026-05-11T11:22:00Z,2026-05-16T04:50:00Z,1,3,48ff2d07-b340-4a94-b39d-6866da7d98c9
57076494-05f4-449b-af10-b6ccdcaa5994,"Beams & Sections, 180 t - Negin Foolad Trading Co.",Negin Foolad Trading Co.,Supply Chain Manager,100000004,Fars,7,f5159494-3818-4fd3-b889-936a9d5817e8,7dd12d57-0b84-4c50-96c1-b18366dc3989,100000001,150.0,61cb78c3-513f-49a9-8724-91cadc11eb13,e27a984d-6548-41d0-bfcd-9eb1a7cad415,2026-05-13T05:42:00Z,2026-05-17T08:07:00Z,1,3,a2da5c1b-d650-48d3-8433-2e1b2fbb45de
24784b7d-51ee-4cc8-9947-4d1a63d316c1,"Cold-Rolled Sheet, 70 t - Mehrgan Press Works Co.",Mehrgan Press Works Co.,Procurement Lead,100000003,East Azerbaijan,7,f5159494-3818-4fd3-b889-936a9d5817e8,4c4b52aa-0ef9-4903-b69a-deac06f4b0ee,100000003,55.0,3d57ee27-33da-4fc1-8d47-e26d1ef7a52e,beb79919-3f22-4af8-a3be-d01d43cf2fde,2026-05-13T08:46:00Z,2026-05-16T09:17:00Z,1,3,a4d7a1d5-e7b9-4951-913b-58777412e3a7
44f00717-1d75-4901-b309-106e62928cdc,"Beams & Sections, 30 t - Darya Steel Structures Industries",Darya Steel Structures Industries,Purchasing Manager,100000001,Tehran,7,f5159494-3818-4fd3-b889-936a9d5817e8,8121c051-c09c-4132-8235-00f97e33e68f,100000001,25.0,8dd7e052-44e7-4702-84c4-7757e2db1ce3,b02b61c4-a3d7-4628-ace6-6fa2fd5166e6,2026-05-13T05:00:00Z,2026-05-21T08:42:00Z,1,3,94b20a34-828a-496e-a0dd-9c8732e1120a
d8a5aa52-157b-4495-b22b-e4aa68208025,"Beams & Sections, 225 t - Mehrgan Iron & Steel Supply Co.",Mehrgan Iron & Steel Supply Co.,Procurement Lead,100000004,East Azerbaijan,7,f5159494-3818-4fd3-b889-936a9d5817e8,91788bdd-4dfb-4b6e-a025-7194c903cc1d,100000001,230.0,3ec2e72a-c832-43f0-ab0e-63fdfc3d3138,beb79919-3f22-4af8-a3be-d01d43cf2fde,2026-05-12T08:31:00Z,2026-05-13T12:28:00Z,1,3,04369592-7989-4384-bebb-fd51faddde38
0ab2e2ca-73a5-4d2e-8e1e-7525e957967a,"Rebar, 50 t - Pouya Construction Group",Pouya Construction Group,Procurement Lead,100000000,East Azerbaijan,7,f5159494-3818-4fd3-b889-936a9d5817e8,f61b2bfd-6c7b-4a77-b3de-6bc2899bef4b,100000000,50.0,,beb79919-3f22-4af8-a3be-d01d43cf2fde,2026-05-11T13:23:00Z,2026-05-16T08:41:00Z,2,5,
d7aa0f83-59f6-464d-bfce-50b36151bd93,"Wire Rod, 230 t - Tina Ahan Forooshi Co.",Tina Ahan Forooshi Co.,Site Engineer,100000004,Tehran,7,f5159494-3818-4fd3-b889-936a9d5817e8,ae1455f4-d6e8-4ad3-803a-423a990ddc73,100000006,215.0,725d4259-3c4b-4eec-a231-ee7342c2d2eb,b02b61c4-a3d7-4628-ace6-6fa2fd5166e6,2026-05-14T07:08:00Z,2026-05-16T04:36:00Z,1,3,758967dc-b822-4ad2-8731-97db5c6d765c
11e74656-9026-4d4c-88ba-135ebd3b17eb,"Rebar, 190 t - Ilia Iron & Steel Supply Co.",Ilia Iron & Steel Supply Co.,Site Engineer,100000004,Isfahan,7,f5159494-3818-4fd3-b889-936a9d5817e8,29529420-0ba4-432b-8804-044c82a4e22e,100000000,195.0,b99e6f7b-23c0-4eb1-949b-862d1f7b6b19,9132b63e-f162-47e4-a9c3-49e03602f8ac,2026-05-14T05:48:00Z,2026-05-19T11:39:00Z,1,3,db18d023-c906-4f44-bae4-1a318c44136d
b52f5f46-c0b0-4dd0-bac9-b5b642e88605,"Beams & Sections, 5 t - Rastin Steel Structures Industries",Rastin Steel Structures Industries,Site Engineer,100000001,Tehran,7,f5159494-3818-4fd3-b889-936a9d5817e8,a29a7e5f-57b6-41aa-b206-4a1cae9e2bbf,100000001,5.0,,b02b61c4-a3d7-4628-ace6-6fa2fd5166e6,2026-05-12T11:36:00Z,2026-05-17T11:41:00Z,2,4,
14c62aba-89c2-4ba5-a48d-f4c0c330ec14,"Beams & Sections, 200 t - Saba Contracting Industries",Saba Contracting Industries,Procurement Lead,100000000,Tehran,7,f5159494-3818-4fd3-b889-936a9d5817e8,7d2d93e8-b40b-4288-b24d-2a35e5304b87,100000001,180.0,,b02b61c4-a3d7-4628-ace6-6fa2fd5166e6,2026-05-13T09:48:00Z,2026-05-16T13:02:00Z,2,4,
99ef827f-d3d4-4dd3-a05a-34f5d0126e91,"Hot-Rolled Sheet, 505 t - Arvand Steel Merchants Co.",Arvand Steel Merchants Co.,Purchasing Manager,100000004,Fars,7,f5159494-3818-4fd3-b889-936a9d5817e8,f8d78cbc-5a5d-4cc5-9f98-2a0dac184ef9,100000002,565.0,,e27a984d-6548-41d0-bfcd-9eb1a7cad415,2026-05-14T07:10:00Z,2026-05-23T06:37:00Z,2,4,
0265a223-71cf-4772-b167-d947efadf069,"Beams & Sections, 100 t - Tarava Contracting Co.",Tarava Contracting Co.,Managing Director,100000000,Fars,7,f5159494-3818-4fd3-b889-936a9d5817e8,5ed7d1a6-7673-4495-9ff0-864c02288f07,100000001,90.0,cef44098-4d9d-4bb1-a00f-80d49d0a94df,e27a984d-6548-41d0-bfcd-9eb1a7cad415,2026-05-13T09:57:00Z,2026-05-16T09:44:00Z,1,3,78f0fdfd-6857-4585-8261-4db8fd7cc3f9
096b7724-5ced-43b3-b7a0-be7a7e6a3ea7,"Rebar, 45 t - Farazan Abadgaran Co.",Farazan Abadgaran Co.,Purchasing Manager,100000000,Khuzestan,7,f5159494-3818-4fd3-b889-936a9d5817e8,fae91634-3bf8-4406-b89d-2267b7c25d94,100000000,60.0,47003fcf-deb2-4490-9c66-fdd96565e779,366eb16f-508e-4ad7-b7c9-3acfe059a0ee,2026-05-14T07:24:00Z,2026-05-18T12:21:00Z,1,3,56b698d8-fa1d-49e0-bbd1-2e73a9710d4e
9691f45d-10bb-494e-acef-755790ad07c6,"Galvanized Sheet, 165 t - Gilan Auto Parts Mfg.",Gilan Auto Parts Mfg.,Procurement Lead,100000003,Alborz,7,f5159494-3818-4fd3-b889-936a9d5817e8,9a5c68ad-aeb0-4110-ac13-b24990d22d54,100000004,245.0,db00ab4c-91e5-4e86-aefe-02c34276bfe1,b02b61c4-a3d7-4628-ace6-6fa2fd5166e6,2026-05-13T10:50:00Z,2026-05-19T08:48:00Z,1,3,3f7054c5-0f89-4b83-ba09-d502f67ec16e
a6685e80-f16d-4fe8-ac50-4475a4165dd1,"Galvanized Sheet, 30 t - Atlas Agri-Steel Co.",Atlas Agri-Steel Co.,Project Manager,100000006,Mazandaran,7,f5159494-3818-4fd3-b889-936a9d5817e8,6d575fd1-f019-455f-8080-1ed9743480a1,100000004,25.0,846af2e6-5c89-4b2a-bedd-fc1777723a5a,b02b61c4-a3d7-4628-ace6-6fa2fd5166e6,2026-05-12T12:59:00Z,2026-05-18T06:58:00Z,1,3,2feb8a72-8e26-4ce2-b95a-c91e209e359d
50f53bd8-72e8-4652-884c-0a556b893000,"Hot-Rolled Sheet, 95 t - Nima Steel Structures Ltd.",Nima Steel Structures Ltd.,Site Engineer,100000001,Isfahan,7,f5159494-3818-4fd3-b889-936a9d5817e8,eb1bb47f-4726-4e7f-8c05-e009397bfdd7,100000002,100.0,0c3ce284-c7e5-4bbb-9cb5-1c535b62a8df,10f1bc81-448a-4a9e-a6b2-bc5b50c187fc,2026-05-13T12:03:00Z,2026-05-17T11:57:00Z,1,3,7de4b777-aec0-4c17-a9df-81a32a962ee4
39c2c1a2-bcc9-445c-bd81-fbc0067ec672,"Rebar, 60 t - Karun Fabrication Works Ltd.",Karun Fabrication Works Ltd.,Project Manager,100000001,Isfahan,7,f5159494-3818-4fd3-b889-936a9d5817e8,cec3a6f4-9262-4536-a14e-21f714f16d92,100000000,50.0,326684ff-3ffe-4652-aac0-32fa130e8618,10f1bc81-448a-4a9e-a6b2-bc5b50c187fc,2026-05-11T13:29:00Z,2026-05-12T10:06:00Z,1,3,80d0d260-ab2c-4816-bb2c-0a8bd00f77da
ef60250e-a055-41d3-8c16-ab4e97b018b0,"Hot-Rolled Sheet, 160 t - Gohar Metals Supply Ltd.",Gohar Metals Supply Ltd.,Site Engineer,100000004,Alborz,7,f5159494-3818-4fd3-b889-936a9d5817e8,062667fc-cedc-45bf-ae94-34ab7adf1458,100000002,125.0,,ce177b4e-0837-48a3-9261-a7ab3aa2e4f9,2026-05-16T13:17:00Z,2026-05-18T08:54:00Z,2,4,
9997496b-c697-4476-92aa-48cff18c5581,"Beams & Sections, 125 t - Elham Sakhteman Group",Elham Sakhteman Group,Project Manager,100000000,Tehran,7,f5159494-3818-4fd3-b889-936a9d5817e8,3c9b3b84-cb4a-4dc6-8509-6c7855660d8e,100000001,135.0,e3dc8702-5033-44b1-a09c-f7af0889360f,0e51f30d-c6a7-4e39-84b0-32ccd7c524a5,2026-05-12T05:30:00Z,2026-05-14T09:23:00Z,1,3,d10c796c-dbe9-44bc-8807-e6d28279251f
9c595e03-4d2d-4557-8e06-a41671219097,"Beams & Sections, 35 t - Nasim Steel Structures Group",Nasim Steel Structures Group,Site Engineer,100000001,Tehran,7,f5159494-3818-4fd3-b889-936a9d5817e8,cd693dab-eb4b-4c0c-8fdf-60d520a62f9b,100000001,35.0,485f7888-1e23-4a4b-9e21-741fb8011026,5304317f-af42-412f-b838-b3268e944239,2026-05-16T07:27:00Z,2026-05-21T13:02:00Z,2,4,
6d98567e-cb8f-4981-b6d6-682f6248953e,"Beams & Sections, 20 t - Farnam Abadgaran Industries",Farnam Abadgaran Industries,Project Manager,100000000,Isfahan,7,f5159494-3818-4fd3-b889-936a9d5817e8,7412c272-02b7-4c51-9fbe-ffb3a8e3ac9b,100000001,15.0,acffa99f-f005-4f9a-a6a2-c94556f11afb,9132b63e-f162-47e4-a9c3-49e03602f8ac,2026-05-12T09:23:00Z,2026-05-16T11:14:00Z,1,3,5e5c0d97-cf85-4043-9203-30bb8418b31b
1ba651ed-3146-44a6-967a-efbb5404801d,"Hot-Rolled Sheet, 180 t - Darya Metal Center Co.",Darya Metal Center Co.,Procurement Lead,100000004,Khorasan Razavi,7,f5159494-3818-4fd3-b889-936a9d5817e8,84681060-743e-4fef-86a6-1b3dc86e0b55,100000002,200.0,204054fb-92be-47c4-a784-cabe3190b8f4,24933b83-7577-40a9-a491-f0b2ea1fca65,2026-05-14T08:16:00Z,2026-05-16T09:48:00Z,1,3,ed41b2da-bb80-43b5-bec3-4a0a901fd9a7
20afaf9e-0f7c-49ad-8b48-3935cc09de64,"Beams & Sections, 55 t - Atlas Steel Structures Industries",Atlas Steel Structures Industries,Purchasing Manager,100000001,Tehran,7,f5159494-3818-4fd3-b889-936a9d5817e8,233e84ac-3e3f-4da0-af98-ad3371d2e63f,100000001,55.0,,0e51f30d-c6a7-4e39-84b0-32ccd7c524a5,2026-05-10T06:13:00Z,2026-05-13T10:35:00Z,2,6,
7832b59c-25bc-49ae-a547-a8dcc686e251,"Hot-Rolled Sheet, 690 t - Kaspian Pipe Works Co.",Kaspian Pipe Works Co.,Project Manager,100000002,Khuzestan,7,f5159494-3818-4fd3-b889-936a9d5817e8,8a8864c7-e29d-4722-956b-212f4faa0851,100000002,605.0,,366eb16f-508e-4ad7-b7c9-3acfe059a0ee,2026-05-13T05:36:00Z,2026-05-16T06:05:00Z,2,6,
d1b60755-81d1-4226-bcc5-6af30eac5e90,"Rebar, 290 t - Laleh Foolad Trading Ltd.",Laleh Foolad Trading Ltd.,Purchasing Manager,100000004,Alborz,7,f5159494-3818-4fd3-b889-936a9d5817e8,250487e4-ada5-47e3-a85d-81db9620ed14,100000000,200.0,3385db3b-e893-486d-a3fb-6609334b92a2,ce177b4e-0837-48a3-9261-a7ab3aa2e4f9,2026-05-11T09:30:00Z,2026-05-16T05:49:00Z,1,3,ec3679e4-6f65-4114-9d9a-bf9f16cebe0e
b11c7dff-b1dd-448c-b9c9-1e00aaf8e1d5,"Pipes & Profiles, 130 t - Atlas Golkhaneh Sazan Co.",Atlas Golkhaneh Sazan Co.,Site Engineer,100000006,East Azerbaijan,7,f5159494-3818-4fd3-b889-936a9d5817e8,30799b56-576f-4264-9182-e8e7c9070c97,100000005,200.0,4cb4a7f6-9db8-4f7e-95ed-d864f68b6ba0,beb79919-3f22-4af8-a3be-d01d43cf2fde,2026-05-14T06:14:00Z,2026-05-21T08:24:00Z,1,3,e95015c2-fb2d-41e2-b29e-6194ef0a66ed
eb821435-382a-4bde-bef5-50110acd1ac7,"Rebar, 375 t - Kavir Sabz Steel Depot Ltd.",Kavir Sabz Steel Depot Ltd.,Procurement Lead,100000004,Tehran,7,f5159494-3818-4fd3-b889-936a9d5817e8,e9195919-ca08-4252-a048-72dc744d2442,100000000,305.0,3c53090e-e1b4-4171-929d-674d798e175f,ce177b4e-0837-48a3-9261-a7ab3aa2e4f9,2026-05-10T06:54:00Z,2026-05-13T07:40:00Z,1,3,c7db4d53-ff41-4150-a796-c5763f1c8371
01b8c14a-fd68-45d7-937a-430a2f2aa5e8,"Rebar, 120 t - Hirad Contracting Industries",Hirad Contracting Industries,Managing Director,100000000,Isfahan,7,f5159494-3818-4fd3-b889-936a9d5817e8,667ae277-348f-4ce0-a03b-c183bd75f95c,100000000,90.0,,9132b63e-f162-47e4-a9c3-49e03602f8ac,2026-05-13T04:40:00Z,2026-05-19T08:54:00Z,2,6,
32f9b771-0799-4940-b9ad-de7d0b3d58ad,"Beams & Sections, 635 t - Mahan Metal Center Industries",Mahan Metal Center Industries,Supply Chain Manager,100000004,Hormozgan,7,f5159494-3818-4fd3-b889-936a9d5817e8,5c230306-c3f9-4409-a9a7-480095ef8b1b,100000001,710.0,3ef7839f-8df4-497b-98f8-001856fe4769,e27a984d-6548-41d0-bfcd-9eb1a7cad415,2026-05-12T10:44:00Z,2026-05-14T04:47:00Z,1,3,d57a17f4-45f9-4cfd-ab69-d28fe5d2c9b6
23226464-ad6d-44ef-94d9-a0ae055fd8d1,"Hot-Rolled Sheet, 140 t - Jahan Profile Sazan Ltd.",Jahan Profile Sazan Ltd.,Managing Director,100000002,Alborz,7,f5159494-3818-4fd3-b889-936a9d5817e8,19e79a3d-e920-4a24-8304-93f0d7c713b7,100000002,140.0,5ea0c503-3d7a-474e-b4c9-c3ad4e19392b,5304317f-af42-412f-b838-b3268e944239,2026-05-14T08:56:00Z,2026-05-16T08:30:00Z,1,3,2af8e6e7-8aa0-4210-9120-712228673909
6f082598-e1b4-47ef-9f8a-4862ff68ef1a,"Beams & Sections, 60 t - Borna Sazeh Ltd.",Borna Sazeh Ltd.,Managing Director,100000000,Tehran,7,f5159494-3818-4fd3-b889-936a9d5817e8,cc8cc291-fa23-48bc-86e4-abacf0effa1e,100000001,60.0,217bc29e-ec95-43e9-a1fa-246624f982ec,5304317f-af42-412f-b838-b3268e944239,2026-05-12T13:16:00Z,2026-05-16T08:01:00Z,1,3,866b09a1-4a26-4f83-849d-62d9eedeef39
dabc47ce-3068-4fdd-965a-fd0f9db402f1,"Hot-Rolled Sheet, 200 t - Aban Pipe Works Ltd.",Aban Pipe Works Ltd.,Managing Director,100000002,Isfahan,7,f5159494-3818-4fd3-b889-936a9d5817e8,c3595dc2-0bd3-42a9-abc7-8c063e9ace12,100000002,195.0,a1243bea-0da2-4154-bf46-a43a53e2e047,10f1bc81-448a-4a9e-a6b2-bc5b50c187fc,2026-05-13T09:33:00Z,2026-05-18T07:21:00Z,1,3,e089ca70-5c48-4eaf-97bf-c68426e1e946
95866982-f7e8-48a2-821d-f2cfd9fc13b8,"Rebar, 175 t - Kowsar Metal Center Ltd.",Kowsar Metal Center Ltd.,Supply Chain Manager,100000004,Isfahan,7,f5159494-3818-4fd3-b889-936a9d5817e8,205f9619-df73-421d-87b2-e24dcbad3916,100000000,190.0,,10f1bc81-448a-4a9e-a6b2-bc5b50c187fc,2026-05-16T08:50:00Z,2026-05-19T05:58:00Z,2,5,
868592d2-5fb6-4406-b665-8a3452630028,"Beams & Sections, 115 t - Nikan Eskelet Felezi Group",Nikan Eskelet Felezi Group,Supply Chain Manager,100000001,East Azerbaijan,7,f5159494-3818-4fd3-b889-936a9d5817e8,2dd2d8c0-76da-4875-84d6-21487fa372cd,100000001,95.0,94c8a69d-44b1-41ee-b948-36f27eaab0a1,beb79919-3f22-4af8-a3be-d01d43cf2fde,2026-05-11T06:44:00Z,2026-05-16T08:48:00Z,1,3,95bee1d7-cdc2-4ba8-a8eb-e4802a74ae57
37f5c238-6559-4365-bc00-a0f0dcf89878,"Hot-Rolled Sheet, 110 t - Pishgam Eskelet Felezi Group",Pishgam Eskelet Felezi Group,Project Manager,100000001,Fars,7,f5159494-3818-4fd3-b889-936a9d5817e8,73bb84e5-33f7-4722-a517-28b23832dfc1,100000002,80.0,15b2c2b4-8cf0-497b-8128-d40b5fc57ff4,e27a984d-6548-41d0-bfcd-9eb1a7cad415,2026-05-14T04:32:00Z,2026-05-21T07:38:00Z,1,3,e0c5c296-0061-4645-bfff-cd177ac7fe79
83239ba9-771a-43fe-8a88-57a5957e8c66,"Hot-Rolled Sheet, 185 t - Nima Eskelet Felezi Industries",Nima Eskelet Felezi Industries,Purchasing Manager,100000001,Khuzestan,7,f5159494-3818-4fd3-b889-936a9d5817e8,3aeceaf8-5a00-40f2-84d1-6f5e71cb19b3,100000002,150.0,,366eb16f-508e-4ad7-b7c9-3acfe059a0ee,2026-05-13T10:32:00Z,2026-05-21T08:40:00Z,2,6,
71127f4b-2df8-4502-8653-ee8561e30fb4,"Rebar, 1490 t - Chakad Dam & Water Works Industries",Chakad Dam & Water Works Industries,Site Engineer,100000005,East Azerbaijan,7,f5159494-3818-4fd3-b889-936a9d5817e8,45e49a9e-5128-4026-bf5e-fb6bcdf40137,100000000,1845.0,4b658517-1519-413c-a6c7-1f155bed83be,beb79919-3f22-4af8-a3be-d01d43cf2fde,2026-05-14T07:14:00Z,2026-05-17T04:44:00Z,1,3,77380737-8c86-418e-9499-cffea4060636
1e5bc68b-1931-46f5-ba4d-45fded360bb7,"Hot-Rolled Sheet, 175 t - Nima Sazeh Co.",Nima Sazeh Co.,Supply Chain Manager,100000000,East Azerbaijan,7,f5159494-3818-4fd3-b889-936a9d5817e8,46c3c90c-c92e-4e01-9402-3a93a4c688ec,100000002,290.0,31274148-7c7c-404e-8422-d03ef29a6339,beb79919-3f22-4af8-a3be-d01d43cf2fde,2026-05-13T05:06:00Z,2026-05-19T13:00:00Z,1,3,ce2d9e5c-6a49-4d96-94d1-14cfa4218abe
c1ff9427-9477-49d7-9265-80c067dfc9af,"Beams & Sections, 125 t - Hoda Ahan Forooshi Industries",Hoda Ahan Forooshi Industries,Procurement Lead,100000004,Khuzestan,7,f5159494-3818-4fd3-b889-936a9d5817e8,f220eeb5-6760-4abd-bf31-0f21c87b17d9,100000001,135.0,3a42958b-65c2-480d-9d8f-3007263749ec,366eb16f-508e-4ad7-b7c9-3acfe059a0ee,2026-05-12T07:59:00Z,2026-05-20T07:06:00Z,1,3,de7fd6fa-02db-4c2d-99c4-749d5b813508
9645dec1-840d-414b-bbd5-48637974c90b,"Galvanized Sheet, 170 t - Kowsar Appliance Components Group",Kowsar Appliance Components Group,Procurement Lead,100000003,Tehran,7,f5159494-3818-4fd3-b889-936a9d5817e8,35ba5e93-bfc7-4282-b92c-8a723a17d79a,100000004,200.0,,5304317f-af42-412f-b838-b3268e944239,2026-05-14T06:22:00Z,2026-05-19T08:31:00Z,2,4,
d8867545-5025-4c18-95fb-f5dccabaef3c,"Hot-Rolled Sheet, 145 t - Pouya Pipe Works Group",Pouya Pipe Works Group,Site Engineer,100000002,Isfahan,7,f5159494-3818-4fd3-b889-936a9d5817e8,5735773c-761e-4287-907c-5e53b8f6703b,100000002,125.0,07b4e684-8ef6-4ee8-9a5a-8bc373315c49,9132b63e-f162-47e4-a9c3-49e03602f8ac,2026-05-12T11:40:00Z,2026-05-16T06:24:00Z,1,3,992fd8c8-88f4-4032-b8a7-c16764483127
bce0caef-f17f-45c0-8e39-f65a20db4294,"Rebar, 145 t - Raman Contracting Industries",Raman Contracting Industries,Site Engineer,100000000,East Azerbaijan,7,f5159494-3818-4fd3-b889-936a9d5817e8,dfae1803-93d7-47e7-a392-3df45fec59ac,100000000,110.0,c0ac1c00-af8e-46b2-acfb-f1736b4d3d1a,beb79919-3f22-4af8-a3be-d01d43cf2fde,2026-05-16T07:13:00Z,2026-05-23T09:43:00Z,1,3,b436b0ae-c169-4674-978b-365195266807
9642b052-5379-4279-8cb5-062589a06a99,"Rebar, 90 t - Zagros Steel Structures Co.",Zagros Steel Structures Co.,Project Manager,100000001,Isfahan,7,f5159494-3818-4fd3-b889-936a9d5817e8,b0c5d3d5-c755-4c99-8349-95ff67432c04,100000000,85.0,,10f1bc81-448a-4a9e-a6b2-bc5b50c187fc,2026-05-14T09:07:00Z,2026-05-16T05:22:00Z,2,4,
9174f53b-548b-4c63-be87-a6bcf3e00dc5,"Beams & Sections, 60 t - Arya Construction Industries",Arya Construction Industries,Project Manager,100000000,Tehran,7,f5159494-3818-4fd3-b889-936a9d5817e8,fa2c9e79-2758-4f1a-a39e-5593ec11a44d,100000001,70.0,62ed5403-88d4-4ff4-904f-3fc56400bb0e,b02b61c4-a3d7-4628-ace6-6fa2fd5166e6,2026-05-13T12:01:00Z,2026-05-16T04:46:00Z,1,3,7c069c89-1d01-480c-a00a-cf88ffbdd367
2d798f3e-8d8b-4c60-acc5-4c621ab444a7,"Hot-Rolled Sheet, 40 t - Zagros Fabrication Works Co.",Zagros Fabrication Works Co.,Managing Director,100000001,Khuzestan,7,f5159494-3818-4fd3-b889-936a9d5817e8,2be26bd1-17de-4ce8-8dfd-3ecde50dede5,100000002,30.0,,366eb16f-508e-4ad7-b7c9-3acfe059a0ee,2026-05-14T08:40:00Z,2026-05-18T05:58:00Z,2,5,
02d3fb7e-84be-4e1c-9e5f-feaa0eb54078,"Beams & Sections, 20 t - Pishgam Eskelet Felezi Co.",Pishgam Eskelet Felezi Co.,Site Engineer,100000001,Tehran,7,f5159494-3818-4fd3-b889-936a9d5817e8,7464d6f2-11ea-4c00-863e-cbe2a8d99292,100000001,25.0,fd561b27-2833-49b8-a41f-79aa692e33b9,5304317f-af42-412f-b838-b3268e944239,2026-05-10T07:24:00Z,2026-05-16T06:52:00Z,1,3,0e55d3c5-af19-4267-b4c8-815c8e3507a8
639509c4-119a-4396-be3e-9a907a6eaaa5,"Rebar, 60 t - Karun Steel Merchants Industries",Karun Steel Merchants Industries,Procurement Lead,100000004,East Azerbaijan,7,f5159494-3818-4fd3-b889-936a9d5817e8,6b1d20b9-8954-4c3d-a10f-2a8a1c59b736,100000000,95.0,4f4c3f0b-34a7-4f9d-9ed5-c01721433dfc,beb79919-3f22-4af8-a3be-d01d43cf2fde,2026-05-12T09:00:00Z,2026-05-16T06:08:00Z,1,3,1f6cd641-7d47-4fdc-9def-cc069e58cef1
33f60730-9665-4f7c-8f70-b88bf06c69d9,"Hot-Rolled Sheet, 150 t - Hirad Tube Mills Group",Hirad Tube Mills Group,Purchasing Manager,100000002,Alborz,7,f5159494-3818-4fd3-b889-936a9d5817e8,9339304b-9a8c-43d7-a8a5-e34d798b2f02,100000002,115.0,,b02b61c4-a3d7-4628-ace6-6fa2fd5166e6,2026-05-11T05:14:00Z,2026-05-16T13:16:00Z,2,5,
91b8ff07-e909-4654-9432-3b1c869e8836,"Rebar, 125 t - Kaspian Construction Co.",Kaspian Construction Co.,Procurement Lead,100000000,Khorasan Razavi,7,f5159494-3818-4fd3-b889-936a9d5817e8,3f30ea12-cebc-4264-9ad7-5b94663463e9,100000000,175.0,1752815c-bcbf-4583-8a01-75e5937d6fb1,24933b83-7577-40a9-a491-f0b2ea1fca65,2026-05-11T06:58:00Z,2026-05-16T05:34:00Z,1,3,5d5d0dee-3e64-410d-9802-b099a65066c1
286e3f0a-dedb-4ec4-a2b2-de4b3d5cab0e,"Pipes & Profiles, 290 t - Yekta Housing Development Co.",Yekta Housing Development Co.,Site Engineer,100000005,Tehran,7,f5159494-3818-4fd3-b889-936a9d5817e8,0b2d983a-f218-4128-b2da-61f764bfc76d,100000005,205.0,4f9a5f98-4d95-4273-8b2c-c805d1403430,ce177b4e-0837-48a3-9261-a7ab3aa2e4f9,2026-05-16T05:16:00Z,2026-05-23T12:17:00Z,1,3,23623069-9ac9-4f47-9422-3615e19c4115
e6f8dac3-b8ef-4250-b9fe-60c6b2b302d3,"Hot-Rolled Sheet, 70 t - Rayan Profile Sazan Group",Rayan Profile Sazan Group,Purchasing Manager,100000002,Isfahan,7,f5159494-3818-4fd3-b889-936a9d5817e8,11162039-ea92-459b-aaaa-077f4ab946a2,100000002,70.0,143029a9-d88f-4c94-88b7-63d5e519dd7e,9132b63e-f162-47e4-a9c3-49e03602f8ac,2026-05-13T08:54:00Z,2026-05-23T08:21:00Z,1,3,c118ea20-e9b1-442d-8bf8-eddc0e38fca9
c78e0272-c43b-47af-8120-053d1aefff21,"Cold-Rolled Sheet, 60 t - Javid Appliance Components Co.",Javid Appliance Components Co.,Managing Director,100000003,Tehran,7,f5159494-3818-4fd3-b889-936a9d5817e8,c161b06c-1397-4542-9e65-3990fecd0ded,100000003,55.0,21d8b96a-62ad-4157-a0d2-759a3ad51382,0e51f30d-c6a7-4e39-84b0-32ccd7c524a5,2026-05-16T10:57:00Z,2026-05-23T12:03:00Z,2,5,
a832a228-8c65-401b-9521-e8251177fdd5,"Hot-Rolled Sheet, 100 t - Arvand Eskelet Felezi Co.",Arvand Eskelet Felezi Co.,Site Engineer,100000001,Tehran,7,f5159494-3818-4fd3-b889-936a9d5817e8,761b7e11-7c19-4e61-b6d8-cbc7bfa93b6e,100000002,120.0,4775d7ab-d207-4bc4-b885-8b6d23e7cd20,5304317f-af42-412f-b838-b3268e944239,2026-05-14T06:25:00Z,2026-05-16T04:41:00Z,1,3,04c2151e-ec53-4114-8f44-404115b98f07
abe05b22-13dc-4154-ab1f-c2ab640eb68e,"Rebar, 190 t - Omid Metals Supply Industries",Omid Metals Supply Industries,Procurement Lead,100000004,Khuzestan,7,f5159494-3818-4fd3-b889-936a9d5817e8,bdcf6fd4-88df-42c1-9fc8-628d4b4d1079,100000000,255.0,,366eb16f-508e-4ad7-b7c9-3acfe059a0ee,2026-05-14T11:39:00Z,2026-05-19T10:45:00Z,2,5,
a99c37b3-a419-4fe4-85db-19d7cfbf3d39,"Beams & Sections, 50 t - Bamdad Steel Structures Co.",Bamdad Steel Structures Co.,Procurement Lead,100000001,Alborz,7,f5159494-3818-4fd3-b889-936a9d5817e8,a2819fce-d624-4055-8c39-bd0eb25db530,100000001,40.0,,b02b61c4-a3d7-4628-ace6-6fa2fd5166e6,2026-05-13T05:53:00Z,2026-05-16T04:41:00Z,2,6,
ae11d3c2-3130-4c8f-920e-0734564d46aa,"Galvanized Sheet, 25 t - Sabalan Press Works Ltd.",Sabalan Press Works Ltd.,Purchasing Manager,100000003,Khuzestan,3,74797b61-2737-4b52-ba6a-210722319050,03ba33a0-fd42-469c-8727-59406bf36656,100000004,20.0,833334f6-6a6a-4149-8b44-676d2ac39be9,366eb16f-508e-4ad7-b7c9-3acfe059a0ee,2025-05-03T12:30:00Z,2025-05-05T06:30:00Z,1,3,b4f27769-6834-4474-8984-e66cdaa4340d
6522e8b9-8aad-4665-af30-141d3505c563,"Rebar, 1015 t - Hamoon Urban Infrastructure Industries",Hamoon Urban Infrastructure Industries,Site Engineer,100000005,Khorasan Razavi,3,74797b61-2737-4b52-ba6a-210722319050,9fea97cc-3086-4fe3-a075-13728fe2c74f,100000000,1300.0,3677f5b4-63a1-4caa-8311-362650f51e97,24933b83-7577-40a9-a491-f0b2ea1fca65,2025-05-10T06:09:00Z,2025-05-14T07:42:00Z,1,3,4f8d66d6-3527-4a82-aceb-b1384d707d44
9fb886b2-a662-4b92-8748-ffb3d0a96757,"Beams & Sections, 125 t - Pishgam Rail & Road Projects Industries",Pishgam Rail & Road Projects Industries,Project Manager,100000005,Tehran,3,74797b61-2737-4b52-ba6a-210722319050,a8702d97-10e6-4176-b858-3966757256f6,100000001,110.0,fd8fb938-fbac-4ade-bfe4-36d1994f7c31,ce177b4e-0837-48a3-9261-a7ab3aa2e4f9,2025-03-20T10:58:00Z,2025-03-25T10:18:00Z,1,3,cd8074b7-b478-47ed-a649-30134a82a7ea
91b76c45-d9b8-4389-ac16-ddb7fd93754a,"Cold-Rolled Sheet, 235 t - Ava Loleh Sazi Group",Ava Loleh Sazi Group,Managing Director,100000002,Tehran,3,74797b61-2737-4b52-ba6a-210722319050,ca90001c-8943-414f-b668-705d1a10748c,100000003,170.0,2207cb65-b197-4ed1-857a-e3fff8ed08ae,b02b61c4-a3d7-4628-ace6-6fa2fd5166e6,2025-01-28T09:00:00Z,2025-02-01T05:56:00Z,1,3,cb74b50e-0761-4383-b1c1-15a6cbc666c2
fa5f9e72-5166-488b-b008-32dae24ba9d4,"Pipes & Profiles, 15 t - Iranmehr Greenhouse Structures Co.",Iranmehr Greenhouse Structures Co.,Site Engineer,100000006,Tehran,3,74797b61-2737-4b52-ba6a-210722319050,c2ffd690-a2a6-461a-ace2-7ec9550100bf,100000005,15.0,e97f995d-9bc8-46f6-8484-a1b355c974a4,b02b61c4-a3d7-4628-ace6-6fa2fd5166e6,2025-04-17T08:10:00Z,2025-04-19T07:43:00Z,1,3,994a8e03-307b-4d17-8693-0d3eed917b1a
80e022c8-3b80-4c61-bde7-8473a3fdd59c,"Rebar, 45 t - Sepehr Contracting Industries",Sepehr Contracting Industries,Purchasing Manager,100000000,Isfahan,3,74797b61-2737-4b52-ba6a-210722319050,82d29bf8-61e3-478b-b2eb-de4e95c4fab0,100000000,55.0,3c847821-4f10-4422-9fc2-2517e593562b,10f1bc81-448a-4a9e-a6b2-bc5b50c187fc,2024-12-02T12:23:00Z,2024-12-04T07:09:00Z,1,3,ec68e82f-de38-41b8-9be6-7de9628184b8
a45ca94a-3452-48c4-a031-046126d3e222,"Beams & Sections, 70 t - Alvand Sakhteman Group",Alvand Sakhteman Group,Managing Director,100000000,Isfahan,3,74797b61-2737-4b52-ba6a-210722319050,33b70b63-4bee-4160-bfac-89fe5fe0c7c3,100000001,55.0,225f52ab-5425-44b8-a098-d2e3bd3fdb62,9132b63e-f162-47e4-a9c3-49e03602f8ac,2024-12-18T07:41:00Z,2024-12-23T11:49:00Z,1,3,a11b311b-1e38-4e5f-ad57-fd9f43319f87
cab21438-8557-4c6c-8a23-b722c2afba28,"Beams & Sections, 80 t - Sadaf Ahan Forooshi Group",Sadaf Ahan Forooshi Group,Supply Chain Manager,100000004,Tehran,3,74797b61-2737-4b52-ba6a-210722319050,c976ec61-a4c3-4af7-914a-36bf47334b73,100000001,90.0,0dd7cac2-8a10-45c5-b4b0-738e3e040782,0e51f30d-c6a7-4e39-84b0-32ccd7c524a5,2025-02-26T09:34:00Z,2025-03-01T04:35:00Z,1,3,6f5022f6-8db9-46fb-8204-6c6e12406ad5
f42323d9-11ea-4815-bddc-44f5deaf9631,"Rebar, 260 t - Kimia Contracting Industries",Kimia Contracting Industries,Procurement Lead,100000000,Khorasan Razavi,3,74797b61-2737-4b52-ba6a-210722319050,108abb5c-018c-4313-a139-6d49713e9035,100000000,280.0,e8b77f7b-7321-4f6b-8a80-76ece5582e16,24933b83-7577-40a9-a491-f0b2ea1fca65,2024-10-05T04:59:00Z,2024-10-10T08:52:00Z,2,5,
6d1e0d7d-1402-46ee-81e6-935f3c7ed208,"Rebar, 55 t - Sepehr Sakhteman Co.",Sepehr Sakhteman Co.,Project Manager,100000000,Tehran,3,74797b61-2737-4b52-ba6a-210722319050,3451cf94-ee8b-46d3-8b94-6541d4cae432,100000000,70.0,,b02b61c4-a3d7-4628-ace6-6fa2fd5166e6,2025-04-01T11:01:00Z,2025-04-06T06:33:00Z,2,6,
6c35e33c-70fe-45a1-b880-adc62af2b718,"Beams & Sections, 80 t - Diba Construction Ltd.",Diba Construction Ltd.,Supply Chain Manager,100000000,Tehran,3,74797b61-2737-4b52-ba6a-210722319050,60b217f9-65f3-4984-9c0d-8fccf8f960bd,100000001,70.0,f42973f5-d1d1-4e0b-a7e7-a6bdc2a49fd8,0e51f30d-c6a7-4e39-84b0-32ccd7c524a5,2025-06-28T12:45:00Z,2025-07-02T12:10:00Z,1,3,3b71f750-44cd-40be-b890-92fed957fbc5
4cdbf99e-ebe9-4dd4-a80d-9169c24489e1,"Beams & Sections, 35 t - Arvand Fabrication Works Industries",Arvand Fabrication Works Industries,Purchasing Manager,100000001,Tehran,3,74797b61-2737-4b52-ba6a-210722319050,154ebf91-daa2-42b4-ad69-e88c61a4b230,100000001,40.0,61652fd3-41dd-4edf-acfa-a174ba059e68,0e51f30d-c6a7-4e39-84b0-32ccd7c524a5,2025-02-12T05:28:00Z,2025-02-16T05:50:00Z,1,3,aaf776a0-a269-4bf9-8924-4e4211a4a490
7b189d5d-9b24-4a55-8fe8-8b776009a05a,"Beams & Sections, 240 t - Sahand Urban Infrastructure Group",Sahand Urban Infrastructure Group,Supply Chain Manager,100000005,Hormozgan,3,74797b61-2737-4b52-ba6a-210722319050,48817b98-741f-4545-8e4c-01f676b1d8fa,100000001,285.0,5fcf5c22-b9b0-4c1a-baf9-706d802ddcc4,e27a984d-6548-41d0-bfcd-9eb1a7cad415,2025-03-02T04:30:00Z,2025-03-06T04:36:00Z,1,3,91c4385d-f710-47a0-9021-745d9cbca1ad
be006ccb-f872-4487-a507-c321f0b6844f,"Beams & Sections, 45 t - Taban Contracting Co.",Taban Contracting Co.,Managing Director,100000000,East Azerbaijan,3,74797b61-2737-4b52-ba6a-210722319050,6a7330b3-ecfa-4700-a790-eee07dcfe924,100000001,50.0,eea00af9-6283-450f-9fdd-c20aebee30cf,beb79919-3f22-4af8-a3be-d01d43cf2fde,2025-02-03T11:59:00Z,2025-02-08T07:32:00Z,1,3,63bc1c09-316a-4f4a-807b-32cb7af41f8f
c571f9ab-4158-4d90-b504-4d156fb138c2,"Galvanized Sheet, 325 t - Mehr Tube Mills Group",Mehr Tube Mills Group,Supply Chain Manager,100000002,Khuzestan,3,74797b61-2737-4b52-ba6a-210722319050,c350bf4f-31b8-4079-a990-94c090cbb982,100000004,275.0,6c8de840-ed30-4556-a2a5-3193a6a1cc2b,366eb16f-508e-4ad7-b7c9-3acfe059a0ee,2025-03-26T12:29:00Z,2025-04-02T07:21:00Z,1,3,a40b1790-8d61-49ba-abcc-ef52e3365f8c
5c85a58c-d029-4d6b-abe5-5cc408d57cf7,"Rebar, 95 t - Nasim Sakhteman Ltd.",Nasim Sakhteman Ltd.,Supply Chain Manager,100000000,Khorasan Razavi,3,74797b61-2737-4b52-ba6a-210722319050,7a4c38ef-3e0a-466d-bf2d-bf97bc547d54,100000000,90.0,3098f7b2-500e-45c0-b89b-df7f93e34c35,24933b83-7577-40a9-a491-f0b2ea1fca65,2024-12-16T09:26:00Z,2024-12-19T10:55:00Z,1,3,f80965c3-434a-4fb5-bd46-9099561255c2
3f569381-4119-4559-a5b9-de82ae5a5f99,"Hot-Rolled Sheet, 40 t - Bamdad Eskelet Felezi Co.",Bamdad Eskelet Felezi Co.,Procurement Lead,100000001,Fars,3,74797b61-2737-4b52-ba6a-210722319050,f1bb5d9b-7499-4b6b-9afd-d46442e6918c,100000002,40.0,af475b49-c775-4395-9494-05f02cd2a404,e27a984d-6548-41d0-bfcd-9eb1a7cad415,2025-05-11T05:23:00Z,2025-05-14T10:35:00Z,1,3,7d9dfdb7-9747-42fb-a02d-a0b00d7c79d4
1491b51d-e6a7-46b0-b961-9ae2960e9c1a,"Wire Rod, 180 t - Helia Iron & Steel Supply Co.",Helia Iron & Steel Supply Co.,Supply Chain Manager,100000004,Hormozgan,3,74797b61-2737-4b52-ba6a-210722319050,b4c0fd18-65cd-4fd1-a264-9ce8eab8d5be,100000006,230.0,,e27a984d-6548-41d0-bfcd-9eb1a7cad415,2025-02-10T11:54:00Z,2025-02-16T10:46:00Z,2,4,
cc2b2f49-c6d5-4a90-9296-ae08a2dcb574,"Pipes & Profiles, 40 t - Arvand Ahan Forooshi Co.",Arvand Ahan Forooshi Co.,Purchasing Manager,100000004,Isfahan,3,74797b61-2737-4b52-ba6a-210722319050,1bf962a5-16c0-48e8-9e92-2cf1ba47680f,100000005,50.0,7de1936b-d0fe-44f1-ab1c-2d3dfcadb3fd,10f1bc81-448a-4a9e-a6b2-bc5b50c187fc,2024-12-03T06:30:00Z,2024-12-11T06:19:00Z,1,3,aade9681-bd3b-45a0-8f2f-93d5b0f91edc
6e52b671-bba8-47e5-89d0-aac1a78eb37c,"Beams & Sections, 595 t - Espadana Dam & Water Works Ltd.",Espadana Dam & Water Works Ltd.,Project Manager,100000005,Tehran,3,74797b61-2737-4b52-ba6a-210722319050,6ab62dbf-8663-48bb-aaf7-895bb241cfd3,100000001,455.0,1c3892e8-f2cf-4d63-80ab-4b7f2e968660,ce177b4e-0837-48a3-9261-a7ab3aa2e4f9,2025-06-23T13:18:00Z,2025-06-26T08:39:00Z,1,3,6f3c1308-be0a-4197-a9ea-fe0c576cacea
e9b87e7a-a078-4a1f-b0d3-b5f768a69e71,"Cold-Rolled Sheet, 110 t - Shahab Appliance Components Ltd.",Shahab Appliance Components Ltd.,Managing Director,100000003,Fars,3,74797b61-2737-4b52-ba6a-210722319050,df223246-e6fb-41d3-bba2-6c214264e318,100000003,95.0,3c1a8ce2-95ec-4c2c-8798-3bc0579744ba,e27a984d-6548-41d0-bfcd-9eb1a7cad415,2025-01-07T09:02:00Z,2025-01-11T07:23:00Z,1,3,a9c8e14e-fd0a-44e4-b1ee-cd8e992c980f
441dde33-0fa1-459f-826f-05f619cea0c3,"Rebar, 180 t - Kian Iron & Steel Supply Co.",Kian Iron & Steel Supply Co.,Managing Director,100000004,Isfahan,3,74797b61-2737-4b52-ba6a-210722319050,c2b2547d-ac3c-4be3-bc35-b2747a57772b,100000000,170.0,,9132b63e-f162-47e4-a9c3-49e03602f8ac,2025-02-24T12:11:00Z,2025-02-27T06:58:00Z,2,6,
852393d7-9a5d-476e-a02b-a25601dbeb73,"Rebar, 65 t - Chakad Construction Ltd.",Chakad Construction Ltd.,Managing Director,100000000,Khuzestan,3,74797b61-2737-4b52-ba6a-210722319050,cab285dc-85b7-4774-b608-937418caa0a9,100000000,50.0,57d3ec63-e3e1-43bb-ae8e-60755eebc618,366eb16f-508e-4ad7-b7c9-3acfe059a0ee,2025-06-24T05:17:00Z,2025-06-28T11:04:00Z,1,3,d897402f-82e1-4b2d-9bed-d598648c155c
ce67b962-548b-4bb7-9f82-00b85b24bb54,"Pipes & Profiles, 80 t - Arvand Eskelet Felezi Group",Arvand Eskelet Felezi Group,Supply Chain Manager,100000001,Tehran,3,74797b61-2737-4b52-ba6a-210722319050,f9ad97ae-0ea7-41a6-9c5d-fb8d60e12973,100000005,90.0,8f964685-3514-4890-84c8-6c4623595fa4,0e51f30d-c6a7-4e39-84b0-32ccd7c524a5,2025-03-16T08:45:00Z,2025-03-18T12:33:00Z,1,3,a2c1c19a-7cf2-487e-b9b5-dc0b7947350a
87d75309-de77-4156-9f76-043f9a16b853,"Beams & Sections, 40 t - Karun Sakhteman Co.",Karun Sakhteman Co.,Procurement Lead,100000000,Khorasan Razavi,3,74797b61-2737-4b52-ba6a-210722319050,0692fe02-238c-4712-accf-3b91e35209a0,100000001,35.0,a904babd-69c2-4a17-83d1-677a79a6ab72,24933b83-7577-40a9-a491-f0b2ea1fca65,2025-03-03T11:55:00Z,2025-03-09T12:24:00Z,1,3,a6653bd7-bda5-428b-9de8-8ea2ccff637a
592c6a0e-14d4-4d3a-8b40-fcdd9cd2da08,"Galvanized Sheet, 50 t - Ava Loleh Sazi Ltd.",Ava Loleh Sazi Ltd.,Site Engineer,100000002,Khuzestan,3,74797b61-2737-4b52-ba6a-210722319050,bd3c83c3-6671-49de-bc0a-8f909b54d227,100000004,50.0,9b6fbe20-4b3a-4a83-a286-16f4bbf9a04b,366eb16f-508e-4ad7-b7c9-3acfe059a0ee,2024-10-10T12:57:00Z,2024-10-14T07:10:00Z,1,3,08303126-82ec-4f42-9a40-77920209f205
c8ecb641-9267-4e10-a050-df248522496a,"Beams & Sections, 105 t - Kaspian Builders Group",Kaspian Builders Group,Managing Director,100000000,Khuzestan,3,74797b61-2737-4b52-ba6a-210722319050,deaf0fa9-24a6-4a6c-b641-d44931f09021,100000001,80.0,,366eb16f-508e-4ad7-b7c9-3acfe059a0ee,2024-12-10T06:41:00Z,2024-12-14T13:01:00Z,2,6,
f47e3ca0-723f-485a-a57b-084d2b0582e0,"Beams & Sections, 1245 t - Golestan Metal Center Group",Golestan Metal Center Group,Site Engineer,100000004,Isfahan,3,74797b61-2737-4b52-ba6a-210722319050,77806788-dff1-45e3-bcba-6c808c7aa939,100000001,1405.0,fe4cefed-6f55-4c9e-9b00-0f9f16e500e5,9132b63e-f162-47e4-a9c3-49e03602f8ac,2024-11-30T07:12:00Z,2024-12-05T11:32:00Z,1,3,8435dc23-f749-455d-bc4b-543dc0bb8402
622c636f-e713-4930-9395-8e5cedd0ce02,"Cold-Rolled Sheet, 65 t - Sabalan Press Works Co.",Sabalan Press Works Co.,Procurement Lead,100000003,Tehran,3,74797b61-2737-4b52-ba6a-210722319050,edd32be9-2905-4dd7-877b-1426b73c62ab,100000003,65.0,aa5ca8cd-1f83-4b8d-abac-8660e5c345fc,0e51f30d-c6a7-4e39-84b0-32ccd7c524a5,2025-06-04T11:59:00Z,2025-06-08T11:31:00Z,1,3,520a7db0-0dbe-4823-b4dc-8e30ae9ba657
3bbdf80c-cef6-4a14-afdc-c21bdb2c0eb7,"Beams & Sections, 40 t - Tous Omran Group",Tous Omran Group,Project Manager,100000000,Isfahan,3,74797b61-2737-4b52-ba6a-210722319050,f75c0751-8fd8-4cb4-88fb-2050a460cf44,100000001,25.0,49646b96-fa3c-4628-8926-21df465568b7,9132b63e-f162-47e4-a9c3-49e03602f8ac,2025-02-22T07:32:00Z,2025-02-23T06:37:00Z,2,6,
92a593c8-1db9-4330-b127-6a5cbe9f44cb,"Hot-Rolled Sheet, 130 t - Arvand Steel Depot Industries",Arvand Steel Depot Industries,Site Engineer,100000004,Tehran,3,74797b61-2737-4b52-ba6a-210722319050,302b0401-efed-498b-979a-7368bd96bb0a,100000002,110.0,bca6a6b0-93b0-427e-a154-7769f43dd740,ce177b4e-0837-48a3-9261-a7ab3aa2e4f9,2025-05-19T04:53:00Z,2025-05-21T06:26:00Z,1,3,eca74d46-dc97-4cb8-aa8b-6b0e76a3fc22
635d8150-d8dc-43a5-b09a-8327891d47fe,"Rebar, 130 t - Ilia Fabrication Works Co.",Ilia Fabrication Works Co.,Site Engineer,100000001,Isfahan,3,74797b61-2737-4b52-ba6a-210722319050,970e287a-0fd7-40f2-8f90-8490006e0070,100000000,115.0,24eeb4a6-c145-45c7-9d98-6115f05eeefe,10f1bc81-448a-4a9e-a6b2-bc5b50c187fc,2024-11-16T09:33:00Z,2024-11-18T09:36:00Z,1,3,34c3de25-f45f-40b6-a020-8323371a66b9
a9eb0bf9-850e-4d30-a055-adeccbebb43f,"Rebar, 70 t - Negin Contracting Co.",Negin Contracting Co.,Supply Chain Manager,100000000,Isfahan,3,74797b61-2737-4b52-ba6a-210722319050,ef15b821-ade6-4f3c-8c2a-261d5d7233db,100000000,80.0,73e7f042-516c-4b0a-9385-3918bc4015fa,10f1bc81-448a-4a9e-a6b2-bc5b50c187fc,2025-05-25T10:22:00Z,2025-06-02T08:04:00Z,1,3,ab6754b0-81bd-4533-8ee6-94bb71e7915f
380a1bb7-d653-44bb-8bfc-a0caf1613bab,"Hot-Rolled Sheet, 170 t - Helia Ahan Bazar Co.",Helia Ahan Bazar Co.,Purchasing Manager,100000004,Khorasan Razavi,3,74797b61-2737-4b52-ba6a-210722319050,d0ef1299-250b-4c5a-90e0-8a8175ea1023,100000002,195.0,51f4a724-9950-4858-88ca-c260b3f5a21c,24933b83-7577-40a9-a491-f0b2ea1fca65,2024-10-17T08:12:00Z,2024-10-20T07:50:00Z,1,3,737f718a-ad6a-400c-ba20-97bd1a9fdb8e
4a9f6c5c-7eb9-4e2d-b738-7270d424d9f3,"Cold-Rolled Sheet, 130 t - Tirdad Pipe Works Group",Tirdad Pipe Works Group,Managing Director,100000002,East Azerbaijan,3,74797b61-2737-4b52-ba6a-210722319050,a18e4440-7a70-4cf8-92ef-d363b4dea4a4,100000003,190.0,27177e59-5548-4613-8f69-ef2dfb2c2c83,beb79919-3f22-4af8-a3be-d01d43cf2fde,2025-01-02T07:03:00Z,2025-01-05T10:15:00Z,1,3,d359e710-de55-42db-a8d7-447e5cd3660f
4c91ef0e-644d-452c-ba36-96cc7ccd1ac6,"Beams & Sections, 85 t - Iranmehr Eskelet Felezi Co.",Iranmehr Eskelet Felezi Co.,Project Manager,100000001,Khorasan Razavi,3,74797b61-2737-4b52-ba6a-210722319050,db55daf5-2dd4-450c-86aa-7991dd8cf1ca,100000001,85.0,592aa87b-fd85-4cf8-b932-28b9ad8ac4bc,24933b83-7577-40a9-a491-f0b2ea1fca65,2025-06-16T08:14:00Z,2025-06-21T06:38:00Z,1,3,9e78bc4b-a70f-4a18-b631-ba811edfb542
4849032c-4875-4d16-ba0c-96e28720d00f,"Wire Rod, 245 t - Omid Steel Trading Ltd.",Omid Steel Trading Ltd.,Procurement Lead,100000004,Tehran,3,74797b61-2737-4b52-ba6a-210722319050,126301a0-641c-4619-a430-58d9c1f98e90,100000006,280.0,18e9ef77-64ce-4589-8c4a-62badb335860,5304317f-af42-412f-b838-b3268e944239,2025-04-17T06:06:00Z,2025-04-23T11:05:00Z,1,3,ee888d3c-241c-45b3-9066-3b33348ad2ff
0ddb0654-ce19-4f51-9da8-b3919494065d,"Rebar, 160 t - Pouya Builders Ltd.",Pouya Builders Ltd.,Managing Director,100000000,Tehran,3,74797b61-2737-4b52-ba6a-210722319050,ca9128fb-c094-4932-92cb-8f692182b518,100000000,175.0,2e326567-d284-454e-bebe-c0db9a3a6103,b02b61c4-a3d7-4628-ace6-6fa2fd5166e6,2024-11-30T11:20:00Z,2024-12-04T07:55:00Z,1,3,430c8877-4b68-4801-afef-326e724ae0df
32167340-bf95-4f33-8dea-6f5237d7cab3,"Wire Rod, 240 t - Kowsar Metal Center Industries",Kowsar Metal Center Industries,Project Manager,100000004,Mazandaran,3,74797b61-2737-4b52-ba6a-210722319050,35b33f54-2513-4cd4-a5b0-15b44a84525f,100000006,170.0,fb924354-f34d-4b13-a065-f5cf25c978b5,0e51f30d-c6a7-4e39-84b0-32ccd7c524a5,2025-03-06T05:36:00Z,2025-03-09T10:10:00Z,1,3,b59fe038-e438-49a5-b0a5-d6a43b86fb86
f1efa963-2dfc-4b9c-b94f-ebeff96277e5,"Galvanized Sheet, 485 t - Pishgam Pipe Works Ltd.",Pishgam Pipe Works Ltd.,Procurement Lead,100000002,Hormozgan,3,74797b61-2737-4b52-ba6a-210722319050,5b078b11-1896-4587-8e6b-bde0ed0d6017,100000004,675.0,6f0eebef-97e8-4057-96a7-01aba66ccf43,e27a984d-6548-41d0-bfcd-9eb1a7cad415,2025-06-08T05:25:00Z,2025-06-16T13:17:00Z,1,3,012b253e-b5c1-44cc-a84b-9a0b7588433e
2c281bbd-f45d-4d91-989d-a530b01fb9f3,"Rebar, 40 t - Javid Contracting Ltd.",Javid Contracting Ltd.,Project Manager,100000000,Khorasan Razavi,3,74797b61-2737-4b52-ba6a-210722319050,4d7d10f3-7d16-4638-a58a-83773da8b37a,100000000,50.0,,24933b83-7577-40a9-a491-f0b2ea1fca65,2025-02-22T10:13:00Z,2025-02-23T06:20:00Z,2,6,
71f34593-a737-419b-a1e0-9bf146748ee4,"Rebar, 215 t - Nikan Builders Co.",Nikan Builders Co.,Site Engineer,100000000,Isfahan,3,74797b61-2737-4b52-ba6a-210722319050,61d15db2-a67a-470a-9175-3cd1dd69cf6b,100000000,110.0,399557cb-827e-40b2-a892-0b25ab35f75a,10f1bc81-448a-4a9e-a6b2-bc5b50c187fc,2025-03-24T13:03:00Z,2025-03-27T13:25:00Z,1,3,29e7de22-97a6-4f22-9edc-130bc35430fe
b198047f-4612-4424-bac0-67a69297eaac,"Cold-Rolled Sheet, 90 t - Iranmehr Appliance Components Industries",Iranmehr Appliance Components Industries,Project Manager,100000003,Isfahan,3,74797b61-2737-4b52-ba6a-210722319050,fcc2ed18-92ae-413c-963b-d56405e514ff,100000003,90.0,4c618a43-6f04-4c76-b3e6-922da5044925,9132b63e-f162-47e4-a9c3-49e03602f8ac,2025-02-27T13:05:00Z,2025-03-03T04:51:00Z,1,3,cb66839b-e81c-4c16-9072-d09b0aba474a
67c3bd9e-2f54-40e5-899a-5349cb93dab6,"Beams & Sections, 80 t - Elham Abadgaran Co.",Elham Abadgaran Co.,Supply Chain Manager,100000000,Tehran,3,5fa5e0aa-9b11-4530-bd24-7c11bf6b8cdf,dcb9d394-e8ac-44c4-b6b9-824010416cbc,100000001,60.0,,0e51f30d-c6a7-4e39-84b0-32ccd7c524a5,2025-08-26T04:48:00Z,2025-08-27T12:56:00Z,2,4,
105dd35c-7d12-4b6b-87b3-d329cfec1804,"Wire Rod, 240 t - Raman Metal Center Co.",Raman Metal Center Co.,Site Engineer,100000004,Isfahan,3,5fa5e0aa-9b11-4530-bd24-7c11bf6b8cdf,c891c9c6-8952-4c51-9145-3eb78e59f579,100000006,300.0,1e0914d2-e5c9-43b1-a898-dac4f736df7e,9132b63e-f162-47e4-a9c3-49e03602f8ac,2025-11-29T09:09:00Z,2025-12-04T10:16:00Z,1,3,a78b2a26-e67f-42b4-bf1a-69dc4c507a04
a71372ab-34cb-4b9a-9338-82b320fa15b7,"Hot-Rolled Sheet, 255 t - Yekta Pipe & Profile Industries",Yekta Pipe & Profile Industries,Supply Chain Manager,100000002,Khuzestan,3,5fa5e0aa-9b11-4530-bd24-7c11bf6b8cdf,0a054950-1f7f-45b0-9075-b55accee6b1c,100000002,235.0,2bee2fff-8b5f-43fe-b75d-dff45d123e9b,366eb16f-508e-4ad7-b7c9-3acfe059a0ee,2026-01-14T10:00:00Z,2026-01-18T13:26:00Z,1,3,0d8d5a25-e9d3-4b1e-9621-1731b18f71d1
0bd18d4a-4cf4-4edd-bf93-04fa00059b9d,"Cold-Rolled Sheet, 35 t - Darya Press Works Co.",Darya Press Works Co.,Managing Director,100000003,Khorasan Razavi,3,5fa5e0aa-9b11-4530-bd24-7c11bf6b8cdf,a87d21ff-f1fa-4e6a-ba23-6dbb6c4d1774,100000003,40.0,e92915a3-85cd-44bf-901c-93a3b1f22be5,24933b83-7577-40a9-a491-f0b2ea1fca65,2025-09-06T12:59:00Z,2025-09-08T10:09:00Z,1,3,a7186dec-f0f4-4e60-b832-f963318f8cd8
0b73ca1c-d1dc-41e5-a9a1-44751958a981,"Beams & Sections, 195 t - Chakad Steel Trading Co.",Chakad Steel Trading Co.,Purchasing Manager,100000004,Isfahan,3,5fa5e0aa-9b11-4530-bd24-7c11bf6b8cdf,b01c337e-35b8-4aae-82b6-0c8e89c818d7,100000001,240.0,371831f3-d527-489b-9b28-65da4cb9be7b,9132b63e-f162-47e4-a9c3-49e03602f8ac,2026-03-02T06:34:00Z,2026-03-07T13:13:00Z,1,3,97080153-547b-4fda-9299-4c9f5ebc7f2a
42bb8f63-4145-4abc-8cc2-e0f013093c17,"Pipes & Profiles, 65 t - Sahand Eskelet Felezi Ltd.",Sahand Eskelet Felezi Ltd.,Purchasing Manager,100000001,Tehran,3,5fa5e0aa-9b11-4530-bd24-7c11bf6b8cdf,6c092d0a-9f4f-4355-baa6-961c20e4dbfe,100000005,70.0,8f942977-b582-4f0c-bd23-36f45b44e6ed,b02b61c4-a3d7-4628-ace6-6fa2fd5166e6,2026-05-27T07:51:00Z,2026-06-02T08:14:00Z,1,3,f37de751-2ace-4707-83da-33f6766793b4
3429ce3b-8931-4697-a4ab-a2a0b1cbc263,"Galvanized Sheet, 175 t - Rahyab Press Works Industries",Rahyab Press Works Industries,Site Engineer,100000003,Fars,3,5fa5e0aa-9b11-4530-bd24-7c11bf6b8cdf,f0b0e729-6ce3-4d67-ad30-c94b4111e681,100000004,105.0,6491982b-e5ad-481d-977f-4c1626d658fb,e27a984d-6548-41d0-bfcd-9eb1a7cad415,2025-10-14T06:04:00Z,2025-10-16T12:49:00Z,1,3,18ddd0ec-3161-4d58-b580-2785bab619b7
82ece8aa-d20c-4375-a5d4-53c4a845fee9,"Rebar, 135 t - Arya Contracting Co.",Arya Contracting Co.,Site Engineer,100000000,Isfahan,3,5fa5e0aa-9b11-4530-bd24-7c11bf6b8cdf,904ada37-5f44-4716-b6e5-dd9a315007d2,100000000,180.0,11defebf-9e98-461d-88fe-bf6d199c8d94,9132b63e-f162-47e4-a9c3-49e03602f8ac,2026-05-16T07:31:00Z,2026-05-23T11:46:00Z,2,4,
af194390-1c28-4022-880e-6ddd1fe72d21,"Hot-Rolled Sheet, 35 t - Sepehr Eskelet Felezi Industries",Sepehr Eskelet Felezi Industries,Site Engineer,100000001,Tehran,3,5fa5e0aa-9b11-4530-bd24-7c11bf6b8cdf,4526ed62-13d8-46e6-bf5c-022a9a86013d,100000002,50.0,,0e51f30d-c6a7-4e39-84b0-32ccd7c524a5,2026-01-06T06:24:00Z,2026-01-08T05:08:00Z,2,6,
f3a80aa0-60ee-4cbc-b8e3-c67df8018a19,"Beams & Sections, 105 t - Omid Steel Merchants Ltd.",Omid Steel Merchants Ltd.,Procurement Lead,100000004,Khuzestan,3,5fa5e0aa-9b11-4530-bd24-7c11bf6b8cdf,fabf8aef-608d-4b54-9913-0b900286675d,100000001,150.0,e0218caf-ba73-4a4e-86c7-1c162cfcbb3f,366eb16f-508e-4ad7-b7c9-3acfe059a0ee,2026-06-10T10:32:00Z,2026-06-14T11:57:00Z,1,3,6b3c8bbd-0a9a-4c0f-84da-2fe60657279b
59518620-8769-4e24-9875-589a7d57a51f,"Rebar, 145 t - Pouya Contracting Co.",Pouya Contracting Co.,Purchasing Manager,100000000,Fars,3,5fa5e0aa-9b11-4530-bd24-7c11bf6b8cdf,ce8a5306-d243-4d1b-96bd-5e9f4e7a081e,100000000,145.0,,e27a984d-6548-41d0-bfcd-9eb1a7cad415,2026-02-26T08:18:00Z,2026-02-28T07:58:00Z,2,6,
2e408d57-63ba-4c3d-807a-be48f24e7fd6,"Wire Rod, 85 t - Shahab Steel Depot Industries",Shahab Steel Depot Industries,Procurement Lead,100000004,Isfahan,3,5fa5e0aa-9b11-4530-bd24-7c11bf6b8cdf,51683612-2bb6-4a4e-8c47-5261e585a0a5,100000006,70.0,d06d3943-c8b3-415e-b664-704355c9bf0f,9132b63e-f162-47e4-a9c3-49e03602f8ac,2026-06-10T09:24:00Z,2026-06-13T06:16:00Z,1,3,9a67db9c-d4d0-467e-99d6-f3d4801a70d1
6714272a-d981-4a41-a1cc-233c9838d168,"Rebar, 160 t - Pardis Foolad Trading Industries",Pardis Foolad Trading Industries,Procurement Lead,100000004,Khorasan Razavi,3,5fa5e0aa-9b11-4530-bd24-7c11bf6b8cdf,8d3a5b2d-881c-4211-89eb-597bf7ceddc4,100000000,200.0,,24933b83-7577-40a9-a491-f0b2ea1fca65,2025-08-21T08:05:00Z,2025-08-23T09:16:00Z,2,5,
44725ab7-bc44-4417-914b-a9bb60f91495,"Beams & Sections, 420 t - Zarrin Urban Infrastructure Ltd.",Zarrin Urban Infrastructure Ltd.,Managing Director,100000005,Fars,3,5fa5e0aa-9b11-4530-bd24-7c11bf6b8cdf,248607c2-2059-4d46-a856-0b7427ce46ce,100000001,400.0,705faecd-2edf-402e-b531-8081b4effa29,e27a984d-6548-41d0-bfcd-9eb1a7cad415,2025-10-09T10:15:00Z,2025-10-13T08:49:00Z,1,3,28e2c3bf-cd5d-49e1-b1d2-676a2bf67532
f3dea9dc-469c-458b-896d-036a8092189b,"Galvanized Sheet, 65 t - Alvand Appliance Components Industries",Alvand Appliance Components Industries,Project Manager,100000003,Tehran,3,5fa5e0aa-9b11-4530-bd24-7c11bf6b8cdf,77fa7bbc-cc68-453e-9a9f-d637fc7aa2dc,100000004,105.0,c544a049-6811-4a5c-8e3f-d50bf28c635f,b02b61c4-a3d7-4628-ace6-6fa2fd5166e6,2026-02-26T11:37:00Z,2026-03-01T12:14:00Z,1,3,cadf748e-3716-4116-a2ba-b7c39326efcb
3d730c3b-bade-43a0-93a2-2a821458771d,"Rebar, 40 t - Ilia Contracting Ltd.",Ilia Contracting Ltd.,Project Manager,100000000,Tehran,3,5fa5e0aa-9b11-4530-bd24-7c11bf6b8cdf,a27a2bda-1713-442b-9862-042e500f86b1,100000000,80.0,f2ca2002-f650-4852-82bc-e2e0dfd5988e,b02b61c4-a3d7-4628-ace6-6fa2fd5166e6,2025-11-04T10:25:00Z,2025-11-11T08:38:00Z,1,3,ddf6ee84-220b-40ad-a447-640339829270
7f702973-7aca-4b76-a2ec-f870bb15894a,"Rebar, 70 t - Sepehr Builders Ltd.",Sepehr Builders Ltd.,Site Engineer,100000000,Mazandaran,3,5fa5e0aa-9b11-4530-bd24-7c11bf6b8cdf,eeb47b07-8239-41c4-ad52-09e76c8a30c1,100000000,105.0,01ddc628-bef4-4f0c-94d6-761ce92fd9fd,0e51f30d-c6a7-4e39-84b0-32ccd7c524a5,2026-02-19T06:41:00Z,2026-02-26T04:58:00Z,1,3,f09772e8-2e4d-41f3-b400-ca487cb3b641
fe85544c-3e85-4c67-9855-e4a0bfea3d2a,"Rebar, 390 t - Mehr Rail & Road Projects Industries",Mehr Rail & Road Projects Industries,Site Engineer,100000005,Isfahan,3,5fa5e0aa-9b11-4530-bd24-7c11bf6b8cdf,88c982ec-b3dd-4cfb-accb-6ae1b6d331ca,100000000,660.0,f1e7ada0-e15d-4e51-bfc9-77e4d2c7f176,9132b63e-f162-47e4-a9c3-49e03602f8ac,2025-12-07T05:44:00Z,2025-12-10T05:54:00Z,1,3,e488354f-2933-4ae9-b8e2-9c5209a73699
c3828725-e1c6-4384-ae20-a0b5acad7c07,"Rebar, 30 t - Hamoon Abadgaran Industries",Hamoon Abadgaran Industries,Supply Chain Manager,100000000,Tehran,3,5fa5e0aa-9b11-4530-bd24-7c11bf6b8cdf,2b24ef63-f6f3-4192-b2da-dc219b7cd539,100000000,45.0,,5304317f-af42-412f-b838-b3268e944239,2026-02-04T06:30:00Z,2026-02-12T11:07:00Z,2,4,
7bae0f3b-4c96-4dc2-8a41-aed81e2c6d4b,"Pipes & Profiles, 210 t - Parsian Metals Supply Ltd.",Parsian Metals Supply Ltd.,Site Engineer,100000004,Tehran,3,5fa5e0aa-9b11-4530-bd24-7c11bf6b8cdf,db992f51-c433-43bd-99cc-86568a03be43,100000005,150.0,64c46086-919f-402e-a194-c7b1bcef40f8,5304317f-af42-412f-b838-b3268e944239,2026-04-06T04:35:00Z,2026-04-11T07:03:00Z,1,3,b609ab77-446b-4a87-9075-575f83c3e866
83f9b580-a499-4b92-b589-de14eee06433,"Pipes & Profiles, 160 t - Tina Fabrication Works Industries",Tina Fabrication Works Industries,Project Manager,100000001,Tehran,3,5fa5e0aa-9b11-4530-bd24-7c11bf6b8cdf,edda1677-4e08-4b81-ac4d-6c0037abaaf8,100000005,125.0,b43bd27f-42a2-49a6-8664-12854303cbc1,5304317f-af42-412f-b838-b3268e944239,2025-12-09T09:08:00Z,2025-12-13T04:59:00Z,1,3,10079f70-4f61-4fb0-b207-43129daf62ed
4c60b543-541b-489c-b5d9-c07c9d9363ea,"Rebar, 85 t - Elham Foolad Trading Industries",Elham Foolad Trading Industries,Project Manager,100000004,Isfahan,3,5fa5e0aa-9b11-4530-bd24-7c11bf6b8cdf,0182144d-5b12-4b1b-8eb8-1b177cff07e3,100000000,95.0,6e4928ac-19f1-45cc-8244-e4d75ac2a176,10f1bc81-448a-4a9e-a6b2-bc5b50c187fc,2025-09-25T13:24:00Z,2025-10-01T13:24:00Z,1,3,d4ba1caf-17f2-41e8-8ca8-e68abeff8feb
6924e248-2759-4511-a604-bfbe83aa622f,"Rebar, 440 t - Kaspian Sakhteman Group",Kaspian Sakhteman Group,Site Engineer,100000000,Isfahan,3,5fa5e0aa-9b11-4530-bd24-7c11bf6b8cdf,8772df4a-15b1-44a6-b292-45ba7df6bc1d,100000000,685.0,4008d4da-a819-413d-84fa-84a427d764ce,10f1bc81-448a-4a9e-a6b2-bc5b50c187fc,2026-03-19T05:28:00Z,2026-03-28T13:29:00Z,1,3,41fe8f05-b1ac-44d9-ab49-c2e69855d370
e466c937-6da7-495b-9d4f-97154c9df049,"Beams & Sections, 30 t - Behsaz Construction Group",Behsaz Construction Group,Site Engineer,100000000,Khorasan Razavi,3,5fa5e0aa-9b11-4530-bd24-7c11bf6b8cdf,5fd2bec3-6536-4c77-b87f-b57839e1609d,100000001,20.0,a801f15e-7046-425d-bd47-4d951bd36f41,24933b83-7577-40a9-a491-f0b2ea1fca65,2025-11-03T04:30:00Z,2025-11-05T08:57:00Z,1,3,cbd8631b-9bea-4b80-8fa7-43e1f20f7bfb
017cc74e-6f18-4343-bf41-5c985a8e8f05,"Beams & Sections, 20 t - Ofogh Sazeh Co.",Ofogh Sazeh Co.,Supply Chain Manager,100000000,Isfahan,3,5fa5e0aa-9b11-4530-bd24-7c11bf6b8cdf,23cecf1e-296d-491f-b079-ae53d6e0217c,100000001,10.0,48ef30ff-3087-47b4-9c54-956f32ce93db,9132b63e-f162-47e4-a9c3-49e03602f8ac,2026-03-17T13:29:00Z,2026-03-21T11:34:00Z,1,3,8cb3cd40-9ef3-4abc-8a4d-cbb7c0a4313c
08175dd0-e6a7-4af7-94ca-6897be71cd60,"Beams & Sections, 120 t - Espadana Steel Structures Co.",Espadana Steel Structures Co.,Managing Director,100000001,Mazandaran,3,5fa5e0aa-9b11-4530-bd24-7c11bf6b8cdf,6bca4f86-6500-4793-a238-dfc60a4e3ccf,100000001,110.0,7d338ca2-6bcc-472a-9e69-2c3f440b71a6,0e51f30d-c6a7-4e39-84b0-32ccd7c524a5,2026-03-14T12:45:00Z,2026-03-16T09:53:00Z,1,3,f3050b10-2ba0-47c4-9cc6-ce209ae724d9
665e467f-e1bb-4399-87c4-32a0c3af3d93,"Pipes & Profiles, 45 t - Pouya Abadgaran Co.",Pouya Abadgaran Co.,Site Engineer,100000000,East Azerbaijan,3,5fa5e0aa-9b11-4530-bd24-7c11bf6b8cdf,c0476d80-532b-470a-a09f-839fb6ddbd11,100000005,40.0,caef3c9e-1b9d-4f1b-b52a-6cbf1c17729f,beb79919-3f22-4af8-a3be-d01d43cf2fde,2026-06-06T08:12:00Z,2026-06-13T07:12:00Z,1,3,e7a0048e-cfe0-42f3-9fe8-0437be5edb12
af374e8c-c473-4700-837e-7f6080000fac,"Beams & Sections, 75 t - Mehr Sakhteman Industries",Mehr Sakhteman Industries,Project Manager,100000000,Khuzestan,3,5fa5e0aa-9b11-4530-bd24-7c11bf6b8cdf,581848c5-27d1-4990-a049-a289056a3b28,100000001,95.0,15263fef-7c65-4bfb-883f-ca724a1a7c2e,366eb16f-508e-4ad7-b7c9-3acfe059a0ee,2025-10-28T09:34:00Z,2025-11-02T13:22:00Z,1,3,c54ecf7a-1023-4bd5-bb57-7197a9a1041e
2fd6129a-82e0-4d39-bab0-08df2709f5b2,"Pipes & Profiles, 1130 t - Helia Dam & Water Works Group",Helia Dam & Water Works Group,Supply Chain Manager,100000005,Tehran,3,5fa5e0aa-9b11-4530-bd24-7c11bf6b8cdf,9e1be56d-3f6c-4de5-adcf-cb58c2ca55ed,100000005,895.0,,b02b61c4-a3d7-4628-ace6-6fa2fd5166e6,2026-02-17T09:16:00Z,2026-02-21T12:31:00Z,2,6,
6ddd5c02-d213-4565-aa94-a1d43f529dae,"Rebar, 135 t - Fardis Steel Merchants Co.",Fardis Steel Merchants Co.,Site Engineer,100000004,Khorasan Razavi,3,5fa5e0aa-9b11-4530-bd24-7c11bf6b8cdf,b371d64d-fe87-417b-8376-bff9dd3a0936,100000000,130.0,baff361a-b37e-4c41-9a62-75f5cf590b8e,24933b83-7577-40a9-a491-f0b2ea1fca65,2026-02-01T13:25:00Z,2026-02-07T06:34:00Z,1,3,f452eecf-ef26-4b4e-a433-d979cd4d0c9c
615eca80-0d0b-4920-9d46-0c9117478b5c,"Pipes & Profiles, 680 t - Aban Iron & Steel Supply Co.",Aban Iron & Steel Supply Co.,Purchasing Manager,100000004,Khuzestan,3,5fa5e0aa-9b11-4530-bd24-7c11bf6b8cdf,331bd602-9dd0-4e04-8485-742a6d22313c,100000005,955.0,0fb49d98-7aac-4a0a-ad13-4ea8560fc071,366eb16f-508e-4ad7-b7c9-3acfe059a0ee,2026-05-19T06:58:00Z,2026-05-21T07:19:00Z,1,3,1963a979-7422-4d32-ae7b-824e8941a31d
b62a7941-59dc-4e0f-b168-5db847d28391,"Beams & Sections, 60 t - Nima Steel Structures Ltd.",Nima Steel Structures Ltd.,Site Engineer,100000001,Isfahan,3,5fa5e0aa-9b11-4530-bd24-7c11bf6b8cdf,5d13539c-44ed-4fd5-9c2c-8fb14de5f2f7,100000001,80.0,0c3ce284-c7e5-4bbb-9cb5-1c535b62a8df,10f1bc81-448a-4a9e-a6b2-bc5b50c187fc,2025-09-22T09:01:00Z,2025-09-25T06:18:00Z,2,4,
5256f928-bea8-4e9f-a911-fd6d0d586ee2,"Rebar, 150 t - Navid Omran Group",Navid Omran Group,Managing Director,100000000,Tehran,3,5fa5e0aa-9b11-4530-bd24-7c11bf6b8cdf,00231f70-0a77-45cc-ae87-46510c2ca7fa,100000000,210.0,1c8d23b4-4dea-4200-9593-83cf5d13a906,0e51f30d-c6a7-4e39-84b0-32ccd7c524a5,2025-10-11T09:18:00Z,2025-10-13T05:14:00Z,1,3,ef0392d4-0b3e-46d4-a3f0-6a8d0fc56ed0
215bdef5-dcaa-4893-853d-1af98d40aeb2,"Hot-Rolled Sheet, 45 t - Elham Profile Sazan Co.",Elham Profile Sazan Co.,Supply Chain Manager,100000002,Fars,3,5fa5e0aa-9b11-4530-bd24-7c11bf6b8cdf,aed690cc-037f-4347-ab40-256118cd99c9,100000002,30.0,959677e9-35c4-4e08-86a4-7588a676ace1,e27a984d-6548-41d0-bfcd-9eb1a7cad415,2025-08-07T08:09:00Z,2025-08-09T04:59:00Z,1,3,347cc236-14b5-4b25-8ef6-2d3d05f8c31b
d141b9e4-a783-41c8-a250-891ae9846baa,"Pipes & Profiles, 370 t - Omid Ahan Forooshi Co.",Omid Ahan Forooshi Co.,Purchasing Manager,100000004,Khuzestan,3,5fa5e0aa-9b11-4530-bd24-7c11bf6b8cdf,f7e47c8c-9628-4429-8a81-870a1ecf8aec,100000005,260.0,f11afc00-132b-4f36-9940-4d24eced9c30,366eb16f-508e-4ad7-b7c9-3acfe059a0ee,2026-04-27T09:43:00Z,2026-05-03T07:51:00Z,1,3,97096c7d-10e8-4fb1-b103-86ef0fb2b7a1
c2d01c42-fd59-4978-b965-12e3b9b094ac,"Rebar, 85 t - Elham Sazeh Group",Elham Sazeh Group,Managing Director,100000000,Isfahan,3,5fa5e0aa-9b11-4530-bd24-7c11bf6b8cdf,4d2d8efd-57c8-494c-9e77-76ae8bec9a50,100000000,110.0,e43f05c8-40a5-42f7-b62b-9f628ced48ea,9132b63e-f162-47e4-a9c3-49e03602f8ac,2026-05-18T07:08:00Z,2026-05-25T05:56:00Z,1,3,3f633aac-77d6-424d-b0dc-20b8130b084c
a13ecf15-72cf-4b0e-9db2-f6cee5190530,"Wire Rod, 130 t - Iranmehr Ahan Forooshi Co.",Iranmehr Ahan Forooshi Co.,Site Engineer,100000004,East Azerbaijan,3,5fa5e0aa-9b11-4530-bd24-7c11bf6b8cdf,58eb3e59-f9a1-4e3f-8f72-d6afe825049a,100000006,95.0,,beb79919-3f22-4af8-a3be-d01d43cf2fde,2026-04-27T08:46:00Z,2026-04-30T06:51:00Z,2,4,
0f9027d5-90f0-447c-b4af-80050ba24c4f,"Beams & Sections, 35 t - Mehrgan Eskelet Felezi Industries",Mehrgan Eskelet Felezi Industries,Managing Director,100000001,Hormozgan,3,5fa5e0aa-9b11-4530-bd24-7c11bf6b8cdf,4a26eb59-2101-4598-b7ad-3965b25b56dc,100000001,35.0,,e27a984d-6548-41d0-bfcd-9eb1a7cad415,2025-09-13T11:40:00Z,2025-09-16T09:35:00Z,2,6,
70100d7e-2a5f-46e4-9332-406ff8b6bdee,"Hot-Rolled Sheet, 20 t - Diba Contracting Co.",Diba Contracting Co.,Site Engineer,100000000,Tehran,3,5fa5e0aa-9b11-4530-bd24-7c11bf6b8cdf,8373edf3-dec9-4438-884f-f1a7af481fc0,100000002,15.0,,0e51f30d-c6a7-4e39-84b0-32ccd7c524a5,2025-12-28T07:31:00Z,2025-12-31T09:21:00Z,2,4,
edba84d1-e110-4d91-8244-bc44b25c5b50,"Beams & Sections, 150 t - Hirad Builders Co.",Hirad Builders Co.,Site Engineer,100000000,Tehran,3,5fa5e0aa-9b11-4530-bd24-7c11bf6b8cdf,9794b389-37c2-4f27-9267-e7e628f5f5c2,100000001,145.0,,5304317f-af42-412f-b838-b3268e944239,2026-05-11T13:00:00Z,2026-05-14T11:21:00Z,2,6,
8897c497-0bad-4234-b953-70c02bcdce43,"Rebar, 35 t - Kimia Contracting Co.",Kimia Contracting Co.,Procurement Lead,100000000,Tehran,3,5fa5e0aa-9b11-4530-bd24-7c11bf6b8cdf,1e7d8f7b-8d59-434d-84bd-604fb5502e2b,100000000,30.0,fae2d4a8-a475-4fa7-8d30-69bfca6628a8,5304317f-af42-412f-b838-b3268e944239,2025-09-06T05:30:00Z,2025-09-10T08:25:00Z,1,3,e3633352-7209-46ed-9549-6b06eb328007
f2491816-154f-4eb4-9316-7cb55e7e00e5,"Pipes & Profiles, 130 t - Kimia Golkhaneh Sazan Co.",Kimia Golkhaneh Sazan Co.,Managing Director,100000006,Khuzestan,3,5fa5e0aa-9b11-4530-bd24-7c11bf6b8cdf,f8e351ea-9aeb-4c3e-a1f7-815758f34359,100000005,150.0,5fbbf0b1-8083-49c8-a57e-01c90da23e5c,366eb16f-508e-4ad7-b7c9-3acfe059a0ee,2026-06-17T06:58:00Z,2026-06-18T10:09:00Z,1,3,66955102-cdac-478f-a6bd-ea30fa879ae9
02aa1c76-d0e0-4655-a03e-9b5d0ea8d0ee,"Pipes & Profiles, 60 t - Omid Fabrication Works Ltd.",Omid Fabrication Works Ltd.,Supply Chain Manager,100000001,Khuzestan,3,5fa5e0aa-9b11-4530-bd24-7c11bf6b8cdf,fc3a156a-531b-49d8-8b7e-42df9c8a1631,100000005,55.0,f0636972-c737-427a-9e34-106afa902bfb,366eb16f-508e-4ad7-b7c9-3acfe059a0ee,2025-10-11T06:29:00Z,2025-10-12T09:19:00Z,1,3,7a7882f1-5814-4e5b-96bd-53b9f93018d0
a05095fa-deba-4297-81e1-5f65a7610e80,"Rebar, 65 t - Javid Steel Structures Co.",Javid Steel Structures Co.,Site Engineer,100000001,Alborz,3,5fa5e0aa-9b11-4530-bd24-7c11bf6b8cdf,f216880d-61c9-415e-b028-5484beeac4d3,100000000,80.0,cc1b4157-ec9f-4c54-9e0a-72ab7f5db163,5304317f-af42-412f-b838-b3268e944239,2026-01-03T05:29:00Z,2026-01-08T11:36:00Z,1,3,d9379826-4773-4f08-8500-7227d6a6f1c5
bad4f3e0-3b52-4525-b230-b85b27d81ea0,"Galvanized Sheet, 95 t - Dena Agri-Steel Ltd.",Dena Agri-Steel Ltd.,Project Manager,100000006,Tehran,3,5fa5e0aa-9b11-4530-bd24-7c11bf6b8cdf,653d171f-c0bd-4748-9bb4-64a3cec79642,100000004,100.0,a0017720-200b-4903-8642-6c458d03f17a,5304317f-af42-412f-b838-b3268e944239,2025-11-01T06:59:00Z,2025-11-04T09:12:00Z,1,3,8d6ffda7-79da-48a7-8694-b4b14dda6ecf
2e2f2127-babf-4375-b17f-b7867d929cc0,"Rebar, 15 t - Tina Omran Co.",Tina Omran Co.,Procurement Lead,100000000,Alborz,3,5fa5e0aa-9b11-4530-bd24-7c11bf6b8cdf,91d51b06-3059-4fbc-ad15-94cbdcc31cb2,100000000,25.0,722dce13-47a4-4c42-8665-34972fe922aa,b02b61c4-a3d7-4628-ace6-6fa2fd5166e6,2026-04-08T09:30:00Z,2026-04-12T05:00:00Z,2,4,
a52680b3-e8bc-4007-b47c-76903ec8f48e,"Beams & Sections, 170 t - Ofogh Steel Merchants Co.",Ofogh Steel Merchants Co.,Project Manager,100000004,Tehran,3,5fa5e0aa-9b11-4530-bd24-7c11bf6b8cdf,6d283989-1271-4873-a4bd-e1a811c7bec9,100000001,175.0,,ce177b4e-0837-48a3-9261-a7ab3aa2e4f9,2025-11-08T05:45:00Z,2025-11-09T11:05:00Z,2,4,
1987e6d0-9a71-41aa-8304-92b3ced89c97,"Galvanized Sheet, 125 t - Atlas Tube Mills Industries",Atlas Tube Mills Industries,Project Manager,100000002,Alborz,3,5fa5e0aa-9b11-4530-bd24-7c11bf6b8cdf,c01d1c62-ba0d-4f1f-a325-85b486daf596,100000004,170.0,44852295-1566-4483-8526-6dc83f936724,0e51f30d-c6a7-4e39-84b0-32ccd7c524a5,2025-08-25T07:07:00Z,2025-08-26T12:41:00Z,1,3,2513673b-d189-46b5-9542-a1efe0911435
da4bdf2d-56a0-48b4-9179-2ee0bc731d47,"Hot-Rolled Sheet, 285 t - Kian Iron & Steel Supply Ltd.",Kian Iron & Steel Supply Ltd.,Supply Chain Manager,100000004,Isfahan,3,5fa5e0aa-9b11-4530-bd24-7c11bf6b8cdf,8ad8c568-1b39-4777-8aaa-4685f5266edf,100000002,360.0,4eb0c866-29c3-4598-90c2-4f2171bf5c97,10f1bc81-448a-4a9e-a6b2-bc5b50c187fc,2026-05-20T06:18:00Z,2026-05-24T12:05:00Z,1,3,bbc55b2d-40f3-4c0d-ac48-c3039c83d480
056de195-1f81-4097-8b2a-3730a0a2e9bd,"Galvanized Sheet, 60 t - Rastin Greenhouse Structures Co.",Rastin Greenhouse Structures Co.,Supply Chain Manager,100000006,Mazandaran,3,5fa5e0aa-9b11-4530-bd24-7c11bf6b8cdf,447809c0-b129-4cb7-8b24-8c7e0e4ddb72,100000004,50.0,e2eed64b-82f4-4196-9a41-c57f4bf70dc6,5304317f-af42-412f-b838-b3268e944239,2025-11-20T11:47:00Z,2025-11-25T10:16:00Z,1,3,342f2b72-0cac-4cbc-b7be-cf511c1cb8f8
3a0761d9-0624-4bdf-b96c-8f79e983c62e,"Rebar, 70 t - Nikan Construction Co.",Nikan Construction Co.,Site Engineer,100000000,Isfahan,3,5fa5e0aa-9b11-4530-bd24-7c11bf6b8cdf,004f5362-244f-4ce3-aa50-18b5d623c671,100000000,60.0,afcfea4d-627e-41e1-af35-fbc0e1057ec8,9132b63e-f162-47e4-a9c3-49e03602f8ac,2025-09-20T05:00:00Z,2025-09-21T09:16:00Z,1,3,9300c466-d0ab-42f7-9acc-ec2284c03f8e
1387bcda-5b78-47ed-8824-faf3f4b28643,"Beams & Sections, 55 t - Negin Steel Depot Co.",Negin Steel Depot Co.,Project Manager,100000004,Alborz,3,5fa5e0aa-9b11-4530-bd24-7c11bf6b8cdf,f4dafcc8-1a0b-4310-b97a-4dc81c31d9b9,100000001,45.0,397a284f-76a4-479b-bd67-34588f2d0b17,ce177b4e-0837-48a3-9261-a7ab3aa2e4f9,2026-02-07T05:43:00Z,2026-02-11T08:12:00Z,1,3,4e7abf3e-52ba-4f28-bbb9-250e6f39018c
49793220-d14b-4771-9ff0-287a4d334878,"Hot-Rolled Sheet, 40 t - Espadana Steel Depot Co.",Espadana Steel Depot Co.,Project Manager,100000004,Fars,6,e9ad0e9b-8c9a-41e9-b3b2-63376a74dbb7,afe9c3dc-aad2-4db6-a4a3-5a102674d1ff,100000002,55.0,c9f279a8-138c-437a-8c76-864ab61831c5,e27a984d-6548-41d0-bfcd-9eb1a7cad415,2025-01-18T11:01:00Z,2025-01-21T07:56:00Z,1,3,482e0228-8604-4113-8dff-277465e105d0
2586dcd1-a7e6-4e4e-871c-dac2260d76ca,"Beams & Sections, 40 t - Aban Sakhteman Group",Aban Sakhteman Group,Managing Director,100000000,Tehran,6,e9ad0e9b-8c9a-41e9-b3b2-63376a74dbb7,fa61726a-eedf-4f78-9c99-4976008ec990,100000001,40.0,1cf85164-113b-476e-908c-e31e7a7a852e,5304317f-af42-412f-b838-b3268e944239,2025-01-20T11:04:00Z,2025-01-22T08:11:00Z,1,3,912baedc-956d-440a-9a0a-3a1f1e950771
f90c9f84-b184-471c-bb35-b9f96c80423a,"Galvanized Sheet, 40 t - Ilia Press Works Ltd.",Ilia Press Works Ltd.,Purchasing Manager,100000003,Tehran,6,e9ad0e9b-8c9a-41e9-b3b2-63376a74dbb7,7e8450d7-51be-4dc1-9a44-914362908017,100000004,30.0,89eb56c1-7f42-4889-8ca1-7f756b2d470a,5304317f-af42-412f-b838-b3268e944239,2025-01-19T06:56:00Z,2025-01-21T11:08:00Z,1,3,c0fed388-c8a0-4df4-a1ac-b714262d0dee
165607c0-b3fd-4c76-b826-45adbf8f81ea,"Beams & Sections, 90 t - Zarrin Metal Center Ltd.",Zarrin Metal Center Ltd.,Project Manager,100000004,Khorasan Razavi,6,e9ad0e9b-8c9a-41e9-b3b2-63376a74dbb7,cfb0d68d-b189-45a6-86ce-c51b93efb5c4,100000001,55.0,2233212a-f526-4ea2-b953-3cb78ef1a114,24933b83-7577-40a9-a491-f0b2ea1fca65,2025-01-18T06:04:00Z,2025-01-22T08:49:00Z,1,3,d8bb6fad-44d1-4c54-96ff-ed78701d5127
b21eafab-f649-49e8-9e03-2a652346f26d,"Beams & Sections, 70 t - Farazan Construction Industries",Farazan Construction Industries,Managing Director,100000000,Fars,6,e9ad0e9b-8c9a-41e9-b3b2-63376a74dbb7,bf3b1681-0e4d-464e-b97e-8bfbd3ec2149,100000001,85.0,1b2375d0-b38f-40f2-8dd8-67e55f26b2a6,e27a984d-6548-41d0-bfcd-9eb1a7cad415,2025-01-18T07:50:00Z,2025-01-22T05:36:00Z,1,3,44a1f896-a038-4127-a390-40408d6173f2
287e09f1-ded7-445e-980b-82cbd66248bf,"Pipes & Profiles, 15 t - Borna Greenhouse Structures Group",Borna Greenhouse Structures Group,Supply Chain Manager,100000006,East Azerbaijan,6,e9ad0e9b-8c9a-41e9-b3b2-63376a74dbb7,7a114e56-12e2-4c2a-94e4-339da9a9cef7,100000005,20.0,0331bd0d-13ba-4d24-bebb-527c1438e799,beb79919-3f22-4af8-a3be-d01d43cf2fde,2025-01-19T10:52:00Z,2025-01-22T06:12:00Z,1,3,84083d9d-0ed2-423d-9983-442064563a20
0f5c365a-27e8-4b87-9c7b-f8eb4969b2a1,"Rebar, 205 t - Kavir Sabz Foolad Trading Group",Kavir Sabz Foolad Trading Group,Procurement Lead,100000004,Isfahan,6,e9ad0e9b-8c9a-41e9-b3b2-63376a74dbb7,0361b157-b1fb-4587-a514-b3fcc809a0b4,100000000,235.0,744cc6ae-e03f-4f2c-b2bf-fc3fae0e289b,10f1bc81-448a-4a9e-a6b2-bc5b50c187fc,2025-01-18T08:07:00Z,2025-01-21T12:34:00Z,1,3,74a85d90-494d-4681-8393-ceb80e2397dd
6680c5e3-363c-4c32-be3e-14022008bd4c,"Beams & Sections, 50 t - Chakad Ahan Bazar Group",Chakad Ahan Bazar Group,Supply Chain Manager,100000004,Hormozgan,6,e9ad0e9b-8c9a-41e9-b3b2-63376a74dbb7,f37985df-fa59-407b-a0a7-ca57858117a1,100000001,65.0,f9da4f55-bef9-4394-928f-af652f068e12,e27a984d-6548-41d0-bfcd-9eb1a7cad415,2025-01-16T08:30:00Z,2025-01-19T13:19:00Z,1,3,f7c3dc66-7fda-48e0-8eab-1e72c488dc5b
02cf63a8-98dc-4031-b63f-bae910b8c1c5,"Rebar, 35 t - Shahab Eskelet Felezi Co.",Shahab Eskelet Felezi Co.,Managing Director,100000001,Isfahan,6,e9ad0e9b-8c9a-41e9-b3b2-63376a74dbb7,1b4142aa-8aa4-41e9-a9aa-aa7e483eb6a1,100000000,45.0,,10f1bc81-448a-4a9e-a6b2-bc5b50c187fc,2025-01-16T06:19:00Z,2025-01-20T09:11:00Z,2,5,
0b7ce5c6-9096-4629-91f3-90f4fa069889,"Beams & Sections, 35 t - Pardis Eskelet Felezi Co.",Pardis Eskelet Felezi Co.,Managing Director,100000001,Khuzestan,6,e9ad0e9b-8c9a-41e9-b3b2-63376a74dbb7,15c52392-44e8-41e1-bd86-9ad2084930a1,100000001,35.0,f56febb1-484b-424b-806e-10295b4d5bbf,366eb16f-508e-4ad7-b7c9-3acfe059a0ee,2025-01-18T09:36:00Z,2025-01-25T08:20:00Z,1,3,7255304a-f938-4fda-a5e0-80ec3ed5b277
e581c1bc-6843-4e98-94d1-44d518ede297,"Rebar, 85 t - Laleh Steel Merchants Co.",Laleh Steel Merchants Co.,Project Manager,100000004,Tehran,6,e9ad0e9b-8c9a-41e9-b3b2-63376a74dbb7,acb83fce-b3e1-411b-a128-04c5f94e485d,100000000,75.0,,0e51f30d-c6a7-4e39-84b0-32ccd7c524a5,2025-01-18T13:15:00Z,2025-01-22T12:55:00Z,2,6,
9f9bc7bd-5c3d-415c-8a74-982e56ca0fb3,"Rebar, 40 t - Alvand Contracting Group",Alvand Contracting Group,Procurement Lead,100000000,East Azerbaijan,6,e9ad0e9b-8c9a-41e9-b3b2-63376a74dbb7,21962a11-c90c-41d3-b28e-10025766fe0c,100000000,50.0,aed0cbcf-c630-4536-b677-9a11e403999b,beb79919-3f22-4af8-a3be-d01d43cf2fde,2025-01-15T07:51:00Z,2025-01-16T06:17:00Z,1,3,85d9ecee-f78d-4db7-9a46-b8d90384b3ca
fe914b95-a0b6-4265-9120-6a372703c75d,"Hot-Rolled Sheet, 210 t - Behsaz Loleh Sazi Ltd.",Behsaz Loleh Sazi Ltd.,Procurement Lead,100000002,Fars,6,e9ad0e9b-8c9a-41e9-b3b2-63376a74dbb7,f540838e-1333-4679-9b5c-4b589c425665,100000002,250.0,8603156a-15ea-4bcf-ab10-21ceaa143cd8,e27a984d-6548-41d0-bfcd-9eb1a7cad415,2025-01-18T05:11:00Z,2025-01-25T09:11:00Z,1,3,501f8252-b4f4-4510-91f5-14ccc786a0aa
b5ed7ce8-2ddf-4675-9235-d52e16d7ba54,"Rebar, 75 t - Sadaf Eskelet Felezi Ltd.",Sadaf Eskelet Felezi Ltd.,Project Manager,100000001,Fars,6,e9ad0e9b-8c9a-41e9-b3b2-63376a74dbb7,5a765b48-5d03-44d8-9396-440547b5c4cd,100000000,105.0,,e27a984d-6548-41d0-bfcd-9eb1a7cad415,2025-01-16T08:36:00Z,2025-01-21T10:07:00Z,2,6,
ae3acdf2-eac9-41cc-9ea3-93eadb646a33,"Beams & Sections, 120 t - Rayan Eskelet Felezi Ltd.",Rayan Eskelet Felezi Ltd.,Procurement Lead,100000001,Hormozgan,6,e9ad0e9b-8c9a-41e9-b3b2-63376a74dbb7,68b666d6-66a3-43db-8960-42b0dbe7a333,100000001,100.0,,e27a984d-6548-41d0-bfcd-9eb1a7cad415,2025-01-15T06:28:00Z,2025-01-21T11:43:00Z,2,6,
b32281f3-3eac-4015-8a64-25fcbdb4f711,"Hot-Rolled Sheet, 90 t - Taban Profile Sazan Group",Taban Profile Sazan Group,Purchasing Manager,100000002,Khuzestan,6,e9ad0e9b-8c9a-41e9-b3b2-63376a74dbb7,0e9b65bb-a4d4-4431-ba38-f5a09ee08a70,100000002,60.0,da948cdf-6637-4dc7-91f4-48bb28802cff,366eb16f-508e-4ad7-b7c9-3acfe059a0ee,2025-01-18T07:07:00Z,2025-01-21T09:36:00Z,1,3,af12102a-34ba-479e-ab4e-1180d3caf1ed
88fd5890-a479-4ce2-b7ee-e00f7743c104,"Rebar, 205 t - Tarava Steel Depot Co.",Tarava Steel Depot Co.,Procurement Lead,100000004,Isfahan,6,e9ad0e9b-8c9a-41e9-b3b2-63376a74dbb7,5953ff90-17ef-4203-ab4d-738c7657e37c,100000000,200.0,93364f7e-83ef-49f3-a1c7-cc8a04351b64,10f1bc81-448a-4a9e-a6b2-bc5b50c187fc,2025-01-18T13:11:00Z,2025-01-22T06:14:00Z,2,6,
659e2deb-ec28-4a93-b5a4-f270eadeae69,"Beams & Sections, 30 t - Rahyab Omran Group",Rahyab Omran Group,Procurement Lead,100000000,Hormozgan,6,e9ad0e9b-8c9a-41e9-b3b2-63376a74dbb7,1bbcb748-bb55-4fa3-ae26-651915f87768,100000001,20.0,,e27a984d-6548-41d0-bfcd-9eb1a7cad415,2025-01-20T06:05:00Z,2025-01-23T07:56:00Z,2,4,
fa82f65d-6e1b-4be2-8a20-8c075c8aca1b,"Hot-Rolled Sheet, 40 t - Zagros Appliance Components Co.",Zagros Appliance Components Co.,Purchasing Manager,100000003,Tehran,6,e9ad0e9b-8c9a-41e9-b3b2-63376a74dbb7,cefc0e85-efbb-4216-8ff9-7696615a58bd,100000002,40.0,4087be6a-4514-4416-ac44-821eaf051764,0e51f30d-c6a7-4e39-84b0-32ccd7c524a5,2025-01-15T07:05:00Z,2025-01-21T10:57:00Z,1,3,023d5ffc-bfe1-4a7a-ba53-8d7fc797e0f3
e51bdfff-17aa-4aee-8dc2-0df3d49edd91,"Hot-Rolled Sheet, 100 t - Tirdad Tube Mills Group",Tirdad Tube Mills Group,Site Engineer,100000002,Tehran,6,e9ad0e9b-8c9a-41e9-b3b2-63376a74dbb7,2f1fc132-426b-4236-a4a0-7521ab6dd0aa,100000002,95.0,,b02b61c4-a3d7-4628-ace6-6fa2fd5166e6,2025-01-18T10:43:00Z,2025-01-22T12:03:00Z,2,4,
6fd1134e-b25a-4809-b730-e52e2922ecb0,"Wire Rod, 105 t - Arman Ahan Bazar Industries",Arman Ahan Bazar Industries,Site Engineer,100000004,Tehran,6,e9ad0e9b-8c9a-41e9-b3b2-63376a74dbb7,c8aae0c8-b057-41fd-8916-f0b779ba547e,100000006,145.0,,ce177b4e-0837-48a3-9261-a7ab3aa2e4f9,2025-01-18T07:32:00Z,2025-01-20T05:30:00Z,2,6,
bbae2fbd-bc99-4291-9342-98bebe2a85c6,"Pipes & Profiles, 25 t - Omid Eskelet Felezi Co.",Omid Eskelet Felezi Co.,Managing Director,100000001,Alborz,6,e9ad0e9b-8c9a-41e9-b3b2-63376a74dbb7,bbfecb11-f060-46a1-92d1-2566fc829c09,100000005,20.0,3735262d-4184-4b03-84dd-7054144823f7,0e51f30d-c6a7-4e39-84b0-32ccd7c524a5,2025-01-18T08:26:00Z,2025-01-25T12:36:00Z,2,6,
43470982-6808-4471-ac87-ae14f8505ae9,"Rebar, 155 t - Kavir Sabz Steel Merchants Group",Kavir Sabz Steel Merchants Group,Site Engineer,100000004,Khuzestan,6,e9ad0e9b-8c9a-41e9-b3b2-63376a74dbb7,cac19d2e-1d15-471c-9100-1ab9dd42da67,100000000,150.0,4c6a70f4-8ede-444d-876c-f68c3f1be0d0,366eb16f-508e-4ad7-b7c9-3acfe059a0ee,2025-01-16T08:17:00Z,2025-01-19T09:52:00Z,2,5,
5d21a235-d053-47f4-9ec9-1fdc03add1a4,"Beams & Sections, 115 t - Hoda Metal Center Co.",Hoda Metal Center Co.,Project Manager,100000004,Isfahan,6,e9ad0e9b-8c9a-41e9-b3b2-63376a74dbb7,f481b9cb-93ab-4d5e-adfc-1dc4f8c43f7a,100000001,130.0,,10f1bc81-448a-4a9e-a6b2-bc5b50c187fc,2025-01-18T05:05:00Z,2025-01-28T09:16:00Z,2,6,
5a0ae917-690f-4c3c-a9ff-6cc074bc405c,"Pipes & Profiles, 45 t - Kowsar Eskelet Felezi Group",Kowsar Eskelet Felezi Group,Procurement Lead,100000001,East Azerbaijan,6,e9ad0e9b-8c9a-41e9-b3b2-63376a74dbb7,ffc19ef6-a61f-435f-bfc7-06f0b30672dc,100000005,25.0,ef2ddcc4-8df6-41da-9f07-c1a5dfc620ce,beb79919-3f22-4af8-a3be-d01d43cf2fde,2025-01-16T07:40:00Z,2025-01-18T08:48:00Z,2,4,
8d814215-2d49-4058-9f84-e3c56daa8c7e,"Beams & Sections, 125 t - Diba Fabrication Works Industries",Diba Fabrication Works Industries,Purchasing Manager,100000001,Khorasan Razavi,6,e9ad0e9b-8c9a-41e9-b3b2-63376a74dbb7,75757602-2d02-423f-ad25-32e51d0678b7,100000001,140.0,,24933b83-7577-40a9-a491-f0b2ea1fca65,2025-01-18T10:50:00Z,2025-01-25T11:41:00Z,2,6,
9fb30a4d-c071-4a38-bffc-4f097f1464b3,"Galvanized Sheet, 15 t - Dena Agri-Steel Co.",Dena Agri-Steel Co.,Supply Chain Manager,100000006,East Azerbaijan,6,e9ad0e9b-8c9a-41e9-b3b2-63376a74dbb7,1a8a76f3-6949-4fce-aeb8-1b7d9dc33d41,100000004,15.0,,beb79919-3f22-4af8-a3be-d01d43cf2fde,2025-01-18T11:22:00Z,2025-01-23T06:36:00Z,2,4,
da095b0c-4a37-4da3-aaef-0d3e085acd62,"Hot-Rolled Sheet, 45 t - Javid Fabrication Works Co.",Javid Fabrication Works Co.,Procurement Lead,100000001,Khorasan Razavi,6,e9ad0e9b-8c9a-41e9-b3b2-63376a74dbb7,ce4d89f3-94cb-494e-80dc-4cf971b0c1fa,100000002,45.0,f35757c5-7836-4477-9b39-455032103c49,24933b83-7577-40a9-a491-f0b2ea1fca65,2025-01-18T04:55:00Z,2025-01-21T12:12:00Z,1,3,0bc10525-8069-4b57-985d-97cedb64ed4b
c8ddd9bb-b42e-4714-a515-81bad206e99a,"Beams & Sections, 165 t - Taban Ahan Bazar Co.",Taban Ahan Bazar Co.,Procurement Lead,100000004,Khuzestan,6,e9ad0e9b-8c9a-41e9-b3b2-63376a74dbb7,e8724434-69b6-475e-b6c5-3d2be9fdd358,100000001,150.0,,366eb16f-508e-4ad7-b7c9-3acfe059a0ee,2025-01-18T08:06:00Z,2025-01-23T12:19:00Z,2,6,
ac5d7133-6a2a-4cad-a8ca-5b2ecb8e2d61,"Rebar, 135 t - Chakad Sakhteman Co.",Chakad Sakhteman Co.,Managing Director,100000000,Khuzestan,6,e9ad0e9b-8c9a-41e9-b3b2-63376a74dbb7,e71594ff-d6a6-4618-8eb1-8c8843b63613,100000000,165.0,,366eb16f-508e-4ad7-b7c9-3acfe059a0ee,2025-01-18T08:24:00Z,2025-01-20T04:33:00Z,2,5,
6e15c527-fe2a-4cbc-927a-e04ef58b8c61,"Pipes & Profiles, 40 t - Hirad Greenhouse Structures Ltd.",Hirad Greenhouse Structures Ltd.,Project Manager,100000006,East Azerbaijan,6,e9ad0e9b-8c9a-41e9-b3b2-63376a74dbb7,2ba009ec-55c8-4441-9145-c6f899960a38,100000005,40.0,ee93a4d0-cd24-420c-8d34-6977d41bd8bf,beb79919-3f22-4af8-a3be-d01d43cf2fde,2025-01-16T12:10:00Z,2025-01-18T11:45:00Z,1,3,6660ec52-07f8-4ef3-9913-b83903b8c5c6
ba65983d-fa33-4a98-a3f2-0557a2e2d1ca,"Hot-Rolled Sheet, 105 t - Kian Eskelet Felezi Co.",Kian Eskelet Felezi Co.,Managing Director,100000001,Khorasan Razavi,6,e9ad0e9b-8c9a-41e9-b3b2-63376a74dbb7,f07bf9bb-20fd-4784-add9-a87993ee36ee,100000002,105.0,,24933b83-7577-40a9-a491-f0b2ea1fca65,2025-01-18T07:41:00Z,2025-01-21T12:11:00Z,2,4,
d65bc676-429e-40e0-aaaa-94c8a097efe3,"Rebar, 75 t - Kaspian Abadgaran Co.",Kaspian Abadgaran Co.,Supply Chain Manager,100000000,Khorasan Razavi,6,e9ad0e9b-8c9a-41e9-b3b2-63376a74dbb7,c31db215-d7d0-4c99-a45a-e8eec8c6a8b1,100000000,85.0,06905ba5-17e0-4df5-97df-85b33429c8cf,24933b83-7577-40a9-a491-f0b2ea1fca65,2025-01-18T07:59:00Z,2025-01-21T10:04:00Z,1,3,ef408fe8-cdca-484d-ac85-7017a8744928
9e3bc735-071f-4a27-a72e-31b197e1bc36,"Hot-Rolled Sheet, 30 t - Farazan Fabrication Works Co.",Farazan Fabrication Works Co.,Site Engineer,100000001,Isfahan,6,e9ad0e9b-8c9a-41e9-b3b2-63376a74dbb7,c520d50f-a0ff-4498-82f4-298f6ffad356,100000002,25.0,067965ab-61e5-48ca-9261-14b7142a6f47,9132b63e-f162-47e4-a9c3-49e03602f8ac,2025-01-19T04:33:00Z,2025-01-25T08:51:00Z,1,3,fcdd7b08-904b-4171-8212-520fca49fe49
319ec58b-4c03-4d16-b8c4-f346e5dd614c,"Galvanized Sheet, 65 t - Arman Press Works Ltd.",Arman Press Works Ltd.,Purchasing Manager,100000003,Mazandaran,6,e9ad0e9b-8c9a-41e9-b3b2-63376a74dbb7,a70bba9c-3d5e-49df-afc2-147c5badd755,100000004,40.0,,b02b61c4-a3d7-4628-ace6-6fa2fd5166e6,2025-01-18T08:49:00Z,2025-01-21T12:13:00Z,2,5,
fc1bb61a-a36d-4d54-85ec-8e9fa09fc700,"Pipes & Profiles, 20 t - Pardis Steel Structures Ltd.",Pardis Steel Structures Ltd.,Site Engineer,100000001,Alborz,6,e9ad0e9b-8c9a-41e9-b3b2-63376a74dbb7,24ce1460-ef5a-4491-953d-165346641858,100000005,20.0,,0e51f30d-c6a7-4e39-84b0-32ccd7c524a5,2025-01-20T12:51:00Z,2025-01-26T10:59:00Z,2,4,
19c59f2d-640b-4b85-b53d-aedcd69bdeb1,"Pipes & Profiles, 20 t - Kowsar Golkhaneh Sazan Ltd.",Kowsar Golkhaneh Sazan Ltd.,Project Manager,100000006,Fars,6,e9ad0e9b-8c9a-41e9-b3b2-63376a74dbb7,e9a7f5e0-5c84-48db-9839-40c97e86d7f8,100000005,25.0,,e27a984d-6548-41d0-bfcd-9eb1a7cad415,2025-01-16T09:16:00Z,2025-01-23T10:01:00Z,2,6,
999921ec-9d2f-4e76-beb2-d1727be19731,"Hot-Rolled Sheet, 255 t - Gohar Loleh Sazi Industries",Gohar Loleh Sazi Industries,Purchasing Manager,100000002,Fars,6,cd4f8b2b-899a-4252-81e1-b94a78883058,58c6d166-fe65-4782-97c2-6cfdf9d59f7f,100000002,285.0,22bf18f5-1f65-4a87-b33e-e3447dbf4bc1,e27a984d-6548-41d0-bfcd-9eb1a7cad415,2025-11-15T06:56:00Z,2025-11-17T12:18:00Z,1,3,ba89a2d2-d33e-4334-b549-581d71d61d83
2067902b-f099-42b6-b10c-cf77ba4d6c8e,"Rebar, 100 t - Navid Sakhteman Industries",Navid Sakhteman Industries,Supply Chain Manager,100000000,Khorasan Razavi,6,cd4f8b2b-899a-4252-81e1-b94a78883058,155c8139-3842-43b4-a378-ff4453d9a4dd,100000000,65.0,77902ddf-4b58-4ceb-a6e4-86bf8d2eea22,24933b83-7577-40a9-a491-f0b2ea1fca65,2025-11-13T08:50:00Z,2025-11-22T04:46:00Z,1,3,87aa1fab-fb84-47c0-9941-9750eeb6ed8e
40c8c7a3-82e8-47ae-b545-dfb308a47ee1,"Hot-Rolled Sheet, 190 t - Helia Pipe Works Ltd.",Helia Pipe Works Ltd.,Procurement Lead,100000002,Fars,6,cd4f8b2b-899a-4252-81e1-b94a78883058,e3b2f985-2ad0-457e-b30c-19bc1073c0c3,100000002,160.0,,e27a984d-6548-41d0-bfcd-9eb1a7cad415,2025-11-15T10:42:00Z,2025-11-22T11:59:00Z,2,6,
37164f31-1298-4e9c-becd-2b8c5b952506,"Beams & Sections, 140 t - Nasim Builders Ltd.",Nasim Builders Ltd.,Managing Director,100000000,Fars,6,cd4f8b2b-899a-4252-81e1-b94a78883058,2f981e44-ca78-4f58-adec-4b0d529b3b96,100000001,145.0,b780606a-02ca-48d5-b033-ee83518f0ed4,e27a984d-6548-41d0-bfcd-9eb1a7cad415,2025-11-16T12:21:00Z,2025-11-20T05:09:00Z,1,3,92d2bab5-93ed-4730-bd79-b796af63d3f7
3b8ede31-e614-45dd-9251-d645cb94cf8d,"Hot-Rolled Sheet, 60 t - Farnam Contracting Co.",Farnam Contracting Co.,Procurement Lead,100000000,Alborz,6,cd4f8b2b-899a-4252-81e1-b94a78883058,9145aa38-7722-4c2c-b6b9-ca355430c8c3,100000002,85.0,,5304317f-af42-412f-b838-b3268e944239,2025-11-13T05:29:00Z,2025-11-16T12:57:00Z,2,4,
ceb380ac-e223-4389-b23e-d1fc9b9f9efe,"Hot-Rolled Sheet, 135 t - Javid Eskelet Felezi Co.",Javid Eskelet Felezi Co.,Project Manager,100000001,East Azerbaijan,6,cd4f8b2b-899a-4252-81e1-b94a78883058,b75d2f0c-472e-4f3b-8f9a-fd511a58fa44,100000002,130.0,,beb79919-3f22-4af8-a3be-d01d43cf2fde,2025-11-15T05:46:00Z,2025-11-18T08:40:00Z,2,6,
9364ecb5-db29-420a-8886-b7c6a4c755b0,"Hot-Rolled Sheet, 10 t - Zarrin Eskelet Felezi Group",Zarrin Eskelet Felezi Group,Purchasing Manager,100000001,Khuzestan,6,cd4f8b2b-899a-4252-81e1-b94a78883058,0490eb68-48f8-4df6-8571-dd83938fdb37,100000002,10.0,,366eb16f-508e-4ad7-b7c9-3acfe059a0ee,2025-11-13T11:31:00Z,2025-11-17T07:18:00Z,2,4,
565f2ea8-0a03-48cd-870b-230ceb044ecb,"Rebar, 100 t - Nima Housing Development Ltd.",Nima Housing Development Ltd.,Purchasing Manager,100000005,Tehran,6,cd4f8b2b-899a-4252-81e1-b94a78883058,88914b26-e555-4570-8979-5e75671e9bb8,100000000,80.0,6a429bd5-cd71-42b4-9471-104f1859c5ae,5304317f-af42-412f-b838-b3268e944239,2025-11-15T05:36:00Z,2025-11-18T04:51:00Z,1,3,223120f0-5b35-4b91-b49d-d9ebb116b982
7e6ae55c-502c-46f1-864d-10e38e738520,"Beams & Sections, 365 t - Tirdad Ahan Forooshi Co.",Tirdad Ahan Forooshi Co.,Procurement Lead,100000004,Khorasan Razavi,6,cd4f8b2b-899a-4252-81e1-b94a78883058,146b9fbc-667c-4788-9887-f3d2c0f1fa3a,100000001,275.0,453b45fe-636c-4499-9254-aad3809cd839,24933b83-7577-40a9-a491-f0b2ea1fca65,2025-11-17T13:13:00Z,2025-11-24T12:07:00Z,2,6,
f00d5a65-5fb8-4f18-97d3-ce211f14eb34,"Rebar, 145 t - Rayan Metals Supply Industries",Rayan Metals Supply Industries,Purchasing Manager,100000004,Khorasan Razavi,6,cd4f8b2b-899a-4252-81e1-b94a78883058,e914ae70-f797-4ec8-a41e-f111d94296b6,100000000,105.0,,24933b83-7577-40a9-a491-f0b2ea1fca65,2025-11-15T05:24:00Z,2025-11-17T09:29:00Z,2,4,
ecc38555-2b9b-4ffc-b2db-b2c54518f4c6,"Galvanized Sheet, 75 t - Persis Golkhaneh Sazan Ltd.",Persis Golkhaneh Sazan Ltd.,Site Engineer,100000006,Tehran,6,cd4f8b2b-899a-4252-81e1-b94a78883058,612a9cc6-cfff-4d34-8aa8-1f139cdd39a7,100000004,65.0,,b02b61c4-a3d7-4628-ace6-6fa2fd5166e6,2025-11-12T10:42:00Z,2025-11-17T04:36:00Z,2,5,
85924e5f-1f53-4b6e-ab11-77367260282f,"Hot-Rolled Sheet, 80 t - Javid Pipe & Profile Industries",Javid Pipe & Profile Industries,Managing Director,100000002,Khuzestan,6,cd4f8b2b-899a-4252-81e1-b94a78883058,a30c1e0e-69cd-4159-a53d-fc49f7410b94,100000002,55.0,c425d020-4389-4f66-9780-29e939d00762,366eb16f-508e-4ad7-b7c9-3acfe059a0ee,2025-11-15T13:25:00Z,2025-11-17T10:49:00Z,1,3,0a1985b1-bcc7-461b-8f16-cb2d68897ff4
133ca9cf-13f8-4789-b1e9-3b1a34b549be,"Cold-Rolled Sheet, 25 t - Omid Press Works Co.",Omid Press Works Co.,Purchasing Manager,100000003,East Azerbaijan,6,cd4f8b2b-899a-4252-81e1-b94a78883058,db19de67-bc3a-4abb-a5aa-9765a8d3bb7d,100000003,20.0,7cd6572f-301b-4b4e-a293-4e8ed189f750,beb79919-3f22-4af8-a3be-d01d43cf2fde,2025-11-17T09:21:00Z,2025-11-22T06:42:00Z,1,3,a350a593-fc8d-458c-9bd2-de0b751cafaa
8390bd94-8713-481f-82f8-6229972c8583,"Galvanized Sheet, 10 t - Nasim Agri-Steel Co.",Nasim Agri-Steel Co.,Procurement Lead,100000006,Khorasan Razavi,6,cd4f8b2b-899a-4252-81e1-b94a78883058,d06200e3-356a-4651-9727-bd831ac2c99a,100000004,10.0,,24933b83-7577-40a9-a491-f0b2ea1fca65,2025-11-15T12:31:00Z,2025-11-16T08:17:00Z,2,5,
73d2939e-f99d-46d5-a2b5-17815d17c25d,"Rebar, 140 t - Negin Ahan Bazar Industries",Negin Ahan Bazar Industries,Managing Director,100000004,Fars,6,cd4f8b2b-899a-4252-81e1-b94a78883058,eaacabb4-3802-485f-a14b-a540ea041d0b,100000000,105.0,11925880-301d-4817-a673-d42dc7af75de,e27a984d-6548-41d0-bfcd-9eb1a7cad415,2025-11-16T10:22:00Z,2025-11-18T06:50:00Z,1,3,f09faaab-7762-4118-8fd8-ef066e8d142c
93c6267d-dead-44fc-b395-26574ea12bd9,"Rebar, 350 t - Tirdad Dam & Water Works Co.",Tirdad Dam & Water Works Co.,Supply Chain Manager,100000005,Hormozgan,6,cd4f8b2b-899a-4252-81e1-b94a78883058,afaf20ec-2a08-4526-ac4f-e33d47206b6c,100000000,470.0,5ef787b8-f2e6-495f-b32e-2016add702c9,e27a984d-6548-41d0-bfcd-9eb1a7cad415,2025-11-16T13:20:00Z,2025-11-22T05:02:00Z,2,6,
79eae461-0751-4daa-844a-2a482fe12ed8,"Rebar, 85 t - Saba Omran Industries",Saba Omran Industries,Project Manager,100000000,Khorasan Razavi,6,cd4f8b2b-899a-4252-81e1-b94a78883058,75fa0ebe-e4e3-4c20-843f-1b5f3d958061,100000000,90.0,,24933b83-7577-40a9-a491-f0b2ea1fca65,2025-11-13T08:24:00Z,2025-11-19T10:47:00Z,2,6,
3d1fd7c0-4424-41ec-9342-4e7c0922d88d,"Galvanized Sheet, 220 t - Sadaf Tube Mills Ltd.",Sadaf Tube Mills Ltd.,Project Manager,100000002,Khuzestan,6,cd4f8b2b-899a-4252-81e1-b94a78883058,e5228d31-0d9a-4fce-9d7c-f46d3836613c,100000004,180.0,d2f629ca-bbe2-47ba-b84a-996719ef13bf,366eb16f-508e-4ad7-b7c9-3acfe059a0ee,2025-11-15T09:17:00Z,2025-11-20T06:06:00Z,1,3,e57a4e6e-d453-4d4d-9a65-730648103809
341d85cd-c925-4285-abc8-906f34a91b86,"Rebar, 345 t - Arya Urban Infrastructure Ltd.",Arya Urban Infrastructure Ltd.,Project Manager,100000005,Mazandaran,6,cd4f8b2b-899a-4252-81e1-b94a78883058,7ec391ef-44ad-4484-b112-3048e128b9a8,100000000,450.0,,5304317f-af42-412f-b838-b3268e944239,2025-11-15T07:25:00Z,2025-11-22T13:26:00Z,2,6,
55eef366-bc76-4752-8dcb-e8184dfa6a17,"Hot-Rolled Sheet, 80 t - Navid Profile Sazan Industries",Navid Profile Sazan Industries,Supply Chain Manager,100000002,Khuzestan,6,cd4f8b2b-899a-4252-81e1-b94a78883058,19991b39-180a-4e01-8677-36bc258675e9,100000002,70.0,da948cdf-6637-4dc7-91f4-48bb28802cff,366eb16f-508e-4ad7-b7c9-3acfe059a0ee,2025-11-13T09:52:00Z,2025-11-17T06:52:00Z,2,4,
3862abcf-db34-47bb-a90a-a98bfa87fba5,"Rebar, 105 t - Rastin Builders Co.",Rastin Builders Co.,Site Engineer,100000000,Mazandaran,6,cd4f8b2b-899a-4252-81e1-b94a78883058,25dccca2-054e-4210-a3c9-f400ba6c557c,100000000,115.0,,5304317f-af42-412f-b838-b3268e944239,2025-11-12T10:52:00Z,2025-11-17T06:59:00Z,2,4,
6e43b319-f929-4271-b220-58f9bdb2fd9e,"Hot-Rolled Sheet, 100 t - Rayan Profile Sazan Group",Rayan Profile Sazan Group,Supply Chain Manager,100000002,Isfahan,6,cd4f8b2b-899a-4252-81e1-b94a78883058,93dc8eea-3e8e-436a-87e9-5e6d7f71eef6,100000002,100.0,143029a9-d88f-4c94-88b7-63d5e519dd7e,9132b63e-f162-47e4-a9c3-49e03602f8ac,2025-11-13T10:53:00Z,2025-11-17T09:51:00Z,2,5,
2cc9abb6-86e3-4e9b-a047-9ecbf5538cd3,"Beams & Sections, 75 t - Navid Omran Co.",Navid Omran Co.,Supply Chain Manager,100000000,Isfahan,6,cd4f8b2b-899a-4252-81e1-b94a78883058,fcc1c48c-7303-40ca-a992-6bade6335f58,100000001,65.0,945b3711-0a85-4722-b0c9-5ec44f2fcfd6,10f1bc81-448a-4a9e-a6b2-bc5b50c187fc,2025-11-15T07:42:00Z,2025-11-17T12:38:00Z,1,3,e72a3b2a-6aec-405a-9a0e-b57d731e45fe
cb9aefff-6ef7-45aa-9f7a-63af9cc41ca3,"Cold-Rolled Sheet, 175 t - Fardis Loleh Sazi Industries",Fardis Loleh Sazi Industries,Site Engineer,100000002,Khorasan Razavi,6,cd4f8b2b-899a-4252-81e1-b94a78883058,d58c449e-57e0-457b-b3ab-800b8523d070,100000003,160.0,,24933b83-7577-40a9-a491-f0b2ea1fca65,2025-11-15T09:46:00Z,2025-11-18T08:03:00Z,2,6,
5a2d6aee-6e29-4319-814d-98294e4a516f,"Rebar, 60 t - Rastin Sakhteman Ltd.",Rastin Sakhteman Ltd.,Purchasing Manager,100000000,Khuzestan,6,cd4f8b2b-899a-4252-81e1-b94a78883058,7d05955b-0d9e-4328-9f99-7c8097d38ab9,100000000,60.0,7317591a-3283-4aa4-a212-ab7c9d361cb6,366eb16f-508e-4ad7-b7c9-3acfe059a0ee,2025-11-16T08:57:00Z,2025-11-23T11:46:00Z,2,5,
8f8d4107-c4d5-4c13-b561-d900aa52cdf3,"Rebar, 55 t - Rahyab Steel Structures Group",Rahyab Steel Structures Group,Managing Director,100000001,Khorasan Razavi,6,cd4f8b2b-899a-4252-81e1-b94a78883058,8082a0ee-dbe8-4d7a-8907-03e848841707,100000000,50.0,b7b8c1a5-9a45-493d-b227-890e4e76833a,24933b83-7577-40a9-a491-f0b2ea1fca65,2025-11-13T09:59:00Z,2025-11-17T05:32:00Z,2,5,
3facabcc-5ac9-4db2-aed4-d00579222d87,"Pipes & Profiles, 600 t - Arvand Housing Development Co.",Arvand Housing Development Co.,Managing Director,100000005,Khorasan Razavi,6,cd4f8b2b-899a-4252-81e1-b94a78883058,083a1c27-3807-4019-8a72-007114a9ee59,100000005,600.0,eb91d7bc-42e1-4eb9-a49d-da44191f9e05,24933b83-7577-40a9-a491-f0b2ea1fca65,2025-11-15T12:15:00Z,2025-11-19T05:57:00Z,1,3,86586933-4512-4297-abb5-3a2b298ba4cb
e03d1b30-adcd-495f-af91-a7be905c3fd9,"Rebar, 155 t - Mahan Builders Group",Mahan Builders Group,Site Engineer,100000000,Tehran,6,cd4f8b2b-899a-4252-81e1-b94a78883058,2c5d849c-4f8c-41b9-98d7-88d94d515b58,100000000,150.0,4001570a-3312-4e73-8485-63a3aeee2302,0e51f30d-c6a7-4e39-84b0-32ccd7c524a5,2025-11-16T05:43:00Z,2025-11-22T11:43:00Z,1,3,1a997d6c-3074-48bf-b24b-c957ad40ff0f
18963a6e-6fd8-4533-9577-58f5e03c63df,"Rebar, 85 t - Jahan Eskelet Felezi Co.",Jahan Eskelet Felezi Co.,Purchasing Manager,100000001,Tehran,6,cd4f8b2b-899a-4252-81e1-b94a78883058,c84bbdf5-603f-4ddc-aef1-7a908bbb8f3f,100000000,80.0,f62162ab-6ba6-4252-b76f-fd036d7bba17,b02b61c4-a3d7-4628-ace6-6fa2fd5166e6,2025-11-12T13:20:00Z,2025-11-13T04:43:00Z,1,3,ef62be19-f918-407d-96de-9d003975ad3f
23fd6ade-c17f-4f19-96a3-48336bc152ad,"Hot-Rolled Sheet, 130 t - Zagros Steel Structures Ltd.",Zagros Steel Structures Ltd.,Project Manager,100000001,Fars,6,cd4f8b2b-899a-4252-81e1-b94a78883058,c44b04e8-f51e-4df3-86c3-998e8f14aac7,100000002,115.0,5f843666-831f-4c00-9490-029d3e1e0693,e27a984d-6548-41d0-bfcd-9eb1a7cad415,2025-11-17T09:51:00Z,2025-11-24T05:47:00Z,1,3,363b92df-ed5e-410b-bdcc-8d93fe0a110b
849c30c6-dffa-48ae-8353-ac87ceb7138a,"Beams & Sections, 225 t - Tous Rail & Road Projects Co.",Tous Rail & Road Projects Co.,Supply Chain Manager,100000005,Tehran,6,cd4f8b2b-899a-4252-81e1-b94a78883058,767a92b7-0186-4029-ab8a-501567273710,100000001,245.0,,b02b61c4-a3d7-4628-ace6-6fa2fd5166e6,2025-11-12T05:12:00Z,2025-11-13T06:44:00Z,2,6,
9826a55f-555f-4bf4-9b67-8ec1a65e883b,"Beams & Sections, 10 t - Hamoon Eskelet Felezi Ltd.",Hamoon Eskelet Felezi Ltd.,Supply Chain Manager,100000001,Khorasan Razavi,6,cd4f8b2b-899a-4252-81e1-b94a78883058,fc75de3d-d473-43b5-852a-2da70e00583d,100000001,15.0,,24933b83-7577-40a9-a491-f0b2ea1fca65,2025-11-15T09:25:00Z,2025-11-19T07:32:00Z,2,6,
8429e12c-347f-4a8c-b39a-442b0d92bc7e,"Hot-Rolled Sheet, 10 t - Rastin Fabrication Works Industries",Rastin Fabrication Works Industries,Supply Chain Manager,100000001,Tehran,6,cd4f8b2b-899a-4252-81e1-b94a78883058,b78a2037-bd46-4bd5-82c5-2802aca65492,100000002,5.0,,b02b61c4-a3d7-4628-ace6-6fa2fd5166e6,2025-11-13T06:26:00Z,2025-11-18T10:23:00Z,2,4,
272c7482-0002-472a-9130-38f51d5d8f65,"Hot-Rolled Sheet, 55 t - Rastin Eskelet Felezi Group",Rastin Eskelet Felezi Group,Site Engineer,100000001,Tehran,10,c3093b6e-37e9-42e2-935a-c07aaa0217d0,33611134-b012-40ab-9fa8-70407c260521,100000002,45.0,,0e51f30d-c6a7-4e39-84b0-32ccd7c524a5,2024-08-26T07:54:00Z,2024-09-01T10:14:00Z,2,4,
42a1279b-8bf5-4aed-9904-b887d77b03b3,"Rebar, 30 t - Diba Steel Structures Co.",Diba Steel Structures Co.,Project Manager,100000001,Khorasan Razavi,10,c3093b6e-37e9-42e2-935a-c07aaa0217d0,3c243b45-d1fd-4711-af1d-80eafb91fb90,100000000,35.0,,24933b83-7577-40a9-a491-f0b2ea1fca65,2024-08-21T07:37:00Z,2024-08-25T11:10:00Z,2,6,
82f2a59e-2bb7-4146-bd9d-542aa84fa67f,"Hot-Rolled Sheet, 175 t - Rayan Ahan Bazar Co.",Rayan Ahan Bazar Co.,Supply Chain Manager,100000004,Khorasan Razavi,10,c3093b6e-37e9-42e2-935a-c07aaa0217d0,be9e01a9-d18c-4fde-a445-8bad2f4f914c,100000002,195.0,,24933b83-7577-40a9-a491-f0b2ea1fca65,2024-07-24T08:59:00Z,2024-07-29T06:29:00Z,2,6,
d0411dec-6ab9-4a0f-b6c6-533e1b7a5c94,"Rebar, 95 t - Golestan Iron & Steel Supply Group",Golestan Iron & Steel Supply Group,Managing Director,100000004,Tehran,10,c3093b6e-37e9-42e2-935a-c07aaa0217d0,ccc34f70-b299-4e18-a2c5-26ab6424fa05,100000000,80.0,,ce177b4e-0837-48a3-9261-a7ab3aa2e4f9,2024-09-08T06:53:00Z,2024-09-14T13:05:00Z,2,5,
e879c9a6-0ae9-4acc-b1c9-66b39eb03954,"Pipes & Profiles, 25 t - Hoda Golkhaneh Sazan Group",Hoda Golkhaneh Sazan Group,Site Engineer,100000006,Khuzestan,10,c3093b6e-37e9-42e2-935a-c07aaa0217d0,a83db2df-e4aa-412a-a682-13c7a525dcd0,100000005,30.0,,366eb16f-508e-4ad7-b7c9-3acfe059a0ee,2024-10-01T12:35:00Z,2024-10-03T10:16:00Z,2,4,
dbd165a3-b716-407d-b5a0-987556dbc7ac,"Hot-Rolled Sheet, 120 t - Ofogh Steel Trading Group",Ofogh Steel Trading Group,Purchasing Manager,100000004,Tehran,10,c3093b6e-37e9-42e2-935a-c07aaa0217d0,902a73ae-b81e-4682-a7eb-40085a13f4bb,100000002,100.0,f4124360-1153-4e99-9c50-8720f982f4e0,ce177b4e-0837-48a3-9261-a7ab3aa2e4f9,2024-09-30T07:12:00Z,2024-10-07T12:02:00Z,2,4,
874db4a6-d057-4b85-af1e-c0de297eb3f4,"Rebar, 35 t - Shahab Foolad Trading Co.",Shahab Foolad Trading Co.,Managing Director,100000004,Hormozgan,10,c3093b6e-37e9-42e2-935a-c07aaa0217d0,bdfdcc7b-3381-4e0d-b9ba-243a493d269e,100000000,25.0,,e27a984d-6548-41d0-bfcd-9eb1a7cad415,2024-07-18T07:34:00Z,2024-07-21T12:54:00Z,2,4,
a01ed90e-6d71-48e9-b05a-501c11310c8b,"Rebar, 25 t - Fardis Omran Ltd.",Fardis Omran Ltd.,Project Manager,100000000,Isfahan,10,c3093b6e-37e9-42e2-935a-c07aaa0217d0,cd35637c-234b-4e09-9a79-d6868f06c963,100000000,30.0,,10f1bc81-448a-4a9e-a6b2-bc5b50c187fc,2024-08-08T05:46:00Z,2024-08-14T06:04:00Z,2,7,
0843280a-07ac-43fe-a73a-366e43577225,"Pipes & Profiles, 235 t - Ilia Ahan Forooshi Co.",Ilia Ahan Forooshi Co.,Procurement Lead,100000004,Alborz,10,c3093b6e-37e9-42e2-935a-c07aaa0217d0,fc24a159-eada-4885-afda-70bf78920f72,100000005,360.0,,ce177b4e-0837-48a3-9261-a7ab3aa2e4f9,2024-07-13T11:01:00Z,2024-07-14T11:25:00Z,2,5,
bd4211d1-9920-43eb-aa8e-b758f32d2812,"Rebar, 90 t - Hamoon Ahan Bazar Group",Hamoon Ahan Bazar Group,Site Engineer,100000004,Tehran,10,c3093b6e-37e9-42e2-935a-c07aaa0217d0,121d87ac-fb26-4d27-9889-55c0090d7d2f,100000000,120.0,1aa3c18e-0aaf-4962-b92c-23e3454009f2,ce177b4e-0837-48a3-9261-a7ab3aa2e4f9,2024-07-10T05:28:00Z,2024-07-13T09:16:00Z,1,3,9ffe17f6-04f8-4fca-8345-1edb0ff95a14
7b6fb65b-8d70-400f-84a1-dd66bce88f22,"Beams & Sections, 35 t - Rahyab Fabrication Works Industries",Rahyab Fabrication Works Industries,Purchasing Manager,100000001,Tehran,10,c3093b6e-37e9-42e2-935a-c07aaa0217d0,af001605-ae93-4319-a11f-98efdc3c423a,100000001,55.0,1d96dc53-2344-4c54-8cae-f9ec6d44f723,0e51f30d-c6a7-4e39-84b0-32ccd7c524a5,2024-07-14T11:01:00Z,2024-07-20T11:43:00Z,1,3,4e09110d-be6e-4244-a526-4d3b67f6730a
506a8dd3-0b31-424f-8858-35db2e3b5fd6,"Pipes & Profiles, 15 t - Borna Golkhaneh Sazan Industries",Borna Golkhaneh Sazan Industries,Supply Chain Manager,100000006,Tehran,10,c3093b6e-37e9-42e2-935a-c07aaa0217d0,704532d5-2070-43f0-8e80-ea41139cd2b0,100000005,20.0,,5304317f-af42-412f-b838-b3268e944239,2024-09-03T08:38:00Z,2024-09-09T07:54:00Z,2,6,
4d7efc8e-b68f-40dc-b18b-f53a3864bf75,"Rebar, 55 t - Ava Omran Co.",Ava Omran Co.,Managing Director,100000000,Tehran,10,c3093b6e-37e9-42e2-935a-c07aaa0217d0,dbd7b4b4-ea44-4cc9-a5cb-bf135b619ebe,100000000,65.0,1ab88733-80e1-4c41-8a9a-727fb2a12a55,5304317f-af42-412f-b838-b3268e944239,2024-08-05T12:18:00Z,2024-08-08T09:39:00Z,1,3,420c3377-16c9-45c3-8b55-730b94f58e2e
9696e833-4728-4df6-8532-499e08a43ec0,"Rebar, 70 t - Kavir Sabz Iron & Steel Supply Industries",Kavir Sabz Iron & Steel Supply Industries,Procurement Lead,100000004,Mazandaran,10,c3093b6e-37e9-42e2-935a-c07aaa0217d0,d61968aa-7fb8-46b2-8573-3d101d3ebe5b,100000000,55.0,04d340e8-7ecf-4fc6-a249-a5869c186d49,ce177b4e-0837-48a3-9261-a7ab3aa2e4f9,2024-10-01T10:49:00Z,2024-10-05T13:15:00Z,1,3,9bcb3032-e24e-4ead-af20-df26f36f9bc7
c125798e-9bd6-4690-a8f9-4c8806a76b07,"Rebar, 200 t - Hirad Steel Trading Industries",Hirad Steel Trading Industries,Project Manager,100000004,Fars,10,c3093b6e-37e9-42e2-935a-c07aaa0217d0,efede7bb-5909-47d6-8353-b9e48aa2f756,100000000,115.0,,e27a984d-6548-41d0-bfcd-9eb1a7cad415,2024-09-14T09:15:00Z,2024-09-16T10:41:00Z,2,4,
c8594dfb-6d73-4d1d-9da1-497a6f1f9af1,"Pipes & Profiles, 165 t - Nima Steel Trading Co.",Nima Steel Trading Co.,Managing Director,100000004,Isfahan,10,c3093b6e-37e9-42e2-935a-c07aaa0217d0,9f1c9fd4-d449-4964-b9cd-213b5748218a,100000005,175.0,,10f1bc81-448a-4a9e-a6b2-bc5b50c187fc,2024-09-15T06:00:00Z,2024-09-17T08:09:00Z,2,4,
f5d68c8f-299c-4d73-8295-f5c984d77929,"Pipes & Profiles, 145 t - Taban Iron & Steel Supply Group",Taban Iron & Steel Supply Group,Site Engineer,100000004,East Azerbaijan,10,c3093b6e-37e9-42e2-935a-c07aaa0217d0,c4ddfe54-917c-4f11-b81e-d083929614b5,100000005,105.0,aebeca58-ccb1-4c1e-87db-f6a203e30f78,beb79919-3f22-4af8-a3be-d01d43cf2fde,2024-08-13T09:22:00Z,2024-08-17T06:27:00Z,1,3,1689d72c-5155-49f4-92ab-3eb624bee05c
a928a5b2-9185-4abd-8e90-ae4a1fd28b9e,"Hot-Rolled Sheet, 50 t - Persis Sazeh Co.",Persis Sazeh Co.,Supply Chain Manager,100000000,Fars,10,c3093b6e-37e9-42e2-935a-c07aaa0217d0,0328a80d-9ba5-458b-8585-36b7cf6d2a9d,100000002,75.0,,e27a984d-6548-41d0-bfcd-9eb1a7cad415,2024-07-29T06:44:00Z,2024-08-01T04:52:00Z,2,4,
60fba34c-3701-42fd-b09f-e5ab5813d72f,"Rebar, 160 t - Orang Ahan Forooshi Industries",Orang Ahan Forooshi Industries,Managing Director,100000004,Alborz,10,c3093b6e-37e9-42e2-935a-c07aaa0217d0,b67cb2ac-94dc-4c97-8891-4d9982183bb9,100000000,185.0,c33a8761-618f-478a-a66b-4b6db9ec28ff,0e51f30d-c6a7-4e39-84b0-32ccd7c524a5,2024-08-22T12:42:00Z,2024-08-24T06:31:00Z,1,3,8a4d341e-4ba5-4f41-82d2-0aa3f2b27c96
cc5732f2-871b-4b1f-a0e4-0a11d8fbfda5,"Beams & Sections, 15 t - Rayan Sazeh Co.",Rayan Sazeh Co.,Project Manager,100000000,Isfahan,10,c3093b6e-37e9-42e2-935a-c07aaa0217d0,1f09bd6b-bba8-4166-89f9-c43e6b074c79,100000001,10.0,,10f1bc81-448a-4a9e-a6b2-bc5b50c187fc,2024-09-30T07:39:00Z,2024-10-05T12:37:00Z,2,5,
f525d556-bb98-4bdf-b1ec-02ad3db538c9,"Beams & Sections, 60 t - Rahyab Abadgaran Industries",Rahyab Abadgaran Industries,Purchasing Manager,100000000,Tehran,10,c3093b6e-37e9-42e2-935a-c07aaa0217d0,b16d3da7-1d8b-469b-b8ef-0017bf89444e,100000001,40.0,,b02b61c4-a3d7-4628-ace6-6fa2fd5166e6,2024-08-07T12:14:00Z,2024-08-11T08:18:00Z,2,5,
6b2b0c27-1eec-4480-aab1-803803f89c7b,"Pipes & Profiles, 110 t - Helia Steel Merchants Co.",Helia Steel Merchants Co.,Procurement Lead,100000004,Khuzestan,10,c3093b6e-37e9-42e2-935a-c07aaa0217d0,743de03a-e05c-4fb9-ae0e-f4aae65e0ac3,100000005,110.0,19dad534-be2b-4dee-b848-c332ee1caec8,366eb16f-508e-4ad7-b7c9-3acfe059a0ee,2024-10-01T09:25:00Z,2024-10-05T09:14:00Z,1,3,d1300e62-2cfb-441e-9b02-c29637dbb397
f41978cd-2dac-488b-81de-6d58518e58fd,"Hot-Rolled Sheet, 45 t - Orang Eskelet Felezi Group",Orang Eskelet Felezi Group,Site Engineer,100000001,Khuzestan,10,c3093b6e-37e9-42e2-935a-c07aaa0217d0,62524390-52a3-469d-8906-9da96d3b867c,100000002,35.0,,366eb16f-508e-4ad7-b7c9-3acfe059a0ee,2024-08-07T08:20:00Z,2024-08-17T04:42:00Z,2,4,
230681aa-dd50-4d6b-963c-b5294357ac51,"Rebar, 150 t - Arya Steel Merchants Group",Arya Steel Merchants Group,Site Engineer,100000004,Khorasan Razavi,10,c3093b6e-37e9-42e2-935a-c07aaa0217d0,7e45fee4-6ea8-4b32-a38d-9fb071c487bc,100000000,145.0,,24933b83-7577-40a9-a491-f0b2ea1fca65,2024-09-16T13:28:00Z,2024-09-22T06:52:00Z,2,6,
f2fda085-091f-43f3-a046-d4d3e0a8a8af,"Beams & Sections, 35 t - Saba Eskelet Felezi Co.",Saba Eskelet Felezi Co.,Managing Director,100000001,Khuzestan,10,c3093b6e-37e9-42e2-935a-c07aaa0217d0,d66f3fff-a93f-47ec-8ee4-3f7fd7680657,100000001,40.0,,366eb16f-508e-4ad7-b7c9-3acfe059a0ee,2024-08-05T07:25:00Z,2024-08-07T07:05:00Z,2,5,
d9da5f47-e3ca-40c4-b711-32b781eab1da,"Wire Rod, 65 t - Sabalan Steel Trading Co.",Sabalan Steel Trading Co.,Managing Director,100000004,Tehran,10,c3093b6e-37e9-42e2-935a-c07aaa0217d0,4496a883-4a7a-477b-876a-16e73c1fc9aa,100000006,80.0,,5304317f-af42-412f-b838-b3268e944239,2024-09-14T10:38:00Z,2024-09-18T08:21:00Z,2,4,
08a5ad03-3f4f-4031-b025-5b9dc5bcc4cd,"Rebar, 25 t - Diba Omran Group",Diba Omran Group,Site Engineer,100000000,Hormozgan,10,c3093b6e-37e9-42e2-935a-c07aaa0217d0,a1ad9f14-3ae1-4f9c-8634-e0e64d2ce796,100000000,25.0,,e27a984d-6548-41d0-bfcd-9eb1a7cad415,2024-07-08T05:28:00Z,2024-07-13T06:59:00Z,2,6,
187666ec-26df-4b57-ab41-eac79ad8e1cc,"Pipes & Profiles, 95 t - Ava Metal Center Group",Ava Metal Center Group,Supply Chain Manager,100000004,Alborz,10,c3093b6e-37e9-42e2-935a-c07aaa0217d0,8aacb783-d48b-4d0d-be1e-70bc03c61e18,100000005,105.0,586a346a-dc5b-47d1-bcef-1972bbf483ce,ce177b4e-0837-48a3-9261-a7ab3aa2e4f9,2024-08-20T04:55:00Z,2024-08-24T05:36:00Z,2,4,
93efe8f0-395c-4d62-b3c7-fd751bb9d499,"Beams & Sections, 140 t - Mahtab Ahan Bazar Ltd.",Mahtab Ahan Bazar Ltd.,Managing Director,100000004,Isfahan,10,c3093b6e-37e9-42e2-935a-c07aaa0217d0,b6eea1cf-8bec-4264-8340-55005f6bbc54,100000001,90.0,,9132b63e-f162-47e4-a9c3-49e03602f8ac,2024-07-29T12:34:00Z,2024-08-05T06:53:00Z,2,4,
ff0614bb-b85a-44cd-bf2b-f0e4ed55169f,"Rebar, 90 t - Pishgam Steel Merchants Ltd.",Pishgam Steel Merchants Ltd.,Site Engineer,100000004,Khuzestan,10,c3093b6e-37e9-42e2-935a-c07aaa0217d0,54867db3-efaa-4791-b5eb-0106767f5095,100000000,100.0,,366eb16f-508e-4ad7-b7c9-3acfe059a0ee,2024-08-19T08:21:00Z,2024-08-24T12:07:00Z,2,4,
1806699f-b1ac-41dd-b303-343c300b6e7b,"Beams & Sections, 185 t - Vista Foolad Trading Ltd.",Vista Foolad Trading Ltd.,Supply Chain Manager,100000004,Tehran,10,c3093b6e-37e9-42e2-935a-c07aaa0217d0,b3932fb8-4fd4-4793-816f-2931fa1b1bac,100000001,220.0,,ce177b4e-0837-48a3-9261-a7ab3aa2e4f9,2024-08-17T11:27:00Z,2024-08-25T11:08:00Z,2,5,
c4596172-9fdf-4b1b-9e05-b8b14e45a736,"Hot-Rolled Sheet, 80 t - Aban Fabrication Works Ltd.",Aban Fabrication Works Ltd.,Purchasing Manager,100000001,Khorasan Razavi,10,c3093b6e-37e9-42e2-935a-c07aaa0217d0,bab4eb77-959f-4841-ad19-312dde3b5a64,100000002,105.0,,24933b83-7577-40a9-a491-f0b2ea1fca65,2024-09-16T05:22:00Z,2024-09-21T12:39:00Z,2,5,
ddbb3fa4-0679-44f2-ad92-38a459225b53,"Rebar, 50 t - Pishgam Steel Merchants Industries",Pishgam Steel Merchants Industries,Project Manager,100000004,Khuzestan,10,c3093b6e-37e9-42e2-935a-c07aaa0217d0,a6ef8273-6f77-4027-a656-cfbc8ed2de16,100000000,35.0,,366eb16f-508e-4ad7-b7c9-3acfe059a0ee,2024-09-09T07:14:00Z,2024-09-15T09:21:00Z,2,6,
07ca07d8-d2c5-4940-927a-72dff89cad3f,"Beams & Sections, 275 t - Hirad Sazeh Co.",Hirad Sazeh Co.,Procurement Lead,100000000,Mazandaran,10,c3093b6e-37e9-42e2-935a-c07aaa0217d0,0ea66dbf-a011-48d8-8630-419c40c71862,100000001,220.0,,0e51f30d-c6a7-4e39-84b0-32ccd7c524a5,2024-08-01T07:42:00Z,2024-08-03T11:01:00Z,2,7,
2d49d235-bc77-4a20-b4a4-cb8027379316,"Wire Rod, 55 t - Iranmehr Ahan Bazar Co.",Iranmehr Ahan Bazar Co.,Supply Chain Manager,100000004,Tehran,10,c3093b6e-37e9-42e2-935a-c07aaa0217d0,b69b8391-e4ee-4f51-9ce8-5b7d0761dc0c,100000006,55.0,,ce177b4e-0837-48a3-9261-a7ab3aa2e4f9,2024-07-08T12:04:00Z,2024-07-13T06:33:00Z,2,4,
eb02c661-1dc3-4362-9691-c83a7687853e,"Wire Rod, 160 t - Karun Ahan Bazar Co.",Karun Ahan Bazar Co.,Project Manager,100000004,East Azerbaijan,10,c3093b6e-37e9-42e2-935a-c07aaa0217d0,ee265c95-90f1-47ee-960a-5654b2403468,100000006,175.0,,beb79919-3f22-4af8-a3be-d01d43cf2fde,2024-09-29T07:27:00Z,2024-10-01T10:42:00Z,2,4,
a190aa44-a888-4521-845c-10ea1d842e8f,"Beams & Sections, 50 t - Dena Eskelet Felezi Ltd.",Dena Eskelet Felezi Ltd.,Purchasing Manager,100000001,Fars,8,98874bfe-c136-4c65-ae2a-e3413f59e4f2,ec02e881-080c-4aaa-82c6-cc4277ba69f1,100000001,70.0,,e27a984d-6548-41d0-bfcd-9eb1a7cad415,2024-09-10T07:35:00Z,2024-09-16T07:17:00Z,2,5,
ef4c113d-c35f-4e12-bbfb-48d5e09f6e24,"Wire Rod, 50 t - Farazan Metals Supply Industries",Farazan Metals Supply Industries,Purchasing Manager,100000004,Khorasan Razavi,8,98874bfe-c136-4c65-ae2a-e3413f59e4f2,edd24200-f884-495d-8a45-e44d4cd82847,100000006,95.0,,24933b83-7577-40a9-a491-f0b2ea1fca65,2024-07-14T07:47:00Z,2024-07-17T08:55:00Z,2,7,
4eba12da-4d20-46cf-ac0c-ad5ce2095271,"Pipes & Profiles, 175 t - Mahan Metals Supply Ltd.",Mahan Metals Supply Ltd.,Supply Chain Manager,100000004,Khuzestan,8,98874bfe-c136-4c65-ae2a-e3413f59e4f2,334dd7aa-25c1-4899-a89a-92c5003742ae,100000005,145.0,,366eb16f-508e-4ad7-b7c9-3acfe059a0ee,2024-07-24T08:45:00Z,2024-07-28T10:41:00Z,2,4,
1b3f0866-d590-42df-8470-f4aeaeadd1dc,"Pipes & Profiles, 60 t - Mahan Golkhaneh Sazan Co.",Mahan Golkhaneh Sazan Co.,Project Manager,100000006,Tehran,8,98874bfe-c136-4c65-ae2a-e3413f59e4f2,65f17e33-29dd-4229-adf4-e3876bf6f2f7,100000005,85.0,,b02b61c4-a3d7-4628-ace6-6fa2fd5166e6,2024-09-28T13:26:00Z,2024-10-01T12:14:00Z,2,5,
decceaea-622b-4588-8275-da34881e40c6,"Hot-Rolled Sheet, 715 t - Nikan Profile Sazan Industries",Nikan Profile Sazan Industries,Project Manager,100000002,Isfahan,8,98874bfe-c136-4c65-ae2a-e3413f59e4f2,6c8f8833-fb11-4ab6-adc8-6df8c9162eb7,100000002,600.0,b522f610-ef26-4a84-b2bd-509b564d36b6,9132b63e-f162-47e4-a9c3-49e03602f8ac,2024-07-10T07:12:00Z,2024-07-13T13:08:00Z,1,3,18baf38f-5c8a-45a0-80ec-1632714d901d
bb5e14d6-5b74-4fdd-9c97-46949884f76d,"Rebar, 210 t - Sepehr Omran Industries",Sepehr Omran Industries,Purchasing Manager,100000000,Khorasan Razavi,8,98874bfe-c136-4c65-ae2a-e3413f59e4f2,091e11df-a2cf-432d-8c34-f9de531b1e76,100000000,210.0,250768f2-ba0e-4d56-a045-1dbd1835e89b,24933b83-7577-40a9-a491-f0b2ea1fca65,2024-09-01T10:22:00Z,2024-09-05T11:54:00Z,1,3,9dc4ce08-d020-4059-826c-24327c3d7b49
2f160f3d-05ba-4c78-a696-dea06c2aeb89,"Rebar, 35 t - Behsaz Construction Co.",Behsaz Construction Co.,Project Manager,100000000,Tehran,8,98874bfe-c136-4c65-ae2a-e3413f59e4f2,4d4ef3fa-bfcf-4645-a301-767aed6cbe79,100000000,25.0,144be8bc-e207-4595-be20-9925a72427a6,0e51f30d-c6a7-4e39-84b0-32ccd7c524a5,2024-07-28T05:54:00Z,2024-08-03T11:01:00Z,1,3,001ac906-db34-49a9-8d75-b0ee9845a796
899fad03-ebd2-4573-a012-a24e3c168418,"Hot-Rolled Sheet, 115 t - Helia Profile Works Co.",Helia Profile Works Co.,Procurement Lead,100000002,Isfahan,8,98874bfe-c136-4c65-ae2a-e3413f59e4f2,fd5baf20-7da2-4e1b-be7a-31688e72d17c,100000002,95.0,b12b6680-7f07-4cb9-afd3-40c0f945f2fd,9132b63e-f162-47e4-a9c3-49e03602f8ac,2024-09-02T04:36:00Z,2024-09-08T13:22:00Z,2,6,
761eb7e3-f909-446c-ad47-de92cbf80a9f,"Rebar, 55 t - Pardis Sazeh Industries",Pardis Sazeh Industries,Managing Director,100000000,Isfahan,8,98874bfe-c136-4c65-ae2a-e3413f59e4f2,3dec163c-fd5d-4a42-b193-41779a6e868d,100000000,70.0,,9132b63e-f162-47e4-a9c3-49e03602f8ac,2024-07-09T11:34:00Z,2024-07-13T11:03:00Z,2,4,
a117b864-82f5-4390-ad69-6cb3b774b61d,"Hot-Rolled Sheet, 170 t - Hirad Loleh Sazi Ltd.",Hirad Loleh Sazi Ltd.,Purchasing Manager,100000002,Tehran,8,98874bfe-c136-4c65-ae2a-e3413f59e4f2,664101fa-5d06-47cc-8a37-4f43c4cd8e19,100000002,180.0,,5304317f-af42-412f-b838-b3268e944239,2024-07-24T05:05:00Z,2024-07-27T10:25:00Z,2,4,
a812cf1b-69b3-4bf2-9dd0-9e342b4088da,"Beams & Sections, 820 t - Elham Ahan Bazar Industries",Elham Ahan Bazar Industries,Procurement Lead,100000004,Isfahan,8,98874bfe-c136-4c65-ae2a-e3413f59e4f2,b8d49cf2-1c9d-4bd3-8aa7-8357c0ea7a67,100000001,620.0,b197603c-a45c-4178-947c-903018dd3aea,10f1bc81-448a-4a9e-a6b2-bc5b50c187fc,2024-07-30T05:00:00Z,2024-08-03T09:31:00Z,1,3,44d848a8-bcea-41e5-8128-e7a4aaa835c1
a4d37418-581e-40ef-b8ef-6c712b9fff6a,"Hot-Rolled Sheet, 170 t - Persis Pipe Works Co.",Persis Pipe Works Co.,Procurement Lead,100000002,Khorasan Razavi,8,98874bfe-c136-4c65-ae2a-e3413f59e4f2,e666a9b4-9e53-44dc-ba1a-fd6767e56f19,100000002,195.0,,24933b83-7577-40a9-a491-f0b2ea1fca65,2024-07-21T06:34:00Z,2024-07-30T07:21:00Z,2,5,
7bb8373c-81dd-43ea-9421-b62c2d31317c,"Hot-Rolled Sheet, 225 t - Nima Tube Mills Group",Nima Tube Mills Group,Project Manager,100000002,Isfahan,8,98874bfe-c136-4c65-ae2a-e3413f59e4f2,a1919e12-7e1b-4edf-854f-6d2d99f2587c,100000002,180.0,,10f1bc81-448a-4a9e-a6b2-bc5b50c187fc,2024-07-11T09:50:00Z,2024-07-17T09:11:00Z,2,4,
afdc8a51-a34c-4c78-97a9-9ae771757228,"Rebar, 230 t - Borna Dam & Water Works Industries",Borna Dam & Water Works Industries,Project Manager,100000005,Tehran,8,98874bfe-c136-4c65-ae2a-e3413f59e4f2,dcadfda8-ece0-47bb-9835-9b4b4dfcf384,100000000,345.0,,ce177b4e-0837-48a3-9261-a7ab3aa2e4f9,2024-07-15T12:06:00Z,2024-07-21T06:52:00Z,2,5,
68a650ce-f7fb-48d5-8e28-a0886771dc17,"Rebar, 1360 t - Ilia Housing Development Industries",Ilia Housing Development Industries,Project Manager,100000005,Khuzestan,8,98874bfe-c136-4c65-ae2a-e3413f59e4f2,f0a30219-c321-4788-8173-c12e6ac89d70,100000000,1255.0,46327360-c45d-4c03-b4f6-b97ef998aaa1,366eb16f-508e-4ad7-b7c9-3acfe059a0ee,2024-08-17T09:52:00Z,2024-08-20T05:07:00Z,1,3,b6838827-3509-455e-8ac3-5410eb3e0e8a
bd303739-8f5a-4787-8edd-8e22536019db,"Hot-Rolled Sheet, 35 t - Rayan Steel Structures Co.",Rayan Steel Structures Co.,Supply Chain Manager,100000001,Isfahan,8,98874bfe-c136-4c65-ae2a-e3413f59e4f2,61e561bb-ca79-4b30-ad70-881b52647c6f,100000002,35.0,,10f1bc81-448a-4a9e-a6b2-bc5b50c187fc,2024-09-07T09:34:00Z,2024-09-09T06:22:00Z,2,4,
48c3a59d-ec71-42e7-b028-eb2d5e9432d6,"Beams & Sections, 15 t - Diba Fabrication Works Co.",Diba Fabrication Works Co.,Project Manager,100000001,Tehran,8,98874bfe-c136-4c65-ae2a-e3413f59e4f2,89b3889d-46aa-4714-97ba-a888a3beb445,100000001,15.0,,5304317f-af42-412f-b838-b3268e944239,2024-08-24T11:19:00Z,2024-08-26T10:29:00Z,2,4,
dee7dad7-1168-4433-8518-8d4dc5a8646c,"Galvanized Sheet, 155 t - Varna Agri-Steel Ltd.",Varna Agri-Steel Ltd.,Purchasing Manager,100000006,Alborz,8,98874bfe-c136-4c65-ae2a-e3413f59e4f2,23f5aea6-0598-4489-b087-ab0e4a9a75f0,100000004,105.0,,b02b61c4-a3d7-4628-ace6-6fa2fd5166e6,2024-09-28T05:30:00Z,2024-10-02T10:46:00Z,2,5,
fee33607-6fec-4ac2-90d2-abfe0425c430,"Rebar, 45 t - Persis Abadgaran Co.",Persis Abadgaran Co.,Site Engineer,100000000,Tehran,8,98874bfe-c136-4c65-ae2a-e3413f59e4f2,5f9c041d-8323-44b5-bd59-3fa4e9b9339e,100000000,55.0,,0e51f30d-c6a7-4e39-84b0-32ccd7c524a5,2024-07-27T07:01:00Z,2024-07-30T05:49:00Z,2,4,
4ef8a787-34c5-4d5b-a5f5-ed6fc5e2cdcc,"Beams & Sections, 30 t - Hoda Contracting Co.",Hoda Contracting Co.,Site Engineer,100000000,Isfahan,10,86879aa9-14f5-43d0-8991-2032df85c777,30584d20-2711-4b60-93ac-d71bde03a536,100000001,35.0,5938949e-8a42-4ff0-a098-4689c78ae6ce,10f1bc81-448a-4a9e-a6b2-bc5b50c187fc,2024-10-19T11:53:00Z,2024-10-26T08:20:00Z,1,3,2c5fa061-d390-44e3-a29d-c02949dd664b
e0acdb75-2326-43d0-86fc-e65a5af7dfe2,"Hot-Rolled Sheet, 10 t - Arman Builders Co.",Arman Builders Co.,Project Manager,100000000,Khorasan Razavi,10,86879aa9-14f5-43d0-8991-2032df85c777,c5b86c82-379c-441a-ab7d-2448efb18149,100000002,5.0,06822e13-6007-47be-b2b1-068ad58b5423,24933b83-7577-40a9-a491-f0b2ea1fca65,2024-12-08T12:25:00Z,2024-12-14T09:03:00Z,1,3,9fb4716c-710d-4270-9ac4-45349341e627
173e13d9-fc32-4db4-b5d8-053130e423e1,"Beams & Sections, 120 t - Kian Steel Trading Ltd.",Kian Steel Trading Ltd.,Supply Chain Manager,100000004,Fars,10,86879aa9-14f5-43d0-8991-2032df85c777,6a45d1e9-511f-4533-becf-c0dbbfeb32a4,100000001,130.0,,e27a984d-6548-41d0-bfcd-9eb1a7cad415,2024-11-13T10:34:00Z,2024-11-20T09:46:00Z,2,4,
069ccc0a-c884-4f88-874a-588f5231d2a5,"Rebar, 120 t - Mehr Steel Merchants Co.",Mehr Steel Merchants Co.,Supply Chain Manager,100000004,Fars,10,86879aa9-14f5-43d0-8991-2032df85c777,9f35ba40-43e2-4caf-9767-a0d7e8b2f81a,100000000,190.0,,e27a984d-6548-41d0-bfcd-9eb1a7cad415,2024-12-09T05:40:00Z,2024-12-14T05:35:00Z,2,4,
cb505aa3-0c4a-4f81-a1c2-e70c629153bf,"Rebar, 125 t - Ava Sakhteman Ltd.",Ava Sakhteman Ltd.,Supply Chain Manager,100000000,East Azerbaijan,10,86879aa9-14f5-43d0-8991-2032df85c777,ccbdd15e-e7f0-416e-bf78-bad808c2fd6f,100000000,120.0,,beb79919-3f22-4af8-a3be-d01d43cf2fde,2024-11-17T10:23:00Z,2024-11-20T04:33:00Z,2,5,
0c858238-4746-4fb7-b3c3-2015dbb93bf6,"Rebar, 60 t - Laleh Sazeh Industries",Laleh Sazeh Industries,Site Engineer,100000000,Fars,10,86879aa9-14f5-43d0-8991-2032df85c777,6c8c4bac-9c13-4aa7-b483-6de8f1337e7d,100000000,90.0,17eaec83-8892-442f-9d4b-2bf94d85e9c7,e27a984d-6548-41d0-bfcd-9eb1a7cad415,2024-12-12T09:11:00Z,2024-12-18T11:41:00Z,1,3,10294b50-c06d-42bd-b781-4316855abea1
132ab649-0017-4ca3-8ccc-5afef02a2956,"Beams & Sections, 240 t - Persis Metal Center Industries",Persis Metal Center Industries,Project Manager,100000004,Isfahan,10,86879aa9-14f5-43d0-8991-2032df85c777,b8b758b8-22d8-408b-9269-6eeb77cf1eb6,100000001,260.0,,10f1bc81-448a-4a9e-a6b2-bc5b50c187fc,2024-11-11T11:48:00Z,2024-11-16T09:46:00Z,2,6,
85475ee1-1e06-496a-a302-7b2102c1c269,"Rebar, 45 t - Rahyab Contracting Co.",Rahyab Contracting Co.,Site Engineer,100000000,Khuzestan,10,86879aa9-14f5-43d0-8991-2032df85c777,53d509af-c2b5-4c1b-8685-38bcac17cb47,100000000,35.0,,366eb16f-508e-4ad7-b7c9-3acfe059a0ee,2024-12-18T08:15:00Z,2024-12-23T06:27:00Z,2,6,
7c4cec7d-ce55-454e-b68d-6f3819e3b84f,"Rebar, 40 t - Alvand Builders Ltd.",Alvand Builders Ltd.,Site Engineer,100000000,Isfahan,10,86879aa9-14f5-43d0-8991-2032df85c777,034f2029-1545-4b48-9b4e-279bfbab907a,100000000,50.0,,10f1bc81-448a-4a9e-a6b2-bc5b50c187fc,2024-12-15T11:47:00Z,2024-12-18T07:50:00Z,2,4,
d385d453-c7ea-4fd1-bf4f-38081a9d7acc,"Rebar, 90 t - Iranmehr Metal Center Co.",Iranmehr Metal Center Co.,Project Manager,100000004,Khorasan Razavi,10,86879aa9-14f5-43d0-8991-2032df85c777,44087701-aa66-40ed-af0b-5b2b97514f49,100000000,95.0,,24933b83-7577-40a9-a491-f0b2ea1fca65,2024-11-11T12:49:00Z,2024-11-14T05:23:00Z,2,7,
3d15d3ee-c397-43ae-b77b-97421e12bbed,"Beams & Sections, 95 t - Varna Iron & Steel Supply Group",Varna Iron & Steel Supply Group,Site Engineer,100000004,Tehran,10,86879aa9-14f5-43d0-8991-2032df85c777,184c4178-935c-41d1-993c-5319f43e075b,100000001,80.0,,ce177b4e-0837-48a3-9261-a7ab3aa2e4f9,2024-12-05T09:43:00Z,2024-12-08T04:41:00Z,2,6,
c7ed8888-5939-4c71-80d9-863f66bcf6f0,"Beams & Sections, 20 t - Kowsar Builders Ltd.",Kowsar Builders Ltd.,Site Engineer,100000000,Fars,10,86879aa9-14f5-43d0-8991-2032df85c777,bd9ed3fc-5266-4d86-a5f6-21818c1a6477,100000001,15.0,,e27a984d-6548-41d0-bfcd-9eb1a7cad415,2024-11-26T13:02:00Z,2024-11-30T04:52:00Z,2,6,
33c00b7d-61f8-43f4-81ae-35bb2faa49dd,"Rebar, 70 t - Mahtab Iron & Steel Supply Ltd.",Mahtab Iron & Steel Supply Ltd.,Purchasing Manager,100000004,Tehran,10,86879aa9-14f5-43d0-8991-2032df85c777,a3b4a240-7f48-4536-9f2e-444a501bcf44,100000000,95.0,,0e51f30d-c6a7-4e39-84b0-32ccd7c524a5,2024-10-17T12:10:00Z,2024-10-21T09:52:00Z,2,7,
ea299a22-9914-457d-b62f-b6ee172dc647,"Pipes & Profiles, 70 t - Arya Steel Merchants Industries",Arya Steel Merchants Industries,Site Engineer,100000004,Khorasan Razavi,10,86879aa9-14f5-43d0-8991-2032df85c777,17e6ae99-32d8-4c29-9370-7fcbb21534f7,100000005,75.0,,24933b83-7577-40a9-a491-f0b2ea1fca65,2024-11-30T12:48:00Z,2024-12-07T06:00:00Z,2,7,
d37d8533-714a-4ae0-b98e-1f36ffdb3a38,"Galvanized Sheet, 70 t - Arman Golkhaneh Sazan Ltd.",Arman Golkhaneh Sazan Ltd.,Site Engineer,100000006,East Azerbaijan,10,86879aa9-14f5-43d0-8991-2032df85c777,52e6ef74-150b-41d8-b882-c32691f28485,100000004,60.0,,beb79919-3f22-4af8-a3be-d01d43cf2fde,2024-11-16T08:30:00Z,2024-11-20T07:13:00Z,2,4,
e008e8ed-3ecf-4f0a-b80e-c19dfbb713fd,"Pipes & Profiles, 80 t - Atlas Metals Supply Ltd.",Atlas Metals Supply Ltd.,Supply Chain Manager,100000004,East Azerbaijan,10,86879aa9-14f5-43d0-8991-2032df85c777,b1f0b429-d54f-4d02-b976-c6377e9716ad,100000005,65.0,705f052b-d682-40b4-bbb7-cc429cba7bc6,beb79919-3f22-4af8-a3be-d01d43cf2fde,2024-10-07T07:02:00Z,2024-10-10T09:17:00Z,1,3,ca498604-7092-4c28-a845-72f565a2ea25
42b07e31-2f3f-4e11-973a-603d7feb25e2,"Beams & Sections, 40 t - Darya Contracting Co.",Darya Contracting Co.,Project Manager,100000000,Alborz,10,86879aa9-14f5-43d0-8991-2032df85c777,4083ff8f-e10a-4f9f-ae2c-219ab50f2f5c,100000001,20.0,92a81713-b90e-444b-951c-25d54d4c5280,b02b61c4-a3d7-4628-ace6-6fa2fd5166e6,2024-10-22T10:03:00Z,2024-10-27T08:57:00Z,1,3,6c6e6f35-0b14-4119-a290-5621cbfeba5f
3172e9f8-7f66-4f24-9987-5a42e675835a,"Hot-Rolled Sheet, 50 t - Navid Steel Structures Industries",Navid Steel Structures Industries,Project Manager,100000001,East Azerbaijan,10,86879aa9-14f5-43d0-8991-2032df85c777,2ad9c360-84bb-4f7a-9711-35452e2fcae7,100000002,30.0,,beb79919-3f22-4af8-a3be-d01d43cf2fde,2024-11-03T06:01:00Z,2024-11-05T05:07:00Z,2,5,
fb7b00c7-eaa6-4c45-8f01-fe855bbaf3ac,"Beams & Sections, 35 t - Espadana Omran Ltd.",Espadana Omran Ltd.,Procurement Lead,100000000,Khorasan Razavi,10,86879aa9-14f5-43d0-8991-2032df85c777,0aa5aaf2-677f-43b8-8b47-1eca30370fff,100000001,55.0,,24933b83-7577-40a9-a491-f0b2ea1fca65,2024-12-28T11:15:00Z,2024-12-30T08:06:00Z,2,5,
7eca5b2d-341f-4b4a-b6ca-f84012adbc1b,"Pipes & Profiles, 20 t - Dena Golkhaneh Sazan Co.",Dena Golkhaneh Sazan Co.,Managing Director,100000006,East Azerbaijan,10,86879aa9-14f5-43d0-8991-2032df85c777,51ffdef6-b660-4a31-b8b8-9fc4e47172b1,100000005,20.0,1dc7deab-b07b-44ed-a67b-6ad334be5f01,beb79919-3f22-4af8-a3be-d01d43cf2fde,2024-11-04T11:50:00Z,2024-11-09T13:23:00Z,1,3,0470d067-0223-4d3c-8e15-5309814979e3
ca8b6e4c-e6f7-43d4-a8af-3b731d82e2a8,"Hot-Rolled Sheet, 90 t - Tirdad Foolad Trading Co.",Tirdad Foolad Trading Co.,Procurement Lead,100000004,East Azerbaijan,10,86879aa9-14f5-43d0-8991-2032df85c777,1d480843-a339-4f8e-920d-e24a3914dce2,100000002,65.0,,beb79919-3f22-4af8-a3be-d01d43cf2fde,2024-12-12T06:12:00Z,2024-12-17T08:48:00Z,2,4,
80ed319c-ef01-4e79-a9b2-4a990a8260b6,"Pipes & Profiles, 100 t - Sabalan Ahan Forooshi Ltd.",Sabalan Ahan Forooshi Ltd.,Project Manager,100000004,Isfahan,10,86879aa9-14f5-43d0-8991-2032df85c777,c4e57a92-98d5-46b9-b128-7916248bd5aa,100000005,115.0,,9132b63e-f162-47e4-a9c3-49e03602f8ac,2024-10-27T08:53:00Z,2024-10-30T07:08:00Z,2,4,
1c82780f-0e84-4070-914b-30a9f6d4461c,"Rebar, 20 t - Arvand Construction Industries",Arvand Construction Industries,Site Engineer,100000000,Khorasan Razavi,10,86879aa9-14f5-43d0-8991-2032df85c777,8c1046bf-24b3-4794-a93d-b7fa8e8ded45,100000000,20.0,,24933b83-7577-40a9-a491-f0b2ea1fca65,2024-12-14T05:25:00Z,2024-12-21T05:50:00Z,2,4,
a4282ec4-27e6-487b-84ec-ea3290389f81,"Pipes & Profiles, 45 t - Zarrin Golkhaneh Sazan Industries",Zarrin Golkhaneh Sazan Industries,Managing Director,100000006,Tehran,10,86879aa9-14f5-43d0-8991-2032df85c777,ae3dc742-bef8-404b-bbcf-57d745f84c5d,100000005,65.0,1b2ededb-8fc8-4fc0-83d5-bceb5edbb8ee,0e51f30d-c6a7-4e39-84b0-32ccd7c524a5,2024-11-27T12:05:00Z,2024-12-04T05:57:00Z,2,4,
5b5073c7-e6dc-4c76-ae7a-e3bb50340715,"Hot-Rolled Sheet, 420 t - Iman Tube Mills Industries",Iman Tube Mills Industries,Project Manager,100000002,Alborz,10,86879aa9-14f5-43d0-8991-2032df85c777,1706c3cd-da44-4dee-94dd-bff40d81339d,100000002,730.0,,5304317f-af42-412f-b838-b3268e944239,2024-12-29T06:51:00Z,2025-01-02T05:55:00Z,2,4,
2cdb1625-b41f-4721-96af-d9ce799f52c0,"Rebar, 80 t - Kaspian Foolad Trading Industries",Kaspian Foolad Trading Industries,Site Engineer,100000004,Hormozgan,10,86879aa9-14f5-43d0-8991-2032df85c777,72557e4e-d408-4cd1-a78e-4df0955ce1d2,100000000,65.0,,e27a984d-6548-41d0-bfcd-9eb1a7cad415,2024-12-18T07:28:00Z,2024-12-21T07:12:00Z,2,4,
fde02b7a-6af0-4bbd-971f-640de41bb3b9,"Rebar, 135 t - Kian Construction Group",Kian Construction Group,Managing Director,100000000,Isfahan,10,86879aa9-14f5-43d0-8991-2032df85c777,9f325c4c-0415-4961-bea7-ededcca0152e,100000000,190.0,,10f1bc81-448a-4a9e-a6b2-bc5b50c187fc,2024-10-09T12:14:00Z,2024-10-12T08:15:00Z,2,7,
060072c3-ea7a-409e-a77e-e2a9853b0173,"Beams & Sections, 55 t - Orang Builders Industries",Orang Builders Industries,Managing Director,100000000,Fars,10,86879aa9-14f5-43d0-8991-2032df85c777,fb66bcaf-47be-40eb-836f-ad3831286dc8,100000001,60.0,,e27a984d-6548-41d0-bfcd-9eb1a7cad415,2024-10-31T06:32:00Z,2024-11-02T08:39:00Z,2,5,
b1fe69b8-0936-412c-a36d-feba6148ca39,"Hot-Rolled Sheet, 50 t - Kowsar Construction Industries",Kowsar Construction Industries,Site Engineer,100000000,Isfahan,10,86879aa9-14f5-43d0-8991-2032df85c777,7859d906-e78f-480a-b31b-c38a6173a99e,100000002,40.0,,10f1bc81-448a-4a9e-a6b2-bc5b50c187fc,2024-10-19T09:35:00Z,2024-10-22T07:06:00Z,2,6,
dc89e59a-5190-4e93-a9d0-c2ecaa8d904c,"Beams & Sections, 115 t - Mahan Contracting Industries",Mahan Contracting Industries,Project Manager,100000000,Khorasan Razavi,8,5c9deee0-b42a-4456-8736-5a84725e134d,ce339ee0-15b5-4510-abfb-9abfeb34e953,100000001,105.0,1578d709-48f9-43d0-9fea-e1e0d9e604b3,24933b83-7577-40a9-a491-f0b2ea1fca65,2024-12-17T11:55:00Z,2024-12-21T06:31:00Z,1,3,4dda5911-e6cb-4569-97c7-ab331287f53f
af838c06-caa5-422a-aed7-149f00fbbb90,"Pipes & Profiles, 50 t - Iranmehr Omran Industries",Iranmehr Omran Industries,Supply Chain Manager,100000000,Isfahan,8,5c9deee0-b42a-4456-8736-5a84725e134d,17722cf0-f38e-4bc3-b7df-852c1779e7d0,100000005,30.0,,9132b63e-f162-47e4-a9c3-49e03602f8ac,2024-11-26T10:38:00Z,2024-11-30T10:47:00Z,2,7,
3da325e2-bc46-40bd-9842-20f1d3105f4f,"Rebar, 50 t - Parsian Sazeh Ltd.",Parsian Sazeh Ltd.,Site Engineer,100000000,Tehran,8,5c9deee0-b42a-4456-8736-5a84725e134d,403e3ee2-6d30-41b9-b7df-c57149102c10,100000000,60.0,e716eb38-581f-43df-be71-bda810128b96,0e51f30d-c6a7-4e39-84b0-32ccd7c524a5,2024-10-12T09:28:00Z,2024-10-16T09:59:00Z,1,3,89f5f2ec-054f-422c-98af-e5395ab6b863
5bad4331-7366-4606-91ae-2d48d6f83aa7,"Beams & Sections, 85 t - Farnam Abadgaran Ltd.",Farnam Abadgaran Ltd.,Procurement Lead,100000000,Tehran,8,5c9deee0-b42a-4456-8736-5a84725e134d,ba266e87-432f-474f-91b7-2a5c10dd6f06,100000001,80.0,,0e51f30d-c6a7-4e39-84b0-32ccd7c524a5,2024-10-31T06:40:00Z,2024-11-05T12:01:00Z,2,4,
f1f97ce9-d8b3-44a4-8bd7-25f2ec66f55e,"Hot-Rolled Sheet, 60 t - Mehr Fabrication Works Ltd.",Mehr Fabrication Works Ltd.,Managing Director,100000001,Khorasan Razavi,8,5c9deee0-b42a-4456-8736-5a84725e134d,5309c42a-762e-4da3-a146-04df77069f94,100000002,60.0,,24933b83-7577-40a9-a491-f0b2ea1fca65,2024-11-20T07:18:00Z,2024-11-24T07:02:00Z,2,6,
9b58e20a-7c8d-4aef-b0a0-4e0b3a4d1f57,"Hot-Rolled Sheet, 210 t - Karun Loleh Sazi Co.",Karun Loleh Sazi Co.,Purchasing Manager,100000002,Khuzestan,8,5c9deee0-b42a-4456-8736-5a84725e134d,47155ad3-8ca0-4d2a-9a93-98e6f487b599,100000002,185.0,f3f48d53-1120-41b7-9b23-91f0f620e4c0,366eb16f-508e-4ad7-b7c9-3acfe059a0ee,2024-10-23T10:37:00Z,2024-10-27T10:33:00Z,1,3,13a370b0-8b97-4802-96f2-7b86f554facb
995fa798-1f31-43fa-9c93-92456dd2c683,"Pipes & Profiles, 95 t - Espadana Sazeh Group",Espadana Sazeh Group,Site Engineer,100000000,East Azerbaijan,8,5c9deee0-b42a-4456-8736-5a84725e134d,9e54b7bf-af1e-4596-8f84-4346a165c37d,100000005,110.0,0488a0e8-1028-45b4-b938-ce7ff86e2588,beb79919-3f22-4af8-a3be-d01d43cf2fde,2024-12-02T05:15:00Z,2024-12-09T04:56:00Z,1,3,0022cc35-b695-4195-8aad-191658a59bff
e70dc8b8-df33-4eb0-a8ff-561f3bc29d89,"Hot-Rolled Sheet, 125 t - Iman Pipe Works Industries",Iman Pipe Works Industries,Site Engineer,100000002,Tehran,8,5c9deee0-b42a-4456-8736-5a84725e134d,b0333c0d-5381-4235-b1cf-c83f359ee84a,100000002,115.0,,0e51f30d-c6a7-4e39-84b0-32ccd7c524a5,2024-12-08T06:41:00Z,2024-12-10T07:18:00Z,2,6,
25fa9f8d-c00c-4ab9-a257-37cf18781ae5,"Beams & Sections, 65 t - Sabalan Fabrication Works Ltd.",Sabalan Fabrication Works Ltd.,Site Engineer,100000001,Tehran,8,5c9deee0-b42a-4456-8736-5a84725e134d,e17766b1-82ce-4e0c-903e-eaf204f73882,100000001,70.0,,0e51f30d-c6a7-4e39-84b0-32ccd7c524a5,2024-12-14T09:31:00Z,2024-12-17T04:43:00Z,2,5,
9ee31563-d328-40c7-9b2d-e07e53c45254,"Beams & Sections, 25 t - Tina Eskelet Felezi Co.",Tina Eskelet Felezi Co.,Managing Director,100000001,Tehran,8,5c9deee0-b42a-4456-8736-5a84725e134d,00c818ba-a210-4d25-b92c-5f423f203c22,100000001,20.0,df7d0dd7-236e-4608-9acb-394acd1f5318,0e51f30d-c6a7-4e39-84b0-32ccd7c524a5,2024-12-24T08:02:00Z,2024-12-28T08:56:00Z,2,4,
346003a3-67db-4a91-851f-cfef8305a8cb,"Rebar, 385 t - Sepehr Housing Development Co.",Sepehr Housing Development Co.,Purchasing Manager,100000005,Isfahan,8,5c9deee0-b42a-4456-8736-5a84725e134d,abfe1fb5-a6c2-4716-b7bd-77509a7650dd,100000000,660.0,,9132b63e-f162-47e4-a9c3-49e03602f8ac,2024-12-14T05:03:00Z,2024-12-18T09:06:00Z,2,6,
07c62bd3-caf2-4c2a-ae8c-51f9f3d21fd2,"Pipes & Profiles, 60 t - Arman Eskelet Felezi Co.",Arman Eskelet Felezi Co.,Managing Director,100000001,Tehran,8,5c9deee0-b42a-4456-8736-5a84725e134d,be87dbac-a2ff-4996-ab5e-371f1ecd9ed7,100000005,45.0,,5304317f-af42-412f-b838-b3268e944239,2024-10-15T10:17:00Z,2024-10-17T06:32:00Z,2,4,
66db005e-9488-4285-ac88-d2576831429e,"Beams & Sections, 90 t - Ofogh Eskelet Felezi Co.",Ofogh Eskelet Felezi Co.,Supply Chain Manager,100000001,Khorasan Razavi,8,5c9deee0-b42a-4456-8736-5a84725e134d,58c714f2-a3aa-4839-bc35-bc9a521a21a4,100000001,110.0,,24933b83-7577-40a9-a491-f0b2ea1fca65,2024-10-19T13:05:00Z,2024-10-23T06:38:00Z,2,5,
6b4203f7-d2cd-4f44-94ed-228b65773498,"Beams & Sections, 130 t - Mehrgan Fabrication Works Ltd.",Mehrgan Fabrication Works Ltd.,Managing Director,100000001,Tehran,8,5c9deee0-b42a-4456-8736-5a84725e134d,b1768686-d31e-46c4-b4b0-258bcad2b7c2,100000001,135.0,,0e51f30d-c6a7-4e39-84b0-32ccd7c524a5,2024-10-28T05:55:00Z,2024-11-03T13:23:00Z,2,5,
b1a63ccf-d597-4a14-a7dc-08577422acb0,"Wire Rod, 100 t - Ofogh Metal Center Ltd.",Ofogh Metal Center Ltd.,Site Engineer,100000004,Tehran,8,5c9deee0-b42a-4456-8736-5a84725e134d,a4d6c76c-a3f5-4c8d-b9ce-fff31b3ec681,100000006,110.0,7ec59e55-1b98-467e-8cc8-8dc68127a367,5304317f-af42-412f-b838-b3268e944239,2024-10-29T07:32:00Z,2024-11-02T08:19:00Z,1,3,3577f4b0-fd3d-40bc-8e34-df76d1298de6
f1e34d6c-6c02-4976-9e73-b307f37590d3,"Pipes & Profiles, 10 t - Borna Golkhaneh Sazan Group",Borna Golkhaneh Sazan Group,Procurement Lead,100000006,Khuzestan,8,5c9deee0-b42a-4456-8736-5a84725e134d,73dd8d31-40e1-4b51-9128-58041243161c,100000005,10.0,,366eb16f-508e-4ad7-b7c9-3acfe059a0ee,2024-12-29T04:52:00Z,2025-01-01T11:35:00Z,2,4,
6c362d23-1916-4984-8510-c97a89fd09b5,"Beams & Sections, 60 t - Sahand Contracting Ltd.",Sahand Contracting Ltd.,Site Engineer,100000000,Tehran,8,5c9deee0-b42a-4456-8736-5a84725e134d,c0bf3b37-623d-4905-8c3e-b36ddc75f4cc,100000001,50.0,c25110f8-7cc9-4b10-b677-fb0609e6614a,0e51f30d-c6a7-4e39-84b0-32ccd7c524a5,2024-11-10T05:25:00Z,2024-11-12T11:21:00Z,1,3,1d985d4a-0b5e-444f-945a-475844c1107f
af0f134e-02a2-4fcc-984e-e3db691d8bea,"Rebar, 60 t - Golestan Omran Industries",Golestan Omran Industries,Project Manager,100000000,Tehran,8,5c9deee0-b42a-4456-8736-5a84725e134d,9d1c92f0-3770-4be5-b381-c6ebdac9d4a4,100000000,100.0,,5304317f-af42-412f-b838-b3268e944239,2024-11-11T12:49:00Z,2024-11-18T05:05:00Z,2,5,
8921349f-eccb-453b-8d22-7ff2635fa3f3,"Beams & Sections, 65 t - Atlas Abadgaran Group",Atlas Abadgaran Group,Procurement Lead,100000000,Isfahan,8,5c9deee0-b42a-4456-8736-5a84725e134d,90a71d24-b277-4e31-8655-6f9a7692f681,100000001,70.0,0a3169f7-29a9-4bf0-9a82-95a04b1b9280,10f1bc81-448a-4a9e-a6b2-bc5b50c187fc,2024-11-02T06:53:00Z,2024-11-06T05:54:00Z,1,3,1df3b6e5-a175-4db6-aeea-e4ecbbe3775d
79810edf-5b8e-46fd-aa29-ee4cf2db83c8,"Rebar, 40 t - Rayan Sakhteman Industries",Rayan Sakhteman Industries,Purchasing Manager,100000000,Fars,8,5c9deee0-b42a-4456-8736-5a84725e134d,e0b641d0-4345-429c-9655-8df410af54cc,100000000,50.0,,e27a984d-6548-41d0-bfcd-9eb1a7cad415,2024-10-20T07:55:00Z,2024-10-24T07:54:00Z,2,6,
f30b15eb-9d69-4f34-bab7-b78f209875b2,"Rebar, 45 t - Kaspian Foolad Trading Co.",Kaspian Foolad Trading Co.,Project Manager,100000004,Khorasan Razavi,10,1cb9b73a-906d-4c8c-aad0-8c8913fe8a29,e8527018-bfa4-4e84-b987-51a2ddef7af4,100000000,35.0,a2a5ef39-c163-4f1b-9f32-f343a562f0a0,24933b83-7577-40a9-a491-f0b2ea1fca65,2025-01-05T06:54:00Z,2025-01-09T10:00:00Z,1,3,80b6911a-f5cc-4563-a5a4-ca9d856fb61d
4702fe75-5e98-4fdf-8a3a-1171a432cc60,"Rebar, 45 t - Aban Builders Industries",Aban Builders Industries,Managing Director,100000000,East Azerbaijan,10,1cb9b73a-906d-4c8c-aad0-8c8913fe8a29,c5ddf574-2543-4b1a-86ec-9e60e4433474,100000000,70.0,84a2576c-1fc9-45f8-94d6-07350e2f8958,beb79919-3f22-4af8-a3be-d01d43cf2fde,2025-01-11T08:36:00Z,2025-01-14T05:56:00Z,2,5,
b1012b0f-174a-4825-964a-90627825e2f0,"Pipes & Profiles, 30 t - Hoda Golkhaneh Sazan Ltd.",Hoda Golkhaneh Sazan Ltd.,Procurement Lead,100000006,East Azerbaijan,10,1cb9b73a-906d-4c8c-aad0-8c8913fe8a29,2323f3de-92f0-428e-892b-3dc3a937dfd6,100000005,35.0,,beb79919-3f22-4af8-a3be-d01d43cf2fde,2025-02-24T05:27:00Z,2025-02-26T04:41:00Z,2,5,
9cf116dc-c4b0-4ad1-b037-e34da8bb81dc,"Beams & Sections, 15 t - Arman Abadgaran Industries",Arman Abadgaran Industries,Procurement Lead,100000000,Khuzestan,10,1cb9b73a-906d-4c8c-aad0-8c8913fe8a29,ab707385-6c81-4f55-9906-d534438f9d83,100000001,15.0,30a19d7d-4b86-4f69-b036-89a4c518c20b,366eb16f-508e-4ad7-b7c9-3acfe059a0ee,2025-03-30T09:04:00Z,2025-04-05T10:05:00Z,1,3,c0b20dd8-0c4e-4431-a783-883577edcfff
75863743-9174-4c0b-aeb7-4413454f3fbf,"Beams & Sections, 290 t - Farazan Ahan Bazar Industries",Farazan Ahan Bazar Industries,Project Manager,100000004,Isfahan,10,1cb9b73a-906d-4c8c-aad0-8c8913fe8a29,b7900752-7bfd-4c74-a441-e11e3ee1db8e,100000001,385.0,1fda98c9-40a6-4de4-9271-e2959b21c065,10f1bc81-448a-4a9e-a6b2-bc5b50c187fc,2025-02-09T07:20:00Z,2025-02-11T11:58:00Z,1,3,2cb8c184-d61f-4486-9986-3519b58196bb
7d53c706-fb50-48f7-a0cb-feca6d7e39bc,"Beams & Sections, 50 t - Shahab Construction Ltd.",Shahab Construction Ltd.,Project Manager,100000000,Tehran,10,1cb9b73a-906d-4c8c-aad0-8c8913fe8a29,fb48ac14-0d0d-4136-8404-fe9a32fe1dea,100000001,40.0,,0e51f30d-c6a7-4e39-84b0-32ccd7c524a5,2025-02-06T12:00:00Z,2025-02-11T05:07:00Z,2,4,
e0099d7a-ca22-4c56-afc8-503c7dd43e50,"Galvanized Sheet, 25 t - Kowsar Auto Parts Mfg.",Kowsar Auto Parts Mfg.,Supply Chain Manager,100000003,Fars,10,1cb9b73a-906d-4c8c-aad0-8c8913fe8a29,ac5e1ec3-e1be-4ed9-b483-518e458fa881,100000004,20.0,,e27a984d-6548-41d0-bfcd-9eb1a7cad415,2025-01-14T12:02:00Z,2025-01-18T07:47:00Z,2,5,
5c098a5c-585d-4d17-9258-14d9638cf9e3,"Rebar, 50 t - Espadana Builders Co.",Espadana Builders Co.,Managing Director,100000000,Tehran,10,1cb9b73a-906d-4c8c-aad0-8c8913fe8a29,0599e1f2-ccd3-454c-b68b-bbc673c66188,100000000,55.0,,5304317f-af42-412f-b838-b3268e944239,2025-03-11T13:27:00Z,2025-03-15T08:01:00Z,2,4,
20514111-7fee-46c1-9ba1-17ce80ce9afc,"Rebar, 145 t - Karun Ahan Bazar Group",Karun Ahan Bazar Group,Project Manager,100000004,Hormozgan,10,1cb9b73a-906d-4c8c-aad0-8c8913fe8a29,2ab9aa52-685d-4acf-afd6-b83c86022833,100000000,130.0,,e27a984d-6548-41d0-bfcd-9eb1a7cad415,2025-03-06T06:31:00Z,2025-03-08T08:49:00Z,2,7,
58d0202b-75d5-4115-9ce8-b890cc6b3a6e,"Pipes & Profiles, 85 t - Elham Steel Trading Ltd.",Elham Steel Trading Ltd.,Supply Chain Manager,100000004,Khorasan Razavi,10,1cb9b73a-906d-4c8c-aad0-8c8913fe8a29,5583b4db-6746-4338-b2c7-a202062e0778,100000005,75.0,,24933b83-7577-40a9-a491-f0b2ea1fca65,2025-01-23T09:12:00Z,2025-02-01T07:30:00Z,2,6,
bb404bc8-709a-42bc-b6da-79bba91e25a1,"Cold-Rolled Sheet, 70 t - Tous Press Works Co.",Tous Press Works Co.,Site Engineer,100000003,Alborz,10,1cb9b73a-906d-4c8c-aad0-8c8913fe8a29,5484d865-60bf-413c-9320-63afeed5a71b,100000003,70.0,46983234-6246-45b9-9deb-7a4b17db4613,5304317f-af42-412f-b838-b3268e944239,2025-03-29T10:15:00Z,2025-03-31T11:45:00Z,1,3,cf803b6e-0124-4c39-a18c-e6cda54aa860
ba5916c5-9de6-4f2c-97bd-9ee6e63f6d3a,"Cold-Rolled Sheet, 70 t - Alvand Press Works Co.",Alvand Press Works Co.,Procurement Lead,100000003,Khuzestan,10,1cb9b73a-906d-4c8c-aad0-8c8913fe8a29,cfcae6b9-75a8-41d7-ab5e-ebe91478e20e,100000003,50.0,,366eb16f-508e-4ad7-b7c9-3acfe059a0ee,2025-02-10T07:25:00Z,2025-02-13T11:29:00Z,2,6,
f2d058ca-7b2e-429d-9f80-bd12299606d2,"Rebar, 150 t - Sahand Ahan Bazar Group",Sahand Ahan Bazar Group,Project Manager,100000004,East Azerbaijan,10,1cb9b73a-906d-4c8c-aad0-8c8913fe8a29,3e141965-14c4-422c-8c90-cdc454ca6257,100000000,275.0,fa75b5fc-7921-40b3-aa0a-8302276f8e0d,beb79919-3f22-4af8-a3be-d01d43cf2fde,2025-02-22T11:44:00Z,2025-02-26T07:17:00Z,1,3,ed84c7a3-383f-4a63-9c55-c19cdfd47ee5
1259d654-86ad-4b8e-963b-ca599d8d2752,"Hot-Rolled Sheet, 40 t - Mehrgan Press Works Industries",Mehrgan Press Works Industries,Purchasing Manager,100000003,Khorasan Razavi,10,1cb9b73a-906d-4c8c-aad0-8c8913fe8a29,4a9b0dc7-97e7-4b55-846f-c2131b87a428,100000002,40.0,fb756923-f910-4bb3-b105-32523990e2c9,24933b83-7577-40a9-a491-f0b2ea1fca65,2025-01-06T11:12:00Z,2025-01-11T05:19:00Z,2,5,
48a05e4f-b064-472a-b94a-6d319b428238,"Wire Rod, 85 t - Fardis Metals Supply Co.",Fardis Metals Supply Co.,Procurement Lead,100000004,Fars,10,1cb9b73a-906d-4c8c-aad0-8c8913fe8a29,7f151663-189b-4535-83cf-ed3bb32f7256,100000006,80.0,73069588-45d5-468d-a90a-3abbc35b9fea,e27a984d-6548-41d0-bfcd-9eb1a7cad415,2025-03-12T11:39:00Z,2025-03-17T11:12:00Z,1,3,9df97618-52df-4e23-8cb5-450057c549b8
7616e3a2-3d9d-49d4-b5e6-6d4c539cb0bb,"Rebar, 75 t - Hoda Omran Group",Hoda Omran Group,Procurement Lead,100000000,East Azerbaijan,10,1cb9b73a-906d-4c8c-aad0-8c8913fe8a29,aa8fb624-4f2f-4eb3-98dd-0b26fc0ea898,100000000,70.0,ff8bb891-1b90-4e3f-a5ce-5ac51e22c6b2,beb79919-3f22-4af8-a3be-d01d43cf2fde,2025-02-08T11:52:00Z,2025-02-11T12:53:00Z,1,3,fb965a73-8013-4624-ad41-f35111eaa822
552dad08-c536-40a2-8850-4c6b12cd1aeb,"Hot-Rolled Sheet, 50 t - Iranmehr Metals Supply Industries",Iranmehr Metals Supply Industries,Managing Director,100000004,Tehran,10,1cb9b73a-906d-4c8c-aad0-8c8913fe8a29,b9076ff3-263a-484e-a048-ba6e72ec6f04,100000002,35.0,,ce177b4e-0837-48a3-9261-a7ab3aa2e4f9,2025-03-01T09:42:00Z,2025-03-03T12:48:00Z,2,5,
de823285-01e7-40a0-af18-2049b329b6a4,"Hot-Rolled Sheet, 55 t - Shahab Iron & Steel Supply Group",Shahab Iron & Steel Supply Group,Procurement Lead,100000004,Mazandaran,10,1cb9b73a-906d-4c8c-aad0-8c8913fe8a29,de3e0557-910a-460d-8063-3a98ea5dc3de,100000002,60.0,,0e51f30d-c6a7-4e39-84b0-32ccd7c524a5,2025-02-23T08:14:00Z,2025-02-25T06:37:00Z,2,7,
025c9425-c557-43d3-89d7-cc9c6af98a8b,"Hot-Rolled Sheet, 120 t - Chakad Ahan Bazar Ltd.",Chakad Ahan Bazar Ltd.,Supply Chain Manager,100000004,Isfahan,10,1cb9b73a-906d-4c8c-aad0-8c8913fe8a29,2e361846-b885-4367-b3c7-024de84543c7,100000002,115.0,,9132b63e-f162-47e4-a9c3-49e03602f8ac,2025-02-24T09:51:00Z,2025-02-25T07:51:00Z,2,5,
de590698-8072-4ee2-842f-14df6ab075bd,"Pipes & Profiles, 50 t - Aban Golkhaneh Sazan Ltd.",Aban Golkhaneh Sazan Ltd.,Supply Chain Manager,100000006,Khorasan Razavi,10,1cb9b73a-906d-4c8c-aad0-8c8913fe8a29,f09e64ef-8bea-4f03-a645-3b43d07e22a1,100000005,50.0,,24933b83-7577-40a9-a491-f0b2ea1fca65,2025-03-27T05:09:00Z,2025-04-03T06:26:00Z,2,6,
82c273a9-771d-4808-88db-039cc78fc57d,"Rebar, 180 t - Farnam Sakhteman Group",Farnam Sakhteman Group,Site Engineer,100000000,Tehran,10,1cb9b73a-906d-4c8c-aad0-8c8913fe8a29,d5cf18c2-c418-4fea-801e-59011f16a10e,100000000,195.0,5b33cb3f-1551-4ef5-8916-54e6473eb4b1,b02b61c4-a3d7-4628-ace6-6fa2fd5166e6,2025-02-24T11:40:00Z,2025-02-27T07:41:00Z,1,3,a48258b9-4948-49b4-8eb4-489319d60226
a1ae96a0-c1df-4a89-acba-0cb1fdb99dc1,"Galvanized Sheet, 65 t - Sabalan Profile Works Co.",Sabalan Profile Works Co.,Procurement Lead,100000002,Khorasan Razavi,10,1cb9b73a-906d-4c8c-aad0-8c8913fe8a29,7a8b737a-31b5-476f-88e9-41fdb0850679,100000004,50.0,,24933b83-7577-40a9-a491-f0b2ea1fca65,2025-01-20T08:33:00Z,2025-01-25T10:25:00Z,2,5,
bea17713-fe36-44bf-b9e4-21bc1120653d,"Galvanized Sheet, 25 t - Mehr Greenhouse Structures Co.",Mehr Greenhouse Structures Co.,Supply Chain Manager,100000006,Alborz,10,1cb9b73a-906d-4c8c-aad0-8c8913fe8a29,b285d65b-bf6b-4493-961b-53afc601b22f,100000004,20.0,527c9dea-6324-4e63-b535-ddc2c555b4b5,0e51f30d-c6a7-4e39-84b0-32ccd7c524a5,2025-03-19T13:07:00Z,2025-03-24T08:37:00Z,1,3,3f45b0df-8532-40b4-841f-728c66699735
fb372648-697a-496d-9988-5d2a570662ce,"Hot-Rolled Sheet, 105 t - Saba Steel Trading Ltd.",Saba Steel Trading Ltd.,Managing Director,100000004,Hormozgan,10,1cb9b73a-906d-4c8c-aad0-8c8913fe8a29,47d9dd10-272d-4ace-bfd0-dce0612c3b0d,100000002,70.0,,e27a984d-6548-41d0-bfcd-9eb1a7cad415,2025-03-22T10:38:00Z,2025-03-27T06:56:00Z,2,4,
1d061735-5cce-4873-99a1-a2d1da007c08,"Hot-Rolled Sheet, 80 t - Hoda Abadgaran Co.",Hoda Abadgaran Co.,Project Manager,100000000,Alborz,10,1cb9b73a-906d-4c8c-aad0-8c8913fe8a29,997bd7bb-9a58-431a-8663-686eee70e803,100000002,95.0,,5304317f-af42-412f-b838-b3268e944239,2025-03-08T06:58:00Z,2025-03-13T12:09:00Z,2,5,
c2b8efc0-d76a-44da-8fbd-b62246c9ae33,"Rebar, 15 t - Tarava Abadgaran Group",Tarava Abadgaran Group,Project Manager,100000000,Tehran,10,1cb9b73a-906d-4c8c-aad0-8c8913fe8a29,0c906c01-3b44-4abc-942e-c8b0cce52711,100000000,15.0,,5304317f-af42-412f-b838-b3268e944239,2025-01-11T10:35:00Z,2025-01-15T08:58:00Z,2,6,
e8048c91-4c15-47ec-8bca-e422b0c37157,"Rebar, 60 t - Vista Abadgaran Industries",Vista Abadgaran Industries,Project Manager,100000000,Mazandaran,10,1cb9b73a-906d-4c8c-aad0-8c8913fe8a29,decc0209-93cd-4ce8-af69-e0858c871a3a,100000000,90.0,,5304317f-af42-412f-b838-b3268e944239,2025-02-02T07:54:00Z,2025-02-05T07:34:00Z,2,4,
6370e0f7-aab8-4c30-9cfe-793d360496b6,"Rebar, 110 t - Tous Metals Supply Co.",Tous Metals Supply Co.,Purchasing Manager,100000004,Isfahan,10,1cb9b73a-906d-4c8c-aad0-8c8913fe8a29,6e025590-0f32-4b39-bce7-c8078c2d23a9,100000000,80.0,,10f1bc81-448a-4a9e-a6b2-bc5b50c187fc,2025-02-06T07:06:00Z,2025-02-11T07:24:00Z,2,4,
b4f7af31-1fe8-4be4-a3ba-b56cdb2bfd4f,"Rebar, 140 t - Saba Ahan Forooshi Co.",Saba Ahan Forooshi Co.,Supply Chain Manager,100000004,Khuzestan,10,1cb9b73a-906d-4c8c-aad0-8c8913fe8a29,9dcb65be-3fc0-496e-84f4-caeb49a4443e,100000000,135.0,,366eb16f-508e-4ad7-b7c9-3acfe059a0ee,2025-03-10T04:47:00Z,2025-03-13T11:31:00Z,2,6,
0463aa5e-222c-4fd2-a7a1-66d270293dbb,"Beams & Sections, 250 t - Pishgam Foolad Trading Industries",Pishgam Foolad Trading Industries,Project Manager,100000004,Khuzestan,10,1cb9b73a-906d-4c8c-aad0-8c8913fe8a29,3876fdaa-7af8-4c9f-a913-cb7645071807,100000001,300.0,,366eb16f-508e-4ad7-b7c9-3acfe059a0ee,2025-03-09T11:42:00Z,2025-03-12T10:05:00Z,2,6,
01f39146-60ca-40ea-b946-5f6628b8bcc2,"Rebar, 20 t - Alvand Abadgaran Co.",Alvand Abadgaran Co.,Procurement Lead,100000000,Khuzestan,8,e723ada3-8c32-4db2-942a-895e0fcf601f,e6b23125-d568-492f-9032-5480b01b5658,100000000,25.0,,366eb16f-508e-4ad7-b7c9-3acfe059a0ee,2025-02-11T09:42:00Z,2025-02-15T05:44:00Z,2,4,
284b2e1d-73fb-4c56-a2ea-5644547e1c39,"Cold-Rolled Sheet, 80 t - Navid Loleh Sazi Co.",Navid Loleh Sazi Co.,Managing Director,100000002,Isfahan,8,e723ada3-8c32-4db2-942a-895e0fcf601f,fc0221b4-95eb-4914-aac9-8c18f63e7ed4,100000003,70.0,3d4196fe-963a-4617-bdab-07e79d9d028e,10f1bc81-448a-4a9e-a6b2-bc5b50c187fc,2025-02-05T05:10:00Z,2025-02-08T13:27:00Z,2,6,
c5954f39-cc5d-46e4-bbc1-0bbeed1c4d70,"Pipes & Profiles, 30 t - Espadana Golkhaneh Sazan Co.",Espadana Golkhaneh Sazan Co.,Site Engineer,100000006,Khuzestan,8,e723ada3-8c32-4db2-942a-895e0fcf601f,36d25823-9b35-4089-829e-588250d3b1d6,100000005,30.0,,366eb16f-508e-4ad7-b7c9-3acfe059a0ee,2025-03-08T09:48:00Z,2025-03-13T07:00:00Z,2,6,
7ab4d358-8f60-48e7-9cf8-5fc4db6fdf8b,"Pipes & Profiles, 65 t - Fardis Contracting Group",Fardis Contracting Group,Supply Chain Manager,100000000,Tehran,8,e723ada3-8c32-4db2-942a-895e0fcf601f,f316891d-8896-4456-b344-dde4bcac4426,100000005,55.0,,0e51f30d-c6a7-4e39-84b0-32ccd7c524a5,2025-01-21T09:22:00Z,2025-01-26T07:53:00Z,2,4,
82278cac-0cfe-4cdf-a872-c5573d9049bb,"Hot-Rolled Sheet, 75 t - Nima Sakhteman Industries",Nima Sakhteman Industries,Purchasing Manager,100000000,Tehran,8,e723ada3-8c32-4db2-942a-895e0fcf601f,205d8635-cc87-458c-bb57-45dfe0345e68,100000002,80.0,e716eb38-581f-43df-be71-bda810128b96,0e51f30d-c6a7-4e39-84b0-32ccd7c524a5,2025-02-10T11:26:00Z,2025-02-16T10:24:00Z,2,6,
bcdc99ef-1485-4949-8bf6-40eaa244496a,"Rebar, 70 t - Mehr Omran Group",Mehr Omran Group,Supply Chain Manager,100000000,Tehran,8,e723ada3-8c32-4db2-942a-895e0fcf601f,b88e33d1-6c10-46cd-9249-944e713db204,100000000,70.0,c3f67602-0879-4480-87ab-777056724b4c,b02b61c4-a3d7-4628-ace6-6fa2fd5166e6,2025-02-10T11:56:00Z,2025-02-15T09:35:00Z,1,3,ede453cb-5da0-42c7-8f23-f0e291f20dce
dce61522-0632-418e-b0dd-be62aa35b738,"Rebar, 45 t - Kian Sazeh Group",Kian Sazeh Group,Project Manager,100000000,Tehran,8,e723ada3-8c32-4db2-942a-895e0fcf601f,c67a56e3-06fe-4fcf-87b1-326502f39ad2,100000000,35.0,,0e51f30d-c6a7-4e39-84b0-32ccd7c524a5,2025-03-12T10:31:00Z,2025-03-20T08:25:00Z,2,6,
a5c5afe1-89fd-4534-a4f0-78a1c89d43e7,"Pipes & Profiles, 25 t - Saba Greenhouse Structures Ltd.",Saba Greenhouse Structures Ltd.,Site Engineer,100000006,Tehran,8,e723ada3-8c32-4db2-942a-895e0fcf601f,7060ee63-1927-4b44-8e2c-f16bf3fd9e32,100000005,30.0,1d7af727-ac13-44e8-a109-18c950168bd5,b02b61c4-a3d7-4628-ace6-6fa2fd5166e6,2025-03-30T06:11:00Z,2025-04-05T06:12:00Z,1,3,0d6f1b84-d079-4f46-bf74-594bf9384b4c
b89b9722-3aa4-4cd7-89e5-8ebc673d4de0,"Pipes & Profiles, 250 t - Yekta Omran Co.",Yekta Omran Co.,Supply Chain Manager,100000000,Khorasan Razavi,8,e723ada3-8c32-4db2-942a-895e0fcf601f,2fc44d65-0ad5-4e56-9f9b-87b0ddc418d2,100000005,310.0,,24933b83-7577-40a9-a491-f0b2ea1fca65,2025-01-08T09:33:00Z,2025-01-12T12:50:00Z,2,4,
31bf8a3c-5ae5-4068-92ed-9291c3da1521,"Rebar, 25 t - Nima Sakhteman Group",Nima Sakhteman Group,Managing Director,100000000,Tehran,8,e723ada3-8c32-4db2-942a-895e0fcf601f,f840596b-357c-481a-b754-85e6ea9ed202,100000000,30.0,,b02b61c4-a3d7-4628-ace6-6fa2fd5166e6,2025-01-26T11:20:00Z,2025-01-28T13:13:00Z,2,4,
9c1817a3-5e2f-4318-a44a-79cd36b528a4,"Beams & Sections, 125 t - Mahan Abadgaran Group",Mahan Abadgaran Group,Purchasing Manager,100000000,Tehran,8,e723ada3-8c32-4db2-942a-895e0fcf601f,ae1c64c6-9efd-49e9-a1dd-2f7f00c976e5,100000001,85.0,,b02b61c4-a3d7-4628-ace6-6fa2fd5166e6,2025-03-03T07:51:00Z,2025-03-06T09:06:00Z,2,6,
18927ebd-b195-4d60-84f3-6ac60bde24e2,"Rebar, 275 t - Tous Metal Center Industries",Tous Metal Center Industries,Managing Director,100000004,Alborz,8,e723ada3-8c32-4db2-942a-895e0fcf601f,be66de49-ca6d-4803-b75e-a48f6f747d68,100000000,230.0,dff4cc91-3164-4c14-b1a0-051f0acae683,ce177b4e-0837-48a3-9261-a7ab3aa2e4f9,2025-01-15T13:01:00Z,2025-01-22T11:23:00Z,1,3,3b8c7da5-39ed-470d-bbff-b5b6d72a03c0
62e38426-06fb-42ac-8342-adc9df09451f,"Wire Rod, 175 t - Sepehr Steel Merchants Industries",Sepehr Steel Merchants Industries,Supply Chain Manager,100000004,East Azerbaijan,8,e723ada3-8c32-4db2-942a-895e0fcf601f,d173bd6d-16a0-4e13-9b80-5cc7e2712ff8,100000006,170.0,,beb79919-3f22-4af8-a3be-d01d43cf2fde,2025-03-22T12:49:00Z,2025-03-23T08:22:00Z,2,5,
c3575ff1-6caa-4c8d-bc3a-aa22d8f148fb,"Hot-Rolled Sheet, 20 t - Zarrin Eskelet Felezi Industries",Zarrin Eskelet Felezi Industries,Purchasing Manager,100000001,Khuzestan,8,e723ada3-8c32-4db2-942a-895e0fcf601f,a05a53c4-7c42-43c7-9bd8-978e92714fea,100000002,20.0,e1721c83-ef5e-4376-a723-fb72682b163a,366eb16f-508e-4ad7-b7c9-3acfe059a0ee,2025-02-27T05:16:00Z,2025-03-04T10:13:00Z,2,5,
ada3b63d-ad08-48c6-bad1-6e1dbefb1a15,"Pipes & Profiles, 60 t - Chakad Housing Development Co.",Chakad Housing Development Co.,Managing Director,100000005,Tehran,8,e723ada3-8c32-4db2-942a-895e0fcf601f,99adf607-c26e-4dbd-9acb-0045a449aefa,100000005,70.0,,ce177b4e-0837-48a3-9261-a7ab3aa2e4f9,2025-02-17T11:18:00Z,2025-02-22T13:22:00Z,2,6,
677a72f6-6e0c-42e9-b817-9896c6b98ce2,"Beams & Sections, 290 t - Hirad Iron & Steel Supply Co.",Hirad Iron & Steel Supply Co.,Supply Chain Manager,100000004,East Azerbaijan,8,e723ada3-8c32-4db2-942a-895e0fcf601f,242bba10-c7d0-40d1-8b5f-df7039185b72,100000001,290.0,79150e99-8ed3-4834-bd72-1fc205e0c019,beb79919-3f22-4af8-a3be-d01d43cf2fde,2025-02-17T09:12:00Z,2025-02-19T13:25:00Z,1,3,edbbf695-185c-41fd-b3c3-d82deb3bbe4c
3e7447a2-a672-432f-9c9f-0999e869839a,"Wire Rod, 55 t - Varna Greenhouse Structures Group",Varna Greenhouse Structures Group,Supply Chain Manager,100000006,Alborz,8,e723ada3-8c32-4db2-942a-895e0fcf601f,9a36e49e-a99c-406e-ab8e-b99553663145,100000006,50.0,c1cb8d69-8fa7-4dec-a5a6-1a06a8422325,5304317f-af42-412f-b838-b3268e944239,2025-02-08T07:53:00Z,2025-02-12T08:10:00Z,1,3,d66173ce-c185-41dc-931b-194bb59a135e
8c9bcaa6-07aa-440c-9762-0a6f6f24564d,"Hot-Rolled Sheet, 175 t - Arvand Pipe & Profile Industries",Arvand Pipe & Profile Industries,Supply Chain Manager,100000002,Khuzestan,8,e723ada3-8c32-4db2-942a-895e0fcf601f,9c296b78-90f6-4dce-b1f4-e511e6f9c201,100000002,165.0,,366eb16f-508e-4ad7-b7c9-3acfe059a0ee,2025-01-16T04:34:00Z,2025-01-22T11:50:00Z,2,6,
312997af-d7e3-45d5-807e-85061ec4816d,"Cold-Rolled Sheet, 40 t - Hoda Appliance Components Ltd.",Hoda Appliance Components Ltd.,Project Manager,100000003,Tehran,8,e723ada3-8c32-4db2-942a-895e0fcf601f,c01ba459-ec7f-4c2e-bb00-59ff563bf6e0,100000003,50.0,,b02b61c4-a3d7-4628-ace6-6fa2fd5166e6,2025-01-04T09:27:00Z,2025-01-07T08:32:00Z,2,5,
da2a4996-aaef-4529-81aa-db8000401b20,"Rebar, 170 t - Omid Metal Center Co.",Omid Metal Center Co.,Site Engineer,100000004,Khuzestan,8,e723ada3-8c32-4db2-942a-895e0fcf601f,3946ad23-c098-42b4-ba79-8ed42a0bfd9f,100000000,170.0,,366eb16f-508e-4ad7-b7c9-3acfe059a0ee,2025-02-20T05:26:00Z,2025-02-24T13:10:00Z,2,4,
0ce06819-24c6-4f93-a081-9bf56940240c,"Hot-Rolled Sheet, 35 t - Alvand Fabrication Works Co.",Alvand Fabrication Works Co.,Project Manager,100000001,East Azerbaijan,8,e723ada3-8c32-4db2-942a-895e0fcf601f,a45ee904-717d-4042-b30d-6ea3951c4200,100000002,40.0,,beb79919-3f22-4af8-a3be-d01d43cf2fde,2025-01-05T09:47:00Z,2025-01-12T08:06:00Z,2,6,
a01989d1-b998-4301-bdf9-e116df58c65f,"Galvanized Sheet, 160 t - Golestan Pipe Works Ltd.",Golestan Pipe Works Ltd.,Procurement Lead,100000002,Isfahan,8,e723ada3-8c32-4db2-942a-895e0fcf601f,bef0e0f1-1791-4e3c-8c75-70cc8e32ebbf,100000004,140.0,293572d3-fb63-43cb-8c35-bf2dec4fa141,10f1bc81-448a-4a9e-a6b2-bc5b50c187fc,2025-02-17T12:39:00Z,2025-02-20T06:49:00Z,1,3,bb9a86d6-8fa6-428d-87ba-fd4261388aad
113145d2-4346-4ce5-8895-d134acb4b5c3,"Wire Rod, 100 t - Tarava Metals Supply Co.",Tarava Metals Supply Co.,Project Manager,100000004,Tehran,8,e723ada3-8c32-4db2-942a-895e0fcf601f,8623a5ca-efc3-4842-a5b4-11ed05d1f737,100000006,120.0,2bd6f0fb-ee3c-4687-b704-eced5b9df42d,ce177b4e-0837-48a3-9261-a7ab3aa2e4f9,2025-02-09T09:26:00Z,2025-02-12T10:06:00Z,1,3,2af38599-ddf1-4035-996c-6dc8e503d716
83674372-d33e-4b2c-bceb-cc1d6c019c07,"Galvanized Sheet, 195 t - Diba Golkhaneh Sazan Co.",Diba Golkhaneh Sazan Co.,Procurement Lead,100000006,Isfahan,8,e723ada3-8c32-4db2-942a-895e0fcf601f,c016215d-3807-4f3a-9cd4-aa85613c826a,100000004,180.0,02e7df89-b395-4a98-a320-4ff5b538f96c,9132b63e-f162-47e4-a9c3-49e03602f8ac,2025-01-15T05:36:00Z,2025-01-21T05:04:00Z,2,4,
fef44a33-ae78-4d3f-8b23-96072d5e114d,"Beams & Sections, 405 t - Behsaz Housing Development Co.",Behsaz Housing Development Co.,Supply Chain Manager,100000005,Tehran,8,e723ada3-8c32-4db2-942a-895e0fcf601f,83eab8b5-d91b-4378-9d6f-affbe06bae1f,100000001,335.0,,ce177b4e-0837-48a3-9261-a7ab3aa2e4f9,2025-02-19T06:31:00Z,2025-02-22T05:54:00Z,2,4,
2bc2bdd4-d736-490c-a8ae-5c671598203e,"Rebar, 120 t - Rastin Contracting Ltd.",Rastin Contracting Ltd.,Supply Chain Manager,100000000,Khuzestan,8,e723ada3-8c32-4db2-942a-895e0fcf601f,24c4e6ca-8a66-4d77-a049-315b00938d5e,100000000,155.0,,366eb16f-508e-4ad7-b7c9-3acfe059a0ee,2025-01-25T12:57:00Z,2025-01-26T07:12:00Z,2,7,
8b418bdf-e52b-4187-bc3b-5ed72dd5b752,"Pipes & Profiles, 440 t - Orang Foolad Trading Ltd.",Orang Foolad Trading Ltd.,Supply Chain Manager,100000004,Isfahan,10,89628f6e-929c-43b3-b3c0-8bf18167999f,ec7448f9-5b60-47b0-9777-676070fff474,100000005,660.0,,10f1bc81-448a-4a9e-a6b2-bc5b50c187fc,2025-05-20T10:49:00Z,2025-05-22T04:37:00Z,2,7,
2a17879a-67a7-4886-9716-6f351a64eed2,"Rebar, 35 t - Yekta Contracting Industries",Yekta Contracting Industries,Purchasing Manager,100000000,Tehran,10,89628f6e-929c-43b3-b3c0-8bf18167999f,ef3dc5a8-9295-4d18-ac7c-44a8e6c9e05e,100000000,30.0,,5304317f-af42-412f-b838-b3268e944239,2025-04-12T06:20:00Z,2025-04-17T06:43:00Z,2,5,
6207db63-74e5-4611-ad65-27a15a968960,"Wire Rod, 40 t - Parsian Steel Merchants Industries",Parsian Steel Merchants Industries,Project Manager,100000004,Khuzestan,10,89628f6e-929c-43b3-b3c0-8bf18167999f,c6bdce43-0902-4afd-964e-9cd4cade4865,100000006,50.0,,366eb16f-508e-4ad7-b7c9-3acfe059a0ee,2025-05-21T09:03:00Z,2025-05-26T10:21:00Z,2,4,
6c05df93-969c-482a-bb9e-88f856ebd83a,"Pipes & Profiles, 65 t - Karun Metals Supply Co.",Karun Metals Supply Co.,Site Engineer,100000004,Fars,10,89628f6e-929c-43b3-b3c0-8bf18167999f,a1d60cf1-8a95-40d8-8794-c44dab583656,100000005,50.0,,e27a984d-6548-41d0-bfcd-9eb1a7cad415,2025-05-29T08:51:00Z,2025-05-31T13:20:00Z,2,6,
9d482c49-f53f-42d3-8df6-720520ff622c,"Rebar, 45 t - Laleh Sakhteman Co.",Laleh Sakhteman Co.,Project Manager,100000000,Khuzestan,10,89628f6e-929c-43b3-b3c0-8bf18167999f,80851d53-2d82-4b6a-89bc-819e9d180608,100000000,60.0,eebd342d-22d9-4b18-8680-55f355114558,366eb16f-508e-4ad7-b7c9-3acfe059a0ee,2025-04-07T12:35:00Z,2025-04-12T11:49:00Z,1,3,1b1cff87-40a8-4540-93b7-bdbc06be11c0
da970edb-a841-488d-93b3-4dafcca5ac2e,"Rebar, 30 t - Kaspian Eskelet Felezi Ltd.",Kaspian Eskelet Felezi Ltd.,Managing Director,100000001,Hormozgan,10,89628f6e-929c-43b3-b3c0-8bf18167999f,6d566dcc-bb99-4df7-99ce-afeef4914ab0,100000000,25.0,,e27a984d-6548-41d0-bfcd-9eb1a7cad415,2025-06-16T09:38:00Z,2025-06-18T11:12:00Z,2,4,
922fe35d-2fd1-4775-80b0-2a827054ef5f,"Rebar, 30 t - Golestan Steel Depot Co.",Golestan Steel Depot Co.,Managing Director,100000004,Tehran,10,89628f6e-929c-43b3-b3c0-8bf18167999f,950f5eff-dc51-46e4-9912-d963d32a9e06,100000000,30.0,,ce177b4e-0837-48a3-9261-a7ab3aa2e4f9,2025-05-22T09:31:00Z,2025-05-24T13:25:00Z,2,7,
de2bdf8c-a75c-47c0-86f5-8ae67a5c28ca,"Beams & Sections, 90 t - Iman Fabrication Works Co.",Iman Fabrication Works Co.,Managing Director,100000001,Isfahan,10,89628f6e-929c-43b3-b3c0-8bf18167999f,32e72520-4d83-4055-97ac-720e0626d3be,100000001,80.0,,9132b63e-f162-47e4-a9c3-49e03602f8ac,2025-04-13T07:13:00Z,2025-04-19T05:44:00Z,2,5,
c578f4f4-9b18-476a-9d7b-83630db26722,"Rebar, 95 t - Hamoon Ahan Bazar Ltd.",Hamoon Ahan Bazar Ltd.,Procurement Lead,100000004,Isfahan,10,89628f6e-929c-43b3-b3c0-8bf18167999f,23bf1f71-a901-4db8-80ae-50f37770014d,100000000,85.0,,9132b63e-f162-47e4-a9c3-49e03602f8ac,2025-06-02T06:01:00Z,2025-06-09T07:53:00Z,2,4,
bf2c857e-9f7b-4992-acec-73f232acf022,"Beams & Sections, 335 t - Zagros Ahan Forooshi Co.",Zagros Ahan Forooshi Co.,Managing Director,100000004,Tehran,10,89628f6e-929c-43b3-b3c0-8bf18167999f,3fa916f9-eeb1-4cb9-b008-f9e0c28c36b8,100000001,390.0,1aa3c18e-0aaf-4962-b92c-23e3454009f2,ce177b4e-0837-48a3-9261-a7ab3aa2e4f9,2025-05-25T07:18:00Z,2025-05-31T08:07:00Z,1,3,34e46f07-380c-452f-a294-5c5936981525
7ab417d6-2975-4ef7-9d3f-904a5ca0678b,"Hot-Rolled Sheet, 190 t - Alvand Steel Merchants Co.",Alvand Steel Merchants Co.,Site Engineer,100000004,East Azerbaijan,10,89628f6e-929c-43b3-b3c0-8bf18167999f,1f8452fb-6c26-4326-8dc6-d899ee209e85,100000002,200.0,,beb79919-3f22-4af8-a3be-d01d43cf2fde,2025-06-17T12:44:00Z,2025-06-18T12:29:00Z,2,5,
10ab9db1-a5e5-478a-b943-23c3a38dbe8c,"Beams & Sections, 30 t - Sadaf Omran Ltd.",Sadaf Omran Ltd.,Site Engineer,100000000,East Azerbaijan,10,89628f6e-929c-43b3-b3c0-8bf18167999f,7e29bddc-fd5c-474e-8778-dbe69b29f76e,100000001,30.0,,beb79919-3f22-4af8-a3be-d01d43cf2fde,2025-06-24T04:56:00Z,2025-06-28T12:48:00Z,2,6,
f3da143e-4962-494f-bc26-09e1375e5c72,"Hot-Rolled Sheet, 125 t - Aban Pipe Works Industries",Aban Pipe Works Industries,Site Engineer,100000002,Isfahan,10,89628f6e-929c-43b3-b3c0-8bf18167999f,260027aa-197d-4ceb-b498-816e61cb03f3,100000002,125.0,,10f1bc81-448a-4a9e-a6b2-bc5b50c187fc,2025-05-31T08:33:00Z,2025-06-03T08:43:00Z,2,5,
b05ab6bf-bca9-4eba-b5ff-dd0c2eda17d5,"Wire Rod, 25 t - Raman Metals Supply Co.",Raman Metals Supply Co.,Site Engineer,100000004,Khorasan Razavi,10,89628f6e-929c-43b3-b3c0-8bf18167999f,6fd8440a-5283-489c-831f-37eb2c981221,100000006,25.0,,24933b83-7577-40a9-a491-f0b2ea1fca65,2025-06-12T04:54:00Z,2025-06-14T12:19:00Z,2,5,
23baa2ca-a90a-41cd-b4ac-51f0fcf086c5,"Wire Rod, 380 t - Gohar Foolad Trading Industries",Gohar Foolad Trading Industries,Site Engineer,100000004,Tehran,10,89628f6e-929c-43b3-b3c0-8bf18167999f,d91e7e1a-6e48-4e95-a228-23f82a46cb32,100000006,275.0,,ce177b4e-0837-48a3-9261-a7ab3aa2e4f9,2025-06-15T11:25:00Z,2025-06-22T12:37:00Z,2,7,
a8c5840f-aa54-468f-a927-4d42288a2e51,"Cold-Rolled Sheet, 85 t - Sadaf Press Works Co.",Sadaf Press Works Co.,Supply Chain Manager,100000003,Tehran,10,89628f6e-929c-43b3-b3c0-8bf18167999f,d74d930e-0e0f-4619-a926-61f516ca331c,100000003,80.0,,0e51f30d-c6a7-4e39-84b0-32ccd7c524a5,2025-06-24T05:31:00Z,2025-06-28T07:56:00Z,2,6,
121374ec-d9f5-4388-9202-5cd5d0b8bcbb,"Galvanized Sheet, 45 t - Varna Appliance Components Co.",Varna Appliance Components Co.,Site Engineer,100000003,Khuzestan,10,89628f6e-929c-43b3-b3c0-8bf18167999f,07d1316f-821a-4ac9-a957-2b45ed84859d,100000004,35.0,,366eb16f-508e-4ad7-b7c9-3acfe059a0ee,2025-07-03T10:49:00Z,2025-07-08T12:19:00Z,2,5,
ab00fba9-a5e0-4e86-83bd-7384176cc975,"Hot-Rolled Sheet, 75 t - Iman Metal Center Co.",Iman Metal Center Co.,Project Manager,100000004,Isfahan,10,89628f6e-929c-43b3-b3c0-8bf18167999f,673a0c97-987e-428b-8caf-ae2b15caf379,100000002,120.0,2a545726-ca9d-469a-8539-fd8297266ab2,9132b63e-f162-47e4-a9c3-49e03602f8ac,2025-06-07T10:44:00Z,2025-06-12T07:28:00Z,1,3,326ab4b1-c251-43c7-8991-2512a304d72d
ac97e067-48bb-4c17-bccd-3eb62d51ca94,"Hot-Rolled Sheet, 95 t - Taban Profile Sazan Co.",Taban Profile Sazan Co.,Managing Director,100000002,Khorasan Razavi,10,89628f6e-929c-43b3-b3c0-8bf18167999f,3f843c8f-a46f-47b5-8d45-e921e64b5523,100000002,115.0,,24933b83-7577-40a9-a491-f0b2ea1fca65,2025-06-15T11:43:00Z,2025-06-19T09:18:00Z,2,5,
4af83592-2e85-4bc6-a5ed-b1d9a4242b77,"Wire Rod, 640 t - Dena Iron & Steel Supply Co.",Dena Iron & Steel Supply Co.,Site Engineer,100000004,Tehran,10,89628f6e-929c-43b3-b3c0-8bf18167999f,ab86fc70-a89c-4d28-8e08-215adbe6fc7f,100000006,460.0,,ce177b4e-0837-48a3-9261-a7ab3aa2e4f9,2025-04-21T12:08:00Z,2025-04-26T07:16:00Z,2,4,
71a67925-1094-4b53-a6d5-1dc14ff90831,"Wire Rod, 10 t - Borna Greenhouse Structures Ltd.",Borna Greenhouse Structures Ltd.,Site Engineer,100000006,Alborz,10,89628f6e-929c-43b3-b3c0-8bf18167999f,82fecfdc-73fb-4982-8401-4a72068f19b5,100000006,10.0,,b02b61c4-a3d7-4628-ace6-6fa2fd5166e6,2025-04-22T12:01:00Z,2025-04-26T07:09:00Z,2,6,
05a562a9-6cc7-4151-9172-44f793645e43,"Rebar, 75 t - Tirdad Sakhteman Ltd.",Tirdad Sakhteman Ltd.,Purchasing Manager,100000000,Tehran,10,89628f6e-929c-43b3-b3c0-8bf18167999f,9a18e6bb-71f6-41a8-86f7-3047c0bdbeaf,100000000,80.0,3f8f9da4-b98a-453f-be85-44e1c1b65800,0e51f30d-c6a7-4e39-84b0-32ccd7c524a5,2025-05-24T07:01:00Z,2025-05-28T12:30:00Z,1,3,30950ae5-bc09-47c4-b609-66943c35b27d
43d8c607-f27a-4635-a064-62aea0683570,"Cold-Rolled Sheet, 40 t - Farazan Press Works Co.",Farazan Press Works Co.,Project Manager,100000003,Tehran,10,89628f6e-929c-43b3-b3c0-8bf18167999f,64ff3d41-eb4b-4bd8-af49-056a9f5f4623,100000003,40.0,,b02b61c4-a3d7-4628-ace6-6fa2fd5166e6,2025-05-10T12:05:00Z,2025-05-13T04:55:00Z,2,4,
0c0575ab-2dce-4207-800e-45409492ba69,"Cold-Rolled Sheet, 90 t - Tous Appliance Components Ltd.",Tous Appliance Components Ltd.,Site Engineer,100000003,Isfahan,8,dabf984e-53ff-4461-aa1f-1b61265cb9d9,f8a5764a-87c5-4450-8c78-7ac622c97943,100000003,70.0,6e6c4c64-6f56-41b1-9d07-285b8e8752c2,9132b63e-f162-47e4-a9c3-49e03602f8ac,2025-05-28T12:27:00Z,2025-06-02T04:39:00Z,1,3,cbcb02f0-2518-4946-bbd3-9f0f41721720
217c82b1-c884-4ac6-a19a-4805e03a0ab6,"Pipes & Profiles, 15 t - Laleh Greenhouse Structures Group",Laleh Greenhouse Structures Group,Project Manager,100000006,Hormozgan,8,dabf984e-53ff-4461-aa1f-1b61265cb9d9,6789278d-cc86-4c85-8212-173f5e997f0d,100000005,20.0,,e27a984d-6548-41d0-bfcd-9eb1a7cad415,2025-05-12T08:33:00Z,2025-05-15T07:31:00Z,2,6,
50e5b83b-c388-4b0e-a263-e16c66b768bd,"Beams & Sections, 25 t - Karun Construction Group",Karun Construction Group,Purchasing Manager,100000000,Khorasan Razavi,8,dabf984e-53ff-4461-aa1f-1b61265cb9d9,4f848c31-7954-4f2d-a819-d4b9b1a6aed3,100000001,20.0,a904babd-69c2-4a17-83d1-677a79a6ab72,24933b83-7577-40a9-a491-f0b2ea1fca65,2025-05-05T11:53:00Z,2025-05-10T07:51:00Z,2,4,
e1ea1d2e-9874-4952-93ed-4b5c2c4276b2,"Beams & Sections, 50 t - Nikan Omran Ltd.",Nikan Omran Ltd.,Managing Director,100000000,East Azerbaijan,8,dabf984e-53ff-4461-aa1f-1b61265cb9d9,14420114-dfe7-44a4-b225-70ff20baeb3f,100000001,60.0,22897671-7234-4df0-85f0-3f1ccd4a3c8e,beb79919-3f22-4af8-a3be-d01d43cf2fde,2025-06-04T11:14:00Z,2025-06-09T11:54:00Z,1,3,22536c0f-b9a3-4f8c-b84d-1c98c44a425c
2a24cab7-eb65-470d-9c64-72c8bafe90d2,"Cold-Rolled Sheet, 30 t - Laleh Appliance Components Industries",Laleh Appliance Components Industries,Managing Director,100000003,Khuzestan,8,dabf984e-53ff-4461-aa1f-1b61265cb9d9,25b3cc2e-137d-4405-accc-0672cfde82ad,100000003,30.0,,366eb16f-508e-4ad7-b7c9-3acfe059a0ee,2025-05-14T12:09:00Z,2025-05-18T11:52:00Z,2,6,
bac043ca-96b7-4f15-b249-848c58810e2d,"Galvanized Sheet, 165 t - Negin Profile Works Industries",Negin Profile Works Industries,Procurement Lead,100000002,Khorasan Razavi,8,dabf984e-53ff-4461-aa1f-1b61265cb9d9,6e19f773-3a5c-41bc-9797-29e87a8d8320,100000004,200.0,,24933b83-7577-40a9-a491-f0b2ea1fca65,2025-06-19T07:46:00Z,2025-06-22T12:39:00Z,2,4,
fc16f82a-b682-4487-af45-88c3277747dc,"Rebar, 45 t - Rahyab Steel Structures Co.",Rahyab Steel Structures Co.,Site Engineer,100000001,Alborz,8,dabf984e-53ff-4461-aa1f-1b61265cb9d9,318c6ee8-f1c8-4a37-a3d3-59b81c84f34f,100000000,30.0,,b02b61c4-a3d7-4628-ace6-6fa2fd5166e6,2025-05-31T07:46:00Z,2025-06-03T08:48:00Z,2,5,
8afb9ff3-a7b1-4bcd-833a-c676b6d6e920,"Wire Rod, 160 t - Gilan Steel Depot Co.",Gilan Steel Depot Co.,Managing Director,100000004,Fars,8,dabf984e-53ff-4461-aa1f-1b61265cb9d9,5a878212-7988-46f2-a5d2-3d4112a1720b,100000006,165.0,,e27a984d-6548-41d0-bfcd-9eb1a7cad415,2025-05-12T10:46:00Z,2025-05-14T09:17:00Z,2,7,
62d0abcd-bc3f-412e-89f3-2a99dfc735f8,"Beams & Sections, 145 t - Nasim Rail & Road Projects Group",Nasim Rail & Road Projects Group,Project Manager,100000005,Isfahan,8,dabf984e-53ff-4461-aa1f-1b61265cb9d9,41659d74-a93b-4a35-8332-b29b80994da1,100000001,125.0,,9132b63e-f162-47e4-a9c3-49e03602f8ac,2025-06-11T10:26:00Z,2025-06-14T11:27:00Z,2,5,
ae57927f-730c-4e0e-96f9-92984634a5f6,"Cold-Rolled Sheet, 65 t - Mehr Press Works Co.",Mehr Press Works Co.,Purchasing Manager,100000003,Fars,8,dabf984e-53ff-4461-aa1f-1b61265cb9d9,1aca9cf6-7ab6-4c3c-9667-159d22021f9f,100000003,75.0,8a5abc61-9924-45ee-bc8a-fb1dba99267e,e27a984d-6548-41d0-bfcd-9eb1a7cad415,2025-04-26T07:45:00Z,2025-05-01T07:06:00Z,1,3,557731b5-285e-4889-87ba-6245635b9e6b
8e86f9b2-d4e6-45f7-b427-fb9ee7912673,"Rebar, 90 t - Mahan Construction Group",Mahan Construction Group,Managing Director,100000000,Isfahan,8,dabf984e-53ff-4461-aa1f-1b61265cb9d9,21d7ef88-448e-4408-acce-bc8640ac9243,100000000,110.0,,10f1bc81-448a-4a9e-a6b2-bc5b50c187fc,2025-06-14T13:16:00Z,2025-06-17T13:29:00Z,2,6,
a564ee98-fc3e-4ed1-9cdb-d909f9cd1b18,"Beams & Sections, 25 t - Sahand Abadgaran Group",Sahand Abadgaran Group,Purchasing Manager,100000000,Hormozgan,8,dabf984e-53ff-4461-aa1f-1b61265cb9d9,26a4850d-1a6b-48d2-8ad7-5ebe91694fbb,100000001,30.0,35c87983-910b-47f9-a1ae-25a6f1966b21,e27a984d-6548-41d0-bfcd-9eb1a7cad415,2025-05-25T08:08:00Z,2025-05-28T05:44:00Z,1,3,56e03e97-2d42-4f7f-9326-5657a56a0e3a
98cc3e26-a1a2-4f5e-975d-cd7e820740e7,"Rebar, 170 t - Zagros Ahan Forooshi Ltd.",Zagros Ahan Forooshi Ltd.,Project Manager,100000004,Alborz,8,dabf984e-53ff-4461-aa1f-1b61265cb9d9,07a1012a-e8f8-4e43-8b99-69081d575d69,100000000,80.0,,ce177b4e-0837-48a3-9261-a7ab3aa2e4f9,2025-06-17T05:42:00Z,2025-06-19T06:22:00Z,2,6,
4a13b17c-8d93-4a1b-a5d2-5bc33c3826aa,"Cold-Rolled Sheet, 30 t - Sadaf Appliance Components Ltd.",Sadaf Appliance Components Ltd.,Project Manager,100000003,Khorasan Razavi,8,dabf984e-53ff-4461-aa1f-1b61265cb9d9,b97938ac-ead2-4702-8fcc-588e49ec6e32,100000003,25.0,96f22a06-15c5-4e34-b183-0345a4229f14,24933b83-7577-40a9-a491-f0b2ea1fca65,2025-06-21T10:34:00Z,2025-06-22T07:35:00Z,1,3,217cf31d-74a2-43df-9c22-7efd345f120e
0abdbcd1-782c-4fec-9e5d-78a1c5bdb495,"Rebar, 25 t - Persis Sakhteman Co.",Persis Sakhteman Co.,Managing Director,100000000,Khuzestan,8,dabf984e-53ff-4461-aa1f-1b61265cb9d9,44d44eca-976b-4158-aa93-26f6ec221123,100000000,30.0,60bf684e-240d-483a-8dd0-64e34b50c34d,366eb16f-508e-4ad7-b7c9-3acfe059a0ee,2025-05-26T08:15:00Z,2025-05-28T06:01:00Z,1,3,a160085f-ee9c-4ba6-b0be-d7e6be6a9aa5
6ef68419-8a39-4869-bbec-a80c87280662,"Rebar, 110 t - Helia Construction Group",Helia Construction Group,Procurement Lead,100000000,Khorasan Razavi,8,dabf984e-53ff-4461-aa1f-1b61265cb9d9,03f2ffe0-c8ef-482f-b588-73899b5ffa2d,100000000,80.0,9d470a35-c816-4c27-bc3c-4c2fa40e0199,24933b83-7577-40a9-a491-f0b2ea1fca65,2025-06-25T10:18:00Z,2025-06-28T07:18:00Z,1,3,21a1a72e-e8c6-4479-8517-1b06e75818bf
6295b041-4bfa-41db-bcff-c54b2351fc3a,"Hot-Rolled Sheet, 35 t - Raman Fabrication Works Industries",Raman Fabrication Works Industries,Supply Chain Manager,100000001,Tehran,8,dabf984e-53ff-4461-aa1f-1b61265cb9d9,bf79dcb6-abc4-4f76-9718-27dfb4c0c39a,100000002,25.0,,0e51f30d-c6a7-4e39-84b0-32ccd7c524a5,2025-05-31T09:34:00Z,2025-06-01T05:34:00Z,2,4,
2344f207-f0a1-4255-a71e-bf8e979bc54c,"Rebar, 70 t - Rastin Sakhteman Ltd.",Rastin Sakhteman Ltd.,Site Engineer,100000000,Khuzestan,8,dabf984e-53ff-4461-aa1f-1b61265cb9d9,b67819ff-9bca-4ac2-9786-e4b747c3c3cc,100000000,90.0,7317591a-3283-4aa4-a212-ab7c9d361cb6,366eb16f-508e-4ad7-b7c9-3acfe059a0ee,2025-06-08T06:57:00Z,2025-06-14T10:33:00Z,2,6,
e245ed74-e9d5-4e55-bee6-6950e1b340ee,"Rebar, 65 t - Arya Builders Co.",Arya Builders Co.,Procurement Lead,100000000,Tehran,8,dabf984e-53ff-4461-aa1f-1b61265cb9d9,b506aa35-cfa8-4cc8-8dab-44287303f483,100000000,90.0,,b02b61c4-a3d7-4628-ace6-6fa2fd5166e6,2025-04-07T10:16:00Z,2025-04-09T10:14:00Z,2,7,
0cbe735d-bbfc-4897-b027-1efc049fb2fd,"Galvanized Sheet, 45 t - Farnam Press Works Industries",Farnam Press Works Industries,Procurement Lead,100000003,Fars,8,dabf984e-53ff-4461-aa1f-1b61265cb9d9,9313ea0f-b5d6-4793-8003-fd3ed49bf21a,100000004,40.0,0d86ff36-f35d-464d-866d-8ac168f65558,e27a984d-6548-41d0-bfcd-9eb1a7cad415,2025-05-31T07:47:00Z,2025-06-04T08:45:00Z,1,3,55b17fd3-8561-4d1d-99cb-54ceebf3d015
dd50f7e7-d8fd-4386-8748-3ec122d1b5fa,"Rebar, 35 t - Rayan Sazeh Group",Rayan Sazeh Group,Supply Chain Manager,100000000,Tehran,8,dabf984e-53ff-4461-aa1f-1b61265cb9d9,d3c8acca-3615-4de4-abf3-074375987f10,100000000,25.0,,b02b61c4-a3d7-4628-ace6-6fa2fd5166e6,2025-04-20T09:08:00Z,2025-04-23T09:33:00Z,2,4,
0ef40214-014b-4836-87ad-fc55c99cb5f3,"Hot-Rolled Sheet, 140 t - Fardis Metals Supply Group",Fardis Metals Supply Group,Managing Director,100000004,Khuzestan,8,dabf984e-53ff-4461-aa1f-1b61265cb9d9,e2aebd53-b89b-4995-a32e-3ac453fe40e3,100000002,115.0,,366eb16f-508e-4ad7-b7c9-3acfe059a0ee,2025-05-31T05:06:00Z,2025-06-02T04:57:00Z,2,5,
d619e0ce-69d5-4df5-9d95-cdeac417fe56,"Hot-Rolled Sheet, 115 t - Karun Tube Mills Ltd.",Karun Tube Mills Ltd.,Project Manager,100000002,Isfahan,8,dabf984e-53ff-4461-aa1f-1b61265cb9d9,78e33d35-f4e0-440f-876e-6a0641d0b488,100000002,150.0,33c25e62-7960-4810-ba37-298924290112,9132b63e-f162-47e4-a9c3-49e03602f8ac,2025-06-04T05:56:00Z,2025-06-07T06:30:00Z,1,3,b2b5c888-9931-4197-af02-7617cbbf61c3
d0f95340-720d-476f-8d96-30be5580885a,"Galvanized Sheet, 120 t - Omid Pipe & Profile Industries",Omid Pipe & Profile Industries,Project Manager,100000002,Tehran,8,dabf984e-53ff-4461-aa1f-1b61265cb9d9,54b279cd-0c24-4f00-8a4a-07e1234d65cf,100000004,115.0,,0e51f30d-c6a7-4e39-84b0-32ccd7c524a5,2025-06-25T10:49:00Z,2025-06-30T11:16:00Z,2,4,
67f7aba4-0617-4c62-a243-b9ab2b0e817c,"Cold-Rolled Sheet, 85 t - Behsaz Press Works Co.",Behsaz Press Works Co.,Supply Chain Manager,100000003,Tehran,8,dabf984e-53ff-4461-aa1f-1b61265cb9d9,2d598b9d-b3e3-468f-afce-09490dd1db5f,100000003,130.0,f0c46591-b2d9-45fa-849e-e02aeea28810,5304317f-af42-412f-b838-b3268e944239,2025-06-25T06:23:00Z,2025-06-28T12:25:00Z,1,3,7db93260-0454-4551-82d5-706ca34737f8
b31b58fa-cffd-4e28-8271-a48f6aed2058,"Rebar, 105 t - Tina Metals Supply Group",Tina Metals Supply Group,Project Manager,100000004,Tehran,8,dabf984e-53ff-4461-aa1f-1b61265cb9d9,dc247a02-286c-43e0-82b5-166d0f3cc54f,100000000,105.0,cc464bb8-f773-4927-98d6-9943e0e5e2f9,5304317f-af42-412f-b838-b3268e944239,2025-05-03T07:41:00Z,2025-05-07T08:41:00Z,1,3,a838e8dd-dc3a-4635-af3b-716de37aa5a2
126f28a9-107d-4387-88c2-1370c2a423f2,"Rebar, 90 t - Diba Steel Depot Co.",Diba Steel Depot Co.,Project Manager,100000004,Tehran,8,dabf984e-53ff-4461-aa1f-1b61265cb9d9,f8e8e938-b2df-42fe-9c90-282181a8d2b0,100000000,70.0,2c9c763b-e454-4286-9dd9-76469d892032,ce177b4e-0837-48a3-9261-a7ab3aa2e4f9,2025-05-26T10:15:00Z,2025-05-31T10:05:00Z,1,3,ec3fd2c2-515b-4539-83b1-940e3434a281
64836ec2-00b6-4158-8540-38d7399b747b,"Wire Rod, 20 t - Kaspian Golkhaneh Sazan Co.",Kaspian Golkhaneh Sazan Co.,Managing Director,100000006,Tehran,8,dabf984e-53ff-4461-aa1f-1b61265cb9d9,dca4b19e-5ffd-41cf-bc8e-920df692f963,100000006,20.0,822c4d32-6c64-4c15-aba3-01cba561e1e9,b02b61c4-a3d7-4628-ace6-6fa2fd5166e6,2025-06-14T10:27:00Z,2025-06-18T08:15:00Z,2,6,
e470dab0-e520-4332-a4a5-8bd60a328c88,"Hot-Rolled Sheet, 90 t - Rayan Press Works Co.",Rayan Press Works Co.,Procurement Lead,100000003,Tehran,10,ae27d432-1dc1-47eb-b11c-767385351a69,9241e029-082d-4372-8996-a54bbcbb0658,100000002,115.0,,0e51f30d-c6a7-4e39-84b0-32ccd7c524a5,2025-08-02T10:55:00Z,2025-08-05T09:04:00Z,2,6,
bca88911-97ea-402c-abc6-206b16754427,"Rebar, 115 t - Vista Iron & Steel Supply Ltd.",Vista Iron & Steel Supply Ltd.,Managing Director,100000004,Khuzestan,10,ae27d432-1dc1-47eb-b11c-767385351a69,2fa227c3-dc57-44da-90ca-beebdb721b14,100000000,160.0,3b1f38f0-0be2-4694-a52e-89572ae06f26,366eb16f-508e-4ad7-b7c9-3acfe059a0ee,2025-09-03T05:55:00Z,2025-09-06T05:35:00Z,1,3,21e094fc-15db-469e-991a-86896626978d
92a6584c-85b2-4fa7-9fde-c4f3c92215cd,"Beams & Sections, 105 t - Omid Steel Depot Co.",Omid Steel Depot Co.,Site Engineer,100000004,Isfahan,10,ae27d432-1dc1-47eb-b11c-767385351a69,86413c79-e90f-4aac-a82a-e2455a422292,100000001,90.0,,10f1bc81-448a-4a9e-a6b2-bc5b50c187fc,2025-08-25T08:37:00Z,2025-08-30T11:35:00Z,2,5,
b575dd69-0b61-49c4-844a-a5c98e56dda6,"Rebar, 45 t - Karun Builders Industries",Karun Builders Industries,Purchasing Manager,100000000,Isfahan,10,ae27d432-1dc1-47eb-b11c-767385351a69,61b862b2-181d-40f9-b0d3-ce6fb437e204,100000000,45.0,,10f1bc81-448a-4a9e-a6b2-bc5b50c187fc,2025-08-18T09:24:00Z,2025-08-23T07:05:00Z,2,4,
f4e1048a-f417-4dc9-b954-018b6be4d062,"Rebar, 25 t - Pardis Sazeh Ltd.",Pardis Sazeh Ltd.,Site Engineer,100000000,Khuzestan,10,ae27d432-1dc1-47eb-b11c-767385351a69,10e7ee6f-1c15-455f-bf6e-074d865fe33c,100000000,20.0,,366eb16f-508e-4ad7-b7c9-3acfe059a0ee,2025-10-01T06:26:00Z,2025-10-05T08:42:00Z,2,4,
75a8457d-74f8-44e2-b0a1-e5ddd403653e,"Wire Rod, 50 t - Negin Iron & Steel Supply Group",Negin Iron & Steel Supply Group,Purchasing Manager,100000004,Fars,10,ae27d432-1dc1-47eb-b11c-767385351a69,ef55c8e2-3b16-4e64-9849-73b7cb052418,100000006,65.0,4f11d8dc-5cd3-4369-84aa-c1b75ca0c428,e27a984d-6548-41d0-bfcd-9eb1a7cad415,2025-07-07T05:02:00Z,2025-07-10T10:12:00Z,2,7,
950097ce-28bc-4d51-b1e4-53e6dc50522d,"Beams & Sections, 100 t - Kowsar Contracting Industries",Kowsar Contracting Industries,Procurement Lead,100000000,Mazandaran,10,ae27d432-1dc1-47eb-b11c-767385351a69,0a76e404-9bad-46c6-9d7d-08c960cc7abd,100000001,105.0,,b02b61c4-a3d7-4628-ace6-6fa2fd5166e6,2025-07-13T13:17:00Z,2025-07-20T09:12:00Z,2,6,
64dd4384-b34f-41ca-bbde-c3f462171534,"Rebar, 655 t - Espadana Steel Depot Ltd.",Espadana Steel Depot Ltd.,Site Engineer,100000004,Hormozgan,10,ae27d432-1dc1-47eb-b11c-767385351a69,0a6368f2-e413-44d3-a083-ebb5c0cdf96d,100000000,460.0,,e27a984d-6548-41d0-bfcd-9eb1a7cad415,2025-09-29T04:32:00Z,2025-10-02T05:26:00Z,2,5,
b79fa51d-3045-438c-852c-7f939acaf159,"Cold-Rolled Sheet, 105 t - Raman Press Works Industries",Raman Press Works Industries,Procurement Lead,100000003,Isfahan,10,ae27d432-1dc1-47eb-b11c-767385351a69,4e6120f3-af52-477c-b243-cee9facd64f1,100000003,95.0,d43cdd6d-e0c1-4f1e-a0da-897258321ee4,9132b63e-f162-47e4-a9c3-49e03602f8ac,2025-08-16T12:35:00Z,2025-08-19T11:12:00Z,2,6,
f3098246-33ca-423f-b301-13f042bffd8b,"Cold-Rolled Sheet, 30 t - Taban Press Works Group",Taban Press Works Group,Project Manager,100000003,Alborz,10,ae27d432-1dc1-47eb-b11c-767385351a69,3eda9150-3993-4371-bc60-ae1c8818d277,100000003,30.0,,5304317f-af42-412f-b838-b3268e944239,2025-09-20T10:11:00Z,2025-09-23T09:21:00Z,2,6,
6fc41bf6-3d6b-4f76-b790-df8a5c493e43,"Rebar, 50 t - Mahtab Steel Depot Group",Mahtab Steel Depot Group,Project Manager,100000004,Tehran,10,ae27d432-1dc1-47eb-b11c-767385351a69,3309cd89-f26d-4669-95e3-8f96a2bf0f3d,100000000,30.0,c6e4472d-983a-4d16-ba66-f439ee62af25,ce177b4e-0837-48a3-9261-a7ab3aa2e4f9,2025-08-13T09:37:00Z,2025-08-18T07:08:00Z,1,3,305c70a2-3a3e-4b9f-b637-a2faa44b6f98
d04a8ff9-eee1-4ab3-9f5e-c4d26282a4d5,"Rebar, 105 t - Saba Metals Supply Group",Saba Metals Supply Group,Project Manager,100000004,Alborz,10,ae27d432-1dc1-47eb-b11c-767385351a69,2e7cdb3f-4404-47f9-9e60-ba33fcbfa2ca,100000000,70.0,c33a8761-618f-478a-a66b-4b6db9ec28ff,0e51f30d-c6a7-4e39-84b0-32ccd7c524a5,2025-09-14T07:19:00Z,2025-09-20T08:28:00Z,2,7,
bada092a-5e4c-4ce6-9453-9cdb1ec88633,"Beams & Sections, 130 t - Arya Abadgaran Industries",Arya Abadgaran Industries,Managing Director,100000000,East Azerbaijan,10,ae27d432-1dc1-47eb-b11c-767385351a69,ee926321-245f-4d94-aac1-4fd1eb74e721,100000001,200.0,,beb79919-3f22-4af8-a3be-d01d43cf2fde,2025-08-24T13:14:00Z,2025-08-28T04:58:00Z,2,4,
d8c024a9-a99e-4f9b-b68e-af5851ddaa9d,"Rebar, 125 t - Kaspian Fabrication Works Co.",Kaspian Fabrication Works Co.,Supply Chain Manager,100000001,Khorasan Razavi,10,ae27d432-1dc1-47eb-b11c-767385351a69,2fb1eb40-4f26-4edb-90d2-8a3220c6270a,100000000,130.0,,24933b83-7577-40a9-a491-f0b2ea1fca65,2025-09-08T09:01:00Z,2025-09-11T06:34:00Z,2,6,
498e6ba4-005d-45a8-ac9f-57059ba0e399,"Beams & Sections, 35 t - Dena Omran Co.",Dena Omran Co.,Managing Director,100000000,Tehran,10,ae27d432-1dc1-47eb-b11c-767385351a69,9a77c01f-85af-475b-a4c4-607130aaa9ae,100000001,25.0,,b02b61c4-a3d7-4628-ace6-6fa2fd5166e6,2025-10-01T11:15:00Z,2025-10-06T05:54:00Z,2,4,
e498446d-38e6-4f15-8dba-2c36fb0100d9,"Rebar, 45 t - Farnam Builders Group",Farnam Builders Group,Managing Director,100000000,East Azerbaijan,10,ae27d432-1dc1-47eb-b11c-767385351a69,d2d93182-f3c0-4d85-9867-01f3a5120438,100000000,40.0,,beb79919-3f22-4af8-a3be-d01d43cf2fde,2025-08-17T11:44:00Z,2025-08-21T05:54:00Z,2,4,
3347216c-7a7d-4d78-a70c-ada1c783870a,"Hot-Rolled Sheet, 25 t - Rahyab Steel Structures Ltd.",Rahyab Steel Structures Ltd.,Site Engineer,100000001,Tehran,10,ae27d432-1dc1-47eb-b11c-767385351a69,421e0683-dc0a-4c8e-88bc-e600431b800a,100000002,25.0,,0e51f30d-c6a7-4e39-84b0-32ccd7c524a5,2025-09-18T11:25:00Z,2025-09-22T05:20:00Z,2,4,
1d5f9ff2-a5d3-49af-9ae6-c21b111139c1,"Rebar, 60 t - Mehr Sakhteman Group",Mehr Sakhteman Group,Project Manager,100000000,Tehran,10,ae27d432-1dc1-47eb-b11c-767385351a69,3ea0dd43-cc7a-4886-9d4f-6de87a91e144,100000000,55.0,,0e51f30d-c6a7-4e39-84b0-32ccd7c524a5,2025-09-08T06:24:00Z,2025-09-10T05:43:00Z,2,5,
505739f3-1031-4582-a2d8-84ee5d89378c,"Rebar, 55 t - Iranmehr Construction Industries",Iranmehr Construction Industries,Purchasing Manager,100000000,Tehran,10,ae27d432-1dc1-47eb-b11c-767385351a69,a82762b4-7939-49cd-b858-2767d4031364,100000000,50.0,,b02b61c4-a3d7-4628-ace6-6fa2fd5166e6,2025-07-31T08:20:00Z,2025-08-06T07:55:00Z,2,6,
797d3028-85f1-4c46-b473-bdb490ff3e09,"Rebar, 70 t - Vista Abadgaran Co.",Vista Abadgaran Co.,Managing Director,100000000,Tehran,10,ae27d432-1dc1-47eb-b11c-767385351a69,094d4b8a-67ee-47f2-b433-005aa5b33e2e,100000000,30.0,,0e51f30d-c6a7-4e39-84b0-32ccd7c524a5,2025-09-18T11:03:00Z,2025-09-23T08:27:00Z,2,4,
b99eec19-ac0f-413a-8332-d1b9f42d157f,"Rebar, 75 t - Pouya Contracting Industries",Pouya Contracting Industries,Managing Director,100000000,Tehran,10,ae27d432-1dc1-47eb-b11c-767385351a69,07e79181-3039-4a9f-8f0b-5593542d4393,100000000,80.0,,0e51f30d-c6a7-4e39-84b0-32ccd7c524a5,2025-08-02T10:33:00Z,2025-08-05T12:06:00Z,2,7,
fd987761-b0cc-4109-ad37-a68058f99bf7,"Rebar, 85 t - Sahand Ahan Forooshi Industries",Sahand Ahan Forooshi Industries,Purchasing Manager,100000004,Hormozgan,10,ae27d432-1dc1-47eb-b11c-767385351a69,e3f9899a-62ba-4966-b388-cf1bd0f383cd,100000000,95.0,,e27a984d-6548-41d0-bfcd-9eb1a7cad415,2025-07-14T08:51:00Z,2025-07-19T07:51:00Z,2,4,
c252714e-869c-4fdd-8465-a8d7438806fe,"Rebar, 100 t - Orang Omran Ltd.",Orang Omran Ltd.,Managing Director,100000000,Khuzestan,10,ae27d432-1dc1-47eb-b11c-767385351a69,68f06068-e087-4259-8507-1307e183cfa3,100000000,145.0,,366eb16f-508e-4ad7-b7c9-3acfe059a0ee,2025-07-28T10:58:00Z,2025-08-03T06:48:00Z,2,5,
d14c6d19-ab44-4946-935b-cc84fd030266,"Rebar, 95 t - Aban Contracting Ltd.",Aban Contracting Ltd.,Project Manager,100000000,Fars,10,ae27d432-1dc1-47eb-b11c-767385351a69,37f15695-ef67-486a-b93a-502f7a1e827a,100000000,145.0,,e27a984d-6548-41d0-bfcd-9eb1a7cad415,2025-09-10T08:41:00Z,2025-09-11T06:06:00Z,2,4,
2c5fd1ca-b0f7-42d8-8fab-0fb8210bf60a,"Wire Rod, 150 t - Mehrgan Foolad Trading Group",Mehrgan Foolad Trading Group,Supply Chain Manager,100000004,Tehran,10,ae27d432-1dc1-47eb-b11c-767385351a69,720f1c3d-922d-42ff-829f-aa8fe4eb5ab9,100000006,185.0,,0e51f30d-c6a7-4e39-84b0-32ccd7c524a5,2025-09-01T09:18:00Z,2025-09-06T11:57:00Z,2,6,
d92757a8-6ece-4ce9-9112-448d473407a3,"Beams & Sections, 15 t - Darya Steel Structures Co.",Darya Steel Structures Co.,Managing Director,100000001,Tehran,10,ae27d432-1dc1-47eb-b11c-767385351a69,4d40e14f-0afc-42bc-8299-e3553e933783,100000001,20.0,,0e51f30d-c6a7-4e39-84b0-32ccd7c524a5,2025-09-27T12:35:00Z,2025-10-09T11:10:00Z,2,6,
64bb419d-dbc4-4cdd-9554-5bb97622f59a,"Beams & Sections, 65 t - Iranmehr Construction Co.",Iranmehr Construction Co.,Managing Director,100000000,Tehran,10,ae27d432-1dc1-47eb-b11c-767385351a69,dd20525e-bbdc-4d1f-b43b-f9ce1d63734c,100000001,45.0,7a89cbeb-b807-478a-b788-f5d1ffe575f6,0e51f30d-c6a7-4e39-84b0-32ccd7c524a5,2025-08-30T09:03:00Z,2025-09-01T08:31:00Z,2,6,
0262bf90-3bd8-4e22-8b0f-ab8e9fa4ce21,"Pipes & Profiles, 50 t - Laleh Sazeh Co.",Laleh Sazeh Co.,Project Manager,100000000,Hormozgan,10,ae27d432-1dc1-47eb-b11c-767385351a69,273fd952-fe77-49f9-8533-4baf222b8537,100000005,70.0,,e27a984d-6548-41d0-bfcd-9eb1a7cad415,2025-07-24T08:47:00Z,2025-07-29T09:26:00Z,2,4,
6d473b55-db1c-41cb-b002-983102bda3a7,"Rebar, 125 t - Ava Ahan Bazar Industries",Ava Ahan Bazar Industries,Project Manager,100000004,Khuzestan,10,ae27d432-1dc1-47eb-b11c-767385351a69,d0d74aa0-eecc-4146-9d7d-c0fd74cfb32b,100000000,110.0,bf96abad-e60d-4941-bfc6-8e1450b034fd,366eb16f-508e-4ad7-b7c9-3acfe059a0ee,2025-07-15T04:59:00Z,2025-07-19T08:13:00Z,1,3,e0824b23-d64c-46f6-902e-d02eb198aae1
21e5259f-cc0c-419c-a973-6b1829d5039a,"Rebar, 110 t - Kowsar Sakhteman Co.",Kowsar Sakhteman Co.,Site Engineer,100000000,Khorasan Razavi,10,ae27d432-1dc1-47eb-b11c-767385351a69,f5260cb1-29bd-44d4-b7bb-24ab7447b052,100000000,120.0,9d470a35-c816-4c27-bc3c-4c2fa40e0199,24933b83-7577-40a9-a491-f0b2ea1fca65,2025-08-03T10:13:00Z,2025-08-05T12:32:00Z,1,3,2caf6e3c-661b-4e7f-a65e-f0bf2b0b73e5
3a363b3a-8aa7-4eb9-a3cb-29bd5c1947e1,"Beams & Sections, 155 t - Gilan Ahan Bazar Co.",Gilan Ahan Bazar Co.,Managing Director,100000004,Fars,10,ae27d432-1dc1-47eb-b11c-767385351a69,62e5b19a-0ccf-47fb-8382-79e7ecf8022f,100000001,105.0,,e27a984d-6548-41d0-bfcd-9eb1a7cad415,2025-08-11T06:12:00Z,2025-08-17T05:50:00Z,2,6,
0a4434d1-994a-461f-9110-7df927d23eca,"Beams & Sections, 370 t - Behsaz Construction Ltd.",Behsaz Construction Ltd.,Managing Director,100000000,East Azerbaijan,10,ae27d432-1dc1-47eb-b11c-767385351a69,2e0c881c-1068-4337-ae5e-ccf7df4924f2,100000001,340.0,,beb79919-3f22-4af8-a3be-d01d43cf2fde,2025-08-05T05:09:00Z,2025-08-11T08:52:00Z,2,7,
30084a02-a090-4f90-bfc5-43c97c479df2,"Rebar, 130 t - Omid Ahan Bazar Ltd.",Omid Ahan Bazar Ltd.,Site Engineer,100000004,Isfahan,10,ae27d432-1dc1-47eb-b11c-767385351a69,3f55f644-f278-4488-a5be-290abd4fb6fc,100000000,125.0,753840d9-87ea-49f2-9e85-95360c11c74d,10f1bc81-448a-4a9e-a6b2-bc5b50c187fc,2025-08-10T05:47:00Z,2025-08-16T12:41:00Z,1,3,7e10c75d-c123-41b1-9064-5e3be9fa3a5a
607b7b22-2d18-41d7-a02c-98871cecb536,"Beams & Sections, 60 t - Hamoon Construction Ltd.",Hamoon Construction Ltd.,Project Manager,100000000,Khuzestan,8,7d23d479-9549-4a82-b787-ef8d3495311e,24f3984a-264f-4171-8a0d-08aedb6e82cc,100000001,45.0,,366eb16f-508e-4ad7-b7c9-3acfe059a0ee,2025-08-16T12:30:00Z,2025-08-23T05:26:00Z,2,7,
51a3dfe4-7962-45a8-bf7d-7604ebd92165,"Beams & Sections, 165 t - Darya Metals Supply Co.",Darya Metals Supply Co.,Project Manager,100000004,Fars,8,7d23d479-9549-4a82-b787-ef8d3495311e,73cd3e91-2f5b-46f7-849c-230d3bb11ffe,100000001,160.0,244a603e-156e-47f8-8af0-cf0c596b0c6f,e27a984d-6548-41d0-bfcd-9eb1a7cad415,2025-07-31T10:24:00Z,2025-08-04T05:23:00Z,1,3,f0f95657-3162-4152-aecb-87443ac410cc
4bf1d7a8-b904-4b4e-9f57-1ce3d3a085ec,"Rebar, 25 t - Shahab Omran Ltd.",Shahab Omran Ltd.,Supply Chain Manager,100000000,East Azerbaijan,8,7d23d479-9549-4a82-b787-ef8d3495311e,2c1fd0db-689a-4f90-a550-0af12777a40b,100000000,20.0,,beb79919-3f22-4af8-a3be-d01d43cf2fde,2025-07-21T09:15:00Z,2025-07-24T05:54:00Z,2,4,
2755d942-89cf-427c-9f5b-787eb6131739,"Hot-Rolled Sheet, 60 t - Gohar Eskelet Felezi Co.",Gohar Eskelet Felezi Co.,Site Engineer,100000001,Khuzestan,8,7d23d479-9549-4a82-b787-ef8d3495311e,1cd6cf0d-e228-48e4-a964-f172a9a9bd76,100000002,65.0,1a9e82f5-0228-4e49-a4c4-e73c4c46bad8,366eb16f-508e-4ad7-b7c9-3acfe059a0ee,2025-08-03T08:27:00Z,2025-08-05T05:17:00Z,1,3,63d33f97-b5ae-4e64-8fc8-993dd9d4ba45
a893b7e0-4bd3-43b4-b7bb-f1542119e1c1,"Wire Rod, 55 t - Javid Greenhouse Structures Ltd.",Javid Greenhouse Structures Ltd.,Project Manager,100000006,Isfahan,8,7d23d479-9549-4a82-b787-ef8d3495311e,b9668355-6f72-4b3c-9885-e9901e668738,100000006,45.0,,10f1bc81-448a-4a9e-a6b2-bc5b50c187fc,2025-09-15T12:41:00Z,2025-09-20T04:41:00Z,2,4,
1ca691e1-dda7-433a-b334-5e5bdca3aa0a,"Rebar, 60 t - Gilan Construction Group",Gilan Construction Group,Supply Chain Manager,100000000,Khuzestan,8,7d23d479-9549-4a82-b787-ef8d3495311e,c5c19ddb-917f-4389-a146-02b4eac2e8ad,100000000,70.0,9814697c-9c02-4145-968f-86586800155d,366eb16f-508e-4ad7-b7c9-3acfe059a0ee,2025-09-09T07:42:00Z,2025-09-14T06:14:00Z,1,3,c5951e02-eb12-4636-b21d-09d29ed9e494
9c88f367-c46e-40a4-9086-b124c7422b51,"Rebar, 200 t - Sadaf Sakhteman Ltd.",Sadaf Sakhteman Ltd.,Purchasing Manager,100000000,Mazandaran,8,7d23d479-9549-4a82-b787-ef8d3495311e,a8f4c2dc-2bc1-4824-9dae-8912cf70ea88,100000000,105.0,,b02b61c4-a3d7-4628-ace6-6fa2fd5166e6,2025-08-07T04:38:00Z,2025-08-11T11:42:00Z,2,4,
65cc59d6-2d52-4b16-a709-9d55c49943ce,"Rebar, 40 t - Pouya Construction Co.",Pouya Construction Co.,Site Engineer,100000000,Tehran,8,7d23d479-9549-4a82-b787-ef8d3495311e,d3c0331b-c002-4999-8fb3-0320e9bdb511,100000000,35.0,5fb8944d-de00-48aa-8439-6fc0c26e2706,0e51f30d-c6a7-4e39-84b0-32ccd7c524a5,2025-09-13T10:52:00Z,2025-09-17T11:35:00Z,2,7,
394b5576-f887-4d7d-bb28-b3b18212f5df,"Wire Rod, 20 t - Alvand Agri-Steel Industries",Alvand Agri-Steel Industries,Managing Director,100000006,Hormozgan,8,7d23d479-9549-4a82-b787-ef8d3495311e,d961cea0-8a62-4b5c-ac4b-7dbd1961da1f,100000006,20.0,,e27a984d-6548-41d0-bfcd-9eb1a7cad415,2025-09-20T10:05:00Z,2025-09-27T10:12:00Z,2,5,
534b3dbb-7a14-430b-8742-45861034794e,"Beams & Sections, 325 t - Darya Foolad Trading Co.",Darya Foolad Trading Co.,Project Manager,100000004,Khuzestan,8,7d23d479-9549-4a82-b787-ef8d3495311e,db2be1be-ba73-4eb2-999f-46ebbcb760a9,100000001,270.0,,366eb16f-508e-4ad7-b7c9-3acfe059a0ee,2025-07-21T06:48:00Z,2025-07-27T07:57:00Z,2,6,
0b1f7526-a690-43d0-9850-147b62b97bbf,"Rebar, 10 t - Elham Sazeh Co.",Elham Sazeh Co.,Purchasing Manager,100000000,Tehran,8,7d23d479-9549-4a82-b787-ef8d3495311e,7e35cb46-7b76-4a50-a549-84aef3e205de,100000000,10.0,,5304317f-af42-412f-b838-b3268e944239,2025-07-10T09:08:00Z,2025-07-14T05:54:00Z,2,6,
eb108621-75ec-4919-9de5-388868e57a79,"Galvanized Sheet, 40 t - Pardis Golkhaneh Sazan Industries",Pardis Golkhaneh Sazan Industries,Purchasing Manager,100000006,Fars,8,7d23d479-9549-4a82-b787-ef8d3495311e,f4dea863-71d0-44fd-9b50-9cd77793231f,100000004,30.0,,e27a984d-6548-41d0-bfcd-9eb1a7cad415,2025-08-11T06:22:00Z,2025-08-14T04:37:00Z,2,4,
9c9425d8-2bba-46f4-8383-1cda626cc54d,"Rebar, 30 t - Pouya Eskelet Felezi Industries",Pouya Eskelet Felezi Industries,Project Manager,100000001,Tehran,8,7d23d479-9549-4a82-b787-ef8d3495311e,88ab7afd-6635-4eda-926c-f96cf40e285f,100000000,25.0,01bf9e73-3f80-4385-af92-40b652d78f10,0e51f30d-c6a7-4e39-84b0-32ccd7c524a5,2025-08-04T10:44:00Z,2025-08-11T06:21:00Z,2,4,
66747987-658e-417a-8a01-7177756c1d0f,"Beams & Sections, 20 t - Ava Construction Ltd.",Ava Construction Ltd.,Supply Chain Manager,100000000,Tehran,8,7d23d479-9549-4a82-b787-ef8d3495311e,f60fdbf2-23b8-4542-a602-3be329fda256,100000001,30.0,,0e51f30d-c6a7-4e39-84b0-32ccd7c524a5,2025-08-18T07:21:00Z,2025-08-23T10:32:00Z,2,4,
4e1c6d6a-7b82-4f4c-9473-04460a88bdd7,"Rebar, 25 t - Sepehr Fabrication Works Co.",Sepehr Fabrication Works Co.,Project Manager,100000001,Khuzestan,8,7d23d479-9549-4a82-b787-ef8d3495311e,cdf392f9-aa6c-4ab9-9ffb-ad3730a0d16d,100000000,40.0,,366eb16f-508e-4ad7-b7c9-3acfe059a0ee,2025-08-09T04:33:00Z,2025-08-14T05:03:00Z,2,5,
29788933-78db-404e-87e3-c9551e49e6e1,"Beams & Sections, 25 t - Kavir Sabz Steel Structures Group",Kavir Sabz Steel Structures Group,Managing Director,100000001,Alborz,8,7d23d479-9549-4a82-b787-ef8d3495311e,a754251d-04fe-42e3-a98a-470cb894550a,100000001,20.0,8ece1128-56ce-4b42-bc9e-1dcbcb7e6268,0e51f30d-c6a7-4e39-84b0-32ccd7c524a5,2025-08-21T06:43:00Z,2025-08-24T08:51:00Z,1,3,03a3f80f-51e0-4ae2-b0a6-4f2cdc413634
99d2f7f2-eb1f-483e-856b-1c79a4f17bc1,"Rebar, 220 t - Alvand Metals Supply Ltd.",Alvand Metals Supply Ltd.,Procurement Lead,100000004,Mazandaran,8,7d23d479-9549-4a82-b787-ef8d3495311e,d353db1c-3d59-4f7b-b377-4ed1b039ba0d,100000000,230.0,,ce177b4e-0837-48a3-9261-a7ab3aa2e4f9,2025-08-10T11:10:00Z,2025-08-16T06:02:00Z,2,5,
53d2f38a-ed34-4d55-b673-f569a9305695,"Rebar, 195 t - Ofogh Sazeh Ltd.",Ofogh Sazeh Ltd.,Project Manager,100000000,Tehran,8,7d23d479-9549-4a82-b787-ef8d3495311e,d4ec675d-53a3-439e-a899-98d64e444af9,100000000,325.0,,5304317f-af42-412f-b838-b3268e944239,2025-09-08T09:49:00Z,2025-09-16T06:32:00Z,2,4,
2bb2c51f-7023-4aca-9ee6-fdea9534ee94,"Beams & Sections, 70 t - Alvand Ahan Bazar Group",Alvand Ahan Bazar Group,Purchasing Manager,100000004,Tehran,8,7d23d479-9549-4a82-b787-ef8d3495311e,7533c4df-b964-4bed-9d75-5e6cab84978c,100000001,65.0,922e047f-b5c1-4af0-a296-884f541eb2a4,5304317f-af42-412f-b838-b3268e944239,2025-07-07T09:55:00Z,2025-07-12T12:50:00Z,1,3,7ee8f866-6bb3-4df2-90a1-8d9b83a35a85
feb2ac4b-85e8-40a2-a8ed-a191dfb48b5f,"Galvanized Sheet, 15 t - Hirad Greenhouse Structures Group",Hirad Greenhouse Structures Group,Supply Chain Manager,100000006,Fars,10,720b274b-82a7-4586-a61d-9cde1747f387,c2b35e09-7f10-4f15-acea-8e8a34c3ab73,100000004,15.0,,e27a984d-6548-41d0-bfcd-9eb1a7cad415,2025-11-09T11:31:00Z,2025-11-12T08:39:00Z,2,4,
bce642a4-05cd-4d7c-9231-6495e333b8d0,"Hot-Rolled Sheet, 235 t - Tina Steel Depot Industries",Tina Steel Depot Industries,Supply Chain Manager,100000004,Alborz,10,720b274b-82a7-4586-a61d-9cde1747f387,02e842bb-9391-4c8b-9628-c13eea9b85eb,100000002,270.0,1f8b4af1-96bc-432d-ac11-7babd6642fe8,ce177b4e-0837-48a3-9261-a7ab3aa2e4f9,2025-12-23T07:04:00Z,2025-12-25T09:23:00Z,2,5,
89d8953b-812c-4a6f-be98-703f50261309,"Wire Rod, 105 t - Gohar Steel Trading Group",Gohar Steel Trading Group,Site Engineer,100000004,Khorasan Razavi,10,720b274b-82a7-4586-a61d-9cde1747f387,a830b0ba-d43d-447d-a0c4-e0f916e4e6e7,100000006,90.0,,24933b83-7577-40a9-a491-f0b2ea1fca65,2025-11-24T07:32:00Z,2025-11-26T12:24:00Z,2,6,
916efd7b-7cc2-49b7-95b4-59923d49e4f8,"Rebar, 25 t - Nima Construction Ltd.",Nima Construction Ltd.,Managing Director,100000000,Tehran,10,720b274b-82a7-4586-a61d-9cde1747f387,602596fb-d206-4a87-a2c6-0435dc5bb24f,100000000,35.0,f4de6a69-6494-446a-bf00-5dab4a490f80,b02b61c4-a3d7-4628-ace6-6fa2fd5166e6,2025-12-13T07:21:00Z,2025-12-15T05:33:00Z,1,3,735e74a2-a824-48b0-bdb4-fe27aa5ef8dc
52c5be0f-f2e3-419a-b57a-7220763a4e61,"Beams & Sections, 380 t - Tous Dam & Water Works Co.",Tous Dam & Water Works Co.,Site Engineer,100000005,Tehran,10,720b274b-82a7-4586-a61d-9cde1747f387,b252456e-ffc9-4f30-9f9a-8a331ad6ff7b,100000001,385.0,,ce177b4e-0837-48a3-9261-a7ab3aa2e4f9,2025-12-14T05:03:00Z,2025-12-15T09:35:00Z,2,6,
81db9a62-10a4-47d5-a6b1-7ece85d0cf83,"Hot-Rolled Sheet, 145 t - Laleh Metal Center Group",Laleh Metal Center Group,Site Engineer,100000004,Mazandaran,10,720b274b-82a7-4586-a61d-9cde1747f387,c28fcc52-80fe-41cd-9734-aeb43550d3f7,100000002,150.0,,ce177b4e-0837-48a3-9261-a7ab3aa2e4f9,2025-11-15T07:18:00Z,2025-11-18T06:43:00Z,2,6,
19664504-6e7e-4978-869d-7b0161f03b99,"Rebar, 100 t - Parsian Construction Group",Parsian Construction Group,Site Engineer,100000000,Tehran,10,720b274b-82a7-4586-a61d-9cde1747f387,4e33db37-3142-4d81-8912-fddc0d36d15b,100000000,115.0,,0e51f30d-c6a7-4e39-84b0-32ccd7c524a5,2025-10-30T11:54:00Z,2025-11-01T09:56:00Z,2,4,
ee125271-ef2b-43e0-8e5b-f3282b7a523e,"Wire Rod, 100 t - Mahan Steel Depot Co.",Mahan Steel Depot Co.,Managing Director,100000004,Tehran,10,720b274b-82a7-4586-a61d-9cde1747f387,a71dc051-b1c8-4969-b2da-c793663c36c1,100000006,95.0,,ce177b4e-0837-48a3-9261-a7ab3aa2e4f9,2025-11-20T12:24:00Z,2025-11-27T11:58:00Z,2,4,
65b63378-a5df-468a-97c4-8e8e24ebe8de,"Pipes & Profiles, 225 t - Nasim Metal Center Co.",Nasim Metal Center Co.,Site Engineer,100000004,Tehran,10,720b274b-82a7-4586-a61d-9cde1747f387,5c4cbcb4-2f04-4f18-a1ba-0416e70320bd,100000005,220.0,,0e51f30d-c6a7-4e39-84b0-32ccd7c524a5,2025-10-05T10:07:00Z,2025-10-07T10:38:00Z,2,4,
45358d5a-2249-4a0f-ad58-35f3f87e213c,"Rebar, 45 t - Tous Contracting Group",Tous Contracting Group,Managing Director,100000000,Isfahan,10,720b274b-82a7-4586-a61d-9cde1747f387,f8736e59-062b-46f0-8ea4-17feb85f0883,100000000,45.0,59cb1e01-8a40-45cd-9597-b5085bed5760,9132b63e-f162-47e4-a9c3-49e03602f8ac,2025-11-16T12:57:00Z,2025-11-20T06:06:00Z,1,3,6e4691e0-8295-4645-9e84-2edd2e398fbb
33057245-2a9f-4994-bf74-7a8a10e00199,"Galvanized Sheet, 30 t - Ava Greenhouse Structures Co.",Ava Greenhouse Structures Co.,Site Engineer,100000006,Tehran,10,720b274b-82a7-4586-a61d-9cde1747f387,2b0d5b1c-027d-4e84-9b0e-09ffb6e3f5d3,100000004,35.0,,5304317f-af42-412f-b838-b3268e944239,2025-11-22T08:43:00Z,2025-11-25T11:52:00Z,2,6,
607cbd33-84dc-4f4d-8c6d-5cde04a7083d,"Rebar, 70 t - Laleh Steel Depot Industries",Laleh Steel Depot Industries,Procurement Lead,100000004,East Azerbaijan,10,720b274b-82a7-4586-a61d-9cde1747f387,05476e17-0f9b-4aca-8081-a70437c200e3,100000000,105.0,,beb79919-3f22-4af8-a3be-d01d43cf2fde,2025-11-04T11:06:00Z,2025-11-08T10:36:00Z,2,4,
17abe966-517e-47c8-95cd-3d70e1e3afdf,"Beams & Sections, 110 t - Sabalan Foolad Trading Co.",Sabalan Foolad Trading Co.,Procurement Lead,100000004,Isfahan,10,720b274b-82a7-4586-a61d-9cde1747f387,85fcfa18-189b-47a3-adf8-3de2151d892c,100000001,145.0,,9132b63e-f162-47e4-a9c3-49e03602f8ac,2025-12-27T07:14:00Z,2026-01-01T05:48:00Z,2,4,
93231668-f185-4a7c-a004-0d0d5257c31b,"Beams & Sections, 20 t - Hamoon Abadgaran Co.",Hamoon Abadgaran Co.,Purchasing Manager,100000000,Isfahan,10,720b274b-82a7-4586-a61d-9cde1747f387,724c5cd0-07ac-4372-a93e-e2d569b20a83,100000001,15.0,355cca9c-fb6b-41dc-aa7f-7e0685695f97,9132b63e-f162-47e4-a9c3-49e03602f8ac,2025-10-22T05:22:00Z,2025-10-26T09:57:00Z,2,4,
a7b414b4-4e32-4993-a014-ec53f87c318a,"Beams & Sections, 150 t - Nasim Metals Supply Industries",Nasim Metals Supply Industries,Managing Director,100000004,Isfahan,10,720b274b-82a7-4586-a61d-9cde1747f387,0bc6e292-b9b4-46d3-a1bf-fb714fe2f053,100000001,195.0,,10f1bc81-448a-4a9e-a6b2-bc5b50c187fc,2025-12-16T06:58:00Z,2025-12-18T06:06:00Z,2,4,
69ac030e-0958-46df-83d9-f8c35c922fa4,"Wire Rod, 20 t - Sahand Golkhaneh Sazan Ltd.",Sahand Golkhaneh Sazan Ltd.,Project Manager,100000006,Fars,10,720b274b-82a7-4586-a61d-9cde1747f387,352b6689-a39c-4730-8f62-06f19403ad3d,100000006,15.0,,e27a984d-6548-41d0-bfcd-9eb1a7cad415,2025-10-15T06:20:00Z,2025-10-18T10:22:00Z,2,4,
2a67f030-87b5-4b85-9673-51cb39347843,"Beams & Sections, 55 t - Jahan Steel Structures Group",Jahan Steel Structures Group,Purchasing Manager,100000001,Tehran,10,720b274b-82a7-4586-a61d-9cde1747f387,5739d3a3-7003-4ea7-b54c-e27a34be949b,100000001,45.0,78bf9e23-00e2-4562-bea3-2d3485c8363f,b02b61c4-a3d7-4628-ace6-6fa2fd5166e6,2025-11-15T07:20:00Z,2025-11-20T12:30:00Z,1,3,3f0c9001-a5c2-4221-a892-eda3bc81ddf7
6a5e52e1-f20b-4b32-9ca8-d3ea77cb751d,"Hot-Rolled Sheet, 80 t - Aban Fabrication Works Group",Aban Fabrication Works Group,Site Engineer,100000001,Tehran,10,720b274b-82a7-4586-a61d-9cde1747f387,3a08daae-b70e-4920-8e65-9ebac2ad08d9,100000002,65.0,,5304317f-af42-412f-b838-b3268e944239,2025-11-30T05:36:00Z,2025-12-02T08:18:00Z,2,5,
626b6e7a-fe49-46cd-8a12-516809bdbd25,"Pipes & Profiles, 80 t - Pishgam Steel Merchants Group",Pishgam Steel Merchants Group,Site Engineer,100000004,East Azerbaijan,10,720b274b-82a7-4586-a61d-9cde1747f387,95c7d0c2-6405-4dd8-9f1d-5ae0d3016d19,100000005,100.0,,beb79919-3f22-4af8-a3be-d01d43cf2fde,2025-12-23T08:28:00Z,2025-12-27T09:31:00Z,2,7,
32978c7d-37b3-40f6-8278-2c34ed809b95,"Rebar, 50 t - Persis Steel Merchants Co.",Persis Steel Merchants Co.,Site Engineer,100000004,Hormozgan,10,720b274b-82a7-4586-a61d-9cde1747f387,7af7bd84-0121-421d-929c-717f636dde12,100000000,45.0,,e27a984d-6548-41d0-bfcd-9eb1a7cad415,2025-12-21T08:09:00Z,2025-12-25T05:45:00Z,2,6,
13189bf2-cf3a-4554-8f32-cd1499c69fcf,"Beams & Sections, 785 t - Orang Housing Development Group",Orang Housing Development Group,Purchasing Manager,100000005,Tehran,8,21c71aa3-7414-43b5-8e3e-25f2cf0671c7,6cd27618-bd14-4f78-9b6d-5342e9b2286b,100000001,605.0,c37e9c25-5d5e-4747-b83d-f10179ece854,ce177b4e-0837-48a3-9261-a7ab3aa2e4f9,2025-10-23T07:28:00Z,2025-10-28T11:13:00Z,1,3,73916a61-4719-422e-9920-a4cc7a53bfc6
1f5c5c10-76be-4057-8002-a34fd3b060d8,"Beams & Sections, 125 t - Nima Contracting Ltd.",Nima Contracting Ltd.,Managing Director,100000000,Khorasan Razavi,8,21c71aa3-7414-43b5-8e3e-25f2cf0671c7,0fa745c7-341d-406a-b5ef-f2a906fe3650,100000001,130.0,,24933b83-7577-40a9-a491-f0b2ea1fca65,2025-10-15T05:38:00Z,2025-10-18T06:58:00Z,2,4,
0eca3630-7342-44e1-a957-a9dd5258e6d8,"Rebar, 35 t - Sabalan Sakhteman Co.",Sabalan Sakhteman Co.,Site Engineer,100000000,Isfahan,8,21c71aa3-7414-43b5-8e3e-25f2cf0671c7,bce4d414-a7ff-4051-ae8b-3239311d3751,100000000,60.0,b5ef1ee6-7ff3-44b9-b69f-a399e1bfff1a,9132b63e-f162-47e4-a9c3-49e03602f8ac,2025-11-04T13:21:00Z,2025-11-08T13:02:00Z,1,3,bb797537-fdc8-4aa2-9013-8c96c04eccfe
76fc61e3-d5fe-4180-9333-f00ec2f6b14d,"Wire Rod, 160 t - Darya Steel Trading Industries",Darya Steel Trading Industries,Managing Director,100000004,Alborz,8,21c71aa3-7414-43b5-8e3e-25f2cf0671c7,1b3e2271-1a71-4bdf-bb6d-e07125b08a57,100000006,155.0,,5304317f-af42-412f-b838-b3268e944239,2025-11-29T11:34:00Z,2025-12-03T10:33:00Z,2,7,
ce74ec56-db42-4295-95a2-b7e4351399ed,"Rebar, 395 t - Mehrgan Steel Depot Co.",Mehrgan Steel Depot Co.,Managing Director,100000004,Khorasan Razavi,8,21c71aa3-7414-43b5-8e3e-25f2cf0671c7,020359c1-941e-42e9-b492-12e96cc1bd55,100000000,500.0,20f0156a-1e6a-4628-9c6d-52d5ae2e9af9,24933b83-7577-40a9-a491-f0b2ea1fca65,2025-10-29T06:21:00Z,2025-11-01T08:00:00Z,2,4,
356bf588-32c2-461a-9553-507b4a8c6e28,"Rebar, 30 t - Helia Construction Industries",Helia Construction Industries,Purchasing Manager,100000000,Fars,8,21c71aa3-7414-43b5-8e3e-25f2cf0671c7,086c030f-f0fd-4ea9-82c2-7f97af6c9a31,100000000,40.0,,e27a984d-6548-41d0-bfcd-9eb1a7cad415,2025-11-11T12:27:00Z,2025-11-16T08:10:00Z,2,5,
fd43754e-39eb-405a-bab9-0085e27e12e4,"Hot-Rolled Sheet, 150 t - Arman Profile Works Group",Arman Profile Works Group,Site Engineer,100000002,Mazandaran,8,21c71aa3-7414-43b5-8e3e-25f2cf0671c7,9e41d0e7-1d0f-48c2-8f33-7fe5f93268ef,100000002,155.0,,0e51f30d-c6a7-4e39-84b0-32ccd7c524a5,2025-10-09T11:12:00Z,2025-10-11T10:38:00Z,2,4,
2056dff5-1f58-4eca-bb01-7c93a525e50b,"Cold-Rolled Sheet, 90 t - Raman Profile Works Group",Raman Profile Works Group,Managing Director,100000002,Khorasan Razavi,8,21c71aa3-7414-43b5-8e3e-25f2cf0671c7,fff44899-89d2-4791-bd8c-182fbf228ef3,100000003,85.0,9933a462-c058-4c0f-9555-c133c7b30b41,24933b83-7577-40a9-a491-f0b2ea1fca65,2025-11-16T10:09:00Z,2025-11-19T12:02:00Z,1,3,c580d039-88c5-4763-9591-c5999659a110
975e1b27-ead5-465a-bc30-761e710dc918,"Hot-Rolled Sheet, 100 t - Tarava Pipe Works Group",Tarava Pipe Works Group,Purchasing Manager,100000002,Isfahan,8,21c71aa3-7414-43b5-8e3e-25f2cf0671c7,d9f23b37-8475-4248-8ca3-7885d7607ffe,100000002,110.0,3be79df4-72ec-416e-88a7-23e9bfa016c2,9132b63e-f162-47e4-a9c3-49e03602f8ac,2025-12-11T06:46:00Z,2025-12-13T09:25:00Z,2,5,
61d81be9-a250-4d78-be22-32796e71ad1d,"Pipes & Profiles, 395 t - Kimia Iron & Steel Supply Group",Kimia Iron & Steel Supply Group,Supply Chain Manager,100000004,Tehran,8,21c71aa3-7414-43b5-8e3e-25f2cf0671c7,0a9c4b09-7e1d-490f-bbac-9b448af0744c,100000005,515.0,,ce177b4e-0837-48a3-9261-a7ab3aa2e4f9,2025-12-06T06:06:00Z,2025-12-09T07:56:00Z,2,6,
0ead2ebd-4662-477c-aeec-28adf5c4dab4,"Rebar, 85 t - Dena Contracting Ltd.",Dena Contracting Ltd.,Managing Director,100000000,Hormozgan,8,21c71aa3-7414-43b5-8e3e-25f2cf0671c7,4a32b32a-aa5f-4169-8afb-9b2db766c0f6,100000000,95.0,,e27a984d-6548-41d0-bfcd-9eb1a7cad415,2026-01-01T09:50:00Z,2026-01-07T05:51:00Z,2,5,
2c01b5a6-c9dd-40a8-a78f-5465228dc422,"Rebar, 75 t - Javid Sakhteman Ltd.",Javid Sakhteman Ltd.,Purchasing Manager,100000000,Alborz,8,21c71aa3-7414-43b5-8e3e-25f2cf0671c7,7a52cd11-cb32-42ab-b5e9-fa216fef2a24,100000000,70.0,,0e51f30d-c6a7-4e39-84b0-32ccd7c524a5,2025-10-29T10:41:00Z,2025-11-04T07:30:00Z,2,6,
a2b89e20-ef0f-4c04-a9e7-78cbcbba7e58,"Galvanized Sheet, 125 t - Hoda Pipe Works Ltd.",Hoda Pipe Works Ltd.,Project Manager,100000002,Tehran,8,21c71aa3-7414-43b5-8e3e-25f2cf0671c7,bab5c54b-5a48-4fd6-aef0-17e7888546da,100000004,165.0,dd23ff41-dae1-4586-a358-755cbc5c3cd8,0e51f30d-c6a7-4e39-84b0-32ccd7c524a5,2025-12-13T06:27:00Z,2025-12-20T13:25:00Z,2,4,
2e26d622-e17c-4345-807f-eda6c2aec132,"Pipes & Profiles, 150 t - Kowsar Abadgaran Group",Kowsar Abadgaran Group,Project Manager,100000000,Hormozgan,8,21c71aa3-7414-43b5-8e3e-25f2cf0671c7,96c78cad-304e-461b-a943-b1548d6eb73f,100000005,85.0,,e27a984d-6548-41d0-bfcd-9eb1a7cad415,2025-11-10T08:36:00Z,2025-11-15T07:43:00Z,2,4,
d3f9dab2-57ba-4b4c-a450-9dd3d4bf4f30,"Rebar, 145 t - Sahand Contracting Industries",Sahand Contracting Industries,Managing Director,100000000,Isfahan,8,21c71aa3-7414-43b5-8e3e-25f2cf0671c7,eb26cc82-4324-487e-8010-2b4d660438cc,100000000,245.0,2f637877-31b7-4072-ae28-b3e95c7e954d,9132b63e-f162-47e4-a9c3-49e03602f8ac,2025-12-06T12:42:00Z,2025-12-09T05:47:00Z,1,3,c7402160-9323-43b3-82e4-594efbdc1176
b798e034-04cd-47c6-8a12-1024a5a2d5ac,"Rebar, 50 t - Alvand Contracting Ltd.",Alvand Contracting Ltd.,Managing Director,100000000,Tehran,8,21c71aa3-7414-43b5-8e3e-25f2cf0671c7,48f8672b-d601-42bd-ba2a-b3001116bead,100000000,50.0,,b02b61c4-a3d7-4628-ace6-6fa2fd5166e6,2025-11-15T12:28:00Z,2025-11-18T11:03:00Z,2,5,
639b5d1d-1961-4b05-b725-83e4333673e7,"Rebar, 35 t - Kavir Sabz Contracting Ltd.",Kavir Sabz Contracting Ltd.,Project Manager,100000000,Khorasan Razavi,8,21c71aa3-7414-43b5-8e3e-25f2cf0671c7,f04e11b5-2320-456a-8cb7-310c6f6e0a4e,100000000,50.0,,24933b83-7577-40a9-a491-f0b2ea1fca65,2025-12-29T05:21:00Z,2026-01-03T06:34:00Z,2,6,
6dabaa1c-5868-432a-84c7-71063811f9e9,"Beams & Sections, 35 t - Farnam Sakhteman Industries",Farnam Sakhteman Industries,Supply Chain Manager,100000000,Tehran,8,21c71aa3-7414-43b5-8e3e-25f2cf0671c7,2b105a3d-7f07-42ad-84c1-d18113e8b22b,100000001,50.0,c2c76cf4-91fd-42b9-b2d9-c2b7416a4f9f,0e51f30d-c6a7-4e39-84b0-32ccd7c524a5,2025-12-15T09:19:00Z,2025-12-22T09:19:00Z,1,3,979a5da2-5c1d-4ad6-932b-0887c6a18d2b
d7deaa33-738d-41e8-80a0-07018acfbadc,"Pipes & Profiles, 10 t - Tous Agri-Steel Group",Tous Agri-Steel Group,Procurement Lead,100000006,Alborz,10,905c7bdd-74f0-4eae-aa59-43ce836435e3,15152d78-600b-40ee-ba4d-436d656c0188,100000005,10.0,,0e51f30d-c6a7-4e39-84b0-32ccd7c524a5,2026-02-24T04:52:00Z,2026-02-28T12:32:00Z,2,4,
c83ae2b3-f6f4-4c48-a6bd-7f5ecf237be0,"Hot-Rolled Sheet, 50 t - Orang Builders Group",Orang Builders Group,Managing Director,100000000,Khorasan Razavi,10,905c7bdd-74f0-4eae-aa59-43ce836435e3,ecb3a74d-8daf-4352-a775-34893bdcf115,100000002,35.0,16591c89-21eb-4aa9-9a2b-d69c450f69ee,24933b83-7577-40a9-a491-f0b2ea1fca65,2026-01-19T13:04:00Z,2026-01-24T07:25:00Z,1,3,a13cc189-ea01-4eb7-9a78-e9438b2a6e0b
5d03e927-3c76-4f5b-b9ee-56874a411b06,"Hot-Rolled Sheet, 80 t - Kimia Press Works Group",Kimia Press Works Group,Supply Chain Manager,100000003,Mazandaran,10,905c7bdd-74f0-4eae-aa59-43ce836435e3,053b2764-6293-45dc-8fe5-bfbed66ec8bc,100000002,85.0,,5304317f-af42-412f-b838-b3268e944239,2026-01-22T04:42:00Z,2026-01-26T09:55:00Z,2,5,
d8060ff5-059b-477b-9921-0c645299607c,"Hot-Rolled Sheet, 30 t - Karun Construction Industries",Karun Construction Industries,Site Engineer,100000000,East Azerbaijan,10,905c7bdd-74f0-4eae-aa59-43ce836435e3,a33f06f4-fe87-4e56-8c7f-7718509e1cc2,100000002,45.0,,beb79919-3f22-4af8-a3be-d01d43cf2fde,2026-03-22T07:52:00Z,2026-03-26T09:47:00Z,2,5,
aecb9625-66c6-4a9b-9d43-fb548b8961fa,"Rebar, 20 t - Sadaf Builders Ltd.",Sadaf Builders Ltd.,Project Manager,100000000,Tehran,10,905c7bdd-74f0-4eae-aa59-43ce836435e3,13e76434-c3cc-451e-b33d-9b53c3d6a993,100000000,20.0,,0e51f30d-c6a7-4e39-84b0-32ccd7c524a5,2026-02-23T12:29:00Z,2026-02-28T04:33:00Z,2,4,
ff09338c-422a-4aa7-9e2c-5cf900828826,"Hot-Rolled Sheet, 380 t - Darya Foolad Trading Ltd.",Darya Foolad Trading Ltd.,Managing Director,100000004,Khuzestan,10,905c7bdd-74f0-4eae-aa59-43ce836435e3,309a11ec-706e-443a-89e2-3a88d1cc7531,100000002,355.0,,366eb16f-508e-4ad7-b7c9-3acfe059a0ee,2026-02-28T12:39:00Z,2026-03-04T08:14:00Z,2,4,
72e27aa8-f081-4aef-b320-66bf006083dd,"Hot-Rolled Sheet, 75 t - Sahand Construction Ltd.",Sahand Construction Ltd.,Procurement Lead,100000000,Khorasan Razavi,10,905c7bdd-74f0-4eae-aa59-43ce836435e3,541d0136-17d8-4a64-82d1-0a80a76fc07b,100000002,65.0,,24933b83-7577-40a9-a491-f0b2ea1fca65,2026-02-01T11:18:00Z,2026-02-04T07:38:00Z,2,4,
86cdc5b7-d7aa-4061-8c94-ec5dd53a7ad3,"Pipes & Profiles, 35 t - Sadaf Eskelet Felezi Co.",Sadaf Eskelet Felezi Co.,Procurement Lead,100000001,Isfahan,10,905c7bdd-74f0-4eae-aa59-43ce836435e3,4bc58129-c538-4e2a-9ec0-1aa2a6ba6a87,100000005,35.0,a8e6c1fb-81f4-497b-842e-de0725b5ca9a,10f1bc81-448a-4a9e-a6b2-bc5b50c187fc,2026-03-15T13:06:00Z,2026-03-21T09:00:00Z,1,3,7ae1102d-e338-4caa-98c9-0b8be6191e47
1c34abb3-dbcb-4ed5-a287-64c1e4f3e04d,"Wire Rod, 140 t - Tarava Metal Center Ltd.",Tarava Metal Center Ltd.,Supply Chain Manager,100000004,Tehran,10,905c7bdd-74f0-4eae-aa59-43ce836435e3,e27269b1-998f-4a87-b81f-9c641cc1df92,100000006,125.0,,0e51f30d-c6a7-4e39-84b0-32ccd7c524a5,2026-01-14T04:41:00Z,2026-01-19T12:33:00Z,2,6,
1ebb649f-9ff9-49be-bd77-b36f0449464f,"Beams & Sections, 40 t - Tous Metal Center Group",Tous Metal Center Group,Managing Director,100000004,Khuzestan,10,905c7bdd-74f0-4eae-aa59-43ce836435e3,d736466b-222b-4436-87c7-3b310878d2bd,100000001,40.0,69b6f3b7-fe5b-4fc9-80b4-f6d67ef6775b,366eb16f-508e-4ad7-b7c9-3acfe059a0ee,2026-02-17T12:05:00Z,2026-02-21T11:45:00Z,2,5,
44f26286-47d6-4fef-83ba-5ffae1e28d5b,"Rebar, 25 t - Gilan Abadgaran Industries",Gilan Abadgaran Industries,Supply Chain Manager,100000000,Isfahan,10,905c7bdd-74f0-4eae-aa59-43ce836435e3,e6bf3285-ac2a-40f6-b1d2-81dc6bd8f4a3,100000000,30.0,,9132b63e-f162-47e4-a9c3-49e03602f8ac,2026-03-14T04:45:00Z,2026-03-21T07:11:00Z,2,6,
666ab560-b659-4e2e-b066-e6f746c51d5a,"Cold-Rolled Sheet, 30 t - Atlas Press Works Co.",Atlas Press Works Co.,Site Engineer,100000003,Tehran,10,905c7bdd-74f0-4eae-aa59-43ce836435e3,5e938891-848c-4fe6-bfaf-5eac7f97fe08,100000003,40.0,,0e51f30d-c6a7-4e39-84b0-32ccd7c524a5,2026-01-13T12:48:00Z,2026-01-19T06:01:00Z,2,4,
48a0d015-6862-49e7-8768-95c2f85c24c3,"Beams & Sections, 75 t - Mehrgan Sazeh Ltd.",Mehrgan Sazeh Ltd.,Purchasing Manager,100000000,Alborz,10,905c7bdd-74f0-4eae-aa59-43ce836435e3,9ffb5fa9-c684-4b61-9ab4-a69876ae0304,100000001,95.0,2c9708a2-e7b3-49bb-aaa4-cc5ae330ed6a,5304317f-af42-412f-b838-b3268e944239,2026-02-23T10:22:00Z,2026-03-02T07:42:00Z,1,3,05583c07-c02e-4557-90d4-6eee873404db
20f9bfc9-9eb0-4058-904d-0a5069258881,"Hot-Rolled Sheet, 55 t - Gohar Ahan Forooshi Co.",Gohar Ahan Forooshi Co.,Supply Chain Manager,100000004,Tehran,10,905c7bdd-74f0-4eae-aa59-43ce836435e3,f61437f1-2a70-4c30-af3c-a15a630f4268,100000002,50.0,5841b548-e47d-45ce-b06b-ba502d4aad08,ce177b4e-0837-48a3-9261-a7ab3aa2e4f9,2026-01-22T08:13:00Z,2026-01-26T05:27:00Z,1,3,4f618aed-7078-4fb1-9a91-8875603e10d2
843efe2f-3441-4d4c-8445-50e71e42ee2d,"Rebar, 30 t - Chakad Abadgaran Industries",Chakad Abadgaran Industries,Supply Chain Manager,100000000,Hormozgan,10,905c7bdd-74f0-4eae-aa59-43ce836435e3,4ceed038-37bc-479a-921a-81d89063cfb7,100000000,25.0,087df61d-21e4-47e7-b856-fcb38b27036b,e27a984d-6548-41d0-bfcd-9eb1a7cad415,2026-01-07T10:30:00Z,2026-01-10T12:09:00Z,1,3,86ed28c8-c311-4ee3-bc0c-e0803e562fdd
be063f44-28e6-4d58-8c10-3b64623d134f,"Rebar, 80 t - Arvand Omran Ltd.",Arvand Omran Ltd.,Site Engineer,100000000,Khorasan Razavi,10,905c7bdd-74f0-4eae-aa59-43ce836435e3,abde5e49-d533-4782-93c5-0458a4f9315f,100000000,60.0,,24933b83-7577-40a9-a491-f0b2ea1fca65,2026-01-20T11:40:00Z,2026-01-24T05:36:00Z,2,6,
4a5652b8-c570-4f8a-b6ad-7753a4572e6a,"Beams & Sections, 220 t - Kowsar Iron & Steel Supply Group",Kowsar Iron & Steel Supply Group,Managing Director,100000004,Khorasan Razavi,10,905c7bdd-74f0-4eae-aa59-43ce836435e3,bb87b957-ea54-40e5-a6d1-b539c3b50b86,100000001,165.0,2233212a-f526-4ea2-b953-3cb78ef1a114,24933b83-7577-40a9-a491-f0b2ea1fca65,2026-02-11T08:56:00Z,2026-02-15T07:52:00Z,2,5,
2de92307-a9ca-47f7-8305-01d2935a7058,"Galvanized Sheet, 45 t - Elham Pipe & Profile Industries",Elham Pipe & Profile Industries,Supply Chain Manager,100000002,Tehran,10,905c7bdd-74f0-4eae-aa59-43ce836435e3,c1f01055-160e-458f-ab46-72f839cb20e8,100000004,35.0,8400bf6e-32c2-468c-973d-c559122beb5e,b02b61c4-a3d7-4628-ace6-6fa2fd5166e6,2026-01-28T10:47:00Z,2026-01-31T13:28:00Z,1,3,64ae18f3-a9ff-4ef1-bbae-2a5b22b0e7da
08bbd3f5-a13f-4bfd-b8a1-ad7fc95351ad,"Pipes & Profiles, 35 t - Persis Agri-Steel Co.",Persis Agri-Steel Co.,Site Engineer,100000006,Khorasan Razavi,10,905c7bdd-74f0-4eae-aa59-43ce836435e3,124038bb-9bb9-4a3c-81ce-653ac7032c2d,100000005,25.0,,24933b83-7577-40a9-a491-f0b2ea1fca65,2026-01-31T07:52:00Z,2026-02-07T10:18:00Z,2,6,
9ae27ece-097b-4a0a-817b-aa39f8bad003,"Pipes & Profiles, 45 t - Negin Golkhaneh Sazan Ltd.",Negin Golkhaneh Sazan Ltd.,Supply Chain Manager,100000006,East Azerbaijan,10,905c7bdd-74f0-4eae-aa59-43ce836435e3,314d4b4e-622e-4daf-9a07-63a1449aa284,100000005,40.0,1dc7deab-b07b-44ed-a67b-6ad334be5f01,beb79919-3f22-4af8-a3be-d01d43cf2fde,2026-01-17T13:08:00Z,2026-01-21T09:11:00Z,2,4,
b2a3f8e5-9bab-49cf-a84e-8078525aaa7d,"Galvanized Sheet, 65 t - Iranmehr Agri-Steel Co.",Iranmehr Agri-Steel Co.,Purchasing Manager,100000006,Isfahan,10,905c7bdd-74f0-4eae-aa59-43ce836435e3,64493687-26cc-48ad-832f-c3b28a5d37fc,100000004,105.0,6ff4d125-b12a-42b4-8850-e86561d3b32d,10f1bc81-448a-4a9e-a6b2-bc5b50c187fc,2026-03-08T13:22:00Z,2026-03-10T07:34:00Z,1,3,d93ff2f8-14ae-4b83-ac14-efa9da9e3a9d
c3182415-0dad-4c7b-a666-93e381d9beae,"Hot-Rolled Sheet, 15 t - Negin Omran Ltd.",Negin Omran Ltd.,Site Engineer,100000000,Isfahan,10,905c7bdd-74f0-4eae-aa59-43ce836435e3,e86b063d-80cd-4f52-854a-4d99d999e026,100000002,15.0,,10f1bc81-448a-4a9e-a6b2-bc5b50c187fc,2026-01-21T05:25:00Z,2026-01-25T06:47:00Z,2,6,
28afc82b-fcdf-4559-ac17-a477af09dba1,"Pipes & Profiles, 105 t - Arvand Metal Center Industries",Arvand Metal Center Industries,Managing Director,100000004,Tehran,10,905c7bdd-74f0-4eae-aa59-43ce836435e3,cc78f060-746f-4431-be83-90214b96b952,100000005,80.0,474cd1a1-b60f-4d69-9d05-0f7045cb86d6,ce177b4e-0837-48a3-9261-a7ab3aa2e4f9,2026-02-09T09:37:00Z,2026-02-15T12:23:00Z,1,3,1d9b190a-c9c7-4b94-b61b-c0a8a578bb4d
21178e9f-0b44-4f4d-9ef7-88de02241f4c,"Rebar, 85 t - Laleh Ahan Forooshi Ltd.",Laleh Ahan Forooshi Ltd.,Purchasing Manager,100000004,Khuzestan,10,905c7bdd-74f0-4eae-aa59-43ce836435e3,d448bf65-6f18-45e8-bd1b-d63a6553c98b,100000000,80.0,,366eb16f-508e-4ad7-b7c9-3acfe059a0ee,2026-02-08T06:30:00Z,2026-02-09T07:28:00Z,2,4,
0d65b0dd-7ebb-4b45-9dd4-f9f47e4a721e,"Rebar, 40 t - Hirad Sakhteman Co.",Hirad Sakhteman Co.,Procurement Lead,100000000,Alborz,10,905c7bdd-74f0-4eae-aa59-43ce836435e3,1f93bb9d-263f-4b57-9ef9-81f8af927913,100000000,60.0,,b02b61c4-a3d7-4628-ace6-6fa2fd5166e6,2026-02-22T11:22:00Z,2026-02-25T06:22:00Z,2,5,
218e942e-041a-45fb-a7f6-7fc3ebe7ca06,"Galvanized Sheet, 25 t - Ava Golkhaneh Sazan Industries",Ava Golkhaneh Sazan Industries,Purchasing Manager,100000006,East Azerbaijan,10,905c7bdd-74f0-4eae-aa59-43ce836435e3,e6dc3567-6bed-4fb2-81fd-2d6d277dcdcb,100000004,20.0,,beb79919-3f22-4af8-a3be-d01d43cf2fde,2026-02-18T04:58:00Z,2026-02-23T05:07:00Z,2,4,
b774795e-00f7-4cd2-878a-53cf1fd33eeb,"Rebar, 115 t - Behsaz Steel Trading Group",Behsaz Steel Trading Group,Procurement Lead,100000004,Tehran,10,905c7bdd-74f0-4eae-aa59-43ce836435e3,389c730c-f59b-4080-8d15-d0d333a53356,100000000,80.0,,ce177b4e-0837-48a3-9261-a7ab3aa2e4f9,2026-01-20T12:57:00Z,2026-01-24T10:58:00Z,2,6,
d4958480-6e00-4063-ad0a-d4fad783f6b5,"Rebar, 145 t - Jahan Rail & Road Projects Ltd.",Jahan Rail & Road Projects Ltd.,Site Engineer,100000005,Hormozgan,8,ac3a812f-765e-4cb5-8f0d-55400ec7d662,009e9ed2-ed0e-4484-91b5-6e0b5f0a41ed,100000000,135.0,5fcf5c22-b9b0-4c1a-baf9-706d802ddcc4,e27a984d-6548-41d0-bfcd-9eb1a7cad415,2026-03-05T12:16:00Z,2026-03-11T12:39:00Z,2,6,
b2f089b9-964a-452c-bb1e-e55a37b3ef4d,"Rebar, 215 t - Nikan Contracting Group",Nikan Contracting Group,Managing Director,100000000,Khuzestan,8,ac3a812f-765e-4cb5-8f0d-55400ec7d662,ece136fe-85d0-433a-9abf-ac2435783a44,100000000,160.0,,366eb16f-508e-4ad7-b7c9-3acfe059a0ee,2026-01-17T07:40:00Z,2026-01-20T12:41:00Z,2,6,
818edbdf-b4c0-48de-a9f5-02a099472966,"Beams & Sections, 45 t - Parsian Steel Trading Group",Parsian Steel Trading Group,Managing Director,100000004,Hormozgan,8,ac3a812f-765e-4cb5-8f0d-55400ec7d662,41f7ce31-13cf-4f20-8a22-cc249920cfd5,100000001,45.0,,e27a984d-6548-41d0-bfcd-9eb1a7cad415,2026-03-14T06:11:00Z,2026-03-19T07:01:00Z,2,6,
41dbc918-9729-4a48-b9b1-2bdf38f14931,"Beams & Sections, 250 t - Ofogh Dam & Water Works Group",Ofogh Dam & Water Works Group,Project Manager,100000005,Khorasan Razavi,8,ac3a812f-765e-4cb5-8f0d-55400ec7d662,becc1545-21bc-4cff-a0a7-b4a8376b1e42,100000001,210.0,,24933b83-7577-40a9-a491-f0b2ea1fca65,2026-03-16T06:05:00Z,2026-03-21T13:16:00Z,2,7,
8ff8749d-49cf-4e85-9dac-cac2545d03f7,"Beams & Sections, 75 t - Hirad Abadgaran Group",Hirad Abadgaran Group,Supply Chain Manager,100000000,Tehran,8,ac3a812f-765e-4cb5-8f0d-55400ec7d662,1ab554d2-e904-4d0e-9df5-47e3a918aef5,100000001,65.0,,5304317f-af42-412f-b838-b3268e944239,2026-02-15T09:42:00Z,2026-02-19T04:47:00Z,2,4,
242f1baf-86bf-4beb-804d-ca01c63be21f,"Beams & Sections, 140 t - Arvand Omran Co.",Arvand Omran Co.,Procurement Lead,100000000,Tehran,8,ac3a812f-765e-4cb5-8f0d-55400ec7d662,836da569-d8e5-480a-9070-53c47ddfbc34,100000001,110.0,0fc98d2e-030f-4be9-9f17-8f9323c97a1e,b02b61c4-a3d7-4628-ace6-6fa2fd5166e6,2026-02-17T12:37:00Z,2026-02-21T07:03:00Z,1,3,88bf1335-53d6-4617-ad08-6901da6ad826
13b8905e-b291-49a9-a269-53e60caa73c9,"Beams & Sections, 15 t - Sepehr Eskelet Felezi Co.",Sepehr Eskelet Felezi Co.,Project Manager,100000001,Tehran,8,ac3a812f-765e-4cb5-8f0d-55400ec7d662,85ac0d30-634f-4108-9140-a3244a4581ff,100000001,20.0,,0e51f30d-c6a7-4e39-84b0-32ccd7c524a5,2026-02-24T09:35:00Z,2026-02-28T08:31:00Z,2,6,
85d230fb-ed42-4c0f-aa5e-d7c17fcfa67b,"Pipes & Profiles, 140 t - Saba Ahan Forooshi Ltd.",Saba Ahan Forooshi Ltd.,Project Manager,100000004,Mazandaran,8,ac3a812f-765e-4cb5-8f0d-55400ec7d662,549e87aa-471c-4a45-b37a-31106806afc4,100000005,140.0,7862fa7d-4138-4321-ac11-e260f74fe2b9,ce177b4e-0837-48a3-9261-a7ab3aa2e4f9,2026-02-03T11:38:00Z,2026-02-07T07:43:00Z,1,3,04df31bb-a145-4141-80a8-dbbab9fe0ce6
0143a281-4bcd-4c1e-aed6-083478e94555,"Rebar, 95 t - Navid Sakhteman Ltd.",Navid Sakhteman Ltd.,Site Engineer,100000000,Khorasan Razavi,8,ac3a812f-765e-4cb5-8f0d-55400ec7d662,9c934831-96b6-47da-8325-9434c5143fd5,100000000,65.0,,24933b83-7577-40a9-a491-f0b2ea1fca65,2026-03-14T08:46:00Z,2026-03-19T11:22:00Z,2,4,
efc5a8dc-cf54-488a-8c5d-53779f493777,"Rebar, 40 t - Taban Abadgaran Industries",Taban Abadgaran Industries,Supply Chain Manager,100000000,Isfahan,8,ac3a812f-765e-4cb5-8f0d-55400ec7d662,e1c3fe98-0bab-40d6-b1a9-0ecf688066f7,100000000,55.0,8a61f755-0c6b-4d43-bb37-eb7955315e27,10f1bc81-448a-4a9e-a6b2-bc5b50c187fc,2026-03-16T07:26:00Z,2026-03-24T07:52:00Z,1,3,d1778ed6-e2e0-400f-87ad-8ca2b4d83b09
95a05959-5637-4ea5-a365-bcfd04d299f8,"Hot-Rolled Sheet, 40 t - Hoda Fabrication Works Group",Hoda Fabrication Works Group,Purchasing Manager,100000001,Isfahan,8,ac3a812f-765e-4cb5-8f0d-55400ec7d662,ad44c4f8-404f-4c86-92b2-90a63907963b,100000002,55.0,,10f1bc81-448a-4a9e-a6b2-bc5b50c187fc,2026-01-19T13:16:00Z,2026-01-22T12:52:00Z,2,6,
6fd13b5e-8857-4802-8923-d0c9789e44cc,"Rebar, 35 t - Tarava Construction Co.",Tarava Construction Co.,Managing Director,100000000,Fars,8,ac3a812f-765e-4cb5-8f0d-55400ec7d662,75b7d56f-aa3c-4596-b0a5-0d6cbe7d7442,100000000,35.0,,e27a984d-6548-41d0-bfcd-9eb1a7cad415,2026-03-30T13:19:00Z,2026-03-31T08:36:00Z,2,6,
fe516a8a-446e-464a-bce1-62246ce470af,"Beams & Sections, 65 t - Tarava Fabrication Works Industries",Tarava Fabrication Works Industries,Managing Director,100000001,Alborz,8,ac3a812f-765e-4cb5-8f0d-55400ec7d662,e63c112e-8373-45c7-9112-d66c4f0b104d,100000001,45.0,,0e51f30d-c6a7-4e39-84b0-32ccd7c524a5,2026-01-10T08:57:00Z,2026-01-17T10:09:00Z,2,6,
cfdcd94c-fb52-454c-979f-2f475f1c9ef6,"Hot-Rolled Sheet, 135 t - Kowsar Profile Sazan Co.",Kowsar Profile Sazan Co.,Purchasing Manager,100000002,Khorasan Razavi,8,ac3a812f-765e-4cb5-8f0d-55400ec7d662,1621b3fe-ae6f-4fa2-aa2d-97c8a469f111,100000002,135.0,,24933b83-7577-40a9-a491-f0b2ea1fca65,2026-03-30T07:48:00Z,2026-04-04T12:16:00Z,2,4,
eefe1006-05fd-46c5-9602-7e8297fe0542,"Rebar, 185 t - Fardis Metal Center Industries",Fardis Metal Center Industries,Project Manager,100000004,Isfahan,8,ac3a812f-765e-4cb5-8f0d-55400ec7d662,8c7b7e6f-9f73-4794-aa10-d71e4ffa0ddf,100000000,215.0,00fa0eb4-5c5f-48d4-8df4-07b82751ab86,10f1bc81-448a-4a9e-a6b2-bc5b50c187fc,2026-03-16T11:53:00Z,2026-03-17T08:16:00Z,2,6,
0e7e41b6-92bd-40ed-93d8-a5bdade73cc0,"Rebar, 175 t - Behsaz Foolad Trading Group",Behsaz Foolad Trading Group,Site Engineer,100000004,East Azerbaijan,8,ac3a812f-765e-4cb5-8f0d-55400ec7d662,78b5f340-3a5e-4449-abd7-e12ee2477f64,100000000,115.0,cca8f708-df77-41cc-85d1-cfbdd2ec8e7a,beb79919-3f22-4af8-a3be-d01d43cf2fde,2026-03-23T10:04:00Z,2026-03-25T05:26:00Z,1,3,52ad4e84-07ba-4340-aec2-0503844f439b
3492abcf-6938-4dd8-b17b-b519830080fc,"Rebar, 25 t - Karun Contracting Group",Karun Contracting Group,Purchasing Manager,100000000,Khorasan Razavi,8,ac3a812f-765e-4cb5-8f0d-55400ec7d662,8ced2d5d-4379-4f1c-816a-47ad35c8f998,100000000,25.0,7a9ede9d-af6c-4716-8453-2d47f5a0cc24,24933b83-7577-40a9-a491-f0b2ea1fca65,2026-01-28T13:28:00Z,2026-02-01T09:44:00Z,1,3,8bd80039-4667-42ab-8d03-b2a78812f198
6d61c2b7-db31-4c10-b9c2-d65b6c5aaa25,"Beams & Sections, 55 t - Negin Eskelet Felezi Group",Negin Eskelet Felezi Group,Managing Director,100000001,Tehran,8,ac3a812f-765e-4cb5-8f0d-55400ec7d662,c5abb318-d1c4-4141-bb5d-f6cefd5b641a,100000001,55.0,818b4ed4-7fa4-48ff-8225-5b2c37f81f31,0e51f30d-c6a7-4e39-84b0-32ccd7c524a5,2026-02-18T10:06:00Z,2026-02-21T07:14:00Z,1,3,0282372c-8a24-482c-876b-d832cf6858db
3f58282a-899c-4e9a-8119-1db3bd26551f,"Galvanized Sheet, 100 t - Bamdad Golkhaneh Sazan Group",Bamdad Golkhaneh Sazan Group,Purchasing Manager,100000006,Isfahan,8,ac3a812f-765e-4cb5-8f0d-55400ec7d662,a077da25-58d2-4613-8ccc-288811a82fa7,100000004,85.0,e90ecbd3-7770-490e-b25d-2c850622a294,9132b63e-f162-47e4-a9c3-49e03602f8ac,2026-01-22T07:10:00Z,2026-01-28T05:49:00Z,1,3,3c6058fa-4a7c-48fc-ba4d-d289824a5090
49e2b4f4-67b2-4af7-8938-3fb32018925e,"Rebar, 45 t - Sepehr Construction Ltd.",Sepehr Construction Ltd.,Purchasing Manager,100000000,East Azerbaijan,8,ac3a812f-765e-4cb5-8f0d-55400ec7d662,dc0382e2-b80e-4079-8f74-12ff976bf9d7,100000000,50.0,6cbc9250-26cc-4f5a-8fd9-2fcf075708ff,beb79919-3f22-4af8-a3be-d01d43cf2fde,2026-01-19T10:58:00Z,2026-01-22T12:37:00Z,1,3,388e0487-0917-4b73-ad67-89d29cfabf35
6f7d696b-69f2-4bec-aa5d-69d9fd6d361c,"Rebar, 60 t - Raman Omran Industries",Raman Omran Industries,Managing Director,100000000,Tehran,8,ac3a812f-765e-4cb5-8f0d-55400ec7d662,60a75fb5-bf0a-4f68-998b-64161f846af3,100000000,40.0,0835d895-ebf5-4cfa-b33b-b643cfb1dce1,b02b61c4-a3d7-4628-ace6-6fa2fd5166e6,2026-01-25T09:33:00Z,2026-01-28T08:48:00Z,1,3,7505bb0b-b415-4637-8a27-6c0f0afd5240
969ec677-c81b-4f7d-b259-c52842be2d2d,"Hot-Rolled Sheet, 135 t - Rahyab Pipe & Profile Industries",Rahyab Pipe & Profile Industries,Project Manager,100000002,Tehran,10,0592bfa5-b928-423f-8ee4-334ece920136,1d4d08e7-17c1-49a5-9b8b-8ccd2618dd5d,100000002,130.0,,0e51f30d-c6a7-4e39-84b0-32ccd7c524a5,2026-05-28T05:58:00Z,2026-06-01T11:31:00Z,2,7,
677c8f55-0321-4d27-b238-9612be3842e3,"Rebar, 95 t - Mahan Ahan Bazar Co.",Mahan Ahan Bazar Co.,Site Engineer,100000004,Fars,10,0592bfa5-b928-423f-8ee4-334ece920136,b4ec2cea-2de0-4f51-8366-2f06f12b37c6,100000000,135.0,,e27a984d-6548-41d0-bfcd-9eb1a7cad415,2026-06-28T05:54:00Z,2026-06-28T05:54:00Z,0,2,
317ddb7c-6ded-43fe-ae17-a77883125afa,"Beams & Sections, 250 t - Tarava Steel Trading Ltd.",Tarava Steel Trading Ltd.,Purchasing Manager,100000004,Tehran,10,0592bfa5-b928-423f-8ee4-334ece920136,956a1351-4382-4ccb-ac5a-f0c801462442,100000001,205.0,,ce177b4e-0837-48a3-9261-a7ab3aa2e4f9,2026-06-08T13:14:00Z,2026-06-13T12:04:00Z,2,6,
a24015d1-c30b-4db6-a095-8a6968607a49,"Pipes & Profiles, 50 t - Gilan Metal Center Industries",Gilan Metal Center Industries,Purchasing Manager,100000004,East Azerbaijan,10,0592bfa5-b928-423f-8ee4-334ece920136,ed09f7d7-b320-4d08-b07c-80dab2e0c353,100000005,40.0,3ff59f4e-bf78-47c8-96ce-3395e362cf12,beb79919-3f22-4af8-a3be-d01d43cf2fde,2026-05-12T05:14:00Z,2026-05-14T12:34:00Z,1,3,0b434138-e0ec-48f1-8641-262e605a0d9b
ee647303-8c0b-4e42-a013-6cf6beb4d307,"Beams & Sections, 20 t - Bamdad Fabrication Works Ltd.",Bamdad Fabrication Works Ltd.,Managing Director,100000001,Tehran,10,0592bfa5-b928-423f-8ee4-334ece920136,324edaa7-f36e-425b-ab18-d634ef1b64cb,100000001,15.0,bfc3e5bc-800d-48dd-941a-1fab8c6c6191,0e51f30d-c6a7-4e39-84b0-32ccd7c524a5,2026-06-10T12:34:00Z,2026-06-15T09:49:00Z,1,3,1c3827f0-bdf8-4b37-8d0d-b78b322d186a
c6676b08-2a82-407a-b0ee-1d5478b63685,"Rebar, 140 t - Ofogh Steel Merchants Ltd.",Ofogh Steel Merchants Ltd.,Managing Director,100000004,Tehran,10,0592bfa5-b928-423f-8ee4-334ece920136,0f161581-6129-41b0-a17c-0678795700a0,100000000,90.0,,ce177b4e-0837-48a3-9261-a7ab3aa2e4f9,2026-06-06T05:38:00Z,2026-06-07T13:03:00Z,2,5,
990c8fb9-30f6-451f-90e1-c093eacb11a2,"Beams & Sections, 45 t - Persis Construction Co.",Persis Construction Co.,Purchasing Manager,100000000,Alborz,10,0592bfa5-b928-423f-8ee4-334ece920136,34826796-67cc-4176-802a-c52a582f5c69,100000001,40.0,,b02b61c4-a3d7-4628-ace6-6fa2fd5166e6,2026-05-17T10:19:00Z,2026-05-20T11:12:00Z,2,5,
b7f6840c-621d-4512-a93a-2086b3d8149e,"Galvanized Sheet, 30 t - Orang Greenhouse Structures Co.",Orang Greenhouse Structures Co.,Project Manager,100000006,Tehran,10,0592bfa5-b928-423f-8ee4-334ece920136,69e27089-a45c-46e9-ae78-3af91c1e4c10,100000004,20.0,,b02b61c4-a3d7-4628-ace6-6fa2fd5166e6,2026-04-18T08:26:00Z,2026-04-21T09:28:00Z,2,7,
37ec649a-3964-4f48-8cfa-eea8e395f2fc,"Beams & Sections, 130 t - Kaspian Ahan Forooshi Ltd.",Kaspian Ahan Forooshi Ltd.,Supply Chain Manager,100000004,Isfahan,10,0592bfa5-b928-423f-8ee4-334ece920136,ae92d5ea-6964-45b4-868c-1237ac1796a6,100000001,130.0,,10f1bc81-448a-4a9e-a6b2-bc5b50c187fc,2026-06-10T08:58:00Z,2026-06-13T06:42:00Z,2,4,
460cbe9c-af86-454c-b4fd-c90c3482a54d,"Galvanized Sheet, 15 t - Sahand Agri-Steel Co.",Sahand Agri-Steel Co.,Supply Chain Manager,100000006,Tehran,10,0592bfa5-b928-423f-8ee4-334ece920136,ccd3da48-a823-4c27-bb66-6531d54e9c62,100000004,20.0,7e7838c9-ca55-438b-bc9a-be10238d6f44,5304317f-af42-412f-b838-b3268e944239,2026-04-12T12:49:00Z,2026-04-14T12:42:00Z,2,4,
5441a465-ef3d-4f04-be22-c440e5339b2a,"Beams & Sections, 275 t - Tarava Steel Trading Group",Tarava Steel Trading Group,Project Manager,100000004,Tehran,10,0592bfa5-b928-423f-8ee4-334ece920136,807f690e-4200-4aca-b358-b2ecc50b9ab2,100000001,310.0,12767d13-f093-4776-9116-d014a5850828,ce177b4e-0837-48a3-9261-a7ab3aa2e4f9,2026-05-13T07:24:00Z,2026-05-16T09:42:00Z,1,3,bee41562-04a6-4471-9e56-13a1abc79f09
52ecc7ed-1470-4aa5-8f0a-f0b761d51454,"Pipes & Profiles, 75 t - Atlas Omran Group",Atlas Omran Group,Supply Chain Manager,100000000,Tehran,10,0592bfa5-b928-423f-8ee4-334ece920136,8b25c717-ebb8-48a7-b495-ad7d19853d8f,100000005,125.0,,5304317f-af42-412f-b838-b3268e944239,2026-06-04T05:49:00Z,2026-06-06T09:07:00Z,2,6,
2b5881f8-4948-4cfb-bfae-769993dd49ce,"Rebar, 80 t - Gohar Metals Supply Industries",Gohar Metals Supply Industries,Site Engineer,100000004,Tehran,10,0592bfa5-b928-423f-8ee4-334ece920136,c84f20dc-1f42-40cd-a102-ebf3fc623364,100000000,130.0,,b02b61c4-a3d7-4628-ace6-6fa2fd5166e6,2026-06-09T12:56:00Z,2026-06-13T10:51:00Z,2,5,
06a0bfb4-5df0-4b26-a7b4-37155c9379a6,"Hot-Rolled Sheet, 60 t - Hoda Pipe Works Ltd.",Hoda Pipe Works Ltd.,Project Manager,100000002,Tehran,10,0592bfa5-b928-423f-8ee4-334ece920136,a745e323-c2aa-4e29-a21d-eb4f677a21cf,100000002,50.0,dd23ff41-dae1-4586-a358-755cbc5c3cd8,0e51f30d-c6a7-4e39-84b0-32ccd7c524a5,2026-04-09T08:38:00Z,2026-04-15T11:18:00Z,2,4,
fca0cd72-014d-4114-b8f4-9961d6bdb561,"Hot-Rolled Sheet, 160 t - Kian Steel Merchants Co.",Kian Steel Merchants Co.,Site Engineer,100000004,Alborz,10,0592bfa5-b928-423f-8ee4-334ece920136,1c79ac85-4642-4480-abc5-6f09a7669cee,100000002,120.0,,ce177b4e-0837-48a3-9261-a7ab3aa2e4f9,2026-06-20T11:54:00Z,2026-06-23T05:07:00Z,2,6,
c99689e6-0a5f-4cff-82bb-ba8c2e169e20,"Wire Rod, 115 t - Sahand Ahan Forooshi Co.",Sahand Ahan Forooshi Co.,Procurement Lead,100000004,East Azerbaijan,10,0592bfa5-b928-423f-8ee4-334ece920136,dc740ec7-6bc5-4cdb-b605-4d3ef4aa1f32,100000006,110.0,,beb79919-3f22-4af8-a3be-d01d43cf2fde,2026-05-21T12:43:00Z,2026-05-25T11:20:00Z,2,5,
dec43905-59e6-4fe2-9f28-b08d1c7f8315,"Rebar, 25 t - Sahand Ahan Forooshi Ltd.",Sahand Ahan Forooshi Ltd.,Supply Chain Manager,100000004,Khuzestan,10,0592bfa5-b928-423f-8ee4-334ece920136,b85975b0-8062-42a1-b132-50472b22d9cd,100000000,25.0,,366eb16f-508e-4ad7-b7c9-3acfe059a0ee,2026-05-26T12:48:00Z,2026-05-30T06:44:00Z,2,4,
8de2fc8d-c055-4eb0-b9ee-224709fccdac,"Wire Rod, 130 t - Kimia Steel Trading Co.",Kimia Steel Trading Co.,Supply Chain Manager,100000004,East Azerbaijan,10,0592bfa5-b928-423f-8ee4-334ece920136,179ef857-45de-4e0b-8054-76f5082ddc63,100000006,130.0,,beb79919-3f22-4af8-a3be-d01d43cf2fde,2026-05-18T09:40:00Z,2026-05-23T07:26:00Z,2,6,
2199bb17-9790-408a-87d6-3a5ba4a411c9,"Beams & Sections, 230 t - Tirdad Steel Depot Industries",Tirdad Steel Depot Industries,Project Manager,100000004,Fars,10,0592bfa5-b928-423f-8ee4-334ece920136,c421fa75-2a2b-4014-a547-47cded7a2e7e,100000001,350.0,,e27a984d-6548-41d0-bfcd-9eb1a7cad415,2026-04-07T08:20:00Z,2026-04-08T09:38:00Z,2,5,
71d37431-b7fe-4585-a7a7-968db9b2da97,"Rebar, 30 t - Shahab Omran Group",Shahab Omran Group,Project Manager,100000000,Fars,10,0592bfa5-b928-423f-8ee4-334ece920136,9edd5a9b-a920-435f-92eb-985f38cfa8b6,100000000,25.0,51a5d268-0384-4427-9361-a97398a494d1,e27a984d-6548-41d0-bfcd-9eb1a7cad415,2026-04-11T07:03:00Z,2026-04-14T09:45:00Z,1,3,1a6dd022-15b2-48fa-8609-de0536508098
0556cf65-c4a5-4c98-b2a7-c9b54e5a046b,"Rebar, 130 t - Taban Steel Depot Co.",Taban Steel Depot Co.,Project Manager,100000004,Tehran,10,0592bfa5-b928-423f-8ee4-334ece920136,927968e9-97a4-4cb5-9f40-bbb9c8c47765,100000000,75.0,,ce177b4e-0837-48a3-9261-a7ab3aa2e4f9,2026-04-18T07:31:00Z,2026-04-21T05:06:00Z,2,5,
3d977c5f-75ae-4072-ab9d-eef254e114bf,"Cold-Rolled Sheet, 40 t - Zagros Press Works Group",Zagros Press Works Group,Site Engineer,100000003,East Azerbaijan,10,0592bfa5-b928-423f-8ee4-334ece920136,637536e0-0c68-4763-ba56-d9b01111c859,100000003,35.0,,beb79919-3f22-4af8-a3be-d01d43cf2fde,2026-04-18T11:45:00Z,2026-04-22T08:33:00Z,2,4,
7c4166be-1965-4efc-a86e-3525714faa88,"Rebar, 15 t - Arman Builders Group",Arman Builders Group,Procurement Lead,100000000,Isfahan,10,0592bfa5-b928-423f-8ee4-334ece920136,17349175-999f-468a-9e03-383eb0ae3b25,100000000,15.0,06c4f4a2-218a-47c0-9447-c810238aa954,10f1bc81-448a-4a9e-a6b2-bc5b50c187fc,2026-06-11T11:36:00Z,2026-06-16T08:57:00Z,1,3,9988aa97-14f5-4a46-ab66-9695e54167d1
282a09a1-961c-4ea6-bb0a-71edd6c8cdd4,"Pipes & Profiles, 15 t - Tirdad Golkhaneh Sazan Co.",Tirdad Golkhaneh Sazan Co.,Managing Director,100000006,Fars,10,0592bfa5-b928-423f-8ee4-334ece920136,1f011085-3727-47a5-b89f-057b0873cccf,100000005,15.0,,e27a984d-6548-41d0-bfcd-9eb1a7cad415,2026-06-24T11:55:00Z,2026-06-27T04:49:00Z,2,5,
d9f91100-8090-4f22-a059-b9f3a8a0edf5,"Wire Rod, 90 t - Pardis Foolad Trading Ltd.",Pardis Foolad Trading Ltd.,Procurement Lead,100000004,Isfahan,10,0592bfa5-b928-423f-8ee4-334ece920136,9974c84e-5836-4e9e-aff6-6a794278a00e,100000006,100.0,,10f1bc81-448a-4a9e-a6b2-bc5b50c187fc,2026-06-15T07:39:00Z,2026-06-18T09:11:00Z,2,5,
5a64b5e8-cdc7-43a0-a349-2ba3d084b7df,"Rebar, 20 t - Zagros Construction Group",Zagros Construction Group,Procurement Lead,100000000,Tehran,10,0592bfa5-b928-423f-8ee4-334ece920136,07c3f5bf-deec-416f-aad4-1a734658b22e,100000000,15.0,,5304317f-af42-412f-b838-b3268e944239,2026-05-07T09:15:00Z,2026-05-11T06:05:00Z,2,4,
2ede3ede-7ce3-4a45-a4fd-f258ce3413ea,"Rebar, 35 t - Omid Sazeh Industries",Omid Sazeh Industries,Procurement Lead,100000000,Alborz,10,0592bfa5-b928-423f-8ee4-334ece920136,1048fc1f-5e69-4168-a332-6293df1aebe7,100000000,40.0,,b02b61c4-a3d7-4628-ace6-6fa2fd5166e6,2026-04-19T12:04:00Z,2026-04-23T06:23:00Z,2,4,
d12de8e2-6340-4148-a062-50f244b74a0b,"Hot-Rolled Sheet, 85 t - Hoda Tube Mills Co.",Hoda Tube Mills Co.,Managing Director,100000002,Khuzestan,10,0592bfa5-b928-423f-8ee4-334ece920136,eb08fc43-80dd-4f64-8acc-2c22849b25b6,100000002,80.0,,366eb16f-508e-4ad7-b7c9-3acfe059a0ee,2026-05-14T07:46:00Z,2026-05-16T09:26:00Z,2,4,
b0fb843c-fa31-446b-b041-d9612a983f49,"Hot-Rolled Sheet, 200 t - Pishgam Tube Mills Group",Pishgam Tube Mills Group,Purchasing Manager,100000002,Khorasan Razavi,8,00c59f30-d103-4424-8124-1bb4655ce508,826f2b7c-ca3c-4cf8-b26e-5ef705df756b,100000002,140.0,54b58635-3dab-4614-9215-0ed87ddca413,24933b83-7577-40a9-a491-f0b2ea1fca65,2026-04-28T12:20:00Z,2026-05-04T13:21:00Z,1,3,ff312501-21fe-48cc-ae7e-c1a31778f543
ea7dbecd-e06f-40d4-af53-5f89e401ce0f,"Beams & Sections, 50 t - Kaspian Fabrication Works Ltd.",Kaspian Fabrication Works Ltd.,Supply Chain Manager,100000001,Tehran,8,00c59f30-d103-4424-8124-1bb4655ce508,4939ef9b-ead7-4ec5-9b49-74a540d15c15,100000001,40.0,eafde7d9-5f73-4a3e-9d28-6aa428a39779,b02b61c4-a3d7-4628-ace6-6fa2fd5166e6,2026-05-11T05:53:00Z,2026-05-14T10:28:00Z,2,4,
a46c9460-b55f-4e5d-a502-fd39b0e0565a,"Hot-Rolled Sheet, 130 t - Ofogh Omran Ltd.",Ofogh Omran Ltd.,Purchasing Manager,100000000,East Azerbaijan,8,00c59f30-d103-4424-8124-1bb4655ce508,b72423d6-87d5-492c-a64e-2b2dc97e4828,100000002,115.0,0488a0e8-1028-45b4-b938-ce7ff86e2588,beb79919-3f22-4af8-a3be-d01d43cf2fde,2026-06-08T10:23:00Z,2026-06-13T06:37:00Z,1,3,530b7d57-1661-45db-9db2-b183a485b865
a54e5073-83da-4bc6-8641-baf61a600807,"Hot-Rolled Sheet, 70 t - Borna Profile Works Co.",Borna Profile Works Co.,Managing Director,100000002,East Azerbaijan,8,00c59f30-d103-4424-8124-1bb4655ce508,a78f49f2-a261-46dc-85be-ac2f30e0ee79,100000002,90.0,a3a01a1b-9fdc-46ea-8ac4-a07c32742991,beb79919-3f22-4af8-a3be-d01d43cf2fde,2026-05-04T04:54:00Z,2026-05-09T07:38:00Z,1,3,1dc8dd0f-c0ee-4f1c-9a7e-f0b3c99f2552
79fb464e-10cf-403f-a9f0-517b28eab54a,"Hot-Rolled Sheet, 100 t - Raman Tube Mills Industries",Raman Tube Mills Industries,Purchasing Manager,100000002,East Azerbaijan,8,00c59f30-d103-4424-8124-1bb4655ce508,32ff2dc2-a9fb-4d74-b3b3-f4458574fb9c,100000002,65.0,,beb79919-3f22-4af8-a3be-d01d43cf2fde,2026-06-25T09:13:00Z,2026-06-25T09:13:00Z,0,1,
fcc584be-3d4a-4466-b3ac-ca685d5ffefd,"Beams & Sections, 50 t - Mehrgan Fabrication Works Group",Mehrgan Fabrication Works Group,Procurement Lead,100000001,Tehran,8,00c59f30-d103-4424-8124-1bb4655ce508,3f35bd0d-5e9f-40f8-8ba1-740726633334,100000001,35.0,,0e51f30d-c6a7-4e39-84b0-32ccd7c524a5,2026-05-17T06:18:00Z,2026-05-23T10:24:00Z,2,7,
849267cb-dff2-4807-a033-3e8151e745ff,"Cold-Rolled Sheet, 135 t - Parsian Pipe & Profile Industries",Parsian Pipe & Profile Industries,Managing Director,100000002,Tehran,8,00c59f30-d103-4424-8124-1bb4655ce508,2a23a71c-0fac-451f-b5ca-7315bd185220,100000003,125.0,2207cb65-b197-4ed1-857a-e3fff8ed08ae,b02b61c4-a3d7-4628-ace6-6fa2fd5166e6,2026-04-12T05:31:00Z,2026-04-19T06:49:00Z,1,3,b544e56f-5edc-400b-972b-b0b2b63324d8
ec81f021-9076-47b4-aa85-5d668900f547,"Cold-Rolled Sheet, 30 t - Jahan Press Works Ltd.",Jahan Press Works Ltd.,Supply Chain Manager,100000003,Alborz,8,00c59f30-d103-4424-8124-1bb4655ce508,01f59deb-ea4e-42dd-b0fe-135430c0e64a,100000003,25.0,74e8fa93-a38f-4315-820a-80acd7a5914a,0e51f30d-c6a7-4e39-84b0-32ccd7c524a5,2026-04-06T04:49:00Z,2026-04-11T07:19:00Z,1,3,289b2b8a-8d3c-491a-96db-91bb5f383404
1ef15fc1-1daf-431b-8173-7ba6f33b7c4e,"Rebar, 150 t - Javid Rail & Road Projects Ltd.",Javid Rail & Road Projects Ltd.,Purchasing Manager,100000005,East Azerbaijan,8,00c59f30-d103-4424-8124-1bb4655ce508,bf348ab6-eb7b-4ad8-b4b4-96507819bc81,100000000,120.0,e3a68a70-7e71-4b55-8639-bd418b15bd94,beb79919-3f22-4af8-a3be-d01d43cf2fde,2026-04-26T04:45:00Z,2026-05-02T10:23:00Z,2,4,
243d0405-d3c8-44d6-8c4d-007312bc2507,"Hot-Rolled Sheet, 30 t - Jahan Sazeh Group",Jahan Sazeh Group,Project Manager,100000000,Fars,8,00c59f30-d103-4424-8124-1bb4655ce508,257c3b02-153b-449a-a84b-5e24714d466c,100000002,30.0,,e27a984d-6548-41d0-bfcd-9eb1a7cad415,2026-06-24T12:47:00Z,2026-06-29T10:15:00Z,2,6,
1ecc9af6-ef46-4612-ad5c-8842e73e153d,"Beams & Sections, 40 t - Varna Omran Ltd.",Varna Omran Ltd.,Site Engineer,100000000,Khorasan Razavi,8,00c59f30-d103-4424-8124-1bb4655ce508,b6397107-c8a0-4691-ad8c-24b2d58f5a8a,100000001,50.0,c508c7e7-6713-450d-a615-32bbc599f9ca,24933b83-7577-40a9-a491-f0b2ea1fca65,2026-06-27T06:27:00Z,2026-06-30T09:46:00Z,1,3,65dc0457-2878-4d2f-8861-42f6f41ab494
62684b43-408c-480d-9175-b167175ec2b5,"Galvanized Sheet, 200 t - Golestan Pipe Works Co.",Golestan Pipe Works Co.,Site Engineer,100000002,Alborz,8,00c59f30-d103-4424-8124-1bb4655ce508,91f453b6-78d4-43ab-a725-be2592095726,100000004,180.0,,b02b61c4-a3d7-4628-ace6-6fa2fd5166e6,2026-05-02T05:32:00Z,2026-05-05T07:08:00Z,2,5,
16052cda-51d3-4ded-8478-c8cdca37973b,"Rebar, 40 t - Jahan Construction Group",Jahan Construction Group,Supply Chain Manager,100000000,Alborz,8,00c59f30-d103-4424-8124-1bb4655ce508,60826fe9-bf0c-4693-aaa2-58644ddfabf5,100000000,35.0,d7c4fe9c-e1e0-4ffc-98f6-fd7f7eb162f1,5304317f-af42-412f-b838-b3268e944239,2026-06-03T05:01:00Z,2026-06-06T05:08:00Z,2,4,
33f272b2-a6d5-4800-b450-d66c6690a17c,"Pipes & Profiles, 20 t - Iranmehr Greenhouse Structures Ltd.",Iranmehr Greenhouse Structures Ltd.,Site Engineer,100000006,Isfahan,8,00c59f30-d103-4424-8124-1bb4655ce508,1d529926-e09e-4c95-bed9-907d24ab6f4d,100000005,30.0,,10f1bc81-448a-4a9e-a6b2-bc5b50c187fc,2026-04-29T13:15:00Z,2026-05-03T10:13:00Z,2,7,
c33b88b0-b677-4cbe-9928-662561a2bcaa,"Rebar, 350 t - Omid Foolad Trading Co.",Omid Foolad Trading Co.,Supply Chain Manager,100000004,Fars,8,00c59f30-d103-4424-8124-1bb4655ce508,3791ed72-e8d9-4d15-a7cb-e0b3d852f3b5,100000000,385.0,c9f279a8-138c-437a-8c76-864ab61831c5,e27a984d-6548-41d0-bfcd-9eb1a7cad415,2026-05-19T08:31:00Z,2026-05-23T06:48:00Z,2,7,
a4c956c8-86d7-4a32-ac69-da1d0b7b9c01,"Rebar, 90 t - Parsian Housing Development Co.",Parsian Housing Development Co.,Managing Director,100000005,Isfahan,8,00c59f30-d103-4424-8124-1bb4655ce508,f798e193-881d-4168-92ee-5de5da860c3a,100000000,80.0,,10f1bc81-448a-4a9e-a6b2-bc5b50c187fc,2026-05-18T07:11:00Z,2026-05-23T05:51:00Z,2,5,
3e10a57c-16a9-46ed-acb8-fa646acaefa5,"Rebar, 55 t - Hoda Dam & Water Works Co.",Hoda Dam & Water Works Co.,Project Manager,100000005,Hormozgan,8,00c59f30-d103-4424-8124-1bb4655ce508,71880139-a223-42ec-b87a-e2d2b4ce93c1,100000000,45.0,,e27a984d-6548-41d0-bfcd-9eb1a7cad415,2026-05-25T11:28:00Z,2026-05-30T05:25:00Z,2,6,
1514b88a-cf8e-4af3-89f3-5c9d8308450e,"Rebar, 125 t - Navid Iron & Steel Supply Group",Navid Iron & Steel Supply Group,Site Engineer,100000004,Alborz,8,00c59f30-d103-4424-8124-1bb4655ce508,0654df2a-a487-4de9-aa8b-6d7388a66f33,100000000,180.0,,ce177b4e-0837-48a3-9261-a7ab3aa2e4f9,2026-05-28T06:45:00Z,2026-05-31T10:37:00Z,2,5,
687f4357-ffaa-4f7b-b970-5db63b97810d,"Pipes & Profiles, 25 t - Zagros Golkhaneh Sazan Co.",Zagros Golkhaneh Sazan Co.,Site Engineer,100000006,Tehran,8,00c59f30-d103-4424-8124-1bb4655ce508,9b3d4cfa-6c14-413e-aad1-f17923d2819c,100000005,35.0,186b2880-ab54-4a15-a69d-01ff1634725b,b02b61c4-a3d7-4628-ace6-6fa2fd5166e6,2026-04-22T06:53:00Z,2026-04-25T06:14:00Z,2,4,
3de90fd9-956f-469b-94ae-02444a9b69e3,"Pipes & Profiles, 70 t - Karun Fabrication Works Industries",Karun Fabrication Works Industries,Procurement Lead,100000001,Isfahan,8,00c59f30-d103-4424-8124-1bb4655ce508,76bb914e-002c-4953-9bf4-47c3f7ab3171,100000005,65.0,77009e43-7af3-4f44-ba03-d8a09f5b4ced,10f1bc81-448a-4a9e-a6b2-bc5b50c187fc,2026-05-11T11:05:00Z,2026-05-14T06:00:00Z,1,3,0ddcd916-951b-41a3-8a46-09da9b499fc7
727c1301-f2a9-40fe-85d9-b1ba2e528b8b,"Galvanized Sheet, 130 t - Aban Press Works Co.",Aban Press Works Co.,Procurement Lead,100000003,Tehran,8,00c59f30-d103-4424-8124-1bb4655ce508,a37b16b0-b439-4cc8-9828-5c33450fa0b1,100000004,105.0,4b26f0a3-33b1-4ca4-b74d-34f5caf07226,0e51f30d-c6a7-4e39-84b0-32ccd7c524a5,2026-06-11T07:33:00Z,2026-06-16T10:51:00Z,1,3,10ed335f-a5fa-4526-a33d-a1734d6ff836
04036d53-8f90-4934-a24d-084d1e7b1fdd,"Hot-Rolled Sheet, 235 t - Hirad Foolad Trading Industries",Hirad Foolad Trading Industries,Managing Director,100000004,Alborz,8,00c59f30-d103-4424-8124-1bb4655ce508,d2228ef8-35f8-46e8-9acf-760b68778ecb,100000002,280.0,,0e51f30d-c6a7-4e39-84b0-32ccd7c524a5,2026-06-10T07:38:00Z,2026-06-14T13:29:00Z,2,6,
4272adf3-238e-4ae4-ac68-d3d8b5e8f105,"Cold-Rolled Sheet, 75 t - Farnam Pipe Works Co.",Farnam Pipe Works Co.,Purchasing Manager,100000002,Hormozgan,8,00c59f30-d103-4424-8124-1bb4655ce508,a6b595be-6288-45b8-a79a-52b22c3a11e7,100000003,90.0,,e27a984d-6548-41d0-bfcd-9eb1a7cad415,2026-04-07T08:46:00Z,2026-04-12T06:41:00Z,2,6,
a94e4372-3a88-45a8-9b2c-9f5bbdcd00a9,"Rebar, 90 t - Pardis Iron & Steel Supply Co.",Pardis Iron & Steel Supply Co.,Project Manager,100000004,Fars,8,00c59f30-d103-4424-8124-1bb4655ce508,8fc2ae2d-4bf2-4c01-895b-44d832c3bb98,100000000,60.0,d50624d6-6a9f-4613-9acc-0bfc28f724f6,e27a984d-6548-41d0-bfcd-9eb1a7cad415,2026-04-21T12:57:00Z,2026-04-25T05:04:00Z,1,3,4a653e49-5c61-4b93-bf2d-32e36fa6634a
07801bde-277d-4af9-bd86-c367502d3593,"Hot-Rolled Sheet, 240 t - Mahan Profile Sazan Ltd.",Mahan Profile Sazan Ltd.,Purchasing Manager,100000002,Fars,8,00c59f30-d103-4424-8124-1bb4655ce508,848076ab-4cba-46ed-9472-62cf64425305,100000002,250.0,0f3f0f48-52d6-4779-9e43-79cbd8230076,e27a984d-6548-41d0-bfcd-9eb1a7cad415,2026-04-27T08:28:00Z,2026-05-02T08:14:00Z,2,5,
ddd44b03-5653-41b3-b0c5-2fa898d91e8f,"Rebar, 255 t - Nikan Ahan Forooshi Co.",Nikan Ahan Forooshi Co.,Procurement Lead,100000004,Fars,8,00c59f30-d103-4424-8124-1bb4655ce508,ff2f6383-6e3d-4887-ba92-a64af9b39a02,100000000,290.0,4e3be7b2-ca5a-4416-b95b-fa5cc35e62d8,e27a984d-6548-41d0-bfcd-9eb1a7cad415,2026-04-19T10:12:00Z,2026-04-22T12:53:00Z,1,3,4c1ad5bd-f912-445d-b435-4383305b2278
d29e8c00-bb99-4a58-aa49-8fca76a6b248,"Hot-Rolled Sheet, 130 t - Jahan Abadgaran Industries",Jahan Abadgaran Industries,Purchasing Manager,100000000,Khuzestan,8,00c59f30-d103-4424-8124-1bb4655ce508,66a0ed04-44e6-4aaa-8831-eab32cc42de6,100000002,130.0,fc5e260a-eaf2-45ee-ac16-4dc447c5f0aa,366eb16f-508e-4ad7-b7c9-3acfe059a0ee,2026-06-15T11:45:00Z,2026-06-20T09:11:00Z,1,3,060596fb-eb5a-480f-936a-44c8f4355734
b8b78c4a-cc28-4fa0-9423-acc93026b66b,"Rebar, 85 t - Tarava Eskelet Felezi Ltd.",Tarava Eskelet Felezi Ltd.,Site Engineer,100000001,Khorasan Razavi,8,00c59f30-d103-4424-8124-1bb4655ce508,54a2f8bd-c228-40e7-951a-8247dbc4da67,100000000,90.0,,24933b83-7577-40a9-a491-f0b2ea1fca65,2026-06-10T11:38:00Z,2026-06-17T09:38:00Z,2,5,
6f2337c1-8d25-48e1-a624-054343a21d52,"Hot-Rolled Sheet, 65 t - Rahyab Eskelet Felezi Group",Rahyab Eskelet Felezi Group,Managing Director,100000001,East Azerbaijan,8,00c59f30-d103-4424-8124-1bb4655ce508,d12e73a1-75f1-4fb8-a28a-11d12f45428a,100000002,80.0,,beb79919-3f22-4af8-a3be-d01d43cf2fde,2026-04-26T06:37:00Z,2026-04-29T06:47:00Z,2,6,
1727d487-ef8d-474d-99a7-4d36581aa085,"Rebar, 130 t - Espadana Omran Group",Espadana Omran Group,Managing Director,100000000,Tehran,8,00c59f30-d103-4424-8124-1bb4655ce508,80886f1a-4efe-4e13-89d9-b6d3f50fa11b,100000000,120.0,,5304317f-af42-412f-b838-b3268e944239,2026-05-18T10:10:00Z,2026-05-23T08:25:00Z,2,4,
af887619-09c3-42ee-a2f8-20df15a57d60,"Hot-Rolled Sheet, 40 t - Orang Ahan Forooshi Co.",Orang Ahan Forooshi Co.,Managing Director,100000004,Tehran,1,12b2102d-940c-4503-b7c8-6152beed0af9,cba8dd6e-ea54-49f2-b99b-29fc5f5cf4f9,100000002,35.0,,ce177b4e-0837-48a3-9261-a7ab3aa2e4f9,2024-08-21T11:23:00Z,2024-08-24T13:10:00Z,2,6,
be0e023b-6095-4a9f-a56d-7dbac6af63a8,"Cold-Rolled Sheet, 30 t - Kowsar Press Works Group",Kowsar Press Works Group,Supply Chain Manager,100000003,Khuzestan,1,12b2102d-940c-4503-b7c8-6152beed0af9,2184c4e8-0181-4f3f-ad75-fd4ffcfa2369,100000003,30.0,,366eb16f-508e-4ad7-b7c9-3acfe059a0ee,2024-08-28T07:54:00Z,2024-09-07T08:43:00Z,2,4,
f0ac7edc-bea9-4566-b68a-3eaae315fe90,"Beams & Sections, 55 t - Taban Sakhteman Industries",Taban Sakhteman Industries,Procurement Lead,100000000,Tehran,1,12b2102d-940c-4503-b7c8-6152beed0af9,08c252d6-9ce8-4e82-8e11-4e0d7e8eda3e,100000001,55.0,,b02b61c4-a3d7-4628-ace6-6fa2fd5166e6,2024-08-19T07:42:00Z,2024-08-22T06:41:00Z,2,7,
5046427f-c016-4336-9f10-a1ff0c686931,"Galvanized Sheet, 90 t - Kavir Sabz Loleh Sazi Co.",Kavir Sabz Loleh Sazi Co.,Project Manager,100000002,Fars,1,12b2102d-940c-4503-b7c8-6152beed0af9,12590735-2c2a-4a45-b247-be4a21d5663b,100000004,80.0,,e27a984d-6548-41d0-bfcd-9eb1a7cad415,2024-08-21T06:43:00Z,2024-08-27T09:30:00Z,2,6,
149bdd63-c0e3-4a61-958a-40b0c7f4e7c7,"Rebar, 65 t - Aban Steel Merchants Ltd.",Aban Steel Merchants Ltd.,Project Manager,100000004,East Azerbaijan,1,12b2102d-940c-4503-b7c8-6152beed0af9,e1d4be55-1c31-4d04-83c6-835414b7a14f,100000000,50.0,,beb79919-3f22-4af8-a3be-d01d43cf2fde,2024-08-15T06:00:00Z,2024-08-20T13:03:00Z,2,4,
f492c0d2-c2ec-4c97-b7a6-beb2ed791d94,"Beams & Sections, 30 t - Parsian Fabrication Works Co.",Parsian Fabrication Works Co.,Procurement Lead,100000001,East Azerbaijan,1,12b2102d-940c-4503-b7c8-6152beed0af9,a7c037b5-aff8-443e-b7a8-893423c944ab,100000001,30.0,,beb79919-3f22-4af8-a3be-d01d43cf2fde,2024-08-31T10:00:00Z,2024-09-04T07:40:00Z,2,4,
e31de8bd-350b-4522-abe7-4e77bcb4067d,"Rebar, 20 t - Kowsar Sakhteman Industries",Kowsar Sakhteman Industries,Purchasing Manager,100000000,Khuzestan,1,12b2102d-940c-4503-b7c8-6152beed0af9,8828418d-fd87-4360-a593-837999d8dfd2,100000000,20.0,,366eb16f-508e-4ad7-b7c9-3acfe059a0ee,2024-08-12T09:48:00Z,2024-08-18T08:55:00Z,2,4,
8548a5af-ba28-45ad-9625-98baca4148af,"Hot-Rolled Sheet, 15 t - Ofogh Press Works Co.",Ofogh Press Works Co.,Managing Director,100000003,Alborz,1,12b2102d-940c-4503-b7c8-6152beed0af9,baa6302f-9ce1-46a5-869c-287372bd355a,100000002,25.0,,5304317f-af42-412f-b838-b3268e944239,2024-08-20T04:34:00Z,2024-08-25T11:23:00Z,2,6,
8bd959db-4776-4cba-9c41-c9cf1fce1d86,"Rebar, 15 t - Dena Omran Ltd.",Dena Omran Ltd.,Procurement Lead,100000000,East Azerbaijan,1,12b2102d-940c-4503-b7c8-6152beed0af9,7d866eaa-1b40-4be4-a283-afb3de458daf,100000000,15.0,,beb79919-3f22-4af8-a3be-d01d43cf2fde,2024-09-01T06:51:00Z,2024-09-05T09:58:00Z,2,5,
daa9f6dc-af49-4e2f-8d00-7cada1c06f17,"Beams & Sections, 35 t - Persis Steel Structures Group",Persis Steel Structures Group,Purchasing Manager,100000001,Alborz,1,12b2102d-940c-4503-b7c8-6152beed0af9,36151724-7e15-4789-93b4-45ba6ec35dff,100000001,40.0,,0e51f30d-c6a7-4e39-84b0-32ccd7c524a5,2024-08-24T06:29:00Z,2024-08-29T13:18:00Z,2,4,
cb9bb441-3043-4eca-991a-65507e6681b7,"Galvanized Sheet, 5 t - Laleh Golkhaneh Sazan Industries",Laleh Golkhaneh Sazan Industries,Project Manager,100000006,Tehran,1,12b2102d-940c-4503-b7c8-6152beed0af9,fdb94388-6d0f-4812-93ad-147a7fe5339c,100000004,5.0,,5304317f-af42-412f-b838-b3268e944239,2024-08-29T12:37:00Z,2024-09-05T06:09:00Z,2,7,
ac2c96e7-79e9-490b-be1f-cad10e6884d6,"Beams & Sections, 45 t - Iranmehr Metals Supply Ltd.",Iranmehr Metals Supply Ltd.,Project Manager,100000004,Tehran,1,12b2102d-940c-4503-b7c8-6152beed0af9,d5b50c21-9a20-4881-b072-7fa84f7b1ca3,100000001,40.0,f204be89-4a4b-4563-8cf4-77ef18c8a616,ce177b4e-0837-48a3-9261-a7ab3aa2e4f9,2024-08-12T07:27:00Z,2024-08-15T12:39:00Z,1,3,e5a80de2-4fee-4c78-95cc-6bec3826995f
cfa41ffa-67e3-4fcd-b018-3922b4e838bd,"Hot-Rolled Sheet, 20 t - Farazan Profile Sazan Co.",Farazan Profile Sazan Co.,Site Engineer,100000002,Isfahan,1,12b2102d-940c-4503-b7c8-6152beed0af9,2ea4790b-fdd0-4c32-b405-e657d1a37650,100000002,15.0,,9132b63e-f162-47e4-a9c3-49e03602f8ac,2024-08-24T12:34:00Z,2024-08-28T06:56:00Z,2,5,
6dc5559b-ef2e-45e6-b12e-16087870a04c,"Rebar, 30 t - Yekta Sazeh Industries",Yekta Sazeh Industries,Supply Chain Manager,100000000,East Azerbaijan,1,12b2102d-940c-4503-b7c8-6152beed0af9,9f27bc06-f686-45aa-b73e-2f8f34c93ebf,100000000,40.0,,beb79919-3f22-4af8-a3be-d01d43cf2fde,2024-08-31T08:49:00Z,2024-09-02T08:27:00Z,2,7,
bbc7f19e-2f50-4acb-bee1-d728e9909a64,"Galvanized Sheet, 15 t - Pishgam Golkhaneh Sazan Group",Pishgam Golkhaneh Sazan Group,Site Engineer,100000006,Khuzestan,1,12b2102d-940c-4503-b7c8-6152beed0af9,ac783741-696b-4093-8fb3-61e9cf33671c,100000004,10.0,2b0ee2c8-44b9-4f9c-8a49-d83b4f5c6a32,366eb16f-508e-4ad7-b7c9-3acfe059a0ee,2024-08-24T09:45:00Z,2024-08-28T04:43:00Z,1,3,a5d265b9-a527-4766-8305-aa61ec187737
07e3a513-ab0c-46dd-bc39-53ebab5deee3,"Pipes & Profiles, 10 t - Borna Agri-Steel Ltd.",Borna Agri-Steel Ltd.,Supply Chain Manager,100000006,Khorasan Razavi,1,12b2102d-940c-4503-b7c8-6152beed0af9,27c1d438-454f-42ab-9a5e-a455df63b4e9,100000005,10.0,,24933b83-7577-40a9-a491-f0b2ea1fca65,2024-08-27T09:45:00Z,2024-08-31T07:14:00Z,2,6,
1e3640b1-1742-4052-b01f-7382e4fa62c2,"Pipes & Profiles, 10 t - Saba Agri-Steel Group",Saba Agri-Steel Group,Site Engineer,100000006,Tehran,1,12b2102d-940c-4503-b7c8-6152beed0af9,b398e4fc-59dd-4452-a94e-69c370709b65,100000005,15.0,,b02b61c4-a3d7-4628-ace6-6fa2fd5166e6,2024-08-14T04:35:00Z,2024-08-17T13:26:00Z,2,6,
4cd22b5d-225d-4bc8-a2e3-bca4d4b07d7e,"Rebar, 15 t - Arvand Contracting Industries",Arvand Contracting Industries,Project Manager,100000000,Khorasan Razavi,1,12b2102d-940c-4503-b7c8-6152beed0af9,4fa0b716-51e6-4610-89f7-689877ab5595,100000000,10.0,d0be73ee-fd37-4539-a5f2-02f983f02dc7,24933b83-7577-40a9-a491-f0b2ea1fca65,2024-08-15T05:39:00Z,2024-08-18T08:54:00Z,2,5,
8473d2d6-acaf-48fb-8cc6-c4d9ce52f6b3,"Beams & Sections, 60 t - Yekta Rail & Road Projects Group",Yekta Rail & Road Projects Group,Procurement Lead,100000005,Tehran,1,12b2102d-940c-4503-b7c8-6152beed0af9,339a34cb-30fa-4cb4-a8fd-116b45292253,100000001,70.0,b3ecb951-ab8c-4f97-a0b7-1785d02ce0c1,ce177b4e-0837-48a3-9261-a7ab3aa2e4f9,2024-09-01T06:03:00Z,2024-09-07T09:49:00Z,2,4,
f5024acd-f066-427a-9a3f-3ff25ef512bb,"Wire Rod, 20 t - Elham Greenhouse Structures Ltd.",Elham Greenhouse Structures Ltd.,Managing Director,100000006,Khuzestan,1,12b2102d-940c-4503-b7c8-6152beed0af9,78feec67-356c-4206-81e1-f8363cf61621,100000006,20.0,9f8cc29f-fd35-4c5f-9347-9a3b479bc637,366eb16f-508e-4ad7-b7c9-3acfe059a0ee,2024-08-12T06:03:00Z,2024-08-14T10:37:00Z,2,5,
c2559353-f95d-42ff-a9c0-36fc58eef3cf,"Rebar, 20 t - Nikan Steel Structures Group",Nikan Steel Structures Group,Site Engineer,100000001,Tehran,1,12b2102d-940c-4503-b7c8-6152beed0af9,dca9fd33-93de-416a-858e-b663d53690b0,100000000,25.0,,b02b61c4-a3d7-4628-ace6-6fa2fd5166e6,2024-08-25T06:25:00Z,2024-08-28T09:35:00Z,2,6,
ce81d541-6d4a-4116-91be-d6c83fad566f,"Beams & Sections, 10 t - Helia Builders Group",Helia Builders Group,Managing Director,100000000,Tehran,1,12b2102d-940c-4503-b7c8-6152beed0af9,021d1d13-dd99-4991-a1ad-9b2ed7f1736f,100000001,10.0,,b02b61c4-a3d7-4628-ace6-6fa2fd5166e6,2024-08-17T07:48:00Z,2024-08-24T07:31:00Z,2,4,
aeb7976f-dcb9-4c70-baf7-68500e422912,"Rebar, 15 t - Pouya Sazeh Ltd.",Pouya Sazeh Ltd.,Supply Chain Manager,100000000,Tehran,1,12b2102d-940c-4503-b7c8-6152beed0af9,54979c9e-214b-486f-9830-22250885dbcf,100000000,20.0,,0e51f30d-c6a7-4e39-84b0-32ccd7c524a5,2024-08-12T10:51:00Z,2024-08-17T12:34:00Z,2,7,
1243a7d7-ca22-46d5-be22-a8c383a022e0,"Hot-Rolled Sheet, 25 t - Golestan Sakhteman Industries",Golestan Sakhteman Industries,Managing Director,100000000,Khorasan Razavi,1,12b2102d-940c-4503-b7c8-6152beed0af9,4d04ccf1-d4b7-44c7-9fe2-23fd605b3b1b,100000002,30.0,,24933b83-7577-40a9-a491-f0b2ea1fca65,2024-08-20T07:20:00Z,2024-08-25T09:44:00Z,2,4,
15a70b2d-d703-4652-b857-d87a04d999e6,"Rebar, 15 t - Gilan Abadgaran Co.",Gilan Abadgaran Co.,Supply Chain Manager,100000000,Tehran,1,12b2102d-940c-4503-b7c8-6152beed0af9,388211e0-59cd-420b-831c-313952b52069,100000000,15.0,,0e51f30d-c6a7-4e39-84b0-32ccd7c524a5,2024-08-13T05:22:00Z,2024-08-19T10:02:00Z,2,7,
c253dac4-0064-44a9-b559-74b4a6058c3e,"Pipes & Profiles, 10 t - Mahan Greenhouse Structures Co.",Mahan Greenhouse Structures Co.,Managing Director,100000006,Hormozgan,1,12b2102d-940c-4503-b7c8-6152beed0af9,9c42831c-ce77-4a9d-b782-b24b1584e6bf,100000005,15.0,,e27a984d-6548-41d0-bfcd-9eb1a7cad415,2024-08-13T08:39:00Z,2024-08-21T09:20:00Z,2,5,
236a1333-5593-462c-b67e-2215809f9b4f,"Rebar, 15 t - Karun Abadgaran Ltd.",Karun Abadgaran Ltd.,Procurement Lead,100000000,Khuzestan,1,12b2102d-940c-4503-b7c8-6152beed0af9,d6dd12af-4906-47ee-b0e2-08b93d4b1695,100000000,15.0,,366eb16f-508e-4ad7-b7c9-3acfe059a0ee,2024-08-20T11:51:00Z,2024-08-22T12:51:00Z,2,4,
b9d955d8-5b68-44a9-a5ff-60865f62c1be,"Pipes & Profiles, 50 t - Zagros Omran Industries",Zagros Omran Industries,Supply Chain Manager,100000000,Hormozgan,1,12b2102d-940c-4503-b7c8-6152beed0af9,68b6ec5b-cbda-43ef-8893-44bfbd0cafd8,100000005,55.0,57e9687c-436d-410d-b8ec-06fe4a5e84b3,e27a984d-6548-41d0-bfcd-9eb1a7cad415,2024-08-24T07:59:00Z,2024-08-28T06:43:00Z,1,3,3fda8388-751f-4769-933e-0e04c10a59d2
3345dd68-e9ee-445e-ae27-b51cf42e466d,"Wire Rod, 35 t - Rastin Metal Center Industries",Rastin Metal Center Industries,Purchasing Manager,100000004,Hormozgan,1,12b2102d-940c-4503-b7c8-6152beed0af9,578a7568-3ef9-4977-9d8e-96f76c33de04,100000006,30.0,,e27a984d-6548-41d0-bfcd-9eb1a7cad415,2024-08-28T11:43:00Z,2024-09-01T12:42:00Z,2,4,
8c30bb02-1636-444e-9491-cdf9fe5dc72a,"Rebar, 40 t - Arya Builders Ltd.",Arya Builders Ltd.,Purchasing Manager,100000000,Isfahan,1,12b2102d-940c-4503-b7c8-6152beed0af9,5079c6f8-d563-480d-a62b-901cbc502b20,100000000,25.0,e10b1a47-7fae-4748-b781-321e83c501cb,9132b63e-f162-47e4-a9c3-49e03602f8ac,2024-08-26T10:22:00Z,2024-08-27T11:38:00Z,1,3,5ea4d9b3-469a-4b47-942c-a399f2a5e387
0003ed63-ab3e-481d-bca2-e89382d8dfa7,"Wire Rod, 10 t - Fardis Greenhouse Structures Group",Fardis Greenhouse Structures Group,Project Manager,100000006,Mazandaran,1,12b2102d-940c-4503-b7c8-6152beed0af9,688a74d4-a5dd-4a5c-839d-06fea490e9d1,100000006,5.0,d57a1134-c82f-48db-9bc6-9dfca6a148c3,5304317f-af42-412f-b838-b3268e944239,2024-08-18T13:21:00Z,2024-08-21T08:57:00Z,1,3,a9529fa4-15bf-4efd-acd7-61701d0dc3cd
2f997d4c-b451-43f2-9302-26392e33faf0,"Wire Rod, 105 t - Bamdad Steel Trading Ltd.",Bamdad Steel Trading Ltd.,Supply Chain Manager,100000004,Tehran,1,12b2102d-940c-4503-b7c8-6152beed0af9,bae0f3da-00ec-4333-bb47-57e5b1105482,100000006,110.0,,ce177b4e-0837-48a3-9261-a7ab3aa2e4f9,2024-08-18T10:19:00Z,2024-08-21T12:54:00Z,2,6,
3df1b08f-ae2f-4a94-bb2e-86f3d692b225,"Rebar, 45 t - Darya Construction Ltd.",Darya Construction Ltd.,Supply Chain Manager,100000000,Khuzestan,1,12b2102d-940c-4503-b7c8-6152beed0af9,473ab3de-50c7-4b16-8470-fd4ddaf93a25,100000000,50.0,,366eb16f-508e-4ad7-b7c9-3acfe059a0ee,2024-08-17T06:02:00Z,2024-08-18T07:56:00Z,2,4,
7c0bb276-4eee-4480-8840-53356047db30,"Galvanized Sheet, 150 t - Karun Profile Sazan Co.",Karun Profile Sazan Co.,Supply Chain Manager,100000002,Khuzestan,1,12b2102d-940c-4503-b7c8-6152beed0af9,6377ff85-882c-45af-9696-dbfbe02bf2dd,100000004,100.0,,366eb16f-508e-4ad7-b7c9-3acfe059a0ee,2024-08-20T05:02:00Z,2024-08-26T07:38:00Z,2,6,
ee15fd4e-0445-4990-9a65-85ab4832daf1,"Rebar, 10 t - Alvand Omran Industries",Alvand Omran Industries,Purchasing Manager,100000000,Tehran,1,12b2102d-940c-4503-b7c8-6152beed0af9,43304aa7-9b0f-47c1-93ca-dfcd301f4cda,100000000,5.0,,b02b61c4-a3d7-4628-ace6-6fa2fd5166e6,2024-08-12T07:47:00Z,2024-08-17T10:15:00Z,2,4,
bf6a806a-ea70-4729-898a-90241503a2aa,"Hot-Rolled Sheet, 125 t - Gilan Pipe Works Industries",Gilan Pipe Works Industries,Managing Director,100000002,Isfahan,1,12b2102d-940c-4503-b7c8-6152beed0af9,fdfb1095-5b7b-45a1-969b-019039c4dffa,100000002,140.0,17158cbe-342b-4225-9873-7a1d4d6d1f82,10f1bc81-448a-4a9e-a6b2-bc5b50c187fc,2024-08-31T05:47:00Z,2024-09-07T06:24:00Z,1,3,57658e13-d6f1-4320-8f2c-e5b9e850ad62
141adb56-d091-4596-88d5-c2b6517ac778,"Pipes & Profiles, 110 t - Rahyab Iron & Steel Supply Industries",Rahyab Iron & Steel Supply Industries,Project Manager,100000004,Tehran,1,12b2102d-940c-4503-b7c8-6152beed0af9,c5bf05ef-6b1c-4b2c-b872-5a04f1d64fc9,100000005,150.0,,ce177b4e-0837-48a3-9261-a7ab3aa2e4f9,2024-08-10T06:55:00Z,2024-08-14T08:50:00Z,2,6,
b19aadda-2af4-4faa-a340-02665d5ba987,"Rebar, 105 t - Sahand Omran Industries",Sahand Omran Industries,Procurement Lead,100000000,East Azerbaijan,1,12b2102d-940c-4503-b7c8-6152beed0af9,89b80812-c69c-470f-86f8-6d78ef87bdbe,100000000,125.0,b4b4aba9-4db7-4ad7-85c3-822093cc50ac,beb79919-3f22-4af8-a3be-d01d43cf2fde,2024-09-01T08:12:00Z,2024-09-07T05:29:00Z,1,3,b4dd5307-0b30-4c62-bfa1-d66b18f59446
da9397a6-f145-42c8-b49d-e09f89bcc9fc,"Cold-Rolled Sheet, 15 t - Kowsar Press Works Co.",Kowsar Press Works Co.,Procurement Lead,100000003,Tehran,1,12b2102d-940c-4503-b7c8-6152beed0af9,3712e715-2d85-40b4-9eee-f474c205a109,100000003,15.0,,b02b61c4-a3d7-4628-ace6-6fa2fd5166e6,2024-08-19T12:07:00Z,2024-08-21T04:34:00Z,2,6,
886a22ca-f5e4-46c6-b232-2ae9fe2507bc,"Galvanized Sheet, 5 t - Vista Golkhaneh Sazan Industries",Vista Golkhaneh Sazan Industries,Supply Chain Manager,100000006,Alborz,1,12b2102d-940c-4503-b7c8-6152beed0af9,0e34681c-bb7a-4b9f-8a82-67b1c3f32de9,100000004,5.0,,5304317f-af42-412f-b838-b3268e944239,2024-08-14T09:58:00Z,2024-08-17T10:09:00Z,2,5,
e1f599ee-5514-4e7e-9577-06e63fdc848e,"Hot-Rolled Sheet, 25 t - Saba Profile Works Industries",Saba Profile Works Industries,Purchasing Manager,100000002,Tehran,1,12b2102d-940c-4503-b7c8-6152beed0af9,32571e92-168f-4a46-a6cd-c6e5b9464f11,100000002,25.0,,0e51f30d-c6a7-4e39-84b0-32ccd7c524a5,2024-08-21T11:43:00Z,2024-08-25T08:20:00Z,2,6,
55ad6655-4b94-43d9-969f-915e59828abf,"Beams & Sections, 50 t - Sabalan Omran Ltd.",Sabalan Omran Ltd.,Managing Director,100000000,Isfahan,1,12b2102d-940c-4503-b7c8-6152beed0af9,9c2ce814-250e-4556-9f41-b98bf0745dda,100000001,35.0,,10f1bc81-448a-4a9e-a6b2-bc5b50c187fc,2024-08-12T08:07:00Z,2024-08-17T09:27:00Z,2,4,
d74b9eea-a083-4609-9448-58746390d5d3,"Rebar, 25 t - Farnam Steel Trading Group",Farnam Steel Trading Group,Procurement Lead,100000004,Tehran,1,12b2102d-940c-4503-b7c8-6152beed0af9,e68c6a15-1801-43f1-8907-ec9e3448ec44,100000000,25.0,,ce177b4e-0837-48a3-9261-a7ab3aa2e4f9,2024-08-24T07:54:00Z,2024-08-25T05:30:00Z,2,4,
de3e2bc2-ba17-4ab1-8ca3-24c619020277,"Galvanized Sheet, 10 t - Mehrgan Appliance Components Ltd.",Mehrgan Appliance Components Ltd.,Procurement Lead,100000003,Mazandaran,1,12b2102d-940c-4503-b7c8-6152beed0af9,fe06ba7d-1693-4dc7-a27d-114a05e54cf0,100000004,15.0,c0d4173b-aa58-40e6-86ef-a55196d0ae38,5304317f-af42-412f-b838-b3268e944239,2024-08-19T09:00:00Z,2024-08-24T12:11:00Z,1,3,f877fbc4-db00-4586-8ca3-5612b0fd219e
1f3db3ac-c0e4-4ec7-b617-9ea996d0a7d2,"Wire Rod, 15 t - Javid Greenhouse Structures Co.",Javid Greenhouse Structures Co.,Procurement Lead,100000006,Tehran,1,12b2102d-940c-4503-b7c8-6152beed0af9,12cb8302-4edb-40cb-8a33-7f1b91cd3af7,100000006,15.0,5c978975-f500-4058-8c3b-491fbb27dcbb,5304317f-af42-412f-b838-b3268e944239,2024-08-25T11:50:00Z,2024-08-27T07:29:00Z,1,3,d7e2786d-ff6b-4153-9f9e-156023294408
f07369c3-a9dd-493e-8638-6ae05e1868c9,"Hot-Rolled Sheet, 10 t - Atlas Eskelet Felezi Industries",Atlas Eskelet Felezi Industries,Site Engineer,100000001,Isfahan,1,12b2102d-940c-4503-b7c8-6152beed0af9,2ab35719-e413-42ec-97ce-ecf526353ad8,100000002,10.0,,10f1bc81-448a-4a9e-a6b2-bc5b50c187fc,2024-08-15T11:52:00Z,2024-08-20T11:33:00Z,2,5,
277dbdc6-37e4-4927-86e5-b1581c5c4751,"Hot-Rolled Sheet, 35 t - Pishgam Omran Co.",Pishgam Omran Co.,Supply Chain Manager,100000000,Fars,1,12b2102d-940c-4503-b7c8-6152beed0af9,c391af62-c298-4f2b-8069-8a2ae6ac8886,100000002,35.0,d4f10cf9-f12e-43a3-ae77-54d24c4b6f67,e27a984d-6548-41d0-bfcd-9eb1a7cad415,2024-08-11T06:42:00Z,2024-08-15T07:13:00Z,1,3,c674ef70-e1cd-4046-b697-02719b41d9ff
9985f511-546a-41da-b588-d72dc98bf146,"Galvanized Sheet, 35 t - Iranmehr Agri-Steel Group",Iranmehr Agri-Steel Group,Project Manager,100000006,Khorasan Razavi,1,12b2102d-940c-4503-b7c8-6152beed0af9,af05977a-5838-4d77-a5b0-69f552875036,100000004,40.0,,24933b83-7577-40a9-a491-f0b2ea1fca65,2024-08-26T05:02:00Z,2024-09-03T13:11:00Z,2,5,
d17403d2-811a-4804-bc84-93da59d8ac2f,"Rebar, 200 t - Espadana Steel Trading Group",Espadana Steel Trading Group,Supply Chain Manager,100000004,Isfahan,1,12b2102d-940c-4503-b7c8-6152beed0af9,34e02074-f495-484d-90d3-52980cc1073e,100000000,240.0,,10f1bc81-448a-4a9e-a6b2-bc5b50c187fc,2024-08-26T08:30:00Z,2024-08-31T04:36:00Z,2,4,
b25f1f04-ecd8-44c7-a524-783334ca3002,"Galvanized Sheet, 35 t - Orang Pipe & Profile Industries",Orang Pipe & Profile Industries,Supply Chain Manager,100000002,Khorasan Razavi,8,b34c6c73-5833-4b30-ac77-6e950b981ccd,bfd7d03f-552f-4fed-a10e-6d9e0c4ed3f4,100000004,75.0,0997623a-e072-4d96-8a1a-81f5ed10f004,24933b83-7577-40a9-a491-f0b2ea1fca65,2024-09-07T05:24:00Z,2024-09-11T11:25:00Z,2,6,
c8dffcba-d98b-4f63-a2d5-4777b8ffe8b1,"Pipes & Profiles, 10 t - Farazan Golkhaneh Sazan Ltd.",Farazan Golkhaneh Sazan Ltd.,Project Manager,100000006,Tehran,8,b34c6c73-5833-4b30-ac77-6e950b981ccd,522be5d5-f848-469c-9b7f-aafef30226bd,100000005,10.0,3b9b2d45-a350-45e4-b9c5-9df987f255d6,5304317f-af42-412f-b838-b3268e944239,2024-08-24T08:17:00Z,2024-08-26T04:31:00Z,2,4,
4459c7bd-8312-4577-a42f-5d7c7a4a0e76,"Hot-Rolled Sheet, 55 t - Negin Sakhteman Group",Negin Sakhteman Group,Site Engineer,100000000,East Azerbaijan,8,b34c6c73-5833-4b30-ac77-6e950b981ccd,65cd5ee7-5eeb-48bf-9b7a-a110f140ab80,100000002,45.0,,beb79919-3f22-4af8-a3be-d01d43cf2fde,2024-08-28T05:54:00Z,2024-08-31T12:28:00Z,2,6,
46ff8b15-b020-44ec-ad76-49b192950964,"Hot-Rolled Sheet, 35 t - Vista Eskelet Felezi Co.",Vista Eskelet Felezi Co.,Site Engineer,100000001,Hormozgan,8,b34c6c73-5833-4b30-ac77-6e950b981ccd,27369729-118a-430f-9ecd-a3625fe8b045,100000002,45.0,,e27a984d-6548-41d0-bfcd-9eb1a7cad415,2024-08-15T10:58:00Z,2024-08-18T06:57:00Z,2,6,
920368b2-a9b7-4b58-961a-a5bea4e343db,"Rebar, 100 t - Mahan Sazeh Co.",Mahan Sazeh Co.,Procurement Lead,100000000,Tehran,8,b34c6c73-5833-4b30-ac77-6e950b981ccd,c7d6f18b-8471-400d-be99-fd32c28c57bb,100000000,75.0,,5304317f-af42-412f-b838-b3268e944239,2024-08-24T05:44:00Z,2024-08-26T08:48:00Z,2,5,
5884a8c3-1cd0-4b14-9d79-170f4c67c10f,"Pipes & Profiles, 20 t - Hirad Builders Industries",Hirad Builders Industries,Site Engineer,100000000,Fars,8,b34c6c73-5833-4b30-ac77-6e950b981ccd,3db195a9-b1a5-41dc-b30f-e9daf254f70f,100000005,15.0,,e27a984d-6548-41d0-bfcd-9eb1a7cad415,2024-08-11T06:31:00Z,2024-08-14T07:40:00Z,2,5,
f6003f09-9d53-47f8-89a9-17d6c43953ed,"Rebar, 205 t - Javid Omran Industries",Javid Omran Industries,Managing Director,100000000,Alborz,8,b34c6c73-5833-4b30-ac77-6e950b981ccd,3a8d24d6-dbda-4b93-b471-527a765c2768,100000000,275.0,4f6b58c8-598d-4aec-aaaf-e5432434a678,5304317f-af42-412f-b838-b3268e944239,2024-08-26T12:10:00Z,2024-08-27T08:29:00Z,1,3,b74d79e0-081b-4b20-9f0c-3ee58128ed78
50672451-aa49-4aab-9e9c-6f2a36c87c6c,"Beams & Sections, 50 t - Hirad Eskelet Felezi Co.",Hirad Eskelet Felezi Co.,Purchasing Manager,100000001,Tehran,8,b34c6c73-5833-4b30-ac77-6e950b981ccd,77b42cd6-5fc4-47a2-a611-49c9e0232429,100000001,45.0,f31046dc-6202-4ee6-9cb5-e69c5dc7b3e6,0e51f30d-c6a7-4e39-84b0-32ccd7c524a5,2024-09-04T10:27:00Z,2024-09-09T13:12:00Z,2,6,
691973ce-3183-4226-86d5-75e01e18446b,"Cold-Rolled Sheet, 10 t - Sahand Appliance Components Industries",Sahand Appliance Components Industries,Site Engineer,100000003,Fars,8,b34c6c73-5833-4b30-ac77-6e950b981ccd,a3e910bf-a0c9-4f46-8332-a324e8b9af63,100000003,5.0,007b453d-71ac-442c-8d4c-b4c5a3597308,e27a984d-6548-41d0-bfcd-9eb1a7cad415,2024-09-03T13:12:00Z,2024-09-11T06:13:00Z,1,3,376ed1bf-5875-43b7-bba6-f9be99651c91
0680809e-7623-450e-9f66-b98f097e0cad,"Hot-Rolled Sheet, 65 t - Laleh Loleh Sazi Industries",Laleh Loleh Sazi Industries,Procurement Lead,100000002,Hormozgan,8,b34c6c73-5833-4b30-ac77-6e950b981ccd,67052038-c43e-4c48-b6c1-25255f73f838,100000002,40.0,,e27a984d-6548-41d0-bfcd-9eb1a7cad415,2024-08-25T08:31:00Z,2024-08-27T09:01:00Z,2,4,
ae0e317d-5056-4fa8-9006-9ffb876cae1c,"Beams & Sections, 235 t - Chakad Steel Structures Industries",Chakad Steel Structures Industries,Site Engineer,100000001,Khorasan Razavi,8,b34c6c73-5833-4b30-ac77-6e950b981ccd,f1b46b8c-2d97-443a-98ee-0e5cb362fb84,100000001,270.0,c7d4f9ba-cf77-45c0-940b-86685d7b783f,24933b83-7577-40a9-a491-f0b2ea1fca65,2024-08-27T06:22:00Z,2024-09-02T10:38:00Z,1,3,f82aad36-89c0-4ff0-9d4f-4215d46be0f2
6c99b726-95db-4721-ac60-7079ca9d32b9,"Hot-Rolled Sheet, 25 t - Orang Sazeh Group",Orang Sazeh Group,Site Engineer,100000000,Tehran,8,b34c6c73-5833-4b30-ac77-6e950b981ccd,c54958d7-8cb7-45ea-aa22-13a73c817b14,100000002,20.0,,b02b61c4-a3d7-4628-ace6-6fa2fd5166e6,2024-08-17T08:39:00Z,2024-08-19T06:24:00Z,2,4,
c7727807-4524-48de-b6e2-d60f89d00d69,"Beams & Sections, 20 t - Tina Steel Structures Co.",Tina Steel Structures Co.,Site Engineer,100000001,Tehran,8,b34c6c73-5833-4b30-ac77-6e950b981ccd,88b2d007-2201-4388-a0ca-516d74572280,100000001,25.0,f836f571-3cce-476c-b836-c448ad261ec5,5304317f-af42-412f-b838-b3268e944239,2024-08-31T11:43:00Z,2024-09-04T12:01:00Z,1,3,912cb8b4-5bc8-48a5-ba06-1bad345b428c
d052857e-8f8b-45d1-9d60-be10d7ee5d4f,"Beams & Sections, 330 t - Farazan Dam & Water Works Ltd.",Farazan Dam & Water Works Ltd.,Procurement Lead,100000005,Tehran,8,b34c6c73-5833-4b30-ac77-6e950b981ccd,6fdc2550-a0fe-44d6-8630-9f005d3c8eab,100000001,315.0,,b02b61c4-a3d7-4628-ace6-6fa2fd5166e6,2024-08-24T05:54:00Z,2024-08-27T08:21:00Z,2,5,
975f455b-cf4d-4e6c-b88b-4ccdbabddfea,"Hot-Rolled Sheet, 35 t - Pishgam Omran Industries",Pishgam Omran Industries,Supply Chain Manager,100000000,Alborz,8,b34c6c73-5833-4b30-ac77-6e950b981ccd,e59cfdf4-3cbe-4ea2-aa42-b826ab5d0aad,100000002,65.0,95517152-f060-4f3e-addd-b4ed63ed5635,b02b61c4-a3d7-4628-ace6-6fa2fd5166e6,2024-08-19T04:55:00Z,2024-08-21T13:29:00Z,1,3,b38f6de4-90c8-400b-bad0-8f4597826620
1357d2fe-2a8f-49ce-8d61-647ccbf8b7e9,"Beams & Sections, 25 t - Persis Eskelet Felezi Group",Persis Eskelet Felezi Group,Site Engineer,100000001,Tehran,8,b34c6c73-5833-4b30-ac77-6e950b981ccd,32352fdb-f4f8-4212-a0e0-4cd7ac168dcc,100000001,30.0,,5304317f-af42-412f-b838-b3268e944239,2024-08-24T12:46:00Z,2024-08-27T11:58:00Z,2,4,
ea2aaae9-60a6-4e36-85d9-6457a10db698,"Beams & Sections, 120 t - Mahan Foolad Trading Industries",Mahan Foolad Trading Industries,Site Engineer,100000004,Khuzestan,8,b34c6c73-5833-4b30-ac77-6e950b981ccd,a111bdbc-439c-425d-b6b9-0ae07395d3fc,100000001,195.0,512896b9-d1a8-470a-afba-959b5ff1e393,366eb16f-508e-4ad7-b7c9-3acfe059a0ee,2024-09-07T11:09:00Z,2024-09-09T09:09:00Z,1,3,21f110f3-9703-4a74-86ed-4e3453836097
b23f9a7c-e7b3-4985-83b7-367ed999b615,"Beams & Sections, 140 t - Vista Construction Co.",Vista Construction Co.,Managing Director,100000000,Isfahan,8,b34c6c73-5833-4b30-ac77-6e950b981ccd,aa6d7584-8846-49fb-b002-2232c5c04ac0,100000001,135.0,e6fdd7af-dd84-4acc-b672-94643f8ea40a,10f1bc81-448a-4a9e-a6b2-bc5b50c187fc,2024-08-26T11:26:00Z,2024-08-31T09:27:00Z,2,5,
8a353f73-a4ba-45b5-a5e7-c785d355e653,"Rebar, 210 t - Dena Ahan Bazar Co.",Dena Ahan Bazar Co.,Supply Chain Manager,100000004,Mazandaran,8,b34c6c73-5833-4b30-ac77-6e950b981ccd,8d784cb2-34c1-4f45-8ed5-11e424f661b4,100000000,230.0,,ce177b4e-0837-48a3-9261-a7ab3aa2e4f9,2024-08-12T09:55:00Z,2024-08-15T08:32:00Z,2,4,
77fd9050-4a84-45ed-ab8d-eb4e6517afcc,"Rebar, 150 t - Vista Foolad Trading Co.",Vista Foolad Trading Co.,Managing Director,100000004,Khorasan Razavi,8,b34c6c73-5833-4b30-ac77-6e950b981ccd,c7180cf2-e0e2-4494-bb4f-99148216a806,100000000,215.0,,24933b83-7577-40a9-a491-f0b2ea1fca65,2024-09-02T11:59:00Z,2024-09-04T04:37:00Z,2,6,
0b7283ce-38ed-4351-9305-8303d05d3802,"Hot-Rolled Sheet, 110 t - Zarrin Iron & Steel Supply Ltd.",Zarrin Iron & Steel Supply Ltd.,Procurement Lead,100000004,Fars,8,b34c6c73-5833-4b30-ac77-6e950b981ccd,63d2848e-8041-4a31-9a5c-c4bd4cbffa9d,100000002,110.0,,e27a984d-6548-41d0-bfcd-9eb1a7cad415,2024-09-10T06:36:00Z,2024-09-14T13:01:00Z,2,4,
c0b30303-af47-4a0b-a7fd-3482b7c9debe,"Rebar, 75 t - Jahan Abadgaran Co.",Jahan Abadgaran Co.,Site Engineer,100000000,Isfahan,8,b34c6c73-5833-4b30-ac77-6e950b981ccd,52a9a87f-0979-4863-a6ba-285115541a3f,100000000,65.0,b5abf569-b825-4bbb-9086-fcf7f71b0645,10f1bc81-448a-4a9e-a6b2-bc5b50c187fc,2024-09-07T12:43:00Z,2024-09-11T04:50:00Z,1,3,29c96736-26cf-465a-95fa-4e8b405913ab
f4591b86-76ec-4b23-a429-9af4945f2b79,"Beams & Sections, 180 t - Ofogh Rail & Road Projects Industries",Ofogh Rail & Road Projects Industries,Procurement Lead,100000005,Tehran,8,b34c6c73-5833-4b30-ac77-6e950b981ccd,2467517c-8b79-4ccc-be54-0e0f65a8bdc1,100000001,170.0,,ce177b4e-0837-48a3-9261-a7ab3aa2e4f9,2024-08-15T08:58:00Z,2024-08-20T10:13:00Z,2,4,
307c68e0-3e9a-46d6-8b07-475ae92f924a,"Rebar, 50 t - Arya Builders Ltd.",Arya Builders Ltd.,Project Manager,100000000,Isfahan,8,b34c6c73-5833-4b30-ac77-6e950b981ccd,2689e8a8-16a3-4906-83e1-58e1cecc736e,100000000,25.0,e10b1a47-7fae-4748-b781-321e83c501cb,9132b63e-f162-47e4-a9c3-49e03602f8ac,2024-09-07T07:13:00Z,2024-09-09T07:43:00Z,2,6,
92b89c2a-e4ac-44e1-8e96-7fb8e85580e4,"Pipes & Profiles, 105 t - Yekta Metal Center Co.",Yekta Metal Center Co.,Supply Chain Manager,100000004,Alborz,8,b34c6c73-5833-4b30-ac77-6e950b981ccd,73afccd9-8014-46d0-a92a-8cc2586c1d23,100000005,100.0,61c9e3d4-b2da-486e-aecf-dd43e8fabfb4,ce177b4e-0837-48a3-9261-a7ab3aa2e4f9,2024-09-01T13:25:00Z,2024-09-03T05:07:00Z,1,3,fe212f5b-5d8d-4406-8242-3206de34c4d3
fbcf5d7b-c143-48aa-a993-a0e555552e00,"Rebar, 50 t - Farnam Contracting Ltd.",Farnam Contracting Ltd.,Managing Director,100000000,East Azerbaijan,8,b34c6c73-5833-4b30-ac77-6e950b981ccd,73811b54-b9ac-4500-b8f9-d852d426cf91,100000000,40.0,,beb79919-3f22-4af8-a3be-d01d43cf2fde,2024-08-22T07:40:00Z,2024-08-24T05:59:00Z,2,5,
57458fc4-db40-476b-8500-29626313871a,"Rebar, 35 t - Mehr Construction Ltd.",Mehr Construction Ltd.,Procurement Lead,100000000,Tehran,8,b34c6c73-5833-4b30-ac77-6e950b981ccd,582d1e50-fda6-4971-97bd-21248a994696,100000000,45.0,,5304317f-af42-412f-b838-b3268e944239,2024-08-15T12:38:00Z,2024-08-21T06:48:00Z,2,6,
bddc50ba-594f-4bf8-9bb7-ae2d8746d7c6,"Beams & Sections, 60 t - Mehr Omran Industries",Mehr Omran Industries,Purchasing Manager,100000000,Isfahan,8,b34c6c73-5833-4b30-ac77-6e950b981ccd,615676b3-af6e-45c8-b4e6-3ead420090a1,100000001,50.0,,10f1bc81-448a-4a9e-a6b2-bc5b50c187fc,2024-08-17T05:16:00Z,2024-08-22T09:57:00Z,2,4,
c8233e35-68e6-4ec7-ae75-ff6421d8f576,"Rebar, 155 t - Varna Urban Infrastructure Co.",Varna Urban Infrastructure Co.,Procurement Lead,100000005,East Azerbaijan,8,b34c6c73-5833-4b30-ac77-6e950b981ccd,84f797c2-37ee-4f02-9153-6ed56860933c,100000000,185.0,70647540-74ca-4521-a3ef-54b770d230e3,beb79919-3f22-4af8-a3be-d01d43cf2fde,2024-09-09T08:13:00Z,2024-09-11T09:36:00Z,1,3,28c7db88-5f71-4df9-b4bf-393b39e29a6d
7f3b8cbb-390a-4e15-a051-d2a324f1d56e,"Rebar, 200 t - Pardis Steel Trading Group",Pardis Steel Trading Group,Project Manager,100000004,Mazandaran,8,b34c6c73-5833-4b30-ac77-6e950b981ccd,68012c50-d34e-4d4a-a4a0-e5ff90a3e4be,100000000,240.0,c90b07d5-ab8a-4c06-91db-bb3f71ac8e6c,5304317f-af42-412f-b838-b3268e944239,2024-09-02T11:53:00Z,2024-09-07T06:34:00Z,1,3,839fc54a-0b26-4728-aa04-56776ac494c2
5b8b0b44-fd04-45e7-bd05-5998c260ca06,"Rebar, 30 t - Varna Sakhteman Ltd.",Varna Sakhteman Ltd.,Managing Director,100000000,Isfahan,8,b34c6c73-5833-4b30-ac77-6e950b981ccd,7013fa67-f244-481a-8e1f-e43215dcb535,100000000,30.0,,10f1bc81-448a-4a9e-a6b2-bc5b50c187fc,2024-08-31T07:36:00Z,2024-09-03T11:25:00Z,2,5,
f273f4a4-c7a5-4755-ba97-a5df881e04ef,"Wire Rod, 105 t - Darya Ahan Bazar Ltd.",Darya Ahan Bazar Ltd.,Project Manager,100000004,Khuzestan,8,b34c6c73-5833-4b30-ac77-6e950b981ccd,498a6c25-5619-4679-8e41-7853d3f9a489,100000006,75.0,,366eb16f-508e-4ad7-b7c9-3acfe059a0ee,2024-08-14T05:50:00Z,2024-08-17T13:14:00Z,2,6,
01a77438-cd5a-408a-8787-3c5e24a6f558,"Rebar, 45 t - Persis Contracting Co.",Persis Contracting Co.,Managing Director,100000000,Fars,8,b34c6c73-5833-4b30-ac77-6e950b981ccd,e78e3f5d-4f9e-4382-b68c-c63e599dbe1a,100000000,40.0,f5141058-3138-4975-bbf3-3a349c2dfa97,e27a984d-6548-41d0-bfcd-9eb1a7cad415,2024-08-28T05:36:00Z,2024-09-01T09:46:00Z,1,3,55a7fce8-1e93-4357-8f92-b4535f8e4e27
6c9d65d4-f381-4e6b-b88e-b897dc115b32,"Rebar, 50 t - Kowsar Sakhteman Group",Kowsar Sakhteman Group,Procurement Lead,100000000,Khorasan Razavi,8,b34c6c73-5833-4b30-ac77-6e950b981ccd,8ea02003-7acb-4c8b-87a5-23cbccfb9e47,100000000,55.0,3a8b17bd-0ac3-4863-ae30-6a4aadc19d07,24933b83-7577-40a9-a491-f0b2ea1fca65,2024-08-14T09:37:00Z,2024-08-19T07:03:00Z,1,3,4896ee54-487f-4094-8b4f-c0e9eda2ad63
7f3f85cc-84f7-4b25-a2b3-45eaeb70833a,"Cold-Rolled Sheet, 25 t - Helia Press Works Group",Helia Press Works Group,Site Engineer,100000003,Tehran,8,b34c6c73-5833-4b30-ac77-6e950b981ccd,28d3a709-7be9-4b19-86d8-2f6286448c62,100000003,25.0,,0e51f30d-c6a7-4e39-84b0-32ccd7c524a5,2024-09-01T07:42:00Z,2024-09-04T11:40:00Z,2,6,
4f491f7c-646d-44b5-93d2-f0f6aaa1e87b,"Rebar, 30 t - Pishgam Omran Ltd.",Pishgam Omran Ltd.,Supply Chain Manager,100000000,Khuzestan,8,b34c6c73-5833-4b30-ac77-6e950b981ccd,ea6c32b4-7950-41be-9cf4-23ead1435d59,100000000,25.0,,366eb16f-508e-4ad7-b7c9-3acfe059a0ee,2024-09-02T07:32:00Z,2024-09-04T10:30:00Z,2,5,
52fd8d5b-04f6-4d68-8126-32587893f0a7,"Cold-Rolled Sheet, 25 t - Gohar Appliance Components Group",Gohar Appliance Components Group,Procurement Lead,100000003,Isfahan,8,b34c6c73-5833-4b30-ac77-6e950b981ccd,01b27429-81ad-4fe7-8e84-687a8aba1684,100000003,25.0,,9132b63e-f162-47e4-a9c3-49e03602f8ac,2024-08-27T07:41:00Z,2024-08-31T08:33:00Z,2,5,
b2389847-dd69-42d9-a896-a2c123327bfd,"Rebar, 70 t - Kowsar Omran Industries",Kowsar Omran Industries,Supply Chain Manager,100000000,East Azerbaijan,8,b34c6c73-5833-4b30-ac77-6e950b981ccd,9e9877f7-7f8f-41c6-87a2-c2ec46825e82,100000000,100.0,,beb79919-3f22-4af8-a3be-d01d43cf2fde,2024-09-08T09:04:00Z,2024-09-11T08:44:00Z,2,7,
f9b5dc89-d8d6-4519-bb31-02279bfb5f8a,"Hot-Rolled Sheet, 20 t - Zagros Fabrication Works Industries",Zagros Fabrication Works Industries,Site Engineer,100000001,Alborz,1,0f6ce9bf-fe7e-4362-8a89-b0f0105291d3,7f10e373-6eaa-42be-90c4-5d251b5b0268,100000002,20.0,,0e51f30d-c6a7-4e39-84b0-32ccd7c524a5,2024-12-07T08:10:00Z,2024-12-14T13:21:00Z,2,6,
14691539-99ee-4665-9888-1ed9215a6d3a,"Rebar, 25 t - Jahan Iron & Steel Supply Industries",Jahan Iron & Steel Supply Industries,Site Engineer,100000004,Tehran,1,0f6ce9bf-fe7e-4362-8a89-b0f0105291d3,62aebdb6-2890-440c-a97b-cee79533f25d,100000000,25.0,3d0a5f0c-0c39-4ec7-9f31-74054d183eba,b02b61c4-a3d7-4628-ace6-6fa2fd5166e6,2024-11-30T10:44:00Z,2024-12-05T05:25:00Z,2,6,
99f5d74f-026d-4738-897e-1b15914fd104,"Beams & Sections, 35 t - Pishgam Steel Structures Industries",Pishgam Steel Structures Industries,Managing Director,100000001,Alborz,1,0f6ce9bf-fe7e-4362-8a89-b0f0105291d3,0cc244a5-b893-40a0-87d3-8350a061450c,100000001,30.0,,b02b61c4-a3d7-4628-ace6-6fa2fd5166e6,2024-11-18T08:46:00Z,2024-11-25T11:57:00Z,2,5,
15a3aa38-c2ae-4799-986e-48270d94c5c9,"Pipes & Profiles, 10 t - Aban Greenhouse Structures Co.",Aban Greenhouse Structures Co.,Managing Director,100000006,Khuzestan,1,0f6ce9bf-fe7e-4362-8a89-b0f0105291d3,3b1e27d9-997f-44d6-8829-f373699f96c9,100000005,10.0,5503b3e2-adc3-4d66-99aa-5d3fe9912230,366eb16f-508e-4ad7-b7c9-3acfe059a0ee,2024-12-07T07:09:00Z,2024-12-12T09:02:00Z,1,3,02d13793-4405-43b4-b3b5-f5132df65903
4e617940-cd16-4eab-b2c8-b62945dc9a48,"Beams & Sections, 20 t - Farnam Steel Structures Co.",Farnam Steel Structures Co.,Purchasing Manager,100000001,Alborz,1,0f6ce9bf-fe7e-4362-8a89-b0f0105291d3,bca9864a-fc2c-44e0-8709-77149c5ea99f,100000001,20.0,2747b93c-9ae7-4eab-884a-67809136f1f8,0e51f30d-c6a7-4e39-84b0-32ccd7c524a5,2024-11-30T05:00:00Z,2024-12-05T08:02:00Z,2,6,
9943d04b-7e22-429a-9e86-b8f8668a9942,"Rebar, 10 t - Sadaf Construction Industries",Sadaf Construction Industries,Purchasing Manager,100000000,Mazandaran,1,0f6ce9bf-fe7e-4362-8a89-b0f0105291d3,1ffc2123-3fa3-4888-a42c-150f2d10b3d5,100000000,10.0,dcf2d920-cfb9-48f6-9d1a-71a6f34b1820,b02b61c4-a3d7-4628-ace6-6fa2fd5166e6,2024-11-20T11:21:00Z,2024-11-26T13:13:00Z,1,3,3ff333c8-49e0-4bbe-843d-b9e225b28e1a
16fb74d5-b56d-4ac7-bccb-136d07411d40,"Hot-Rolled Sheet, 145 t - Ava Abadgaran Ltd.",Ava Abadgaran Ltd.,Project Manager,100000000,Tehran,1,0f6ce9bf-fe7e-4362-8a89-b0f0105291d3,d1a0635e-1888-4fc2-939f-916e21cf4640,100000002,165.0,b2c1750d-ff67-495f-a251-1820444b3ea4,b02b61c4-a3d7-4628-ace6-6fa2fd5166e6,2024-11-27T08:06:00Z,2024-11-30T12:46:00Z,1,3,70561a0a-cc54-432e-8392-97dd550fa45b
f0fe4ca8-091c-44c7-900a-950ecd00348b,"Pipes & Profiles, 15 t - Tina Greenhouse Structures Group",Tina Greenhouse Structures Group,Managing Director,100000006,Isfahan,1,0f6ce9bf-fe7e-4362-8a89-b0f0105291d3,82bcb1ee-3b89-48ca-921c-242821b044fc,100000005,20.0,,9132b63e-f162-47e4-a9c3-49e03602f8ac,2024-12-04T13:27:00Z,2024-12-08T07:34:00Z,2,6,
89549282-df63-40c8-ab6b-e073abdda8c5,"Rebar, 25 t - Aban Sakhteman Industries",Aban Sakhteman Industries,Procurement Lead,100000000,Khorasan Razavi,1,0f6ce9bf-fe7e-4362-8a89-b0f0105291d3,130e1283-da21-47c8-986a-8dbf2256344f,100000000,25.0,,24933b83-7577-40a9-a491-f0b2ea1fca65,2024-11-24T10:34:00Z,2024-11-26T06:24:00Z,2,6,
803fe303-62aa-416f-a8d6-fd038ff7f0ad,"Wire Rod, 90 t - Hamoon Steel Depot Group",Hamoon Steel Depot Group,Managing Director,100000004,Tehran,1,0f6ce9bf-fe7e-4362-8a89-b0f0105291d3,9b6bc8bd-507c-4388-8e03-1c3627623cda,100000006,80.0,,ce177b4e-0837-48a3-9261-a7ab3aa2e4f9,2024-11-21T07:38:00Z,2024-11-25T06:36:00Z,2,7,
eeeae290-e9b4-41e4-8623-778d6c2638ac,"Beams & Sections, 30 t - Vista Fabrication Works Industries",Vista Fabrication Works Industries,Purchasing Manager,100000001,Tehran,1,0f6ce9bf-fe7e-4362-8a89-b0f0105291d3,f6dfca85-b156-474e-b73c-d38faf931ea5,100000001,45.0,,5304317f-af42-412f-b838-b3268e944239,2024-12-07T08:58:00Z,2024-12-10T04:50:00Z,2,4,
3fbac7d4-4dbd-44aa-bf35-a7c0350ce885,"Pipes & Profiles, 125 t - Tina Metal Center Ltd.",Tina Metal Center Ltd.,Project Manager,100000004,Khorasan Razavi,1,0f6ce9bf-fe7e-4362-8a89-b0f0105291d3,66f4a892-d22e-4018-9d8d-ab6acbacc8b6,100000005,175.0,,24933b83-7577-40a9-a491-f0b2ea1fca65,2024-12-07T05:01:00Z,2024-12-09T12:56:00Z,2,5,
08498f04-b842-431b-8429-73a92584470c,"Pipes & Profiles, 20 t - Alvand Golkhaneh Sazan Group",Alvand Golkhaneh Sazan Group,Site Engineer,100000006,East Azerbaijan,1,0f6ce9bf-fe7e-4362-8a89-b0f0105291d3,ee9765f7-96ac-4b5d-b5a2-62f7705b7572,100000005,15.0,,beb79919-3f22-4af8-a3be-d01d43cf2fde,2024-11-18T11:37:00Z,2024-11-21T09:31:00Z,2,4,
948c1f80-07a8-480d-870a-0bcc0f37649d,"Beams & Sections, 85 t - Hoda Steel Depot Co.",Hoda Steel Depot Co.,Site Engineer,100000004,Mazandaran,1,0f6ce9bf-fe7e-4362-8a89-b0f0105291d3,abd7126d-c5bf-463c-b842-203186b1e44d,100000001,95.0,,ce177b4e-0837-48a3-9261-a7ab3aa2e4f9,2024-11-21T13:02:00Z,2024-11-23T11:41:00Z,2,5,
048bed80-fc64-4a81-b9dc-cd07efd4a45f,"Pipes & Profiles, 35 t - Arman Iron & Steel Supply Group",Arman Iron & Steel Supply Group,Procurement Lead,100000004,Tehran,1,0f6ce9bf-fe7e-4362-8a89-b0f0105291d3,9e537b3b-4ea5-4999-9d76-6868284a9c8d,100000005,40.0,fdd8d2b2-700b-4c96-9b3a-2f894729ad77,5304317f-af42-412f-b838-b3268e944239,2024-11-26T05:00:00Z,2024-12-01T12:43:00Z,1,3,c12574b7-7099-485a-b408-ec621c9f15fd
09f8d252-4976-4d3c-b434-4a1de58a2bf7,"Rebar, 30 t - Ava Contracting Ltd.",Ava Contracting Ltd.,Site Engineer,100000000,Fars,1,0f6ce9bf-fe7e-4362-8a89-b0f0105291d3,3975ddc5-2130-4a3f-8990-18a33ff3a8e4,100000000,30.0,,e27a984d-6548-41d0-bfcd-9eb1a7cad415,2024-11-24T05:15:00Z,2024-11-28T06:19:00Z,2,7,
b5aad404-0b1f-4e10-ae6d-605a670d50ef,"Pipes & Profiles, 20 t - Tarava Greenhouse Structures Group",Tarava Greenhouse Structures Group,Managing Director,100000006,Hormozgan,1,0f6ce9bf-fe7e-4362-8a89-b0f0105291d3,69ae6c75-11c7-4537-9639-755503109f0d,100000005,15.0,,e27a984d-6548-41d0-bfcd-9eb1a7cad415,2024-11-30T09:39:00Z,2024-12-03T07:24:00Z,2,7,
de49531a-3e8b-4467-920c-108eb9645021,"Pipes & Profiles, 25 t - Negin Agri-Steel Co.",Negin Agri-Steel Co.,Procurement Lead,100000006,Mazandaran,1,0f6ce9bf-fe7e-4362-8a89-b0f0105291d3,30ff1f0f-6494-41d1-961d-cbb18b51fdb5,100000005,25.0,d5e82907-d66c-4553-92dc-4248f169e2ce,5304317f-af42-412f-b838-b3268e944239,2024-11-21T06:08:00Z,2024-11-24T09:31:00Z,1,3,0b202de9-48d4-4aa5-b9d5-12ce01bb76bb
067d8b79-1b45-42cf-8ee1-308767c0ec07,"Galvanized Sheet, 60 t - Tous Tube Mills Co.",Tous Tube Mills Co.,Managing Director,100000002,Isfahan,1,0f6ce9bf-fe7e-4362-8a89-b0f0105291d3,3f17c3c3-a64e-4e94-a5ef-53ce031a1a40,100000004,45.0,010178e9-77f1-4e38-8c45-4c0b74bc14f1,9132b63e-f162-47e4-a9c3-49e03602f8ac,2024-11-27T05:24:00Z,2024-11-30T05:31:00Z,1,3,a129173b-ff6d-4a08-ae33-8c2e0b641b75
360bb108-d18c-4169-86c9-9a0aae0136cc,"Wire Rod, 75 t - Hirad Metal Center Ltd.",Hirad Metal Center Ltd.,Supply Chain Manager,100000004,East Azerbaijan,1,0f6ce9bf-fe7e-4362-8a89-b0f0105291d3,c6b216df-7ae4-495e-9be0-bce6fc52cc61,100000006,110.0,,beb79919-3f22-4af8-a3be-d01d43cf2fde,2024-12-02T11:52:00Z,2024-12-05T11:24:00Z,2,4,
cfd14bc6-bf0a-4066-8af3-9eb832320b6d,"Hot-Rolled Sheet, 30 t - Nikan Pipe Works Co.",Nikan Pipe Works Co.,Site Engineer,100000002,Tehran,1,0f6ce9bf-fe7e-4362-8a89-b0f0105291d3,eb125723-edd9-4249-a6f8-f882b907be84,100000002,35.0,,0e51f30d-c6a7-4e39-84b0-32ccd7c524a5,2024-11-18T10:20:00Z,2024-11-19T06:07:00Z,2,6,
1e523ceb-2013-4be6-9b86-c1247666e4c8,"Rebar, 45 t - Arvand Abadgaran Group",Arvand Abadgaran Group,Purchasing Manager,100000000,Isfahan,1,0f6ce9bf-fe7e-4362-8a89-b0f0105291d3,51c62a30-d323-4e73-ba9f-72f2df6a28de,100000000,40.0,,10f1bc81-448a-4a9e-a6b2-bc5b50c187fc,2024-11-26T07:00:00Z,2024-12-01T12:22:00Z,2,7,
f04cc6bb-1a04-4d33-83fc-c1fa72a6fb0e,"Rebar, 30 t - Golestan Sazeh Ltd.",Golestan Sazeh Ltd.,Managing Director,100000000,Tehran,1,0f6ce9bf-fe7e-4362-8a89-b0f0105291d3,98917f7e-b1a7-4885-88fd-480e97b0056d,100000000,25.0,,5304317f-af42-412f-b838-b3268e944239,2024-11-23T07:07:00Z,2024-11-26T11:40:00Z,2,4,
204aeb78-5278-42fc-9cb3-a01e26a264d7,"Hot-Rolled Sheet, 30 t - Ilia Fabrication Works Co.",Ilia Fabrication Works Co.,Purchasing Manager,100000001,Isfahan,1,0f6ce9bf-fe7e-4362-8a89-b0f0105291d3,f7024b30-954c-44f8-bf53-30fef429eb12,100000002,35.0,24eeb4a6-c145-45c7-9d98-6115f05eeefe,10f1bc81-448a-4a9e-a6b2-bc5b50c187fc,2024-11-20T11:02:00Z,2024-11-24T11:28:00Z,2,4,
d166e47f-154a-4f8b-8e2d-90cdbff5e70e,"Rebar, 10 t - Mehr Sazeh Co.",Mehr Sazeh Co.,Procurement Lead,100000000,Tehran,1,0f6ce9bf-fe7e-4362-8a89-b0f0105291d3,c54dc556-aacf-4558-9c70-20b5d1ab143f,100000000,10.0,1ab88733-80e1-4c41-8a9a-727fb2a12a55,5304317f-af42-412f-b838-b3268e944239,2024-11-28T11:38:00Z,2024-11-30T06:07:00Z,1,3,a293108b-88e1-40bd-b858-db8a910a525a
67a6269f-da4a-406c-8f88-dfb2d1e62f2e,"Rebar, 60 t - Parsian Metal Center Industries",Parsian Metal Center Industries,Supply Chain Manager,100000004,Tehran,1,0f6ce9bf-fe7e-4362-8a89-b0f0105291d3,b5798280-e9c7-4673-a3c0-8f2df33a86db,100000000,45.0,0fb5600a-12d5-46b5-b7d2-358beea28bbb,ce177b4e-0837-48a3-9261-a7ab3aa2e4f9,2024-11-16T10:14:00Z,2024-11-18T11:03:00Z,1,3,8999d7b5-bdf3-4000-aa50-f00f0de15f8b
2630fc95-889d-469c-a652-b0c1c9d42fd3,"Hot-Rolled Sheet, 205 t - Chakad Profile Sazan Ltd.",Chakad Profile Sazan Ltd.,Purchasing Manager,100000002,Isfahan,1,0f6ce9bf-fe7e-4362-8a89-b0f0105291d3,23d145a3-57e1-4096-ba3e-26972dffd3ce,100000002,195.0,,10f1bc81-448a-4a9e-a6b2-bc5b50c187fc,2024-12-07T04:53:00Z,2024-12-09T12:01:00Z,2,6,
e358200f-616a-4234-acc0-03361a08f156,"Wire Rod, 50 t - Aban Metal Center Industries",Aban Metal Center Industries,Procurement Lead,100000004,Khuzestan,1,0f6ce9bf-fe7e-4362-8a89-b0f0105291d3,e958acdd-7447-4dda-8e17-50ce66fe5c34,100000006,40.0,b6f6dbf1-d6d4-41cc-995d-82f8ee4a9b5d,366eb16f-508e-4ad7-b7c9-3acfe059a0ee,2024-12-02T07:52:00Z,2024-12-08T12:25:00Z,2,6,
f8d4a655-df42-4b52-9ceb-509281de204a,"Rebar, 30 t - Mehrgan Contracting Industries",Mehrgan Contracting Industries,Procurement Lead,100000000,Tehran,1,0f6ce9bf-fe7e-4362-8a89-b0f0105291d3,6f5c920e-8ac8-4037-baca-14d4b416eaa1,100000000,45.0,,5304317f-af42-412f-b838-b3268e944239,2024-11-26T09:25:00Z,2024-11-30T08:38:00Z,2,5,
f426bca0-63e2-48e1-b45c-0ef64435d8d0,"Pipes & Profiles, 20 t - Ava Builders Industries",Ava Builders Industries,Site Engineer,100000000,Isfahan,1,0f6ce9bf-fe7e-4362-8a89-b0f0105291d3,bacff210-b696-49a5-840c-370b26e5ce42,100000005,25.0,,9132b63e-f162-47e4-a9c3-49e03602f8ac,2024-11-26T11:06:00Z,2024-11-30T12:04:00Z,2,5,
03b09dad-cbe6-4a16-87d7-50cb353f1d07,"Rebar, 25 t - Dena Steel Structures Ltd.",Dena Steel Structures Ltd.,Supply Chain Manager,100000001,Hormozgan,1,0f6ce9bf-fe7e-4362-8a89-b0f0105291d3,348da480-290d-4be4-99a4-3ccdbaf3d8e5,100000000,30.0,,e27a984d-6548-41d0-bfcd-9eb1a7cad415,2024-11-23T11:56:00Z,2024-11-25T09:59:00Z,2,4,
154e3433-33e5-4410-8656-eee4858e4a7e,"Rebar, 40 t - Farnam Abadgaran Group",Farnam Abadgaran Group,Managing Director,100000000,Khorasan Razavi,1,0f6ce9bf-fe7e-4362-8a89-b0f0105291d3,b7536d18-aed5-4fa8-b8c1-8a87e35265ce,100000000,40.0,,24933b83-7577-40a9-a491-f0b2ea1fca65,2024-12-04T09:39:00Z,2024-12-05T09:04:00Z,2,4,
05c2f0ab-d84e-448f-b2fe-0ed89dffaff5,"Pipes & Profiles, 15 t - Raman Golkhaneh Sazan Co.",Raman Golkhaneh Sazan Co.,Managing Director,100000006,Fars,1,0f6ce9bf-fe7e-4362-8a89-b0f0105291d3,1065cdf6-01af-44cc-a23c-69bf78d0d02f,100000005,10.0,,e27a984d-6548-41d0-bfcd-9eb1a7cad415,2024-11-28T11:12:00Z,2024-12-03T11:58:00Z,2,4,
04b0a4ee-04fc-4a60-b599-9215af36e286,"Rebar, 75 t - Kian Sazeh Co.",Kian Sazeh Co.,Site Engineer,100000000,Mazandaran,1,0f6ce9bf-fe7e-4362-8a89-b0f0105291d3,17645034-54ff-4f8d-9a7d-d36c53c5dbe2,100000000,60.0,c64c9647-9ea7-417c-b89f-7039a107cc46,b02b61c4-a3d7-4628-ace6-6fa2fd5166e6,2024-11-20T10:16:00Z,2024-11-24T05:31:00Z,2,4,
6a61041f-df06-485a-9ca2-acb59b2c4bf0,"Wire Rod, 10 t - Rahyab Greenhouse Structures Ltd.",Rahyab Greenhouse Structures Ltd.,Managing Director,100000006,Alborz,1,0f6ce9bf-fe7e-4362-8a89-b0f0105291d3,dd4dd3c6-07b6-4bf7-8f6c-d45df4ea6bf1,100000006,10.0,d60dd16b-62b0-45a5-9cba-354d6d2031ba,5304317f-af42-412f-b838-b3268e944239,2024-12-08T11:50:00Z,2024-12-11T11:22:00Z,1,3,c6f88989-a9bc-4dcf-8d3f-53eaac5418da
07083aa6-8d64-47d3-94cf-479fbc006136,"Pipes & Profiles, 30 t - Farazan Steel Merchants Co.",Farazan Steel Merchants Co.,Managing Director,100000004,Tehran,1,0f6ce9bf-fe7e-4362-8a89-b0f0105291d3,c9ed6ad3-4a47-42f6-8992-ac298bedaf07,100000005,25.0,848af440-7fc1-4858-afa0-d842bc55300b,ce177b4e-0837-48a3-9261-a7ab3aa2e4f9,2024-12-05T07:25:00Z,2024-12-11T13:13:00Z,2,5,
4bb42f61-212d-415e-961a-f01700eb7763,"Rebar, 5 t - Vista Contracting Ltd.",Vista Contracting Ltd.,Purchasing Manager,100000000,Hormozgan,1,0f6ce9bf-fe7e-4362-8a89-b0f0105291d3,8406828e-2b82-4325-b17b-f67bd483c353,100000000,5.0,,e27a984d-6548-41d0-bfcd-9eb1a7cad415,2024-11-30T11:59:00Z,2024-12-08T08:44:00Z,2,5,
3e9a521d-b2b8-44de-a8e8-78985f5ab599,"Galvanized Sheet, 25 t - Mahtab Golkhaneh Sazan Ltd.",Mahtab Golkhaneh Sazan Ltd.,Managing Director,100000006,Khuzestan,1,0f6ce9bf-fe7e-4362-8a89-b0f0105291d3,54d7b854-b556-4022-a994-ec2dd6221037,100000004,25.0,,366eb16f-508e-4ad7-b7c9-3acfe059a0ee,2024-11-19T10:52:00Z,2024-11-23T13:24:00Z,2,6,
4ddd793c-a2ce-4775-b1ef-0947a5de3158,"Rebar, 25 t - Hoda Builders Co.",Hoda Builders Co.,Procurement Lead,100000000,Khorasan Razavi,1,0f6ce9bf-fe7e-4362-8a89-b0f0105291d3,74be52b3-fbee-4066-b16f-6e038c59fd47,100000000,30.0,fa34d2e8-dd3f-4d7e-a508-dc9513a4a492,24933b83-7577-40a9-a491-f0b2ea1fca65,2024-11-30T10:00:00Z,2024-12-05T12:19:00Z,2,7,
966a66e9-8811-4899-86bf-8daf71f4d6ed,"Hot-Rolled Sheet, 20 t - Kimia Omran Industries",Kimia Omran Industries,Procurement Lead,100000000,Hormozgan,8,fc737d92-11ab-4d11-a4eb-8000ef40d162,fbb14c02-151b-4690-b896-ac170a5622ec,100000002,20.0,5bd6ac09-f6be-47b1-a891-e1314135cb68,e27a984d-6548-41d0-bfcd-9eb1a7cad415,2024-11-27T08:18:00Z,2024-12-03T11:30:00Z,1,3,b1b14337-c783-4efe-b228-bf49a1926889
b4ea3411-01ca-4c2e-81eb-7136cc2af8df,"Rebar, 40 t - Raman Sazeh Ltd.",Raman Sazeh Ltd.,Managing Director,100000000,Khorasan Razavi,8,fc737d92-11ab-4d11-a4eb-8000ef40d162,e411a1a6-889d-42fc-a704-4fd6cd66432b,100000000,30.0,,24933b83-7577-40a9-a491-f0b2ea1fca65,2024-12-07T09:15:00Z,2024-12-11T06:37:00Z,2,6,
b3d83b46-f510-4177-9e33-afef385e1055,"Beams & Sections, 30 t - Sepehr Abadgaran Industries",Sepehr Abadgaran Industries,Site Engineer,100000000,Alborz,8,fc737d92-11ab-4d11-a4eb-8000ef40d162,e4935ca8-fddd-4dbc-9bf1-660a2d975d12,100000001,35.0,,5304317f-af42-412f-b838-b3268e944239,2024-11-21T06:35:00Z,2024-11-25T10:59:00Z,2,4,
72ff9ea2-c906-405d-b038-d052ae3d132b,"Beams & Sections, 40 t - Farnam Sazeh Group",Farnam Sazeh Group,Site Engineer,100000000,Tehran,8,fc737d92-11ab-4d11-a4eb-8000ef40d162,1b62b2bb-1698-4cb8-9a43-5139fb88afc8,100000001,65.0,6963acba-77bd-4a18-94d3-e54dc2335b06,0e51f30d-c6a7-4e39-84b0-32ccd7c524a5,2024-12-12T07:41:00Z,2024-12-18T09:02:00Z,1,3,2d7e18ad-6a2a-4de6-99a2-574a52e10881
3481d400-c6ce-42ab-9dc4-e66e2e790459,"Beams & Sections, 40 t - Fardis Fabrication Works Ltd.",Fardis Fabrication Works Ltd.,Supply Chain Manager,100000001,Hormozgan,8,fc737d92-11ab-4d11-a4eb-8000ef40d162,2afaa00e-f6d9-48d4-ada9-6d69a8c7b965,100000001,35.0,,e27a984d-6548-41d0-bfcd-9eb1a7cad415,2024-12-12T11:00:00Z,2024-12-14T09:43:00Z,2,6,
abef3946-2141-4f4e-9202-5337bf92c619,"Wire Rod, 325 t - Nasim Ahan Forooshi Co.",Nasim Ahan Forooshi Co.,Managing Director,100000004,Tehran,8,fc737d92-11ab-4d11-a4eb-8000ef40d162,ae463402-6ec0-40ce-b560-acc345b51947,100000006,240.0,,5304317f-af42-412f-b838-b3268e944239,2024-12-01T12:01:00Z,2024-12-04T11:42:00Z,2,6,
63f24b8b-47e0-4a1e-beef-8149ebb1cc2f,"Beams & Sections, 1130 t - Elham Rail & Road Projects Group",Elham Rail & Road Projects Group,Supply Chain Manager,100000005,Isfahan,8,fc737d92-11ab-4d11-a4eb-8000ef40d162,fd0714fe-afd5-4fa4-81cc-e1243a2f1b3b,100000001,1085.0,d64c495b-bb03-47cd-bf15-2b58bf695686,9132b63e-f162-47e4-a9c3-49e03602f8ac,2024-12-11T11:46:00Z,2024-12-16T09:46:00Z,1,3,e8f4a5db-cb33-4eed-a284-e0d2f9e55e79
8557c6aa-3614-40a8-b867-54a2d955dc9a,"Galvanized Sheet, 5 t - Nikan Greenhouse Structures Industries",Nikan Greenhouse Structures Industries,Procurement Lead,100000006,Tehran,8,fc737d92-11ab-4d11-a4eb-8000ef40d162,db3686fe-c87c-4d8f-a990-c65e0c73949f,100000004,5.0,5a4edcb7-ad37-4eb6-84e0-6472e1c60b7b,5304317f-af42-412f-b838-b3268e944239,2024-12-03T06:16:00Z,2024-12-10T07:52:00Z,1,3,948cbadd-0937-43d8-bf88-9a792bc9ba8f
c459668e-c5e1-4ccc-8bcd-17a31adb9a9f,"Hot-Rolled Sheet, 5 t - Tarava Press Works Industries",Tarava Press Works Industries,Procurement Lead,100000003,Isfahan,8,fc737d92-11ab-4d11-a4eb-8000ef40d162,a6e6ecbe-8335-4292-a585-384b83191a97,100000002,5.0,,9132b63e-f162-47e4-a9c3-49e03602f8ac,2024-12-05T10:57:00Z,2024-12-07T04:57:00Z,2,4,
7f16c985-3cb9-4bbf-b863-3824010aeac9,"Beams & Sections, 60 t - Taban Sakhteman Co.",Taban Sakhteman Co.,Site Engineer,100000000,Hormozgan,8,fc737d92-11ab-4d11-a4eb-8000ef40d162,a521fd3b-0230-4614-9187-7077e583fa3b,100000001,65.0,57e9687c-436d-410d-b8ec-06fe4a5e84b3,e27a984d-6548-41d0-bfcd-9eb1a7cad415,2024-11-25T06:35:00Z,2024-11-28T09:05:00Z,2,4,
d2e8a81e-a74a-4650-ba5e-1e3df150cdea,"Rebar, 55 t - Elham Contracting Industries",Elham Contracting Industries,Supply Chain Manager,100000000,Tehran,8,fc737d92-11ab-4d11-a4eb-8000ef40d162,c86fcbf7-d982-4f8c-9c99-a5f0faef8fef,100000000,70.0,a47f7b58-e691-4476-af1a-09597669fdca,5304317f-af42-412f-b838-b3268e944239,2024-12-07T11:25:00Z,2024-12-11T09:22:00Z,1,3,53e84245-8ac6-479f-a139-e08be56f88b7
b07a810a-1bef-4085-916b-66defe56f624,"Pipes & Profiles, 45 t - Parsian Omran Co.",Parsian Omran Co.,Supply Chain Manager,100000000,Tehran,8,fc737d92-11ab-4d11-a4eb-8000ef40d162,5acac401-d491-46a0-b3b1-5452c4c27619,100000005,50.0,,b02b61c4-a3d7-4628-ace6-6fa2fd5166e6,2024-11-27T06:45:00Z,2024-12-04T05:23:00Z,2,6,
dae6004b-819b-4b05-9d26-dd366ddf9ca7,"Cold-Rolled Sheet, 35 t - Zarrin Appliance Components Ltd.",Zarrin Appliance Components Ltd.,Project Manager,100000003,Alborz,8,fc737d92-11ab-4d11-a4eb-8000ef40d162,f7541038-9282-4cd8-8866-a193b43c259c,100000003,45.0,60dfea78-1271-4f04-8d5a-9e8dcc2052af,5304317f-af42-412f-b838-b3268e944239,2024-12-02T07:28:00Z,2024-12-07T04:33:00Z,1,3,6db1e916-8d6a-4a41-9f06-07db225414f6
50f93ad2-317c-42c2-9c21-2415a306b2fe,"Beams & Sections, 70 t - Kowsar Ahan Bazar Ltd.",Kowsar Ahan Bazar Ltd.,Purchasing Manager,100000004,Tehran,8,fc737d92-11ab-4d11-a4eb-8000ef40d162,afa3153c-ebd4-45cb-a152-424b180b1a8a,100000001,75.0,,ce177b4e-0837-48a3-9261-a7ab3aa2e4f9,2024-11-20T10:57:00Z,2024-11-25T12:59:00Z,2,4,
289b73ce-3210-4523-90a7-d6a76480a4f2,"Rebar, 150 t - Hirad Sakhteman Group",Hirad Sakhteman Group,Supply Chain Manager,100000000,Fars,8,fc737d92-11ab-4d11-a4eb-8000ef40d162,cd18ffcd-aef1-4658-9244-bf37ee009943,100000000,175.0,73535551-9f81-4220-88e4-f2df1e6efe84,e27a984d-6548-41d0-bfcd-9eb1a7cad415,2024-12-07T11:14:00Z,2024-12-08T10:01:00Z,1,3,57a49e4b-4b29-4da7-9aa1-9036405a089a
31cec987-12da-42fd-8060-c2c478633078,"Wire Rod, 340 t - Farazan Iron & Steel Supply Industries",Farazan Iron & Steel Supply Industries,Procurement Lead,100000004,Khuzestan,8,fc737d92-11ab-4d11-a4eb-8000ef40d162,1d115c12-693c-4915-8a7b-febf09684ea3,100000006,465.0,,366eb16f-508e-4ad7-b7c9-3acfe059a0ee,2024-12-07T11:03:00Z,2024-12-11T09:53:00Z,2,4,
7858f301-cca0-47a9-862b-127590482468,"Rebar, 15 t - Sabalan Builders Co.",Sabalan Builders Co.,Procurement Lead,100000000,Tehran,8,fc737d92-11ab-4d11-a4eb-8000ef40d162,5c46876c-caff-4132-aeef-def0efe0665c,100000000,20.0,9c678393-2ced-4c0d-b173-04b5c1dd484a,5304317f-af42-412f-b838-b3268e944239,2024-11-17T13:11:00Z,2024-11-20T10:00:00Z,1,3,ded4b12d-d749-4973-ba81-88ac3fe60736
ec45449d-4fc5-45fd-ac12-f441cd50883a,"Galvanized Sheet, 100 t - Parsian Appliance Components Co.",Parsian Appliance Components Co.,Procurement Lead,100000003,Tehran,8,fc737d92-11ab-4d11-a4eb-8000ef40d162,9b1025a3-89f7-4cf7-84a6-27f57cbef196,100000004,70.0,,5304317f-af42-412f-b838-b3268e944239,2024-12-14T10:44:00Z,2024-12-17T07:38:00Z,2,5,
90c8e07d-667a-4b94-be83-a8f0d326bcb2,"Hot-Rolled Sheet, 20 t - Javid Eskelet Felezi Ltd.",Javid Eskelet Felezi Ltd.,Project Manager,100000001,Tehran,8,fc737d92-11ab-4d11-a4eb-8000ef40d162,bde896b8-b1bc-44f9-ad8d-afc0850122e2,100000002,20.0,,b02b61c4-a3d7-4628-ace6-6fa2fd5166e6,2024-12-12T08:22:00Z,2024-12-18T06:49:00Z,2,4,
f2eaf34c-5fe0-4a78-b1b2-050b90719ff9,"Hot-Rolled Sheet, 40 t - Helia Builders Industries",Helia Builders Industries,Site Engineer,100000000,Tehran,8,fc737d92-11ab-4d11-a4eb-8000ef40d162,0fe3bed5-2650-4e1a-af0a-ff9daf86e24e,100000002,30.0,,5304317f-af42-412f-b838-b3268e944239,2024-12-07T11:39:00Z,2024-12-11T11:50:00Z,2,4,
203c8303-8f29-48d4-a5d0-af0f0e3f4b60,"Pipes & Profiles, 95 t - Karun Steel Trading Industries",Karun Steel Trading Industries,Project Manager,100000004,East Azerbaijan,8,fc737d92-11ab-4d11-a4eb-8000ef40d162,ddab1a73-0ac8-4ec9-aafb-b138eb6dce90,100000005,130.0,,beb79919-3f22-4af8-a3be-d01d43cf2fde,2024-11-24T10:11:00Z,2024-12-02T06:23:00Z,2,6,
b16673b7-28a5-44a4-a695-f8e4318a3e65,"Beams & Sections, 70 t - Raman Sakhteman Co.",Raman Sakhteman Co.,Managing Director,100000000,Hormozgan,8,fc737d92-11ab-4d11-a4eb-8000ef40d162,66756e5c-0fe8-4fff-a531-f1d5eefbf9a5,100000001,50.0,8dac08c7-93b1-4009-b9dd-c52d6be01cee,e27a984d-6548-41d0-bfcd-9eb1a7cad415,2024-12-08T11:45:00Z,2024-12-14T07:52:00Z,1,3,89291c8f-9a56-472e-97e8-2cbb8a7aa955
d2690f57-b14e-4a2e-9187-7bc86abda041,"Pipes & Profiles, 20 t - Kimia Agri-Steel Group",Kimia Agri-Steel Group,Purchasing Manager,100000006,Alborz,8,fc737d92-11ab-4d11-a4eb-8000ef40d162,915fcf53-d83a-4dd5-835d-34696889bfad,100000005,35.0,,5304317f-af42-412f-b838-b3268e944239,2024-12-14T05:03:00Z,2024-12-16T08:21:00Z,2,4,
37af51d8-7606-4072-9c9e-15682d4845bc,"Rebar, 20 t - Negin Sazeh Group",Negin Sazeh Group,Supply Chain Manager,100000000,Khorasan Razavi,8,fc737d92-11ab-4d11-a4eb-8000ef40d162,57b75676-ffd3-4f32-910a-b4cbeab471de,100000000,30.0,,24933b83-7577-40a9-a491-f0b2ea1fca65,2024-12-09T07:39:00Z,2024-12-16T06:01:00Z,2,4,
7549334e-77d5-4467-ba82-5606516db78a,"Pipes & Profiles, 10 t - Arman Golkhaneh Sazan Industries",Arman Golkhaneh Sazan Industries,Purchasing Manager,100000006,Isfahan,8,fc737d92-11ab-4d11-a4eb-8000ef40d162,6aa49b3d-45c8-4af1-9b22-8a51b2f6900c,100000005,15.0,9b4e4fb0-8008-4255-8392-2b0f9d64f431,10f1bc81-448a-4a9e-a6b2-bc5b50c187fc,2024-12-07T07:05:00Z,2024-12-15T09:40:00Z,1,3,9d82e80b-e6e8-4ef1-9a90-0b3d92daa1eb
9946f64c-cbaa-4cfd-8fb1-244485bf7576,"Rebar, 30 t - Vista Construction Ltd.",Vista Construction Ltd.,Project Manager,100000000,Tehran,8,fc737d92-11ab-4d11-a4eb-8000ef40d162,661d5ca4-27b2-48ed-8e6a-a7768bb6a85b,100000000,30.0,afe05f6d-66ab-44ad-a4c1-b6ef25896340,0e51f30d-c6a7-4e39-84b0-32ccd7c524a5,2024-11-25T13:28:00Z,2024-11-30T11:57:00Z,1,3,e89a991b-99b7-4476-91db-60b1f41870ea
15e9e019-9a9b-4c83-93a9-390615b19303,"Beams & Sections, 30 t - Diba Sazeh Group",Diba Sazeh Group,Purchasing Manager,100000000,Alborz,8,fc737d92-11ab-4d11-a4eb-8000ef40d162,049c0661-cab3-4e59-a61e-efe8d6a4fb2d,100000001,50.0,b130088b-004c-4bd5-b8a5-e0ed1e5601e9,b02b61c4-a3d7-4628-ace6-6fa2fd5166e6,2024-12-04T08:50:00Z,2024-12-08T06:12:00Z,1,3,89cb64b8-9c21-4ffa-aa8b-8a958827e307
113f6606-f975-43aa-93d8-8d7d0dbfd841,"Rebar, 50 t - Pishgam Abadgaran Co.",Pishgam Abadgaran Co.,Managing Director,100000000,Isfahan,8,fc737d92-11ab-4d11-a4eb-8000ef40d162,ab70dcda-154f-4d60-a98b-6f944b2e0335,100000000,55.0,bca61571-8e26-4057-bf11-97271b2bae11,9132b63e-f162-47e4-a9c3-49e03602f8ac,2024-12-12T09:27:00Z,2024-12-14T07:07:00Z,1,3,68ec8547-e5a8-4f5f-813a-939a1b86a899
260a786f-0c4e-40ec-9f4a-12860306ad97,"Wire Rod, 65 t - Tina Ahan Forooshi Co.",Tina Ahan Forooshi Co.,Managing Director,100000004,Tehran,8,fc737d92-11ab-4d11-a4eb-8000ef40d162,2d3658ed-b9fc-4d84-8730-0eb55cb3f095,100000006,55.0,725d4259-3c4b-4eec-a231-ee7342c2d2eb,b02b61c4-a3d7-4628-ace6-6fa2fd5166e6,2024-12-11T06:38:00Z,2024-12-16T12:43:00Z,2,5,
b15c9203-aca8-4703-b5f1-3f4ca5feffcc,"Hot-Rolled Sheet, 40 t - Taban Loleh Sazi Ltd.",Taban Loleh Sazi Ltd.,Supply Chain Manager,100000002,Isfahan,8,fc737d92-11ab-4d11-a4eb-8000ef40d162,44df2d21-792e-47dc-9a61-3a66ca61de75,100000002,30.0,7388b94e-fcde-4b81-bf9b-cd4addf82d38,10f1bc81-448a-4a9e-a6b2-bc5b50c187fc,2024-12-10T04:49:00Z,2024-12-14T10:44:00Z,1,3,0a316b9e-76df-46d4-9925-1ad714b77c79
48c23668-678a-4c24-9558-6e6348020250,"Rebar, 35 t - Gilan Builders Ltd.",Gilan Builders Ltd.,Managing Director,100000000,East Azerbaijan,8,fc737d92-11ab-4d11-a4eb-8000ef40d162,0e6042fe-2a6f-4a09-a600-9174ab403ed7,100000000,25.0,,beb79919-3f22-4af8-a3be-d01d43cf2fde,2024-12-07T07:34:00Z,2024-12-12T09:33:00Z,2,5,
7f145d85-57ef-4244-91fa-a28987bad3f1,"Cold-Rolled Sheet, 310 t - Pardis Pipe Works Industries",Pardis Pipe Works Industries,Supply Chain Manager,100000002,Khorasan Razavi,8,fc737d92-11ab-4d11-a4eb-8000ef40d162,d6654397-013a-4943-aacf-cefbc4622393,100000003,230.0,,24933b83-7577-40a9-a491-f0b2ea1fca65,2024-12-14T06:46:00Z,2024-12-18T07:33:00Z,2,4,
80d94d20-5660-42fe-8c05-d17bd1c9ebde,"Hot-Rolled Sheet, 130 t - Bamdad Profile Works Ltd.",Bamdad Profile Works Ltd.,Supply Chain Manager,100000002,Fars,8,fc737d92-11ab-4d11-a4eb-8000ef40d162,f4bc95db-3620-4bd5-8eed-8a3b83f8560a,100000002,105.0,8eceac56-93da-44ff-9e00-fe91909fbd3f,e27a984d-6548-41d0-bfcd-9eb1a7cad415,2024-11-30T11:44:00Z,2024-12-04T08:44:00Z,1,3,43c62187-353d-48b2-9895-42d4d27f8d4d
513d0f10-3e55-41ec-83cd-61ab5fb6f397,"Rebar, 180 t - Arvand Sazeh Ltd.",Arvand Sazeh Ltd.,Supply Chain Manager,100000000,Tehran,8,fc737d92-11ab-4d11-a4eb-8000ef40d162,4228ee4f-2ec2-41de-b587-8f406fcd847c,100000000,145.0,bf519362-41a6-4fed-a7ed-c8d8713f8f8c,0e51f30d-c6a7-4e39-84b0-32ccd7c524a5,2024-12-09T05:52:00Z,2024-12-16T12:10:00Z,2,6,
a8b9704c-d198-4172-8d64-897135ab45ef,"Rebar, 40 t - Arman Sakhteman Industries",Arman Sakhteman Industries,Project Manager,100000000,Alborz,8,fc737d92-11ab-4d11-a4eb-8000ef40d162,aa7f8799-8005-4fcb-9e27-1f2b697c19e1,100000000,40.0,,5304317f-af42-412f-b838-b3268e944239,2024-11-20T06:55:00Z,2024-11-23T06:40:00Z,2,6,
a9a68fe6-7ece-4b94-b2c1-e33df7c21c20,"Rebar, 25 t - Vista Eskelet Felezi Group",Vista Eskelet Felezi Group,Managing Director,100000001,Alborz,8,fc737d92-11ab-4d11-a4eb-8000ef40d162,9dbf4277-589e-4b66-a7a5-1ec243c3329b,100000000,20.0,,5304317f-af42-412f-b838-b3268e944239,2024-12-01T09:01:00Z,2024-12-07T04:58:00Z,2,4,
9c191331-b7df-4eb9-9a1b-0257dd4d7474,"Rebar, 85 t - Sepehr Metal Center Industries",Sepehr Metal Center Industries,Purchasing Manager,100000004,Khuzestan,8,fc737d92-11ab-4d11-a4eb-8000ef40d162,8c4db74a-caab-4bd9-abe0-1de07bf918f0,100000000,65.0,72652f1e-47b0-41ec-8a32-7480ba9583c5,366eb16f-508e-4ad7-b7c9-3acfe059a0ee,2024-12-08T10:50:00Z,2024-12-14T10:14:00Z,1,3,eb2d923f-4179-4c0c-beea-7c13f6ee0d07
0c23abb7-890b-4cd2-9600-c1747fc0db09,"Beams & Sections, 20 t - Pardis Omran Ltd.",Pardis Omran Ltd.,Managing Director,100000000,Hormozgan,8,fc737d92-11ab-4d11-a4eb-8000ef40d162,2ee3ac82-7540-48e0-941a-0f656e06112f,100000001,20.0,,e27a984d-6548-41d0-bfcd-9eb1a7cad415,2024-12-10T09:48:00Z,2024-12-17T08:50:00Z,2,6,
fbd525a6-b121-4721-bdba-579c94cc72ee,"Galvanized Sheet, 20 t - Sepehr Press Works Ltd.",Sepehr Press Works Ltd.,Site Engineer,100000003,East Azerbaijan,8,fc737d92-11ab-4d11-a4eb-8000ef40d162,ef84cc0d-b8d7-4ad4-a2dd-8465febfe1b8,100000004,20.0,540b06c0-b0f6-442e-80d5-b7fdeabc8764,beb79919-3f22-4af8-a3be-d01d43cf2fde,2024-12-14T13:01:00Z,2024-12-21T11:24:00Z,1,3,fa604c2c-4ae4-4e7f-af56-a06821664f8d
3d70241c-ebed-4454-b383-d8aa21df423e,"Rebar, 30 t - Tarava Abadgaran Co.",Tarava Abadgaran Co.,Site Engineer,100000000,Tehran,8,fc737d92-11ab-4d11-a4eb-8000ef40d162,b48b544c-22d7-47cd-a6ed-9806cda63614,100000000,40.0,144be8bc-e207-4595-be20-9925a72427a6,0e51f30d-c6a7-4e39-84b0-32ccd7c524a5,2024-12-07T07:59:00Z,2024-12-11T08:48:00Z,2,4,
ddcbab13-07be-4b4c-84b9-cc5a409840ba,"Hot-Rolled Sheet, 185 t - Arvand Loleh Sazi Industries",Arvand Loleh Sazi Industries,Procurement Lead,100000002,Khorasan Razavi,8,fc737d92-11ab-4d11-a4eb-8000ef40d162,9d00841e-55d5-4d09-ab3c-15d6a8404845,100000002,255.0,,24933b83-7577-40a9-a491-f0b2ea1fca65,2024-12-09T11:53:00Z,2024-12-15T10:53:00Z,2,4,
f5d11b01-70a3-4b53-9645-6a4b3692f3ff,"Beams & Sections, 45 t - Ofogh Fabrication Works Industries",Ofogh Fabrication Works Industries,Site Engineer,100000001,Tehran,8,fc737d92-11ab-4d11-a4eb-8000ef40d162,0d881247-3f81-451c-bdc4-08044caca04e,100000001,35.0,,0e51f30d-c6a7-4e39-84b0-32ccd7c524a5,2024-12-17T11:03:00Z,2024-12-24T08:59:00Z,2,6,
2975a005-a611-46cc-a2bf-d68369f27da1,"Beams & Sections, 45 t - Taban Steel Structures Ltd.",Taban Steel Structures Ltd.,Procurement Lead,100000001,Isfahan,8,fc737d92-11ab-4d11-a4eb-8000ef40d162,8971ff47-1141-4142-bdf7-82ebe88f823d,100000001,35.0,30243e0b-6b1a-48b8-9a26-1a82dfd49991,9132b63e-f162-47e4-a9c3-49e03602f8ac,2024-11-28T10:42:00Z,2024-12-04T06:06:00Z,1,3,7710499e-82c4-417a-939d-93cf9ea470e1
13955e6f-a023-4bac-a14b-836f1aea71d2,"Beams & Sections, 45 t - Hamoon Abadgaran Group",Hamoon Abadgaran Group,Site Engineer,100000000,Isfahan,8,fc737d92-11ab-4d11-a4eb-8000ef40d162,ce75bbc2-ccbf-4dc8-9008-531edc9056aa,100000001,30.0,,9132b63e-f162-47e4-a9c3-49e03602f8ac,2024-11-19T08:46:00Z,2024-11-23T09:24:00Z,2,6,
a0e3fbf5-2a4d-4662-875a-58b8ee1a878a,"Rebar, 35 t - Ava Sazeh Ltd.",Ava Sazeh Ltd.,Purchasing Manager,100000000,Tehran,1,497ec6d1-081f-46dc-b8d9-a88aef0bea4f,85dbd022-1474-4551-8be4-43a8d5587010,100000000,50.0,,b02b61c4-a3d7-4628-ace6-6fa2fd5166e6,2025-05-06T06:55:00Z,2025-05-10T10:29:00Z,2,6,
fd7a5ed5-8859-4ffa-9738-06f1b1536a03,"Hot-Rolled Sheet, 20 t - Jahan Pipe Works Co.",Jahan Pipe Works Co.,Site Engineer,100000002,Tehran,1,497ec6d1-081f-46dc-b8d9-a88aef0bea4f,fe585a7e-2804-4757-a3fb-d3828062677e,100000002,15.0,3e1707b1-0b61-483d-a774-1bc2540dff12,5304317f-af42-412f-b838-b3268e944239,2025-05-07T07:43:00Z,2025-05-10T07:32:00Z,1,3,78981fb9-a0db-4f9f-bfbe-6c2048c5a974
a21fa4ab-a342-4fdb-8415-f0cb38cc1827,"Galvanized Sheet, 105 t - Sadaf Profile Works Group",Sadaf Profile Works Group,Supply Chain Manager,100000002,Tehran,1,497ec6d1-081f-46dc-b8d9-a88aef0bea4f,d2e9bc78-3a41-4bee-8975-290aaa745d5d,100000004,100.0,,5304317f-af42-412f-b838-b3268e944239,2025-05-05T11:45:00Z,2025-05-11T08:31:00Z,2,4,
ec3b5e39-72ba-4244-8f63-24b4eca9eb9d,"Beams & Sections, 10 t - Karun Eskelet Felezi Ltd.",Karun Eskelet Felezi Ltd.,Supply Chain Manager,100000001,Tehran,1,497ec6d1-081f-46dc-b8d9-a88aef0bea4f,d0d93b8b-582a-40f0-8cfe-021d2b933a75,100000001,10.0,,0e51f30d-c6a7-4e39-84b0-32ccd7c524a5,2025-05-05T09:48:00Z,2025-05-08T08:02:00Z,2,4,
abcf1d4e-bf02-4ce0-83b9-fcf4e5d4b443,"Rebar, 15 t - Tirdad Abadgaran Industries",Tirdad Abadgaran Industries,Project Manager,100000000,East Azerbaijan,1,497ec6d1-081f-46dc-b8d9-a88aef0bea4f,ed6c30e4-abd3-4914-83d0-703a474e3b69,100000000,15.0,,beb79919-3f22-4af8-a3be-d01d43cf2fde,2025-05-07T08:07:00Z,2025-05-10T11:37:00Z,2,4,
04541f13-ac74-4301-8a74-5def09c6e17d,"Rebar, 20 t - Kaspian Sazeh Ltd.",Kaspian Sazeh Ltd.,Purchasing Manager,100000000,Hormozgan,1,497ec6d1-081f-46dc-b8d9-a88aef0bea4f,1360d6b6-ff8a-4b6e-866a-60658c513a02,100000000,20.0,,e27a984d-6548-41d0-bfcd-9eb1a7cad415,2025-04-24T09:02:00Z,2025-05-01T09:18:00Z,2,4,
57dfde3b-917f-4f1c-9733-4e1e7ea08ec3,"Rebar, 135 t - Karun Omran Ltd.",Karun Omran Ltd.,Site Engineer,100000000,Mazandaran,1,497ec6d1-081f-46dc-b8d9-a88aef0bea4f,f5f1607b-5a7b-491e-8bba-8a39e5e19ec1,100000000,120.0,,5304317f-af42-412f-b838-b3268e944239,2025-04-30T12:31:00Z,2025-05-03T11:47:00Z,2,6,
153e1a00-a1ac-403b-b5c7-6204902a459a,"Beams & Sections, 40 t - Laleh Construction Group",Laleh Construction Group,Managing Director,100000000,East Azerbaijan,1,497ec6d1-081f-46dc-b8d9-a88aef0bea4f,224e11ba-6300-423a-a112-d6a2b036533c,100000001,40.0,,beb79919-3f22-4af8-a3be-d01d43cf2fde,2025-04-21T04:58:00Z,2025-04-22T08:39:00Z,2,6,
58503809-9fcf-4f54-b968-d9ea8f248157,"Rebar, 40 t - Pardis Contracting Group",Pardis Contracting Group,Supply Chain Manager,100000000,Khorasan Razavi,1,497ec6d1-081f-46dc-b8d9-a88aef0bea4f,1305c302-e5c7-4fe4-8946-0a43d6ffd242,100000000,50.0,,24933b83-7577-40a9-a491-f0b2ea1fca65,2025-04-24T06:56:00Z,2025-04-29T09:32:00Z,2,6,
a50cb05b-8b87-460e-8e59-d1280cfd400c,"Pipes & Profiles, 365 t - Navid Steel Trading Ltd.",Navid Steel Trading Ltd.,Site Engineer,100000004,Isfahan,1,497ec6d1-081f-46dc-b8d9-a88aef0bea4f,9a331379-f366-4756-8690-81e59e39c62f,100000005,345.0,30318a12-2864-4c4b-9c47-581ecf3ff26a,10f1bc81-448a-4a9e-a6b2-bc5b50c187fc,2025-05-04T13:03:00Z,2025-05-05T10:35:00Z,1,3,4fb8f88d-04e6-432f-bb58-c12896a07fc1
fc713b1b-e329-451f-8370-f6e705de7ead,"Hot-Rolled Sheet, 115 t - Ava Steel Merchants Group",Ava Steel Merchants Group,Managing Director,100000004,Khuzestan,1,497ec6d1-081f-46dc-b8d9-a88aef0bea4f,28ace558-c81e-477d-b4b8-c32cb8e096ef,100000002,130.0,79892ad6-84ec-42ae-a4f5-297c418fe315,366eb16f-508e-4ad7-b7c9-3acfe059a0ee,2025-04-26T04:57:00Z,2025-05-03T10:40:00Z,1,3,e943aa8f-d024-4672-96a7-3e89656b16b4
54aa09c2-9206-4d57-ad8e-4c6d7cacf611,"Rebar, 70 t - Nima Abadgaran Industries",Nima Abadgaran Industries,Procurement Lead,100000000,East Azerbaijan,1,497ec6d1-081f-46dc-b8d9-a88aef0bea4f,cf7b05a7-2c37-49be-ab83-5025b0e72b39,100000000,55.0,,beb79919-3f22-4af8-a3be-d01d43cf2fde,2025-04-26T11:28:00Z,2025-05-04T06:11:00Z,2,5,
c0671841-bdeb-4419-bb20-f45e15a4a4cc,"Rebar, 10 t - Tirdad Construction Group",Tirdad Construction Group,Purchasing Manager,100000000,Alborz,1,497ec6d1-081f-46dc-b8d9-a88aef0bea4f,d5d6ab99-2360-4ccf-8b2e-da84544d3500,100000000,5.0,,b02b61c4-a3d7-4628-ace6-6fa2fd5166e6,2025-04-21T12:18:00Z,2025-04-27T10:02:00Z,2,5,
0d92c5bf-0bd2-4470-9a2c-8e5baefae7b6,"Pipes & Profiles, 55 t - Gohar Omran Co.",Gohar Omran Co.,Supply Chain Manager,100000000,Khuzestan,1,497ec6d1-081f-46dc-b8d9-a88aef0bea4f,f49ee85f-afd5-40eb-9752-17cbb7eb2737,100000005,50.0,0b251279-785a-45d0-9f92-a62163f4c69d,366eb16f-508e-4ad7-b7c9-3acfe059a0ee,2025-05-01T12:55:00Z,2025-05-03T06:12:00Z,2,6,
8ab4d57e-e456-45a2-9046-4feae3125624,"Hot-Rolled Sheet, 40 t - Kian Omran Group",Kian Omran Group,Site Engineer,100000000,Tehran,1,497ec6d1-081f-46dc-b8d9-a88aef0bea4f,ff17bd6f-c984-44fb-a656-1ffcc61c3d58,100000002,40.0,,b02b61c4-a3d7-4628-ace6-6fa2fd5166e6,2025-04-22T08:26:00Z,2025-04-26T12:46:00Z,2,4,
a8d7ecd0-1feb-483d-8e07-0c16fe590f3b,"Pipes & Profiles, 95 t - Zarrin Omran Ltd.",Zarrin Omran Ltd.,Purchasing Manager,100000000,Tehran,1,497ec6d1-081f-46dc-b8d9-a88aef0bea4f,92e32273-7def-44fc-a88f-311f67c73503,100000005,70.0,,b02b61c4-a3d7-4628-ace6-6fa2fd5166e6,2025-05-10T10:39:00Z,2025-05-15T08:49:00Z,2,6,
f7c42540-14eb-4cda-a64e-88d0b66a97eb,"Rebar, 30 t - Rastin Sazeh Industries",Rastin Sazeh Industries,Project Manager,100000000,Khorasan Razavi,1,497ec6d1-081f-46dc-b8d9-a88aef0bea4f,61bf4326-412c-4034-81fe-dc5f66bd7b2f,100000000,30.0,,24933b83-7577-40a9-a491-f0b2ea1fca65,2025-04-26T08:53:00Z,2025-05-03T11:19:00Z,2,6,
68ed0e6f-102c-4379-b599-8c785c6af630,"Beams & Sections, 60 t - Golestan Fabrication Works Ltd.",Golestan Fabrication Works Ltd.,Supply Chain Manager,100000001,Alborz,1,497ec6d1-081f-46dc-b8d9-a88aef0bea4f,ff597c4d-a586-4d7a-9233-02e5d435b914,100000001,55.0,,0e51f30d-c6a7-4e39-84b0-32ccd7c524a5,2025-04-29T06:23:00Z,2025-05-03T07:21:00Z,2,4,
cc66c8a1-798a-4772-9a38-562b0f2c00b2,"Rebar, 95 t - Kowsar Ahan Bazar Group",Kowsar Ahan Bazar Group,Site Engineer,100000004,Isfahan,1,497ec6d1-081f-46dc-b8d9-a88aef0bea4f,58fd2d54-68eb-4848-9d9d-e80a2d0e7e63,100000000,85.0,,10f1bc81-448a-4a9e-a6b2-bc5b50c187fc,2025-04-29T09:10:00Z,2025-05-03T05:23:00Z,2,4,
c3c44f31-5576-4232-8ead-4349319ee85a,"Galvanized Sheet, 15 t - Mahtab Greenhouse Structures Group",Mahtab Greenhouse Structures Group,Purchasing Manager,100000006,Tehran,1,497ec6d1-081f-46dc-b8d9-a88aef0bea4f,0a54e9c1-ce74-42ca-ab60-41f8dbee466a,100000004,15.0,,5304317f-af42-412f-b838-b3268e944239,2025-05-05T09:59:00Z,2025-05-11T06:27:00Z,2,6,
5f0813df-ed28-430d-b3f9-cbf62bfd154f,"Cold-Rolled Sheet, 25 t - Arman Press Works Industries",Arman Press Works Industries,Managing Director,100000003,Tehran,1,497ec6d1-081f-46dc-b8d9-a88aef0bea4f,58667341-4174-47e9-a76e-6aacf3b89516,100000003,25.0,b73b35fe-e917-4ed1-9c9e-1d5702968285,b02b61c4-a3d7-4628-ace6-6fa2fd5166e6,2025-04-24T06:52:00Z,2025-04-29T05:40:00Z,1,3,645bb0df-b807-4850-9c90-a854e0ef2e90
97f33322-9323-438b-a204-38f9c2930d26,"Hot-Rolled Sheet, 115 t - Nima Steel Depot Group",Nima Steel Depot Group,Purchasing Manager,100000004,Isfahan,1,497ec6d1-081f-46dc-b8d9-a88aef0bea4f,7b70a734-333a-4009-8ed7-c6e6b5456648,100000002,115.0,,9132b63e-f162-47e4-a9c3-49e03602f8ac,2025-05-03T12:01:00Z,2025-05-06T06:02:00Z,2,4,
2642425a-2128-4f77-8203-e5dafe2f4fa1,"Rebar, 15 t - Behsaz Sakhteman Ltd.",Behsaz Sakhteman Ltd.,Project Manager,100000000,Hormozgan,1,497ec6d1-081f-46dc-b8d9-a88aef0bea4f,3793d2f2-3b05-444d-af39-c99c7e18ddf4,100000000,15.0,,e27a984d-6548-41d0-bfcd-9eb1a7cad415,2025-05-06T08:37:00Z,2025-05-13T06:23:00Z,2,6,
83bf5845-cf89-441a-a321-fecb89937312,"Wire Rod, 70 t - Arya Foolad Trading Co.",Arya Foolad Trading Co.,Site Engineer,100000004,Isfahan,1,497ec6d1-081f-46dc-b8d9-a88aef0bea4f,a0725989-a1db-430f-9fb0-abc3aecbf7f1,100000006,65.0,,9132b63e-f162-47e4-a9c3-49e03602f8ac,2025-04-26T12:04:00Z,2025-05-01T11:26:00Z,2,5,
ba58132e-4d6d-4a14-8ea2-3f315b465a12,"Beams & Sections, 30 t - Nikan Steel Structures Ltd.",Nikan Steel Structures Ltd.,Site Engineer,100000001,Tehran,1,497ec6d1-081f-46dc-b8d9-a88aef0bea4f,b4bdc2c7-d81a-40b9-9e99-75464bb90cef,100000001,30.0,,5304317f-af42-412f-b838-b3268e944239,2025-05-06T13:22:00Z,2025-05-13T05:02:00Z,2,5,
77fff0fe-9b70-49a0-a901-73cd9d157d1a,"Hot-Rolled Sheet, 65 t - Kowsar Builders Group",Kowsar Builders Group,Procurement Lead,100000000,Isfahan,1,497ec6d1-081f-46dc-b8d9-a88aef0bea4f,74f1c689-9a6d-4c4b-b890-135e09bb6d1a,100000002,70.0,5938949e-8a42-4ff0-a098-4689c78ae6ce,10f1bc81-448a-4a9e-a6b2-bc5b50c187fc,2025-04-21T09:01:00Z,2025-04-24T08:37:00Z,2,4,
6f34f064-6f97-4be0-a568-49f902fdadd4,"Galvanized Sheet, 30 t - Sepehr Agri-Steel Co.",Sepehr Agri-Steel Co.,Procurement Lead,100000006,Khorasan Razavi,1,497ec6d1-081f-46dc-b8d9-a88aef0bea4f,54e52aae-20b5-42d5-87a4-7981ba3c680d,100000004,20.0,,24933b83-7577-40a9-a491-f0b2ea1fca65,2025-05-11T08:30:00Z,2025-05-17T04:39:00Z,2,4,
60445cae-abe6-4d42-a152-c861343ae913,"Rebar, 60 t - Rastin Ahan Bazar Co.",Rastin Ahan Bazar Co.,Project Manager,100000004,Tehran,1,497ec6d1-081f-46dc-b8d9-a88aef0bea4f,f0a4cc8d-77bd-4e70-b1e5-7ccfce819acf,100000000,55.0,,ce177b4e-0837-48a3-9261-a7ab3aa2e4f9,2025-04-24T11:10:00Z,2025-04-28T10:19:00Z,2,5,
8f29829f-f318-4320-a374-c6a45da1981b,"Hot-Rolled Sheet, 150 t - Karun Builders Group",Karun Builders Group,Site Engineer,100000000,Hormozgan,1,497ec6d1-081f-46dc-b8d9-a88aef0bea4f,a96f61cc-a82c-4ed3-b50e-da50c56afa5b,100000002,140.0,,e27a984d-6548-41d0-bfcd-9eb1a7cad415,2025-04-27T05:48:00Z,2025-04-30T06:52:00Z,2,5,
2659185b-0ec9-47c6-92c8-627cbf3542d4,"Rebar, 40 t - Farazan Omran Ltd.",Farazan Omran Ltd.,Supply Chain Manager,100000000,East Azerbaijan,1,497ec6d1-081f-46dc-b8d9-a88aef0bea4f,2861d243-6523-45bf-8a63-3da780dc7539,100000000,60.0,,beb79919-3f22-4af8-a3be-d01d43cf2fde,2025-04-26T09:09:00Z,2025-05-01T08:15:00Z,2,4,
0f004b33-cd68-46e0-9660-34854cb62fb0,"Rebar, 60 t - Kimia Contracting Group",Kimia Contracting Group,Managing Director,100000000,Khorasan Razavi,1,497ec6d1-081f-46dc-b8d9-a88aef0bea4f,e79b186f-002d-45ff-ad5a-c9ee61bb1395,100000000,45.0,14f89da1-e19f-4cc9-bdde-949ea835f6d1,24933b83-7577-40a9-a491-f0b2ea1fca65,2025-05-08T12:51:00Z,2025-05-17T11:24:00Z,1,3,4ad2b732-fa9b-44cf-8c09-0de46c2478a1
59e4d312-faa1-4fb0-9021-6737b2e17215,"Galvanized Sheet, 10 t - Rayan Greenhouse Structures Group",Rayan Greenhouse Structures Group,Procurement Lead,100000006,Khuzestan,1,497ec6d1-081f-46dc-b8d9-a88aef0bea4f,67b20a54-ae3a-44d4-90ef-118d9315e61e,100000004,10.0,,366eb16f-508e-4ad7-b7c9-3acfe059a0ee,2025-05-05T07:05:00Z,2025-05-11T10:22:00Z,2,4,
c9af2794-0adb-4073-8b5e-bf10a38a6573,"Galvanized Sheet, 10 t - Taban Appliance Components Co.",Taban Appliance Components Co.,Purchasing Manager,100000003,Tehran,1,497ec6d1-081f-46dc-b8d9-a88aef0bea4f,e727213a-9022-4ab2-a373-01de11f40812,100000004,10.0,,b02b61c4-a3d7-4628-ace6-6fa2fd5166e6,2025-05-04T06:52:00Z,2025-05-11T13:14:00Z,2,4,
b71247c4-b6f3-48fa-aa7d-eb298b370113,"Beams & Sections, 305 t - Gohar Housing Development Co.",Gohar Housing Development Co.,Purchasing Manager,100000005,Fars,1,497ec6d1-081f-46dc-b8d9-a88aef0bea4f,d857fa2c-218a-4ac9-9f70-452837780394,100000001,350.0,,e27a984d-6548-41d0-bfcd-9eb1a7cad415,2025-05-10T05:07:00Z,2025-05-17T04:50:00Z,2,5,
ea1197f6-bf67-498b-a280-15820e074ee9,"Galvanized Sheet, 135 t - Pouya Profile Sazan Co.",Pouya Profile Sazan Co.,Managing Director,100000002,Isfahan,1,497ec6d1-081f-46dc-b8d9-a88aef0bea4f,8f1677bd-5ff1-4e59-a945-c1a517b76c8d,100000004,145.0,,10f1bc81-448a-4a9e-a6b2-bc5b50c187fc,2025-05-06T11:14:00Z,2025-05-10T11:09:00Z,2,5,
9394af39-4789-4077-b1d8-ba9fc32d0d15,"Hot-Rolled Sheet, 75 t - Chakad Pipe & Profile Industries",Chakad Pipe & Profile Industries,Purchasing Manager,100000002,Isfahan,1,497ec6d1-081f-46dc-b8d9-a88aef0bea4f,130075dc-23f7-4f8c-9012-60a735210f6c,100000002,100.0,,9132b63e-f162-47e4-a9c3-49e03602f8ac,2025-05-04T09:19:00Z,2025-05-10T05:56:00Z,2,4,
7a5e3d52-3694-4aa7-93ac-082bfdf56e9f,"Hot-Rolled Sheet, 160 t - Arya Profile Sazan Industries",Arya Profile Sazan Industries,Site Engineer,100000002,Khuzestan,8,22ab7752-c4db-4a62-ae13-418d68ab80ea,f1944f6c-0d5a-4f30-aa6c-f97b0a95d1e1,100000002,155.0,,366eb16f-508e-4ad7-b7c9-3acfe059a0ee,2025-04-22T12:40:00Z,2025-04-24T08:53:00Z,2,4,
12cc7134-f175-40ac-9edf-87dad485d540,"Hot-Rolled Sheet, 55 t - Gohar Contracting Group",Gohar Contracting Group,Purchasing Manager,100000000,Mazandaran,8,22ab7752-c4db-4a62-ae13-418d68ab80ea,ff23dc19-9787-4918-a369-9332fea32c75,100000002,40.0,d4dab805-0c4e-427f-ae7e-c1b28deb0414,b02b61c4-a3d7-4628-ace6-6fa2fd5166e6,2025-05-08T10:50:00Z,2025-05-11T05:10:00Z,1,3,fd6b215e-987a-47ba-b075-87ab93ff5cab
b5e06b0e-ab0d-4e8f-9d0c-ffdf21bb008f,"Beams & Sections, 45 t - Atlas Eskelet Felezi Co.",Atlas Eskelet Felezi Co.,Managing Director,100000001,Fars,8,22ab7752-c4db-4a62-ae13-418d68ab80ea,bad86b9d-aacf-490d-9f16-9d17e6331c81,100000001,40.0,,e27a984d-6548-41d0-bfcd-9eb1a7cad415,2025-04-26T08:32:00Z,2025-05-01T09:15:00Z,2,4,
956e71fb-5b6f-4793-9315-746f2e9ebcda,"Rebar, 20 t - Laleh Omran Ltd.",Laleh Omran Ltd.,Project Manager,100000000,Tehran,8,22ab7752-c4db-4a62-ae13-418d68ab80ea,0f2d73b9-3217-4c94-b8be-2f90ed1928e5,100000000,30.0,ca6c2829-1d72-46bf-b89e-0e3026909126,0e51f30d-c6a7-4e39-84b0-32ccd7c524a5,2025-04-26T08:57:00Z,2025-04-29T07:56:00Z,1,3,40e5b82b-2e50-4ad1-a06c-69065312a340
9af50294-b37c-42d1-8140-d0acb0019258,"Beams & Sections, 15 t - Rastin Fabrication Works Group",Rastin Fabrication Works Group,Project Manager,100000001,Tehran,8,22ab7752-c4db-4a62-ae13-418d68ab80ea,a8799868-8e12-4cd6-ae33-98cf999bc180,100000001,15.0,,0e51f30d-c6a7-4e39-84b0-32ccd7c524a5,2025-05-19T04:34:00Z,2025-05-21T06:56:00Z,2,7,
c6a63c6b-462a-429d-8938-d3fe67aaaf94,"Hot-Rolled Sheet, 20 t - Hoda Steel Structures Ltd.",Hoda Steel Structures Ltd.,Purchasing Manager,100000001,Alborz,8,22ab7752-c4db-4a62-ae13-418d68ab80ea,1f58d3c5-84d4-43cc-8181-bad16c14cf57,100000002,15.0,,0e51f30d-c6a7-4e39-84b0-32ccd7c524a5,2025-05-12T04:55:00Z,2025-05-19T12:44:00Z,2,4,
e05e8dcd-0ae1-4add-96ff-6a056835b9c6,"Hot-Rolled Sheet, 65 t - Darya Eskelet Felezi Ltd.",Darya Eskelet Felezi Ltd.,Purchasing Manager,100000001,Tehran,8,22ab7752-c4db-4a62-ae13-418d68ab80ea,cea97194-cbd6-4e75-bf45-4da8414ecf02,100000002,70.0,1a2a3a8e-e833-4ef3-bfe3-5f299c769b42,5304317f-af42-412f-b838-b3268e944239,2025-05-11T12:08:00Z,2025-05-12T13:13:00Z,1,3,36f5bff5-3d28-460b-bae6-9f2ad533e041
437c14e2-535f-4ac6-905d-41d86cc31b4a,"Hot-Rolled Sheet, 75 t - Sabalan Pipe & Profile Industries",Sabalan Pipe & Profile Industries,Project Manager,100000002,Tehran,8,22ab7752-c4db-4a62-ae13-418d68ab80ea,45eece4b-3c70-4e2a-973d-5f9a8d4379db,100000002,75.0,,0e51f30d-c6a7-4e39-84b0-32ccd7c524a5,2025-04-28T08:29:00Z,2025-05-03T08:26:00Z,2,6,
4a54c35c-041d-41ec-a86d-ca1c9e60aed2,"Rebar, 220 t - Sahand Dam & Water Works Industries",Sahand Dam & Water Works Industries,Managing Director,100000005,Hormozgan,8,22ab7752-c4db-4a62-ae13-418d68ab80ea,aa47a2ff-24a0-4319-8e17-b2ab140336b0,100000000,170.0,c2d72b23-acaa-49bd-b0c6-dff3d914b16d,e27a984d-6548-41d0-bfcd-9eb1a7cad415,2025-05-11T08:53:00Z,2025-05-15T11:01:00Z,1,3,5ef7c6b4-bdbd-4515-8cbe-a96b66c4c628
9ad576cf-63fa-403b-80b4-2d7367ff1b9f,"Rebar, 10 t - Jahan-Kaspian Fabrication Works",Jahan-Kaspian Fabrication Works,Site Engineer,100000001,Khorasan Razavi,8,22ab7752-c4db-4a62-ae13-418d68ab80ea,74427a18-49a3-4e24-889d-8cdca089acda,100000000,5.0,,24933b83-7577-40a9-a491-f0b2ea1fca65,2025-04-20T07:28:00Z,2025-04-23T06:08:00Z,2,7,
1f9b41d4-669e-41ed-a148-a58efafc26d1,"Wire Rod, 105 t - Yekta Golkhaneh Sazan Group",Yekta Golkhaneh Sazan Group,Managing Director,100000006,Isfahan,8,22ab7752-c4db-4a62-ae13-418d68ab80ea,8641768f-2394-43aa-bed0-81dc49230cf8,100000006,90.0,84ccf931-e3e0-44c5-a015-4a17b652b9ef,9132b63e-f162-47e4-a9c3-49e03602f8ac,2025-05-19T07:52:00Z,2025-05-20T09:11:00Z,1,3,559a31a7-a03e-4cf4-941f-c7cfd8ad8a25
d24f2357-7db6-4b75-befa-9c6d7f651d8a,"Galvanized Sheet, 45 t - Kaspian Press Works Group",Kaspian Press Works Group,Supply Chain Manager,100000003,Tehran,8,22ab7752-c4db-4a62-ae13-418d68ab80ea,d6d4f7ef-284b-43dd-a0e3-fe8d5e9ca5c3,100000004,35.0,21d3b8f2-f3ac-45cb-bf4b-24b9ef4c37d0,5304317f-af42-412f-b838-b3268e944239,2025-05-05T11:20:00Z,2025-05-11T06:24:00Z,1,3,c6db1d77-a1b7-4d0a-b612-3aeb64f04f7d
57178768-33fc-4d7d-b605-aa9c2de75a92,"Hot-Rolled Sheet, 65 t - Diba Profile Works Ltd.",Diba Profile Works Ltd.,Procurement Lead,100000002,Khorasan Razavi,8,22ab7752-c4db-4a62-ae13-418d68ab80ea,46052bf0-25e0-460e-9281-8ec025c3b79e,100000002,40.0,,24933b83-7577-40a9-a491-f0b2ea1fca65,2025-05-14T06:54:00Z,2025-05-17T07:32:00Z,2,5,
4f140eba-9e8a-4597-9672-923b85c1480e,"Beams & Sections, 190 t - Varna Dam & Water Works Co.",Varna Dam & Water Works Co.,Project Manager,100000005,Khuzestan,8,22ab7752-c4db-4a62-ae13-418d68ab80ea,d6403804-bec0-407e-922e-f65685602eef,100000001,155.0,46327360-c45d-4c03-b4f6-b97ef998aaa1,366eb16f-508e-4ad7-b7c9-3acfe059a0ee,2025-05-11T12:44:00Z,2025-05-17T08:46:00Z,2,6,
c47da2f0-32ff-451f-9498-e46f3a480b9d,"Rebar, 40 t - Arvand Sakhteman Ltd.",Arvand Sakhteman Ltd.,Purchasing Manager,100000000,Khuzestan,8,22ab7752-c4db-4a62-ae13-418d68ab80ea,e5a7f50b-bb6e-4ec1-a87f-50875c27af1c,100000000,30.0,,366eb16f-508e-4ad7-b7c9-3acfe059a0ee,2025-05-12T09:48:00Z,2025-05-15T12:05:00Z,2,4,
e82ccfd9-b1d5-4ea5-83e6-b71f38f230b1,"Beams & Sections, 105 t - Navid Foolad Trading Group",Navid Foolad Trading Group,Purchasing Manager,100000004,Isfahan,8,22ab7752-c4db-4a62-ae13-418d68ab80ea,831204ff-7c48-4136-8a3e-a03ded1dedcd,100000001,75.0,c3164e09-977c-447f-bb51-9270d5a00a4d,10f1bc81-448a-4a9e-a6b2-bc5b50c187fc,2025-05-12T06:29:00Z,2025-05-17T04:59:00Z,1,3,ec96a732-848f-4ea1-8642-0aa22ffb63a2
3a63d868-25b3-4572-87e9-4db8ee392fb7,"Pipes & Profiles, 60 t - Kian Omran Co.",Kian Omran Co.,Site Engineer,100000000,Tehran,8,22ab7752-c4db-4a62-ae13-418d68ab80ea,6d55621b-1d60-4b3a-ad8f-75ba18bf4a71,100000005,55.0,6b352f85-504e-4687-b0e7-e75604d9145e,0e51f30d-c6a7-4e39-84b0-32ccd7c524a5,2025-04-21T09:33:00Z,2025-04-24T10:47:00Z,2,5,
03f75276-a734-4b26-9bea-a75a8093576f,"Rebar, 85 t - Persis Housing Development Co.",Persis Housing Development Co.,Project Manager,100000005,Isfahan,8,22ab7752-c4db-4a62-ae13-418d68ab80ea,14affcd7-845d-4f4f-beef-6c30e6b520f5,100000000,90.0,267eddce-df8f-4197-9a4a-99b2e806133c,10f1bc81-448a-4a9e-a6b2-bc5b50c187fc,2025-04-21T13:00:00Z,2025-04-24T12:51:00Z,1,3,66048813-b345-49ba-b212-0875cf702de5
ce37626d-c13b-4b6a-9dd6-5ae9c5b92e88,"Pipes & Profiles, 15 t - Pouya Fabrication Works Industries",Pouya Fabrication Works Industries,Site Engineer,100000001,Fars,8,22ab7752-c4db-4a62-ae13-418d68ab80ea,84f20b1a-7691-4c41-be4e-1e82580383d6,100000005,5.0,79356bae-8101-4ec7-9c93-408a551e766f,e27a984d-6548-41d0-bfcd-9eb1a7cad415,2025-05-17T10:17:00Z,2025-05-18T07:24:00Z,1,3,0c2e502a-ea19-4838-af22-0182097e2680
c46a2444-3694-4ac0-aac1-443320a39dfd,"Rebar, 40 t - Parsian Sakhteman Group",Parsian Sakhteman Group,Project Manager,100000000,East Azerbaijan,8,22ab7752-c4db-4a62-ae13-418d68ab80ea,dde957c7-58c9-4f23-9ef6-221af1b479b8,100000000,25.0,320727ab-24c9-4c0e-887e-e883f34a26e4,beb79919-3f22-4af8-a3be-d01d43cf2fde,2025-05-05T09:51:00Z,2025-05-10T06:59:00Z,1,3,b36ff466-7761-48b6-8861-afa9325c44ec
50877a24-262b-4255-a060-17e4d2ef5ed9,"Beams & Sections, 110 t - Rayan Omran Ltd.",Rayan Omran Ltd.,Supply Chain Manager,100000000,Tehran,8,22ab7752-c4db-4a62-ae13-418d68ab80ea,7e7627b7-fdfc-4c1c-81d7-8edabfbd8269,100000001,160.0,e6273e93-114e-495b-9de3-a9a053b20d16,5304317f-af42-412f-b838-b3268e944239,2025-04-21T09:44:00Z,2025-04-29T10:33:00Z,1,3,4df55341-e3d2-4942-9dc6-47508b72b68e
86fafe78-bc78-4285-8dd4-2f363afb9430,"Cold-Rolled Sheet, 105 t - Arya Appliance Components Industries",Arya Appliance Components Industries,Site Engineer,100000003,Hormozgan,8,22ab7752-c4db-4a62-ae13-418d68ab80ea,5d92f083-561e-4deb-8073-b1643fe11115,100000003,140.0,,e27a984d-6548-41d0-bfcd-9eb1a7cad415,2025-04-20T08:36:00Z,2025-04-26T05:06:00Z,2,6,
127f5138-3525-4edc-903b-5f3f78fece7f,"Rebar, 200 t - Rastin Rail & Road Projects Co.",Rastin Rail & Road Projects Co.,Project Manager,100000005,Isfahan,8,22ab7752-c4db-4a62-ae13-418d68ab80ea,a03261c3-0e3c-423f-a11f-2c82aa45baab,100000000,190.0,,10f1bc81-448a-4a9e-a6b2-bc5b50c187fc,2025-04-21T13:09:00Z,2025-04-23T10:51:00Z,2,6,
1f5af8fb-cf8e-43cd-98c0-53dd7a9444d1,"Galvanized Sheet, 20 t - Tous Greenhouse Structures Group",Tous Greenhouse Structures Group,Supply Chain Manager,100000006,Hormozgan,8,22ab7752-c4db-4a62-ae13-418d68ab80ea,d9a6f581-9cc1-4d6c-8bb2-c634985c5a31,100000004,25.0,eece65eb-94a4-4039-8915-f03146d10e56,e27a984d-6548-41d0-bfcd-9eb1a7cad415,2025-05-08T06:43:00Z,2025-05-13T05:36:00Z,1,3,03ce4c76-f78a-4b86-8e46-8c7f77fbb259
830116f6-79e5-4b20-aebe-508ed67e9e34,"Rebar, 40 t - Kian Construction Co.",Kian Construction Co.,Site Engineer,100000000,Khorasan Razavi,8,22ab7752-c4db-4a62-ae13-418d68ab80ea,17a24d77-81af-45fe-8603-a1f787dad815,100000000,55.0,,24933b83-7577-40a9-a491-f0b2ea1fca65,2025-04-30T11:22:00Z,2025-05-04T04:49:00Z,2,5,
49d8e8e0-e72c-4890-bdb5-12b320a801b8,"Rebar, 70 t - Mahtab Builders Co.",Mahtab Builders Co.,Purchasing Manager,100000000,Fars,8,22ab7752-c4db-4a62-ae13-418d68ab80ea,83d50363-3837-45bf-ab16-79f4fa460054,100000000,70.0,d4f10cf9-f12e-43a3-ae77-54d24c4b6f67,e27a984d-6548-41d0-bfcd-9eb1a7cad415,2025-05-08T07:17:00Z,2025-05-10T09:06:00Z,2,6,
7351eee7-4a32-4e25-8387-174370607689,"Beams & Sections, 45 t - Laleh Construction Industries",Laleh Construction Industries,Site Engineer,100000000,Tehran,8,22ab7752-c4db-4a62-ae13-418d68ab80ea,e13c82d6-edeb-4757-8a7c-2c598e870678,100000001,35.0,,5304317f-af42-412f-b838-b3268e944239,2025-04-28T08:31:00Z,2025-05-01T09:16:00Z,2,6,
dc1099a1-693f-4289-a28f-17ea6716a5cf,"Pipes & Profiles, 75 t - Varna Abadgaran Co.",Varna Abadgaran Co.,Managing Director,100000000,Tehran,8,22ab7752-c4db-4a62-ae13-418d68ab80ea,389f41c4-049b-41b0-b583-d0cc01a1f7da,100000005,90.0,43c07d43-93a7-4792-8561-b8dca4364fcd,0e51f30d-c6a7-4e39-84b0-32ccd7c524a5,2025-04-27T10:10:00Z,2025-05-01T06:19:00Z,2,4,
27977a27-da3d-4f2a-8cb4-2d42fe1285e9,"Rebar, 100 t - Negin Omran Co.",Negin Omran Co.,Supply Chain Manager,100000000,Khorasan Razavi,8,22ab7752-c4db-4a62-ae13-418d68ab80ea,dad4a6f3-297c-42fa-a3a5-dff7b7907fb4,100000000,105.0,db3ceb9f-dbd4-46eb-b668-257ded8ce7b7,24933b83-7577-40a9-a491-f0b2ea1fca65,2025-04-27T08:31:00Z,2025-04-30T12:30:00Z,1,3,eba78afc-a5a1-48c0-8f5e-aabe4584c3e1
8e3b9ad7-7b13-4d39-aa3f-9aff8984f430,"Rebar, 40 t - Navid Contracting Ltd.",Navid Contracting Ltd.,Purchasing Manager,100000000,Hormozgan,8,22ab7752-c4db-4a62-ae13-418d68ab80ea,f558d6ea-dd7e-4333-aa53-990d80e1caa2,100000000,45.0,,e27a984d-6548-41d0-bfcd-9eb1a7cad415,2025-05-06T10:22:00Z,2025-05-13T12:49:00Z,2,4,
e803f44a-02d7-449d-99b9-8cfa329361a6,"Rebar, 30 t - Mahan Sakhteman Group",Mahan Sakhteman Group,Procurement Lead,100000000,Fars,8,22ab7752-c4db-4a62-ae13-418d68ab80ea,34bbcaa0-9944-40b6-b72a-98c2ca5a8ae8,100000000,30.0,,e27a984d-6548-41d0-bfcd-9eb1a7cad415,2025-05-14T09:03:00Z,2025-05-20T05:51:00Z,2,4,
8b075443-45ee-45b3-a32f-8cf9084f664a,"Rebar, 55 t - Gohar Foolad Trading Group",Gohar Foolad Trading Group,Site Engineer,100000004,Isfahan,8,22ab7752-c4db-4a62-ae13-418d68ab80ea,65a7dc37-f774-4fd7-a8fe-781266a0826e,100000000,65.0,,9132b63e-f162-47e4-a9c3-49e03602f8ac,2025-04-30T04:59:00Z,2025-05-05T05:25:00Z,2,4,
4e92f237-04db-4e9f-b520-1288c1d411d4,"Beams & Sections, 115 t - Dena Dam & Water Works Ltd.",Dena Dam & Water Works Ltd.,Managing Director,100000005,East Azerbaijan,8,22ab7752-c4db-4a62-ae13-418d68ab80ea,794d8f22-169d-4d86-aea5-457d8ead3242,100000001,150.0,,beb79919-3f22-4af8-a3be-d01d43cf2fde,2025-04-23T13:25:00Z,2025-04-27T11:11:00Z,2,6,
b5b22f45-a01b-4630-8e76-28f98d6fa5e1,"Hot-Rolled Sheet, 30 t - Tous Fabrication Works Group",Tous Fabrication Works Group,Procurement Lead,100000001,Tehran,8,22ab7752-c4db-4a62-ae13-418d68ab80ea,d1fd1139-fc20-4440-bcf4-fa3d5c86a717,100000002,25.0,,5304317f-af42-412f-b838-b3268e944239,2025-05-05T05:37:00Z,2025-05-10T10:05:00Z,2,5,
d55cec3a-3568-4809-9268-358f6cd65311,"Hot-Rolled Sheet, 180 t - Vista Steel Merchants Ltd.",Vista Steel Merchants Ltd.,Purchasing Manager,100000004,Isfahan,8,22ab7752-c4db-4a62-ae13-418d68ab80ea,8f1a95c4-c9ce-4178-9c62-a24735a853a9,100000002,105.0,,9132b63e-f162-47e4-a9c3-49e03602f8ac,2025-05-10T10:02:00Z,2025-05-14T08:37:00Z,2,6,
7d713295-cfb8-4551-adf8-bf9503530dfa,"Pipes & Profiles, 55 t - Kowsar-Tina Eskelet Felezi",Kowsar-Tina Eskelet Felezi,Managing Director,100000001,Khorasan Razavi,8,22ab7752-c4db-4a62-ae13-418d68ab80ea,9b5fe73e-9b99-4612-b352-eb6c31262a60,100000005,50.0,,24933b83-7577-40a9-a491-f0b2ea1fca65,2025-05-13T04:59:00Z,2025-05-18T11:34:00Z,2,6,
42f4d7c1-1318-4d78-8215-821f28023812,"Rebar, 40 t - Gilan Contracting Industries",Gilan Contracting Industries,Managing Director,100000000,East Azerbaijan,8,22ab7752-c4db-4a62-ae13-418d68ab80ea,9e5459c5-7fd8-4ca0-8049-0600f8c93397,100000000,35.0,,beb79919-3f22-4af8-a3be-d01d43cf2fde,2025-04-28T09:01:00Z,2025-05-03T09:16:00Z,2,4,
a0fbb1e1-d6d8-4d81-8fd6-760904bf92a2,"Beams & Sections, 15 t - Pardis Eskelet Felezi Ltd.",Pardis Eskelet Felezi Ltd.,Supply Chain Manager,100000001,Isfahan,8,22ab7752-c4db-4a62-ae13-418d68ab80ea,9b089bb1-b43b-4f97-b5d4-353ed3552ef4,100000001,10.0,,10f1bc81-448a-4a9e-a6b2-bc5b50c187fc,2025-05-13T06:30:00Z,2025-05-19T12:45:00Z,2,4,
acf31b4d-9583-4542-895c-97fdfa51a4d5,"Beams & Sections, 70 t - Darya Abadgaran Group",Darya Abadgaran Group,Purchasing Manager,100000000,Hormozgan,8,22ab7752-c4db-4a62-ae13-418d68ab80ea,2e77420b-73bc-45a3-a319-47b63b2db945,100000001,65.0,,e27a984d-6548-41d0-bfcd-9eb1a7cad415,2025-04-22T11:19:00Z,2025-04-26T07:17:00Z,2,5,
282e4148-320a-45e3-9e39-582271a57d0b,"Rebar, 775 t - Mahan Urban Infrastructure Group",Mahan Urban Infrastructure Group,Procurement Lead,100000005,Tehran,8,22ab7752-c4db-4a62-ae13-418d68ab80ea,ae9921db-ea3d-4bd2-9ca6-41ec5d3177dc,100000000,1295.0,,ce177b4e-0837-48a3-9261-a7ab3aa2e4f9,2025-05-01T08:31:00Z,2025-05-05T13:09:00Z,2,4,
58c5d8c0-f117-40f9-b351-c6b1796a9818,"Galvanized Sheet, 40 t - Karun Greenhouse Structures Co.",Karun Greenhouse Structures Co.,Procurement Lead,100000006,Isfahan,8,22ab7752-c4db-4a62-ae13-418d68ab80ea,9ade04de-ac6d-4a52-97d0-50cf86142f38,100000004,35.0,,10f1bc81-448a-4a9e-a6b2-bc5b50c187fc,2025-04-30T12:26:00Z,2025-05-03T10:17:00Z,2,5,
4b1886cf-9756-4db3-94a1-b2c5eba17684,"Beams & Sections, 75 t - Vista Eskelet Felezi Ltd.",Vista Eskelet Felezi Ltd.,Procurement Lead,100000001,Alborz,8,22ab7752-c4db-4a62-ae13-418d68ab80ea,d15f2728-d477-4223-9cab-893c7a95df83,100000001,50.0,,5304317f-af42-412f-b838-b3268e944239,2025-05-18T10:20:00Z,2025-05-20T12:13:00Z,2,4,
61f73d23-2b10-47f3-8d12-4a8a7f05edef,"Rebar, 25 t - Gohar Sakhteman Ltd.",Gohar Sakhteman Ltd.,Procurement Lead,100000000,Fars,8,22ab7752-c4db-4a62-ae13-418d68ab80ea,e23ab145-4583-4517-8618-316969251436,100000000,35.0,,e27a984d-6548-41d0-bfcd-9eb1a7cad415,2025-04-26T05:16:00Z,2025-05-01T07:50:00Z,2,6,
bc40056e-438a-4f44-8c6a-3edfdf335e9a,"Rebar, 125 t - Mehrgan Builders Group",Mehrgan Builders Group,Purchasing Manager,100000000,Tehran,8,22ab7752-c4db-4a62-ae13-418d68ab80ea,cef83c01-64ca-4dbb-9832-fcdc59c435a2,100000000,70.0,9e78209e-6290-429a-a322-8db2bdcd79ee,0e51f30d-c6a7-4e39-84b0-32ccd7c524a5,2025-05-17T09:04:00Z,2025-05-24T08:09:00Z,1,3,67e12777-244a-4147-91f4-6422da35cddf
2b6e6210-7ec2-4a2f-b153-b57a3dc84bf1,"Rebar, 70 t - Navid Abadgaran Industries",Navid Abadgaran Industries,Purchasing Manager,100000000,Tehran,8,22ab7752-c4db-4a62-ae13-418d68ab80ea,5d52cfd5-c64f-455b-8605-44c140d0e9a7,100000000,65.0,a4455252-3a1c-4f77-a0e5-0bc4509814a6,5304317f-af42-412f-b838-b3268e944239,2025-05-20T12:02:00Z,2025-05-22T06:48:00Z,1,3,88309d62-b0ed-40ce-b521-cbe94cb5d8e3
37460577-8837-4d40-bac5-3c2a5fe59f25,"Beams & Sections, 175 t - Persis Urban Infrastructure Group",Persis Urban Infrastructure Group,Purchasing Manager,100000005,Khorasan Razavi,8,22ab7752-c4db-4a62-ae13-418d68ab80ea,01ddd910-8664-45a3-bb66-efa2f7c430ca,100000001,150.0,,24933b83-7577-40a9-a491-f0b2ea1fca65,2025-05-13T06:52:00Z,2025-05-17T13:19:00Z,2,4,
6138ecfd-99d0-4cf0-a836-82373f679b26,"Rebar, 305 t - Navid Urban Infrastructure Industries",Navid Urban Infrastructure Industries,Site Engineer,100000005,Alborz,8,22ab7752-c4db-4a62-ae13-418d68ab80ea,1ef10ccd-9b6f-41a3-b8bb-cc542fc068d2,100000000,330.0,,5304317f-af42-412f-b838-b3268e944239,2025-05-10T05:25:00Z,2025-05-14T05:13:00Z,2,4,
41eff71d-b4de-4f85-bd4b-a09bcf9072f1,"Pipes & Profiles, 10 t - Hoda Builders Group",Hoda Builders Group,Managing Director,100000000,Tehran,8,22ab7752-c4db-4a62-ae13-418d68ab80ea,2d3ac36b-37ea-48bf-a2e6-1e64e141dc61,100000005,10.0,,b02b61c4-a3d7-4628-ace6-6fa2fd5166e6,2025-05-01T11:06:00Z,2025-05-07T10:38:00Z,2,4,
fbc35bfe-b110-4dd8-8437-e4d36d52925c,"Rebar, 190 t - Parsian Ahan Forooshi Industries",Parsian Ahan Forooshi Industries,Project Manager,100000004,Tehran,8,22ab7752-c4db-4a62-ae13-418d68ab80ea,a5d0e64a-47f8-4f47-b79f-9a7b65026ba0,100000000,240.0,bedd7a60-6e8f-4cb2-9d1f-f71a64e37441,ce177b4e-0837-48a3-9261-a7ab3aa2e4f9,2025-04-19T06:59:00Z,2025-04-22T12:27:00Z,1,3,93d678e1-d648-4d53-bd68-85af2e35ee60
2589f9f3-983a-4480-95ee-c0c71c8899b2,"Hot-Rolled Sheet, 60 t - Jahan-Sepehr Steel Structures",Jahan-Sepehr Steel Structures,Purchasing Manager,100000001,Mazandaran,8,22ab7752-c4db-4a62-ae13-418d68ab80ea,43b368c5-797b-4275-9e8c-7c4b92042eee,100000002,50.0,,b02b61c4-a3d7-4628-ace6-6fa2fd5166e6,2025-05-17T07:47:00Z,2025-05-21T12:28:00Z,2,4,
7ba1df41-0b7f-4b20-afab-80117d3e6058,"Beams & Sections, 15 t - Pishgam Steel Structures Group",Pishgam Steel Structures Group,Procurement Lead,100000001,Isfahan,8,22ab7752-c4db-4a62-ae13-418d68ab80ea,a0d74e74-2dd5-4472-8569-f9ac16bace62,100000001,15.0,,9132b63e-f162-47e4-a9c3-49e03602f8ac,2025-04-28T05:59:00Z,2025-05-03T09:25:00Z,2,5,
406996a0-437a-4b1c-9652-6a596d577ccc,"Rebar, 60 t - Bamdad Sazeh Industries",Bamdad Sazeh Industries,Site Engineer,100000000,East Azerbaijan,8,22ab7752-c4db-4a62-ae13-418d68ab80ea,058ff66e-d5a3-4c5e-9cf0-53653c6e5ced,100000000,50.0,,beb79919-3f22-4af8-a3be-d01d43cf2fde,2025-05-12T07:30:00Z,2025-05-17T11:18:00Z,2,6,
f13cba45-ae21-4765-8ab0-3a04b318dfed,"Hot-Rolled Sheet, 40 t - Sahand-Taban Fabrication Works",Sahand-Taban Fabrication Works,Managing Director,100000001,Tehran,8,22ab7752-c4db-4a62-ae13-418d68ab80ea,ea0fbad5-d89c-4969-a2f2-3fba15cf6f1c,100000002,30.0,,b02b61c4-a3d7-4628-ace6-6fa2fd5166e6,2025-05-10T09:00:00Z,2025-05-13T08:07:00Z,2,5,
f5bf829e-4c2f-4dec-b723-f78f855ad5d5,"Wire Rod, 25 t - Iman Agri-Steel Group",Iman Agri-Steel Group,Purchasing Manager,100000006,Khorasan Razavi,8,22ab7752-c4db-4a62-ae13-418d68ab80ea,96978820-a505-44a2-9925-0e145d29915e,100000006,25.0,,24933b83-7577-40a9-a491-f0b2ea1fca65,2025-05-20T08:14:00Z,2025-05-24T11:57:00Z,2,4,
942ae6d0-7d41-4061-82ff-47f9faad96cb,"Rebar, 105 t - Orang Foolad Trading Industries",Orang Foolad Trading Industries,Purchasing Manager,100000004,Khorasan Razavi,8,22ab7752-c4db-4a62-ae13-418d68ab80ea,c74bdef2-8149-459c-b184-3535eaaaa624,100000000,115.0,,24933b83-7577-40a9-a491-f0b2ea1fca65,2025-05-08T06:21:00Z,2025-05-14T06:49:00Z,2,6,
446f9dd4-6d64-41bb-9194-593107ab9ed9,"Beams & Sections, 120 t - Ilia Sazeh Group",Ilia Sazeh Group,Purchasing Manager,100000000,Isfahan,8,22ab7752-c4db-4a62-ae13-418d68ab80ea,e2ee3c76-1e7d-438a-9d05-8057a4245d9f,100000001,140.0,44d6eeca-bb12-40a9-87e9-974d70fd7536,10f1bc81-448a-4a9e-a6b2-bc5b50c187fc,2025-05-18T06:00:00Z,2025-05-22T05:55:00Z,1,3,61d0ef4f-6470-4bde-966a-f76f456ebbd0
76627a18-59ec-4726-84ce-1d19d767a1fc,"Hot-Rolled Sheet, 10 t - Pouya-Mahan Eskelet Felezi",Pouya-Mahan Eskelet Felezi,Procurement Lead,100000001,Fars,8,22ab7752-c4db-4a62-ae13-418d68ab80ea,847dcdd6-411a-4578-ba5e-142b02b8a68f,100000002,10.0,,e27a984d-6548-41d0-bfcd-9eb1a7cad415,2025-05-11T10:41:00Z,2025-05-15T07:42:00Z,2,5,
bf013ce6-535b-4706-84ee-0dc8be8445f6,"Beams & Sections, 25 t - Mehr Construction Industries",Mehr Construction Industries,Purchasing Manager,100000000,Hormozgan,1,bab2b77d-fa74-4cc8-a43a-fb7ac40d4874,7e11108a-6d92-445a-952c-4aadf2bec06d,100000001,35.0,50c16154-e6a7-40cf-9291-b76da8b3815d,e27a984d-6548-41d0-bfcd-9eb1a7cad415,2025-08-30T13:10:00Z,2025-09-02T08:48:00Z,1,3,5ddf1634-bf6d-4117-ab66-977849a9128e
9e8b5907-6c5f-4fe7-a78e-4cfc579f875d,"Beams & Sections, 15 t - Pouya Fabrication Works Group",Pouya Fabrication Works Group,Site Engineer,100000001,Hormozgan,1,bab2b77d-fa74-4cc8-a43a-fb7ac40d4874,d3294a71-b697-492f-9840-fd58014cd941,100000001,20.0,,e27a984d-6548-41d0-bfcd-9eb1a7cad415,2025-08-23T08:30:00Z,2025-08-25T05:33:00Z,2,6,
fa7d1bd7-00d2-4503-b813-ddba43c5d121,"Cold-Rolled Sheet, 15 t - Espadana Appliance Components Ltd.",Espadana Appliance Components Ltd.,Procurement Lead,100000003,Tehran,1,bab2b77d-fa74-4cc8-a43a-fb7ac40d4874,5a4594cf-6648-4283-b6de-1f5cd985084a,100000003,10.0,,0e51f30d-c6a7-4e39-84b0-32ccd7c524a5,2025-08-17T10:09:00Z,2025-08-21T12:35:00Z,2,4,
cec88e0d-2056-40f7-8465-d576eeeb75c7,"Galvanized Sheet, 30 t - Sepehr Greenhouse Structures Co.",Sepehr Greenhouse Structures Co.,Procurement Lead,100000006,Isfahan,1,bab2b77d-fa74-4cc8-a43a-fb7ac40d4874,626f3613-dab4-40f9-b15f-c97dff2868c3,100000004,30.0,,9132b63e-f162-47e4-a9c3-49e03602f8ac,2025-08-30T06:48:00Z,2025-09-03T06:04:00Z,2,5,
c1a924bd-7186-4c57-9be1-e450842607d2,"Rebar, 35 t - Taban Sakhteman Group",Taban Sakhteman Group,Supply Chain Manager,100000000,Tehran,1,bab2b77d-fa74-4cc8-a43a-fb7ac40d4874,ea4bea02-37af-4808-b2c2-f792b575008f,100000000,30.0,,5304317f-af42-412f-b838-b3268e944239,2025-08-23T12:00:00Z,2025-08-26T10:36:00Z,2,6,
74177003-8076-4cbf-bde2-c14d43057119,"Beams & Sections, 55 t - Zarrin Contracting Group",Zarrin Contracting Group,Managing Director,100000000,Khuzestan,1,bab2b77d-fa74-4cc8-a43a-fb7ac40d4874,4da72051-d84f-41fe-940e-67749ede0b0e,100000001,50.0,,366eb16f-508e-4ad7-b7c9-3acfe059a0ee,2025-08-21T06:29:00Z,2025-08-25T07:04:00Z,2,6,
0a83a23a-4a5c-4385-b63b-7fc8683fb175,"Beams & Sections, 65 t - Tous Steel Depot Co.",Tous Steel Depot Co.,Procurement Lead,100000004,Khorasan Razavi,1,bab2b77d-fa74-4cc8-a43a-fb7ac40d4874,49c15eb9-415b-47d1-a787-38ea22dffd0a,100000001,65.0,,24933b83-7577-40a9-a491-f0b2ea1fca65,2025-08-18T07:54:00Z,2025-08-20T09:08:00Z,2,5,
f121434e-1010-4064-8e26-20ff328529a1,"Beams & Sections, 155 t - Rastin Iron & Steel Supply Group",Rastin Iron & Steel Supply Group,Supply Chain Manager,100000004,East Azerbaijan,1,bab2b77d-fa74-4cc8-a43a-fb7ac40d4874,5c463ee1-65b5-4140-bb90-9e8fadf65518,100000001,135.0,e809f6e6-7f16-449a-9a6c-8efc46bbed34,beb79919-3f22-4af8-a3be-d01d43cf2fde,2025-08-10T06:10:00Z,2025-08-11T05:11:00Z,1,3,baddaf6c-c58c-47b2-811c-75e0ea37966b
6f656ede-ec73-470b-9d10-562ed4adf7b8,"Hot-Rolled Sheet, 115 t - Varna Iron & Steel Supply Industries",Varna Iron & Steel Supply Industries,Procurement Lead,100000004,Tehran,1,bab2b77d-fa74-4cc8-a43a-fb7ac40d4874,e34248cf-5611-4b2f-b6a3-14dd9f5b4f6a,100000002,80.0,,ce177b4e-0837-48a3-9261-a7ab3aa2e4f9,2025-08-20T11:03:00Z,2025-08-30T05:54:00Z,2,6,
118d9d9a-dece-41f8-be19-0e81f72cbfc1,"Hot-Rolled Sheet, 45 t - Yekta Pipe Works Ltd.",Yekta Pipe Works Ltd.,Supply Chain Manager,100000002,Alborz,1,bab2b77d-fa74-4cc8-a43a-fb7ac40d4874,ae809581-9db6-46d9-b029-4048c7479b4f,100000002,65.0,ade1266b-a56f-40b4-99aa-ae048bdbbc7a,b02b61c4-a3d7-4628-ace6-6fa2fd5166e6,2025-08-12T08:07:00Z,2025-08-19T06:03:00Z,1,3,b3858457-7afc-4eb2-8d0d-30c719e3e579
cdec28d1-d7e4-4d03-a174-1e1145e14de1,"Hot-Rolled Sheet, 30 t - Hirad Fabrication Works Ltd.",Hirad Fabrication Works Ltd.,Supply Chain Manager,100000001,Isfahan,1,bab2b77d-fa74-4cc8-a43a-fb7ac40d4874,e1c8cc3e-bf6b-4fd7-bf9b-754c677862ae,100000002,30.0,,9132b63e-f162-47e4-a9c3-49e03602f8ac,2025-08-30T04:52:00Z,2025-09-03T12:28:00Z,2,6,
41f5d233-07ad-4ae1-9925-70eb465a3414,"Beams & Sections, 260 t - Orang Iron & Steel Supply Ltd.",Orang Iron & Steel Supply Ltd.,Managing Director,100000004,Isfahan,1,bab2b77d-fa74-4cc8-a43a-fb7ac40d4874,4e948af0-69bc-4bd9-90f0-a71cba59aaf1,100000001,225.0,,9132b63e-f162-47e4-a9c3-49e03602f8ac,2025-08-13T10:16:00Z,2025-08-14T12:21:00Z,2,6,
713d6909-3d57-48e2-a80e-18666f20c7fa,"Rebar, 25 t - Iman Abadgaran Ltd.",Iman Abadgaran Ltd.,Site Engineer,100000000,Mazandaran,1,bab2b77d-fa74-4cc8-a43a-fb7ac40d4874,d207c371-9969-42b0-beb2-130dc2f9e2d8,100000000,30.0,,0e51f30d-c6a7-4e39-84b0-32ccd7c524a5,2025-08-12T11:31:00Z,2025-08-16T12:38:00Z,2,4,
379c2a7a-9c1f-47f1-90c1-2a2a624f4792,"Hot-Rolled Sheet, 25 t - Rahyab Pipe Works Ltd.",Rahyab Pipe Works Ltd.,Supply Chain Manager,100000002,Khorasan Razavi,1,bab2b77d-fa74-4cc8-a43a-fb7ac40d4874,41dabbdc-f32a-49a1-aea8-dac74e531789,100000002,35.0,178393ca-3fd3-46b4-95bf-e6dfb400dcf7,24933b83-7577-40a9-a491-f0b2ea1fca65,2025-08-27T09:36:00Z,2025-08-31T13:06:00Z,1,3,72061d39-1a4c-4283-a067-87d0a13b7a72
47764ac6-9d73-4b20-b22c-055524e8811a,"Wire Rod, 115 t - Golestan Steel Merchants Co.",Golestan Steel Merchants Co.,Purchasing Manager,100000004,Alborz,1,bab2b77d-fa74-4cc8-a43a-fb7ac40d4874,a751f7d9-4f9a-436c-a743-9b986fe9dfc5,100000006,125.0,,ce177b4e-0837-48a3-9261-a7ab3aa2e4f9,2025-08-23T08:56:00Z,2025-08-28T06:17:00Z,2,6,
3e9e998c-805e-4284-beea-f07553a7fb02,"Cold-Rolled Sheet, 25 t - Bamdad Appliance Components Industries",Bamdad Appliance Components Industries,Managing Director,100000003,Isfahan,1,bab2b77d-fa74-4cc8-a43a-fb7ac40d4874,f6b280d6-8554-4472-bd46-9c7ee21cb77f,100000003,20.0,,10f1bc81-448a-4a9e-a6b2-bc5b50c187fc,2025-08-27T13:05:00Z,2025-08-31T12:40:00Z,2,5,
f7d665e4-36ff-4617-8393-62669a06055b,"Rebar, 40 t - Arya Contracting Industries",Arya Contracting Industries,Supply Chain Manager,100000000,Khuzestan,1,bab2b77d-fa74-4cc8-a43a-fb7ac40d4874,f0cdba27-4165-4e8a-a39f-2d8a42d9f538,100000000,35.0,,366eb16f-508e-4ad7-b7c9-3acfe059a0ee,2025-08-24T08:37:00Z,2025-08-28T10:49:00Z,2,7,
6e6944d3-8296-443c-af5c-0047fb0e33b8,"Pipes & Profiles, 105 t - Iman Eskelet Felezi Ltd.",Iman Eskelet Felezi Ltd.,Supply Chain Manager,100000001,Tehran,1,bab2b77d-fa74-4cc8-a43a-fb7ac40d4874,1678c235-26a3-4e64-8ab5-fb870fbb4d44,100000005,70.0,,5304317f-af42-412f-b838-b3268e944239,2025-08-17T05:02:00Z,2025-08-20T11:11:00Z,2,4,
e6723a7f-7589-4aab-997d-887e446be3b3,"Galvanized Sheet, 15 t - Sahand Agri-Steel Industries",Sahand Agri-Steel Industries,Managing Director,100000006,Tehran,1,bab2b77d-fa74-4cc8-a43a-fb7ac40d4874,875bd28d-14de-4894-9a67-4f17207d269d,100000004,10.0,,b02b61c4-a3d7-4628-ace6-6fa2fd5166e6,2025-08-28T08:48:00Z,2025-09-01T07:55:00Z,2,4,
e7820d38-1621-4342-a6d6-37743384e0ed,"Galvanized Sheet, 50 t - Nasim Greenhouse Structures Co.",Nasim Greenhouse Structures Co.,Project Manager,100000006,Tehran,1,bab2b77d-fa74-4cc8-a43a-fb7ac40d4874,38bef4c4-2cef-48bb-8b11-7f72db1bda74,100000004,40.0,,b02b61c4-a3d7-4628-ace6-6fa2fd5166e6,2025-08-16T11:22:00Z,2025-08-21T05:24:00Z,2,6,
bf54ef05-791b-4244-a442-fc9ea109dbab,"Rebar, 150 t - Arya Construction Ltd.",Arya Construction Ltd.,Project Manager,100000000,Tehran,1,bab2b77d-fa74-4cc8-a43a-fb7ac40d4874,67ba0a4d-3df0-475f-aca8-e5a40ddc0cb3,100000000,230.0,,5304317f-af42-412f-b838-b3268e944239,2025-08-24T10:08:00Z,2025-08-27T08:22:00Z,2,4,
38aae3d2-9b56-43d8-8cc6-7b2619390455,"Hot-Rolled Sheet, 25 t - Sabalan Fabrication Works Group",Sabalan Fabrication Works Group,Managing Director,100000001,Tehran,1,bab2b77d-fa74-4cc8-a43a-fb7ac40d4874,50e97f96-c770-4627-8864-155c8121f2ad,100000002,10.0,,0e51f30d-c6a7-4e39-84b0-32ccd7c524a5,2025-08-28T12:46:00Z,2025-08-31T07:50:00Z,2,6,
d8cb26ef-d72f-4093-a456-6dc572f6f598,"Rebar, 15 t - Atlas Abadgaran Ltd.",Atlas Abadgaran Ltd.,Project Manager,100000000,Khuzestan,1,bab2b77d-fa74-4cc8-a43a-fb7ac40d4874,17b05872-787f-47de-beae-7e2c90bde40e,100000000,15.0,,366eb16f-508e-4ad7-b7c9-3acfe059a0ee,2025-08-18T12:38:00Z,2025-08-24T10:09:00Z,2,4,
bd73f845-faa7-476f-a634-ba2ad3fa1479,"Rebar, 60 t - Hirad Omran Industries",Hirad Omran Industries,Purchasing Manager,100000000,East Azerbaijan,1,bab2b77d-fa74-4cc8-a43a-fb7ac40d4874,5add8fa5-debf-402d-be25-ed84ed966a68,100000000,60.0,,beb79919-3f22-4af8-a3be-d01d43cf2fde,2025-09-01T07:13:00Z,2025-09-04T06:11:00Z,2,6,
20f08b3c-c295-4eae-86ac-7b106921a9ef,"Wire Rod, 15 t - Iranmehr Agri-Steel Industries",Iranmehr Agri-Steel Industries,Supply Chain Manager,100000006,Tehran,1,bab2b77d-fa74-4cc8-a43a-fb7ac40d4874,28fd4f15-d19b-490f-a961-1c5d94ba3bf2,100000006,10.0,,b02b61c4-a3d7-4628-ace6-6fa2fd5166e6,2025-08-25T09:43:00Z,2025-08-30T09:08:00Z,2,6,
a63c00a2-966f-4fcb-80d3-88e6d6a3d393,"Beams & Sections, 210 t - Kimia Metals Supply Co.",Kimia Metals Supply Co.,Procurement Lead,100000004,Hormozgan,1,bab2b77d-fa74-4cc8-a43a-fb7ac40d4874,6f9e0b19-3864-43cd-89b6-ec87f0755e44,100000001,230.0,,e27a984d-6548-41d0-bfcd-9eb1a7cad415,2025-08-11T09:30:00Z,2025-08-16T07:56:00Z,2,6,
55fa5e1b-902b-49c1-9aed-280a19be15ad,"Rebar, 145 t - Espadana Foolad Trading Co.",Espadana Foolad Trading Co.,Project Manager,100000004,Khorasan Razavi,1,bab2b77d-fa74-4cc8-a43a-fb7ac40d4874,f5771042-e185-4e53-a123-1f2881ab5333,100000000,180.0,66b72795-e8a4-461a-9992-ea33bc394ae3,24933b83-7577-40a9-a491-f0b2ea1fca65,2025-08-28T10:41:00Z,2025-09-01T06:24:00Z,1,3,6ed9cce2-eb69-46b6-a858-a3d49047fdea
901c3aa6-cc54-42b4-b203-60ba63ed8c86,"Cold-Rolled Sheet, 30 t - Kaspian Appliance Components Co.",Kaspian Appliance Components Co.,Supply Chain Manager,100000003,Isfahan,1,bab2b77d-fa74-4cc8-a43a-fb7ac40d4874,5cad2517-9839-4ae1-b635-94aa51642de2,100000003,30.0,,9132b63e-f162-47e4-a9c3-49e03602f8ac,2025-08-11T07:29:00Z,2025-08-16T06:23:00Z,2,5,
737d0c5e-7fc6-4a54-883b-2d4efafa054e,"Rebar, 25 t - Diba Abadgaran Ltd.",Diba Abadgaran Ltd.,Project Manager,100000000,Tehran,1,bab2b77d-fa74-4cc8-a43a-fb7ac40d4874,f1a19dab-7303-4903-8274-9f61431b9f9f,100000000,15.0,,5304317f-af42-412f-b838-b3268e944239,2025-08-25T10:50:00Z,2025-08-27T08:57:00Z,2,5,
0fc3d695-333c-4435-9c94-0c89148b825d,"Hot-Rolled Sheet, 55 t - Helia Tube Mills Co.",Helia Tube Mills Co.,Project Manager,100000002,Tehran,1,bab2b77d-fa74-4cc8-a43a-fb7ac40d4874,d7a478e1-093d-4f33-85e4-b8e3250432f4,100000002,60.0,,0e51f30d-c6a7-4e39-84b0-32ccd7c524a5,2025-08-20T06:48:00Z,2025-08-23T10:41:00Z,2,7,
93400bc2-95d4-41cb-b650-67e06b941b94,"Pipes & Profiles, 40 t - Vista-Kaspian Eskelet Felezi",Vista-Kaspian Eskelet Felezi,Purchasing Manager,100000001,Tehran,1,bab2b77d-fa74-4cc8-a43a-fb7ac40d4874,918f9792-16cb-43cb-93cb-f1601ca7d53d,100000005,30.0,,b02b61c4-a3d7-4628-ace6-6fa2fd5166e6,2025-08-10T11:24:00Z,2025-08-13T13:26:00Z,2,4,
b0861535-6c6c-4ded-ad8d-370154dc0efa,"Pipes & Profiles, 25 t - Orang Agri-Steel Group",Orang Agri-Steel Group,Procurement Lead,100000006,Fars,1,bab2b77d-fa74-4cc8-a43a-fb7ac40d4874,d7d5936c-5455-423c-bc44-994a3b6db5ef,100000005,15.0,92a97acd-3d88-4938-aad6-5b8c3a38b844,e27a984d-6548-41d0-bfcd-9eb1a7cad415,2025-08-21T13:26:00Z,2025-08-23T13:12:00Z,2,5,
2fbb6758-6aee-4d20-bde7-58c75a32dd3f,"Hot-Rolled Sheet, 10 t - Fardis Appliance Components Industries",Fardis Appliance Components Industries,Supply Chain Manager,100000003,Tehran,1,bab2b77d-fa74-4cc8-a43a-fb7ac40d4874,a4c661c2-7361-4e0b-9f87-67bcdac9e470,100000002,10.0,,b02b61c4-a3d7-4628-ace6-6fa2fd5166e6,2025-08-12T07:09:00Z,2025-08-17T10:18:00Z,2,6,
cbcd9eed-0cfc-4b77-aac8-6a300cf6812b,"Pipes & Profiles, 10 t - Raman Greenhouse Structures Ltd.",Raman Greenhouse Structures Ltd.,Site Engineer,100000006,Isfahan,1,bab2b77d-fa74-4cc8-a43a-fb7ac40d4874,a9784027-b882-4191-8cb1-c1f5af67fc6f,100000005,10.0,,10f1bc81-448a-4a9e-a6b2-bc5b50c187fc,2025-08-27T13:04:00Z,2025-09-03T05:35:00Z,2,5,
327272f0-ac92-4046-b7e4-99d131163301,"Rebar, 55 t - Arman Steel Merchants Ltd.",Arman Steel Merchants Ltd.,Managing Director,100000004,Fars,1,bab2b77d-fa74-4cc8-a43a-fb7ac40d4874,1f3153af-4512-4010-95f5-6ba3e847ffcd,100000000,40.0,,e27a984d-6548-41d0-bfcd-9eb1a7cad415,2025-08-14T10:33:00Z,2025-08-19T09:18:00Z,2,4,
5428400d-113d-401c-abc8-2ea5ccd4f106,"Pipes & Profiles, 185 t - Tina Steel Merchants Ltd.",Tina Steel Merchants Ltd.,Project Manager,100000004,Tehran,1,bab2b77d-fa74-4cc8-a43a-fb7ac40d4874,98e77da3-f0bc-42ad-bb03-9d53572de5e0,100000005,200.0,,b02b61c4-a3d7-4628-ace6-6fa2fd5166e6,2025-08-24T12:12:00Z,2025-08-28T13:08:00Z,2,4,
2da3dab1-97b7-43a8-8dd4-1b5ecd9101e6,"Galvanized Sheet, 25 t - Jahan Agri-Steel Co.",Jahan Agri-Steel Co.,Site Engineer,100000006,Tehran,1,bab2b77d-fa74-4cc8-a43a-fb7ac40d4874,bcdb829b-2d7c-40c1-9446-03f1b4322032,100000004,25.0,,0e51f30d-c6a7-4e39-84b0-32ccd7c524a5,2025-08-23T04:37:00Z,2025-08-30T13:04:00Z,2,6,
83630085-d0c9-46e9-b765-ee911586f8d9,"Beams & Sections, 55 t - Rastin Abadgaran Group",Rastin Abadgaran Group,Project Manager,100000000,Isfahan,1,bab2b77d-fa74-4cc8-a43a-fb7ac40d4874,c046c195-01c0-418c-88c4-32011c335961,100000001,75.0,,9132b63e-f162-47e4-a9c3-49e03602f8ac,2025-08-12T13:04:00Z,2025-08-16T12:24:00Z,2,5,
1ee69b68-e7e0-42b0-8176-f8102761cfcf,"Rebar, 45 t - Elham Builders Industries",Elham Builders Industries,Procurement Lead,100000000,Alborz,1,bab2b77d-fa74-4cc8-a43a-fb7ac40d4874,524a6106-6985-476d-ab1c-d0d3dacef960,100000000,50.0,,5304317f-af42-412f-b838-b3268e944239,2025-08-12T05:09:00Z,2025-08-17T10:24:00Z,2,4,
2bbb36ad-c47b-4bfa-889b-5619e0b8f61c,"Pipes & Profiles, 25 t - Arya Golkhaneh Sazan Industries",Arya Golkhaneh Sazan Industries,Site Engineer,100000006,Alborz,1,bab2b77d-fa74-4cc8-a43a-fb7ac40d4874,d42da288-6713-4e6e-9bfb-57971a330548,100000005,30.0,b9fdb77d-e1a3-433c-a5c5-eecd20192edf,b02b61c4-a3d7-4628-ace6-6fa2fd5166e6,2025-08-23T10:29:00Z,2025-08-27T05:06:00Z,1,3,7536bee7-f383-4240-9b07-affcac57084b
f7afb9c6-d5c4-47af-aff2-7b853f34a4af,"Wire Rod, 30 t - Shahab Ahan Bazar Ltd.",Shahab Ahan Bazar Ltd.,Site Engineer,100000004,Hormozgan,1,bab2b77d-fa74-4cc8-a43a-fb7ac40d4874,502998fa-23b2-4e08-beb7-bbd202912c35,100000006,25.0,,e27a984d-6548-41d0-bfcd-9eb1a7cad415,2025-08-23T12:15:00Z,2025-08-28T08:01:00Z,2,5,
93995122-82e3-4aaf-ad8b-39a0cb877375,"Rebar, 45 t - Mehr Construction Co.",Mehr Construction Co.,Supply Chain Manager,100000000,Alborz,1,bab2b77d-fa74-4cc8-a43a-fb7ac40d4874,2b5496fe-8d24-472d-8e10-686f1a784b9a,100000000,45.0,,b02b61c4-a3d7-4628-ace6-6fa2fd5166e6,2025-09-01T04:48:00Z,2025-09-06T10:11:00Z,2,7,
d2141053-121e-48e9-bc3a-4e30942d1b01,"Beams & Sections, 15 t - Pouya Omran Ltd.",Pouya Omran Ltd.,Procurement Lead,100000000,Tehran,1,bab2b77d-fa74-4cc8-a43a-fb7ac40d4874,5e01d99e-9a22-4fd3-9d3b-f365856479fc,100000001,10.0,,b02b61c4-a3d7-4628-ace6-6fa2fd5166e6,2025-08-30T06:39:00Z,2025-09-03T10:45:00Z,2,4,
01c00a3e-589f-4072-8e99-6979b84c570d,"Rebar, 50 t - Sabalan Abadgaran Group",Sabalan Abadgaran Group,Managing Director,100000000,Khorasan Razavi,1,bab2b77d-fa74-4cc8-a43a-fb7ac40d4874,77b34648-b505-46a1-8ffd-78e13fdbb81f,100000000,60.0,,24933b83-7577-40a9-a491-f0b2ea1fca65,2025-08-23T11:37:00Z,2025-08-25T12:04:00Z,2,5,
5ab91fbd-b052-4f0f-a8d1-87a3354a922f,"Hot-Rolled Sheet, 15 t - Arman Pipe & Profile Industries",Arman Pipe & Profile Industries,Supply Chain Manager,100000002,Khuzestan,1,bab2b77d-fa74-4cc8-a43a-fb7ac40d4874,69d9345e-94f3-441a-98a4-fb514b4d1abd,100000002,10.0,,366eb16f-508e-4ad7-b7c9-3acfe059a0ee,2025-08-16T08:50:00Z,2025-08-23T13:22:00Z,2,4,
3afb00f9-ac2a-4ede-9b75-0a7657b643c6,"Beams & Sections, 20 t - Pardis Steel Merchants Ltd.",Pardis Steel Merchants Ltd.,Procurement Lead,100000004,Tehran,1,bab2b77d-fa74-4cc8-a43a-fb7ac40d4874,4f01e194-7f75-46f9-a925-033898be139e,100000001,25.0,,5304317f-af42-412f-b838-b3268e944239,2025-08-28T08:42:00Z,2025-08-31T07:03:00Z,2,5,
376b3045-2c28-4fde-adad-91d6d3789ce5,"Rebar, 45 t - Gilan Construction Ltd.",Gilan Construction Ltd.,Purchasing Manager,100000000,Tehran,8,5fdcabbf-6b9c-471c-b6ba-745ba55871e3,f4b2333d-e22e-48d5-b2df-7267b59946e2,100000000,40.0,df8a40cb-cade-4081-a308-244810292c12,0e51f30d-c6a7-4e39-84b0-32ccd7c524a5,2025-08-18T05:57:00Z,2025-08-20T12:31:00Z,1,3,cd10a024-f990-4104-b446-52663b2ba5dc
a1e0c35e-cae3-4071-a43b-46b47213d4a3,"Beams & Sections, 25 t - Kimia-Karun Fabrication Works",Kimia-Karun Fabrication Works,Purchasing Manager,100000001,Isfahan,8,5fdcabbf-6b9c-471c-b6ba-745ba55871e3,886ffdb2-7878-4136-8cd6-d040a2688532,100000001,15.0,,9132b63e-f162-47e4-a9c3-49e03602f8ac,2025-08-26T07:28:00Z,2025-08-30T08:28:00Z,2,6,
20dc25c9-aa2c-44ac-b5a9-f2b302c02fbc,"Galvanized Sheet, 25 t - Taban Golkhaneh Sazan Co.",Taban Golkhaneh Sazan Co.,Procurement Lead,100000006,Mazandaran,8,5fdcabbf-6b9c-471c-b6ba-745ba55871e3,daa21fe9-ea2d-42cb-9ca4-1a1f7a6e69fa,100000004,25.0,7ede0a0a-aa0f-4335-8fb7-1ca6a4ec1371,b02b61c4-a3d7-4628-ace6-6fa2fd5166e6,2025-08-16T09:36:00Z,2025-08-18T12:35:00Z,1,3,458d5042-4961-4a59-954a-f5d7d79b71a5
f5c55f84-557e-4697-9dcb-885056130c51,"Wire Rod, 30 t - Negin Foolad Trading Ltd.",Negin Foolad Trading Ltd.,Project Manager,100000004,Khuzestan,8,5fdcabbf-6b9c-471c-b6ba-745ba55871e3,3c027c08-1f38-4fb0-b303-dccc1c4b5f94,100000006,25.0,,366eb16f-508e-4ad7-b7c9-3acfe059a0ee,2025-08-21T08:45:00Z,2025-08-23T04:38:00Z,2,5,
2590d4fb-ff9e-4f08-b9cc-2915c284d2f5,"Hot-Rolled Sheet, 175 t - Navid Profile Sazan Co.",Navid Profile Sazan Co.,Purchasing Manager,100000002,Khorasan Razavi,8,5fdcabbf-6b9c-471c-b6ba-745ba55871e3,78ec798b-b883-4e4e-8c1d-7fd52216a46c,100000002,110.0,,24933b83-7577-40a9-a491-f0b2ea1fca65,2025-08-14T09:16:00Z,2025-08-20T12:53:00Z,2,4,
8dc0fa92-b71e-46ef-bf2f-681e8de7a12d,"Hot-Rolled Sheet, 260 t - Pishgam Tube Mills Ltd.",Pishgam Tube Mills Ltd.,Managing Director,100000002,Khuzestan,8,5fdcabbf-6b9c-471c-b6ba-745ba55871e3,95018a74-f0e1-4ea0-8f2e-6ee0c22d5a6e,100000002,300.0,6c8de840-ed30-4556-a2a5-3193a6a1cc2b,366eb16f-508e-4ad7-b7c9-3acfe059a0ee,2025-09-06T12:23:00Z,2025-09-10T10:20:00Z,2,4,
7afa610c-8006-4f89-b7bd-a64d1045f87d,"Cold-Rolled Sheet, 35 t - Ava Tube Mills Ltd.",Ava Tube Mills Ltd.,Managing Director,100000002,Isfahan,8,5fdcabbf-6b9c-471c-b6ba-745ba55871e3,dd61730b-5efe-432c-aaf6-8f57701dc761,100000003,40.0,,9132b63e-f162-47e4-a9c3-49e03602f8ac,2025-08-27T10:14:00Z,2025-08-30T13:29:00Z,2,4,
5771f4cf-51af-4035-80be-e2989640f569,"Hot-Rolled Sheet, 60 t - Pardis Profile Works Ltd.",Pardis Profile Works Ltd.,Procurement Lead,100000002,Isfahan,8,5fdcabbf-6b9c-471c-b6ba-745ba55871e3,1dedc0fb-5c7a-4f00-8660-8cf509f114d3,100000002,65.0,,10f1bc81-448a-4a9e-a6b2-bc5b50c187fc,2025-09-02T04:52:00Z,2025-09-06T09:59:00Z,2,4,
47d2151e-392d-4cda-b964-9f94d40b6abc,"Beams & Sections, 150 t - Orang Contracting Ltd.",Orang Contracting Ltd.,Site Engineer,100000000,Hormozgan,8,5fdcabbf-6b9c-471c-b6ba-745ba55871e3,74cc7889-ca55-4921-bc8e-2ed7a52bdb1c,100000001,120.0,6719f379-a846-49fe-9428-3c61f97790b2,e27a984d-6548-41d0-bfcd-9eb1a7cad415,2025-09-07T05:10:00Z,2025-09-13T06:13:00Z,1,3,cb38a2f4-52a6-447a-8a9e-9e6f33630786
23e4beaf-b865-49d5-a42c-14aca9638663,"Cold-Rolled Sheet, 50 t - Iranmehr Press Works Industries",Iranmehr Press Works Industries,Purchasing Manager,100000003,Tehran,8,5fdcabbf-6b9c-471c-b6ba-745ba55871e3,3d097c1f-5346-49f5-a337-22ff8a11bab8,100000003,50.0,,0e51f30d-c6a7-4e39-84b0-32ccd7c524a5,2025-08-25T09:09:00Z,2025-08-30T08:48:00Z,2,4,
2ec571f4-9562-4b92-bc4c-3c4ec467b3df,"Beams & Sections, 30 t - Fardis Abadgaran Industries",Fardis Abadgaran Industries,Project Manager,100000000,Tehran,8,5fdcabbf-6b9c-471c-b6ba-745ba55871e3,30f35dc3-99d7-4738-8e40-2804d3c5eaa4,100000001,35.0,,5304317f-af42-412f-b838-b3268e944239,2025-08-16T12:49:00Z,2025-08-19T09:07:00Z,2,5,
74c217b6-e57a-42cf-aba4-5a3ad8f1d3b3,"Cold-Rolled Sheet, 10 t - Pardis Press Works Co.",Pardis Press Works Co.,Procurement Lead,100000003,Khuzestan,8,5fdcabbf-6b9c-471c-b6ba-745ba55871e3,50632ef1-843d-4a3b-ba57-e6fe691ba646,100000003,10.0,,366eb16f-508e-4ad7-b7c9-3acfe059a0ee,2025-08-27T12:47:00Z,2025-09-06T05:59:00Z,2,6,
d9738a63-c262-4e44-afdd-42c0484c6265,"Hot-Rolled Sheet, 20 t - Tarava-Orang Eskelet Felezi",Tarava-Orang Eskelet Felezi,Project Manager,100000001,Khuzestan,8,5fdcabbf-6b9c-471c-b6ba-745ba55871e3,4458ce41-51d1-4edf-ac7c-2bca38135dad,100000002,20.0,97ee66ea-b54d-43d4-8422-5042eb1be442,366eb16f-508e-4ad7-b7c9-3acfe059a0ee,2025-08-21T11:53:00Z,2025-08-28T04:40:00Z,1,3,fd40504c-2c5d-4a22-a062-e7f485041e4e
2a2c8f9d-e071-4f7a-ad58-4d65967b35b8,"Rebar, 20 t - Arvand Sakhteman Group",Arvand Sakhteman Group,Purchasing Manager,100000000,Khorasan Razavi,8,5fdcabbf-6b9c-471c-b6ba-745ba55871e3,cd7038f4-f8d8-42ef-89bd-6c7b868fe763,100000000,20.0,06822e13-6007-47be-b2b1-068ad58b5423,24933b83-7577-40a9-a491-f0b2ea1fca65,2025-08-18T10:05:00Z,2025-08-23T13:16:00Z,2,6,
f18ed53e-e47b-4030-83ff-f16cb15ea752,"Beams & Sections, 155 t - Atlas-Pouya Construction",Atlas-Pouya Construction,Site Engineer,100000000,Khorasan Razavi,8,5fdcabbf-6b9c-471c-b6ba-745ba55871e3,89940521-7de5-40e2-ab2d-baaa5df7b5eb,100000001,170.0,,24933b83-7577-40a9-a491-f0b2ea1fca65,2025-08-20T08:15:00Z,2025-08-23T10:00:00Z,2,5,
ce21e01c-1d6f-4a80-9508-b722785329a9,"Rebar, 195 t - Rastin Steel Depot Group",Rastin Steel Depot Group,Supply Chain Manager,100000004,Khorasan Razavi,8,5fdcabbf-6b9c-471c-b6ba-745ba55871e3,6a17f569-8c71-47ce-901d-8dc2423e2c4c,100000000,140.0,,24933b83-7577-40a9-a491-f0b2ea1fca65,2025-08-16T07:52:00Z,2025-08-23T04:52:00Z,2,6,
d7114818-4ed6-4164-a275-64fe3e88bcb6,"Hot-Rolled Sheet, 235 t - Rayan Ahan Forooshi Industries",Rayan Ahan Forooshi Industries,Purchasing Manager,100000004,East Azerbaijan,8,5fdcabbf-6b9c-471c-b6ba-745ba55871e3,76ad3bb6-0776-4242-8135-2b00c92c2bcb,100000002,225.0,e809f6e6-7f16-449a-9a6c-8efc46bbed34,beb79919-3f22-4af8-a3be-d01d43cf2fde,2025-08-11T12:31:00Z,2025-08-14T05:30:00Z,2,5,
76cb28e1-cd84-4c95-99e1-be61fb8c799f,"Beams & Sections, 120 t - Espadana-Golestan Builders",Espadana-Golestan Builders,Supply Chain Manager,100000000,Tehran,8,5fdcabbf-6b9c-471c-b6ba-745ba55871e3,836fe96e-3a42-49a1-b5e3-bde9cc4ff1cd,100000001,110.0,,b02b61c4-a3d7-4628-ace6-6fa2fd5166e6,2025-08-11T09:22:00Z,2025-08-18T08:51:00Z,2,4,
c8340ef7-f7ae-4bd3-8b40-2706d0012dde,"Galvanized Sheet, 10 t - Sepehr Appliance Components Co.",Sepehr Appliance Components Co.,Purchasing Manager,100000003,Tehran,8,5fdcabbf-6b9c-471c-b6ba-745ba55871e3,f8f614ad-0740-4cda-8bc7-d6aa781021a1,100000004,10.0,43d643ed-236e-4832-a7f6-a2ac5b0c4170,0e51f30d-c6a7-4e39-84b0-32ccd7c524a5,2025-08-26T12:10:00Z,2025-09-01T07:01:00Z,2,6,
c3b2d4cf-ab06-4e7b-900b-25b9af77a587,"Rebar, 130 t - Yekta Ahan Forooshi Co.",Yekta Ahan Forooshi Co.,Managing Director,100000004,Tehran,8,5fdcabbf-6b9c-471c-b6ba-745ba55871e3,f69c2ed6-1bd1-46a5-a8cb-a1dfd51ffbfe,100000000,140.0,4165964c-0b21-4308-86dc-4e34a9dcfe52,ce177b4e-0837-48a3-9261-a7ab3aa2e4f9,2025-08-23T11:49:00Z,2025-08-27T07:28:00Z,2,6,
15d4542a-b3a7-4fe1-8ac7-78cf69c01379,"Hot-Rolled Sheet, 55 t - Kaspian Ahan Bazar Co.",Kaspian Ahan Bazar Co.,Purchasing Manager,100000004,Fars,8,5fdcabbf-6b9c-471c-b6ba-745ba55871e3,24446c8d-bc0c-425c-8527-8bc74fa3230b,100000002,25.0,98e52499-218c-4e1c-9e37-4f7ac42cbc39,e27a984d-6548-41d0-bfcd-9eb1a7cad415,2025-09-01T12:44:00Z,2025-09-08T04:33:00Z,1,3,cd2c99c2-f13b-48cf-b041-f2ae73297767
a51432f8-e03a-4a06-9550-7cf0a0eab37e,"Rebar, 175 t - Helia-Arvand Builders",Helia-Arvand Builders,Site Engineer,100000000,Alborz,8,5fdcabbf-6b9c-471c-b6ba-745ba55871e3,eed5da65-bc9f-4e93-ab6f-0a98f2f2117b,100000000,200.0,,0e51f30d-c6a7-4e39-84b0-32ccd7c524a5,2025-08-19T10:32:00Z,2025-08-23T08:22:00Z,2,4,
425e03bc-5c57-4283-b639-be00ceec6f6d,"Rebar, 125 t - Kaspian-Kimia Sakhteman",Kaspian-Kimia Sakhteman,Managing Director,100000000,Khuzestan,8,5fdcabbf-6b9c-471c-b6ba-745ba55871e3,7378fccb-d23f-4b12-a165-4f53e4486bc1,100000000,85.0,792e3062-b383-4ee1-b428-941d47cec420,366eb16f-508e-4ad7-b7c9-3acfe059a0ee,2025-09-07T12:38:00Z,2025-09-13T11:14:00Z,1,3,ab51703e-0433-440a-ac70-007d0778cbaf
cb58cbef-43b9-4c43-a3f9-02bc90c432df,"Pipes & Profiles, 160 t - Negin Steel Merchants Group",Negin Steel Merchants Group,Purchasing Manager,100000004,Mazandaran,8,5fdcabbf-6b9c-471c-b6ba-745ba55871e3,46024eec-e8e5-4eba-8752-a7b94907bb41,100000005,170.0,,ce177b4e-0837-48a3-9261-a7ab3aa2e4f9,2025-08-12T06:33:00Z,2025-08-14T09:47:00Z,2,4,
f5d50ba8-203b-4f17-af34-33138bdcb8d9,"Rebar, 140 t - Atlas Ahan Bazar Group",Atlas Ahan Bazar Group,Supply Chain Manager,100000004,Hormozgan,8,5fdcabbf-6b9c-471c-b6ba-745ba55871e3,4c32e1a1-63e2-4bd0-a2be-550fec869343,100000000,100.0,,e27a984d-6548-41d0-bfcd-9eb1a7cad415,2025-08-16T10:53:00Z,2025-08-18T10:03:00Z,2,5,
e2cdd04c-05aa-4be7-9f0c-6e1323c44489,"Hot-Rolled Sheet, 120 t - Arman Loleh Sazi Co.",Arman Loleh Sazi Co.,Site Engineer,100000002,Isfahan,8,5fdcabbf-6b9c-471c-b6ba-745ba55871e3,19c5e478-9533-422d-854c-71d8613d22c9,100000002,130.0,,10f1bc81-448a-4a9e-a6b2-bc5b50c187fc,2025-09-08T09:48:00Z,2025-09-15T09:49:00Z,2,4,
0b2459e5-6f60-48c3-9a61-a1c832b7b24f,"Rebar, 70 t - Farnam Construction Ltd.",Farnam Construction Ltd.,Supply Chain Manager,100000000,Khuzestan,8,5fdcabbf-6b9c-471c-b6ba-745ba55871e3,bb2bec75-5aae-4bd7-ba4e-acb9cf50c4ca,100000000,85.0,,366eb16f-508e-4ad7-b7c9-3acfe059a0ee,2025-08-09T08:13:00Z,2025-08-10T11:54:00Z,2,4,
f025bd70-ab1e-46b7-9c4e-3ef222d5df3d,"Galvanized Sheet, 50 t - Atlas Appliance Components Ltd.",Atlas Appliance Components Ltd.,Supply Chain Manager,100000003,Khuzestan,8,5fdcabbf-6b9c-471c-b6ba-745ba55871e3,f3c352f7-65aa-44ea-a4b0-e0ba904c6eaa,100000004,45.0,2bd3cdcd-2779-4685-94a5-3fdef10d27c8,366eb16f-508e-4ad7-b7c9-3acfe059a0ee,2025-08-20T04:34:00Z,2025-08-25T06:05:00Z,1,3,12eb426c-fb15-4056-9c61-23a7c3b64f94
ac8a6219-3f1c-47f2-8c11-d23b95a10399,"Rebar, 40 t - Varna-Taban Abadgaran",Varna-Taban Abadgaran,Managing Director,100000000,Khuzestan,8,5fdcabbf-6b9c-471c-b6ba-745ba55871e3,c6e896dd-b14a-42de-ba80-e7d1ae2e8774,100000000,35.0,,366eb16f-508e-4ad7-b7c9-3acfe059a0ee,2025-08-26T04:48:00Z,2025-08-30T11:18:00Z,2,4,
af88a9b2-27c1-4ab7-9b84-4e6392bdb60a,"Galvanized Sheet, 65 t - Elham Press Works Group",Elham Press Works Group,Project Manager,100000003,Tehran,8,5fdcabbf-6b9c-471c-b6ba-745ba55871e3,8e8b26f7-75bd-4b24-a790-e780f015b096,100000004,55.0,,b02b61c4-a3d7-4628-ace6-6fa2fd5166e6,2025-08-24T12:25:00Z,2025-08-26T08:01:00Z,2,4,
8772066c-1b41-44c0-bab6-8460707fb8c6,"Cold-Rolled Sheet, 30 t - Saba Appliance Components Co.",Saba Appliance Components Co.,Supply Chain Manager,100000003,Khuzestan,8,5fdcabbf-6b9c-471c-b6ba-745ba55871e3,24cb524d-cd0f-4825-a8a3-acf0dcf886a2,100000003,30.0,99860656-3699-46ab-a951-9a0f060f22eb,366eb16f-508e-4ad7-b7c9-3acfe059a0ee,2025-08-16T07:33:00Z,2025-08-20T11:57:00Z,1,3,9a3d2895-cf80-412e-9b30-0fb139f6af79
2b71fe06-5b44-4dac-9671-0d4f56a89706,"Hot-Rolled Sheet, 60 t - Pouya Loleh Sazi Co.",Pouya Loleh Sazi Co.,Project Manager,100000002,Isfahan,8,5fdcabbf-6b9c-471c-b6ba-745ba55871e3,a2ed22e3-adde-459d-8abd-78b0a65c87d4,100000002,55.0,,10f1bc81-448a-4a9e-a6b2-bc5b50c187fc,2025-09-08T06:48:00Z,2025-09-13T08:04:00Z,2,4,
8520a938-70c2-4fe8-b727-d5942218fd32,"Cold-Rolled Sheet, 10 t - Fardis Press Works Ltd.",Fardis Press Works Ltd.,Project Manager,100000003,Tehran,8,5fdcabbf-6b9c-471c-b6ba-745ba55871e3,c99c04f2-bb3d-4dcf-b18a-f0c174f146e6,100000003,10.0,2fe63cc8-9416-4854-bf05-c5ccc50d751e,5304317f-af42-412f-b838-b3268e944239,2025-08-13T06:29:00Z,2025-08-16T11:47:00Z,1,3,54352af4-648f-493a-af56-2d4abbe68747
2350ea52-030d-4820-8a83-31081ea43f09,"Hot-Rolled Sheet, 205 t - Aban Profile Sazan Group",Aban Profile Sazan Group,Project Manager,100000002,Tehran,8,5fdcabbf-6b9c-471c-b6ba-745ba55871e3,583f1568-f561-4c4c-932a-cc65146e8acf,100000002,165.0,,0e51f30d-c6a7-4e39-84b0-32ccd7c524a5,2025-09-08T12:49:00Z,2025-09-13T13:07:00Z,2,5,
d460c55e-d999-42eb-b304-cf71779212ee,"Cold-Rolled Sheet, 75 t - Sepehr Press Works Industries",Sepehr Press Works Industries,Purchasing Manager,100000003,Tehran,8,5fdcabbf-6b9c-471c-b6ba-745ba55871e3,3ba1e0f0-d75f-46ef-b5a7-da659f690e9c,100000003,115.0,,b02b61c4-a3d7-4628-ace6-6fa2fd5166e6,2025-09-02T08:19:00Z,2025-09-06T10:18:00Z,2,5,
4fb40956-bdf8-4f0a-95ec-2c71f0fbc188,"Rebar, 35 t - Kaspian Abadgaran Industries",Kaspian Abadgaran Industries,Project Manager,100000000,Hormozgan,8,5fdcabbf-6b9c-471c-b6ba-745ba55871e3,4670b204-f24e-4ff8-a39b-4a17315960cb,100000000,25.0,,e27a984d-6548-41d0-bfcd-9eb1a7cad415,2025-08-10T04:49:00Z,2025-08-13T05:41:00Z,2,6,
a38f06a6-9b46-4586-9f84-ae3fff68307f,"Rebar, 85 t - Ofogh Sakhteman Group",Ofogh Sakhteman Group,Project Manager,100000000,Mazandaran,8,5fdcabbf-6b9c-471c-b6ba-745ba55871e3,e99640f8-ab7a-4deb-b430-ba0db0b964ac,100000000,125.0,,5304317f-af42-412f-b838-b3268e944239,2025-08-12T08:16:00Z,2025-08-17T07:00:00Z,2,4,
76ed51d8-b8b9-4baf-841e-c2cc9fb3cbf4,"Pipes & Profiles, 15 t - Varna Golkhaneh Sazan Group",Varna Golkhaneh Sazan Group,Purchasing Manager,100000006,Tehran,8,5fdcabbf-6b9c-471c-b6ba-745ba55871e3,e4c7902d-c79e-4033-a82c-c2979ee4f965,100000005,15.0,,b02b61c4-a3d7-4628-ace6-6fa2fd5166e6,2025-09-06T07:37:00Z,2025-09-10T05:57:00Z,2,4,
32552d1e-2ad7-41f7-b29c-844e0790fd2a,"Pipes & Profiles, 15 t - Sabalan Golkhaneh Sazan Ltd.",Sabalan Golkhaneh Sazan Ltd.,Site Engineer,100000006,Tehran,8,5fdcabbf-6b9c-471c-b6ba-745ba55871e3,9efd76be-ca20-4861-b20a-f6005c5bf9bf,100000005,15.0,,b02b61c4-a3d7-4628-ace6-6fa2fd5166e6,2025-08-26T05:17:00Z,2025-08-28T08:41:00Z,2,4,
7e5e33b2-6c56-41fd-8bd7-ab16a011eba5,"Rebar, 70 t - Arvand Iron & Steel Supply Group",Arvand Iron & Steel Supply Group,Purchasing Manager,100000004,Tehran,8,5fdcabbf-6b9c-471c-b6ba-745ba55871e3,83637de0-7196-41a5-8c0d-640b0626176b,100000000,45.0,56ba4154-9673-4276-8140-3584fdab152c,ce177b4e-0837-48a3-9261-a7ab3aa2e4f9,2025-08-23T07:44:00Z,2025-08-27T12:27:00Z,1,3,d160cf42-4f03-4adf-a846-875e45f363f4
62d539b7-e072-45cb-bcab-a2621b25ccdf,"Rebar, 70 t - Ofogh-Mahan Contracting",Ofogh-Mahan Contracting,Supply Chain Manager,100000000,Isfahan,1,72d35458-61ea-4f30-a42e-707afe2bd987,256fc29b-66bf-4d6f-a81b-3197425e3ac3,100000000,45.0,,10f1bc81-448a-4a9e-a6b2-bc5b50c187fc,2025-11-20T11:38:00Z,2025-11-22T11:54:00Z,2,6,
3ef2a267-f9bc-406e-a903-ddd7d2372033,"Rebar, 25 t - Kimia-Karun Sakhteman",Kimia-Karun Sakhteman,Site Engineer,100000000,East Azerbaijan,1,72d35458-61ea-4f30-a42e-707afe2bd987,12bb954f-44c7-4929-a8f8-72c5e6e1396c,100000000,20.0,,beb79919-3f22-4af8-a3be-d01d43cf2fde,2025-11-19T09:37:00Z,2025-11-22T06:47:00Z,2,6,
f71c82b7-d0fd-4ecc-b0f1-df49cd7dd230,"Rebar, 85 t - Laleh Contracting Group",Laleh Contracting Group,Procurement Lead,100000000,Khorasan Razavi,1,72d35458-61ea-4f30-a42e-707afe2bd987,b85a42ae-dda1-42ed-b19d-6df5dbeefce0,100000000,90.0,c6a07656-c5c9-4b91-bf6e-f9ed7e4ce29f,24933b83-7577-40a9-a491-f0b2ea1fca65,2025-11-30T13:23:00Z,2025-12-08T07:13:00Z,2,6,
785a2c89-8025-4913-80cc-06cd9ab77887,"Hot-Rolled Sheet, 60 t - Kavir Sabz Pipe Works Group",Kavir Sabz Pipe Works Group,Purchasing Manager,100000002,Mazandaran,1,72d35458-61ea-4f30-a42e-707afe2bd987,bbe8494d-b9cd-41d3-9bdc-1710402d631b,100000002,55.0,93849550-3803-453a-b6b8-c9383477e35b,0e51f30d-c6a7-4e39-84b0-32ccd7c524a5,2025-12-08T13:19:00Z,2025-12-10T08:49:00Z,1,3,61c7b381-7d7a-4cc6-b594-315afd021f6f
8c4d6a49-6aed-475b-90ce-7c734bf496e6,"Beams & Sections, 45 t - Arvand-Iranmehr Omran",Arvand-Iranmehr Omran,Project Manager,100000000,Isfahan,1,72d35458-61ea-4f30-a42e-707afe2bd987,01cf194a-63fd-4f89-a13f-31b4b21b5c85,100000001,50.0,66e0e965-1946-4804-a456-61c215a308fc,9132b63e-f162-47e4-a9c3-49e03602f8ac,2025-12-08T10:38:00Z,2025-12-13T07:03:00Z,1,3,e7c81a53-0b92-436a-b1b7-606a8a68746b
898b98d8-9f8a-4e11-92be-f5f6499ac9ab,"Cold-Rolled Sheet, 15 t - Kian Appliance Components Co.",Kian Appliance Components Co.,Site Engineer,100000003,Fars,1,72d35458-61ea-4f30-a42e-707afe2bd987,0fe0be39-5d1f-4a11-bdb2-ed191213792e,100000003,15.0,,e27a984d-6548-41d0-bfcd-9eb1a7cad415,2025-11-26T13:22:00Z,2025-11-30T12:45:00Z,2,6,
3f46a53b-41c7-4671-9674-d306dde167ad,"Galvanized Sheet, 10 t - Chakad Greenhouse Structures Co.",Chakad Greenhouse Structures Co.,Managing Director,100000006,Tehran,1,72d35458-61ea-4f30-a42e-707afe2bd987,ccd36138-2987-4708-bee9-bb3809948df1,100000004,15.0,,b02b61c4-a3d7-4628-ace6-6fa2fd5166e6,2025-12-01T11:45:00Z,2025-12-04T08:33:00Z,2,7,
143807de-e597-48c0-8512-ce3ad21fc6d0,"Beams & Sections, 55 t - Iman Foolad Trading Co.",Iman Foolad Trading Co.,Procurement Lead,100000004,Khuzestan,1,72d35458-61ea-4f30-a42e-707afe2bd987,3de78d0e-3d33-439e-a5d3-49efd21d66d9,100000001,75.0,40685469-5a88-43ed-a686-1921057de4d0,366eb16f-508e-4ad7-b7c9-3acfe059a0ee,2025-11-24T04:50:00Z,2025-11-26T07:19:00Z,1,3,32e9550e-2afc-4dbb-9ca5-b92de584c24c
9a4e4d76-ef2c-4b0d-acb0-80bddc5797c9,"Hot-Rolled Sheet, 45 t - Nima-Nikan Sazeh",Nima-Nikan Sazeh,Project Manager,100000000,Isfahan,1,72d35458-61ea-4f30-a42e-707afe2bd987,43844449-2100-4f8f-aea2-5d4ebc26e10d,100000002,40.0,e2a4ae18-cd3c-460f-a4b1-8f8b3228381d,10f1bc81-448a-4a9e-a6b2-bc5b50c187fc,2025-11-30T12:03:00Z,2025-12-02T07:21:00Z,1,3,e9cc6f00-a2df-4368-a858-acc083ee69ba
1fcb92b0-20ec-440a-aa44-735919d1e957,"Hot-Rolled Sheet, 5 t - Tous Abadgaran Group",Tous Abadgaran Group,Site Engineer,100000000,Isfahan,1,72d35458-61ea-4f30-a42e-707afe2bd987,28aa184c-7446-49ea-a910-8c01f481ecd3,100000002,5.0,,10f1bc81-448a-4a9e-a6b2-bc5b50c187fc,2025-11-23T05:30:00Z,2025-11-29T10:28:00Z,2,4,
7ce456bb-0c9c-49e4-98b5-dfedf2b47627,"Rebar, 15 t - Orang Sazeh Industries",Orang Sazeh Industries,Project Manager,100000000,Khorasan Razavi,1,72d35458-61ea-4f30-a42e-707afe2bd987,c0c62677-308b-4be9-8c2a-a66f877aef52,100000000,20.0,,24933b83-7577-40a9-a491-f0b2ea1fca65,2025-12-06T05:53:00Z,2025-12-11T05:59:00Z,2,4,
c9a8fd7e-ed89-413e-8d62-375a0100364b,"Rebar, 35 t - Gohar-Tarava Sakhteman",Gohar-Tarava Sakhteman,Project Manager,100000000,Fars,1,72d35458-61ea-4f30-a42e-707afe2bd987,45139034-43d6-4c35-a3c4-49e10641edd0,100000000,40.0,,e27a984d-6548-41d0-bfcd-9eb1a7cad415,2025-11-27T07:37:00Z,2025-12-02T04:33:00Z,2,6,
38fb3a54-daa0-45ad-949c-131c4132ed9d,"Pipes & Profiles, 75 t - Fardis Metal Center Ltd.",Fardis Metal Center Ltd.,Supply Chain Manager,100000004,Mazandaran,1,72d35458-61ea-4f30-a42e-707afe2bd987,e27bd8c7-352b-4091-9925-1284a4446030,100000005,115.0,,ce177b4e-0837-48a3-9261-a7ab3aa2e4f9,2025-11-19T08:41:00Z,2025-11-22T07:40:00Z,2,4,
f2ed677c-1668-42f3-ab8a-be03aaff43d0,"Rebar, 65 t - Hoda Steel Trading Co.",Hoda Steel Trading Co.,Project Manager,100000004,Tehran,1,72d35458-61ea-4f30-a42e-707afe2bd987,7642faa5-50a7-4813-9cd5-6c6dc99a68bc,100000000,45.0,,ce177b4e-0837-48a3-9261-a7ab3aa2e4f9,2025-11-27T10:15:00Z,2025-11-29T11:15:00Z,2,4,
c2990524-b0a5-4755-a803-f0ba25b900fe,"Hot-Rolled Sheet, 45 t - Tirdad-Sahand Sazeh",Tirdad-Sahand Sazeh,Managing Director,100000000,Mazandaran,1,72d35458-61ea-4f30-a42e-707afe2bd987,40bce9dc-17c8-4a73-9696-dcc36b1c76d2,100000002,55.0,a1169da6-76a0-41bb-8e6e-8d63a1aca513,5304317f-af42-412f-b838-b3268e944239,2025-11-17T06:31:00Z,2025-11-22T07:51:00Z,1,3,aa9b4221-50bf-4233-b3b6-4e2a47f8fac9
a538321d-6c93-40bf-9c47-8d5abb1b3b78,"Pipes & Profiles, 10 t - Kavir Sabz Golkhaneh Sazan Group",Kavir Sabz Golkhaneh Sazan Group,Site Engineer,100000006,Isfahan,1,72d35458-61ea-4f30-a42e-707afe2bd987,83b4e4b4-5794-4a79-a3f8-8146f9b86035,100000005,10.0,,9132b63e-f162-47e4-a9c3-49e03602f8ac,2025-11-17T08:18:00Z,2025-11-22T06:10:00Z,2,5,
033a3740-696e-4a62-8a00-6fa953c3f674,"Beams & Sections, 95 t - Tirdad Ahan Bazar Ltd.",Tirdad Ahan Bazar Ltd.,Purchasing Manager,100000004,Tehran,1,72d35458-61ea-4f30-a42e-707afe2bd987,688c1f66-9475-4d1c-a9c2-2cd65c65f43f,100000001,130.0,,ce177b4e-0837-48a3-9261-a7ab3aa2e4f9,2025-11-22T10:19:00Z,2025-11-25T08:20:00Z,2,4,
74023cc7-32ad-4396-b868-5987d6d47054,"Beams & Sections, 50 t - Diba Abadgaran Co.",Diba Abadgaran Co.,Site Engineer,100000000,Hormozgan,1,72d35458-61ea-4f30-a42e-707afe2bd987,5e46b06e-a247-4c80-967e-e00feaf588f9,100000001,55.0,5bd6ac09-f6be-47b1-a891-e1314135cb68,e27a984d-6548-41d0-bfcd-9eb1a7cad415,2025-12-01T10:43:00Z,2025-12-06T07:02:00Z,2,6,
ebd0578a-0def-475b-9a7c-2e7632b9138e,"Hot-Rolled Sheet, 45 t - Zagros Tube Mills Ltd.",Zagros Tube Mills Ltd.,Managing Director,100000002,Alborz,1,72d35458-61ea-4f30-a42e-707afe2bd987,54136df9-cf5b-41c2-9776-3ab7aae8ccdb,100000002,40.0,,0e51f30d-c6a7-4e39-84b0-32ccd7c524a5,2025-11-30T07:50:00Z,2025-12-03T09:31:00Z,2,7,
6462c289-fb04-4e53-ae52-306866348012,"Wire Rod, 105 t - Sepehr Ahan Bazar Ltd.",Sepehr Ahan Bazar Ltd.,Procurement Lead,100000004,Isfahan,1,72d35458-61ea-4f30-a42e-707afe2bd987,4daec94a-4f8a-49c7-a7e4-69a3817aca0a,100000006,120.0,,9132b63e-f162-47e4-a9c3-49e03602f8ac,2025-11-20T11:48:00Z,2025-11-23T11:38:00Z,2,6,
ae14f515-013f-48b4-91d0-0f29af2d3a25,"Cold-Rolled Sheet, 35 t - Diba Appliance Components Group",Diba Appliance Components Group,Project Manager,100000003,Isfahan,1,72d35458-61ea-4f30-a42e-707afe2bd987,ede59d45-6e72-4b84-b8d3-bf9e8fdfc543,100000003,30.0,,10f1bc81-448a-4a9e-a6b2-bc5b50c187fc,2025-11-17T11:57:00Z,2025-11-22T05:40:00Z,2,7,
b7c45dd8-4dde-4873-b20a-ed36a1cb3a52,"Rebar, 20 t - Atlas-Raman Contracting",Atlas-Raman Contracting,Site Engineer,100000000,Tehran,1,72d35458-61ea-4f30-a42e-707afe2bd987,3ebb708b-7ce3-404c-a8a9-b672d08ac854,100000000,25.0,,5304317f-af42-412f-b838-b3268e944239,2025-11-22T11:19:00Z,2025-11-29T11:46:00Z,2,4,
60e0aee7-faf6-4908-8c56-a7928bfe1e15,"Rebar, 105 t - Javid Ahan Forooshi Group",Javid Ahan Forooshi Group,Supply Chain Manager,100000004,East Azerbaijan,1,72d35458-61ea-4f30-a42e-707afe2bd987,164150a3-62e6-4c71-be5f-991aba97127c,100000000,105.0,ea350f17-c157-4761-9162-f6dbb5d2bf7f,beb79919-3f22-4af8-a3be-d01d43cf2fde,2025-11-26T12:31:00Z,2025-12-01T06:27:00Z,2,4,
f502f55c-8527-4dbe-9558-b3f35c37cf51,"Galvanized Sheet, 15 t - Vista Appliance Components Industries",Vista Appliance Components Industries,Project Manager,100000003,Tehran,1,72d35458-61ea-4f30-a42e-707afe2bd987,9f697eb3-e8b9-4e79-ad03-8ee8a667171e,100000004,15.0,,0e51f30d-c6a7-4e39-84b0-32ccd7c524a5,2025-12-01T10:28:00Z,2025-12-06T11:14:00Z,2,5,
44922815-30cc-4415-bdbf-633c944d2520,"Hot-Rolled Sheet, 35 t - Darya-Tarava Eskelet Felezi",Darya-Tarava Eskelet Felezi,Managing Director,100000001,Isfahan,1,72d35458-61ea-4f30-a42e-707afe2bd987,6521797d-1f0d-4a22-8714-ae2c8b616fd3,100000002,50.0,d523e33f-a539-464f-a29d-c738cdf3c682,9132b63e-f162-47e4-a9c3-49e03602f8ac,2025-11-17T05:09:00Z,2025-11-22T06:16:00Z,1,3,5ea7db97-a365-4333-9258-7c70edef2194
97f94128-013f-44a6-849d-2d2f4a84cb5d,"Cold-Rolled Sheet, 30 t - Sabalan Appliance Components Industries",Sabalan Appliance Components Industries,Project Manager,100000003,Mazandaran,1,72d35458-61ea-4f30-a42e-707afe2bd987,110a98b7-adcb-4057-b783-8a61af8c3779,100000003,45.0,c0d4173b-aa58-40e6-86ef-a55196d0ae38,5304317f-af42-412f-b838-b3268e944239,2025-11-19T08:07:00Z,2025-11-26T11:01:00Z,2,6,
50079cce-129e-476e-a9c3-e53d5f6a731f,"Hot-Rolled Sheet, 30 t - Golestan Loleh Sazi Ltd.",Golestan Loleh Sazi Ltd.,Site Engineer,100000002,Tehran,1,72d35458-61ea-4f30-a42e-707afe2bd987,1d1d931c-7b20-49bd-8732-b28ee8e02c58,100000002,30.0,,0e51f30d-c6a7-4e39-84b0-32ccd7c524a5,2025-12-03T07:26:00Z,2025-12-08T11:34:00Z,2,6,
3055549c-5545-4126-9889-abab51e2416b,"Rebar, 15 t - Tarava-Hoda Sakhteman",Tarava-Hoda Sakhteman,Supply Chain Manager,100000000,Hormozgan,1,72d35458-61ea-4f30-a42e-707afe2bd987,2df4eacb-01ce-43ce-9909-99f8f3fd6005,100000000,20.0,,e27a984d-6548-41d0-bfcd-9eb1a7cad415,2025-12-08T10:16:00Z,2025-12-11T11:36:00Z,2,6,
5687bc51-f15c-4210-ae5a-8d74ce924b09,"Rebar, 40 t - Rahyab Iron & Steel Supply Group",Rahyab Iron & Steel Supply Group,Purchasing Manager,100000004,Tehran,1,72d35458-61ea-4f30-a42e-707afe2bd987,af8e966f-7bbb-48e1-956b-5afe4c8281db,100000000,55.0,,ce177b4e-0837-48a3-9261-a7ab3aa2e4f9,2025-11-15T08:23:00Z,2025-11-22T08:56:00Z,2,4,
1ed724d7-856e-42af-a85b-5df7fb8fce92,"Rebar, 35 t - Fardis-Taban Omran",Fardis-Taban Omran,Managing Director,100000000,Khuzestan,1,72d35458-61ea-4f30-a42e-707afe2bd987,8adb4c5c-3f17-4495-b0a6-0bc9148b42fa,100000000,65.0,,366eb16f-508e-4ad7-b7c9-3acfe059a0ee,2025-12-03T09:09:00Z,2025-12-06T05:35:00Z,2,7,
bce008f0-662b-4d70-9082-b3944499f740,"Pipes & Profiles, 20 t - Saba Agri-Steel Ltd.",Saba Agri-Steel Ltd.,Procurement Lead,100000006,Alborz,1,72d35458-61ea-4f30-a42e-707afe2bd987,21164937-569c-49ec-9c4a-7ef6959feb91,100000005,25.0,8fddbebc-f7ff-48d4-b509-f08a2c988bca,5304317f-af42-412f-b838-b3268e944239,2025-11-29T05:49:00Z,2025-12-08T13:13:00Z,2,7,
22cfe7d0-a838-4bc6-b5df-f95a70bfe17b,"Rebar, 20 t - Nasim-Zagros Contracting",Nasim-Zagros Contracting,Procurement Lead,100000000,East Azerbaijan,1,72d35458-61ea-4f30-a42e-707afe2bd987,29838000-dfbc-4dde-813a-ad1873bde28f,100000000,30.0,,beb79919-3f22-4af8-a3be-d01d43cf2fde,2025-11-29T09:00:00Z,2025-12-04T10:46:00Z,2,5,
56e636a4-b989-4050-a0ed-474e3707a3ac,"Pipes & Profiles, 90 t - Kavir Sabz Contracting Industries",Kavir Sabz Contracting Industries,Site Engineer,100000000,Tehran,1,72d35458-61ea-4f30-a42e-707afe2bd987,30af44d0-f319-4236-a05c-3e2f9b912cbb,100000005,65.0,698f546d-5f29-4290-9848-5a54531c8812,0e51f30d-c6a7-4e39-84b0-32ccd7c524a5,2025-11-30T08:25:00Z,2025-12-02T07:06:00Z,2,4,
ccc6e826-9b3e-47ad-b6c0-03963208e490,"Hot-Rolled Sheet, 50 t - Nikan Tube Mills Ltd.",Nikan Tube Mills Ltd.,Managing Director,100000002,Tehran,1,72d35458-61ea-4f30-a42e-707afe2bd987,6c76d0ef-aa7d-4c3e-a6a0-53a380c6851b,100000002,85.0,,b02b61c4-a3d7-4628-ace6-6fa2fd5166e6,2025-11-29T06:36:00Z,2025-12-02T06:09:00Z,2,4,
41639896-323d-4faf-b091-0f5065fac328,"Beams & Sections, 15 t - Elham-Varna Contracting",Elham-Varna Contracting,Procurement Lead,100000000,Isfahan,1,72d35458-61ea-4f30-a42e-707afe2bd987,5fd89dfd-1784-4b08-a218-e833e0a5a210,100000001,15.0,,10f1bc81-448a-4a9e-a6b2-bc5b50c187fc,2025-11-22T07:04:00Z,2025-11-29T08:23:00Z,2,5,
ccb9dbe3-2bdc-4aa6-a6b1-de1336373ecd,"Hot-Rolled Sheet, 35 t - Hoda Profile Works Industries",Hoda Profile Works Industries,Site Engineer,100000002,Tehran,1,72d35458-61ea-4f30-a42e-707afe2bd987,6a64ea57-dfa8-4de1-b8e8-24d32d5352d4,100000002,50.0,3e1707b1-0b61-483d-a774-1bc2540dff12,5304317f-af42-412f-b838-b3268e944239,2025-11-24T08:52:00Z,2025-12-01T08:54:00Z,2,5,
5e5b841e-42d6-44e0-9e85-d0fecf3cc565,"Beams & Sections, 10 t - Golestan-Nasim Steel Structures",Golestan-Nasim Steel Structures,Project Manager,100000001,Isfahan,1,72d35458-61ea-4f30-a42e-707afe2bd987,50eae823-76f7-4d95-8fa7-df9b0089a1ea,100000001,10.0,,10f1bc81-448a-4a9e-a6b2-bc5b50c187fc,2025-11-22T06:36:00Z,2025-11-25T13:19:00Z,2,4,
8ec5c34e-e37e-4d6d-9011-7fee772d7864,"Beams & Sections, 10 t - Yekta-Iranmehr Construction",Yekta-Iranmehr Construction,Project Manager,100000000,Fars,1,72d35458-61ea-4f30-a42e-707afe2bd987,f5365ad2-56f0-4f7d-8c78-b2063c0f4a5e,100000001,10.0,,e27a984d-6548-41d0-bfcd-9eb1a7cad415,2025-11-29T05:41:00Z,2025-12-02T09:02:00Z,2,5,
b7e94075-1156-4bed-ac52-c5f9ead7dce2,"Pipes & Profiles, 30 t - Negin Greenhouse Structures Industries",Negin Greenhouse Structures Industries,Managing Director,100000006,East Azerbaijan,1,72d35458-61ea-4f30-a42e-707afe2bd987,8883bccb-d80c-400c-b49f-5b163f272313,100000005,20.0,45f46772-9980-4a4d-9dfc-e905b56c8e75,beb79919-3f22-4af8-a3be-d01d43cf2fde,2025-11-22T11:33:00Z,2025-11-25T06:54:00Z,1,3,f0541699-0ad6-4ad3-93a9-40acbf5d7d34
7d6211c2-e5cd-4bca-80e6-cc34e53859fe,"Pipes & Profiles, 80 t - Pouya Agri-Steel Industries",Pouya Agri-Steel Industries,Procurement Lead,100000006,Tehran,8,60a399d4-e821-4716-aac8-0da1de9f6f5b,369d7496-6fd3-4a32-b291-452678752d7d,100000005,75.0,,0e51f30d-c6a7-4e39-84b0-32ccd7c524a5,2025-12-07T08:38:00Z,2025-12-14T10:27:00Z,2,4,
c599fa1b-0123-4ab5-9103-755f1a76e83e,"Wire Rod, 125 t - Negin Steel Depot Co.",Negin Steel Depot Co.,Managing Director,100000004,Alborz,8,60a399d4-e821-4716-aac8-0da1de9f6f5b,89159257-ac32-48ac-bad1-c44445c8bd55,100000006,170.0,397a284f-76a4-479b-bd67-34588f2d0b17,ce177b4e-0837-48a3-9261-a7ab3aa2e4f9,2025-11-19T07:33:00Z,2025-11-23T08:49:00Z,2,5,
b778d15c-6cef-4aea-a210-ab22f6bd93ed,"Rebar, 45 t - Nikan-Kowsar Abadgaran",Nikan-Kowsar Abadgaran,Purchasing Manager,100000000,Tehran,8,60a399d4-e821-4716-aac8-0da1de9f6f5b,a1fa43b7-9e74-46a8-a8e9-a079a1f6e1f8,100000000,30.0,,0e51f30d-c6a7-4e39-84b0-32ccd7c524a5,2025-11-19T10:34:00Z,2025-11-24T10:10:00Z,2,4,
a412a983-46c3-42fe-8d15-191f28507334,"Rebar, 25 t - Rayan-Sadaf Steel Structures",Rayan-Sadaf Steel Structures,Project Manager,100000001,Khorasan Razavi,8,60a399d4-e821-4716-aac8-0da1de9f6f5b,561c177c-3d8b-486a-9f9d-c36a67c068a3,100000000,15.0,,24933b83-7577-40a9-a491-f0b2ea1fca65,2025-11-27T07:49:00Z,2025-12-02T05:16:00Z,2,6,
5aaab1f7-82d8-44dd-8f3e-b86945681792,"Beams & Sections, 55 t - Atlas-Tous Sazeh",Atlas-Tous Sazeh,Purchasing Manager,100000000,Alborz,8,60a399d4-e821-4716-aac8-0da1de9f6f5b,05926d6a-2ae6-44ae-bf72-407f6f33ee6b,100000001,50.0,,5304317f-af42-412f-b838-b3268e944239,2025-12-01T06:59:00Z,2025-12-04T10:31:00Z,2,4,
163af696-4807-44b6-8ab8-59cf5fab1bfd,"Galvanized Sheet, 115 t - Tirdad Profile Sazan Ltd.",Tirdad Profile Sazan Ltd.,Procurement Lead,100000002,Tehran,8,60a399d4-e821-4716-aac8-0da1de9f6f5b,d0b11286-812d-401f-8fa7-dff23b3d7f8d,100000004,100.0,,5304317f-af42-412f-b838-b3268e944239,2025-12-14T10:40:00Z,2025-12-21T11:43:00Z,2,4,
2e449b74-aa3b-4e3f-8de1-76796e0cf609,"Hot-Rolled Sheet, 30 t - Nima Foolad Trading Ltd.",Nima Foolad Trading Ltd.,Project Manager,100000004,Isfahan,8,60a399d4-e821-4716-aac8-0da1de9f6f5b,dd71e276-cde9-4ee3-a716-caa36b6d7981,100000002,30.0,,10f1bc81-448a-4a9e-a6b2-bc5b50c187fc,2025-12-06T06:30:00Z,2025-12-09T06:00:00Z,2,5,
7c4b3a5d-6a5e-4b6d-ae07-5a693d83ff76,"Hot-Rolled Sheet, 95 t - Shahab Ahan Bazar Group",Shahab Ahan Bazar Group,Site Engineer,100000004,Tehran,8,60a399d4-e821-4716-aac8-0da1de9f6f5b,9491f0b6-080a-41f4-911a-ba38e893c71a,100000002,85.0,,ce177b4e-0837-48a3-9261-a7ab3aa2e4f9,2025-12-01T10:12:00Z,2025-12-07T10:45:00Z,2,5,
4fa7a6ee-60a2-4628-b4c5-9b86f44209b1,"Galvanized Sheet, 45 t - Negin Appliance Components Ltd.",Negin Appliance Components Ltd.,Project Manager,100000003,Tehran,8,60a399d4-e821-4716-aac8-0da1de9f6f5b,c3e71329-5791-45ee-aa81-73fdda72a20a,100000004,60.0,,5304317f-af42-412f-b838-b3268e944239,2025-12-06T05:51:00Z,2025-12-11T07:18:00Z,2,6,
ccdf321b-237c-4e70-aea2-57c20471f6f8,"Beams & Sections, 135 t - Laleh Rail & Road Projects Industries",Laleh Rail & Road Projects Industries,Supply Chain Manager,100000005,Fars,8,60a399d4-e821-4716-aac8-0da1de9f6f5b,401a272f-6063-4b70-a4ac-6fbf05d8b66a,100000001,200.0,,e27a984d-6548-41d0-bfcd-9eb1a7cad415,2025-11-29T11:46:00Z,2025-12-03T10:32:00Z,2,7,
bd932d55-3a98-45a4-a85d-ebd608988462,"Beams & Sections, 75 t - Nima-Jahan Builders",Nima-Jahan Builders,Managing Director,100000000,Isfahan,8,60a399d4-e821-4716-aac8-0da1de9f6f5b,aaac9b8e-2af0-461c-9849-d5662b3b61b0,100000001,70.0,,9132b63e-f162-47e4-a9c3-49e03602f8ac,2025-11-29T10:33:00Z,2025-12-04T10:04:00Z,2,6,
8979ae2a-2e44-425f-8bd3-a18c5fce2822,"Galvanized Sheet, 75 t - Javid Appliance Components Co.",Javid Appliance Components Co.,Supply Chain Manager,100000003,Tehran,8,60a399d4-e821-4716-aac8-0da1de9f6f5b,292ab70f-1c95-470a-84b6-8b46764bfcfe,100000004,65.0,21d8b96a-62ad-4157-a0d2-759a3ad51382,0e51f30d-c6a7-4e39-84b0-32ccd7c524a5,2025-12-04T08:40:00Z,2025-12-08T10:03:00Z,2,4,
5bb56304-9a75-4bfd-9484-cc454cd704db,"Hot-Rolled Sheet, 95 t - Sabalan-Navid Construction",Sabalan-Navid Construction,Procurement Lead,100000000,Khuzestan,8,60a399d4-e821-4716-aac8-0da1de9f6f5b,f5fb1202-f426-4ced-96e7-6c80b7e42489,100000002,75.0,,366eb16f-508e-4ad7-b7c9-3acfe059a0ee,2025-12-03T08:13:00Z,2025-12-06T12:12:00Z,2,4,
f7f1e4dd-1292-480d-8200-fc4707b95f1f,"Rebar, 55 t - Laleh-Kian Abadgaran",Laleh-Kian Abadgaran,Procurement Lead,100000000,Isfahan,8,60a399d4-e821-4716-aac8-0da1de9f6f5b,0182fe50-958c-4dac-931d-56813cfe61bc,100000000,45.0,,10f1bc81-448a-4a9e-a6b2-bc5b50c187fc,2025-11-27T10:53:00Z,2025-12-03T11:46:00Z,2,6,
4d1f738b-af52-4383-a4ae-ac271ffbbdcc,"Rebar, 205 t - Kaspian Metal Center Industries",Kaspian Metal Center Industries,Site Engineer,100000004,East Azerbaijan,8,60a399d4-e821-4716-aac8-0da1de9f6f5b,0b888619-c3b6-4dd3-98be-0c1dafff9235,100000000,235.0,f3fb6e3e-a445-4061-823e-c6ef24ac36be,beb79919-3f22-4af8-a3be-d01d43cf2fde,2025-11-19T10:52:00Z,2025-11-23T09:26:00Z,1,3,ef4ec715-e716-44e8-860f-de4d25507280
171e8a4d-eba1-4c2e-96a4-ad82808b2611,"Rebar, 50 t - Golestan-Kian Sazeh",Golestan-Kian Sazeh,Project Manager,100000000,Hormozgan,8,60a399d4-e821-4716-aac8-0da1de9f6f5b,e62c45cf-aff0-489f-bd69-2958664d0285,100000000,65.0,,e27a984d-6548-41d0-bfcd-9eb1a7cad415,2025-11-18T07:03:00Z,2025-11-22T11:47:00Z,2,6,
5d63e77a-5339-4570-b14c-2e0f1c1c9d60,"Pipes & Profiles, 60 t - Kowsar-Raman Eskelet Felezi",Kowsar-Raman Eskelet Felezi,Procurement Lead,100000001,East Azerbaijan,8,60a399d4-e821-4716-aac8-0da1de9f6f5b,77d5242d-be22-4c05-9bcb-7f2a58f77937,100000005,90.0,,beb79919-3f22-4af8-a3be-d01d43cf2fde,2025-11-20T05:53:00Z,2025-11-24T07:51:00Z,2,6,
dd161c2d-1dd7-4760-a9cf-6200b2130031,"Rebar, 25 t - Hamoon-Sabalan Omran",Hamoon-Sabalan Omran,Site Engineer,100000000,Tehran,8,60a399d4-e821-4716-aac8-0da1de9f6f5b,1e9236cf-5047-4347-9ed8-d093e1f29d69,100000000,25.0,,b02b61c4-a3d7-4628-ace6-6fa2fd5166e6,2025-12-03T06:34:00Z,2025-12-06T12:31:00Z,2,4,
d6e9e765-8edb-4792-8fd8-06d8e458e273,"Hot-Rolled Sheet, 85 t - Nikan-Tirdad Omran",Nikan-Tirdad Omran,Procurement Lead,100000000,Khorasan Razavi,8,60a399d4-e821-4716-aac8-0da1de9f6f5b,bd341081-d87d-4bf1-b377-fab1914839a9,100000002,85.0,,24933b83-7577-40a9-a491-f0b2ea1fca65,2025-11-24T12:59:00Z,2025-11-29T04:41:00Z,2,6,
588cce05-aad7-47d3-9ce1-d22a862fb417,"Beams & Sections, 30 t - Kian Sazeh Co.",Kian Sazeh Co.,Managing Director,100000000,Mazandaran,8,60a399d4-e821-4716-aac8-0da1de9f6f5b,d63c1eaf-0458-4132-a6ce-504daea2fe80,100000001,35.0,c64c9647-9ea7-417c-b89f-7039a107cc46,b02b61c4-a3d7-4628-ace6-6fa2fd5166e6,2025-11-19T10:44:00Z,2025-11-23T07:35:00Z,1,3,c7071fe9-f87a-4b62-8545-1d2399f2e459
2c92c826-8615-430c-8459-6b6d4efc5845,"Beams & Sections, 120 t - Hirad Steel Merchants Industries",Hirad Steel Merchants Industries,Site Engineer,100000004,Isfahan,8,60a399d4-e821-4716-aac8-0da1de9f6f5b,20a14880-c09d-4a5d-b7ce-f3b904ba3313,100000001,95.0,,10f1bc81-448a-4a9e-a6b2-bc5b50c187fc,2025-11-30T08:20:00Z,2025-12-04T06:59:00Z,2,5,
c3198c13-80a4-4d6d-a9e0-53afee1c313c,"Wire Rod, 95 t - Pardis Ahan Forooshi Industries",Pardis Ahan Forooshi Industries,Procurement Lead,100000004,Khorasan Razavi,8,60a399d4-e821-4716-aac8-0da1de9f6f5b,a7e68614-1808-4eff-9a5c-8d43b5cdc3e2,100000006,80.0,,24933b83-7577-40a9-a491-f0b2ea1fca65,2025-12-08T11:37:00Z,2025-12-09T06:14:00Z,2,6,
27c1c476-336c-4624-a8ff-9d121b8f5512,"Cold-Rolled Sheet, 110 t - Mahtab Press Works Group",Mahtab Press Works Group,Procurement Lead,100000003,Isfahan,8,60a399d4-e821-4716-aac8-0da1de9f6f5b,be052644-aa92-4983-b2ab-e4b7b04137d5,100000003,150.0,,10f1bc81-448a-4a9e-a6b2-bc5b50c187fc,2025-11-29T11:19:00Z,2025-12-02T11:37:00Z,2,4,
bb48ee3c-c89e-47e9-940d-a43dce659f82,"Beams & Sections, 55 t - Arya-Javid Omran",Arya-Javid Omran,Procurement Lead,100000000,Tehran,8,60a399d4-e821-4716-aac8-0da1de9f6f5b,d033e058-0c24-481f-97a1-3562a1a0c5de,100000001,70.0,,5304317f-af42-412f-b838-b3268e944239,2025-12-06T07:07:00Z,2025-12-09T08:19:00Z,2,4,
cba4c938-4ac7-472f-9f61-c06adab47a1d,"Rebar, 90 t - Javid-Behsaz Sakhteman",Javid-Behsaz Sakhteman,Procurement Lead,100000000,Fars,8,60a399d4-e821-4716-aac8-0da1de9f6f5b,d9662bc6-48b6-436f-a6d9-ec3a546b5498,100000000,105.0,,e27a984d-6548-41d0-bfcd-9eb1a7cad415,2025-12-03T08:15:00Z,2025-12-06T12:18:00Z,2,6,
46cb22f8-1eed-41d2-93f8-35cb12e6fb9d,"Rebar, 110 t - Sepehr Metals Supply Group",Sepehr Metals Supply Group,Procurement Lead,100000004,Fars,8,60a399d4-e821-4716-aac8-0da1de9f6f5b,b689ec1a-e82c-41fc-8104-af2be8c96331,100000000,95.0,,e27a984d-6548-41d0-bfcd-9eb1a7cad415,2025-11-19T06:39:00Z,2025-11-22T11:08:00Z,2,4,
233e1589-58ac-4a0e-96d2-34b469f760ae,"Galvanized Sheet, 15 t - Elham Greenhouse Structures Group",Elham Greenhouse Structures Group,Site Engineer,100000006,Fars,8,60a399d4-e821-4716-aac8-0da1de9f6f5b,70c236a1-5a1f-4e56-9b6c-1c9b68806cc4,100000004,15.0,,e27a984d-6548-41d0-bfcd-9eb1a7cad415,2025-12-14T05:27:00Z,2025-12-18T07:48:00Z,2,6,
06111161-d089-42ad-aa99-d68290450a45,"Beams & Sections, 10 t - Parsian-Pishgam Abadgaran",Parsian-Pishgam Abadgaran,Supply Chain Manager,100000000,Isfahan,8,60a399d4-e821-4716-aac8-0da1de9f6f5b,edd0a30f-b55b-47df-84d6-35b5a8139699,100000001,5.0,,10f1bc81-448a-4a9e-a6b2-bc5b50c187fc,2025-12-01T10:59:00Z,2025-12-06T12:50:00Z,2,5,
75ad3c06-a31a-45c4-a77b-e5e216430826,"Hot-Rolled Sheet, 130 t - Farazan Tube Mills Industries",Farazan Tube Mills Industries,Procurement Lead,100000002,Tehran,8,60a399d4-e821-4716-aac8-0da1de9f6f5b,48e724e4-c7bb-4252-9444-b5f81df52cb0,100000002,110.0,,0e51f30d-c6a7-4e39-84b0-32ccd7c524a5,2025-12-14T08:18:00Z,2025-12-17T06:35:00Z,2,4,
b499e4e8-08ca-4a76-a8e6-33a63ad0482a,"Wire Rod, 265 t - Mehr Metal Center Industries",Mehr Metal Center Industries,Project Manager,100000004,Tehran,8,60a399d4-e821-4716-aac8-0da1de9f6f5b,abdde79c-53c2-4592-8666-7ac08fda099a,100000006,240.0,a7d4cf50-f791-41e5-83f9-cd6b797ebe87,ce177b4e-0837-48a3-9261-a7ab3aa2e4f9,2025-11-29T11:52:00Z,2025-12-04T11:51:00Z,2,4,
71604819-3847-4730-ba7f-14d66db968a6,"Rebar, 35 t - Gilan-Sabalan Sakhteman",Gilan-Sabalan Sakhteman,Purchasing Manager,100000000,Khuzestan,8,60a399d4-e821-4716-aac8-0da1de9f6f5b,7a0b5af9-da38-4ab5-a561-6fee6d4ada4c,100000000,40.0,4b94b930-393a-4207-b19c-c375a599252d,366eb16f-508e-4ad7-b7c9-3acfe059a0ee,2025-11-19T05:25:00Z,2025-11-26T13:14:00Z,1,3,86ade6a1-5635-489d-986a-852e66eaf779
67d77d7a-58f6-4590-80a4-84e8b24f195c,"Rebar, 65 t - Orang-Mahan Fabrication Works",Orang-Mahan Fabrication Works,Procurement Lead,100000001,East Azerbaijan,8,60a399d4-e821-4716-aac8-0da1de9f6f5b,a10154b5-944d-48b2-99c3-92b5a3fe4ce9,100000000,80.0,,beb79919-3f22-4af8-a3be-d01d43cf2fde,2025-12-16T05:23:00Z,2025-12-22T08:58:00Z,2,5,
136dd4ff-3e76-4bb2-99dd-89b03383998c,"Hot-Rolled Sheet, 35 t - Mehr-Arman Abadgaran",Mehr-Arman Abadgaran,Procurement Lead,100000000,Fars,8,60a399d4-e821-4716-aac8-0da1de9f6f5b,7359f4e9-d196-4e63-a41e-b3bc42b94ab3,100000002,25.0,be21481a-f23e-45f3-9720-c1ba0171771f,e27a984d-6548-41d0-bfcd-9eb1a7cad415,2025-12-15T08:07:00Z,2025-12-20T06:59:00Z,1,3,a40ac285-16cf-487b-8756-1773d82c9644
e50399b7-8225-4b62-8700-be387ece75ee,"Pipes & Profiles, 15 t - Hamoon Agri-Steel Industries",Hamoon Agri-Steel Industries,Procurement Lead,100000006,Khorasan Razavi,1,f6d22a7b-aec7-4a82-948b-4376602a4e57,fc042db2-45a9-497d-90f4-e18b20b62ec4,100000005,15.0,,24933b83-7577-40a9-a491-f0b2ea1fca65,2026-05-10T09:34:00Z,2026-05-13T06:29:00Z,2,6,
2a5252c8-d4d6-48b4-a322-5384a1fc53c3,"Rebar, 10 t - Saba-Jahan Abadgaran",Saba-Jahan Abadgaran,Managing Director,100000000,Hormozgan,1,f6d22a7b-aec7-4a82-948b-4376602a4e57,fe660984-0949-4c74-ae21-fa38da42f2e2,100000000,10.0,,e27a984d-6548-41d0-bfcd-9eb1a7cad415,2026-04-23T06:48:00Z,2026-04-26T08:08:00Z,2,4,
d1a65ede-af20-4ad1-9f62-8f0b9f9caf6f,"Rebar, 10 t - Farazan Abadgaran Industries",Farazan Abadgaran Industries,Procurement Lead,100000000,Khuzestan,1,f6d22a7b-aec7-4a82-948b-4376602a4e57,a2362afd-345b-4bb2-aa1d-481291878942,100000000,15.0,012154e0-e0a1-4e5c-aab6-4bad828236bc,366eb16f-508e-4ad7-b7c9-3acfe059a0ee,2026-04-26T10:43:00Z,2026-04-30T07:13:00Z,1,3,1609a740-7529-49f1-b8da-2bfdd4145970
8d7be55d-8f05-45d9-aa36-6c3ad0134e67,"Beams & Sections, 10 t - Nasim Sakhteman Group",Nasim Sakhteman Group,Procurement Lead,100000000,East Azerbaijan,1,f6d22a7b-aec7-4a82-948b-4376602a4e57,dfb4e0bd-c840-4d88-b44f-fb05fccf4f73,100000001,5.0,eea00af9-6283-450f-9fdd-c20aebee30cf,beb79919-3f22-4af8-a3be-d01d43cf2fde,2026-04-27T06:03:00Z,2026-05-03T11:25:00Z,2,5,
c276a38d-442b-4a2c-ab74-9593a4b6614f,"Beams & Sections, 15 t - Farazan Omran Group",Farazan Omran Group,Managing Director,100000000,Isfahan,1,f6d22a7b-aec7-4a82-948b-4376602a4e57,df35bb44-9839-4643-9c5b-0b3f7b6fc9b4,100000001,15.0,564cfbd2-bc92-4d81-839b-058c2faabe0b,10f1bc81-448a-4a9e-a6b2-bc5b50c187fc,2026-04-29T13:00:00Z,2026-05-03T08:21:00Z,2,4,
5e46e609-a625-4b1d-897d-e460fe417eb2,"Pipes & Profiles, 35 t - Tarava Abadgaran Co.",Tarava Abadgaran Co.,Managing Director,100000000,Tehran,1,f6d22a7b-aec7-4a82-948b-4376602a4e57,7e93f9de-6ba3-414c-bc6c-5e7c496ef277,100000005,25.0,144be8bc-e207-4595-be20-9925a72427a6,0e51f30d-c6a7-4e39-84b0-32ccd7c524a5,2026-05-06T08:28:00Z,2026-05-10T09:52:00Z,2,5,
52d82a77-6f15-4e8f-8259-6a86392cc57e,"Hot-Rolled Sheet, 25 t - Sahand-Arvand Sazeh",Sahand-Arvand Sazeh,Managing Director,100000000,Tehran,1,f6d22a7b-aec7-4a82-948b-4376602a4e57,953873c8-dc06-42d6-9155-8070fe13c9a4,100000002,30.0,,5304317f-af42-412f-b838-b3268e944239,2026-05-02T09:38:00Z,2026-05-04T08:05:00Z,2,4,
34e1b06d-daa6-486e-bdb5-1e16b02aa367,"Hot-Rolled Sheet, 85 t - Sabalan-Sahand Contracting",Sabalan-Sahand Contracting,Supply Chain Manager,100000000,Khuzestan,1,f6d22a7b-aec7-4a82-948b-4376602a4e57,33e77548-6077-4e15-9817-1b35e663074d,100000002,80.0,4765c1f0-236e-4f2d-9c0c-7c79e2bfa75a,366eb16f-508e-4ad7-b7c9-3acfe059a0ee,2026-04-26T12:54:00Z,2026-04-30T06:35:00Z,1,3,f1d3bef3-56d5-43ae-9b7b-36393f475437
f045ef28-87cc-4f07-9a6d-46d1787344ab,"Pipes & Profiles, 20 t - Fardis Greenhouse Structures Industries",Fardis Greenhouse Structures Industries,Managing Director,100000006,Fars,1,f6d22a7b-aec7-4a82-948b-4376602a4e57,b8f39f1a-5655-44cf-9fb0-aef2e1710e4d,100000005,25.0,,e27a984d-6548-41d0-bfcd-9eb1a7cad415,2026-04-23T11:49:00Z,2026-04-25T11:49:00Z,2,4,
0d19364d-00eb-410e-840c-f33a42e32c21,"Pipes & Profiles, 275 t - Rahyab Urban Infrastructure Co.",Rahyab Urban Infrastructure Co.,Purchasing Manager,100000005,Khuzestan,1,f6d22a7b-aec7-4a82-948b-4376602a4e57,15e5d4dd-3d31-4eea-aa95-1de8ec2620b4,100000005,420.0,,366eb16f-508e-4ad7-b7c9-3acfe059a0ee,2026-05-02T04:30:00Z,2026-05-14T06:22:00Z,2,6,
686477b3-8a36-4a15-99b6-0b282c30c392,"Galvanized Sheet, 5 t - Mehrgan Appliance Components Group",Mehrgan Appliance Components Group,Purchasing Manager,100000003,Hormozgan,1,f6d22a7b-aec7-4a82-948b-4376602a4e57,6af6a9a5-8646-49ae-8f47-5b4b5ddf22d6,100000004,5.0,0cf01d6d-62f8-4ed8-b031-69394c4d6aa7,e27a984d-6548-41d0-bfcd-9eb1a7cad415,2026-05-07T12:19:00Z,2026-05-17T04:37:00Z,1,3,71e304ad-d082-49b9-af1f-a581393f5179
ca9ac89d-9915-4a3d-854a-518c2d55fd64,"Galvanized Sheet, 35 t - Shahab Appliance Components Industries",Shahab Appliance Components Industries,Purchasing Manager,100000003,Tehran,1,f6d22a7b-aec7-4a82-948b-4376602a4e57,707a0a47-8b5c-47f1-9c8b-4dd8d9dda547,100000004,55.0,,0e51f30d-c6a7-4e39-84b0-32ccd7c524a5,2026-04-27T10:20:00Z,2026-05-02T11:34:00Z,2,4,
462cd446-862f-42ea-a4c8-0949f899a35f,"Rebar, 105 t - Mahan Steel Trading Group",Mahan Steel Trading Group,Purchasing Manager,100000004,Fars,1,f6d22a7b-aec7-4a82-948b-4376602a4e57,c071e0b3-fc17-4efb-adcd-f1946e78efb9,100000000,75.0,da815f02-ed2a-490c-a9ee-043c9d85b47a,e27a984d-6548-41d0-bfcd-9eb1a7cad415,2026-04-21T08:27:00Z,2026-04-22T12:34:00Z,1,3,af98bc5a-b7e1-47b7-a73a-de213f101bb0
e6ca51f9-2254-4864-9215-f840e42634c1,"Rebar, 35 t - Mehrgan-Navid Sakhteman",Mehrgan-Navid Sakhteman,Site Engineer,100000000,Tehran,1,f6d22a7b-aec7-4a82-948b-4376602a4e57,61364dea-b814-485f-92a4-c168e8b527fa,100000000,25.0,a0616b25-638c-4d8e-aa9a-0de2061ead52,5304317f-af42-412f-b838-b3268e944239,2026-04-21T12:00:00Z,2026-04-25T09:48:00Z,1,3,7a395524-98c6-4140-b4f6-365d1bcc5ae9
2d7dbd6b-dff6-4a52-8e54-987859619f38,"Beams & Sections, 260 t - Raman Steel Trading Ltd.",Raman Steel Trading Ltd.,Procurement Lead,100000004,Isfahan,1,f6d22a7b-aec7-4a82-948b-4376602a4e57,6e3a1031-137e-4367-a8bf-dd7025c2a5a6,100000001,330.0,,10f1bc81-448a-4a9e-a6b2-bc5b50c187fc,2026-04-22T06:51:00Z,2026-04-25T05:53:00Z,2,4,
932d5e1f-7480-4a96-8135-9f0814a0d222,"Beams & Sections, 60 t - Arman-Sadaf Fabrication Works",Arman-Sadaf Fabrication Works,Site Engineer,100000001,Tehran,1,f6d22a7b-aec7-4a82-948b-4376602a4e57,c392d719-7fe6-4534-9f3f-3f05c6b5415e,100000001,45.0,ddca2d0b-ccb5-40a8-ab4a-ce2e901aa87a,5304317f-af42-412f-b838-b3268e944239,2026-05-04T07:34:00Z,2026-05-09T11:32:00Z,1,3,654dcee3-578a-433d-b9ff-125cd7ca82ef
64794eea-df78-45e3-b0c3-c87fd8411480,"Pipes & Profiles, 10 t - Arman Agri-Steel Industries",Arman Agri-Steel Industries,Supply Chain Manager,100000006,Isfahan,1,f6d22a7b-aec7-4a82-948b-4376602a4e57,1c546341-2381-4cdc-9aad-d7feae18c12b,100000005,10.0,,9132b63e-f162-47e4-a9c3-49e03602f8ac,2026-05-05T07:57:00Z,2026-05-07T07:12:00Z,2,4,
4b9bd1da-99cd-4467-a32c-b8233b4fa15d,"Rebar, 60 t - Yekta-Tirdad Builders",Yekta-Tirdad Builders,Managing Director,100000000,Tehran,1,f6d22a7b-aec7-4a82-948b-4376602a4e57,10380e2d-99a2-482b-ab04-95e3bff53abe,100000000,60.0,,5304317f-af42-412f-b838-b3268e944239,2026-04-25T07:43:00Z,2026-04-27T04:52:00Z,2,4,
a61b0097-973d-4f96-a0c7-5691d45958b6,"Rebar, 35 t - Fardis-Rayan Sazeh",Fardis-Rayan Sazeh,Supply Chain Manager,100000000,Isfahan,1,f6d22a7b-aec7-4a82-948b-4376602a4e57,3eec3946-a7c5-4775-a955-c00b8e7efbc3,100000000,20.0,,9132b63e-f162-47e4-a9c3-49e03602f8ac,2026-05-02T09:12:00Z,2026-05-05T06:13:00Z,2,6,
405d5951-f08d-4f0b-bc03-489b1ff7c119,"Beams & Sections, 5 t - Darya Fabrication Works Group",Darya Fabrication Works Group,Purchasing Manager,100000001,Tehran,1,f6d22a7b-aec7-4a82-948b-4376602a4e57,78bf1277-125c-4659-b11a-c9f21b72df10,100000001,5.0,1a2a3a8e-e833-4ef3-bfe3-5f299c769b42,5304317f-af42-412f-b838-b3268e944239,2026-04-22T08:46:00Z,2026-04-27T05:14:00Z,2,5,
545da504-6568-450b-87ab-47a5f2b4e112,"Galvanized Sheet, 15 t - Raman Agri-Steel Co.",Raman Agri-Steel Co.,Purchasing Manager,100000006,Isfahan,1,f6d22a7b-aec7-4a82-948b-4376602a4e57,ea54d0f3-46ec-4a4d-b014-0b92810e541c,100000004,15.0,e90ecbd3-7770-490e-b25d-2c850622a294,9132b63e-f162-47e4-a9c3-49e03602f8ac,2026-05-06T11:23:00Z,2026-05-11T04:53:00Z,1,3,6898cb23-25b4-4c5a-b06d-0d67201a8713
f1b1a675-adaa-4c1e-8892-0a64ca5f5329,"Rebar, 15 t - Orang-Jahan Sakhteman",Orang-Jahan Sakhteman,Procurement Lead,100000000,Mazandaran,1,f6d22a7b-aec7-4a82-948b-4376602a4e57,21fc7a0e-db8a-40c4-9716-f3e25b07f521,100000000,15.0,,b02b61c4-a3d7-4628-ace6-6fa2fd5166e6,2026-04-28T11:15:00Z,2026-04-30T07:33:00Z,2,6,
7bafcbcc-541f-4b00-b563-a33cc62f06ff,"Beams & Sections, 35 t - Aban-Sepehr Sakhteman",Aban-Sepehr Sakhteman,Supply Chain Manager,100000000,Alborz,1,f6d22a7b-aec7-4a82-948b-4376602a4e57,9b92411c-655b-4227-a300-e47404a9b572,100000001,25.0,,0e51f30d-c6a7-4e39-84b0-32ccd7c524a5,2026-05-03T11:29:00Z,2026-05-06T06:08:00Z,2,5,
11ca971a-85f3-4a61-b84a-1462667f7d61,"Wire Rod, 60 t - Kaspian Agri-Steel Group",Kaspian Agri-Steel Group,Supply Chain Manager,100000006,Khorasan Razavi,1,f6d22a7b-aec7-4a82-948b-4376602a4e57,32409f98-6d67-4d74-9940-f06fbd95af35,100000006,80.0,7147f758-cdbe-4548-aa65-66e8fe1ad905,24933b83-7577-40a9-a491-f0b2ea1fca65,2026-05-06T08:23:00Z,2026-05-09T12:57:00Z,1,3,66252329-715e-4067-945c-8aa48bc36e76
281f972c-4483-4692-a2eb-81c462ae6745,"Rebar, 110 t - Tarava Ahan Forooshi Ltd.",Tarava Ahan Forooshi Ltd.,Site Engineer,100000004,Tehran,1,f6d22a7b-aec7-4a82-948b-4376602a4e57,7ccbcc75-3e7d-4430-969b-07123f9d4556,100000000,115.0,,ce177b4e-0837-48a3-9261-a7ab3aa2e4f9,2026-04-20T11:35:00Z,2026-04-23T09:34:00Z,2,4,
8f110ea6-ce48-47b8-999f-5f7c2e4b8f13,"Galvanized Sheet, 10 t - Zagros Golkhaneh Sazan Co.",Zagros Golkhaneh Sazan Co.,Procurement Lead,100000006,Tehran,1,f6d22a7b-aec7-4a82-948b-4376602a4e57,302e450c-5881-4e4e-bb4f-ae54898c6d6f,100000004,10.0,186b2880-ab54-4a15-a69d-01ff1634725b,b02b61c4-a3d7-4628-ace6-6fa2fd5166e6,2026-05-07T06:04:00Z,2026-05-09T08:18:00Z,2,5,
a779e09f-de92-4a06-ac05-b7a833a2f3d5,"Rebar, 50 t - Behsaz Ahan Forooshi Group",Behsaz Ahan Forooshi Group,Purchasing Manager,100000004,Fars,1,f6d22a7b-aec7-4a82-948b-4376602a4e57,7d4c360f-ba3e-4b77-85b7-b856543c2bca,100000000,85.0,,e27a984d-6548-41d0-bfcd-9eb1a7cad415,2026-04-25T13:17:00Z,2026-04-28T08:23:00Z,2,4,
f220781e-7ab1-40df-9330-d983561dc95e,"Galvanized Sheet, 70 t - Mehrgan Press Works Group",Mehrgan Press Works Group,Site Engineer,100000003,Khuzestan,1,f6d22a7b-aec7-4a82-948b-4376602a4e57,dc3541e7-fa06-4c08-a3ad-0b29cab71e01,100000004,70.0,,366eb16f-508e-4ad7-b7c9-3acfe059a0ee,2026-05-03T07:23:00Z,2026-05-06T07:37:00Z,2,5,
b4accc15-1c08-4b33-8f73-9f314b1831ee,"Hot-Rolled Sheet, 45 t - Raman-Tirdad Eskelet Felezi",Raman-Tirdad Eskelet Felezi,Procurement Lead,100000001,Isfahan,1,f6d22a7b-aec7-4a82-948b-4376602a4e57,052a6bca-beed-420b-9d80-39c584d5e55f,100000002,45.0,,10f1bc81-448a-4a9e-a6b2-bc5b50c187fc,2026-05-09T09:23:00Z,2026-05-11T07:08:00Z,2,4,
938019f0-ec56-46c0-b3f0-708f6ca1c3c1,"Rebar, 50 t - Iranmehr-Gilan Omran",Iranmehr-Gilan Omran,Procurement Lead,100000000,Isfahan,1,f6d22a7b-aec7-4a82-948b-4376602a4e57,b80a6a0d-ad6c-4f4c-917f-ad58cd47c866,100000000,55.0,,10f1bc81-448a-4a9e-a6b2-bc5b50c187fc,2026-04-25T10:09:00Z,2026-05-02T13:01:00Z,2,6,
1111ab48-d4f8-4557-8c99-779b28e98126,"Wire Rod, 45 t - Iman Ahan Bazar Industries",Iman Ahan Bazar Industries,Purchasing Manager,100000004,Tehran,1,f6d22a7b-aec7-4a82-948b-4376602a4e57,b1b9a506-7a20-4b9a-8f28-d69653e39c0e,100000006,35.0,,ce177b4e-0837-48a3-9261-a7ab3aa2e4f9,2026-04-26T10:08:00Z,2026-04-29T08:14:00Z,2,6,
d90db377-a42e-4d3f-9fb0-e1058fed26f0,"Hot-Rolled Sheet, 25 t - Kowsar Steel Depot Ltd.",Kowsar Steel Depot Ltd.,Supply Chain Manager,100000004,Khorasan Razavi,1,f6d22a7b-aec7-4a82-948b-4376602a4e57,c21574c2-7d94-4ada-9978-94e72a8f1f2c,100000002,25.0,,24933b83-7577-40a9-a491-f0b2ea1fca65,2026-04-25T11:57:00Z,2026-04-27T11:50:00Z,2,6,
0594972d-7e78-4722-b88f-b565674fad22,"Beams & Sections, 25 t - Iman-Zarrin Construction",Iman-Zarrin Construction,Supply Chain Manager,100000000,Tehran,1,f6d22a7b-aec7-4a82-948b-4376602a4e57,90c3a74b-5e50-4f3d-9224-34068794abfa,100000001,25.0,,b02b61c4-a3d7-4628-ace6-6fa2fd5166e6,2026-04-23T08:21:00Z,2026-04-28T10:54:00Z,2,4,
ec05f6c6-b5c1-4abf-8c24-ce0e41594f66,"Beams & Sections, 25 t - Sabalan-Kavir Sabz Construction",Sabalan-Kavir Sabz Construction,Purchasing Manager,100000000,Tehran,1,f6d22a7b-aec7-4a82-948b-4376602a4e57,4165406c-d5a8-42bc-9f4c-028ec05a2e08,100000001,25.0,,5304317f-af42-412f-b838-b3268e944239,2026-05-05T09:21:00Z,2026-05-10T12:34:00Z,2,4,
c4cb8ec6-71cc-49ff-8a54-6465c68748f7,"Pipes & Profiles, 60 t - Arvand Omran Co.",Arvand Omran Co.,Procurement Lead,100000000,Tehran,1,f6d22a7b-aec7-4a82-948b-4376602a4e57,f80fd08d-4ff6-4385-ac3d-318cba0177c2,100000005,75.0,0fc98d2e-030f-4be9-9f17-8f9323c97a1e,b02b61c4-a3d7-4628-ace6-6fa2fd5166e6,2026-04-21T13:21:00Z,2026-04-23T11:11:00Z,2,7,
e568bdb7-2632-4884-9965-af8ebda87216,"Galvanized Sheet, 20 t - Gilan Appliance Components Ltd.",Gilan Appliance Components Ltd.,Supply Chain Manager,100000003,Tehran,1,f6d22a7b-aec7-4a82-948b-4376602a4e57,d2a5332a-9362-486e-bc44-b4d1b6100099,100000004,20.0,,b02b61c4-a3d7-4628-ace6-6fa2fd5166e6,2026-04-19T08:06:00Z,2026-04-21T10:43:00Z,2,4,
b0038c52-0605-4b82-aab1-b5d19b846e70,"Cold-Rolled Sheet, 25 t - Parsian Appliance Components Industries",Parsian Appliance Components Industries,Project Manager,100000003,Tehran,1,f6d22a7b-aec7-4a82-948b-4376602a4e57,b87fcd14-91c8-4699-a843-c6517561834e,100000003,35.0,65cbb014-763c-4109-a83e-68ebb8235d5e,b02b61c4-a3d7-4628-ace6-6fa2fd5166e6,2026-05-11T10:08:00Z,2026-05-17T12:20:00Z,1,3,a2029911-30ca-483c-bba0-fdad28e8aa16
6571bc7f-1265-4624-b364-ae2c3f1f84a2,"Pipes & Profiles, 25 t - Arya Greenhouse Structures Ltd.",Arya Greenhouse Structures Ltd.,Project Manager,100000006,Isfahan,1,f6d22a7b-aec7-4a82-948b-4376602a4e57,4fdff06e-5905-49c4-bcfd-771124d27986,100000005,40.0,,9132b63e-f162-47e4-a9c3-49e03602f8ac,2026-05-03T06:43:00Z,2026-05-06T11:24:00Z,2,5,
2f4df410-d02a-471b-a9c2-778108668820,"Beams & Sections, 245 t - Taban Foolad Trading Ltd.",Taban Foolad Trading Ltd.,Site Engineer,100000004,Fars,1,f6d22a7b-aec7-4a82-948b-4376602a4e57,59d5f7a1-b3f3-4850-8ba8-7493b5c47919,100000001,195.0,,e27a984d-6548-41d0-bfcd-9eb1a7cad415,2026-05-02T12:08:00Z,2026-05-04T07:01:00Z,2,6,
a7ee9407-4957-4664-92ae-44fbf85b2a42,"Beams & Sections, 40 t - Vista-Tina Sazeh",Vista-Tina Sazeh,Supply Chain Manager,100000000,Alborz,1,f6d22a7b-aec7-4a82-948b-4376602a4e57,67ec013b-6f78-4265-b065-c0106245d3c9,100000001,40.0,,0e51f30d-c6a7-4e39-84b0-32ccd7c524a5,2026-04-21T05:11:00Z,2026-04-25T07:54:00Z,2,6,
8dd44a0f-5d9e-4ef7-8314-2c2baa602364,"Pipes & Profiles, 15 t - Tarava Golkhaneh Sazan Ltd.",Tarava Golkhaneh Sazan Ltd.,Procurement Lead,100000006,Fars,1,f6d22a7b-aec7-4a82-948b-4376602a4e57,8cd69c96-7763-4d0f-92c2-637ae9da53bc,100000005,20.0,,e27a984d-6548-41d0-bfcd-9eb1a7cad415,2026-05-07T10:59:00Z,2026-05-12T05:22:00Z,2,4,
17b547d7-4a0f-4824-8455-f3bdcc3f77bb,"Beams & Sections, 215 t - Darya Iron & Steel Supply Ltd.",Darya Iron & Steel Supply Ltd.,Managing Director,100000004,East Azerbaijan,1,f6d22a7b-aec7-4a82-948b-4376602a4e57,e3b53326-7e22-4f21-8817-1be66602a207,100000001,175.0,705f052b-d682-40b4-bbb7-cc429cba7bc6,beb79919-3f22-4af8-a3be-d01d43cf2fde,2026-04-26T05:48:00Z,2026-04-30T10:16:00Z,1,3,034da95f-5667-43a7-8582-fd806958589e
9d8c65d1-1282-4d71-b156-a7c8b8756404,"Rebar, 15 t - Karun-Sahand Omran",Karun-Sahand Omran,Supply Chain Manager,100000000,Hormozgan,1,f6d22a7b-aec7-4a82-948b-4376602a4e57,95363cd4-2af6-4f9b-9baf-1826b0e49987,100000000,10.0,,e27a984d-6548-41d0-bfcd-9eb1a7cad415,2026-04-20T10:10:00Z,2026-04-22T12:38:00Z,2,4,
b4a5a809-2626-4d0c-9d60-60848176e002,"Rebar, 30 t - Iranmehr-Farnam Construction",Iranmehr-Farnam Construction,Purchasing Manager,100000000,East Azerbaijan,1,f6d22a7b-aec7-4a82-948b-4376602a4e57,24e96abe-421e-4ebf-8699-7fc46c09db7c,100000000,40.0,,beb79919-3f22-4af8-a3be-d01d43cf2fde,2026-04-25T07:09:00Z,2026-04-27T05:03:00Z,2,5,
395e16d5-3ea4-4945-801f-f52b260cf901,"Rebar, 10 t - Yekta-Mehrgan Omran",Yekta-Mehrgan Omran,Procurement Lead,100000000,East Azerbaijan,1,f6d22a7b-aec7-4a82-948b-4376602a4e57,9427502c-dcaa-40a6-8126-e7436387ed6b,100000000,10.0,,beb79919-3f22-4af8-a3be-d01d43cf2fde,2026-04-30T07:22:00Z,2026-05-03T06:17:00Z,2,5,
0eaddbb3-d96f-4642-9869-bf9d9fa5abd4,"Hot-Rolled Sheet, 50 t - Kaspian-Pardis Construction",Kaspian-Pardis Construction,Procurement Lead,100000000,Tehran,1,f6d22a7b-aec7-4a82-948b-4376602a4e57,931f8100-fadf-4abd-8910-996605cfa3fa,100000002,65.0,,5304317f-af42-412f-b838-b3268e944239,2026-04-18T06:53:00Z,2026-04-20T09:33:00Z,2,5,
a399dc47-ace2-4aec-a408-b9ffd72467f0,"Galvanized Sheet, 100 t - Karun Profile Works Co.",Karun Profile Works Co.,Project Manager,100000002,Isfahan,1,f6d22a7b-aec7-4a82-948b-4376602a4e57,477d2a2a-ecee-47d6-90c9-c878a22c5a0c,100000004,105.0,,10f1bc81-448a-4a9e-a6b2-bc5b50c187fc,2026-05-02T08:03:00Z,2026-05-05T07:20:00Z,2,6,
2fafff42-378a-4858-be34-363a07d8ba72,"Hot-Rolled Sheet, 20 t - Nima-Chakad Abadgaran",Nima-Chakad Abadgaran,Supply Chain Manager,100000000,Tehran,1,f6d22a7b-aec7-4a82-948b-4376602a4e57,12bec596-9f0c-46ec-bf28-48c9b24ef544,100000002,20.0,,b02b61c4-a3d7-4628-ace6-6fa2fd5166e6,2026-05-04T05:49:00Z,2026-05-11T07:20:00Z,2,4,
3aff8085-8d22-463f-8064-b74d4b972bc7,"Cold-Rolled Sheet, 5 t - Elham Appliance Components Industries",Elham Appliance Components Industries,Project Manager,100000003,Tehran,1,f6d22a7b-aec7-4a82-948b-4376602a4e57,0fbf92fe-df5b-46ed-a970-25f7145858bc,100000003,5.0,,5304317f-af42-412f-b838-b3268e944239,2026-05-09T05:08:00Z,2026-05-12T05:08:00Z,2,7,
e2941d93-5c2e-4d35-a0ce-5ad0438061a5,"Pipes & Profiles, 35 t - Navid-Omid Sakhteman",Navid-Omid Sakhteman,Purchasing Manager,100000000,Tehran,1,f6d22a7b-aec7-4a82-948b-4376602a4e57,2249655d-2132-4b90-9daf-e686f0f0e58d,100000005,25.0,,b02b61c4-a3d7-4628-ace6-6fa2fd5166e6,2026-05-07T13:13:00Z,2026-05-13T11:25:00Z,2,7,
caa603bf-80c2-4c49-a9d3-b9355e566c56,"Cold-Rolled Sheet, 60 t - Omid Press Works Ltd.",Omid Press Works Ltd.,Supply Chain Manager,100000003,Mazandaran,1,f6d22a7b-aec7-4a82-948b-4376602a4e57,3f2022c9-8f79-4136-8598-7f48967d1c4d,100000003,45.0,62212db5-e165-43d1-8e54-8df8798cc079,b02b61c4-a3d7-4628-ace6-6fa2fd5166e6,2026-05-09T11:39:00Z,2026-05-10T09:40:00Z,1,3,6b6bc3e7-d676-43f1-bb81-0c62950256f6
371a937a-6f3c-470d-8992-cf45844bbc08,"Rebar, 55 t - Behsaz Foolad Trading Industries",Behsaz Foolad Trading Industries,Project Manager,100000004,Hormozgan,1,f6d22a7b-aec7-4a82-948b-4376602a4e57,91cb3004-c2ff-4511-be60-c6368512c219,100000000,60.0,b7f93b2d-9e4f-4a00-9358-6f3092fe32e5,e27a984d-6548-41d0-bfcd-9eb1a7cad415,2026-05-06T09:04:00Z,2026-05-11T09:50:00Z,1,3,677ffb7b-2b98-4895-afa3-fb1d79a376bd
7a8b7aca-b53f-4ddc-95fd-307891f81fad,"Wire Rod, 30 t - Atlas Agri-Steel Industries",Atlas Agri-Steel Industries,Managing Director,100000006,Alborz,8,220b9ea9-8a0f-4508-9fe2-c0a0a96b3c42,76faeea1-add0-4d16-be53-b386e0bb5ab4,100000006,25.0,578cd875-d231-4372-bfb0-942cac777762,5304317f-af42-412f-b838-b3268e944239,2026-05-07T05:47:00Z,2026-05-14T09:13:00Z,2,4,
07a3fe5d-828f-4a3d-9e11-4b4d2ead0be0,"Rebar, 240 t - Kian Rail & Road Projects Industries",Kian Rail & Road Projects Industries,Supply Chain Manager,100000005,Tehran,8,220b9ea9-8a0f-4508-9fe2-c0a0a96b3c42,a0b45327-af8b-4fb1-a53b-7a49a12a118d,100000000,215.0,c37e9c25-5d5e-4747-b83d-f10179ece854,ce177b4e-0837-48a3-9261-a7ab3aa2e4f9,2026-05-09T05:47:00Z,2026-05-10T09:08:00Z,1,3,8e0bb873-102c-4ffb-ae5f-a86eae7cbf30
6137d61e-e3b3-4b65-bc65-b61aba4710af,"Wire Rod, 35 t - Gilan Golkhaneh Sazan Ltd.",Gilan Golkhaneh Sazan Ltd.,Site Engineer,100000006,Khorasan Razavi,8,220b9ea9-8a0f-4508-9fe2-c0a0a96b3c42,720b95da-8832-4434-936f-cddd5cc6b496,100000006,40.0,,24933b83-7577-40a9-a491-f0b2ea1fca65,2026-04-21T10:04:00Z,2026-04-25T05:29:00Z,2,7,
b9dc97f6-f281-4bb9-849d-945a62d15afc,"Hot-Rolled Sheet, 90 t - Bamdad Pipe Works Industries",Bamdad Pipe Works Industries,Managing Director,100000002,Alborz,8,220b9ea9-8a0f-4508-9fe2-c0a0a96b3c42,d754c81f-7614-4744-8fcb-10354c2b3e78,100000002,125.0,,b02b61c4-a3d7-4628-ace6-6fa2fd5166e6,2026-04-28T09:40:00Z,2026-05-05T11:54:00Z,2,5,
f5c95bc7-f70d-4bac-bdaf-ff6bdec0a45d,"Beams & Sections, 100 t - Pishgam Metals Supply Ltd.",Pishgam Metals Supply Ltd.,Procurement Lead,100000004,Tehran,8,220b9ea9-8a0f-4508-9fe2-c0a0a96b3c42,765aa3f5-82aa-4ada-b201-5af70e75e4ab,100000001,195.0,ffa623d0-ea9e-4c8d-b1a8-b71f491b90e9,ce177b4e-0837-48a3-9261-a7ab3aa2e4f9,2026-04-20T10:07:00Z,2026-04-25T10:36:00Z,2,6,
b0156679-eea3-4c22-9fa7-324a32067a62,"Beams & Sections, 15 t - Gilan-Elham Sakhteman",Gilan-Elham Sakhteman,Project Manager,100000000,Fars,8,220b9ea9-8a0f-4508-9fe2-c0a0a96b3c42,c0f50614-e459-4b10-9d11-d58fc3e0b99b,100000001,15.0,a0ec7f33-ec02-476a-bb94-3cdd28fbc2dd,e27a984d-6548-41d0-bfcd-9eb1a7cad415,2026-05-02T11:45:00Z,2026-05-06T10:50:00Z,1,3,37e3abae-fd4b-4aba-8f46-6431513ca94b
f9550a82-2ede-40ec-8c91-5b72b42c7138,"Hot-Rolled Sheet, 195 t - Karun Loleh Sazi Ltd.",Karun Loleh Sazi Ltd.,Project Manager,100000002,Tehran,8,220b9ea9-8a0f-4508-9fe2-c0a0a96b3c42,4add6ff5-535e-4342-9899-f328ee31d84f,100000002,260.0,,0e51f30d-c6a7-4e39-84b0-32ccd7c524a5,2026-04-29T04:42:00Z,2026-05-04T10:48:00Z,2,5,
27b728b9-2811-4ac2-999b-d9dc8ed77321,"Hot-Rolled Sheet, 40 t - Shahab Steel Merchants Ltd.",Shahab Steel Merchants Ltd.,Project Manager,100000004,Tehran,8,220b9ea9-8a0f-4508-9fe2-c0a0a96b3c42,5603df5b-5d55-4a4b-a83d-cf21fcd9ce7a,100000002,35.0,f4e95734-5052-4700-a077-96a38685abaa,ce177b4e-0837-48a3-9261-a7ab3aa2e4f9,2026-04-22T12:00:00Z,2026-05-02T13:26:00Z,2,7,
c8a966f1-0178-4f4d-b1e8-daac6feaf9f0,"Pipes & Profiles, 55 t - Tous Greenhouse Structures Industries",Tous Greenhouse Structures Industries,Procurement Lead,100000006,Fars,8,220b9ea9-8a0f-4508-9fe2-c0a0a96b3c42,e5f3abf5-fd02-41ef-9e9f-d5e5069ced48,100000005,50.0,,e27a984d-6548-41d0-bfcd-9eb1a7cad415,2026-05-05T09:04:00Z,2026-05-09T06:08:00Z,2,6,
31a28b9e-e4ce-4b2a-b9e8-38b75fe3721c,"Hot-Rolled Sheet, 195 t - Omid Profile Works Industries",Omid Profile Works Industries,Managing Director,100000002,Fars,8,220b9ea9-8a0f-4508-9fe2-c0a0a96b3c42,1a973bce-7f73-4b3f-9cca-977c86f3a62a,100000002,220.0,bcce1509-d9b9-41bd-8f4f-3cf0aa08460b,e27a984d-6548-41d0-bfcd-9eb1a7cad415,2026-04-30T06:18:00Z,2026-05-07T08:39:00Z,1,3,77a4e299-3396-4c9b-a1bb-bc85ecfe1b76
f1248364-ef80-4c47-919e-80a54f7cdde9,"Rebar, 25 t - Yekta-Ofogh Abadgaran",Yekta-Ofogh Abadgaran,Supply Chain Manager,100000000,Fars,8,220b9ea9-8a0f-4508-9fe2-c0a0a96b3c42,bd72e7d0-6732-44e0-90eb-67db7aed472c,100000000,20.0,,e27a984d-6548-41d0-bfcd-9eb1a7cad415,2026-05-18T08:14:00Z,2026-05-23T04:55:00Z,2,4,
f758d606-cdc0-4ee1-bde8-13849833d2b6,"Galvanized Sheet, 25 t - Elham Agri-Steel Industries",Elham Agri-Steel Industries,Purchasing Manager,100000006,East Azerbaijan,8,220b9ea9-8a0f-4508-9fe2-c0a0a96b3c42,7c8a12f5-6ba3-4c80-92dd-e38aae30d8de,100000004,25.0,,beb79919-3f22-4af8-a3be-d01d43cf2fde,2026-04-28T12:56:00Z,2026-05-06T10:56:00Z,2,4,
bad8f57f-c59e-473f-8fb2-9b548809367e,"Cold-Rolled Sheet, 30 t - Rastin Appliance Components Ltd.",Rastin Appliance Components Ltd.,Managing Director,100000003,Khuzestan,8,220b9ea9-8a0f-4508-9fe2-c0a0a96b3c42,72503b0f-364f-4995-9698-ff0514523465,100000003,25.0,,366eb16f-508e-4ad7-b7c9-3acfe059a0ee,2026-04-30T09:48:00Z,2026-05-05T06:21:00Z,2,4,
38214a96-ef9f-4d1b-be03-3cb5549b4577,"Galvanized Sheet, 95 t - Alvand Pipe Works Co.",Alvand Pipe Works Co.,Supply Chain Manager,100000002,Alborz,8,220b9ea9-8a0f-4508-9fe2-c0a0a96b3c42,c346755a-637f-4a8a-8bb1-805fa24dd10f,100000004,100.0,,b02b61c4-a3d7-4628-ace6-6fa2fd5166e6,2026-05-05T09:09:00Z,2026-05-11T11:23:00Z,2,5,
7c9fb615-9666-4830-b310-d0975afbadd8,"Pipes & Profiles, 10 t - Kavir Sabz-Rastin Builders",Kavir Sabz-Rastin Builders,Procurement Lead,100000000,Isfahan,8,220b9ea9-8a0f-4508-9fe2-c0a0a96b3c42,4509d4f8-1377-4b12-985d-37b829f1c752,100000005,15.0,,9132b63e-f162-47e4-a9c3-49e03602f8ac,2026-05-04T12:12:00Z,2026-05-09T08:34:00Z,2,6,
9cb0e36b-a1ba-4dcb-8cbe-fa231cfcbd1d,"Beams & Sections, 5 t - Elham Steel Structures Industries",Elham Steel Structures Industries,Site Engineer,100000001,East Azerbaijan,8,220b9ea9-8a0f-4508-9fe2-c0a0a96b3c42,3ea74ccc-1dd0-40e4-b3e3-0da85cb9989c,100000001,5.0,331f63fb-d11f-48c0-a97c-a4fff75d599f,beb79919-3f22-4af8-a3be-d01d43cf2fde,2026-05-11T12:03:00Z,2026-05-16T05:07:00Z,1,3,b2ba071f-edc8-4fdd-b26f-c505f201fdef
7a0b0693-7a3b-44f3-803f-db3e7a98aaad,"Galvanized Sheet, 35 t - Navid Greenhouse Structures Industries",Navid Greenhouse Structures Industries,Project Manager,100000006,Tehran,8,220b9ea9-8a0f-4508-9fe2-c0a0a96b3c42,56c542c5-2e5b-40a8-91f4-39e090823856,100000004,25.0,,5304317f-af42-412f-b838-b3268e944239,2026-05-14T08:34:00Z,2026-05-20T13:27:00Z,2,6,
c9133db0-129c-4ba2-9098-0e6fe707ed91,"Pipes & Profiles, 420 t - Mahtab Dam & Water Works Ltd.",Mahtab Dam & Water Works Ltd.,Site Engineer,100000005,Khuzestan,8,220b9ea9-8a0f-4508-9fe2-c0a0a96b3c42,622c4758-5e83-46d9-b1c2-98b37481931b,100000005,555.0,,366eb16f-508e-4ad7-b7c9-3acfe059a0ee,2026-05-10T05:56:00Z,2026-05-16T06:30:00Z,2,4,
0f4ad88d-eb0b-4863-8749-ad41c76ab393,"Hot-Rolled Sheet, 100 t - Kian-Borna Sazeh",Kian-Borna Sazeh,Project Manager,100000000,Mazandaran,8,220b9ea9-8a0f-4508-9fe2-c0a0a96b3c42,a3a5eb87-0a5d-44e8-983a-e726d060b692,100000002,90.0,,b02b61c4-a3d7-4628-ace6-6fa2fd5166e6,2026-05-16T10:06:00Z,2026-05-19T06:53:00Z,2,6,
655d1295-9200-4a78-8527-a9cf8aacff6c,"Beams & Sections, 105 t - Kian-Pouya Abadgaran",Kian-Pouya Abadgaran,Project Manager,100000000,Fars,8,220b9ea9-8a0f-4508-9fe2-c0a0a96b3c42,aba8e90a-95d7-4211-9237-7811e8270f6c,100000001,150.0,,e27a984d-6548-41d0-bfcd-9eb1a7cad415,2026-05-02T06:34:00Z,2026-05-06T07:21:00Z,2,6,
9c1badd7-f1f5-45a1-a836-443b6654b21f,"Rebar, 45 t - Ofogh-Behsaz Contracting",Ofogh-Behsaz Contracting,Site Engineer,100000000,Khorasan Razavi,8,220b9ea9-8a0f-4508-9fe2-c0a0a96b3c42,99c10362-23f7-4f82-b44a-26377195b192,100000000,50.0,,24933b83-7577-40a9-a491-f0b2ea1fca65,2026-04-26T12:04:00Z,2026-05-02T06:19:00Z,2,6,
25c6d4ba-f317-4b9f-b092-8aeb2e955825,"Pipes & Profiles, 90 t - Persis Steel Trading Ltd.",Persis Steel Trading Ltd.,Site Engineer,100000004,Fars,8,220b9ea9-8a0f-4508-9fe2-c0a0a96b3c42,b5ee7ca9-3b37-48fd-9cb6-1e9371026c76,100000005,95.0,1412a377-abb3-4a24-8de5-e9029f03d1c1,e27a984d-6548-41d0-bfcd-9eb1a7cad415,2026-05-05T10:33:00Z,2026-05-07T05:48:00Z,1,3,cb3d6b2f-3204-4bd4-a8ef-843051b37ed6
8d17e0ba-9584-4ad4-b40b-417d51c9f33a,"Rebar, 70 t - Hirad-Rastin Sazeh",Hirad-Rastin Sazeh,Supply Chain Manager,100000000,Khorasan Razavi,8,220b9ea9-8a0f-4508-9fe2-c0a0a96b3c42,712bf082-7574-41a7-9153-fc0a1efe3f3d,100000000,65.0,2a22997b-713a-45e1-89d6-edbaf2131de4,24933b83-7577-40a9-a491-f0b2ea1fca65,2026-04-28T08:19:00Z,2026-04-30T09:56:00Z,1,3,d511787f-e97f-48e1-a42b-c40c42cd9c7a
514c6725-1b54-411e-88e4-050e20e4d563,"Beams & Sections, 40 t - Shahab-Helia Steel Structures",Shahab-Helia Steel Structures,Supply Chain Manager,100000001,Isfahan,8,220b9ea9-8a0f-4508-9fe2-c0a0a96b3c42,c78c22c6-1098-4d74-ae82-193472cc9729,100000001,45.0,,9132b63e-f162-47e4-a9c3-49e03602f8ac,2026-05-04T09:53:00Z,2026-05-06T09:38:00Z,2,6,
5566c02b-efd6-4289-854c-29e7f1c0460c,"Pipes & Profiles, 110 t - Bamdad Foolad Trading Co.",Bamdad Foolad Trading Co.,Managing Director,100000004,Tehran,8,220b9ea9-8a0f-4508-9fe2-c0a0a96b3c42,dd7415f8-7bc6-4e01-aee3-a80cee655c70,100000005,60.0,,0e51f30d-c6a7-4e39-84b0-32ccd7c524a5,2026-05-04T04:57:00Z,2026-05-09T08:06:00Z,2,6,
f5dcb21a-fa80-4941-89ed-d76f1c946125,"Hot-Rolled Sheet, 30 t - Behsaz-Dena Abadgaran",Behsaz-Dena Abadgaran,Purchasing Manager,100000000,Tehran,8,220b9ea9-8a0f-4508-9fe2-c0a0a96b3c42,27d4e39b-c55a-4ab3-8e86-e72ed070db0e,100000002,35.0,,b02b61c4-a3d7-4628-ace6-6fa2fd5166e6,2026-05-13T09:41:00Z,2026-05-16T12:29:00Z,2,5,
373b723c-87db-4ecc-9f3a-039387787ad4,"Rebar, 70 t - Bamdad-Arman Omran",Bamdad-Arman Omran,Managing Director,100000000,Khuzestan,8,220b9ea9-8a0f-4508-9fe2-c0a0a96b3c42,f517a8c0-d431-4919-890c-0ea690fcdf57,100000000,55.0,3445b47c-8079-42ec-abdc-2c9daef7c60b,366eb16f-508e-4ad7-b7c9-3acfe059a0ee,2026-04-21T07:02:00Z,2026-04-26T09:19:00Z,1,3,73df2eed-0038-4fb9-ad4b-1c256c670a09
c0df1534-e9fc-4bcc-bc29-d2fd3e56ea06,"Wire Rod, 30 t - Yekta Steel Depot Ltd.",Yekta Steel Depot Ltd.,Project Manager,100000004,Isfahan,8,220b9ea9-8a0f-4508-9fe2-c0a0a96b3c42,c8df9c54-72eb-4428-9b10-e35c906a49ef,100000006,30.0,,9132b63e-f162-47e4-a9c3-49e03602f8ac,2026-05-07T10:00:00Z,2026-05-13T12:29:00Z,2,5,
2dc829e0-0a02-4807-8b2d-91fb030e6395,"Rebar, 205 t - Javid Housing Development Ltd.",Javid Housing Development Ltd.,Purchasing Manager,100000005,Tehran,8,220b9ea9-8a0f-4508-9fe2-c0a0a96b3c42,fa2b218d-5a92-45f1-a17e-a378a8b04733,100000000,260.0,6a429bd5-cd71-42b4-9471-104f1859c5ae,5304317f-af42-412f-b838-b3268e944239,2026-05-16T09:36:00Z,2026-05-19T11:58:00Z,1,3,a027d086-24e7-499f-9ee3-9f1525d65667
87523b4d-5349-4cc4-8e51-0e8751f5cb7e,"Hot-Rolled Sheet, 75 t - Nikan-Zagros Eskelet Felezi",Nikan-Zagros Eskelet Felezi,Supply Chain Manager,100000001,Tehran,8,220b9ea9-8a0f-4508-9fe2-c0a0a96b3c42,e9753bd6-8a63-4ba5-a0d0-940f069a3c79,100000002,45.0,,b02b61c4-a3d7-4628-ace6-6fa2fd5166e6,2026-04-22T06:47:00Z,2026-04-25T08:38:00Z,2,6,
9fb2568e-4ec8-4d3d-8a25-62969b632d1f,"Pipes & Profiles, 70 t - Navid-Helia Builders",Navid-Helia Builders,Site Engineer,100000000,Khuzestan,1,1e5ebe54-5907-4299-9c3b-bdd8a74e02a9,4f673cae-6269-4e84-a69b-fb90ed4639fc,100000005,75.0,,366eb16f-508e-4ad7-b7c9-3acfe059a0ee,2024-09-18T11:18:00Z,2024-09-23T10:59:00Z,2,4,
64cc3dc5-a7c9-4eed-89db-d38739aaeb92,"Beams & Sections, 15 t - Negin-Sepehr Eskelet Felezi",Negin-Sepehr Eskelet Felezi,Managing Director,100000001,Fars,1,1e5ebe54-5907-4299-9c3b-bdd8a74e02a9,ad80c22e-eb99-4830-8a6c-a2b2f207f074,100000001,15.0,,e27a984d-6548-41d0-bfcd-9eb1a7cad415,2024-10-13T12:41:00Z,2024-10-15T11:34:00Z,2,5,
be69b262-ea92-4d68-828e-8496c56e6018,"Beams & Sections, 70 t - Persis-Hirad Omran",Persis-Hirad Omran,Site Engineer,100000000,Tehran,1,1e5ebe54-5907-4299-9c3b-bdd8a74e02a9,5340cb95-5ce1-44e7-8ded-3f772a2c974c,100000001,75.0,,5304317f-af42-412f-b838-b3268e944239,2024-10-05T11:05:00Z,2024-10-09T11:48:00Z,2,6,
a59b7d72-45ab-4c0d-82b8-f53b2f192ad2,"Wire Rod, 50 t - Kowsar Steel Trading Industries",Kowsar Steel Trading Industries,Site Engineer,100000004,Khorasan Razavi,1,1e5ebe54-5907-4299-9c3b-bdd8a74e02a9,aafa5f0a-a490-417c-9f05-84da4bfa3a9c,100000006,55.0,682f4a0a-b5cf-4e9d-946d-e3a8a173ba1a,24933b83-7577-40a9-a491-f0b2ea1fca65,2024-09-30T11:16:00Z,2024-10-05T07:45:00Z,1,3,26c0bad2-4791-4825-b010-dbfaa6b6ef9e
5b621efb-4285-45c4-88ec-fe9bbac91c21,"Beams & Sections, 55 t - Alvand-Elham Sazeh",Alvand-Elham Sazeh,Procurement Lead,100000000,Hormozgan,1,1e5ebe54-5907-4299-9c3b-bdd8a74e02a9,0a668125-c539-4d0b-8904-0b359b830f5f,100000001,50.0,,e27a984d-6548-41d0-bfcd-9eb1a7cad415,2024-09-22T08:46:00Z,2024-09-25T06:39:00Z,2,5,
029f745d-4d35-4375-9abf-d7aa50f10435,"Rebar, 115 t - Nasim Contracting Co.",Nasim Contracting Co.,Purchasing Manager,100000000,Isfahan,1,1e5ebe54-5907-4299-9c3b-bdd8a74e02a9,d798608f-2a6c-4a31-a1c8-8bb67eedbecb,100000000,100.0,43ad3d62-b17c-4b21-8dbc-2c1ca4afe7bd,10f1bc81-448a-4a9e-a6b2-bc5b50c187fc,2024-09-23T13:05:00Z,2024-09-28T13:29:00Z,2,6,
72a42452-f1fa-407f-8080-910b945d5cbb,"Galvanized Sheet, 20 t - Zarrin Press Works Industries",Zarrin Press Works Industries,Procurement Lead,100000003,Khuzestan,1,1e5ebe54-5907-4299-9c3b-bdd8a74e02a9,908b8531-0d09-4a27-b001-f96fbd1e1745,100000004,25.0,80471ddd-9709-4584-b3d1-07d7038fb640,366eb16f-508e-4ad7-b7c9-3acfe059a0ee,2024-09-15T05:13:00Z,2024-09-22T04:40:00Z,1,3,624c2f33-ddee-4cec-b3af-6b066c9460ac
6135d80a-4b47-4a0b-8baa-b659a06fda4b,"Cold-Rolled Sheet, 65 t - Nasim Appliance Components Industries",Nasim Appliance Components Industries,Procurement Lead,100000003,Isfahan,1,1e5ebe54-5907-4299-9c3b-bdd8a74e02a9,dba1586f-3ad5-49e2-848f-bc73e4b0796b,100000003,40.0,5354f30f-409c-4120-a18a-ab8219e4d432,10f1bc81-448a-4a9e-a6b2-bc5b50c187fc,2024-10-09T08:59:00Z,2024-10-15T08:23:00Z,1,3,8ba6bffc-3819-4da3-bebe-21f0b0925999
706ee9a0-5ea4-49df-a749-7654fecdd103,"Hot-Rolled Sheet, 75 t - Helia Tube Mills Group",Helia Tube Mills Group,Procurement Lead,100000002,Mazandaran,1,1e5ebe54-5907-4299-9c3b-bdd8a74e02a9,6292fb95-68aa-44f9-ad6f-576f42d80add,100000002,75.0,2c164dac-6508-4414-b3d2-57938025eb36,b02b61c4-a3d7-4628-ace6-6fa2fd5166e6,2024-09-22T13:21:00Z,2024-09-28T06:29:00Z,1,3,050f08a6-7c14-4e97-9fd4-e0c2e5f33e3d
5d25ed3e-47b4-4f1d-bd00-15294f1fd126,"Beams & Sections, 45 t - Ilia-Arya Fabrication Works",Ilia-Arya Fabrication Works,Site Engineer,100000001,East Azerbaijan,1,1e5ebe54-5907-4299-9c3b-bdd8a74e02a9,f11afe8d-9598-4ab4-a38d-5a53bee00d67,100000001,35.0,,beb79919-3f22-4af8-a3be-d01d43cf2fde,2024-10-12T09:26:00Z,2024-10-16T04:59:00Z,2,7,
d3b4dfe7-f198-4627-b015-275161f5a5ff,"Wire Rod, 260 t - Rayan Steel Merchants Co.",Rayan Steel Merchants Co.,Supply Chain Manager,100000004,Khuzestan,1,1e5ebe54-5907-4299-9c3b-bdd8a74e02a9,2c284830-471a-4ceb-a4d0-7cd8096d3904,100000006,330.0,0971bee4-553d-4bba-aada-3e53e58b2476,366eb16f-508e-4ad7-b7c9-3acfe059a0ee,2024-09-19T07:23:00Z,2024-09-21T07:09:00Z,1,3,7450f00c-c846-45c1-a233-2726097c98e3
ee994e2f-381d-468d-95d1-3fdb1d501b3a,"Galvanized Sheet, 50 t - Tirdad Press Works Ltd.",Tirdad Press Works Ltd.,Supply Chain Manager,100000003,Tehran,1,1e5ebe54-5907-4299-9c3b-bdd8a74e02a9,e22b66d6-cc54-4012-92c7-83a0d6db086d,100000004,45.0,,b02b61c4-a3d7-4628-ace6-6fa2fd5166e6,2024-09-28T09:20:00Z,2024-10-03T05:39:00Z,2,6,
e4bf7a1b-c34d-427f-9848-9d2242f399bb,"Pipes & Profiles, 110 t - Tous-Dena Sazeh",Tous-Dena Sazeh,Site Engineer,100000000,Tehran,1,1e5ebe54-5907-4299-9c3b-bdd8a74e02a9,6fc247ed-4f9d-4bc0-9efe-211cad060c21,100000005,90.0,,5304317f-af42-412f-b838-b3268e944239,2024-09-23T09:14:00Z,2024-09-28T07:50:00Z,2,5,
1f75214a-f058-4d1b-817e-26a4888a711c,"Rebar, 100 t - Kowsar Dam & Water Works Industries",Kowsar Dam & Water Works Industries,Purchasing Manager,100000005,Tehran,1,1e5ebe54-5907-4299-9c3b-bdd8a74e02a9,3533ce4b-1699-428a-94c4-66d327060974,100000000,105.0,935d1c24-0246-4d11-97ab-d79712886be9,ce177b4e-0837-48a3-9261-a7ab3aa2e4f9,2024-10-12T09:06:00Z,2024-10-13T11:21:00Z,1,3,2fd4b066-0ef0-4398-bfe7-8b0f7405da66
1262db56-7887-443f-a806-d3e5704834f2,"Cold-Rolled Sheet, 35 t - Navid Appliance Components Industries",Navid Appliance Components Industries,Procurement Lead,100000003,Tehran,1,1e5ebe54-5907-4299-9c3b-bdd8a74e02a9,0363f8ee-b276-4405-ac03-25faec337edc,100000003,35.0,,0e51f30d-c6a7-4e39-84b0-32ccd7c524a5,2024-10-10T12:36:00Z,2024-10-15T12:48:00Z,2,5,
26c52ced-3f8c-4b76-8873-b8b0bbb9c175,"Hot-Rolled Sheet, 60 t - Hoda Profile Sazan Co.",Hoda Profile Sazan Co.,Purchasing Manager,100000002,Khorasan Razavi,1,1e5ebe54-5907-4299-9c3b-bdd8a74e02a9,1af64451-efb1-498b-878d-2cfa7d1c493c,100000002,60.0,,24933b83-7577-40a9-a491-f0b2ea1fca65,2024-09-25T09:45:00Z,2024-09-29T11:08:00Z,2,6,
c0a7fa27-7532-4c23-b4d5-7cd5a3e1de7c,"Cold-Rolled Sheet, 60 t - Alvand Appliance Components Ltd.",Alvand Appliance Components Ltd.,Site Engineer,100000003,Khorasan Razavi,1,1e5ebe54-5907-4299-9c3b-bdd8a74e02a9,7243ef08-f833-4653-8994-e7d262827ba8,100000003,45.0,44bb84b2-4a1e-4e91-933e-db88f9c2f1f5,24933b83-7577-40a9-a491-f0b2ea1fca65,2024-09-18T13:04:00Z,2024-09-21T05:30:00Z,1,3,c01a48b1-6937-4c46-9c3a-bd2a62ccac09
7eb212b7-e283-4ffc-a31f-f2e958b95614,"Beams & Sections, 25 t - Tous-Zagros Eskelet Felezi",Tous-Zagros Eskelet Felezi,Managing Director,100000001,Khorasan Razavi,1,1e5ebe54-5907-4299-9c3b-bdd8a74e02a9,7d2e0a62-6ac5-4c43-b385-611c12ab21e5,100000001,25.0,e06c5f09-f6c4-4c4a-9a81-7d76d0a2c065,24933b83-7577-40a9-a491-f0b2ea1fca65,2024-10-10T08:29:00Z,2024-10-12T08:41:00Z,1,3,b51f81c1-a320-4090-81bc-940061ab57d8
c6ebd9cc-b613-4519-b691-f8fbe6e5a2fc,"Beams & Sections, 325 t - Negin Housing Development Co.",Negin Housing Development Co.,Procurement Lead,100000005,Tehran,1,1e5ebe54-5907-4299-9c3b-bdd8a74e02a9,1f99eadd-6596-405e-935d-4b7d30fee952,100000001,190.0,,5304317f-af42-412f-b838-b3268e944239,2024-09-17T12:01:00Z,2024-09-22T06:03:00Z,2,6,
ea468cd2-0a8e-4a0a-8d6a-8c853e4a9853,"Hot-Rolled Sheet, 50 t - Shahab-Mehrgan Fabrication Works",Shahab-Mehrgan Fabrication Works,Project Manager,100000001,Alborz,1,1e5ebe54-5907-4299-9c3b-bdd8a74e02a9,576f6394-03ca-4659-98cc-aae2733f4ae0,100000002,50.0,,b02b61c4-a3d7-4628-ace6-6fa2fd5166e6,2024-09-28T10:36:00Z,2024-10-01T08:35:00Z,2,6,
8a618af5-4790-4de7-a71e-dfd365e42fe8,"Cold-Rolled Sheet, 65 t - Kaspian Appliance Components Group",Kaspian Appliance Components Group,Purchasing Manager,100000003,Fars,1,1e5ebe54-5907-4299-9c3b-bdd8a74e02a9,1afb81b6-0406-4fdb-8318-63141888b324,100000003,70.0,,e27a984d-6548-41d0-bfcd-9eb1a7cad415,2024-09-15T11:10:00Z,2024-09-21T09:31:00Z,2,5,
5a6c627b-614b-48b8-b739-b7723c558ee2,"Cold-Rolled Sheet, 55 t - Zagros Profile Works Industries",Zagros Profile Works Industries,Site Engineer,100000002,Isfahan,1,1e5ebe54-5907-4299-9c3b-bdd8a74e02a9,2ef004a7-d895-4c16-ab94-c95380071501,100000003,75.0,b522f610-ef26-4a84-b2bd-509b564d36b6,9132b63e-f162-47e4-a9c3-49e03602f8ac,2024-10-02T12:14:00Z,2024-10-08T10:05:00Z,2,5,
9ae97391-a39b-44bc-8d5c-a2667e94b9bc,"Rebar, 225 t - Kowsar-Ava Fabrication Works",Kowsar-Ava Fabrication Works,Purchasing Manager,100000001,Fars,1,1e5ebe54-5907-4299-9c3b-bdd8a74e02a9,f3b0339b-dce2-4a2b-8f99-b78824bfcb38,100000000,275.0,,e27a984d-6548-41d0-bfcd-9eb1a7cad415,2024-09-21T12:36:00Z,2024-09-23T08:24:00Z,2,4,
196baf6b-a427-4fc2-b62f-ca996d1f7a3a,"Beams & Sections, 15 t - Sahand-Persis Steel Structures",Sahand-Persis Steel Structures,Managing Director,100000001,Tehran,1,1e5ebe54-5907-4299-9c3b-bdd8a74e02a9,e4cd4319-f552-41ec-9e6b-51a5257b92de,100000001,10.0,,0e51f30d-c6a7-4e39-84b0-32ccd7c524a5,2024-10-13T10:25:00Z,2024-10-14T11:30:00Z,2,6,
9d11963c-d827-42e1-bae5-b44eddcf879a,"Rebar, 65 t - Diba-Darya Omran",Diba-Darya Omran,Purchasing Manager,100000000,Tehran,1,1e5ebe54-5907-4299-9c3b-bdd8a74e02a9,52b5404b-13cf-4b2c-887d-8e154a01d77e,100000000,65.0,,b02b61c4-a3d7-4628-ace6-6fa2fd5166e6,2024-10-10T10:04:00Z,2024-10-15T05:52:00Z,2,7,
ffb377bc-9078-4212-8983-fd671075ac32,"Hot-Rolled Sheet, 25 t - Sadaf-Nikan Eskelet Felezi",Sadaf-Nikan Eskelet Felezi,Managing Director,100000001,Alborz,1,1e5ebe54-5907-4299-9c3b-bdd8a74e02a9,86010a70-e25f-4611-9d79-0f80b5875e15,100000002,30.0,6c32e888-f4bd-4373-9e04-aa492f166543,5304317f-af42-412f-b838-b3268e944239,2024-09-25T13:14:00Z,2024-09-29T10:46:00Z,1,3,98692735-ff68-40a2-925d-81aa4c3cf681
af976123-8684-4d76-8dcd-7f27322abec8,"Hot-Rolled Sheet, 75 t - Iman-Elham Eskelet Felezi",Iman-Elham Eskelet Felezi,Site Engineer,100000001,Tehran,1,1e5ebe54-5907-4299-9c3b-bdd8a74e02a9,fc52cf6c-7896-4c34-b9dd-752af42d6d00,100000002,80.0,0290220b-9e7e-4520-b1ec-3c1c04947595,b02b61c4-a3d7-4628-ace6-6fa2fd5166e6,2024-10-12T09:21:00Z,2024-10-14T11:47:00Z,1,3,78036104-2b64-4d93-b4ac-c51f1c1611c5
575eba77-0d53-46d1-a9d5-4ab506b2d29c,"Galvanized Sheet, 50 t - Farnam Auto Parts Mfg.",Farnam Auto Parts Mfg.,Purchasing Manager,100000003,East Azerbaijan,1,1e5ebe54-5907-4299-9c3b-bdd8a74e02a9,27b19b69-f43c-4f5a-a4c6-ed5a9a4f421e,100000004,55.0,ff4625af-bd20-463b-b275-b5f3d436a7a8,beb79919-3f22-4af8-a3be-d01d43cf2fde,2024-10-13T11:34:00Z,2024-10-22T07:07:00Z,1,3,c89e3801-7af6-4542-8277-ff741329d3a2
837f9bc8-4911-4cde-be10-654048d7f57e,"Hot-Rolled Sheet, 170 t - Nikan Steel Merchants Industries",Nikan Steel Merchants Industries,Managing Director,100000004,Tehran,1,1e5ebe54-5907-4299-9c3b-bdd8a74e02a9,ef8d281d-a6e7-4f1f-bc25-86272d61a77a,100000002,140.0,9db51ce2-8797-4353-97d6-7d9288c55582,ce177b4e-0837-48a3-9261-a7ab3aa2e4f9,2024-10-01T09:04:00Z,2024-10-03T07:20:00Z,1,3,33ab6ceb-1cf0-4f03-802f-74068c13ea4e
1e011875-886f-4fed-ba79-374e763b8db1,"Rebar, 535 t - Aban Metal Center Industries",Aban Metal Center Industries,Procurement Lead,100000004,Khuzestan,1,1e5ebe54-5907-4299-9c3b-bdd8a74e02a9,2b11a965-3b25-459a-9028-0aae2bfa03b3,100000000,570.0,b6f6dbf1-d6d4-41cc-995d-82f8ee4a9b5d,366eb16f-508e-4ad7-b7c9-3acfe059a0ee,2024-09-19T08:09:00Z,2024-09-22T11:47:00Z,2,4,
8bcbc7d2-745b-49ba-84ad-0ca199a3b137,"Cold-Rolled Sheet, 70 t - Sahand Press Works Industries",Sahand Press Works Industries,Project Manager,100000003,Isfahan,1,1e5ebe54-5907-4299-9c3b-bdd8a74e02a9,5c6afde5-4fb0-41ea-8993-cf8166dd91f7,100000003,65.0,45044404-fb7a-4a14-bc87-b2c32c779434,10f1bc81-448a-4a9e-a6b2-bc5b50c187fc,2024-10-14T12:40:00Z,2024-10-16T12:55:00Z,1,3,5fb921af-6831-4ce5-bf68-d20d716727b8
d5f96647-9941-4464-bcab-6032693d41cd,"Cold-Rolled Sheet, 335 t - Dena Loleh Sazi Group",Dena Loleh Sazi Group,Project Manager,100000002,Isfahan,1,1e5ebe54-5907-4299-9c3b-bdd8a74e02a9,665831e1-3778-4d37-adb2-66dcc0e6c31e,100000003,400.0,,9132b63e-f162-47e4-a9c3-49e03602f8ac,2024-10-07T12:08:00Z,2024-10-10T05:25:00Z,2,7,
7e2a9ced-8a27-427c-be77-5b7f8b4db6dc,"Rebar, 130 t - Behsaz Rail & Road Projects Ltd.",Behsaz Rail & Road Projects Ltd.,Managing Director,100000005,Hormozgan,1,1e5ebe54-5907-4299-9c3b-bdd8a74e02a9,56100399-eb09-41b6-94e2-602447b76f3c,100000000,85.0,,e27a984d-6548-41d0-bfcd-9eb1a7cad415,2024-09-21T05:12:00Z,2024-09-25T11:11:00Z,2,7,
009af9ba-8015-4e13-b4e4-9cb1966a58d6,"Rebar, 20 t - Rahyab-Vista Contracting",Rahyab-Vista Contracting,Purchasing Manager,100000000,Tehran,1,1e5ebe54-5907-4299-9c3b-bdd8a74e02a9,fdcadf20-5cd1-4fc8-8411-01383a1e1132,100000000,25.0,0c7b981e-1d93-4e25-84b4-fa5643bf9523,b02b61c4-a3d7-4628-ace6-6fa2fd5166e6,2024-10-09T11:17:00Z,2024-10-16T06:19:00Z,1,3,f238bb58-d7b1-4fd7-98b0-8e2d5c11434f
01d39216-2f82-4fd6-93ae-22403573fdb6,"Pipes & Profiles, 255 t - Kimia Steel Merchants Co.",Kimia Steel Merchants Co.,Procurement Lead,100000004,Khorasan Razavi,1,1e5ebe54-5907-4299-9c3b-bdd8a74e02a9,eb293beb-ebd9-439b-bd2e-0962332c6797,100000005,285.0,6342d18d-fd5c-4a5b-93c7-6f0835025f9c,24933b83-7577-40a9-a491-f0b2ea1fca65,2024-09-26T12:18:00Z,2024-09-29T06:41:00Z,1,3,4ea623e3-47b2-4835-b655-4281d10ef70c
cf000651-cc44-4d22-b0e3-cee9c577679b,"Pipes & Profiles, 135 t - Zarrin Golkhaneh Sazan Group",Zarrin Golkhaneh Sazan Group,Site Engineer,100000006,East Azerbaijan,10,649f7d88-8989-45ab-be2b-34d82db0728d,69beea26-552c-4912-905a-2d3cc1d055fc,100000005,210.0,,beb79919-3f22-4af8-a3be-d01d43cf2fde,2024-09-15T08:14:00Z,2024-09-19T09:23:00Z,2,5,
1c036ebe-4384-4061-ae9f-59935c8bfec4,"Hot-Rolled Sheet, 175 t - Nasim Steel Trading Group",Nasim Steel Trading Group,Purchasing Manager,100000004,Isfahan,10,649f7d88-8989-45ab-be2b-34d82db0728d,3d16eecf-6ea4-4d19-8cbe-094078caad0e,100000002,240.0,fe8702cd-7a9b-4f90-a059-f07ac1d10053,9132b63e-f162-47e4-a9c3-49e03602f8ac,2024-10-02T05:17:00Z,2024-10-05T06:11:00Z,1,3,df40ab5d-819a-4f42-ba51-f278e7b86544
590e62f9-c4b8-406c-ad7d-10c6cad96925,"Pipes & Profiles, 55 t - Rastin-Raman Fabrication Works",Rastin-Raman Fabrication Works,Procurement Lead,100000001,Khuzestan,10,649f7d88-8989-45ab-be2b-34d82db0728d,b1b06b73-7e42-43c3-95ff-b90dd8d79d83,100000005,40.0,,366eb16f-508e-4ad7-b7c9-3acfe059a0ee,2024-09-16T09:52:00Z,2024-09-18T12:51:00Z,2,6,
e280ea23-d770-4e6e-a54c-b568784f7e7e,"Hot-Rolled Sheet, 110 t - Hirad Construction Ltd.",Hirad Construction Ltd.,Site Engineer,100000000,Tehran,10,649f7d88-8989-45ab-be2b-34d82db0728d,bdb6e680-ec4f-414e-9308-ee3571944cc4,100000002,135.0,0d18ab95-668c-4477-8b95-017c5dae1201,b02b61c4-a3d7-4628-ace6-6fa2fd5166e6,2024-09-23T05:03:00Z,2024-09-28T04:31:00Z,1,3,c0135411-2650-499d-ab51-d5b401946e64
014212cc-d07b-454e-bd82-c6fd79c0009b,"Hot-Rolled Sheet, 95 t - Parsian Eskelet Felezi Ltd.",Parsian Eskelet Felezi Ltd.,Project Manager,100000001,Tehran,10,649f7d88-8989-45ab-be2b-34d82db0728d,5a150e27-8af1-434e-8db2-7d4fa79768b5,100000002,125.0,e7e646c7-0158-4463-9d87-76a072d78bdd,5304317f-af42-412f-b838-b3268e944239,2024-09-28T10:37:00Z,2024-10-05T05:14:00Z,1,3,99a2eeee-e5fa-4aa9-b3b5-cb686059f8d9
7918450b-ffa2-43b5-a0e7-a0f940e3fe26,"Beams & Sections, 90 t - Kian Sazeh Co.",Kian Sazeh Co.,Project Manager,100000000,Mazandaran,10,649f7d88-8989-45ab-be2b-34d82db0728d,1f423ffe-d612-4ecd-91d8-f7b4d7a66a52,100000001,85.0,c64c9647-9ea7-417c-b89f-7039a107cc46,b02b61c4-a3d7-4628-ace6-6fa2fd5166e6,2024-09-30T12:35:00Z,2024-10-06T06:51:00Z,2,4,
c0e9a3aa-d872-446a-908b-90e62598c556,"Hot-Rolled Sheet, 80 t - Rayan-Parsian Steel Structures",Rayan-Parsian Steel Structures,Managing Director,100000001,Fars,10,649f7d88-8989-45ab-be2b-34d82db0728d,518fe8f3-6412-4588-ac2d-8334b07f7157,100000002,150.0,,e27a984d-6548-41d0-bfcd-9eb1a7cad415,2024-09-23T04:45:00Z,2024-09-28T05:31:00Z,2,5,
a5445a7d-52d6-49e8-8774-f12408a2b53b,"Hot-Rolled Sheet, 160 t - Golestan Profile Sazan Ltd.",Golestan Profile Sazan Ltd.,Project Manager,100000002,Tehran,10,649f7d88-8989-45ab-be2b-34d82db0728d,6e1e3022-0271-4199-9081-5251cae1f8d5,100000002,170.0,a450fbaa-3948-42a0-ae6c-d8491aae8a21,0e51f30d-c6a7-4e39-84b0-32ccd7c524a5,2024-09-15T07:44:00Z,2024-09-23T11:05:00Z,1,3,930fd1fd-72ee-4462-9ce8-f06bc3f9a546
3dfa3c12-ca2d-4883-a282-1da3be2a1c20,"Hot-Rolled Sheet, 315 t - Kaspian Iron & Steel Supply Ltd.",Kaspian Iron & Steel Supply Ltd.,Project Manager,100000004,Tehran,10,649f7d88-8989-45ab-be2b-34d82db0728d,6cdfee4d-a409-44a4-8a64-cf59ac9ec4ad,100000002,270.0,8b17251e-7f11-4d61-b24c-7474030aaf26,ce177b4e-0837-48a3-9261-a7ab3aa2e4f9,2024-09-15T06:43:00Z,2024-09-18T06:01:00Z,1,3,d607bb17-80cc-499e-bd40-466c91a38a10
7948e0fc-36da-4ec3-9042-1faccb8fc990,"Rebar, 60 t - Shahab-Dena Abadgaran",Shahab-Dena Abadgaran,Site Engineer,100000000,Hormozgan,10,649f7d88-8989-45ab-be2b-34d82db0728d,010c80f6-fbc5-42d1-810d-8e0b0c7cf072,100000000,55.0,,e27a984d-6548-41d0-bfcd-9eb1a7cad415,2024-09-28T08:54:00Z,2024-10-01T07:17:00Z,2,5,
0491c94c-a4ee-471b-84c7-4551729bb83a,"Rebar, 40 t - Bamdad Builders Industries",Bamdad Builders Industries,Purchasing Manager,100000000,Tehran,10,649f7d88-8989-45ab-be2b-34d82db0728d,b24fe018-9282-4430-8e98-21a265d8106a,100000000,35.0,d3f4a49b-33ba-4a88-b6c7-d6fa7aa4f052,5304317f-af42-412f-b838-b3268e944239,2024-09-28T06:35:00Z,2024-10-02T12:19:00Z,2,4,
65f1c662-63fc-4a91-a73f-eb36badc2243,"Rebar, 15 t - Gilan-Tirdad Sakhteman",Gilan-Tirdad Sakhteman,Project Manager,100000000,Fars,10,649f7d88-8989-45ab-be2b-34d82db0728d,7268dcfb-4453-4482-87d7-ddf511427ee8,100000000,10.0,,e27a984d-6548-41d0-bfcd-9eb1a7cad415,2024-10-03T06:01:00Z,2024-10-06T10:14:00Z,2,6,
e454db2d-c1b5-468d-b160-3f7f58129d09,"Cold-Rolled Sheet, 60 t - Kowsar Press Works Ltd.",Kowsar Press Works Ltd.,Procurement Lead,100000003,Tehran,10,649f7d88-8989-45ab-be2b-34d82db0728d,d9ef9f80-84e3-4389-b6d5-20f0d54e933a,100000003,80.0,,b02b61c4-a3d7-4628-ace6-6fa2fd5166e6,2024-09-24T05:49:00Z,2024-09-25T07:26:00Z,2,4,
b314e6bc-3b86-432c-bded-034ca68af9e7,"Pipes & Profiles, 230 t - Pouya Urban Infrastructure Co.",Pouya Urban Infrastructure Co.,Managing Director,100000005,Tehran,10,649f7d88-8989-45ab-be2b-34d82db0728d,50c7c6d7-3398-49e8-a4db-7aa23049fcc0,100000005,255.0,827c9f8c-d40a-45e9-81df-6517561c9210,ce177b4e-0837-48a3-9261-a7ab3aa2e4f9,2024-10-02T09:25:00Z,2024-10-07T04:35:00Z,2,5,
1ca7a9b0-42ca-4ade-bb2c-88c0e5795c1c,"Galvanized Sheet, 40 t - Kian Golkhaneh Sazan Industries",Kian Golkhaneh Sazan Industries,Procurement Lead,100000006,Tehran,10,649f7d88-8989-45ab-be2b-34d82db0728d,3d0bb4c9-980b-4ca5-b075-1d9e08e130ae,100000004,50.0,,0e51f30d-c6a7-4e39-84b0-32ccd7c524a5,2024-09-28T08:14:00Z,2024-10-05T05:20:00Z,2,7,
5d380561-931e-4656-841e-2ee4dd0f589b,"Beams & Sections, 80 t - Bamdad-Behsaz Sakhteman",Bamdad-Behsaz Sakhteman,Supply Chain Manager,100000000,Khorasan Razavi,10,649f7d88-8989-45ab-be2b-34d82db0728d,008f3fc8-e82f-48b8-8e86-3135a418587a,100000001,85.0,,24933b83-7577-40a9-a491-f0b2ea1fca65,2024-09-30T06:38:00Z,2024-10-01T12:08:00Z,2,7,
a2fafb69-e35d-4d8b-a8e2-6a151a1b31b1,"Beams & Sections, 100 t - Parsian-Dena Contracting",Parsian-Dena Contracting,Site Engineer,100000000,Tehran,10,649f7d88-8989-45ab-be2b-34d82db0728d,1a8a090f-5214-4f76-bd46-419415c6f81c,100000001,65.0,f20eda5a-5f7a-4611-b00e-aba654032982,5304317f-af42-412f-b838-b3268e944239,2024-09-22T08:19:00Z,2024-09-28T08:07:00Z,1,3,5424b149-f88c-4bbe-964d-d2e59e20d3db
3fd03ba7-c90c-4696-bbed-b4ba8ec6780d,"Rebar, 125 t - Borna Metals Supply Ltd.",Borna Metals Supply Ltd.,Managing Director,100000004,Tehran,10,649f7d88-8989-45ab-be2b-34d82db0728d,088b9823-e806-49e4-ab8d-7660db29818b,100000000,95.0,,ce177b4e-0837-48a3-9261-a7ab3aa2e4f9,2024-09-25T10:51:00Z,2024-10-03T04:36:00Z,2,6,
d0d5805a-6c9b-44d3-9c92-3c45fcc8b96b,"Beams & Sections, 40 t - Elham-Aban Steel Structures",Elham-Aban Steel Structures,Supply Chain Manager,100000001,Tehran,10,649f7d88-8989-45ab-be2b-34d82db0728d,f32a2659-39a6-4072-9fb7-81152b6177c6,100000001,45.0,,b02b61c4-a3d7-4628-ace6-6fa2fd5166e6,2024-09-28T10:11:00Z,2024-09-30T07:20:00Z,2,4,
4e630ebf-2b46-430a-a54b-d7ea443ec2bb,"Hot-Rolled Sheet, 110 t - Ofogh Profile Works Ltd.",Ofogh Profile Works Ltd.,Supply Chain Manager,100000002,Tehran,10,649f7d88-8989-45ab-be2b-34d82db0728d,932a3701-400d-472f-abd0-0d120faacef7,100000002,100.0,eb105574-3b8e-4686-a9ec-f49c5224bc01,0e51f30d-c6a7-4e39-84b0-32ccd7c524a5,2024-09-21T04:35:00Z,2024-09-25T04:41:00Z,1,3,900e0786-0aa3-4c8a-ae5e-ae54d08cd4b1
ce542fef-0ed6-453b-926f-53f3fe100cc5,"Cold-Rolled Sheet, 60 t - Borna Appliance Components Industries",Borna Appliance Components Industries,Managing Director,100000003,Tehran,10,649f7d88-8989-45ab-be2b-34d82db0728d,847933e1-3b7a-42f4-befb-f06ba6e38e23,100000003,60.0,,b02b61c4-a3d7-4628-ace6-6fa2fd5166e6,2024-10-05T05:16:00Z,2024-10-08T12:26:00Z,2,4,
5f004cfb-fdfa-45c1-91f5-691a76e9403f,"Beams & Sections, 65 t - Darya-Sahand Steel Structures",Darya-Sahand Steel Structures,Supply Chain Manager,100000001,Alborz,10,649f7d88-8989-45ab-be2b-34d82db0728d,381c4c97-5aa6-4cdb-bc7f-8a4b7c7ff8af,100000001,70.0,6c32e888-f4bd-4373-9e04-aa492f166543,5304317f-af42-412f-b838-b3268e944239,2024-10-01T13:18:00Z,2024-10-07T05:27:00Z,1,3,c6af6852-c571-4091-a587-cb1289dc3fe5
ba6f1682-bf7f-4a88-a5ba-6ffee8120abc,"Beams & Sections, 65 t - Gohar-Jahan Omran",Gohar-Jahan Omran,Project Manager,100000000,Isfahan,10,649f7d88-8989-45ab-be2b-34d82db0728d,28ae1d8a-fc92-45b0-b346-9e0dd07f7698,100000001,55.0,,9132b63e-f162-47e4-a9c3-49e03602f8ac,2024-09-19T08:19:00Z,2024-09-22T12:00:00Z,2,4,
089b1373-2f79-4373-befd-58be4b5f5b3e,"Wire Rod, 225 t - Ilia Metals Supply Co.",Ilia Metals Supply Co.,Supply Chain Manager,100000004,Khorasan Razavi,10,649f7d88-8989-45ab-be2b-34d82db0728d,43775a1a-727f-4ed3-baa9-462dd30a0592,100000006,230.0,,24933b83-7577-40a9-a491-f0b2ea1fca65,2024-09-21T09:06:00Z,2024-09-25T06:47:00Z,2,6,
0c6ab52f-2c9e-4a96-897d-048e9060c42f,"Galvanized Sheet, 15 t - Mahtab Agri-Steel Ltd.",Mahtab Agri-Steel Ltd.,Purchasing Manager,100000006,Isfahan,10,649f7d88-8989-45ab-be2b-34d82db0728d,027670d5-47d5-4fcf-bca8-1956cc2d2fae,100000004,15.0,,9132b63e-f162-47e4-a9c3-49e03602f8ac,2024-10-01T05:57:00Z,2024-10-08T12:24:00Z,2,6,
92273baf-04e4-4e45-ba8f-b1a4a14cd08f,"Rebar, 95 t - Zarrin-Farazan Abadgaran",Zarrin-Farazan Abadgaran,Project Manager,100000000,Tehran,10,649f7d88-8989-45ab-be2b-34d82db0728d,6339a865-0d5a-4251-89f1-b1a9a10fbf9e,100000000,95.0,41e3d824-84e6-44c0-8f30-33315bfe6588,b02b61c4-a3d7-4628-ace6-6fa2fd5166e6,2024-09-19T10:32:00Z,2024-09-21T12:00:00Z,1,3,c16491f0-d11d-40f7-b427-0c94562fc272
0993b531-4b36-4b33-a3b3-a6340a4a90f4,"Pipes & Profiles, 750 t - Hamoon Ahan Forooshi Ltd.",Hamoon Ahan Forooshi Ltd.,Procurement Lead,100000004,Khorasan Razavi,10,649f7d88-8989-45ab-be2b-34d82db0728d,03781bed-0c8c-4388-b9ed-09f0016c357c,100000005,780.0,,24933b83-7577-40a9-a491-f0b2ea1fca65,2024-09-21T08:55:00Z,2024-09-24T08:22:00Z,2,6,
9a068ba9-5474-463b-90ee-d2a25e3e21ee,"Beams & Sections, 100 t - Sabalan-Dena Fabrication Works",Sabalan-Dena Fabrication Works,Project Manager,100000001,Hormozgan,10,649f7d88-8989-45ab-be2b-34d82db0728d,1e149711-accf-4bf3-8e8f-37cb0f542f0a,100000001,105.0,d9ae029a-edff-4902-9693-090fde366fb7,e27a984d-6548-41d0-bfcd-9eb1a7cad415,2024-09-28T12:27:00Z,2024-09-30T12:06:00Z,1,3,4a1eb843-a1ae-410b-88c7-8c39bbcf7d2c
0a34e33e-a037-46f2-99fd-67b2d0907cdd,"Hot-Rolled Sheet, 50 t - Yekta Eskelet Felezi Ltd.",Yekta Eskelet Felezi Ltd.,Purchasing Manager,100000001,Khuzestan,10,649f7d88-8989-45ab-be2b-34d82db0728d,d5497067-c533-406e-918d-0cf9304e0cd1,100000002,40.0,d61169a1-ff46-46bf-894d-916deb6d2fed,366eb16f-508e-4ad7-b7c9-3acfe059a0ee,2024-09-28T06:01:00Z,2024-10-03T06:09:00Z,2,5,
ae421baa-aecf-4f69-bef2-00aaf114f774,"Beams & Sections, 55 t - Rahyab-Fardis Steel Structures",Rahyab-Fardis Steel Structures,Supply Chain Manager,100000001,East Azerbaijan,10,649f7d88-8989-45ab-be2b-34d82db0728d,45985ebe-2082-420b-a1f9-9e0571a592b0,100000001,45.0,,beb79919-3f22-4af8-a3be-d01d43cf2fde,2024-09-16T11:11:00Z,2024-09-21T06:35:00Z,2,5,
faa875f1-5319-442c-b78f-e9f5bf87d19f,"Rebar, 465 t - Parsian Steel Depot Ltd.",Parsian Steel Depot Ltd.,Project Manager,100000004,Fars,10,649f7d88-8989-45ab-be2b-34d82db0728d,75228d84-9409-4cd4-87f8-d0982838f0ff,100000000,340.0,ebbb547d-e8d4-43a2-87bf-f1a5f8ae4471,e27a984d-6548-41d0-bfcd-9eb1a7cad415,2024-09-18T12:36:00Z,2024-09-22T11:38:00Z,1,3,9f5367fb-82f6-41d9-8db8-e652c02ff878
dae17734-1980-4bee-901a-66041c8c3cd0,"Rebar, 20 t - Orang-Saba Eskelet Felezi",Orang-Saba Eskelet Felezi,Procurement Lead,100000001,Fars,10,649f7d88-8989-45ab-be2b-34d82db0728d,59c1a48a-25e4-4a03-9b41-8f9f46310d28,100000000,25.0,,e27a984d-6548-41d0-bfcd-9eb1a7cad415,2024-09-17T07:46:00Z,2024-09-19T08:31:00Z,2,4,
7c24d03b-6a69-44b7-baf4-3e26d3016a71,"Rebar, 145 t - Yekta-Tirdad Steel Structures",Yekta-Tirdad Steel Structures,Procurement Lead,100000001,Isfahan,1,fa8dae42-ba54-4920-a099-d18087623997,abc09a0d-a6f1-4da2-9759-d0babbd2cd6e,100000000,215.0,d32b8be3-eaac-4c80-bb37-ae6af749f998,9132b63e-f162-47e4-a9c3-49e03602f8ac,2025-03-08T08:57:00Z,2025-03-12T11:12:00Z,1,3,248d2d89-02e5-4b80-acd8-e335a17353e7
9e21b89d-418c-4372-8837-a0dff6743c2b,"Hot-Rolled Sheet, 410 t - Kian Profile Works Industries",Kian Profile Works Industries,Project Manager,100000002,Isfahan,1,fa8dae42-ba54-4920-a099-d18087623997,5e57d7f4-5c27-46b7-95e6-b91db27c7e0f,100000002,340.0,14e4180c-fe99-46a3-a2db-c8503c5bf3a7,9132b63e-f162-47e4-a9c3-49e03602f8ac,2025-02-15T11:52:00Z,2025-02-20T11:58:00Z,2,6,
e80d581b-f324-4058-8222-58897d98b6b5,"Beams & Sections, 65 t - Gohar Fabrication Works Industries",Gohar Fabrication Works Industries,Project Manager,100000001,Tehran,1,fa8dae42-ba54-4920-a099-d18087623997,376a8d45-a143-4d6c-be4c-f2f963b28426,100000001,100.0,4806f804-0cf0-474c-8c74-dc0f5a575539,5304317f-af42-412f-b838-b3268e944239,2025-02-19T08:42:00Z,2025-02-25T09:24:00Z,2,4,
569877e5-d3fc-409f-bdf5-670735e4bff4,"Pipes & Profiles, 55 t - Sahand-Mehrgan Steel Structures",Sahand-Mehrgan Steel Structures,Managing Director,100000001,Fars,1,fa8dae42-ba54-4920-a099-d18087623997,68f5ca43-ac51-4301-80b9-dbe1f084d41b,100000005,75.0,,e27a984d-6548-41d0-bfcd-9eb1a7cad415,2025-03-11T08:45:00Z,2025-03-13T05:50:00Z,2,6,
bbd5c528-edb4-47e4-b86d-806f2919b585,"Galvanized Sheet, 195 t - Arya Pipe Works Ltd.",Arya Pipe Works Ltd.,Supply Chain Manager,100000002,Tehran,1,fa8dae42-ba54-4920-a099-d18087623997,73067e2d-af92-47bf-8286-78bbc7c4d17c,100000004,205.0,f94d8fcb-dba3-496f-ba32-3f6990dbfad6,0e51f30d-c6a7-4e39-84b0-32ccd7c524a5,2025-02-15T08:46:00Z,2025-02-17T11:56:00Z,2,4,
fb860a16-a526-4123-a1a3-969bbc41ef3c,"Rebar, 85 t - Sabalan-Sadaf Builders",Sabalan-Sadaf Builders,Project Manager,100000000,East Azerbaijan,1,fa8dae42-ba54-4920-a099-d18087623997,2857e29a-dd04-4927-b03a-2a3bd76c43cb,100000000,85.0,07f7009a-8a51-419f-9c31-5267cf9ad7aa,beb79919-3f22-4af8-a3be-d01d43cf2fde,2025-02-27T04:53:00Z,2025-03-04T13:08:00Z,1,3,bd94776b-963c-4bb0-a4c0-9b48a4a9a9b1
999def8a-c530-4d91-a78b-40c3a4346b81,"Rebar, 90 t - Sabalan Ahan Forooshi Industries",Sabalan Ahan Forooshi Industries,Site Engineer,100000004,Alborz,1,fa8dae42-ba54-4920-a099-d18087623997,2c279bb1-8a7c-4f1e-83a2-ccae4e65389c,100000000,65.0,cd4dc526-65ea-47dd-94bf-4ad39a688294,ce177b4e-0837-48a3-9261-a7ab3aa2e4f9,2025-02-25T12:24:00Z,2025-03-03T07:44:00Z,1,3,7ef5383d-ceb0-4595-9794-6e7f4cd27f56
9072c5c8-49b5-4f7c-be66-6c5a6b8a0a4c,"Hot-Rolled Sheet, 140 t - Mehr Profile Works Ltd.",Mehr Profile Works Ltd.,Supply Chain Manager,100000002,Tehran,1,fa8dae42-ba54-4920-a099-d18087623997,1b2e046c-7db0-4075-8737-b06123baa116,100000002,175.0,,5304317f-af42-412f-b838-b3268e944239,2025-03-01T12:27:00Z,2025-03-02T13:26:00Z,2,6,
9b7d905a-57d5-416c-ac71-0b68cd856d32,"Hot-Rolled Sheet, 30 t - Hirad-Rahyab Eskelet Felezi",Hirad-Rahyab Eskelet Felezi,Procurement Lead,100000001,Tehran,1,fa8dae42-ba54-4920-a099-d18087623997,78822ac0-afc4-4ca5-961b-5779dac27830,100000002,25.0,,b02b61c4-a3d7-4628-ace6-6fa2fd5166e6,2025-02-11T08:50:00Z,2025-02-12T11:36:00Z,2,4,
c7b09cf4-c205-44a7-acf3-7d53b752ed69,"Rebar, 40 t - Taban-Iman Eskelet Felezi",Taban-Iman Eskelet Felezi,Project Manager,100000001,Fars,1,fa8dae42-ba54-4920-a099-d18087623997,dc46fd1b-92ff-4785-aea4-6613fcbad69e,100000000,30.0,9cf8e2e0-9c5d-49d7-a85a-36df5a3ab332,e27a984d-6548-41d0-bfcd-9eb1a7cad415,2025-03-01T07:03:00Z,2025-03-05T13:10:00Z,1,3,378ca8bb-041d-45f5-910f-e0a545b0bb74
0a17d9dc-4349-4424-a6af-43066ba7d9f2,"Hot-Rolled Sheet, 50 t - Vista-Raman Steel Structures",Vista-Raman Steel Structures,Supply Chain Manager,100000001,Fars,1,fa8dae42-ba54-4920-a099-d18087623997,4cef5b30-d8d8-467a-9286-62892caeef83,100000002,40.0,,e27a984d-6548-41d0-bfcd-9eb1a7cad415,2025-02-20T04:58:00Z,2025-02-24T12:48:00Z,2,4,
3b01473a-d38e-4e0c-b045-d82acf49d9fc,"Rebar, 160 t - Persis-Iman Contracting",Persis-Iman Contracting,Procurement Lead,100000000,Khorasan Razavi,1,fa8dae42-ba54-4920-a099-d18087623997,0709e2e0-2524-4dcd-a74d-607215051857,100000000,135.0,,24933b83-7577-40a9-a491-f0b2ea1fca65,2025-02-15T09:26:00Z,2025-02-18T09:50:00Z,2,5,
5b74865b-7b4e-4d57-b894-29983532ea2e,"Cold-Rolled Sheet, 110 t - Iman Appliance Components Group",Iman Appliance Components Group,Procurement Lead,100000003,Tehran,1,fa8dae42-ba54-4920-a099-d18087623997,acf85ea7-8ec0-493d-b05a-c176d3bc4c9b,100000003,145.0,,0e51f30d-c6a7-4e39-84b0-32ccd7c524a5,2025-02-11T12:40:00Z,2025-02-12T04:41:00Z,2,6,
2de74cf2-bb24-49d1-bb2b-66d4d0f8a8a4,"Galvanized Sheet, 90 t - Navid Profile Sazan Industries",Navid Profile Sazan Industries,Purchasing Manager,100000002,Khuzestan,1,fa8dae42-ba54-4920-a099-d18087623997,027d93cc-3e5f-471d-bc30-48840dbffd7a,100000004,85.0,da948cdf-6637-4dc7-91f4-48bb28802cff,366eb16f-508e-4ad7-b7c9-3acfe059a0ee,2025-02-26T09:00:00Z,2025-03-04T06:38:00Z,1,3,fbabb543-270c-4c3d-9d75-9a71bf58b0b1
829c7fa5-bbda-4f89-bd97-77f6e292d53d,"Rebar, 30 t - Jahan-Kavir Sabz Contracting",Jahan-Kavir Sabz Contracting,Project Manager,100000000,East Azerbaijan,1,fa8dae42-ba54-4920-a099-d18087623997,96d4beb8-7cc7-4e77-b518-3180c325d7ee,100000000,25.0,,beb79919-3f22-4af8-a3be-d01d43cf2fde,2025-02-08T06:12:00Z,2025-02-15T10:29:00Z,2,6,
7ae9993c-7cd2-43ed-81a5-19492a6e0b4c,"Galvanized Sheet, 130 t - Farnam Press Works Ltd.",Farnam Press Works Ltd.,Purchasing Manager,100000003,Tehran,1,fa8dae42-ba54-4920-a099-d18087623997,7143f782-6faa-4d30-b7af-962c86cd22c1,100000004,180.0,,0e51f30d-c6a7-4e39-84b0-32ccd7c524a5,2025-02-18T13:21:00Z,2025-02-24T11:32:00Z,2,4,
db5fc59e-df3a-42bd-b478-3e0c61205840,"Beams & Sections, 35 t - Karun-Shahab Steel Structures",Karun-Shahab Steel Structures,Project Manager,100000001,Isfahan,1,fa8dae42-ba54-4920-a099-d18087623997,716fe3f5-049c-4f46-8b68-8cf10d50798c,100000001,30.0,,9132b63e-f162-47e4-a9c3-49e03602f8ac,2025-03-08T08:59:00Z,2025-03-13T12:02:00Z,2,6,
240696b4-0cd9-4e6f-8387-e8baaa6ca6f1,"Hot-Rolled Sheet, 60 t - Arya-Ava Fabrication Works",Arya-Ava Fabrication Works,Procurement Lead,100000001,Khuzestan,1,fa8dae42-ba54-4920-a099-d18087623997,1305e3e1-386c-4ed8-bc6f-8a0951161b26,100000002,45.0,,366eb16f-508e-4ad7-b7c9-3acfe059a0ee,2025-03-01T05:43:00Z,2025-03-11T12:38:00Z,2,4,
91186af4-1a2f-41dd-8e40-9d7575cf289b,"Beams & Sections, 105 t - Negin Steel Depot Industries",Negin Steel Depot Industries,Project Manager,100000004,Tehran,1,fa8dae42-ba54-4920-a099-d18087623997,02091ae5-e554-4216-b451-483d13d694fb,100000001,90.0,,ce177b4e-0837-48a3-9261-a7ab3aa2e4f9,2025-02-24T08:06:00Z,2025-03-02T11:40:00Z,2,5,
6549d377-9ecd-4b29-8a85-e4d2198550f7,"Cold-Rolled Sheet, 305 t - Arya Profile Works Group",Arya Profile Works Group,Managing Director,100000002,Isfahan,1,fa8dae42-ba54-4920-a099-d18087623997,ec5464a1-8773-4e8a-b013-d7625d4a2b4a,100000003,455.0,,9132b63e-f162-47e4-a9c3-49e03602f8ac,2025-02-19T06:40:00Z,2025-02-22T12:21:00Z,2,5,
82db34f3-52c3-4305-b822-78411d222845,"Hot-Rolled Sheet, 40 t - Chakad-Karun Fabrication Works",Chakad-Karun Fabrication Works,Procurement Lead,100000001,Khuzestan,1,fa8dae42-ba54-4920-a099-d18087623997,e1dbbf34-07c5-4cba-9457-7e2ea9669e58,100000002,30.0,,366eb16f-508e-4ad7-b7c9-3acfe059a0ee,2025-03-01T08:00:00Z,2025-03-06T10:18:00Z,2,4,
fcb2a643-10cb-45bd-b740-7845b285bc99,"Galvanized Sheet, 45 t - Parsian Press Works Co.",Parsian Press Works Co.,Supply Chain Manager,100000003,Khorasan Razavi,1,fa8dae42-ba54-4920-a099-d18087623997,b9517936-0bdb-49cd-b1c4-93d60ebabba0,100000004,60.0,,24933b83-7577-40a9-a491-f0b2ea1fca65,2025-02-24T12:09:00Z,2025-02-27T13:13:00Z,2,4,
2f54a479-01be-4a20-bbb4-2117ffb99bcd,"Wire Rod, 60 t - Parsian Greenhouse Structures Co.",Parsian Greenhouse Structures Co.,Purchasing Manager,100000006,Tehran,1,fa8dae42-ba54-4920-a099-d18087623997,7fea49d0-cd49-43c8-871b-d8dff39a67a4,100000006,40.0,,0e51f30d-c6a7-4e39-84b0-32ccd7c524a5,2025-02-12T07:24:00Z,2025-02-15T06:47:00Z,2,4,
90d073ec-4a17-4a92-b1af-ec00e1921247,"Cold-Rolled Sheet, 40 t - Chakad Press Works Group",Chakad Press Works Group,Managing Director,100000003,Isfahan,1,fa8dae42-ba54-4920-a099-d18087623997,a9186b4a-1903-4d79-8175-0dd1dfefb733,100000003,45.0,8d35e4a3-fac0-475a-8c84-a54dd3bbe9cf,9132b63e-f162-47e4-a9c3-49e03602f8ac,2025-02-24T06:56:00Z,2025-02-26T06:22:00Z,1,3,bb8983ee-10ba-4b7f-a4cc-2319a4037d84
8ae052d3-5765-4ec2-bfe2-970a455620f8,"Hot-Rolled Sheet, 30 t - Parsian-Pardis Eskelet Felezi",Parsian-Pardis Eskelet Felezi,Managing Director,100000001,Tehran,1,fa8dae42-ba54-4920-a099-d18087623997,f33ab2c9-f9d1-475d-95c3-1c86daec9713,100000002,25.0,da798e97-b612-475d-8e9e-ed95d47e2d34,0e51f30d-c6a7-4e39-84b0-32ccd7c524a5,2025-03-09T07:41:00Z,2025-03-13T10:43:00Z,1,3,c0b33263-ee67-471e-82c1-6b47ed33974e
0d76a570-56c6-4368-8d86-7612f4f4666e,"Cold-Rolled Sheet, 65 t - Karun Appliance Components Co.",Karun Appliance Components Co.,Managing Director,100000003,East Azerbaijan,1,fa8dae42-ba54-4920-a099-d18087623997,0854c4f6-c942-47ec-be70-60e807eb9578,100000003,45.0,540b06c0-b0f6-442e-80d5-b7fdeabc8764,beb79919-3f22-4af8-a3be-d01d43cf2fde,2025-02-17T07:09:00Z,2025-02-22T05:29:00Z,1,3,d1e80ced-3dcd-410e-8d7f-7341e51d90b7
e380caf7-cc80-4e5f-b0c7-47cdc7cc2c03,"Beams & Sections, 225 t - Rahyab-Arya Steel Structures",Rahyab-Arya Steel Structures,Purchasing Manager,100000001,Khorasan Razavi,1,fa8dae42-ba54-4920-a099-d18087623997,99b579bb-67fe-4c5f-bb5f-0bad26aea272,100000001,250.0,,24933b83-7577-40a9-a491-f0b2ea1fca65,2025-02-22T11:35:00Z,2025-02-26T06:04:00Z,2,6,
53cc3391-d8eb-411d-8cb8-2ea66ac9a374,"Hot-Rolled Sheet, 265 t - Farnam Ahan Forooshi Industries",Farnam Ahan Forooshi Industries,Supply Chain Manager,100000004,Tehran,1,fa8dae42-ba54-4920-a099-d18087623997,6fe0a1bc-9b61-4d0e-bc17-979aff2711fc,100000002,170.0,,ce177b4e-0837-48a3-9261-a7ab3aa2e4f9,2025-03-04T12:20:00Z,2025-03-09T10:36:00Z,2,7,
bf047ab2-a9b5-40f6-8371-95e7e0713459,"Cold-Rolled Sheet, 60 t - Pishgam Appliance Components Industries",Pishgam Appliance Components Industries,Purchasing Manager,100000003,Fars,1,fa8dae42-ba54-4920-a099-d18087623997,9735af57-6304-4ba6-8e90-c079c1d2bbca,100000003,40.0,4202a016-da4c-4126-9667-07757df5733d,e27a984d-6548-41d0-bfcd-9eb1a7cad415,2025-02-20T09:02:00Z,2025-02-23T07:07:00Z,1,3,06098bc9-5030-48ec-b5c1-9ae3056666e3
c9eaa200-d3cc-40be-8ede-02cf8fcf4d2a,"Beams & Sections, 90 t - Navid-Darya Fabrication Works",Navid-Darya Fabrication Works,Supply Chain Manager,100000001,East Azerbaijan,1,fa8dae42-ba54-4920-a099-d18087623997,4cd3f6ad-1da5-4774-8b17-f7741bffaf79,100000001,105.0,f27efe6c-0564-4530-8e6c-3463f6ea1983,beb79919-3f22-4af8-a3be-d01d43cf2fde,2025-02-12T09:52:00Z,2025-02-15T05:54:00Z,1,3,e10af9ba-ef8e-4806-8df4-2e88408efdad
fbc9a5c6-e7f8-46fe-8c8b-2b58e6fdb144,"Galvanized Sheet, 150 t - Nima Press Works Group",Nima Press Works Group,Project Manager,100000003,Tehran,1,fa8dae42-ba54-4920-a099-d18087623997,17668ccc-4a29-42bd-bbef-68bd45553ab3,100000004,130.0,87b05c54-04ce-4aee-a110-5dcfca7d42cd,0e51f30d-c6a7-4e39-84b0-32ccd7c524a5,2025-02-22T11:45:00Z,2025-02-25T08:11:00Z,1,3,30800021-1c53-4ff3-b0a0-bf908c5f31dd
4139b191-249a-4ec1-8b16-a3b70b0212b7,"Rebar, 370 t - Bamdad Urban Infrastructure Ltd.",Bamdad Urban Infrastructure Ltd.,Project Manager,100000005,Tehran,1,fa8dae42-ba54-4920-a099-d18087623997,71ba0cf3-fe73-4294-b286-93589e0f7d3f,100000000,215.0,ed49e068-e810-4af4-9fc4-db20265db946,ce177b4e-0837-48a3-9261-a7ab3aa2e4f9,2025-02-25T05:28:00Z,2025-02-27T09:06:00Z,1,3,d3741d58-e2c1-4800-8390-b4dab0987d19
43c1fffd-e6d4-4850-93eb-49d888ed8d56,"Galvanized Sheet, 270 t - Sabalan Appliance Components Industries",Sabalan Appliance Components Industries,Site Engineer,100000003,Mazandaran,1,fa8dae42-ba54-4920-a099-d18087623997,6dde5358-0b49-4144-82b7-50d6a743fe00,100000004,145.0,c0d4173b-aa58-40e6-86ef-a55196d0ae38,5304317f-af42-412f-b838-b3268e944239,2025-02-18T10:02:00Z,2025-02-22T09:32:00Z,2,5,
7e8b5ccf-cbe9-42ee-877f-f30709aa8df1,"Beams & Sections, 40 t - Bamdad-Vista Steel Structures",Bamdad-Vista Steel Structures,Project Manager,100000001,Alborz,1,fa8dae42-ba54-4920-a099-d18087623997,528bd2de-1562-4845-888e-bf4675805d15,100000001,35.0,0187074b-e16d-4a59-8971-42bcbe1a45f7,0e51f30d-c6a7-4e39-84b0-32ccd7c524a5,2025-02-24T05:55:00Z,2025-02-27T04:45:00Z,1,3,4257ee34-fc85-4065-ad67-92bb5b327b7b
2dd436d0-401b-4ca1-8db8-884f79270d71,"Rebar, 30 t - Nasim-Chakad Builders",Nasim-Chakad Builders,Purchasing Manager,100000000,Mazandaran,1,fa8dae42-ba54-4920-a099-d18087623997,e99f77d2-72e3-47af-a62c-e1880164cc5d,100000000,35.0,,5304317f-af42-412f-b838-b3268e944239,2025-03-03T09:42:00Z,2025-03-05T09:48:00Z,2,4,
2d47c84a-d3dc-47d4-8c62-ac5428c95338,"Rebar, 380 t - Varna Metals Supply Industries",Varna Metals Supply Industries,Procurement Lead,100000004,Tehran,1,fa8dae42-ba54-4920-a099-d18087623997,b9e37f0b-9aa7-491d-97a3-92e7b024a018,100000000,335.0,a2954ea0-f35f-475f-82bb-7a10348ea61e,ce177b4e-0837-48a3-9261-a7ab3aa2e4f9,2025-02-26T07:20:00Z,2025-03-01T12:24:00Z,1,3,86d6dc2f-7080-420d-88fb-a112fac5f845
861cd4ee-e532-4a8c-8dec-2d12b028653f,"Rebar, 30 t - Golestan-Sadaf Builders",Golestan-Sadaf Builders,Managing Director,100000000,Tehran,1,fa8dae42-ba54-4920-a099-d18087623997,c8ff4dd8-47c7-4498-b915-9063e95e1564,100000000,25.0,,0e51f30d-c6a7-4e39-84b0-32ccd7c524a5,2025-02-19T13:05:00Z,2025-02-22T05:29:00Z,2,6,
8a2ae585-8f31-4afd-9c15-13bd03ba09e8,"Beams & Sections, 35 t - Ilia-Negin Fabrication Works",Ilia-Negin Fabrication Works,Site Engineer,100000001,Tehran,1,fa8dae42-ba54-4920-a099-d18087623997,be347890-1895-49de-aa39-9b7f37577987,100000001,40.0,,0e51f30d-c6a7-4e39-84b0-32ccd7c524a5,2025-02-25T04:31:00Z,2025-03-04T07:51:00Z,2,5,
e20446fa-e28f-4fc4-9a0b-c9869e7a630d,"Rebar, 545 t - Ilia Dam & Water Works Co.",Ilia Dam & Water Works Co.,Project Manager,100000005,Tehran,10,c194f97f-00e3-4026-95b6-de85390239d9,5648f953-ed54-4cd5-9f25-36d8e6ca93e2,100000000,390.0,811414f8-d9df-4d0e-a25a-ed6cf0458043,ce177b4e-0837-48a3-9261-a7ab3aa2e4f9,2025-02-24T07:40:00Z,2025-03-01T12:39:00Z,1,3,331f6e0e-88f9-4694-a498-e236dd71f167
315f6ced-bf07-42aa-9f9b-debbec77139b,"Rebar, 80 t - Ilia-Rayan Abadgaran",Ilia-Rayan Abadgaran,Purchasing Manager,100000000,Khuzestan,10,c194f97f-00e3-4026-95b6-de85390239d9,65857382-dc12-44af-8aac-093d58e36819,100000000,65.0,,366eb16f-508e-4ad7-b7c9-3acfe059a0ee,2025-02-17T08:08:00Z,2025-02-22T12:02:00Z,2,6,
46a1e473-df82-412f-9383-9c0f2d839318,"Beams & Sections, 65 t - Sepehr Sazeh Co.",Sepehr Sazeh Co.,Project Manager,100000000,Tehran,10,c194f97f-00e3-4026-95b6-de85390239d9,25ee9a3b-9e6b-4a7b-8f84-5913cf33d705,100000001,75.0,f7b217c7-ae92-4a71-8f7d-cb431679742f,0e51f30d-c6a7-4e39-84b0-32ccd7c524a5,2025-02-27T10:46:00Z,2025-03-05T11:36:00Z,1,3,dbbf300b-f053-426e-8210-703ce4d553f7
c157d689-b625-4a11-9a05-bca73da82745,"Hot-Rolled Sheet, 30 t - Arvand-Arman Sazeh",Arvand-Arman Sazeh,Supply Chain Manager,100000000,Khorasan Razavi,10,c194f97f-00e3-4026-95b6-de85390239d9,f6596d4a-f7b8-4e9e-b5cc-1dfbfe0779f9,100000002,40.0,,24933b83-7577-40a9-a491-f0b2ea1fca65,2025-02-19T11:44:00Z,2025-02-23T13:09:00Z,2,6,
0055f969-6a01-4884-b6ed-f8b3a66d6812,"Hot-Rolled Sheet, 40 t - Yekta-Kowsar Steel Structures",Yekta-Kowsar Steel Structures,Procurement Lead,100000001,Hormozgan,10,c194f97f-00e3-4026-95b6-de85390239d9,d6279611-502c-4373-8fda-8ed8b3999f2b,100000002,45.0,aee8eca4-d95f-4dd3-9cb9-54c890b312ca,e27a984d-6548-41d0-bfcd-9eb1a7cad415,2025-02-17T08:32:00Z,2025-02-20T09:51:00Z,1,3,099e875e-2306-4f89-8128-75e312004e76
7b71418f-4c7c-4e89-9412-3c717dae6320,"Pipes & Profiles, 445 t - Golestan Ahan Bazar Ltd.",Golestan Ahan Bazar Ltd.,Project Manager,100000004,Tehran,10,c194f97f-00e3-4026-95b6-de85390239d9,ea61f108-53e8-4216-b36e-1870ed77dbd4,100000005,550.0,063c91f9-4eb5-4e55-bc16-470d2e112dcc,ce177b4e-0837-48a3-9261-a7ab3aa2e4f9,2025-02-19T04:52:00Z,2025-02-22T04:49:00Z,1,3,07a60d80-f2f5-48b6-875c-13b9ed6cd0e7
1df80f05-0e5b-4701-a5fb-38395eaad27b,"Beams & Sections, 100 t - Tarava-Dena Steel Structures",Tarava-Dena Steel Structures,Managing Director,100000001,Isfahan,10,c194f97f-00e3-4026-95b6-de85390239d9,d79b30c4-51d1-4e79-92ad-e8365c58b2b2,100000001,80.0,cd0cb712-1784-4c41-94a3-8eee77d66316,10f1bc81-448a-4a9e-a6b2-bc5b50c187fc,2025-02-22T09:23:00Z,2025-02-26T07:04:00Z,1,3,da6d72da-90c5-4a4a-8212-5fadb0372c92
4a1c3baa-d25c-4f82-97b3-da76bfa80526,"Galvanized Sheet, 35 t - Espadana Greenhouse Structures Group",Espadana Greenhouse Structures Group,Managing Director,100000006,Tehran,10,c194f97f-00e3-4026-95b6-de85390239d9,5bde0066-0646-49bc-834c-3b6c16799e77,100000004,30.0,,b02b61c4-a3d7-4628-ace6-6fa2fd5166e6,2025-02-26T08:46:00Z,2025-02-27T10:24:00Z,2,5,
7728e710-82cc-42ec-b9e3-697272b4f161,"Pipes & Profiles, 150 t - Mahan Steel Merchants Co.",Mahan Steel Merchants Co.,Procurement Lead,100000004,Fars,10,c194f97f-00e3-4026-95b6-de85390239d9,43e601ec-957b-4f59-aad8-ee71e4ae9f39,100000005,140.0,3422bb5a-d9cc-41d2-ad9c-60cd5ea03d42,e27a984d-6548-41d0-bfcd-9eb1a7cad415,2025-02-24T10:29:00Z,2025-02-26T10:10:00Z,1,3,521c060b-b9ca-43c4-90b0-8da1cd22faba
705e3f47-0b9d-49f3-8faa-b56c6955f227,"Pipes & Profiles, 20 t - Mehrgan Greenhouse Structures Co.",Mehrgan Greenhouse Structures Co.,Purchasing Manager,100000006,Alborz,10,c194f97f-00e3-4026-95b6-de85390239d9,32ddaa2c-69ab-41ca-9df1-95d60d1dac4a,100000005,30.0,,5304317f-af42-412f-b838-b3268e944239,2025-02-22T06:54:00Z,2025-02-24T12:23:00Z,2,6,
3d67090e-3a6f-4352-87f3-4447692d8f2f,"Hot-Rolled Sheet, 350 t - Mehr Loleh Sazi Co.",Mehr Loleh Sazi Co.,Site Engineer,100000002,East Azerbaijan,10,c194f97f-00e3-4026-95b6-de85390239d9,e09dc82b-7a9a-4477-9435-46c98cf38f0c,100000002,465.0,35cf159e-d31e-4a52-8f79-a24527d8f983,beb79919-3f22-4af8-a3be-d01d43cf2fde,2025-02-16T08:41:00Z,2025-02-20T10:16:00Z,1,3,4cb17d08-504f-47a7-ae7e-20948d1d7baa
91eb586a-a952-48e4-9a88-76753d43de1d,"Hot-Rolled Sheet, 55 t - Darya-Jahan Fabrication Works",Darya-Jahan Fabrication Works,Managing Director,100000001,Khorasan Razavi,10,c194f97f-00e3-4026-95b6-de85390239d9,c24750a9-a1a0-4993-8670-796784a53e31,100000002,50.0,7ee385c2-274f-4207-a8b1-ca19b6b581af,24933b83-7577-40a9-a491-f0b2ea1fca65,2025-02-17T10:35:00Z,2025-02-22T11:42:00Z,1,3,96371f60-9f3c-40f6-a894-6734f7b6320d
6f7e0375-eaba-4835-8bd8-515ed5c54d5f,"Beams & Sections, 60 t - Mahtab-Farnam Steel Structures",Mahtab-Farnam Steel Structures,Procurement Lead,100000001,Tehran,10,c194f97f-00e3-4026-95b6-de85390239d9,c6582982-3ec2-4b6f-8f72-1793c738e97e,100000001,75.0,76cfd5b6-2902-4bda-bcfc-1f9f0af689dd,b02b61c4-a3d7-4628-ace6-6fa2fd5166e6,2025-02-26T05:58:00Z,2025-03-01T06:52:00Z,1,3,642ff652-23a5-496e-9586-2c7539ce3af7
af83303c-fc35-4b53-af3b-b0028703cc53,"Hot-Rolled Sheet, 110 t - Navid Profile Works Co.",Navid Profile Works Co.,Purchasing Manager,100000002,Isfahan,10,c194f97f-00e3-4026-95b6-de85390239d9,75dc654f-675d-44cb-b028-c1ded6e92ba8,100000002,165.0,8b609d1e-6c72-4cf8-a11d-b3501169d505,10f1bc81-448a-4a9e-a6b2-bc5b50c187fc,2025-02-13T05:45:00Z,2025-02-16T12:18:00Z,1,3,a9c5baf4-14fe-4842-9064-f897e713ca88
86094fee-e877-470e-ae51-9a9b81132981,"Hot-Rolled Sheet, 55 t - Helia-Sepehr Omran",Helia-Sepehr Omran,Purchasing Manager,100000000,Fars,10,c194f97f-00e3-4026-95b6-de85390239d9,caedf979-da80-4e84-a621-6b57e612b08a,100000002,50.0,,e27a984d-6548-41d0-bfcd-9eb1a7cad415,2025-02-16T10:57:00Z,2025-02-22T05:59:00Z,2,5,
bf68e608-6c28-4bbf-b407-0fe56c1f96c5,"Hot-Rolled Sheet, 40 t - Tous Eskelet Felezi Co.",Tous Eskelet Felezi Co.,Purchasing Manager,100000001,Tehran,10,c194f97f-00e3-4026-95b6-de85390239d9,0790bf34-b00f-4c0e-811d-5c66feee61a9,100000002,45.0,3dba6da8-5844-49fc-914b-9547c9dc72b8,b02b61c4-a3d7-4628-ace6-6fa2fd5166e6,2025-02-12T10:40:00Z,2025-02-16T12:31:00Z,2,5,
a3edaaf9-38fa-4094-8dbe-cfd5af0a5ad2,"Beams & Sections, 170 t - Elham Urban Infrastructure Co.",Elham Urban Infrastructure Co.,Site Engineer,100000005,Tehran,10,c194f97f-00e3-4026-95b6-de85390239d9,a2aa7f9a-79fe-4183-93f5-4676e2572729,100000001,175.0,ef158d5b-2d00-4d05-966d-4627e1dace6a,5304317f-af42-412f-b838-b3268e944239,2025-02-12T08:26:00Z,2025-02-16T12:41:00Z,1,3,1a9efcd5-65a6-4491-b934-e46e9777528e
2070ee0a-1b5e-4e45-b056-30ff3dbffc1b,"Rebar, 15 t - Arvand-Tous Builders",Arvand-Tous Builders,Managing Director,100000000,Hormozgan,10,c194f97f-00e3-4026-95b6-de85390239d9,d748c6f4-ec06-415a-b4be-f407559d1417,100000000,25.0,,e27a984d-6548-41d0-bfcd-9eb1a7cad415,2025-02-20T09:23:00Z,2025-02-24T05:38:00Z,2,5,
f91b43c6-2ac6-4f88-918c-6ab948a0e962,"Rebar, 25 t - Iranmehr-Rayan Builders",Iranmehr-Rayan Builders,Supply Chain Manager,100000000,Isfahan,10,c194f97f-00e3-4026-95b6-de85390239d9,13ec721b-b6e3-4494-b345-fa1b708a3515,100000000,20.0,b8fcc7fd-f729-4f09-868a-00a99a2f99a7,10f1bc81-448a-4a9e-a6b2-bc5b50c187fc,2025-02-17T10:03:00Z,2025-02-22T07:26:00Z,1,3,76e239a2-d97a-49a0-af60-3cf459fec3fe
238fe648-62dd-4daf-b874-481c68021f9e,"Hot-Rolled Sheet, 75 t - Orang-Jahan Construction",Orang-Jahan Construction,Purchasing Manager,100000000,Tehran,10,c194f97f-00e3-4026-95b6-de85390239d9,4b576881-72f3-46a3-b135-318d55016ddb,100000002,85.0,510d729e-a986-4452-82d0-c34f7c5c0288,0e51f30d-c6a7-4e39-84b0-32ccd7c524a5,2025-03-01T08:40:00Z,2025-03-02T12:19:00Z,1,3,cc7ac319-26b0-4819-a5ea-de18a95599f9
abc163b1-683b-48c9-8e9d-fe133bbf056b,"Rebar, 40 t - Farnam-Golestan Construction",Farnam-Golestan Construction,Purchasing Manager,100000000,Mazandaran,10,c194f97f-00e3-4026-95b6-de85390239d9,ed85612a-ec95-463e-b79e-fcb67033f898,100000000,35.0,aa99c64c-8950-4eb1-9595-bdbf33f0831a,0e51f30d-c6a7-4e39-84b0-32ccd7c524a5,2025-02-16T13:26:00Z,2025-02-24T04:40:00Z,1,3,6a2619ef-e1d8-464c-afa4-cc4bbaaef35b
56fe5897-4f14-4098-92b5-0d5cdf7d51c2,"Beams & Sections, 75 t - Elham-Kimia Construction",Elham-Kimia Construction,Managing Director,100000000,East Azerbaijan,10,c194f97f-00e3-4026-95b6-de85390239d9,97c6da93-aa7f-4c01-95a3-d3425b09c75d,100000001,110.0,,beb79919-3f22-4af8-a3be-d01d43cf2fde,2025-02-22T10:30:00Z,2025-02-24T07:18:00Z,2,5,
a58ec778-e94d-4b20-8116-6b49d27f6f41,"Galvanized Sheet, 40 t - Karun Golkhaneh Sazan Group",Karun Golkhaneh Sazan Group,Project Manager,100000006,Tehran,10,c194f97f-00e3-4026-95b6-de85390239d9,cdeccbbc-2801-4ea2-b0dd-9227a69be18a,100000004,45.0,ee3f157d-afbf-4bd5-b52f-0d48e496471d,0e51f30d-c6a7-4e39-84b0-32ccd7c524a5,2025-02-26T11:54:00Z,2025-03-02T08:57:00Z,1,3,b3f6ef86-f1be-4900-b2df-bfa8f8b933bb
8f99c231-e677-4e35-a3aa-2afd9979337b,"Hot-Rolled Sheet, 95 t - Sabalan-Karun Sakhteman",Sabalan-Karun Sakhteman,Purchasing Manager,100000000,Mazandaran,10,c194f97f-00e3-4026-95b6-de85390239d9,5bf14572-57e6-4ee7-bf9f-dac8b89f1b65,100000002,105.0,,b02b61c4-a3d7-4628-ace6-6fa2fd5166e6,2025-02-27T06:15:00Z,2025-03-04T09:52:00Z,2,4,
4b7f5fa6-477c-498d-b474-d20a753e7a37,"Cold-Rolled Sheet, 105 t - Bamdad Press Works Industries",Bamdad Press Works Industries,Managing Director,100000003,Tehran,10,c194f97f-00e3-4026-95b6-de85390239d9,7eb8d108-f5a5-4dbe-9a64-767c224733b8,100000003,100.0,,b02b61c4-a3d7-4628-ace6-6fa2fd5166e6,2025-02-19T04:46:00Z,2025-02-23T10:12:00Z,2,5,
a0b8bf86-735f-49a1-a8fa-79fa029aaa9d,"Rebar, 105 t - Mahtab Iron & Steel Supply Industries",Mahtab Iron & Steel Supply Industries,Site Engineer,100000004,Khuzestan,10,c194f97f-00e3-4026-95b6-de85390239d9,cb8adb65-901b-4db9-9a4f-6dd44bbacd1c,100000000,105.0,,366eb16f-508e-4ad7-b7c9-3acfe059a0ee,2025-02-27T10:55:00Z,2025-03-08T10:24:00Z,2,4,
20f0f4ea-1f00-47ca-a192-07554279f4a4,"Rebar, 630 t - Kimia Steel Trading Industries",Kimia Steel Trading Industries,Purchasing Manager,100000004,Khuzestan,10,c194f97f-00e3-4026-95b6-de85390239d9,a2d47c26-6117-4b2e-90e7-35f33f64b61f,100000000,555.0,,366eb16f-508e-4ad7-b7c9-3acfe059a0ee,2025-02-23T09:28:00Z,2025-03-01T12:34:00Z,2,5,
979674b1-8406-49f7-88c0-66132e102f95,"Beams & Sections, 55 t - Tirdad-Parsian Sakhteman",Tirdad-Parsian Sakhteman,Purchasing Manager,100000000,Isfahan,10,c194f97f-00e3-4026-95b6-de85390239d9,c439af81-dddb-4e94-ab76-cb13f7aed23a,100000001,50.0,,10f1bc81-448a-4a9e-a6b2-bc5b50c187fc,2025-03-01T10:57:00Z,2025-03-05T13:01:00Z,2,5,
adb53c7b-43b6-468a-ba85-2ff642d3aaf2,"Rebar, 105 t - Tous-Varna Omran",Tous-Varna Omran,Managing Director,100000000,East Azerbaijan,10,c194f97f-00e3-4026-95b6-de85390239d9,be4e1c81-875e-41f5-943c-5e46d93f198a,100000000,75.0,39138902-c544-4ab0-be70-3fc225bb2712,beb79919-3f22-4af8-a3be-d01d43cf2fde,2025-02-17T10:32:00Z,2025-02-20T09:48:00Z,1,3,59178b75-96f7-4674-b702-f5539792cb50
ea97e3ae-a7e3-45e1-888e-19d8bfe06a93,"Rebar, 595 t - Atlas Foolad Trading Ltd.",Atlas Foolad Trading Ltd.,Supply Chain Manager,100000004,Tehran,10,c194f97f-00e3-4026-95b6-de85390239d9,8a3555a7-7326-475e-aed6-4476529b0857,100000000,640.0,,ce177b4e-0837-48a3-9261-a7ab3aa2e4f9,2025-02-16T09:57:00Z,2025-02-20T04:58:00Z,2,5,
cb4d4a66-19cb-4881-a31d-e68a12c560f0,"Rebar, 205 t - Sabalan Iron & Steel Supply Co.",Sabalan Iron & Steel Supply Co.,Purchasing Manager,100000004,Tehran,10,c194f97f-00e3-4026-95b6-de85390239d9,29dda158-85e6-4a6b-a7f2-aec31f9e7c7d,100000000,150.0,f8dd1dd4-183b-4568-a6f5-d57da32bd05a,ce177b4e-0837-48a3-9261-a7ab3aa2e4f9,2025-02-16T13:01:00Z,2025-02-18T05:20:00Z,1,3,48988497-6a08-4141-9ca0-c53d5f8d48ac
a9df0fcf-7ea0-4346-bfae-946484618581,"Hot-Rolled Sheet, 115 t - Zarrin-Farazan Builders",Zarrin-Farazan Builders,Managing Director,100000000,Tehran,10,c194f97f-00e3-4026-95b6-de85390239d9,ecb33a78-9ab1-4a4c-b0e0-bae33dda9fca,100000002,115.0,,b02b61c4-a3d7-4628-ace6-6fa2fd5166e6,2025-02-19T12:27:00Z,2025-02-24T08:39:00Z,2,6,
66575b6e-2a63-49f3-86fd-a63327531e5c,"Cold-Rolled Sheet, 215 t - Aban Press Works Ltd.",Aban Press Works Ltd.,Supply Chain Manager,100000003,Alborz,10,c194f97f-00e3-4026-95b6-de85390239d9,91965133-e3ea-433b-b7dc-f8d0f91cafb9,100000003,185.0,504bd946-93c9-4ed3-b937-3c139a706219,b02b61c4-a3d7-4628-ace6-6fa2fd5166e6,2025-02-16T08:05:00Z,2025-02-20T11:56:00Z,1,3,7bae0ac4-76f2-4be1-8ddd-cc4f0dec0e1c
8b1bf79c-cd0b-40f0-9a2d-e42e7242e3dd,"Hot-Rolled Sheet, 25 t - Chakad-Navid Steel Structures",Chakad-Navid Steel Structures,Purchasing Manager,100000001,Tehran,10,c194f97f-00e3-4026-95b6-de85390239d9,48b82b0a-edb3-4225-bb4e-f0cb2a7b7f81,100000002,30.0,,b02b61c4-a3d7-4628-ace6-6fa2fd5166e6,2025-02-15T07:09:00Z,2025-02-18T09:42:00Z,2,5,
cb00a964-123c-41dd-ba4b-de1fc628fdc5,"Beams & Sections, 25 t - Ofogh-Helia Fabrication Works",Ofogh-Helia Fabrication Works,Site Engineer,100000001,Alborz,10,c194f97f-00e3-4026-95b6-de85390239d9,f0d6fddb-92fa-404c-b22b-22cba5c91055,100000001,30.0,1842b7ee-bfdb-4ed8-ac4b-1f95d4f3df52,b02b61c4-a3d7-4628-ace6-6fa2fd5166e6,2025-02-22T05:52:00Z,2025-02-24T12:19:00Z,1,3,f032befa-bc04-4a1c-a018-c1fac988641d
0538ffa9-cd40-4071-8538-8c79cd7907e7,"Wire Rod, 75 t - Rayan Foolad Trading Group",Rayan Foolad Trading Group,Procurement Lead,100000004,Isfahan,10,c194f97f-00e3-4026-95b6-de85390239d9,1cd0b2c8-247a-4e81-8cf3-4e82a1650653,100000006,95.0,,10f1bc81-448a-4a9e-a6b2-bc5b50c187fc,2025-02-10T12:45:00Z,2025-02-13T09:52:00Z,2,4,
def9682d-b57b-4d9e-aaf2-a2f4af04a01e,"Cold-Rolled Sheet, 20 t - Elham Appliance Components Group",Elham Appliance Components Group,Supply Chain Manager,100000003,East Azerbaijan,10,c194f97f-00e3-4026-95b6-de85390239d9,d3fb4469-e828-45ed-9356-f720a239f6f5,100000003,20.0,652d4876-2dd2-45e6-aff3-4f0cc65341a2,beb79919-3f22-4af8-a3be-d01d43cf2fde,2025-02-27T12:23:00Z,2025-03-04T10:18:00Z,1,3,88823bfb-a23d-40f0-ad79-fea2ed201457
7df3ad5a-89ff-4a1c-b4d7-0475cb0fb554,"Hot-Rolled Sheet, 285 t - Zagros Loleh Sazi Industries",Zagros Loleh Sazi Industries,Procurement Lead,100000002,Isfahan,10,c194f97f-00e3-4026-95b6-de85390239d9,c2789b0f-4299-457d-ab17-eb1829dc5cba,100000002,315.0,9a437632-7231-4218-933e-721871c8fb57,9132b63e-f162-47e4-a9c3-49e03602f8ac,2025-02-17T06:28:00Z,2025-02-20T11:46:00Z,1,3,dcb3be81-f6a2-49ad-98e1-872304871f92
adb448cf-f815-49c6-90c9-738a4529982c,"Hot-Rolled Sheet, 85 t - Karun Profile Sazan Group",Karun Profile Sazan Group,Managing Director,100000002,Tehran,10,c194f97f-00e3-4026-95b6-de85390239d9,a8e60074-6027-4dc3-9082-1c6db4dbeaf3,100000002,125.0,2d01eecc-6265-4fa4-a6d2-8573c34b41d1,0e51f30d-c6a7-4e39-84b0-32ccd7c524a5,2025-02-16T07:11:00Z,2025-02-19T10:56:00Z,1,3,c20b5d7f-0ffb-41ff-9abe-8296296c2114
b7717e97-eea4-490c-b2a6-9eba931f7f9d,"Rebar, 40 t - Iman-Kian Builders",Iman-Kian Builders,Site Engineer,100000000,Tehran,10,c194f97f-00e3-4026-95b6-de85390239d9,f7424101-019f-4738-8727-f8548d887c1e,100000000,35.0,,5304317f-af42-412f-b838-b3268e944239,2025-02-20T04:51:00Z,2025-02-24T09:39:00Z,2,5,
016b0531-54d7-4fbe-8727-3c2469fdcb61,"Wire Rod, 135 t - Kaspian Ahan Bazar Ltd.",Kaspian Ahan Bazar Ltd.,Supply Chain Manager,100000004,Isfahan,10,c194f97f-00e3-4026-95b6-de85390239d9,a2dbcc0b-aa6f-4e94-ba80-2e71ec679415,100000006,150.0,,10f1bc81-448a-4a9e-a6b2-bc5b50c187fc,2025-02-24T06:44:00Z,2025-03-01T11:35:00Z,2,5,
471f681d-461d-437d-9afc-6bb9943cc1a3,"Cold-Rolled Sheet, 55 t - Kavir Sabz Press Works Ltd.",Kavir Sabz Press Works Ltd.,Site Engineer,100000003,Tehran,10,c194f97f-00e3-4026-95b6-de85390239d9,5ae9af9a-7a13-40be-84d9-5667ff49a4a0,100000003,50.0,,b02b61c4-a3d7-4628-ace6-6fa2fd5166e6,2025-02-12T10:47:00Z,2025-02-15T09:38:00Z,2,5,
605e3a25-afb1-4754-b588-df01ba6b301e,"Hot-Rolled Sheet, 105 t - Raman Profile Works Co.",Raman Profile Works Co.,Supply Chain Manager,100000002,Isfahan,10,c194f97f-00e3-4026-95b6-de85390239d9,67053de4-ce57-443d-a87e-9ec39e868d36,100000002,115.0,,10f1bc81-448a-4a9e-a6b2-bc5b50c187fc,2025-02-20T04:34:00Z,2025-03-01T08:55:00Z,2,5,
5ec1a0a7-7620-4b85-8dd9-5cdbb1c340d0,"Cold-Rolled Sheet, 55 t - Orang Appliance Components Group",Orang Appliance Components Group,Site Engineer,100000003,Khuzestan,10,c194f97f-00e3-4026-95b6-de85390239d9,60e4ba2c-741f-4027-9798-1bc25f3df920,100000003,60.0,,366eb16f-508e-4ad7-b7c9-3acfe059a0ee,2025-02-15T09:23:00Z,2025-02-25T11:08:00Z,2,6,
9ca94273-0df4-48cb-be60-af643dc606f9,"Pipes & Profiles, 215 t - Diba-Sadaf Omran",Diba-Sadaf Omran,Supply Chain Manager,100000000,Tehran,10,c194f97f-00e3-4026-95b6-de85390239d9,26e25157-b9fe-41ce-8d40-3fa3c0979de5,100000005,145.0,,b02b61c4-a3d7-4628-ace6-6fa2fd5166e6,2025-02-17T10:55:00Z,2025-02-20T10:59:00Z,2,6,
f370c1b9-0004-44cd-98ae-63f58b0d5773,"Galvanized Sheet, 155 t - Fardis Pipe Works Ltd.",Fardis Pipe Works Ltd.,Project Manager,100000002,Tehran,10,c194f97f-00e3-4026-95b6-de85390239d9,2a37e66a-4bdc-4be6-9fad-cd0ae00cf4e6,100000004,190.0,,b02b61c4-a3d7-4628-ace6-6fa2fd5166e6,2025-02-22T09:15:00Z,2025-02-25T12:19:00Z,2,7,
7173388b-6993-4b54-88fb-f6f0fa8fa177,"Cold-Rolled Sheet, 40 t - Tous Appliance Components Industries",Tous Appliance Components Industries,Site Engineer,100000003,Khorasan Razavi,1,76876c62-4c61-445e-ba7e-5d9405d1fb63,9343f779-982c-4f17-9a99-c97b33e63ad2,100000003,50.0,,24933b83-7577-40a9-a491-f0b2ea1fca65,2025-07-03T11:24:00Z,2025-07-07T06:02:00Z,2,4,
8a829f6d-7d76-47cb-803e-de27ab666a8c,"Galvanized Sheet, 135 t - Mehr Profile Sazan Industries",Mehr Profile Sazan Industries,Project Manager,100000002,Fars,1,76876c62-4c61-445e-ba7e-5d9405d1fb63,835b8981-04b5-4a0b-b80f-97c682e2b59d,100000004,100.0,,e27a984d-6548-41d0-bfcd-9eb1a7cad415,2025-07-07T06:54:00Z,2025-07-12T05:08:00Z,2,4,
2d4db217-ff09-4a75-ae49-3e7cafc258dc,"Galvanized Sheet, 70 t - Darya Appliance Components Group",Darya Appliance Components Group,Procurement Lead,100000003,Khuzestan,1,76876c62-4c61-445e-ba7e-5d9405d1fb63,89b34014-6447-42b9-bda5-dc2287f18545,100000004,40.0,c7831656-df69-4891-8320-34d03bfd3087,366eb16f-508e-4ad7-b7c9-3acfe059a0ee,2025-07-05T11:08:00Z,2025-07-09T11:46:00Z,1,3,9a1e373b-3c60-4cd5-a395-e4926de9026b
f0ecb704-cd46-4283-82d7-3aa2da1e5d07,"Hot-Rolled Sheet, 105 t - Aban Profile Works Group",Aban Profile Works Group,Site Engineer,100000002,Tehran,1,76876c62-4c61-445e-ba7e-5d9405d1fb63,31c42566-fe87-419b-8ffa-44b31d9bf013,100000002,75.0,167d4184-a86a-458f-ba11-169426c1549a,5304317f-af42-412f-b838-b3268e944239,2025-06-30T09:44:00Z,2025-07-05T08:00:00Z,1,3,c0e7e1a7-e84d-42e6-9712-00edc4922fe4
048c238d-46eb-4138-90ee-358ef791645d,"Beams & Sections, 135 t - Zagros Foolad Trading Ltd.",Zagros Foolad Trading Ltd.,Purchasing Manager,100000004,Tehran,1,76876c62-4c61-445e-ba7e-5d9405d1fb63,859a1a8d-bb5c-4b94-83c4-889272322722,100000001,100.0,,ce177b4e-0837-48a3-9261-a7ab3aa2e4f9,2025-06-16T06:01:00Z,2025-06-21T13:05:00Z,2,6,
d5201c34-d471-4d8b-a47e-d9ff9befb06b,"Cold-Rolled Sheet, 35 t - Vista Profile Works Ltd.",Vista Profile Works Ltd.,Procurement Lead,100000002,Fars,1,76876c62-4c61-445e-ba7e-5d9405d1fb63,f02df575-4eff-4434-a7dc-ec1dd50f4b19,100000003,35.0,a3ced9d2-ab8c-409d-874f-606b9161d089,e27a984d-6548-41d0-bfcd-9eb1a7cad415,2025-07-12T04:44:00Z,2025-07-15T04:39:00Z,1,3,5caba07f-a823-4e8f-848a-7b42134f1a1e
5faad0d3-1b17-4bfd-a921-2ef6377422fb,"Beams & Sections, 65 t - Tina-Navid Eskelet Felezi",Tina-Navid Eskelet Felezi,Supply Chain Manager,100000001,Khorasan Razavi,1,76876c62-4c61-445e-ba7e-5d9405d1fb63,c859c0eb-cf6b-4d37-a9f6-05ed2aec7576,100000001,55.0,,24933b83-7577-40a9-a491-f0b2ea1fca65,2025-06-16T09:19:00Z,2025-06-19T09:44:00Z,2,4,
1e3fdf12-3903-4fb3-8bda-c20c15f68117,"Beams & Sections, 255 t - Mahan-Zagros Omran",Mahan-Zagros Omran,Managing Director,100000000,Khuzestan,1,76876c62-4c61-445e-ba7e-5d9405d1fb63,89e73823-fbbf-4df8-b81c-695a3c5e0874,100000001,195.0,,366eb16f-508e-4ad7-b7c9-3acfe059a0ee,2025-06-24T05:10:00Z,2025-06-26T07:32:00Z,2,5,
4dca04c1-0c54-454c-9819-a65670aa4232,"Hot-Rolled Sheet, 65 t - Ilia Profile Works Co.",Ilia Profile Works Co.,Managing Director,100000002,East Azerbaijan,1,76876c62-4c61-445e-ba7e-5d9405d1fb63,e717a00c-4698-4f76-86bd-c6d005ffb6eb,100000002,65.0,8bdc594f-ce2f-49aa-aeae-beec58dca3ae,beb79919-3f22-4af8-a3be-d01d43cf2fde,2025-07-13T08:48:00Z,2025-07-15T08:53:00Z,1,3,8d59a0ee-d0fd-476a-99a2-b7c71ae41748
af88f763-fa36-4ada-9f4b-c5881298d56d,"Cold-Rolled Sheet, 95 t - Tarava Profile Sazan Co.",Tarava Profile Sazan Co.,Procurement Lead,100000002,Tehran,1,76876c62-4c61-445e-ba7e-5d9405d1fb63,fa1e9f29-a03f-4e71-b40c-f9cbdd8919d5,100000003,140.0,056760f8-0de9-4292-98b5-e7e188ef88f7,b02b61c4-a3d7-4628-ace6-6fa2fd5166e6,2025-06-28T11:55:00Z,2025-07-01T09:27:00Z,1,3,3d160a1d-da5d-4295-9faf-2e432f26f59b
0ccb829d-ad9b-4813-b50c-03616d0b3168,"Rebar, 25 t - Ava-Taban Builders",Ava-Taban Builders,Procurement Lead,100000000,Alborz,1,76876c62-4c61-445e-ba7e-5d9405d1fb63,fe53a960-d809-40f0-8022-eb6f9fa64655,100000000,30.0,f61b8e0e-e47d-4061-9296-e23385cb7cc3,5304317f-af42-412f-b838-b3268e944239,2025-07-08T12:04:00Z,2025-07-12T04:57:00Z,1,3,5d5e1495-312d-42d5-946d-de048b124792
52822715-b3c5-43ef-b997-9c7f96e37c60,"Galvanized Sheet, 50 t - Varna Press Works Ltd.",Varna Press Works Ltd.,Purchasing Manager,100000003,Tehran,1,76876c62-4c61-445e-ba7e-5d9405d1fb63,af257195-b631-4a8b-bc09-fd857ac85a5c,100000004,55.0,,5304317f-af42-412f-b838-b3268e944239,2025-06-18T07:28:00Z,2025-06-23T05:31:00Z,2,5,
f71ba311-96fc-4e4a-853e-39b99c2a5dc3,"Cold-Rolled Sheet, 25 t - Ofogh Appliance Components Group",Ofogh Appliance Components Group,Purchasing Manager,100000003,Mazandaran,1,76876c62-4c61-445e-ba7e-5d9405d1fb63,19bd05eb-f5ae-4dec-a530-480943936e6e,100000003,15.0,,0e51f30d-c6a7-4e39-84b0-32ccd7c524a5,2025-06-17T09:01:00Z,2025-06-22T06:40:00Z,2,5,
eea8e390-4329-4be4-b656-22163b7eebe6,"Rebar, 280 t - Omid Urban Infrastructure Group",Omid Urban Infrastructure Group,Procurement Lead,100000005,Khorasan Razavi,1,76876c62-4c61-445e-ba7e-5d9405d1fb63,674ccb71-cf4f-4a6e-9c77-be61dc629367,100000000,325.0,93c6fffe-53ce-45c5-8810-a1ff0e0ba330,24933b83-7577-40a9-a491-f0b2ea1fca65,2025-07-09T11:49:00Z,2025-07-13T10:45:00Z,1,3,98f35bb3-6a95-4392-bdfc-7b0de58c69fd
5c43d8eb-be58-4107-a8a1-eaaa9df3cd59,"Pipes & Profiles, 35 t - Persis-Diba Omran",Persis-Diba Omran,Project Manager,100000000,Khuzestan,1,76876c62-4c61-445e-ba7e-5d9405d1fb63,3c1b1265-2c1c-4322-8193-51206c326b3f,100000005,35.0,,366eb16f-508e-4ad7-b7c9-3acfe059a0ee,2025-06-24T05:35:00Z,2025-06-28T06:30:00Z,2,5,
db91d9df-a5e0-4d58-9037-ac911ee72d49,"Pipes & Profiles, 25 t - Golestan-Orang Steel Structures",Golestan-Orang Steel Structures,Site Engineer,100000001,Alborz,1,76876c62-4c61-445e-ba7e-5d9405d1fb63,1e001af7-0112-4d83-a232-df5c85c84ccb,100000005,20.0,,5304317f-af42-412f-b838-b3268e944239,2025-06-24T10:27:00Z,2025-06-26T07:26:00Z,2,5,
fb9051cf-5ccc-49dd-a496-05d1c3477499,"Cold-Rolled Sheet, 75 t - Borna Press Works Ltd.",Borna Press Works Ltd.,Procurement Lead,100000003,Khorasan Razavi,1,76876c62-4c61-445e-ba7e-5d9405d1fb63,8bb0cfe7-9f60-406f-b5f1-d0a21a47d361,100000003,70.0,,24933b83-7577-40a9-a491-f0b2ea1fca65,2025-07-13T08:11:00Z,2025-07-15T05:27:00Z,2,6,
51d26231-767d-4b16-9e0e-59a93e01b09e,"Cold-Rolled Sheet, 65 t - Ofogh Press Works Group",Ofogh Press Works Group,Site Engineer,100000003,Alborz,1,76876c62-4c61-445e-ba7e-5d9405d1fb63,7eb674f0-9c1b-4efa-b738-a63fc212798d,100000003,55.0,,b02b61c4-a3d7-4628-ace6-6fa2fd5166e6,2025-06-15T09:36:00Z,2025-06-18T09:21:00Z,2,5,
caa661c9-7b88-4df0-bdfe-7c94cc34cceb,"Hot-Rolled Sheet, 320 t - Orang Profile Sazan Co.",Orang Profile Sazan Co.,Managing Director,100000002,Fars,1,76876c62-4c61-445e-ba7e-5d9405d1fb63,597493a0-91a5-4f7a-b45b-2edcbd1f8d7f,100000002,305.0,,e27a984d-6548-41d0-bfcd-9eb1a7cad415,2025-07-05T08:02:00Z,2025-07-08T10:22:00Z,2,5,
db4fc0e1-424f-4149-b59f-03916b99e38a,"Hot-Rolled Sheet, 130 t - Arman Steel Structures Group",Arman Steel Structures Group,Site Engineer,100000001,Khorasan Razavi,1,76876c62-4c61-445e-ba7e-5d9405d1fb63,0327201a-04dd-43bd-9fb0-6df73902452e,100000002,175.0,f35757c5-7836-4477-9b39-455032103c49,24933b83-7577-40a9-a491-f0b2ea1fca65,2025-06-16T09:14:00Z,2025-06-18T06:30:00Z,2,4,
89da9d78-5a20-4e04-9e00-2e3b0f7c1a7b,"Galvanized Sheet, 15 t - Nasim Press Works Ltd.",Nasim Press Works Ltd.,Site Engineer,100000003,Fars,1,76876c62-4c61-445e-ba7e-5d9405d1fb63,86091da1-04fb-42f9-a16a-5fbe37b3b2e1,100000004,20.0,152b7fbd-aa15-47d3-b4ec-733defe47a7e,e27a984d-6548-41d0-bfcd-9eb1a7cad415,2025-07-12T10:09:00Z,2025-07-17T06:33:00Z,1,3,438fd1e8-22de-462f-9659-b3532a9d05d5
104299a8-0524-4b4c-9964-7ef45f8efce5,"Hot-Rolled Sheet, 55 t - Mahtab-Tina Steel Structures",Mahtab-Tina Steel Structures,Project Manager,100000001,Isfahan,1,76876c62-4c61-445e-ba7e-5d9405d1fb63,75ceb460-fe5d-4e35-a8a5-0c9bf8d25d63,100000002,65.0,c683315a-fcfb-436c-8642-b41abf4cc28d,10f1bc81-448a-4a9e-a6b2-bc5b50c187fc,2025-07-05T10:15:00Z,2025-07-09T12:17:00Z,1,3,75bb16db-dc4c-44a0-8a4f-fb7c24486381
dfd97075-e78d-4ff7-9455-9b72186fa278,"Beams & Sections, 60 t - Diba-Diba Eskelet Felezi",Diba-Diba Eskelet Felezi,Procurement Lead,100000001,Khorasan Razavi,1,76876c62-4c61-445e-ba7e-5d9405d1fb63,c458a3bc-4cfd-486c-95e6-438b370c0904,100000001,35.0,6be2d021-acf7-4193-b254-036a82630ae0,24933b83-7577-40a9-a491-f0b2ea1fca65,2025-06-18T07:06:00Z,2025-06-24T06:18:00Z,1,3,8d14b247-f6cf-4f1e-b8fd-484c82733f98
d9670ec0-f899-4ba4-b0b7-29e9cf0cc9c6,"Rebar, 55 t - Hoda-Tous Contracting",Hoda-Tous Contracting,Managing Director,100000000,Isfahan,1,76876c62-4c61-445e-ba7e-5d9405d1fb63,dc9a02ea-07f1-4a11-8667-4c870205d475,100000000,60.0,,9132b63e-f162-47e4-a9c3-49e03602f8ac,2025-07-08T05:31:00Z,2025-07-12T07:46:00Z,2,6,
2b45b27d-f077-4a71-a799-939a6229ba7f,"Hot-Rolled Sheet, 170 t - Laleh Pipe & Profile Industries",Laleh Pipe & Profile Industries,Procurement Lead,100000002,East Azerbaijan,1,76876c62-4c61-445e-ba7e-5d9405d1fb63,ed403e55-53e3-4e26-a052-cea628959434,100000002,125.0,20509c62-08e8-45d7-b02c-1821c8040fb7,beb79919-3f22-4af8-a3be-d01d43cf2fde,2025-07-05T08:16:00Z,2025-07-07T06:53:00Z,1,3,5cc62a30-c2e6-4058-9c69-32b64caef27a
bb0ad480-fffb-4cbf-842c-04b0950c0421,"Galvanized Sheet, 55 t - Nasim Pipe Works Group",Nasim Pipe Works Group,Site Engineer,100000002,Tehran,1,76876c62-4c61-445e-ba7e-5d9405d1fb63,f96f7ccc-254c-4cb2-a191-fc4a12130d87,100000004,75.0,,b02b61c4-a3d7-4628-ace6-6fa2fd5166e6,2025-07-03T05:57:00Z,2025-07-08T06:58:00Z,2,4,
3ed6e353-0ea6-41fe-800d-1d9d1b165e42,"Cold-Rolled Sheet, 145 t - Sahand Press Works Group",Sahand Press Works Group,Site Engineer,100000003,Tehran,1,76876c62-4c61-445e-ba7e-5d9405d1fb63,cc7bf843-cb84-41bb-bed0-3c7bb37b3305,100000003,140.0,993716bc-6069-4dab-9c3c-3c5d0331072b,5304317f-af42-412f-b838-b3268e944239,2025-07-14T09:57:00Z,2025-07-16T06:17:00Z,1,3,a6a50ff4-6b88-4397-8582-2f752d8b6108
2d1beafa-e9b4-4593-aa48-6f9fc16f172d,"Galvanized Sheet, 90 t - Arya Tube Mills Co.",Arya Tube Mills Co.,Purchasing Manager,100000002,Isfahan,1,76876c62-4c61-445e-ba7e-5d9405d1fb63,a687c13f-f416-4d61-a6be-4e5155431649,100000004,105.0,,9132b63e-f162-47e4-a9c3-49e03602f8ac,2025-06-30T05:59:00Z,2025-07-03T08:31:00Z,2,7,
83b10677-e3bb-4beb-8c65-c13df17871ba,"Hot-Rolled Sheet, 210 t - Raman Pipe Works Industries",Raman Pipe Works Industries,Supply Chain Manager,100000002,Hormozgan,1,76876c62-4c61-445e-ba7e-5d9405d1fb63,f7597f20-ad67-46f6-806d-8707d2ac7c26,100000002,175.0,,e27a984d-6548-41d0-bfcd-9eb1a7cad415,2025-06-18T13:10:00Z,2025-06-21T09:05:00Z,2,5,
ea01992d-2ca6-4723-be9a-f7309888ec01,"Hot-Rolled Sheet, 70 t - Farazan-Pishgam Fabrication Works",Farazan-Pishgam Fabrication Works,Managing Director,100000001,Hormozgan,1,76876c62-4c61-445e-ba7e-5d9405d1fb63,4847b163-1976-4b73-b5dc-1b2000ed9a73,100000002,50.0,81f1a440-0783-4ed6-82e7-18a769fba3fa,e27a984d-6548-41d0-bfcd-9eb1a7cad415,2025-07-14T09:06:00Z,2025-07-17T05:20:00Z,1,3,1b7810a0-58b3-40cf-9314-4c013b1d0b20
3660c194-6aab-470f-9a8a-a86b7eeb9aa4,"Beams & Sections, 190 t - Sahand-Arman Fabrication Works",Sahand-Arman Fabrication Works,Supply Chain Manager,100000001,Tehran,1,76876c62-4c61-445e-ba7e-5d9405d1fb63,fe5b49af-7e8d-48d4-b5f9-b098b6c5e1f8,100000001,300.0,,0e51f30d-c6a7-4e39-84b0-32ccd7c524a5,2025-06-28T05:22:00Z,2025-07-01T12:09:00Z,2,4,
e4540aa3-8331-4ee5-bba1-a1694def1a69,"Cold-Rolled Sheet, 40 t - Vista Profile Works Co.",Vista Profile Works Co.,Managing Director,100000002,Hormozgan,1,76876c62-4c61-445e-ba7e-5d9405d1fb63,cd106cd1-0e08-4aa0-8119-f67cec17970b,100000003,40.0,,e27a984d-6548-41d0-bfcd-9eb1a7cad415,2025-07-03T06:15:00Z,2025-07-08T09:24:00Z,2,4,
df7583b7-1786-43cc-8d28-f82e8b60aaa4,"Rebar, 75 t - Diba-Iman Omran",Diba-Iman Omran,Purchasing Manager,100000000,Fars,10,6c93a791-8b60-4511-b816-8aebac6a7c85,86a04192-5091-4fc8-9b23-d7a97e723265,100000000,70.0,,e27a984d-6548-41d0-bfcd-9eb1a7cad415,2025-06-30T06:26:00Z,2025-07-05T07:32:00Z,2,5,
e077166a-2ade-4426-b41a-658bdd90ed3e,"Galvanized Sheet, 55 t - Elham Profile Sazan Ltd.",Elham Profile Sazan Ltd.,Project Manager,100000002,Tehran,10,6c93a791-8b60-4511-b816-8aebac6a7c85,215a91fa-5814-43d9-a18c-d01a1dc904f9,100000004,55.0,,5304317f-af42-412f-b838-b3268e944239,2025-06-25T13:23:00Z,2025-06-28T12:24:00Z,2,5,
c1fb1603-2e4d-45c8-96c2-eafaa8a7dccb,"Beams & Sections, 75 t - Espadana-Ava Abadgaran",Espadana-Ava Abadgaran,Purchasing Manager,100000000,Mazandaran,10,6c93a791-8b60-4511-b816-8aebac6a7c85,9a1a769c-75ad-43f9-91c7-177fd35a0e53,100000001,65.0,049bf703-a6ff-4014-8b10-603231e97228,5304317f-af42-412f-b838-b3268e944239,2025-06-22T07:25:00Z,2025-06-28T08:41:00Z,1,3,50c12d97-c052-400b-a4ae-4c4aaffdfbca
1749f8f7-d8e5-4c5d-a33d-78768f5dd125,"Rebar, 40 t - Rayan Builders Ltd.",Rayan Builders Ltd.,Managing Director,100000000,Tehran,10,6c93a791-8b60-4511-b816-8aebac6a7c85,e328b2d4-a715-40fd-90d0-bea1d9bf112f,100000000,40.0,095ffa81-40d9-4bce-b930-ba208b040f49,5304317f-af42-412f-b838-b3268e944239,2025-06-30T11:33:00Z,2025-07-05T08:47:00Z,1,3,382edc11-ea7a-45d5-a4cf-fe3b82d3f21c
bc5ec5bb-6f14-4555-81d7-e6b28d2902b2,"Rebar, 80 t - Hirad-Orang Sakhteman",Hirad-Orang Sakhteman,Purchasing Manager,100000000,Isfahan,10,6c93a791-8b60-4511-b816-8aebac6a7c85,f4b7763a-9247-4a54-b687-6ad4b23424a3,100000000,85.0,,9132b63e-f162-47e4-a9c3-49e03602f8ac,2025-07-02T08:27:00Z,2025-07-05T06:10:00Z,2,6,
f46869b6-1cae-4327-86f8-0c335cc78b9d,"Beams & Sections, 190 t - Arvand-Varna Omran",Arvand-Varna Omran,Procurement Lead,100000000,Isfahan,10,6c93a791-8b60-4511-b816-8aebac6a7c85,34f173db-f5e9-4bfc-bdb0-b3ce3a8b7319,100000001,155.0,,9132b63e-f162-47e4-a9c3-49e03602f8ac,2025-06-14T13:03:00Z,2025-06-16T06:48:00Z,2,5,
97787a01-0781-4638-a025-b4cea853a7aa,"Hot-Rolled Sheet, 45 t - Farnam-Parsian Eskelet Felezi",Farnam-Parsian Eskelet Felezi,Managing Director,100000001,Tehran,10,6c93a791-8b60-4511-b816-8aebac6a7c85,38a9aad5-34fa-48a0-99ba-06ee568258c4,100000002,30.0,,b02b61c4-a3d7-4628-ace6-6fa2fd5166e6,2025-06-23T04:53:00Z,2025-06-28T06:04:00Z,2,6,
903f3da2-3c8b-49d9-bd25-e7ef566212a3,"Hot-Rolled Sheet, 50 t - Rahyab Steel Structures Group",Rahyab Steel Structures Group,Procurement Lead,100000001,Khorasan Razavi,10,6c93a791-8b60-4511-b816-8aebac6a7c85,6a35211f-6b6b-417b-ae26-7be0a1bb6e1b,100000002,60.0,b7b8c1a5-9a45-493d-b227-890e4e76833a,24933b83-7577-40a9-a491-f0b2ea1fca65,2025-06-24T05:22:00Z,2025-06-29T06:23:00Z,1,3,92cb11fd-319e-4394-9975-5f5e86b3374e
1f0c033b-a5fc-482f-bdbd-331984fef0f5,"Beams & Sections, 20 t - Sahand Construction Group",Sahand Construction Group,Site Engineer,100000000,Tehran,10,6c93a791-8b60-4511-b816-8aebac6a7c85,6e36dc96-4f61-48f4-b69f-4ca617af9323,100000001,15.0,2e4bebc4-2989-4880-a77d-1be96070b6a1,0e51f30d-c6a7-4e39-84b0-32ccd7c524a5,2025-06-30T07:33:00Z,2025-07-07T05:35:00Z,2,5,
c4bee9ab-4173-4fef-93da-030139a35cc3,"Hot-Rolled Sheet, 100 t - Vista Profile Sazan Industries",Vista Profile Sazan Industries,Site Engineer,100000002,Tehran,10,6c93a791-8b60-4511-b816-8aebac6a7c85,048dfcb3-c815-4974-9492-e338f7100708,100000002,75.0,82c87535-5c5a-45c7-9796-45a8de03ef7b,5304317f-af42-412f-b838-b3268e944239,2025-06-23T07:09:00Z,2025-06-28T08:31:00Z,1,3,de29e205-6d0d-4a98-a100-b8a2e4165c92
eb4cc7ed-1eb7-4ad0-97f2-9c3ff812b99d,"Beams & Sections, 90 t - Helia-Omid Builders",Helia-Omid Builders,Purchasing Manager,100000000,Khuzestan,10,6c93a791-8b60-4511-b816-8aebac6a7c85,74d915c6-0847-4e0f-995b-f91ac400c924,100000001,95.0,,366eb16f-508e-4ad7-b7c9-3acfe059a0ee,2025-06-25T06:44:00Z,2025-06-29T09:04:00Z,2,5,
a5c2c1e0-6436-4a2c-a2a9-62ce1819ce5a,"Hot-Rolled Sheet, 15 t - Taban-Dena Eskelet Felezi",Taban-Dena Eskelet Felezi,Purchasing Manager,100000001,Khuzestan,10,6c93a791-8b60-4511-b816-8aebac6a7c85,66b7c655-47d3-4624-8559-993ecd6af85b,100000002,15.0,,366eb16f-508e-4ad7-b7c9-3acfe059a0ee,2025-07-05T09:47:00Z,2025-07-10T07:54:00Z,2,6,
8edf8ab9-a2ee-4f7c-9ed2-2a09be54356b,"Hot-Rolled Sheet, 75 t - Rahyab Tube Mills Co.",Rahyab Tube Mills Co.,Purchasing Manager,100000002,Alborz,10,6c93a791-8b60-4511-b816-8aebac6a7c85,e1380195-89b5-4d1c-accb-397c5884d1f0,100000002,65.0,0299b709-2a27-496c-b4f1-c64dc8da7e18,0e51f30d-c6a7-4e39-84b0-32ccd7c524a5,2025-06-23T13:27:00Z,2025-06-28T12:54:00Z,1,3,969b62c2-e903-4f51-94d5-0e9d8ae392cd
c08859dd-6068-42a1-bce6-1fa148c83c03,"Cold-Rolled Sheet, 45 t - Vista Appliance Components Ltd.",Vista Appliance Components Ltd.,Procurement Lead,100000003,Tehran,10,6c93a791-8b60-4511-b816-8aebac6a7c85,3a3c4a0d-56e0-4335-ac72-c205c8725879,100000003,40.0,,0e51f30d-c6a7-4e39-84b0-32ccd7c524a5,2025-07-02T11:42:00Z,2025-07-12T09:24:00Z,2,6,
5e428bd6-9499-4ecc-9d03-0f8b4bed8691,"Galvanized Sheet, 1070 t - Helia Profile Works Group",Helia Profile Works Group,Supply Chain Manager,100000002,Alborz,10,6c93a791-8b60-4511-b816-8aebac6a7c85,dd16c057-107e-4167-b7c7-2bec564d3811,100000004,560.0,04ba16cc-e5d1-4a78-9e01-9bfea0cd173d,5304317f-af42-412f-b838-b3268e944239,2025-06-25T08:48:00Z,2025-06-28T12:06:00Z,1,3,1651b50b-2448-4b05-a09b-7e46f7cbc0b4
aa3e5d92-6e3c-45e2-b5b3-34dd439d2203,"Hot-Rolled Sheet, 70 t - Tina-Ofogh Eskelet Felezi",Tina-Ofogh Eskelet Felezi,Procurement Lead,100000001,Hormozgan,10,6c93a791-8b60-4511-b816-8aebac6a7c85,1dce352c-8582-4e81-a51d-3d220e8301f5,100000002,95.0,0343dad2-6d8a-44b2-88cb-4fb10f2aea08,e27a984d-6548-41d0-bfcd-9eb1a7cad415,2025-06-19T12:57:00Z,2025-06-21T12:43:00Z,1,3,a7cca24e-d0a5-42e9-9836-d8441b29b8b3
636c121f-18a1-45bb-8815-a485add0ce0c,"Rebar, 10 t - Fardis-Sahand Omran",Fardis-Sahand Omran,Purchasing Manager,100000000,Khorasan Razavi,10,6c93a791-8b60-4511-b816-8aebac6a7c85,44123fb1-5eb6-43ea-bde5-b79111bb468d,100000000,10.0,,24933b83-7577-40a9-a491-f0b2ea1fca65,2025-07-05T08:41:00Z,2025-07-12T07:54:00Z,2,6,
301c1059-7213-45e1-9d15-a56c8dbfe865,"Pipes & Profiles, 10 t - Helia-Chakad Steel Structures",Helia-Chakad Steel Structures,Managing Director,100000001,Khuzestan,10,6c93a791-8b60-4511-b816-8aebac6a7c85,2a2b4d1a-8df1-444f-84a6-446f8ca32bf9,100000005,15.0,,366eb16f-508e-4ad7-b7c9-3acfe059a0ee,2025-06-28T07:02:00Z,2025-07-03T09:10:00Z,2,6,
e1fe5291-77f0-4488-9b2e-c13d27bdfccd,"Rebar, 215 t - Nima Dam & Water Works Ltd.",Nima Dam & Water Works Ltd.,Supply Chain Manager,100000005,Tehran,10,6c93a791-8b60-4511-b816-8aebac6a7c85,9095c613-9491-4287-92d6-f65ef706e859,100000000,245.0,6e92f1de-83bf-4b10-abae-8604e257417f,ce177b4e-0837-48a3-9261-a7ab3aa2e4f9,2025-06-16T10:40:00Z,2025-06-19T09:39:00Z,1,3,266f4350-2f13-4bdb-aa1d-e8352d64a451
ffe9156a-c578-4b38-9acf-936dcf2fb030,"Beams & Sections, 310 t - Parsian Dam & Water Works Group",Parsian Dam & Water Works Group,Procurement Lead,100000005,Khuzestan,10,6c93a791-8b60-4511-b816-8aebac6a7c85,348537ff-db33-4edf-87b3-8b772f887c66,100000001,270.0,,366eb16f-508e-4ad7-b7c9-3acfe059a0ee,2025-06-28T09:19:00Z,2025-07-07T09:16:00Z,2,4,
3ee517c5-4e20-46d8-a4bd-7d3a8d63d40e,"Beams & Sections, 290 t - Tarava-Navid Builders",Tarava-Navid Builders,Site Engineer,100000000,Khuzestan,10,6c93a791-8b60-4511-b816-8aebac6a7c85,350efdc2-7887-41ed-af19-d58ecc694779,100000001,240.0,,366eb16f-508e-4ad7-b7c9-3acfe059a0ee,2025-06-28T04:58:00Z,2025-07-01T12:41:00Z,2,6,
52368a15-c3c9-4e74-a7ce-d3e868b8dacd,"Hot-Rolled Sheet, 185 t - Hamoon Foolad Trading Group",Hamoon Foolad Trading Group,Procurement Lead,100000004,Alborz,10,6c93a791-8b60-4511-b816-8aebac6a7c85,5393325a-0a50-4374-bd00-bfe2aab1da7e,100000002,180.0,,0e51f30d-c6a7-4e39-84b0-32ccd7c524a5,2025-06-21T12:14:00Z,2025-06-24T06:44:00Z,2,4,
ca88682c-e2c5-4f3e-bb42-019d89e6c7e5,"Beams & Sections, 20 t - Taban-Behsaz Eskelet Felezi",Taban-Behsaz Eskelet Felezi,Managing Director,100000001,East Azerbaijan,10,6c93a791-8b60-4511-b816-8aebac6a7c85,761559ac-415d-4cd0-b479-178b71fade8a,100000001,20.0,,beb79919-3f22-4af8-a3be-d01d43cf2fde,2025-06-30T05:34:00Z,2025-07-02T11:37:00Z,2,4,
339d2c1f-d5a1-45ee-af16-0feacef0a5e8,"Wire Rod, 15 t - Zarrin Agri-Steel Group",Zarrin Agri-Steel Group,Purchasing Manager,100000006,Tehran,10,6c93a791-8b60-4511-b816-8aebac6a7c85,c39c1e32-37b0-4c5e-b51f-79298b8c2dc0,100000006,15.0,,b02b61c4-a3d7-4628-ace6-6fa2fd5166e6,2025-06-22T10:19:00Z,2025-06-23T07:05:00Z,2,4,
5d73805a-2f76-448f-9463-4072a8bedb45,"Beams & Sections, 270 t - Aban Ahan Bazar Ltd.",Aban Ahan Bazar Ltd.,Procurement Lead,100000004,Khuzestan,10,6c93a791-8b60-4511-b816-8aebac6a7c85,35218604-e5e8-4df4-9869-348e5d2099de,100000001,190.0,3d0fc4c0-a6d3-4bf9-8d25-79be687885e4,366eb16f-508e-4ad7-b7c9-3acfe059a0ee,2025-07-02T10:47:00Z,2025-07-03T06:22:00Z,1,3,c84044b3-3759-4cb4-8046-745aae9080db
1314e0eb-897a-46e6-bb13-e1366added37,"Galvanized Sheet, 95 t - Fardis Press Works Co.",Fardis Press Works Co.,Site Engineer,100000003,Khuzestan,10,6c93a791-8b60-4511-b816-8aebac6a7c85,168c2901-9670-4577-bf88-cdeb07c090cf,100000004,60.0,,366eb16f-508e-4ad7-b7c9-3acfe059a0ee,2025-06-26T07:56:00Z,2025-06-28T08:52:00Z,2,5,
8a4081c0-a5eb-4665-9a0b-750938ad42ae,"Beams & Sections, 30 t - Arya-Nasim Omran",Arya-Nasim Omran,Purchasing Manager,100000000,Tehran,10,6c93a791-8b60-4511-b816-8aebac6a7c85,a23a624e-9c0d-4f90-b1b9-07053e4bfb1f,100000001,50.0,,5304317f-af42-412f-b838-b3268e944239,2025-06-18T12:56:00Z,2025-06-21T12:40:00Z,2,7,
adde3e12-1084-4e0a-8784-0aba8d734c8b,"Wire Rod, 505 t - Espadana Ahan Bazar Group",Espadana Ahan Bazar Group,Project Manager,100000004,Khorasan Razavi,10,6c93a791-8b60-4511-b816-8aebac6a7c85,7f906ced-6388-44df-b1ec-d227d14e1ee3,100000006,615.0,682f4a0a-b5cf-4e9d-946d-e3a8a173ba1a,24933b83-7577-40a9-a491-f0b2ea1fca65,2025-07-01T11:30:00Z,2025-07-03T13:29:00Z,2,4,
72dc4a8f-d0f7-4209-b6cd-15312f91dda0,"Beams & Sections, 165 t - Hoda Ahan Bazar Group",Hoda Ahan Bazar Group,Managing Director,100000004,Tehran,10,6c93a791-8b60-4511-b816-8aebac6a7c85,6716fb3f-5468-438d-80f8-70af4ebcf284,100000001,190.0,758d9a65-73bc-47d7-8c3a-275a21435a7f,5304317f-af42-412f-b838-b3268e944239,2025-07-02T05:10:00Z,2025-07-08T07:25:00Z,1,3,eafa0f6e-fdc0-449d-b921-643e27ff70a8
38245275-a4f8-43ca-8042-0c588c7cdc6f,"Hot-Rolled Sheet, 190 t - Tous Profile Works Co.",Tous Profile Works Co.,Site Engineer,100000002,East Azerbaijan,10,6c93a791-8b60-4511-b816-8aebac6a7c85,97fa552a-69b2-4fd8-b2b2-9e6c130f5a12,100000002,145.0,aceab138-3e62-4898-b557-6846ee7616d1,beb79919-3f22-4af8-a3be-d01d43cf2fde,2025-06-30T13:28:00Z,2025-07-02T06:53:00Z,1,3,39094dc6-bc10-4e62-8eec-c2cbb8355ffe
9c009b37-b020-43f7-a35a-445d90177e48,"Beams & Sections, 60 t - Darya-Arya Steel Structures",Darya-Arya Steel Structures,Site Engineer,100000001,Khorasan Razavi,10,6c93a791-8b60-4511-b816-8aebac6a7c85,5cb896ae-864a-4915-a3a2-579a7ef7b53b,100000001,65.0,cdfe958f-edc7-47c0-ae5f-3f22f913d869,24933b83-7577-40a9-a491-f0b2ea1fca65,2025-06-22T12:04:00Z,2025-06-29T10:40:00Z,1,3,806f20d0-3e6b-45de-9702-929dc3608cc6
2a8bdccb-e76a-469a-90c9-4278e04d16d4,"Rebar, 25 t - Iman-Persis Builders",Iman-Persis Builders,Procurement Lead,100000000,Isfahan,10,6c93a791-8b60-4511-b816-8aebac6a7c85,8a9463af-4fe2-409d-8aa8-bb0e70977ee9,100000000,20.0,,10f1bc81-448a-4a9e-a6b2-bc5b50c187fc,2025-06-21T06:16:00Z,2025-06-25T05:44:00Z,2,5,
1ec06878-dbcc-4f66-91ab-6581519e75ab,"Beams & Sections, 55 t - Mehr-Sadaf Sazeh",Mehr-Sadaf Sazeh,Site Engineer,100000000,East Azerbaijan,10,6c93a791-8b60-4511-b816-8aebac6a7c85,60152641-bb2c-472d-8333-b0fe02759ce1,100000001,70.0,,beb79919-3f22-4af8-a3be-d01d43cf2fde,2025-06-21T09:47:00Z,2025-06-28T11:29:00Z,2,5,
aa930a20-e816-4dee-af7c-02d902c0de74,"Galvanized Sheet, 65 t - Kavir Sabz Appliance Components Group",Kavir Sabz Appliance Components Group,Project Manager,100000003,Isfahan,10,6c93a791-8b60-4511-b816-8aebac6a7c85,f8f89c57-123c-4770-8e24-79e726019167,100000004,45.0,64f078cf-5743-4e86-88c2-666800d0aced,10f1bc81-448a-4a9e-a6b2-bc5b50c187fc,2025-06-30T10:09:00Z,2025-07-03T05:03:00Z,1,3,b72a92df-c583-471c-8756-0efe892362cb
1da4ec6e-48aa-40c5-968e-40e9f4e3ab6e,"Hot-Rolled Sheet, 115 t - Elham Tube Mills Group",Elham Tube Mills Group,Procurement Lead,100000002,Tehran,10,6c93a791-8b60-4511-b816-8aebac6a7c85,c35b83fb-a024-4eee-b792-338f85fba303,100000002,100.0,6e7cb018-bf11-4b44-8757-b010c7602e01,5304317f-af42-412f-b838-b3268e944239,2025-06-26T09:42:00Z,2025-06-29T12:18:00Z,1,3,700a051c-bc0e-4d13-9c0b-2aa657884e3d
66772d17-96a0-4fff-af6b-89b6f3dd98b5,"Rebar, 60 t - Persis-Nasim Sakhteman",Persis-Nasim Sakhteman,Purchasing Manager,100000000,Hormozgan,10,6c93a791-8b60-4511-b816-8aebac6a7c85,96bcf622-b455-4258-9ba5-ed5e4f6f88cd,100000000,60.0,,e27a984d-6548-41d0-bfcd-9eb1a7cad415,2025-06-29T05:43:00Z,2025-07-05T06:19:00Z,2,6,
391a43e1-fb2b-4c7a-ab45-f2ee316606dd,"Rebar, 170 t - Laleh-Ilia Sakhteman",Laleh-Ilia Sakhteman,Supply Chain Manager,100000000,Tehran,10,6c93a791-8b60-4511-b816-8aebac6a7c85,0507d9a7-a3b1-480b-8a04-2b3b1ba48d8c,100000000,165.0,,b02b61c4-a3d7-4628-ace6-6fa2fd5166e6,2025-06-19T06:25:00Z,2025-06-24T10:27:00Z,2,5,
afbef2c6-11f5-425a-b083-54a5f199d305,"Rebar, 165 t - Aban Foolad Trading Ltd.",Aban Foolad Trading Ltd.,Site Engineer,100000004,Tehran,10,6c93a791-8b60-4511-b816-8aebac6a7c85,3727a3a7-4b57-4744-8a8d-60d8b016b20b,100000000,125.0,,ce177b4e-0837-48a3-9261-a7ab3aa2e4f9,2025-06-28T08:48:00Z,2025-07-02T12:58:00Z,2,4,
3fe1f0b0-f043-41f1-a191-14437c30660f,"Pipes & Profiles, 35 t - Omid Greenhouse Structures Industries",Omid Greenhouse Structures Industries,Purchasing Manager,100000006,East Azerbaijan,1,3acb43a3-d2c7-4ffb-a118-433b882ccd1e,8e989023-c17a-4b6a-9a43-f6d4da19152c,100000005,30.0,,beb79919-3f22-4af8-a3be-d01d43cf2fde,2026-03-09T12:49:00Z,2026-03-12T06:03:00Z,2,5,
f70492bf-1bf1-4b0a-9ecb-4f3fae56b5c0,"Beams & Sections, 25 t - Nasim Eskelet Felezi Co.",Nasim Eskelet Felezi Co.,Supply Chain Manager,100000001,Isfahan,1,3acb43a3-d2c7-4ffb-a118-433b882ccd1e,a5b8ca07-12de-43a4-b2a2-73e9712adf9c,100000001,20.0,909e21ba-8a38-45aa-91be-ba8e0a8aeb94,9132b63e-f162-47e4-a9c3-49e03602f8ac,2026-02-26T05:14:00Z,2026-02-28T05:26:00Z,2,5,
a4cd7f5c-b175-404d-a80b-a672947b93eb,"Galvanized Sheet, 330 t - Mahan Pipe Works Industries",Mahan Pipe Works Industries,Supply Chain Manager,100000002,Alborz,1,3acb43a3-d2c7-4ffb-a118-433b882ccd1e,cdf67ed8-5c7c-43e2-9b30-4fef7c928924,100000004,270.0,,b02b61c4-a3d7-4628-ace6-6fa2fd5166e6,2026-03-02T05:29:00Z,2026-03-08T10:57:00Z,2,4,
c78af2f9-5414-4f8f-9048-993878be3b6d,"Rebar, 40 t - Saba-Helia Sakhteman",Saba-Helia Sakhteman,Purchasing Manager,100000000,Khuzestan,1,3acb43a3-d2c7-4ffb-a118-433b882ccd1e,6bf2f7eb-96df-4c16-945e-619077c93f9e,100000000,40.0,29c9e638-ec2e-4df1-861f-1cabab862ae9,366eb16f-508e-4ad7-b7c9-3acfe059a0ee,2026-03-03T05:23:00Z,2026-03-08T07:25:00Z,1,3,efcf9fdf-05a5-43d7-8e7f-52bfb4c6d134
9a3efdc4-640e-4e17-9547-9900fd7b9ccf,"Rebar, 35 t - Farazan-Iman Builders",Farazan-Iman Builders,Project Manager,100000000,Tehran,1,3acb43a3-d2c7-4ffb-a118-433b882ccd1e,9ab5b30a-8196-4c19-9757-81696d2ac0fc,100000000,50.0,,0e51f30d-c6a7-4e39-84b0-32ccd7c524a5,2026-03-03T09:05:00Z,2026-03-04T10:13:00Z,2,5,
9586a185-52d4-4f9e-bd46-05e3b154e299,"Cold-Rolled Sheet, 150 t - Borna Appliance Components Group",Borna Appliance Components Group,Project Manager,100000003,Alborz,1,3acb43a3-d2c7-4ffb-a118-433b882ccd1e,8a0b0874-1f48-4077-8c09-5fd3f4411023,100000003,160.0,4a80f2ef-ca3a-4674-880d-394dafdf25aa,0e51f30d-c6a7-4e39-84b0-32ccd7c524a5,2026-02-25T06:34:00Z,2026-03-03T06:27:00Z,1,3,2a06fff3-9593-4694-8c14-dfd83cef5205
57f57ef5-45cf-4c6e-8cd7-16025cbfc498,"Cold-Rolled Sheet, 25 t - Chakad Auto Parts Mfg.",Chakad Auto Parts Mfg.,Managing Director,100000003,Tehran,1,3acb43a3-d2c7-4ffb-a118-433b882ccd1e,2340c857-73e6-43a8-8da4-d12b754235ae,100000003,20.0,8c57a277-01d9-49b4-8bf8-f29e3b30ee97,0e51f30d-c6a7-4e39-84b0-32ccd7c524a5,2026-02-17T10:51:00Z,2026-02-25T09:53:00Z,2,4,
f0ccff7a-8f10-4fc8-bb48-f2952b1855aa,"Beams & Sections, 125 t - Iranmehr-Raman Contracting",Iranmehr-Raman Contracting,Project Manager,100000000,Khorasan Razavi,1,3acb43a3-d2c7-4ffb-a118-433b882ccd1e,8bcfb847-72e6-48fa-bd3e-6bfb01ddd4db,100000001,170.0,992c28a2-f31b-4715-85f0-119069f5af52,24933b83-7577-40a9-a491-f0b2ea1fca65,2026-02-14T06:21:00Z,2026-02-15T08:45:00Z,1,3,8526c172-9f32-4bd5-a6ec-0a5fa9857c35
a6f4e342-8f50-4399-84c3-2c00e7706bb6,"Hot-Rolled Sheet, 55 t - Diba-Alvand Fabrication Works",Diba-Alvand Fabrication Works,Procurement Lead,100000001,Fars,1,3acb43a3-d2c7-4ffb-a118-433b882ccd1e,ad0c0331-1d7a-4162-b071-dbec9bfbd264,100000002,55.0,,e27a984d-6548-41d0-bfcd-9eb1a7cad415,2026-03-02T13:05:00Z,2026-03-05T06:33:00Z,2,5,
0786f404-5bb4-4dde-b83d-baadb8365905,"Beams & Sections, 20 t - Helia-Hirad Steel Structures",Helia-Hirad Steel Structures,Procurement Lead,100000001,Isfahan,1,3acb43a3-d2c7-4ffb-a118-433b882ccd1e,e40166ff-001b-40f8-b584-5ce37af583c7,100000001,25.0,d689b63b-372a-458a-9fc4-0512ac1eee4f,9132b63e-f162-47e4-a9c3-49e03602f8ac,2026-02-16T12:49:00Z,2026-02-18T07:49:00Z,1,3,2e6566d3-ee03-4f50-8bc5-4421b167d8b7
c358d1fb-178c-406b-bead-0a47d0814483,"Rebar, 100 t - Ofogh-Ofogh Sakhteman",Ofogh-Ofogh Sakhteman,Procurement Lead,100000000,Tehran,1,3acb43a3-d2c7-4ffb-a118-433b882ccd1e,64f84aa7-cf56-444d-ad2f-571ec5f04831,100000000,105.0,2e696c3f-673b-4c2e-84ce-5aff112a19fb,0e51f30d-c6a7-4e39-84b0-32ccd7c524a5,2026-02-25T05:37:00Z,2026-02-26T06:21:00Z,1,3,3b6ceb07-fb56-41bd-9cd5-5f02b2a9e6ee
870b8a83-d9d1-4b0d-83e6-729bbc1d405c,"Rebar, 940 t - Sepehr Dam & Water Works Industries",Sepehr Dam & Water Works Industries,Purchasing Manager,100000005,Tehran,1,3acb43a3-d2c7-4ffb-a118-433b882ccd1e,708c5348-bb2a-44b4-a808-e849680556ed,100000000,1005.0,,ce177b4e-0837-48a3-9261-a7ab3aa2e4f9,2026-03-05T09:47:00Z,2026-03-10T12:40:00Z,2,4,
be855ef9-2475-473f-b2a8-76d6f03e77ba,"Rebar, 65 t - Sepehr Abadgaran Co.",Sepehr Abadgaran Co.,Site Engineer,100000000,Isfahan,1,3acb43a3-d2c7-4ffb-a118-433b882ccd1e,02a6578f-3de5-4522-9e8f-b13a88bd6b36,100000000,70.0,399557cb-827e-40b2-a892-0b25ab35f75a,10f1bc81-448a-4a9e-a6b2-bc5b50c187fc,2026-02-23T09:46:00Z,2026-02-26T07:45:00Z,2,4,
912855ef-46dc-44fd-9336-f98bcf252200,"Beams & Sections, 75 t - Kimia-Farazan Steel Structures",Kimia-Farazan Steel Structures,Purchasing Manager,100000001,Isfahan,1,3acb43a3-d2c7-4ffb-a118-433b882ccd1e,5dc3b341-6581-4a76-a703-b07540bbbcf3,100000001,60.0,,10f1bc81-448a-4a9e-a6b2-bc5b50c187fc,2026-02-14T12:57:00Z,2026-02-17T08:28:00Z,2,6,
f73f3547-41b7-43c8-912f-27f83f9a0796,"Cold-Rolled Sheet, 55 t - Javid Press Works Industries",Javid Press Works Industries,Supply Chain Manager,100000003,Tehran,1,3acb43a3-d2c7-4ffb-a118-433b882ccd1e,cd884a36-f499-4604-b6ba-797444dec505,100000003,40.0,080a1cf5-a6f3-4448-8a76-c888e7b1a394,5304317f-af42-412f-b838-b3268e944239,2026-02-21T12:09:00Z,2026-02-23T12:30:00Z,1,3,8bb4c5bf-2720-4e9f-97e7-9024e4e526fd
81f741e9-eafa-43ce-8131-8d03e5905247,"Beams & Sections, 80 t - Pishgam-Diba Sakhteman",Pishgam-Diba Sakhteman,Purchasing Manager,100000000,Khuzestan,1,3acb43a3-d2c7-4ffb-a118-433b882ccd1e,3fe1606a-9da1-440e-87f2-0e72dd3184e2,100000001,80.0,,366eb16f-508e-4ad7-b7c9-3acfe059a0ee,2026-02-23T06:52:00Z,2026-02-28T05:20:00Z,2,7,
16e7c57b-302a-4fdf-b7ee-3353e065e121,"Pipes & Profiles, 105 t - Orang-Iranmehr Construction",Orang-Iranmehr Construction,Purchasing Manager,100000000,Tehran,1,3acb43a3-d2c7-4ffb-a118-433b882ccd1e,2b5e4c83-99e2-4008-9462-b49fed693a5a,100000005,90.0,,5304317f-af42-412f-b838-b3268e944239,2026-02-21T05:43:00Z,2026-02-28T10:50:00Z,2,4,
4452f7c3-b083-4b34-8397-6c2b53b9d28c,"Beams & Sections, 35 t - Kaspian-Javid Fabrication Works",Kaspian-Javid Fabrication Works,Procurement Lead,100000001,Isfahan,1,3acb43a3-d2c7-4ffb-a118-433b882ccd1e,74c7b0cf-a323-40bc-9031-da6aed87b5ea,100000001,30.0,,10f1bc81-448a-4a9e-a6b2-bc5b50c187fc,2026-02-10T12:54:00Z,2026-02-14T10:20:00Z,2,6,
d7884b90-f471-416d-ba6d-47aeeacc91a8,"Beams & Sections, 65 t - Mahan-Mahan Eskelet Felezi",Mahan-Mahan Eskelet Felezi,Purchasing Manager,100000001,Tehran,1,3acb43a3-d2c7-4ffb-a118-433b882ccd1e,d06d9b2d-72f5-4e37-baf9-d8e12caf9445,100000001,90.0,,5304317f-af42-412f-b838-b3268e944239,2026-02-16T09:57:00Z,2026-02-19T12:01:00Z,2,4,
4806069b-6a17-4cce-bb3a-41990d94a569,"Pipes & Profiles, 55 t - Shahab-Omid Fabrication Works",Shahab-Omid Fabrication Works,Procurement Lead,100000001,Tehran,1,3acb43a3-d2c7-4ffb-a118-433b882ccd1e,5d2f0e3d-c575-400a-b704-42ebe9f789f5,100000005,65.0,,5304317f-af42-412f-b838-b3268e944239,2026-02-23T08:09:00Z,2026-02-26T05:34:00Z,2,4,
4171162d-3642-4178-a3fb-50e3d38deb4e,"Beams & Sections, 60 t - Nima-Arya Sakhteman",Nima-Arya Sakhteman,Project Manager,100000000,Mazandaran,1,3acb43a3-d2c7-4ffb-a118-433b882ccd1e,5e5cb168-686e-4bab-a370-d7aa2e3bb239,100000001,70.0,ccda775c-a8ba-4f8f-9176-026420a22a93,0e51f30d-c6a7-4e39-84b0-32ccd7c524a5,2026-02-26T11:46:00Z,2026-02-28T11:43:00Z,1,3,e1e378f1-bfc2-480a-bcfc-bb464d0a68cc
2c6c1056-ace8-49a4-b478-5677694ee99f,"Hot-Rolled Sheet, 90 t - Ava Appliance Components Ltd.",Ava Appliance Components Ltd.,Procurement Lead,100000003,Fars,1,3acb43a3-d2c7-4ffb-a118-433b882ccd1e,fa941cbb-bcc8-4a5c-87cb-58598aa91ea1,100000002,90.0,9a1c34dc-df68-438c-937d-00260d42be4b,e27a984d-6548-41d0-bfcd-9eb1a7cad415,2026-02-18T05:03:00Z,2026-02-23T09:44:00Z,1,3,0c43a97a-6b98-49f2-8775-76d2e7232cf4
d188d48f-f6c8-41b5-b70f-9bf6a12cd3bb,"Galvanized Sheet, 60 t - Diba Appliance Components Ltd.",Diba Appliance Components Ltd.,Supply Chain Manager,100000003,East Azerbaijan,1,3acb43a3-d2c7-4ffb-a118-433b882ccd1e,57c51e39-2e1f-4a6b-9357-56e6431c32f2,100000004,40.0,6c3eff5d-dd0e-432f-ab19-1261886f5d21,beb79919-3f22-4af8-a3be-d01d43cf2fde,2026-03-08T07:57:00Z,2026-03-14T08:33:00Z,1,3,ba7c7b07-b772-4646-ab9e-b725f745ddc2
7461fd48-b62b-440d-b805-87ae48a23b50,"Cold-Rolled Sheet, 45 t - Zagros Appliance Components Industries",Zagros Appliance Components Industries,Procurement Lead,100000003,Isfahan,1,3acb43a3-d2c7-4ffb-a118-433b882ccd1e,81bc9354-ffc6-482e-b514-fecfc83c59b0,100000003,50.0,,10f1bc81-448a-4a9e-a6b2-bc5b50c187fc,2026-03-08T10:06:00Z,2026-03-14T12:25:00Z,2,6,
c4d2db6b-50b5-46a5-af0b-9584abef499b,"Beams & Sections, 65 t - Arvand-Tina Omran",Arvand-Tina Omran,Project Manager,100000000,Khuzestan,1,3acb43a3-d2c7-4ffb-a118-433b882ccd1e,58843789-c21a-41b8-8d42-281142abf5dd,100000001,60.0,,366eb16f-508e-4ad7-b7c9-3acfe059a0ee,2026-02-23T08:27:00Z,2026-02-25T11:35:00Z,2,6,
27d11a76-708b-488f-a3a1-1c5437f13e48,"Rebar, 165 t - Kavir Sabz Foolad Trading Industries",Kavir Sabz Foolad Trading Industries,Purchasing Manager,100000004,Isfahan,1,3acb43a3-d2c7-4ffb-a118-433b882ccd1e,744f2e91-9784-436e-8573-e85459498712,100000000,190.0,,10f1bc81-448a-4a9e-a6b2-bc5b50c187fc,2026-02-28T10:46:00Z,2026-03-04T07:03:00Z,2,5,
d57c24c9-e45c-43d9-857e-bfdb4011149c,"Beams & Sections, 100 t - Gohar-Karun Fabrication Works",Gohar-Karun Fabrication Works,Project Manager,100000001,Isfahan,1,3acb43a3-d2c7-4ffb-a118-433b882ccd1e,c856a3cd-988f-4739-8389-dfbdf7469168,100000001,110.0,fd650ec7-959e-49db-8fa9-958c04514370,9132b63e-f162-47e4-a9c3-49e03602f8ac,2026-02-14T09:48:00Z,2026-02-18T10:17:00Z,1,3,3085f04c-76ef-4f8f-8fad-a54e1b29dfa3
da1ad9f5-e169-4c3e-83dd-19b13e3114aa,"Hot-Rolled Sheet, 35 t - Espadana Press Works Industries",Espadana Press Works Industries,Procurement Lead,100000003,Isfahan,1,3acb43a3-d2c7-4ffb-a118-433b882ccd1e,7f1b47ba-8f69-436e-b8e0-5b64f4b1c724,100000002,35.0,,10f1bc81-448a-4a9e-a6b2-bc5b50c187fc,2026-02-18T09:11:00Z,2026-02-21T12:56:00Z,2,5,
b4f4bf33-5e20-4b19-b580-d71ac4db606e,"Pipes & Profiles, 75 t - Borna-Kaspian Eskelet Felezi",Borna-Kaspian Eskelet Felezi,Managing Director,100000001,Tehran,1,3acb43a3-d2c7-4ffb-a118-433b882ccd1e,5d431afb-ae6d-42e1-94b0-f0a2e4c36320,100000005,70.0,25cd97b1-d1a7-479c-a1f0-5ecdfe211b85,0e51f30d-c6a7-4e39-84b0-32ccd7c524a5,2026-02-28T09:52:00Z,2026-03-03T05:00:00Z,1,3,df76ce08-e6ef-4c6b-84e7-e9fcb59dda7a
c5db7545-9498-45b3-9a34-6b513e31d784,"Hot-Rolled Sheet, 25 t - Varna-Kian Construction",Varna-Kian Construction,Site Engineer,100000000,Isfahan,1,3acb43a3-d2c7-4ffb-a118-433b882ccd1e,9823f08e-3abc-4a7f-8f6d-8639fbf4e9d0,100000002,25.0,8c0499ff-71e6-4566-8309-35fa5a7e4e9d,10f1bc81-448a-4a9e-a6b2-bc5b50c187fc,2026-03-02T07:51:00Z,2026-03-07T11:57:00Z,1,3,7885a8e2-64da-4116-84c6-e399145a7cf1
d8b3087e-adc9-4f21-83df-4884daf9ab6f,"Hot-Rolled Sheet, 45 t - Vista Sazeh Industries",Vista Sazeh Industries,Supply Chain Manager,100000000,Isfahan,1,3acb43a3-d2c7-4ffb-a118-433b882ccd1e,f0b390e1-8783-4002-a174-cf4ac903ae55,100000002,45.0,59cb1e01-8a40-45cd-9597-b5085bed5760,9132b63e-f162-47e4-a9c3-49e03602f8ac,2026-02-08T11:05:00Z,2026-02-12T08:42:00Z,2,5,
677a740e-4adb-4881-85cb-135aae2f9cbf,"Pipes & Profiles, 35 t - Alvand-Sepehr Omran",Alvand-Sepehr Omran,Procurement Lead,100000000,Alborz,1,3acb43a3-d2c7-4ffb-a118-433b882ccd1e,c451f5de-db71-4c89-96a8-cdb5a4b86b20,100000005,40.0,51c30102-ab58-4f1a-a849-141c6b67f432,b02b61c4-a3d7-4628-ace6-6fa2fd5166e6,2026-02-12T07:09:00Z,2026-02-22T07:48:00Z,1,3,4adc578e-63fa-4d21-9d49-b708e96821b4
358e0e74-e55d-40ac-80e8-467877befdde,"Rebar, 30 t - Karun-Mehr Abadgaran",Karun-Mehr Abadgaran,Project Manager,100000000,East Azerbaijan,1,3acb43a3-d2c7-4ffb-a118-433b882ccd1e,a3ecae3d-608f-44e7-bf16-7e1eadcd5acb,100000000,25.0,,beb79919-3f22-4af8-a3be-d01d43cf2fde,2026-02-15T08:04:00Z,2026-02-19T10:46:00Z,2,7,
dee53128-8d5a-491b-946b-851fcb6f70ec,"Beams & Sections, 160 t - Orang-Rayan Fabrication Works",Orang-Rayan Fabrication Works,Site Engineer,100000001,Khuzestan,1,3acb43a3-d2c7-4ffb-a118-433b882ccd1e,0daf3372-5405-40ca-9291-a86873b6311f,100000001,165.0,,366eb16f-508e-4ad7-b7c9-3acfe059a0ee,2026-02-18T10:58:00Z,2026-02-22T12:01:00Z,2,7,
661e551e-a1fe-4bfa-8557-b73f94bd54a7,"Rebar, 260 t - Fardis Metal Center Industries",Fardis Metal Center Industries,Managing Director,100000004,Isfahan,1,3acb43a3-d2c7-4ffb-a118-433b882ccd1e,3549c906-499b-4946-bb1a-71f776743777,100000000,225.0,00fa0eb4-5c5f-48d4-8df4-07b82751ab86,10f1bc81-448a-4a9e-a6b2-bc5b50c187fc,2026-02-26T11:35:00Z,2026-03-02T07:40:00Z,1,3,1aee6084-fb61-4247-b1ce-0f3ee40a7a9f
ac33479f-bfbe-4683-9fc7-d097a718c8be,"Beams & Sections, 45 t - Bamdad-Raman Fabrication Works",Bamdad-Raman Fabrication Works,Procurement Lead,100000001,Isfahan,1,3acb43a3-d2c7-4ffb-a118-433b882ccd1e,8a9a7b3c-e8af-4ac5-94a9-2f587bd96b76,100000001,50.0,,10f1bc81-448a-4a9e-a6b2-bc5b50c187fc,2026-02-16T07:02:00Z,2026-02-18T04:48:00Z,2,6,
2e07950c-e8e7-4d1e-bd01-0c6e65c6bddc,"Cold-Rolled Sheet, 35 t - Laleh-Kavir Sabz Appliance Components",Laleh-Kavir Sabz Appliance Components,Supply Chain Manager,100000003,Tehran,1,3acb43a3-d2c7-4ffb-a118-433b882ccd1e,c1df6079-3223-45fb-81dd-c3fd0ed4247c,100000003,40.0,,5304317f-af42-412f-b838-b3268e944239,2026-02-21T05:37:00Z,2026-02-24T06:01:00Z,2,7,
06626dc4-b50e-4fba-b375-25dffd180366,"Rebar, 175 t - Rayan Builders Ltd.",Rayan Builders Ltd.,Supply Chain Manager,100000000,Tehran,1,3acb43a3-d2c7-4ffb-a118-433b882ccd1e,229b0869-5dde-45de-ab98-c85a57767816,100000000,200.0,095ffa81-40d9-4bce-b930-ba208b040f49,5304317f-af42-412f-b838-b3268e944239,2026-02-12T05:32:00Z,2026-02-17T07:35:00Z,1,3,395e5bfa-c554-423e-a7c7-53e121a2fe53
865f4904-dda4-4b2f-a2b2-b1a1147e6960,"Hot-Rolled Sheet, 50 t - Golestan-Iranmehr Eskelet Felezi",Golestan-Iranmehr Eskelet Felezi,Supply Chain Manager,100000001,Isfahan,1,3acb43a3-d2c7-4ffb-a118-433b882ccd1e,62e1b0ca-bc8b-450b-9342-9ed601528a02,100000002,45.0,,9132b63e-f162-47e4-a9c3-49e03602f8ac,2026-02-22T05:00:00Z,2026-02-24T09:02:00Z,2,6,
0c59bbbd-617a-4855-89c3-54971d9d49a6,"Cold-Rolled Sheet, 20 t - Nikan-Arya Press Works",Nikan-Arya Press Works,Supply Chain Manager,100000003,Tehran,1,3acb43a3-d2c7-4ffb-a118-433b882ccd1e,7964e3d6-47e0-44a4-bc49-3658408bd3a6,100000003,15.0,8742d40f-7400-4b31-a86b-4b6f7dcf4428,0e51f30d-c6a7-4e39-84b0-32ccd7c524a5,2026-02-14T11:35:00Z,2026-02-21T10:45:00Z,1,3,64b52752-4280-4638-8e75-7f67f60ff0e4
06012881-008c-4ea9-8843-578fd941a66c,"Rebar, 35 t - Nikan-Mehrgan Builders",Nikan-Mehrgan Builders,Supply Chain Manager,100000000,Isfahan,10,27b608dc-589d-4cb0-b5eb-89c23f5cf2f3,7687bc6a-c99b-496a-86aa-97612c91a344,100000000,45.0,,10f1bc81-448a-4a9e-a6b2-bc5b50c187fc,2026-02-21T09:54:00Z,2026-02-28T08:07:00Z,2,6,
890735eb-0354-4b94-a342-a681fd31bb33,"Beams & Sections, 50 t - Tous Eskelet Felezi Co.",Tous Eskelet Felezi Co.,Managing Director,100000001,Tehran,10,27b608dc-589d-4cb0-b5eb-89c23f5cf2f3,a323d905-d04e-4511-97c9-06e0f92eca3d,100000001,30.0,3dba6da8-5844-49fc-914b-9547c9dc72b8,b02b61c4-a3d7-4628-ace6-6fa2fd5166e6,2026-02-25T07:21:00Z,2026-02-28T09:54:00Z,1,3,f3202dac-657b-466e-ab72-c78f4e7f014a
a2c39075-3101-4662-95ef-572391bbca03,"Beams & Sections, 70 t - Nikan-Persis Steel Structures",Nikan-Persis Steel Structures,Procurement Lead,100000001,Fars,10,27b608dc-589d-4cb0-b5eb-89c23f5cf2f3,8c9c0a38-6d7f-4d5b-8f94-a5f1d7044f6b,100000001,50.0,a3dc3b5a-91d4-4d13-95a8-38fa953ba84b,e27a984d-6548-41d0-bfcd-9eb1a7cad415,2026-02-14T07:50:00Z,2026-02-19T09:32:00Z,1,3,8a352d9e-afaa-43e6-9a26-e8ccc4a3d61e
f75c07f1-a57f-410b-b665-49805a5a2445,"Galvanized Sheet, 285 t - Rahyab-Sabalan Auto Parts Mfg.",Rahyab-Sabalan Auto Parts Mfg.,Purchasing Manager,100000003,Mazandaran,10,27b608dc-589d-4cb0-b5eb-89c23f5cf2f3,9d72e9e5-e1c0-4ac5-8458-09b8b978ad32,100000004,300.0,,b02b61c4-a3d7-4628-ace6-6fa2fd5166e6,2026-02-17T05:24:00Z,2026-02-21T10:00:00Z,2,4,
b3b777ff-1346-4bc0-ab27-00cd974c7e29,"Pipes & Profiles, 60 t - Javid-Jahan Fabrication Works",Javid-Jahan Fabrication Works,Supply Chain Manager,100000001,Hormozgan,10,27b608dc-589d-4cb0-b5eb-89c23f5cf2f3,b7bd4aca-5637-4bd9-a6a4-7a527dc6676f,100000005,65.0,b4848204-fa06-4d04-9bcf-ecffa4771141,e27a984d-6548-41d0-bfcd-9eb1a7cad415,2026-02-10T09:21:00Z,2026-02-14T11:00:00Z,1,3,b528b000-18b7-4454-89ba-033406b1d42e
640e0c3a-23da-487e-b377-4342a3e96af2,"Galvanized Sheet, 25 t - Golestan Appliance Components Group",Golestan Appliance Components Group,Project Manager,100000003,Isfahan,10,27b608dc-589d-4cb0-b5eb-89c23f5cf2f3,9a4ae81a-2167-44e1-8d29-f24e7ff15538,100000004,30.0,45044404-fb7a-4a14-bc87-b2c32c779434,10f1bc81-448a-4a9e-a6b2-bc5b50c187fc,2026-02-25T07:06:00Z,2026-02-26T07:42:00Z,2,6,
5f1effd0-3f5e-4294-9ab4-32e8761cab86,"Beams & Sections, 630 t - Golestan Rail & Road Projects Ltd.",Golestan Rail & Road Projects Ltd.,Site Engineer,100000005,Isfahan,10,27b608dc-589d-4cb0-b5eb-89c23f5cf2f3,127870a4-5ee6-41d2-ba06-aa4611082c84,100000001,630.0,,10f1bc81-448a-4a9e-a6b2-bc5b50c187fc,2026-02-21T12:38:00Z,2026-02-25T10:48:00Z,2,5,
7ed2a698-0be4-4ac0-af8a-8a4e74c566c0,"Hot-Rolled Sheet, 150 t - Omid Profile Sazan Ltd.",Omid Profile Sazan Ltd.,Managing Director,100000002,Hormozgan,10,27b608dc-589d-4cb0-b5eb-89c23f5cf2f3,2dc5ddd5-1e73-4124-bfed-fd47aa9f1734,100000002,160.0,,e27a984d-6548-41d0-bfcd-9eb1a7cad415,2026-02-23T06:43:00Z,2026-02-25T11:02:00Z,2,5,
df6615fc-630b-4c5d-9e62-ebca896883ea,"Rebar, 220 t - Orang Urban Infrastructure Co.",Orang Urban Infrastructure Co.,Project Manager,100000005,Khorasan Razavi,10,27b608dc-589d-4cb0-b5eb-89c23f5cf2f3,8a845c6c-c1c7-4811-8db0-762ef416cb92,100000000,265.0,4f28ceb2-3f91-4c50-8e92-aeeb5d55b647,24933b83-7577-40a9-a491-f0b2ea1fca65,2026-02-08T09:39:00Z,2026-02-11T07:58:00Z,1,3,567809d5-4aa7-4705-b7ff-d8820539bda0
c69fca09-ac6f-4c8e-8afb-9204198d9b79,"Rebar, 20 t - Darya-Javid Abadgaran",Darya-Javid Abadgaran,Managing Director,100000000,Khuzestan,10,27b608dc-589d-4cb0-b5eb-89c23f5cf2f3,a7749aad-0858-4bdd-9bf5-6c95a7e19ab0,100000000,20.0,d40c66be-2b5f-463c-a11d-70ab145a09ad,366eb16f-508e-4ad7-b7c9-3acfe059a0ee,2026-02-21T11:12:00Z,2026-02-25T05:58:00Z,1,3,7b1d2992-5331-497a-8ce2-1e862ca93173
2b296382-edc5-4082-83a6-3de286515ea6,"Hot-Rolled Sheet, 180 t - Nikan Tube Mills Group",Nikan Tube Mills Group,Managing Director,100000002,Isfahan,10,27b608dc-589d-4cb0-b5eb-89c23f5cf2f3,21269e2b-f757-4fb6-b3e1-e3678e1adc2b,100000002,160.0,010178e9-77f1-4e38-8c45-4c0b74bc14f1,9132b63e-f162-47e4-a9c3-49e03602f8ac,2026-02-15T06:39:00Z,2026-02-16T07:40:00Z,2,4,
94619bc3-5d74-4c75-8216-17e78deeb414,"Beams & Sections, 70 t - Sabalan Steel Structures Co.",Sabalan Steel Structures Co.,Supply Chain Manager,100000001,Hormozgan,10,27b608dc-589d-4cb0-b5eb-89c23f5cf2f3,036cc5c8-fccf-4e92-8b33-12c969ff7a6a,100000001,90.0,0ec0ad4b-d644-4a9d-b362-d476d53ae57f,e27a984d-6548-41d0-bfcd-9eb1a7cad415,2026-02-11T10:00:00Z,2026-02-16T11:24:00Z,2,6,
2b88be87-bce9-4017-9233-d2816c91ef46,"Beams & Sections, 105 t - Ofogh-Laleh Abadgaran",Ofogh-Laleh Abadgaran,Supply Chain Manager,100000000,Isfahan,10,27b608dc-589d-4cb0-b5eb-89c23f5cf2f3,c37adae1-e64e-41f9-9001-63298ada4996,100000001,115.0,,10f1bc81-448a-4a9e-a6b2-bc5b50c187fc,2026-02-26T08:58:00Z,2026-03-04T09:49:00Z,2,5,
d963e5de-5cfd-4831-9c05-58623d60db99,"Hot-Rolled Sheet, 55 t - Espadana Profile Works Ltd.",Espadana Profile Works Ltd.,Site Engineer,100000002,Tehran,10,27b608dc-589d-4cb0-b5eb-89c23f5cf2f3,f0ad6753-3acd-4f6f-bf18-ef6fc61c17a1,100000002,60.0,,b02b61c4-a3d7-4628-ace6-6fa2fd5166e6,2026-02-23T13:13:00Z,2026-02-28T12:47:00Z,2,6,
f85c49cf-844a-44b4-87a4-f60ae94bfee9,"Beams & Sections, 60 t - Farnam-Elham Fabrication Works",Farnam-Elham Fabrication Works,Project Manager,100000001,Tehran,10,27b608dc-589d-4cb0-b5eb-89c23f5cf2f3,8d78f8fe-2f10-4a36-abbf-548f2c9f9936,100000001,35.0,,0e51f30d-c6a7-4e39-84b0-32ccd7c524a5,2026-02-24T10:46:00Z,2026-03-02T11:26:00Z,2,6,
8fe77c72-a73f-413f-b1ce-ccba56e6e186,"Rebar, 80 t - Negin-Elham Omran",Negin-Elham Omran,Supply Chain Manager,100000000,Tehran,10,27b608dc-589d-4cb0-b5eb-89c23f5cf2f3,1a9be9eb-005e-4e7e-8365-2fafba9a7180,100000000,85.0,,0e51f30d-c6a7-4e39-84b0-32ccd7c524a5,2026-02-14T06:52:00Z,2026-02-21T05:29:00Z,2,4,
098404df-adaa-4273-bbc6-6b37c8e38b94,"Beams & Sections, 95 t - Alvand-Karun Eskelet Felezi",Alvand-Karun Eskelet Felezi,Site Engineer,100000001,Tehran,10,27b608dc-589d-4cb0-b5eb-89c23f5cf2f3,4912ceb7-aefe-412b-bb31-8ceaa540e790,100000001,105.0,b14f7ce1-9278-478b-9db8-05b5584ee369,5304317f-af42-412f-b838-b3268e944239,2026-02-07T11:55:00Z,2026-02-11T08:44:00Z,1,3,3df19f29-eea1-4e36-afc6-c9815271ccf7
d66f6a64-28ca-4838-a5c5-28d47c0e278e,"Cold-Rolled Sheet, 110 t - Varna Profile Sazan Ltd.",Varna Profile Sazan Ltd.,Managing Director,100000002,Tehran,10,27b608dc-589d-4cb0-b5eb-89c23f5cf2f3,b06897c7-7919-4580-b636-e36ccf0ebecc,100000003,85.0,,0e51f30d-c6a7-4e39-84b0-32ccd7c524a5,2026-02-18T13:07:00Z,2026-02-23T04:35:00Z,2,6,
c8cea36b-dbd0-4831-9830-86bb9e3372d7,"Rebar, 325 t - Parsian Dam & Water Works Ltd.",Parsian Dam & Water Works Ltd.,Supply Chain Manager,100000005,East Azerbaijan,10,27b608dc-589d-4cb0-b5eb-89c23f5cf2f3,f1d950d4-0794-4e7e-9a6c-897c895e722b,100000000,345.0,92cf6021-1f33-442d-89ac-908746015028,beb79919-3f22-4af8-a3be-d01d43cf2fde,2026-02-28T10:02:00Z,2026-03-05T12:21:00Z,1,3,50203436-1199-4f4b-8c04-35804925c66f
0ba9d37b-2276-4b7a-865f-10ace3ae348e,"Rebar, 485 t - Shahab Rail & Road Projects Ltd.",Shahab Rail & Road Projects Ltd.,Purchasing Manager,100000005,Alborz,10,27b608dc-589d-4cb0-b5eb-89c23f5cf2f3,439fc38a-d1e9-4f9b-83ad-07f4814078d0,100000000,460.0,5820653c-e029-4487-ba0b-29d0904cc2ef,b02b61c4-a3d7-4628-ace6-6fa2fd5166e6,2026-02-28T13:11:00Z,2026-03-03T07:11:00Z,1,3,c143f0a5-53f4-4980-94e9-49094bf588f8
8248c947-54f4-4ac4-a387-3d9658d7fafd,"Hot-Rolled Sheet, 55 t - Ilia-Varna Eskelet Felezi",Ilia-Varna Eskelet Felezi,Managing Director,100000001,Khuzestan,10,27b608dc-589d-4cb0-b5eb-89c23f5cf2f3,5b736baa-ba48-41f0-9c23-b1e57306ebd3,100000002,90.0,5c2ed7bf-8a65-4f75-a076-0e6a6259375a,366eb16f-508e-4ad7-b7c9-3acfe059a0ee,2026-02-16T05:27:00Z,2026-02-19T10:50:00Z,1,3,10bd7a38-f1ff-4b6a-83b3-1ed850c6443f
823bb6b5-f9cc-4f81-a06d-eabaa2abdaed,"Beams & Sections, 30 t - Aban-Rahyab Fabrication Works",Aban-Rahyab Fabrication Works,Site Engineer,100000001,Tehran,10,27b608dc-589d-4cb0-b5eb-89c23f5cf2f3,43f82793-95c0-47e7-a2e0-127a59600f11,100000001,25.0,,5304317f-af42-412f-b838-b3268e944239,2026-02-22T06:26:00Z,2026-03-01T06:38:00Z,2,6,
db02634a-70dd-421c-a51a-aa0788e9c4b0,"Beams & Sections, 55 t - Arya Contracting Co.",Arya Contracting Co.,Managing Director,100000000,Isfahan,10,27b608dc-589d-4cb0-b5eb-89c23f5cf2f3,32a4903e-1ee1-4856-a5f9-1bc064d6baf7,100000001,70.0,11defebf-9e98-461d-88fe-bf6d199c8d94,9132b63e-f162-47e4-a9c3-49e03602f8ac,2026-02-21T07:56:00Z,2026-02-24T08:12:00Z,2,6,
d1636e46-f0da-4089-8b65-249275f5ebd1,"Hot-Rolled Sheet, 140 t - Alvand Metal Center Industries",Alvand Metal Center Industries,Managing Director,100000004,Tehran,10,27b608dc-589d-4cb0-b5eb-89c23f5cf2f3,c8a56ddc-b277-4506-b105-4338609f21c7,100000002,215.0,f8db011e-9fac-411a-8ba6-250543961fde,ce177b4e-0837-48a3-9261-a7ab3aa2e4f9,2026-02-22T06:10:00Z,2026-02-28T08:17:00Z,1,3,387278c5-3a0d-4765-aba3-4e1a81fba314
ffb26d5b-40bd-41df-b867-786445742f4c,"Rebar, 185 t - Hirad-Pishgam Contracting",Hirad-Pishgam Contracting,Procurement Lead,100000000,Isfahan,10,27b608dc-589d-4cb0-b5eb-89c23f5cf2f3,c50815d6-92cd-45bb-aa66-75a2af383b28,100000000,265.0,,9132b63e-f162-47e4-a9c3-49e03602f8ac,2026-02-26T10:31:00Z,2026-03-01T09:19:00Z,2,6,
f7b36bc2-4e9f-4a5c-a212-cc0b759ba210,"Rebar, 60 t - Gilan-Persis Builders",Gilan-Persis Builders,Supply Chain Manager,100000000,Fars,8,,,100000000,50.0,3065b3a2-4afc-4fef-8a27-9be10e4683dd,e27a984d-6548-41d0-bfcd-9eb1a7cad415,2024-07-22T11:38:00Z,2024-07-30T07:16:00Z,1,3,1037c4cc-c9ab-4d20-a7dd-0b0aff3490a4
6a0ceacd-9e49-4bad-8a17-1da414cfb71d,"Pipes & Profiles, 210 t - Yekta Steel Trading Ltd.",Yekta Steel Trading Ltd.,Managing Director,100000004,Hormozgan,9,,,100000005,180.0,,e27a984d-6548-41d0-bfcd-9eb1a7cad415,2024-07-27T05:04:00Z,2024-07-30T05:47:00Z,2,4,
dc0adf0c-0717-4692-89c2-9b82a3e3ba1f,"Rebar, 370 t - Tous Ahan Forooshi Industries",Tous Ahan Forooshi Industries,Project Manager,100000004,Isfahan,8,,,100000000,445.0,,10f1bc81-448a-4a9e-a6b2-bc5b50c187fc,2024-07-31T09:13:00Z,2024-08-04T05:45:00Z,2,6,
23d33786-0fe6-4284-8c97-d4f57d76ace1,"Pipes & Profiles, 120 t - Arman Metal Center Industries",Arman Metal Center Industries,Managing Director,100000004,Hormozgan,8,,,100000005,100.0,4d4f6a43-edf4-41b5-80a3-d4f68811fcc6,e27a984d-6548-41d0-bfcd-9eb1a7cad415,2024-07-08T13:24:00Z,2024-07-11T11:08:00Z,1,3,203f074e-e041-4805-bdce-29756aa57f33
5e0acbb3-9f05-449b-9604-cb1eed2b002b,"Wire Rod, 230 t - Farnam Ahan Bazar Co.",Farnam Ahan Bazar Co.,Site Engineer,100000004,Hormozgan,2,,,100000006,215.0,522cd6d7-92be-4a6a-ac67-d107711b72df,e27a984d-6548-41d0-bfcd-9eb1a7cad415,2024-07-06T05:50:00Z,2024-07-09T06:47:00Z,1,3,ff40abae-3c22-45fb-b75e-aba38f43a702
d70896f4-def7-43bc-90b6-25e45fd4134a,"Rebar, 90 t - Persis-Fardis Abadgaran",Persis-Fardis Abadgaran,Managing Director,100000000,East Azerbaijan,8,,,100000000,35.0,,beb79919-3f22-4af8-a3be-d01d43cf2fde,2024-07-23T07:01:00Z,2024-07-25T12:20:00Z,2,6,
7376299f-3de4-4db7-84b7-c5317ef9b50b,"Pipes & Profiles, 20 t - Omid Agri-Steel Ltd.",Omid Agri-Steel Ltd.,Site Engineer,100000006,Tehran,9,,,100000005,15.0,,b02b61c4-a3d7-4628-ace6-6fa2fd5166e6,2024-07-24T11:44:00Z,2024-07-27T07:43:00Z,2,4,
3c66baa5-bc90-413f-abc9-e3011beed6a8,"Hot-Rolled Sheet, 60 t - Pardis Steel Merchants Group",Pardis Steel Merchants Group,Project Manager,100000004,Tehran,9,,,100000002,35.0,,ce177b4e-0837-48a3-9261-a7ab3aa2e4f9,2024-07-09T13:10:00Z,2024-07-14T10:14:00Z,2,4,
2c243e06-b780-43e1-953f-8e3f53e988c3,"Rebar, 20 t - Parsian-Laleh Sazeh",Parsian-Laleh Sazeh,Project Manager,100000000,Isfahan,9,,,100000000,25.0,58f7a675-49fa-4689-ae5e-30a9bfc7e9e1,9132b63e-f162-47e4-a9c3-49e03602f8ac,2024-07-21T11:18:00Z,2024-07-27T09:48:00Z,1,3,eff06023-6929-4548-8678-ba620de14b43
13db057d-7ffc-4602-9631-a54551baadf7,"Pipes & Profiles, 265 t - Sahand Ahan Bazar Ltd.",Sahand Ahan Bazar Ltd.,Supply Chain Manager,100000004,Tehran,2,,,100000005,215.0,,ce177b4e-0837-48a3-9261-a7ab3aa2e4f9,2024-07-21T12:49:00Z,2024-07-27T08:18:00Z,2,5,
35294a5f-c57e-4ad3-851e-22c277194818,"Beams & Sections, 10 t - Arya-Sepehr Fabrication Works",Arya-Sepehr Fabrication Works,Managing Director,100000001,Mazandaran,9,,,100000001,10.0,83aabf08-2024-45b5-98d0-5a5948724928,5304317f-af42-412f-b838-b3268e944239,2024-08-24T07:42:00Z,2024-08-31T12:28:00Z,1,3,ac21a335-e93c-4172-8300-6a4d353b597d
22409062-337f-4624-a962-3159d2558be5,"Wire Rod, 95 t - Elham Steel Merchants Ltd.",Elham Steel Merchants Ltd.,Purchasing Manager,100000004,Khorasan Razavi,9,,,100000006,85.0,41a5bf2e-76f4-4d2d-9981-9f9d349de483,24933b83-7577-40a9-a491-f0b2ea1fca65,2024-08-20T08:48:00Z,2024-08-25T07:39:00Z,1,3,c526e125-6d25-4689-9b74-b16bc33be859
0886278d-f4f2-4c0c-a71c-5006a24a72ad,"Cold-Rolled Sheet, 40 t - Jahan-Iranmehr Appliance Components",Jahan-Iranmehr Appliance Components,Supply Chain Manager,100000003,Hormozgan,8,,,100000003,35.0,,e27a984d-6548-41d0-bfcd-9eb1a7cad415,2024-08-13T08:41:00Z,2024-08-17T08:43:00Z,2,6,
4bf7dc4a-d496-4a22-bb7f-9f07634b7541,"Rebar, 100 t - Dena-Elham Construction",Dena-Elham Construction,Site Engineer,100000000,Tehran,8,,,100000000,140.0,e2f6896c-f768-42a4-bff0-5450a64915e6,0e51f30d-c6a7-4e39-84b0-32ccd7c524a5,2024-08-03T10:27:00Z,2024-08-06T05:47:00Z,1,3,42023f7d-b0b4-48b0-a297-aa1c8ee62d71
f5ca7999-f872-4d21-a017-b12fbf4fb9e2,"Hot-Rolled Sheet, 35 t - Navid Loleh Sazi Co.",Navid Loleh Sazi Co.,Supply Chain Manager,100000002,Isfahan,8,,,100000002,35.0,3d4196fe-963a-4617-bdab-07e79d9d028e,10f1bc81-448a-4a9e-a6b2-bc5b50c187fc,2024-08-07T09:41:00Z,2024-08-11T09:53:00Z,2,4,
f14eaafb-a9f9-4ae1-8c1a-b874ce0052df,"Pipes & Profiles, 220 t - Orang Metal Center Ltd.",Orang Metal Center Ltd.,Site Engineer,100000004,Tehran,9,,,100000005,325.0,,b02b61c4-a3d7-4628-ace6-6fa2fd5166e6,2024-08-20T10:05:00Z,2024-08-24T08:42:00Z,2,6,
5c28157e-183a-403c-a697-653b54ad9d4f,"Beams & Sections, 20 t - Negin-Pishgam Steel Structures",Negin-Pishgam Steel Structures,Procurement Lead,100000001,Fars,8,,,100000001,25.0,,e27a984d-6548-41d0-bfcd-9eb1a7cad415,2024-08-22T05:50:00Z,2024-08-28T09:52:00Z,2,5,
59db6485-f275-44f8-ba4e-ae0eba3f4f2c,"Beams & Sections, 80 t - Gohar-Pishgam Contracting",Gohar-Pishgam Contracting,Supply Chain Manager,100000000,Tehran,9,,,100000001,70.0,,b02b61c4-a3d7-4628-ace6-6fa2fd5166e6,2024-08-01T10:38:00Z,2024-08-07T09:12:00Z,2,5,
5da8bae7-81e0-4564-ac48-fa38619ea0fd,"Beams & Sections, 30 t - Tina-Negin Sakhteman",Tina-Negin Sakhteman,Project Manager,100000000,Tehran,9,,,100000001,35.0,,5304317f-af42-412f-b838-b3268e944239,2024-08-13T06:56:00Z,2024-08-17T11:51:00Z,2,6,
0d217046-6372-4cf1-ab62-882e5d1912aa,"Hot-Rolled Sheet, 65 t - Ofogh-Laleh Eskelet Felezi",Ofogh-Laleh Eskelet Felezi,Site Engineer,100000001,Khorasan Razavi,8,,,100000002,75.0,,24933b83-7577-40a9-a491-f0b2ea1fca65,2024-08-24T06:15:00Z,2024-08-26T08:26:00Z,2,4,
41a80334-2b20-43fc-a093-3520275d26ed,"Beams & Sections, 20 t - Tous-Diba Steel Structures",Tous-Diba Steel Structures,Purchasing Manager,100000001,Isfahan,8,,,100000001,20.0,,10f1bc81-448a-4a9e-a6b2-bc5b50c187fc,2024-08-28T04:31:00Z,2024-09-01T08:08:00Z,2,4,
cd8219d3-5c35-4e99-aecc-38f3b96a23b1,"Beams & Sections, 105 t - Hirad Steel Depot Ltd.",Hirad Steel Depot Ltd.,Procurement Lead,100000004,Khuzestan,9,,,100000001,110.0,,366eb16f-508e-4ad7-b7c9-3acfe059a0ee,2024-09-19T12:45:00Z,2024-09-25T09:23:00Z,2,5,
39c69927-fe50-4856-9dad-3425f6111882,"Rebar, 55 t - Arya-Iman Omran",Arya-Iman Omran,Supply Chain Manager,100000000,Tehran,2,,,100000000,75.0,5d216163-7928-46ea-a29c-c46a9ab46c07,5304317f-af42-412f-b838-b3268e944239,2024-09-11T10:26:00Z,2024-09-15T07:52:00Z,1,3,e388d11f-d162-47e2-bf35-e6031ebf333b
32421a9c-2a45-4c82-a272-79aad87c0089,"Hot-Rolled Sheet, 40 t - Kimia-Jahan Steel Structures",Kimia-Jahan Steel Structures,Managing Director,100000001,Khuzestan,9,,,100000002,20.0,380c10f6-39b8-4c77-aa25-15bbfe1da55b,366eb16f-508e-4ad7-b7c9-3acfe059a0ee,2024-09-21T08:55:00Z,2024-09-23T08:11:00Z,1,3,c9f8892c-f9c9-48ff-9c6e-cbd2771e996c
5b92e1f0-f334-4ef9-9db1-11ea559fbd0e,"Beams & Sections, 315 t - Nasim Dam & Water Works Co.",Nasim Dam & Water Works Co.,Procurement Lead,100000005,Khorasan Razavi,2,,,100000001,325.0,,24933b83-7577-40a9-a491-f0b2ea1fca65,2024-09-17T08:31:00Z,2024-09-22T13:00:00Z,2,7,
90572665-9cce-43e9-b5bb-b820e209a91b,"Hot-Rolled Sheet, 80 t - Mehr-Arman Fabrication Works",Mehr-Arman Fabrication Works,Site Engineer,100000001,Tehran,2,,,100000002,55.0,,b02b61c4-a3d7-4628-ace6-6fa2fd5166e6,2024-09-02T06:49:00Z,2024-09-07T09:10:00Z,2,6,
b620dfc4-7d03-4407-9c0c-f38eb7712ea9,"Hot-Rolled Sheet, 80 t - Sabalan-Nasim Eskelet Felezi",Sabalan-Nasim Eskelet Felezi,Supply Chain Manager,100000001,Isfahan,9,,,100000002,85.0,,9132b63e-f162-47e4-a9c3-49e03602f8ac,2024-09-25T07:22:00Z,2024-09-29T13:21:00Z,2,5,
f93d6488-9fad-412c-b5fa-3a3500d82181,"Beams & Sections, 115 t - Zagros Builders Co.",Zagros Builders Co.,Supply Chain Manager,100000000,Isfahan,9,,,100000001,105.0,b4746349-49fc-4cd8-856b-ad4c4c3077c4,10f1bc81-448a-4a9e-a6b2-bc5b50c187fc,2024-09-28T08:03:00Z,2024-10-01T10:27:00Z,2,5,
93f82386-003f-43ee-a368-854ba1319f08,"Beams & Sections, 20 t - Iranmehr-Mehrgan Steel Structures",Iranmehr-Mehrgan Steel Structures,Procurement Lead,100000001,Tehran,2,,,100000001,15.0,74799ed4-1a43-44bb-86b6-c38c5eca0ea3,0e51f30d-c6a7-4e39-84b0-32ccd7c524a5,2024-09-21T06:36:00Z,2024-09-26T12:33:00Z,1,3,f82f9674-0427-42d9-8b0a-dcaf15970500
55492676-03f9-4372-908b-faffceab8804,"Rebar, 40 t - Dena Steel Depot Group",Dena Steel Depot Group,Managing Director,100000004,Hormozgan,8,,,100000000,45.0,493e904d-30ec-4796-a59b-457fc0d7ac73,e27a984d-6548-41d0-bfcd-9eb1a7cad415,2024-09-15T09:58:00Z,2024-09-17T11:34:00Z,2,4,
a242e494-9ca8-464f-83ec-99dd98628425,"Galvanized Sheet, 25 t - Pishgam Press Works Ltd.",Pishgam Press Works Ltd.,Purchasing Manager,100000003,Tehran,8,,,100000004,25.0,b635592c-bfac-483b-8a04-068ddd87547d,0e51f30d-c6a7-4e39-84b0-32ccd7c524a5,2024-09-23T08:20:00Z,2024-09-25T04:35:00Z,1,3,f6a262c2-6770-4f35-9bc8-c7cb8b17e9ed
33b35cf6-29ef-4f81-a210-d828b66b37c0,"Hot-Rolled Sheet, 305 t - Espadana Pipe Works Industries",Espadana Pipe Works Industries,Purchasing Manager,100000002,Khorasan Razavi,9,,,100000002,280.0,0faea29a-04a5-464c-bd7f-c8e64086d68b,24933b83-7577-40a9-a491-f0b2ea1fca65,2024-09-21T10:08:00Z,2024-09-26T11:31:00Z,1,3,44239cd4-9767-4ed8-a478-329586393390
106725b0-b0b0-4b20-bd34-3e97663849db,"Hot-Rolled Sheet, 210 t - Ava Profile Sazan Industries",Ava Profile Sazan Industries,Site Engineer,100000002,East Azerbaijan,8,,,100000002,225.0,904ee7f6-da42-44e8-adf9-5944d39d1b14,beb79919-3f22-4af8-a3be-d01d43cf2fde,2024-09-28T12:36:00Z,2024-10-02T13:14:00Z,1,3,fbb5ac74-2c15-4ef5-8d9a-0bcbfd74f325
19c972ae-d886-4323-968f-8c76782627dc,"Galvanized Sheet, 305 t - Ilia Tube Mills Ltd.",Ilia Tube Mills Ltd.,Managing Director,100000002,Tehran,9,,,100000004,405.0,,5304317f-af42-412f-b838-b3268e944239,2024-09-01T05:45:00Z,2024-09-03T09:30:00Z,2,6,
cc06371c-abf1-4c6b-8303-a192141ace26,"Hot-Rolled Sheet, 60 t - Sadaf Profile Works Co.",Sadaf Profile Works Co.,Procurement Lead,100000002,Isfahan,2,,,100000002,65.0,,9132b63e-f162-47e4-a9c3-49e03602f8ac,2024-09-03T09:46:00Z,2024-09-09T06:25:00Z,2,6,
223210ca-1bdb-4585-a5dc-7c5d8c2eaa17,"Pipes & Profiles, 25 t - Iranmehr-Tina Omran",Iranmehr-Tina Omran,Supply Chain Manager,100000000,Isfahan,8,,,100000005,40.0,,10f1bc81-448a-4a9e-a6b2-bc5b50c187fc,2024-09-05T13:12:00Z,2024-09-09T08:58:00Z,2,6,
db332345-ade8-4d92-a941-9fbd8dc40c8b,"Pipes & Profiles, 65 t - Tous-Farazan Sakhteman",Tous-Farazan Sakhteman,Purchasing Manager,100000000,Tehran,8,,,100000005,75.0,,0e51f30d-c6a7-4e39-84b0-32ccd7c524a5,2024-09-12T05:12:00Z,2024-09-17T06:49:00Z,2,6,
2548d5c9-22e8-4baa-8c46-39a254735c2e,"Hot-Rolled Sheet, 30 t - Darya-Darya Sazeh",Darya-Darya Sazeh,Procurement Lead,100000000,Hormozgan,8,,,100000002,25.0,03dc0370-0e44-4a05-b3d4-5809c624b618,e27a984d-6548-41d0-bfcd-9eb1a7cad415,2024-09-08T08:50:00Z,2024-09-15T08:49:00Z,1,3,00f901be-3a37-4645-a5df-8d4a4b1b9e7c
212132b3-30d0-4f88-98b4-d74d06f880eb,"Hot-Rolled Sheet, 85 t - Sabalan-Sepehr Auto Parts Mfg.",Sabalan-Sepehr Auto Parts Mfg.,Project Manager,100000003,East Azerbaijan,9,,,100000002,65.0,ac0d5bc8-a8c7-4df3-8b69-26312bda49c1,beb79919-3f22-4af8-a3be-d01d43cf2fde,2024-09-30T09:58:00Z,2024-10-05T07:29:00Z,1,3,f2da5c53-821f-4d01-8be4-f91422327bb3
3c5d1007-a98c-4555-83c7-20db293ee1ca,"Beams & Sections, 65 t - Sadaf-Mahan Abadgaran",Sadaf-Mahan Abadgaran,Purchasing Manager,100000000,Tehran,8,,,100000001,60.0,,5304317f-af42-412f-b838-b3268e944239,2024-10-16T07:26:00Z,2024-10-20T09:45:00Z,2,4,
188bc525-9132-48b6-bd01-b829d60f9162,"Rebar, 80 t - Rastin-Kimia Omran",Rastin-Kimia Omran,Purchasing Manager,100000000,Isfahan,8,,,100000000,75.0,ff570304-7c14-462e-b0e4-2289a2df2c60,9132b63e-f162-47e4-a9c3-49e03602f8ac,2024-10-27T04:53:00Z,2024-10-30T10:02:00Z,1,3,fa3a216d-8ab3-4611-905f-f7aa59026055
47da7f5e-96a0-4823-af0d-1582692d1846,"Cold-Rolled Sheet, 75 t - Rahyab-Jahan Appliance Components",Rahyab-Jahan Appliance Components,Managing Director,100000003,Khorasan Razavi,8,,,100000003,70.0,,24933b83-7577-40a9-a491-f0b2ea1fca65,2024-10-01T07:24:00Z,2024-10-06T09:08:00Z,2,6,
0e5650c3-492f-4756-a037-c111ccc2afef,"Pipes & Profiles, 20 t - Navid Agri-Steel Group",Navid Agri-Steel Group,Managing Director,100000006,Isfahan,8,,,100000005,20.0,603f2c7a-372d-4833-9ce7-160aef16b665,10f1bc81-448a-4a9e-a6b2-bc5b50c187fc,2024-10-03T05:12:00Z,2024-10-05T05:32:00Z,1,3,75737b6c-0fb8-4e08-bf21-6c151443e283
00e3cf8e-466b-4e07-a7b4-f6fe11b1817e,"Rebar, 445 t - Pardis Dam & Water Works Industries",Pardis Dam & Water Works Industries,Site Engineer,100000005,Khuzestan,9,,,100000000,510.0,,366eb16f-508e-4ad7-b7c9-3acfe059a0ee,2024-10-29T12:06:00Z,2024-10-31T11:21:00Z,2,5,
0dc2cee5-98f0-4d68-8a2c-9d8677060c7a,"Cold-Rolled Sheet, 60 t - Tarava-Mahtab Press Works",Tarava-Mahtab Press Works,Project Manager,100000003,Tehran,9,,,100000003,85.0,,0e51f30d-c6a7-4e39-84b0-32ccd7c524a5,2024-10-05T06:10:00Z,2024-10-07T07:07:00Z,2,6,
20fcfc53-0e04-47be-a070-931c3ccb9d66,"Rebar, 80 t - Kimia Steel Trading Ltd.",Kimia Steel Trading Ltd.,Site Engineer,100000004,Isfahan,2,,,100000000,100.0,7d68fb16-11a0-406c-abe0-a95329f32051,10f1bc81-448a-4a9e-a6b2-bc5b50c187fc,2024-10-16T10:43:00Z,2024-10-19T12:47:00Z,1,3,7dac893d-6942-46db-b2da-52c6915b3cd3
c7dd335b-ea05-497c-aeb9-aaa6bef27082,"Hot-Rolled Sheet, 125 t - Hirad Tube Mills Ltd.",Hirad Tube Mills Ltd.,Managing Director,100000002,Tehran,8,,,100000002,115.0,,b02b61c4-a3d7-4628-ace6-6fa2fd5166e6,2024-10-29T05:47:00Z,2024-10-31T05:47:00Z,2,7,
cfc86e84-523d-43f9-8a9e-5ce82544bd53,"Wire Rod, 95 t - Saba Steel Depot Co.",Saba Steel Depot Co.,Purchasing Manager,100000004,Khorasan Razavi,8,,,100000006,65.0,,24933b83-7577-40a9-a491-f0b2ea1fca65,2024-10-21T06:57:00Z,2024-10-27T10:58:00Z,2,6,
dd6de0da-7352-40ea-b52b-668a787f6169,"Beams & Sections, 240 t - Shahab Ahan Forooshi Co.",Shahab Ahan Forooshi Co.,Procurement Lead,100000004,Fars,8,,,100000001,195.0,,e27a984d-6548-41d0-bfcd-9eb1a7cad415,2024-10-21T10:02:00Z,2024-10-29T11:42:00Z,2,5,
2a8a8c28-6ea3-41b6-8784-5969106421b1,"Rebar, 15 t - Tarava-Pardis Sakhteman",Tarava-Pardis Sakhteman,Project Manager,100000000,Khuzestan,8,,,100000000,10.0,,366eb16f-508e-4ad7-b7c9-3acfe059a0ee,2024-10-22T09:13:00Z,2024-10-28T10:55:00Z,2,6,
3264a8ec-152c-4757-894f-6ba1b881230d,"Rebar, 25 t - Aban-Tirdad Abadgaran",Aban-Tirdad Abadgaran,Project Manager,100000000,Fars,8,,,100000000,15.0,,e27a984d-6548-41d0-bfcd-9eb1a7cad415,2024-10-01T10:02:00Z,2024-10-05T09:36:00Z,2,5,
37ac276f-29d0-48bd-b8cc-826e2d35c5de,"Hot-Rolled Sheet, 85 t - Chakad Tube Mills Ltd.",Chakad Tube Mills Ltd.,Procurement Lead,100000002,Fars,2,,,100000002,75.0,,e27a984d-6548-41d0-bfcd-9eb1a7cad415,2024-10-12T09:42:00Z,2024-10-13T10:10:00Z,2,4,
ae7f87cb-7c3f-4866-a501-17576281116f,"Rebar, 220 t - Orang Contracting Industries",Orang Contracting Industries,Procurement Lead,100000000,Tehran,9,,,100000000,190.0,2ff3cde4-6aa4-4c9f-9217-04753d959e3f,b02b61c4-a3d7-4628-ace6-6fa2fd5166e6,2024-10-07T05:51:00Z,2024-10-12T13:08:00Z,1,3,83fbc4ab-9ec0-4b56-8cac-575e3d8e3a9c
ffa8e93a-188c-46e9-affc-0282b816815f,"Cold-Rolled Sheet, 80 t - Farazan-Aban Press Works",Farazan-Aban Press Works,Procurement Lead,100000003,Tehran,8,,,100000003,85.0,291022d3-eca8-4ba9-96a0-faa54fbe6dca,0e51f30d-c6a7-4e39-84b0-32ccd7c524a5,2024-10-12T05:53:00Z,2024-10-15T10:36:00Z,1,3,1caa2ddb-c30c-4876-85a6-022fbfd53346
27a3fe77-fcc2-42bf-971b-791d2f7e8fc2,"Cold-Rolled Sheet, 20 t - Atlas Appliance Components Ltd.",Atlas Appliance Components Ltd.,Purchasing Manager,100000003,Khuzestan,8,,,100000003,15.0,2bd3cdcd-2779-4685-94a5-3fdef10d27c8,366eb16f-508e-4ad7-b7c9-3acfe059a0ee,2024-10-22T05:31:00Z,2024-10-30T09:27:00Z,2,6,
3a08a463-b4cb-422d-9345-af1d3873bdc5,"Rebar, 80 t - Fardis-Alvand Contracting",Fardis-Alvand Contracting,Managing Director,100000000,East Azerbaijan,8,,,100000000,55.0,,beb79919-3f22-4af8-a3be-d01d43cf2fde,2024-10-05T07:57:00Z,2024-10-12T07:18:00Z,2,6,
f725e56b-b1b3-43db-a801-3002e8ac336f,"Rebar, 35 t - Espadana-Kavir Sabz Contracting",Espadana-Kavir Sabz Contracting,Procurement Lead,100000000,East Azerbaijan,8,,,100000000,25.0,,beb79919-3f22-4af8-a3be-d01d43cf2fde,2024-10-05T11:08:00Z,2024-10-12T12:04:00Z,2,7,
d1a9f011-8d85-45ce-978d-b4b1dbebde7e,"Beams & Sections, 215 t - Darya Dam & Water Works Co.",Darya Dam & Water Works Co.,Managing Director,100000005,Khuzestan,8,,,100000001,205.0,,366eb16f-508e-4ad7-b7c9-3acfe059a0ee,2024-10-16T09:41:00Z,2024-10-20T07:31:00Z,2,5,
a4d8c429-822a-484d-b260-291c85b4a734,"Beams & Sections, 40 t - Iranmehr Abadgaran Industries",Iranmehr Abadgaran Industries,Managing Director,100000000,Khorasan Razavi,8,,,100000001,25.0,97fe56c5-4c9a-4f24-97b4-c294bd44089d,24933b83-7577-40a9-a491-f0b2ea1fca65,2024-10-19T13:29:00Z,2024-10-23T05:46:00Z,2,6,
0589a7cd-9c02-44fc-ad1d-1ea9ce7f41fb,"Beams & Sections, 280 t - Navid Steel Trading Group",Navid Steel Trading Group,Purchasing Manager,100000004,Isfahan,9,,,100000001,375.0,5c854436-7b72-4711-8fb7-70b3571c7037,10f1bc81-448a-4a9e-a6b2-bc5b50c187fc,2024-11-12T12:51:00Z,2024-11-16T10:10:00Z,1,3,ffaa247d-6bea-4229-bfcc-83b089fc023d
823e8c38-0f27-468f-9877-00c0920495bd,"Rebar, 300 t - Tirdad-Jahan Sazeh",Tirdad-Jahan Sazeh,Managing Director,100000000,Tehran,9,,,100000000,355.0,,5304317f-af42-412f-b838-b3268e944239,2024-11-10T12:58:00Z,2024-11-13T12:45:00Z,2,4,
b2b97b7a-bdb5-44e4-ae91-428239994609,"Hot-Rolled Sheet, 90 t - Sepehr Profile Works Co.",Sepehr Profile Works Co.,Supply Chain Manager,100000002,Hormozgan,2,,,100000002,80.0,b576255e-9854-4f22-a102-f9c964575bc4,e27a984d-6548-41d0-bfcd-9eb1a7cad415,2024-11-02T05:31:00Z,2024-11-05T07:41:00Z,1,3,ede9b67f-2991-424e-9068-998f70595f4b
8ebbcfe7-11ee-4e9c-a373-848bdfbcec8a,"Rebar, 45 t - Espadana-Raman Omran",Espadana-Raman Omran,Managing Director,100000000,Fars,8,,,100000000,55.0,,e27a984d-6548-41d0-bfcd-9eb1a7cad415,2024-11-10T08:52:00Z,2024-11-16T04:35:00Z,2,4,
599ef0fb-c0d3-407f-a14e-a7d0b816a4e9,"Rebar, 40 t - Saba-Aban Omran",Saba-Aban Omran,Managing Director,100000000,Fars,8,,,100000000,50.0,,e27a984d-6548-41d0-bfcd-9eb1a7cad415,2024-11-14T06:47:00Z,2024-11-16T08:04:00Z,2,4,
617da927-a575-47ed-b442-7dd75de235cd,"Rebar, 200 t - Hoda Urban Infrastructure Group",Hoda Urban Infrastructure Group,Supply Chain Manager,100000005,Tehran,2,,,100000000,240.0,dd513387-f04f-4a10-982d-604175445e02,b02b61c4-a3d7-4628-ace6-6fa2fd5166e6,2024-11-28T12:23:00Z,2024-12-01T07:17:00Z,1,3,c8a0b0e5-99e9-4189-ac1c-5523b1e94190
bf0c3282-002c-495d-a91c-54d2ef6768c4,"Beams & Sections, 90 t - Varna Foolad Trading Industries",Varna Foolad Trading Industries,Managing Director,100000004,Tehran,8,,,100000001,120.0,,ce177b4e-0837-48a3-9261-a7ab3aa2e4f9,2024-11-11T10:25:00Z,2024-11-17T08:08:00Z,2,7,
1a72184f-a03b-4197-a46e-777443a16938,"Hot-Rolled Sheet, 30 t - Hirad-Ava Eskelet Felezi",Hirad-Ava Eskelet Felezi,Site Engineer,100000001,Khorasan Razavi,2,,,100000002,20.0,6915324c-bd26-466a-9ae6-f4a75e3266b2,24933b83-7577-40a9-a491-f0b2ea1fca65,2024-11-02T09:21:00Z,2024-11-07T08:29:00Z,1,3,0eebfa49-52fe-45f2-ab30-dd5564650b74
fa7c230f-4da3-4acf-a741-88de2d8d6e9b,"Beams & Sections, 40 t - Negin-Espadana Eskelet Felezi",Negin-Espadana Eskelet Felezi,Procurement Lead,100000001,Isfahan,8,,,100000001,40.0,,10f1bc81-448a-4a9e-a6b2-bc5b50c187fc,2024-11-17T10:22:00Z,2024-11-23T08:59:00Z,2,4,
e576e9dd-6bbe-49ad-b219-3dc5687cfb4e,"Hot-Rolled Sheet, 145 t - Zarrin Loleh Sazi Industries",Zarrin Loleh Sazi Industries,Purchasing Manager,100000002,Khuzestan,8,,,100000002,140.0,bd2d09f7-0ca2-4bc7-b31d-3a4143eb3c09,366eb16f-508e-4ad7-b7c9-3acfe059a0ee,2024-11-03T10:14:00Z,2024-11-06T07:26:00Z,1,3,87413547-923d-4464-8775-86ed0c9ec773
4d5e1a5a-66fc-44b0-9184-3f425025b99f,"Rebar, 130 t - Arman Housing Development Group",Arman Housing Development Group,Managing Director,100000005,Alborz,2,,,100000000,110.0,fa79447a-32d7-45a0-827d-990a532d3f9a,ce177b4e-0837-48a3-9261-a7ab3aa2e4f9,2024-11-19T12:27:00Z,2024-11-23T09:48:00Z,1,3,4de16f53-6e47-4908-80ae-7ff0502eacf3
6e1ffad0-0601-4d55-a7e7-ee49b713f415,"Pipes & Profiles, 20 t - Ofogh Agri-Steel Group",Ofogh Agri-Steel Group,Supply Chain Manager,100000006,Tehran,8,,,100000005,15.0,71a3fad2-b094-4d2a-aaa9-3b436d15f16f,b02b61c4-a3d7-4628-ace6-6fa2fd5166e6,2024-12-18T06:05:00Z,2024-12-23T04:34:00Z,1,3,c5e037b6-7de1-4dcb-85b0-446aedc0efbe
fa7301c9-23e6-44a7-b994-6d97bb8556a9,"Hot-Rolled Sheet, 40 t - Taban-Ava Steel Structures",Taban-Ava Steel Structures,Project Manager,100000001,Hormozgan,9,,,100000002,25.0,,e27a984d-6548-41d0-bfcd-9eb1a7cad415,2024-12-12T04:54:00Z,2024-12-17T12:58:00Z,2,5,
de547afa-4c62-43e1-b87c-e5fbfd114461,"Galvanized Sheet, 80 t - Tarava Profile Sazan Ltd.",Tarava Profile Sazan Ltd.,Project Manager,100000002,Mazandaran,9,,,100000004,80.0,,5304317f-af42-412f-b838-b3268e944239,2024-12-29T12:03:00Z,2025-01-06T09:21:00Z,2,5,
1239e268-7a7c-413a-b52f-50ddd515e4f1,"Rebar, 415 t - Sadaf Housing Development Co.",Sadaf Housing Development Co.,Purchasing Manager,100000005,Hormozgan,8,,,100000000,310.0,ef95d35a-d7e3-4b19-ad02-af6c55cc57fe,e27a984d-6548-41d0-bfcd-9eb1a7cad415,2024-12-28T07:55:00Z,2025-01-04T10:15:00Z,1,3,415d1bd7-36bf-46e7-b98e-7c2e9ca37b40
a68a262b-3f59-4f0c-8893-39df694875c1,"Beams & Sections, 165 t - Mehrgan Steel Depot Co.",Mehrgan Steel Depot Co.,Purchasing Manager,100000004,Khorasan Razavi,8,,,100000001,205.0,20f0156a-1e6a-4628-9c6d-52d5ae2e9af9,24933b83-7577-40a9-a491-f0b2ea1fca65,2024-12-03T04:34:00Z,2024-12-05T11:55:00Z,2,7,
29dd4973-2fb3-4898-bccf-b409bf583d5f,"Cold-Rolled Sheet, 80 t - Karun-Espadana Auto Parts Mfg.",Karun-Espadana Auto Parts Mfg.,Managing Director,100000003,Isfahan,9,,,100000003,70.0,4690080a-66df-4f54-8576-1389dc230b8a,9132b63e-f162-47e4-a9c3-49e03602f8ac,2024-12-01T10:22:00Z,2024-12-07T06:52:00Z,1,3,3fb842da-1f74-48b2-90a3-df1f53867e03
7022906e-481f-4612-b1b8-211896226bc5,"Hot-Rolled Sheet, 40 t - Nima-Tirdad Eskelet Felezi",Nima-Tirdad Eskelet Felezi,Site Engineer,100000001,Isfahan,8,,,100000002,25.0,,9132b63e-f162-47e4-a9c3-49e03602f8ac,2024-12-07T11:27:00Z,2024-12-12T09:14:00Z,2,6,
ab010785-a046-4ca8-a688-da5b70358c97,"Beams & Sections, 50 t - Omid-Bamdad Contracting",Omid-Bamdad Contracting,Site Engineer,100000000,Hormozgan,8,,,100000001,40.0,,e27a984d-6548-41d0-bfcd-9eb1a7cad415,2024-12-28T05:28:00Z,2025-01-02T07:50:00Z,2,6,
efbc6165-a093-4de0-a9e0-3350819a7246,"Hot-Rolled Sheet, 85 t - Darya Eskelet Felezi Co.",Darya Eskelet Felezi Co.,Project Manager,100000001,Isfahan,8,,,100000002,65.0,e6e987ca-b87b-4384-9fdd-de2ea8a2b7ad,10f1bc81-448a-4a9e-a6b2-bc5b50c187fc,2024-12-17T05:26:00Z,2024-12-22T12:06:00Z,1,3,0a44b9ff-133d-401a-bede-cbbeffb4a107
bc0ae0e0-144f-40eb-8632-04d075cfdbf1,"Galvanized Sheet, 40 t - Varna-Borna Appliance Components",Varna-Borna Appliance Components,Purchasing Manager,100000003,East Azerbaijan,8,,,100000004,40.0,4a3d0480-f84d-4d6f-96dc-ff7effe2050b,beb79919-3f22-4af8-a3be-d01d43cf2fde,2024-12-19T07:41:00Z,2024-12-22T10:31:00Z,1,3,be631d51-a07b-4693-b39f-f4379ec5d0cc
5f361dde-025f-4965-8578-a3148611f2e4,"Rebar, 365 t - Javid Housing Development Group",Javid Housing Development Group,Purchasing Manager,100000005,Hormozgan,8,,,100000000,445.0,,e27a984d-6548-41d0-bfcd-9eb1a7cad415,2024-12-29T05:40:00Z,2025-01-04T09:49:00Z,2,6,
050e2991-a725-482c-961f-1a0fb769c786,"Pipes & Profiles, 25 t - Mahtab Steel Merchants Group",Mahtab Steel Merchants Group,Supply Chain Manager,100000004,Tehran,8,,,100000005,25.0,313d5bd8-b2d9-4bef-ab67-87c270775ba2,b02b61c4-a3d7-4628-ace6-6fa2fd5166e6,2025-01-08T11:00:00Z,2025-01-11T10:05:00Z,1,3,32d35e74-fef1-4c10-af40-0d8340a2b276
d7073400-bb62-4534-9246-60f2b00dfeb6,"Hot-Rolled Sheet, 80 t - Pouya-Sahand Sakhteman",Pouya-Sahand Sakhteman,Managing Director,100000000,Khuzestan,9,,,100000002,90.0,,366eb16f-508e-4ad7-b7c9-3acfe059a0ee,2025-01-19T06:56:00Z,2025-01-22T12:48:00Z,2,4,
042aaea2-353f-4f6f-99d7-d29891854a6f,"Beams & Sections, 10 t - Arvand-Orang Fabrication Works",Arvand-Orang Fabrication Works,Supply Chain Manager,100000001,Alborz,9,,,100000001,15.0,46457263-d8ef-4511-abd6-b7c00a440d7f,b02b61c4-a3d7-4628-ace6-6fa2fd5166e6,2025-01-13T04:45:00Z,2025-01-18T11:51:00Z,1,3,0d8dbb08-597b-49e2-9ab8-14f0a32514d6
1335d076-34fa-4d14-b7bf-688aaf5ff501,"Beams & Sections, 35 t - Ilia-Sepehr Steel Structures",Ilia-Sepehr Steel Structures,Supply Chain Manager,100000001,Khuzestan,8,,,100000001,40.0,8378ede6-85ae-4def-ba5a-46ff5d4b7012,366eb16f-508e-4ad7-b7c9-3acfe059a0ee,2025-01-30T11:14:00Z,2025-02-06T10:05:00Z,1,3,2ce80248-4d2a-4902-80cf-2e665663fe16
09f523c6-5105-4975-8cb4-d49074a95e70,"Beams & Sections, 110 t - Navid-Fardis Eskelet Felezi",Navid-Fardis Eskelet Felezi,Procurement Lead,100000001,Khuzestan,2,,,100000001,110.0,cf52d3bb-f777-4d24-b1e3-25066e3f4391,366eb16f-508e-4ad7-b7c9-3acfe059a0ee,2025-01-29T10:42:00Z,2025-02-04T09:08:00Z,1,3,7acc0b9c-6496-468e-8b9a-85bc41e7528b
446c0bc9-1da2-4b57-a5c1-670b5b93c43c,"Beams & Sections, 105 t - Alvand-Rastin Sakhteman",Alvand-Rastin Sakhteman,Supply Chain Manager,100000000,Khuzestan,8,,,100000001,110.0,,366eb16f-508e-4ad7-b7c9-3acfe059a0ee,2025-01-21T13:03:00Z,2025-02-01T09:53:00Z,2,4,
55068e72-126c-4e76-afee-87df5876d34c,"Hot-Rolled Sheet, 70 t - Borna Metal Center Industries",Borna Metal Center Industries,Site Engineer,100000004,Tehran,8,,,100000002,65.0,,ce177b4e-0837-48a3-9261-a7ab3aa2e4f9,2025-02-02T05:34:00Z,2025-02-06T08:35:00Z,2,6,
21afe3ab-b829-45d5-840d-c11a1ed53091,"Hot-Rolled Sheet, 410 t - Mehr Pipe Works Group",Mehr Pipe Works Group,Project Manager,100000002,Khuzestan,9,,,100000002,230.0,57bf3565-10a6-48ba-a7f4-f69baf6fc8cb,366eb16f-508e-4ad7-b7c9-3acfe059a0ee,2025-02-26T13:12:00Z,2025-02-27T07:39:00Z,1,3,980b63f9-0d7e-46a9-988b-ae7736b246b9
636669a0-8a35-4680-baf7-2cc3c747a6f2,"Galvanized Sheet, 30 t - Sadaf Golkhaneh Sazan Ltd.",Sadaf Golkhaneh Sazan Ltd.,Project Manager,100000006,Fars,9,,,100000004,25.0,,e27a984d-6548-41d0-bfcd-9eb1a7cad415,2025-02-24T11:36:00Z,2025-02-27T09:48:00Z,2,6,
dd71f1df-2c96-43d2-af36-8c1bb59825d1,"Rebar, 505 t - Atlas Steel Merchants Industries",Atlas Steel Merchants Industries,Managing Director,100000004,Fars,2,,,100000000,330.0,a5ac1446-1ae3-4d8d-a494-376e0927a8a3,e27a984d-6548-41d0-bfcd-9eb1a7cad415,2025-02-08T04:56:00Z,2025-02-13T08:48:00Z,1,3,2b63b9a4-7d7d-4da3-98f7-3f1bf8b5b16f
535b9bbf-f6a6-44d4-abff-1e81db64d5f3,"Beams & Sections, 85 t - Mahtab-Dena Contracting",Mahtab-Dena Contracting,Supply Chain Manager,100000000,Tehran,8,,,100000001,120.0,,0e51f30d-c6a7-4e39-84b0-32ccd7c524a5,2025-02-26T06:02:00Z,2025-03-05T07:27:00Z,2,5,
2fd07b2f-7fb8-46bc-9f8e-5693b290256f,"Hot-Rolled Sheet, 85 t - Tirdad-Nasim Sakhteman",Tirdad-Nasim Sakhteman,Site Engineer,100000000,Tehran,9,,,100000002,100.0,e58d67fe-7fcf-4fd6-b337-ac967f2cd3dc,5304317f-af42-412f-b838-b3268e944239,2025-02-01T13:01:00Z,2025-02-08T04:33:00Z,1,3,b34dfd44-8249-43f6-9263-92a1a74b03a8
01c3f43d-2547-48a9-afd8-31ab130aae92,"Hot-Rolled Sheet, 130 t - Javid Loleh Sazi Co.",Javid Loleh Sazi Co.,Site Engineer,100000002,Alborz,2,,,100000002,155.0,ed28e55c-4cf6-4115-ad42-b7e2bf63b3d7,5304317f-af42-412f-b838-b3268e944239,2025-02-17T05:50:00Z,2025-02-19T09:07:00Z,1,3,0a0c4ea6-0007-4233-9519-c716eeca9950
6fdc547f-847e-477d-8c7d-bcfa051ec61c,"Hot-Rolled Sheet, 145 t - Nima Ahan Forooshi Ltd.",Nima Ahan Forooshi Ltd.,Purchasing Manager,100000004,Khuzestan,9,,,100000002,170.0,68528abf-3c1b-4a10-9004-57fc3af0be82,366eb16f-508e-4ad7-b7c9-3acfe059a0ee,2025-02-18T12:39:00Z,2025-02-25T06:21:00Z,1,3,4ad471e5-5be8-47b9-a60c-53811859c275
03d2be8a-ac12-4657-9960-e01809fa5766,"Beams & Sections, 280 t - Atlas Housing Development Co.",Atlas Housing Development Co.,Managing Director,100000005,Fars,8,,,100000001,425.0,,e27a984d-6548-41d0-bfcd-9eb1a7cad415,2025-02-25T09:23:00Z,2025-02-27T09:22:00Z,2,5,
df1730d0-d549-4d0f-930a-0abac83a4d51,"Pipes & Profiles, 30 t - Espadana Greenhouse Structures Ltd.",Espadana Greenhouse Structures Ltd.,Procurement Lead,100000006,Khorasan Razavi,8,,,100000005,30.0,,24933b83-7577-40a9-a491-f0b2ea1fca65,2025-02-22T10:17:00Z,2025-02-25T06:01:00Z,2,5,
cfb3cf0f-0696-4a5d-8f15-7c9dc5c8a431,"Rebar, 90 t - Taban-Hamoon Contracting",Taban-Hamoon Contracting,Site Engineer,100000000,Tehran,9,,,100000000,105.0,,5304317f-af42-412f-b838-b3268e944239,2025-02-03T10:27:00Z,2025-02-08T04:43:00Z,2,5,
ca94f456-fe72-422a-9c50-0de1b5111ce8,"Beams & Sections, 75 t - Elham-Mahan Abadgaran",Elham-Mahan Abadgaran,Site Engineer,100000000,Tehran,2,,,100000001,55.0,,0e51f30d-c6a7-4e39-84b0-32ccd7c524a5,2025-02-15T12:35:00Z,2025-02-19T06:43:00Z,2,4,
13ae046f-bba4-41a0-8e4f-b666e60c99f5,"Galvanized Sheet, 145 t - Arvand Profile Works Group",Arvand Profile Works Group,Supply Chain Manager,100000002,Alborz,9,,,100000004,110.0,,b02b61c4-a3d7-4628-ace6-6fa2fd5166e6,2025-02-23T06:51:00Z,2025-03-02T07:07:00Z,2,6,
54adc14c-b52b-4050-8c40-1b563114707d,"Galvanized Sheet, 15 t - Mehrgan Greenhouse Structures Group",Mehrgan Greenhouse Structures Group,Purchasing Manager,100000006,Khuzestan,9,,,100000004,25.0,2c785b5d-a50f-4e4c-82b6-9b8b6d26c41d,366eb16f-508e-4ad7-b7c9-3acfe059a0ee,2025-02-22T11:16:00Z,2025-02-25T10:07:00Z,1,3,babaaedd-400d-4df1-99a7-cae4882f8f28
efd51617-8854-44fb-be2b-58d97aad1599,"Beams & Sections, 100 t - Kimia Metal Center Industries",Kimia Metal Center Industries,Supply Chain Manager,100000004,Khuzestan,9,,,100000001,140.0,497de16d-d4ea-420a-9e65-96540e9058b6,366eb16f-508e-4ad7-b7c9-3acfe059a0ee,2025-02-16T04:32:00Z,2025-02-18T11:02:00Z,1,3,d1015796-3cf8-4641-a5e6-53b9413d54e0
6ff5e065-d700-43fe-a4ca-768fdaaeff43,"Pipes & Profiles, 15 t - Bamdad Greenhouse Structures Ltd.",Bamdad Greenhouse Structures Ltd.,Purchasing Manager,100000006,Khuzestan,8,,,100000005,15.0,,366eb16f-508e-4ad7-b7c9-3acfe059a0ee,2025-02-27T05:15:00Z,2025-03-02T10:57:00Z,2,5,
2bca9b14-c414-4700-b3c3-046311f01c4a,"Rebar, 95 t - Kaspian Sazeh Co.",Kaspian Sazeh Co.,Managing Director,100000000,Isfahan,2,,,100000000,75.0,3c847821-4f10-4422-9fc2-2517e593562b,10f1bc81-448a-4a9e-a6b2-bc5b50c187fc,2025-02-17T12:54:00Z,2025-02-22T09:06:00Z,2,5,
04ec4364-3063-4d92-8566-2281d1b6a810,"Cold-Rolled Sheet, 40 t - Bamdad-Varna Press Works",Bamdad-Varna Press Works,Purchasing Manager,100000003,Fars,2,,,100000003,35.0,757211ce-749c-4f46-a2aa-7a4ca9c8e5db,e27a984d-6548-41d0-bfcd-9eb1a7cad415,2025-03-02T11:26:00Z,2025-03-08T10:56:00Z,1,3,f9e6ffd0-0345-49e3-8472-1115bf1053ff
7e405778-02f6-48c6-910f-ede881f1fe2d,"Rebar, 40 t - Kian-Tirdad Abadgaran",Kian-Tirdad Abadgaran,Managing Director,100000000,Khorasan Razavi,8,,,100000000,35.0,,24933b83-7577-40a9-a491-f0b2ea1fca65,2025-03-22T11:09:00Z,2025-03-26T06:31:00Z,2,4,
b7427eb6-154f-4243-9bc7-5849a20fcc8f,"Beams & Sections, 15 t - Bamdad-Hoda Construction",Bamdad-Hoda Construction,Procurement Lead,100000000,Mazandaran,2,,,100000001,15.0,,5304317f-af42-412f-b838-b3268e944239,2025-03-12T05:53:00Z,2025-03-16T05:29:00Z,2,4,
938a9468-7453-465d-9aff-c139fe4d2f7a,"Beams & Sections, 340 t - Sabalan Metal Center Industries",Sabalan Metal Center Industries,Managing Director,100000004,Khuzestan,8,,,100000001,325.0,72652f1e-47b0-41ec-8a32-7480ba9583c5,366eb16f-508e-4ad7-b7c9-3acfe059a0ee,2025-03-09T05:27:00Z,2025-03-11T06:03:00Z,2,6,
b5e1d78b-d421-4350-957a-405262a5f10a,"Rebar, 80 t - Dena-Tirdad Builders",Dena-Tirdad Builders,Project Manager,100000000,Isfahan,8,,,100000000,75.0,cfc150f3-96f2-45b5-a6a9-ded1eac3c934,10f1bc81-448a-4a9e-a6b2-bc5b50c187fc,2025-03-01T08:36:00Z,2025-03-06T07:30:00Z,1,3,cdee9017-b9a5-41ff-8fc5-afb707fb089a
1dfc907e-bbc6-4b49-934c-e33af797e352,"Galvanized Sheet, 70 t - Kavir Sabz Golkhaneh Sazan Ltd.",Kavir Sabz Golkhaneh Sazan Ltd.,Site Engineer,100000006,Khorasan Razavi,8,,,100000004,70.0,,24933b83-7577-40a9-a491-f0b2ea1fca65,2025-03-31T08:38:00Z,2025-04-05T08:21:00Z,2,6,
ea8df3c5-8fef-4cb6-ae96-21d1e1b1727a,"Hot-Rolled Sheet, 50 t - Diba-Sahand Abadgaran",Diba-Sahand Abadgaran,Purchasing Manager,100000000,Isfahan,8,,,100000002,35.0,,9132b63e-f162-47e4-a9c3-49e03602f8ac,2025-03-11T06:03:00Z,2025-03-15T08:08:00Z,2,5,
05183c91-f6da-4faa-99d1-b04c16622d42,"Galvanized Sheet, 55 t - Sabalan-Farnam Appliance Components",Sabalan-Farnam Appliance Components,Purchasing Manager,100000003,East Azerbaijan,8,,,100000004,65.0,be065757-06e7-4c94-9ff1-e6313d474260,beb79919-3f22-4af8-a3be-d01d43cf2fde,2025-03-20T05:49:00Z,2025-03-24T04:42:00Z,1,3,7ed611e0-3b08-4367-b2aa-825cc1770064
a7bb4627-a885-4123-ae37-2b5e91678c1a,"Hot-Rolled Sheet, 80 t - Jahan Metal Center Industries",Jahan Metal Center Industries,Procurement Lead,100000004,Isfahan,8,,,100000002,55.0,,9132b63e-f162-47e4-a9c3-49e03602f8ac,2025-03-22T07:36:00Z,2025-03-26T05:13:00Z,2,6,
c647557b-0548-4f63-a978-1b66c1e59c43,"Pipes & Profiles, 150 t - Behsaz Iron & Steel Supply Ltd.",Behsaz Iron & Steel Supply Ltd.,Managing Director,100000004,Fars,9,,,100000005,190.0,f85d598a-a5ee-4b09-9874-7a5c954d9337,e27a984d-6548-41d0-bfcd-9eb1a7cad415,2025-03-25T05:56:00Z,2025-03-30T05:00:00Z,1,3,3d1a508d-79a0-4a8f-a0ca-37b95f4527d6
641b6de8-6420-4cc9-8b46-730b58b00aeb,"Pipes & Profiles, 30 t - Sahand Golkhaneh Sazan Group",Sahand Golkhaneh Sazan Group,Supply Chain Manager,100000006,Tehran,9,,,100000005,25.0,0511a147-5aae-47ff-9722-6456b74c2e80,0e51f30d-c6a7-4e39-84b0-32ccd7c524a5,2025-03-15T04:33:00Z,2025-03-20T05:58:00Z,1,3,52552137-c481-4378-9cc9-045d2b34c2b2
a60b01da-06c9-4c31-a545-7caf86b030c8,"Beams & Sections, 20 t - Alvand-Diba Contracting",Alvand-Diba Contracting,Procurement Lead,100000000,Isfahan,2,,,100000001,20.0,,9132b63e-f162-47e4-a9c3-49e03602f8ac,2025-03-18T07:53:00Z,2025-03-24T10:45:00Z,2,4,
6a84d736-0b05-45c9-b7d6-43db8c63dc6c,"Rebar, 75 t - Saba-Shahab Sazeh",Saba-Shahab Sazeh,Procurement Lead,100000000,Fars,8,,,100000000,85.0,,e27a984d-6548-41d0-bfcd-9eb1a7cad415,2025-03-04T10:11:00Z,2025-03-06T05:12:00Z,2,4,
f69f954d-f9e1-49df-bbc9-31d159fae6e1,"Galvanized Sheet, 105 t - Sahand Agri-Steel Co.",Sahand Agri-Steel Co.,Procurement Lead,100000006,Tehran,9,,,100000004,105.0,7e7838c9-ca55-438b-bc9a-be10238d6f44,5304317f-af42-412f-b838-b3268e944239,2025-03-12T13:14:00Z,2025-03-16T13:23:00Z,1,3,e8d5dc8c-24be-4697-9183-9b26d48e3812
49b549cc-bfb1-49da-92eb-ff8f95c51842,"Pipes & Profiles, 400 t - Rayan Ahan Forooshi Co.",Rayan Ahan Forooshi Co.,Project Manager,100000004,Alborz,2,,,100000005,290.0,,0e51f30d-c6a7-4e39-84b0-32ccd7c524a5,2025-03-24T06:58:00Z,2025-03-30T06:38:00Z,2,6,
a2bcdf45-98a2-4020-ae18-5055b2fc8f24,"Pipes & Profiles, 25 t - Kaspian Golkhaneh Sazan Co.",Kaspian Golkhaneh Sazan Co.,Site Engineer,100000006,Tehran,8,,,100000005,35.0,822c4d32-6c64-4c15-aba3-01cba561e1e9,b02b61c4-a3d7-4628-ace6-6fa2fd5166e6,2025-04-19T12:49:00Z,2025-04-22T10:00:00Z,2,4,
66202ac2-70b2-4f07-8ad4-c05df7fb0119,"Beams & Sections, 65 t - Shahab-Ava Steel Structures",Shahab-Ava Steel Structures,Procurement Lead,100000001,Isfahan,8,,,100000001,40.0,,10f1bc81-448a-4a9e-a6b2-bc5b50c187fc,2025-04-12T05:54:00Z,2025-04-14T12:50:00Z,2,6,
bdf218f9-1c0c-4822-8137-83ada15e7cc4,"Rebar, 55 t - Tina-Parsian Omran",Tina-Parsian Omran,Site Engineer,100000000,Tehran,8,,,100000000,65.0,,5304317f-af42-412f-b838-b3268e944239,2025-04-16T04:34:00Z,2025-04-19T11:21:00Z,2,7,
69be1e6e-35e2-4593-895e-9fbae09b1353,"Wire Rod, 170 t - Diba Foolad Trading Group",Diba Foolad Trading Group,Site Engineer,100000004,Khorasan Razavi,2,,,100000006,155.0,41a5bf2e-76f4-4d2d-9981-9f9d349de483,24933b83-7577-40a9-a491-f0b2ea1fca65,2025-04-10T05:58:00Z,2025-04-13T12:30:00Z,1,3,196da162-e639-4b35-b62e-9682310c7e7e
f4a62e78-d561-4044-9040-fb2a4771ffb7,"Wire Rod, 225 t - Arvand Metals Supply Industries",Arvand Metals Supply Industries,Project Manager,100000004,Alborz,9,,,100000006,165.0,705ad90a-6f79-4139-ba6d-befbc44e9e72,ce177b4e-0837-48a3-9261-a7ab3aa2e4f9,2025-04-24T09:07:00Z,2025-05-01T07:01:00Z,1,3,a3d781ac-fe37-4a37-b52c-4b2cf67cb759
f8134e00-05f6-4fde-9f10-c67f55350761,"Beams & Sections, 20 t - Bamdad-Orang Steel Structures",Bamdad-Orang Steel Structures,Purchasing Manager,100000001,Tehran,2,,,100000001,25.0,d362e7f0-3032-4ca8-8771-90690a67aed7,b02b61c4-a3d7-4628-ace6-6fa2fd5166e6,2025-04-29T07:16:00Z,2025-05-04T11:48:00Z,1,3,ead2d29a-f633-459d-829d-ca45b084435c
deeca657-a445-46ea-96c8-18077e638fb0,"Rebar, 75 t - Kowsar Metal Center Group",Kowsar Metal Center Group,Project Manager,100000004,Khorasan Razavi,8,,,100000000,85.0,,24933b83-7577-40a9-a491-f0b2ea1fca65,2025-04-19T11:29:00Z,2025-04-22T12:54:00Z,2,4,
9eec645d-2d67-4a35-a4a4-603521dc9c8b,"Pipes & Profiles, 80 t - Behsaz Metals Supply Industries",Behsaz Metals Supply Industries,Purchasing Manager,100000004,Isfahan,8,,,100000005,90.0,64c71071-8f17-44f0-92c0-06cd3f6f25a2,10f1bc81-448a-4a9e-a6b2-bc5b50c187fc,2025-04-03T07:25:00Z,2025-04-07T12:30:00Z,1,3,b6ff9f37-e133-49e8-bb78-35067d785031
f263536c-32a5-4aba-a83d-c3c80928c6d3,"Hot-Rolled Sheet, 115 t - Alvand Profile Works Ltd.",Alvand Profile Works Ltd.,Purchasing Manager,100000002,Isfahan,9,,,100000002,150.0,,10f1bc81-448a-4a9e-a6b2-bc5b50c187fc,2025-04-12T06:24:00Z,2025-04-15T06:38:00Z,2,5,
5e025c70-f396-4535-b8d3-c99e65485986,"Beams & Sections, 35 t - Darya Construction Co.",Darya Construction Co.,Project Manager,100000000,East Azerbaijan,8,,,100000001,35.0,1b84edc3-d8e0-49de-8217-ea0e896490ab,beb79919-3f22-4af8-a3be-d01d43cf2fde,2025-04-26T05:56:00Z,2025-04-30T11:08:00Z,1,3,241e7855-587d-4c08-8f84-244a72e5ac50
a9510051-423a-4529-bf92-c00e50c32d0a,"Hot-Rolled Sheet, 120 t - Tous-Navid Contracting",Tous-Navid Contracting,Purchasing Manager,100000000,Mazandaran,8,,,100000002,115.0,754c30d3-0e85-4646-abb8-41c31aca94c5,0e51f30d-c6a7-4e39-84b0-32ccd7c524a5,2025-05-24T08:35:00Z,2025-05-26T09:10:00Z,1,3,afb9b175-f808-493a-af4c-460508f0d796
d392d5ec-c336-4b4a-8b75-b5f88bb25f9b,"Wire Rod, 20 t - Sahand Agri-Steel Ltd.",Sahand Agri-Steel Ltd.,Project Manager,100000006,Tehran,9,,,100000006,15.0,,b02b61c4-a3d7-4628-ace6-6fa2fd5166e6,2025-05-24T11:37:00Z,2025-05-28T05:50:00Z,2,5,
008bb736-db32-4f5c-96c8-8a748a2e9624,"Beams & Sections, 380 t - Bamdad Foolad Trading Industries",Bamdad Foolad Trading Industries,Managing Director,100000004,Tehran,2,,,100000001,225.0,3d44f271-d8d9-4214-a6f8-454d80b60ff3,ce177b4e-0837-48a3-9261-a7ab3aa2e4f9,2025-05-20T08:59:00Z,2025-05-22T08:41:00Z,1,3,ee86998f-679c-411d-98b6-d8c2e6121a25
d00fdb10-18ca-4e7e-a818-93c741d02f19,"Beams & Sections, 165 t - Ofogh Housing Development Group",Ofogh Housing Development Group,Purchasing Manager,100000005,East Azerbaijan,9,,,100000001,130.0,67ce378f-e5a4-483b-a383-889adb2c6ac8,beb79919-3f22-4af8-a3be-d01d43cf2fde,2025-05-18T07:18:00Z,2025-05-21T08:33:00Z,2,4,
b44c9c38-7d33-4555-98f5-83f176cb34a0,"Cold-Rolled Sheet, 20 t - Aban Press Works Industries",Aban Press Works Industries,Purchasing Manager,100000003,Khuzestan,2,,,100000003,20.0,,366eb16f-508e-4ad7-b7c9-3acfe059a0ee,2025-05-10T07:14:00Z,2025-05-17T13:11:00Z,2,7,
668a631f-e2f9-4470-9d20-14765a820f9c,"Beams & Sections, 85 t - Alvand Steel Merchants Ltd.",Alvand Steel Merchants Ltd.,Site Engineer,100000004,Khorasan Razavi,8,,,100000001,140.0,,24933b83-7577-40a9-a491-f0b2ea1fca65,2025-05-05T09:04:00Z,2025-05-11T04:31:00Z,2,6,
c8b94082-392f-432d-87db-b9910c482a02,"Beams & Sections, 40 t - Diba-Parsian Construction",Diba-Parsian Construction,Project Manager,100000000,Alborz,8,,,100000001,45.0,,b02b61c4-a3d7-4628-ace6-6fa2fd5166e6,2025-05-31T11:10:00Z,2025-06-01T10:10:00Z,2,6,
b0809fc0-2009-491e-a42c-e7a1a5985a38,"Beams & Sections, 30 t - Elham-Mehr Sazeh",Elham-Mehr Sazeh,Managing Director,100000000,Isfahan,8,,,100000001,40.0,,9132b63e-f162-47e4-a9c3-49e03602f8ac,2025-05-11T09:12:00Z,2025-05-12T09:40:00Z,2,4,
5729846b-04c6-44da-9aca-a8586e7894b6,"Hot-Rolled Sheet, 35 t - Iranmehr-Vista Construction",Iranmehr-Vista Construction,Project Manager,100000000,Tehran,8,,,100000002,25.0,,5304317f-af42-412f-b838-b3268e944239,2025-05-11T07:25:00Z,2025-05-17T10:59:00Z,2,4,
2b5c0b76-09a0-4b9f-b24e-2646db71bec2,"Rebar, 20 t - Kavir Sabz-Diba Builders",Kavir Sabz-Diba Builders,Managing Director,100000000,Mazandaran,8,,,100000000,25.0,,0e51f30d-c6a7-4e39-84b0-32ccd7c524a5,2025-05-10T07:09:00Z,2025-05-13T09:22:00Z,2,5,
a6521543-85f1-4f1d-ae19-b9c7d96cf903,"Beams & Sections, 50 t - Kowsar-Espadana Steel Structures",Kowsar-Espadana Steel Structures,Project Manager,100000001,Khuzestan,8,,,100000001,30.0,,366eb16f-508e-4ad7-b7c9-3acfe059a0ee,2025-05-03T12:25:00Z,2025-05-08T05:03:00Z,2,6,
b510ffa9-174d-4bfc-a720-5ea12461a17f,"Beams & Sections, 45 t - Borna-Iranmehr Contracting",Borna-Iranmehr Contracting,Procurement Lead,100000000,Alborz,9,,,100000001,25.0,6694dda3-ceec-482b-81d4-186f8a7a59d0,0e51f30d-c6a7-4e39-84b0-32ccd7c524a5,2025-05-29T06:09:00Z,2025-06-01T10:53:00Z,1,3,83a77c99-4594-4b38-a1af-80f5b8bdb73d
fa5a3f8b-dfa0-48db-800b-7fd9e739cfc1,"Hot-Rolled Sheet, 60 t - Arman-Persis Fabrication Works",Arman-Persis Fabrication Works,Project Manager,100000001,Tehran,2,,,100000002,55.0,5a2ed6c2-4640-4319-baae-d6f073255bc0,5304317f-af42-412f-b838-b3268e944239,2025-05-15T10:43:00Z,2025-05-19T11:04:00Z,1,3,52476273-09bc-4981-976d-2a5d28621722
f6a0b00e-9b42-43b3-a077-88c730b07cdc,"Wire Rod, 410 t - Rayan Metal Center Ltd.",Rayan Metal Center Ltd.,Procurement Lead,100000004,Fars,9,,,100000006,615.0,4148c6bf-4dbc-49ca-8dc1-26a3a39572b8,e27a984d-6548-41d0-bfcd-9eb1a7cad415,2025-05-26T05:38:00Z,2025-05-28T08:56:00Z,1,3,51c04ecb-bb60-43e3-8123-8e20f98dd6a8
d8e3b5f9-b752-415a-bb5e-f843394ebb3c,"Cold-Rolled Sheet, 60 t - Laleh Press Works Group",Laleh Press Works Group,Site Engineer,100000003,Alborz,9,,,100000003,55.0,60b3bd84-3b5a-4632-a76c-5bab70f05755,5304317f-af42-412f-b838-b3268e944239,2025-05-21T07:10:00Z,2025-05-24T08:24:00Z,1,3,a4bc76bc-bf5b-4949-b3e1-ef113ee98430
09788a75-a55d-4226-a4e4-15d2c5693b6c,"Galvanized Sheet, 35 t - Mehr-Iranmehr Press Works",Mehr-Iranmehr Press Works,Procurement Lead,100000003,Khuzestan,8,,,100000004,45.0,,366eb16f-508e-4ad7-b7c9-3acfe059a0ee,2025-05-17T06:06:00Z,2025-05-18T06:30:00Z,2,4,
56e63c79-7038-4406-944c-3c1483185b55,"Beams & Sections, 55 t - Navid-Borna Steel Structures",Navid-Borna Steel Structures,Procurement Lead,100000001,Isfahan,8,,,100000001,60.0,8754204e-1acc-416e-b750-9dccc0f6015f,10f1bc81-448a-4a9e-a6b2-bc5b50c187fc,2025-06-05T12:13:00Z,2025-06-10T06:18:00Z,1,3,26f4a4ef-dec3-4eb3-b79a-ff9651e29252
4142eb1c-a767-4aa0-b7c2-dcd6b71fa379,"Rebar, 120 t - Golestan-Yekta Omran",Golestan-Yekta Omran,Procurement Lead,100000000,Khuzestan,9,,,100000000,120.0,,366eb16f-508e-4ad7-b7c9-3acfe059a0ee,2025-06-03T10:27:00Z,2025-06-11T11:28:00Z,2,6,
7cb94439-a46c-4006-aa7b-0c8f97f8b7d9,"Rebar, 45 t - Diba-Helia Builders",Diba-Helia Builders,Project Manager,100000000,Fars,8,,,100000000,50.0,,e27a984d-6548-41d0-bfcd-9eb1a7cad415,2025-06-15T10:06:00Z,2025-06-19T11:41:00Z,2,4,
4b9f84d9-33e1-4105-98d1-a80d2835ba6d,"Pipes & Profiles, 40 t - Ilia-Yekta Construction",Ilia-Yekta Construction,Managing Director,100000000,East Azerbaijan,9,,,100000005,45.0,28dec2fa-f5b9-4bb5-a5c1-f69af9fbf715,beb79919-3f22-4af8-a3be-d01d43cf2fde,2025-06-30T11:36:00Z,2025-07-07T08:12:00Z,1,3,e3408018-be2b-447a-b32c-bcd0cbbbd89a
6d2f0627-d073-4f84-8168-0e731c823380,"Hot-Rolled Sheet, 200 t - Negin Profile Sazan Group",Negin Profile Sazan Group,Project Manager,100000002,Tehran,8,,,100000002,170.0,6d5cd5d4-e464-4a8f-b207-7a5260cacb6d,5304317f-af42-412f-b838-b3268e944239,2025-06-26T07:43:00Z,2025-06-28T07:38:00Z,1,3,48f99917-b5cd-413a-a13c-fcebac89ba55
e2b77137-8173-41c0-913d-5c96dfab137c,"Pipes & Profiles, 65 t - Shahab Metals Supply Industries",Shahab Metals Supply Industries,Supply Chain Manager,100000004,Tehran,9,,,100000005,75.0,c165e304-217b-4528-8d67-c05a5c4be64b,ce177b4e-0837-48a3-9261-a7ab3aa2e4f9,2025-06-14T06:36:00Z,2025-06-19T09:13:00Z,1,3,4bd82444-ddd4-4c7a-8d5a-ebc4891297de
d1678ac0-8e89-4a97-b7f1-c35a939e51d2,"Wire Rod, 65 t - Zagros Foolad Trading Co.",Zagros Foolad Trading Co.,Purchasing Manager,100000004,Fars,9,,,100000006,50.0,a8b62ca9-a0c1-408c-8aa0-177aeaa31841,e27a984d-6548-41d0-bfcd-9eb1a7cad415,2025-06-28T08:16:00Z,2025-07-05T05:50:00Z,1,3,c985a48b-5918-41c9-8018-68fa4f5e403c
a041fba8-4b69-47f6-b8ce-5f6c4cf066e1,"Rebar, 185 t - Kowsar-Alvand Abadgaran",Kowsar-Alvand Abadgaran,Procurement Lead,100000000,Khuzestan,9,,,100000000,160.0,,366eb16f-508e-4ad7-b7c9-3acfe059a0ee,2025-06-14T07:04:00Z,2025-06-17T09:24:00Z,2,4,
663f305c-8cef-48c6-9302-c999e19b1158,"Cold-Rolled Sheet, 80 t - Sadaf-Persis Auto Parts Mfg.",Sadaf-Persis Auto Parts Mfg.,Managing Director,100000003,Tehran,9,,,100000003,95.0,,b02b61c4-a3d7-4628-ace6-6fa2fd5166e6,2025-06-07T09:28:00Z,2025-06-12T08:16:00Z,2,5,
63da8122-fd78-4134-b2cf-1197fae72a7b,"Beams & Sections, 365 t - Atlas Housing Development Industries",Atlas Housing Development Industries,Site Engineer,100000005,Alborz,2,,,100000001,240.0,b60d229a-9ae2-4397-a32f-a8fa0b26054d,ce177b4e-0837-48a3-9261-a7ab3aa2e4f9,2025-06-14T11:12:00Z,2025-06-18T12:57:00Z,1,3,215bb2bc-e11b-4892-a760-68a43071eb63
fcfb993e-54ab-45c9-8b2d-065c67888389,"Cold-Rolled Sheet, 10 t - Iranmehr-Gilan Press Works",Iranmehr-Gilan Press Works,Supply Chain Manager,100000003,Fars,2,,,100000003,10.0,0443777c-7ab8-4d02-85ac-3f00338f29be,e27a984d-6548-41d0-bfcd-9eb1a7cad415,2025-06-26T08:50:00Z,2025-07-01T10:21:00Z,1,3,a67a33b2-e0f1-4e78-9cd8-f495dc54abbf
cc43ae7a-99d6-4357-a45c-049a775f2613,"Pipes & Profiles, 65 t - Mehr-Ofogh Contracting",Mehr-Ofogh Contracting,Purchasing Manager,100000000,Fars,8,,,100000005,60.0,,e27a984d-6548-41d0-bfcd-9eb1a7cad415,2025-06-15T08:42:00Z,2025-06-18T11:51:00Z,2,4,
5be1c022-1361-4113-85db-1d9af19dba69,"Wire Rod, 170 t - Borna Metals Supply Group",Borna Metals Supply Group,Site Engineer,100000004,Tehran,9,,,100000006,245.0,e97aa6b5-39d4-4db1-8d3d-2f6ba3248246,b02b61c4-a3d7-4628-ace6-6fa2fd5166e6,2025-06-22T08:11:00Z,2025-06-28T10:55:00Z,1,3,a17f0299-7284-4edf-b1a8-a02448d08dd9
ff0a0c79-ee0e-4a3c-bd1e-9491f61e1fc5,"Beams & Sections, 95 t - Saba-Saba Steel Structures",Saba-Saba Steel Structures,Procurement Lead,100000001,East Azerbaijan,9,,,100000001,120.0,f27efe6c-0564-4530-8e6c-3463f6ea1983,beb79919-3f22-4af8-a3be-d01d43cf2fde,2025-06-05T10:11:00Z,2025-06-10T10:42:00Z,1,3,b7784aec-cf7e-49af-b03b-99e190b28dea
2622bdd7-871e-490a-9b2e-8ba82de9c946,"Beams & Sections, 55 t - Elham-Farnam Builders",Elham-Farnam Builders,Project Manager,100000000,Mazandaran,2,,,100000001,65.0,85582441-8f60-4c12-bf05-3e6fc75b7a65,0e51f30d-c6a7-4e39-84b0-32ccd7c524a5,2025-06-11T07:26:00Z,2025-06-14T04:41:00Z,1,3,73a7f879-9773-4dd4-aef4-173096cfd90f
7dcfe169-a68e-4207-8de7-e0cc1ba93342,"Rebar, 75 t - Kian-Taban Sakhteman",Kian-Taban Sakhteman,Project Manager,100000000,Tehran,8,,,100000000,110.0,4efaa16b-ea35-4283-8d82-721d75361064,b02b61c4-a3d7-4628-ace6-6fa2fd5166e6,2025-06-18T11:15:00Z,2025-06-25T05:35:00Z,1,3,b39cf12f-8b09-40e9-a417-2bd1b1d2c204
22044c8a-d81a-4fb7-86bf-9ab138ed7921,"Rebar, 10 t - Raman-Kimia Builders",Raman-Kimia Builders,Supply Chain Manager,100000000,Isfahan,8,,,100000000,10.0,0f3ffc17-ac5e-453e-9379-61a65b051098,10f1bc81-448a-4a9e-a6b2-bc5b50c187fc,2025-06-19T10:29:00Z,2025-06-22T11:17:00Z,1,3,d14b740f-76c3-4232-a470-a5d8fafd37bc
0e3568a2-cd72-49f5-b603-5714a67e52f0,"Hot-Rolled Sheet, 55 t - Kian Sakhteman Co.",Kian Sakhteman Co.,Purchasing Manager,100000000,Khuzestan,8,,,100000002,50.0,60bf684e-240d-483a-8dd0-64e34b50c34d,366eb16f-508e-4ad7-b7c9-3acfe059a0ee,2025-06-23T11:22:00Z,2025-06-28T08:01:00Z,2,6,
52233ce1-c6fd-4935-88d9-592200266fe5,"Hot-Rolled Sheet, 115 t - Tina Steel Depot Industries",Tina Steel Depot Industries,Purchasing Manager,100000004,Alborz,9,,,100000002,150.0,1f8b4af1-96bc-432d-ac11-7babd6642fe8,ce177b4e-0837-48a3-9261-a7ab3aa2e4f9,2025-06-19T06:09:00Z,2025-06-22T08:45:00Z,2,4,
d1841dfd-e489-4416-a1dd-bcaea314864b,"Hot-Rolled Sheet, 30 t - Tarava Eskelet Felezi Group",Tarava Eskelet Felezi Group,Site Engineer,100000001,Khuzestan,9,,,100000002,30.0,d02c75f9-198d-43a4-8cd2-0e4376dae194,366eb16f-508e-4ad7-b7c9-3acfe059a0ee,2025-06-17T07:07:00Z,2025-06-19T10:32:00Z,1,3,487aad88-1ed1-43e4-a4de-ce0981dd1eaa
f8db62bb-2e46-469f-84e5-46c31165f7e4,"Beams & Sections, 105 t - Raman Ahan Bazar Industries",Raman Ahan Bazar Industries,Supply Chain Manager,100000004,Isfahan,2,,,100000001,110.0,,10f1bc81-448a-4a9e-a6b2-bc5b50c187fc,2025-07-31T04:59:00Z,2025-08-09T08:49:00Z,2,6,
bc0db6b7-6f3e-4469-94ba-c7b617d8e14f,"Hot-Rolled Sheet, 90 t - Kimia-Zarrin Auto Parts Mfg.",Kimia-Zarrin Auto Parts Mfg.,Supply Chain Manager,100000003,Tehran,9,,,100000002,150.0,107bde00-b572-4d3d-aa6e-26df6fcdef95,b02b61c4-a3d7-4628-ace6-6fa2fd5166e6,2025-07-15T09:07:00Z,2025-07-22T10:51:00Z,1,3,96ca6de4-0e13-4524-90ec-e69431f33af3
e18732f8-8220-4fb1-8676-f767a429ec07,"Rebar, 200 t - Behsaz Housing Development Ltd.",Behsaz Housing Development Ltd.,Supply Chain Manager,100000005,East Azerbaijan,8,,,100000000,180.0,,beb79919-3f22-4af8-a3be-d01d43cf2fde,2025-07-09T08:32:00Z,2025-07-14T06:40:00Z,2,4,
4d3e6f13-6aa4-40c9-bdf8-c314a70fabc9,"Rebar, 55 t - Espadana-Aban Sakhteman",Espadana-Aban Sakhteman,Site Engineer,100000000,Isfahan,9,,,100000000,55.0,7ed62c37-be9c-4d33-9c97-65e2ae627433,9132b63e-f162-47e4-a9c3-49e03602f8ac,2025-07-03T11:41:00Z,2025-07-07T05:10:00Z,1,3,90e58c66-10c4-4164-92e0-cec0bf440417
c33168d4-0f67-42ab-b3f5-95c7795cd013,"Rebar, 40 t - Karun-Zarrin Construction",Karun-Zarrin Construction,Project Manager,100000000,Tehran,9,,,100000000,50.0,,0e51f30d-c6a7-4e39-84b0-32ccd7c524a5,2025-07-12T10:09:00Z,2025-07-14T07:44:00Z,2,6,
c4115792-4142-4086-ab71-63277e1b16bf,"Rebar, 240 t - Dena Metals Supply Co.",Dena Metals Supply Co.,Managing Director,100000004,Hormozgan,8,,,100000000,280.0,ad35d894-698d-4cc1-93d0-bc9427b399d3,e27a984d-6548-41d0-bfcd-9eb1a7cad415,2025-07-03T08:43:00Z,2025-07-07T11:55:00Z,1,3,94e0f8d0-9c35-444e-9b45-eb213bcf8fdf
e7a92d70-33c7-4f35-8a42-192e82c0ba74,"Cold-Rolled Sheet, 40 t - Mahtab-Borna Auto Parts Mfg.",Mahtab-Borna Auto Parts Mfg.,Site Engineer,100000003,Khorasan Razavi,9,,,100000003,30.0,,24933b83-7577-40a9-a491-f0b2ea1fca65,2025-07-08T13:01:00Z,2025-07-13T13:15:00Z,2,7,
85317824-7234-4512-a05c-047ed4385447,"Beams & Sections, 25 t - Farnam-Yekta Fabrication Works",Farnam-Yekta Fabrication Works,Managing Director,100000001,Tehran,9,,,100000001,25.0,f05bb082-4c33-4940-b973-070322522961,b02b61c4-a3d7-4628-ace6-6fa2fd5166e6,2025-07-19T12:45:00Z,2025-07-26T13:13:00Z,1,3,516c8225-7eac-408e-89a4-34c91ef2b337
1f1494a1-c30c-4192-b899-ec2cff57635c,"Hot-Rolled Sheet, 160 t - Aban Iron & Steel Supply Ltd.",Aban Iron & Steel Supply Ltd.,Supply Chain Manager,100000004,Isfahan,9,,,100000002,155.0,,9132b63e-f162-47e4-a9c3-49e03602f8ac,2025-07-22T06:04:00Z,2025-07-27T05:06:00Z,2,5,
20b1fa73-c790-4243-81aa-98d5e0c9684e,"Beams & Sections, 75 t - Fardis-Chakad Sazeh",Fardis-Chakad Sazeh,Site Engineer,100000000,Alborz,8,,,100000001,65.0,91f01de0-2e4b-4c7f-9782-7826f6d000dd,0e51f30d-c6a7-4e39-84b0-32ccd7c524a5,2025-07-08T08:33:00Z,2025-07-12T12:45:00Z,1,3,4c1cbb45-b06e-4c9c-95e0-d06bed2ac32b
605d7c68-aae9-4405-a9c0-0af03906418e,"Galvanized Sheet, 5 t - Persis Agri-Steel Industries",Persis Agri-Steel Industries,Purchasing Manager,100000006,Tehran,8,,,100000004,5.0,4e114722-c771-4f14-bbff-55fd038d60da,5304317f-af42-412f-b838-b3268e944239,2025-07-09T12:19:00Z,2025-07-12T06:19:00Z,1,3,c325105c-a4a1-4661-a862-665584cfcb10
829a4fe0-f7f9-4653-a246-f2d5958a9a82,"Hot-Rolled Sheet, 115 t - Mehr Profile Works Industries",Mehr Profile Works Industries,Procurement Lead,100000002,East Azerbaijan,9,,,100000002,90.0,,beb79919-3f22-4af8-a3be-d01d43cf2fde,2025-07-23T04:36:00Z,2025-07-26T12:57:00Z,2,6,
5c7acc79-72ed-4bf9-9ae4-fa2e3f2e653c,"Hot-Rolled Sheet, 260 t - Parsian Profile Works Industries",Parsian Profile Works Industries,Supply Chain Manager,100000002,Tehran,9,,,100000002,210.0,a0dd8351-4c63-4b37-a81d-a87066393244,0e51f30d-c6a7-4e39-84b0-32ccd7c524a5,2025-07-05T11:25:00Z,2025-07-09T08:33:00Z,1,3,f45dbbd1-e021-43f9-b04b-dd28ad20aba4
af9327ef-2e63-40e2-ab65-093cf068fd68,"Beams & Sections, 65 t - Farnam-Kavir Sabz Fabrication Works",Farnam-Kavir Sabz Fabrication Works,Purchasing Manager,100000001,Tehran,8,,,100000001,75.0,,5304317f-af42-412f-b838-b3268e944239,2025-07-10T06:29:00Z,2025-07-12T13:14:00Z,2,6,
e0567141-811b-4639-9ba9-3a2465d0f3ba,"Beams & Sections, 165 t - Laleh Rail & Road Projects Ltd.",Laleh Rail & Road Projects Ltd.,Supply Chain Manager,100000005,Isfahan,8,,,100000001,125.0,,10f1bc81-448a-4a9e-a6b2-bc5b50c187fc,2025-08-07T07:25:00Z,2025-08-13T09:47:00Z,2,5,
116c8649-02dc-414a-b77f-bf25daa977ff,"Hot-Rolled Sheet, 105 t - Fardis Profile Works Industries",Fardis Profile Works Industries,Managing Director,100000002,Tehran,8,,,100000002,90.0,,5304317f-af42-412f-b838-b3268e944239,2025-08-23T13:08:00Z,2025-08-26T10:42:00Z,2,5,
db8d57d9-45c6-46c3-8ffb-db8f723f155c,"Galvanized Sheet, 25 t - Sabalan Golkhaneh Sazan Group",Sabalan Golkhaneh Sazan Group,Purchasing Manager,100000006,Tehran,8,,,100000004,25.0,ddbbf6e3-2591-4040-b902-7e9ae79a71c2,5304317f-af42-412f-b838-b3268e944239,2025-08-20T13:20:00Z,2025-08-23T11:44:00Z,1,3,046188b2-5636-4e16-9f36-749acc02e629
101231ed-7363-42b3-84fb-c7dcdedf7eed,"Galvanized Sheet, 35 t - Mahtab-Tina Auto Parts Mfg.",Mahtab-Tina Auto Parts Mfg.,Project Manager,100000003,Mazandaran,2,,,100000004,50.0,c73ab963-a60a-429b-b8ef-6894a6c4a73e,5304317f-af42-412f-b838-b3268e944239,2025-08-16T06:04:00Z,2025-08-20T07:18:00Z,1,3,8f9e795e-095f-4bf2-9f42-00bf8fe3819d
21a6f458-064f-4228-b986-9af6443a3ac2,"Rebar, 90 t - Rahyab-Vista Sazeh",Rahyab-Vista Sazeh,Procurement Lead,100000000,Tehran,8,,,100000000,75.0,,b02b61c4-a3d7-4628-ace6-6fa2fd5166e6,2025-08-02T09:19:00Z,2025-08-05T10:16:00Z,2,4,
b7809ea5-e609-4b66-b755-807ba9896bbe,"Rebar, 80 t - Atlas-Tina Construction",Atlas-Tina Construction,Purchasing Manager,100000000,Isfahan,8,,,100000000,95.0,b8fcc7fd-f729-4f09-868a-00a99a2f99a7,10f1bc81-448a-4a9e-a6b2-bc5b50c187fc,2025-08-16T06:33:00Z,2025-08-17T11:48:00Z,2,4,
2d3eca85-d8e5-4638-9f73-11c945337b06,"Hot-Rolled Sheet, 175 t - Behsaz-Espadana Omran",Behsaz-Espadana Omran,Purchasing Manager,100000000,Alborz,2,,,100000002,100.0,,5304317f-af42-412f-b838-b3268e944239,2025-08-03T10:17:00Z,2025-08-04T10:56:00Z,2,7,
b2e9c75a-4d31-40f7-81e5-84e2c3c039e6,"Rebar, 45 t - Alvand-Nima Construction",Alvand-Nima Construction,Purchasing Manager,100000000,Tehran,9,,,100000000,35.0,8a0d2029-0bf8-4437-9f2f-173ca2e2a6d2,5304317f-af42-412f-b838-b3268e944239,2025-08-24T11:11:00Z,2025-08-30T13:09:00Z,1,3,3cf40455-4211-4b02-bc68-83a01fcfe00e
330975a6-668b-4a47-b38d-967cb6511d4a,"Rebar, 85 t - Sabalan-Hamoon Construction",Sabalan-Hamoon Construction,Supply Chain Manager,100000000,Mazandaran,8,,,100000000,85.0,59d80a28-1c86-4375-9a85-80dc77212b42,0e51f30d-c6a7-4e39-84b0-32ccd7c524a5,2025-08-05T04:49:00Z,2025-08-13T13:11:00Z,1,3,6faa2983-2622-4180-82b9-9c7be41eb440
318b1aa2-74c3-48f2-8cc4-539e7207c2fb,"Galvanized Sheet, 25 t - Sahand Greenhouse Structures Industries",Sahand Greenhouse Structures Industries,Procurement Lead,100000006,East Azerbaijan,9,,,100000004,25.0,7d213de8-bd94-49b1-90a2-60ed2827f66f,beb79919-3f22-4af8-a3be-d01d43cf2fde,2025-08-30T07:29:00Z,2025-09-02T10:42:00Z,1,3,6e9060ab-0dc8-4778-8b13-577abeeea7f7
79455b37-eeb2-4ee8-a0ca-3bb3362d3b14,"Rebar, 60 t - Tous-Arvand Builders",Tous-Arvand Builders,Purchasing Manager,100000000,Isfahan,2,,,100000000,55.0,328e99cd-7ec8-4fd6-b8f5-7bcf870ce744,10f1bc81-448a-4a9e-a6b2-bc5b50c187fc,2025-08-18T10:46:00Z,2025-08-20T08:59:00Z,1,3,477c5c1e-97c3-4d09-a37a-84ebf75646bc
b2dde524-0522-4969-8ab1-0635102478ac,"Cold-Rolled Sheet, 25 t - Hoda-Navid Auto Parts Mfg.",Hoda-Navid Auto Parts Mfg.,Project Manager,100000003,Tehran,9,,,100000003,25.0,,5304317f-af42-412f-b838-b3268e944239,2025-08-16T05:11:00Z,2025-08-20T05:23:00Z,2,4,
1ecb3144-b7e4-45e9-8657-f7e2ddfc74dd,"Rebar, 50 t - Shahab-Varna Contracting",Shahab-Varna Contracting,Site Engineer,100000000,Fars,8,,,100000000,50.0,,e27a984d-6548-41d0-bfcd-9eb1a7cad415,2025-08-23T07:02:00Z,2025-08-30T07:55:00Z,2,7,
b91539fd-85d1-4b7f-8ba8-87a3b970ff69,"Pipes & Profiles, 130 t - Nima Metal Center Group",Nima Metal Center Group,Purchasing Manager,100000004,Tehran,8,,,100000005,160.0,4fe091b4-2e1e-42fa-a37c-59058090baec,ce177b4e-0837-48a3-9261-a7ab3aa2e4f9,2025-08-12T12:19:00Z,2025-08-18T06:43:00Z,1,3,28daa155-12dc-446f-b9de-5e8c7ee797b3
a1114b9d-f941-4132-91ca-9c7d76e5b791,"Cold-Rolled Sheet, 110 t - Arman Tube Mills Co.",Arman Tube Mills Co.,Project Manager,100000002,Alborz,2,,,100000003,115.0,f9a2ac02-a6fa-4542-a7a2-36217e791775,b02b61c4-a3d7-4628-ace6-6fa2fd5166e6,2025-08-17T09:58:00Z,2025-08-20T10:40:00Z,1,3,dffe5691-cd41-4e43-81d8-f990ce1c4c84
6c718ffe-8d52-4dce-adab-41b1e3c81648,"Rebar, 195 t - Jahan Metals Supply Ltd.",Jahan Metals Supply Ltd.,Managing Director,100000004,Khuzestan,9,,,100000000,200.0,,366eb16f-508e-4ad7-b7c9-3acfe059a0ee,2025-08-24T09:02:00Z,2025-08-31T04:33:00Z,2,4,
d7940fda-6475-43f4-9a3d-715f74b24b75,"Rebar, 225 t - Hoda-Ilia Omran",Hoda-Ilia Omran,Managing Director,100000000,Mazandaran,8,,,100000000,295.0,,b02b61c4-a3d7-4628-ace6-6fa2fd5166e6,2025-08-16T06:18:00Z,2025-08-20T07:40:00Z,2,5,
b11d79e4-5edf-4e4d-896a-342674c33f94,"Rebar, 80 t - Taban-Nasim Sakhteman",Taban-Nasim Sakhteman,Purchasing Manager,100000000,Khorasan Razavi,2,,,100000000,90.0,80b4931f-98ff-428f-a6bd-d79aff206219,24933b83-7577-40a9-a491-f0b2ea1fca65,2025-08-12T08:46:00Z,2025-08-16T04:41:00Z,1,3,15f52c22-81db-441f-ba30-bab981d13b68
06a0e8fc-ff60-4241-bb28-76cd0e1f0464,"Rebar, 35 t - Gilan-Saba Contracting",Gilan-Saba Contracting,Site Engineer,100000000,Mazandaran,8,,,100000000,25.0,,5304317f-af42-412f-b838-b3268e944239,2025-08-23T06:46:00Z,2025-08-24T10:52:00Z,2,6,
c6fe18c9-3903-4f89-91f7-714fc22ac6cb,"Cold-Rolled Sheet, 145 t - Elham Press Works Industries",Elham Press Works Industries,Purchasing Manager,100000003,Fars,8,,,100000003,135.0,,e27a984d-6548-41d0-bfcd-9eb1a7cad415,2025-08-14T07:10:00Z,2025-08-17T09:45:00Z,2,6,
493422c7-fee1-4ced-a0ea-64aa44f67c3f,"Beams & Sections, 120 t - Yekta Sakhteman Industries",Yekta Sakhteman Industries,Project Manager,100000000,Isfahan,2,,,100000001,195.0,6fdc0bad-5e36-4127-8ca1-b45c1fdd980a,10f1bc81-448a-4a9e-a6b2-bc5b50c187fc,2025-08-04T09:30:00Z,2025-08-09T05:06:00Z,2,4,
8494b4b1-508f-4332-a034-e7e3588a63e1,"Wire Rod, 380 t - Diba Metal Center Group",Diba Metal Center Group,Project Manager,100000004,Hormozgan,9,,,100000006,635.0,1cff818f-8eaf-4791-90f3-6b47f2d986ed,e27a984d-6548-41d0-bfcd-9eb1a7cad415,2025-08-21T09:58:00Z,2025-08-24T07:38:00Z,1,3,cd6a227b-6855-422d-8a35-c6b2f6311f57
159116be-554f-40ea-90d7-9b73d39f84ea,"Rebar, 455 t - Arya Ahan Forooshi Industries",Arya Ahan Forooshi Industries,Site Engineer,100000004,Tehran,8,,,100000000,395.0,,ce177b4e-0837-48a3-9261-a7ab3aa2e4f9,2025-08-24T06:12:00Z,2025-08-28T05:58:00Z,2,6,
aadf37cc-f9a2-4e31-ad6c-95aea7356f6f,"Hot-Rolled Sheet, 55 t - Arya-Ofogh Steel Structures",Arya-Ofogh Steel Structures,Purchasing Manager,100000001,Isfahan,2,,,100000002,85.0,dd153fb1-e6d8-48a9-a425-7024d908f6fd,9132b63e-f162-47e4-a9c3-49e03602f8ac,2025-08-09T11:46:00Z,2025-08-10T12:32:00Z,1,3,ea2babf3-e23a-480b-9593-4c5f00f52497
8db49450-3e68-4f71-900e-06094c386c51,"Beams & Sections, 180 t - Atlas Dam & Water Works Co.",Atlas Dam & Water Works Co.,Site Engineer,100000005,Fars,8,,,100000001,175.0,,e27a984d-6548-41d0-bfcd-9eb1a7cad415,2025-08-19T10:30:00Z,2025-08-23T12:27:00Z,2,7,
5288670b-5949-49ee-a94e-62094bc5d0a9,"Galvanized Sheet, 55 t - Sabalan Golkhaneh Sazan Industries",Sabalan Golkhaneh Sazan Industries,Purchasing Manager,100000006,Isfahan,9,,,100000004,40.0,781799ff-b49e-44cc-8243-69e72387eaf6,9132b63e-f162-47e4-a9c3-49e03602f8ac,2025-08-24T10:02:00Z,2025-08-25T12:30:00Z,1,3,d3c0f8b2-0348-41a7-be2c-2beb0a41d593
bf523ec3-bcdb-4af3-ab12-f61db1c1e9ca,"Beams & Sections, 230 t - Laleh Housing Development Industries",Laleh Housing Development Industries,Managing Director,100000005,Isfahan,2,,,100000001,395.0,53d7690e-737e-4cd8-a74b-a244b2b73164,10f1bc81-448a-4a9e-a6b2-bc5b50c187fc,2025-08-20T07:55:00Z,2025-08-23T06:36:00Z,1,3,f984aa7d-e896-4288-9d70-0abb1b6b71b8
11aaa4ca-9883-4b6d-9b17-394ac4eea3ae,"Rebar, 65 t - Nikan-Bamdad Contracting",Nikan-Bamdad Contracting,Purchasing Manager,100000000,East Azerbaijan,9,,,100000000,95.0,9222a5de-d95c-48dd-9bb0-b9b59af526c9,beb79919-3f22-4af8-a3be-d01d43cf2fde,2025-08-12T08:30:00Z,2025-08-16T06:41:00Z,1,3,4e8fa241-45f0-4409-a955-3dcbee5c9916
72f1e739-c1ae-4bca-9a38-38bbc351999e,"Galvanized Sheet, 45 t - Kian-Mahan Auto Parts Mfg.",Kian-Mahan Auto Parts Mfg.,Site Engineer,100000003,Khuzestan,9,,,100000004,50.0,,366eb16f-508e-4ad7-b7c9-3acfe059a0ee,2025-08-02T11:36:00Z,2025-08-05T11:56:00Z,2,4,
a86f3638-8869-4337-adb8-6cbd5c419100,"Beams & Sections, 160 t - Parsian-Sadaf Omran",Parsian-Sadaf Omran,Managing Director,100000000,Tehran,8,,,100000001,155.0,1125312c-0a86-4d54-afc5-b3b93238a2f4,b02b61c4-a3d7-4628-ace6-6fa2fd5166e6,2025-08-10T09:09:00Z,2025-08-14T13:18:00Z,1,3,e2970c5b-6eea-493d-816c-5b72c1a4b3c6
ec3abe85-cd36-4475-8408-67c1e622f49a,"Beams & Sections, 80 t - Behsaz Steel Merchants Co.",Behsaz Steel Merchants Co.,Site Engineer,100000004,East Azerbaijan,9,,,100000001,70.0,dd3e570d-ea18-4d37-8dfa-cce4636b0fae,beb79919-3f22-4af8-a3be-d01d43cf2fde,2025-09-10T07:14:00Z,2025-09-15T07:10:00Z,1,3,35e0bd49-1f50-4cf3-a2d7-7296580486aa
dff248a7-6563-47f7-891d-3f843166c455,"Rebar, 60 t - Atlas-Rayan Omran",Atlas-Rayan Omran,Project Manager,100000000,Fars,8,,,100000000,55.0,,e27a984d-6548-41d0-bfcd-9eb1a7cad415,2025-09-08T08:43:00Z,2025-09-11T11:06:00Z,2,4,
f908afb6-fbb7-4845-8db3-ade4afbbce7f,"Pipes & Profiles, 40 t - Mahan Agri-Steel Ltd.",Mahan Agri-Steel Ltd.,Managing Director,100000006,Khuzestan,8,,,100000005,45.0,,366eb16f-508e-4ad7-b7c9-3acfe059a0ee,2025-09-10T11:33:00Z,2025-09-13T13:29:00Z,2,5,
da0a5495-a1f9-4be8-ab5a-f5f83c3ad6d1,"Rebar, 55 t - Behsaz-Nima Builders",Behsaz-Nima Builders,Supply Chain Manager,100000000,Khuzestan,9,,,100000000,30.0,,366eb16f-508e-4ad7-b7c9-3acfe059a0ee,2025-09-07T07:32:00Z,2025-09-10T06:52:00Z,2,4,
1df85fd0-e058-4e39-81fc-7f5f945d4523,"Hot-Rolled Sheet, 25 t - Yekta-Bamdad Auto Parts Mfg.",Yekta-Bamdad Auto Parts Mfg.,Site Engineer,100000003,Isfahan,9,,,100000002,25.0,23bdec0a-9085-4205-b160-fa4dc2e8574f,10f1bc81-448a-4a9e-a6b2-bc5b50c187fc,2025-09-27T05:33:00Z,2025-10-01T08:41:00Z,1,3,a09e64ed-b2d7-4243-97f6-70d8add982b4
d2187a4f-6083-4a0e-86f1-60ada23e0b14,"Rebar, 55 t - Omid-Iranmehr Omran",Omid-Iranmehr Omran,Supply Chain Manager,100000000,Tehran,2,,,100000000,55.0,,b02b61c4-a3d7-4628-ace6-6fa2fd5166e6,2025-09-18T04:51:00Z,2025-09-23T08:57:00Z,2,7,
9c1d9d7b-9db1-4b16-a596-18344b662252,"Rebar, 215 t - Vista Housing Development Group",Vista Housing Development Group,Managing Director,100000005,Fars,9,,,100000000,325.0,f4fe8005-433c-47b1-b267-f0b6442fec0e,e27a984d-6548-41d0-bfcd-9eb1a7cad415,2025-09-16T10:18:00Z,2025-09-20T10:23:00Z,1,3,1fd77b31-4441-4fb4-9a0f-6a467254a1d5
caa7c04f-c2de-434a-a46d-87b83664fe70,"Rebar, 45 t - Karun Iron & Steel Supply Ltd.",Karun Iron & Steel Supply Ltd.,Purchasing Manager,100000004,Tehran,9,,,100000000,30.0,,0e51f30d-c6a7-4e39-84b0-32ccd7c524a5,2025-09-27T07:21:00Z,2025-10-02T08:04:00Z,2,6,
80acfb1f-3501-45fa-bce4-81be943b13c5,"Cold-Rolled Sheet, 55 t - Fardis-Pardis Appliance Components",Fardis-Pardis Appliance Components,Supply Chain Manager,100000003,Khorasan Razavi,8,,,100000003,55.0,,24933b83-7577-40a9-a491-f0b2ea1fca65,2025-09-25T06:57:00Z,2025-09-30T06:16:00Z,2,6,
b929e574-26a9-44b7-82f8-51ab372d0226,"Beams & Sections, 60 t - Iman-Arman Eskelet Felezi",Iman-Arman Eskelet Felezi,Managing Director,100000001,East Azerbaijan,8,,,100000001,40.0,,beb79919-3f22-4af8-a3be-d01d43cf2fde,2025-09-03T12:04:00Z,2025-09-06T05:03:00Z,2,5,
f8d0e4b0-d215-499a-81b7-64129667ebcf,"Wire Rod, 15 t - Ofogh Agri-Steel Group",Ofogh Agri-Steel Group,Site Engineer,100000006,Tehran,8,,,100000006,10.0,71a3fad2-b094-4d2a-aaa9-3b436d15f16f,b02b61c4-a3d7-4628-ace6-6fa2fd5166e6,2025-09-30T13:20:00Z,2025-10-04T04:43:00Z,1,3,65f7f7c3-0746-4ece-b6d3-573dcc6c7bc2
f35c8709-aa9d-4014-87ef-feb300a901c7,"Rebar, 295 t - Hamoon Housing Development Group",Hamoon Housing Development Group,Project Manager,100000005,Tehran,8,,,100000000,400.0,,ce177b4e-0837-48a3-9261-a7ab3aa2e4f9,2025-09-15T04:33:00Z,2025-09-18T12:10:00Z,2,4,
4c4e193d-f0b3-4c9b-9970-bdad9f26553c,"Pipes & Profiles, 170 t - Kimia Iron & Steel Supply Industries",Kimia Iron & Steel Supply Industries,Purchasing Manager,100000004,Khorasan Razavi,2,,,100000005,210.0,,24933b83-7577-40a9-a491-f0b2ea1fca65,2025-09-27T09:51:00Z,2025-10-02T06:42:00Z,2,5,
f3348eed-08d0-4d1a-834a-a891636437e0,"Rebar, 40 t - Alvand-Arya Contracting",Alvand-Arya Contracting,Purchasing Manager,100000000,Hormozgan,9,,,100000000,30.0,,e27a984d-6548-41d0-bfcd-9eb1a7cad415,2025-10-05T12:50:00Z,2025-10-08T07:24:00Z,2,4,
dec38c04-4524-47f9-b26d-8a49fba2bf91,"Hot-Rolled Sheet, 60 t - Tarava Profile Sazan Industries",Tarava Profile Sazan Industries,Managing Director,100000002,Isfahan,8,,,100000002,55.0,e71956a1-de82-4149-91f2-97191e565f21,10f1bc81-448a-4a9e-a6b2-bc5b50c187fc,2025-10-29T07:13:00Z,2025-11-02T07:02:00Z,1,3,02af111a-0e6a-4ca8-b7da-843adec3dbbd
3d80f76c-eaeb-4b20-b612-bea146327588,"Cold-Rolled Sheet, 95 t - Bamdad-Chakad Press Works",Bamdad-Chakad Press Works,Procurement Lead,100000003,Tehran,2,,,100000003,75.0,1b93bf9a-e1e2-4538-bc41-058c1a340543,b02b61c4-a3d7-4628-ace6-6fa2fd5166e6,2025-10-08T07:10:00Z,2025-10-13T07:06:00Z,1,3,ade68538-1903-414e-9ea9-6ab521a5494d
58128552-fc5a-4951-a8f7-19991ea5c343,"Rebar, 105 t - Vista-Borna Abadgaran",Vista-Borna Abadgaran,Purchasing Manager,100000000,Khuzestan,8,,,100000000,80.0,,366eb16f-508e-4ad7-b7c9-3acfe059a0ee,2025-10-07T08:38:00Z,2025-10-15T06:28:00Z,2,4,
14fe1200-93f2-4a4d-a14b-230e9f918e64,"Rebar, 40 t - Rahyab-Sahand Omran",Rahyab-Sahand Omran,Procurement Lead,100000000,Tehran,2,,,100000000,35.0,,0e51f30d-c6a7-4e39-84b0-32ccd7c524a5,2025-10-27T09:36:00Z,2025-11-01T05:15:00Z,2,4,
98a818f5-1b96-4d2f-b7ff-4c46bc439ebd,"Beams & Sections, 35 t - Sahand-Sahand Eskelet Felezi",Sahand-Sahand Eskelet Felezi,Procurement Lead,100000001,Tehran,9,,,100000001,45.0,110388e5-dd41-460b-9a2e-35480c14c995,0e51f30d-c6a7-4e39-84b0-32ccd7c524a5,2025-10-04T06:25:00Z,2025-10-08T06:27:00Z,1,3,e1fb2a96-30a7-4f20-8006-944818d05bc5
10d5e4c4-4af4-444a-a118-32443c253eb3,"Rebar, 195 t - Nima Foolad Trading Group",Nima Foolad Trading Group,Project Manager,100000004,Hormozgan,9,,,100000000,190.0,,e27a984d-6548-41d0-bfcd-9eb1a7cad415,2025-10-06T06:44:00Z,2025-10-09T07:10:00Z,2,4,
20fb29ba-91a8-4c68-b309-3e76f44a99b5,"Rebar, 315 t - Kimia Rail & Road Projects Group",Kimia Rail & Road Projects Group,Managing Director,100000005,Khuzestan,8,,,100000000,370.0,91ece8f4-e6aa-428f-866a-3f4b65de0d3a,366eb16f-508e-4ad7-b7c9-3acfe059a0ee,2025-10-14T07:19:00Z,2025-10-18T06:55:00Z,1,3,2980f7b5-e86b-4300-bc20-0b625be3dc80
e0ccc21d-e3cd-4071-86fc-d848fd759dd2,"Beams & Sections, 125 t - Zarrin-Negin Construction",Zarrin-Negin Construction,Procurement Lead,100000000,Hormozgan,2,,,100000001,175.0,c19e5735-1b7f-47d2-837a-c684851475b4,e27a984d-6548-41d0-bfcd-9eb1a7cad415,2025-10-27T10:16:00Z,2025-11-01T08:54:00Z,1,3,cd4d2d6b-cb96-4012-b872-bb9457e75a4f
fb6df344-e4d3-407a-971f-b6d81506814a,"Beams & Sections, 70 t - Mehr-Atlas Omran",Mehr-Atlas Omran,Managing Director,100000000,Tehran,8,,,100000001,135.0,,5304317f-af42-412f-b838-b3268e944239,2025-11-01T07:14:00Z,2025-11-08T07:38:00Z,2,4,
d839b538-a1b4-4ca4-9d29-c7374ca47b6e,"Beams & Sections, 20 t - Rahyab-Arvand Sakhteman",Rahyab-Arvand Sakhteman,Managing Director,100000000,Tehran,8,,,100000001,25.0,d9aa2092-00c3-4728-8f0e-eb9d2048018c,0e51f30d-c6a7-4e39-84b0-32ccd7c524a5,2025-10-19T05:33:00Z,2025-10-26T04:38:00Z,1,3,95a87e55-a97a-4690-bd30-435d0f1ecdb9
f227dc9c-088b-4245-a9ff-631b955917d6,"Galvanized Sheet, 25 t - Gohar-Mahan Appliance Components",Gohar-Mahan Appliance Components,Purchasing Manager,100000003,Khuzestan,9,,,100000004,20.0,5bdb1834-076a-4ae8-8a80-b197f97d7124,366eb16f-508e-4ad7-b7c9-3acfe059a0ee,2025-10-18T06:54:00Z,2025-10-25T11:27:00Z,1,3,83046af1-84d5-4bd2-a85b-9c8aefd2e8c9
c565566a-cb5c-4473-add7-549e386eaf14,"Galvanized Sheet, 20 t - Laleh Agri-Steel Industries",Laleh Agri-Steel Industries,Purchasing Manager,100000006,Isfahan,2,,,100000004,10.0,8bfa681d-8f82-4371-bf5f-d5e0fd186564,9132b63e-f162-47e4-a9c3-49e03602f8ac,2025-10-13T05:51:00Z,2025-10-18T05:18:00Z,1,3,eeb01a1f-c802-4db8-9a33-856a7bb50b6e
a598d281-8fc6-4dd9-9bc3-f57ebdf9ee7c,"Rebar, 35 t - Arya-Kian Builders",Arya-Kian Builders,Procurement Lead,100000000,Khorasan Razavi,8,,,100000000,20.0,,24933b83-7577-40a9-a491-f0b2ea1fca65,2025-10-20T09:15:00Z,2025-10-25T06:19:00Z,2,4,
cca96cb5-dd39-44ee-8476-eb708a1cb597,"Rebar, 260 t - Ofogh Urban Infrastructure Co.",Ofogh Urban Infrastructure Co.,Site Engineer,100000005,Mazandaran,8,,,100000000,235.0,46b9fa1e-696b-4d9d-83c5-41610b0feea9,0e51f30d-c6a7-4e39-84b0-32ccd7c524a5,2025-10-18T12:57:00Z,2025-10-22T08:41:00Z,1,3,11538be1-50ea-44be-9e19-fd8528a56ddc
549922ae-b373-4a69-a22b-37258d2670fd,"Beams & Sections, 125 t - Bamdad-Ofogh Contracting",Bamdad-Ofogh Contracting,Procurement Lead,100000000,Tehran,9,,,100000001,160.0,553fc35f-d7e8-4bba-8816-4097486689cd,0e51f30d-c6a7-4e39-84b0-32ccd7c524a5,2025-11-29T05:25:00Z,2025-12-02T06:47:00Z,1,3,082a2dbe-aa7b-43ff-a3c0-612578c51409
e4839e22-a37c-4071-83c8-25d4e46b2af9,"Hot-Rolled Sheet, 90 t - Chakad Pipe Works Industries",Chakad Pipe Works Industries,Site Engineer,100000002,Tehran,9,,,100000002,100.0,,5304317f-af42-412f-b838-b3268e944239,2025-11-18T12:24:00Z,2025-11-22T07:50:00Z,2,6,
90d4bdb4-a3e3-489a-a962-8d15149f0b3d,"Rebar, 30 t - Pishgam-Ilia Sazeh",Pishgam-Ilia Sazeh,Project Manager,100000000,Isfahan,2,,,100000000,30.0,3c04a50e-0060-47a3-a073-cd4e192004bd,10f1bc81-448a-4a9e-a6b2-bc5b50c187fc,2025-11-08T04:57:00Z,2025-11-10T08:12:00Z,1,3,cc2365d3-c7e9-4322-a223-19b123acb5d2
9443dacb-c6ae-44a2-a4d9-b041835a0fda,"Beams & Sections, 50 t - Tirdad Iron & Steel Supply Industries",Tirdad Iron & Steel Supply Industries,Site Engineer,100000004,Tehran,2,,,100000001,55.0,70cbb7dd-7f63-4e27-a67f-1ff6c4e84692,ce177b4e-0837-48a3-9261-a7ab3aa2e4f9,2025-11-26T04:37:00Z,2025-12-01T08:09:00Z,1,3,9a44efd2-9be1-4647-b87e-fe3a3ee2ef2b
de0c6c7c-9fdd-4789-86cc-5126afedc1f3,"Pipes & Profiles, 180 t - Pouya Steel Merchants Group",Pouya Steel Merchants Group,Procurement Lead,100000004,Tehran,2,,,100000005,200.0,,ce177b4e-0837-48a3-9261-a7ab3aa2e4f9,2025-11-24T12:56:00Z,2025-12-01T11:57:00Z,2,6,
8119136d-ad2b-49a9-950f-9533d51b840f,"Pipes & Profiles, 195 t - Ava Metals Supply Ltd.",Ava Metals Supply Ltd.,Supply Chain Manager,100000004,Mazandaran,2,,,100000005,180.0,,b02b61c4-a3d7-4628-ace6-6fa2fd5166e6,2025-11-01T05:08:00Z,2025-11-04T10:46:00Z,2,5,
03962951-9704-4c60-a4f7-a71d42ab7894,"Beams & Sections, 95 t - Gohar Iron & Steel Supply Ltd.",Gohar Iron & Steel Supply Ltd.,Purchasing Manager,100000004,Mazandaran,9,,,100000001,85.0,,b02b61c4-a3d7-4628-ace6-6fa2fd5166e6,2025-11-15T09:36:00Z,2025-11-19T12:37:00Z,2,4,
9643b735-87f5-406b-a90a-6ef6ad492005,"Beams & Sections, 70 t - Gohar-Iranmehr Sazeh",Gohar-Iranmehr Sazeh,Supply Chain Manager,100000000,Tehran,9,,,100000001,75.0,,b02b61c4-a3d7-4628-ace6-6fa2fd5166e6,2025-11-06T05:20:00Z,2025-11-10T07:16:00Z,2,6,
8390606c-7beb-4b12-930f-a46ca269c0c2,"Hot-Rolled Sheet, 20 t - Tina Fabrication Works Industries",Tina Fabrication Works Industries,Managing Director,100000001,Tehran,2,,,100000002,20.0,b43bd27f-42a2-49a6-8664-12854303cbc1,5304317f-af42-412f-b838-b3268e944239,2025-11-22T07:10:00Z,2025-11-25T08:25:00Z,1,3,6034fc7b-d371-4618-b66f-f53a3127a620
c063d440-34c6-4309-b8b3-bbc173c30ff6,"Hot-Rolled Sheet, 140 t - Kimia Profile Sazan Ltd.",Kimia Profile Sazan Ltd.,Project Manager,100000002,Tehran,8,,,100000002,130.0,b0122d2b-a478-4efb-911e-7d6868d5e91c,0e51f30d-c6a7-4e39-84b0-32ccd7c524a5,2025-11-03T08:49:00Z,2025-11-11T04:46:00Z,1,3,37b217a1-96b6-4589-bbf6-60cb28f74483
348b68b5-5ad2-4c2b-84f4-e6384e4d3aca,"Hot-Rolled Sheet, 85 t - Tirdad-Mehrgan Auto Parts Mfg.",Tirdad-Mehrgan Auto Parts Mfg.,Site Engineer,100000003,Khuzestan,8,,,100000002,105.0,,366eb16f-508e-4ad7-b7c9-3acfe059a0ee,2025-11-29T11:26:00Z,2025-12-01T10:43:00Z,2,4,
419fd247-3059-42ee-8dc4-9be213e05833,"Pipes & Profiles, 55 t - Kian-Taban Builders",Kian-Taban Builders,Supply Chain Manager,100000000,Tehran,8,,,100000005,40.0,,b02b61c4-a3d7-4628-ace6-6fa2fd5166e6,2025-11-19T08:36:00Z,2025-11-23T07:14:00Z,2,6,
51c583ee-03a6-438e-8617-c4c5ec9865b4,"Pipes & Profiles, 70 t - Aban Greenhouse Structures Industries",Aban Greenhouse Structures Industries,Purchasing Manager,100000006,Isfahan,8,,,100000005,60.0,8494205c-34ef-4552-ab28-6d090af57e60,9132b63e-f162-47e4-a9c3-49e03602f8ac,2025-11-05T13:08:00Z,2025-11-11T07:19:00Z,2,4,
7e8840bd-1330-4afc-a2e3-d6d1b5a0cbae,"Beams & Sections, 50 t - Rayan-Hamoon Builders",Rayan-Hamoon Builders,Supply Chain Manager,100000000,Tehran,2,,,100000001,35.0,,b02b61c4-a3d7-4628-ace6-6fa2fd5166e6,2025-11-19T05:46:00Z,2025-11-24T10:52:00Z,2,4,
c55d9c36-d9af-493d-b946-a2f41bf1a566,"Hot-Rolled Sheet, 55 t - Persis Loleh Sazi Ltd.",Persis Loleh Sazi Ltd.,Purchasing Manager,100000002,Alborz,8,,,100000002,40.0,,b02b61c4-a3d7-4628-ace6-6fa2fd5166e6,2025-12-20T06:39:00Z,2025-12-25T08:09:00Z,2,4,
adaa9b78-48cf-4d22-9529-87bbb9a27cd5,"Beams & Sections, 450 t - Rahyab Rail & Road Projects Co.",Rahyab Rail & Road Projects Co.,Project Manager,100000005,Tehran,8,,,100000001,335.0,d784ac38-52bc-490d-a567-533a629b9fc9,ce177b4e-0837-48a3-9261-a7ab3aa2e4f9,2025-12-11T12:58:00Z,2025-12-16T08:35:00Z,1,3,24be485b-d99c-4c7c-8462-ff9171817bd9
45856270-140c-4b0d-ae6d-d4635c73e1ed,"Rebar, 500 t - Nasim Metal Center Group",Nasim Metal Center Group,Site Engineer,100000004,Isfahan,2,,,100000000,485.0,fa3db49c-bbc9-4188-8792-3568b13feb72,9132b63e-f162-47e4-a9c3-49e03602f8ac,2025-12-11T10:20:00Z,2025-12-16T13:25:00Z,1,3,96559d19-feb6-4f84-a110-e17c4eb555d8
0fadcb09-7208-4fb2-8ac5-3f93906128df,"Hot-Rolled Sheet, 15 t - Persis-Espadana Eskelet Felezi",Persis-Espadana Eskelet Felezi,Procurement Lead,100000001,Tehran,9,,,100000002,15.0,96bc746f-2549-4054-9554-e90e1f042c14,b02b61c4-a3d7-4628-ace6-6fa2fd5166e6,2025-12-21T13:03:00Z,2025-12-24T05:23:00Z,1,3,2ea3e572-2c57-4753-8ffe-c73321b667a0
ce6a4a97-7f0a-486c-9b9d-7db84178bae7,"Rebar, 35 t - Rastin-Vista Abadgaran",Rastin-Vista Abadgaran,Purchasing Manager,100000000,Tehran,9,,,100000000,30.0,,5304317f-af42-412f-b838-b3268e944239,2025-12-13T12:02:00Z,2025-12-16T08:58:00Z,2,4,
83de069c-4ed2-47d9-99db-71ede283a8a0,"Rebar, 100 t - Negin-Rastin Construction",Negin-Rastin Construction,Managing Director,100000000,Tehran,9,,,100000000,80.0,ad407ee3-ee71-427d-a2b1-bbd3c1d37c44,0e51f30d-c6a7-4e39-84b0-32ccd7c524a5,2025-12-10T06:19:00Z,2025-12-15T05:56:00Z,1,3,e72d853e-a08a-4586-8e71-5ed39f101e0a
21b80e00-138e-47cb-9038-edd2694cad07,"Beams & Sections, 255 t - Hirad Housing Development Co.",Hirad Housing Development Co.,Project Manager,100000005,Tehran,8,,,100000001,320.0,,ce177b4e-0837-48a3-9261-a7ab3aa2e4f9,2025-12-04T10:46:00Z,2025-12-08T10:40:00Z,2,5,
904694d5-b6df-4ccd-bf09-45a169b5d3d9,"Hot-Rolled Sheet, 175 t - Hamoon Profile Works Co.",Hamoon Profile Works Co.,Project Manager,100000002,Mazandaran,8,,,100000002,110.0,,5304317f-af42-412f-b838-b3268e944239,2025-12-18T05:15:00Z,2025-12-21T13:24:00Z,2,7,
0f72f4c4-a319-4b73-9866-be2db3e3cb18,"Beams & Sections, 20 t - Ilia-Kaspian Omran",Ilia-Kaspian Omran,Project Manager,100000000,Tehran,9,,,100000001,20.0,fa24f286-3820-4343-b500-0529b5a8db84,b02b61c4-a3d7-4628-ace6-6fa2fd5166e6,2025-12-03T10:23:00Z,2025-12-08T06:31:00Z,1,3,6ed79986-ce94-43d7-a02b-3752a6736bb2
6b75c910-1f60-4022-85de-d0bbb22cc70f,"Pipes & Profiles, 175 t - Mehr Metals Supply Group",Mehr Metals Supply Group,Project Manager,100000004,Fars,9,,,100000005,125.0,a02a4c45-5e61-4b35-bb53-58345656a671,e27a984d-6548-41d0-bfcd-9eb1a7cad415,2025-12-07T11:23:00Z,2025-12-13T06:22:00Z,1,3,c7258528-8b8a-4ef6-a8a2-7e542edc6ad4
76f6a4a3-a689-40c4-a3e3-ebc4fca89f60,"Hot-Rolled Sheet, 305 t - Vista Pipe & Profile Industries",Vista Pipe & Profile Industries,Supply Chain Manager,100000002,Khorasan Razavi,2,,,100000002,215.0,cc7f36fc-a5aa-4246-ba1b-54a08c60d087,24933b83-7577-40a9-a491-f0b2ea1fca65,2025-12-30T08:35:00Z,2026-01-03T07:33:00Z,1,3,b89b2022-6aa0-4d73-9089-761085decdb7
6363153e-3131-469b-bc05-ed8cfbfddbf0,"Galvanized Sheet, 65 t - Iman-Javid Appliance Components",Iman-Javid Appliance Components,Purchasing Manager,100000003,Tehran,8,,,100000004,65.0,,b02b61c4-a3d7-4628-ace6-6fa2fd5166e6,2025-12-17T05:34:00Z,2025-12-20T09:49:00Z,2,6,
7c9628c0-bffd-4524-85ca-cf57815bc972,"Rebar, 30 t - Kavir Sabz-Ava Eskelet Felezi",Kavir Sabz-Ava Eskelet Felezi,Procurement Lead,100000001,Tehran,2,,,100000000,20.0,a4047785-c758-46b1-9247-58c4bafaba96,0e51f30d-c6a7-4e39-84b0-32ccd7c524a5,2025-12-03T12:13:00Z,2025-12-07T09:11:00Z,1,3,38173622-4c13-4ca1-8328-b66275c14209
9d1d9193-bae9-41b9-97bd-bf03037c0738,"Hot-Rolled Sheet, 145 t - Kian Loleh Sazi Ltd.",Kian Loleh Sazi Ltd.,Purchasing Manager,100000002,Tehran,2,,,100000002,170.0,,5304317f-af42-412f-b838-b3268e944239,2025-12-01T06:12:00Z,2025-12-07T05:17:00Z,2,6,
a41da450-8653-4d3b-a96c-6d2e453424db,"Rebar, 80 t - Aban Steel Merchants Co.",Aban Steel Merchants Co.,Supply Chain Manager,100000004,Mazandaran,9,,,100000000,100.0,585abefb-d181-4f77-a500-1423faebcd19,0e51f30d-c6a7-4e39-84b0-32ccd7c524a5,2026-01-21T12:12:00Z,2026-01-26T13:12:00Z,1,3,ea99fb4c-ea5d-4f77-8680-545d119b9565
15f5f76e-2ddb-4e52-bde8-fdaf7213a7e0,"Galvanized Sheet, 60 t - Parsian-Atlas Press Works",Parsian-Atlas Press Works,Supply Chain Manager,100000003,Khorasan Razavi,2,,,100000004,60.0,0ce7b866-f413-4a29-9f4f-e0a3eca0b24e,24933b83-7577-40a9-a491-f0b2ea1fca65,2026-01-28T12:15:00Z,2026-02-02T07:01:00Z,1,3,aa101f35-5c73-40b4-bbf9-30df8b08b182
953ff49b-5f68-4c96-b01c-3a08d52a66e7,"Beams & Sections, 175 t - Ilia-Diba Contracting",Ilia-Diba Contracting,Project Manager,100000000,Khuzestan,9,,,100000001,220.0,bf6a2d81-8249-4b3e-9293-d9a8de85c4c3,366eb16f-508e-4ad7-b7c9-3acfe059a0ee,2026-01-24T10:55:00Z,2026-01-27T12:46:00Z,1,3,cd7b7c9f-bdb4-464c-8215-256005759ce6
1586087a-e010-4094-bfe4-520dd6594627,"Rebar, 95 t - Navid-Arvand Sazeh",Navid-Arvand Sazeh,Procurement Lead,100000000,Isfahan,9,,,100000000,235.0,,10f1bc81-448a-4a9e-a6b2-bc5b50c187fc,2026-01-12T05:42:00Z,2026-01-17T06:41:00Z,2,4,
5b774393-97cb-4073-8fde-4ef78d436648,"Cold-Rolled Sheet, 45 t - Vista-Laleh Auto Parts Mfg.",Vista-Laleh Auto Parts Mfg.,Site Engineer,100000003,Fars,2,,,100000003,45.0,,e27a984d-6548-41d0-bfcd-9eb1a7cad415,2026-01-18T04:50:00Z,2026-01-24T09:53:00Z,2,5,
4188431e-6c96-478d-9f69-881a2adf10e9,"Beams & Sections, 35 t - Bamdad-Hamoon Fabrication Works",Bamdad-Hamoon Fabrication Works,Purchasing Manager,100000001,Isfahan,9,,,100000001,55.0,cd0cb712-1784-4c41-94a3-8eee77d66316,10f1bc81-448a-4a9e-a6b2-bc5b50c187fc,2026-01-12T07:14:00Z,2026-01-17T09:07:00Z,2,5,
243cabb0-4e34-4bcb-8d3b-925620d2b212,"Pipes & Profiles, 80 t - Farazan-Mahtab Abadgaran",Farazan-Mahtab Abadgaran,Site Engineer,100000000,Tehran,9,,,100000005,80.0,a9c47f93-0f49-471b-88e4-cbea9107c1b1,b02b61c4-a3d7-4628-ace6-6fa2fd5166e6,2026-01-06T10:58:00Z,2026-01-07T13:27:00Z,1,3,4f365aaf-d1f2-4528-bce1-37b2b8c4db09
27a893df-e420-4f84-85c2-3771297fa0b9,"Hot-Rolled Sheet, 75 t - Arman Metal Center Co.",Arman Metal Center Co.,Procurement Lead,100000004,Tehran,8,,,100000002,75.0,624b1b88-2c1e-4c98-bd2e-1d55757e21aa,ce177b4e-0837-48a3-9261-a7ab3aa2e4f9,2026-02-25T12:19:00Z,2026-03-02T10:03:00Z,1,3,0166171a-32fe-4a40-ae07-2aa3bf2673be
a75d8eb1-1b3a-4c16-8662-00a15079d01b,"Rebar, 80 t - Darya-Sadaf Fabrication Works",Darya-Sadaf Fabrication Works,Site Engineer,100000001,Hormozgan,8,,,100000000,55.0,0343dad2-6d8a-44b2-88cb-4fb10f2aea08,e27a984d-6548-41d0-bfcd-9eb1a7cad415,2026-02-01T07:13:00Z,2026-02-07T12:23:00Z,1,3,eafc39f1-47f2-497e-9777-2b6150a4d135
84048673-7d9a-4c5f-974c-5bf555ea3426,"Hot-Rolled Sheet, 190 t - Mahtab Ahan Forooshi Industries",Mahtab Ahan Forooshi Industries,Site Engineer,100000004,East Azerbaijan,9,,,100000002,150.0,ec50ace4-80a5-4e65-afa2-855967c96204,beb79919-3f22-4af8-a3be-d01d43cf2fde,2026-02-21T09:27:00Z,2026-02-22T12:57:00Z,1,3,68131b04-b0fa-47fa-89d8-e098ce6d3107
5ce6da95-4a7f-4e0a-9b50-01d73e858841,"Galvanized Sheet, 50 t - Orang Greenhouse Structures Ltd.",Orang Greenhouse Structures Ltd.,Procurement Lead,100000006,Mazandaran,2,,,100000004,65.0,d57a1134-c82f-48db-9bc6-9dfca6a148c3,5304317f-af42-412f-b838-b3268e944239,2026-02-14T09:15:00Z,2026-02-16T12:35:00Z,1,3,edac8909-728b-4543-911d-f973465120a1
3a258687-5f74-4071-b8bf-24cf231ea008,"Hot-Rolled Sheet, 55 t - Parsian Tube Mills Ltd.",Parsian Tube Mills Ltd.,Procurement Lead,100000002,Khuzestan,8,,,100000002,45.0,,366eb16f-508e-4ad7-b7c9-3acfe059a0ee,2026-02-18T08:11:00Z,2026-02-22T08:37:00Z,2,6,
10ba4973-d990-4381-87d7-35732374585c,"Hot-Rolled Sheet, 85 t - Yekta Profile Sazan Co.",Yekta Profile Sazan Co.,Managing Director,100000002,Tehran,8,,,100000002,75.0,,b02b61c4-a3d7-4628-ace6-6fa2fd5166e6,2026-02-14T08:56:00Z,2026-02-18T08:55:00Z,2,6,
4eb3c40c-d534-4ffe-8d67-f4286c9e7811,"Hot-Rolled Sheet, 55 t - Iman Profile Works Group",Iman Profile Works Group,Procurement Lead,100000002,Tehran,8,,,100000002,35.0,,5304317f-af42-412f-b838-b3268e944239,2026-02-22T09:00:00Z,2026-02-28T12:58:00Z,2,5,
071d06cd-ad4d-458f-9ffb-285fad8a19d7,"Beams & Sections, 55 t - Diba-Laleh Sakhteman",Diba-Laleh Sakhteman,Project Manager,100000000,Khorasan Razavi,9,,,100000001,65.0,7a79e8e2-e43d-4011-a215-5170bd2e233a,24933b83-7577-40a9-a491-f0b2ea1fca65,2026-02-14T04:37:00Z,2026-02-18T08:02:00Z,1,3,c1a9bbf7-b2d0-44eb-b212-5e241668e5af
f142dc1c-0606-4879-b968-e752f73d47de,"Pipes & Profiles, 20 t - Mehrgan Agri-Steel Group",Mehrgan Agri-Steel Group,Supply Chain Manager,100000006,Khuzestan,9,,,100000005,20.0,,366eb16f-508e-4ad7-b7c9-3acfe059a0ee,2026-02-01T10:20:00Z,2026-02-05T10:15:00Z,2,4,
a6874c45-ef5e-4d02-9f79-a7a56645b7de,"Galvanized Sheet, 45 t - Aban-Diba Appliance Components",Aban-Diba Appliance Components,Managing Director,100000003,Tehran,2,,,100000004,65.0,a5e11793-6fa0-41cc-9776-6542abfec3a0,5304317f-af42-412f-b838-b3268e944239,2026-02-04T05:20:00Z,2026-02-07T07:51:00Z,1,3,dcd51e40-80e7-4e70-97b5-0ca253464483
104a9ad5-13ee-411d-8e43-ad3ec79f61ea,"Galvanized Sheet, 80 t - Ofogh Profile Works Co.",Ofogh Profile Works Co.,Managing Director,100000002,Tehran,8,,,100000004,105.0,b0122d2b-a478-4efb-911e-7d6868d5e91c,0e51f30d-c6a7-4e39-84b0-32ccd7c524a5,2026-02-05T07:04:00Z,2026-02-07T10:30:00Z,2,4,
615c2262-9f60-4569-9e3d-99834a3a9e15,"Galvanized Sheet, 30 t - Sabalan Agri-Steel Ltd.",Sabalan Agri-Steel Ltd.,Project Manager,100000006,Tehran,9,,,100000004,30.0,5c978975-f500-4058-8c3b-491fbb27dcbb,5304317f-af42-412f-b838-b3268e944239,2026-02-28T04:32:00Z,2026-03-01T06:12:00Z,2,4,
06bae13a-818b-4792-a92f-45de90929918,"Pipes & Profiles, 110 t - Persis Metals Supply Group",Persis Metals Supply Group,Supply Chain Manager,100000004,Isfahan,8,,,100000005,105.0,,10f1bc81-448a-4a9e-a6b2-bc5b50c187fc,2026-02-08T09:51:00Z,2026-02-11T12:33:00Z,2,6,
dd139c4c-9daf-4ca0-9b20-2c86e9261454,"Hot-Rolled Sheet, 65 t - Hoda-Pouya Fabrication Works",Hoda-Pouya Fabrication Works,Project Manager,100000001,East Azerbaijan,9,,,100000002,35.0,5b2ea9d6-c7ea-4180-b2e5-205ba87d56c7,beb79919-3f22-4af8-a3be-d01d43cf2fde,2026-02-28T04:51:00Z,2026-03-07T11:12:00Z,1,3,34c0361c-f481-4ccb-8783-8bdb8546ad58
0ba495b9-20cd-423b-af1b-8c90a28f3731,"Cold-Rolled Sheet, 20 t - Yekta-Fardis Auto Parts Mfg.",Yekta-Fardis Auto Parts Mfg.,Procurement Lead,100000003,Khorasan Razavi,9,,,100000003,15.0,7bcc3786-d4e9-473d-89cb-7bfed7e6a8c1,24933b83-7577-40a9-a491-f0b2ea1fca65,2026-02-17T12:50:00Z,2026-02-21T05:05:00Z,1,3,f3c693ba-613e-4a43-a6bc-531a14220814
021a597e-f918-4e8c-8f8d-570cd086fb3a,"Galvanized Sheet, 100 t - Espadana-Persis Press Works",Espadana-Persis Press Works,Project Manager,100000003,Isfahan,8,,,100000004,105.0,,9132b63e-f162-47e4-a9c3-49e03602f8ac,2026-02-14T12:26:00Z,2026-02-18T05:53:00Z,2,5,
ee935510-5e8c-46b6-b31f-01a1f4caf583,"Rebar, 420 t - Varna Rail & Road Projects Co.",Varna Rail & Road Projects Co.,Managing Director,100000005,Alborz,8,,,100000000,510.0,365272fa-3b77-468c-8df6-0058cee5f84b,0e51f30d-c6a7-4e39-84b0-32ccd7c524a5,2026-02-05T11:23:00Z,2026-02-08T08:32:00Z,1,3,c9245bef-36f4-440e-923b-7e15036abb34
fa164732-e51e-4c9d-a802-12d21c98e50a,"Rebar, 100 t - Hamoon-Elham Contracting",Hamoon-Elham Contracting,Project Manager,100000000,Fars,8,,,100000000,130.0,,e27a984d-6548-41d0-bfcd-9eb1a7cad415,2026-02-12T07:13:00Z,2026-02-16T09:06:00Z,2,5,
e0ada076-e945-458c-8eb1-8194ad9f1325,"Rebar, 60 t - Atlas Metals Supply Group",Atlas Metals Supply Group,Project Manager,100000004,Alborz,9,,,100000000,60.0,b7b381ee-ce9d-4169-86ec-eb41fefaa8cf,0e51f30d-c6a7-4e39-84b0-32ccd7c524a5,2026-02-15T04:30:00Z,2026-02-19T12:59:00Z,1,3,da27e9c8-4a9a-442c-a76e-d38e82d9f782
1164ac8a-e5c3-4662-949b-c949947d8aca,"Hot-Rolled Sheet, 95 t - Kimia Steel Depot Industries",Kimia Steel Depot Industries,Procurement Lead,100000004,Fars,9,,,100000002,80.0,,e27a984d-6548-41d0-bfcd-9eb1a7cad415,2026-02-25T07:03:00Z,2026-03-02T05:38:00Z,2,7,
742299f3-e711-4f1e-8b8f-1fda7e7c8be7,"Beams & Sections, 355 t - Sepehr Rail & Road Projects Group",Sepehr Rail & Road Projects Group,Supply Chain Manager,100000005,Tehran,9,,,100000001,455.0,,ce177b4e-0837-48a3-9261-a7ab3aa2e4f9,2026-03-05T10:22:00Z,2026-03-07T11:33:00Z,2,5,
ef8f5c2f-5e73-488b-a5ad-c325526c610b,"Beams & Sections, 95 t - Tina-Zarrin Eskelet Felezi",Tina-Zarrin Eskelet Felezi,Purchasing Manager,100000001,Tehran,9,,,100000001,90.0,,5304317f-af42-412f-b838-b3268e944239,2026-03-04T08:09:00Z,2026-03-07T09:11:00Z,2,5,
2d80dafd-debd-4e79-a738-90e035d1e15e,"Galvanized Sheet, 25 t - Hamoon Golkhaneh Sazan Group",Hamoon Golkhaneh Sazan Group,Site Engineer,100000006,Tehran,8,,,100000004,20.0,,0e51f30d-c6a7-4e39-84b0-32ccd7c524a5,2026-03-28T04:34:00Z,2026-04-01T07:15:00Z,2,4,
b8a7e110-89a8-4c52-826d-6e62cc079c31,"Rebar, 240 t - Tous Ahan Forooshi Ltd.",Tous Ahan Forooshi Ltd.,Purchasing Manager,100000004,Alborz,9,,,100000000,290.0,34dcffd5-d9c5-45b1-94ac-96f7bda2f023,ce177b4e-0837-48a3-9261-a7ab3aa2e4f9,2026-03-31T10:00:00Z,2026-04-06T09:59:00Z,1,3,a4653880-fd6b-45f1-9d6d-21718d490faf
47f9af6c-cffc-4841-91b6-6125722bbeac,"Galvanized Sheet, 465 t - Navid Loleh Sazi Co.",Navid Loleh Sazi Co.,Project Manager,100000002,Isfahan,8,,,100000004,355.0,3d4196fe-963a-4617-bdab-07e79d9d028e,10f1bc81-448a-4a9e-a6b2-bc5b50c187fc,2026-03-16T06:16:00Z,2026-03-18T11:56:00Z,1,3,4e939d98-45a1-4c1e-9e3c-2bee49b07892
10c329a6-a087-4e20-b5a3-317cb197252b,"Hot-Rolled Sheet, 25 t - Nikan-Helia Sakhteman",Nikan-Helia Sakhteman,Purchasing Manager,100000000,Tehran,8,,,100000002,35.0,,5304317f-af42-412f-b838-b3268e944239,2026-03-01T05:53:00Z,2026-03-05T10:18:00Z,2,5,
4217615d-8753-4b91-bf6a-889cd8528f07,"Rebar, 80 t - Pardis-Dena Construction",Pardis-Dena Construction,Managing Director,100000000,Fars,2,,,100000000,90.0,46b3d9a2-2b84-454a-8167-b8dd9a35accb,e27a984d-6548-41d0-bfcd-9eb1a7cad415,2026-03-09T11:11:00Z,2026-03-14T07:58:00Z,1,3,187de90d-f3a9-4ed8-9990-e3a8010b063d
710a17e5-3b26-4e53-afeb-89764e8d0d4b,"Rebar, 35 t - Varna-Behsaz Construction",Varna-Behsaz Construction,Managing Director,100000000,East Azerbaijan,9,,,100000000,45.0,,beb79919-3f22-4af8-a3be-d01d43cf2fde,2026-03-23T08:14:00Z,2026-03-28T06:43:00Z,2,4,
bc102f5f-ff8f-4f51-892b-449865b187f7,"Rebar, 65 t - Gohar Omran Ltd.",Gohar Omran Ltd.,Procurement Lead,100000000,Hormozgan,8,,,100000000,65.0,35c87983-910b-47f9-a1ae-25a6f1966b21,e27a984d-6548-41d0-bfcd-9eb1a7cad415,2026-03-03T10:35:00Z,2026-03-04T05:43:00Z,2,6,
3862f76c-a505-4584-b0c6-9cd0b7835134,"Wire Rod, 105 t - Sahand Steel Trading Group",Sahand Steel Trading Group,Project Manager,100000004,Mazandaran,2,,,100000006,135.0,,5304317f-af42-412f-b838-b3268e944239,2026-03-26T09:40:00Z,2026-03-31T13:03:00Z,2,5,
702ae3c2-6ae9-47cb-968f-140249c90d5f,"Rebar, 225 t - Sahand Steel Depot Group",Sahand Steel Depot Group,Supply Chain Manager,100000004,Hormozgan,8,,,100000000,210.0,,e27a984d-6548-41d0-bfcd-9eb1a7cad415,2026-04-05T05:19:00Z,2026-04-11T05:42:00Z,2,5,
a3dca0c6-a24e-4647-a468-725d3e0ae56f,"Rebar, 75 t - Yekta-Arman Contracting",Yekta-Arman Contracting,Project Manager,100000000,Tehran,2,,,100000000,75.0,d1c8a66c-1ef3-43ed-88ef-37f2dadecdfc,5304317f-af42-412f-b838-b3268e944239,2026-04-07T10:47:00Z,2026-04-09T05:30:00Z,1,3,b5f43f50-68d7-4d6b-9b73-e5ee4eccd313
46fc31db-55ca-482a-8a88-276436affc77,"Beams & Sections, 45 t - Behsaz-Tirdad Contracting",Behsaz-Tirdad Contracting,Purchasing Manager,100000000,Tehran,9,,,100000001,50.0,,b02b61c4-a3d7-4628-ace6-6fa2fd5166e6,2026-04-07T12:29:00Z,2026-04-09T12:42:00Z,2,4,
702cf240-a970-427d-97f0-f1025a1603b1,"Hot-Rolled Sheet, 40 t - Saba Profile Works Group",Saba Profile Works Group,Managing Director,100000002,Mazandaran,8,,,100000002,35.0,,5304317f-af42-412f-b838-b3268e944239,2026-04-15T06:34:00Z,2026-04-18T12:58:00Z,2,4,
99e386fd-75d5-4d77-b950-3be207a75ee9,"Rebar, 15 t - Zagros-Sabalan Omran",Zagros-Sabalan Omran,Site Engineer,100000000,Khuzestan,8,,,100000000,15.0,d40c66be-2b5f-463c-a11d-70ab145a09ad,366eb16f-508e-4ad7-b7c9-3acfe059a0ee,2026-04-21T11:39:00Z,2026-04-23T07:33:00Z,1,3,07e9267f-ed51-4d97-aafa-1f24e3324abc
35e189d9-f7fd-4c80-965f-37695f8f5009,"Rebar, 55 t - Mehr-Hamoon Builders",Mehr-Hamoon Builders,Project Manager,100000000,Isfahan,2,,,100000000,80.0,26bf08da-1ab5-4a80-831e-dda3ed985f04,10f1bc81-448a-4a9e-a6b2-bc5b50c187fc,2026-04-14T10:05:00Z,2026-04-20T12:43:00Z,1,3,b085619a-1e76-4839-a4fb-7b159e987a98
59f816b1-f627-431e-ac0d-fcc578837acb,"Rebar, 40 t - Taban-Jahan Fabrication Works",Taban-Jahan Fabrication Works,Supply Chain Manager,100000001,Khorasan Razavi,8,,,100000000,30.0,,24933b83-7577-40a9-a491-f0b2ea1fca65,2026-04-18T07:54:00Z,2026-04-22T08:19:00Z,2,7,
8de178ad-a058-4d2a-931f-84a82ef5ce34,"Pipes & Profiles, 10 t - Kimia Golkhaneh Sazan Group",Kimia Golkhaneh Sazan Group,Procurement Lead,100000006,Tehran,8,,,100000005,10.0,53968833-299f-48c5-a060-e7d5ea444391,b02b61c4-a3d7-4628-ace6-6fa2fd5166e6,2026-04-29T10:04:00Z,2026-05-05T04:57:00Z,1,3,e6b40a5f-9e3b-4357-bd88-0ea4e37b918e
7f815a33-1ac7-4e05-9692-936cd9ecbdef,"Rebar, 30 t - Diba-Kowsar Abadgaran",Diba-Kowsar Abadgaran,Managing Director,100000000,Tehran,8,,,100000000,35.0,,5304317f-af42-412f-b838-b3268e944239,2026-04-05T06:41:00Z,2026-04-11T13:20:00Z,2,5,
e1112ae6-c261-42af-a7db-dc47e99be1d8,"Rebar, 185 t - Persis Steel Merchants Industries",Persis Steel Merchants Industries,Project Manager,100000004,Tehran,8,,,100000000,330.0,,5304317f-af42-412f-b838-b3268e944239,2026-04-21T11:29:00Z,2026-04-23T05:30:00Z,2,4,
46738fc3-0d21-480c-a08f-24e32f517100,"Rebar, 65 t - Sahand-Espadana Sazeh",Sahand-Espadana Sazeh,Managing Director,100000000,Khorasan Razavi,8,,,100000000,60.0,,24933b83-7577-40a9-a491-f0b2ea1fca65,2026-04-23T11:54:00Z,2026-04-25T07:56:00Z,2,7,
f43708e5-0fcb-4298-b6cd-552f2808d39c,"Beams & Sections, 100 t - Hoda Builders Co.",Hoda Builders Co.,Managing Director,100000000,Khorasan Razavi,9,,,100000001,110.0,fa34d2e8-dd3f-4d7e-a508-dc9513a4a492,24933b83-7577-40a9-a491-f0b2ea1fca65,2026-04-18T06:05:00Z,2026-04-21T09:46:00Z,2,5,
76199d0b-8377-40de-8751-ea5eb963de96,"Beams & Sections, 70 t - Navid Foolad Trading Ltd.",Navid Foolad Trading Ltd.,Managing Director,100000004,East Azerbaijan,9,,,100000001,70.0,0e10eb23-0896-42f7-9fba-07942b94e406,beb79919-3f22-4af8-a3be-d01d43cf2fde,2026-04-22T09:50:00Z,2026-04-28T08:03:00Z,1,3,c40d5ffa-ab92-4bef-a658-991ae8225e0b
2929dcd8-fdc6-4ed8-bd16-692a92d5fd24,"Rebar, 55 t - Mahan-Fardis Contracting",Mahan-Fardis Contracting,Project Manager,100000000,Mazandaran,8,,,100000000,60.0,ca0a4ac9-31f3-4260-9f43-eb20fd6f6bbb,0e51f30d-c6a7-4e39-84b0-32ccd7c524a5,2026-04-09T13:27:00Z,2026-04-14T08:03:00Z,1,3,d1085f9b-943b-4952-a1f4-acb80c3201a0
bb83114a-5fde-422d-8f28-51a92deb72dc,"Beams & Sections, 35 t - Tous Omran Co.",Tous Omran Co.,Purchasing Manager,100000000,Fars,9,,,100000001,35.0,1b2375d0-b38f-40f2-8dd8-67e55f26b2a6,e27a984d-6548-41d0-bfcd-9eb1a7cad415,2026-04-05T11:13:00Z,2026-04-08T07:15:00Z,2,5,
917dd998-e4c2-4e2a-a59f-3ca60aab4dfd,"Beams & Sections, 65 t - Mehrgan Ahan Forooshi Industries",Mehrgan Ahan Forooshi Industries,Project Manager,100000004,East Azerbaijan,2,,,100000001,55.0,59eab45f-ab60-4c64-85c4-8e2540e00833,beb79919-3f22-4af8-a3be-d01d43cf2fde,2026-05-19T07:34:00Z,2026-05-24T06:46:00Z,1,3,91d42acb-8baf-4d69-8697-eab3b95eef51
4002f302-659c-4ddf-b7a8-e3ce20693e39,"Hot-Rolled Sheet, 85 t - Sepehr-Pishgam Steel Structures",Sepehr-Pishgam Steel Structures,Purchasing Manager,100000001,Khorasan Razavi,2,,,100000002,145.0,,24933b83-7577-40a9-a491-f0b2ea1fca65,2026-05-16T05:34:00Z,2026-05-19T05:05:00Z,2,6,
89ab389c-087e-4753-abaf-024dad6aa939,"Rebar, 65 t - Hirad-Tina Steel Structures",Hirad-Tina Steel Structures,Site Engineer,100000001,Alborz,8,,,100000000,50.0,1842b7ee-bfdb-4ed8-ac4b-1f95d4f3df52,b02b61c4-a3d7-4628-ace6-6fa2fd5166e6,2026-05-14T10:20:00Z,2026-05-17T11:43:00Z,1,3,a162120d-63f0-4765-8cab-92589bd3b3ab
24cef142-6973-4f27-8a1b-1b71f298c3e6,"Beams & Sections, 60 t - Zagros-Orang Sakhteman",Zagros-Orang Sakhteman,Managing Director,100000000,Fars,8,,,100000001,60.0,,e27a984d-6548-41d0-bfcd-9eb1a7cad415,2026-05-30T11:06:00Z,2026-06-02T05:29:00Z,2,6,
b24f9116-1eac-48b5-9cd1-db00d6255493,"Rebar, 125 t - Orang-Arya Sazeh",Orang-Arya Sazeh,Supply Chain Manager,100000000,Hormozgan,8,,,100000000,135.0,,e27a984d-6548-41d0-bfcd-9eb1a7cad415,2026-05-11T07:08:00Z,2026-05-20T09:03:00Z,2,6,
7907e1a2-6055-4448-9a30-19af1fe65efe,"Beams & Sections, 55 t - Tous Fabrication Works Ltd.",Tous Fabrication Works Ltd.,Project Manager,100000001,Fars,2,,,100000001,75.0,79356bae-8101-4ec7-9c93-408a551e766f,e27a984d-6548-41d0-bfcd-9eb1a7cad415,2026-05-30T06:32:00Z,2026-06-04T13:24:00Z,1,3,272079f4-dece-430c-8684-c5ce4c50833a
565ad6d7-0707-4af0-a861-ef2d939ab5ba,"Beams & Sections, 55 t - Ava-Arvand Sazeh",Ava-Arvand Sazeh,Supply Chain Manager,100000000,Isfahan,9,,,100000001,65.0,,9132b63e-f162-47e4-a9c3-49e03602f8ac,2026-05-14T05:30:00Z,2026-05-17T13:23:00Z,2,6,
adc23158-4546-46c2-b306-a0c214a3304c,"Pipes & Profiles, 55 t - Gohar Iron & Steel Supply Industries",Gohar Iron & Steel Supply Industries,Managing Director,100000004,Khuzestan,8,,,100000005,65.0,,366eb16f-508e-4ad7-b7c9-3acfe059a0ee,2026-05-14T08:13:00Z,2026-05-18T10:59:00Z,2,4,
496bd174-e6ee-464f-8bf2-feaad3a9ba8d,"Beams & Sections, 110 t - Nima Ahan Bazar Group",Nima Ahan Bazar Group,Purchasing Manager,100000004,Hormozgan,8,,,100000001,95.0,,e27a984d-6548-41d0-bfcd-9eb1a7cad415,2026-05-30T08:48:00Z,2026-06-03T09:43:00Z,2,7,
8fb52871-24b6-4f7b-aa7c-f8d82b1a72f8,"Beams & Sections, 150 t - Rayan Metal Center Group",Rayan Metal Center Group,Supply Chain Manager,100000004,Isfahan,2,,,100000001,90.0,,9132b63e-f162-47e4-a9c3-49e03602f8ac,2026-05-16T07:37:00Z,2026-05-18T06:59:00Z,2,4,
eeb1b4ee-7c94-42f3-a674-6698bbdf0f51,"Pipes & Profiles, 25 t - Nikan Golkhaneh Sazan Group",Nikan Golkhaneh Sazan Group,Managing Director,100000006,Mazandaran,8,,,100000005,25.0,,0e51f30d-c6a7-4e39-84b0-32ccd7c524a5,2026-05-02T08:51:00Z,2026-05-11T05:01:00Z,2,4,
aaed0c22-789e-4e24-a422-363ab0e24d24,"Hot-Rolled Sheet, 35 t - Mehrgan Abadgaran Group",Mehrgan Abadgaran Group,Project Manager,100000000,Tehran,8,,,100000002,50.0,9780c215-2b2b-48e9-a417-c09380a8a23d,b02b61c4-a3d7-4628-ace6-6fa2fd5166e6,2026-05-14T04:37:00Z,2026-05-17T07:25:00Z,2,4,
34e4935e-ce79-4dff-9051-43811a94ad1a,"Rebar, 365 t - Elham Steel Depot Group",Elham Steel Depot Group,Project Manager,100000004,Tehran,2,,,100000000,335.0,0fb5600a-12d5-46b5-b7d2-358beea28bbb,ce177b4e-0837-48a3-9261-a7ab3aa2e4f9,2026-05-03T05:33:00Z,2026-05-06T06:37:00Z,1,3,cfb0565d-a775-48cc-9bc4-575cb3cf4e2b
38f727f1-8795-4119-b537-7d7af1ea3324,"Hot-Rolled Sheet, 255 t - Shahab Tube Mills Group",Shahab Tube Mills Group,Supply Chain Manager,100000002,East Azerbaijan,9,,,100000002,260.0,7e6976e5-7728-4467-b5db-11ee25dfc81e,beb79919-3f22-4af8-a3be-d01d43cf2fde,2026-06-23T10:55:00Z,2026-06-27T05:40:00Z,1,3,6f935b71-06f2-4194-988d-62c0dc25293b
49599ae8-450e-42a9-8b53-0c3455de7219,"Rebar, 25 t - Dena-Zarrin Contracting",Dena-Zarrin Contracting,Site Engineer,100000000,Tehran,9,,,100000000,15.0,,5304317f-af42-412f-b838-b3268e944239,2026-06-11T06:58:00Z,2026-06-16T06:08:00Z,2,6,
8cddcdba-4756-415b-8391-fa562fe6cfb0,"Hot-Rolled Sheet, 105 t - Sahand Eskelet Felezi Group",Sahand Eskelet Felezi Group,Project Manager,100000001,Tehran,2,,,100000002,145.0,73fe7e1d-f36d-4b13-9f53-4d9aa7faf009,5304317f-af42-412f-b838-b3268e944239,2026-06-20T04:51:00Z,2026-06-22T07:25:00Z,1,3,7b8d2913-3c28-46d6-97a4-f1abe1be7e17
475b8025-08de-43c0-a8e6-25c54016b436,"Hot-Rolled Sheet, 35 t - Mehrgan Loleh Sazi Ltd.",Mehrgan Loleh Sazi Ltd.,Managing Director,100000002,Hormozgan,8,,,100000002,25.0,213a5e32-4f9d-4fa4-a189-49ba532b7e7c,e27a984d-6548-41d0-bfcd-9eb1a7cad415,2026-06-06T11:42:00Z,2026-06-11T13:15:00Z,1,3,1e9210ee-6783-4bf4-a9f9-5f2c90e7fe90
3246767a-3f64-4b21-95e6-1ba67792c19b,"Rebar, 55 t - Kowsar Ahan Bazar Co.",Kowsar Ahan Bazar Co.,Purchasing Manager,100000004,Fars,9,,,100000000,35.0,,e27a984d-6548-41d0-bfcd-9eb1a7cad415,2026-06-24T09:53:00Z,2026-06-30T10:18:00Z,2,4,
9cd716de-62b1-44b7-bdc3-74fc13d070fa,"Cold-Rolled Sheet, 30 t - Kimia-Rastin Auto Parts Mfg.",Kimia-Rastin Auto Parts Mfg.,Managing Director,100000003,Tehran,9,,,100000003,30.0,,b02b61c4-a3d7-4628-ace6-6fa2fd5166e6,2026-06-17T08:25:00Z,2026-06-21T04:38:00Z,2,6,
f71473f0-2618-4d94-8cea-b8a712a6fb2f,"Hot-Rolled Sheet, 125 t - Nasim Profile Works Co.",Nasim Profile Works Co.,Purchasing Manager,100000002,Fars,9,,,100000002,195.0,,e27a984d-6548-41d0-bfcd-9eb1a7cad415,2026-06-13T08:24:00Z,2026-06-17T10:19:00Z,2,4,
c1f0ebf7-0b64-46f2-bf8c-0f0d9645adda,"Rebar, 20 t - Tina Omran Co.",Tina Omran Co.,Managing Director,100000000,Alborz,9,,,100000000,30.0,722dce13-47a4-4c42-8665-34972fe922aa,b02b61c4-a3d7-4628-ace6-6fa2fd5166e6,2026-06-28T04:49:00Z,2026-06-30T08:46:00Z,2,6,
7559d5ee-6a18-42ce-a905-266e9e31a4bd,"Beams & Sections, 145 t - Kowsar-Hirad Sazeh",Kowsar-Hirad Sazeh,Site Engineer,100000000,Tehran,9,,,100000001,215.0,,b02b61c4-a3d7-4628-ace6-6fa2fd5166e6,2026-06-28T09:31:00Z,2026-06-28T09:31:00Z,0,1,
69dea439-5246-46a6-b4a1-347b02b75d04,"Rebar, 50 t - Kian-Shahab Construction",Kian-Shahab Construction,Supply Chain Manager,100000000,Tehran,8,,,100000000,50.0,d1491965-737b-46b2-b307-2cbd3cd7852e,b02b61c4-a3d7-4628-ace6-6fa2fd5166e6,2026-06-08T07:43:00Z,2026-06-10T06:49:00Z,1,3,7ac1fd15-f245-4cfe-96ba-6365da7d1a8e
4633f355-c0c5-464a-baf8-fbd12fd505b1,"Hot-Rolled Sheet, 35 t - Mehr-Jahan Sazeh",Mehr-Jahan Sazeh,Project Manager,100000000,Tehran,9,,,100000002,35.0,,5304317f-af42-412f-b838-b3268e944239,2026-06-22T05:18:00Z,2026-06-27T10:01:00Z,2,6,
5b76a06d-e3dc-47a1-a5af-66b6c2916d42,"Rebar, 165 t - Behsaz Steel Merchants Group",Behsaz Steel Merchants Group,Procurement Lead,100000004,Khorasan Razavi,9,,,100000000,175.0,,24933b83-7577-40a9-a491-f0b2ea1fca65,2026-06-28T05:43:00Z,2026-06-28T05:43:00Z,0,1,
2fa692d2-dc89-4d32-ad0a-81703c3de558,"Pipes & Profiles, 15 t - Tirdad Greenhouse Structures Co.",Tirdad Greenhouse Structures Co.,Site Engineer,100000006,Tehran,8,,,100000005,25.0,9a4fdddc-58fe-4b04-ae01-30f31d329e92,0e51f30d-c6a7-4e39-84b0-32ccd7c524a5,2026-06-08T12:29:00Z,2026-06-11T06:18:00Z,1,3,5fa22b85-3781-452f-9af6-9b159003aeed
74403cd8-ae7b-4e8c-abde-9804b61fd9f4,"Rebar, 65 t - Kimia-Nima Contracting",Kimia-Nima Contracting,Procurement Lead,100000000,Tehran,9,,,100000000,55.0,,0e51f30d-c6a7-4e39-84b0-32ccd7c524a5,2026-06-11T06:39:00Z,2026-06-13T12:35:00Z,2,5,
9b5f9f09-d91c-41a0-a15d-d4ee217837be,"Beams & Sections, 270 t - Gilan Steel Merchants Group",Gilan Steel Merchants Group,Site Engineer,100000004,Tehran,9,,,100000001,270.0,63e8393a-edcb-4296-b776-22ee7a78de9b,ce177b4e-0837-48a3-9261-a7ab3aa2e4f9,2026-06-16T10:50:00Z,2026-06-20T05:43:00Z,1,3,d710526a-e7d8-4eb6-a8f4-a437b748b9cf
5fd68015-67bc-41bf-bd6d-fa03162df5c4,"Hot-Rolled Sheet, 40 t - Taban-Pouya Steel Structures",Taban-Pouya Steel Structures,Purchasing Manager,100000001,Hormozgan,9,,,100000002,25.0,85535fee-d734-4da5-9d31-be20edd911e1,e27a984d-6548-41d0-bfcd-9eb1a7cad415,2026-06-06T11:47:00Z,2026-06-10T09:09:00Z,1,3,c2b0bfbc-1310-4f1d-83d8-37d985bd1a59
fa138636-853c-4fe7-9179-580ce5ec4e5b,"Hot-Rolled Sheet, 105 t - Karun Pipe Works Ltd.",Karun Pipe Works Ltd.,Site Engineer,100000002,Tehran,2,,,100000002,165.0,95d6aa94-7fe9-42e1-8399-7d526ed1d205,0e51f30d-c6a7-4e39-84b0-32ccd7c524a5,2026-06-21T10:39:00Z,2026-06-27T11:39:00Z,1,3,1f74261a-9f3a-4a28-8762-dba5b50ac023
