opportunitycompetitorid,opportunityid,competitorid
d2bf0099-7fad-40bc-a865-c56542914a52,ff40abae-3c22-45fb-b75e-aba38f43a702,f891b0c3-dd3f-487e-92bd-c6619fe0a8c7
aa2fe74b-1347-4e04-ab90-287e6a9c5812,203f074e-e041-4805-bdce-29756aa57f33,70944bdb-26a5-44e3-90ee-7a92a09151e0
e85876ff-eeae-4467-9113-22f92f977d0e,9ffe17f6-04f8-4fca-8345-1edb0ff95a14,70944bdb-26a5-44e3-90ee-7a92a09151e0
c4117517-d0b7-4f3f-8755-792bca1867a6,44d848a8-bcea-41e5-8128-e7a4aaa835c1,12fe28bf-81e0-4489-9a18-e2a30e614bcd
0eb2d593-a1db-4192-96c5-d1e1d18ad2a7,42023f7d-b0b4-48b0-a297-aa1c8ee62d71,a1a27485-7134-4c2a-b80b-3657117b355b
df175ab2-1baa-4f47-9436-07e69e1a8a80,420c3377-16c9-45c3-8b55-730b94f58e2e,f891b0c3-dd3f-487e-92bd-c6619fe0a8c7
f35b4330-47ce-44a3-ba7c-a8aef75e0d0d,e5a80de2-4fee-4c78-95cc-6bec3826995f,a1a27485-7134-4c2a-b80b-3657117b355b
921b7da2-10f3-437c-97b7-e3816a14ad87,4896ee54-487f-4094-8b4f-c0e9eda2ad63,f891b0c3-dd3f-487e-92bd-c6619fe0a8c7
376600ef-d1ed-4e4c-91e8-f02afc8372b2,b38f6de4-90c8-400b-bad0-8f4597826620,f891b0c3-dd3f-487e-92bd-c6619fe0a8c7
d2d95a70-ba52-415c-8c6c-fce71ad753d0,8a4d341e-4ba5-4f41-82d2-0aa3f2b27c96,70944bdb-26a5-44e3-90ee-7a92a09151e0
9dc23b33-5021-457d-8157-c575a4233a70,c526e125-6d25-4689-9b74-b16bc33be859,f891b0c3-dd3f-487e-92bd-c6619fe0a8c7
2efc7c5a-d426-47aa-91a3-af66c83ec176,d7e2786d-ff6b-4153-9f9e-156023294408,70944bdb-26a5-44e3-90ee-7a92a09151e0
334fe9c9-6c51-4015-a913-060ca28042ba,fe212f5b-5d8d-4406-8242-3206de34c4d3,70944bdb-26a5-44e3-90ee-7a92a09151e0
82882fc2-bee4-45a0-bee5-3bfc3d6ff039,912cb8b4-5bc8-48a5-ba06-1bad345b428c,f891b0c3-dd3f-487e-92bd-c6619fe0a8c7
c3ce0fcb-4665-4861-a213-92d92a00003e,9dc4ce08-d020-4059-826c-24327c3d7b49,70944bdb-26a5-44e3-90ee-7a92a09151e0
e3c43ca8-fca9-4c13-b962-e1e808f042ed,b4dd5307-0b30-4c62-bfa1-d66b18f59446,97674900-4651-4367-8bdc-43184d85a3d2
5e3663c2-8d93-4ca5-ab1f-ef8e9dc3d2a3,57658e13-d6f1-4320-8f2c-e5b9e850ad62,f891b0c3-dd3f-487e-92bd-c6619fe0a8c7
9478ba0b-d20a-4a33-a1c4-c708fbe5fc2b,839fc54a-0b26-4728-aa04-56776ac494c2,70944bdb-26a5-44e3-90ee-7a92a09151e0
38028ccf-86e5-4896-82b8-d038571980f1,21f110f3-9703-4a74-86ed-4e3453836097,12fe28bf-81e0-4489-9a18-e2a30e614bcd
223f3caf-38b7-4260-b155-cb64604d556b,e388d11f-d162-47e2-bf35-e6031ebf333b,f891b0c3-dd3f-487e-92bd-c6619fe0a8c7
1c8a6354-d9f6-4a35-8da4-4a0e25804edf,00f901be-3a37-4645-a5df-8d4a4b1b9e7c,70944bdb-26a5-44e3-90ee-7a92a09151e0
64b04e41-cd30-4062-a3d0-072ed94ede51,7450f00c-c846-45c1-a233-2726097c98e3,f891b0c3-dd3f-487e-92bd-c6619fe0a8c7
d9b8a064-4a40-41e3-b065-34c7a59549c0,624c2f33-ddee-4cec-b3af-6b066c9460ac,97674900-4651-4367-8bdc-43184d85a3d2
a3aac6dd-d732-446f-b6b3-7e5242d855ee,9f5367fb-82f6-41d9-8db8-e652c02ff878,70944bdb-26a5-44e3-90ee-7a92a09151e0
34336fd9-5dc1-4ba0-8e3b-044173d03eba,f6a262c2-6770-4f35-9bc8-c7cb8b17e9ed,a1a27485-7134-4c2a-b80b-3657117b355b
60bfdb5f-0239-479e-8b4f-4ab61243cd60,f82f9674-0427-42d9-8b0a-dcaf15970500,f891b0c3-dd3f-487e-92bd-c6619fe0a8c7
9924d064-9c25-4228-9826-d4da4fd7cd11,4ea623e3-47b2-4835-b655-4281d10ef70c,f891b0c3-dd3f-487e-92bd-c6619fe0a8c7
c1954dc1-41ce-4829-9206-98f1f5fb2fbd,98692735-ff68-40a2-925d-81aa4c3cf681,70944bdb-26a5-44e3-90ee-7a92a09151e0
8ddb56d2-3384-47f2-aa58-276ae62cc4ff,4a1eb843-a1ae-410b-88c7-8c39bbcf7d2c,70944bdb-26a5-44e3-90ee-7a92a09151e0
9d601449-b328-43a5-975d-d61a3898c6aa,fbb5ac74-2c15-4ef5-8d9a-0bcbfd74f325,70944bdb-26a5-44e3-90ee-7a92a09151e0
1cf7b510-12c4-4718-8c7f-0ff52913c6bf,33ab6ceb-1cf0-4f03-802f-74068c13ea4e,f891b0c3-dd3f-487e-92bd-c6619fe0a8c7
3f1993ad-4f34-4179-9674-b00d19b79b54,99a2eeee-e5fa-4aa9-b3b5-cb686059f8d9,70944bdb-26a5-44e3-90ee-7a92a09151e0
d56f403a-33a7-4b68-bbd3-f06681971c92,75737b6c-0fb8-4e08-bf21-6c151443e283,f891b0c3-dd3f-487e-92bd-c6619fe0a8c7
ba63bc40-06c0-4ee8-8b8b-80d9b1229d0c,f2da5c53-821f-4d01-8be4-f91422327bb3,a1a27485-7134-4c2a-b80b-3657117b355b
52db3ce7-3b21-4571-9185-3695ee8b13d8,d1300e62-2cfb-441e-9b02-c29637dbb397,97674900-4651-4367-8bdc-43184d85a3d2
b423e204-b8eb-4f0c-a945-455788959d6e,c6af6852-c571-4091-a587-cb1289dc3fe5,70944bdb-26a5-44e3-90ee-7a92a09151e0
6d734f93-16c6-4aad-a8bf-b083983de328,b51f81c1-a320-4090-81bc-940061ab57d8,a1a27485-7134-4c2a-b80b-3657117b355b
20a670fa-e0ce-4d56-84c7-e96edc828824,08303126-82ec-4f42-9a40-77920209f205,97674900-4651-4367-8bdc-43184d85a3d2
b3cb7e25-6f82-4c84-a6b0-eac1480c4dd9,1caa2ddb-c30c-4876-85a6-022fbfd53346,70944bdb-26a5-44e3-90ee-7a92a09151e0
62a0cc31-f12b-4d0b-aff1-e1d03a9e35f7,89f5f2ec-054f-422c-98af-e5395ab6b863,70944bdb-26a5-44e3-90ee-7a92a09151e0
c5d46aff-4d0f-4fb4-8dc1-baea7a549a64,5fb921af-6831-4ce5-bf68-d20d716727b8,f891b0c3-dd3f-487e-92bd-c6619fe0a8c7
17918bdb-51a9-4927-a215-9764f94c6827,7d86b46c-eee4-4f6a-bb66-ff200510ad2e,a1a27485-7134-4c2a-b80b-3657117b355b
d5fd0aee-29b4-453c-af95-840181e7b36a,2bf4870c-6465-4f73-a57a-21429c3e8d17,70944bdb-26a5-44e3-90ee-7a92a09151e0
6c844800-dc9f-45b8-93d1-dc4170451472,36d47214-d8ff-4063-ac4e-f44ac528ecf1,70944bdb-26a5-44e3-90ee-7a92a09151e0
d3f3eaaf-ceea-459f-bdbc-5a27098256a4,ad4e4ff8-8736-4422-b74e-e609d86fd87e,70944bdb-26a5-44e3-90ee-7a92a09151e0
e38e039d-9edf-4835-8512-cb2e3a068e71,2900fb65-e2f1-4201-a28a-972e4fe2b9ac,12fe28bf-81e0-4489-9a18-e2a30e614bcd
5bf0be14-a6c9-4960-b0c9-5e1edb6e45bc,e5dcdfd7-95c4-4328-93f3-170d502fb862,70944bdb-26a5-44e3-90ee-7a92a09151e0
0ee802c7-743d-4cd6-85c1-01d958d8b1a9,2acf31d1-90b3-4fe6-8ff2-6464e79a06bd,f891b0c3-dd3f-487e-92bd-c6619fe0a8c7
208fd350-b171-4826-8fda-7f6233401a91,00d52f8c-bc35-45d9-948d-83ea35ce13ad,f891b0c3-dd3f-487e-92bd-c6619fe0a8c7
bac5c16f-8f26-4db1-b074-cd84fcedc3be,1415596f-f5c3-4837-9461-1d95c40a572d,f891b0c3-dd3f-487e-92bd-c6619fe0a8c7
53adc24e-e9ad-4501-991c-34457e939dd5,3b93bf18-9551-4d67-ad08-2d74fcc93eed,a1a27485-7134-4c2a-b80b-3657117b355b
cc557002-1fc6-4a60-9124-ab161d8d2091,54ecfdd3-fd18-4543-b065-b97d9b9f896c,12fe28bf-81e0-4489-9a18-e2a30e614bcd
34d30866-ff2e-48b2-8783-bc629d69b21d,c3745229-71ee-492e-8588-14eb6a6c3676,70944bdb-26a5-44e3-90ee-7a92a09151e0
f460a91c-01ab-45da-8b50-b1ab6337468f,350823d0-1684-403b-bf02-fd546e9e4d45,12fe28bf-81e0-4489-9a18-e2a30e614bcd
31c9a3c0-b591-4d46-a888-d4bc8389d8f9,271d0a55-eebc-4f59-b6e6-ca372ac92502,70944bdb-26a5-44e3-90ee-7a92a09151e0
9a58975d-db52-4436-8bee-a7e6120d0303,16c877e9-c9b6-46ce-a46e-ead901385fa9,70944bdb-26a5-44e3-90ee-7a92a09151e0
e9e1be2e-90cb-4cbd-82c2-0b6cc0d9de59,db6b650e-1811-4f17-9f82-e561487a4b44,97674900-4651-4367-8bdc-43184d85a3d2
55c1c5ea-8132-42b7-8c12-c287e93de5cb,ac2356f7-11e7-42f8-a1ed-e463615f7343,f891b0c3-dd3f-487e-92bd-c6619fe0a8c7
17a4b74c-db12-4c0e-a2ce-40bba10ab139,07d793c7-8e04-4c8a-a088-b8f9fd675cd3,12fe28bf-81e0-4489-9a18-e2a30e614bcd
bbd4ee9b-8e6d-44fd-a6e5-5a0eb92c66c7,bceb4bc1-4d07-4dc4-bd4c-08f1d4bcfaf8,f891b0c3-dd3f-487e-92bd-c6619fe0a8c7
0be3af37-9908-4aab-8d05-ab90d11df3f9,bd8cba3b-843b-417d-a2bd-82c1b0f25f49,70944bdb-26a5-44e3-90ee-7a92a09151e0
627daca1-b05e-46ea-ae0f-3ecec9e0f3fc,651a2c63-3162-4809-a412-b4ef456f99c2,a1a27485-7134-4c2a-b80b-3657117b355b
cba09052-322e-449d-ba47-d83eaff4b87d,19ea5e46-059e-4837-ab11-c1f1e02beeab,f891b0c3-dd3f-487e-92bd-c6619fe0a8c7
9d34845f-3ca7-4505-9111-76bd59957547,ad3970d1-125d-43d8-a465-2ac74b06dd1d,f891b0c3-dd3f-487e-92bd-c6619fe0a8c7
801fe222-14aa-4d7a-a70a-e33236dd3553,4351868d-223b-444d-bceb-4b5613edc4f4,a1a27485-7134-4c2a-b80b-3657117b355b
46d00572-8674-4303-9c32-fd49d96d0974,63e5eabd-6a77-426c-bdb5-1fc7a273d581,12fe28bf-81e0-4489-9a18-e2a30e614bcd
7d11ef39-3adc-48c7-bf09-e70c2a48960d,95fe2b99-4e43-4a46-b562-59092c39cacc,f891b0c3-dd3f-487e-92bd-c6619fe0a8c7
0fd6615e-c6c5-41f4-93df-62ba381ff62f,8994b175-c432-487f-8050-203c020281d7,f891b0c3-dd3f-487e-92bd-c6619fe0a8c7
1c6ef0da-4469-4126-9e96-bb6b8b1ff333,3577f4b0-fd3d-40bc-8e34-df76d1298de6,a1a27485-7134-4c2a-b80b-3657117b355b
30be5674-60c5-4afe-a29f-2bc479ea5fe1,9ea9e08e-d4e4-4a0c-bf8b-4420750f7fb8,12fe28bf-81e0-4489-9a18-e2a30e614bcd
c7ffb69f-8cbf-4587-bc3e-b01e2c494d72,cd896c41-b1ef-4e80-affc-6de2ae6725cd,a1a27485-7134-4c2a-b80b-3657117b355b
ba67ed5a-00ad-4b72-9ed8-fea2b5dd80c5,ede9b67f-2991-424e-9068-998f70595f4b,12fe28bf-81e0-4489-9a18-e2a30e614bcd
b6db52bd-2a73-4d4b-872e-7b061ebf4bcc,0eebfa49-52fe-45f2-ab30-dd5564650b74,f891b0c3-dd3f-487e-92bd-c6619fe0a8c7
3c3d65c2-b87e-4b4a-b586-10a2ff19719d,0470d067-0223-4d3c-8e15-5309814979e3,f891b0c3-dd3f-487e-92bd-c6619fe0a8c7
9f86b282-3d1d-4436-808d-5fd29bbf77f8,ffaa247d-6bea-4229-bfcc-83b089fc023d,70944bdb-26a5-44e3-90ee-7a92a09151e0
72e47ae7-f61d-4738-b62d-f00af591af66,8999d7b5-bdf3-4000-aa50-f00f0de15f8b,f891b0c3-dd3f-487e-92bd-c6619fe0a8c7
1e844654-1802-4fae-aa5c-384073b0e41e,4de16f53-6e47-4908-80ae-7ff0502eacf3,f891b0c3-dd3f-487e-92bd-c6619fe0a8c7
a9169a38-5af0-4c5b-9be3-ad332962dfbb,0b202de9-48d4-4aa5-b9d5-12ce01bb76bb,12fe28bf-81e0-4489-9a18-e2a30e614bcd
6077ea91-c8e5-403f-b22f-12b36ca0ce39,a293108b-88e1-40bd-b858-db8a910a525a,a1a27485-7134-4c2a-b80b-3657117b355b
1fc174fe-7cec-4071-a5a1-cf97be189c43,c8a0b0e5-99e9-4189-ac1c-5523b1e94190,f891b0c3-dd3f-487e-92bd-c6619fe0a8c7
242aac5e-eef8-40de-aae4-91601ab7f3ba,c12574b7-7099-485a-b408-ec621c9f15fd,a1a27485-7134-4c2a-b80b-3657117b355b
dda358cb-ad4a-4e37-9022-57840fd66b4c,b1b14337-c783-4efe-b228-bf49a1926889,70944bdb-26a5-44e3-90ee-7a92a09151e0
fab014c1-47bf-424e-870d-cc6ce777dac2,43c62187-353d-48b2-9895-42d4d27f8d4d,12fe28bf-81e0-4489-9a18-e2a30e614bcd
3853d154-ff2a-4337-9520-d64b515d5f38,8435dc23-f749-455d-bc4b-543dc0bb8402,a1a27485-7134-4c2a-b80b-3657117b355b
b402368f-fba2-40dc-b228-8e893a78477a,6db1e916-8d6a-4a41-9f06-07db225414f6,a1a27485-7134-4c2a-b80b-3657117b355b
2d8ca840-6c6b-4344-ad8d-3855e95fa478,57a49e4b-4b29-4da7-9aa1-9036405a089a,12fe28bf-81e0-4489-9a18-e2a30e614bcd
2eb5073b-e5cb-4475-83b0-f80e8064b287,0022cc35-b695-4195-8aad-191658a59bff,70944bdb-26a5-44e3-90ee-7a92a09151e0
0c99e14a-58df-4bc5-8976-f1711b15c8a3,aade9681-bd3b-45a0-8f2f-93d5b0f91edc,70944bdb-26a5-44e3-90ee-7a92a09151e0
9d195a34-580a-47cb-b267-95d820368525,53e84245-8ac6-479f-a139-e08be56f88b7,12fe28bf-81e0-4489-9a18-e2a30e614bcd
05f02460-438c-4378-a6b9-cb0b7357501e,02d13793-4405-43b4-b3b5-f5132df65903,f891b0c3-dd3f-487e-92bd-c6619fe0a8c7
90902ca6-e267-4ba6-818e-cda7550f538b,9fb4716c-710d-4270-9ac4-45349341e627,12fe28bf-81e0-4489-9a18-e2a30e614bcd
384cbfbf-81d0-4054-b273-4f6e4b865144,e8f4a5db-cb33-4eed-a284-e0d2f9e55e79,12fe28bf-81e0-4489-9a18-e2a30e614bcd
559bc4d8-d429-48e0-a0fa-14a8e5ddb6cb,10294b50-c06d-42bd-b781-4316855abea1,70944bdb-26a5-44e3-90ee-7a92a09151e0
9f608712-996e-467e-8fa3-b2c315a01004,fa604c2c-4ae4-4e7f-af56-a06821664f8d,f891b0c3-dd3f-487e-92bd-c6619fe0a8c7
b72a2965-e023-4bc9-b648-415dacc73535,415d1bd7-36bf-46e7-b98e-7c2e9ca37b40,a1a27485-7134-4c2a-b80b-3657117b355b
e1150321-530a-4316-96fe-83bd8d351b42,32d35e74-fef1-4c10-af40-0d8340a2b276,70944bdb-26a5-44e3-90ee-7a92a09151e0
2240c667-291c-425b-9480-abc396ba8704,f7c3dc66-7fda-48e0-8eab-1e72c488dc5b,a1a27485-7134-4c2a-b80b-3657117b355b
50838b00-29f7-49a1-8c32-0ebb7d9ddd1e,af12102a-34ba-479e-ab4e-1180d3caf1ed,97674900-4651-4367-8bdc-43184d85a3d2
e3af176a-dfc7-43d7-9c22-6af0f22c52f2,c0fed388-c8a0-4df4-a1ac-b714262d0dee,f891b0c3-dd3f-487e-92bd-c6619fe0a8c7
fa726e14-c885-43cc-b647-302586500714,912baedc-956d-440a-9a0a-3a1f1e950771,a1a27485-7134-4c2a-b80b-3657117b355b
94e11193-5b11-4d94-81fb-f95ef44cf310,d8bb6fad-44d1-4c54-96ff-ed78701d5127,70944bdb-26a5-44e3-90ee-7a92a09151e0
28848e97-5a69-4dab-9d1b-779dcc2d9252,3b8c7da5-39ed-470d-bbff-b5b6d72a03c0,70944bdb-26a5-44e3-90ee-7a92a09151e0
9b0198ce-ca1d-429d-9ad7-9207b1102552,7255304a-f938-4fda-a5e0-80ec3ed5b277,a1a27485-7134-4c2a-b80b-3657117b355b
1ed30ffb-f93d-4d9b-8e2d-19cc7ad539fb,fcdd7b08-904b-4171-8212-520fca49fe49,12fe28bf-81e0-4489-9a18-e2a30e614bcd
f8cd138d-c738-47a8-b0ba-df312a9e48f5,7acc0b9c-6496-468e-8b9a-85bc41e7528b,f891b0c3-dd3f-487e-92bd-c6619fe0a8c7
6afea56e-289f-4ec2-8ac9-abcf3bde1e84,2ce80248-4d2a-4902-80cf-2e665663fe16,70944bdb-26a5-44e3-90ee-7a92a09151e0
b9fa04ff-599a-4bbb-b18e-2960a8e9644f,63bc1c09-316a-4f4a-807b-32cb7af41f8f,97674900-4651-4367-8bdc-43184d85a3d2
b1aa9ff4-36cf-4d9e-98f4-3f9994fb7a64,2b63b9a4-7d7d-4da3-98f7-3f1bf8b5b16f,70944bdb-26a5-44e3-90ee-7a92a09151e0
2810ced7-a97e-4f2a-9e1e-48d7cfcf992a,e10af9ba-ef8e-4806-8df4-2e88408efdad,70944bdb-26a5-44e3-90ee-7a92a09151e0
9c4caf05-7fff-4261-8239-729d3527f99e,d1015796-3cf8-4641-a5e6-53b9413d54e0,70944bdb-26a5-44e3-90ee-7a92a09151e0
db3af9c7-c250-4925-8c2f-9a9e74ad3a0d,c20b5d7f-0ffb-41ff-9abe-8296296c2114,70944bdb-26a5-44e3-90ee-7a92a09151e0
1a61e58a-2c4e-4ae2-a097-c5127fa876b3,edbbf695-185c-41fd-b3c3-d82deb3bbe4c,70944bdb-26a5-44e3-90ee-7a92a09151e0
ee05d46d-c546-4621-a5d7-2faa5023de4c,59178b75-96f7-4674-b702-f5539792cb50,70944bdb-26a5-44e3-90ee-7a92a09151e0
16a87e5b-75c1-489e-9839-8c5ece700666,4cb17d08-504f-47a7-ae7e-20948d1d7baa,12fe28bf-81e0-4489-9a18-e2a30e614bcd
e7c6f661-a1f9-401c-8fc1-53a5f26dd964,dcb3be81-f6a2-49ad-98e1-872304871f92,f891b0c3-dd3f-487e-92bd-c6619fe0a8c7
894ba14b-f9fa-426f-91fd-eedf6f36a9c9,76e239a2-d97a-49a0-af60-3cf459fec3fe,f891b0c3-dd3f-487e-92bd-c6619fe0a8c7
a4734908-e057-4549-b19f-0c07ad28d2be,96371f60-9f3c-40f6-a894-6734f7b6320d,a1a27485-7134-4c2a-b80b-3657117b355b
7dfd9faf-413a-4821-8490-01423ae4e9b9,da6d72da-90c5-4a4a-8212-5fadb0372c92,70944bdb-26a5-44e3-90ee-7a92a09151e0
9b12cf22-1226-4ece-9dc7-fbfe4ddfcf42,ed84c7a3-383f-4a63-9c55-c19cdfd47ee5,a1a27485-7134-4c2a-b80b-3657117b355b
c194a479-0175-41bf-b4d0-70c376e1dad3,521c060b-b9ca-43c4-90b0-8da1cd22faba,f891b0c3-dd3f-487e-92bd-c6619fe0a8c7
5340b3b6-99c0-4a3a-aaad-82a74d4e715f,4257ee34-fc85-4065-ad67-92bb5b327b7b,a1a27485-7134-4c2a-b80b-3657117b355b
9d790e51-d903-43e9-aa3d-e9c4ac184546,980b63f9-0d7e-46a9-988b-ae7736b246b9,f891b0c3-dd3f-487e-92bd-c6619fe0a8c7
59a4b3cc-08f1-4953-a12c-117491c9d64a,6f5022f6-8db9-46fb-8204-6c6e12406ad5,70944bdb-26a5-44e3-90ee-7a92a09151e0
25ae006c-a648-462e-a4ed-87f135d9731d,cc7ac319-26b0-4819-a5ea-de18a95599f9,70944bdb-26a5-44e3-90ee-7a92a09151e0
c2fba784-4e9a-4061-b415-5cc0893647e6,cb66839b-e81c-4c16-9072-d09b0aba474a,70944bdb-26a5-44e3-90ee-7a92a09151e0
ab64e587-0734-4ba0-9738-83cde6784db8,7ef5383d-ceb0-4595-9794-6e7f4cd27f56,12fe28bf-81e0-4489-9a18-e2a30e614bcd
46a77192-98d3-4e5f-8dc6-f1ac98b6880a,378ca8bb-041d-45f5-910f-e0a545b0bb74,a1a27485-7134-4c2a-b80b-3657117b355b
1c4ce594-2e66-4c1b-8f90-0ff56f0ebf80,f9e6ffd0-0345-49e3-8472-1115bf1053ff,12fe28bf-81e0-4489-9a18-e2a30e614bcd
f99f225f-d5f5-4973-949c-ce71d4254c1a,b59fe038-e438-49a5-b0a5-d6a43b86fb86,70944bdb-26a5-44e3-90ee-7a92a09151e0
4d180e38-3699-4fc4-9565-cf0e0f319c37,248d2d89-02e5-4b80-acd8-e335a17353e7,a1a27485-7134-4c2a-b80b-3657117b355b
5a41e7f9-6137-4bba-a8f4-5ce307460647,e8d5dc8c-24be-4697-9183-9b26d48e3812,12fe28bf-81e0-4489-9a18-e2a30e614bcd
2d02fce7-b5dc-44d5-859f-9b568425fd0c,9df97618-52df-4e23-8cb5-450057c549b8,a1a27485-7134-4c2a-b80b-3657117b355b
dd14d35e-3af4-42dc-a2bc-2502600aca3c,29e7de22-97a6-4f22-9edc-130bc35430fe,12fe28bf-81e0-4489-9a18-e2a30e614bcd
8b45c64f-cb38-4063-a631-7c32ea83a15c,3d1a508d-79a0-4a8f-a0ca-37b95f4527d6,f891b0c3-dd3f-487e-92bd-c6619fe0a8c7
0a463933-42cf-4979-ad28-09676a098c6c,cf803b6e-0124-4c39-a18c-e6cda54aa860,70944bdb-26a5-44e3-90ee-7a92a09151e0
5ad87125-6746-488d-996c-59522ee433f6,a40b1790-8d61-49ba-abcc-ef52e3365f8c,12fe28bf-81e0-4489-9a18-e2a30e614bcd
4cca8c6d-526a-43ec-adad-8aa2d0005fd0,0d6f1b84-d079-4f46-bf74-594bf9384b4c,12fe28bf-81e0-4489-9a18-e2a30e614bcd
0b246322-8a66-46a6-a8e7-ee786dee221d,c0b20dd8-0c4e-4431-a783-883577edcfff,f891b0c3-dd3f-487e-92bd-c6619fe0a8c7
9dad9ff2-ed7d-4e5d-82e0-4a3225c3904f,1b1cff87-40a8-4540-93b7-bdbc06be11c0,f891b0c3-dd3f-487e-92bd-c6619fe0a8c7
4677ee94-7c79-4ae4-ac3c-c2206c24d027,241e7855-587d-4c08-8f84-244a72e5ac50,f891b0c3-dd3f-487e-92bd-c6619fe0a8c7
212049a8-9f16-465e-a3d7-9a723a7a1bb1,a3d781ac-fe37-4a37-b52c-4b2cf67cb759,f891b0c3-dd3f-487e-92bd-c6619fe0a8c7
3b02d6bc-3f38-4c5c-9634-cfd5a635d9e7,557731b5-285e-4889-87ba-6245635b9e6b,f891b0c3-dd3f-487e-92bd-c6619fe0a8c7
f8c7ca32-6310-4399-a4a6-990b64b5ece2,e943aa8f-d024-4672-96a7-3e89656b16b4,f891b0c3-dd3f-487e-92bd-c6619fe0a8c7
8dbfc11c-d6d5-48eb-9ddb-ad239ccf72fe,ead2d29a-f633-459d-829d-ca45b084435c,a1a27485-7134-4c2a-b80b-3657117b355b
971e6552-48ef-4878-8e3c-302ac5f8f36e,a838e8dd-dc3a-4635-af3b-716de37aa5a2,97674900-4651-4367-8bdc-43184d85a3d2
2fc697e7-d66e-48f7-b859-6aa4e4ff619e,4f8d66d6-3527-4a82-aceb-b1384d707d44,f891b0c3-dd3f-487e-92bd-c6619fe0a8c7
7abf1053-e287-4082-8a1b-80b92fd61145,69f611cb-8d6a-473e-89cb-5a7da372a0aa,a1a27485-7134-4c2a-b80b-3657117b355b
b4f10c9a-118a-4b38-ad64-cf1c1723c805,bb096b4b-251b-499e-a6ac-8f840db11c52,70944bdb-26a5-44e3-90ee-7a92a09151e0
49943c81-6ef0-4ffd-986a-470dbfb78812,da004752-5298-46bb-8602-29a4ea55292d,f891b0c3-dd3f-487e-92bd-c6619fe0a8c7
876fade3-c538-46f4-8643-b3b9947d02d6,54a1f581-7f98-422b-b929-b8887ef381a3,a1a27485-7134-4c2a-b80b-3657117b355b
68919e4b-eed8-4f25-b72e-bdefe73ec0b7,57162941-314f-4d03-9a4a-81117ab32583,97674900-4651-4367-8bdc-43184d85a3d2
0140be56-a9e1-4344-a364-df61d92ef298,5ef7c6b4-bdbd-4515-8cbe-a96b66c4c628,70944bdb-26a5-44e3-90ee-7a92a09151e0
2c8f15ee-4179-4ff7-b8f4-02f84cf1779b,5b78fc11-16ea-4f38-a100-4f29067db218,a1a27485-7134-4c2a-b80b-3657117b355b
6505bd24-06bc-4772-a392-bcba49a7a1b1,b4dd2c13-e5a2-4a6c-9214-4d02a0a00cad,f891b0c3-dd3f-487e-92bd-c6619fe0a8c7
2eb7b9ea-3458-4555-8907-b93b0488d6ea,16a2be65-f029-46e6-b23d-0075d2a57ccc,f891b0c3-dd3f-487e-92bd-c6619fe0a8c7
8da518f0-8bf2-4b76-8eb1-33b2d91f8de1,4d059883-1778-4020-9edd-3b3aef85866b,70944bdb-26a5-44e3-90ee-7a92a09151e0
c3d834f6-df9c-4843-bd3f-8d547731f5b8,2cb5c00a-497b-47f9-8053-4d644f862de0,70944bdb-26a5-44e3-90ee-7a92a09151e0
41eb2431-7b1f-4fb2-82c9-9d2b620875e5,0bc44b11-e45a-45af-b219-f9f136049263,97674900-4651-4367-8bdc-43184d85a3d2
73183470-5c91-4eb3-8942-73b9cbb1fc79,5697b4e0-d9f0-4d26-aefb-ef2691bbe0a9,70944bdb-26a5-44e3-90ee-7a92a09151e0
a30eeb05-7e7b-4566-aca9-388a21cc0651,2f33cbde-96b3-4e97-8918-ef7f09047960,70944bdb-26a5-44e3-90ee-7a92a09151e0
41c1e536-47ff-4895-a17b-60cf976b7fa7,30a11898-2bb4-43eb-a7ff-dd49e14bb33c,12fe28bf-81e0-4489-9a18-e2a30e614bcd
7b34cf79-3a16-4b35-a81b-622489743e05,5b5019bd-7e7c-4d84-b2dc-cb2fef1c0185,f891b0c3-dd3f-487e-92bd-c6619fe0a8c7
e9aa7c98-190a-4d3f-b19b-4bf071259cc2,82ba9ea6-42cb-406c-93f2-6ca3f566e9e9,f891b0c3-dd3f-487e-92bd-c6619fe0a8c7
b9dcc556-c01f-4d20-ac78-a746f5388bb7,bbbb2902-ea46-401e-832a-d975b006a6a3,70944bdb-26a5-44e3-90ee-7a92a09151e0
59122d58-e027-4495-9210-b28c2052a926,52476273-09bc-4981-976d-2a5d28621722,f891b0c3-dd3f-487e-92bd-c6619fe0a8c7
8e97e7f0-cbc5-4d2e-b13a-b7cb8f95980d,042c9f7c-a498-4247-bc9c-b2020d082eb5,12fe28bf-81e0-4489-9a18-e2a30e614bcd
a3dfe911-1260-4de6-be9b-5c90a8f65e84,7372ad9e-8734-4bba-8de2-1a7a2c2e41b4,12fe28bf-81e0-4489-9a18-e2a30e614bcd
028d13ab-c33b-4e68-a250-98820fc0cad1,cf32027b-d6cf-4f1c-aff7-7e48a2b2f049,12fe28bf-81e0-4489-9a18-e2a30e614bcd
549510f4-6dcf-4838-96f9-bd50aa7791f0,57ee6a27-edf7-4e79-8d91-599c6d90e3ee,12fe28bf-81e0-4489-9a18-e2a30e614bcd
ce3f4c13-bc33-4b5a-8fdc-6567b8314def,f7398264-2e30-4cb7-9a8f-2b8990b0a4d0,f891b0c3-dd3f-487e-92bd-c6619fe0a8c7
9f6fafab-c5c8-4deb-b546-5a86966fb451,eca74d46-dc97-4cb8-aa8b-6b0e76a3fc22,12fe28bf-81e0-4489-9a18-e2a30e614bcd
860739ff-2b4a-47e9-83de-56823a961713,61d0ef4f-6470-4bde-966a-f76f456ebbd0,f891b0c3-dd3f-487e-92bd-c6619fe0a8c7
b146aed4-f0c2-487a-8fbc-d825c14bf19f,ee86998f-679c-411d-98b6-d8c2e6121a25,12fe28bf-81e0-4489-9a18-e2a30e614bcd
bdf2d2ca-f332-4769-af87-ba205e145aef,56e03e97-2d42-4f7f-9326-5657a56a0e3a,70944bdb-26a5-44e3-90ee-7a92a09151e0
e2b94f55-dd4f-474c-8335-68df97dd6541,a160085f-ee9c-4ba6-b0be-d7e6be6a9aa5,12fe28bf-81e0-4489-9a18-e2a30e614bcd
c09bdc4c-3c2c-46b3-a488-aaa41754803d,51c04ecb-bb60-43e3-8123-8e20f98dd6a8,70944bdb-26a5-44e3-90ee-7a92a09151e0
91ea2904-95b2-4a8d-bb68-de4c81e3213b,30950ae5-bc09-47c4-b609-66943c35b27d,a1a27485-7134-4c2a-b80b-3657117b355b
3c78f8f3-4416-475c-9e84-3e0d8bac7e4b,34e46f07-380c-452f-a294-5c5936981525,12fe28bf-81e0-4489-9a18-e2a30e614bcd
42e26965-6b31-4530-88a1-0b40478ba882,ec3fd2c2-515b-4539-83b1-940e3434a281,f891b0c3-dd3f-487e-92bd-c6619fe0a8c7
aeb000b4-5836-48d5-82b5-33d237c406b9,cbcb02f0-2518-4946-bbd3-9f0f41721720,f891b0c3-dd3f-487e-92bd-c6619fe0a8c7
b4f52d44-910e-4484-81a9-2f51eede7e78,b2b5c888-9931-4197-af02-7617cbbf61c3,97674900-4651-4367-8bdc-43184d85a3d2
d8348456-854e-4330-becd-0ffc54e9764f,22536c0f-b9a3-4f8c-b84d-1c98c44a425c,97674900-4651-4367-8bdc-43184d85a3d2
647e9ed0-6b65-4a96-84ba-d0a2171d7629,26f4a4ef-dec3-4eb3-b79a-ff9651e29252,f891b0c3-dd3f-487e-92bd-c6619fe0a8c7
3ec41a40-705e-49ca-b82c-4a06d4ac17e4,326ab4b1-c251-43c7-8991-2512a304d72d,97674900-4651-4367-8bdc-43184d85a3d2
016866e8-625c-45e7-9478-71fd0c3547d1,4bd82444-ddd4-4c7a-8d5a-ebc4891297de,f891b0c3-dd3f-487e-92bd-c6619fe0a8c7
ed3b08d2-db21-4812-9cde-641fd02535b2,487aad88-1ed1-43e4-a4de-ce0981dd1eaa,70944bdb-26a5-44e3-90ee-7a92a09151e0
aa211b1a-0584-4985-bdd6-818f6814cde4,9e78bc4b-a70f-4a18-b631-ba811edfb542,a1a27485-7134-4c2a-b80b-3657117b355b
4b3e597a-956b-4a88-a419-e351edd820ee,6f3c1308-be0a-4197-a9ea-fe0c576cacea,f891b0c3-dd3f-487e-92bd-c6619fe0a8c7
3906a2a9-63e3-417a-9e6c-5cebd69472d5,48f99917-b5cd-413a-a13c-fcebac89ba55,a1a27485-7134-4c2a-b80b-3657117b355b
6a8a2a4a-5d2c-4ba0-9196-7559eb9b21a1,de29e205-6d0d-4a98-a100-b8a2e4165c92,f891b0c3-dd3f-487e-92bd-c6619fe0a8c7
99c13484-6c4f-46be-b36b-172e488bc5ed,50c12d97-c052-400b-a4ae-4c4aaffdfbca,f891b0c3-dd3f-487e-92bd-c6619fe0a8c7
5ccfadcd-a9de-4b5d-a9c8-ec82cead2e4e,a17f0299-7284-4edf-b1a8-a02448d08dd9,97674900-4651-4367-8bdc-43184d85a3d2
08ac88fd-ad39-4cc2-9449-cc2e1d4f3938,700a051c-bc0e-4d13-9c0b-2aa657884e3d,70944bdb-26a5-44e3-90ee-7a92a09151e0
b3ddb61e-cd77-4f7e-af68-bf0aa1544001,c84044b3-3759-4cb4-8046-745aae9080db,97674900-4651-4367-8bdc-43184d85a3d2
f05b483f-2e23-4c84-8829-22a5ec83f4f8,c985a48b-5918-41c9-8018-68fa4f5e403c,f891b0c3-dd3f-487e-92bd-c6619fe0a8c7
bdf034c0-7b19-4c51-a89f-162eb0c65abe,c0e7e1a7-e84d-42e6-9712-00edc4922fe4,a1a27485-7134-4c2a-b80b-3657117b355b
ff032ea1-dc9d-44e7-bc2a-e503164e4780,5cc62a30-c2e6-4058-9c69-32b64caef27a,12fe28bf-81e0-4489-9a18-e2a30e614bcd
77b28ef7-cbd6-41f2-a3f6-1b0f4bf0d344,e3408018-be2b-447a-b32c-bcd0cbbbd89a,f891b0c3-dd3f-487e-92bd-c6619fe0a8c7
f3d95893-9c0b-45a8-969e-f2b5273ea833,94e0f8d0-9c35-444e-9b45-eb213bcf8fdf,a1a27485-7134-4c2a-b80b-3657117b355b
57b919a4-fbbc-498b-a10f-214cb9f8d477,eafa0f6e-fdc0-449d-b921-643e27ff70a8,97674900-4651-4367-8bdc-43184d85a3d2
e72f3acb-a16c-45eb-874a-abc61e9c4a25,f45dbbd1-e021-43f9-b04b-dd28ad20aba4,f891b0c3-dd3f-487e-92bd-c6619fe0a8c7
0dd7d5ca-1510-4ac2-96cd-51b5348b9ddf,9a1e373b-3c60-4cd5-a395-e4926de9026b,f891b0c3-dd3f-487e-92bd-c6619fe0a8c7
218986b0-ffe6-462c-a4dc-618a8022588d,75bb16db-dc4c-44a0-8a4f-fb7c24486381,f891b0c3-dd3f-487e-92bd-c6619fe0a8c7
758919a8-8d0e-42c8-917d-d36f78d340bd,4c1cbb45-b06e-4c9c-95e0-d06bed2ac32b,f891b0c3-dd3f-487e-92bd-c6619fe0a8c7
a31b4949-e33b-47c6-a633-09284a443c7b,7ee8f866-6bb3-4df2-90a1-8d9b83a35a85,70944bdb-26a5-44e3-90ee-7a92a09151e0
66de99c7-4ad4-4ade-a865-7a0b05912a14,8d59a0ee-d0fd-476a-99a2-b7c71ae41748,12fe28bf-81e0-4489-9a18-e2a30e614bcd
ead6a157-3e93-48f0-a6df-3370eaf7588f,1b7810a0-58b3-40cf-9314-4c013b1d0b20,97674900-4651-4367-8bdc-43184d85a3d2
b947ccbd-a0ee-49c4-9b96-ba66111c2bcb,438fd1e8-22de-462f-9659-b3532a9d05d5,70944bdb-26a5-44e3-90ee-7a92a09151e0
0aa2d334-cd55-440c-b7af-d188653107e3,e0824b23-d64c-46f6-902e-d02eb198aae1,a1a27485-7134-4c2a-b80b-3657117b355b
05fd3611-fb53-4b5c-b88c-bda715b9a6f1,f0f95657-3162-4152-aecb-87443ac410cc,70944bdb-26a5-44e3-90ee-7a92a09151e0
9a27f594-becb-4785-a924-b9b647dc75da,63d33f97-b5ae-4e64-8fc8-993dd9d4ba45,12fe28bf-81e0-4489-9a18-e2a30e614bcd
f861a05e-7326-483e-87be-75b13f9a3b13,ea2babf3-e23a-480b-9593-4c5f00f52497,70944bdb-26a5-44e3-90ee-7a92a09151e0
38bae5e6-83d1-4db9-8e03-7e5a41b3ea5b,baddaf6c-c58c-47b2-811c-75e0ea37966b,f891b0c3-dd3f-487e-92bd-c6619fe0a8c7
1228bbdb-7563-4124-9883-26635478dcf7,e2970c5b-6eea-493d-816c-5b72c1a4b3c6,f891b0c3-dd3f-487e-92bd-c6619fe0a8c7
efa8972c-d4c4-4e39-b6c1-11ada2e6f414,7e10c75d-c123-41b1-9064-5e3be9fa3a5a,70944bdb-26a5-44e3-90ee-7a92a09151e0
d041bfbc-0718-4cc2-9dae-b8abf25bce3f,28daa155-12dc-446f-b9de-5e8c7ee797b3,12fe28bf-81e0-4489-9a18-e2a30e614bcd
afda6a51-74e4-4750-bdc3-501d28465616,305c70a2-3a3e-4b9f-b637-a2faa44b6f98,f891b0c3-dd3f-487e-92bd-c6619fe0a8c7
36d0340e-8715-4751-9a98-a51aeeccb80a,477c5c1e-97c3-4d09-a37a-84ebf75646bc,70944bdb-26a5-44e3-90ee-7a92a09151e0
fb2e358c-6ff4-4bb8-997c-b8d22ba9eee7,dffe5691-cd41-4e43-81d8-f990ce1c4c84,12fe28bf-81e0-4489-9a18-e2a30e614bcd
391d39d4-8a37-4205-a6f8-4523163bfb8f,f984aa7d-e896-4288-9d70-0abb1b6b71b8,f891b0c3-dd3f-487e-92bd-c6619fe0a8c7
b0ec919f-99bc-4a56-bcb5-ed092bf24e83,03a3f80f-51e0-4ae2-b0a6-4f2cdc413634,70944bdb-26a5-44e3-90ee-7a92a09151e0
70068cce-94e4-4c3f-8898-bab0b31b8c07,2513673b-d189-46b5-9542-a1efe0911435,f891b0c3-dd3f-487e-92bd-c6619fe0a8c7
63f6c0d8-d28d-46aa-a18b-47ed5cffd12f,fd40504c-2c5d-4a22-a062-e7f485041e4e,70944bdb-26a5-44e3-90ee-7a92a09151e0
6d861a6f-c8e9-45bd-8d57-21e96cff1fb2,72061d39-1a4c-4283-a067-87d0a13b7a72,70944bdb-26a5-44e3-90ee-7a92a09151e0
8e0f4617-3c4e-4d0c-a4fa-95c15d029c3c,21e094fc-15db-469e-991a-86896626978d,f891b0c3-dd3f-487e-92bd-c6619fe0a8c7
0b2c7790-9e19-4755-9d2e-7eec15de2c3b,a7186dec-f0f4-4e60-b832-f963318f8cd8,f891b0c3-dd3f-487e-92bd-c6619fe0a8c7
c053b8d4-a6cc-49a5-8d39-aa69776132d8,cb38a2f4-52a6-447a-8a9e-9e6f33630786,70944bdb-26a5-44e3-90ee-7a92a09151e0
857eaa97-7c97-44db-9607-b8a0627081aa,c5951e02-eb12-4636-b21d-09d29ed9e494,70944bdb-26a5-44e3-90ee-7a92a09151e0
96e1ee24-d631-41cb-9833-60522b99b45d,d4ba1caf-17f2-41e8-8ca8-e68abeff8feb,12fe28bf-81e0-4489-9a18-e2a30e614bcd
2e865d50-86ec-4471-96fa-f49ddc8a12a7,65f7f7c3-0746-4ece-b6d3-573dcc6c7bc2,12fe28bf-81e0-4489-9a18-e2a30e614bcd
ae990cf9-debe-430e-87a2-3fd9772e6680,e1fb2a96-30a7-4f20-8006-944818d05bc5,12fe28bf-81e0-4489-9a18-e2a30e614bcd
6582a48e-4d87-4bfd-b6db-9de7d67b2ef2,7a7882f1-5814-4e5b-96bd-53b9f93018d0,a1a27485-7134-4c2a-b80b-3657117b355b
5985ec97-5f76-460f-bfd0-843e2d099670,ef0392d4-0b3e-46d4-a3f0-6a8d0fc56ed0,12fe28bf-81e0-4489-9a18-e2a30e614bcd
9adc0718-9f12-45b3-9fc2-02eb7a4b93f6,18ddd0ec-3161-4d58-b580-2785bab619b7,a1a27485-7134-4c2a-b80b-3657117b355b
8503fc26-7cfb-4370-ae6b-75cd24ffa5f6,2980f7b5-e86b-4300-bc20-0b625be3dc80,a1a27485-7134-4c2a-b80b-3657117b355b
9741389c-13a2-4651-9012-4c6aaf50eb84,d31740a5-179e-4b03-bc25-797e6a05be46,70944bdb-26a5-44e3-90ee-7a92a09151e0
b541ce2e-00e7-467c-9d08-86fdc0a03dd1,10593602-b47f-4245-adff-75792ec694f6,70944bdb-26a5-44e3-90ee-7a92a09151e0
82ca0555-f0f5-44f0-81c9-938b6e89b1f5,54cb5255-8c4c-412f-83d8-aac926fa4004,12fe28bf-81e0-4489-9a18-e2a30e614bcd
4205dca4-7ee4-4a9e-b41e-f8e301d8fb45,2f289654-ef43-4f20-8f09-47c5d25d5ca7,70944bdb-26a5-44e3-90ee-7a92a09151e0
9035717c-e59a-48c4-a7f3-b5fea7e00a21,0032ef19-3a16-4059-bd21-a6c80891807e,f891b0c3-dd3f-487e-92bd-c6619fe0a8c7
ceb312a0-1056-4d08-b8a3-c268147a4262,d66aac3f-4edc-4550-8bb0-ed44a5d08e8a,f891b0c3-dd3f-487e-92bd-c6619fe0a8c7
794426ba-7961-4064-9763-086412952600,6b267371-5b26-45b8-a30d-56d15d274d4f,f891b0c3-dd3f-487e-92bd-c6619fe0a8c7
df1fe433-23a7-4cef-9172-300d5eaaae6d,6dab734b-89de-489e-9188-0d4dd96f7b22,12fe28bf-81e0-4489-9a18-e2a30e614bcd
72f59bd6-bbf0-438a-8ac0-a5ab6c46f485,e69728df-12f1-4feb-bfd6-c3d422ecc266,f891b0c3-dd3f-487e-92bd-c6619fe0a8c7
712d5b03-c23d-4f55-a946-3b4aa3f864ba,2514ca68-7856-4682-90f6-ccbb0ab9f72e,70944bdb-26a5-44e3-90ee-7a92a09151e0
ce9102f2-ee98-4ecf-936b-00cd6fe3b95a,99e235d4-a989-43f3-a34a-8573cb2428c2,12fe28bf-81e0-4489-9a18-e2a30e614bcd
4e5b2424-385c-4e81-8aca-c467ecba5167,79bcc938-efe8-4d94-a7a6-871dd122d40b,97674900-4651-4367-8bdc-43184d85a3d2
63ca7157-ab2a-44d1-acad-4c0803429bdd,af56b50c-80fc-4e83-8abf-977905c674db,a1a27485-7134-4c2a-b80b-3657117b355b
c1e8915d-b0a4-4c34-8c6a-ac6e74abea5e,b074dba9-a443-4c87-9ff8-05c5ac6bbaf7,a1a27485-7134-4c2a-b80b-3657117b355b
d7d6eed7-7580-4b15-a918-d4eb0e28a8b2,e0c8feae-9c28-46c4-bd0b-e862ce349cdf,70944bdb-26a5-44e3-90ee-7a92a09151e0
48a75792-106d-4a06-a39f-f129ada97165,3ed1ad49-3ff8-4ab9-96e1-c50a83464c9d,70944bdb-26a5-44e3-90ee-7a92a09151e0
c731cda0-6a3e-4af6-bbfd-2d24b1dfe8eb,fcf06884-f212-42b2-b2d6-040a8e9bc438,f891b0c3-dd3f-487e-92bd-c6619fe0a8c7
7877eb1b-6dce-4030-b386-6294c3621c18,b875a387-8658-4489-8f65-51758c820c63,12fe28bf-81e0-4489-9a18-e2a30e614bcd
f6c10da8-6a0f-443e-9d8a-168d0d46cc19,74192c56-0375-4da8-9d5a-e17d428d92f6,97674900-4651-4367-8bdc-43184d85a3d2
c7a0cb17-4111-4f28-ae06-6e9004d91b42,e5d06000-8a76-47f3-ab05-f2eded496551,97674900-4651-4367-8bdc-43184d85a3d2
f638d4be-4f58-48f5-9776-bca2651a8fe9,e927932c-23ae-4eb9-bb01-9bdb294b3bf9,70944bdb-26a5-44e3-90ee-7a92a09151e0
acd25e1e-fed5-4765-ae54-a44ead9864c9,73916a61-4719-422e-9920-a4cc7a53bfc6,70944bdb-26a5-44e3-90ee-7a92a09151e0
b6690746-55aa-47bc-8be2-589c7136a8a1,0ed20759-07c4-49b4-af0f-4ceabcb93301,a1a27485-7134-4c2a-b80b-3657117b355b
d53751ea-f481-4ce0-8b74-ff70bdca6cc9,a92ef612-dac7-4bf8-9f80-c141fd3977fc,12fe28bf-81e0-4489-9a18-e2a30e614bcd
7bcafdde-4487-404d-90ec-02d17bd155be,7d484435-98e4-4f1a-84f5-42a38716cc42,a1a27485-7134-4c2a-b80b-3657117b355b
e168dc4a-1f46-414d-be16-d0c69a754325,065309bf-32e4-4e4b-a57b-03bf658724d2,f891b0c3-dd3f-487e-92bd-c6619fe0a8c7
6dc71354-5f83-4ce0-a908-797c58d1167e,42cdb371-d6e2-4074-8156-99ebf4573c64,f891b0c3-dd3f-487e-92bd-c6619fe0a8c7
7fa3b886-6674-479b-bf3d-f1cdeee87d19,7b187acd-2a2c-43e8-972a-f9f24f0d4723,a1a27485-7134-4c2a-b80b-3657117b355b
de7414e2-23e9-4d4f-a273-e6ccf57f9267,02af111a-0e6a-4ca8-b7da-843adec3dbbd,f891b0c3-dd3f-487e-92bd-c6619fe0a8c7
a171ddd1-a3d5-452a-b02a-901dfc73ee08,780764ed-8336-4449-a992-45585dac7cae,97674900-4651-4367-8bdc-43184d85a3d2
a766964c-bace-4410-b8ac-5e14ab8f1796,8d6ffda7-79da-48a7-8694-b4b14dda6ecf,97674900-4651-4367-8bdc-43184d85a3d2
14fb05c7-0c36-43f7-b68c-0f81f3b96ed7,cbd8631b-9bea-4b80-8fa7-43e1f20f7bfb,70944bdb-26a5-44e3-90ee-7a92a09151e0
fa5a78e7-ce25-4b6d-9fc7-0cf80576efb4,cc2365d3-c7e9-4322-a223-19b123acb5d2,f891b0c3-dd3f-487e-92bd-c6619fe0a8c7
1365ca43-b622-4d76-b4fe-993361eec66e,37b217a1-96b6-4589-bbf6-60cb28f74483,70944bdb-26a5-44e3-90ee-7a92a09151e0
48b513df-33f1-4da2-a116-1150e082bf2d,ef62be19-f918-407d-96de-9d003975ad3f,70944bdb-26a5-44e3-90ee-7a92a09151e0
24b4c7bb-6b20-4aa6-9f37-d94a457e572d,ba89a2d2-d33e-4334-b549-581d71d61d83,a1a27485-7134-4c2a-b80b-3657117b355b
ced77ca3-7926-4748-8d86-5569608251be,223120f0-5b35-4b91-b49d-d9ebb116b982,70944bdb-26a5-44e3-90ee-7a92a09151e0
890a4043-e4c2-4429-a8ec-1167cb148792,f09faaab-7762-4118-8fd8-ef066e8d142c,a1a27485-7134-4c2a-b80b-3657117b355b
8779d03b-8f09-4a65-8179-e53dd794d207,6e4691e0-8295-4645-9e84-2edd2e398fbb,12fe28bf-81e0-4489-9a18-e2a30e614bcd
45d6b302-14b3-4d32-8809-15f28049c350,87aa1fab-fb84-47c0-9941-9750eeb6ed8e,a1a27485-7134-4c2a-b80b-3657117b355b
01c4225e-be40-4b83-89c6-2b6b58974643,1a997d6c-3074-48bf-b24b-c957ad40ff0f,12fe28bf-81e0-4489-9a18-e2a30e614bcd
1664ae9a-f5f4-4347-b199-8a670602efcb,c7071fe9-f87a-4b62-8545-1d2399f2e459,70944bdb-26a5-44e3-90ee-7a92a09151e0
ab41390e-b08f-4862-b3ee-10bc661936df,ef4ec715-e716-44e8-860f-de4d25507280,12fe28bf-81e0-4489-9a18-e2a30e614bcd
84c94678-25aa-49a1-a528-55eec50c3cfa,363b92df-ed5e-410b-bdcc-8d93fe0a110b,70944bdb-26a5-44e3-90ee-7a92a09151e0
f447b2c2-9df1-4fb1-bca1-ac088b656f3c,f0541699-0ad6-4ad3-93a9-40acbf5d7d34,a1a27485-7134-4c2a-b80b-3657117b355b
fef7c3eb-25ed-44f1-8499-3a0af90a7bce,342f2b72-0cac-4cbc-b7be-cf511c1cb8f8,f891b0c3-dd3f-487e-92bd-c6619fe0a8c7
15ed2b3e-eca2-498c-9af7-cff51ee4e17d,32e9550e-2afc-4dbb-9ca5-b92de584c24c,f891b0c3-dd3f-487e-92bd-c6619fe0a8c7
45fc43ad-cb6c-49b9-899d-710a0a475309,86ade6a1-5635-489d-986a-852e66eaf779,f891b0c3-dd3f-487e-92bd-c6619fe0a8c7
176198bf-5499-43f7-ae9a-68cb1c30feb3,9a44efd2-9be1-4647-b87e-fe3a3ee2ef2b,70944bdb-26a5-44e3-90ee-7a92a09151e0
54bf9da4-241b-4952-81dc-1f56cb9b4f96,082a2dbe-aa7b-43ff-a3c0-612578c51409,f891b0c3-dd3f-487e-92bd-c6619fe0a8c7
34c21102-56ec-46d2-8e10-962a8714b335,a78b2a26-e67f-42b4-bf1a-69dc4c507a04,12fe28bf-81e0-4489-9a18-e2a30e614bcd
9631e292-bc57-46ae-88f4-815003aa8309,e488354f-2933-4ae9-b8e2-9c5209a73699,12fe28bf-81e0-4489-9a18-e2a30e614bcd
6499c67e-c68f-4b66-9cc8-2ba87fba11ab,61c7b381-7d7a-4cc6-b594-315afd021f6f,f891b0c3-dd3f-487e-92bd-c6619fe0a8c7
3b52a2af-ca2d-4974-aa27-16a0478ad0e2,c7258528-8b8a-4ef6-a8a2-7e542edc6ad4,f891b0c3-dd3f-487e-92bd-c6619fe0a8c7
5d6c174c-1f24-4cbb-a95b-4e9e5d21854e,e7c81a53-0b92-436a-b1b7-606a8a68746b,f891b0c3-dd3f-487e-92bd-c6619fe0a8c7
fc0099cb-78e3-44f0-9f68-60f67d6507a2,2ea3e572-2c57-4753-8ffe-c73321b667a0,a1a27485-7134-4c2a-b80b-3657117b355b
a8e3dc0a-a1b8-4efc-81ba-40e6d17e6106,b89b2022-6aa0-4d73-9089-761085decdb7,12fe28bf-81e0-4489-9a18-e2a30e614bcd
911760e1-a7d9-43bb-bedc-d1a8923837f2,4f365aaf-d1f2-4528-bce1-37b2b8c4db09,a1a27485-7134-4c2a-b80b-3657117b355b
a420182d-d64b-4494-855a-68139d29a9d6,0d8d5a25-e9d3-4b1e-9621-1731b18f71d1,12fe28bf-81e0-4489-9a18-e2a30e614bcd
4d6fd0e1-30b3-4d69-ab99-09f95ef09db3,4f618aed-7078-4fb1-9a91-8875603e10d2,70944bdb-26a5-44e3-90ee-7a92a09151e0
6832da19-b9e2-49ca-ac9a-a2fd42d348f7,ea99fb4c-ea5d-4f77-8680-545d119b9565,97674900-4651-4367-8bdc-43184d85a3d2
bef6f3c1-b4f4-4177-9467-04bb8277ed8c,cd7b7c9f-bdb4-464c-8215-256005759ce6,12fe28bf-81e0-4489-9a18-e2a30e614bcd
aef2a647-193f-4491-a2b7-dd2158a5c8cd,3c6058fa-4a7c-48fc-ba4d-d289824a5090,f891b0c3-dd3f-487e-92bd-c6619fe0a8c7
0b60818e-5add-482a-9be2-2aad8b26e4bb,7505bb0b-b415-4637-8a27-6c0f0afd5240,12fe28bf-81e0-4489-9a18-e2a30e614bcd
78c338e9-2ee6-4318-a6f1-7acae4f3e404,64ae18f3-a9ff-4ef1-bbae-2a5b22b0e7da,70944bdb-26a5-44e3-90ee-7a92a09151e0
afb1c9bb-3374-4bd8-bb97-de39a3de2ec1,8bd80039-4667-42ab-8d03-b2a78812f198,12fe28bf-81e0-4489-9a18-e2a30e614bcd
fa5a7564-0989-4b6c-97ea-f223a51d58dc,f452eecf-ef26-4b4e-a433-d979cd4d0c9c,12fe28bf-81e0-4489-9a18-e2a30e614bcd
f019d6e8-3e6b-4776-902c-cf083df7305a,dcd51e40-80e7-4e70-97b5-0ca253464483,f891b0c3-dd3f-487e-92bd-c6619fe0a8c7
247a5b1e-cc4b-4943-af89-ebbf8c02e4ab,eafc39f1-47f2-497e-9777-2b6150a4d135,f891b0c3-dd3f-487e-92bd-c6619fe0a8c7
af03bb43-699c-473c-b7c8-b31cdcb31045,3df19f29-eea1-4e36-afc6-c9815271ccf7,97674900-4651-4367-8bdc-43184d85a3d2
768aaa3d-7ccb-46ed-9659-f7f22fd9f71a,8526c172-9f32-4bd5-a6ec-0a5fa9857c35,f891b0c3-dd3f-487e-92bd-c6619fe0a8c7
f6a3de07-8178-4515-9dcf-81eff2b8a69b,1d9b190a-c9c7-4b94-b61b-c0a8a578bb4d,f891b0c3-dd3f-487e-92bd-c6619fe0a8c7
16afefb8-2ebb-452d-a8e3-534b367ae64c,da27e9c8-4a9a-442c-a76e-d38e82d9f782,12fe28bf-81e0-4489-9a18-e2a30e614bcd
79722288-f45b-4309-99a2-cabe8ab69473,64b52752-4280-4638-8e75-7f67f60ff0e4,97674900-4651-4367-8bdc-43184d85a3d2
5fb29060-aa4b-45d1-a615-0ed57f6810b4,0c43a97a-6b98-49f2-8775-76d2e7232cf4,97674900-4651-4367-8bdc-43184d85a3d2
807d003f-9f61-4055-b7bc-76e3f591a1a7,8bb4c5bf-2720-4e9f-97e7-9024e4e526fd,70944bdb-26a5-44e3-90ee-7a92a09151e0
698652df-f1a2-4849-a097-ef170cdfa254,f09772e8-2e4d-41f3-b400-ca487cb3b641,f891b0c3-dd3f-487e-92bd-c6619fe0a8c7
1d3505fa-90b3-46c5-b9e0-348373c2dafe,3b6ceb07-fb56-41bd-9cd5-5f02b2a9e6ee,70944bdb-26a5-44e3-90ee-7a92a09151e0
f8b18079-b9fc-422a-9663-6008f5d0a5d7,e1e378f1-bfc2-480a-bcfc-bb464d0a68cc,a1a27485-7134-4c2a-b80b-3657117b355b
105037d1-498f-4246-ae90-f9e040f6fbb4,1aee6084-fb61-4247-b1ce-0f3ee40a7a9f,70944bdb-26a5-44e3-90ee-7a92a09151e0
97f545e9-752a-43b8-be4c-c719b02f41c6,c143f0a5-53f4-4980-94e9-49094bf588f8,70944bdb-26a5-44e3-90ee-7a92a09151e0
712009ca-b282-49de-bae5-daff4a902a72,34c0361c-f481-4ccb-8783-8bdb8546ad58,70944bdb-26a5-44e3-90ee-7a92a09151e0
d0cab89c-9e3e-456a-bf2e-e58ccf164ed5,97080153-547b-4fda-9299-4c9f5ebc7f2a,70944bdb-26a5-44e3-90ee-7a92a09151e0
f440a53b-51b9-4dad-947f-61e0b4541280,187de90d-f3a9-4ed8-9990-e3a8010b063d,a1a27485-7134-4c2a-b80b-3657117b355b
bd4b1451-2b34-4e8b-8a66-5808e7689e00,f3050b10-2ba0-47c4-9cc6-ce209ae724d9,f891b0c3-dd3f-487e-92bd-c6619fe0a8c7
d2a8ee9b-8c2b-4c97-9bfb-38e6bfdd4216,52ad4e84-07ba-4340-aec2-0503844f439b,f891b0c3-dd3f-487e-92bd-c6619fe0a8c7
563944a9-520b-44f6-ba16-4462ecfb6b4e,a4653880-fd6b-45f1-9d6d-21718d490faf,a1a27485-7134-4c2a-b80b-3657117b355b
7f25da6f-14e5-480d-b8b1-0e1c48ae0b81,b544e56f-5edc-400b-972b-b0b2b63324d8,70944bdb-26a5-44e3-90ee-7a92a09151e0
48a5141b-ebb0-4784-a5a2-30f7b4fdb956,4a653e49-5c61-4b93-bf2d-32e36fa6634a,f891b0c3-dd3f-487e-92bd-c6619fe0a8c7
09526b6e-99cb-4e9d-b660-80aedca6e424,7a395524-98c6-4140-b4f6-365d1bcc5ae9,70944bdb-26a5-44e3-90ee-7a92a09151e0
691fd43a-3127-4484-89a9-4a7edfa3c085,c40d5ffa-ab92-4bef-a658-991ae8225e0b,12fe28bf-81e0-4489-9a18-e2a30e614bcd
b5e1d326-14d3-4755-a4ae-b1c4db32e323,1609a740-7529-49f1-b8da-2bfdd4145970,a1a27485-7134-4c2a-b80b-3657117b355b
883f5857-1113-4e4d-8d58-e938a5bec48d,d511787f-e97f-48e1-a42b-c40c42cd9c7a,a1a27485-7134-4c2a-b80b-3657117b355b
716b8eba-90b6-4fdf-8136-acf1c883d36f,034da95f-5667-43a7-8582-fd806958589e,f891b0c3-dd3f-487e-92bd-c6619fe0a8c7
9cb7ac24-70a8-4066-aeaa-6a7bd8fe3413,97096c7d-10e8-4fb1-b103-86ef0fb2b7a1,12fe28bf-81e0-4489-9a18-e2a30e614bcd
d407c6bd-e15e-4469-8f87-8bc15988ff28,e6b40a5f-9e3b-4357-bd88-0ea4e37b918e,70944bdb-26a5-44e3-90ee-7a92a09151e0
eeae37ef-3e7b-46e3-a920-dd0f7618e6b7,cfb0565d-a775-48cc-9bc4-575cb3cf4e2b,12fe28bf-81e0-4489-9a18-e2a30e614bcd
b456592f-c9ac-4d72-99e5-9cba5f647466,1dc8dd0f-c0ee-4f1c-9a7e-f0b3c99f2552,12fe28bf-81e0-4489-9a18-e2a30e614bcd
a5b5fc5e-9b27-4454-a924-ead5439412db,654dcee3-578a-433d-b9ff-125cd7ca82ef,70944bdb-26a5-44e3-90ee-7a92a09151e0
96e74f4d-885a-4ce4-b39a-817f2cda52df,8e0bb873-102c-4ffb-ae5f-a86eae7cbf30,70944bdb-26a5-44e3-90ee-7a92a09151e0
356e6421-8b3c-44dd-8351-8e575e59e75d,677ffb7b-2b98-4895-afa3-fb1d79a376bd,a1a27485-7134-4c2a-b80b-3657117b355b
a0f7b2fa-e66a-4ca4-87ee-7ea4d2586e3a,c7db4d53-ff41-4150-a796-c5763f1c8371,12fe28bf-81e0-4489-9a18-e2a30e614bcd
70e87f11-9e80-4b91-b94b-0d6514b2b93e,04369592-7989-4384-bebb-fd51faddde38,f891b0c3-dd3f-487e-92bd-c6619fe0a8c7
9d71986c-1f22-410c-9e2e-5a03f422a50b,d57a17f4-45f9-4cfd-ab69-d28fe5d2c9b6,f891b0c3-dd3f-487e-92bd-c6619fe0a8c7
c0cca2d3-a3fa-4851-ad24-e46d144a9daf,d10c796c-dbe9-44bc-8807-e6d28279251f,a1a27485-7134-4c2a-b80b-3657117b355b
a9203ad9-161c-4101-ad59-3fc018e76630,393256bb-b13c-4eb0-9292-32baa597e8b8,12fe28bf-81e0-4489-9a18-e2a30e614bcd
8f3bbb91-265f-49d6-8760-35307f42ce08,cf804a25-db7e-46d6-8e7d-e13ecc0f4f08,70944bdb-26a5-44e3-90ee-7a92a09151e0
7caf01ea-5f56-4d53-97e1-70cc420bc80b,0b434138-e0ec-48f1-8641-262e605a0d9b,70944bdb-26a5-44e3-90ee-7a92a09151e0
d6e60da8-2ae1-47fb-bc41-7e7cf6eefd41,04c2151e-ec53-4114-8f44-404115b98f07,70944bdb-26a5-44e3-90ee-7a92a09151e0
80178799-955d-465f-9edd-4cfb8c13be11,b2ba071f-edc8-4fdd-b26f-c505f201fdef,f891b0c3-dd3f-487e-92bd-c6619fe0a8c7
bf0d3525-dc61-44da-9fae-1d66d6139b80,ff21fb09-3313-46b7-a09e-b0c644d4d82c,12fe28bf-81e0-4489-9a18-e2a30e614bcd
edfbdeb6-e006-46e7-a4fa-8e9ed36c6da5,4bd138d5-afc8-45f5-8229-8baee57eb75d,70944bdb-26a5-44e3-90ee-7a92a09151e0
1b5408f3-6dd6-41c1-90ef-6511fae5b266,1f6cd641-7d47-4fdc-9def-cc069e58cef1,70944bdb-26a5-44e3-90ee-7a92a09151e0
7b707993-78e2-4ed8-8e4e-0ebe53149025,992fd8c8-88f4-4032-b8a7-c16764483127,70944bdb-26a5-44e3-90ee-7a92a09151e0
27375831-5272-45f1-8540-6b283b34a899,866b09a1-4a26-4f83-849d-62d9eedeef39,f891b0c3-dd3f-487e-92bd-c6619fe0a8c7
892461e2-68ae-48a3-b923-33159d20a464,2af8e6e7-8aa0-4210-9120-712228673909,97674900-4651-4367-8bdc-43184d85a3d2
3e75470a-a7b2-449b-9481-85efe303f378,a4d7a1d5-e7b9-4951-913b-58777412e3a7,f891b0c3-dd3f-487e-92bd-c6619fe0a8c7
9aceb6be-e1ca-480a-bfc6-83aa8b2cd503,bee41562-04a6-4471-9e56-13a1abc79f09,70944bdb-26a5-44e3-90ee-7a92a09151e0
56c1ccf3-f78b-4360-8078-6bfc36a1833d,ed41b2da-bb80-43b5-bec3-4a0a901fd9a7,70944bdb-26a5-44e3-90ee-7a92a09151e0
7bd8b679-b58a-4796-8546-27c11bffe682,2cc6df71-8884-4c91-aed7-dee20bd43584,97674900-4651-4367-8bdc-43184d85a3d2
27d1f2df-dd80-4dfa-8f3f-b1bc0357085e,fb5b170d-155b-4682-a00c-d16ed7fb4a5b,70944bdb-26a5-44e3-90ee-7a92a09151e0
8ed86730-f84e-4e3f-ac23-6c370bfefa35,2605269b-3daf-44dc-bea5-d99c6b29d66f,70944bdb-26a5-44e3-90ee-7a92a09151e0
73016774-f8b2-45cd-ad47-c29defbff611,a2da5c1b-d650-48d3-8433-2e1b2fbb45de,a1a27485-7134-4c2a-b80b-3657117b355b
5aa8186e-0f31-4e25-bde7-08eba7f2caba,a162120d-63f0-4765-8cab-92589bd3b3ab,a1a27485-7134-4c2a-b80b-3657117b355b
b7ace948-4a55-4246-9694-ca7d9c16088b,7de4b777-aec0-4c17-a9df-81a32a962ee4,12fe28bf-81e0-4489-9a18-e2a30e614bcd
b6281732-0758-443c-bd31-f897505be1f9,fbcf5e94-cfc5-4d9d-8631-df370ab7f011,f891b0c3-dd3f-487e-92bd-c6619fe0a8c7
0610927f-e584-4f96-af09-a3a0275ed91d,ec233b65-5ae6-4a91-9838-ae9b23b67bcc,f891b0c3-dd3f-487e-92bd-c6619fe0a8c7
1ef7ee1a-5b24-42ff-9326-11c64891eb4b,6f135d34-114d-430a-b692-e2d40a2d9ace,a1a27485-7134-4c2a-b80b-3657117b355b
1841d5da-6bee-4a5e-969f-79558dbe10e8,e089ca70-5c48-4eaf-97bf-c68426e1e946,f891b0c3-dd3f-487e-92bd-c6619fe0a8c7
55caecc0-bf29-42a8-9aa6-706a3888a9ac,edae76c0-8ee7-4ceb-8afd-98e2d6cef5d9,a1a27485-7134-4c2a-b80b-3657117b355b
4de715a1-5ac2-44b6-a8d8-33d9e80f648a,56b698d8-fa1d-49e0-bbd1-2e73a9710d4e,70944bdb-26a5-44e3-90ee-7a92a09151e0
f3f64e75-56d6-4171-9d9c-237ba287c8e1,3f7054c5-0f89-4b83-ba09-d502f67ec16e,f891b0c3-dd3f-487e-92bd-c6619fe0a8c7
61d034ee-0d1b-4829-83c3-cdbd7ba4d968,db18d023-c906-4f44-bae4-1a318c44136d,70944bdb-26a5-44e3-90ee-7a92a09151e0
51e56bb1-7b20-4925-ac88-107a821aec43,a027d086-24e7-499f-9ee3-9f1525d65667,f891b0c3-dd3f-487e-92bd-c6619fe0a8c7
e477671a-2c5f-4a30-9371-e53765125b62,ce2d9e5c-6a49-4d96-94d1-14cfa4218abe,a1a27485-7134-4c2a-b80b-3657117b355b
5c8b1373-5af0-4a21-811c-a3f799e8077e,a2a442d4-2272-4ead-8422-aeca3dcddaf7,12fe28bf-81e0-4489-9a18-e2a30e614bcd
bcd7774a-d199-441d-b149-b46fbd397e58,7c806f94-e18e-46f6-965b-7d49bc5c1fdc,f891b0c3-dd3f-487e-92bd-c6619fe0a8c7
647a763f-868d-4a95-974b-61f0e60bab6c,e0c5c296-0061-4645-bfff-cd177ac7fe79,12fe28bf-81e0-4489-9a18-e2a30e614bcd
7328aaa4-6198-4dd5-a561-8057f9ef8ca1,c118ea20-e9b1-442d-8bf8-eddc0e38fca9,a1a27485-7134-4c2a-b80b-3657117b355b
117a4a8d-0e85-4b81-8041-929142348f43,dff735fa-6de0-484a-8b8c-990ec1589911,12fe28bf-81e0-4489-9a18-e2a30e614bcd
5addedbc-4ab1-4046-b52a-8e301120c82e,23623069-9ac9-4f47-9422-3615e19c4115,70944bdb-26a5-44e3-90ee-7a92a09151e0
0da71ce6-67d9-469b-ad33-e1196c171146,a1b7ede3-d0d3-4b1f-96ca-321d171849d1,a1a27485-7134-4c2a-b80b-3657117b355b
c709f959-3185-4db5-be5f-95e7f25b8ef0,bbc55b2d-40f3-4c0d-ac48-c3039c83d480,f891b0c3-dd3f-487e-92bd-c6619fe0a8c7
5995b758-34e0-46f8-9406-bed7b22d1fcb,272079f4-dece-430c-8684-c5ce4c50833a,a1a27485-7134-4c2a-b80b-3657117b355b
691959cb-c89b-4bcf-8f74-faf60f045d3f,7ac1fd15-f245-4cfe-96ba-6365da7d1a8e,f891b0c3-dd3f-487e-92bd-c6619fe0a8c7
05d1e128-7867-4ce2-8010-9f745114de6f,5fa22b85-3781-452f-9af6-9b159003aeed,f891b0c3-dd3f-487e-92bd-c6619fe0a8c7
7c963e47-84fe-41e3-80d1-ff371963e10f,9a67db9c-d4d0-467e-99d6-f3d4801a70d1,f891b0c3-dd3f-487e-92bd-c6619fe0a8c7
84f3b8c4-4cfd-4af1-b502-9d4f6e76f042,530b7d57-1661-45db-9db2-b183a485b865,f891b0c3-dd3f-487e-92bd-c6619fe0a8c7
9fb48031-53df-4b2c-8311-745ee145b7eb,e7a0048e-cfe0-42f3-9fe8-0437be5edb12,a1a27485-7134-4c2a-b80b-3657117b355b
42a45f22-9dd2-4c86-80bb-81b361793a4b,9988aa97-14f5-4a46-ab66-9695e54167d1,a1a27485-7134-4c2a-b80b-3657117b355b
9a29ee5a-82e6-4782-9ac5-86b23e4224ca,66955102-cdac-478f-a6bd-ea30fa879ae9,f891b0c3-dd3f-487e-92bd-c6619fe0a8c7
03cc502d-e93e-47e7-aebc-204c06589844,d710526a-e7d8-4eb6-a8f4-a437b748b9cf,70944bdb-26a5-44e3-90ee-7a92a09151e0
3da0d719-e112-4adc-885a-bfd9eeb77b89,060596fb-eb5a-480f-936a-44c8f4355734,f891b0c3-dd3f-487e-92bd-c6619fe0a8c7
bc444e46-5827-468e-892c-845f0f753c67,65dc0457-2878-4d2f-8861-42f6f41ab494,97674900-4651-4367-8bdc-43184d85a3d2
250323fc-5111-4de8-a942-c1d2faadc30a,ec211b0a-4cff-4f43-bdaf-5181e673cdc7,a1a27485-7134-4c2a-b80b-3657117b355b
9cc8ba8d-4e43-4208-81fc-0f3c78e78ea4,f8fc231c-d25e-4b9f-a677-a9791e7ff99b,70944bdb-26a5-44e3-90ee-7a92a09151e0
d2e75a21-ca07-4612-a6ab-24850b4ae96a,2e4ca533-8105-452e-852b-fe9ceb12d643,f891b0c3-dd3f-487e-92bd-c6619fe0a8c7
a44d4f78-67a7-41c4-bcdf-0570bb1ccb05,3b6f807a-7af3-4237-b3f2-4a18cb53db1f,a1a27485-7134-4c2a-b80b-3657117b355b
3cfae023-a2dc-40d1-b8a0-7b6395996349,3879d066-8fdf-4b43-912b-0a52d1ae75ac,97674900-4651-4367-8bdc-43184d85a3d2
6d40a1ca-1357-415f-9dc0-bfa65178ea42,8510dce4-9b6c-4ac3-a58d-b9f0d63b6459,a1a27485-7134-4c2a-b80b-3657117b355b
cd4eec19-3158-464a-bcb7-0d27138969e6,265f3dc0-83e3-4a0c-b77a-93a01806e613,f891b0c3-dd3f-487e-92bd-c6619fe0a8c7
5ccd73e9-ed53-4949-9952-eb8b6b5998b7,17518c7b-5fc7-4e1e-8044-6fd281743a2b,a1a27485-7134-4c2a-b80b-3657117b355b
d251cb5c-8c3d-4ed3-97d2-f38f54fc36d0,84d6fd60-b420-4656-9b87-295041115c81,70944bdb-26a5-44e3-90ee-7a92a09151e0
dfad20e3-e23e-43fb-a559-3d392dbcfe34,4520d5c5-8b2f-44f6-a1c4-735d5b2ac362,f891b0c3-dd3f-487e-92bd-c6619fe0a8c7
52561ba8-9080-4009-984b-1741384a94e2,16e48d82-38b7-4e2c-920a-c2104a86dbfe,12fe28bf-81e0-4489-9a18-e2a30e614bcd
24d76d13-15e2-4bf2-92bc-8db87918cd75,81ee321e-f4ec-42fe-a46e-3a4511463ad1,70944bdb-26a5-44e3-90ee-7a92a09151e0
a8a5795a-196b-4cf9-af28-81c59ed3516f,7c94c942-b410-4aca-8a30-ea27d35aa22c,a1a27485-7134-4c2a-b80b-3657117b355b
e1a94b11-bddf-4a79-855d-13d8410af3aa,9737c3ad-a679-454b-ae89-792e73ec2aab,f891b0c3-dd3f-487e-92bd-c6619fe0a8c7
46b16cbe-4ba6-4fdb-85c7-b0c0860c16a9,3e8b36d2-587d-4490-831d-4e8d542383de,12fe28bf-81e0-4489-9a18-e2a30e614bcd
28e191fa-dd3e-445a-832f-6586a4f95de2,c1ad74e7-b63a-4fb0-ae6b-1f12fa77951a,f891b0c3-dd3f-487e-92bd-c6619fe0a8c7
12ad33c3-603b-481d-b058-a63d30915591,9bada213-2c0e-4e3c-958c-c1037558a538,a1a27485-7134-4c2a-b80b-3657117b355b
50cd2e94-99ec-4869-979c-7cb923c1ec1d,83a688e2-ba7a-40a5-bf72-2bd0d1a93821,f891b0c3-dd3f-487e-92bd-c6619fe0a8c7
bfa0c201-3afa-4b17-9b86-b3126a0c66a7,eea81d11-b9f5-4793-a8f7-c49ccda8c321,12fe28bf-81e0-4489-9a18-e2a30e614bcd
a656c193-1d00-403e-80c2-330f271aff7a,b243fc45-fd92-4a76-8e74-df8946ca0888,97674900-4651-4367-8bdc-43184d85a3d2
80823ddb-8ab9-43d9-9dac-998c1ae825df,41b7debc-0d1e-4f38-a441-89ce1a4a123e,a1a27485-7134-4c2a-b80b-3657117b355b
85086b68-5ed7-47df-8af2-8ea0264208dc,39242dd3-6e2a-4912-af7a-9cc72f29332d,f891b0c3-dd3f-487e-92bd-c6619fe0a8c7
27e5bfd4-394a-4238-8000-f2832c5ed1e2,89167aec-fca4-42fa-a9bd-9a6e1cc79ed3,70944bdb-26a5-44e3-90ee-7a92a09151e0
e2a2dda2-21e0-4b31-9caf-fa0d85872dce,d15a2986-f553-4d8e-8186-1d3dfe75cee7,f891b0c3-dd3f-487e-92bd-c6619fe0a8c7
56a9dfd3-ee8c-486e-8be8-a1db95c3a928,4d2fb867-1525-4473-bf54-f5c82a3e0749,f891b0c3-dd3f-487e-92bd-c6619fe0a8c7
8ff91184-83b2-4d9d-aab8-e2c275319add,a92be5aa-bb99-42b8-8546-d5a36db54763,70944bdb-26a5-44e3-90ee-7a92a09151e0
2fa1f5b2-5939-4f65-91c6-58a3562c041b,345cbcab-a040-4bca-9bc8-3ad60c2a7837,a1a27485-7134-4c2a-b80b-3657117b355b
00902bcc-9b65-4988-a0ae-c3799b085860,46a1d7f1-7e42-41f7-ba0a-f05930f12962,f891b0c3-dd3f-487e-92bd-c6619fe0a8c7
60fc44d7-4771-4481-959b-d3d61c9e5fe4,d2449e90-3913-4c25-bb09-172770aefc33,f891b0c3-dd3f-487e-92bd-c6619fe0a8c7
c49e76b7-4637-4ca9-a083-e20182f8b163,72bf5e0c-5aeb-48e2-9484-d3d40e82a1d9,a1a27485-7134-4c2a-b80b-3657117b355b
2866995a-33cf-45bc-9f6a-ce07f87aa2df,40dea125-20e6-4140-b9a0-1c5488411f98,f891b0c3-dd3f-487e-92bd-c6619fe0a8c7
960f80d7-a8cf-4bb5-982a-050c78f8e4c5,ca6a54db-e9fb-42d0-b798-21cb77e5249f,70944bdb-26a5-44e3-90ee-7a92a09151e0
4720fe78-ffb0-4cf1-b919-b1927ca8297c,e2932127-e21d-47c0-b3b6-067cad541304,f891b0c3-dd3f-487e-92bd-c6619fe0a8c7
1ac73a5d-a52c-4512-b0d5-a25ede3b625d,fa3ef5f5-1ac9-4408-816c-f2cbcf10fd70,70944bdb-26a5-44e3-90ee-7a92a09151e0
77e01c5a-5498-4545-9bb3-f503ed2856d4,4b405dc4-8fdc-4e54-8c50-c2f17aa46ffa,a1a27485-7134-4c2a-b80b-3657117b355b
916ad504-53ec-4b64-aa02-354837f0d5af,46657c44-3b1e-42c2-aefe-b907efa72434,12fe28bf-81e0-4489-9a18-e2a30e614bcd
83f2afbc-bc9c-41bd-a6f6-3e593d1b9604,96a9b40d-a289-4493-8fa9-569beb75e6c3,70944bdb-26a5-44e3-90ee-7a92a09151e0
8090d9fe-61b9-4f45-84cc-645bb3da7db3,430ac7ce-95d1-498c-80a3-b9dbd171ba7d,f891b0c3-dd3f-487e-92bd-c6619fe0a8c7
36ff4c9c-480a-4eaf-ac14-63c347edd5bb,53434fdf-dbb7-48eb-b7f9-7b76d7310c2f,12fe28bf-81e0-4489-9a18-e2a30e614bcd
10520d51-fc5f-443e-903b-d8f6fa94b744,e893bb7f-8289-4f64-a846-52a898f43910,f891b0c3-dd3f-487e-92bd-c6619fe0a8c7
96fb7cac-e0f7-4dbc-874a-188fbb803cc5,b9c1d794-144c-461a-a588-3ee19ea9911b,f891b0c3-dd3f-487e-92bd-c6619fe0a8c7
1e7999b7-e14d-42a9-b423-a596d593b4f9,d0c13812-8b5b-44d1-8d41-0017de122acc,f891b0c3-dd3f-487e-92bd-c6619fe0a8c7
eccec01a-88c3-4d7f-bbca-ae1b9d8e8d7b,76ff77a2-dde0-4891-b60c-f680b25bebc9,f891b0c3-dd3f-487e-92bd-c6619fe0a8c7
c0627f83-2f73-4cd1-bece-1328c65f6684,334c2e2d-18de-49da-b31a-487b4eb41021,f891b0c3-dd3f-487e-92bd-c6619fe0a8c7
ec6a6e8b-9577-40f8-971e-bc3cc2cbe14e,d3a24770-544b-4d9c-a038-b542ca1e4c54,70944bdb-26a5-44e3-90ee-7a92a09151e0
60c05ecc-09ad-4e90-b650-77f4e21823d1,2f602875-1ad6-43fa-abac-47f6afc077f0,12fe28bf-81e0-4489-9a18-e2a30e614bcd
30f63fd6-e38f-485f-81b0-22a79651e24e,6836173d-a53b-4a69-94e7-c6c5928f7937,12fe28bf-81e0-4489-9a18-e2a30e614bcd
007f99fe-be89-4728-ada0-16c398f63690,bdf5ce83-2494-4c41-bd8d-f93be1127a48,70944bdb-26a5-44e3-90ee-7a92a09151e0
4c351a79-c6c3-4961-b148-6d74401c78df,36446016-3620-4a66-ac79-63542fd51626,f891b0c3-dd3f-487e-92bd-c6619fe0a8c7
bc463776-8b1c-4d71-8492-f764d0842123,92f704a8-213f-4163-947f-f8a1dd6f2acd,f891b0c3-dd3f-487e-92bd-c6619fe0a8c7
bcf7aca7-a868-4c8c-9644-ddbe011724ed,b3fc581f-1590-415a-8028-f99c96f30066,70944bdb-26a5-44e3-90ee-7a92a09151e0
ac235236-dc5d-421a-be36-d8934bd588da,0ab70e60-3105-4ef7-8673-63a6eda2c941,f891b0c3-dd3f-487e-92bd-c6619fe0a8c7
2797b40d-e115-497b-877c-b8b780bac90a,af963ea9-4f41-47d6-952e-41e909f946e8,f891b0c3-dd3f-487e-92bd-c6619fe0a8c7
c9fd5182-67bc-4bb3-9343-ef62b5147c12,34558cd2-82ea-4b22-92d7-ca6f1a95df7a,a1a27485-7134-4c2a-b80b-3657117b355b
a16db261-f694-4f81-9618-6ca4da63967c,191c4d20-89da-46fb-904a-9a66d6865b51,70944bdb-26a5-44e3-90ee-7a92a09151e0
a8c6536b-f3bb-4504-85d8-e65ba8308f14,f7b471d6-df48-4923-be0b-38e546a8a0b5,f891b0c3-dd3f-487e-92bd-c6619fe0a8c7
29b57fe4-dce5-4849-a19a-d4ca200ad030,ff245ca5-7339-49c2-8c1b-fe598e40bd73,f891b0c3-dd3f-487e-92bd-c6619fe0a8c7
e524b86a-fd6b-4b41-ab6c-99c1b86e93bd,39a67f82-7f61-4c18-b225-4d9974759f3f,f891b0c3-dd3f-487e-92bd-c6619fe0a8c7
3488a01d-c696-4985-bdec-d8e7992d3058,b266633a-8856-4dc1-a274-5d2135cad15a,97674900-4651-4367-8bdc-43184d85a3d2
c29d7ce6-634b-4bda-9955-74b749ed2632,f355b820-1816-4d3c-8760-2d4f948152b4,f891b0c3-dd3f-487e-92bd-c6619fe0a8c7
ced6543c-5ef7-4629-8ac4-8cc3e7089490,e046ea7e-2bd8-4939-b65c-02407ea9af74,f891b0c3-dd3f-487e-92bd-c6619fe0a8c7
16010bde-4c1a-4bb4-affa-481b6bc3d673,eb63cd29-8305-44b0-b70e-f00ead17d2d7,a1a27485-7134-4c2a-b80b-3657117b355b
1479ca33-b6fb-46fa-aafa-72c113bc5455,9916045f-3af7-4880-93c6-1b0fa7484ed8,f891b0c3-dd3f-487e-92bd-c6619fe0a8c7
52a60718-6993-40dd-9965-98b99d800669,ea02f982-2bc6-405c-af4b-ecc547fe1317,70944bdb-26a5-44e3-90ee-7a92a09151e0
c079e2f6-d922-42ce-afea-2bf37a8325cb,b10dc2ac-5b78-48cc-86f3-3d79b77fc2bc,a1a27485-7134-4c2a-b80b-3657117b355b
95f79ff3-6e8b-402c-a551-ccaf37c6c050,f8df93b2-df50-4fe3-b6b2-52ae189f91ea,70944bdb-26a5-44e3-90ee-7a92a09151e0
9e58fa81-74bc-4d29-a57c-7893fa86f07d,7d309470-8b0d-480f-97ae-c49b0a3dc814,a1a27485-7134-4c2a-b80b-3657117b355b
bc9bbc77-3d25-48bc-83b2-923c3eda2437,f8bd01f1-846f-4cb1-ad87-e0bf4f15eadd,12fe28bf-81e0-4489-9a18-e2a30e614bcd
09e2f08e-f0cd-4f4e-9973-0f4ce9ae3417,865cde53-e911-4635-a3e3-6a569825e592,a1a27485-7134-4c2a-b80b-3657117b355b
4722ff16-a4c6-4f8a-a1ad-68a0f62deea5,84118079-e12b-4cba-961c-8f39a46cd376,f891b0c3-dd3f-487e-92bd-c6619fe0a8c7
c286527c-8d94-425f-b6c3-dd16aa82f735,e2b7f7a0-8e74-4b1d-8240-d54026d6c8d9,f891b0c3-dd3f-487e-92bd-c6619fe0a8c7
21d80051-418b-4cd5-a6e5-e61c230a326a,71a10261-b4ce-4996-b47f-f14934283d71,f891b0c3-dd3f-487e-92bd-c6619fe0a8c7
8b43316f-a1f2-433f-880a-4635dec3d883,fdcab04e-3253-4b6b-a460-e6a882c68bbf,97674900-4651-4367-8bdc-43184d85a3d2
39f6b12d-5e3d-4b41-a259-aa325e727491,d7293379-a26c-4bf4-bc7c-ec924d7a51cd,70944bdb-26a5-44e3-90ee-7a92a09151e0
bfd5ac5f-387a-4907-a2f9-7d6203aa32ee,0b15fa22-f2c2-4813-b4b8-a7e33c556b99,a1a27485-7134-4c2a-b80b-3657117b355b
a90bbc9b-9013-44e3-9255-e5358dc6a689,76f4d0f5-785e-4505-96c1-a4ba7fda3cf7,12fe28bf-81e0-4489-9a18-e2a30e614bcd
9c4e686e-9868-4037-b49c-67c87d5421a1,cd2ec7ba-3c46-4d4a-82dd-925ce7337da7,12fe28bf-81e0-4489-9a18-e2a30e614bcd
6b17bab7-b6f8-49ab-b7bb-ae05806eb2b9,faf7e81e-373a-468c-97f2-3c1d25a0e12b,a1a27485-7134-4c2a-b80b-3657117b355b
42e2b268-881a-4739-99f2-e33fcb740b48,3a35ebfc-3376-4c2e-a931-672c0bf41f33,a1a27485-7134-4c2a-b80b-3657117b355b
1fe2864f-3ec1-4b5d-9159-0336479fb0fe,03e0cda7-56d9-47f3-a25c-7850f6e6c566,70944bdb-26a5-44e3-90ee-7a92a09151e0
42871609-7a1a-478d-9182-ad20e1935d53,fc5ae805-f2c2-4359-8e6c-ae97fa8279f5,70944bdb-26a5-44e3-90ee-7a92a09151e0
870e71e5-e814-491e-aa76-aa599286f160,9ea695dd-8d0d-47cc-a6b6-0ceaed2be706,12fe28bf-81e0-4489-9a18-e2a30e614bcd
67263c7f-f88f-4d6b-9ad9-7b589b49335d,594e18c1-f852-4198-97e6-c03226d50269,70944bdb-26a5-44e3-90ee-7a92a09151e0
0f8c8610-2c8a-48e9-b4f3-74c275096e16,375678f2-b797-4981-bfeb-f6f6c1c1e0a9,f891b0c3-dd3f-487e-92bd-c6619fe0a8c7
e6f90cb2-9451-48ad-b356-2f19648bdf0e,6ace995b-9628-4c23-a44b-bf596669a9ac,97674900-4651-4367-8bdc-43184d85a3d2
763f561b-99e1-45e6-bb6b-9ac85ef90f1f,576dd4fc-5629-46c4-add7-1491549b5371,70944bdb-26a5-44e3-90ee-7a92a09151e0
90731c25-236c-4b07-9ff2-c67a5432d7b6,5f7ad5cb-e490-4ae0-a146-537181dbec5f,70944bdb-26a5-44e3-90ee-7a92a09151e0
c8fbc487-f297-48cd-b4e5-81458c14877b,31a026b3-2c78-4c8e-8b76-b851df13d9c3,a1a27485-7134-4c2a-b80b-3657117b355b
8af78c5d-df8f-4dfb-95e6-fd3dd0bd54b3,2200ec36-ef1f-4c50-a71f-da2057d02d97,97674900-4651-4367-8bdc-43184d85a3d2
c1b3f7ca-1437-454f-bf6b-61eeaea63bc2,5e303039-8433-4ef8-9aff-0b781dd37dc5,12fe28bf-81e0-4489-9a18-e2a30e614bcd
823d473d-44e8-4604-b67f-2dccf80a5c7a,fff8ed26-3c9e-45af-af5c-30a56aa4d235,70944bdb-26a5-44e3-90ee-7a92a09151e0
50b04cb0-4f4a-4d25-a693-349af9f5b978,deb2674c-0bda-42d3-894d-0d5da02b3a90,f891b0c3-dd3f-487e-92bd-c6619fe0a8c7
2467b65d-3086-46db-a3e0-bffccb31a043,df141dcd-f7d1-4a60-b63a-f991845b62de,97674900-4651-4367-8bdc-43184d85a3d2
749b93f4-ad51-48e4-ad1f-3cc7f2ac1c84,d3914267-08ff-40a7-a69c-2864f8c27452,a1a27485-7134-4c2a-b80b-3657117b355b
aa731dae-20b0-4741-b459-c1d045ad299f,2c7169a4-2426-46dd-9c93-1dd14c8c75d1,70944bdb-26a5-44e3-90ee-7a92a09151e0
92ffa2ac-2897-42af-9748-cb725fc32bbf,2e68bce4-86f2-4413-9802-ac31a5ebef9a,12fe28bf-81e0-4489-9a18-e2a30e614bcd
24398af5-3141-45b5-86b1-b9ff6036afc3,7b0f063d-6e1b-4c24-a26d-2ae099a0473f,70944bdb-26a5-44e3-90ee-7a92a09151e0
6edd9e43-4817-4e86-bb59-0f71db7eeba0,2fefad08-dc0d-4f4c-976e-46ee68ded8b8,70944bdb-26a5-44e3-90ee-7a92a09151e0
48f34c65-9a62-4880-bde7-44a41acc1e93,913e93a6-e03d-488d-b573-cc53e845e18d,70944bdb-26a5-44e3-90ee-7a92a09151e0
ba4f179c-f6a8-44b2-bd9d-e57063a47516,577207d3-21d1-4280-8c92-78189636ddcd,f891b0c3-dd3f-487e-92bd-c6619fe0a8c7
bdfbd565-1a2a-43bc-929a-f4c73cab6210,2e4bf70a-18aa-4001-b1d8-be211599d27e,f891b0c3-dd3f-487e-92bd-c6619fe0a8c7
6dfd438e-f862-4143-ba6d-2cfb37bfbac5,c31e9d6c-ba8e-4f89-8420-b7d014ae1246,70944bdb-26a5-44e3-90ee-7a92a09151e0
61832df3-e3eb-452d-bea8-d7bfcbc211d8,c58e64cb-5a59-456e-a20c-ded49669abdc,f891b0c3-dd3f-487e-92bd-c6619fe0a8c7
44f68329-42a2-46ef-a430-afa39f9cff0d,101f8b70-9769-479d-8c37-842cf1237f9e,f891b0c3-dd3f-487e-92bd-c6619fe0a8c7
d5b15383-fca6-484c-b15c-2723328cafe6,bd183698-94ab-420c-b591-c5e0d0bc3ca7,97674900-4651-4367-8bdc-43184d85a3d2
d2a54233-5916-4b4b-a00a-bf0e361a7b3a,5c497c48-fdef-4fff-8ff0-fd31842b13ce,f891b0c3-dd3f-487e-92bd-c6619fe0a8c7
f248d910-63ef-4056-8ff8-01dfcd8f70a8,87af1a04-2795-4217-9b2d-a8bd52ce1d64,97674900-4651-4367-8bdc-43184d85a3d2
cda8b536-d3ff-494b-bbd0-c43d9f0ab54e,572206cd-4968-4a08-b3a4-75e4e5e00cfd,f891b0c3-dd3f-487e-92bd-c6619fe0a8c7
8c77302d-8637-4c3b-97e4-3bfb3c50f192,8701af5c-f650-44f9-837f-554dceedf7ff,a1a27485-7134-4c2a-b80b-3657117b355b
4640eaaf-c993-4f4f-ad51-897ac84ef4ba,36d90216-f3d2-4d9f-9a33-b2559c8daa78,a1a27485-7134-4c2a-b80b-3657117b355b
c81f1654-1333-4562-b327-f6296ac9f62b,2004749b-7e10-4315-938b-18c4324aa4ca,97674900-4651-4367-8bdc-43184d85a3d2
684a5345-4296-4d97-a93a-134eae5693e2,d3746126-ebf9-4934-9166-ecb47c9fad18,70944bdb-26a5-44e3-90ee-7a92a09151e0
15650995-387b-4746-b711-a80bd3df3da4,ebfed67f-2af7-4682-9946-375fa203d76a,70944bdb-26a5-44e3-90ee-7a92a09151e0
1a465b19-7be4-479c-abcc-b5126dca7000,6d99463b-f645-4168-a2df-5745f96aff9b,97674900-4651-4367-8bdc-43184d85a3d2
a694df9e-ab4b-4d8c-9412-c3fb8ca7998f,8fd8d886-3363-49d8-b962-07ded4cef29d,f891b0c3-dd3f-487e-92bd-c6619fe0a8c7
8005cce3-f0ae-4c01-9632-83d9c7ff340f,004cfb86-9b7f-4991-a47a-9c1f606c9d9d,f891b0c3-dd3f-487e-92bd-c6619fe0a8c7
04ee2577-0157-4908-8e07-3f8c0e9d31bd,c833c827-b412-461d-acd3-b039519965fe,70944bdb-26a5-44e3-90ee-7a92a09151e0
aa307af1-6df9-4561-8033-c34f7a560bdb,d375c1c2-232d-40c1-963b-935acf6fab81,f891b0c3-dd3f-487e-92bd-c6619fe0a8c7
3c0f1dc4-83f4-42c5-92e1-e9dcd7d7213e,ca5da78c-1d78-4200-9570-7f54b314a3f3,a1a27485-7134-4c2a-b80b-3657117b355b
132d5fdd-132d-43c2-974e-3f072bebce4c,be7491d2-79bc-48eb-abc7-3e0ec6c683df,97674900-4651-4367-8bdc-43184d85a3d2
ef84bf4c-9233-4d7a-b792-bb1cff2ed754,f12f3743-638a-4d88-9eeb-54587bd5d432,70944bdb-26a5-44e3-90ee-7a92a09151e0
4dd2f202-c21f-4b23-bc39-2ff7bd6f3e80,267067ad-a6f2-4ba3-8e01-c9c0ea5df4d9,70944bdb-26a5-44e3-90ee-7a92a09151e0
8cfa3ba3-431a-4df0-a17a-6a107730e531,e099bd23-004d-4c0b-bf5f-6f6681b70630,97674900-4651-4367-8bdc-43184d85a3d2
9c78a40b-bed5-46a6-99fa-e100f5345585,397fe218-3a21-4b54-ad9a-5121fccfcb0f,f891b0c3-dd3f-487e-92bd-c6619fe0a8c7
fced9706-8d08-41dd-a10f-ad0641bfa27f,db13b88c-781b-49b8-b7c8-77e65ef36539,f891b0c3-dd3f-487e-92bd-c6619fe0a8c7
92a1940c-d9a6-489c-b734-e0c57b9b8dc1,b66ccf8e-9ba2-418c-9aec-d0b7d26a6d8f,f891b0c3-dd3f-487e-92bd-c6619fe0a8c7
8a184b89-c165-4fcf-8105-b9d758ff1aab,ca4a642b-e536-4cc2-b447-161662292281,70944bdb-26a5-44e3-90ee-7a92a09151e0
cedb2f98-90d2-4bfa-aa93-f811f21e0d5f,90855181-fecf-4b80-983d-37208156ddfc,12fe28bf-81e0-4489-9a18-e2a30e614bcd
6472c6d1-f9a2-43bf-8d25-a0b85950d916,ad0b1dbd-fdf6-4657-a6a8-96c3719013c8,f891b0c3-dd3f-487e-92bd-c6619fe0a8c7
d73e202e-71f1-4574-a44b-e2ecdee22ef8,2dc1f26f-d413-4a3e-bfc0-74d8a3c6e372,f891b0c3-dd3f-487e-92bd-c6619fe0a8c7
4e954f55-d860-41ba-8013-3ac142a4e99b,8d8e22fc-6d44-476b-adfe-5aabe1ef2b2e,70944bdb-26a5-44e3-90ee-7a92a09151e0
d827af11-8f48-4d3b-82bb-9ea5062b50fd,c34449af-36bc-45e6-92fd-783885fa27c3,70944bdb-26a5-44e3-90ee-7a92a09151e0
6e269e3f-d84d-4224-9d22-7700f9cb7ddd,457b0ef8-baf7-4e03-af0c-4511e5b8bc67,f891b0c3-dd3f-487e-92bd-c6619fe0a8c7
6ca30135-ea91-4f19-9427-448f977a4f38,41a42770-e00b-4e93-931a-5a6a1cda134d,97674900-4651-4367-8bdc-43184d85a3d2
83625a9d-1250-433e-8ce0-958c13f49709,443c2c92-bb2b-44bd-b514-ff57e3084996,f891b0c3-dd3f-487e-92bd-c6619fe0a8c7
894698d9-d42d-44a9-b531-86ba8a970ad0,d22ed695-4ba1-4bf5-96dc-8f729473094a,f891b0c3-dd3f-487e-92bd-c6619fe0a8c7
2a0657ba-9bf6-4793-8e36-917df1e39574,c4063a30-a46b-4d92-97c7-8f742df70b72,97674900-4651-4367-8bdc-43184d85a3d2
5caf20a7-0a6d-455e-a5fb-7c2da43b8a6e,ba1d0af7-7b85-4dd8-8992-7bd3f36a5fb3,12fe28bf-81e0-4489-9a18-e2a30e614bcd
2e328274-78ef-4f12-9c85-c39810d1097e,c81580cf-d591-4ba2-b33e-3f4d16d2408f,70944bdb-26a5-44e3-90ee-7a92a09151e0
bdd34db6-7bf2-4952-acf3-eb6594856f94,e71760f9-ccaf-432e-a345-4a95d3b6b570,97674900-4651-4367-8bdc-43184d85a3d2
b87617ce-67ff-4433-97c8-16f89c48b195,6641507f-b865-41ec-92d0-228ffca45b34,12fe28bf-81e0-4489-9a18-e2a30e614bcd
f58723ba-5818-4535-88f9-b172ce01ec92,1512c9d9-e86e-48ce-b011-7e7525e7df60,70944bdb-26a5-44e3-90ee-7a92a09151e0
39a86883-9e48-4eeb-96eb-a7f2b2f939d3,0944df4c-707f-493c-8f7e-0384d24dbc35,12fe28bf-81e0-4489-9a18-e2a30e614bcd
d70494a0-b12e-4495-b559-e11ba6dad435,5288d2c8-85bb-428f-b2d6-a0e6533a6c5f,70944bdb-26a5-44e3-90ee-7a92a09151e0
7f6c8e80-94a7-4e35-b92f-38dded4702d8,b0b23e22-2f15-4947-a69c-d05840e5fd0f,a1a27485-7134-4c2a-b80b-3657117b355b
8c1658d3-581f-4097-88a7-cf0361290d79,e14f7a24-182f-4e4e-9954-6197a94a5a65,f891b0c3-dd3f-487e-92bd-c6619fe0a8c7
459bfcdb-871b-4674-bd45-dc15f46e28fd,40785616-d186-4cd6-a2f9-2cd41757e1ab,70944bdb-26a5-44e3-90ee-7a92a09151e0
ea919394-3cf2-4372-9041-70d68d58ba39,8c1ac772-729c-4c96-837f-ec60ea5c8fdb,12fe28bf-81e0-4489-9a18-e2a30e614bcd
4ea9f776-1f73-40af-88a3-aeff2e5097ec,d66c27d1-9f92-478a-ac5b-77824960caa9,97674900-4651-4367-8bdc-43184d85a3d2
fa1b2883-4eaa-4d19-a5bf-d2718d325e40,fbef2542-b67d-4a9d-b6ff-da957074a15a,a1a27485-7134-4c2a-b80b-3657117b355b
a52e2b4b-08c8-42b8-a91e-2f4fed79e7c7,cb90e584-d91f-41ed-8be3-e7518d175631,f891b0c3-dd3f-487e-92bd-c6619fe0a8c7
8f33d5f8-ef9b-4af8-af34-e685aec43163,99ce92ef-5dd0-4993-a9e0-d707059efc1d,f891b0c3-dd3f-487e-92bd-c6619fe0a8c7
898ce588-b75d-4e36-b9f2-bdc5de77625d,a60c6003-d63c-4ad4-928f-27626d1ed80d,12fe28bf-81e0-4489-9a18-e2a30e614bcd
c6736ce6-6bb0-418b-a4b3-78d43c63c6b2,0ec4f3de-fa5e-489a-bb5e-2766f7a1c969,12fe28bf-81e0-4489-9a18-e2a30e614bcd
4273ddf2-ec32-4706-9a00-036653f48874,446b05fe-b4bb-4a54-9980-166f8b30d3e2,a1a27485-7134-4c2a-b80b-3657117b355b
39464352-093b-46db-b165-7118842197c2,d5a28c3d-abb5-4919-b7ea-9d4c284755ba,70944bdb-26a5-44e3-90ee-7a92a09151e0
f98695d2-0cd8-4bbf-ac7d-27f7ba76a8e4,b1b9381a-298b-44f8-adcd-772d4f8de10a,f891b0c3-dd3f-487e-92bd-c6619fe0a8c7
b19c6e9d-c1a2-4ba9-8bbe-77baa0634a2e,197ddd07-cb10-4e24-b5d7-a9d9acc3a9ae,97674900-4651-4367-8bdc-43184d85a3d2
125e13b5-f3f1-40df-8ad3-c8d6e3a17c74,4416a597-c7b4-4dc8-b05d-e7db0953d39c,12fe28bf-81e0-4489-9a18-e2a30e614bcd
57eef4e7-88ea-498b-8f42-cbac40b6cea6,3b6f8945-144c-423d-8e41-1928a45bfd3b,f891b0c3-dd3f-487e-92bd-c6619fe0a8c7
f3e57460-69a9-4652-b834-401c5caded76,858b9453-3c1d-464d-a53b-897828b77d09,f891b0c3-dd3f-487e-92bd-c6619fe0a8c7
7bd2f483-a9e7-4853-9fca-89f87818ee55,1027efab-bc62-4618-8d0d-baca55da96c9,f891b0c3-dd3f-487e-92bd-c6619fe0a8c7
1fff88c3-fd55-4e22-a879-4776df5f35aa,82a90425-7d22-4c83-969d-add024f83e09,a1a27485-7134-4c2a-b80b-3657117b355b
f997125f-3998-4c56-9e99-c45558c3b2ea,e891ac9c-7a21-4274-bc44-002298e41c20,12fe28bf-81e0-4489-9a18-e2a30e614bcd
477a7665-3d14-4d25-a81a-2a889e23f3d5,e4342f95-cc97-4043-b7d6-a7c173de4e86,97674900-4651-4367-8bdc-43184d85a3d2
9bd18927-f272-4080-a22d-85f168d5d4f3,17ecd119-5198-47c5-9e96-3bfcb359465e,70944bdb-26a5-44e3-90ee-7a92a09151e0
36358c2e-5b07-4abf-b1a0-01fe8fc2882e,0502db78-33dd-43e0-bf37-ffb864fb0aa4,f891b0c3-dd3f-487e-92bd-c6619fe0a8c7
ed5c0fb7-0bed-4a27-b834-52b5c836af83,d210dccd-63bd-4f42-903e-0dcff8d61d74,f891b0c3-dd3f-487e-92bd-c6619fe0a8c7
e0e5b756-09e9-4d3f-b581-780398d5ef9c,8b8667ed-ef0e-451f-a4a9-84aa880394c7,f891b0c3-dd3f-487e-92bd-c6619fe0a8c7
c03f9ee0-3716-403a-9ef7-93933e89272a,832b2be9-5857-4f66-828e-afb6f7dca27a,70944bdb-26a5-44e3-90ee-7a92a09151e0
88554662-9109-4e70-b984-717fbce3bd44,015ebd6c-d1f5-4698-957c-d8c37840e636,12fe28bf-81e0-4489-9a18-e2a30e614bcd
5c1ac29c-23bd-444e-8c9f-ac72e9dad9fc,49d0c69c-0686-414a-b508-b6469fc2d01d,70944bdb-26a5-44e3-90ee-7a92a09151e0
f4516837-c0f0-4f5c-bc68-c7e5fc10bbd7,6f6c6ad4-8350-462f-87d0-1e49123f54ee,97674900-4651-4367-8bdc-43184d85a3d2
927eebc4-7a8d-4ad3-9f03-3b3087a3fb7c,eecdca40-eea9-48a8-a1ce-19139b332a86,f891b0c3-dd3f-487e-92bd-c6619fe0a8c7
13b25b32-27fb-4ca3-bee4-e84463ce684d,8f3e9688-f704-41d4-bcd9-419e71223c3e,a1a27485-7134-4c2a-b80b-3657117b355b
a324da5e-28d1-443e-b12e-6f93ebc8619d,b9d49d42-cd41-4c26-ba98-ff8dec9365de,a1a27485-7134-4c2a-b80b-3657117b355b
33bd9074-238c-4e49-91a8-5d603c047926,9b7e1ac0-f660-4b6c-b975-c269730243f1,70944bdb-26a5-44e3-90ee-7a92a09151e0
9eb2249a-d834-46a0-8f2d-bead4365a423,cee39b70-44ff-4e18-9464-4cfeb1f1b7fb,12fe28bf-81e0-4489-9a18-e2a30e614bcd
1643b62e-f012-4fea-8587-cc5e864b576d,1f27e813-1c03-4a32-9223-b51edfc7ac45,12fe28bf-81e0-4489-9a18-e2a30e614bcd
0d69a521-d4a1-49fb-b777-1615333afce8,7ab1a285-62c6-4886-bfa7-954551c2d21c,a1a27485-7134-4c2a-b80b-3657117b355b
a2527dbf-7734-4c4e-ab09-e37ca91e637a,e828799d-4549-4a13-bf83-5a47d62e1cfa,a1a27485-7134-4c2a-b80b-3657117b355b
40978405-4448-4ff5-a6c7-c938162d844f,d35dd4e0-ac69-4455-98fc-826007ea4494,f891b0c3-dd3f-487e-92bd-c6619fe0a8c7
fab5112a-4c48-48ae-9717-7bb7f9f96e11,76503128-9cca-4ea0-b245-ffdfeea05ac0,70944bdb-26a5-44e3-90ee-7a92a09151e0
c88e0346-8fb2-46b3-a31e-ff5b79d80484,bdfc85bf-fb46-43e8-9229-ae2b20d450e5,f891b0c3-dd3f-487e-92bd-c6619fe0a8c7
95728e27-3727-4bf7-96bd-b13f464d184b,cd631cdd-417f-4abc-8c3e-548b43dc316c,97674900-4651-4367-8bdc-43184d85a3d2
ab043a75-2ab2-47bb-a1a3-36d0d97319e6,935c7d1e-7027-4ad9-9055-bf6e31a01b57,97674900-4651-4367-8bdc-43184d85a3d2
ab22b240-c50b-43fd-949b-368297b5d537,558105d4-2715-49c4-b003-76ed064f3e6e,70944bdb-26a5-44e3-90ee-7a92a09151e0
cf260e0d-2b3a-4892-a3d4-542af7ca4ec7,b304f39b-da8f-4861-89a2-2f26d7b84b35,70944bdb-26a5-44e3-90ee-7a92a09151e0
79248b3e-e4a7-4951-9474-843b51bb3433,71da5439-7e18-4ed0-acdb-2a8314652329,f891b0c3-dd3f-487e-92bd-c6619fe0a8c7
2f60e50a-b84b-40da-a571-0406e51743eb,ce680b84-4c39-4566-9021-1463a080f1ea,70944bdb-26a5-44e3-90ee-7a92a09151e0
245c3a85-5232-4409-80a7-db3463758ac7,18bac398-5ffe-4c63-8f62-0bfee67745a1,f891b0c3-dd3f-487e-92bd-c6619fe0a8c7
50a41877-02fd-45c3-85cb-3bbb363678e7,32c3444a-2bb5-417c-ac53-42a58cd0a5ad,70944bdb-26a5-44e3-90ee-7a92a09151e0
a53c0b18-5792-46da-a7c9-7b1300546f3a,07d0ea6f-d446-49b0-9c35-d662c70ad6a8,f891b0c3-dd3f-487e-92bd-c6619fe0a8c7
16baed5d-2f8e-4452-9e61-784655576a13,d6346603-8932-4c6c-bd94-d6e2ca274c16,12fe28bf-81e0-4489-9a18-e2a30e614bcd
f345428a-f3b0-4b68-aa04-a0cc7a230eab,c68c536d-e745-449d-850e-e1e62c42b939,70944bdb-26a5-44e3-90ee-7a92a09151e0
d99923fa-3d97-4d90-8aa3-4ea6b09463ef,bd02c453-8ec8-4156-a6cc-ae7a5db80603,f891b0c3-dd3f-487e-92bd-c6619fe0a8c7
7cdbf1e2-a426-423a-a01c-eef200dacd97,fec20c82-3bf8-481c-9b90-60769c842f34,12fe28bf-81e0-4489-9a18-e2a30e614bcd
3bb4b8d3-0425-4424-a419-8f266c6074d4,357eea1a-6f8c-4a87-9272-d1f667ad69e7,70944bdb-26a5-44e3-90ee-7a92a09151e0
97565a74-c169-46da-a9a9-ca0b1ccbf6af,078c4a96-1a1a-4cf2-b35f-5f46082526a1,70944bdb-26a5-44e3-90ee-7a92a09151e0
792f444e-8126-4524-947b-7c17017a4e2d,25557ce6-fbd5-4739-abdd-329b019ce2b5,70944bdb-26a5-44e3-90ee-7a92a09151e0
81202f26-5abc-47a3-bbb7-9b795573441e,1d5723e7-a388-4d72-bd43-a755864a9d07,70944bdb-26a5-44e3-90ee-7a92a09151e0
d4d66058-33e0-4486-9488-f4b1c5b3df95,37a9acce-5734-44e5-ba24-dc8355a56dd5,70944bdb-26a5-44e3-90ee-7a92a09151e0
c0a6749b-613f-4eba-838d-5f8ac71cb2d7,348a3a8d-7098-44c0-9a61-f4973f9d8139,97674900-4651-4367-8bdc-43184d85a3d2
11c28165-22a7-4e8a-9039-91f484a2b426,a29cf6ab-1209-4ac7-b78f-42c800cb0faf,97674900-4651-4367-8bdc-43184d85a3d2
57d70f9b-d63f-43d3-bf70-2d809b9bfa7a,797d80f0-a190-48da-99e8-16199c3bca26,97674900-4651-4367-8bdc-43184d85a3d2
c71abd7e-c8e2-4459-97a7-e8042713c358,9aaedfac-c2c2-498d-a1be-e969f768443b,70944bdb-26a5-44e3-90ee-7a92a09151e0
c2c028c2-4a62-49fc-8d7a-8b168c84f577,b5def37d-daa7-4023-89f4-2a9ad221b2dc,12fe28bf-81e0-4489-9a18-e2a30e614bcd
c9b51baa-f02d-4a4e-9a38-e2d55434a89b,d1107c6c-7449-4629-8b9f-390d9dc7ea1d,70944bdb-26a5-44e3-90ee-7a92a09151e0
4d02a507-2521-4518-93c1-191d3729059b,479ad2a2-3e77-45fd-9018-3de7e863518f,f891b0c3-dd3f-487e-92bd-c6619fe0a8c7
563ff41d-0545-422d-8703-3ad9dda6576d,60daf971-efdd-4352-8d27-94de56dc7a0f,a1a27485-7134-4c2a-b80b-3657117b355b
dd23476f-12dd-4459-a170-6dfa68a1ff71,341b29e5-cacd-47a3-bd94-3f66e5fe4f1e,f891b0c3-dd3f-487e-92bd-c6619fe0a8c7
7e4b9356-5baf-4ac2-8600-02348d2a26bb,5c1e4740-31c3-4611-9359-e8c5d263dcf1,97674900-4651-4367-8bdc-43184d85a3d2
3d06b8f5-d898-427c-a335-7b6ca1b7b1b4,0a44b229-af3b-4315-91f2-b01b93731894,f891b0c3-dd3f-487e-92bd-c6619fe0a8c7
e537a79f-8db3-4ebc-b918-c3661686a3e9,8ecefd93-3ae4-4945-b703-c8996b46b2ba,f891b0c3-dd3f-487e-92bd-c6619fe0a8c7
f477caab-c2e3-494a-9fb6-4946ae9aeae7,c4392043-3355-4c36-8c94-a2033d23c92e,f891b0c3-dd3f-487e-92bd-c6619fe0a8c7
572d4684-71d5-43a9-a4b9-36c609773a68,58b5a915-947d-48e2-ae7a-d445982bca64,f891b0c3-dd3f-487e-92bd-c6619fe0a8c7
9dcad15b-eb7b-4997-abbe-9fbdf5b5f382,4d219290-4512-4ef8-93ca-1eac22a59f1e,70944bdb-26a5-44e3-90ee-7a92a09151e0
97dfbb97-96a2-419f-b1c2-23cbd4090c0c,e362b936-ec64-42a2-96a3-5f1a964071a1,70944bdb-26a5-44e3-90ee-7a92a09151e0
d6a0440f-dcf0-4642-a493-1ad3ba0285fe,6169b330-1364-48b2-bca6-225930d8d9d7,f891b0c3-dd3f-487e-92bd-c6619fe0a8c7
4ea6341a-1a4e-479b-ab78-b28f04b17841,18b6e228-5ca3-45b2-851e-698a89261da6,f891b0c3-dd3f-487e-92bd-c6619fe0a8c7
3484416d-3dc6-41e7-bc3b-35eb8bc06a88,42a6d635-cecd-49b1-b00a-b08d88fe6f5f,f891b0c3-dd3f-487e-92bd-c6619fe0a8c7
8cb83d7d-ecf5-4028-830f-8499c0e9cd94,cd572c06-dbb7-4fa0-a50c-463e9c317b10,12fe28bf-81e0-4489-9a18-e2a30e614bcd
d531a834-62f9-4a24-be09-51ecf268c992,1feee7ac-f18c-41f7-876a-f93eeda474c1,12fe28bf-81e0-4489-9a18-e2a30e614bcd
e41fbd36-c542-48cb-867e-33371c189cd5,3675489f-e544-4121-a4bc-b2f5e640266d,f891b0c3-dd3f-487e-92bd-c6619fe0a8c7
910b29cb-7ca2-4f23-ade6-cbdac484f804,67d87437-2d62-4b9c-bacb-5903295734a7,12fe28bf-81e0-4489-9a18-e2a30e614bcd
2ad1675a-f5cb-4dfe-bd03-8c3959376ab7,f9cc8fb8-eb14-4222-9bf8-a4414020172f,a1a27485-7134-4c2a-b80b-3657117b355b
3c13ad33-b826-471c-a306-d14faa4cf9b5,27c8706f-9856-430b-88c5-b20d45cde833,12fe28bf-81e0-4489-9a18-e2a30e614bcd
9cd23e3b-64ca-4f3f-a8bb-581761f68166,70e1f860-fcfd-4e44-9c42-e9d2f3239586,70944bdb-26a5-44e3-90ee-7a92a09151e0
c43b5b86-c6a3-4496-8116-1510aca1e064,15d326ae-95ab-4e40-a3a0-c8730ccff865,97674900-4651-4367-8bdc-43184d85a3d2
c1d67539-6de8-4c17-9f0d-7ee5bc3cb47c,0a7e7308-6b00-472a-9f65-bb80e035aa86,12fe28bf-81e0-4489-9a18-e2a30e614bcd
b8d3d9ce-fe0c-4bd8-af01-cc5e5032a58d,e3c58a0c-f28a-440a-8f39-87da3cb21692,97674900-4651-4367-8bdc-43184d85a3d2
2c2b1b2a-439e-4ec9-82c7-8ccf9b9b1407,3913fdba-1972-4f34-a178-2bc41f8b3428,12fe28bf-81e0-4489-9a18-e2a30e614bcd
8adc14f8-7088-47bb-a7b9-21db44fa8f71,5baebdf4-8208-4333-a922-34abf38edb4b,70944bdb-26a5-44e3-90ee-7a92a09151e0
0035149b-ed6c-4444-9b64-36d5fa09886f,31ccdb8e-75b1-45eb-8bd7-a6c9e7f14b73,f891b0c3-dd3f-487e-92bd-c6619fe0a8c7
62e446f5-dfbd-4639-b7ee-d2157e2b614e,377f402b-f245-4aec-aab7-33d0670094ee,a1a27485-7134-4c2a-b80b-3657117b355b
79376bcc-9594-4542-955f-ca1c87f98b8d,b3710da0-1788-430d-94a8-bb870a160dd0,f891b0c3-dd3f-487e-92bd-c6619fe0a8c7
994a9f83-4b8f-4f3b-bfab-0351ec4f3182,106cbf2a-e9e9-4638-9dee-f7159453bebd,70944bdb-26a5-44e3-90ee-7a92a09151e0
a150124b-502d-4262-8a2f-de514bce16f5,3efc6060-14f6-4995-b6ba-dacc562e4166,f891b0c3-dd3f-487e-92bd-c6619fe0a8c7
0dbcc6a3-c7b2-4a15-addb-99e004196ba3,fdee9583-b481-4bb4-b990-09611723cad7,f891b0c3-dd3f-487e-92bd-c6619fe0a8c7
b60580e6-1449-42a3-a2dc-c410068e96b3,a0971518-7bc9-41ff-ae06-cb41688ddd6d,f891b0c3-dd3f-487e-92bd-c6619fe0a8c7
93ba27dc-8323-423b-b9c1-fca3a7e98b1c,241763e8-8a39-4e43-820a-f49d6b75c8a0,a1a27485-7134-4c2a-b80b-3657117b355b
9d5b9a1e-1aaf-447f-aa2c-adbbc40ae42b,44ee5159-fbf8-413f-87f0-39e6e397a3e3,70944bdb-26a5-44e3-90ee-7a92a09151e0
2ef3aaaf-d78b-49a4-9110-dbdeee64d36b,fb1ac3bd-d941-4ebc-bfdf-f47d915b395e,f891b0c3-dd3f-487e-92bd-c6619fe0a8c7
92293988-5b77-4826-b1c9-5e59ca6937aa,3f9cf952-5c06-4cb2-be4a-5d45f2cba7a5,f891b0c3-dd3f-487e-92bd-c6619fe0a8c7
6dea4a41-f846-4119-a83b-8a6bb07cd1c9,ac372b8a-8fac-4ef7-84d7-746c2ab54288,70944bdb-26a5-44e3-90ee-7a92a09151e0
56f81537-1e9d-4a6c-a056-98e7c8550495,9972889b-1442-472e-9be4-dd96520e7ca2,a1a27485-7134-4c2a-b80b-3657117b355b
fc512da3-7261-4c4d-8e72-05edfc596351,b52e7806-45bc-4309-a3b2-1e4f009d91e7,a1a27485-7134-4c2a-b80b-3657117b355b
2f70e1b2-a3f4-4af1-bf01-8141461da5ef,03e2e0ec-8344-4e89-bc9a-1d77a0c1b7da,f891b0c3-dd3f-487e-92bd-c6619fe0a8c7
b6fa1753-3026-46c3-b73b-ed53a0c73011,c6200050-a43a-4964-afd4-3b1978a89d83,12fe28bf-81e0-4489-9a18-e2a30e614bcd
a4862510-83f5-4a4a-a294-7417b5251bb2,5725807b-65b4-4534-83d9-0ea2a94e4467,a1a27485-7134-4c2a-b80b-3657117b355b
85170ef9-c952-4835-911c-07f90d8e6779,a59f4695-3dbe-41a5-8a27-21dd4881654e,f891b0c3-dd3f-487e-92bd-c6619fe0a8c7
d52153c8-a430-4007-b07f-8dd48bd235a6,06942254-01cd-48bc-8699-5228a98dbce5,97674900-4651-4367-8bdc-43184d85a3d2
49dea006-11fe-473c-9a23-c7bc947d0a70,41d3d456-db62-41de-a6f7-9fe1754c573d,12fe28bf-81e0-4489-9a18-e2a30e614bcd
be94df1f-a2eb-4a4f-9b9b-b74a7b42990e,dfba8ac7-5bd0-4b3e-991d-2f3f325a8f15,97674900-4651-4367-8bdc-43184d85a3d2
0b245c45-1f52-468e-bbdc-4df98838bb67,cb336956-96e7-49f4-a85b-4d4c1ac78802,a1a27485-7134-4c2a-b80b-3657117b355b
5d7863e8-643a-485e-890c-56f066958d41,41742853-409f-4198-b3d0-a119053db77f,70944bdb-26a5-44e3-90ee-7a92a09151e0
22959d2f-cbe3-4483-9138-b283683d5bd6,0574664a-3727-4ac9-9a7d-d2f0148a5d26,12fe28bf-81e0-4489-9a18-e2a30e614bcd
aabfda9c-01cf-4bd9-9de5-718f9297a295,fd7911fe-3689-436f-8e84-b5176b06dbf5,f891b0c3-dd3f-487e-92bd-c6619fe0a8c7
886912fe-a3c6-48f9-8310-29724af5baab,9e7f4efc-7f85-4a95-8f2c-5bbc9b0295d4,70944bdb-26a5-44e3-90ee-7a92a09151e0
7ce2eebe-3fdd-437e-b319-475d141cc1a2,c148a441-ec69-4750-971d-93349c20ac24,a1a27485-7134-4c2a-b80b-3657117b355b
a5cc4401-709d-400f-ae0f-2579a0bc4f0f,d36cd7fa-6336-4466-9def-bf221c2cf230,f891b0c3-dd3f-487e-92bd-c6619fe0a8c7
e7b035cc-edc4-41c5-bf8b-0f959f9426fa,c8f3f7d8-0ce0-486e-b4fa-688c1960e2c9,12fe28bf-81e0-4489-9a18-e2a30e614bcd
a041b2ab-f40e-4914-b63f-2da234172eff,84b22ce7-29e5-4fe5-9646-29c14cfdb7ad,12fe28bf-81e0-4489-9a18-e2a30e614bcd
a6f4837c-5a28-4fe8-a945-268a8a1a2d44,7e328c6e-0040-4279-a0fe-932d862d9086,f891b0c3-dd3f-487e-92bd-c6619fe0a8c7
362cb840-4493-4724-9db9-be25ff329536,a23edda2-9d67-4925-b99c-9b160416dec9,70944bdb-26a5-44e3-90ee-7a92a09151e0
d28a3704-53a1-48ba-b256-44a4a77254e2,a5b8dbf2-e3b6-4f92-b435-d8fc6eb97426,f891b0c3-dd3f-487e-92bd-c6619fe0a8c7
8597c3b3-3ec9-448f-b078-2827e8693f3a,80ff90a9-2546-4d9e-a65a-4dc6e58b4381,a1a27485-7134-4c2a-b80b-3657117b355b
74852ac0-f09b-4ace-be21-b6f656f39641,bccabc98-c975-4d44-a3cf-dbeb1ee75f03,f891b0c3-dd3f-487e-92bd-c6619fe0a8c7
1a12e328-4757-414d-8061-12115518ec4f,383f6e1f-e315-41d2-bea7-e6dc44e1d621,f891b0c3-dd3f-487e-92bd-c6619fe0a8c7
76c92aa4-fe30-493a-933d-42566a72c83d,0fa5f971-f992-4872-86be-b110365a2ddd,f891b0c3-dd3f-487e-92bd-c6619fe0a8c7
e18da35d-9219-4814-80ca-f1bf96246497,d9f0c268-069c-4d6c-8092-221fe304f352,f891b0c3-dd3f-487e-92bd-c6619fe0a8c7
5eaf0e47-19e4-4b5b-a5ec-418937790ca3,e23addf8-e001-4dd4-9592-0ff39a37749b,12fe28bf-81e0-4489-9a18-e2a30e614bcd
4504284a-7b58-4e43-b50f-8c71d99cb24a,26e9c568-0ef6-4fbc-9b6b-5ee327e56e56,a1a27485-7134-4c2a-b80b-3657117b355b
db954897-70a5-4a90-a472-056a18444ab0,340653d4-f5a1-455a-845c-4db544853335,f891b0c3-dd3f-487e-92bd-c6619fe0a8c7
244f2d24-d6e8-42d0-9837-6a9b1cd4c673,8d15d0e9-e3f7-4a46-8752-2cf1cb1343a5,12fe28bf-81e0-4489-9a18-e2a30e614bcd
6affb256-86cb-4d05-86cb-40bb06e96def,82b8e8af-a30d-411f-bf8a-04de36a6655a,f891b0c3-dd3f-487e-92bd-c6619fe0a8c7
00c75d0f-9d1f-4273-8692-1269967005b1,d843d8e0-a010-42f0-8008-d72169d2a5ac,70944bdb-26a5-44e3-90ee-7a92a09151e0
683050c0-5662-4413-af48-21a556e452f6,1d3a1066-7670-4b62-8708-2e9494e99125,f891b0c3-dd3f-487e-92bd-c6619fe0a8c7
de59a2d0-d97a-4084-90ce-80735525be89,f5aa14b8-40a3-4aaf-a29c-7271e0409f44,a1a27485-7134-4c2a-b80b-3657117b355b
917dd5a5-42d3-4535-9d7a-fe6224494bbc,01614f2a-c9f4-42d0-b50e-3c81cec5666f,12fe28bf-81e0-4489-9a18-e2a30e614bcd
7bd7eb70-d884-4c96-8c8a-26a065b21065,d9835363-cb2b-4de0-bb47-fa291a70cb82,97674900-4651-4367-8bdc-43184d85a3d2
0961a2e7-2a16-422f-83df-28ae2958ad74,3c82a108-d851-47d4-bbfb-72fe4c12909d,97674900-4651-4367-8bdc-43184d85a3d2
87312c35-27c4-4321-93a4-66d43830175c,25bf277a-8759-4d05-9786-e3d0f7cb2b41,70944bdb-26a5-44e3-90ee-7a92a09151e0
0118f0d4-1dba-4fb0-8e5e-8ab392dc7ea4,ebf4a80a-0473-488b-8219-17cc3a9dc781,f891b0c3-dd3f-487e-92bd-c6619fe0a8c7
245fe793-a7ea-45af-aa11-324922ed817a,e36d0809-04d6-4c56-a2dd-46c61d4858d1,f891b0c3-dd3f-487e-92bd-c6619fe0a8c7
9b832bb7-3aec-42c5-96cd-c4069873aca2,dc6756f8-52b9-4c08-a3ad-2aef0452d9af,f891b0c3-dd3f-487e-92bd-c6619fe0a8c7
68fc33ad-8e51-4fdb-a850-1cdf91af4ffb,1a1008b5-0c86-417e-bf4a-e9cb07f912d9,97674900-4651-4367-8bdc-43184d85a3d2
05292eab-2bb7-45e6-aaf8-9f8e355ad938,ca072063-4597-46eb-85c9-f39b270f4b1c,70944bdb-26a5-44e3-90ee-7a92a09151e0
ddbfc9d3-f1a6-47d8-97c3-5674c6190916,8fe1585d-277a-4aba-8a3e-cede5da6f202,70944bdb-26a5-44e3-90ee-7a92a09151e0
7bb36bb7-e544-401e-b3eb-7d282ff1af09,833ed126-2f46-4e78-b21d-ee97fe4dfbb7,97674900-4651-4367-8bdc-43184d85a3d2
8b2b4ccc-f914-417a-b63f-4d78f14f8095,d1153ecd-5291-4ec7-a328-efde59d133e7,70944bdb-26a5-44e3-90ee-7a92a09151e0
4ab499a7-7358-4bb3-9845-0dcedd933f32,1f7edb1a-43c6-4f98-8688-7a59b34807c3,70944bdb-26a5-44e3-90ee-7a92a09151e0
ab1322d9-435a-47f1-86f6-1b8c859bb00f,9e8b14e1-7799-403e-9f48-5e4754e54f77,70944bdb-26a5-44e3-90ee-7a92a09151e0
7902e5f9-0319-42fe-89ee-05f30e8b2e17,f0adc54d-cf6b-46fd-bd0b-a0a74687b61e,f891b0c3-dd3f-487e-92bd-c6619fe0a8c7
4cfc9ca9-f6b1-40e2-af28-5c3220c6f80e,595f0baf-d874-4cd9-91af-feb278110eb2,f891b0c3-dd3f-487e-92bd-c6619fe0a8c7
59f292e0-3789-486d-9e10-af4c7020264b,810bbb80-90bc-462a-8b35-187d8f4d815f,97674900-4651-4367-8bdc-43184d85a3d2
955cd3ba-f0e1-4d64-a730-de11658d676c,5749dc0a-ac10-49df-b812-63f6a5339b3f,70944bdb-26a5-44e3-90ee-7a92a09151e0
62a37e90-b97c-42da-bba2-7ffdce2b2822,b65d4f39-da9e-4a8b-a9bf-527d5ddc10a3,12fe28bf-81e0-4489-9a18-e2a30e614bcd
6cbc1b22-3e49-4bce-ad89-debdbf1e6985,6ef0fb3a-2ac2-49c0-aa02-dd601e73c0a2,97674900-4651-4367-8bdc-43184d85a3d2
bfa3fdc2-b6e3-4c58-a2a0-e84b1cdab305,ef95e88d-b691-4c55-9180-a2a467163644,f891b0c3-dd3f-487e-92bd-c6619fe0a8c7
4886692c-9014-47ca-8e2d-c4342e5f8bd0,7ab6e721-8352-4b8f-8eb7-0e625c7142af,a1a27485-7134-4c2a-b80b-3657117b355b
445eabfe-2b1a-4169-b28c-69411a9cdb5e,e5e03aeb-03d4-484d-be65-b19d45801738,70944bdb-26a5-44e3-90ee-7a92a09151e0
e0f9ffe6-f4d8-449d-acb9-f6ad711a300e,7a094779-67b8-40d0-acf7-7cfc75d8b8cf,70944bdb-26a5-44e3-90ee-7a92a09151e0
4e724027-586d-4d40-ab9c-74021f839756,6986ff97-6f77-477f-9987-809c3ff3e033,a1a27485-7134-4c2a-b80b-3657117b355b
049f2eaf-cc5f-47a3-8ac6-b49ef811ad43,681c7929-0f2c-4f1b-951c-aa50b03d5e6d,a1a27485-7134-4c2a-b80b-3657117b355b
9ab38e23-a0f8-4e6d-bfb6-4391405eb438,cac4451d-e7d1-4048-9305-efa53d591863,f891b0c3-dd3f-487e-92bd-c6619fe0a8c7
93175f84-203f-4c48-8be7-aa435aee93b6,4ee4d9c1-bcaf-41cc-b9ac-c90c4bada289,97674900-4651-4367-8bdc-43184d85a3d2
3a8859d6-4d4e-4ae1-a641-8a16f5dd9db2,2a3ddff4-551d-482f-90cd-a4a33da0220b,12fe28bf-81e0-4489-9a18-e2a30e614bcd
7e1bce66-8491-4adb-9bb3-ab787d2510c3,f4b881b1-a40f-4883-be23-ec28b1ea56f0,f891b0c3-dd3f-487e-92bd-c6619fe0a8c7
bd38d140-0c81-4199-b7d7-82b2fd8124c1,4e3e3f2e-dc6d-49c6-9ecc-57afc11c9c1a,12fe28bf-81e0-4489-9a18-e2a30e614bcd
7f3d45d9-13b2-44c6-b9d7-23d6585eb2aa,20f45db0-963d-4b4f-82a1-7df8ad045271,a1a27485-7134-4c2a-b80b-3657117b355b
e8517763-a6d0-47b4-8e6e-a62b4792e940,7c2b64cb-ac34-4c3d-925b-bd93dd01aadb,12fe28bf-81e0-4489-9a18-e2a30e614bcd
79455f44-e764-4500-b6d6-bb4db9e35d68,16ab4bcc-3e83-4fe8-be56-de08e004650e,f891b0c3-dd3f-487e-92bd-c6619fe0a8c7
0babc056-7048-4c5f-9740-9f9956b4cc3d,44882910-e5c2-446b-b549-4d5f8d2cb488,97674900-4651-4367-8bdc-43184d85a3d2
315247f9-e949-41d4-8520-13b98db0e826,352f5d9b-1435-4ff0-85c0-0df610a42655,f891b0c3-dd3f-487e-92bd-c6619fe0a8c7
dcba98d7-6bec-4a17-940e-cc0efbc465a7,950df708-2b5b-49a3-b456-85feb536db33,70944bdb-26a5-44e3-90ee-7a92a09151e0
1bbd4309-ebfd-40b7-b131-25206043e9db,fd7f58cc-4d76-46c7-bd4d-3a6f3d18d4bc,a1a27485-7134-4c2a-b80b-3657117b355b
1649b945-1157-462a-b959-942883ecd617,c5684d65-b738-4c25-8701-b67625ab3123,f891b0c3-dd3f-487e-92bd-c6619fe0a8c7
d2269f2e-fd26-482e-86dd-0d84e514aed5,819d6a23-26e2-4b78-b70b-c28fe4092d65,f891b0c3-dd3f-487e-92bd-c6619fe0a8c7
7a057f4c-5247-443c-a576-b5d8be2896d5,f1464f16-2b7e-47ab-a5d5-a88a1e7eda9d,70944bdb-26a5-44e3-90ee-7a92a09151e0
ad01973c-d704-4026-b4bb-eb088deb9721,65ffae65-ceb2-4baa-a0a1-3adf4c914c6d,70944bdb-26a5-44e3-90ee-7a92a09151e0
56e53b7a-6282-4a55-a58a-f76761ea1966,e49a1ea1-7424-47f4-80ac-31fa29b3dff3,f891b0c3-dd3f-487e-92bd-c6619fe0a8c7
f5af0d40-9875-4fe3-aff0-f7e14053cc36,1bbaee7b-2046-4458-9154-bb65a402172a,12fe28bf-81e0-4489-9a18-e2a30e614bcd
b7f1df10-b51a-466a-bf42-10c83a8eaa54,14d0b1c5-ece4-4e22-85bc-a5357faced1f,f891b0c3-dd3f-487e-92bd-c6619fe0a8c7
6db4b218-4254-41ef-bc40-d97e8468dd87,f3a01606-2b3d-4051-8afa-1af1b664ea6b,12fe28bf-81e0-4489-9a18-e2a30e614bcd
b0fc8539-f7d5-4b77-80a5-f543049542cd,a185649a-31ae-4576-8a89-40c28c44adcc,70944bdb-26a5-44e3-90ee-7a92a09151e0
ec74f543-773e-4764-8c49-0cf295c77744,78c57ce7-d3a7-49f3-9175-5f7a3b064b2b,12fe28bf-81e0-4489-9a18-e2a30e614bcd
dd75d281-872b-4da2-a19d-5953e877c2ee,38963501-2aec-49c3-ae18-fe96b91f726f,70944bdb-26a5-44e3-90ee-7a92a09151e0
d37bf8e7-f4e5-415c-94fb-bc9273c5a907,50bf790e-c9e4-49ba-ae9e-9e5f89ebb925,70944bdb-26a5-44e3-90ee-7a92a09151e0
14ef0c49-bbd9-415d-aca1-60df5892742b,4d1f9c8f-174d-4680-8406-d11187916393,97674900-4651-4367-8bdc-43184d85a3d2
14f3f64c-ad72-4ea3-aef6-6e66bef6c50c,f73a3208-1d61-45aa-a5e5-c2ab508f8f25,12fe28bf-81e0-4489-9a18-e2a30e614bcd
15c8bd23-8398-4884-8c7d-20a0af5e5b8d,e2e34866-a354-4853-bc07-1ec120a6ca01,70944bdb-26a5-44e3-90ee-7a92a09151e0
6ecb0d22-4886-45a5-9a8d-b16a96ab5b24,f4ce2358-d13f-4c48-88aa-33b6b709b140,f891b0c3-dd3f-487e-92bd-c6619fe0a8c7
6407833b-dab0-4a33-a4d7-fa854a91ea7c,eaf353ca-1812-4e1a-b087-402725ef9616,12fe28bf-81e0-4489-9a18-e2a30e614bcd
c18d8b93-bd24-46cf-b3d5-0e22d9d78bb7,91536dfc-26a8-40bd-a3ce-37bb99262c4e,97674900-4651-4367-8bdc-43184d85a3d2
1d12b2b1-bc40-4527-8bf6-56da78291cb3,7a976b2d-b6c7-46f0-8cfb-0e48422e3118,70944bdb-26a5-44e3-90ee-7a92a09151e0
0d322cba-869e-4fe4-b333-f4ddad88efd4,2873482e-9eca-4a6a-8efa-22b5a0ee9f8d,a1a27485-7134-4c2a-b80b-3657117b355b
5263b067-d9ca-4ec6-a4fc-3f0448143f42,4d68cf24-01ad-4866-98ec-affac946cc37,70944bdb-26a5-44e3-90ee-7a92a09151e0
a59f988e-0462-473e-92d2-3224cf58eaed,4c2777cc-3e97-4601-aa78-15f358cb4a86,97674900-4651-4367-8bdc-43184d85a3d2
5028b8b1-25a4-401a-86ea-ba17233537c7,5ed6a35f-c78b-406e-8235-229102589385,70944bdb-26a5-44e3-90ee-7a92a09151e0
23347179-e976-42bd-9822-d62825360d76,886d7a41-c638-48e2-9591-df25ec2ed5ea,12fe28bf-81e0-4489-9a18-e2a30e614bcd
fbdfe794-a53b-481d-a976-3cb2b97d1311,aa6a07bb-42e6-43d4-a8be-97cc47061d65,f891b0c3-dd3f-487e-92bd-c6619fe0a8c7
a2658a15-85f3-4a2f-9cd4-d085535648de,1b28c260-74dd-4438-a534-255494f276f0,97674900-4651-4367-8bdc-43184d85a3d2
aa12c6a5-7792-468b-96c4-0e3fbf9bf237,ac8e4cd0-221e-4ea9-b2d8-a4ae787d02c3,a1a27485-7134-4c2a-b80b-3657117b355b
6bc399fb-2bbf-453f-a996-8949c640d202,9c811004-9369-475c-b6cd-11f7c1faaa3d,12fe28bf-81e0-4489-9a18-e2a30e614bcd
38633bdf-e68e-485e-83f8-68742c5f51b5,8b3d0d71-8d64-4c64-b24b-a43b69a94cf8,f891b0c3-dd3f-487e-92bd-c6619fe0a8c7
81df0af0-bb76-4453-91b2-d40cf2459b44,928811d5-4690-4efb-bdd9-b6b4cb6d4776,12fe28bf-81e0-4489-9a18-e2a30e614bcd
a018ce55-fde5-4016-8cef-b3d9e6987d1b,316a841d-2681-4c8a-82f3-2c654c1752b4,12fe28bf-81e0-4489-9a18-e2a30e614bcd
c68a140f-b602-4a2d-b3de-477ee63303ea,0cae3b0d-47ed-4cbd-a4e6-8f091e66d1f9,97674900-4651-4367-8bdc-43184d85a3d2
0eea9d80-3302-4713-be57-9dce9fcfc907,1f2a65bb-8feb-4257-b0cc-cda146776b8c,a1a27485-7134-4c2a-b80b-3657117b355b
ee233be6-934e-4db8-a4dc-4eba5d93168c,76cf2478-b707-4cf6-b637-7b2c86b7de6e,a1a27485-7134-4c2a-b80b-3657117b355b
1ee6a2c3-9791-49e8-b0c2-49d75a1ccc49,31e3be07-a8ec-4d87-97e0-8108a0bc716c,70944bdb-26a5-44e3-90ee-7a92a09151e0
797738c9-3cfb-4cc5-b4bc-dbe88697a22a,37cf69e1-eb2f-48b1-a459-c21a2c201149,a1a27485-7134-4c2a-b80b-3657117b355b
0cbf2c48-4922-4a93-a61f-0e6e6f7ffaf8,29b0595e-109a-41d3-b299-839d55a02ccb,70944bdb-26a5-44e3-90ee-7a92a09151e0
ff27bcef-a168-499d-bde9-3e3c6b7b0f61,28cb2d10-5a1b-4b02-818d-d99c3c243f6a,f891b0c3-dd3f-487e-92bd-c6619fe0a8c7
f3f137e8-da7e-437b-8ae6-6fb45a71e4d3,df638341-5f3f-49b8-b971-0e55168967e7,70944bdb-26a5-44e3-90ee-7a92a09151e0
42b226c3-818a-4c47-a7f2-ca5f694809f0,19e11b22-3024-4cac-899b-164e5d33c915,f891b0c3-dd3f-487e-92bd-c6619fe0a8c7
2a83fd61-92ca-46b3-9f2d-84ac609f346c,7b1a249f-6138-4223-ba96-cedd76cda39e,a1a27485-7134-4c2a-b80b-3657117b355b
7eaefaf1-3046-4d8d-8e90-bb21072b8427,24765d8a-1862-44ea-8359-50bb61612cd1,a1a27485-7134-4c2a-b80b-3657117b355b
432af9e0-ac1e-4226-bc59-a0e9a992d7de,83627d08-27e0-4fde-aa48-7b0a7424f3ba,f891b0c3-dd3f-487e-92bd-c6619fe0a8c7
4d757bb5-bc90-4cff-823b-14c7247f9102,45c2057d-cbb6-4862-b539-44d14c518db2,97674900-4651-4367-8bdc-43184d85a3d2
62be5cb7-8c33-4a57-b5a1-fc74980474a4,ffbda08c-04a0-44c0-8dd6-f9d6360b3519,f891b0c3-dd3f-487e-92bd-c6619fe0a8c7
080e90eb-e4b2-49da-a441-1d1a221c0d04,e0ec1d9b-ad67-450d-9129-cffb61f9f5c0,f891b0c3-dd3f-487e-92bd-c6619fe0a8c7
1060aed1-f673-44c5-b256-a11cbc4332f7,80978429-f441-4729-95c2-9fad472a3308,f891b0c3-dd3f-487e-92bd-c6619fe0a8c7
49019e00-1c14-4f81-b49d-eda59b4e3931,3c1af985-2346-40de-9b31-b4aefa58a776,12fe28bf-81e0-4489-9a18-e2a30e614bcd
43cfdd44-475d-43f7-af93-81921f8b2a1d,447bac63-0911-4d30-bdab-4703d5c4b429,12fe28bf-81e0-4489-9a18-e2a30e614bcd
0c5caade-713f-4297-a099-ae689d073fbd,20a2f71d-1e21-4482-879d-cf41124e4a99,12fe28bf-81e0-4489-9a18-e2a30e614bcd
2f942dfa-e357-45b7-a6d9-35058656484d,14683e51-a2d6-4a85-b801-90ca15f9b297,70944bdb-26a5-44e3-90ee-7a92a09151e0
e78f9b21-3221-4046-a2c9-2a8ec18e7d80,75eafb4c-a2e6-42d4-b02c-b5d095fadf3c,f891b0c3-dd3f-487e-92bd-c6619fe0a8c7
cd1163ba-57fa-4dea-b982-df600a0ecedb,2fca859d-e272-486c-8679-746196143d99,f891b0c3-dd3f-487e-92bd-c6619fe0a8c7
5c216169-dfda-4cc8-ae00-c9ea4a195dab,70bc5f4a-2af0-408d-a735-8511e93360d6,f891b0c3-dd3f-487e-92bd-c6619fe0a8c7
559ab377-fcc0-4fd7-b976-173d058601a3,8b6804e6-0fe4-444d-9e47-4787e801832a,f891b0c3-dd3f-487e-92bd-c6619fe0a8c7
d843f01f-8e07-40f5-a164-a750f4ed9702,1067cbf3-923b-4318-8ec4-8ee87aada999,12fe28bf-81e0-4489-9a18-e2a30e614bcd
91af262f-554a-498e-a338-99d48021a307,1a269950-6aae-409d-b98a-a3f2a193f3f5,70944bdb-26a5-44e3-90ee-7a92a09151e0
2ddeeb03-ba69-4bcd-bd97-edd2987eb823,1beba2c3-ecd5-41c6-967c-e7def32cf8e9,f891b0c3-dd3f-487e-92bd-c6619fe0a8c7
e94a8a2e-e1c5-4dc8-8208-a2029e7c249c,65fd0389-f028-401f-8cba-96830d43c665,f891b0c3-dd3f-487e-92bd-c6619fe0a8c7
398ddec1-1133-4851-83d6-32b6d38565c7,d1c19a55-1ae3-4a72-a027-3af0da3a84b3,97674900-4651-4367-8bdc-43184d85a3d2
015c3432-083a-49aa-a181-2c7123835790,bf564558-b5dd-4c63-8b00-1e6435008915,a1a27485-7134-4c2a-b80b-3657117b355b
a9a1eca4-8c62-4c8f-a16e-5d845c7dfedf,4e811e3b-4ae2-460a-a721-0d1429050c60,70944bdb-26a5-44e3-90ee-7a92a09151e0
c3d82df3-016d-4d99-8257-15f53c11cf24,15e8c163-e7fd-41a6-9005-5d9680095c57,12fe28bf-81e0-4489-9a18-e2a30e614bcd
2d0555bf-6688-45be-b1bb-e502eac7dc64,6e778507-8150-4695-8128-0b3771200b3c,a1a27485-7134-4c2a-b80b-3657117b355b
39f2621a-41b8-4d41-9458-2e0df3e025fd,7369aa75-a58f-4359-b6e0-cd976ca2b374,a1a27485-7134-4c2a-b80b-3657117b355b
4e2b71e6-0492-4fe6-87ed-c0574be1702a,480d4043-e550-42a4-b214-c5425e3389c3,70944bdb-26a5-44e3-90ee-7a92a09151e0
fbdbd4dc-2982-478d-af7c-3aad4ce73f27,f63ac507-bd02-4333-8d87-61bede16e06b,f891b0c3-dd3f-487e-92bd-c6619fe0a8c7
8a7ce818-bca9-4339-a8eb-cee580b03165,c5fe8478-dcac-44ad-ad46-b298e776324e,70944bdb-26a5-44e3-90ee-7a92a09151e0
4955cff9-eb4a-4fdc-a863-fb5c1ab90da4,085e589b-c40b-4774-abad-c41b584bfb57,f891b0c3-dd3f-487e-92bd-c6619fe0a8c7
85c4f7e8-da89-442d-a84c-57852ef0fcd3,f0386150-e858-4113-bd8a-3614cc935ac9,70944bdb-26a5-44e3-90ee-7a92a09151e0
f14ba209-187d-48a3-b39c-5532fabd957c,28eedcf1-c688-4f4b-9e59-6697e2ab7e14,f891b0c3-dd3f-487e-92bd-c6619fe0a8c7
0aafb191-4d06-4453-9e03-365f49506abb,f08cb7f1-7636-4931-878a-7c60a0a23de0,f891b0c3-dd3f-487e-92bd-c6619fe0a8c7
c39a5a7e-58ff-45da-a512-1d174c4fd395,e46405ee-d6df-4004-92db-e752685d6c45,a1a27485-7134-4c2a-b80b-3657117b355b
27927cbd-f4c9-4ab7-8758-1d8c1b53d295,2f71aec2-b443-476b-9566-e47b87a5c076,97674900-4651-4367-8bdc-43184d85a3d2
7ddef9e1-34c0-44f7-a329-adb555752266,5ad5ef65-8347-4fba-b369-112ece9d5ed6,12fe28bf-81e0-4489-9a18-e2a30e614bcd
e2d1fc94-27e8-4dd9-bf54-ade204be96b6,a9912054-c918-4cc2-8f88-d70f651d8852,f891b0c3-dd3f-487e-92bd-c6619fe0a8c7
a8885b31-489a-49e8-97fb-77893407f9be,8ff3d1c9-44bc-4b68-88f6-670fcf998803,97674900-4651-4367-8bdc-43184d85a3d2
b34ac4b4-f44b-45c2-b96c-f0940eeb9046,a0192ac7-8067-4190-9714-5595c3c263f1,97674900-4651-4367-8bdc-43184d85a3d2
988df1a5-36fe-485d-9c97-5328d2207475,32dc1260-9876-4bd0-81ba-d64a984be68e,70944bdb-26a5-44e3-90ee-7a92a09151e0
3095a1ad-ace0-4011-8593-4ec85dabf052,1d2c4367-4888-4c21-aca8-1387afcf49bd,97674900-4651-4367-8bdc-43184d85a3d2
80c1a340-bd75-4afa-88a2-cdabb5772bc4,e6c03597-7a69-44f9-b9d4-56b4e1b21a82,f891b0c3-dd3f-487e-92bd-c6619fe0a8c7
1454bf5a-bc0a-47c6-9662-e499b4425bca,5bccd8da-e8aa-4985-89f1-46fe9baa5d1e,f891b0c3-dd3f-487e-92bd-c6619fe0a8c7
49c56b0f-010d-478a-be5e-fc6dbb45bfb7,19b37ff5-ad45-4f67-9b4b-d7c88e2b1d66,a1a27485-7134-4c2a-b80b-3657117b355b
de055afc-4521-4a12-abb5-e85d2afd5ef9,4e461cad-7a68-4818-b4cf-3a224888cea1,a1a27485-7134-4c2a-b80b-3657117b355b
391bb90b-0b49-4f30-88d5-6d7c97b1e5f6,f2daa76f-802e-4f54-bb78-21ed6f1eb5f0,f891b0c3-dd3f-487e-92bd-c6619fe0a8c7
13042d71-3a59-4a5b-a408-c134260803d4,3f39ae80-5ce0-4dc6-a96b-188b4cb0773c,12fe28bf-81e0-4489-9a18-e2a30e614bcd
0e55ef22-2653-47a6-a234-98616d94011c,81242236-d835-4361-bbe8-8dbe5111587c,f891b0c3-dd3f-487e-92bd-c6619fe0a8c7
a80266c3-57a0-4691-8fae-63af49b92b70,3f147246-ffb0-4b5f-8a7d-befa51cb7371,12fe28bf-81e0-4489-9a18-e2a30e614bcd
1f27eecc-6862-45f8-bb24-6dce572e6fa3,48021f3c-7201-407d-a197-f09c5fd51f4b,f891b0c3-dd3f-487e-92bd-c6619fe0a8c7
cb413101-d2d3-49b4-8d3d-4a52b1139316,58e71b95-4c63-4615-81f1-558863f0f7c0,70944bdb-26a5-44e3-90ee-7a92a09151e0
d197de74-b08e-4c07-85de-fc2b6b628c4b,e5eb90b0-b505-4389-a6d6-1d4a8e3dcabb,12fe28bf-81e0-4489-9a18-e2a30e614bcd
828a719f-07e9-4231-8a86-a684a99a8c26,4ce746aa-28f5-4a00-a911-2a3ed88af63e,f891b0c3-dd3f-487e-92bd-c6619fe0a8c7
b0c13f5d-10fa-4b58-953d-91e987516547,0cc2cc62-f4d0-4dcd-ac73-17c6d67463c8,97674900-4651-4367-8bdc-43184d85a3d2
85249ed8-0d1f-41b7-9981-843318784fff,4a1d2c5b-069a-44c8-a715-715319491123,a1a27485-7134-4c2a-b80b-3657117b355b
f24a10dc-719e-4dc6-a63d-07da3e8420b2,8fd02f1d-e022-40b2-8dc1-9989d5084715,a1a27485-7134-4c2a-b80b-3657117b355b
ab93f3f1-481f-44d3-a117-184d4c1cb0b7,8a334569-2427-4c18-9d60-b3de65497e0c,a1a27485-7134-4c2a-b80b-3657117b355b
8f5cc497-5b84-4f27-a143-05e25a31ac5e,30137445-b4d2-45bf-95c2-9d0db5cc54bd,70944bdb-26a5-44e3-90ee-7a92a09151e0
38f64d23-89f8-412c-bc1f-9d46a5cefba2,2c37bade-c136-48d7-a7b0-e4c2b8e2afa4,97674900-4651-4367-8bdc-43184d85a3d2
1aec718d-323c-4207-a4bf-6915884083b8,45d8b5e8-cc23-4f30-89cc-4bcb023a31a8,12fe28bf-81e0-4489-9a18-e2a30e614bcd
dce06904-7cbc-42d0-ae0c-5d9cfa06dccc,5adccbba-2fb3-4faf-bcac-b8e5fa209bde,12fe28bf-81e0-4489-9a18-e2a30e614bcd
228a9f29-e6fe-4fc6-b547-284cfeaf4dec,f31b9bc2-05cf-4fa1-8a3c-94caadad0afd,f891b0c3-dd3f-487e-92bd-c6619fe0a8c7
a57914e4-4835-4c8e-a2f0-f807128574e3,92781bdb-b49c-4f4a-ae4e-69dac8ab3201,f891b0c3-dd3f-487e-92bd-c6619fe0a8c7
006689d1-9513-4873-88f6-a8e8448c95d9,c5df7f29-753a-4005-9343-c8f73fcb7678,f891b0c3-dd3f-487e-92bd-c6619fe0a8c7
a677c23d-49f4-4563-9a6a-3550107b2f5a,94bef39a-3250-4b3e-959c-673a7608e1c8,12fe28bf-81e0-4489-9a18-e2a30e614bcd
f697c094-c7ec-4deb-be4f-a283e7bb932c,7e4d3cf6-b03a-4e67-a976-82a982f3fe3f,f891b0c3-dd3f-487e-92bd-c6619fe0a8c7
138f995c-f917-41ef-aa46-0e67867bbad4,59b44240-fa93-4a1d-915b-26321d455611,12fe28bf-81e0-4489-9a18-e2a30e614bcd
892f7c4d-5b11-4558-82ab-d8390b5dc272,26b0d4f2-16c0-4a5e-8afd-aca6f5369f9e,f891b0c3-dd3f-487e-92bd-c6619fe0a8c7
dfe009d8-cc1c-43c2-a7cb-74445ba79a10,ddae12cf-4ce1-4092-a4d1-2a8a21fc81a5,f891b0c3-dd3f-487e-92bd-c6619fe0a8c7
665b29a6-b133-4921-a025-5115b4b274a9,cc347ffa-c57f-4d79-a143-07c0b2086ae9,12fe28bf-81e0-4489-9a18-e2a30e614bcd
6a8a9923-7260-40d7-bc36-8a55e3e37512,33dc9f1c-d889-4673-b370-7a4d528eea69,12fe28bf-81e0-4489-9a18-e2a30e614bcd
09c44502-9ba7-4c7e-be2c-97c43d1a9004,6e7ddd9e-8b44-4f44-9f49-fdaf3dceb80b,a1a27485-7134-4c2a-b80b-3657117b355b
add2124b-400a-42ce-a638-6d0348f9320c,7d558003-2679-491b-851e-65a50b7a5795,70944bdb-26a5-44e3-90ee-7a92a09151e0
0d325d30-4331-40d6-8fe3-e89f987b8389,827d036e-d31f-47b3-a253-04fd23d2953e,f891b0c3-dd3f-487e-92bd-c6619fe0a8c7
a32ef57e-358e-4fbb-894c-cdfc287b7ea8,9e52f4df-3a1a-46f3-8b4b-034eddb00d92,12fe28bf-81e0-4489-9a18-e2a30e614bcd
a602bae9-8fd4-45dd-8aef-9d1b1fd1b86f,f965a496-ebd6-4774-b77c-12950e243eaf,f891b0c3-dd3f-487e-92bd-c6619fe0a8c7
1e49f1d3-a9e8-412c-8f7b-846019b4e621,8be7f8ba-613e-4650-9cba-58df10dcfcdf,70944bdb-26a5-44e3-90ee-7a92a09151e0
6e363f09-a134-49c4-992c-59d386a65b98,6e2baa05-8715-4e37-a817-7af530c8477b,f891b0c3-dd3f-487e-92bd-c6619fe0a8c7
ea899784-888a-4c9e-8329-695d76d2a4dd,c9936907-c296-4e55-91c5-7d7e2c280cb4,a1a27485-7134-4c2a-b80b-3657117b355b
0fa7d1e4-56ff-4ddb-9f4e-41d92e310ed3,72e8fd31-2a21-418d-a9a8-8b3d20142476,a1a27485-7134-4c2a-b80b-3657117b355b
be69eecb-4807-471a-871d-6285cb2801c0,8441f018-8c2f-4a67-ae3d-b4c2624345c4,97674900-4651-4367-8bdc-43184d85a3d2
998766c7-eaa7-4a74-9a04-b0d174433f39,b24d85e8-9304-4547-8e9a-935aa74ad352,f891b0c3-dd3f-487e-92bd-c6619fe0a8c7
59c7e6df-a63d-42ad-836d-c21e3c63bed8,26a70456-b5df-49e5-81be-111c7c4bf380,70944bdb-26a5-44e3-90ee-7a92a09151e0
6f64acf4-cddb-4519-aa05-aacbf4c05925,1fc877b6-5f87-47c7-a9eb-acc35dcc2e62,a1a27485-7134-4c2a-b80b-3657117b355b
48c56e42-b5d0-4a27-8c0a-56590cba4b57,d6f0b8f6-a103-4eb3-8f53-9558cf00472c,70944bdb-26a5-44e3-90ee-7a92a09151e0
0762bd99-985b-4037-b345-66941940fbe3,a37074b4-4059-47e8-8660-e6f3e13d9537,a1a27485-7134-4c2a-b80b-3657117b355b
cc36afc5-ad53-4a54-8e75-855f34554499,3568f1b8-f2a3-485e-b0ec-2a1976e8b99d,12fe28bf-81e0-4489-9a18-e2a30e614bcd
a250c289-2f93-4dd2-b562-195ddc775e63,a8d4d473-a8d5-4d6f-bac1-57e93e11a8de,f891b0c3-dd3f-487e-92bd-c6619fe0a8c7
bfd2c566-b4b5-49cf-837b-d6cf53ad51ec,c64b04d3-9e34-4fcb-8387-df2b23baa8eb,70944bdb-26a5-44e3-90ee-7a92a09151e0
0949daab-329b-448b-a91f-e9b349ea892c,7681f208-0b6d-4da4-bfe8-e4bdcfb83600,f891b0c3-dd3f-487e-92bd-c6619fe0a8c7
21544b77-2287-40bf-bd46-fe99b9967967,92cf4d5c-e3a8-4417-8794-bba8baf61187,97674900-4651-4367-8bdc-43184d85a3d2
e2322c6d-0261-4719-8bf0-f8f953f14f3f,c9c0ea42-8cec-40a7-b341-bb8dc9393a54,f891b0c3-dd3f-487e-92bd-c6619fe0a8c7
753bc998-0cfb-4bde-ac7f-d3488bc3631b,a37b70e8-4cbe-4416-a957-f8ef3c835df2,a1a27485-7134-4c2a-b80b-3657117b355b
b1dc12dd-ded6-4f70-af16-181738c69d63,651fa5eb-03c1-4f61-9419-67708bdc225c,97674900-4651-4367-8bdc-43184d85a3d2
3cba6422-fc4d-4d2e-bf85-c3ea135ca9f9,9f9c0d9e-5c61-4cf4-910a-f73e995ed712,12fe28bf-81e0-4489-9a18-e2a30e614bcd
0c78f4dc-259e-41aa-8434-a90e43b78860,e1674769-977f-4472-a40c-ff209fd2bc6b,a1a27485-7134-4c2a-b80b-3657117b355b
cca7d3a9-c329-4d09-92b7-b7d93d9e3149,31ad59da-1eba-423a-91ac-40ec2a654b66,12fe28bf-81e0-4489-9a18-e2a30e614bcd
a4055a18-80b9-4046-a56e-fc0e059d7e2b,11fa5d66-7a8f-47e1-b82e-ddcbbdb9a982,12fe28bf-81e0-4489-9a18-e2a30e614bcd
e5ff413e-2685-499d-8c2d-494a772a7941,0bcf0e60-46e7-43ca-9478-ab5f21401cc9,f891b0c3-dd3f-487e-92bd-c6619fe0a8c7
d9067d45-c9c1-486e-b861-544ba3b8da35,92856968-6428-414d-b42c-fa506b94af01,f891b0c3-dd3f-487e-92bd-c6619fe0a8c7
4de28714-7d25-4a23-a5fe-afff0c78c95c,8e193c9f-ac5c-4010-b313-8255b0b780db,a1a27485-7134-4c2a-b80b-3657117b355b
3fa8fc7b-550d-48d8-b350-ddc9ccdb2182,578bb16e-531e-4032-8cb4-f2e0d438757f,f891b0c3-dd3f-487e-92bd-c6619fe0a8c7
0be820c5-78e7-4f09-a3a2-36e28a72b465,386025cd-30f7-4e01-9baa-c507752b22d0,70944bdb-26a5-44e3-90ee-7a92a09151e0
b75ae08c-20f3-43d7-8955-c5d4a700c13d,ecd3f4dd-ce1c-40cd-b45f-a1900f08544b,12fe28bf-81e0-4489-9a18-e2a30e614bcd
34964d3c-b366-4acc-860f-4582c8789a2d,7a967769-d15d-42e8-bdd2-5f442ce0972d,70944bdb-26a5-44e3-90ee-7a92a09151e0
ad31451c-e1bd-4c06-ab24-1fe4fbc9c2aa,3869aaa9-7087-44e7-ac8f-c88c1d4076ab,a1a27485-7134-4c2a-b80b-3657117b355b
2f82edf7-bc59-4640-a146-5bc80a116118,caca5f98-b136-4ccc-824a-98d8d38c9b27,70944bdb-26a5-44e3-90ee-7a92a09151e0
804f0a84-c584-422e-8374-424d2bd7ebd5,406293b5-40ef-4af3-9f4c-2fe515930fb5,a1a27485-7134-4c2a-b80b-3657117b355b
136c4b5a-259c-4639-8e3a-eae568c31fa9,0d7f33f5-da85-42ed-bc37-66a8b1ddad4a,f891b0c3-dd3f-487e-92bd-c6619fe0a8c7
04a80c12-ccbd-4ea1-bd95-a6397ec3a93d,f21299df-1235-4153-a1dc-d935318cbb18,12fe28bf-81e0-4489-9a18-e2a30e614bcd
115536de-2914-449c-a69a-433f75f93c70,5b3d7f02-15ff-4a23-aec8-3d69aa951245,70944bdb-26a5-44e3-90ee-7a92a09151e0
47d26098-0cc0-4017-b00f-d2b57535fefb,d0c102a3-8cd0-43ad-b1db-a3871a7ca699,12fe28bf-81e0-4489-9a18-e2a30e614bcd
19de056d-a723-4761-a943-1835e7a49b2f,aa1afdcb-22b9-46da-b8c0-4e64784ccee8,f891b0c3-dd3f-487e-92bd-c6619fe0a8c7
f0541b11-dcd3-47d9-9194-3ca16ef7af66,edc55184-8651-4264-8cce-276ddb33e89d,70944bdb-26a5-44e3-90ee-7a92a09151e0
87eaac14-fc75-4a79-893a-03d869f7ef46,4379bc4b-bdae-44ad-b929-4cee4a1b4ed4,a1a27485-7134-4c2a-b80b-3657117b355b
6a92dace-c3f5-4c93-b479-cf50ae57fcb2,f35be01a-c555-40c4-ba2d-a5647cb195d9,70944bdb-26a5-44e3-90ee-7a92a09151e0
a3219f5a-f079-44c6-97af-b95b7d1eea3d,68d84635-f8eb-4d22-8962-2cedce727dfd,97674900-4651-4367-8bdc-43184d85a3d2
c070fb85-3bc4-45d1-947e-f0adebbc8bf6,8878f572-cf1b-4759-8f19-d44e421a4a99,12fe28bf-81e0-4489-9a18-e2a30e614bcd
6ff0c328-c050-484c-8db3-04864bebd930,86310a1a-a468-4e2f-9606-252c52b3b961,70944bdb-26a5-44e3-90ee-7a92a09151e0
e6149638-85c1-403b-9165-27a3ad99c58b,fc534677-9cd6-4073-b4b6-d380004e79d5,f891b0c3-dd3f-487e-92bd-c6619fe0a8c7
03637bad-034c-4b00-b9f9-6dae76f334a8,263592fb-1a7a-4abb-8d3f-264912ded809,a1a27485-7134-4c2a-b80b-3657117b355b
385eff3f-07f4-4ebc-9a0a-30993de2ebd8,f1eda0e3-a77c-4db1-b13d-b3e93d07d587,70944bdb-26a5-44e3-90ee-7a92a09151e0
7f157690-e77d-4f53-98cb-0ce2a922e5d0,ab7f0fac-5ef9-4190-ac4e-6bf0ba130f0c,f891b0c3-dd3f-487e-92bd-c6619fe0a8c7
46752585-6855-46dc-9b9d-42a8e3b47cb2,656afbd0-161f-46e1-bfe0-941cac7445de,f891b0c3-dd3f-487e-92bd-c6619fe0a8c7
cdd2fa3a-dcf4-48b5-a1c9-d8ab0c28e516,7f85db4b-0a76-44d2-b3ae-a9932a4c0024,97674900-4651-4367-8bdc-43184d85a3d2
b850ecaf-dc12-4345-98a4-95a191a3f30f,a6364e6f-c954-488b-ad6c-f1b4dcab1329,f891b0c3-dd3f-487e-92bd-c6619fe0a8c7
1a81fc6d-2573-46c0-a20b-d9bd0e6cd2ad,e6b20369-de8b-4f02-8cc4-e7267877365f,f891b0c3-dd3f-487e-92bd-c6619fe0a8c7
60297f7d-9b00-4ace-be3a-7042ac922030,6791ea9b-d83b-449d-a230-e9b9197ee3bf,a1a27485-7134-4c2a-b80b-3657117b355b
739aa11b-f532-47b1-bd62-5da0fc3c13bc,fa346b02-efd7-4275-b154-dd6915e364a0,12fe28bf-81e0-4489-9a18-e2a30e614bcd
4072f176-b501-4547-82cd-67da193ca4fb,428b1475-45ac-42a7-b882-175fb962fdcd,f891b0c3-dd3f-487e-92bd-c6619fe0a8c7
23f48229-70c1-4cea-8675-c22defba5966,2ddae26f-b04d-4885-952e-b3c311d031d5,12fe28bf-81e0-4489-9a18-e2a30e614bcd
1800d9e7-bd2b-49ce-8590-a6fe4f5b6ca7,5668e84c-abb2-41c9-b5c9-76820b893cbb,70944bdb-26a5-44e3-90ee-7a92a09151e0
8b1c7121-0633-425b-940d-eeb45ba2debc,06a73b7b-0c65-453d-a3d1-4ae2ab3cf1e6,f891b0c3-dd3f-487e-92bd-c6619fe0a8c7
88f4e7a8-b4dc-40e6-b9e3-a470e4eadddf,e401a99b-e12d-46a6-8ba0-ddebd6067350,97674900-4651-4367-8bdc-43184d85a3d2
100b3f7f-cb69-4f0f-882f-6b5d31f64c72,27bd4335-66e8-4b24-b827-c155526f4484,a1a27485-7134-4c2a-b80b-3657117b355b
d7ae05dc-e955-4f9b-8ca9-b2a7d87c5f4c,853a3b47-ad6e-4a23-b67e-7f39c5e9f546,f891b0c3-dd3f-487e-92bd-c6619fe0a8c7
d9a724c4-f4dd-48bb-b246-c5d0dba669b5,40120c53-9898-47ca-8daa-a0705e4e24fd,70944bdb-26a5-44e3-90ee-7a92a09151e0
c87121a7-ee31-4f01-b344-db3884953d51,15ef4b76-585a-4bdf-81bd-5b73e77694c0,f891b0c3-dd3f-487e-92bd-c6619fe0a8c7
3823b9c1-9e34-4909-89a0-3f2847dcff55,c2116a9f-5c7b-48ef-b6db-f089d87651da,a1a27485-7134-4c2a-b80b-3657117b355b
bf5ab6b5-22d9-4a06-80cd-efb45c85080f,4b4dd19c-8f7c-4c8e-b8d9-b60a70e84a92,70944bdb-26a5-44e3-90ee-7a92a09151e0
e7823777-9369-4599-9d29-fa23a8355814,24c436d0-93da-4c62-99ae-3309cc46cdc5,f891b0c3-dd3f-487e-92bd-c6619fe0a8c7
68dab362-6ca2-4fb9-a92c-6ba9939fa6ec,d6064e08-62bb-4168-b9c3-3d934722c69e,a1a27485-7134-4c2a-b80b-3657117b355b
2a32e1b8-7f3f-4bd7-a379-2a8e6eac37bb,79c7b6be-c162-42a4-9f07-b88a870bd5b8,a1a27485-7134-4c2a-b80b-3657117b355b
92be2952-192c-4464-b4b9-084db1e6e2f9,e90aab27-0ba9-47b2-a4f5-940cdf847ae8,12fe28bf-81e0-4489-9a18-e2a30e614bcd
a48f5285-a184-44f7-bd66-ee21e3be14cc,8ed0cd8c-bd3b-4ce6-98d0-49c034affd03,70944bdb-26a5-44e3-90ee-7a92a09151e0
dae25c57-947b-435c-9416-21333374d708,3f5ae758-120e-4b0c-9d05-ae15238a8e29,97674900-4651-4367-8bdc-43184d85a3d2
c4d4392a-03a6-4c78-afab-8446ff18b01e,6d7c165a-21ff-4b3f-825d-0b16b1ee7b65,a1a27485-7134-4c2a-b80b-3657117b355b
0ae85232-a4f7-474f-b938-47db7533161c,2c4fcd96-32d2-40b5-aa23-177b140a7ebb,f891b0c3-dd3f-487e-92bd-c6619fe0a8c7
fcc15850-33c3-4b78-afae-205707c32ad1,dc69be82-496a-4ede-803f-6ba33587b20d,97674900-4651-4367-8bdc-43184d85a3d2
cce278c1-7413-46dc-8b85-38c927730778,37880e13-cc2f-4ea8-93d1-31809664be4e,70944bdb-26a5-44e3-90ee-7a92a09151e0
42d4b4b2-32dc-46b5-a942-14b4ba43067f,a3784e9d-b6da-40f0-aaaa-2fadf3936810,a1a27485-7134-4c2a-b80b-3657117b355b
9a17aa99-20c5-4b61-9d7b-88de6248c05d,0066f201-35c7-45fb-9a51-01c40a1e15d5,a1a27485-7134-4c2a-b80b-3657117b355b
c7352f99-729c-4369-b10d-603315b4388b,0acdf09d-ba4c-4dd5-bc0b-8481842f2fe3,a1a27485-7134-4c2a-b80b-3657117b355b
107d2340-ef99-4ec1-8405-97f78217f8d3,8295a3f9-e20b-4960-a404-2095ec28d528,12fe28bf-81e0-4489-9a18-e2a30e614bcd
4841e859-53c4-4efd-bf66-f3dd294a1c7b,d77d75b9-ada8-4f0e-bd9a-08c52d11128e,a1a27485-7134-4c2a-b80b-3657117b355b
6f600c3f-d4b9-4bf9-9dc2-6bdc069775b3,652f450b-8cb3-4d35-a304-6e175b25d5bd,12fe28bf-81e0-4489-9a18-e2a30e614bcd
424060aa-885c-40e3-ae13-4747a4ace0b1,80207166-6acd-4bf9-9ccf-22c3ca1cc31d,a1a27485-7134-4c2a-b80b-3657117b355b
bfaacb26-7d6c-4859-8aa1-159eec519fa0,2bb1a889-3224-4ad0-a9ea-50d2f148491c,f891b0c3-dd3f-487e-92bd-c6619fe0a8c7
0e85d962-c6ef-4b22-a011-df111efe9c2e,4966ff4f-6989-44c1-9e84-81794893297e,f891b0c3-dd3f-487e-92bd-c6619fe0a8c7
adfa297b-951f-44f3-b1fd-5b4c42442af4,7128f761-00e2-4a46-a0b4-1eaf575473f3,70944bdb-26a5-44e3-90ee-7a92a09151e0
04b0c5fd-263a-4554-beaa-92f8a9b4fe83,8d688b75-624d-4fb9-b893-3ad0451d77f3,12fe28bf-81e0-4489-9a18-e2a30e614bcd
5d5ce062-e506-4508-a66a-ba58fc099199,20093ca3-90a4-4bc6-a626-06ec8264b4f1,12fe28bf-81e0-4489-9a18-e2a30e614bcd
5a443d2e-6a20-4de3-85af-68fc9cd548cf,3ad19287-bed3-47b2-bbbc-3bc6f0160688,a1a27485-7134-4c2a-b80b-3657117b355b
392c2941-0033-4667-b770-4a7886887f6b,6f565f2e-69e3-4e6f-b267-2b7731156761,12fe28bf-81e0-4489-9a18-e2a30e614bcd
3aa5093e-c453-4f85-b03d-f2e5298aceb6,093911ba-a077-4812-b530-04dd6bb75061,12fe28bf-81e0-4489-9a18-e2a30e614bcd
a6edcd5f-90b7-4ea5-bee3-2838156e9f54,375b0ee4-29b3-4709-bfea-c33c89eae44e,f891b0c3-dd3f-487e-92bd-c6619fe0a8c7
818cd0e5-099b-452a-9b9d-e53cfaf98769,bdaf0238-c5b9-40b4-a58f-8518e40aa115,97674900-4651-4367-8bdc-43184d85a3d2
e01f1bfc-d5e0-497b-a32d-03b3b7f6005d,0f65a0b5-80f2-4e10-8ab5-34ca8c8a9e48,f891b0c3-dd3f-487e-92bd-c6619fe0a8c7
bd9b71bc-c4a9-44fe-b0b3-66c77395fea8,260fc98c-c03d-40f8-909b-932e792def85,a1a27485-7134-4c2a-b80b-3657117b355b
1187d9af-e78f-45f9-8d15-df2a90bf4a54,a91e7d1d-8807-43da-802c-6382407909b3,a1a27485-7134-4c2a-b80b-3657117b355b
9ef1a031-e632-4cc3-bc93-cc0c227b7c71,960b0928-3cd2-4a0b-a84f-07a10dd873a1,97674900-4651-4367-8bdc-43184d85a3d2
318e344a-424a-4305-8b7b-87cbf43c163a,cb92501a-28b9-4822-bf70-c5eaef0d1124,70944bdb-26a5-44e3-90ee-7a92a09151e0
1b1de869-fce6-4bdd-8177-c808cf4e2e7c,e7be33ad-f4aa-4fa7-8a55-9e0e63fc28b8,12fe28bf-81e0-4489-9a18-e2a30e614bcd
1867aea1-e7bc-4dfe-9290-43ba6f6e0c26,5378d3b2-6dbb-4831-ba07-a418327e8c3a,f891b0c3-dd3f-487e-92bd-c6619fe0a8c7
5cab4ee8-2b99-470a-b76a-e0ce5da097fb,36d8c6ed-01b3-4ac3-8816-04b1ab0ded12,12fe28bf-81e0-4489-9a18-e2a30e614bcd
f7be1cd2-1057-4edf-810d-0c853996c898,251ebfb3-a8d4-402b-9d24-0b977e9138a3,97674900-4651-4367-8bdc-43184d85a3d2
7e362e30-8483-48f5-ac5e-b771d9c38ca6,991c68c4-e91a-4331-92f3-25cf02f20f6f,f891b0c3-dd3f-487e-92bd-c6619fe0a8c7
32f744ed-54e8-4faa-86ce-cecce3dfc7e7,e0e09148-0e9a-4683-8505-fd912206ca68,a1a27485-7134-4c2a-b80b-3657117b355b
f43780ca-56c6-42fd-9a78-7de5000ee577,2e346430-d771-4b07-ba73-536629a494b0,12fe28bf-81e0-4489-9a18-e2a30e614bcd
74c6b632-eb08-4392-be98-5c842a0f9a63,457adee6-296e-456d-8ed2-2fb4ce9469b1,a1a27485-7134-4c2a-b80b-3657117b355b
f84ef55a-aa73-4c37-b57d-c2b7fe2f17a5,3235b12b-3be5-4db7-8312-31a1f6c8b88c,a1a27485-7134-4c2a-b80b-3657117b355b
6e594cb7-4d48-4570-9766-87fcacf55885,53327e78-4951-4de8-bbfd-1a8535c52137,f891b0c3-dd3f-487e-92bd-c6619fe0a8c7
e09b87f8-463a-4426-ad3d-614aee61d0b5,39cbd241-1ec5-4ee8-badd-c8152f291058,f891b0c3-dd3f-487e-92bd-c6619fe0a8c7
af11f1e0-0c23-4aac-b70d-8b18afd69ab5,56d8c535-068c-447c-8f08-09be03f30d96,f891b0c3-dd3f-487e-92bd-c6619fe0a8c7
5afc5811-2d6e-455d-b748-df48d89c4d9e,c9c19184-ea79-4273-9b51-d9b21ad945de,70944bdb-26a5-44e3-90ee-7a92a09151e0
024291e6-cc1d-423b-902d-bfa24eec5419,2d4bae09-b0a6-44b3-9831-a72a9665ffde,70944bdb-26a5-44e3-90ee-7a92a09151e0
4ddc9364-395a-4e7f-912f-fc5d62d6a373,7733a06d-51f1-42e5-9612-fa9f21054382,97674900-4651-4367-8bdc-43184d85a3d2
a7d1d092-e2d8-4e81-a2d1-5777927c41d4,fa901a9a-d1dc-4f42-8a7a-982b184bf91f,70944bdb-26a5-44e3-90ee-7a92a09151e0
bf9f2b3f-9224-4881-9a24-77fa176b3411,2087f85b-2738-4880-a131-3e445dd44157,a1a27485-7134-4c2a-b80b-3657117b355b
75087dd4-3e2a-4dca-9401-01103ae9d67e,c931d0e3-5f0d-4d27-aa9c-544459e26dc8,f891b0c3-dd3f-487e-92bd-c6619fe0a8c7
bf38f873-eabd-4c1f-aee2-cee4347f6040,54dd8f07-fd0e-4855-914c-80c2486e41f7,70944bdb-26a5-44e3-90ee-7a92a09151e0
92df3467-07f3-47b1-a887-2f1d13be454e,43dd7044-8c49-4cd7-a51a-65507a7c1a02,f891b0c3-dd3f-487e-92bd-c6619fe0a8c7
24557f25-ca3b-4e55-8fe1-f1011eb0a865,64f99cd3-38cf-4803-b48e-17e3f9bdde8a,f891b0c3-dd3f-487e-92bd-c6619fe0a8c7
38023772-d108-4a5b-8ca9-d6fbb3428015,a2c29c39-9230-4a5c-8cfb-7695fa8c8f87,f891b0c3-dd3f-487e-92bd-c6619fe0a8c7
645ddaba-18d4-4178-9d51-c585f981b3b7,9788caca-6cc1-4ac1-b160-f9643b07eba4,f891b0c3-dd3f-487e-92bd-c6619fe0a8c7
7e16ee96-389a-4ad4-91f0-1a84a43445ca,61982b77-d070-420d-8825-bcbddd113fd2,f891b0c3-dd3f-487e-92bd-c6619fe0a8c7
c2d3f027-b78a-4c9c-a4d6-1c71c92bef7c,ecc0c6b1-2589-44d0-86a2-e65e5df4ec25,70944bdb-26a5-44e3-90ee-7a92a09151e0
225a31e1-ce9e-4797-812c-565febc0771b,dbf63c49-e07b-4aae-a5d6-cd21591d4f94,12fe28bf-81e0-4489-9a18-e2a30e614bcd
b53762c3-71e9-4de2-b71d-99fdf37e92e1,ba663a1d-67ec-470d-8105-3cb11ffad6cf,12fe28bf-81e0-4489-9a18-e2a30e614bcd
b18b88f5-ac18-445c-8736-6ca32032d132,760936a7-96a0-41fa-ba09-bbaf94ef6206,a1a27485-7134-4c2a-b80b-3657117b355b
63636934-f467-4f83-90f7-9a5237bd4cfa,2b4cde1d-f8c4-452d-b102-8efe4a1e3a73,a1a27485-7134-4c2a-b80b-3657117b355b
ccafcb48-3538-47bf-94fd-663b9b65d5af,e96eafa6-1bb6-45e2-9576-1d1525180b12,a1a27485-7134-4c2a-b80b-3657117b355b
ead48648-d7d8-4d63-a6fc-f3e98ceda8dc,2ef1b5a6-6c77-4085-a070-e459d369262f,a1a27485-7134-4c2a-b80b-3657117b355b
be48bf45-37d7-43d1-bec8-298f0f1fa65e,b6d7f376-4845-4b86-9923-9281bb88828d,a1a27485-7134-4c2a-b80b-3657117b355b
d30d9983-5a92-44da-bc74-4774dfd7e3e1,c9086256-76b8-4e57-94c4-84d7d936c7da,70944bdb-26a5-44e3-90ee-7a92a09151e0
f2a16438-0513-49a8-8ad5-c29734312acb,8cb86675-3088-4612-8d79-2236c1bb720c,97674900-4651-4367-8bdc-43184d85a3d2
d1d405fb-5faf-4bd1-95ca-8f8ad44fc595,75558c3d-a2fb-4d61-bd52-eeab39703bc1,f891b0c3-dd3f-487e-92bd-c6619fe0a8c7
9a22a554-f7a6-4ae5-bbbe-4c801feea01c,68056a17-1d36-4265-a110-36cb55de2457,a1a27485-7134-4c2a-b80b-3657117b355b
1ff01446-d87c-4989-9492-be2b96d86fc6,e5e639e2-328a-4066-a98d-03907e097cc2,70944bdb-26a5-44e3-90ee-7a92a09151e0
e161a7b5-c918-4a1f-9f6e-d8fadbb6a534,72dea5f2-99d8-43ac-82dc-8da070791c15,f891b0c3-dd3f-487e-92bd-c6619fe0a8c7
0a966abc-4b53-4cbc-9430-4757b1def117,6f4866cf-15cc-4d63-9b52-0b9608f8168e,97674900-4651-4367-8bdc-43184d85a3d2
dbfd84a8-635c-473d-83ae-fc4423706ecc,1bb5510b-3ab4-4ff9-b8bc-90d46aec6fa9,97674900-4651-4367-8bdc-43184d85a3d2
e226e1a5-79fb-4fcd-a607-7aeeddf14009,816ce9af-35bc-4068-bec4-2c1ad25d21f9,a1a27485-7134-4c2a-b80b-3657117b355b
7a6959b7-40e7-4cf2-8705-c2e03a6bb767,71bd4196-8dc8-4212-bb76-1e231c881f22,70944bdb-26a5-44e3-90ee-7a92a09151e0
e4ced1ae-3c8f-4585-8f06-aad0b22afe70,9a579a53-6f60-456e-a126-2792112bad2c,97674900-4651-4367-8bdc-43184d85a3d2
1ea3b8ef-37c9-470c-ba95-4fee2ff8fa5e,ca7098b8-826e-411f-b86e-1c74f391b968,f891b0c3-dd3f-487e-92bd-c6619fe0a8c7
9d2282b7-b48c-499b-9332-29411415509c,049fcd7a-7756-4a44-8d59-50623d3cad5e,12fe28bf-81e0-4489-9a18-e2a30e614bcd
afa3dcc0-2e09-4e54-be86-c0bf4e7900d8,377aaf63-02ef-40c3-8c4e-42ba65422b82,f891b0c3-dd3f-487e-92bd-c6619fe0a8c7
8f98deb5-c178-41ac-98e1-507874b79861,01f0c378-0ab3-41de-a187-796b262ea172,a1a27485-7134-4c2a-b80b-3657117b355b
13945789-af05-4c2d-b11d-f2f2476ad8f5,020efaa7-fcc6-4958-ba3c-aba5c4870f01,f891b0c3-dd3f-487e-92bd-c6619fe0a8c7
cb24b0dc-28ea-4c76-898a-539331e8a769,8a7cbd8a-c5d5-4a79-8ee2-d950e40bb8c6,70944bdb-26a5-44e3-90ee-7a92a09151e0
606ca1d6-7034-4f99-a70a-f93d87129376,e0cdf93a-1148-4602-86fe-844d7772b81b,70944bdb-26a5-44e3-90ee-7a92a09151e0
9fff354f-cb51-4c80-a45b-da704186c8fd,f6ca675c-7608-4a14-a7ef-97c38fec009d,f891b0c3-dd3f-487e-92bd-c6619fe0a8c7
e8e14ae2-32be-4655-9c5f-37a9bcad124d,26d4d222-9ff1-436e-987d-874459b0555f,70944bdb-26a5-44e3-90ee-7a92a09151e0
ff986a37-daf1-4d53-90bf-fce0d6bcde81,30239008-45bf-4c42-b6be-3728d99b9011,f891b0c3-dd3f-487e-92bd-c6619fe0a8c7
8a4f9cdd-ee64-4ffb-92be-c998aab0f626,72374374-d7f9-4526-a669-4dd36634fa8c,f891b0c3-dd3f-487e-92bd-c6619fe0a8c7
ec84d806-5c15-4e4f-b289-73e48e63e5cf,680d127a-811c-47e2-86fa-b09f6882b578,70944bdb-26a5-44e3-90ee-7a92a09151e0
3ad683eb-ec0b-4eb7-ac77-0599eaddd5b6,351d51f4-0040-4dc7-9eb4-029d0c34857b,97674900-4651-4367-8bdc-43184d85a3d2
7f64cfab-372a-4232-a0bc-dd9fa06d0f9a,c52b6de1-6774-4500-b750-73fa373192c2,f891b0c3-dd3f-487e-92bd-c6619fe0a8c7
f3fccd1d-183f-4358-93c4-36c5c653e1bd,564a8581-b961-4f9b-a801-b4fe15cb7eb2,97674900-4651-4367-8bdc-43184d85a3d2
c413e5d9-2651-487f-b179-f3aef5e029a0,4ab0b2cf-ea19-4cde-969c-7c59971fb2f1,70944bdb-26a5-44e3-90ee-7a92a09151e0
68e435f9-36b0-4c3e-a8bd-b1d14d4de28f,22b1a621-37e3-4123-bdb7-29aa44d4b186,f891b0c3-dd3f-487e-92bd-c6619fe0a8c7
d75f489c-2a5b-4442-a159-2f302ec0d144,9b39731e-6569-4a1d-a2ce-f646b668c2e5,f891b0c3-dd3f-487e-92bd-c6619fe0a8c7
eb804ade-632c-4de1-b134-cf35f49376d9,25e5d81c-d2b3-4ecc-bd9c-7a80e147e6b3,f891b0c3-dd3f-487e-92bd-c6619fe0a8c7
4ed9e17a-99f6-44d7-90e2-bf2aa2f3c4c8,94f23a12-cfde-4269-9897-4d13cbb3d4c8,a1a27485-7134-4c2a-b80b-3657117b355b
efae437b-f337-4d3f-b996-d6f83210a8a9,fdd50dbd-302e-43ea-ab8b-59592c53e5eb,97674900-4651-4367-8bdc-43184d85a3d2
5df2776a-098b-4253-9425-450e0e7f6d1d,c98ab9a2-1a34-438f-8deb-9c48819f0d3f,f891b0c3-dd3f-487e-92bd-c6619fe0a8c7
20dd220c-3ce6-449c-a2b5-780d2738c501,24b9191a-5ab5-4061-a371-7250e4c90234,a1a27485-7134-4c2a-b80b-3657117b355b
50af6ccc-4bae-4945-9f31-c8a62d048530,35044d98-92bb-45f9-a7e6-57a164974d4a,12fe28bf-81e0-4489-9a18-e2a30e614bcd
86ac7a99-b4be-4624-88df-12f27f0266b2,06dc2277-b486-4062-8439-e3a7b62b0d0a,70944bdb-26a5-44e3-90ee-7a92a09151e0
67ac430b-46af-44b0-9ed1-4be9ffd507e3,2887914b-8f0d-45bb-9023-f7c12634f6a7,97674900-4651-4367-8bdc-43184d85a3d2
786de541-a28d-495b-bdee-a05f25ab8255,826c0c0e-a7b6-45fe-98ce-5bba288b967e,a1a27485-7134-4c2a-b80b-3657117b355b
c1b35432-ead7-47cb-a44e-222332d71811,906503e2-5aeb-4cc0-beeb-3532b57ae58f,97674900-4651-4367-8bdc-43184d85a3d2
a436791f-e96f-4270-a818-f41a3e22480e,e1fdc118-d0a0-45c1-a1ea-a0d7b4f2a0eb,a1a27485-7134-4c2a-b80b-3657117b355b
ea850197-cf6f-4bdf-8874-a0eec881f664,5e200cdc-e9c9-427e-a4eb-9dba59f405d4,12fe28bf-81e0-4489-9a18-e2a30e614bcd
10f1c9ff-e8ed-481b-85ea-04c6af15d115,46c6f762-be53-4063-a381-5ec4da33e21d,70944bdb-26a5-44e3-90ee-7a92a09151e0
00a5a98b-b777-46c5-bcb7-f3eadef27607,202fc044-1a82-4d17-8f9a-58560173b7c0,12fe28bf-81e0-4489-9a18-e2a30e614bcd
bbeec9b6-84d7-40c2-8972-6d2a742a18fe,6eae3341-985c-4d2f-a45f-b3634a5219db,12fe28bf-81e0-4489-9a18-e2a30e614bcd
8fe154cf-f1d0-4ff7-8828-a50a6823ef35,893085d1-f017-45cb-9565-08bbee4d98c4,a1a27485-7134-4c2a-b80b-3657117b355b
3b1003f3-1f05-48cc-a574-33fcb63e460e,ccfeed49-f7bf-4eea-84c2-a9e008e96ce8,f891b0c3-dd3f-487e-92bd-c6619fe0a8c7
6f326416-742c-4fee-97f1-ce865976908a,dab7ec06-7c00-454f-89a5-6ba74a9877e1,a1a27485-7134-4c2a-b80b-3657117b355b
c8b3175f-ab8a-4f24-962f-c8b8cd3dbba4,5884ffc2-4e39-48ad-a85c-ab7dee78253b,70944bdb-26a5-44e3-90ee-7a92a09151e0
b0b2ce7b-9f9d-429a-8ce7-adbc12dd6a4d,8ce69b73-0066-4e32-acb7-e00ff2aa6857,f891b0c3-dd3f-487e-92bd-c6619fe0a8c7
e4afc07b-6b18-4de0-a695-5fd75615e73f,19cb5e46-6c12-4f19-8104-f95536b4aa49,12fe28bf-81e0-4489-9a18-e2a30e614bcd
2dfe583a-7653-43ec-a123-05aeed7e8318,f5af53bb-1876-4290-b3f4-c685f63e44b4,12fe28bf-81e0-4489-9a18-e2a30e614bcd
e09f9c15-8521-4cae-b7a5-7d9a161ad433,a52eb276-9cf5-408b-8fbc-3b6382369f67,a1a27485-7134-4c2a-b80b-3657117b355b
4f2057ae-9b7b-4caa-8b39-253e2a6d9373,2d964bfd-b7ae-4246-a3e7-2243fd88a949,f891b0c3-dd3f-487e-92bd-c6619fe0a8c7
10abd547-2703-4932-b14f-71d3d397564b,02b7b4e2-1b1b-4b23-8fbd-d2721c24586b,12fe28bf-81e0-4489-9a18-e2a30e614bcd
18f65cea-f200-403c-a4ae-97ab1aec9b79,33ea9930-a1aa-4498-af95-fc0d94ffa191,a1a27485-7134-4c2a-b80b-3657117b355b
1d0d54d4-6766-47ba-a5aa-80dac380658f,5b5db51f-757c-4635-aa2d-fcba0e6f873c,f891b0c3-dd3f-487e-92bd-c6619fe0a8c7
3399c46b-66c0-4013-9efd-e7caad128074,16126e50-7b69-44b4-9c63-bbd0d0708b86,f891b0c3-dd3f-487e-92bd-c6619fe0a8c7
0c87ed1b-318b-4799-8a65-f3c664cba971,3e87bc38-9f14-4423-9575-940779a2ac3a,12fe28bf-81e0-4489-9a18-e2a30e614bcd
346172ce-ad31-4de1-bdcc-800026d004b3,9506e01e-9f7b-47ca-9de1-6624dceafaf2,97674900-4651-4367-8bdc-43184d85a3d2
0a81a7dc-64e6-4a66-b030-a104c47ee500,2c0ed36d-1fe9-4e99-b0a3-c1cb1b4630ce,f891b0c3-dd3f-487e-92bd-c6619fe0a8c7
129a1377-ce38-4ce8-803c-08627342fdca,61b12269-4334-4c0f-ad01-4fe6d0e9bea2,a1a27485-7134-4c2a-b80b-3657117b355b
3fa74d24-5dca-4e9e-ba59-918ee6b89a37,edcd04b4-7ca0-49e9-82d3-ee7f706827ef,70944bdb-26a5-44e3-90ee-7a92a09151e0
bec811b8-f6d7-4418-87f6-650b18639aa8,31d116f2-e618-4025-bcdf-0dd2c13c39f1,a1a27485-7134-4c2a-b80b-3657117b355b
bb596463-90a8-4d48-b2ec-40f711a52edd,b5599761-f380-4200-af29-feb47f80f428,70944bdb-26a5-44e3-90ee-7a92a09151e0
56d941fe-cb66-4ce2-9db4-220a7c2bc8c3,d8d7dc3a-3a37-4885-ac64-a12a62ae0011,f891b0c3-dd3f-487e-92bd-c6619fe0a8c7
ffaf6a1a-f4d2-4972-b181-fd0b639c6296,6746a36a-cbbd-445e-b087-1b3c3b8523b3,a1a27485-7134-4c2a-b80b-3657117b355b
2da0f0fc-8fb5-4d29-9767-f218dd5bfad2,96d26c36-df4c-43fe-a4a1-df6c811b1e6f,70944bdb-26a5-44e3-90ee-7a92a09151e0
44cc231b-4133-4bcf-a42e-377cd8f31fbe,09d77fb9-c5a4-4fe9-a5eb-52b719fad532,a1a27485-7134-4c2a-b80b-3657117b355b
529eaeed-89e1-46e8-ab1e-dedb1ef6eab0,764739c9-0d54-48ca-a49b-1812fd271fdc,97674900-4651-4367-8bdc-43184d85a3d2
a6e632eb-039b-4e39-ac95-e1876a5134e7,e89e512c-b396-4605-a797-a7f69c75ca59,f891b0c3-dd3f-487e-92bd-c6619fe0a8c7
a0908ec0-ee6a-4fc0-8045-0287f4d3181e,7fd49190-f1fe-43fd-994e-e5fefd1c05f5,97674900-4651-4367-8bdc-43184d85a3d2
3c8f6c54-a740-4286-9c31-aeb92ec3f511,0bba7eb3-90ec-49f0-8840-81aec7e26749,a1a27485-7134-4c2a-b80b-3657117b355b
3d2ed596-4e52-4794-b056-588c469dff13,895c12ad-c05f-49cf-a11c-7fc3cf86eaf6,12fe28bf-81e0-4489-9a18-e2a30e614bcd
2740dcf4-8a20-41ce-aa6a-92bdc4e964f6,44d2eb69-4a16-4f10-8545-93844669967b,f891b0c3-dd3f-487e-92bd-c6619fe0a8c7
881484fd-0c97-4473-bc23-e3702c42f76f,34824212-dcd3-40b8-b89e-435b1100f2e8,f891b0c3-dd3f-487e-92bd-c6619fe0a8c7
5b6d64c2-d9cb-42ba-9d0b-0fe212aa99d1,69042c9b-3ad9-4151-b738-35a021ba0842,70944bdb-26a5-44e3-90ee-7a92a09151e0
c3226b70-41f6-498c-a023-930fa9094d1f,d032c6c2-2fd0-4e9c-b9da-ca8ca068034b,97674900-4651-4367-8bdc-43184d85a3d2
4ce4a6c4-9e28-4291-8cb0-fc10848497de,c3f13e91-fb7f-41a1-86e5-b9a5c7fb5e27,a1a27485-7134-4c2a-b80b-3657117b355b
19844d68-920b-477b-8168-d6edc5c509a0,2d89920d-de02-4913-9073-f443dc448c06,12fe28bf-81e0-4489-9a18-e2a30e614bcd
5993871c-411f-4f1c-82b8-abd90dc33ac4,185e50e7-68dd-4768-a29f-6e47bebd92fd,12fe28bf-81e0-4489-9a18-e2a30e614bcd
267ba5b3-c979-4d80-bca1-1cfd9a82c6ac,51fd9eac-5fd7-4f07-96e0-2411a137058c,f891b0c3-dd3f-487e-92bd-c6619fe0a8c7
2c031957-8c19-4aa0-9d22-2a69482d55c4,7ae2eab2-a9c1-4c19-bea0-834499e5df69,a1a27485-7134-4c2a-b80b-3657117b355b
425b3d7c-56cf-4639-883f-5d6d4ce50889,c2558728-1d49-42d7-a801-38feaf80071c,f891b0c3-dd3f-487e-92bd-c6619fe0a8c7
aaff43b6-e004-45c3-8354-bd1350a2fc11,a0dde96c-10a0-4ced-9f8f-11b2003a0203,12fe28bf-81e0-4489-9a18-e2a30e614bcd
f3612f34-1783-4035-9aa4-aa06d74cc026,a45c587f-7b2d-4571-b407-429adc51425f,f891b0c3-dd3f-487e-92bd-c6619fe0a8c7
5559be55-61d1-48ea-aaac-7722ac5649b9,de40d2e1-15c8-467d-81e7-55e96a6b364e,a1a27485-7134-4c2a-b80b-3657117b355b
69e9dc89-b41b-429d-8306-336ab0c8b857,ca3dc6e3-65b5-40f7-b42d-4c412fe975c5,f891b0c3-dd3f-487e-92bd-c6619fe0a8c7
1a004236-2f04-4839-9651-bf051acfe1d3,c1b52507-cd5c-4c5c-836e-5f6f457879ef,97674900-4651-4367-8bdc-43184d85a3d2
6ab7520d-2545-42e1-a8e4-1ff60f0e6459,83d5a920-3828-4bdb-976c-ff0a1fe6b181,f891b0c3-dd3f-487e-92bd-c6619fe0a8c7
949ecb5a-baf3-49b6-8078-9f170893df70,4d68e702-ea3d-47de-bcf8-43f9f2deab6e,12fe28bf-81e0-4489-9a18-e2a30e614bcd
8d6faa3b-ef0c-49e4-8558-94eba3468fc1,b3072df8-816d-4659-97bc-1dfe8052d343,f891b0c3-dd3f-487e-92bd-c6619fe0a8c7
06cf5048-8286-4a1d-9392-504056c36272,29dce178-3afe-491d-95b1-1f1517ddde02,70944bdb-26a5-44e3-90ee-7a92a09151e0
a9ee902d-cf94-4c74-a491-0bb385e88bf5,dee5b00e-1b56-4bfc-b916-1ad3ed662686,f891b0c3-dd3f-487e-92bd-c6619fe0a8c7
d68d5fca-fe71-4446-9b29-21e24b4efc01,ca17fe8b-c622-43c9-860d-fafd51acbd4d,a1a27485-7134-4c2a-b80b-3657117b355b
4e68fcf5-6cb8-4ce4-8393-16e5e5a7c0b7,6cc1e98f-c177-4875-8e4b-ebaab820fa21,a1a27485-7134-4c2a-b80b-3657117b355b
de530d5a-5361-45f9-9bdb-4144b5179959,f511365c-759e-4b26-8c2a-e513ad5595a5,70944bdb-26a5-44e3-90ee-7a92a09151e0
4ea9a93f-49d8-4504-ae9f-365eeb4d32cf,a6bb4327-10db-4a01-a22c-b7233ddcae8f,f891b0c3-dd3f-487e-92bd-c6619fe0a8c7
a4190e38-06eb-4a12-b4ac-a06562449900,faaf7867-3267-42ce-bbf3-e31454ff8e1f,70944bdb-26a5-44e3-90ee-7a92a09151e0
e8412926-a084-4fcb-91e3-77c6b74634db,de1e4a2c-b418-4bfe-bc71-8ab9b0443f81,12fe28bf-81e0-4489-9a18-e2a30e614bcd
f32ad532-4e31-4c03-9763-0fb5521ee2e1,ab058042-02b3-4c75-a181-77857bc27cda,97674900-4651-4367-8bdc-43184d85a3d2
8e7522e4-1e17-4a3e-85cf-5a1111a61852,79100b7f-630c-4141-b887-784c9a3fa40e,97674900-4651-4367-8bdc-43184d85a3d2
ca25cfe7-1920-48d8-a0a2-cd5b8bb9c5bc,ffe4f788-84ec-4bdc-99f7-737f3fd9e86a,70944bdb-26a5-44e3-90ee-7a92a09151e0
a4a9ce33-2aae-4298-b08f-41b9cece8e39,5ad35aee-da16-4236-a9c4-9bdee1bf27e5,f891b0c3-dd3f-487e-92bd-c6619fe0a8c7
23ea8c9b-bdf5-4c3c-8a76-0095e4e247c5,25b76229-349d-4142-8936-69f516839206,97674900-4651-4367-8bdc-43184d85a3d2
7fe0e6fc-4b58-418b-9ac6-b700b6ef098b,9e054e19-1db1-41bf-b549-8b84362ee3ab,f891b0c3-dd3f-487e-92bd-c6619fe0a8c7
abfe0a5f-ea8f-42d9-94fa-87244070bc62,1d41dcde-d14b-47fe-aba0-2533cfc0621d,70944bdb-26a5-44e3-90ee-7a92a09151e0
ac2048a0-cf43-4583-b6bb-0f49037b1bba,27f6ad13-0bb6-40c5-a423-db74874be078,f891b0c3-dd3f-487e-92bd-c6619fe0a8c7
a8729d96-92a8-4477-b5d0-a1254ed80b8e,e8eda98a-9cb3-469b-a061-65e039e3f957,70944bdb-26a5-44e3-90ee-7a92a09151e0
71b89e27-bb72-45e5-9219-f597fe284fe9,70af4b2c-1b5b-450f-b716-acd23018bcac,f891b0c3-dd3f-487e-92bd-c6619fe0a8c7
b3139a73-1121-416b-96c9-48a22c85ed0e,73304baf-7830-4c37-a0bb-39a6b5cc2115,a1a27485-7134-4c2a-b80b-3657117b355b
0060863c-83ab-46fb-a2f2-dd462723634c,137facaa-776b-44ff-a472-4f944597e0f1,70944bdb-26a5-44e3-90ee-7a92a09151e0
40aea53f-0d8d-4e92-a250-287b19715e33,03bd0fcd-c066-47a8-9d0e-d0c5a3d0b477,70944bdb-26a5-44e3-90ee-7a92a09151e0
3aceac0e-99ca-43f5-babe-5969eee86183,ac58cda5-85c8-41e8-81e9-e0e5fe8d679f,a1a27485-7134-4c2a-b80b-3657117b355b
bb2196bd-3acc-47cc-ba92-45fc7a7c643c,c9bb130a-8394-4194-b5d9-00dcaa7a897e,12fe28bf-81e0-4489-9a18-e2a30e614bcd
eb8a9234-25b6-4c7b-9082-9d96fbe2e03e,3f4cf725-e660-4ab1-8c1d-c263ee1c4df0,70944bdb-26a5-44e3-90ee-7a92a09151e0
8e1eec73-3cd6-4809-a72c-57c2c493d057,03d94eda-e918-4686-85a4-e5075aae56c3,12fe28bf-81e0-4489-9a18-e2a30e614bcd
3e7b3e3c-5a69-4d3e-8d5c-8c667379db61,a0a3156c-5a10-4982-8725-3833b1a63001,70944bdb-26a5-44e3-90ee-7a92a09151e0
eb65e510-db49-4df2-b3d7-ff761f893985,c26643a0-4dbf-4940-8007-a3391a1f5afe,f891b0c3-dd3f-487e-92bd-c6619fe0a8c7
3bc1bdaa-ff4e-4c6c-8eca-c9020852f12e,687ebb2e-f49d-461c-8635-a088cc99ce99,f891b0c3-dd3f-487e-92bd-c6619fe0a8c7
0a1edc4c-1ea6-490b-aea1-fbbac83ede25,348b4773-ead3-4ace-996d-885b7df16547,f891b0c3-dd3f-487e-92bd-c6619fe0a8c7
fe9d05ef-5903-4595-8cbb-2c40fc7ad4ff,679083ab-e519-49d4-a0ef-0377d8d08413,97674900-4651-4367-8bdc-43184d85a3d2
3e386822-983f-4915-b581-685d3434c9aa,35d661fa-404d-46ab-82fd-d070e2f19490,12fe28bf-81e0-4489-9a18-e2a30e614bcd
b13c2b8c-22b3-4428-995a-b95d4e500d68,d737e366-faf5-478d-bf8d-d58af459f732,97674900-4651-4367-8bdc-43184d85a3d2
ebf4471a-d071-4701-b9d7-64f20333272a,0d19b01d-74cf-41c5-bdac-5f351192c6af,70944bdb-26a5-44e3-90ee-7a92a09151e0
f02528ad-9e4f-40bb-a8d4-26f9235a8797,6d4980ab-8730-4eda-a68f-bcb00d0ef056,12fe28bf-81e0-4489-9a18-e2a30e614bcd
3d1cf258-df0d-4187-995d-5254c5950dcf,a5228b9a-9136-474d-937c-6a1a0e06b117,f891b0c3-dd3f-487e-92bd-c6619fe0a8c7
ad413f70-1b1d-4e50-b36c-b8f3c1d7f073,9bdf8aa2-4fbf-4131-aefa-3c20232c3e14,f891b0c3-dd3f-487e-92bd-c6619fe0a8c7
43aa0706-2bcf-4aee-991b-4196ad6bc71a,f8aa36b3-f101-4e55-a0f7-e6643744511f,f891b0c3-dd3f-487e-92bd-c6619fe0a8c7
3d34e9dc-b79c-44e2-9100-12ea97179216,d23f30b9-2261-4230-961f-bb82e49e4f17,a1a27485-7134-4c2a-b80b-3657117b355b
9426b7a2-f34c-4c9f-9272-1259b6315c6d,bcfc92ea-92a1-451a-a64e-26e3efe74a7e,a1a27485-7134-4c2a-b80b-3657117b355b
1583d59b-10a9-4864-a0c9-1550260b6968,cbebc8b2-9902-4d49-864f-9f1545fcd5fa,f891b0c3-dd3f-487e-92bd-c6619fe0a8c7
203b12f5-f08f-4948-8e7c-be2d5d6f4c0f,ad54e28c-f5f9-452e-b77e-6f78a1bc2810,97674900-4651-4367-8bdc-43184d85a3d2
3bfb80ae-53c5-49e2-84e0-283717639800,dd2a4cbe-fd0b-438c-ab08-19ba86b33470,12fe28bf-81e0-4489-9a18-e2a30e614bcd
038bc5df-004f-4483-98e7-fdcffd00add1,bbc91113-f4cc-44d9-b49d-8e670152a2c1,70944bdb-26a5-44e3-90ee-7a92a09151e0
e0f4c184-a857-4354-8ded-a9de9a7feaeb,970126ff-d780-40be-a58c-772ebcb9659e,f891b0c3-dd3f-487e-92bd-c6619fe0a8c7
1b803b2a-1d93-4918-96d8-8d395cc7d5ab,05dd3086-316f-4c47-ae4f-7b03d4a54b68,97674900-4651-4367-8bdc-43184d85a3d2
e8bc9fc0-0326-430e-b53d-41a2d0422d1d,34084546-96ca-458e-bf9a-846d2b1bc0b8,12fe28bf-81e0-4489-9a18-e2a30e614bcd
d2ee009f-572d-4366-b44b-cf852781cdd4,a2f09cbe-5609-4247-8a5b-bdfdf5433c78,f891b0c3-dd3f-487e-92bd-c6619fe0a8c7
b5a92041-6ca8-4dd6-b62c-907df91b481e,2c291e1c-86e5-4443-abf1-26b7c1ad8827,12fe28bf-81e0-4489-9a18-e2a30e614bcd
036d9a7b-62da-4de3-b52d-7163bdf90416,a840e982-f658-490d-b60c-25eacf426fb8,97674900-4651-4367-8bdc-43184d85a3d2
41b44dce-f638-4ab2-b98a-62e450d754aa,81cf1038-f51d-40d9-bf10-a14ffb2f69c8,70944bdb-26a5-44e3-90ee-7a92a09151e0
74c66be0-472d-4c65-9494-f7ff763c1d2b,e5af7783-c867-4e14-a890-3c3fc6291937,a1a27485-7134-4c2a-b80b-3657117b355b
0bcd7c15-39b0-4c01-9078-7cd73061fc92,5510b533-252e-476d-9b07-f6759b21e014,70944bdb-26a5-44e3-90ee-7a92a09151e0
38a0ba73-7087-48f7-aba2-eaf80c4899e0,2c9158a6-0769-4f3a-b627-cb0fe8097f32,70944bdb-26a5-44e3-90ee-7a92a09151e0
f4bb26be-bef6-4a05-b432-ddf15d46c351,7be1a277-a918-4362-bf23-00882dc2ba57,70944bdb-26a5-44e3-90ee-7a92a09151e0
9bac472b-34ad-46ca-817c-145d4b8f323f,8d309523-1437-4c4d-8c33-3cf0d1814afd,97674900-4651-4367-8bdc-43184d85a3d2
891d1366-5b37-4ced-921d-0d566f284595,b0529c5b-2f02-4857-ba18-4d06dab43844,70944bdb-26a5-44e3-90ee-7a92a09151e0
fe97c55a-8e08-40f1-8d85-d28f3d133ee5,3e595f54-7892-407f-a45a-c95564f1f2c7,12fe28bf-81e0-4489-9a18-e2a30e614bcd
45af52d2-2163-44a0-989a-ef93fcebd079,18224232-a426-46d0-ad36-773920e9aec4,f891b0c3-dd3f-487e-92bd-c6619fe0a8c7
a44bf561-fa8f-487d-9759-7ac89a3b7945,862e9909-f221-4a7f-8532-3499d7c5216b,12fe28bf-81e0-4489-9a18-e2a30e614bcd
38037cbc-1bb7-4e60-80aa-fe610fcd3d53,18828244-ab29-421f-9f42-9fbf5231cbbc,a1a27485-7134-4c2a-b80b-3657117b355b
19f33f80-5320-417a-8f45-26e07b9a4500,9bb3a034-8137-4a29-a15b-f2a83ae5cf02,f891b0c3-dd3f-487e-92bd-c6619fe0a8c7
312adb5d-c1a8-4bbe-93c1-f363861ea71f,08d7a642-9c49-449c-a8a9-e1e92aa01ac1,70944bdb-26a5-44e3-90ee-7a92a09151e0
a8d50500-887b-4d17-b802-241a2f40752d,20274b21-96a9-427e-8850-a6920e7f92b5,f891b0c3-dd3f-487e-92bd-c6619fe0a8c7
5242f3c8-b510-4a9b-83a1-57be1537102c,d7dc0f94-797e-48a1-961e-e06171e4fcf0,70944bdb-26a5-44e3-90ee-7a92a09151e0
2821396f-1d94-465c-a475-cb49330d4248,152b9043-1822-4260-a1e5-1ade41f98ba5,f891b0c3-dd3f-487e-92bd-c6619fe0a8c7
1b925f90-9772-4260-8a00-3288ad49c522,7433bd01-a19f-4963-947f-05f6d21277ab,a1a27485-7134-4c2a-b80b-3657117b355b
dee6c627-0f2c-4c0a-a255-3f8976b605d5,a5ea7b39-47fb-411e-9cd6-7d98356577c0,70944bdb-26a5-44e3-90ee-7a92a09151e0
6bb4081e-8707-4b72-84c6-de682bd0f528,725442cb-059e-415b-b971-42f2c67310ee,97674900-4651-4367-8bdc-43184d85a3d2
8347f1d0-f5dc-4004-9625-bd6eac0464af,92b2a726-91fd-45d5-be05-10dd9ff8b565,a1a27485-7134-4c2a-b80b-3657117b355b
bd462357-c871-4318-9fb7-da6d2a969cac,d4fbf18e-196a-413a-8d33-e5dd08bc43db,a1a27485-7134-4c2a-b80b-3657117b355b
ebd0d97e-0f08-4fbf-af19-18b51e8719a0,e527ccfd-1d25-46a7-b044-d7c9998459ad,70944bdb-26a5-44e3-90ee-7a92a09151e0
1d4c48c0-b4db-4133-83dd-af13aed27532,2cc24d2c-22ed-46c4-b7b4-dde2e77315aa,70944bdb-26a5-44e3-90ee-7a92a09151e0
806c43ef-2882-4992-bc3e-471f05a4e643,18877ae4-de79-4552-9a9d-ea9bfcbb607d,97674900-4651-4367-8bdc-43184d85a3d2
9163a313-e6e6-4fe8-9fe2-f390a80908a4,6a8ec3b8-34cb-4e99-b2c7-15f3e1b3d38d,97674900-4651-4367-8bdc-43184d85a3d2
ec4b3d4e-b11b-4f95-b4d6-ecf704735785,71a48a5f-ec97-4450-aeee-55c47710512c,a1a27485-7134-4c2a-b80b-3657117b355b
51a67ac6-caca-4458-a064-b8b49228bfcd,411bb7d3-cdb8-4986-86b0-e3b2868644cc,a1a27485-7134-4c2a-b80b-3657117b355b
829f69ba-e3c0-44e2-9949-9d45a64eab75,3c06437f-0f29-4d2b-a4eb-87111eac51f3,12fe28bf-81e0-4489-9a18-e2a30e614bcd
51fb8d1c-65e8-4cc3-854b-735676bb8f94,2e911002-235e-4c1b-a53b-1c70909e7e1a,70944bdb-26a5-44e3-90ee-7a92a09151e0
85357586-a7cd-469f-a20b-32b7ba6270e2,a1da1a7c-d365-443d-8257-6055d8764d44,a1a27485-7134-4c2a-b80b-3657117b355b
d5a14dda-db38-4424-ae01-8db7c2b4f041,46cc9b5d-1a25-4228-a3e6-75c32688488c,70944bdb-26a5-44e3-90ee-7a92a09151e0
c8ae7b9b-268c-4782-aa74-99fdf2dfad00,13a4053a-57ea-46b4-9fcd-5fc6557d54e8,12fe28bf-81e0-4489-9a18-e2a30e614bcd
2274c6ec-6a04-43ae-9423-eaeb2aa11c06,d642895a-4193-4a22-872f-221396d159f2,f891b0c3-dd3f-487e-92bd-c6619fe0a8c7
5da93d1f-66f6-4f6b-9dbc-70a142aea05c,52a98c91-d53c-4a5a-a05f-468eace5e100,70944bdb-26a5-44e3-90ee-7a92a09151e0
3a3b868f-36db-4b63-aeee-85b030fa55e6,03469c1d-9319-4351-8748-411e3d81f3b6,70944bdb-26a5-44e3-90ee-7a92a09151e0
22c05d88-206b-4db4-b1f5-6df97561e8e8,abb67382-154e-4e56-827c-0508f362ad1f,70944bdb-26a5-44e3-90ee-7a92a09151e0
24bb15e5-481e-4fbe-9320-321af5e18f12,d5e2b7b4-c854-4aeb-b3b5-001c2058f28d,70944bdb-26a5-44e3-90ee-7a92a09151e0
4c549718-14fa-4f9d-b24c-b3a7ea83cc3e,81618f84-c7c1-4e46-9df7-51c6c7a8f933,70944bdb-26a5-44e3-90ee-7a92a09151e0
2cc0b073-8b25-405a-a917-9bce0ce05f07,9a962559-c432-43bd-b32e-e8a40fdc7922,f891b0c3-dd3f-487e-92bd-c6619fe0a8c7
168c0c46-9306-4622-8907-82e808889836,f61725df-25d8-4cfa-8a3c-5b3b21b43cdf,f891b0c3-dd3f-487e-92bd-c6619fe0a8c7
ddaf322d-2479-48f5-a520-aed326749bd9,327cacb1-65dc-4c03-ac8d-4d056b71ccc9,f891b0c3-dd3f-487e-92bd-c6619fe0a8c7
2b2e0925-47bd-4060-9920-2f55ab91af5e,8b399f8c-1250-483b-a779-84ecefb00e4b,97674900-4651-4367-8bdc-43184d85a3d2
c2294f0a-74f9-48a8-8f88-247103fd94fe,1969e0db-c41b-4d15-936f-d132961b14d1,70944bdb-26a5-44e3-90ee-7a92a09151e0
38bc9918-341e-4bcd-8b3d-10f154da3422,10744100-d037-43dc-88db-9049310572e3,f891b0c3-dd3f-487e-92bd-c6619fe0a8c7
dfb319ac-fbf4-41dc-97a3-b3409c517847,5482b352-335c-49c4-960d-935576ea9d7b,12fe28bf-81e0-4489-9a18-e2a30e614bcd
6c3f9a43-746a-45f6-b6ff-9e04a3fa7274,06a57d10-3446-4a1c-aade-cd3e898d6311,70944bdb-26a5-44e3-90ee-7a92a09151e0
bfafabfd-32f3-406b-8220-cce88f51b65d,493c4d0e-06d9-4df4-a786-0f3596927d87,f891b0c3-dd3f-487e-92bd-c6619fe0a8c7
442fb781-06b0-4be5-bdf2-7aba06505073,fe24eeb2-572b-4bd9-9b40-96df1258fde5,f891b0c3-dd3f-487e-92bd-c6619fe0a8c7
d8954166-78ce-4d6a-93b6-bfca08d633c5,6a13576c-2617-4ad8-92fc-aa7e663691dd,12fe28bf-81e0-4489-9a18-e2a30e614bcd
ea6fcc64-cc3c-451f-b2ac-80bdfa5da9cd,58838ec8-8289-4a78-b4a4-7019d49cb79f,70944bdb-26a5-44e3-90ee-7a92a09151e0
44901e5a-036c-4b76-8d6a-2b31355db1e2,17fbc9e8-62f0-4406-ba65-70b808468ff8,12fe28bf-81e0-4489-9a18-e2a30e614bcd
c442a9c7-8e50-417c-b38e-5c3b5f42695c,962c54cf-8522-41d4-8230-40b757e6be53,97674900-4651-4367-8bdc-43184d85a3d2
eabc4276-a836-4345-a23b-7b34c1b3cc7d,c2b18b20-d8bd-4b36-8b16-65af2fa49cd6,f891b0c3-dd3f-487e-92bd-c6619fe0a8c7
d8c32aaa-ce56-46e2-9d66-357981c13c38,37b470d6-b5f1-4749-b331-a0f002848bd5,97674900-4651-4367-8bdc-43184d85a3d2
f8d29876-9486-4f9f-a71f-61b6fd586193,ced23d1a-31b0-40cb-98b2-1453cc83aab2,70944bdb-26a5-44e3-90ee-7a92a09151e0
10a072cd-3b08-498f-b741-7c1f5a54bbf0,abd01abe-494c-44c9-9461-bafabd514595,70944bdb-26a5-44e3-90ee-7a92a09151e0
5ca76b63-50d7-4c40-bdb1-c249c5f1dcb4,5098c6e8-633a-4bae-a54c-82180a7e7a06,70944bdb-26a5-44e3-90ee-7a92a09151e0
0d3cef4c-a15b-49fd-a1c2-09272c1e0eee,f57f4f27-95e8-4622-9321-806e7983a8b0,70944bdb-26a5-44e3-90ee-7a92a09151e0
d28cd3a7-84f3-4a02-91f0-a2a304391d0f,788a6b32-e8f5-4bec-8b0f-9b1343dbe9a2,12fe28bf-81e0-4489-9a18-e2a30e614bcd
6fd86ce3-0653-44f2-8a42-9cbc573ccecb,0ee6b6a3-85fb-429f-b0c2-8b974c948447,97674900-4651-4367-8bdc-43184d85a3d2
3888a769-3367-4617-88c6-4b58a1d99f4d,a6f29393-340c-4520-b3de-5649720d1074,a1a27485-7134-4c2a-b80b-3657117b355b
729f2142-cf19-48c8-be28-db071b33811e,5bda40e0-1fa0-41f9-a402-8784db012706,f891b0c3-dd3f-487e-92bd-c6619fe0a8c7
6ef6fc21-e6d7-4203-a47a-9512cef7c9e7,795331a8-16ae-4406-a076-8006d089cd59,a1a27485-7134-4c2a-b80b-3657117b355b
d137abf1-6234-4049-b2d9-5e7597905d11,49d2e36e-34d9-4598-be6a-c5087063f920,f891b0c3-dd3f-487e-92bd-c6619fe0a8c7
31a4ce40-3ece-4c2f-ae61-d0b5f4df804f,9b24de19-ab9e-4242-b377-56f99b72962d,12fe28bf-81e0-4489-9a18-e2a30e614bcd
8ae035a5-e0fe-4985-a98e-a36fc25d94ae,e4fd83c5-4b54-4d12-ba38-3bd64b996859,a1a27485-7134-4c2a-b80b-3657117b355b
c33171a7-e45f-4bef-b46c-02a610bb3de9,08b4437c-37a7-4d4c-beac-9429fddacf3d,70944bdb-26a5-44e3-90ee-7a92a09151e0
6d2cdebd-a71b-40c7-9ae1-08a6fc36473f,8cfa1cf5-0c39-41a1-bc7a-b128ed0515c4,70944bdb-26a5-44e3-90ee-7a92a09151e0
e943e3fe-accf-4439-a477-4174154a95b3,500032fd-0096-424b-a260-d033ae17799f,f891b0c3-dd3f-487e-92bd-c6619fe0a8c7
2f3cb4af-e860-473e-a11e-1ac690e32a8a,16145218-b252-4aad-aa6d-5c9c75518d86,97674900-4651-4367-8bdc-43184d85a3d2
63dd08a5-d24c-4ea8-bac0-86208419d369,463bca4c-8cef-41a0-9afb-633ae292cba8,f891b0c3-dd3f-487e-92bd-c6619fe0a8c7
c5350b27-55d1-4177-ab66-59a2a495f8c3,c0ad52c2-a94f-4238-b085-a83fdb43b4a8,97674900-4651-4367-8bdc-43184d85a3d2
27efcec7-7673-456d-a7c2-c2aabb0f866d,846adfd7-aee5-47a0-8e01-4b81fb494dd5,70944bdb-26a5-44e3-90ee-7a92a09151e0
5bc2192d-3379-47dc-a255-230c27f55cad,2bb4a69f-d73e-4dd9-93e0-6bbc543b7b51,a1a27485-7134-4c2a-b80b-3657117b355b
5197addc-a3bf-4549-a38c-2bf4285cc8e4,10025341-cda6-4429-a86c-9b33eb6f35ad,f891b0c3-dd3f-487e-92bd-c6619fe0a8c7
74c3a1f7-2235-44b2-8edf-0fe9752b1213,b3257cc2-14d1-4ace-b526-d07b209e9292,97674900-4651-4367-8bdc-43184d85a3d2
03911744-83c3-441b-90cf-b0b8ef643c6d,54320492-1c07-4b4d-b320-dfed9f9bd255,70944bdb-26a5-44e3-90ee-7a92a09151e0
45312f37-8198-47a0-bf6d-e51e21e22ea5,af423040-bd0a-4a8f-b35b-76a0442f4ccb,12fe28bf-81e0-4489-9a18-e2a30e614bcd
34d151c9-6a60-4826-809a-18485cff27c2,b5ff8724-b109-47d8-b3b3-80812c85d161,12fe28bf-81e0-4489-9a18-e2a30e614bcd
78d800fc-0256-4a92-a0b0-33cbf5e864d5,61b819fc-d28e-4eee-827e-2aeb6dc1049d,f891b0c3-dd3f-487e-92bd-c6619fe0a8c7
c3f0dba7-7097-40cd-ba90-2815b78da18d,84f09c4f-3f94-46cf-a75f-46500a7b4bda,f891b0c3-dd3f-487e-92bd-c6619fe0a8c7
28db7e41-d833-4d09-8312-5ed9b93bb3ac,00eac7dd-7dcb-4357-8561-b2660edf66e5,97674900-4651-4367-8bdc-43184d85a3d2
73d5c278-3b65-4bbd-bb4f-1092a0bc7f13,6240d7eb-8e15-480f-87a6-d638c63e48d3,a1a27485-7134-4c2a-b80b-3657117b355b
52e70d13-4334-4a3f-baf5-8066cfd11755,3f8bea54-da22-405e-ac55-385addf68a2d,a1a27485-7134-4c2a-b80b-3657117b355b
c6482fd2-19b1-4bb6-933f-afca2eccad55,7b4ae14c-4074-49b0-96fb-8700cf108358,70944bdb-26a5-44e3-90ee-7a92a09151e0
2c61cf24-61c1-4882-a9b8-6fa7e23b5cfb,4331ea23-b1a5-49d2-9d2b-474782c0fb24,97674900-4651-4367-8bdc-43184d85a3d2
164bb508-2a22-4110-8d98-cb64d8f8b369,58d17d37-8c3c-411a-b4f7-b832ca13d57f,70944bdb-26a5-44e3-90ee-7a92a09151e0
b39e46bf-3778-4910-9841-ff9033852198,8e0a1eb0-1b16-4b18-be0b-17f7e996bd2c,f891b0c3-dd3f-487e-92bd-c6619fe0a8c7
a1f901c5-17bf-478a-b43c-0cb2ae75283e,5e15b58d-6267-4b46-96ba-def8a1032777,f891b0c3-dd3f-487e-92bd-c6619fe0a8c7
97baf4ee-42b5-401f-95a9-95806411cb3d,17806b07-4081-4c96-9232-d382963999cd,f891b0c3-dd3f-487e-92bd-c6619fe0a8c7
2c408179-90d6-4c70-9a2b-7c904702f4f0,3e3800cb-0bcd-41ba-af1c-5157fc81abb0,97674900-4651-4367-8bdc-43184d85a3d2
2078b83e-cba7-48fd-90b3-7118801342bb,9af1aebc-04ef-43b1-8231-d9a0f9aacae2,a1a27485-7134-4c2a-b80b-3657117b355b
dfc07eda-9f6b-4045-b60c-d4c60c0a9b0b,31291fb3-7615-4ae4-9fc5-efdd0a388377,12fe28bf-81e0-4489-9a18-e2a30e614bcd
d38cc895-d177-450e-a7c5-08da2942b070,9c45c045-987b-43d6-beda-7e1cc271d977,f891b0c3-dd3f-487e-92bd-c6619fe0a8c7
e38e954b-0972-4a83-be40-8bd90d8320e5,aa12a76a-4841-455f-9c56-294ac6b6bbd5,12fe28bf-81e0-4489-9a18-e2a30e614bcd
5930b94c-88e6-42dc-95dc-452373f89aa1,2e81137a-1e2e-44e9-ba31-c6c3925961c7,f891b0c3-dd3f-487e-92bd-c6619fe0a8c7
f07c715b-9fd1-4a10-b8e8-d5c21c490bed,8037747c-7317-4715-8491-4b37a4003f54,97674900-4651-4367-8bdc-43184d85a3d2
b1c9d179-d273-41e7-991b-9961fc88f395,b1a649bb-d650-413d-8b82-af73afa5e2e3,f891b0c3-dd3f-487e-92bd-c6619fe0a8c7
0d0d7316-6c27-4a84-ad44-f4743e49aa4a,07871984-86b4-4280-804b-f1fa212c8d64,70944bdb-26a5-44e3-90ee-7a92a09151e0
38fe2f07-7418-43ba-9155-7e21fa504b85,5c85beaa-995a-4fd7-bf0d-688be49785b0,70944bdb-26a5-44e3-90ee-7a92a09151e0
499212e4-c816-432d-b5a9-8f19ab45922b,dbccbf14-305a-4e1c-91ea-e69bfe39678b,a1a27485-7134-4c2a-b80b-3657117b355b
9c782fd7-6719-4622-b7a3-daaac17609df,8a19a6bb-7bb7-4b6b-bee5-963861bb2371,70944bdb-26a5-44e3-90ee-7a92a09151e0
b8a1e8f4-d9e9-46e4-9f03-8ae89066216b,0d7edf4a-c38b-4066-ae70-3e49948a5894,12fe28bf-81e0-4489-9a18-e2a30e614bcd
f7889112-f2f1-4946-bd6e-5e5f27086eda,1413b7fb-6b89-4757-8bfb-e3c4adcfad85,70944bdb-26a5-44e3-90ee-7a92a09151e0
ea4a510b-d579-4434-b9b4-df312ed3cf80,eb46444e-3c5d-4734-a31d-64a05c371bec,70944bdb-26a5-44e3-90ee-7a92a09151e0
27ab2d81-e783-40b6-aac7-3eed4039469e,45e6b44c-b471-460a-8e58-75f675a4777c,12fe28bf-81e0-4489-9a18-e2a30e614bcd
cb88c57f-7024-4411-9035-d1fb41676924,ccfcb5c5-b515-4de2-9a73-ec144722aa62,70944bdb-26a5-44e3-90ee-7a92a09151e0
7352e353-a825-4f54-9944-32253ebc9791,9f8725ef-bc51-4169-8b2f-77a3559c6bf0,f891b0c3-dd3f-487e-92bd-c6619fe0a8c7
19b39c16-77aa-436a-9e78-38df3263a77b,d8607014-3c6e-4a94-bb61-abc186858a26,f891b0c3-dd3f-487e-92bd-c6619fe0a8c7
c44c77dd-f3bb-4df5-815f-b53c7b55bc08,53725961-1ef5-4bf5-8ffa-a3e15bb762bb,70944bdb-26a5-44e3-90ee-7a92a09151e0
34d01c53-8197-4570-ada2-5b63fdef06c3,09f183fa-a0a9-4511-8d81-e1f4b6db586b,12fe28bf-81e0-4489-9a18-e2a30e614bcd
b4185967-86b4-4efb-99df-09b64dd8d7a0,fba2d0e3-748d-4bc4-9f2c-ab3825637d0d,f891b0c3-dd3f-487e-92bd-c6619fe0a8c7
8858eef8-215f-435b-9774-478d126d393d,45a9ef25-3fe4-4fdf-9859-1cac1b5eb485,a1a27485-7134-4c2a-b80b-3657117b355b
8c38a39c-5feb-4d64-9410-1131c0f54ba5,5eca17dd-a1c0-4ff7-bc82-4d2396f22dc3,a1a27485-7134-4c2a-b80b-3657117b355b
63672213-4d21-4801-a537-4f1376f45d98,044fab85-f53c-4bf2-bf75-a6f40a16eb99,f891b0c3-dd3f-487e-92bd-c6619fe0a8c7
d854eb2e-43b2-4255-baa6-93c1f4e759d0,85e63b1f-3fcb-4097-b6d7-ceac6a6d23d5,f891b0c3-dd3f-487e-92bd-c6619fe0a8c7
ac7c7c04-e253-4b10-b23f-c776a4fd39b9,26967c7d-8e87-456f-9479-c50e4e338444,70944bdb-26a5-44e3-90ee-7a92a09151e0
3f079e36-47d1-416e-8e1d-60cf45e8df79,13cfd89d-282d-4556-9a1f-8d03dae44273,70944bdb-26a5-44e3-90ee-7a92a09151e0
d5210125-614c-4c30-a081-a4bc086ca3f4,e25423c2-f0cf-4221-b805-ad5c8c9cfbe4,70944bdb-26a5-44e3-90ee-7a92a09151e0
c94f7fab-f1dc-49b6-9bbf-162bf99b28b4,ae1cc2af-5a02-4a5d-8a76-1fff693efd53,a1a27485-7134-4c2a-b80b-3657117b355b
7d51930d-0dd9-446b-8aaa-5503438fcd71,019403d2-8370-400b-8b17-a9f62ea4d27b,70944bdb-26a5-44e3-90ee-7a92a09151e0
a22489b0-7c6b-4c1d-9500-882de8a322c4,cb5b85fe-ee41-4d1d-9989-f6bf676035b0,a1a27485-7134-4c2a-b80b-3657117b355b
9ce4903c-f26a-4d18-9ce6-31ad3c0419c6,c0fc5913-02cb-4cf2-aaac-7eeab1851d3f,f891b0c3-dd3f-487e-92bd-c6619fe0a8c7
8d986b16-2395-475f-8d49-59ebf7b1b2f6,dbf75df2-a363-4156-863e-7ee6b0fb2c58,a1a27485-7134-4c2a-b80b-3657117b355b
f269f162-f64f-4178-8f38-a0e9f9dfa22e,5918e4da-6a97-4eca-b7b7-379e17644bae,97674900-4651-4367-8bdc-43184d85a3d2
d8b30118-5afe-48c7-bfeb-70a9faf80fe9,2c155c55-ba7c-42ae-8731-5d26c3e225b0,12fe28bf-81e0-4489-9a18-e2a30e614bcd
85e4b98e-13c1-413e-8013-987d10939753,b3d04331-6ddb-46e3-be18-5f6df049a3fd,f891b0c3-dd3f-487e-92bd-c6619fe0a8c7
be78b2b4-aa53-423d-91fc-05447869290d,2c90cca6-7b7a-44b1-8427-73795c994dfb,70944bdb-26a5-44e3-90ee-7a92a09151e0
9e0ccb30-9582-448a-96a4-6982a5379365,c13c9de3-5c99-49f7-9861-08c234e12327,f891b0c3-dd3f-487e-92bd-c6619fe0a8c7
b7bae8dd-61e3-466a-8d54-d4f027b3b36f,acf83653-e9f3-407c-af1f-b165dc8c0fce,f891b0c3-dd3f-487e-92bd-c6619fe0a8c7
8be5d610-77d7-4573-ab9c-45ba2d09ef6a,b26d0b42-7375-472a-aeea-5c519bc817e0,70944bdb-26a5-44e3-90ee-7a92a09151e0
2e182237-7f29-4baf-a04f-20f07bf56efd,2d15734b-417b-4767-becb-99b2e8262e32,f891b0c3-dd3f-487e-92bd-c6619fe0a8c7
054d8368-a22c-4ef4-a98d-880911af4d44,0b9321a3-90d3-4602-898f-53f7e15347f8,f891b0c3-dd3f-487e-92bd-c6619fe0a8c7
b6148761-8b6a-4357-b470-69436af406e4,db3cb792-b398-4f8e-bb05-b0a0b3475dee,12fe28bf-81e0-4489-9a18-e2a30e614bcd
da8f6122-7d0c-4f90-b851-5f7c23e3e749,d0d59b11-27cc-493b-b869-d21601020d05,a1a27485-7134-4c2a-b80b-3657117b355b
e4721431-e628-40c6-b676-03f6396d4cbe,b0f492b5-60f8-43bf-a3fd-16719cdc5339,97674900-4651-4367-8bdc-43184d85a3d2
49da5d4e-09ec-49c4-82e2-0d36661818bd,2207e87b-89b0-4ce3-b4e2-d0c926fc616d,70944bdb-26a5-44e3-90ee-7a92a09151e0
b116c119-ce6b-4dd7-acc9-414ab10ef102,e898ea27-590b-498f-8eb4-e7800b8909f8,70944bdb-26a5-44e3-90ee-7a92a09151e0
a5ecb26e-0724-4340-b490-8788ce16f1ad,90a43f3d-6428-4b10-9ac5-5b81feda1835,12fe28bf-81e0-4489-9a18-e2a30e614bcd
f911eeda-7c62-4219-9a26-0a0518fee6c1,3f663f9d-2780-4b54-812f-12287c6d5135,70944bdb-26a5-44e3-90ee-7a92a09151e0
2e6a65c9-f654-4e67-9aa1-9534392b0aea,c79e4570-509e-48ec-bd68-91ccd802d572,97674900-4651-4367-8bdc-43184d85a3d2
2f97377c-7f4f-4b8e-957e-56ebb4f3ed05,24dd8a74-4dc3-43b1-b0e6-f3f1e0673933,a1a27485-7134-4c2a-b80b-3657117b355b
35963da3-fc80-4f45-a998-279baa6bceab,3bb024b4-8369-4717-8325-d531d1bcd4ad,f891b0c3-dd3f-487e-92bd-c6619fe0a8c7
0832d529-a9d8-4570-9f70-02dc6253d725,7c1ebfdd-f798-4128-b3f8-6dd5027b63b5,a1a27485-7134-4c2a-b80b-3657117b355b
1045b84d-e9d9-440f-bc86-918620926390,7531eaf9-e6e7-4c99-92c5-a84a3760bf42,70944bdb-26a5-44e3-90ee-7a92a09151e0
df9612d3-c403-4e42-9f33-999cdd14b4e9,cace61f1-e714-45a6-bd6e-778764588c6e,f891b0c3-dd3f-487e-92bd-c6619fe0a8c7
b9b80d76-adb7-4a4a-adba-b69b5bb56b6e,337149de-4c81-4646-819b-40b54cebe0e8,a1a27485-7134-4c2a-b80b-3657117b355b
e144c0f3-c5ef-466b-ac54-8196200bedab,fecde4da-cda7-4a26-a311-647da296dd13,f891b0c3-dd3f-487e-92bd-c6619fe0a8c7
c837f8e8-a1bd-4755-b277-58fff4dcf9b9,e2a2e7f4-9c00-45a2-9030-c27c2d25f576,a1a27485-7134-4c2a-b80b-3657117b355b
86642c44-711c-4f99-b6f3-27303e485cad,7f8050b9-c0a4-407c-a6d3-1f97cadfc9bd,12fe28bf-81e0-4489-9a18-e2a30e614bcd
66a5ee19-c614-4253-92df-cb1f6d4a16f5,30c1fe60-859e-4256-a849-fb27b56c7c4d,a1a27485-7134-4c2a-b80b-3657117b355b
2875079e-db90-4e77-ba00-f9482c841874,bca50b74-93d5-46d3-8e18-4b8d91d0feda,f891b0c3-dd3f-487e-92bd-c6619fe0a8c7
e2cd0034-36ee-44fd-ac31-3fdc00d4fbb4,1502634b-2f81-4425-b03e-9e7b01bbc67e,97674900-4651-4367-8bdc-43184d85a3d2
52adab26-4863-4b78-a729-4f73be9d48ab,3cbcc670-516d-4f51-b7fc-98c23a4f5154,f891b0c3-dd3f-487e-92bd-c6619fe0a8c7
4fc994e3-511e-4842-8954-07651e3156f4,d0f61493-f8cf-47d5-a0fb-a6956d2b5b0c,70944bdb-26a5-44e3-90ee-7a92a09151e0
01d5c0e6-335e-4034-8e0d-b32fce7d1453,8b2550f0-8ab3-4527-9189-87308ec35b02,97674900-4651-4367-8bdc-43184d85a3d2
35c7013c-f825-4dab-a957-be2ea965bb7d,5631524b-a226-481d-8ba8-e381027b88cd,12fe28bf-81e0-4489-9a18-e2a30e614bcd
b238dc14-7479-49d3-b455-6374ff335dbe,e2ff0956-38d7-4b99-91ee-42d8b877d8bb,12fe28bf-81e0-4489-9a18-e2a30e614bcd
9a40c649-cb92-47cb-9597-8641367232f5,471b29b9-792e-47ca-a8d9-44c9a746a0c1,97674900-4651-4367-8bdc-43184d85a3d2
1aa0854f-a26b-454d-aa97-df640582be09,916d2836-c1d6-4986-950d-8fcbad725342,a1a27485-7134-4c2a-b80b-3657117b355b
1cc79c2a-ebca-4b7f-9e6e-1f78192d7178,4c590f32-88ea-4887-8808-d6cea43d043a,12fe28bf-81e0-4489-9a18-e2a30e614bcd
727bf220-94e8-4405-969b-ad3721526434,6bcca8dc-45f5-4586-b321-18c1eb9af724,70944bdb-26a5-44e3-90ee-7a92a09151e0
289ffb8c-efb6-4add-b34e-acc5aa6b7749,62939850-d5cf-41ce-9e2c-8994425d6afe,f891b0c3-dd3f-487e-92bd-c6619fe0a8c7
b10c7c81-7c81-4d68-a952-1e59dbeddf42,88d825c8-f945-40b1-8d48-f9c2a9078c48,12fe28bf-81e0-4489-9a18-e2a30e614bcd
1b86fd5e-2598-401f-a233-572ae18483fc,bbb261d0-492d-4f09-86a7-59fc2d2d508b,f891b0c3-dd3f-487e-92bd-c6619fe0a8c7
4cd2b34a-d325-4b22-9407-75a337698bca,cdae6f37-8237-41bc-afd2-d40202719235,a1a27485-7134-4c2a-b80b-3657117b355b
cd4e858d-92c1-4844-9f0f-b282ea279c99,9d2f7191-743f-491f-b18f-c4c1883c97bd,f891b0c3-dd3f-487e-92bd-c6619fe0a8c7
ea2f2788-bb62-4811-91e7-034cf5bf5573,f37f7702-c07c-4704-802d-883803c3eb63,12fe28bf-81e0-4489-9a18-e2a30e614bcd
866e2895-85ef-4bec-9d6b-027663e4e812,dd99c569-1551-4bbd-96ce-ddc05451d844,70944bdb-26a5-44e3-90ee-7a92a09151e0
60ab61e6-5d07-4d90-bac9-baa2d7ae0a37,11cd8dae-bb49-4245-a58c-291a9a2dcb37,12fe28bf-81e0-4489-9a18-e2a30e614bcd
a0426184-5786-494e-b94c-1ba364020a1b,fd258d15-f25d-4a5e-a964-22e1b7c37e07,12fe28bf-81e0-4489-9a18-e2a30e614bcd
7b5cbf4b-16f9-4bc7-b372-2ef6bf73a2ef,9b6472b1-5d6e-46c7-9d81-709b1e541412,f891b0c3-dd3f-487e-92bd-c6619fe0a8c7
3f8fde81-3578-4c1a-845c-a33fd27e7359,ab0c2d95-46e5-48b0-95af-ecbbd952b4b2,70944bdb-26a5-44e3-90ee-7a92a09151e0
56ef8998-4887-4776-a25c-66fbbf603f1a,f7376e90-6d4e-47be-bd6a-59c5da858459,a1a27485-7134-4c2a-b80b-3657117b355b
32b8007c-d0b6-43af-919f-471a97bf26b1,f06b2558-8991-4e12-9672-17a85139599a,70944bdb-26a5-44e3-90ee-7a92a09151e0
a7822895-0f41-4f6f-b438-c8381035b1f9,5852ab75-34ce-4a59-94ab-e920fe56d8dc,70944bdb-26a5-44e3-90ee-7a92a09151e0
d364d351-6242-47ba-8f0c-4e622ecf8661,e0cb8607-8645-4552-af1a-8e562bc86e46,a1a27485-7134-4c2a-b80b-3657117b355b
c4a9961b-f78f-4b9c-ba97-916ee0e6a2c0,d98a3df6-6b6f-47b5-b6d6-66b0bdcbc535,a1a27485-7134-4c2a-b80b-3657117b355b
69da972d-4965-4149-a4e0-c3b7c7278716,9b3f5c51-9254-409e-a3c9-7b63e0cdd3ee,a1a27485-7134-4c2a-b80b-3657117b355b
9ddd7ff3-971a-43d8-88aa-64418c9a4024,1a42af17-8f63-4ed2-8abb-bc60239ad066,f891b0c3-dd3f-487e-92bd-c6619fe0a8c7
ee04ab56-a30e-45ea-a939-4d15c03510b0,d4400c06-da15-4701-8c19-79af137e9bfb,97674900-4651-4367-8bdc-43184d85a3d2
0553adb3-58b4-468d-88e7-0a59357d68af,54c86e17-7cd4-41be-aff1-8ba5e71ce9b9,70944bdb-26a5-44e3-90ee-7a92a09151e0
fef12da3-359f-4985-b9cb-fe4e18456c59,9751fca7-f16d-485f-9090-0fbf2eb8820f,a1a27485-7134-4c2a-b80b-3657117b355b
6efaf5d8-670e-4e2e-8a5b-7a2bd77095dd,df6c5de9-7ff1-47ba-a57e-342254833af6,97674900-4651-4367-8bdc-43184d85a3d2
e2192a5f-9835-4bc5-b442-43d0e9893db7,bd0cbd92-0d65-449d-b7d6-074d33fce494,12fe28bf-81e0-4489-9a18-e2a30e614bcd
2f13af23-fef9-44a6-8838-1bac321c14b0,bd475e81-c5da-438d-8af4-d3411e46fe54,12fe28bf-81e0-4489-9a18-e2a30e614bcd
2819ecd7-4c28-4a7e-87cf-44ff2fac76da,e2880ee0-7f5a-4c2d-ad92-dc3142e5896c,70944bdb-26a5-44e3-90ee-7a92a09151e0
6616a247-faec-4a27-8ffb-34f6269e3620,a5b5a9c7-ebff-4965-a8d3-fe31e5f3fe47,a1a27485-7134-4c2a-b80b-3657117b355b
59ac169c-5bf9-4a86-9bdf-6dc7529483e6,29c67cdd-b333-4434-9a67-487577bda75a,12fe28bf-81e0-4489-9a18-e2a30e614bcd
9dab34c4-a63e-4d9f-b3a9-3f4249b9990a,3f3d1ac8-e9c7-410c-8153-0605b3e5d9ce,12fe28bf-81e0-4489-9a18-e2a30e614bcd
e42b14af-2a27-4bdd-b360-0947b4eba372,3192dca1-eff7-489c-ae22-3478c81e6cdc,f891b0c3-dd3f-487e-92bd-c6619fe0a8c7
54ef43cd-0e50-4196-865f-ace49c4baff4,f6fee124-ec92-4690-bf48-8d3921614034,97674900-4651-4367-8bdc-43184d85a3d2
95579efc-460f-4afc-b464-a2ee5df5c2bd,ae9652e4-9443-4dd6-8fb5-cde7aa29ee0b,a1a27485-7134-4c2a-b80b-3657117b355b
1a8619b2-9e7a-4638-87fb-572005584f85,d69bbbaa-cf0e-442e-87e7-156daaeed9ce,12fe28bf-81e0-4489-9a18-e2a30e614bcd
f90cbedb-7e4e-43b5-9dd9-d65a648838a1,657c8b5c-5072-4c03-a1a5-819b88350abd,f891b0c3-dd3f-487e-92bd-c6619fe0a8c7
cd7a1042-91fd-45e0-9830-2ee18ed0b642,07136255-7e20-4665-a97a-8e487161449d,70944bdb-26a5-44e3-90ee-7a92a09151e0
11117be3-c89a-46cd-8035-9bb2288dead6,7c4a6f10-b7c2-41fe-a221-47b241d0489f,f891b0c3-dd3f-487e-92bd-c6619fe0a8c7
71b5bea2-38a6-4f13-95ab-c2a9cdde9862,a8f882c5-6794-4a71-b035-9f547ff211cb,70944bdb-26a5-44e3-90ee-7a92a09151e0
d09b45c4-0ed7-4ea8-8072-ef114c113580,6be4f9a8-40c4-4417-b3e1-2e5d0339261d,12fe28bf-81e0-4489-9a18-e2a30e614bcd
ff0424a1-f614-4543-af12-948ae9f854f5,85d8a26f-33c5-4cbc-8e15-0d9e5bc5c2c4,a1a27485-7134-4c2a-b80b-3657117b355b
995e7196-854b-41ee-9b72-c46a9b5c7c1d,37242bef-b253-4130-a2d7-5bb36f882ec0,70944bdb-26a5-44e3-90ee-7a92a09151e0
ff825125-b735-4d3a-90f9-5696133fe69c,d931c8d5-9fd1-4612-b2ff-28d9b96d0015,a1a27485-7134-4c2a-b80b-3657117b355b
eb15b5e3-4888-4b3c-8205-553fcb5f0dc4,cd6c71ad-fe15-4154-9fb4-22286c705a56,70944bdb-26a5-44e3-90ee-7a92a09151e0
144ee2e4-fc12-4961-a09d-c286c3cd0fd9,d9933331-88ff-42ca-96fe-acc2772d3c10,70944bdb-26a5-44e3-90ee-7a92a09151e0
46bd27fe-cefb-41db-9c7e-e76ab21baec2,c4f1bbd1-6075-419a-9a1b-1b7cee33602f,97674900-4651-4367-8bdc-43184d85a3d2
d8ec6392-3a8f-4f14-b5e3-3043f1fdb485,11b47c56-938a-4f97-ac41-3e13fcc44fbb,97674900-4651-4367-8bdc-43184d85a3d2
ceb850c7-18cf-4c8b-a13b-f4eb7c052adb,c3a8c716-4e63-4f92-aefd-5c31e3a60512,12fe28bf-81e0-4489-9a18-e2a30e614bcd
53f6d5be-2267-4a8e-a928-875df45d601d,f902d4ae-6ad7-47aa-afae-b8c46fffdcdf,a1a27485-7134-4c2a-b80b-3657117b355b
1051f583-1216-4914-bebe-07ba81024c17,8c3fe695-0278-423e-85a4-bafee57ebbbe,a1a27485-7134-4c2a-b80b-3657117b355b
1cf317e5-2310-4219-aabe-5c4214ca391f,97a7066c-e16c-493e-9d39-68d991e7702e,12fe28bf-81e0-4489-9a18-e2a30e614bcd
17b5b75a-348f-4d30-b89f-515d66b594fc,85f68f89-ac9d-4fb8-85fe-9700789b3cf3,a1a27485-7134-4c2a-b80b-3657117b355b
185dbe2b-6437-40d1-9ada-ec88ff7ef54c,6b1047aa-52ba-4869-a5cc-fbe2a70a21aa,70944bdb-26a5-44e3-90ee-7a92a09151e0
c24ffc90-eda3-42c7-8089-735e794b242a,e24c329e-d55d-41f9-9936-f03937047d14,a1a27485-7134-4c2a-b80b-3657117b355b
e0c739cf-ccfd-47ed-9443-facb16eeb42c,86886de0-1d80-4279-bebc-b21ef97ab164,70944bdb-26a5-44e3-90ee-7a92a09151e0
9f5cadfe-c7be-4192-b8b8-7f1a01fd01e1,216de1dc-6248-4ff0-a7e7-513616f6dba6,f891b0c3-dd3f-487e-92bd-c6619fe0a8c7
6fde83da-223d-4c2b-84cd-91fb211b45da,ed5600d0-37d2-421f-89a2-875b35aded4e,70944bdb-26a5-44e3-90ee-7a92a09151e0
d4401756-efba-4e8a-aa0a-ef9514406079,1dc143e5-5721-4e3f-a9b9-ede492676e24,f891b0c3-dd3f-487e-92bd-c6619fe0a8c7
088fff37-3c01-4411-9cc6-1a8b66d09b55,733f1c83-294d-45fb-8248-2b900a104450,f891b0c3-dd3f-487e-92bd-c6619fe0a8c7
02a7ae99-022d-44c0-9767-f99d74701666,4240fca0-6783-4e79-9294-72b0ce783cfe,70944bdb-26a5-44e3-90ee-7a92a09151e0
4d515443-edda-4365-83ea-910a972c842d,7842feb5-e758-44cd-b73b-8ae08aa33142,12fe28bf-81e0-4489-9a18-e2a30e614bcd
1d4df3d9-3282-41e8-9ecd-c527a5edb798,f2b31bb5-8bd2-4305-8f10-57ddf55255e5,97674900-4651-4367-8bdc-43184d85a3d2
4a67d6d6-694e-4283-91c6-dbcd52c722b3,493f7444-7d99-4915-a26e-d9549bb3877a,f891b0c3-dd3f-487e-92bd-c6619fe0a8c7
3de91dbb-c0d5-4851-90f3-c57dde0affe1,827779bb-073f-4524-a151-78a55360fcdf,70944bdb-26a5-44e3-90ee-7a92a09151e0
986dcba7-adec-42e5-a478-bdc20b77147a,e44ea92e-6e7f-4639-b4f7-5fef740d6899,f891b0c3-dd3f-487e-92bd-c6619fe0a8c7
94c2994c-6f02-4934-8ed5-057b7c94c8ea,6e8f09e6-51f5-4359-aa3c-5564509f87cf,12fe28bf-81e0-4489-9a18-e2a30e614bcd
39b7e488-5a25-474c-a9ab-7cc21b7e9c85,f6d9e3a2-aaf3-4b93-9e2f-98c0beb5177c,f891b0c3-dd3f-487e-92bd-c6619fe0a8c7
50fb562c-8116-4a9c-935f-11cad838e31d,a04cc880-b59a-4fec-a395-9508cfc07c21,70944bdb-26a5-44e3-90ee-7a92a09151e0
072ae727-8b09-4705-808c-36e149053bfa,6d7510cb-849c-4276-8efe-244b2c123297,12fe28bf-81e0-4489-9a18-e2a30e614bcd
b3d14f07-7096-4f90-af66-ad1e64894734,e79fef82-87ac-4085-abe5-f0b5c5d9663a,a1a27485-7134-4c2a-b80b-3657117b355b
d2013255-8716-4310-8cfd-e2a5146d3295,6773d4c2-f52b-45ba-a778-eb33238a1925,70944bdb-26a5-44e3-90ee-7a92a09151e0
8636d371-6143-4e74-bee8-3ac55c845452,f2304f40-59ba-4590-8eb8-ffea4d8f7891,12fe28bf-81e0-4489-9a18-e2a30e614bcd
3d1298d5-d574-4e7a-9166-15faa43d92cd,690417f4-e18c-4bf1-8e7b-fff893f1496a,a1a27485-7134-4c2a-b80b-3657117b355b
a077aa11-dbb6-4a96-8da3-5919c97fb090,0d3d3a80-81f8-44e4-9a5b-29fe9ef7b8ef,f891b0c3-dd3f-487e-92bd-c6619fe0a8c7
b5e068e7-e8a1-4317-8e64-8f1b63f80039,61a30c9c-d276-4990-90b9-f17744bbd1f8,f891b0c3-dd3f-487e-92bd-c6619fe0a8c7
c280450e-3719-458e-8854-bd06d4803319,08906b98-3602-45d9-a5e4-dc9db1a1b76a,f891b0c3-dd3f-487e-92bd-c6619fe0a8c7
2fbc425c-6515-4634-b444-58e6b0dd6af0,a5fd843a-5a95-472c-885a-801c5df50956,70944bdb-26a5-44e3-90ee-7a92a09151e0
b7084472-319f-4e04-907d-d2a242445cdc,cbed3469-e8cd-4101-adc7-bc87a228301f,a1a27485-7134-4c2a-b80b-3657117b355b
b0ede548-a142-4a5d-b57a-31dfb190be7f,0a6feb23-3bd0-4f24-88f5-5a5d062de5b7,a1a27485-7134-4c2a-b80b-3657117b355b
27a14289-94a3-40a2-8d00-dffc08eaf08a,8ae53eaa-2463-4e04-9c4e-7d37be82fc4d,97674900-4651-4367-8bdc-43184d85a3d2
7219d3e4-023f-4122-82f1-2efd408adf78,06f310e4-9e67-4132-859c-ee23ec56f591,12fe28bf-81e0-4489-9a18-e2a30e614bcd
bb30acc5-f7bb-4e62-bbbd-fb1fb297fcb2,7cca874e-27ff-42ca-b365-9f8bc08daf2a,f891b0c3-dd3f-487e-92bd-c6619fe0a8c7
ab954aba-785f-43e5-be2b-16e42c153271,caa50b64-6f55-4877-82d9-8839ca14218d,a1a27485-7134-4c2a-b80b-3657117b355b
4b5b9c0e-a020-4982-81e9-29b8b0d7ffa4,2f6d1b57-32e5-4d71-b4ec-64927f609d87,70944bdb-26a5-44e3-90ee-7a92a09151e0
55d084ce-ab85-46cf-a444-f5de9c776abb,e8b92804-5fdf-409a-8fee-ed6e90de635c,f891b0c3-dd3f-487e-92bd-c6619fe0a8c7
9724b5ec-39cc-4805-a52e-99a7d0e526fb,90b51c2a-6fd6-45aa-bce8-023923095876,a1a27485-7134-4c2a-b80b-3657117b355b
1222cd8f-ffa8-43a2-9c88-9910b69fb70e,1f948a40-40cf-4b95-9214-af24edab339b,70944bdb-26a5-44e3-90ee-7a92a09151e0
80d924a7-3308-4935-b177-5e1352a0797d,e4eb73f6-d1d0-49cb-957d-04050641838a,97674900-4651-4367-8bdc-43184d85a3d2
eb2387b3-6606-4857-bd85-1d4010d7115a,5b205ff2-cf96-468c-97db-5e6321365856,12fe28bf-81e0-4489-9a18-e2a30e614bcd
5f13de15-2263-4858-bc05-428768996e46,3084a123-3300-4a0a-9140-63dcef3cfee9,70944bdb-26a5-44e3-90ee-7a92a09151e0
571e28b6-8073-4f59-ada2-d8043cd1249f,9694b1c7-0a18-42ab-912e-513c68ee2553,70944bdb-26a5-44e3-90ee-7a92a09151e0
775aec4a-8655-4e54-9c0f-a04fc6f54341,5b07f592-ed72-4fff-b6db-239a5ef9c1aa,a1a27485-7134-4c2a-b80b-3657117b355b
7e348e6f-d479-4b21-946d-f881c1889dc5,ceac6a96-aae5-446c-be14-40c3d999413a,70944bdb-26a5-44e3-90ee-7a92a09151e0
5daa1ed9-ad2c-4f8a-a703-da89cbdf0f1e,008e1cbd-64e2-4411-a860-51c7d48737b2,f891b0c3-dd3f-487e-92bd-c6619fe0a8c7
6a8eca50-61d1-4940-98b4-15b35d5dc798,b1618a5b-43c7-49d1-ae1a-233b91c544dd,f891b0c3-dd3f-487e-92bd-c6619fe0a8c7
704991da-28cc-4a45-9302-85ef1c1a974f,4ce8a978-0f4e-4d1e-8dfc-2955999f697b,a1a27485-7134-4c2a-b80b-3657117b355b
1d1b9f66-2b7f-400c-99a9-2bcd22d269dc,5f85154a-1480-4bb9-8917-cc69431b0ce5,f891b0c3-dd3f-487e-92bd-c6619fe0a8c7
8d60ddca-b6ac-4b1e-b27a-bcfd3f3beae0,2e2a8a79-ea3b-481e-8f0f-dd83063610d6,f891b0c3-dd3f-487e-92bd-c6619fe0a8c7
4fbfd214-f290-4cb6-bf20-4003e19e097a,bdd45e53-e354-409a-8c86-4a97d76c40b7,70944bdb-26a5-44e3-90ee-7a92a09151e0
47dfd1c4-1f12-41bb-958e-2eefc862b79c,1b85d126-3bd8-4ee7-a75b-2fd53f8a2c37,a1a27485-7134-4c2a-b80b-3657117b355b
65d8ea4c-2b0a-4b84-9b63-731e4fdcc9f6,710c4668-4bdd-483a-bb81-85bb2b900b41,12fe28bf-81e0-4489-9a18-e2a30e614bcd
ffe506bd-17d5-4c88-a36e-021e67b9a1dd,cc30880f-1570-4d1c-a983-eb38cc7b3e63,70944bdb-26a5-44e3-90ee-7a92a09151e0
e91bdb0d-dadb-4dcb-ad16-af76909c2bb0,5ce0523d-5781-4918-82e7-bccb3d28773e,f891b0c3-dd3f-487e-92bd-c6619fe0a8c7
78a13975-a445-4e17-8f9d-8a5183c6d6cb,9539f48a-6fbd-4646-8251-95e1b92bc986,12fe28bf-81e0-4489-9a18-e2a30e614bcd
b7c14da7-c95d-4a89-a4e1-fc351be029e8,3dffd668-c3c5-42c7-be52-6e52f204e1b5,a1a27485-7134-4c2a-b80b-3657117b355b
12155672-6d79-4bf0-ba4d-fe3d7945e916,4c94057b-c045-42ee-9f7a-b6eaed83cbe9,70944bdb-26a5-44e3-90ee-7a92a09151e0
852682fd-aa28-4ae2-94f8-1ca15ea5cc6f,3482a87d-483e-403b-9eec-1df9f1bb478a,12fe28bf-81e0-4489-9a18-e2a30e614bcd
4ee08fa2-29c8-4d0e-95a2-0e28ad2fe859,fe8dada9-2bb5-49cd-83c3-8bb2540e3755,f891b0c3-dd3f-487e-92bd-c6619fe0a8c7
21b1e189-e78e-423a-a417-df3ebb27292e,a4e97a0a-3753-4b34-bbdf-51e81a267c82,f891b0c3-dd3f-487e-92bd-c6619fe0a8c7
472ef974-35bf-4b7d-8295-635131acf46f,7a189531-db20-4841-ad30-97217115bb89,f891b0c3-dd3f-487e-92bd-c6619fe0a8c7
89421714-509c-4c44-b9c8-bfdf379e6430,d7eadfb5-58c2-4a82-9a44-afb82aed4e6b,12fe28bf-81e0-4489-9a18-e2a30e614bcd
3be11b1f-b74e-4d02-8ed2-2c9d1ee004e8,31e1c7c5-ecf4-4994-bf34-5f7607dd229f,12fe28bf-81e0-4489-9a18-e2a30e614bcd
12df4c81-0143-47d1-bc40-b96fcfc9f653,1462c7b2-97b7-46c0-a4e5-b62490dc5620,97674900-4651-4367-8bdc-43184d85a3d2
3c0a9437-e117-40d2-90f0-280b59ee8175,fb551353-8c0b-498a-989d-6f1f4da93e90,12fe28bf-81e0-4489-9a18-e2a30e614bcd
f21acbf4-5229-4020-ae7e-804e4df1bb50,754405fd-89ed-475c-88c6-98881788a5c4,70944bdb-26a5-44e3-90ee-7a92a09151e0
df1ecd34-0cec-4de7-805f-833b6bf738f5,4a13cfd3-44d4-4308-a892-ac16b0ca0568,12fe28bf-81e0-4489-9a18-e2a30e614bcd
852a27ac-7aaa-44b3-9fc1-812aa4da7990,40eebe46-5751-4b32-b1df-a7cd9e9630ad,f891b0c3-dd3f-487e-92bd-c6619fe0a8c7
425d1261-69cd-4b81-ba3e-8b48a586b2b2,78236cf7-4bc6-43cf-ac40-0e1a8b673c50,f891b0c3-dd3f-487e-92bd-c6619fe0a8c7
e41d907e-b988-4f46-b22d-77cdcb1c60f9,47c9fb27-3f37-4c91-b6e2-a2f2aee12b69,70944bdb-26a5-44e3-90ee-7a92a09151e0
8a7d5507-d33c-43ae-bb90-96cb6fbb5db2,25e81b71-bca5-420c-b0cd-b36e4548f881,97674900-4651-4367-8bdc-43184d85a3d2
393fee64-7968-4391-889b-058b07336e4e,21045d42-3009-42f1-bb93-0aada3cd9ae3,97674900-4651-4367-8bdc-43184d85a3d2
229c45c3-93b1-40bd-ab8b-ead308164e4d,63146eb5-d472-4619-ad53-2899c8720657,a1a27485-7134-4c2a-b80b-3657117b355b
fbe88c6e-3d22-4883-88c8-edb84d83d07a,61de46a7-dedd-4303-bb67-e7659b58c31b,f891b0c3-dd3f-487e-92bd-c6619fe0a8c7
8d8a69a6-0d52-4ad3-932e-3990b57cedce,810a22f8-81b1-4a06-9d47-3cf424c1c152,f891b0c3-dd3f-487e-92bd-c6619fe0a8c7
6d76a5b7-8003-4081-b151-3aa95de751d8,e87e0434-53e0-4569-a0bb-a0cdef4b336d,97674900-4651-4367-8bdc-43184d85a3d2
d90aa8a8-1e94-4c04-8e12-f63da7523cda,679f50cf-090c-4937-8db7-380059530e0c,70944bdb-26a5-44e3-90ee-7a92a09151e0
8ded7e91-f6e9-4bf2-9229-5aba4f03b683,f361dd6f-5c1f-4826-82bb-da812e21e3ee,f891b0c3-dd3f-487e-92bd-c6619fe0a8c7
935b3274-afd2-4c1a-aba1-c4ab3575ea19,2a00fbd1-c214-47bc-b559-f5ce75bcc050,97674900-4651-4367-8bdc-43184d85a3d2
89f988fe-f927-45bc-b93e-b919e90a1abd,9b5fc735-df04-4fbd-8a07-656dcf7e66af,12fe28bf-81e0-4489-9a18-e2a30e614bcd
42095d33-97b4-4993-bdeb-b7154bdaf635,410bc58c-11fb-47bd-a2d3-1ee74d58df49,70944bdb-26a5-44e3-90ee-7a92a09151e0
e3f00fdd-5dc6-42ac-ba17-e10d9520f242,886a6881-9b3d-44e4-9e66-b5146c46f3cd,12fe28bf-81e0-4489-9a18-e2a30e614bcd
09fa900d-51f6-4614-b9b4-2e6e1f286a6b,83c71a7b-4ebc-480f-8e86-0e2565bec245,f891b0c3-dd3f-487e-92bd-c6619fe0a8c7
cceea84b-e168-4a0d-ba19-87a0591763af,2cdc6c2d-41c8-4c26-9363-a9032533b603,70944bdb-26a5-44e3-90ee-7a92a09151e0
dbb6669c-40a6-4fa3-9db7-45127f72082e,9ca0c531-951e-47f9-be6c-624d608d7d42,70944bdb-26a5-44e3-90ee-7a92a09151e0
6d27ae74-2edf-4ba0-bf89-7a1491412d4b,42cebf7a-8b62-4380-9b49-ffee0f1e75f3,a1a27485-7134-4c2a-b80b-3657117b355b
da5dd8cc-da9c-491a-aca9-1ce3b7a62015,d93d5c97-0608-48f3-9e99-ef2c8f5bf143,a1a27485-7134-4c2a-b80b-3657117b355b
c54704d0-44dd-4a17-832f-c469b3b2dad7,d2a8d794-5793-4a7f-ae41-f260cdb40d12,70944bdb-26a5-44e3-90ee-7a92a09151e0
82f11aca-506b-4584-ac16-a74bc77d8a71,0e2244b6-20f0-4fa1-b78f-3605b1f05eb2,f891b0c3-dd3f-487e-92bd-c6619fe0a8c7
eb34e6db-9945-4ce4-a819-44ddbdbd1842,2aa0aeca-16a1-49bd-badf-747286316810,a1a27485-7134-4c2a-b80b-3657117b355b
c80c5d41-0e45-4286-a5d3-ccbeeb5099fc,2c81693c-c4ac-4ed2-b690-07696ab95abb,a1a27485-7134-4c2a-b80b-3657117b355b
8dfad03c-73c1-46f6-812d-0d427e81a086,f7463b5d-d8b0-4176-aec5-45a67c3bb7c7,a1a27485-7134-4c2a-b80b-3657117b355b
c799f473-fed7-417f-a7a3-37d736e30465,045476cf-9f5d-4d4a-8314-56f816ac5af1,f891b0c3-dd3f-487e-92bd-c6619fe0a8c7
b33be2f5-0132-4252-8bd6-f42eabb4dbab,2d15efae-ecb9-4159-82c5-1a01e9146ddd,f891b0c3-dd3f-487e-92bd-c6619fe0a8c7
00cf3bb1-9002-4ef0-b2d6-004040e1056a,3ebbacd1-ca1d-4ee7-9c75-0350c3e43028,70944bdb-26a5-44e3-90ee-7a92a09151e0
2843e14d-534b-494c-92c2-93a6d37103aa,6b323f77-346c-48f3-8df4-a795b8c4497f,70944bdb-26a5-44e3-90ee-7a92a09151e0
5a796354-4167-4ccf-bf69-af120a3550fe,900fce18-a599-4cdc-a538-c093e74436ca,70944bdb-26a5-44e3-90ee-7a92a09151e0
8e739c08-c5b0-46ac-85fc-056669cef515,fb5f1bc9-c243-4224-8aa0-41014ca46309,70944bdb-26a5-44e3-90ee-7a92a09151e0
47c493b8-75c1-4d39-a1af-57410a5da43a,d0687e11-d735-48ae-a079-2317456e8926,70944bdb-26a5-44e3-90ee-7a92a09151e0
7e361b3b-038c-4088-b3e4-676eeee28b34,d42f4f86-3d39-4634-a36a-7fe65986c87c,a1a27485-7134-4c2a-b80b-3657117b355b
c0c2de25-cc39-4894-b7b0-f4464a39137a,f714c4e1-0e48-44be-ac5b-ce187c7b0ac7,12fe28bf-81e0-4489-9a18-e2a30e614bcd
47f1bee3-104d-432f-8f74-e7c765528724,732c533b-2404-4313-941b-f8a5720c615a,a1a27485-7134-4c2a-b80b-3657117b355b
eaa0d705-758a-49cc-8c0b-0ff0d7bb4498,b4ced46e-bb17-4544-bb3d-b72cf056730a,f891b0c3-dd3f-487e-92bd-c6619fe0a8c7
b4f6f0ad-c5b5-4ba8-9dde-ec03ec6b3d2c,46d81e74-5d14-4798-acae-2c84643ade4d,a1a27485-7134-4c2a-b80b-3657117b355b
f79f9d65-1dd2-418a-8f45-25e599b8929d,806ed084-4555-49b9-b794-fcfdd611e87a,a1a27485-7134-4c2a-b80b-3657117b355b
c374f8e9-3894-477e-a264-0c60c0ab908f,609faa7e-c48f-43b0-a485-b07c11566732,a1a27485-7134-4c2a-b80b-3657117b355b
ade33065-a9fb-40f7-9106-b5d23b8bf535,322f100c-adc3-4bfe-97da-3ba69224c44f,12fe28bf-81e0-4489-9a18-e2a30e614bcd
d9a35e4e-2dc5-46c2-afa4-9ad5a90bcd5a,0f517ac3-a3d1-4bb2-984d-ea892d76a5dd,12fe28bf-81e0-4489-9a18-e2a30e614bcd
e9db2b39-636c-4f7e-a161-e5910a4f748d,aafacd4b-2c7f-4d58-895c-c42131cebee1,a1a27485-7134-4c2a-b80b-3657117b355b
195a1315-22cb-454d-9064-672afd0de1d7,3cde9fc6-7f2c-4ba9-9e3a-f3cc86f94fc4,70944bdb-26a5-44e3-90ee-7a92a09151e0
062a11ca-9609-4ee6-935e-71f73c05306f,2955546f-7eac-41ea-bfd7-f67f4b5ce58f,97674900-4651-4367-8bdc-43184d85a3d2
22c1212a-4489-451c-8cfb-9187ab0fdbca,7807183d-7f23-4010-8d2a-bbe98207d639,a1a27485-7134-4c2a-b80b-3657117b355b
e97f9c42-2914-4443-bd9c-7b9116535fb9,47018202-78ea-480f-b6f8-3f07b8d42484,12fe28bf-81e0-4489-9a18-e2a30e614bcd
89ca8ef8-5e37-43c9-b1e2-1d3448ff4f62,ed181e87-fe66-4ec3-8f07-46fc06d2c0e6,12fe28bf-81e0-4489-9a18-e2a30e614bcd
08f157d1-1220-40a2-92ac-e72df6c79c3a,2ae1e1e3-18ea-44af-a7fa-a7c14424a336,70944bdb-26a5-44e3-90ee-7a92a09151e0
dc95b44c-650e-4b60-8fba-5ee3e54f2166,9630fd85-9a76-4eac-b30c-701521b4b926,f891b0c3-dd3f-487e-92bd-c6619fe0a8c7
e7d57344-8f6a-4426-a5f4-d3bcd240c39f,858b1e3d-d6c2-4a61-99dc-b0d3780db143,a1a27485-7134-4c2a-b80b-3657117b355b
a3e94e5d-644b-4365-aadd-3b4d22c7b153,3f0655a0-1a6b-4429-b7eb-9f1918439cdb,70944bdb-26a5-44e3-90ee-7a92a09151e0
81a0d8ca-5186-4481-86b9-7bb094ed3d3b,1aaeed2c-e427-48dc-9948-7556dbd87bfe,97674900-4651-4367-8bdc-43184d85a3d2
d12e619d-7650-4ddc-8d79-08ed107aadf4,6e68e2c3-8e48-405f-9866-3f7326dab192,70944bdb-26a5-44e3-90ee-7a92a09151e0
ccaeb0dd-b053-48d6-8f20-dfb4ab05d346,d0bf1047-767b-49d8-9bea-65269f47d06c,70944bdb-26a5-44e3-90ee-7a92a09151e0
29341f52-f837-4700-8d46-63bf24d3edd7,549cb49a-7682-48e0-adbd-26933cdae024,f891b0c3-dd3f-487e-92bd-c6619fe0a8c7
216c4be8-1c8d-4c0d-bc51-4d16d4d39aef,18960d13-68b9-4bf6-bc93-36944bf52b6f,12fe28bf-81e0-4489-9a18-e2a30e614bcd
bca41d3c-d031-44da-a6d5-1b6d7b0ab975,afb70557-870c-48d3-a39e-27a80812c1b1,97674900-4651-4367-8bdc-43184d85a3d2
cc95b40d-b8c9-429f-8fc5-44b6680bed82,210e2de6-387a-40d2-8832-0f74de79d507,f891b0c3-dd3f-487e-92bd-c6619fe0a8c7
9885f766-66b3-4064-a506-7b0b4fff2d75,cc9b5903-966c-4708-9686-2101ba380355,a1a27485-7134-4c2a-b80b-3657117b355b
7d9c7aac-f161-459f-ac18-0ef88b2d3354,5ed2c6f0-f809-4455-a987-3912d175a1a7,70944bdb-26a5-44e3-90ee-7a92a09151e0
cb8af6b8-fe39-4c3d-a928-4d47f0a7beac,b78283d0-3ef0-4a0d-ae31-cbae8bca4c55,97674900-4651-4367-8bdc-43184d85a3d2
eb46c2ab-3867-4594-aa16-885326f4e97e,4c640f76-fde2-4b08-91b6-34bd97c43bdd,a1a27485-7134-4c2a-b80b-3657117b355b
68f2a463-847b-457c-961b-d2da686a1117,fbb098e7-1408-42c9-8d90-4de955f917f9,f891b0c3-dd3f-487e-92bd-c6619fe0a8c7
7626e160-db24-44cb-85aa-e5ca667d6f8e,75379eee-f313-4294-baeb-b2c7cc50d140,12fe28bf-81e0-4489-9a18-e2a30e614bcd
073c2a57-4bb9-4842-bce4-5ab0541570fd,76e8e11c-b043-44a6-afbb-835318980ba4,a1a27485-7134-4c2a-b80b-3657117b355b
0071f4c4-9741-49fc-ae45-4603c6fca58e,b757b850-f940-4c40-9d2f-0f5ed75801d9,f891b0c3-dd3f-487e-92bd-c6619fe0a8c7
758c229a-78b8-43a9-bef3-59b494e561c2,ba3c1cd6-aa21-44d4-82df-5c1c04ad6c28,12fe28bf-81e0-4489-9a18-e2a30e614bcd
4cbcfa51-a626-4f18-a494-7e4ef4bc8a9b,4a5886c7-8397-4d02-a6db-06ed48fde126,f891b0c3-dd3f-487e-92bd-c6619fe0a8c7
18b01906-6524-40bf-8083-34cfd52c36ad,9820ef87-e1c7-41a0-8c16-ee78b1d339f5,12fe28bf-81e0-4489-9a18-e2a30e614bcd
1521829a-72b3-4670-9944-6b2202018450,fc71f069-1c52-4a68-aed7-46947e8edcc1,97674900-4651-4367-8bdc-43184d85a3d2
48e88807-bb1e-4eb7-8038-acc098236d5a,0ca7542d-241b-4d8c-b9b2-f62dc690517b,97674900-4651-4367-8bdc-43184d85a3d2
68205818-267c-43e6-be1b-21b8863529e0,36876d2f-83de-4b1f-8f67-3b3806b9af3b,f891b0c3-dd3f-487e-92bd-c6619fe0a8c7
3e4cf118-a54e-4b60-ae5a-be8f04c70918,6b29a430-9251-4e48-a367-559517016cc7,f891b0c3-dd3f-487e-92bd-c6619fe0a8c7
43e9db4b-026b-4a59-9d12-4552247c5f63,fba39d31-068d-4dbf-bec7-d423eb0f4a2f,a1a27485-7134-4c2a-b80b-3657117b355b
03f23819-9dd4-4324-a69d-86c1f5eb9eb4,a507a37f-de90-4d7d-9d27-9e8d1a9c2046,f891b0c3-dd3f-487e-92bd-c6619fe0a8c7
661747b7-aeb7-4d68-8892-1edd1912371f,861eb645-eedb-49e3-b6df-619d60cf1e5f,70944bdb-26a5-44e3-90ee-7a92a09151e0
cc987814-da6f-4c84-bf92-ead79e675f63,69a8bafa-45e7-450e-8b5f-c5e4d069bdc3,70944bdb-26a5-44e3-90ee-7a92a09151e0
133e8ee8-99d1-4e34-92e4-0a5621ce0309,734cf9e5-6418-4d4e-9898-e9f4a0b9340d,f891b0c3-dd3f-487e-92bd-c6619fe0a8c7
f06b612d-9af7-4a9d-afbb-145f14d5f101,d81179ca-5c62-40fd-91ce-c475c05e95d9,a1a27485-7134-4c2a-b80b-3657117b355b
20c21f17-a360-47a5-833d-1c937ee4c93f,cd1d923e-c5a8-4c70-92d6-cddd722570bd,a1a27485-7134-4c2a-b80b-3657117b355b
4c507543-ffea-490a-9c91-b92adf8250f5,307d7e9b-af6e-40e3-893d-cca42a5bc6d9,97674900-4651-4367-8bdc-43184d85a3d2
0e8eb262-0d14-47d7-b9ab-98f5a47f8e0b,0cebdbe3-0c0a-4939-93ee-7bd67a4ba9e7,f891b0c3-dd3f-487e-92bd-c6619fe0a8c7
54f5126b-084a-4e6a-b2f4-f59819aeffea,4a1fe12c-5a50-413b-8bc4-6cb47414808a,f891b0c3-dd3f-487e-92bd-c6619fe0a8c7
10cca362-aa24-4bc1-8a52-386cee7065f3,4dd1afcb-eccc-4ec7-a1ea-4d7b205254a9,f891b0c3-dd3f-487e-92bd-c6619fe0a8c7
7ac1acb6-9701-4453-9ced-e658a13470f2,54eaf232-434b-47d3-84e6-98c8fc7f80f9,12fe28bf-81e0-4489-9a18-e2a30e614bcd
63046fb9-e254-41a3-b8e2-801747cf0362,3f7b3417-22e0-493a-907f-a5a71bb3bb26,a1a27485-7134-4c2a-b80b-3657117b355b
d53cb93b-966d-4356-b7af-8a64c73b7272,edfe4edc-94fa-40f3-b63e-11899305c16d,a1a27485-7134-4c2a-b80b-3657117b355b
2001713c-5cb2-47e9-b730-88dba0f214f9,9765d07c-3a94-4216-967f-863c351f427a,f891b0c3-dd3f-487e-92bd-c6619fe0a8c7
7d7a56bc-4b9f-4527-bbe4-06bfa2704809,477514b6-654c-4ca5-9140-91c940b94cf6,f891b0c3-dd3f-487e-92bd-c6619fe0a8c7
615a6b9b-b0e3-487a-9f25-b54692a23209,fd546771-d146-4e8d-84de-73504ef40129,a1a27485-7134-4c2a-b80b-3657117b355b
1036f421-e3d6-4b9e-9eda-28a7f12290ae,8ff57d4e-13ee-4ea2-ab5b-d02ccf0cf995,f891b0c3-dd3f-487e-92bd-c6619fe0a8c7
5071041e-f6a0-4972-9bb0-0c5c88e32f09,cdce4e59-66ee-41ca-80ca-6933ff269b29,f891b0c3-dd3f-487e-92bd-c6619fe0a8c7
55494d29-605e-4e7d-ac17-40af0b1092bc,f06f1001-bc58-4a6e-8881-3719764b96fe,f891b0c3-dd3f-487e-92bd-c6619fe0a8c7
ac4d114f-cd22-4416-a853-c023af6e949f,c85524cf-55e2-402f-97fb-08178622af96,12fe28bf-81e0-4489-9a18-e2a30e614bcd
aea42d2f-5586-4567-b730-f9cfcd1e46fc,47baee61-f1f8-40f3-a8ed-03fdf32fee88,70944bdb-26a5-44e3-90ee-7a92a09151e0
a3f2025f-4bad-4989-b4ef-ee8502a77e5f,9acfcfcc-e2b2-4e56-a7b9-d022cc07a08b,f891b0c3-dd3f-487e-92bd-c6619fe0a8c7
85098d54-990d-43f7-9c83-19026d18cfb6,78d32eed-b15a-4def-b581-28e805f15c87,a1a27485-7134-4c2a-b80b-3657117b355b
483869f6-5ed3-4c60-86dd-6b545de30399,1b948ed3-93b7-4761-a435-aab4082a3b06,97674900-4651-4367-8bdc-43184d85a3d2
ae22c8d4-7489-4bed-9783-959b83deef4d,d3456d6b-649d-48ab-95f8-71faffdccccf,97674900-4651-4367-8bdc-43184d85a3d2
8eb2e484-bdc9-4f24-8c65-bb71ebacbe77,79f592d3-5000-48f0-a15e-4b6c9b7c4d8e,70944bdb-26a5-44e3-90ee-7a92a09151e0
83864713-2f31-4ce6-8553-fd2ded89c9e4,6f517552-196b-4d70-9b41-83fd28ae4aaf,f891b0c3-dd3f-487e-92bd-c6619fe0a8c7
b28b73e1-1443-49ef-b3d1-e906515f3296,f5474591-7c9d-4a3a-9338-9f17a4d03959,f891b0c3-dd3f-487e-92bd-c6619fe0a8c7
cbab4cd4-f021-4d61-8bc4-9a92838d18a6,b09eda63-d820-41b6-bcee-23af65978634,70944bdb-26a5-44e3-90ee-7a92a09151e0
504874e3-7197-42c7-b389-c317df923e78,b9af1925-d727-43b4-b26f-d9eba5db6a22,f891b0c3-dd3f-487e-92bd-c6619fe0a8c7
a0bce886-205f-4189-aee3-7cd2fe2a4270,c72b68c1-2ad0-4000-8d91-312e96da535c,f891b0c3-dd3f-487e-92bd-c6619fe0a8c7
71f68b8c-533e-4125-b171-1eb279ffa8e5,4110523d-1eda-47c4-bfe6-62fcdd50bc3d,f891b0c3-dd3f-487e-92bd-c6619fe0a8c7
cb039ead-a836-4305-a3b9-8cb49bd8501a,8037b499-eea0-4f74-a013-05ee5b80c625,f891b0c3-dd3f-487e-92bd-c6619fe0a8c7
5d29398f-2785-457b-911d-7ea07435e7b6,e2f8daa3-cdd6-497e-86c3-8f8fa1e1fb39,12fe28bf-81e0-4489-9a18-e2a30e614bcd
3cf972b6-bfae-493c-8ff3-4491c8c27e14,60542290-d123-4b2f-a80e-143b5e2694f1,12fe28bf-81e0-4489-9a18-e2a30e614bcd
5553ff36-425d-4bbe-964d-35aaecdd688c,c4d50c4e-9e52-47a4-b9e3-ab3fe3934fa0,a1a27485-7134-4c2a-b80b-3657117b355b
d770cf28-b89a-407a-9bb1-270df912c4b8,8cc08e4d-09e5-434e-a7e8-dd73f32aa1c5,a1a27485-7134-4c2a-b80b-3657117b355b
0f440d77-09b4-4e73-a7d0-298c819526ca,3e448d75-d02c-4d13-8862-1fa8bf6b2af6,97674900-4651-4367-8bdc-43184d85a3d2
6fc5ca7a-03f5-41d4-972b-84617a1d0ef8,ebf3597f-577c-49e4-a3a3-4ec304fac04f,f891b0c3-dd3f-487e-92bd-c6619fe0a8c7
254d8887-8a34-4313-8ae5-4c0732807ac1,b53423b3-9169-47e0-9f69-fa02676a0ff7,f891b0c3-dd3f-487e-92bd-c6619fe0a8c7
a1ae3ddf-b304-4058-af60-e83f0f27e5a4,7229de2f-7304-4aad-8208-6e05117d73e6,12fe28bf-81e0-4489-9a18-e2a30e614bcd
890c22aa-6b26-4b37-a75e-e68c09f8708d,77b0a675-3072-4340-ba09-9d5994ad4454,f891b0c3-dd3f-487e-92bd-c6619fe0a8c7
b9e13030-cfd8-4173-8a8b-dfa22238296f,a9b987d8-4190-4e8e-985f-c584c81e3b3e,70944bdb-26a5-44e3-90ee-7a92a09151e0
46acaf28-7ee8-4dc0-b870-61f847f4dc24,b530f2ce-a39e-4de6-b2d5-6c47ca58f853,a1a27485-7134-4c2a-b80b-3657117b355b
ab8e945d-296e-4b3e-99d1-f4588199b17d,ce22d263-0609-4d5f-bc28-e518bdf03e82,70944bdb-26a5-44e3-90ee-7a92a09151e0
3e588e28-8362-4317-9576-019474522eda,596d8059-4a1a-46c2-883b-2f2b73bd5015,97674900-4651-4367-8bdc-43184d85a3d2
a6f71e89-3d1c-48c0-a126-16fb495d4d37,d24bfa0f-980f-4133-a7e0-b08d81fdfb7d,12fe28bf-81e0-4489-9a18-e2a30e614bcd
b81799fb-8c88-44b1-a8e1-92b0a9b55e30,5c370287-68cf-44ad-a7e9-0f0fc4b46447,a1a27485-7134-4c2a-b80b-3657117b355b
6bd34ace-d800-4722-b8bc-8d5623f86afa,73a83d26-d5fc-4816-8a04-f70fd935f973,70944bdb-26a5-44e3-90ee-7a92a09151e0
c90d44f1-f04b-445c-8a78-9a0faaf5ab38,2202255a-3b3a-4a78-a0bf-54b55ee37610,a1a27485-7134-4c2a-b80b-3657117b355b
b044cc7b-9a27-4b66-8b79-56146d8325d6,bb971fe3-c72d-4569-a332-04b04d129483,70944bdb-26a5-44e3-90ee-7a92a09151e0
e7ea85d8-95fc-4e19-8b43-b01975498dae,9468bcfa-e2b2-4769-b137-b6576097e74d,97674900-4651-4367-8bdc-43184d85a3d2
a1914369-91dd-4ecd-bd11-38f7084ba929,13bc5910-cce6-42c6-a5ad-58e5d9e52b42,f891b0c3-dd3f-487e-92bd-c6619fe0a8c7
8696465d-aa80-40b8-9d8d-ac2801d2df83,63467bab-44be-4f6a-ba14-959231c9f8b5,12fe28bf-81e0-4489-9a18-e2a30e614bcd
48d3e2fd-0d75-4a3b-88ea-53158c58ca73,0d367e48-ebe2-4ffd-8a0c-81982e11845a,a1a27485-7134-4c2a-b80b-3657117b355b
b9ebe1be-3fef-479a-927f-7acb9ef11d69,ab1333e9-3450-42cc-8231-eac667eb6201,a1a27485-7134-4c2a-b80b-3657117b355b
674f77cd-d369-4719-b331-f05f3dc4c44b,fc3b4a09-f3e0-4f9c-8b15-db155c23e6ce,97674900-4651-4367-8bdc-43184d85a3d2
c9110eef-a3e5-4646-ac09-130558d092f8,9dc65bbb-44f9-499f-92d8-5da5d7d13cd6,f891b0c3-dd3f-487e-92bd-c6619fe0a8c7
2abd3f45-f75a-4519-86ff-346e78e71663,a204b32f-f713-40a2-bbd3-785f9e9d08ad,f891b0c3-dd3f-487e-92bd-c6619fe0a8c7
ccdfb802-9ce5-48ae-a9a4-f9c147708b8a,b9560e8a-a463-48ec-ab64-162a674b6c88,12fe28bf-81e0-4489-9a18-e2a30e614bcd
7365bb78-4d31-4160-842e-1cd70f48efde,4cf25908-84b1-474a-aa76-818f7d56ef82,12fe28bf-81e0-4489-9a18-e2a30e614bcd
66ad8598-e00e-430e-a60f-2c599f5a7bac,feba9a9f-fe20-4d93-8d70-88ec129938bf,a1a27485-7134-4c2a-b80b-3657117b355b
baeea2c7-52f5-40fe-b331-6b125a30edb8,95b70f37-59be-47bd-b734-7b4b97da3d52,12fe28bf-81e0-4489-9a18-e2a30e614bcd
222f0ea2-ae70-4f31-9e6b-ea13bf396bac,d4a5983c-b1c5-4e8b-8350-e9aa26a693f5,70944bdb-26a5-44e3-90ee-7a92a09151e0
63f47b03-fa56-4acb-8d6c-2b3a0216ca89,f0429e6c-f958-49c1-960f-4ed92e9bc698,70944bdb-26a5-44e3-90ee-7a92a09151e0
e4a58d8b-5903-45f4-aba8-3a2a5358ac7b,73697892-088c-477b-a0e4-5aae5d0e4149,97674900-4651-4367-8bdc-43184d85a3d2
738b1e53-e626-4079-a133-4388256d72ff,402371b5-c6f3-4fe8-bb36-872967063070,f891b0c3-dd3f-487e-92bd-c6619fe0a8c7
20e062be-09d4-43ec-9c61-168677ea5314,b4969d6c-a8ea-48f2-81c5-6cca7c4e5888,12fe28bf-81e0-4489-9a18-e2a30e614bcd
2efd3130-ec92-4ecc-a8a6-f0611e675646,1ea86e93-b5f9-4647-98c7-31c802513bd1,70944bdb-26a5-44e3-90ee-7a92a09151e0
ca5fdcf1-1a5c-4923-ad03-e3506fc66605,682a0ae0-0542-46b2-8ee1-0fc071cd1890,a1a27485-7134-4c2a-b80b-3657117b355b
3be5fbbd-d9d4-4df5-8a48-361142c6936b,62712073-b660-4144-a37c-b590cf364ea9,a1a27485-7134-4c2a-b80b-3657117b355b
e02803cc-3466-4a5b-8a60-24f6a486f47b,6c222fb2-0437-4e61-a4ea-39bfdb52fe76,f891b0c3-dd3f-487e-92bd-c6619fe0a8c7
cdcdb209-07a7-4cea-abca-762d17f5dd48,11aabd4d-323e-4564-a383-69977fdee495,f891b0c3-dd3f-487e-92bd-c6619fe0a8c7
a8fb5e57-30fe-49ab-b173-e6b1fdd9bfe7,0a47e665-6175-420a-925b-22cc563c71eb,f891b0c3-dd3f-487e-92bd-c6619fe0a8c7
062f4025-7f2a-4b65-b125-8cc1b90a28cf,88b3a718-bbf3-4da3-93a8-1b4fe12e7540,70944bdb-26a5-44e3-90ee-7a92a09151e0
410e0486-41f0-46bf-be05-4b90359549cf,dc489579-6f10-4568-9194-cdf3414345b0,f891b0c3-dd3f-487e-92bd-c6619fe0a8c7
c53e9628-79b9-41b2-870d-4645769dbb0f,1619cefa-844a-4cef-8a9c-47c3c6164304,12fe28bf-81e0-4489-9a18-e2a30e614bcd
b453def2-3ad8-49ca-8cb9-a2ef9adb993c,70b2816e-cfd0-44c3-bfef-5032a6f88cb3,a1a27485-7134-4c2a-b80b-3657117b355b
3c1e9cd1-84fe-4d65-8a02-e1cca9420cd2,49d3bc6d-eaf2-4465-a60c-66ba632564cd,12fe28bf-81e0-4489-9a18-e2a30e614bcd
b0718388-f22b-430f-b32e-ab19ab23cf42,f6f5552d-266e-4626-9723-559884bd25ec,70944bdb-26a5-44e3-90ee-7a92a09151e0
10b92d22-721c-41f4-8ebd-734eebcf0e3b,a9ae9004-c968-4dd4-a33b-54fcc95139b9,f891b0c3-dd3f-487e-92bd-c6619fe0a8c7
65eef2fd-c6a7-4206-8cf7-d4ddb1359046,8347e62b-bcc5-4e86-9cf7-b04dc960f596,70944bdb-26a5-44e3-90ee-7a92a09151e0
893ddeb3-2c1a-4662-8386-f81318a295e6,bd5d710e-7ba2-4cf8-9175-5bc6a8f50ccc,f891b0c3-dd3f-487e-92bd-c6619fe0a8c7
f14bc820-efeb-4da2-b272-210b10858c9b,4b8a7264-c538-4878-a8d7-3bde691f7de3,12fe28bf-81e0-4489-9a18-e2a30e614bcd
d770f789-06ad-4ab4-8528-eda10aaa1d5b,58542a23-bb18-4f29-9023-fe882be9dd59,f891b0c3-dd3f-487e-92bd-c6619fe0a8c7
74c93571-6290-4ba5-b710-01f833de8ae4,6c56dc90-ef03-45d3-98ae-9f821625ae5c,a1a27485-7134-4c2a-b80b-3657117b355b
2aa6151f-2d74-48fe-b040-94465a4d0b5a,3ecc0459-0156-4ddb-829b-dcb10377376f,f891b0c3-dd3f-487e-92bd-c6619fe0a8c7
ba54a821-93a7-47d7-833a-f8ece53f2d00,96c95373-8a94-4bd4-80a2-6c804c625f3f,a1a27485-7134-4c2a-b80b-3657117b355b
9e352fd6-67a0-4048-bd5f-8ae41a466e48,eafe700e-952b-4ddc-a6d1-6f37063927d0,a1a27485-7134-4c2a-b80b-3657117b355b
17602469-dffd-4e87-924f-ebf4802ce44f,f7eb9432-12de-4769-adaf-03e7b9e4c95c,70944bdb-26a5-44e3-90ee-7a92a09151e0
0cb9b9bc-c281-4217-8036-b19e5089c938,63f730b6-555c-498c-9b12-d76ea67aca16,a1a27485-7134-4c2a-b80b-3657117b355b
e9e2bba7-9e82-49be-a444-873c05618b47,809b89eb-97b9-4d59-9de9-41b9afc797db,f891b0c3-dd3f-487e-92bd-c6619fe0a8c7
ac845e8d-ff88-4cc3-9ad9-aba14450f9fa,3e87ec07-6b33-48a3-a3cd-f4cda9e819f9,f891b0c3-dd3f-487e-92bd-c6619fe0a8c7
2d0e9522-1831-42a6-9ed5-d677b1701fd1,4f816d11-3441-411e-9c69-ac49769784f1,70944bdb-26a5-44e3-90ee-7a92a09151e0
f9268365-7c72-49c4-bf36-13a90d9ffbb3,39aaeb3f-07b2-4271-8f42-e91151022ba2,a1a27485-7134-4c2a-b80b-3657117b355b
5bc6e92c-568c-4d81-ab06-2321879b01b0,480da845-5b76-47f0-9942-976194354c47,97674900-4651-4367-8bdc-43184d85a3d2
0ddaf65a-aa4a-41d8-ae11-a14512963484,b332082f-72e9-4486-a1c0-fae74cb2e9ce,a1a27485-7134-4c2a-b80b-3657117b355b
d4f941d2-ef3d-455c-8a57-935530240a12,1095be2e-61b6-4a14-b437-dcca6bf4f524,70944bdb-26a5-44e3-90ee-7a92a09151e0
b85b5737-354e-4ca5-8d08-be916e80ab0b,4517723a-555c-49a1-88b5-846f89584798,a1a27485-7134-4c2a-b80b-3657117b355b
fd5f6e5f-acae-4508-9396-2be6f278cac8,522b347b-8ea9-4f8c-aa23-9a0757aed077,12fe28bf-81e0-4489-9a18-e2a30e614bcd
ddc1f12e-81e3-43b0-9b22-5a86291cadb0,80b92e6d-9fef-40f8-83fc-a272d7c1923b,f891b0c3-dd3f-487e-92bd-c6619fe0a8c7
7d137b68-295d-4a24-a2d8-cdfcf4087d98,9f41c0be-c1d0-4d08-960c-65e1ccbaa54a,f891b0c3-dd3f-487e-92bd-c6619fe0a8c7
e9e7e25a-2c80-4ca9-8810-d58cde9df62a,a5e6e70a-1174-4ed6-a812-3bdb140eb9e8,a1a27485-7134-4c2a-b80b-3657117b355b
535d74d4-ed4b-418b-9e2f-3c591405c121,3f41ea6a-b538-4419-845c-f40d7e4562e5,f891b0c3-dd3f-487e-92bd-c6619fe0a8c7
68779915-311e-4a4f-8efc-2b04aa05c895,c52ea6ab-2bf1-47ce-b804-c797eaf02936,f891b0c3-dd3f-487e-92bd-c6619fe0a8c7
f78eaa9e-a5ff-4240-b29c-4b57d3efd9e1,a278b836-2e7c-4ea4-a985-e7e3ea34b4a8,70944bdb-26a5-44e3-90ee-7a92a09151e0
aa8ec016-33b2-483f-9c73-4092e30f9070,ac700a4d-db5c-412b-adfc-48e0f4e42f99,f891b0c3-dd3f-487e-92bd-c6619fe0a8c7
4d45e3c3-d1a2-4901-a532-7167956804a7,d548c7b3-98a0-4c69-b4bb-30df48da88fb,a1a27485-7134-4c2a-b80b-3657117b355b
72e07801-ad0b-4218-9bcf-45300cd4e283,ff0452c3-6d23-48e2-8fc6-97ab70875829,70944bdb-26a5-44e3-90ee-7a92a09151e0
2247cdbb-c671-4b03-8f85-c870d2130316,37262b27-6a90-4be0-9355-a8ae5e2e87a2,97674900-4651-4367-8bdc-43184d85a3d2
9661f345-e8e0-45fc-9a04-0b83237b42f3,3803df5d-ad53-438f-aadb-31543b4e4c71,a1a27485-7134-4c2a-b80b-3657117b355b
b9dd41c9-7205-4d2d-ad4b-84cca4115f77,471f278c-7a25-49c0-8f09-7d1fb70aacd1,a1a27485-7134-4c2a-b80b-3657117b355b
a114e18c-f8bb-4fdc-97fc-aa4ce9ee6a82,35c7b8ff-c54c-494a-a2d6-99a0d1b58b05,12fe28bf-81e0-4489-9a18-e2a30e614bcd
2d1ce9b2-c703-4fbb-8143-d3812af1bd75,c83cf583-05fb-405b-9d41-61441d12620e,12fe28bf-81e0-4489-9a18-e2a30e614bcd
8878ce27-0f63-4904-b36d-6d709f7690f0,667d9ac4-5a7e-4675-bdd1-41022df15811,a1a27485-7134-4c2a-b80b-3657117b355b
af596fa4-d3e0-4466-a562-b7c68b2a6ea4,f8f324e7-923b-402d-8b59-491230b061eb,f891b0c3-dd3f-487e-92bd-c6619fe0a8c7
f1ed7faf-b739-4677-a431-cf252b1497d0,926ab9f4-72e1-418f-964f-dc0d5b57064d,70944bdb-26a5-44e3-90ee-7a92a09151e0
cea0a0e0-b021-429a-a171-31d1e1829fdf,1be58ff6-4b0b-4b93-a6c3-e142bfae700a,97674900-4651-4367-8bdc-43184d85a3d2
3dddb482-fbe4-4c4f-8eeb-eb2df2253989,ab91a285-c790-4324-9625-b94fc73db256,a1a27485-7134-4c2a-b80b-3657117b355b
bca203a3-2ac4-4793-8491-2c7c8046020f,98e0771d-3fd8-4185-89fa-dcf7f66270b9,f891b0c3-dd3f-487e-92bd-c6619fe0a8c7
0d06cceb-ada2-416d-8790-2ac3da0015a5,8b2f1f26-f64b-4b12-818b-757b1ed76f58,70944bdb-26a5-44e3-90ee-7a92a09151e0
874669a8-ef06-4e5b-b93c-c02b82203612,876b30cc-32b6-4acb-a725-020c187c8fbf,a1a27485-7134-4c2a-b80b-3657117b355b
79cac5ff-9e39-4c6b-ae89-99ddfbd4d5a6,34a4a681-a662-4359-b54b-9f0732041e37,97674900-4651-4367-8bdc-43184d85a3d2
326207f3-3087-4b1d-9137-4afe610d5932,23c4cdc1-9352-4404-be27-cc16d64883bb,f891b0c3-dd3f-487e-92bd-c6619fe0a8c7
38871c58-2f58-44b0-a2c5-7457e343d9b7,c5abf054-7a7d-44af-bb68-30b8f91ad558,70944bdb-26a5-44e3-90ee-7a92a09151e0
2d53ca9a-2e6e-47e3-b7f3-6c7110b1aae0,67340cb5-11c1-4e0b-bde6-80edf9f0cee6,f891b0c3-dd3f-487e-92bd-c6619fe0a8c7
aff02b9a-2d90-44bd-9686-976317cdcdaa,0eb9e012-d807-4ee7-bd45-fffed236b1ce,12fe28bf-81e0-4489-9a18-e2a30e614bcd
58862879-c362-4266-8a46-18f0ed297fe0,57c39fd0-9200-4c1e-9d38-72bc97fe05fb,97674900-4651-4367-8bdc-43184d85a3d2
eb6eef74-b10c-47ec-92c9-9dd5fa92cf97,bb24352a-7181-4435-8b99-0e653591c069,97674900-4651-4367-8bdc-43184d85a3d2
499fa79e-d4b1-499c-a735-1be47c20bcdd,4d2a7b91-bf9b-4bfe-99a8-1f5eabceaa32,f891b0c3-dd3f-487e-92bd-c6619fe0a8c7
7a7fbe72-dc46-49d4-91b5-68449d15d650,c3d92441-de52-434f-9d6f-5ca1dea515e0,70944bdb-26a5-44e3-90ee-7a92a09151e0
cb52d98d-3937-4ae4-82cd-ca05a10b38c0,52606080-181b-44a9-9238-b37869fb2ff1,12fe28bf-81e0-4489-9a18-e2a30e614bcd
7a70d73f-a1d8-47bf-99fc-7cc56b7062d0,d2cb30b4-bb27-4341-932e-37e9ae5dd1f9,f891b0c3-dd3f-487e-92bd-c6619fe0a8c7
f1dd4ba8-e05c-4516-84b6-5a3994e50b99,2b9ea515-f684-4772-a834-c3a96a1762b1,97674900-4651-4367-8bdc-43184d85a3d2
ea75da93-daee-4756-9d8d-4c2d6bd77e36,065d07dc-31c6-4414-9aa5-a6ade50fb90f,a1a27485-7134-4c2a-b80b-3657117b355b
9973473e-013b-4998-a7e8-83ffbd01293f,21dc0fb0-33c5-4b3c-8aa4-34805ad11fa0,f891b0c3-dd3f-487e-92bd-c6619fe0a8c7
290a67ae-ce0a-44c3-85c7-7b093a248250,fd1d6a50-ccd2-4ff4-8c24-fe6cffac0501,a1a27485-7134-4c2a-b80b-3657117b355b
d06e0b1a-a8c2-4e22-b972-309ff2394973,bf44ef29-984e-4d32-a042-289a25161d71,f891b0c3-dd3f-487e-92bd-c6619fe0a8c7
edeafe28-7c6d-4a3a-9338-032f77900491,bf0a9163-207f-465d-b44f-225560779708,70944bdb-26a5-44e3-90ee-7a92a09151e0
76793a35-ee67-4efd-8ef3-d10107cfc7ff,0abd091a-d2a8-44ef-afde-dd7c06f69219,f891b0c3-dd3f-487e-92bd-c6619fe0a8c7
48b2ffb5-77e2-489d-b51d-4de8f02e7152,3a361df9-0b01-4e07-855d-39df22a499bc,70944bdb-26a5-44e3-90ee-7a92a09151e0
fa2c1865-f5eb-4020-bb05-345aac0876eb,bb2fb412-f3cb-40b2-a960-d3ec72a97f57,70944bdb-26a5-44e3-90ee-7a92a09151e0
fccf9a32-1402-4a40-849f-9de37331e83a,d70b0eb6-e196-47d9-84a4-438148507933,70944bdb-26a5-44e3-90ee-7a92a09151e0
d6654844-c681-4a5c-9e0c-97ce074b6599,107d2a13-642d-438a-942a-fafe318aea83,f891b0c3-dd3f-487e-92bd-c6619fe0a8c7
f235b229-aecc-4250-8a9a-1de5518d4361,d4d3ac9b-7103-47f7-8a50-dec4d5af56e6,97674900-4651-4367-8bdc-43184d85a3d2
30ae4418-0e5a-4d9c-b115-d07f5bcff413,3de2387a-c77b-4b8c-ade7-dfba8f1bb665,70944bdb-26a5-44e3-90ee-7a92a09151e0
e5fa3f0d-e10e-4631-8e88-566ba275d89d,af93db35-85ac-43d2-aef1-55e9bf554375,a1a27485-7134-4c2a-b80b-3657117b355b
cbecb05f-2be8-4abf-ad3e-7f09b9678175,ed26c29c-6d42-46ca-bea2-85de0d837609,70944bdb-26a5-44e3-90ee-7a92a09151e0
9f33ccf4-1926-4c93-8846-e51473e9b151,3d0c2a21-edef-47f3-b6d7-891b7b1508c5,70944bdb-26a5-44e3-90ee-7a92a09151e0
48e68d41-6db3-46a6-aefc-4d04ff6cb326,2e84fbda-7bef-4754-b0fc-4e2fe0c84631,f891b0c3-dd3f-487e-92bd-c6619fe0a8c7
5c65961c-2faa-473c-9d91-0c80b3500c53,7986cbfc-2686-4ebf-9b71-69ac0d20f880,70944bdb-26a5-44e3-90ee-7a92a09151e0
f3d0325d-e503-4f06-9143-e0e79bc740d2,e8e59aef-4e6b-406f-9712-eeef5b13f754,a1a27485-7134-4c2a-b80b-3657117b355b
a909cbce-4c7e-4eee-a2fe-2ac0d9b23ff2,f86deaf3-2d6d-4b75-8136-630021a28707,12fe28bf-81e0-4489-9a18-e2a30e614bcd
c83a5465-e899-49dc-ad48-3acfd3de9724,57bb42df-7b8f-406a-86ec-5ef8fe5318ed,f891b0c3-dd3f-487e-92bd-c6619fe0a8c7
894257b0-7b4b-4789-b4bc-9663bcc7039e,b0dd24a3-c347-4d39-92ff-d849f62fd448,97674900-4651-4367-8bdc-43184d85a3d2
70190af8-b2a7-4d6c-a464-cf3e1c23c511,5ab9e98b-214d-4473-a8c1-d1cd4035ad28,a1a27485-7134-4c2a-b80b-3657117b355b
d5097fda-2a95-4d9d-b96c-221f5c854e26,2e4e3c11-7a7d-4585-a3e4-5bd1db71bdea,12fe28bf-81e0-4489-9a18-e2a30e614bcd
509b8bc9-541a-44c2-9ca4-8afc4dd9a096,4e7c5ea3-9989-494b-9924-24ce4c9544e4,a1a27485-7134-4c2a-b80b-3657117b355b
59285ee1-6f66-4f4a-ad04-00589e56a5ed,2976a0fa-b853-4ab4-8634-0dd953e81659,f891b0c3-dd3f-487e-92bd-c6619fe0a8c7
9d4f58be-2475-4e2c-bf5e-d98829f16d3c,9bf52479-2fab-4ec3-a1b1-4844a02ea041,70944bdb-26a5-44e3-90ee-7a92a09151e0
513685ff-e482-458b-88fe-7c1c7d255a04,ab8ecc74-a6d0-4592-8a30-c000cff08942,97674900-4651-4367-8bdc-43184d85a3d2
aec4a738-436b-4738-a227-b8de59a9e6bd,165fca02-738d-48fa-8819-1cf1bcf08388,f891b0c3-dd3f-487e-92bd-c6619fe0a8c7
3df06c0c-8793-42ae-b5c6-96395870253d,ae7e3191-13a1-41e9-9794-deeec142902b,12fe28bf-81e0-4489-9a18-e2a30e614bcd
7e2d1c45-0480-40b9-ae6e-4a233750282f,b351c955-3f9d-40bb-96f3-91da50bef215,a1a27485-7134-4c2a-b80b-3657117b355b
9c47cd26-b977-4852-a3d7-44b2da493490,eb464ace-aaa4-4592-83fe-443a7da45764,a1a27485-7134-4c2a-b80b-3657117b355b
f7fd1ba4-5bfc-45e6-a702-f4fb78d1ce7f,53ec3b24-792a-4934-966f-2586fa2e7457,f891b0c3-dd3f-487e-92bd-c6619fe0a8c7
f197ec8b-3e9b-4da5-b70d-58f466b0391e,ab604467-0c86-46d6-b6fc-01da219cfd54,a1a27485-7134-4c2a-b80b-3657117b355b
ae23a9ee-07af-44fa-974a-15aa516b09d8,1ee84496-7f68-41b0-9c02-30086a7797b6,a1a27485-7134-4c2a-b80b-3657117b355b
6408c861-0356-4790-8cdb-a9456282acf0,d76cd2cd-d3e1-4822-80ad-3ad59c0143a0,a1a27485-7134-4c2a-b80b-3657117b355b
ff52244c-a9dd-4b34-8acf-4d24f63ea7ec,1e86c475-ecf7-4068-b3b8-29ed703cccf0,a1a27485-7134-4c2a-b80b-3657117b355b
1c0a10d5-3c35-4d21-a2f2-2acdf8ce19a9,300adea0-2e47-4fe7-81d8-23b6867b32e7,f891b0c3-dd3f-487e-92bd-c6619fe0a8c7
fe9b780c-a9ed-4ac2-b3bf-9f7f9569c9cd,875ff759-234d-4ed2-bf6f-ea8831201241,70944bdb-26a5-44e3-90ee-7a92a09151e0
38fe9c53-30bc-4a40-8c40-50a26e4c5de9,059f9496-7f58-4f50-9115-56f7f9d76c52,f891b0c3-dd3f-487e-92bd-c6619fe0a8c7
fea70062-a2cf-48e0-8658-8adb6885a933,28559c89-8484-45fe-a37e-d516a6231554,12fe28bf-81e0-4489-9a18-e2a30e614bcd
40055f96-aeab-4e7c-9970-3edfabe93d2d,b6bced64-655f-486f-b5de-0d23258297c9,70944bdb-26a5-44e3-90ee-7a92a09151e0
2bdfe4d3-a80d-4f88-8df4-18758f438353,aea7029f-0334-44ce-b1a8-e3bf8a19b105,97674900-4651-4367-8bdc-43184d85a3d2
a92ff254-d4a1-4394-b235-dba52fdac2a6,09b822d0-a202-46b0-8344-68ce40ba788a,f891b0c3-dd3f-487e-92bd-c6619fe0a8c7
f97a12a2-eb6a-4c99-b2cd-bfd2fc70b731,807fd06e-4e6a-4504-8ca2-0b3605519082,97674900-4651-4367-8bdc-43184d85a3d2
c693f042-369a-4220-8edb-9f9eec235ac5,c442a28a-ff1f-4799-a855-0f28fd069d22,12fe28bf-81e0-4489-9a18-e2a30e614bcd
bac92a7d-f55e-49cd-91d2-8c1a35ec256c,3c9551fa-cdf3-4212-8bfe-d901566c44f8,12fe28bf-81e0-4489-9a18-e2a30e614bcd
bf80e0ea-a479-4537-af1b-73018990ce5f,8ce2fc6a-916f-4810-be8e-9fd5e26c709b,97674900-4651-4367-8bdc-43184d85a3d2
79cc667f-251e-4bf8-b43d-3e60a10655fc,418a3ff8-ed96-41bf-a074-f56114996e1c,12fe28bf-81e0-4489-9a18-e2a30e614bcd
058a196b-8beb-488b-b93f-47fcd98ac30d,b6587150-d66d-47a0-8223-97d2ce16a494,70944bdb-26a5-44e3-90ee-7a92a09151e0
e9903e71-4053-477f-922a-d4b7344e985e,76026018-bf79-456a-9f46-5125250e46c7,97674900-4651-4367-8bdc-43184d85a3d2
e48f249b-f226-49ef-8708-6ed911430b9e,984ff547-5df8-44c7-8d7f-2a16b249b71f,a1a27485-7134-4c2a-b80b-3657117b355b
ad63fab3-0a88-4529-986c-dc7424137215,27c28707-c7a2-424e-8704-5f5a77e80a8e,70944bdb-26a5-44e3-90ee-7a92a09151e0
47730b74-06a2-481a-88e0-bf747eaed702,7c38b590-6542-4acb-9684-2b80d659bebd,a1a27485-7134-4c2a-b80b-3657117b355b
5a5c24c6-fd87-490b-8651-ddc3a1998f28,ea99e25f-d94e-42d7-930e-c9c7b21018bc,a1a27485-7134-4c2a-b80b-3657117b355b
2514b15a-1875-4b85-9b18-cac41b8e6079,b66a47b9-18b3-4429-9d0b-85efcd69b556,f891b0c3-dd3f-487e-92bd-c6619fe0a8c7
45975094-ddc6-407f-b82e-aba50c488d4f,b3572638-ae3b-4e0a-ad35-1d88aea48f40,70944bdb-26a5-44e3-90ee-7a92a09151e0
df8f2538-cd7e-4244-aaad-869f60fafcd1,e251be70-92e8-4869-8425-a008de2ae138,70944bdb-26a5-44e3-90ee-7a92a09151e0
d2bad92b-4fe9-48df-8ed3-5d3df0bd538e,8ac01f4f-40b6-44b3-bfce-a33e14bfcf49,70944bdb-26a5-44e3-90ee-7a92a09151e0
4f0690eb-b3c4-4035-a974-a2ed28300b67,b3dd8b88-b533-4b0c-a63a-ff8bf3250459,70944bdb-26a5-44e3-90ee-7a92a09151e0
2f7fbe65-3db0-485f-88a1-6e31be6c4e2f,b307b374-e002-4819-ace0-00582dfde3c2,f891b0c3-dd3f-487e-92bd-c6619fe0a8c7
ab32db1c-3e11-48b5-abaf-2203f1d48842,66a9280e-54b5-4440-920d-81c01a87496e,a1a27485-7134-4c2a-b80b-3657117b355b
2b3330c8-46aa-4e46-979b-0c542360eebb,7b7489ae-a12d-49c7-aeea-c38af9bb0fea,70944bdb-26a5-44e3-90ee-7a92a09151e0
7a90107e-7d62-4d06-89f6-7ec180a48b3a,45f7802c-1e91-4186-b1a5-b00fe8afd45c,97674900-4651-4367-8bdc-43184d85a3d2
1f2bd0bf-e3fb-4bba-bfff-31b354d652ce,64500e9f-8070-4dc2-818f-2986deda4502,f891b0c3-dd3f-487e-92bd-c6619fe0a8c7
8aecf715-b75b-42d1-aaf1-f31f46f9d9f6,4fc2913f-2bf6-44ef-a063-5368072602de,f891b0c3-dd3f-487e-92bd-c6619fe0a8c7
76af5e56-622c-4d67-9afc-56f6b900cc17,14a403b5-932a-4275-a624-44ad033a3b22,70944bdb-26a5-44e3-90ee-7a92a09151e0
ec59b4cd-892e-4dad-8f7e-40023b13e16f,0bed0ae1-4214-4cdd-9f6c-f0bdb03014a2,f891b0c3-dd3f-487e-92bd-c6619fe0a8c7
0c4db444-ae4a-4a2a-ac1f-0cb0aa4bf5b5,0f204e90-575a-4244-a291-7cbe43d017d0,70944bdb-26a5-44e3-90ee-7a92a09151e0
09ab5237-6055-4de1-b3cf-2f81dea93d7b,3fd0194f-f431-4c09-9253-9b0f25733630,70944bdb-26a5-44e3-90ee-7a92a09151e0
6461d47f-8248-47b8-8f08-3d5b2b5c8d3d,67d8e76c-1924-4bb7-b658-3b057b1d672b,f891b0c3-dd3f-487e-92bd-c6619fe0a8c7
21949453-3f19-41bd-b04c-7fae2d5c29ea,795108aa-ae15-426a-a5c1-a717212eddaa,12fe28bf-81e0-4489-9a18-e2a30e614bcd
b210df49-cc18-4afb-bd33-d597b8e507ae,037e847e-a108-4788-a0bd-6ce256acf095,12fe28bf-81e0-4489-9a18-e2a30e614bcd
d0e2f1df-7f62-4cec-a144-6b8fbb626da7,160cc607-baa1-47bd-a8ef-66dcde3e35c3,70944bdb-26a5-44e3-90ee-7a92a09151e0
3ad7b08b-29fa-41d0-84a9-d86749340b37,f6d76c2c-dfab-4085-82b9-0a2c1b9e42bd,f891b0c3-dd3f-487e-92bd-c6619fe0a8c7
17ed9d8e-82eb-432d-9653-2dda0313cbb1,3099e172-a72c-467c-9439-6e8e5a7c64f7,70944bdb-26a5-44e3-90ee-7a92a09151e0
9db19854-38fe-4b6e-8150-a55c4a8e06d9,c90bd215-473a-42fb-bc43-b7a06699f1dd,12fe28bf-81e0-4489-9a18-e2a30e614bcd
ae315c24-ef96-4868-a4fd-6b28bb099418,3a5a62d7-3d46-4041-8a5e-d52fe06f8441,97674900-4651-4367-8bdc-43184d85a3d2
e6eb45a3-fbef-4069-98f6-b696c91c9320,163c2b83-031a-4d47-ad36-871384166f2c,f891b0c3-dd3f-487e-92bd-c6619fe0a8c7
41be8f58-0bcf-4ba4-8f04-d8d1feeb7422,45cdbea8-e34a-4a39-bfe1-44c1d726ccd4,70944bdb-26a5-44e3-90ee-7a92a09151e0
47de04bf-fcb7-41c7-b263-cb0467290eb0,5e61bff1-a1ab-405d-bac1-90c50d085ce2,f891b0c3-dd3f-487e-92bd-c6619fe0a8c7
ece6686f-10e3-4bff-b475-f7fb737e1396,9acd427e-8a06-4837-8223-b53f3eb507dc,f891b0c3-dd3f-487e-92bd-c6619fe0a8c7
82d59cc4-8e34-4a00-a7a2-04cda8db65bd,410faa87-ed52-4013-9555-8194aed7997a,f891b0c3-dd3f-487e-92bd-c6619fe0a8c7
0dc9e2df-b450-4dda-bddb-3958fbaa336c,938b9df1-8ea8-44ca-84e8-70f2743fc6c1,12fe28bf-81e0-4489-9a18-e2a30e614bcd
a52244d7-b4be-468c-ae0a-acd5b1366d68,6a7c54f4-783d-4d45-879e-4ba14dbede3d,a1a27485-7134-4c2a-b80b-3657117b355b
6160e682-247a-4fff-a4a5-b343c6d22964,85ea8a4d-b0c3-42d4-931c-d2e23ca7b3b0,f891b0c3-dd3f-487e-92bd-c6619fe0a8c7
976a5fc9-8fdf-479d-8b29-705dfe8af308,b55c73cc-cb70-40db-8920-f0ba5d7637ea,f891b0c3-dd3f-487e-92bd-c6619fe0a8c7
80e70660-43eb-4bd5-b89b-7b5a54a09a55,ba9a4e8d-cb8b-473e-98e9-1b5b24290563,70944bdb-26a5-44e3-90ee-7a92a09151e0
a8d93cb5-be9d-495c-afb0-3433e1ef527e,15425e46-b0ea-44dd-8f41-1ef0b44646fd,a1a27485-7134-4c2a-b80b-3657117b355b
da7460af-4a13-4c53-adff-bfa170571aa6,7063ed9d-a55d-4210-a386-aefd7e983182,70944bdb-26a5-44e3-90ee-7a92a09151e0
e9a1ef11-631f-45a2-999c-6d5b458b866c,f677a543-a13a-4817-b279-54ff7787c151,70944bdb-26a5-44e3-90ee-7a92a09151e0
6f386a17-6a4a-4cc1-8c5c-fb1f4cbd4bbd,96204af4-c7a9-4e2a-9cf7-9b896e97ab33,12fe28bf-81e0-4489-9a18-e2a30e614bcd
e43406f2-8139-425c-b1ec-442862314e5d,fe378b4d-e272-41c5-ba23-9ff0089d77a3,f891b0c3-dd3f-487e-92bd-c6619fe0a8c7
c38622eb-f599-4b87-9751-4f78ceaac08d,7e70bc01-3e51-417e-8a23-0e0c5374d683,70944bdb-26a5-44e3-90ee-7a92a09151e0
9d44d141-e9c4-4390-972b-09adc155970a,5f35aafd-1441-47c6-8b2e-7fd8513698e3,12fe28bf-81e0-4489-9a18-e2a30e614bcd
53db5512-8f1d-47b5-9321-06604227cb17,b50c50ae-63eb-46e1-a22e-eec69caf6ed9,70944bdb-26a5-44e3-90ee-7a92a09151e0
b0eb745a-f321-4e42-9902-e4da795c60ba,fddfc08b-b640-48f5-bbbe-7af30a9e3a07,70944bdb-26a5-44e3-90ee-7a92a09151e0
cd2812a0-3347-41fd-bcfe-9867b59c3073,f84a5967-4357-4e47-a9a3-732a3b68ba0f,70944bdb-26a5-44e3-90ee-7a92a09151e0
bd8fe7e8-7882-4226-8923-0d2558f255dd,5e96dfe6-f3b5-4e22-b1b2-08a219ba4710,a1a27485-7134-4c2a-b80b-3657117b355b
2503adfe-502d-4f2e-aef6-5ca726c985ef,59f22e6c-f0ff-40d7-906e-fe60ceadbce4,70944bdb-26a5-44e3-90ee-7a92a09151e0
6d657884-9c5f-4864-b023-03310144664c,383449f1-15d5-4588-a498-d43a47dcfa0b,12fe28bf-81e0-4489-9a18-e2a30e614bcd
dd4ab8ef-31a0-460d-abb3-8681fe247a65,60b05c58-3d31-4386-9ee5-26ba0b5eee4b,70944bdb-26a5-44e3-90ee-7a92a09151e0
02d4f750-51e7-4265-8e74-899b36408b70,5dfbab22-f0de-43dd-b82d-b9ec1ed9f47b,70944bdb-26a5-44e3-90ee-7a92a09151e0
e657b9aa-d814-4946-88a6-2dce6ebd5e98,5e203e03-e02e-474e-b88c-57b8c79f5ff5,a1a27485-7134-4c2a-b80b-3657117b355b
887bc74b-d0fd-4dd2-a59b-5bacdf96a10e,eb9a5ad8-5624-416e-a659-a546663ac952,12fe28bf-81e0-4489-9a18-e2a30e614bcd
c6133d47-ba33-4908-9241-e466d8c7b465,878c1527-35cd-4dde-97e2-bbe6d54f0631,f891b0c3-dd3f-487e-92bd-c6619fe0a8c7
034e02b2-a343-4da6-a55b-bd963fe9f82c,82df02c3-a930-4876-b598-c9e7c70381f9,12fe28bf-81e0-4489-9a18-e2a30e614bcd
30b78ee1-7cae-46f5-82f7-ea05d05658b2,7f377f04-3f23-41f9-8a8b-8a0664dc03ed,12fe28bf-81e0-4489-9a18-e2a30e614bcd
76ba6113-5233-47c9-aeb6-e6380e593ec0,30feb983-78f6-4bc1-94ea-8595a5ac71d5,f891b0c3-dd3f-487e-92bd-c6619fe0a8c7
e7c46e7a-875f-4951-88a0-337d99508667,7be1ac69-bd9b-4b4e-8678-146310fe5761,12fe28bf-81e0-4489-9a18-e2a30e614bcd
2cc75e84-6c6a-4482-b494-485b54d1194b,25912c98-cca8-4d89-9b32-283cf0a31677,12fe28bf-81e0-4489-9a18-e2a30e614bcd
c88dc0ff-8759-4f0c-b05a-b5228da40a10,af2a5803-8c1f-4262-a179-d34e779d2750,12fe28bf-81e0-4489-9a18-e2a30e614bcd
a653d8d6-b8e9-462e-8147-12ec7866d9f4,b709a198-72d6-47d2-8aad-609fc8d4b564,a1a27485-7134-4c2a-b80b-3657117b355b
9f7eac2b-0424-400d-857e-8c8ba9c3c87c,fb72ca86-14ce-4820-8982-9812a185acaf,70944bdb-26a5-44e3-90ee-7a92a09151e0
591e80e0-ae2a-409a-8392-d59e18896cf2,b1184d4c-2a36-492a-bb7d-2771f513eac1,f891b0c3-dd3f-487e-92bd-c6619fe0a8c7
50d04757-4cce-4630-a65f-9362f936269f,3608e0f8-953b-4812-a65d-6c1fdd770b15,70944bdb-26a5-44e3-90ee-7a92a09151e0
6d32db1b-c487-4b2f-947e-d6df366d4730,4f5e98e5-8660-42cc-9c3a-fd1c7237af0a,70944bdb-26a5-44e3-90ee-7a92a09151e0
23783a16-3a6d-448e-bcb3-7ae18c6a1706,a39749ed-e6de-4c8d-8ac2-9fba9e00762d,f891b0c3-dd3f-487e-92bd-c6619fe0a8c7
8abd1510-e6a3-4374-8512-a4a53eaa1da5,3f78f967-ff1b-4428-8547-6ee68c885633,a1a27485-7134-4c2a-b80b-3657117b355b
ceb2640d-f862-4558-a3c5-b67440eca284,847c6342-f919-4577-a77e-82757c2fac6f,f891b0c3-dd3f-487e-92bd-c6619fe0a8c7
5f43b3f8-13a7-4c66-90ed-2586a9544ed3,aeb3317c-ef9b-41db-8032-5f68bd15819c,97674900-4651-4367-8bdc-43184d85a3d2
90c856cc-a8e1-431d-9343-297883bd82ac,75d3263b-592e-48f0-98e9-88c69adcdfaa,f891b0c3-dd3f-487e-92bd-c6619fe0a8c7
5fb7911a-8d69-4638-a5c4-0815e3b31568,18892141-f2ad-44d5-98e3-02039f0117c6,97674900-4651-4367-8bdc-43184d85a3d2
b2ee711e-a8ca-40a2-ae8f-af1bdaa57478,50787155-b1ca-40e7-96c3-4bf29df49345,70944bdb-26a5-44e3-90ee-7a92a09151e0
d8ba5ce5-8880-4a0f-980d-00bc2686ba10,cd070134-afb9-4144-bf0b-2768b059c794,f891b0c3-dd3f-487e-92bd-c6619fe0a8c7
3618395c-aba0-4e4f-9c4f-df7b2619a22e,300451ea-6e80-44bf-9bb0-772f30b43a31,70944bdb-26a5-44e3-90ee-7a92a09151e0
8b097bef-dc31-4f1f-b8a1-e4fbb3a415b1,03e32b31-a14c-4638-b6d9-d4b07826b08f,70944bdb-26a5-44e3-90ee-7a92a09151e0
11f25203-5a50-4783-953a-6a595778ea1f,a0751034-6daf-42d8-a01a-16193441b3dc,97674900-4651-4367-8bdc-43184d85a3d2
11037dc1-1e66-4d91-995d-06384be27414,8188dcfe-97d4-4832-bb67-068199bf8365,a1a27485-7134-4c2a-b80b-3657117b355b
77840f6e-d373-4c21-ba4b-c20e0080b1ed,07b19343-c4cd-4f06-a5a9-e3a5e98ba374,f891b0c3-dd3f-487e-92bd-c6619fe0a8c7
8df43e54-f0f2-4f40-a9b2-ceba978baba7,7eb43c53-1bde-4292-9a2f-0a098129e4aa,70944bdb-26a5-44e3-90ee-7a92a09151e0
5b049d12-5b70-4126-9638-ec732048508a,fd266620-40b1-4c55-b170-7000fbc88fdc,12fe28bf-81e0-4489-9a18-e2a30e614bcd
99ab1c4c-73a0-4e94-80e7-051b2f6874db,e8f482e5-254e-4f18-9dbf-ceae558e8724,a1a27485-7134-4c2a-b80b-3657117b355b
c848ac0c-36da-4542-8636-936a45a93e81,056b93b2-dd8c-4e28-8b46-38d117ab9f1a,70944bdb-26a5-44e3-90ee-7a92a09151e0
007c1ede-d3f0-4cee-bd68-3f05a9351374,e64cf11e-1115-46f0-8256-2c2ef3e17611,f891b0c3-dd3f-487e-92bd-c6619fe0a8c7
796c9866-4901-49aa-aa65-91b20153722a,872b199e-5b08-4485-a68e-6f2a6bf99e14,70944bdb-26a5-44e3-90ee-7a92a09151e0
b9ddc19c-4519-4a5e-abf8-ec967b272fb1,5ba5cde5-7dd0-4816-a1c7-acebf59305da,a1a27485-7134-4c2a-b80b-3657117b355b
98726ab1-ae0d-41ec-98fc-364082507bd9,ceab0d50-18fc-468c-a240-4713ecbff6e7,f891b0c3-dd3f-487e-92bd-c6619fe0a8c7
1c075790-408a-48b4-81f0-a95d30c3c452,0f719fea-3dd4-4055-a6f0-0c8af0e33b82,12fe28bf-81e0-4489-9a18-e2a30e614bcd
9a8d5840-6caa-4bf4-be53-6f1322f99c07,190002d3-1db2-4373-a352-0884fb147ba9,12fe28bf-81e0-4489-9a18-e2a30e614bcd
042248b6-f4ac-4fd7-bdaf-b353c148d9e4,ba7b6aaa-7d88-41b0-ad09-28bccc4cc803,a1a27485-7134-4c2a-b80b-3657117b355b
c32e9f39-b9ae-4c3f-a659-f7bfddecfa6e,c4e6159c-13ae-4dc6-952b-b5c2567d19bf,12fe28bf-81e0-4489-9a18-e2a30e614bcd
60523f5f-c8a5-4cc0-8db4-92de3f5b7449,06c224b9-8fb8-4ab4-8009-bd9dcba9d45a,f891b0c3-dd3f-487e-92bd-c6619fe0a8c7
32dbd68b-9a1e-4015-a56e-f9ab18ea7d7c,770fe671-e972-43f2-aea3-586a02d88d87,97674900-4651-4367-8bdc-43184d85a3d2
dc2c3d13-1096-4852-bee4-4b3185e70a83,0cd82ad9-20ff-4f5f-a5ef-6ccb957e40ec,97674900-4651-4367-8bdc-43184d85a3d2
902e97b0-fe31-438f-a9de-b1c00bdb8660,8b8080a8-8446-4d0a-8855-a88dadec0061,97674900-4651-4367-8bdc-43184d85a3d2
374318d4-aed0-4f28-9205-0afdda89e2e9,e9d49297-c6d1-419c-9811-383ff9af7a7d,70944bdb-26a5-44e3-90ee-7a92a09151e0
29819b64-eaf8-4b2a-878b-f8ffe22eaa27,4f090510-1ac8-4bdc-ba84-7a8371371ef8,f891b0c3-dd3f-487e-92bd-c6619fe0a8c7
4e7fd83a-ac2d-408c-9f26-1d9c878f33c1,4f70a022-28b1-432d-baae-685dad3495dd,97674900-4651-4367-8bdc-43184d85a3d2
93555035-c264-40f3-ba03-019251eb9f71,3d0e09e7-71a1-4b99-90b0-7bd9a1173ca2,12fe28bf-81e0-4489-9a18-e2a30e614bcd
dc59219c-4d03-4d96-8471-66e8193d6e84,16608380-5169-4823-969e-ad19cd1624ed,97674900-4651-4367-8bdc-43184d85a3d2
c1791401-4152-4270-b7a2-25e237405d95,f56842b7-cf90-413e-99c3-c0f5c3056232,f891b0c3-dd3f-487e-92bd-c6619fe0a8c7
9715a1a3-18b2-4db5-bccf-9b9db304821d,42db439e-0ab8-48d3-a3c4-8dd57c56cfff,70944bdb-26a5-44e3-90ee-7a92a09151e0
6d418556-5687-47d6-8715-bc6fdb245fa5,5e25b414-9f46-4965-a09d-e9ff1717f677,70944bdb-26a5-44e3-90ee-7a92a09151e0
0d19c977-e792-478b-b2df-ba23c2570efc,802c2fdb-0156-4e6c-8a3d-c62454beef2c,70944bdb-26a5-44e3-90ee-7a92a09151e0
58423b14-e44f-4281-a130-1e66a55c7b28,69aad34b-f929-4b22-8f58-8de911a4ef42,70944bdb-26a5-44e3-90ee-7a92a09151e0
9c21330f-acaf-42f6-b9f9-960ff28c552a,a55da67f-cefd-4e0e-84ba-8d63b970769c,f891b0c3-dd3f-487e-92bd-c6619fe0a8c7
23533b66-34cf-4e1d-bc01-62c235cee5a2,0a3810d1-091a-4b3c-9430-cd29a37e8be4,97674900-4651-4367-8bdc-43184d85a3d2
c5e0273a-b5ac-4af3-8beb-509dda020d59,71011f36-f795-4ea8-9c7b-eb67fbd194b8,f891b0c3-dd3f-487e-92bd-c6619fe0a8c7
3ab48626-ab98-4290-b988-33155359d4b4,d1eba380-12a7-43d9-bfe6-e68694a2314b,12fe28bf-81e0-4489-9a18-e2a30e614bcd
965fab49-4d66-4211-8032-e22b285daba4,2a2b936a-db60-424d-95ea-6ae13a03ec66,70944bdb-26a5-44e3-90ee-7a92a09151e0
8d69a53f-82e8-46a7-99e1-8c5e44469740,5b69c697-df07-46e2-a67f-34279227a7e0,f891b0c3-dd3f-487e-92bd-c6619fe0a8c7
a58c260a-985e-454f-8abb-721e2d72fff5,bcfc0df7-17ad-4daf-85ea-b96dc58b7bde,70944bdb-26a5-44e3-90ee-7a92a09151e0
40ee17e5-b4c0-4a24-854e-98f091358788,bb00ae26-56c9-4f8e-9827-7c07a330d911,70944bdb-26a5-44e3-90ee-7a92a09151e0
e5b3fd05-3bc4-4885-a9b6-c8f4b7cfb486,7e48624e-74fe-4e76-b9d2-da8c31eb5f8c,a1a27485-7134-4c2a-b80b-3657117b355b
2beb4b9b-860c-43bd-98ce-e688c04dfb6d,aa9277d3-bbb2-4acf-825f-681111bd3e05,70944bdb-26a5-44e3-90ee-7a92a09151e0
5d6ca34b-09e5-4c54-a977-530eee23f69f,e8bccb89-5359-4f07-8b2e-4b22f17f795e,70944bdb-26a5-44e3-90ee-7a92a09151e0
0ff22046-5285-4819-ae10-7ad2eb89afd7,170f28ae-1c9c-4a17-8a12-42615c05ca19,a1a27485-7134-4c2a-b80b-3657117b355b
6e42dc50-bed9-467e-b2fb-129de0d017d4,94eaf573-428b-4fb9-a62a-a9e38f4cb976,70944bdb-26a5-44e3-90ee-7a92a09151e0
3bde3447-2a6d-4970-9b56-85f1e55b9291,a002abef-b929-4535-a60a-af3b2fc8a79e,70944bdb-26a5-44e3-90ee-7a92a09151e0
7e175cdb-2448-475f-9ec4-3df3aad312a3,e7d651b4-b6a8-4c40-ade5-e5f93ec85240,f891b0c3-dd3f-487e-92bd-c6619fe0a8c7
2331bfb6-2001-4ad6-8128-7ec9688ed7f5,a1b809de-f756-4741-932b-adfc6c330e32,f891b0c3-dd3f-487e-92bd-c6619fe0a8c7
2b794b97-d0bc-4a48-a874-d84bbd0c9d47,af79da29-d83f-48d8-9500-14afdef01466,97674900-4651-4367-8bdc-43184d85a3d2
579aae83-2e2f-49da-acea-45654891c760,4854131c-2680-43e2-bbef-37d64a93e9aa,70944bdb-26a5-44e3-90ee-7a92a09151e0
dd8ca713-cfb4-4e3a-aa68-50b31a3fd805,0ecf882d-7407-40c4-b758-05e386df50a8,12fe28bf-81e0-4489-9a18-e2a30e614bcd
18c5427c-51e4-4fce-af3c-44f6030a0092,c75c27c6-8d7c-48b3-9d52-f685c31963a3,70944bdb-26a5-44e3-90ee-7a92a09151e0
adc8ea51-1998-47d6-9552-13e59e193fdb,8c86fed5-baac-4279-a3ad-dfcd36110597,f891b0c3-dd3f-487e-92bd-c6619fe0a8c7
1f1bfa5b-1eae-48a7-bd60-aa617a3f8033,7932ca3f-815e-46b4-95a2-3f05fa130214,12fe28bf-81e0-4489-9a18-e2a30e614bcd
74156df5-c6f1-472d-9c44-cc69f79247d5,099142c8-9760-4c12-af2f-03ae177724dd,a1a27485-7134-4c2a-b80b-3657117b355b
f898622f-d267-4c18-8601-1504359ae654,735a90bd-19ce-48b3-8bad-bf51573941c9,f891b0c3-dd3f-487e-92bd-c6619fe0a8c7
cf4bc3e5-63d2-4fea-aaed-0dcc4ed327ec,0cc1a0c9-25da-4b3d-8d4c-4084e188ab4f,12fe28bf-81e0-4489-9a18-e2a30e614bcd
d0a662a9-79f0-4a04-b937-3c1b14c9ce6d,18a34488-54b4-4628-ab79-7db420d998a5,70944bdb-26a5-44e3-90ee-7a92a09151e0
ee219c88-9f84-4e79-89ab-a6430d29f698,51c1227b-e03d-48d7-9a53-f54982915f2d,70944bdb-26a5-44e3-90ee-7a92a09151e0
702961fd-dff7-4956-9aa8-b038a7a3402e,f283504a-841a-452d-bd13-b658cd6fca41,97674900-4651-4367-8bdc-43184d85a3d2
275735d3-e55d-4936-bc0f-a46bfa266d71,00f1e786-fb85-4805-bfce-0317cfdbb79b,f891b0c3-dd3f-487e-92bd-c6619fe0a8c7
15938bba-445b-4b14-b343-40195de5e430,e4565770-eed3-4bd1-a5e2-ca3643cc32ac,f891b0c3-dd3f-487e-92bd-c6619fe0a8c7
4151a495-ea5d-4350-98e6-71a91a84684e,284a06f4-3a47-40fb-a2ad-bd4e9d3e13ab,f891b0c3-dd3f-487e-92bd-c6619fe0a8c7
407896e9-df2d-4502-a64a-5cb72e072eca,f115b791-7c93-45a8-85c9-0bd79bbb8a04,a1a27485-7134-4c2a-b80b-3657117b355b
e91b17e4-580d-461d-9620-f74e04b27386,7dbe4e2e-20e7-4aeb-910d-8df4b1f1b887,70944bdb-26a5-44e3-90ee-7a92a09151e0
aba8fad9-1ce4-42aa-bc88-cb40366880c5,47d90294-da12-47f2-9d0b-1230a04b0f62,70944bdb-26a5-44e3-90ee-7a92a09151e0
84ca1736-ce6e-4ca0-bad7-2ef9e8e8996c,9a910a88-453c-40a5-a05a-afc8fb50f1ca,f891b0c3-dd3f-487e-92bd-c6619fe0a8c7
b07ae24a-07a0-4647-b75b-8eeebd4092fd,a45c4976-c9f8-4c51-8269-11b85807f669,70944bdb-26a5-44e3-90ee-7a92a09151e0
7ffbc363-0760-4f38-96a0-5cba45fb7713,aa503383-40b4-4b65-91b9-7ed68ab5bd59,f891b0c3-dd3f-487e-92bd-c6619fe0a8c7
2b8f8a7b-8871-4ecd-ba37-aafc4ff01aa8,ff7d82dc-856d-4236-93cf-9420acb0562c,12fe28bf-81e0-4489-9a18-e2a30e614bcd
f4a6a5ea-1d90-48b5-995c-23eb676ab7e8,d647e27d-c9f9-496b-bc92-a242aafc55d8,f891b0c3-dd3f-487e-92bd-c6619fe0a8c7
bcdd8d48-14b0-4b8b-9615-0ea9db92d7f7,62136e35-8e7f-45f4-a07b-5547889b2094,12fe28bf-81e0-4489-9a18-e2a30e614bcd
0007b657-6398-4e39-b1e3-0455de9903f2,007314ab-57d8-41f1-a5c0-52b5b4398194,a1a27485-7134-4c2a-b80b-3657117b355b
1df6c7d5-75d5-4bd7-adca-6b05daa5d339,f3f869a2-b17f-4a96-9731-3195b6f2df85,12fe28bf-81e0-4489-9a18-e2a30e614bcd
1ef24425-45ff-45e4-b36e-400e4ba9f749,a15623b3-2265-4f6b-adbf-28020068274d,70944bdb-26a5-44e3-90ee-7a92a09151e0
34a7da87-bf16-4bac-bc94-68ba6ca30cf7,25c7573c-cc1f-4c7a-8e5e-1700d0a79577,70944bdb-26a5-44e3-90ee-7a92a09151e0
8043248e-0f3f-40e0-a7d0-29886a7dd056,299a9929-8715-477b-b2f0-a9195f761f78,97674900-4651-4367-8bdc-43184d85a3d2
6ed87028-76a2-4f02-a34a-e33fd1f0a992,19f1cd02-186a-4b76-8c23-a832f9b15252,f891b0c3-dd3f-487e-92bd-c6619fe0a8c7
0f9c2589-d6f9-4a6e-9c08-ff7fb85580b9,01e09a69-e2b1-4bb1-bbb0-1d3921d822ca,70944bdb-26a5-44e3-90ee-7a92a09151e0
368a02bb-b9da-41b5-a5d3-e72b0e1a96a6,b3be8e83-a887-4c28-a80a-ab75a4e24223,a1a27485-7134-4c2a-b80b-3657117b355b
d983cf9d-7f45-4260-baf3-6b00f05d6710,2dc8f858-b5e2-4cd9-af76-bf19e3ce0749,a1a27485-7134-4c2a-b80b-3657117b355b
0ae1ebef-03c8-418d-b442-b33a21fe32e0,e2759b04-e615-4012-b657-5a1b5304992c,a1a27485-7134-4c2a-b80b-3657117b355b
d0109e32-dac3-49e9-ae8c-b47a6854ae32,532f4810-1b46-4772-a04c-5909993cf602,a1a27485-7134-4c2a-b80b-3657117b355b
cb1e5a84-2b11-4b95-bbae-20c7cc7882ae,083950f5-995c-4335-b192-1e80fa04347b,70944bdb-26a5-44e3-90ee-7a92a09151e0
601be907-d8e6-49a5-8433-553c2e1c25b9,3a8d5560-1bcf-40cf-9769-8f99976770b9,97674900-4651-4367-8bdc-43184d85a3d2
bbc53b60-6d4a-469f-928b-8e0509098558,569d8df4-a6f7-4c07-abdc-3a6b70f6d83c,a1a27485-7134-4c2a-b80b-3657117b355b
95081c25-f651-4869-a072-0a93915ff456,5266c572-28c3-4262-86a7-a7dd36f63679,f891b0c3-dd3f-487e-92bd-c6619fe0a8c7
f3aa12b2-5d80-4c47-8645-71002e35c2e3,c4617cfe-3078-41ed-b648-c3b99c2dcfe4,f891b0c3-dd3f-487e-92bd-c6619fe0a8c7
87646554-ce24-41b8-baa6-a48b3c1185e5,7ecc9f38-242a-4cd8-acb6-2a29b99f2fda,97674900-4651-4367-8bdc-43184d85a3d2
f1f7f25e-7a23-4c17-95a0-aafaac88a3e9,6afccad0-060d-4f46-ae51-e7a02994417d,97674900-4651-4367-8bdc-43184d85a3d2
1396cd8a-8f25-4cf9-90b8-37dc3770e547,3738980d-559f-44f5-b5c0-1db0ac62be1e,12fe28bf-81e0-4489-9a18-e2a30e614bcd
75faefe2-3605-4bb1-b91b-43d2d69f2391,0f945451-17cf-4936-8d7b-3c467b199a43,f891b0c3-dd3f-487e-92bd-c6619fe0a8c7
a44ef594-a5f2-4c93-b450-922a002a9e0a,ee641e06-7992-4982-a01f-2c6eea8d1791,12fe28bf-81e0-4489-9a18-e2a30e614bcd
75b97358-1e0d-4933-bd8f-b975270c1663,4884d0ad-9cdb-49f7-a31e-aa6ff18ffc35,a1a27485-7134-4c2a-b80b-3657117b355b
5007cd7b-3303-4e68-b734-fbdf17a24f0b,6833b42d-e644-40a7-a722-5280fcf7e86c,a1a27485-7134-4c2a-b80b-3657117b355b
2d14e046-fc07-4063-bf60-aeef3997a652,1ec40cf0-995e-4e00-938b-a2ef5f1860ca,97674900-4651-4367-8bdc-43184d85a3d2
4bb3cfc9-68fd-4d07-b0d4-a4230bd16f61,93901873-2c82-479b-83bf-61fcd0d793e8,70944bdb-26a5-44e3-90ee-7a92a09151e0
4309c751-5104-4263-b61a-0c014e239738,1a93bc77-837e-4c36-a17d-5e20b2aaa661,12fe28bf-81e0-4489-9a18-e2a30e614bcd
1ab9058b-9667-493a-ad6c-235f87b2e4dc,1b46643d-6fa8-4b99-96e4-4893beec892f,f891b0c3-dd3f-487e-92bd-c6619fe0a8c7
0237bea7-c1c4-464c-aea8-3c9593ed52f7,a474c3ca-0069-4d88-886f-defe741fcad0,a1a27485-7134-4c2a-b80b-3657117b355b
4080609b-7da5-4e11-8bd7-e2af5bb4065b,31e2f46e-3489-40c5-aa77-29ea09e8137e,70944bdb-26a5-44e3-90ee-7a92a09151e0
66ec16c1-f013-45da-9c10-1b3de39d5442,e1abf1e7-6423-4a8f-9679-d93b67ed6064,a1a27485-7134-4c2a-b80b-3657117b355b
6e07acf0-cadf-4778-acda-a51ad4615202,03410587-5f72-4ff7-97c5-08aa32817036,70944bdb-26a5-44e3-90ee-7a92a09151e0
49a5a956-7468-48b1-b670-5321126202b8,003ee652-a0d1-46f1-a85f-533186902768,12fe28bf-81e0-4489-9a18-e2a30e614bcd
407e38bb-9c43-4bcc-a4f8-8955fd39a077,4a2e91d6-df98-438e-ab85-c7d74b42c58a,f891b0c3-dd3f-487e-92bd-c6619fe0a8c7
cbe82c14-e09d-4427-a0bf-85a6364270d8,cd75eb76-1ad7-4efd-8f00-a43f336c5a1c,70944bdb-26a5-44e3-90ee-7a92a09151e0
5db65e70-4a02-4a84-878e-53170c9f5df7,4946021a-a005-4af5-a8f2-f01737fa91b7,70944bdb-26a5-44e3-90ee-7a92a09151e0
86c8de48-d389-4d06-8c96-afdf834fc161,6056421e-93f9-4e53-aa04-c7bfb6155fd0,f891b0c3-dd3f-487e-92bd-c6619fe0a8c7
4bc03f98-809a-4fa2-86e2-50471bfb18d6,9148f627-d93d-43e7-ae52-5f7615017205,a1a27485-7134-4c2a-b80b-3657117b355b
d1eebe93-dd78-4dda-a155-678e71a91222,1d799045-c9ea-4964-9395-ea1261938aa7,12fe28bf-81e0-4489-9a18-e2a30e614bcd
adbc9671-64a1-42c2-af31-bc8cde8ebc0b,43cef3c1-341d-43fa-8631-8f66f13f4808,f891b0c3-dd3f-487e-92bd-c6619fe0a8c7
2de6af00-6784-4d3a-8c31-1c6968be0f3b,9091705f-007f-45f4-a2a5-3e08cba75042,f891b0c3-dd3f-487e-92bd-c6619fe0a8c7
6d7a12f5-b296-41d2-8064-9ffba29bc9a6,555fad34-45df-4b39-ae54-d3db24a6b87b,a1a27485-7134-4c2a-b80b-3657117b355b
c95ae165-318a-406d-9b40-c527e79cd620,cfb6f632-67ef-41c3-92f7-09a6bd690e7f,70944bdb-26a5-44e3-90ee-7a92a09151e0
5df6abd7-557c-40fe-91d8-77a2027c9fcb,8407c0bc-7c9c-4188-96da-73a084f198e9,70944bdb-26a5-44e3-90ee-7a92a09151e0
26742e77-71cf-4efa-82a6-707d0e2ff9d7,6ad83250-32d0-49d6-a251-2b1c1cd3cb10,a1a27485-7134-4c2a-b80b-3657117b355b
e4571078-80da-4ed3-8ee3-c7ceae86735a,e32b49ec-58ed-4107-955a-f1426a71ec93,12fe28bf-81e0-4489-9a18-e2a30e614bcd
d207301d-f941-4281-9431-37de356c2a35,1d60e866-93e5-4bf0-8d42-533db6c9c3d2,70944bdb-26a5-44e3-90ee-7a92a09151e0
ec8f0468-c90b-425c-afaa-3356a1807cdc,13400d3c-f6f9-4c5b-8ca9-7362b0a0f449,a1a27485-7134-4c2a-b80b-3657117b355b
6a2cdc7e-53a7-4d9f-a353-109fc0181be7,93025868-4325-4051-b079-d7a012a25c29,f891b0c3-dd3f-487e-92bd-c6619fe0a8c7
c18dbed4-3531-4ce3-b691-d29aa0d33cb7,1bd3c1a8-58c9-498b-a3fe-99734a585d9e,f891b0c3-dd3f-487e-92bd-c6619fe0a8c7
6926245b-a70b-4eab-9175-54ce0ee44242,d18e2e22-0fe8-4851-895a-f2379c176ebd,f891b0c3-dd3f-487e-92bd-c6619fe0a8c7
4d8d9283-bc7c-48cd-ba9c-800e9a17b5b3,a6c8cbe7-d574-4a42-ade9-170f26b5b474,f891b0c3-dd3f-487e-92bd-c6619fe0a8c7
9481f4e7-537d-41ce-b56f-7160c921e958,46f39d36-ee5b-49f6-a892-78e1a37038f5,70944bdb-26a5-44e3-90ee-7a92a09151e0
76dba190-d012-49da-a705-946bbef8a282,e1e2c216-c267-4209-92e1-58750bab7692,f891b0c3-dd3f-487e-92bd-c6619fe0a8c7
104a4e31-ceaa-4472-80f6-fc81870ad149,45cee97c-aaea-44e3-a5b6-76ff09d7ecb0,70944bdb-26a5-44e3-90ee-7a92a09151e0
38ad5581-b1b9-487c-89e9-86962eead9f6,1efb1559-6eef-4b9e-b63b-4a95a54d92b3,f891b0c3-dd3f-487e-92bd-c6619fe0a8c7
efb81dba-5714-4392-9db2-e9f0e5b4d494,53114d7f-dc3c-4f85-893c-d3413872a827,12fe28bf-81e0-4489-9a18-e2a30e614bcd
a50d69ea-ff5c-42a4-915b-59d5c65f8ebb,c0302dfe-3309-4ae8-8906-81718b1f738c,12fe28bf-81e0-4489-9a18-e2a30e614bcd
536030b6-e039-4702-82c7-0ac2183e15e5,84ad073b-f5c8-400b-a54c-7a4d1e97d1d9,f891b0c3-dd3f-487e-92bd-c6619fe0a8c7
f9b28369-4acb-4951-9f13-65cd04e1cb10,a7dc6246-ba73-464e-b4b7-6f54e0014c52,a1a27485-7134-4c2a-b80b-3657117b355b
f8b0e54c-7d72-4908-898d-2ea2d3bfe51a,5e94f76c-bbfb-4e83-ab45-ee74dfee347c,97674900-4651-4367-8bdc-43184d85a3d2
29eee8e0-3591-45cf-b124-dfbb75eaad13,e0ba849e-49b9-4833-a3cb-401b6adc2366,12fe28bf-81e0-4489-9a18-e2a30e614bcd
f454f982-b5d8-457a-8875-73c93a46d3a3,dc6b3423-6d06-49c7-8283-375694808dfd,a1a27485-7134-4c2a-b80b-3657117b355b
d9af4ba9-a72c-4f20-b578-64ac211089c4,d0e44b4b-2285-4740-a61c-24e8b778cdfa,70944bdb-26a5-44e3-90ee-7a92a09151e0
45eb2dc4-8009-4345-8ee6-dd2b74cae2e3,b2e692e6-a736-4054-98a3-d65e8c9cac8f,f891b0c3-dd3f-487e-92bd-c6619fe0a8c7
beb26821-059b-4820-ae7e-4b2348678570,4776ff9d-c2ca-4975-a06d-4f452e9f190f,70944bdb-26a5-44e3-90ee-7a92a09151e0
0ca246cd-763c-4c0b-944e-5632089b455f,eb559c2a-ba74-48dd-beaa-657b1d7390fa,f891b0c3-dd3f-487e-92bd-c6619fe0a8c7
d364a833-b171-46c4-acaf-8611f60e813a,305a66bd-17e9-4dc1-87ac-fdf71936dcb3,12fe28bf-81e0-4489-9a18-e2a30e614bcd
51448283-1a96-414d-9183-f291d04df489,cc9996ec-0cbf-4533-9e6c-c4651dcd6541,12fe28bf-81e0-4489-9a18-e2a30e614bcd
91d6f010-a7c8-4fee-8346-60e4d04fe99a,0eddb1c9-1f28-4cd0-9db4-5795a61fca77,70944bdb-26a5-44e3-90ee-7a92a09151e0
23834900-f57d-4643-b8e3-806cad424f07,0fc25397-de05-4b0b-b97d-a389804d7826,70944bdb-26a5-44e3-90ee-7a92a09151e0
3d7210de-0e0b-45d0-a3fc-7cd15edaa353,758c70b9-992f-494d-88e9-a571971bee35,a1a27485-7134-4c2a-b80b-3657117b355b
bac091f5-60af-4683-bf36-cb7223bcec5a,6d4cbc90-9600-4416-8001-491cea4e05fa,f891b0c3-dd3f-487e-92bd-c6619fe0a8c7
e18a5ec2-8c4e-411e-88e8-5fbaa1ccec0c,a7c3f891-ca83-42f0-b808-baa0797ba29f,70944bdb-26a5-44e3-90ee-7a92a09151e0
fc9310c2-d9f4-4b9c-af17-79c6fe92975e,5481ff21-e32a-431f-b88d-8622dcd2cb32,f891b0c3-dd3f-487e-92bd-c6619fe0a8c7
ee6aea7b-374c-416a-af20-07bc1a59a2c7,e88eaaa3-53fc-4e68-a5d5-b928a9a429cd,97674900-4651-4367-8bdc-43184d85a3d2
32bd6ac5-52de-4432-8142-83db23277d06,661a5dbd-2285-4d94-9220-10008a0a5b8c,97674900-4651-4367-8bdc-43184d85a3d2
16630f60-66ac-4aa8-b5dc-89b8867e41cd,0f110e62-9c84-474a-9377-8c32cfa188fe,97674900-4651-4367-8bdc-43184d85a3d2
3a1f61d0-294b-449b-9d46-9519c4bc2cad,505bb945-094c-4a0a-8946-02999b74b463,70944bdb-26a5-44e3-90ee-7a92a09151e0
b43ab532-12fa-4f57-8673-5689096eca21,c44cb1ef-6718-4409-93de-6c2118fde5b4,70944bdb-26a5-44e3-90ee-7a92a09151e0
2bd6aa9a-b934-4a39-a74a-08cc7384e717,66c861af-9cf5-46d1-bca2-a6039debdddc,a1a27485-7134-4c2a-b80b-3657117b355b
9c6a7129-e38b-4e67-b221-aa12390a5b66,2e2e7253-83af-459a-9e37-c22dba4bffd5,70944bdb-26a5-44e3-90ee-7a92a09151e0
0b3994d3-8dfa-4d2e-9244-11502ecf68df,1b46c0ac-dcdf-4d8d-a4e1-9d720e051f1f,f891b0c3-dd3f-487e-92bd-c6619fe0a8c7
8c87003e-7668-4d7f-a561-d72eec2753ce,dee600d1-2989-4478-b97e-482485307a80,12fe28bf-81e0-4489-9a18-e2a30e614bcd
c252bdbf-ca38-4413-a3f5-211ea562b665,6afab5ee-09e3-4000-8eb6-81247e70d77e,f891b0c3-dd3f-487e-92bd-c6619fe0a8c7
a55d97e3-adfc-4a74-bd53-71ca15818929,3c4edcdf-f251-45c2-937f-8a8aec8b23ff,12fe28bf-81e0-4489-9a18-e2a30e614bcd
956950e2-93de-4cd8-99fb-e7166cb49f36,83e3923d-ace9-4949-b952-f9b4a5792de0,f891b0c3-dd3f-487e-92bd-c6619fe0a8c7
92fc72fe-246a-42ea-978c-4b19478916c9,59121ffd-96c7-4c9b-978c-9a9daba646ab,12fe28bf-81e0-4489-9a18-e2a30e614bcd
46e88483-54e9-45cb-a1fe-400119afa93a,702cbbe4-aaaf-4df8-a9af-078af28b96d5,a1a27485-7134-4c2a-b80b-3657117b355b
8bc05b14-321f-4483-8671-134beb69919b,b362cbb0-7428-43f5-bc79-6ceedabf2f96,f891b0c3-dd3f-487e-92bd-c6619fe0a8c7
fdc009c1-3864-4272-ba57-25e47ea3daef,d99686b7-fbf6-4af4-ab2d-442fd4822c27,f891b0c3-dd3f-487e-92bd-c6619fe0a8c7
f5676a81-584d-426c-a365-28a37fd3beb4,58a80fe2-a8d7-4500-b17f-d620be507659,70944bdb-26a5-44e3-90ee-7a92a09151e0
83ff5e11-b518-4ba6-a99e-6240867bd3bc,6f21988a-0e2c-4688-947f-630ba466b9a9,97674900-4651-4367-8bdc-43184d85a3d2
ff733c78-8223-4fec-9cb5-481712cf02b8,d8d87c52-ebf6-463b-a305-55bc58e56a62,f891b0c3-dd3f-487e-92bd-c6619fe0a8c7
7888825d-86a7-4a66-8bc4-e13eedaaed00,95bd31cd-a1b9-4533-8fc8-892d9101f7d1,f891b0c3-dd3f-487e-92bd-c6619fe0a8c7
c67becbd-0d4e-4453-8f74-ee7b66ec65cd,75014808-672e-4491-bd0f-43b942fc2dc4,70944bdb-26a5-44e3-90ee-7a92a09151e0
7fe29d42-037b-4d13-b08b-3b578934fc7f,ec16fe5a-f29f-47b2-afa0-882f4412970c,a1a27485-7134-4c2a-b80b-3657117b355b
71b13154-8a5a-4abd-ad09-ac4e477696cb,55c9caf5-cbf9-4591-ab82-5959dbfade4a,70944bdb-26a5-44e3-90ee-7a92a09151e0
cbd90bcb-aca2-4c96-993a-8f42ddc553e6,0a72fb6f-631f-43f4-b345-0f9beb0bab73,70944bdb-26a5-44e3-90ee-7a92a09151e0
c5ac5284-dbcc-474a-8e02-e71fd1134449,6816439b-7aef-4ca4-ba28-95fae33daafa,a1a27485-7134-4c2a-b80b-3657117b355b
7f0fff76-8700-46dd-a446-e6ebb6d2468f,88b9b0ed-4944-4b66-95b9-704cf8231baa,a1a27485-7134-4c2a-b80b-3657117b355b
1f35646b-25d8-4267-a3e2-efa191062cee,b1bd203f-0b15-4b05-b2d5-0741046f0723,a1a27485-7134-4c2a-b80b-3657117b355b
1899f603-75e9-4b36-b25f-6eade3fe7d9a,d171d48a-aefe-4762-8654-9fc2bbacbdb3,70944bdb-26a5-44e3-90ee-7a92a09151e0
e8af0252-44ff-4b6b-bce5-5a2076bb6a4a,5bcdf20b-e599-4f63-880a-184a1913fdef,70944bdb-26a5-44e3-90ee-7a92a09151e0
50c761c8-7936-44f4-83a5-41397b4a44bc,72ed3063-ade3-43c0-b851-46a66a2ded6c,a1a27485-7134-4c2a-b80b-3657117b355b
4e274377-941c-43f5-9deb-2efbbc92e22f,22e20958-d81a-4ca2-ab0b-ebf68d325b8d,70944bdb-26a5-44e3-90ee-7a92a09151e0
995eb86c-c8c9-4a53-8ad5-f2c14168102b,ebb140f4-2069-41de-ae8f-7f618a3adb11,70944bdb-26a5-44e3-90ee-7a92a09151e0
49f8ed0e-cda3-4b34-b6e4-2ed167112c15,18276408-fa30-4bf4-a699-01f189d09b36,12fe28bf-81e0-4489-9a18-e2a30e614bcd
84909471-cfbc-40b7-b20d-57c9fc7013c2,43853c2d-bc0d-4f4c-8f60-378bc225178a,a1a27485-7134-4c2a-b80b-3657117b355b
98405a86-33cc-458a-b3bf-4d050ecdf603,6a9cfe29-2e3f-4082-9046-db4ed8e6f74d,f891b0c3-dd3f-487e-92bd-c6619fe0a8c7
f2ca488c-355b-4f0b-bbb8-329f7c98ef79,8387ed7f-7de2-42c1-bbe9-d3edd0d1dee8,f891b0c3-dd3f-487e-92bd-c6619fe0a8c7
f7134065-e067-4629-acce-056e4e250c79,74f8451e-a214-4f8e-a8a4-bf5682f1e06f,97674900-4651-4367-8bdc-43184d85a3d2
9aa84816-25f1-436c-9d0f-7cb3b224b6d9,d119e018-bead-4dca-bff0-faafdf573730,70944bdb-26a5-44e3-90ee-7a92a09151e0
7eb0a03f-34cc-407f-9c60-590af5a1adeb,2007d434-b1c1-4f4b-95dc-652c62974a7a,12fe28bf-81e0-4489-9a18-e2a30e614bcd
f270a438-ea1a-4e43-8fe5-4872f4b582d1,29b812f7-3484-4f5e-94e8-748296f5d02d,a1a27485-7134-4c2a-b80b-3657117b355b
95a5d567-ccd9-445b-a970-66109820523a,acd7c5ae-3af9-4f77-8a36-dd4c461fe2f2,a1a27485-7134-4c2a-b80b-3657117b355b
d8f495fe-ce4d-4904-8dad-1be47b04e080,52eedae0-9090-4347-84b5-13abeb15290f,a1a27485-7134-4c2a-b80b-3657117b355b
f1518b63-0b34-4ee1-a136-692bb2172886,63d8dbc3-449c-493b-a73c-b7a267793891,a1a27485-7134-4c2a-b80b-3657117b355b
9599d318-4841-49df-8cde-cbffeb5e116d,05db59c0-d621-4e7e-9629-bce7c51848bf,f891b0c3-dd3f-487e-92bd-c6619fe0a8c7
0f03d255-375b-423b-870d-3a48f9102511,ed821db2-bcca-4549-919e-076a0d22ad3d,70944bdb-26a5-44e3-90ee-7a92a09151e0
ae9b765c-80bb-48c6-a62f-454fc0b1782c,c9b20b42-f920-4b7b-9cdb-0295292e887d,a1a27485-7134-4c2a-b80b-3657117b355b
bc3322bb-b61c-4c36-a96a-0211707baaf4,91fa74e6-4123-42a8-80b4-acf3acd59b0c,f891b0c3-dd3f-487e-92bd-c6619fe0a8c7
5297d5cb-869a-4b84-9f9e-65ab2b8d2b52,4e7b0156-747d-4b3f-89f4-97a0e6b9e65a,70944bdb-26a5-44e3-90ee-7a92a09151e0
efc3e765-deb5-4dc1-aa06-1988c28a065e,34d33e32-63e8-4e99-a629-ad0ad28ed236,f891b0c3-dd3f-487e-92bd-c6619fe0a8c7
9d9832f8-5d60-4411-a5c5-29464021b4cc,eca6b9cb-b9d8-4955-a8ba-6763cf1e20d2,a1a27485-7134-4c2a-b80b-3657117b355b
40502e24-7d5b-4a19-a6f3-4f55936b7e54,473772d1-fbf4-4d8e-b12a-534befff80d1,a1a27485-7134-4c2a-b80b-3657117b355b
794e01c1-919d-46b3-afe5-018d0b05167d,0af9293b-07d2-41ac-ac23-07b672b0d47f,12fe28bf-81e0-4489-9a18-e2a30e614bcd
6ca6b433-6660-4f8c-a92d-8eb7dd79011a,e37cec0d-a7e5-4d9f-aa50-be888ad57dda,70944bdb-26a5-44e3-90ee-7a92a09151e0
65d1072c-2f16-4a47-866e-627521d59d6c,9d5232cd-673b-4d0c-ac26-4a457cb312ce,f891b0c3-dd3f-487e-92bd-c6619fe0a8c7
5ce61ca8-802d-43be-b96a-b0fb771f5b04,9dfafab8-1c0d-4d32-b00b-a254c391d38e,a1a27485-7134-4c2a-b80b-3657117b355b
f08d0c26-e1bd-410a-812d-c44942d1db9a,836c8e90-181c-4ddc-9a52-566f935f71fa,f891b0c3-dd3f-487e-92bd-c6619fe0a8c7
0fe21abf-ce85-4755-940c-16dac7a20b90,f9add34e-a95c-43de-812b-43821a1b3c36,70944bdb-26a5-44e3-90ee-7a92a09151e0
6491072d-aab3-4c6c-a3d5-30ff6c4af7de,cdb3dec8-b05d-4a0f-ac0b-08c38de589ca,f891b0c3-dd3f-487e-92bd-c6619fe0a8c7
76ad5ad4-a2b0-45cf-a6e9-58ce212c7741,ef6955e1-61a6-4266-9ab5-41baf00ef6a9,f891b0c3-dd3f-487e-92bd-c6619fe0a8c7
b6c805d9-be2b-454e-864f-940fb122c80e,744ac962-c276-4a1b-832d-8ebd4273e4c5,12fe28bf-81e0-4489-9a18-e2a30e614bcd
93b32ff6-8092-4292-bd9e-387758896c8e,b8bb7f08-9c09-42c6-b912-579120b5d4fa,a1a27485-7134-4c2a-b80b-3657117b355b
8a159170-a715-405c-abd2-e2532f0a69ef,113c8c3c-85dc-4fd8-a3f1-53a1bef54ccf,a1a27485-7134-4c2a-b80b-3657117b355b
c060a413-7fa1-405d-af0e-a2a3655065d5,ef918e7d-1381-4574-86ef-c4fde27af8d4,f891b0c3-dd3f-487e-92bd-c6619fe0a8c7
55e0d5f6-9cde-45ed-aeba-1f50c4fc68b9,b9bde635-fc82-4a95-b423-71ba698ba38b,97674900-4651-4367-8bdc-43184d85a3d2
157888d3-10d6-41cd-a9b8-ae7282698706,04f07e94-11f8-4244-ae76-2a002a1de03d,12fe28bf-81e0-4489-9a18-e2a30e614bcd
5b86352e-afbc-4d42-a39a-3478ba36ec40,75b4db4d-7f8a-4775-8538-e1ee016ddfa6,70944bdb-26a5-44e3-90ee-7a92a09151e0
aaf200e4-7cfe-4a27-94a6-72b94fcd080d,1b855785-dd83-4820-9225-f9326e4754b4,12fe28bf-81e0-4489-9a18-e2a30e614bcd
ea779414-b90e-44d6-9a11-a5947b58f1c3,87306c85-0327-422c-b95b-0996f5221c9b,a1a27485-7134-4c2a-b80b-3657117b355b
097b4bfe-fbd4-4390-945d-3345255b0697,a177bd72-e54a-4263-aeb1-fd93c9843a6f,97674900-4651-4367-8bdc-43184d85a3d2
2075c370-1c21-4258-aa6d-3f570894a338,c741509a-b84b-41db-86a5-f4ac586f7a14,97674900-4651-4367-8bdc-43184d85a3d2
5b5f0a80-6108-4638-828c-4215f5a067be,57c79ee5-696c-4170-aa01-6a0425384951,f891b0c3-dd3f-487e-92bd-c6619fe0a8c7
526892d0-953d-4674-bc6a-3e003b3612ad,21eea49c-0124-4ec7-a45b-40d8e2114a92,a1a27485-7134-4c2a-b80b-3657117b355b
c21f57d0-cf17-4bc9-ab8e-4a66dc01abf5,d9f1e8be-010c-4aee-bddc-9b7ad9038b41,97674900-4651-4367-8bdc-43184d85a3d2
7e2df89f-7c9a-4271-b74f-f43a777adc2b,7d1eb6e3-7ae1-4344-9739-4b99f68de59d,70944bdb-26a5-44e3-90ee-7a92a09151e0
e8a6c000-980c-47c4-9930-0ed9d7d83ef4,ffcbf0f9-c85b-4c82-98c5-47d18b80b54a,70944bdb-26a5-44e3-90ee-7a92a09151e0
f9c00138-1d3e-4627-bf26-3d1ddb9ba9f5,5350a1d7-10eb-4da1-b877-5cc17e8f3bc3,12fe28bf-81e0-4489-9a18-e2a30e614bcd
29c358b4-4a63-4253-9dae-1d99427b8a3f,33fec0c2-682b-4482-9584-ef44cdafe275,12fe28bf-81e0-4489-9a18-e2a30e614bcd
b9ee242e-b496-479d-be61-4b6740396fca,ffcf43ba-f1de-4a9a-9812-f0bc62281bc8,12fe28bf-81e0-4489-9a18-e2a30e614bcd
4d546c9e-ce5c-4fcc-bbe8-5658ac122a58,4d249e89-e1d4-482b-b792-fd70abf44f85,f891b0c3-dd3f-487e-92bd-c6619fe0a8c7
edd53ad7-480b-4253-baf2-6f4946d6dbd5,88a8e76d-b95f-45f3-8c54-594cc416c738,70944bdb-26a5-44e3-90ee-7a92a09151e0
32a07be6-abc0-4536-b4d8-95bb3c9f7f57,aa0a7abc-2b1a-45bc-8f61-c602eef267f2,a1a27485-7134-4c2a-b80b-3657117b355b
701ea9ae-4218-46cd-9b80-47ca4af001d5,3d77a01f-7b16-4be4-b5f2-b540be0c4cbf,70944bdb-26a5-44e3-90ee-7a92a09151e0
7c8d6baf-5b20-48e8-991c-5cd394468788,3c8b9fa5-327e-4281-be55-0d2496e9476f,97674900-4651-4367-8bdc-43184d85a3d2
9bef11e0-342f-461c-94e0-c02c18cd8076,7d13d6b7-6d63-4d8e-bedb-d45186061ceb,f891b0c3-dd3f-487e-92bd-c6619fe0a8c7
f9ee4fa1-9560-4bee-b132-006ae74285ba,956440db-d0d6-4a6b-9921-046d02a6f0b9,70944bdb-26a5-44e3-90ee-7a92a09151e0
2d0a6cf4-0aea-4f02-bbc0-4ac23ef7614c,117dae60-ff73-4d19-a948-d12d15c2c7a2,70944bdb-26a5-44e3-90ee-7a92a09151e0
13ffcbb3-1d7d-4f67-b670-3f3b8ba4a65d,e16da470-6154-4ffb-a76a-dc6f37d825eb,12fe28bf-81e0-4489-9a18-e2a30e614bcd
6c2416e3-a347-47c2-a4e8-a981f9ac0b95,c0ab2335-80a3-40a3-a5e3-afc4d75780ab,a1a27485-7134-4c2a-b80b-3657117b355b
4fac1c43-75b9-47fd-8be6-dbed0e02c279,dd3c63da-7c02-4a99-a90f-931ebd3d9811,f891b0c3-dd3f-487e-92bd-c6619fe0a8c7
1c7a7021-49a5-42a0-b50f-864b3abb9829,3f301d0e-57de-45fc-bf52-6f5ed9fe9e36,12fe28bf-81e0-4489-9a18-e2a30e614bcd
8bc8fa4b-2c92-4950-a03b-d0e75b3b9174,9c60fed5-5854-4464-b5fb-a7b559529a71,97674900-4651-4367-8bdc-43184d85a3d2
de440916-7941-48dc-9745-7f645bd088e0,c13587ad-085e-4083-991c-d5ae8bb907a1,a1a27485-7134-4c2a-b80b-3657117b355b
26da3326-3911-41b6-be8c-26d44e1ac524,ba468d1c-8f22-416e-87c8-07e45c686ace,f891b0c3-dd3f-487e-92bd-c6619fe0a8c7
9bf595da-0608-4722-8fb8-d9a8f9a8fdd9,6dfae981-994f-42e2-bdff-d9c5edb74d21,a1a27485-7134-4c2a-b80b-3657117b355b
2cd99d2e-2e29-412c-904b-a1e8c58000fc,75f6b79f-dcdd-4af1-b806-44b98215166f,f891b0c3-dd3f-487e-92bd-c6619fe0a8c7
5d0f0d77-a621-4ce9-bf46-d995c6c34472,b67345af-fbdc-4d84-98d7-3c42fb94791d,12fe28bf-81e0-4489-9a18-e2a30e614bcd
11ff899e-8865-461c-a336-9d8128475024,fb5ac740-84aa-45aa-8141-0990deff7a07,12fe28bf-81e0-4489-9a18-e2a30e614bcd
35c2f1d1-c526-4545-816c-2a920d0a08b7,855ac289-bd8e-4780-aa9f-33d1d177af1d,f891b0c3-dd3f-487e-92bd-c6619fe0a8c7
26c1fb94-0fb4-4e05-8d09-36875173fb61,694fc5f7-c343-4b00-bfe1-189493e93f15,a1a27485-7134-4c2a-b80b-3657117b355b
2549fc7e-94e3-472e-97d0-e9aa43887c01,258db8c9-7594-4713-ba86-41db41fb5883,12fe28bf-81e0-4489-9a18-e2a30e614bcd
6e6b8d5f-301e-450d-b43a-cddf0ca0679a,e9352b4b-7594-44b7-b0e8-c507cc5456fd,f891b0c3-dd3f-487e-92bd-c6619fe0a8c7
58be3e67-7123-4c14-acca-61ac140f93c5,a0b0445b-0890-4226-baa6-2f83485a0d93,a1a27485-7134-4c2a-b80b-3657117b355b
a3aea4f1-f756-4d56-9ec7-1b4bc649d5c3,7a8f0c1f-9dfd-44b5-8af4-7090fac8d1c7,97674900-4651-4367-8bdc-43184d85a3d2
e7c922cc-09af-4014-9129-b8fde38122c7,69e1e176-39a3-408b-a732-e8c9e6febddf,70944bdb-26a5-44e3-90ee-7a92a09151e0
51b03c31-86bf-43c9-a786-e127f6a766f2,2390ebc9-d6a2-41d2-8c8b-8aac38a09d20,12fe28bf-81e0-4489-9a18-e2a30e614bcd
04f589a0-379d-4f46-9bf2-06effe427f1f,4cf6afb0-f7fc-4742-828d-37d5dd434420,a1a27485-7134-4c2a-b80b-3657117b355b
f4c30807-132b-4bad-bcd4-c652d41b943d,78f1b7ee-f282-4671-b418-d1e6e940b0e8,12fe28bf-81e0-4489-9a18-e2a30e614bcd
9962dc13-4411-4011-aefa-aa48e1ed070b,ed6e6414-2fb1-41b2-bb30-1afde3350631,70944bdb-26a5-44e3-90ee-7a92a09151e0
3696b48f-96fc-45cb-a30d-76c566b0e240,81bf889d-77f4-4bf0-98fc-242eb08bb131,f891b0c3-dd3f-487e-92bd-c6619fe0a8c7
01586353-2ed0-452b-8f67-01eede11f42d,11717750-9ed9-4524-ab87-b4bddd9a554c,f891b0c3-dd3f-487e-92bd-c6619fe0a8c7
7e8979e3-57f6-469e-b1ef-fb7f316a8543,31e1ab4e-eaac-4e0d-8c94-fa869cf9215b,70944bdb-26a5-44e3-90ee-7a92a09151e0
6045ab31-29f0-4f9b-9a16-ea5aae74eb38,328202ac-b43f-4df7-a3dc-9d376b00ace1,a1a27485-7134-4c2a-b80b-3657117b355b
18d2d836-7ffc-4150-8206-ab7be7eee44f,8e95e1fd-9de5-4eb2-bbd4-a3ebf6c618f4,97674900-4651-4367-8bdc-43184d85a3d2
19200e54-f50e-4598-baef-74926dd2e014,0116d3fc-2d48-4fbe-a8a7-9792baccb55c,70944bdb-26a5-44e3-90ee-7a92a09151e0
c7e74870-c654-43fb-af00-c65100cf094a,96f668fc-3648-4a45-a61c-744f6862025f,97674900-4651-4367-8bdc-43184d85a3d2
eafdb109-d6c5-4021-a553-c4c9cd76e92d,e2b95588-1b35-434d-929b-dee024d3ac04,f891b0c3-dd3f-487e-92bd-c6619fe0a8c7
bcc0c142-ad8d-4763-9d05-dd83cb3b1bde,876497bc-84e4-4616-b202-b13109c5f54e,f891b0c3-dd3f-487e-92bd-c6619fe0a8c7
233760f8-0e96-4dfd-ab3b-12584f836b11,4f386eee-92d1-432f-b0a6-b7c7f36e9262,70944bdb-26a5-44e3-90ee-7a92a09151e0
748616c8-5bc5-40d1-a05e-23deb56d1bae,9e4697bb-dd58-417a-b491-43db6dc9ae12,12fe28bf-81e0-4489-9a18-e2a30e614bcd
65c0a647-dac1-4d41-b9b0-9031930ccac8,ebe7c934-89ab-45a4-ac47-2d5ecad6173e,f891b0c3-dd3f-487e-92bd-c6619fe0a8c7
a1db6c93-8852-4948-9151-4abfd4469741,f98fd283-e9ec-49b8-a6e5-dfe0ec11f240,f891b0c3-dd3f-487e-92bd-c6619fe0a8c7
48d9d151-cac8-4b4b-902d-0bd515517ec2,a9d899d1-b0ce-42d8-9bd3-e71916d1b780,12fe28bf-81e0-4489-9a18-e2a30e614bcd
de2ed552-e3e0-48a2-a66c-d06c5137d37f,6c1ce7fa-8c70-478c-bb4f-045897c4d091,97674900-4651-4367-8bdc-43184d85a3d2
175641ab-4856-4011-a844-8923d1db2d55,7dd9d84d-f47b-4a8a-a765-f82d6e8f122e,a1a27485-7134-4c2a-b80b-3657117b355b
28e59a23-dd73-4f89-8db3-df82d1d253de,2fe2ccac-4aef-49f5-99da-d0c1b10c26e2,f891b0c3-dd3f-487e-92bd-c6619fe0a8c7
da22fdba-3d42-42f6-b3e2-682fd6b79c85,9be2e983-a0b6-4f58-a08b-23dd32d7bb48,70944bdb-26a5-44e3-90ee-7a92a09151e0
6c72fef9-2ff2-4efe-9236-4de801444c69,1254fe6f-700b-4727-af64-f30df9a53b65,12fe28bf-81e0-4489-9a18-e2a30e614bcd
1c2f1bfe-4ffd-443b-9848-8908e24c49d7,da4c4932-59c6-4087-b477-1ba5bd36d94f,70944bdb-26a5-44e3-90ee-7a92a09151e0
2ebb1bd2-bf7a-408d-8a14-1258818b01a2,5fee946a-0354-4205-a609-5120c6b6dec4,f891b0c3-dd3f-487e-92bd-c6619fe0a8c7
0ac15471-50c4-4172-9e37-4bf3bf2c700a,22f0753b-edb9-4daf-bc80-f95b3ba7ddbc,12fe28bf-81e0-4489-9a18-e2a30e614bcd
0d71898c-f814-4e50-8c9b-acda9e17977f,992913e9-09bd-436f-a550-856d37ec8385,f891b0c3-dd3f-487e-92bd-c6619fe0a8c7
ec6b0404-b88d-42f8-8f56-f925b0fe9150,414b9a93-ae5b-4681-b571-a2479706ce26,f891b0c3-dd3f-487e-92bd-c6619fe0a8c7
60834171-f166-47b0-8f29-7aaef433738c,bf9e1593-e2ef-4e7c-af9d-e4ea0e1d02da,a1a27485-7134-4c2a-b80b-3657117b355b
d3188ac8-a7dd-4261-b392-23f035428cec,2cbff242-c36c-4830-8525-43351c7cb33b,97674900-4651-4367-8bdc-43184d85a3d2
434189e1-9512-4c84-af45-613acb225999,64284a62-2122-48d5-81b1-512d0e44d134,a1a27485-7134-4c2a-b80b-3657117b355b
c59502d7-78b0-4e77-a7a4-c0da7e2f2ffd,b481a411-3e5f-48c9-b1cf-143ff66601e4,a1a27485-7134-4c2a-b80b-3657117b355b
36cfab89-3eaa-48df-9ae2-e79d87ddce08,eb1c9fe3-f470-400c-808a-69c1d79ff5f2,70944bdb-26a5-44e3-90ee-7a92a09151e0
44f4970f-dcf2-4c22-bf4a-c53dfeeed4b2,0664a4a8-a539-45ec-a4f0-881df43b3e69,12fe28bf-81e0-4489-9a18-e2a30e614bcd
a7440852-dc32-4026-b04b-64f863736c4a,cdcc1176-76a3-45ec-8ed4-36c5dad6c261,12fe28bf-81e0-4489-9a18-e2a30e614bcd
5a31361b-e092-45b9-91fb-a9a23a638317,b9ed6643-6804-4f49-9d1c-170ab5d88db0,f891b0c3-dd3f-487e-92bd-c6619fe0a8c7
61431368-762a-4837-b24d-1b6623dde6b7,acb51955-41e5-4f01-8c30-543d4e776fa1,70944bdb-26a5-44e3-90ee-7a92a09151e0
904f3dda-821f-4940-bf90-2b514b4770d8,4cc0c2eb-eb4b-4299-a840-b5dd997ad1d0,12fe28bf-81e0-4489-9a18-e2a30e614bcd
5b013e1e-12b1-4e20-a660-8738ac6c5920,8fb33deb-d288-4da9-9137-913cd526dee2,f891b0c3-dd3f-487e-92bd-c6619fe0a8c7
a1d99cd4-26e0-43b0-81d9-55794f7d8924,00cb277d-537b-4e18-9a8c-56cf08165c64,97674900-4651-4367-8bdc-43184d85a3d2
5701e312-8e34-42e6-9d0a-de45fceb8ac9,68ba0777-b4b1-4ada-b3d5-4becc46b2d74,97674900-4651-4367-8bdc-43184d85a3d2
440258de-5724-438e-b72e-9b786490fb5e,2d92823e-0d69-4dd6-af85-954d48c583a9,70944bdb-26a5-44e3-90ee-7a92a09151e0
4fc4f6fe-df78-459b-b08b-919b769785db,3925f082-aaed-454f-82e8-9f057e7fb134,97674900-4651-4367-8bdc-43184d85a3d2
b458f81b-69f6-4dd1-a616-21e1032b4d87,78d6f539-560b-4a40-a1f1-88951dab7751,70944bdb-26a5-44e3-90ee-7a92a09151e0
cd49a91c-7805-4c1b-82ae-37798b18b76d,3491f3d7-0bb6-49f7-a371-6b3f02680519,12fe28bf-81e0-4489-9a18-e2a30e614bcd
dda27bb8-8dd8-40d5-97ab-3de6b0b68734,e638aa59-f027-4c26-be0f-09c4bae4c677,70944bdb-26a5-44e3-90ee-7a92a09151e0
ecbf57a5-d138-411c-ae81-74f5e0f466ed,7f9c89a1-2573-4f85-82c3-ca759c2b2584,a1a27485-7134-4c2a-b80b-3657117b355b
60018514-9b21-4310-9f30-bc3df3ac58cd,c261cda9-ef57-4538-9754-da6978019d2a,f891b0c3-dd3f-487e-92bd-c6619fe0a8c7
89ab58fc-7e07-4327-b678-c6df94d5520d,ddb2ae11-9b59-4823-b494-8aeb8b1d7f73,a1a27485-7134-4c2a-b80b-3657117b355b
c1d2798d-0ca3-46f9-bc9f-e862949cab73,a375b055-cc7f-4add-8ff5-13821d059e5f,70944bdb-26a5-44e3-90ee-7a92a09151e0
cd68d2c8-099e-4ae2-b5f1-ff38e099edd4,25f19568-eb61-4fff-9aa6-f23b65c23fce,f891b0c3-dd3f-487e-92bd-c6619fe0a8c7
d7b4b089-065e-498b-8e85-271a4180ae80,1247aef9-a3ed-4f35-bf31-4af2880c79c9,70944bdb-26a5-44e3-90ee-7a92a09151e0
dd6b173c-f730-486c-9839-02654da77b39,49b12a03-10c0-484c-8237-739a6995d1fe,12fe28bf-81e0-4489-9a18-e2a30e614bcd
2bb0c06f-dc86-40d4-8bd5-3f9dcfd94e61,8c696cf2-4b38-46c0-ae7e-1c0f7c541395,a1a27485-7134-4c2a-b80b-3657117b355b
978c8fc0-a129-411a-ac0c-8c6f0f1c3274,194d496e-fba7-40c1-b66a-ad35fa6fe45f,f891b0c3-dd3f-487e-92bd-c6619fe0a8c7
08fea62e-025e-492c-b914-54f079e539f3,1d744d05-619b-4ebe-8e91-b0d90c8145c8,97674900-4651-4367-8bdc-43184d85a3d2
57852514-43c0-4a61-a0c1-73dac43dbe7b,89fe5ee5-bb1f-4e1d-90b6-b623e1cd6595,a1a27485-7134-4c2a-b80b-3657117b355b
169a1d56-cd77-4be6-8409-be50e092b3da,28d81fa1-409d-4e3f-bf0d-c250d30b13a4,f891b0c3-dd3f-487e-92bd-c6619fe0a8c7
fc531d70-cea9-4475-b30b-3ddf9c3cecfb,2c7aad9d-77a2-4cfa-a24f-f6505926ea76,a1a27485-7134-4c2a-b80b-3657117b355b
8f124782-4b39-4849-9cbb-ddb26b73eebd,4dac3662-ce95-4012-bf16-31a20609e087,70944bdb-26a5-44e3-90ee-7a92a09151e0
19821b1e-3ff2-4225-a66d-2da62bd08665,6cccb5ac-8807-4e82-bf17-00eb5ee3a394,f891b0c3-dd3f-487e-92bd-c6619fe0a8c7
6ce27653-48b8-45ed-9f34-54fd8976d296,0c0ca703-579c-4317-bc6a-0cef97b2e320,97674900-4651-4367-8bdc-43184d85a3d2
c69add2f-e687-4060-a217-be575ab7d649,09b677d4-7926-4c37-a93e-5b401b94cefc,70944bdb-26a5-44e3-90ee-7a92a09151e0
45797d6e-dd45-4c31-8374-8e6828f67d95,6458b0c1-06be-4a12-9cb4-c0f807c78af2,a1a27485-7134-4c2a-b80b-3657117b355b
77e942f2-5e84-4a85-8d00-04337fbd0845,426d3c0a-fa62-4311-8e6b-0de5cdd06382,f891b0c3-dd3f-487e-92bd-c6619fe0a8c7
