productpricelevelid,pricelevelid,productid,uomid,amount,transactioncurrencyid
956269f0-e5d7-4875-adad-d6c795a76d79,bf3c4c06-4343-48bc-89fa-6a688fb5d27b,bdd640fb-0667-4ad1-9c80-317fa3b1799d,3b0b0e6c-5a36-4b8e-8c1e-0d7c5e2f9a11,267100000.00000003,7f5b6f7e-1c2d-4a4e-9a51-3a3f1d3c0a01
ff50bde4-3825-47b8-9cab-cc97663f1c97,bf3c4c06-4343-48bc-89fa-6a688fb5d27b,23b8c1e9-3924-46de-beb1-3b9046685257,3b0b0e6c-5a36-4b8e-8c1e-0d7c5e2f9a11,262100000.00000003,7f5b6f7e-1c2d-4a4e-9a51-3a3f1d3c0a01
7e570ddf-8270-40a8-a369-b584ff5e9ff0,bf3c4c06-4343-48bc-89fa-6a688fb5d27b,bd9c66b3-ad3c-4d6d-9a3d-1fa7bc8960a9,3b0b0e6c-5a36-4b8e-8c1e-0d7c5e2f9a11,258300000.0,7f5b6f7e-1c2d-4a4e-9a51-3a3f1d3c0a01
dc713d96-0c0f-4195-817a-f08a1745d6d8,bf3c4c06-4343-48bc-89fa-6a688fb5d27b,972a8469-1641-4f82-8b9d-2434e465e150,3b0b0e6c-5a36-4b8e-8c1e-0d7c5e2f9a11,253200000.0,7f5b6f7e-1c2d-4a4e-9a51-3a3f1d3c0a01
28f49481-a0a0-4dc4-a720-9bdf1c11f735,bf3c4c06-4343-48bc-89fa-6a688fb5d27b,17fc695a-07a0-4a6e-8822-e8f36c031199,3b0b0e6c-5a36-4b8e-8c1e-0d7c5e2f9a11,257700000.0,7f5b6f7e-1c2d-4a4e-9a51-3a3f1d3c0a01
98ae4334-6c12-4ce8-ae34-0454cac5b68c,bf3c4c06-4343-48bc-89fa-6a688fb5d27b,9a1de644-815e-46d1-bb8f-aa1837f8a88b,3b0b0e6c-5a36-4b8e-8c1e-0d7c5e2f9a11,250300000.0,7f5b6f7e-1c2d-4a4e-9a51-3a3f1d3c0a01
988c24c9-61b1-4d22-a280-1c4510435a10,bf3c4c06-4343-48bc-89fa-6a688fb5d27b,b74d0fb1-32e7-4629-8fad-c1a606cb0fb3,3b0b0e6c-5a36-4b8e-8c1e-0d7c5e2f9a11,314700000.0,7f5b6f7e-1c2d-4a4e-9a51-3a3f1d3c0a01
405cacec-8774-49a9-b7d2-1e02ff01cf99,bf3c4c06-4343-48bc-89fa-6a688fb5d27b,6b65a6a4-8b81-48f6-b38a-088ca65ed389,3b0b0e6c-5a36-4b8e-8c1e-0d7c5e2f9a11,311600000.0,7f5b6f7e-1c2d-4a4e-9a51-3a3f1d3c0a01
f143262f-dc5c-4eed-8da0-365bf89897b9,bf3c4c06-4343-48bc-89fa-6a688fb5d27b,47378190-96da-4dac-b2ff-5d2a386ecbe0,3b0b0e6c-5a36-4b8e-8c1e-0d7c5e2f9a11,315200000.0,7f5b6f7e-1c2d-4a4e-9a51-3a3f1d3c0a01
1d53434b-b881-49b9-ae27-0da702f06b90,bf3c4c06-4343-48bc-89fa-6a688fb5d27b,c241330b-01a9-471f-9e8a-774bcf36d58b,3b0b0e6c-5a36-4b8e-8c1e-0d7c5e2f9a11,331900000.0,7f5b6f7e-1c2d-4a4e-9a51-3a3f1d3c0a01
c0398710-8976-4334-a281-7efdae849217,bf3c4c06-4343-48bc-89fa-6a688fb5d27b,6c307511-b2b9-437a-a8df-6ec4ce4a2bbd,3b0b0e6c-5a36-4b8e-8c1e-0d7c5e2f9a11,308800000.0,7f5b6f7e-1c2d-4a4e-9a51-3a3f1d3c0a01
5715bd6f-a416-4293-84c2-e2e3444ea7c8,bf3c4c06-4343-48bc-89fa-6a688fb5d27b,371ecd7b-27cd-4130-8722-9389571aa876,3b0b0e6c-5a36-4b8e-8c1e-0d7c5e2f9a11,309800000.0,7f5b6f7e-1c2d-4a4e-9a51-3a3f1d3c0a01
287d06ca-6f4c-469a-8b22-d3081c8eaee9,bf3c4c06-4343-48bc-89fa-6a688fb5d27b,1a2a73ed-562b-4f79-8374-59eef50bea63,3b0b0e6c-5a36-4b8e-8c1e-0d7c5e2f9a11,336800000.0,7f5b6f7e-1c2d-4a4e-9a51-3a3f1d3c0a01
b8db0672-f42d-47cc-80d4-af5974273ca3,bf3c4c06-4343-48bc-89fa-6a688fb5d27b,5be6128e-18c2-4797-a142-ea7d17be3111,3b0b0e6c-5a36-4b8e-8c1e-0d7c5e2f9a11,329800000.0,7f5b6f7e-1c2d-4a4e-9a51-3a3f1d3c0a01
f8cda88b-436d-46e2-b83c-fe0be037e5ed,bf3c4c06-4343-48bc-89fa-6a688fb5d27b,43b7a3a6-9a8d-4a03-980d-7b71d8f56413,3b0b0e6c-5a36-4b8e-8c1e-0d7c5e2f9a11,341500000.0,7f5b6f7e-1c2d-4a4e-9a51-3a3f1d3c0a01
81f76d1c-2dbc-4134-830f-f46e8026695f,bf3c4c06-4343-48bc-89fa-6a688fb5d27b,759cde66-bacf-43d0-8b1f-9163ce9ff57f,3b0b0e6c-5a36-4b8e-8c1e-0d7c5e2f9a11,389800000.0,7f5b6f7e-1c2d-4a4e-9a51-3a3f1d3c0a01
a013ac6e-deda-4e16-9b3d-bd5ce9a1fa6f,bf3c4c06-4343-48bc-89fa-6a688fb5d27b,ec1b8ca1-f91e-4d4c-9ff4-9b7889463e85,3b0b0e6c-5a36-4b8e-8c1e-0d7c5e2f9a11,382300000.0,7f5b6f7e-1c2d-4a4e-9a51-3a3f1d3c0a01
81f631d4-a392-41a7-9777-a4774c66e0a8,bf3c4c06-4343-48bc-89fa-6a688fb5d27b,4b0dbb41-8d52-48f1-942c-3fe860e7a113,3b0b0e6c-5a36-4b8e-8c1e-0d7c5e2f9a11,456400000.0,7f5b6f7e-1c2d-4a4e-9a51-3a3f1d3c0a01
5fb8d16c-2720-497d-b2eb-d6899be578c7,bf3c4c06-4343-48bc-89fa-6a688fb5d27b,e2acf72f-9e57-4f7a-a0ee-89aed453dd32,3b0b0e6c-5a36-4b8e-8c1e-0d7c5e2f9a11,448200000.0,7f5b6f7e-1c2d-4a4e-9a51-3a3f1d3c0a01
f4188f3f-8a14-4e62-a95b-4715c333e861,bf3c4c06-4343-48bc-89fa-6a688fb5d27b,3139d32c-93cd-49bf-9c94-1cf0dc98d2c1,3b0b0e6c-5a36-4b8e-8c1e-0d7c5e2f9a11,351700000.0,7f5b6f7e-1c2d-4a4e-9a51-3a3f1d3c0a01
eb2263dd-87c5-421e-ac24-a3c5c754108f,bf3c4c06-4343-48bc-89fa-6a688fb5d27b,a9488d99-0bbb-4599-91ce-5dd2b45ed1f0,3b0b0e6c-5a36-4b8e-8c1e-0d7c5e2f9a11,356000000.0,7f5b6f7e-1c2d-4a4e-9a51-3a3f1d3c0a01
7d154385-52fb-443b-9954-6eb400257ad1,bf3c4c06-4343-48bc-89fa-6a688fb5d27b,fc377a4c-4a15-444d-85e7-ce8a3a578a8e,3b0b0e6c-5a36-4b8e-8c1e-0d7c5e2f9a11,365900000.0,7f5b6f7e-1c2d-4a4e-9a51-3a3f1d3c0a01
5cec4eb5-edd9-4831-9ca3-5cfb04fc6d82,bf3c4c06-4343-48bc-89fa-6a688fb5d27b,ddd1dfb2-3b98-4ef8-9af6-1a26146d3f31,3b0b0e6c-5a36-4b8e-8c1e-0d7c5e2f9a11,248400000.0,7f5b6f7e-1c2d-4a4e-9a51-3a3f1d3c0a01
3da9c2a9-0ed4-4f1a-bd4c-bf374eb93eff,ce88cb2d-d4e8-4839-bc3e-058be0f3eab0,bdd640fb-0667-4ad1-9c80-317fa3b1799d,3b0b0e6c-5a36-4b8e-8c1e-0d7c5e2f9a11,273000000.0,7f5b6f7e-1c2d-4a4e-9a51-3a3f1d3c0a01
14296c07-f26b-4776-913e-4de2e0c53cb8,ce88cb2d-d4e8-4839-bc3e-058be0f3eab0,23b8c1e9-3924-46de-beb1-3b9046685257,3b0b0e6c-5a36-4b8e-8c1e-0d7c5e2f9a11,268300000.0,7f5b6f7e-1c2d-4a4e-9a51-3a3f1d3c0a01
d0e6e660-7c69-4ee1-bb5e-4bcf15ed6269,ce88cb2d-d4e8-4839-bc3e-058be0f3eab0,bd9c66b3-ad3c-4d6d-9a3d-1fa7bc8960a9,3b0b0e6c-5a36-4b8e-8c1e-0d7c5e2f9a11,265000000.0,7f5b6f7e-1c2d-4a4e-9a51-3a3f1d3c0a01
885f6e66-c2b6-42c5-ba5d-310011b7e948,ce88cb2d-d4e8-4839-bc3e-058be0f3eab0,972a8469-1641-4f82-8b9d-2434e465e150,3b0b0e6c-5a36-4b8e-8c1e-0d7c5e2f9a11,259700000.0,7f5b6f7e-1c2d-4a4e-9a51-3a3f1d3c0a01
a8e56e0c-20de-435d-a031-d750c40db9b4,ce88cb2d-d4e8-4839-bc3e-058be0f3eab0,17fc695a-07a0-4a6e-8822-e8f36c031199,3b0b0e6c-5a36-4b8e-8c1e-0d7c5e2f9a11,262300000.0,7f5b6f7e-1c2d-4a4e-9a51-3a3f1d3c0a01
2a45c2ab-8cbf-4db0-b264-accc79ac1b1e,ce88cb2d-d4e8-4839-bc3e-058be0f3eab0,9a1de644-815e-46d1-bb8f-aa1837f8a88b,3b0b0e6c-5a36-4b8e-8c1e-0d7c5e2f9a11,255100000.0,7f5b6f7e-1c2d-4a4e-9a51-3a3f1d3c0a01
9b49bd26-df57-459a-8715-a10343dac043,ce88cb2d-d4e8-4839-bc3e-058be0f3eab0,b74d0fb1-32e7-4629-8fad-c1a606cb0fb3,3b0b0e6c-5a36-4b8e-8c1e-0d7c5e2f9a11,325300000.0,7f5b6f7e-1c2d-4a4e-9a51-3a3f1d3c0a01
edcd465e-3638-4821-b6e0-7cc06c52c49f,ce88cb2d-d4e8-4839-bc3e-058be0f3eab0,6b65a6a4-8b81-48f6-b38a-088ca65ed389,3b0b0e6c-5a36-4b8e-8c1e-0d7c5e2f9a11,319600000.0,7f5b6f7e-1c2d-4a4e-9a51-3a3f1d3c0a01
b09b2a5c-badc-432a-8159-0f538a0f4efb,ce88cb2d-d4e8-4839-bc3e-058be0f3eab0,47378190-96da-4dac-b2ff-5d2a386ecbe0,3b0b0e6c-5a36-4b8e-8c1e-0d7c5e2f9a11,322400000.0,7f5b6f7e-1c2d-4a4e-9a51-3a3f1d3c0a01
66245bfa-4fcc-439a-b683-d2e6337ea2df,ce88cb2d-d4e8-4839-bc3e-058be0f3eab0,c241330b-01a9-471f-9e8a-774bcf36d58b,3b0b0e6c-5a36-4b8e-8c1e-0d7c5e2f9a11,341200000.0,7f5b6f7e-1c2d-4a4e-9a51-3a3f1d3c0a01
5f987c71-a65e-488e-abf3-ad39fec21bbe,ce88cb2d-d4e8-4839-bc3e-058be0f3eab0,6c307511-b2b9-437a-a8df-6ec4ce4a2bbd,3b0b0e6c-5a36-4b8e-8c1e-0d7c5e2f9a11,312600000.0,7f5b6f7e-1c2d-4a4e-9a51-3a3f1d3c0a01
7394988f-847f-49b4-a64d-1bcb702753a1,ce88cb2d-d4e8-4839-bc3e-058be0f3eab0,371ecd7b-27cd-4130-8722-9389571aa876,3b0b0e6c-5a36-4b8e-8c1e-0d7c5e2f9a11,320100000.0,7f5b6f7e-1c2d-4a4e-9a51-3a3f1d3c0a01
1064005c-3985-43cf-bf76-be1d1efa2197,ce88cb2d-d4e8-4839-bc3e-058be0f3eab0,1a2a73ed-562b-4f79-8374-59eef50bea63,3b0b0e6c-5a36-4b8e-8c1e-0d7c5e2f9a11,341200000.0,7f5b6f7e-1c2d-4a4e-9a51-3a3f1d3c0a01
8dcdcd03-969b-4662-8562-8059568cc69b,ce88cb2d-d4e8-4839-bc3e-058be0f3eab0,5be6128e-18c2-4797-a142-ea7d17be3111,3b0b0e6c-5a36-4b8e-8c1e-0d7c5e2f9a11,334000000.0,7f5b6f7e-1c2d-4a4e-9a51-3a3f1d3c0a01
01d74256-3860-4ab6-96a4-02f23ae8cc93,ce88cb2d-d4e8-4839-bc3e-058be0f3eab0,43b7a3a6-9a8d-4a03-980d-7b71d8f56413,3b0b0e6c-5a36-4b8e-8c1e-0d7c5e2f9a11,353800000.0,7f5b6f7e-1c2d-4a4e-9a51-3a3f1d3c0a01
0f1259e0-a18f-46b6-b535-106e122c9a56,ce88cb2d-d4e8-4839-bc3e-058be0f3eab0,759cde66-bacf-43d0-8b1f-9163ce9ff57f,3b0b0e6c-5a36-4b8e-8c1e-0d7c5e2f9a11,399900000.0,7f5b6f7e-1c2d-4a4e-9a51-3a3f1d3c0a01
080aadfb-e7c9-4b26-9141-25c63a9bedd4,ce88cb2d-d4e8-4839-bc3e-058be0f3eab0,ec1b8ca1-f91e-4d4c-9ff4-9b7889463e85,3b0b0e6c-5a36-4b8e-8c1e-0d7c5e2f9a11,392200000.0,7f5b6f7e-1c2d-4a4e-9a51-3a3f1d3c0a01
839fbc50-1223-4513-9496-f63cdc1110c1,ce88cb2d-d4e8-4839-bc3e-058be0f3eab0,4b0dbb41-8d52-48f1-942c-3fe860e7a113,3b0b0e6c-5a36-4b8e-8c1e-0d7c5e2f9a11,464400000.0,7f5b6f7e-1c2d-4a4e-9a51-3a3f1d3c0a01
7c441fe7-ab42-40a7-874a-493b3ceddf2d,ce88cb2d-d4e8-4839-bc3e-058be0f3eab0,e2acf72f-9e57-4f7a-a0ee-89aed453dd32,3b0b0e6c-5a36-4b8e-8c1e-0d7c5e2f9a11,454400000.0,7f5b6f7e-1c2d-4a4e-9a51-3a3f1d3c0a01
b92da22b-21df-406f-8a0b-3c3336d8393a,ce88cb2d-d4e8-4839-bc3e-058be0f3eab0,3139d32c-93cd-49bf-9c94-1cf0dc98d2c1,3b0b0e6c-5a36-4b8e-8c1e-0d7c5e2f9a11,367700000.0,7f5b6f7e-1c2d-4a4e-9a51-3a3f1d3c0a01
93829b43-922f-415a-a1e3-db63ef7ddc76,ce88cb2d-d4e8-4839-bc3e-058be0f3eab0,a9488d99-0bbb-4599-91ce-5dd2b45ed1f0,3b0b0e6c-5a36-4b8e-8c1e-0d7c5e2f9a11,358300000.0,7f5b6f7e-1c2d-4a4e-9a51-3a3f1d3c0a01
7914c120-c8dc-419f-be35-11287900f7f9,ce88cb2d-d4e8-4839-bc3e-058be0f3eab0,fc377a4c-4a15-444d-85e7-ce8a3a578a8e,3b0b0e6c-5a36-4b8e-8c1e-0d7c5e2f9a11,373000000.0,7f5b6f7e-1c2d-4a4e-9a51-3a3f1d3c0a01
1825bc54-30be-445f-a835-14f2ceb81f9d,ce88cb2d-d4e8-4839-bc3e-058be0f3eab0,ddd1dfb2-3b98-4ef8-9af6-1a26146d3f31,3b0b0e6c-5a36-4b8e-8c1e-0d7c5e2f9a11,250400000.0,7f5b6f7e-1c2d-4a4e-9a51-3a3f1d3c0a01
dd2467ac-778e-4db3-a93d-ffbc6c6fa611,5ab33edf-6e59-4ed3-a8b3-17fa18d0752b,bdd640fb-0667-4ad1-9c80-317fa3b1799d,3b0b0e6c-5a36-4b8e-8c1e-0d7c5e2f9a11,276500000.0,7f5b6f7e-1c2d-4a4e-9a51-3a3f1d3c0a01
a748dbcf-ac61-4e63-8dde-29a6baa4b71a,5ab33edf-6e59-4ed3-a8b3-17fa18d0752b,23b8c1e9-3924-46de-beb1-3b9046685257,3b0b0e6c-5a36-4b8e-8c1e-0d7c5e2f9a11,270500000.0,7f5b6f7e-1c2d-4a4e-9a51-3a3f1d3c0a01
0f844fef-1931-49ee-a56c-0941fbf24050,5ab33edf-6e59-4ed3-a8b3-17fa18d0752b,bd9c66b3-ad3c-4d6d-9a3d-1fa7bc8960a9,3b0b0e6c-5a36-4b8e-8c1e-0d7c5e2f9a11,264100000.00000003,7f5b6f7e-1c2d-4a4e-9a51-3a3f1d3c0a01
ccf3a171-56dc-4907-ba6c-34ab6712303a,5ab33edf-6e59-4ed3-a8b3-17fa18d0752b,972a8469-1641-4f82-8b9d-2434e465e150,3b0b0e6c-5a36-4b8e-8c1e-0d7c5e2f9a11,264700000.0,7f5b6f7e-1c2d-4a4e-9a51-3a3f1d3c0a01
310c0c00-3fa7-4104-9bf9-0e27dc96925e,5ab33edf-6e59-4ed3-a8b3-17fa18d0752b,17fc695a-07a0-4a6e-8822-e8f36c031199,3b0b0e6c-5a36-4b8e-8c1e-0d7c5e2f9a11,266100000.00000003,7f5b6f7e-1c2d-4a4e-9a51-3a3f1d3c0a01
23e2fcb4-72d8-467d-894a-05e430b187ef,5ab33edf-6e59-4ed3-a8b3-17fa18d0752b,9a1de644-815e-46d1-bb8f-aa1837f8a88b,3b0b0e6c-5a36-4b8e-8c1e-0d7c5e2f9a11,254700000.0,7f5b6f7e-1c2d-4a4e-9a51-3a3f1d3c0a01
766ecb15-474e-4c19-aef9-12766c006f61,5ab33edf-6e59-4ed3-a8b3-17fa18d0752b,b74d0fb1-32e7-4629-8fad-c1a606cb0fb3,3b0b0e6c-5a36-4b8e-8c1e-0d7c5e2f9a11,330800000.0,7f5b6f7e-1c2d-4a4e-9a51-3a3f1d3c0a01
134c6c92-ec5b-427c-9fde-4fbf3ff350bf,5ab33edf-6e59-4ed3-a8b3-17fa18d0752b,6b65a6a4-8b81-48f6-b38a-088ca65ed389,3b0b0e6c-5a36-4b8e-8c1e-0d7c5e2f9a11,324100000.0,7f5b6f7e-1c2d-4a4e-9a51-3a3f1d3c0a01
db20a56e-dc81-4fe7-8eda-8bbb71710434,5ab33edf-6e59-4ed3-a8b3-17fa18d0752b,47378190-96da-4dac-b2ff-5d2a386ecbe0,3b0b0e6c-5a36-4b8e-8c1e-0d7c5e2f9a11,330100000.0,7f5b6f7e-1c2d-4a4e-9a51-3a3f1d3c0a01
a6f2f7b8-0cf3-4b58-9910-8be58ce21ea3,5ab33edf-6e59-4ed3-a8b3-17fa18d0752b,c241330b-01a9-471f-9e8a-774bcf36d58b,3b0b0e6c-5a36-4b8e-8c1e-0d7c5e2f9a11,345100000.0,7f5b6f7e-1c2d-4a4e-9a51-3a3f1d3c0a01
03c72ba8-d605-4770-8a63-f881ffd0f9d5,5ab33edf-6e59-4ed3-a8b3-17fa18d0752b,6c307511-b2b9-437a-a8df-6ec4ce4a2bbd,3b0b0e6c-5a36-4b8e-8c1e-0d7c5e2f9a11,311400000.0,7f5b6f7e-1c2d-4a4e-9a51-3a3f1d3c0a01
c0e9ab30-ed26-42e9-97e0-11b7f8102383,5ab33edf-6e59-4ed3-a8b3-17fa18d0752b,371ecd7b-27cd-4130-8722-9389571aa876,3b0b0e6c-5a36-4b8e-8c1e-0d7c5e2f9a11,313500000.0,7f5b6f7e-1c2d-4a4e-9a51-3a3f1d3c0a01
680ac07a-2a93-4d62-bc83-5dc0d9441fa5,5ab33edf-6e59-4ed3-a8b3-17fa18d0752b,1a2a73ed-562b-4f79-8374-59eef50bea63,3b0b0e6c-5a36-4b8e-8c1e-0d7c5e2f9a11,336800000.0,7f5b6f7e-1c2d-4a4e-9a51-3a3f1d3c0a01
dd59ba71-36b8-4481-bb3a-4e3e7c52fa17,5ab33edf-6e59-4ed3-a8b3-17fa18d0752b,5be6128e-18c2-4797-a142-ea7d17be3111,3b0b0e6c-5a36-4b8e-8c1e-0d7c5e2f9a11,337200000.0,7f5b6f7e-1c2d-4a4e-9a51-3a3f1d3c0a01
2a25a888-0f02-4ad0-a706-7ef466aa9385,5ab33edf-6e59-4ed3-a8b3-17fa18d0752b,43b7a3a6-9a8d-4a03-980d-7b71d8f56413,3b0b0e6c-5a36-4b8e-8c1e-0d7c5e2f9a11,348700000.0,7f5b6f7e-1c2d-4a4e-9a51-3a3f1d3c0a01
63f2ae24-fc3d-4348-808d-4127610461e3,5ab33edf-6e59-4ed3-a8b3-17fa18d0752b,759cde66-bacf-43d0-8b1f-9163ce9ff57f,3b0b0e6c-5a36-4b8e-8c1e-0d7c5e2f9a11,403300000.0,7f5b6f7e-1c2d-4a4e-9a51-3a3f1d3c0a01
c8fe3ccd-c8b8-49c6-ad30-49cf43e458fc,5ab33edf-6e59-4ed3-a8b3-17fa18d0752b,ec1b8ca1-f91e-4d4c-9ff4-9b7889463e85,3b0b0e6c-5a36-4b8e-8c1e-0d7c5e2f9a11,398100000.0,7f5b6f7e-1c2d-4a4e-9a51-3a3f1d3c0a01
b253d218-6c4a-47ea-8906-17f2747b6dba,5ab33edf-6e59-4ed3-a8b3-17fa18d0752b,4b0dbb41-8d52-48f1-942c-3fe860e7a113,3b0b0e6c-5a36-4b8e-8c1e-0d7c5e2f9a11,468700000.0,7f5b6f7e-1c2d-4a4e-9a51-3a3f1d3c0a01
c88a618e-fed4-457d-bb02-6576f512c4c3,5ab33edf-6e59-4ed3-a8b3-17fa18d0752b,e2acf72f-9e57-4f7a-a0ee-89aed453dd32,3b0b0e6c-5a36-4b8e-8c1e-0d7c5e2f9a11,462100000.0,7f5b6f7e-1c2d-4a4e-9a51-3a3f1d3c0a01
7c967f79-b7e9-4aca-a970-65e18e46d534,5ab33edf-6e59-4ed3-a8b3-17fa18d0752b,3139d32c-93cd-49bf-9c94-1cf0dc98d2c1,3b0b0e6c-5a36-4b8e-8c1e-0d7c5e2f9a11,368300000.0,7f5b6f7e-1c2d-4a4e-9a51-3a3f1d3c0a01
37bb3eec-4bf5-4b52-b09d-258c27a0c3d7,5ab33edf-6e59-4ed3-a8b3-17fa18d0752b,a9488d99-0bbb-4599-91ce-5dd2b45ed1f0,3b0b0e6c-5a36-4b8e-8c1e-0d7c5e2f9a11,365800000.0,7f5b6f7e-1c2d-4a4e-9a51-3a3f1d3c0a01
bc594585-9445-48c0-8ef8-c2d6f7fd5646,5ab33edf-6e59-4ed3-a8b3-17fa18d0752b,fc377a4c-4a15-444d-85e7-ce8a3a578a8e,3b0b0e6c-5a36-4b8e-8c1e-0d7c5e2f9a11,375600000.0,7f5b6f7e-1c2d-4a4e-9a51-3a3f1d3c0a01
504867ba-bf7b-439b-8f9a-ea4b8acd4e10,5ab33edf-6e59-4ed3-a8b3-17fa18d0752b,ddd1dfb2-3b98-4ef8-9af6-1a26146d3f31,3b0b0e6c-5a36-4b8e-8c1e-0d7c5e2f9a11,257500000.0,7f5b6f7e-1c2d-4a4e-9a51-3a3f1d3c0a01
87f7e1fb-da4b-49ca-ab5c-f46780bacd64,7a0ecfea-958c-49ba-8cd6-20c20ea2622b,bdd640fb-0667-4ad1-9c80-317fa3b1799d,3b0b0e6c-5a36-4b8e-8c1e-0d7c5e2f9a11,283600000.0,7f5b6f7e-1c2d-4a4e-9a51-3a3f1d3c0a01
82010c62-f5f5-4b22-8e8f-a8e0284d82e5,7a0ecfea-958c-49ba-8cd6-20c20ea2622b,23b8c1e9-3924-46de-beb1-3b9046685257,3b0b0e6c-5a36-4b8e-8c1e-0d7c5e2f9a11,273200000.0,7f5b6f7e-1c2d-4a4e-9a51-3a3f1d3c0a01
118a9d29-2f92-4996-99f1-95d014822f53,7a0ecfea-958c-49ba-8cd6-20c20ea2622b,bd9c66b3-ad3c-4d6d-9a3d-1fa7bc8960a9,3b0b0e6c-5a36-4b8e-8c1e-0d7c5e2f9a11,272500000.0,7f5b6f7e-1c2d-4a4e-9a51-3a3f1d3c0a01
dca02eec-acda-4acc-9165-e21098543881,7a0ecfea-958c-49ba-8cd6-20c20ea2622b,972a8469-1641-4f82-8b9d-2434e465e150,3b0b0e6c-5a36-4b8e-8c1e-0d7c5e2f9a11,268300000.0,7f5b6f7e-1c2d-4a4e-9a51-3a3f1d3c0a01
f10c718b-1eb0-438a-a75d-d5af3c365296,7a0ecfea-958c-49ba-8cd6-20c20ea2622b,17fc695a-07a0-4a6e-8822-e8f36c031199,3b0b0e6c-5a36-4b8e-8c1e-0d7c5e2f9a11,267500000.0,7f5b6f7e-1c2d-4a4e-9a51-3a3f1d3c0a01
94340a03-3f07-4814-91d6-3f78e3e9de99,7a0ecfea-958c-49ba-8cd6-20c20ea2622b,9a1de644-815e-46d1-bb8f-aa1837f8a88b,3b0b0e6c-5a36-4b8e-8c1e-0d7c5e2f9a11,260200000.0,7f5b6f7e-1c2d-4a4e-9a51-3a3f1d3c0a01
14fcdd54-9e8f-4965-8a2c-827e98326856,7a0ecfea-958c-49ba-8cd6-20c20ea2622b,b74d0fb1-32e7-4629-8fad-c1a606cb0fb3,3b0b0e6c-5a36-4b8e-8c1e-0d7c5e2f9a11,335900000.0,7f5b6f7e-1c2d-4a4e-9a51-3a3f1d3c0a01
90b2b633-956b-4c0c-a849-9b926b5252e3,7a0ecfea-958c-49ba-8cd6-20c20ea2622b,6b65a6a4-8b81-48f6-b38a-088ca65ed389,3b0b0e6c-5a36-4b8e-8c1e-0d7c5e2f9a11,329400000.0,7f5b6f7e-1c2d-4a4e-9a51-3a3f1d3c0a01
42c18a62-ef48-48d5-90fd-9d3f85d51695,7a0ecfea-958c-49ba-8cd6-20c20ea2622b,47378190-96da-4dac-b2ff-5d2a386ecbe0,3b0b0e6c-5a36-4b8e-8c1e-0d7c5e2f9a11,337300000.0,7f5b6f7e-1c2d-4a4e-9a51-3a3f1d3c0a01
506e5a9a-b758-488d-ab73-295b344a54b8,7a0ecfea-958c-49ba-8cd6-20c20ea2622b,c241330b-01a9-471f-9e8a-774bcf36d58b,3b0b0e6c-5a36-4b8e-8c1e-0d7c5e2f9a11,358300000.0,7f5b6f7e-1c2d-4a4e-9a51-3a3f1d3c0a01
21813d25-6552-48a6-83ff-50113d1a85dd,7a0ecfea-958c-49ba-8cd6-20c20ea2622b,6c307511-b2b9-437a-a8df-6ec4ce4a2bbd,3b0b0e6c-5a36-4b8e-8c1e-0d7c5e2f9a11,318900000.0,7f5b6f7e-1c2d-4a4e-9a51-3a3f1d3c0a01
750cab75-4ccc-4bc2-a53f-8a28abf3e3fc,7a0ecfea-958c-49ba-8cd6-20c20ea2622b,371ecd7b-27cd-4130-8722-9389571aa876,3b0b0e6c-5a36-4b8e-8c1e-0d7c5e2f9a11,328300000.0,7f5b6f7e-1c2d-4a4e-9a51-3a3f1d3c0a01
ef8c485b-c07a-40f2-add4-253b50f0fd0a,7a0ecfea-958c-49ba-8cd6-20c20ea2622b,1a2a73ed-562b-4f79-8374-59eef50bea63,3b0b0e6c-5a36-4b8e-8c1e-0d7c5e2f9a11,350100000.0,7f5b6f7e-1c2d-4a4e-9a51-3a3f1d3c0a01
9f044aed-7552-4327-8262-7f7312922f83,7a0ecfea-958c-49ba-8cd6-20c20ea2622b,5be6128e-18c2-4797-a142-ea7d17be3111,3b0b0e6c-5a36-4b8e-8c1e-0d7c5e2f9a11,342400000.0,7f5b6f7e-1c2d-4a4e-9a51-3a3f1d3c0a01
19985f15-ff00-4d4d-9020-59e4ff9ab5c2,7a0ecfea-958c-49ba-8cd6-20c20ea2622b,43b7a3a6-9a8d-4a03-980d-7b71d8f56413,3b0b0e6c-5a36-4b8e-8c1e-0d7c5e2f9a11,353000000.0,7f5b6f7e-1c2d-4a4e-9a51-3a3f1d3c0a01
8181a8cc-3691-47eb-89a2-688b12c136e0,7a0ecfea-958c-49ba-8cd6-20c20ea2622b,759cde66-bacf-43d0-8b1f-9163ce9ff57f,3b0b0e6c-5a36-4b8e-8c1e-0d7c5e2f9a11,416300000.0,7f5b6f7e-1c2d-4a4e-9a51-3a3f1d3c0a01
5958a499-eeea-463e-a1e8-ac6843e42caf,7a0ecfea-958c-49ba-8cd6-20c20ea2622b,ec1b8ca1-f91e-4d4c-9ff4-9b7889463e85,3b0b0e6c-5a36-4b8e-8c1e-0d7c5e2f9a11,411800000.0,7f5b6f7e-1c2d-4a4e-9a51-3a3f1d3c0a01
3e896c64-e117-4ac3-919c-4ea3e1805081,7a0ecfea-958c-49ba-8cd6-20c20ea2622b,4b0dbb41-8d52-48f1-942c-3fe860e7a113,3b0b0e6c-5a36-4b8e-8c1e-0d7c5e2f9a11,487500000.0,7f5b6f7e-1c2d-4a4e-9a51-3a3f1d3c0a01
702cdd20-2862-48b8-88f4-ef125e9953d2,7a0ecfea-958c-49ba-8cd6-20c20ea2622b,e2acf72f-9e57-4f7a-a0ee-89aed453dd32,3b0b0e6c-5a36-4b8e-8c1e-0d7c5e2f9a11,466200000.0,7f5b6f7e-1c2d-4a4e-9a51-3a3f1d3c0a01
4d71c366-b41b-4143-8b10-550cd5704f32,7a0ecfea-958c-49ba-8cd6-20c20ea2622b,3139d32c-93cd-49bf-9c94-1cf0dc98d2c1,3b0b0e6c-5a36-4b8e-8c1e-0d7c5e2f9a11,373400000.0,7f5b6f7e-1c2d-4a4e-9a51-3a3f1d3c0a01
ce9e1a11-fcbb-4e59-bbdd-cf7c9c96e9ec,7a0ecfea-958c-49ba-8cd6-20c20ea2622b,a9488d99-0bbb-4599-91ce-5dd2b45ed1f0,3b0b0e6c-5a36-4b8e-8c1e-0d7c5e2f9a11,371800000.0,7f5b6f7e-1c2d-4a4e-9a51-3a3f1d3c0a01
aaf91531-0200-41f0-8768-a84fa76afde6,7a0ecfea-958c-49ba-8cd6-20c20ea2622b,fc377a4c-4a15-444d-85e7-ce8a3a578a8e,3b0b0e6c-5a36-4b8e-8c1e-0d7c5e2f9a11,384900000.0,7f5b6f7e-1c2d-4a4e-9a51-3a3f1d3c0a01
ee87905e-4ca4-45ea-8dfa-6a56d12dbc9a,7a0ecfea-958c-49ba-8cd6-20c20ea2622b,ddd1dfb2-3b98-4ef8-9af6-1a26146d3f31,3b0b0e6c-5a36-4b8e-8c1e-0d7c5e2f9a11,264300000.0,7f5b6f7e-1c2d-4a4e-9a51-3a3f1d3c0a01
e3c43657-1d8c-4bac-83b4-09ef2260e70f,e0ccedc5-f05d-476e-9a84-a51aa9d3d7c7,bdd640fb-0667-4ad1-9c80-317fa3b1799d,3b0b0e6c-5a36-4b8e-8c1e-0d7c5e2f9a11,292000000.0,7f5b6f7e-1c2d-4a4e-9a51-3a3f1d3c0a01
27cb6f2a-8da0-4097-be0f-051b1b66b5a9,e0ccedc5-f05d-476e-9a84-a51aa9d3d7c7,23b8c1e9-3924-46de-beb1-3b9046685257,3b0b0e6c-5a36-4b8e-8c1e-0d7c5e2f9a11,283800000.0,7f5b6f7e-1c2d-4a4e-9a51-3a3f1d3c0a01
35ebd32d-9ad6-40ab-8821-2ddb45b89cd9,e0ccedc5-f05d-476e-9a84-a51aa9d3d7c7,bd9c66b3-ad3c-4d6d-9a3d-1fa7bc8960a9,3b0b0e6c-5a36-4b8e-8c1e-0d7c5e2f9a11,281600000.0,7f5b6f7e-1c2d-4a4e-9a51-3a3f1d3c0a01
afffcfd2-341e-440b-97c7-00aab7b56ea7,e0ccedc5-f05d-476e-9a84-a51aa9d3d7c7,972a8469-1641-4f82-8b9d-2434e465e150,3b0b0e6c-5a36-4b8e-8c1e-0d7c5e2f9a11,278500000.0,7f5b6f7e-1c2d-4a4e-9a51-3a3f1d3c0a01
81627cf1-4394-42e6-9a58-7e8aa25d6b29,e0ccedc5-f05d-476e-9a84-a51aa9d3d7c7,17fc695a-07a0-4a6e-8822-e8f36c031199,3b0b0e6c-5a36-4b8e-8c1e-0d7c5e2f9a11,276600000.0,7f5b6f7e-1c2d-4a4e-9a51-3a3f1d3c0a01
e87d1c78-e7c4-41c7-8049-7b717d106c60,e0ccedc5-f05d-476e-9a84-a51aa9d3d7c7,9a1de644-815e-46d1-bb8f-aa1837f8a88b,3b0b0e6c-5a36-4b8e-8c1e-0d7c5e2f9a11,270400000.0,7f5b6f7e-1c2d-4a4e-9a51-3a3f1d3c0a01
a2607723-17a0-4f49-8d01-280fd89a40c0,e0ccedc5-f05d-476e-9a84-a51aa9d3d7c7,b74d0fb1-32e7-4629-8fad-c1a606cb0fb3,3b0b0e6c-5a36-4b8e-8c1e-0d7c5e2f9a11,345000000.0,7f5b6f7e-1c2d-4a4e-9a51-3a3f1d3c0a01
0b49452d-46d4-43f3-9450-281c6c6f7633,e0ccedc5-f05d-476e-9a84-a51aa9d3d7c7,6b65a6a4-8b81-48f6-b38a-088ca65ed389,3b0b0e6c-5a36-4b8e-8c1e-0d7c5e2f9a11,340600000.0,7f5b6f7e-1c2d-4a4e-9a51-3a3f1d3c0a01
217d65a0-c568-41cd-9563-f61600e85ece,e0ccedc5-f05d-476e-9a84-a51aa9d3d7c7,47378190-96da-4dac-b2ff-5d2a386ecbe0,3b0b0e6c-5a36-4b8e-8c1e-0d7c5e2f9a11,339700000.0,7f5b6f7e-1c2d-4a4e-9a51-3a3f1d3c0a01
295d6fbf-430f-401d-bad4-09e2a319dcb4,e0ccedc5-f05d-476e-9a84-a51aa9d3d7c7,c241330b-01a9-471f-9e8a-774bcf36d58b,3b0b0e6c-5a36-4b8e-8c1e-0d7c5e2f9a11,360900000.0,7f5b6f7e-1c2d-4a4e-9a51-3a3f1d3c0a01
b4a69f3c-8d3a-4d99-b11c-21c9bdc14f1f,e0ccedc5-f05d-476e-9a84-a51aa9d3d7c7,6c307511-b2b9-437a-a8df-6ec4ce4a2bbd,3b0b0e6c-5a36-4b8e-8c1e-0d7c5e2f9a11,334400000.0,7f5b6f7e-1c2d-4a4e-9a51-3a3f1d3c0a01
1ca3c448-0279-46a6-8f97-97b06d7ce3c9,e0ccedc5-f05d-476e-9a84-a51aa9d3d7c7,371ecd7b-27cd-4130-8722-9389571aa876,3b0b0e6c-5a36-4b8e-8c1e-0d7c5e2f9a11,334700000.0,7f5b6f7e-1c2d-4a4e-9a51-3a3f1d3c0a01
b0e6a969-e213-42b0-b1ee-dba313432e61,e0ccedc5-f05d-476e-9a84-a51aa9d3d7c7,1a2a73ed-562b-4f79-8374-59eef50bea63,3b0b0e6c-5a36-4b8e-8c1e-0d7c5e2f9a11,357200000.0,7f5b6f7e-1c2d-4a4e-9a51-3a3f1d3c0a01
093923de-8bab-4e3b-a628-6bfbe767dcea,e0ccedc5-f05d-476e-9a84-a51aa9d3d7c7,5be6128e-18c2-4797-a142-ea7d17be3111,3b0b0e6c-5a36-4b8e-8c1e-0d7c5e2f9a11,356300000.0,7f5b6f7e-1c2d-4a4e-9a51-3a3f1d3c0a01
8d7248e2-951f-48d0-9e84-f058d5a804eb,e0ccedc5-f05d-476e-9a84-a51aa9d3d7c7,43b7a3a6-9a8d-4a03-980d-7b71d8f56413,3b0b0e6c-5a36-4b8e-8c1e-0d7c5e2f9a11,374000000.0,7f5b6f7e-1c2d-4a4e-9a51-3a3f1d3c0a01
0ab54bde-20a0-4502-ae06-809725e97977,e0ccedc5-f05d-476e-9a84-a51aa9d3d7c7,759cde66-bacf-43d0-8b1f-9163ce9ff57f,3b0b0e6c-5a36-4b8e-8c1e-0d7c5e2f9a11,424300000.0,7f5b6f7e-1c2d-4a4e-9a51-3a3f1d3c0a01
eededb07-e623-4689-9d59-cd2a4eea04e7,e0ccedc5-f05d-476e-9a84-a51aa9d3d7c7,ec1b8ca1-f91e-4d4c-9ff4-9b7889463e85,3b0b0e6c-5a36-4b8e-8c1e-0d7c5e2f9a11,413500000.0,7f5b6f7e-1c2d-4a4e-9a51-3a3f1d3c0a01
0a368ce7-dc57-4131-b8e1-daa7cbceabde,e0ccedc5-f05d-476e-9a84-a51aa9d3d7c7,4b0dbb41-8d52-48f1-942c-3fe860e7a113,3b0b0e6c-5a36-4b8e-8c1e-0d7c5e2f9a11,502300000.0,7f5b6f7e-1c2d-4a4e-9a51-3a3f1d3c0a01
ae9bec36-35c7-436c-9b99-62c6e61fecc0,e0ccedc5-f05d-476e-9a84-a51aa9d3d7c7,e2acf72f-9e57-4f7a-a0ee-89aed453dd32,3b0b0e6c-5a36-4b8e-8c1e-0d7c5e2f9a11,484400000.0,7f5b6f7e-1c2d-4a4e-9a51-3a3f1d3c0a01
5a8aaeca-1a50-4ec3-aabc-25fa3fe12e47,e0ccedc5-f05d-476e-9a84-a51aa9d3d7c7,3139d32c-93cd-49bf-9c94-1cf0dc98d2c1,3b0b0e6c-5a36-4b8e-8c1e-0d7c5e2f9a11,381900000.0,7f5b6f7e-1c2d-4a4e-9a51-3a3f1d3c0a01
dfed2c43-e256-46dc-8f54-86b7c7b5b2bc,e0ccedc5-f05d-476e-9a84-a51aa9d3d7c7,a9488d99-0bbb-4599-91ce-5dd2b45ed1f0,3b0b0e6c-5a36-4b8e-8c1e-0d7c5e2f9a11,383000000.0,7f5b6f7e-1c2d-4a4e-9a51-3a3f1d3c0a01
bfddc3d9-9ee3-4c2a-b94d-62046808593f,e0ccedc5-f05d-476e-9a84-a51aa9d3d7c7,fc377a4c-4a15-444d-85e7-ce8a3a578a8e,3b0b0e6c-5a36-4b8e-8c1e-0d7c5e2f9a11,401700000.0,7f5b6f7e-1c2d-4a4e-9a51-3a3f1d3c0a01
3c9ad14c-ee0c-4eb5-acfe-db992790cebd,e0ccedc5-f05d-476e-9a84-a51aa9d3d7c7,ddd1dfb2-3b98-4ef8-9af6-1a26146d3f31,3b0b0e6c-5a36-4b8e-8c1e-0d7c5e2f9a11,268800000.0,7f5b6f7e-1c2d-4a4e-9a51-3a3f1d3c0a01
698c206f-e1a4-4e10-ad53-4dd0cf8ebc5a,ccc56569-f9e8-4369-a999-b735dd56cc94,bdd640fb-0667-4ad1-9c80-317fa3b1799d,3b0b0e6c-5a36-4b8e-8c1e-0d7c5e2f9a11,290500000.0,7f5b6f7e-1c2d-4a4e-9a51-3a3f1d3c0a01
ecab3301-bc8f-4d29-adea-94930658663a,ccc56569-f9e8-4369-a999-b735dd56cc94,23b8c1e9-3924-46de-beb1-3b9046685257,3b0b0e6c-5a36-4b8e-8c1e-0d7c5e2f9a11,281900000.0,7f5b6f7e-1c2d-4a4e-9a51-3a3f1d3c0a01
696608aa-ee49-4329-884a-7b28550a1b46,ccc56569-f9e8-4369-a999-b735dd56cc94,bd9c66b3-ad3c-4d6d-9a3d-1fa7bc8960a9,3b0b0e6c-5a36-4b8e-8c1e-0d7c5e2f9a11,278000000.0,7f5b6f7e-1c2d-4a4e-9a51-3a3f1d3c0a01
bc2cbb0d-dd33-4cc7-ab7f-089acd5f4822,ccc56569-f9e8-4369-a999-b735dd56cc94,972a8469-1641-4f82-8b9d-2434e465e150,3b0b0e6c-5a36-4b8e-8c1e-0d7c5e2f9a11,273400000.0,7f5b6f7e-1c2d-4a4e-9a51-3a3f1d3c0a01
28c13091-444d-410b-bf87-e362cf8d446a,ccc56569-f9e8-4369-a999-b735dd56cc94,17fc695a-07a0-4a6e-8822-e8f36c031199,3b0b0e6c-5a36-4b8e-8c1e-0d7c5e2f9a11,274400000.0,7f5b6f7e-1c2d-4a4e-9a51-3a3f1d3c0a01
61ee411a-1bac-47a7-b386-f7a4c991603f,ccc56569-f9e8-4369-a999-b735dd56cc94,9a1de644-815e-46d1-bb8f-aa1837f8a88b,3b0b0e6c-5a36-4b8e-8c1e-0d7c5e2f9a11,269900000.0,7f5b6f7e-1c2d-4a4e-9a51-3a3f1d3c0a01
787f2425-dbcc-4477-89e9-db0adf465290,ccc56569-f9e8-4369-a999-b735dd56cc94,b74d0fb1-32e7-4629-8fad-c1a606cb0fb3,3b0b0e6c-5a36-4b8e-8c1e-0d7c5e2f9a11,344200000.0,7f5b6f7e-1c2d-4a4e-9a51-3a3f1d3c0a01
eb1fa9f2-d10b-41d0-b317-347038f16a81,ccc56569-f9e8-4369-a999-b735dd56cc94,6b65a6a4-8b81-48f6-b38a-088ca65ed389,3b0b0e6c-5a36-4b8e-8c1e-0d7c5e2f9a11,331500000.0,7f5b6f7e-1c2d-4a4e-9a51-3a3f1d3c0a01
d20eac17-4e20-4d1a-9983-36e375d66ed4,ccc56569-f9e8-4369-a999-b735dd56cc94,47378190-96da-4dac-b2ff-5d2a386ecbe0,3b0b0e6c-5a36-4b8e-8c1e-0d7c5e2f9a11,339400000.0,7f5b6f7e-1c2d-4a4e-9a51-3a3f1d3c0a01
39118497-3a43-42ba-9f0f-06cbcb9bc326,ccc56569-f9e8-4369-a999-b735dd56cc94,c241330b-01a9-471f-9e8a-774bcf36d58b,3b0b0e6c-5a36-4b8e-8c1e-0d7c5e2f9a11,361100000.0,7f5b6f7e-1c2d-4a4e-9a51-3a3f1d3c0a01
6601ddd0-3170-4437-a8f7-ef5a060edf5b,ccc56569-f9e8-4369-a999-b735dd56cc94,6c307511-b2b9-437a-a8df-6ec4ce4a2bbd,3b0b0e6c-5a36-4b8e-8c1e-0d7c5e2f9a11,330100000.0,7f5b6f7e-1c2d-4a4e-9a51-3a3f1d3c0a01
11c58ef0-dd46-4c09-8752-87aa5408f9ac,ccc56569-f9e8-4369-a999-b735dd56cc94,371ecd7b-27cd-4130-8722-9389571aa876,3b0b0e6c-5a36-4b8e-8c1e-0d7c5e2f9a11,333600000.0,7f5b6f7e-1c2d-4a4e-9a51-3a3f1d3c0a01
59e4b671-4774-4c58-85f8-bc16f7860b50,ccc56569-f9e8-4369-a999-b735dd56cc94,1a2a73ed-562b-4f79-8374-59eef50bea63,3b0b0e6c-5a36-4b8e-8c1e-0d7c5e2f9a11,357100000.0,7f5b6f7e-1c2d-4a4e-9a51-3a3f1d3c0a01
adf4e62d-6651-429e-8268-690ba43825b5,ccc56569-f9e8-4369-a999-b735dd56cc94,5be6128e-18c2-4797-a142-ea7d17be3111,3b0b0e6c-5a36-4b8e-8c1e-0d7c5e2f9a11,355100000.0,7f5b6f7e-1c2d-4a4e-9a51-3a3f1d3c0a01
54c63cd8-8945-4f27-97fa-2d8dfb2ca025,ccc56569-f9e8-4369-a999-b735dd56cc94,43b7a3a6-9a8d-4a03-980d-7b71d8f56413,3b0b0e6c-5a36-4b8e-8c1e-0d7c5e2f9a11,365900000.0,7f5b6f7e-1c2d-4a4e-9a51-3a3f1d3c0a01
e08596db-1d87-4966-8710-d430f071d879,ccc56569-f9e8-4369-a999-b735dd56cc94,759cde66-bacf-43d0-8b1f-9163ce9ff57f,3b0b0e6c-5a36-4b8e-8c1e-0d7c5e2f9a11,425100000.0,7f5b6f7e-1c2d-4a4e-9a51-3a3f1d3c0a01
94a1875d-2db6-4edb-82de-ffccf86c2ca2,ccc56569-f9e8-4369-a999-b735dd56cc94,ec1b8ca1-f91e-4d4c-9ff4-9b7889463e85,3b0b0e6c-5a36-4b8e-8c1e-0d7c5e2f9a11,417100000.0,7f5b6f7e-1c2d-4a4e-9a51-3a3f1d3c0a01
09cb3942-43f5-4a85-bbc9-f87af668a617,ccc56569-f9e8-4369-a999-b735dd56cc94,4b0dbb41-8d52-48f1-942c-3fe860e7a113,3b0b0e6c-5a36-4b8e-8c1e-0d7c5e2f9a11,491700000.0,7f5b6f7e-1c2d-4a4e-9a51-3a3f1d3c0a01
587ef344-6f3f-420c-98b8-e4cc1bc044fc,ccc56569-f9e8-4369-a999-b735dd56cc94,e2acf72f-9e57-4f7a-a0ee-89aed453dd32,3b0b0e6c-5a36-4b8e-8c1e-0d7c5e2f9a11,491700000.0,7f5b6f7e-1c2d-4a4e-9a51-3a3f1d3c0a01
6fb78271-504d-481f-8953-5b63ba81edd9,ccc56569-f9e8-4369-a999-b735dd56cc94,3139d32c-93cd-49bf-9c94-1cf0dc98d2c1,3b0b0e6c-5a36-4b8e-8c1e-0d7c5e2f9a11,375400000.0,7f5b6f7e-1c2d-4a4e-9a51-3a3f1d3c0a01
1d9af659-82ec-4f2d-bbf6-e16f9b3080d5,ccc56569-f9e8-4369-a999-b735dd56cc94,a9488d99-0bbb-4599-91ce-5dd2b45ed1f0,3b0b0e6c-5a36-4b8e-8c1e-0d7c5e2f9a11,384900000.0,7f5b6f7e-1c2d-4a4e-9a51-3a3f1d3c0a01
30a900ad-939b-462d-a645-f129629c2ae3,ccc56569-f9e8-4369-a999-b735dd56cc94,fc377a4c-4a15-444d-85e7-ce8a3a578a8e,3b0b0e6c-5a36-4b8e-8c1e-0d7c5e2f9a11,392900000.0,7f5b6f7e-1c2d-4a4e-9a51-3a3f1d3c0a01
6fa17735-b572-43d0-8b5c-ea6a41357e8c,ccc56569-f9e8-4369-a999-b735dd56cc94,ddd1dfb2-3b98-4ef8-9af6-1a26146d3f31,3b0b0e6c-5a36-4b8e-8c1e-0d7c5e2f9a11,268600000.0,7f5b6f7e-1c2d-4a4e-9a51-3a3f1d3c0a01
f0b5156b-b82c-4074-afd5-dea589d7fd6c,ce777f00-ecf2-4e76-8519-7ff4006ed6e3,bdd640fb-0667-4ad1-9c80-317fa3b1799d,3b0b0e6c-5a36-4b8e-8c1e-0d7c5e2f9a11,295100000.0,7f5b6f7e-1c2d-4a4e-9a51-3a3f1d3c0a01
3270e4fa-abae-4f43-bcae-8081bdf070aa,ce777f00-ecf2-4e76-8519-7ff4006ed6e3,23b8c1e9-3924-46de-beb1-3b9046685257,3b0b0e6c-5a36-4b8e-8c1e-0d7c5e2f9a11,282200000.0,7f5b6f7e-1c2d-4a4e-9a51-3a3f1d3c0a01
f2e9702d-11e9-4daa-ae69-81a35d3d9e56,ce777f00-ecf2-4e76-8519-7ff4006ed6e3,bd9c66b3-ad3c-4d6d-9a3d-1fa7bc8960a9,3b0b0e6c-5a36-4b8e-8c1e-0d7c5e2f9a11,280300000.0,7f5b6f7e-1c2d-4a4e-9a51-3a3f1d3c0a01
9f871ce7-5487-4d4f-abb7-a385aa0b7b14,ce777f00-ecf2-4e76-8519-7ff4006ed6e3,972a8469-1641-4f82-8b9d-2434e465e150,3b0b0e6c-5a36-4b8e-8c1e-0d7c5e2f9a11,275600000.0,7f5b6f7e-1c2d-4a4e-9a51-3a3f1d3c0a01
1fe771d6-d917-4793-a9d3-c2e6505cc686,ce777f00-ecf2-4e76-8519-7ff4006ed6e3,17fc695a-07a0-4a6e-8822-e8f36c031199,3b0b0e6c-5a36-4b8e-8c1e-0d7c5e2f9a11,276300000.0,7f5b6f7e-1c2d-4a4e-9a51-3a3f1d3c0a01
81d2c7de-4ce1-4b90-a669-7833b841d0a0,ce777f00-ecf2-4e76-8519-7ff4006ed6e3,9a1de644-815e-46d1-bb8f-aa1837f8a88b,3b0b0e6c-5a36-4b8e-8c1e-0d7c5e2f9a11,274500000.0,7f5b6f7e-1c2d-4a4e-9a51-3a3f1d3c0a01
5380b904-688c-4015-aab9-7e494f2d4796,ce777f00-ecf2-4e76-8519-7ff4006ed6e3,b74d0fb1-32e7-4629-8fad-c1a606cb0fb3,3b0b0e6c-5a36-4b8e-8c1e-0d7c5e2f9a11,347900000.0,7f5b6f7e-1c2d-4a4e-9a51-3a3f1d3c0a01
8dedf9fb-4bb0-4f20-b27c-40266703b636,ce777f00-ecf2-4e76-8519-7ff4006ed6e3,6b65a6a4-8b81-48f6-b38a-088ca65ed389,3b0b0e6c-5a36-4b8e-8c1e-0d7c5e2f9a11,337600000.0,7f5b6f7e-1c2d-4a4e-9a51-3a3f1d3c0a01
aa38d0a1-6ba2-4efe-b11c-6eb62095eef6,ce777f00-ecf2-4e76-8519-7ff4006ed6e3,47378190-96da-4dac-b2ff-5d2a386ecbe0,3b0b0e6c-5a36-4b8e-8c1e-0d7c5e2f9a11,337000000.0,7f5b6f7e-1c2d-4a4e-9a51-3a3f1d3c0a01
bf85bf0e-ad64-456c-a10f-aa3ff0bbac67,ce777f00-ecf2-4e76-8519-7ff4006ed6e3,c241330b-01a9-471f-9e8a-774bcf36d58b,3b0b0e6c-5a36-4b8e-8c1e-0d7c5e2f9a11,364900000.0,7f5b6f7e-1c2d-4a4e-9a51-3a3f1d3c0a01
91b0e1d9-9d92-42af-ac8d-0e44e71e43a6,ce777f00-ecf2-4e76-8519-7ff4006ed6e3,6c307511-b2b9-437a-a8df-6ec4ce4a2bbd,3b0b0e6c-5a36-4b8e-8c1e-0d7c5e2f9a11,331500000.0,7f5b6f7e-1c2d-4a4e-9a51-3a3f1d3c0a01
d56f0350-8c45-4ce2-a7f4-8ad54d0b0d1a,ce777f00-ecf2-4e76-8519-7ff4006ed6e3,371ecd7b-27cd-4130-8722-9389571aa876,3b0b0e6c-5a36-4b8e-8c1e-0d7c5e2f9a11,331700000.0,7f5b6f7e-1c2d-4a4e-9a51-3a3f1d3c0a01
35ce8841-4973-4d6c-8dca-bfb7001a9a8b,ce777f00-ecf2-4e76-8519-7ff4006ed6e3,1a2a73ed-562b-4f79-8374-59eef50bea63,3b0b0e6c-5a36-4b8e-8c1e-0d7c5e2f9a11,363800000.0,7f5b6f7e-1c2d-4a4e-9a51-3a3f1d3c0a01
9b4e2c24-9479-41e6-8927-7d9b6e0d2648,ce777f00-ecf2-4e76-8519-7ff4006ed6e3,5be6128e-18c2-4797-a142-ea7d17be3111,3b0b0e6c-5a36-4b8e-8c1e-0d7c5e2f9a11,353600000.0,7f5b6f7e-1c2d-4a4e-9a51-3a3f1d3c0a01
7118e364-7709-4749-927e-ecfaa79ac9aa,ce777f00-ecf2-4e76-8519-7ff4006ed6e3,43b7a3a6-9a8d-4a03-980d-7b71d8f56413,3b0b0e6c-5a36-4b8e-8c1e-0d7c5e2f9a11,368400000.0,7f5b6f7e-1c2d-4a4e-9a51-3a3f1d3c0a01
82dc4c8e-36b5-429a-acf5-e81e71316269,ce777f00-ecf2-4e76-8519-7ff4006ed6e3,759cde66-bacf-43d0-8b1f-9163ce9ff57f,3b0b0e6c-5a36-4b8e-8c1e-0d7c5e2f9a11,423500000.0,7f5b6f7e-1c2d-4a4e-9a51-3a3f1d3c0a01
f5b78cc7-e6b3-4944-8b32-3e357922bac2,ce777f00-ecf2-4e76-8519-7ff4006ed6e3,ec1b8ca1-f91e-4d4c-9ff4-9b7889463e85,3b0b0e6c-5a36-4b8e-8c1e-0d7c5e2f9a11,413300000.0,7f5b6f7e-1c2d-4a4e-9a51-3a3f1d3c0a01
a8aa7158-2b70-4525-bc67-f831cbc84759,ce777f00-ecf2-4e76-8519-7ff4006ed6e3,4b0dbb41-8d52-48f1-942c-3fe860e7a113,3b0b0e6c-5a36-4b8e-8c1e-0d7c5e2f9a11,493200000.0,7f5b6f7e-1c2d-4a4e-9a51-3a3f1d3c0a01
a9f25336-83f4-49a9-88a6-39d015b52908,ce777f00-ecf2-4e76-8519-7ff4006ed6e3,e2acf72f-9e57-4f7a-a0ee-89aed453dd32,3b0b0e6c-5a36-4b8e-8c1e-0d7c5e2f9a11,483700000.0,7f5b6f7e-1c2d-4a4e-9a51-3a3f1d3c0a01
17e8392a-55ce-45db-9e87-e04ca2086977,ce777f00-ecf2-4e76-8519-7ff4006ed6e3,3139d32c-93cd-49bf-9c94-1cf0dc98d2c1,3b0b0e6c-5a36-4b8e-8c1e-0d7c5e2f9a11,383700000.0,7f5b6f7e-1c2d-4a4e-9a51-3a3f1d3c0a01
3c20592f-c04a-46c4-b3b6-3fe1d1843324,ce777f00-ecf2-4e76-8519-7ff4006ed6e3,a9488d99-0bbb-4599-91ce-5dd2b45ed1f0,3b0b0e6c-5a36-4b8e-8c1e-0d7c5e2f9a11,380000000.0,7f5b6f7e-1c2d-4a4e-9a51-3a3f1d3c0a01
ce7ae7f6-3982-4cff-8f77-a665ac3c5640,ce777f00-ecf2-4e76-8519-7ff4006ed6e3,fc377a4c-4a15-444d-85e7-ce8a3a578a8e,3b0b0e6c-5a36-4b8e-8c1e-0d7c5e2f9a11,393100000.0,7f5b6f7e-1c2d-4a4e-9a51-3a3f1d3c0a01
0bd4a990-0640-4e0f-a5b8-fd4b32fa2de8,ce777f00-ecf2-4e76-8519-7ff4006ed6e3,ddd1dfb2-3b98-4ef8-9af6-1a26146d3f31,3b0b0e6c-5a36-4b8e-8c1e-0d7c5e2f9a11,263300000.0,7f5b6f7e-1c2d-4a4e-9a51-3a3f1d3c0a01
74962764-12a4-4ef0-84bb-b7a9d98868dd,9c7c7377-79a2-4903-bbe3-3b243eae0032,bdd640fb-0667-4ad1-9c80-317fa3b1799d,3b0b0e6c-5a36-4b8e-8c1e-0d7c5e2f9a11,294800000.0,7f5b6f7e-1c2d-4a4e-9a51-3a3f1d3c0a01
935f2b0a-a138-4ddc-a2d9-de5d6a18ce4c,9c7c7377-79a2-4903-bbe3-3b243eae0032,23b8c1e9-3924-46de-beb1-3b9046685257,3b0b0e6c-5a36-4b8e-8c1e-0d7c5e2f9a11,288600000.0,7f5b6f7e-1c2d-4a4e-9a51-3a3f1d3c0a01
624c69b6-b244-45a7-b7e5-848131c681ec,9c7c7377-79a2-4903-bbe3-3b243eae0032,bd9c66b3-ad3c-4d6d-9a3d-1fa7bc8960a9,3b0b0e6c-5a36-4b8e-8c1e-0d7c5e2f9a11,283300000.0,7f5b6f7e-1c2d-4a4e-9a51-3a3f1d3c0a01
25c73c44-3e75-43b4-a64f-a6637e8f8095,9c7c7377-79a2-4903-bbe3-3b243eae0032,972a8469-1641-4f82-8b9d-2434e465e150,3b0b0e6c-5a36-4b8e-8c1e-0d7c5e2f9a11,279300000.0,7f5b6f7e-1c2d-4a4e-9a51-3a3f1d3c0a01
e4855aa1-016b-4287-b008-05cca7f36ae9,9c7c7377-79a2-4903-bbe3-3b243eae0032,17fc695a-07a0-4a6e-8822-e8f36c031199,3b0b0e6c-5a36-4b8e-8c1e-0d7c5e2f9a11,279500000.0,7f5b6f7e-1c2d-4a4e-9a51-3a3f1d3c0a01
e2add909-c521-4f2d-9c45-d539c03f3538,9c7c7377-79a2-4903-bbe3-3b243eae0032,9a1de644-815e-46d1-bb8f-aa1837f8a88b,3b0b0e6c-5a36-4b8e-8c1e-0d7c5e2f9a11,276200000.0,7f5b6f7e-1c2d-4a4e-9a51-3a3f1d3c0a01
3805f907-6cd6-4193-8746-8f591b494e15,9c7c7377-79a2-4903-bbe3-3b243eae0032,b74d0fb1-32e7-4629-8fad-c1a606cb0fb3,3b0b0e6c-5a36-4b8e-8c1e-0d7c5e2f9a11,351600000.0,7f5b6f7e-1c2d-4a4e-9a51-3a3f1d3c0a01
b227462c-f53d-4330-8dda-24ba2d06e8cf,9c7c7377-79a2-4903-bbe3-3b243eae0032,6b65a6a4-8b81-48f6-b38a-088ca65ed389,3b0b0e6c-5a36-4b8e-8c1e-0d7c5e2f9a11,342100000.0,7f5b6f7e-1c2d-4a4e-9a51-3a3f1d3c0a01
8eb22579-0cdb-4ca4-b6ec-bdd68498e113,9c7c7377-79a2-4903-bbe3-3b243eae0032,47378190-96da-4dac-b2ff-5d2a386ecbe0,3b0b0e6c-5a36-4b8e-8c1e-0d7c5e2f9a11,346000000.0,7f5b6f7e-1c2d-4a4e-9a51-3a3f1d3c0a01
1f115b76-d92c-4227-aadf-50853fcb7546,9c7c7377-79a2-4903-bbe3-3b243eae0032,c241330b-01a9-471f-9e8a-774bcf36d58b,3b0b0e6c-5a36-4b8e-8c1e-0d7c5e2f9a11,371000000.0,7f5b6f7e-1c2d-4a4e-9a51-3a3f1d3c0a01
76f2dbfe-cd29-436f-a222-82e174daaebf,9c7c7377-79a2-4903-bbe3-3b243eae0032,6c307511-b2b9-437a-a8df-6ec4ce4a2bbd,3b0b0e6c-5a36-4b8e-8c1e-0d7c5e2f9a11,332000000.0,7f5b6f7e-1c2d-4a4e-9a51-3a3f1d3c0a01
8f15ba58-fce6-4504-87f8-424daae65fc1,9c7c7377-79a2-4903-bbe3-3b243eae0032,371ecd7b-27cd-4130-8722-9389571aa876,3b0b0e6c-5a36-4b8e-8c1e-0d7c5e2f9a11,340200000.0,7f5b6f7e-1c2d-4a4e-9a51-3a3f1d3c0a01
c1581092-f335-4ba3-913a-7052986f9025,9c7c7377-79a2-4903-bbe3-3b243eae0032,1a2a73ed-562b-4f79-8374-59eef50bea63,3b0b0e6c-5a36-4b8e-8c1e-0d7c5e2f9a11,368300000.0,7f5b6f7e-1c2d-4a4e-9a51-3a3f1d3c0a01
d0a44432-9cd6-4852-b14c-7df4e4347d51,9c7c7377-79a2-4903-bbe3-3b243eae0032,5be6128e-18c2-4797-a142-ea7d17be3111,3b0b0e6c-5a36-4b8e-8c1e-0d7c5e2f9a11,360500000.0,7f5b6f7e-1c2d-4a4e-9a51-3a3f1d3c0a01
6d3ee1dc-8139-4443-a45b-712eb8225688,9c7c7377-79a2-4903-bbe3-3b243eae0032,43b7a3a6-9a8d-4a03-980d-7b71d8f56413,3b0b0e6c-5a36-4b8e-8c1e-0d7c5e2f9a11,379200000.0,7f5b6f7e-1c2d-4a4e-9a51-3a3f1d3c0a01
722764e6-8c41-461b-a827-a1b9d4a02e53,9c7c7377-79a2-4903-bbe3-3b243eae0032,759cde66-bacf-43d0-8b1f-9163ce9ff57f,3b0b0e6c-5a36-4b8e-8c1e-0d7c5e2f9a11,432300000.0,7f5b6f7e-1c2d-4a4e-9a51-3a3f1d3c0a01
dc8aee30-be60-43f7-a8be-9288e5af6e39,9c7c7377-79a2-4903-bbe3-3b243eae0032,ec1b8ca1-f91e-4d4c-9ff4-9b7889463e85,3b0b0e6c-5a36-4b8e-8c1e-0d7c5e2f9a11,426600000.0,7f5b6f7e-1c2d-4a4e-9a51-3a3f1d3c0a01
c074718e-425a-409f-b337-c59979844388,9c7c7377-79a2-4903-bbe3-3b243eae0032,4b0dbb41-8d52-48f1-942c-3fe860e7a113,3b0b0e6c-5a36-4b8e-8c1e-0d7c5e2f9a11,506500000.0,7f5b6f7e-1c2d-4a4e-9a51-3a3f1d3c0a01
46fde062-a33d-47af-9701-410d3f4b1a70,9c7c7377-79a2-4903-bbe3-3b243eae0032,e2acf72f-9e57-4f7a-a0ee-89aed453dd32,3b0b0e6c-5a36-4b8e-8c1e-0d7c5e2f9a11,497900000.0,7f5b6f7e-1c2d-4a4e-9a51-3a3f1d3c0a01
7c0e8cd8-8573-4793-8715-b2b9c40c5d91,9c7c7377-79a2-4903-bbe3-3b243eae0032,3139d32c-93cd-49bf-9c94-1cf0dc98d2c1,3b0b0e6c-5a36-4b8e-8c1e-0d7c5e2f9a11,400600000.0,7f5b6f7e-1c2d-4a4e-9a51-3a3f1d3c0a01
709b7d97-464c-44af-bd3f-3799a07295e9,9c7c7377-79a2-4903-bbe3-3b243eae0032,a9488d99-0bbb-4599-91ce-5dd2b45ed1f0,3b0b0e6c-5a36-4b8e-8c1e-0d7c5e2f9a11,385600000.0,7f5b6f7e-1c2d-4a4e-9a51-3a3f1d3c0a01
3c07c574-4925-4af1-b6aa-e05b13d5f2f7,9c7c7377-79a2-4903-bbe3-3b243eae0032,fc377a4c-4a15-444d-85e7-ce8a3a578a8e,3b0b0e6c-5a36-4b8e-8c1e-0d7c5e2f9a11,399400000.0,7f5b6f7e-1c2d-4a4e-9a51-3a3f1d3c0a01
e49d681d-51d8-4c64-95fa-1ab8458f1f19,9c7c7377-79a2-4903-bbe3-3b243eae0032,ddd1dfb2-3b98-4ef8-9af6-1a26146d3f31,3b0b0e6c-5a36-4b8e-8c1e-0d7c5e2f9a11,271200000.0,7f5b6f7e-1c2d-4a4e-9a51-3a3f1d3c0a01
271e3ee2-b1a6-41f1-a20e-99d33b33f3d8,269cd696-236c-4b87-94a0-bccb8a476a87,bdd640fb-0667-4ad1-9c80-317fa3b1799d,3b0b0e6c-5a36-4b8e-8c1e-0d7c5e2f9a11,343000000.0,7f5b6f7e-1c2d-4a4e-9a51-3a3f1d3c0a01
6a34c854-1071-4d51-b6c5-9dacb4d7e28e,269cd696-236c-4b87-94a0-bccb8a476a87,23b8c1e9-3924-46de-beb1-3b9046685257,3b0b0e6c-5a36-4b8e-8c1e-0d7c5e2f9a11,340700000.0,7f5b6f7e-1c2d-4a4e-9a51-3a3f1d3c0a01
7746d0ba-8ae8-405b-94b4-a48268586eba,269cd696-236c-4b87-94a0-bccb8a476a87,bd9c66b3-ad3c-4d6d-9a3d-1fa7bc8960a9,3b0b0e6c-5a36-4b8e-8c1e-0d7c5e2f9a11,330600000.0,7f5b6f7e-1c2d-4a4e-9a51-3a3f1d3c0a01
d5385b0e-34f3-493c-8ff0-a55c6a702e2f,269cd696-236c-4b87-94a0-bccb8a476a87,972a8469-1641-4f82-8b9d-2434e465e150,3b0b0e6c-5a36-4b8e-8c1e-0d7c5e2f9a11,326800000.0,7f5b6f7e-1c2d-4a4e-9a51-3a3f1d3c0a01
c51155ff-e7a3-4e81-a3b4-c08b6b8e869f,269cd696-236c-4b87-94a0-bccb8a476a87,17fc695a-07a0-4a6e-8822-e8f36c031199,3b0b0e6c-5a36-4b8e-8c1e-0d7c5e2f9a11,330600000.0,7f5b6f7e-1c2d-4a4e-9a51-3a3f1d3c0a01
05000bc6-b20d-4b6e-b231-1f1795863a76,269cd696-236c-4b87-94a0-bccb8a476a87,9a1de644-815e-46d1-bb8f-aa1837f8a88b,3b0b0e6c-5a36-4b8e-8c1e-0d7c5e2f9a11,323800000.0,7f5b6f7e-1c2d-4a4e-9a51-3a3f1d3c0a01
9360715f-c3fe-4183-a172-b725db52ca58,269cd696-236c-4b87-94a0-bccb8a476a87,b74d0fb1-32e7-4629-8fad-c1a606cb0fb3,3b0b0e6c-5a36-4b8e-8c1e-0d7c5e2f9a11,407300000.0,7f5b6f7e-1c2d-4a4e-9a51-3a3f1d3c0a01
f1578470-0182-47c4-ba1b-58066160a6b4,269cd696-236c-4b87-94a0-bccb8a476a87,6b65a6a4-8b81-48f6-b38a-088ca65ed389,3b0b0e6c-5a36-4b8e-8c1e-0d7c5e2f9a11,397000000.0,7f5b6f7e-1c2d-4a4e-9a51-3a3f1d3c0a01
63d62a39-c0e3-4efd-8c71-e0fe5a0cdd7c,269cd696-236c-4b87-94a0-bccb8a476a87,47378190-96da-4dac-b2ff-5d2a386ecbe0,3b0b0e6c-5a36-4b8e-8c1e-0d7c5e2f9a11,405800000.0,7f5b6f7e-1c2d-4a4e-9a51-3a3f1d3c0a01
d5f25073-f414-42b1-a442-9ebbda7b9095,269cd696-236c-4b87-94a0-bccb8a476a87,c241330b-01a9-471f-9e8a-774bcf36d58b,3b0b0e6c-5a36-4b8e-8c1e-0d7c5e2f9a11,429200000.0,7f5b6f7e-1c2d-4a4e-9a51-3a3f1d3c0a01
bc10fa52-bf5d-4fdf-89c8-d2ab6b44fa8d,269cd696-236c-4b87-94a0-bccb8a476a87,6c307511-b2b9-437a-a8df-6ec4ce4a2bbd,3b0b0e6c-5a36-4b8e-8c1e-0d7c5e2f9a11,394800000.0,7f5b6f7e-1c2d-4a4e-9a51-3a3f1d3c0a01
e5d6f6e6-9a6e-42f5-8cc4-29038bcf53a1,269cd696-236c-4b87-94a0-bccb8a476a87,371ecd7b-27cd-4130-8722-9389571aa876,3b0b0e6c-5a36-4b8e-8c1e-0d7c5e2f9a11,401200000.0,7f5b6f7e-1c2d-4a4e-9a51-3a3f1d3c0a01
45df16b6-382c-443f-bcfc-9b793875394c,269cd696-236c-4b87-94a0-bccb8a476a87,1a2a73ed-562b-4f79-8374-59eef50bea63,3b0b0e6c-5a36-4b8e-8c1e-0d7c5e2f9a11,424200000.0,7f5b6f7e-1c2d-4a4e-9a51-3a3f1d3c0a01
638c254c-076e-4bba-bc53-08bf6f92f25e,269cd696-236c-4b87-94a0-bccb8a476a87,5be6128e-18c2-4797-a142-ea7d17be3111,3b0b0e6c-5a36-4b8e-8c1e-0d7c5e2f9a11,419800000.0,7f5b6f7e-1c2d-4a4e-9a51-3a3f1d3c0a01
cc530e36-addc-4e13-ab3b-4d37560c95ee,269cd696-236c-4b87-94a0-bccb8a476a87,43b7a3a6-9a8d-4a03-980d-7b71d8f56413,3b0b0e6c-5a36-4b8e-8c1e-0d7c5e2f9a11,431300000.0,7f5b6f7e-1c2d-4a4e-9a51-3a3f1d3c0a01
d72b6108-2a40-4f12-b963-f37f67814c1f,269cd696-236c-4b87-94a0-bccb8a476a87,759cde66-bacf-43d0-8b1f-9163ce9ff57f,3b0b0e6c-5a36-4b8e-8c1e-0d7c5e2f9a11,507100000.0,7f5b6f7e-1c2d-4a4e-9a51-3a3f1d3c0a01
fb10987f-20ac-4703-ab67-146a77a6e17c,269cd696-236c-4b87-94a0-bccb8a476a87,ec1b8ca1-f91e-4d4c-9ff4-9b7889463e85,3b0b0e6c-5a36-4b8e-8c1e-0d7c5e2f9a11,494200000.0,7f5b6f7e-1c2d-4a4e-9a51-3a3f1d3c0a01
e82c7d7b-06e7-45f9-88bc-539c9f4c3b79,269cd696-236c-4b87-94a0-bccb8a476a87,4b0dbb41-8d52-48f1-942c-3fe860e7a113,3b0b0e6c-5a36-4b8e-8c1e-0d7c5e2f9a11,580700000.0,7f5b6f7e-1c2d-4a4e-9a51-3a3f1d3c0a01
a9ba5a27-907b-4e36-9786-48f864de82e6,269cd696-236c-4b87-94a0-bccb8a476a87,e2acf72f-9e57-4f7a-a0ee-89aed453dd32,3b0b0e6c-5a36-4b8e-8c1e-0d7c5e2f9a11,573500000.0,7f5b6f7e-1c2d-4a4e-9a51-3a3f1d3c0a01
6db99102-a48b-4dbe-957d-94a106f028ff,269cd696-236c-4b87-94a0-bccb8a476a87,3139d32c-93cd-49bf-9c94-1cf0dc98d2c1,3b0b0e6c-5a36-4b8e-8c1e-0d7c5e2f9a11,459100000.0,7f5b6f7e-1c2d-4a4e-9a51-3a3f1d3c0a01
2e85cb21-7631-4e9d-9de9-f86322bd3388,269cd696-236c-4b87-94a0-bccb8a476a87,a9488d99-0bbb-4599-91ce-5dd2b45ed1f0,3b0b0e6c-5a36-4b8e-8c1e-0d7c5e2f9a11,450700000.0,7f5b6f7e-1c2d-4a4e-9a51-3a3f1d3c0a01
53cd6268-610c-4373-8299-9aa40cdf742b,269cd696-236c-4b87-94a0-bccb8a476a87,fc377a4c-4a15-444d-85e7-ce8a3a578a8e,3b0b0e6c-5a36-4b8e-8c1e-0d7c5e2f9a11,463900000.0,7f5b6f7e-1c2d-4a4e-9a51-3a3f1d3c0a01
56666f9f-53ac-4ab9-b467-2cd9362f5e5c,269cd696-236c-4b87-94a0-bccb8a476a87,ddd1dfb2-3b98-4ef8-9af6-1a26146d3f31,3b0b0e6c-5a36-4b8e-8c1e-0d7c5e2f9a11,317900000.0,7f5b6f7e-1c2d-4a4e-9a51-3a3f1d3c0a01
6bebac31-d4f8-4d72-b382-1cfdc083b73a,473bd358-610e-4a64-a130-1617c2dff335,bdd640fb-0667-4ad1-9c80-317fa3b1799d,3b0b0e6c-5a36-4b8e-8c1e-0d7c5e2f9a11,348200000.0,7f5b6f7e-1c2d-4a4e-9a51-3a3f1d3c0a01
78660765-14f7-4e8d-95bc-b8d04094dded,473bd358-610e-4a64-a130-1617c2dff335,23b8c1e9-3924-46de-beb1-3b9046685257,3b0b0e6c-5a36-4b8e-8c1e-0d7c5e2f9a11,340300000.0,7f5b6f7e-1c2d-4a4e-9a51-3a3f1d3c0a01
0d557b61-8a17-4dfe-bfc0-0dc804f64d86,473bd358-610e-4a64-a130-1617c2dff335,bd9c66b3-ad3c-4d6d-9a3d-1fa7bc8960a9,3b0b0e6c-5a36-4b8e-8c1e-0d7c5e2f9a11,336400000.0,7f5b6f7e-1c2d-4a4e-9a51-3a3f1d3c0a01
39669fa7-5997-4043-b3b1-025bfff9f585,473bd358-610e-4a64-a130-1617c2dff335,972a8469-1641-4f82-8b9d-2434e465e150,3b0b0e6c-5a36-4b8e-8c1e-0d7c5e2f9a11,335800000.0,7f5b6f7e-1c2d-4a4e-9a51-3a3f1d3c0a01
f510ab53-c7fe-439f-9190-f938a66fd7f7,473bd358-610e-4a64-a130-1617c2dff335,17fc695a-07a0-4a6e-8822-e8f36c031199,3b0b0e6c-5a36-4b8e-8c1e-0d7c5e2f9a11,334200000.0,7f5b6f7e-1c2d-4a4e-9a51-3a3f1d3c0a01
07f194f9-c115-4d6d-8a4e-5b70a6d964a3,473bd358-610e-4a64-a130-1617c2dff335,9a1de644-815e-46d1-bb8f-aa1837f8a88b,3b0b0e6c-5a36-4b8e-8c1e-0d7c5e2f9a11,325700000.0,7f5b6f7e-1c2d-4a4e-9a51-3a3f1d3c0a01
d6d7b3b8-3309-4d35-bf4d-f561f319c125,473bd358-610e-4a64-a130-1617c2dff335,b74d0fb1-32e7-4629-8fad-c1a606cb0fb3,3b0b0e6c-5a36-4b8e-8c1e-0d7c5e2f9a11,419600000.0,7f5b6f7e-1c2d-4a4e-9a51-3a3f1d3c0a01
3d114802-2702-478b-9f0f-da8d05379ff6,473bd358-610e-4a64-a130-1617c2dff335,6b65a6a4-8b81-48f6-b38a-088ca65ed389,3b0b0e6c-5a36-4b8e-8c1e-0d7c5e2f9a11,405200000.0,7f5b6f7e-1c2d-4a4e-9a51-3a3f1d3c0a01
1d48a071-ab61-47b1-b93b-4c3220500494,473bd358-610e-4a64-a130-1617c2dff335,47378190-96da-4dac-b2ff-5d2a386ecbe0,3b0b0e6c-5a36-4b8e-8c1e-0d7c5e2f9a11,416000000.0,7f5b6f7e-1c2d-4a4e-9a51-3a3f1d3c0a01
770c7798-37cc-463b-b2a0-345990604f62,473bd358-610e-4a64-a130-1617c2dff335,c241330b-01a9-471f-9e8a-774bcf36d58b,3b0b0e6c-5a36-4b8e-8c1e-0d7c5e2f9a11,437700000.0,7f5b6f7e-1c2d-4a4e-9a51-3a3f1d3c0a01
5e6fea07-c453-4f1d-8199-2fdfb31022f0,473bd358-610e-4a64-a130-1617c2dff335,6c307511-b2b9-437a-a8df-6ec4ce4a2bbd,3b0b0e6c-5a36-4b8e-8c1e-0d7c5e2f9a11,400400000.0,7f5b6f7e-1c2d-4a4e-9a51-3a3f1d3c0a01
f6b751f7-9b74-4245-9b1b-c8952af43ab7,473bd358-610e-4a64-a130-1617c2dff335,371ecd7b-27cd-4130-8722-9389571aa876,3b0b0e6c-5a36-4b8e-8c1e-0d7c5e2f9a11,406000000.0,7f5b6f7e-1c2d-4a4e-9a51-3a3f1d3c0a01
c71d5e60-1d52-46ab-b7e6-427cbf780e3f,473bd358-610e-4a64-a130-1617c2dff335,1a2a73ed-562b-4f79-8374-59eef50bea63,3b0b0e6c-5a36-4b8e-8c1e-0d7c5e2f9a11,430700000.0,7f5b6f7e-1c2d-4a4e-9a51-3a3f1d3c0a01
4fa03f26-f6f7-40cc-a9ec-8e49d1bdb8c0,473bd358-610e-4a64-a130-1617c2dff335,5be6128e-18c2-4797-a142-ea7d17be3111,3b0b0e6c-5a36-4b8e-8c1e-0d7c5e2f9a11,423400000.0,7f5b6f7e-1c2d-4a4e-9a51-3a3f1d3c0a01
edcb8cb6-0692-4c63-9424-aed51bac5c15,473bd358-610e-4a64-a130-1617c2dff335,43b7a3a6-9a8d-4a03-980d-7b71d8f56413,3b0b0e6c-5a36-4b8e-8c1e-0d7c5e2f9a11,440200000.0,7f5b6f7e-1c2d-4a4e-9a51-3a3f1d3c0a01
e87466d7-ad66-41bd-9367-6a024fdc6e1b,473bd358-610e-4a64-a130-1617c2dff335,759cde66-bacf-43d0-8b1f-9163ce9ff57f,3b0b0e6c-5a36-4b8e-8c1e-0d7c5e2f9a11,504500000.0,7f5b6f7e-1c2d-4a4e-9a51-3a3f1d3c0a01
f1043785-658b-4523-a014-1de9f54ad0a2,473bd358-610e-4a64-a130-1617c2dff335,ec1b8ca1-f91e-4d4c-9ff4-9b7889463e85,3b0b0e6c-5a36-4b8e-8c1e-0d7c5e2f9a11,496200000.0,7f5b6f7e-1c2d-4a4e-9a51-3a3f1d3c0a01
9793b9b4-1374-4146-b2c5-bd89b70b3420,473bd358-610e-4a64-a130-1617c2dff335,4b0dbb41-8d52-48f1-942c-3fe860e7a113,3b0b0e6c-5a36-4b8e-8c1e-0d7c5e2f9a11,596700000.0,7f5b6f7e-1c2d-4a4e-9a51-3a3f1d3c0a01
3e2b6091-a092-452a-94a0-57a7b0cc1b3b,473bd358-610e-4a64-a130-1617c2dff335,e2acf72f-9e57-4f7a-a0ee-89aed453dd32,3b0b0e6c-5a36-4b8e-8c1e-0d7c5e2f9a11,586000000.0,7f5b6f7e-1c2d-4a4e-9a51-3a3f1d3c0a01
4d3485c5-c5c1-4eb4-b27b-3d901a16342c,473bd358-610e-4a64-a130-1617c2dff335,3139d32c-93cd-49bf-9c94-1cf0dc98d2c1,3b0b0e6c-5a36-4b8e-8c1e-0d7c5e2f9a11,463500000.0,7f5b6f7e-1c2d-4a4e-9a51-3a3f1d3c0a01
ce3714af-99b4-4350-af2b-99b4d9acd158,473bd358-610e-4a64-a130-1617c2dff335,a9488d99-0bbb-4599-91ce-5dd2b45ed1f0,3b0b0e6c-5a36-4b8e-8c1e-0d7c5e2f9a11,462000000.0,7f5b6f7e-1c2d-4a4e-9a51-3a3f1d3c0a01
90e0f4a0-fbdd-4933-8bd5-8bf61efd76e9,473bd358-610e-4a64-a130-1617c2dff335,fc377a4c-4a15-444d-85e7-ce8a3a578a8e,3b0b0e6c-5a36-4b8e-8c1e-0d7c5e2f9a11,471300000.0,7f5b6f7e-1c2d-4a4e-9a51-3a3f1d3c0a01
8861fe18-58e2-4888-8a83-81bec85aca46,473bd358-610e-4a64-a130-1617c2dff335,ddd1dfb2-3b98-4ef8-9af6-1a26146d3f31,3b0b0e6c-5a36-4b8e-8c1e-0d7c5e2f9a11,321600000.0,7f5b6f7e-1c2d-4a4e-9a51-3a3f1d3c0a01
033d2bce-575a-4d2c-a5c5-650c8186a576,11a72609-5edd-4bbf-a959-76636daa2e68,bdd640fb-0667-4ad1-9c80-317fa3b1799d,3b0b0e6c-5a36-4b8e-8c1e-0d7c5e2f9a11,355000000.0,7f5b6f7e-1c2d-4a4e-9a51-3a3f1d3c0a01
7d7ddbed-d284-476c-ab88-f83dd97dc9cd,11a72609-5edd-4bbf-a959-76636daa2e68,23b8c1e9-3924-46de-beb1-3b9046685257,3b0b0e6c-5a36-4b8e-8c1e-0d7c5e2f9a11,348000000.0,7f5b6f7e-1c2d-4a4e-9a51-3a3f1d3c0a01
5cb85aed-f5f6-4c97-aefb-63b11b049863,11a72609-5edd-4bbf-a959-76636daa2e68,bd9c66b3-ad3c-4d6d-9a3d-1fa7bc8960a9,3b0b0e6c-5a36-4b8e-8c1e-0d7c5e2f9a11,336800000.0,7f5b6f7e-1c2d-4a4e-9a51-3a3f1d3c0a01
75b17a55-d426-4982-a43e-4288a2b5b498,11a72609-5edd-4bbf-a959-76636daa2e68,972a8469-1641-4f82-8b9d-2434e465e150,3b0b0e6c-5a36-4b8e-8c1e-0d7c5e2f9a11,331500000.0,7f5b6f7e-1c2d-4a4e-9a51-3a3f1d3c0a01
2d174fc9-6f7c-45ea-a72a-6d8eb5122df8,11a72609-5edd-4bbf-a959-76636daa2e68,17fc695a-07a0-4a6e-8822-e8f36c031199,3b0b0e6c-5a36-4b8e-8c1e-0d7c5e2f9a11,333400000.0,7f5b6f7e-1c2d-4a4e-9a51-3a3f1d3c0a01
a6846099-f729-4951-8591-31d2bbda0242,11a72609-5edd-4bbf-a959-76636daa2e68,9a1de644-815e-46d1-bb8f-aa1837f8a88b,3b0b0e6c-5a36-4b8e-8c1e-0d7c5e2f9a11,326400000.0,7f5b6f7e-1c2d-4a4e-9a51-3a3f1d3c0a01
eb6c1016-cee6-44d0-9dac-6e8345241ea6,11a72609-5edd-4bbf-a959-76636daa2e68,b74d0fb1-32e7-4629-8fad-c1a606cb0fb3,3b0b0e6c-5a36-4b8e-8c1e-0d7c5e2f9a11,420600000.0,7f5b6f7e-1c2d-4a4e-9a51-3a3f1d3c0a01
7701f7bb-7bc6-4e1f-864e-e6e389c5b31a,11a72609-5edd-4bbf-a959-76636daa2e68,6b65a6a4-8b81-48f6-b38a-088ca65ed389,3b0b0e6c-5a36-4b8e-8c1e-0d7c5e2f9a11,410100000.0,7f5b6f7e-1c2d-4a4e-9a51-3a3f1d3c0a01
97ac6aa8-bb24-48a3-9363-57b66f81cf4f,11a72609-5edd-4bbf-a959-76636daa2e68,47378190-96da-4dac-b2ff-5d2a386ecbe0,3b0b0e6c-5a36-4b8e-8c1e-0d7c5e2f9a11,412800000.0,7f5b6f7e-1c2d-4a4e-9a51-3a3f1d3c0a01
3ed8c56c-da09-4fa0-9282-8d8044b591f7,11a72609-5edd-4bbf-a959-76636daa2e68,c241330b-01a9-471f-9e8a-774bcf36d58b,3b0b0e6c-5a36-4b8e-8c1e-0d7c5e2f9a11,436700000.0,7f5b6f7e-1c2d-4a4e-9a51-3a3f1d3c0a01
4767d76c-162f-4a24-af43-613cd4aac9a3,11a72609-5edd-4bbf-a959-76636daa2e68,6c307511-b2b9-437a-a8df-6ec4ce4a2bbd,3b0b0e6c-5a36-4b8e-8c1e-0d7c5e2f9a11,398400000.0,7f5b6f7e-1c2d-4a4e-9a51-3a3f1d3c0a01
c01f36bf-3e6d-458b-b367-c28de1b294de,11a72609-5edd-4bbf-a959-76636daa2e68,371ecd7b-27cd-4130-8722-9389571aa876,3b0b0e6c-5a36-4b8e-8c1e-0d7c5e2f9a11,412900000.0,7f5b6f7e-1c2d-4a4e-9a51-3a3f1d3c0a01
ab0e664e-9c3e-42d5-91e1-aa9676f72255,11a72609-5edd-4bbf-a959-76636daa2e68,1a2a73ed-562b-4f79-8374-59eef50bea63,3b0b0e6c-5a36-4b8e-8c1e-0d7c5e2f9a11,437700000.0,7f5b6f7e-1c2d-4a4e-9a51-3a3f1d3c0a01
7e8adee7-0758-4201-961e-16d16105716b,11a72609-5edd-4bbf-a959-76636daa2e68,5be6128e-18c2-4797-a142-ea7d17be3111,3b0b0e6c-5a36-4b8e-8c1e-0d7c5e2f9a11,429200000.0,7f5b6f7e-1c2d-4a4e-9a51-3a3f1d3c0a01
7cd0129d-2e8d-4e87-9334-20e6d9d80b8d,11a72609-5edd-4bbf-a959-76636daa2e68,43b7a3a6-9a8d-4a03-980d-7b71d8f56413,3b0b0e6c-5a36-4b8e-8c1e-0d7c5e2f9a11,442400000.0,7f5b6f7e-1c2d-4a4e-9a51-3a3f1d3c0a01
4223623b-cc3e-4dde-9ad5-cf06364d7c87,11a72609-5edd-4bbf-a959-76636daa2e68,759cde66-bacf-43d0-8b1f-9163ce9ff57f,3b0b0e6c-5a36-4b8e-8c1e-0d7c5e2f9a11,511300000.0,7f5b6f7e-1c2d-4a4e-9a51-3a3f1d3c0a01
989d9d4a-e15c-4666-8797-b2c957207246,11a72609-5edd-4bbf-a959-76636daa2e68,ec1b8ca1-f91e-4d4c-9ff4-9b7889463e85,3b0b0e6c-5a36-4b8e-8c1e-0d7c5e2f9a11,511200000.0,7f5b6f7e-1c2d-4a4e-9a51-3a3f1d3c0a01
8e485223-46b9-4991-a14e-b70db380c73a,11a72609-5edd-4bbf-a959-76636daa2e68,4b0dbb41-8d52-48f1-942c-3fe860e7a113,3b0b0e6c-5a36-4b8e-8c1e-0d7c5e2f9a11,599600000.0,7f5b6f7e-1c2d-4a4e-9a51-3a3f1d3c0a01
30e912f2-f2b4-4abf-8441-aefd0299436a,11a72609-5edd-4bbf-a959-76636daa2e68,e2acf72f-9e57-4f7a-a0ee-89aed453dd32,3b0b0e6c-5a36-4b8e-8c1e-0d7c5e2f9a11,587600000.0,7f5b6f7e-1c2d-4a4e-9a51-3a3f1d3c0a01
680bac63-b856-4035-bdc9-829015eabb27,11a72609-5edd-4bbf-a959-76636daa2e68,3139d32c-93cd-49bf-9c94-1cf0dc98d2c1,3b0b0e6c-5a36-4b8e-8c1e-0d7c5e2f9a11,471000000.0,7f5b6f7e-1c2d-4a4e-9a51-3a3f1d3c0a01
3d85de89-c217-4429-8e20-07247d137018,11a72609-5edd-4bbf-a959-76636daa2e68,a9488d99-0bbb-4599-91ce-5dd2b45ed1f0,3b0b0e6c-5a36-4b8e-8c1e-0d7c5e2f9a11,458100000.0,7f5b6f7e-1c2d-4a4e-9a51-3a3f1d3c0a01
b63b4dc3-a559-4463-b9e1-3ceab0cbc61f,11a72609-5edd-4bbf-a959-76636daa2e68,fc377a4c-4a15-444d-85e7-ce8a3a578a8e,3b0b0e6c-5a36-4b8e-8c1e-0d7c5e2f9a11,476400000.0,7f5b6f7e-1c2d-4a4e-9a51-3a3f1d3c0a01
046a0df5-cafd-4613-b2bb-912d7da67785,11a72609-5edd-4bbf-a959-76636daa2e68,ddd1dfb2-3b98-4ef8-9af6-1a26146d3f31,3b0b0e6c-5a36-4b8e-8c1e-0d7c5e2f9a11,328700000.0,7f5b6f7e-1c2d-4a4e-9a51-3a3f1d3c0a01
a9f948b2-4e63-44bb-be49-3f43b118f68d,6786d506-38ba-4abc-8b53-05e517d2582e,bdd640fb-0667-4ad1-9c80-317fa3b1799d,3b0b0e6c-5a36-4b8e-8c1e-0d7c5e2f9a11,366600000.0,7f5b6f7e-1c2d-4a4e-9a51-3a3f1d3c0a01
8db06746-7927-4973-9e78-1fd794e0d3ba,6786d506-38ba-4abc-8b53-05e517d2582e,23b8c1e9-3924-46de-beb1-3b9046685257,3b0b0e6c-5a36-4b8e-8c1e-0d7c5e2f9a11,350400000.0,7f5b6f7e-1c2d-4a4e-9a51-3a3f1d3c0a01
ff233d5f-6ced-415d-9800-7c0287ea7ff5,6786d506-38ba-4abc-8b53-05e517d2582e,bd9c66b3-ad3c-4d6d-9a3d-1fa7bc8960a9,3b0b0e6c-5a36-4b8e-8c1e-0d7c5e2f9a11,351100000.0,7f5b6f7e-1c2d-4a4e-9a51-3a3f1d3c0a01
5a104129-54ae-4d1b-8ce6-424dbef59fe6,6786d506-38ba-4abc-8b53-05e517d2582e,972a8469-1641-4f82-8b9d-2434e465e150,3b0b0e6c-5a36-4b8e-8c1e-0d7c5e2f9a11,346900000.0,7f5b6f7e-1c2d-4a4e-9a51-3a3f1d3c0a01
4e7ed827-455a-4762-b428-a656b3ee4d3b,6786d506-38ba-4abc-8b53-05e517d2582e,17fc695a-07a0-4a6e-8822-e8f36c031199,3b0b0e6c-5a36-4b8e-8c1e-0d7c5e2f9a11,344200000.0,7f5b6f7e-1c2d-4a4e-9a51-3a3f1d3c0a01
b8a6171f-1ee3-4dc4-bb04-8a8b405bfdc9,6786d506-38ba-4abc-8b53-05e517d2582e,9a1de644-815e-46d1-bb8f-aa1837f8a88b,3b0b0e6c-5a36-4b8e-8c1e-0d7c5e2f9a11,336300000.0,7f5b6f7e-1c2d-4a4e-9a51-3a3f1d3c0a01
be2d740a-1e9b-43bc-90c7-c006314d3441,6786d506-38ba-4abc-8b53-05e517d2582e,b74d0fb1-32e7-4629-8fad-c1a606cb0fb3,3b0b0e6c-5a36-4b8e-8c1e-0d7c5e2f9a11,436400000.0,7f5b6f7e-1c2d-4a4e-9a51-3a3f1d3c0a01
b0ae8f08-c31e-4bbc-b36c-b62b892e6161,6786d506-38ba-4abc-8b53-05e517d2582e,6b65a6a4-8b81-48f6-b38a-088ca65ed389,3b0b0e6c-5a36-4b8e-8c1e-0d7c5e2f9a11,426100000.0,7f5b6f7e-1c2d-4a4e-9a51-3a3f1d3c0a01
bd1531c8-3764-4bda-b108-d4482f65fafa,6786d506-38ba-4abc-8b53-05e517d2582e,47378190-96da-4dac-b2ff-5d2a386ecbe0,3b0b0e6c-5a36-4b8e-8c1e-0d7c5e2f9a11,424800000.0,7f5b6f7e-1c2d-4a4e-9a51-3a3f1d3c0a01
96ef2ad6-b97e-4703-86c8-adfe7bf47042,6786d506-38ba-4abc-8b53-05e517d2582e,c241330b-01a9-471f-9e8a-774bcf36d58b,3b0b0e6c-5a36-4b8e-8c1e-0d7c5e2f9a11,453300000.0,7f5b6f7e-1c2d-4a4e-9a51-3a3f1d3c0a01
98c7472a-864e-4a13-829c-fc0cfa02eaec,6786d506-38ba-4abc-8b53-05e517d2582e,6c307511-b2b9-437a-a8df-6ec4ce4a2bbd,3b0b0e6c-5a36-4b8e-8c1e-0d7c5e2f9a11,411900000.0,7f5b6f7e-1c2d-4a4e-9a51-3a3f1d3c0a01
d52721e7-19bc-443e-bb02-bebb48729a4d,6786d506-38ba-4abc-8b53-05e517d2582e,371ecd7b-27cd-4130-8722-9389571aa876,3b0b0e6c-5a36-4b8e-8c1e-0d7c5e2f9a11,422800000.0,7f5b6f7e-1c2d-4a4e-9a51-3a3f1d3c0a01
5c62b3a2-3a3c-463e-8bd6-cee631b1b099,6786d506-38ba-4abc-8b53-05e517d2582e,1a2a73ed-562b-4f79-8374-59eef50bea63,3b0b0e6c-5a36-4b8e-8c1e-0d7c5e2f9a11,445700000.0,7f5b6f7e-1c2d-4a4e-9a51-3a3f1d3c0a01
b540b30e-039f-4a25-8d61-68bd2defe193,6786d506-38ba-4abc-8b53-05e517d2582e,5be6128e-18c2-4797-a142-ea7d17be3111,3b0b0e6c-5a36-4b8e-8c1e-0d7c5e2f9a11,441400000.0,7f5b6f7e-1c2d-4a4e-9a51-3a3f1d3c0a01
0ba6eab9-4639-447b-a067-bdac88bd13d1,6786d506-38ba-4abc-8b53-05e517d2582e,43b7a3a6-9a8d-4a03-980d-7b71d8f56413,3b0b0e6c-5a36-4b8e-8c1e-0d7c5e2f9a11,458000000.0,7f5b6f7e-1c2d-4a4e-9a51-3a3f1d3c0a01
4ac9778d-8da8-4ee4-8df5-6ac6f96b648a,6786d506-38ba-4abc-8b53-05e517d2582e,759cde66-bacf-43d0-8b1f-9163ce9ff57f,3b0b0e6c-5a36-4b8e-8c1e-0d7c5e2f9a11,525100000.0,7f5b6f7e-1c2d-4a4e-9a51-3a3f1d3c0a01
a34b6cf6-2053-4a42-b1af-db65b289f224,6786d506-38ba-4abc-8b53-05e517d2582e,ec1b8ca1-f91e-4d4c-9ff4-9b7889463e85,3b0b0e6c-5a36-4b8e-8c1e-0d7c5e2f9a11,519400000.0,7f5b6f7e-1c2d-4a4e-9a51-3a3f1d3c0a01
1a432f0a-7daa-49f0-80b6-fce2de53790a,6786d506-38ba-4abc-8b53-05e517d2582e,4b0dbb41-8d52-48f1-942c-3fe860e7a113,3b0b0e6c-5a36-4b8e-8c1e-0d7c5e2f9a11,618400000.0,7f5b6f7e-1c2d-4a4e-9a51-3a3f1d3c0a01
48ca7651-92f5-4f7b-8323-d342df6a8f93,6786d506-38ba-4abc-8b53-05e517d2582e,e2acf72f-9e57-4f7a-a0ee-89aed453dd32,3b0b0e6c-5a36-4b8e-8c1e-0d7c5e2f9a11,603800000.0,7f5b6f7e-1c2d-4a4e-9a51-3a3f1d3c0a01
5738811d-70c2-403f-ba8d-03aa782a65e0,6786d506-38ba-4abc-8b53-05e517d2582e,3139d32c-93cd-49bf-9c94-1cf0dc98d2c1,3b0b0e6c-5a36-4b8e-8c1e-0d7c5e2f9a11,476600000.0,7f5b6f7e-1c2d-4a4e-9a51-3a3f1d3c0a01
40a26c60-0d27-4659-b72a-da9b2f32751e,6786d506-38ba-4abc-8b53-05e517d2582e,a9488d99-0bbb-4599-91ce-5dd2b45ed1f0,3b0b0e6c-5a36-4b8e-8c1e-0d7c5e2f9a11,479600000.0,7f5b6f7e-1c2d-4a4e-9a51-3a3f1d3c0a01
1d34d08e-7a4c-45d4-9c99-e04cf0e98b3b,6786d506-38ba-4abc-8b53-05e517d2582e,fc377a4c-4a15-444d-85e7-ce8a3a578a8e,3b0b0e6c-5a36-4b8e-8c1e-0d7c5e2f9a11,493200000.0,7f5b6f7e-1c2d-4a4e-9a51-3a3f1d3c0a01
7de31a51-6694-4343-90ba-58e3d2762bdc,6786d506-38ba-4abc-8b53-05e517d2582e,ddd1dfb2-3b98-4ef8-9af6-1a26146d3f31,3b0b0e6c-5a36-4b8e-8c1e-0d7c5e2f9a11,341600000.0,7f5b6f7e-1c2d-4a4e-9a51-3a3f1d3c0a01
cfa701cd-2631-400b-a6d7-94d30db95301,afbb411a-a123-4a8c-93b7-a88612f70c97,bdd640fb-0667-4ad1-9c80-317fa3b1799d,3b0b0e6c-5a36-4b8e-8c1e-0d7c5e2f9a11,351100000.0,7f5b6f7e-1c2d-4a4e-9a51-3a3f1d3c0a01
15ce6a66-4dc8-4a1e-b2f9-e5fa90164161,afbb411a-a123-4a8c-93b7-a88612f70c97,23b8c1e9-3924-46de-beb1-3b9046685257,3b0b0e6c-5a36-4b8e-8c1e-0d7c5e2f9a11,342700000.0,7f5b6f7e-1c2d-4a4e-9a51-3a3f1d3c0a01
8edddfcd-1e52-4770-bf89-7142fe716b14,afbb411a-a123-4a8c-93b7-a88612f70c97,bd9c66b3-ad3c-4d6d-9a3d-1fa7bc8960a9,3b0b0e6c-5a36-4b8e-8c1e-0d7c5e2f9a11,337100000.0,7f5b6f7e-1c2d-4a4e-9a51-3a3f1d3c0a01
989bc4da-9b37-422b-aa8a-616fc3b290d0,afbb411a-a123-4a8c-93b7-a88612f70c97,972a8469-1641-4f82-8b9d-2434e465e150,3b0b0e6c-5a36-4b8e-8c1e-0d7c5e2f9a11,335000000.0,7f5b6f7e-1c2d-4a4e-9a51-3a3f1d3c0a01
c693da11-39c6-41ca-9e50-aa42ca6dfda1,afbb411a-a123-4a8c-93b7-a88612f70c97,17fc695a-07a0-4a6e-8822-e8f36c031199,3b0b0e6c-5a36-4b8e-8c1e-0d7c5e2f9a11,336600000.0,7f5b6f7e-1c2d-4a4e-9a51-3a3f1d3c0a01
e893be3d-7354-4a6f-a160-745985c7504b,afbb411a-a123-4a8c-93b7-a88612f70c97,9a1de644-815e-46d1-bb8f-aa1837f8a88b,3b0b0e6c-5a36-4b8e-8c1e-0d7c5e2f9a11,325900000.0,7f5b6f7e-1c2d-4a4e-9a51-3a3f1d3c0a01
96a9954f-dc33-41f9-8c1f-55ab715629ee,afbb411a-a123-4a8c-93b7-a88612f70c97,b74d0fb1-32e7-4629-8fad-c1a606cb0fb3,3b0b0e6c-5a36-4b8e-8c1e-0d7c5e2f9a11,417600000.0,7f5b6f7e-1c2d-4a4e-9a51-3a3f1d3c0a01
9191b363-4e2d-4645-adc7-cac7fd72b050,afbb411a-a123-4a8c-93b7-a88612f70c97,6b65a6a4-8b81-48f6-b38a-088ca65ed389,3b0b0e6c-5a36-4b8e-8c1e-0d7c5e2f9a11,404800000.0,7f5b6f7e-1c2d-4a4e-9a51-3a3f1d3c0a01
f5c9b047-9c10-4572-8f6b-40d09efba58b,afbb411a-a123-4a8c-93b7-a88612f70c97,47378190-96da-4dac-b2ff-5d2a386ecbe0,3b0b0e6c-5a36-4b8e-8c1e-0d7c5e2f9a11,406000000.0,7f5b6f7e-1c2d-4a4e-9a51-3a3f1d3c0a01
c342bd2b-f295-456e-9967-5f06bd767e35,afbb411a-a123-4a8c-93b7-a88612f70c97,c241330b-01a9-471f-9e8a-774bcf36d58b,3b0b0e6c-5a36-4b8e-8c1e-0d7c5e2f9a11,438400000.0,7f5b6f7e-1c2d-4a4e-9a51-3a3f1d3c0a01
43bfd931-3605-4f54-a021-c0ca3531968d,afbb411a-a123-4a8c-93b7-a88612f70c97,6c307511-b2b9-437a-a8df-6ec4ce4a2bbd,3b0b0e6c-5a36-4b8e-8c1e-0d7c5e2f9a11,400800000.0,7f5b6f7e-1c2d-4a4e-9a51-3a3f1d3c0a01
3d67cde9-2834-44c0-94c8-b3b4a911d192,afbb411a-a123-4a8c-93b7-a88612f70c97,371ecd7b-27cd-4130-8722-9389571aa876,3b0b0e6c-5a36-4b8e-8c1e-0d7c5e2f9a11,406600000.0,7f5b6f7e-1c2d-4a4e-9a51-3a3f1d3c0a01
2812859a-1337-439e-8d4f-5d272c7f0b79,afbb411a-a123-4a8c-93b7-a88612f70c97,1a2a73ed-562b-4f79-8374-59eef50bea63,3b0b0e6c-5a36-4b8e-8c1e-0d7c5e2f9a11,433000000.0,7f5b6f7e-1c2d-4a4e-9a51-3a3f1d3c0a01
b07aa066-7354-45ea-a894-9b8d00af5b3a,afbb411a-a123-4a8c-93b7-a88612f70c97,5be6128e-18c2-4797-a142-ea7d17be3111,3b0b0e6c-5a36-4b8e-8c1e-0d7c5e2f9a11,428800000.0,7f5b6f7e-1c2d-4a4e-9a51-3a3f1d3c0a01
085b15fb-4a8f-4810-b84c-2f29980402a2,afbb411a-a123-4a8c-93b7-a88612f70c97,43b7a3a6-9a8d-4a03-980d-7b71d8f56413,3b0b0e6c-5a36-4b8e-8c1e-0d7c5e2f9a11,447400000.0,7f5b6f7e-1c2d-4a4e-9a51-3a3f1d3c0a01
48603b32-b4fb-4eb9-89c1-3de73b4206c5,afbb411a-a123-4a8c-93b7-a88612f70c97,759cde66-bacf-43d0-8b1f-9163ce9ff57f,3b0b0e6c-5a36-4b8e-8c1e-0d7c5e2f9a11,504500000.0,7f5b6f7e-1c2d-4a4e-9a51-3a3f1d3c0a01
1238d630-743b-45a2-9c0f-2fcfb3f6fe0d,afbb411a-a123-4a8c-93b7-a88612f70c97,ec1b8ca1-f91e-4d4c-9ff4-9b7889463e85,3b0b0e6c-5a36-4b8e-8c1e-0d7c5e2f9a11,502700000.0,7f5b6f7e-1c2d-4a4e-9a51-3a3f1d3c0a01
43b9da13-ec85-4f37-bbc1-a987aff8754d,afbb411a-a123-4a8c-93b7-a88612f70c97,4b0dbb41-8d52-48f1-942c-3fe860e7a113,3b0b0e6c-5a36-4b8e-8c1e-0d7c5e2f9a11,592700000.0,7f5b6f7e-1c2d-4a4e-9a51-3a3f1d3c0a01
96fc734d-a003-4d28-8a8f-3653c9af18f8,afbb411a-a123-4a8c-93b7-a88612f70c97,e2acf72f-9e57-4f7a-a0ee-89aed453dd32,3b0b0e6c-5a36-4b8e-8c1e-0d7c5e2f9a11,581200000.0,7f5b6f7e-1c2d-4a4e-9a51-3a3f1d3c0a01
32a447b2-ef04-457d-8dcc-c33aa9434aa0,afbb411a-a123-4a8c-93b7-a88612f70c97,3139d32c-93cd-49bf-9c94-1cf0dc98d2c1,3b0b0e6c-5a36-4b8e-8c1e-0d7c5e2f9a11,465700000.0,7f5b6f7e-1c2d-4a4e-9a51-3a3f1d3c0a01
398d1ca6-8b68-40b5-9d61-fac36cd5e859,afbb411a-a123-4a8c-93b7-a88612f70c97,a9488d99-0bbb-4599-91ce-5dd2b45ed1f0,3b0b0e6c-5a36-4b8e-8c1e-0d7c5e2f9a11,459600000.0,7f5b6f7e-1c2d-4a4e-9a51-3a3f1d3c0a01
44007d5a-e88d-4719-a624-2b40a5cb63a2,afbb411a-a123-4a8c-93b7-a88612f70c97,fc377a4c-4a15-444d-85e7-ce8a3a578a8e,3b0b0e6c-5a36-4b8e-8c1e-0d7c5e2f9a11,478600000.0,7f5b6f7e-1c2d-4a4e-9a51-3a3f1d3c0a01
0f44704f-1247-4a4e-a469-98e8d39e198b,afbb411a-a123-4a8c-93b7-a88612f70c97,ddd1dfb2-3b98-4ef8-9af6-1a26146d3f31,3b0b0e6c-5a36-4b8e-8c1e-0d7c5e2f9a11,322200000.0,7f5b6f7e-1c2d-4a4e-9a51-3a3f1d3c0a01
ebd34616-91b7-4d8e-9301-6989bfbbb17f,9854ce4e-4ebf-45c3-8ae9-b4a72a79ea68,bdd640fb-0667-4ad1-9c80-317fa3b1799d,3b0b0e6c-5a36-4b8e-8c1e-0d7c5e2f9a11,348700000.0,7f5b6f7e-1c2d-4a4e-9a51-3a3f1d3c0a01
77fc9703-1fd5-4423-b06c-5c5649e2623d,9854ce4e-4ebf-45c3-8ae9-b4a72a79ea68,23b8c1e9-3924-46de-beb1-3b9046685257,3b0b0e6c-5a36-4b8e-8c1e-0d7c5e2f9a11,343600000.0,7f5b6f7e-1c2d-4a4e-9a51-3a3f1d3c0a01
670acc5c-b321-4f21-8dd8-eb85b04d3376,9854ce4e-4ebf-45c3-8ae9-b4a72a79ea68,bd9c66b3-ad3c-4d6d-9a3d-1fa7bc8960a9,3b0b0e6c-5a36-4b8e-8c1e-0d7c5e2f9a11,338000000.0,7f5b6f7e-1c2d-4a4e-9a51-3a3f1d3c0a01
8a3c3b5e-801e-41da-85b1-ed25f1533ae8,9854ce4e-4ebf-45c3-8ae9-b4a72a79ea68,972a8469-1641-4f82-8b9d-2434e465e150,3b0b0e6c-5a36-4b8e-8c1e-0d7c5e2f9a11,332400000.0,7f5b6f7e-1c2d-4a4e-9a51-3a3f1d3c0a01
9918ee46-1497-4658-b010-f7197e695d0d,9854ce4e-4ebf-45c3-8ae9-b4a72a79ea68,17fc695a-07a0-4a6e-8822-e8f36c031199,3b0b0e6c-5a36-4b8e-8c1e-0d7c5e2f9a11,337600000.0,7f5b6f7e-1c2d-4a4e-9a51-3a3f1d3c0a01
bc0a6a5d-6e99-4e3e-a3b1-37fc0a3450fc,9854ce4e-4ebf-45c3-8ae9-b4a72a79ea68,9a1de644-815e-46d1-bb8f-aa1837f8a88b,3b0b0e6c-5a36-4b8e-8c1e-0d7c5e2f9a11,333000000.0,7f5b6f7e-1c2d-4a4e-9a51-3a3f1d3c0a01
069f14f1-4018-4c6e-9a8c-fa3c5283aac7,9854ce4e-4ebf-45c3-8ae9-b4a72a79ea68,b74d0fb1-32e7-4629-8fad-c1a606cb0fb3,3b0b0e6c-5a36-4b8e-8c1e-0d7c5e2f9a11,412400000.0,7f5b6f7e-1c2d-4a4e-9a51-3a3f1d3c0a01
ac9ed156-f63f-4e41-ba9a-ca5e176132ed,9854ce4e-4ebf-45c3-8ae9-b4a72a79ea68,6b65a6a4-8b81-48f6-b38a-088ca65ed389,3b0b0e6c-5a36-4b8e-8c1e-0d7c5e2f9a11,408800000.0,7f5b6f7e-1c2d-4a4e-9a51-3a3f1d3c0a01
964db03f-9340-4fad-9c4a-d56bd6016237,9854ce4e-4ebf-45c3-8ae9-b4a72a79ea68,47378190-96da-4dac-b2ff-5d2a386ecbe0,3b0b0e6c-5a36-4b8e-8c1e-0d7c5e2f9a11,412100000.0,7f5b6f7e-1c2d-4a4e-9a51-3a3f1d3c0a01
c3c75611-ffe3-4a49-854f-92fff366bad4,9854ce4e-4ebf-45c3-8ae9-b4a72a79ea68,c241330b-01a9-471f-9e8a-774bcf36d58b,3b0b0e6c-5a36-4b8e-8c1e-0d7c5e2f9a11,439600000.0,7f5b6f7e-1c2d-4a4e-9a51-3a3f1d3c0a01
9384ec2b-44fe-4cae-9248-a9a7ac1aa554,9854ce4e-4ebf-45c3-8ae9-b4a72a79ea68,6c307511-b2b9-437a-a8df-6ec4ce4a2bbd,3b0b0e6c-5a36-4b8e-8c1e-0d7c5e2f9a11,399700000.0,7f5b6f7e-1c2d-4a4e-9a51-3a3f1d3c0a01
2cd94cbb-c19a-458c-835b-1c8c0a4c9f7f,9854ce4e-4ebf-45c3-8ae9-b4a72a79ea68,371ecd7b-27cd-4130-8722-9389571aa876,3b0b0e6c-5a36-4b8e-8c1e-0d7c5e2f9a11,410400000.0,7f5b6f7e-1c2d-4a4e-9a51-3a3f1d3c0a01
7135f221-a6c9-437f-84da-d06a7872bdeb,9854ce4e-4ebf-45c3-8ae9-b4a72a79ea68,1a2a73ed-562b-4f79-8374-59eef50bea63,3b0b0e6c-5a36-4b8e-8c1e-0d7c5e2f9a11,435900000.0,7f5b6f7e-1c2d-4a4e-9a51-3a3f1d3c0a01
ff37d19c-2e76-428b-8735-44f9ea83bf00,9854ce4e-4ebf-45c3-8ae9-b4a72a79ea68,5be6128e-18c2-4797-a142-ea7d17be3111,3b0b0e6c-5a36-4b8e-8c1e-0d7c5e2f9a11,430400000.0,7f5b6f7e-1c2d-4a4e-9a51-3a3f1d3c0a01
d0725b5c-a281-4044-af96-288295d82980,9854ce4e-4ebf-45c3-8ae9-b4a72a79ea68,43b7a3a6-9a8d-4a03-980d-7b71d8f56413,3b0b0e6c-5a36-4b8e-8c1e-0d7c5e2f9a11,447200000.0,7f5b6f7e-1c2d-4a4e-9a51-3a3f1d3c0a01
785299f4-175b-498d-b814-01027de1bdfe,9854ce4e-4ebf-45c3-8ae9-b4a72a79ea68,759cde66-bacf-43d0-8b1f-9163ce9ff57f,3b0b0e6c-5a36-4b8e-8c1e-0d7c5e2f9a11,510700000.0,7f5b6f7e-1c2d-4a4e-9a51-3a3f1d3c0a01
5230dfbd-5553-42fe-a889-803e5913f9d3,9854ce4e-4ebf-45c3-8ae9-b4a72a79ea68,ec1b8ca1-f91e-4d4c-9ff4-9b7889463e85,3b0b0e6c-5a36-4b8e-8c1e-0d7c5e2f9a11,500000000.0,7f5b6f7e-1c2d-4a4e-9a51-3a3f1d3c0a01
292bd156-db94-4570-9ac7-0ec0ab8ddeb4,9854ce4e-4ebf-45c3-8ae9-b4a72a79ea68,4b0dbb41-8d52-48f1-942c-3fe860e7a113,3b0b0e6c-5a36-4b8e-8c1e-0d7c5e2f9a11,588400000.0,7f5b6f7e-1c2d-4a4e-9a51-3a3f1d3c0a01
7ed70ed7-b194-490b-a961-929e546e035a,9854ce4e-4ebf-45c3-8ae9-b4a72a79ea68,e2acf72f-9e57-4f7a-a0ee-89aed453dd32,3b0b0e6c-5a36-4b8e-8c1e-0d7c5e2f9a11,586200000.0,7f5b6f7e-1c2d-4a4e-9a51-3a3f1d3c0a01
668409e3-f1f8-443e-a99f-131849c8a43f,9854ce4e-4ebf-45c3-8ae9-b4a72a79ea68,3139d32c-93cd-49bf-9c94-1cf0dc98d2c1,3b0b0e6c-5a36-4b8e-8c1e-0d7c5e2f9a11,466700000.0,7f5b6f7e-1c2d-4a4e-9a51-3a3f1d3c0a01
0964fbbf-8cd3-41b0-82b0-1cfdd045dd1c,9854ce4e-4ebf-45c3-8ae9-b4a72a79ea68,a9488d99-0bbb-4599-91ce-5dd2b45ed1f0,3b0b0e6c-5a36-4b8e-8c1e-0d7c5e2f9a11,465300000.0,7f5b6f7e-1c2d-4a4e-9a51-3a3f1d3c0a01
409d3602-5084-4242-968b-1625746f7891,9854ce4e-4ebf-45c3-8ae9-b4a72a79ea68,fc377a4c-4a15-444d-85e7-ce8a3a578a8e,3b0b0e6c-5a36-4b8e-8c1e-0d7c5e2f9a11,477000000.0,7f5b6f7e-1c2d-4a4e-9a51-3a3f1d3c0a01
c5c5b37a-f85e-46a1-9dad-09b252c21221,9854ce4e-4ebf-45c3-8ae9-b4a72a79ea68,ddd1dfb2-3b98-4ef8-9af6-1a26146d3f31,3b0b0e6c-5a36-4b8e-8c1e-0d7c5e2f9a11,322700000.0,7f5b6f7e-1c2d-4a4e-9a51-3a3f1d3c0a01
de8ede0b-a85c-4e4a-804b-6fabfcf56188,d32e6dcd-83bc-4478-9d6a-c7b86778043b,bdd640fb-0667-4ad1-9c80-317fa3b1799d,3b0b0e6c-5a36-4b8e-8c1e-0d7c5e2f9a11,359700000.0,7f5b6f7e-1c2d-4a4e-9a51-3a3f1d3c0a01
0de051a6-69ca-47d2-b644-14fd8ae769ed,d32e6dcd-83bc-4478-9d6a-c7b86778043b,23b8c1e9-3924-46de-beb1-3b9046685257,3b0b0e6c-5a36-4b8e-8c1e-0d7c5e2f9a11,355600000.0,7f5b6f7e-1c2d-4a4e-9a51-3a3f1d3c0a01
9f64eeed-5c9d-427d-84b8-71bb300568d2,d32e6dcd-83bc-4478-9d6a-c7b86778043b,bd9c66b3-ad3c-4d6d-9a3d-1fa7bc8960a9,3b0b0e6c-5a36-4b8e-8c1e-0d7c5e2f9a11,349900000.0,7f5b6f7e-1c2d-4a4e-9a51-3a3f1d3c0a01
71299889-a01a-4992-bf9d-3e64c1a6423b,d32e6dcd-83bc-4478-9d6a-c7b86778043b,972a8469-1641-4f82-8b9d-2434e465e150,3b0b0e6c-5a36-4b8e-8c1e-0d7c5e2f9a11,340500000.0,7f5b6f7e-1c2d-4a4e-9a51-3a3f1d3c0a01
445dcc38-341c-4494-8d36-6dfcc28ebd70,d32e6dcd-83bc-4478-9d6a-c7b86778043b,17fc695a-07a0-4a6e-8822-e8f36c031199,3b0b0e6c-5a36-4b8e-8c1e-0d7c5e2f9a11,351400000.0,7f5b6f7e-1c2d-4a4e-9a51-3a3f1d3c0a01
49bc473f-ed7b-4656-a18a-15368c99a894,d32e6dcd-83bc-4478-9d6a-c7b86778043b,9a1de644-815e-46d1-bb8f-aa1837f8a88b,3b0b0e6c-5a36-4b8e-8c1e-0d7c5e2f9a11,335600000.0,7f5b6f7e-1c2d-4a4e-9a51-3a3f1d3c0a01
7c16128d-b2c0-4394-a17f-29e170286046,d32e6dcd-83bc-4478-9d6a-c7b86778043b,b74d0fb1-32e7-4629-8fad-c1a606cb0fb3,3b0b0e6c-5a36-4b8e-8c1e-0d7c5e2f9a11,424900000.0,7f5b6f7e-1c2d-4a4e-9a51-3a3f1d3c0a01
a14923c2-f920-464c-8763-fcd01f15c7b6,d32e6dcd-83bc-4478-9d6a-c7b86778043b,6b65a6a4-8b81-48f6-b38a-088ca65ed389,3b0b0e6c-5a36-4b8e-8c1e-0d7c5e2f9a11,419900000.0,7f5b6f7e-1c2d-4a4e-9a51-3a3f1d3c0a01
b5b453ca-3d42-493c-8c9f-d3349bdf0377,d32e6dcd-83bc-4478-9d6a-c7b86778043b,47378190-96da-4dac-b2ff-5d2a386ecbe0,3b0b0e6c-5a36-4b8e-8c1e-0d7c5e2f9a11,422000000.0,7f5b6f7e-1c2d-4a4e-9a51-3a3f1d3c0a01
03802b70-8d03-491e-8f8d-5238288b78b5,d32e6dcd-83bc-4478-9d6a-c7b86778043b,c241330b-01a9-471f-9e8a-774bcf36d58b,3b0b0e6c-5a36-4b8e-8c1e-0d7c5e2f9a11,450600000.0,7f5b6f7e-1c2d-4a4e-9a51-3a3f1d3c0a01
3985fb62-17dc-4eff-a872-13f98d605936,d32e6dcd-83bc-4478-9d6a-c7b86778043b,6c307511-b2b9-437a-a8df-6ec4ce4a2bbd,3b0b0e6c-5a36-4b8e-8c1e-0d7c5e2f9a11,411100000.0,7f5b6f7e-1c2d-4a4e-9a51-3a3f1d3c0a01
1d0bc9bd-e9b5-45cf-9766-5cdafe049059,d32e6dcd-83bc-4478-9d6a-c7b86778043b,371ecd7b-27cd-4130-8722-9389571aa876,3b0b0e6c-5a36-4b8e-8c1e-0d7c5e2f9a11,419000000.0,7f5b6f7e-1c2d-4a4e-9a51-3a3f1d3c0a01
a5d04d53-1e12-42e3-b272-92b6762172ed,d32e6dcd-83bc-4478-9d6a-c7b86778043b,1a2a73ed-562b-4f79-8374-59eef50bea63,3b0b0e6c-5a36-4b8e-8c1e-0d7c5e2f9a11,452700000.0,7f5b6f7e-1c2d-4a4e-9a51-3a3f1d3c0a01
eec259dc-7f95-497c-a76a-a6ced50755d9,d32e6dcd-83bc-4478-9d6a-c7b86778043b,5be6128e-18c2-4797-a142-ea7d17be3111,3b0b0e6c-5a36-4b8e-8c1e-0d7c5e2f9a11,436700000.0,7f5b6f7e-1c2d-4a4e-9a51-3a3f1d3c0a01
b495db4e-8245-4fb4-8ab7-706eb77350ca,d32e6dcd-83bc-4478-9d6a-c7b86778043b,43b7a3a6-9a8d-4a03-980d-7b71d8f56413,3b0b0e6c-5a36-4b8e-8c1e-0d7c5e2f9a11,460400000.0,7f5b6f7e-1c2d-4a4e-9a51-3a3f1d3c0a01
7b85179a-d5b0-47e0-aa5d-932b45ff2c83,d32e6dcd-83bc-4478-9d6a-c7b86778043b,759cde66-bacf-43d0-8b1f-9163ce9ff57f,3b0b0e6c-5a36-4b8e-8c1e-0d7c5e2f9a11,532799999.99999994,7f5b6f7e-1c2d-4a4e-9a51-3a3f1d3c0a01
74eff545-3e65-4603-b8e3-654bfaf14ff0,d32e6dcd-83bc-4478-9d6a-c7b86778043b,ec1b8ca1-f91e-4d4c-9ff4-9b7889463e85,3b0b0e6c-5a36-4b8e-8c1e-0d7c5e2f9a11,517500000.0,7f5b6f7e-1c2d-4a4e-9a51-3a3f1d3c0a01
30cbd755-6232-417a-a507-41818d1fb540,d32e6dcd-83bc-4478-9d6a-c7b86778043b,4b0dbb41-8d52-48f1-942c-3fe860e7a113,3b0b0e6c-5a36-4b8e-8c1e-0d7c5e2f9a11,604600000.0,7f5b6f7e-1c2d-4a4e-9a51-3a3f1d3c0a01
bf0d073d-821c-4336-9970-cf60ebff8d15,d32e6dcd-83bc-4478-9d6a-c7b86778043b,e2acf72f-9e57-4f7a-a0ee-89aed453dd32,3b0b0e6c-5a36-4b8e-8c1e-0d7c5e2f9a11,598500000.0,7f5b6f7e-1c2d-4a4e-9a51-3a3f1d3c0a01
11df12d7-dd30-4e89-a2f2-35f2e11b868d,d32e6dcd-83bc-4478-9d6a-c7b86778043b,3139d32c-93cd-49bf-9c94-1cf0dc98d2c1,3b0b0e6c-5a36-4b8e-8c1e-0d7c5e2f9a11,480700000.0,7f5b6f7e-1c2d-4a4e-9a51-3a3f1d3c0a01
dabac50d-ca3d-4859-85ce-099c46b82659,d32e6dcd-83bc-4478-9d6a-c7b86778043b,a9488d99-0bbb-4599-91ce-5dd2b45ed1f0,3b0b0e6c-5a36-4b8e-8c1e-0d7c5e2f9a11,466500000.0,7f5b6f7e-1c2d-4a4e-9a51-3a3f1d3c0a01
c9a7d91f-ef2a-4713-9702-10496a39aaa6,d32e6dcd-83bc-4478-9d6a-c7b86778043b,fc377a4c-4a15-444d-85e7-ce8a3a578a8e,3b0b0e6c-5a36-4b8e-8c1e-0d7c5e2f9a11,488800000.0,7f5b6f7e-1c2d-4a4e-9a51-3a3f1d3c0a01
00a81de9-d20f-47d0-8465-6d6b81fb18b3,d32e6dcd-83bc-4478-9d6a-c7b86778043b,ddd1dfb2-3b98-4ef8-9af6-1a26146d3f31,3b0b0e6c-5a36-4b8e-8c1e-0d7c5e2f9a11,335700000.0,7f5b6f7e-1c2d-4a4e-9a51-3a3f1d3c0a01
a8f1e091-ffb8-402d-9475-dbc996418ced,d664d264-4c6e-47ff-b9de-7a3a486822b9,bdd640fb-0667-4ad1-9c80-317fa3b1799d,3b0b0e6c-5a36-4b8e-8c1e-0d7c5e2f9a11,372600000.0,7f5b6f7e-1c2d-4a4e-9a51-3a3f1d3c0a01
7250ee18-260a-4962-9d81-b7f57d5911c6,d664d264-4c6e-47ff-b9de-7a3a486822b9,23b8c1e9-3924-46de-beb1-3b9046685257,3b0b0e6c-5a36-4b8e-8c1e-0d7c5e2f9a11,364400000.0,7f5b6f7e-1c2d-4a4e-9a51-3a3f1d3c0a01
551ac8ea-585a-4afa-bbfd-cc1289e06ab3,d664d264-4c6e-47ff-b9de-7a3a486822b9,bd9c66b3-ad3c-4d6d-9a3d-1fa7bc8960a9,3b0b0e6c-5a36-4b8e-8c1e-0d7c5e2f9a11,358100000.0,7f5b6f7e-1c2d-4a4e-9a51-3a3f1d3c0a01
6090d697-8b1e-4b9d-834b-9fbb8d4a75b8,d664d264-4c6e-47ff-b9de-7a3a486822b9,972a8469-1641-4f82-8b9d-2434e465e150,3b0b0e6c-5a36-4b8e-8c1e-0d7c5e2f9a11,352900000.0,7f5b6f7e-1c2d-4a4e-9a51-3a3f1d3c0a01
de9e3757-5260-401e-aecf-67d2749176f4,d664d264-4c6e-47ff-b9de-7a3a486822b9,17fc695a-07a0-4a6e-8822-e8f36c031199,3b0b0e6c-5a36-4b8e-8c1e-0d7c5e2f9a11,362300000.0,7f5b6f7e-1c2d-4a4e-9a51-3a3f1d3c0a01
3d225c30-b28f-41de-bb14-0bc3304b8590,d664d264-4c6e-47ff-b9de-7a3a486822b9,9a1de644-815e-46d1-bb8f-aa1837f8a88b,3b0b0e6c-5a36-4b8e-8c1e-0d7c5e2f9a11,348100000.0,7f5b6f7e-1c2d-4a4e-9a51-3a3f1d3c0a01
db23aa8c-3bca-4f85-a20a-60ac9261549d,d664d264-4c6e-47ff-b9de-7a3a486822b9,b74d0fb1-32e7-4629-8fad-c1a606cb0fb3,3b0b0e6c-5a36-4b8e-8c1e-0d7c5e2f9a11,445600000.0,7f5b6f7e-1c2d-4a4e-9a51-3a3f1d3c0a01
517400f8-0b2c-482a-a928-8e92c68a152f,d664d264-4c6e-47ff-b9de-7a3a486822b9,6b65a6a4-8b81-48f6-b38a-088ca65ed389,3b0b0e6c-5a36-4b8e-8c1e-0d7c5e2f9a11,430400000.0,7f5b6f7e-1c2d-4a4e-9a51-3a3f1d3c0a01
e9d68f23-b489-4070-b914-f8a8bea4ff31,d664d264-4c6e-47ff-b9de-7a3a486822b9,47378190-96da-4dac-b2ff-5d2a386ecbe0,3b0b0e6c-5a36-4b8e-8c1e-0d7c5e2f9a11,433800000.0,7f5b6f7e-1c2d-4a4e-9a51-3a3f1d3c0a01
fd08b32c-62d6-4e93-a198-5d54cfb87e6f,d664d264-4c6e-47ff-b9de-7a3a486822b9,c241330b-01a9-471f-9e8a-774bcf36d58b,3b0b0e6c-5a36-4b8e-8c1e-0d7c5e2f9a11,465100000.0,7f5b6f7e-1c2d-4a4e-9a51-3a3f1d3c0a01
a6eab79e-d21c-42f8-8ada-4f80a9e782d4,d664d264-4c6e-47ff-b9de-7a3a486822b9,6c307511-b2b9-437a-a8df-6ec4ce4a2bbd,3b0b0e6c-5a36-4b8e-8c1e-0d7c5e2f9a11,421500000.0,7f5b6f7e-1c2d-4a4e-9a51-3a3f1d3c0a01
f6febc0e-7ecd-4baf-a6f0-5fcffb16e5db,d664d264-4c6e-47ff-b9de-7a3a486822b9,371ecd7b-27cd-4130-8722-9389571aa876,3b0b0e6c-5a36-4b8e-8c1e-0d7c5e2f9a11,430200000.0,7f5b6f7e-1c2d-4a4e-9a51-3a3f1d3c0a01
f72169bb-8096-4718-a051-acef097a1e10,d664d264-4c6e-47ff-b9de-7a3a486822b9,1a2a73ed-562b-4f79-8374-59eef50bea63,3b0b0e6c-5a36-4b8e-8c1e-0d7c5e2f9a11,461400000.0,7f5b6f7e-1c2d-4a4e-9a51-3a3f1d3c0a01
19b17e80-dea4-4e17-94fd-9ad39716108e,d664d264-4c6e-47ff-b9de-7a3a486822b9,5be6128e-18c2-4797-a142-ea7d17be3111,3b0b0e6c-5a36-4b8e-8c1e-0d7c5e2f9a11,450400000.0,7f5b6f7e-1c2d-4a4e-9a51-3a3f1d3c0a01
1986b4b2-70b7-4868-9854-80f0dfcaf0b7,d664d264-4c6e-47ff-b9de-7a3a486822b9,43b7a3a6-9a8d-4a03-980d-7b71d8f56413,3b0b0e6c-5a36-4b8e-8c1e-0d7c5e2f9a11,464900000.0,7f5b6f7e-1c2d-4a4e-9a51-3a3f1d3c0a01
03edd1f8-74f9-4d17-a912-b4bf86a4bae4,d664d264-4c6e-47ff-b9de-7a3a486822b9,759cde66-bacf-43d0-8b1f-9163ce9ff57f,3b0b0e6c-5a36-4b8e-8c1e-0d7c5e2f9a11,540900000.0,7f5b6f7e-1c2d-4a4e-9a51-3a3f1d3c0a01
def57689-68f4-4bce-a4e7-5e8eb8f21423,d664d264-4c6e-47ff-b9de-7a3a486822b9,ec1b8ca1-f91e-4d4c-9ff4-9b7889463e85,3b0b0e6c-5a36-4b8e-8c1e-0d7c5e2f9a11,534299999.99999994,7f5b6f7e-1c2d-4a4e-9a51-3a3f1d3c0a01
1327f1bc-2784-478f-b84f-16b3a79fbfaf,d664d264-4c6e-47ff-b9de-7a3a486822b9,4b0dbb41-8d52-48f1-942c-3fe860e7a113,3b0b0e6c-5a36-4b8e-8c1e-0d7c5e2f9a11,623600000.0,7f5b6f7e-1c2d-4a4e-9a51-3a3f1d3c0a01
43d88870-f81d-4aa1-8812-0a8e78308930,d664d264-4c6e-47ff-b9de-7a3a486822b9,e2acf72f-9e57-4f7a-a0ee-89aed453dd32,3b0b0e6c-5a36-4b8e-8c1e-0d7c5e2f9a11,620100000.0,7f5b6f7e-1c2d-4a4e-9a51-3a3f1d3c0a01
65c17795-b155-46bc-9f8d-ed9756abf2f1,d664d264-4c6e-47ff-b9de-7a3a486822b9,3139d32c-93cd-49bf-9c94-1cf0dc98d2c1,3b0b0e6c-5a36-4b8e-8c1e-0d7c5e2f9a11,495500000.0,7f5b6f7e-1c2d-4a4e-9a51-3a3f1d3c0a01
541cdfcd-da0d-4a5f-948f-8b74a65bb1f2,d664d264-4c6e-47ff-b9de-7a3a486822b9,a9488d99-0bbb-4599-91ce-5dd2b45ed1f0,3b0b0e6c-5a36-4b8e-8c1e-0d7c5e2f9a11,483800000.0,7f5b6f7e-1c2d-4a4e-9a51-3a3f1d3c0a01
889b78d5-dbfd-497e-aca2-b148da330aa1,d664d264-4c6e-47ff-b9de-7a3a486822b9,fc377a4c-4a15-444d-85e7-ce8a3a578a8e,3b0b0e6c-5a36-4b8e-8c1e-0d7c5e2f9a11,507000000.0,7f5b6f7e-1c2d-4a4e-9a51-3a3f1d3c0a01
a075e927-5110-4492-b442-7e0b61484bb3,d664d264-4c6e-47ff-b9de-7a3a486822b9,ddd1dfb2-3b98-4ef8-9af6-1a26146d3f31,3b0b0e6c-5a36-4b8e-8c1e-0d7c5e2f9a11,347400000.0,7f5b6f7e-1c2d-4a4e-9a51-3a3f1d3c0a01
9e11d2cd-0930-4ef6-8a80-068ddf547e50,7cea2045-c268-483e-a32f-2e63b7fddd71,bdd640fb-0667-4ad1-9c80-317fa3b1799d,3b0b0e6c-5a36-4b8e-8c1e-0d7c5e2f9a11,375700000.0,7f5b6f7e-1c2d-4a4e-9a51-3a3f1d3c0a01
af34cf65-a193-44b2-bc19-e71d118405ad,7cea2045-c268-483e-a32f-2e63b7fddd71,23b8c1e9-3924-46de-beb1-3b9046685257,3b0b0e6c-5a36-4b8e-8c1e-0d7c5e2f9a11,367400000.0,7f5b6f7e-1c2d-4a4e-9a51-3a3f1d3c0a01
3a3c8a71-ff57-4e2b-8991-ab9bebc2026f,7cea2045-c268-483e-a32f-2e63b7fddd71,bd9c66b3-ad3c-4d6d-9a3d-1fa7bc8960a9,3b0b0e6c-5a36-4b8e-8c1e-0d7c5e2f9a11,361500000.0,7f5b6f7e-1c2d-4a4e-9a51-3a3f1d3c0a01
fa745761-6f18-4108-9723-199dbf2c14a0,7cea2045-c268-483e-a32f-2e63b7fddd71,972a8469-1641-4f82-8b9d-2434e465e150,3b0b0e6c-5a36-4b8e-8c1e-0d7c5e2f9a11,353900000.0,7f5b6f7e-1c2d-4a4e-9a51-3a3f1d3c0a01
b4323070-a23d-4c2f-82a7-96891933918c,7cea2045-c268-483e-a32f-2e63b7fddd71,17fc695a-07a0-4a6e-8822-e8f36c031199,3b0b0e6c-5a36-4b8e-8c1e-0d7c5e2f9a11,358000000.0,7f5b6f7e-1c2d-4a4e-9a51-3a3f1d3c0a01
2a96e1e2-7194-4ae2-99ba-d7aedf615a5c,7cea2045-c268-483e-a32f-2e63b7fddd71,9a1de644-815e-46d1-bb8f-aa1837f8a88b,3b0b0e6c-5a36-4b8e-8c1e-0d7c5e2f9a11,345900000.0,7f5b6f7e-1c2d-4a4e-9a51-3a3f1d3c0a01
0769165f-e746-4cb9-8ca9-cf07b1aa0f6a,7cea2045-c268-483e-a32f-2e63b7fddd71,b74d0fb1-32e7-4629-8fad-c1a606cb0fb3,3b0b0e6c-5a36-4b8e-8c1e-0d7c5e2f9a11,449300000.0,7f5b6f7e-1c2d-4a4e-9a51-3a3f1d3c0a01
0e5dd462-cbd0-4ef2-930a-37df0bc61066,7cea2045-c268-483e-a32f-2e63b7fddd71,6b65a6a4-8b81-48f6-b38a-088ca65ed389,3b0b0e6c-5a36-4b8e-8c1e-0d7c5e2f9a11,438300000.0,7f5b6f7e-1c2d-4a4e-9a51-3a3f1d3c0a01
6e417d47-5ff5-45ea-9bc4-40f14b1a269b,7cea2045-c268-483e-a32f-2e63b7fddd71,47378190-96da-4dac-b2ff-5d2a386ecbe0,3b0b0e6c-5a36-4b8e-8c1e-0d7c5e2f9a11,435900000.0,7f5b6f7e-1c2d-4a4e-9a51-3a3f1d3c0a01
697c3923-87fa-441a-be83-b91f25440fe0,7cea2045-c268-483e-a32f-2e63b7fddd71,c241330b-01a9-471f-9e8a-774bcf36d58b,3b0b0e6c-5a36-4b8e-8c1e-0d7c5e2f9a11,470600000.0,7f5b6f7e-1c2d-4a4e-9a51-3a3f1d3c0a01
2e183554-cae2-4e66-ae8a-781390e0a95b,7cea2045-c268-483e-a32f-2e63b7fddd71,6c307511-b2b9-437a-a8df-6ec4ce4a2bbd,3b0b0e6c-5a36-4b8e-8c1e-0d7c5e2f9a11,424200000.0,7f5b6f7e-1c2d-4a4e-9a51-3a3f1d3c0a01
9c07a751-1437-4509-acd1-586a2b840c67,7cea2045-c268-483e-a32f-2e63b7fddd71,371ecd7b-27cd-4130-8722-9389571aa876,3b0b0e6c-5a36-4b8e-8c1e-0d7c5e2f9a11,429600000.0,7f5b6f7e-1c2d-4a4e-9a51-3a3f1d3c0a01
aee1e86b-9ea5-46aa-a1ee-6c5bdeef580f,7cea2045-c268-483e-a32f-2e63b7fddd71,1a2a73ed-562b-4f79-8374-59eef50bea63,3b0b0e6c-5a36-4b8e-8c1e-0d7c5e2f9a11,454200000.0,7f5b6f7e-1c2d-4a4e-9a51-3a3f1d3c0a01
9549c931-e9af-499d-bf67-1eec3da70577,7cea2045-c268-483e-a32f-2e63b7fddd71,5be6128e-18c2-4797-a142-ea7d17be3111,3b0b0e6c-5a36-4b8e-8c1e-0d7c5e2f9a11,459700000.0,7f5b6f7e-1c2d-4a4e-9a51-3a3f1d3c0a01
a34db7c5-760d-4bbb-bb70-b3a124a35cf2,7cea2045-c268-483e-a32f-2e63b7fddd71,43b7a3a6-9a8d-4a03-980d-7b71d8f56413,3b0b0e6c-5a36-4b8e-8c1e-0d7c5e2f9a11,465100000.0,7f5b6f7e-1c2d-4a4e-9a51-3a3f1d3c0a01
aab612c9-415d-474a-b5a6-69814104a8b5,7cea2045-c268-483e-a32f-2e63b7fddd71,759cde66-bacf-43d0-8b1f-9163ce9ff57f,3b0b0e6c-5a36-4b8e-8c1e-0d7c5e2f9a11,547200000.0,7f5b6f7e-1c2d-4a4e-9a51-3a3f1d3c0a01
771ad655-cdfc-4ee0-a61e-de900267deb3,7cea2045-c268-483e-a32f-2e63b7fddd71,ec1b8ca1-f91e-4d4c-9ff4-9b7889463e85,3b0b0e6c-5a36-4b8e-8c1e-0d7c5e2f9a11,535700000.00000006,7f5b6f7e-1c2d-4a4e-9a51-3a3f1d3c0a01
8beddb12-ad77-482f-89a2-3a89e6b5a92c,7cea2045-c268-483e-a32f-2e63b7fddd71,4b0dbb41-8d52-48f1-942c-3fe860e7a113,3b0b0e6c-5a36-4b8e-8c1e-0d7c5e2f9a11,631800000.0,7f5b6f7e-1c2d-4a4e-9a51-3a3f1d3c0a01
f1faf665-7115-43f3-92e8-9d1028711733,7cea2045-c268-483e-a32f-2e63b7fddd71,e2acf72f-9e57-4f7a-a0ee-89aed453dd32,3b0b0e6c-5a36-4b8e-8c1e-0d7c5e2f9a11,627000000.0,7f5b6f7e-1c2d-4a4e-9a51-3a3f1d3c0a01
4c955f6a-966b-4964-bcd6-bdca5876fd09,7cea2045-c268-483e-a32f-2e63b7fddd71,3139d32c-93cd-49bf-9c94-1cf0dc98d2c1,3b0b0e6c-5a36-4b8e-8c1e-0d7c5e2f9a11,497500000.0,7f5b6f7e-1c2d-4a4e-9a51-3a3f1d3c0a01
b0b862ef-6c9f-42b9-b647-8986a3917c99,7cea2045-c268-483e-a32f-2e63b7fddd71,a9488d99-0bbb-4599-91ce-5dd2b45ed1f0,3b0b0e6c-5a36-4b8e-8c1e-0d7c5e2f9a11,483900000.0,7f5b6f7e-1c2d-4a4e-9a51-3a3f1d3c0a01
4d57d880-d865-469a-b4f3-310340066ff2,7cea2045-c268-483e-a32f-2e63b7fddd71,fc377a4c-4a15-444d-85e7-ce8a3a578a8e,3b0b0e6c-5a36-4b8e-8c1e-0d7c5e2f9a11,510300000.0,7f5b6f7e-1c2d-4a4e-9a51-3a3f1d3c0a01
da743152-627b-41a1-bfd6-f23232ffe294,7cea2045-c268-483e-a32f-2e63b7fddd71,ddd1dfb2-3b98-4ef8-9af6-1a26146d3f31,3b0b0e6c-5a36-4b8e-8c1e-0d7c5e2f9a11,342200000.0,7f5b6f7e-1c2d-4a4e-9a51-3a3f1d3c0a01
4bbe4aff-9326-4ffd-9be4-bf5192698698,61a11729-3cb9-4350-9b4d-a0fe7bb38605,bdd640fb-0667-4ad1-9c80-317fa3b1799d,3b0b0e6c-5a36-4b8e-8c1e-0d7c5e2f9a11,383500000.0,7f5b6f7e-1c2d-4a4e-9a51-3a3f1d3c0a01
059dd55d-4b94-4e30-b303-f438fe2110d0,61a11729-3cb9-4350-9b4d-a0fe7bb38605,23b8c1e9-3924-46de-beb1-3b9046685257,3b0b0e6c-5a36-4b8e-8c1e-0d7c5e2f9a11,372300000.0,7f5b6f7e-1c2d-4a4e-9a51-3a3f1d3c0a01
6553867d-a881-4fd3-947d-577bfa5a91ca,61a11729-3cb9-4350-9b4d-a0fe7bb38605,bd9c66b3-ad3c-4d6d-9a3d-1fa7bc8960a9,3b0b0e6c-5a36-4b8e-8c1e-0d7c5e2f9a11,367300000.0,7f5b6f7e-1c2d-4a4e-9a51-3a3f1d3c0a01
dd750e98-90e0-495f-8212-b554464458b4,61a11729-3cb9-4350-9b4d-a0fe7bb38605,972a8469-1641-4f82-8b9d-2434e465e150,3b0b0e6c-5a36-4b8e-8c1e-0d7c5e2f9a11,364000000.0,7f5b6f7e-1c2d-4a4e-9a51-3a3f1d3c0a01
f93e08d5-bea2-4dfe-873f-6e1baf908e3c,61a11729-3cb9-4350-9b4d-a0fe7bb38605,17fc695a-07a0-4a6e-8822-e8f36c031199,3b0b0e6c-5a36-4b8e-8c1e-0d7c5e2f9a11,361900000.0,7f5b6f7e-1c2d-4a4e-9a51-3a3f1d3c0a01
bec39a37-9b3d-44bd-a91e-314e0c8e29e3,61a11729-3cb9-4350-9b4d-a0fe7bb38605,9a1de644-815e-46d1-bb8f-aa1837f8a88b,3b0b0e6c-5a36-4b8e-8c1e-0d7c5e2f9a11,358900000.0,7f5b6f7e-1c2d-4a4e-9a51-3a3f1d3c0a01
e726be23-e776-4886-9534-ee1d7f2984f5,61a11729-3cb9-4350-9b4d-a0fe7bb38605,b74d0fb1-32e7-4629-8fad-c1a606cb0fb3,3b0b0e6c-5a36-4b8e-8c1e-0d7c5e2f9a11,452500000.0,7f5b6f7e-1c2d-4a4e-9a51-3a3f1d3c0a01
3ae909fe-cc82-48da-8696-f5e64944051b,61a11729-3cb9-4350-9b4d-a0fe7bb38605,6b65a6a4-8b81-48f6-b38a-088ca65ed389,3b0b0e6c-5a36-4b8e-8c1e-0d7c5e2f9a11,446500000.0,7f5b6f7e-1c2d-4a4e-9a51-3a3f1d3c0a01
3810ae66-5a31-44cc-8d4b-69a99b689c88,61a11729-3cb9-4350-9b4d-a0fe7bb38605,47378190-96da-4dac-b2ff-5d2a386ecbe0,3b0b0e6c-5a36-4b8e-8c1e-0d7c5e2f9a11,448500000.0,7f5b6f7e-1c2d-4a4e-9a51-3a3f1d3c0a01
402913ec-9ef2-493e-b0ac-7d7ba2f963a3,61a11729-3cb9-4350-9b4d-a0fe7bb38605,c241330b-01a9-471f-9e8a-774bcf36d58b,3b0b0e6c-5a36-4b8e-8c1e-0d7c5e2f9a11,477900000.0,7f5b6f7e-1c2d-4a4e-9a51-3a3f1d3c0a01
c478f6f1-b88e-4318-816d-83edad81f8bd,61a11729-3cb9-4350-9b4d-a0fe7bb38605,6c307511-b2b9-437a-a8df-6ec4ce4a2bbd,3b0b0e6c-5a36-4b8e-8c1e-0d7c5e2f9a11,435100000.0,7f5b6f7e-1c2d-4a4e-9a51-3a3f1d3c0a01
2303f6c6-d69d-42f1-ae4c-84ffa8c01f05,61a11729-3cb9-4350-9b4d-a0fe7bb38605,371ecd7b-27cd-4130-8722-9389571aa876,3b0b0e6c-5a36-4b8e-8c1e-0d7c5e2f9a11,440500000.0,7f5b6f7e-1c2d-4a4e-9a51-3a3f1d3c0a01
a0a11839-e745-4704-98df-bc3ca0d4de3d,61a11729-3cb9-4350-9b4d-a0fe7bb38605,1a2a73ed-562b-4f79-8374-59eef50bea63,3b0b0e6c-5a36-4b8e-8c1e-0d7c5e2f9a11,474200000.0,7f5b6f7e-1c2d-4a4e-9a51-3a3f1d3c0a01
c9e26074-4f16-49a0-8a17-991ea5769411,61a11729-3cb9-4350-9b4d-a0fe7bb38605,5be6128e-18c2-4797-a142-ea7d17be3111,3b0b0e6c-5a36-4b8e-8c1e-0d7c5e2f9a11,461700000.0,7f5b6f7e-1c2d-4a4e-9a51-3a3f1d3c0a01
5d678bb1-945e-42e4-888a-93ec70d9c9f8,61a11729-3cb9-4350-9b4d-a0fe7bb38605,43b7a3a6-9a8d-4a03-980d-7b71d8f56413,3b0b0e6c-5a36-4b8e-8c1e-0d7c5e2f9a11,484700000.0,7f5b6f7e-1c2d-4a4e-9a51-3a3f1d3c0a01
e8dd5e5a-1712-4b16-a1a4-344fbb7bee03,61a11729-3cb9-4350-9b4d-a0fe7bb38605,759cde66-bacf-43d0-8b1f-9163ce9ff57f,3b0b0e6c-5a36-4b8e-8c1e-0d7c5e2f9a11,563400000.0,7f5b6f7e-1c2d-4a4e-9a51-3a3f1d3c0a01
6a5e6920-bf5a-47e6-93a3-dd5a4b8c5bdc,61a11729-3cb9-4350-9b4d-a0fe7bb38605,ec1b8ca1-f91e-4d4c-9ff4-9b7889463e85,3b0b0e6c-5a36-4b8e-8c1e-0d7c5e2f9a11,550000000.0,7f5b6f7e-1c2d-4a4e-9a51-3a3f1d3c0a01
c958e75e-21d5-4971-b367-49b52cf6bf75,61a11729-3cb9-4350-9b4d-a0fe7bb38605,4b0dbb41-8d52-48f1-942c-3fe860e7a113,3b0b0e6c-5a36-4b8e-8c1e-0d7c5e2f9a11,646800000.0,7f5b6f7e-1c2d-4a4e-9a51-3a3f1d3c0a01
5da8d6d2-f8b3-4a8b-a05f-b8bc8a16a06c,61a11729-3cb9-4350-9b4d-a0fe7bb38605,e2acf72f-9e57-4f7a-a0ee-89aed453dd32,3b0b0e6c-5a36-4b8e-8c1e-0d7c5e2f9a11,637400000.0,7f5b6f7e-1c2d-4a4e-9a51-3a3f1d3c0a01
45c45a3e-e9da-484a-8075-9f1f87e5f0fe,61a11729-3cb9-4350-9b4d-a0fe7bb38605,3139d32c-93cd-49bf-9c94-1cf0dc98d2c1,3b0b0e6c-5a36-4b8e-8c1e-0d7c5e2f9a11,510000000.0,7f5b6f7e-1c2d-4a4e-9a51-3a3f1d3c0a01
e9ff1cae-41c8-4a8c-aa1f-955ad499da99,61a11729-3cb9-4350-9b4d-a0fe7bb38605,a9488d99-0bbb-4599-91ce-5dd2b45ed1f0,3b0b0e6c-5a36-4b8e-8c1e-0d7c5e2f9a11,498200000.0,7f5b6f7e-1c2d-4a4e-9a51-3a3f1d3c0a01
f7a67b94-7b5a-411a-b1b6-4afed31edf1a,61a11729-3cb9-4350-9b4d-a0fe7bb38605,fc377a4c-4a15-444d-85e7-ce8a3a578a8e,3b0b0e6c-5a36-4b8e-8c1e-0d7c5e2f9a11,518000000.0,7f5b6f7e-1c2d-4a4e-9a51-3a3f1d3c0a01
ded255d0-bf1e-4366-8b8e-63d4ce7607ad,61a11729-3cb9-4350-9b4d-a0fe7bb38605,ddd1dfb2-3b98-4ef8-9af6-1a26146d3f31,3b0b0e6c-5a36-4b8e-8c1e-0d7c5e2f9a11,354100000.0,7f5b6f7e-1c2d-4a4e-9a51-3a3f1d3c0a01
c1101266-2408-46dc-9346-d1a9f6802cdb,77e490c7-1d7b-4313-8de2-2f1c56b60afc,bdd640fb-0667-4ad1-9c80-317fa3b1799d,3b0b0e6c-5a36-4b8e-8c1e-0d7c5e2f9a11,412700000.0,7f5b6f7e-1c2d-4a4e-9a51-3a3f1d3c0a01
ad238d36-dc32-4c97-b9c1-e262f76c8ede,77e490c7-1d7b-4313-8de2-2f1c56b60afc,23b8c1e9-3924-46de-beb1-3b9046685257,3b0b0e6c-5a36-4b8e-8c1e-0d7c5e2f9a11,404100000.0,7f5b6f7e-1c2d-4a4e-9a51-3a3f1d3c0a01
65bcc272-fadd-4ea3-aca5-e2fdb966442a,77e490c7-1d7b-4313-8de2-2f1c56b60afc,bd9c66b3-ad3c-4d6d-9a3d-1fa7bc8960a9,3b0b0e6c-5a36-4b8e-8c1e-0d7c5e2f9a11,398100000.0,7f5b6f7e-1c2d-4a4e-9a51-3a3f1d3c0a01
8eac0a33-cdf9-44a7-9882-b5c1f79efd70,77e490c7-1d7b-4313-8de2-2f1c56b60afc,972a8469-1641-4f82-8b9d-2434e465e150,3b0b0e6c-5a36-4b8e-8c1e-0d7c5e2f9a11,394800000.0,7f5b6f7e-1c2d-4a4e-9a51-3a3f1d3c0a01
6502d6a2-ca6a-4224-971e-16cc5da36f1b,77e490c7-1d7b-4313-8de2-2f1c56b60afc,17fc695a-07a0-4a6e-8822-e8f36c031199,3b0b0e6c-5a36-4b8e-8c1e-0d7c5e2f9a11,389600000.0,7f5b6f7e-1c2d-4a4e-9a51-3a3f1d3c0a01
1fa382e8-895c-4d99-83b3-8eb403902c5d,77e490c7-1d7b-4313-8de2-2f1c56b60afc,9a1de644-815e-46d1-bb8f-aa1837f8a88b,3b0b0e6c-5a36-4b8e-8c1e-0d7c5e2f9a11,388200000.0,7f5b6f7e-1c2d-4a4e-9a51-3a3f1d3c0a01
bfbf397b-ac3e-4b0d-9e5b-a13d746cdb77,77e490c7-1d7b-4313-8de2-2f1c56b60afc,b74d0fb1-32e7-4629-8fad-c1a606cb0fb3,3b0b0e6c-5a36-4b8e-8c1e-0d7c5e2f9a11,490800000.0,7f5b6f7e-1c2d-4a4e-9a51-3a3f1d3c0a01
618ae305-95a5-4afa-831d-029fac1e86d8,77e490c7-1d7b-4313-8de2-2f1c56b60afc,6b65a6a4-8b81-48f6-b38a-088ca65ed389,3b0b0e6c-5a36-4b8e-8c1e-0d7c5e2f9a11,488200000.0,7f5b6f7e-1c2d-4a4e-9a51-3a3f1d3c0a01
5f18e583-f0b6-483f-a377-f6f1d289f0ab,77e490c7-1d7b-4313-8de2-2f1c56b60afc,47378190-96da-4dac-b2ff-5d2a386ecbe0,3b0b0e6c-5a36-4b8e-8c1e-0d7c5e2f9a11,480800000.0,7f5b6f7e-1c2d-4a4e-9a51-3a3f1d3c0a01
78b2b549-3bdb-409e-acc2-16a01bbc91f7,77e490c7-1d7b-4313-8de2-2f1c56b60afc,c241330b-01a9-471f-9e8a-774bcf36d58b,3b0b0e6c-5a36-4b8e-8c1e-0d7c5e2f9a11,520100000.0,7f5b6f7e-1c2d-4a4e-9a51-3a3f1d3c0a01
f1738856-e25d-46eb-9e9a-9f83066803ee,77e490c7-1d7b-4313-8de2-2f1c56b60afc,6c307511-b2b9-437a-a8df-6ec4ce4a2bbd,3b0b0e6c-5a36-4b8e-8c1e-0d7c5e2f9a11,477700000.0,7f5b6f7e-1c2d-4a4e-9a51-3a3f1d3c0a01
9c2e58de-ea4e-4617-93f8-382b8fb864e4,77e490c7-1d7b-4313-8de2-2f1c56b60afc,371ecd7b-27cd-4130-8722-9389571aa876,3b0b0e6c-5a36-4b8e-8c1e-0d7c5e2f9a11,475700000.0,7f5b6f7e-1c2d-4a4e-9a51-3a3f1d3c0a01
a2a9d4d8-102e-4de5-a5cc-8bf738ab854c,77e490c7-1d7b-4313-8de2-2f1c56b60afc,1a2a73ed-562b-4f79-8374-59eef50bea63,3b0b0e6c-5a36-4b8e-8c1e-0d7c5e2f9a11,514299999.99999994,7f5b6f7e-1c2d-4a4e-9a51-3a3f1d3c0a01
b379cb1e-e8cd-40cc-b6da-3ca0d2e82f38,77e490c7-1d7b-4313-8de2-2f1c56b60afc,5be6128e-18c2-4797-a142-ea7d17be3111,3b0b0e6c-5a36-4b8e-8c1e-0d7c5e2f9a11,501400000.0,7f5b6f7e-1c2d-4a4e-9a51-3a3f1d3c0a01
1dde7969-6886-43db-a634-8e784d5c55c7,77e490c7-1d7b-4313-8de2-2f1c56b60afc,43b7a3a6-9a8d-4a03-980d-7b71d8f56413,3b0b0e6c-5a36-4b8e-8c1e-0d7c5e2f9a11,524400000.0,7f5b6f7e-1c2d-4a4e-9a51-3a3f1d3c0a01
0986bbeb-f23e-423d-8b9b-d93423c86d30,77e490c7-1d7b-4313-8de2-2f1c56b60afc,759cde66-bacf-43d0-8b1f-9163ce9ff57f,3b0b0e6c-5a36-4b8e-8c1e-0d7c5e2f9a11,613300000.0,7f5b6f7e-1c2d-4a4e-9a51-3a3f1d3c0a01
1dba1267-7e1c-45a1-bef5-18a64dead645,77e490c7-1d7b-4313-8de2-2f1c56b60afc,ec1b8ca1-f91e-4d4c-9ff4-9b7889463e85,3b0b0e6c-5a36-4b8e-8c1e-0d7c5e2f9a11,597800000.0,7f5b6f7e-1c2d-4a4e-9a51-3a3f1d3c0a01
899ca782-e323-4d1a-bc1b-dacc18e19331,77e490c7-1d7b-4313-8de2-2f1c56b60afc,4b0dbb41-8d52-48f1-942c-3fe860e7a113,3b0b0e6c-5a36-4b8e-8c1e-0d7c5e2f9a11,715300000.0,7f5b6f7e-1c2d-4a4e-9a51-3a3f1d3c0a01
5efa9c5b-7421-4f46-a37e-4b0122bae10e,77e490c7-1d7b-4313-8de2-2f1c56b60afc,e2acf72f-9e57-4f7a-a0ee-89aed453dd32,3b0b0e6c-5a36-4b8e-8c1e-0d7c5e2f9a11,688900000.0,7f5b6f7e-1c2d-4a4e-9a51-3a3f1d3c0a01
b24cc64f-be3e-4e57-b30a-9e32aba4fc03,77e490c7-1d7b-4313-8de2-2f1c56b60afc,3139d32c-93cd-49bf-9c94-1cf0dc98d2c1,3b0b0e6c-5a36-4b8e-8c1e-0d7c5e2f9a11,548100000.0,7f5b6f7e-1c2d-4a4e-9a51-3a3f1d3c0a01
965befdf-6b4b-4411-8a4a-0e2df22b5b98,77e490c7-1d7b-4313-8de2-2f1c56b60afc,a9488d99-0bbb-4599-91ce-5dd2b45ed1f0,3b0b0e6c-5a36-4b8e-8c1e-0d7c5e2f9a11,546000000.0,7f5b6f7e-1c2d-4a4e-9a51-3a3f1d3c0a01
e2aa7a5d-278e-400d-ba02-66efbe055787,77e490c7-1d7b-4313-8de2-2f1c56b60afc,fc377a4c-4a15-444d-85e7-ce8a3a578a8e,3b0b0e6c-5a36-4b8e-8c1e-0d7c5e2f9a11,560600000.0,7f5b6f7e-1c2d-4a4e-9a51-3a3f1d3c0a01
d56ce8ea-1959-4b5a-a7a8-f6366a35df59,77e490c7-1d7b-4313-8de2-2f1c56b60afc,ddd1dfb2-3b98-4ef8-9af6-1a26146d3f31,3b0b0e6c-5a36-4b8e-8c1e-0d7c5e2f9a11,389500000.0,7f5b6f7e-1c2d-4a4e-9a51-3a3f1d3c0a01
b0b63bcf-0860-4833-879d-0cdaf396ea37,f065c817-687a-4850-9d9b-62317d45d8ef,bdd640fb-0667-4ad1-9c80-317fa3b1799d,3b0b0e6c-5a36-4b8e-8c1e-0d7c5e2f9a11,427500000.0,7f5b6f7e-1c2d-4a4e-9a51-3a3f1d3c0a01
71d79665-7181-4dcf-b79e-fc6e5edb0d3c,f065c817-687a-4850-9d9b-62317d45d8ef,23b8c1e9-3924-46de-beb1-3b9046685257,3b0b0e6c-5a36-4b8e-8c1e-0d7c5e2f9a11,420100000.0,7f5b6f7e-1c2d-4a4e-9a51-3a3f1d3c0a01
5cd8fe1a-dafe-48a9-bc71-e0bef3579560,f065c817-687a-4850-9d9b-62317d45d8ef,bd9c66b3-ad3c-4d6d-9a3d-1fa7bc8960a9,3b0b0e6c-5a36-4b8e-8c1e-0d7c5e2f9a11,410600000.0,7f5b6f7e-1c2d-4a4e-9a51-3a3f1d3c0a01
5e09a9ee-af88-4dec-bb1e-143b196f4dfa,f065c817-687a-4850-9d9b-62317d45d8ef,972a8469-1641-4f82-8b9d-2434e465e150,3b0b0e6c-5a36-4b8e-8c1e-0d7c5e2f9a11,411200000.0,7f5b6f7e-1c2d-4a4e-9a51-3a3f1d3c0a01
a5135ea0-fa53-434d-a6d5-901d8b621d41,f065c817-687a-4850-9d9b-62317d45d8ef,17fc695a-07a0-4a6e-8822-e8f36c031199,3b0b0e6c-5a36-4b8e-8c1e-0d7c5e2f9a11,408500000.0,7f5b6f7e-1c2d-4a4e-9a51-3a3f1d3c0a01
46a02a9b-65ec-4acd-8f80-35f55bd20c98,f065c817-687a-4850-9d9b-62317d45d8ef,9a1de644-815e-46d1-bb8f-aa1837f8a88b,3b0b0e6c-5a36-4b8e-8c1e-0d7c5e2f9a11,397600000.0,7f5b6f7e-1c2d-4a4e-9a51-3a3f1d3c0a01
f2f25eef-1f45-4bfd-b7dc-67e030974b2b,f065c817-687a-4850-9d9b-62317d45d8ef,b74d0fb1-32e7-4629-8fad-c1a606cb0fb3,3b0b0e6c-5a36-4b8e-8c1e-0d7c5e2f9a11,512299999.99999994,7f5b6f7e-1c2d-4a4e-9a51-3a3f1d3c0a01
1777e8cb-7468-4b98-92fe-2fded918b3e5,f065c817-687a-4850-9d9b-62317d45d8ef,6b65a6a4-8b81-48f6-b38a-088ca65ed389,3b0b0e6c-5a36-4b8e-8c1e-0d7c5e2f9a11,496200000.0,7f5b6f7e-1c2d-4a4e-9a51-3a3f1d3c0a01
a3b5cece-a446-4e72-b64c-911aa9ab364a,f065c817-687a-4850-9d9b-62317d45d8ef,47378190-96da-4dac-b2ff-5d2a386ecbe0,3b0b0e6c-5a36-4b8e-8c1e-0d7c5e2f9a11,495700000.0,7f5b6f7e-1c2d-4a4e-9a51-3a3f1d3c0a01
0cf2b69b-0577-4ea9-b899-924698de8ebb,f065c817-687a-4850-9d9b-62317d45d8ef,c241330b-01a9-471f-9e8a-774bcf36d58b,3b0b0e6c-5a36-4b8e-8c1e-0d7c5e2f9a11,533700000.00000006,7f5b6f7e-1c2d-4a4e-9a51-3a3f1d3c0a01
fd235def-3e5a-47e3-9560-db22c96b5edb,f065c817-687a-4850-9d9b-62317d45d8ef,6c307511-b2b9-437a-a8df-6ec4ce4a2bbd,3b0b0e6c-5a36-4b8e-8c1e-0d7c5e2f9a11,475700000.0,7f5b6f7e-1c2d-4a4e-9a51-3a3f1d3c0a01
34885a46-9088-4eaf-8977-6598203c8c25,f065c817-687a-4850-9d9b-62317d45d8ef,371ecd7b-27cd-4130-8722-9389571aa876,3b0b0e6c-5a36-4b8e-8c1e-0d7c5e2f9a11,495900000.0,7f5b6f7e-1c2d-4a4e-9a51-3a3f1d3c0a01
8de08fc2-c3e1-4a85-946e-f10411906f50,f065c817-687a-4850-9d9b-62317d45d8ef,1a2a73ed-562b-4f79-8374-59eef50bea63,3b0b0e6c-5a36-4b8e-8c1e-0d7c5e2f9a11,530400000.0,7f5b6f7e-1c2d-4a4e-9a51-3a3f1d3c0a01
d0243d72-3748-467f-961d-33ba350843f0,f065c817-687a-4850-9d9b-62317d45d8ef,5be6128e-18c2-4797-a142-ea7d17be3111,3b0b0e6c-5a36-4b8e-8c1e-0d7c5e2f9a11,519900000.0,7f5b6f7e-1c2d-4a4e-9a51-3a3f1d3c0a01
c63d04ee-541c-4a86-bba5-cd2fdea45c19,f065c817-687a-4850-9d9b-62317d45d8ef,43b7a3a6-9a8d-4a03-980d-7b71d8f56413,3b0b0e6c-5a36-4b8e-8c1e-0d7c5e2f9a11,543400000.0,7f5b6f7e-1c2d-4a4e-9a51-3a3f1d3c0a01
989240ac-e689-43a9-89e4-8e8c25c61c45,f065c817-687a-4850-9d9b-62317d45d8ef,759cde66-bacf-43d0-8b1f-9163ce9ff57f,3b0b0e6c-5a36-4b8e-8c1e-0d7c5e2f9a11,623800000.0,7f5b6f7e-1c2d-4a4e-9a51-3a3f1d3c0a01
fbe94499-dbc0-40fd-86fb-7bf300b9d4a3,f065c817-687a-4850-9d9b-62317d45d8ef,ec1b8ca1-f91e-4d4c-9ff4-9b7889463e85,3b0b0e6c-5a36-4b8e-8c1e-0d7c5e2f9a11,619500000.0,7f5b6f7e-1c2d-4a4e-9a51-3a3f1d3c0a01
8a4b8f7c-2147-4a15-bcce-96f6250a4578,f065c817-687a-4850-9d9b-62317d45d8ef,4b0dbb41-8d52-48f1-942c-3fe860e7a113,3b0b0e6c-5a36-4b8e-8c1e-0d7c5e2f9a11,730900000.0,7f5b6f7e-1c2d-4a4e-9a51-3a3f1d3c0a01
1c24220e-2cab-47e7-8c6b-66e5402adf9c,f065c817-687a-4850-9d9b-62317d45d8ef,e2acf72f-9e57-4f7a-a0ee-89aed453dd32,3b0b0e6c-5a36-4b8e-8c1e-0d7c5e2f9a11,712800000.0,7f5b6f7e-1c2d-4a4e-9a51-3a3f1d3c0a01
21bddb41-0699-4731-9dcf-8766a93b12cd,f065c817-687a-4850-9d9b-62317d45d8ef,3139d32c-93cd-49bf-9c94-1cf0dc98d2c1,3b0b0e6c-5a36-4b8e-8c1e-0d7c5e2f9a11,570900000.0,7f5b6f7e-1c2d-4a4e-9a51-3a3f1d3c0a01
c9d6a63b-ca3c-4f5f-9bb5-c40c03cde2e3,f065c817-687a-4850-9d9b-62317d45d8ef,a9488d99-0bbb-4599-91ce-5dd2b45ed1f0,3b0b0e6c-5a36-4b8e-8c1e-0d7c5e2f9a11,559700000.0,7f5b6f7e-1c2d-4a4e-9a51-3a3f1d3c0a01
040a3aae-52e2-4fd9-96bf-10ab3ce915e7,f065c817-687a-4850-9d9b-62317d45d8ef,fc377a4c-4a15-444d-85e7-ce8a3a578a8e,3b0b0e6c-5a36-4b8e-8c1e-0d7c5e2f9a11,582100000.0,7f5b6f7e-1c2d-4a4e-9a51-3a3f1d3c0a01
20733f6d-0d6a-45b3-83ef-20162c9b662e,f065c817-687a-4850-9d9b-62317d45d8ef,ddd1dfb2-3b98-4ef8-9af6-1a26146d3f31,3b0b0e6c-5a36-4b8e-8c1e-0d7c5e2f9a11,389700000.0,7f5b6f7e-1c2d-4a4e-9a51-3a3f1d3c0a01
72c22a16-79eb-4168-9045-56e5bee3eb79,1d181ee9-86ad-4a8c-abc4-123ebde13c1b,bdd640fb-0667-4ad1-9c80-317fa3b1799d,3b0b0e6c-5a36-4b8e-8c1e-0d7c5e2f9a11,434600000.0,7f5b6f7e-1c2d-4a4e-9a51-3a3f1d3c0a01
97fa7f04-8363-4007-9cae-9610c72c1fe3,1d181ee9-86ad-4a8c-abc4-123ebde13c1b,23b8c1e9-3924-46de-beb1-3b9046685257,3b0b0e6c-5a36-4b8e-8c1e-0d7c5e2f9a11,423800000.0,7f5b6f7e-1c2d-4a4e-9a51-3a3f1d3c0a01
38b77c07-80fb-4296-b3b6-a09b1beaf6ac,1d181ee9-86ad-4a8c-abc4-123ebde13c1b,bd9c66b3-ad3c-4d6d-9a3d-1fa7bc8960a9,3b0b0e6c-5a36-4b8e-8c1e-0d7c5e2f9a11,412300000.0,7f5b6f7e-1c2d-4a4e-9a51-3a3f1d3c0a01
ba2c98ce-0b19-488e-9d77-a45ef206c269,1d181ee9-86ad-4a8c-abc4-123ebde13c1b,972a8469-1641-4f82-8b9d-2434e465e150,3b0b0e6c-5a36-4b8e-8c1e-0d7c5e2f9a11,412300000.0,7f5b6f7e-1c2d-4a4e-9a51-3a3f1d3c0a01
a8addf36-ddf2-45eb-a8a3-f341c8819065,1d181ee9-86ad-4a8c-abc4-123ebde13c1b,17fc695a-07a0-4a6e-8822-e8f36c031199,3b0b0e6c-5a36-4b8e-8c1e-0d7c5e2f9a11,412000000.0,7f5b6f7e-1c2d-4a4e-9a51-3a3f1d3c0a01
a4b1f991-7542-4646-8d37-a539857dd3b3,1d181ee9-86ad-4a8c-abc4-123ebde13c1b,9a1de644-815e-46d1-bb8f-aa1837f8a88b,3b0b0e6c-5a36-4b8e-8c1e-0d7c5e2f9a11,404900000.0,7f5b6f7e-1c2d-4a4e-9a51-3a3f1d3c0a01
ffa361be-0f92-40e1-87f9-7d05f6ca6b8b,1d181ee9-86ad-4a8c-abc4-123ebde13c1b,b74d0fb1-32e7-4629-8fad-c1a606cb0fb3,3b0b0e6c-5a36-4b8e-8c1e-0d7c5e2f9a11,510600000.0,7f5b6f7e-1c2d-4a4e-9a51-3a3f1d3c0a01
6d204496-66d0-4371-98e8-8ebb7a9e8eef,1d181ee9-86ad-4a8c-abc4-123ebde13c1b,6b65a6a4-8b81-48f6-b38a-088ca65ed389,3b0b0e6c-5a36-4b8e-8c1e-0d7c5e2f9a11,502600000.0,7f5b6f7e-1c2d-4a4e-9a51-3a3f1d3c0a01
b65feea9-7d82-4264-9ba3-62e7afa415e5,1d181ee9-86ad-4a8c-abc4-123ebde13c1b,47378190-96da-4dac-b2ff-5d2a386ecbe0,3b0b0e6c-5a36-4b8e-8c1e-0d7c5e2f9a11,519000000.0,7f5b6f7e-1c2d-4a4e-9a51-3a3f1d3c0a01
e63658c9-12d0-498d-b18d-4d05e8e22743,1d181ee9-86ad-4a8c-abc4-123ebde13c1b,c241330b-01a9-471f-9e8a-774bcf36d58b,3b0b0e6c-5a36-4b8e-8c1e-0d7c5e2f9a11,542700000.0,7f5b6f7e-1c2d-4a4e-9a51-3a3f1d3c0a01
25f934bf-9bb9-4155-9275-eb9414aeaf5c,1d181ee9-86ad-4a8c-abc4-123ebde13c1b,6c307511-b2b9-437a-a8df-6ec4ce4a2bbd,3b0b0e6c-5a36-4b8e-8c1e-0d7c5e2f9a11,493200000.0,7f5b6f7e-1c2d-4a4e-9a51-3a3f1d3c0a01
9fd34579-4667-42ce-a04e-178c10d08d11,1d181ee9-86ad-4a8c-abc4-123ebde13c1b,371ecd7b-27cd-4130-8722-9389571aa876,3b0b0e6c-5a36-4b8e-8c1e-0d7c5e2f9a11,495900000.0,7f5b6f7e-1c2d-4a4e-9a51-3a3f1d3c0a01
b64fa54a-8c61-4654-95da-75c1a21150f9,1d181ee9-86ad-4a8c-abc4-123ebde13c1b,1a2a73ed-562b-4f79-8374-59eef50bea63,3b0b0e6c-5a36-4b8e-8c1e-0d7c5e2f9a11,544800000.0,7f5b6f7e-1c2d-4a4e-9a51-3a3f1d3c0a01
98eeac2b-fe9f-4caa-a182-f347533f5a72,1d181ee9-86ad-4a8c-abc4-123ebde13c1b,5be6128e-18c2-4797-a142-ea7d17be3111,3b0b0e6c-5a36-4b8e-8c1e-0d7c5e2f9a11,531700000.00000006,7f5b6f7e-1c2d-4a4e-9a51-3a3f1d3c0a01
816bcb9f-7426-4193-8b7e-6b3c87d292a6,1d181ee9-86ad-4a8c-abc4-123ebde13c1b,43b7a3a6-9a8d-4a03-980d-7b71d8f56413,3b0b0e6c-5a36-4b8e-8c1e-0d7c5e2f9a11,553900000.0,7f5b6f7e-1c2d-4a4e-9a51-3a3f1d3c0a01
cb08587d-1963-426d-ae21-8b099afd4015,1d181ee9-86ad-4a8c-abc4-123ebde13c1b,759cde66-bacf-43d0-8b1f-9163ce9ff57f,3b0b0e6c-5a36-4b8e-8c1e-0d7c5e2f9a11,641900000.0,7f5b6f7e-1c2d-4a4e-9a51-3a3f1d3c0a01
a79b44b6-da50-4fed-9d4a-3d81b3a7d0e0,1d181ee9-86ad-4a8c-abc4-123ebde13c1b,ec1b8ca1-f91e-4d4c-9ff4-9b7889463e85,3b0b0e6c-5a36-4b8e-8c1e-0d7c5e2f9a11,622000000.0,7f5b6f7e-1c2d-4a4e-9a51-3a3f1d3c0a01
8d244e3e-c4da-4ddb-a0b1-5abaa6a27967,1d181ee9-86ad-4a8c-abc4-123ebde13c1b,4b0dbb41-8d52-48f1-942c-3fe860e7a113,3b0b0e6c-5a36-4b8e-8c1e-0d7c5e2f9a11,731400000.0,7f5b6f7e-1c2d-4a4e-9a51-3a3f1d3c0a01
6e191042-370b-4063-9d90-e79eb888f6ed,1d181ee9-86ad-4a8c-abc4-123ebde13c1b,e2acf72f-9e57-4f7a-a0ee-89aed453dd32,3b0b0e6c-5a36-4b8e-8c1e-0d7c5e2f9a11,720700000.0,7f5b6f7e-1c2d-4a4e-9a51-3a3f1d3c0a01
69efafb1-3a7e-4e14-a359-eee173991a47,1d181ee9-86ad-4a8c-abc4-123ebde13c1b,3139d32c-93cd-49bf-9c94-1cf0dc98d2c1,3b0b0e6c-5a36-4b8e-8c1e-0d7c5e2f9a11,584200000.0,7f5b6f7e-1c2d-4a4e-9a51-3a3f1d3c0a01
66132e69-7418-4109-93d1-bf0f56c438e4,1d181ee9-86ad-4a8c-abc4-123ebde13c1b,a9488d99-0bbb-4599-91ce-5dd2b45ed1f0,3b0b0e6c-5a36-4b8e-8c1e-0d7c5e2f9a11,569100000.0,7f5b6f7e-1c2d-4a4e-9a51-3a3f1d3c0a01
50032b35-1857-4baf-bac7-e2b96a7e4c36,1d181ee9-86ad-4a8c-abc4-123ebde13c1b,fc377a4c-4a15-444d-85e7-ce8a3a578a8e,3b0b0e6c-5a36-4b8e-8c1e-0d7c5e2f9a11,590600000.0,7f5b6f7e-1c2d-4a4e-9a51-3a3f1d3c0a01
4140752c-aa44-4259-9001-8b7b6d4067f4,1d181ee9-86ad-4a8c-abc4-123ebde13c1b,ddd1dfb2-3b98-4ef8-9af6-1a26146d3f31,3b0b0e6c-5a36-4b8e-8c1e-0d7c5e2f9a11,397600000.0,7f5b6f7e-1c2d-4a4e-9a51-3a3f1d3c0a01
175a81ec-112f-4612-b969-9ed2ec48bf55,afd380c4-2713-482c-b41e-a3ac5fd23109,bdd640fb-0667-4ad1-9c80-317fa3b1799d,3b0b0e6c-5a36-4b8e-8c1e-0d7c5e2f9a11,441800000.0,7f5b6f7e-1c2d-4a4e-9a51-3a3f1d3c0a01
6e8f75a1-17dd-4d81-95da-705cd4ef00aa,afd380c4-2713-482c-b41e-a3ac5fd23109,23b8c1e9-3924-46de-beb1-3b9046685257,3b0b0e6c-5a36-4b8e-8c1e-0d7c5e2f9a11,426700000.0,7f5b6f7e-1c2d-4a4e-9a51-3a3f1d3c0a01
5f65c8ce-bd21-4c11-be9d-61ee18b87245,afd380c4-2713-482c-b41e-a3ac5fd23109,bd9c66b3-ad3c-4d6d-9a3d-1fa7bc8960a9,3b0b0e6c-5a36-4b8e-8c1e-0d7c5e2f9a11,419600000.0,7f5b6f7e-1c2d-4a4e-9a51-3a3f1d3c0a01
0f5ae9d3-8e6e-4003-a14f-3f12cfd01cbd,afd380c4-2713-482c-b41e-a3ac5fd23109,972a8469-1641-4f82-8b9d-2434e465e150,3b0b0e6c-5a36-4b8e-8c1e-0d7c5e2f9a11,416200000.0,7f5b6f7e-1c2d-4a4e-9a51-3a3f1d3c0a01
8fca7b6a-8fc4-4092-b4e5-59e596229348,afd380c4-2713-482c-b41e-a3ac5fd23109,17fc695a-07a0-4a6e-8822-e8f36c031199,3b0b0e6c-5a36-4b8e-8c1e-0d7c5e2f9a11,419900000.0,7f5b6f7e-1c2d-4a4e-9a51-3a3f1d3c0a01
692ac139-1f4a-4ca1-ab85-fd595463adc7,afd380c4-2713-482c-b41e-a3ac5fd23109,9a1de644-815e-46d1-bb8f-aa1837f8a88b,3b0b0e6c-5a36-4b8e-8c1e-0d7c5e2f9a11,409200000.0,7f5b6f7e-1c2d-4a4e-9a51-3a3f1d3c0a01
f0ede303-aa53-419c-9fa4-bb9f5a856750,afd380c4-2713-482c-b41e-a3ac5fd23109,b74d0fb1-32e7-4629-8fad-c1a606cb0fb3,3b0b0e6c-5a36-4b8e-8c1e-0d7c5e2f9a11,519600000.0,7f5b6f7e-1c2d-4a4e-9a51-3a3f1d3c0a01
ea74bb18-de3b-496f-ac45-96f6c012a0ff,afd380c4-2713-482c-b41e-a3ac5fd23109,6b65a6a4-8b81-48f6-b38a-088ca65ed389,3b0b0e6c-5a36-4b8e-8c1e-0d7c5e2f9a11,512500000.0,7f5b6f7e-1c2d-4a4e-9a51-3a3f1d3c0a01
49a214ae-f7e8-48e5-8d2b-91efb8976ec5,afd380c4-2713-482c-b41e-a3ac5fd23109,47378190-96da-4dac-b2ff-5d2a386ecbe0,3b0b0e6c-5a36-4b8e-8c1e-0d7c5e2f9a11,513000000.0,7f5b6f7e-1c2d-4a4e-9a51-3a3f1d3c0a01
1a85910d-5a05-4c11-8ffc-a6b199b479d4,afd380c4-2713-482c-b41e-a3ac5fd23109,c241330b-01a9-471f-9e8a-774bcf36d58b,3b0b0e6c-5a36-4b8e-8c1e-0d7c5e2f9a11,548100000.0,7f5b6f7e-1c2d-4a4e-9a51-3a3f1d3c0a01
279c658a-3676-4ce5-81e5-c9f693f277cc,afd380c4-2713-482c-b41e-a3ac5fd23109,6c307511-b2b9-437a-a8df-6ec4ce4a2bbd,3b0b0e6c-5a36-4b8e-8c1e-0d7c5e2f9a11,502600000.0,7f5b6f7e-1c2d-4a4e-9a51-3a3f1d3c0a01
d8e7012f-3968-4c81-bb70-c3b8a81fdec3,afd380c4-2713-482c-b41e-a3ac5fd23109,371ecd7b-27cd-4130-8722-9389571aa876,3b0b0e6c-5a36-4b8e-8c1e-0d7c5e2f9a11,511700000.0,7f5b6f7e-1c2d-4a4e-9a51-3a3f1d3c0a01
8e676a01-d86a-4460-99a1-120e1bb43332,afd380c4-2713-482c-b41e-a3ac5fd23109,1a2a73ed-562b-4f79-8374-59eef50bea63,3b0b0e6c-5a36-4b8e-8c1e-0d7c5e2f9a11,537300000.0,7f5b6f7e-1c2d-4a4e-9a51-3a3f1d3c0a01
47503f1d-c33a-4f6c-9d69-1fba5e187b24,afd380c4-2713-482c-b41e-a3ac5fd23109,5be6128e-18c2-4797-a142-ea7d17be3111,3b0b0e6c-5a36-4b8e-8c1e-0d7c5e2f9a11,536500000.0,7f5b6f7e-1c2d-4a4e-9a51-3a3f1d3c0a01
6dda4f8d-cea6-4f4c-b9e5-8ff092f837d4,afd380c4-2713-482c-b41e-a3ac5fd23109,43b7a3a6-9a8d-4a03-980d-7b71d8f56413,3b0b0e6c-5a36-4b8e-8c1e-0d7c5e2f9a11,560100000.0,7f5b6f7e-1c2d-4a4e-9a51-3a3f1d3c0a01
c4767556-f97b-42dd-8f9b-72aed85c16bd,afd380c4-2713-482c-b41e-a3ac5fd23109,759cde66-bacf-43d0-8b1f-9163ce9ff57f,3b0b0e6c-5a36-4b8e-8c1e-0d7c5e2f9a11,645500000.0,7f5b6f7e-1c2d-4a4e-9a51-3a3f1d3c0a01
accb461a-9d13-4363-9f29-4a8bd1846c39,afd380c4-2713-482c-b41e-a3ac5fd23109,ec1b8ca1-f91e-4d4c-9ff4-9b7889463e85,3b0b0e6c-5a36-4b8e-8c1e-0d7c5e2f9a11,626100000.0,7f5b6f7e-1c2d-4a4e-9a51-3a3f1d3c0a01
9be71737-06b8-4231-8e86-7f3ca487eeab,afd380c4-2713-482c-b41e-a3ac5fd23109,4b0dbb41-8d52-48f1-942c-3fe860e7a113,3b0b0e6c-5a36-4b8e-8c1e-0d7c5e2f9a11,750800000.0,7f5b6f7e-1c2d-4a4e-9a51-3a3f1d3c0a01
b18753e6-d457-4ad9-a867-a096edd877c8,afd380c4-2713-482c-b41e-a3ac5fd23109,e2acf72f-9e57-4f7a-a0ee-89aed453dd32,3b0b0e6c-5a36-4b8e-8c1e-0d7c5e2f9a11,739400000.0,7f5b6f7e-1c2d-4a4e-9a51-3a3f1d3c0a01
45f50c52-2e2f-4f77-8769-79d644777442,afd380c4-2713-482c-b41e-a3ac5fd23109,3139d32c-93cd-49bf-9c94-1cf0dc98d2c1,3b0b0e6c-5a36-4b8e-8c1e-0d7c5e2f9a11,581300000.0,7f5b6f7e-1c2d-4a4e-9a51-3a3f1d3c0a01
ebe9e207-4f19-4ec0-832d-4526b3e4110a,afd380c4-2713-482c-b41e-a3ac5fd23109,a9488d99-0bbb-4599-91ce-5dd2b45ed1f0,3b0b0e6c-5a36-4b8e-8c1e-0d7c5e2f9a11,578500000.0,7f5b6f7e-1c2d-4a4e-9a51-3a3f1d3c0a01
2e709838-0190-4620-99dc-abd056febfb9,afd380c4-2713-482c-b41e-a3ac5fd23109,fc377a4c-4a15-444d-85e7-ce8a3a578a8e,3b0b0e6c-5a36-4b8e-8c1e-0d7c5e2f9a11,592100000.0,7f5b6f7e-1c2d-4a4e-9a51-3a3f1d3c0a01
a847bce7-90fa-4b57-a4ac-2130deaf528d,afd380c4-2713-482c-b41e-a3ac5fd23109,ddd1dfb2-3b98-4ef8-9af6-1a26146d3f31,3b0b0e6c-5a36-4b8e-8c1e-0d7c5e2f9a11,406700000.0,7f5b6f7e-1c2d-4a4e-9a51-3a3f1d3c0a01
177d6e7e-07d9-44ce-b8c8-8faea2178f84,bdb025ff-2451-45a4-91d0-59b26699cd99,bdd640fb-0667-4ad1-9c80-317fa3b1799d,3b0b0e6c-5a36-4b8e-8c1e-0d7c5e2f9a11,448500000.0,7f5b6f7e-1c2d-4a4e-9a51-3a3f1d3c0a01
604e46cb-3712-42d1-87cd-b6a1bf012e32,bdb025ff-2451-45a4-91d0-59b26699cd99,23b8c1e9-3924-46de-beb1-3b9046685257,3b0b0e6c-5a36-4b8e-8c1e-0d7c5e2f9a11,431400000.0,7f5b6f7e-1c2d-4a4e-9a51-3a3f1d3c0a01
284bf962-5744-4596-b422-21676b7a2460,bdb025ff-2451-45a4-91d0-59b26699cd99,bd9c66b3-ad3c-4d6d-9a3d-1fa7bc8960a9,3b0b0e6c-5a36-4b8e-8c1e-0d7c5e2f9a11,424200000.0,7f5b6f7e-1c2d-4a4e-9a51-3a3f1d3c0a01
530ac1c7-b8ba-4368-8fc7-77685ebbcca5,bdb025ff-2451-45a4-91d0-59b26699cd99,972a8469-1641-4f82-8b9d-2434e465e150,3b0b0e6c-5a36-4b8e-8c1e-0d7c5e2f9a11,424400000.0,7f5b6f7e-1c2d-4a4e-9a51-3a3f1d3c0a01
98a21f1c-914d-4fae-b100-13a7c6deb2f0,bdb025ff-2451-45a4-91d0-59b26699cd99,17fc695a-07a0-4a6e-8822-e8f36c031199,3b0b0e6c-5a36-4b8e-8c1e-0d7c5e2f9a11,423300000.0,7f5b6f7e-1c2d-4a4e-9a51-3a3f1d3c0a01
27d415b6-0d77-45a0-a222-b6a615bfbe97,bdb025ff-2451-45a4-91d0-59b26699cd99,9a1de644-815e-46d1-bb8f-aa1837f8a88b,3b0b0e6c-5a36-4b8e-8c1e-0d7c5e2f9a11,416900000.0,7f5b6f7e-1c2d-4a4e-9a51-3a3f1d3c0a01
0cbd3c03-9e2a-44ac-8122-b5b3284c03d2,bdb025ff-2451-45a4-91d0-59b26699cd99,b74d0fb1-32e7-4629-8fad-c1a606cb0fb3,3b0b0e6c-5a36-4b8e-8c1e-0d7c5e2f9a11,531200000.00000006,7f5b6f7e-1c2d-4a4e-9a51-3a3f1d3c0a01
716fda0a-45a8-4829-94e2-86e5ac8936bc,bdb025ff-2451-45a4-91d0-59b26699cd99,6b65a6a4-8b81-48f6-b38a-088ca65ed389,3b0b0e6c-5a36-4b8e-8c1e-0d7c5e2f9a11,519500000.0,7f5b6f7e-1c2d-4a4e-9a51-3a3f1d3c0a01
9b69554d-7c54-435f-ac8c-3b6aa974d079,bdb025ff-2451-45a4-91d0-59b26699cd99,47378190-96da-4dac-b2ff-5d2a386ecbe0,3b0b0e6c-5a36-4b8e-8c1e-0d7c5e2f9a11,518900000.0,7f5b6f7e-1c2d-4a4e-9a51-3a3f1d3c0a01
372f871a-45ee-432d-aa07-f2137129cec7,bdb025ff-2451-45a4-91d0-59b26699cd99,c241330b-01a9-471f-9e8a-774bcf36d58b,3b0b0e6c-5a36-4b8e-8c1e-0d7c5e2f9a11,558100000.0,7f5b6f7e-1c2d-4a4e-9a51-3a3f1d3c0a01
585d3f86-1d23-44e6-8329-20b7c143f426,bdb025ff-2451-45a4-91d0-59b26699cd99,6c307511-b2b9-437a-a8df-6ec4ce4a2bbd,3b0b0e6c-5a36-4b8e-8c1e-0d7c5e2f9a11,508000000.0,7f5b6f7e-1c2d-4a4e-9a51-3a3f1d3c0a01
ad9fb00d-4882-473c-9c63-45ab6e0ed1e8,bdb025ff-2451-45a4-91d0-59b26699cd99,371ecd7b-27cd-4130-8722-9389571aa876,3b0b0e6c-5a36-4b8e-8c1e-0d7c5e2f9a11,512700000.00000006,7f5b6f7e-1c2d-4a4e-9a51-3a3f1d3c0a01
86e52753-7c93-46cc-97d7-a560adb14670,bdb025ff-2451-45a4-91d0-59b26699cd99,1a2a73ed-562b-4f79-8374-59eef50bea63,3b0b0e6c-5a36-4b8e-8c1e-0d7c5e2f9a11,549100000.0,7f5b6f7e-1c2d-4a4e-9a51-3a3f1d3c0a01
3873e57f-0ba0-48e8-8ef4-92c1aac93316,bdb025ff-2451-45a4-91d0-59b26699cd99,5be6128e-18c2-4797-a142-ea7d17be3111,3b0b0e6c-5a36-4b8e-8c1e-0d7c5e2f9a11,547500000.0,7f5b6f7e-1c2d-4a4e-9a51-3a3f1d3c0a01
0e0630cd-996d-4c50-bc04-a168652ffb49,bdb025ff-2451-45a4-91d0-59b26699cd99,43b7a3a6-9a8d-4a03-980d-7b71d8f56413,3b0b0e6c-5a36-4b8e-8c1e-0d7c5e2f9a11,568400000.0,7f5b6f7e-1c2d-4a4e-9a51-3a3f1d3c0a01
f200c261-4d29-41ab-b455-12f701f7c7ec,bdb025ff-2451-45a4-91d0-59b26699cd99,759cde66-bacf-43d0-8b1f-9163ce9ff57f,3b0b0e6c-5a36-4b8e-8c1e-0d7c5e2f9a11,647000000.0,7f5b6f7e-1c2d-4a4e-9a51-3a3f1d3c0a01
c3a00c6f-2321-41e1-8471-04c036136e15,bdb025ff-2451-45a4-91d0-59b26699cd99,ec1b8ca1-f91e-4d4c-9ff4-9b7889463e85,3b0b0e6c-5a36-4b8e-8c1e-0d7c5e2f9a11,645200000.0,7f5b6f7e-1c2d-4a4e-9a51-3a3f1d3c0a01
1eb74b56-53ff-43a2-8a19-35014169b9fc,bdb025ff-2451-45a4-91d0-59b26699cd99,4b0dbb41-8d52-48f1-942c-3fe860e7a113,3b0b0e6c-5a36-4b8e-8c1e-0d7c5e2f9a11,753600000.0,7f5b6f7e-1c2d-4a4e-9a51-3a3f1d3c0a01
6e3f683a-bf3c-4140-bf54-a51101fa964e,bdb025ff-2451-45a4-91d0-59b26699cd99,e2acf72f-9e57-4f7a-a0ee-89aed453dd32,3b0b0e6c-5a36-4b8e-8c1e-0d7c5e2f9a11,730300000.0,7f5b6f7e-1c2d-4a4e-9a51-3a3f1d3c0a01
88575117-6155-4667-a112-507c2cfa55b0,bdb025ff-2451-45a4-91d0-59b26699cd99,3139d32c-93cd-49bf-9c94-1cf0dc98d2c1,3b0b0e6c-5a36-4b8e-8c1e-0d7c5e2f9a11,587400000.0,7f5b6f7e-1c2d-4a4e-9a51-3a3f1d3c0a01
8f0881ee-8011-416b-bae8-8926b423ccde,bdb025ff-2451-45a4-91d0-59b26699cd99,a9488d99-0bbb-4599-91ce-5dd2b45ed1f0,3b0b0e6c-5a36-4b8e-8c1e-0d7c5e2f9a11,585900000.0,7f5b6f7e-1c2d-4a4e-9a51-3a3f1d3c0a01
5aaab32f-ce63-42b6-ab05-347fd556b37d,bdb025ff-2451-45a4-91d0-59b26699cd99,fc377a4c-4a15-444d-85e7-ce8a3a578a8e,3b0b0e6c-5a36-4b8e-8c1e-0d7c5e2f9a11,604600000.0,7f5b6f7e-1c2d-4a4e-9a51-3a3f1d3c0a01
bdf66ba5-dc9c-46de-a5a6-74c212738a23,bdb025ff-2451-45a4-91d0-59b26699cd99,ddd1dfb2-3b98-4ef8-9af6-1a26146d3f31,3b0b0e6c-5a36-4b8e-8c1e-0d7c5e2f9a11,410400000.0,7f5b6f7e-1c2d-4a4e-9a51-3a3f1d3c0a01
5024bdc6-dcb3-4df3-93ee-cdc6ebd14d2c,75b27455-04cc-4ede-afac-16730ad45230,bdd640fb-0667-4ad1-9c80-317fa3b1799d,3b0b0e6c-5a36-4b8e-8c1e-0d7c5e2f9a11,460700000.0,7f5b6f7e-1c2d-4a4e-9a51-3a3f1d3c0a01
67884209-92ca-425a-ade5-93329364f3d0,75b27455-04cc-4ede-afac-16730ad45230,23b8c1e9-3924-46de-beb1-3b9046685257,3b0b0e6c-5a36-4b8e-8c1e-0d7c5e2f9a11,446300000.0,7f5b6f7e-1c2d-4a4e-9a51-3a3f1d3c0a01
4a1dab32-6aed-4dc7-a3e0-5309b5a1b949,75b27455-04cc-4ede-afac-16730ad45230,bd9c66b3-ad3c-4d6d-9a3d-1fa7bc8960a9,3b0b0e6c-5a36-4b8e-8c1e-0d7c5e2f9a11,439200000.0,7f5b6f7e-1c2d-4a4e-9a51-3a3f1d3c0a01
f758dce2-0556-4aea-a7b0-32831d7c0098,75b27455-04cc-4ede-afac-16730ad45230,972a8469-1641-4f82-8b9d-2434e465e150,3b0b0e6c-5a36-4b8e-8c1e-0d7c5e2f9a11,438400000.0,7f5b6f7e-1c2d-4a4e-9a51-3a3f1d3c0a01
f296d9f0-cd23-42c2-abff-e17b532401fc,75b27455-04cc-4ede-afac-16730ad45230,17fc695a-07a0-4a6e-8822-e8f36c031199,3b0b0e6c-5a36-4b8e-8c1e-0d7c5e2f9a11,438800000.0,7f5b6f7e-1c2d-4a4e-9a51-3a3f1d3c0a01
b08a4895-d4ff-4666-b5c8-e90d9e3d750d,75b27455-04cc-4ede-afac-16730ad45230,9a1de644-815e-46d1-bb8f-aa1837f8a88b,3b0b0e6c-5a36-4b8e-8c1e-0d7c5e2f9a11,427500000.0,7f5b6f7e-1c2d-4a4e-9a51-3a3f1d3c0a01
6fcc57dd-168f-4e12-9ca2-60c9eb7607c9,75b27455-04cc-4ede-afac-16730ad45230,b74d0fb1-32e7-4629-8fad-c1a606cb0fb3,3b0b0e6c-5a36-4b8e-8c1e-0d7c5e2f9a11,544000000.0,7f5b6f7e-1c2d-4a4e-9a51-3a3f1d3c0a01
6f887f28-3e49-4d09-9b19-d8b8d8302081,75b27455-04cc-4ede-afac-16730ad45230,6b65a6a4-8b81-48f6-b38a-088ca65ed389,3b0b0e6c-5a36-4b8e-8c1e-0d7c5e2f9a11,536200000.00000006,7f5b6f7e-1c2d-4a4e-9a51-3a3f1d3c0a01
1422373f-8622-48d1-a683-e10796c044d0,75b27455-04cc-4ede-afac-16730ad45230,47378190-96da-4dac-b2ff-5d2a386ecbe0,3b0b0e6c-5a36-4b8e-8c1e-0d7c5e2f9a11,548500000.0,7f5b6f7e-1c2d-4a4e-9a51-3a3f1d3c0a01
beed10b6-4f6e-474b-9eda-b0276550f74a,75b27455-04cc-4ede-afac-16730ad45230,c241330b-01a9-471f-9e8a-774bcf36d58b,3b0b0e6c-5a36-4b8e-8c1e-0d7c5e2f9a11,574400000.0,7f5b6f7e-1c2d-4a4e-9a51-3a3f1d3c0a01
c77444cb-5543-4c3c-b8b8-f24e56ea57b3,75b27455-04cc-4ede-afac-16730ad45230,6c307511-b2b9-437a-a8df-6ec4ce4a2bbd,3b0b0e6c-5a36-4b8e-8c1e-0d7c5e2f9a11,521799999.99999994,7f5b6f7e-1c2d-4a4e-9a51-3a3f1d3c0a01
a21b0307-82af-485c-938d-994c2b0abedd,75b27455-04cc-4ede-afac-16730ad45230,371ecd7b-27cd-4130-8722-9389571aa876,3b0b0e6c-5a36-4b8e-8c1e-0d7c5e2f9a11,535200000.00000006,7f5b6f7e-1c2d-4a4e-9a51-3a3f1d3c0a01
31a3ac4d-828c-47e7-87d5-b7be1d30d990,75b27455-04cc-4ede-afac-16730ad45230,1a2a73ed-562b-4f79-8374-59eef50bea63,3b0b0e6c-5a36-4b8e-8c1e-0d7c5e2f9a11,572400000.0,7f5b6f7e-1c2d-4a4e-9a51-3a3f1d3c0a01
59e1ac09-5970-4859-86b6-e4ade7ea8d5a,75b27455-04cc-4ede-afac-16730ad45230,5be6128e-18c2-4797-a142-ea7d17be3111,3b0b0e6c-5a36-4b8e-8c1e-0d7c5e2f9a11,563300000.0,7f5b6f7e-1c2d-4a4e-9a51-3a3f1d3c0a01
a53bc024-d1a6-4d87-b54e-2019ba35844e,75b27455-04cc-4ede-afac-16730ad45230,43b7a3a6-9a8d-4a03-980d-7b71d8f56413,3b0b0e6c-5a36-4b8e-8c1e-0d7c5e2f9a11,584500000.0,7f5b6f7e-1c2d-4a4e-9a51-3a3f1d3c0a01
1a5165ca-3c7c-4d85-a5cf-0041d0a643fe,75b27455-04cc-4ede-afac-16730ad45230,759cde66-bacf-43d0-8b1f-9163ce9ff57f,3b0b0e6c-5a36-4b8e-8c1e-0d7c5e2f9a11,669500000.0,7f5b6f7e-1c2d-4a4e-9a51-3a3f1d3c0a01
2c6a6e9a-3280-47a1-8187-222b257d5e52,75b27455-04cc-4ede-afac-16730ad45230,ec1b8ca1-f91e-4d4c-9ff4-9b7889463e85,3b0b0e6c-5a36-4b8e-8c1e-0d7c5e2f9a11,658900000.0,7f5b6f7e-1c2d-4a4e-9a51-3a3f1d3c0a01
c257cf73-c29d-482b-a722-796e9a36d1ec,75b27455-04cc-4ede-afac-16730ad45230,4b0dbb41-8d52-48f1-942c-3fe860e7a113,3b0b0e6c-5a36-4b8e-8c1e-0d7c5e2f9a11,779000000.0,7f5b6f7e-1c2d-4a4e-9a51-3a3f1d3c0a01
f387e1bd-2d59-42c6-934a-5a2fa7cf705c,75b27455-04cc-4ede-afac-16730ad45230,e2acf72f-9e57-4f7a-a0ee-89aed453dd32,3b0b0e6c-5a36-4b8e-8c1e-0d7c5e2f9a11,763300000.0,7f5b6f7e-1c2d-4a4e-9a51-3a3f1d3c0a01
76c5a0dc-7e7e-4419-a0c1-4035c5d95f51,75b27455-04cc-4ede-afac-16730ad45230,3139d32c-93cd-49bf-9c94-1cf0dc98d2c1,3b0b0e6c-5a36-4b8e-8c1e-0d7c5e2f9a11,617400000.0,7f5b6f7e-1c2d-4a4e-9a51-3a3f1d3c0a01
9458054e-c287-4f06-9050-f7efc1235c91,75b27455-04cc-4ede-afac-16730ad45230,a9488d99-0bbb-4599-91ce-5dd2b45ed1f0,3b0b0e6c-5a36-4b8e-8c1e-0d7c5e2f9a11,599200000.0,7f5b6f7e-1c2d-4a4e-9a51-3a3f1d3c0a01
e1cde87f-ec95-4f87-ae5e-c36572eb7474,75b27455-04cc-4ede-afac-16730ad45230,fc377a4c-4a15-444d-85e7-ce8a3a578a8e,3b0b0e6c-5a36-4b8e-8c1e-0d7c5e2f9a11,626000000.0,7f5b6f7e-1c2d-4a4e-9a51-3a3f1d3c0a01
fc8d5b93-a2a2-491f-a49b-1cd99082889b,75b27455-04cc-4ede-afac-16730ad45230,ddd1dfb2-3b98-4ef8-9af6-1a26146d3f31,3b0b0e6c-5a36-4b8e-8c1e-0d7c5e2f9a11,428300000.0,7f5b6f7e-1c2d-4a4e-9a51-3a3f1d3c0a01
