salesorderdetailid,salesorderid,productid,uomid,quantity,priceperunit,baseamount,manualdiscountamount,extendedamount,ahn_costperton,sequencenumber,transactioncurrencyid
07e34c0d-c04c-4016-91a0-c29d81942d55,cca743fd-96eb-4756-8684-3d56804d5d33,3139d32c-93cd-49bf-9c94-1cf0dc98d2c1,3b0b0e6c-5a36-4b8e-8c1e-0d7c5e2f9a11,120.0,351700000.0,42204000000.0,2128770000.0,40075230000.0,314772000.0,1,7f5b6f7e-1c2d-4a4e-9a51-3a3f1d3c0a01
664d2b78-f92f-44b4-8359-ce40898ef9c3,16572edb-b5b6-4d38-953c-47021e61d2ba,c241330b-01a9-471f-9e8a-774bcf36d58b,3b0b0e6c-5a36-4b8e-8c1e-0d7c5e2f9a11,35.0,331900000.0,11616500000.0,537719000.0,11078781000.0,303688000.0,1,7f5b6f7e-1c2d-4a4e-9a51-3a3f1d3c0a01
73c7a052-a1ff-48fc-a2a5-0b62ecf4d42c,8d4cdaa5-719c-4657-a38c-ebb36084004a,9a1de644-815e-46d1-bb8f-aa1837f8a88b,3b0b0e6c-5a36-4b8e-8c1e-0d7c5e2f9a11,35.0,255100000.0,8928500000.0,418428000.0,8510072000.0,234030000.0,1,7f5b6f7e-1c2d-4a4e-9a51-3a3f1d3c0a01
d53187a5-b368-4a24-b451-f36c949442f4,7259397c-1f14-413c-86d6-c31ba0bc3c69,1a2a73ed-562b-4f79-8374-59eef50bea63,3b0b0e6c-5a36-4b8e-8c1e-0d7c5e2f9a11,35.0,336800000.0,11788000000.0,315665000.0,11472335000.0,315610000.0,1,7f5b6f7e-1c2d-4a4e-9a51-3a3f1d3c0a01
1e4bc2fc-459e-4234-8ab0-79c9b9f4b14e,5cd0359f-1a40-4446-a87b-cdebce03d4c0,47378190-96da-4dac-b2ff-5d2a386ecbe0,3b0b0e6c-5a36-4b8e-8c1e-0d7c5e2f9a11,17.5,330100000.0,5776750000.0,219730000.0,5557020000.0,294996000.0,1,7f5b6f7e-1c2d-4a4e-9a51-3a3f1d3c0a01
7fc01356-1002-4813-bd8c-d213b64ef7ae,5cd0359f-1a40-4446-a87b-cdebce03d4c0,c241330b-01a9-471f-9e8a-774bcf36d58b,3b0b0e6c-5a36-4b8e-8c1e-0d7c5e2f9a11,12.5,345100000.0,4313750000.0,164082000.0,4149668000.0,312198000.0,2,7f5b6f7e-1c2d-4a4e-9a51-3a3f1d3c0a01
90476877-2727-4498-836c-7a410cc46732,5cd0359f-1a40-4446-a87b-cdebce03d4c0,6b65a6a4-8b81-48f6-b38a-088ca65ed389,3b0b0e6c-5a36-4b8e-8c1e-0d7c5e2f9a11,15.0,324100000.0,4861500000.0,184917000.0,4676583000.0,292434000.0,3,7f5b6f7e-1c2d-4a4e-9a51-3a3f1d3c0a01
b1a7a64f-738c-4566-87c0-4e6ce8efc4bb,4abf432e-5943-4127-b073-01a4ae7d7081,ddd1dfb2-3b98-4ef8-9af6-1a26146d3f31,3b0b0e6c-5a36-4b8e-8c1e-0d7c5e2f9a11,10.0,257500000.0,2575000000.0,55744000.0,2519256000.0,235376000.0,1,7f5b6f7e-1c2d-4a4e-9a51-3a3f1d3c0a01
1d4adfa1-f814-494c-a276-9aa05b715f52,fe598823-53a4-45b6-b2b3-6c45d525e946,4b0dbb41-8d52-48f1-942c-3fe860e7a113,3b0b0e6c-5a36-4b8e-8c1e-0d7c5e2f9a11,6.0,468700000.0,2812200000.0,84216000.0,2727984000.0,410994000.0,1,7f5b6f7e-1c2d-4a4e-9a51-3a3f1d3c0a01
769b5877-36f0-4fe7-ae6a-e1a627dffdad,fe598823-53a4-45b6-b2b3-6c45d525e946,e2acf72f-9e57-4f7a-a0ee-89aed453dd32,3b0b0e6c-5a36-4b8e-8c1e-0d7c5e2f9a11,4.0,462100000.0,1848400000.0,55354000.0,1793046000.0,402144000.0,2,7f5b6f7e-1c2d-4a4e-9a51-3a3f1d3c0a01
2c8fbe55-7164-42ba-8c14-a123771844b2,d549eee9-0939-412a-91fd-788a457ca8bc,6c307511-b2b9-437a-a8df-6ec4ce4a2bbd,3b0b0e6c-5a36-4b8e-8c1e-0d7c5e2f9a11,10.0,311400000.0,3114000000.0,99536000.0,3014464000.0,286029000.0,1,7f5b6f7e-1c2d-4a4e-9a51-3a3f1d3c0a01
233398e5-a874-4a3f-93b3-7d74d07311ba,5aa77e2e-39ae-4e5f-b62e-19902b721350,c241330b-01a9-471f-9e8a-774bcf36d58b,3b0b0e6c-5a36-4b8e-8c1e-0d7c5e2f9a11,235.0,345100000.0,81098500000.0,1665918000.0,79432582000.0,312198000.0,1,7f5b6f7e-1c2d-4a4e-9a51-3a3f1d3c0a01
f3fc4581-62a7-4423-97a8-6a1214d2405b,2cf9b230-676f-4928-89aa-286dffd16bb4,43b7a3a6-9a8d-4a03-980d-7b71d8f56413,3b0b0e6c-5a36-4b8e-8c1e-0d7c5e2f9a11,125.0,348700000.0,43587500000.0,1888334000.0,41699166000.0,327265000.0,1,7f5b6f7e-1c2d-4a4e-9a51-3a3f1d3c0a01
21ebf7fd-ffd9-4e32-a53c-c1257bd498d0,7c21feb4-7cd8-4833-b6f3-a9f29d80cd2f,6c307511-b2b9-437a-a8df-6ec4ce4a2bbd,3b0b0e6c-5a36-4b8e-8c1e-0d7c5e2f9a11,53.0,318900000.0,16901700000.0,787877000.0,16113823000.0,284931000.0,1,7f5b6f7e-1c2d-4a4e-9a51-3a3f1d3c0a01
70f8f0c2-ff19-42a8-86f6-56e7bf9765b1,7c21feb4-7cd8-4833-b6f3-a9f29d80cd2f,47378190-96da-4dac-b2ff-5d2a386ecbe0,3b0b0e6c-5a36-4b8e-8c1e-0d7c5e2f9a11,67.0,337300000.0,22599100000.0,1053463000.0,21545637000.0,302042000.0,2,7f5b6f7e-1c2d-4a4e-9a51-3a3f1d3c0a01
d7f6d8c8-56e9-4bae-a33a-c8b163930f59,18e8edff-38e6-4127-a05f-6b13dd83fc2a,1a2a73ed-562b-4f79-8374-59eef50bea63,3b0b0e6c-5a36-4b8e-8c1e-0d7c5e2f9a11,271.5,350100000.0,95052150000.0,2781866000.0,92270284000.0,311540000.0,1,7f5b6f7e-1c2d-4a4e-9a51-3a3f1d3c0a01
0645ddbc-1794-4e05-9e2e-2eff78aa6915,18e8edff-38e6-4127-a05f-6b13dd83fc2a,43b7a3a6-9a8d-4a03-980d-7b71d8f56413,3b0b0e6c-5a36-4b8e-8c1e-0d7c5e2f9a11,43.5,353000000.0,15355500000.0,449405000.0,14906095000.0,322548000.0,2,7f5b6f7e-1c2d-4a4e-9a51-3a3f1d3c0a01
27237c1a-6172-4155-a77b-af460d7eee5e,16206c96-b857-45b4-812e-796cf47cde0f,759cde66-bacf-43d0-8b1f-9163ce9ff57f,3b0b0e6c-5a36-4b8e-8c1e-0d7c5e2f9a11,60.0,416300000.0,24978000000.0,746451000.0,24231549000.0,364986000.0,1,7f5b6f7e-1c2d-4a4e-9a51-3a3f1d3c0a01
434e1ded-5218-43bd-82c7-c36d6d5a4531,3972955f-f318-48ac-b287-62cda517adae,43b7a3a6-9a8d-4a03-980d-7b71d8f56413,3b0b0e6c-5a36-4b8e-8c1e-0d7c5e2f9a11,40.0,353000000.0,14120000000.0,438153000.0,13681847000.0,322548000.0,1,7f5b6f7e-1c2d-4a4e-9a51-3a3f1d3c0a01
c7d8ca9f-917b-4af7-a33a-15ba03a331eb,f3f54308-87d4-4e6d-93fe-da787e39a37c,43b7a3a6-9a8d-4a03-980d-7b71d8f56413,3b0b0e6c-5a36-4b8e-8c1e-0d7c5e2f9a11,53.5,353000000.0,18885500000.0,1129766000.0,17755734000.0,322548000.0,1,7f5b6f7e-1c2d-4a4e-9a51-3a3f1d3c0a01
b58b82e7-2758-47ee-b8dd-cdccb8531458,f3f54308-87d4-4e6d-93fe-da787e39a37c,5be6128e-18c2-4797-a142-ea7d17be3111,3b0b0e6c-5a36-4b8e-8c1e-0d7c5e2f9a11,56.5,342400000.0,19345600000.0,1157290000.0,18188310000.0,311910000.0,2,7f5b6f7e-1c2d-4a4e-9a51-3a3f1d3c0a01
cf8ece69-3e61-4141-8954-58de56b72970,e9107c1f-86d2-4d72-80d3-df6e18001549,47378190-96da-4dac-b2ff-5d2a386ecbe0,3b0b0e6c-5a36-4b8e-8c1e-0d7c5e2f9a11,3.5,337300000.0,1180550000.0,76784000.0,1103766000.0,302042000.0,1,7f5b6f7e-1c2d-4a4e-9a51-3a3f1d3c0a01
7fe7929f-01a8-4a3d-8a7f-ef8d742a18be,e9107c1f-86d2-4d72-80d3-df6e18001549,6c307511-b2b9-437a-a8df-6ec4ce4a2bbd,3b0b0e6c-5a36-4b8e-8c1e-0d7c5e2f9a11,16.5,318900000.0,5261850000.0,342236000.0,4919614000.0,284931000.0,2,7f5b6f7e-1c2d-4a4e-9a51-3a3f1d3c0a01
b6fb3783-cac1-49a1-81cb-f6610aa3e555,a32f0b9a-fb12-45ff-a82c-428511f01e84,a9488d99-0bbb-4599-91ce-5dd2b45ed1f0,3b0b0e6c-5a36-4b8e-8c1e-0d7c5e2f9a11,255.0,371800000.0,94809000000.0,3940040000.0,90868960000.0,327391000.0,1,7f5b6f7e-1c2d-4a4e-9a51-3a3f1d3c0a01
567f2fa9-67ae-4c86-ab61-535fb8f09edc,e013f345-7670-45a5-8b9c-988a5bb24e92,1a2a73ed-562b-4f79-8374-59eef50bea63,3b0b0e6c-5a36-4b8e-8c1e-0d7c5e2f9a11,170.0,350100000.0,59517000000.0,2065196000.0,57451804000.0,311540000.0,1,7f5b6f7e-1c2d-4a4e-9a51-3a3f1d3c0a01
4272d660-797d-42d7-a819-954c48cd8763,8844f32b-5b13-4988-8d15-ab18df40268c,43b7a3a6-9a8d-4a03-980d-7b71d8f56413,3b0b0e6c-5a36-4b8e-8c1e-0d7c5e2f9a11,128.5,353000000.0,45360500000.0,2113406000.0,43247094000.0,322548000.0,1,7f5b6f7e-1c2d-4a4e-9a51-3a3f1d3c0a01
957e3ee9-ca5d-41b5-8ec1-e5943f020e31,8844f32b-5b13-4988-8d15-ab18df40268c,1a2a73ed-562b-4f79-8374-59eef50bea63,3b0b0e6c-5a36-4b8e-8c1e-0d7c5e2f9a11,46.5,350100000.0,16279650000.0,758491000.0,15521159000.0,311540000.0,2,7f5b6f7e-1c2d-4a4e-9a51-3a3f1d3c0a01
7b3dd48a-78dc-4da7-b1d4-20cbaaa90e31,27362677-4b13-4b6a-8ef0-5e0879c3de2a,6c307511-b2b9-437a-a8df-6ec4ce4a2bbd,3b0b0e6c-5a36-4b8e-8c1e-0d7c5e2f9a11,65.0,318900000.0,20728500000.0,637640000.0,20090860000.0,284931000.0,1,7f5b6f7e-1c2d-4a4e-9a51-3a3f1d3c0a01
0fd4450f-e520-4b36-b1fc-088033035d5b,17e0c203-6623-49bc-9aa6-99cad1b3f6b1,47378190-96da-4dac-b2ff-5d2a386ecbe0,3b0b0e6c-5a36-4b8e-8c1e-0d7c5e2f9a11,25.0,337300000.0,8432500000.0,216736000.0,8215764000.0,302042000.0,1,7f5b6f7e-1c2d-4a4e-9a51-3a3f1d3c0a01
0a2d92b9-3264-44a7-aefd-3f61b4aeaec9,3e027b1f-e38d-4d98-b39b-fd7bc906f88b,bd9c66b3-ad3c-4d6d-9a3d-1fa7bc8960a9,3b0b0e6c-5a36-4b8e-8c1e-0d7c5e2f9a11,126.5,272500000.0,34471250000.0,687554000.0,33783696000.0,246934000.0,1,7f5b6f7e-1c2d-4a4e-9a51-3a3f1d3c0a01
5a6a7a8a-bc0e-4524-b4ee-230d551fea2e,3e027b1f-e38d-4d98-b39b-fd7bc906f88b,972a8469-1641-4f82-8b9d-2434e465e150,3b0b0e6c-5a36-4b8e-8c1e-0d7c5e2f9a11,55.5,268300000.0,14890650000.0,297005000.0,14593645000.0,247494000.0,2,7f5b6f7e-1c2d-4a4e-9a51-3a3f1d3c0a01
d04a2fb5-8172-4148-b000-13c5769cfef7,3e027b1f-e38d-4d98-b39b-fd7bc906f88b,bdd640fb-0667-4ad1-9c80-317fa3b1799d,3b0b0e6c-5a36-4b8e-8c1e-0d7c5e2f9a11,37.5,283600000.0,10635000000.0,212123000.0,10422877000.0,258528000.0,3,7f5b6f7e-1c2d-4a4e-9a51-3a3f1d3c0a01
bcad70e6-7721-4b19-92f2-272ff481503e,8654e1ba-d900-4b8f-98ea-677300b2c0cd,bdd640fb-0667-4ad1-9c80-317fa3b1799d,3b0b0e6c-5a36-4b8e-8c1e-0d7c5e2f9a11,100.0,290500000.0,29050000000.0,710409000.0,28339591000.0,273020000.0,1,7f5b6f7e-1c2d-4a4e-9a51-3a3f1d3c0a01
566a6ecb-c623-4827-a044-45816c8200e1,e0a043ae-c0e2-4abf-aff2-7e2f520b81d7,e2acf72f-9e57-4f7a-a0ee-89aed453dd32,3b0b0e6c-5a36-4b8e-8c1e-0d7c5e2f9a11,50.0,484400000.0,24220000000.0,1121123000.0,23098877000.0,412587000.0,1,7f5b6f7e-1c2d-4a4e-9a51-3a3f1d3c0a01
a9aa3f8e-b462-4a78-8ba3-62230dcb8393,5f9838db-6116-4281-aa53-916fc39f26ff,43b7a3a6-9a8d-4a03-980d-7b71d8f56413,3b0b0e6c-5a36-4b8e-8c1e-0d7c5e2f9a11,56.0,374000000.0,20944000000.0,618579000.0,20325421000.0,326525000.0,1,7f5b6f7e-1c2d-4a4e-9a51-3a3f1d3c0a01
6b0a1a02-b17c-49c7-92be-526a6a711aa0,5f9838db-6116-4281-aa53-916fc39f26ff,5be6128e-18c2-4797-a142-ea7d17be3111,3b0b0e6c-5a36-4b8e-8c1e-0d7c5e2f9a11,19.0,356300000.0,6769700000.0,199942000.0,6569758000.0,316720000.0,2,7f5b6f7e-1c2d-4a4e-9a51-3a3f1d3c0a01
33f606be-407e-4860-8f05-cf51af06f6b1,fde83a03-e55f-4c76-bc40-9354dcc202e5,759cde66-bacf-43d0-8b1f-9163ce9ff57f,3b0b0e6c-5a36-4b8e-8c1e-0d7c5e2f9a11,65.0,424300000.0,27579500000.0,746342000.0,26833158000.0,376752000.0,1,7f5b6f7e-1c2d-4a4e-9a51-3a3f1d3c0a01
0cb91056-fefc-4206-ba72-b44da437d21b,0f7aff6e-54b9-4b3b-8f6c-a162f0773f92,9a1de644-815e-46d1-bb8f-aa1837f8a88b,3b0b0e6c-5a36-4b8e-8c1e-0d7c5e2f9a11,25.0,260200000.0,6505000000.0,419140000.0,6085860000.0,238144000.0,1,7f5b6f7e-1c2d-4a4e-9a51-3a3f1d3c0a01
23ca9cae-ea75-4c83-911d-4c32e0d3bb50,0f7aff6e-54b9-4b3b-8f6c-a162f0773f92,bd9c66b3-ad3c-4d6d-9a3d-1fa7bc8960a9,3b0b0e6c-5a36-4b8e-8c1e-0d7c5e2f9a11,14.0,272500000.0,3815000000.0,245814000.0,3569186000.0,246934000.0,2,7f5b6f7e-1c2d-4a4e-9a51-3a3f1d3c0a01
45c7e25a-18bd-489c-9802-1fa042f3707a,0f7aff6e-54b9-4b3b-8f6c-a162f0773f92,17fc695a-07a0-4a6e-8822-e8f36c031199,3b0b0e6c-5a36-4b8e-8c1e-0d7c5e2f9a11,11.0,267500000.0,2942500000.0,189596000.0,2752904000.0,248804000.0,3,7f5b6f7e-1c2d-4a4e-9a51-3a3f1d3c0a01
65ff91ec-71b8-4fab-8af1-64976c95acf9,f4f839d9-8581-416a-b4bc-ee91513d25a1,759cde66-bacf-43d0-8b1f-9163ce9ff57f,3b0b0e6c-5a36-4b8e-8c1e-0d7c5e2f9a11,70.0,416300000.0,29141000000.0,610099000.0,28530901000.0,364986000.0,1,7f5b6f7e-1c2d-4a4e-9a51-3a3f1d3c0a01
c7598085-f8ed-4b28-8c38-392d4fd2f1b0,0ae43bba-ec31-4978-93b4-d12154eef4d6,17fc695a-07a0-4a6e-8822-e8f36c031199,3b0b0e6c-5a36-4b8e-8c1e-0d7c5e2f9a11,80.0,276600000.0,22128000000.0,868003000.0,21259997000.0,250112000.0,1,7f5b6f7e-1c2d-4a4e-9a51-3a3f1d3c0a01
df01c92f-7b7b-4c63-a60a-f14992852bea,83382f03-cd47-48f9-9fb8-f6cf70988dac,1a2a73ed-562b-4f79-8374-59eef50bea63,3b0b0e6c-5a36-4b8e-8c1e-0d7c5e2f9a11,170.0,350100000.0,59517000000.0,1394640000.0,58122360000.0,311540000.0,1,7f5b6f7e-1c2d-4a4e-9a51-3a3f1d3c0a01
d55fe520-572a-4c96-b393-94bee5e8f2d9,6c73425a-496e-456d-b790-a3f0c878cc30,5be6128e-18c2-4797-a142-ea7d17be3111,3b0b0e6c-5a36-4b8e-8c1e-0d7c5e2f9a11,185.0,356300000.0,65915500000.0,2896695000.0,63018805000.0,316720000.0,1,7f5b6f7e-1c2d-4a4e-9a51-3a3f1d3c0a01
29e37c0f-235c-42e3-9376-610a423920d1,04e10a96-5ee2-40c4-b5e2-fdf8fa7ca745,17fc695a-07a0-4a6e-8822-e8f36c031199,3b0b0e6c-5a36-4b8e-8c1e-0d7c5e2f9a11,95.0,276600000.0,26277000000.0,691304000.0,25585696000.0,250112000.0,1,7f5b6f7e-1c2d-4a4e-9a51-3a3f1d3c0a01
7adc31bc-3c52-418e-9d9e-33b4a1be370f,b5f9a053-d574-4ebb-9a6b-f9baa28e0a22,bd9c66b3-ad3c-4d6d-9a3d-1fa7bc8960a9,3b0b0e6c-5a36-4b8e-8c1e-0d7c5e2f9a11,86.0,281600000.0,24217600000.0,827241000.0,23390359000.0,254788000.0,1,7f5b6f7e-1c2d-4a4e-9a51-3a3f1d3c0a01
3b9baee7-7d90-44e1-b994-3f278b1d936f,b5f9a053-d574-4ebb-9a6b-f9baa28e0a22,23b8c1e9-3924-46de-beb1-3b9046685257,3b0b0e6c-5a36-4b8e-8c1e-0d7c5e2f9a11,54.0,283800000.0,15325200000.0,523489000.0,14801711000.0,255442000.0,2,7f5b6f7e-1c2d-4a4e-9a51-3a3f1d3c0a01
e5f473fa-1692-4e3d-88db-f0602f62b4d5,6f15656e-a194-4e27-a9a4-7ca4688807e1,17fc695a-07a0-4a6e-8822-e8f36c031199,3b0b0e6c-5a36-4b8e-8c1e-0d7c5e2f9a11,19.0,276600000.0,5255400000.0,125752000.0,5129648000.0,250112000.0,1,7f5b6f7e-1c2d-4a4e-9a51-3a3f1d3c0a01
70bbe127-6776-49d3-b313-f6f80e7be49b,6f15656e-a194-4e27-a9a4-7ca4688807e1,972a8469-1641-4f82-8b9d-2434e465e150,3b0b0e6c-5a36-4b8e-8c1e-0d7c5e2f9a11,14.5,278500000.0,4038250000.0,96628000.0,3941622000.0,250860000.0,2,7f5b6f7e-1c2d-4a4e-9a51-3a3f1d3c0a01
71bc1735-fb1e-4879-bdb2-5a4474f7eab5,6f15656e-a194-4e27-a9a4-7ca4688807e1,bd9c66b3-ad3c-4d6d-9a3d-1fa7bc8960a9,3b0b0e6c-5a36-4b8e-8c1e-0d7c5e2f9a11,36.5,281600000.0,10278400000.0,245943000.0,10032457000.0,254788000.0,3,7f5b6f7e-1c2d-4a4e-9a51-3a3f1d3c0a01
667491b7-057c-4b05-8d17-e35f948fe521,2427b821-3623-46a2-94c0-7a4564b96ddb,23b8c1e9-3924-46de-beb1-3b9046685257,3b0b0e6c-5a36-4b8e-8c1e-0d7c5e2f9a11,22.5,283800000.0,6385500000.0,485077000.0,5900423000.0,255442000.0,1,7f5b6f7e-1c2d-4a4e-9a51-3a3f1d3c0a01
f8c43847-5d44-4558-b1c5-24a83cfbdc82,2427b821-3623-46a2-94c0-7a4564b96ddb,bdd640fb-0667-4ad1-9c80-317fa3b1799d,3b0b0e6c-5a36-4b8e-8c1e-0d7c5e2f9a11,28.5,292000000.0,8322000000.0,632184000.0,7689816000.0,265166000.0,2,7f5b6f7e-1c2d-4a4e-9a51-3a3f1d3c0a01
77944be1-43b0-496a-aeb7-7f0a78f93d00,2427b821-3623-46a2-94c0-7a4564b96ddb,bd9c66b3-ad3c-4d6d-9a3d-1fa7bc8960a9,3b0b0e6c-5a36-4b8e-8c1e-0d7c5e2f9a11,34.0,281600000.0,9574400000.0,727323000.0,8847077000.0,254788000.0,3,7f5b6f7e-1c2d-4a4e-9a51-3a3f1d3c0a01
5fecd211-7cde-41cb-9b7b-edefb888a538,5840eb72-3936-4f68-bf65-4c5477983209,1a2a73ed-562b-4f79-8374-59eef50bea63,3b0b0e6c-5a36-4b8e-8c1e-0d7c5e2f9a11,9.0,357200000.0,3214800000.0,93190000.0,3121610000.0,323842000.0,1,7f5b6f7e-1c2d-4a4e-9a51-3a3f1d3c0a01
497f24ec-d61a-4612-b9c6-2c6845f18de5,5840eb72-3936-4f68-bf65-4c5477983209,5be6128e-18c2-4797-a142-ea7d17be3111,3b0b0e6c-5a36-4b8e-8c1e-0d7c5e2f9a11,51.0,356300000.0,18171300000.0,526743000.0,17644557000.0,316720000.0,2,7f5b6f7e-1c2d-4a4e-9a51-3a3f1d3c0a01
ad701caf-9826-4562-a62a-5af060994eed,8dd8c95b-deef-4508-bd85-9f6f5bbc8128,9a1de644-815e-46d1-bb8f-aa1837f8a88b,3b0b0e6c-5a36-4b8e-8c1e-0d7c5e2f9a11,149.0,270400000.0,40289600000.0,1415292000.0,38874308000.0,243287000.0,1,7f5b6f7e-1c2d-4a4e-9a51-3a3f1d3c0a01
6f518b8b-ee3e-44fc-9df4-c2510280426b,8dd8c95b-deef-4508-bd85-9f6f5bbc8128,972a8469-1641-4f82-8b9d-2434e465e150,3b0b0e6c-5a36-4b8e-8c1e-0d7c5e2f9a11,226.0,278500000.0,62941000000.0,2210991000.0,60730009000.0,250860000.0,2,7f5b6f7e-1c2d-4a4e-9a51-3a3f1d3c0a01
d136db1a-d27d-48bb-ae6f-0ae8d6e816d3,0355363a-10ae-4021-b558-531a5e8c9510,972a8469-1641-4f82-8b9d-2434e465e150,3b0b0e6c-5a36-4b8e-8c1e-0d7c5e2f9a11,30.5,278500000.0,8494250000.0,226814000.0,8267436000.0,250860000.0,1,7f5b6f7e-1c2d-4a4e-9a51-3a3f1d3c0a01
1caa40e1-e748-40f2-a944-91f0356b47c6,0355363a-10ae-4021-b558-531a5e8c9510,17fc695a-07a0-4a6e-8822-e8f36c031199,3b0b0e6c-5a36-4b8e-8c1e-0d7c5e2f9a11,64.5,276600000.0,17840700000.0,476383000.0,17364317000.0,250112000.0,2,7f5b6f7e-1c2d-4a4e-9a51-3a3f1d3c0a01
94945cc8-c1f9-455f-9a3d-3e97953fe33b,84fa406b-ce2b-423b-bfca-442ee3a057b4,4b0dbb41-8d52-48f1-942c-3fe860e7a113,3b0b0e6c-5a36-4b8e-8c1e-0d7c5e2f9a11,35.0,502300000.0,17580500000.0,190288000.0,17390212000.0,431438000.0,1,7f5b6f7e-1c2d-4a4e-9a51-3a3f1d3c0a01
e47ad260-dd7b-4534-9f5a-04d9d5094d65,7818382a-53df-410f-9da7-a4e58b62c2e9,371ecd7b-27cd-4130-8722-9389571aa876,3b0b0e6c-5a36-4b8e-8c1e-0d7c5e2f9a11,160.0,406000000.0,64960000000.0,4820413000.0,60139587000.0,367098000.0,1,7f5b6f7e-1c2d-4a4e-9a51-3a3f1d3c0a01
da6df494-17b0-46dc-a9b1-8d730d9a5eab,7818382a-53df-410f-9da7-a4e58b62c2e9,6c307511-b2b9-437a-a8df-6ec4ce4a2bbd,3b0b0e6c-5a36-4b8e-8c1e-0d7c5e2f9a11,60.0,400400000.0,24024000000.0,1782722000.0,22241278000.0,361242000.0,2,7f5b6f7e-1c2d-4a4e-9a51-3a3f1d3c0a01
af41c896-388b-4898-8501-ce93506061c0,7818382a-53df-410f-9da7-a4e58b62c2e9,c241330b-01a9-471f-9e8a-774bcf36d58b,3b0b0e6c-5a36-4b8e-8c1e-0d7c5e2f9a11,44.5,437700000.0,19477650000.0,1445356000.0,18032294000.0,392718000.0,3,7f5b6f7e-1c2d-4a4e-9a51-3a3f1d3c0a01
c8a534f5-db4e-4ee9-8a5d-d8e85cae5ec9,8da411b6-894c-4c78-ad9e-3fc464114680,bdd640fb-0667-4ad1-9c80-317fa3b1799d,3b0b0e6c-5a36-4b8e-8c1e-0d7c5e2f9a11,16.0,292000000.0,4672000000.0,142741000.0,4529259000.0,265166000.0,1,7f5b6f7e-1c2d-4a4e-9a51-3a3f1d3c0a01
3c254926-5520-4e1f-aac3-96da504ecd34,8da411b6-894c-4c78-ad9e-3fc464114680,23b8c1e9-3924-46de-beb1-3b9046685257,3b0b0e6c-5a36-4b8e-8c1e-0d7c5e2f9a11,49.0,283800000.0,13906200000.0,424868000.0,13481332000.0,255442000.0,2,7f5b6f7e-1c2d-4a4e-9a51-3a3f1d3c0a01
36722183-db83-459d-bc80-8bbb8aea1e3c,307e1c89-c659-45b8-883f-55e353af2d8b,ec1b8ca1-f91e-4d4c-9ff4-9b7889463e85,3b0b0e6c-5a36-4b8e-8c1e-0d7c5e2f9a11,25.0,417100000.0,10427500000.0,455445000.0,9972055000.0,374218000.0,1,7f5b6f7e-1c2d-4a4e-9a51-3a3f1d3c0a01
f546aabc-f61d-49e3-b58f-4c9cdc7894ba,580ee961-c2ee-4280-90f1-6f10cb36df00,9a1de644-815e-46d1-bb8f-aa1837f8a88b,3b0b0e6c-5a36-4b8e-8c1e-0d7c5e2f9a11,108.5,270400000.0,29338400000.0,649784000.0,28688616000.0,243287000.0,1,7f5b6f7e-1c2d-4a4e-9a51-3a3f1d3c0a01
3098f4d6-e37d-4062-b7de-71e09036a459,580ee961-c2ee-4280-90f1-6f10cb36df00,17fc695a-07a0-4a6e-8822-e8f36c031199,3b0b0e6c-5a36-4b8e-8c1e-0d7c5e2f9a11,171.5,276600000.0,47436900000.0,1050628000.0,46386272000.0,250112000.0,2,7f5b6f7e-1c2d-4a4e-9a51-3a3f1d3c0a01
5dfff86b-6f28-4b1a-b33a-b280b38213c0,16c9e74c-dac8-4de7-9d6b-fb759ba695e3,fc377a4c-4a15-444d-85e7-ce8a3a578a8e,3b0b0e6c-5a36-4b8e-8c1e-0d7c5e2f9a11,3.5,401700000.0,1405950000.0,32901000.0,1373049000.0,344486000.0,1,7f5b6f7e-1c2d-4a4e-9a51-3a3f1d3c0a01
0ca44c57-b799-4607-8f7b-01386b7ddf22,16c9e74c-dac8-4de7-9d6b-fb759ba695e3,a9488d99-0bbb-4599-91ce-5dd2b45ed1f0,3b0b0e6c-5a36-4b8e-8c1e-0d7c5e2f9a11,12.0,383000000.0,4596000000.0,107553000.0,4488447000.0,332761000.0,2,7f5b6f7e-1c2d-4a4e-9a51-3a3f1d3c0a01
c2de2dd6-fa60-4ccf-a412-9624f934c22c,16c9e74c-dac8-4de7-9d6b-fb759ba695e3,3139d32c-93cd-49bf-9c94-1cf0dc98d2c1,3b0b0e6c-5a36-4b8e-8c1e-0d7c5e2f9a11,24.5,381900000.0,9356550000.0,218956000.0,9137594000.0,334193000.0,3,7f5b6f7e-1c2d-4a4e-9a51-3a3f1d3c0a01
7d0e4e54-648c-444c-9e2c-a5d5d5b16f34,1fe82970-5264-479d-8444-9da1094e271a,972a8469-1641-4f82-8b9d-2434e465e150,3b0b0e6c-5a36-4b8e-8c1e-0d7c5e2f9a11,31.5,278500000.0,8772750000.0,561719000.0,8211031000.0,250860000.0,1,7f5b6f7e-1c2d-4a4e-9a51-3a3f1d3c0a01
7e65e275-70ca-4d26-9ca3-a9c18b26cc8d,1fe82970-5264-479d-8444-9da1094e271a,9a1de644-815e-46d1-bb8f-aa1837f8a88b,3b0b0e6c-5a36-4b8e-8c1e-0d7c5e2f9a11,68.5,270400000.0,18522400000.0,1185989000.0,17336411000.0,243287000.0,2,7f5b6f7e-1c2d-4a4e-9a51-3a3f1d3c0a01
01b05586-6186-4d77-a147-da0629615636,c737c4fa-a38b-4284-afe1-da1a7823d81f,972a8469-1641-4f82-8b9d-2434e465e150,3b0b0e6c-5a36-4b8e-8c1e-0d7c5e2f9a11,69.0,278500000.0,19216500000.0,1411280000.0,17805220000.0,250860000.0,1,7f5b6f7e-1c2d-4a4e-9a51-3a3f1d3c0a01
371bcd26-e0fb-4cfa-aea1-7568e12579e5,c737c4fa-a38b-4284-afe1-da1a7823d81f,bdd640fb-0667-4ad1-9c80-317fa3b1799d,3b0b0e6c-5a36-4b8e-8c1e-0d7c5e2f9a11,21.0,292000000.0,6132000000.0,450341000.0,5681659000.0,265166000.0,2,7f5b6f7e-1c2d-4a4e-9a51-3a3f1d3c0a01
ebdc963f-ec09-4ee8-a60d-ca7137be1793,e7f1b740-657d-4528-82b1-df91850bdd6e,371ecd7b-27cd-4130-8722-9389571aa876,3b0b0e6c-5a36-4b8e-8c1e-0d7c5e2f9a11,130.0,334700000.0,43511000000.0,1463965000.0,42047035000.0,300394000.0,1,7f5b6f7e-1c2d-4a4e-9a51-3a3f1d3c0a01
1e1461e2-9182-4f85-b100-f0364fa999ea,f1982a1e-a734-468d-b692-e469a45c2576,43b7a3a6-9a8d-4a03-980d-7b71d8f56413,3b0b0e6c-5a36-4b8e-8c1e-0d7c5e2f9a11,26.5,374000000.0,9911000000.0,410795000.0,9500205000.0,326525000.0,1,7f5b6f7e-1c2d-4a4e-9a51-3a3f1d3c0a01
d22a7420-5b14-48b2-9379-99333f2bef64,f1982a1e-a734-468d-b692-e469a45c2576,1a2a73ed-562b-4f79-8374-59eef50bea63,3b0b0e6c-5a36-4b8e-8c1e-0d7c5e2f9a11,19.5,357200000.0,6965400000.0,288705000.0,6676695000.0,323842000.0,2,7f5b6f7e-1c2d-4a4e-9a51-3a3f1d3c0a01
322c1995-57b5-43b9-a3fd-e9bf6187fc95,f1982a1e-a734-468d-b692-e469a45c2576,5be6128e-18c2-4797-a142-ea7d17be3111,3b0b0e6c-5a36-4b8e-8c1e-0d7c5e2f9a11,23.5,356300000.0,8373050000.0,347049000.0,8026001000.0,316720000.0,3,7f5b6f7e-1c2d-4a4e-9a51-3a3f1d3c0a01
f1fc665f-b12b-4cc3-adfc-56ab323f54b5,24c75676-169d-46c3-89d6-29006ee7518a,1a2a73ed-562b-4f79-8374-59eef50bea63,3b0b0e6c-5a36-4b8e-8c1e-0d7c5e2f9a11,70.0,357200000.0,25004000000.0,1035825000.0,23968175000.0,323842000.0,1,7f5b6f7e-1c2d-4a4e-9a51-3a3f1d3c0a01
8338b77c-77f1-47f4-9eee-2da0464f9c60,8e55a9db-8e04-4430-a205-b500e567e354,b74d0fb1-32e7-4629-8fad-c1a606cb0fb3,3b0b0e6c-5a36-4b8e-8c1e-0d7c5e2f9a11,100.0,345000000.0,34500000000.0,1035100000.0,33464900000.0,307348000.0,1,7f5b6f7e-1c2d-4a4e-9a51-3a3f1d3c0a01
416968f2-b771-43f5-bdf6-75a1c34aace7,d16c0a67-a5fd-499b-833b-4d4316b6556f,43b7a3a6-9a8d-4a03-980d-7b71d8f56413,3b0b0e6c-5a36-4b8e-8c1e-0d7c5e2f9a11,210.0,353000000.0,74130000000.0,2738159000.0,71391841000.0,322548000.0,1,7f5b6f7e-1c2d-4a4e-9a51-3a3f1d3c0a01
f8d3fd11-b508-4a6b-868d-d40027187cb4,675bb586-f70e-4b43-a66e-a696322f04e6,e2acf72f-9e57-4f7a-a0ee-89aed453dd32,3b0b0e6c-5a36-4b8e-8c1e-0d7c5e2f9a11,40.0,484400000.0,19376000000.0,387547000.0,18988453000.0,412587000.0,1,7f5b6f7e-1c2d-4a4e-9a51-3a3f1d3c0a01
c3e45ead-3117-483b-9114-670ac49d82d4,86c6855b-a041-4f85-966c-c616b14d63b3,bdd640fb-0667-4ad1-9c80-317fa3b1799d,3b0b0e6c-5a36-4b8e-8c1e-0d7c5e2f9a11,31.0,292000000.0,9052000000.0,197774000.0,8854226000.0,265166000.0,1,7f5b6f7e-1c2d-4a4e-9a51-3a3f1d3c0a01
7d939246-6c3a-450b-91d6-710d5e0243ce,86c6855b-a041-4f85-966c-c616b14d63b3,9a1de644-815e-46d1-bb8f-aa1837f8a88b,3b0b0e6c-5a36-4b8e-8c1e-0d7c5e2f9a11,59.0,270400000.0,15953600000.0,348565000.0,15605035000.0,243287000.0,2,7f5b6f7e-1c2d-4a4e-9a51-3a3f1d3c0a01
7600edca-eac5-4155-aea4-660f249cfba5,0e6a1812-9c4f-4a37-932d-02319c5659d1,371ecd7b-27cd-4130-8722-9389571aa876,3b0b0e6c-5a36-4b8e-8c1e-0d7c5e2f9a11,75.0,334700000.0,25102500000.0,975617000.0,24126883000.0,300394000.0,1,7f5b6f7e-1c2d-4a4e-9a51-3a3f1d3c0a01
7617d328-868a-4d10-b36e-47cd93b634c4,eb8e8311-1ce6-4dbb-92f0-633fe31c06da,43b7a3a6-9a8d-4a03-980d-7b71d8f56413,3b0b0e6c-5a36-4b8e-8c1e-0d7c5e2f9a11,105.5,374000000.0,39457000000.0,1090021000.0,38366979000.0,326525000.0,1,7f5b6f7e-1c2d-4a4e-9a51-3a3f1d3c0a01
4743eace-ebc3-4609-b030-5c140feeb142,eb8e8311-1ce6-4dbb-92f0-633fe31c06da,5be6128e-18c2-4797-a142-ea7d17be3111,3b0b0e6c-5a36-4b8e-8c1e-0d7c5e2f9a11,219.5,356300000.0,78207850000.0,2160535000.0,76047315000.0,316720000.0,2,7f5b6f7e-1c2d-4a4e-9a51-3a3f1d3c0a01
6919cff2-3735-4803-af59-c3cec0a91574,ed4f23ec-70a6-4d66-9737-21715b932740,5be6128e-18c2-4797-a142-ea7d17be3111,3b0b0e6c-5a36-4b8e-8c1e-0d7c5e2f9a11,80.0,356300000.0,28504000000.0,1344248000.0,27159752000.0,316720000.0,1,7f5b6f7e-1c2d-4a4e-9a51-3a3f1d3c0a01
ed799a10-a419-48e5-9c5f-bcb69235eb00,b89cd9fd-ded0-4368-b1f0-ef7f1373ec3a,a9488d99-0bbb-4599-91ce-5dd2b45ed1f0,3b0b0e6c-5a36-4b8e-8c1e-0d7c5e2f9a11,95.5,383000000.0,36576500000.0,1625257000.0,34951243000.0,332761000.0,1,7f5b6f7e-1c2d-4a4e-9a51-3a3f1d3c0a01
cac7ec48-a6e9-4afb-a218-091af8b7aa63,b89cd9fd-ded0-4368-b1f0-ef7f1373ec3a,fc377a4c-4a15-444d-85e7-ce8a3a578a8e,3b0b0e6c-5a36-4b8e-8c1e-0d7c5e2f9a11,81.0,401700000.0,32537700000.0,1445795000.0,31091905000.0,344486000.0,2,7f5b6f7e-1c2d-4a4e-9a51-3a3f1d3c0a01
d85e183e-803e-40ba-91c4-d471d7fa531b,b89cd9fd-ded0-4368-b1f0-ef7f1373ec3a,3139d32c-93cd-49bf-9c94-1cf0dc98d2c1,3b0b0e6c-5a36-4b8e-8c1e-0d7c5e2f9a11,73.0,381900000.0,27878700000.0,1238775000.0,26639925000.0,334193000.0,3,7f5b6f7e-1c2d-4a4e-9a51-3a3f1d3c0a01
e26074f7-cd4c-4c5a-a79e-22dc6f0dd1e0,5f7a51ba-7f33-4ead-a808-9c29e55ed31a,972a8469-1641-4f82-8b9d-2434e465e150,3b0b0e6c-5a36-4b8e-8c1e-0d7c5e2f9a11,13.0,278500000.0,3620500000.0,85091000.0,3535409000.0,250860000.0,1,7f5b6f7e-1c2d-4a4e-9a51-3a3f1d3c0a01
0590e87c-2ff8-4c17-9ed0-1a38e7b62d67,5f7a51ba-7f33-4ead-a808-9c29e55ed31a,bd9c66b3-ad3c-4d6d-9a3d-1fa7bc8960a9,3b0b0e6c-5a36-4b8e-8c1e-0d7c5e2f9a11,7.5,281600000.0,2112000000.0,49637000.0,2062363000.0,254788000.0,2,7f5b6f7e-1c2d-4a4e-9a51-3a3f1d3c0a01
51bebb83-7374-488e-9d15-c40429ec7788,5f7a51ba-7f33-4ead-a808-9c29e55ed31a,17fc695a-07a0-4a6e-8822-e8f36c031199,3b0b0e6c-5a36-4b8e-8c1e-0d7c5e2f9a11,34.5,276600000.0,9542700000.0,224277000.0,9318423000.0,250112000.0,3,7f5b6f7e-1c2d-4a4e-9a51-3a3f1d3c0a01
e4238fa3-772b-40d5-a5e6-ae053a3899c3,240a2db9-c6ac-4fa0-94b4-f289317bfb2d,bdd640fb-0667-4ad1-9c80-317fa3b1799d,3b0b0e6c-5a36-4b8e-8c1e-0d7c5e2f9a11,38.0,292000000.0,11096000000.0,278639000.0,10817361000.0,265166000.0,1,7f5b6f7e-1c2d-4a4e-9a51-3a3f1d3c0a01
5d9bf75e-eaa4-4083-bb4b-f1adec6842b4,240a2db9-c6ac-4fa0-94b4-f289317bfb2d,9a1de644-815e-46d1-bb8f-aa1837f8a88b,3b0b0e6c-5a36-4b8e-8c1e-0d7c5e2f9a11,102.0,270400000.0,27580800000.0,692601000.0,26888199000.0,243287000.0,2,7f5b6f7e-1c2d-4a4e-9a51-3a3f1d3c0a01
3263f779-c70d-4488-a857-b3c5f0d5cc6b,71e7f679-4cf2-4c15-b0fa-4d187c3772a1,17fc695a-07a0-4a6e-8822-e8f36c031199,3b0b0e6c-5a36-4b8e-8c1e-0d7c5e2f9a11,178.0,274400000.0,48843200000.0,1470242000.0,47372958000.0,258621000.0,1,7f5b6f7e-1c2d-4a4e-9a51-3a3f1d3c0a01
b89764b7-a8b0-456a-b21e-2ae8958d861d,71e7f679-4cf2-4c15-b0fa-4d187c3772a1,23b8c1e9-3924-46de-beb1-3b9046685257,3b0b0e6c-5a36-4b8e-8c1e-0d7c5e2f9a11,109.0,281900000.0,30727100000.0,924925000.0,29802175000.0,265353000.0,2,7f5b6f7e-1c2d-4a4e-9a51-3a3f1d3c0a01
ff66a6b9-f80c-4164-b43a-9ab013cd1ebd,71e7f679-4cf2-4c15-b0fa-4d187c3772a1,bd9c66b3-ad3c-4d6d-9a3d-1fa7bc8960a9,3b0b0e6c-5a36-4b8e-8c1e-0d7c5e2f9a11,543.0,278000000.0,150954000000.0,4543907000.0,146410093000.0,263296000.0,3,7f5b6f7e-1c2d-4a4e-9a51-3a3f1d3c0a01
589c898f-1d00-4b24-859b-2bca5167d5c6,db88d6ff-6799-46f8-b8a2-8fa08801646e,bd9c66b3-ad3c-4d6d-9a3d-1fa7bc8960a9,3b0b0e6c-5a36-4b8e-8c1e-0d7c5e2f9a11,25.0,281600000.0,7040000000.0,215458000.0,6824542000.0,254788000.0,1,7f5b6f7e-1c2d-4a4e-9a51-3a3f1d3c0a01
b00e3c1e-d098-4e9e-a5bb-fc56fee930df,1b657a6b-0978-4000-b68e-974d6a2f3280,1a2a73ed-562b-4f79-8374-59eef50bea63,3b0b0e6c-5a36-4b8e-8c1e-0d7c5e2f9a11,46.5,357200000.0,16609800000.0,412741000.0,16197059000.0,323842000.0,1,7f5b6f7e-1c2d-4a4e-9a51-3a3f1d3c0a01
ddf7cf3e-b127-41a6-9e9d-943355b3b8a7,1b657a6b-0978-4000-b68e-974d6a2f3280,5be6128e-18c2-4797-a142-ea7d17be3111,3b0b0e6c-5a36-4b8e-8c1e-0d7c5e2f9a11,8.5,356300000.0,3028550000.0,75257000.0,2953293000.0,316720000.0,2,7f5b6f7e-1c2d-4a4e-9a51-3a3f1d3c0a01
a9b91791-054f-4c2f-b7a5-703e5470ea74,c4b3486f-c68a-4cec-ac52-8ec320aad273,ddd1dfb2-3b98-4ef8-9af6-1a26146d3f31,3b0b0e6c-5a36-4b8e-8c1e-0d7c5e2f9a11,100.0,268800000.0,26880000000.0,1174479000.0,25705521000.0,248442000.0,1,7f5b6f7e-1c2d-4a4e-9a51-3a3f1d3c0a01
b7efd7b4-936b-468c-bc2b-5f929620c246,8ab2e4dc-0ae2-4162-aab4-1975bff2e281,6b65a6a4-8b81-48f6-b38a-088ca65ed389,3b0b0e6c-5a36-4b8e-8c1e-0d7c5e2f9a11,65.0,340600000.0,22139000000.0,722143000.0,21416857000.0,301401000.0,1,7f5b6f7e-1c2d-4a4e-9a51-3a3f1d3c0a01
7cb1e08a-e791-427e-9f2c-ac5bc4db0e36,1980de61-b893-46e5-9d25-386f90b4e432,5be6128e-18c2-4797-a142-ea7d17be3111,3b0b0e6c-5a36-4b8e-8c1e-0d7c5e2f9a11,145.0,356300000.0,51663500000.0,1261638000.0,50401862000.0,316720000.0,1,7f5b6f7e-1c2d-4a4e-9a51-3a3f1d3c0a01
c327abb1-edd1-412b-824b-a0331c11d8ea,3644faf7-b089-4bfb-b26a-2ccf1938180b,23b8c1e9-3924-46de-beb1-3b9046685257,3b0b0e6c-5a36-4b8e-8c1e-0d7c5e2f9a11,68.0,281900000.0,19169200000.0,565091000.0,18604109000.0,265353000.0,1,7f5b6f7e-1c2d-4a4e-9a51-3a3f1d3c0a01
8d3353c0-b97e-48a1-bc43-0e68392ef388,3644faf7-b089-4bfb-b26a-2ccf1938180b,17fc695a-07a0-4a6e-8822-e8f36c031199,3b0b0e6c-5a36-4b8e-8c1e-0d7c5e2f9a11,62.0,274400000.0,17012800000.0,501522000.0,16511278000.0,258621000.0,2,7f5b6f7e-1c2d-4a4e-9a51-3a3f1d3c0a01
26661c54-9489-4233-93f8-ac5ee13d78f0,b9fffe81-dd49-4b10-8efe-9e88a2e07952,3139d32c-93cd-49bf-9c94-1cf0dc98d2c1,3b0b0e6c-5a36-4b8e-8c1e-0d7c5e2f9a11,25.0,375400000.0,9385000000.0,363570000.0,9021430000.0,341800000.0,1,7f5b6f7e-1c2d-4a4e-9a51-3a3f1d3c0a01
89fdb00c-ed23-4378-8be3-e66aca8f9ccb,e7b5e004-eb94-48da-b4b9-37475ae7039d,bdd640fb-0667-4ad1-9c80-317fa3b1799d,3b0b0e6c-5a36-4b8e-8c1e-0d7c5e2f9a11,5.0,290500000.0,1452500000.0,44467000.0,1408033000.0,273020000.0,1,7f5b6f7e-1c2d-4a4e-9a51-3a3f1d3c0a01
d701f79e-5f04-472b-ac99-9ac8bbbbe76a,e7b5e004-eb94-48da-b4b9-37475ae7039d,9a1de644-815e-46d1-bb8f-aa1837f8a88b,3b0b0e6c-5a36-4b8e-8c1e-0d7c5e2f9a11,5.0,269900000.0,1349500000.0,41313000.0,1308187000.0,252824000.0,2,7f5b6f7e-1c2d-4a4e-9a51-3a3f1d3c0a01
1113e35f-22a2-4a1f-b5c9-cdcff058a9dc,e0ba46f3-feb7-4b5e-b5bc-a0caf919db88,9a1de644-815e-46d1-bb8f-aa1837f8a88b,3b0b0e6c-5a36-4b8e-8c1e-0d7c5e2f9a11,30.0,269900000.0,8097000000.0,438187000.0,7658813000.0,252824000.0,1,7f5b6f7e-1c2d-4a4e-9a51-3a3f1d3c0a01
324726fc-b0b4-421b-8604-844f3181b56b,67fafcda-6921-4be0-a7e7-c28d5954369a,972a8469-1641-4f82-8b9d-2434e465e150,3b0b0e6c-5a36-4b8e-8c1e-0d7c5e2f9a11,17.0,273400000.0,4647800000.0,100913000.0,4546887000.0,260398000.0,1,7f5b6f7e-1c2d-4a4e-9a51-3a3f1d3c0a01
83353c3d-3b91-44f4-b326-af5861c0b62b,67fafcda-6921-4be0-a7e7-c28d5954369a,17fc695a-07a0-4a6e-8822-e8f36c031199,3b0b0e6c-5a36-4b8e-8c1e-0d7c5e2f9a11,17.5,274400000.0,4802000000.0,104261000.0,4697739000.0,258621000.0,2,7f5b6f7e-1c2d-4a4e-9a51-3a3f1d3c0a01
824bf5b0-4ec7-4e38-b709-2ce3697d5a43,67fafcda-6921-4be0-a7e7-c28d5954369a,23b8c1e9-3924-46de-beb1-3b9046685257,3b0b0e6c-5a36-4b8e-8c1e-0d7c5e2f9a11,10.5,281900000.0,2959950000.0,64266000.0,2895684000.0,265353000.0,3,7f5b6f7e-1c2d-4a4e-9a51-3a3f1d3c0a01
9214a1ae-ca27-4a98-b9cd-9801927a1f9a,76af5875-d668-4668-9c72-2c55d80c6d2a,e2acf72f-9e57-4f7a-a0ee-89aed453dd32,3b0b0e6c-5a36-4b8e-8c1e-0d7c5e2f9a11,2.5,491700000.0,1229250000.0,28984000.0,1200266000.0,428694000.0,1,7f5b6f7e-1c2d-4a4e-9a51-3a3f1d3c0a01
86829f2e-e677-464b-8333-cc74d4081ae9,76af5875-d668-4668-9c72-2c55d80c6d2a,4b0dbb41-8d52-48f1-942c-3fe860e7a113,3b0b0e6c-5a36-4b8e-8c1e-0d7c5e2f9a11,2.5,491700000.0,1229250000.0,28984000.0,1200266000.0,444536000.0,2,7f5b6f7e-1c2d-4a4e-9a51-3a3f1d3c0a01
8bfc3d12-911b-4a37-97c4-cedeb32f965f,00282c85-be95-4daf-83b7-1074fdc05d54,a9488d99-0bbb-4599-91ce-5dd2b45ed1f0,3b0b0e6c-5a36-4b8e-8c1e-0d7c5e2f9a11,10.0,380000000.0,3800000000.0,133867000.0,3666133000.0,344486000.0,1,7f5b6f7e-1c2d-4a4e-9a51-3a3f1d3c0a01
6a992297-0178-49cd-b4b9-5ac10890c943,11c8deeb-e0e1-4ce6-9bb8-fd430bf387a2,9a1de644-815e-46d1-bb8f-aa1837f8a88b,3b0b0e6c-5a36-4b8e-8c1e-0d7c5e2f9a11,50.0,274500000.0,13725000000.0,591051000.0,13133949000.0,252356000.0,1,7f5b6f7e-1c2d-4a4e-9a51-3a3f1d3c0a01
a08eb5e1-b47d-4f4a-bfce-4856fe4605e4,603a8090-df89-4abd-8ed3-fa89bdd1018b,23b8c1e9-3924-46de-beb1-3b9046685257,3b0b0e6c-5a36-4b8e-8c1e-0d7c5e2f9a11,85.0,281900000.0,23961500000.0,836397000.0,23125103000.0,265353000.0,1,7f5b6f7e-1c2d-4a4e-9a51-3a3f1d3c0a01
167500a2-5a54-4f04-8c7e-10a0fa6ca54f,aa22012f-9174-4b8a-b0c0-cf38fc16a8ce,5be6128e-18c2-4797-a142-ea7d17be3111,3b0b0e6c-5a36-4b8e-8c1e-0d7c5e2f9a11,40.0,353600000.0,14144000000.0,457313000.0,13686687000.0,328468000.0,1,7f5b6f7e-1c2d-4a4e-9a51-3a3f1d3c0a01
74edb5b3-9d71-4487-9338-825de73c4467,8d395898-3f04-43c1-996f-eddb6bc6e8c0,fc377a4c-4a15-444d-85e7-ce8a3a578a8e,3b0b0e6c-5a36-4b8e-8c1e-0d7c5e2f9a11,7.5,392900000.0,2946750000.0,63667000.0,2883083000.0,359522000.0,1,7f5b6f7e-1c2d-4a4e-9a51-3a3f1d3c0a01
cffb3d4f-f36c-4c46-86a6-e59fd11289f3,8d395898-3f04-43c1-996f-eddb6bc6e8c0,3139d32c-93cd-49bf-9c94-1cf0dc98d2c1,3b0b0e6c-5a36-4b8e-8c1e-0d7c5e2f9a11,2.5,375400000.0,938500000.0,20277000.0,918223000.0,341800000.0,2,7f5b6f7e-1c2d-4a4e-9a51-3a3f1d3c0a01
44926202-4eb8-4913-ae6f-31e936e74f20,ca0b6af7-572d-4d61-aaa1-5b6a0216cd40,43b7a3a6-9a8d-4a03-980d-7b71d8f56413,3b0b0e6c-5a36-4b8e-8c1e-0d7c5e2f9a11,85.0,368400000.0,31314000000.0,811927000.0,30502073000.0,338458000.0,1,7f5b6f7e-1c2d-4a4e-9a51-3a3f1d3c0a01
f5582545-1f85-45c7-9405-05bd8161d7bd,d169dc5f-3ae4-42a4-8f4c-86882d59cdbe,bd9c66b3-ad3c-4d6d-9a3d-1fa7bc8960a9,3b0b0e6c-5a36-4b8e-8c1e-0d7c5e2f9a11,415.0,283300000.0,117569500000.0,6727512000.0,110841988000.0,262081000.0,1,7f5b6f7e-1c2d-4a4e-9a51-3a3f1d3c0a01
68a48e26-b51e-4f0c-a0ce-689c2a257a53,8d7d8726-28ad-478d-8c28-0a8fb25d9eb0,bdd640fb-0667-4ad1-9c80-317fa3b1799d,3b0b0e6c-5a36-4b8e-8c1e-0d7c5e2f9a11,22.5,295100000.0,6639750000.0,241145000.0,6398605000.0,271618000.0,1,7f5b6f7e-1c2d-4a4e-9a51-3a3f1d3c0a01
af058d4c-0f74-469a-8a1e-29ea72c827a0,8d7d8726-28ad-478d-8c28-0a8fb25d9eb0,17fc695a-07a0-4a6e-8822-e8f36c031199,3b0b0e6c-5a36-4b8e-8c1e-0d7c5e2f9a11,22.5,276300000.0,6216750000.0,225782000.0,5990968000.0,256564000.0,2,7f5b6f7e-1c2d-4a4e-9a51-3a3f1d3c0a01
5d3f138a-37a6-4575-973b-88fb24207636,1d816760-bb10-438d-84aa-3398975a7a37,759cde66-bacf-43d0-8b1f-9163ce9ff57f,3b0b0e6c-5a36-4b8e-8c1e-0d7c5e2f9a11,64.5,423500000.0,27315750000.0,585420000.0,26730330000.0,384716000.0,1,7f5b6f7e-1c2d-4a4e-9a51-3a3f1d3c0a01
0d428dae-305b-4e94-aaa7-9e26551938b7,1d816760-bb10-438d-84aa-3398975a7a37,ec1b8ca1-f91e-4d4c-9ff4-9b7889463e85,3b0b0e6c-5a36-4b8e-8c1e-0d7c5e2f9a11,45.5,413300000.0,18805150000.0,403024000.0,18402126000.0,377476000.0,2,7f5b6f7e-1c2d-4a4e-9a51-3a3f1d3c0a01
ecbafab5-d2e4-43ef-a333-cf5827751a9b,00344c1d-5134-4aea-9a0f-08b3d3861047,fc377a4c-4a15-444d-85e7-ce8a3a578a8e,3b0b0e6c-5a36-4b8e-8c1e-0d7c5e2f9a11,25.0,393100000.0,9827500000.0,358029000.0,9469471000.0,351646000.0,1,7f5b6f7e-1c2d-4a4e-9a51-3a3f1d3c0a01
7f214692-2970-41cd-a352-e8c675e3863e,04929028-71f6-4ec1-a711-5a553bca4dbf,a9488d99-0bbb-4599-91ce-5dd2b45ed1f0,3b0b0e6c-5a36-4b8e-8c1e-0d7c5e2f9a11,6.5,385600000.0,2506400000.0,79058000.0,2427342000.0,340100000.0,1,7f5b6f7e-1c2d-4a4e-9a51-3a3f1d3c0a01
23a94f8b-b498-486e-82bd-3935e9866054,04929028-71f6-4ec1-a711-5a553bca4dbf,3139d32c-93cd-49bf-9c94-1cf0dc98d2c1,3b0b0e6c-5a36-4b8e-8c1e-0d7c5e2f9a11,2.5,400600000.0,1001500000.0,31590000.0,969910000.0,343412000.0,2,7f5b6f7e-1c2d-4a4e-9a51-3a3f1d3c0a01
dffcde3f-0b8a-4cc7-877e-335fe5669825,04929028-71f6-4ec1-a711-5a553bca4dbf,fc377a4c-4a15-444d-85e7-ce8a3a578a8e,3b0b0e6c-5a36-4b8e-8c1e-0d7c5e2f9a11,30.5,399400000.0,12181700000.0,384241000.0,11797459000.0,351824000.0,3,7f5b6f7e-1c2d-4a4e-9a51-3a3f1d3c0a01
48575b3f-85d0-4c52-b276-3701c1d281ce,8e5e8130-4bc0-4b5b-9301-6ab9e1cc8b5b,371ecd7b-27cd-4130-8722-9389571aa876,3b0b0e6c-5a36-4b8e-8c1e-0d7c5e2f9a11,10.0,331700000.0,3317000000.0,78145000.0,3238855000.0,305244000.0,1,7f5b6f7e-1c2d-4a4e-9a51-3a3f1d3c0a01
c4953f5f-a1c3-4aa6-b4c3-3e413314533d,a5531f42-ef5d-45d9-9d58-d0bb976ecaec,c241330b-01a9-471f-9e8a-774bcf36d58b,3b0b0e6c-5a36-4b8e-8c1e-0d7c5e2f9a11,50.0,364900000.0,18245000000.0,1031047000.0,17213953000.0,330406000.0,1,7f5b6f7e-1c2d-4a4e-9a51-3a3f1d3c0a01
2c5c99d2-343a-467e-bd57-7957bb6ad59d,45db82fc-3f7e-4e2d-a35a-7f2f682209c1,1a2a73ed-562b-4f79-8374-59eef50bea63,3b0b0e6c-5a36-4b8e-8c1e-0d7c5e2f9a11,48.5,363800000.0,17644300000.0,639280000.0,17005020000.0,330318000.0,1,7f5b6f7e-1c2d-4a4e-9a51-3a3f1d3c0a01
1f60087a-0293-4518-967a-4fa9531c10d2,45db82fc-3f7e-4e2d-a35a-7f2f682209c1,43b7a3a6-9a8d-4a03-980d-7b71d8f56413,3b0b0e6c-5a36-4b8e-8c1e-0d7c5e2f9a11,41.5,368400000.0,15288600000.0,553929000.0,14734671000.0,338458000.0,2,7f5b6f7e-1c2d-4a4e-9a51-3a3f1d3c0a01
6fb62281-67db-4883-a603-15844acf1169,a95f9395-caff-4791-92ea-b2bd5182fc6a,5be6128e-18c2-4797-a142-ea7d17be3111,3b0b0e6c-5a36-4b8e-8c1e-0d7c5e2f9a11,29.5,360500000.0,10634750000.0,489758000.0,10144992000.0,327080000.0,1,7f5b6f7e-1c2d-4a4e-9a51-3a3f1d3c0a01
ebfe213e-21b0-419d-a037-ff939b47338b,a95f9395-caff-4791-92ea-b2bd5182fc6a,43b7a3a6-9a8d-4a03-980d-7b71d8f56413,3b0b0e6c-5a36-4b8e-8c1e-0d7c5e2f9a11,3.0,379200000.0,1137600000.0,52390000.0,1085210000.0,340770000.0,2,7f5b6f7e-1c2d-4a4e-9a51-3a3f1d3c0a01
c66d3435-7bd9-4da9-8062-693adcacfce3,a95f9395-caff-4791-92ea-b2bd5182fc6a,1a2a73ed-562b-4f79-8374-59eef50bea63,3b0b0e6c-5a36-4b8e-8c1e-0d7c5e2f9a11,7.5,368300000.0,2762250000.0,127209000.0,2635041000.0,336515000.0,3,7f5b6f7e-1c2d-4a4e-9a51-3a3f1d3c0a01
b02e2a8a-0536-43a6-a776-b1abe4c12bc5,91cfccef-2c21-4528-8c87-30e10bfaf3a5,4b0dbb41-8d52-48f1-942c-3fe860e7a113,3b0b0e6c-5a36-4b8e-8c1e-0d7c5e2f9a11,23.0,493200000.0,11343600000.0,300006000.0,11043594000.0,435154000.0,1,7f5b6f7e-1c2d-4a4e-9a51-3a3f1d3c0a01
b823b2b3-837b-4dc5-b454-2acb337d3f2d,91cfccef-2c21-4528-8c87-30e10bfaf3a5,e2acf72f-9e57-4f7a-a0ee-89aed453dd32,3b0b0e6c-5a36-4b8e-8c1e-0d7c5e2f9a11,17.0,483700000.0,8222900000.0,217473000.0,8005427000.0,435154000.0,2,7f5b6f7e-1c2d-4a4e-9a51-3a3f1d3c0a01
bbcd2da5-ba29-4407-97f7-f279f478e343,7c8cf76b-e7a1-43ee-b117-88ef84d0b556,b74d0fb1-32e7-4629-8fad-c1a606cb0fb3,3b0b0e6c-5a36-4b8e-8c1e-0d7c5e2f9a11,90.0,351600000.0,31644000000.0,1328263000.0,30315737000.0,318328000.0,1,7f5b6f7e-1c2d-4a4e-9a51-3a3f1d3c0a01
6d3bb8af-53e5-4913-b45d-4debc11e6e19,22013a2f-a832-45b1-831e-5ca628eef579,972a8469-1641-4f82-8b9d-2434e465e150,3b0b0e6c-5a36-4b8e-8c1e-0d7c5e2f9a11,275.0,279300000.0,76807500000.0,1981440000.0,74826060000.0,257686000.0,1,7f5b6f7e-1c2d-4a4e-9a51-3a3f1d3c0a01
8af7c297-38fa-48be-84b4-87db0a51ca64,e8656f06-324f-4928-a920-246e6a2c8a90,759cde66-bacf-43d0-8b1f-9163ce9ff57f,3b0b0e6c-5a36-4b8e-8c1e-0d7c5e2f9a11,64.5,432300000.0,27883350000.0,1022161000.0,26861189000.0,383268000.0,1,7f5b6f7e-1c2d-4a4e-9a51-3a3f1d3c0a01
942c3f30-6333-4f7a-9a02-940410470571,e8656f06-324f-4928-a920-246e6a2c8a90,ec1b8ca1-f91e-4d4c-9ff4-9b7889463e85,3b0b0e6c-5a36-4b8e-8c1e-0d7c5e2f9a11,170.5,426600000.0,72735300000.0,2666364000.0,70068936000.0,374036000.0,2,7f5b6f7e-1c2d-4a4e-9a51-3a3f1d3c0a01
bc8e1666-03c5-4a3f-ba82-93e875998090,e34b2dab-5590-4abf-92ab-7f212cdf8f26,6c307511-b2b9-437a-a8df-6ec4ce4a2bbd,3b0b0e6c-5a36-4b8e-8c1e-0d7c5e2f9a11,60.5,332000000.0,20086000000.0,794982000.0,19291018000.0,303322000.0,1,7f5b6f7e-1c2d-4a4e-9a51-3a3f1d3c0a01
bf3465b4-810c-4859-bdec-85f81a3bf7fd,e34b2dab-5590-4abf-92ab-7f212cdf8f26,b74d0fb1-32e7-4629-8fad-c1a606cb0fb3,3b0b0e6c-5a36-4b8e-8c1e-0d7c5e2f9a11,49.5,351600000.0,17404200000.0,688839000.0,16715361000.0,318328000.0,2,7f5b6f7e-1c2d-4a4e-9a51-3a3f1d3c0a01
21c11202-706d-487c-952e-2771cb6c81b6,5d8a61fa-c1d0-45d4-b06a-9b4576467626,371ecd7b-27cd-4130-8722-9389571aa876,3b0b0e6c-5a36-4b8e-8c1e-0d7c5e2f9a11,35.0,340200000.0,11907000000.0,433794000.0,11473206000.0,303506000.0,1,7f5b6f7e-1c2d-4a4e-9a51-3a3f1d3c0a01
668a73e8-fa24-4128-81b3-227e4a505020,b1edd3e6-6d56-44ab-9806-79127d5fc92a,43b7a3a6-9a8d-4a03-980d-7b71d8f56413,3b0b0e6c-5a36-4b8e-8c1e-0d7c5e2f9a11,39.5,379200000.0,14978400000.0,466214000.0,14512186000.0,340770000.0,1,7f5b6f7e-1c2d-4a4e-9a51-3a3f1d3c0a01
20363767-9d3f-4257-a885-8b9cc9e40ef4,b1edd3e6-6d56-44ab-9806-79127d5fc92a,5be6128e-18c2-4797-a142-ea7d17be3111,3b0b0e6c-5a36-4b8e-8c1e-0d7c5e2f9a11,45.5,360500000.0,16402750000.0,510548000.0,15892202000.0,327080000.0,2,7f5b6f7e-1c2d-4a4e-9a51-3a3f1d3c0a01
2909a964-f27b-48ee-bb72-5c70e984c77f,487fa3e2-c4cb-45b3-8899-8ac2f7d4510b,371ecd7b-27cd-4130-8722-9389571aa876,3b0b0e6c-5a36-4b8e-8c1e-0d7c5e2f9a11,45.0,401200000.0,18054000000.0,1031013000.0,17022987000.0,311283000.0,1,7f5b6f7e-1c2d-4a4e-9a51-3a3f1d3c0a01
8b6b4098-079b-46e3-a977-2cde344d4e07,f3bbd68b-d6f2-4e3c-a5d3-1f40db56a0f7,6b65a6a4-8b81-48f6-b38a-088ca65ed389,3b0b0e6c-5a36-4b8e-8c1e-0d7c5e2f9a11,159.5,342100000.0,54564950000.0,1867484000.0,52697466000.0,308904000.0,1,7f5b6f7e-1c2d-4a4e-9a51-3a3f1d3c0a01
c57cea70-dc0b-4d0a-848d-df0f7e0a0d48,f3bbd68b-d6f2-4e3c-a5d3-1f40db56a0f7,6c307511-b2b9-437a-a8df-6ec4ce4a2bbd,3b0b0e6c-5a36-4b8e-8c1e-0d7c5e2f9a11,130.5,332000000.0,43326000000.0,1482831000.0,41843169000.0,303322000.0,2,7f5b6f7e-1c2d-4a4e-9a51-3a3f1d3c0a01
e9ae8b90-e223-4e52-af00-3de48a863662,cc2be061-2eeb-4167-ac25-9b7f7cbe134d,ddd1dfb2-3b98-4ef8-9af6-1a26146d3f31,3b0b0e6c-5a36-4b8e-8c1e-0d7c5e2f9a11,55.0,271200000.0,14916000000.0,292855000.0,14623145000.0,247502000.0,1,7f5b6f7e-1c2d-4a4e-9a51-3a3f1d3c0a01
44e24fa0-5f71-4b13-ab32-ae3b79938df7,f571f2d3-2f45-4a76-83ea-0a5ee2d9fa59,47378190-96da-4dac-b2ff-5d2a386ecbe0,3b0b0e6c-5a36-4b8e-8c1e-0d7c5e2f9a11,90.0,405800000.0,36522000000.0,1336130000.0,35185870000.0,316590000.0,1,7f5b6f7e-1c2d-4a4e-9a51-3a3f1d3c0a01
463371f5-63e2-47d4-bfe1-6def1c824f27,b9576096-f67d-496d-9e05-cfc62b79da36,17fc695a-07a0-4a6e-8822-e8f36c031199,3b0b0e6c-5a36-4b8e-8c1e-0d7c5e2f9a11,70.0,330600000.0,23142000000.0,443159000.0,22698841000.0,261332000.0,1,7f5b6f7e-1c2d-4a4e-9a51-3a3f1d3c0a01
d660363d-2284-4d54-a23e-74bfb5862dd8,08b0a7dd-66cb-46bd-b68f-180a53f8f29c,c241330b-01a9-471f-9e8a-774bcf36d58b,3b0b0e6c-5a36-4b8e-8c1e-0d7c5e2f9a11,35.0,371000000.0,12985000000.0,661482000.0,12323518000.0,333884000.0,1,7f5b6f7e-1c2d-4a4e-9a51-3a3f1d3c0a01
c1687428-138f-4b44-a51f-5f81ec9e0dae,33738b87-65a4-4813-939c-457043444bee,1a2a73ed-562b-4f79-8374-59eef50bea63,3b0b0e6c-5a36-4b8e-8c1e-0d7c5e2f9a11,110.0,424200000.0,46662000000.0,1224691000.0,45437309000.0,340678000.0,1,7f5b6f7e-1c2d-4a4e-9a51-3a3f1d3c0a01
0571f362-9140-493b-88f3-71a2167155fb,c4d4c863-b2a6-40a8-aa86-86b972ce353e,6c307511-b2b9-437a-a8df-6ec4ce4a2bbd,3b0b0e6c-5a36-4b8e-8c1e-0d7c5e2f9a11,100.0,394800000.0,39480000000.0,2063407000.0,37416593000.0,303780000.0,1,7f5b6f7e-1c2d-4a4e-9a51-3a3f1d3c0a01
9be1c567-bb77-4de6-9d15-582c25d0dc76,00e68083-587e-44be-a9fb-1ff4c7356ba3,1a2a73ed-562b-4f79-8374-59eef50bea63,3b0b0e6c-5a36-4b8e-8c1e-0d7c5e2f9a11,130.0,424200000.0,55146000000.0,1096525000.0,54049475000.0,340678000.0,1,7f5b6f7e-1c2d-4a4e-9a51-3a3f1d3c0a01
c0f4ad63-d6f6-4f78-87a2-50a4a36fcc7e,124e508d-4966-4fc4-bd72-3799d6474f5c,6c307511-b2b9-437a-a8df-6ec4ce4a2bbd,3b0b0e6c-5a36-4b8e-8c1e-0d7c5e2f9a11,47.0,332000000.0,15604000000.0,846302000.0,14757698000.0,303322000.0,1,7f5b6f7e-1c2d-4a4e-9a51-3a3f1d3c0a01
73d92721-38a5-4c95-a327-ecedf779ff42,124e508d-4966-4fc4-bd72-3799d6474f5c,6b65a6a4-8b81-48f6-b38a-088ca65ed389,3b0b0e6c-5a36-4b8e-8c1e-0d7c5e2f9a11,243.0,342100000.0,83130300000.0,4508676000.0,78621624000.0,308904000.0,2,7f5b6f7e-1c2d-4a4e-9a51-3a3f1d3c0a01
cf1b57b7-9115-4679-8d76-6087abb91dce,99a8e218-a85f-4b39-90fe-889224236328,e2acf72f-9e57-4f7a-a0ee-89aed453dd32,3b0b0e6c-5a36-4b8e-8c1e-0d7c5e2f9a11,160.0,573500000.0,91760000000.0,2387060000.0,89372940000.0,440642000.0,1,7f5b6f7e-1c2d-4a4e-9a51-3a3f1d3c0a01
78b60776-9bd7-450c-bc31-e9318a94c305,68417a4e-494b-4981-88ad-140801936d10,5be6128e-18c2-4797-a142-ea7d17be3111,3b0b0e6c-5a36-4b8e-8c1e-0d7c5e2f9a11,15.0,360500000.0,5407500000.0,131928000.0,5275572000.0,327080000.0,1,7f5b6f7e-1c2d-4a4e-9a51-3a3f1d3c0a01
0a5a6b1a-14b3-4d37-a4ee-cfeb5a8a41ce,68417a4e-494b-4981-88ad-140801936d10,43b7a3a6-9a8d-4a03-980d-7b71d8f56413,3b0b0e6c-5a36-4b8e-8c1e-0d7c5e2f9a11,25.0,379200000.0,9480000000.0,231285000.0,9248715000.0,340770000.0,2,7f5b6f7e-1c2d-4a4e-9a51-3a3f1d3c0a01
764d62ee-1526-4dbe-9572-d063e2a6a74e,a8e372d6-e2e7-4aa3-aabb-0de993666707,43b7a3a6-9a8d-4a03-980d-7b71d8f56413,3b0b0e6c-5a36-4b8e-8c1e-0d7c5e2f9a11,285.0,431300000.0,122920500000.0,5405341000.0,117515159000.0,350760000.0,1,7f5b6f7e-1c2d-4a4e-9a51-3a3f1d3c0a01
124154bb-00ba-4012-9b59-e03d3b5d0022,f366bc5e-e537-4fd0-a30f-7d44bd78da81,ec1b8ca1-f91e-4d4c-9ff4-9b7889463e85,3b0b0e6c-5a36-4b8e-8c1e-0d7c5e2f9a11,118.5,494200000.0,58562700000.0,1378987000.0,57183713000.0,386073000.0,1,7f5b6f7e-1c2d-4a4e-9a51-3a3f1d3c0a01
692ce817-f2ea-446f-a551-bf524293eca2,f366bc5e-e537-4fd0-a30f-7d44bd78da81,759cde66-bacf-43d0-8b1f-9163ce9ff57f,3b0b0e6c-5a36-4b8e-8c1e-0d7c5e2f9a11,96.5,507100000.0,48935150000.0,1152285000.0,47782865000.0,391232000.0,2,7f5b6f7e-1c2d-4a4e-9a51-3a3f1d3c0a01
8a1659e5-957b-4d06-8b10-f84ac374fde6,5d12ca2f-092d-4d23-b7c2-be053764a51b,fc377a4c-4a15-444d-85e7-ce8a3a578a8e,3b0b0e6c-5a36-4b8e-8c1e-0d7c5e2f9a11,445.0,463900000.0,206435500000.0,3457300000.0,202978200000.0,357463000.0,1,7f5b6f7e-1c2d-4a4e-9a51-3a3f1d3c0a01
fdc41060-6e5c-47cd-8dc9-a597e1ea3443,743be35f-2492-422f-8260-1b455b254ba7,bd9c66b3-ad3c-4d6d-9a3d-1fa7bc8960a9,3b0b0e6c-5a36-4b8e-8c1e-0d7c5e2f9a11,14.0,336400000.0,4709600000.0,168486000.0,4541114000.0,309111000.0,1,7f5b6f7e-1c2d-4a4e-9a51-3a3f1d3c0a01
cf8513c7-ec7d-49b1-8cce-56455b2f4f5d,743be35f-2492-422f-8260-1b455b254ba7,23b8c1e9-3924-46de-beb1-3b9046685257,3b0b0e6c-5a36-4b8e-8c1e-0d7c5e2f9a11,11.0,340300000.0,3743300000.0,133917000.0,3609383000.0,318554000.0,2,7f5b6f7e-1c2d-4a4e-9a51-3a3f1d3c0a01
daaecc18-8625-4b26-9113-a3b4f1c5c347,207b7acf-dd39-4b8d-a336-54254fdcdd46,43b7a3a6-9a8d-4a03-980d-7b71d8f56413,3b0b0e6c-5a36-4b8e-8c1e-0d7c5e2f9a11,8.0,431300000.0,3450400000.0,88444000.0,3361956000.0,350760000.0,1,7f5b6f7e-1c2d-4a4e-9a51-3a3f1d3c0a01
8839bed6-6882-4e34-b30d-27eeb5f3fd95,207b7acf-dd39-4b8d-a336-54254fdcdd46,5be6128e-18c2-4797-a142-ea7d17be3111,3b0b0e6c-5a36-4b8e-8c1e-0d7c5e2f9a11,47.0,419800000.0,19730600000.0,505754000.0,19224846000.0,333462000.0,2,7f5b6f7e-1c2d-4a4e-9a51-3a3f1d3c0a01
44028558-57e2-4aab-82b0-61129c2fb39c,6adebef5-7b40-4189-bc27-f285c4abff60,9a1de644-815e-46d1-bb8f-aa1837f8a88b,3b0b0e6c-5a36-4b8e-8c1e-0d7c5e2f9a11,18.5,323800000.0,5990300000.0,262818000.0,5727482000.0,258247000.0,1,7f5b6f7e-1c2d-4a4e-9a51-3a3f1d3c0a01
26f4c8ac-c38a-4adf-956d-49063f2c5757,6adebef5-7b40-4189-bc27-f285c4abff60,bd9c66b3-ad3c-4d6d-9a3d-1fa7bc8960a9,3b0b0e6c-5a36-4b8e-8c1e-0d7c5e2f9a11,21.5,330600000.0,7107900000.0,311851000.0,6796049000.0,264886000.0,2,7f5b6f7e-1c2d-4a4e-9a51-3a3f1d3c0a01
aebd86eb-051e-4870-998d-42b23590a0e0,d9d319a1-f088-4723-88d7-78027eb410ff,b74d0fb1-32e7-4629-8fad-c1a606cb0fb3,3b0b0e6c-5a36-4b8e-8c1e-0d7c5e2f9a11,4.5,419600000.0,1888200000.0,59095000.0,1829105000.0,372680000.0,1,7f5b6f7e-1c2d-4a4e-9a51-3a3f1d3c0a01
4b90ba28-ec0c-41f9-8d08-6f3851c837b5,d9d319a1-f088-4723-88d7-78027eb410ff,371ecd7b-27cd-4130-8722-9389571aa876,3b0b0e6c-5a36-4b8e-8c1e-0d7c5e2f9a11,15.5,406000000.0,6293000000.0,196953000.0,6096047000.0,367098000.0,2,7f5b6f7e-1c2d-4a4e-9a51-3a3f1d3c0a01
1bf7af1b-3086-4a01-9e90-e8105c936fad,d9d319a1-f088-4723-88d7-78027eb410ff,6b65a6a4-8b81-48f6-b38a-088ca65ed389,3b0b0e6c-5a36-4b8e-8c1e-0d7c5e2f9a11,5.0,405200000.0,2026000000.0,63408000.0,1962592000.0,363255000.0,3,7f5b6f7e-1c2d-4a4e-9a51-3a3f1d3c0a01
09ca05fe-96b8-4965-8df4-f4c5b65043b0,1f77e93a-f059-4038-a38a-bca559d33f50,4b0dbb41-8d52-48f1-942c-3fe860e7a113,3b0b0e6c-5a36-4b8e-8c1e-0d7c5e2f9a11,15.0,580700000.0,8710500000.0,246954000.0,8463546000.0,448252000.0,1,7f5b6f7e-1c2d-4a4e-9a51-3a3f1d3c0a01
75cf8665-3aa4-4a18-8fae-89a22f6fb81a,4502cff1-ff5e-43e5-988a-7be0ff4fef13,759cde66-bacf-43d0-8b1f-9163ce9ff57f,3b0b0e6c-5a36-4b8e-8c1e-0d7c5e2f9a11,40.0,507100000.0,20284000000.0,605988000.0,19678012000.0,391232000.0,1,7f5b6f7e-1c2d-4a4e-9a51-3a3f1d3c0a01
b19b79ac-da1d-4afe-9232-d8b8e0056459,b1d9deb7-8ac0-4308-bac9-222493b66c15,23b8c1e9-3924-46de-beb1-3b9046685257,3b0b0e6c-5a36-4b8e-8c1e-0d7c5e2f9a11,65.5,340300000.0,22289650000.0,1587280000.0,20702370000.0,318554000.0,1,7f5b6f7e-1c2d-4a4e-9a51-3a3f1d3c0a01
b5b18f50-3848-4eb2-96f1-5e371d3d0e2b,b1d9deb7-8ac0-4308-bac9-222493b66c15,17fc695a-07a0-4a6e-8822-e8f36c031199,3b0b0e6c-5a36-4b8e-8c1e-0d7c5e2f9a11,84.5,334200000.0,28239900000.0,2011007000.0,26228893000.0,309111000.0,2,7f5b6f7e-1c2d-4a4e-9a51-3a3f1d3c0a01
274d8fd1-882a-4b7b-b140-055755ac002a,1bccd5ec-54a9-4836-9886-bcc46c056af8,c241330b-01a9-471f-9e8a-774bcf36d58b,3b0b0e6c-5a36-4b8e-8c1e-0d7c5e2f9a11,40.0,429200000.0,17168000000.0,1191099000.0,15976901000.0,339465000.0,1,7f5b6f7e-1c2d-4a4e-9a51-3a3f1d3c0a01
b03b1bb7-640a-4390-b3a8-df5e148c5b22,bbc9ed6f-c2b3-491c-9583-fab339855011,bdd640fb-0667-4ad1-9c80-317fa3b1799d,3b0b0e6c-5a36-4b8e-8c1e-0d7c5e2f9a11,180.0,343000000.0,61740000000.0,1615320000.0,60124680000.0,275638000.0,1,7f5b6f7e-1c2d-4a4e-9a51-3a3f1d3c0a01
19a7c4b1-3a5c-432e-9f34-3a20c650a8d4,667d3564-2dbe-4949-a6ae-221675233adb,bd9c66b3-ad3c-4d6d-9a3d-1fa7bc8960a9,3b0b0e6c-5a36-4b8e-8c1e-0d7c5e2f9a11,370.0,336800000.0,124616000000.0,4960743000.0,119655257000.0,314534000.0,1,7f5b6f7e-1c2d-4a4e-9a51-3a3f1d3c0a01
b4bfd751-0ad7-4fea-bfef-f809c1d82810,344927b3-a4a7-4bd2-a51e-32b29a2d7598,6b65a6a4-8b81-48f6-b38a-088ca65ed389,3b0b0e6c-5a36-4b8e-8c1e-0d7c5e2f9a11,80.0,397000000.0,31760000000.0,2731360000.0,29028640000.0,313022000.0,1,7f5b6f7e-1c2d-4a4e-9a51-3a3f1d3c0a01
b8f3108b-67a9-4d9b-9a3b-081da1501014,e477d800-dec4-4536-8335-64a9caa8c484,6b65a6a4-8b81-48f6-b38a-088ca65ed389,3b0b0e6c-5a36-4b8e-8c1e-0d7c5e2f9a11,35.5,397000000.0,14093500000.0,353929000.0,13739571000.0,313022000.0,1,7f5b6f7e-1c2d-4a4e-9a51-3a3f1d3c0a01
ce5e9e60-6f43-4d77-9f54-6fb00b4cfbb4,e477d800-dec4-4536-8335-64a9caa8c484,47378190-96da-4dac-b2ff-5d2a386ecbe0,3b0b0e6c-5a36-4b8e-8c1e-0d7c5e2f9a11,16.5,405800000.0,6695700000.0,168148000.0,6527552000.0,316590000.0,2,7f5b6f7e-1c2d-4a4e-9a51-3a3f1d3c0a01
8dcc570a-56ac-4833-80c8-b1786c3724ee,e477d800-dec4-4536-8335-64a9caa8c484,6c307511-b2b9-437a-a8df-6ec4ce4a2bbd,3b0b0e6c-5a36-4b8e-8c1e-0d7c5e2f9a11,8.0,394800000.0,3158400000.0,79317000.0,3079083000.0,303780000.0,3,7f5b6f7e-1c2d-4a4e-9a51-3a3f1d3c0a01
f8bf7eb0-de0f-4854-a1e9-93d1fbf8ebdc,490f937a-fe99-4bb5-8b37-83bda4607a75,bdd640fb-0667-4ad1-9c80-317fa3b1799d,3b0b0e6c-5a36-4b8e-8c1e-0d7c5e2f9a11,380.0,343000000.0,130340000000.0,3940913000.0,126399087000.0,275638000.0,1,7f5b6f7e-1c2d-4a4e-9a51-3a3f1d3c0a01
bfe2e249-6f07-41c4-aaf6-d28e3c343057,d4a1f06a-329c-4cec-8fe4-a9923fef21c2,972a8469-1641-4f82-8b9d-2434e465e150,3b0b0e6c-5a36-4b8e-8c1e-0d7c5e2f9a11,545.0,331500000.0,180667500000.0,8414983000.0,172252517000.0,313973000.0,1,7f5b6f7e-1c2d-4a4e-9a51-3a3f1d3c0a01
4aa5cdd3-7c5a-45dd-bf87-03c556dbb0b1,26c6c6ff-4018-4c59-84f8-8f98f0b5330c,ec1b8ca1-f91e-4d4c-9ff4-9b7889463e85,3b0b0e6c-5a36-4b8e-8c1e-0d7c5e2f9a11,90.0,494200000.0,44478000000.0,1869486000.0,42608514000.0,386073000.0,1,7f5b6f7e-1c2d-4a4e-9a51-3a3f1d3c0a01
5f96a379-0628-483b-905c-0d246b3dae08,4638a157-5d5c-420e-92ff-259b064df700,759cde66-bacf-43d0-8b1f-9163ce9ff57f,3b0b0e6c-5a36-4b8e-8c1e-0d7c5e2f9a11,20.0,504500000.0,10090000000.0,426301000.0,9663699000.0,458926000.0,1,7f5b6f7e-1c2d-4a4e-9a51-3a3f1d3c0a01
c8b0abb5-d51d-44b1-8fb5-3bb7bddb927a,152a8638-ab52-400f-8f69-da5b77ec26b2,23b8c1e9-3924-46de-beb1-3b9046685257,3b0b0e6c-5a36-4b8e-8c1e-0d7c5e2f9a11,85.0,340300000.0,28925500000.0,1280955000.0,27644545000.0,318554000.0,1,7f5b6f7e-1c2d-4a4e-9a51-3a3f1d3c0a01
57f9f551-3a5c-46c1-8875-6eca1568e054,8a2a9c24-db48-4ee2-9588-9b91b5704770,17fc695a-07a0-4a6e-8822-e8f36c031199,3b0b0e6c-5a36-4b8e-8c1e-0d7c5e2f9a11,25.0,334200000.0,8355000000.0,275068000.0,8079932000.0,309111000.0,1,7f5b6f7e-1c2d-4a4e-9a51-3a3f1d3c0a01
2f5ee4ff-0b8c-4219-a398-4e9f09ce3f58,8a2a9c24-db48-4ee2-9588-9b91b5704770,bd9c66b3-ad3c-4d6d-9a3d-1fa7bc8960a9,3b0b0e6c-5a36-4b8e-8c1e-0d7c5e2f9a11,55.0,336400000.0,18502000000.0,609133000.0,17892867000.0,309111000.0,2,7f5b6f7e-1c2d-4a4e-9a51-3a3f1d3c0a01
82b22a15-b587-42a6-8850-a042df2457a8,23b55749-95dd-4c7d-8d34-28e7a2ce9d90,ec1b8ca1-f91e-4d4c-9ff4-9b7889463e85,3b0b0e6c-5a36-4b8e-8c1e-0d7c5e2f9a11,40.0,494200000.0,19768000000.0,857778000.0,18910222000.0,386073000.0,1,7f5b6f7e-1c2d-4a4e-9a51-3a3f1d3c0a01
cbdd659c-306b-4cf4-b015-fda842b8da80,59e17c9f-3773-4211-bb7c-1723184dab14,fc377a4c-4a15-444d-85e7-ce8a3a578a8e,3b0b0e6c-5a36-4b8e-8c1e-0d7c5e2f9a11,80.0,463900000.0,37112000000.0,1634631000.0,35477369000.0,357463000.0,1,7f5b6f7e-1c2d-4a4e-9a51-3a3f1d3c0a01
b08b5c22-d4ea-4d19-b99c-f2483a175c81,fbadf5bb-30b8-4777-9ee4-ce9f6def1ab0,3139d32c-93cd-49bf-9c94-1cf0dc98d2c1,3b0b0e6c-5a36-4b8e-8c1e-0d7c5e2f9a11,3.0,463500000.0,1390500000.0,71938000.0,1318562000.0,410894000.0,1,7f5b6f7e-1c2d-4a4e-9a51-3a3f1d3c0a01
49d944d9-6a5c-4432-bb05-987acc47db80,fbadf5bb-30b8-4777-9ee4-ce9f6def1ab0,fc377a4c-4a15-444d-85e7-ce8a3a578a8e,3b0b0e6c-5a36-4b8e-8c1e-0d7c5e2f9a11,27.0,471300000.0,12725100000.0,658336000.0,12066764000.0,415190000.0,2,7f5b6f7e-1c2d-4a4e-9a51-3a3f1d3c0a01
3a544ed0-7d91-47d2-a4b9-e4126553c2b8,3338ec24-9a6a-46a0-8a8f-fd65aed80127,e2acf72f-9e57-4f7a-a0ee-89aed453dd32,3b0b0e6c-5a36-4b8e-8c1e-0d7c5e2f9a11,55.0,586000000.0,32230000000.0,627357000.0,31602643000.0,507548000.0,1,7f5b6f7e-1c2d-4a4e-9a51-3a3f1d3c0a01
4200d170-5c6d-4c7b-ab5a-d51f05efa8b1,e4f05cef-e1e4-4f15-bda5-a12d25dac12f,3139d32c-93cd-49bf-9c94-1cf0dc98d2c1,3b0b0e6c-5a36-4b8e-8c1e-0d7c5e2f9a11,80.0,463500000.0,37080000000.0,1175864000.0,35904136000.0,410894000.0,1,7f5b6f7e-1c2d-4a4e-9a51-3a3f1d3c0a01
0f33e69a-2711-4ca0-bdb5-1329f90510ac,ad2a583e-5ee8-4605-bb69-303acf1533af,bdd640fb-0667-4ad1-9c80-317fa3b1799d,3b0b0e6c-5a36-4b8e-8c1e-0d7c5e2f9a11,45.0,348200000.0,15669000000.0,496770000.0,15172230000.0,320705000.0,1,7f5b6f7e-1c2d-4a4e-9a51-3a3f1d3c0a01
871ff1c9-e63e-4568-8853-b66ab5d0ec45,628f0288-f5d0-4058-a068-1b8d0dd0a151,ddd1dfb2-3b98-4ef8-9af6-1a26146d3f31,3b0b0e6c-5a36-4b8e-8c1e-0d7c5e2f9a11,170.0,328700000.0,55879000000.0,1751915000.0,54127085000.0,302304000.0,1,7f5b6f7e-1c2d-4a4e-9a51-3a3f1d3c0a01
4d014aad-a2bb-455b-8ffa-c6a9e306a0b1,9c4531e1-f0be-4cc8-a520-a499af90ad17,bd9c66b3-ad3c-4d6d-9a3d-1fa7bc8960a9,3b0b0e6c-5a36-4b8e-8c1e-0d7c5e2f9a11,115.5,336800000.0,38900400000.0,822524000.0,38077876000.0,314534000.0,1,7f5b6f7e-1c2d-4a4e-9a51-3a3f1d3c0a01
d28bf973-0209-407f-88ff-0a1b1f8808ed,9c4531e1-f0be-4cc8-a520-a499af90ad17,972a8469-1641-4f82-8b9d-2434e465e150,3b0b0e6c-5a36-4b8e-8c1e-0d7c5e2f9a11,74.5,331500000.0,24696750000.0,522197000.0,24174553000.0,313973000.0,2,7f5b6f7e-1c2d-4a4e-9a51-3a3f1d3c0a01
f49bf8fc-928a-4be8-b54b-a51094c9495c,bab29c3a-1da5-4449-a64e-861739e3966c,ddd1dfb2-3b98-4ef8-9af6-1a26146d3f31,3b0b0e6c-5a36-4b8e-8c1e-0d7c5e2f9a11,245.0,328700000.0,80531500000.0,2894483000.0,77637017000.0,302304000.0,1,7f5b6f7e-1c2d-4a4e-9a51-3a3f1d3c0a01
ed247a28-88e8-4ee3-8bc2-41c0b780e78c,bad4af4d-f837-471d-b23a-b6346cd63361,17fc695a-07a0-4a6e-8822-e8f36c031199,3b0b0e6c-5a36-4b8e-8c1e-0d7c5e2f9a11,85.0,344200000.0,29257000000.0,1132632000.0,28124368000.0,311729000.0,1,7f5b6f7e-1c2d-4a4e-9a51-3a3f1d3c0a01
112ddf3d-8508-4718-9789-ff74af469d86,89516fc6-a1c3-4d95-a5bc-77259b8a512d,759cde66-bacf-43d0-8b1f-9163ce9ff57f,3b0b0e6c-5a36-4b8e-8c1e-0d7c5e2f9a11,13.0,511300000.0,6646900000.0,133230000.0,6513670000.0,456572000.0,1,7f5b6f7e-1c2d-4a4e-9a51-3a3f1d3c0a01
d9e315e3-2b26-4d41-8520-7ca6023278f6,89516fc6-a1c3-4d95-a5bc-77259b8a512d,ec1b8ca1-f91e-4d4c-9ff4-9b7889463e85,3b0b0e6c-5a36-4b8e-8c1e-0d7c5e2f9a11,12.0,511200000.0,6134400000.0,122958000.0,6011442000.0,449061000.0,2,7f5b6f7e-1c2d-4a4e-9a51-3a3f1d3c0a01
8c74ac32-c8c4-421c-945b-ba9d3d84d059,4e512a7d-0ce0-46f8-92e0-52156311a742,972a8469-1641-4f82-8b9d-2434e465e150,3b0b0e6c-5a36-4b8e-8c1e-0d7c5e2f9a11,5.5,331500000.0,1823250000.0,91672000.0,1731578000.0,313973000.0,1,7f5b6f7e-1c2d-4a4e-9a51-3a3f1d3c0a01
8a359d30-8731-4e2e-83d9-d707799d3357,4e512a7d-0ce0-46f8-92e0-52156311a742,bd9c66b3-ad3c-4d6d-9a3d-1fa7bc8960a9,3b0b0e6c-5a36-4b8e-8c1e-0d7c5e2f9a11,6.5,336800000.0,2189200000.0,110072000.0,2079128000.0,314534000.0,2,7f5b6f7e-1c2d-4a4e-9a51-3a3f1d3c0a01
93f76127-9419-4183-9b27-3fcef5c9191c,4e512a7d-0ce0-46f8-92e0-52156311a742,23b8c1e9-3924-46de-beb1-3b9046685257,3b0b0e6c-5a36-4b8e-8c1e-0d7c5e2f9a11,8.0,348000000.0,2784000000.0,139979000.0,2644021000.0,318180000.0,3,7f5b6f7e-1c2d-4a4e-9a51-3a3f1d3c0a01
f416e626-33ed-4fa6-b4ef-ccfb386ccabf,9474e768-f83f-481b-a9ac-d633051e04ee,371ecd7b-27cd-4130-8722-9389571aa876,3b0b0e6c-5a36-4b8e-8c1e-0d7c5e2f9a11,110.0,412900000.0,45419000000.0,1513024000.0,43905976000.0,371490000.0,1,7f5b6f7e-1c2d-4a4e-9a51-3a3f1d3c0a01
169ba207-1cb1-4367-93a9-972fabf68871,20f1bdcc-18e1-4cbf-a31b-22372d6584ec,6b65a6a4-8b81-48f6-b38a-088ca65ed389,3b0b0e6c-5a36-4b8e-8c1e-0d7c5e2f9a11,7.0,410100000.0,2870700000.0,146612000.0,2724088000.0,370758000.0,1,7f5b6f7e-1c2d-4a4e-9a51-3a3f1d3c0a01
d5d9e0ca-c348-4936-9713-88fbbe91ed4e,20f1bdcc-18e1-4cbf-a31b-22372d6584ec,47378190-96da-4dac-b2ff-5d2a386ecbe0,3b0b0e6c-5a36-4b8e-8c1e-0d7c5e2f9a11,28.0,412800000.0,11558400000.0,590310000.0,10968090000.0,380640000.0,2,7f5b6f7e-1c2d-4a4e-9a51-3a3f1d3c0a01
02506469-4c61-4136-89e6-6d52accb60ff,f0d68a97-2d92-4a3f-a283-d3233e4afb4e,bd9c66b3-ad3c-4d6d-9a3d-1fa7bc8960a9,3b0b0e6c-5a36-4b8e-8c1e-0d7c5e2f9a11,23.5,336800000.0,7914800000.0,231301000.0,7683499000.0,314534000.0,1,7f5b6f7e-1c2d-4a4e-9a51-3a3f1d3c0a01
053f85fa-eca1-4851-8dab-600348a5f20f,f0d68a97-2d92-4a3f-a283-d3233e4afb4e,972a8469-1641-4f82-8b9d-2434e465e150,3b0b0e6c-5a36-4b8e-8c1e-0d7c5e2f9a11,15.0,331500000.0,4972500000.0,145316000.0,4827184000.0,313973000.0,2,7f5b6f7e-1c2d-4a4e-9a51-3a3f1d3c0a01
71e8fb75-1348-4d8e-a880-13b91a438be8,f0d68a97-2d92-4a3f-a283-d3233e4afb4e,bdd640fb-0667-4ad1-9c80-317fa3b1799d,3b0b0e6c-5a36-4b8e-8c1e-0d7c5e2f9a11,61.0,355000000.0,21655000000.0,632843000.0,21022157000.0,325567000.0,3,7f5b6f7e-1c2d-4a4e-9a51-3a3f1d3c0a01
16d2bd10-3b30-44c9-87c9-d16789c5040f,7628c6a1-63d2-4740-8c98-6245443bca8f,ddd1dfb2-3b98-4ef8-9af6-1a26146d3f31,3b0b0e6c-5a36-4b8e-8c1e-0d7c5e2f9a11,225.0,341600000.0,76860000000.0,2833249000.0,74026751000.0,308978000.0,1,7f5b6f7e-1c2d-4a4e-9a51-3a3f1d3c0a01
845b53db-1269-43e8-a4b7-c43ced32e6ce,015c6370-f2bb-4eeb-8e47-46cd236393d3,ec1b8ca1-f91e-4d4c-9ff4-9b7889463e85,3b0b0e6c-5a36-4b8e-8c1e-0d7c5e2f9a11,49.5,511200000.0,25304400000.0,932038000.0,24372362000.0,449061000.0,1,7f5b6f7e-1c2d-4a4e-9a51-3a3f1d3c0a01
a54b820d-9d45-4072-af68-6b0f67247b00,015c6370-f2bb-4eeb-8e47-46cd236393d3,759cde66-bacf-43d0-8b1f-9163ce9ff57f,3b0b0e6c-5a36-4b8e-8c1e-0d7c5e2f9a11,15.5,511300000.0,7925150000.0,291907000.0,7633243000.0,456572000.0,2,7f5b6f7e-1c2d-4a4e-9a51-3a3f1d3c0a01
a8a1f9cc-495c-448f-9806-d32899adabdb,9136ab79-9bf8-459a-b2c3-6a7e76294ff8,b74d0fb1-32e7-4629-8fad-c1a606cb0fb3,3b0b0e6c-5a36-4b8e-8c1e-0d7c5e2f9a11,11.0,420600000.0,4626600000.0,202023000.0,4424577000.0,383934000.0,1,7f5b6f7e-1c2d-4a4e-9a51-3a3f1d3c0a01
8148605d-d75c-4c2d-94c4-a4abfd99ddd8,9136ab79-9bf8-459a-b2c3-6a7e76294ff8,6b65a6a4-8b81-48f6-b38a-088ca65ed389,3b0b0e6c-5a36-4b8e-8c1e-0d7c5e2f9a11,9.0,410100000.0,3690900000.0,161165000.0,3529735000.0,370758000.0,2,7f5b6f7e-1c2d-4a4e-9a51-3a3f1d3c0a01
2856fd1d-8b7d-4044-aebe-fbe17893fed9,137de048-f8ce-4a46-bb67-3f53c5e2e469,9a1de644-815e-46d1-bb8f-aa1837f8a88b,3b0b0e6c-5a36-4b8e-8c1e-0d7c5e2f9a11,31.5,336300000.0,10593450000.0,438293000.0,10155157000.0,305184000.0,1,7f5b6f7e-1c2d-4a4e-9a51-3a3f1d3c0a01
618017cd-9f6c-4433-b33e-fe2dad121c67,137de048-f8ce-4a46-bb67-3f53c5e2e469,23b8c1e9-3924-46de-beb1-3b9046685257,3b0b0e6c-5a36-4b8e-8c1e-0d7c5e2f9a11,8.5,350400000.0,2978400000.0,123228000.0,2855172000.0,325380000.0,2,7f5b6f7e-1c2d-4a4e-9a51-3a3f1d3c0a01
c9c4fd1d-7476-42a3-8690-55a8c597ed7b,299d73e0-7afc-489f-ac68-6b186b70ec2d,4b0dbb41-8d52-48f1-942c-3fe860e7a113,3b0b0e6c-5a36-4b8e-8c1e-0d7c5e2f9a11,45.0,618400000.0,27828000000.0,670154000.0,27157846000.0,530646000.0,1,7f5b6f7e-1c2d-4a4e-9a51-3a3f1d3c0a01
161683aa-95ba-4f95-ac07-aedaf70f47b3,5ed69b88-fdbe-4e47-9edf-5358756b17cc,5be6128e-18c2-4797-a142-ea7d17be3111,3b0b0e6c-5a36-4b8e-8c1e-0d7c5e2f9a11,65.0,429200000.0,27898000000.0,513703000.0,27384297000.0,391645000.0,1,7f5b6f7e-1c2d-4a4e-9a51-3a3f1d3c0a01
6807f6fd-1896-43be-b8c6-2324a1d9e80b,aca2317a-be38-4527-bf6c-7208009411a5,e2acf72f-9e57-4f7a-a0ee-89aed453dd32,3b0b0e6c-5a36-4b8e-8c1e-0d7c5e2f9a11,25.0,603800000.0,15095000000.0,361760000.0,14733240000.0,520026000.0,1,7f5b6f7e-1c2d-4a4e-9a51-3a3f1d3c0a01
bd9bdcf0-fdaa-4b35-83f7-ee364d4f20fd,71a4cf22-b23d-4430-8293-eb05253c4262,b74d0fb1-32e7-4629-8fad-c1a606cb0fb3,3b0b0e6c-5a36-4b8e-8c1e-0d7c5e2f9a11,40.0,436400000.0,17456000000.0,625712000.0,16830288000.0,384849000.0,1,7f5b6f7e-1c2d-4a4e-9a51-3a3f1d3c0a01
bc693253-60a0-4cbf-999c-e96b4782a7dc,2ba35440-7b8e-42b7-b556-933d1d4734a1,43b7a3a6-9a8d-4a03-980d-7b71d8f56413,3b0b0e6c-5a36-4b8e-8c1e-0d7c5e2f9a11,23.0,442400000.0,10175200000.0,244019000.0,9931181000.0,407185000.0,1,7f5b6f7e-1c2d-4a4e-9a51-3a3f1d3c0a01
13baf019-5814-4eba-87a7-b1510f847fa7,2ba35440-7b8e-42b7-b556-933d1d4734a1,5be6128e-18c2-4797-a142-ea7d17be3111,3b0b0e6c-5a36-4b8e-8c1e-0d7c5e2f9a11,17.0,429200000.0,7296400000.0,174981000.0,7121419000.0,391645000.0,2,7f5b6f7e-1c2d-4a4e-9a51-3a3f1d3c0a01
7d39f652-6206-46b5-9242-9272b95672e6,6e5e3b8e-b3c9-46e8-ae5a-a2920d1b149c,43b7a3a6-9a8d-4a03-980d-7b71d8f56413,3b0b0e6c-5a36-4b8e-8c1e-0d7c5e2f9a11,214.5,442400000.0,94894800000.0,3418526000.0,91476274000.0,407185000.0,1,7f5b6f7e-1c2d-4a4e-9a51-3a3f1d3c0a01
b0b9a5c4-e947-46f0-a2e0-5cc117a45b83,6e5e3b8e-b3c9-46e8-ae5a-a2920d1b149c,1a2a73ed-562b-4f79-8374-59eef50bea63,3b0b0e6c-5a36-4b8e-8c1e-0d7c5e2f9a11,170.5,437700000.0,74627850000.0,2688421000.0,71939429000.0,398398000.0,2,7f5b6f7e-1c2d-4a4e-9a51-3a3f1d3c0a01
d2715d33-7b54-43c1-8dbf-81bd3ad2fe78,2ae1c693-9816-49dd-8421-a210e1960d8a,5be6128e-18c2-4797-a142-ea7d17be3111,3b0b0e6c-5a36-4b8e-8c1e-0d7c5e2f9a11,63.0,429200000.0,27039600000.0,1345059000.0,25694541000.0,391645000.0,1,7f5b6f7e-1c2d-4a4e-9a51-3a3f1d3c0a01
968f3d16-3af8-4a9d-9465-78c23b30eac9,2ae1c693-9816-49dd-8421-a210e1960d8a,1a2a73ed-562b-4f79-8374-59eef50bea63,3b0b0e6c-5a36-4b8e-8c1e-0d7c5e2f9a11,152.5,437700000.0,66749250000.0,3320378000.0,63428872000.0,398398000.0,2,7f5b6f7e-1c2d-4a4e-9a51-3a3f1d3c0a01
8a7ca0ef-915d-4252-a485-ffcf76707b61,2ae1c693-9816-49dd-8421-a210e1960d8a,43b7a3a6-9a8d-4a03-980d-7b71d8f56413,3b0b0e6c-5a36-4b8e-8c1e-0d7c5e2f9a11,34.5,442400000.0,15262800000.0,759233000.0,14503567000.0,407185000.0,3,7f5b6f7e-1c2d-4a4e-9a51-3a3f1d3c0a01
96442dfd-c4b3-4c8e-b7ba-63e8d7955e3b,3ef0a8b5-5f83-4fe9-a630-a7485e45cac2,b74d0fb1-32e7-4629-8fad-c1a606cb0fb3,3b0b0e6c-5a36-4b8e-8c1e-0d7c5e2f9a11,35.0,420600000.0,14721000000.0,284551000.0,14436449000.0,383934000.0,1,7f5b6f7e-1c2d-4a4e-9a51-3a3f1d3c0a01
72d53cbd-bed6-4553-8f22-1f4b02d87dd1,b2b1fb40-659a-4a40-92ed-817dac99ce81,5be6128e-18c2-4797-a142-ea7d17be3111,3b0b0e6c-5a36-4b8e-8c1e-0d7c5e2f9a11,97.5,441400000.0,43036500000.0,2051058000.0,40985442000.0,397010000.0,1,7f5b6f7e-1c2d-4a4e-9a51-3a3f1d3c0a01
d1e70b16-d30b-42b4-a27d-ae30ae328333,b2b1fb40-659a-4a40-92ed-817dac99ce81,43b7a3a6-9a8d-4a03-980d-7b71d8f56413,3b0b0e6c-5a36-4b8e-8c1e-0d7c5e2f9a11,112.5,458000000.0,51525000000.0,2455608000.0,49069392000.0,409220000.0,2,7f5b6f7e-1c2d-4a4e-9a51-3a3f1d3c0a01
442ef137-f1c1-4c02-b403-6fe4df9b613c,04bc165c-42c5-4ef6-855d-29ed298e5a01,ec1b8ca1-f91e-4d4c-9ff4-9b7889463e85,3b0b0e6c-5a36-4b8e-8c1e-0d7c5e2f9a11,65.0,519400000.0,33761000000.0,893380000.0,32867620000.0,462636000.0,1,7f5b6f7e-1c2d-4a4e-9a51-3a3f1d3c0a01
62aff41d-a4a7-496c-8a85-b6e042d7c266,328ddd5a-4413-4b8c-b9e3-1afc56354a26,972a8469-1641-4f82-8b9d-2434e465e150,3b0b0e6c-5a36-4b8e-8c1e-0d7c5e2f9a11,98.5,346900000.0,34169650000.0,1036827000.0,33132823000.0,309952000.0,1,7f5b6f7e-1c2d-4a4e-9a51-3a3f1d3c0a01
4618b0c5-d417-4125-9c08-d8ddcc744f2e,328ddd5a-4413-4b8c-b9e3-1afc56354a26,9a1de644-815e-46d1-bb8f-aa1837f8a88b,3b0b0e6c-5a36-4b8e-8c1e-0d7c5e2f9a11,36.5,336300000.0,12274950000.0,372465000.0,11902485000.0,305184000.0,2,7f5b6f7e-1c2d-4a4e-9a51-3a3f1d3c0a01
33bb72cd-6d93-4d78-9e30-4e9100417c4d,8bb973d9-8778-490f-8448-6e5ef506bb13,bd9c66b3-ad3c-4d6d-9a3d-1fa7bc8960a9,3b0b0e6c-5a36-4b8e-8c1e-0d7c5e2f9a11,72.0,336800000.0,24249600000.0,666803000.0,23582797000.0,314534000.0,1,7f5b6f7e-1c2d-4a4e-9a51-3a3f1d3c0a01
49cd12fc-8544-4c28-96fa-5b6f92a3ccd2,8bb973d9-8778-490f-8448-6e5ef506bb13,17fc695a-07a0-4a6e-8822-e8f36c031199,3b0b0e6c-5a36-4b8e-8c1e-0d7c5e2f9a11,78.0,333400000.0,26005200000.0,715078000.0,25290122000.0,312477000.0,2,7f5b6f7e-1c2d-4a4e-9a51-3a3f1d3c0a01
0545be30-3684-4352-9461-62dfa27b4e40,4e6e7125-e822-4203-b004-66a15c0756dd,fc377a4c-4a15-444d-85e7-ce8a3a578a8e,3b0b0e6c-5a36-4b8e-8c1e-0d7c5e2f9a11,6.5,493200000.0,3205800000.0,109589000.0,3096211000.0,426378000.0,1,7f5b6f7e-1c2d-4a4e-9a51-3a3f1d3c0a01
dded1786-692a-43b1-ac48-c9f89ec752db,4e6e7125-e822-4203-b004-66a15c0756dd,a9488d99-0bbb-4599-91ce-5dd2b45ed1f0,3b0b0e6c-5a36-4b8e-8c1e-0d7c5e2f9a11,271.5,479600000.0,130211400000.0,4451237000.0,125760163000.0,410000000.0,2,7f5b6f7e-1c2d-4a4e-9a51-3a3f1d3c0a01
32855143-ecbe-4c12-a96c-67d96fe0ada3,4e6e7125-e822-4203-b004-66a15c0756dd,3139d32c-93cd-49bf-9c94-1cf0dc98d2c1,3b0b0e6c-5a36-4b8e-8c1e-0d7c5e2f9a11,242.0,476600000.0,115337200000.0,3942767000.0,111394433000.0,421545000.0,3,7f5b6f7e-1c2d-4a4e-9a51-3a3f1d3c0a01
b8735f57-e9b0-4de4-9c95-318202cb1725,2992c02a-0909-4686-b981-e014d70624f1,47378190-96da-4dac-b2ff-5d2a386ecbe0,3b0b0e6c-5a36-4b8e-8c1e-0d7c5e2f9a11,165.0,424800000.0,70092000000.0,2307853000.0,67784147000.0,377712000.0,1,7f5b6f7e-1c2d-4a4e-9a51-3a3f1d3c0a01
776ad8ca-e614-4d25-aeb0-669cb43d523f,d3506254-178b-4579-8b3c-3393a03e18d8,1a2a73ed-562b-4f79-8374-59eef50bea63,3b0b0e6c-5a36-4b8e-8c1e-0d7c5e2f9a11,25.0,437700000.0,10942500000.0,157918000.0,10784582000.0,398398000.0,1,7f5b6f7e-1c2d-4a4e-9a51-3a3f1d3c0a01
1c765257-4c5f-47aa-8bbc-87dd78eba30d,8b463057-788a-477b-8244-89e9f9f86f58,6c307511-b2b9-437a-a8df-6ec4ce4a2bbd,3b0b0e6c-5a36-4b8e-8c1e-0d7c5e2f9a11,55.0,398400000.0,21912000000.0,492966000.0,21419034000.0,366366000.0,1,7f5b6f7e-1c2d-4a4e-9a51-3a3f1d3c0a01
9b79e1b0-2021-4ee7-acde-4171d0cd6fee,2c6dde79-f7e3-492f-a143-d57228ff21d7,3139d32c-93cd-49bf-9c94-1cf0dc98d2c1,3b0b0e6c-5a36-4b8e-8c1e-0d7c5e2f9a11,10.0,476600000.0,4766000000.0,98854000.0,4667146000.0,421545000.0,1,7f5b6f7e-1c2d-4a4e-9a51-3a3f1d3c0a01
e90b16cd-c150-4dd9-84f7-6f5309249e1e,077fdaa2-f079-45e8-87d3-0c5a85e526ca,bdd640fb-0667-4ad1-9c80-317fa3b1799d,3b0b0e6c-5a36-4b8e-8c1e-0d7c5e2f9a11,66.0,351100000.0,23172600000.0,1097391000.0,22075209000.0,342771000.0,1,7f5b6f7e-1c2d-4a4e-9a51-3a3f1d3c0a01
2aa65a2a-0064-4287-a56a-e64f7289f085,077fdaa2-f079-45e8-87d3-0c5a85e526ca,bd9c66b3-ad3c-4d6d-9a3d-1fa7bc8960a9,3b0b0e6c-5a36-4b8e-8c1e-0d7c5e2f9a11,85.5,337100000.0,28822050000.0,1364934000.0,27457116000.0,328278000.0,2,7f5b6f7e-1c2d-4a4e-9a51-3a3f1d3c0a01
efee1f9f-87d8-48f9-baaf-9fe5b15bed98,077fdaa2-f079-45e8-87d3-0c5a85e526ca,972a8469-1641-4f82-8b9d-2434e465e150,3b0b0e6c-5a36-4b8e-8c1e-0d7c5e2f9a11,83.5,335000000.0,27972500000.0,1324702000.0,26647798000.0,324352000.0,3,7f5b6f7e-1c2d-4a4e-9a51-3a3f1d3c0a01
e53402de-058a-4565-983a-6c6c2486cc5d,cfae1689-3795-424b-92d2-04059ee1e497,17fc695a-07a0-4a6e-8822-e8f36c031199,3b0b0e6c-5a36-4b8e-8c1e-0d7c5e2f9a11,94.5,333400000.0,31506300000.0,1097835000.0,30408465000.0,312477000.0,1,7f5b6f7e-1c2d-4a4e-9a51-3a3f1d3c0a01
78c4abfb-676a-40d5-bf1d-a70c36fd1ea9,cfae1689-3795-424b-92d2-04059ee1e497,9a1de644-815e-46d1-bb8f-aa1837f8a88b,3b0b0e6c-5a36-4b8e-8c1e-0d7c5e2f9a11,225.5,326400000.0,73603200000.0,2564700000.0,71038500000.0,304530000.0,2,7f5b6f7e-1c2d-4a4e-9a51-3a3f1d3c0a01
aadd6cd2-6a84-4d26-8e87-a7b27d4da87b,4c3246cb-249a-4387-83d6-f6e1ba2a846b,3139d32c-93cd-49bf-9c94-1cf0dc98d2c1,3b0b0e6c-5a36-4b8e-8c1e-0d7c5e2f9a11,15.0,476600000.0,7149000000.0,240249000.0,6908751000.0,421545000.0,1,7f5b6f7e-1c2d-4a4e-9a51-3a3f1d3c0a01
0b6ee5f9-eb9d-40bb-bb6b-106823b39ca8,170a364e-d737-42f6-8ac2-7b1d8027f26e,23b8c1e9-3924-46de-beb1-3b9046685257,3b0b0e6c-5a36-4b8e-8c1e-0d7c5e2f9a11,30.0,350400000.0,10512000000.0,331284000.0,10180716000.0,325380000.0,1,7f5b6f7e-1c2d-4a4e-9a51-3a3f1d3c0a01
087d86ca-c072-4d34-939f-cfed75107ab3,9e93e92e-345a-438f-9a7a-154569a93591,6b65a6a4-8b81-48f6-b38a-088ca65ed389,3b0b0e6c-5a36-4b8e-8c1e-0d7c5e2f9a11,150.0,426100000.0,63915000000.0,2883675000.0,61031325000.0,375242000.0,1,7f5b6f7e-1c2d-4a4e-9a51-3a3f1d3c0a01
5aea2745-b1a1-4b64-a6b1-e5f03fb5ffb1,abab1341-0b52-4621-8c45-7fac213ce169,bdd640fb-0667-4ad1-9c80-317fa3b1799d,3b0b0e6c-5a36-4b8e-8c1e-0d7c5e2f9a11,55.0,366600000.0,20163000000.0,1251849000.0,18911151000.0,331925000.0,1,7f5b6f7e-1c2d-4a4e-9a51-3a3f1d3c0a01
d52af54b-8b89-4485-b57f-a0165ff8c2d7,1f42ec8c-2c4a-4e2c-83b5-2e867a6c3062,43b7a3a6-9a8d-4a03-980d-7b71d8f56413,3b0b0e6c-5a36-4b8e-8c1e-0d7c5e2f9a11,74.0,458000000.0,33892000000.0,1823477000.0,32068523000.0,409220000.0,1,7f5b6f7e-1c2d-4a4e-9a51-3a3f1d3c0a01
599fda98-41e6-48dc-a291-c247c395c9a1,1f42ec8c-2c4a-4e2c-83b5-2e867a6c3062,1a2a73ed-562b-4f79-8374-59eef50bea63,3b0b0e6c-5a36-4b8e-8c1e-0d7c5e2f9a11,141.0,445700000.0,62843700000.0,3381154000.0,59462546000.0,404872000.0,2,7f5b6f7e-1c2d-4a4e-9a51-3a3f1d3c0a01
2db38634-bfa5-4a06-a786-66cebd8ad0bf,9a12d67a-c1a2-427f-b6b5-e6b8ec2add3a,972a8469-1641-4f82-8b9d-2434e465e150,3b0b0e6c-5a36-4b8e-8c1e-0d7c5e2f9a11,50.0,346900000.0,17345000000.0,911429000.0,16433571000.0,309952000.0,1,7f5b6f7e-1c2d-4a4e-9a51-3a3f1d3c0a01
37bacd44-80f2-4239-9a2f-ff3e1fc770af,57865fa2-643b-49e2-baaa-3087be61a5fc,972a8469-1641-4f82-8b9d-2434e465e150,3b0b0e6c-5a36-4b8e-8c1e-0d7c5e2f9a11,115.0,331500000.0,38122500000.0,965185000.0,37157315000.0,313973000.0,1,7f5b6f7e-1c2d-4a4e-9a51-3a3f1d3c0a01
cbc0327a-451b-4fac-b906-3887d679b7c6,d8ed92f3-a2a3-4340-ac53-956cb0d35d18,5be6128e-18c2-4797-a142-ea7d17be3111,3b0b0e6c-5a36-4b8e-8c1e-0d7c5e2f9a11,20.0,441400000.0,8828000000.0,268376000.0,8559624000.0,397010000.0,1,7f5b6f7e-1c2d-4a4e-9a51-3a3f1d3c0a01
348409f0-605e-4879-bd31-f1c18eb899fe,d8ed92f3-a2a3-4340-ac53-956cb0d35d18,43b7a3a6-9a8d-4a03-980d-7b71d8f56413,3b0b0e6c-5a36-4b8e-8c1e-0d7c5e2f9a11,40.0,458000000.0,18320000000.0,556938000.0,17763062000.0,409220000.0,2,7f5b6f7e-1c2d-4a4e-9a51-3a3f1d3c0a01
6b031a0b-f7d8-4067-89b2-bcb4ccc0bc32,3a8f0559-5202-49f1-ae38-bfbd2c730beb,b74d0fb1-32e7-4629-8fad-c1a606cb0fb3,3b0b0e6c-5a36-4b8e-8c1e-0d7c5e2f9a11,105.0,436400000.0,45822000000.0,1902602000.0,43919398000.0,384849000.0,1,7f5b6f7e-1c2d-4a4e-9a51-3a3f1d3c0a01
c4b6e119-1316-4adc-9c7a-bb7f30c9496c,59cabae3-9832-4286-ba76-ff86e4f1a79f,ddd1dfb2-3b98-4ef8-9af6-1a26146d3f31,3b0b0e6c-5a36-4b8e-8c1e-0d7c5e2f9a11,105.0,341600000.0,35868000000.0,1014542000.0,34853458000.0,308978000.0,1,7f5b6f7e-1c2d-4a4e-9a51-3a3f1d3c0a01
e0153046-d109-4d1f-baf5-da530ef01e6c,3bde5a3d-c014-401b-8f1f-77992b2bc08a,b74d0fb1-32e7-4629-8fad-c1a606cb0fb3,3b0b0e6c-5a36-4b8e-8c1e-0d7c5e2f9a11,25.0,436400000.0,10910000000.0,388366000.0,10521634000.0,384849000.0,1,7f5b6f7e-1c2d-4a4e-9a51-3a3f1d3c0a01
595f8883-2257-4ae3-ac7a-6409d7d31e15,fdc570b4-c651-4a6f-baf5-104be08a4f96,371ecd7b-27cd-4130-8722-9389571aa876,3b0b0e6c-5a36-4b8e-8c1e-0d7c5e2f9a11,105.0,422800000.0,44394000000.0,881513000.0,43512487000.0,377804000.0,1,7f5b6f7e-1c2d-4a4e-9a51-3a3f1d3c0a01
3b4d0690-904e-401a-8768-a0b8c161e3cb,d72e6e5a-1403-4af3-b09d-b4faaf52a471,c241330b-01a9-471f-9e8a-774bcf36d58b,3b0b0e6c-5a36-4b8e-8c1e-0d7c5e2f9a11,64.0,453300000.0,29011200000.0,1659822000.0,27351378000.0,399580000.0,1,7f5b6f7e-1c2d-4a4e-9a51-3a3f1d3c0a01
8efcb828-894a-433c-898f-2b6a5ae2304d,d72e6e5a-1403-4af3-b09d-b4faaf52a471,6c307511-b2b9-437a-a8df-6ec4ce4a2bbd,3b0b0e6c-5a36-4b8e-8c1e-0d7c5e2f9a11,27.5,411900000.0,11327250000.0,648068000.0,10679182000.0,364536000.0,2,7f5b6f7e-1c2d-4a4e-9a51-3a3f1d3c0a01
b89a1272-0b7e-4f3e-b8e4-48091264be5d,d72e6e5a-1403-4af3-b09d-b4faaf52a471,47378190-96da-4dac-b2ff-5d2a386ecbe0,3b0b0e6c-5a36-4b8e-8c1e-0d7c5e2f9a11,8.5,424800000.0,3610800000.0,206585000.0,3404215000.0,377712000.0,3,7f5b6f7e-1c2d-4a4e-9a51-3a3f1d3c0a01
65a2f27b-2b8d-4e57-83fa-c7edceda3ad1,a75a759f-0f09-48da-9e81-d9cf9053acba,371ecd7b-27cd-4130-8722-9389571aa876,3b0b0e6c-5a36-4b8e-8c1e-0d7c5e2f9a11,120.0,422800000.0,50736000000.0,1757183000.0,48978817000.0,377804000.0,1,7f5b6f7e-1c2d-4a4e-9a51-3a3f1d3c0a01
fa7baa06-24c3-483e-a0ea-09556249279d,e24740a5-3de4-497d-b5f1-6da6f7e4b2af,972a8469-1641-4f82-8b9d-2434e465e150,3b0b0e6c-5a36-4b8e-8c1e-0d7c5e2f9a11,44.0,346900000.0,15263600000.0,802372000.0,14461228000.0,309952000.0,1,7f5b6f7e-1c2d-4a4e-9a51-3a3f1d3c0a01
6415beeb-eb8c-4af5-a450-420f5f3b02c3,e24740a5-3de4-497d-b5f1-6da6f7e4b2af,9a1de644-815e-46d1-bb8f-aa1837f8a88b,3b0b0e6c-5a36-4b8e-8c1e-0d7c5e2f9a11,81.0,336300000.0,27240300000.0,1431960000.0,25808340000.0,305184000.0,2,7f5b6f7e-1c2d-4a4e-9a51-3a3f1d3c0a01
4d02152d-76c1-4764-9082-e0c03a29f767,f5f09c71-0e92-41f4-9ff5-59c65cf33361,43b7a3a6-9a8d-4a03-980d-7b71d8f56413,3b0b0e6c-5a36-4b8e-8c1e-0d7c5e2f9a11,120.0,458000000.0,54960000000.0,2879704000.0,52080296000.0,409220000.0,1,7f5b6f7e-1c2d-4a4e-9a51-3a3f1d3c0a01
8725268a-50b7-4b84-a188-1d0359e31fc9,25dcf4e2-33e0-4555-bc85-8724645cad0f,ddd1dfb2-3b98-4ef8-9af6-1a26146d3f31,3b0b0e6c-5a36-4b8e-8c1e-0d7c5e2f9a11,410.0,341600000.0,140056000000.0,8099599000.0,131956401000.0,308978000.0,1,7f5b6f7e-1c2d-4a4e-9a51-3a3f1d3c0a01
932b39d3-ef5d-45cd-9829-28d0a7f52aa2,331b32ce-ed96-4109-a893-e94e45fc0b77,972a8469-1641-4f82-8b9d-2434e465e150,3b0b0e6c-5a36-4b8e-8c1e-0d7c5e2f9a11,90.0,346900000.0,31221000000.0,1205610000.0,30015390000.0,309952000.0,1,7f5b6f7e-1c2d-4a4e-9a51-3a3f1d3c0a01
a3f5581e-d385-4ea0-b6cd-3c09a8a0da2a,2ab053f0-2d07-4c6d-b058-8b0903a14ff8,17fc695a-07a0-4a6e-8822-e8f36c031199,3b0b0e6c-5a36-4b8e-8c1e-0d7c5e2f9a11,41.5,344200000.0,14284300000.0,362264000.0,13922036000.0,311729000.0,1,7f5b6f7e-1c2d-4a4e-9a51-3a3f1d3c0a01
ea402b5a-d6c0-484e-a4f2-9f4b56e2a456,2ab053f0-2d07-4c6d-b058-8b0903a14ff8,bdd640fb-0667-4ad1-9c80-317fa3b1799d,3b0b0e6c-5a36-4b8e-8c1e-0d7c5e2f9a11,28.5,366600000.0,10448100000.0,264974000.0,10183126000.0,331925000.0,2,7f5b6f7e-1c2d-4a4e-9a51-3a3f1d3c0a01
be3c3d47-3a13-4fd1-a637-c2df2a2a47a3,784bb709-2c48-42bb-82be-bb6bdff4b533,47378190-96da-4dac-b2ff-5d2a386ecbe0,3b0b0e6c-5a36-4b8e-8c1e-0d7c5e2f9a11,13.5,424800000.0,5734800000.0,168778000.0,5566022000.0,377712000.0,1,7f5b6f7e-1c2d-4a4e-9a51-3a3f1d3c0a01
c7cc7bf6-145f-4292-8bd4-049c4dac7a28,784bb709-2c48-42bb-82be-bb6bdff4b533,b74d0fb1-32e7-4629-8fad-c1a606cb0fb3,3b0b0e6c-5a36-4b8e-8c1e-0d7c5e2f9a11,41.5,436400000.0,18110600000.0,533002000.0,17577598000.0,384849000.0,2,7f5b6f7e-1c2d-4a4e-9a51-3a3f1d3c0a01
435d708f-989f-418c-8b9f-182335bda475,4524fab2-380b-4af7-b2d8-d31e6a3a5bad,c241330b-01a9-471f-9e8a-774bcf36d58b,3b0b0e6c-5a36-4b8e-8c1e-0d7c5e2f9a11,32.0,453300000.0,14505600000.0,432890000.0,14072710000.0,399580000.0,1,7f5b6f7e-1c2d-4a4e-9a51-3a3f1d3c0a01
725a9140-5f02-41e7-bba6-dc936ea229ad,4524fab2-380b-4af7-b2d8-d31e6a3a5bad,6b65a6a4-8b81-48f6-b38a-088ca65ed389,3b0b0e6c-5a36-4b8e-8c1e-0d7c5e2f9a11,42.0,426100000.0,17896200000.0,534076000.0,17362124000.0,375242000.0,2,7f5b6f7e-1c2d-4a4e-9a51-3a3f1d3c0a01
cc404f18-8830-4d78-9abb-918cbbd86378,4524fab2-380b-4af7-b2d8-d31e6a3a5bad,371ecd7b-27cd-4130-8722-9389571aa876,3b0b0e6c-5a36-4b8e-8c1e-0d7c5e2f9a11,21.0,422800000.0,8878800000.0,264970000.0,8613830000.0,377804000.0,3,7f5b6f7e-1c2d-4a4e-9a51-3a3f1d3c0a01
b315d141-f9b7-4d25-b251-ef023c09e20d,fcedb87c-82f5-4de1-9392-009fba9ada63,e2acf72f-9e57-4f7a-a0ee-89aed453dd32,3b0b0e6c-5a36-4b8e-8c1e-0d7c5e2f9a11,288.0,581200000.0,167385600000.0,6475615000.0,160909985000.0,534363000.0,1,7f5b6f7e-1c2d-4a4e-9a51-3a3f1d3c0a01
e13676e5-1201-41c5-8534-65b63e49d3fa,fcedb87c-82f5-4de1-9392-009fba9ada63,4b0dbb41-8d52-48f1-942c-3fe860e7a113,3b0b0e6c-5a36-4b8e-8c1e-0d7c5e2f9a11,197.0,592700000.0,116761900000.0,4517145000.0,112244755000.0,547284000.0,2,7f5b6f7e-1c2d-4a4e-9a51-3a3f1d3c0a01
dd6d9196-a728-4889-aea6-40134b15964d,cc64f820-16bb-494a-8a4b-0ea1a97a30bf,43b7a3a6-9a8d-4a03-980d-7b71d8f56413,3b0b0e6c-5a36-4b8e-8c1e-0d7c5e2f9a11,30.0,447400000.0,13422000000.0,517748000.0,12904252000.0,423650000.0,1,7f5b6f7e-1c2d-4a4e-9a51-3a3f1d3c0a01
6ef37c42-30c2-4404-beaa-3643b49e0e3b,2d2ac30c-a1c2-423d-b03c-24578c0d4213,43b7a3a6-9a8d-4a03-980d-7b71d8f56413,3b0b0e6c-5a36-4b8e-8c1e-0d7c5e2f9a11,34.0,447400000.0,15211600000.0,429719000.0,14781881000.0,423650000.0,1,7f5b6f7e-1c2d-4a4e-9a51-3a3f1d3c0a01
a5eb3263-2524-4025-9e3a-a1b8c445eca6,2d2ac30c-a1c2-423d-b03c-24578c0d4213,5be6128e-18c2-4797-a142-ea7d17be3111,3b0b0e6c-5a36-4b8e-8c1e-0d7c5e2f9a11,36.0,428800000.0,15436800000.0,436081000.0,15000719000.0,408295000.0,2,7f5b6f7e-1c2d-4a4e-9a51-3a3f1d3c0a01
6562d164-042f-48d4-b298-16f9aaeae0ae,754a9c92-0b23-4443-8e4a-b39a74615af8,23b8c1e9-3924-46de-beb1-3b9046685257,3b0b0e6c-5a36-4b8e-8c1e-0d7c5e2f9a11,10.0,342700000.0,3427000000.0,42583000.0,3384417000.0,327624000.0,1,7f5b6f7e-1c2d-4a4e-9a51-3a3f1d3c0a01
914cae6a-05f3-484c-9751-0bdba58d2e53,d2d601d5-521e-440f-9ba6-45aa9d78ffe0,bdd640fb-0667-4ad1-9c80-317fa3b1799d,3b0b0e6c-5a36-4b8e-8c1e-0d7c5e2f9a11,94.0,351100000.0,33003400000.0,712170000.0,32291230000.0,342771000.0,1,7f5b6f7e-1c2d-4a4e-9a51-3a3f1d3c0a01
4dded48c-dec4-44f7-8a81-bf9cf735c25c,d2d601d5-521e-440f-9ba6-45aa9d78ffe0,972a8469-1641-4f82-8b9d-2434e465e150,3b0b0e6c-5a36-4b8e-8c1e-0d7c5e2f9a11,16.0,335000000.0,5360000000.0,115662000.0,5244338000.0,324352000.0,2,7f5b6f7e-1c2d-4a4e-9a51-3a3f1d3c0a01
6a6248cd-583b-40f9-9560-5ac850c87167,e89627fe-80d4-44f4-ac11-9758eadefee8,c241330b-01a9-471f-9e8a-774bcf36d58b,3b0b0e6c-5a36-4b8e-8c1e-0d7c5e2f9a11,39.0,438400000.0,17097600000.0,473098000.0,16624502000.0,414770000.0,1,7f5b6f7e-1c2d-4a4e-9a51-3a3f1d3c0a01
34c9aa64-86dd-4417-b695-3b262f859ef3,e89627fe-80d4-44f4-ac11-9758eadefee8,6c307511-b2b9-437a-a8df-6ec4ce4a2bbd,3b0b0e6c-5a36-4b8e-8c1e-0d7c5e2f9a11,36.0,400800000.0,14428800000.0,399251000.0,14029549000.0,376888000.0,2,7f5b6f7e-1c2d-4a4e-9a51-3a3f1d3c0a01
e927e96a-a0af-46c5-8a46-c639e2f2e9b1,b89261a8-9c68-46b7-8f31-308debad7b18,ddd1dfb2-3b98-4ef8-9af6-1a26146d3f31,3b0b0e6c-5a36-4b8e-8c1e-0d7c5e2f9a11,170.0,322200000.0,54774000000.0,1937412000.0,52836588000.0,321104000.0,1,7f5b6f7e-1c2d-4a4e-9a51-3a3f1d3c0a01
f6b8bc0b-122d-461b-8e82-b44d8348e6c3,7a73478f-a532-4111-ab15-204a57172489,e2acf72f-9e57-4f7a-a0ee-89aed453dd32,3b0b0e6c-5a36-4b8e-8c1e-0d7c5e2f9a11,1070.0,586200000.0,627234000000.0,26765746000.0,600468254000.0,514362000.0,1,7f5b6f7e-1c2d-4a4e-9a51-3a3f1d3c0a01
0afc3e93-1042-4b3b-9622-1861926eaf69,bdc15eef-6aac-47f4-9d33-98309ad911b5,759cde66-bacf-43d0-8b1f-9163ce9ff57f,3b0b0e6c-5a36-4b8e-8c1e-0d7c5e2f9a11,85.0,504500000.0,42882500000.0,281152000.0,42601348000.0,475216000.0,1,7f5b6f7e-1c2d-4a4e-9a51-3a3f1d3c0a01
00ea25f2-ccb4-4497-b382-73891902a7e6,acdf2af6-fc74-4a51-a46e-b335a2cc3129,1a2a73ed-562b-4f79-8374-59eef50bea63,3b0b0e6c-5a36-4b8e-8c1e-0d7c5e2f9a11,75.0,433000000.0,32475000000.0,2046173000.0,30428827000.0,412272000.0,1,7f5b6f7e-1c2d-4a4e-9a51-3a3f1d3c0a01
d945fd1a-fec2-4522-9e95-995f344a004b,453d7b05-3e0f-47b5-b49c-44d3d76b4582,5be6128e-18c2-4797-a142-ea7d17be3111,3b0b0e6c-5a36-4b8e-8c1e-0d7c5e2f9a11,85.5,428800000.0,36662400000.0,1352151000.0,35310249000.0,408295000.0,1,7f5b6f7e-1c2d-4a4e-9a51-3a3f1d3c0a01
2d5d5b2b-9c02-4b84-a74f-ef136dac10e2,453d7b05-3e0f-47b5-b49c-44d3d76b4582,1a2a73ed-562b-4f79-8374-59eef50bea63,3b0b0e6c-5a36-4b8e-8c1e-0d7c5e2f9a11,29.5,433000000.0,12773500000.0,471101000.0,12302399000.0,412272000.0,2,7f5b6f7e-1c2d-4a4e-9a51-3a3f1d3c0a01
eea68c44-a7bd-4d53-b3fc-bf095d2d5b5a,471b024a-39d3-42d5-84bb-95d1960b0c5e,ec1b8ca1-f91e-4d4c-9ff4-9b7889463e85,3b0b0e6c-5a36-4b8e-8c1e-0d7c5e2f9a11,85.5,502700000.0,42980850000.0,1097219000.0,41883631000.0,470057000.0,1,7f5b6f7e-1c2d-4a4e-9a51-3a3f1d3c0a01
680fe235-122d-4786-ab89-64517e286939,471b024a-39d3-42d5-84bb-95d1960b0c5e,759cde66-bacf-43d0-8b1f-9163ce9ff57f,3b0b0e6c-5a36-4b8e-8c1e-0d7c5e2f9a11,9.5,504500000.0,4792750000.0,122350000.0,4670400000.0,475216000.0,2,7f5b6f7e-1c2d-4a4e-9a51-3a3f1d3c0a01
a0e42f79-1985-4bb9-a93f-7f9ff9044054,d050a38a-5481-4632-8df2-4a5af1b256d0,ec1b8ca1-f91e-4d4c-9ff4-9b7889463e85,3b0b0e6c-5a36-4b8e-8c1e-0d7c5e2f9a11,10.0,502700000.0,5027000000.0,146069000.0,4880931000.0,470057000.0,1,7f5b6f7e-1c2d-4a4e-9a51-3a3f1d3c0a01
3571d89e-7cfe-4a77-bd66-0abc06bda6e4,fe1df6e2-0df0-4a72-b52e-3f169da13fb2,5be6128e-18c2-4797-a142-ea7d17be3111,3b0b0e6c-5a36-4b8e-8c1e-0d7c5e2f9a11,101.5,428800000.0,43523200000.0,1986169000.0,41537031000.0,408295000.0,1,7f5b6f7e-1c2d-4a4e-9a51-3a3f1d3c0a01
e68e4345-3d74-4da8-83be-274378caf0ab,fe1df6e2-0df0-4a72-b52e-3f169da13fb2,43b7a3a6-9a8d-4a03-980d-7b71d8f56413,3b0b0e6c-5a36-4b8e-8c1e-0d7c5e2f9a11,39.5,447400000.0,17672300000.0,806471000.0,16865829000.0,423650000.0,2,7f5b6f7e-1c2d-4a4e-9a51-3a3f1d3c0a01
cb8616e0-73f6-405a-b514-7012814c2c83,fe1df6e2-0df0-4a72-b52e-3f169da13fb2,1a2a73ed-562b-4f79-8374-59eef50bea63,3b0b0e6c-5a36-4b8e-8c1e-0d7c5e2f9a11,49.5,433000000.0,21433500000.0,978112000.0,20455388000.0,412272000.0,3,7f5b6f7e-1c2d-4a4e-9a51-3a3f1d3c0a01
d478f8ac-c2bd-4ea1-8562-a95b1eb57f17,e08e2fcf-01b0-40b4-bb7d-f7a582d4052a,371ecd7b-27cd-4130-8722-9389571aa876,3b0b0e6c-5a36-4b8e-8c1e-0d7c5e2f9a11,80.0,406600000.0,32528000000.0,1811982000.0,30716018000.0,386862000.0,1,7f5b6f7e-1c2d-4a4e-9a51-3a3f1d3c0a01
d4f90c7e-df70-4c5e-aaf4-596fd43e526e,ca22392f-2420-4f7d-b114-3cf46b41c5a6,1a2a73ed-562b-4f79-8374-59eef50bea63,3b0b0e6c-5a36-4b8e-8c1e-0d7c5e2f9a11,105.0,435900000.0,45769500000.0,1771485000.0,43998015000.0,400525000.0,1,7f5b6f7e-1c2d-4a4e-9a51-3a3f1d3c0a01
e1677795-64f9-46ba-8041-3b0c82ee00c4,76f1d068-e713-471a-bc57-6cf6a693c652,bd9c66b3-ad3c-4d6d-9a3d-1fa7bc8960a9,3b0b0e6c-5a36-4b8e-8c1e-0d7c5e2f9a11,40.0,338000000.0,13520000000.0,585971000.0,12934029000.0,315188000.0,1,7f5b6f7e-1c2d-4a4e-9a51-3a3f1d3c0a01
757c9d22-34b3-486f-b012-358b41418e46,8e3de159-73fe-459b-b35e-7337c67542b6,c241330b-01a9-471f-9e8a-774bcf36d58b,3b0b0e6c-5a36-4b8e-8c1e-0d7c5e2f9a11,138.5,438400000.0,60718400000.0,2161697000.0,58556703000.0,414770000.0,1,7f5b6f7e-1c2d-4a4e-9a51-3a3f1d3c0a01
79bf2c8d-1a52-4567-b9b2-46f917cf71dc,8e3de159-73fe-459b-b35e-7337c67542b6,47378190-96da-4dac-b2ff-5d2a386ecbe0,3b0b0e6c-5a36-4b8e-8c1e-0d7c5e2f9a11,26.5,406000000.0,10759000000.0,383042000.0,10375958000.0,388692000.0,2,7f5b6f7e-1c2d-4a4e-9a51-3a3f1d3c0a01
1ea32b82-33be-4092-8490-c96e8d0d0d29,14c0965a-1c0c-4ce4-8094-2743fe9f9fd2,5be6128e-18c2-4797-a142-ea7d17be3111,3b0b0e6c-5a36-4b8e-8c1e-0d7c5e2f9a11,55.0,430400000.0,23672000000.0,903354000.0,22768646000.0,396640000.0,1,7f5b6f7e-1c2d-4a4e-9a51-3a3f1d3c0a01
eed59832-d326-4742-b038-627386ba84a1,86615979-3663-4a91-baeb-dc73043e27f6,5be6128e-18c2-4797-a142-ea7d17be3111,3b0b0e6c-5a36-4b8e-8c1e-0d7c5e2f9a11,13.0,430400000.0,5595200000.0,247419000.0,5347781000.0,396640000.0,1,7f5b6f7e-1c2d-4a4e-9a51-3a3f1d3c0a01
ef323e3e-0fa9-49f8-a84c-c34d8fbc0388,86615979-3663-4a91-baeb-dc73043e27f6,43b7a3a6-9a8d-4a03-980d-7b71d8f56413,3b0b0e6c-5a36-4b8e-8c1e-0d7c5e2f9a11,57.0,447200000.0,25490400000.0,1127180000.0,24363220000.0,413845000.0,2,7f5b6f7e-1c2d-4a4e-9a51-3a3f1d3c0a01
5f19287a-cdb2-48f1-82b9-da38073372c0,81238f51-5251-4c2b-9de3-35c276252e09,e2acf72f-9e57-4f7a-a0ee-89aed453dd32,3b0b0e6c-5a36-4b8e-8c1e-0d7c5e2f9a11,15.0,581200000.0,8718000000.0,306852000.0,8411148000.0,534363000.0,1,7f5b6f7e-1c2d-4a4e-9a51-3a3f1d3c0a01
be48840a-9e1f-4fd7-bb05-569b9d36475c,7916f2e6-de08-44b8-ac73-6a754d19dbfb,371ecd7b-27cd-4130-8722-9389571aa876,3b0b0e6c-5a36-4b8e-8c1e-0d7c5e2f9a11,25.0,410400000.0,10260000000.0,186395000.0,10073605000.0,372039000.0,1,7f5b6f7e-1c2d-4a4e-9a51-3a3f1d3c0a01
e5a14a80-ff3a-4b4a-ad1d-167278ec64b9,5c605c5e-7389-4a56-97f7-c87171483cf3,6c307511-b2b9-437a-a8df-6ec4ce4a2bbd,3b0b0e6c-5a36-4b8e-8c1e-0d7c5e2f9a11,140.5,399700000.0,56157850000.0,2696259000.0,53461591000.0,366732000.0,1,7f5b6f7e-1c2d-4a4e-9a51-3a3f1d3c0a01
fc864a8f-21bc-40d3-a8ce-00e16ef3e4cf,5c605c5e-7389-4a56-97f7-c87171483cf3,371ecd7b-27cd-4130-8722-9389571aa876,3b0b0e6c-5a36-4b8e-8c1e-0d7c5e2f9a11,24.5,410400000.0,10054800000.0,482753000.0,9572047000.0,372039000.0,2,7f5b6f7e-1c2d-4a4e-9a51-3a3f1d3c0a01
30b1c5c7-16c9-4b8a-b430-7002ad9271dd,fe5d75b3-7892-4d2c-b60e-08b2764f8365,bdd640fb-0667-4ad1-9c80-317fa3b1799d,3b0b0e6c-5a36-4b8e-8c1e-0d7c5e2f9a11,22.0,348700000.0,7671400000.0,176303000.0,7495097000.0,328278000.0,1,7f5b6f7e-1c2d-4a4e-9a51-3a3f1d3c0a01
9ad2b94a-9e11-4a8d-888c-51905e983853,fe5d75b3-7892-4d2c-b60e-08b2764f8365,972a8469-1641-4f82-8b9d-2434e465e150,3b0b0e6c-5a36-4b8e-8c1e-0d7c5e2f9a11,51.0,332400000.0,16952400000.0,389597000.0,16562803000.0,313225000.0,2,7f5b6f7e-1c2d-4a4e-9a51-3a3f1d3c0a01
695e15d8-a5aa-438b-93b7-875bf6c0efba,fe5d75b3-7892-4d2c-b60e-08b2764f8365,17fc695a-07a0-4a6e-8822-e8f36c031199,3b0b0e6c-5a36-4b8e-8c1e-0d7c5e2f9a11,37.5,337600000.0,12660000000.0,290950000.0,12369050000.0,314721000.0,3,7f5b6f7e-1c2d-4a4e-9a51-3a3f1d3c0a01
95ec65b8-06a4-49db-94c7-f626a22634b5,2fddcb84-f1b7-4a0a-aa26-2309db2f42ba,43b7a3a6-9a8d-4a03-980d-7b71d8f56413,3b0b0e6c-5a36-4b8e-8c1e-0d7c5e2f9a11,25.0,447200000.0,11180000000.0,410152000.0,10769848000.0,413845000.0,1,7f5b6f7e-1c2d-4a4e-9a51-3a3f1d3c0a01
68869693-459a-4785-853c-bfb2ff430c3e,2fddcb84-f1b7-4a0a-aa26-2309db2f42ba,1a2a73ed-562b-4f79-8374-59eef50bea63,3b0b0e6c-5a36-4b8e-8c1e-0d7c5e2f9a11,20.0,435900000.0,8718000000.0,319831000.0,8398169000.0,400525000.0,2,7f5b6f7e-1c2d-4a4e-9a51-3a3f1d3c0a01
6cf036af-c71a-4e10-adf9-72a6ec34576e,a8caef85-7bd7-45b0-8c4a-47492c6cb095,17fc695a-07a0-4a6e-8822-e8f36c031199,3b0b0e6c-5a36-4b8e-8c1e-0d7c5e2f9a11,3.0,337600000.0,1012800000.0,53542000.0,959258000.0,314721000.0,1,7f5b6f7e-1c2d-4a4e-9a51-3a3f1d3c0a01
5d6cc085-9293-49ee-b8c9-4a85af6ca0bd,a8caef85-7bd7-45b0-8c4a-47492c6cb095,23b8c1e9-3924-46de-beb1-3b9046685257,3b0b0e6c-5a36-4b8e-8c1e-0d7c5e2f9a11,20.5,343600000.0,7043800000.0,372374000.0,6671426000.0,320424000.0,2,7f5b6f7e-1c2d-4a4e-9a51-3a3f1d3c0a01
5023277a-7e0d-493c-8f85-5e61b6567099,a8caef85-7bd7-45b0-8c4a-47492c6cb095,bdd640fb-0667-4ad1-9c80-317fa3b1799d,3b0b0e6c-5a36-4b8e-8c1e-0d7c5e2f9a11,61.5,348700000.0,21445050000.0,1133704000.0,20311346000.0,328278000.0,3,7f5b6f7e-1c2d-4a4e-9a51-3a3f1d3c0a01
c5589cc7-b144-417d-b275-9085b04e9f00,974d2610-0f0c-403d-9e68-8afce80a8bff,371ecd7b-27cd-4130-8722-9389571aa876,3b0b0e6c-5a36-4b8e-8c1e-0d7c5e2f9a11,68.5,410400000.0,28112400000.0,883394000.0,27229006000.0,372039000.0,1,7f5b6f7e-1c2d-4a4e-9a51-3a3f1d3c0a01
1c4686c4-b81d-4f5e-acdf-efcc68ebe249,974d2610-0f0c-403d-9e68-8afce80a8bff,6c307511-b2b9-437a-a8df-6ec4ce4a2bbd,3b0b0e6c-5a36-4b8e-8c1e-0d7c5e2f9a11,91.5,399700000.0,36572550000.0,1149243000.0,35423307000.0,366732000.0,2,7f5b6f7e-1c2d-4a4e-9a51-3a3f1d3c0a01
5d13704a-42d5-4a06-a1b2-b4e76d80056f,ec359559-8882-4c16-9ffd-8b3ab6b10378,ec1b8ca1-f91e-4d4c-9ff4-9b7889463e85,3b0b0e6c-5a36-4b8e-8c1e-0d7c5e2f9a11,10.0,500000000.0,5000000000.0,84645000.0,4915355000.0,454944000.0,1,7f5b6f7e-1c2d-4a4e-9a51-3a3f1d3c0a01
445bfa1b-7149-40b6-9357-19d6370bc640,0fea2b4a-a500-48ad-9578-d9d2944bddfd,23b8c1e9-3924-46de-beb1-3b9046685257,3b0b0e6c-5a36-4b8e-8c1e-0d7c5e2f9a11,24.5,343600000.0,8418200000.0,267918000.0,8150282000.0,320424000.0,1,7f5b6f7e-1c2d-4a4e-9a51-3a3f1d3c0a01
318dd793-7384-4e66-b0fd-249a9546099a,0fea2b4a-a500-48ad-9578-d9d2944bddfd,bd9c66b3-ad3c-4d6d-9a3d-1fa7bc8960a9,3b0b0e6c-5a36-4b8e-8c1e-0d7c5e2f9a11,105.5,338000000.0,35659000000.0,1134884000.0,34524116000.0,315188000.0,2,7f5b6f7e-1c2d-4a4e-9a51-3a3f1d3c0a01
e6523c2c-2c8e-42e8-bb27-182beb750a62,11ac2697-42b2-4b4f-8adf-e3cf66e0d74e,17fc695a-07a0-4a6e-8822-e8f36c031199,3b0b0e6c-5a36-4b8e-8c1e-0d7c5e2f9a11,14.0,337600000.0,4726400000.0,125661000.0,4600739000.0,314721000.0,1,7f5b6f7e-1c2d-4a4e-9a51-3a3f1d3c0a01
7ffa26b6-7a68-4413-97bf-c78e8b1fe1db,11ac2697-42b2-4b4f-8adf-e3cf66e0d74e,9a1de644-815e-46d1-bb8f-aa1837f8a88b,3b0b0e6c-5a36-4b8e-8c1e-0d7c5e2f9a11,23.0,333000000.0,7659000000.0,203630000.0,7455370000.0,304716000.0,2,7f5b6f7e-1c2d-4a4e-9a51-3a3f1d3c0a01
629d7ad5-1714-4b68-bc6d-4e851c415135,11ac2697-42b2-4b4f-8adf-e3cf66e0d74e,23b8c1e9-3924-46de-beb1-3b9046685257,3b0b0e6c-5a36-4b8e-8c1e-0d7c5e2f9a11,13.0,343600000.0,4466800000.0,118759000.0,4348041000.0,320424000.0,3,7f5b6f7e-1c2d-4a4e-9a51-3a3f1d3c0a01
915fe1be-9fbf-46f9-b0b3-912d208dcf81,32b27bec-51e6-4866-b7b8-70c37b5c2074,4b0dbb41-8d52-48f1-942c-3fe860e7a113,3b0b0e6c-5a36-4b8e-8c1e-0d7c5e2f9a11,25.0,604600000.0,15115000000.0,429986000.0,14685014000.0,520734000.0,1,7f5b6f7e-1c2d-4a4e-9a51-3a3f1d3c0a01
74d503cd-d1e3-416c-9255-67bce837be9b,abe4d36b-45a8-41a1-ae89-55b74e21e25a,17fc695a-07a0-4a6e-8822-e8f36c031199,3b0b0e6c-5a36-4b8e-8c1e-0d7c5e2f9a11,60.0,351400000.0,21084000000.0,810549000.0,20273451000.0,315656000.0,1,7f5b6f7e-1c2d-4a4e-9a51-3a3f1d3c0a01
6da910e1-2596-4c07-bd3f-ebfa38f57074,ebe1e6bd-7698-46fe-a55f-230be75fb954,759cde66-bacf-43d0-8b1f-9163ce9ff57f,3b0b0e6c-5a36-4b8e-8c1e-0d7c5e2f9a11,30.0,532799999.99999994,15983999999.999998,389217000.0,15594782999.999998,462184000.0,1,7f5b6f7e-1c2d-4a4e-9a51-3a3f1d3c0a01
653d3fcb-5db5-43f6-bb78-456939fc62ee,e728e109-ca0d-434a-bae0-db32e8841d08,6b65a6a4-8b81-48f6-b38a-088ca65ed389,3b0b0e6c-5a36-4b8e-8c1e-0d7c5e2f9a11,230.0,419900000.0,96577000000.0,3362118000.0,93214882000.0,374052000.0,1,7f5b6f7e-1c2d-4a4e-9a51-3a3f1d3c0a01
7b09757d-c003-457a-8030-11523af912c4,6bd3ca24-69f1-43bb-a483-c971beddf4d4,e2acf72f-9e57-4f7a-a0ee-89aed453dd32,3b0b0e6c-5a36-4b8e-8c1e-0d7c5e2f9a11,3.5,598500000.0,2094750000.0,54431000.0,2040319000.0,518787000.0,1,7f5b6f7e-1c2d-4a4e-9a51-3a3f1d3c0a01
f8bedffd-9f5a-45a6-9fe8-afc70438e676,6bd3ca24-69f1-43bb-a483-c971beddf4d4,4b0dbb41-8d52-48f1-942c-3fe860e7a113,3b0b0e6c-5a36-4b8e-8c1e-0d7c5e2f9a11,21.5,604600000.0,12998900000.0,337767000.0,12661133000.0,520734000.0,2,7f5b6f7e-1c2d-4a4e-9a51-3a3f1d3c0a01
d3588497-121e-4eea-9bef-b060f75b3a1f,d67ff9ea-e9de-4024-a45b-52edf379026f,371ecd7b-27cd-4130-8722-9389571aa876,3b0b0e6c-5a36-4b8e-8c1e-0d7c5e2f9a11,24.0,419000000.0,10056000000.0,613435000.0,9442565000.0,375516000.0,1,7f5b6f7e-1c2d-4a4e-9a51-3a3f1d3c0a01
60942e28-8ede-49d2-a94f-36f819056cd3,d67ff9ea-e9de-4024-a45b-52edf379026f,6b65a6a4-8b81-48f6-b38a-088ca65ed389,3b0b0e6c-5a36-4b8e-8c1e-0d7c5e2f9a11,1.0,419900000.0,419900000.0,25615000.0,394285000.0,374052000.0,2,7f5b6f7e-1c2d-4a4e-9a51-3a3f1d3c0a01
32303ee2-2707-46ba-8faa-3b1f60c5e090,f198709c-7b5a-44e4-8351-71515898ef62,a9488d99-0bbb-4599-91ce-5dd2b45ed1f0,3b0b0e6c-5a36-4b8e-8c1e-0d7c5e2f9a11,7.5,466500000.0,3498750000.0,67995000.0,3430755000.0,416444000.0,1,7f5b6f7e-1c2d-4a4e-9a51-3a3f1d3c0a01
f9d6d733-209c-4e52-91c8-7cdc3a6a6a52,f198709c-7b5a-44e4-8351-71515898ef62,fc377a4c-4a15-444d-85e7-ce8a3a578a8e,3b0b0e6c-5a36-4b8e-8c1e-0d7c5e2f9a11,12.0,488800000.0,5865600000.0,113992000.0,5751608000.0,426915000.0,2,7f5b6f7e-1c2d-4a4e-9a51-3a3f1d3c0a01
f7257825-e8ff-4991-b555-de6ec7020a01,f198709c-7b5a-44e4-8351-71515898ef62,3139d32c-93cd-49bf-9c94-1cf0dc98d2c1,3b0b0e6c-5a36-4b8e-8c1e-0d7c5e2f9a11,5.5,480700000.0,2643850000.0,51381000.0,2592469000.0,417696000.0,3,7f5b6f7e-1c2d-4a4e-9a51-3a3f1d3c0a01
ba5ddb0a-0337-4e28-abd2-b5e373b5e5e7,701daebf-c142-4184-9664-7b59c8ba8729,1a2a73ed-562b-4f79-8374-59eef50bea63,3b0b0e6c-5a36-4b8e-8c1e-0d7c5e2f9a11,15.5,452700000.0,7016850000.0,205070000.0,6811780000.0,403208000.0,1,7f5b6f7e-1c2d-4a4e-9a51-3a3f1d3c0a01
a1dd88d6-1ba7-42f4-a761-d7f0c3d24f49,701daebf-c142-4184-9664-7b59c8ba8729,43b7a3a6-9a8d-4a03-980d-7b71d8f56413,3b0b0e6c-5a36-4b8e-8c1e-0d7c5e2f9a11,4.5,460400000.0,2071800000.0,60549000.0,2011251000.0,413660000.0,2,7f5b6f7e-1c2d-4a4e-9a51-3a3f1d3c0a01
e1b14543-8fb6-4a13-b2e1-f0bf9c08a226,704dc28c-8f36-48b4-8a53-6e222fcde2a7,ec1b8ca1-f91e-4d4c-9ff4-9b7889463e85,3b0b0e6c-5a36-4b8e-8c1e-0d7c5e2f9a11,28.5,534299999.99999994,15227549999.999998,403430000.0,14824119999.999998,468338000.0,1,7f5b6f7e-1c2d-4a4e-9a51-3a3f1d3c0a01
2c403d97-a7ee-4ec8-aaa0-4b1b26f205b3,704dc28c-8f36-48b4-8a53-6e222fcde2a7,759cde66-bacf-43d0-8b1f-9163ce9ff57f,3b0b0e6c-5a36-4b8e-8c1e-0d7c5e2f9a11,6.5,540900000.0,3515850000.0,93147000.0,3422703000.0,482184000.0,2,7f5b6f7e-1c2d-4a4e-9a51-3a3f1d3c0a01
e5d1da47-edce-4cf6-bed0-90ff1f92c7f4,37dda186-90d4-4aee-aa81-a841e927194f,9a1de644-815e-46d1-bb8f-aa1837f8a88b,3b0b0e6c-5a36-4b8e-8c1e-0d7c5e2f9a11,35.0,335600000.0,11746000000.0,222198000.0,11523802000.0,311355000.0,1,7f5b6f7e-1c2d-4a4e-9a51-3a3f1d3c0a01
9236f028-4096-4bde-966e-1fe9d3b91cce,b0e69247-7c99-4f92-a14d-e07d04a9c38c,c241330b-01a9-471f-9e8a-774bcf36d58b,3b0b0e6c-5a36-4b8e-8c1e-0d7c5e2f9a11,5.5,450600000.0,2478300000.0,96007000.0,2382293000.0,402234000.0,1,7f5b6f7e-1c2d-4a4e-9a51-3a3f1d3c0a01
b1b7b542-a761-48d6-b059-c95818726379,b0e69247-7c99-4f92-a14d-e07d04a9c38c,b74d0fb1-32e7-4629-8fad-c1a606cb0fb3,3b0b0e6c-5a36-4b8e-8c1e-0d7c5e2f9a11,144.5,424900000.0,61398050000.0,2378499000.0,59019551000.0,377346000.0,2,7f5b6f7e-1c2d-4a4e-9a51-3a3f1d3c0a01
a89b2cc8-ac8b-4916-8677-d6d904ae0b41,ce477169-c84b-4083-bace-a57b086d6fbb,972a8469-1641-4f82-8b9d-2434e465e150,3b0b0e6c-5a36-4b8e-8c1e-0d7c5e2f9a11,40.5,340500000.0,13790250000.0,299488000.0,13490762000.0,310794000.0,1,7f5b6f7e-1c2d-4a4e-9a51-3a3f1d3c0a01
1cf8039c-d78a-4da4-aebc-845e04d5ccf5,ce477169-c84b-4083-bace-a57b086d6fbb,9a1de644-815e-46d1-bb8f-aa1837f8a88b,3b0b0e6c-5a36-4b8e-8c1e-0d7c5e2f9a11,84.5,335600000.0,28358200000.0,615865000.0,27742335000.0,311355000.0,2,7f5b6f7e-1c2d-4a4e-9a51-3a3f1d3c0a01
76de3e6f-e1a6-44c4-afe8-77e608d0e66b,cb86a0d8-8a6a-4b25-aa5c-456dc6b4ebbd,23b8c1e9-3924-46de-beb1-3b9046685257,3b0b0e6c-5a36-4b8e-8c1e-0d7c5e2f9a11,215.0,404100000.0,86881500000.0,5933959000.0,80947541000.0,348100000.0,1,7f5b6f7e-1c2d-4a4e-9a51-3a3f1d3c0a01
1dd217d3-1fe9-4077-86a5-4047693e0fba,d27be71e-685d-4751-9a19-5aa4a111f44b,5be6128e-18c2-4797-a142-ea7d17be3111,3b0b0e6c-5a36-4b8e-8c1e-0d7c5e2f9a11,25.0,450400000.0,11260000000.0,209427000.0,11050573000.0,403948000.0,1,7f5b6f7e-1c2d-4a4e-9a51-3a3f1d3c0a01
6eba98df-f435-45c5-ad3b-038385d5164f,45fb0dcf-d08d-4a30-ba39-fd6ffbd3bfcb,ddd1dfb2-3b98-4ef8-9af6-1a26146d3f31,3b0b0e6c-5a36-4b8e-8c1e-0d7c5e2f9a11,15.0,347400000.0,5211000000.0,155685000.0,5055315000.0,315558000.0,1,7f5b6f7e-1c2d-4a4e-9a51-3a3f1d3c0a01
72be8f53-5d48-44d8-b66b-72ae5af97c9e,d5b21bf1-c66a-47d0-a6cb-674e43a71e40,3139d32c-93cd-49bf-9c94-1cf0dc98d2c1,3b0b0e6c-5a36-4b8e-8c1e-0d7c5e2f9a11,60.0,495500000.0,29730000000.0,1004431000.0,28725569000.0,430226000.0,1,7f5b6f7e-1c2d-4a4e-9a51-3a3f1d3c0a01
ad08ba34-30d6-417d-a314-e061eed02773,712889fa-a94f-432a-9da1-d0384d11072f,6c307511-b2b9-437a-a8df-6ec4ce4a2bbd,3b0b0e6c-5a36-4b8e-8c1e-0d7c5e2f9a11,420.0,435100000.0,182742000000.0,8406810000.0,174335190000.0,388143000.0,1,7f5b6f7e-1c2d-4a4e-9a51-3a3f1d3c0a01
806147ab-6b75-4970-b6c3-e23294019349,aa58feda-b960-4b74-a32f-be6b7dd2ab19,3139d32c-93cd-49bf-9c94-1cf0dc98d2c1,3b0b0e6c-5a36-4b8e-8c1e-0d7c5e2f9a11,325.0,497500000.0,161687500000.0,5021366000.0,156666134000.0,443472000.0,1,7f5b6f7e-1c2d-4a4e-9a51-3a3f1d3c0a01
42454dc2-fc00-419b-bfc8-df9298535c12,55fac683-d062-4b87-b3b1-519df3940f4e,b74d0fb1-32e7-4629-8fad-c1a606cb0fb3,3b0b0e6c-5a36-4b8e-8c1e-0d7c5e2f9a11,24.5,449300000.0,11007850000.0,192282000.0,10815568000.0,407724000.0,1,7f5b6f7e-1c2d-4a4e-9a51-3a3f1d3c0a01
7bbae4d8-867b-4d7e-9b44-f17bb78310b0,55fac683-d062-4b87-b3b1-519df3940f4e,371ecd7b-27cd-4130-8722-9389571aa876,3b0b0e6c-5a36-4b8e-8c1e-0d7c5e2f9a11,25.5,429600000.0,10954800000.0,191355000.0,10763445000.0,393633000.0,2,7f5b6f7e-1c2d-4a4e-9a51-3a3f1d3c0a01
f8563880-a7f3-4fe3-9a73-f6a1c17e09cb,50e9636e-197d-48b1-961b-14dd45f11959,fc377a4c-4a15-444d-85e7-ce8a3a578a8e,3b0b0e6c-5a36-4b8e-8c1e-0d7c5e2f9a11,15.0,510300000.0,7654500000.0,203360000.0,7451140000.0,453765000.0,1,7f5b6f7e-1c2d-4a4e-9a51-3a3f1d3c0a01
7e337fb1-6c07-4da8-b63f-ace7e8af5d90,54b69482-f903-41e5-ba86-80ddae6773af,5be6128e-18c2-4797-a142-ea7d17be3111,3b0b0e6c-5a36-4b8e-8c1e-0d7c5e2f9a11,50.0,459700000.0,22985000000.0,1076606000.0,21908394000.0,416620000.0,1,7f5b6f7e-1c2d-4a4e-9a51-3a3f1d3c0a01
fd6bf551-c15f-42b1-97eb-218d8b6cf567,ebbe1cf4-4496-4518-9e19-ad54514fe370,b74d0fb1-32e7-4629-8fad-c1a606cb0fb3,3b0b0e6c-5a36-4b8e-8c1e-0d7c5e2f9a11,24.5,449300000.0,11007850000.0,278779000.0,10729071000.0,407724000.0,1,7f5b6f7e-1c2d-4a4e-9a51-3a3f1d3c0a01
e1e218b4-b42f-44fa-9049-361ef6663e93,ebbe1cf4-4496-4518-9e19-ad54514fe370,c241330b-01a9-471f-9e8a-774bcf36d58b,3b0b0e6c-5a36-4b8e-8c1e-0d7c5e2f9a11,11.0,470600000.0,5176600000.0,131100000.0,5045500000.0,425566000.0,2,7f5b6f7e-1c2d-4a4e-9a51-3a3f1d3c0a01
a2046bf6-c4ee-49aa-bd88-7093be48da6b,ebbe1cf4-4496-4518-9e19-ad54514fe370,6b65a6a4-8b81-48f6-b38a-088ca65ed389,3b0b0e6c-5a36-4b8e-8c1e-0d7c5e2f9a11,24.5,438300000.0,10738350000.0,271953000.0,10466397000.0,393816000.0,3,7f5b6f7e-1c2d-4a4e-9a51-3a3f1d3c0a01
cc5bb2d1-1fc3-4419-a5f8-699daf9ea8e0,926042fc-d9ca-4e7d-a282-84faa0ab3e0b,bd9c66b3-ad3c-4d6d-9a3d-1fa7bc8960a9,3b0b0e6c-5a36-4b8e-8c1e-0d7c5e2f9a11,245.0,361500000.0,88567500000.0,3143007000.0,85424493000.0,334824000.0,1,7f5b6f7e-1c2d-4a4e-9a51-3a3f1d3c0a01
c5d3c0d7-9e77-4063-98b4-1588501801cc,9620a685-0768-4c54-97bf-12b2ec64eda6,6b65a6a4-8b81-48f6-b38a-088ca65ed389,3b0b0e6c-5a36-4b8e-8c1e-0d7c5e2f9a11,40.0,438300000.0,17532000000.0,667464000.0,16864536000.0,393816000.0,1,7f5b6f7e-1c2d-4a4e-9a51-3a3f1d3c0a01
3a1927cd-88b0-457e-a1ec-294455a54a4a,0a70e53c-a03f-4417-b6f4-af9b7e0a7c12,a9488d99-0bbb-4599-91ce-5dd2b45ed1f0,3b0b0e6c-5a36-4b8e-8c1e-0d7c5e2f9a11,115.0,483900000.0,55648500000.0,3037812000.0,52610688000.0,433001000.0,1,7f5b6f7e-1c2d-4a4e-9a51-3a3f1d3c0a01
17fd5485-3b8c-4fb2-99a4-494d5d2c3098,5ef0d853-9ebd-4552-9ded-2282dd8b99ad,e2acf72f-9e57-4f7a-a0ee-89aed453dd32,3b0b0e6c-5a36-4b8e-8c1e-0d7c5e2f9a11,75.0,627000000.0,47025000000.0,1640874000.0,45384126000.0,548788000.0,1,7f5b6f7e-1c2d-4a4e-9a51-3a3f1d3c0a01
adca248c-d705-4665-b4f8-6bdd74a1847f,931cc76a-ca68-42ed-827e-a023176b8970,bd9c66b3-ad3c-4d6d-9a3d-1fa7bc8960a9,3b0b0e6c-5a36-4b8e-8c1e-0d7c5e2f9a11,220.0,361500000.0,79530000000.0,1943216000.0,77586784000.0,334824000.0,1,7f5b6f7e-1c2d-4a4e-9a51-3a3f1d3c0a01
a12698cb-e3ad-4493-bb14-6976dfff67ad,303fe6b5-ad01-4254-831e-acd7e888ef39,4b0dbb41-8d52-48f1-942c-3fe860e7a113,3b0b0e6c-5a36-4b8e-8c1e-0d7c5e2f9a11,25.0,631800000.0,15795000000.0,381684000.0,15413316000.0,551886000.0,1,7f5b6f7e-1c2d-4a4e-9a51-3a3f1d3c0a01
86db08be-b97e-45b7-8ad9-530a48fe1af6,63d7599d-9931-42bd-b058-b440050be25e,6b65a6a4-8b81-48f6-b38a-088ca65ed389,3b0b0e6c-5a36-4b8e-8c1e-0d7c5e2f9a11,70.0,438300000.0,30681000000.0,1196970000.0,29484030000.0,393816000.0,1,7f5b6f7e-1c2d-4a4e-9a51-3a3f1d3c0a01
ca9e39ee-e223-431a-a21c-52593ff9de89,dd2a62a7-f61c-4fe9-b2ec-81aaf42b0176,371ecd7b-27cd-4130-8722-9389571aa876,3b0b0e6c-5a36-4b8e-8c1e-0d7c5e2f9a11,55.0,429600000.0,23628000000.0,506705000.0,23121295000.0,393633000.0,1,7f5b6f7e-1c2d-4a4e-9a51-3a3f1d3c0a01
45787a44-fa51-427c-b726-2aa06ddcafbe,dd839d94-bc11-4e6d-8657-52d85849b91a,972a8469-1641-4f82-8b9d-2434e465e150,3b0b0e6c-5a36-4b8e-8c1e-0d7c5e2f9a11,175.0,352900000.0,61757500000.0,2079428000.0,59678072000.0,318368000.0,1,7f5b6f7e-1c2d-4a4e-9a51-3a3f1d3c0a01
9ea4c702-41cd-475f-99f0-3efad987d0ac,74f709e1-7393-4cc3-abfa-b74119500d0e,ec1b8ca1-f91e-4d4c-9ff4-9b7889463e85,3b0b0e6c-5a36-4b8e-8c1e-0d7c5e2f9a11,51.0,535700000.00000006,27320700000.000004,1835598000.0,25485102000.000004,483541000.0,1,7f5b6f7e-1c2d-4a4e-9a51-3a3f1d3c0a01
534deacf-6caf-49a4-b89f-76981f5630fd,74f709e1-7393-4cc3-abfa-b74119500d0e,759cde66-bacf-43d0-8b1f-9163ce9ff57f,3b0b0e6c-5a36-4b8e-8c1e-0d7c5e2f9a11,24.0,547200000.0,13132800000.0,882355000.0,12250445000.0,489514000.0,2,7f5b6f7e-1c2d-4a4e-9a51-3a3f1d3c0a01
ae11a2d4-d1f2-4a34-abc3-406023f969f2,73c99dc1-3c10-43b5-88e8-cacd0c008903,3139d32c-93cd-49bf-9c94-1cf0dc98d2c1,3b0b0e6c-5a36-4b8e-8c1e-0d7c5e2f9a11,20.0,497500000.0,9950000000.0,334814000.0,9615186000.0,443472000.0,1,7f5b6f7e-1c2d-4a4e-9a51-3a3f1d3c0a01
94d84190-3248-4331-8db3-ba52da7f0a7b,08baea08-df6d-4da3-9d84-0a88a586e69c,371ecd7b-27cd-4130-8722-9389571aa876,3b0b0e6c-5a36-4b8e-8c1e-0d7c5e2f9a11,20.0,429600000.0,8592000000.0,446434000.0,8145566000.0,393633000.0,1,7f5b6f7e-1c2d-4a4e-9a51-3a3f1d3c0a01
19f23c17-f158-46b0-8bbc-0b507d236b5c,e45fbf0c-777c-412f-9275-5c2569ab9b4c,972a8469-1641-4f82-8b9d-2434e465e150,3b0b0e6c-5a36-4b8e-8c1e-0d7c5e2f9a11,105.0,353900000.0,37159500000.0,1173174000.0,35986326000.0,329962000.0,1,7f5b6f7e-1c2d-4a4e-9a51-3a3f1d3c0a01
35156681-c463-4518-b353-802511fe14e2,253269bf-58ea-48fc-a91e-1b34ce41ae8b,43b7a3a6-9a8d-4a03-980d-7b71d8f56413,3b0b0e6c-5a36-4b8e-8c1e-0d7c5e2f9a11,145.0,465100000.0,67439500000.0,1541221000.0,65898279000.0,430032000.0,1,7f5b6f7e-1c2d-4a4e-9a51-3a3f1d3c0a01
4b31cb38-0f55-4d39-ba96-aaed862122d3,ce03fe1e-4723-43ac-89c4-8fe87694e3a7,bdd640fb-0667-4ad1-9c80-317fa3b1799d,3b0b0e6c-5a36-4b8e-8c1e-0d7c5e2f9a11,22.5,375700000.0,8453250000.0,220615000.0,8232635000.0,348381000.0,1,7f5b6f7e-1c2d-4a4e-9a51-3a3f1d3c0a01
e9b95c68-87ca-41ca-a3f9-d5d1d5af83c1,ce03fe1e-4723-43ac-89c4-8fe87694e3a7,23b8c1e9-3924-46de-beb1-3b9046685257,3b0b0e6c-5a36-4b8e-8c1e-0d7c5e2f9a11,2.5,367400000.0,918500000.0,23971000.0,894529000.0,340714000.0,2,7f5b6f7e-1c2d-4a4e-9a51-3a3f1d3c0a01
38d4bae1-5d18-40bd-8264-4beb4f233a04,df4f010e-bad3-4d3f-b31b-1837596b4201,43b7a3a6-9a8d-4a03-980d-7b71d8f56413,3b0b0e6c-5a36-4b8e-8c1e-0d7c5e2f9a11,155.0,465100000.0,72090500000.0,3050990000.0,69039510000.0,430032000.0,1,7f5b6f7e-1c2d-4a4e-9a51-3a3f1d3c0a01
91a986a0-9594-426c-b52d-d548542e1e8b,0f7a9eee-05eb-4cff-8bf8-4d76430783fc,b74d0fb1-32e7-4629-8fad-c1a606cb0fb3,3b0b0e6c-5a36-4b8e-8c1e-0d7c5e2f9a11,4.5,449300000.0,2021850000.0,57788000.0,1964062000.0,407724000.0,1,7f5b6f7e-1c2d-4a4e-9a51-3a3f1d3c0a01
4d88e9d3-8c72-4079-9ac3-7e3b7cd62be9,0f7a9eee-05eb-4cff-8bf8-4d76430783fc,47378190-96da-4dac-b2ff-5d2a386ecbe0,3b0b0e6c-5a36-4b8e-8c1e-0d7c5e2f9a11,20.5,435900000.0,8935950000.0,255407000.0,8680543000.0,396927000.0,2,7f5b6f7e-1c2d-4a4e-9a51-3a3f1d3c0a01
25eac1a3-28e3-4fcd-89ff-0e7ea44be3a3,05ac5b6b-d560-4096-a2cc-bf4f4da1e3ea,b74d0fb1-32e7-4629-8fad-c1a606cb0fb3,3b0b0e6c-5a36-4b8e-8c1e-0d7c5e2f9a11,55.0,449300000.0,24711500000.0,733748000.0,23977752000.0,407724000.0,1,7f5b6f7e-1c2d-4a4e-9a51-3a3f1d3c0a01
22788854-ed2c-408b-a1e9-c802bd1eb048,1db6e10f-96a8-4047-a03c-7799050582e9,17fc695a-07a0-4a6e-8822-e8f36c031199,3b0b0e6c-5a36-4b8e-8c1e-0d7c5e2f9a11,105.0,358000000.0,37590000000.0,551167000.0,37038833000.0,338750000.0,1,7f5b6f7e-1c2d-4a4e-9a51-3a3f1d3c0a01
c530052f-d5f0-44fe-8bce-f30c05b4581e,e8b6678a-e1f6-4e9f-99dc-ef9f4a76d529,a9488d99-0bbb-4599-91ce-5dd2b45ed1f0,3b0b0e6c-5a36-4b8e-8c1e-0d7c5e2f9a11,15.5,483900000.0,7500450000.0,605028000.0,6895422000.0,433001000.0,1,7f5b6f7e-1c2d-4a4e-9a51-3a3f1d3c0a01
3e64580c-2ebd-4ffb-9ccc-303c79652bc7,e8b6678a-e1f6-4e9f-99dc-ef9f4a76d529,fc377a4c-4a15-444d-85e7-ce8a3a578a8e,3b0b0e6c-5a36-4b8e-8c1e-0d7c5e2f9a11,33.5,510300000.0,17095050000.0,1378981000.0,15716069000.0,453765000.0,2,7f5b6f7e-1c2d-4a4e-9a51-3a3f1d3c0a01
33efa68c-5eba-4a68-86a2-062b247e964d,e8b6678a-e1f6-4e9f-99dc-ef9f4a76d529,3139d32c-93cd-49bf-9c94-1cf0dc98d2c1,3b0b0e6c-5a36-4b8e-8c1e-0d7c5e2f9a11,26.0,497500000.0,12935000000.0,1043408000.0,11891592000.0,443472000.0,3,7f5b6f7e-1c2d-4a4e-9a51-3a3f1d3c0a01
f7de7324-e6c1-4be5-8cb3-4480724b0f18,3f6ea89b-ac54-4c86-a86b-245f62820fab,371ecd7b-27cd-4130-8722-9389571aa876,3b0b0e6c-5a36-4b8e-8c1e-0d7c5e2f9a11,240.0,429600000.0,103104000000.0,2660203000.0,100443797000.0,393633000.0,1,7f5b6f7e-1c2d-4a4e-9a51-3a3f1d3c0a01
434a57c4-42f5-4188-994d-6335cf5bc906,1b1dd405-cfa4-45bd-8fd2-ed8c8b6242d4,5be6128e-18c2-4797-a142-ea7d17be3111,3b0b0e6c-5a36-4b8e-8c1e-0d7c5e2f9a11,30.5,459700000.0,14020850000.0,672642000.0,13348208000.0,416620000.0,1,7f5b6f7e-1c2d-4a4e-9a51-3a3f1d3c0a01
9ed26f3d-6399-4cfe-8815-a8e770456859,1b1dd405-cfa4-45bd-8fd2-ed8c8b6242d4,1a2a73ed-562b-4f79-8374-59eef50bea63,3b0b0e6c-5a36-4b8e-8c1e-0d7c5e2f9a11,19.0,454200000.0,8629800000.0,414010000.0,8215790000.0,426795000.0,2,7f5b6f7e-1c2d-4a4e-9a51-3a3f1d3c0a01
7ede1317-5c15-48b7-b902-12de076b44ed,1b1dd405-cfa4-45bd-8fd2-ed8c8b6242d4,43b7a3a6-9a8d-4a03-980d-7b71d8f56413,3b0b0e6c-5a36-4b8e-8c1e-0d7c5e2f9a11,10.5,465100000.0,4883550000.0,234286000.0,4649264000.0,430032000.0,3,7f5b6f7e-1c2d-4a4e-9a51-3a3f1d3c0a01
9e45e5f0-181a-49f1-9931-2ee6f8c4c694,674440a3-df1f-4814-aaf1-ee3c9dbfa0d4,4b0dbb41-8d52-48f1-942c-3fe860e7a113,3b0b0e6c-5a36-4b8e-8c1e-0d7c5e2f9a11,95.0,646800000.0,61446000000.0,2457367000.0,58988633000.0,559143000.0,1,7f5b6f7e-1c2d-4a4e-9a51-3a3f1d3c0a01
6fc17099-4a67-4d0f-91f9-a9bb3e91a958,65207f14-89fe-4962-95e2-9644b63e18a9,bdd640fb-0667-4ad1-9c80-317fa3b1799d,3b0b0e6c-5a36-4b8e-8c1e-0d7c5e2f9a11,35.0,383500000.0,13422500000.0,531402000.0,12891098000.0,351280000.0,1,7f5b6f7e-1c2d-4a4e-9a51-3a3f1d3c0a01
10fce265-492b-41a9-9242-66d7320bb95a,af7623b3-c7aa-4946-a2d3-43dbfbfd6c78,bd9c66b3-ad3c-4d6d-9a3d-1fa7bc8960a9,3b0b0e6c-5a36-4b8e-8c1e-0d7c5e2f9a11,9.5,361500000.0,3434250000.0,98603000.0,3335647000.0,334824000.0,1,7f5b6f7e-1c2d-4a4e-9a51-3a3f1d3c0a01
b0bbbb3b-3eca-4e38-ab57-17787550a823,af7623b3-c7aa-4946-a2d3-43dbfbfd6c78,17fc695a-07a0-4a6e-8822-e8f36c031199,3b0b0e6c-5a36-4b8e-8c1e-0d7c5e2f9a11,20.5,358000000.0,7339000000.0,210714000.0,7128286000.0,338750000.0,2,7f5b6f7e-1c2d-4a4e-9a51-3a3f1d3c0a01
38b87bf0-3a12-406b-99b2-38acad0ad029,543b4d84-1564-4fd5-b3d6-e956028e7074,9a1de644-815e-46d1-bb8f-aa1837f8a88b,3b0b0e6c-5a36-4b8e-8c1e-0d7c5e2f9a11,40.0,345900000.0,13836000000.0,352180000.0,13483820000.0,325474000.0,1,7f5b6f7e-1c2d-4a4e-9a51-3a3f1d3c0a01
b08dddce-985e-4acb-8ca4-c7e663b484ca,6aed4194-8c4d-483b-b2cd-ea9ba3f43ad8,1a2a73ed-562b-4f79-8374-59eef50bea63,3b0b0e6c-5a36-4b8e-8c1e-0d7c5e2f9a11,80.0,474200000.0,37936000000.0,1084507000.0,36851493000.0,420135000.0,1,7f5b6f7e-1c2d-4a4e-9a51-3a3f1d3c0a01
64a71e8c-5c0a-4c84-aa22-83661a9bac82,954e0b15-d368-4727-8d3d-efd40a2bb511,bdd640fb-0667-4ad1-9c80-317fa3b1799d,3b0b0e6c-5a36-4b8e-8c1e-0d7c5e2f9a11,58.0,412700000.0,23936600000.0,1240421000.0,22696179000.0,358572000.0,1,7f5b6f7e-1c2d-4a4e-9a51-3a3f1d3c0a01
fd4479d3-02dc-42cb-9bc2-2c7cd5ca4e0d,954e0b15-d368-4727-8d3d-efd40a2bb511,972a8469-1641-4f82-8b9d-2434e465e150,3b0b0e6c-5a36-4b8e-8c1e-0d7c5e2f9a11,42.0,394800000.0,16581600000.0,859276000.0,15722324000.0,340340000.0,2,7f5b6f7e-1c2d-4a4e-9a51-3a3f1d3c0a01
eb397b91-f0c2-4bb5-ac38-3924d83c1ce4,1c328f13-134c-4302-8b54-c9a69efe157e,9a1de644-815e-46d1-bb8f-aa1837f8a88b,3b0b0e6c-5a36-4b8e-8c1e-0d7c5e2f9a11,24.5,358900000.0,8793050000.0,506495000.0,8286555000.0,323416000.0,1,7f5b6f7e-1c2d-4a4e-9a51-3a3f1d3c0a01
48a1dc58-c33d-44df-8eba-9cde6eb9c721,1c328f13-134c-4302-8b54-c9a69efe157e,17fc695a-07a0-4a6e-8822-e8f36c031199,3b0b0e6c-5a36-4b8e-8c1e-0d7c5e2f9a11,115.5,361900000.0,41799450000.0,2407722000.0,39391728000.0,334730000.0,2,7f5b6f7e-1c2d-4a4e-9a51-3a3f1d3c0a01
23f98c55-a00e-4cb9-8128-b55ab7f5bcac,cd784178-3c90-4eda-b650-b1457c12c7bc,9a1de644-815e-46d1-bb8f-aa1837f8a88b,3b0b0e6c-5a36-4b8e-8c1e-0d7c5e2f9a11,29.0,358900000.0,10408100000.0,574803000.0,9833297000.0,323416000.0,1,7f5b6f7e-1c2d-4a4e-9a51-3a3f1d3c0a01
a720dadb-6ad7-402b-9007-d1e7cf8cf363,cd784178-3c90-4eda-b650-b1457c12c7bc,bd9c66b3-ad3c-4d6d-9a3d-1fa7bc8960a9,3b0b0e6c-5a36-4b8e-8c1e-0d7c5e2f9a11,16.0,367300000.0,5876800000.0,324555000.0,5552245000.0,338002000.0,2,7f5b6f7e-1c2d-4a4e-9a51-3a3f1d3c0a01
54dec42a-b95e-4d87-8eaf-0aaad5278599,53e28593-61df-4fa4-b18d-d4f5066752ca,bd9c66b3-ad3c-4d6d-9a3d-1fa7bc8960a9,3b0b0e6c-5a36-4b8e-8c1e-0d7c5e2f9a11,100.0,367300000.0,36730000000.0,1270311000.0,35459689000.0,338002000.0,1,7f5b6f7e-1c2d-4a4e-9a51-3a3f1d3c0a01
33f0d6f0-36ed-44eb-8e5d-840444964033,90c07b36-1ea6-4835-8ba2-3779d58860d8,5be6128e-18c2-4797-a142-ea7d17be3111,3b0b0e6c-5a36-4b8e-8c1e-0d7c5e2f9a11,35.0,461700000.0,16159500000.0,657403000.0,15502097000.0,425222000.0,1,7f5b6f7e-1c2d-4a4e-9a51-3a3f1d3c0a01
7feb569e-b6c3-45d8-8f27-c16d684c6931,9cb368a8-195e-49a2-ba4d-e650b45ce351,ec1b8ca1-f91e-4d4c-9ff4-9b7889463e85,3b0b0e6c-5a36-4b8e-8c1e-0d7c5e2f9a11,25.0,550000000.0,13750000000.0,438318000.0,13311682000.0,484809000.0,1,7f5b6f7e-1c2d-4a4e-9a51-3a3f1d3c0a01
bbde3667-1749-40e2-9c8c-69badbc8f5b4,d8b7f3ef-961e-40c2-bb38-14454186bf5a,43b7a3a6-9a8d-4a03-980d-7b71d8f56413,3b0b0e6c-5a36-4b8e-8c1e-0d7c5e2f9a11,14.5,484700000.0,7028150000.0,170669000.0,6857481000.0,430218000.0,1,7f5b6f7e-1c2d-4a4e-9a51-3a3f1d3c0a01
895c0890-2e93-4128-a3ce-1a8d2cfc35c3,d8b7f3ef-961e-40c2-bb38-14454186bf5a,5be6128e-18c2-4797-a142-ea7d17be3111,3b0b0e6c-5a36-4b8e-8c1e-0d7c5e2f9a11,30.5,461700000.0,14081850000.0,341958000.0,13739892000.0,425222000.0,2,7f5b6f7e-1c2d-4a4e-9a51-3a3f1d3c0a01
6c0bd37a-53c3-4e90-a656-cfeb0031b643,6e9fb017-39ec-4890-9c04-c7f5bce57202,17fc695a-07a0-4a6e-8822-e8f36c031199,3b0b0e6c-5a36-4b8e-8c1e-0d7c5e2f9a11,78.0,389600000.0,30388800000.0,2431180000.0,27957620000.0,338376000.0,1,7f5b6f7e-1c2d-4a4e-9a51-3a3f1d3c0a01
5225cbb8-c0aa-4d04-99a9-c1b581afde7a,6e9fb017-39ec-4890-9c04-c7f5bce57202,bdd640fb-0667-4ad1-9c80-317fa3b1799d,3b0b0e6c-5a36-4b8e-8c1e-0d7c5e2f9a11,77.0,412700000.0,31777900000.0,2542312000.0,29235588000.0,358572000.0,2,7f5b6f7e-1c2d-4a4e-9a51-3a3f1d3c0a01
f3da7b0d-f462-4048-8097-1f766e492e51,dbfb2e3c-ce2c-4f7d-8908-529cfd5b8237,bdd640fb-0667-4ad1-9c80-317fa3b1799d,3b0b0e6c-5a36-4b8e-8c1e-0d7c5e2f9a11,34.0,412700000.0,14031800000.0,822537000.0,13209263000.0,358572000.0,1,7f5b6f7e-1c2d-4a4e-9a51-3a3f1d3c0a01
d8038a91-debc-4c9b-a01a-74c345862768,dbfb2e3c-ce2c-4f7d-8908-529cfd5b8237,972a8469-1641-4f82-8b9d-2434e465e150,3b0b0e6c-5a36-4b8e-8c1e-0d7c5e2f9a11,171.0,394800000.0,67510800000.0,3957451000.0,63553349000.0,340340000.0,2,7f5b6f7e-1c2d-4a4e-9a51-3a3f1d3c0a01
99d6cf4b-72ab-4591-9b54-0fe72ad52396,a9597976-bcb9-4e4d-a5f4-ed6b078ec39c,1a2a73ed-562b-4f79-8374-59eef50bea63,3b0b0e6c-5a36-4b8e-8c1e-0d7c5e2f9a11,50.0,514299999.99999994,25714999999.999996,1059400000.0,24655599999.999996,438635000.0,1,7f5b6f7e-1c2d-4a4e-9a51-3a3f1d3c0a01
c8e0a664-012a-473b-82b8-8751ce5df868,a9597976-bcb9-4e4d-a5f4-ed6b078ec39c,5be6128e-18c2-4797-a142-ea7d17be3111,3b0b0e6c-5a36-4b8e-8c1e-0d7c5e2f9a11,26.0,501400000.0,13036400000.0,537071000.0,12499329000.0,427072000.0,2,7f5b6f7e-1c2d-4a4e-9a51-3a3f1d3c0a01
36657196-12b5-4da0-9509-8ae1f129664a,a9597976-bcb9-4e4d-a5f4-ed6b078ec39c,43b7a3a6-9a8d-4a03-980d-7b71d8f56413,3b0b0e6c-5a36-4b8e-8c1e-0d7c5e2f9a11,54.0,524400000.0,28317600000.0,1166622000.0,27150978000.0,448348000.0,3,7f5b6f7e-1c2d-4a4e-9a51-3a3f1d3c0a01
3830ac17-e3c3-4a9a-97c0-aff5003868ec,d1991232-51ba-44b1-ac92-6133714252f0,3139d32c-93cd-49bf-9c94-1cf0dc98d2c1,3b0b0e6c-5a36-4b8e-8c1e-0d7c5e2f9a11,30.0,510000000.0,15300000000.0,683071000.0,14616929000.0,445262000.0,1,7f5b6f7e-1c2d-4a4e-9a51-3a3f1d3c0a01
063c98d8-eac6-4560-88ce-d9f48a398660,36bd2174-db4f-4573-b86c-b67ebbbfc2de,9a1de644-815e-46d1-bb8f-aa1837f8a88b,3b0b0e6c-5a36-4b8e-8c1e-0d7c5e2f9a11,35.0,358900000.0,12561500000.0,444979000.0,12116521000.0,323416000.0,1,7f5b6f7e-1c2d-4a4e-9a51-3a3f1d3c0a01
2f200696-7b41-4d99-9345-50bb4511b929,07fcf70e-0abf-40a5-8b27-50e06b430804,6b65a6a4-8b81-48f6-b38a-088ca65ed389,3b0b0e6c-5a36-4b8e-8c1e-0d7c5e2f9a11,50.0,446500000.0,22325000000.0,315455000.0,22009545000.0,401044000.0,1,7f5b6f7e-1c2d-4a4e-9a51-3a3f1d3c0a01
baa80014-30f1-4462-a690-3ce0a34fa653,4a4daab0-32b4-4207-ad66-c6b9fcb78cd9,ddd1dfb2-3b98-4ef8-9af6-1a26146d3f31,3b0b0e6c-5a36-4b8e-8c1e-0d7c5e2f9a11,240.0,354100000.0,84984000000.0,5261589000.0,79722411000.0,321668000.0,1,7f5b6f7e-1c2d-4a4e-9a51-3a3f1d3c0a01
9afa1606-3cb1-423d-918c-f7122fb90b57,c767ee82-00f1-40f8-91da-b383e5397835,6b65a6a4-8b81-48f6-b38a-088ca65ed389,3b0b0e6c-5a36-4b8e-8c1e-0d7c5e2f9a11,20.0,446500000.0,8930000000.0,143222000.0,8786778000.0,401044000.0,1,7f5b6f7e-1c2d-4a4e-9a51-3a3f1d3c0a01
a0b48ea7-b2ae-4aa0-896f-e8bccac6b6dc,030b79bc-482e-4ae9-a2de-ec438922c52c,fc377a4c-4a15-444d-85e7-ce8a3a578a8e,3b0b0e6c-5a36-4b8e-8c1e-0d7c5e2f9a11,79.5,518000000.0,41181000000.0,520291000.0,40660709000.0,456718000.0,1,7f5b6f7e-1c2d-4a4e-9a51-3a3f1d3c0a01
db93c1df-c6d3-462b-8362-14ea88765597,030b79bc-482e-4ae9-a2de-ec438922c52c,a9488d99-0bbb-4599-91ce-5dd2b45ed1f0,3b0b0e6c-5a36-4b8e-8c1e-0d7c5e2f9a11,39.0,498200000.0,19429800000.0,245481000.0,19184319000.0,433090000.0,2,7f5b6f7e-1c2d-4a4e-9a51-3a3f1d3c0a01
695dffd5-5de8-4f72-81a6-f0a7e2000ea8,030b79bc-482e-4ae9-a2de-ec438922c52c,3139d32c-93cd-49bf-9c94-1cf0dc98d2c1,3b0b0e6c-5a36-4b8e-8c1e-0d7c5e2f9a11,41.5,510000000.0,21165000000.0,267404000.0,20897596000.0,445262000.0,3,7f5b6f7e-1c2d-4a4e-9a51-3a3f1d3c0a01
bbd5eeab-229c-49de-823f-35d943db5044,9e20e54a-5cdc-4284-9a07-660baadfc399,a9488d99-0bbb-4599-91ce-5dd2b45ed1f0,3b0b0e6c-5a36-4b8e-8c1e-0d7c5e2f9a11,175.0,498200000.0,87185000000.0,5264417000.0,81920583000.0,433090000.0,1,7f5b6f7e-1c2d-4a4e-9a51-3a3f1d3c0a01
31c0c665-c6c9-4309-a512-530cc3902e9c,e40e8ef4-0d91-4958-8238-8c9f4bd8caae,bdd640fb-0667-4ad1-9c80-317fa3b1799d,3b0b0e6c-5a36-4b8e-8c1e-0d7c5e2f9a11,10.0,412700000.0,4127000000.0,94018000.0,4032982000.0,358572000.0,1,7f5b6f7e-1c2d-4a4e-9a51-3a3f1d3c0a01
ac58732b-5b5c-469c-b266-edc3251a8295,e40e8ef4-0d91-4958-8238-8c9f4bd8caae,bd9c66b3-ad3c-4d6d-9a3d-1fa7bc8960a9,3b0b0e6c-5a36-4b8e-8c1e-0d7c5e2f9a11,15.0,398100000.0,5971500000.0,136038000.0,5835462000.0,343426000.0,2,7f5b6f7e-1c2d-4a4e-9a51-3a3f1d3c0a01
a4a284c6-d615-4912-a24e-e2687e20ca2f,1b58ca68-9cfb-4d14-bf79-57066549fb21,371ecd7b-27cd-4130-8722-9389571aa876,3b0b0e6c-5a36-4b8e-8c1e-0d7c5e2f9a11,35.0,475700000.0,16649500000.0,878750000.0,15770750000.0,403058000.0,1,7f5b6f7e-1c2d-4a4e-9a51-3a3f1d3c0a01
43fa1e73-4ea5-4a97-b176-74d61b5c2377,565a2363-a939-4251-9c7e-5ebd80eaa49f,17fc695a-07a0-4a6e-8822-e8f36c031199,3b0b0e6c-5a36-4b8e-8c1e-0d7c5e2f9a11,65.0,389600000.0,25324000000.0,612496000.0,24711504000.0,338376000.0,1,7f5b6f7e-1c2d-4a4e-9a51-3a3f1d3c0a01
99c30f06-9e20-4f63-ba90-a7ac7ecc2490,19a06968-c3a3-4bf7-a222-2508d93562d7,bdd640fb-0667-4ad1-9c80-317fa3b1799d,3b0b0e6c-5a36-4b8e-8c1e-0d7c5e2f9a11,18.0,412700000.0,7428600000.0,190909000.0,7237691000.0,358572000.0,1,7f5b6f7e-1c2d-4a4e-9a51-3a3f1d3c0a01
484db12a-0b78-4218-905a-ad0b83315ec6,19a06968-c3a3-4bf7-a222-2508d93562d7,972a8469-1641-4f82-8b9d-2434e465e150,3b0b0e6c-5a36-4b8e-8c1e-0d7c5e2f9a11,12.0,394800000.0,4737600000.0,121753000.0,4615847000.0,340340000.0,2,7f5b6f7e-1c2d-4a4e-9a51-3a3f1d3c0a01
6412b727-e773-44af-81cf-0c0cf8c7dd64,eabdad2f-628d-4aca-abf4-acc3384200a0,1a2a73ed-562b-4f79-8374-59eef50bea63,3b0b0e6c-5a36-4b8e-8c1e-0d7c5e2f9a11,92.5,530400000.0,49062000000.0,1802639000.0,47259361000.0,475727000.0,1,7f5b6f7e-1c2d-4a4e-9a51-3a3f1d3c0a01
ff7726a1-a0f9-495f-82db-f4aa9a1ae500,eabdad2f-628d-4aca-abf4-acc3384200a0,5be6128e-18c2-4797-a142-ea7d17be3111,3b0b0e6c-5a36-4b8e-8c1e-0d7c5e2f9a11,162.5,519900000.0,84483750000.0,3104107000.0,81379643000.0,463795000.0,2,7f5b6f7e-1c2d-4a4e-9a51-3a3f1d3c0a01
c93f00fe-4b17-4a32-8e03-90b3e4527b17,a714a8e0-5220-4b70-8ab5-134db0006470,5be6128e-18c2-4797-a142-ea7d17be3111,3b0b0e6c-5a36-4b8e-8c1e-0d7c5e2f9a11,55.0,519900000.0,28594500000.0,998396000.0,27596104000.0,463795000.0,1,7f5b6f7e-1c2d-4a4e-9a51-3a3f1d3c0a01
0d3f2f3e-6d74-4c30-aff0-8cc8c1b9231f,30ad559e-97dd-4230-93ab-087fc2ae2066,bdd640fb-0667-4ad1-9c80-317fa3b1799d,3b0b0e6c-5a36-4b8e-8c1e-0d7c5e2f9a11,48.0,427500000.0,20520000000.0,1682640000.0,18837360000.0,385874000.0,1,7f5b6f7e-1c2d-4a4e-9a51-3a3f1d3c0a01
2f09f78e-b748-4ec8-8284-06db42a0a82a,30ad559e-97dd-4230-93ab-087fc2ae2066,23b8c1e9-3924-46de-beb1-3b9046685257,3b0b0e6c-5a36-4b8e-8c1e-0d7c5e2f9a11,32.0,420100000.0,13443200000.0,1102342000.0,12340858000.0,377834000.0,2,7f5b6f7e-1c2d-4a4e-9a51-3a3f1d3c0a01
8ad5886d-b7b4-4114-886e-839b77d7745c,336d9178-fa16-41ba-bbbb-fc3beace85d1,4b0dbb41-8d52-48f1-942c-3fe860e7a113,3b0b0e6c-5a36-4b8e-8c1e-0d7c5e2f9a11,45.0,730900000.0,32890500000.0,1035559000.0,31854941000.0,633040000.0,1,7f5b6f7e-1c2d-4a4e-9a51-3a3f1d3c0a01
188e8ed4-f8fc-4aa1-8d68-207e000b3ba0,cb0aea27-c71d-4100-80b4-b859ae520d8b,bd9c66b3-ad3c-4d6d-9a3d-1fa7bc8960a9,3b0b0e6c-5a36-4b8e-8c1e-0d7c5e2f9a11,20.5,410600000.0,8417300000.0,286788000.0,8130512000.0,372224000.0,1,7f5b6f7e-1c2d-4a4e-9a51-3a3f1d3c0a01
cba14ec9-f8ed-44fb-8720-7e686ae39a3d,cb0aea27-c71d-4100-80b4-b859ae520d8b,bdd640fb-0667-4ad1-9c80-317fa3b1799d,3b0b0e6c-5a36-4b8e-8c1e-0d7c5e2f9a11,4.5,427500000.0,1923750000.0,65545000.0,1858205000.0,385874000.0,2,7f5b6f7e-1c2d-4a4e-9a51-3a3f1d3c0a01
34a327cd-aadd-413d-841c-1972cefa5153,905ad637-1afd-4d71-a4aa-9a4889a3c0d9,e2acf72f-9e57-4f7a-a0ee-89aed453dd32,3b0b0e6c-5a36-4b8e-8c1e-0d7c5e2f9a11,51.0,712800000.0,36352800000.0,667399000.0,35685401000.0,609676000.0,1,7f5b6f7e-1c2d-4a4e-9a51-3a3f1d3c0a01
2ab05306-cf48-4365-b777-f6d82c6415f0,905ad637-1afd-4d71-a4aa-9a4889a3c0d9,4b0dbb41-8d52-48f1-942c-3fe860e7a113,3b0b0e6c-5a36-4b8e-8c1e-0d7c5e2f9a11,9.0,730900000.0,6578100000.0,120767000.0,6457333000.0,633040000.0,2,7f5b6f7e-1c2d-4a4e-9a51-3a3f1d3c0a01
d1fe681b-c921-467b-901c-01f4d8dc87a5,32ffdaa2-2d88-47a7-adb9-c56b99a1a61e,972a8469-1641-4f82-8b9d-2434e465e150,3b0b0e6c-5a36-4b8e-8c1e-0d7c5e2f9a11,35.0,411200000.0,14392000000.0,579453000.0,13812547000.0,369138000.0,1,7f5b6f7e-1c2d-4a4e-9a51-3a3f1d3c0a01
04603c24-e183-4b7a-a8a5-2c223896dce6,32ffdaa2-2d88-47a7-adb9-c56b99a1a61e,17fc695a-07a0-4a6e-8822-e8f36c031199,3b0b0e6c-5a36-4b8e-8c1e-0d7c5e2f9a11,52.0,408500000.0,21242000000.0,855249000.0,20386751000.0,364276000.0,2,7f5b6f7e-1c2d-4a4e-9a51-3a3f1d3c0a01
47d082b0-a429-4d60-8ee6-3f60b35f0786,32ffdaa2-2d88-47a7-adb9-c56b99a1a61e,bd9c66b3-ad3c-4d6d-9a3d-1fa7bc8960a9,3b0b0e6c-5a36-4b8e-8c1e-0d7c5e2f9a11,48.5,410600000.0,19914100000.0,801785000.0,19112315000.0,372224000.0,3,7f5b6f7e-1c2d-4a4e-9a51-3a3f1d3c0a01
af055648-19e9-401f-9004-5eeadb674419,1da7bdd9-e0b9-4320-b6c4-f6b29b0db81d,e2acf72f-9e57-4f7a-a0ee-89aed453dd32,3b0b0e6c-5a36-4b8e-8c1e-0d7c5e2f9a11,45.0,712800000.0,32076000000.0,971545000.0,31104455000.0,609676000.0,1,7f5b6f7e-1c2d-4a4e-9a51-3a3f1d3c0a01
5af8c85c-c7e3-43d4-b84c-10ae4d1bf4ee,47becdc4-bbf5-4d6d-81b1-6807a036a75d,23b8c1e9-3924-46de-beb1-3b9046685257,3b0b0e6c-5a36-4b8e-8c1e-0d7c5e2f9a11,220.0,426700000.0,93874000000.0,4897796000.0,88976204000.0,396253000.0,1,7f5b6f7e-1c2d-4a4e-9a51-3a3f1d3c0a01
7811f8b3-c7c9-4deb-be6e-2cdefd4bfe0a,3125ea31-c7ef-4e37-8052-7a8929561b8d,6b65a6a4-8b81-48f6-b38a-088ca65ed389,3b0b0e6c-5a36-4b8e-8c1e-0d7c5e2f9a11,7.5,496200000.0,3721500000.0,60036000.0,3661464000.0,446703000.0,1,7f5b6f7e-1c2d-4a4e-9a51-3a3f1d3c0a01
69df2959-cc4f-4fe7-b6a7-fc67be4af3f8,3125ea31-c7ef-4e37-8052-7a8929561b8d,47378190-96da-4dac-b2ff-5d2a386ecbe0,3b0b0e6c-5a36-4b8e-8c1e-0d7c5e2f9a11,47.5,495700000.0,23545750000.0,379848000.0,23165902000.0,439932000.0,2,7f5b6f7e-1c2d-4a4e-9a51-3a3f1d3c0a01
882eb9f9-5be0-4e19-ad6c-c00ed8e77a20,80b99b9e-3ced-4d81-aeeb-32b22cd3d40d,371ecd7b-27cd-4130-8722-9389571aa876,3b0b0e6c-5a36-4b8e-8c1e-0d7c5e2f9a11,95.0,495900000.0,47110500000.0,1401576000.0,45708924000.0,453748000.0,1,7f5b6f7e-1c2d-4a4e-9a51-3a3f1d3c0a01
4859e181-ece2-4489-acb9-731c360ff6e3,65da3acc-285b-4cd9-8645-ea4cc2b5de99,3139d32c-93cd-49bf-9c94-1cf0dc98d2c1,3b0b0e6c-5a36-4b8e-8c1e-0d7c5e2f9a11,18.0,570900000.0,10276200000.0,246755000.0,10029445000.0,490550000.0,1,7f5b6f7e-1c2d-4a4e-9a51-3a3f1d3c0a01
4b7bb5fb-5ab7-4461-bb66-e10401f54557,65da3acc-285b-4cd9-8645-ea4cc2b5de99,a9488d99-0bbb-4599-91ce-5dd2b45ed1f0,3b0b0e6c-5a36-4b8e-8c1e-0d7c5e2f9a11,33.5,559700000.0,18749950000.0,450230000.0,18299720000.0,488670000.0,2,7f5b6f7e-1c2d-4a4e-9a51-3a3f1d3c0a01
5f5b0924-5b94-4b6c-be3a-5bb1c18c62a1,65da3acc-285b-4cd9-8645-ea4cc2b5de99,fc377a4c-4a15-444d-85e7-ce8a3a578a8e,3b0b0e6c-5a36-4b8e-8c1e-0d7c5e2f9a11,8.5,582100000.0,4947850000.0,118809000.0,4829041000.0,501737000.0,3,7f5b6f7e-1c2d-4a4e-9a51-3a3f1d3c0a01
5db6b133-afbb-41bb-9dae-04232e5181b6,f5e68e1f-1846-402a-8894-a869039de625,3139d32c-93cd-49bf-9c94-1cf0dc98d2c1,3b0b0e6c-5a36-4b8e-8c1e-0d7c5e2f9a11,105.0,584200000.0,61341000000.0,2869519000.0,58471481000.0,510956000.0,1,7f5b6f7e-1c2d-4a4e-9a51-3a3f1d3c0a01
eeef8133-e8f1-4018-964a-894a159a147c,b2b33d90-58de-4565-a6b9-cc1cc75eb31d,972a8469-1641-4f82-8b9d-2434e465e150,3b0b0e6c-5a36-4b8e-8c1e-0d7c5e2f9a11,175.0,412300000.0,72152500000.0,1861227000.0,70291273000.0,384472000.0,1,7f5b6f7e-1c2d-4a4e-9a51-3a3f1d3c0a01
4447f9e8-a71a-41c6-b4b1-a3c7708f805d,c649ee31-a373-499b-a529-04a166e3c03f,6b65a6a4-8b81-48f6-b38a-088ca65ed389,3b0b0e6c-5a36-4b8e-8c1e-0d7c5e2f9a11,55.0,502600000.0,27643000000.0,523703000.0,27119297000.0,454023000.0,1,7f5b6f7e-1c2d-4a4e-9a51-3a3f1d3c0a01
49709a5e-22dc-47e5-aa6e-a218440a755c,4fe2a864-cd19-4604-a1ae-23bfc94c0481,43b7a3a6-9a8d-4a03-980d-7b71d8f56413,3b0b0e6c-5a36-4b8e-8c1e-0d7c5e2f9a11,9.5,553900000.0,5262050000.0,138745000.0,5123305000.0,502645000.0,1,7f5b6f7e-1c2d-4a4e-9a51-3a3f1d3c0a01
45c6e916-e6c3-4bc6-8ee8-acc5575b7b08,4fe2a864-cd19-4604-a1ae-23bfc94c0481,5be6128e-18c2-4797-a142-ea7d17be3111,3b0b0e6c-5a36-4b8e-8c1e-0d7c5e2f9a11,45.5,531700000.00000006,24192350000.000004,637883000.0,23554467000.000004,480908000.0,2,7f5b6f7e-1c2d-4a4e-9a51-3a3f1d3c0a01
596755ca-22be-4fbe-94f7-8fdd0435e3fd,e93b1616-02f6-4403-b97a-7f49a37eea12,ec1b8ca1-f91e-4d4c-9ff4-9b7889463e85,3b0b0e6c-5a36-4b8e-8c1e-0d7c5e2f9a11,10.0,622000000.0,6220000000.0,108476000.0,6111524000.0,560648000.0,1,7f5b6f7e-1c2d-4a4e-9a51-3a3f1d3c0a01
64f375d2-35af-4f5f-8be0-4cd01503cb8a,e93b1616-02f6-4403-b97a-7f49a37eea12,759cde66-bacf-43d0-8b1f-9163ce9ff57f,3b0b0e6c-5a36-4b8e-8c1e-0d7c5e2f9a11,10.0,641900000.0,6419000000.0,111946000.0,6307054000.0,564539000.0,2,7f5b6f7e-1c2d-4a4e-9a51-3a3f1d3c0a01
8dbf68e6-6f4a-46db-b921-0844c9f0b01a,9cc8014e-ad01-42a7-a526-29abdd84b35d,371ecd7b-27cd-4130-8722-9389571aa876,3b0b0e6c-5a36-4b8e-8c1e-0d7c5e2f9a11,98.0,495900000.0,48598200000.0,750677000.0,47847523000.0,453748000.0,1,7f5b6f7e-1c2d-4a4e-9a51-3a3f1d3c0a01
27cc5183-ef2c-41cf-986b-f01b9c17d8bf,9cc8014e-ad01-42a7-a526-29abdd84b35d,6c307511-b2b9-437a-a8df-6ec4ce4a2bbd,3b0b0e6c-5a36-4b8e-8c1e-0d7c5e2f9a11,26.5,493200000.0,13069800000.0,201884000.0,12867916000.0,435266000.0,2,7f5b6f7e-1c2d-4a4e-9a51-3a3f1d3c0a01
cc576fd7-aaf0-49c2-b1d0-c67d9d14a6fe,9cc8014e-ad01-42a7-a526-29abdd84b35d,b74d0fb1-32e7-4629-8fad-c1a606cb0fb3,3b0b0e6c-5a36-4b8e-8c1e-0d7c5e2f9a11,15.0,510600000.0,7659000000.0,118305000.0,7540695000.0,468754000.0,3,7f5b6f7e-1c2d-4a4e-9a51-3a3f1d3c0a01
2f4715d9-4a50-4ced-81bb-8168a23b7479,daa8310b-1dcf-40e2-83c3-732ce9492f76,c241330b-01a9-471f-9e8a-774bcf36d58b,3b0b0e6c-5a36-4b8e-8c1e-0d7c5e2f9a11,55.0,542700000.0,29848500000.0,1805295000.0,28043205000.0,488336000.0,1,7f5b6f7e-1c2d-4a4e-9a51-3a3f1d3c0a01
564b7ff5-8666-462c-b979-34bbfa27be8c,824ac787-1c23-4a8d-ae9a-61753c66d5dd,ec1b8ca1-f91e-4d4c-9ff4-9b7889463e85,3b0b0e6c-5a36-4b8e-8c1e-0d7c5e2f9a11,10.0,622000000.0,6220000000.0,416671000.0,5803329000.0,560648000.0,1,7f5b6f7e-1c2d-4a4e-9a51-3a3f1d3c0a01
261b15c8-57f3-4850-bf6f-6b3c73348526,824ac787-1c23-4a8d-ae9a-61753c66d5dd,759cde66-bacf-43d0-8b1f-9163ce9ff57f,3b0b0e6c-5a36-4b8e-8c1e-0d7c5e2f9a11,10.0,641900000.0,6419000000.0,430002000.0,5988998000.0,564539000.0,2,7f5b6f7e-1c2d-4a4e-9a51-3a3f1d3c0a01
f8def7d6-81df-48ae-8eea-e787cf7421d1,6a2c5b7d-7e89-4f91-8cb4-743a4b8ceb43,5be6128e-18c2-4797-a142-ea7d17be3111,3b0b0e6c-5a36-4b8e-8c1e-0d7c5e2f9a11,32.0,531700000.00000006,17014400000.000002,889770000.0,16124630000.000002,480908000.0,1,7f5b6f7e-1c2d-4a4e-9a51-3a3f1d3c0a01
bc97eb7b-cf8d-440d-bf58-c799a844f459,6a2c5b7d-7e89-4f91-8cb4-743a4b8ceb43,1a2a73ed-562b-4f79-8374-59eef50bea63,3b0b0e6c-5a36-4b8e-8c1e-0d7c5e2f9a11,158.0,544800000.0,86078400000.0,4501481000.0,81576919000.0,490620000.0,2,7f5b6f7e-1c2d-4a4e-9a51-3a3f1d3c0a01
afbacaa6-2211-4935-ab3e-4b0d90c77b78,56896490-9dc4-4fd3-a39c-b178b01a38fc,1a2a73ed-562b-4f79-8374-59eef50bea63,3b0b0e6c-5a36-4b8e-8c1e-0d7c5e2f9a11,25.5,544800000.0,13892400000.0,491649000.0,13400751000.0,490620000.0,1,7f5b6f7e-1c2d-4a4e-9a51-3a3f1d3c0a01
43a0deca-793c-4b66-a146-8fe1abc73411,56896490-9dc4-4fd3-a39c-b178b01a38fc,5be6128e-18c2-4797-a142-ea7d17be3111,3b0b0e6c-5a36-4b8e-8c1e-0d7c5e2f9a11,34.5,531700000.00000006,18343650000.000004,649178000.0,17694472000.000004,480908000.0,2,7f5b6f7e-1c2d-4a4e-9a51-3a3f1d3c0a01
3b537a6c-3754-4ce6-9312-115e20aed78f,56896490-9dc4-4fd3-a39c-b178b01a38fc,43b7a3a6-9a8d-4a03-980d-7b71d8f56413,3b0b0e6c-5a36-4b8e-8c1e-0d7c5e2f9a11,30.0,553900000.0,16617000000.0,588072000.0,16028928000.0,502645000.0,3,7f5b6f7e-1c2d-4a4e-9a51-3a3f1d3c0a01
c5ccb4a6-26d2-4d05-b562-ca3c1ed556f8,c9733b50-1aa5-4c7d-8603-538647f3d1bf,ec1b8ca1-f91e-4d4c-9ff4-9b7889463e85,3b0b0e6c-5a36-4b8e-8c1e-0d7c5e2f9a11,55.0,622000000.0,34210000000.0,1111901000.0,33098099000.0,560648000.0,1,7f5b6f7e-1c2d-4a4e-9a51-3a3f1d3c0a01
f82ff6c2-c4bf-4cd4-96b2-c46e36ef9e04,c2a9461d-c47b-4ecd-93a1-0485420de6dd,972a8469-1641-4f82-8b9d-2434e465e150,3b0b0e6c-5a36-4b8e-8c1e-0d7c5e2f9a11,20.0,412300000.0,8246000000.0,239017000.0,8006983000.0,384472000.0,1,7f5b6f7e-1c2d-4a4e-9a51-3a3f1d3c0a01
37326ad4-e4e1-4460-8417-ed919da8f224,394e4a92-c858-4a77-a646-91199e02dbb1,6b65a6a4-8b81-48f6-b38a-088ca65ed389,3b0b0e6c-5a36-4b8e-8c1e-0d7c5e2f9a11,50.0,502600000.0,25130000000.0,642290000.0,24487710000.0,454023000.0,1,7f5b6f7e-1c2d-4a4e-9a51-3a3f1d3c0a01
af78cb76-32eb-43f2-ae35-abc9860a67f9,362ee265-12cb-4d9d-be6b-a40c3a25f8ef,6b65a6a4-8b81-48f6-b38a-088ca65ed389,3b0b0e6c-5a36-4b8e-8c1e-0d7c5e2f9a11,60.0,502600000.0,30156000000.0,2053805000.0,28102195000.0,454023000.0,1,7f5b6f7e-1c2d-4a4e-9a51-3a3f1d3c0a01
8e4dbf7a-eb09-4876-8e44-ae412fbab550,65df6f0c-76fe-41ca-9976-029c475ee308,4b0dbb41-8d52-48f1-942c-3fe860e7a113,3b0b0e6c-5a36-4b8e-8c1e-0d7c5e2f9a11,65.0,731400000.0,47541000000.0,901407000.0,46639593000.0,646846000.0,1,7f5b6f7e-1c2d-4a4e-9a51-3a3f1d3c0a01
31d90f9f-0fc4-4884-a2e8-8f393916af65,cba7669a-a177-436b-8200-5926eb785990,43b7a3a6-9a8d-4a03-980d-7b71d8f56413,3b0b0e6c-5a36-4b8e-8c1e-0d7c5e2f9a11,25.0,560100000.0,14002500000.0,423861000.0,13578639000.0,512358000.0,1,7f5b6f7e-1c2d-4a4e-9a51-3a3f1d3c0a01
dbb9e86e-e4e5-49bc-8d9d-0447721c4d4b,0c1d2d40-cd62-4329-b6bc-884d6a220453,b74d0fb1-32e7-4629-8fad-c1a606cb0fb3,3b0b0e6c-5a36-4b8e-8c1e-0d7c5e2f9a11,195.0,510600000.0,99567000000.0,6124147000.0,93442853000.0,468754000.0,1,7f5b6f7e-1c2d-4a4e-9a51-3a3f1d3c0a01
2f5ab1f5-ad1d-4cbb-9ab6-0d59e7b44776,36308749-94f8-4025-96cf-3b02cb4935f1,e2acf72f-9e57-4f7a-a0ee-89aed453dd32,3b0b0e6c-5a36-4b8e-8c1e-0d7c5e2f9a11,4.0,720700000.0,2882800000.0,87701000.0,2795099000.0,630828000.0,1,7f5b6f7e-1c2d-4a4e-9a51-3a3f1d3c0a01
9f3056f6-b571-48ab-a722-990444a03d24,36308749-94f8-4025-96cf-3b02cb4935f1,4b0dbb41-8d52-48f1-942c-3fe860e7a113,3b0b0e6c-5a36-4b8e-8c1e-0d7c5e2f9a11,56.0,731400000.0,40958400000.0,1246048000.0,39712352000.0,646846000.0,2,7f5b6f7e-1c2d-4a4e-9a51-3a3f1d3c0a01
4bbc561c-0f42-489a-9423-88d7466a0ae7,2e3e4005-b63f-4a9d-9dff-dbf20c494646,4b0dbb41-8d52-48f1-942c-3fe860e7a113,3b0b0e6c-5a36-4b8e-8c1e-0d7c5e2f9a11,415.5,750800000.0,311957400000.0,9043512000.0,302913888000.0,647289000.0,1,7f5b6f7e-1c2d-4a4e-9a51-3a3f1d3c0a01
bfe2a0fa-0289-4693-aa29-1f8afac30cec,2e3e4005-b63f-4a9d-9dff-dbf20c494646,e2acf72f-9e57-4f7a-a0ee-89aed453dd32,3b0b0e6c-5a36-4b8e-8c1e-0d7c5e2f9a11,49.5,739400000.0,36600300000.0,1061027000.0,35539273000.0,637820000.0,2,7f5b6f7e-1c2d-4a4e-9a51-3a3f1d3c0a01
9d049529-238a-4d96-9024-d661bd83c72e,54e80ad8-ca34-47ab-9f0e-e52b830ebed5,23b8c1e9-3924-46de-beb1-3b9046685257,3b0b0e6c-5a36-4b8e-8c1e-0d7c5e2f9a11,25.5,426700000.0,10880850000.0,224126000.0,10656724000.0,396253000.0,1,7f5b6f7e-1c2d-4a4e-9a51-3a3f1d3c0a01
674d80ae-6c9d-4c76-81cd-238a94f57e4a,54e80ad8-ca34-47ab-9f0e-e52b830ebed5,17fc695a-07a0-4a6e-8822-e8f36c031199,3b0b0e6c-5a36-4b8e-8c1e-0d7c5e2f9a11,14.5,419900000.0,6088550000.0,125413000.0,5963137000.0,385220000.0,2,7f5b6f7e-1c2d-4a4e-9a51-3a3f1d3c0a01
759c07bf-77c7-48b2-9c49-a8e73c6595b9,9f0a35a3-e36b-4d6d-967e-6484894f2882,9a1de644-815e-46d1-bb8f-aa1837f8a88b,3b0b0e6c-5a36-4b8e-8c1e-0d7c5e2f9a11,175.0,409200000.0,71610000000.0,4114576000.0,67495424000.0,378582000.0,1,7f5b6f7e-1c2d-4a4e-9a51-3a3f1d3c0a01
e9af9c82-a9f7-49bd-96e4-8d2bbf703e64,7fbebf58-4409-4ee3-a6e3-179952ed7379,9a1de644-815e-46d1-bb8f-aa1837f8a88b,3b0b0e6c-5a36-4b8e-8c1e-0d7c5e2f9a11,163.5,409200000.0,66904200000.0,1497071000.0,65407129000.0,378582000.0,1,7f5b6f7e-1c2d-4a4e-9a51-3a3f1d3c0a01
8b2efe8d-f99c-4eac-b92c-ad4c2d105d9c,7fbebf58-4409-4ee3-a6e3-179952ed7379,972a8469-1641-4f82-8b9d-2434e465e150,3b0b0e6c-5a36-4b8e-8c1e-0d7c5e2f9a11,185.5,416200000.0,77205100000.0,1727568000.0,75477532000.0,385500000.0,2,7f5b6f7e-1c2d-4a4e-9a51-3a3f1d3c0a01
64c68a82-c911-420f-93d1-7bef01394b21,7fbebf58-4409-4ee3-a6e3-179952ed7379,17fc695a-07a0-4a6e-8822-e8f36c031199,3b0b0e6c-5a36-4b8e-8c1e-0d7c5e2f9a11,91.0,419900000.0,38210900000.0,855020000.0,37355880000.0,385220000.0,3,7f5b6f7e-1c2d-4a4e-9a51-3a3f1d3c0a01
8dcbd116-ab6d-4bdf-b971-87bd7746da0d,aa86e1e0-79d9-441d-807d-6000e981bad2,972a8469-1641-4f82-8b9d-2434e465e150,3b0b0e6c-5a36-4b8e-8c1e-0d7c5e2f9a11,28.0,424400000.0,11883200000.0,838484000.0,11044716000.0,389147000.0,1,7f5b6f7e-1c2d-4a4e-9a51-3a3f1d3c0a01
a27571a0-a2f3-45aa-8ca8-dbc256077a90,aa86e1e0-79d9-441d-807d-6000e981bad2,bdd640fb-0667-4ad1-9c80-317fa3b1799d,3b0b0e6c-5a36-4b8e-8c1e-0d7c5e2f9a11,20.5,448500000.0,9194250000.0,648750000.0,8545500000.0,413083000.0,2,7f5b6f7e-1c2d-4a4e-9a51-3a3f1d3c0a01
4298be86-95da-41aa-b1a8-6e490d42eb49,aa86e1e0-79d9-441d-807d-6000e981bad2,23b8c1e9-3924-46de-beb1-3b9046685257,3b0b0e6c-5a36-4b8e-8c1e-0d7c5e2f9a11,6.5,431400000.0,2804100000.0,197859000.0,2606241000.0,398964000.0,3,7f5b6f7e-1c2d-4a4e-9a51-3a3f1d3c0a01
6c36f576-18a2-483e-baec-42b1e105a72e,40fd22b7-cd31-434b-b041-b88cb08047cb,ec1b8ca1-f91e-4d4c-9ff4-9b7889463e85,3b0b0e6c-5a36-4b8e-8c1e-0d7c5e2f9a11,76.5,645200000.0,49357800000.0,1769961000.0,47587839000.0,566620000.0,1,7f5b6f7e-1c2d-4a4e-9a51-3a3f1d3c0a01
486114b4-7ceb-441f-ac26-daa586b25d67,40fd22b7-cd31-434b-b041-b88cb08047cb,759cde66-bacf-43d0-8b1f-9163ce9ff57f,3b0b0e6c-5a36-4b8e-8c1e-0d7c5e2f9a11,58.5,647000000.0,37849500000.0,1357275000.0,36492225000.0,584178000.0,2,7f5b6f7e-1c2d-4a4e-9a51-3a3f1d3c0a01
7dd39ed5-fb2c-4668-8a48-8b220e0cee52,ddaa5963-8c73-42bf-8133-c9411ea8fea0,bdd640fb-0667-4ad1-9c80-317fa3b1799d,3b0b0e6c-5a36-4b8e-8c1e-0d7c5e2f9a11,105.0,448500000.0,47092500000.0,1713712000.0,45378788000.0,413083000.0,1,7f5b6f7e-1c2d-4a4e-9a51-3a3f1d3c0a01
80bfd4ea-3519-4f18-93d4-e2e7c12256ba,d42e63d0-11ec-4389-b1b8-18f909892a36,bd9c66b3-ad3c-4d6d-9a3d-1fa7bc8960a9,3b0b0e6c-5a36-4b8e-8c1e-0d7c5e2f9a11,12.0,424200000.0,5090400000.0,87026000.0,5003374000.0,392326000.0,1,7f5b6f7e-1c2d-4a4e-9a51-3a3f1d3c0a01
a75e4222-d6c3-4f41-b323-1753f8d51223,d42e63d0-11ec-4389-b1b8-18f909892a36,972a8469-1641-4f82-8b9d-2434e465e150,3b0b0e6c-5a36-4b8e-8c1e-0d7c5e2f9a11,3.0,424400000.0,1273200000.0,21767000.0,1251433000.0,389147000.0,2,7f5b6f7e-1c2d-4a4e-9a51-3a3f1d3c0a01
74a3f9f3-3640-4f51-bc00-20b8ef382faa,63e07b88-e091-40ce-82a6-2da5c798d84b,9a1de644-815e-46d1-bb8f-aa1837f8a88b,3b0b0e6c-5a36-4b8e-8c1e-0d7c5e2f9a11,90.0,416900000.0,37521000000.0,1824430000.0,35696570000.0,382602000.0,1,7f5b6f7e-1c2d-4a4e-9a51-3a3f1d3c0a01
9623d568-2349-4bc1-a35a-1dff53dcb752,d04baef8-7d9b-4ed8-8867-510f1921b734,47378190-96da-4dac-b2ff-5d2a386ecbe0,3b0b0e6c-5a36-4b8e-8c1e-0d7c5e2f9a11,70.0,518900000.0,36323000000.0,2035741000.0,34287259000.0,469395000.0,1,7f5b6f7e-1c2d-4a4e-9a51-3a3f1d3c0a01
cae4160e-be44-46d8-94b7-34533eb78918,4eb6c54e-5158-4c35-85c9-5c1ffdca3443,17fc695a-07a0-4a6e-8822-e8f36c031199,3b0b0e6c-5a36-4b8e-8c1e-0d7c5e2f9a11,7.5,423300000.0,3174750000.0,128602000.0,3046148000.0,392606000.0,1,7f5b6f7e-1c2d-4a4e-9a51-3a3f1d3c0a01
71436bc4-30f7-495d-95f9-979dd0c664a8,4eb6c54e-5158-4c35-85c9-5c1ffdca3443,bd9c66b3-ad3c-4d6d-9a3d-1fa7bc8960a9,3b0b0e6c-5a36-4b8e-8c1e-0d7c5e2f9a11,2.5,424200000.0,1060500000.0,42958000.0,1017542000.0,392326000.0,2,7f5b6f7e-1c2d-4a4e-9a51-3a3f1d3c0a01
48497805-f49c-4512-abda-200351f1dd30,a934a0d8-a524-46ce-8b37-cc6c77da929a,3139d32c-93cd-49bf-9c94-1cf0dc98d2c1,3b0b0e6c-5a36-4b8e-8c1e-0d7c5e2f9a11,4.5,587400000.0,2643300000.0,79244000.0,2564056000.0,520264000.0,1,7f5b6f7e-1c2d-4a4e-9a51-3a3f1d3c0a01
2d7a9eb9-3594-4c63-bf93-34b4e9cbc5f6,a934a0d8-a524-46ce-8b37-cc6c77da929a,a9488d99-0bbb-4599-91ce-5dd2b45ed1f0,3b0b0e6c-5a36-4b8e-8c1e-0d7c5e2f9a11,5.5,585900000.0,3222450000.0,96607000.0,3125843000.0,517758000.0,2,7f5b6f7e-1c2d-4a4e-9a51-3a3f1d3c0a01
19900ab2-5f48-45da-be9a-759a95b901bd,66e095b8-36c2-450c-baaa-366bc3f22db1,9a1de644-815e-46d1-bb8f-aa1837f8a88b,3b0b0e6c-5a36-4b8e-8c1e-0d7c5e2f9a11,59.0,416900000.0,24597100000.0,1010971000.0,23586129000.0,382602000.0,1,7f5b6f7e-1c2d-4a4e-9a51-3a3f1d3c0a01
76cc5f54-0b33-4877-b108-77acbce13e90,66e095b8-36c2-450c-baaa-366bc3f22db1,972a8469-1641-4f82-8b9d-2434e465e150,3b0b0e6c-5a36-4b8e-8c1e-0d7c5e2f9a11,306.0,424400000.0,129866400000.0,5337671000.0,124528729000.0,389147000.0,2,7f5b6f7e-1c2d-4a4e-9a51-3a3f1d3c0a01
94245ae1-a505-4f0f-9845-6cefe40fd574,e3a6ebff-e20e-4c3c-8710-3646771f9dbb,ddd1dfb2-3b98-4ef8-9af6-1a26146d3f31,3b0b0e6c-5a36-4b8e-8c1e-0d7c5e2f9a11,60.0,428300000.0,25698000000.0,408563000.0,25289437000.0,385776000.0,1,7f5b6f7e-1c2d-4a4e-9a51-3a3f1d3c0a01
6abf3ba6-8625-4c53-ae23-8260d261f228,c01e4934-2a35-44f2-9c5d-52c685b34acb,759cde66-bacf-43d0-8b1f-9163ce9ff57f,3b0b0e6c-5a36-4b8e-8c1e-0d7c5e2f9a11,60.0,669500000.0,40170000000.0,1176701000.0,38993299000.0,585535000.0,1,7f5b6f7e-1c2d-4a4e-9a51-3a3f1d3c0a01
db06d394-4cdb-4401-a00d-c2e5bb91a8d7,ddd59242-5d4d-4b98-a7e8-577673bbec9c,17fc695a-07a0-4a6e-8822-e8f36c031199,3b0b0e6c-5a36-4b8e-8c1e-0d7c5e2f9a11,7.5,423300000.0,3174750000.0,54242000.0,3120508000.0,392606000.0,1,7f5b6f7e-1c2d-4a4e-9a51-3a3f1d3c0a01
9d019440-0baf-4b0b-ac4c-1d73d0d7fe80,ddd59242-5d4d-4b98-a7e8-577673bbec9c,972a8469-1641-4f82-8b9d-2434e465e150,3b0b0e6c-5a36-4b8e-8c1e-0d7c5e2f9a11,36.0,424400000.0,15278400000.0,261039000.0,15017361000.0,389147000.0,2,7f5b6f7e-1c2d-4a4e-9a51-3a3f1d3c0a01
8459c0b1-59c2-4843-b313-5aaa74f79c15,ddd59242-5d4d-4b98-a7e8-577673bbec9c,bdd640fb-0667-4ad1-9c80-317fa3b1799d,3b0b0e6c-5a36-4b8e-8c1e-0d7c5e2f9a11,16.5,448500000.0,7400250000.0,126437000.0,7273813000.0,413083000.0,3,7f5b6f7e-1c2d-4a4e-9a51-3a3f1d3c0a01
8af2b429-3f81-449d-bcca-192decd399cc,9acc4fa8-64bf-483a-8dd7-1b0a41bd226a,bdd640fb-0667-4ad1-9c80-317fa3b1799d,3b0b0e6c-5a36-4b8e-8c1e-0d7c5e2f9a11,375.0,448500000.0,168187500000.0,5404244000.0,162783256000.0,413083000.0,1,7f5b6f7e-1c2d-4a4e-9a51-3a3f1d3c0a01
7ae47d81-8edd-4427-893e-4c5bd532ae8b,622157d0-ca95-4d2b-8201-ef759a719624,c241330b-01a9-471f-9e8a-774bcf36d58b,3b0b0e6c-5a36-4b8e-8c1e-0d7c5e2f9a11,635.0,558100000.0,354393500000.0,16334732000.0,338058768000.0,501512000.0,1,7f5b6f7e-1c2d-4a4e-9a51-3a3f1d3c0a01
6b8d6beb-5d85-4d7b-a6ea-33083758621a,915e9d9f-57f9-4cf1-bf96-0506df490ef1,a9488d99-0bbb-4599-91ce-5dd2b45ed1f0,3b0b0e6c-5a36-4b8e-8c1e-0d7c5e2f9a11,70.0,599200000.0,41944000000.0,949933000.0,40994067000.0,524380000.0,1,7f5b6f7e-1c2d-4a4e-9a51-3a3f1d3c0a01
73cca899-ee0b-46be-84f8-0be2fe34ed0d,949f08d5-5a4d-4032-b0da-7ec828b6dddd,bd9c66b3-ad3c-4d6d-9a3d-1fa7bc8960a9,3b0b0e6c-5a36-4b8e-8c1e-0d7c5e2f9a11,110.0,439200000.0,48312000000.0,1985951000.0,46326049000.0,396627000.0,1,7f5b6f7e-1c2d-4a4e-9a51-3a3f1d3c0a01
f8bcf56f-1308-4c83-90d3-3a18766ad9ad,4b174c0e-2d92-4632-9555-d9451f8e9d03,ddd1dfb2-3b98-4ef8-9af6-1a26146d3f31,3b0b0e6c-5a36-4b8e-8c1e-0d7c5e2f9a11,230.0,410400000.0,94392000000.0,2084555000.0,92307445000.0,382298000.0,1,7f5b6f7e-1c2d-4a4e-9a51-3a3f1d3c0a01
35aaa3f3-1de0-4885-91de-8e818e3cc4e5,155f2010-07f3-48fe-b837-13e3db275498,5be6128e-18c2-4797-a142-ea7d17be3111,3b0b0e6c-5a36-4b8e-8c1e-0d7c5e2f9a11,100.0,563300000.0,56330000000.0,1895518000.0,54434482000.0,506438000.0,1,7f5b6f7e-1c2d-4a4e-9a51-3a3f1d3c0a01
0a827c31-5a5e-482e-8153-0495d4cd1a0d,9557e65b-d0c3-4d01-8e2c-2f8349420665,ec1b8ca1-f91e-4d4c-9ff4-9b7889463e85,3b0b0e6c-5a36-4b8e-8c1e-0d7c5e2f9a11,480.0,658900000.0,316272000000.0,13024303000.0,303247697000.0,583906000.0,1,7f5b6f7e-1c2d-4a4e-9a51-3a3f1d3c0a01
ad76aa21-bc22-482c-ae0a-2fb2bd5a6ebf,82112000-16b4-4f2b-9dee-8ec850f886ea,c241330b-01a9-471f-9e8a-774bcf36d58b,3b0b0e6c-5a36-4b8e-8c1e-0d7c5e2f9a11,5.0,558100000.0,2790500000.0,127877000.0,2662623000.0,501512000.0,1,7f5b6f7e-1c2d-4a4e-9a51-3a3f1d3c0a01
039b4d8a-6e39-4fc2-8713-b5d5b236eb7a,7e21776d-d92d-417e-a0da-0919f65f00d8,43b7a3a6-9a8d-4a03-980d-7b71d8f56413,3b0b0e6c-5a36-4b8e-8c1e-0d7c5e2f9a11,15.0,568400000.0,8526000000.0,167669000.0,8358331000.0,518092000.0,1,7f5b6f7e-1c2d-4a4e-9a51-3a3f1d3c0a01
95240ab3-62da-4559-a7e8-089c7db90373,493acbb8-cbed-4ad3-9aa1-a0c404f08bdf,23b8c1e9-3924-46de-beb1-3b9046685257,3b0b0e6c-5a36-4b8e-8c1e-0d7c5e2f9a11,290.0,431400000.0,125106000000.0,2507599000.0,122598401000.0,398964000.0,1,7f5b6f7e-1c2d-4a4e-9a51-3a3f1d3c0a01
57410856-39c6-4f3b-bb5b-f1aefd8058a2,1adb2acf-e546-4d7d-a21f-cff9b6eb6072,972a8469-1641-4f82-8b9d-2434e465e150,3b0b0e6c-5a36-4b8e-8c1e-0d7c5e2f9a11,215.0,424400000.0,91246000000.0,2103569000.0,89142431000.0,389147000.0,1,7f5b6f7e-1c2d-4a4e-9a51-3a3f1d3c0a01
e3e3fa6f-a489-4fd0-bfc5-2ab6828e45a7,a26cbfc4-4355-42ba-a62b-6fb61f9cc0a5,c241330b-01a9-471f-9e8a-774bcf36d58b,3b0b0e6c-5a36-4b8e-8c1e-0d7c5e2f9a11,20.0,558100000.0,11162000000.0,227472000.0,10934528000.0,501512000.0,1,7f5b6f7e-1c2d-4a4e-9a51-3a3f1d3c0a01
7e7466df-5120-48b2-989a-7af72d9f580b,d71e18c6-99df-4eb1-a496-ff418ee5f73e,c241330b-01a9-471f-9e8a-774bcf36d58b,3b0b0e6c-5a36-4b8e-8c1e-0d7c5e2f9a11,52.0,558100000.0,29021200000.0,1108261000.0,27912939000.0,501512000.0,1,7f5b6f7e-1c2d-4a4e-9a51-3a3f1d3c0a01
b69355e4-2469-440c-936e-7e6e06537cb5,d71e18c6-99df-4eb1-a496-ff418ee5f73e,371ecd7b-27cd-4130-8722-9389571aa876,3b0b0e6c-5a36-4b8e-8c1e-0d7c5e2f9a11,8.0,512700000.00000006,4101600000.0000005,156632000.0,3944968000.0000005,468206000.0,2,7f5b6f7e-1c2d-4a4e-9a51-3a3f1d3c0a01
71749364-acec-4066-a47b-392c237fe3fe,34400f96-ca9d-46e4-8bdf-8a3c8686432b,371ecd7b-27cd-4130-8722-9389571aa876,3b0b0e6c-5a36-4b8e-8c1e-0d7c5e2f9a11,100.0,512700000.00000006,51270000000.00001,1020461000.0,50249539000.00001,468206000.0,1,7f5b6f7e-1c2d-4a4e-9a51-3a3f1d3c0a01
2c4a3dc8-77bb-4fb1-a3c4-d1c5eea4024d,bddba7e5-46d4-47d6-bb9d-56a63925b538,17fc695a-07a0-4a6e-8822-e8f36c031199,3b0b0e6c-5a36-4b8e-8c1e-0d7c5e2f9a11,110.0,423300000.0,46563000000.0,1695761000.0,44867239000.0,392606000.0,1,7f5b6f7e-1c2d-4a4e-9a51-3a3f1d3c0a01
a520acc1-fb82-4c67-aedb-ecfaf4ad0ee5,c4146f8f-854d-48fb-96ad-ae225b99313f,6c307511-b2b9-437a-a8df-6ec4ce4a2bbd,3b0b0e6c-5a36-4b8e-8c1e-0d7c5e2f9a11,2.0,521799999.99999994,1043599999.9999999,44206000.0,999393999.9999999,464820000.0,1,7f5b6f7e-1c2d-4a4e-9a51-3a3f1d3c0a01
dfa60b03-0fcc-4a55-adf2-b123f855edf6,c4146f8f-854d-48fb-96ad-ae225b99313f,b74d0fb1-32e7-4629-8fad-c1a606cb0fb3,3b0b0e6c-5a36-4b8e-8c1e-0d7c5e2f9a11,12.0,544000000.0,6528000000.0,276520000.0,6251480000.0,486048000.0,2,7f5b6f7e-1c2d-4a4e-9a51-3a3f1d3c0a01
925b03b7-d97f-4d6b-bd21-354622970bd1,c4146f8f-854d-48fb-96ad-ae225b99313f,371ecd7b-27cd-4130-8722-9389571aa876,3b0b0e6c-5a36-4b8e-8c1e-0d7c5e2f9a11,6.0,535200000.00000006,3211200000.0000005,136024000.0,3075176000.0000005,469121000.0,3,7f5b6f7e-1c2d-4a4e-9a51-3a3f1d3c0a01
2c82be2c-11c2-4148-bf6c-cd53c5fca9d8,94ea89d2-9924-4349-bf6d-ec06de826252,4b0dbb41-8d52-48f1-942c-3fe860e7a113,3b0b0e6c-5a36-4b8e-8c1e-0d7c5e2f9a11,129.5,753600000.0,97591200000.0,3144272000.0,94446928000.0,664458000.0,1,7f5b6f7e-1c2d-4a4e-9a51-3a3f1d3c0a01
fe8045ee-386c-4fc6-a9f7-9a313ea4d0b6,94ea89d2-9924-4349-bf6d-ec06de826252,e2acf72f-9e57-4f7a-a0ee-89aed453dd32,3b0b0e6c-5a36-4b8e-8c1e-0d7c5e2f9a11,65.5,730300000.0,47834650000.0,1541175000.0,46293475000.0,654369000.0,2,7f5b6f7e-1c2d-4a4e-9a51-3a3f1d3c0a01
df277a00-9fe0-4ab7-bb12-cb4e98d2184d,eebcad5e-bdd0-4248-8072-8f8275665d45,fc377a4c-4a15-444d-85e7-ce8a3a578a8e,3b0b0e6c-5a36-4b8e-8c1e-0d7c5e2f9a11,25.0,604600000.0,15115000000.0,357985000.0,14757015000.0,529930000.0,1,7f5b6f7e-1c2d-4a4e-9a51-3a3f1d3c0a01
394bf5dc-4aba-4048-bef2-a2131b44dd38,03b973bd-05e0-4157-9d6c-d4cdd6664d99,23b8c1e9-3924-46de-beb1-3b9046685257,3b0b0e6c-5a36-4b8e-8c1e-0d7c5e2f9a11,130.0,446300000.0,58019000000.0,2350979000.0,55668021000.0,403359000.0,1,7f5b6f7e-1c2d-4a4e-9a51-3a3f1d3c0a01
c00962b6-1f7d-428a-a35a-41fdf9945a48,cf615333-c230-4981-8cca-5070f517de55,4b0dbb41-8d52-48f1-942c-3fe860e7a113,3b0b0e6c-5a36-4b8e-8c1e-0d7c5e2f9a11,205.0,753600000.0,154488000000.0,8608540000.0,145879460000.0,664458000.0,1,7f5b6f7e-1c2d-4a4e-9a51-3a3f1d3c0a01
197618f6-d5c7-44ce-a5fc-79104d5c710f,8cd5358f-630b-43d8-bba4-a360b74c5e92,bdd640fb-0667-4ad1-9c80-317fa3b1799d,3b0b0e6c-5a36-4b8e-8c1e-0d7c5e2f9a11,50.0,460700000.0,23035000000.0,1282944000.0,21752056000.0,419348000.0,1,7f5b6f7e-1c2d-4a4e-9a51-3a3f1d3c0a01
364bf82c-12e5-4648-b1ce-263cba77f397,fa8600cd-1094-45d1-b71d-8129cd80af82,b74d0fb1-32e7-4629-8fad-c1a606cb0fb3,3b0b0e6c-5a36-4b8e-8c1e-0d7c5e2f9a11,44.5,544000000.0,24208000000.0,959187000.0,23248813000.0,486048000.0,1,7f5b6f7e-1c2d-4a4e-9a51-3a3f1d3c0a01
111285e1-2137-466a-98d8-3ac95b27b7ea,fa8600cd-1094-45d1-b71d-8129cd80af82,6b65a6a4-8b81-48f6-b38a-088ca65ed389,3b0b0e6c-5a36-4b8e-8c1e-0d7c5e2f9a11,35.5,536200000.00000006,19035100000.000004,754223000.0,18280877000.000004,475342000.0,2,7f5b6f7e-1c2d-4a4e-9a51-3a3f1d3c0a01
c1c973b3-9b3a-4c18-ab7d-78626b72b2c1,d3379d87-d851-4192-8d0a-87f39ba02459,b74d0fb1-32e7-4629-8fad-c1a606cb0fb3,3b0b0e6c-5a36-4b8e-8c1e-0d7c5e2f9a11,87.5,544000000.0,47600000000.0,1862617000.0,45737383000.0,486048000.0,1,7f5b6f7e-1c2d-4a4e-9a51-3a3f1d3c0a01
06aad965-247b-4ef7-8d65-e0664de631a1,d3379d87-d851-4192-8d0a-87f39ba02459,371ecd7b-27cd-4130-8722-9389571aa876,3b0b0e6c-5a36-4b8e-8c1e-0d7c5e2f9a11,15.0,535200000.00000006,8028000000.000001,314141000.0,7713859000.000001,469121000.0,2,7f5b6f7e-1c2d-4a4e-9a51-3a3f1d3c0a01
05a1ba4b-e59c-4cac-ac62-b5b35ec9cc06,d3379d87-d851-4192-8d0a-87f39ba02459,6b65a6a4-8b81-48f6-b38a-088ca65ed389,3b0b0e6c-5a36-4b8e-8c1e-0d7c5e2f9a11,22.5,536200000.00000006,12064500000.000002,472091000.0,11592409000.000002,475342000.0,3,7f5b6f7e-1c2d-4a4e-9a51-3a3f1d3c0a01
e03bc381-f097-4ab0-bf41-131e64a3b17e,0e650a8b-d86b-43eb-8ce1-934f77d53329,3139d32c-93cd-49bf-9c94-1cf0dc98d2c1,3b0b0e6c-5a36-4b8e-8c1e-0d7c5e2f9a11,375.5,617400000.0,231833700000.0,9434078000.0,222399622000.0,525723000.0,1,7f5b6f7e-1c2d-4a4e-9a51-3a3f1d3c0a01
9eacefda-d7fa-4159-a525-27cacb68c88b,0e650a8b-d86b-43eb-8ce1-934f77d53329,fc377a4c-4a15-444d-85e7-ce8a3a578a8e,3b0b0e6c-5a36-4b8e-8c1e-0d7c5e2f9a11,304.5,626000000.0,190617000000.0,7756835000.0,182860165000.0,541117000.0,2,7f5b6f7e-1c2d-4a4e-9a51-3a3f1d3c0a01
422ec7d8-d022-4e82-b958-898b1b49e9d4,63d3c6f5-96f6-45ab-a05b-d02263a4ccca,fc377a4c-4a15-444d-85e7-ce8a3a578a8e,3b0b0e6c-5a36-4b8e-8c1e-0d7c5e2f9a11,91.0,626000000.0,56966000000.0,1916681000.0,55049319000.0,541117000.0,1,7f5b6f7e-1c2d-4a4e-9a51-3a3f1d3c0a01
943b9c40-7962-4cb0-abfb-f8b2f3556f59,63d3c6f5-96f6-45ab-a05b-d02263a4ccca,a9488d99-0bbb-4599-91ce-5dd2b45ed1f0,3b0b0e6c-5a36-4b8e-8c1e-0d7c5e2f9a11,39.0,599200000.0,23368800000.0,786268000.0,22582532000.0,524380000.0,2,7f5b6f7e-1c2d-4a4e-9a51-3a3f1d3c0a01
1f5696e6-2871-4ac7-a133-17fa2fc45f15,3653d055-37c0-4b1d-a37a-f4808ef71cba,6c307511-b2b9-437a-a8df-6ec4ce4a2bbd,3b0b0e6c-5a36-4b8e-8c1e-0d7c5e2f9a11,30.0,521799999.99999994,15653999999.999998,533831000.0,15120168999.999998,464820000.0,1,7f5b6f7e-1c2d-4a4e-9a51-3a3f1d3c0a01
fe498bc1-68e5-4840-9e26-24cd6a514ef1,a7941c80-81bf-4201-8e62-4adb407c1362,1a2a73ed-562b-4f79-8374-59eef50bea63,3b0b0e6c-5a36-4b8e-8c1e-0d7c5e2f9a11,43.5,549100000.0,23885850000.0,1223377000.0,22662473000.0,497002000.0,1,7f5b6f7e-1c2d-4a4e-9a51-3a3f1d3c0a01
cb5c8007-07f8-45ed-89eb-2fe2bbb28259,a7941c80-81bf-4201-8e62-4adb407c1362,5be6128e-18c2-4797-a142-ea7d17be3111,3b0b0e6c-5a36-4b8e-8c1e-0d7c5e2f9a11,26.5,547500000.0,14508750000.0,743104000.0,13765646000.0,496262000.0,2,7f5b6f7e-1c2d-4a4e-9a51-3a3f1d3c0a01
62872d3c-58dd-4bd7-8e80-58582a7a2a56,753f810c-9a03-4d99-9c15-c71c55e86e49,a9488d99-0bbb-4599-91ce-5dd2b45ed1f0,3b0b0e6c-5a36-4b8e-8c1e-0d7c5e2f9a11,345.0,599200000.0,206724000000.0,9225160000.0,197498840000.0,524380000.0,1,7f5b6f7e-1c2d-4a4e-9a51-3a3f1d3c0a01
9d8d9f4c-038c-46e6-88dc-9019c1a5b879,1359b59a-1d9c-459d-93e0-ef30cf6f13f7,5be6128e-18c2-4797-a142-ea7d17be3111,3b0b0e6c-5a36-4b8e-8c1e-0d7c5e2f9a11,58.5,563300000.0,32953050000.0,799902000.0,32153148000.0,506438000.0,1,7f5b6f7e-1c2d-4a4e-9a51-3a3f1d3c0a01
6fbe070a-68d4-42a7-9718-11278f00f619,1359b59a-1d9c-459d-93e0-ef30cf6f13f7,1a2a73ed-562b-4f79-8374-59eef50bea63,3b0b0e6c-5a36-4b8e-8c1e-0d7c5e2f9a11,86.5,572400000.0,49512600000.0,1201869000.0,48310731000.0,507918000.0,2,7f5b6f7e-1c2d-4a4e-9a51-3a3f1d3c0a01
f8f0b025-4bdc-4840-ad59-d29b8d407b4b,3cd679c8-4423-4bbf-9939-b74f7bc01bab,b74d0fb1-32e7-4629-8fad-c1a606cb0fb3,3b0b0e6c-5a36-4b8e-8c1e-0d7c5e2f9a11,65.0,531200000.00000006,34528000000.00001,1119096000.0,33408904000.000008,475434000.0,1,7f5b6f7e-1c2d-4a4e-9a51-3a3f1d3c0a01
c34f18c5-0560-4755-9532-542a1d480fd1,8033cc7a-49f7-4d49-b7f6-1998334317c3,23b8c1e9-3924-46de-beb1-3b9046685257,3b0b0e6c-5a36-4b8e-8c1e-0d7c5e2f9a11,85.0,446300000.0,37935500000.0,1525818000.0,36409682000.0,403359000.0,1,7f5b6f7e-1c2d-4a4e-9a51-3a3f1d3c0a01
c19e6433-0f97-4306-9f5a-3244dccb10b0,21e3e723-5fe0-46e7-9abe-f7bf9151a3a4,a9488d99-0bbb-4599-91ce-5dd2b45ed1f0,3b0b0e6c-5a36-4b8e-8c1e-0d7c5e2f9a11,3.5,599200000.0,2097200000.0,127858000.0,1969342000.0,524380000.0,1,7f5b6f7e-1c2d-4a4e-9a51-3a3f1d3c0a01
0138adde-cc71-4f61-a74c-256c440fa964,21e3e723-5fe0-46e7-9abe-f7bf9151a3a4,fc377a4c-4a15-444d-85e7-ce8a3a578a8e,3b0b0e6c-5a36-4b8e-8c1e-0d7c5e2f9a11,11.5,626000000.0,7199000000.0,438896000.0,6760104000.0,541117000.0,2,7f5b6f7e-1c2d-4a4e-9a51-3a3f1d3c0a01
cd84d9ee-feff-4711-927c-b7d0e6fde7a5,3d5e4c16-af49-42ea-9b02-eae3de88217a,6b65a6a4-8b81-48f6-b38a-088ca65ed389,3b0b0e6c-5a36-4b8e-8c1e-0d7c5e2f9a11,20.0,536200000.00000006,10724000000.000002,501395000.0,10222605000.000002,475342000.0,1,7f5b6f7e-1c2d-4a4e-9a51-3a3f1d3c0a01
ee0c7eb4-46ea-493f-8e38-c063d4aa4c45,ad2e40aa-050e-4b74-81db-c7ef08740cdd,e2acf72f-9e57-4f7a-a0ee-89aed453dd32,3b0b0e6c-5a36-4b8e-8c1e-0d7c5e2f9a11,130.0,763300000.0,99229000000.0,3667831000.0,95561169000.0,646316000.0,1,7f5b6f7e-1c2d-4a4e-9a51-3a3f1d3c0a01
9a0c2b4b-fac5-406e-97d8-6650f61d38bf,6caa2e6e-2389-4181-8dd1-9a3fc4732847,a9488d99-0bbb-4599-91ce-5dd2b45ed1f0,3b0b0e6c-5a36-4b8e-8c1e-0d7c5e2f9a11,15.0,585900000.0,8788500000.0,220635000.0,8567865000.0,517758000.0,1,7f5b6f7e-1c2d-4a4e-9a51-3a3f1d3c0a01
d32d99c8-b631-46ba-a649-fc76e8f27e4d,63d61761-9886-401d-9c7c-0f0ccbe22754,ddd1dfb2-3b98-4ef8-9af6-1a26146d3f31,3b0b0e6c-5a36-4b8e-8c1e-0d7c5e2f9a11,150.0,317900000.0,47685000000.0,1037208000.0,46647792000.0,254928000.0,1,7f5b6f7e-1c2d-4a4e-9a51-3a3f1d3c0a01
bdba0c3e-f86b-4aa5-bb58-dfadee0a137b,f4b586e8-6f23-47e0-8d7f-dd1c67b31c9b,6c307511-b2b9-437a-a8df-6ec4ce4a2bbd,3b0b0e6c-5a36-4b8e-8c1e-0d7c5e2f9a11,130.0,400400000.0,52052000000.0,1877164000.0,50174836000.0,361242000.0,1,7f5b6f7e-1c2d-4a4e-9a51-3a3f1d3c0a01
62491539-d346-4306-bb5f-884e0e3d30cc,b23df93d-13c3-4ea4-b273-ec0fd85dea70,ddd1dfb2-3b98-4ef8-9af6-1a26146d3f31,3b0b0e6c-5a36-4b8e-8c1e-0d7c5e2f9a11,70.0,322700000.0,22589000000.0,764776000.0,21824224000.0,302868000.0,1,7f5b6f7e-1c2d-4a4e-9a51-3a3f1d3c0a01
2bcaf37d-7d38-40b0-a6dc-16ce99fa55bf,f52b32d5-9c0e-4160-9c92-39b073be17e8,bd9c66b3-ad3c-4d6d-9a3d-1fa7bc8960a9,3b0b0e6c-5a36-4b8e-8c1e-0d7c5e2f9a11,225.0,412300000.0,92767500000.0,2580705000.0,90186795000.0,383911000.0,1,7f5b6f7e-1c2d-4a4e-9a51-3a3f1d3c0a01
e6cb4447-8967-41b3-9a71-410927097ab4,2b942103-69ba-4537-aa89-e6e5e7cc599d,6c307511-b2b9-437a-a8df-6ec4ce4a2bbd,3b0b0e6c-5a36-4b8e-8c1e-0d7c5e2f9a11,25.0,312600000.0,7815000000.0,158285000.0,7656715000.0,282552000.0,1,7f5b6f7e-1c2d-4a4e-9a51-3a3f1d3c0a01
753355ab-093c-47e4-8aee-b08adc809829,dcbfc121-38d5-4665-9755-8283aa02dae2,371ecd7b-27cd-4130-8722-9389571aa876,3b0b0e6c-5a36-4b8e-8c1e-0d7c5e2f9a11,59.0,331700000.0,19570300000.0,417999000.0,19152301000.0,305244000.0,1,7f5b6f7e-1c2d-4a4e-9a51-3a3f1d3c0a01
ea624b1e-875f-47d3-b6e2-bf034664a6d0,dcbfc121-38d5-4665-9755-8283aa02dae2,6b65a6a4-8b81-48f6-b38a-088ca65ed389,3b0b0e6c-5a36-4b8e-8c1e-0d7c5e2f9a11,41.0,337600000.0,13841600000.0,295641000.0,13545959000.0,303322000.0,2,7f5b6f7e-1c2d-4a4e-9a51-3a3f1d3c0a01
a8beb929-77c3-4949-b078-b1a1ca9907c2,234bc268-fdd2-4839-b45d-a28a0c693957,972a8469-1641-4f82-8b9d-2434e465e150,3b0b0e6c-5a36-4b8e-8c1e-0d7c5e2f9a11,85.0,331500000.0,28177500000.0,704512000.0,27472988000.0,313973000.0,1,7f5b6f7e-1c2d-4a4e-9a51-3a3f1d3c0a01
22cdf463-e2e6-43d5-8473-abb85978ad96,091bd5bf-c242-4f13-aa8c-53d4c061bea1,6c307511-b2b9-437a-a8df-6ec4ce4a2bbd,3b0b0e6c-5a36-4b8e-8c1e-0d7c5e2f9a11,55.0,400800000.0,22044000000.0,297478000.0,21746522000.0,376888000.0,1,7f5b6f7e-1c2d-4a4e-9a51-3a3f1d3c0a01
d3f7d16d-2baf-4016-9502-19f97205e72c,31245cf8-8d01-4ddd-a955-0921fe2d88a1,9a1de644-815e-46d1-bb8f-aa1837f8a88b,3b0b0e6c-5a36-4b8e-8c1e-0d7c5e2f9a11,75.0,345900000.0,25942500000.0,527892000.0,25414608000.0,325474000.0,1,7f5b6f7e-1c2d-4a4e-9a51-3a3f1d3c0a01
274d85d0-7e56-4cba-9240-b6dc80110177,22205e03-d7f1-4eaa-9ab9-af14cd1506ef,371ecd7b-27cd-4130-8722-9389571aa876,3b0b0e6c-5a36-4b8e-8c1e-0d7c5e2f9a11,39.5,511700000.0,20212150000.0,408968000.0,19803182000.0,453748000.0,1,7f5b6f7e-1c2d-4a4e-9a51-3a3f1d3c0a01
c5f136fa-46aa-43fa-ad1a-65057beffac0,22205e03-d7f1-4eaa-9ab9-af14cd1506ef,6c307511-b2b9-437a-a8df-6ec4ce4a2bbd,3b0b0e6c-5a36-4b8e-8c1e-0d7c5e2f9a11,30.5,502600000.0,15329300000.0,310169000.0,15019131000.0,451278000.0,2,7f5b6f7e-1c2d-4a4e-9a51-3a3f1d3c0a01
e588c456-e149-487f-85ff-9eae6f02544c,7e0abe75-8d21-42b4-9869-cd185e4f6b59,23b8c1e9-3924-46de-beb1-3b9046685257,3b0b0e6c-5a36-4b8e-8c1e-0d7c5e2f9a11,24.5,446300000.0,10934350000.0,165529000.0,10768821000.0,403359000.0,1,7f5b6f7e-1c2d-4a4e-9a51-3a3f1d3c0a01
c3cccb6d-f07a-43f2-bf56-4782a1a14bfe,7e0abe75-8d21-42b4-9869-cd185e4f6b59,9a1de644-815e-46d1-bb8f-aa1837f8a88b,3b0b0e6c-5a36-4b8e-8c1e-0d7c5e2f9a11,11.0,427500000.0,4702500000.0,71188000.0,4631312000.0,389802000.0,2,7f5b6f7e-1c2d-4a4e-9a51-3a3f1d3c0a01
4011d4cf-93f5-446c-82d0-ea5fadbea49e,7e0abe75-8d21-42b4-9869-cd185e4f6b59,bd9c66b3-ad3c-4d6d-9a3d-1fa7bc8960a9,3b0b0e6c-5a36-4b8e-8c1e-0d7c5e2f9a11,44.5,439200000.0,19544400000.0,295871000.0,19248529000.0,396627000.0,3,7f5b6f7e-1c2d-4a4e-9a51-3a3f1d3c0a01
b3575899-e1e3-4623-a637-5853dc687fad,d807ba3c-527d-4f64-94a0-ce1549937ce5,6b65a6a4-8b81-48f6-b38a-088ca65ed389,3b0b0e6c-5a36-4b8e-8c1e-0d7c5e2f9a11,4.5,319600000.0,1438200000.0,45237000.0,1392963000.0,285114000.0,1,7f5b6f7e-1c2d-4a4e-9a51-3a3f1d3c0a01
f705f2fd-a9fe-4772-abe8-26be6227028b,d807ba3c-527d-4f64-94a0-ce1549937ce5,47378190-96da-4dac-b2ff-5d2a386ecbe0,3b0b0e6c-5a36-4b8e-8c1e-0d7c5e2f9a11,9.0,322400000.0,2901600000.0,91267000.0,2810333000.0,288408000.0,2,7f5b6f7e-1c2d-4a4e-9a51-3a3f1d3c0a01
6a262480-b2b1-44cd-a6e7-4fa4557dd853,d807ba3c-527d-4f64-94a0-ce1549937ce5,b74d0fb1-32e7-4629-8fad-c1a606cb0fb3,3b0b0e6c-5a36-4b8e-8c1e-0d7c5e2f9a11,6.5,325300000.0,2114450000.0,66508000.0,2047942000.0,287950000.0,3,7f5b6f7e-1c2d-4a4e-9a51-3a3f1d3c0a01
ad01b4ae-5201-4aeb-af8d-0ff22a7430a2,4c5a742c-b037-476f-89f6-10ee8e87d6de,1a2a73ed-562b-4f79-8374-59eef50bea63,3b0b0e6c-5a36-4b8e-8c1e-0d7c5e2f9a11,33.5,350100000.0,11728350000.0,427099000.0,11301251000.0,311540000.0,1,7f5b6f7e-1c2d-4a4e-9a51-3a3f1d3c0a01
51d67589-a31a-4a10-94cf-e97646fc074c,4c5a742c-b037-476f-89f6-10ee8e87d6de,43b7a3a6-9a8d-4a03-980d-7b71d8f56413,3b0b0e6c-5a36-4b8e-8c1e-0d7c5e2f9a11,15.0,353000000.0,5295000000.0,192822000.0,5102178000.0,322548000.0,2,7f5b6f7e-1c2d-4a4e-9a51-3a3f1d3c0a01
0a4923f5-ef35-484f-b0a2-2c77390f45b7,4c5a742c-b037-476f-89f6-10ee8e87d6de,5be6128e-18c2-4797-a142-ea7d17be3111,3b0b0e6c-5a36-4b8e-8c1e-0d7c5e2f9a11,16.0,342400000.0,5478400000.0,199501000.0,5278899000.0,311910000.0,3,7f5b6f7e-1c2d-4a4e-9a51-3a3f1d3c0a01
4f605be5-1ceb-4f60-9b82-19d685a16fff,b25a398f-e631-475a-944c-4e240167fce7,5be6128e-18c2-4797-a142-ea7d17be3111,3b0b0e6c-5a36-4b8e-8c1e-0d7c5e2f9a11,25.0,436700000.0,10917500000.0,255134000.0,10662366000.0,398120000.0,1,7f5b6f7e-1c2d-4a4e-9a51-3a3f1d3c0a01
036226d9-a9f1-44cc-866d-1f560b3ac805,93ac57ac-f6d0-40c8-858c-3673eff4fec9,371ecd7b-27cd-4130-8722-9389571aa876,3b0b0e6c-5a36-4b8e-8c1e-0d7c5e2f9a11,25.0,430200000.0,10755000000.0,139996000.0,10615004000.0,383385000.0,1,7f5b6f7e-1c2d-4a4e-9a51-3a3f1d3c0a01
2398fc00-4d6a-41e2-b34c-0220f1b4b707,3d57f5f8-110e-46f0-85aa-2ebb71581864,c241330b-01a9-471f-9e8a-774bcf36d58b,3b0b0e6c-5a36-4b8e-8c1e-0d7c5e2f9a11,32.5,331900000.0,10786750000.0,229821000.0,10556929000.0,303688000.0,1,7f5b6f7e-1c2d-4a4e-9a51-3a3f1d3c0a01
5306406b-3a51-49be-acb2-e9a1cc472e06,3d57f5f8-110e-46f0-85aa-2ebb71581864,b74d0fb1-32e7-4629-8fad-c1a606cb0fb3,3b0b0e6c-5a36-4b8e-8c1e-0d7c5e2f9a11,22.5,314700000.0,7080750000.0,150862000.0,6929888000.0,287950000.0,2,7f5b6f7e-1c2d-4a4e-9a51-3a3f1d3c0a01
842e18a2-23c3-49a4-bd66-168515c56ba6,650c78d7-29df-4156-9605-cd5f533e5e69,5be6128e-18c2-4797-a142-ea7d17be3111,3b0b0e6c-5a36-4b8e-8c1e-0d7c5e2f9a11,12.5,355100000.0,4438750000.0,118235000.0,4320515000.0,329578000.0,1,7f5b6f7e-1c2d-4a4e-9a51-3a3f1d3c0a01
7d57606f-22cb-486f-b1d1-5243c6ea3fa0,650c78d7-29df-4156-9605-cd5f533e5e69,43b7a3a6-9a8d-4a03-980d-7b71d8f56413,3b0b0e6c-5a36-4b8e-8c1e-0d7c5e2f9a11,32.5,365900000.0,11891750000.0,316760000.0,11574990000.0,345950000.0,2,7f5b6f7e-1c2d-4a4e-9a51-3a3f1d3c0a01
3614020f-bca2-460c-bef4-ce080235790e,dcf44919-09f5-43ae-82ca-9e69ebbc3324,5be6128e-18c2-4797-a142-ea7d17be3111,3b0b0e6c-5a36-4b8e-8c1e-0d7c5e2f9a11,8.0,430400000.0,3443200000.0,121663000.0,3321537000.0,396640000.0,1,7f5b6f7e-1c2d-4a4e-9a51-3a3f1d3c0a01
f947ce62-e455-41f1-ab38-d8a25d4c1f83,dcf44919-09f5-43ae-82ca-9e69ebbc3324,43b7a3a6-9a8d-4a03-980d-7b71d8f56413,3b0b0e6c-5a36-4b8e-8c1e-0d7c5e2f9a11,12.5,447200000.0,5590000000.0,197519000.0,5392481000.0,413845000.0,2,7f5b6f7e-1c2d-4a4e-9a51-3a3f1d3c0a01
c55aebd4-1cb7-437d-ad4e-3597f45d9b9e,dcf44919-09f5-43ae-82ca-9e69ebbc3324,1a2a73ed-562b-4f79-8374-59eef50bea63,3b0b0e6c-5a36-4b8e-8c1e-0d7c5e2f9a11,5.0,435900000.0,2179500000.0,77011000.0,2102489000.0,400525000.0,3,7f5b6f7e-1c2d-4a4e-9a51-3a3f1d3c0a01
61c838e2-63a4-43e3-8216-29e7aaa5b7cd,b1b9e5e6-6919-42a7-9453-f7bbbb36b100,1a2a73ed-562b-4f79-8374-59eef50bea63,3b0b0e6c-5a36-4b8e-8c1e-0d7c5e2f9a11,120.0,454200000.0,54504000000.0,1150104000.0,53353896000.0,426795000.0,1,7f5b6f7e-1c2d-4a4e-9a51-3a3f1d3c0a01
6e24d215-64d8-40e7-9614-ab4c5195adc2,d7ff7770-819d-4d08-8d8c-b7eca36d4e59,c241330b-01a9-471f-9e8a-774bcf36d58b,3b0b0e6c-5a36-4b8e-8c1e-0d7c5e2f9a11,60.0,574400000.0,34464000000.0,1109155000.0,33354845000.0,510662000.0,1,7f5b6f7e-1c2d-4a4e-9a51-3a3f1d3c0a01
4fd3c815-60b2-4b64-8df6-5a2b3ef786cb,cddbceac-0571-48e4-9ac7-25b03648762a,3139d32c-93cd-49bf-9c94-1cf0dc98d2c1,3b0b0e6c-5a36-4b8e-8c1e-0d7c5e2f9a11,8.5,480700000.0,4085950000.0,62352000.0,4023598000.0,417696000.0,1,7f5b6f7e-1c2d-4a4e-9a51-3a3f1d3c0a01
6066eb28-1f72-4864-b77c-82a7cd38b317,cddbceac-0571-48e4-9ac7-25b03648762a,fc377a4c-4a15-444d-85e7-ce8a3a578a8e,3b0b0e6c-5a36-4b8e-8c1e-0d7c5e2f9a11,11.5,488800000.0,5621200000.0,85780000.0,5535420000.0,426915000.0,2,7f5b6f7e-1c2d-4a4e-9a51-3a3f1d3c0a01
dd01f91f-0050-44f4-b026-ae636e1efdb3,a23f34ad-0e74-4066-b79b-6a4d9573a344,972a8469-1641-4f82-8b9d-2434e465e150,3b0b0e6c-5a36-4b8e-8c1e-0d7c5e2f9a11,10.5,340500000.0,3575250000.0,90615000.0,3484635000.0,310794000.0,1,7f5b6f7e-1c2d-4a4e-9a51-3a3f1d3c0a01
82041c74-326c-4a2a-85bd-73b682ddd23e,a23f34ad-0e74-4066-b79b-6a4d9573a344,17fc695a-07a0-4a6e-8822-e8f36c031199,3b0b0e6c-5a36-4b8e-8c1e-0d7c5e2f9a11,44.5,351400000.0,15637300000.0,396327000.0,15240973000.0,315656000.0,2,7f5b6f7e-1c2d-4a4e-9a51-3a3f1d3c0a01
e5b342f9-f7b7-4fc6-b667-46e5b178e5aa,ebbff15c-b6a1-4450-9e32-2507446e3622,47378190-96da-4dac-b2ff-5d2a386ecbe0,3b0b0e6c-5a36-4b8e-8c1e-0d7c5e2f9a11,8.0,480800000.0,3846400000.0,97868000.0,3748532000.0,410378000.0,1,7f5b6f7e-1c2d-4a4e-9a51-3a3f1d3c0a01
203f057d-ac2e-47df-98d6-74cb477678ce,ebbff15c-b6a1-4450-9e32-2507446e3622,6c307511-b2b9-437a-a8df-6ec4ce4a2bbd,3b0b0e6c-5a36-4b8e-8c1e-0d7c5e2f9a11,17.0,477700000.0,8120900000.0,206628000.0,7914272000.0,398116000.0,2,7f5b6f7e-1c2d-4a4e-9a51-3a3f1d3c0a01
c744ac43-8a39-47e7-a777-c410b9e861c2,7df7ebee-d1ea-4140-a6a2-e2cfa7b27efe,43b7a3a6-9a8d-4a03-980d-7b71d8f56413,3b0b0e6c-5a36-4b8e-8c1e-0d7c5e2f9a11,54.0,543400000.0,29343600000.0,840903000.0,28502697000.0,485070000.0,1,7f5b6f7e-1c2d-4a4e-9a51-3a3f1d3c0a01
278fbec6-f3b3-4baf-8228-01737434ee7e,7df7ebee-d1ea-4140-a6a2-e2cfa7b27efe,5be6128e-18c2-4797-a142-ea7d17be3111,3b0b0e6c-5a36-4b8e-8c1e-0d7c5e2f9a11,11.0,519900000.0,5718900000.0,163887000.0,5555013000.0,463795000.0,2,7f5b6f7e-1c2d-4a4e-9a51-3a3f1d3c0a01
a08fd754-ddf9-4860-97b0-952cca4ab22b,fa179aa3-e738-45b8-b69e-cb8f27f8b2c8,bdd640fb-0667-4ad1-9c80-317fa3b1799d,3b0b0e6c-5a36-4b8e-8c1e-0d7c5e2f9a11,22.5,441800000.0,9940500000.0,367550000.0,9572950000.0,406351000.0,1,7f5b6f7e-1c2d-4a4e-9a51-3a3f1d3c0a01
1b08c8f3-f01c-4b7a-bbe9-3aced7548372,fa179aa3-e738-45b8-b69e-cb8f27f8b2c8,972a8469-1641-4f82-8b9d-2434e465e150,3b0b0e6c-5a36-4b8e-8c1e-0d7c5e2f9a11,7.5,416200000.0,3121500000.0,115417000.0,3006083000.0,385500000.0,2,7f5b6f7e-1c2d-4a4e-9a51-3a3f1d3c0a01
93dd2803-144d-474f-b754-724f28068686,0c43891f-1cef-4e01-9431-b194a380cb66,ec1b8ca1-f91e-4d4c-9ff4-9b7889463e85,3b0b0e6c-5a36-4b8e-8c1e-0d7c5e2f9a11,25.0,417100000.0,10427500000.0,196536000.0,10230964000.0,374218000.0,1,7f5b6f7e-1c2d-4a4e-9a51-3a3f1d3c0a01
adccc1f1-c2b2-422f-9ab6-e20132902943,52514e94-f1ec-470c-becd-607e504149df,e2acf72f-9e57-4f7a-a0ee-89aed453dd32,3b0b0e6c-5a36-4b8e-8c1e-0d7c5e2f9a11,155.0,598500000.0,92767500000.0,1402126000.0,91365374000.0,518787000.0,1,7f5b6f7e-1c2d-4a4e-9a51-3a3f1d3c0a01
ca0bcf27-a78b-4373-9285-e52e67c174f5,d4db43ff-4b63-48a5-9d8f-7a4081d7e376,1a2a73ed-562b-4f79-8374-59eef50bea63,3b0b0e6c-5a36-4b8e-8c1e-0d7c5e2f9a11,20.0,530400000.0,10608000000.0,164969000.0,10443031000.0,475727000.0,1,7f5b6f7e-1c2d-4a4e-9a51-3a3f1d3c0a01
175cdf34-085e-4b68-b808-275035992c01,510be5ba-fa40-4dd1-b6e5-ef55ed1df637,759cde66-bacf-43d0-8b1f-9163ce9ff57f,3b0b0e6c-5a36-4b8e-8c1e-0d7c5e2f9a11,35.0,647000000.0,22645000000.0,548477000.0,22096523000.0,584178000.0,1,7f5b6f7e-1c2d-4a4e-9a51-3a3f1d3c0a01
b875a2dd-2430-43fa-aa2e-f8e1f703d523,47cfa191-020d-4a0b-8646-5ad9eda5952b,759cde66-bacf-43d0-8b1f-9163ce9ff57f,3b0b0e6c-5a36-4b8e-8c1e-0d7c5e2f9a11,35.0,669500000.0,23432500000.0,680504000.0,22751996000.0,585535000.0,1,7f5b6f7e-1c2d-4a4e-9a51-3a3f1d3c0a01
744880dc-5f96-45c4-9ac5-e37bfd98b429,46ca3f98-5e19-41cf-b06d-487dbaa8967b,23b8c1e9-3924-46de-beb1-3b9046685257,3b0b0e6c-5a36-4b8e-8c1e-0d7c5e2f9a11,66.5,262100000.00000003,17429650000.000004,394130000.0,17035520000.000004,245064000.0,1,7f5b6f7e-1c2d-4a4e-9a51-3a3f1d3c0a01
a996a51f-1ebc-47c8-adcf-32509d5513e5,46ca3f98-5e19-41cf-b06d-487dbaa8967b,17fc695a-07a0-4a6e-8822-e8f36c031199,3b0b0e6c-5a36-4b8e-8c1e-0d7c5e2f9a11,148.5,257700000.0,38268450000.0,865350000.0,37403100000.0,240950000.0,2,7f5b6f7e-1c2d-4a4e-9a51-3a3f1d3c0a01
7d503274-66a8-4ad6-9a75-3eed88baee58,cb01ec55-5020-4b3b-9075-36b5160ffc1a,43b7a3a6-9a8d-4a03-980d-7b71d8f56413,3b0b0e6c-5a36-4b8e-8c1e-0d7c5e2f9a11,65.0,447200000.0,29068000000.0,483455000.0,28584545000.0,413845000.0,1,7f5b6f7e-1c2d-4a4e-9a51-3a3f1d3c0a01
e1b40f3c-576f-4a57-be33-393cbac7e5a9,a4bb4cb6-d093-4173-8e7b-d58a8177fdf2,ddd1dfb2-3b98-4ef8-9af6-1a26146d3f31,3b0b0e6c-5a36-4b8e-8c1e-0d7c5e2f9a11,330.0,322700000.0,106491000000.0,2471771000.0,104019229000.0,302868000.0,1,7f5b6f7e-1c2d-4a4e-9a51-3a3f1d3c0a01
553a81c3-b2a3-4568-9d90-f4a39af5c4d3,b6080763-4449-4ea5-8698-2a0b6a5c092c,9a1de644-815e-46d1-bb8f-aa1837f8a88b,3b0b0e6c-5a36-4b8e-8c1e-0d7c5e2f9a11,75.0,333000000.0,24975000000.0,609227000.0,24365773000.0,304716000.0,1,7f5b6f7e-1c2d-4a4e-9a51-3a3f1d3c0a01
046f7ef3-aedf-4a6f-9230-d0bd603c9cdb,2aed5678-a4f5-4e62-9072-f35576cd8f9c,bdd640fb-0667-4ad1-9c80-317fa3b1799d,3b0b0e6c-5a36-4b8e-8c1e-0d7c5e2f9a11,175.0,292000000.0,51100000000.0,1562752000.0,49537248000.0,265166000.0,1,7f5b6f7e-1c2d-4a4e-9a51-3a3f1d3c0a01
eda0076b-e591-4db0-8501-002bd5dfd628,0b979c81-5c1c-421f-85e3-1dc0deecd69b,17fc695a-07a0-4a6e-8822-e8f36c031199,3b0b0e6c-5a36-4b8e-8c1e-0d7c5e2f9a11,80.5,276300000.0,22242150000.0,827604000.0,21414546000.0,256564000.0,1,7f5b6f7e-1c2d-4a4e-9a51-3a3f1d3c0a01
23f89f0b-8f83-4327-8817-42b279e75943,0b979c81-5c1c-421f-85e3-1dc0deecd69b,972a8469-1641-4f82-8b9d-2434e465e150,3b0b0e6c-5a36-4b8e-8c1e-0d7c5e2f9a11,74.5,275600000.0,20532200000.0,763979000.0,19768221000.0,255629000.0,2,7f5b6f7e-1c2d-4a4e-9a51-3a3f1d3c0a01
7208334b-86aa-4661-885b-7b320bdae0eb,d0bc04cd-cf6c-4df2-bfbf-98644f944845,fc377a4c-4a15-444d-85e7-ce8a3a578a8e,3b0b0e6c-5a36-4b8e-8c1e-0d7c5e2f9a11,60.0,463900000.0,27834000000.0,861116000.0,26972884000.0,357463000.0,1,7f5b6f7e-1c2d-4a4e-9a51-3a3f1d3c0a01
c6f74f3b-d1ca-4fd4-88ee-f9eb47661cc1,565a5ed4-7d2f-46b7-a299-7138d0652184,972a8469-1641-4f82-8b9d-2434e465e150,3b0b0e6c-5a36-4b8e-8c1e-0d7c5e2f9a11,40.0,331500000.0,13260000000.0,535753000.0,12724247000.0,313973000.0,1,7f5b6f7e-1c2d-4a4e-9a51-3a3f1d3c0a01
a97d3c12-b00b-4505-9453-6b6c6d4ca628,ad2d211e-95b8-42e0-a246-5b46718387b5,43b7a3a6-9a8d-4a03-980d-7b71d8f56413,3b0b0e6c-5a36-4b8e-8c1e-0d7c5e2f9a11,105.0,458000000.0,48090000000.0,1547076000.0,46542924000.0,409220000.0,1,7f5b6f7e-1c2d-4a4e-9a51-3a3f1d3c0a01
9a8d8059-4445-4daa-aea1-3a932372426c,82c9a811-8f4c-48f1-9cdd-789ab60c1b54,fc377a4c-4a15-444d-85e7-ce8a3a578a8e,3b0b0e6c-5a36-4b8e-8c1e-0d7c5e2f9a11,55.5,493200000.0,27372600000.0,1026662000.0,26345938000.0,426378000.0,1,7f5b6f7e-1c2d-4a4e-9a51-3a3f1d3c0a01
a172eb4c-bb6c-4ec6-a93c-f998ccc2773f,82c9a811-8f4c-48f1-9cdd-789ab60c1b54,a9488d99-0bbb-4599-91ce-5dd2b45ed1f0,3b0b0e6c-5a36-4b8e-8c1e-0d7c5e2f9a11,64.5,479600000.0,30934200000.0,1160247000.0,29773953000.0,410000000.0,2,7f5b6f7e-1c2d-4a4e-9a51-3a3f1d3c0a01
7e424685-28db-42c1-91f3-e27887f44648,7a8a95b2-822a-49ee-a776-638ca8b14abf,fc377a4c-4a15-444d-85e7-ce8a3a578a8e,3b0b0e6c-5a36-4b8e-8c1e-0d7c5e2f9a11,7.0,510300000.0,3572100000.0,148654000.0,3423446000.0,453765000.0,1,7f5b6f7e-1c2d-4a4e-9a51-3a3f1d3c0a01
4453a3d7-b956-4b46-a226-6be7b1a80792,7a8a95b2-822a-49ee-a776-638ca8b14abf,3139d32c-93cd-49bf-9c94-1cf0dc98d2c1,3b0b0e6c-5a36-4b8e-8c1e-0d7c5e2f9a11,55.0,497500000.0,27362500000.0,1138702000.0,26223798000.0,443472000.0,2,7f5b6f7e-1c2d-4a4e-9a51-3a3f1d3c0a01
d704f795-07ff-4f09-b555-131f4f84db29,7a8a95b2-822a-49ee-a776-638ca8b14abf,a9488d99-0bbb-4599-91ce-5dd2b45ed1f0,3b0b0e6c-5a36-4b8e-8c1e-0d7c5e2f9a11,7.5,483900000.0,3629250000.0,151033000.0,3478217000.0,433001000.0,3,7f5b6f7e-1c2d-4a4e-9a51-3a3f1d3c0a01
fcd6a254-8b60-46f7-8141-e231c6028bf2,a5c59e94-d3e5-4c3e-a374-beb7202d7f4c,43b7a3a6-9a8d-4a03-980d-7b71d8f56413,3b0b0e6c-5a36-4b8e-8c1e-0d7c5e2f9a11,190.0,484700000.0,92093000000.0,2048532000.0,90044468000.0,430218000.0,1,7f5b6f7e-1c2d-4a4e-9a51-3a3f1d3c0a01
8a050c2c-8076-4442-9022-c75b37acf86f,cc96d39e-2617-4619-82a5-c59e86b4b101,47378190-96da-4dac-b2ff-5d2a386ecbe0,3b0b0e6c-5a36-4b8e-8c1e-0d7c5e2f9a11,12.0,513000000.0,6156000000.0,178620000.0,5977380000.0,474885000.0,1,7f5b6f7e-1c2d-4a4e-9a51-3a3f1d3c0a01
79aafd72-317c-42ea-8ac8-a7d8c3971f36,cc96d39e-2617-4619-82a5-c59e86b4b101,6b65a6a4-8b81-48f6-b38a-088ca65ed389,3b0b0e6c-5a36-4b8e-8c1e-0d7c5e2f9a11,83.0,512500000.0,42537500000.0,1234249000.0,41303251000.0,459879000.0,2,7f5b6f7e-1c2d-4a4e-9a51-3a3f1d3c0a01
17c31300-9997-4488-b3fd-598c706c9f76,172b02d4-ff25-4f07-b298-d42d54c56591,371ecd7b-27cd-4130-8722-9389571aa876,3b0b0e6c-5a36-4b8e-8c1e-0d7c5e2f9a11,16.0,334700000.0,5355200000.0,247758000.0,5107442000.0,300394000.0,1,7f5b6f7e-1c2d-4a4e-9a51-3a3f1d3c0a01
66590226-0aec-4adb-9add-220d83d00621,172b02d4-ff25-4f07-b298-d42d54c56591,b74d0fb1-32e7-4629-8fad-c1a606cb0fb3,3b0b0e6c-5a36-4b8e-8c1e-0d7c5e2f9a11,64.0,345000000.0,22080000000.0,1021531000.0,21058469000.0,307348000.0,2,7f5b6f7e-1c2d-4a4e-9a51-3a3f1d3c0a01
36fc1938-ad57-48a5-af11-0c81f4a9cb8a,f534753c-7756-4b60-aa1a-803e681b013b,23b8c1e9-3924-46de-beb1-3b9046685257,3b0b0e6c-5a36-4b8e-8c1e-0d7c5e2f9a11,12.5,282200000.0,3527500000.0,154431000.0,3373069000.0,263577000.0,1,7f5b6f7e-1c2d-4a4e-9a51-3a3f1d3c0a01
1ece3d0d-484c-4456-bf97-67a41e5c5f20,f534753c-7756-4b60-aa1a-803e681b013b,bdd640fb-0667-4ad1-9c80-317fa3b1799d,3b0b0e6c-5a36-4b8e-8c1e-0d7c5e2f9a11,111.0,295100000.0,32756100000.0,1434030000.0,31322070000.0,271618000.0,2,7f5b6f7e-1c2d-4a4e-9a51-3a3f1d3c0a01
19b566e0-aca5-42a3-b567-faf1b3f4671b,f534753c-7756-4b60-aa1a-803e681b013b,17fc695a-07a0-4a6e-8822-e8f36c031199,3b0b0e6c-5a36-4b8e-8c1e-0d7c5e2f9a11,11.5,276300000.0,3177450000.0,139106000.0,3038344000.0,256564000.0,3,7f5b6f7e-1c2d-4a4e-9a51-3a3f1d3c0a01
c40f2b35-ea53-4d8a-87bb-ff575a389e25,0ca54273-0a83-4eda-89c6-e04fd2e0d064,47378190-96da-4dac-b2ff-5d2a386ecbe0,3b0b0e6c-5a36-4b8e-8c1e-0d7c5e2f9a11,27.5,346000000.0,9515000000.0,296282000.0,9218718000.0,308355000.0,1,7f5b6f7e-1c2d-4a4e-9a51-3a3f1d3c0a01
5c64bcb5-1d74-4458-b004-ffe36d8bacdf,0ca54273-0a83-4eda-89c6-e04fd2e0d064,b74d0fb1-32e7-4629-8fad-c1a606cb0fb3,3b0b0e6c-5a36-4b8e-8c1e-0d7c5e2f9a11,77.5,351600000.0,27249000000.0,848491000.0,26400509000.0,318328000.0,2,7f5b6f7e-1c2d-4a4e-9a51-3a3f1d3c0a01
46f2209e-fa56-40fa-8c24-46549e8ffa10,2f811d1c-acdb-4bd6-88c1-399d4361f730,fc377a4c-4a15-444d-85e7-ce8a3a578a8e,3b0b0e6c-5a36-4b8e-8c1e-0d7c5e2f9a11,150.0,476400000.0,71460000000.0,3163773000.0,68296227000.0,421814000.0,1,7f5b6f7e-1c2d-4a4e-9a51-3a3f1d3c0a01
30097ec6-1bc3-438a-9fcf-1b730a31f6f1,c12d3710-fc6c-4bcc-a915-be12e5334178,972a8469-1641-4f82-8b9d-2434e465e150,3b0b0e6c-5a36-4b8e-8c1e-0d7c5e2f9a11,215.0,346900000.0,74583500000.0,2588801000.0,71994699000.0,309952000.0,1,7f5b6f7e-1c2d-4a4e-9a51-3a3f1d3c0a01
af62d83e-5299-4ed4-8c66-5080f7f7dc3c,b261dc7a-8bda-4904-ab79-128676d90c5d,a9488d99-0bbb-4599-91ce-5dd2b45ed1f0,3b0b0e6c-5a36-4b8e-8c1e-0d7c5e2f9a11,37.0,483800000.0,17900600000.0,797777000.0,17102823000.0,417518000.0,1,7f5b6f7e-1c2d-4a4e-9a51-3a3f1d3c0a01
ee857988-176d-4b5e-a791-d24e5e8eb9af,b261dc7a-8bda-4904-ab79-128676d90c5d,3139d32c-93cd-49bf-9c94-1cf0dc98d2c1,3b0b0e6c-5a36-4b8e-8c1e-0d7c5e2f9a11,23.0,495500000.0,11396500000.0,507908000.0,10888592000.0,430226000.0,2,7f5b6f7e-1c2d-4a4e-9a51-3a3f1d3c0a01
765ee712-b780-404b-9841-274258ce6563,5e57ffca-b8a3-4361-b8ef-7c340ed9718e,3139d32c-93cd-49bf-9c94-1cf0dc98d2c1,3b0b0e6c-5a36-4b8e-8c1e-0d7c5e2f9a11,95.0,495500000.0,47072500000.0,1938547000.0,45133953000.0,430226000.0,1,7f5b6f7e-1c2d-4a4e-9a51-3a3f1d3c0a01
60573a3c-6168-465e-a743-4d0b83219504,e37c881f-5e2b-4140-a143-143530b3ffe9,1a2a73ed-562b-4f79-8374-59eef50bea63,3b0b0e6c-5a36-4b8e-8c1e-0d7c5e2f9a11,18.0,454200000.0,8175600000.0,223835000.0,7951765000.0,426795000.0,1,7f5b6f7e-1c2d-4a4e-9a51-3a3f1d3c0a01
2d3c7b78-07f4-4830-bbda-ffe431c689ef,e37c881f-5e2b-4140-a143-143530b3ffe9,5be6128e-18c2-4797-a142-ea7d17be3111,3b0b0e6c-5a36-4b8e-8c1e-0d7c5e2f9a11,12.5,459700000.0,5746250000.0,157323000.0,5588927000.0,416620000.0,2,7f5b6f7e-1c2d-4a4e-9a51-3a3f1d3c0a01
90bbbc35-c4e6-4d80-a97f-2b8214537d9c,e37c881f-5e2b-4140-a143-143530b3ffe9,43b7a3a6-9a8d-4a03-980d-7b71d8f56413,3b0b0e6c-5a36-4b8e-8c1e-0d7c5e2f9a11,9.5,465100000.0,4418450000.0,120970000.0,4297480000.0,430032000.0,3,7f5b6f7e-1c2d-4a4e-9a51-3a3f1d3c0a01
3705e14c-22da-40b0-8db1-b421379d962d,795702eb-f0ca-49e3-ad16-0b441c150a13,9a1de644-815e-46d1-bb8f-aa1837f8a88b,3b0b0e6c-5a36-4b8e-8c1e-0d7c5e2f9a11,75.0,397600000.0,29820000000.0,768304000.0,29051696000.0,362967000.0,1,7f5b6f7e-1c2d-4a4e-9a51-3a3f1d3c0a01
8b975ceb-4185-42d1-a834-d41e899e8754,85483453-dd84-474e-a890-d482f0a77e33,6c307511-b2b9-437a-a8df-6ec4ce4a2bbd,3b0b0e6c-5a36-4b8e-8c1e-0d7c5e2f9a11,225.0,508000000.0,114300000000.0,4033840000.0,110266160000.0,459879000.0,1,7f5b6f7e-1c2d-4a4e-9a51-3a3f1d3c0a01
d0687cf5-a125-4163-b42e-32393a405475,ddf25847-1f5f-4722-959b-b24cc34dd83e,fc377a4c-4a15-444d-85e7-ce8a3a578a8e,3b0b0e6c-5a36-4b8e-8c1e-0d7c5e2f9a11,2.5,604600000.0,1511500000.0,31291000.0,1480209000.0,529930000.0,1,7f5b6f7e-1c2d-4a4e-9a51-3a3f1d3c0a01
8adc848b-6a8d-4b40-8661-a5a9ec9bf03f,ddf25847-1f5f-4722-959b-b24cc34dd83e,a9488d99-0bbb-4599-91ce-5dd2b45ed1f0,3b0b0e6c-5a36-4b8e-8c1e-0d7c5e2f9a11,7.5,585900000.0,4394250000.0,90970000.0,4303280000.0,517758000.0,2,7f5b6f7e-1c2d-4a4e-9a51-3a3f1d3c0a01
1a533b3a-39c6-4d0c-b55d-db07fa6a53d2,ddf25847-1f5f-4722-959b-b24cc34dd83e,3139d32c-93cd-49bf-9c94-1cf0dc98d2c1,3b0b0e6c-5a36-4b8e-8c1e-0d7c5e2f9a11,5.0,587400000.0,2937000000.0,60802000.0,2876198000.0,520264000.0,3,7f5b6f7e-1c2d-4a4e-9a51-3a3f1d3c0a01
f60adff1-a5ab-46d8-9e05-65460fb03e21,4dcb650c-b796-4a47-8b5c-0a259b1602c1,4b0dbb41-8d52-48f1-942c-3fe860e7a113,3b0b0e6c-5a36-4b8e-8c1e-0d7c5e2f9a11,10.0,779000000.0,7790000000.0,215617000.0,7574383000.0,666936000.0,1,7f5b6f7e-1c2d-4a4e-9a51-3a3f1d3c0a01
595f590e-f8c6-4171-b857-8dfe2d3e61f8,bc30a52f-b7ee-46ba-a367-c51cdebb20b7,9a1de644-815e-46d1-bb8f-aa1837f8a88b,3b0b0e6c-5a36-4b8e-8c1e-0d7c5e2f9a11,35.0,326400000.0,11424000000.0,151939000.0,11272061000.0,304530000.0,1,7f5b6f7e-1c2d-4a4e-9a51-3a3f1d3c0a01
939ad3ce-dbec-4053-a569-0b442c3c558e,a9bc3682-3446-49d1-9ee1-c69549ab4042,b74d0fb1-32e7-4629-8fad-c1a606cb0fb3,3b0b0e6c-5a36-4b8e-8c1e-0d7c5e2f9a11,7.0,417600000.0,2923200000.0,48037000.0,2875163000.0,399306000.0,1,7f5b6f7e-1c2d-4a4e-9a51-3a3f1d3c0a01
086ff024-3027-4b55-b22f-8246cd4046b8,a9bc3682-3446-49d1-9ee1-c69549ab4042,6b65a6a4-8b81-48f6-b38a-088ca65ed389,3b0b0e6c-5a36-4b8e-8c1e-0d7c5e2f9a11,10.5,404800000.0,4250400000.0,69847000.0,4180553000.0,389882000.0,2,7f5b6f7e-1c2d-4a4e-9a51-3a3f1d3c0a01
d3511c87-7fe4-402a-ac12-a116aa5c3f33,a9bc3682-3446-49d1-9ee1-c69549ab4042,47378190-96da-4dac-b2ff-5d2a386ecbe0,3b0b0e6c-5a36-4b8e-8c1e-0d7c5e2f9a11,2.5,406000000.0,1015000000.0,16680000.0,998320000.0,388692000.0,3,7f5b6f7e-1c2d-4a4e-9a51-3a3f1d3c0a01
6e278083-6ea6-4da4-b616-fb27a9af5057,e703514f-13cf-4f92-a368-b51876048ab3,bdd640fb-0667-4ad1-9c80-317fa3b1799d,3b0b0e6c-5a36-4b8e-8c1e-0d7c5e2f9a11,25.0,348700000.0,8717500000.0,82988000.0,8634512000.0,328278000.0,1,7f5b6f7e-1c2d-4a4e-9a51-3a3f1d3c0a01
93579905-4043-4196-a325-c3e4f57001c4,b8ab027b-a3ed-4977-8af9-af85c1ac99b4,43b7a3a6-9a8d-4a03-980d-7b71d8f56413,3b0b0e6c-5a36-4b8e-8c1e-0d7c5e2f9a11,45.0,560100000.0,25204500000.0,359488000.0,24845012000.0,512358000.0,1,7f5b6f7e-1c2d-4a4e-9a51-3a3f1d3c0a01
a1994619-a5e6-42d4-8b69-9faf9b51b8fc,fce59a48-2c1b-44cd-8807-e0e717d9475d,a9488d99-0bbb-4599-91ce-5dd2b45ed1f0,3b0b0e6c-5a36-4b8e-8c1e-0d7c5e2f9a11,75.0,599200000.0,44940000000.0,512830000.0,44427170000.0,524380000.0,1,7f5b6f7e-1c2d-4a4e-9a51-3a3f1d3c0a01
86f17718-de71-43aa-bc71-98eea36b3207,127ec520-2b02-4a67-b250-d013fb4c4d06,371ecd7b-27cd-4130-8722-9389571aa876,3b0b0e6c-5a36-4b8e-8c1e-0d7c5e2f9a11,50.0,412900000.0,20645000000.0,483486000.0,20161514000.0,371490000.0,1,7f5b6f7e-1c2d-4a4e-9a51-3a3f1d3c0a01
e9f66b89-cbe0-421b-8145-0c9b56717057,5b905e27-0e4e-4397-b2b0-0cb389f279cf,1a2a73ed-562b-4f79-8374-59eef50bea63,3b0b0e6c-5a36-4b8e-8c1e-0d7c5e2f9a11,22.5,461400000.0,10381500000.0,304627000.0,10076873000.0,418748000.0,1,7f5b6f7e-1c2d-4a4e-9a51-3a3f1d3c0a01
5b89d8c6-0ba0-437f-8312-b9728750e5c8,5b905e27-0e4e-4397-b2b0-0cb389f279cf,5be6128e-18c2-4797-a142-ea7d17be3111,3b0b0e6c-5a36-4b8e-8c1e-0d7c5e2f9a11,41.5,450400000.0,18691600000.0,548473000.0,18143127000.0,403948000.0,2,7f5b6f7e-1c2d-4a4e-9a51-3a3f1d3c0a01
ddbe8d7c-2e05-4c23-bdd4-db9877dd63f4,5b905e27-0e4e-4397-b2b0-0cb389f279cf,43b7a3a6-9a8d-4a03-980d-7b71d8f56413,3b0b0e6c-5a36-4b8e-8c1e-0d7c5e2f9a11,70.5,464900000.0,32775450000.0,961739000.0,31813711000.0,425870000.0,3,7f5b6f7e-1c2d-4a4e-9a51-3a3f1d3c0a01
6a57fc38-815e-4905-959d-6f8f0c78adad,c82a4cc7-26ee-4ddc-be50-bf063741dbf0,371ecd7b-27cd-4130-8722-9389571aa876,3b0b0e6c-5a36-4b8e-8c1e-0d7c5e2f9a11,15.0,535200000.00000006,8028000000.000001,127674000.0,7900326000.000001,469121000.0,1,7f5b6f7e-1c2d-4a4e-9a51-3a3f1d3c0a01
cc48e730-b94b-428d-b3fa-0bef58ef1640,14617602-39bb-417b-a697-31da61bbbc90,17fc695a-07a0-4a6e-8822-e8f36c031199,3b0b0e6c-5a36-4b8e-8c1e-0d7c5e2f9a11,230.0,257700000.0,59271000000.0,1330082000.0,57940918000.0,240950000.0,1,7f5b6f7e-1c2d-4a4e-9a51-3a3f1d3c0a01
86f4b726-e128-49de-8b80-653954a647b3,c4a91377-751a-48d2-a124-7e6919f03307,b74d0fb1-32e7-4629-8fad-c1a606cb0fb3,3b0b0e6c-5a36-4b8e-8c1e-0d7c5e2f9a11,57.5,335900000.0,19314250000.0,633688000.0,18680562000.0,302682000.0,1,7f5b6f7e-1c2d-4a4e-9a51-3a3f1d3c0a01
3e80c207-5210-4888-8432-ccf81956c695,c4a91377-751a-48d2-a124-7e6919f03307,6b65a6a4-8b81-48f6-b38a-088ca65ed389,3b0b0e6c-5a36-4b8e-8c1e-0d7c5e2f9a11,31.5,329400000.0,10376100000.0,340433000.0,10035667000.0,296552000.0,2,7f5b6f7e-1c2d-4a4e-9a51-3a3f1d3c0a01
1a87855e-de12-45a6-a2a4-c40a54989ed4,c4a91377-751a-48d2-a124-7e6919f03307,371ecd7b-27cd-4130-8722-9389571aa876,3b0b0e6c-5a36-4b8e-8c1e-0d7c5e2f9a11,30.5,328300000.0,10013150000.0,328525000.0,9684625000.0,286852000.0,3,7f5b6f7e-1c2d-4a4e-9a51-3a3f1d3c0a01
66d75ce8-f59c-4794-8aa2-3eeec24cb6bf,604695bb-b464-4c91-895f-90ccb352de5a,6b65a6a4-8b81-48f6-b38a-088ca65ed389,3b0b0e6c-5a36-4b8e-8c1e-0d7c5e2f9a11,45.0,331500000.0,14917500000.0,128499000.0,14789001000.0,311649000.0,1,7f5b6f7e-1c2d-4a4e-9a51-3a3f1d3c0a01
5bc5b7cc-11bb-46e8-9cfa-e9abfe8f5e06,67ecadd9-e6d4-415d-9576-5f2ab211be4f,23b8c1e9-3924-46de-beb1-3b9046685257,3b0b0e6c-5a36-4b8e-8c1e-0d7c5e2f9a11,10.0,355600000.0,3556000000.0,82519000.0,3473481000.0,321266000.0,1,7f5b6f7e-1c2d-4a4e-9a51-3a3f1d3c0a01
c9fd4033-2699-4070-a7a4-732d8b2e9740,67ecadd9-e6d4-415d-9576-5f2ab211be4f,bd9c66b3-ad3c-4d6d-9a3d-1fa7bc8960a9,3b0b0e6c-5a36-4b8e-8c1e-0d7c5e2f9a11,15.0,349900000.0,5248500000.0,121795000.0,5126705000.0,316030000.0,2,7f5b6f7e-1c2d-4a4e-9a51-3a3f1d3c0a01
e60dbf7e-a3c0-494d-af30-e921af474474,c7414763-7348-4b47-89fb-cfd6c6abccbd,c241330b-01a9-471f-9e8a-774bcf36d58b,3b0b0e6c-5a36-4b8e-8c1e-0d7c5e2f9a11,55.0,465100000.0,25580500000.0,645910000.0,24934590000.0,412299000.0,1,7f5b6f7e-1c2d-4a4e-9a51-3a3f1d3c0a01
ccef7d6a-8997-4db3-b8f2-6f243ae617f1,4f6163df-e090-4762-8b93-5b6c79e26160,bd9c66b3-ad3c-4d6d-9a3d-1fa7bc8960a9,3b0b0e6c-5a36-4b8e-8c1e-0d7c5e2f9a11,23.0,361500000.0,8314500000.0,211981000.0,8102519000.0,334824000.0,1,7f5b6f7e-1c2d-4a4e-9a51-3a3f1d3c0a01
27a94732-de59-45f7-b290-b95d77c6f6ee,4f6163df-e090-4762-8b93-5b6c79e26160,23b8c1e9-3924-46de-beb1-3b9046685257,3b0b0e6c-5a36-4b8e-8c1e-0d7c5e2f9a11,15.5,367400000.0,5694700000.0,145188000.0,5549512000.0,340714000.0,2,7f5b6f7e-1c2d-4a4e-9a51-3a3f1d3c0a01
407ae271-3093-4176-aa22-effdf5ac4d0d,4f6163df-e090-4762-8b93-5b6c79e26160,17fc695a-07a0-4a6e-8822-e8f36c031199,3b0b0e6c-5a36-4b8e-8c1e-0d7c5e2f9a11,21.5,358000000.0,7697000000.0,196237000.0,7500763000.0,338750000.0,3,7f5b6f7e-1c2d-4a4e-9a51-3a3f1d3c0a01
7d411a0a-3cfb-4a76-a76d-0125dc8aeaa8,18b1ca76-1ce0-4991-a0be-4aa22fba326c,23b8c1e9-3924-46de-beb1-3b9046685257,3b0b0e6c-5a36-4b8e-8c1e-0d7c5e2f9a11,120.0,372300000.0,44676000000.0,734008000.0,43941992000.0,343519000.0,1,7f5b6f7e-1c2d-4a4e-9a51-3a3f1d3c0a01
5d46dad3-a592-4a1e-96ea-d9fdaf532fe3,f5414322-65a8-473e-ac55-9e578371106a,3139d32c-93cd-49bf-9c94-1cf0dc98d2c1,3b0b0e6c-5a36-4b8e-8c1e-0d7c5e2f9a11,25.0,570900000.0,14272500000.0,257792000.0,14014708000.0,490550000.0,1,7f5b6f7e-1c2d-4a4e-9a51-3a3f1d3c0a01
275ea3ef-b3c5-4bb9-a0cb-3092936ce586,961e867a-5742-4255-94ad-f8b8cb5273b8,fc377a4c-4a15-444d-85e7-ce8a3a578a8e,3b0b0e6c-5a36-4b8e-8c1e-0d7c5e2f9a11,65.0,590600000.0,38389000000.0,260304000.0,38128696000.0,520980000.0,1,7f5b6f7e-1c2d-4a4e-9a51-3a3f1d3c0a01
53a0dd0d-1768-43e0-918d-696fc001254e,0e8e5f81-fa7a-44f6-8a10-484dd0da6390,a9488d99-0bbb-4599-91ce-5dd2b45ed1f0,3b0b0e6c-5a36-4b8e-8c1e-0d7c5e2f9a11,13.0,599200000.0,7789600000.0,230924000.0,7558676000.0,524380000.0,1,7f5b6f7e-1c2d-4a4e-9a51-3a3f1d3c0a01
3829f75c-9234-4f4b-b469-3e2f6293cd0b,0e8e5f81-fa7a-44f6-8a10-484dd0da6390,fc377a4c-4a15-444d-85e7-ce8a3a578a8e,3b0b0e6c-5a36-4b8e-8c1e-0d7c5e2f9a11,32.0,626000000.0,20032000000.0,593852000.0,19438148000.0,541117000.0,2,7f5b6f7e-1c2d-4a4e-9a51-3a3f1d3c0a01
976eb8dc-77ed-4dc4-8cf7-6da73ee98f14,4e973027-7a5f-44cf-9777-3478a3235c31,b74d0fb1-32e7-4629-8fad-c1a606cb0fb3,3b0b0e6c-5a36-4b8e-8c1e-0d7c5e2f9a11,6.0,449300000.0,2695800000.0,68726000.0,2627074000.0,407724000.0,1,7f5b6f7e-1c2d-4a4e-9a51-3a3f1d3c0a01
4b50b0b5-6b42-4a0c-9edb-de197ad15cae,4e973027-7a5f-44cf-9777-3478a3235c31,c241330b-01a9-471f-9e8a-774bcf36d58b,3b0b0e6c-5a36-4b8e-8c1e-0d7c5e2f9a11,24.0,470600000.0,11294400000.0,287935000.0,11006465000.0,425566000.0,2,7f5b6f7e-1c2d-4a4e-9a51-3a3f1d3c0a01
92f18691-794c-4296-b695-2b3ac31cdcba,454afde3-0251-4db4-b810-453b7471a091,b74d0fb1-32e7-4629-8fad-c1a606cb0fb3,3b0b0e6c-5a36-4b8e-8c1e-0d7c5e2f9a11,8.5,452500000.0,3846250000.0,53844000.0,3792406000.0,411110000.0,1,7f5b6f7e-1c2d-4a4e-9a51-3a3f1d3c0a01
06952e99-599a-49d8-8342-cfeb6bc201ee,454afde3-0251-4db4-b810-453b7471a091,6b65a6a4-8b81-48f6-b38a-088ca65ed389,3b0b0e6c-5a36-4b8e-8c1e-0d7c5e2f9a11,9.0,446500000.0,4018500000.0,56255000.0,3962245000.0,401044000.0,2,7f5b6f7e-1c2d-4a4e-9a51-3a3f1d3c0a01
482ea607-8ef4-4701-afd8-5321f241da4d,454afde3-0251-4db4-b810-453b7471a091,371ecd7b-27cd-4130-8722-9389571aa876,3b0b0e6c-5a36-4b8e-8c1e-0d7c5e2f9a11,12.5,440500000.0,5506250000.0,77082000.0,5429168000.0,393084000.0,3,7f5b6f7e-1c2d-4a4e-9a51-3a3f1d3c0a01
a825268a-1c97-491c-b8eb-eecfafe97022,7b104383-ef01-4574-997b-8c848b4177cb,5be6128e-18c2-4797-a142-ea7d17be3111,3b0b0e6c-5a36-4b8e-8c1e-0d7c5e2f9a11,20.0,536500000.0,10730000000.0,216452000.0,10513548000.0,491823000.0,1,7f5b6f7e-1c2d-4a4e-9a51-3a3f1d3c0a01
524c35b0-53e0-4c47-81b3-b47800de9eb1,fe9e9f06-36ef-49da-af2d-93e27075f7f6,43b7a3a6-9a8d-4a03-980d-7b71d8f56413,3b0b0e6c-5a36-4b8e-8c1e-0d7c5e2f9a11,215.0,374000000.0,80410000000.0,2741608000.0,77668392000.0,326525000.0,1,7f5b6f7e-1c2d-4a4e-9a51-3a3f1d3c0a01
9714b62b-fe97-4da7-8fa3-1a57e44fb70c,24ed3b2f-d5cc-412f-b35e-ced4bebd0633,ec1b8ca1-f91e-4d4c-9ff4-9b7889463e85,3b0b0e6c-5a36-4b8e-8c1e-0d7c5e2f9a11,65.0,511200000.0,33228000000.0,604566000.0,32623434000.0,449061000.0,1,7f5b6f7e-1c2d-4a4e-9a51-3a3f1d3c0a01
6ec4a62c-c294-4e9d-92da-425113e3ade4,08052792-50f9-434a-8742-0da3dd0f2e32,1a2a73ed-562b-4f79-8374-59eef50bea63,3b0b0e6c-5a36-4b8e-8c1e-0d7c5e2f9a11,225.0,435900000.0,98077500000.0,2454308000.0,95623192000.0,400525000.0,1,7f5b6f7e-1c2d-4a4e-9a51-3a3f1d3c0a01
1791a14f-ce18-418c-a83b-bc24d2af13ee,1dfe3bd6-f6e8-40b1-80f3-5f02b3ea0e84,5be6128e-18c2-4797-a142-ea7d17be3111,3b0b0e6c-5a36-4b8e-8c1e-0d7c5e2f9a11,18.0,547500000.0,9855000000.0,308875000.0,9546125000.0,496262000.0,1,7f5b6f7e-1c2d-4a4e-9a51-3a3f1d3c0a01
815c8eda-010d-4471-9288-e7baf335459c,1dfe3bd6-f6e8-40b1-80f3-5f02b3ea0e84,1a2a73ed-562b-4f79-8374-59eef50bea63,3b0b0e6c-5a36-4b8e-8c1e-0d7c5e2f9a11,13.0,549100000.0,7138300000.0,223728000.0,6914572000.0,497002000.0,2,7f5b6f7e-1c2d-4a4e-9a51-3a3f1d3c0a01
e8aa1ab9-dceb-481a-96c6-d1040ac9eadc,1dfe3bd6-f6e8-40b1-80f3-5f02b3ea0e84,43b7a3a6-9a8d-4a03-980d-7b71d8f56413,3b0b0e6c-5a36-4b8e-8c1e-0d7c5e2f9a11,24.0,568400000.0,13641600000.0,427554000.0,13214046000.0,518092000.0,3,7f5b6f7e-1c2d-4a4e-9a51-3a3f1d3c0a01
79a7d953-6941-4cff-a42d-56c68536f613,21aef157-a038-4ed0-83d0-ff827725b92f,ddd1dfb2-3b98-4ef8-9af6-1a26146d3f31,3b0b0e6c-5a36-4b8e-8c1e-0d7c5e2f9a11,210.0,250400000.0,52584000000.0,1207447000.0,51376553000.0,233496000.0,1,7f5b6f7e-1c2d-4a4e-9a51-3a3f1d3c0a01
4f2aac87-9529-4564-a304-eafd7f7009ef,0660ccbd-75be-4360-916d-7b12d3cb72d9,ddd1dfb2-3b98-4ef8-9af6-1a26146d3f31,3b0b0e6c-5a36-4b8e-8c1e-0d7c5e2f9a11,100.0,248400000.0,24840000000.0,688769000.0,24151231000.0,233496000.0,1,7f5b6f7e-1c2d-4a4e-9a51-3a3f1d3c0a01
017f0158-abd1-4b87-93aa-1777cf5b1739,6307d0bc-db8d-4ab1-be45-785cfe65b87b,b74d0fb1-32e7-4629-8fad-c1a606cb0fb3,3b0b0e6c-5a36-4b8e-8c1e-0d7c5e2f9a11,2.5,325300000.0,813250000.0,22768000.0,790482000.0,287950000.0,1,7f5b6f7e-1c2d-4a4e-9a51-3a3f1d3c0a01
662105ea-3eda-4759-8046-f8bda7039ecb,6307d0bc-db8d-4ab1-be45-785cfe65b87b,6b65a6a4-8b81-48f6-b38a-088ca65ed389,3b0b0e6c-5a36-4b8e-8c1e-0d7c5e2f9a11,61.0,319600000.0,19495600000.0,545812000.0,18949788000.0,285114000.0,2,7f5b6f7e-1c2d-4a4e-9a51-3a3f1d3c0a01
90447dab-98c3-4584-87bf-35a56a7e2ea1,6307d0bc-db8d-4ab1-be45-785cfe65b87b,6c307511-b2b9-437a-a8df-6ec4ce4a2bbd,3b0b0e6c-5a36-4b8e-8c1e-0d7c5e2f9a11,76.5,312600000.0,23913900000.0,669510000.0,23244390000.0,282552000.0,3,7f5b6f7e-1c2d-4a4e-9a51-3a3f1d3c0a01
af8edaad-51c4-415b-b263-10ecd6421bb8,8b83df92-aaf3-4999-ad23-f1cf0278ffdf,9a1de644-815e-46d1-bb8f-aa1837f8a88b,3b0b0e6c-5a36-4b8e-8c1e-0d7c5e2f9a11,5.5,254700000.0,1400850000.0,25951000.0,1374899000.0,238518000.0,1,7f5b6f7e-1c2d-4a4e-9a51-3a3f1d3c0a01
062e17cf-64f9-4f1f-8565-dd8590fc7caf,8b83df92-aaf3-4999-ad23-f1cf0278ffdf,bd9c66b3-ad3c-4d6d-9a3d-1fa7bc8960a9,3b0b0e6c-5a36-4b8e-8c1e-0d7c5e2f9a11,109.5,264100000.00000003,28918950000.000004,535723000.0,28383227000.000004,247775000.0,2,7f5b6f7e-1c2d-4a4e-9a51-3a3f1d3c0a01
64fc7a56-0d5c-400a-a5cf-7a34165fa04a,558673a3-c9f1-40d7-b8f0-f5243caa404a,1a2a73ed-562b-4f79-8374-59eef50bea63,3b0b0e6c-5a36-4b8e-8c1e-0d7c5e2f9a11,135.0,357200000.0,48222000000.0,1349012000.0,46872988000.0,323842000.0,1,7f5b6f7e-1c2d-4a4e-9a51-3a3f1d3c0a01
98339778-d7de-489f-9ca5-8900ff18e9d1,b45c6169-4cad-49bd-b688-b0df3bbd390f,43b7a3a6-9a8d-4a03-980d-7b71d8f56413,3b0b0e6c-5a36-4b8e-8c1e-0d7c5e2f9a11,38.0,368400000.0,13999200000.0,340378000.0,13658822000.0,338458000.0,1,7f5b6f7e-1c2d-4a4e-9a51-3a3f1d3c0a01
685978ab-53e8-4711-a944-1ed0b836c913,b45c6169-4cad-49bd-b688-b0df3bbd390f,1a2a73ed-562b-4f79-8374-59eef50bea63,3b0b0e6c-5a36-4b8e-8c1e-0d7c5e2f9a11,9.5,363800000.0,3456100000.0,84032000.0,3372068000.0,330318000.0,2,7f5b6f7e-1c2d-4a4e-9a51-3a3f1d3c0a01
f1d686fb-26f9-4cca-be32-4808969553f2,b45c6169-4cad-49bd-b688-b0df3bbd390f,5be6128e-18c2-4797-a142-ea7d17be3111,3b0b0e6c-5a36-4b8e-8c1e-0d7c5e2f9a11,42.5,353600000.0,15028000000.0,365392000.0,14662608000.0,328468000.0,3,7f5b6f7e-1c2d-4a4e-9a51-3a3f1d3c0a01
187c8917-d49c-4549-af58-701db28aabaa,778238d0-48e2-4fdf-98f1-c89979528997,23b8c1e9-3924-46de-beb1-3b9046685257,3b0b0e6c-5a36-4b8e-8c1e-0d7c5e2f9a11,200.0,288600000.0,57720000000.0,580679000.0,57139321000.0,263857000.0,1,7f5b6f7e-1c2d-4a4e-9a51-3a3f1d3c0a01
d8d295ad-beb3-4f88-ba80-cf189d36c450,f3a727b5-beb7-4626-bd75-e94602761cf8,ddd1dfb2-3b98-4ef8-9af6-1a26146d3f31,3b0b0e6c-5a36-4b8e-8c1e-0d7c5e2f9a11,75.0,328700000.0,24652500000.0,606196000.0,24046304000.0,302304000.0,1,7f5b6f7e-1c2d-4a4e-9a51-3a3f1d3c0a01
cb3eef0d-22e3-4edc-a6c0-a8c8d1abc0ca,0e8f67ab-0871-4a97-9827-aac09620be6b,bdd640fb-0667-4ad1-9c80-317fa3b1799d,3b0b0e6c-5a36-4b8e-8c1e-0d7c5e2f9a11,80.0,434600000.0,34768000000.0,638231000.0,34129769000.0,399712000.0,1,7f5b6f7e-1c2d-4a4e-9a51-3a3f1d3c0a01
95aa61ec-7dfe-466a-9518-25779a0ffd6b,9f3e7d40-54d8-46d8-bb49-71f22eb79d41,ddd1dfb2-3b98-4ef8-9af6-1a26146d3f31,3b0b0e6c-5a36-4b8e-8c1e-0d7c5e2f9a11,310.0,397600000.0,123256000000.0,2812735000.0,120443265000.0,366318000.0,1,7f5b6f7e-1c2d-4a4e-9a51-3a3f1d3c0a01
1448dce6-30e0-4eb0-8a02-7b101ab98307,c5114965-3e22-4af5-afb2-c31ab54c6d26,bd9c66b3-ad3c-4d6d-9a3d-1fa7bc8960a9,3b0b0e6c-5a36-4b8e-8c1e-0d7c5e2f9a11,90.0,419600000.0,37764000000.0,780027000.0,36983973000.0,385500000.0,1,7f5b6f7e-1c2d-4a4e-9a51-3a3f1d3c0a01
a8bcba1d-3a09-4dc5-bfad-57c3eeb9f7a7,4dc94cf9-1a8a-4dc8-a1dc-0acf748e9dd7,b74d0fb1-32e7-4629-8fad-c1a606cb0fb3,3b0b0e6c-5a36-4b8e-8c1e-0d7c5e2f9a11,85.0,519600000.0,44166000000.0,1341984000.0,42824016000.0,467199000.0,1,7f5b6f7e-1c2d-4a4e-9a51-3a3f1d3c0a01
139b3cfa-7e9e-42eb-a204-2005e8155ace,bcafdb1d-884e-48a6-8d1b-c018e7a08fed,1a2a73ed-562b-4f79-8374-59eef50bea63,3b0b0e6c-5a36-4b8e-8c1e-0d7c5e2f9a11,35.0,341200000.0,11942000000.0,587961000.0,11354039000.0,311540000.0,1,7f5b6f7e-1c2d-4a4e-9a51-3a3f1d3c0a01
953e67d5-2ac6-4061-a2f3-edfdc576c2ed,db5af2c9-4da8-47f3-82ea-7fd6617ca04e,17fc695a-07a0-4a6e-8822-e8f36c031199,3b0b0e6c-5a36-4b8e-8c1e-0d7c5e2f9a11,19.5,267500000.0,5216250000.0,201221000.0,5015029000.0,248804000.0,1,7f5b6f7e-1c2d-4a4e-9a51-3a3f1d3c0a01
089cd7ec-7b56-4bb2-a16d-cb090cf6100e,db5af2c9-4da8-47f3-82ea-7fd6617ca04e,972a8469-1641-4f82-8b9d-2434e465e150,3b0b0e6c-5a36-4b8e-8c1e-0d7c5e2f9a11,5.5,268300000.0,1475650000.0,56924000.0,1418726000.0,247494000.0,2,7f5b6f7e-1c2d-4a4e-9a51-3a3f1d3c0a01
09bf3c60-d9c8-4b8c-9748-177c9aa21bb5,db5af2c9-4da8-47f3-82ea-7fd6617ca04e,23b8c1e9-3924-46de-beb1-3b9046685257,3b0b0e6c-5a36-4b8e-8c1e-0d7c5e2f9a11,25.0,273200000.0,6830000000.0,263472000.0,6566528000.0,252918000.0,3,7f5b6f7e-1c2d-4a4e-9a51-3a3f1d3c0a01
6caaaa6b-9534-47b7-9f2d-3db616278451,766004ac-547e-4c79-9fef-7a21f355a611,bd9c66b3-ad3c-4d6d-9a3d-1fa7bc8960a9,3b0b0e6c-5a36-4b8e-8c1e-0d7c5e2f9a11,8.0,283300000.0,2266400000.0,96515000.0,2169885000.0,262081000.0,1,7f5b6f7e-1c2d-4a4e-9a51-3a3f1d3c0a01
917f6c00-b08c-4cff-a94b-6fabc1dcce9e,766004ac-547e-4c79-9fef-7a21f355a611,17fc695a-07a0-4a6e-8822-e8f36c031199,3b0b0e6c-5a36-4b8e-8c1e-0d7c5e2f9a11,27.0,279500000.0,7546500000.0,321370000.0,7225130000.0,258340000.0,2,7f5b6f7e-1c2d-4a4e-9a51-3a3f1d3c0a01
d62b2c13-ac9d-4b0d-a863-c1b90cc2e28f,f2be85a6-9006-424e-ab58-b12a03d473ce,bd9c66b3-ad3c-4d6d-9a3d-1fa7bc8960a9,3b0b0e6c-5a36-4b8e-8c1e-0d7c5e2f9a11,115.0,283300000.0,32579500000.0,1766249000.0,30813251000.0,262081000.0,1,7f5b6f7e-1c2d-4a4e-9a51-3a3f1d3c0a01
6c022dce-a9cd-4c15-a615-fdc694ebfcce,5149032d-5be0-475f-9536-411bf1b36d84,972a8469-1641-4f82-8b9d-2434e465e150,3b0b0e6c-5a36-4b8e-8c1e-0d7c5e2f9a11,29.5,340500000.0,10044750000.0,362119000.0,9682631000.0,310794000.0,1,7f5b6f7e-1c2d-4a4e-9a51-3a3f1d3c0a01
e490af51-1657-4540-9f30-a58cee418f38,5149032d-5be0-475f-9536-411bf1b36d84,bd9c66b3-ad3c-4d6d-9a3d-1fa7bc8960a9,3b0b0e6c-5a36-4b8e-8c1e-0d7c5e2f9a11,87.5,349900000.0,30616250000.0,1103734000.0,29512516000.0,316030000.0,2,7f5b6f7e-1c2d-4a4e-9a51-3a3f1d3c0a01
c1dd2854-d72e-4bb4-ada0-20866fd806d8,5149032d-5be0-475f-9536-411bf1b36d84,bdd640fb-0667-4ad1-9c80-317fa3b1799d,3b0b0e6c-5a36-4b8e-8c1e-0d7c5e2f9a11,8.0,359700000.0,2877600000.0,103739000.0,2773861000.0,326034000.0,3,7f5b6f7e-1c2d-4a4e-9a51-3a3f1d3c0a01
69d2f613-5696-4564-a1bc-bd24fdd84eae,a7f4b74e-3341-4542-b786-f342d12cdb8f,43b7a3a6-9a8d-4a03-980d-7b71d8f56413,3b0b0e6c-5a36-4b8e-8c1e-0d7c5e2f9a11,80.0,447200000.0,35776000000.0,1983364000.0,33792636000.0,413845000.0,1,7f5b6f7e-1c2d-4a4e-9a51-3a3f1d3c0a01
aba9c367-24f3-4739-8621-21646aebf367,b29f8d78-1c9d-47fd-889a-f6a6732e4e6b,23b8c1e9-3924-46de-beb1-3b9046685257,3b0b0e6c-5a36-4b8e-8c1e-0d7c5e2f9a11,40.0,343600000.0,13744000000.0,797668000.0,12946332000.0,320424000.0,1,7f5b6f7e-1c2d-4a4e-9a51-3a3f1d3c0a01
78a10ebc-0118-42ff-b429-f323f031cc80,ac6c507e-35f8-4fb3-a8e4-4eb4ecb0f051,972a8469-1641-4f82-8b9d-2434e465e150,3b0b0e6c-5a36-4b8e-8c1e-0d7c5e2f9a11,10.0,353900000.0,3539000000.0,192805000.0,3346195000.0,329962000.0,1,7f5b6f7e-1c2d-4a4e-9a51-3a3f1d3c0a01
807e2a30-f8ed-475e-a258-33d446742ba4,ac6c507e-35f8-4fb3-a8e4-4eb4ecb0f051,9a1de644-815e-46d1-bb8f-aa1837f8a88b,3b0b0e6c-5a36-4b8e-8c1e-0d7c5e2f9a11,71.5,345900000.0,24731850000.0,1347396000.0,23384454000.0,325474000.0,2,7f5b6f7e-1c2d-4a4e-9a51-3a3f1d3c0a01
b4f9e766-d967-4f66-89bb-df7576902aa1,ac6c507e-35f8-4fb3-a8e4-4eb4ecb0f051,23b8c1e9-3924-46de-beb1-3b9046685257,3b0b0e6c-5a36-4b8e-8c1e-0d7c5e2f9a11,3.0,367400000.0,1102200000.0,60048000.0,1042152000.0,340714000.0,3,7f5b6f7e-1c2d-4a4e-9a51-3a3f1d3c0a01
68c55dd7-6f42-4a5d-a6b7-989affa1a0bd,0c9ef221-83fe-4441-a4d6-1d07901c3234,a9488d99-0bbb-4599-91ce-5dd2b45ed1f0,3b0b0e6c-5a36-4b8e-8c1e-0d7c5e2f9a11,55.0,365800000.0,20119000000.0,338746000.0,19780254000.0,320678000.0,1,7f5b6f7e-1c2d-4a4e-9a51-3a3f1d3c0a01
cb3897b1-9aac-4ac7-aff4-fa8a7f9ac76e,330739d1-7851-463b-afb7-6a22a570a559,23b8c1e9-3924-46de-beb1-3b9046685257,3b0b0e6c-5a36-4b8e-8c1e-0d7c5e2f9a11,25.0,281900000.0,7047500000.0,208669000.0,6838831000.0,265353000.0,1,7f5b6f7e-1c2d-4a4e-9a51-3a3f1d3c0a01
7f7627cc-82fd-466b-8e56-f929b7e10708,05ee605f-9a39-4a07-aee2-1757da484b98,17fc695a-07a0-4a6e-8822-e8f36c031199,3b0b0e6c-5a36-4b8e-8c1e-0d7c5e2f9a11,55.0,336600000.0,18513000000.0,142531000.0,18370469000.0,321827000.0,1,7f5b6f7e-1c2d-4a4e-9a51-3a3f1d3c0a01
5756591e-6868-4a10-a4a7-e33f6d056063,f7db6296-0c4d-4303-b06a-3a8227f84d37,9a1de644-815e-46d1-bb8f-aa1837f8a88b,3b0b0e6c-5a36-4b8e-8c1e-0d7c5e2f9a11,2.5,325900000.0,814750000.0,14530000.0,800220000.0,314440000.0,1,7f5b6f7e-1c2d-4a4e-9a51-3a3f1d3c0a01
547213ee-39fd-4ae0-bd7b-3857276eec17,f7db6296-0c4d-4303-b06a-3a8227f84d37,bd9c66b3-ad3c-4d6d-9a3d-1fa7bc8960a9,3b0b0e6c-5a36-4b8e-8c1e-0d7c5e2f9a11,22.5,337100000.0,7584750000.0,135267000.0,7449483000.0,328278000.0,2,7f5b6f7e-1c2d-4a4e-9a51-3a3f1d3c0a01
c25479da-937b-405b-97b2-ec5364fe39ab,65840979-863b-4072-8798-0967c9b56d05,17fc695a-07a0-4a6e-8822-e8f36c031199,3b0b0e6c-5a36-4b8e-8c1e-0d7c5e2f9a11,145.0,351400000.0,50953000000.0,1103743000.0,49849257000.0,315656000.0,1,7f5b6f7e-1c2d-4a4e-9a51-3a3f1d3c0a01
18f9b3df-91cc-4ce1-82f7-9fa077cb877b,b1581c35-12a4-483d-a67d-380cdc5c3dff,23b8c1e9-3924-46de-beb1-3b9046685257,3b0b0e6c-5a36-4b8e-8c1e-0d7c5e2f9a11,114.0,268300000.0,30586200000.0,850399000.0,29735801000.0,245064000.0,1,7f5b6f7e-1c2d-4a4e-9a51-3a3f1d3c0a01
15a6dd0f-7a05-4c2a-bdc9-5890e066536d,b1581c35-12a4-483d-a67d-380cdc5c3dff,9a1de644-815e-46d1-bb8f-aa1837f8a88b,3b0b0e6c-5a36-4b8e-8c1e-0d7c5e2f9a11,61.0,255100000.0,15561100000.0,432651000.0,15128449000.0,234030000.0,2,7f5b6f7e-1c2d-4a4e-9a51-3a3f1d3c0a01
1459e051-36a5-45b5-b812-6b42ae181f26,a21821a9-7c1f-460d-a9d8-ec8a15c64241,972a8469-1641-4f82-8b9d-2434e465e150,3b0b0e6c-5a36-4b8e-8c1e-0d7c5e2f9a11,72.5,264700000.0,19190750000.0,620707000.0,18570043000.0,242820000.0,1,7f5b6f7e-1c2d-4a4e-9a51-3a3f1d3c0a01
20ba7093-d630-4243-9595-4961547964e9,a21821a9-7c1f-460d-a9d8-ec8a15c64241,bd9c66b3-ad3c-4d6d-9a3d-1fa7bc8960a9,3b0b0e6c-5a36-4b8e-8c1e-0d7c5e2f9a11,37.5,264100000.00000003,9903750000.000002,320327000.0,9583423000.000002,247775000.0,2,7f5b6f7e-1c2d-4a4e-9a51-3a3f1d3c0a01
9b71e4a7-538b-40ea-b3b6-38dcea743ea2,d9878e7f-1e86-4917-88f3-1d4e19c89532,3139d32c-93cd-49bf-9c94-1cf0dc98d2c1,3b0b0e6c-5a36-4b8e-8c1e-0d7c5e2f9a11,50.0,381900000.0,19095000000.0,519742000.0,18575258000.0,334193000.0,1,7f5b6f7e-1c2d-4a4e-9a51-3a3f1d3c0a01
a9a82028-60be-435e-9b30-d09f77720fe8,8385d0d4-1e88-4c10-9b1a-ccc1d28859dd,371ecd7b-27cd-4130-8722-9389571aa876,3b0b0e6c-5a36-4b8e-8c1e-0d7c5e2f9a11,59.5,430200000.0,25596900000.0,394915000.0,25201985000.0,383385000.0,1,7f5b6f7e-1c2d-4a4e-9a51-3a3f1d3c0a01
ddf9816b-502e-4617-8ac6-5e0b32376f90,8385d0d4-1e88-4c10-9b1a-ccc1d28859dd,6c307511-b2b9-437a-a8df-6ec4ce4a2bbd,3b0b0e6c-5a36-4b8e-8c1e-0d7c5e2f9a11,35.5,421500000.0,14963250000.0,230857000.0,14732393000.0,376156000.0,2,7f5b6f7e-1c2d-4a4e-9a51-3a3f1d3c0a01
77c864d2-9b5d-4d69-a78c-b17172f96fe7,f828720d-96d7-4bbb-a82a-f7e614b51035,5be6128e-18c2-4797-a142-ea7d17be3111,3b0b0e6c-5a36-4b8e-8c1e-0d7c5e2f9a11,44.0,461700000.0,20314800000.0,616932000.0,19697868000.0,425222000.0,1,7f5b6f7e-1c2d-4a4e-9a51-3a3f1d3c0a01
41490e62-d57f-41aa-80f6-bc21a54e70d3,f828720d-96d7-4bbb-a82a-f7e614b51035,1a2a73ed-562b-4f79-8374-59eef50bea63,3b0b0e6c-5a36-4b8e-8c1e-0d7c5e2f9a11,31.0,474200000.0,14700200000.0,446424000.0,14253776000.0,420135000.0,2,7f5b6f7e-1c2d-4a4e-9a51-3a3f1d3c0a01
8de0acab-68fc-4f95-8822-a8647cf4c9a8,b1799af4-3424-46b2-a20c-aab4245101a4,1a2a73ed-562b-4f79-8374-59eef50bea63,3b0b0e6c-5a36-4b8e-8c1e-0d7c5e2f9a11,135.0,549100000.0,74128500000.0,2912505000.0,71215995000.0,497002000.0,1,7f5b6f7e-1c2d-4a4e-9a51-3a3f1d3c0a01
9376ef54-572e-444c-bdd9-886e6a64ccff,3c993a28-9adf-462e-809e-8b4541109779,23b8c1e9-3924-46de-beb1-3b9046685257,3b0b0e6c-5a36-4b8e-8c1e-0d7c5e2f9a11,80.5,268300000.0,21598150000.0,722701000.0,20875449000.0,245064000.0,1,7f5b6f7e-1c2d-4a4e-9a51-3a3f1d3c0a01
a08fae51-5f73-4083-8ad3-77d8e76adac1,3c993a28-9adf-462e-809e-8b4541109779,17fc695a-07a0-4a6e-8822-e8f36c031199,3b0b0e6c-5a36-4b8e-8c1e-0d7c5e2f9a11,54.5,262300000.0,14295350000.0,478340000.0,13817010000.0,240950000.0,2,7f5b6f7e-1c2d-4a4e-9a51-3a3f1d3c0a01
15306bba-f72d-4790-be6c-1d2cacd350d8,ba624b55-2f5e-4ab9-8c59-23c0e166d792,43b7a3a6-9a8d-4a03-980d-7b71d8f56413,3b0b0e6c-5a36-4b8e-8c1e-0d7c5e2f9a11,63.5,431300000.0,27387550000.0,802791000.0,26584759000.0,350760000.0,1,7f5b6f7e-1c2d-4a4e-9a51-3a3f1d3c0a01
6abe8785-9167-4b02-b1e5-2ce5071e0482,ba624b55-2f5e-4ab9-8c59-23c0e166d792,5be6128e-18c2-4797-a142-ea7d17be3111,3b0b0e6c-5a36-4b8e-8c1e-0d7c5e2f9a11,31.5,419800000.0,13223700000.0,387616000.0,12836084000.0,333462000.0,2,7f5b6f7e-1c2d-4a4e-9a51-3a3f1d3c0a01
a6b49f4a-8d85-4cdd-a203-806af8cf7ba1,55d39708-376d-421e-888e-7fbd12edcf33,9a1de644-815e-46d1-bb8f-aa1837f8a88b,3b0b0e6c-5a36-4b8e-8c1e-0d7c5e2f9a11,66.5,336300000.0,22363950000.0,390097000.0,21973853000.0,305184000.0,1,7f5b6f7e-1c2d-4a4e-9a51-3a3f1d3c0a01
87ed4c4c-84d3-45ef-bef6-f2a23fd91c5a,55d39708-376d-421e-888e-7fbd12edcf33,bdd640fb-0667-4ad1-9c80-317fa3b1799d,3b0b0e6c-5a36-4b8e-8c1e-0d7c5e2f9a11,13.5,366600000.0,4949100000.0,86328000.0,4862772000.0,331925000.0,2,7f5b6f7e-1c2d-4a4e-9a51-3a3f1d3c0a01
f839635e-5bf3-4297-b3d2-69ae841cc18f,eefe4355-64c1-4c18-aa26-89d147b166ba,9a1de644-815e-46d1-bb8f-aa1837f8a88b,3b0b0e6c-5a36-4b8e-8c1e-0d7c5e2f9a11,65.0,325900000.0,21183500000.0,566538000.0,20616962000.0,314440000.0,1,7f5b6f7e-1c2d-4a4e-9a51-3a3f1d3c0a01
511dfb71-bcfc-4f81-b6df-4dad99315c35,441bc72d-2260-4ff4-841b-f0496ae97091,47378190-96da-4dac-b2ff-5d2a386ecbe0,3b0b0e6c-5a36-4b8e-8c1e-0d7c5e2f9a11,1.0,337000000.0,337000000.0,7079000.0,329921000.0,310551000.0,1,7f5b6f7e-1c2d-4a4e-9a51-3a3f1d3c0a01
69b33399-7de3-43af-a749-e1874ceb6a24,441bc72d-2260-4ff4-841b-f0496ae97091,b74d0fb1-32e7-4629-8fad-c1a606cb0fb3,3b0b0e6c-5a36-4b8e-8c1e-0d7c5e2f9a11,9.0,347900000.0,3131100000.0,65774000.0,3065326000.0,314943000.0,2,7f5b6f7e-1c2d-4a4e-9a51-3a3f1d3c0a01
edfe7d20-6262-4ab8-a540-461439936258,ea045a96-fbdd-4f2f-86bb-3b6c5fea4b06,1a2a73ed-562b-4f79-8374-59eef50bea63,3b0b0e6c-5a36-4b8e-8c1e-0d7c5e2f9a11,15.0,430700000.0,6460500000.0,227736000.0,6232764000.0,392385000.0,1,7f5b6f7e-1c2d-4a4e-9a51-3a3f1d3c0a01
13ec5f4b-d1cc-4468-aa72-003eb95aa84a,bf12eed9-595d-4bea-944e-e0153d5cacc6,371ecd7b-27cd-4130-8722-9389571aa876,3b0b0e6c-5a36-4b8e-8c1e-0d7c5e2f9a11,140.0,410400000.0,57456000000.0,1869451000.0,55586549000.0,372039000.0,1,7f5b6f7e-1c2d-4a4e-9a51-3a3f1d3c0a01
e57d5ba9-7de4-4164-bc0b-f2b4271940d2,6f3ffa05-a1fb-44aa-b546-8dd40ac9e5df,47378190-96da-4dac-b2ff-5d2a386ecbe0,3b0b0e6c-5a36-4b8e-8c1e-0d7c5e2f9a11,65.0,518900000.0,33728500000.0,891775000.0,32836725000.0,469395000.0,1,7f5b6f7e-1c2d-4a4e-9a51-3a3f1d3c0a01
6be5a793-6383-4390-a011-765e1ffcb5cf,454caef8-696b-47af-b780-d5bfb0cc2f6a,5be6128e-18c2-4797-a142-ea7d17be3111,3b0b0e6c-5a36-4b8e-8c1e-0d7c5e2f9a11,90.0,356300000.0,32067000000.0,838340000.0,31228660000.0,316720000.0,1,7f5b6f7e-1c2d-4a4e-9a51-3a3f1d3c0a01
7f94038e-a695-48d7-b6b3-2e93df2a6e10,6d065e29-1720-4f66-9e3b-5717bf26cf66,1a2a73ed-562b-4f79-8374-59eef50bea63,3b0b0e6c-5a36-4b8e-8c1e-0d7c5e2f9a11,155.0,474200000.0,73501000000.0,2099428000.0,71401572000.0,420135000.0,1,7f5b6f7e-1c2d-4a4e-9a51-3a3f1d3c0a01
e6d61fb2-84b9-4436-8c5c-d5541f387a22,d4063329-8bc9-4f2f-9b44-b1bdd72a51df,4b0dbb41-8d52-48f1-942c-3fe860e7a113,3b0b0e6c-5a36-4b8e-8c1e-0d7c5e2f9a11,55.5,730900000.0,40564950000.0,809622000.0,39755328000.0,633040000.0,1,7f5b6f7e-1c2d-4a4e-9a51-3a3f1d3c0a01
6c609ed0-f988-4c28-8824-019e5f70bc92,d4063329-8bc9-4f2f-9b44-b1bdd72a51df,e2acf72f-9e57-4f7a-a0ee-89aed453dd32,3b0b0e6c-5a36-4b8e-8c1e-0d7c5e2f9a11,29.5,712800000.0,21027600000.0,419683000.0,20607917000.0,609676000.0,2,7f5b6f7e-1c2d-4a4e-9a51-3a3f1d3c0a01
aaa37df3-7853-4643-8f71-21c72d9b7e75,8f8ae861-8668-4afc-a07e-3c20d2384af9,1a2a73ed-562b-4f79-8374-59eef50bea63,3b0b0e6c-5a36-4b8e-8c1e-0d7c5e2f9a11,120.0,549100000.0,65892000000.0,1232952000.0,64659048000.0,497002000.0,1,7f5b6f7e-1c2d-4a4e-9a51-3a3f1d3c0a01
58cbf631-c055-40ac-89ef-da575a165008,8318051f-e384-4d02-bee1-b2bc0ff106ba,5be6128e-18c2-4797-a142-ea7d17be3111,3b0b0e6c-5a36-4b8e-8c1e-0d7c5e2f9a11,11.0,329800000.0,3627800000.0,68707000.0,3559093000.0,305065000.0,1,7f5b6f7e-1c2d-4a4e-9a51-3a3f1d3c0a01
7ab029d4-297f-4396-b975-dc1fda9cf522,8318051f-e384-4d02-bee1-b2bc0ff106ba,1a2a73ed-562b-4f79-8374-59eef50bea63,3b0b0e6c-5a36-4b8e-8c1e-0d7c5e2f9a11,39.0,336800000.0,13135200000.0,248768000.0,12886432000.0,311540000.0,2,7f5b6f7e-1c2d-4a4e-9a51-3a3f1d3c0a01
b51e48ae-50e8-4e89-ae87-e42268750b06,6d75abeb-790e-4d36-b1f1-f685e5774b6c,23b8c1e9-3924-46de-beb1-3b9046685257,3b0b0e6c-5a36-4b8e-8c1e-0d7c5e2f9a11,60.0,262100000.00000003,15726000000.000002,437452000.0,15288548000.000002,245064000.0,1,7f5b6f7e-1c2d-4a4e-9a51-3a3f1d3c0a01
22d2e911-6a30-40e6-978e-0c11ee7bdbb0,55979c0a-405a-418d-993d-d4945c65ffec,bd9c66b3-ad3c-4d6d-9a3d-1fa7bc8960a9,3b0b0e6c-5a36-4b8e-8c1e-0d7c5e2f9a11,19.0,258300000.0,4907700000.0,102314000.0,4805386000.0,241510000.0,1,7f5b6f7e-1c2d-4a4e-9a51-3a3f1d3c0a01
11ca790e-d4c5-4501-acd2-d90d36c31718,55979c0a-405a-418d-993d-d4945c65ffec,9a1de644-815e-46d1-bb8f-aa1837f8a88b,3b0b0e6c-5a36-4b8e-8c1e-0d7c5e2f9a11,51.0,250300000.0,12765300000.0,266126000.0,12499174000.0,234030000.0,2,7f5b6f7e-1c2d-4a4e-9a51-3a3f1d3c0a01
49d17c8a-ae85-4f48-9712-e24ee4a51ea1,5beff8da-41ec-4398-9287-9b7e2238e094,47378190-96da-4dac-b2ff-5d2a386ecbe0,3b0b0e6c-5a36-4b8e-8c1e-0d7c5e2f9a11,1.5,322400000.0,483600000.0,16386000.0,467214000.0,288408000.0,1,7f5b6f7e-1c2d-4a4e-9a51-3a3f1d3c0a01
78352c5e-bfd2-4e1f-93ac-86596f3b765f,5beff8da-41ec-4398-9287-9b7e2238e094,6c307511-b2b9-437a-a8df-6ec4ce4a2bbd,3b0b0e6c-5a36-4b8e-8c1e-0d7c5e2f9a11,9.0,312600000.0,2813400000.0,95328000.0,2718072000.0,282552000.0,2,7f5b6f7e-1c2d-4a4e-9a51-3a3f1d3c0a01
43aa5808-167d-41b3-ae4f-b3ab2c0c9da7,5beff8da-41ec-4398-9287-9b7e2238e094,c241330b-01a9-471f-9e8a-774bcf36d58b,3b0b0e6c-5a36-4b8e-8c1e-0d7c5e2f9a11,19.5,341200000.0,6653400000.0,225441000.0,6427959000.0,303688000.0,3,7f5b6f7e-1c2d-4a4e-9a51-3a3f1d3c0a01
62167a83-fcdf-43a9-8668-5ceb484289cf,964c5411-e8b7-4cf5-a975-6162a41f4c10,43b7a3a6-9a8d-4a03-980d-7b71d8f56413,3b0b0e6c-5a36-4b8e-8c1e-0d7c5e2f9a11,15.5,353800000.0,5483900000.0,132197000.0,5351703000.0,315888000.0,1,7f5b6f7e-1c2d-4a4e-9a51-3a3f1d3c0a01
5cafa699-c515-4b3a-ace3-d89e59289da0,964c5411-e8b7-4cf5-a975-6162a41f4c10,5be6128e-18c2-4797-a142-ea7d17be3111,3b0b0e6c-5a36-4b8e-8c1e-0d7c5e2f9a11,22.5,334000000.0,7515000000.0,181159000.0,7333841000.0,305065000.0,2,7f5b6f7e-1c2d-4a4e-9a51-3a3f1d3c0a01
37654d0c-bee5-4c47-b707-2cf917ba4d26,964c5411-e8b7-4cf5-a975-6162a41f4c10,1a2a73ed-562b-4f79-8374-59eef50bea63,3b0b0e6c-5a36-4b8e-8c1e-0d7c5e2f9a11,27.0,341200000.0,9212400000.0,222077000.0,8990323000.0,311540000.0,3,7f5b6f7e-1c2d-4a4e-9a51-3a3f1d3c0a01
88363862-dc95-4c85-b40b-85f81dfdfeff,a31783e4-9170-4608-9eb2-8846bec061b9,972a8469-1641-4f82-8b9d-2434e465e150,3b0b0e6c-5a36-4b8e-8c1e-0d7c5e2f9a11,90.0,331500000.0,29835000000.0,781470000.0,29053530000.0,313973000.0,1,7f5b6f7e-1c2d-4a4e-9a51-3a3f1d3c0a01
25d21ff7-96c7-48ce-9a15-0895aad8dab6,51d80f9b-30c9-40c5-a80c-ade08ad978da,bdd640fb-0667-4ad1-9c80-317fa3b1799d,3b0b0e6c-5a36-4b8e-8c1e-0d7c5e2f9a11,49.0,359700000.0,17625300000.0,592960000.0,17032340000.0,326034000.0,1,7f5b6f7e-1c2d-4a4e-9a51-3a3f1d3c0a01
fe7f98d3-d60e-453b-9cae-4d982e77e9d3,51d80f9b-30c9-40c5-a80c-ade08ad978da,17fc695a-07a0-4a6e-8822-e8f36c031199,3b0b0e6c-5a36-4b8e-8c1e-0d7c5e2f9a11,11.0,351400000.0,3865400000.0,130042000.0,3735358000.0,315656000.0,2,7f5b6f7e-1c2d-4a4e-9a51-3a3f1d3c0a01
14c03097-47be-44df-9bd4-586e7e17a006,409da889-201c-4fb8-acad-29cdeea5fe54,4b0dbb41-8d52-48f1-942c-3fe860e7a113,3b0b0e6c-5a36-4b8e-8c1e-0d7c5e2f9a11,30.0,468700000.0,14061000000.0,309223000.0,13751777000.0,410994000.0,1,7f5b6f7e-1c2d-4a4e-9a51-3a3f1d3c0a01
ee0dca04-1f66-42ec-bd56-cd9bec624a7e,039538d1-b73f-411c-ba58-8c6ccd97dbbb,759cde66-bacf-43d0-8b1f-9163ce9ff57f,3b0b0e6c-5a36-4b8e-8c1e-0d7c5e2f9a11,11.5,432300000.0,4971450000.0,63833000.0,4907617000.0,383268000.0,1,7f5b6f7e-1c2d-4a4e-9a51-3a3f1d3c0a01
b1b532f7-6af5-468e-b5a3-3436a8cb6656,039538d1-b73f-411c-ba58-8c6ccd97dbbb,ec1b8ca1-f91e-4d4c-9ff4-9b7889463e85,3b0b0e6c-5a36-4b8e-8c1e-0d7c5e2f9a11,13.5,426600000.0,5759100000.0,73946000.0,5685154000.0,374036000.0,2,7f5b6f7e-1c2d-4a4e-9a51-3a3f1d3c0a01
2a53b0b6-742c-4d6e-8d1f-8ce71e781780,5229a5ab-55c6-43c0-9b8c-6dd85bdf7840,4b0dbb41-8d52-48f1-942c-3fe860e7a113,3b0b0e6c-5a36-4b8e-8c1e-0d7c5e2f9a11,95.0,580700000.0,55166500000.0,1109815000.0,54056685000.0,448252000.0,1,7f5b6f7e-1c2d-4a4e-9a51-3a3f1d3c0a01
32a551bb-03fe-4869-8ea9-5dbc2c8ba6c1,47e4cc36-b014-495f-aff8-808a966e49fd,4b0dbb41-8d52-48f1-942c-3fe860e7a113,3b0b0e6c-5a36-4b8e-8c1e-0d7c5e2f9a11,7.0,580700000.0,4064900000.0,73846000.0,3991054000.0,448252000.0,1,7f5b6f7e-1c2d-4a4e-9a51-3a3f1d3c0a01
cd58133e-a548-4c67-9969-5e4ee413728a,47e4cc36-b014-495f-aff8-808a966e49fd,e2acf72f-9e57-4f7a-a0ee-89aed453dd32,3b0b0e6c-5a36-4b8e-8c1e-0d7c5e2f9a11,28.0,573500000.0,16058000000.0,291722000.0,15766278000.0,440642000.0,2,7f5b6f7e-1c2d-4a4e-9a51-3a3f1d3c0a01
b1b778d9-a745-4548-a340-d3d58b301556,8f669e7a-51fc-45dc-a6ed-306985a7f513,1a2a73ed-562b-4f79-8374-59eef50bea63,3b0b0e6c-5a36-4b8e-8c1e-0d7c5e2f9a11,1.5,430700000.0,646050000.0,14410000.0,631640000.0,392385000.0,1,7f5b6f7e-1c2d-4a4e-9a51-3a3f1d3c0a01
1e684379-8bf5-49df-a32a-3b50b5d7e1e1,8f669e7a-51fc-45dc-a6ed-306985a7f513,43b7a3a6-9a8d-4a03-980d-7b71d8f56413,3b0b0e6c-5a36-4b8e-8c1e-0d7c5e2f9a11,8.5,440200000.0,3741700000.0,83457000.0,3658243000.0,398952000.0,2,7f5b6f7e-1c2d-4a4e-9a51-3a3f1d3c0a01
881c419b-357d-4741-b599-a90a448e78e1,2bff1852-6347-4ef7-8700-8faf12f8317b,4b0dbb41-8d52-48f1-942c-3fe860e7a113,3b0b0e6c-5a36-4b8e-8c1e-0d7c5e2f9a11,25.0,618400000.0,15460000000.0,322205000.0,15137795000.0,530646000.0,1,7f5b6f7e-1c2d-4a4e-9a51-3a3f1d3c0a01
86961afe-337e-434c-a1ec-cbbacf14baf6,b4af9db7-4246-4122-ae4e-2fce8de1421a,759cde66-bacf-43d0-8b1f-9163ce9ff57f,3b0b0e6c-5a36-4b8e-8c1e-0d7c5e2f9a11,25.0,511300000.0,12782500000.0,248402000.0,12534098000.0,456572000.0,1,7f5b6f7e-1c2d-4a4e-9a51-3a3f1d3c0a01
7a0a516a-dca3-4684-b50b-5793267c8ece,f1d7e31e-20e6-4f2b-ae84-41d7c2cf77d1,ec1b8ca1-f91e-4d4c-9ff4-9b7889463e85,3b0b0e6c-5a36-4b8e-8c1e-0d7c5e2f9a11,25.0,519400000.0,12985000000.0,183144000.0,12801856000.0,462636000.0,1,7f5b6f7e-1c2d-4a4e-9a51-3a3f1d3c0a01
28f3483f-4f9f-4739-a673-27129e2f7cae,eb64c561-767f-4983-b703-9b04635a932e,4b0dbb41-8d52-48f1-942c-3fe860e7a113,3b0b0e6c-5a36-4b8e-8c1e-0d7c5e2f9a11,30.0,715300000.0,21459000000.0,242317000.0,21216683000.0,572418000.0,1,7f5b6f7e-1c2d-4a4e-9a51-3a3f1d3c0a01
aaf20185-2e96-40f9-870b-d9ec0ff18805,4c816ada-e879-4993-b656-64b716b0caa0,1a2a73ed-562b-4f79-8374-59eef50bea63,3b0b0e6c-5a36-4b8e-8c1e-0d7c5e2f9a11,35.0,514299999.99999994,18000499999.999996,362440000.0,17638059999.999996,438635000.0,1,7f5b6f7e-1c2d-4a4e-9a51-3a3f1d3c0a01
32ed6265-3201-4b09-990f-520bc5aaa2d6,0d60090e-27e4-4e93-932f-a705536adab9,759cde66-bacf-43d0-8b1f-9163ce9ff57f,3b0b0e6c-5a36-4b8e-8c1e-0d7c5e2f9a11,32.0,623800000.0,19961600000.0,307705000.0,19653895000.0,555036000.0,1,7f5b6f7e-1c2d-4a4e-9a51-3a3f1d3c0a01
7d570560-5d8c-4584-8086-db5f2bd97700,0d60090e-27e4-4e93-932f-a705536adab9,ec1b8ca1-f91e-4d4c-9ff4-9b7889463e85,3b0b0e6c-5a36-4b8e-8c1e-0d7c5e2f9a11,43.0,619500000.0,26638500000.0,410629000.0,26227871000.0,541009000.0,2,7f5b6f7e-1c2d-4a4e-9a51-3a3f1d3c0a01
1c987111-d3cd-40cb-b424-551e2395736e,89a32235-a875-431b-be36-2d8ef9b2986c,759cde66-bacf-43d0-8b1f-9163ce9ff57f,3b0b0e6c-5a36-4b8e-8c1e-0d7c5e2f9a11,55.0,623800000.0,34309000000.0,281893000.0,34027107000.0,555036000.0,1,7f5b6f7e-1c2d-4a4e-9a51-3a3f1d3c0a01
5a2c1548-a6c9-4716-acc4-13ef105e9751,71416ef7-1d2a-4b4a-8e4d-0f94da3c0721,e2acf72f-9e57-4f7a-a0ee-89aed453dd32,3b0b0e6c-5a36-4b8e-8c1e-0d7c5e2f9a11,50.0,586000000.0,29300000000.0,1074173000.0,28225827000.0,507548000.0,1,7f5b6f7e-1c2d-4a4e-9a51-3a3f1d3c0a01
e5239e0e-e96a-4f6e-8d52-0a99496e7a75,71416ef7-1d2a-4b4a-8e4d-0f94da3c0721,4b0dbb41-8d52-48f1-942c-3fe860e7a113,3b0b0e6c-5a36-4b8e-8c1e-0d7c5e2f9a11,10.0,596700000.0,5967000000.0,218757000.0,5748243000.0,513920000.0,2,7f5b6f7e-1c2d-4a4e-9a51-3a3f1d3c0a01
f267e3e0-d67f-40b1-a824-655c93c4ba1f,d884929f-ffd0-4f3e-994d-4f845e6bfa69,43b7a3a6-9a8d-4a03-980d-7b71d8f56413,3b0b0e6c-5a36-4b8e-8c1e-0d7c5e2f9a11,23.5,458000000.0,10763000000.0,285183000.0,10477817000.0,409220000.0,1,7f5b6f7e-1c2d-4a4e-9a51-3a3f1d3c0a01
2fc97a80-3183-4955-a377-30061f069a0f,d884929f-ffd0-4f3e-994d-4f845e6bfa69,5be6128e-18c2-4797-a142-ea7d17be3111,3b0b0e6c-5a36-4b8e-8c1e-0d7c5e2f9a11,16.5,441400000.0,7283100000.0,192977000.0,7090123000.0,397010000.0,2,7f5b6f7e-1c2d-4a4e-9a51-3a3f1d3c0a01
7f395f20-3a56-411f-b4a8-8d565d58e56f,2305e7b7-141e-492b-9e83-cb0e0b04aa05,759cde66-bacf-43d0-8b1f-9163ce9ff57f,3b0b0e6c-5a36-4b8e-8c1e-0d7c5e2f9a11,2.5,532799999.99999994,1331999999.9999998,46719000.0,1285280999.9999998,462184000.0,1,7f5b6f7e-1c2d-4a4e-9a51-3a3f1d3c0a01
1e8071e6-2b7c-4575-88f7-3e24a2a0bc03,2305e7b7-141e-492b-9e83-cb0e0b04aa05,ec1b8ca1-f91e-4d4c-9ff4-9b7889463e85,3b0b0e6c-5a36-4b8e-8c1e-0d7c5e2f9a11,12.5,517500000.0,6468750000.0,226886000.0,6241864000.0,452500000.0,2,7f5b6f7e-1c2d-4a4e-9a51-3a3f1d3c0a01
517ba1f3-14e5-4e74-bbdc-160c6c8d33e7,c1d31857-23aa-4eee-8f63-917756e940d0,759cde66-bacf-43d0-8b1f-9163ce9ff57f,3b0b0e6c-5a36-4b8e-8c1e-0d7c5e2f9a11,19.0,623800000.0,11852200000.0,372725000.0,11479475000.0,555036000.0,1,7f5b6f7e-1c2d-4a4e-9a51-3a3f1d3c0a01
b99c00af-4672-4e58-bf71-67ff3e0664b9,c1d31857-23aa-4eee-8f63-917756e940d0,ec1b8ca1-f91e-4d4c-9ff4-9b7889463e85,3b0b0e6c-5a36-4b8e-8c1e-0d7c5e2f9a11,26.0,619500000.0,16107000000.0,506528000.0,15600472000.0,541009000.0,2,7f5b6f7e-1c2d-4a4e-9a51-3a3f1d3c0a01
8c0c35a0-851e-4ce1-b652-ee54aa7f460d,fa6f7fa1-4ceb-4ab2-be26-ea2ad7c00633,759cde66-bacf-43d0-8b1f-9163ce9ff57f,3b0b0e6c-5a36-4b8e-8c1e-0d7c5e2f9a11,25.0,645500000.0,16137500000.0,532214000.0,15605286000.0,580920000.0,1,7f5b6f7e-1c2d-4a4e-9a51-3a3f1d3c0a01
91ce914e-4c19-4823-b104-288d97ab1b2a,15b8790b-e6f6-40ca-bb68-3c91d6fc0b62,4b0dbb41-8d52-48f1-942c-3fe860e7a113,3b0b0e6c-5a36-4b8e-8c1e-0d7c5e2f9a11,50.0,468700000.0,23435000000.0,739691000.0,22695309000.0,410994000.0,1,7f5b6f7e-1c2d-4a4e-9a51-3a3f1d3c0a01
849ee3aa-d2ef-47fb-9336-268dc380869d,b0f19e65-90ff-41bd-8d73-bbff46a1001f,43b7a3a6-9a8d-4a03-980d-7b71d8f56413,3b0b0e6c-5a36-4b8e-8c1e-0d7c5e2f9a11,32.5,353000000.0,11472500000.0,618519000.0,10853981000.0,322548000.0,1,7f5b6f7e-1c2d-4a4e-9a51-3a3f1d3c0a01
6a5d6239-5b1c-41e9-bba6-0435ab50013e,b0f19e65-90ff-41bd-8d73-bbff46a1001f,5be6128e-18c2-4797-a142-ea7d17be3111,3b0b0e6c-5a36-4b8e-8c1e-0d7c5e2f9a11,67.5,342400000.0,23112000000.0,1246041000.0,21865959000.0,311910000.0,2,7f5b6f7e-1c2d-4a4e-9a51-3a3f1d3c0a01
14045648-4bb5-4dee-9459-efc0f8ca6428,14c26fea-7a00-45f2-9e3d-94ca65c83377,5be6128e-18c2-4797-a142-ea7d17be3111,3b0b0e6c-5a36-4b8e-8c1e-0d7c5e2f9a11,65.0,355100000.0,23081500000.0,1163171000.0,21918329000.0,329578000.0,1,7f5b6f7e-1c2d-4a4e-9a51-3a3f1d3c0a01
e4947b41-7a41-4e43-91a9-1c9508cbc8bd,2d1aa839-c654-4801-a104-ed633a1e8969,1a2a73ed-562b-4f79-8374-59eef50bea63,3b0b0e6c-5a36-4b8e-8c1e-0d7c5e2f9a11,125.0,368300000.0,46037500000.0,2260696000.0,43776804000.0,336515000.0,1,7f5b6f7e-1c2d-4a4e-9a51-3a3f1d3c0a01
1f4590c0-9ba9-440b-ad6f-6287945898cc,9448cb7c-6f7e-44dd-b8d3-1160cd4ae71b,759cde66-bacf-43d0-8b1f-9163ce9ff57f,3b0b0e6c-5a36-4b8e-8c1e-0d7c5e2f9a11,74.0,525100000.0,38857400000.0,2619894000.0,36237506000.0,462726000.0,1,7f5b6f7e-1c2d-4a4e-9a51-3a3f1d3c0a01
7320ac9b-8d1c-4671-b0ed-28a8b92b2a75,9448cb7c-6f7e-44dd-b8d3-1160cd4ae71b,ec1b8ca1-f91e-4d4c-9ff4-9b7889463e85,3b0b0e6c-5a36-4b8e-8c1e-0d7c5e2f9a11,26.0,519400000.0,13504400000.0,910511000.0,12593889000.0,462636000.0,2,7f5b6f7e-1c2d-4a4e-9a51-3a3f1d3c0a01
0cd29b75-a140-4cad-9fd7-7d61f1ffb31d,28ba8700-0406-47da-b76d-720812cd6a6e,5be6128e-18c2-4797-a142-ea7d17be3111,3b0b0e6c-5a36-4b8e-8c1e-0d7c5e2f9a11,54.0,428800000.0,23155200000.0,1601186000.0,21554014000.0,408295000.0,1,7f5b6f7e-1c2d-4a4e-9a51-3a3f1d3c0a01
2ea097a8-fed2-46be-8f71-ec0f5975c092,28ba8700-0406-47da-b76d-720812cd6a6e,1a2a73ed-562b-4f79-8374-59eef50bea63,3b0b0e6c-5a36-4b8e-8c1e-0d7c5e2f9a11,15.5,433000000.0,6711500000.0,464101000.0,6247399000.0,412272000.0,2,7f5b6f7e-1c2d-4a4e-9a51-3a3f1d3c0a01
8e0a13ab-3f80-4b38-a414-86fd520615aa,28ba8700-0406-47da-b76d-720812cd6a6e,43b7a3a6-9a8d-4a03-980d-7b71d8f56413,3b0b0e6c-5a36-4b8e-8c1e-0d7c5e2f9a11,5.5,447400000.0,2460700000.0,170158000.0,2290542000.0,423650000.0,3,7f5b6f7e-1c2d-4a4e-9a51-3a3f1d3c0a01
8c013ad9-0258-4d13-911f-f856c5e8a1a4,af071e6f-87a6-48d5-9660-664311421beb,43b7a3a6-9a8d-4a03-980d-7b71d8f56413,3b0b0e6c-5a36-4b8e-8c1e-0d7c5e2f9a11,110.0,465100000.0,51161000000.0,2696299000.0,48464701000.0,430032000.0,1,7f5b6f7e-1c2d-4a4e-9a51-3a3f1d3c0a01
1c681f7c-8310-4b27-8215-c0c5cb036f6f,04ea2e3d-b8b3-4b87-9300-8c0cee725d2e,43b7a3a6-9a8d-4a03-980d-7b71d8f56413,3b0b0e6c-5a36-4b8e-8c1e-0d7c5e2f9a11,25.5,568400000.0,14494200000.0,632437000.0,13861763000.0,518092000.0,1,7f5b6f7e-1c2d-4a4e-9a51-3a3f1d3c0a01
f85e9843-c7eb-4671-970e-2187e13c741b,04ea2e3d-b8b3-4b87-9300-8c0cee725d2e,1a2a73ed-562b-4f79-8374-59eef50bea63,3b0b0e6c-5a36-4b8e-8c1e-0d7c5e2f9a11,64.5,549100000.0,35416950000.0,1545376000.0,33871574000.0,497002000.0,2,7f5b6f7e-1c2d-4a4e-9a51-3a3f1d3c0a01
9ae147e9-d981-497f-b94b-d1688c53c747,57b48c03-b615-4bf1-a936-e1c54e7a6b3a,e2acf72f-9e57-4f7a-a0ee-89aed453dd32,3b0b0e6c-5a36-4b8e-8c1e-0d7c5e2f9a11,35.0,497900000.0,17426500000.0,222685000.0,17203815000.0,428074000.0,1,7f5b6f7e-1c2d-4a4e-9a51-3a3f1d3c0a01
a1e2c995-69d2-4185-a8d6-196c995b1540,9933d69a-b66a-428d-af35-9f70f549ad66,e2acf72f-9e57-4f7a-a0ee-89aed453dd32,3b0b0e6c-5a36-4b8e-8c1e-0d7c5e2f9a11,12.5,688900000.0,8611250000.0,175517000.0,8435733000.0,564099000.0,1,7f5b6f7e-1c2d-4a4e-9a51-3a3f1d3c0a01
5848287d-9b6b-4e7d-a88d-7184a4f2810a,9933d69a-b66a-428d-af35-9f70f549ad66,4b0dbb41-8d52-48f1-942c-3fe860e7a113,3b0b0e6c-5a36-4b8e-8c1e-0d7c5e2f9a11,42.5,715300000.0,30400250000.0,619626000.0,29780624000.0,572418000.0,2,7f5b6f7e-1c2d-4a4e-9a51-3a3f1d3c0a01
537bdc5e-7226-4651-931d-2615bfcb06fe,c445b875-3b50-453b-8f9d-241b2a932c82,6b65a6a4-8b81-48f6-b38a-088ca65ed389,3b0b0e6c-5a36-4b8e-8c1e-0d7c5e2f9a11,41.0,311600000.0,12775600000.0,469057000.0,12306543000.0,285114000.0,1,7f5b6f7e-1c2d-4a4e-9a51-3a3f1d3c0a01
88c8ec95-f2b2-4bbb-9439-b8e51ea1f08a,c445b875-3b50-453b-8f9d-241b2a932c82,6c307511-b2b9-437a-a8df-6ec4ce4a2bbd,3b0b0e6c-5a36-4b8e-8c1e-0d7c5e2f9a11,19.0,308800000.0,5867200000.0,215414000.0,5651786000.0,282552000.0,2,7f5b6f7e-1c2d-4a4e-9a51-3a3f1d3c0a01
ec04989f-558b-4f40-b3c9-b794ae8f12b1,16e5c1d6-bb2f-44a5-8527-731bf7ed1118,ddd1dfb2-3b98-4ef8-9af6-1a26146d3f31,3b0b0e6c-5a36-4b8e-8c1e-0d7c5e2f9a11,335.0,328700000.0,110114500000.0,4909907000.0,105204593000.0,302304000.0,1,7f5b6f7e-1c2d-4a4e-9a51-3a3f1d3c0a01
5d49b291-9281-4983-a4f8-af859a1d353d,8fb95fdf-0247-4263-bc07-e24fd9d6a2f3,23b8c1e9-3924-46de-beb1-3b9046685257,3b0b0e6c-5a36-4b8e-8c1e-0d7c5e2f9a11,95.0,343600000.0,32642000000.0,317844000.0,32324156000.0,320424000.0,1,7f5b6f7e-1c2d-4a4e-9a51-3a3f1d3c0a01
32befa68-f6a4-4f0c-8f17-5cf9448c33db,af582048-6c54-4fbf-a9a4-620bfca9bbcd,bd9c66b3-ad3c-4d6d-9a3d-1fa7bc8960a9,3b0b0e6c-5a36-4b8e-8c1e-0d7c5e2f9a11,105.0,358100000.0,37600500000.0,1232184000.0,36368316000.0,327156000.0,1,7f5b6f7e-1c2d-4a4e-9a51-3a3f1d3c0a01
9f5f4677-076b-4dcc-a00f-9e0c18f2b50f,5298fe28-3f3b-4e45-ae83-4df60188e5ee,3139d32c-93cd-49bf-9c94-1cf0dc98d2c1,3b0b0e6c-5a36-4b8e-8c1e-0d7c5e2f9a11,290.0,497500000.0,144275000000.0,4162396000.0,140112604000.0,443472000.0,1,7f5b6f7e-1c2d-4a4e-9a51-3a3f1d3c0a01
eadd9623-b3fd-4e12-bfe8-77f27eaa35aa,67c9504e-6368-4080-bc8f-876f0ec25ce9,ddd1dfb2-3b98-4ef8-9af6-1a26146d3f31,3b0b0e6c-5a36-4b8e-8c1e-0d7c5e2f9a11,200.0,342200000.0,68440000000.0,2989040000.0,65450960000.0,326556000.0,1,7f5b6f7e-1c2d-4a4e-9a51-3a3f1d3c0a01
d3d1410a-3b43-4f9c-a165-cbbe84940a88,bd19f2fb-35b5-4538-a0bc-0044c3c51dda,a9488d99-0bbb-4599-91ce-5dd2b45ed1f0,3b0b0e6c-5a36-4b8e-8c1e-0d7c5e2f9a11,23.0,546000000.0,12558000000.0,483805000.0,12074195000.0,445889000.0,1,7f5b6f7e-1c2d-4a4e-9a51-3a3f1d3c0a01
f6f7b1a6-6f2b-4f1c-b9e3-4b59492520fa,bd19f2fb-35b5-4538-a0bc-0044c3c51dda,fc377a4c-4a15-444d-85e7-ce8a3a578a8e,3b0b0e6c-5a36-4b8e-8c1e-0d7c5e2f9a11,17.0,560600000.0,9530200000.0,367157000.0,9163043000.0,463610000.0,2,7f5b6f7e-1c2d-4a4e-9a51-3a3f1d3c0a01
e5481243-2093-459f-b510-4c9818561a8a,973a0713-45f2-40b1-a2ba-7693d0853539,ddd1dfb2-3b98-4ef8-9af6-1a26146d3f31,3b0b0e6c-5a36-4b8e-8c1e-0d7c5e2f9a11,150.0,257500000.0,38625000000.0,1014225000.0,37610775000.0,235376000.0,1,7f5b6f7e-1c2d-4a4e-9a51-3a3f1d3c0a01
3251a4fa-ebd1-42d7-b9e3-fbd3e67146b4,824e9e8b-e18a-4f87-b096-09047bf2b65a,3139d32c-93cd-49bf-9c94-1cf0dc98d2c1,3b0b0e6c-5a36-4b8e-8c1e-0d7c5e2f9a11,115.0,368300000.0,42354500000.0,1261081000.0,41093419000.0,329092000.0,1,7f5b6f7e-1c2d-4a4e-9a51-3a3f1d3c0a01
24878fe5-e264-44f0-9bf4-687d2f73dd6c,d6aca68a-d85d-4dc6-b1f9-c9966d4df112,43b7a3a6-9a8d-4a03-980d-7b71d8f56413,3b0b0e6c-5a36-4b8e-8c1e-0d7c5e2f9a11,130.0,353000000.0,45890000000.0,1735265000.0,44154735000.0,322548000.0,1,7f5b6f7e-1c2d-4a4e-9a51-3a3f1d3c0a01
0f89a187-98de-49d7-b6ef-8aea6a1f13bc,6281a159-dd97-47cd-8557-9093839044b5,23b8c1e9-3924-46de-beb1-3b9046685257,3b0b0e6c-5a36-4b8e-8c1e-0d7c5e2f9a11,36.5,273200000.0,9971800000.0,248616000.0,9723184000.0,252918000.0,1,7f5b6f7e-1c2d-4a4e-9a51-3a3f1d3c0a01
ed6af7b8-8425-4772-aa16-44641c224ac1,6281a159-dd97-47cd-8557-9093839044b5,bdd640fb-0667-4ad1-9c80-317fa3b1799d,3b0b0e6c-5a36-4b8e-8c1e-0d7c5e2f9a11,103.5,283600000.0,29352600000.0,731815000.0,28620785000.0,258528000.0,2,7f5b6f7e-1c2d-4a4e-9a51-3a3f1d3c0a01
58848f13-12ed-4076-9d9b-0eca6ca35f7e,bcf3d164-7013-4706-a759-18f85e911418,23b8c1e9-3924-46de-beb1-3b9046685257,3b0b0e6c-5a36-4b8e-8c1e-0d7c5e2f9a11,69.0,343600000.0,23708400000.0,652840000.0,23055560000.0,320424000.0,1,7f5b6f7e-1c2d-4a4e-9a51-3a3f1d3c0a01
0e3f7030-e0ec-4d2e-88d9-dcdb6aa1f2c1,bcf3d164-7013-4706-a759-18f85e911418,bd9c66b3-ad3c-4d6d-9a3d-1fa7bc8960a9,3b0b0e6c-5a36-4b8e-8c1e-0d7c5e2f9a11,21.0,338000000.0,7098000000.0,195452000.0,6902548000.0,315188000.0,2,7f5b6f7e-1c2d-4a4e-9a51-3a3f1d3c0a01
1e95e4f8-9a6f-42e8-ad88-3d8f37626b9c,8db18dd3-1386-421c-829c-595766901b01,47378190-96da-4dac-b2ff-5d2a386ecbe0,3b0b0e6c-5a36-4b8e-8c1e-0d7c5e2f9a11,220.0,422000000.0,92840000000.0,2261984000.0,90578016000.0,377072000.0,1,7f5b6f7e-1c2d-4a4e-9a51-3a3f1d3c0a01
27a04fd6-3de5-4883-ba02-d56f4c630416,234a89e0-c9e9-43f9-8821-1d14c935956a,3139d32c-93cd-49bf-9c94-1cf0dc98d2c1,3b0b0e6c-5a36-4b8e-8c1e-0d7c5e2f9a11,45.0,495500000.0,22297500000.0,818652000.0,21478848000.0,430226000.0,1,7f5b6f7e-1c2d-4a4e-9a51-3a3f1d3c0a01
103a53f3-2053-43f0-a1d1-deed0045d02b,1b5526c6-0db6-4dc3-99c9-73ae1cf1aaff,a9488d99-0bbb-4599-91ce-5dd2b45ed1f0,3b0b0e6c-5a36-4b8e-8c1e-0d7c5e2f9a11,73.5,559700000.0,41137950000.0,1505830000.0,39632120000.0,488670000.0,1,7f5b6f7e-1c2d-4a4e-9a51-3a3f1d3c0a01
1d23681c-c033-4b16-a683-96c4c07bbacb,1b5526c6-0db6-4dc3-99c9-73ae1cf1aaff,3139d32c-93cd-49bf-9c94-1cf0dc98d2c1,3b0b0e6c-5a36-4b8e-8c1e-0d7c5e2f9a11,76.5,570900000.0,43673850000.0,1598655000.0,42075195000.0,490550000.0,2,7f5b6f7e-1c2d-4a4e-9a51-3a3f1d3c0a01
badb8886-b178-4750-a1bf-736272881c02,c6191a5c-8a19-40bd-bee3-3ba0e4caa2e0,ddd1dfb2-3b98-4ef8-9af6-1a26146d3f31,3b0b0e6c-5a36-4b8e-8c1e-0d7c5e2f9a11,135.0,389500000.0,52582500000.0,1939008000.0,50643492000.0,332854000.0,1,7f5b6f7e-1c2d-4a4e-9a51-3a3f1d3c0a01
fd7b1304-2445-4c63-81fc-0e78c06b1404,1e81b715-db68-4e50-a373-318ff5c676f4,9a1de644-815e-46d1-bb8f-aa1837f8a88b,3b0b0e6c-5a36-4b8e-8c1e-0d7c5e2f9a11,150.0,409200000.0,61380000000.0,2162973000.0,59217027000.0,378582000.0,1,7f5b6f7e-1c2d-4a4e-9a51-3a3f1d3c0a01
92650104-644a-41e6-ae42-0cd10453c757,e195e7d4-6ceb-498c-ae90-6515d99bdf10,9a1de644-815e-46d1-bb8f-aa1837f8a88b,3b0b0e6c-5a36-4b8e-8c1e-0d7c5e2f9a11,150.0,254700000.0,38205000000.0,1266348000.0,36938652000.0,238518000.0,1,7f5b6f7e-1c2d-4a4e-9a51-3a3f1d3c0a01
6b9246ca-b6b8-4ef3-af50-c7deef33d1ae,d850034e-6f96-471b-a18d-7201db7c3e2c,bdd640fb-0667-4ad1-9c80-317fa3b1799d,3b0b0e6c-5a36-4b8e-8c1e-0d7c5e2f9a11,30.0,294800000.0,8844000000.0,285742000.0,8558258000.0,275918000.0,1,7f5b6f7e-1c2d-4a4e-9a51-3a3f1d3c0a01
71cefbf7-6327-4949-b3da-3f03760beee3,0c31b756-8113-425d-b502-080bb049b37c,bdd640fb-0667-4ad1-9c80-317fa3b1799d,3b0b0e6c-5a36-4b8e-8c1e-0d7c5e2f9a11,14.0,348200000.0,4874800000.0,165976000.0,4708824000.0,320705000.0,1,7f5b6f7e-1c2d-4a4e-9a51-3a3f1d3c0a01
8a35e947-5a1a-44b1-aa2c-f8e470bfe09d,0c31b756-8113-425d-b502-080bb049b37c,972a8469-1641-4f82-8b9d-2434e465e150,3b0b0e6c-5a36-4b8e-8c1e-0d7c5e2f9a11,17.0,335800000.0,5708600000.0,194365000.0,5514235000.0,305558000.0,2,7f5b6f7e-1c2d-4a4e-9a51-3a3f1d3c0a01
34651213-1c28-4621-ba15-1e063da77009,0c31b756-8113-425d-b502-080bb049b37c,bd9c66b3-ad3c-4d6d-9a3d-1fa7bc8960a9,3b0b0e6c-5a36-4b8e-8c1e-0d7c5e2f9a11,9.0,336400000.0,3027600000.0,103083000.0,2924517000.0,309111000.0,3,7f5b6f7e-1c2d-4a4e-9a51-3a3f1d3c0a01
ed84b245-dcbe-4961-8300-c57ad045749d,c9b7099e-0e5c-427b-8da4-3538b5c0055d,bd9c66b3-ad3c-4d6d-9a3d-1fa7bc8960a9,3b0b0e6c-5a36-4b8e-8c1e-0d7c5e2f9a11,24.0,336800000.0,8083200000.0,181028000.0,7902172000.0,314534000.0,1,7f5b6f7e-1c2d-4a4e-9a51-3a3f1d3c0a01
7ed66a19-c1f8-4f12-bca8-be8f1258b4be,c9b7099e-0e5c-427b-8da4-3538b5c0055d,23b8c1e9-3924-46de-beb1-3b9046685257,3b0b0e6c-5a36-4b8e-8c1e-0d7c5e2f9a11,6.0,348000000.0,2088000000.0,46762000.0,2041238000.0,318180000.0,2,7f5b6f7e-1c2d-4a4e-9a51-3a3f1d3c0a01
1576b879-762e-4b7d-8bd2-3235ffd966b1,2c4118e6-26ea-4d53-ac05-54d58864e9e8,371ecd7b-27cd-4130-8722-9389571aa876,3b0b0e6c-5a36-4b8e-8c1e-0d7c5e2f9a11,125.0,429600000.0,53700000000.0,2266100000.0,51433900000.0,393633000.0,1,7f5b6f7e-1c2d-4a4e-9a51-3a3f1d3c0a01
85b7736d-3801-4d92-bb19-59241e03bc4c,20492e5f-07e9-4ef5-8cf3-7fa5cf2ffa13,bdd640fb-0667-4ad1-9c80-317fa3b1799d,3b0b0e6c-5a36-4b8e-8c1e-0d7c5e2f9a11,31.5,383500000.0,12080250000.0,320269000.0,11759981000.0,351280000.0,1,7f5b6f7e-1c2d-4a4e-9a51-3a3f1d3c0a01
ce05e9ba-6573-4e21-8aef-f6b36c500f35,20492e5f-07e9-4ef5-8cf3-7fa5cf2ffa13,bd9c66b3-ad3c-4d6d-9a3d-1fa7bc8960a9,3b0b0e6c-5a36-4b8e-8c1e-0d7c5e2f9a11,13.5,367300000.0,4958550000.0,131460000.0,4827090000.0,338002000.0,2,7f5b6f7e-1c2d-4a4e-9a51-3a3f1d3c0a01
088aff8f-0cd2-4532-9b77-6b2306338df3,33abb324-7947-4c1e-a380-7bc834d5df6b,972a8469-1641-4f82-8b9d-2434e465e150,3b0b0e6c-5a36-4b8e-8c1e-0d7c5e2f9a11,8.0,416200000.0,3329600000.0,79388000.0,3250212000.0,385500000.0,1,7f5b6f7e-1c2d-4a4e-9a51-3a3f1d3c0a01
2c8b47c1-6656-4dcb-8837-e8519737bfc4,33abb324-7947-4c1e-a380-7bc834d5df6b,bd9c66b3-ad3c-4d6d-9a3d-1fa7bc8960a9,3b0b0e6c-5a36-4b8e-8c1e-0d7c5e2f9a11,12.0,419600000.0,5035200000.0,120055000.0,4915145000.0,385500000.0,2,7f5b6f7e-1c2d-4a4e-9a51-3a3f1d3c0a01
d096977d-fe89-40bc-9f5d-f1176b2f7b66,9f46bc54-84ed-4de7-89f3-ea30e4096e22,5be6128e-18c2-4797-a142-ea7d17be3111,3b0b0e6c-5a36-4b8e-8c1e-0d7c5e2f9a11,105.0,337200000.0,35406000000.0,1679696000.0,33726304000.0,308950000.0,1,7f5b6f7e-1c2d-4a4e-9a51-3a3f1d3c0a01
a0407009-7a78-4750-bb0f-4a2b2e8c0a2e,6b0d92e6-a5ab-4380-869f-f747a5015003,a9488d99-0bbb-4599-91ce-5dd2b45ed1f0,3b0b0e6c-5a36-4b8e-8c1e-0d7c5e2f9a11,10.5,459600000.0,4825800000.0,198344000.0,4627456000.0,429242000.0,1,7f5b6f7e-1c2d-4a4e-9a51-3a3f1d3c0a01
6abf6c88-bea9-41bc-8487-d1c6f84f75cd,6b0d92e6-a5ab-4380-869f-f747a5015003,3139d32c-93cd-49bf-9c94-1cf0dc98d2c1,3b0b0e6c-5a36-4b8e-8c1e-0d7c5e2f9a11,14.5,465700000.0,6752650000.0,277539000.0,6475111000.0,426557000.0,2,7f5b6f7e-1c2d-4a4e-9a51-3a3f1d3c0a01
51bd5901-fe1a-4d84-a841-09e3c09d3948,90f6d529-e1dd-4de9-84f1-23ffe296f8c7,43b7a3a6-9a8d-4a03-980d-7b71d8f56413,3b0b0e6c-5a36-4b8e-8c1e-0d7c5e2f9a11,30.0,464900000.0,13947000000.0,689992000.0,13257008000.0,425870000.0,1,7f5b6f7e-1c2d-4a4e-9a51-3a3f1d3c0a01
be0c1500-16f6-4aab-b640-8a24f576046f,1c9cbecf-a721-4fc3-b57c-3d148da5cf11,1a2a73ed-562b-4f79-8374-59eef50bea63,3b0b0e6c-5a36-4b8e-8c1e-0d7c5e2f9a11,35.0,454200000.0,15897000000.0,809205000.0,15087795000.0,426795000.0,1,7f5b6f7e-1c2d-4a4e-9a51-3a3f1d3c0a01
e01471c8-ae1a-4a1d-8ce4-466deb3df81a,88796f10-e7b0-4335-8707-f0c99c2bc85f,c241330b-01a9-471f-9e8a-774bcf36d58b,3b0b0e6c-5a36-4b8e-8c1e-0d7c5e2f9a11,14.5,548100000.0,7947450000.0,359724000.0,7587726000.0,496570000.0,1,7f5b6f7e-1c2d-4a4e-9a51-3a3f1d3c0a01
82c953f7-fa6c-45d2-a70a-91b81556f608,88796f10-e7b0-4335-8707-f0c99c2bc85f,b74d0fb1-32e7-4629-8fad-c1a606cb0fb3,3b0b0e6c-5a36-4b8e-8c1e-0d7c5e2f9a11,50.5,519600000.0,26239800000.0,1187688000.0,25052112000.0,467199000.0,2,7f5b6f7e-1c2d-4a4e-9a51-3a3f1d3c0a01
fff85dcb-88fc-474f-83b4-9f45e750d296,9cb210bf-c736-4c95-9418-d2c10bbe2f67,5be6128e-18c2-4797-a142-ea7d17be3111,3b0b0e6c-5a36-4b8e-8c1e-0d7c5e2f9a11,20.0,563300000.0,11266000000.0,552665000.0,10713335000.0,506438000.0,1,7f5b6f7e-1c2d-4a4e-9a51-3a3f1d3c0a01
72cc010c-9ceb-4e3e-bae4-b50c5221f84d,e0646e05-0907-4992-bca1-bd14e8c9bb13,e2acf72f-9e57-4f7a-a0ee-89aed453dd32,3b0b0e6c-5a36-4b8e-8c1e-0d7c5e2f9a11,23.5,573500000.0,13477250000.0,741395000.0,12735855000.0,440642000.0,1,7f5b6f7e-1c2d-4a4e-9a51-3a3f1d3c0a01
ab48eca3-be40-4e2d-8139-eb2738da4a19,e0646e05-0907-4992-bca1-bd14e8c9bb13,4b0dbb41-8d52-48f1-942c-3fe860e7a113,3b0b0e6c-5a36-4b8e-8c1e-0d7c5e2f9a11,21.5,580700000.0,12485050000.0,686813000.0,11798237000.0,448252000.0,2,7f5b6f7e-1c2d-4a4e-9a51-3a3f1d3c0a01
025d067c-f937-4beb-8e86-11e1c6930a82,b0d78504-85fd-40ff-a71a-3aeb9ea9ae96,43b7a3a6-9a8d-4a03-980d-7b71d8f56413,3b0b0e6c-5a36-4b8e-8c1e-0d7c5e2f9a11,30.0,447400000.0,13422000000.0,875140000.0,12546860000.0,423650000.0,1,7f5b6f7e-1c2d-4a4e-9a51-3a3f1d3c0a01
34b9a273-54ab-40df-8b04-283f6cf6a995,b0d78504-85fd-40ff-a71a-3aeb9ea9ae96,5be6128e-18c2-4797-a142-ea7d17be3111,3b0b0e6c-5a36-4b8e-8c1e-0d7c5e2f9a11,54.5,428800000.0,23369600000.0,1523742000.0,21845858000.0,408295000.0,2,7f5b6f7e-1c2d-4a4e-9a51-3a3f1d3c0a01
fd7010b5-4e41-4410-8bb9-6d4d3bd942f1,b0d78504-85fd-40ff-a71a-3aeb9ea9ae96,1a2a73ed-562b-4f79-8374-59eef50bea63,3b0b0e6c-5a36-4b8e-8c1e-0d7c5e2f9a11,45.5,433000000.0,19701500000.0,1284575000.0,18416925000.0,412272000.0,3,7f5b6f7e-1c2d-4a4e-9a51-3a3f1d3c0a01
59086804-9c34-46fa-b39e-635e1a3d4829,cb65cc42-e666-48b9-89da-79d0c3f9ac09,43b7a3a6-9a8d-4a03-980d-7b71d8f56413,3b0b0e6c-5a36-4b8e-8c1e-0d7c5e2f9a11,225.0,447200000.0,100620000000.0,5928245000.0,94691755000.0,413845000.0,1,7f5b6f7e-1c2d-4a4e-9a51-3a3f1d3c0a01
8c107d50-e13a-49fa-9f41-981b53893458,8809cda8-7274-47ad-9ce6-b1efca08f509,9a1de644-815e-46d1-bb8f-aa1837f8a88b,3b0b0e6c-5a36-4b8e-8c1e-0d7c5e2f9a11,45.0,254700000.0,11461500000.0,700669000.0,10760831000.0,238518000.0,1,7f5b6f7e-1c2d-4a4e-9a51-3a3f1d3c0a01
3bec27eb-1e80-42df-aef8-27dc8f8ac229,dd2427e0-ba94-452d-9080-d924bb600af0,bdd640fb-0667-4ad1-9c80-317fa3b1799d,3b0b0e6c-5a36-4b8e-8c1e-0d7c5e2f9a11,12.5,355000000.0,4437500000.0,287813000.0,4149687000.0,325567000.0,1,7f5b6f7e-1c2d-4a4e-9a51-3a3f1d3c0a01
b35cf538-9283-4555-8d28-b7ebeebed5bf,dd2427e0-ba94-452d-9080-d924bb600af0,bd9c66b3-ad3c-4d6d-9a3d-1fa7bc8960a9,3b0b0e6c-5a36-4b8e-8c1e-0d7c5e2f9a11,4.5,336800000.0,1515600000.0,98301000.0,1417299000.0,314534000.0,2,7f5b6f7e-1c2d-4a4e-9a51-3a3f1d3c0a01
bbf1eeac-c109-46ba-a772-bff7ec6696a0,dd2427e0-ba94-452d-9080-d924bb600af0,17fc695a-07a0-4a6e-8822-e8f36c031199,3b0b0e6c-5a36-4b8e-8c1e-0d7c5e2f9a11,18.0,333400000.0,6001200000.0,389233000.0,5611967000.0,312477000.0,3,7f5b6f7e-1c2d-4a4e-9a51-3a3f1d3c0a01
8f3fa78c-f051-4bb4-b54d-9e6f933ce0d9,73551111-1a1b-4acb-9077-b8a2617c4b32,4b0dbb41-8d52-48f1-942c-3fe860e7a113,3b0b0e6c-5a36-4b8e-8c1e-0d7c5e2f9a11,31.0,456400000.0,14148400000.0,524043000.0,13624357000.0,403914000.0,1,7f5b6f7e-1c2d-4a4e-9a51-3a3f1d3c0a01
df9becfe-ed8a-4933-9ab8-6129a51612f9,73551111-1a1b-4acb-9077-b8a2617c4b32,e2acf72f-9e57-4f7a-a0ee-89aed453dd32,3b0b0e6c-5a36-4b8e-8c1e-0d7c5e2f9a11,19.0,448200000.0,8515800000.0,315417000.0,8200383000.0,396657000.0,2,7f5b6f7e-1c2d-4a4e-9a51-3a3f1d3c0a01
e6c92435-03cd-4c7e-bf28-abc1ecb2a8ce,85b6757b-e845-4ba4-8c3b-b259e80218b1,1a2a73ed-562b-4f79-8374-59eef50bea63,3b0b0e6c-5a36-4b8e-8c1e-0d7c5e2f9a11,85.0,435900000.0,37051500000.0,779699000.0,36271801000.0,400525000.0,1,7f5b6f7e-1c2d-4a4e-9a51-3a3f1d3c0a01
11216fc0-222f-482d-a337-6d98be4ab7c6,85b6757b-e845-4ba4-8c3b-b259e80218b1,43b7a3a6-9a8d-4a03-980d-7b71d8f56413,3b0b0e6c-5a36-4b8e-8c1e-0d7c5e2f9a11,90.0,447200000.0,40248000000.0,846965000.0,39401035000.0,413845000.0,2,7f5b6f7e-1c2d-4a4e-9a51-3a3f1d3c0a01
427f390c-5a91-442b-afe9-596b4b8d4b28,b0bbc953-1e1b-44fd-95e4-a4f6965b4e1e,759cde66-bacf-43d0-8b1f-9163ce9ff57f,3b0b0e6c-5a36-4b8e-8c1e-0d7c5e2f9a11,190.0,613300000.0,116527000000.0,4837403000.0,111689597000.0,509877000.0,1,7f5b6f7e-1c2d-4a4e-9a51-3a3f1d3c0a01
278a0fa2-bab6-4033-ad93-ce376f5d4d6c,1181bb97-2088-43cf-9755-23f68468ee88,43b7a3a6-9a8d-4a03-980d-7b71d8f56413,3b0b0e6c-5a36-4b8e-8c1e-0d7c5e2f9a11,46.0,584500000.0,26887000000.0,700363000.0,26186637000.0,525770000.0,1,7f5b6f7e-1c2d-4a4e-9a51-3a3f1d3c0a01
edf7d41a-b92c-47b4-88b2-ade8b54e5140,1181bb97-2088-43cf-9755-23f68468ee88,5be6128e-18c2-4797-a142-ea7d17be3111,3b0b0e6c-5a36-4b8e-8c1e-0d7c5e2f9a11,254.0,563300000.0,143078200000.0,3726956000.0,139351244000.0,506438000.0,2,7f5b6f7e-1c2d-4a4e-9a51-3a3f1d3c0a01
4e5c3d77-25e6-49b4-90c0-f8283f13e36c,c3aadb93-bb3e-4556-b81d-913d8f049bda,972a8469-1641-4f82-8b9d-2434e465e150,3b0b0e6c-5a36-4b8e-8c1e-0d7c5e2f9a11,168.0,259700000.0,43629600000.0,1464539000.0,42165061000.0,236742000.0,1,7f5b6f7e-1c2d-4a4e-9a51-3a3f1d3c0a01
7bb3664d-ba82-41ee-ab1b-c64ddab91613,c3aadb93-bb3e-4556-b81d-913d8f049bda,bdd640fb-0667-4ad1-9c80-317fa3b1799d,3b0b0e6c-5a36-4b8e-8c1e-0d7c5e2f9a11,30.5,273000000.0,8326500000.0,279500000.0,8047000000.0,249739000.0,2,7f5b6f7e-1c2d-4a4e-9a51-3a3f1d3c0a01
7fa00245-d655-4727-a004-7d98fad0678c,c3aadb93-bb3e-4556-b81d-913d8f049bda,9a1de644-815e-46d1-bb8f-aa1837f8a88b,3b0b0e6c-5a36-4b8e-8c1e-0d7c5e2f9a11,46.5,255100000.0,11862150000.0,398184000.0,11463966000.0,234030000.0,3,7f5b6f7e-1c2d-4a4e-9a51-3a3f1d3c0a01
edb370f3-31ea-4870-861f-784c5c7633cb,91b390e5-48fb-4668-ab27-53be107559b2,6b65a6a4-8b81-48f6-b38a-088ca65ed389,3b0b0e6c-5a36-4b8e-8c1e-0d7c5e2f9a11,290.0,331500000.0,96135000000.0,4076278000.0,92058722000.0,311649000.0,1,7f5b6f7e-1c2d-4a4e-9a51-3a3f1d3c0a01
e1f2f979-c9a6-4088-886a-51d88438c5ae,7b400ae2-72c7-4430-ae86-042abc523b76,ddd1dfb2-3b98-4ef8-9af6-1a26146d3f31,3b0b0e6c-5a36-4b8e-8c1e-0d7c5e2f9a11,110.0,317900000.0,34969000000.0,1430984000.0,33538016000.0,254928000.0,1,7f5b6f7e-1c2d-4a4e-9a51-3a3f1d3c0a01
6914f019-561d-4963-b12f-1abae03cd8a6,09d70d0f-ec33-4f60-8157-1bd3b1798d46,a9488d99-0bbb-4599-91ce-5dd2b45ed1f0,3b0b0e6c-5a36-4b8e-8c1e-0d7c5e2f9a11,57.0,462000000.0,26334000000.0,984902000.0,25349098000.0,403376000.0,1,7f5b6f7e-1c2d-4a4e-9a51-3a3f1d3c0a01
9086f43b-0fc9-4f73-a115-fa50b09a6f57,09d70d0f-ec33-4f60-8157-1bd3b1798d46,3139d32c-93cd-49bf-9c94-1cf0dc98d2c1,3b0b0e6c-5a36-4b8e-8c1e-0d7c5e2f9a11,38.0,463500000.0,17613000000.0,658733000.0,16954267000.0,410894000.0,2,7f5b6f7e-1c2d-4a4e-9a51-3a3f1d3c0a01
67dfa63d-91a8-4ae5-a575-4e468e67b536,a53ab312-603c-42aa-a3cd-5b5c1ef879f7,b74d0fb1-32e7-4629-8fad-c1a606cb0fb3,3b0b0e6c-5a36-4b8e-8c1e-0d7c5e2f9a11,115.0,420600000.0,48369000000.0,1759018000.0,46609982000.0,383934000.0,1,7f5b6f7e-1c2d-4a4e-9a51-3a3f1d3c0a01
654e543c-5964-4fd0-b653-e5731d9b8695,e2c3c7b4-2763-4280-8b39-f6eba872ed65,c241330b-01a9-471f-9e8a-774bcf36d58b,3b0b0e6c-5a36-4b8e-8c1e-0d7c5e2f9a11,50.0,450600000.0,22530000000.0,586007000.0,21943993000.0,402234000.0,1,7f5b6f7e-1c2d-4a4e-9a51-3a3f1d3c0a01
c7db0061-6647-47e5-9488-805a97b2709f,03337978-c925-4341-8b5b-13cdb512a665,5be6128e-18c2-4797-a142-ea7d17be3111,3b0b0e6c-5a36-4b8e-8c1e-0d7c5e2f9a11,40.0,353600000.0,14144000000.0,687054000.0,13456946000.0,328468000.0,1,7f5b6f7e-1c2d-4a4e-9a51-3a3f1d3c0a01
bc100d21-97a2-484e-873b-78c0f746161b,6cff0a08-1061-4dc7-8575-aa1d70a312b9,371ecd7b-27cd-4130-8722-9389571aa876,3b0b0e6c-5a36-4b8e-8c1e-0d7c5e2f9a11,70.0,422800000.0,29596000000.0,873425000.0,28722575000.0,377804000.0,1,7f5b6f7e-1c2d-4a4e-9a51-3a3f1d3c0a01
d3565194-1be9-45b8-8778-8d5c06245c29,a7ec27eb-d700-487d-9d32-6c51818f484c,17fc695a-07a0-4a6e-8822-e8f36c031199,3b0b0e6c-5a36-4b8e-8c1e-0d7c5e2f9a11,40.0,336600000.0,13464000000.0,542254000.0,12921746000.0,321827000.0,1,7f5b6f7e-1c2d-4a4e-9a51-3a3f1d3c0a01
d65637ca-5994-4cff-bf28-69dfd7cb252b,e8f39c4b-f567-4756-9661-7b22f13e0529,47378190-96da-4dac-b2ff-5d2a386ecbe0,3b0b0e6c-5a36-4b8e-8c1e-0d7c5e2f9a11,28.0,406000000.0,11368000000.0,454759000.0,10913241000.0,388692000.0,1,7f5b6f7e-1c2d-4a4e-9a51-3a3f1d3c0a01
d3dce0f2-e138-4054-b36c-8843c38a9d3a,e8f39c4b-f567-4756-9661-7b22f13e0529,6c307511-b2b9-437a-a8df-6ec4ce4a2bbd,3b0b0e6c-5a36-4b8e-8c1e-0d7c5e2f9a11,7.0,400800000.0,2805600000.0,112234000.0,2693366000.0,376888000.0,2,7f5b6f7e-1c2d-4a4e-9a51-3a3f1d3c0a01
b87309d1-e887-4847-a84e-9d055bc3a3c3,721c763a-5caa-43ce-bb67-7f35bc3b011c,a9488d99-0bbb-4599-91ce-5dd2b45ed1f0,3b0b0e6c-5a36-4b8e-8c1e-0d7c5e2f9a11,110.0,465300000.0,51183000000.0,2489281000.0,48693719000.0,411342000.0,1,7f5b6f7e-1c2d-4a4e-9a51-3a3f1d3c0a01
bb2d3e37-748b-436e-a4ff-810edcd2e81e,15312aa8-88fd-4627-aaf4-62b9f6bf62b0,47378190-96da-4dac-b2ff-5d2a386ecbe0,3b0b0e6c-5a36-4b8e-8c1e-0d7c5e2f9a11,41.0,433800000.0,17785800000.0,860996000.0,16924804000.0,386130000.0,1,7f5b6f7e-1c2d-4a4e-9a51-3a3f1d3c0a01
bdc635a5-2f9e-4f20-96aa-ef20a6ac90e9,15312aa8-88fd-4627-aaf4-62b9f6bf62b0,6b65a6a4-8b81-48f6-b38a-088ca65ed389,3b0b0e6c-5a36-4b8e-8c1e-0d7c5e2f9a11,29.0,430400000.0,12481600000.0,604224000.0,11877376000.0,384208000.0,2,7f5b6f7e-1c2d-4a4e-9a51-3a3f1d3c0a01
c54203c7-1957-4a47-8271-3e7a04dc23ca,03c4bf5b-df06-4378-9334-82da9408dd8f,1a2a73ed-562b-4f79-8374-59eef50bea63,3b0b0e6c-5a36-4b8e-8c1e-0d7c5e2f9a11,24.0,572400000.0,13737600000.0,646650000.0,13090950000.0,507918000.0,1,7f5b6f7e-1c2d-4a4e-9a51-3a3f1d3c0a01
91947339-a514-4c9c-b2a7-3b975de64b45,03c4bf5b-df06-4378-9334-82da9408dd8f,5be6128e-18c2-4797-a142-ea7d17be3111,3b0b0e6c-5a36-4b8e-8c1e-0d7c5e2f9a11,51.0,563300000.0,28728300000.0,1352286000.0,27376014000.0,506438000.0,2,7f5b6f7e-1c2d-4a4e-9a51-3a3f1d3c0a01
60ec8edf-2ea7-4400-b845-ba38bd33c0e0,547c144a-2405-46f6-9812-a5233d62ca5c,1a2a73ed-562b-4f79-8374-59eef50bea63,3b0b0e6c-5a36-4b8e-8c1e-0d7c5e2f9a11,110.0,336800000.0,37048000000.0,1006247000.0,36041753000.0,315610000.0,1,7f5b6f7e-1c2d-4a4e-9a51-3a3f1d3c0a01
b040df3a-5be6-47d8-b210-af6b03a9405e,d26ce910-bcc0-4a2c-92ae-a1c15d6e7279,43b7a3a6-9a8d-4a03-980d-7b71d8f56413,3b0b0e6c-5a36-4b8e-8c1e-0d7c5e2f9a11,160.0,379200000.0,60672000000.0,1067554000.0,59604446000.0,340770000.0,1,7f5b6f7e-1c2d-4a4e-9a51-3a3f1d3c0a01
9f86e7ef-c105-4c63-ac24-da9cb231f91b,74eea222-598b-4802-9a93-d5784bb9bc6c,5be6128e-18c2-4797-a142-ea7d17be3111,3b0b0e6c-5a36-4b8e-8c1e-0d7c5e2f9a11,45.0,519900000.0,23395500000.0,593622000.0,22801878000.0,463795000.0,1,7f5b6f7e-1c2d-4a4e-9a51-3a3f1d3c0a01
64a18452-dae5-498a-ba19-7e9f557b9e63,74eea222-598b-4802-9a93-d5784bb9bc6c,43b7a3a6-9a8d-4a03-980d-7b71d8f56413,3b0b0e6c-5a36-4b8e-8c1e-0d7c5e2f9a11,80.0,543400000.0,43472000000.0,1103029000.0,42368971000.0,485070000.0,2,7f5b6f7e-1c2d-4a4e-9a51-3a3f1d3c0a01
8f01826f-7038-4af7-987b-365e856d0491,8e0235a4-cccf-4e4b-bdfd-507e1aeb2fcb,43b7a3a6-9a8d-4a03-980d-7b71d8f56413,3b0b0e6c-5a36-4b8e-8c1e-0d7c5e2f9a11,10.5,543400000.0,5705700000.0,111383000.0,5594317000.0,485070000.0,1,7f5b6f7e-1c2d-4a4e-9a51-3a3f1d3c0a01
bf52ce8f-13b8-41dd-8c11-1af94fa35e21,8e0235a4-cccf-4e4b-bdfd-507e1aeb2fcb,1a2a73ed-562b-4f79-8374-59eef50bea63,3b0b0e6c-5a36-4b8e-8c1e-0d7c5e2f9a11,84.5,530400000.0,44818800000.0,874922000.0,43943878000.0,475727000.0,2,7f5b6f7e-1c2d-4a4e-9a51-3a3f1d3c0a01
d4b80875-f133-4409-af45-cd68bfb3409e,7cf0c30d-4f34-4b8d-abab-941491178632,43b7a3a6-9a8d-4a03-980d-7b71d8f56413,3b0b0e6c-5a36-4b8e-8c1e-0d7c5e2f9a11,32.0,560100000.0,17923200000.0,519447000.0,17403753000.0,512358000.0,1,7f5b6f7e-1c2d-4a4e-9a51-3a3f1d3c0a01
055846e6-afcb-49ca-a1ca-6cb4a345d2be,7cf0c30d-4f34-4b8d-abab-941491178632,1a2a73ed-562b-4f79-8374-59eef50bea63,3b0b0e6c-5a36-4b8e-8c1e-0d7c5e2f9a11,53.0,537300000.0,28476900000.0,825313000.0,27651587000.0,503940000.0,2,7f5b6f7e-1c2d-4a4e-9a51-3a3f1d3c0a01
184a8b4c-2cd5-4cf6-8b71-36ec2bcfabdd,a60fcedc-a105-4fcd-9961-b6d72d26e346,bdd640fb-0667-4ad1-9c80-317fa3b1799d,3b0b0e6c-5a36-4b8e-8c1e-0d7c5e2f9a11,17.0,295100000.0,5016700000.0,203137000.0,4813563000.0,271618000.0,1,7f5b6f7e-1c2d-4a4e-9a51-3a3f1d3c0a01
ea044387-c743-4603-84cd-79ee5501bb39,a60fcedc-a105-4fcd-9961-b6d72d26e346,972a8469-1641-4f82-8b9d-2434e465e150,3b0b0e6c-5a36-4b8e-8c1e-0d7c5e2f9a11,53.0,275600000.0,14606800000.0,591461000.0,14015339000.0,255629000.0,2,7f5b6f7e-1c2d-4a4e-9a51-3a3f1d3c0a01
a2e5411c-6134-4b8f-8436-9417dde6e92f,fd82ab43-8b5a-4642-8746-2acca78c6ad4,b74d0fb1-32e7-4629-8fad-c1a606cb0fb3,3b0b0e6c-5a36-4b8e-8c1e-0d7c5e2f9a11,55.0,417600000.0,22968000000.0,1300690000.0,21667310000.0,399306000.0,1,7f5b6f7e-1c2d-4a4e-9a51-3a3f1d3c0a01
acf5334a-5a64-407e-823f-3d010dbfb7fc,37eee6f1-db95-4ba8-9c9c-3b7b264f5c9b,bd9c66b3-ad3c-4d6d-9a3d-1fa7bc8960a9,3b0b0e6c-5a36-4b8e-8c1e-0d7c5e2f9a11,25.5,349900000.0,8922450000.0,375800000.0,8546650000.0,316030000.0,1,7f5b6f7e-1c2d-4a4e-9a51-3a3f1d3c0a01
1bf5241c-c91a-454c-ba33-51d4a7c526e7,37eee6f1-db95-4ba8-9c9c-3b7b264f5c9b,bdd640fb-0667-4ad1-9c80-317fa3b1799d,3b0b0e6c-5a36-4b8e-8c1e-0d7c5e2f9a11,9.5,359700000.0,3417150000.0,143925000.0,3273225000.0,326034000.0,2,7f5b6f7e-1c2d-4a4e-9a51-3a3f1d3c0a01
19ab097d-d93a-4a3d-bc14-0c6e1f51b8b1,075c3923-916c-4527-818c-a6ac8550312f,5be6128e-18c2-4797-a142-ea7d17be3111,3b0b0e6c-5a36-4b8e-8c1e-0d7c5e2f9a11,38.5,459700000.0,17698450000.0,1127756000.0,16570694000.0,416620000.0,1,7f5b6f7e-1c2d-4a4e-9a51-3a3f1d3c0a01
f9b1a7e5-85b1-4b5a-9b16-01027eaa1337,075c3923-916c-4527-818c-a6ac8550312f,1a2a73ed-562b-4f79-8374-59eef50bea63,3b0b0e6c-5a36-4b8e-8c1e-0d7c5e2f9a11,11.5,454200000.0,5223300000.0,332832000.0,4890468000.0,426795000.0,2,7f5b6f7e-1c2d-4a4e-9a51-3a3f1d3c0a01
1d7468b3-789b-49fa-b746-e3a5efbe617a,61443d2a-0885-4ab5-a39d-6b97500b27fe,23b8c1e9-3924-46de-beb1-3b9046685257,3b0b0e6c-5a36-4b8e-8c1e-0d7c5e2f9a11,85.0,372300000.0,31645500000.0,1152261000.0,30493239000.0,343519000.0,1,7f5b6f7e-1c2d-4a4e-9a51-3a3f1d3c0a01
cf4f9ceb-7c0d-4cf3-9da6-5367dccaeb12,f4ffa528-fa18-43b6-b92d-5e37e268031e,371ecd7b-27cd-4130-8722-9389571aa876,3b0b0e6c-5a36-4b8e-8c1e-0d7c5e2f9a11,11.0,320100000.0,3521100000.0,55056000.0,3466044000.0,283467000.0,1,7f5b6f7e-1c2d-4a4e-9a51-3a3f1d3c0a01
d65b8856-52f8-47be-bd58-2c642920a587,f4ffa528-fa18-43b6-b92d-5e37e268031e,c241330b-01a9-471f-9e8a-774bcf36d58b,3b0b0e6c-5a36-4b8e-8c1e-0d7c5e2f9a11,9.0,341200000.0,3070800000.0,48016000.0,3022784000.0,303688000.0,2,7f5b6f7e-1c2d-4a4e-9a51-3a3f1d3c0a01
8645b006-5ad5-4a40-8d75-7f5940c94377,f4ffa528-fa18-43b6-b92d-5e37e268031e,b74d0fb1-32e7-4629-8fad-c1a606cb0fb3,3b0b0e6c-5a36-4b8e-8c1e-0d7c5e2f9a11,30.0,325300000.0,9759000000.0,152593000.0,9606407000.0,287950000.0,3,7f5b6f7e-1c2d-4a4e-9a51-3a3f1d3c0a01
ddd9927e-369d-4fb0-a355-477f73f56f84,1d86d253-9d62-4511-a592-ba158d932b15,1a2a73ed-562b-4f79-8374-59eef50bea63,3b0b0e6c-5a36-4b8e-8c1e-0d7c5e2f9a11,15.0,336800000.0,5052000000.0,46993000.0,5005007000.0,315610000.0,1,7f5b6f7e-1c2d-4a4e-9a51-3a3f1d3c0a01
3b5577d5-6d84-481e-95b3-0efbd5202113,d2ddf35a-ce7f-4f4e-92ca-6de098d781e2,1a2a73ed-562b-4f79-8374-59eef50bea63,3b0b0e6c-5a36-4b8e-8c1e-0d7c5e2f9a11,35.0,357200000.0,12502000000.0,252359000.0,12249641000.0,323842000.0,1,7f5b6f7e-1c2d-4a4e-9a51-3a3f1d3c0a01
1aa0b801-ae35-4933-a5e1-fbc99404d015,74ec84d6-a98f-4989-8c9c-94231849629b,972a8469-1641-4f82-8b9d-2434e465e150,3b0b0e6c-5a36-4b8e-8c1e-0d7c5e2f9a11,40.0,273400000.0,10936000000.0,282821000.0,10653179000.0,260398000.0,1,7f5b6f7e-1c2d-4a4e-9a51-3a3f1d3c0a01
de0273af-a452-4037-8312-522603157d02,0a0a1936-84bb-46ec-960e-97309b33c381,43b7a3a6-9a8d-4a03-980d-7b71d8f56413,3b0b0e6c-5a36-4b8e-8c1e-0d7c5e2f9a11,4.0,442400000.0,1769600000.0,52490000.0,1717110000.0,407185000.0,1,7f5b6f7e-1c2d-4a4e-9a51-3a3f1d3c0a01
9943be55-a944-4c4c-8cef-271a40b1d00c,0a0a1936-84bb-46ec-960e-97309b33c381,5be6128e-18c2-4797-a142-ea7d17be3111,3b0b0e6c-5a36-4b8e-8c1e-0d7c5e2f9a11,15.0,429200000.0,6438000000.0,190963000.0,6247037000.0,391645000.0,2,7f5b6f7e-1c2d-4a4e-9a51-3a3f1d3c0a01
8ed26daa-681f-4745-9777-8daad404cb85,0a0a1936-84bb-46ec-960e-97309b33c381,1a2a73ed-562b-4f79-8374-59eef50bea63,3b0b0e6c-5a36-4b8e-8c1e-0d7c5e2f9a11,11.0,437700000.0,4814700000.0,142813000.0,4671887000.0,398398000.0,3,7f5b6f7e-1c2d-4a4e-9a51-3a3f1d3c0a01
3dd3a461-9e1c-4727-826a-6b7d66efd267,81b9e996-a9a6-48b0-b621-361ea893721c,43b7a3a6-9a8d-4a03-980d-7b71d8f56413,3b0b0e6c-5a36-4b8e-8c1e-0d7c5e2f9a11,40.0,458000000.0,18320000000.0,373195000.0,17946805000.0,409220000.0,1,7f5b6f7e-1c2d-4a4e-9a51-3a3f1d3c0a01
652de8d0-37e7-4c1d-bdd0-3af38781dc8e,1b18f914-fb16-4d51-92da-b82f4ffdbb2f,371ecd7b-27cd-4130-8722-9389571aa876,3b0b0e6c-5a36-4b8e-8c1e-0d7c5e2f9a11,70.0,406600000.0,28462000000.0,537150000.0,27924850000.0,386862000.0,1,7f5b6f7e-1c2d-4a4e-9a51-3a3f1d3c0a01
2ef27984-0ee4-41e2-837a-930c2e46859b,3ce7d56d-e24f-41d9-8026-dad732930f9d,1a2a73ed-562b-4f79-8374-59eef50bea63,3b0b0e6c-5a36-4b8e-8c1e-0d7c5e2f9a11,10.0,454200000.0,4542000000.0,43060000.0,4498940000.0,426795000.0,1,7f5b6f7e-1c2d-4a4e-9a51-3a3f1d3c0a01
ae944391-77a1-47ed-a122-8b4d8d688f6a,3ce7d56d-e24f-41d9-8026-dad732930f9d,5be6128e-18c2-4797-a142-ea7d17be3111,3b0b0e6c-5a36-4b8e-8c1e-0d7c5e2f9a11,38.0,459700000.0,17468600000.0,165611000.0,17302989000.0,416620000.0,2,7f5b6f7e-1c2d-4a4e-9a51-3a3f1d3c0a01
a7f91a6d-3b69-4df0-92ce-e1cc365faf8c,3ce7d56d-e24f-41d9-8026-dad732930f9d,43b7a3a6-9a8d-4a03-980d-7b71d8f56413,3b0b0e6c-5a36-4b8e-8c1e-0d7c5e2f9a11,2.0,465100000.0,930200000.0,8819000.0,921381000.0,430032000.0,3,7f5b6f7e-1c2d-4a4e-9a51-3a3f1d3c0a01
ce470114-3d21-470f-af6e-72b56d9d590e,ac8f615d-7d18-437b-b60c-471af6ccc3bd,9a1de644-815e-46d1-bb8f-aa1837f8a88b,3b0b0e6c-5a36-4b8e-8c1e-0d7c5e2f9a11,120.0,325700000.0,39084000000.0,1022141000.0,38061859000.0,302753000.0,1,7f5b6f7e-1c2d-4a4e-9a51-3a3f1d3c0a01
c2d424a5-492d-4201-8913-714df0d7fff8,56ac8232-84e3-4190-b6d8-e8b36d0efb3c,972a8469-1641-4f82-8b9d-2434e465e150,3b0b0e6c-5a36-4b8e-8c1e-0d7c5e2f9a11,40.0,332400000.0,13296000000.0,319909000.0,12976091000.0,313225000.0,1,7f5b6f7e-1c2d-4a4e-9a51-3a3f1d3c0a01
238ac911-b585-41dd-b634-55ed7491e217,56ac8232-84e3-4190-b6d8-e8b36d0efb3c,bdd640fb-0667-4ad1-9c80-317fa3b1799d,3b0b0e6c-5a36-4b8e-8c1e-0d7c5e2f9a11,5.0,348700000.0,1743500000.0,41950000.0,1701550000.0,328278000.0,2,7f5b6f7e-1c2d-4a4e-9a51-3a3f1d3c0a01
71978fd5-99d4-4452-a47e-c8c6d0e2e2b2,7c48e662-8b52-4660-9379-7b95aad351f7,bd9c66b3-ad3c-4d6d-9a3d-1fa7bc8960a9,3b0b0e6c-5a36-4b8e-8c1e-0d7c5e2f9a11,25.0,358100000.0,8952500000.0,97005000.0,8855495000.0,327156000.0,1,7f5b6f7e-1c2d-4a4e-9a51-3a3f1d3c0a01
c56b9dfd-7e52-405f-af3e-7679e357da6b,8edc4417-63e0-4615-afb2-4da6e8d326a0,17fc695a-07a0-4a6e-8822-e8f36c031199,3b0b0e6c-5a36-4b8e-8c1e-0d7c5e2f9a11,35.5,389600000.0,13830800000.0,279414000.0,13551386000.0,338376000.0,1,7f5b6f7e-1c2d-4a4e-9a51-3a3f1d3c0a01
eeb22b06-411b-4e24-9d6e-3277af403656,8edc4417-63e0-4615-afb2-4da6e8d326a0,9a1de644-815e-46d1-bb8f-aa1837f8a88b,3b0b0e6c-5a36-4b8e-8c1e-0d7c5e2f9a11,19.5,388200000.0,7569900000.0,152930000.0,7416970000.0,335572000.0,2,7f5b6f7e-1c2d-4a4e-9a51-3a3f1d3c0a01
1ec02d94-61d4-4283-871f-7b09ad3d016f,d7b31071-085f-46f4-bc9b-b425e812bd36,43b7a3a6-9a8d-4a03-980d-7b71d8f56413,3b0b0e6c-5a36-4b8e-8c1e-0d7c5e2f9a11,125.0,484700000.0,60587500000.0,1933421000.0,58654079000.0,430218000.0,1,7f5b6f7e-1c2d-4a4e-9a51-3a3f1d3c0a01
93469bb7-5215-4a86-b0fb-20284ee9a5fe,f953f3ee-8165-417f-b41e-8968fc1baf97,5be6128e-18c2-4797-a142-ea7d17be3111,3b0b0e6c-5a36-4b8e-8c1e-0d7c5e2f9a11,50.0,547500000.0,27375000000.0,830386000.0,26544614000.0,496262000.0,1,7f5b6f7e-1c2d-4a4e-9a51-3a3f1d3c0a01
e5ce6f17-ee37-417f-8374-fac78eb97249,5b414a3f-2f05-4fb7-b668-ba33fdf64eeb,e2acf72f-9e57-4f7a-a0ee-89aed453dd32,3b0b0e6c-5a36-4b8e-8c1e-0d7c5e2f9a11,160.0,763300000.0,122128000000.0,4491700000.0,117636300000.0,646316000.0,1,7f5b6f7e-1c2d-4a4e-9a51-3a3f1d3c0a01
2829aceb-f495-4397-8ee4-f2871abfd30b,1a7e138f-72a0-4bec-81d5-e2eb3645b1ac,1a2a73ed-562b-4f79-8374-59eef50bea63,3b0b0e6c-5a36-4b8e-8c1e-0d7c5e2f9a11,22.0,336800000.0,7409600000.0,177638000.0,7231962000.0,311540000.0,1,7f5b6f7e-1c2d-4a4e-9a51-3a3f1d3c0a01
e3cecd37-b330-4ca5-bbe9-4a6053e6f205,1a7e138f-72a0-4bec-81d5-e2eb3645b1ac,43b7a3a6-9a8d-4a03-980d-7b71d8f56413,3b0b0e6c-5a36-4b8e-8c1e-0d7c5e2f9a11,40.5,341500000.0,13830750000.0,331580000.0,13499170000.0,315888000.0,2,7f5b6f7e-1c2d-4a4e-9a51-3a3f1d3c0a01
63f0144f-9933-4056-ac39-e3be251b677a,1a7e138f-72a0-4bec-81d5-e2eb3645b1ac,5be6128e-18c2-4797-a142-ea7d17be3111,3b0b0e6c-5a36-4b8e-8c1e-0d7c5e2f9a11,27.5,329800000.0,9069500000.0,217433000.0,8852067000.0,305065000.0,3,7f5b6f7e-1c2d-4a4e-9a51-3a3f1d3c0a01
62e409bb-45f3-492a-8bdd-0f2c7155fe6e,5d402be0-614a-4f1d-a6da-135cf11bb3a4,1a2a73ed-562b-4f79-8374-59eef50bea63,3b0b0e6c-5a36-4b8e-8c1e-0d7c5e2f9a11,31.5,341200000.0,10747800000.0,269083000.0,10478717000.0,311540000.0,1,7f5b6f7e-1c2d-4a4e-9a51-3a3f1d3c0a01
ed16a9a7-bf20-4850-91c0-0a02647696ce,5d402be0-614a-4f1d-a6da-135cf11bb3a4,43b7a3a6-9a8d-4a03-980d-7b71d8f56413,3b0b0e6c-5a36-4b8e-8c1e-0d7c5e2f9a11,233.5,353800000.0,82612300000.0,2068290000.0,80544010000.0,315888000.0,2,7f5b6f7e-1c2d-4a4e-9a51-3a3f1d3c0a01
533f12eb-c143-4723-9c86-da0bf7f064ab,90026e2f-b0b4-425d-9ec9-db8d6e23a11e,5be6128e-18c2-4797-a142-ea7d17be3111,3b0b0e6c-5a36-4b8e-8c1e-0d7c5e2f9a11,110.0,355100000.0,39061000000.0,854027000.0,38206973000.0,329578000.0,1,7f5b6f7e-1c2d-4a4e-9a51-3a3f1d3c0a01
2a5425d7-f3b9-41ca-8660-200d51f7976e,ac1905a0-a8b4-45c8-b74d-08feeb0f9c99,1a2a73ed-562b-4f79-8374-59eef50bea63,3b0b0e6c-5a36-4b8e-8c1e-0d7c5e2f9a11,40.0,433000000.0,17320000000.0,669564000.0,16650436000.0,412272000.0,1,7f5b6f7e-1c2d-4a4e-9a51-3a3f1d3c0a01
d37a510e-7423-46e1-9815-19c4a132a3b5,ac1905a0-a8b4-45c8-b74d-08feeb0f9c99,5be6128e-18c2-4797-a142-ea7d17be3111,3b0b0e6c-5a36-4b8e-8c1e-0d7c5e2f9a11,95.0,428800000.0,40736000000.0,1574791000.0,39161209000.0,408295000.0,2,7f5b6f7e-1c2d-4a4e-9a51-3a3f1d3c0a01
0964930a-0f90-4458-bd54-33448d079484,f6c3bc47-bd0e-423c-aad5-afee71ec9ddc,5be6128e-18c2-4797-a142-ea7d17be3111,3b0b0e6c-5a36-4b8e-8c1e-0d7c5e2f9a11,175.0,436700000.0,76422500000.0,2933059000.0,73489441000.0,398120000.0,1,7f5b6f7e-1c2d-4a4e-9a51-3a3f1d3c0a01
12ace9cf-f019-4697-b10a-ddd577dd1500,b22ce823-2ec1-4786-aa6c-a3e2fb5ae51d,5be6128e-18c2-4797-a142-ea7d17be3111,3b0b0e6c-5a36-4b8e-8c1e-0d7c5e2f9a11,45.0,436700000.0,19651500000.0,665518000.0,18985982000.0,398120000.0,1,7f5b6f7e-1c2d-4a4e-9a51-3a3f1d3c0a01
5b1153c4-c299-4676-8eb2-3792d76d0ac1,b22ce823-2ec1-4786-aa6c-a3e2fb5ae51d,43b7a3a6-9a8d-4a03-980d-7b71d8f56413,3b0b0e6c-5a36-4b8e-8c1e-0d7c5e2f9a11,15.0,460400000.0,6906000000.0,233879000.0,6672121000.0,413660000.0,2,7f5b6f7e-1c2d-4a4e-9a51-3a3f1d3c0a01
ec1e4c1e-69e4-4738-aca1-1739893e2f65,9afd909f-8ed3-4c1d-bec9-430cbc9f2fa8,43b7a3a6-9a8d-4a03-980d-7b71d8f56413,3b0b0e6c-5a36-4b8e-8c1e-0d7c5e2f9a11,39.0,484700000.0,18903300000.0,832780000.0,18070520000.0,430218000.0,1,7f5b6f7e-1c2d-4a4e-9a51-3a3f1d3c0a01
7f3f0b6e-acfc-4dd1-bb48-464b8a55748e,9afd909f-8ed3-4c1d-bec9-430cbc9f2fa8,1a2a73ed-562b-4f79-8374-59eef50bea63,3b0b0e6c-5a36-4b8e-8c1e-0d7c5e2f9a11,116.5,474200000.0,55244300000.0,2433773000.0,52810527000.0,420135000.0,2,7f5b6f7e-1c2d-4a4e-9a51-3a3f1d3c0a01
f6d0d552-febb-4027-9ea6-17358b8dd846,9afd909f-8ed3-4c1d-bec9-430cbc9f2fa8,5be6128e-18c2-4797-a142-ea7d17be3111,3b0b0e6c-5a36-4b8e-8c1e-0d7c5e2f9a11,184.5,461700000.0,85183650000.0,3752743000.0,81430907000.0,425222000.0,3,7f5b6f7e-1c2d-4a4e-9a51-3a3f1d3c0a01
23497e27-f7b3-425d-bc5e-37d5e04e7338,bc5107c9-fd2d-423a-a773-e925f6306c6f,1a2a73ed-562b-4f79-8374-59eef50bea63,3b0b0e6c-5a36-4b8e-8c1e-0d7c5e2f9a11,60.0,544800000.0,32688000000.0,742023000.0,31945977000.0,490620000.0,1,7f5b6f7e-1c2d-4a4e-9a51-3a3f1d3c0a01
5f3c5bc8-7f48-4a64-a6e3-db74d923b3c2,b99205c0-e426-45ad-9b42-d5b173cabeee,17fc695a-07a0-4a6e-8822-e8f36c031199,3b0b0e6c-5a36-4b8e-8c1e-0d7c5e2f9a11,37.5,262300000.0,9836250000.0,53417000.0,9782833000.0,240950000.0,1,7f5b6f7e-1c2d-4a4e-9a51-3a3f1d3c0a01
aa1b1653-9281-42bb-a322-42c6bf63e5cd,b99205c0-e426-45ad-9b42-d5b173cabeee,23b8c1e9-3924-46de-beb1-3b9046685257,3b0b0e6c-5a36-4b8e-8c1e-0d7c5e2f9a11,7.5,268300000.0,2012250000.0,10928000.0,2001322000.0,245064000.0,2,7f5b6f7e-1c2d-4a4e-9a51-3a3f1d3c0a01
a687667b-5aca-4189-967f-ec55b8b82e08,a91750c9-371a-4e5e-b386-6bb3d0c98b7e,fc377a4c-4a15-444d-85e7-ce8a3a578a8e,3b0b0e6c-5a36-4b8e-8c1e-0d7c5e2f9a11,45.0,476400000.0,21438000000.0,250376000.0,21187624000.0,421814000.0,1,7f5b6f7e-1c2d-4a4e-9a51-3a3f1d3c0a01
0bb76f37-6b60-4492-9722-ca379eeaf48e,5313e61f-fd45-4491-bc57-52f408dd5947,bd9c66b3-ad3c-4d6d-9a3d-1fa7bc8960a9,3b0b0e6c-5a36-4b8e-8c1e-0d7c5e2f9a11,40.0,337100000.0,13484000000.0,385712000.0,13098288000.0,328278000.0,1,7f5b6f7e-1c2d-4a4e-9a51-3a3f1d3c0a01
587afc48-276a-4aa5-a0ad-6652361cab5b,a507f7dc-5cca-4d6c-8b23-cf6599e116c1,9a1de644-815e-46d1-bb8f-aa1837f8a88b,3b0b0e6c-5a36-4b8e-8c1e-0d7c5e2f9a11,42.5,388200000.0,16498500000.0,334267000.0,16164233000.0,335572000.0,1,7f5b6f7e-1c2d-4a4e-9a51-3a3f1d3c0a01
5eac98e8-65b2-47f2-aebb-121c69d47339,a507f7dc-5cca-4d6c-8b23-cf6599e116c1,972a8469-1641-4f82-8b9d-2434e465e150,3b0b0e6c-5a36-4b8e-8c1e-0d7c5e2f9a11,12.5,394800000.0,4935000000.0,99985000.0,4835015000.0,340340000.0,2,7f5b6f7e-1c2d-4a4e-9a51-3a3f1d3c0a01
cd8bc0d3-a6b6-4bb9-a2f3-816b3e1485fc,1b6edd78-79e2-4428-8bc6-9dd0bcca077e,b74d0fb1-32e7-4629-8fad-c1a606cb0fb3,3b0b0e6c-5a36-4b8e-8c1e-0d7c5e2f9a11,60.0,531200000.00000006,31872000000.000004,375364000.0,31496636000.000004,475434000.0,1,7f5b6f7e-1c2d-4a4e-9a51-3a3f1d3c0a01
8388547d-c99b-48c2-bae9-34702c826c44,1b6edd78-79e2-4428-8bc6-9dd0bcca077e,47378190-96da-4dac-b2ff-5d2a386ecbe0,3b0b0e6c-5a36-4b8e-8c1e-0d7c5e2f9a11,45.0,518900000.0,23350500000.0,275004000.0,23075496000.0,469395000.0,2,7f5b6f7e-1c2d-4a4e-9a51-3a3f1d3c0a01
34860186-f924-4c08-83cb-07e093731b1f,9fb6d79b-21f4-45ca-b233-022f40d4b6fd,bdd640fb-0667-4ad1-9c80-317fa3b1799d,3b0b0e6c-5a36-4b8e-8c1e-0d7c5e2f9a11,20.0,460700000.0,9214000000.0,223053000.0,8990947000.0,419348000.0,1,7f5b6f7e-1c2d-4a4e-9a51-3a3f1d3c0a01
0ea98387-e203-46eb-bdec-7dd727e460c3,90a9f290-cbc4-4e51-b281-1fdf587151c7,1a2a73ed-562b-4f79-8374-59eef50bea63,3b0b0e6c-5a36-4b8e-8c1e-0d7c5e2f9a11,110.0,336800000.0,37048000000.0,1974669000.0,35073331000.0,311540000.0,1,7f5b6f7e-1c2d-4a4e-9a51-3a3f1d3c0a01
16d0ede2-7609-4355-8e67-da9171eb9eba,fad05006-1b7f-4198-a216-49101c55bf1b,1a2a73ed-562b-4f79-8374-59eef50bea63,3b0b0e6c-5a36-4b8e-8c1e-0d7c5e2f9a11,46.5,336800000.0,15661200000.0,949162000.0,14712038000.0,315610000.0,1,7f5b6f7e-1c2d-4a4e-9a51-3a3f1d3c0a01
0e444e4f-3c98-429c-a6c0-4436684ae7ef,fad05006-1b7f-4198-a216-49101c55bf1b,5be6128e-18c2-4797-a142-ea7d17be3111,3b0b0e6c-5a36-4b8e-8c1e-0d7c5e2f9a11,48.5,337200000.0,16354200000.0,991162000.0,15363038000.0,308950000.0,2,7f5b6f7e-1c2d-4a4e-9a51-3a3f1d3c0a01
561ab473-7ae8-43fd-9b79-4ff0b88914ed,d9e532c3-b9cf-4eb5-a6b1-3ac7259aa6e3,5be6128e-18c2-4797-a142-ea7d17be3111,3b0b0e6c-5a36-4b8e-8c1e-0d7c5e2f9a11,115.0,337200000.0,38778000000.0,1723480000.0,37054520000.0,308950000.0,1,7f5b6f7e-1c2d-4a4e-9a51-3a3f1d3c0a01
2702db6a-d6cb-41bf-b1f6-4894738230e7,5d68db78-6b7f-401c-94ce-0cc7a4146063,5be6128e-18c2-4797-a142-ea7d17be3111,3b0b0e6c-5a36-4b8e-8c1e-0d7c5e2f9a11,90.0,430400000.0,38736000000.0,1913698000.0,36822302000.0,396640000.0,1,7f5b6f7e-1c2d-4a4e-9a51-3a3f1d3c0a01
0759a2d0-63dd-49ab-8e29-9c719684f654,5d68db78-6b7f-401c-94ce-0cc7a4146063,1a2a73ed-562b-4f79-8374-59eef50bea63,3b0b0e6c-5a36-4b8e-8c1e-0d7c5e2f9a11,24.0,435900000.0,10461600000.0,516841000.0,9944759000.0,400525000.0,2,7f5b6f7e-1c2d-4a4e-9a51-3a3f1d3c0a01
bb7116f1-265f-4cfe-bc2d-67c61f1e8fe6,5d68db78-6b7f-401c-94ce-0cc7a4146063,43b7a3a6-9a8d-4a03-980d-7b71d8f56413,3b0b0e6c-5a36-4b8e-8c1e-0d7c5e2f9a11,11.0,447200000.0,4919200000.0,243026000.0,4676174000.0,413845000.0,3,7f5b6f7e-1c2d-4a4e-9a51-3a3f1d3c0a01
b6e8dc97-156c-44c3-a23e-0db088d7089a,30057f5a-b6ac-45ea-b26f-3ff2a7e02070,5be6128e-18c2-4797-a142-ea7d17be3111,3b0b0e6c-5a36-4b8e-8c1e-0d7c5e2f9a11,115.0,459700000.0,52865500000.0,3033315000.0,49832185000.0,416620000.0,1,7f5b6f7e-1c2d-4a4e-9a51-3a3f1d3c0a01
4ca97f6b-53f3-42f0-97ad-4cec3480ef10,a103dc9b-1d5e-4c68-81b6-63b89f144cad,4b0dbb41-8d52-48f1-942c-3fe860e7a113,3b0b0e6c-5a36-4b8e-8c1e-0d7c5e2f9a11,65.0,715300000.0,46494500000.0,2449861000.0,44044639000.0,572418000.0,1,7f5b6f7e-1c2d-4a4e-9a51-3a3f1d3c0a01
5851d60a-99b2-4759-966a-e043d22e3aad,049202f8-d3ae-4fcb-98c7-a2b9b54902a6,ddd1dfb2-3b98-4ef8-9af6-1a26146d3f31,3b0b0e6c-5a36-4b8e-8c1e-0d7c5e2f9a11,5.0,248400000.0,1242000000.0,19369000.0,1222631000.0,233496000.0,1,7f5b6f7e-1c2d-4a4e-9a51-3a3f1d3c0a01
73996ae6-c0b1-4c9b-8803-e587baa0372c,a706bd6a-cec5-41e5-8db5-afdec32c3af1,fc377a4c-4a15-444d-85e7-ce8a3a578a8e,3b0b0e6c-5a36-4b8e-8c1e-0d7c5e2f9a11,40.0,392900000.0,15716000000.0,139448000.0,15576552000.0,359522000.0,1,7f5b6f7e-1c2d-4a4e-9a51-3a3f1d3c0a01
bdd80217-3b47-42e2-a199-19ffa8e96acc,0a54b61c-ac25-4e1d-9201-f02346ad5a3d,4b0dbb41-8d52-48f1-942c-3fe860e7a113,3b0b0e6c-5a36-4b8e-8c1e-0d7c5e2f9a11,45.0,506500000.0,22792500000.0,312094000.0,22480406000.0,436482000.0,1,7f5b6f7e-1c2d-4a4e-9a51-3a3f1d3c0a01
eed5a96b-bcda-4894-81c5-e090f2b5d00c,0d5874be-99c4-43f5-8b19-869f14181ddf,4b0dbb41-8d52-48f1-942c-3fe860e7a113,3b0b0e6c-5a36-4b8e-8c1e-0d7c5e2f9a11,11.0,618400000.0,6802400000.0,132278000.0,6670122000.0,530646000.0,1,7f5b6f7e-1c2d-4a4e-9a51-3a3f1d3c0a01
f1dc0916-18c7-4775-9226-296bc5c625ae,0d5874be-99c4-43f5-8b19-869f14181ddf,e2acf72f-9e57-4f7a-a0ee-89aed453dd32,3b0b0e6c-5a36-4b8e-8c1e-0d7c5e2f9a11,4.0,603800000.0,2415200000.0,46965000.0,2368235000.0,520026000.0,2,7f5b6f7e-1c2d-4a4e-9a51-3a3f1d3c0a01
fe946650-7bd5-4249-9127-d967f69fe193,a640637d-8c69-4053-9885-847e1230a2f2,ddd1dfb2-3b98-4ef8-9af6-1a26146d3f31,3b0b0e6c-5a36-4b8e-8c1e-0d7c5e2f9a11,45.0,322200000.0,14499000000.0,438766000.0,14060234000.0,321104000.0,1,7f5b6f7e-1c2d-4a4e-9a51-3a3f1d3c0a01
a3d40453-c90e-4380-8d41-1ea3b1cc86a4,22fa7792-f993-4aed-8944-ca0cc4c013fb,e2acf72f-9e57-4f7a-a0ee-89aed453dd32,3b0b0e6c-5a36-4b8e-8c1e-0d7c5e2f9a11,10.0,627000000.0,6270000000.0,124256000.0,6145744000.0,548788000.0,1,7f5b6f7e-1c2d-4a4e-9a51-3a3f1d3c0a01
a5edcc4d-e6d9-4ce9-851a-b0361450f133,0279b3c5-73e7-4ab2-b886-960ed93b8746,17fc695a-07a0-4a6e-8822-e8f36c031199,3b0b0e6c-5a36-4b8e-8c1e-0d7c5e2f9a11,115.5,262300000.0,30295650000.0,1068578000.0,29227072000.0,240950000.0,1,7f5b6f7e-1c2d-4a4e-9a51-3a3f1d3c0a01
de6496bc-5674-4398-91cf-4c964a683f35,0279b3c5-73e7-4ab2-b886-960ed93b8746,9a1de644-815e-46d1-bb8f-aa1837f8a88b,3b0b0e6c-5a36-4b8e-8c1e-0d7c5e2f9a11,23.5,255100000.0,5994850000.0,211448000.0,5783402000.0,234030000.0,2,7f5b6f7e-1c2d-4a4e-9a51-3a3f1d3c0a01
bc07d157-10dc-4a60-9d92-7b69e753516f,0279b3c5-73e7-4ab2-b886-960ed93b8746,bd9c66b3-ad3c-4d6d-9a3d-1fa7bc8960a9,3b0b0e6c-5a36-4b8e-8c1e-0d7c5e2f9a11,36.0,265000000.0,9540000000.0,336492000.0,9203508000.0,241510000.0,3,7f5b6f7e-1c2d-4a4e-9a51-3a3f1d3c0a01
86f7ec73-722f-43ff-9b5d-7d86f49d95ea,8db706da-8eac-4e07-bf9c-e4ad6461e232,47378190-96da-4dac-b2ff-5d2a386ecbe0,3b0b0e6c-5a36-4b8e-8c1e-0d7c5e2f9a11,200.0,330100000.0,66020000000.0,1844679000.0,64175321000.0,294996000.0,1,7f5b6f7e-1c2d-4a4e-9a51-3a3f1d3c0a01
eb62ca8f-71c2-4a18-826a-02b91d2c3630,dd978bf4-b163-4272-b893-ec6b95745b9f,ddd1dfb2-3b98-4ef8-9af6-1a26146d3f31,3b0b0e6c-5a36-4b8e-8c1e-0d7c5e2f9a11,55.0,268800000.0,14784000000.0,408557000.0,14375443000.0,248442000.0,1,7f5b6f7e-1c2d-4a4e-9a51-3a3f1d3c0a01
b0f69829-5e68-4d69-b829-f6516930fa50,65a2715a-b085-4fa2-86aa-b5e6651ea86d,ddd1dfb2-3b98-4ef8-9af6-1a26146d3f31,3b0b0e6c-5a36-4b8e-8c1e-0d7c5e2f9a11,95.0,328700000.0,31226500000.0,1195670000.0,30030830000.0,302304000.0,1,7f5b6f7e-1c2d-4a4e-9a51-3a3f1d3c0a01
586f7b30-bdc0-4e51-8e9a-3f8332306aa4,7d4a9cc6-783b-484d-b16f-8a3523b3f883,43b7a3a6-9a8d-4a03-980d-7b71d8f56413,3b0b0e6c-5a36-4b8e-8c1e-0d7c5e2f9a11,165.0,464900000.0,76708500000.0,2796848000.0,73911652000.0,425870000.0,1,7f5b6f7e-1c2d-4a4e-9a51-3a3f1d3c0a01
f53563a6-e46f-4a0c-9dee-b5031686b690,5dda46c2-8f33-4efb-9388-046aa30a543b,bd9c66b3-ad3c-4d6d-9a3d-1fa7bc8960a9,3b0b0e6c-5a36-4b8e-8c1e-0d7c5e2f9a11,85.0,330600000.0,28101000000.0,769475000.0,27331525000.0,264886000.0,1,7f5b6f7e-1c2d-4a4e-9a51-3a3f1d3c0a01
18b80748-eebc-4d45-852f-f019c47608aa,8edd0fde-fc43-4386-8501-94d3aae1fd1b,47378190-96da-4dac-b2ff-5d2a386ecbe0,3b0b0e6c-5a36-4b8e-8c1e-0d7c5e2f9a11,40.5,412800000.0,16718400000.0,568200000.0,16150200000.0,380640000.0,1,7f5b6f7e-1c2d-4a4e-9a51-3a3f1d3c0a01
e961b7d6-6913-487e-afa8-ab3195f46f63,8edd0fde-fc43-4386-8501-94d3aae1fd1b,6b65a6a4-8b81-48f6-b38a-088ca65ed389,3b0b0e6c-5a36-4b8e-8c1e-0d7c5e2f9a11,9.5,410100000.0,3895950000.0,132410000.0,3763540000.0,370758000.0,2,7f5b6f7e-1c2d-4a4e-9a51-3a3f1d3c0a01
0b2e9701-3d6c-4b59-99eb-fc2cb6f86875,30ee96fa-9c48-44f4-b62b-c8371fb770e2,1a2a73ed-562b-4f79-8374-59eef50bea63,3b0b0e6c-5a36-4b8e-8c1e-0d7c5e2f9a11,110.0,452700000.0,49797000000.0,1341769000.0,48455231000.0,403208000.0,1,7f5b6f7e-1c2d-4a4e-9a51-3a3f1d3c0a01
164c2614-6d24-4e50-9407-42c962c103af,68ddab29-0901-4d04-a4e4-af80ded69b19,b74d0fb1-32e7-4629-8fad-c1a606cb0fb3,3b0b0e6c-5a36-4b8e-8c1e-0d7c5e2f9a11,50.0,344200000.0,17210000000.0,387431000.0,16822569000.0,315675000.0,1,7f5b6f7e-1c2d-4a4e-9a51-3a3f1d3c0a01
4744a01a-d6ba-4b74-acf4-0fbe1d71a00e,63907d64-0b3a-450f-bb89-6599394cec4d,6b65a6a4-8b81-48f6-b38a-088ca65ed389,3b0b0e6c-5a36-4b8e-8c1e-0d7c5e2f9a11,45.0,426100000.0,19174500000.0,703612000.0,18470888000.0,375242000.0,1,7f5b6f7e-1c2d-4a4e-9a51-3a3f1d3c0a01
d748cfde-8f8c-4986-a108-b01f1377d9ad,f2f6adfa-d898-4d8b-8ff6-f17f79b7df69,bd9c66b3-ad3c-4d6d-9a3d-1fa7bc8960a9,3b0b0e6c-5a36-4b8e-8c1e-0d7c5e2f9a11,9.5,361500000.0,3434250000.0,133725000.0,3300525000.0,334824000.0,1,7f5b6f7e-1c2d-4a4e-9a51-3a3f1d3c0a01
f4583e89-3408-4563-88eb-ccabbbdbb72f,f2f6adfa-d898-4d8b-8ff6-f17f79b7df69,17fc695a-07a0-4a6e-8822-e8f36c031199,3b0b0e6c-5a36-4b8e-8c1e-0d7c5e2f9a11,15.5,358000000.0,5549000000.0,216070000.0,5332930000.0,338750000.0,2,7f5b6f7e-1c2d-4a4e-9a51-3a3f1d3c0a01
48dc2555-afee-48ec-be3f-b986f38febc7,a82fea45-7b9b-420c-8bda-854521895275,9a1de644-815e-46d1-bb8f-aa1837f8a88b,3b0b0e6c-5a36-4b8e-8c1e-0d7c5e2f9a11,185.0,255100000.0,47193500000.0,2042896000.0,45150604000.0,234030000.0,1,7f5b6f7e-1c2d-4a4e-9a51-3a3f1d3c0a01
c2b3d60d-03a9-4dd5-b8ce-9497f71d9bdd,ebfab51c-49b7-4979-a0ae-030dd7414f16,47378190-96da-4dac-b2ff-5d2a386ecbe0,3b0b0e6c-5a36-4b8e-8c1e-0d7c5e2f9a11,160.0,315200000.0,50432000000.0,2510297000.0,47921703000.0,288408000.0,1,7f5b6f7e-1c2d-4a4e-9a51-3a3f1d3c0a01
37cfe3f4-91af-4982-a971-67defc800429,a083a676-8941-4444-a789-62ec96252065,bdd640fb-0667-4ad1-9c80-317fa3b1799d,3b0b0e6c-5a36-4b8e-8c1e-0d7c5e2f9a11,80.0,283600000.0,22688000000.0,818550000.0,21869450000.0,258528000.0,1,7f5b6f7e-1c2d-4a4e-9a51-3a3f1d3c0a01
97a6e8f3-9392-47c4-84be-39d32787c092,09336f86-c4ce-4030-839f-77b51ccf356b,9a1de644-815e-46d1-bb8f-aa1837f8a88b,3b0b0e6c-5a36-4b8e-8c1e-0d7c5e2f9a11,85.0,270400000.0,22984000000.0,670361000.0,22313639000.0,243287000.0,1,7f5b6f7e-1c2d-4a4e-9a51-3a3f1d3c0a01
5bf24fac-ad5b-4a05-b944-22f85b573995,603d6d0d-fdcc-4f68-baba-2e1575adef5e,ddd1dfb2-3b98-4ef8-9af6-1a26146d3f31,3b0b0e6c-5a36-4b8e-8c1e-0d7c5e2f9a11,130.0,268600000.0,34918000000.0,1667189000.0,33250811000.0,252672000.0,1,7f5b6f7e-1c2d-4a4e-9a51-3a3f1d3c0a01
2d720759-9436-4a68-92a3-185e4cd87d53,2c510bb5-638d-4bff-b8cf-753652ca7323,6b65a6a4-8b81-48f6-b38a-088ca65ed389,3b0b0e6c-5a36-4b8e-8c1e-0d7c5e2f9a11,8.0,337600000.0,2700800000.0,92422000.0,2608378000.0,303322000.0,1,7f5b6f7e-1c2d-4a4e-9a51-3a3f1d3c0a01
8b2e9e0f-f227-426e-84a5-6ffd982716f8,2c510bb5-638d-4bff-b8cf-753652ca7323,6c307511-b2b9-437a-a8df-6ec4ce4a2bbd,3b0b0e6c-5a36-4b8e-8c1e-0d7c5e2f9a11,42.5,331500000.0,14088750000.0,482119000.0,13606631000.0,302042000.0,2,7f5b6f7e-1c2d-4a4e-9a51-3a3f1d3c0a01
1b0e1797-a897-49ab-abdf-12799f7f6bbe,2c510bb5-638d-4bff-b8cf-753652ca7323,371ecd7b-27cd-4130-8722-9389571aa876,3b0b0e6c-5a36-4b8e-8c1e-0d7c5e2f9a11,29.5,331700000.0,9785150000.0,334849000.0,9450301000.0,305244000.0,3,7f5b6f7e-1c2d-4a4e-9a51-3a3f1d3c0a01
2ef56679-e1d2-4ef6-abc1-dc3e687380bb,854f3524-0533-4b4e-aa5a-f45616853d84,972a8469-1641-4f82-8b9d-2434e465e150,3b0b0e6c-5a36-4b8e-8c1e-0d7c5e2f9a11,115.0,326800000.0,37582000000.0,1575892000.0,36006108000.0,261146000.0,1,7f5b6f7e-1c2d-4a4e-9a51-3a3f1d3c0a01
8e14b2ad-306d-4b6d-b51c-c3f9b2552486,bb20dd89-e970-4bd8-a144-f0485f7d30bf,5be6128e-18c2-4797-a142-ea7d17be3111,3b0b0e6c-5a36-4b8e-8c1e-0d7c5e2f9a11,48.5,360500000.0,17484250000.0,695458000.0,16788792000.0,327080000.0,1,7f5b6f7e-1c2d-4a4e-9a51-3a3f1d3c0a01
c3bcb758-49c1-46a2-8376-5c63f42decca,bb20dd89-e970-4bd8-a144-f0485f7d30bf,43b7a3a6-9a8d-4a03-980d-7b71d8f56413,3b0b0e6c-5a36-4b8e-8c1e-0d7c5e2f9a11,20.0,379200000.0,7584000000.0,301663000.0,7282337000.0,340770000.0,2,7f5b6f7e-1c2d-4a4e-9a51-3a3f1d3c0a01
738f1145-a7bf-4637-929b-353f6e85de6d,bb20dd89-e970-4bd8-a144-f0485f7d30bf,1a2a73ed-562b-4f79-8374-59eef50bea63,3b0b0e6c-5a36-4b8e-8c1e-0d7c5e2f9a11,26.5,368300000.0,9759950000.0,388214000.0,9371736000.0,336515000.0,3,7f5b6f7e-1c2d-4a4e-9a51-3a3f1d3c0a01
e5acaed1-bdf2-4bf5-9450-927dd67d8de0,1f0ea331-e0fc-46a8-8282-de9462da4d2d,b74d0fb1-32e7-4629-8fad-c1a606cb0fb3,3b0b0e6c-5a36-4b8e-8c1e-0d7c5e2f9a11,72.5,351600000.0,25491000000.0,738059000.0,24752941000.0,318328000.0,1,7f5b6f7e-1c2d-4a4e-9a51-3a3f1d3c0a01
bfdfb75b-8045-462e-b196-a822a03d5ad4,1f0ea331-e0fc-46a8-8282-de9462da4d2d,c241330b-01a9-471f-9e8a-774bcf36d58b,3b0b0e6c-5a36-4b8e-8c1e-0d7c5e2f9a11,82.5,371000000.0,30607500000.0,886201000.0,29721299000.0,333884000.0,2,7f5b6f7e-1c2d-4a4e-9a51-3a3f1d3c0a01
1f23e25e-fd58-4194-8ae8-6689490ded13,a3a110a8-85ef-4f99-a822-e7bc298b0bc0,47378190-96da-4dac-b2ff-5d2a386ecbe0,3b0b0e6c-5a36-4b8e-8c1e-0d7c5e2f9a11,38.5,412800000.0,15892800000.0,583666000.0,15309134000.0,380640000.0,1,7f5b6f7e-1c2d-4a4e-9a51-3a3f1d3c0a01
77f16a5e-6fc8-4401-bea4-31190303c1b6,a3a110a8-85ef-4f99-a822-e7bc298b0bc0,6b65a6a4-8b81-48f6-b38a-088ca65ed389,3b0b0e6c-5a36-4b8e-8c1e-0d7c5e2f9a11,46.5,410100000.0,19069650000.0,700336000.0,18369314000.0,370758000.0,2,7f5b6f7e-1c2d-4a4e-9a51-3a3f1d3c0a01
848d2f93-c2d4-4630-8f55-aed3a2bcbf35,ebf3e3fb-de8c-4551-b498-f41b3baa4a0e,ddd1dfb2-3b98-4ef8-9af6-1a26146d3f31,3b0b0e6c-5a36-4b8e-8c1e-0d7c5e2f9a11,100.0,322700000.0,32270000000.0,1158790000.0,31111210000.0,302868000.0,1,7f5b6f7e-1c2d-4a4e-9a51-3a3f1d3c0a01
5332282e-30b9-4724-97f0-c989b46c89c8,fb6aaa8d-dc51-41da-99c9-a6cdbc6c36ff,47378190-96da-4dac-b2ff-5d2a386ecbe0,3b0b0e6c-5a36-4b8e-8c1e-0d7c5e2f9a11,60.5,513000000.0,31036500000.0,1325826000.0,29710674000.0,474885000.0,1,7f5b6f7e-1c2d-4a4e-9a51-3a3f1d3c0a01
2e0f763f-e9f8-4fea-9c50-cf3d5e4c43c5,fb6aaa8d-dc51-41da-99c9-a6cdbc6c36ff,6b65a6a4-8b81-48f6-b38a-088ca65ed389,3b0b0e6c-5a36-4b8e-8c1e-0d7c5e2f9a11,39.5,512500000.0,20243750000.0,864778000.0,19378972000.0,459879000.0,2,7f5b6f7e-1c2d-4a4e-9a51-3a3f1d3c0a01
8cbeb611-1858-49fb-976f-173ac355fce6,29dd3267-63aa-4aa1-9cf7-b7003160c28a,23b8c1e9-3924-46de-beb1-3b9046685257,3b0b0e6c-5a36-4b8e-8c1e-0d7c5e2f9a11,470.0,426700000.0,200549000000.0,10175789000.0,190373211000.0,396253000.0,1,7f5b6f7e-1c2d-4a4e-9a51-3a3f1d3c0a01
af657ad3-bf6f-4818-8dc9-73d73a39bb36,fbc188f7-e02f-4bd6-affc-55fbe6842d86,43b7a3a6-9a8d-4a03-980d-7b71d8f56413,3b0b0e6c-5a36-4b8e-8c1e-0d7c5e2f9a11,20.0,353800000.0,7076000000.0,217029000.0,6858971000.0,315888000.0,1,7f5b6f7e-1c2d-4a4e-9a51-3a3f1d3c0a01
4c9d800c-fee6-4fed-90dc-9f01b25d870e,385381c2-5600-4bb7-8178-a56e7d27a883,1a2a73ed-562b-4f79-8374-59eef50bea63,3b0b0e6c-5a36-4b8e-8c1e-0d7c5e2f9a11,3.5,363800000.0,1273300000.0,31218000.0,1242082000.0,330318000.0,1,7f5b6f7e-1c2d-4a4e-9a51-3a3f1d3c0a01
ff9c8c8f-d4c4-45f2-8483-78c58dab50e8,385381c2-5600-4bb7-8178-a56e7d27a883,5be6128e-18c2-4797-a142-ea7d17be3111,3b0b0e6c-5a36-4b8e-8c1e-0d7c5e2f9a11,5.5,353600000.0,1944800000.0,47682000.0,1897118000.0,328468000.0,2,7f5b6f7e-1c2d-4a4e-9a51-3a3f1d3c0a01
191be4de-8681-430e-8125-ddf1ce83b9f8,385381c2-5600-4bb7-8178-a56e7d27a883,43b7a3a6-9a8d-4a03-980d-7b71d8f56413,3b0b0e6c-5a36-4b8e-8c1e-0d7c5e2f9a11,16.0,368400000.0,5894400000.0,144517000.0,5749883000.0,338458000.0,3,7f5b6f7e-1c2d-4a4e-9a51-3a3f1d3c0a01
67d57bed-6726-4d2e-8b85-f65f98a3b051,ff329212-cf02-41da-8abd-ab18fb7e4501,c241330b-01a9-471f-9e8a-774bcf36d58b,3b0b0e6c-5a36-4b8e-8c1e-0d7c5e2f9a11,35.0,477900000.0,16726500000.0,446863000.0,16279637000.0,430599000.0,1,7f5b6f7e-1c2d-4a4e-9a51-3a3f1d3c0a01
29e2fac1-1d63-49ee-8193-c3cae5df6e92,b1f51190-fc12-42ca-917c-d0408af3d512,43b7a3a6-9a8d-4a03-980d-7b71d8f56413,3b0b0e6c-5a36-4b8e-8c1e-0d7c5e2f9a11,25.5,353000000.0,9001500000.0,118481000.0,8883019000.0,322548000.0,1,7f5b6f7e-1c2d-4a4e-9a51-3a3f1d3c0a01
34bf4496-8658-4ea4-8508-0467fe8c4226,b1f51190-fc12-42ca-917c-d0408af3d512,5be6128e-18c2-4797-a142-ea7d17be3111,3b0b0e6c-5a36-4b8e-8c1e-0d7c5e2f9a11,19.5,342400000.0,6676800000.0,87883000.0,6588917000.0,311910000.0,2,7f5b6f7e-1c2d-4a4e-9a51-3a3f1d3c0a01
ad8ea085-a29f-4355-ac23-16ab3d07d672,86236bd6-1ecf-4212-804e-59215d585c85,17fc695a-07a0-4a6e-8822-e8f36c031199,3b0b0e6c-5a36-4b8e-8c1e-0d7c5e2f9a11,41.0,274400000.0,11250400000.0,157838000.0,11092562000.0,258621000.0,1,7f5b6f7e-1c2d-4a4e-9a51-3a3f1d3c0a01
9cd9ad8a-21dc-488b-85c2-3a8583cb1302,86236bd6-1ecf-4212-804e-59215d585c85,972a8469-1641-4f82-8b9d-2434e465e150,3b0b0e6c-5a36-4b8e-8c1e-0d7c5e2f9a11,39.0,273400000.0,10662600000.0,149592000.0,10513008000.0,260398000.0,2,7f5b6f7e-1c2d-4a4e-9a51-3a3f1d3c0a01
8c625e00-ea2d-49e1-bec2-fe8ce71f1855,9a60dbd6-790f-4ffe-a96d-6aea5484e47c,b74d0fb1-32e7-4629-8fad-c1a606cb0fb3,3b0b0e6c-5a36-4b8e-8c1e-0d7c5e2f9a11,15.0,419600000.0,6294000000.0,139678000.0,6154322000.0,372680000.0,1,7f5b6f7e-1c2d-4a4e-9a51-3a3f1d3c0a01
e154d715-811e-4eee-95f2-f980f41e7390,9a60dbd6-790f-4ffe-a96d-6aea5484e47c,6b65a6a4-8b81-48f6-b38a-088ca65ed389,3b0b0e6c-5a36-4b8e-8c1e-0d7c5e2f9a11,10.0,405200000.0,4052000000.0,89923000.0,3962077000.0,363255000.0,2,7f5b6f7e-1c2d-4a4e-9a51-3a3f1d3c0a01
8ad6ce30-5f24-4e02-b3e9-b2fdcfca3477,80c62f1b-edcc-415b-9a8a-e4cf94bd012d,5be6128e-18c2-4797-a142-ea7d17be3111,3b0b0e6c-5a36-4b8e-8c1e-0d7c5e2f9a11,35.0,429200000.0,15022000000.0,263490000.0,14758510000.0,391645000.0,1,7f5b6f7e-1c2d-4a4e-9a51-3a3f1d3c0a01
d9227c05-e3f9-41de-acef-faf8774502d6,44a32bc5-a2c9-4188-9174-5b7a0cd65d01,371ecd7b-27cd-4130-8722-9389571aa876,3b0b0e6c-5a36-4b8e-8c1e-0d7c5e2f9a11,110.0,412900000.0,45419000000.0,945550000.0,44473450000.0,371490000.0,1,7f5b6f7e-1c2d-4a4e-9a51-3a3f1d3c0a01
ddffc8b7-7d88-45e7-a7cc-b9d84a27eb06,3ca7598c-a25c-4226-8f0d-f4a029af1b6a,6b65a6a4-8b81-48f6-b38a-088ca65ed389,3b0b0e6c-5a36-4b8e-8c1e-0d7c5e2f9a11,16.5,404800000.0,6679200000.0,151108000.0,6528092000.0,389882000.0,1,7f5b6f7e-1c2d-4a4e-9a51-3a3f1d3c0a01
4f3c87d0-14da-49d8-880f-5af2ddf91d49,3ca7598c-a25c-4226-8f0d-f4a029af1b6a,371ecd7b-27cd-4130-8722-9389571aa876,3b0b0e6c-5a36-4b8e-8c1e-0d7c5e2f9a11,33.5,406600000.0,13621100000.0,308159000.0,13312941000.0,386862000.0,2,7f5b6f7e-1c2d-4a4e-9a51-3a3f1d3c0a01
c090e81a-833e-4d5f-af7e-a0fec3048d97,af7aa646-c859-4167-bc84-37d3dd685836,9a1de644-815e-46d1-bb8f-aa1837f8a88b,3b0b0e6c-5a36-4b8e-8c1e-0d7c5e2f9a11,7.0,260200000.0,1821400000.0,62149000.0,1759251000.0,238144000.0,1,7f5b6f7e-1c2d-4a4e-9a51-3a3f1d3c0a01
73010bd8-5f14-4054-baf3-ea71f5cdbef6,af7aa646-c859-4167-bc84-37d3dd685836,bd9c66b3-ad3c-4d6d-9a3d-1fa7bc8960a9,3b0b0e6c-5a36-4b8e-8c1e-0d7c5e2f9a11,78.0,272500000.0,21255000000.0,725250000.0,20529750000.0,246934000.0,2,7f5b6f7e-1c2d-4a4e-9a51-3a3f1d3c0a01
f01e1f54-9132-41e8-a93b-89350ab3f3d4,849e81ad-7721-44e1-a5b3-3cceb8dd1699,23b8c1e9-3924-46de-beb1-3b9046685257,3b0b0e6c-5a36-4b8e-8c1e-0d7c5e2f9a11,80.0,288600000.0,23088000000.0,347623000.0,22740377000.0,263857000.0,1,7f5b6f7e-1c2d-4a4e-9a51-3a3f1d3c0a01
94728ce7-3ed1-4c38-a0b6-dba9a92bdc99,8a1cc99c-69e6-4f20-8d82-a9617b14aa1b,972a8469-1641-4f82-8b9d-2434e465e150,3b0b0e6c-5a36-4b8e-8c1e-0d7c5e2f9a11,62.5,335800000.0,20987500000.0,195037000.0,20792463000.0,305558000.0,1,7f5b6f7e-1c2d-4a4e-9a51-3a3f1d3c0a01
80aa5c98-b52f-4a48-92ab-b67ed95d23bf,8a1cc99c-69e6-4f20-8d82-a9617b14aa1b,23b8c1e9-3924-46de-beb1-3b9046685257,3b0b0e6c-5a36-4b8e-8c1e-0d7c5e2f9a11,72.5,340300000.0,24671750000.0,229274000.0,24442476000.0,318554000.0,2,7f5b6f7e-1c2d-4a4e-9a51-3a3f1d3c0a01
45240eb2-fdb5-4772-ac1e-1c8a621cb233,c70a03c5-0cd0-40b7-8748-15cba5ff4254,bd9c66b3-ad3c-4d6d-9a3d-1fa7bc8960a9,3b0b0e6c-5a36-4b8e-8c1e-0d7c5e2f9a11,19.0,361500000.0,6868500000.0,133167000.0,6735333000.0,334824000.0,1,7f5b6f7e-1c2d-4a4e-9a51-3a3f1d3c0a01
c1583e6c-0d0c-45e3-8b6f-04c898bfee75,c70a03c5-0cd0-40b7-8748-15cba5ff4254,bdd640fb-0667-4ad1-9c80-317fa3b1799d,3b0b0e6c-5a36-4b8e-8c1e-0d7c5e2f9a11,16.0,375700000.0,6011200000.0,116546000.0,5894654000.0,348381000.0,2,7f5b6f7e-1c2d-4a4e-9a51-3a3f1d3c0a01
f8f8d2dc-8452-4f04-98ec-00ddec226c90,5ab28242-64aa-4f1b-ac85-00d232294a67,bdd640fb-0667-4ad1-9c80-317fa3b1799d,3b0b0e6c-5a36-4b8e-8c1e-0d7c5e2f9a11,63.0,273000000.0,17199000000.0,855518000.0,16343482000.0,249739000.0,1,7f5b6f7e-1c2d-4a4e-9a51-3a3f1d3c0a01
9c25c700-126d-4fb0-b994-fa6ea3a0ae3e,5ab28242-64aa-4f1b-ac85-00d232294a67,23b8c1e9-3924-46de-beb1-3b9046685257,3b0b0e6c-5a36-4b8e-8c1e-0d7c5e2f9a11,53.5,268300000.0,14354050000.0,714004000.0,13640046000.0,245064000.0,2,7f5b6f7e-1c2d-4a4e-9a51-3a3f1d3c0a01
be57ffed-2bd5-4558-bf03-5377b6a6695a,5ab28242-64aa-4f1b-ac85-00d232294a67,9a1de644-815e-46d1-bb8f-aa1837f8a88b,3b0b0e6c-5a36-4b8e-8c1e-0d7c5e2f9a11,3.5,255100000.0,892850000.0,44412000.0,848438000.0,234030000.0,3,7f5b6f7e-1c2d-4a4e-9a51-3a3f1d3c0a01
62eaa313-2ade-43e5-a35f-7997a23e55ba,ca55e73a-c6b4-4e50-97f8-c158e029d0cf,ddd1dfb2-3b98-4ef8-9af6-1a26146d3f31,3b0b0e6c-5a36-4b8e-8c1e-0d7c5e2f9a11,60.0,264300000.0,15858000000.0,539850000.0,15318150000.0,242050000.0,1,7f5b6f7e-1c2d-4a4e-9a51-3a3f1d3c0a01
1151848f-845b-437d-b67f-888bd47f5503,9d7387db-9f19-4aed-a696-5fef4ac73369,1a2a73ed-562b-4f79-8374-59eef50bea63,3b0b0e6c-5a36-4b8e-8c1e-0d7c5e2f9a11,3.5,336800000.0,1178800000.0,33829000.0,1144971000.0,311540000.0,1,7f5b6f7e-1c2d-4a4e-9a51-3a3f1d3c0a01
af7700aa-4a89-4f6c-91a5-097e6b616cbc,9d7387db-9f19-4aed-a696-5fef4ac73369,5be6128e-18c2-4797-a142-ea7d17be3111,3b0b0e6c-5a36-4b8e-8c1e-0d7c5e2f9a11,14.0,329800000.0,4617200000.0,132505000.0,4484695000.0,305065000.0,2,7f5b6f7e-1c2d-4a4e-9a51-3a3f1d3c0a01
d4dcc738-d3aa-4dc2-8dd1-813a8214e796,9d7387db-9f19-4aed-a696-5fef4ac73369,43b7a3a6-9a8d-4a03-980d-7b71d8f56413,3b0b0e6c-5a36-4b8e-8c1e-0d7c5e2f9a11,12.0,341500000.0,4098000000.0,117605000.0,3980395000.0,315888000.0,3,7f5b6f7e-1c2d-4a4e-9a51-3a3f1d3c0a01
469c857e-9a4e-4e1f-b6f5-eb2dacbb7289,06d4e4f8-804a-4f0e-89ad-94712614542f,6b65a6a4-8b81-48f6-b38a-088ca65ed389,3b0b0e6c-5a36-4b8e-8c1e-0d7c5e2f9a11,37.0,319600000.0,11825200000.0,90084000.0,11735116000.0,285114000.0,1,7f5b6f7e-1c2d-4a4e-9a51-3a3f1d3c0a01
020405a7-3259-4491-9c9a-d2adcbb8b630,06d4e4f8-804a-4f0e-89ad-94712614542f,371ecd7b-27cd-4130-8722-9389571aa876,3b0b0e6c-5a36-4b8e-8c1e-0d7c5e2f9a11,103.0,320100000.0,32970300000.0,251166000.0,32719134000.0,283467000.0,2,7f5b6f7e-1c2d-4a4e-9a51-3a3f1d3c0a01
f3c15a37-722d-4c1c-9072-661b119804d1,256a8757-ff29-48d6-95ea-634f5ce024ec,371ecd7b-27cd-4130-8722-9389571aa876,3b0b0e6c-5a36-4b8e-8c1e-0d7c5e2f9a11,55.0,429600000.0,23628000000.0,643718000.0,22984282000.0,393633000.0,1,7f5b6f7e-1c2d-4a4e-9a51-3a3f1d3c0a01
5040221c-e9b2-4350-839a-cfffbcd5acc5,8dfcdd14-e7ad-42c0-83c4-33039c35f320,b74d0fb1-32e7-4629-8fad-c1a606cb0fb3,3b0b0e6c-5a36-4b8e-8c1e-0d7c5e2f9a11,160.0,449300000.0,71888000000.0,1627636000.0,70260364000.0,407724000.0,1,7f5b6f7e-1c2d-4a4e-9a51-3a3f1d3c0a01
1984d4b9-7751-4883-9ff1-214344c99b3e,b9fd2efd-8b15-43df-8e64-9c30a1873a34,17fc695a-07a0-4a6e-8822-e8f36c031199,3b0b0e6c-5a36-4b8e-8c1e-0d7c5e2f9a11,45.0,358000000.0,16110000000.0,317205000.0,15792795000.0,338750000.0,1,7f5b6f7e-1c2d-4a4e-9a51-3a3f1d3c0a01
07591776-68d0-406d-86a3-376b64ec5366,c18119c2-387b-4259-81f6-ad8dfedc1307,9a1de644-815e-46d1-bb8f-aa1837f8a88b,3b0b0e6c-5a36-4b8e-8c1e-0d7c5e2f9a11,14.5,397600000.0,5765200000.0,68290000.0,5696910000.0,362967000.0,1,7f5b6f7e-1c2d-4a4e-9a51-3a3f1d3c0a01
e082977e-f0ed-41aa-b90e-3e1d6f2cec49,c18119c2-387b-4259-81f6-ad8dfedc1307,bdd640fb-0667-4ad1-9c80-317fa3b1799d,3b0b0e6c-5a36-4b8e-8c1e-0d7c5e2f9a11,39.5,427500000.0,16886250000.0,200022000.0,16686228000.0,385874000.0,2,7f5b6f7e-1c2d-4a4e-9a51-3a3f1d3c0a01
967a4c05-4f67-444d-859a-207286faa687,c18119c2-387b-4259-81f6-ad8dfedc1307,bd9c66b3-ad3c-4d6d-9a3d-1fa7bc8960a9,3b0b0e6c-5a36-4b8e-8c1e-0d7c5e2f9a11,26.0,410600000.0,10675600000.0,126456000.0,10549144000.0,372224000.0,3,7f5b6f7e-1c2d-4a4e-9a51-3a3f1d3c0a01
cdc972e8-7e0d-4fc2-9cf4-d8651451dc10,24505c34-0d3c-4e7e-8910-f7ee3ef040c3,4b0dbb41-8d52-48f1-942c-3fe860e7a113,3b0b0e6c-5a36-4b8e-8c1e-0d7c5e2f9a11,15.5,631800000.0,9792900000.0,295691000.0,9497209000.0,551886000.0,1,7f5b6f7e-1c2d-4a4e-9a51-3a3f1d3c0a01
049337e5-2b72-4dff-a147-5efb0fefad00,24505c34-0d3c-4e7e-8910-f7ee3ef040c3,e2acf72f-9e57-4f7a-a0ee-89aed453dd32,3b0b0e6c-5a36-4b8e-8c1e-0d7c5e2f9a11,4.5,627000000.0,2821500000.0,85194000.0,2736306000.0,548788000.0,2,7f5b6f7e-1c2d-4a4e-9a51-3a3f1d3c0a01
0202bcc6-9e47-4818-bebb-4e4b5a223d71,83ef48fe-4db2-4a9c-80f7-e8531d2999b0,4b0dbb41-8d52-48f1-942c-3fe860e7a113,3b0b0e6c-5a36-4b8e-8c1e-0d7c5e2f9a11,14.0,753600000.0,10550400000.0,308724000.0,10241676000.0,664458000.0,1,7f5b6f7e-1c2d-4a4e-9a51-3a3f1d3c0a01
3e87bac0-1101-4905-b71d-6df5c941b958,83ef48fe-4db2-4a9c-80f7-e8531d2999b0,e2acf72f-9e57-4f7a-a0ee-89aed453dd32,3b0b0e6c-5a36-4b8e-8c1e-0d7c5e2f9a11,36.0,730300000.0,26290800000.0,769317000.0,25521483000.0,654369000.0,2,7f5b6f7e-1c2d-4a4e-9a51-3a3f1d3c0a01
92bbe75a-4a51-4e6e-8874-66c086344dfa,7c93b928-a7ce-49fc-8014-1dc9b8cad814,17fc695a-07a0-4a6e-8822-e8f36c031199,3b0b0e6c-5a36-4b8e-8c1e-0d7c5e2f9a11,60.0,266100000.00000003,15966000000.000002,227480000.0,15738520000.000002,245250000.0,1,7f5b6f7e-1c2d-4a4e-9a51-3a3f1d3c0a01
37fa4491-0934-4253-b1a2-f08694fde7dc,7c93b928-a7ce-49fc-8014-1dc9b8cad814,bd9c66b3-ad3c-4d6d-9a3d-1fa7bc8960a9,3b0b0e6c-5a36-4b8e-8c1e-0d7c5e2f9a11,15.0,264100000.00000003,3961500000.0000005,56443000.0,3905057000.0000005,247775000.0,2,7f5b6f7e-1c2d-4a4e-9a51-3a3f1d3c0a01
40c6dc3f-a384-47e9-870b-81efd1cc50eb,a414e26e-503a-4c05-afc9-e45363b195e3,6c307511-b2b9-437a-a8df-6ec4ce4a2bbd,3b0b0e6c-5a36-4b8e-8c1e-0d7c5e2f9a11,258.0,400400000.0,103303200000.0,2386058000.0,100917142000.0,361242000.0,1,7f5b6f7e-1c2d-4a4e-9a51-3a3f1d3c0a01
32b98065-6e44-4d5d-8a1c-6349864fc725,a414e26e-503a-4c05-afc9-e45363b195e3,47378190-96da-4dac-b2ff-5d2a386ecbe0,3b0b0e6c-5a36-4b8e-8c1e-0d7c5e2f9a11,172.0,416000000.0,71552000000.0,1652681000.0,69899319000.0,371307000.0,2,7f5b6f7e-1c2d-4a4e-9a51-3a3f1d3c0a01
9bfc4aa6-697f-4aa3-803c-63fdbee75902,ba4c6c7e-146b-4081-aedf-965e8cb0d577,bd9c66b3-ad3c-4d6d-9a3d-1fa7bc8960a9,3b0b0e6c-5a36-4b8e-8c1e-0d7c5e2f9a11,390.0,337100000.0,131469000000.0,3369089000.0,128099911000.0,328278000.0,1,7f5b6f7e-1c2d-4a4e-9a51-3a3f1d3c0a01
4a1c1637-109c-4aec-a4e7-a68bce7f3f8c,4160002f-d083-4a5f-8824-3be8e38213b2,fc377a4c-4a15-444d-85e7-ce8a3a578a8e,3b0b0e6c-5a36-4b8e-8c1e-0d7c5e2f9a11,8.5,365900000.0,3110150000.0,72828000.0,3037322000.0,327480000.0,1,7f5b6f7e-1c2d-4a4e-9a51-3a3f1d3c0a01
d3e1f0d5-20bb-46dd-a57a-a126135974a4,4160002f-d083-4a5f-8824-3be8e38213b2,a9488d99-0bbb-4599-91ce-5dd2b45ed1f0,3b0b0e6c-5a36-4b8e-8c1e-0d7c5e2f9a11,16.5,356000000.0,5874000000.0,137547000.0,5736453000.0,318620000.0,2,7f5b6f7e-1c2d-4a4e-9a51-3a3f1d3c0a01
dc29773f-a4f1-4841-9a8f-e7a76ba70c62,22e33951-95de-4b00-b698-91922af47b28,5be6128e-18c2-4797-a142-ea7d17be3111,3b0b0e6c-5a36-4b8e-8c1e-0d7c5e2f9a11,65.0,337200000.0,21918000000.0,611626000.0,21306374000.0,308950000.0,1,7f5b6f7e-1c2d-4a4e-9a51-3a3f1d3c0a01
d2279872-4241-4446-9acb-70987365bc8b,ac46ab9b-4ea8-495d-ba71-3c330b79f176,1a2a73ed-562b-4f79-8374-59eef50bea63,3b0b0e6c-5a36-4b8e-8c1e-0d7c5e2f9a11,230.0,336800000.0,77464000000.0,2690044000.0,74773956000.0,315610000.0,1,7f5b6f7e-1c2d-4a4e-9a51-3a3f1d3c0a01
a21dbb4f-a651-4393-aa65-30264196d2ef,e746a5cb-4221-4548-8a1b-959fb0569ade,e2acf72f-9e57-4f7a-a0ee-89aed453dd32,3b0b0e6c-5a36-4b8e-8c1e-0d7c5e2f9a11,100.0,466200000.0,46620000000.0,1370653000.0,45249347000.0,408958000.0,1,7f5b6f7e-1c2d-4a4e-9a51-3a3f1d3c0a01
1016e26d-fdb4-4637-af96-337c22fec678,d4c3c9ab-4231-4994-bdfb-2c1c7a99c20b,a9488d99-0bbb-4599-91ce-5dd2b45ed1f0,3b0b0e6c-5a36-4b8e-8c1e-0d7c5e2f9a11,60.0,356000000.0,21360000000.0,648715000.0,20711285000.0,318620000.0,1,7f5b6f7e-1c2d-4a4e-9a51-3a3f1d3c0a01
466eb327-8e52-4e5f-bb96-8d1a3b23ced8,a01e5534-2002-48d7-b6d6-8d7c5e6362d3,fc377a4c-4a15-444d-85e7-ce8a3a578a8e,3b0b0e6c-5a36-4b8e-8c1e-0d7c5e2f9a11,80.0,477000000.0,38160000000.0,714360000.0,37445640000.0,428347000.0,1,7f5b6f7e-1c2d-4a4e-9a51-3a3f1d3c0a01
a046433b-bd0f-4882-9e74-571c9965fe7b,435d0a44-15c7-4617-adab-63fb63818e61,b74d0fb1-32e7-4629-8fad-c1a606cb0fb3,3b0b0e6c-5a36-4b8e-8c1e-0d7c5e2f9a11,85.0,412400000.0,35054000000.0,507359000.0,34546641000.0,382104000.0,1,7f5b6f7e-1c2d-4a4e-9a51-3a3f1d3c0a01
36e1df94-a3b2-4ebe-b8f1-3022120441f3,3560a66e-779f-4287-8f5f-cea1ec071441,371ecd7b-27cd-4130-8722-9389571aa876,3b0b0e6c-5a36-4b8e-8c1e-0d7c5e2f9a11,20.0,430200000.0,8604000000.0,133916000.0,8470084000.0,383385000.0,1,7f5b6f7e-1c2d-4a4e-9a51-3a3f1d3c0a01
2f18d04f-0ea4-4071-82eb-543c50308e8c,7fada3ad-a75b-4460-b8f7-b0fb1089a78c,43b7a3a6-9a8d-4a03-980d-7b71d8f56413,3b0b0e6c-5a36-4b8e-8c1e-0d7c5e2f9a11,8.5,465100000.0,3953350000.0,129817000.0,3823533000.0,430032000.0,1,7f5b6f7e-1c2d-4a4e-9a51-3a3f1d3c0a01
817330a2-449b-4c94-afd1-ce08cf2c843c,7fada3ad-a75b-4460-b8f7-b0fb1089a78c,5be6128e-18c2-4797-a142-ea7d17be3111,3b0b0e6c-5a36-4b8e-8c1e-0d7c5e2f9a11,26.5,459700000.0,12182050000.0,400024000.0,11782026000.0,416620000.0,2,7f5b6f7e-1c2d-4a4e-9a51-3a3f1d3c0a01
811ba361-66cb-4068-83e9-50951caa1063,1187e7e8-125b-4386-9eef-b33dc4313570,5be6128e-18c2-4797-a142-ea7d17be3111,3b0b0e6c-5a36-4b8e-8c1e-0d7c5e2f9a11,45.0,441400000.0,19863000000.0,885181000.0,18977819000.0,397010000.0,1,7f5b6f7e-1c2d-4a4e-9a51-3a3f1d3c0a01
bed4edae-4d87-4074-9552-5187d913e4e1,41a12fa6-0b6c-47e7-8208-97950864fd76,9a1de644-815e-46d1-bb8f-aa1837f8a88b,3b0b0e6c-5a36-4b8e-8c1e-0d7c5e2f9a11,90.0,325900000.0,29331000000.0,1256566000.0,28074434000.0,314440000.0,1,7f5b6f7e-1c2d-4a4e-9a51-3a3f1d3c0a01
cafad91c-d7db-4eae-9a43-d5202ec1a5bd,02ff343b-5f25-46d5-a090-5afbdbee73e7,5be6128e-18c2-4797-a142-ea7d17be3111,3b0b0e6c-5a36-4b8e-8c1e-0d7c5e2f9a11,9.0,563300000.0,5069700000.0,281317000.0,4788383000.0,506438000.0,1,7f5b6f7e-1c2d-4a4e-9a51-3a3f1d3c0a01
fbc6476c-2680-4db9-8fba-62e3892691a0,02ff343b-5f25-46d5-a090-5afbdbee73e7,43b7a3a6-9a8d-4a03-980d-7b71d8f56413,3b0b0e6c-5a36-4b8e-8c1e-0d7c5e2f9a11,21.5,584500000.0,12566750000.0,697326000.0,11869424000.0,525770000.0,2,7f5b6f7e-1c2d-4a4e-9a51-3a3f1d3c0a01
431ec2fc-9f81-4a68-8537-10c78ee5e16c,02ff343b-5f25-46d5-a090-5afbdbee73e7,1a2a73ed-562b-4f79-8374-59eef50bea63,3b0b0e6c-5a36-4b8e-8c1e-0d7c5e2f9a11,9.5,572400000.0,5437800000.0,301742000.0,5136058000.0,507918000.0,3,7f5b6f7e-1c2d-4a4e-9a51-3a3f1d3c0a01
3b63bef9-98d0-42db-b5f2-9faecd814e1c,bbda4bda-b718-42be-a827-6f6a7c3d2297,c241330b-01a9-471f-9e8a-774bcf36d58b,3b0b0e6c-5a36-4b8e-8c1e-0d7c5e2f9a11,50.0,470600000.0,23530000000.0,538607000.0,22991393000.0,425566000.0,1,7f5b6f7e-1c2d-4a4e-9a51-3a3f1d3c0a01
7e858a09-b8b5-49f6-b3a7-8725c98db376,539d3c9c-032d-4781-9eb3-be6f399150ce,9a1de644-815e-46d1-bb8f-aa1837f8a88b,3b0b0e6c-5a36-4b8e-8c1e-0d7c5e2f9a11,45.0,388200000.0,17469000000.0,418921000.0,17050079000.0,335572000.0,1,7f5b6f7e-1c2d-4a4e-9a51-3a3f1d3c0a01
38982ed7-3edf-48d1-80bb-03aa98293e3b,bc563eda-7264-478a-94b5-b6b24695e29a,43b7a3a6-9a8d-4a03-980d-7b71d8f56413,3b0b0e6c-5a36-4b8e-8c1e-0d7c5e2f9a11,34.0,560100000.0,19043400000.0,577753000.0,18465647000.0,512358000.0,1,7f5b6f7e-1c2d-4a4e-9a51-3a3f1d3c0a01
a008f03e-bfc8-4e2a-9d77-d2511521fdf0,bc563eda-7264-478a-94b5-b6b24695e29a,5be6128e-18c2-4797-a142-ea7d17be3111,3b0b0e6c-5a36-4b8e-8c1e-0d7c5e2f9a11,11.0,536500000.0,5901500000.0,179044000.0,5722456000.0,491823000.0,2,7f5b6f7e-1c2d-4a4e-9a51-3a3f1d3c0a01
babe2dd2-781f-45f0-be18-4cd38427659a,5f0fedda-be1c-4bb7-bee7-3ce09c8a7ced,ddd1dfb2-3b98-4ef8-9af6-1a26146d3f31,3b0b0e6c-5a36-4b8e-8c1e-0d7c5e2f9a11,155.0,248400000.0,38502000000.0,871574000.0,37630426000.0,233496000.0,1,7f5b6f7e-1c2d-4a4e-9a51-3a3f1d3c0a01
3de91d22-f096-43f4-89da-09c4214a4055,f4ce49c9-726e-4e6f-bd71-3d54092d63b9,bdd640fb-0667-4ad1-9c80-317fa3b1799d,3b0b0e6c-5a36-4b8e-8c1e-0d7c5e2f9a11,28.0,273000000.0,7644000000.0,109913000.0,7534087000.0,249739000.0,1,7f5b6f7e-1c2d-4a4e-9a51-3a3f1d3c0a01
ff0bcde0-ab2b-45ea-88e9-cc0ca913c5e7,f4ce49c9-726e-4e6f-bd71-3d54092d63b9,972a8469-1641-4f82-8b9d-2434e465e150,3b0b0e6c-5a36-4b8e-8c1e-0d7c5e2f9a11,62.0,259700000.0,16101400000.0,231521000.0,15869879000.0,236742000.0,2,7f5b6f7e-1c2d-4a4e-9a51-3a3f1d3c0a01
f915d1eb-2a90-449b-911d-7d364128d57a,47c523c4-95c2-4260-967d-8e18c47a1117,e2acf72f-9e57-4f7a-a0ee-89aed453dd32,3b0b0e6c-5a36-4b8e-8c1e-0d7c5e2f9a11,10.0,586200000.0,5862000000.0,121487000.0,5740513000.0,514362000.0,1,7f5b6f7e-1c2d-4a4e-9a51-3a3f1d3c0a01
9d63ac40-80da-4a68-bd43-19d78ecbeb00,18e59f6c-f31a-41ed-b306-ca83ec69ae53,6b65a6a4-8b81-48f6-b38a-088ca65ed389,3b0b0e6c-5a36-4b8e-8c1e-0d7c5e2f9a11,10.0,329400000.0,3294000000.0,78563000.0,3215437000.0,296552000.0,1,7f5b6f7e-1c2d-4a4e-9a51-3a3f1d3c0a01
51949e9f-c8cc-4567-b732-0c9fca0eefaf,175b9ffe-9a1c-44ce-9441-0597b5688510,371ecd7b-27cd-4130-8722-9389571aa876,3b0b0e6c-5a36-4b8e-8c1e-0d7c5e2f9a11,15.0,440500000.0,6607500000.0,98702000.0,6508798000.0,393084000.0,1,7f5b6f7e-1c2d-4a4e-9a51-3a3f1d3c0a01
b2439afa-b63a-40a6-bd46-1abfc7539397,bb5a82d5-46ab-4ad2-9837-36e266ba6811,47378190-96da-4dac-b2ff-5d2a386ecbe0,3b0b0e6c-5a36-4b8e-8c1e-0d7c5e2f9a11,88.0,548500000.0,48268000000.0,822461000.0,47445539000.0,474794000.0,1,7f5b6f7e-1c2d-4a4e-9a51-3a3f1d3c0a01
511a4210-bf13-4a2c-a4c1-4a1b8873d37d,bb5a82d5-46ab-4ad2-9837-36e266ba6811,6c307511-b2b9-437a-a8df-6ec4ce4a2bbd,3b0b0e6c-5a36-4b8e-8c1e-0d7c5e2f9a11,42.0,521799999.99999994,21915599999.999996,373430000.0,21542169999.999996,464820000.0,2,7f5b6f7e-1c2d-4a4e-9a51-3a3f1d3c0a01
d8529aa9-552f-4ee5-8fc3-7d484bd6ba14,8d62cc29-ec3e-49ad-8637-a9f312665e5d,6c307511-b2b9-437a-a8df-6ec4ce4a2bbd,3b0b0e6c-5a36-4b8e-8c1e-0d7c5e2f9a11,12.0,334400000.0,4012800000.0,75885000.0,3936915000.0,291794000.0,1,7f5b6f7e-1c2d-4a4e-9a51-3a3f1d3c0a01
ae4bbd81-fb5e-43eb-b979-1168b0a8a9ac,8d62cc29-ec3e-49ad-8637-a9f312665e5d,b74d0fb1-32e7-4629-8fad-c1a606cb0fb3,3b0b0e6c-5a36-4b8e-8c1e-0d7c5e2f9a11,18.0,345000000.0,6210000000.0,117436000.0,6092564000.0,307348000.0,2,7f5b6f7e-1c2d-4a4e-9a51-3a3f1d3c0a01
04c7c344-9356-464d-b2e7-6f92d4d9206d,a3528d57-2c0f-4a8e-b352-f4914f845f0e,1a2a73ed-562b-4f79-8374-59eef50bea63,3b0b0e6c-5a36-4b8e-8c1e-0d7c5e2f9a11,50.0,363800000.0,18190000000.0,401226000.0,17788774000.0,330318000.0,1,7f5b6f7e-1c2d-4a4e-9a51-3a3f1d3c0a01
587e110a-5aae-4ea5-9502-85815e48cb06,8549baf0-9dba-41d6-8740-b376b76d295c,a9488d99-0bbb-4599-91ce-5dd2b45ed1f0,3b0b0e6c-5a36-4b8e-8c1e-0d7c5e2f9a11,70.0,450700000.0,31549000000.0,1184930000.0,30364070000.0,345112000.0,1,7f5b6f7e-1c2d-4a4e-9a51-3a3f1d3c0a01
d2a32aa1-0df2-4fa0-8092-c40ac190e0e6,5f876f9d-c9c0-44ce-920e-0da64ce218be,47378190-96da-4dac-b2ff-5d2a386ecbe0,3b0b0e6c-5a36-4b8e-8c1e-0d7c5e2f9a11,9.5,480800000.0,4567600000.0,70591000.0,4497009000.0,410378000.0,1,7f5b6f7e-1c2d-4a4e-9a51-3a3f1d3c0a01
59fdcaf3-6af9-4eb3-816a-78e1b77b360a,5f876f9d-c9c0-44ce-920e-0da64ce218be,6b65a6a4-8b81-48f6-b38a-088ca65ed389,3b0b0e6c-5a36-4b8e-8c1e-0d7c5e2f9a11,21.0,488200000.0,10252200000.0,158446000.0,10093754000.0,408548000.0,2,7f5b6f7e-1c2d-4a4e-9a51-3a3f1d3c0a01
18fbb90c-13d3-4992-a195-370d748bdd23,5f876f9d-c9c0-44ce-920e-0da64ce218be,6c307511-b2b9-437a-a8df-6ec4ce4a2bbd,3b0b0e6c-5a36-4b8e-8c1e-0d7c5e2f9a11,9.5,477700000.0,4538150000.0,70136000.0,4468014000.0,398116000.0,3,7f5b6f7e-1c2d-4a4e-9a51-3a3f1d3c0a01
6a57d7eb-9616-475c-ae76-f47f241c8810,739502ba-ce8e-4608-a0a2-be1823d8b678,a9488d99-0bbb-4599-91ce-5dd2b45ed1f0,3b0b0e6c-5a36-4b8e-8c1e-0d7c5e2f9a11,72.5,371800000.0,26955500000.0,651510000.0,26303990000.0,327391000.0,1,7f5b6f7e-1c2d-4a4e-9a51-3a3f1d3c0a01
bc4eb5ad-22ad-4e78-8f81-e39d634c46ab,739502ba-ce8e-4608-a0a2-be1823d8b678,3139d32c-93cd-49bf-9c94-1cf0dc98d2c1,3b0b0e6c-5a36-4b8e-8c1e-0d7c5e2f9a11,57.5,373400000.0,21470500000.0,518939000.0,20951561000.0,329628000.0,2,7f5b6f7e-1c2d-4a4e-9a51-3a3f1d3c0a01
0737df06-0c09-4ae6-9c9f-f66878af87ca,3d93a8e2-4444-4278-8e78-ec5d8ce30b8f,47378190-96da-4dac-b2ff-5d2a386ecbe0,3b0b0e6c-5a36-4b8e-8c1e-0d7c5e2f9a11,12.0,416000000.0,4992000000.0,174387000.0,4817613000.0,371307000.0,1,7f5b6f7e-1c2d-4a4e-9a51-3a3f1d3c0a01
c9388f60-17f8-4489-bb1f-74f3d8506999,3d93a8e2-4444-4278-8e78-ec5d8ce30b8f,6c307511-b2b9-437a-a8df-6ec4ce4a2bbd,3b0b0e6c-5a36-4b8e-8c1e-0d7c5e2f9a11,18.0,400400000.0,7207200000.0,251772000.0,6955428000.0,361242000.0,2,7f5b6f7e-1c2d-4a4e-9a51-3a3f1d3c0a01
3d2ee00b-1504-439e-9cbb-d96ee13747b2,4e4cd532-ffa9-4696-85bd-1336e5807900,9a1de644-815e-46d1-bb8f-aa1837f8a88b,3b0b0e6c-5a36-4b8e-8c1e-0d7c5e2f9a11,70.0,333000000.0,23310000000.0,587562000.0,22722438000.0,304716000.0,1,7f5b6f7e-1c2d-4a4e-9a51-3a3f1d3c0a01
c3e49311-972b-40fe-86ea-33c1d2925870,3aa6ace5-f387-4650-8a34-fdcd66fd1f3b,9a1de644-815e-46d1-bb8f-aa1837f8a88b,3b0b0e6c-5a36-4b8e-8c1e-0d7c5e2f9a11,155.0,255100000.0,39540500000.0,1557671000.0,37982829000.0,234030000.0,1,7f5b6f7e-1c2d-4a4e-9a51-3a3f1d3c0a01
b277fc78-f639-44df-8153-f920e847486c,de4e5667-6a94-41ad-af6f-78ec340c9a89,43b7a3a6-9a8d-4a03-980d-7b71d8f56413,3b0b0e6c-5a36-4b8e-8c1e-0d7c5e2f9a11,65.0,374000000.0,24310000000.0,755189000.0,23554811000.0,326525000.0,1,7f5b6f7e-1c2d-4a4e-9a51-3a3f1d3c0a01
50c98b7e-36d1-4145-8695-3fe9ca4a8558,41b7bacf-c9df-49f4-86e6-cb202aa433be,9a1de644-815e-46d1-bb8f-aa1837f8a88b,3b0b0e6c-5a36-4b8e-8c1e-0d7c5e2f9a11,170.0,260200000.0,44234000000.0,976034000.0,43257966000.0,238144000.0,1,7f5b6f7e-1c2d-4a4e-9a51-3a3f1d3c0a01
358c5028-d1a7-456f-b202-d5f27aca3995,6694021e-4620-49ac-b9e9-2b01d9eb3fae,6b65a6a4-8b81-48f6-b38a-088ca65ed389,3b0b0e6c-5a36-4b8e-8c1e-0d7c5e2f9a11,140.0,331500000.0,46410000000.0,762265000.0,45647735000.0,311649000.0,1,7f5b6f7e-1c2d-4a4e-9a51-3a3f1d3c0a01
8a1ef4b8-96c6-4c74-b9fd-7aed7cea8a25,9a6145fd-90e6-4952-8f69-e5b041f2f735,ddd1dfb2-3b98-4ef8-9af6-1a26146d3f31,3b0b0e6c-5a36-4b8e-8c1e-0d7c5e2f9a11,280.0,341600000.0,95648000000.0,3985351000.0,91662649000.0,308978000.0,1,7f5b6f7e-1c2d-4a4e-9a51-3a3f1d3c0a01
e47a203d-058f-4c4a-aa1f-972486f1d611,ac3a8025-e0ea-4991-a685-704541d46ace,1a2a73ed-562b-4f79-8374-59eef50bea63,3b0b0e6c-5a36-4b8e-8c1e-0d7c5e2f9a11,79.0,435900000.0,34436100000.0,503800000.0,33932300000.0,400525000.0,1,7f5b6f7e-1c2d-4a4e-9a51-3a3f1d3c0a01
5411a7fd-adf8-4240-9170-ec286e760670,ac3a8025-e0ea-4991-a685-704541d46ace,5be6128e-18c2-4797-a142-ea7d17be3111,3b0b0e6c-5a36-4b8e-8c1e-0d7c5e2f9a11,121.0,430400000.0,52078400000.0,761907000.0,51316493000.0,396640000.0,2,7f5b6f7e-1c2d-4a4e-9a51-3a3f1d3c0a01
52b735f3-79f6-46a3-bf2e-2896da7fb8aa,2b7801e1-8afc-4b64-9243-c604fef87466,bdd640fb-0667-4ad1-9c80-317fa3b1799d,3b0b0e6c-5a36-4b8e-8c1e-0d7c5e2f9a11,16.0,348700000.0,5579200000.0,130800000.0,5448400000.0,328278000.0,1,7f5b6f7e-1c2d-4a4e-9a51-3a3f1d3c0a01
eee3f595-b042-4e11-8ba6-6d13c5f385a2,2b7801e1-8afc-4b64-9243-c604fef87466,17fc695a-07a0-4a6e-8822-e8f36c031199,3b0b0e6c-5a36-4b8e-8c1e-0d7c5e2f9a11,45.0,337600000.0,15192000000.0,356164000.0,14835836000.0,314721000.0,2,7f5b6f7e-1c2d-4a4e-9a51-3a3f1d3c0a01
f6f9b93e-0ad2-4e8c-acb0-5f9037945052,2b7801e1-8afc-4b64-9243-c604fef87466,972a8469-1641-4f82-8b9d-2434e465e150,3b0b0e6c-5a36-4b8e-8c1e-0d7c5e2f9a11,29.0,332400000.0,9639600000.0,225992000.0,9413608000.0,313225000.0,3,7f5b6f7e-1c2d-4a4e-9a51-3a3f1d3c0a01
e8754664-2a2b-47ef-b5b9-4eb143cdb30e,bd927420-663f-4594-bf18-10eae03e7299,1a2a73ed-562b-4f79-8374-59eef50bea63,3b0b0e6c-5a36-4b8e-8c1e-0d7c5e2f9a11,64.0,435900000.0,27897600000.0,282166000.0,27615434000.0,400525000.0,1,7f5b6f7e-1c2d-4a4e-9a51-3a3f1d3c0a01
6f23bac1-dc2f-4abd-bab8-848437a01013,bd927420-663f-4594-bf18-10eae03e7299,5be6128e-18c2-4797-a142-ea7d17be3111,3b0b0e6c-5a36-4b8e-8c1e-0d7c5e2f9a11,40.5,430400000.0,17431200000.0,176305000.0,17254895000.0,396640000.0,2,7f5b6f7e-1c2d-4a4e-9a51-3a3f1d3c0a01
b8bd5bb5-153f-4c4a-a455-4ae0ec4da412,bd927420-663f-4594-bf18-10eae03e7299,43b7a3a6-9a8d-4a03-980d-7b71d8f56413,3b0b0e6c-5a36-4b8e-8c1e-0d7c5e2f9a11,100.5,447200000.0,44943600000.0,454576000.0,44489024000.0,413845000.0,3,7f5b6f7e-1c2d-4a4e-9a51-3a3f1d3c0a01
d6c4f317-baa4-4321-8a5a-e6cac953a1b2,b72e6546-ae16-4497-b334-6439cb72fe95,a9488d99-0bbb-4599-91ce-5dd2b45ed1f0,3b0b0e6c-5a36-4b8e-8c1e-0d7c5e2f9a11,230.0,466500000.0,107295000000.0,2989958000.0,104305042000.0,416444000.0,1,7f5b6f7e-1c2d-4a4e-9a51-3a3f1d3c0a01
18bf17f7-7345-4485-9cfc-f31999e844f1,8d53cea1-40e5-4868-a17a-30898df9616b,b74d0fb1-32e7-4629-8fad-c1a606cb0fb3,3b0b0e6c-5a36-4b8e-8c1e-0d7c5e2f9a11,220.0,512299999.99999994,112705999999.99998,4496202000.0,108209797999.99998,449082000.0,1,7f5b6f7e-1c2d-4a4e-9a51-3a3f1d3c0a01
2b7382fb-65f3-4262-8e88-93dbf5b376c8,f1ca21d6-5122-4550-85eb-1114c415cb82,972a8469-1641-4f82-8b9d-2434e465e150,3b0b0e6c-5a36-4b8e-8c1e-0d7c5e2f9a11,125.0,411200000.0,51400000000.0,1952385000.0,49447615000.0,369138000.0,1,7f5b6f7e-1c2d-4a4e-9a51-3a3f1d3c0a01
0c9c2c96-924f-4a61-95ef-565d5e47aca5,93c6a4b4-1acc-42be-b92a-53a0fdf71d0d,972a8469-1641-4f82-8b9d-2434e465e150,3b0b0e6c-5a36-4b8e-8c1e-0d7c5e2f9a11,150.0,424400000.0,63660000000.0,1425889000.0,62234111000.0,389147000.0,1,7f5b6f7e-1c2d-4a4e-9a51-3a3f1d3c0a01
a193d6cc-1e0f-40aa-b02b-e422b1b2f60e,c1d812f9-a7ee-45b5-bf89-089cbc098b6c,bd9c66b3-ad3c-4d6d-9a3d-1fa7bc8960a9,3b0b0e6c-5a36-4b8e-8c1e-0d7c5e2f9a11,2.5,424200000.0,1060500000.0,25558000.0,1034942000.0,392326000.0,1,7f5b6f7e-1c2d-4a4e-9a51-3a3f1d3c0a01
5d50513a-ab28-430c-a1ff-b073061f88f5,c1d812f9-a7ee-45b5-bf89-089cbc098b6c,17fc695a-07a0-4a6e-8822-e8f36c031199,3b0b0e6c-5a36-4b8e-8c1e-0d7c5e2f9a11,2.5,423300000.0,1058250000.0,25504000.0,1032746000.0,392606000.0,2,7f5b6f7e-1c2d-4a4e-9a51-3a3f1d3c0a01
7d28c84d-7b0b-4304-a0b3-da312a02bc24,c1d812f9-a7ee-45b5-bf89-089cbc098b6c,23b8c1e9-3924-46de-beb1-3b9046685257,3b0b0e6c-5a36-4b8e-8c1e-0d7c5e2f9a11,90.0,431400000.0,38826000000.0,935697000.0,37890303000.0,398964000.0,3,7f5b6f7e-1c2d-4a4e-9a51-3a3f1d3c0a01
3f68f7cb-5c00-4bc0-80db-070f695ca56f,b8158943-221a-4339-a851-00e85ea30fd7,759cde66-bacf-43d0-8b1f-9163ce9ff57f,3b0b0e6c-5a36-4b8e-8c1e-0d7c5e2f9a11,55.0,403300000.0,22181500000.0,208783000.0,21972717000.0,361910000.0,1,7f5b6f7e-1c2d-4a4e-9a51-3a3f1d3c0a01
3fe8284a-3a27-4096-92c9-528c819c85ef,bcf11f55-135b-41e5-b543-0fad9025863a,759cde66-bacf-43d0-8b1f-9163ce9ff57f,3b0b0e6c-5a36-4b8e-8c1e-0d7c5e2f9a11,7.0,425100000.0,2975700000.0,45804000.0,2929896000.0,383992000.0,1,7f5b6f7e-1c2d-4a4e-9a51-3a3f1d3c0a01
7071c467-42a2-407b-99e2-0fd01ff7cd45,bcf11f55-135b-41e5-b543-0fad9025863a,ec1b8ca1-f91e-4d4c-9ff4-9b7889463e85,3b0b0e6c-5a36-4b8e-8c1e-0d7c5e2f9a11,23.0,417100000.0,9593300000.0,147666000.0,9445634000.0,374218000.0,2,7f5b6f7e-1c2d-4a4e-9a51-3a3f1d3c0a01
abbf6bcb-9b3a-436d-9a80-616b1daec8ca,85a35ae6-a260-40dc-8d84-8cca91a91a5d,e2acf72f-9e57-4f7a-a0ee-89aed453dd32,3b0b0e6c-5a36-4b8e-8c1e-0d7c5e2f9a11,16.0,603800000.0,9660800000.0,232802000.0,9427998000.0,520026000.0,1,7f5b6f7e-1c2d-4a4e-9a51-3a3f1d3c0a01
26b8e133-3002-4d7f-a56c-dd1a77b2eed8,85a35ae6-a260-40dc-8d84-8cca91a91a5d,4b0dbb41-8d52-48f1-942c-3fe860e7a113,3b0b0e6c-5a36-4b8e-8c1e-0d7c5e2f9a11,19.0,618400000.0,11749600000.0,283136000.0,11466464000.0,530646000.0,2,7f5b6f7e-1c2d-4a4e-9a51-3a3f1d3c0a01
db988cc0-714c-4d4c-8e41-3aab989ccb89,cec8f29d-055c-4393-bf87-c6edd1acf021,1a2a73ed-562b-4f79-8374-59eef50bea63,3b0b0e6c-5a36-4b8e-8c1e-0d7c5e2f9a11,25.0,452700000.0,11317500000.0,150060000.0,11167440000.0,403208000.0,1,7f5b6f7e-1c2d-4a4e-9a51-3a3f1d3c0a01
8f0afd5c-eb9c-4cab-b5b0-86dd523b98a3,3d3fa494-41dc-44a3-8d9c-ca68fcea17b1,759cde66-bacf-43d0-8b1f-9163ce9ff57f,3b0b0e6c-5a36-4b8e-8c1e-0d7c5e2f9a11,15.5,540900000.0,8383950000.0,114621000.0,8269329000.0,482184000.0,1,7f5b6f7e-1c2d-4a4e-9a51-3a3f1d3c0a01
a9eeba94-7e3b-4cdc-9b0f-df9c4bf15be3,3d3fa494-41dc-44a3-8d9c-ca68fcea17b1,ec1b8ca1-f91e-4d4c-9ff4-9b7889463e85,3b0b0e6c-5a36-4b8e-8c1e-0d7c5e2f9a11,14.5,534299999.99999994,7747349999.999999,105918000.0,7641431999.999999,468338000.0,2,7f5b6f7e-1c2d-4a4e-9a51-3a3f1d3c0a01
68aa5bcd-5614-4418-83d8-23b46100b482,7a591d00-6509-464e-938b-c65362f8c130,e2acf72f-9e57-4f7a-a0ee-89aed453dd32,3b0b0e6c-5a36-4b8e-8c1e-0d7c5e2f9a11,35.0,620100000.0,21703500000.0,282175000.0,21421325000.0,529672000.0,1,7f5b6f7e-1c2d-4a4e-9a51-3a3f1d3c0a01
2e4a13df-3555-4737-8531-53c5cb856336,6c307f72-a345-4a46-8d3b-6a33d954dd8d,ec1b8ca1-f91e-4d4c-9ff4-9b7889463e85,3b0b0e6c-5a36-4b8e-8c1e-0d7c5e2f9a11,20.0,597800000.0,11956000000.0,306537000.0,11649463000.0,497750000.0,1,7f5b6f7e-1c2d-4a4e-9a51-3a3f1d3c0a01
e66e7d74-9094-43aa-a0b0-ca732dc8ef6d,bfe37ce7-0569-4c96-8a1b-a71ae71c5025,5be6128e-18c2-4797-a142-ea7d17be3111,3b0b0e6c-5a36-4b8e-8c1e-0d7c5e2f9a11,15.5,353600000.0,5480800000.0,91745000.0,5389055000.0,328468000.0,1,7f5b6f7e-1c2d-4a4e-9a51-3a3f1d3c0a01
de5151e2-ff37-4920-8d4e-1f238301446c,bfe37ce7-0569-4c96-8a1b-a71ae71c5025,1a2a73ed-562b-4f79-8374-59eef50bea63,3b0b0e6c-5a36-4b8e-8c1e-0d7c5e2f9a11,26.5,363800000.0,9640700000.0,161378000.0,9479322000.0,330318000.0,2,7f5b6f7e-1c2d-4a4e-9a51-3a3f1d3c0a01
e5776234-53fa-4655-a967-3e8499c87f99,bfe37ce7-0569-4c96-8a1b-a71ae71c5025,43b7a3a6-9a8d-4a03-980d-7b71d8f56413,3b0b0e6c-5a36-4b8e-8c1e-0d7c5e2f9a11,33.0,368400000.0,12157200000.0,203503000.0,11953697000.0,338458000.0,3,7f5b6f7e-1c2d-4a4e-9a51-3a3f1d3c0a01
cbac0ec1-8bf0-4fa5-9aff-d3d2e3b21de6,397f4c10-abcb-44da-993f-4e9a646b0bdf,47378190-96da-4dac-b2ff-5d2a386ecbe0,3b0b0e6c-5a36-4b8e-8c1e-0d7c5e2f9a11,20.0,412800000.0,8256000000.0,139282000.0,8116718000.0,380640000.0,1,7f5b6f7e-1c2d-4a4e-9a51-3a3f1d3c0a01
7a6d79ee-07a4-45bb-80bb-30780e19b3e0,0e1eb723-3f0f-4d8a-8965-1f2108bcebb7,43b7a3a6-9a8d-4a03-980d-7b71d8f56413,3b0b0e6c-5a36-4b8e-8c1e-0d7c5e2f9a11,37.5,447200000.0,16770000000.0,264842000.0,16505158000.0,413845000.0,1,7f5b6f7e-1c2d-4a4e-9a51-3a3f1d3c0a01
f35b5ed6-3db8-4b47-9c00-393ad551d029,0e1eb723-3f0f-4d8a-8965-1f2108bcebb7,5be6128e-18c2-4797-a142-ea7d17be3111,3b0b0e6c-5a36-4b8e-8c1e-0d7c5e2f9a11,67.5,430400000.0,29052000000.0,458807000.0,28593193000.0,396640000.0,2,7f5b6f7e-1c2d-4a4e-9a51-3a3f1d3c0a01
859a2d0a-f335-4bd8-8acf-babe8b2f4c22,74ab6a30-d0a6-41e1-bd93-329c211c7475,47378190-96da-4dac-b2ff-5d2a386ecbe0,3b0b0e6c-5a36-4b8e-8c1e-0d7c5e2f9a11,40.0,433800000.0,17352000000.0,324828000.0,17027172000.0,386130000.0,1,7f5b6f7e-1c2d-4a4e-9a51-3a3f1d3c0a01
093a982d-a460-458c-a202-dc96b5b9d21e,9ac50d4f-93ba-4473-92b7-f1ac383f483b,6b65a6a4-8b81-48f6-b38a-088ca65ed389,3b0b0e6c-5a36-4b8e-8c1e-0d7c5e2f9a11,65.0,512500000.0,33312500000.0,1113277000.0,32199223000.0,459879000.0,1,7f5b6f7e-1c2d-4a4e-9a51-3a3f1d3c0a01
19960a42-9f5b-4477-914e-83b418d6a9b2,3e01b3a9-f91a-46ef-bbfa-3c31ae7934ab,3139d32c-93cd-49bf-9c94-1cf0dc98d2c1,3b0b0e6c-5a36-4b8e-8c1e-0d7c5e2f9a11,11.0,617400000.0,6791400000.0,196420000.0,6594980000.0,525723000.0,1,7f5b6f7e-1c2d-4a4e-9a51-3a3f1d3c0a01
96fdb439-ac16-4a9a-b060-5b70b41f01b0,3e01b3a9-f91a-46ef-bbfa-3c31ae7934ab,fc377a4c-4a15-444d-85e7-ce8a3a578a8e,3b0b0e6c-5a36-4b8e-8c1e-0d7c5e2f9a11,6.5,626000000.0,4069000000.0,117683000.0,3951317000.0,541117000.0,2,7f5b6f7e-1c2d-4a4e-9a51-3a3f1d3c0a01
712b1fa0-f7b4-4a95-a842-01f4baaa5251,3e01b3a9-f91a-46ef-bbfa-3c31ae7934ab,a9488d99-0bbb-4599-91ce-5dd2b45ed1f0,3b0b0e6c-5a36-4b8e-8c1e-0d7c5e2f9a11,42.5,599200000.0,25466000000.0,736524000.0,24729476000.0,524380000.0,3,7f5b6f7e-1c2d-4a4e-9a51-3a3f1d3c0a01
7f8b3ef7-8dd0-4257-b04e-9214e4558dba,8c7df382-3942-47c9-9c8e-c4fff00c870c,bdd640fb-0667-4ad1-9c80-317fa3b1799d,3b0b0e6c-5a36-4b8e-8c1e-0d7c5e2f9a11,95.0,283600000.0,26942000000.0,561005000.0,26380995000.0,258528000.0,1,7f5b6f7e-1c2d-4a4e-9a51-3a3f1d3c0a01
4a4348e3-d4e5-4bb1-b9eb-31a3b3ab4a37,f1c6ba9a-8043-4c9a-82a6-b53031d972c2,23b8c1e9-3924-46de-beb1-3b9046685257,3b0b0e6c-5a36-4b8e-8c1e-0d7c5e2f9a11,25.0,348000000.0,8700000000.0,196413000.0,8503587000.0,318180000.0,1,7f5b6f7e-1c2d-4a4e-9a51-3a3f1d3c0a01
855480c7-3f0c-4685-a4ae-6aaf3abb083a,1992d51a-f433-4073-bbd7-3bdc0e2abaca,bd9c66b3-ad3c-4d6d-9a3d-1fa7bc8960a9,3b0b0e6c-5a36-4b8e-8c1e-0d7c5e2f9a11,52.5,358100000.0,18800250000.0,265579000.0,18534671000.0,327156000.0,1,7f5b6f7e-1c2d-4a4e-9a51-3a3f1d3c0a01
cdaa90f3-a94f-4403-b943-6bdb305f5a47,1992d51a-f433-4073-bbd7-3bdc0e2abaca,23b8c1e9-3924-46de-beb1-3b9046685257,3b0b0e6c-5a36-4b8e-8c1e-0d7c5e2f9a11,72.5,364400000.0,26419000000.0,373205000.0,26045795000.0,332486000.0,2,7f5b6f7e-1c2d-4a4e-9a51-3a3f1d3c0a01
a6965636-c44c-4103-a6a6-726a5cc7ef7c,93ac351c-49af-4035-a457-57e9602c077f,bd9c66b3-ad3c-4d6d-9a3d-1fa7bc8960a9,3b0b0e6c-5a36-4b8e-8c1e-0d7c5e2f9a11,13.5,410600000.0,5543100000.0,160489000.0,5382611000.0,372224000.0,1,7f5b6f7e-1c2d-4a4e-9a51-3a3f1d3c0a01
62960882-15c8-4746-a0ec-cdae7f0805a8,93ac351c-49af-4035-a457-57e9602c077f,972a8469-1641-4f82-8b9d-2434e465e150,3b0b0e6c-5a36-4b8e-8c1e-0d7c5e2f9a11,11.5,411200000.0,4728800000.0,136912000.0,4591888000.0,369138000.0,2,7f5b6f7e-1c2d-4a4e-9a51-3a3f1d3c0a01
c212bcb6-93ff-499c-94c5-3746009b8403,7a7d13cc-d712-4ff2-9cac-4145c96cf14e,43b7a3a6-9a8d-4a03-980d-7b71d8f56413,3b0b0e6c-5a36-4b8e-8c1e-0d7c5e2f9a11,6.5,560100000.0,3640650000.0,58038000.0,3582612000.0,512358000.0,1,7f5b6f7e-1c2d-4a4e-9a51-3a3f1d3c0a01
c6bcda73-bfff-4297-bfa3-3ac91aceb351,7a7d13cc-d712-4ff2-9cac-4145c96cf14e,5be6128e-18c2-4797-a142-ea7d17be3111,3b0b0e6c-5a36-4b8e-8c1e-0d7c5e2f9a11,3.5,536500000.0,1877750000.0,29934000.0,1847816000.0,491823000.0,2,7f5b6f7e-1c2d-4a4e-9a51-3a3f1d3c0a01
7ce19b3b-a22e-473c-80f5-2c0079afcbf0,7a7d13cc-d712-4ff2-9cac-4145c96cf14e,1a2a73ed-562b-4f79-8374-59eef50bea63,3b0b0e6c-5a36-4b8e-8c1e-0d7c5e2f9a11,4.5,537300000.0,2417850000.0,38545000.0,2379305000.0,503940000.0,3,7f5b6f7e-1c2d-4a4e-9a51-3a3f1d3c0a01
e84e3e46-932a-45bf-a453-474612113363,beb86451-8228-4b09-870e-27d8ded3c172,ec1b8ca1-f91e-4d4c-9ff4-9b7889463e85,3b0b0e6c-5a36-4b8e-8c1e-0d7c5e2f9a11,134.5,398100000.0,53544450000.0,1579867000.0,51964583000.0,354941000.0,1,7f5b6f7e-1c2d-4a4e-9a51-3a3f1d3c0a01
4fcfb685-19a1-462d-ba26-1f7c569de3da,beb86451-8228-4b09-870e-27d8ded3c172,759cde66-bacf-43d0-8b1f-9163ce9ff57f,3b0b0e6c-5a36-4b8e-8c1e-0d7c5e2f9a11,80.5,403300000.0,32465650000.0,957922000.0,31507728000.0,361910000.0,2,7f5b6f7e-1c2d-4a4e-9a51-3a3f1d3c0a01
1c050631-6f63-4ef9-a633-cba57837891a,3a1aa04f-5b17-4d76-8d77-c58ce4d93606,b74d0fb1-32e7-4629-8fad-c1a606cb0fb3,3b0b0e6c-5a36-4b8e-8c1e-0d7c5e2f9a11,29.5,335900000.0,9909050000.0,329683000.0,9579367000.0,302682000.0,1,7f5b6f7e-1c2d-4a4e-9a51-3a3f1d3c0a01
da903097-8ed6-445c-9bc8-872441878a14,3a1aa04f-5b17-4d76-8d77-c58ce4d93606,6b65a6a4-8b81-48f6-b38a-088ca65ed389,3b0b0e6c-5a36-4b8e-8c1e-0d7c5e2f9a11,65.5,329400000.0,21575700000.0,717842000.0,20857858000.0,296552000.0,2,7f5b6f7e-1c2d-4a4e-9a51-3a3f1d3c0a01
823ce196-4ddd-469e-bbfd-fdcd446ea4a1,454fa243-9d4c-4ee0-84ac-6e472e7d979e,6c307511-b2b9-437a-a8df-6ec4ce4a2bbd,3b0b0e6c-5a36-4b8e-8c1e-0d7c5e2f9a11,115.0,318900000.0,36673500000.0,815251000.0,35858249000.0,284931000.0,1,7f5b6f7e-1c2d-4a4e-9a51-3a3f1d3c0a01
e51bffb5-954b-4180-a880-fb7e6aa1d01c,a0a66538-3000-4791-a78f-9f4d22b8ad4f,ddd1dfb2-3b98-4ef8-9af6-1a26146d3f31,3b0b0e6c-5a36-4b8e-8c1e-0d7c5e2f9a11,145.0,268800000.0,38976000000.0,780364000.0,38195636000.0,248442000.0,1,7f5b6f7e-1c2d-4a4e-9a51-3a3f1d3c0a01
4554b93f-97fa-4eb7-9fad-bf644afd1cec,3f18e281-0d43-4095-ae53-8cc2cc1afaef,23b8c1e9-3924-46de-beb1-3b9046685257,3b0b0e6c-5a36-4b8e-8c1e-0d7c5e2f9a11,6.0,273200000.0,1639200000.0,50739000.0,1588461000.0,252918000.0,1,7f5b6f7e-1c2d-4a4e-9a51-3a3f1d3c0a01
ccaad168-c53e-4ee9-b67e-7712632a80f6,3f18e281-0d43-4095-ae53-8cc2cc1afaef,17fc695a-07a0-4a6e-8822-e8f36c031199,3b0b0e6c-5a36-4b8e-8c1e-0d7c5e2f9a11,16.0,267500000.0,4280000000.0,132482000.0,4147518000.0,248804000.0,2,7f5b6f7e-1c2d-4a4e-9a51-3a3f1d3c0a01
cd20063c-21e0-40e7-bc2c-17ff0a943503,3f18e281-0d43-4095-ae53-8cc2cc1afaef,bd9c66b3-ad3c-4d6d-9a3d-1fa7bc8960a9,3b0b0e6c-5a36-4b8e-8c1e-0d7c5e2f9a11,13.0,272500000.0,3542500000.0,109653000.0,3432847000.0,246934000.0,3,7f5b6f7e-1c2d-4a4e-9a51-3a3f1d3c0a01
ac0aedf0-7e56-418f-81f9-a00e9e20223d,b4d10663-bae6-4ed3-8219-a73e98c33391,17fc695a-07a0-4a6e-8822-e8f36c031199,3b0b0e6c-5a36-4b8e-8c1e-0d7c5e2f9a11,320.0,257700000.0,82464000000.0,2386358000.0,80077642000.0,240950000.0,1,7f5b6f7e-1c2d-4a4e-9a51-3a3f1d3c0a01
5e72801f-8e55-4e00-8da5-1c94f582c681,e487d6b7-3ea0-45a6-8557-0f500928a253,17fc695a-07a0-4a6e-8822-e8f36c031199,3b0b0e6c-5a36-4b8e-8c1e-0d7c5e2f9a11,46.5,276600000.0,12861900000.0,331797000.0,12530103000.0,250112000.0,1,7f5b6f7e-1c2d-4a4e-9a51-3a3f1d3c0a01
746d4c2b-42d4-4987-911a-7e6dbd2ab63e,e487d6b7-3ea0-45a6-8557-0f500928a253,23b8c1e9-3924-46de-beb1-3b9046685257,3b0b0e6c-5a36-4b8e-8c1e-0d7c5e2f9a11,133.5,283800000.0,37887300000.0,977374000.0,36909926000.0,255442000.0,2,7f5b6f7e-1c2d-4a4e-9a51-3a3f1d3c0a01
daa166a4-1581-467f-8872-432f1490a365,e03589c1-c09d-4c14-86a2-c50b18c13837,bd9c66b3-ad3c-4d6d-9a3d-1fa7bc8960a9,3b0b0e6c-5a36-4b8e-8c1e-0d7c5e2f9a11,42.0,283300000.0,11898600000.0,301731000.0,11596869000.0,262081000.0,1,7f5b6f7e-1c2d-4a4e-9a51-3a3f1d3c0a01
0925edc4-411d-4e18-bb9d-e992ede6c221,e03589c1-c09d-4c14-86a2-c50b18c13837,9a1de644-815e-46d1-bb8f-aa1837f8a88b,3b0b0e6c-5a36-4b8e-8c1e-0d7c5e2f9a11,73.0,276200000.0,20162600000.0,511293000.0,19651307000.0,256658000.0,2,7f5b6f7e-1c2d-4a4e-9a51-3a3f1d3c0a01
ec97da7a-7dc5-406a-9e73-4f5da8883cbf,7c6392b5-4527-4e4a-9703-e9ec0d5e8256,17fc695a-07a0-4a6e-8822-e8f36c031199,3b0b0e6c-5a36-4b8e-8c1e-0d7c5e2f9a11,130.0,334200000.0,43446000000.0,1258094000.0,42187906000.0,309111000.0,1,7f5b6f7e-1c2d-4a4e-9a51-3a3f1d3c0a01
188617f3-bde4-484e-9080-a46e6edada7c,b169b249-e792-4a73-a517-95e0cc46748b,972a8469-1641-4f82-8b9d-2434e465e150,3b0b0e6c-5a36-4b8e-8c1e-0d7c5e2f9a11,110.0,264700000.0,29117000000.0,909333000.0,28207667000.0,242820000.0,1,7f5b6f7e-1c2d-4a4e-9a51-3a3f1d3c0a01
c6ff34b0-6efa-4370-b6c7-015c4dcbfacc,3b0e1340-c92d-472a-9141-4acf9d2d4e00,bdd640fb-0667-4ad1-9c80-317fa3b1799d,3b0b0e6c-5a36-4b8e-8c1e-0d7c5e2f9a11,5.0,348200000.0,1741000000.0,35375000.0,1705625000.0,320705000.0,1,7f5b6f7e-1c2d-4a4e-9a51-3a3f1d3c0a01
cbdfca92-0f0f-4f9f-988d-d0874ce3dd9d,3b0e1340-c92d-472a-9141-4acf9d2d4e00,17fc695a-07a0-4a6e-8822-e8f36c031199,3b0b0e6c-5a36-4b8e-8c1e-0d7c5e2f9a11,25.0,334200000.0,8355000000.0,169763000.0,8185237000.0,309111000.0,2,7f5b6f7e-1c2d-4a4e-9a51-3a3f1d3c0a01
537361bf-03f4-4476-85cb-9611b7243b2a,4e850061-ac6b-4176-9af3-4c99f27c717e,5be6128e-18c2-4797-a142-ea7d17be3111,3b0b0e6c-5a36-4b8e-8c1e-0d7c5e2f9a11,8.5,334000000.0,2839000000.0,40186000.0,2798814000.0,305065000.0,1,7f5b6f7e-1c2d-4a4e-9a51-3a3f1d3c0a01
e273a7fd-100c-49a1-bc6a-48b9eb64fba9,4e850061-ac6b-4176-9af3-4c99f27c717e,43b7a3a6-9a8d-4a03-980d-7b71d8f56413,3b0b0e6c-5a36-4b8e-8c1e-0d7c5e2f9a11,6.5,353800000.0,2299700000.0,32552000.0,2267148000.0,315888000.0,2,7f5b6f7e-1c2d-4a4e-9a51-3a3f1d3c0a01
806e0d56-0c68-40d1-ac00-bdeb38237f60,b8e9b788-bb64-4a6f-9148-fed229a32d4d,43b7a3a6-9a8d-4a03-980d-7b71d8f56413,3b0b0e6c-5a36-4b8e-8c1e-0d7c5e2f9a11,30.0,458000000.0,13740000000.0,280041000.0,13459959000.0,409220000.0,1,7f5b6f7e-1c2d-4a4e-9a51-3a3f1d3c0a01
8a43a633-8cd9-4929-9836-928897fbf34d,f375bcef-ddb5-4805-87b9-09e448f555cc,371ecd7b-27cd-4130-8722-9389571aa876,3b0b0e6c-5a36-4b8e-8c1e-0d7c5e2f9a11,7.0,410400000.0,2872800000.0,37438000.0,2835362000.0,372039000.0,1,7f5b6f7e-1c2d-4a4e-9a51-3a3f1d3c0a01
b4bd7ccc-be5b-43fb-a19b-b4471e72ddbb,f375bcef-ddb5-4805-87b9-09e448f555cc,c241330b-01a9-471f-9e8a-774bcf36d58b,3b0b0e6c-5a36-4b8e-8c1e-0d7c5e2f9a11,16.0,439600000.0,7033600000.0,91661000.0,6941939000.0,401136000.0,2,7f5b6f7e-1c2d-4a4e-9a51-3a3f1d3c0a01
3c546372-8d2f-4340-b11d-6ff68f295a0b,f375bcef-ddb5-4805-87b9-09e448f555cc,47378190-96da-4dac-b2ff-5d2a386ecbe0,3b0b0e6c-5a36-4b8e-8c1e-0d7c5e2f9a11,7.0,412100000.0,2884700000.0,37593000.0,2847107000.0,371490000.0,3,7f5b6f7e-1c2d-4a4e-9a51-3a3f1d3c0a01
58578dd9-9ad6-4558-a04a-4d1e605f90f3,0028de0c-9ad6-4507-8cd5-ffc191b67c1b,47378190-96da-4dac-b2ff-5d2a386ecbe0,3b0b0e6c-5a36-4b8e-8c1e-0d7c5e2f9a11,65.0,433800000.0,28197000000.0,526826000.0,27670174000.0,386130000.0,1,7f5b6f7e-1c2d-4a4e-9a51-3a3f1d3c0a01
a46dbd6c-5130-436f-af0a-8cd40d6e5ff4,b0c57433-1889-4220-ac1d-3bad838ff7d6,371ecd7b-27cd-4130-8722-9389571aa876,3b0b0e6c-5a36-4b8e-8c1e-0d7c5e2f9a11,28.0,430200000.0,12045600000.0,183601000.0,11861999000.0,383385000.0,1,7f5b6f7e-1c2d-4a4e-9a51-3a3f1d3c0a01
2247b7cf-6d16-46ac-a82e-adf6e0e9560b,b0c57433-1889-4220-ac1d-3bad838ff7d6,6b65a6a4-8b81-48f6-b38a-088ca65ed389,3b0b0e6c-5a36-4b8e-8c1e-0d7c5e2f9a11,62.0,430400000.0,26684800000.0,406735000.0,26278065000.0,384208000.0,2,7f5b6f7e-1c2d-4a4e-9a51-3a3f1d3c0a01
a76e4731-9d7a-4c76-b661-cac366501faa,c04ec3ba-6b7e-4d5a-be3f-bbc1413191d4,1a2a73ed-562b-4f79-8374-59eef50bea63,3b0b0e6c-5a36-4b8e-8c1e-0d7c5e2f9a11,50.0,461400000.0,23070000000.0,312251000.0,22757749000.0,418748000.0,1,7f5b6f7e-1c2d-4a4e-9a51-3a3f1d3c0a01
7f4260b6-6453-4f30-a715-023294e5ede6,d8b431c8-1a24-4e2f-9294-b846d9cb4532,3139d32c-93cd-49bf-9c94-1cf0dc98d2c1,3b0b0e6c-5a36-4b8e-8c1e-0d7c5e2f9a11,40.0,495500000.0,19820000000.0,385566000.0,19434434000.0,430226000.0,1,7f5b6f7e-1c2d-4a4e-9a51-3a3f1d3c0a01
1e8c1400-9a58-48d8-9932-5bd4a8902fa6,f73de8f1-e379-42e0-a8a2-c969cac781d3,6b65a6a4-8b81-48f6-b38a-088ca65ed389,3b0b0e6c-5a36-4b8e-8c1e-0d7c5e2f9a11,50.0,488200000.0,24410000000.0,623171000.0,23786829000.0,408548000.0,1,7f5b6f7e-1c2d-4a4e-9a51-3a3f1d3c0a01
c63acc9f-eb55-44c4-b799-8e515c5369de,30351f47-b38a-406d-a1fc-2129e7048b4e,a9488d99-0bbb-4599-91ce-5dd2b45ed1f0,3b0b0e6c-5a36-4b8e-8c1e-0d7c5e2f9a11,30.0,599200000.0,17976000000.0,232060000.0,17743940000.0,524380000.0,1,7f5b6f7e-1c2d-4a4e-9a51-3a3f1d3c0a01
e8920ccd-cd86-46a5-8d2d-7b62bdaa7a9c,a6d7690a-0e7c-44fa-bc03-cfef38fe4703,4b0dbb41-8d52-48f1-942c-3fe860e7a113,3b0b0e6c-5a36-4b8e-8c1e-0d7c5e2f9a11,99.5,464400000.0,46207800000.0,1684407000.0,44523393000.0,403914000.0,1,7f5b6f7e-1c2d-4a4e-9a51-3a3f1d3c0a01
d5605c05-dee8-4dc5-a37c-23116d985b3c,a6d7690a-0e7c-44fa-bc03-cfef38fe4703,e2acf72f-9e57-4f7a-a0ee-89aed453dd32,3b0b0e6c-5a36-4b8e-8c1e-0d7c5e2f9a11,10.5,454400000.0,4771200000.0,173924000.0,4597276000.0,396657000.0,2,7f5b6f7e-1c2d-4a4e-9a51-3a3f1d3c0a01
0b2aee77-250f-4cb8-afab-9442299bc0e1,abb659b5-3fe8-4002-814e-617d6d1bbd29,fc377a4c-4a15-444d-85e7-ce8a3a578a8e,3b0b0e6c-5a36-4b8e-8c1e-0d7c5e2f9a11,25.0,375600000.0,9390000000.0,38819000.0,9351181000.0,333835000.0,1,7f5b6f7e-1c2d-4a4e-9a51-3a3f1d3c0a01
aa3a8ceb-22c4-434a-b977-64d6a52b0500,0ac9ae1f-32f2-42bd-b3ec-e1d25d9ff9b7,17fc695a-07a0-4a6e-8822-e8f36c031199,3b0b0e6c-5a36-4b8e-8c1e-0d7c5e2f9a11,110.0,333400000.0,36674000000.0,677435000.0,35996565000.0,312477000.0,1,7f5b6f7e-1c2d-4a4e-9a51-3a3f1d3c0a01
9fd2504a-c16c-4e17-aaf7-587bb16ca51e,4f47d62c-a754-456e-9148-d73f5185708d,6b65a6a4-8b81-48f6-b38a-088ca65ed389,3b0b0e6c-5a36-4b8e-8c1e-0d7c5e2f9a11,9.5,408800000.0,3883600000.0,81674000.0,3801926000.0,370392000.0,1,7f5b6f7e-1c2d-4a4e-9a51-3a3f1d3c0a01
4af57fc5-03ce-4349-9900-b19ed159b88b,4f47d62c-a754-456e-9148-d73f5185708d,6c307511-b2b9-437a-a8df-6ec4ce4a2bbd,3b0b0e6c-5a36-4b8e-8c1e-0d7c5e2f9a11,25.5,399700000.0,10192350000.0,214351000.0,9977999000.0,366732000.0,2,7f5b6f7e-1c2d-4a4e-9a51-3a3f1d3c0a01
db53c784-0463-4a53-b9a3-82c0006f3d45,3ef65274-12ad-48ca-a3aa-6ff464ce77ec,371ecd7b-27cd-4130-8722-9389571aa876,3b0b0e6c-5a36-4b8e-8c1e-0d7c5e2f9a11,35.0,430200000.0,15057000000.0,193459000.0,14863541000.0,383385000.0,1,7f5b6f7e-1c2d-4a4e-9a51-3a3f1d3c0a01
09a07781-8a0b-43f3-9c2e-2fbe361b2bf0,450221a7-97b5-4961-af6c-19848ac0f22a,fc377a4c-4a15-444d-85e7-ce8a3a578a8e,3b0b0e6c-5a36-4b8e-8c1e-0d7c5e2f9a11,60.0,582100000.0,34926000000.0,848234000.0,34077766000.0,501737000.0,1,7f5b6f7e-1c2d-4a4e-9a51-3a3f1d3c0a01
12254594-fe0a-43d4-933b-3d7b09f1a513,cb3cf4bd-f774-4c01-82f0-e3f350455a6e,43b7a3a6-9a8d-4a03-980d-7b71d8f56413,3b0b0e6c-5a36-4b8e-8c1e-0d7c5e2f9a11,65.0,584500000.0,37992500000.0,598146000.0,37394354000.0,525770000.0,1,7f5b6f7e-1c2d-4a4e-9a51-3a3f1d3c0a01
61e9f970-06e7-44b8-8619-64b0109e6b85,8000dfa7-7499-4645-84ac-d544c9ed2b44,47378190-96da-4dac-b2ff-5d2a386ecbe0,3b0b0e6c-5a36-4b8e-8c1e-0d7c5e2f9a11,7.0,330100000.0,2310700000.0,48018000.0,2262682000.0,294996000.0,1,7f5b6f7e-1c2d-4a4e-9a51-3a3f1d3c0a01
961bfbfd-f698-4d1c-b37a-568457f9cfaa,8000dfa7-7499-4645-84ac-d544c9ed2b44,c241330b-01a9-471f-9e8a-774bcf36d58b,3b0b0e6c-5a36-4b8e-8c1e-0d7c5e2f9a11,33.0,345100000.0,11388300000.0,236657000.0,11151643000.0,312198000.0,2,7f5b6f7e-1c2d-4a4e-9a51-3a3f1d3c0a01
9b4ed2bb-a140-4883-be23-3407f18d6a9c,a2215782-7344-4aad-aedc-3f4396cddf83,3139d32c-93cd-49bf-9c94-1cf0dc98d2c1,3b0b0e6c-5a36-4b8e-8c1e-0d7c5e2f9a11,50.0,381900000.0,19095000000.0,474352000.0,18620648000.0,334193000.0,1,7f5b6f7e-1c2d-4a4e-9a51-3a3f1d3c0a01
66417fac-e770-4168-aad2-6f9aa80dfccf,1456b33e-b314-499a-9709-478e719b135b,5be6128e-18c2-4797-a142-ea7d17be3111,3b0b0e6c-5a36-4b8e-8c1e-0d7c5e2f9a11,90.0,419800000.0,37782000000.0,572515000.0,37209485000.0,333462000.0,1,7f5b6f7e-1c2d-4a4e-9a51-3a3f1d3c0a01
c83cb0df-3a96-4522-8b96-ff7a8aade188,acc941dc-1586-452a-8870-49028ccc42c3,5be6128e-18c2-4797-a142-ea7d17be3111,3b0b0e6c-5a36-4b8e-8c1e-0d7c5e2f9a11,24.5,450400000.0,11034800000.0,269281000.0,10765519000.0,403948000.0,1,7f5b6f7e-1c2d-4a4e-9a51-3a3f1d3c0a01
b08f2617-7867-49e9-9a9a-6e53c235d694,acc941dc-1586-452a-8870-49028ccc42c3,43b7a3a6-9a8d-4a03-980d-7b71d8f56413,3b0b0e6c-5a36-4b8e-8c1e-0d7c5e2f9a11,40.5,464900000.0,18828450000.0,459468000.0,18368982000.0,425870000.0,2,7f5b6f7e-1c2d-4a4e-9a51-3a3f1d3c0a01
2f54b415-f567-4f03-99d4-88514182a3db,b9f787e8-6edc-419f-966f-4e518f55ae0e,1a2a73ed-562b-4f79-8374-59eef50bea63,3b0b0e6c-5a36-4b8e-8c1e-0d7c5e2f9a11,30.0,454200000.0,13626000000.0,421994000.0,13204006000.0,426795000.0,1,7f5b6f7e-1c2d-4a4e-9a51-3a3f1d3c0a01
abd7f11c-ebd0-42ec-8181-56c4e3c74c9e,8c3492ca-e2b9-471a-9e42-7585a5d146ae,ddd1dfb2-3b98-4ef8-9af6-1a26146d3f31,3b0b0e6c-5a36-4b8e-8c1e-0d7c5e2f9a11,60.0,271200000.0,16272000000.0,991619000.0,15280381000.0,247502000.0,1,7f5b6f7e-1c2d-4a4e-9a51-3a3f1d3c0a01
2af427f0-023a-4e32-97f9-3fa372a60da4,b4eb09a9-7759-4d1e-9bca-3c2381210ec2,972a8469-1641-4f82-8b9d-2434e465e150,3b0b0e6c-5a36-4b8e-8c1e-0d7c5e2f9a11,125.0,335800000.0,41975000000.0,3302238000.0,38672762000.0,305558000.0,1,7f5b6f7e-1c2d-4a4e-9a51-3a3f1d3c0a01
bf0e2050-3e09-41f2-b1f9-74c6c042dbe5,b2a7931b-13f0-4259-8497-f15da449d83b,ddd1dfb2-3b98-4ef8-9af6-1a26146d3f31,3b0b0e6c-5a36-4b8e-8c1e-0d7c5e2f9a11,210.0,322700000.0,67767000000.0,3271970000.0,64495030000.0,302868000.0,1,7f5b6f7e-1c2d-4a4e-9a51-3a3f1d3c0a01
67bb954b-5e9f-4bf8-9430-c116dbe504e8,1ac3f79b-22ac-4d03-9c46-81e3d9291f50,1a2a73ed-562b-4f79-8374-59eef50bea63,3b0b0e6c-5a36-4b8e-8c1e-0d7c5e2f9a11,55.0,461400000.0,25377000000.0,1715225000.0,23661775000.0,418748000.0,1,7f5b6f7e-1c2d-4a4e-9a51-3a3f1d3c0a01
620a5202-58d9-44a4-8fea-98b93ca9f92a,ba697671-0601-46ab-b390-9c410f80e42c,17fc695a-07a0-4a6e-8822-e8f36c031199,3b0b0e6c-5a36-4b8e-8c1e-0d7c5e2f9a11,60.5,423300000.0,25609650000.0,1315284000.0,24294366000.0,392606000.0,1,7f5b6f7e-1c2d-4a4e-9a51-3a3f1d3c0a01
2d3885ea-a135-46ce-b9f1-0cc12550f7c2,ba697671-0601-46ab-b390-9c410f80e42c,23b8c1e9-3924-46de-beb1-3b9046685257,3b0b0e6c-5a36-4b8e-8c1e-0d7c5e2f9a11,63.5,431400000.0,27393900000.0,1406921000.0,25986979000.0,398964000.0,2,7f5b6f7e-1c2d-4a4e-9a51-3a3f1d3c0a01
56d9ef8c-e716-4578-b08e-8eb715f959ed,ba697671-0601-46ab-b390-9c410f80e42c,bdd640fb-0667-4ad1-9c80-317fa3b1799d,3b0b0e6c-5a36-4b8e-8c1e-0d7c5e2f9a11,76.0,448500000.0,34086000000.0,1750620000.0,32335380000.0,413083000.0,3,7f5b6f7e-1c2d-4a4e-9a51-3a3f1d3c0a01
998e6de8-1b44-46d0-9c36-5505ee030cf6,ceb536c1-fbca-41f2-ba34-0b4f16491bb6,23b8c1e9-3924-46de-beb1-3b9046685257,3b0b0e6c-5a36-4b8e-8c1e-0d7c5e2f9a11,160.0,446300000.0,71408000000.0,4873659000.0,66534341000.0,403359000.0,1,7f5b6f7e-1c2d-4a4e-9a51-3a3f1d3c0a01
057db865-54f6-4256-a6df-52a3fe147169,6f506a4a-2690-4357-9b4d-ae9b56e48942,47378190-96da-4dac-b2ff-5d2a386ecbe0,3b0b0e6c-5a36-4b8e-8c1e-0d7c5e2f9a11,21.0,330100000.0,6932100000.0,174391000.0,6757709000.0,294996000.0,1,7f5b6f7e-1c2d-4a4e-9a51-3a3f1d3c0a01
3c67aaf4-f11b-4c84-90e7-e07ed517f641,6f506a4a-2690-4357-9b4d-ae9b56e48942,c241330b-01a9-471f-9e8a-774bcf36d58b,3b0b0e6c-5a36-4b8e-8c1e-0d7c5e2f9a11,7.0,345100000.0,2415700000.0,60772000.0,2354928000.0,312198000.0,2,7f5b6f7e-1c2d-4a4e-9a51-3a3f1d3c0a01
f3b092b7-3364-4f27-bb9b-04e7d490e1fd,6f506a4a-2690-4357-9b4d-ae9b56e48942,6c307511-b2b9-437a-a8df-6ec4ce4a2bbd,3b0b0e6c-5a36-4b8e-8c1e-0d7c5e2f9a11,12.0,311400000.0,3736800000.0,94007000.0,3642793000.0,286029000.0,3,7f5b6f7e-1c2d-4a4e-9a51-3a3f1d3c0a01
9c7421ad-3011-40ea-9f3e-04430169ea16,f35d9b69-10fb-48be-9518-f00115f29f76,43b7a3a6-9a8d-4a03-980d-7b71d8f56413,3b0b0e6c-5a36-4b8e-8c1e-0d7c5e2f9a11,55.0,353000000.0,19415000000.0,791683000.0,18623317000.0,322548000.0,1,7f5b6f7e-1c2d-4a4e-9a51-3a3f1d3c0a01
6bc1df6b-04de-4646-aaeb-983924bde23d,c828cffa-cc2f-4365-b4d0-1d2dce36c08a,fc377a4c-4a15-444d-85e7-ce8a3a578a8e,3b0b0e6c-5a36-4b8e-8c1e-0d7c5e2f9a11,220.0,393100000.0,86482000000.0,1610718000.0,84871282000.0,351646000.0,1,7f5b6f7e-1c2d-4a4e-9a51-3a3f1d3c0a01
457b71e3-7fdc-4091-8f57-901c3690e943,5e87a3b2-da81-4383-b763-d6fa340c79ab,bdd640fb-0667-4ad1-9c80-317fa3b1799d,3b0b0e6c-5a36-4b8e-8c1e-0d7c5e2f9a11,65.0,290500000.0,18882500000.0,377031000.0,18505469000.0,273020000.0,1,7f5b6f7e-1c2d-4a4e-9a51-3a3f1d3c0a01
c374696b-ebad-4a79-bc8d-b3df5115b2a5,5c78e7a5-80d0-4e97-b2ad-6e425f9a0755,972a8469-1641-4f82-8b9d-2434e465e150,3b0b0e6c-5a36-4b8e-8c1e-0d7c5e2f9a11,25.5,279300000.0,7122150000.0,213796000.0,6908354000.0,257686000.0,1,7f5b6f7e-1c2d-4a4e-9a51-3a3f1d3c0a01
d06125e2-c842-4b10-a292-3b09db7c8d92,5c78e7a5-80d0-4e97-b2ad-6e425f9a0755,bdd640fb-0667-4ad1-9c80-317fa3b1799d,3b0b0e6c-5a36-4b8e-8c1e-0d7c5e2f9a11,15.0,294800000.0,4422000000.0,132742000.0,4289258000.0,275918000.0,2,7f5b6f7e-1c2d-4a4e-9a51-3a3f1d3c0a01
716612fe-af13-4a59-9265-77737e4defca,5c78e7a5-80d0-4e97-b2ad-6e425f9a0755,23b8c1e9-3924-46de-beb1-3b9046685257,3b0b0e6c-5a36-4b8e-8c1e-0d7c5e2f9a11,9.5,288600000.0,2741700000.0,82302000.0,2659398000.0,263857000.0,3,7f5b6f7e-1c2d-4a4e-9a51-3a3f1d3c0a01
24de83a4-cbc0-4b8d-90d1-48d605faf54f,b45bf65e-b730-42ed-8e7e-24f7d2db8533,972a8469-1641-4f82-8b9d-2434e465e150,3b0b0e6c-5a36-4b8e-8c1e-0d7c5e2f9a11,30.0,340500000.0,10215000000.0,256120000.0,9958880000.0,310794000.0,1,7f5b6f7e-1c2d-4a4e-9a51-3a3f1d3c0a01
121f1b2e-b264-4a95-b89f-8c6ded5f614f,b792d157-fb19-4fd1-99db-600a798dfe1b,a9488d99-0bbb-4599-91ce-5dd2b45ed1f0,3b0b0e6c-5a36-4b8e-8c1e-0d7c5e2f9a11,70.0,365800000.0,25606000000.0,1812643000.0,23793357000.0,320678000.0,1,7f5b6f7e-1c2d-4a4e-9a51-3a3f1d3c0a01
6aeeb9c4-213a-48fc-aa5a-e846f76a1e48,b792d157-fb19-4fd1-99db-600a798dfe1b,3139d32c-93cd-49bf-9c94-1cf0dc98d2c1,3b0b0e6c-5a36-4b8e-8c1e-0d7c5e2f9a11,30.0,368300000.0,11049000000.0,782156000.0,10266844000.0,329092000.0,2,7f5b6f7e-1c2d-4a4e-9a51-3a3f1d3c0a01
bcb5bbbb-124e-45ae-a0a1-e427a05c61ef,8d7d6aee-1ba8-4f5a-aac9-6f6885680196,972a8469-1641-4f82-8b9d-2434e465e150,3b0b0e6c-5a36-4b8e-8c1e-0d7c5e2f9a11,138.5,259700000.0,35968450000.0,1986236000.0,33982214000.0,236742000.0,1,7f5b6f7e-1c2d-4a4e-9a51-3a3f1d3c0a01
e0697fde-4e2e-4b3d-bd08-aedfd7154653,8d7d6aee-1ba8-4f5a-aac9-6f6885680196,bd9c66b3-ad3c-4d6d-9a3d-1fa7bc8960a9,3b0b0e6c-5a36-4b8e-8c1e-0d7c5e2f9a11,31.5,265000000.0,8347500000.0,460962000.0,7886538000.0,241510000.0,2,7f5b6f7e-1c2d-4a4e-9a51-3a3f1d3c0a01
91739267-31ec-4119-a3e6-89679efbd68b,9abb2813-7a85-4930-9f66-7bf9db80a8ce,ddd1dfb2-3b98-4ef8-9af6-1a26146d3f31,3b0b0e6c-5a36-4b8e-8c1e-0d7c5e2f9a11,190.0,257500000.0,48925000000.0,3358224000.0,45566776000.0,235376000.0,1,7f5b6f7e-1c2d-4a4e-9a51-3a3f1d3c0a01
e8b5ad29-4693-4721-99e8-ef9701fcd7de,e505470e-302b-4472-a0c7-1ff7d0f42869,bdd640fb-0667-4ad1-9c80-317fa3b1799d,3b0b0e6c-5a36-4b8e-8c1e-0d7c5e2f9a11,140.0,348200000.0,48748000000.0,2661227000.0,46086773000.0,320705000.0,1,7f5b6f7e-1c2d-4a4e-9a51-3a3f1d3c0a01
8ffeff9a-007a-4397-8f67-1be526564e7c,15308876-8b64-4e04-8b67-cd6c2fa0f083,c241330b-01a9-471f-9e8a-774bcf36d58b,3b0b0e6c-5a36-4b8e-8c1e-0d7c5e2f9a11,55.0,439600000.0,24178000000.0,1386446000.0,22791554000.0,401136000.0,1,7f5b6f7e-1c2d-4a4e-9a51-3a3f1d3c0a01
c0542a13-4fe1-4c0f-bef7-c582a27fbeca,c8192381-834e-4b3c-bd6c-30f30bdba451,6c307511-b2b9-437a-a8df-6ec4ce4a2bbd,3b0b0e6c-5a36-4b8e-8c1e-0d7c5e2f9a11,55.0,521799999.99999994,28698999999.999996,1966284000.0,26732715999.999996,464820000.0,1,7f5b6f7e-1c2d-4a4e-9a51-3a3f1d3c0a01
beccefb6-1190-4e5f-bd25-a211490ae949,43a2d14e-c2d6-441b-b99a-d9e6e01322c7,5be6128e-18c2-4797-a142-ea7d17be3111,3b0b0e6c-5a36-4b8e-8c1e-0d7c5e2f9a11,15.5,334000000.0,5177000000.0,152698000.0,5024302000.0,305065000.0,1,7f5b6f7e-1c2d-4a4e-9a51-3a3f1d3c0a01
5d2d1c69-b139-4a7d-b215-7744991dba7a,43a2d14e-c2d6-441b-b99a-d9e6e01322c7,43b7a3a6-9a8d-4a03-980d-7b71d8f56413,3b0b0e6c-5a36-4b8e-8c1e-0d7c5e2f9a11,54.5,353800000.0,19282100000.0,568735000.0,18713365000.0,315888000.0,2,7f5b6f7e-1c2d-4a4e-9a51-3a3f1d3c0a01
fe7c1c7b-3040-4d98-88af-614aac5f5dfa,b1be871c-1b00-47c1-b37c-ad3e8d59fb30,4b0dbb41-8d52-48f1-942c-3fe860e7a113,3b0b0e6c-5a36-4b8e-8c1e-0d7c5e2f9a11,25.0,456400000.0,11410000000.0,335045000.0,11074955000.0,403914000.0,1,7f5b6f7e-1c2d-4a4e-9a51-3a3f1d3c0a01
d579a4fc-84a2-4981-9a47-4f4df573150e,b1be871c-1b00-47c1-b37c-ad3e8d59fb30,e2acf72f-9e57-4f7a-a0ee-89aed453dd32,3b0b0e6c-5a36-4b8e-8c1e-0d7c5e2f9a11,20.0,448200000.0,8964000000.0,263220000.0,8700780000.0,396657000.0,2,7f5b6f7e-1c2d-4a4e-9a51-3a3f1d3c0a01
cba4472a-4326-4d2c-bb13-00a97843ec22,968571c1-f94d-4ff9-914e-c198bad304e5,5be6128e-18c2-4797-a142-ea7d17be3111,3b0b0e6c-5a36-4b8e-8c1e-0d7c5e2f9a11,100.0,334000000.0,33400000000.0,611762000.0,32788238000.0,305065000.0,1,7f5b6f7e-1c2d-4a4e-9a51-3a3f1d3c0a01
39870aef-aa7a-4aa3-8ee4-a53472a7b4be,86b4facb-2b7a-4ab6-b019-882a84bd3f3a,1a2a73ed-562b-4f79-8374-59eef50bea63,3b0b0e6c-5a36-4b8e-8c1e-0d7c5e2f9a11,25.0,363800000.0,9095000000.0,300737000.0,8794263000.0,330318000.0,1,7f5b6f7e-1c2d-4a4e-9a51-3a3f1d3c0a01
483a8379-ec90-4de9-9d98-378ba703a0db,86b4facb-2b7a-4ab6-b019-882a84bd3f3a,5be6128e-18c2-4797-a142-ea7d17be3111,3b0b0e6c-5a36-4b8e-8c1e-0d7c5e2f9a11,48.5,353600000.0,17149600000.0,567073000.0,16582527000.0,328468000.0,2,7f5b6f7e-1c2d-4a4e-9a51-3a3f1d3c0a01
8ece2e4c-59a5-413c-b098-4fb1309e8091,86b4facb-2b7a-4ab6-b019-882a84bd3f3a,43b7a3a6-9a8d-4a03-980d-7b71d8f56413,3b0b0e6c-5a36-4b8e-8c1e-0d7c5e2f9a11,51.0,368400000.0,18788400000.0,621262000.0,18167138000.0,338458000.0,3,7f5b6f7e-1c2d-4a4e-9a51-3a3f1d3c0a01
67cfc873-c296-45c9-8f04-7a84222ddce4,1d1e7581-ee1a-4f27-bc9a-844ea319fd70,6b65a6a4-8b81-48f6-b38a-088ca65ed389,3b0b0e6c-5a36-4b8e-8c1e-0d7c5e2f9a11,70.0,324100000.0,22687000000.0,651160000.0,22035840000.0,292434000.0,1,7f5b6f7e-1c2d-4a4e-9a51-3a3f1d3c0a01
43ed793e-b562-4a00-84c9-41a48ab4201f,e512e24e-093f-457b-9c2d-c5d6d5f57f20,1a2a73ed-562b-4f79-8374-59eef50bea63,3b0b0e6c-5a36-4b8e-8c1e-0d7c5e2f9a11,28.0,433000000.0,12124000000.0,110290000.0,12013710000.0,412272000.0,1,7f5b6f7e-1c2d-4a4e-9a51-3a3f1d3c0a01
df7da445-ca89-45df-9140-6060f8cba420,e512e24e-093f-457b-9c2d-c5d6d5f57f20,43b7a3a6-9a8d-4a03-980d-7b71d8f56413,3b0b0e6c-5a36-4b8e-8c1e-0d7c5e2f9a11,22.0,447400000.0,9842800000.0,89538000.0,9753262000.0,423650000.0,2,7f5b6f7e-1c2d-4a4e-9a51-3a3f1d3c0a01
403e2679-ae3c-4902-804c-d0699625972e,5ef6617b-e83f-43a7-a665-0a71f83e5fbe,1a2a73ed-562b-4f79-8374-59eef50bea63,3b0b0e6c-5a36-4b8e-8c1e-0d7c5e2f9a11,60.0,433000000.0,25980000000.0,504711000.0,25475289000.0,412272000.0,1,7f5b6f7e-1c2d-4a4e-9a51-3a3f1d3c0a01
4a668b19-1799-4c04-80a6-ed52835ee419,c77c9b94-8035-46de-afea-2d5ffde66315,b74d0fb1-32e7-4629-8fad-c1a606cb0fb3,3b0b0e6c-5a36-4b8e-8c1e-0d7c5e2f9a11,95.0,449300000.0,42683500000.0,757229000.0,41926271000.0,407724000.0,1,7f5b6f7e-1c2d-4a4e-9a51-3a3f1d3c0a01
b877e5e6-ca72-4d86-9be9-43d2402bbca0,894c2064-76fe-443c-a630-e6b007ffbb92,5be6128e-18c2-4797-a142-ea7d17be3111,3b0b0e6c-5a36-4b8e-8c1e-0d7c5e2f9a11,30.0,563300000.0,16899000000.0,285563000.0,16613437000.0,506438000.0,1,7f5b6f7e-1c2d-4a4e-9a51-3a3f1d3c0a01
4742771e-850a-4e1b-93ec-fef2b2fc677f,a3ab26a2-abcd-46bf-b48f-82c8ea1b5cee,6c307511-b2b9-437a-a8df-6ec4ce4a2bbd,3b0b0e6c-5a36-4b8e-8c1e-0d7c5e2f9a11,86.5,312600000.0,27039900000.0,981705000.0,26058195000.0,282552000.0,1,7f5b6f7e-1c2d-4a4e-9a51-3a3f1d3c0a01
7ea4f21d-e3f2-44df-b702-b97521adcd23,a3ab26a2-abcd-46bf-b48f-82c8ea1b5cee,47378190-96da-4dac-b2ff-5d2a386ecbe0,3b0b0e6c-5a36-4b8e-8c1e-0d7c5e2f9a11,58.5,322400000.0,18860400000.0,684741000.0,18175659000.0,288408000.0,2,7f5b6f7e-1c2d-4a4e-9a51-3a3f1d3c0a01
2a7cf6e1-3ac4-4cb8-b7f6-f67f2e6780c8,ef2571c2-4968-4eb1-b165-5de52b0c5807,b74d0fb1-32e7-4629-8fad-c1a606cb0fb3,3b0b0e6c-5a36-4b8e-8c1e-0d7c5e2f9a11,405.0,335900000.0,136039500000.0,7007921000.0,129031579000.0,302682000.0,1,7f5b6f7e-1c2d-4a4e-9a51-3a3f1d3c0a01
3de56087-a2bb-47c8-8a89-234b4fe771d0,b3198eab-91c2-4847-9763-c6536ed11210,9a1de644-815e-46d1-bb8f-aa1837f8a88b,3b0b0e6c-5a36-4b8e-8c1e-0d7c5e2f9a11,90.5,325700000.0,29475850000.0,1127574000.0,28348276000.0,302753000.0,1,7f5b6f7e-1c2d-4a4e-9a51-3a3f1d3c0a01
be07c532-63c7-417b-9f4e-4d41f66cd021,b3198eab-91c2-4847-9763-c6536ed11210,17fc695a-07a0-4a6e-8822-e8f36c031199,3b0b0e6c-5a36-4b8e-8c1e-0d7c5e2f9a11,69.5,334200000.0,23226900000.0,888526000.0,22338374000.0,309111000.0,2,7f5b6f7e-1c2d-4a4e-9a51-3a3f1d3c0a01
f8c43997-1866-4d91-9ac8-7adb8c4eccd1,3a88455d-3afa-4840-9034-132420637e8e,ddd1dfb2-3b98-4ef8-9af6-1a26146d3f31,3b0b0e6c-5a36-4b8e-8c1e-0d7c5e2f9a11,195.0,341600000.0,66612000000.0,2640224000.0,63971776000.0,308978000.0,1,7f5b6f7e-1c2d-4a4e-9a51-3a3f1d3c0a01
489c7cb0-792f-4596-b854-efee35864c62,4a98c3d6-37d3-4017-b075-bd9cae09e3a4,972a8469-1641-4f82-8b9d-2434e465e150,3b0b0e6c-5a36-4b8e-8c1e-0d7c5e2f9a11,63.5,332400000.0,21107400000.0,585403000.0,20521997000.0,313225000.0,1,7f5b6f7e-1c2d-4a4e-9a51-3a3f1d3c0a01
c7b99139-e866-4ba9-b992-9928e29f230c,4a98c3d6-37d3-4017-b075-bd9cae09e3a4,bdd640fb-0667-4ad1-9c80-317fa3b1799d,3b0b0e6c-5a36-4b8e-8c1e-0d7c5e2f9a11,49.0,348700000.0,17086300000.0,473880000.0,16612420000.0,328278000.0,2,7f5b6f7e-1c2d-4a4e-9a51-3a3f1d3c0a01
a7ee0270-aa3a-4d76-bea3-80e19f4cd42f,4a98c3d6-37d3-4017-b075-bd9cae09e3a4,23b8c1e9-3924-46de-beb1-3b9046685257,3b0b0e6c-5a36-4b8e-8c1e-0d7c5e2f9a11,17.5,343600000.0,6013000000.0,166767000.0,5846233000.0,320424000.0,3,7f5b6f7e-1c2d-4a4e-9a51-3a3f1d3c0a01
58bd021b-cb5e-4344-9a07-0ad54dc4dd5c,5dac6c93-89f6-4248-b8e2-f5039b67774e,ddd1dfb2-3b98-4ef8-9af6-1a26146d3f31,3b0b0e6c-5a36-4b8e-8c1e-0d7c5e2f9a11,195.0,389700000.0,75991500000.0,1963956000.0,74027544000.0,366130000.0,1,7f5b6f7e-1c2d-4a4e-9a51-3a3f1d3c0a01
3a0602c5-b14c-492e-b85e-1cd49ab85e15,42d34d43-b565-4765-87b4-513de2a9d32c,9a1de644-815e-46d1-bb8f-aa1837f8a88b,3b0b0e6c-5a36-4b8e-8c1e-0d7c5e2f9a11,24.5,397600000.0,9741200000.0,341651000.0,9399549000.0,362967000.0,1,7f5b6f7e-1c2d-4a4e-9a51-3a3f1d3c0a01
31752fda-20e2-4046-9c0c-18ccf11655de,42d34d43-b565-4765-87b4-513de2a9d32c,17fc695a-07a0-4a6e-8822-e8f36c031199,3b0b0e6c-5a36-4b8e-8c1e-0d7c5e2f9a11,11.0,408500000.0,4493500000.0,157600000.0,4335900000.0,364276000.0,2,7f5b6f7e-1c2d-4a4e-9a51-3a3f1d3c0a01
01d8a74f-225d-4864-8e19-367b1640f00e,42d34d43-b565-4765-87b4-513de2a9d32c,23b8c1e9-3924-46de-beb1-3b9046685257,3b0b0e6c-5a36-4b8e-8c1e-0d7c5e2f9a11,124.5,420100000.0,52302450000.0,1834393000.0,50468057000.0,377834000.0,3,7f5b6f7e-1c2d-4a4e-9a51-3a3f1d3c0a01
e7980b66-446a-4287-9017-ba287e7cd599,43c3b213-ddb0-4d7d-bf7e-84c5328dc2b0,bd9c66b3-ad3c-4d6d-9a3d-1fa7bc8960a9,3b0b0e6c-5a36-4b8e-8c1e-0d7c5e2f9a11,123.5,424200000.0,52388700000.0,1988489000.0,50400211000.0,392326000.0,1,7f5b6f7e-1c2d-4a4e-9a51-3a3f1d3c0a01
7d12066d-da0a-417f-9bc2-4fedef147354,43c3b213-ddb0-4d7d-bf7e-84c5328dc2b0,bdd640fb-0667-4ad1-9c80-317fa3b1799d,3b0b0e6c-5a36-4b8e-8c1e-0d7c5e2f9a11,351.5,448500000.0,157647750000.0,5983749000.0,151664001000.0,413083000.0,2,7f5b6f7e-1c2d-4a4e-9a51-3a3f1d3c0a01
32b25147-9efa-47ab-a69d-f184c56f9336,3c697e96-fc8c-452f-88d3-a50070b917f1,5be6128e-18c2-4797-a142-ea7d17be3111,3b0b0e6c-5a36-4b8e-8c1e-0d7c5e2f9a11,24.0,536500000.0,12876000000.0,441481000.0,12434519000.0,491823000.0,1,7f5b6f7e-1c2d-4a4e-9a51-3a3f1d3c0a01
f2c347e3-4400-4e99-9c1f-5dd496dc9b62,3c697e96-fc8c-452f-88d3-a50070b917f1,1a2a73ed-562b-4f79-8374-59eef50bea63,3b0b0e6c-5a36-4b8e-8c1e-0d7c5e2f9a11,31.0,537300000.0,16656300000.0,571097000.0,16085203000.0,503940000.0,2,7f5b6f7e-1c2d-4a4e-9a51-3a3f1d3c0a01
325e1ddb-13bf-4c91-912d-7d8533227412,28ef5aa9-6628-4ab0-b9a8-3910fbb63a5c,1a2a73ed-562b-4f79-8374-59eef50bea63,3b0b0e6c-5a36-4b8e-8c1e-0d7c5e2f9a11,99.0,572400000.0,56667600000.0,1914458000.0,54753142000.0,507918000.0,1,7f5b6f7e-1c2d-4a4e-9a51-3a3f1d3c0a01
71694ee1-7e5d-439d-a38e-75909ec789f2,28ef5aa9-6628-4ab0-b9a8-3910fbb63a5c,43b7a3a6-9a8d-4a03-980d-7b71d8f56413,3b0b0e6c-5a36-4b8e-8c1e-0d7c5e2f9a11,101.0,584500000.0,59034500000.0,1994421000.0,57040079000.0,525770000.0,2,7f5b6f7e-1c2d-4a4e-9a51-3a3f1d3c0a01
af7323c2-fed4-4f45-83c5-ae9ebbb6e2dc,9a4a384d-93db-4ce5-8eb1-a2a63bcdc7ff,371ecd7b-27cd-4130-8722-9389571aa876,3b0b0e6c-5a36-4b8e-8c1e-0d7c5e2f9a11,33.0,535200000.00000006,17661600000.000004,555801000.0,17105799000.000004,469121000.0,1,7f5b6f7e-1c2d-4a4e-9a51-3a3f1d3c0a01
1c8846cf-c725-4efa-90d6-b695e22d78f8,9a4a384d-93db-4ce5-8eb1-a2a63bcdc7ff,6c307511-b2b9-437a-a8df-6ec4ce4a2bbd,3b0b0e6c-5a36-4b8e-8c1e-0d7c5e2f9a11,32.0,521799999.99999994,16697599999.999998,525464000.0,16172135999.999998,464820000.0,2,7f5b6f7e-1c2d-4a4e-9a51-3a3f1d3c0a01
74fe855a-342c-4b1e-9fdf-884b9a8b4f3d,68235f3d-1c2e-47e2-8662-bee2b2498989,43b7a3a6-9a8d-4a03-980d-7b71d8f56413,3b0b0e6c-5a36-4b8e-8c1e-0d7c5e2f9a11,20.0,341500000.0,6830000000.0,105950000.0,6724050000.0,315888000.0,1,7f5b6f7e-1c2d-4a4e-9a51-3a3f1d3c0a01
bf65bf87-a78c-4d3e-826c-b9b4a31eaece,fde887cb-4b8e-4062-a030-628c3d212401,6b65a6a4-8b81-48f6-b38a-088ca65ed389,3b0b0e6c-5a36-4b8e-8c1e-0d7c5e2f9a11,19.0,319600000.0,6072400000.0,188207000.0,5884193000.0,285114000.0,1,7f5b6f7e-1c2d-4a4e-9a51-3a3f1d3c0a01
612f17ab-1355-4d40-a865-cb3ac12ef23d,fde887cb-4b8e-4062-a030-628c3d212401,47378190-96da-4dac-b2ff-5d2a386ecbe0,3b0b0e6c-5a36-4b8e-8c1e-0d7c5e2f9a11,6.0,322400000.0,1934400000.0,59955000.0,1874445000.0,288408000.0,2,7f5b6f7e-1c2d-4a4e-9a51-3a3f1d3c0a01
e777edd4-1bdf-4626-8314-c9ad76206bbf,dc57066b-b148-4f78-a98b-09eb21c1505d,23b8c1e9-3924-46de-beb1-3b9046685257,3b0b0e6c-5a36-4b8e-8c1e-0d7c5e2f9a11,25.0,283800000.0,7095000000.0,137837000.0,6957163000.0,255442000.0,1,7f5b6f7e-1c2d-4a4e-9a51-3a3f1d3c0a01
68d113f3-262b-4dd3-ab29-66fd5fdf0f07,d4a25583-2e66-4b26-9d78-f8bb5d190c8b,371ecd7b-27cd-4130-8722-9389571aa876,3b0b0e6c-5a36-4b8e-8c1e-0d7c5e2f9a11,115.0,320100000.0,36811500000.0,1735899000.0,35075601000.0,283467000.0,1,7f5b6f7e-1c2d-4a4e-9a51-3a3f1d3c0a01
54ce2562-e1c7-4959-8e1d-55001f4c29c8,1ae9740b-9230-4160-a700-cba184769e5c,b74d0fb1-32e7-4629-8fad-c1a606cb0fb3,3b0b0e6c-5a36-4b8e-8c1e-0d7c5e2f9a11,35.0,344200000.0,12047000000.0,332176000.0,11714824000.0,315675000.0,1,7f5b6f7e-1c2d-4a4e-9a51-3a3f1d3c0a01
51efd8a4-152d-4857-8132-78dbb130dc31,0896e110-fab8-4139-b12c-5e0b6be677d3,ddd1dfb2-3b98-4ef8-9af6-1a26146d3f31,3b0b0e6c-5a36-4b8e-8c1e-0d7c5e2f9a11,145.0,263300000.0,38178500000.0,662004000.0,37516496000.0,252484000.0,1,7f5b6f7e-1c2d-4a4e-9a51-3a3f1d3c0a01
91b30a63-b2c7-4d45-bd0c-62b6d2323ce5,56e5a4d9-4533-4452-9660-f31f5187938d,5be6128e-18c2-4797-a142-ea7d17be3111,3b0b0e6c-5a36-4b8e-8c1e-0d7c5e2f9a11,45.0,419800000.0,18891000000.0,671998000.0,18219002000.0,333462000.0,1,7f5b6f7e-1c2d-4a4e-9a51-3a3f1d3c0a01
d556383a-49e7-4f04-9d16-8c39e04d3a3c,2f5a6ce7-b022-4be0-8179-f76ba6cd30d4,ddd1dfb2-3b98-4ef8-9af6-1a26146d3f31,3b0b0e6c-5a36-4b8e-8c1e-0d7c5e2f9a11,100.0,322200000.0,32220000000.0,1262870000.0,30957130000.0,321104000.0,1,7f5b6f7e-1c2d-4a4e-9a51-3a3f1d3c0a01
b8d53a61-f74b-46d8-ae02-a871bcaa3ff2,bebcacbb-8d0a-45c9-95b6-e48e4930ea88,371ecd7b-27cd-4130-8722-9389571aa876,3b0b0e6c-5a36-4b8e-8c1e-0d7c5e2f9a11,65.0,430200000.0,27963000000.0,802185000.0,27160815000.0,383385000.0,1,7f5b6f7e-1c2d-4a4e-9a51-3a3f1d3c0a01
6ec64cb8-4dee-44b0-9900-88d54963733c,bf8be7c6-74c9-4c68-ab68-392e12fc97c9,ddd1dfb2-3b98-4ef8-9af6-1a26146d3f31,3b0b0e6c-5a36-4b8e-8c1e-0d7c5e2f9a11,240.0,389500000.0,93480000000.0,1495978000.0,91984022000.0,332854000.0,1,7f5b6f7e-1c2d-4a4e-9a51-3a3f1d3c0a01
e5c7aefc-2367-4121-a5f9-8adf64a45587,929ccf27-47c6-4424-a8dc-cb4805424433,bdd640fb-0667-4ad1-9c80-317fa3b1799d,3b0b0e6c-5a36-4b8e-8c1e-0d7c5e2f9a11,95.0,412700000.0,39206500000.0,653393000.0,38553107000.0,358572000.0,1,7f5b6f7e-1c2d-4a4e-9a51-3a3f1d3c0a01
5d4398f3-db6d-453d-9211-b587ad6711cd,65e19760-e316-419e-8fdc-095a4eed9176,6c307511-b2b9-437a-a8df-6ec4ce4a2bbd,3b0b0e6c-5a36-4b8e-8c1e-0d7c5e2f9a11,115.0,475700000.0,54705500000.0,913177000.0,53792323000.0,437096000.0,1,7f5b6f7e-1c2d-4a4e-9a51-3a3f1d3c0a01
f2ac0d88-426c-491c-9833-f78238882d0b,b8a4cefc-f848-4611-82c3-4e64c5ea9d46,47378190-96da-4dac-b2ff-5d2a386ecbe0,3b0b0e6c-5a36-4b8e-8c1e-0d7c5e2f9a11,50.5,518900000.0,26204450000.0,767312000.0,25437138000.0,469395000.0,1,7f5b6f7e-1c2d-4a4e-9a51-3a3f1d3c0a01
e6bbddac-e090-417d-bac7-f7fb169c4d3d,b8a4cefc-f848-4611-82c3-4e64c5ea9d46,371ecd7b-27cd-4130-8722-9389571aa876,3b0b0e6c-5a36-4b8e-8c1e-0d7c5e2f9a11,44.5,512700000.00000006,22815150000.000004,668068000.0,22147082000.000004,468206000.0,2,7f5b6f7e-1c2d-4a4e-9a51-3a3f1d3c0a01
d1997455-f77b-4f92-b237-8442fdd8efe1,1949de9a-1308-45f8-acbb-c91a14fad162,23b8c1e9-3924-46de-beb1-3b9046685257,3b0b0e6c-5a36-4b8e-8c1e-0d7c5e2f9a11,55.0,270500000.0,14877500000.0,216578000.0,14660922000.0,250860000.0,1,7f5b6f7e-1c2d-4a4e-9a51-3a3f1d3c0a01
885f89b5-b062-4a4f-892d-e858a1b46469,d39fa1e4-f001-410a-8ee2-85743385159b,bdd640fb-0667-4ad1-9c80-317fa3b1799d,3b0b0e6c-5a36-4b8e-8c1e-0d7c5e2f9a11,30.0,283600000.0,8508000000.0,163773000.0,8344227000.0,258528000.0,1,7f5b6f7e-1c2d-4a4e-9a51-3a3f1d3c0a01
490eefee-1900-4783-9beb-92fa47218be4,4722ceda-76f3-4569-bcea-66a5db06708d,47378190-96da-4dac-b2ff-5d2a386ecbe0,3b0b0e6c-5a36-4b8e-8c1e-0d7c5e2f9a11,45.0,339700000.0,15286500000.0,271366000.0,15015134000.0,308630000.0,1,7f5b6f7e-1c2d-4a4e-9a51-3a3f1d3c0a01
5a3b7ecb-a87c-4e08-a7ce-93d0d75b21d2,8d8181c6-d54e-4a56-b04a-9ca0d265dac2,a9488d99-0bbb-4599-91ce-5dd2b45ed1f0,3b0b0e6c-5a36-4b8e-8c1e-0d7c5e2f9a11,25.0,358300000.0,8957500000.0,300672000.0,8656828000.0,318620000.0,1,7f5b6f7e-1c2d-4a4e-9a51-3a3f1d3c0a01
bf6b1423-ac07-4ec1-a6fd-5e74ac9f218c,d4a64bbc-c932-4560-9363-05e825f26dcc,a9488d99-0bbb-4599-91ce-5dd2b45ed1f0,3b0b0e6c-5a36-4b8e-8c1e-0d7c5e2f9a11,6.0,358300000.0,2149800000.0,69207000.0,2080593000.0,318620000.0,1,7f5b6f7e-1c2d-4a4e-9a51-3a3f1d3c0a01
9d7e667c-ef62-4a46-8b5c-5cfb29932161,d4a64bbc-c932-4560-9363-05e825f26dcc,3139d32c-93cd-49bf-9c94-1cf0dc98d2c1,3b0b0e6c-5a36-4b8e-8c1e-0d7c5e2f9a11,4.0,367700000.0,1470800000.0,47349000.0,1423451000.0,314772000.0,2,7f5b6f7e-1c2d-4a4e-9a51-3a3f1d3c0a01
aadf8e46-752c-4bc8-b68f-fced72d6be31,23a27267-e113-4d3a-99cc-4d06875f1f80,a9488d99-0bbb-4599-91ce-5dd2b45ed1f0,3b0b0e6c-5a36-4b8e-8c1e-0d7c5e2f9a11,77.5,371800000.0,28814500000.0,896574000.0,27917926000.0,327391000.0,1,7f5b6f7e-1c2d-4a4e-9a51-3a3f1d3c0a01
ebd25e89-2f19-4082-8bcf-1b70249a74b7,23a27267-e113-4d3a-99cc-4d06875f1f80,fc377a4c-4a15-444d-85e7-ce8a3a578a8e,3b0b0e6c-5a36-4b8e-8c1e-0d7c5e2f9a11,142.5,384900000.0,54848250000.0,1706624000.0,53141626000.0,336162000.0,2,7f5b6f7e-1c2d-4a4e-9a51-3a3f1d3c0a01
a3d67f28-4b60-4db2-b3de-3b89fb492a84,6778ef0b-47f2-4d06-b6af-1586972ba136,23b8c1e9-3924-46de-beb1-3b9046685257,3b0b0e6c-5a36-4b8e-8c1e-0d7c5e2f9a11,83.0,273200000.0,22675600000.0,557638000.0,22117962000.0,252918000.0,1,7f5b6f7e-1c2d-4a4e-9a51-3a3f1d3c0a01
81c5e700-d91c-4191-84f5-31e5bbb2beb8,6778ef0b-47f2-4d06-b6af-1586972ba136,9a1de644-815e-46d1-bb8f-aa1837f8a88b,3b0b0e6c-5a36-4b8e-8c1e-0d7c5e2f9a11,32.0,260200000.0,8326400000.0,204763000.0,8121637000.0,238144000.0,2,7f5b6f7e-1c2d-4a4e-9a51-3a3f1d3c0a01
5dbafc3d-2514-4892-974d-c3afd588700e,7f2b3c85-ec70-4990-8290-eedd4295edd1,ddd1dfb2-3b98-4ef8-9af6-1a26146d3f31,3b0b0e6c-5a36-4b8e-8c1e-0d7c5e2f9a11,205.0,328700000.0,67383500000.0,2091555000.0,65291945000.0,302304000.0,1,7f5b6f7e-1c2d-4a4e-9a51-3a3f1d3c0a01
71e0e57a-7d95-42ec-a9e4-8504dcc82668,9330e3c8-34d5-462d-a451-2fbde202f943,17fc695a-07a0-4a6e-8822-e8f36c031199,3b0b0e6c-5a36-4b8e-8c1e-0d7c5e2f9a11,37.0,362300000.0,13405100000.0,495068000.0,12910032000.0,328559000.0,1,7f5b6f7e-1c2d-4a4e-9a51-3a3f1d3c0a01
d2012319-af8f-497a-9e20-f90eedbb48e2,9330e3c8-34d5-462d-a451-2fbde202f943,bdd640fb-0667-4ad1-9c80-317fa3b1799d,3b0b0e6c-5a36-4b8e-8c1e-0d7c5e2f9a11,28.0,372600000.0,10432800000.0,385297000.0,10047503000.0,336320000.0,2,7f5b6f7e-1c2d-4a4e-9a51-3a3f1d3c0a01
c43de1eb-59a7-46ca-a559-2d871b83cc46,7287e9e4-8a9c-42a3-a3a2-ccd4a54846d6,43b7a3a6-9a8d-4a03-980d-7b71d8f56413,3b0b0e6c-5a36-4b8e-8c1e-0d7c5e2f9a11,120.0,484700000.0,58164000000.0,1960027000.0,56203973000.0,430218000.0,1,7f5b6f7e-1c2d-4a4e-9a51-3a3f1d3c0a01
cdf1c517-7973-43c2-b807-1c7cb7417bd0,c4fef630-9c56-4ea6-8fea-bdd980fbdbef,371ecd7b-27cd-4130-8722-9389571aa876,3b0b0e6c-5a36-4b8e-8c1e-0d7c5e2f9a11,46.0,512700000.00000006,23584200000.000004,962678000.0,22621522000.000004,468206000.0,1,7f5b6f7e-1c2d-4a4e-9a51-3a3f1d3c0a01
76850197-e196-483e-b93a-cfb28eb9e907,c4fef630-9c56-4ea6-8fea-bdd980fbdbef,6c307511-b2b9-437a-a8df-6ec4ce4a2bbd,3b0b0e6c-5a36-4b8e-8c1e-0d7c5e2f9a11,59.0,508000000.0,29972000000.0,1223420000.0,28748580000.0,459879000.0,2,7f5b6f7e-1c2d-4a4e-9a51-3a3f1d3c0a01
10a3c7ad-ef80-4917-8873-8f470a9d9718,df220087-94a5-48ca-8ad3-05944d3280ff,a9488d99-0bbb-4599-91ce-5dd2b45ed1f0,3b0b0e6c-5a36-4b8e-8c1e-0d7c5e2f9a11,26.0,578500000.0,15041000000.0,505776000.0,14535224000.0,509344000.0,1,7f5b6f7e-1c2d-4a4e-9a51-3a3f1d3c0a01
cf96ad0f-2324-48d7-add9-887d769750fa,df220087-94a5-48ca-8ad3-05944d3280ff,fc377a4c-4a15-444d-85e7-ce8a3a578a8e,3b0b0e6c-5a36-4b8e-8c1e-0d7c5e2f9a11,43.5,592100000.0,25756350000.0,866096000.0,24890254000.0,528587000.0,2,7f5b6f7e-1c2d-4a4e-9a51-3a3f1d3c0a01
0f103dbb-8402-4727-9cb1-c234f8818101,df220087-94a5-48ca-8ad3-05944d3280ff,3139d32c-93cd-49bf-9c94-1cf0dc98d2c1,3b0b0e6c-5a36-4b8e-8c1e-0d7c5e2f9a11,145.5,581300000.0,84579150000.0,2844102000.0,81735048000.0,522859000.0,3,7f5b6f7e-1c2d-4a4e-9a51-3a3f1d3c0a01
fd675b5b-a3b1-4351-bf15-37c8bb28e367,3b637316-59e0-4dc5-a404-bb3cce73b449,1a2a73ed-562b-4f79-8374-59eef50bea63,3b0b0e6c-5a36-4b8e-8c1e-0d7c5e2f9a11,20.5,341200000.0,6994600000.0,247945000.0,6746655000.0,311540000.0,1,7f5b6f7e-1c2d-4a4e-9a51-3a3f1d3c0a01
948116fd-7fc3-4ba0-b9b2-352bd2566b46,3b637316-59e0-4dc5-a404-bb3cce73b449,5be6128e-18c2-4797-a142-ea7d17be3111,3b0b0e6c-5a36-4b8e-8c1e-0d7c5e2f9a11,119.5,334000000.0,39913000000.0,1414837000.0,38498163000.0,305065000.0,2,7f5b6f7e-1c2d-4a4e-9a51-3a3f1d3c0a01
c336bf2a-e01e-435c-a26c-4323557666c4,7b7458a9-ccbe-4957-b81a-ec4ad4fb1441,43b7a3a6-9a8d-4a03-980d-7b71d8f56413,3b0b0e6c-5a36-4b8e-8c1e-0d7c5e2f9a11,85.0,353800000.0,30073000000.0,500001000.0,29572999000.0,315888000.0,1,7f5b6f7e-1c2d-4a4e-9a51-3a3f1d3c0a01
71315037-8834-4665-bf04-0e380ef67808,d20e584a-d811-4e96-8e29-af86fc4dd729,43b7a3a6-9a8d-4a03-980d-7b71d8f56413,3b0b0e6c-5a36-4b8e-8c1e-0d7c5e2f9a11,65.0,348700000.0,22665500000.0,801525000.0,21863975000.0,327265000.0,1,7f5b6f7e-1c2d-4a4e-9a51-3a3f1d3c0a01
838fb933-5eee-4f45-a2c6-d486b541cc50,e4a0dc04-923e-4017-91f3-a85877a3ba7d,43b7a3a6-9a8d-4a03-980d-7b71d8f56413,3b0b0e6c-5a36-4b8e-8c1e-0d7c5e2f9a11,125.0,353000000.0,44125000000.0,1542512000.0,42582488000.0,322548000.0,1,7f5b6f7e-1c2d-4a4e-9a51-3a3f1d3c0a01
5a2c9c8a-ce25-4ace-a51a-b5aedd6a183d,4be1b095-067a-4235-8eb5-a111d8521f03,1a2a73ed-562b-4f79-8374-59eef50bea63,3b0b0e6c-5a36-4b8e-8c1e-0d7c5e2f9a11,37.5,430700000.0,16151250000.0,534236000.0,15617014000.0,392385000.0,1,7f5b6f7e-1c2d-4a4e-9a51-3a3f1d3c0a01
bc55bb8c-76ca-4b91-a7bc-1fedabffb420,4be1b095-067a-4235-8eb5-a111d8521f03,5be6128e-18c2-4797-a142-ea7d17be3111,3b0b0e6c-5a36-4b8e-8c1e-0d7c5e2f9a11,49.5,423400000.0,20958300000.0,693239000.0,20265061000.0,388315000.0,2,7f5b6f7e-1c2d-4a4e-9a51-3a3f1d3c0a01
952c9e6f-5fb2-4ce6-9e49-c8ee61fc222b,4be1b095-067a-4235-8eb5-a111d8521f03,43b7a3a6-9a8d-4a03-980d-7b71d8f56413,3b0b0e6c-5a36-4b8e-8c1e-0d7c5e2f9a11,8.5,440200000.0,3741700000.0,123764000.0,3617936000.0,398952000.0,3,7f5b6f7e-1c2d-4a4e-9a51-3a3f1d3c0a01
f97c48e1-02d1-402d-87df-3f741eebb224,99864539-7517-4922-b1e0-b0d33a9f4fd7,43b7a3a6-9a8d-4a03-980d-7b71d8f56413,3b0b0e6c-5a36-4b8e-8c1e-0d7c5e2f9a11,8.0,553900000.0,4431200000.0,164967000.0,4266233000.0,502645000.0,1,7f5b6f7e-1c2d-4a4e-9a51-3a3f1d3c0a01
0b69dc7b-d392-4608-97bc-0f452e9749c0,99864539-7517-4922-b1e0-b0d33a9f4fd7,5be6128e-18c2-4797-a142-ea7d17be3111,3b0b0e6c-5a36-4b8e-8c1e-0d7c5e2f9a11,10.5,531700000.00000006,5582850000.000001,207841000.0,5375009000.000001,480908000.0,2,7f5b6f7e-1c2d-4a4e-9a51-3a3f1d3c0a01
bb3fbd45-218f-4a7d-9d3a-af59a11ad612,99864539-7517-4922-b1e0-b0d33a9f4fd7,1a2a73ed-562b-4f79-8374-59eef50bea63,3b0b0e6c-5a36-4b8e-8c1e-0d7c5e2f9a11,11.5,544800000.0,6265200000.0,233244000.0,6031956000.0,490620000.0,3,7f5b6f7e-1c2d-4a4e-9a51-3a3f1d3c0a01
80b8cd45-c73c-4db9-8841-a0238b28fb5e,f9a85fae-2793-4466-afdf-c061953af60b,43b7a3a6-9a8d-4a03-980d-7b71d8f56413,3b0b0e6c-5a36-4b8e-8c1e-0d7c5e2f9a11,130.0,568400000.0,73892000000.0,2673574000.0,71218426000.0,518092000.0,1,7f5b6f7e-1c2d-4a4e-9a51-3a3f1d3c0a01
e2b43711-765d-44e4-8a2c-38cf34bd50b9,8d3ae614-0e17-401d-b9c6-52c5e6f1e5ea,371ecd7b-27cd-4130-8722-9389571aa876,3b0b0e6c-5a36-4b8e-8c1e-0d7c5e2f9a11,15.0,334700000.0,5020500000.0,95441000.0,4925059000.0,300394000.0,1,7f5b6f7e-1c2d-4a4e-9a51-3a3f1d3c0a01
1e38c880-6f73-4863-b226-0b0f5ddaf3e5,c61c7ded-4a94-462d-a2a3-1d44a3378257,5be6128e-18c2-4797-a142-ea7d17be3111,3b0b0e6c-5a36-4b8e-8c1e-0d7c5e2f9a11,90.0,360500000.0,32445000000.0,714370000.0,31730630000.0,327080000.0,1,7f5b6f7e-1c2d-4a4e-9a51-3a3f1d3c0a01
5cacd976-db89-422d-8a9e-3215161510a5,8a904bc1-e2e7-41a8-b78e-d7e4c0230f0f,371ecd7b-27cd-4130-8722-9389571aa876,3b0b0e6c-5a36-4b8e-8c1e-0d7c5e2f9a11,14.5,429600000.0,6229200000.0,94384000.0,6134816000.0,393633000.0,1,7f5b6f7e-1c2d-4a4e-9a51-3a3f1d3c0a01
558b30fc-9047-4506-a732-b67c561dc2b6,8a904bc1-e2e7-41a8-b78e-d7e4c0230f0f,b74d0fb1-32e7-4629-8fad-c1a606cb0fb3,3b0b0e6c-5a36-4b8e-8c1e-0d7c5e2f9a11,10.5,449300000.0,4717650000.0,71481000.0,4646169000.0,407724000.0,2,7f5b6f7e-1c2d-4a4e-9a51-3a3f1d3c0a01
1c41cd7e-308f-4c6a-8d9b-58cc3559732c,525a2d76-5088-45f0-9f4b-9e6e39850459,a9488d99-0bbb-4599-91ce-5dd2b45ed1f0,3b0b0e6c-5a36-4b8e-8c1e-0d7c5e2f9a11,21.5,358300000.0,7703450000.0,251801000.0,7451649000.0,318620000.0,1,7f5b6f7e-1c2d-4a4e-9a51-3a3f1d3c0a01
3db129fa-5aa9-481a-9e30-dc07609c4a0b,525a2d76-5088-45f0-9f4b-9e6e39850459,fc377a4c-4a15-444d-85e7-ce8a3a578a8e,3b0b0e6c-5a36-4b8e-8c1e-0d7c5e2f9a11,13.5,373000000.0,5035500000.0,164594000.0,4870906000.0,327480000.0,2,7f5b6f7e-1c2d-4a4e-9a51-3a3f1d3c0a01
7aa1b328-0f30-4bf8-81bc-09decc1d8c22,65b0439d-9ed9-43fb-9f25-c5d63c042665,bdd640fb-0667-4ad1-9c80-317fa3b1799d,3b0b0e6c-5a36-4b8e-8c1e-0d7c5e2f9a11,35.0,295100000.0,10328500000.0,128481000.0,10200019000.0,271618000.0,1,7f5b6f7e-1c2d-4a4e-9a51-3a3f1d3c0a01
c2cb0dc5-3ec9-4e84-8dd6-cc77067b7dc9,7bfce8dc-dd74-4630-ae14-31f0b0505831,972a8469-1641-4f82-8b9d-2434e465e150,3b0b0e6c-5a36-4b8e-8c1e-0d7c5e2f9a11,35.0,332400000.0,11634000000.0,338398000.0,11295602000.0,313225000.0,1,7f5b6f7e-1c2d-4a4e-9a51-3a3f1d3c0a01
e00ed5c7-6400-4fee-816b-23a247b8de3c,7001b2c3-9aec-413f-8131-a28a98d21075,ddd1dfb2-3b98-4ef8-9af6-1a26146d3f31,3b0b0e6c-5a36-4b8e-8c1e-0d7c5e2f9a11,260.0,248400000.0,64584000000.0,2434530000.0,62149470000.0,233496000.0,1,7f5b6f7e-1c2d-4a4e-9a51-3a3f1d3c0a01
b4295d10-1ea4-4c8e-af18-91d3106f5a96,c7b39bdd-3106-41ab-8d4a-18f84d4b3377,23b8c1e9-3924-46de-beb1-3b9046685257,3b0b0e6c-5a36-4b8e-8c1e-0d7c5e2f9a11,164.5,268300000.0,44135350000.0,983654000.0,43151696000.0,245064000.0,1,7f5b6f7e-1c2d-4a4e-9a51-3a3f1d3c0a01
b4456923-ea96-42c7-ac53-a6acd6d77496,c7b39bdd-3106-41ab-8d4a-18f84d4b3377,bd9c66b3-ad3c-4d6d-9a3d-1fa7bc8960a9,3b0b0e6c-5a36-4b8e-8c1e-0d7c5e2f9a11,130.5,265000000.0,34582500000.0,770747000.0,33811753000.0,241510000.0,2,7f5b6f7e-1c2d-4a4e-9a51-3a3f1d3c0a01
dbf4fd8c-f8c9-47ba-a9b5-0193f6790567,8d6e70a4-d94a-4a9e-9c48-309922649431,17fc695a-07a0-4a6e-8822-e8f36c031199,3b0b0e6c-5a36-4b8e-8c1e-0d7c5e2f9a11,205.0,276600000.0,56703000000.0,2143266000.0,54559734000.0,250112000.0,1,7f5b6f7e-1c2d-4a4e-9a51-3a3f1d3c0a01
36947cb8-2eab-46d1-95ec-0533806ce295,272789f2-46e0-4b2a-9be3-94349fe56238,6c307511-b2b9-437a-a8df-6ec4ce4a2bbd,3b0b0e6c-5a36-4b8e-8c1e-0d7c5e2f9a11,93.0,331500000.0,30829500000.0,862326000.0,29967174000.0,302042000.0,1,7f5b6f7e-1c2d-4a4e-9a51-3a3f1d3c0a01
974281b6-89f3-421c-934a-323617bf6272,272789f2-46e0-4b2a-9be3-94349fe56238,47378190-96da-4dac-b2ff-5d2a386ecbe0,3b0b0e6c-5a36-4b8e-8c1e-0d7c5e2f9a11,37.0,337000000.0,12469000000.0,348768000.0,12120232000.0,310551000.0,2,7f5b6f7e-1c2d-4a4e-9a51-3a3f1d3c0a01
f322eb0a-e37b-4980-92ca-bba2dc2b0e01,ff675c6e-91ac-4c67-bd7d-8474106823aa,6b65a6a4-8b81-48f6-b38a-088ca65ed389,3b0b0e6c-5a36-4b8e-8c1e-0d7c5e2f9a11,185.0,337600000.0,62456000000.0,2017466000.0,60438534000.0,303322000.0,1,7f5b6f7e-1c2d-4a4e-9a51-3a3f1d3c0a01
47368097-501a-4dc4-a783-7423af3ac2c8,7d521537-e092-48d0-872d-f911a9b4e4b1,a9488d99-0bbb-4599-91ce-5dd2b45ed1f0,3b0b0e6c-5a36-4b8e-8c1e-0d7c5e2f9a11,26.5,385600000.0,10218400000.0,320562000.0,9897838000.0,340100000.0,1,7f5b6f7e-1c2d-4a4e-9a51-3a3f1d3c0a01
53d8d2fc-817b-4052-8622-5eec39c8ea49,7d521537-e092-48d0-872d-f911a9b4e4b1,3139d32c-93cd-49bf-9c94-1cf0dc98d2c1,3b0b0e6c-5a36-4b8e-8c1e-0d7c5e2f9a11,63.5,400600000.0,25438100000.0,798020000.0,24640080000.0,343412000.0,2,7f5b6f7e-1c2d-4a4e-9a51-3a3f1d3c0a01
a40122ea-0d7a-460d-889d-eda9e97781ba,239ccf4d-8a65-409b-ab69-2aff5aa227e8,47378190-96da-4dac-b2ff-5d2a386ecbe0,3b0b0e6c-5a36-4b8e-8c1e-0d7c5e2f9a11,110.0,406000000.0,44660000000.0,1312305000.0,43347695000.0,388692000.0,1,7f5b6f7e-1c2d-4a4e-9a51-3a3f1d3c0a01
8181581a-98b3-485b-961b-91b727723637,767a84bb-3d6f-4d0f-8275-c8af17530c31,43b7a3a6-9a8d-4a03-980d-7b71d8f56413,3b0b0e6c-5a36-4b8e-8c1e-0d7c5e2f9a11,112.5,460400000.0,51795000000.0,1450309000.0,50344691000.0,413660000.0,1,7f5b6f7e-1c2d-4a4e-9a51-3a3f1d3c0a01
c6823cc2-46f1-4106-94e1-e2914065333b,767a84bb-3d6f-4d0f-8275-c8af17530c31,1a2a73ed-562b-4f79-8374-59eef50bea63,3b0b0e6c-5a36-4b8e-8c1e-0d7c5e2f9a11,87.5,452700000.0,39611250000.0,1109153000.0,38502097000.0,403208000.0,2,7f5b6f7e-1c2d-4a4e-9a51-3a3f1d3c0a01
c6de5b0b-d75f-41d9-b2d5-d04a64700578,082f48a6-bdab-401b-b423-adf369aa68e1,3139d32c-93cd-49bf-9c94-1cf0dc98d2c1,3b0b0e6c-5a36-4b8e-8c1e-0d7c5e2f9a11,155.0,570900000.0,88489500000.0,3279553000.0,85209947000.0,490550000.0,1,7f5b6f7e-1c2d-4a4e-9a51-3a3f1d3c0a01
d8419093-6b17-4241-840d-a773f37136a2,29f537a2-e1f9-435d-9602-a0f2c3800654,6c307511-b2b9-437a-a8df-6ec4ce4a2bbd,3b0b0e6c-5a36-4b8e-8c1e-0d7c5e2f9a11,57.5,502600000.0,28899500000.0,1069971000.0,27829529000.0,451278000.0,1,7f5b6f7e-1c2d-4a4e-9a51-3a3f1d3c0a01
3affbe89-0946-48c9-8d6f-23a4561fbdfc,29f537a2-e1f9-435d-9602-a0f2c3800654,47378190-96da-4dac-b2ff-5d2a386ecbe0,3b0b0e6c-5a36-4b8e-8c1e-0d7c5e2f9a11,42.5,513000000.0,21802500000.0,807213000.0,20995287000.0,474885000.0,2,7f5b6f7e-1c2d-4a4e-9a51-3a3f1d3c0a01
dddc20c9-5a6b-468c-9700-5c1a31978b13,1bc1e5ef-a728-41ff-90b1-cc563531b208,ddd1dfb2-3b98-4ef8-9af6-1a26146d3f31,3b0b0e6c-5a36-4b8e-8c1e-0d7c5e2f9a11,210.0,410400000.0,86184000000.0,2749534000.0,83434466000.0,382298000.0,1,7f5b6f7e-1c2d-4a4e-9a51-3a3f1d3c0a01
e450df15-a543-4260-a368-795974dbbaae,cbf1b05e-fff0-49db-b14b-4ea2f3b30f17,bdd640fb-0667-4ad1-9c80-317fa3b1799d,3b0b0e6c-5a36-4b8e-8c1e-0d7c5e2f9a11,55.0,292000000.0,16060000000.0,311605000.0,15748395000.0,265166000.0,1,7f5b6f7e-1c2d-4a4e-9a51-3a3f1d3c0a01
6dba7d43-2dee-48d5-916d-43fd0ba5f564,ee72a771-75b4-4839-850e-65026b4c616d,c241330b-01a9-471f-9e8a-774bcf36d58b,3b0b0e6c-5a36-4b8e-8c1e-0d7c5e2f9a11,65.0,437700000.0,28450500000.0,502600000.0,27947900000.0,392718000.0,1,7f5b6f7e-1c2d-4a4e-9a51-3a3f1d3c0a01
ac6f8ecd-a5ee-4662-806a-c43e4990e909,5caeebe1-0f72-415f-8f72-9ee8f0370d00,6c307511-b2b9-437a-a8df-6ec4ce4a2bbd,3b0b0e6c-5a36-4b8e-8c1e-0d7c5e2f9a11,13.5,400400000.0,5405400000.0,110661000.0,5294739000.0,361242000.0,1,7f5b6f7e-1c2d-4a4e-9a51-3a3f1d3c0a01
b498a248-563f-4ba7-babc-dfee66348ec6,5caeebe1-0f72-415f-8f72-9ee8f0370d00,b74d0fb1-32e7-4629-8fad-c1a606cb0fb3,3b0b0e6c-5a36-4b8e-8c1e-0d7c5e2f9a11,17.0,419600000.0,7133200000.0,146033000.0,6987167000.0,372680000.0,2,7f5b6f7e-1c2d-4a4e-9a51-3a3f1d3c0a01
15e51f7f-c86f-48d7-8610-52eff4b87b0c,5caeebe1-0f72-415f-8f72-9ee8f0370d00,371ecd7b-27cd-4130-8722-9389571aa876,3b0b0e6c-5a36-4b8e-8c1e-0d7c5e2f9a11,29.5,406000000.0,11977000000.0,245196000.0,11731804000.0,367098000.0,3,7f5b6f7e-1c2d-4a4e-9a51-3a3f1d3c0a01
3ad61877-aa8d-47d7-81b0-ae5bcb00a91d,e6dc8c3d-a6eb-42e6-98c6-0d5096aee89d,6c307511-b2b9-437a-a8df-6ec4ce4a2bbd,3b0b0e6c-5a36-4b8e-8c1e-0d7c5e2f9a11,7.0,400400000.0,2802800000.0,73684000.0,2729116000.0,361242000.0,1,7f5b6f7e-1c2d-4a4e-9a51-3a3f1d3c0a01
31658963-fd96-47de-872e-9fe4a66fb457,e6dc8c3d-a6eb-42e6-98c6-0d5096aee89d,c241330b-01a9-471f-9e8a-774bcf36d58b,3b0b0e6c-5a36-4b8e-8c1e-0d7c5e2f9a11,18.5,437700000.0,8097450000.0,212876000.0,7884574000.0,392718000.0,2,7f5b6f7e-1c2d-4a4e-9a51-3a3f1d3c0a01
b6a84ff8-0aa0-4b9d-806e-0bbc7cbf7376,e6dc8c3d-a6eb-42e6-98c6-0d5096aee89d,b74d0fb1-32e7-4629-8fad-c1a606cb0fb3,3b0b0e6c-5a36-4b8e-8c1e-0d7c5e2f9a11,9.5,419600000.0,3986200000.0,104794000.0,3881406000.0,372680000.0,3,7f5b6f7e-1c2d-4a4e-9a51-3a3f1d3c0a01
e29699e4-a28e-4a56-994f-74f092b06df1,d926f60f-2ade-4819-995a-f18136e5a55c,371ecd7b-27cd-4130-8722-9389571aa876,3b0b0e6c-5a36-4b8e-8c1e-0d7c5e2f9a11,50.0,511700000.0,25585000000.0,636339000.0,24948661000.0,453748000.0,1,7f5b6f7e-1c2d-4a4e-9a51-3a3f1d3c0a01
cfe41895-0774-447c-8613-605c646a47ac,426550e7-a87f-48cb-a3ae-20b0b795b8d4,5be6128e-18c2-4797-a142-ea7d17be3111,3b0b0e6c-5a36-4b8e-8c1e-0d7c5e2f9a11,20.0,329800000.0,6596000000.0,145041000.0,6450959000.0,305065000.0,1,7f5b6f7e-1c2d-4a4e-9a51-3a3f1d3c0a01
cdf0baa1-5ea1-400e-9f36-840317482564,426550e7-a87f-48cb-a3ae-20b0b795b8d4,43b7a3a6-9a8d-4a03-980d-7b71d8f56413,3b0b0e6c-5a36-4b8e-8c1e-0d7c5e2f9a11,25.0,341500000.0,8537500000.0,187733000.0,8349767000.0,315888000.0,2,7f5b6f7e-1c2d-4a4e-9a51-3a3f1d3c0a01
9222e617-e8a1-4000-8e45-82f0b8b2f826,a5141316-1da3-4dca-96f1-fd64aab81180,fc377a4c-4a15-444d-85e7-ce8a3a578a8e,3b0b0e6c-5a36-4b8e-8c1e-0d7c5e2f9a11,44.0,384900000.0,16935600000.0,235629000.0,16699971000.0,336162000.0,1,7f5b6f7e-1c2d-4a4e-9a51-3a3f1d3c0a01
52cea4d9-a0f6-4ae4-8582-5615c91139dc,a5141316-1da3-4dca-96f1-fd64aab81180,a9488d99-0bbb-4599-91ce-5dd2b45ed1f0,3b0b0e6c-5a36-4b8e-8c1e-0d7c5e2f9a11,31.0,371800000.0,11525800000.0,160361000.0,11365439000.0,327391000.0,2,7f5b6f7e-1c2d-4a4e-9a51-3a3f1d3c0a01
6c6a7cb1-8345-4a7c-9049-3d946409bb44,c9010ccb-0c7d-43be-8816-a769a27475a6,e2acf72f-9e57-4f7a-a0ee-89aed453dd32,3b0b0e6c-5a36-4b8e-8c1e-0d7c5e2f9a11,41.0,581200000.0,23829200000.0,197708000.0,23631492000.0,534363000.0,1,7f5b6f7e-1c2d-4a4e-9a51-3a3f1d3c0a01
a50060f9-ae01-4768-8217-116cb09ea4dd,c9010ccb-0c7d-43be-8816-a769a27475a6,4b0dbb41-8d52-48f1-942c-3fe860e7a113,3b0b0e6c-5a36-4b8e-8c1e-0d7c5e2f9a11,29.0,592700000.0,17188300000.0,142609000.0,17045691000.0,547284000.0,2,7f5b6f7e-1c2d-4a4e-9a51-3a3f1d3c0a01
98ffae70-27d7-43de-bf59-0fb9edaa9d51,9fda3613-68c2-4b00-95c3-9e8864cf8d27,3139d32c-93cd-49bf-9c94-1cf0dc98d2c1,3b0b0e6c-5a36-4b8e-8c1e-0d7c5e2f9a11,20.0,548100000.0,10962000000.0,134429000.0,10827571000.0,456450000.0,1,7f5b6f7e-1c2d-4a4e-9a51-3a3f1d3c0a01
842b87d9-a656-4677-9b70-96cf94b6761e,864cf1e5-fe84-48a1-a981-98a8d653da94,759cde66-bacf-43d0-8b1f-9163ce9ff57f,3b0b0e6c-5a36-4b8e-8c1e-0d7c5e2f9a11,35.0,547200000.0,19152000000.0,301204000.0,18850796000.0,489514000.0,1,7f5b6f7e-1c2d-4a4e-9a51-3a3f1d3c0a01
58f2d315-8da5-401d-8356-4aec3caf50ee,66c6791b-5cbe-4469-b956-a81eb4102544,759cde66-bacf-43d0-8b1f-9163ce9ff57f,3b0b0e6c-5a36-4b8e-8c1e-0d7c5e2f9a11,50.0,669500000.0,33475000000.0,631357000.0,32843643000.0,585535000.0,1,7f5b6f7e-1c2d-4a4e-9a51-3a3f1d3c0a01
6dbeffcd-b27c-4835-a170-259352f50807,4ef60c52-fdfb-42b9-bd23-a169d99dff00,759cde66-bacf-43d0-8b1f-9163ce9ff57f,3b0b0e6c-5a36-4b8e-8c1e-0d7c5e2f9a11,6.5,416300000.0,2705950000.0,41153000.0,2664797000.0,364986000.0,1,7f5b6f7e-1c2d-4a4e-9a51-3a3f1d3c0a01
d523aa83-2f48-42b2-9269-342827f4ef66,4ef60c52-fdfb-42b9-bd23-a169d99dff00,ec1b8ca1-f91e-4d4c-9ff4-9b7889463e85,3b0b0e6c-5a36-4b8e-8c1e-0d7c5e2f9a11,8.5,411800000.0,3500300000.0,53234000.0,3447066000.0,360280000.0,2,7f5b6f7e-1c2d-4a4e-9a51-3a3f1d3c0a01
2b4b17ae-5c36-4280-96db-604c5b10fd20,faff3419-fc24-4d9b-b5a6-aeff73a7bc99,e2acf72f-9e57-4f7a-a0ee-89aed453dd32,3b0b0e6c-5a36-4b8e-8c1e-0d7c5e2f9a11,45.0,491700000.0,22126500000.0,493786000.0,21632714000.0,428694000.0,1,7f5b6f7e-1c2d-4a4e-9a51-3a3f1d3c0a01
189f2996-0e33-4ece-9f9b-cb1cc8c06040,b0983b02-3a21-475b-8ec3-21ea47b7e442,ec1b8ca1-f91e-4d4c-9ff4-9b7889463e85,3b0b0e6c-5a36-4b8e-8c1e-0d7c5e2f9a11,14.0,417100000.0,5839400000.0,138282000.0,5701118000.0,374218000.0,1,7f5b6f7e-1c2d-4a4e-9a51-3a3f1d3c0a01
4bf913e5-a011-4476-b313-cb970d04acac,b0983b02-3a21-475b-8ec3-21ea47b7e442,759cde66-bacf-43d0-8b1f-9163ce9ff57f,3b0b0e6c-5a36-4b8e-8c1e-0d7c5e2f9a11,16.0,425100000.0,6801600000.0,161067000.0,6640533000.0,383992000.0,2,7f5b6f7e-1c2d-4a4e-9a51-3a3f1d3c0a01
1c07e0fc-1b99-4a86-8f49-e11a85fd2646,a5e8098b-d136-4d58-a263-7fe4217a6a51,5be6128e-18c2-4797-a142-ea7d17be3111,3b0b0e6c-5a36-4b8e-8c1e-0d7c5e2f9a11,40.0,353600000.0,14144000000.0,392913000.0,13751087000.0,328468000.0,1,7f5b6f7e-1c2d-4a4e-9a51-3a3f1d3c0a01
3ca9f3f2-1fe0-4c14-9e12-1ad76ba895de,b41d5a3d-f3fb-4964-9a15-45466c52fc9a,ec1b8ca1-f91e-4d4c-9ff4-9b7889463e85,3b0b0e6c-5a36-4b8e-8c1e-0d7c5e2f9a11,9.0,496200000.0,4465800000.0,51059000.0,4414741000.0,447251000.0,1,7f5b6f7e-1c2d-4a4e-9a51-3a3f1d3c0a01
40708acf-cef0-488c-9932-66fd00815427,b41d5a3d-f3fb-4964-9a15-45466c52fc9a,759cde66-bacf-43d0-8b1f-9163ce9ff57f,3b0b0e6c-5a36-4b8e-8c1e-0d7c5e2f9a11,16.0,504500000.0,8072000000.0,92290000.0,7979710000.0,458926000.0,2,7f5b6f7e-1c2d-4a4e-9a51-3a3f1d3c0a01
ea1ef4a1-7442-414d-bab5-a7a9948cd85f,50ee5ecc-63c8-4be8-8dd0-0e0697e235c3,759cde66-bacf-43d0-8b1f-9163ce9ff57f,3b0b0e6c-5a36-4b8e-8c1e-0d7c5e2f9a11,80.0,547200000.0,43776000000.0,522964000.0,43253036000.0,489514000.0,1,7f5b6f7e-1c2d-4a4e-9a51-3a3f1d3c0a01
057feae5-c992-448d-af84-ae5948860b87,549f0377-7dcd-4822-8624-244317f1cde5,e2acf72f-9e57-4f7a-a0ee-89aed453dd32,3b0b0e6c-5a36-4b8e-8c1e-0d7c5e2f9a11,50.0,627000000.0,31350000000.0,583658000.0,30766342000.0,548788000.0,1,7f5b6f7e-1c2d-4a4e-9a51-3a3f1d3c0a01
8ab5b296-d6dd-41a5-9bdd-b5b66d593be8,785b7b63-c047-40c5-9c8f-bc72eb0e549b,ec1b8ca1-f91e-4d4c-9ff4-9b7889463e85,3b0b0e6c-5a36-4b8e-8c1e-0d7c5e2f9a11,70.0,535700000.00000006,37499000000.00001,695300000.0,36803700000.00001,483541000.0,1,7f5b6f7e-1c2d-4a4e-9a51-3a3f1d3c0a01
86eaa32d-de73-414b-ba3a-9867726866d7,2483c444-a5d6-417c-ae15-b9df8716198d,b74d0fb1-32e7-4629-8fad-c1a606cb0fb3,3b0b0e6c-5a36-4b8e-8c1e-0d7c5e2f9a11,215.0,335900000.0,72218500000.0,1511977000.0,70706523000.0,302682000.0,1,7f5b6f7e-1c2d-4a4e-9a51-3a3f1d3c0a01
683a0beb-a655-452a-8ef9-08ed7972b7c1,8eb78ba4-349b-4e4f-af75-043d939d4983,b74d0fb1-32e7-4629-8fad-c1a606cb0fb3,3b0b0e6c-5a36-4b8e-8c1e-0d7c5e2f9a11,64.0,345000000.0,22080000000.0,457436000.0,21622564000.0,307348000.0,1,7f5b6f7e-1c2d-4a4e-9a51-3a3f1d3c0a01
1574283a-a67f-42bc-a8fd-0188acd5af1e,8eb78ba4-349b-4e4f-af75-043d939d4983,47378190-96da-4dac-b2ff-5d2a386ecbe0,3b0b0e6c-5a36-4b8e-8c1e-0d7c5e2f9a11,276.0,339700000.0,93757200000.0,1942388000.0,91814812000.0,308630000.0,2,7f5b6f7e-1c2d-4a4e-9a51-3a3f1d3c0a01
c0ddbf34-fb5f-4152-b7e4-b3daa1e596f7,a6cf54b6-c02a-4540-a9c8-da0d7c54d0a3,3139d32c-93cd-49bf-9c94-1cf0dc98d2c1,3b0b0e6c-5a36-4b8e-8c1e-0d7c5e2f9a11,10.5,373400000.0,3920700000.0,110635000.0,3810065000.0,329628000.0,1,7f5b6f7e-1c2d-4a4e-9a51-3a3f1d3c0a01
2263dff4-2ca3-4419-879e-e8e60d309fbd,a6cf54b6-c02a-4540-a9c8-da0d7c54d0a3,fc377a4c-4a15-444d-85e7-ce8a3a578a8e,3b0b0e6c-5a36-4b8e-8c1e-0d7c5e2f9a11,129.5,384900000.0,49844550000.0,1406519000.0,48438031000.0,336162000.0,2,7f5b6f7e-1c2d-4a4e-9a51-3a3f1d3c0a01
00e2ac89-978e-48aa-8dec-94f3d669074f,a6cf54b6-c02a-4540-a9c8-da0d7c54d0a3,a9488d99-0bbb-4599-91ce-5dd2b45ed1f0,3b0b0e6c-5a36-4b8e-8c1e-0d7c5e2f9a11,15.0,371800000.0,5577000000.0,157372000.0,5419628000.0,327391000.0,3,7f5b6f7e-1c2d-4a4e-9a51-3a3f1d3c0a01
3ab40115-123e-49b8-a931-38020d39c7db,dbd67744-8596-4e52-a159-873c058142ee,b74d0fb1-32e7-4629-8fad-c1a606cb0fb3,3b0b0e6c-5a36-4b8e-8c1e-0d7c5e2f9a11,31.0,344200000.0,10670200000.0,420078000.0,10250122000.0,315675000.0,1,7f5b6f7e-1c2d-4a4e-9a51-3a3f1d3c0a01
462fc3db-6775-4238-af3b-82092c0f1f93,dbd67744-8596-4e52-a159-873c058142ee,47378190-96da-4dac-b2ff-5d2a386ecbe0,3b0b0e6c-5a36-4b8e-8c1e-0d7c5e2f9a11,19.5,339400000.0,6618300000.0,260558000.0,6357742000.0,310826000.0,2,7f5b6f7e-1c2d-4a4e-9a51-3a3f1d3c0a01
b9bc7984-147f-42df-81c5-9badb42a5915,dbd67744-8596-4e52-a159-873c058142ee,371ecd7b-27cd-4130-8722-9389571aa876,3b0b0e6c-5a36-4b8e-8c1e-0d7c5e2f9a11,49.5,333600000.0,16513200000.0,650113000.0,15863087000.0,306250000.0,3,7f5b6f7e-1c2d-4a4e-9a51-3a3f1d3c0a01
e1b150fa-afa7-4f15-9d85-ef5e0dc189ef,ac04da65-053e-4769-9c62-36ffbdf4f36c,bd9c66b3-ad3c-4d6d-9a3d-1fa7bc8960a9,3b0b0e6c-5a36-4b8e-8c1e-0d7c5e2f9a11,31.5,336400000.0,10596600000.0,322359000.0,10274241000.0,309111000.0,1,7f5b6f7e-1c2d-4a4e-9a51-3a3f1d3c0a01
b8ce0c78-ee92-44a1-ad09-3633726f593c,ac04da65-053e-4769-9c62-36ffbdf4f36c,bdd640fb-0667-4ad1-9c80-317fa3b1799d,3b0b0e6c-5a36-4b8e-8c1e-0d7c5e2f9a11,38.5,348200000.0,13405700000.0,407815000.0,12997885000.0,320705000.0,2,7f5b6f7e-1c2d-4a4e-9a51-3a3f1d3c0a01
0862d898-edf1-401a-ab93-0b24934e0a84,ac04da65-053e-4769-9c62-36ffbdf4f36c,17fc695a-07a0-4a6e-8822-e8f36c031199,3b0b0e6c-5a36-4b8e-8c1e-0d7c5e2f9a11,14.5,334200000.0,4845900000.0,147417000.0,4698483000.0,309111000.0,3,7f5b6f7e-1c2d-4a4e-9a51-3a3f1d3c0a01
cbacb977-2d94-4e7d-87f0-4d2d4dc988e2,3ef763e2-be39-428e-b3f7-5a73e141ab38,bd9c66b3-ad3c-4d6d-9a3d-1fa7bc8960a9,3b0b0e6c-5a36-4b8e-8c1e-0d7c5e2f9a11,95.0,338000000.0,32110000000.0,1145202000.0,30964798000.0,315188000.0,1,7f5b6f7e-1c2d-4a4e-9a51-3a3f1d3c0a01
68940e60-b5f2-4305-90fa-bc8cd24b216d,c445ba51-681b-4885-ba03-5fcb7513218c,bdd640fb-0667-4ad1-9c80-317fa3b1799d,3b0b0e6c-5a36-4b8e-8c1e-0d7c5e2f9a11,165.0,348700000.0,57535500000.0,943224000.0,56592276000.0,328278000.0,1,7f5b6f7e-1c2d-4a4e-9a51-3a3f1d3c0a01
c9c36aa3-e539-446a-ba65-95667a78927b,86c819ee-1393-4110-8568-31e0fe403806,17fc695a-07a0-4a6e-8822-e8f36c031199,3b0b0e6c-5a36-4b8e-8c1e-0d7c5e2f9a11,81.5,389600000.0,31752400000.0,433240000.0,31319160000.0,338376000.0,1,7f5b6f7e-1c2d-4a4e-9a51-3a3f1d3c0a01
9a79996a-26e9-417e-83f8-f8a4faeb270d,86c819ee-1393-4110-8568-31e0fe403806,972a8469-1641-4f82-8b9d-2434e465e150,3b0b0e6c-5a36-4b8e-8c1e-0d7c5e2f9a11,8.5,394800000.0,3355800000.0,45788000.0,3310012000.0,340340000.0,2,7f5b6f7e-1c2d-4a4e-9a51-3a3f1d3c0a01
deb4b160-9898-40cd-b165-1e4ed1ba5e76,621e7e06-ffc9-4ae4-a173-45dba9982f35,bdd640fb-0667-4ad1-9c80-317fa3b1799d,3b0b0e6c-5a36-4b8e-8c1e-0d7c5e2f9a11,170.0,427500000.0,72675000000.0,2449451000.0,70225549000.0,385874000.0,1,7f5b6f7e-1c2d-4a4e-9a51-3a3f1d3c0a01
51c3d56f-326f-4d4d-8c35-b61a8bfde4d6,4c233b2a-ceff-4378-9763-7103a5e542e5,9a1de644-815e-46d1-bb8f-aa1837f8a88b,3b0b0e6c-5a36-4b8e-8c1e-0d7c5e2f9a11,170.0,397600000.0,67592000000.0,1852491000.0,65739509000.0,362967000.0,1,7f5b6f7e-1c2d-4a4e-9a51-3a3f1d3c0a01
d5e94c8d-3bf1-4042-960c-82f7039455fa,6cddd7a5-f40d-409a-9667-e0b19d55e411,47378190-96da-4dac-b2ff-5d2a386ecbe0,3b0b0e6c-5a36-4b8e-8c1e-0d7c5e2f9a11,205.0,519000000.0,106395000000.0,3392626000.0,103002374000.0,453566000.0,1,7f5b6f7e-1c2d-4a4e-9a51-3a3f1d3c0a01
896557fe-cb66-41e0-9811-30761656b872,9d2c98bd-15bd-4b80-af0d-ce9da002cb32,23b8c1e9-3924-46de-beb1-3b9046685257,3b0b0e6c-5a36-4b8e-8c1e-0d7c5e2f9a11,224.0,426700000.0,95580800000.0,1939911000.0,93640889000.0,396253000.0,1,7f5b6f7e-1c2d-4a4e-9a51-3a3f1d3c0a01
75007592-86d2-459f-b2f5-4334d7044af6,9d2c98bd-15bd-4b80-af0d-ce9da002cb32,bd9c66b3-ad3c-4d6d-9a3d-1fa7bc8960a9,3b0b0e6c-5a36-4b8e-8c1e-0d7c5e2f9a11,111.0,419600000.0,46575600000.0,945300000.0,45630300000.0,385500000.0,2,7f5b6f7e-1c2d-4a4e-9a51-3a3f1d3c0a01
0b59d8ce-165a-4a56-9e1f-ce33acbf93bd,1c07276d-ffe9-43ca-bd3f-94c60e8099eb,9a1de644-815e-46d1-bb8f-aa1837f8a88b,3b0b0e6c-5a36-4b8e-8c1e-0d7c5e2f9a11,135.0,427500000.0,57712500000.0,1019910000.0,56692590000.0,389802000.0,1,7f5b6f7e-1c2d-4a4e-9a51-3a3f1d3c0a01
ed5349a6-12a0-4ca0-b46d-8a9173de78ab,0dad4310-761c-400e-863e-44552b6fc12b,b74d0fb1-32e7-4629-8fad-c1a606cb0fb3,3b0b0e6c-5a36-4b8e-8c1e-0d7c5e2f9a11,45.0,345000000.0,15525000000.0,236858000.0,15288142000.0,307348000.0,1,7f5b6f7e-1c2d-4a4e-9a51-3a3f1d3c0a01
e888f3bf-40fe-41e9-b6df-0676559f4e1d,d9ea4434-cd77-40df-9f7f-83a831df4fcf,9a1de644-815e-46d1-bb8f-aa1837f8a88b,3b0b0e6c-5a36-4b8e-8c1e-0d7c5e2f9a11,18.5,269900000.0,4993150000.0,38194000.0,4954956000.0,252824000.0,1,7f5b6f7e-1c2d-4a4e-9a51-3a3f1d3c0a01
bc5b4526-c34e-41cb-a437-c17a77057ac3,d9ea4434-cd77-40df-9f7f-83a831df4fcf,17fc695a-07a0-4a6e-8822-e8f36c031199,3b0b0e6c-5a36-4b8e-8c1e-0d7c5e2f9a11,56.5,274400000.0,15503600000.0,118591000.0,15385009000.0,258621000.0,2,7f5b6f7e-1c2d-4a4e-9a51-3a3f1d3c0a01
0f4069fd-e085-4233-9fd6-578929f46854,92250b36-bae7-4a39-ad16-277052d2c69c,6c307511-b2b9-437a-a8df-6ec4ce4a2bbd,3b0b0e6c-5a36-4b8e-8c1e-0d7c5e2f9a11,251.0,398400000.0,99998400000.0,2848696000.0,97149704000.0,366366000.0,1,7f5b6f7e-1c2d-4a4e-9a51-3a3f1d3c0a01
7cb42ca9-6a11-47f9-a575-ac3c75ca23a2,92250b36-bae7-4a39-ad16-277052d2c69c,b74d0fb1-32e7-4629-8fad-c1a606cb0fb3,3b0b0e6c-5a36-4b8e-8c1e-0d7c5e2f9a11,99.0,420600000.0,41639400000.0,1186199000.0,40453201000.0,383934000.0,2,7f5b6f7e-1c2d-4a4e-9a51-3a3f1d3c0a01
968ff2f9-f880-4658-8072-3cbef4254efc,9ad4ab4a-0d26-4e5e-82e3-9630d39da63e,371ecd7b-27cd-4130-8722-9389571aa876,3b0b0e6c-5a36-4b8e-8c1e-0d7c5e2f9a11,35.0,495900000.0,17356500000.0,612887000.0,16743613000.0,453748000.0,1,7f5b6f7e-1c2d-4a4e-9a51-3a3f1d3c0a01
240c6a50-b5cc-46ae-b3fb-f4e52453fe8d,48f9f22d-7e24-4360-9f75-73e1024d3662,371ecd7b-27cd-4130-8722-9389571aa876,3b0b0e6c-5a36-4b8e-8c1e-0d7c5e2f9a11,40.0,340200000.0,13608000000.0,571719000.0,13036281000.0,303506000.0,1,7f5b6f7e-1c2d-4a4e-9a51-3a3f1d3c0a01
9f915a97-f5ed-4f13-9a45-9dc838ca32d6,ef464e55-1946-41c6-9cbb-95b12e2e7ad5,6b65a6a4-8b81-48f6-b38a-088ca65ed389,3b0b0e6c-5a36-4b8e-8c1e-0d7c5e2f9a11,15.5,405200000.0,6280600000.0,245801000.0,6034799000.0,363255000.0,1,7f5b6f7e-1c2d-4a4e-9a51-3a3f1d3c0a01
1aff4bcf-65fb-4d22-a12b-6b9c1f535398,ef464e55-1946-41c6-9cbb-95b12e2e7ad5,371ecd7b-27cd-4130-8722-9389571aa876,3b0b0e6c-5a36-4b8e-8c1e-0d7c5e2f9a11,34.5,406000000.0,14007000000.0,548186000.0,13458814000.0,367098000.0,2,7f5b6f7e-1c2d-4a4e-9a51-3a3f1d3c0a01
6ff27dbf-2e3a-4a0f-b5b0-512cff1b2e20,f3bf1db3-0bc5-486f-90be-db84526a523e,6b65a6a4-8b81-48f6-b38a-088ca65ed389,3b0b0e6c-5a36-4b8e-8c1e-0d7c5e2f9a11,13.5,405200000.0,5470200000.0,221301000.0,5248899000.0,363255000.0,1,7f5b6f7e-1c2d-4a4e-9a51-3a3f1d3c0a01
a541ddca-e5cb-4875-ac50-d918fc66a968,f3bf1db3-0bc5-486f-90be-db84526a523e,6c307511-b2b9-437a-a8df-6ec4ce4a2bbd,3b0b0e6c-5a36-4b8e-8c1e-0d7c5e2f9a11,56.5,400400000.0,22622600000.0,915215000.0,21707385000.0,361242000.0,2,7f5b6f7e-1c2d-4a4e-9a51-3a3f1d3c0a01
a79f41d8-8abf-4736-a514-b571f75602ec,6d747028-5523-457b-abb9-bb8bc914a60a,bd9c66b3-ad3c-4d6d-9a3d-1fa7bc8960a9,3b0b0e6c-5a36-4b8e-8c1e-0d7c5e2f9a11,45.0,424200000.0,19089000000.0,723553000.0,18365447000.0,392326000.0,1,7f5b6f7e-1c2d-4a4e-9a51-3a3f1d3c0a01
57820d09-0e3c-4f57-96f8-706bf6f49b39,c8368e05-2063-4b97-b437-2b0c3ea4da88,5be6128e-18c2-4797-a142-ea7d17be3111,3b0b0e6c-5a36-4b8e-8c1e-0d7c5e2f9a11,35.0,334000000.0,11690000000.0,648479000.0,11041521000.0,305065000.0,1,7f5b6f7e-1c2d-4a4e-9a51-3a3f1d3c0a01
080ca545-b47a-465f-9d0d-a4996ee59f06,c8368e05-2063-4b97-b437-2b0c3ea4da88,1a2a73ed-562b-4f79-8374-59eef50bea63,3b0b0e6c-5a36-4b8e-8c1e-0d7c5e2f9a11,45.0,341200000.0,15354000000.0,851732000.0,14502268000.0,311540000.0,2,7f5b6f7e-1c2d-4a4e-9a51-3a3f1d3c0a01
7b9755d8-249b-48f9-8ce1-8841fa350c7c,2fe496df-a86c-4d24-879d-edd75fe6075d,9a1de644-815e-46d1-bb8f-aa1837f8a88b,3b0b0e6c-5a36-4b8e-8c1e-0d7c5e2f9a11,23.0,326400000.0,7507200000.0,317800000.0,7189400000.0,304530000.0,1,7f5b6f7e-1c2d-4a4e-9a51-3a3f1d3c0a01
aa3c3bf0-394e-4ea2-8b6e-e51dfae7ff5b,2fe496df-a86c-4d24-879d-edd75fe6075d,17fc695a-07a0-4a6e-8822-e8f36c031199,3b0b0e6c-5a36-4b8e-8c1e-0d7c5e2f9a11,12.0,333400000.0,4000800000.0,169365000.0,3831435000.0,312477000.0,2,7f5b6f7e-1c2d-4a4e-9a51-3a3f1d3c0a01
31e123cf-d365-47aa-996d-7f33a479fe89,6440bad2-098f-4851-be35-e9a4224c4b90,47378190-96da-4dac-b2ff-5d2a386ecbe0,3b0b0e6c-5a36-4b8e-8c1e-0d7c5e2f9a11,28.0,422000000.0,11816000000.0,759283000.0,11056717000.0,377072000.0,1,7f5b6f7e-1c2d-4a4e-9a51-3a3f1d3c0a01
e900f47d-1ec4-466a-970b-a58a4c8f31c8,6440bad2-098f-4851-be35-e9a4224c4b90,b74d0fb1-32e7-4629-8fad-c1a606cb0fb3,3b0b0e6c-5a36-4b8e-8c1e-0d7c5e2f9a11,27.0,424900000.0,11472300000.0,737197000.0,10735103000.0,377346000.0,2,7f5b6f7e-1c2d-4a4e-9a51-3a3f1d3c0a01
a405662d-cec8-406a-ba8a-f248461f32a1,f3df01ed-2889-41f1-b3b1-cd684261423b,43b7a3a6-9a8d-4a03-980d-7b71d8f56413,3b0b0e6c-5a36-4b8e-8c1e-0d7c5e2f9a11,12.0,353000000.0,4236000000.0,118503000.0,4117497000.0,322548000.0,1,7f5b6f7e-1c2d-4a4e-9a51-3a3f1d3c0a01
eb34a210-173c-4150-ac15-7554cb41c80f,f3df01ed-2889-41f1-b3b1-cd684261423b,1a2a73ed-562b-4f79-8374-59eef50bea63,3b0b0e6c-5a36-4b8e-8c1e-0d7c5e2f9a11,283.0,350100000.0,99078300000.0,2771733000.0,96306567000.0,311540000.0,2,7f5b6f7e-1c2d-4a4e-9a51-3a3f1d3c0a01
731ad880-019a-4ebc-8b12-8cbcc56153db,f582d615-9cc7-4eae-a883-b3c450c0de8f,5be6128e-18c2-4797-a142-ea7d17be3111,3b0b0e6c-5a36-4b8e-8c1e-0d7c5e2f9a11,29.0,353600000.0,10254400000.0,238877000.0,10015523000.0,328468000.0,1,7f5b6f7e-1c2d-4a4e-9a51-3a3f1d3c0a01
ef4a284b-e713-498a-bd01-bc2a176d2d9d,f582d615-9cc7-4eae-a883-b3c450c0de8f,1a2a73ed-562b-4f79-8374-59eef50bea63,3b0b0e6c-5a36-4b8e-8c1e-0d7c5e2f9a11,40.0,363800000.0,14552000000.0,338990000.0,14213010000.0,330318000.0,2,7f5b6f7e-1c2d-4a4e-9a51-3a3f1d3c0a01
5cbb20b5-b479-4dc9-ac0f-deba9ede027f,f582d615-9cc7-4eae-a883-b3c450c0de8f,43b7a3a6-9a8d-4a03-980d-7b71d8f56413,3b0b0e6c-5a36-4b8e-8c1e-0d7c5e2f9a11,26.0,368400000.0,9578400000.0,223130000.0,9355270000.0,338458000.0,3,7f5b6f7e-1c2d-4a4e-9a51-3a3f1d3c0a01
2442194c-9ab2-469b-8d60-8337b8db45f6,c83522c7-9d2a-4191-835b-21cfa9982ba6,1a2a73ed-562b-4f79-8374-59eef50bea63,3b0b0e6c-5a36-4b8e-8c1e-0d7c5e2f9a11,57.5,363800000.0,20918500000.0,719745000.0,20198755000.0,330318000.0,1,7f5b6f7e-1c2d-4a4e-9a51-3a3f1d3c0a01
7eafbeb9-4fdb-406f-ac7a-eb1713213852,c83522c7-9d2a-4191-835b-21cfa9982ba6,43b7a3a6-9a8d-4a03-980d-7b71d8f56413,3b0b0e6c-5a36-4b8e-8c1e-0d7c5e2f9a11,92.5,368400000.0,34077000000.0,1172491000.0,32904509000.0,338458000.0,2,7f5b6f7e-1c2d-4a4e-9a51-3a3f1d3c0a01
70df0924-d943-48eb-b5a7-dba93ae50719,c874ea7a-e9c6-4705-8c41-ee850f2ace81,43b7a3a6-9a8d-4a03-980d-7b71d8f56413,3b0b0e6c-5a36-4b8e-8c1e-0d7c5e2f9a11,155.0,543400000.0,84227000000.0,2172762000.0,82054238000.0,485070000.0,1,7f5b6f7e-1c2d-4a4e-9a51-3a3f1d3c0a01
ea343c80-124b-4578-a5f5-cd592e32b721,e7c82a4c-3ecf-456c-a514-8ccbebc2b0e7,1a2a73ed-562b-4f79-8374-59eef50bea63,3b0b0e6c-5a36-4b8e-8c1e-0d7c5e2f9a11,160.0,544800000.0,87168000000.0,3666155000.0,83501845000.0,490620000.0,1,7f5b6f7e-1c2d-4a4e-9a51-3a3f1d3c0a01
2b184b0a-aaa4-457b-8a97-3c657b0746ee,7913ca3e-3735-4f32-ae5e-4244d1b6c573,17fc695a-07a0-4a6e-8822-e8f36c031199,3b0b0e6c-5a36-4b8e-8c1e-0d7c5e2f9a11,101.0,257700000.0,26027700000.0,687014000.0,25340686000.0,240950000.0,1,7f5b6f7e-1c2d-4a4e-9a51-3a3f1d3c0a01
077cad7e-0c13-4408-b944-b9217f462ecf,7913ca3e-3735-4f32-ae5e-4244d1b6c573,23b8c1e9-3924-46de-beb1-3b9046685257,3b0b0e6c-5a36-4b8e-8c1e-0d7c5e2f9a11,64.0,262100000.00000003,16774400000.000002,442769000.0,16331631000.000002,245064000.0,2,7f5b6f7e-1c2d-4a4e-9a51-3a3f1d3c0a01
a2d50167-4bb1-44e9-9802-de53c17e2ac7,1b1ab126-a7ca-4879-ad7b-a4b85d4cbc6d,fc377a4c-4a15-444d-85e7-ce8a3a578a8e,3b0b0e6c-5a36-4b8e-8c1e-0d7c5e2f9a11,30.5,375600000.0,11455800000.0,277050000.0,11178750000.0,333835000.0,1,7f5b6f7e-1c2d-4a4e-9a51-3a3f1d3c0a01
86b27afd-fc3a-46f1-983e-ca18111cd721,1b1ab126-a7ca-4879-ad7b-a4b85d4cbc6d,a9488d99-0bbb-4599-91ce-5dd2b45ed1f0,3b0b0e6c-5a36-4b8e-8c1e-0d7c5e2f9a11,19.5,365800000.0,7133100000.0,172509000.0,6960591000.0,320678000.0,2,7f5b6f7e-1c2d-4a4e-9a51-3a3f1d3c0a01
15281768-c1e4-4a06-a420-bddb8bc61623,164244c1-52a7-466a-832f-d31747aa2dca,bd9c66b3-ad3c-4d6d-9a3d-1fa7bc8960a9,3b0b0e6c-5a36-4b8e-8c1e-0d7c5e2f9a11,180.0,281600000.0,50688000000.0,1420819000.0,49267181000.0,254788000.0,1,7f5b6f7e-1c2d-4a4e-9a51-3a3f1d3c0a01
cfe34dd5-ea18-4b31-8aa4-867ed75fce18,ea48071d-b115-4b1b-96c6-8791ad178d70,23b8c1e9-3924-46de-beb1-3b9046685257,3b0b0e6c-5a36-4b8e-8c1e-0d7c5e2f9a11,49.0,350400000.0,17169600000.0,349870000.0,16819730000.0,325380000.0,1,7f5b6f7e-1c2d-4a4e-9a51-3a3f1d3c0a01
9eb7bb26-b390-4e6b-94dd-508fc2a8cf4b,ea48071d-b115-4b1b-96c6-8791ad178d70,bdd640fb-0667-4ad1-9c80-317fa3b1799d,3b0b0e6c-5a36-4b8e-8c1e-0d7c5e2f9a11,6.0,366600000.0,2199600000.0,44822000.0,2154778000.0,331925000.0,2,7f5b6f7e-1c2d-4a4e-9a51-3a3f1d3c0a01
48421624-938d-477b-807e-382895f45b82,2072f096-f83b-4c46-a6dc-f05dafa559e0,17fc695a-07a0-4a6e-8822-e8f36c031199,3b0b0e6c-5a36-4b8e-8c1e-0d7c5e2f9a11,115.0,336600000.0,38709000000.0,541193000.0,38167807000.0,321827000.0,1,7f5b6f7e-1c2d-4a4e-9a51-3a3f1d3c0a01
07dd7826-fe86-42aa-a89e-d805509fcf82,a752c5bd-0b20-4ddc-a049-70bcb3ee1a69,fc377a4c-4a15-444d-85e7-ce8a3a578a8e,3b0b0e6c-5a36-4b8e-8c1e-0d7c5e2f9a11,2.0,478600000.0,957200000.0,31683000.0,925517000.0,441414000.0,1,7f5b6f7e-1c2d-4a4e-9a51-3a3f1d3c0a01
db1e616d-1eca-49ff-8942-19af6ed7686f,a752c5bd-0b20-4ddc-a049-70bcb3ee1a69,a9488d99-0bbb-4599-91ce-5dd2b45ed1f0,3b0b0e6c-5a36-4b8e-8c1e-0d7c5e2f9a11,128.5,459600000.0,59058600000.0,1954823000.0,57103777000.0,429242000.0,2,7f5b6f7e-1c2d-4a4e-9a51-3a3f1d3c0a01
b620c496-c8a9-4944-ae14-bf86035c13fd,a752c5bd-0b20-4ddc-a049-70bcb3ee1a69,3139d32c-93cd-49bf-9c94-1cf0dc98d2c1,3b0b0e6c-5a36-4b8e-8c1e-0d7c5e2f9a11,59.5,465700000.0,27709150000.0,917165000.0,26791985000.0,426557000.0,3,7f5b6f7e-1c2d-4a4e-9a51-3a3f1d3c0a01
1d0c94a8-cbbd-4556-a790-131396d7d50c,34a58acf-9d7b-4492-8942-f445c7b8d46a,bdd640fb-0667-4ad1-9c80-317fa3b1799d,3b0b0e6c-5a36-4b8e-8c1e-0d7c5e2f9a11,80.0,412700000.0,33016000000.0,878825000.0,32137175000.0,358572000.0,1,7f5b6f7e-1c2d-4a4e-9a51-3a3f1d3c0a01
8801ea9a-9b6d-4523-ade2-445c8cbc158f,7c81d1e7-c3c7-4d6b-a7b6-3d0a8411cbe9,a9488d99-0bbb-4599-91ce-5dd2b45ed1f0,3b0b0e6c-5a36-4b8e-8c1e-0d7c5e2f9a11,70.0,559700000.0,39179000000.0,1201867000.0,37977133000.0,488670000.0,1,7f5b6f7e-1c2d-4a4e-9a51-3a3f1d3c0a01
8531103f-df2b-41ab-8924-668c6b09b38e,12ed2fcf-46ae-4f4d-be72-762e0aa68596,17fc695a-07a0-4a6e-8822-e8f36c031199,3b0b0e6c-5a36-4b8e-8c1e-0d7c5e2f9a11,120.0,408500000.0,49020000000.0,1652072000.0,47367928000.0,364276000.0,1,7f5b6f7e-1c2d-4a4e-9a51-3a3f1d3c0a01
55874887-949f-457a-bc90-3942d84da565,0355823e-e934-4c65-a161-c0510e725f69,43b7a3a6-9a8d-4a03-980d-7b71d8f56413,3b0b0e6c-5a36-4b8e-8c1e-0d7c5e2f9a11,105.0,553900000.0,58159500000.0,1335687000.0,56823813000.0,502645000.0,1,7f5b6f7e-1c2d-4a4e-9a51-3a3f1d3c0a01
6dd34231-b419-499e-aebe-cd495b222840,7a62320f-5190-4ec4-8e20-71f66ff84f4b,b74d0fb1-32e7-4629-8fad-c1a606cb0fb3,3b0b0e6c-5a36-4b8e-8c1e-0d7c5e2f9a11,12.5,531200000.00000006,6640000000.000001,153269000.0,6486731000.000001,475434000.0,1,7f5b6f7e-1c2d-4a4e-9a51-3a3f1d3c0a01
ccd4f097-e3de-4843-a896-33bdb9152361,7a62320f-5190-4ec4-8e20-71f66ff84f4b,c241330b-01a9-471f-9e8a-774bcf36d58b,3b0b0e6c-5a36-4b8e-8c1e-0d7c5e2f9a11,57.5,558100000.0,32090750000.0,740741000.0,31350009000.0,501512000.0,2,7f5b6f7e-1c2d-4a4e-9a51-3a3f1d3c0a01
3fa74b09-88a8-41d5-a657-366bbdfc25f3,10667c79-2f28-4148-9ffe-33283997a0f4,47378190-96da-4dac-b2ff-5d2a386ecbe0,3b0b0e6c-5a36-4b8e-8c1e-0d7c5e2f9a11,15.5,330100000.0,5116550000.0,237691000.0,4878859000.0,294996000.0,1,7f5b6f7e-1c2d-4a4e-9a51-3a3f1d3c0a01
e4e7f03c-390b-467b-9752-48a0a7b4e0aa,10667c79-2f28-4148-9ffe-33283997a0f4,371ecd7b-27cd-4130-8722-9389571aa876,3b0b0e6c-5a36-4b8e-8c1e-0d7c5e2f9a11,24.5,313500000.0,7680750000.0,356812000.0,7323938000.0,292892000.0,2,7f5b6f7e-1c2d-4a4e-9a51-3a3f1d3c0a01
0757eb67-aaa5-4886-8fe2-19e00ad94995,c9b21387-c608-40e2-b027-88a89af6c0aa,47378190-96da-4dac-b2ff-5d2a386ecbe0,3b0b0e6c-5a36-4b8e-8c1e-0d7c5e2f9a11,2.0,339700000.0,679400000.0,37864000.0,641536000.0,308630000.0,1,7f5b6f7e-1c2d-4a4e-9a51-3a3f1d3c0a01
c5a07c7e-3eb6-40eb-911f-ed46953a2811,c9b21387-c608-40e2-b027-88a89af6c0aa,c241330b-01a9-471f-9e8a-774bcf36d58b,3b0b0e6c-5a36-4b8e-8c1e-0d7c5e2f9a11,68.0,360900000.0,24541200000.0,1367703000.0,23173497000.0,327844000.0,2,7f5b6f7e-1c2d-4a4e-9a51-3a3f1d3c0a01
bf846ec2-5cbc-4d5a-9d4e-b97b5205a982,8337862e-5611-46fd-a742-d38342042ba3,972a8469-1641-4f82-8b9d-2434e465e150,3b0b0e6c-5a36-4b8e-8c1e-0d7c5e2f9a11,4.5,326800000.0,1470600000.0,57124000.0,1413476000.0,261146000.0,1,7f5b6f7e-1c2d-4a4e-9a51-3a3f1d3c0a01
2de4c685-d679-46f8-82e4-a11f060bda82,8337862e-5611-46fd-a742-d38342042ba3,bdd640fb-0667-4ad1-9c80-317fa3b1799d,3b0b0e6c-5a36-4b8e-8c1e-0d7c5e2f9a11,25.5,343000000.0,8746500000.0,339748000.0,8406752000.0,275638000.0,2,7f5b6f7e-1c2d-4a4e-9a51-3a3f1d3c0a01
2366d5ca-1f88-483d-9374-fe83d89b741c,a2c50df4-4bba-43f5-8c6e-54b7dc76280d,b74d0fb1-32e7-4629-8fad-c1a606cb0fb3,3b0b0e6c-5a36-4b8e-8c1e-0d7c5e2f9a11,50.0,424900000.0,21245000000.0,847751000.0,20397249000.0,377346000.0,1,7f5b6f7e-1c2d-4a4e-9a51-3a3f1d3c0a01
492f4cd1-4732-4faf-9143-6689c702e5c4,5d0dd068-261a-41ee-866e-994194b349ca,6c307511-b2b9-437a-a8df-6ec4ce4a2bbd,3b0b0e6c-5a36-4b8e-8c1e-0d7c5e2f9a11,15.0,421500000.0,6322500000.0,227839000.0,6094661000.0,376156000.0,1,7f5b6f7e-1c2d-4a4e-9a51-3a3f1d3c0a01
937d0f43-e4e6-486d-93a3-e62c5affe81e,8fab0b3f-9d7a-4b84-b38c-22e40a62ef80,b74d0fb1-32e7-4629-8fad-c1a606cb0fb3,3b0b0e6c-5a36-4b8e-8c1e-0d7c5e2f9a11,45.0,512299999.99999994,23053499999.999996,926841000.0,22126658999.999996,449082000.0,1,7f5b6f7e-1c2d-4a4e-9a51-3a3f1d3c0a01
247bac8b-5e48-4564-ba72-c169e202d6ec,1cbfc72b-3792-4543-81c5-f1503273d7ee,1a2a73ed-562b-4f79-8374-59eef50bea63,3b0b0e6c-5a36-4b8e-8c1e-0d7c5e2f9a11,40.0,549100000.0,21964000000.0,713993000.0,21250007000.0,497002000.0,1,7f5b6f7e-1c2d-4a4e-9a51-3a3f1d3c0a01
2766b577-f774-4283-a259-9e8c1fd73a2e,e1f176b0-df39-40c9-8a63-447c16fd8ca0,43b7a3a6-9a8d-4a03-980d-7b71d8f56413,3b0b0e6c-5a36-4b8e-8c1e-0d7c5e2f9a11,20.0,353000000.0,7060000000.0,347390000.0,6712610000.0,322548000.0,1,7f5b6f7e-1c2d-4a4e-9a51-3a3f1d3c0a01
6b6835eb-d452-44f4-924f-5335ce884416,cd2c7045-b9d6-496d-b37a-f92a611d5114,c241330b-01a9-471f-9e8a-774bcf36d58b,3b0b0e6c-5a36-4b8e-8c1e-0d7c5e2f9a11,45.0,361100000.0,16249500000.0,765989000.0,15483511000.0,330224000.0,1,7f5b6f7e-1c2d-4a4e-9a51-3a3f1d3c0a01
b2ab5fb6-bdcc-4c5a-9077-12fe5279cbb4,683566ff-0b5d-49f0-96b5-9f7611d9ab67,6b65a6a4-8b81-48f6-b38a-088ca65ed389,3b0b0e6c-5a36-4b8e-8c1e-0d7c5e2f9a11,15.5,405200000.0,6280600000.0,377530000.0,5903070000.0,363255000.0,1,7f5b6f7e-1c2d-4a4e-9a51-3a3f1d3c0a01
4d6e808b-d62e-430f-bae0-4c557840b0c9,683566ff-0b5d-49f0-96b5-9f7611d9ab67,47378190-96da-4dac-b2ff-5d2a386ecbe0,3b0b0e6c-5a36-4b8e-8c1e-0d7c5e2f9a11,6.5,416000000.0,2704000000.0,162539000.0,2541461000.0,371307000.0,2,7f5b6f7e-1c2d-4a4e-9a51-3a3f1d3c0a01
8dad5ae2-d556-425d-961a-9e7557287080,683566ff-0b5d-49f0-96b5-9f7611d9ab67,6c307511-b2b9-437a-a8df-6ec4ce4a2bbd,3b0b0e6c-5a36-4b8e-8c1e-0d7c5e2f9a11,28.0,400400000.0,11211200000.0,673910000.0,10537290000.0,361242000.0,3,7f5b6f7e-1c2d-4a4e-9a51-3a3f1d3c0a01
a77a5d42-5d31-4094-9622-9b4096ef85d3,2dcced0a-b9d0-43a9-9824-4af28d92753a,6b65a6a4-8b81-48f6-b38a-088ca65ed389,3b0b0e6c-5a36-4b8e-8c1e-0d7c5e2f9a11,35.0,410100000.0,14353500000.0,774989000.0,13578511000.0,370758000.0,1,7f5b6f7e-1c2d-4a4e-9a51-3a3f1d3c0a01
afa2aec1-24ee-41fb-a5c4-31177be3f795,d90c4f01-9db1-4951-b235-70b080b61959,5be6128e-18c2-4797-a142-ea7d17be3111,3b0b0e6c-5a36-4b8e-8c1e-0d7c5e2f9a11,4.0,436700000.0,1746800000.0,69787000.0,1677013000.0,398120000.0,1,7f5b6f7e-1c2d-4a4e-9a51-3a3f1d3c0a01
89a936dd-4f4c-4a06-b261-5400c7dc8384,d90c4f01-9db1-4951-b235-70b080b61959,43b7a3a6-9a8d-4a03-980d-7b71d8f56413,3b0b0e6c-5a36-4b8e-8c1e-0d7c5e2f9a11,4.0,460400000.0,1841600000.0,73574000.0,1768026000.0,413660000.0,2,7f5b6f7e-1c2d-4a4e-9a51-3a3f1d3c0a01
3879ad6a-148c-4d32-a17c-a3ce5b2a4fd7,d90c4f01-9db1-4951-b235-70b080b61959,1a2a73ed-562b-4f79-8374-59eef50bea63,3b0b0e6c-5a36-4b8e-8c1e-0d7c5e2f9a11,12.0,452700000.0,5432400000.0,217031000.0,5215369000.0,403208000.0,3,7f5b6f7e-1c2d-4a4e-9a51-3a3f1d3c0a01
84607459-7df8-41d4-9f4d-096a38958b4e,b0e36229-dd10-4e08-b59a-11b91838843b,6c307511-b2b9-437a-a8df-6ec4ce4a2bbd,3b0b0e6c-5a36-4b8e-8c1e-0d7c5e2f9a11,705.0,435100000.0,306745500000.0,10207051000.0,296538449000.0,388143000.0,1,7f5b6f7e-1c2d-4a4e-9a51-3a3f1d3c0a01
e23cdd2e-d8ae-4369-bfe7-5fbf6f844f80,f871d3da-6445-4621-88d0-6e9d2b26b588,23b8c1e9-3924-46de-beb1-3b9046685257,3b0b0e6c-5a36-4b8e-8c1e-0d7c5e2f9a11,260.0,446300000.0,116038000000.0,4018873000.0,112019127000.0,403359000.0,1,7f5b6f7e-1c2d-4a4e-9a51-3a3f1d3c0a01
dd54948f-56a9-47ac-90ae-d3f789caa945,cfa3f73f-4a23-4f50-a3e8-09ec783d60df,1a2a73ed-562b-4f79-8374-59eef50bea63,3b0b0e6c-5a36-4b8e-8c1e-0d7c5e2f9a11,85.0,336800000.0,28628000000.0,458055000.0,28169945000.0,315610000.0,1,7f5b6f7e-1c2d-4a4e-9a51-3a3f1d3c0a01
76b43334-a29d-4ebd-a256-26025c5e5388,f16caca7-d1f8-42ec-b5d6-27afc3a1a649,9a1de644-815e-46d1-bb8f-aa1837f8a88b,3b0b0e6c-5a36-4b8e-8c1e-0d7c5e2f9a11,125.0,260200000.0,32525000000.0,721952000.0,31803048000.0,238144000.0,1,7f5b6f7e-1c2d-4a4e-9a51-3a3f1d3c0a01
70a8f0df-25b5-4d9a-b446-37fe20b5cbba,6e615958-314d-4f01-9987-f9f281fc9f0e,bdd640fb-0667-4ad1-9c80-317fa3b1799d,3b0b0e6c-5a36-4b8e-8c1e-0d7c5e2f9a11,18.5,283600000.0,5246600000.0,121620000.0,5124980000.0,258528000.0,1,7f5b6f7e-1c2d-4a4e-9a51-3a3f1d3c0a01
939b7465-777a-4c74-ac89-8f08f2bfa2ef,6e615958-314d-4f01-9987-f9f281fc9f0e,23b8c1e9-3924-46de-beb1-3b9046685257,3b0b0e6c-5a36-4b8e-8c1e-0d7c5e2f9a11,26.5,273200000.0,7239800000.0,167823000.0,7071977000.0,252918000.0,2,7f5b6f7e-1c2d-4a4e-9a51-3a3f1d3c0a01
1590ebdb-196a-4cbb-924d-9a31e03ac7a2,a9e14d68-a40b-4b38-a4c7-6597cd26b6c8,bdd640fb-0667-4ad1-9c80-317fa3b1799d,3b0b0e6c-5a36-4b8e-8c1e-0d7c5e2f9a11,40.0,292000000.0,11680000000.0,288322000.0,11391678000.0,265166000.0,1,7f5b6f7e-1c2d-4a4e-9a51-3a3f1d3c0a01
d104e4f5-7023-40cc-8035-5e06175fa689,9d0c3c68-6516-407b-b743-cd9c5a5551f5,43b7a3a6-9a8d-4a03-980d-7b71d8f56413,3b0b0e6c-5a36-4b8e-8c1e-0d7c5e2f9a11,20.5,353000000.0,7236500000.0,129068000.0,7107432000.0,322548000.0,1,7f5b6f7e-1c2d-4a4e-9a51-3a3f1d3c0a01
c2cdfbfe-5e25-43e2-ad55-96aeb3e8a119,9d0c3c68-6516-407b-b743-cd9c5a5551f5,5be6128e-18c2-4797-a142-ea7d17be3111,3b0b0e6c-5a36-4b8e-8c1e-0d7c5e2f9a11,21.0,342400000.0,7190400000.0,128246000.0,7062154000.0,311910000.0,2,7f5b6f7e-1c2d-4a4e-9a51-3a3f1d3c0a01
43fbe290-d7a2-4b23-a2c0-8c859cb1fa96,9d0c3c68-6516-407b-b743-cd9c5a5551f5,1a2a73ed-562b-4f79-8374-59eef50bea63,3b0b0e6c-5a36-4b8e-8c1e-0d7c5e2f9a11,78.5,350100000.0,27482850000.0,490175000.0,26992675000.0,311540000.0,3,7f5b6f7e-1c2d-4a4e-9a51-3a3f1d3c0a01
c0569a48-0157-4d13-9b26-35f941002312,0e84b493-bf9c-4673-a5b0-e7a7d9c57eed,6b65a6a4-8b81-48f6-b38a-088ca65ed389,3b0b0e6c-5a36-4b8e-8c1e-0d7c5e2f9a11,130.0,340600000.0,44278000000.0,471178000.0,43806822000.0,301401000.0,1,7f5b6f7e-1c2d-4a4e-9a51-3a3f1d3c0a01
26b660c5-b024-4819-8a1b-7ff82cb8844d,fdbeccd2-13b5-46eb-b41b-ca37d9f94c01,5be6128e-18c2-4797-a142-ea7d17be3111,3b0b0e6c-5a36-4b8e-8c1e-0d7c5e2f9a11,102.5,353600000.0,36244000000.0,614270000.0,35629730000.0,328468000.0,1,7f5b6f7e-1c2d-4a4e-9a51-3a3f1d3c0a01
8941bcd2-df8f-4712-921f-bbbe22ded8ef,fdbeccd2-13b5-46eb-b41b-ca37d9f94c01,1a2a73ed-562b-4f79-8374-59eef50bea63,3b0b0e6c-5a36-4b8e-8c1e-0d7c5e2f9a11,142.5,363800000.0,51841500000.0,878619000.0,50962881000.0,330318000.0,2,7f5b6f7e-1c2d-4a4e-9a51-3a3f1d3c0a01
6067ebab-50bc-49c4-98d6-97f5b63c9b58,786ccec1-7049-4e66-b69a-04f8b58d3640,1a2a73ed-562b-4f79-8374-59eef50bea63,3b0b0e6c-5a36-4b8e-8c1e-0d7c5e2f9a11,170.0,363800000.0,61846000000.0,726955000.0,61119045000.0,330318000.0,1,7f5b6f7e-1c2d-4a4e-9a51-3a3f1d3c0a01
6cf6853c-cb26-49c6-afe9-f054faaae11c,64417590-9793-4c9d-bfc0-6a5dbf810bac,371ecd7b-27cd-4130-8722-9389571aa876,3b0b0e6c-5a36-4b8e-8c1e-0d7c5e2f9a11,5.0,412900000.0,2064500000.0,59969000.0,2004531000.0,371490000.0,1,7f5b6f7e-1c2d-4a4e-9a51-3a3f1d3c0a01
3a396c89-a745-4fd8-b3e7-0dbdba30c1a6,64417590-9793-4c9d-bfc0-6a5dbf810bac,6c307511-b2b9-437a-a8df-6ec4ce4a2bbd,3b0b0e6c-5a36-4b8e-8c1e-0d7c5e2f9a11,25.0,398400000.0,9960000000.0,289317000.0,9670683000.0,366366000.0,2,7f5b6f7e-1c2d-4a4e-9a51-3a3f1d3c0a01
8aae717d-e913-4c7a-8141-c3129449e92e,e4b39d3b-98da-43d5-81af-a603da0808ab,6b65a6a4-8b81-48f6-b38a-088ca65ed389,3b0b0e6c-5a36-4b8e-8c1e-0d7c5e2f9a11,156.0,405200000.0,63211200000.0,1877186000.0,61334014000.0,363255000.0,1,7f5b6f7e-1c2d-4a4e-9a51-3a3f1d3c0a01
f8f085fe-5ccd-4a79-b389-8696e86858a4,e4b39d3b-98da-43d5-81af-a603da0808ab,47378190-96da-4dac-b2ff-5d2a386ecbe0,3b0b0e6c-5a36-4b8e-8c1e-0d7c5e2f9a11,94.0,416000000.0,39104000000.0,1161273000.0,37942727000.0,371307000.0,2,7f5b6f7e-1c2d-4a4e-9a51-3a3f1d3c0a01
3664f57e-2d8e-4bd5-8fe0-3ac4c3dd0727,2608296a-66ab-46a1-9839-6154b69cfabc,a9488d99-0bbb-4599-91ce-5dd2b45ed1f0,3b0b0e6c-5a36-4b8e-8c1e-0d7c5e2f9a11,46.0,462000000.0,21252000000.0,305848000.0,20946152000.0,403376000.0,1,7f5b6f7e-1c2d-4a4e-9a51-3a3f1d3c0a01
887baf88-8901-4370-883e-71040780b1e4,2608296a-66ab-46a1-9839-6154b69cfabc,fc377a4c-4a15-444d-85e7-ce8a3a578a8e,3b0b0e6c-5a36-4b8e-8c1e-0d7c5e2f9a11,112.5,471300000.0,53021250000.0,763055000.0,52258195000.0,415190000.0,2,7f5b6f7e-1c2d-4a4e-9a51-3a3f1d3c0a01
b588a45d-e646-4bee-889b-79afaaac854b,2608296a-66ab-46a1-9839-6154b69cfabc,3139d32c-93cd-49bf-9c94-1cf0dc98d2c1,3b0b0e6c-5a36-4b8e-8c1e-0d7c5e2f9a11,151.5,463500000.0,70220250000.0,1010574000.0,69209676000.0,410894000.0,3,7f5b6f7e-1c2d-4a4e-9a51-3a3f1d3c0a01
d0e284e0-5e52-42c8-b500-b6066ba97013,6f9feea4-e6be-40f6-bc35-ec7b508c7083,6c307511-b2b9-437a-a8df-6ec4ce4a2bbd,3b0b0e6c-5a36-4b8e-8c1e-0d7c5e2f9a11,77.5,435100000.0,33720250000.0,472067000.0,33248183000.0,388143000.0,1,7f5b6f7e-1c2d-4a4e-9a51-3a3f1d3c0a01
25a1fe15-dd29-4e07-8647-82cf74fad72b,6f9feea4-e6be-40f6-bc35-ec7b508c7083,371ecd7b-27cd-4130-8722-9389571aa876,3b0b0e6c-5a36-4b8e-8c1e-0d7c5e2f9a11,32.5,440500000.0,14316250000.0,200421000.0,14115829000.0,393084000.0,2,7f5b6f7e-1c2d-4a4e-9a51-3a3f1d3c0a01
67498a4a-f501-4838-bb6a-056938772794,47f90b3c-ceab-4026-ba56-bcaba9858e73,bd9c66b3-ad3c-4d6d-9a3d-1fa7bc8960a9,3b0b0e6c-5a36-4b8e-8c1e-0d7c5e2f9a11,35.0,439200000.0,15372000000.0,297212000.0,15074788000.0,396627000.0,1,7f5b6f7e-1c2d-4a4e-9a51-3a3f1d3c0a01
1a8a78e5-d94a-4040-b993-f1ce62caae08,47f90b3c-ceab-4026-ba56-bcaba9858e73,972a8469-1641-4f82-8b9d-2434e465e150,3b0b0e6c-5a36-4b8e-8c1e-0d7c5e2f9a11,132.0,438400000.0,57868800000.0,1118873000.0,56749927000.0,396814000.0,2,7f5b6f7e-1c2d-4a4e-9a51-3a3f1d3c0a01
bbb6f405-8d11-4a34-acd0-9dfbabbdfc6d,47f90b3c-ceab-4026-ba56-bcaba9858e73,bdd640fb-0667-4ad1-9c80-317fa3b1799d,3b0b0e6c-5a36-4b8e-8c1e-0d7c5e2f9a11,178.0,460700000.0,82004600000.0,1585530000.0,80419070000.0,419348000.0,3,7f5b6f7e-1c2d-4a4e-9a51-3a3f1d3c0a01
3023e79c-3051-4046-975c-235b79d2b614,0c096bcf-54c6-410e-a926-d07091ddce0b,9a1de644-815e-46d1-bb8f-aa1837f8a88b,3b0b0e6c-5a36-4b8e-8c1e-0d7c5e2f9a11,10.0,276200000.0,2762000000.0,32879000.0,2729121000.0,256658000.0,1,7f5b6f7e-1c2d-4a4e-9a51-3a3f1d3c0a01
d0542b43-c066-4a3e-9838-80b93357d218,0c096bcf-54c6-410e-a926-d07091ddce0b,bd9c66b3-ad3c-4d6d-9a3d-1fa7bc8960a9,3b0b0e6c-5a36-4b8e-8c1e-0d7c5e2f9a11,23.0,283300000.0,6515900000.0,77566000.0,6438334000.0,262081000.0,2,7f5b6f7e-1c2d-4a4e-9a51-3a3f1d3c0a01
76450bd4-af36-4f74-9997-a66656eef5d7,0c096bcf-54c6-410e-a926-d07091ddce0b,972a8469-1641-4f82-8b9d-2434e465e150,3b0b0e6c-5a36-4b8e-8c1e-0d7c5e2f9a11,42.0,279300000.0,11730600000.0,139643000.0,11590957000.0,257686000.0,3,7f5b6f7e-1c2d-4a4e-9a51-3a3f1d3c0a01
24301066-4dcb-4f32-ae6c-a02100e78eb3,b5ddaf31-f485-48d8-a161-e8166357bce6,5be6128e-18c2-4797-a142-ea7d17be3111,3b0b0e6c-5a36-4b8e-8c1e-0d7c5e2f9a11,50.0,428800000.0,21440000000.0,659868000.0,20780132000.0,408295000.0,1,7f5b6f7e-1c2d-4a4e-9a51-3a3f1d3c0a01
1e8cb5c9-543f-4116-b3d7-4b990b2302c2,0a106750-15fa-4a85-bf70-085d0cc3eecc,23b8c1e9-3924-46de-beb1-3b9046685257,3b0b0e6c-5a36-4b8e-8c1e-0d7c5e2f9a11,9.0,343600000.0,3092400000.0,63077000.0,3029323000.0,320424000.0,1,7f5b6f7e-1c2d-4a4e-9a51-3a3f1d3c0a01
aa970ff1-e1be-4003-957c-fccf1cd36e35,0a106750-15fa-4a85-bf70-085d0cc3eecc,972a8469-1641-4f82-8b9d-2434e465e150,3b0b0e6c-5a36-4b8e-8c1e-0d7c5e2f9a11,46.0,332400000.0,15290400000.0,311883000.0,14978517000.0,313225000.0,2,7f5b6f7e-1c2d-4a4e-9a51-3a3f1d3c0a01
d79b82bf-dafe-4c7e-9f70-2d0f3fb50281,6ea4c5a6-5373-4c17-a4b3-6dbf087478c9,1a2a73ed-562b-4f79-8374-59eef50bea63,3b0b0e6c-5a36-4b8e-8c1e-0d7c5e2f9a11,80.0,341200000.0,27296000000.0,903351000.0,26392649000.0,311540000.0,1,7f5b6f7e-1c2d-4a4e-9a51-3a3f1d3c0a01
0135727c-d02e-42e9-b985-d222b4d4a7f8,6ea4c5a6-5373-4c17-a4b3-6dbf087478c9,5be6128e-18c2-4797-a142-ea7d17be3111,3b0b0e6c-5a36-4b8e-8c1e-0d7c5e2f9a11,45.0,334000000.0,15030000000.0,497412000.0,14532588000.0,305065000.0,2,7f5b6f7e-1c2d-4a4e-9a51-3a3f1d3c0a01
92834002-8302-40fc-bc23-868a281fa4f9,2551194c-5a82-4181-ab32-37020c73d644,1a2a73ed-562b-4f79-8374-59eef50bea63,3b0b0e6c-5a36-4b8e-8c1e-0d7c5e2f9a11,37.5,368300000.0,13811250000.0,293546000.0,13517704000.0,336515000.0,1,7f5b6f7e-1c2d-4a4e-9a51-3a3f1d3c0a01
12aa88f5-4b53-4fd4-a69a-970d28cb8e07,2551194c-5a82-4181-ab32-37020c73d644,43b7a3a6-9a8d-4a03-980d-7b71d8f56413,3b0b0e6c-5a36-4b8e-8c1e-0d7c5e2f9a11,27.5,379200000.0,10428000000.0,221638000.0,10206362000.0,340770000.0,2,7f5b6f7e-1c2d-4a4e-9a51-3a3f1d3c0a01
729fe9f4-27ad-4aa6-a5e0-bf8cb118699c,5d44f0ba-3e6b-4041-9e7f-b33e418ffb6a,bdd640fb-0667-4ad1-9c80-317fa3b1799d,3b0b0e6c-5a36-4b8e-8c1e-0d7c5e2f9a11,185.0,343000000.0,63455000000.0,1904841000.0,61550159000.0,275638000.0,1,7f5b6f7e-1c2d-4a4e-9a51-3a3f1d3c0a01
bfd00ed8-1b3b-4def-9007-9788830d904e,b4c38f5f-f531-4eec-9c33-b21cad6c62c8,5be6128e-18c2-4797-a142-ea7d17be3111,3b0b0e6c-5a36-4b8e-8c1e-0d7c5e2f9a11,151.5,441400000.0,66872100000.0,1127734000.0,65744366000.0,397010000.0,1,7f5b6f7e-1c2d-4a4e-9a51-3a3f1d3c0a01
c6916de1-a258-483f-a6c8-45421d825c0b,b4c38f5f-f531-4eec-9c33-b21cad6c62c8,1a2a73ed-562b-4f79-8374-59eef50bea63,3b0b0e6c-5a36-4b8e-8c1e-0d7c5e2f9a11,98.5,445700000.0,43901450000.0,740356000.0,43161094000.0,404872000.0,2,7f5b6f7e-1c2d-4a4e-9a51-3a3f1d3c0a01
17931297-689c-46b4-803b-b95c8708a037,ac29187a-5000-4730-ba5c-687db2fba555,47378190-96da-4dac-b2ff-5d2a386ecbe0,3b0b0e6c-5a36-4b8e-8c1e-0d7c5e2f9a11,90.0,519000000.0,46710000000.0,1539687000.0,45170313000.0,453566000.0,1,7f5b6f7e-1c2d-4a4e-9a51-3a3f1d3c0a01
e6b53c6c-db29-42ec-bb55-1a3cd5a14d1e,09e6fe60-389d-4cfe-91cd-9fccb1684438,9a1de644-815e-46d1-bb8f-aa1837f8a88b,3b0b0e6c-5a36-4b8e-8c1e-0d7c5e2f9a11,90.0,409200000.0,36828000000.0,870868000.0,35957132000.0,378582000.0,1,7f5b6f7e-1c2d-4a4e-9a51-3a3f1d3c0a01
9e2edae4-5d01-4013-932d-c283d7e33478,d5129ca0-f30f-461c-9786-86e2a43c3682,c241330b-01a9-471f-9e8a-774bcf36d58b,3b0b0e6c-5a36-4b8e-8c1e-0d7c5e2f9a11,93.0,558100000.0,51903300000.0,1983471000.0,49919829000.0,501512000.0,1,7f5b6f7e-1c2d-4a4e-9a51-3a3f1d3c0a01
ae689ae4-0da0-4757-9f4b-414309363d9c,d5129ca0-f30f-461c-9786-86e2a43c3682,371ecd7b-27cd-4130-8722-9389571aa876,3b0b0e6c-5a36-4b8e-8c1e-0d7c5e2f9a11,42.0,512700000.00000006,21533400000.000004,822893000.0,20710507000.000004,468206000.0,2,7f5b6f7e-1c2d-4a4e-9a51-3a3f1d3c0a01
a1d7af0d-51fe-4bf5-9053-aa220c69ebde,62e737db-c299-48ba-b92f-0b231eb8a109,47378190-96da-4dac-b2ff-5d2a386ecbe0,3b0b0e6c-5a36-4b8e-8c1e-0d7c5e2f9a11,34.5,315200000.0,10874400000.0,141024000.0,10733376000.0,288408000.0,1,7f5b6f7e-1c2d-4a4e-9a51-3a3f1d3c0a01
44c61a8b-3584-4928-9cb8-89ca358d9a0c,62e737db-c299-48ba-b92f-0b231eb8a109,c241330b-01a9-471f-9e8a-774bcf36d58b,3b0b0e6c-5a36-4b8e-8c1e-0d7c5e2f9a11,20.5,331900000.0,6803950000.0,88237000.0,6715713000.0,303688000.0,2,7f5b6f7e-1c2d-4a4e-9a51-3a3f1d3c0a01
6ece57ec-f679-47a9-ac69-b08dbe89d541,2586fdeb-3c30-4141-93c0-9e38e0146d1e,1a2a73ed-562b-4f79-8374-59eef50bea63,3b0b0e6c-5a36-4b8e-8c1e-0d7c5e2f9a11,25.0,357200000.0,8930000000.0,196486000.0,8733514000.0,323842000.0,1,7f5b6f7e-1c2d-4a4e-9a51-3a3f1d3c0a01
35f7d31c-3edd-456d-800f-50a41c96c1c1,3ba19838-e806-4a5d-b946-4668116d9582,c241330b-01a9-471f-9e8a-774bcf36d58b,3b0b0e6c-5a36-4b8e-8c1e-0d7c5e2f9a11,32.0,436700000.0,13974400000.0,268673000.0,13705727000.0,400496000.0,1,7f5b6f7e-1c2d-4a4e-9a51-3a3f1d3c0a01
bdc92cbb-b91f-4581-bf4d-9deb73c4bffb,3ba19838-e806-4a5d-b946-4668116d9582,6b65a6a4-8b81-48f6-b38a-088ca65ed389,3b0b0e6c-5a36-4b8e-8c1e-0d7c5e2f9a11,48.0,410100000.0,19684800000.0,378461000.0,19306339000.0,370758000.0,2,7f5b6f7e-1c2d-4a4e-9a51-3a3f1d3c0a01
548bbecc-22f7-438f-8052-f5ea3c38c3cb,ac071929-63c4-4c7b-b770-2dfe7ce1bed4,6c307511-b2b9-437a-a8df-6ec4ce4a2bbd,3b0b0e6c-5a36-4b8e-8c1e-0d7c5e2f9a11,105.0,411900000.0,43249500000.0,864653000.0,42384847000.0,364536000.0,1,7f5b6f7e-1c2d-4a4e-9a51-3a3f1d3c0a01
eda3e448-2ca2-4cea-bec9-85539f7e3412,ca8f1a6f-cce0-4872-b765-c78f6104f9ec,43b7a3a6-9a8d-4a03-980d-7b71d8f56413,3b0b0e6c-5a36-4b8e-8c1e-0d7c5e2f9a11,9.5,460400000.0,4373800000.0,107247000.0,4266553000.0,413660000.0,1,7f5b6f7e-1c2d-4a4e-9a51-3a3f1d3c0a01
78d640e6-6917-4a09-b1dd-5f5fe823d542,ca8f1a6f-cce0-4872-b765-c78f6104f9ec,5be6128e-18c2-4797-a142-ea7d17be3111,3b0b0e6c-5a36-4b8e-8c1e-0d7c5e2f9a11,30.5,436700000.0,13319350000.0,326595000.0,12992755000.0,398120000.0,2,7f5b6f7e-1c2d-4a4e-9a51-3a3f1d3c0a01
87b8b00e-2510-4ba2-b7ad-d94675591a7d,ebfb1609-0fdc-4f1e-b693-a32d9dc3348e,fc377a4c-4a15-444d-85e7-ce8a3a578a8e,3b0b0e6c-5a36-4b8e-8c1e-0d7c5e2f9a11,55.0,560600000.0,30833000000.0,724569000.0,30108431000.0,463610000.0,1,7f5b6f7e-1c2d-4a4e-9a51-3a3f1d3c0a01
6fcf42bf-a4d0-410a-8367-6d728bacf6b1,47219b6b-cc6a-4b4d-9b08-daf8309177ce,c241330b-01a9-471f-9e8a-774bcf36d58b,3b0b0e6c-5a36-4b8e-8c1e-0d7c5e2f9a11,25.0,542700000.0,13567500000.0,251006000.0,13316494000.0,488336000.0,1,7f5b6f7e-1c2d-4a4e-9a51-3a3f1d3c0a01
cbcf3de0-8320-43e1-806e-8a248f7aaa73,8fc13a21-65da-4585-8458-a4a770372268,6c307511-b2b9-437a-a8df-6ec4ce4a2bbd,3b0b0e6c-5a36-4b8e-8c1e-0d7c5e2f9a11,7.5,502600000.0,3769500000.0,69734000.0,3699766000.0,451278000.0,1,7f5b6f7e-1c2d-4a4e-9a51-3a3f1d3c0a01
da49ac02-b39e-4f6f-95ad-90f0182e4fe0,8fc13a21-65da-4585-8458-a4a770372268,6b65a6a4-8b81-48f6-b38a-088ca65ed389,3b0b0e6c-5a36-4b8e-8c1e-0d7c5e2f9a11,8.5,512500000.0,4356250000.0,80589000.0,4275661000.0,459879000.0,2,7f5b6f7e-1c2d-4a4e-9a51-3a3f1d3c0a01
10c68df9-36f2-40c2-b197-6672059ee71c,8fc13a21-65da-4585-8458-a4a770372268,b74d0fb1-32e7-4629-8fad-c1a606cb0fb3,3b0b0e6c-5a36-4b8e-8c1e-0d7c5e2f9a11,28.5,519600000.0,14808600000.0,273953000.0,14534647000.0,467199000.0,3,7f5b6f7e-1c2d-4a4e-9a51-3a3f1d3c0a01
7a385902-ea4b-435f-be39-c3e178832718,325333c2-5173-42a6-a46d-875c34ac9046,b74d0fb1-32e7-4629-8fad-c1a606cb0fb3,3b0b0e6c-5a36-4b8e-8c1e-0d7c5e2f9a11,85.0,519600000.0,44166000000.0,1260564000.0,42905436000.0,467199000.0,1,7f5b6f7e-1c2d-4a4e-9a51-3a3f1d3c0a01
e8ce53ca-d580-47d9-a2f0-f75e8c83bc47,abfc2e90-abc6-4b80-8626-51bbfffc524c,9a1de644-815e-46d1-bb8f-aa1837f8a88b,3b0b0e6c-5a36-4b8e-8c1e-0d7c5e2f9a11,70.0,254700000.0,17829000000.0,335389000.0,17493611000.0,238518000.0,1,7f5b6f7e-1c2d-4a4e-9a51-3a3f1d3c0a01
e300aa51-cf2a-41dd-b0fe-5119d5c9e875,da2c21ff-49d6-4860-8f72-9ba90fd7c051,1a2a73ed-562b-4f79-8374-59eef50bea63,3b0b0e6c-5a36-4b8e-8c1e-0d7c5e2f9a11,70.0,336800000.0,23576000000.0,646790000.0,22929210000.0,311540000.0,1,7f5b6f7e-1c2d-4a4e-9a51-3a3f1d3c0a01
1ba67825-edd9-4a5c-95f8-c8bde04e1a42,4d1d630d-5fda-4ffc-a8ca-e40857659751,43b7a3a6-9a8d-4a03-980d-7b71d8f56413,3b0b0e6c-5a36-4b8e-8c1e-0d7c5e2f9a11,95.0,353800000.0,33611000000.0,944681000.0,32666319000.0,315888000.0,1,7f5b6f7e-1c2d-4a4e-9a51-3a3f1d3c0a01
4222726b-3836-4193-be0a-58beaa1d4222,bc61301c-0e4b-4fc0-adc4-999bbe90891e,1a2a73ed-562b-4f79-8374-59eef50bea63,3b0b0e6c-5a36-4b8e-8c1e-0d7c5e2f9a11,125.0,336800000.0,42100000000.0,1037750000.0,41062250000.0,315610000.0,1,7f5b6f7e-1c2d-4a4e-9a51-3a3f1d3c0a01
d0066802-b5a9-4c15-9cf1-03448e003007,32d76a02-b479-4e77-b23f-edb87ed6cd7f,43b7a3a6-9a8d-4a03-980d-7b71d8f56413,3b0b0e6c-5a36-4b8e-8c1e-0d7c5e2f9a11,95.0,524400000.0,49818000000.0,1198283000.0,48619717000.0,448348000.0,1,7f5b6f7e-1c2d-4a4e-9a51-3a3f1d3c0a01
e4d0b7eb-21b6-454d-81fc-c354c8cde51f,8b352d2b-9f04-40fc-8ba7-28aa124d456f,1a2a73ed-562b-4f79-8374-59eef50bea63,3b0b0e6c-5a36-4b8e-8c1e-0d7c5e2f9a11,80.0,514299999.99999994,41143999999.99999,1600918000.0,39543081999.99999,438635000.0,1,7f5b6f7e-1c2d-4a4e-9a51-3a3f1d3c0a01
cf7a9bb7-e1b4-4802-81ba-0d12c11e8c3c,7cf4e15c-1269-4533-886b-4396e2cbbeec,5be6128e-18c2-4797-a142-ea7d17be3111,3b0b0e6c-5a36-4b8e-8c1e-0d7c5e2f9a11,25.0,519900000.0,12997500000.0,393902000.0,12603598000.0,463795000.0,1,7f5b6f7e-1c2d-4a4e-9a51-3a3f1d3c0a01
e86fb9f2-2e38-4e8b-96e4-2803ec2ab335,7cf4e15c-1269-4533-886b-4396e2cbbeec,43b7a3a6-9a8d-4a03-980d-7b71d8f56413,3b0b0e6c-5a36-4b8e-8c1e-0d7c5e2f9a11,55.5,543400000.0,30158700000.0,913988000.0,29244712000.0,485070000.0,2,7f5b6f7e-1c2d-4a4e-9a51-3a3f1d3c0a01
c56405e1-3551-44a1-beb9-d7bf875371ac,7cf4e15c-1269-4533-886b-4396e2cbbeec,1a2a73ed-562b-4f79-8374-59eef50bea63,3b0b0e6c-5a36-4b8e-8c1e-0d7c5e2f9a11,54.0,530400000.0,28641600000.0,868011000.0,27773589000.0,475727000.0,3,7f5b6f7e-1c2d-4a4e-9a51-3a3f1d3c0a01
77503ccd-a829-4362-b4fa-1ee1b3edadb4,115f2702-3f2b-45eb-b0dc-7893969d436f,1a2a73ed-562b-4f79-8374-59eef50bea63,3b0b0e6c-5a36-4b8e-8c1e-0d7c5e2f9a11,20.0,544800000.0,10896000000.0,434333000.0,10461667000.0,490620000.0,1,7f5b6f7e-1c2d-4a4e-9a51-3a3f1d3c0a01
8cea7332-b73a-4ea9-8a30-b32d3773b95d,115f2702-3f2b-45eb-b0dc-7893969d436f,5be6128e-18c2-4797-a142-ea7d17be3111,3b0b0e6c-5a36-4b8e-8c1e-0d7c5e2f9a11,29.0,531700000.00000006,15419300000.000002,614640000.0,14804660000.000002,480908000.0,2,7f5b6f7e-1c2d-4a4e-9a51-3a3f1d3c0a01
20b2327f-a932-423d-a290-13be061de7c0,115f2702-3f2b-45eb-b0dc-7893969d436f,43b7a3a6-9a8d-4a03-980d-7b71d8f56413,3b0b0e6c-5a36-4b8e-8c1e-0d7c5e2f9a11,56.0,553900000.0,31018400000.0,1236447000.0,29781953000.0,502645000.0,3,7f5b6f7e-1c2d-4a4e-9a51-3a3f1d3c0a01
e30a2016-d4ad-488c-bee2-05c961887940,4ddf68c0-10c9-468f-a007-0b6e48d82b1d,5be6128e-18c2-4797-a142-ea7d17be3111,3b0b0e6c-5a36-4b8e-8c1e-0d7c5e2f9a11,55.0,536500000.0,29507500000.0,970949000.0,28536551000.0,491823000.0,1,7f5b6f7e-1c2d-4a4e-9a51-3a3f1d3c0a01
1a832ec8-6dac-4714-8549-5f2ff673bdaf,4ddf68c0-10c9-468f-a007-0b6e48d82b1d,43b7a3a6-9a8d-4a03-980d-7b71d8f56413,3b0b0e6c-5a36-4b8e-8c1e-0d7c5e2f9a11,26.0,560100000.0,14562600000.0,479185000.0,14083415000.0,512358000.0,2,7f5b6f7e-1c2d-4a4e-9a51-3a3f1d3c0a01
41d97101-a7f6-4ae9-beae-7cd1620348e4,4ddf68c0-10c9-468f-a007-0b6e48d82b1d,1a2a73ed-562b-4f79-8374-59eef50bea63,3b0b0e6c-5a36-4b8e-8c1e-0d7c5e2f9a11,54.0,537300000.0,29014200000.0,954717000.0,28059483000.0,503940000.0,3,7f5b6f7e-1c2d-4a4e-9a51-3a3f1d3c0a01
53958389-d10f-4426-adeb-23655d81f1cf,781dc617-00e4-4408-abe2-c3682f788c40,759cde66-bacf-43d0-8b1f-9163ce9ff57f,3b0b0e6c-5a36-4b8e-8c1e-0d7c5e2f9a11,25.0,641900000.0,16047500000.0,350260000.0,15697240000.0,564539000.0,1,7f5b6f7e-1c2d-4a4e-9a51-3a3f1d3c0a01
3fb27eb4-c2b8-4c19-b830-3a1c60055b4f,781dc617-00e4-4408-abe2-c3682f788c40,ec1b8ca1-f91e-4d4c-9ff4-9b7889463e85,3b0b0e6c-5a36-4b8e-8c1e-0d7c5e2f9a11,45.0,622000000.0,27990000000.0,610922000.0,27379078000.0,560648000.0,2,7f5b6f7e-1c2d-4a4e-9a51-3a3f1d3c0a01
555d589b-9b18-4017-a319-c9cdd3206f8a,55a1cfba-16cc-4cab-8b3b-c9e60be36ea2,1a2a73ed-562b-4f79-8374-59eef50bea63,3b0b0e6c-5a36-4b8e-8c1e-0d7c5e2f9a11,11.5,363800000.0,4183700000.0,128906000.0,4054794000.0,330318000.0,1,7f5b6f7e-1c2d-4a4e-9a51-3a3f1d3c0a01
a0eb4c0a-2a67-40e5-9ae7-14be8e65ce16,55a1cfba-16cc-4cab-8b3b-c9e60be36ea2,5be6128e-18c2-4797-a142-ea7d17be3111,3b0b0e6c-5a36-4b8e-8c1e-0d7c5e2f9a11,13.5,353600000.0,4773600000.0,147082000.0,4626518000.0,328468000.0,2,7f5b6f7e-1c2d-4a4e-9a51-3a3f1d3c0a01
aa63c71b-f5fd-495c-a84b-fae852342aa3,b90518f5-0c3d-4d51-8a73-9cbdf5e5efe4,1a2a73ed-562b-4f79-8374-59eef50bea63,3b0b0e6c-5a36-4b8e-8c1e-0d7c5e2f9a11,45.0,424200000.0,19089000000.0,467224000.0,18621776000.0,340678000.0,1,7f5b6f7e-1c2d-4a4e-9a51-3a3f1d3c0a01
c0f7e987-a273-4ea5-a5e3-72568d29e0a1,af55e652-8347-4ef5-89dd-b899b9312ae5,972a8469-1641-4f82-8b9d-2434e465e150,3b0b0e6c-5a36-4b8e-8c1e-0d7c5e2f9a11,55.0,275600000.0,15158000000.0,327506000.0,14830494000.0,255629000.0,1,7f5b6f7e-1c2d-4a4e-9a51-3a3f1d3c0a01
404d69ff-9b3f-455d-99ce-ecac8e1d71bc,6623265c-e173-4b33-9739-85f186a90b39,1a2a73ed-562b-4f79-8374-59eef50bea63,3b0b0e6c-5a36-4b8e-8c1e-0d7c5e2f9a11,59.0,430700000.0,25411300000.0,1145861000.0,24265439000.0,392385000.0,1,7f5b6f7e-1c2d-4a4e-9a51-3a3f1d3c0a01
7c0f803f-17d7-40af-a2b1-070e27e40eae,6623265c-e173-4b33-9739-85f186a90b39,5be6128e-18c2-4797-a142-ea7d17be3111,3b0b0e6c-5a36-4b8e-8c1e-0d7c5e2f9a11,51.0,423400000.0,21593400000.0,973702000.0,20619698000.0,388315000.0,2,7f5b6f7e-1c2d-4a4e-9a51-3a3f1d3c0a01
687da63b-49b4-480d-812e-4663db2b0f9f,75ad3301-022d-41a9-994d-6a781f0b4068,47378190-96da-4dac-b2ff-5d2a386ecbe0,3b0b0e6c-5a36-4b8e-8c1e-0d7c5e2f9a11,16.0,416000000.0,6656000000.0,323668000.0,6332332000.0,371307000.0,1,7f5b6f7e-1c2d-4a4e-9a51-3a3f1d3c0a01
a2145cb2-9a9e-4e3b-b384-4c566fdeff0d,75ad3301-022d-41a9-994d-6a781f0b4068,b74d0fb1-32e7-4629-8fad-c1a606cb0fb3,3b0b0e6c-5a36-4b8e-8c1e-0d7c5e2f9a11,15.5,419600000.0,6503800000.0,316267000.0,6187533000.0,372680000.0,2,7f5b6f7e-1c2d-4a4e-9a51-3a3f1d3c0a01
1a033058-b53e-4d26-a146-bec5575aef77,75ad3301-022d-41a9-994d-6a781f0b4068,6c307511-b2b9-437a-a8df-6ec4ce4a2bbd,3b0b0e6c-5a36-4b8e-8c1e-0d7c5e2f9a11,18.0,400400000.0,7207200000.0,350472000.0,6856728000.0,361242000.0,3,7f5b6f7e-1c2d-4a4e-9a51-3a3f1d3c0a01
f3fee117-d742-4d00-a14f-66da139e46be,d3759b94-3ac9-46b7-b060-868da9c2e627,b74d0fb1-32e7-4629-8fad-c1a606cb0fb3,3b0b0e6c-5a36-4b8e-8c1e-0d7c5e2f9a11,6.5,452500000.0,2941250000.0,171466000.0,2769784000.0,411110000.0,1,7f5b6f7e-1c2d-4a4e-9a51-3a3f1d3c0a01
01e73b60-7e8f-4d26-aa01-e9467fbe6e1a,d3759b94-3ac9-46b7-b060-868da9c2e627,6c307511-b2b9-437a-a8df-6ec4ce4a2bbd,3b0b0e6c-5a36-4b8e-8c1e-0d7c5e2f9a11,13.5,435100000.0,5873850000.0,342428000.0,5531422000.0,388143000.0,2,7f5b6f7e-1c2d-4a4e-9a51-3a3f1d3c0a01
cf2af950-056c-46c4-9820-239f173b9380,f5e5426d-8651-46e9-88aa-0ba5c26d48cf,1a2a73ed-562b-4f79-8374-59eef50bea63,3b0b0e6c-5a36-4b8e-8c1e-0d7c5e2f9a11,50.0,514299999.99999994,25714999999.999996,1010644000.0,24704355999.999996,438635000.0,1,7f5b6f7e-1c2d-4a4e-9a51-3a3f1d3c0a01
72482846-f973-4b8b-b7c9-181daa9d9949,fd728fa4-22b8-4bb4-8bcc-84bde10b735f,c241330b-01a9-471f-9e8a-774bcf36d58b,3b0b0e6c-5a36-4b8e-8c1e-0d7c5e2f9a11,16.5,558100000.0,9208650000.0,532716000.0,8675934000.0,501512000.0,1,7f5b6f7e-1c2d-4a4e-9a51-3a3f1d3c0a01
3d44c372-fc01-41ab-8ab3-a32cb69346e1,fd728fa4-22b8-4bb4-8bcc-84bde10b735f,6b65a6a4-8b81-48f6-b38a-088ca65ed389,3b0b0e6c-5a36-4b8e-8c1e-0d7c5e2f9a11,9.5,519500000.0,4935250000.0,285502000.0,4649748000.0,468938000.0,2,7f5b6f7e-1c2d-4a4e-9a51-3a3f1d3c0a01
2af5658a-c4ef-4ffe-9ce0-fdd280ec49fc,fd728fa4-22b8-4bb4-8bcc-84bde10b735f,6c307511-b2b9-437a-a8df-6ec4ce4a2bbd,3b0b0e6c-5a36-4b8e-8c1e-0d7c5e2f9a11,19.0,508000000.0,9652000000.0,558364000.0,9093636000.0,459879000.0,3,7f5b6f7e-1c2d-4a4e-9a51-3a3f1d3c0a01
318b523d-ce65-45c1-ab01-907617ced8f7,36f94b17-ddb6-4a3b-b887-c1321685ebea,759cde66-bacf-43d0-8b1f-9163ce9ff57f,3b0b0e6c-5a36-4b8e-8c1e-0d7c5e2f9a11,55.0,399900000.0,21994500000.0,453613000.0,21540887000.0,352769000.0,1,7f5b6f7e-1c2d-4a4e-9a51-3a3f1d3c0a01
929c9a79-c4ca-432d-8eb4-dd7bcc605abc,7e315e39-5aa3-4464-82ef-bf8fd0de074d,ec1b8ca1-f91e-4d4c-9ff4-9b7889463e85,3b0b0e6c-5a36-4b8e-8c1e-0d7c5e2f9a11,15.0,382300000.0,5734500000.0,85915000.0,5648585000.0,345982000.0,1,7f5b6f7e-1c2d-4a4e-9a51-3a3f1d3c0a01
446d942a-9fe0-4235-8ee9-a77a97006f0f,7e315e39-5aa3-4464-82ef-bf8fd0de074d,759cde66-bacf-43d0-8b1f-9163ce9ff57f,3b0b0e6c-5a36-4b8e-8c1e-0d7c5e2f9a11,40.0,389800000.0,15592000000.0,233602000.0,15358398000.0,352769000.0,2,7f5b6f7e-1c2d-4a4e-9a51-3a3f1d3c0a01
f3cf9e5b-1c95-43e3-b96f-b2256d65693e,be7f1efd-bbe0-40f2-89ec-1b679f29e939,ec1b8ca1-f91e-4d4c-9ff4-9b7889463e85,3b0b0e6c-5a36-4b8e-8c1e-0d7c5e2f9a11,60.0,413500000.0,24810000000.0,539389000.0,24270611000.0,372679000.0,1,7f5b6f7e-1c2d-4a4e-9a51-3a3f1d3c0a01
9fb56403-87c0-4a63-84c9-5d8567020f43,be7f1efd-bbe0-40f2-89ec-1b679f29e939,759cde66-bacf-43d0-8b1f-9163ce9ff57f,3b0b0e6c-5a36-4b8e-8c1e-0d7c5e2f9a11,30.0,424300000.0,12729000000.0,276739000.0,12452261000.0,376752000.0,2,7f5b6f7e-1c2d-4a4e-9a51-3a3f1d3c0a01
9a738876-b0b6-4419-8218-d164ccc593a6,00faf28f-ea21-4aa9-bd8f-c1a95a9e57e3,4b0dbb41-8d52-48f1-942c-3fe860e7a113,3b0b0e6c-5a36-4b8e-8c1e-0d7c5e2f9a11,53.0,599600000.0,31778800000.0,801616000.0,30977184000.0,528080000.0,1,7f5b6f7e-1c2d-4a4e-9a51-3a3f1d3c0a01
8c008810-69a5-443c-9392-925a1ccb193c,00faf28f-ea21-4aa9-bd8f-c1a95a9e57e3,e2acf72f-9e57-4f7a-a0ee-89aed453dd32,3b0b0e6c-5a36-4b8e-8c1e-0d7c5e2f9a11,12.0,587600000.0,7051200000.0,177866000.0,6873334000.0,518610000.0,2,7f5b6f7e-1c2d-4a4e-9a51-3a3f1d3c0a01
56306656-381d-4002-a079-9bed35a78eda,9436ce27-d2be-4c36-b467-f95ae6c6e8c4,e2acf72f-9e57-4f7a-a0ee-89aed453dd32,3b0b0e6c-5a36-4b8e-8c1e-0d7c5e2f9a11,19.5,587600000.0,11458200000.0,357856000.0,11100344000.0,518610000.0,1,7f5b6f7e-1c2d-4a4e-9a51-3a3f1d3c0a01
7704e8c5-4ca7-4c45-85d1-e0dbc48dfe3b,9436ce27-d2be-4c36-b467-f95ae6c6e8c4,4b0dbb41-8d52-48f1-942c-3fe860e7a113,3b0b0e6c-5a36-4b8e-8c1e-0d7c5e2f9a11,50.5,599600000.0,30279800000.0,945682000.0,29334118000.0,528080000.0,2,7f5b6f7e-1c2d-4a4e-9a51-3a3f1d3c0a01
3c041c24-e3a6-48ec-b0d6-9ce12a606ef2,b1f14f3e-6991-4b5f-84d7-a496a27127dc,e2acf72f-9e57-4f7a-a0ee-89aed453dd32,3b0b0e6c-5a36-4b8e-8c1e-0d7c5e2f9a11,55.0,581200000.0,31966000000.0,873674000.0,31092326000.0,534363000.0,1,7f5b6f7e-1c2d-4a4e-9a51-3a3f1d3c0a01
6d0a660f-3ab2-476e-9a8a-793cc1af747d,fed45978-c9ce-42b2-a9ba-3f8c465e4f14,759cde66-bacf-43d0-8b1f-9163ce9ff57f,3b0b0e6c-5a36-4b8e-8c1e-0d7c5e2f9a11,30.5,547200000.0,16689600000.0,356111000.0,16333489000.0,489514000.0,1,7f5b6f7e-1c2d-4a4e-9a51-3a3f1d3c0a01
81b002e5-92eb-46a8-9ab9-b046d39146e6,fed45978-c9ce-42b2-a9ba-3f8c465e4f14,ec1b8ca1-f91e-4d4c-9ff4-9b7889463e85,3b0b0e6c-5a36-4b8e-8c1e-0d7c5e2f9a11,34.5,535700000.00000006,18481650000.000004,394348000.0,18087302000.000004,483541000.0,2,7f5b6f7e-1c2d-4a4e-9a51-3a3f1d3c0a01
762e38d0-266a-42ec-8199-9adb61198514,62617ea7-e84e-47c6-b120-0957d77df6b6,43b7a3a6-9a8d-4a03-980d-7b71d8f56413,3b0b0e6c-5a36-4b8e-8c1e-0d7c5e2f9a11,20.0,431300000.0,8626000000.0,252949000.0,8373051000.0,350760000.0,1,7f5b6f7e-1c2d-4a4e-9a51-3a3f1d3c0a01
4b8a3f8b-9b32-4e53-8c63-e60d7cd0b9c4,48832fc8-abe9-4a8a-adb7-d927748d7648,43b7a3a6-9a8d-4a03-980d-7b71d8f56413,3b0b0e6c-5a36-4b8e-8c1e-0d7c5e2f9a11,50.0,484700000.0,24235000000.0,645310000.0,23589690000.0,430218000.0,1,7f5b6f7e-1c2d-4a4e-9a51-3a3f1d3c0a01
77852f94-c476-4b07-8abc-a99a95060d31,2c4f13d7-446f-4dde-9d96-9dae2999c580,17fc695a-07a0-4a6e-8822-e8f36c031199,3b0b0e6c-5a36-4b8e-8c1e-0d7c5e2f9a11,40.0,361900000.0,14476000000.0,246134000.0,14229866000.0,334730000.0,1,7f5b6f7e-1c2d-4a4e-9a51-3a3f1d3c0a01
b2928259-a2c6-41a0-8dbf-f728b8d21f9f,bae72596-54a8-43d4-9102-f671001470a5,47378190-96da-4dac-b2ff-5d2a386ecbe0,3b0b0e6c-5a36-4b8e-8c1e-0d7c5e2f9a11,3.0,548500000.0,1645500000.0,22159000.0,1623341000.0,474794000.0,1,7f5b6f7e-1c2d-4a4e-9a51-3a3f1d3c0a01
b0154e22-22d0-4a71-950e-611e4391a32a,bae72596-54a8-43d4-9102-f671001470a5,6b65a6a4-8b81-48f6-b38a-088ca65ed389,3b0b0e6c-5a36-4b8e-8c1e-0d7c5e2f9a11,5.0,536200000.00000006,2681000000.0000005,36103000.0,2644897000.0000005,475342000.0,2,7f5b6f7e-1c2d-4a4e-9a51-3a3f1d3c0a01
680c7824-05b9-46b9-96e7-e95c17483d4a,bae72596-54a8-43d4-9102-f671001470a5,c241330b-01a9-471f-9e8a-774bcf36d58b,3b0b0e6c-5a36-4b8e-8c1e-0d7c5e2f9a11,12.0,574400000.0,6892800000.0,92821000.0,6799979000.0,510662000.0,3,7f5b6f7e-1c2d-4a4e-9a51-3a3f1d3c0a01
41c6b54a-69ee-452d-9e36-78e32b0c7e91,67359f22-808f-499a-9417-d1059441b899,972a8469-1641-4f82-8b9d-2434e465e150,3b0b0e6c-5a36-4b8e-8c1e-0d7c5e2f9a11,70.0,326800000.0,22876000000.0,752292000.0,22123708000.0,261146000.0,1,7f5b6f7e-1c2d-4a4e-9a51-3a3f1d3c0a01
67d910f6-4fcf-406e-81b2-2a541d18b35d,fc37e85c-7a97-4379-a4fe-5c40864ab3a6,23b8c1e9-3924-46de-beb1-3b9046685257,3b0b0e6c-5a36-4b8e-8c1e-0d7c5e2f9a11,130.0,348000000.0,45240000000.0,1104102000.0,44135898000.0,318180000.0,1,7f5b6f7e-1c2d-4a4e-9a51-3a3f1d3c0a01
1652c764-69df-43e1-9777-b706852fa048,3c45e921-432b-4951-a336-049b6293f231,bd9c66b3-ad3c-4d6d-9a3d-1fa7bc8960a9,3b0b0e6c-5a36-4b8e-8c1e-0d7c5e2f9a11,70.0,361500000.0,25305000000.0,851983000.0,24453017000.0,334824000.0,1,7f5b6f7e-1c2d-4a4e-9a51-3a3f1d3c0a01
f719e25a-e18c-4908-a587-3234cc1ac259,7bb1ca21-bb4d-4182-b7a2-7569196c8635,b74d0fb1-32e7-4629-8fad-c1a606cb0fb3,3b0b0e6c-5a36-4b8e-8c1e-0d7c5e2f9a11,50.5,490800000.0,24785400000.0,669352000.0,24116048000.0,414038000.0,1,7f5b6f7e-1c2d-4a4e-9a51-3a3f1d3c0a01
7da6aa5b-5455-48e9-a2bf-da2ac4160660,7bb1ca21-bb4d-4182-b7a2-7569196c8635,c241330b-01a9-471f-9e8a-774bcf36d58b,3b0b0e6c-5a36-4b8e-8c1e-0d7c5e2f9a11,9.5,520100000.0,4940950000.0,133435000.0,4807515000.0,437278000.0,2,7f5b6f7e-1c2d-4a4e-9a51-3a3f1d3c0a01
cd8818d3-bfc3-4bd9-ad44-382d22e6a54e,137849e7-9963-4e73-b05c-55a33a768845,bdd640fb-0667-4ad1-9c80-317fa3b1799d,3b0b0e6c-5a36-4b8e-8c1e-0d7c5e2f9a11,95.0,427500000.0,40612500000.0,1020491000.0,39592009000.0,385874000.0,1,7f5b6f7e-1c2d-4a4e-9a51-3a3f1d3c0a01
f717fac8-32a8-4da3-8058-1b88d94680a0,e60f4fab-4045-45a3-9913-cbf2f729b735,fc377a4c-4a15-444d-85e7-ce8a3a578a8e,3b0b0e6c-5a36-4b8e-8c1e-0d7c5e2f9a11,20.0,510300000.0,10206000000.0,283549000.0,9922451000.0,453765000.0,1,7f5b6f7e-1c2d-4a4e-9a51-3a3f1d3c0a01
bff599b3-f668-4a48-b288-12d94ddd76f7,aec08520-001d-4c28-a40b-ffbf8d73bcc7,e2acf72f-9e57-4f7a-a0ee-89aed453dd32,3b0b0e6c-5a36-4b8e-8c1e-0d7c5e2f9a11,70.0,712800000.0,49896000000.0,1477599000.0,48418401000.0,609676000.0,1,7f5b6f7e-1c2d-4a4e-9a51-3a3f1d3c0a01
7da363c5-613f-426f-9cd9-ec1daf182bc7,f4282e66-7af0-4025-abd9-001a8a9e9b64,a9488d99-0bbb-4599-91ce-5dd2b45ed1f0,3b0b0e6c-5a36-4b8e-8c1e-0d7c5e2f9a11,6.5,599200000.0,3894800000.0,79961000.0,3814839000.0,524380000.0,1,7f5b6f7e-1c2d-4a4e-9a51-3a3f1d3c0a01
3a8de58a-bda0-46d2-bab4-2e67166b14df,f4282e66-7af0-4025-abd9-001a8a9e9b64,3139d32c-93cd-49bf-9c94-1cf0dc98d2c1,3b0b0e6c-5a36-4b8e-8c1e-0d7c5e2f9a11,15.5,617400000.0,9569700000.0,196469000.0,9373231000.0,525723000.0,2,7f5b6f7e-1c2d-4a4e-9a51-3a3f1d3c0a01
5ad4a6f7-b34c-4686-9fc5-08fa2018d413,f4282e66-7af0-4025-abd9-001a8a9e9b64,fc377a4c-4a15-444d-85e7-ce8a3a578a8e,3b0b0e6c-5a36-4b8e-8c1e-0d7c5e2f9a11,18.0,626000000.0,11268000000.0,231335000.0,11036665000.0,541117000.0,3,7f5b6f7e-1c2d-4a4e-9a51-3a3f1d3c0a01
090f3a6a-72ec-4712-b51c-2b286a4c1fb0,f21be047-e3a0-4bf1-b460-c8d8727df7cd,fc377a4c-4a15-444d-85e7-ce8a3a578a8e,3b0b0e6c-5a36-4b8e-8c1e-0d7c5e2f9a11,16.0,401700000.0,6427200000.0,173473000.0,6253727000.0,344486000.0,1,7f5b6f7e-1c2d-4a4e-9a51-3a3f1d3c0a01
9c774f1a-3b9c-4410-bad4-8af84763004e,f21be047-e3a0-4bf1-b460-c8d8727df7cd,3139d32c-93cd-49bf-9c94-1cf0dc98d2c1,3b0b0e6c-5a36-4b8e-8c1e-0d7c5e2f9a11,14.0,381900000.0,5346600000.0,144307000.0,5202293000.0,334193000.0,2,7f5b6f7e-1c2d-4a4e-9a51-3a3f1d3c0a01
f8d5b22f-3d83-4419-896a-6703a13302d6,2b560311-8260-462d-92d6-28b5d5c2067d,972a8469-1641-4f82-8b9d-2434e465e150,3b0b0e6c-5a36-4b8e-8c1e-0d7c5e2f9a11,75.0,394800000.0,29610000000.0,941608000.0,28668392000.0,340340000.0,1,7f5b6f7e-1c2d-4a4e-9a51-3a3f1d3c0a01
a25c30a9-c8a5-4395-9432-da070f0aa1ab,5946892b-3f44-4be5-8326-1bcf981eec0d,bdd640fb-0667-4ad1-9c80-317fa3b1799d,3b0b0e6c-5a36-4b8e-8c1e-0d7c5e2f9a11,77.5,273000000.0,21157500000.0,276243000.0,20881257000.0,249739000.0,1,7f5b6f7e-1c2d-4a4e-9a51-3a3f1d3c0a01
771c604a-9d44-4b61-b83f-fc5aea134640,5946892b-3f44-4be5-8326-1bcf981eec0d,17fc695a-07a0-4a6e-8822-e8f36c031199,3b0b0e6c-5a36-4b8e-8c1e-0d7c5e2f9a11,47.5,262300000.0,12459250000.0,162674000.0,12296576000.0,240950000.0,2,7f5b6f7e-1c2d-4a4e-9a51-3a3f1d3c0a01
94b79efe-2571-4ba1-922e-2d1bf70d90aa,1a7198a8-a357-4421-b666-6b8f4e2eab5b,23b8c1e9-3924-46de-beb1-3b9046685257,3b0b0e6c-5a36-4b8e-8c1e-0d7c5e2f9a11,10.5,270500000.0,2840250000.0,44216000.0,2796034000.0,250860000.0,1,7f5b6f7e-1c2d-4a4e-9a51-3a3f1d3c0a01
21a1867b-3521-443b-9f6b-d635c2a38bcd,1a7198a8-a357-4421-b666-6b8f4e2eab5b,972a8469-1641-4f82-8b9d-2434e465e150,3b0b0e6c-5a36-4b8e-8c1e-0d7c5e2f9a11,2.5,264700000.0,661750000.0,10302000.0,651448000.0,242820000.0,2,7f5b6f7e-1c2d-4a4e-9a51-3a3f1d3c0a01
97f06a30-904f-4dc1-9e31-66b38951aa54,1a7198a8-a357-4421-b666-6b8f4e2eab5b,bd9c66b3-ad3c-4d6d-9a3d-1fa7bc8960a9,3b0b0e6c-5a36-4b8e-8c1e-0d7c5e2f9a11,12.0,264100000.00000003,3169200000.0000005,49337000.0,3119863000.0000005,247775000.0,3,7f5b6f7e-1c2d-4a4e-9a51-3a3f1d3c0a01
d5588872-2ad6-4a3e-bea1-67966e1c50ea,b7f305af-bae0-4c03-a89b-0c011cc6598e,b74d0fb1-32e7-4629-8fad-c1a606cb0fb3,3b0b0e6c-5a36-4b8e-8c1e-0d7c5e2f9a11,76.0,420600000.0,31965600000.0,1056766000.0,30908834000.0,383934000.0,1,7f5b6f7e-1c2d-4a4e-9a51-3a3f1d3c0a01
c8c672c0-db76-4701-8e3f-c460287e5974,b7f305af-bae0-4c03-a89b-0c011cc6598e,371ecd7b-27cd-4130-8722-9389571aa876,3b0b0e6c-5a36-4b8e-8c1e-0d7c5e2f9a11,9.0,412900000.0,3716100000.0,122852000.0,3593248000.0,371490000.0,2,7f5b6f7e-1c2d-4a4e-9a51-3a3f1d3c0a01
c25c14c5-7387-4084-8972-547d77390593,4c52bc77-fd7b-4c7d-91f5-81e028748379,23b8c1e9-3924-46de-beb1-3b9046685257,3b0b0e6c-5a36-4b8e-8c1e-0d7c5e2f9a11,21.5,350400000.0,7533600000.0,194297000.0,7339303000.0,325380000.0,1,7f5b6f7e-1c2d-4a4e-9a51-3a3f1d3c0a01
5d37faa2-af44-4e7d-b213-1be7e5bb5502,4c52bc77-fd7b-4c7d-91f5-81e028748379,bd9c66b3-ad3c-4d6d-9a3d-1fa7bc8960a9,3b0b0e6c-5a36-4b8e-8c1e-0d7c5e2f9a11,5.5,351100000.0,1931050000.0,49803000.0,1881247000.0,314908000.0,2,7f5b6f7e-1c2d-4a4e-9a51-3a3f1d3c0a01
b3563532-c1c1-4659-b0bb-34c19087681f,4c52bc77-fd7b-4c7d-91f5-81e028748379,bdd640fb-0667-4ad1-9c80-317fa3b1799d,3b0b0e6c-5a36-4b8e-8c1e-0d7c5e2f9a11,23.0,366600000.0,8431800000.0,217463000.0,8214337000.0,331925000.0,3,7f5b6f7e-1c2d-4a4e-9a51-3a3f1d3c0a01
691140a1-660a-4720-a6f0-0d693bd17873,3f78e862-f82c-4317-a02d-7d3dd4e4d798,ddd1dfb2-3b98-4ef8-9af6-1a26146d3f31,3b0b0e6c-5a36-4b8e-8c1e-0d7c5e2f9a11,55.0,268800000.0,14784000000.0,436805000.0,14347195000.0,248442000.0,1,7f5b6f7e-1c2d-4a4e-9a51-3a3f1d3c0a01
afc6d128-1d3c-4c79-aa13-a7606c22d987,8f5cf75e-6284-4246-9b29-bc58c5cc4275,23b8c1e9-3924-46de-beb1-3b9046685257,3b0b0e6c-5a36-4b8e-8c1e-0d7c5e2f9a11,175.0,281900000.0,49332500000.0,1609049000.0,47723451000.0,265353000.0,1,7f5b6f7e-1c2d-4a4e-9a51-3a3f1d3c0a01
10f01f27-5e3d-440d-909a-8e3da6eba46a,a807102f-8d84-43af-99c4-540860f07e9e,fc377a4c-4a15-444d-85e7-ce8a3a578a8e,3b0b0e6c-5a36-4b8e-8c1e-0d7c5e2f9a11,65.0,518000000.0,33670000000.0,1339255000.0,32330745000.0,456718000.0,1,7f5b6f7e-1c2d-4a4e-9a51-3a3f1d3c0a01
9db2becb-ff09-45c8-8ee3-c2b2b4e6eeb7,ff09c499-76a5-4dbd-9510-34c0118fe377,5be6128e-18c2-4797-a142-ea7d17be3111,3b0b0e6c-5a36-4b8e-8c1e-0d7c5e2f9a11,299.0,461700000.0,138048300000.0,4267722000.0,133780578000.0,425222000.0,1,7f5b6f7e-1c2d-4a4e-9a51-3a3f1d3c0a01
be44529b-9c1b-498e-8701-a2dcc305508f,ff09c499-76a5-4dbd-9510-34c0118fe377,1a2a73ed-562b-4f79-8374-59eef50bea63,3b0b0e6c-5a36-4b8e-8c1e-0d7c5e2f9a11,631.0,474200000.0,299220200000.0,9250303000.0,289969897000.0,420135000.0,2,7f5b6f7e-1c2d-4a4e-9a51-3a3f1d3c0a01
8e0e1c05-2f3b-4ded-b21b-c2868ac82965,72c9f2c0-ed5f-4f33-a8ea-96aedfaf2024,6b65a6a4-8b81-48f6-b38a-088ca65ed389,3b0b0e6c-5a36-4b8e-8c1e-0d7c5e2f9a11,16.0,536200000.00000006,8579200000.000001,245045000.0,8334155000.000001,475342000.0,1,7f5b6f7e-1c2d-4a4e-9a51-3a3f1d3c0a01
18f2c7d9-a4f4-4181-ac56-4248b10fa95e,72c9f2c0-ed5f-4f33-a8ea-96aedfaf2024,c241330b-01a9-471f-9e8a-774bcf36d58b,3b0b0e6c-5a36-4b8e-8c1e-0d7c5e2f9a11,49.0,574400000.0,28145600000.0,803915000.0,27341685000.0,510662000.0,2,7f5b6f7e-1c2d-4a4e-9a51-3a3f1d3c0a01
7b2bad3d-7c25-4f41-89ad-267a74d5fe1a,72c9f2c0-ed5f-4f33-a8ea-96aedfaf2024,47378190-96da-4dac-b2ff-5d2a386ecbe0,3b0b0e6c-5a36-4b8e-8c1e-0d7c5e2f9a11,30.5,548500000.0,16729250000.0,477833000.0,16251417000.0,474794000.0,3,7f5b6f7e-1c2d-4a4e-9a51-3a3f1d3c0a01
36bed186-13e1-4862-a951-781af008f487,e3f44794-6bca-4e75-b8b9-e12d6224eff5,bd9c66b3-ad3c-4d6d-9a3d-1fa7bc8960a9,3b0b0e6c-5a36-4b8e-8c1e-0d7c5e2f9a11,23.5,281600000.0,6617600000.0,283975000.0,6333625000.0,254788000.0,1,7f5b6f7e-1c2d-4a4e-9a51-3a3f1d3c0a01
ffadae33-64c1-49f9-9e31-4c417dd195f5,e3f44794-6bca-4e75-b8b9-e12d6224eff5,23b8c1e9-3924-46de-beb1-3b9046685257,3b0b0e6c-5a36-4b8e-8c1e-0d7c5e2f9a11,11.5,283800000.0,3263700000.0,140052000.0,3123648000.0,255442000.0,2,7f5b6f7e-1c2d-4a4e-9a51-3a3f1d3c0a01
0cad49c1-8bec-4c64-944b-7307017017f8,10f25497-66b4-4b67-b23b-6afc79b8c3ca,972a8469-1641-4f82-8b9d-2434e465e150,3b0b0e6c-5a36-4b8e-8c1e-0d7c5e2f9a11,2.5,332400000.0,831000000.0,34141000.0,796859000.0,313225000.0,1,7f5b6f7e-1c2d-4a4e-9a51-3a3f1d3c0a01
6cb26079-b22a-4523-9b1c-cfdc1d84ca94,10f25497-66b4-4b67-b23b-6afc79b8c3ca,23b8c1e9-3924-46de-beb1-3b9046685257,3b0b0e6c-5a36-4b8e-8c1e-0d7c5e2f9a11,18.0,343600000.0,6184800000.0,254099000.0,5930701000.0,320424000.0,2,7f5b6f7e-1c2d-4a4e-9a51-3a3f1d3c0a01
e425e7a7-688d-40c2-a7cc-553824ebb16a,10f25497-66b4-4b67-b23b-6afc79b8c3ca,9a1de644-815e-46d1-bb8f-aa1837f8a88b,3b0b0e6c-5a36-4b8e-8c1e-0d7c5e2f9a11,9.5,333000000.0,3163500000.0,129971000.0,3033529000.0,304716000.0,3,7f5b6f7e-1c2d-4a4e-9a51-3a3f1d3c0a01
66eb2310-c0d0-4f87-8d19-8e1b898a71fa,67e99edc-b032-465e-aa3f-3d7ce193ed04,5be6128e-18c2-4797-a142-ea7d17be3111,3b0b0e6c-5a36-4b8e-8c1e-0d7c5e2f9a11,39.5,329800000.0,13027100000.0,408839000.0,12618261000.0,305065000.0,1,7f5b6f7e-1c2d-4a4e-9a51-3a3f1d3c0a01
9354d7f4-b61a-4dfc-9f1b-bab42c0085c8,67e99edc-b032-465e-aa3f-3d7ce193ed04,43b7a3a6-9a8d-4a03-980d-7b71d8f56413,3b0b0e6c-5a36-4b8e-8c1e-0d7c5e2f9a11,48.0,341500000.0,16392000000.0,514442000.0,15877558000.0,315888000.0,2,7f5b6f7e-1c2d-4a4e-9a51-3a3f1d3c0a01
47eae67c-d518-4924-a726-cfb2bb3409cc,67e99edc-b032-465e-aa3f-3d7ce193ed04,1a2a73ed-562b-4f79-8374-59eef50bea63,3b0b0e6c-5a36-4b8e-8c1e-0d7c5e2f9a11,27.5,336800000.0,9262000000.0,290676000.0,8971324000.0,311540000.0,3,7f5b6f7e-1c2d-4a4e-9a51-3a3f1d3c0a01
37ba3a88-8d10-42e2-8081-755ac065c437,f06312a4-338d-4533-af4c-9b4f58dff190,759cde66-bacf-43d0-8b1f-9163ce9ff57f,3b0b0e6c-5a36-4b8e-8c1e-0d7c5e2f9a11,20.0,424300000.0,8486000000.0,192873000.0,8293127000.0,376752000.0,1,7f5b6f7e-1c2d-4a4e-9a51-3a3f1d3c0a01
f93a530a-fbae-4833-83a5-05ae71b703a9,f06312a4-338d-4533-af4c-9b4f58dff190,ec1b8ca1-f91e-4d4c-9ff4-9b7889463e85,3b0b0e6c-5a36-4b8e-8c1e-0d7c5e2f9a11,10.0,413500000.0,4135000000.0,93982000.0,4041018000.0,372679000.0,2,7f5b6f7e-1c2d-4a4e-9a51-3a3f1d3c0a01
31302363-d26c-4d31-845a-46f57e72e416,080dab32-25bd-4f17-9c38-dc67d105ca4f,759cde66-bacf-43d0-8b1f-9163ce9ff57f,3b0b0e6c-5a36-4b8e-8c1e-0d7c5e2f9a11,28.5,510700000.0,14554950000.0,548644000.0,14006306000.0,456572000.0,1,7f5b6f7e-1c2d-4a4e-9a51-3a3f1d3c0a01
4581ef34-6f43-4aba-891f-ec6bbebba67c,080dab32-25bd-4f17-9c38-dc67d105ca4f,ec1b8ca1-f91e-4d4c-9ff4-9b7889463e85,3b0b0e6c-5a36-4b8e-8c1e-0d7c5e2f9a11,61.5,500000000.0,30750000000.0,1159110000.0,29590890000.0,454944000.0,2,7f5b6f7e-1c2d-4a4e-9a51-3a3f1d3c0a01
24e63236-ed1d-4e5b-af21-c58f7e81cc37,53817689-11a3-4e27-bf7f-d74b41f84ff4,1a2a73ed-562b-4f79-8374-59eef50bea63,3b0b0e6c-5a36-4b8e-8c1e-0d7c5e2f9a11,7.0,572400000.0,4006800000.0,112836000.0,3893964000.0,507918000.0,1,7f5b6f7e-1c2d-4a4e-9a51-3a3f1d3c0a01
9e8223ac-fbf0-4ba9-9814-81e5f052bcd0,53817689-11a3-4e27-bf7f-d74b41f84ff4,5be6128e-18c2-4797-a142-ea7d17be3111,3b0b0e6c-5a36-4b8e-8c1e-0d7c5e2f9a11,21.5,563300000.0,12110950000.0,341058000.0,11769892000.0,506438000.0,2,7f5b6f7e-1c2d-4a4e-9a51-3a3f1d3c0a01
31c43f74-9d80-4590-a552-1ad16bce1e26,53817689-11a3-4e27-bf7f-d74b41f84ff4,43b7a3a6-9a8d-4a03-980d-7b71d8f56413,3b0b0e6c-5a36-4b8e-8c1e-0d7c5e2f9a11,62.0,584500000.0,36239000000.0,1020531000.0,35218469000.0,525770000.0,3,7f5b6f7e-1c2d-4a4e-9a51-3a3f1d3c0a01
57817e5b-e783-4e2e-a7fc-de31d73e6c76,81d291dc-fac9-4fee-9a56-c9b9a3de194a,17fc695a-07a0-4a6e-8822-e8f36c031199,3b0b0e6c-5a36-4b8e-8c1e-0d7c5e2f9a11,17.0,257700000.0,4380900000.0,119270000.0,4261630000.0,240950000.0,1,7f5b6f7e-1c2d-4a4e-9a51-3a3f1d3c0a01
7640a7a6-ebea-4271-8b57-9d7fda23c6b2,81d291dc-fac9-4fee-9a56-c9b9a3de194a,9a1de644-815e-46d1-bb8f-aa1837f8a88b,3b0b0e6c-5a36-4b8e-8c1e-0d7c5e2f9a11,13.0,250300000.0,3253900000.0,88588000.0,3165312000.0,234030000.0,2,7f5b6f7e-1c2d-4a4e-9a51-3a3f1d3c0a01
b6eea44e-0c1b-421b-b53d-fefe28d3b988,5e8347df-d5ac-492c-b1f6-99bae79d3568,5be6128e-18c2-4797-a142-ea7d17be3111,3b0b0e6c-5a36-4b8e-8c1e-0d7c5e2f9a11,30.0,337200000.0,10116000000.0,181846000.0,9934154000.0,308950000.0,1,7f5b6f7e-1c2d-4a4e-9a51-3a3f1d3c0a01
b26ea5a6-a851-494e-80aa-cc00e859d5ff,c37e1bea-b872-4e8f-a779-109d15761d3d,bdd640fb-0667-4ad1-9c80-317fa3b1799d,3b0b0e6c-5a36-4b8e-8c1e-0d7c5e2f9a11,10.5,273000000.0,2866500000.0,45533000.0,2820967000.0,249739000.0,1,7f5b6f7e-1c2d-4a4e-9a51-3a3f1d3c0a01
a8aab749-1432-4237-b4ac-7fc81e6ba750,c37e1bea-b872-4e8f-a779-109d15761d3d,972a8469-1641-4f82-8b9d-2434e465e150,3b0b0e6c-5a36-4b8e-8c1e-0d7c5e2f9a11,14.5,259700000.0,3765650000.0,59815000.0,3705835000.0,236742000.0,2,7f5b6f7e-1c2d-4a4e-9a51-3a3f1d3c0a01
2fcff1c2-2f2d-4f40-8e72-ce89b86a1ea6,5e8fc938-4b95-4ba8-886b-08fe56b24ba5,6b65a6a4-8b81-48f6-b38a-088ca65ed389,3b0b0e6c-5a36-4b8e-8c1e-0d7c5e2f9a11,55.0,319600000.0,17578000000.0,351882000.0,17226118000.0,285114000.0,1,7f5b6f7e-1c2d-4a4e-9a51-3a3f1d3c0a01
f32b6e69-2d48-4d1e-bfe9-a06e308e38cf,9a998a04-7876-4956-ba71-0154edef2191,b74d0fb1-32e7-4629-8fad-c1a606cb0fb3,3b0b0e6c-5a36-4b8e-8c1e-0d7c5e2f9a11,11.0,347900000.0,3826900000.0,43681000.0,3783219000.0,314943000.0,1,7f5b6f7e-1c2d-4a4e-9a51-3a3f1d3c0a01
8ddde85e-1ab0-46b4-bc11-0b9ab61963b3,9a998a04-7876-4956-ba71-0154edef2191,c241330b-01a9-471f-9e8a-774bcf36d58b,3b0b0e6c-5a36-4b8e-8c1e-0d7c5e2f9a11,19.0,364900000.0,6933100000.0,79136000.0,6853964000.0,330406000.0,2,7f5b6f7e-1c2d-4a4e-9a51-3a3f1d3c0a01
4e6aade1-7ab8-434a-b978-03bd1d4447c6,09d99857-67fc-4722-9c69-405f617aefb2,47378190-96da-4dac-b2ff-5d2a386ecbe0,3b0b0e6c-5a36-4b8e-8c1e-0d7c5e2f9a11,20.0,422000000.0,8440000000.0,100214000.0,8339786000.0,377072000.0,1,7f5b6f7e-1c2d-4a4e-9a51-3a3f1d3c0a01
00fd752f-b4ad-49af-a49a-a3316a7a9810,be5c160f-e74d-4821-b662-737fe58bb090,17fc695a-07a0-4a6e-8822-e8f36c031199,3b0b0e6c-5a36-4b8e-8c1e-0d7c5e2f9a11,40.0,412000000.0,16480000000.0,443992000.0,16036008000.0,381948000.0,1,7f5b6f7e-1c2d-4a4e-9a51-3a3f1d3c0a01
ae4cc831-ae73-4787-bfe8-28af987f2e84,225cad8f-f0bd-41ba-9dde-c93f1137d035,b74d0fb1-32e7-4629-8fad-c1a606cb0fb3,3b0b0e6c-5a36-4b8e-8c1e-0d7c5e2f9a11,115.0,510600000.0,58719000000.0,1408102000.0,57310898000.0,468754000.0,1,7f5b6f7e-1c2d-4a4e-9a51-3a3f1d3c0a01
f3f2f142-3817-4cd8-b584-78446a182068,dd046e91-4890-406d-80a9-d7ceaec96fc9,5be6128e-18c2-4797-a142-ea7d17be3111,3b0b0e6c-5a36-4b8e-8c1e-0d7c5e2f9a11,3.0,547500000.0,1642500000.0,40341000.0,1602159000.0,496262000.0,1,7f5b6f7e-1c2d-4a4e-9a51-3a3f1d3c0a01
7560ffcd-4e91-469e-bab4-a539faff3a4a,dd046e91-4890-406d-80a9-d7ceaec96fc9,1a2a73ed-562b-4f79-8374-59eef50bea63,3b0b0e6c-5a36-4b8e-8c1e-0d7c5e2f9a11,5.5,549100000.0,3020050000.0,74174000.0,2945876000.0,497002000.0,2,7f5b6f7e-1c2d-4a4e-9a51-3a3f1d3c0a01
abf04933-43b3-4489-b1fa-338158eea6c6,dd046e91-4890-406d-80a9-d7ceaec96fc9,43b7a3a6-9a8d-4a03-980d-7b71d8f56413,3b0b0e6c-5a36-4b8e-8c1e-0d7c5e2f9a11,1.5,568400000.0,852600000.0,20940000.0,831660000.0,518092000.0,3,7f5b6f7e-1c2d-4a4e-9a51-3a3f1d3c0a01
01b3e0f1-61e3-4ecb-a29c-9b88d06f1831,a709ea60-037a-47a6-97d6-e4557008abd1,17fc695a-07a0-4a6e-8822-e8f36c031199,3b0b0e6c-5a36-4b8e-8c1e-0d7c5e2f9a11,87.5,419900000.0,36741250000.0,920833000.0,35820417000.0,385220000.0,1,7f5b6f7e-1c2d-4a4e-9a51-3a3f1d3c0a01
2547c301-b990-4a32-b179-1041c838052b,a709ea60-037a-47a6-97d6-e4557008abd1,bd9c66b3-ad3c-4d6d-9a3d-1fa7bc8960a9,3b0b0e6c-5a36-4b8e-8c1e-0d7c5e2f9a11,17.5,419600000.0,7343000000.0,184035000.0,7158965000.0,385500000.0,2,7f5b6f7e-1c2d-4a4e-9a51-3a3f1d3c0a01
d10a7cb2-4107-4a9f-8f18-fb7eb73b7f69,da07d251-3f19-4c87-9b3d-de64817bb006,759cde66-bacf-43d0-8b1f-9163ce9ff57f,3b0b0e6c-5a36-4b8e-8c1e-0d7c5e2f9a11,125.0,507100000.0,63387500000.0,1247259000.0,62140241000.0,391232000.0,1,7f5b6f7e-1c2d-4a4e-9a51-3a3f1d3c0a01
e01a2fc5-2c61-4133-94ec-8c2607a282c5,4f8e4c1f-79d8-48f5-af7f-dc360deea7a1,759cde66-bacf-43d0-8b1f-9163ce9ff57f,3b0b0e6c-5a36-4b8e-8c1e-0d7c5e2f9a11,40.0,532799999.99999994,21311999999.999996,591529000.0,20720470999.999996,462184000.0,1,7f5b6f7e-1c2d-4a4e-9a51-3a3f1d3c0a01
d994566e-dc73-4e52-afe2-83db3d876977,081ae476-1d10-478a-8e11-bf1f8c59356f,759cde66-bacf-43d0-8b1f-9163ce9ff57f,3b0b0e6c-5a36-4b8e-8c1e-0d7c5e2f9a11,39.0,641900000.0,25034100000.0,574827000.0,24459273000.0,564539000.0,1,7f5b6f7e-1c2d-4a4e-9a51-3a3f1d3c0a01
7a42e07d-4796-4da1-a6d2-cc14d6b6946a,081ae476-1d10-478a-8e11-bf1f8c59356f,ec1b8ca1-f91e-4d4c-9ff4-9b7889463e85,3b0b0e6c-5a36-4b8e-8c1e-0d7c5e2f9a11,31.0,622000000.0,19282000000.0,442748000.0,18839252000.0,560648000.0,2,7f5b6f7e-1c2d-4a4e-9a51-3a3f1d3c0a01
4072444b-2768-43b0-9ae0-a4f76f6e68d0,d157c060-99ad-4a6b-b0aa-4532dc6f7f0a,ddd1dfb2-3b98-4ef8-9af6-1a26146d3f31,3b0b0e6c-5a36-4b8e-8c1e-0d7c5e2f9a11,85.0,264300000.0,22465500000.0,580809000.0,21884691000.0,242050000.0,1,7f5b6f7e-1c2d-4a4e-9a51-3a3f1d3c0a01
0a3005fa-5f15-4ee7-abf1-142ffaa6c681,9c66a4da-0381-4339-b3b3-1ec8a99944c7,3139d32c-93cd-49bf-9c94-1cf0dc98d2c1,3b0b0e6c-5a36-4b8e-8c1e-0d7c5e2f9a11,240.0,373400000.0,89616000000.0,1463319000.0,88152681000.0,329628000.0,1,7f5b6f7e-1c2d-4a4e-9a51-3a3f1d3c0a01
babe7ba2-e9d8-453f-9ece-143fd36088e8,59e9afa1-e588-4533-a410-ea285ddeabbe,bd9c66b3-ad3c-4d6d-9a3d-1fa7bc8960a9,3b0b0e6c-5a36-4b8e-8c1e-0d7c5e2f9a11,60.0,330600000.0,19836000000.0,407267000.0,19428733000.0,264886000.0,1,7f5b6f7e-1c2d-4a4e-9a51-3a3f1d3c0a01
2e66e63d-52ef-4357-ab34-bc45ee242d1f,255ab433-b25a-418d-b3b1-8217a7d31a27,972a8469-1641-4f82-8b9d-2434e465e150,3b0b0e6c-5a36-4b8e-8c1e-0d7c5e2f9a11,420.0,331500000.0,139230000000.0,2379613000.0,136850387000.0,313973000.0,1,7f5b6f7e-1c2d-4a4e-9a51-3a3f1d3c0a01
59f4e435-d32f-46b2-b47e-6b314d2527b1,befc0916-31a3-44dd-b802-f3f760d0db92,23b8c1e9-3924-46de-beb1-3b9046685257,3b0b0e6c-5a36-4b8e-8c1e-0d7c5e2f9a11,285.5,350400000.0,100039200000.0,1962121000.0,98077079000.0,325380000.0,1,7f5b6f7e-1c2d-4a4e-9a51-3a3f1d3c0a01
98cb7c37-f40f-4d89-b21b-367bb4327043,befc0916-31a3-44dd-b802-f3f760d0db92,17fc695a-07a0-4a6e-8822-e8f36c031199,3b0b0e6c-5a36-4b8e-8c1e-0d7c5e2f9a11,47.5,344200000.0,16349500000.0,320671000.0,16028829000.0,311729000.0,2,7f5b6f7e-1c2d-4a4e-9a51-3a3f1d3c0a01
b4121956-f485-40bb-8c7e-ba6ea8f2ccd0,befc0916-31a3-44dd-b802-f3f760d0db92,bd9c66b3-ad3c-4d6d-9a3d-1fa7bc8960a9,3b0b0e6c-5a36-4b8e-8c1e-0d7c5e2f9a11,72.0,351100000.0,25279200000.0,495814000.0,24783386000.0,314908000.0,3,7f5b6f7e-1c2d-4a4e-9a51-3a3f1d3c0a01
bc7c0bfb-ba65-430f-86bd-0192ba39f990,b4f94bf2-fa4a-47eb-9f35-813969edea86,ddd1dfb2-3b98-4ef8-9af6-1a26146d3f31,3b0b0e6c-5a36-4b8e-8c1e-0d7c5e2f9a11,170.0,328700000.0,55879000000.0,1025770000.0,54853230000.0,302304000.0,1,7f5b6f7e-1c2d-4a4e-9a51-3a3f1d3c0a01
92a632ef-f758-468f-9462-0bd7adda5519,0aa4d0dd-1d0f-4cc4-9fff-8b61b864512e,1a2a73ed-562b-4f79-8374-59eef50bea63,3b0b0e6c-5a36-4b8e-8c1e-0d7c5e2f9a11,115.0,461400000.0,53061000000.0,286429000.0,52774571000.0,418748000.0,1,7f5b6f7e-1c2d-4a4e-9a51-3a3f1d3c0a01
17845ba6-edaa-424e-b769-d4ec5c46e407,4f7bb71f-0664-4b31-912f-c0f023425294,ddd1dfb2-3b98-4ef8-9af6-1a26146d3f31,3b0b0e6c-5a36-4b8e-8c1e-0d7c5e2f9a11,45.0,354100000.0,15934500000.0,359106000.0,15575394000.0,321668000.0,1,7f5b6f7e-1c2d-4a4e-9a51-3a3f1d3c0a01
73247011-4994-4af2-93d9-d16f8dcf7e9a,ffd42289-6a75-4cdd-8fde-3e36a49ad6de,23b8c1e9-3924-46de-beb1-3b9046685257,3b0b0e6c-5a36-4b8e-8c1e-0d7c5e2f9a11,100.0,420100000.0,42010000000.0,577779000.0,41432221000.0,377834000.0,1,7f5b6f7e-1c2d-4a4e-9a51-3a3f1d3c0a01
438d6705-7168-4c91-bf1a-6587a049e423,52612e3f-7ff9-4433-857b-38938a1eef86,ddd1dfb2-3b98-4ef8-9af6-1a26146d3f31,3b0b0e6c-5a36-4b8e-8c1e-0d7c5e2f9a11,80.0,389500000.0,31160000000.0,592274000.0,30567726000.0,332854000.0,1,7f5b6f7e-1c2d-4a4e-9a51-3a3f1d3c0a01
0613eb53-54fd-4cd1-b270-fd84f57f59cd,7ef650b3-d61f-4484-bf32-d2f645d5760e,5be6128e-18c2-4797-a142-ea7d17be3111,3b0b0e6c-5a36-4b8e-8c1e-0d7c5e2f9a11,85.0,531700000.00000006,45194500000.00001,817451000.0,44377049000.00001,480908000.0,1,7f5b6f7e-1c2d-4a4e-9a51-3a3f1d3c0a01
ef34e124-f4ca-4e87-95d7-6999a3863062,93771f7f-c86b-4338-9bbc-2f3c6f358c25,bd9c66b3-ad3c-4d6d-9a3d-1fa7bc8960a9,3b0b0e6c-5a36-4b8e-8c1e-0d7c5e2f9a11,40.0,265000000.0,10600000000.0,272991000.0,10327009000.0,241510000.0,1,7f5b6f7e-1c2d-4a4e-9a51-3a3f1d3c0a01
1da56e7a-b9d7-4f67-a5b0-572e1c3fe6b2,8d009896-0d37-4c86-8e92-71071e2b655d,23b8c1e9-3924-46de-beb1-3b9046685257,3b0b0e6c-5a36-4b8e-8c1e-0d7c5e2f9a11,55.0,423800000.0,23309000000.0,627831000.0,22681169000.0,392794000.0,1,7f5b6f7e-1c2d-4a4e-9a51-3a3f1d3c0a01
1fb67b7c-b669-49e3-a2be-db551f958315,24003eb6-bb01-4456-800e-eb6f62442878,23b8c1e9-3924-46de-beb1-3b9046685257,3b0b0e6c-5a36-4b8e-8c1e-0d7c5e2f9a11,13.5,268300000.0,3622050000.0,87418000.0,3534632000.0,245064000.0,1,7f5b6f7e-1c2d-4a4e-9a51-3a3f1d3c0a01
2ea87cb3-cff2-4502-a4ed-20930efe9557,24003eb6-bb01-4456-800e-eb6f62442878,972a8469-1641-4f82-8b9d-2434e465e150,3b0b0e6c-5a36-4b8e-8c1e-0d7c5e2f9a11,22.0,259700000.0,5713400000.0,137892000.0,5575508000.0,236742000.0,2,7f5b6f7e-1c2d-4a4e-9a51-3a3f1d3c0a01
cbf4c251-09a1-415e-90cd-7f0334cbe308,24003eb6-bb01-4456-800e-eb6f62442878,bd9c66b3-ad3c-4d6d-9a3d-1fa7bc8960a9,3b0b0e6c-5a36-4b8e-8c1e-0d7c5e2f9a11,14.5,265000000.0,3842500000.0,92738000.0,3749762000.0,241510000.0,3,7f5b6f7e-1c2d-4a4e-9a51-3a3f1d3c0a01
0c28cdde-0b5c-4b08-9672-41199ce9e5f9,e48ca63b-f5c7-4b6d-bc01-9a9a572b3530,9a1de644-815e-46d1-bb8f-aa1837f8a88b,3b0b0e6c-5a36-4b8e-8c1e-0d7c5e2f9a11,115.0,254700000.0,29290500000.0,788749000.0,28501751000.0,238518000.0,1,7f5b6f7e-1c2d-4a4e-9a51-3a3f1d3c0a01
20318f0a-9b8d-4b5f-986d-1df88bab5d32,34739ef6-aa34-4768-91ca-d74a79180126,17fc695a-07a0-4a6e-8822-e8f36c031199,3b0b0e6c-5a36-4b8e-8c1e-0d7c5e2f9a11,33.5,334200000.0,11195700000.0,245404000.0,10950296000.0,309111000.0,1,7f5b6f7e-1c2d-4a4e-9a51-3a3f1d3c0a01
dd804909-6a1f-4c87-877f-03131747335e,34739ef6-aa34-4768-91ca-d74a79180126,bdd640fb-0667-4ad1-9c80-317fa3b1799d,3b0b0e6c-5a36-4b8e-8c1e-0d7c5e2f9a11,11.5,348200000.0,4004300000.0,87772000.0,3916528000.0,320705000.0,2,7f5b6f7e-1c2d-4a4e-9a51-3a3f1d3c0a01
59ed8e3d-3a52-449e-8423-e60a77660dca,873c1a81-e6d8-45f1-8d34-6af714353da2,972a8469-1641-4f82-8b9d-2434e465e150,3b0b0e6c-5a36-4b8e-8c1e-0d7c5e2f9a11,83.5,331500000.0,27680250000.0,525996000.0,27154254000.0,313973000.0,1,7f5b6f7e-1c2d-4a4e-9a51-3a3f1d3c0a01
62299ae7-d3ab-42fa-8845-98fd4a585951,873c1a81-e6d8-45f1-8d34-6af714353da2,9a1de644-815e-46d1-bb8f-aa1837f8a88b,3b0b0e6c-5a36-4b8e-8c1e-0d7c5e2f9a11,31.5,326400000.0,10281600000.0,195377000.0,10086223000.0,304530000.0,2,7f5b6f7e-1c2d-4a4e-9a51-3a3f1d3c0a01
82cb94d1-6e58-424d-841c-fd4f744eb038,6a6b2924-7c80-45e7-9eb4-71f8e4fc192c,3139d32c-93cd-49bf-9c94-1cf0dc98d2c1,3b0b0e6c-5a36-4b8e-8c1e-0d7c5e2f9a11,50.0,587400000.0,29370000000.0,238661000.0,29131339000.0,520264000.0,1,7f5b6f7e-1c2d-4a4e-9a51-3a3f1d3c0a01
39a85ca9-32d1-4e25-a213-12b3637e7876,515e6ba5-94e2-43e6-ba74-b0c41f65ef7f,1a2a73ed-562b-4f79-8374-59eef50bea63,3b0b0e6c-5a36-4b8e-8c1e-0d7c5e2f9a11,50.0,336800000.0,16840000000.0,420027000.0,16419973000.0,311540000.0,1,7f5b6f7e-1c2d-4a4e-9a51-3a3f1d3c0a01
160bfedd-adfa-4dfc-a403-ac76a06985b3,551c9dd4-4247-4c3c-af7a-6e4a8c825d74,bd9c66b3-ad3c-4d6d-9a3d-1fa7bc8960a9,3b0b0e6c-5a36-4b8e-8c1e-0d7c5e2f9a11,7.0,272500000.0,1907500000.0,41950000.0,1865550000.0,246934000.0,1,7f5b6f7e-1c2d-4a4e-9a51-3a3f1d3c0a01
5fc8c171-2fb2-4e12-a518-6df8a9bdc96f,551c9dd4-4247-4c3c-af7a-6e4a8c825d74,972a8469-1641-4f82-8b9d-2434e465e150,3b0b0e6c-5a36-4b8e-8c1e-0d7c5e2f9a11,16.5,268300000.0,4426950000.0,97357000.0,4329593000.0,247494000.0,2,7f5b6f7e-1c2d-4a4e-9a51-3a3f1d3c0a01
1047ca36-4317-4d25-8778-ff6f10e71c2e,551c9dd4-4247-4c3c-af7a-6e4a8c825d74,9a1de644-815e-46d1-bb8f-aa1837f8a88b,3b0b0e6c-5a36-4b8e-8c1e-0d7c5e2f9a11,21.5,260200000.0,5594300000.0,123030000.0,5471270000.0,238144000.0,3,7f5b6f7e-1c2d-4a4e-9a51-3a3f1d3c0a01
4e73321b-32ed-4512-8747-64adbb9be83e,610d8ca9-d135-421c-8328-6520520d433e,17fc695a-07a0-4a6e-8822-e8f36c031199,3b0b0e6c-5a36-4b8e-8c1e-0d7c5e2f9a11,40.0,330600000.0,13224000000.0,342623000.0,12881377000.0,261332000.0,1,7f5b6f7e-1c2d-4a4e-9a51-3a3f1d3c0a01
83871834-78ea-4537-9ca1-a37246ac943c,610d8ca9-d135-421c-8328-6520520d433e,23b8c1e9-3924-46de-beb1-3b9046685257,3b0b0e6c-5a36-4b8e-8c1e-0d7c5e2f9a11,45.0,340700000.0,15331500000.0,397227000.0,14934273000.0,269841000.0,2,7f5b6f7e-1c2d-4a4e-9a51-3a3f1d3c0a01
81531f9b-86a1-44ca-a395-7d601316b74a,c6957e8a-6651-4915-81ae-7ced303e30a1,6c307511-b2b9-437a-a8df-6ec4ce4a2bbd,3b0b0e6c-5a36-4b8e-8c1e-0d7c5e2f9a11,30.0,411900000.0,12357000000.0,260055000.0,12096945000.0,364536000.0,1,7f5b6f7e-1c2d-4a4e-9a51-3a3f1d3c0a01
f4b40de0-8064-4eae-90f5-98f6e86c764a,bdff80dd-6a66-4cc6-aa18-8d9338bc4223,371ecd7b-27cd-4130-8722-9389571aa876,3b0b0e6c-5a36-4b8e-8c1e-0d7c5e2f9a11,15.0,419000000.0,6285000000.0,182202000.0,6102798000.0,375516000.0,1,7f5b6f7e-1c2d-4a4e-9a51-3a3f1d3c0a01
3b8175f5-13fc-4c84-956b-a74e2302efb8,04892605-f135-4df2-932b-578d06b96958,17fc695a-07a0-4a6e-8822-e8f36c031199,3b0b0e6c-5a36-4b8e-8c1e-0d7c5e2f9a11,35.0,351400000.0,12299000000.0,326658000.0,11972342000.0,315656000.0,1,7f5b6f7e-1c2d-4a4e-9a51-3a3f1d3c0a01
d90e4c05-6721-4c96-bc50-b23248553685,6dafc50b-99b3-4f6c-acb4-a7d8c53eee4f,43b7a3a6-9a8d-4a03-980d-7b71d8f56413,3b0b0e6c-5a36-4b8e-8c1e-0d7c5e2f9a11,33.0,584500000.0,19288500000.0,354840000.0,18933660000.0,525770000.0,1,7f5b6f7e-1c2d-4a4e-9a51-3a3f1d3c0a01
b0f11e73-df48-4e74-8ac8-14757fc8ec26,6dafc50b-99b3-4f6c-acb4-a7d8c53eee4f,1a2a73ed-562b-4f79-8374-59eef50bea63,3b0b0e6c-5a36-4b8e-8c1e-0d7c5e2f9a11,17.0,572400000.0,9730800000.0,179012000.0,9551788000.0,507918000.0,2,7f5b6f7e-1c2d-4a4e-9a51-3a3f1d3c0a01
42b440c6-9c03-47d7-bfe1-8b21c3d0799c,e2069f9e-259f-482a-9d7f-16df30d9a84c,43b7a3a6-9a8d-4a03-980d-7b71d8f56413,3b0b0e6c-5a36-4b8e-8c1e-0d7c5e2f9a11,75.0,341500000.0,25612500000.0,1149739000.0,24462761000.0,315888000.0,1,7f5b6f7e-1c2d-4a4e-9a51-3a3f1d3c0a01
463f4e6a-a37c-476b-b0b8-35ce1790c5c2,178bdcb5-af1f-458b-b6de-fe8e3c36d600,5be6128e-18c2-4797-a142-ea7d17be3111,3b0b0e6c-5a36-4b8e-8c1e-0d7c5e2f9a11,73.0,342400000.0,24995200000.0,1049636000.0,23945564000.0,311910000.0,1,7f5b6f7e-1c2d-4a4e-9a51-3a3f1d3c0a01
eaa2c9b8-a823-4003-862d-c0a31b76ff68,178bdcb5-af1f-458b-b6de-fe8e3c36d600,1a2a73ed-562b-4f79-8374-59eef50bea63,3b0b0e6c-5a36-4b8e-8c1e-0d7c5e2f9a11,114.5,350100000.0,40086450000.0,1683371000.0,38403079000.0,311540000.0,2,7f5b6f7e-1c2d-4a4e-9a51-3a3f1d3c0a01
3296f698-e078-4b81-8e8c-fa37a3b62cee,178bdcb5-af1f-458b-b6de-fe8e3c36d600,43b7a3a6-9a8d-4a03-980d-7b71d8f56413,3b0b0e6c-5a36-4b8e-8c1e-0d7c5e2f9a11,42.5,353000000.0,15002500000.0,630008000.0,14372492000.0,322548000.0,3,7f5b6f7e-1c2d-4a4e-9a51-3a3f1d3c0a01
fe13a22a-d36c-43c7-9e34-666502f66ea8,ae01a90f-dae4-4236-9a80-9472cdb503f2,9a1de644-815e-46d1-bb8f-aa1837f8a88b,3b0b0e6c-5a36-4b8e-8c1e-0d7c5e2f9a11,31.0,335600000.0,10403600000.0,373819000.0,10029781000.0,311355000.0,1,7f5b6f7e-1c2d-4a4e-9a51-3a3f1d3c0a01
5206ae65-54c7-4028-9ba1-6b7c5abc33e1,ae01a90f-dae4-4236-9a80-9472cdb503f2,bdd640fb-0667-4ad1-9c80-317fa3b1799d,3b0b0e6c-5a36-4b8e-8c1e-0d7c5e2f9a11,44.0,359700000.0,15826800000.0,568683000.0,15258117000.0,326034000.0,2,7f5b6f7e-1c2d-4a4e-9a51-3a3f1d3c0a01
38117e4c-e17e-4400-bd99-b7fabd3b811c,bdceefbc-ecbf-4cde-9536-edfc1ddf54f2,ddd1dfb2-3b98-4ef8-9af6-1a26146d3f31,3b0b0e6c-5a36-4b8e-8c1e-0d7c5e2f9a11,50.0,347400000.0,17370000000.0,663804000.0,16706196000.0,315558000.0,1,7f5b6f7e-1c2d-4a4e-9a51-3a3f1d3c0a01
81765969-d0d4-402f-9378-c57092773e8b,10f41839-7aa3-43ef-ab9c-1da5a419efed,a9488d99-0bbb-4599-91ce-5dd2b45ed1f0,3b0b0e6c-5a36-4b8e-8c1e-0d7c5e2f9a11,60.5,483900000.0,29275950000.0,1165490000.0,28110460000.0,433001000.0,1,7f5b6f7e-1c2d-4a4e-9a51-3a3f1d3c0a01
129c3039-5189-4712-9b5c-f20e45988ce9,10f41839-7aa3-43ef-ab9c-1da5a419efed,fc377a4c-4a15-444d-85e7-ce8a3a578a8e,3b0b0e6c-5a36-4b8e-8c1e-0d7c5e2f9a11,40.5,510300000.0,20667150000.0,822769000.0,19844381000.0,453765000.0,2,7f5b6f7e-1c2d-4a4e-9a51-3a3f1d3c0a01
faad3074-4592-43aa-b260-f97636263f7e,10f41839-7aa3-43ef-ab9c-1da5a419efed,3139d32c-93cd-49bf-9c94-1cf0dc98d2c1,3b0b0e6c-5a36-4b8e-8c1e-0d7c5e2f9a11,14.0,497500000.0,6965000000.0,277280000.0,6687720000.0,443472000.0,3,7f5b6f7e-1c2d-4a4e-9a51-3a3f1d3c0a01
46f831a7-840d-4947-b3ca-bff31ac3a16b,6ce55867-7508-4dd3-918a-025cc7f1fbe4,ddd1dfb2-3b98-4ef8-9af6-1a26146d3f31,3b0b0e6c-5a36-4b8e-8c1e-0d7c5e2f9a11,250.0,410400000.0,102600000000.0,3762422000.0,98837578000.0,382298000.0,1,7f5b6f7e-1c2d-4a4e-9a51-3a3f1d3c0a01
4f1f7138-2cca-4057-9409-9ea257c38831,26ab8f7d-461a-43e9-af2f-b49c78157b46,ec1b8ca1-f91e-4d4c-9ff4-9b7889463e85,3b0b0e6c-5a36-4b8e-8c1e-0d7c5e2f9a11,40.0,496200000.0,19848000000.0,226856000.0,19621144000.0,447251000.0,1,7f5b6f7e-1c2d-4a4e-9a51-3a3f1d3c0a01
54da3465-b199-43f6-b49a-98b703dde6f4,6b669e60-d5cc-4cea-90d6-d13b176fc3d8,4b0dbb41-8d52-48f1-942c-3fe860e7a113,3b0b0e6c-5a36-4b8e-8c1e-0d7c5e2f9a11,55.0,618400000.0,34012000000.0,456500000.0,33555500000.0,530646000.0,1,7f5b6f7e-1c2d-4a4e-9a51-3a3f1d3c0a01
51b21695-10ab-4971-ba7c-07930c1237c9,389a8593-7cab-424b-9a33-d14599af1695,e2acf72f-9e57-4f7a-a0ee-89aed453dd32,3b0b0e6c-5a36-4b8e-8c1e-0d7c5e2f9a11,22.0,688900000.0,15155800000.0,408362000.0,14747438000.0,564099000.0,1,7f5b6f7e-1c2d-4a4e-9a51-3a3f1d3c0a01
6b8aa24a-2049-420d-8572-79b6798d2d2a,389a8593-7cab-424b-9a33-d14599af1695,4b0dbb41-8d52-48f1-942c-3fe860e7a113,3b0b0e6c-5a36-4b8e-8c1e-0d7c5e2f9a11,48.0,715300000.0,34334400000.0,925115000.0,33409285000.0,572418000.0,2,7f5b6f7e-1c2d-4a4e-9a51-3a3f1d3c0a01
3980e5ed-2d56-491b-b063-bf567600d5d5,010283f9-5c8a-49b0-b7f7-398316964525,ec1b8ca1-f91e-4d4c-9ff4-9b7889463e85,3b0b0e6c-5a36-4b8e-8c1e-0d7c5e2f9a11,40.0,597800000.0,23912000000.0,610042000.0,23301958000.0,497750000.0,1,7f5b6f7e-1c2d-4a4e-9a51-3a3f1d3c0a01
61238b59-1571-4e18-a3c2-05a8689132c6,e8e130f3-5ad6-4dcd-a6b9-b2c3f49240cc,4b0dbb41-8d52-48f1-942c-3fe860e7a113,3b0b0e6c-5a36-4b8e-8c1e-0d7c5e2f9a11,24.0,456400000.0,10953600000.0,337496000.0,10616104000.0,403914000.0,1,7f5b6f7e-1c2d-4a4e-9a51-3a3f1d3c0a01
47310689-601d-4e00-a13a-eee3f03304b2,e8e130f3-5ad6-4dcd-a6b9-b2c3f49240cc,e2acf72f-9e57-4f7a-a0ee-89aed453dd32,3b0b0e6c-5a36-4b8e-8c1e-0d7c5e2f9a11,131.0,448200000.0,58714200000.0,1809067000.0,56905133000.0,396657000.0,2,7f5b6f7e-1c2d-4a4e-9a51-3a3f1d3c0a01
0531e46b-5c7e-4d58-98e2-63657a9c010d,750658f4-6d36-49ed-8cd9-d59fd6da31f8,43b7a3a6-9a8d-4a03-980d-7b71d8f56413,3b0b0e6c-5a36-4b8e-8c1e-0d7c5e2f9a11,90.0,458000000.0,41220000000.0,1301042000.0,39918958000.0,409220000.0,1,7f5b6f7e-1c2d-4a4e-9a51-3a3f1d3c0a01
515b50e8-7298-4f0f-bc81-03c874b0672c,d3ecea4e-fba3-49bf-9971-a776876d88f4,5be6128e-18c2-4797-a142-ea7d17be3111,3b0b0e6c-5a36-4b8e-8c1e-0d7c5e2f9a11,37.5,428800000.0,16080000000.0,683486000.0,15396514000.0,408295000.0,1,7f5b6f7e-1c2d-4a4e-9a51-3a3f1d3c0a01
830c4bc3-647e-410b-b549-5cfbf95abdad,d3ecea4e-fba3-49bf-9971-a776876d88f4,43b7a3a6-9a8d-4a03-980d-7b71d8f56413,3b0b0e6c-5a36-4b8e-8c1e-0d7c5e2f9a11,82.5,447400000.0,36910500000.0,1568894000.0,35341606000.0,423650000.0,2,7f5b6f7e-1c2d-4a4e-9a51-3a3f1d3c0a01
b468532c-239e-4985-aaea-b134f2044ae3,e7ea4c90-d678-4c0a-855a-60ee8f1469cb,43b7a3a6-9a8d-4a03-980d-7b71d8f56413,3b0b0e6c-5a36-4b8e-8c1e-0d7c5e2f9a11,55.0,440200000.0,24211000000.0,661669000.0,23549331000.0,398952000.0,1,7f5b6f7e-1c2d-4a4e-9a51-3a3f1d3c0a01
ed0eaf5a-ae8e-4a21-a614-aa39090ecfda,2b18c89b-e1f8-443f-91e2-1bf95ac877a6,371ecd7b-27cd-4130-8722-9389571aa876,3b0b0e6c-5a36-4b8e-8c1e-0d7c5e2f9a11,45.0,419000000.0,18855000000.0,286974000.0,18568026000.0,375516000.0,1,7f5b6f7e-1c2d-4a4e-9a51-3a3f1d3c0a01
6d0e63b9-9ff7-4f5b-9070-58eddac60b9e,259bc0ef-5e3a-493b-a658-eaf997eabd22,23b8c1e9-3924-46de-beb1-3b9046685257,3b0b0e6c-5a36-4b8e-8c1e-0d7c5e2f9a11,69.0,367400000.0,25350600000.0,381914000.0,24968686000.0,340714000.0,1,7f5b6f7e-1c2d-4a4e-9a51-3a3f1d3c0a01
7e7b8cda-1408-4c45-acd0-2809368e81fe,259bc0ef-5e3a-493b-a658-eaf997eabd22,bdd640fb-0667-4ad1-9c80-317fa3b1799d,3b0b0e6c-5a36-4b8e-8c1e-0d7c5e2f9a11,65.5,375700000.0,24608350000.0,370731000.0,24237619000.0,348381000.0,2,7f5b6f7e-1c2d-4a4e-9a51-3a3f1d3c0a01
65b50528-c9fe-4fee-9d9d-7f4969974c25,259bc0ef-5e3a-493b-a658-eaf997eabd22,9a1de644-815e-46d1-bb8f-aa1837f8a88b,3b0b0e6c-5a36-4b8e-8c1e-0d7c5e2f9a11,35.5,345900000.0,12279450000.0,184993000.0,12094457000.0,325474000.0,3,7f5b6f7e-1c2d-4a4e-9a51-3a3f1d3c0a01
eb9e0d66-dd9e-4f85-8a59-ba3c779b0da3,a182f445-ec58-4226-bdf2-6e29d0703b90,4b0dbb41-8d52-48f1-942c-3fe860e7a113,3b0b0e6c-5a36-4b8e-8c1e-0d7c5e2f9a11,25.0,599600000.0,14990000000.0,332589000.0,14657411000.0,528080000.0,1,7f5b6f7e-1c2d-4a4e-9a51-3a3f1d3c0a01
7b928884-de02-47bd-a3aa-d0b9775368db,02e923fb-23b0-4884-a74f-7c4bb81dc98b,fc377a4c-4a15-444d-85e7-ce8a3a578a8e,3b0b0e6c-5a36-4b8e-8c1e-0d7c5e2f9a11,5.0,478600000.0,2393000000.0,22019000.0,2370981000.0,441414000.0,1,7f5b6f7e-1c2d-4a4e-9a51-3a3f1d3c0a01
49602f22-bb6a-445c-b375-de11cce692a8,02e923fb-23b0-4884-a74f-7c4bb81dc98b,3139d32c-93cd-49bf-9c94-1cf0dc98d2c1,3b0b0e6c-5a36-4b8e-8c1e-0d7c5e2f9a11,6.0,465700000.0,2794200000.0,25710000.0,2768490000.0,426557000.0,2,7f5b6f7e-1c2d-4a4e-9a51-3a3f1d3c0a01
20664c00-a91c-4a68-8394-d3fec2ae11da,02e923fb-23b0-4884-a74f-7c4bb81dc98b,a9488d99-0bbb-4599-91ce-5dd2b45ed1f0,3b0b0e6c-5a36-4b8e-8c1e-0d7c5e2f9a11,4.5,459600000.0,2068200000.0,19030000.0,2049170000.0,429242000.0,3,7f5b6f7e-1c2d-4a4e-9a51-3a3f1d3c0a01
691a2320-6b6a-47c1-9ba3-027b1dc3cbfa,8a327bf7-c0ab-48d6-80d6-7611d541db43,a9488d99-0bbb-4599-91ce-5dd2b45ed1f0,3b0b0e6c-5a36-4b8e-8c1e-0d7c5e2f9a11,2.0,465300000.0,930600000.0,14379000.0,916221000.0,411342000.0,1,7f5b6f7e-1c2d-4a4e-9a51-3a3f1d3c0a01
27368f04-b791-4513-8e41-8da7880aef8d,8a327bf7-c0ab-48d6-80d6-7611d541db43,fc377a4c-4a15-444d-85e7-ce8a3a578a8e,3b0b0e6c-5a36-4b8e-8c1e-0d7c5e2f9a11,4.0,477000000.0,1908000000.0,29481000.0,1878519000.0,428347000.0,2,7f5b6f7e-1c2d-4a4e-9a51-3a3f1d3c0a01
3d44c9f6-256a-49aa-aa7a-b94b991e3b0a,8a327bf7-c0ab-48d6-80d6-7611d541db43,3139d32c-93cd-49bf-9c94-1cf0dc98d2c1,3b0b0e6c-5a36-4b8e-8c1e-0d7c5e2f9a11,14.0,466700000.0,6533800000.0,100957000.0,6432843000.0,416802000.0,3,7f5b6f7e-1c2d-4a4e-9a51-3a3f1d3c0a01
f5654b98-b6a0-4d5a-8502-da66df63af9e,a4bedc26-b9e4-4fd9-8da6-7d5f2d5b76bd,a9488d99-0bbb-4599-91ce-5dd2b45ed1f0,3b0b0e6c-5a36-4b8e-8c1e-0d7c5e2f9a11,13.0,483800000.0,6289400000.0,152286000.0,6137114000.0,417518000.0,1,7f5b6f7e-1c2d-4a4e-9a51-3a3f1d3c0a01
6f5bacfc-3900-46c6-a521-ce03a61dd248,a4bedc26-b9e4-4fd9-8da6-7d5f2d5b76bd,fc377a4c-4a15-444d-85e7-ce8a3a578a8e,3b0b0e6c-5a36-4b8e-8c1e-0d7c5e2f9a11,20.0,507000000.0,10140000000.0,245522000.0,9894478000.0,437476000.0,2,7f5b6f7e-1c2d-4a4e-9a51-3a3f1d3c0a01
c999da6c-859f-4090-8d7c-ae35c0f9f0ed,a4bedc26-b9e4-4fd9-8da6-7d5f2d5b76bd,3139d32c-93cd-49bf-9c94-1cf0dc98d2c1,3b0b0e6c-5a36-4b8e-8c1e-0d7c5e2f9a11,2.0,495500000.0,991000000.0,23995000.0,967005000.0,430226000.0,3,7f5b6f7e-1c2d-4a4e-9a51-3a3f1d3c0a01
7dfee168-e324-4a54-b2c4-bf1363d3860c,24f6784a-c842-4801-92b1-e5442be7ec8d,a9488d99-0bbb-4599-91ce-5dd2b45ed1f0,3b0b0e6c-5a36-4b8e-8c1e-0d7c5e2f9a11,6.5,498200000.0,3238300000.0,78864000.0,3159436000.0,433090000.0,1,7f5b6f7e-1c2d-4a4e-9a51-3a3f1d3c0a01
d3e0c80d-314b-47b5-b58b-17461ed961da,24f6784a-c842-4801-92b1-e5442be7ec8d,fc377a4c-4a15-444d-85e7-ce8a3a578a8e,3b0b0e6c-5a36-4b8e-8c1e-0d7c5e2f9a11,18.5,518000000.0,9583000000.0,233380000.0,9349620000.0,456718000.0,2,7f5b6f7e-1c2d-4a4e-9a51-3a3f1d3c0a01
46028835-8065-4069-a878-a676ca0a45d4,1588ff80-5461-473b-aa6f-71ee783f6d4d,4b0dbb41-8d52-48f1-942c-3fe860e7a113,3b0b0e6c-5a36-4b8e-8c1e-0d7c5e2f9a11,10.5,646800000.0,6791400000.0,188708000.0,6602692000.0,559143000.0,1,7f5b6f7e-1c2d-4a4e-9a51-3a3f1d3c0a01
a86d6e58-7425-403a-850f-c12242181b96,1588ff80-5461-473b-aa6f-71ee783f6d4d,e2acf72f-9e57-4f7a-a0ee-89aed453dd32,3b0b0e6c-5a36-4b8e-8c1e-0d7c5e2f9a11,9.5,637400000.0,6055300000.0,168254000.0,5887046000.0,554895000.0,2,7f5b6f7e-1c2d-4a4e-9a51-3a3f1d3c0a01
2e4f89c3-0e63-427f-ac42-bdff3bead1fc,663e6b34-a852-455e-94a9-bc8457f6b08e,47378190-96da-4dac-b2ff-5d2a386ecbe0,3b0b0e6c-5a36-4b8e-8c1e-0d7c5e2f9a11,36.5,315200000.0,11504800000.0,329439000.0,11175361000.0,288408000.0,1,7f5b6f7e-1c2d-4a4e-9a51-3a3f1d3c0a01
d266faf9-c47f-4026-8749-83da30509793,663e6b34-a852-455e-94a9-bc8457f6b08e,b74d0fb1-32e7-4629-8fad-c1a606cb0fb3,3b0b0e6c-5a36-4b8e-8c1e-0d7c5e2f9a11,59.5,314700000.0,18724650000.0,536179000.0,18188471000.0,287950000.0,2,7f5b6f7e-1c2d-4a4e-9a51-3a3f1d3c0a01
51a31d48-c25e-4f62-b379-94dbe604b1c1,663e6b34-a852-455e-94a9-bc8457f6b08e,c241330b-01a9-471f-9e8a-774bcf36d58b,3b0b0e6c-5a36-4b8e-8c1e-0d7c5e2f9a11,59.0,331900000.0,19582100000.0,560732000.0,19021368000.0,303688000.0,3,7f5b6f7e-1c2d-4a4e-9a51-3a3f1d3c0a01
719973b1-81e3-4807-96f1-4fd491a6d410,2ccdec6b-dfbc-4590-9059-fd76e56e80db,17fc695a-07a0-4a6e-8822-e8f36c031199,3b0b0e6c-5a36-4b8e-8c1e-0d7c5e2f9a11,25.0,276600000.0,6915000000.0,162033000.0,6752967000.0,250112000.0,1,7f5b6f7e-1c2d-4a4e-9a51-3a3f1d3c0a01
b6a26dd3-e7d2-4025-a3ac-73ad30eed426,6cb088e5-a1d1-48b0-9d0e-77d518375f2a,23b8c1e9-3924-46de-beb1-3b9046685257,3b0b0e6c-5a36-4b8e-8c1e-0d7c5e2f9a11,50.0,340700000.0,17035000000.0,533014000.0,16501986000.0,269841000.0,1,7f5b6f7e-1c2d-4a4e-9a51-3a3f1d3c0a01
9749b989-8f5a-4a29-9b47-58cd3a1f92b5,8e0021ff-642b-41bf-aa29-f0f7fce0b894,972a8469-1641-4f82-8b9d-2434e465e150,3b0b0e6c-5a36-4b8e-8c1e-0d7c5e2f9a11,41.5,332400000.0,13794600000.0,299648000.0,13494952000.0,313225000.0,1,7f5b6f7e-1c2d-4a4e-9a51-3a3f1d3c0a01
5972902c-2429-4923-9e57-7d6a7ee56495,8e0021ff-642b-41bf-aa29-f0f7fce0b894,17fc695a-07a0-4a6e-8822-e8f36c031199,3b0b0e6c-5a36-4b8e-8c1e-0d7c5e2f9a11,3.5,337600000.0,1181600000.0,25667000.0,1155933000.0,314721000.0,2,7f5b6f7e-1c2d-4a4e-9a51-3a3f1d3c0a01
a8ca9f97-e8d0-4289-86c0-9c5c4e53d5e3,4bb33acd-25fa-4176-89ec-ca4614ad5de8,43b7a3a6-9a8d-4a03-980d-7b71d8f56413,3b0b0e6c-5a36-4b8e-8c1e-0d7c5e2f9a11,27.5,560100000.0,15402750000.0,339667000.0,15063083000.0,512358000.0,1,7f5b6f7e-1c2d-4a4e-9a51-3a3f1d3c0a01
1915cbe1-646d-4cd6-ab16-17b374e82a4d,4bb33acd-25fa-4176-89ec-ca4614ad5de8,5be6128e-18c2-4797-a142-ea7d17be3111,3b0b0e6c-5a36-4b8e-8c1e-0d7c5e2f9a11,32.5,536500000.0,17436250000.0,384510000.0,17051740000.0,491823000.0,2,7f5b6f7e-1c2d-4a4e-9a51-3a3f1d3c0a01
1e709b48-4284-4810-b9e1-7d268bf5f624,b9113e31-d3fc-48b6-93bc-339486893e0f,6b65a6a4-8b81-48f6-b38a-088ca65ed389,3b0b0e6c-5a36-4b8e-8c1e-0d7c5e2f9a11,60.0,311600000.0,18696000000.0,281660000.0,18414340000.0,285114000.0,1,7f5b6f7e-1c2d-4a4e-9a51-3a3f1d3c0a01
4aab8867-f32b-4425-8cb8-da01685d87c3,d4ca2e50-7cd8-4ef5-a850-771ba9413e2d,17fc695a-07a0-4a6e-8822-e8f36c031199,3b0b0e6c-5a36-4b8e-8c1e-0d7c5e2f9a11,50.0,266100000.00000003,13305000000.000002,346693000.0,12958307000.000002,245250000.0,1,7f5b6f7e-1c2d-4a4e-9a51-3a3f1d3c0a01
1c5db765-ba44-4323-8356-c0d41afa07f7,f48b9491-0f7e-4b56-b53b-220d03a13563,972a8469-1641-4f82-8b9d-2434e465e150,3b0b0e6c-5a36-4b8e-8c1e-0d7c5e2f9a11,7.5,273400000.0,2050500000.0,47855000.0,2002645000.0,260398000.0,1,7f5b6f7e-1c2d-4a4e-9a51-3a3f1d3c0a01
8188287d-72fa-49db-a6b7-52bc218a455f,f48b9491-0f7e-4b56-b53b-220d03a13563,23b8c1e9-3924-46de-beb1-3b9046685257,3b0b0e6c-5a36-4b8e-8c1e-0d7c5e2f9a11,126.0,281900000.0,35519400000.0,828961000.0,34690439000.0,265353000.0,2,7f5b6f7e-1c2d-4a4e-9a51-3a3f1d3c0a01
9296348c-f22a-458d-bf07-2e0506ae092c,f48b9491-0f7e-4b56-b53b-220d03a13563,bd9c66b3-ad3c-4d6d-9a3d-1fa7bc8960a9,3b0b0e6c-5a36-4b8e-8c1e-0d7c5e2f9a11,11.5,278000000.0,3197000000.0,74612000.0,3122388000.0,263296000.0,3,7f5b6f7e-1c2d-4a4e-9a51-3a3f1d3c0a01
28654808-15c0-4a4c-a8ae-dc1a18e824ad,1dcd8281-8a90-403d-8b87-844695ad52a3,bd9c66b3-ad3c-4d6d-9a3d-1fa7bc8960a9,3b0b0e6c-5a36-4b8e-8c1e-0d7c5e2f9a11,6.5,336400000.0,2186600000.0,51886000.0,2134714000.0,309111000.0,1,7f5b6f7e-1c2d-4a4e-9a51-3a3f1d3c0a01
d9370f5c-7b25-44f6-9304-9271fee72d9b,1dcd8281-8a90-403d-8b87-844695ad52a3,bdd640fb-0667-4ad1-9c80-317fa3b1799d,3b0b0e6c-5a36-4b8e-8c1e-0d7c5e2f9a11,54.5,348200000.0,18976900000.0,450300000.0,18526600000.0,320705000.0,2,7f5b6f7e-1c2d-4a4e-9a51-3a3f1d3c0a01
d1e4575e-01f1-4968-80c7-d25d6c10f14e,1dcd8281-8a90-403d-8b87-844695ad52a3,9a1de644-815e-46d1-bb8f-aa1837f8a88b,3b0b0e6c-5a36-4b8e-8c1e-0d7c5e2f9a11,34.0,325700000.0,11073800000.0,262769000.0,10811031000.0,302753000.0,3,7f5b6f7e-1c2d-4a4e-9a51-3a3f1d3c0a01
2440c0cc-2779-4b28-ae08-4ea6170b31af,eba8a51d-c824-489a-a97a-347ec51bb264,4b0dbb41-8d52-48f1-942c-3fe860e7a113,3b0b0e6c-5a36-4b8e-8c1e-0d7c5e2f9a11,16.0,468700000.0,7499200000.0,158478000.0,7340722000.0,410994000.0,1,7f5b6f7e-1c2d-4a4e-9a51-3a3f1d3c0a01
93a5b748-568f-4a0b-bf8b-ebf53aee6147,eba8a51d-c824-489a-a97a-347ec51bb264,e2acf72f-9e57-4f7a-a0ee-89aed453dd32,3b0b0e6c-5a36-4b8e-8c1e-0d7c5e2f9a11,9.0,462100000.0,4158900000.0,87889000.0,4071011000.0,402144000.0,2,7f5b6f7e-1c2d-4a4e-9a51-3a3f1d3c0a01
fc866632-980a-48c9-b5ac-e9d34b1941af,8724f781-d669-44c5-ac73-bec8d9cb10e5,759cde66-bacf-43d0-8b1f-9163ce9ff57f,3b0b0e6c-5a36-4b8e-8c1e-0d7c5e2f9a11,5.5,525100000.0,2888050000.0,47044000.0,2841006000.0,462726000.0,1,7f5b6f7e-1c2d-4a4e-9a51-3a3f1d3c0a01
be3b19dc-1805-42e2-9ef4-337c99b07d11,8724f781-d669-44c5-ac73-bec8d9cb10e5,ec1b8ca1-f91e-4d4c-9ff4-9b7889463e85,3b0b0e6c-5a36-4b8e-8c1e-0d7c5e2f9a11,4.5,519400000.0,2337300000.0,38073000.0,2299227000.0,462636000.0,2,7f5b6f7e-1c2d-4a4e-9a51-3a3f1d3c0a01
7aefa093-91d5-4fb1-af5e-a6995a14bd0b,dcbac5c8-653d-49ea-b35a-664148161ddf,e2acf72f-9e57-4f7a-a0ee-89aed453dd32,3b0b0e6c-5a36-4b8e-8c1e-0d7c5e2f9a11,25.0,586200000.0,14655000000.0,344377000.0,14310623000.0,514362000.0,1,7f5b6f7e-1c2d-4a4e-9a51-3a3f1d3c0a01
af2ebb35-9c8e-4893-b44f-31289cd53033,ab14d59d-79db-4e37-964e-e0e50e3e7d75,759cde66-bacf-43d0-8b1f-9163ce9ff57f,3b0b0e6c-5a36-4b8e-8c1e-0d7c5e2f9a11,63.0,504500000.0,31783500000.0,447051000.0,31336449000.0,475216000.0,1,7f5b6f7e-1c2d-4a4e-9a51-3a3f1d3c0a01
21a80f52-0c9d-4532-ba8b-080f296e5dff,ab14d59d-79db-4e37-964e-e0e50e3e7d75,ec1b8ca1-f91e-4d4c-9ff4-9b7889463e85,3b0b0e6c-5a36-4b8e-8c1e-0d7c5e2f9a11,27.0,502700000.0,13572900000.0,190910000.0,13381990000.0,470057000.0,2,7f5b6f7e-1c2d-4a4e-9a51-3a3f1d3c0a01
1437ac33-9766-4da7-9428-c1a8acac3e88,3a5672d1-2569-45dc-8862-a89c333b8ad0,972a8469-1641-4f82-8b9d-2434e465e150,3b0b0e6c-5a36-4b8e-8c1e-0d7c5e2f9a11,150.0,279300000.0,41895000000.0,1129072000.0,40765928000.0,257686000.0,1,7f5b6f7e-1c2d-4a4e-9a51-3a3f1d3c0a01
9ea0e174-2dd4-4b9e-891d-b7e47ede954b,527876c1-67d0-4e95-8d06-ddbbb1a4a320,1a2a73ed-562b-4f79-8374-59eef50bea63,3b0b0e6c-5a36-4b8e-8c1e-0d7c5e2f9a11,25.0,454200000.0,11355000000.0,198750000.0,11156250000.0,426795000.0,1,7f5b6f7e-1c2d-4a4e-9a51-3a3f1d3c0a01
771eb832-9439-43c3-bafd-d87545a7e979,4a72cb0b-32af-4bfa-a9e6-63f03a42eeaf,43b7a3a6-9a8d-4a03-980d-7b71d8f56413,3b0b0e6c-5a36-4b8e-8c1e-0d7c5e2f9a11,25.0,524400000.0,13110000000.0,218626000.0,12891374000.0,448348000.0,1,7f5b6f7e-1c2d-4a4e-9a51-3a3f1d3c0a01
0a864740-92a8-4a52-a2a4-27bb56c2476d,da2a027a-9919-45a4-b35b-725333a3aac0,c241330b-01a9-471f-9e8a-774bcf36d58b,3b0b0e6c-5a36-4b8e-8c1e-0d7c5e2f9a11,35.0,558100000.0,19533500000.0,403576000.0,19129924000.0,501512000.0,1,7f5b6f7e-1c2d-4a4e-9a51-3a3f1d3c0a01
77d8881e-6bd4-4b07-94b5-0c19b4b854a0,64bd8d7a-fd40-4ab9-b05b-b0f214679ed4,b74d0fb1-32e7-4629-8fad-c1a606cb0fb3,3b0b0e6c-5a36-4b8e-8c1e-0d7c5e2f9a11,40.0,344200000.0,13768000000.0,232522000.0,13535478000.0,315675000.0,1,7f5b6f7e-1c2d-4a4e-9a51-3a3f1d3c0a01
8605e5ca-6e78-4ec8-9dfd-07532329e8e5,64bd8d7a-fd40-4ab9-b05b-b0f214679ed4,c241330b-01a9-471f-9e8a-774bcf36d58b,3b0b0e6c-5a36-4b8e-8c1e-0d7c5e2f9a11,85.0,361100000.0,30693500000.0,518369000.0,30175131000.0,330224000.0,2,7f5b6f7e-1c2d-4a4e-9a51-3a3f1d3c0a01
fdf6c008-6577-4f31-b1af-d99fbc9f5a6b,0823d6b6-65ea-4bed-8ed0-91433d5b6915,47378190-96da-4dac-b2ff-5d2a386ecbe0,3b0b0e6c-5a36-4b8e-8c1e-0d7c5e2f9a11,29.5,322400000.0,9510800000.0,134211000.0,9376589000.0,288408000.0,1,7f5b6f7e-1c2d-4a4e-9a51-3a3f1d3c0a01
e6b1836e-7baf-47ca-9e66-fb10b2882abf,0823d6b6-65ea-4bed-8ed0-91433d5b6915,6c307511-b2b9-437a-a8df-6ec4ce4a2bbd,3b0b0e6c-5a36-4b8e-8c1e-0d7c5e2f9a11,15.5,312600000.0,4845300000.0,68374000.0,4776926000.0,282552000.0,2,7f5b6f7e-1c2d-4a4e-9a51-3a3f1d3c0a01
4849ca9b-f814-4015-a766-4f9b1a689cd6,96fbd508-1a62-4a2b-8b24-a3fb2e7866d3,43b7a3a6-9a8d-4a03-980d-7b71d8f56413,3b0b0e6c-5a36-4b8e-8c1e-0d7c5e2f9a11,65.0,348700000.0,22665500000.0,1028171000.0,21637329000.0,327265000.0,1,7f5b6f7e-1c2d-4a4e-9a51-3a3f1d3c0a01
971e9a40-e683-4893-8cb2-34f3685e1b2a,1b280480-c339-4c3f-975d-52a5bb448e46,17fc695a-07a0-4a6e-8822-e8f36c031199,3b0b0e6c-5a36-4b8e-8c1e-0d7c5e2f9a11,7.0,336600000.0,2356200000.0,94767000.0,2261433000.0,321827000.0,1,7f5b6f7e-1c2d-4a4e-9a51-3a3f1d3c0a01
6350978f-229c-4089-892f-948a1db109d6,1b280480-c339-4c3f-975d-52a5bb448e46,bd9c66b3-ad3c-4d6d-9a3d-1fa7bc8960a9,3b0b0e6c-5a36-4b8e-8c1e-0d7c5e2f9a11,58.0,337100000.0,19551800000.0,786382000.0,18765418000.0,328278000.0,2,7f5b6f7e-1c2d-4a4e-9a51-3a3f1d3c0a01
b1c34af0-6b90-4c16-9fc0-b881904c26a1,d1d0e4d1-92d4-4c97-b8ef-02b11f6d481d,b74d0fb1-32e7-4629-8fad-c1a606cb0fb3,3b0b0e6c-5a36-4b8e-8c1e-0d7c5e2f9a11,21.5,424900000.0,9135350000.0,447418000.0,8687932000.0,377346000.0,1,7f5b6f7e-1c2d-4a4e-9a51-3a3f1d3c0a01
f8e3e97b-858d-494c-a35a-35584b894b6b,d1d0e4d1-92d4-4c97-b8ef-02b11f6d481d,6b65a6a4-8b81-48f6-b38a-088ca65ed389,3b0b0e6c-5a36-4b8e-8c1e-0d7c5e2f9a11,8.5,419900000.0,3569150000.0,174805000.0,3394345000.0,374052000.0,2,7f5b6f7e-1c2d-4a4e-9a51-3a3f1d3c0a01
f0ae0f44-2ead-45f0-bcd8-d91678a88563,f7f61ec3-9f39-4949-b766-d13306ef7ef0,6c307511-b2b9-437a-a8df-6ec4ce4a2bbd,3b0b0e6c-5a36-4b8e-8c1e-0d7c5e2f9a11,7.5,312600000.0,2344500000.0,28360000.0,2316140000.0,282552000.0,1,7f5b6f7e-1c2d-4a4e-9a51-3a3f1d3c0a01
d4e26f33-66ea-4754-84a0-432408fe0e8e,f7f61ec3-9f39-4949-b766-d13306ef7ef0,6b65a6a4-8b81-48f6-b38a-088ca65ed389,3b0b0e6c-5a36-4b8e-8c1e-0d7c5e2f9a11,2.0,319600000.0,639200000.0,7732000.0,631468000.0,285114000.0,2,7f5b6f7e-1c2d-4a4e-9a51-3a3f1d3c0a01
ed1b0ea5-beee-4a94-88ba-ef6d868e1b52,f7f61ec3-9f39-4949-b766-d13306ef7ef0,371ecd7b-27cd-4130-8722-9389571aa876,3b0b0e6c-5a36-4b8e-8c1e-0d7c5e2f9a11,25.5,320100000.0,8162550000.0,98737000.0,8063813000.0,283467000.0,3,7f5b6f7e-1c2d-4a4e-9a51-3a3f1d3c0a01
ec269a93-f4c1-4a0f-afab-18d7f247e010,d17d7500-ac5f-4057-bc46-d31a8e83b8f2,a9488d99-0bbb-4599-91ce-5dd2b45ed1f0,3b0b0e6c-5a36-4b8e-8c1e-0d7c5e2f9a11,85.0,365800000.0,31093000000.0,266902000.0,30826098000.0,320678000.0,1,7f5b6f7e-1c2d-4a4e-9a51-3a3f1d3c0a01
f2a47ad4-176f-4c82-8d93-186513635db4,15a15b80-92ab-4c49-9d62-64273e7c895b,c241330b-01a9-471f-9e8a-774bcf36d58b,3b0b0e6c-5a36-4b8e-8c1e-0d7c5e2f9a11,8.5,345100000.0,2933350000.0,73546000.0,2859804000.0,312198000.0,1,7f5b6f7e-1c2d-4a4e-9a51-3a3f1d3c0a01
16cd9ad4-f886-4247-b4be-c02f47c09984,15a15b80-92ab-4c49-9d62-64273e7c895b,6b65a6a4-8b81-48f6-b38a-088ca65ed389,3b0b0e6c-5a36-4b8e-8c1e-0d7c5e2f9a11,8.0,324100000.0,2592800000.0,65008000.0,2527792000.0,292434000.0,2,7f5b6f7e-1c2d-4a4e-9a51-3a3f1d3c0a01
dc34691c-01ea-45e8-ab5f-b38f525f3553,15a15b80-92ab-4c49-9d62-64273e7c895b,371ecd7b-27cd-4130-8722-9389571aa876,3b0b0e6c-5a36-4b8e-8c1e-0d7c5e2f9a11,3.5,313500000.0,1097250000.0,27511000.0,1069739000.0,292892000.0,3,7f5b6f7e-1c2d-4a4e-9a51-3a3f1d3c0a01
011d28ca-276f-4884-8df5-5dbab1179584,d383d63c-5781-4e7c-9885-40f66fc7542a,6b65a6a4-8b81-48f6-b38a-088ca65ed389,3b0b0e6c-5a36-4b8e-8c1e-0d7c5e2f9a11,6.5,430400000.0,2797600000.0,97806000.0,2699794000.0,384208000.0,1,7f5b6f7e-1c2d-4a4e-9a51-3a3f1d3c0a01
8e80bad5-e8a4-4f64-84fc-fa89538e69f0,d383d63c-5781-4e7c-9885-40f66fc7542a,c241330b-01a9-471f-9e8a-774bcf36d58b,3b0b0e6c-5a36-4b8e-8c1e-0d7c5e2f9a11,18.5,465100000.0,8604350000.0,300813000.0,8303537000.0,412299000.0,2,7f5b6f7e-1c2d-4a4e-9a51-3a3f1d3c0a01
ad91ecd6-d6df-4067-9517-6e64131bb9d7,25ed62ff-f0c7-4884-95be-704b63ca3334,bd9c66b3-ad3c-4d6d-9a3d-1fa7bc8960a9,3b0b0e6c-5a36-4b8e-8c1e-0d7c5e2f9a11,35.0,349900000.0,12246500000.0,168990000.0,12077510000.0,316030000.0,1,7f5b6f7e-1c2d-4a4e-9a51-3a3f1d3c0a01
fa2a5fb2-629b-49d1-ba13-279fa5015286,13f402bb-b8da-4d58-b26f-9fdd7f610036,5be6128e-18c2-4797-a142-ea7d17be3111,3b0b0e6c-5a36-4b8e-8c1e-0d7c5e2f9a11,15.0,450400000.0,6756000000.0,134071000.0,6621929000.0,403948000.0,1,7f5b6f7e-1c2d-4a4e-9a51-3a3f1d3c0a01
0b8fe6ab-7589-489d-9337-6899c814eb3e,cfdeb45d-abdc-4d06-981e-509b67b2e44e,5be6128e-18c2-4797-a142-ea7d17be3111,3b0b0e6c-5a36-4b8e-8c1e-0d7c5e2f9a11,11.0,459700000.0,5056700000.0,102719000.0,4953981000.0,416620000.0,1,7f5b6f7e-1c2d-4a4e-9a51-3a3f1d3c0a01
79e4e46a-21ad-49a0-8889-83c195cc87ab,cfdeb45d-abdc-4d06-981e-509b67b2e44e,43b7a3a6-9a8d-4a03-980d-7b71d8f56413,3b0b0e6c-5a36-4b8e-8c1e-0d7c5e2f9a11,19.0,465100000.0,8836900000.0,179508000.0,8657392000.0,430032000.0,2,7f5b6f7e-1c2d-4a4e-9a51-3a3f1d3c0a01
93051bfb-e57f-45d8-9555-b105dce50f93,0e3aa1ab-9186-4913-8487-7863394b9142,5be6128e-18c2-4797-a142-ea7d17be3111,3b0b0e6c-5a36-4b8e-8c1e-0d7c5e2f9a11,45.0,501400000.0,22563000000.0,391152000.0,22171848000.0,427072000.0,1,7f5b6f7e-1c2d-4a4e-9a51-3a3f1d3c0a01
54f40a2b-87cf-4301-94e9-d1452ea8c8d8,4befe8de-e352-40c0-a477-468216f149b8,5be6128e-18c2-4797-a142-ea7d17be3111,3b0b0e6c-5a36-4b8e-8c1e-0d7c5e2f9a11,20.0,531700000.00000006,10634000000.000002,161661000.0,10472339000.000002,480908000.0,1,7f5b6f7e-1c2d-4a4e-9a51-3a3f1d3c0a01
4058d188-f374-477c-9ed2-143dfb08e1c4,cfc05def-3230-4f80-8a5d-87d30ab7f19e,5be6128e-18c2-4797-a142-ea7d17be3111,3b0b0e6c-5a36-4b8e-8c1e-0d7c5e2f9a11,90.0,563300000.0,50697000000.0,950068000.0,49746932000.0,506438000.0,1,7f5b6f7e-1c2d-4a4e-9a51-3a3f1d3c0a01
0ff1183e-fc08-4bb1-9068-729668c99b2b,234362eb-aa5d-4cc1-94f2-b17f3af13969,a9488d99-0bbb-4599-91ce-5dd2b45ed1f0,3b0b0e6c-5a36-4b8e-8c1e-0d7c5e2f9a11,35.0,546000000.0,19110000000.0,482017000.0,18627983000.0,445889000.0,1,7f5b6f7e-1c2d-4a4e-9a51-3a3f1d3c0a01
6a7fb8af-dd8e-4d23-ac65-a44908888ae9,ea88e535-d182-44af-b0e8-9163f0b00269,b74d0fb1-32e7-4629-8fad-c1a606cb0fb3,3b0b0e6c-5a36-4b8e-8c1e-0d7c5e2f9a11,40.0,314700000.0,12588000000.0,437045000.0,12150955000.0,287950000.0,1,7f5b6f7e-1c2d-4a4e-9a51-3a3f1d3c0a01
43301fa2-fcc0-4efd-bb9b-5131629da5b1,c7fc6d15-1276-406a-9119-2149732767c8,a9488d99-0bbb-4599-91ce-5dd2b45ed1f0,3b0b0e6c-5a36-4b8e-8c1e-0d7c5e2f9a11,50.0,384900000.0,19245000000.0,541126000.0,18703874000.0,342785000.0,1,7f5b6f7e-1c2d-4a4e-9a51-3a3f1d3c0a01
6915cd4e-a23a-43cb-ac20-a4bfe2a071a7,916b01a9-38ad-4c68-9dbd-bc5e57b6862e,47378190-96da-4dac-b2ff-5d2a386ecbe0,3b0b0e6c-5a36-4b8e-8c1e-0d7c5e2f9a11,6.5,405800000.0,2637700000.0,94406000.0,2543294000.0,316590000.0,1,7f5b6f7e-1c2d-4a4e-9a51-3a3f1d3c0a01
8322b1ee-dc98-42f4-9464-c29026e87665,916b01a9-38ad-4c68-9dbd-bc5e57b6862e,6b65a6a4-8b81-48f6-b38a-088ca65ed389,3b0b0e6c-5a36-4b8e-8c1e-0d7c5e2f9a11,7.0,397000000.0,2779000000.0,99463000.0,2679537000.0,313022000.0,2,7f5b6f7e-1c2d-4a4e-9a51-3a3f1d3c0a01
fce33e31-9a4e-46e2-9752-4c7739ecabbd,916b01a9-38ad-4c68-9dbd-bc5e57b6862e,c241330b-01a9-471f-9e8a-774bcf36d58b,3b0b0e6c-5a36-4b8e-8c1e-0d7c5e2f9a11,6.5,429200000.0,2789800000.0,99850000.0,2689950000.0,339465000.0,3,7f5b6f7e-1c2d-4a4e-9a51-3a3f1d3c0a01
7f87a1a6-5e1d-4590-8bdc-1d54dc7727a6,3f2ac742-c953-4c6d-81ba-6fccd2b7c43f,5be6128e-18c2-4797-a142-ea7d17be3111,3b0b0e6c-5a36-4b8e-8c1e-0d7c5e2f9a11,135.0,450400000.0,60804000000.0,1616638000.0,59187362000.0,403948000.0,1,7f5b6f7e-1c2d-4a4e-9a51-3a3f1d3c0a01
2648c756-0379-4125-9d9c-1f42fbc1d406,cb2245d5-7c03-4278-b260-295c3e311faa,bdd640fb-0667-4ad1-9c80-317fa3b1799d,3b0b0e6c-5a36-4b8e-8c1e-0d7c5e2f9a11,124.0,295100000.0,36592400000.0,1709793000.0,34882607000.0,271618000.0,1,7f5b6f7e-1c2d-4a4e-9a51-3a3f1d3c0a01
d95ef090-19fb-4e70-bd29-4215b7d89348,cb2245d5-7c03-4278-b260-295c3e311faa,17fc695a-07a0-4a6e-8822-e8f36c031199,3b0b0e6c-5a36-4b8e-8c1e-0d7c5e2f9a11,61.0,276300000.0,16854300000.0,787523000.0,16066777000.0,256564000.0,2,7f5b6f7e-1c2d-4a4e-9a51-3a3f1d3c0a01
241688c9-bdd7-410c-8320-7d8d32a7c6e4,65c095d7-8891-4cac-80ea-f77f7a6370c6,ddd1dfb2-3b98-4ef8-9af6-1a26146d3f31,3b0b0e6c-5a36-4b8e-8c1e-0d7c5e2f9a11,115.0,317900000.0,36558500000.0,943674000.0,35614826000.0,254928000.0,1,7f5b6f7e-1c2d-4a4e-9a51-3a3f1d3c0a01
7a4226b3-f367-457c-8a57-a1c66d62d376,dd06850e-4db8-44f7-8392-6b406e110418,ddd1dfb2-3b98-4ef8-9af6-1a26146d3f31,3b0b0e6c-5a36-4b8e-8c1e-0d7c5e2f9a11,85.0,321600000.0,27336000000.0,1126030000.0,26209970000.0,298826000.0,1,7f5b6f7e-1c2d-4a4e-9a51-3a3f1d3c0a01
faab06c2-015f-464c-865c-c61d76b63cdd,c2aa7783-40bb-4ebb-9922-9f2fa76aa664,bdd640fb-0667-4ad1-9c80-317fa3b1799d,3b0b0e6c-5a36-4b8e-8c1e-0d7c5e2f9a11,65.0,355000000.0,23075000000.0,596194000.0,22478806000.0,325567000.0,1,7f5b6f7e-1c2d-4a4e-9a51-3a3f1d3c0a01
c0596956-d6fc-4be3-ba0e-867f749e3ac4,cb9178a0-0c1c-42a8-9b44-55318c2071ce,43b7a3a6-9a8d-4a03-980d-7b71d8f56413,3b0b0e6c-5a36-4b8e-8c1e-0d7c5e2f9a11,80.0,458000000.0,36640000000.0,1218119000.0,35421881000.0,409220000.0,1,7f5b6f7e-1c2d-4a4e-9a51-3a3f1d3c0a01
4a379db0-0438-4416-a975-1cf8cf3f8012,8cb1779e-0a99-436d-a679-8c247149b77e,a9488d99-0bbb-4599-91ce-5dd2b45ed1f0,3b0b0e6c-5a36-4b8e-8c1e-0d7c5e2f9a11,59.0,479600000.0,28296400000.0,1060185000.0,27236215000.0,410000000.0,1,7f5b6f7e-1c2d-4a4e-9a51-3a3f1d3c0a01
9f572e1c-2a0d-457d-b801-245b4926fb2f,8cb1779e-0a99-436d-a679-8c247149b77e,fc377a4c-4a15-444d-85e7-ce8a3a578a8e,3b0b0e6c-5a36-4b8e-8c1e-0d7c5e2f9a11,41.0,493200000.0,20221200000.0,757630000.0,19463570000.0,426378000.0,2,7f5b6f7e-1c2d-4a4e-9a51-3a3f1d3c0a01
5282212e-059d-49af-9492-4eb026429245,0c4b65c0-3c38-4474-8126-cbdd48f08de7,b74d0fb1-32e7-4629-8fad-c1a606cb0fb3,3b0b0e6c-5a36-4b8e-8c1e-0d7c5e2f9a11,52.0,510600000.0,26551200000.0,1291466000.0,25259734000.0,468754000.0,1,7f5b6f7e-1c2d-4a4e-9a51-3a3f1d3c0a01
9a2b7647-5ac0-4dee-b8ff-1f9afcc008c9,0c4b65c0-3c38-4474-8126-cbdd48f08de7,6c307511-b2b9-437a-a8df-6ec4ce4a2bbd,3b0b0e6c-5a36-4b8e-8c1e-0d7c5e2f9a11,63.0,493200000.0,31071600000.0,1511341000.0,29560259000.0,435266000.0,2,7f5b6f7e-1c2d-4a4e-9a51-3a3f1d3c0a01
bd8aad80-48dd-42c8-839f-e5b0ffa42e08,3f39acf0-29a0-4560-baa8-ea501887a444,43b7a3a6-9a8d-4a03-980d-7b71d8f56413,3b0b0e6c-5a36-4b8e-8c1e-0d7c5e2f9a11,33.5,553900000.0,18555650000.0,719270000.0,17836380000.0,502645000.0,1,7f5b6f7e-1c2d-4a4e-9a51-3a3f1d3c0a01
4ee69bf6-4e58-48ec-aa92-33eff1e6e9c7,3f39acf0-29a0-4560-baa8-ea501887a444,5be6128e-18c2-4797-a142-ea7d17be3111,3b0b0e6c-5a36-4b8e-8c1e-0d7c5e2f9a11,43.5,531700000.00000006,23128950000.000004,896544000.0,22232406000.000004,480908000.0,2,7f5b6f7e-1c2d-4a4e-9a51-3a3f1d3c0a01
92b5c8d0-4758-45a0-9222-e13bb822efa3,3f39acf0-29a0-4560-baa8-ea501887a444,1a2a73ed-562b-4f79-8374-59eef50bea63,3b0b0e6c-5a36-4b8e-8c1e-0d7c5e2f9a11,13.0,544800000.0,7082400000.0,274534000.0,6807866000.0,490620000.0,3,7f5b6f7e-1c2d-4a4e-9a51-3a3f1d3c0a01
3158fd4a-cada-4629-840e-b3cad789afcb,2adf68f1-c494-462b-96b6-863ed099781c,17fc695a-07a0-4a6e-8822-e8f36c031199,3b0b0e6c-5a36-4b8e-8c1e-0d7c5e2f9a11,10.5,423300000.0,4444650000.0,222751000.0,4221899000.0,392606000.0,1,7f5b6f7e-1c2d-4a4e-9a51-3a3f1d3c0a01
f23a291c-8ec6-4b4e-9c52-31396b46aaae,2adf68f1-c494-462b-96b6-863ed099781c,972a8469-1641-4f82-8b9d-2434e465e150,3b0b0e6c-5a36-4b8e-8c1e-0d7c5e2f9a11,184.5,424400000.0,78301800000.0,3924216000.0,74377584000.0,389147000.0,2,7f5b6f7e-1c2d-4a4e-9a51-3a3f1d3c0a01
f77c55f7-aa53-487f-b72e-3914f47d3778,faff4ef0-47d6-46c5-841a-9ce037e24ae1,43b7a3a6-9a8d-4a03-980d-7b71d8f56413,3b0b0e6c-5a36-4b8e-8c1e-0d7c5e2f9a11,8.0,348700000.0,2789600000.0,58509000.0,2731091000.0,327265000.0,1,7f5b6f7e-1c2d-4a4e-9a51-3a3f1d3c0a01
90a9ec2a-04fa-4c05-8482-086c57d22b85,faff4ef0-47d6-46c5-841a-9ce037e24ae1,1a2a73ed-562b-4f79-8374-59eef50bea63,3b0b0e6c-5a36-4b8e-8c1e-0d7c5e2f9a11,12.0,336800000.0,4041600000.0,84768000.0,3956832000.0,315610000.0,2,7f5b6f7e-1c2d-4a4e-9a51-3a3f1d3c0a01
f44e7420-0a1f-4685-a86c-faf76a01689e,88a3a64a-eb15-44fc-b4f2-63cab80fc872,371ecd7b-27cd-4130-8722-9389571aa876,3b0b0e6c-5a36-4b8e-8c1e-0d7c5e2f9a11,75.0,406000000.0,30450000000.0,578213000.0,29871787000.0,367098000.0,1,7f5b6f7e-1c2d-4a4e-9a51-3a3f1d3c0a01
6f16a705-1679-4b2f-a153-99020f3bf16a,e6200224-f204-4f8f-8e6d-42fd98bb309c,972a8469-1641-4f82-8b9d-2434e465e150,3b0b0e6c-5a36-4b8e-8c1e-0d7c5e2f9a11,60.0,335800000.0,20148000000.0,407220000.0,19740780000.0,305558000.0,1,7f5b6f7e-1c2d-4a4e-9a51-3a3f1d3c0a01
1ca7a96b-f17d-4f23-8592-26504d0f9ae8,e6200224-f204-4f8f-8e6d-42fd98bb309c,bdd640fb-0667-4ad1-9c80-317fa3b1799d,3b0b0e6c-5a36-4b8e-8c1e-0d7c5e2f9a11,50.0,348200000.0,17410000000.0,351881000.0,17058119000.0,320705000.0,2,7f5b6f7e-1c2d-4a4e-9a51-3a3f1d3c0a01
edb0b6c2-0392-4d7a-817d-ddfccaa7432c,e082a7cd-f424-4dc8-b2c2-1aa12e6485eb,972a8469-1641-4f82-8b9d-2434e465e150,3b0b0e6c-5a36-4b8e-8c1e-0d7c5e2f9a11,105.0,394800000.0,41454000000.0,1127792000.0,40326208000.0,340340000.0,1,7f5b6f7e-1c2d-4a4e-9a51-3a3f1d3c0a01
67155347-67d1-4f54-92fa-ecfe48f0e27b,95dc1476-5062-46bc-80ae-279e94719140,c241330b-01a9-471f-9e8a-774bcf36d58b,3b0b0e6c-5a36-4b8e-8c1e-0d7c5e2f9a11,27.0,533700000.00000006,14409900000.000002,308852000.0,14101048000.000002,475892000.0,1,7f5b6f7e-1c2d-4a4e-9a51-3a3f1d3c0a01
f6c7dc57-a6a9-467d-a989-5177d9fcb396,95dc1476-5062-46bc-80ae-279e94719140,371ecd7b-27cd-4130-8722-9389571aa876,3b0b0e6c-5a36-4b8e-8c1e-0d7c5e2f9a11,13.0,495900000.0,6446700000.0,138174000.0,6308526000.0,435266000.0,2,7f5b6f7e-1c2d-4a4e-9a51-3a3f1d3c0a01
f05bfab9-47d7-4e55-ba21-403eb1111e77,e9d2f9c7-691c-4cb2-a642-80bb6c51e175,43b7a3a6-9a8d-4a03-980d-7b71d8f56413,3b0b0e6c-5a36-4b8e-8c1e-0d7c5e2f9a11,15.0,553900000.0,8308500000.0,59540000.0,8248960000.0,502645000.0,1,7f5b6f7e-1c2d-4a4e-9a51-3a3f1d3c0a01
7e4f7423-14af-40a3-ab37-70f57b9f6e4b,e0ca5d97-0274-43fc-b83d-820375ac7a11,9a1de644-815e-46d1-bb8f-aa1837f8a88b,3b0b0e6c-5a36-4b8e-8c1e-0d7c5e2f9a11,15.0,325700000.0,4885500000.0,149566000.0,4735934000.0,302753000.0,1,7f5b6f7e-1c2d-4a4e-9a51-3a3f1d3c0a01
d5713dde-b94c-44a3-b131-0c3e8f4ecc9b,e0ca5d97-0274-43fc-b83d-820375ac7a11,bd9c66b3-ad3c-4d6d-9a3d-1fa7bc8960a9,3b0b0e6c-5a36-4b8e-8c1e-0d7c5e2f9a11,6.0,336400000.0,2018400000.0,61792000.0,1956608000.0,309111000.0,2,7f5b6f7e-1c2d-4a4e-9a51-3a3f1d3c0a01
fe97436d-59e5-4207-b999-4b2d5bb677f7,e0ca5d97-0274-43fc-b83d-820375ac7a11,bdd640fb-0667-4ad1-9c80-317fa3b1799d,3b0b0e6c-5a36-4b8e-8c1e-0d7c5e2f9a11,19.0,348200000.0,6615800000.0,202538000.0,6413262000.0,320705000.0,3,7f5b6f7e-1c2d-4a4e-9a51-3a3f1d3c0a01
ec6efc34-e8a6-42aa-8779-b08a9997fc63,f034f7ea-adb6-4035-8f26-578050d146b5,6b65a6a4-8b81-48f6-b38a-088ca65ed389,3b0b0e6c-5a36-4b8e-8c1e-0d7c5e2f9a11,32.5,496200000.0,16126500000.0,368490000.0,15758010000.0,446703000.0,1,7f5b6f7e-1c2d-4a4e-9a51-3a3f1d3c0a01
6ae66cc0-adb3-4fe8-9fb5-1a7652f03a9d,f034f7ea-adb6-4035-8f26-578050d146b5,c241330b-01a9-471f-9e8a-774bcf36d58b,3b0b0e6c-5a36-4b8e-8c1e-0d7c5e2f9a11,17.5,533700000.00000006,9339750000.000002,213413000.0,9126337000.000002,475892000.0,2,7f5b6f7e-1c2d-4a4e-9a51-3a3f1d3c0a01
eed158ba-0e93-4304-8ab5-097c79326f44,7c0d9348-1d45-48d2-8a00-788d35184b81,bdd640fb-0667-4ad1-9c80-317fa3b1799d,3b0b0e6c-5a36-4b8e-8c1e-0d7c5e2f9a11,75.0,412700000.0,30952500000.0,1096275000.0,29856225000.0,358572000.0,1,7f5b6f7e-1c2d-4a4e-9a51-3a3f1d3c0a01
30b66595-c059-42a1-83f3-109f42b300f9,79955d40-da9d-42d3-b905-b8ee4c6b49fc,a9488d99-0bbb-4599-91ce-5dd2b45ed1f0,3b0b0e6c-5a36-4b8e-8c1e-0d7c5e2f9a11,11.0,371800000.0,4089800000.0,82930000.0,4006870000.0,327391000.0,1,7f5b6f7e-1c2d-4a4e-9a51-3a3f1d3c0a01
d94fb070-a1a7-4929-a7d1-c9ea2d39f96b,79955d40-da9d-42d3-b905-b8ee4c6b49fc,fc377a4c-4a15-444d-85e7-ce8a3a578a8e,3b0b0e6c-5a36-4b8e-8c1e-0d7c5e2f9a11,10.5,384900000.0,4041450000.0,81949000.0,3959501000.0,336162000.0,2,7f5b6f7e-1c2d-4a4e-9a51-3a3f1d3c0a01
574c573e-cbfd-4509-8633-bdaf54707acf,79955d40-da9d-42d3-b905-b8ee4c6b49fc,3139d32c-93cd-49bf-9c94-1cf0dc98d2c1,3b0b0e6c-5a36-4b8e-8c1e-0d7c5e2f9a11,38.5,373400000.0,14375900000.0,291504000.0,14084396000.0,329628000.0,3,7f5b6f7e-1c2d-4a4e-9a51-3a3f1d3c0a01
e5fcb6be-9a14-4498-82dd-a8b7eefa91fa,581cc7fd-6dc4-4b58-a18a-a184268afd9e,ddd1dfb2-3b98-4ef8-9af6-1a26146d3f31,3b0b0e6c-5a36-4b8e-8c1e-0d7c5e2f9a11,20.0,322700000.0,6454000000.0,189099000.0,6264901000.0,302868000.0,1,7f5b6f7e-1c2d-4a4e-9a51-3a3f1d3c0a01
0c7b84d0-ac61-44fa-97dc-3332eeac740a,bc7320b4-3199-436a-827f-86d26c3b6a14,4b0dbb41-8d52-48f1-942c-3fe860e7a113,3b0b0e6c-5a36-4b8e-8c1e-0d7c5e2f9a11,55.0,631800000.0,34749000000.0,677069000.0,34071931000.0,551886000.0,1,7f5b6f7e-1c2d-4a4e-9a51-3a3f1d3c0a01
f874869d-6774-4c90-b98e-5b8c8b8523b5,30d1bea7-b550-4961-923e-c5f69203a65e,ddd1dfb2-3b98-4ef8-9af6-1a26146d3f31,3b0b0e6c-5a36-4b8e-8c1e-0d7c5e2f9a11,25.0,354100000.0,8852500000.0,197625000.0,8654875000.0,321668000.0,1,7f5b6f7e-1c2d-4a4e-9a51-3a3f1d3c0a01
95a88679-8064-4933-af47-c86651aa5df5,d7ca9ab8-9ec1-442f-bdae-a7cbf84068a0,fc377a4c-4a15-444d-85e7-ce8a3a578a8e,3b0b0e6c-5a36-4b8e-8c1e-0d7c5e2f9a11,80.0,560600000.0,44848000000.0,1347579000.0,43500421000.0,463610000.0,1,7f5b6f7e-1c2d-4a4e-9a51-3a3f1d3c0a01
72c695cd-8e00-47ea-a48e-fb0743bb02ec,8f383923-420a-4403-b2af-8a734518907a,759cde66-bacf-43d0-8b1f-9163ce9ff57f,3b0b0e6c-5a36-4b8e-8c1e-0d7c5e2f9a11,19.0,399900000.0,7598100000.0,92844000.0,7505256000.0,352769000.0,1,7f5b6f7e-1c2d-4a4e-9a51-3a3f1d3c0a01
9d314c95-8b66-4920-a1de-7fb8b10db45c,8f383923-420a-4403-b2af-8a734518907a,ec1b8ca1-f91e-4d4c-9ff4-9b7889463e85,3b0b0e6c-5a36-4b8e-8c1e-0d7c5e2f9a11,6.0,392200000.0,2353200000.0,28754000.0,2324446000.0,345982000.0,2,7f5b6f7e-1c2d-4a4e-9a51-3a3f1d3c0a01
0e8af668-e2f9-48e7-8b7f-7ca0c53c6b5b,e19bbc4e-ba2f-4ca6-aa0a-b7ba689ddd56,5be6128e-18c2-4797-a142-ea7d17be3111,3b0b0e6c-5a36-4b8e-8c1e-0d7c5e2f9a11,55.0,356300000.0,19596500000.0,371685000.0,19224815000.0,316720000.0,1,7f5b6f7e-1c2d-4a4e-9a51-3a3f1d3c0a01
353f551f-7b45-425b-867b-f01e1fb07eb7,89cf6785-4364-46b5-a87b-ecad603166f4,ec1b8ca1-f91e-4d4c-9ff4-9b7889463e85,3b0b0e6c-5a36-4b8e-8c1e-0d7c5e2f9a11,19.5,411800000.0,8030100000.0,110169000.0,7919931000.0,360280000.0,1,7f5b6f7e-1c2d-4a4e-9a51-3a3f1d3c0a01
8aaf8d2f-aab4-45c7-bf3e-6c8cc78fe91a,89cf6785-4364-46b5-a87b-ecad603166f4,759cde66-bacf-43d0-8b1f-9163ce9ff57f,3b0b0e6c-5a36-4b8e-8c1e-0d7c5e2f9a11,20.5,416300000.0,8534150000.0,117084000.0,8417066000.0,364986000.0,2,7f5b6f7e-1c2d-4a4e-9a51-3a3f1d3c0a01
f2fe81fc-52a5-4b0a-9d79-de3cd4000c40,12dbb1da-a623-4b8d-a641-d4c914bef227,759cde66-bacf-43d0-8b1f-9163ce9ff57f,3b0b0e6c-5a36-4b8e-8c1e-0d7c5e2f9a11,28.5,504500000.0,14378250000.0,174123000.0,14204127000.0,475216000.0,1,7f5b6f7e-1c2d-4a4e-9a51-3a3f1d3c0a01
857c623d-3e00-4b46-a243-a98004aa3943,12dbb1da-a623-4b8d-a641-d4c914bef227,ec1b8ca1-f91e-4d4c-9ff4-9b7889463e85,3b0b0e6c-5a36-4b8e-8c1e-0d7c5e2f9a11,11.5,502700000.0,5781050000.0,70009000.0,5711041000.0,470057000.0,2,7f5b6f7e-1c2d-4a4e-9a51-3a3f1d3c0a01
49529a0e-a50a-47c5-9a72-79d706091714,6a035dd3-720e-4c17-84c7-ac0e172f9a47,759cde66-bacf-43d0-8b1f-9163ce9ff57f,3b0b0e6c-5a36-4b8e-8c1e-0d7c5e2f9a11,70.0,532799999.99999994,37295999999.99999,413562000.0,36882437999.99999,462184000.0,1,7f5b6f7e-1c2d-4a4e-9a51-3a3f1d3c0a01
955009af-f090-466a-8640-89a59d554ba5,5954c400-7836-4e30-98e4-1aebcd427b3a,ec1b8ca1-f91e-4d4c-9ff4-9b7889463e85,3b0b0e6c-5a36-4b8e-8c1e-0d7c5e2f9a11,25.0,550000000.0,13750000000.0,218690000.0,13531310000.0,484809000.0,1,7f5b6f7e-1c2d-4a4e-9a51-3a3f1d3c0a01
505366c7-d567-4879-b5a2-2ba4594dae07,5954c400-7836-4e30-98e4-1aebcd427b3a,759cde66-bacf-43d0-8b1f-9163ce9ff57f,3b0b0e6c-5a36-4b8e-8c1e-0d7c5e2f9a11,20.0,563400000.0,11268000000.0,179215000.0,11088785000.0,495216000.0,2,7f5b6f7e-1c2d-4a4e-9a51-3a3f1d3c0a01
5e438170-7921-432c-ad16-062fcaccd70a,6a7de66f-4bcc-4d1f-8af3-a22632d19bd7,4b0dbb41-8d52-48f1-942c-3fe860e7a113,3b0b0e6c-5a36-4b8e-8c1e-0d7c5e2f9a11,17.0,646800000.0,10995600000.0,168168000.0,10827432000.0,559143000.0,1,7f5b6f7e-1c2d-4a4e-9a51-3a3f1d3c0a01
46990fc1-732b-4205-9a4e-7cb5a707a5f2,6a7de66f-4bcc-4d1f-8af3-a22632d19bd7,e2acf72f-9e57-4f7a-a0ee-89aed453dd32,3b0b0e6c-5a36-4b8e-8c1e-0d7c5e2f9a11,18.0,637400000.0,11473200000.0,175472000.0,11297728000.0,554895000.0,2,7f5b6f7e-1c2d-4a4e-9a51-3a3f1d3c0a01
a4dcae01-6a69-4502-880d-57605411ece4,c4fcf442-7dbc-4307-86ba-45799aaf1dd1,759cde66-bacf-43d0-8b1f-9163ce9ff57f,3b0b0e6c-5a36-4b8e-8c1e-0d7c5e2f9a11,31.5,613300000.0,19318950000.0,436152000.0,18882798000.0,509877000.0,1,7f5b6f7e-1c2d-4a4e-9a51-3a3f1d3c0a01
35f3f97f-9f2b-4875-8352-7ca9d4f46b51,c4fcf442-7dbc-4307-86ba-45799aaf1dd1,ec1b8ca1-f91e-4d4c-9ff4-9b7889463e85,3b0b0e6c-5a36-4b8e-8c1e-0d7c5e2f9a11,8.5,597800000.0,5081300000.0,114717000.0,4966583000.0,497750000.0,2,7f5b6f7e-1c2d-4a4e-9a51-3a3f1d3c0a01
bd0d0f82-b814-4e26-b33b-952bf0dd5ac9,5bcc8063-49eb-4edb-a911-ab5bbfb589f5,ddd1dfb2-3b98-4ef8-9af6-1a26146d3f31,3b0b0e6c-5a36-4b8e-8c1e-0d7c5e2f9a11,95.0,248400000.0,23598000000.0,388976000.0,23209024000.0,233496000.0,1,7f5b6f7e-1c2d-4a4e-9a51-3a3f1d3c0a01
66a69804-153e-4adc-aeea-fccf03aa7c39,51a1f175-4410-44dd-8077-aa2817469a68,a9488d99-0bbb-4599-91ce-5dd2b45ed1f0,3b0b0e6c-5a36-4b8e-8c1e-0d7c5e2f9a11,162.5,358300000.0,58223750000.0,1388539000.0,56835211000.0,318620000.0,1,7f5b6f7e-1c2d-4a4e-9a51-3a3f1d3c0a01
b67fd81f-e5b9-4676-8eae-2764cf1243c7,51a1f175-4410-44dd-8077-aa2817469a68,fc377a4c-4a15-444d-85e7-ce8a3a578a8e,3b0b0e6c-5a36-4b8e-8c1e-0d7c5e2f9a11,12.5,373000000.0,4662500000.0,111193000.0,4551307000.0,327480000.0,2,7f5b6f7e-1c2d-4a4e-9a51-3a3f1d3c0a01
83e23e85-b6ea-4139-a2ed-368014a34cec,2d22ba19-98c1-426d-9e0e-f1adf4c4b8c1,43b7a3a6-9a8d-4a03-980d-7b71d8f56413,3b0b0e6c-5a36-4b8e-8c1e-0d7c5e2f9a11,77.0,353000000.0,27181000000.0,571161000.0,26609839000.0,322548000.0,1,7f5b6f7e-1c2d-4a4e-9a51-3a3f1d3c0a01
878785c1-acd9-4015-a1e8-7b6511500b51,2d22ba19-98c1-426d-9e0e-f1adf4c4b8c1,5be6128e-18c2-4797-a142-ea7d17be3111,3b0b0e6c-5a36-4b8e-8c1e-0d7c5e2f9a11,33.5,342400000.0,11470400000.0,241031000.0,11229369000.0,311910000.0,2,7f5b6f7e-1c2d-4a4e-9a51-3a3f1d3c0a01
552ea2ca-f2a4-4428-b4f9-1c9eaca015c4,2d22ba19-98c1-426d-9e0e-f1adf4c4b8c1,1a2a73ed-562b-4f79-8374-59eef50bea63,3b0b0e6c-5a36-4b8e-8c1e-0d7c5e2f9a11,75.0,350100000.0,26257500000.0,551756000.0,25705744000.0,311540000.0,3,7f5b6f7e-1c2d-4a4e-9a51-3a3f1d3c0a01
5c0838d0-fb41-4599-958c-3141ed3b81b2,730e5e3f-df48-4af0-9ae0-741194626787,972a8469-1641-4f82-8b9d-2434e465e150,3b0b0e6c-5a36-4b8e-8c1e-0d7c5e2f9a11,105.0,335000000.0,35175000000.0,872282000.0,34302718000.0,324352000.0,1,7f5b6f7e-1c2d-4a4e-9a51-3a3f1d3c0a01
b414d1e5-1a0e-4db4-8dc0-5fb9f787a1ef,075d87ca-ddba-423d-ae28-fefd48afc7a4,e2acf72f-9e57-4f7a-a0ee-89aed453dd32,3b0b0e6c-5a36-4b8e-8c1e-0d7c5e2f9a11,20.0,462100000.0,9242000000.0,373528000.0,8868472000.0,402144000.0,1,7f5b6f7e-1c2d-4a4e-9a51-3a3f1d3c0a01
5f966586-f75e-45f5-8577-0771812fc28c,d050df68-b48d-4c90-ad45-7f39a9af98ad,43b7a3a6-9a8d-4a03-980d-7b71d8f56413,3b0b0e6c-5a36-4b8e-8c1e-0d7c5e2f9a11,65.0,353800000.0,22997000000.0,245991000.0,22751009000.0,315888000.0,1,7f5b6f7e-1c2d-4a4e-9a51-3a3f1d3c0a01
b154f0fa-986f-4750-82f5-e72e03e86c62,259dc11a-20f6-4ced-9c98-76c60936fb31,bd9c66b3-ad3c-4d6d-9a3d-1fa7bc8960a9,3b0b0e6c-5a36-4b8e-8c1e-0d7c5e2f9a11,390.0,280300000.0,109317000000.0,1679361000.0,107637639000.0,259930000.0,1,7f5b6f7e-1c2d-4a4e-9a51-3a3f1d3c0a01
3e2668d3-19dd-4627-9dfa-e7e0348d4862,3eb1e8bc-fef4-44d5-95fa-343e3c335679,bd9c66b3-ad3c-4d6d-9a3d-1fa7bc8960a9,3b0b0e6c-5a36-4b8e-8c1e-0d7c5e2f9a11,100.0,278000000.0,27800000000.0,411042000.0,27388958000.0,263296000.0,1,7f5b6f7e-1c2d-4a4e-9a51-3a3f1d3c0a01
c6833b0d-5423-4e6b-9609-7850b13cc55e,84ce9001-fa93-4192-bfdb-279309cb647a,1a2a73ed-562b-4f79-8374-59eef50bea63,3b0b0e6c-5a36-4b8e-8c1e-0d7c5e2f9a11,23.0,437700000.0,10067100000.0,126002000.0,9941098000.0,398398000.0,1,7f5b6f7e-1c2d-4a4e-9a51-3a3f1d3c0a01
c9264d8a-575e-43da-845b-4fb64b0320b0,84ce9001-fa93-4192-bfdb-279309cb647a,43b7a3a6-9a8d-4a03-980d-7b71d8f56413,3b0b0e6c-5a36-4b8e-8c1e-0d7c5e2f9a11,122.0,442400000.0,53972800000.0,675533000.0,53297267000.0,407185000.0,2,7f5b6f7e-1c2d-4a4e-9a51-3a3f1d3c0a01
f01c733e-8271-4d74-8400-829f98c5f92a,e7524584-0415-472a-8886-720832dee01c,3139d32c-93cd-49bf-9c94-1cf0dc98d2c1,3b0b0e6c-5a36-4b8e-8c1e-0d7c5e2f9a11,31.0,466700000.0,14467700000.0,282475000.0,14185225000.0,416802000.0,1,7f5b6f7e-1c2d-4a4e-9a51-3a3f1d3c0a01
bb4ba41d-4ecb-4a6d-8d19-6e32813fa1e1,e7524584-0415-472a-8886-720832dee01c,a9488d99-0bbb-4599-91ce-5dd2b45ed1f0,3b0b0e6c-5a36-4b8e-8c1e-0d7c5e2f9a11,31.5,465300000.0,14656950000.0,286170000.0,14370780000.0,411342000.0,2,7f5b6f7e-1c2d-4a4e-9a51-3a3f1d3c0a01
c238e626-a6f6-430b-9789-9eda88a2307a,e7524584-0415-472a-8886-720832dee01c,fc377a4c-4a15-444d-85e7-ce8a3a578a8e,3b0b0e6c-5a36-4b8e-8c1e-0d7c5e2f9a11,47.5,477000000.0,22657500000.0,442377000.0,22215123000.0,428347000.0,3,7f5b6f7e-1c2d-4a4e-9a51-3a3f1d3c0a01
6eb9aad2-bb61-446e-83d3-ebb6262f4a4b,47a82a41-3b86-4d19-8331-01c010613958,bd9c66b3-ad3c-4d6d-9a3d-1fa7bc8960a9,3b0b0e6c-5a36-4b8e-8c1e-0d7c5e2f9a11,315.0,338000000.0,106470000000.0,2197395000.0,104272605000.0,315188000.0,1,7f5b6f7e-1c2d-4a4e-9a51-3a3f1d3c0a01
e35c1f00-cb88-42a9-9bc3-f3b7a03d9569,65810ae4-3814-49b1-95aa-2d67a83772a8,23b8c1e9-3924-46de-beb1-3b9046685257,3b0b0e6c-5a36-4b8e-8c1e-0d7c5e2f9a11,190.0,355600000.0,67564000000.0,1350181000.0,66213819000.0,321266000.0,1,7f5b6f7e-1c2d-4a4e-9a51-3a3f1d3c0a01
928b010b-803d-467d-98d1-474fccbf709a,9d7f78e4-7225-4da5-83fd-9e6838163d23,c241330b-01a9-471f-9e8a-774bcf36d58b,3b0b0e6c-5a36-4b8e-8c1e-0d7c5e2f9a11,42.0,574400000.0,24124800000.0,274730000.0,23850070000.0,510662000.0,1,7f5b6f7e-1c2d-4a4e-9a51-3a3f1d3c0a01
210b4f9e-2cf6-4dc2-b2df-018c071b9169,9d7f78e4-7225-4da5-83fd-9e6838163d23,47378190-96da-4dac-b2ff-5d2a386ecbe0,3b0b0e6c-5a36-4b8e-8c1e-0d7c5e2f9a11,158.0,548500000.0,86663000000.0,986906000.0,85676094000.0,474794000.0,2,7f5b6f7e-1c2d-4a4e-9a51-3a3f1d3c0a01
c75fecd4-e8f1-48c3-ba0c-b4b34ab35598,9d7f78e4-7225-4da5-83fd-9e6838163d23,6c307511-b2b9-437a-a8df-6ec4ce4a2bbd,3b0b0e6c-5a36-4b8e-8c1e-0d7c5e2f9a11,75.0,521799999.99999994,39134999999.99999,445664000.0,38689335999.99999,464820000.0,3,7f5b6f7e-1c2d-4a4e-9a51-3a3f1d3c0a01
50d74685-9143-4ed5-bb12-0bb7f0aa5509,4d88bca8-6123-462a-87e6-01cd1e7451e7,e2acf72f-9e57-4f7a-a0ee-89aed453dd32,3b0b0e6c-5a36-4b8e-8c1e-0d7c5e2f9a11,15.0,620100000.0,9301500000.0,135929000.0,9165571000.0,529672000.0,1,7f5b6f7e-1c2d-4a4e-9a51-3a3f1d3c0a01
049c0ce5-774a-411d-8602-7367f50217e7,76014369-a6f2-4f17-8825-b360a5982507,e2acf72f-9e57-4f7a-a0ee-89aed453dd32,3b0b0e6c-5a36-4b8e-8c1e-0d7c5e2f9a11,30.0,688900000.0,20667000000.0,349010000.0,20317990000.0,564099000.0,1,7f5b6f7e-1c2d-4a4e-9a51-3a3f1d3c0a01
08d5e74f-aa6c-41f8-8691-dd9b5bcaeb47,35fa4a4a-4575-4987-8f87-91c0e5d3f8bc,1a2a73ed-562b-4f79-8374-59eef50bea63,3b0b0e6c-5a36-4b8e-8c1e-0d7c5e2f9a11,90.0,336800000.0,30312000000.0,766515000.0,29545485000.0,311540000.0,1,7f5b6f7e-1c2d-4a4e-9a51-3a3f1d3c0a01
ec589e39-d2a4-4188-ae00-8f9638e5a380,fc4b1044-ecdb-421c-95d3-5d447b830c99,a9488d99-0bbb-4599-91ce-5dd2b45ed1f0,3b0b0e6c-5a36-4b8e-8c1e-0d7c5e2f9a11,41.0,356000000.0,14596000000.0,284907000.0,14311093000.0,318620000.0,1,7f5b6f7e-1c2d-4a4e-9a51-3a3f1d3c0a01
25bf5f31-d991-44bb-81de-ecf2a295cd8f,fc4b1044-ecdb-421c-95d3-5d447b830c99,fc377a4c-4a15-444d-85e7-ce8a3a578a8e,3b0b0e6c-5a36-4b8e-8c1e-0d7c5e2f9a11,14.5,365900000.0,5305550000.0,103562000.0,5201988000.0,327480000.0,2,7f5b6f7e-1c2d-4a4e-9a51-3a3f1d3c0a01
10d32932-5987-4d79-8120-ae9cc7231155,fc4b1044-ecdb-421c-95d3-5d447b830c99,3139d32c-93cd-49bf-9c94-1cf0dc98d2c1,3b0b0e6c-5a36-4b8e-8c1e-0d7c5e2f9a11,24.5,351700000.0,8616650000.0,168193000.0,8448457000.0,314772000.0,3,7f5b6f7e-1c2d-4a4e-9a51-3a3f1d3c0a01
e27eadfd-d480-40f2-8aa6-47052a26c721,8fb1ac58-ff39-4008-8410-bc565fdde0de,1a2a73ed-562b-4f79-8374-59eef50bea63,3b0b0e6c-5a36-4b8e-8c1e-0d7c5e2f9a11,42.0,350100000.0,14704200000.0,248381000.0,14455819000.0,311540000.0,1,7f5b6f7e-1c2d-4a4e-9a51-3a3f1d3c0a01
ccf18098-a6f2-4919-9b70-be989070e50e,8fb1ac58-ff39-4008-8410-bc565fdde0de,5be6128e-18c2-4797-a142-ea7d17be3111,3b0b0e6c-5a36-4b8e-8c1e-0d7c5e2f9a11,13.0,342400000.0,4451200000.0,75189000.0,4376011000.0,311910000.0,2,7f5b6f7e-1c2d-4a4e-9a51-3a3f1d3c0a01
3ab819ad-2880-416c-85ae-2304b502fbeb,e679a6f8-6c5f-4eae-9be0-9fbf89257f56,b74d0fb1-32e7-4629-8fad-c1a606cb0fb3,3b0b0e6c-5a36-4b8e-8c1e-0d7c5e2f9a11,71.0,344200000.0,24438200000.0,632317000.0,23805883000.0,315675000.0,1,7f5b6f7e-1c2d-4a4e-9a51-3a3f1d3c0a01
750c7ed1-caa4-45a9-afed-453505ec23cd,e679a6f8-6c5f-4eae-9be0-9fbf89257f56,47378190-96da-4dac-b2ff-5d2a386ecbe0,3b0b0e6c-5a36-4b8e-8c1e-0d7c5e2f9a11,253.0,339400000.0,85868200000.0,2221763000.0,83646437000.0,310826000.0,2,7f5b6f7e-1c2d-4a4e-9a51-3a3f1d3c0a01
165d5017-e004-4259-8733-25eafef2de2b,e679a6f8-6c5f-4eae-9be0-9fbf89257f56,6b65a6a4-8b81-48f6-b38a-088ca65ed389,3b0b0e6c-5a36-4b8e-8c1e-0d7c5e2f9a11,106.0,331500000.0,35139000000.0,909190000.0,34229810000.0,311649000.0,3,7f5b6f7e-1c2d-4a4e-9a51-3a3f1d3c0a01
56374cad-f210-414d-8191-2a8c8aa344f2,1ac31adf-fcdf-48d8-bf48-1fe1e2352277,23b8c1e9-3924-46de-beb1-3b9046685257,3b0b0e6c-5a36-4b8e-8c1e-0d7c5e2f9a11,74.5,282200000.0,21023900000.0,428771000.0,20595129000.0,263577000.0,1,7f5b6f7e-1c2d-4a4e-9a51-3a3f1d3c0a01
629d71e7-165d-47b2-ad26-1642fc6731cd,1ac31adf-fcdf-48d8-bf48-1fe1e2352277,bdd640fb-0667-4ad1-9c80-317fa3b1799d,3b0b0e6c-5a36-4b8e-8c1e-0d7c5e2f9a11,170.5,295100000.0,50314550000.0,1026138000.0,49288412000.0,271618000.0,2,7f5b6f7e-1c2d-4a4e-9a51-3a3f1d3c0a01
8f7358c5-8bbd-4421-962c-395413128bda,76a5cea9-2f46-41f3-a69e-e577a8a9bf90,23b8c1e9-3924-46de-beb1-3b9046685257,3b0b0e6c-5a36-4b8e-8c1e-0d7c5e2f9a11,60.0,340300000.0,20418000000.0,531370000.0,19886630000.0,318554000.0,1,7f5b6f7e-1c2d-4a4e-9a51-3a3f1d3c0a01
05149f56-e4b9-4730-88ee-d5393f47776e,f4fdae73-0cbc-4731-ad8b-f3d225b774bd,3139d32c-93cd-49bf-9c94-1cf0dc98d2c1,3b0b0e6c-5a36-4b8e-8c1e-0d7c5e2f9a11,150.0,463500000.0,69525000000.0,1228873000.0,68296127000.0,410894000.0,1,7f5b6f7e-1c2d-4a4e-9a51-3a3f1d3c0a01
e0def65e-c42f-4092-b0fd-9459c6ef9191,94a13533-04a2-47e3-8ef0-72609400f5cd,972a8469-1641-4f82-8b9d-2434e465e150,3b0b0e6c-5a36-4b8e-8c1e-0d7c5e2f9a11,40.0,346900000.0,13876000000.0,346044000.0,13529956000.0,309952000.0,1,7f5b6f7e-1c2d-4a4e-9a51-3a3f1d3c0a01
c64b81f5-69c6-4253-b93a-a182bbc6f534,94a13533-04a2-47e3-8ef0-72609400f5cd,23b8c1e9-3924-46de-beb1-3b9046685257,3b0b0e6c-5a36-4b8e-8c1e-0d7c5e2f9a11,55.0,350400000.0,19272000000.0,480611000.0,18791389000.0,325380000.0,2,7f5b6f7e-1c2d-4a4e-9a51-3a3f1d3c0a01
6c85fc89-d586-4778-98e1-0255ecd1da0e,0cc6234e-e670-4c43-9a2f-fbe3029cddf5,a9488d99-0bbb-4599-91ce-5dd2b45ed1f0,3b0b0e6c-5a36-4b8e-8c1e-0d7c5e2f9a11,130.0,479600000.0,62348000000.0,1582117000.0,60765883000.0,410000000.0,1,7f5b6f7e-1c2d-4a4e-9a51-3a3f1d3c0a01
798043ec-8be2-42ca-a55d-b062336dd5ae,2df49e3a-1107-4ccd-93da-23268fbe7497,fc377a4c-4a15-444d-85e7-ce8a3a578a8e,3b0b0e6c-5a36-4b8e-8c1e-0d7c5e2f9a11,270.0,488800000.0,131976000000.0,3642941000.0,128333059000.0,426915000.0,1,7f5b6f7e-1c2d-4a4e-9a51-3a3f1d3c0a01
88150afe-18d1-4790-b8fa-cea66281a8a1,ef9e1d73-af6e-4138-8aa4-3a856eb3162d,9a1de644-815e-46d1-bb8f-aa1837f8a88b,3b0b0e6c-5a36-4b8e-8c1e-0d7c5e2f9a11,50.0,260200000.0,13010000000.0,702730000.0,12307270000.0,238144000.0,1,7f5b6f7e-1c2d-4a4e-9a51-3a3f1d3c0a01
757a3e24-dc51-4db5-9f17-84cec2954026,fcb3120b-88bb-47b6-ac6b-56a2b1393d2e,972a8469-1641-4f82-8b9d-2434e465e150,3b0b0e6c-5a36-4b8e-8c1e-0d7c5e2f9a11,60.0,279300000.0,16758000000.0,901530000.0,15856470000.0,257686000.0,1,7f5b6f7e-1c2d-4a4e-9a51-3a3f1d3c0a01
e13f8d50-890d-425c-9ac6-65d6b82459e9,fa522673-d110-427a-a8e9-d004dd1b4cec,9a1de644-815e-46d1-bb8f-aa1837f8a88b,3b0b0e6c-5a36-4b8e-8c1e-0d7c5e2f9a11,16.0,325700000.0,5211200000.0,296420000.0,4914780000.0,302753000.0,1,7f5b6f7e-1c2d-4a4e-9a51-3a3f1d3c0a01
458a1da8-338c-4ac4-8452-cd8186b3f0d8,fa522673-d110-427a-a8e9-d004dd1b4cec,17fc695a-07a0-4a6e-8822-e8f36c031199,3b0b0e6c-5a36-4b8e-8c1e-0d7c5e2f9a11,29.0,334200000.0,9691800000.0,551283000.0,9140517000.0,309111000.0,2,7f5b6f7e-1c2d-4a4e-9a51-3a3f1d3c0a01
051acc41-60dd-4bdf-bd07-0fe4cf976311,fa4296dc-0fbc-4b95-a008-c675920cb8f4,9a1de644-815e-46d1-bb8f-aa1837f8a88b,3b0b0e6c-5a36-4b8e-8c1e-0d7c5e2f9a11,86.0,255100000.0,21938600000.0,492075000.0,21446525000.0,234030000.0,1,7f5b6f7e-1c2d-4a4e-9a51-3a3f1d3c0a01
d0ec3b7d-ce17-41e2-bfc5-8f451dc52704,fa4296dc-0fbc-4b95-a008-c675920cb8f4,23b8c1e9-3924-46de-beb1-3b9046685257,3b0b0e6c-5a36-4b8e-8c1e-0d7c5e2f9a11,14.0,268300000.0,3756200000.0,84250000.0,3671950000.0,245064000.0,2,7f5b6f7e-1c2d-4a4e-9a51-3a3f1d3c0a01
25f38f87-e86f-4e72-a0e3-0dd97ac0247a,7eaa4fa1-3894-41d7-a760-6d82fab11934,3139d32c-93cd-49bf-9c94-1cf0dc98d2c1,3b0b0e6c-5a36-4b8e-8c1e-0d7c5e2f9a11,50.0,373400000.0,18670000000.0,296277000.0,18373723000.0,329628000.0,1,7f5b6f7e-1c2d-4a4e-9a51-3a3f1d3c0a01
53e28759-cb83-4c3b-bd85-6bfa820cdc4a,fde6b582-dfb5-4fd6-a0f6-d21f2058a245,23b8c1e9-3924-46de-beb1-3b9046685257,3b0b0e6c-5a36-4b8e-8c1e-0d7c5e2f9a11,25.0,273200000.0,6830000000.0,95410000.0,6734590000.0,252918000.0,1,7f5b6f7e-1c2d-4a4e-9a51-3a3f1d3c0a01
c8fb7e11-5242-4553-a5ba-e241f97717b9,fde6b582-dfb5-4fd6-a0f6-d21f2058a245,9a1de644-815e-46d1-bb8f-aa1837f8a88b,3b0b0e6c-5a36-4b8e-8c1e-0d7c5e2f9a11,80.0,260200000.0,20816000000.0,290783000.0,20525217000.0,238144000.0,2,7f5b6f7e-1c2d-4a4e-9a51-3a3f1d3c0a01
d71db33d-a094-482b-b2f0-06501702c6c7,10b44479-a8d1-445a-9ac1-e24f2937b340,9a1de644-815e-46d1-bb8f-aa1837f8a88b,3b0b0e6c-5a36-4b8e-8c1e-0d7c5e2f9a11,17.0,326400000.0,5548800000.0,138213000.0,5410587000.0,304530000.0,1,7f5b6f7e-1c2d-4a4e-9a51-3a3f1d3c0a01
eda3a466-02f1-4d87-9a13-74f2fd21c6d3,10b44479-a8d1-445a-9ac1-e24f2937b340,bdd640fb-0667-4ad1-9c80-317fa3b1799d,3b0b0e6c-5a36-4b8e-8c1e-0d7c5e2f9a11,28.0,355000000.0,9940000000.0,247591000.0,9692409000.0,325567000.0,2,7f5b6f7e-1c2d-4a4e-9a51-3a3f1d3c0a01
d53875da-d773-4d41-88a3-d90afa55889e,ff28b38c-ce53-4151-8c9d-812bc716aa9f,9a1de644-815e-46d1-bb8f-aa1837f8a88b,3b0b0e6c-5a36-4b8e-8c1e-0d7c5e2f9a11,45.5,404900000.0,18422950000.0,196915000.0,18226035000.0,371756000.0,1,7f5b6f7e-1c2d-4a4e-9a51-3a3f1d3c0a01
82ec7882-b421-4ee5-abb0-336c70cf950f,ff28b38c-ce53-4151-8c9d-812bc716aa9f,972a8469-1641-4f82-8b9d-2434e465e150,3b0b0e6c-5a36-4b8e-8c1e-0d7c5e2f9a11,10.5,412300000.0,4329150000.0,46272000.0,4282878000.0,384472000.0,2,7f5b6f7e-1c2d-4a4e-9a51-3a3f1d3c0a01
5ab27a7a-01d6-4976-8f58-c44d0af6e283,ff28b38c-ce53-4151-8c9d-812bc716aa9f,23b8c1e9-3924-46de-beb1-3b9046685257,3b0b0e6c-5a36-4b8e-8c1e-0d7c5e2f9a11,13.5,423800000.0,5721300000.0,61153000.0,5660147000.0,392794000.0,3,7f5b6f7e-1c2d-4a4e-9a51-3a3f1d3c0a01
015c3734-3d3a-4072-ae89-6ec9386d34c6,ca654ee3-8977-40a3-b746-e90b5c99da8e,43b7a3a6-9a8d-4a03-980d-7b71d8f56413,3b0b0e6c-5a36-4b8e-8c1e-0d7c5e2f9a11,9.5,543400000.0,5162300000.0,79938000.0,5082362000.0,485070000.0,1,7f5b6f7e-1c2d-4a4e-9a51-3a3f1d3c0a01
96c2399a-3cb0-4aac-adca-8a195ddec3f8,ca654ee3-8977-40a3-b746-e90b5c99da8e,5be6128e-18c2-4797-a142-ea7d17be3111,3b0b0e6c-5a36-4b8e-8c1e-0d7c5e2f9a11,15.5,519900000.0,8058450000.0,124785000.0,7933665000.0,463795000.0,2,7f5b6f7e-1c2d-4a4e-9a51-3a3f1d3c0a01
4fa0ee60-957a-4c41-a925-99c2f7b1611d,d4d3a4f2-d17d-4694-bcbd-16afb5ced67c,6c307511-b2b9-437a-a8df-6ec4ce4a2bbd,3b0b0e6c-5a36-4b8e-8c1e-0d7c5e2f9a11,80.0,475700000.0,38056000000.0,492053000.0,37563947000.0,437096000.0,1,7f5b6f7e-1c2d-4a4e-9a51-3a3f1d3c0a01
661fd98a-cffc-4012-bf6a-78bcf2a5d823,ce13cd56-3e16-4d57-bf3b-e8c3299420aa,17fc695a-07a0-4a6e-8822-e8f36c031199,3b0b0e6c-5a36-4b8e-8c1e-0d7c5e2f9a11,100.0,423300000.0,42330000000.0,737084000.0,41592916000.0,392606000.0,1,7f5b6f7e-1c2d-4a4e-9a51-3a3f1d3c0a01
c0f2ea08-1617-49c6-a548-c0b45d273777,033865b6-ad1c-401b-a1d4-d265d5414d2f,972a8469-1641-4f82-8b9d-2434e465e150,3b0b0e6c-5a36-4b8e-8c1e-0d7c5e2f9a11,2.5,273400000.0,683500000.0,24996000.0,658504000.0,260398000.0,1,7f5b6f7e-1c2d-4a4e-9a51-3a3f1d3c0a01
9afbfdc5-d8ab-43e4-868d-a279b5ad77e7,033865b6-ad1c-401b-a1d4-d265d5414d2f,bdd640fb-0667-4ad1-9c80-317fa3b1799d,3b0b0e6c-5a36-4b8e-8c1e-0d7c5e2f9a11,10.5,290500000.0,3050250000.0,111551000.0,2938699000.0,273020000.0,2,7f5b6f7e-1c2d-4a4e-9a51-3a3f1d3c0a01
21332667-2bd2-43a8-ae49-58fe9acc205a,033865b6-ad1c-401b-a1d4-d265d5414d2f,17fc695a-07a0-4a6e-8822-e8f36c031199,3b0b0e6c-5a36-4b8e-8c1e-0d7c5e2f9a11,1.5,274400000.0,411600000.0,15053000.0,396547000.0,258621000.0,3,7f5b6f7e-1c2d-4a4e-9a51-3a3f1d3c0a01
ea3f40e7-cc59-4f6e-ab70-b7e919b691c9,23d46931-02a7-416e-a17b-cef9217ee696,1a2a73ed-562b-4f79-8374-59eef50bea63,3b0b0e6c-5a36-4b8e-8c1e-0d7c5e2f9a11,15.0,454200000.0,6813000000.0,254444000.0,6558556000.0,426795000.0,1,7f5b6f7e-1c2d-4a4e-9a51-3a3f1d3c0a01
928c08d0-92a6-421c-a84d-53582d1258a4,23d46931-02a7-416e-a17b-cef9217ee696,5be6128e-18c2-4797-a142-ea7d17be3111,3b0b0e6c-5a36-4b8e-8c1e-0d7c5e2f9a11,7.0,459700000.0,3217900000.0,120178000.0,3097722000.0,416620000.0,2,7f5b6f7e-1c2d-4a4e-9a51-3a3f1d3c0a01
7ad63ff7-cc80-47bc-8ea7-a9eeada31c58,23d46931-02a7-416e-a17b-cef9217ee696,43b7a3a6-9a8d-4a03-980d-7b71d8f56413,3b0b0e6c-5a36-4b8e-8c1e-0d7c5e2f9a11,3.0,465100000.0,1395300000.0,52110000.0,1343190000.0,430032000.0,3,7f5b6f7e-1c2d-4a4e-9a51-3a3f1d3c0a01
d2d23bcf-2239-4d68-809c-8869a32c9011,563ef00e-ca34-4cae-98ed-0811e21d155c,1a2a73ed-562b-4f79-8374-59eef50bea63,3b0b0e6c-5a36-4b8e-8c1e-0d7c5e2f9a11,5.0,544800000.0,2724000000.0,58525000.0,2665475000.0,490620000.0,1,7f5b6f7e-1c2d-4a4e-9a51-3a3f1d3c0a01
825beb4c-3a51-4135-ab14-88393fab73b7,563ef00e-ca34-4cae-98ed-0811e21d155c,43b7a3a6-9a8d-4a03-980d-7b71d8f56413,3b0b0e6c-5a36-4b8e-8c1e-0d7c5e2f9a11,15.0,553900000.0,8308500000.0,178509000.0,8129991000.0,502645000.0,2,7f5b6f7e-1c2d-4a4e-9a51-3a3f1d3c0a01
9318cd3d-3163-49c2-8c30-4a146773f50f,b8e947ad-2daf-43c4-9a01-8171d92f0dba,9a1de644-815e-46d1-bb8f-aa1837f8a88b,3b0b0e6c-5a36-4b8e-8c1e-0d7c5e2f9a11,65.5,254700000.0,16682850000.0,400978000.0,16281872000.0,238518000.0,1,7f5b6f7e-1c2d-4a4e-9a51-3a3f1d3c0a01
5fb0fc72-328e-469b-b12f-a07287505283,b8e947ad-2daf-43c4-9a01-8171d92f0dba,bdd640fb-0667-4ad1-9c80-317fa3b1799d,3b0b0e6c-5a36-4b8e-8c1e-0d7c5e2f9a11,24.5,276500000.0,6774250000.0,162822000.0,6611428000.0,255255000.0,2,7f5b6f7e-1c2d-4a4e-9a51-3a3f1d3c0a01
10f21468-be47-46e4-a16b-560d10b72593,4d4ebb97-38b3-4007-a654-6d299d99868d,972a8469-1641-4f82-8b9d-2434e465e150,3b0b0e6c-5a36-4b8e-8c1e-0d7c5e2f9a11,45.0,275600000.0,12402000000.0,269531000.0,12132469000.0,255629000.0,1,7f5b6f7e-1c2d-4a4e-9a51-3a3f1d3c0a01
fdd640aa-c5f9-4394-9bc3-e9ee4a530a7c,a5ebafd8-dabe-4121-a7ad-16cef1bac56e,17fc695a-07a0-4a6e-8822-e8f36c031199,3b0b0e6c-5a36-4b8e-8c1e-0d7c5e2f9a11,45.0,330600000.0,14877000000.0,272468000.0,14604532000.0,261332000.0,1,7f5b6f7e-1c2d-4a4e-9a51-3a3f1d3c0a01
b8757188-395e-4710-a6ba-4a3bc9b77670,3ccf1c58-34c7-491a-95ea-9721b5bcf1a0,c241330b-01a9-471f-9e8a-774bcf36d58b,3b0b0e6c-5a36-4b8e-8c1e-0d7c5e2f9a11,30.0,436700000.0,13101000000.0,313395000.0,12787605000.0,400496000.0,1,7f5b6f7e-1c2d-4a4e-9a51-3a3f1d3c0a01
1cf0684f-8332-4404-a0f0-28b9cb564352,46c170a2-f403-45e7-ad6a-10ef1138cec7,b74d0fb1-32e7-4629-8fad-c1a606cb0fb3,3b0b0e6c-5a36-4b8e-8c1e-0d7c5e2f9a11,110.0,417600000.0,45936000000.0,726948000.0,45209052000.0,399306000.0,1,7f5b6f7e-1c2d-4a4e-9a51-3a3f1d3c0a01
09d89d64-8d62-45af-8c2b-970cfa502e76,107f2ed0-eea6-4f09-98fd-58e0c79f3314,9a1de644-815e-46d1-bb8f-aa1837f8a88b,3b0b0e6c-5a36-4b8e-8c1e-0d7c5e2f9a11,108.0,358900000.0,38761200000.0,1272780000.0,37488420000.0,323416000.0,1,7f5b6f7e-1c2d-4a4e-9a51-3a3f1d3c0a01
235d3701-ed52-4d61-be71-a418de7edaae,107f2ed0-eea6-4f09-98fd-58e0c79f3314,bdd640fb-0667-4ad1-9c80-317fa3b1799d,3b0b0e6c-5a36-4b8e-8c1e-0d7c5e2f9a11,32.0,383500000.0,12272000000.0,402969000.0,11869031000.0,351280000.0,2,7f5b6f7e-1c2d-4a4e-9a51-3a3f1d3c0a01
2c55d725-8487-4fe6-b5eb-0a0173a69323,e5de316f-ec2f-47b2-bc94-4d7824d88902,17fc695a-07a0-4a6e-8822-e8f36c031199,3b0b0e6c-5a36-4b8e-8c1e-0d7c5e2f9a11,3.0,257700000.0,773100000.0,19483000.0,753617000.0,240950000.0,1,7f5b6f7e-1c2d-4a4e-9a51-3a3f1d3c0a01
b46f6f85-250f-43ef-80e4-5ad8e2489870,e5de316f-ec2f-47b2-bc94-4d7824d88902,972a8469-1641-4f82-8b9d-2434e465e150,3b0b0e6c-5a36-4b8e-8c1e-0d7c5e2f9a11,9.5,253200000.0,2405400000.0,60619000.0,2344781000.0,236742000.0,2,7f5b6f7e-1c2d-4a4e-9a51-3a3f1d3c0a01
41d62050-d8d7-43c4-a669-9c4cd8597f2a,e5de316f-ec2f-47b2-bc94-4d7824d88902,23b8c1e9-3924-46de-beb1-3b9046685257,3b0b0e6c-5a36-4b8e-8c1e-0d7c5e2f9a11,7.5,262100000.00000003,1965750000.0000002,49539000.0,1916211000.0000002,245064000.0,3,7f5b6f7e-1c2d-4a4e-9a51-3a3f1d3c0a01
3425d238-2faf-4450-a052-f3b901943b1b,03f09da7-0f75-4427-a6af-d86502435fbc,972a8469-1641-4f82-8b9d-2434e465e150,3b0b0e6c-5a36-4b8e-8c1e-0d7c5e2f9a11,50.0,264700000.0,13235000000.0,392141000.0,12842859000.0,242820000.0,1,7f5b6f7e-1c2d-4a4e-9a51-3a3f1d3c0a01
3c1cfd32-e50b-464a-8b1e-d2363dc84ba6,3a34cfbe-c841-47dc-8432-b689b733b7e0,c241330b-01a9-471f-9e8a-774bcf36d58b,3b0b0e6c-5a36-4b8e-8c1e-0d7c5e2f9a11,52.0,436700000.0,22708400000.0,667371000.0,22041029000.0,400496000.0,1,7f5b6f7e-1c2d-4a4e-9a51-3a3f1d3c0a01
036fb2d6-9910-4fd2-bbd5-b2ca3a2d489b,3a34cfbe-c841-47dc-8432-b689b733b7e0,6b65a6a4-8b81-48f6-b38a-088ca65ed389,3b0b0e6c-5a36-4b8e-8c1e-0d7c5e2f9a11,3.0,410100000.0,1230300000.0,36157000.0,1194143000.0,370758000.0,2,7f5b6f7e-1c2d-4a4e-9a51-3a3f1d3c0a01
155a7bee-a06a-4b7a-99de-3bfd1b9cf125,5ab4d6f2-cb62-4998-abb3-aa95a810c4a2,3139d32c-93cd-49bf-9c94-1cf0dc98d2c1,3b0b0e6c-5a36-4b8e-8c1e-0d7c5e2f9a11,11.0,497500000.0,5472500000.0,165527000.0,5306973000.0,443472000.0,1,7f5b6f7e-1c2d-4a4e-9a51-3a3f1d3c0a01
1bb13c2a-1381-40e7-bc8a-8b8ba23e2ec7,5ab4d6f2-cb62-4998-abb3-aa95a810c4a2,fc377a4c-4a15-444d-85e7-ce8a3a578a8e,3b0b0e6c-5a36-4b8e-8c1e-0d7c5e2f9a11,54.0,510300000.0,27556200000.0,833494000.0,26722706000.0,453765000.0,2,7f5b6f7e-1c2d-4a4e-9a51-3a3f1d3c0a01
37f10202-cdef-4081-9877-52996004dc19,95152aea-202a-478c-b249-85f6aa4d55e6,47378190-96da-4dac-b2ff-5d2a386ecbe0,3b0b0e6c-5a36-4b8e-8c1e-0d7c5e2f9a11,4.0,337300000.0,1349200000.0,34305000.0,1314895000.0,302042000.0,1,7f5b6f7e-1c2d-4a4e-9a51-3a3f1d3c0a01
2c68c01b-7306-4c3d-8b4b-71afd177a6ec,95152aea-202a-478c-b249-85f6aa4d55e6,6c307511-b2b9-437a-a8df-6ec4ce4a2bbd,3b0b0e6c-5a36-4b8e-8c1e-0d7c5e2f9a11,25.5,318900000.0,8131950000.0,206763000.0,7925187000.0,284931000.0,2,7f5b6f7e-1c2d-4a4e-9a51-3a3f1d3c0a01
555c56b4-fb4f-405a-973a-346817e3add9,95152aea-202a-478c-b249-85f6aa4d55e6,b74d0fb1-32e7-4629-8fad-c1a606cb0fb3,3b0b0e6c-5a36-4b8e-8c1e-0d7c5e2f9a11,15.5,335900000.0,5206450000.0,132379000.0,5074071000.0,302682000.0,3,7f5b6f7e-1c2d-4a4e-9a51-3a3f1d3c0a01
f65e4261-0abc-4f1a-aeb8-bd84d2dd4865,0eab3b99-0209-4b2f-9b44-ec5478121415,5be6128e-18c2-4797-a142-ea7d17be3111,3b0b0e6c-5a36-4b8e-8c1e-0d7c5e2f9a11,27.0,342400000.0,9244800000.0,193364000.0,9051436000.0,311910000.0,1,7f5b6f7e-1c2d-4a4e-9a51-3a3f1d3c0a01
c0d755d6-971d-44db-9323-b2517d4ffcba,0eab3b99-0209-4b2f-9b44-ec5478121415,1a2a73ed-562b-4f79-8374-59eef50bea63,3b0b0e6c-5a36-4b8e-8c1e-0d7c5e2f9a11,8.0,350100000.0,2800800000.0,58581000.0,2742219000.0,311540000.0,2,7f5b6f7e-1c2d-4a4e-9a51-3a3f1d3c0a01
e974e1ff-cfea-4993-bf95-84e17cb45126,43e71949-86f6-445f-a2e5-a9b94ec59497,b74d0fb1-32e7-4629-8fad-c1a606cb0fb3,3b0b0e6c-5a36-4b8e-8c1e-0d7c5e2f9a11,68.0,347900000.0,23657200000.0,775450000.0,22881750000.0,314943000.0,1,7f5b6f7e-1c2d-4a4e-9a51-3a3f1d3c0a01
7f265eed-3f63-4e00-844f-440eeaa44ee2,43e71949-86f6-445f-a2e5-a9b94ec59497,371ecd7b-27cd-4130-8722-9389571aa876,3b0b0e6c-5a36-4b8e-8c1e-0d7c5e2f9a11,47.0,331700000.0,15589900000.0,511015000.0,15078885000.0,305244000.0,2,7f5b6f7e-1c2d-4a4e-9a51-3a3f1d3c0a01
8058b999-4f01-4816-b912-fec93abe9a66,bed01fdb-0d3a-481f-a689-3217b44dd7b5,371ecd7b-27cd-4130-8722-9389571aa876,3b0b0e6c-5a36-4b8e-8c1e-0d7c5e2f9a11,130.0,422800000.0,54964000000.0,1543679000.0,53420321000.0,377804000.0,1,7f5b6f7e-1c2d-4a4e-9a51-3a3f1d3c0a01
76552c72-acd6-4eea-8347-35d5413c4d71,8f6256c0-05b8-4545-91ef-ce2c3faacbdd,972a8469-1641-4f82-8b9d-2434e465e150,3b0b0e6c-5a36-4b8e-8c1e-0d7c5e2f9a11,7.0,332400000.0,2326800000.0,48524000.0,2278276000.0,313225000.0,1,7f5b6f7e-1c2d-4a4e-9a51-3a3f1d3c0a01
93ae976e-025d-42fe-b3af-9ccaf2128e40,8f6256c0-05b8-4545-91ef-ce2c3faacbdd,23b8c1e9-3924-46de-beb1-3b9046685257,3b0b0e6c-5a36-4b8e-8c1e-0d7c5e2f9a11,7.5,343600000.0,2577000000.0,53742000.0,2523258000.0,320424000.0,2,7f5b6f7e-1c2d-4a4e-9a51-3a3f1d3c0a01
c59143f8-23bf-4e5e-9f3b-399a4d6b3f14,8f6256c0-05b8-4545-91ef-ce2c3faacbdd,bd9c66b3-ad3c-4d6d-9a3d-1fa7bc8960a9,3b0b0e6c-5a36-4b8e-8c1e-0d7c5e2f9a11,10.5,338000000.0,3549000000.0,74013000.0,3474987000.0,315188000.0,3,7f5b6f7e-1c2d-4a4e-9a51-3a3f1d3c0a01
63999898-8f8e-45de-b871-d97e2a6c4063,957c2f99-b096-42fd-bf4a-80cd2af2105c,1a2a73ed-562b-4f79-8374-59eef50bea63,3b0b0e6c-5a36-4b8e-8c1e-0d7c5e2f9a11,35.0,452700000.0,15844500000.0,413049000.0,15431451000.0,403208000.0,1,7f5b6f7e-1c2d-4a4e-9a51-3a3f1d3c0a01
b4a582a9-fc73-4780-97c3-78b1cf964b60,4a275c17-3396-4c4f-817b-15dd4bb856ef,fc377a4c-4a15-444d-85e7-ce8a3a578a8e,3b0b0e6c-5a36-4b8e-8c1e-0d7c5e2f9a11,7.0,478600000.0,3350200000.0,53140000.0,3297060000.0,441414000.0,1,7f5b6f7e-1c2d-4a4e-9a51-3a3f1d3c0a01
69400eae-a261-4c01-9636-107599338efa,4a275c17-3396-4c4f-817b-15dd4bb856ef,3139d32c-93cd-49bf-9c94-1cf0dc98d2c1,3b0b0e6c-5a36-4b8e-8c1e-0d7c5e2f9a11,8.0,465700000.0,3725600000.0,59095000.0,3666505000.0,426557000.0,2,7f5b6f7e-1c2d-4a4e-9a51-3a3f1d3c0a01
dd4d902f-01e6-4019-9e09-6321cc9a6a2e,40570d7c-9b46-4fe1-8782-15a6c74da8af,4b0dbb41-8d52-48f1-942c-3fe860e7a113,3b0b0e6c-5a36-4b8e-8c1e-0d7c5e2f9a11,5.0,730900000.0,3654500000.0,49620000.0,3604880000.0,633040000.0,1,7f5b6f7e-1c2d-4a4e-9a51-3a3f1d3c0a01
76493fab-0da3-4845-a0c3-619a7077f2de,abf54707-c8ea-4651-82ae-eaac70d74a3b,b74d0fb1-32e7-4629-8fad-c1a606cb0fb3,3b0b0e6c-5a36-4b8e-8c1e-0d7c5e2f9a11,0.5,351600000.0,175800000.0,4173000.0,171627000.0,318328000.0,1,7f5b6f7e-1c2d-4a4e-9a51-3a3f1d3c0a01
686af015-9285-49bb-836c-388c8c3196b3,abf54707-c8ea-4651-82ae-eaac70d74a3b,371ecd7b-27cd-4130-8722-9389571aa876,3b0b0e6c-5a36-4b8e-8c1e-0d7c5e2f9a11,9.5,340200000.0,3231900000.0,76708000.0,3155192000.0,303506000.0,2,7f5b6f7e-1c2d-4a4e-9a51-3a3f1d3c0a01
5fa98436-87a0-40ac-8b31-4ef1cab35400,abf54707-c8ea-4651-82ae-eaac70d74a3b,c241330b-01a9-471f-9e8a-774bcf36d58b,3b0b0e6c-5a36-4b8e-8c1e-0d7c5e2f9a11,5.0,371000000.0,1855000000.0,44028000.0,1810972000.0,333884000.0,3,7f5b6f7e-1c2d-4a4e-9a51-3a3f1d3c0a01
d4b87968-94e6-4d45-ad5c-6fa6664c892e,e602163a-49ef-4146-a68f-7c1acced4c38,6b65a6a4-8b81-48f6-b38a-088ca65ed389,3b0b0e6c-5a36-4b8e-8c1e-0d7c5e2f9a11,65.0,419900000.0,27293500000.0,908613000.0,26384887000.0,374052000.0,1,7f5b6f7e-1c2d-4a4e-9a51-3a3f1d3c0a01
b7c2d328-2ef8-4095-8a88-3632e4021967,8e08c482-f320-42dc-96a9-1a1f9593872a,972a8469-1641-4f82-8b9d-2434e465e150,3b0b0e6c-5a36-4b8e-8c1e-0d7c5e2f9a11,20.0,259700000.0,5194000000.0,121329000.0,5072671000.0,236742000.0,1,7f5b6f7e-1c2d-4a4e-9a51-3a3f1d3c0a01
bee97eb8-c5d1-432a-9ba8-568c8717fae9,61eb52ee-3267-41b2-aebd-231a50c950a3,371ecd7b-27cd-4130-8722-9389571aa876,3b0b0e6c-5a36-4b8e-8c1e-0d7c5e2f9a11,15.0,328300000.0,4924500000.0,95922000.0,4828578000.0,286852000.0,1,7f5b6f7e-1c2d-4a4e-9a51-3a3f1d3c0a01
18502ca5-e163-4583-9da2-b8f141b12c82,61eb52ee-3267-41b2-aebd-231a50c950a3,c241330b-01a9-471f-9e8a-774bcf36d58b,3b0b0e6c-5a36-4b8e-8c1e-0d7c5e2f9a11,5.0,358300000.0,1791500000.0,34896000.0,1756604000.0,315766000.0,2,7f5b6f7e-1c2d-4a4e-9a51-3a3f1d3c0a01
27f594f7-ae04-4237-a642-96bf66c85425,9ee61423-5504-4237-92c8-55254e92f12a,6c307511-b2b9-437a-a8df-6ec4ce4a2bbd,3b0b0e6c-5a36-4b8e-8c1e-0d7c5e2f9a11,13.0,394800000.0,5132400000.0,157484000.0,4974916000.0,303780000.0,1,7f5b6f7e-1c2d-4a4e-9a51-3a3f1d3c0a01
242b9505-3a04-4f28-8a03-93f0c8968c7f,9ee61423-5504-4237-92c8-55254e92f12a,47378190-96da-4dac-b2ff-5d2a386ecbe0,3b0b0e6c-5a36-4b8e-8c1e-0d7c5e2f9a11,22.0,405800000.0,8927600000.0,273937000.0,8653663000.0,316590000.0,2,7f5b6f7e-1c2d-4a4e-9a51-3a3f1d3c0a01
7dd1deb4-9456-40de-9e5c-f8641a44ca3d,b9be6f81-2b42-4175-b57c-f62f5fbf371d,43b7a3a6-9a8d-4a03-980d-7b71d8f56413,3b0b0e6c-5a36-4b8e-8c1e-0d7c5e2f9a11,2.5,442400000.0,1106000000.0,25101000.0,1080899000.0,407185000.0,1,7f5b6f7e-1c2d-4a4e-9a51-3a3f1d3c0a01
c0a4c59f-f423-467d-80c3-bfdf247005b2,b9be6f81-2b42-4175-b57c-f62f5fbf371d,5be6128e-18c2-4797-a142-ea7d17be3111,3b0b0e6c-5a36-4b8e-8c1e-0d7c5e2f9a11,12.5,429200000.0,5365000000.0,121760000.0,5243240000.0,391645000.0,2,7f5b6f7e-1c2d-4a4e-9a51-3a3f1d3c0a01
402d1034-7c97-44e1-8ff6-d7eaff1f5362,e66a222f-46c0-4a32-a3fe-9778b133a649,43b7a3a6-9a8d-4a03-980d-7b71d8f56413,3b0b0e6c-5a36-4b8e-8c1e-0d7c5e2f9a11,4.5,458000000.0,2061000000.0,47896000.0,2013104000.0,409220000.0,1,7f5b6f7e-1c2d-4a4e-9a51-3a3f1d3c0a01
cfbb4786-c9cc-4c97-972b-d59b6bd95842,e66a222f-46c0-4a32-a3fe-9778b133a649,5be6128e-18c2-4797-a142-ea7d17be3111,3b0b0e6c-5a36-4b8e-8c1e-0d7c5e2f9a11,11.5,441400000.0,5076100000.0,117965000.0,4958135000.0,397010000.0,2,7f5b6f7e-1c2d-4a4e-9a51-3a3f1d3c0a01
87ea6901-26d1-49fe-8d56-a5f804d220a8,e66a222f-46c0-4a32-a3fe-9778b133a649,1a2a73ed-562b-4f79-8374-59eef50bea63,3b0b0e6c-5a36-4b8e-8c1e-0d7c5e2f9a11,19.0,445700000.0,8468300000.0,196798000.0,8271502000.0,404872000.0,3,7f5b6f7e-1c2d-4a4e-9a51-3a3f1d3c0a01
c8821312-6fb5-432d-b8bc-dcdb4d584c5b,681db6cd-3d32-4ee5-a5b1-de82bd98d308,c241330b-01a9-471f-9e8a-774bcf36d58b,3b0b0e6c-5a36-4b8e-8c1e-0d7c5e2f9a11,20.0,438400000.0,8768000000.0,280882000.0,8487118000.0,414770000.0,1,7f5b6f7e-1c2d-4a4e-9a51-3a3f1d3c0a01
dd58e147-27b3-4fce-b47d-bfb4d09da718,958de3e1-ca84-4617-b0b4-f1ebab1a9d38,fc377a4c-4a15-444d-85e7-ce8a3a578a8e,3b0b0e6c-5a36-4b8e-8c1e-0d7c5e2f9a11,16.0,478600000.0,7657600000.0,112271000.0,7545329000.0,441414000.0,1,7f5b6f7e-1c2d-4a4e-9a51-3a3f1d3c0a01
208a712f-8916-4f4f-b129-9af3cb3364ad,958de3e1-ca84-4617-b0b4-f1ebab1a9d38,3139d32c-93cd-49bf-9c94-1cf0dc98d2c1,3b0b0e6c-5a36-4b8e-8c1e-0d7c5e2f9a11,39.0,465700000.0,18162300000.0,266285000.0,17896015000.0,426557000.0,2,7f5b6f7e-1c2d-4a4e-9a51-3a3f1d3c0a01
c6324447-678f-4676-b9ee-e1581f6f0c4d,0d6acaa5-800d-46bd-b41b-869565108643,c241330b-01a9-471f-9e8a-774bcf36d58b,3b0b0e6c-5a36-4b8e-8c1e-0d7c5e2f9a11,9.5,439600000.0,4176200000.0,56383000.0,4119817000.0,401136000.0,1,7f5b6f7e-1c2d-4a4e-9a51-3a3f1d3c0a01
bec12dae-41c1-4751-8520-d557d5a0bb99,0d6acaa5-800d-46bd-b41b-869565108643,371ecd7b-27cd-4130-8722-9389571aa876,3b0b0e6c-5a36-4b8e-8c1e-0d7c5e2f9a11,5.5,410400000.0,2257200000.0,30475000.0,2226725000.0,372039000.0,2,7f5b6f7e-1c2d-4a4e-9a51-3a3f1d3c0a01
e8fa68af-619c-4f1c-9740-ed1b4f35f1d5,12f2f2a4-1e48-4b3a-9ea5-d2fd0a207e84,c241330b-01a9-471f-9e8a-774bcf36d58b,3b0b0e6c-5a36-4b8e-8c1e-0d7c5e2f9a11,11.5,450600000.0,5181900000.0,149278000.0,5032622000.0,402234000.0,1,7f5b6f7e-1c2d-4a4e-9a51-3a3f1d3c0a01
831d6cce-77cb-4e02-99bb-8e4a02381d55,12f2f2a4-1e48-4b3a-9ea5-d2fd0a207e84,6b65a6a4-8b81-48f6-b38a-088ca65ed389,3b0b0e6c-5a36-4b8e-8c1e-0d7c5e2f9a11,3.5,419900000.0,1469650000.0,42337000.0,1427313000.0,374052000.0,2,7f5b6f7e-1c2d-4a4e-9a51-3a3f1d3c0a01
6955a291-b340-4d33-b714-30eec1adbdfb,586841f1-449e-4d9b-a2c5-c6bfd9920c0c,6b65a6a4-8b81-48f6-b38a-088ca65ed389,3b0b0e6c-5a36-4b8e-8c1e-0d7c5e2f9a11,40.0,438300000.0,17532000000.0,236041000.0,17295959000.0,393816000.0,1,7f5b6f7e-1c2d-4a4e-9a51-3a3f1d3c0a01
c4b6605f-72c6-4219-aee2-a4775ac5edbd,94947430-5da3-4f0a-9aaa-507f19c9dcd0,47378190-96da-4dac-b2ff-5d2a386ecbe0,3b0b0e6c-5a36-4b8e-8c1e-0d7c5e2f9a11,25.5,518900000.0,13231950000.0,395136000.0,12836814000.0,469395000.0,1,7f5b6f7e-1c2d-4a4e-9a51-3a3f1d3c0a01
72763cdb-e667-4459-b45b-0c0e6ec94d2a,94947430-5da3-4f0a-9aaa-507f19c9dcd0,6c307511-b2b9-437a-a8df-6ec4ce4a2bbd,3b0b0e6c-5a36-4b8e-8c1e-0d7c5e2f9a11,34.5,508000000.0,17526000000.0,523366000.0,17002634000.0,459879000.0,2,7f5b6f7e-1c2d-4a4e-9a51-3a3f1d3c0a01
d412dd4a-2601-4275-be42-0233ef797560,adc535a2-4dd2-4f69-b202-4db3fc86d65e,972a8469-1641-4f82-8b9d-2434e465e150,3b0b0e6c-5a36-4b8e-8c1e-0d7c5e2f9a11,36.0,253200000.0,9115200000.0,77911000.0,9037289000.0,236742000.0,1,7f5b6f7e-1c2d-4a4e-9a51-3a3f1d3c0a01
24d47934-be7c-46dc-a596-e7cc9e18ecaf,adc535a2-4dd2-4f69-b202-4db3fc86d65e,9a1de644-815e-46d1-bb8f-aa1837f8a88b,3b0b0e6c-5a36-4b8e-8c1e-0d7c5e2f9a11,79.0,250300000.0,19773700000.0,169013000.0,19604687000.0,234030000.0,2,7f5b6f7e-1c2d-4a4e-9a51-3a3f1d3c0a01
640d3da6-2251-4e50-ab7a-d6bf93b0ac8c,0280d4fa-234f-4743-aea3-4f9f08a04e96,17fc695a-07a0-4a6e-8822-e8f36c031199,3b0b0e6c-5a36-4b8e-8c1e-0d7c5e2f9a11,25.5,279500000.0,7127250000.0,141777000.0,6985473000.0,258340000.0,1,7f5b6f7e-1c2d-4a4e-9a51-3a3f1d3c0a01
9a456f5e-41bb-491a-8dc3-e3a9f9b3ac62,0280d4fa-234f-4743-aea3-4f9f08a04e96,9a1de644-815e-46d1-bb8f-aa1837f8a88b,3b0b0e6c-5a36-4b8e-8c1e-0d7c5e2f9a11,119.5,276200000.0,33005900000.0,656563000.0,32349337000.0,256658000.0,2,7f5b6f7e-1c2d-4a4e-9a51-3a3f1d3c0a01
99708e28-bc3e-4c2f-8663-60c00eefe207,26b00916-523d-4eb2-a5fd-4746c91bff9e,23b8c1e9-3924-46de-beb1-3b9046685257,3b0b0e6c-5a36-4b8e-8c1e-0d7c5e2f9a11,32.0,340700000.0,10902400000.0,237748000.0,10664652000.0,269841000.0,1,7f5b6f7e-1c2d-4a4e-9a51-3a3f1d3c0a01
d9af670d-d6f8-4822-8235-d229099b42df,26b00916-523d-4eb2-a5fd-4746c91bff9e,9a1de644-815e-46d1-bb8f-aa1837f8a88b,3b0b0e6c-5a36-4b8e-8c1e-0d7c5e2f9a11,33.0,323800000.0,10685400000.0,233015000.0,10452385000.0,258247000.0,2,7f5b6f7e-1c2d-4a4e-9a51-3a3f1d3c0a01
5a165870-6519-446e-a92c-7c7822f14cff,4207fe9b-cbe4-4d21-9e98-4edc5b1a2558,ec1b8ca1-f91e-4d4c-9ff4-9b7889463e85,3b0b0e6c-5a36-4b8e-8c1e-0d7c5e2f9a11,105.0,392200000.0,41181000000.0,477717000.0,40703283000.0,345982000.0,1,7f5b6f7e-1c2d-4a4e-9a51-3a3f1d3c0a01
ac4e7cb1-cd57-4028-a7c7-a05ab514996d,f5cca98e-196e-4340-9931-fc1b606bb4a5,759cde66-bacf-43d0-8b1f-9163ce9ff57f,3b0b0e6c-5a36-4b8e-8c1e-0d7c5e2f9a11,95.0,399900000.0,37990500000.0,839852000.0,37150648000.0,352769000.0,1,7f5b6f7e-1c2d-4a4e-9a51-3a3f1d3c0a01
43d0d85c-7cda-483d-9a76-e5cb64aa41a6,005af162-1c9b-4a67-95c6-d637a0886d9f,e2acf72f-9e57-4f7a-a0ee-89aed453dd32,3b0b0e6c-5a36-4b8e-8c1e-0d7c5e2f9a11,39.0,484400000.0,18891600000.0,195635000.0,18695965000.0,412587000.0,1,7f5b6f7e-1c2d-4a4e-9a51-3a3f1d3c0a01
e23ce2dd-f09e-441d-a8a8-8fe63e624175,005af162-1c9b-4a67-95c6-d637a0886d9f,4b0dbb41-8d52-48f1-942c-3fe860e7a113,3b0b0e6c-5a36-4b8e-8c1e-0d7c5e2f9a11,6.0,502300000.0,3013800000.0,31210000.0,2982590000.0,431438000.0,2,7f5b6f7e-1c2d-4a4e-9a51-3a3f1d3c0a01
9430bb2f-3f99-4b07-a8ca-04f2dbafe6e0,e243bdc3-0a33-4762-b388-b3d7f4ee948c,1a2a73ed-562b-4f79-8374-59eef50bea63,3b0b0e6c-5a36-4b8e-8c1e-0d7c5e2f9a11,60.0,445700000.0,26742000000.0,176087000.0,26565913000.0,404872000.0,1,7f5b6f7e-1c2d-4a4e-9a51-3a3f1d3c0a01
45acecb0-3a68-4cd5-af72-b9cc15a261c5,115dc8c9-bd0e-4105-98c6-de3a46552c4f,ec1b8ca1-f91e-4d4c-9ff4-9b7889463e85,3b0b0e6c-5a36-4b8e-8c1e-0d7c5e2f9a11,19.5,502700000.0,9802650000.0,58359000.0,9744291000.0,470057000.0,1,7f5b6f7e-1c2d-4a4e-9a51-3a3f1d3c0a01
dfce6002-60a7-4e35-b581-ecc5d1f690ac,115dc8c9-bd0e-4105-98c6-de3a46552c4f,759cde66-bacf-43d0-8b1f-9163ce9ff57f,3b0b0e6c-5a36-4b8e-8c1e-0d7c5e2f9a11,30.5,504500000.0,15387250000.0,91607000.0,15295643000.0,475216000.0,2,7f5b6f7e-1c2d-4a4e-9a51-3a3f1d3c0a01
b0255f67-207c-4273-8559-a49eb951e11a,3ca2f5bc-2c6d-49ff-bfbf-f5a8243eaa56,4b0dbb41-8d52-48f1-942c-3fe860e7a113,3b0b0e6c-5a36-4b8e-8c1e-0d7c5e2f9a11,13.0,731400000.0,9508200000.0,183406000.0,9324794000.0,646846000.0,1,7f5b6f7e-1c2d-4a4e-9a51-3a3f1d3c0a01
34bbc333-ffbe-4744-867a-d743bcbc6110,3ca2f5bc-2c6d-49ff-bfbf-f5a8243eaa56,e2acf72f-9e57-4f7a-a0ee-89aed453dd32,3b0b0e6c-5a36-4b8e-8c1e-0d7c5e2f9a11,17.0,720700000.0,12251900000.0,236330000.0,12015570000.0,630828000.0,2,7f5b6f7e-1c2d-4a4e-9a51-3a3f1d3c0a01
07a4def4-4557-4232-94af-25c0776c4f0b,d648762d-71aa-4c35-9c0d-2f2317ad736b,bdd640fb-0667-4ad1-9c80-317fa3b1799d,3b0b0e6c-5a36-4b8e-8c1e-0d7c5e2f9a11,23.0,441800000.0,10161400000.0,270659000.0,9890741000.0,406351000.0,1,7f5b6f7e-1c2d-4a4e-9a51-3a3f1d3c0a01
bb98fc90-9284-4af5-8291-704cffc30cf3,d648762d-71aa-4c35-9c0d-2f2317ad736b,bd9c66b3-ad3c-4d6d-9a3d-1fa7bc8960a9,3b0b0e6c-5a36-4b8e-8c1e-0d7c5e2f9a11,47.0,419600000.0,19721200000.0,525294000.0,19195906000.0,385500000.0,2,7f5b6f7e-1c2d-4a4e-9a51-3a3f1d3c0a01
4cc079cc-7a58-4da1-af75-819778cd3340,dcbd351c-bf9e-40bf-8b9c-a6299999489d,6c307511-b2b9-437a-a8df-6ec4ce4a2bbd,3b0b0e6c-5a36-4b8e-8c1e-0d7c5e2f9a11,95.0,318900000.0,30295500000.0,969132000.0,29326368000.0,284931000.0,1,7f5b6f7e-1c2d-4a4e-9a51-3a3f1d3c0a01
839d5496-dd18-40cc-a862-4cf7c10ede6e,dcbd351c-bf9e-40bf-8b9c-a6299999489d,371ecd7b-27cd-4130-8722-9389571aa876,3b0b0e6c-5a36-4b8e-8c1e-0d7c5e2f9a11,75.5,328300000.0,24786650000.0,792908000.0,23993742000.0,286852000.0,2,7f5b6f7e-1c2d-4a4e-9a51-3a3f1d3c0a01
40ba4488-4424-48f0-9b53-b43e83a3ab7e,dcbd351c-bf9e-40bf-8b9c-a6299999489d,c241330b-01a9-471f-9e8a-774bcf36d58b,3b0b0e6c-5a36-4b8e-8c1e-0d7c5e2f9a11,39.0,358300000.0,13973700000.0,447009000.0,13526691000.0,315766000.0,3,7f5b6f7e-1c2d-4a4e-9a51-3a3f1d3c0a01
0cd1439e-7d9c-498b-9601-1e5a18b8f878,f048fc39-dbca-4cfd-8161-e369ebd44c37,23b8c1e9-3924-46de-beb1-3b9046685257,3b0b0e6c-5a36-4b8e-8c1e-0d7c5e2f9a11,35.0,348000000.0,12180000000.0,312195000.0,11867805000.0,318180000.0,1,7f5b6f7e-1c2d-4a4e-9a51-3a3f1d3c0a01
5a04327b-3f4d-4fb6-9674-1a37d05dc894,12c4bbaf-b623-4984-817b-1369ada63c3c,a9488d99-0bbb-4599-91ce-5dd2b45ed1f0,3b0b0e6c-5a36-4b8e-8c1e-0d7c5e2f9a11,115.0,483900000.0,55648500000.0,663766000.0,54984734000.0,433001000.0,1,7f5b6f7e-1c2d-4a4e-9a51-3a3f1d3c0a01
e1c6279e-cb6f-4014-8c5b-f4d1a3a8a8da,9313b649-f1d7-42e8-96a9-95f10d469137,47378190-96da-4dac-b2ff-5d2a386ecbe0,3b0b0e6c-5a36-4b8e-8c1e-0d7c5e2f9a11,45.0,448500000.0,20182500000.0,383684000.0,19798816000.0,398848000.0,1,7f5b6f7e-1c2d-4a4e-9a51-3a3f1d3c0a01
281b3e6f-741d-4207-b7f5-6e84afab6705,64718b02-7944-4b92-ab2d-747c981163bc,972a8469-1641-4f82-8b9d-2434e465e150,3b0b0e6c-5a36-4b8e-8c1e-0d7c5e2f9a11,25.0,326800000.0,8170000000.0,204053000.0,7965947000.0,261146000.0,1,7f5b6f7e-1c2d-4a4e-9a51-3a3f1d3c0a01
9e13324b-5dfc-40ef-ac3f-7ca1539fbde3,e7b10d06-900b-4257-88fe-9687f94cbf86,17fc695a-07a0-4a6e-8822-e8f36c031199,3b0b0e6c-5a36-4b8e-8c1e-0d7c5e2f9a11,60.0,334200000.0,20052000000.0,135073000.0,19916927000.0,309111000.0,1,7f5b6f7e-1c2d-4a4e-9a51-3a3f1d3c0a01
446387b0-6c20-4c7a-8888-717670715807,d3c46137-c830-405b-8b8c-18f5f26972f4,3139d32c-93cd-49bf-9c94-1cf0dc98d2c1,3b0b0e6c-5a36-4b8e-8c1e-0d7c5e2f9a11,36.5,351700000.0,12837050000.0,218203000.0,12618847000.0,314772000.0,1,7f5b6f7e-1c2d-4a4e-9a51-3a3f1d3c0a01
7ddd1e5b-7482-4835-9bb3-87cc0c45d271,d3c46137-c830-405b-8b8c-18f5f26972f4,fc377a4c-4a15-444d-85e7-ce8a3a578a8e,3b0b0e6c-5a36-4b8e-8c1e-0d7c5e2f9a11,3.5,365900000.0,1280650000.0,21768000.0,1258882000.0,327480000.0,2,7f5b6f7e-1c2d-4a4e-9a51-3a3f1d3c0a01
b10a3f11-75bc-41db-b3a0-02d3cdde1c8e,6ac22763-4ca6-4f44-9fc1-329ad2f22889,a9488d99-0bbb-4599-91ce-5dd2b45ed1f0,3b0b0e6c-5a36-4b8e-8c1e-0d7c5e2f9a11,10.0,356000000.0,3560000000.0,67118000.0,3492882000.0,318620000.0,1,7f5b6f7e-1c2d-4a4e-9a51-3a3f1d3c0a01
359d0ad8-7b7c-4e38-9653-1bedf69415c0,6ac22763-4ca6-4f44-9fc1-329ad2f22889,3139d32c-93cd-49bf-9c94-1cf0dc98d2c1,3b0b0e6c-5a36-4b8e-8c1e-0d7c5e2f9a11,11.0,351700000.0,3868700000.0,72938000.0,3795762000.0,314772000.0,2,7f5b6f7e-1c2d-4a4e-9a51-3a3f1d3c0a01
5c67915c-accb-470c-b437-02109b8efbfc,6ac22763-4ca6-4f44-9fc1-329ad2f22889,fc377a4c-4a15-444d-85e7-ce8a3a578a8e,3b0b0e6c-5a36-4b8e-8c1e-0d7c5e2f9a11,9.0,365900000.0,3293100000.0,62086000.0,3231014000.0,327480000.0,3,7f5b6f7e-1c2d-4a4e-9a51-3a3f1d3c0a01
b69f2d3f-599b-4f92-86d0-a9e5217fbc77,d62b89be-61c7-45f8-8d36-af9f59f9f981,1a2a73ed-562b-4f79-8374-59eef50bea63,3b0b0e6c-5a36-4b8e-8c1e-0d7c5e2f9a11,25.0,357200000.0,8930000000.0,177039000.0,8752961000.0,323842000.0,1,7f5b6f7e-1c2d-4a4e-9a51-3a3f1d3c0a01
4ea3d5fc-57a0-4608-a8a0-d2f2eca5e9d0,f855da68-b9e1-4531-8d9b-dac8aa78eb46,1a2a73ed-562b-4f79-8374-59eef50bea63,3b0b0e6c-5a36-4b8e-8c1e-0d7c5e2f9a11,26.5,363800000.0,9640700000.0,200107000.0,9440593000.0,330318000.0,1,7f5b6f7e-1c2d-4a4e-9a51-3a3f1d3c0a01
69fee67d-a477-413e-8bbb-6388fea21e05,f855da68-b9e1-4531-8d9b-dac8aa78eb46,5be6128e-18c2-4797-a142-ea7d17be3111,3b0b0e6c-5a36-4b8e-8c1e-0d7c5e2f9a11,13.5,353600000.0,4773600000.0,99083000.0,4674517000.0,328468000.0,2,7f5b6f7e-1c2d-4a4e-9a51-3a3f1d3c0a01
804e5c38-89bc-46bf-aadf-d32fa2592d2a,d4f7212c-aff7-4038-8564-2b90ddba9a42,1a2a73ed-562b-4f79-8374-59eef50bea63,3b0b0e6c-5a36-4b8e-8c1e-0d7c5e2f9a11,32.0,437700000.0,14006400000.0,306416000.0,13699984000.0,398398000.0,1,7f5b6f7e-1c2d-4a4e-9a51-3a3f1d3c0a01
57c07b9f-f2b9-4321-bb50-a1e54b43727d,d4f7212c-aff7-4038-8564-2b90ddba9a42,5be6128e-18c2-4797-a142-ea7d17be3111,3b0b0e6c-5a36-4b8e-8c1e-0d7c5e2f9a11,13.0,429200000.0,5579600000.0,122064000.0,5457536000.0,391645000.0,2,7f5b6f7e-1c2d-4a4e-9a51-3a3f1d3c0a01
79cfbbe0-e69b-4d26-801e-cb57ec66b95f,45ae2c55-b742-4141-988d-b3ce0cf78274,5be6128e-18c2-4797-a142-ea7d17be3111,3b0b0e6c-5a36-4b8e-8c1e-0d7c5e2f9a11,15.0,450400000.0,6756000000.0,59352000.0,6696648000.0,403948000.0,1,7f5b6f7e-1c2d-4a4e-9a51-3a3f1d3c0a01
6d1de2bd-72b8-49da-85c5-14a85d853544,45ae2c55-b742-4141-988d-b3ce0cf78274,1a2a73ed-562b-4f79-8374-59eef50bea63,3b0b0e6c-5a36-4b8e-8c1e-0d7c5e2f9a11,25.0,461400000.0,11535000000.0,101336000.0,11433664000.0,418748000.0,2,7f5b6f7e-1c2d-4a4e-9a51-3a3f1d3c0a01
6252ba6a-c750-4c28-85a4-da6007803af8,4022bad9-7e9c-4175-92f9-a8fb8746f2ad,fc377a4c-4a15-444d-85e7-ce8a3a578a8e,3b0b0e6c-5a36-4b8e-8c1e-0d7c5e2f9a11,23.0,373000000.0,8579000000.0,190189000.0,8388811000.0,327480000.0,1,7f5b6f7e-1c2d-4a4e-9a51-3a3f1d3c0a01
f79debd7-535d-4b75-8920-d68f3a197623,4022bad9-7e9c-4175-92f9-a8fb8746f2ad,a9488d99-0bbb-4599-91ce-5dd2b45ed1f0,3b0b0e6c-5a36-4b8e-8c1e-0d7c5e2f9a11,7.0,358300000.0,2508100000.0,55602000.0,2452498000.0,318620000.0,2,7f5b6f7e-1c2d-4a4e-9a51-3a3f1d3c0a01
6204faca-52f4-4d80-8bfb-cabad16833c9,1f5491c9-6b2e-4435-bb7d-64c7d092483f,fc377a4c-4a15-444d-85e7-ce8a3a578a8e,3b0b0e6c-5a36-4b8e-8c1e-0d7c5e2f9a11,15.0,384900000.0,5773500000.0,166218000.0,5607282000.0,336162000.0,1,7f5b6f7e-1c2d-4a4e-9a51-3a3f1d3c0a01
77e76c5b-ae04-4cbe-a245-de9a6e79f970,2210f90c-ca0b-4b55-b4e0-d197f5e44f02,4b0dbb41-8d52-48f1-942c-3fe860e7a113,3b0b0e6c-5a36-4b8e-8c1e-0d7c5e2f9a11,25.0,623600000.0,15590000000.0,345537000.0,15244463000.0,535071000.0,1,7f5b6f7e-1c2d-4a4e-9a51-3a3f1d3c0a01
d1cad210-2e21-4e44-8400-223f38f02f67,3ff71633-1508-4a39-8be6-ec0b1f234147,3139d32c-93cd-49bf-9c94-1cf0dc98d2c1,3b0b0e6c-5a36-4b8e-8c1e-0d7c5e2f9a11,40.0,495500000.0,19820000000.0,247053000.0,19572947000.0,430226000.0,1,7f5b6f7e-1c2d-4a4e-9a51-3a3f1d3c0a01
4880a5ee-3ac2-49ef-9b47-479c2aff6bee,e16a3a50-d952-4faa-97c6-0d4d26f82533,3139d32c-93cd-49bf-9c94-1cf0dc98d2c1,3b0b0e6c-5a36-4b8e-8c1e-0d7c5e2f9a11,65.0,351700000.0,22860500000.0,715582000.0,22144918000.0,314772000.0,1,7f5b6f7e-1c2d-4a4e-9a51-3a3f1d3c0a01
72c8d337-2cbe-4d74-8343-846cb286aac4,6539833a-cdbe-4acf-8d27-93436230f89d,23b8c1e9-3924-46de-beb1-3b9046685257,3b0b0e6c-5a36-4b8e-8c1e-0d7c5e2f9a11,56.0,270500000.0,15148000000.0,598738000.0,14549262000.0,250860000.0,1,7f5b6f7e-1c2d-4a4e-9a51-3a3f1d3c0a01
acbf4707-5477-406b-bf5c-b03d384f2830,6539833a-cdbe-4acf-8d27-93436230f89d,bdd640fb-0667-4ad1-9c80-317fa3b1799d,3b0b0e6c-5a36-4b8e-8c1e-0d7c5e2f9a11,69.0,276500000.0,19078500000.0,754094000.0,18324406000.0,255255000.0,2,7f5b6f7e-1c2d-4a4e-9a51-3a3f1d3c0a01
8736e04c-1637-446b-a2ee-8e21e754ad29,90ebc873-9fde-4e0c-807b-afefe50fc082,6c307511-b2b9-437a-a8df-6ec4ce4a2bbd,3b0b0e6c-5a36-4b8e-8c1e-0d7c5e2f9a11,25.0,312600000.0,7815000000.0,217705000.0,7597295000.0,282552000.0,1,7f5b6f7e-1c2d-4a4e-9a51-3a3f1d3c0a01
b9266278-1810-428c-b130-0b73437c38b9,59932a4e-66c0-46e8-9479-eaca9ea0567e,9a1de644-815e-46d1-bb8f-aa1837f8a88b,3b0b0e6c-5a36-4b8e-8c1e-0d7c5e2f9a11,15.0,323800000.0,4857000000.0,90183000.0,4766817000.0,258247000.0,1,7f5b6f7e-1c2d-4a4e-9a51-3a3f1d3c0a01
156abc76-656a-4fe1-8e96-9b2922d025aa,b9e23bed-8e53-48e8-b17b-ae4ec9c14864,6b65a6a4-8b81-48f6-b38a-088ca65ed389,3b0b0e6c-5a36-4b8e-8c1e-0d7c5e2f9a11,27.0,446500000.0,12055500000.0,120845000.0,11934655000.0,401044000.0,1,7f5b6f7e-1c2d-4a4e-9a51-3a3f1d3c0a01
e778cbae-52ac-40d1-97d6-41f47366875c,b9e23bed-8e53-48e8-b17b-ae4ec9c14864,c241330b-01a9-471f-9e8a-774bcf36d58b,3b0b0e6c-5a36-4b8e-8c1e-0d7c5e2f9a11,23.0,477900000.0,10991700000.0,110181000.0,10881519000.0,430599000.0,2,7f5b6f7e-1c2d-4a4e-9a51-3a3f1d3c0a01
b9c257e1-b311-4395-a07a-8ef52b93d9db,e1db53fa-7250-43f1-bbd6-1f611d2327f5,1a2a73ed-562b-4f79-8374-59eef50bea63,3b0b0e6c-5a36-4b8e-8c1e-0d7c5e2f9a11,49.5,357200000.0,17681400000.0,814760000.0,16866640000.0,323842000.0,1,7f5b6f7e-1c2d-4a4e-9a51-3a3f1d3c0a01
274d0926-8b37-4d3f-9d60-c02d12c27e6d,e1db53fa-7250-43f1-bbd6-1f611d2327f5,43b7a3a6-9a8d-4a03-980d-7b71d8f56413,3b0b0e6c-5a36-4b8e-8c1e-0d7c5e2f9a11,15.5,374000000.0,5797000000.0,267126000.0,5529874000.0,326525000.0,2,7f5b6f7e-1c2d-4a4e-9a51-3a3f1d3c0a01
62d60c04-e256-4da6-95af-9b55cfa8821b,81591576-a1f4-4d76-8900-23eea86b8b68,6c307511-b2b9-437a-a8df-6ec4ce4a2bbd,3b0b0e6c-5a36-4b8e-8c1e-0d7c5e2f9a11,100.0,399700000.0,39970000000.0,2242269000.0,37727731000.0,366732000.0,1,7f5b6f7e-1c2d-4a4e-9a51-3a3f1d3c0a01
2727fa9a-8c2e-4cd2-91ad-7734e655a1a8,6edefed2-3e9c-4521-afed-b5dff09118a4,1a2a73ed-562b-4f79-8374-59eef50bea63,3b0b0e6c-5a36-4b8e-8c1e-0d7c5e2f9a11,32.0,336800000.0,10777600000.0,194676000.0,10582924000.0,315610000.0,1,7f5b6f7e-1c2d-4a4e-9a51-3a3f1d3c0a01
92fa777f-2237-4d9d-8a54-74aa9c38c839,6edefed2-3e9c-4521-afed-b5dff09118a4,43b7a3a6-9a8d-4a03-980d-7b71d8f56413,3b0b0e6c-5a36-4b8e-8c1e-0d7c5e2f9a11,23.0,348700000.0,8020100000.0,144867000.0,7875233000.0,327265000.0,2,7f5b6f7e-1c2d-4a4e-9a51-3a3f1d3c0a01
d22b084c-4318-41b9-83c1-df2e1bc68747,76cc168e-5ef3-457a-9dc9-c99d7b7201c1,43b7a3a6-9a8d-4a03-980d-7b71d8f56413,3b0b0e6c-5a36-4b8e-8c1e-0d7c5e2f9a11,34.5,374000000.0,12903000000.0,172965000.0,12730035000.0,326525000.0,1,7f5b6f7e-1c2d-4a4e-9a51-3a3f1d3c0a01
260d4f54-e1df-4dc1-a06b-fbf99c914e16,76cc168e-5ef3-457a-9dc9-c99d7b7201c1,5be6128e-18c2-4797-a142-ea7d17be3111,3b0b0e6c-5a36-4b8e-8c1e-0d7c5e2f9a11,35.5,356300000.0,12648650000.0,169555000.0,12479095000.0,316720000.0,2,7f5b6f7e-1c2d-4a4e-9a51-3a3f1d3c0a01
b74e044a-75e9-472e-af98-389ba92db55c,e8c6af60-d99f-466d-a1f6-8f25ad952db7,fc377a4c-4a15-444d-85e7-ce8a3a578a8e,3b0b0e6c-5a36-4b8e-8c1e-0d7c5e2f9a11,16.0,401700000.0,6427200000.0,73406000.0,6353794000.0,344486000.0,1,7f5b6f7e-1c2d-4a4e-9a51-3a3f1d3c0a01
02b039eb-61e1-4d6a-8d33-01092c517190,e8c6af60-d99f-466d-a1f6-8f25ad952db7,3139d32c-93cd-49bf-9c94-1cf0dc98d2c1,3b0b0e6c-5a36-4b8e-8c1e-0d7c5e2f9a11,9.0,381900000.0,3437100000.0,39255000.0,3397845000.0,334193000.0,2,7f5b6f7e-1c2d-4a4e-9a51-3a3f1d3c0a01
ba47fafb-7961-4b8f-b93d-1ebb8bdac489,a2e20ede-892d-41d5-b214-75dbbc5d3eb4,a9488d99-0bbb-4599-91ce-5dd2b45ed1f0,3b0b0e6c-5a36-4b8e-8c1e-0d7c5e2f9a11,30.0,385600000.0,11568000000.0,242266000.0,11325734000.0,340100000.0,1,7f5b6f7e-1c2d-4a4e-9a51-3a3f1d3c0a01
005979f8-4171-4c74-bb01-01bca20ca606,1db7f3a0-6b55-47c5-b7ec-8ec66c6ae8c4,c241330b-01a9-471f-9e8a-774bcf36d58b,3b0b0e6c-5a36-4b8e-8c1e-0d7c5e2f9a11,15.0,453300000.0,6799500000.0,163414000.0,6636086000.0,399580000.0,1,7f5b6f7e-1c2d-4a4e-9a51-3a3f1d3c0a01
40a489f0-baad-43cd-a164-c0898fa6c4c4,b88fde24-f35c-4e64-bea9-51ec1c94f9bd,972a8469-1641-4f82-8b9d-2434e465e150,3b0b0e6c-5a36-4b8e-8c1e-0d7c5e2f9a11,1.0,331500000.0,331500000.0,4536000.0,326964000.0,313973000.0,1,7f5b6f7e-1c2d-4a4e-9a51-3a3f1d3c0a01
d5aaa8b5-a67a-4a53-ba06-698316f491cf,b88fde24-f35c-4e64-bea9-51ec1c94f9bd,17fc695a-07a0-4a6e-8822-e8f36c031199,3b0b0e6c-5a36-4b8e-8c1e-0d7c5e2f9a11,14.0,333400000.0,4667600000.0,63862000.0,4603738000.0,312477000.0,2,7f5b6f7e-1c2d-4a4e-9a51-3a3f1d3c0a01
190d2c23-4435-4e09-baa8-7ed4f0b54c1a,b88fde24-f35c-4e64-bea9-51ec1c94f9bd,9a1de644-815e-46d1-bb8f-aa1837f8a88b,3b0b0e6c-5a36-4b8e-8c1e-0d7c5e2f9a11,10.0,326400000.0,3264000000.0,44658000.0,3219342000.0,304530000.0,3,7f5b6f7e-1c2d-4a4e-9a51-3a3f1d3c0a01
51f3b06e-aef3-4ace-a2fe-73670d550962,97f3fdc2-4ee9-42b6-b0a1-481d715ddd57,e2acf72f-9e57-4f7a-a0ee-89aed453dd32,3b0b0e6c-5a36-4b8e-8c1e-0d7c5e2f9a11,33.5,483700000.0,16203950000.0,282174000.0,15921776000.0,435154000.0,1,7f5b6f7e-1c2d-4a4e-9a51-3a3f1d3c0a01
28887faf-6bd3-4454-93df-881c0c23bb98,97f3fdc2-4ee9-42b6-b0a1-481d715ddd57,4b0dbb41-8d52-48f1-942c-3fe860e7a113,3b0b0e6c-5a36-4b8e-8c1e-0d7c5e2f9a11,11.5,493200000.0,5671800000.0,98768000.0,5573032000.0,435154000.0,2,7f5b6f7e-1c2d-4a4e-9a51-3a3f1d3c0a01
1bda6e42-8138-4573-8a3e-8a692d7e4d55,de6a4c5b-616e-426f-8982-33d21a164704,a9488d99-0bbb-4599-91ce-5dd2b45ed1f0,3b0b0e6c-5a36-4b8e-8c1e-0d7c5e2f9a11,130.0,466500000.0,60645000000.0,1581616000.0,59063384000.0,416444000.0,1,7f5b6f7e-1c2d-4a4e-9a51-3a3f1d3c0a01
c7653fe6-5947-4e7f-b576-195efd473e02,e1a59fa3-6ebc-4331-952e-77791ed22cf9,ddd1dfb2-3b98-4ef8-9af6-1a26146d3f31,3b0b0e6c-5a36-4b8e-8c1e-0d7c5e2f9a11,40.0,397600000.0,15904000000.0,352469000.0,15551531000.0,366318000.0,1,7f5b6f7e-1c2d-4a4e-9a51-3a3f1d3c0a01
9ca224fd-aa5f-48f3-8aeb-c91735958d92,93b554a0-e755-4021-940d-0293a4c8c348,4b0dbb41-8d52-48f1-942c-3fe860e7a113,3b0b0e6c-5a36-4b8e-8c1e-0d7c5e2f9a11,25.5,750800000.0,19145400000.0,356184000.0,18789216000.0,647289000.0,1,7f5b6f7e-1c2d-4a4e-9a51-3a3f1d3c0a01
625b72bf-a7ab-413c-9d4b-1f364f47cc37,93b554a0-e755-4021-940d-0293a4c8c348,e2acf72f-9e57-4f7a-a0ee-89aed453dd32,3b0b0e6c-5a36-4b8e-8c1e-0d7c5e2f9a11,4.5,739400000.0,3327300000.0,61902000.0,3265398000.0,637820000.0,2,7f5b6f7e-1c2d-4a4e-9a51-3a3f1d3c0a01
ca1a86b5-2cac-4aa4-aac3-46515c0861f1,056526fd-3715-4877-887e-ff0027c134fd,4b0dbb41-8d52-48f1-942c-3fe860e7a113,3b0b0e6c-5a36-4b8e-8c1e-0d7c5e2f9a11,35.0,487500000.0,17062500000.0,435382000.0,16627118000.0,414800000.0,1,7f5b6f7e-1c2d-4a4e-9a51-3a3f1d3c0a01
69330ad3-50fa-4797-aa93-f975a8145172,06743a74-553b-4630-bcf5-8a1b11fca1e1,ec1b8ca1-f91e-4d4c-9ff4-9b7889463e85,3b0b0e6c-5a36-4b8e-8c1e-0d7c5e2f9a11,40.0,502700000.0,20108000000.0,691795000.0,19416205000.0,470057000.0,1,7f5b6f7e-1c2d-4a4e-9a51-3a3f1d3c0a01
b65ffea5-0322-46e4-b800-83f637cb51c5,8e11ec96-4df7-4e25-a699-f8a59bf8f5c8,759cde66-bacf-43d0-8b1f-9163ce9ff57f,3b0b0e6c-5a36-4b8e-8c1e-0d7c5e2f9a11,38.5,504500000.0,19423250000.0,419487000.0,19003763000.0,475216000.0,1,7f5b6f7e-1c2d-4a4e-9a51-3a3f1d3c0a01
f67e23b8-f830-467d-b1ed-2022247e7c50,8e11ec96-4df7-4e25-a699-f8a59bf8f5c8,ec1b8ca1-f91e-4d4c-9ff4-9b7889463e85,3b0b0e6c-5a36-4b8e-8c1e-0d7c5e2f9a11,11.5,502700000.0,5781050000.0,124854000.0,5656196000.0,470057000.0,2,7f5b6f7e-1c2d-4a4e-9a51-3a3f1d3c0a01
1d4be658-bf33-421d-94c9-d67682395419,e2baf883-c6d6-45c0-9647-8fb804cc93f6,ec1b8ca1-f91e-4d4c-9ff4-9b7889463e85,3b0b0e6c-5a36-4b8e-8c1e-0d7c5e2f9a11,35.0,502700000.0,17594500000.0,604480000.0,16990020000.0,470057000.0,1,7f5b6f7e-1c2d-4a4e-9a51-3a3f1d3c0a01
5e5bb9d0-455f-4b50-8aa3-e2003fde3af8,6ed84986-7fc8-4a24-a848-b65eefb83818,759cde66-bacf-43d0-8b1f-9163ce9ff57f,3b0b0e6c-5a36-4b8e-8c1e-0d7c5e2f9a11,70.0,504500000.0,35315000000.0,419469000.0,34895531000.0,475216000.0,1,7f5b6f7e-1c2d-4a4e-9a51-3a3f1d3c0a01
72a5a5cd-fb75-402b-aef4-d8853fc01c42,60221ed1-41d1-4ee4-a1cf-7e019fd61c7f,ec1b8ca1-f91e-4d4c-9ff4-9b7889463e85,3b0b0e6c-5a36-4b8e-8c1e-0d7c5e2f9a11,35.0,534299999.99999994,18700499999.999996,305782000.0,18394717999.999996,468338000.0,1,7f5b6f7e-1c2d-4a4e-9a51-3a3f1d3c0a01
aa7c8359-6ccb-4eac-b40b-246c9e332319,5ff5e611-e27f-4d87-9fdb-792fa1d03f2d,4b0dbb41-8d52-48f1-942c-3fe860e7a113,3b0b0e6c-5a36-4b8e-8c1e-0d7c5e2f9a11,55.0,596700000.0,32818500000.0,412000000.0,32406500000.0,513920000.0,1,7f5b6f7e-1c2d-4a4e-9a51-3a3f1d3c0a01
1286a2f0-dd39-4e99-9cbc-08ae3b62525b,8d9bf848-389f-4b7e-98e2-efaec3658f56,4b0dbb41-8d52-48f1-942c-3fe860e7a113,3b0b0e6c-5a36-4b8e-8c1e-0d7c5e2f9a11,85.0,592700000.0,50379500000.0,882247000.0,49497253000.0,547284000.0,1,7f5b6f7e-1c2d-4a4e-9a51-3a3f1d3c0a01
792a59a7-c009-44f2-9837-9277dbcde29b,23ab098e-db88-4ee8-be47-bbad7b45206a,759cde66-bacf-43d0-8b1f-9163ce9ff57f,3b0b0e6c-5a36-4b8e-8c1e-0d7c5e2f9a11,85.0,540900000.0,45976500000.0,633800000.0,45342700000.0,482184000.0,1,7f5b6f7e-1c2d-4a4e-9a51-3a3f1d3c0a01
fd6ac8bb-146c-4e5d-a085-081acdab5170,78dd8f9d-9f08-4ae6-a838-61cbdc363940,ec1b8ca1-f91e-4d4c-9ff4-9b7889463e85,3b0b0e6c-5a36-4b8e-8c1e-0d7c5e2f9a11,22.0,622000000.0,13684000000.0,276202000.0,13407798000.0,560648000.0,1,7f5b6f7e-1c2d-4a4e-9a51-3a3f1d3c0a01
bd7a7629-a808-4893-ad50-531a6e72ec47,78dd8f9d-9f08-4ae6-a838-61cbdc363940,759cde66-bacf-43d0-8b1f-9163ce9ff57f,3b0b0e6c-5a36-4b8e-8c1e-0d7c5e2f9a11,33.0,641900000.0,21182700000.0,427557000.0,20755143000.0,564539000.0,2,7f5b6f7e-1c2d-4a4e-9a51-3a3f1d3c0a01
61ff0c30-2d40-43f5-9999-3cb7c6da8a5d,b45d07bc-8c74-4859-b38c-c902fa7d3cbb,759cde66-bacf-43d0-8b1f-9163ce9ff57f,3b0b0e6c-5a36-4b8e-8c1e-0d7c5e2f9a11,35.0,641900000.0,22466500000.0,455805000.0,22010695000.0,564539000.0,1,7f5b6f7e-1c2d-4a4e-9a51-3a3f1d3c0a01
ca9e5be4-1a73-4eb5-a229-b47aa30fbea8,929a48a6-2c27-4aa7-ba16-ed4c5be067b0,e2acf72f-9e57-4f7a-a0ee-89aed453dd32,3b0b0e6c-5a36-4b8e-8c1e-0d7c5e2f9a11,6.0,497900000.0,2987400000.0,62436000.0,2924964000.0,428074000.0,1,7f5b6f7e-1c2d-4a4e-9a51-3a3f1d3c0a01
9171ede9-ea36-4cbd-b3a8-69180fabe53b,929a48a6-2c27-4aa7-ba16-ed4c5be067b0,4b0dbb41-8d52-48f1-942c-3fe860e7a113,3b0b0e6c-5a36-4b8e-8c1e-0d7c5e2f9a11,34.0,506500000.0,17221000000.0,359913000.0,16861087000.0,436482000.0,2,7f5b6f7e-1c2d-4a4e-9a51-3a3f1d3c0a01
1f255b5c-685a-4228-8adb-19bd06a5e3fd,d52798ce-752a-4a56-a846-a76e12ad8aec,4b0dbb41-8d52-48f1-942c-3fe860e7a113,3b0b0e6c-5a36-4b8e-8c1e-0d7c5e2f9a11,1.0,596700000.0,596700000.0,19567000.0,577133000.0,513920000.0,1,7f5b6f7e-1c2d-4a4e-9a51-3a3f1d3c0a01
f41881a5-995b-4474-85f1-36f5bd34739b,d52798ce-752a-4a56-a846-a76e12ad8aec,e2acf72f-9e57-4f7a-a0ee-89aed453dd32,3b0b0e6c-5a36-4b8e-8c1e-0d7c5e2f9a11,9.0,586000000.0,5274000000.0,172944000.0,5101056000.0,507548000.0,2,7f5b6f7e-1c2d-4a4e-9a51-3a3f1d3c0a01
fc02e774-383a-44dc-a25a-e6d6e70ac560,95fb706a-72f5-4438-947e-7ece96e756ab,e2acf72f-9e57-4f7a-a0ee-89aed453dd32,3b0b0e6c-5a36-4b8e-8c1e-0d7c5e2f9a11,7.0,627000000.0,4389000000.0,46875000.0,4342125000.0,548788000.0,1,7f5b6f7e-1c2d-4a4e-9a51-3a3f1d3c0a01
7dcd221e-82d0-4b8b-a248-bd92ba8989cf,95fb706a-72f5-4438-947e-7ece96e756ab,4b0dbb41-8d52-48f1-942c-3fe860e7a113,3b0b0e6c-5a36-4b8e-8c1e-0d7c5e2f9a11,33.0,631800000.0,20849400000.0,222674000.0,20626726000.0,551886000.0,2,7f5b6f7e-1c2d-4a4e-9a51-3a3f1d3c0a01
7d471d24-649f-4ea7-937c-2bc145f62431,d6e5868a-9c88-4920-9d34-55543708e982,9a1de644-815e-46d1-bb8f-aa1837f8a88b,3b0b0e6c-5a36-4b8e-8c1e-0d7c5e2f9a11,8.0,255100000.0,2040800000.0,72229000.0,1968571000.0,234030000.0,1,7f5b6f7e-1c2d-4a4e-9a51-3a3f1d3c0a01
2b99b9b2-ab55-4b3b-a7c2-d1c55ff06bab,d6e5868a-9c88-4920-9d34-55543708e982,23b8c1e9-3924-46de-beb1-3b9046685257,3b0b0e6c-5a36-4b8e-8c1e-0d7c5e2f9a11,27.0,268300000.0,7244100000.0,256387000.0,6987713000.0,245064000.0,2,7f5b6f7e-1c2d-4a4e-9a51-3a3f1d3c0a01
5e58a1aa-e0ba-40a7-8c51-fbc6bb437e57,13b6b538-4cac-4e1c-a033-9dab6d0e2ff0,e2acf72f-9e57-4f7a-a0ee-89aed453dd32,3b0b0e6c-5a36-4b8e-8c1e-0d7c5e2f9a11,37.0,603800000.0,22340600000.0,940223000.0,21400377000.0,520026000.0,1,7f5b6f7e-1c2d-4a4e-9a51-3a3f1d3c0a01
bb279ffc-0292-410d-9249-80feb0c8ff86,13b6b538-4cac-4e1c-a033-9dab6d0e2ff0,4b0dbb41-8d52-48f1-942c-3fe860e7a113,3b0b0e6c-5a36-4b8e-8c1e-0d7c5e2f9a11,43.0,618400000.0,26591200000.0,1119114000.0,25472086000.0,530646000.0,2,7f5b6f7e-1c2d-4a4e-9a51-3a3f1d3c0a01
21a88346-cf3c-4f88-9ea4-6f40a83b3d55,91f477a0-02bc-449e-ab21-e8c656f23c38,6b65a6a4-8b81-48f6-b38a-088ca65ed389,3b0b0e6c-5a36-4b8e-8c1e-0d7c5e2f9a11,50.0,311600000.0,15580000000.0,264843000.0,15315157000.0,285114000.0,1,7f5b6f7e-1c2d-4a4e-9a51-3a3f1d3c0a01
121ab0e4-da67-402c-92d2-6ccd4a35c945,47602625-6342-4afa-b03f-5b46a3c686e7,6c307511-b2b9-437a-a8df-6ec4ce4a2bbd,3b0b0e6c-5a36-4b8e-8c1e-0d7c5e2f9a11,25.0,312600000.0,7815000000.0,119952000.0,7695048000.0,282552000.0,1,7f5b6f7e-1c2d-4a4e-9a51-3a3f1d3c0a01
e7b2957c-6322-44fa-9454-f0a9dcd0b2f6,c075d080-883a-49e5-8b35-91e961476f87,1a2a73ed-562b-4f79-8374-59eef50bea63,3b0b0e6c-5a36-4b8e-8c1e-0d7c5e2f9a11,25.0,357200000.0,8930000000.0,184886000.0,8745114000.0,323842000.0,1,7f5b6f7e-1c2d-4a4e-9a51-3a3f1d3c0a01
d624363b-90e6-4297-b968-19dbad2cc49e,e50edaec-c520-4fac-b22f-fa3cdcf154d7,6b65a6a4-8b81-48f6-b38a-088ca65ed389,3b0b0e6c-5a36-4b8e-8c1e-0d7c5e2f9a11,41.5,405200000.0,16815800000.0,290182000.0,16525618000.0,363255000.0,1,7f5b6f7e-1c2d-4a4e-9a51-3a3f1d3c0a01
7a8fba51-475b-4c89-a092-7263b4fab644,e50edaec-c520-4fac-b22f-fa3cdcf154d7,6c307511-b2b9-437a-a8df-6ec4ce4a2bbd,3b0b0e6c-5a36-4b8e-8c1e-0d7c5e2f9a11,5.5,400400000.0,2202200000.0,38002000.0,2164198000.0,361242000.0,2,7f5b6f7e-1c2d-4a4e-9a51-3a3f1d3c0a01
36968c49-8d00-4ebb-96e1-f12f68a721b7,e50edaec-c520-4fac-b22f-fa3cdcf154d7,47378190-96da-4dac-b2ff-5d2a386ecbe0,3b0b0e6c-5a36-4b8e-8c1e-0d7c5e2f9a11,8.0,416000000.0,3328000000.0,57430000.0,3270570000.0,371307000.0,3,7f5b6f7e-1c2d-4a4e-9a51-3a3f1d3c0a01
43f325a4-0aec-4e73-a611-41d5704e77e3,0169a1ab-2f46-40b4-8fb7-ac31c6a43ea3,23b8c1e9-3924-46de-beb1-3b9046685257,3b0b0e6c-5a36-4b8e-8c1e-0d7c5e2f9a11,60.0,355600000.0,21336000000.0,544089000.0,20791911000.0,321266000.0,1,7f5b6f7e-1c2d-4a4e-9a51-3a3f1d3c0a01
33d117c2-4060-4438-96a4-8c2112f5c2f0,bab09ab0-6d75-4c32-a552-9e0c5478fcdd,371ecd7b-27cd-4130-8722-9389571aa876,3b0b0e6c-5a36-4b8e-8c1e-0d7c5e2f9a11,9.0,419000000.0,3771000000.0,56769000.0,3714231000.0,375516000.0,1,7f5b6f7e-1c2d-4a4e-9a51-3a3f1d3c0a01
99feff13-384f-49ff-81a6-bbb4bffadbf8,bab09ab0-6d75-4c32-a552-9e0c5478fcdd,47378190-96da-4dac-b2ff-5d2a386ecbe0,3b0b0e6c-5a36-4b8e-8c1e-0d7c5e2f9a11,4.5,422000000.0,1899000000.0,28588000.0,1870412000.0,377072000.0,2,7f5b6f7e-1c2d-4a4e-9a51-3a3f1d3c0a01
f7725d0c-fc00-40eb-aaf6-448f784e7792,bab09ab0-6d75-4c32-a552-9e0c5478fcdd,6b65a6a4-8b81-48f6-b38a-088ca65ed389,3b0b0e6c-5a36-4b8e-8c1e-0d7c5e2f9a11,16.5,419900000.0,6928350000.0,104301000.0,6824049000.0,374052000.0,3,7f5b6f7e-1c2d-4a4e-9a51-3a3f1d3c0a01
62c79a6a-4710-4ef8-9aa3-46655479b8f2,060d0905-a2c3-471c-8883-cce1eadc15ac,371ecd7b-27cd-4130-8722-9389571aa876,3b0b0e6c-5a36-4b8e-8c1e-0d7c5e2f9a11,175.0,512700000.00000006,89722500000.00002,1620536000.0,88101964000.00002,468206000.0,1,7f5b6f7e-1c2d-4a4e-9a51-3a3f1d3c0a01
e10190ba-b7c9-4be2-9be9-2e7b0efc5fe8,4a874ce3-9a7e-489f-b6d3-b57f2936354a,bdd640fb-0667-4ad1-9c80-317fa3b1799d,3b0b0e6c-5a36-4b8e-8c1e-0d7c5e2f9a11,105.0,276500000.0,29032500000.0,441536000.0,28590964000.0,255255000.0,1,7f5b6f7e-1c2d-4a4e-9a51-3a3f1d3c0a01
6452be10-2b0d-49ed-ab49-2818f2c75df0,700c0448-e856-4ad2-ac40-daa2afdfb5d9,9a1de644-815e-46d1-bb8f-aa1837f8a88b,3b0b0e6c-5a36-4b8e-8c1e-0d7c5e2f9a11,13.5,254700000.0,3438450000.0,49614000.0,3388836000.0,238518000.0,1,7f5b6f7e-1c2d-4a4e-9a51-3a3f1d3c0a01
45081a1b-934d-4b48-9e72-5f53174cd528,700c0448-e856-4ad2-ac40-daa2afdfb5d9,bdd640fb-0667-4ad1-9c80-317fa3b1799d,3b0b0e6c-5a36-4b8e-8c1e-0d7c5e2f9a11,46.5,276500000.0,12857250000.0,185520000.0,12671730000.0,255255000.0,2,7f5b6f7e-1c2d-4a4e-9a51-3a3f1d3c0a01
03c99065-224a-46f5-81af-ebbcfb09de2a,1a2d43f3-cdbb-493d-a7d7-834ee22b2b62,9a1de644-815e-46d1-bb8f-aa1837f8a88b,3b0b0e6c-5a36-4b8e-8c1e-0d7c5e2f9a11,40.0,269900000.0,10796000000.0,172854000.0,10623146000.0,252824000.0,1,7f5b6f7e-1c2d-4a4e-9a51-3a3f1d3c0a01
0f342ec3-850e-4d7e-81af-13dd83e64772,ce53e127-1a70-4f99-9413-43593c91374d,972a8469-1641-4f82-8b9d-2434e465e150,3b0b0e6c-5a36-4b8e-8c1e-0d7c5e2f9a11,35.0,273400000.0,9569000000.0,263801000.0,9305199000.0,260398000.0,1,7f5b6f7e-1c2d-4a4e-9a51-3a3f1d3c0a01
4606f263-7d93-48e0-b741-ee90715bf5ba,2e7789df-4fd2-4c67-a4b4-402a6f2b1328,6b65a6a4-8b81-48f6-b38a-088ca65ed389,3b0b0e6c-5a36-4b8e-8c1e-0d7c5e2f9a11,17.5,337600000.0,5908000000.0,97473000.0,5810527000.0,303322000.0,1,7f5b6f7e-1c2d-4a4e-9a51-3a3f1d3c0a01
1316210c-2956-4750-afea-bc2cd14893c9,2e7789df-4fd2-4c67-a4b4-402a6f2b1328,47378190-96da-4dac-b2ff-5d2a386ecbe0,3b0b0e6c-5a36-4b8e-8c1e-0d7c5e2f9a11,37.5,337000000.0,12637500000.0,208500000.0,12429000000.0,310551000.0,2,7f5b6f7e-1c2d-4a4e-9a51-3a3f1d3c0a01
bb097b6d-3592-4760-a7bb-ab8a24e6b1b3,c7cd12c0-8084-4b3d-bdfe-3f5a49912027,a9488d99-0bbb-4599-91ce-5dd2b45ed1f0,3b0b0e6c-5a36-4b8e-8c1e-0d7c5e2f9a11,69.5,578500000.0,40205750000.0,884094000.0,39321656000.0,509344000.0,1,7f5b6f7e-1c2d-4a4e-9a51-3a3f1d3c0a01
b89b75b4-68e2-427a-91f7-aa86d05e92db,c7cd12c0-8084-4b3d-bdfe-3f5a49912027,3139d32c-93cd-49bf-9c94-1cf0dc98d2c1,3b0b0e6c-5a36-4b8e-8c1e-0d7c5e2f9a11,5.5,581300000.0,3197150000.0,70303000.0,3126847000.0,522859000.0,2,7f5b6f7e-1c2d-4a4e-9a51-3a3f1d3c0a01
43cff10b-de99-4e4f-a7b4-8793ac0c0899,89908e83-051b-4260-b6db-4c8d70c34e77,fc377a4c-4a15-444d-85e7-ce8a3a578a8e,3b0b0e6c-5a36-4b8e-8c1e-0d7c5e2f9a11,21.0,365900000.0,7683900000.0,139410000.0,7544490000.0,327480000.0,1,7f5b6f7e-1c2d-4a4e-9a51-3a3f1d3c0a01
b8d94c3f-2c6f-4214-8edf-7a88a636051b,89908e83-051b-4260-b6db-4c8d70c34e77,a9488d99-0bbb-4599-91ce-5dd2b45ed1f0,3b0b0e6c-5a36-4b8e-8c1e-0d7c5e2f9a11,4.0,356000000.0,1424000000.0,25836000.0,1398164000.0,318620000.0,2,7f5b6f7e-1c2d-4a4e-9a51-3a3f1d3c0a01
b461b576-2f32-4b36-8dfc-93fc127c12c5,baf3796a-3a80-4f4e-bfdb-ba6520a5e161,43b7a3a6-9a8d-4a03-980d-7b71d8f56413,3b0b0e6c-5a36-4b8e-8c1e-0d7c5e2f9a11,11.5,353800000.0,4068700000.0,90799000.0,3977901000.0,315888000.0,1,7f5b6f7e-1c2d-4a4e-9a51-3a3f1d3c0a01
87d09ecf-31bb-4d26-8b21-d5aaaeb8d095,baf3796a-3a80-4f4e-bfdb-ba6520a5e161,5be6128e-18c2-4797-a142-ea7d17be3111,3b0b0e6c-5a36-4b8e-8c1e-0d7c5e2f9a11,3.5,334000000.0,1169000000.0,26088000.0,1142912000.0,305065000.0,2,7f5b6f7e-1c2d-4a4e-9a51-3a3f1d3c0a01
381be473-e413-42bc-ac2e-022cf8ecac12,baf3796a-3a80-4f4e-bfdb-ba6520a5e161,1a2a73ed-562b-4f79-8374-59eef50bea63,3b0b0e6c-5a36-4b8e-8c1e-0d7c5e2f9a11,5.0,341200000.0,1706000000.0,38072000.0,1667928000.0,311540000.0,3,7f5b6f7e-1c2d-4a4e-9a51-3a3f1d3c0a01
3af479ed-10e2-4cc2-99dc-d17e10a99d8b,58edc9df-369e-43c7-9765-12dd17263478,bd9c66b3-ad3c-4d6d-9a3d-1fa7bc8960a9,3b0b0e6c-5a36-4b8e-8c1e-0d7c5e2f9a11,21.0,351100000.0,7373100000.0,126190000.0,7246910000.0,314908000.0,1,7f5b6f7e-1c2d-4a4e-9a51-3a3f1d3c0a01
d92bf054-6142-4878-bb81-f50122699844,58edc9df-369e-43c7-9765-12dd17263478,bdd640fb-0667-4ad1-9c80-317fa3b1799d,3b0b0e6c-5a36-4b8e-8c1e-0d7c5e2f9a11,9.0,366600000.0,3299400000.0,56469000.0,3242931000.0,331925000.0,2,7f5b6f7e-1c2d-4a4e-9a51-3a3f1d3c0a01
175ab7c3-3c23-45b0-8c8f-c575ff27e8e9,b9856fa7-22a3-44c3-a3f3-d14f8b197faa,6c307511-b2b9-437a-a8df-6ec4ce4a2bbd,3b0b0e6c-5a36-4b8e-8c1e-0d7c5e2f9a11,15.0,399700000.0,5995500000.0,179244000.0,5816256000.0,366732000.0,1,7f5b6f7e-1c2d-4a4e-9a51-3a3f1d3c0a01
1a4e7d0d-fbb9-4d93-86ce-eb9589c9dc26,631ad1c6-8753-4734-8fdd-6e56eb851b88,1a2a73ed-562b-4f79-8374-59eef50bea63,3b0b0e6c-5a36-4b8e-8c1e-0d7c5e2f9a11,100.0,454200000.0,45420000000.0,473100000.0,44946900000.0,426795000.0,1,7f5b6f7e-1c2d-4a4e-9a51-3a3f1d3c0a01
f16b2fd3-65a2-4c1c-9fb8-51d09723a878,dde214c4-7616-4ac8-88c6-d8c529d50579,5be6128e-18c2-4797-a142-ea7d17be3111,3b0b0e6c-5a36-4b8e-8c1e-0d7c5e2f9a11,40.0,459700000.0,18388000000.0,533407000.0,17854593000.0,416620000.0,1,7f5b6f7e-1c2d-4a4e-9a51-3a3f1d3c0a01
04041190-2523-4ff4-ac7f-9d86006ccbcf,2abffbb3-7664-47a9-8a1a-b7b6bda26c59,43b7a3a6-9a8d-4a03-980d-7b71d8f56413,3b0b0e6c-5a36-4b8e-8c1e-0d7c5e2f9a11,18.5,524400000.0,9701400000.0,309785000.0,9391615000.0,448348000.0,1,7f5b6f7e-1c2d-4a4e-9a51-3a3f1d3c0a01
ee320af1-2a05-416a-a94d-be6a4854f3b7,2abffbb3-7664-47a9-8a1a-b7b6bda26c59,5be6128e-18c2-4797-a142-ea7d17be3111,3b0b0e6c-5a36-4b8e-8c1e-0d7c5e2f9a11,3.5,501400000.0,1754900000.0,56037000.0,1698863000.0,427072000.0,2,7f5b6f7e-1c2d-4a4e-9a51-3a3f1d3c0a01
7b448fac-b8c1-4083-965c-7c975a95f248,2abffbb3-7664-47a9-8a1a-b7b6bda26c59,1a2a73ed-562b-4f79-8374-59eef50bea63,3b0b0e6c-5a36-4b8e-8c1e-0d7c5e2f9a11,7.5,514299999.99999994,3857249999.9999995,123170000.0,3734079999.9999995,438635000.0,3,7f5b6f7e-1c2d-4a4e-9a51-3a3f1d3c0a01
88176f7f-7ca8-4c4b-9161-a298445b7821,dd064138-d5a2-4dc1-9dd5-fa510fcdf3b4,6b65a6a4-8b81-48f6-b38a-088ca65ed389,3b0b0e6c-5a36-4b8e-8c1e-0d7c5e2f9a11,30.0,496200000.0,14886000000.0,393151000.0,14492849000.0,446703000.0,1,7f5b6f7e-1c2d-4a4e-9a51-3a3f1d3c0a01
4bd5e2b6-e60f-4b4e-bcf1-a2460b8f40cb,dec789ca-8e81-4ce0-95ef-43cbcee44ebb,371ecd7b-27cd-4130-8722-9389571aa876,3b0b0e6c-5a36-4b8e-8c1e-0d7c5e2f9a11,55.0,440500000.0,24227500000.0,675420000.0,23552080000.0,393084000.0,1,7f5b6f7e-1c2d-4a4e-9a51-3a3f1d3c0a01
7d3bddb5-39eb-41b2-877a-bc16a402a96c,3812a641-91a8-4c5d-8acf-185ef29a1e8b,9a1de644-815e-46d1-bb8f-aa1837f8a88b,3b0b0e6c-5a36-4b8e-8c1e-0d7c5e2f9a11,180.0,255100000.0,45918000000.0,1308276000.0,44609724000.0,234030000.0,1,7f5b6f7e-1c2d-4a4e-9a51-3a3f1d3c0a01
fc1dbc9b-62e3-4ea8-9aaf-415ad5c1896c,adca58f7-c442-45de-9356-44008b365e4c,bdd640fb-0667-4ad1-9c80-317fa3b1799d,3b0b0e6c-5a36-4b8e-8c1e-0d7c5e2f9a11,30.0,351100000.0,10533000000.0,222817000.0,10310183000.0,342771000.0,1,7f5b6f7e-1c2d-4a4e-9a51-3a3f1d3c0a01
9d53c4fd-e4b5-41f6-b5d6-413b2072dee6,e900fae2-71a2-4ad0-b820-1c7a9d20fda2,9a1de644-815e-46d1-bb8f-aa1837f8a88b,3b0b0e6c-5a36-4b8e-8c1e-0d7c5e2f9a11,35.0,325900000.0,11406500000.0,219597000.0,11186903000.0,314440000.0,1,7f5b6f7e-1c2d-4a4e-9a51-3a3f1d3c0a01
6fd8c1b6-fd42-45b9-9322-bc7d9c312281,6eb3db2c-adfe-4114-9603-a2497b8a7083,972a8469-1641-4f82-8b9d-2434e465e150,3b0b0e6c-5a36-4b8e-8c1e-0d7c5e2f9a11,35.0,340500000.0,11917500000.0,332558000.0,11584942000.0,310794000.0,1,7f5b6f7e-1c2d-4a4e-9a51-3a3f1d3c0a01
1063556b-ea68-4a94-bbca-bce15393eb21,283859a4-4dfb-440f-9daf-eb6a1b9596ea,ec1b8ca1-f91e-4d4c-9ff4-9b7889463e85,3b0b0e6c-5a36-4b8e-8c1e-0d7c5e2f9a11,55.0,382300000.0,21026500000.0,334889000.0,20691611000.0,345982000.0,1,7f5b6f7e-1c2d-4a4e-9a51-3a3f1d3c0a01
2c11755c-445c-4399-a79a-af20a2a43b2f,e96e37ac-6092-479b-92fb-765a794061f9,759cde66-bacf-43d0-8b1f-9163ce9ff57f,3b0b0e6c-5a36-4b8e-8c1e-0d7c5e2f9a11,33.0,389800000.0,12863400000.0,242326000.0,12621074000.0,352769000.0,1,7f5b6f7e-1c2d-4a4e-9a51-3a3f1d3c0a01
29d1d6b0-094a-454f-98b7-b0517796449b,e96e37ac-6092-479b-92fb-765a794061f9,ec1b8ca1-f91e-4d4c-9ff4-9b7889463e85,3b0b0e6c-5a36-4b8e-8c1e-0d7c5e2f9a11,27.0,382300000.0,10322100000.0,194452000.0,10127648000.0,345982000.0,2,7f5b6f7e-1c2d-4a4e-9a51-3a3f1d3c0a01
4190222c-5461-4b83-8061-b4e87dec085a,55ac5bd1-9f6b-423a-8c6e-4ec733aeb462,ec1b8ca1-f91e-4d4c-9ff4-9b7889463e85,3b0b0e6c-5a36-4b8e-8c1e-0d7c5e2f9a11,75.0,417100000.0,31282500000.0,504331000.0,30778169000.0,374218000.0,1,7f5b6f7e-1c2d-4a4e-9a51-3a3f1d3c0a01
579fd2b8-e3a4-411d-b16d-bf1957db8547,c048b4f2-d031-4917-a944-a90fea186a09,43b7a3a6-9a8d-4a03-980d-7b71d8f56413,3b0b0e6c-5a36-4b8e-8c1e-0d7c5e2f9a11,23.5,440200000.0,10344700000.0,243882000.0,10100818000.0,398952000.0,1,7f5b6f7e-1c2d-4a4e-9a51-3a3f1d3c0a01
673e0f56-f8e0-459b-9b2a-64536aebfebf,c048b4f2-d031-4917-a944-a90fea186a09,5be6128e-18c2-4797-a142-ea7d17be3111,3b0b0e6c-5a36-4b8e-8c1e-0d7c5e2f9a11,6.5,423400000.0,2752100000.0,64882000.0,2687218000.0,388315000.0,2,7f5b6f7e-1c2d-4a4e-9a51-3a3f1d3c0a01
9b4f116d-f69a-4cc9-9a8f-b64b50350bc5,57c0c8ab-1fb0-4cba-992f-436b9ee7deff,4b0dbb41-8d52-48f1-942c-3fe860e7a113,3b0b0e6c-5a36-4b8e-8c1e-0d7c5e2f9a11,122.0,588400000.0,71784800000.0,1715198000.0,70069602000.0,524540000.0,1,7f5b6f7e-1c2d-4a4e-9a51-3a3f1d3c0a01
0d6f79f8-5871-478c-ace9-aeeb25fb9e58,57c0c8ab-1fb0-4cba-992f-436b9ee7deff,e2acf72f-9e57-4f7a-a0ee-89aed453dd32,3b0b0e6c-5a36-4b8e-8c1e-0d7c5e2f9a11,43.0,586200000.0,25206600000.0,602277000.0,24604323000.0,514362000.0,2,7f5b6f7e-1c2d-4a4e-9a51-3a3f1d3c0a01
f6a14c7b-e012-43b2-b0fd-921e6986aaa8,504f1b83-9b43-4b3d-989f-56a000648e70,4b0dbb41-8d52-48f1-942c-3fe860e7a113,3b0b0e6c-5a36-4b8e-8c1e-0d7c5e2f9a11,60.0,588400000.0,35304000000.0,744266000.0,34559734000.0,524540000.0,1,7f5b6f7e-1c2d-4a4e-9a51-3a3f1d3c0a01
d8716437-0005-4964-8f58-bac3465036ff,27913cea-6cee-4c72-b37f-01f60631fc10,1a2a73ed-562b-4f79-8374-59eef50bea63,3b0b0e6c-5a36-4b8e-8c1e-0d7c5e2f9a11,36.5,341200000.0,12453800000.0,281890000.0,12171910000.0,311540000.0,1,7f5b6f7e-1c2d-4a4e-9a51-3a3f1d3c0a01
a4a80926-3c93-4fa2-86b8-4217e1f17b1d,27913cea-6cee-4c72-b37f-01f60631fc10,5be6128e-18c2-4797-a142-ea7d17be3111,3b0b0e6c-5a36-4b8e-8c1e-0d7c5e2f9a11,20.0,334000000.0,6680000000.0,151201000.0,6528799000.0,305065000.0,2,7f5b6f7e-1c2d-4a4e-9a51-3a3f1d3c0a01
1870d811-89fe-4c6d-b9f1-2ba674939df8,27913cea-6cee-4c72-b37f-01f60631fc10,43b7a3a6-9a8d-4a03-980d-7b71d8f56413,3b0b0e6c-5a36-4b8e-8c1e-0d7c5e2f9a11,29.0,353800000.0,10260200000.0,232238000.0,10027962000.0,315888000.0,3,7f5b6f7e-1c2d-4a4e-9a51-3a3f1d3c0a01
5a29a160-d1a3-42e5-aeb9-462ceb81fc04,002d966b-6988-4344-9129-d527623082d1,ec1b8ca1-f91e-4d4c-9ff4-9b7889463e85,3b0b0e6c-5a36-4b8e-8c1e-0d7c5e2f9a11,70.0,417100000.0,29197000000.0,816414000.0,28380586000.0,374218000.0,1,7f5b6f7e-1c2d-4a4e-9a51-3a3f1d3c0a01
58c0be01-970e-4cc1-8aef-a450bcfbd158,7e278243-3562-41d4-a8fc-f0b90fd79677,1a2a73ed-562b-4f79-8374-59eef50bea63,3b0b0e6c-5a36-4b8e-8c1e-0d7c5e2f9a11,255.0,424200000.0,108171000000.0,3263155000.0,104907845000.0,340678000.0,1,7f5b6f7e-1c2d-4a4e-9a51-3a3f1d3c0a01
486caed1-c32f-480f-b50f-26e02c8fdd04,6fb5449c-3bbe-4981-873e-14855ff85a88,5be6128e-18c2-4797-a142-ea7d17be3111,3b0b0e6c-5a36-4b8e-8c1e-0d7c5e2f9a11,53.5,360500000.0,19286750000.0,254378000.0,19032372000.0,327080000.0,1,7f5b6f7e-1c2d-4a4e-9a51-3a3f1d3c0a01
dfa48664-464f-431b-b39b-39a27929188d,6fb5449c-3bbe-4981-873e-14855ff85a88,43b7a3a6-9a8d-4a03-980d-7b71d8f56413,3b0b0e6c-5a36-4b8e-8c1e-0d7c5e2f9a11,61.5,379200000.0,23320800000.0,307584000.0,23013216000.0,340770000.0,2,7f5b6f7e-1c2d-4a4e-9a51-3a3f1d3c0a01
9e70529b-4b58-4d4c-87ff-c9430e97cda3,dd4835b7-1508-4d35-b04a-b92272083910,43b7a3a6-9a8d-4a03-980d-7b71d8f56413,3b0b0e6c-5a36-4b8e-8c1e-0d7c5e2f9a11,73.0,440200000.0,32134600000.0,1064170000.0,31070430000.0,398952000.0,1,7f5b6f7e-1c2d-4a4e-9a51-3a3f1d3c0a01
91aea778-7409-4f71-ba58-71f1d0ef636e,dd4835b7-1508-4d35-b04a-b92272083910,5be6128e-18c2-4797-a142-ea7d17be3111,3b0b0e6c-5a36-4b8e-8c1e-0d7c5e2f9a11,57.0,423400000.0,24133800000.0,799215000.0,23334585000.0,388315000.0,2,7f5b6f7e-1c2d-4a4e-9a51-3a3f1d3c0a01
93eb3046-02fe-4f9b-89de-f0b9e7c7d02b,2b51ac41-2c3d-4918-8a38-ed37c5ad0efa,1a2a73ed-562b-4f79-8374-59eef50bea63,3b0b0e6c-5a36-4b8e-8c1e-0d7c5e2f9a11,270.0,537300000.0,145071000000.0,1779414000.0,143291586000.0,503940000.0,1,7f5b6f7e-1c2d-4a4e-9a51-3a3f1d3c0a01
058b241b-290e-4c74-afbe-6d88df50217f,48f3d4b0-b4cb-436a-ad1e-2ef90b6f9270,43b7a3a6-9a8d-4a03-980d-7b71d8f56413,3b0b0e6c-5a36-4b8e-8c1e-0d7c5e2f9a11,33.5,353800000.0,11852300000.0,267392000.0,11584908000.0,315888000.0,1,7f5b6f7e-1c2d-4a4e-9a51-3a3f1d3c0a01
3fdbf151-3116-47e5-8ba2-6c924f918591,48f3d4b0-b4cb-436a-ad1e-2ef90b6f9270,1a2a73ed-562b-4f79-8374-59eef50bea63,3b0b0e6c-5a36-4b8e-8c1e-0d7c5e2f9a11,51.5,341200000.0,17571800000.0,396426000.0,17175374000.0,311540000.0,2,7f5b6f7e-1c2d-4a4e-9a51-3a3f1d3c0a01
d47727c5-47c7-4924-9863-626ad29c69fb,ef71f554-2ae1-49c6-b9d2-4e2d09426161,43b7a3a6-9a8d-4a03-980d-7b71d8f56413,3b0b0e6c-5a36-4b8e-8c1e-0d7c5e2f9a11,220.0,374000000.0,82280000000.0,1093790000.0,81186210000.0,326525000.0,1,7f5b6f7e-1c2d-4a4e-9a51-3a3f1d3c0a01
7c320150-067a-4281-900f-e7c72bbe78ce,30059598-ef2b-41a1-8eb1-741e52291d35,b74d0fb1-32e7-4629-8fad-c1a606cb0fb3,3b0b0e6c-5a36-4b8e-8c1e-0d7c5e2f9a11,34.5,347900000.0,12002550000.0,326572000.0,11675978000.0,314943000.0,1,7f5b6f7e-1c2d-4a4e-9a51-3a3f1d3c0a01
7ce4a8d0-e9b9-4662-bd8c-b3402dd3cbd4,30059598-ef2b-41a1-8eb1-741e52291d35,47378190-96da-4dac-b2ff-5d2a386ecbe0,3b0b0e6c-5a36-4b8e-8c1e-0d7c5e2f9a11,45.5,337000000.0,15333500000.0,417203000.0,14916297000.0,310551000.0,2,7f5b6f7e-1c2d-4a4e-9a51-3a3f1d3c0a01
659eb5d6-716e-4940-8cc3-3473b7fc3a7e,3a4d556d-2075-426f-a654-022ad704f057,bd9c66b3-ad3c-4d6d-9a3d-1fa7bc8960a9,3b0b0e6c-5a36-4b8e-8c1e-0d7c5e2f9a11,220.0,280300000.0,61666000000.0,1732540000.0,59933460000.0,259930000.0,1,7f5b6f7e-1c2d-4a4e-9a51-3a3f1d3c0a01
bef595c1-45ab-438f-8e66-a668bbac5ca7,3f204091-61f9-4eba-815d-53d4faf09ebb,b74d0fb1-32e7-4629-8fad-c1a606cb0fb3,3b0b0e6c-5a36-4b8e-8c1e-0d7c5e2f9a11,270.0,417600000.0,112752000000.0,2579538000.0,110172462000.0,399306000.0,1,7f5b6f7e-1c2d-4a4e-9a51-3a3f1d3c0a01
c6c0ec82-38db-4554-aaf0-2cc5d926302b,7e81c016-8dfe-4a12-b126-78ccd19eea0a,6c307511-b2b9-437a-a8df-6ec4ce4a2bbd,3b0b0e6c-5a36-4b8e-8c1e-0d7c5e2f9a11,20.0,399700000.0,7994000000.0,80060000.0,7913940000.0,366732000.0,1,7f5b6f7e-1c2d-4a4e-9a51-3a3f1d3c0a01
4dd69260-d418-487b-a655-5282c4831d92,7e81c016-8dfe-4a12-b126-78ccd19eea0a,6b65a6a4-8b81-48f6-b38a-088ca65ed389,3b0b0e6c-5a36-4b8e-8c1e-0d7c5e2f9a11,45.0,408800000.0,18396000000.0,184237000.0,18211763000.0,370392000.0,2,7f5b6f7e-1c2d-4a4e-9a51-3a3f1d3c0a01
975a1cf2-14e9-45ee-b08c-1a58a75c37b1,bca41a95-406c-4827-b1f2-75266f85822d,9a1de644-815e-46d1-bb8f-aa1837f8a88b,3b0b0e6c-5a36-4b8e-8c1e-0d7c5e2f9a11,46.0,388200000.0,17857200000.0,444824000.0,17412376000.0,335572000.0,1,7f5b6f7e-1c2d-4a4e-9a51-3a3f1d3c0a01
74f96d49-3554-44bc-9b6b-8d3009ad08e3,bca41a95-406c-4827-b1f2-75266f85822d,972a8469-1641-4f82-8b9d-2434e465e150,3b0b0e6c-5a36-4b8e-8c1e-0d7c5e2f9a11,109.0,394800000.0,43033200000.0,1071959000.0,41961241000.0,340340000.0,2,7f5b6f7e-1c2d-4a4e-9a51-3a3f1d3c0a01
60c3d727-bf43-40f4-9dd3-c27617ab8d01,34cb2744-f419-4217-aafd-c1cdbfd4be2c,1a2a73ed-562b-4f79-8374-59eef50bea63,3b0b0e6c-5a36-4b8e-8c1e-0d7c5e2f9a11,80.0,530400000.0,42432000000.0,584370000.0,41847630000.0,475727000.0,1,7f5b6f7e-1c2d-4a4e-9a51-3a3f1d3c0a01
a6b60100-835e-433b-80bc-7d2f1e582fc7,a2c3fff5-77af-4a1c-9dab-67012d673f18,bd9c66b3-ad3c-4d6d-9a3d-1fa7bc8960a9,3b0b0e6c-5a36-4b8e-8c1e-0d7c5e2f9a11,70.0,412300000.0,28861000000.0,707747000.0,28153253000.0,383911000.0,1,7f5b6f7e-1c2d-4a4e-9a51-3a3f1d3c0a01
366415bd-91ad-4082-8932-73e92d654b34,b6520f0a-a855-4a06-80d2-c723b6d067c9,a9488d99-0bbb-4599-91ce-5dd2b45ed1f0,3b0b0e6c-5a36-4b8e-8c1e-0d7c5e2f9a11,130.0,578500000.0,75205000000.0,1602800000.0,73602200000.0,509344000.0,1,7f5b6f7e-1c2d-4a4e-9a51-3a3f1d3c0a01
70f7ee0a-834b-4c64-8f7b-e6b4c9895e4f,6109d827-bb6b-4d63-b56f-22b85c1a57f0,3139d32c-93cd-49bf-9c94-1cf0dc98d2c1,3b0b0e6c-5a36-4b8e-8c1e-0d7c5e2f9a11,175.0,587400000.0,102795000000.0,2742484000.0,100052516000.0,520264000.0,1,7f5b6f7e-1c2d-4a4e-9a51-3a3f1d3c0a01
cf3a3ebc-2d88-4be3-b282-4d009308f4fc,9dcda0ac-b0d8-4db9-bbb0-5f90e228daae,fc377a4c-4a15-444d-85e7-ce8a3a578a8e,3b0b0e6c-5a36-4b8e-8c1e-0d7c5e2f9a11,100.0,626000000.0,62600000000.0,1297833000.0,61302167000.0,541117000.0,1,7f5b6f7e-1c2d-4a4e-9a51-3a3f1d3c0a01
9e5a11f9-6f94-4692-8073-3f9d706536c8,6ab1a826-604a-414f-a6c0-9a28ce505498,ddd1dfb2-3b98-4ef8-9af6-1a26146d3f31,3b0b0e6c-5a36-4b8e-8c1e-0d7c5e2f9a11,275.0,257500000.0,70812500000.0,1388330000.0,69424170000.0,235376000.0,1,7f5b6f7e-1c2d-4a4e-9a51-3a3f1d3c0a01
38d60eae-9349-4202-9e61-a1224c4b0915,b9f6f6d8-2d33-42e2-b977-3beb22ecc9ae,a9488d99-0bbb-4599-91ce-5dd2b45ed1f0,3b0b0e6c-5a36-4b8e-8c1e-0d7c5e2f9a11,65.0,371800000.0,24167000000.0,690871000.0,23476129000.0,327391000.0,1,7f5b6f7e-1c2d-4a4e-9a51-3a3f1d3c0a01
17414b27-0713-432d-a4bc-1119ebf50b9e,d4780538-e1b4-4206-ae50-f64acb6c9cef,3139d32c-93cd-49bf-9c94-1cf0dc98d2c1,3b0b0e6c-5a36-4b8e-8c1e-0d7c5e2f9a11,245.0,400600000.0,98147000000.0,2978392000.0,95168608000.0,343412000.0,1,7f5b6f7e-1c2d-4a4e-9a51-3a3f1d3c0a01
44e654af-c5ae-4b01-a31f-29ac18fa83b3,72b275c8-ed5b-4df4-8ae3-4e6dd813c458,371ecd7b-27cd-4130-8722-9389571aa876,3b0b0e6c-5a36-4b8e-8c1e-0d7c5e2f9a11,160.0,412900000.0,66064000000.0,2587621000.0,63476379000.0,371490000.0,1,7f5b6f7e-1c2d-4a4e-9a51-3a3f1d3c0a01
389d7d76-4469-4b0b-98b2-e397d1a7bc4c,9cc2856f-04aa-45d2-928d-d8cab05c7bbb,17fc695a-07a0-4a6e-8822-e8f36c031199,3b0b0e6c-5a36-4b8e-8c1e-0d7c5e2f9a11,105.0,337600000.0,35448000000.0,1284502000.0,34163498000.0,314721000.0,1,7f5b6f7e-1c2d-4a4e-9a51-3a3f1d3c0a01
e678b181-c195-4666-a663-704d5f082eb7,8cc8911c-9e93-471f-9988-3ed33e975681,47378190-96da-4dac-b2ff-5d2a386ecbe0,3b0b0e6c-5a36-4b8e-8c1e-0d7c5e2f9a11,150.0,448500000.0,67275000000.0,1704566000.0,65570434000.0,398848000.0,1,7f5b6f7e-1c2d-4a4e-9a51-3a3f1d3c0a01
d982914e-2fca-4187-911a-e0b0f5df47cb,7aea92f8-b36c-4e13-bef9-168724f6d2a5,972a8469-1641-4f82-8b9d-2434e465e150,3b0b0e6c-5a36-4b8e-8c1e-0d7c5e2f9a11,89.5,394800000.0,35334600000.0,1116749000.0,34217851000.0,340340000.0,1,7f5b6f7e-1c2d-4a4e-9a51-3a3f1d3c0a01
b3e3bbbf-a02b-4cc9-adf7-6279db273653,7aea92f8-b36c-4e13-bef9-168724f6d2a5,23b8c1e9-3924-46de-beb1-3b9046685257,3b0b0e6c-5a36-4b8e-8c1e-0d7c5e2f9a11,30.5,404100000.0,12325050000.0,389533000.0,11935517000.0,348100000.0,2,7f5b6f7e-1c2d-4a4e-9a51-3a3f1d3c0a01
9b66f3f6-6fdc-4b7f-93d1-6653a2767210,91978e7a-1b56-451e-80a6-fdda1a83b9a3,43b7a3a6-9a8d-4a03-980d-7b71d8f56413,3b0b0e6c-5a36-4b8e-8c1e-0d7c5e2f9a11,180.0,543400000.0,97812000000.0,3693730000.0,94118270000.0,485070000.0,1,7f5b6f7e-1c2d-4a4e-9a51-3a3f1d3c0a01
0827a3d0-b1d2-4153-a83f-f624c825c3e7,c640aed0-dafe-4b59-badf-f4050585c9f4,bdd640fb-0667-4ad1-9c80-317fa3b1799d,3b0b0e6c-5a36-4b8e-8c1e-0d7c5e2f9a11,21.5,441800000.0,9498700000.0,284553000.0,9214147000.0,406351000.0,1,7f5b6f7e-1c2d-4a4e-9a51-3a3f1d3c0a01
b9a98969-c89e-4a1b-9e0c-a330b45e5acf,c640aed0-dafe-4b59-badf-f4050585c9f4,23b8c1e9-3924-46de-beb1-3b9046685257,3b0b0e6c-5a36-4b8e-8c1e-0d7c5e2f9a11,22.5,426700000.0,9600750000.0,287610000.0,9313140000.0,396253000.0,2,7f5b6f7e-1c2d-4a4e-9a51-3a3f1d3c0a01
fa721f51-4706-4b94-a06e-e702713021cf,c640aed0-dafe-4b59-badf-f4050585c9f4,9a1de644-815e-46d1-bb8f-aa1837f8a88b,3b0b0e6c-5a36-4b8e-8c1e-0d7c5e2f9a11,41.5,409200000.0,16981800000.0,508724000.0,16473076000.0,378582000.0,3,7f5b6f7e-1c2d-4a4e-9a51-3a3f1d3c0a01
31e51231-974b-4125-8577-ea0aa10b9435,5fc0f5cc-0acc-406f-ac09-2276f985bb7a,fc377a4c-4a15-444d-85e7-ce8a3a578a8e,3b0b0e6c-5a36-4b8e-8c1e-0d7c5e2f9a11,75.0,604600000.0,45345000000.0,1508036000.0,43836964000.0,529930000.0,1,7f5b6f7e-1c2d-4a4e-9a51-3a3f1d3c0a01
9ad7c30b-f332-4571-85a0-86f4b73a3eef,c38be121-4445-4edb-b21c-70cc61cd28c3,bdd640fb-0667-4ad1-9c80-317fa3b1799d,3b0b0e6c-5a36-4b8e-8c1e-0d7c5e2f9a11,65.0,276500000.0,17972500000.0,909722000.0,17062778000.0,255255000.0,1,7f5b6f7e-1c2d-4a4e-9a51-3a3f1d3c0a01
440f8b8b-0fe2-49f7-8fe5-f7d7bb115b4c,0c5166d5-b8b6-43b0-a912-09fe0ac95cb4,5be6128e-18c2-4797-a142-ea7d17be3111,3b0b0e6c-5a36-4b8e-8c1e-0d7c5e2f9a11,24.0,356300000.0,8551200000.0,402917000.0,8148283000.0,316720000.0,1,7f5b6f7e-1c2d-4a4e-9a51-3a3f1d3c0a01
371a8f3a-7a8d-446c-9fa6-1e30085c43fc,0c5166d5-b8b6-43b0-a912-09fe0ac95cb4,43b7a3a6-9a8d-4a03-980d-7b71d8f56413,3b0b0e6c-5a36-4b8e-8c1e-0d7c5e2f9a11,11.0,374000000.0,4114000000.0,193844000.0,3920156000.0,326525000.0,2,7f5b6f7e-1c2d-4a4e-9a51-3a3f1d3c0a01
2c18a230-16ca-49dc-8d65-a2db32aaea9c,aa9ef56e-be54-47ed-91c8-d2ffe7d4f800,6b65a6a4-8b81-48f6-b38a-088ca65ed389,3b0b0e6c-5a36-4b8e-8c1e-0d7c5e2f9a11,7.0,329400000.0,2305800000.0,62145000.0,2243655000.0,296552000.0,1,7f5b6f7e-1c2d-4a4e-9a51-3a3f1d3c0a01
aa6126a2-f65c-4ace-be4f-50ba0bfb468d,aa9ef56e-be54-47ed-91c8-d2ffe7d4f800,47378190-96da-4dac-b2ff-5d2a386ecbe0,3b0b0e6c-5a36-4b8e-8c1e-0d7c5e2f9a11,8.0,337300000.0,2698400000.0,72727000.0,2625673000.0,302042000.0,2,7f5b6f7e-1c2d-4a4e-9a51-3a3f1d3c0a01
426e0655-3d26-4aa4-924a-bd3178586c79,d33a8a10-de11-4b7f-a301-e886d1a36a15,972a8469-1641-4f82-8b9d-2434e465e150,3b0b0e6c-5a36-4b8e-8c1e-0d7c5e2f9a11,35.0,332400000.0,11634000000.0,693565000.0,10940435000.0,313225000.0,1,7f5b6f7e-1c2d-4a4e-9a51-3a3f1d3c0a01
fdb105c8-1847-499d-868c-fa2dbf5b8aa1,fa213ea0-bbfd-4b48-a508-9df5bc03ae11,a9488d99-0bbb-4599-91ce-5dd2b45ed1f0,3b0b0e6c-5a36-4b8e-8c1e-0d7c5e2f9a11,60.0,569100000.0,34146000000.0,1228194000.0,32917806000.0,500932000.0,1,7f5b6f7e-1c2d-4a4e-9a51-3a3f1d3c0a01
9e8970c2-943a-45c5-93ed-8aa2c1e2241a,3ab883c7-8aa4-41fd-90df-28d02b5ec7c1,9a1de644-815e-46d1-bb8f-aa1837f8a88b,3b0b0e6c-5a36-4b8e-8c1e-0d7c5e2f9a11,70.0,270400000.0,18928000000.0,475419000.0,18452581000.0,243287000.0,1,7f5b6f7e-1c2d-4a4e-9a51-3a3f1d3c0a01
d4653612-90d7-49a4-8eb9-79d54bfc573d,b872f572-7217-4608-a8e9-1b70b15d01ba,1a2a73ed-562b-4f79-8374-59eef50bea63,3b0b0e6c-5a36-4b8e-8c1e-0d7c5e2f9a11,60.0,357100000.0,21426000000.0,282069000.0,21143931000.0,330410000.0,1,7f5b6f7e-1c2d-4a4e-9a51-3a3f1d3c0a01
6c88ae13-6ff9-4b7c-aae0-934160372580,bc2f834a-62d5-425b-b165-538bd180ca99,5be6128e-18c2-4797-a142-ea7d17be3111,3b0b0e6c-5a36-4b8e-8c1e-0d7c5e2f9a11,30.0,419800000.0,12594000000.0,249382000.0,12344618000.0,333462000.0,1,7f5b6f7e-1c2d-4a4e-9a51-3a3f1d3c0a01
b29a4d51-6233-49ab-8038-be278be1ea02,f5142874-fd7c-481a-9de5-f3269385916f,fc377a4c-4a15-444d-85e7-ce8a3a578a8e,3b0b0e6c-5a36-4b8e-8c1e-0d7c5e2f9a11,40.0,476400000.0,19056000000.0,322386000.0,18733614000.0,421814000.0,1,7f5b6f7e-1c2d-4a4e-9a51-3a3f1d3c0a01
6ab84f53-9827-4f3f-b1bb-8f0be80093f5,415377c9-4f82-45c1-85f0-a3efc80c3108,bdd640fb-0667-4ad1-9c80-317fa3b1799d,3b0b0e6c-5a36-4b8e-8c1e-0d7c5e2f9a11,14.5,383500000.0,5560750000.0,136842000.0,5423908000.0,351280000.0,1,7f5b6f7e-1c2d-4a4e-9a51-3a3f1d3c0a01
c00939f2-4819-4b72-a071-572df59251e9,415377c9-4f82-45c1-85f0-a3efc80c3108,9a1de644-815e-46d1-bb8f-aa1837f8a88b,3b0b0e6c-5a36-4b8e-8c1e-0d7c5e2f9a11,4.5,358900000.0,1615050000.0,39744000.0,1575306000.0,323416000.0,2,7f5b6f7e-1c2d-4a4e-9a51-3a3f1d3c0a01
50f16ee3-ab6c-4984-942b-b9a1b568088a,415377c9-4f82-45c1-85f0-a3efc80c3108,23b8c1e9-3924-46de-beb1-3b9046685257,3b0b0e6c-5a36-4b8e-8c1e-0d7c5e2f9a11,11.0,372300000.0,4095300000.0,100779000.0,3994521000.0,343519000.0,3,7f5b6f7e-1c2d-4a4e-9a51-3a3f1d3c0a01
5b06d3a7-d68a-4292-a245-be0fbaa77559,e9cadc2e-04bb-465f-b409-2555567eab20,4b0dbb41-8d52-48f1-942c-3fe860e7a113,3b0b0e6c-5a36-4b8e-8c1e-0d7c5e2f9a11,20.0,456400000.0,9128000000.0,146453000.0,8981547000.0,403914000.0,1,7f5b6f7e-1c2d-4a4e-9a51-3a3f1d3c0a01
17ce2c5f-640f-4f28-b8cc-e08031c1c7d8,0ccff45b-3a58-42f0-a84d-33c0e50406fc,e2acf72f-9e57-4f7a-a0ee-89aed453dd32,3b0b0e6c-5a36-4b8e-8c1e-0d7c5e2f9a11,15.5,587600000.0,9107800000.0,167283000.0,8940517000.0,518610000.0,1,7f5b6f7e-1c2d-4a4e-9a51-3a3f1d3c0a01
d3b422e4-b692-41ff-a641-eccde3f20c3b,0ccff45b-3a58-42f0-a84d-33c0e50406fc,4b0dbb41-8d52-48f1-942c-3fe860e7a113,3b0b0e6c-5a36-4b8e-8c1e-0d7c5e2f9a11,4.5,599600000.0,2698200000.0,49558000.0,2648642000.0,528080000.0,2,7f5b6f7e-1c2d-4a4e-9a51-3a3f1d3c0a01
d04e3506-070b-4dde-b8c3-7f0fe413e149,c7eddb2e-4800-42ba-a785-fafea959f6f8,fc377a4c-4a15-444d-85e7-ce8a3a578a8e,3b0b0e6c-5a36-4b8e-8c1e-0d7c5e2f9a11,15.0,518000000.0,7770000000.0,116307000.0,7653693000.0,456718000.0,1,7f5b6f7e-1c2d-4a4e-9a51-3a3f1d3c0a01
580f3958-a515-4eac-ae53-bb2ff9631d1b,3e9987d7-40e1-4c6d-8c73-7feaaa6fd925,bdd640fb-0667-4ad1-9c80-317fa3b1799d,3b0b0e6c-5a36-4b8e-8c1e-0d7c5e2f9a11,125.0,283600000.0,35450000000.0,1020293000.0,34429707000.0,258528000.0,1,7f5b6f7e-1c2d-4a4e-9a51-3a3f1d3c0a01
e6cb403c-a482-4040-a3f0-d798d40a6bf2,261ec73d-eef1-4360-8b43-083378bf0056,9a1de644-815e-46d1-bb8f-aa1837f8a88b,3b0b0e6c-5a36-4b8e-8c1e-0d7c5e2f9a11,140.0,269900000.0,37786000000.0,971024000.0,36814976000.0,252824000.0,1,7f5b6f7e-1c2d-4a4e-9a51-3a3f1d3c0a01
7765214e-4852-4710-8f7f-627187c7f398,86bb1c41-16e1-43e5-b8f5-89976955db28,47378190-96da-4dac-b2ff-5d2a386ecbe0,3b0b0e6c-5a36-4b8e-8c1e-0d7c5e2f9a11,285.0,416000000.0,118560000000.0,2453805000.0,116106195000.0,371307000.0,1,7f5b6f7e-1c2d-4a4e-9a51-3a3f1d3c0a01
ece063f0-1ed4-41ea-89a6-c6537421684e,698521ca-7b5d-4d26-b3f3-1886df8e520e,ddd1dfb2-3b98-4ef8-9af6-1a26146d3f31,3b0b0e6c-5a36-4b8e-8c1e-0d7c5e2f9a11,135.0,347400000.0,46899000000.0,1016306000.0,45882694000.0,315558000.0,1,7f5b6f7e-1c2d-4a4e-9a51-3a3f1d3c0a01
900cc11e-8a4e-40b9-bfe6-9ea313c10a4d,4953c8c9-ed39-4d84-bcb5-e7df3a815c46,a9488d99-0bbb-4599-91ce-5dd2b45ed1f0,3b0b0e6c-5a36-4b8e-8c1e-0d7c5e2f9a11,160.0,483800000.0,77408000000.0,1968829000.0,75439171000.0,417518000.0,1,7f5b6f7e-1c2d-4a4e-9a51-3a3f1d3c0a01
00027ea3-2214-46a5-b38c-c05d76bde07f,194918ab-b592-486f-9d4b-fd1aa696d34f,a9488d99-0bbb-4599-91ce-5dd2b45ed1f0,3b0b0e6c-5a36-4b8e-8c1e-0d7c5e2f9a11,210.0,585900000.0,123039000000.0,2321039000.0,120717961000.0,517758000.0,1,7f5b6f7e-1c2d-4a4e-9a51-3a3f1d3c0a01
02b90661-21e6-40de-8880-e35ccc97ac05,1e154d8d-052a-475d-a8c4-27b3eb6b74ef,47378190-96da-4dac-b2ff-5d2a386ecbe0,3b0b0e6c-5a36-4b8e-8c1e-0d7c5e2f9a11,14.5,518900000.0,7524050000.0,200070000.0,7323980000.0,469395000.0,1,7f5b6f7e-1c2d-4a4e-9a51-3a3f1d3c0a01
2722585b-d0de-4047-8867-7ba222d69852,1e154d8d-052a-475d-a8c4-27b3eb6b74ef,c241330b-01a9-471f-9e8a-774bcf36d58b,3b0b0e6c-5a36-4b8e-8c1e-0d7c5e2f9a11,75.5,558100000.0,42136550000.0,1120442000.0,41016108000.0,501512000.0,2,7f5b6f7e-1c2d-4a4e-9a51-3a3f1d3c0a01
a1907b0c-b8f2-4a2a-be76-74a90c91331b,c03abeba-d9b5-4d08-abec-e8bfc781d228,5be6128e-18c2-4797-a142-ea7d17be3111,3b0b0e6c-5a36-4b8e-8c1e-0d7c5e2f9a11,24.0,334000000.0,8016000000.0,357880000.0,7658120000.0,305065000.0,1,7f5b6f7e-1c2d-4a4e-9a51-3a3f1d3c0a01
fa09891b-89e5-42fc-9c84-cf4ee8f6ff0b,c03abeba-d9b5-4d08-abec-e8bfc781d228,1a2a73ed-562b-4f79-8374-59eef50bea63,3b0b0e6c-5a36-4b8e-8c1e-0d7c5e2f9a11,1.0,341200000.0,341200000.0,15233000.0,325967000.0,311540000.0,2,7f5b6f7e-1c2d-4a4e-9a51-3a3f1d3c0a01
c08724f3-58e3-459e-98fb-bbcb6332b5f8,a4617393-7a8f-474f-b9e3-cdd383875b58,23b8c1e9-3924-46de-beb1-3b9046685257,3b0b0e6c-5a36-4b8e-8c1e-0d7c5e2f9a11,90.0,273200000.0,24588000000.0,1269879000.0,23318121000.0,252918000.0,1,7f5b6f7e-1c2d-4a4e-9a51-3a3f1d3c0a01
3acc27b5-19ed-4cdd-86e0-4a7816d68c98,174ddf85-379c-4b7d-8e3f-a37c76361853,5be6128e-18c2-4797-a142-ea7d17be3111,3b0b0e6c-5a36-4b8e-8c1e-0d7c5e2f9a11,10.0,356300000.0,3563000000.0,133685000.0,3429315000.0,316720000.0,1,7f5b6f7e-1c2d-4a4e-9a51-3a3f1d3c0a01
b2680d21-e0f2-49b9-8773-24d02595148a,468f06a3-0e11-43f4-ae7b-8465f91b02cc,c241330b-01a9-471f-9e8a-774bcf36d58b,3b0b0e6c-5a36-4b8e-8c1e-0d7c5e2f9a11,40.0,371000000.0,14840000000.0,744538000.0,14095462000.0,333884000.0,1,7f5b6f7e-1c2d-4a4e-9a51-3a3f1d3c0a01
00c61c36-ee5e-40e6-9064-5262c3b504d1,82d39a40-b75d-4380-9f14-f5345d18e7e2,6c307511-b2b9-437a-a8df-6ec4ce4a2bbd,3b0b0e6c-5a36-4b8e-8c1e-0d7c5e2f9a11,110.0,400800000.0,44088000000.0,1667946000.0,42420054000.0,376888000.0,1,7f5b6f7e-1c2d-4a4e-9a51-3a3f1d3c0a01
443e2708-d17f-4ee0-a8cb-c87b877350c4,c04b0b5a-3bea-46fc-bc0a-4e3e524dbb4d,5be6128e-18c2-4797-a142-ea7d17be3111,3b0b0e6c-5a36-4b8e-8c1e-0d7c5e2f9a11,45.0,334000000.0,15030000000.0,398351000.0,14631649000.0,305065000.0,1,7f5b6f7e-1c2d-4a4e-9a51-3a3f1d3c0a01
2e4e6604-b0a7-436e-a649-963e7d2bf491,a191a744-d5de-4577-9148-21e943c88245,5be6128e-18c2-4797-a142-ea7d17be3111,3b0b0e6c-5a36-4b8e-8c1e-0d7c5e2f9a11,8.0,356300000.0,2850400000.0,42842000.0,2807558000.0,316720000.0,1,7f5b6f7e-1c2d-4a4e-9a51-3a3f1d3c0a01
1101adf9-8ae6-419f-8373-ec39071b14ab,a191a744-d5de-4577-9148-21e943c88245,43b7a3a6-9a8d-4a03-980d-7b71d8f56413,3b0b0e6c-5a36-4b8e-8c1e-0d7c5e2f9a11,32.0,374000000.0,11968000000.0,179880000.0,11788120000.0,326525000.0,2,7f5b6f7e-1c2d-4a4e-9a51-3a3f1d3c0a01
dd50a4d5-3e1c-4199-9dae-4558e4d34c3a,4eea05a5-cd4d-41a0-8a3b-b16e205d8273,5be6128e-18c2-4797-a142-ea7d17be3111,3b0b0e6c-5a36-4b8e-8c1e-0d7c5e2f9a11,62.5,353600000.0,22100000000.0,492267000.0,21607733000.0,328468000.0,1,7f5b6f7e-1c2d-4a4e-9a51-3a3f1d3c0a01
e366e91f-a4b1-4b2b-8708-2751c28a21a7,4eea05a5-cd4d-41a0-8a3b-b16e205d8273,43b7a3a6-9a8d-4a03-980d-7b71d8f56413,3b0b0e6c-5a36-4b8e-8c1e-0d7c5e2f9a11,27.5,368400000.0,10131000000.0,225663000.0,9905337000.0,338458000.0,2,7f5b6f7e-1c2d-4a4e-9a51-3a3f1d3c0a01
af1194fa-8492-4acb-bda5-0a319df6211f,2b195f4d-f752-40c3-89ec-c7889c236e91,5be6128e-18c2-4797-a142-ea7d17be3111,3b0b0e6c-5a36-4b8e-8c1e-0d7c5e2f9a11,205.0,419800000.0,86059000000.0,2922961000.0,83136039000.0,333462000.0,1,7f5b6f7e-1c2d-4a4e-9a51-3a3f1d3c0a01
1ab0b783-053c-4116-8029-b7b881924180,2ce90be9-59e2-4d06-84aa-1676d9d29c20,5be6128e-18c2-4797-a142-ea7d17be3111,3b0b0e6c-5a36-4b8e-8c1e-0d7c5e2f9a11,130.0,450400000.0,58552000000.0,1734786000.0,56817214000.0,403948000.0,1,7f5b6f7e-1c2d-4a4e-9a51-3a3f1d3c0a01
3b4c2569-d7de-4ce1-ac59-10d7cbd980fd,8d3b4a17-52c5-4522-9a6d-93d922a88aba,1a2a73ed-562b-4f79-8374-59eef50bea63,3b0b0e6c-5a36-4b8e-8c1e-0d7c5e2f9a11,83.5,474200000.0,39595700000.0,855903000.0,38739797000.0,420135000.0,1,7f5b6f7e-1c2d-4a4e-9a51-3a3f1d3c0a01
442f4a47-0fa9-4ad1-9b82-ae71f5f15c15,8d3b4a17-52c5-4522-9a6d-93d922a88aba,43b7a3a6-9a8d-4a03-980d-7b71d8f56413,3b0b0e6c-5a36-4b8e-8c1e-0d7c5e2f9a11,61.5,484700000.0,29809050000.0,644354000.0,29164696000.0,430218000.0,2,7f5b6f7e-1c2d-4a4e-9a51-3a3f1d3c0a01
b303b4d4-33ca-449c-b426-6abcf5d78ff2,4e898fc3-be85-40b6-ab0e-77c75adcfb20,759cde66-bacf-43d0-8b1f-9163ce9ff57f,3b0b0e6c-5a36-4b8e-8c1e-0d7c5e2f9a11,50.0,647000000.0,32350000000.0,933364000.0,31416636000.0,584178000.0,1,7f5b6f7e-1c2d-4a4e-9a51-3a3f1d3c0a01
a3bf6775-4a21-440b-90ec-0065613b1ff5,9b870d68-a3cd-446c-9044-b772b39cd5ae,23b8c1e9-3924-46de-beb1-3b9046685257,3b0b0e6c-5a36-4b8e-8c1e-0d7c5e2f9a11,180.0,281900000.0,50742000000.0,986666000.0,49755334000.0,265353000.0,1,7f5b6f7e-1c2d-4a4e-9a51-3a3f1d3c0a01
ce866e68-c4d5-4953-a895-41af084fa02c,d8ac924f-7eda-4377-866c-38ae88451d69,a9488d99-0bbb-4599-91ce-5dd2b45ed1f0,3b0b0e6c-5a36-4b8e-8c1e-0d7c5e2f9a11,125.0,479600000.0,59950000000.0,1636827000.0,58313173000.0,410000000.0,1,7f5b6f7e-1c2d-4a4e-9a51-3a3f1d3c0a01
77d2ac10-5cd5-4329-814f-b5051ea17a57,e541a851-b9e7-47c5-9ea4-fe5d9eb43be4,bd9c66b3-ad3c-4d6d-9a3d-1fa7bc8960a9,3b0b0e6c-5a36-4b8e-8c1e-0d7c5e2f9a11,132.5,337100000.0,44665750000.0,949674000.0,43716076000.0,328278000.0,1,7f5b6f7e-1c2d-4a4e-9a51-3a3f1d3c0a01
4e6c5844-a321-460d-878b-74afa0934f1c,e541a851-b9e7-47c5-9ea4-fe5d9eb43be4,972a8469-1641-4f82-8b9d-2434e465e150,3b0b0e6c-5a36-4b8e-8c1e-0d7c5e2f9a11,107.5,335000000.0,36012500000.0,765690000.0,35246810000.0,324352000.0,2,7f5b6f7e-1c2d-4a4e-9a51-3a3f1d3c0a01
dbd51971-2425-4dff-bd10-1d5844ec890c,83f01e6a-e4a5-49e6-94ce-ce8622df084c,9a1de644-815e-46d1-bb8f-aa1837f8a88b,3b0b0e6c-5a36-4b8e-8c1e-0d7c5e2f9a11,80.0,335600000.0,26848000000.0,529463000.0,26318537000.0,311355000.0,1,7f5b6f7e-1c2d-4a4e-9a51-3a3f1d3c0a01
463d14ca-192d-4a7c-8dc9-567a354a6944,352408c0-593a-4fbb-893c-f12e71f379a9,371ecd7b-27cd-4130-8722-9389571aa876,3b0b0e6c-5a36-4b8e-8c1e-0d7c5e2f9a11,205.0,429600000.0,88068000000.0,1827940000.0,86240060000.0,393633000.0,1,7f5b6f7e-1c2d-4a4e-9a51-3a3f1d3c0a01
603d64d4-b540-4f32-811c-5fc02a34f385,a69e3e0a-80e8-490a-9f6a-069567276be8,1a2a73ed-562b-4f79-8374-59eef50bea63,3b0b0e6c-5a36-4b8e-8c1e-0d7c5e2f9a11,2.5,357100000.0,892750000.0,16487000.0,876263000.0,330410000.0,1,7f5b6f7e-1c2d-4a4e-9a51-3a3f1d3c0a01
0e034580-0890-496f-b526-16f4f98e7156,a69e3e0a-80e8-490a-9f6a-069567276be8,43b7a3a6-9a8d-4a03-980d-7b71d8f56413,3b0b0e6c-5a36-4b8e-8c1e-0d7c5e2f9a11,9.0,365900000.0,3293100000.0,60816000.0,3232284000.0,345950000.0,2,7f5b6f7e-1c2d-4a4e-9a51-3a3f1d3c0a01
254dcaac-e08d-48e2-a1ea-9a5fd4e969f4,a69e3e0a-80e8-490a-9f6a-069567276be8,5be6128e-18c2-4797-a142-ea7d17be3111,3b0b0e6c-5a36-4b8e-8c1e-0d7c5e2f9a11,19.0,355100000.0,6746900000.0,124600000.0,6622300000.0,329578000.0,3,7f5b6f7e-1c2d-4a4e-9a51-3a3f1d3c0a01
959ed2ca-ba28-4fa8-879a-7b026c2412dd,64422db4-825a-46a7-812f-670138db73e7,6c307511-b2b9-437a-a8df-6ec4ce4a2bbd,3b0b0e6c-5a36-4b8e-8c1e-0d7c5e2f9a11,20.0,330100000.0,6602000000.0,136522000.0,6465478000.0,305976000.0,1,7f5b6f7e-1c2d-4a4e-9a51-3a3f1d3c0a01
a39c0f8a-1d99-4354-bb1a-0af59dae0d3a,2a1fbf09-170b-4b9a-a9d5-dbd3f7434808,6c307511-b2b9-437a-a8df-6ec4ce4a2bbd,3b0b0e6c-5a36-4b8e-8c1e-0d7c5e2f9a11,35.0,398400000.0,13944000000.0,251964000.0,13692036000.0,366366000.0,1,7f5b6f7e-1c2d-4a4e-9a51-3a3f1d3c0a01
cbfbcbc3-d242-4e88-ad5e-b7399e98cb78,46b33b61-0d10-48af-9e9d-c7520097c6dd,b74d0fb1-32e7-4629-8fad-c1a606cb0fb3,3b0b0e6c-5a36-4b8e-8c1e-0d7c5e2f9a11,70.0,417600000.0,29232000000.0,425088000.0,28806912000.0,399306000.0,1,7f5b6f7e-1c2d-4a4e-9a51-3a3f1d3c0a01
bc3ecc1a-42c3-48e5-93ed-466924f79fd1,3fae25c0-6757-4df9-8515-f28dc0d05e59,47378190-96da-4dac-b2ff-5d2a386ecbe0,3b0b0e6c-5a36-4b8e-8c1e-0d7c5e2f9a11,65.0,435900000.0,28333500000.0,475809000.0,27857691000.0,396927000.0,1,7f5b6f7e-1c2d-4a4e-9a51-3a3f1d3c0a01
4a3b778d-79fb-40a4-871d-0dc2c1e30dfa,59e75c59-a9ca-4ed4-b873-eb3312a8ba6b,5be6128e-18c2-4797-a142-ea7d17be3111,3b0b0e6c-5a36-4b8e-8c1e-0d7c5e2f9a11,15.0,461700000.0,6925500000.0,179837000.0,6745663000.0,425222000.0,1,7f5b6f7e-1c2d-4a4e-9a51-3a3f1d3c0a01
70b11416-c683-4e2c-9c97-07d5ec85b81a,a559ff1c-1259-41c8-9438-2e2a2a9592b7,5be6128e-18c2-4797-a142-ea7d17be3111,3b0b0e6c-5a36-4b8e-8c1e-0d7c5e2f9a11,17.0,519900000.0,8838300000.0,192380000.0,8645920000.0,463795000.0,1,7f5b6f7e-1c2d-4a4e-9a51-3a3f1d3c0a01
9fa6a066-29b6-4e29-9a42-1762f4e4df87,a559ff1c-1259-41c8-9438-2e2a2a9592b7,43b7a3a6-9a8d-4a03-980d-7b71d8f56413,3b0b0e6c-5a36-4b8e-8c1e-0d7c5e2f9a11,8.0,543400000.0,4347200000.0,94624000.0,4252576000.0,485070000.0,2,7f5b6f7e-1c2d-4a4e-9a51-3a3f1d3c0a01
48672cfd-9a0b-4533-aedb-360be6dc8578,5a82a015-f24c-42e5-b9ae-235fb7637bcd,47378190-96da-4dac-b2ff-5d2a386ecbe0,3b0b0e6c-5a36-4b8e-8c1e-0d7c5e2f9a11,35.0,518900000.0,18161500000.0,259499000.0,17902001000.0,469395000.0,1,7f5b6f7e-1c2d-4a4e-9a51-3a3f1d3c0a01
a316180e-a8f4-4e25-ac19-a5d95960f766,8a77bd44-327b-4d1f-8bd6-dfbc3b6509c1,9a1de644-815e-46d1-bb8f-aa1837f8a88b,3b0b0e6c-5a36-4b8e-8c1e-0d7c5e2f9a11,25.0,416900000.0,10422500000.0,210826000.0,10211674000.0,382602000.0,1,7f5b6f7e-1c2d-4a4e-9a51-3a3f1d3c0a01
81326ba5-1f19-42a3-8ed9-fafe0de6a727,39e68ba1-55b5-4bd8-8eb8-1feee98a5e88,43b7a3a6-9a8d-4a03-980d-7b71d8f56413,3b0b0e6c-5a36-4b8e-8c1e-0d7c5e2f9a11,15.0,365900000.0,5488500000.0,176679000.0,5311821000.0,345950000.0,1,7f5b6f7e-1c2d-4a4e-9a51-3a3f1d3c0a01
3e22209b-9417-438e-9742-2293be907bf9,4e6792a6-e39e-4dcf-8de1-4304742efb99,47378190-96da-4dac-b2ff-5d2a386ecbe0,3b0b0e6c-5a36-4b8e-8c1e-0d7c5e2f9a11,45.0,495700000.0,22306500000.0,773042000.0,21533458000.0,439932000.0,1,7f5b6f7e-1c2d-4a4e-9a51-3a3f1d3c0a01
e563c53a-d53e-4ab7-a8fe-f7df0f94be1a,f6cada89-973a-4c79-9a5e-ea62fb50cdf5,43b7a3a6-9a8d-4a03-980d-7b71d8f56413,3b0b0e6c-5a36-4b8e-8c1e-0d7c5e2f9a11,152.5,584500000.0,89136250000.0,4079151000.0,85057099000.0,525770000.0,1,7f5b6f7e-1c2d-4a4e-9a51-3a3f1d3c0a01
c6f5cabd-ff54-4463-81f7-a6697a85c3af,f6cada89-973a-4c79-9a5e-ea62fb50cdf5,1a2a73ed-562b-4f79-8374-59eef50bea63,3b0b0e6c-5a36-4b8e-8c1e-0d7c5e2f9a11,32.5,572400000.0,18603000000.0,851331000.0,17751669000.0,507918000.0,2,7f5b6f7e-1c2d-4a4e-9a51-3a3f1d3c0a01
dfa29514-466a-4eab-9f8a-515ffbebf612,b4c173b8-0a8b-4ee1-bdbd-2a439d349e8a,bd9c66b3-ad3c-4d6d-9a3d-1fa7bc8960a9,3b0b0e6c-5a36-4b8e-8c1e-0d7c5e2f9a11,54.5,258300000.0,14077350000.0,252644000.0,13824706000.0,241510000.0,1,7f5b6f7e-1c2d-4a4e-9a51-3a3f1d3c0a01
ba671676-1040-4783-985b-99682936b959,b4c173b8-0a8b-4ee1-bdbd-2a439d349e8a,9a1de644-815e-46d1-bb8f-aa1837f8a88b,3b0b0e6c-5a36-4b8e-8c1e-0d7c5e2f9a11,39.0,250300000.0,9761700000.0,175192000.0,9586508000.0,234030000.0,2,7f5b6f7e-1c2d-4a4e-9a51-3a3f1d3c0a01
31e47f6d-9279-4b78-990c-94fa63e95074,b4c173b8-0a8b-4ee1-bdbd-2a439d349e8a,23b8c1e9-3924-46de-beb1-3b9046685257,3b0b0e6c-5a36-4b8e-8c1e-0d7c5e2f9a11,11.5,262100000.00000003,3014150000.0000005,54095000.0,2960055000.0000005,245064000.0,3,7f5b6f7e-1c2d-4a4e-9a51-3a3f1d3c0a01
c430d96d-1567-48ad-a109-a1559059a637,c7d3734f-21cd-4a9e-84b9-b86897b734a6,9a1de644-815e-46d1-bb8f-aa1837f8a88b,3b0b0e6c-5a36-4b8e-8c1e-0d7c5e2f9a11,40.0,255100000.0,10204000000.0,270470000.0,9933530000.0,234030000.0,1,7f5b6f7e-1c2d-4a4e-9a51-3a3f1d3c0a01
d24387ba-d87e-4ab6-be8d-51fa7e0bd2ce,33e862aa-fe08-4342-819c-0a47fab6ef16,371ecd7b-27cd-4130-8722-9389571aa876,3b0b0e6c-5a36-4b8e-8c1e-0d7c5e2f9a11,90.0,320100000.0,28809000000.0,595989000.0,28213011000.0,283467000.0,1,7f5b6f7e-1c2d-4a4e-9a51-3a3f1d3c0a01
c9ffb0b9-f10a-4b2d-86cf-8b86cc2c493d,9fe519da-4981-4fa7-a68b-95c0c89799c9,fc377a4c-4a15-444d-85e7-ce8a3a578a8e,3b0b0e6c-5a36-4b8e-8c1e-0d7c5e2f9a11,25.0,604600000.0,15115000000.0,332248000.0,14782752000.0,529930000.0,1,7f5b6f7e-1c2d-4a4e-9a51-3a3f1d3c0a01
c8916883-ef7f-4e02-abb9-fa00410f9e80,96998c50-7b7a-4688-a48b-d58b79eb343d,47378190-96da-4dac-b2ff-5d2a386ecbe0,3b0b0e6c-5a36-4b8e-8c1e-0d7c5e2f9a11,25.0,518900000.0,12972500000.0,314156000.0,12658344000.0,469395000.0,1,7f5b6f7e-1c2d-4a4e-9a51-3a3f1d3c0a01
4ac250fa-eae8-446b-b0ac-70228d21fd29,96998c50-7b7a-4688-a48b-d58b79eb343d,c241330b-01a9-471f-9e8a-774bcf36d58b,3b0b0e6c-5a36-4b8e-8c1e-0d7c5e2f9a11,15.0,558100000.0,8371500000.0,202733000.0,8168767000.0,501512000.0,2,7f5b6f7e-1c2d-4a4e-9a51-3a3f1d3c0a01
18256a56-f33e-4855-ba7d-30414d361726,3f3ebaae-50d8-452e-8205-85d9cad827ec,6b65a6a4-8b81-48f6-b38a-088ca65ed389,3b0b0e6c-5a36-4b8e-8c1e-0d7c5e2f9a11,60.0,324100000.0,19446000000.0,183313000.0,19262687000.0,292434000.0,1,7f5b6f7e-1c2d-4a4e-9a51-3a3f1d3c0a01
04205a46-3255-433f-a12f-1564fa2741fb,3f3ebaae-50d8-452e-8205-85d9cad827ec,47378190-96da-4dac-b2ff-5d2a386ecbe0,3b0b0e6c-5a36-4b8e-8c1e-0d7c5e2f9a11,110.0,330100000.0,36311000000.0,342295000.0,35968705000.0,294996000.0,2,7f5b6f7e-1c2d-4a4e-9a51-3a3f1d3c0a01
96a7475e-5450-49d8-8618-5b6e201801be,f9b84dea-52d0-468f-942f-90280ee011ac,23b8c1e9-3924-46de-beb1-3b9046685257,3b0b0e6c-5a36-4b8e-8c1e-0d7c5e2f9a11,270.0,273200000.0,73764000000.0,1257791000.0,72506209000.0,252918000.0,1,7f5b6f7e-1c2d-4a4e-9a51-3a3f1d3c0a01
cba716f1-5504-4534-b3d5-cd3e83754810,ff0a35eb-ea04-4ec5-a784-ecb640718464,972a8469-1641-4f82-8b9d-2434e465e150,3b0b0e6c-5a36-4b8e-8c1e-0d7c5e2f9a11,230.0,346900000.0,79787000000.0,1920087000.0,77866913000.0,309952000.0,1,7f5b6f7e-1c2d-4a4e-9a51-3a3f1d3c0a01
67cf0a44-e96f-45c0-b0ec-6b2fdadcd1dd,dcd1b568-c2eb-498b-8ec5-85d7ca2507be,9a1de644-815e-46d1-bb8f-aa1837f8a88b,3b0b0e6c-5a36-4b8e-8c1e-0d7c5e2f9a11,65.0,416900000.0,27098500000.0,491033000.0,26607467000.0,382602000.0,1,7f5b6f7e-1c2d-4a4e-9a51-3a3f1d3c0a01
cf99810f-b1ce-4cfc-8587-0ce4db698d0b,a4aef6bb-e947-4456-87d8-7897ce72f297,ddd1dfb2-3b98-4ef8-9af6-1a26146d3f31,3b0b0e6c-5a36-4b8e-8c1e-0d7c5e2f9a11,210.0,410400000.0,86184000000.0,2388201000.0,83795799000.0,382298000.0,1,7f5b6f7e-1c2d-4a4e-9a51-3a3f1d3c0a01
d3f40a13-4fad-48d5-9695-bc209bab5f77,c6608fed-89b4-4919-a5b5-19ead0e5350e,23b8c1e9-3924-46de-beb1-3b9046685257,3b0b0e6c-5a36-4b8e-8c1e-0d7c5e2f9a11,86.5,431400000.0,37316100000.0,742402000.0,36573698000.0,398964000.0,1,7f5b6f7e-1c2d-4a4e-9a51-3a3f1d3c0a01
3dc97178-e5cd-4ebb-b68e-f9d3c09822c0,c6608fed-89b4-4919-a5b5-19ead0e5350e,972a8469-1641-4f82-8b9d-2434e465e150,3b0b0e6c-5a36-4b8e-8c1e-0d7c5e2f9a11,12.0,424400000.0,5092800000.0,101321000.0,4991479000.0,389147000.0,2,7f5b6f7e-1c2d-4a4e-9a51-3a3f1d3c0a01
9172e37e-71a8-4f24-b8d1-5f33cdd3bf41,c6608fed-89b4-4919-a5b5-19ead0e5350e,9a1de644-815e-46d1-bb8f-aa1837f8a88b,3b0b0e6c-5a36-4b8e-8c1e-0d7c5e2f9a11,11.5,416900000.0,4794350000.0,95383000.0,4698967000.0,382602000.0,3,7f5b6f7e-1c2d-4a4e-9a51-3a3f1d3c0a01
6e4ff401-4b37-41d4-ac09-0225b150366c,713b6863-b232-48cb-9f95-7c27d0121a18,17fc695a-07a0-4a6e-8822-e8f36c031199,3b0b0e6c-5a36-4b8e-8c1e-0d7c5e2f9a11,13.0,267500000.0,3477500000.0,197308000.0,3280192000.0,248804000.0,1,7f5b6f7e-1c2d-4a4e-9a51-3a3f1d3c0a01
21e2aa19-7b06-4125-b09b-eb7d3700babd,713b6863-b232-48cb-9f95-7c27d0121a18,bdd640fb-0667-4ad1-9c80-317fa3b1799d,3b0b0e6c-5a36-4b8e-8c1e-0d7c5e2f9a11,7.0,283600000.0,1985200000.0,112637000.0,1872563000.0,258528000.0,2,7f5b6f7e-1c2d-4a4e-9a51-3a3f1d3c0a01
bec6f850-76de-41cb-82e4-54afc4704d06,8419d404-3aa9-4b09-b6df-d39a72d1631a,9a1de644-815e-46d1-bb8f-aa1837f8a88b,3b0b0e6c-5a36-4b8e-8c1e-0d7c5e2f9a11,40.0,323800000.0,12952000000.0,482857000.0,12469143000.0,258247000.0,1,7f5b6f7e-1c2d-4a4e-9a51-3a3f1d3c0a01
45377056-1ac4-46a0-a651-5d43eed9dcbc,38636214-9972-42d0-9a50-bd3a8eb209bc,17fc695a-07a0-4a6e-8822-e8f36c031199,3b0b0e6c-5a36-4b8e-8c1e-0d7c5e2f9a11,40.0,334200000.0,13368000000.0,798628000.0,12569372000.0,309111000.0,1,7f5b6f7e-1c2d-4a4e-9a51-3a3f1d3c0a01
2af0a5a9-e8bb-435c-b3d4-7920f82f59a1,6ef0e441-d368-4a72-876d-06e54860d063,bdd640fb-0667-4ad1-9c80-317fa3b1799d,3b0b0e6c-5a36-4b8e-8c1e-0d7c5e2f9a11,18.5,359700000.0,6654450000.0,241784000.0,6412666000.0,326034000.0,1,7f5b6f7e-1c2d-4a4e-9a51-3a3f1d3c0a01
e3e2842b-2d5e-4c67-ab24-fc161174ee3e,6ef0e441-d368-4a72-876d-06e54860d063,9a1de644-815e-46d1-bb8f-aa1837f8a88b,3b0b0e6c-5a36-4b8e-8c1e-0d7c5e2f9a11,6.5,335600000.0,2181400000.0,79260000.0,2102140000.0,311355000.0,2,7f5b6f7e-1c2d-4a4e-9a51-3a3f1d3c0a01
8d82442c-b83e-43b7-a30d-ebddcde55273,9bfe154d-1673-4317-b3d4-56214eb011c2,17fc695a-07a0-4a6e-8822-e8f36c031199,3b0b0e6c-5a36-4b8e-8c1e-0d7c5e2f9a11,21.0,361900000.0,7599900000.0,347014000.0,7252886000.0,334730000.0,1,7f5b6f7e-1c2d-4a4e-9a51-3a3f1d3c0a01
95a31563-952f-43ab-923b-8bc50487bf8f,9bfe154d-1673-4317-b3d4-56214eb011c2,bdd640fb-0667-4ad1-9c80-317fa3b1799d,3b0b0e6c-5a36-4b8e-8c1e-0d7c5e2f9a11,4.5,383500000.0,1725750000.0,78798000.0,1646952000.0,351280000.0,2,7f5b6f7e-1c2d-4a4e-9a51-3a3f1d3c0a01
ddaa559f-5f72-4c0e-b90b-0ad93e22b58c,9bfe154d-1673-4317-b3d4-56214eb011c2,23b8c1e9-3924-46de-beb1-3b9046685257,3b0b0e6c-5a36-4b8e-8c1e-0d7c5e2f9a11,19.0,372300000.0,7073700000.0,322988000.0,6750712000.0,343519000.0,3,7f5b6f7e-1c2d-4a4e-9a51-3a3f1d3c0a01
84ca4e74-0fec-4c3c-92ee-ec85fab1f277,5a5890e3-2bcb-4476-877f-99d25c5826d9,c241330b-01a9-471f-9e8a-774bcf36d58b,3b0b0e6c-5a36-4b8e-8c1e-0d7c5e2f9a11,17.5,574400000.0,10052000000.0,298188000.0,9753812000.0,510662000.0,1,7f5b6f7e-1c2d-4a4e-9a51-3a3f1d3c0a01
7e04dc1c-2566-48bd-add9-84c171a2cfe8,5a5890e3-2bcb-4476-877f-99d25c5826d9,6b65a6a4-8b81-48f6-b38a-088ca65ed389,3b0b0e6c-5a36-4b8e-8c1e-0d7c5e2f9a11,12.5,536200000.00000006,6702500000.000001,198827000.0,6503673000.000001,475342000.0,2,7f5b6f7e-1c2d-4a4e-9a51-3a3f1d3c0a01
94d96179-2202-45e9-a9cf-8fc9c2512216,f86e6061-2a96-4d10-941a-daef20dd2452,bdd640fb-0667-4ad1-9c80-317fa3b1799d,3b0b0e6c-5a36-4b8e-8c1e-0d7c5e2f9a11,5.0,460700000.0,2303500000.0,105499000.0,2198001000.0,419348000.0,1,7f5b6f7e-1c2d-4a4e-9a51-3a3f1d3c0a01
a3c6e768-b465-4081-ac97-fb2625d98a02,f86e6061-2a96-4d10-941a-daef20dd2452,bd9c66b3-ad3c-4d6d-9a3d-1fa7bc8960a9,3b0b0e6c-5a36-4b8e-8c1e-0d7c5e2f9a11,14.0,439200000.0,6148800000.0,281612000.0,5867188000.0,396627000.0,2,7f5b6f7e-1c2d-4a4e-9a51-3a3f1d3c0a01
5a1980e5-7e61-45c5-bcee-0d895b758f66,f86e6061-2a96-4d10-941a-daef20dd2452,9a1de644-815e-46d1-bb8f-aa1837f8a88b,3b0b0e6c-5a36-4b8e-8c1e-0d7c5e2f9a11,11.0,427500000.0,4702500000.0,215372000.0,4487128000.0,389802000.0,3,7f5b6f7e-1c2d-4a4e-9a51-3a3f1d3c0a01
70035973-6e81-461d-a33c-4dc195060cf5,5a81272a-231d-4b7d-8366-63c10da8d5b2,972a8469-1641-4f82-8b9d-2434e465e150,3b0b0e6c-5a36-4b8e-8c1e-0d7c5e2f9a11,18.5,253200000.0,4684200000.0,77240000.0,4606960000.0,236742000.0,1,7f5b6f7e-1c2d-4a4e-9a51-3a3f1d3c0a01
3c7f30da-740e-4371-b54d-6e5a5219ee73,5a81272a-231d-4b7d-8366-63c10da8d5b2,bd9c66b3-ad3c-4d6d-9a3d-1fa7bc8960a9,3b0b0e6c-5a36-4b8e-8c1e-0d7c5e2f9a11,11.5,258300000.0,2970450000.0,48981000.0,2921469000.0,241510000.0,2,7f5b6f7e-1c2d-4a4e-9a51-3a3f1d3c0a01
2ce70822-dc96-4387-a124-646113fe7335,6621cf6c-901e-43a1-80ea-4fecf04f70ad,23b8c1e9-3924-46de-beb1-3b9046685257,3b0b0e6c-5a36-4b8e-8c1e-0d7c5e2f9a11,30.5,273200000.0,8332600000.0,293081000.0,8039519000.0,252918000.0,1,7f5b6f7e-1c2d-4a4e-9a51-3a3f1d3c0a01
ff2aad54-bd7e-4e3c-b8c3-32392c3d1f7f,6621cf6c-901e-43a1-80ea-4fecf04f70ad,bd9c66b3-ad3c-4d6d-9a3d-1fa7bc8960a9,3b0b0e6c-5a36-4b8e-8c1e-0d7c5e2f9a11,24.5,272500000.0,6676250000.0,234823000.0,6441427000.0,246934000.0,2,7f5b6f7e-1c2d-4a4e-9a51-3a3f1d3c0a01
e554e736-3c6b-437c-8894-a199c9a34f92,b0f27c82-274e-41d7-ae29-0c97b61ca774,5be6128e-18c2-4797-a142-ea7d17be3111,3b0b0e6c-5a36-4b8e-8c1e-0d7c5e2f9a11,29.5,459700000.0,13561150000.0,226784000.0,13334366000.0,416620000.0,1,7f5b6f7e-1c2d-4a4e-9a51-3a3f1d3c0a01
b1b5d7fd-1e8c-4911-a040-c35c9b6a0f8b,b0f27c82-274e-41d7-ae29-0c97b61ca774,43b7a3a6-9a8d-4a03-980d-7b71d8f56413,3b0b0e6c-5a36-4b8e-8c1e-0d7c5e2f9a11,25.5,465100000.0,11860050000.0,198336000.0,11661714000.0,430032000.0,2,7f5b6f7e-1c2d-4a4e-9a51-3a3f1d3c0a01
3e53d431-486e-42d7-8845-47d3338755f3,b0f27c82-274e-41d7-ae29-0c97b61ca774,1a2a73ed-562b-4f79-8374-59eef50bea63,3b0b0e6c-5a36-4b8e-8c1e-0d7c5e2f9a11,14.5,454200000.0,6585900000.0,110136000.0,6475764000.0,426795000.0,3,7f5b6f7e-1c2d-4a4e-9a51-3a3f1d3c0a01
24ce5166-a1eb-4d05-94e4-d21bd726ffc3,e2657cab-e99f-4250-abe3-7e47ff489775,6c307511-b2b9-437a-a8df-6ec4ce4a2bbd,3b0b0e6c-5a36-4b8e-8c1e-0d7c5e2f9a11,25.0,312600000.0,7815000000.0,243429000.0,7571571000.0,282552000.0,1,7f5b6f7e-1c2d-4a4e-9a51-3a3f1d3c0a01
ce725373-4655-423b-bb27-5d0266eaf652,2ada1c65-be8a-4371-84e3-835d0b787233,bdd640fb-0667-4ad1-9c80-317fa3b1799d,3b0b0e6c-5a36-4b8e-8c1e-0d7c5e2f9a11,53.5,355000000.0,18992500000.0,468704000.0,18523796000.0,325567000.0,1,7f5b6f7e-1c2d-4a4e-9a51-3a3f1d3c0a01
4d5272ea-13b0-40dd-a566-5e158ec7c37c,2ada1c65-be8a-4371-84e3-835d0b787233,9a1de644-815e-46d1-bb8f-aa1837f8a88b,3b0b0e6c-5a36-4b8e-8c1e-0d7c5e2f9a11,6.5,326400000.0,2121600000.0,52358000.0,2069242000.0,304530000.0,2,7f5b6f7e-1c2d-4a4e-9a51-3a3f1d3c0a01
37534f49-3189-4496-8c19-c3350019f581,0edbc4c9-0088-4a30-afc5-11d1134a0817,23b8c1e9-3924-46de-beb1-3b9046685257,3b0b0e6c-5a36-4b8e-8c1e-0d7c5e2f9a11,80.0,350400000.0,28032000000.0,703575000.0,27328425000.0,325380000.0,1,7f5b6f7e-1c2d-4a4e-9a51-3a3f1d3c0a01
3954e052-3d1c-4c4e-8bea-fc377d0be2cf,828dfa3d-54f3-41b7-b56f-8641e9190382,6c307511-b2b9-437a-a8df-6ec4ce4a2bbd,3b0b0e6c-5a36-4b8e-8c1e-0d7c5e2f9a11,85.0,493200000.0,41922000000.0,1536682000.0,40385318000.0,435266000.0,1,7f5b6f7e-1c2d-4a4e-9a51-3a3f1d3c0a01
d332250e-b9e6-4e32-97b3-42d62e0bb1ac,17163752-99b4-4e6d-934d-91dc099b3875,1a2a73ed-562b-4f79-8374-59eef50bea63,3b0b0e6c-5a36-4b8e-8c1e-0d7c5e2f9a11,155.0,341200000.0,52886000000.0,1581502000.0,51304498000.0,311540000.0,1,7f5b6f7e-1c2d-4a4e-9a51-3a3f1d3c0a01
af4471e8-7ca4-484a-8070-7869ca5f5d51,07eeb464-f26b-4378-a71d-5a6ebc4633e3,c241330b-01a9-471f-9e8a-774bcf36d58b,3b0b0e6c-5a36-4b8e-8c1e-0d7c5e2f9a11,45.5,361100000.0,16430050000.0,519719000.0,15910331000.0,330224000.0,1,7f5b6f7e-1c2d-4a4e-9a51-3a3f1d3c0a01
b67cf6b5-e2bd-41ca-bd3f-4df1916d2482,07eeb464-f26b-4378-a71d-5a6ebc4633e3,371ecd7b-27cd-4130-8722-9389571aa876,3b0b0e6c-5a36-4b8e-8c1e-0d7c5e2f9a11,44.5,333600000.0,14845200000.0,469587000.0,14375613000.0,306250000.0,2,7f5b6f7e-1c2d-4a4e-9a51-3a3f1d3c0a01
1df87c79-9a94-442d-bd31-809bfb25ac1a,c0cab2d2-001e-4800-997f-0b70e4192c66,972a8469-1641-4f82-8b9d-2434e465e150,3b0b0e6c-5a36-4b8e-8c1e-0d7c5e2f9a11,41.5,335800000.0,13935700000.0,372591000.0,13563109000.0,305558000.0,1,7f5b6f7e-1c2d-4a4e-9a51-3a3f1d3c0a01
6ccad6d9-c7f1-4a4b-bd6e-c85a2cadd4ea,c0cab2d2-001e-4800-997f-0b70e4192c66,23b8c1e9-3924-46de-beb1-3b9046685257,3b0b0e6c-5a36-4b8e-8c1e-0d7c5e2f9a11,35.5,340300000.0,12080650000.0,322993000.0,11757657000.0,318554000.0,2,7f5b6f7e-1c2d-4a4e-9a51-3a3f1d3c0a01
a0e526b5-1a21-4d67-ac18-d72af194b88d,c0cab2d2-001e-4800-997f-0b70e4192c66,17fc695a-07a0-4a6e-8822-e8f36c031199,3b0b0e6c-5a36-4b8e-8c1e-0d7c5e2f9a11,8.0,334200000.0,2673600000.0,71482000.0,2602118000.0,309111000.0,3,7f5b6f7e-1c2d-4a4e-9a51-3a3f1d3c0a01
d017c281-3940-4a2d-8e79-3aff49bd78c3,6f29912f-3820-41ee-80ec-9072af34e315,6b65a6a4-8b81-48f6-b38a-088ca65ed389,3b0b0e6c-5a36-4b8e-8c1e-0d7c5e2f9a11,135.0,410100000.0,55363500000.0,2742016000.0,52621484000.0,370758000.0,1,7f5b6f7e-1c2d-4a4e-9a51-3a3f1d3c0a01
e81f1702-54a3-4f84-b4e6-820e40e3173d,a23b5c43-304a-4eea-a494-debc84955f07,fc377a4c-4a15-444d-85e7-ce8a3a578a8e,3b0b0e6c-5a36-4b8e-8c1e-0d7c5e2f9a11,135.0,507000000.0,68445000000.0,2052146000.0,66392854000.0,437476000.0,1,7f5b6f7e-1c2d-4a4e-9a51-3a3f1d3c0a01
e0e344df-8181-414c-ba92-c2995bee1aa6,14c70902-ed8b-4753-9c65-45c5f478a411,4b0dbb41-8d52-48f1-942c-3fe860e7a113,3b0b0e6c-5a36-4b8e-8c1e-0d7c5e2f9a11,130.0,596700000.0,77571000000.0,697213000.0,76873787000.0,513920000.0,1,7f5b6f7e-1c2d-4a4e-9a51-3a3f1d3c0a01
c7b6fa96-85aa-4734-a358-7a434e49047e,9c7710da-5c7d-48d3-a81b-4f76091e424f,4b0dbb41-8d52-48f1-942c-3fe860e7a113,3b0b0e6c-5a36-4b8e-8c1e-0d7c5e2f9a11,116.0,592700000.0,68753200000.0,1467350000.0,67285850000.0,547284000.0,1,7f5b6f7e-1c2d-4a4e-9a51-3a3f1d3c0a01
3a328f88-a891-4724-b1a0-c8989b3f4f71,9c7710da-5c7d-48d3-a81b-4f76091e424f,e2acf72f-9e57-4f7a-a0ee-89aed453dd32,3b0b0e6c-5a36-4b8e-8c1e-0d7c5e2f9a11,9.0,581200000.0,5230800000.0,111637000.0,5119163000.0,534363000.0,2,7f5b6f7e-1c2d-4a4e-9a51-3a3f1d3c0a01
c05a2d09-482d-4c5f-91ca-864890c749b7,72272f23-bc20-43f9-b557-2fca99033e63,e2acf72f-9e57-4f7a-a0ee-89aed453dd32,3b0b0e6c-5a36-4b8e-8c1e-0d7c5e2f9a11,40.5,620100000.0,25114050000.0,361475000.0,24752575000.0,529672000.0,1,7f5b6f7e-1c2d-4a4e-9a51-3a3f1d3c0a01
a99df451-dfcc-41b5-9ea7-1e7fa97bd398,72272f23-bc20-43f9-b557-2fca99033e63,4b0dbb41-8d52-48f1-942c-3fe860e7a113,3b0b0e6c-5a36-4b8e-8c1e-0d7c5e2f9a11,49.5,623600000.0,30868200000.0,444296000.0,30423904000.0,535071000.0,2,7f5b6f7e-1c2d-4a4e-9a51-3a3f1d3c0a01
be026a09-1fc7-4c4e-bb42-f87572f6810b,17335af4-2bef-4ac1-a5be-db6888ca1e80,759cde66-bacf-43d0-8b1f-9163ce9ff57f,3b0b0e6c-5a36-4b8e-8c1e-0d7c5e2f9a11,165.0,540900000.0,89248500000.0,1042507000.0,88205993000.0,482184000.0,1,7f5b6f7e-1c2d-4a4e-9a51-3a3f1d3c0a01
266a9b30-d8d7-4190-9227-d1c7f6113d67,60ce7971-6155-413e-9b7d-75ba1d982741,e2acf72f-9e57-4f7a-a0ee-89aed453dd32,3b0b0e6c-5a36-4b8e-8c1e-0d7c5e2f9a11,32.5,620100000.0,20153250000.0,95973000.0,20057277000.0,529672000.0,1,7f5b6f7e-1c2d-4a4e-9a51-3a3f1d3c0a01
3ff0a913-7f47-4d06-87e7-55c514867893,60ce7971-6155-413e-9b7d-75ba1d982741,4b0dbb41-8d52-48f1-942c-3fe860e7a113,3b0b0e6c-5a36-4b8e-8c1e-0d7c5e2f9a11,37.5,623600000.0,23385000000.0,111363000.0,23273637000.0,535071000.0,2,7f5b6f7e-1c2d-4a4e-9a51-3a3f1d3c0a01
b6c9334f-08a7-41c7-aa2b-a40916d35423,32bc3dea-b5eb-43b7-8940-1787dfac31e4,5be6128e-18c2-4797-a142-ea7d17be3111,3b0b0e6c-5a36-4b8e-8c1e-0d7c5e2f9a11,40.0,334000000.0,13360000000.0,434071000.0,12925929000.0,305065000.0,1,7f5b6f7e-1c2d-4a4e-9a51-3a3f1d3c0a01
e6d818e0-2f25-46af-af17-a931eb5047ed,147404de-a3f1-45f4-a074-13478948754a,b74d0fb1-32e7-4629-8fad-c1a606cb0fb3,3b0b0e6c-5a36-4b8e-8c1e-0d7c5e2f9a11,30.5,314700000.0,9598350000.0,203188000.0,9395162000.0,287950000.0,1,7f5b6f7e-1c2d-4a4e-9a51-3a3f1d3c0a01
44769f5c-8b0f-46e4-a5e1-fcc6ecabb6f2,147404de-a3f1-45f4-a074-13478948754a,371ecd7b-27cd-4130-8722-9389571aa876,3b0b0e6c-5a36-4b8e-8c1e-0d7c5e2f9a11,59.5,309800000.0,18433100000.0,390211000.0,18042889000.0,283467000.0,2,7f5b6f7e-1c2d-4a4e-9a51-3a3f1d3c0a01
7b3c508d-0012-4086-a39a-ae0c75e7486f,704d23cf-fc7c-452f-8270-d50411e9a0d3,972a8469-1641-4f82-8b9d-2434e465e150,3b0b0e6c-5a36-4b8e-8c1e-0d7c5e2f9a11,80.0,268300000.0,21464000000.0,494566000.0,20969434000.0,247494000.0,1,7f5b6f7e-1c2d-4a4e-9a51-3a3f1d3c0a01
feff05e1-2a7c-49c6-83d1-6912050c2edd,5e97c965-352b-4ae7-beb7-d2660faedd67,e2acf72f-9e57-4f7a-a0ee-89aed453dd32,3b0b0e6c-5a36-4b8e-8c1e-0d7c5e2f9a11,40.0,448200000.0,17928000000.0,287535000.0,17640465000.0,396657000.0,1,7f5b6f7e-1c2d-4a4e-9a51-3a3f1d3c0a01
37a4b5ad-358f-40e3-b24e-6cfc9ae0d087,3162626b-8998-421b-9cee-26ac82952679,4b0dbb41-8d52-48f1-942c-3fe860e7a113,3b0b0e6c-5a36-4b8e-8c1e-0d7c5e2f9a11,29.5,506500000.0,14941750000.0,140063000.0,14801687000.0,436482000.0,1,7f5b6f7e-1c2d-4a4e-9a51-3a3f1d3c0a01
697747e3-325b-424a-a762-6562c8961b82,3162626b-8998-421b-9cee-26ac82952679,e2acf72f-9e57-4f7a-a0ee-89aed453dd32,3b0b0e6c-5a36-4b8e-8c1e-0d7c5e2f9a11,30.5,497900000.0,15185950000.0,142352000.0,15043598000.0,428074000.0,2,7f5b6f7e-1c2d-4a4e-9a51-3a3f1d3c0a01
2a18d913-cf64-40b9-81a3-a94aa0c6f602,c7262f0f-27d0-4706-9867-c53da3899ad8,4b0dbb41-8d52-48f1-942c-3fe860e7a113,3b0b0e6c-5a36-4b8e-8c1e-0d7c5e2f9a11,80.0,596700000.0,47736000000.0,1288990000.0,46447010000.0,513920000.0,1,7f5b6f7e-1c2d-4a4e-9a51-3a3f1d3c0a01
5d712b05-4377-4089-99a5-8bee53e84a34,7f5c9d70-26a1-4c2e-a145-cec278893f47,759cde66-bacf-43d0-8b1f-9163ce9ff57f,3b0b0e6c-5a36-4b8e-8c1e-0d7c5e2f9a11,40.0,525100000.0,21004000000.0,498062000.0,20505938000.0,462726000.0,1,7f5b6f7e-1c2d-4a4e-9a51-3a3f1d3c0a01
109ddee9-47ce-407f-975a-643d99a2e36e,58a34b93-e257-439d-9da0-3f5045c7cc5a,759cde66-bacf-43d0-8b1f-9163ce9ff57f,3b0b0e6c-5a36-4b8e-8c1e-0d7c5e2f9a11,67.5,510700000.0,34472250000.0,197516000.0,34274734000.0,456572000.0,1,7f5b6f7e-1c2d-4a4e-9a51-3a3f1d3c0a01
af0e2041-69f7-47df-bb28-e9994d4eb537,58a34b93-e257-439d-9da0-3f5045c7cc5a,ec1b8ca1-f91e-4d4c-9ff4-9b7889463e85,3b0b0e6c-5a36-4b8e-8c1e-0d7c5e2f9a11,92.5,500000000.0,46250000000.0,264999000.0,45985001000.0,454944000.0,2,7f5b6f7e-1c2d-4a4e-9a51-3a3f1d3c0a01
99b1d8e4-8900-4d37-b7df-405e84d333c6,5afbaa3b-1faa-48d3-92a2-bf1b22958362,e2acf72f-9e57-4f7a-a0ee-89aed453dd32,3b0b0e6c-5a36-4b8e-8c1e-0d7c5e2f9a11,40.5,598500000.0,24239250000.0,715192000.0,23524058000.0,518787000.0,1,7f5b6f7e-1c2d-4a4e-9a51-3a3f1d3c0a01
8d19fe2e-0dd2-42de-8e91-e7a67a2e25f8,5afbaa3b-1faa-48d3-92a2-bf1b22958362,4b0dbb41-8d52-48f1-942c-3fe860e7a113,3b0b0e6c-5a36-4b8e-8c1e-0d7c5e2f9a11,39.5,604600000.0,23881700000.0,704642000.0,23177058000.0,520734000.0,2,7f5b6f7e-1c2d-4a4e-9a51-3a3f1d3c0a01
91bc743a-a6f3-41e4-b3f1-53eb77aa0e05,8192ca0d-ce1e-4ac7-ad52-db79f10e2672,ec1b8ca1-f91e-4d4c-9ff4-9b7889463e85,3b0b0e6c-5a36-4b8e-8c1e-0d7c5e2f9a11,22.5,534299999.99999994,12021749999.999998,369914000.0,11651835999.999998,468338000.0,1,7f5b6f7e-1c2d-4a4e-9a51-3a3f1d3c0a01
db529ddf-41cf-4be7-b117-384342ee3ea0,8192ca0d-ce1e-4ac7-ad52-db79f10e2672,759cde66-bacf-43d0-8b1f-9163ce9ff57f,3b0b0e6c-5a36-4b8e-8c1e-0d7c5e2f9a11,47.5,540900000.0,25692750000.0,790576000.0,24902174000.0,482184000.0,2,7f5b6f7e-1c2d-4a4e-9a51-3a3f1d3c0a01
3b66df9e-f380-4297-b8c0-ab9beb68c13b,77cee7c0-d2b7-4727-8985-e9f60fecbc1f,972a8469-1641-4f82-8b9d-2434e465e150,3b0b0e6c-5a36-4b8e-8c1e-0d7c5e2f9a11,55.0,264700000.0,14558500000.0,377303000.0,14181197000.0,242820000.0,1,7f5b6f7e-1c2d-4a4e-9a51-3a3f1d3c0a01
7b146259-4aef-4070-ac30-414ae3f3c4ed,7f688af6-5694-4e71-856c-e04c241677c2,9a1de644-815e-46d1-bb8f-aa1837f8a88b,3b0b0e6c-5a36-4b8e-8c1e-0d7c5e2f9a11,95.0,276200000.0,26239000000.0,559735000.0,25679265000.0,256658000.0,1,7f5b6f7e-1c2d-4a4e-9a51-3a3f1d3c0a01
0768e950-af79-49da-8283-9f42650e8332,829bd0ab-dc5c-4228-9569-55d59725adbc,c241330b-01a9-471f-9e8a-774bcf36d58b,3b0b0e6c-5a36-4b8e-8c1e-0d7c5e2f9a11,145.0,453300000.0,65728500000.0,1209546000.0,64518954000.0,399580000.0,1,7f5b6f7e-1c2d-4a4e-9a51-3a3f1d3c0a01
9f91c1fc-5f8c-4b60-996c-57e7a2cd05a9,a778cfc7-c71b-473b-88db-2f900252b742,bdd640fb-0667-4ad1-9c80-317fa3b1799d,3b0b0e6c-5a36-4b8e-8c1e-0d7c5e2f9a11,345.0,375700000.0,129616500000.0,3867867000.0,125748633000.0,348381000.0,1,7f5b6f7e-1c2d-4a4e-9a51-3a3f1d3c0a01
3a86da7c-9941-4986-94c8-95e9b73e6117,4b51d964-f98d-41dc-86f7-9a2ccd9a6bb4,5be6128e-18c2-4797-a142-ea7d17be3111,3b0b0e6c-5a36-4b8e-8c1e-0d7c5e2f9a11,112.0,459700000.0,51486400000.0,2088336000.0,49398064000.0,416620000.0,1,7f5b6f7e-1c2d-4a4e-9a51-3a3f1d3c0a01
402fab60-d354-4a8e-9448-14641e8a0ede,4b51d964-f98d-41dc-86f7-9a2ccd9a6bb4,43b7a3a6-9a8d-4a03-980d-7b71d8f56413,3b0b0e6c-5a36-4b8e-8c1e-0d7c5e2f9a11,108.0,465100000.0,50230800000.0,2037408000.0,48193392000.0,430032000.0,2,7f5b6f7e-1c2d-4a4e-9a51-3a3f1d3c0a01
15111783-b924-4aa5-8533-fa83cab0e723,b6c9ba45-dfa7-4fae-a1e9-eae139b96519,b74d0fb1-32e7-4629-8fad-c1a606cb0fb3,3b0b0e6c-5a36-4b8e-8c1e-0d7c5e2f9a11,43.0,490800000.0,21104400000.0,770577000.0,20333823000.0,414038000.0,1,7f5b6f7e-1c2d-4a4e-9a51-3a3f1d3c0a01
b42eea4b-5783-4ea9-a9d2-a25d4641b888,b6c9ba45-dfa7-4fae-a1e9-eae139b96519,47378190-96da-4dac-b2ff-5d2a386ecbe0,3b0b0e6c-5a36-4b8e-8c1e-0d7c5e2f9a11,72.0,480800000.0,34617600000.0,1263979000.0,33353621000.0,410378000.0,2,7f5b6f7e-1c2d-4a4e-9a51-3a3f1d3c0a01
1a0785e4-5ae1-4e61-be71-bf94a0d3b285,4d1c0a6f-be02-43a7-b72a-e7bace3328eb,3139d32c-93cd-49bf-9c94-1cf0dc98d2c1,3b0b0e6c-5a36-4b8e-8c1e-0d7c5e2f9a11,230.0,617400000.0,142002000000.0,4738107000.0,137263893000.0,525723000.0,1,7f5b6f7e-1c2d-4a4e-9a51-3a3f1d3c0a01
082e68db-b53c-41e1-8b2c-9e7295f6130c,315fd1c0-1f09-41a2-a643-8855f35bd694,47378190-96da-4dac-b2ff-5d2a386ecbe0,3b0b0e6c-5a36-4b8e-8c1e-0d7c5e2f9a11,186.5,548500000.0,102295250000.0,2517019000.0,99778231000.0,474794000.0,1,7f5b6f7e-1c2d-4a4e-9a51-3a3f1d3c0a01
b2abce73-f0d1-4a16-b006-77b606b6aae1,315fd1c0-1f09-41a2-a643-8855f35bd694,c241330b-01a9-471f-9e8a-774bcf36d58b,3b0b0e6c-5a36-4b8e-8c1e-0d7c5e2f9a11,140.5,574400000.0,80703200000.0,1985737000.0,78717463000.0,510662000.0,2,7f5b6f7e-1c2d-4a4e-9a51-3a3f1d3c0a01
8073a09c-48f2-4347-97f7-3ab675aa2806,315fd1c0-1f09-41a2-a643-8855f35bd694,6b65a6a4-8b81-48f6-b38a-088ca65ed389,3b0b0e6c-5a36-4b8e-8c1e-0d7c5e2f9a11,48.0,536200000.00000006,25737600000.000004,633285000.0,25104315000.000004,475342000.0,3,7f5b6f7e-1c2d-4a4e-9a51-3a3f1d3c0a01
a5bbfb7b-a38f-4b0f-8851-31624ad12da2,bb95bb22-e7a9-4935-9b4e-6477283d2985,23b8c1e9-3924-46de-beb1-3b9046685257,3b0b0e6c-5a36-4b8e-8c1e-0d7c5e2f9a11,43.5,446300000.0,19414050000.0,668585000.0,18745465000.0,403359000.0,1,7f5b6f7e-1c2d-4a4e-9a51-3a3f1d3c0a01
6bd44e6c-4441-4492-b5d3-43a9ff0a0611,bb95bb22-e7a9-4935-9b4e-6477283d2985,bd9c66b3-ad3c-4d6d-9a3d-1fa7bc8960a9,3b0b0e6c-5a36-4b8e-8c1e-0d7c5e2f9a11,71.5,439200000.0,31402800000.0,1081456000.0,30321344000.0,396627000.0,2,7f5b6f7e-1c2d-4a4e-9a51-3a3f1d3c0a01
491a6d7b-2f76-4d88-9bc8-5343204a9a76,1a8ada9f-62ab-43e9-8ed1-1847e3e31f7d,371ecd7b-27cd-4130-8722-9389571aa876,3b0b0e6c-5a36-4b8e-8c1e-0d7c5e2f9a11,9.0,309800000.0,2788200000.0,54294000.0,2733906000.0,283467000.0,1,7f5b6f7e-1c2d-4a4e-9a51-3a3f1d3c0a01
8e59ac08-74f9-4489-93f5-d6aba05af1b4,1a8ada9f-62ab-43e9-8ed1-1847e3e31f7d,b74d0fb1-32e7-4629-8fad-c1a606cb0fb3,3b0b0e6c-5a36-4b8e-8c1e-0d7c5e2f9a11,7.5,314700000.0,2360250000.0,45961000.0,2314289000.0,287950000.0,2,7f5b6f7e-1c2d-4a4e-9a51-3a3f1d3c0a01
49e334c7-0ce7-469d-9006-e3ae49c40050,1a8ada9f-62ab-43e9-8ed1-1847e3e31f7d,47378190-96da-4dac-b2ff-5d2a386ecbe0,3b0b0e6c-5a36-4b8e-8c1e-0d7c5e2f9a11,13.5,315200000.0,4255200000.0,82861000.0,4172339000.0,288408000.0,3,7f5b6f7e-1c2d-4a4e-9a51-3a3f1d3c0a01
ba2cfef0-657d-4ac8-a85f-f701b1f305d7,4424d6df-4217-45c5-80f5-b55e2a39375d,17fc695a-07a0-4a6e-8822-e8f36c031199,3b0b0e6c-5a36-4b8e-8c1e-0d7c5e2f9a11,5.5,267500000.0,1471250000.0,31545000.0,1439705000.0,248804000.0,1,7f5b6f7e-1c2d-4a4e-9a51-3a3f1d3c0a01
ee3338fd-d9cb-4f11-83b3-60a4163c15ae,4424d6df-4217-45c5-80f5-b55e2a39375d,bd9c66b3-ad3c-4d6d-9a3d-1fa7bc8960a9,3b0b0e6c-5a36-4b8e-8c1e-0d7c5e2f9a11,14.5,272500000.0,3951250000.0,84719000.0,3866531000.0,246934000.0,2,7f5b6f7e-1c2d-4a4e-9a51-3a3f1d3c0a01
d2e2c8fc-5aa0-4cf1-ab1a-6e9207c73b4d,d2dab21f-73fd-4e79-84b1-9c44357b8f41,bdd640fb-0667-4ad1-9c80-317fa3b1799d,3b0b0e6c-5a36-4b8e-8c1e-0d7c5e2f9a11,3.0,290500000.0,871500000.0,15230000.0,856270000.0,273020000.0,1,7f5b6f7e-1c2d-4a4e-9a51-3a3f1d3c0a01
1a38c6a3-eff4-476f-8958-0c9ca1051fc1,d2dab21f-73fd-4e79-84b1-9c44357b8f41,23b8c1e9-3924-46de-beb1-3b9046685257,3b0b0e6c-5a36-4b8e-8c1e-0d7c5e2f9a11,5.0,281900000.0,1409500000.0,24632000.0,1384868000.0,265353000.0,2,7f5b6f7e-1c2d-4a4e-9a51-3a3f1d3c0a01
381a4a76-1bd8-4064-b1d3-d22c7c5c6a62,d2dab21f-73fd-4e79-84b1-9c44357b8f41,972a8469-1641-4f82-8b9d-2434e465e150,3b0b0e6c-5a36-4b8e-8c1e-0d7c5e2f9a11,16.5,273400000.0,4511100000.0,78834000.0,4432266000.0,260398000.0,3,7f5b6f7e-1c2d-4a4e-9a51-3a3f1d3c0a01
32b52ee7-6216-4513-8966-0f93856b3985,73d7512d-66a9-447d-9794-ac514eaa015b,5be6128e-18c2-4797-a142-ea7d17be3111,3b0b0e6c-5a36-4b8e-8c1e-0d7c5e2f9a11,70.0,428800000.0,30016000000.0,321627000.0,29694373000.0,408295000.0,1,7f5b6f7e-1c2d-4a4e-9a51-3a3f1d3c0a01
97175433-2406-473b-9a72-472e089daa92,fbd9bfc3-b7af-4b80-9198-8f257b64a6ea,5be6128e-18c2-4797-a142-ea7d17be3111,3b0b0e6c-5a36-4b8e-8c1e-0d7c5e2f9a11,35.0,436700000.0,15284500000.0,560230000.0,14724270000.0,398120000.0,1,7f5b6f7e-1c2d-4a4e-9a51-3a3f1d3c0a01
45eb9b49-ac18-4c8f-b6d6-b252dd9843c8,2f2b3b05-1d6b-4a8d-ba27-b5575e561acb,23b8c1e9-3924-46de-beb1-3b9046685257,3b0b0e6c-5a36-4b8e-8c1e-0d7c5e2f9a11,56.0,283800000.0,15892800000.0,1208375000.0,14684425000.0,255442000.0,1,7f5b6f7e-1c2d-4a4e-9a51-3a3f1d3c0a01
18c8eec5-64e8-4bf2-a258-294985518976,2f2b3b05-1d6b-4a8d-ba27-b5575e561acb,bd9c66b3-ad3c-4d6d-9a3d-1fa7bc8960a9,3b0b0e6c-5a36-4b8e-8c1e-0d7c5e2f9a11,19.0,281600000.0,5350400000.0,406806000.0,4943594000.0,254788000.0,2,7f5b6f7e-1c2d-4a4e-9a51-3a3f1d3c0a01
ef26666a-923c-4c44-b709-daae043f2b8c,97b0263c-4c3a-41e0-8485-a3868bbff31a,1a2a73ed-562b-4f79-8374-59eef50bea63,3b0b0e6c-5a36-4b8e-8c1e-0d7c5e2f9a11,60.0,357100000.0,21426000000.0,1471238000.0,19954762000.0,330410000.0,1,7f5b6f7e-1c2d-4a4e-9a51-3a3f1d3c0a01
39dc84aa-733b-4974-8d84-e8f22347016c,e05c0ed9-465f-4318-9ef7-122c6630c220,ddd1dfb2-3b98-4ef8-9af6-1a26146d3f31,3b0b0e6c-5a36-4b8e-8c1e-0d7c5e2f9a11,60.0,317900000.0,19074000000.0,1011631000.0,18062369000.0,254928000.0,1,7f5b6f7e-1c2d-4a4e-9a51-3a3f1d3c0a01
f2c729ae-0fc9-4e7d-9556-5226a16beccc,8149dfa1-4295-4417-bc13-91d323f69970,1a2a73ed-562b-4f79-8374-59eef50bea63,3b0b0e6c-5a36-4b8e-8c1e-0d7c5e2f9a11,185.0,433000000.0,80105000000.0,4598291000.0,75506709000.0,412272000.0,1,7f5b6f7e-1c2d-4a4e-9a51-3a3f1d3c0a01
911808e0-bdc4-44f8-9210-7bf4980a429a,2546b809-e287-4139-9d29-6bfeee2b4858,ddd1dfb2-3b98-4ef8-9af6-1a26146d3f31,3b0b0e6c-5a36-4b8e-8c1e-0d7c5e2f9a11,80.0,335700000.0,26856000000.0,1782907000.0,25073093000.0,303338000.0,1,7f5b6f7e-1c2d-4a4e-9a51-3a3f1d3c0a01
09b3f968-1d71-4a7e-8999-cf95fe65ca9d,5d28c626-0b7b-417e-91a7-279a2e50d815,5be6128e-18c2-4797-a142-ea7d17be3111,3b0b0e6c-5a36-4b8e-8c1e-0d7c5e2f9a11,61.0,450400000.0,27474400000.0,1944158000.0,25530242000.0,403948000.0,1,7f5b6f7e-1c2d-4a4e-9a51-3a3f1d3c0a01
e5e76dad-ce52-4868-9ee5-c6ba5eb36e65,5d28c626-0b7b-417e-91a7-279a2e50d815,43b7a3a6-9a8d-4a03-980d-7b71d8f56413,3b0b0e6c-5a36-4b8e-8c1e-0d7c5e2f9a11,44.0,464900000.0,20455600000.0,1447490000.0,19008110000.0,425870000.0,2,7f5b6f7e-1c2d-4a4e-9a51-3a3f1d3c0a01
f7652d1b-9a98-4a6d-add5-e970f841e04a,90d6715b-9ca3-456f-b351-d56555b4e689,371ecd7b-27cd-4130-8722-9389571aa876,3b0b0e6c-5a36-4b8e-8c1e-0d7c5e2f9a11,130.0,440500000.0,57265000000.0,3844497000.0,53420503000.0,393084000.0,1,7f5b6f7e-1c2d-4a4e-9a51-3a3f1d3c0a01
f7ec64f3-142d-4f29-b8d6-f8e7a4362381,62c6f3aa-222c-455e-a3ad-c6ddebfae2fe,9a1de644-815e-46d1-bb8f-aa1837f8a88b,3b0b0e6c-5a36-4b8e-8c1e-0d7c5e2f9a11,215.0,255100000.0,54846500000.0,1233302000.0,53613198000.0,234030000.0,1,7f5b6f7e-1c2d-4a4e-9a51-3a3f1d3c0a01
bfa8f2ba-05bf-4be1-8b1c-b9e5226e8cdc,fbf4c934-3ca9-42fa-a38c-7b75235cd0ee,bdd640fb-0667-4ad1-9c80-317fa3b1799d,3b0b0e6c-5a36-4b8e-8c1e-0d7c5e2f9a11,35.0,283600000.0,9926000000.0,335018000.0,9590982000.0,258528000.0,1,7f5b6f7e-1c2d-4a4e-9a51-3a3f1d3c0a01
43a411d9-9474-446e-a376-4763d200dbe2,a1a1d3c2-3ed2-47af-a126-98206e1cec04,fc377a4c-4a15-444d-85e7-ce8a3a578a8e,3b0b0e6c-5a36-4b8e-8c1e-0d7c5e2f9a11,6.5,471300000.0,3063450000.0,49069000.0,3014381000.0,415190000.0,1,7f5b6f7e-1c2d-4a4e-9a51-3a3f1d3c0a01
7ce4c490-bf69-436b-b242-a1e8b37175bf,a1a1d3c2-3ed2-47af-a126-98206e1cec04,3139d32c-93cd-49bf-9c94-1cf0dc98d2c1,3b0b0e6c-5a36-4b8e-8c1e-0d7c5e2f9a11,38.5,463500000.0,17844750000.0,285830000.0,17558920000.0,410894000.0,2,7f5b6f7e-1c2d-4a4e-9a51-3a3f1d3c0a01
f1410574-30cf-4ffd-ac82-d4d8fadc2644,b16fad6e-db60-40eb-bdfc-a4f2e83b25f7,6b65a6a4-8b81-48f6-b38a-088ca65ed389,3b0b0e6c-5a36-4b8e-8c1e-0d7c5e2f9a11,5.5,408800000.0,2248400000.0,51863000.0,2196537000.0,370392000.0,1,7f5b6f7e-1c2d-4a4e-9a51-3a3f1d3c0a01
52587b98-535b-4e5e-8ca1-a3ed6d155832,b16fad6e-db60-40eb-bdfc-a4f2e83b25f7,c241330b-01a9-471f-9e8a-774bcf36d58b,3b0b0e6c-5a36-4b8e-8c1e-0d7c5e2f9a11,6.0,439600000.0,2637600000.0,60841000.0,2576759000.0,401136000.0,2,7f5b6f7e-1c2d-4a4e-9a51-3a3f1d3c0a01
f38d9aa6-f658-4c7a-8de0-2a7e62243802,b16fad6e-db60-40eb-bdfc-a4f2e83b25f7,371ecd7b-27cd-4130-8722-9389571aa876,3b0b0e6c-5a36-4b8e-8c1e-0d7c5e2f9a11,138.5,410400000.0,56840400000.0,1311127000.0,55529273000.0,372039000.0,3,7f5b6f7e-1c2d-4a4e-9a51-3a3f1d3c0a01
25e3ce82-f333-4ad0-a3ac-13a007dca00d,31bd4709-312d-4ac3-acf2-e99cd11c22eb,5be6128e-18c2-4797-a142-ea7d17be3111,3b0b0e6c-5a36-4b8e-8c1e-0d7c5e2f9a11,45.0,329800000.0,14841000000.0,617754000.0,14223246000.0,305065000.0,1,7f5b6f7e-1c2d-4a4e-9a51-3a3f1d3c0a01
9b1e2aec-e946-4824-a85c-8084377ad7b1,4ee553a0-1b9d-48c5-b942-76ef44fc2add,4b0dbb41-8d52-48f1-942c-3fe860e7a113,3b0b0e6c-5a36-4b8e-8c1e-0d7c5e2f9a11,60.0,502300000.0,30138000000.0,1315602000.0,28822398000.0,431438000.0,1,7f5b6f7e-1c2d-4a4e-9a51-3a3f1d3c0a01
efeec712-bf23-4352-b693-5ab4f81f4f49,b3fc7af1-32e6-4f27-8eb7-e9204f07400f,43b7a3a6-9a8d-4a03-980d-7b71d8f56413,3b0b0e6c-5a36-4b8e-8c1e-0d7c5e2f9a11,55.0,442400000.0,24332000000.0,1211423000.0,23120577000.0,407185000.0,1,7f5b6f7e-1c2d-4a4e-9a51-3a3f1d3c0a01
5e7b4ed1-7ff8-4c5e-a55d-eb4670b94a64,39d983fe-144a-43d5-a6b4-1829979fc494,43b7a3a6-9a8d-4a03-980d-7b71d8f56413,3b0b0e6c-5a36-4b8e-8c1e-0d7c5e2f9a11,40.0,458000000.0,18320000000.0,597660000.0,17722340000.0,409220000.0,1,7f5b6f7e-1c2d-4a4e-9a51-3a3f1d3c0a01
5d4e4d0b-fa45-4758-9e34-314281738a93,fa4c7960-4385-4adb-9c58-44aa5cced705,e2acf72f-9e57-4f7a-a0ee-89aed453dd32,3b0b0e6c-5a36-4b8e-8c1e-0d7c5e2f9a11,191.0,581200000.0,111009200000.0,6935145000.0,104074055000.0,534363000.0,1,7f5b6f7e-1c2d-4a4e-9a51-3a3f1d3c0a01
c902eb2e-e2b3-47d1-9bb6-d3934905377a,fa4c7960-4385-4adb-9c58-44aa5cced705,4b0dbb41-8d52-48f1-942c-3fe860e7a113,3b0b0e6c-5a36-4b8e-8c1e-0d7c5e2f9a11,24.0,592700000.0,14224800000.0,888675000.0,13336125000.0,547284000.0,2,7f5b6f7e-1c2d-4a4e-9a51-3a3f1d3c0a01
7b4b07ea-cfa0-4773-8ad9-c4447ed93343,e04600de-e085-4068-b47c-019edb58a9d0,4b0dbb41-8d52-48f1-942c-3fe860e7a113,3b0b0e6c-5a36-4b8e-8c1e-0d7c5e2f9a11,45.0,468700000.0,21091500000.0,296167000.0,20795333000.0,410994000.0,1,7f5b6f7e-1c2d-4a4e-9a51-3a3f1d3c0a01
6a4fccf1-7d8d-4979-90cb-6e15c6830ce9,16c47bf6-f2dd-43ad-a2be-ab68dcd8522e,e2acf72f-9e57-4f7a-a0ee-89aed453dd32,3b0b0e6c-5a36-4b8e-8c1e-0d7c5e2f9a11,30.0,491700000.0,14751000000.0,443460000.0,14307540000.0,428694000.0,1,7f5b6f7e-1c2d-4a4e-9a51-3a3f1d3c0a01
4f2e433a-87ee-4056-b7fb-76b8d9d2f315,c037ec02-85ec-4786-9b84-6af644afa389,4b0dbb41-8d52-48f1-942c-3fe860e7a113,3b0b0e6c-5a36-4b8e-8c1e-0d7c5e2f9a11,30.0,588400000.0,17652000000.0,490693000.0,17161307000.0,524540000.0,1,7f5b6f7e-1c2d-4a4e-9a51-3a3f1d3c0a01
7b941788-c031-4c95-8f15-3ef0e884009d,9e77b980-433b-47bd-811c-1193601b6944,6c307511-b2b9-437a-a8df-6ec4ce4a2bbd,3b0b0e6c-5a36-4b8e-8c1e-0d7c5e2f9a11,9.5,318900000.0,3029550000.0,132793000.0,2896757000.0,284931000.0,1,7f5b6f7e-1c2d-4a4e-9a51-3a3f1d3c0a01
9d17d717-5653-43b4-ac45-e9b583034aee,9e77b980-433b-47bd-811c-1193601b6944,c241330b-01a9-471f-9e8a-774bcf36d58b,3b0b0e6c-5a36-4b8e-8c1e-0d7c5e2f9a11,15.5,358300000.0,5553650000.0,243431000.0,5310219000.0,315766000.0,2,7f5b6f7e-1c2d-4a4e-9a51-3a3f1d3c0a01
e54510a3-837c-4e6f-ac98-f1518e75908c,08812291-0a9d-4b61-bf56-3f816e3231ea,23b8c1e9-3924-46de-beb1-3b9046685257,3b0b0e6c-5a36-4b8e-8c1e-0d7c5e2f9a11,36.5,281900000.0,10289350000.0,451415000.0,9837935000.0,265353000.0,1,7f5b6f7e-1c2d-4a4e-9a51-3a3f1d3c0a01
54e51693-dceb-4e80-99df-9f6a2b7b1476,08812291-0a9d-4b61-bf56-3f816e3231ea,972a8469-1641-4f82-8b9d-2434e465e150,3b0b0e6c-5a36-4b8e-8c1e-0d7c5e2f9a11,133.5,273400000.0,36498900000.0,1601284000.0,34897616000.0,260398000.0,2,7f5b6f7e-1c2d-4a4e-9a51-3a3f1d3c0a01
52dde868-8972-415a-82ae-6dbab27631ec,dea5d321-8bda-4cf3-9b35-fbef3976efe2,43b7a3a6-9a8d-4a03-980d-7b71d8f56413,3b0b0e6c-5a36-4b8e-8c1e-0d7c5e2f9a11,75.0,440200000.0,33015000000.0,1511998000.0,31503002000.0,398952000.0,1,7f5b6f7e-1c2d-4a4e-9a51-3a3f1d3c0a01
55c969fb-1cbf-4127-975b-94a7158c0768,c2e91804-b1da-4332-a188-8f6a22f2e3e0,bdd640fb-0667-4ad1-9c80-317fa3b1799d,3b0b0e6c-5a36-4b8e-8c1e-0d7c5e2f9a11,80.0,359700000.0,28776000000.0,1378125000.0,27397875000.0,326034000.0,1,7f5b6f7e-1c2d-4a4e-9a51-3a3f1d3c0a01
d1bccefc-c659-425c-ad73-dbee48b99291,f0a5b12b-ce34-43b0-9a69-ab00786c5ee8,17fc695a-07a0-4a6e-8822-e8f36c031199,3b0b0e6c-5a36-4b8e-8c1e-0d7c5e2f9a11,50.0,408500000.0,20425000000.0,642807000.0,19782193000.0,364276000.0,1,7f5b6f7e-1c2d-4a4e-9a51-3a3f1d3c0a01
7d59af0e-120c-4ea6-a890-140d95bed2d9,34052070-4a64-4082-9088-bfa918c14175,bd9c66b3-ad3c-4d6d-9a3d-1fa7bc8960a9,3b0b0e6c-5a36-4b8e-8c1e-0d7c5e2f9a11,50.0,258300000.0,12915000000.0,254903000.0,12660097000.0,241510000.0,1,7f5b6f7e-1c2d-4a4e-9a51-3a3f1d3c0a01
8cc04ee7-d667-4e69-bc30-bdf2c6aac453,15089e86-d2b2-4df0-b6ee-da9f5957c7fb,47378190-96da-4dac-b2ff-5d2a386ecbe0,3b0b0e6c-5a36-4b8e-8c1e-0d7c5e2f9a11,45.0,339400000.0,15273000000.0,277574000.0,14995426000.0,310826000.0,1,7f5b6f7e-1c2d-4a4e-9a51-3a3f1d3c0a01
58a11586-417a-4f3c-b8f1-8a60551e6a13,e616b6b7-d1c8-43a0-8fd0-71d3a94a9958,1a2a73ed-562b-4f79-8374-59eef50bea63,3b0b0e6c-5a36-4b8e-8c1e-0d7c5e2f9a11,55.0,435900000.0,23974500000.0,356380000.0,23618120000.0,400525000.0,1,7f5b6f7e-1c2d-4a4e-9a51-3a3f1d3c0a01
967854a8-cfc9-4554-976a-24f0c6d6ec77,a00df841-197c-44f6-b0f0-392f664d006f,972a8469-1641-4f82-8b9d-2434e465e150,3b0b0e6c-5a36-4b8e-8c1e-0d7c5e2f9a11,50.0,424400000.0,21220000000.0,594906000.0,20625094000.0,389147000.0,1,7f5b6f7e-1c2d-4a4e-9a51-3a3f1d3c0a01
c4a3cd48-46b3-40a9-9f08-8eebde0995d1,12a8a6c8-35c7-4197-bc48-70b3e08b7e78,6b65a6a4-8b81-48f6-b38a-088ca65ed389,3b0b0e6c-5a36-4b8e-8c1e-0d7c5e2f9a11,35.0,405200000.0,14182000000.0,459345000.0,13722655000.0,363255000.0,1,7f5b6f7e-1c2d-4a4e-9a51-3a3f1d3c0a01
168e435f-3efe-4c0e-b19c-75335960252d,a28b4260-ff3a-42d1-af3a-ba5ddef94987,17fc695a-07a0-4a6e-8822-e8f36c031199,3b0b0e6c-5a36-4b8e-8c1e-0d7c5e2f9a11,30.5,334200000.0,10193100000.0,225138000.0,9967962000.0,309111000.0,1,7f5b6f7e-1c2d-4a4e-9a51-3a3f1d3c0a01
14931456-95bf-49e6-b7f8-517817bbfec4,a28b4260-ff3a-42d1-af3a-ba5ddef94987,9a1de644-815e-46d1-bb8f-aa1837f8a88b,3b0b0e6c-5a36-4b8e-8c1e-0d7c5e2f9a11,13.0,325700000.0,4234100000.0,93520000.0,4140580000.0,302753000.0,2,7f5b6f7e-1c2d-4a4e-9a51-3a3f1d3c0a01
89dbf929-29f4-492e-9758-0483264df7a5,a28b4260-ff3a-42d1-af3a-ba5ddef94987,bd9c66b3-ad3c-4d6d-9a3d-1fa7bc8960a9,3b0b0e6c-5a36-4b8e-8c1e-0d7c5e2f9a11,31.5,336400000.0,10596600000.0,234050000.0,10362550000.0,309111000.0,3,7f5b6f7e-1c2d-4a4e-9a51-3a3f1d3c0a01
9fec5d88-7dc8-483d-b195-6dc7378f7ba8,f8bccf85-7c68-4185-9a9e-0aa25fcb4ea4,9a1de644-815e-46d1-bb8f-aa1837f8a88b,3b0b0e6c-5a36-4b8e-8c1e-0d7c5e2f9a11,70.0,325900000.0,22813000000.0,637553000.0,22175447000.0,314440000.0,1,7f5b6f7e-1c2d-4a4e-9a51-3a3f1d3c0a01
bcb9120a-c200-4731-ba0e-9678a3564a79,cfa933d5-4739-40c8-87ed-14ef1de31ff7,fc377a4c-4a15-444d-85e7-ce8a3a578a8e,3b0b0e6c-5a36-4b8e-8c1e-0d7c5e2f9a11,45.0,590600000.0,26577000000.0,737664000.0,25839336000.0,520980000.0,1,7f5b6f7e-1c2d-4a4e-9a51-3a3f1d3c0a01
c1842b0e-d406-4846-9724-cbde054999b3,69cbc7c8-9ab2-4baa-8663-371242537e65,5be6128e-18c2-4797-a142-ea7d17be3111,3b0b0e6c-5a36-4b8e-8c1e-0d7c5e2f9a11,76.0,337200000.0,25627200000.0,667316000.0,24959884000.0,308950000.0,1,7f5b6f7e-1c2d-4a4e-9a51-3a3f1d3c0a01
be51549d-c8b2-4820-9f2d-22157a6ffc87,69cbc7c8-9ab2-4baa-8663-371242537e65,1a2a73ed-562b-4f79-8374-59eef50bea63,3b0b0e6c-5a36-4b8e-8c1e-0d7c5e2f9a11,19.0,336800000.0,6399200000.0,166631000.0,6232569000.0,315610000.0,2,7f5b6f7e-1c2d-4a4e-9a51-3a3f1d3c0a01
aa71441b-bea5-4568-a1a6-5da8c34e3abc,a3ed831d-4be9-4b31-9e25-aa905d455adc,1a2a73ed-562b-4f79-8374-59eef50bea63,3b0b0e6c-5a36-4b8e-8c1e-0d7c5e2f9a11,200.0,424200000.0,84840000000.0,2517762000.0,82322238000.0,340678000.0,1,7f5b6f7e-1c2d-4a4e-9a51-3a3f1d3c0a01
85b72b4e-4808-46d1-8cbb-3f1928004b64,849e0d47-a802-4e33-9df2-be0481658217,ec1b8ca1-f91e-4d4c-9ff4-9b7889463e85,3b0b0e6c-5a36-4b8e-8c1e-0d7c5e2f9a11,90.0,496200000.0,44658000000.0,759709000.0,43898291000.0,447251000.0,1,7f5b6f7e-1c2d-4a4e-9a51-3a3f1d3c0a01
03b2cbe2-4daf-4b54-a4a7-f41a5587db30,849e0d47-a802-4e33-9df2-be0481658217,759cde66-bacf-43d0-8b1f-9163ce9ff57f,3b0b0e6c-5a36-4b8e-8c1e-0d7c5e2f9a11,45.0,504500000.0,22702500000.0,386208000.0,22316292000.0,458926000.0,2,7f5b6f7e-1c2d-4a4e-9a51-3a3f1d3c0a01
b8ad3425-961a-4715-87d8-aded6b5a71e2,f4053660-4875-4726-8cae-3708f7e8a941,5be6128e-18c2-4797-a142-ea7d17be3111,3b0b0e6c-5a36-4b8e-8c1e-0d7c5e2f9a11,30.0,450400000.0,13512000000.0,260875000.0,13251125000.0,403948000.0,1,7f5b6f7e-1c2d-4a4e-9a51-3a3f1d3c0a01
1d315c6b-995f-4a9a-b0e7-425a476838d1,0fff731d-eea9-4e6f-9cd3-8419783f3d47,e2acf72f-9e57-4f7a-a0ee-89aed453dd32,3b0b0e6c-5a36-4b8e-8c1e-0d7c5e2f9a11,55.0,627000000.0,34485000000.0,809565000.0,33675435000.0,548788000.0,1,7f5b6f7e-1c2d-4a4e-9a51-3a3f1d3c0a01
d827b2d6-e73f-46f8-be7d-94ed1caf2092,9a3f8882-7aca-4fa6-866c-dd995cf587e9,759cde66-bacf-43d0-8b1f-9163ce9ff57f,3b0b0e6c-5a36-4b8e-8c1e-0d7c5e2f9a11,130.0,669500000.0,87035000000.0,2153573000.0,84881427000.0,585535000.0,1,7f5b6f7e-1c2d-4a4e-9a51-3a3f1d3c0a01
50c12151-7a81-4047-a178-6b0c6a7bb608,9a3f8882-7aca-4fa6-866c-dd995cf587e9,ec1b8ca1-f91e-4d4c-9ff4-9b7889463e85,3b0b0e6c-5a36-4b8e-8c1e-0d7c5e2f9a11,50.0,658900000.0,32945000000.0,815183000.0,32129817000.0,583906000.0,2,7f5b6f7e-1c2d-4a4e-9a51-3a3f1d3c0a01
b3a63585-1641-41b8-82b8-9f3d7a83be8f,92581c47-9f5d-401d-9558-25a8ddec8a47,4b0dbb41-8d52-48f1-942c-3fe860e7a113,3b0b0e6c-5a36-4b8e-8c1e-0d7c5e2f9a11,50.0,779000000.0,38950000000.0,891014000.0,38058986000.0,666936000.0,1,7f5b6f7e-1c2d-4a4e-9a51-3a3f1d3c0a01
f74da269-c271-4b38-b60e-3c0d5f828f98,2486b2ef-12e9-4f7d-b62a-264b167be2f8,e2acf72f-9e57-4f7a-a0ee-89aed453dd32,3b0b0e6c-5a36-4b8e-8c1e-0d7c5e2f9a11,7.0,462100000.0,3234700000.0,42972000.0,3191728000.0,402144000.0,1,7f5b6f7e-1c2d-4a4e-9a51-3a3f1d3c0a01
cafe4054-8801-4c2f-bfe4-2fc69cc1aec0,2486b2ef-12e9-4f7d-b62a-264b167be2f8,4b0dbb41-8d52-48f1-942c-3fe860e7a113,3b0b0e6c-5a36-4b8e-8c1e-0d7c5e2f9a11,8.0,468700000.0,3749600000.0,49812000.0,3699788000.0,410994000.0,2,7f5b6f7e-1c2d-4a4e-9a51-3a3f1d3c0a01
dcbf0775-090e-45f6-8277-7a9b44064165,afa42fa5-f2ff-4239-b219-44bc36f64590,fc377a4c-4a15-444d-85e7-ce8a3a578a8e,3b0b0e6c-5a36-4b8e-8c1e-0d7c5e2f9a11,7.0,375600000.0,2629200000.0,83958000.0,2545242000.0,333835000.0,1,7f5b6f7e-1c2d-4a4e-9a51-3a3f1d3c0a01
a8cb482d-65f8-45b2-b21c-563aa1ee01e6,afa42fa5-f2ff-4239-b219-44bc36f64590,a9488d99-0bbb-4599-91ce-5dd2b45ed1f0,3b0b0e6c-5a36-4b8e-8c1e-0d7c5e2f9a11,13.0,365800000.0,4755400000.0,151855000.0,4603545000.0,320678000.0,2,7f5b6f7e-1c2d-4a4e-9a51-3a3f1d3c0a01
1aff4df8-a801-4318-ae5d-4573187321a8,0bdcd35f-1274-4759-a8f8-5c84221b0bd7,e2acf72f-9e57-4f7a-a0ee-89aed453dd32,3b0b0e6c-5a36-4b8e-8c1e-0d7c5e2f9a11,10.0,483700000.0,4837000000.0,107253000.0,4729747000.0,435154000.0,1,7f5b6f7e-1c2d-4a4e-9a51-3a3f1d3c0a01
a5c8f342-83af-4eef-bb64-457869ed0981,0bdcd35f-1274-4759-a8f8-5c84221b0bd7,4b0dbb41-8d52-48f1-942c-3fe860e7a113,3b0b0e6c-5a36-4b8e-8c1e-0d7c5e2f9a11,20.0,493200000.0,9864000000.0,218718000.0,9645282000.0,435154000.0,2,7f5b6f7e-1c2d-4a4e-9a51-3a3f1d3c0a01
f41e0107-4436-4a62-be12-b09c55548264,d3e682e0-9e62-4cf1-a47b-5728bb296c69,3139d32c-93cd-49bf-9c94-1cf0dc98d2c1,3b0b0e6c-5a36-4b8e-8c1e-0d7c5e2f9a11,9.5,463500000.0,4403250000.0,114830000.0,4288420000.0,410894000.0,1,7f5b6f7e-1c2d-4a4e-9a51-3a3f1d3c0a01
274a1441-9952-4407-bfb0-101ef861d2df,d3e682e0-9e62-4cf1-a47b-5728bb296c69,a9488d99-0bbb-4599-91ce-5dd2b45ed1f0,3b0b0e6c-5a36-4b8e-8c1e-0d7c5e2f9a11,13.5,462000000.0,6237000000.0,162651000.0,6074349000.0,403376000.0,2,7f5b6f7e-1c2d-4a4e-9a51-3a3f1d3c0a01
a403b4ba-f215-443a-80ee-5f131f88a890,d3e682e0-9e62-4cf1-a47b-5728bb296c69,fc377a4c-4a15-444d-85e7-ce8a3a578a8e,3b0b0e6c-5a36-4b8e-8c1e-0d7c5e2f9a11,27.0,471300000.0,12725100000.0,331851000.0,12393249000.0,415190000.0,3,7f5b6f7e-1c2d-4a4e-9a51-3a3f1d3c0a01
5b92af06-2e57-47be-8926-4afc25f8e854,9812e06b-a1d5-4786-b8c4-5eabf2d3ad3f,a9488d99-0bbb-4599-91ce-5dd2b45ed1f0,3b0b0e6c-5a36-4b8e-8c1e-0d7c5e2f9a11,50.0,546000000.0,27300000000.0,473032000.0,26826968000.0,445889000.0,1,7f5b6f7e-1c2d-4a4e-9a51-3a3f1d3c0a01
2d4497c4-5021-46c1-8a8e-1fdb78947d7f,90c8e894-3844-44e8-8d4f-2cc5ca9fd818,a9488d99-0bbb-4599-91ce-5dd2b45ed1f0,3b0b0e6c-5a36-4b8e-8c1e-0d7c5e2f9a11,6.0,498200000.0,2989200000.0,38807000.0,2950393000.0,433090000.0,1,7f5b6f7e-1c2d-4a4e-9a51-3a3f1d3c0a01
031acb09-c59d-497d-8a27-64e436a3ad9a,90c8e894-3844-44e8-8d4f-2cc5ca9fd818,fc377a4c-4a15-444d-85e7-ce8a3a578a8e,3b0b0e6c-5a36-4b8e-8c1e-0d7c5e2f9a11,2.5,518000000.0,1295000000.0,16812000.0,1278188000.0,456718000.0,2,7f5b6f7e-1c2d-4a4e-9a51-3a3f1d3c0a01
e04e8e51-331e-4317-a796-b4fb518c4545,90c8e894-3844-44e8-8d4f-2cc5ca9fd818,3139d32c-93cd-49bf-9c94-1cf0dc98d2c1,3b0b0e6c-5a36-4b8e-8c1e-0d7c5e2f9a11,1.5,510000000.0,765000000.0,9932000.0,755068000.0,445262000.0,3,7f5b6f7e-1c2d-4a4e-9a51-3a3f1d3c0a01
24957396-e473-4cdb-a692-7c40533c0468,5bc06836-991a-4f0d-91ea-13988bbd94c3,4b0dbb41-8d52-48f1-942c-3fe860e7a113,3b0b0e6c-5a36-4b8e-8c1e-0d7c5e2f9a11,15.5,731400000.0,11336700000.0,289379000.0,11047321000.0,646846000.0,1,7f5b6f7e-1c2d-4a4e-9a51-3a3f1d3c0a01
16ed5c3e-61ed-403d-9980-d8f9b4c6d51d,5bc06836-991a-4f0d-91ea-13988bbd94c3,e2acf72f-9e57-4f7a-a0ee-89aed453dd32,3b0b0e6c-5a36-4b8e-8c1e-0d7c5e2f9a11,24.5,720700000.0,17657150000.0,450715000.0,17206435000.0,630828000.0,2,7f5b6f7e-1c2d-4a4e-9a51-3a3f1d3c0a01
92663ed3-1beb-4efd-9494-f065f5f5a8c6,760f0126-7b15-4c15-a35a-c0101d3821ce,fc377a4c-4a15-444d-85e7-ce8a3a578a8e,3b0b0e6c-5a36-4b8e-8c1e-0d7c5e2f9a11,25.0,401700000.0,10042500000.0,209202000.0,9833298000.0,344486000.0,1,7f5b6f7e-1c2d-4a4e-9a51-3a3f1d3c0a01
c2436814-ff28-4781-9b77-4db1f6765be8,0775f5df-7625-427b-8057-d218b7703fad,3139d32c-93cd-49bf-9c94-1cf0dc98d2c1,3b0b0e6c-5a36-4b8e-8c1e-0d7c5e2f9a11,20.0,587400000.0,11748000000.0,204247000.0,11543753000.0,520264000.0,1,7f5b6f7e-1c2d-4a4e-9a51-3a3f1d3c0a01
e9c72651-4f50-44cb-8a64-2d87eb695a68,6201d7f6-fc99-4ff6-a4fc-3f5b1bd4a725,4b0dbb41-8d52-48f1-942c-3fe860e7a113,3b0b0e6c-5a36-4b8e-8c1e-0d7c5e2f9a11,55.0,468700000.0,25778500000.0,522768000.0,25255732000.0,410994000.0,1,7f5b6f7e-1c2d-4a4e-9a51-3a3f1d3c0a01
ebd7e421-d42c-48a9-ab74-0bd1227891de,01c54193-2208-42bb-9799-c37043672bb1,5be6128e-18c2-4797-a142-ea7d17be3111,3b0b0e6c-5a36-4b8e-8c1e-0d7c5e2f9a11,23.5,334000000.0,7849000000.0,161517000.0,7687483000.0,305065000.0,1,7f5b6f7e-1c2d-4a4e-9a51-3a3f1d3c0a01
4b9eb250-1bb8-4c9e-a676-76dcb38f8161,01c54193-2208-42bb-9799-c37043672bb1,1a2a73ed-562b-4f79-8374-59eef50bea63,3b0b0e6c-5a36-4b8e-8c1e-0d7c5e2f9a11,24.5,341200000.0,8359400000.0,172020000.0,8187380000.0,311540000.0,2,7f5b6f7e-1c2d-4a4e-9a51-3a3f1d3c0a01
875c6612-ab97-4a9a-ad81-3b7442e85539,01c54193-2208-42bb-9799-c37043672bb1,43b7a3a6-9a8d-4a03-980d-7b71d8f56413,3b0b0e6c-5a36-4b8e-8c1e-0d7c5e2f9a11,2.0,353800000.0,707600000.0,14561000.0,693039000.0,315888000.0,3,7f5b6f7e-1c2d-4a4e-9a51-3a3f1d3c0a01
0f918f7c-450c-49af-96b9-c96c096949b1,890d4daa-d9d3-4238-8fdc-b1a2f717524e,972a8469-1641-4f82-8b9d-2434e465e150,3b0b0e6c-5a36-4b8e-8c1e-0d7c5e2f9a11,120.0,352900000.0,42348000000.0,1126685000.0,41221315000.0,318368000.0,1,7f5b6f7e-1c2d-4a4e-9a51-3a3f1d3c0a01
4d313f69-51b6-42bc-be64-85f463a10216,16e5e5d5-617e-42ba-82df-36af77dac902,1a2a73ed-562b-4f79-8374-59eef50bea63,3b0b0e6c-5a36-4b8e-8c1e-0d7c5e2f9a11,60.0,454200000.0,27252000000.0,920120000.0,26331880000.0,426795000.0,1,7f5b6f7e-1c2d-4a4e-9a51-3a3f1d3c0a01
6b129abe-bee9-449f-9d95-bff60a173193,dd0b80e9-55a7-485e-8718-56230a06930f,17fc695a-07a0-4a6e-8822-e8f36c031199,3b0b0e6c-5a36-4b8e-8c1e-0d7c5e2f9a11,46.5,412000000.0,19158000000.0,393570000.0,18764430000.0,381948000.0,1,7f5b6f7e-1c2d-4a4e-9a51-3a3f1d3c0a01
6423d5c3-b995-4b79-84a0-4faaab84e9dc,dd0b80e9-55a7-485e-8718-56230a06930f,bdd640fb-0667-4ad1-9c80-317fa3b1799d,3b0b0e6c-5a36-4b8e-8c1e-0d7c5e2f9a11,123.5,434600000.0,53673100000.0,1102626000.0,52570474000.0,399712000.0,2,7f5b6f7e-1c2d-4a4e-9a51-3a3f1d3c0a01
3d619aa9-a949-49ab-a25a-56bef3a11056,86088b7c-e239-4082-8096-742007cdb024,1a2a73ed-562b-4f79-8374-59eef50bea63,3b0b0e6c-5a36-4b8e-8c1e-0d7c5e2f9a11,30.0,350100000.0,10503000000.0,193284000.0,10309716000.0,311540000.0,1,7f5b6f7e-1c2d-4a4e-9a51-3a3f1d3c0a01
14989e94-4cb0-4676-b73b-c46c37afadfd,6d8f21cb-7688-40cf-8208-4d86f6a478d7,c241330b-01a9-471f-9e8a-774bcf36d58b,3b0b0e6c-5a36-4b8e-8c1e-0d7c5e2f9a11,45.0,520100000.0,23404500000.0,343782000.0,23060718000.0,437278000.0,1,7f5b6f7e-1c2d-4a4e-9a51-3a3f1d3c0a01
afb20d22-8c1e-4830-a947-03ce36f3d561,f4d81593-aa1f-4422-bcbb-7b74426127b9,6b65a6a4-8b81-48f6-b38a-088ca65ed389,3b0b0e6c-5a36-4b8e-8c1e-0d7c5e2f9a11,38.0,319600000.0,12144800000.0,130105000.0,12014695000.0,285114000.0,1,7f5b6f7e-1c2d-4a4e-9a51-3a3f1d3c0a01
36d54197-5796-44b4-b2f8-efba7e32c4fb,f4d81593-aa1f-4422-bcbb-7b74426127b9,371ecd7b-27cd-4130-8722-9389571aa876,3b0b0e6c-5a36-4b8e-8c1e-0d7c5e2f9a11,12.0,320100000.0,3841200000.0,41150000.0,3800050000.0,283467000.0,2,7f5b6f7e-1c2d-4a4e-9a51-3a3f1d3c0a01
00462ea3-8d1b-4437-a8e7-924ad02177ee,69d8d5e4-50fa-4146-b6c6-9cb8b723bd30,43b7a3a6-9a8d-4a03-980d-7b71d8f56413,3b0b0e6c-5a36-4b8e-8c1e-0d7c5e2f9a11,5.5,353000000.0,1941500000.0,48130000.0,1893370000.0,322548000.0,1,7f5b6f7e-1c2d-4a4e-9a51-3a3f1d3c0a01
832fb621-adb6-4f24-8f48-60ecb1c0ed94,69d8d5e4-50fa-4146-b6c6-9cb8b723bd30,5be6128e-18c2-4797-a142-ea7d17be3111,3b0b0e6c-5a36-4b8e-8c1e-0d7c5e2f9a11,4.5,342400000.0,1540800000.0,38196000.0,1502604000.0,311910000.0,2,7f5b6f7e-1c2d-4a4e-9a51-3a3f1d3c0a01
9976ce6f-669c-4fe3-9de7-4c3121ac47cc,d91d0449-ae4c-44b6-bd3b-7fdea98913a6,43b7a3a6-9a8d-4a03-980d-7b71d8f56413,3b0b0e6c-5a36-4b8e-8c1e-0d7c5e2f9a11,25.0,353000000.0,8825000000.0,179004000.0,8645996000.0,322548000.0,1,7f5b6f7e-1c2d-4a4e-9a51-3a3f1d3c0a01
5c5ac86c-3273-4317-9544-c6e1b3283cfe,25df2bc4-a9bc-499b-97f3-6d1d37a28ad0,371ecd7b-27cd-4130-8722-9389571aa876,3b0b0e6c-5a36-4b8e-8c1e-0d7c5e2f9a11,21.0,334700000.0,7028700000.0,200180000.0,6828520000.0,300394000.0,1,7f5b6f7e-1c2d-4a4e-9a51-3a3f1d3c0a01
5c20545c-f55f-4bef-a4e2-2066ef82fd8b,25df2bc4-a9bc-499b-97f3-6d1d37a28ad0,b74d0fb1-32e7-4629-8fad-c1a606cb0fb3,3b0b0e6c-5a36-4b8e-8c1e-0d7c5e2f9a11,34.0,345000000.0,11730000000.0,334075000.0,11395925000.0,307348000.0,2,7f5b6f7e-1c2d-4a4e-9a51-3a3f1d3c0a01
3332359f-1472-47ad-ae4c-b47815cd5812,e5a0c381-168a-40f1-aaa0-64fc80b5c4e4,6c307511-b2b9-437a-a8df-6ec4ce4a2bbd,3b0b0e6c-5a36-4b8e-8c1e-0d7c5e2f9a11,30.0,398400000.0,11952000000.0,249873000.0,11702127000.0,366366000.0,1,7f5b6f7e-1c2d-4a4e-9a51-3a3f1d3c0a01
68bad42f-10ce-4ed4-8b1a-4a738adf052f,f89d9fb8-c3bb-440f-bbf8-19fe6c86fa85,c241330b-01a9-471f-9e8a-774bcf36d58b,3b0b0e6c-5a36-4b8e-8c1e-0d7c5e2f9a11,9.5,439600000.0,4176200000.0,41972000.0,4134228000.0,401136000.0,1,7f5b6f7e-1c2d-4a4e-9a51-3a3f1d3c0a01
6e3b2815-e549-4df9-8a14-f5112a204678,f89d9fb8-c3bb-440f-bbf8-19fe6c86fa85,6b65a6a4-8b81-48f6-b38a-088ca65ed389,3b0b0e6c-5a36-4b8e-8c1e-0d7c5e2f9a11,10.5,408800000.0,4292400000.0,43140000.0,4249260000.0,370392000.0,2,7f5b6f7e-1c2d-4a4e-9a51-3a3f1d3c0a01
6487bd8c-85ab-45f8-9f81-02f1621a5a0b,a9fa93fd-b31a-4e69-bb36-03a460387587,17fc695a-07a0-4a6e-8822-e8f36c031199,3b0b0e6c-5a36-4b8e-8c1e-0d7c5e2f9a11,20.0,351400000.0,7028000000.0,217903000.0,6810097000.0,315656000.0,1,7f5b6f7e-1c2d-4a4e-9a51-3a3f1d3c0a01
e77590a4-ae49-4c05-baa2-2e7eaa779708,05c58c20-3299-4294-98c4-2daed6f19e40,b74d0fb1-32e7-4629-8fad-c1a606cb0fb3,3b0b0e6c-5a36-4b8e-8c1e-0d7c5e2f9a11,55.0,445600000.0,24508000000.0,739436000.0,23768564000.0,388784000.0,1,7f5b6f7e-1c2d-4a4e-9a51-3a3f1d3c0a01
dae86b1f-1e47-43c1-af35-4cfe66429ff1,38750319-cdad-4dae-802e-850645034176,43b7a3a6-9a8d-4a03-980d-7b71d8f56413,3b0b0e6c-5a36-4b8e-8c1e-0d7c5e2f9a11,15.0,460400000.0,6906000000.0,63272000.0,6842728000.0,413660000.0,1,7f5b6f7e-1c2d-4a4e-9a51-3a3f1d3c0a01
cf8307d0-afd6-4fe1-9189-51f442b6a851,7f4e0614-a8d9-4b03-b1fa-e3a5e159e8db,5be6128e-18c2-4797-a142-ea7d17be3111,3b0b0e6c-5a36-4b8e-8c1e-0d7c5e2f9a11,15.0,461700000.0,6925500000.0,128907000.0,6796593000.0,425222000.0,1,7f5b6f7e-1c2d-4a4e-9a51-3a3f1d3c0a01
f0a32841-ae22-45d9-a247-3986321294bd,2b524469-9416-4b69-b12e-203f0313a685,b74d0fb1-32e7-4629-8fad-c1a606cb0fb3,3b0b0e6c-5a36-4b8e-8c1e-0d7c5e2f9a11,30.0,490800000.0,14724000000.0,372725000.0,14351275000.0,414038000.0,1,7f5b6f7e-1c2d-4a4e-9a51-3a3f1d3c0a01
5918d961-6d22-4576-8cab-042302d19e04,98887a88-43e5-4759-829b-abe95a31b7d2,371ecd7b-27cd-4130-8722-9389571aa876,3b0b0e6c-5a36-4b8e-8c1e-0d7c5e2f9a11,9.5,512700000.00000006,4870650000.000001,107758000.0,4762892000.000001,468206000.0,1,7f5b6f7e-1c2d-4a4e-9a51-3a3f1d3c0a01
1c2b43fa-9721-422f-b3dc-d99eb09ee07b,98887a88-43e5-4759-829b-abe95a31b7d2,47378190-96da-4dac-b2ff-5d2a386ecbe0,3b0b0e6c-5a36-4b8e-8c1e-0d7c5e2f9a11,9.5,518900000.0,4929550000.0,109061000.0,4820489000.0,469395000.0,2,7f5b6f7e-1c2d-4a4e-9a51-3a3f1d3c0a01
bf729071-e294-4d53-a9c0-bcf8cb3de0a6,98887a88-43e5-4759-829b-abe95a31b7d2,6b65a6a4-8b81-48f6-b38a-088ca65ed389,3b0b0e6c-5a36-4b8e-8c1e-0d7c5e2f9a11,0.5,519500000.0,259750000.0,5747000.0,254003000.0,468938000.0,3,7f5b6f7e-1c2d-4a4e-9a51-3a3f1d3c0a01
b3965480-1e0d-494d-86a8-f0413c69c97d,c0a6a6e8-0acd-49df-bb11-6d22d30d8289,1a2a73ed-562b-4f79-8374-59eef50bea63,3b0b0e6c-5a36-4b8e-8c1e-0d7c5e2f9a11,50.0,357200000.0,17860000000.0,802117000.0,17057883000.0,323842000.0,1,7f5b6f7e-1c2d-4a4e-9a51-3a3f1d3c0a01
04a63c46-c138-4803-895a-e15d33a247f1,c01a587a-1e79-4399-add5-2fbecd62584f,bdd640fb-0667-4ad1-9c80-317fa3b1799d,3b0b0e6c-5a36-4b8e-8c1e-0d7c5e2f9a11,20.5,366600000.0,7515300000.0,332294000.0,7183006000.0,331925000.0,1,7f5b6f7e-1c2d-4a4e-9a51-3a3f1d3c0a01
c8843187-db89-47a2-b173-66f2d354b20f,c01a587a-1e79-4399-add5-2fbecd62584f,23b8c1e9-3924-46de-beb1-3b9046685257,3b0b0e6c-5a36-4b8e-8c1e-0d7c5e2f9a11,39.5,350400000.0,13840800000.0,611980000.0,13228820000.0,325380000.0,2,7f5b6f7e-1c2d-4a4e-9a51-3a3f1d3c0a01
b7174c62-b2e5-49b5-9ca4-a9cc711ebcb7,c7e9bd6c-ca82-49fc-9d01-4f859cb08acd,43b7a3a6-9a8d-4a03-980d-7b71d8f56413,3b0b0e6c-5a36-4b8e-8c1e-0d7c5e2f9a11,6.5,447400000.0,2908100000.0,167498000.0,2740602000.0,423650000.0,1,7f5b6f7e-1c2d-4a4e-9a51-3a3f1d3c0a01
6ae70c70-a4b5-4be5-b1f5-e6c40b342691,c7e9bd6c-ca82-49fc-9d01-4f859cb08acd,1a2a73ed-562b-4f79-8374-59eef50bea63,3b0b0e6c-5a36-4b8e-8c1e-0d7c5e2f9a11,18.5,433000000.0,8010500000.0,461380000.0,7549120000.0,412272000.0,2,7f5b6f7e-1c2d-4a4e-9a51-3a3f1d3c0a01
3f7c50f3-9889-441c-8419-0e9cd3b7e554,d73bb4a6-5809-432f-b16c-9fd055acb935,b74d0fb1-32e7-4629-8fad-c1a606cb0fb3,3b0b0e6c-5a36-4b8e-8c1e-0d7c5e2f9a11,55.5,314700000.0,17465850000.0,556942000.0,16908908000.0,287950000.0,1,7f5b6f7e-1c2d-4a4e-9a51-3a3f1d3c0a01
2423a5c4-ba9b-4b5f-9e29-ac5466004897,d73bb4a6-5809-432f-b16c-9fd055acb935,371ecd7b-27cd-4130-8722-9389571aa876,3b0b0e6c-5a36-4b8e-8c1e-0d7c5e2f9a11,14.5,309800000.0,4492100000.0,143242000.0,4348858000.0,283467000.0,2,7f5b6f7e-1c2d-4a4e-9a51-3a3f1d3c0a01
7dff3e6a-faf8-4a21-bf0a-bac153c30433,1e41361d-957d-4de3-8b00-5de316db34c3,6c307511-b2b9-437a-a8df-6ec4ce4a2bbd,3b0b0e6c-5a36-4b8e-8c1e-0d7c5e2f9a11,115.0,312600000.0,35949000000.0,640097000.0,35308903000.0,282552000.0,1,7f5b6f7e-1c2d-4a4e-9a51-3a3f1d3c0a01
770c5f43-87ca-4969-aa55-224c67a2802f,67b36cee-7e6e-4029-8bc1-79f36d29c7bc,47378190-96da-4dac-b2ff-5d2a386ecbe0,3b0b0e6c-5a36-4b8e-8c1e-0d7c5e2f9a11,160.5,315200000.0,50589600000.0,999079000.0,49590521000.0,288408000.0,1,7f5b6f7e-1c2d-4a4e-9a51-3a3f1d3c0a01
64b8cca3-95a6-448c-8d3b-8409f9bd2f0f,67b36cee-7e6e-4029-8bc1-79f36d29c7bc,371ecd7b-27cd-4130-8722-9389571aa876,3b0b0e6c-5a36-4b8e-8c1e-0d7c5e2f9a11,189.5,309800000.0,58707100000.0,1159389000.0,57547711000.0,283467000.0,2,7f5b6f7e-1c2d-4a4e-9a51-3a3f1d3c0a01
931589d9-b275-4cee-b2ae-16ebe19ee584,d028a464-bc35-407b-bd76-cb8b5d7a3a03,b74d0fb1-32e7-4629-8fad-c1a606cb0fb3,3b0b0e6c-5a36-4b8e-8c1e-0d7c5e2f9a11,60.0,519600000.0,31176000000.0,862114000.0,30313886000.0,467199000.0,1,7f5b6f7e-1c2d-4a4e-9a51-3a3f1d3c0a01
4c335465-4506-4a17-8cd5-c00ee2fc182e,244d7a16-fb9d-46ea-b410-1619594e81f1,bdd640fb-0667-4ad1-9c80-317fa3b1799d,3b0b0e6c-5a36-4b8e-8c1e-0d7c5e2f9a11,52.5,276500000.0,14516250000.0,334452000.0,14181798000.0,255255000.0,1,7f5b6f7e-1c2d-4a4e-9a51-3a3f1d3c0a01
0aeb5016-9e6f-48b6-b07d-467a1d17528b,244d7a16-fb9d-46ea-b410-1619594e81f1,23b8c1e9-3924-46de-beb1-3b9046685257,3b0b0e6c-5a36-4b8e-8c1e-0d7c5e2f9a11,42.5,270500000.0,11496250000.0,264872000.0,11231378000.0,250860000.0,2,7f5b6f7e-1c2d-4a4e-9a51-3a3f1d3c0a01
21ee5825-85b9-485e-8074-7a54e637bc35,75518597-2722-43f1-a9e0-23047e54d133,1a2a73ed-562b-4f79-8374-59eef50bea63,3b0b0e6c-5a36-4b8e-8c1e-0d7c5e2f9a11,38.0,350100000.0,13303800000.0,285378000.0,13018422000.0,311540000.0,1,7f5b6f7e-1c2d-4a4e-9a51-3a3f1d3c0a01
d0491449-ccab-4ff3-86a5-076e1498aaca,75518597-2722-43f1-a9e0-23047e54d133,43b7a3a6-9a8d-4a03-980d-7b71d8f56413,3b0b0e6c-5a36-4b8e-8c1e-0d7c5e2f9a11,27.0,353000000.0,9531000000.0,204448000.0,9326552000.0,322548000.0,2,7f5b6f7e-1c2d-4a4e-9a51-3a3f1d3c0a01
d7bc40fc-6b6e-434d-925f-ededf74fed1c,d31d9be0-086a-479a-aa12-93e32f63da02,6b65a6a4-8b81-48f6-b38a-088ca65ed389,3b0b0e6c-5a36-4b8e-8c1e-0d7c5e2f9a11,27.0,331500000.0,8950500000.0,91610000.0,8858890000.0,311649000.0,1,7f5b6f7e-1c2d-4a4e-9a51-3a3f1d3c0a01
1a0cb119-7d8a-4541-936e-58e29e5ef2f5,d31d9be0-086a-479a-aa12-93e32f63da02,b74d0fb1-32e7-4629-8fad-c1a606cb0fb3,3b0b0e6c-5a36-4b8e-8c1e-0d7c5e2f9a11,28.0,344200000.0,9637600000.0,98643000.0,9538957000.0,315675000.0,2,7f5b6f7e-1c2d-4a4e-9a51-3a3f1d3c0a01
4f90b258-d939-4a9c-b083-e44ca369d0e0,a23f3dc8-21e1-4a18-bd83-b67ddd039c8b,b74d0fb1-32e7-4629-8fad-c1a606cb0fb3,3b0b0e6c-5a36-4b8e-8c1e-0d7c5e2f9a11,20.0,449300000.0,8986000000.0,194697000.0,8791303000.0,407724000.0,1,7f5b6f7e-1c2d-4a4e-9a51-3a3f1d3c0a01
8ecf001d-3a09-47e2-809b-5bda6cc7c915,84a01954-d9c9-4ec3-a1b5-c8a3da4d7550,43b7a3a6-9a8d-4a03-980d-7b71d8f56413,3b0b0e6c-5a36-4b8e-8c1e-0d7c5e2f9a11,157.0,341500000.0,53615500000.0,1118019000.0,52497481000.0,315888000.0,1,7f5b6f7e-1c2d-4a4e-9a51-3a3f1d3c0a01
504ae2c5-df48-4c5a-9b38-d130ec159dd9,84a01954-d9c9-4ec3-a1b5-c8a3da4d7550,1a2a73ed-562b-4f79-8374-59eef50bea63,3b0b0e6c-5a36-4b8e-8c1e-0d7c5e2f9a11,3.0,336800000.0,1010400000.0,21069000.0,989331000.0,311540000.0,2,7f5b6f7e-1c2d-4a4e-9a51-3a3f1d3c0a01
8a07d440-cb51-4af7-9224-bf13ea6113e4,0714d17c-42ee-405d-9107-00bdd67f8277,ddd1dfb2-3b98-4ef8-9af6-1a26146d3f31,3b0b0e6c-5a36-4b8e-8c1e-0d7c5e2f9a11,50.0,264300000.0,13215000000.0,409078000.0,12805922000.0,242050000.0,1,7f5b6f7e-1c2d-4a4e-9a51-3a3f1d3c0a01
59ea5344-bb0d-470f-82b9-3b43e4a295f4,9e234573-8166-484b-bc62-c0307741cf44,6c307511-b2b9-437a-a8df-6ec4ce4a2bbd,3b0b0e6c-5a36-4b8e-8c1e-0d7c5e2f9a11,41.0,331500000.0,13591500000.0,538207000.0,13053293000.0,302042000.0,1,7f5b6f7e-1c2d-4a4e-9a51-3a3f1d3c0a01
20a6a3d5-1eae-4415-87df-3bf872ddc6c5,9e234573-8166-484b-bc62-c0307741cf44,c241330b-01a9-471f-9e8a-774bcf36d58b,3b0b0e6c-5a36-4b8e-8c1e-0d7c5e2f9a11,11.5,364900000.0,4196350000.0,166170000.0,4030180000.0,330406000.0,2,7f5b6f7e-1c2d-4a4e-9a51-3a3f1d3c0a01
81fac4ee-0072-4318-bc60-571dab238471,9e234573-8166-484b-bc62-c0307741cf44,47378190-96da-4dac-b2ff-5d2a386ecbe0,3b0b0e6c-5a36-4b8e-8c1e-0d7c5e2f9a11,7.0,337000000.0,2359000000.0,93414000.0,2265586000.0,310551000.0,3,7f5b6f7e-1c2d-4a4e-9a51-3a3f1d3c0a01
fd67ddf0-282b-43ff-a646-9b50f722ee1f,7a7cc8cd-8014-40ac-b259-b26b159d47e1,1a2a73ed-562b-4f79-8374-59eef50bea63,3b0b0e6c-5a36-4b8e-8c1e-0d7c5e2f9a11,112.5,363800000.0,40927500000.0,1396523000.0,39530977000.0,330318000.0,1,7f5b6f7e-1c2d-4a4e-9a51-3a3f1d3c0a01
2fa354aa-7449-49e2-a6b2-c2a3e49ee1a9,7a7cc8cd-8014-40ac-b259-b26b159d47e1,5be6128e-18c2-4797-a142-ea7d17be3111,3b0b0e6c-5a36-4b8e-8c1e-0d7c5e2f9a11,92.5,353600000.0,32708000000.0,1116058000.0,31591942000.0,328468000.0,2,7f5b6f7e-1c2d-4a4e-9a51-3a3f1d3c0a01
be90057b-cc4c-4d5c-80d1-f523aed70da6,ba296e44-3e16-4d9e-a4da-4ce4649ce43f,23b8c1e9-3924-46de-beb1-3b9046685257,3b0b0e6c-5a36-4b8e-8c1e-0d7c5e2f9a11,123.0,340700000.0,41906100000.0,1519685000.0,40386415000.0,269841000.0,1,7f5b6f7e-1c2d-4a4e-9a51-3a3f1d3c0a01
82beba4a-3224-4567-ad82-51b7891c6ee8,ba296e44-3e16-4d9e-a4da-4ce4649ce43f,bdd640fb-0667-4ad1-9c80-317fa3b1799d,3b0b0e6c-5a36-4b8e-8c1e-0d7c5e2f9a11,88.5,343000000.0,30355500000.0,1100813000.0,29254687000.0,275638000.0,2,7f5b6f7e-1c2d-4a4e-9a51-3a3f1d3c0a01
40a04a82-126c-47f0-a2cb-8bc0a6367b0e,ba296e44-3e16-4d9e-a4da-4ce4649ce43f,9a1de644-815e-46d1-bb8f-aa1837f8a88b,3b0b0e6c-5a36-4b8e-8c1e-0d7c5e2f9a11,38.5,323800000.0,12466300000.0,452079000.0,12014221000.0,258247000.0,3,7f5b6f7e-1c2d-4a4e-9a51-3a3f1d3c0a01
0d3d0c15-986d-4752-868e-6e95ce2d422e,ca7351a8-2f9f-4513-9eaa-e3cf4a1cbd2c,c241330b-01a9-471f-9e8a-774bcf36d58b,3b0b0e6c-5a36-4b8e-8c1e-0d7c5e2f9a11,145.0,437700000.0,63466500000.0,1831234000.0,61635266000.0,392718000.0,1,7f5b6f7e-1c2d-4a4e-9a51-3a3f1d3c0a01
20726f87-5170-4e53-a386-2b15b6ff7bb3,df14d079-de24-4592-9322-3935d1f4c9c2,47378190-96da-4dac-b2ff-5d2a386ecbe0,3b0b0e6c-5a36-4b8e-8c1e-0d7c5e2f9a11,40.0,424800000.0,16992000000.0,522124000.0,16469876000.0,377712000.0,1,7f5b6f7e-1c2d-4a4e-9a51-3a3f1d3c0a01
00a0140f-8d94-4dd7-afab-bcece3d130c3,df14d079-de24-4592-9322-3935d1f4c9c2,c241330b-01a9-471f-9e8a-774bcf36d58b,3b0b0e6c-5a36-4b8e-8c1e-0d7c5e2f9a11,24.5,453300000.0,11105850000.0,341256000.0,10764594000.0,399580000.0,2,7f5b6f7e-1c2d-4a4e-9a51-3a3f1d3c0a01
d731b121-a9ff-4e51-85c2-aa179d22a4ac,df14d079-de24-4592-9322-3935d1f4c9c2,b74d0fb1-32e7-4629-8fad-c1a606cb0fb3,3b0b0e6c-5a36-4b8e-8c1e-0d7c5e2f9a11,130.5,436400000.0,56950200000.0,1749944000.0,55200256000.0,384849000.0,3,7f5b6f7e-1c2d-4a4e-9a51-3a3f1d3c0a01
ba27c1a8-fdee-4940-935d-1a0f713cbefd,a2b24143-e74d-47c9-8443-0ddb02a7df82,371ecd7b-27cd-4130-8722-9389571aa876,3b0b0e6c-5a36-4b8e-8c1e-0d7c5e2f9a11,120.0,410400000.0,49248000000.0,1203508000.0,48044492000.0,372039000.0,1,7f5b6f7e-1c2d-4a4e-9a51-3a3f1d3c0a01
892ab2bc-0fd9-4bc9-a767-361d3d2e0a0f,902e0dde-a062-4f54-8fd2-e0977ee13222,371ecd7b-27cd-4130-8722-9389571aa876,3b0b0e6c-5a36-4b8e-8c1e-0d7c5e2f9a11,60.0,440500000.0,26430000000.0,808375000.0,25621625000.0,393084000.0,1,7f5b6f7e-1c2d-4a4e-9a51-3a3f1d3c0a01
f87a80ea-4931-48ec-b55c-a2bbbfd32292,29542781-f26b-4c4a-95d0-fb7004df6f26,c241330b-01a9-471f-9e8a-774bcf36d58b,3b0b0e6c-5a36-4b8e-8c1e-0d7c5e2f9a11,87.5,520100000.0,45508750000.0,1460431000.0,44048319000.0,437278000.0,1,7f5b6f7e-1c2d-4a4e-9a51-3a3f1d3c0a01
fcee471a-9b18-4622-8e24-9ad7e181e4c5,29542781-f26b-4c4a-95d0-fb7004df6f26,371ecd7b-27cd-4130-8722-9389571aa876,3b0b0e6c-5a36-4b8e-8c1e-0d7c5e2f9a11,45.0,475700000.0,21406500000.0,686961000.0,20719539000.0,403058000.0,2,7f5b6f7e-1c2d-4a4e-9a51-3a3f1d3c0a01
ce66636c-1b27-44b3-91ae-7bfedce6f4a2,29542781-f26b-4c4a-95d0-fb7004df6f26,47378190-96da-4dac-b2ff-5d2a386ecbe0,3b0b0e6c-5a36-4b8e-8c1e-0d7c5e2f9a11,102.5,480800000.0,49282000000.0,1581519000.0,47700481000.0,410378000.0,3,7f5b6f7e-1c2d-4a4e-9a51-3a3f1d3c0a01
fd4e70fa-b2c0-462e-8bf0-5b02018b1d95,d1048076-f2e6-4a9b-8da1-86d5c4448dd9,5be6128e-18c2-4797-a142-ea7d17be3111,3b0b0e6c-5a36-4b8e-8c1e-0d7c5e2f9a11,44.5,536500000.0,23874250000.0,557381000.0,23316869000.0,491823000.0,1,7f5b6f7e-1c2d-4a4e-9a51-3a3f1d3c0a01
e8400a00-6892-4e9b-ba72-4eedf9309ddf,d1048076-f2e6-4a9b-8da1-86d5c4448dd9,43b7a3a6-9a8d-4a03-980d-7b71d8f56413,3b0b0e6c-5a36-4b8e-8c1e-0d7c5e2f9a11,60.5,560100000.0,33886050000.0,791122000.0,33094928000.0,512358000.0,2,7f5b6f7e-1c2d-4a4e-9a51-3a3f1d3c0a01
9b83c937-adbe-4e92-9eb2-fcaa98370c81,d7a1d554-4197-45eb-9063-ae8b83637cfd,9a1de644-815e-46d1-bb8f-aa1837f8a88b,3b0b0e6c-5a36-4b8e-8c1e-0d7c5e2f9a11,40.5,416900000.0,16884450000.0,781797000.0,16102653000.0,382602000.0,1,7f5b6f7e-1c2d-4a4e-9a51-3a3f1d3c0a01
bbe16e0a-fc98-41df-b0f0-473926cef478,d7a1d554-4197-45eb-9063-ae8b83637cfd,23b8c1e9-3924-46de-beb1-3b9046685257,3b0b0e6c-5a36-4b8e-8c1e-0d7c5e2f9a11,84.5,431400000.0,36453300000.0,1687889000.0,34765411000.0,398964000.0,2,7f5b6f7e-1c2d-4a4e-9a51-3a3f1d3c0a01
92327393-48a4-432d-a888-16c5099fc9ce,e2f06e75-a075-4677-8ad8-74e81192f37c,23b8c1e9-3924-46de-beb1-3b9046685257,3b0b0e6c-5a36-4b8e-8c1e-0d7c5e2f9a11,3.0,281900000.0,845700000.0,23293000.0,822407000.0,265353000.0,1,7f5b6f7e-1c2d-4a4e-9a51-3a3f1d3c0a01
b530e509-8293-42de-847d-d6ad844da361,e2f06e75-a075-4677-8ad8-74e81192f37c,bd9c66b3-ad3c-4d6d-9a3d-1fa7bc8960a9,3b0b0e6c-5a36-4b8e-8c1e-0d7c5e2f9a11,10.5,278000000.0,2919000000.0,80397000.0,2838603000.0,263296000.0,2,7f5b6f7e-1c2d-4a4e-9a51-3a3f1d3c0a01
4971da79-15bf-47ab-af74-942a1208fc7e,e2f06e75-a075-4677-8ad8-74e81192f37c,9a1de644-815e-46d1-bb8f-aa1837f8a88b,3b0b0e6c-5a36-4b8e-8c1e-0d7c5e2f9a11,6.5,269900000.0,1754350000.0,48320000.0,1706030000.0,252824000.0,3,7f5b6f7e-1c2d-4a4e-9a51-3a3f1d3c0a01
71832bcf-e267-45ae-9ed0-a5276d042caf,6c853d03-0a4c-4007-94f6-80e36e3b5ec6,972a8469-1641-4f82-8b9d-2434e465e150,3b0b0e6c-5a36-4b8e-8c1e-0d7c5e2f9a11,29.0,275600000.0,7992400000.0,197869000.0,7794531000.0,255629000.0,1,7f5b6f7e-1c2d-4a4e-9a51-3a3f1d3c0a01
d38a65df-b194-4518-90ef-d3d7407b6971,6c853d03-0a4c-4007-94f6-80e36e3b5ec6,9a1de644-815e-46d1-bb8f-aa1837f8a88b,3b0b0e6c-5a36-4b8e-8c1e-0d7c5e2f9a11,17.0,274500000.0,4666500000.0,115529000.0,4550971000.0,252356000.0,2,7f5b6f7e-1c2d-4a4e-9a51-3a3f1d3c0a01
63071b45-565e-44e6-93ab-951b8bc8e75f,6c853d03-0a4c-4007-94f6-80e36e3b5ec6,23b8c1e9-3924-46de-beb1-3b9046685257,3b0b0e6c-5a36-4b8e-8c1e-0d7c5e2f9a11,24.0,282200000.0,6772800000.0,167675000.0,6605125000.0,263577000.0,3,7f5b6f7e-1c2d-4a4e-9a51-3a3f1d3c0a01
2f798e0f-d7e7-4e91-a469-e0b27238553c,a6dfc87f-a6c3-4058-bad5-e511918d9a31,bdd640fb-0667-4ad1-9c80-317fa3b1799d,3b0b0e6c-5a36-4b8e-8c1e-0d7c5e2f9a11,25.0,294800000.0,7370000000.0,165760000.0,7204240000.0,275918000.0,1,7f5b6f7e-1c2d-4a4e-9a51-3a3f1d3c0a01
9dd4b369-f709-4c0b-bbf2-60d46054f4fa,8213ad09-dced-401b-8edc-1fe27fc8de1b,43b7a3a6-9a8d-4a03-980d-7b71d8f56413,3b0b0e6c-5a36-4b8e-8c1e-0d7c5e2f9a11,35.0,379200000.0,13272000000.0,334268000.0,12937732000.0,340770000.0,1,7f5b6f7e-1c2d-4a4e-9a51-3a3f1d3c0a01
67dd01a7-3407-400b-be62-3f60b76d05eb,cd9a5a77-aa0f-49cc-b9bc-b087d26ef043,371ecd7b-27cd-4130-8722-9389571aa876,3b0b0e6c-5a36-4b8e-8c1e-0d7c5e2f9a11,50.0,495900000.0,24795000000.0,606620000.0,24188380000.0,435266000.0,1,7f5b6f7e-1c2d-4a4e-9a51-3a3f1d3c0a01
c1aa5eae-b12e-4eb6-8ad7-bae2e9f31774,cd9a5a77-aa0f-49cc-b9bc-b087d26ef043,6b65a6a4-8b81-48f6-b38a-088ca65ed389,3b0b0e6c-5a36-4b8e-8c1e-0d7c5e2f9a11,40.0,496200000.0,19848000000.0,485590000.0,19362410000.0,446703000.0,2,7f5b6f7e-1c2d-4a4e-9a51-3a3f1d3c0a01
8e46389e-54f5-46c1-a605-e58de6766613,376c05ad-581b-4151-883f-b047247e62ca,fc377a4c-4a15-444d-85e7-ce8a3a578a8e,3b0b0e6c-5a36-4b8e-8c1e-0d7c5e2f9a11,18.0,373000000.0,6714000000.0,216779000.0,6497221000.0,327480000.0,1,7f5b6f7e-1c2d-4a4e-9a51-3a3f1d3c0a01
90f636af-a498-42e6-b074-21ec1f7e5621,376c05ad-581b-4151-883f-b047247e62ca,a9488d99-0bbb-4599-91ce-5dd2b45ed1f0,3b0b0e6c-5a36-4b8e-8c1e-0d7c5e2f9a11,7.0,358300000.0,2508100000.0,80981000.0,2427119000.0,318620000.0,2,7f5b6f7e-1c2d-4a4e-9a51-3a3f1d3c0a01
d84549aa-5935-45dd-8b87-187d93f7c0e3,2e953887-d1eb-4143-b78a-33b2c38c4783,9a1de644-815e-46d1-bb8f-aa1837f8a88b,3b0b0e6c-5a36-4b8e-8c1e-0d7c5e2f9a11,120.0,325900000.0,39108000000.0,953799000.0,38154201000.0,314440000.0,1,7f5b6f7e-1c2d-4a4e-9a51-3a3f1d3c0a01
3da8e2c9-0ba7-4ad3-8bca-e8dd2a856a0a,440786f8-2c93-4859-8843-95732834c685,6b65a6a4-8b81-48f6-b38a-088ca65ed389,3b0b0e6c-5a36-4b8e-8c1e-0d7c5e2f9a11,130.0,512500000.0,66625000000.0,1871202000.0,64753798000.0,459879000.0,1,7f5b6f7e-1c2d-4a4e-9a51-3a3f1d3c0a01
06f9a682-2ab6-48d3-8a4b-76d326500643,5d2e30c6-a3ab-48be-bf1e-a1c087bd318f,23b8c1e9-3924-46de-beb1-3b9046685257,3b0b0e6c-5a36-4b8e-8c1e-0d7c5e2f9a11,25.0,282200000.0,7055000000.0,127087000.0,6927913000.0,263577000.0,1,7f5b6f7e-1c2d-4a4e-9a51-3a3f1d3c0a01
27adf2c7-3191-488b-a792-4f8baf22cdb9,359e2500-4d6c-4b33-82d5-4b3f9594e474,3139d32c-93cd-49bf-9c94-1cf0dc98d2c1,3b0b0e6c-5a36-4b8e-8c1e-0d7c5e2f9a11,13.0,495500000.0,6441500000.0,196649000.0,6244851000.0,430226000.0,1,7f5b6f7e-1c2d-4a4e-9a51-3a3f1d3c0a01
e5011668-96fa-456d-a3de-bd098ab86b6c,359e2500-4d6c-4b33-82d5-4b3f9594e474,fc377a4c-4a15-444d-85e7-ce8a3a578a8e,3b0b0e6c-5a36-4b8e-8c1e-0d7c5e2f9a11,12.0,507000000.0,6084000000.0,185735000.0,5898265000.0,437476000.0,2,7f5b6f7e-1c2d-4a4e-9a51-3a3f1d3c0a01
245e3a9d-8124-4cca-90a3-d1ddd62a11d7,5525b8f2-96a5-4216-99b4-03903ee22cc9,9a1de644-815e-46d1-bb8f-aa1837f8a88b,3b0b0e6c-5a36-4b8e-8c1e-0d7c5e2f9a11,65.0,388200000.0,25233000000.0,594027000.0,24638973000.0,335572000.0,1,7f5b6f7e-1c2d-4a4e-9a51-3a3f1d3c0a01
64f2bee2-3d9a-44aa-b4eb-274d97cbd435,21b314e6-698b-4a6e-926b-a0842b3c9fee,1a2a73ed-562b-4f79-8374-59eef50bea63,3b0b0e6c-5a36-4b8e-8c1e-0d7c5e2f9a11,80.0,341200000.0,27296000000.0,822967000.0,26473033000.0,311540000.0,1,7f5b6f7e-1c2d-4a4e-9a51-3a3f1d3c0a01
4e47fe21-9f75-4e73-a024-1694367904d0,ef711ecc-ef3f-48f8-be72-d6d651cf7f45,e2acf72f-9e57-4f7a-a0ee-89aed453dd32,3b0b0e6c-5a36-4b8e-8c1e-0d7c5e2f9a11,250.0,448200000.0,112050000000.0,3611013000.0,108438987000.0,396657000.0,1,7f5b6f7e-1c2d-4a4e-9a51-3a3f1d3c0a01
0d509814-0ebc-419d-8c40-265c640c8945,06d05c24-d1ea-4b5d-82a9-b17db2e0aa26,1a2a73ed-562b-4f79-8374-59eef50bea63,3b0b0e6c-5a36-4b8e-8c1e-0d7c5e2f9a11,30.0,336800000.0,10104000000.0,231821000.0,9872179000.0,311540000.0,1,7f5b6f7e-1c2d-4a4e-9a51-3a3f1d3c0a01
c0ad8854-543d-44bc-a561-09c3fd5c5191,3115f9bc-2b39-4cc1-8982-80895798260c,5be6128e-18c2-4797-a142-ea7d17be3111,3b0b0e6c-5a36-4b8e-8c1e-0d7c5e2f9a11,45.0,334000000.0,15030000000.0,418783000.0,14611217000.0,305065000.0,1,7f5b6f7e-1c2d-4a4e-9a51-3a3f1d3c0a01
9a4a78b5-3abc-4763-8c93-dd5f7f6bf466,3906f7fe-aa8f-47a0-996b-70692db7209d,759cde66-bacf-43d0-8b1f-9163ce9ff57f,3b0b0e6c-5a36-4b8e-8c1e-0d7c5e2f9a11,65.0,399900000.0,25993500000.0,399084000.0,25594416000.0,352769000.0,1,7f5b6f7e-1c2d-4a4e-9a51-3a3f1d3c0a01
7e89cb0f-c459-4283-a13d-ca7bb37b4606,c8bdf2fc-e527-4aa3-b7b0-040c8e4a30b6,e2acf72f-9e57-4f7a-a0ee-89aed453dd32,3b0b0e6c-5a36-4b8e-8c1e-0d7c5e2f9a11,28.5,491700000.0,14013450000.0,402242000.0,13611208000.0,428694000.0,1,7f5b6f7e-1c2d-4a4e-9a51-3a3f1d3c0a01
f4a364d8-a1d3-44e3-91df-6ea2636ec9e7,c8bdf2fc-e527-4aa3-b7b0-040c8e4a30b6,4b0dbb41-8d52-48f1-942c-3fe860e7a113,3b0b0e6c-5a36-4b8e-8c1e-0d7c5e2f9a11,36.5,491700000.0,17947050000.0,515153000.0,17431897000.0,444536000.0,2,7f5b6f7e-1c2d-4a4e-9a51-3a3f1d3c0a01
38d95d60-9715-4fa5-8de3-d7fbf1d288ad,1fb3169a-171b-4dc6-a718-59fd3ad78bf5,43b7a3a6-9a8d-4a03-980d-7b71d8f56413,3b0b0e6c-5a36-4b8e-8c1e-0d7c5e2f9a11,55.0,379200000.0,20856000000.0,342600000.0,20513400000.0,340770000.0,1,7f5b6f7e-1c2d-4a4e-9a51-3a3f1d3c0a01
7617d7b8-83e2-4009-8c86-f6f16dca1260,1fb3169a-171b-4dc6-a718-59fd3ad78bf5,5be6128e-18c2-4797-a142-ea7d17be3111,3b0b0e6c-5a36-4b8e-8c1e-0d7c5e2f9a11,145.0,360500000.0,52272500000.0,858677000.0,51413823000.0,327080000.0,2,7f5b6f7e-1c2d-4a4e-9a51-3a3f1d3c0a01
088cb6d2-5850-40d0-a79e-2ccb6116b564,12e32599-d478-4ade-8f7c-1df31969d4ec,43b7a3a6-9a8d-4a03-980d-7b71d8f56413,3b0b0e6c-5a36-4b8e-8c1e-0d7c5e2f9a11,185.0,440200000.0,81437000000.0,2127847000.0,79309153000.0,398952000.0,1,7f5b6f7e-1c2d-4a4e-9a51-3a3f1d3c0a01
2d5280f8-cdb4-404a-b2a7-70ce1af09fb9,6666cfca-699a-4823-aa5a-a52ed75b2c4e,5be6128e-18c2-4797-a142-ea7d17be3111,3b0b0e6c-5a36-4b8e-8c1e-0d7c5e2f9a11,83.5,436700000.0,36464450000.0,841583000.0,35622867000.0,398120000.0,1,7f5b6f7e-1c2d-4a4e-9a51-3a3f1d3c0a01
60f74bba-1b26-42fe-9f4b-4fb1614387c3,6666cfca-699a-4823-aa5a-a52ed75b2c4e,1a2a73ed-562b-4f79-8374-59eef50bea63,3b0b0e6c-5a36-4b8e-8c1e-0d7c5e2f9a11,31.5,452700000.0,14260050000.0,329116000.0,13930934000.0,403208000.0,2,7f5b6f7e-1c2d-4a4e-9a51-3a3f1d3c0a01
0d0c03a6-590f-43f2-92b9-92ca98c0ea85,7b3826d6-ac21-42a4-bb18-39b133da3a2c,4b0dbb41-8d52-48f1-942c-3fe860e7a113,3b0b0e6c-5a36-4b8e-8c1e-0d7c5e2f9a11,110.0,646800000.0,71148000000.0,2056811000.0,69091189000.0,559143000.0,1,7f5b6f7e-1c2d-4a4e-9a51-3a3f1d3c0a01
58bf3df2-c021-4984-928e-787f64d0bc50,3cefd44c-7af4-43ce-99f2-ed6d3fca6526,5be6128e-18c2-4797-a142-ea7d17be3111,3b0b0e6c-5a36-4b8e-8c1e-0d7c5e2f9a11,138.0,501400000.0,69193200000.0,1603560000.0,67589640000.0,427072000.0,1,7f5b6f7e-1c2d-4a4e-9a51-3a3f1d3c0a01
aef6ada0-2ddb-4772-891c-5f1fb1c76e22,3cefd44c-7af4-43ce-99f2-ed6d3fca6526,43b7a3a6-9a8d-4a03-980d-7b71d8f56413,3b0b0e6c-5a36-4b8e-8c1e-0d7c5e2f9a11,122.0,524400000.0,63976800000.0,1482669000.0,62494131000.0,448348000.0,2,7f5b6f7e-1c2d-4a4e-9a51-3a3f1d3c0a01
5f243924-22cc-4c31-84c5-8f1d471a836a,f5c9b78f-b0ae-48d0-9243-356498a209fe,1a2a73ed-562b-4f79-8374-59eef50bea63,3b0b0e6c-5a36-4b8e-8c1e-0d7c5e2f9a11,200.5,514299999.99999994,103117149999.99998,2733262000.0,100383887999.99998,438635000.0,1,7f5b6f7e-1c2d-4a4e-9a51-3a3f1d3c0a01
572371ed-d20b-42c5-a273-82941c3617b9,f5c9b78f-b0ae-48d0-9243-356498a209fe,43b7a3a6-9a8d-4a03-980d-7b71d8f56413,3b0b0e6c-5a36-4b8e-8c1e-0d7c5e2f9a11,9.5,524400000.0,4981800000.0,132049000.0,4849751000.0,448348000.0,2,7f5b6f7e-1c2d-4a4e-9a51-3a3f1d3c0a01
4baa16cd-ca83-4b0e-96b7-9edfe9b9e19b,802d9914-7764-4bf9-998f-a56c77f1105b,5be6128e-18c2-4797-a142-ea7d17be3111,3b0b0e6c-5a36-4b8e-8c1e-0d7c5e2f9a11,130.0,536500000.0,69745000000.0,1807306000.0,67937694000.0,491823000.0,1,7f5b6f7e-1c2d-4a4e-9a51-3a3f1d3c0a01
1775c6c6-de69-4137-8bf9-54727330b031,a7501778-654c-4202-af1f-767e2b04c911,1a2a73ed-562b-4f79-8374-59eef50bea63,3b0b0e6c-5a36-4b8e-8c1e-0d7c5e2f9a11,55.0,549100000.0,30200500000.0,1049275000.0,29151225000.0,497002000.0,1,7f5b6f7e-1c2d-4a4e-9a51-3a3f1d3c0a01
640bee22-f5cc-46c2-a081-9cc35947fcd6,f3549871-9f1a-4718-9ede-efafcd1c7b4d,fc377a4c-4a15-444d-85e7-ce8a3a578a8e,3b0b0e6c-5a36-4b8e-8c1e-0d7c5e2f9a11,35.5,365900000.0,12989450000.0,231125000.0,12758325000.0,327480000.0,1,7f5b6f7e-1c2d-4a4e-9a51-3a3f1d3c0a01
5a5c28f3-28f6-41f9-b950-fd90124c360d,f3549871-9f1a-4718-9ede-efafcd1c7b4d,a9488d99-0bbb-4599-91ce-5dd2b45ed1f0,3b0b0e6c-5a36-4b8e-8c1e-0d7c5e2f9a11,57.5,356000000.0,20470000000.0,364228000.0,20105772000.0,318620000.0,2,7f5b6f7e-1c2d-4a4e-9a51-3a3f1d3c0a01
c64c2359-8752-448d-9f7c-650637606d81,f3549871-9f1a-4718-9ede-efafcd1c7b4d,3139d32c-93cd-49bf-9c94-1cf0dc98d2c1,3b0b0e6c-5a36-4b8e-8c1e-0d7c5e2f9a11,42.0,351700000.0,14771400000.0,262831000.0,14508569000.0,314772000.0,3,7f5b6f7e-1c2d-4a4e-9a51-3a3f1d3c0a01
d706b075-6794-4c1c-8285-51d84ed70721,f75b6868-fb3c-4a2b-8b66-9b8412521a1b,bdd640fb-0667-4ad1-9c80-317fa3b1799d,3b0b0e6c-5a36-4b8e-8c1e-0d7c5e2f9a11,145.0,273000000.0,39585000000.0,852478000.0,38732522000.0,249739000.0,1,7f5b6f7e-1c2d-4a4e-9a51-3a3f1d3c0a01
395b3b0b-54eb-4cd9-8d85-58af6b10c932,221a9208-bad7-43bc-b868-2e6f4cd97590,1a2a73ed-562b-4f79-8374-59eef50bea63,3b0b0e6c-5a36-4b8e-8c1e-0d7c5e2f9a11,140.0,341200000.0,47768000000.0,767196000.0,47000804000.0,311540000.0,1,7f5b6f7e-1c2d-4a4e-9a51-3a3f1d3c0a01
0bfc530e-3591-448d-b8d1-f1936d0d57f9,a7d2251b-6c71-45de-bbcf-b166a9c9a3a4,6b65a6a4-8b81-48f6-b38a-088ca65ed389,3b0b0e6c-5a36-4b8e-8c1e-0d7c5e2f9a11,102.0,324100000.0,33058200000.0,1010562000.0,32047638000.0,292434000.0,1,7f5b6f7e-1c2d-4a4e-9a51-3a3f1d3c0a01
dee69860-9112-4058-a606-d89fdc34f814,a7d2251b-6c71-45de-bbcf-b166a9c9a3a4,47378190-96da-4dac-b2ff-5d2a386ecbe0,3b0b0e6c-5a36-4b8e-8c1e-0d7c5e2f9a11,32.0,330100000.0,10563200000.0,322908000.0,10240292000.0,294996000.0,2,7f5b6f7e-1c2d-4a4e-9a51-3a3f1d3c0a01
08a790fd-38ef-4a02-bca2-79e85a1876a0,a7d2251b-6c71-45de-bbcf-b166a9c9a3a4,b74d0fb1-32e7-4629-8fad-c1a606cb0fb3,3b0b0e6c-5a36-4b8e-8c1e-0d7c5e2f9a11,161.0,330800000.0,53258800000.0,1628077000.0,51630723000.0,297650000.0,3,7f5b6f7e-1c2d-4a4e-9a51-3a3f1d3c0a01
e3c6c1b8-32ee-4de1-a7e7-5dd6fcf07057,d0c14624-8c6c-4de5-a45b-62cb037297cd,17fc695a-07a0-4a6e-8822-e8f36c031199,3b0b0e6c-5a36-4b8e-8c1e-0d7c5e2f9a11,20.0,267500000.0,5350000000.0,101561000.0,5248439000.0,248804000.0,1,7f5b6f7e-1c2d-4a4e-9a51-3a3f1d3c0a01
d51e393d-31ba-449e-9f25-2b1911223861,d0c14624-8c6c-4de5-a45b-62cb037297cd,9a1de644-815e-46d1-bb8f-aa1837f8a88b,3b0b0e6c-5a36-4b8e-8c1e-0d7c5e2f9a11,240.0,260200000.0,62448000000.0,1185477000.0,61262523000.0,238144000.0,2,7f5b6f7e-1c2d-4a4e-9a51-3a3f1d3c0a01
6cdf1e4e-0fc9-45a1-bdc3-189dc7077377,8c404586-9d24-44ae-bab4-385c989521fe,43b7a3a6-9a8d-4a03-980d-7b71d8f56413,3b0b0e6c-5a36-4b8e-8c1e-0d7c5e2f9a11,145.0,348700000.0,50561500000.0,881690000.0,49679810000.0,327265000.0,1,7f5b6f7e-1c2d-4a4e-9a51-3a3f1d3c0a01
a37ce8cd-73f5-49d1-a35b-d01bcead0a8b,390df6a0-3d1e-47dc-aa8b-3cb64b6aac8d,17fc695a-07a0-4a6e-8822-e8f36c031199,3b0b0e6c-5a36-4b8e-8c1e-0d7c5e2f9a11,185.0,267500000.0,49487500000.0,1374960000.0,48112540000.0,248804000.0,1,7f5b6f7e-1c2d-4a4e-9a51-3a3f1d3c0a01
a844215a-3f10-40ad-ae99-9ad24de48bf2,e17d8a4d-7773-4ddc-a85b-dfd8e7a95427,43b7a3a6-9a8d-4a03-980d-7b71d8f56413,3b0b0e6c-5a36-4b8e-8c1e-0d7c5e2f9a11,40.0,440200000.0,17608000000.0,374381000.0,17233619000.0,398952000.0,1,7f5b6f7e-1c2d-4a4e-9a51-3a3f1d3c0a01
ac0ea89d-78e0-442c-b2ce-bff8a8d181fd,e17d8a4d-7773-4ddc-a85b-dfd8e7a95427,1a2a73ed-562b-4f79-8374-59eef50bea63,3b0b0e6c-5a36-4b8e-8c1e-0d7c5e2f9a11,51.5,430700000.0,22181050000.0,471613000.0,21709437000.0,392385000.0,2,7f5b6f7e-1c2d-4a4e-9a51-3a3f1d3c0a01
c1a09989-af95-4d76-abdc-5c94bd6c853e,e17d8a4d-7773-4ddc-a85b-dfd8e7a95427,5be6128e-18c2-4797-a142-ea7d17be3111,3b0b0e6c-5a36-4b8e-8c1e-0d7c5e2f9a11,43.5,423400000.0,18417900000.0,391601000.0,18026299000.0,388315000.0,3,7f5b6f7e-1c2d-4a4e-9a51-3a3f1d3c0a01
6bee78a1-53ad-4a39-961d-228608b34ce4,a2123874-f0b3-44df-82c3-1a33536d2949,43b7a3a6-9a8d-4a03-980d-7b71d8f56413,3b0b0e6c-5a36-4b8e-8c1e-0d7c5e2f9a11,65.0,447400000.0,29081000000.0,486334000.0,28594666000.0,423650000.0,1,7f5b6f7e-1c2d-4a4e-9a51-3a3f1d3c0a01
7866e935-3048-48c4-97a4-dd18269bf175,baccdc5f-e2fb-4aa2-b3c8-cddb4c8973c1,9a1de644-815e-46d1-bb8f-aa1837f8a88b,3b0b0e6c-5a36-4b8e-8c1e-0d7c5e2f9a11,40.0,274500000.0,10980000000.0,275440000.0,10704560000.0,252356000.0,1,7f5b6f7e-1c2d-4a4e-9a51-3a3f1d3c0a01
e45cdf49-60cb-4329-9021-05ef78cf0f80,43c19fe2-acba-4f1c-b92a-ae871941552f,bd9c66b3-ad3c-4d6d-9a3d-1fa7bc8960a9,3b0b0e6c-5a36-4b8e-8c1e-0d7c5e2f9a11,20.0,283300000.0,5666000000.0,140755000.0,5525245000.0,262081000.0,1,7f5b6f7e-1c2d-4a4e-9a51-3a3f1d3c0a01
f7376d5c-2864-4062-8d84-cfa934a46d89,b4e615fb-9966-47d5-9ae4-34c8390f5084,9a1de644-815e-46d1-bb8f-aa1837f8a88b,3b0b0e6c-5a36-4b8e-8c1e-0d7c5e2f9a11,75.0,335600000.0,25170000000.0,548609000.0,24621391000.0,311355000.0,1,7f5b6f7e-1c2d-4a4e-9a51-3a3f1d3c0a01
9c416f9a-9d31-4b75-8ec8-13779f8db123,033f4144-5b7c-4bcb-9c0d-9b66bd25705f,6c307511-b2b9-437a-a8df-6ec4ce4a2bbd,3b0b0e6c-5a36-4b8e-8c1e-0d7c5e2f9a11,45.0,508000000.0,22860000000.0,753585000.0,22106415000.0,459879000.0,1,7f5b6f7e-1c2d-4a4e-9a51-3a3f1d3c0a01
6cdfbc02-2cab-4fa9-8fc8-d8fc0ed6f515,373d516b-dbc8-4e99-b25e-151409858074,b74d0fb1-32e7-4629-8fad-c1a606cb0fb3,3b0b0e6c-5a36-4b8e-8c1e-0d7c5e2f9a11,125.0,519600000.0,64950000000.0,1437135000.0,63512865000.0,467199000.0,1,7f5b6f7e-1c2d-4a4e-9a51-3a3f1d3c0a01
1d3f21a2-3fc4-4e3c-a2ca-0642f3a6a3e2,4224f8ab-7842-4057-aae2-a710e727a20b,17fc695a-07a0-4a6e-8822-e8f36c031199,3b0b0e6c-5a36-4b8e-8c1e-0d7c5e2f9a11,20.5,438800000.0,8995400000.0,170077000.0,8825323000.0,395786000.0,1,7f5b6f7e-1c2d-4a4e-9a51-3a3f1d3c0a01
64c922ac-0432-42d3-af12-62c3c75b48d1,4224f8ab-7842-4057-aae2-a710e727a20b,9a1de644-815e-46d1-bb8f-aa1837f8a88b,3b0b0e6c-5a36-4b8e-8c1e-0d7c5e2f9a11,6.0,427500000.0,2565000000.0,48497000.0,2516503000.0,389802000.0,2,7f5b6f7e-1c2d-4a4e-9a51-3a3f1d3c0a01
7a307926-93a6-47bc-bb8a-285cafd98510,4224f8ab-7842-4057-aae2-a710e727a20b,972a8469-1641-4f82-8b9d-2434e465e150,3b0b0e6c-5a36-4b8e-8c1e-0d7c5e2f9a11,3.5,438400000.0,1534400000.0,29011000.0,1505389000.0,396814000.0,3,7f5b6f7e-1c2d-4a4e-9a51-3a3f1d3c0a01
cd4500ae-d7c3-45fc-ab52-035a695da9a1,c5ed9a67-ad66-4d44-9b07-5147aa258bfd,ddd1dfb2-3b98-4ef8-9af6-1a26146d3f31,3b0b0e6c-5a36-4b8e-8c1e-0d7c5e2f9a11,140.0,250400000.0,35056000000.0,1117212000.0,33938788000.0,233496000.0,1,7f5b6f7e-1c2d-4a4e-9a51-3a3f1d3c0a01
e468f880-4f16-4c3b-b612-8e7bc2fdfe52,1aa4cfb3-2b13-4f88-8250-6d97dffc21f5,ddd1dfb2-3b98-4ef8-9af6-1a26146d3f31,3b0b0e6c-5a36-4b8e-8c1e-0d7c5e2f9a11,135.0,250400000.0,33804000000.0,811256000.0,32992744000.0,233496000.0,1,7f5b6f7e-1c2d-4a4e-9a51-3a3f1d3c0a01
431f8621-847d-44b7-a096-d25462a9fde5,4e65d58b-de68-4daa-8273-1999e62a01a4,a9488d99-0bbb-4599-91ce-5dd2b45ed1f0,3b0b0e6c-5a36-4b8e-8c1e-0d7c5e2f9a11,15.0,358300000.0,5374500000.0,112387000.0,5262113000.0,318620000.0,1,7f5b6f7e-1c2d-4a4e-9a51-3a3f1d3c0a01
c60b7880-8e2d-4f89-bba6-89b2b91717b8,4e65d58b-de68-4daa-8273-1999e62a01a4,3139d32c-93cd-49bf-9c94-1cf0dc98d2c1,3b0b0e6c-5a36-4b8e-8c1e-0d7c5e2f9a11,67.5,367700000.0,24819750000.0,519008000.0,24300742000.0,314772000.0,2,7f5b6f7e-1c2d-4a4e-9a51-3a3f1d3c0a01
fb9efcff-c894-44e8-9155-d5121c004204,4e65d58b-de68-4daa-8273-1999e62a01a4,fc377a4c-4a15-444d-85e7-ce8a3a578a8e,3b0b0e6c-5a36-4b8e-8c1e-0d7c5e2f9a11,37.5,373000000.0,13987500000.0,292494000.0,13695006000.0,327480000.0,3,7f5b6f7e-1c2d-4a4e-9a51-3a3f1d3c0a01
488795d8-8205-4db2-8d13-c17f71d80755,2b722bdb-dc37-4844-a65a-e7ad27f759f0,1a2a73ed-562b-4f79-8374-59eef50bea63,3b0b0e6c-5a36-4b8e-8c1e-0d7c5e2f9a11,150.0,341200000.0,51180000000.0,1990822000.0,49189178000.0,311540000.0,1,7f5b6f7e-1c2d-4a4e-9a51-3a3f1d3c0a01
6dbecb16-4d44-4bf2-9cbd-2cea32e92bdb,669fb220-da0c-4173-a4cd-9cc4b601fb64,972a8469-1641-4f82-8b9d-2434e465e150,3b0b0e6c-5a36-4b8e-8c1e-0d7c5e2f9a11,6.0,273400000.0,1640400000.0,43959000.0,1596441000.0,260398000.0,1,7f5b6f7e-1c2d-4a4e-9a51-3a3f1d3c0a01
177a1ed5-d578-452d-a80b-497699a855ec,669fb220-da0c-4173-a4cd-9cc4b601fb64,9a1de644-815e-46d1-bb8f-aa1837f8a88b,3b0b0e6c-5a36-4b8e-8c1e-0d7c5e2f9a11,51.0,269900000.0,13764900000.0,368872000.0,13396028000.0,252824000.0,2,7f5b6f7e-1c2d-4a4e-9a51-3a3f1d3c0a01
e65ca04a-9e94-4904-bf9e-2f55b430f6d9,669fb220-da0c-4173-a4cd-9cc4b601fb64,17fc695a-07a0-4a6e-8822-e8f36c031199,3b0b0e6c-5a36-4b8e-8c1e-0d7c5e2f9a11,33.0,274400000.0,9055200000.0,242661000.0,8812539000.0,258621000.0,3,7f5b6f7e-1c2d-4a4e-9a51-3a3f1d3c0a01
76b067ea-e6e2-491e-aa71-43989bedd667,c2a826c3-62fe-4ad0-84fd-a69844125f3a,9a1de644-815e-46d1-bb8f-aa1837f8a88b,3b0b0e6c-5a36-4b8e-8c1e-0d7c5e2f9a11,62.0,326400000.0,20236800000.0,283125000.0,19953675000.0,304530000.0,1,7f5b6f7e-1c2d-4a4e-9a51-3a3f1d3c0a01
c7d70307-b052-4e5e-b688-35fdd42f009f,c2a826c3-62fe-4ad0-84fd-a69844125f3a,972a8469-1641-4f82-8b9d-2434e465e150,3b0b0e6c-5a36-4b8e-8c1e-0d7c5e2f9a11,30.0,331500000.0,9945000000.0,139136000.0,9805864000.0,313973000.0,2,7f5b6f7e-1c2d-4a4e-9a51-3a3f1d3c0a01
186a7428-11e2-4d8b-88a6-8392dac9b873,c2a826c3-62fe-4ad0-84fd-a69844125f3a,17fc695a-07a0-4a6e-8822-e8f36c031199,3b0b0e6c-5a36-4b8e-8c1e-0d7c5e2f9a11,23.0,333400000.0,7668200000.0,107283000.0,7560917000.0,312477000.0,3,7f5b6f7e-1c2d-4a4e-9a51-3a3f1d3c0a01
2fd778ce-f4b5-46c6-b555-56cc0a5eb095,730a006c-308c-4971-a8ca-f7957721f50f,1a2a73ed-562b-4f79-8374-59eef50bea63,3b0b0e6c-5a36-4b8e-8c1e-0d7c5e2f9a11,200.0,445700000.0,89140000000.0,2580472000.0,86559528000.0,404872000.0,1,7f5b6f7e-1c2d-4a4e-9a51-3a3f1d3c0a01
e344f644-19af-4671-aa2a-980cc6da5da8,40e64bae-3c00-4bcd-a167-a4ede5a4913f,47378190-96da-4dac-b2ff-5d2a386ecbe0,3b0b0e6c-5a36-4b8e-8c1e-0d7c5e2f9a11,175.0,422000000.0,73850000000.0,2406510000.0,71443490000.0,377072000.0,1,7f5b6f7e-1c2d-4a4e-9a51-3a3f1d3c0a01
6952c871-aa01-4b06-8327-0c64909b7ed3,d25b5ade-6d1f-46a9-b2da-63c23a9ba4e4,5be6128e-18c2-4797-a142-ea7d17be3111,3b0b0e6c-5a36-4b8e-8c1e-0d7c5e2f9a11,115.0,459700000.0,52865500000.0,1158046000.0,51707454000.0,416620000.0,1,7f5b6f7e-1c2d-4a4e-9a51-3a3f1d3c0a01
45ff6e73-4abe-4f1f-b6f9-13fdd83e5e05,d04228ad-b884-4a09-bdcc-79fc0e9cd25a,b74d0fb1-32e7-4629-8fad-c1a606cb0fb3,3b0b0e6c-5a36-4b8e-8c1e-0d7c5e2f9a11,255.0,449300000.0,114571500000.0,3557011000.0,111014489000.0,407724000.0,1,7f5b6f7e-1c2d-4a4e-9a51-3a3f1d3c0a01
5f7fcecb-d40a-46a6-8e85-24d7cad199da,9eb5a8bd-f350-4d4d-b716-d1c67e767c39,1a2a73ed-562b-4f79-8374-59eef50bea63,3b0b0e6c-5a36-4b8e-8c1e-0d7c5e2f9a11,15.0,474200000.0,7113000000.0,258990000.0,6854010000.0,420135000.0,1,7f5b6f7e-1c2d-4a4e-9a51-3a3f1d3c0a01
ffd19a16-6a72-463b-a391-36012f71258f,9eb5a8bd-f350-4d4d-b716-d1c67e767c39,43b7a3a6-9a8d-4a03-980d-7b71d8f56413,3b0b0e6c-5a36-4b8e-8c1e-0d7c5e2f9a11,125.0,484700000.0,60587500000.0,2206040000.0,58381460000.0,430218000.0,2,7f5b6f7e-1c2d-4a4e-9a51-3a3f1d3c0a01
934172ca-d9a5-40cd-877e-0b6e6a25d5f0,37d9a97c-2148-4314-9e8c-7851fc42cbee,972a8469-1641-4f82-8b9d-2434e465e150,3b0b0e6c-5a36-4b8e-8c1e-0d7c5e2f9a11,31.0,411200000.0,12747200000.0,453723000.0,12293477000.0,369138000.0,1,7f5b6f7e-1c2d-4a4e-9a51-3a3f1d3c0a01
dae0067b-5d36-4f5d-994a-432c86532c08,37d9a97c-2148-4314-9e8c-7851fc42cbee,23b8c1e9-3924-46de-beb1-3b9046685257,3b0b0e6c-5a36-4b8e-8c1e-0d7c5e2f9a11,109.0,420100000.0,45790900000.0,1629879000.0,44161021000.0,377834000.0,2,7f5b6f7e-1c2d-4a4e-9a51-3a3f1d3c0a01
98e5e947-c145-4d89-9170-dfe612557107,150cd269-69bf-424e-b9a4-4922cc2e451a,43b7a3a6-9a8d-4a03-980d-7b71d8f56413,3b0b0e6c-5a36-4b8e-8c1e-0d7c5e2f9a11,152.5,553900000.0,84469750000.0,2777950000.0,81691800000.0,502645000.0,1,7f5b6f7e-1c2d-4a4e-9a51-3a3f1d3c0a01
db88d2d9-8b55-4917-a38a-1ff8cabbda5a,150cd269-69bf-424e-b9a4-4922cc2e451a,5be6128e-18c2-4797-a142-ea7d17be3111,3b0b0e6c-5a36-4b8e-8c1e-0d7c5e2f9a11,30.5,531700000.00000006,16216850000.000002,533322000.0,15683528000.000002,480908000.0,2,7f5b6f7e-1c2d-4a4e-9a51-3a3f1d3c0a01
0ddb4bde-0883-4952-a966-21f8d8501461,150cd269-69bf-424e-b9a4-4922cc2e451a,1a2a73ed-562b-4f79-8374-59eef50bea63,3b0b0e6c-5a36-4b8e-8c1e-0d7c5e2f9a11,37.0,544800000.0,20157600000.0,662921000.0,19494679000.0,490620000.0,3,7f5b6f7e-1c2d-4a4e-9a51-3a3f1d3c0a01
84f1aa02-0571-4f33-93e2-81a71db86833,9bad7f7b-78f7-4ec1-aaff-aaab3df492e0,9a1de644-815e-46d1-bb8f-aa1837f8a88b,3b0b0e6c-5a36-4b8e-8c1e-0d7c5e2f9a11,65.0,404900000.0,26318500000.0,808414000.0,25510086000.0,371756000.0,1,7f5b6f7e-1c2d-4a4e-9a51-3a3f1d3c0a01
5586c176-ba95-4e24-85a2-8d7a6aff7e49,eeee4b54-f0df-4d85-998e-f4b821d95964,6b65a6a4-8b81-48f6-b38a-088ca65ed389,3b0b0e6c-5a36-4b8e-8c1e-0d7c5e2f9a11,210.0,519500000.0,109095000000.0,3177782000.0,105917218000.0,468938000.0,1,7f5b6f7e-1c2d-4a4e-9a51-3a3f1d3c0a01
3549862b-e4f2-4edb-a3a2-75310496e8bc,d9187ad9-8b8a-4ec9-8a08-cc25615f99b5,b74d0fb1-32e7-4629-8fad-c1a606cb0fb3,3b0b0e6c-5a36-4b8e-8c1e-0d7c5e2f9a11,50.5,314700000.0,15892350000.0,317343000.0,15575007000.0,287950000.0,1,7f5b6f7e-1c2d-4a4e-9a51-3a3f1d3c0a01
9a096ee9-9dff-4ace-a229-15c7a8dabe5e,d9187ad9-8b8a-4ec9-8a08-cc25615f99b5,47378190-96da-4dac-b2ff-5d2a386ecbe0,3b0b0e6c-5a36-4b8e-8c1e-0d7c5e2f9a11,24.5,315200000.0,7722400000.0,154203000.0,7568197000.0,288408000.0,2,7f5b6f7e-1c2d-4a4e-9a51-3a3f1d3c0a01
a00ea5ed-0f68-4b18-89d5-92daa25d0238,865ac3a5-64a9-4181-9c08-55acbe70f422,5be6128e-18c2-4797-a142-ea7d17be3111,3b0b0e6c-5a36-4b8e-8c1e-0d7c5e2f9a11,13.0,337200000.0,4383600000.0,105709000.0,4277891000.0,308950000.0,1,7f5b6f7e-1c2d-4a4e-9a51-3a3f1d3c0a01
6ef03b93-f2d9-453b-a962-4d3352dc2715,865ac3a5-64a9-4181-9c08-55acbe70f422,1a2a73ed-562b-4f79-8374-59eef50bea63,3b0b0e6c-5a36-4b8e-8c1e-0d7c5e2f9a11,13.5,336800000.0,4546800000.0,109644000.0,4437156000.0,315610000.0,2,7f5b6f7e-1c2d-4a4e-9a51-3a3f1d3c0a01
5208f145-08d2-4a1e-8ef6-b7f842c64836,865ac3a5-64a9-4181-9c08-55acbe70f422,43b7a3a6-9a8d-4a03-980d-7b71d8f56413,3b0b0e6c-5a36-4b8e-8c1e-0d7c5e2f9a11,23.5,348700000.0,8194450000.0,197606000.0,7996844000.0,327265000.0,3,7f5b6f7e-1c2d-4a4e-9a51-3a3f1d3c0a01
279dae20-7871-4170-a276-81be3c4e5f07,802c9bbf-6604-4d4a-b1c4-52893b04246f,17fc695a-07a0-4a6e-8822-e8f36c031199,3b0b0e6c-5a36-4b8e-8c1e-0d7c5e2f9a11,13.0,337600000.0,4388800000.0,126029000.0,4262771000.0,314721000.0,1,7f5b6f7e-1c2d-4a4e-9a51-3a3f1d3c0a01
5c7718ca-d210-4389-80db-41e3f5e34828,802c9bbf-6604-4d4a-b1c4-52893b04246f,bdd640fb-0667-4ad1-9c80-317fa3b1799d,3b0b0e6c-5a36-4b8e-8c1e-0d7c5e2f9a11,67.0,348700000.0,23362900000.0,670893000.0,22692007000.0,328278000.0,2,7f5b6f7e-1c2d-4a4e-9a51-3a3f1d3c0a01
4c93cb6e-4cda-4868-bae3-25621693463f,7f681bd6-7a94-480b-9ade-72121d2b415a,6b65a6a4-8b81-48f6-b38a-088ca65ed389,3b0b0e6c-5a36-4b8e-8c1e-0d7c5e2f9a11,19.5,446500000.0,8706750000.0,119011000.0,8587739000.0,401044000.0,1,7f5b6f7e-1c2d-4a4e-9a51-3a3f1d3c0a01
8dd87b02-d93a-48fa-8334-848cceaa87d9,7f681bd6-7a94-480b-9ade-72121d2b415a,6c307511-b2b9-437a-a8df-6ec4ce4a2bbd,3b0b0e6c-5a36-4b8e-8c1e-0d7c5e2f9a11,14.5,435100000.0,6308950000.0,86236000.0,6222714000.0,388143000.0,2,7f5b6f7e-1c2d-4a4e-9a51-3a3f1d3c0a01
1c78388d-5b23-4850-b617-6e12ba380132,7f681bd6-7a94-480b-9ade-72121d2b415a,c241330b-01a9-471f-9e8a-774bcf36d58b,3b0b0e6c-5a36-4b8e-8c1e-0d7c5e2f9a11,26.0,477900000.0,12425400000.0,169840000.0,12255560000.0,430599000.0,3,7f5b6f7e-1c2d-4a4e-9a51-3a3f1d3c0a01
3eb43452-0dea-4dd0-b1cc-3007af48685e,2c40c7aa-48b3-4c79-9da7-3d39604af65b,17fc695a-07a0-4a6e-8822-e8f36c031199,3b0b0e6c-5a36-4b8e-8c1e-0d7c5e2f9a11,55.5,389600000.0,21622800000.0,424310000.0,21198490000.0,338376000.0,1,7f5b6f7e-1c2d-4a4e-9a51-3a3f1d3c0a01
2ba49846-e6d4-47cd-a924-088578328e8e,2c40c7aa-48b3-4c79-9da7-3d39604af65b,9a1de644-815e-46d1-bb8f-aa1837f8a88b,3b0b0e6c-5a36-4b8e-8c1e-0d7c5e2f9a11,9.5,388200000.0,3687900000.0,72369000.0,3615531000.0,335572000.0,2,7f5b6f7e-1c2d-4a4e-9a51-3a3f1d3c0a01
e8634450-7d08-4ec4-8296-bdf977d4c8d0,a6708750-71bf-46e2-bb5f-a292ffb50649,23b8c1e9-3924-46de-beb1-3b9046685257,3b0b0e6c-5a36-4b8e-8c1e-0d7c5e2f9a11,25.0,268300000.0,6707500000.0,160527000.0,6546973000.0,245064000.0,1,7f5b6f7e-1c2d-4a4e-9a51-3a3f1d3c0a01
b85c53c4-06b9-4ada-95f2-bc1779169081,d7f2588c-d92f-4de3-8d1b-602e6332bb7f,ec1b8ca1-f91e-4d4c-9ff4-9b7889463e85,3b0b0e6c-5a36-4b8e-8c1e-0d7c5e2f9a11,28.5,392200000.0,11177700000.0,99036000.0,11078664000.0,345982000.0,1,7f5b6f7e-1c2d-4a4e-9a51-3a3f1d3c0a01
1d522ccf-0d09-489c-8c06-2c535072505a,d7f2588c-d92f-4de3-8d1b-602e6332bb7f,759cde66-bacf-43d0-8b1f-9163ce9ff57f,3b0b0e6c-5a36-4b8e-8c1e-0d7c5e2f9a11,46.5,399900000.0,18595350000.0,164757000.0,18430593000.0,352769000.0,2,7f5b6f7e-1c2d-4a4e-9a51-3a3f1d3c0a01
f6fd58d2-c070-4454-a8ab-ece3ebe454e8,20430cf0-f01f-4906-a4ce-9d2511203efe,ec1b8ca1-f91e-4d4c-9ff4-9b7889463e85,3b0b0e6c-5a36-4b8e-8c1e-0d7c5e2f9a11,55.0,411800000.0,22649000000.0,215128000.0,22433872000.0,360280000.0,1,7f5b6f7e-1c2d-4a4e-9a51-3a3f1d3c0a01
c5e5f9e4-ea54-472a-af5a-88cc9f048fd5,01ebfb8b-bbb2-45cb-836a-b6d4f740efe0,4b0dbb41-8d52-48f1-942c-3fe860e7a113,3b0b0e6c-5a36-4b8e-8c1e-0d7c5e2f9a11,35.0,491700000.0,17209500000.0,432573000.0,16776927000.0,444536000.0,1,7f5b6f7e-1c2d-4a4e-9a51-3a3f1d3c0a01
6a41d9d9-37ed-467d-8e70-0f017558626b,13cd85fc-bf53-40cb-aa8e-154f6e17ee77,759cde66-bacf-43d0-8b1f-9163ce9ff57f,3b0b0e6c-5a36-4b8e-8c1e-0d7c5e2f9a11,20.0,423500000.0,8470000000.0,129887000.0,8340113000.0,384716000.0,1,7f5b6f7e-1c2d-4a4e-9a51-3a3f1d3c0a01
e9342a26-6852-4718-b5f1-0be9a069b543,e9219f8a-c90b-4dda-a79d-2ec1a7e83ef3,759cde66-bacf-43d0-8b1f-9163ce9ff57f,3b0b0e6c-5a36-4b8e-8c1e-0d7c5e2f9a11,38.5,510700000.0,19661950000.0,257770000.0,19404180000.0,456572000.0,1,7f5b6f7e-1c2d-4a4e-9a51-3a3f1d3c0a01
b82e13dd-806c-4f6e-a114-68e9f8da5c2e,e9219f8a-c90b-4dda-a79d-2ec1a7e83ef3,ec1b8ca1-f91e-4d4c-9ff4-9b7889463e85,3b0b0e6c-5a36-4b8e-8c1e-0d7c5e2f9a11,56.5,500000000.0,28250000000.0,370360000.0,27879640000.0,454944000.0,2,7f5b6f7e-1c2d-4a4e-9a51-3a3f1d3c0a01
0deccd56-569b-42c7-b54e-9a929cae3ac4,b56c643e-5a71-4949-aaef-1b9dad82e552,759cde66-bacf-43d0-8b1f-9163ce9ff57f,3b0b0e6c-5a36-4b8e-8c1e-0d7c5e2f9a11,25.0,532799999.99999994,13319999999.999998,165216000.0,13154783999.999998,462184000.0,1,7f5b6f7e-1c2d-4a4e-9a51-3a3f1d3c0a01
d9404475-9b5c-4382-80f8-521f2b309e14,84991e80-87db-4d72-97d2-d4bf663c8f5e,e2acf72f-9e57-4f7a-a0ee-89aed453dd32,3b0b0e6c-5a36-4b8e-8c1e-0d7c5e2f9a11,20.0,688900000.0,13778000000.0,272801000.0,13505199000.0,564099000.0,1,7f5b6f7e-1c2d-4a4e-9a51-3a3f1d3c0a01
3769b91c-9827-4da4-b221-50720adf912f,778b3882-bb1a-4fea-9992-5fb31b175ed3,1a2a73ed-562b-4f79-8374-59eef50bea63,3b0b0e6c-5a36-4b8e-8c1e-0d7c5e2f9a11,120.0,350100000.0,42012000000.0,1820605000.0,40191395000.0,311540000.0,1,7f5b6f7e-1c2d-4a4e-9a51-3a3f1d3c0a01
ae57b926-b1a7-48de-b75a-3bcdc05e9243,a85adb0c-6517-4828-a40c-352351e3f195,5be6128e-18c2-4797-a142-ea7d17be3111,3b0b0e6c-5a36-4b8e-8c1e-0d7c5e2f9a11,55.0,419800000.0,23089000000.0,788147000.0,22300853000.0,333462000.0,1,7f5b6f7e-1c2d-4a4e-9a51-3a3f1d3c0a01
c369ddc3-e77c-45cc-83ed-7f3f9e57dd31,285232c8-e82e-4107-9286-db3783c20c19,5be6128e-18c2-4797-a142-ea7d17be3111,3b0b0e6c-5a36-4b8e-8c1e-0d7c5e2f9a11,5.5,519900000.0,2859450000.0,155586000.0,2703864000.0,463795000.0,1,7f5b6f7e-1c2d-4a4e-9a51-3a3f1d3c0a01
7b2c8e97-a09d-4747-9acf-7feabbd65c33,285232c8-e82e-4107-9286-db3783c20c19,43b7a3a6-9a8d-4a03-980d-7b71d8f56413,3b0b0e6c-5a36-4b8e-8c1e-0d7c5e2f9a11,4.5,543400000.0,2445300000.0,133052000.0,2312248000.0,485070000.0,2,7f5b6f7e-1c2d-4a4e-9a51-3a3f1d3c0a01
ead0fcdc-b5c1-4a1d-9e40-f25834592b56,6f394f93-a2ab-4e15-b43a-a9dbe4cb59e9,b74d0fb1-32e7-4629-8fad-c1a606cb0fb3,3b0b0e6c-5a36-4b8e-8c1e-0d7c5e2f9a11,45.0,519600000.0,23382000000.0,708362000.0,22673638000.0,467199000.0,1,7f5b6f7e-1c2d-4a4e-9a51-3a3f1d3c0a01
99209a97-855b-40df-a29f-0b26beb12342,2da820e9-b37b-405e-9105-0084b7590bfc,6b65a6a4-8b81-48f6-b38a-088ca65ed389,3b0b0e6c-5a36-4b8e-8c1e-0d7c5e2f9a11,66.5,329400000.0,21905100000.0,589005000.0,21316095000.0,296552000.0,1,7f5b6f7e-1c2d-4a4e-9a51-3a3f1d3c0a01
9938850d-79f2-4c8f-9131-e523d1fb5122,2da820e9-b37b-405e-9105-0084b7590bfc,371ecd7b-27cd-4130-8722-9389571aa876,3b0b0e6c-5a36-4b8e-8c1e-0d7c5e2f9a11,12.0,328300000.0,3939600000.0,105932000.0,3833668000.0,286852000.0,2,7f5b6f7e-1c2d-4a4e-9a51-3a3f1d3c0a01
c26abdef-2df0-45ca-a917-d661ab3cc4f7,2da820e9-b37b-405e-9105-0084b7590bfc,47378190-96da-4dac-b2ff-5d2a386ecbe0,3b0b0e6c-5a36-4b8e-8c1e-0d7c5e2f9a11,21.5,337300000.0,7251950000.0,194997000.0,7056953000.0,302042000.0,3,7f5b6f7e-1c2d-4a4e-9a51-3a3f1d3c0a01
b9f9d580-b4e0-472c-b672-ba21643697b3,68e2378d-4980-4d4e-b9c3-013e39e16a36,bd9c66b3-ad3c-4d6d-9a3d-1fa7bc8960a9,3b0b0e6c-5a36-4b8e-8c1e-0d7c5e2f9a11,238.5,330600000.0,78848100000.0,2350857000.0,76497243000.0,264886000.0,1,7f5b6f7e-1c2d-4a4e-9a51-3a3f1d3c0a01
3d7ccbda-6c74-4571-a4a5-4b568d749525,68e2378d-4980-4d4e-b9c3-013e39e16a36,972a8469-1641-4f82-8b9d-2434e465e150,3b0b0e6c-5a36-4b8e-8c1e-0d7c5e2f9a11,86.5,326800000.0,28268200000.0,842817000.0,27425383000.0,261146000.0,2,7f5b6f7e-1c2d-4a4e-9a51-3a3f1d3c0a01
043b452d-767b-462d-972e-11f542befa15,a489fd20-8d95-4dfc-b10b-60d546a860c0,5be6128e-18c2-4797-a142-ea7d17be3111,3b0b0e6c-5a36-4b8e-8c1e-0d7c5e2f9a11,65.0,423400000.0,27521000000.0,797181000.0,26723819000.0,388315000.0,1,7f5b6f7e-1c2d-4a4e-9a51-3a3f1d3c0a01
02d5a162-1167-43b4-aa49-99997c3b3c0c,f01670fd-7e67-40e2-a811-b7ebfe8c3938,bdd640fb-0667-4ad1-9c80-317fa3b1799d,3b0b0e6c-5a36-4b8e-8c1e-0d7c5e2f9a11,43.0,355000000.0,15265000000.0,428031000.0,14836969000.0,325567000.0,1,7f5b6f7e-1c2d-4a4e-9a51-3a3f1d3c0a01
6ec1929e-ed9d-4b63-a145-4a2e0e9c15e0,f01670fd-7e67-40e2-a811-b7ebfe8c3938,972a8469-1641-4f82-8b9d-2434e465e150,3b0b0e6c-5a36-4b8e-8c1e-0d7c5e2f9a11,17.0,331500000.0,5635500000.0,158019000.0,5477481000.0,313973000.0,2,7f5b6f7e-1c2d-4a4e-9a51-3a3f1d3c0a01
afa168cf-8056-428f-b2de-c916546b428a,b50ac811-f4ce-4a21-b79b-8fb1512a0a4f,43b7a3a6-9a8d-4a03-980d-7b71d8f56413,3b0b0e6c-5a36-4b8e-8c1e-0d7c5e2f9a11,196.5,447400000.0,87914100000.0,2369860000.0,85544240000.0,423650000.0,1,7f5b6f7e-1c2d-4a4e-9a51-3a3f1d3c0a01
1196ddfe-7212-477b-9e73-d77eca2387c2,b50ac811-f4ce-4a21-b79b-8fb1512a0a4f,5be6128e-18c2-4797-a142-ea7d17be3111,3b0b0e6c-5a36-4b8e-8c1e-0d7c5e2f9a11,48.5,428800000.0,20796800000.0,560610000.0,20236190000.0,408295000.0,2,7f5b6f7e-1c2d-4a4e-9a51-3a3f1d3c0a01
699bd0a5-206b-4992-a2a3-3374406b1b97,85ca1dad-5468-4881-b2e1-47aeeadfd279,fc377a4c-4a15-444d-85e7-ce8a3a578a8e,3b0b0e6c-5a36-4b8e-8c1e-0d7c5e2f9a11,150.0,507000000.0,76050000000.0,2095977000.0,73954023000.0,437476000.0,1,7f5b6f7e-1c2d-4a4e-9a51-3a3f1d3c0a01
1875a92b-7b0b-4249-b3e9-ae8715c8638a,45bdd673-d3ff-4c95-971a-0eaf422a4cca,fc377a4c-4a15-444d-85e7-ce8a3a578a8e,3b0b0e6c-5a36-4b8e-8c1e-0d7c5e2f9a11,84.0,507000000.0,42588000000.0,1306313000.0,41281687000.0,437476000.0,1,7f5b6f7e-1c2d-4a4e-9a51-3a3f1d3c0a01
7df5a971-af3d-4a5e-abfa-a511bb57cf4e,45bdd673-d3ff-4c95-971a-0eaf422a4cca,3139d32c-93cd-49bf-9c94-1cf0dc98d2c1,3b0b0e6c-5a36-4b8e-8c1e-0d7c5e2f9a11,51.0,495500000.0,25270500000.0,775129000.0,24495371000.0,430226000.0,2,7f5b6f7e-1c2d-4a4e-9a51-3a3f1d3c0a01
c85175f2-1e48-4af8-9dbf-9e5ff7d9cda0,c25831db-cd1b-41f8-9e04-3ce4c153c0fb,6b65a6a4-8b81-48f6-b38a-088ca65ed389,3b0b0e6c-5a36-4b8e-8c1e-0d7c5e2f9a11,231.0,446500000.0,103141500000.0,2840152000.0,100301348000.0,401044000.0,1,7f5b6f7e-1c2d-4a4e-9a51-3a3f1d3c0a01
cd19645b-cf09-4145-8465-1212ea911290,c25831db-cd1b-41f8-9e04-3ce4c153c0fb,47378190-96da-4dac-b2ff-5d2a386ecbe0,3b0b0e6c-5a36-4b8e-8c1e-0d7c5e2f9a11,59.0,448500000.0,26461500000.0,728656000.0,25732844000.0,398848000.0,2,7f5b6f7e-1c2d-4a4e-9a51-3a3f1d3c0a01
6e59c7c4-890a-4aeb-a823-acf67f98b2e4,a7bbb1f4-d82d-4fb2-9708-94807309ded8,a9488d99-0bbb-4599-91ce-5dd2b45ed1f0,3b0b0e6c-5a36-4b8e-8c1e-0d7c5e2f9a11,49.0,358300000.0,17556700000.0,407638000.0,17149062000.0,318620000.0,1,7f5b6f7e-1c2d-4a4e-9a51-3a3f1d3c0a01
5babffbb-a0c7-4c4a-9e22-d35923fee25c,a7bbb1f4-d82d-4fb2-9708-94807309ded8,fc377a4c-4a15-444d-85e7-ce8a3a578a8e,3b0b0e6c-5a36-4b8e-8c1e-0d7c5e2f9a11,46.0,373000000.0,17158000000.0,398381000.0,16759619000.0,327480000.0,2,7f5b6f7e-1c2d-4a4e-9a51-3a3f1d3c0a01
2ae9ff94-6f11-4368-b46d-42da243514d1,1af0d2e3-f637-4d33-b02b-de19821df017,b74d0fb1-32e7-4629-8fad-c1a606cb0fb3,3b0b0e6c-5a36-4b8e-8c1e-0d7c5e2f9a11,76.5,345000000.0,26392500000.0,991086000.0,25401414000.0,307348000.0,1,7f5b6f7e-1c2d-4a4e-9a51-3a3f1d3c0a01
7210e00d-9ff6-4683-87df-0eeb3788de0b,1af0d2e3-f637-4d33-b02b-de19821df017,6c307511-b2b9-437a-a8df-6ec4ce4a2bbd,3b0b0e6c-5a36-4b8e-8c1e-0d7c5e2f9a11,88.5,334400000.0,29594400000.0,1111323000.0,28483077000.0,291794000.0,2,7f5b6f7e-1c2d-4a4e-9a51-3a3f1d3c0a01
bffd2a90-8afb-484b-ae8f-f31ca1f556da,6239a01d-dd48-4f19-815a-9eee21d628c4,bd9c66b3-ad3c-4d6d-9a3d-1fa7bc8960a9,3b0b0e6c-5a36-4b8e-8c1e-0d7c5e2f9a11,85.0,272500000.0,23162500000.0,836748000.0,22325752000.0,246934000.0,1,7f5b6f7e-1c2d-4a4e-9a51-3a3f1d3c0a01
2dfaec5b-da43-4230-8451-637b3a9eea68,afadcfa7-4d97-4af4-9b4a-9bfddb477e38,972a8469-1641-4f82-8b9d-2434e465e150,3b0b0e6c-5a36-4b8e-8c1e-0d7c5e2f9a11,5.5,273400000.0,1503700000.0,35434000.0,1468266000.0,260398000.0,1,7f5b6f7e-1c2d-4a4e-9a51-3a3f1d3c0a01
09e3c1f8-69ab-453a-8e55-eefd53db597c,afadcfa7-4d97-4af4-9b4a-9bfddb477e38,17fc695a-07a0-4a6e-8822-e8f36c031199,3b0b0e6c-5a36-4b8e-8c1e-0d7c5e2f9a11,57.5,274400000.0,15778000000.0,371805000.0,15406195000.0,258621000.0,2,7f5b6f7e-1c2d-4a4e-9a51-3a3f1d3c0a01
dfd43470-a41a-460f-a36b-02921027be54,afadcfa7-4d97-4af4-9b4a-9bfddb477e38,9a1de644-815e-46d1-bb8f-aa1837f8a88b,3b0b0e6c-5a36-4b8e-8c1e-0d7c5e2f9a11,57.0,269900000.0,15384300000.0,362527000.0,15021773000.0,252824000.0,3,7f5b6f7e-1c2d-4a4e-9a51-3a3f1d3c0a01
37de7dbf-509c-4ab7-b255-204130420f1c,8aa1554e-a85c-456f-8913-9fd440de858e,bdd640fb-0667-4ad1-9c80-317fa3b1799d,3b0b0e6c-5a36-4b8e-8c1e-0d7c5e2f9a11,23.0,359700000.0,8273100000.0,221975000.0,8051125000.0,326034000.0,1,7f5b6f7e-1c2d-4a4e-9a51-3a3f1d3c0a01
56206139-e7d6-4e55-bf0a-92b84d8a0edf,8aa1554e-a85c-456f-8913-9fd440de858e,17fc695a-07a0-4a6e-8822-e8f36c031199,3b0b0e6c-5a36-4b8e-8c1e-0d7c5e2f9a11,30.0,351400000.0,10542000000.0,282852000.0,10259148000.0,315656000.0,2,7f5b6f7e-1c2d-4a4e-9a51-3a3f1d3c0a01
eded33d7-ef7c-4f3d-b419-4ad44cfafbe9,8aa1554e-a85c-456f-8913-9fd440de858e,972a8469-1641-4f82-8b9d-2434e465e150,3b0b0e6c-5a36-4b8e-8c1e-0d7c5e2f9a11,72.0,340500000.0,24516000000.0,657787000.0,23858213000.0,310794000.0,3,7f5b6f7e-1c2d-4a4e-9a51-3a3f1d3c0a01
370cc7c2-cb9d-49de-ac18-3d6b2f0e1a60,ae27dec2-f236-46d0-9400-e717f93911c9,43b7a3a6-9a8d-4a03-980d-7b71d8f56413,3b0b0e6c-5a36-4b8e-8c1e-0d7c5e2f9a11,150.0,348700000.0,52305000000.0,1305931000.0,50999069000.0,327265000.0,1,7f5b6f7e-1c2d-4a4e-9a51-3a3f1d3c0a01
943b08bd-5bdf-4660-9350-bd0171d8593c,f11cf439-d51d-4ec2-adb8-f4959b995fbf,c241330b-01a9-471f-9e8a-774bcf36d58b,3b0b0e6c-5a36-4b8e-8c1e-0d7c5e2f9a11,220.0,429200000.0,94424000000.0,1659949000.0,92764051000.0,339465000.0,1,7f5b6f7e-1c2d-4a4e-9a51-3a3f1d3c0a01
59f7d96b-94c9-4741-a8ce-20ae78eb45e4,79dba478-011b-4e10-bd09-cf17aac5f641,17fc695a-07a0-4a6e-8822-e8f36c031199,3b0b0e6c-5a36-4b8e-8c1e-0d7c5e2f9a11,25.0,334200000.0,8355000000.0,201082000.0,8153918000.0,309111000.0,1,7f5b6f7e-1c2d-4a4e-9a51-3a3f1d3c0a01
a021c087-3ea1-4f94-a06d-f851dd699d57,4029ac0a-d37d-4f42-b9c3-6335c7cbf08f,17fc695a-07a0-4a6e-8822-e8f36c031199,3b0b0e6c-5a36-4b8e-8c1e-0d7c5e2f9a11,61.5,351400000.0,21611100000.0,319491000.0,21291609000.0,315656000.0,1,7f5b6f7e-1c2d-4a4e-9a51-3a3f1d3c0a01
4a926eff-dfcc-4872-8eb4-02fa9365ffa4,4029ac0a-d37d-4f42-b9c3-6335c7cbf08f,bd9c66b3-ad3c-4d6d-9a3d-1fa7bc8960a9,3b0b0e6c-5a36-4b8e-8c1e-0d7c5e2f9a11,8.5,349900000.0,2974150000.0,43969000.0,2930181000.0,316030000.0,2,7f5b6f7e-1c2d-4a4e-9a51-3a3f1d3c0a01
b29f21ea-8fb7-4838-a1fe-5b05bd3a4ffa,31675b2e-01c4-453f-84c3-f2fb2bce66c6,bd9c66b3-ad3c-4d6d-9a3d-1fa7bc8960a9,3b0b0e6c-5a36-4b8e-8c1e-0d7c5e2f9a11,80.0,398100000.0,31848000000.0,625094000.0,31222906000.0,343426000.0,1,7f5b6f7e-1c2d-4a4e-9a51-3a3f1d3c0a01
90068c63-25d2-4f90-b0ad-d79f8639b736,3fb7bc3f-83a6-4b01-b1d6-c468a1893042,bdd640fb-0667-4ad1-9c80-317fa3b1799d,3b0b0e6c-5a36-4b8e-8c1e-0d7c5e2f9a11,165.0,460700000.0,76015500000.0,1486684000.0,74528816000.0,419348000.0,1,7f5b6f7e-1c2d-4a4e-9a51-3a3f1d3c0a01
fc0e6742-b6ca-48b2-9963-c09669f1960f,8792c242-87d9-4b81-999e-ba9a9c8ca133,ddd1dfb2-3b98-4ef8-9af6-1a26146d3f31,3b0b0e6c-5a36-4b8e-8c1e-0d7c5e2f9a11,95.0,257500000.0,24462500000.0,670264000.0,23792236000.0,235376000.0,1,7f5b6f7e-1c2d-4a4e-9a51-3a3f1d3c0a01
f63862db-f56a-4168-bc9c-d1c5961b47d8,b4608083-3384-4cca-a4e8-b4932c5df9ff,1a2a73ed-562b-4f79-8374-59eef50bea63,3b0b0e6c-5a36-4b8e-8c1e-0d7c5e2f9a11,81.0,357200000.0,28933200000.0,1312610000.0,27620590000.0,323842000.0,1,7f5b6f7e-1c2d-4a4e-9a51-3a3f1d3c0a01
86dc552d-d475-42dc-9557-443a26a9b96c,b4608083-3384-4cca-a4e8-b4932c5df9ff,5be6128e-18c2-4797-a142-ea7d17be3111,3b0b0e6c-5a36-4b8e-8c1e-0d7c5e2f9a11,64.0,356300000.0,22803200000.0,1034511000.0,21768689000.0,316720000.0,2,7f5b6f7e-1c2d-4a4e-9a51-3a3f1d3c0a01
627ec5f4-1f5c-4687-b86d-2bee6acacf6a,3f25f8f7-0444-4bf0-9909-8de91b359d99,43b7a3a6-9a8d-4a03-980d-7b71d8f56413,3b0b0e6c-5a36-4b8e-8c1e-0d7c5e2f9a11,77.0,368400000.0,28366800000.0,1698093000.0,26668707000.0,338458000.0,1,7f5b6f7e-1c2d-4a4e-9a51-3a3f1d3c0a01
c796bdee-0bb2-4195-9d92-44dfebc01776,3f25f8f7-0444-4bf0-9909-8de91b359d99,5be6128e-18c2-4797-a142-ea7d17be3111,3b0b0e6c-5a36-4b8e-8c1e-0d7c5e2f9a11,58.0,353600000.0,20508800000.0,1227697000.0,19281103000.0,328468000.0,2,7f5b6f7e-1c2d-4a4e-9a51-3a3f1d3c0a01
23a878b0-b62d-4658-971c-41525451fa9c,18528e81-c688-47f1-9973-95a51bf39e93,4b0dbb41-8d52-48f1-942c-3fe860e7a113,3b0b0e6c-5a36-4b8e-8c1e-0d7c5e2f9a11,105.0,599600000.0,62958000000.0,3538605000.0,59419395000.0,528080000.0,1,7f5b6f7e-1c2d-4a4e-9a51-3a3f1d3c0a01
8e6a62dc-c534-4677-b09b-028d5c5142a4,954380e5-42e5-48b7-824f-cb25fd3c18af,1a2a73ed-562b-4f79-8374-59eef50bea63,3b0b0e6c-5a36-4b8e-8c1e-0d7c5e2f9a11,105.0,437700000.0,45958500000.0,2132644000.0,43825856000.0,398398000.0,1,7f5b6f7e-1c2d-4a4e-9a51-3a3f1d3c0a01
3d5699b6-97c4-4e54-a894-3ca455300eb5,afd8679d-eb3b-4585-aa5d-b59e060e2426,5be6128e-18c2-4797-a142-ea7d17be3111,3b0b0e6c-5a36-4b8e-8c1e-0d7c5e2f9a11,24.0,441400000.0,10593600000.0,529957000.0,10063643000.0,397010000.0,1,7f5b6f7e-1c2d-4a4e-9a51-3a3f1d3c0a01
144fb48e-daf1-4508-9bf6-8708002dbc65,afd8679d-eb3b-4585-aa5d-b59e060e2426,1a2a73ed-562b-4f79-8374-59eef50bea63,3b0b0e6c-5a36-4b8e-8c1e-0d7c5e2f9a11,37.5,445700000.0,16713750000.0,836124000.0,15877626000.0,404872000.0,2,7f5b6f7e-1c2d-4a4e-9a51-3a3f1d3c0a01
a6003e1a-30a5-4a79-8822-84a7808c1e2c,afd8679d-eb3b-4585-aa5d-b59e060e2426,43b7a3a6-9a8d-4a03-980d-7b71d8f56413,3b0b0e6c-5a36-4b8e-8c1e-0d7c5e2f9a11,58.5,458000000.0,26793000000.0,1340350000.0,25452650000.0,409220000.0,3,7f5b6f7e-1c2d-4a4e-9a51-3a3f1d3c0a01
905845af-52b2-428c-9f87-26416dd272ee,873dbe70-e10a-42aa-9e33-f30eb9eaffec,5be6128e-18c2-4797-a142-ea7d17be3111,3b0b0e6c-5a36-4b8e-8c1e-0d7c5e2f9a11,70.0,430400000.0,30128000000.0,1169415000.0,28958585000.0,396640000.0,1,7f5b6f7e-1c2d-4a4e-9a51-3a3f1d3c0a01
71c1f758-5a3d-4122-8633-5b7ff05bc106,0aa2564b-9108-499f-88ef-e83c95582a9a,43b7a3a6-9a8d-4a03-980d-7b71d8f56413,3b0b0e6c-5a36-4b8e-8c1e-0d7c5e2f9a11,164.0,465100000.0,76276400000.0,3418815000.0,72857585000.0,430032000.0,1,7f5b6f7e-1c2d-4a4e-9a51-3a3f1d3c0a01
d2fed451-2427-40d8-b2ff-194feb84a38f,0aa2564b-9108-499f-88ef-e83c95582a9a,1a2a73ed-562b-4f79-8374-59eef50bea63,3b0b0e6c-5a36-4b8e-8c1e-0d7c5e2f9a11,6.0,454200000.0,2725200000.0,122147000.0,2603053000.0,426795000.0,2,7f5b6f7e-1c2d-4a4e-9a51-3a3f1d3c0a01
1a1a85d7-881b-43da-94b8-38a5307c5908,8aa95959-b178-4e24-9714-d7dca394282c,1a2a73ed-562b-4f79-8374-59eef50bea63,3b0b0e6c-5a36-4b8e-8c1e-0d7c5e2f9a11,160.0,530400000.0,84864000000.0,5322302000.0,79541698000.0,475727000.0,1,7f5b6f7e-1c2d-4a4e-9a51-3a3f1d3c0a01
5aa60b5a-ac18-4e93-887d-6b9cf6426ad6,674ee276-c240-4c45-a1d2-e0e4af76bd01,43b7a3a6-9a8d-4a03-980d-7b71d8f56413,3b0b0e6c-5a36-4b8e-8c1e-0d7c5e2f9a11,60.0,543400000.0,32604000000.0,890982000.0,31713018000.0,485070000.0,1,7f5b6f7e-1c2d-4a4e-9a51-3a3f1d3c0a01
d600b174-757c-4785-b10e-87faf51e7593,674ee276-c240-4c45-a1d2-e0e4af76bd01,5be6128e-18c2-4797-a142-ea7d17be3111,3b0b0e6c-5a36-4b8e-8c1e-0d7c5e2f9a11,26.5,519900000.0,13777350000.0,376499000.0,13400851000.0,463795000.0,2,7f5b6f7e-1c2d-4a4e-9a51-3a3f1d3c0a01
9f63e5ba-45d3-4d46-8f06-ce065fa83cad,674ee276-c240-4c45-a1d2-e0e4af76bd01,1a2a73ed-562b-4f79-8374-59eef50bea63,3b0b0e6c-5a36-4b8e-8c1e-0d7c5e2f9a11,13.5,530400000.0,7160400000.0,195675000.0,6964725000.0,475727000.0,3,7f5b6f7e-1c2d-4a4e-9a51-3a3f1d3c0a01
1e04e454-09a7-4e1a-aba0-f56b300e14b7,34da5a8e-5e28-40be-8d0a-f5ead2be0cc8,1a2a73ed-562b-4f79-8374-59eef50bea63,3b0b0e6c-5a36-4b8e-8c1e-0d7c5e2f9a11,15.0,549100000.0,8236500000.0,259423000.0,7977077000.0,497002000.0,1,7f5b6f7e-1c2d-4a4e-9a51-3a3f1d3c0a01
c669d8b3-5b92-4ed0-a2a4-4bd0cd5493a1,043b4ffb-4df3-485b-86ee-d615d8662daa,1a2a73ed-562b-4f79-8374-59eef50bea63,3b0b0e6c-5a36-4b8e-8c1e-0d7c5e2f9a11,22.0,368300000.0,8102600000.0,132419000.0,7970181000.0,336515000.0,1,7f5b6f7e-1c2d-4a4e-9a51-3a3f1d3c0a01
3f9854b1-37d6-4e2f-b286-e2f207e77899,043b4ffb-4df3-485b-86ee-d615d8662daa,5be6128e-18c2-4797-a142-ea7d17be3111,3b0b0e6c-5a36-4b8e-8c1e-0d7c5e2f9a11,9.5,360500000.0,3424750000.0,55970000.0,3368780000.0,327080000.0,2,7f5b6f7e-1c2d-4a4e-9a51-3a3f1d3c0a01
586ad002-7c25-4045-b34e-b150c548c1f4,043b4ffb-4df3-485b-86ee-d615d8662daa,43b7a3a6-9a8d-4a03-980d-7b71d8f56413,3b0b0e6c-5a36-4b8e-8c1e-0d7c5e2f9a11,33.5,379200000.0,12703200000.0,207606000.0,12495594000.0,340770000.0,3,7f5b6f7e-1c2d-4a4e-9a51-3a3f1d3c0a01
240a8fa5-d3f5-4783-97fd-2f51e34a9adc,c5469269-85ad-4286-92a4-c7c02a6056e3,6b65a6a4-8b81-48f6-b38a-088ca65ed389,3b0b0e6c-5a36-4b8e-8c1e-0d7c5e2f9a11,90.0,426100000.0,38349000000.0,596590000.0,37752410000.0,375242000.0,1,7f5b6f7e-1c2d-4a4e-9a51-3a3f1d3c0a01
951d7773-a0d3-4cdb-bdf0-86740c0e3b63,9c3e573e-b64e-4f3d-b732-ffd9b1508dcc,17fc695a-07a0-4a6e-8822-e8f36c031199,3b0b0e6c-5a36-4b8e-8c1e-0d7c5e2f9a11,55.0,337600000.0,18568000000.0,352032000.0,18215968000.0,314721000.0,1,7f5b6f7e-1c2d-4a4e-9a51-3a3f1d3c0a01
082910c9-7984-444d-9ea4-788e1acd5c2a,836f19f9-b8fd-4885-93a3-2ed3ab20078d,6b65a6a4-8b81-48f6-b38a-088ca65ed389,3b0b0e6c-5a36-4b8e-8c1e-0d7c5e2f9a11,40.0,536200000.00000006,21448000000.000004,270452000.0,21177548000.000004,475342000.0,1,7f5b6f7e-1c2d-4a4e-9a51-3a3f1d3c0a01
9fb9e7ea-7919-4df7-9740-55daa4db4847,318511a1-eefd-45de-b093-c600ca41b5f8,972a8469-1641-4f82-8b9d-2434e465e150,3b0b0e6c-5a36-4b8e-8c1e-0d7c5e2f9a11,40.0,331500000.0,13260000000.0,368062000.0,12891938000.0,313973000.0,1,7f5b6f7e-1c2d-4a4e-9a51-3a3f1d3c0a01
4fa937bc-46a0-4c1d-b954-4c640be65e5c,f4250f6c-afec-427f-8c3e-d9d1bb771ea4,23b8c1e9-3924-46de-beb1-3b9046685257,3b0b0e6c-5a36-4b8e-8c1e-0d7c5e2f9a11,25.0,350400000.0,8760000000.0,289476000.0,8470524000.0,325380000.0,1,7f5b6f7e-1c2d-4a4e-9a51-3a3f1d3c0a01
699edb77-c56c-49dd-94f5-035abe0784b1,5a0b28fa-5dbf-4d10-9de3-491766c1b339,371ecd7b-27cd-4130-8722-9389571aa876,3b0b0e6c-5a36-4b8e-8c1e-0d7c5e2f9a11,70.0,495900000.0,34713000000.0,808704000.0,33904296000.0,435266000.0,1,7f5b6f7e-1c2d-4a4e-9a51-3a3f1d3c0a01
2ab7be8d-444a-48bb-9041-0c888eff8e10,b6e9aadc-e891-4063-974a-7583b31e9ccf,972a8469-1641-4f82-8b9d-2434e465e150,3b0b0e6c-5a36-4b8e-8c1e-0d7c5e2f9a11,55.0,424400000.0,23342000000.0,585836000.0,22756164000.0,389147000.0,1,7f5b6f7e-1c2d-4a4e-9a51-3a3f1d3c0a01
8b37bca9-b788-469c-b13f-321b0485a415,8ed6d05f-67ba-4f31-bfa1-d57c23338d53,17fc695a-07a0-4a6e-8822-e8f36c031199,3b0b0e6c-5a36-4b8e-8c1e-0d7c5e2f9a11,75.0,351400000.0,26355000000.0,787561000.0,25567439000.0,315656000.0,1,7f5b6f7e-1c2d-4a4e-9a51-3a3f1d3c0a01
f7455feb-b22e-4fe9-b838-07dded1e7f20,ff3d0c81-7a25-48b3-b310-c638facffd4b,972a8469-1641-4f82-8b9d-2434e465e150,3b0b0e6c-5a36-4b8e-8c1e-0d7c5e2f9a11,30.0,352900000.0,10587000000.0,213082000.0,10373918000.0,318368000.0,1,7f5b6f7e-1c2d-4a4e-9a51-3a3f1d3c0a01
7f3d190b-e683-479d-9e57-2cc25fb62094,7692f56a-4c44-444e-b731-71dd3ec34024,759cde66-bacf-43d0-8b1f-9163ce9ff57f,3b0b0e6c-5a36-4b8e-8c1e-0d7c5e2f9a11,32.0,423500000.0,13552000000.0,267519000.0,13284481000.0,384716000.0,1,7f5b6f7e-1c2d-4a4e-9a51-3a3f1d3c0a01
b9e7b560-6c77-4d36-b71f-acd0f99212c5,7692f56a-4c44-444e-b731-71dd3ec34024,ec1b8ca1-f91e-4d4c-9ff4-9b7889463e85,3b0b0e6c-5a36-4b8e-8c1e-0d7c5e2f9a11,28.0,413300000.0,11572400000.0,228442000.0,11343958000.0,377476000.0,2,7f5b6f7e-1c2d-4a4e-9a51-3a3f1d3c0a01
30f4b280-dcaf-4011-b467-093cd8ef0f14,f25c070d-972f-4019-a4f0-97abd04d4c7c,759cde66-bacf-43d0-8b1f-9163ce9ff57f,3b0b0e6c-5a36-4b8e-8c1e-0d7c5e2f9a11,21.5,425100000.0,9139650000.0,110207000.0,9029443000.0,383992000.0,1,7f5b6f7e-1c2d-4a4e-9a51-3a3f1d3c0a01
ae683512-418f-41e9-a9b7-9346cd4bfc71,f25c070d-972f-4019-a4f0-97abd04d4c7c,ec1b8ca1-f91e-4d4c-9ff4-9b7889463e85,3b0b0e6c-5a36-4b8e-8c1e-0d7c5e2f9a11,43.5,417100000.0,18143850000.0,218781000.0,17925069000.0,374218000.0,2,7f5b6f7e-1c2d-4a4e-9a51-3a3f1d3c0a01
ce6ad5d5-29e6-48c5-9c06-d9079165332a,6a7ee18d-3dc6-44e0-93be-361fa151f14b,759cde66-bacf-43d0-8b1f-9163ce9ff57f,3b0b0e6c-5a36-4b8e-8c1e-0d7c5e2f9a11,150.0,504500000.0,75675000000.0,1733701000.0,73941299000.0,458926000.0,1,7f5b6f7e-1c2d-4a4e-9a51-3a3f1d3c0a01
f121cdf9-0971-4e08-b4e1-1e91d7318d5b,c4aef437-8611-468b-b912-e9e17f18758d,ec1b8ca1-f91e-4d4c-9ff4-9b7889463e85,3b0b0e6c-5a36-4b8e-8c1e-0d7c5e2f9a11,65.0,496200000.0,32253000000.0,573021000.0,31679979000.0,447251000.0,1,7f5b6f7e-1c2d-4a4e-9a51-3a3f1d3c0a01
0f6f9555-dcc1-4d6d-adc8-dae10d405ab5,434492bf-9949-4957-8e9a-d14fee74eac4,4b0dbb41-8d52-48f1-942c-3fe860e7a113,3b0b0e6c-5a36-4b8e-8c1e-0d7c5e2f9a11,55.0,623600000.0,34298000000.0,649500000.0,33648500000.0,535071000.0,1,7f5b6f7e-1c2d-4a4e-9a51-3a3f1d3c0a01
cbd87ec6-7ed1-4e4e-b908-6eae165ea6c3,4f8ed80d-2ad3-41c4-9343-c71a2aff53ea,e2acf72f-9e57-4f7a-a0ee-89aed453dd32,3b0b0e6c-5a36-4b8e-8c1e-0d7c5e2f9a11,90.0,720700000.0,64863000000.0,1327917000.0,63535083000.0,630828000.0,1,7f5b6f7e-1c2d-4a4e-9a51-3a3f1d3c0a01
ad0be54a-4c3a-4daa-bca4-14326a75be19,e908b131-5a25-48d2-8dad-7a1623eddb48,ec1b8ca1-f91e-4d4c-9ff4-9b7889463e85,3b0b0e6c-5a36-4b8e-8c1e-0d7c5e2f9a11,70.0,658900000.0,46123000000.0,1177110000.0,44945890000.0,583906000.0,1,7f5b6f7e-1c2d-4a4e-9a51-3a3f1d3c0a01
b918cdde-bbaf-4051-8a1b-308fa368c2e4,21db0352-d052-4951-baf5-231576a6bbe0,9a1de644-815e-46d1-bb8f-aa1837f8a88b,3b0b0e6c-5a36-4b8e-8c1e-0d7c5e2f9a11,200.0,323800000.0,64760000000.0,1247315000.0,63512685000.0,258247000.0,1,7f5b6f7e-1c2d-4a4e-9a51-3a3f1d3c0a01
ff9e675e-356e-42c6-aff5-c201878ea2ac,551b950e-1264-47b5-96dc-ac3ab6f104c0,47378190-96da-4dac-b2ff-5d2a386ecbe0,3b0b0e6c-5a36-4b8e-8c1e-0d7c5e2f9a11,25.0,448500000.0,11212500000.0,298053000.0,10914447000.0,398848000.0,1,7f5b6f7e-1c2d-4a4e-9a51-3a3f1d3c0a01
91ba0b1d-19df-45d6-b41d-ac2bfa76941e,a9725584-bd2a-478b-9730-15bae17c2182,5be6128e-18c2-4797-a142-ea7d17be3111,3b0b0e6c-5a36-4b8e-8c1e-0d7c5e2f9a11,8.5,501400000.0,4261900000.0,84155000.0,4177745000.0,427072000.0,1,7f5b6f7e-1c2d-4a4e-9a51-3a3f1d3c0a01
aec420db-c938-4936-88e6-e1a43b5f5a71,a9725584-bd2a-478b-9730-15bae17c2182,43b7a3a6-9a8d-4a03-980d-7b71d8f56413,3b0b0e6c-5a36-4b8e-8c1e-0d7c5e2f9a11,36.5,524400000.0,19140600000.0,377949000.0,18762651000.0,448348000.0,2,7f5b6f7e-1c2d-4a4e-9a51-3a3f1d3c0a01
01beec5b-bb3a-4f44-93d1-abb53f68a0e6,e1a3be1f-7f7e-4c13-970f-b9f9dc883d5d,bd9c66b3-ad3c-4d6d-9a3d-1fa7bc8960a9,3b0b0e6c-5a36-4b8e-8c1e-0d7c5e2f9a11,50.0,398100000.0,19905000000.0,531531000.0,19373469000.0,343426000.0,1,7f5b6f7e-1c2d-4a4e-9a51-3a3f1d3c0a01
8127c5eb-4405-4bf9-9ef5-30c9c0993a29,7605569b-bffe-44bf-a2b5-134678f73296,c241330b-01a9-471f-9e8a-774bcf36d58b,3b0b0e6c-5a36-4b8e-8c1e-0d7c5e2f9a11,230.0,465100000.0,106973000000.0,2000249000.0,104972751000.0,412299000.0,1,7f5b6f7e-1c2d-4a4e-9a51-3a3f1d3c0a01
b6db8696-8065-4f6c-862e-2eacc7ea4df9,f8a659ce-62a6-4f50-92d5-0d8e8f3cff37,972a8469-1641-4f82-8b9d-2434e465e150,3b0b0e6c-5a36-4b8e-8c1e-0d7c5e2f9a11,45.0,352900000.0,15880500000.0,303194000.0,15577306000.0,318368000.0,1,7f5b6f7e-1c2d-4a4e-9a51-3a3f1d3c0a01
d04ab7bc-9de6-495e-929e-02f4f481ab33,9061735c-22bd-45ff-a8a1-a68b0a0f7788,e2acf72f-9e57-4f7a-a0ee-89aed453dd32,3b0b0e6c-5a36-4b8e-8c1e-0d7c5e2f9a11,25.0,491700000.0,12292500000.0,355303000.0,11937197000.0,428694000.0,1,7f5b6f7e-1c2d-4a4e-9a51-3a3f1d3c0a01
6dda8833-2f18-4a75-aaad-0e89f24d0de4,09c16d21-f90c-4094-b090-560cb294cc46,759cde66-bacf-43d0-8b1f-9163ce9ff57f,3b0b0e6c-5a36-4b8e-8c1e-0d7c5e2f9a11,30.0,507100000.0,15213000000.0,289707000.0,14923293000.0,391232000.0,1,7f5b6f7e-1c2d-4a4e-9a51-3a3f1d3c0a01
16c47938-b321-41e9-989b-a725e9c29a32,c60d977f-4dcd-494b-aedc-b67be8fb6418,43b7a3a6-9a8d-4a03-980d-7b71d8f56413,3b0b0e6c-5a36-4b8e-8c1e-0d7c5e2f9a11,10.0,460400000.0,4604000000.0,43057000.0,4560943000.0,413660000.0,1,7f5b6f7e-1c2d-4a4e-9a51-3a3f1d3c0a01
ceaca75b-ae93-44aa-ad6b-2a47d0146f98,cb76e3b1-b6b2-4a90-bfa0-2b11a9405b73,ec1b8ca1-f91e-4d4c-9ff4-9b7889463e85,3b0b0e6c-5a36-4b8e-8c1e-0d7c5e2f9a11,11.0,534299999.99999994,5877299999.999999,74320000.0,5802979999.999999,468338000.0,1,7f5b6f7e-1c2d-4a4e-9a51-3a3f1d3c0a01
85e05724-5ba3-41c2-802a-8253b73b7364,cb76e3b1-b6b2-4a90-bfa0-2b11a9405b73,759cde66-bacf-43d0-8b1f-9163ce9ff57f,3b0b0e6c-5a36-4b8e-8c1e-0d7c5e2f9a11,19.0,540900000.0,10277100000.0,129956000.0,10147144000.0,482184000.0,2,7f5b6f7e-1c2d-4a4e-9a51-3a3f1d3c0a01
e3fa09b2-8625-44c9-b390-91c706dbcbe0,e3e038fe-246e-4610-8a9b-d6b60c580da8,759cde66-bacf-43d0-8b1f-9163ce9ff57f,3b0b0e6c-5a36-4b8e-8c1e-0d7c5e2f9a11,30.0,641900000.0,19257000000.0,403458000.0,18853542000.0,564539000.0,1,7f5b6f7e-1c2d-4a4e-9a51-3a3f1d3c0a01
3718bf8f-a4f8-4c31-a070-98797d549614,c9e891e2-efe4-416b-b240-5094cdefe4f3,4b0dbb41-8d52-48f1-942c-3fe860e7a113,3b0b0e6c-5a36-4b8e-8c1e-0d7c5e2f9a11,30.0,753600000.0,22608000000.0,64039000.0,22543961000.0,664458000.0,1,7f5b6f7e-1c2d-4a4e-9a51-3a3f1d3c0a01
3cf81c05-791e-4208-85c7-3d72846dbb17,6fc0a6cc-da17-4a81-ade3-412593425c29,ec1b8ca1-f91e-4d4c-9ff4-9b7889463e85,3b0b0e6c-5a36-4b8e-8c1e-0d7c5e2f9a11,32.5,645200000.0,20969000000.0,403083000.0,20565917000.0,566620000.0,1,7f5b6f7e-1c2d-4a4e-9a51-3a3f1d3c0a01
4dc39462-7f6e-4ad3-8ec1-c06cac076dbe,6fc0a6cc-da17-4a81-ade3-412593425c29,759cde66-bacf-43d0-8b1f-9163ce9ff57f,3b0b0e6c-5a36-4b8e-8c1e-0d7c5e2f9a11,22.5,647000000.0,14557500000.0,279836000.0,14277664000.0,584178000.0,2,7f5b6f7e-1c2d-4a4e-9a51-3a3f1d3c0a01
112fbfee-ac74-4bd3-ae64-90025c87dd07,924effed-fd7e-4bf7-823b-6fff5817132d,4b0dbb41-8d52-48f1-942c-3fe860e7a113,3b0b0e6c-5a36-4b8e-8c1e-0d7c5e2f9a11,40.0,779000000.0,31160000000.0,609129000.0,30550871000.0,666936000.0,1,7f5b6f7e-1c2d-4a4e-9a51-3a3f1d3c0a01
741bdcbb-2944-408a-98da-b8eea7518a48,0f65a689-283d-4f4d-ab07-35c9b0bfec99,23b8c1e9-3924-46de-beb1-3b9046685257,3b0b0e6c-5a36-4b8e-8c1e-0d7c5e2f9a11,85.0,288600000.0,24531000000.0,477548000.0,24053452000.0,263857000.0,1,7f5b6f7e-1c2d-4a4e-9a51-3a3f1d3c0a01
0e822240-561d-4ba7-97b1-b0eea413fba2,16ce0361-94d9-416c-976e-ba2633677e42,47378190-96da-4dac-b2ff-5d2a386ecbe0,3b0b0e6c-5a36-4b8e-8c1e-0d7c5e2f9a11,55.5,435900000.0,24192450000.0,391627000.0,23800823000.0,396927000.0,1,7f5b6f7e-1c2d-4a4e-9a51-3a3f1d3c0a01
24c2ac67-5562-4102-af8e-aefbe02c8619,16ce0361-94d9-416c-976e-ba2633677e42,c241330b-01a9-471f-9e8a-774bcf36d58b,3b0b0e6c-5a36-4b8e-8c1e-0d7c5e2f9a11,15.0,470600000.0,7059000000.0,114271000.0,6944729000.0,425566000.0,2,7f5b6f7e-1c2d-4a4e-9a51-3a3f1d3c0a01
4a784538-1219-4e90-9c35-64e21c90a216,16ce0361-94d9-416c-976e-ba2633677e42,6c307511-b2b9-437a-a8df-6ec4ce4a2bbd,3b0b0e6c-5a36-4b8e-8c1e-0d7c5e2f9a11,5.0,424200000.0,2121000000.0,34335000.0,2086665000.0,385672000.0,3,7f5b6f7e-1c2d-4a4e-9a51-3a3f1d3c0a01
fe97b42e-fc9a-4250-8d00-37f6f5c1ee67,3af68585-a8c6-44d5-b964-a9c2191c60eb,e2acf72f-9e57-4f7a-a0ee-89aed453dd32,3b0b0e6c-5a36-4b8e-8c1e-0d7c5e2f9a11,105.0,483700000.0,50788500000.0,1810721000.0,48977779000.0,435154000.0,1,7f5b6f7e-1c2d-4a4e-9a51-3a3f1d3c0a01
a0b0cd91-817b-4b8a-8b41-b427dc8713a2,3af68585-a8c6-44d5-b964-a9c2191c60eb,4b0dbb41-8d52-48f1-942c-3fe860e7a113,3b0b0e6c-5a36-4b8e-8c1e-0d7c5e2f9a11,45.0,493200000.0,22194000000.0,791265000.0,21402735000.0,435154000.0,2,7f5b6f7e-1c2d-4a4e-9a51-3a3f1d3c0a01
e024863a-a20e-415c-a5f0-da3c7abb9f9c,f2b71968-b8a6-43e2-b81a-3cdf878e0acf,4b0dbb41-8d52-48f1-942c-3fe860e7a113,3b0b0e6c-5a36-4b8e-8c1e-0d7c5e2f9a11,67.0,596700000.0,39978900000.0,1196299000.0,38782601000.0,513920000.0,1,7f5b6f7e-1c2d-4a4e-9a51-3a3f1d3c0a01
f6bcaafe-4c96-4264-ad18-e78b14ba480c,f2b71968-b8a6-43e2-b81a-3cdf878e0acf,e2acf72f-9e57-4f7a-a0ee-89aed453dd32,3b0b0e6c-5a36-4b8e-8c1e-0d7c5e2f9a11,38.0,586000000.0,22268000000.0,666331000.0,21601669000.0,507548000.0,2,7f5b6f7e-1c2d-4a4e-9a51-3a3f1d3c0a01
e2778bde-31e0-473c-933b-6798a0ef6236,5851a8b0-4680-450f-8bac-bebbcf1620c2,5be6128e-18c2-4797-a142-ea7d17be3111,3b0b0e6c-5a36-4b8e-8c1e-0d7c5e2f9a11,45.0,423400000.0,19053000000.0,543528000.0,18509472000.0,388315000.0,1,7f5b6f7e-1c2d-4a4e-9a51-3a3f1d3c0a01
7a557446-6914-48b5-9572-039888c58939,7dc694e1-0227-47d7-86c9-9ea210e26b5d,5be6128e-18c2-4797-a142-ea7d17be3111,3b0b0e6c-5a36-4b8e-8c1e-0d7c5e2f9a11,65.0,430400000.0,27976000000.0,742883000.0,27233117000.0,396640000.0,1,7f5b6f7e-1c2d-4a4e-9a51-3a3f1d3c0a01
6d84382a-2c9a-4b5d-87c6-d132338875cc,413c7087-fa6a-4566-b3cb-a5c37802c120,5be6128e-18c2-4797-a142-ea7d17be3111,3b0b0e6c-5a36-4b8e-8c1e-0d7c5e2f9a11,45.5,450400000.0,20493200000.0,502874000.0,19990326000.0,403948000.0,1,7f5b6f7e-1c2d-4a4e-9a51-3a3f1d3c0a01
e9a9ea82-7552-46e3-abd2-277e49bae976,413c7087-fa6a-4566-b3cb-a5c37802c120,43b7a3a6-9a8d-4a03-980d-7b71d8f56413,3b0b0e6c-5a36-4b8e-8c1e-0d7c5e2f9a11,4.5,464900000.0,2092050000.0,51336000.0,2040714000.0,425870000.0,2,7f5b6f7e-1c2d-4a4e-9a51-3a3f1d3c0a01
e7baa6ca-eb35-44df-b425-62b07f5ca2ed,062ba484-0af3-404c-ba8f-bddecf8faafe,972a8469-1641-4f82-8b9d-2434e465e150,3b0b0e6c-5a36-4b8e-8c1e-0d7c5e2f9a11,30.0,279300000.0,8379000000.0,139242000.0,8239758000.0,257686000.0,1,7f5b6f7e-1c2d-4a4e-9a51-3a3f1d3c0a01
e51e7dfa-33f2-41a5-a7d7-ffd46a0465a9,f1f008a6-7bb1-41a4-bfca-0c6001fc79e4,b74d0fb1-32e7-4629-8fad-c1a606cb0fb3,3b0b0e6c-5a36-4b8e-8c1e-0d7c5e2f9a11,17.5,407300000.0,7127750000.0,163956000.0,6963794000.0,321714000.0,1,7f5b6f7e-1c2d-4a4e-9a51-3a3f1d3c0a01
2ec46f43-1256-450b-9c08-676a7700a8b3,f1f008a6-7bb1-41a4-bfca-0c6001fc79e4,371ecd7b-27cd-4130-8722-9389571aa876,3b0b0e6c-5a36-4b8e-8c1e-0d7c5e2f9a11,6.5,401200000.0,2607800000.0,59986000.0,2547814000.0,311283000.0,2,7f5b6f7e-1c2d-4a4e-9a51-3a3f1d3c0a01
13305707-6605-4350-bb93-0f96154eb8cd,f1f008a6-7bb1-41a4-bfca-0c6001fc79e4,6c307511-b2b9-437a-a8df-6ec4ce4a2bbd,3b0b0e6c-5a36-4b8e-8c1e-0d7c5e2f9a11,26.0,394800000.0,10264800000.0,236116000.0,10028684000.0,303780000.0,3,7f5b6f7e-1c2d-4a4e-9a51-3a3f1d3c0a01
918c6f42-8612-4b4c-9ebb-0e39c39d8e04,cf6a362a-635f-4936-ac9d-4cfb9c581670,17fc695a-07a0-4a6e-8822-e8f36c031199,3b0b0e6c-5a36-4b8e-8c1e-0d7c5e2f9a11,18.0,337600000.0,6076800000.0,123735000.0,5953065000.0,314721000.0,1,7f5b6f7e-1c2d-4a4e-9a51-3a3f1d3c0a01
9b1ab744-4a60-477e-87f5-d8665494eead,cf6a362a-635f-4936-ac9d-4cfb9c581670,23b8c1e9-3924-46de-beb1-3b9046685257,3b0b0e6c-5a36-4b8e-8c1e-0d7c5e2f9a11,7.0,343600000.0,2405200000.0,48974000.0,2356226000.0,320424000.0,2,7f5b6f7e-1c2d-4a4e-9a51-3a3f1d3c0a01
e5f9a82d-6aba-4fbf-bf8d-a07ec95ccbb1,b43d5556-a006-48c3-bb7a-f318156feb46,17fc695a-07a0-4a6e-8822-e8f36c031199,3b0b0e6c-5a36-4b8e-8c1e-0d7c5e2f9a11,5.5,358000000.0,1969000000.0,39745000.0,1929255000.0,338750000.0,1,7f5b6f7e-1c2d-4a4e-9a51-3a3f1d3c0a01
3a6c4ee7-420b-422f-afdf-7e601576bdf1,b43d5556-a006-48c3-bb7a-f318156feb46,23b8c1e9-3924-46de-beb1-3b9046685257,3b0b0e6c-5a36-4b8e-8c1e-0d7c5e2f9a11,17.0,367400000.0,6245800000.0,126074000.0,6119726000.0,340714000.0,2,7f5b6f7e-1c2d-4a4e-9a51-3a3f1d3c0a01
15ec14c7-ca4d-46d0-99ae-29a4f523bbc6,b43d5556-a006-48c3-bb7a-f318156feb46,972a8469-1641-4f82-8b9d-2434e465e150,3b0b0e6c-5a36-4b8e-8c1e-0d7c5e2f9a11,7.0,353900000.0,2477300000.0,50005000.0,2427295000.0,329962000.0,3,7f5b6f7e-1c2d-4a4e-9a51-3a3f1d3c0a01
672ca751-76fe-4840-a20e-e753cc9beada,ee46e719-6fc3-4cc9-acce-00014f4f4aa3,1a2a73ed-562b-4f79-8374-59eef50bea63,3b0b0e6c-5a36-4b8e-8c1e-0d7c5e2f9a11,110.0,544800000.0,59928000000.0,1145665000.0,58782335000.0,490620000.0,1,7f5b6f7e-1c2d-4a4e-9a51-3a3f1d3c0a01
6abbc0ae-104f-4424-afe9-b7a86c8dd08d,74cbc159-8aab-42dc-b947-1382ecdae180,43b7a3a6-9a8d-4a03-980d-7b71d8f56413,3b0b0e6c-5a36-4b8e-8c1e-0d7c5e2f9a11,80.0,568400000.0,45472000000.0,857984000.0,44614016000.0,518092000.0,1,7f5b6f7e-1c2d-4a4e-9a51-3a3f1d3c0a01
76df1885-f7c9-446a-92a0-cc1012e122cb,9c83c74f-eeba-4b57-8698-80a87590596a,ddd1dfb2-3b98-4ef8-9af6-1a26146d3f31,3b0b0e6c-5a36-4b8e-8c1e-0d7c5e2f9a11,75.0,342200000.0,25665000000.0,781666000.0,24883334000.0,326556000.0,1,7f5b6f7e-1c2d-4a4e-9a51-3a3f1d3c0a01
e70ab73e-e172-4ec5-8599-cba356dc1fb4,7d4b3956-bfb9-4fc3-a818-14f80c1d0a29,bd9c66b3-ad3c-4d6d-9a3d-1fa7bc8960a9,3b0b0e6c-5a36-4b8e-8c1e-0d7c5e2f9a11,120.0,419600000.0,50352000000.0,1675183000.0,48676817000.0,385500000.0,1,7f5b6f7e-1c2d-4a4e-9a51-3a3f1d3c0a01
d8df4b74-87bb-4646-86b0-1a9cee78d9b6,19bd3241-3f3c-412c-b283-48973ae5f54b,9a1de644-815e-46d1-bb8f-aa1837f8a88b,3b0b0e6c-5a36-4b8e-8c1e-0d7c5e2f9a11,48.0,269900000.0,12955200000.0,379816000.0,12575384000.0,252824000.0,1,7f5b6f7e-1c2d-4a4e-9a51-3a3f1d3c0a01
7e495a70-08fd-4f23-87ff-0a3afcd3f5eb,19bd3241-3f3c-412c-b283-48973ae5f54b,23b8c1e9-3924-46de-beb1-3b9046685257,3b0b0e6c-5a36-4b8e-8c1e-0d7c5e2f9a11,4.0,281900000.0,1127600000.0,33059000.0,1094541000.0,265353000.0,2,7f5b6f7e-1c2d-4a4e-9a51-3a3f1d3c0a01
6d330374-40fb-4484-b549-3907beeed657,19bd3241-3f3c-412c-b283-48973ae5f54b,bd9c66b3-ad3c-4d6d-9a3d-1fa7bc8960a9,3b0b0e6c-5a36-4b8e-8c1e-0d7c5e2f9a11,28.5,278000000.0,7923000000.0,232284000.0,7690716000.0,263296000.0,3,7f5b6f7e-1c2d-4a4e-9a51-3a3f1d3c0a01
5a7900ed-a06d-4812-b3ea-6dabf266d905,3cfa4ba3-6f3a-4c95-b456-0393c14d4599,3139d32c-93cd-49bf-9c94-1cf0dc98d2c1,3b0b0e6c-5a36-4b8e-8c1e-0d7c5e2f9a11,120.0,400600000.0,48072000000.0,1502155000.0,46569845000.0,343412000.0,1,7f5b6f7e-1c2d-4a4e-9a51-3a3f1d3c0a01
28b65489-c3fc-4380-983b-bf096d0053ac,b630189d-7d62-4dfc-9b64-2fc56479a9e1,47378190-96da-4dac-b2ff-5d2a386ecbe0,3b0b0e6c-5a36-4b8e-8c1e-0d7c5e2f9a11,105.0,346000000.0,36330000000.0,582819000.0,35747181000.0,308355000.0,1,7f5b6f7e-1c2d-4a4e-9a51-3a3f1d3c0a01
5b6f9269-3337-42fc-a7f2-b25070a7354a,6bc6f5e3-b0e6-4b69-b725-2a1a5d1de162,23b8c1e9-3924-46de-beb1-3b9046685257,3b0b0e6c-5a36-4b8e-8c1e-0d7c5e2f9a11,70.0,340300000.0,23821000000.0,703389000.0,23117611000.0,318554000.0,1,7f5b6f7e-1c2d-4a4e-9a51-3a3f1d3c0a01
9210b4ed-a3f1-437e-a27a-f56b036f9dd5,fd49c383-43d9-4f8b-90e9-2eaacfb87add,6b65a6a4-8b81-48f6-b38a-088ca65ed389,3b0b0e6c-5a36-4b8e-8c1e-0d7c5e2f9a11,210.0,419900000.0,88179000000.0,1812362000.0,86366638000.0,374052000.0,1,7f5b6f7e-1c2d-4a4e-9a51-3a3f1d3c0a01
ed5a7808-c26f-414c-a5e5-1de8efb43618,def1c799-9cdf-48fd-95cc-89b0067e6df1,17fc695a-07a0-4a6e-8822-e8f36c031199,3b0b0e6c-5a36-4b8e-8c1e-0d7c5e2f9a11,76.5,423300000.0,32382450000.0,393406000.0,31989044000.0,392606000.0,1,7f5b6f7e-1c2d-4a4e-9a51-3a3f1d3c0a01
b91e91a1-fa18-428b-abbf-ef0b0711fc5d,def1c799-9cdf-48fd-95cc-89b0067e6df1,bd9c66b3-ad3c-4d6d-9a3d-1fa7bc8960a9,3b0b0e6c-5a36-4b8e-8c1e-0d7c5e2f9a11,198.5,424200000.0,84203700000.0,1022970000.0,83180730000.0,392326000.0,2,7f5b6f7e-1c2d-4a4e-9a51-3a3f1d3c0a01
7c3e9e99-68ac-4ce9-8fc6-57c4fb725d7d,2727d9b6-bd02-4f07-b6b1-4fe60b79465f,972a8469-1641-4f82-8b9d-2434e465e150,3b0b0e6c-5a36-4b8e-8c1e-0d7c5e2f9a11,35.0,326800000.0,11438000000.0,483232000.0,10954768000.0,261146000.0,1,7f5b6f7e-1c2d-4a4e-9a51-3a3f1d3c0a01
16163bf9-6708-4377-8046-5d68660748cc,cc09a180-55cc-432f-91b2-f245a0ab95c8,5be6128e-18c2-4797-a142-ea7d17be3111,3b0b0e6c-5a36-4b8e-8c1e-0d7c5e2f9a11,27.5,430400000.0,11836000000.0,737648000.0,11098352000.0,396640000.0,1,7f5b6f7e-1c2d-4a4e-9a51-3a3f1d3c0a01
7e023c02-e3fa-4560-a7af-92b3409d9697,cc09a180-55cc-432f-91b2-f245a0ab95c8,1a2a73ed-562b-4f79-8374-59eef50bea63,3b0b0e6c-5a36-4b8e-8c1e-0d7c5e2f9a11,57.5,435900000.0,25064250000.0,1562064000.0,23502186000.0,400525000.0,2,7f5b6f7e-1c2d-4a4e-9a51-3a3f1d3c0a01
ea369e68-79b7-4efc-965c-e517282be5a7,d47f2c4a-92cd-4832-ac55-06b48c137f12,9a1de644-815e-46d1-bb8f-aa1837f8a88b,3b0b0e6c-5a36-4b8e-8c1e-0d7c5e2f9a11,55.0,270400000.0,14872000000.0,261878000.0,14610122000.0,243287000.0,1,7f5b6f7e-1c2d-4a4e-9a51-3a3f1d3c0a01
01f0977c-077d-464a-be57-13bec0752cd6,6d2c0242-1dac-437f-98c0-99b3e201f732,9a1de644-815e-46d1-bb8f-aa1837f8a88b,3b0b0e6c-5a36-4b8e-8c1e-0d7c5e2f9a11,25.0,358900000.0,8972500000.0,100358000.0,8872142000.0,323416000.0,1,7f5b6f7e-1c2d-4a4e-9a51-3a3f1d3c0a01
f9d3eb01-2fed-4887-ab4d-d813a74739c9,0c312a3d-7efd-42aa-9470-eb2c73b7a54c,47378190-96da-4dac-b2ff-5d2a386ecbe0,3b0b0e6c-5a36-4b8e-8c1e-0d7c5e2f9a11,15.0,519000000.0,7785000000.0,216699000.0,7568301000.0,453566000.0,1,7f5b6f7e-1c2d-4a4e-9a51-3a3f1d3c0a01
9e14253d-91d1-4271-a765-86c2dafd1697,0c312a3d-7efd-42aa-9470-eb2c73b7a54c,6b65a6a4-8b81-48f6-b38a-088ca65ed389,3b0b0e6c-5a36-4b8e-8c1e-0d7c5e2f9a11,35.0,502600000.0,17591000000.0,489654000.0,17101346000.0,454023000.0,2,7f5b6f7e-1c2d-4a4e-9a51-3a3f1d3c0a01
ac61e817-2944-40c1-b170-eb64913996a9,8db7620d-18bb-47ac-9e73-7e8008b93846,5be6128e-18c2-4797-a142-ea7d17be3111,3b0b0e6c-5a36-4b8e-8c1e-0d7c5e2f9a11,13.5,547500000.0,7391250000.0,144081000.0,7247169000.0,496262000.0,1,7f5b6f7e-1c2d-4a4e-9a51-3a3f1d3c0a01
2aaecd3e-c939-4dc0-9884-3e12ee72e283,8db7620d-18bb-47ac-9e73-7e8008b93846,1a2a73ed-562b-4f79-8374-59eef50bea63,3b0b0e6c-5a36-4b8e-8c1e-0d7c5e2f9a11,46.5,549100000.0,25533150000.0,497731000.0,25035419000.0,497002000.0,2,7f5b6f7e-1c2d-4a4e-9a51-3a3f1d3c0a01
09453fb1-05ec-4e4f-b0e1-0234fcdc5b0b,30d20eea-eda8-4463-a997-d36ce6b82604,6c307511-b2b9-437a-a8df-6ec4ce4a2bbd,3b0b0e6c-5a36-4b8e-8c1e-0d7c5e2f9a11,40.0,508000000.0,20320000000.0,367422000.0,19952578000.0,459879000.0,1,7f5b6f7e-1c2d-4a4e-9a51-3a3f1d3c0a01
8112bf5e-c340-410c-8d08-2dc8fab70227,43ca6a87-645b-4e8f-8669-54d303bf3942,23b8c1e9-3924-46de-beb1-3b9046685257,3b0b0e6c-5a36-4b8e-8c1e-0d7c5e2f9a11,97.5,281900000.0,27485250000.0,335015000.0,27150235000.0,265353000.0,1,7f5b6f7e-1c2d-4a4e-9a51-3a3f1d3c0a01
3f39b77e-d286-4326-a17d-3624e0393906,43ca6a87-645b-4e8f-8669-54d303bf3942,9a1de644-815e-46d1-bb8f-aa1837f8a88b,3b0b0e6c-5a36-4b8e-8c1e-0d7c5e2f9a11,117.5,269900000.0,31713250000.0,386549000.0,31326701000.0,252824000.0,2,7f5b6f7e-1c2d-4a4e-9a51-3a3f1d3c0a01
970966f7-52c8-431e-adb1-496e4b637766,99b1482a-e7cd-4246-b92d-780ce994f6ce,ddd1dfb2-3b98-4ef8-9af6-1a26146d3f31,3b0b0e6c-5a36-4b8e-8c1e-0d7c5e2f9a11,70.0,322200000.0,22554000000.0,622829000.0,21931171000.0,321104000.0,1,7f5b6f7e-1c2d-4a4e-9a51-3a3f1d3c0a01
ebd70c39-3785-4a5a-8a12-1f2133dbec29,f7da52ee-9f58-48cf-839c-437142b90576,1a2a73ed-562b-4f79-8374-59eef50bea63,3b0b0e6c-5a36-4b8e-8c1e-0d7c5e2f9a11,85.0,452700000.0,38479500000.0,759253000.0,37720247000.0,403208000.0,1,7f5b6f7e-1c2d-4a4e-9a51-3a3f1d3c0a01
37b1fac3-5997-46a5-af36-4773035dfa90,5cb4fe3a-66a9-4d42-aeac-c759b77e8788,bdd640fb-0667-4ad1-9c80-317fa3b1799d,3b0b0e6c-5a36-4b8e-8c1e-0d7c5e2f9a11,75.0,375700000.0,28177500000.0,563300000.0,27614200000.0,348381000.0,1,7f5b6f7e-1c2d-4a4e-9a51-3a3f1d3c0a01
b2091fca-1161-4dc5-8fea-e0b7bf2fc159,8b66ff0e-b63e-40d9-9918-c801320dabfd,c241330b-01a9-471f-9e8a-774bcf36d58b,3b0b0e6c-5a36-4b8e-8c1e-0d7c5e2f9a11,17.0,470600000.0,8000200000.0,231318000.0,7768882000.0,425566000.0,1,7f5b6f7e-1c2d-4a4e-9a51-3a3f1d3c0a01
dfe8a2af-a438-4d83-9a99-3c988d30016c,8b66ff0e-b63e-40d9-9918-c801320dabfd,6c307511-b2b9-437a-a8df-6ec4ce4a2bbd,3b0b0e6c-5a36-4b8e-8c1e-0d7c5e2f9a11,21.0,424200000.0,8908200000.0,257572000.0,8650628000.0,385672000.0,2,7f5b6f7e-1c2d-4a4e-9a51-3a3f1d3c0a01
0981efc5-1430-4c83-a04c-6ccced2b7f18,8b66ff0e-b63e-40d9-9918-c801320dabfd,47378190-96da-4dac-b2ff-5d2a386ecbe0,3b0b0e6c-5a36-4b8e-8c1e-0d7c5e2f9a11,52.0,435900000.0,22666800000.0,655388000.0,22011412000.0,396927000.0,3,7f5b6f7e-1c2d-4a4e-9a51-3a3f1d3c0a01
94b856f5-583a-48e7-b7aa-0dcf14356829,ff6be918-ade5-4265-81b5-ec817616f0df,1a2a73ed-562b-4f79-8374-59eef50bea63,3b0b0e6c-5a36-4b8e-8c1e-0d7c5e2f9a11,190.0,514299999.99999994,97716999999.99998,1952064000.0,95764935999.99998,438635000.0,1,7f5b6f7e-1c2d-4a4e-9a51-3a3f1d3c0a01
05be9b98-f3ae-4edb-b510-fa18381c146e,b033c9ba-72aa-404e-ba3f-81bf1e90e1f1,a9488d99-0bbb-4599-91ce-5dd2b45ed1f0,3b0b0e6c-5a36-4b8e-8c1e-0d7c5e2f9a11,145.0,578500000.0,83882500000.0,2379957000.0,81502543000.0,509344000.0,1,7f5b6f7e-1c2d-4a4e-9a51-3a3f1d3c0a01
2d7ed2de-28ed-4023-9acc-64284bca19e1,ba19581c-dd86-4dbb-a71f-890d7fcf7a80,ddd1dfb2-3b98-4ef8-9af6-1a26146d3f31,3b0b0e6c-5a36-4b8e-8c1e-0d7c5e2f9a11,240.0,428300000.0,102792000000.0,1552502000.0,101239498000.0,385776000.0,1,7f5b6f7e-1c2d-4a4e-9a51-3a3f1d3c0a01
a213dd66-0edf-41d4-ba25-b1428861a752,5dcdc3e2-aac9-465e-a55d-96e895abb68c,43b7a3a6-9a8d-4a03-980d-7b71d8f56413,3b0b0e6c-5a36-4b8e-8c1e-0d7c5e2f9a11,6.5,458000000.0,2977000000.0,124368000.0,2852632000.0,409220000.0,1,7f5b6f7e-1c2d-4a4e-9a51-3a3f1d3c0a01
4f0d9243-e85a-4062-9bee-5e921f1454eb,5dcdc3e2-aac9-465e-a55d-96e895abb68c,1a2a73ed-562b-4f79-8374-59eef50bea63,3b0b0e6c-5a36-4b8e-8c1e-0d7c5e2f9a11,34.0,445700000.0,15153800000.0,633068000.0,14520732000.0,404872000.0,2,7f5b6f7e-1c2d-4a4e-9a51-3a3f1d3c0a01
47975d7f-8203-4e48-a79e-ee155ef70476,5dcdc3e2-aac9-465e-a55d-96e895abb68c,5be6128e-18c2-4797-a142-ea7d17be3111,3b0b0e6c-5a36-4b8e-8c1e-0d7c5e2f9a11,49.5,441400000.0,21849300000.0,912781000.0,20936519000.0,397010000.0,3,7f5b6f7e-1c2d-4a4e-9a51-3a3f1d3c0a01
ec5cc6a6-c4dc-4dc5-a8a3-2fd9d11a75e5,a9565679-0e48-4a7d-ba77-4d7a290cb756,43b7a3a6-9a8d-4a03-980d-7b71d8f56413,3b0b0e6c-5a36-4b8e-8c1e-0d7c5e2f9a11,107.0,460400000.0,49262800000.0,1437717000.0,47825083000.0,413660000.0,1,7f5b6f7e-1c2d-4a4e-9a51-3a3f1d3c0a01
c2aa3c5e-55aa-478c-b85d-1479cd9b669f,a9565679-0e48-4a7d-ba77-4d7a290cb756,5be6128e-18c2-4797-a142-ea7d17be3111,3b0b0e6c-5a36-4b8e-8c1e-0d7c5e2f9a11,63.0,436700000.0,27512100000.0,802931000.0,26709169000.0,398120000.0,2,7f5b6f7e-1c2d-4a4e-9a51-3a3f1d3c0a01
1a3f13a7-1f0c-48ce-905a-6ea05974041e,87b6e5a8-22a0-43ce-949d-235f45cda735,e2acf72f-9e57-4f7a-a0ee-89aed453dd32,3b0b0e6c-5a36-4b8e-8c1e-0d7c5e2f9a11,330.0,627000000.0,206910000000.0,7842836000.0,199067164000.0,548788000.0,1,7f5b6f7e-1c2d-4a4e-9a51-3a3f1d3c0a01
c8441228-9d07-496f-b2de-2a6e341aa6f9,d99f0444-6db6-4f62-9b10-75578c8e652c,5be6128e-18c2-4797-a142-ea7d17be3111,3b0b0e6c-5a36-4b8e-8c1e-0d7c5e2f9a11,42.0,536500000.0,22533000000.0,591127000.0,21941873000.0,491823000.0,1,7f5b6f7e-1c2d-4a4e-9a51-3a3f1d3c0a01
fccb932f-ce6d-4b30-b4f8-d2bfddb16d38,d99f0444-6db6-4f62-9b10-75578c8e652c,43b7a3a6-9a8d-4a03-980d-7b71d8f56413,3b0b0e6c-5a36-4b8e-8c1e-0d7c5e2f9a11,48.0,560100000.0,26884800000.0,705292000.0,26179508000.0,512358000.0,2,7f5b6f7e-1c2d-4a4e-9a51-3a3f1d3c0a01
8646f377-b441-4636-aed9-b7bf719959f8,870d537f-6033-4970-948f-9cc9492aa483,e2acf72f-9e57-4f7a-a0ee-89aed453dd32,3b0b0e6c-5a36-4b8e-8c1e-0d7c5e2f9a11,65.0,581200000.0,37778000000.0,599324000.0,37178676000.0,534363000.0,1,7f5b6f7e-1c2d-4a4e-9a51-3a3f1d3c0a01
f0d69f19-8dfd-4ea1-8693-70dffef5f47a,62739970-e2ef-4715-b9cf-d5ea19ee4d47,a9488d99-0bbb-4599-91ce-5dd2b45ed1f0,3b0b0e6c-5a36-4b8e-8c1e-0d7c5e2f9a11,5.5,599200000.0,3295600000.0,42835000.0,3252765000.0,524380000.0,1,7f5b6f7e-1c2d-4a4e-9a51-3a3f1d3c0a01
a127469e-7f31-4818-926c-699ff731ca7f,62739970-e2ef-4715-b9cf-d5ea19ee4d47,3139d32c-93cd-49bf-9c94-1cf0dc98d2c1,3b0b0e6c-5a36-4b8e-8c1e-0d7c5e2f9a11,10.0,617400000.0,6174000000.0,80247000.0,6093753000.0,525723000.0,2,7f5b6f7e-1c2d-4a4e-9a51-3a3f1d3c0a01
74dfd00d-53e3-4181-9e5f-8d6a09b85dd7,62739970-e2ef-4715-b9cf-d5ea19ee4d47,fc377a4c-4a15-444d-85e7-ce8a3a578a8e,3b0b0e6c-5a36-4b8e-8c1e-0d7c5e2f9a11,4.5,626000000.0,2817000000.0,36614000.0,2780386000.0,541117000.0,3,7f5b6f7e-1c2d-4a4e-9a51-3a3f1d3c0a01
17fd4836-428c-46f3-bbb0-d466c86c0b49,b74cc7fb-f034-4e51-b464-8743aa8940a7,fc377a4c-4a15-444d-85e7-ce8a3a578a8e,3b0b0e6c-5a36-4b8e-8c1e-0d7c5e2f9a11,50.0,626000000.0,31300000000.0,777721000.0,30522279000.0,541117000.0,1,7f5b6f7e-1c2d-4a4e-9a51-3a3f1d3c0a01
d658c516-bd4c-4ce2-b70d-7719cdc00b64,72254fa4-376d-46f1-a121-4eae369f3f2f,6c307511-b2b9-437a-a8df-6ec4ce4a2bbd,3b0b0e6c-5a36-4b8e-8c1e-0d7c5e2f9a11,65.0,399700000.0,25980500000.0,315823000.0,25664677000.0,366732000.0,1,7f5b6f7e-1c2d-4a4e-9a51-3a3f1d3c0a01
2511b7e6-dab2-49b9-b184-2ef89968941c,25176cee-1587-4259-ac8e-e3f5b2414e0f,a9488d99-0bbb-4599-91ce-5dd2b45ed1f0,3b0b0e6c-5a36-4b8e-8c1e-0d7c5e2f9a11,60.0,546000000.0,32760000000.0,690442000.0,32069558000.0,445889000.0,1,7f5b6f7e-1c2d-4a4e-9a51-3a3f1d3c0a01
e8812437-cc98-4a58-971b-97e8b4f0199e,90b7a8a3-8d13-4a03-a3e6-7be9cd76285f,b74d0fb1-32e7-4629-8fad-c1a606cb0fb3,3b0b0e6c-5a36-4b8e-8c1e-0d7c5e2f9a11,140.0,510600000.0,71484000000.0,1685617000.0,69798383000.0,468754000.0,1,7f5b6f7e-1c2d-4a4e-9a51-3a3f1d3c0a01
2fbf83b5-c3ae-4820-890a-a05fadbbf4c2,71d1d212-5cab-4ddb-9433-caad897faab9,6b65a6a4-8b81-48f6-b38a-088ca65ed389,3b0b0e6c-5a36-4b8e-8c1e-0d7c5e2f9a11,5.5,519500000.0,2857250000.0,83825000.0,2773425000.0,468938000.0,1,7f5b6f7e-1c2d-4a4e-9a51-3a3f1d3c0a01
3f9c19c5-671d-4d6b-ac36-4954229ef89f,71d1d212-5cab-4ddb-9433-caad897faab9,b74d0fb1-32e7-4629-8fad-c1a606cb0fb3,3b0b0e6c-5a36-4b8e-8c1e-0d7c5e2f9a11,134.5,531200000.00000006,71446400000.00002,2096064000.0,69350336000.00002,475434000.0,2,7f5b6f7e-1c2d-4a4e-9a51-3a3f1d3c0a01
63d13c0e-d22d-4df2-8662-032f8e9876ec,2440e340-6351-48e8-9ef7-883ff49968de,17fc695a-07a0-4a6e-8822-e8f36c031199,3b0b0e6c-5a36-4b8e-8c1e-0d7c5e2f9a11,130.0,438800000.0,57044000000.0,1072904000.0,55971096000.0,395786000.0,1,7f5b6f7e-1c2d-4a4e-9a51-3a3f1d3c0a01
92c2144f-91a9-48fa-8126-f67bdd4f05d9,a502836d-9fcb-4765-bd92-df723980b6d8,23b8c1e9-3924-46de-beb1-3b9046685257,3b0b0e6c-5a36-4b8e-8c1e-0d7c5e2f9a11,25.0,343600000.0,8590000000.0,96434000.0,8493566000.0,320424000.0,1,7f5b6f7e-1c2d-4a4e-9a51-3a3f1d3c0a01
e72a40d4-c906-4510-94ba-bf86e1b5c0dd,a502836d-9fcb-4765-bd92-df723980b6d8,9a1de644-815e-46d1-bb8f-aa1837f8a88b,3b0b0e6c-5a36-4b8e-8c1e-0d7c5e2f9a11,20.0,333000000.0,6660000000.0,74767000.0,6585233000.0,304716000.0,2,7f5b6f7e-1c2d-4a4e-9a51-3a3f1d3c0a01
5be674f3-9cc4-498a-a726-113bcfdc1ee8,2cd02da9-74bf-46e8-b7d5-188fec174c5f,6b65a6a4-8b81-48f6-b38a-088ca65ed389,3b0b0e6c-5a36-4b8e-8c1e-0d7c5e2f9a11,90.0,536200000.00000006,48258000000.00001,845154000.0,47412846000.00001,475342000.0,1,7f5b6f7e-1c2d-4a4e-9a51-3a3f1d3c0a01
7e1873e3-e5cb-4fda-ab53-cfcf9c98610c,25a2b98c-218c-4dd9-bb0b-ec4b7d3f2384,bd9c66b3-ad3c-4d6d-9a3d-1fa7bc8960a9,3b0b0e6c-5a36-4b8e-8c1e-0d7c5e2f9a11,65.0,337100000.0,21911500000.0,986557000.0,20924943000.0,328278000.0,1,7f5b6f7e-1c2d-4a4e-9a51-3a3f1d3c0a01
f4f0bb8f-3ff8-4e50-9f5a-600c00ce26a7,218bf379-7f6a-41d2-a573-baa2e65beb9f,9a1de644-815e-46d1-bb8f-aa1837f8a88b,3b0b0e6c-5a36-4b8e-8c1e-0d7c5e2f9a11,23.5,325900000.0,7658650000.0,259377000.0,7399273000.0,314440000.0,1,7f5b6f7e-1c2d-4a4e-9a51-3a3f1d3c0a01
183e31e1-0aae-4c04-bb7e-f22aa7143a65,218bf379-7f6a-41d2-a573-baa2e65beb9f,17fc695a-07a0-4a6e-8822-e8f36c031199,3b0b0e6c-5a36-4b8e-8c1e-0d7c5e2f9a11,51.5,336600000.0,17334900000.0,587085000.0,16747815000.0,321827000.0,2,7f5b6f7e-1c2d-4a4e-9a51-3a3f1d3c0a01
73214d6f-5591-4ba8-9d93-a1f1664a30b0,da227292-0933-40d9-b8da-2f8714ade547,bd9c66b3-ad3c-4d6d-9a3d-1fa7bc8960a9,3b0b0e6c-5a36-4b8e-8c1e-0d7c5e2f9a11,30.0,338000000.0,10140000000.0,520591000.0,9619409000.0,315188000.0,1,7f5b6f7e-1c2d-4a4e-9a51-3a3f1d3c0a01
874cd774-cbe5-4ef8-bbfa-b815853d5fa1,b358d767-19e1-4386-904e-09ea7c7848f7,9a1de644-815e-46d1-bb8f-aa1837f8a88b,3b0b0e6c-5a36-4b8e-8c1e-0d7c5e2f9a11,14.5,345900000.0,5015550000.0,164918000.0,4850632000.0,325474000.0,1,7f5b6f7e-1c2d-4a4e-9a51-3a3f1d3c0a01
e380af64-5d05-4bb2-b395-072487b24771,b358d767-19e1-4386-904e-09ea7c7848f7,972a8469-1641-4f82-8b9d-2434e465e150,3b0b0e6c-5a36-4b8e-8c1e-0d7c5e2f9a11,7.0,353900000.0,2477300000.0,81457000.0,2395843000.0,329962000.0,2,7f5b6f7e-1c2d-4a4e-9a51-3a3f1d3c0a01
d9d0744c-a3d2-4357-9986-63ca261ef842,b358d767-19e1-4386-904e-09ea7c7848f7,bdd640fb-0667-4ad1-9c80-317fa3b1799d,3b0b0e6c-5a36-4b8e-8c1e-0d7c5e2f9a11,23.5,375700000.0,8828950000.0,290308000.0,8538642000.0,348381000.0,3,7f5b6f7e-1c2d-4a4e-9a51-3a3f1d3c0a01
2a560655-bf0e-4b60-ae46-66d290b0a83f,b9dd7975-048b-4f14-87a8-cc6292251425,1a2a73ed-562b-4f79-8374-59eef50bea63,3b0b0e6c-5a36-4b8e-8c1e-0d7c5e2f9a11,60.0,474200000.0,28452000000.0,1119004000.0,27332996000.0,420135000.0,1,7f5b6f7e-1c2d-4a4e-9a51-3a3f1d3c0a01
dca67878-9d99-45fe-981f-5b913cdd67eb,b9dd7975-048b-4f14-87a8-cc6292251425,5be6128e-18c2-4797-a142-ea7d17be3111,3b0b0e6c-5a36-4b8e-8c1e-0d7c5e2f9a11,30.0,461700000.0,13851000000.0,544753000.0,13306247000.0,425222000.0,2,7f5b6f7e-1c2d-4a4e-9a51-3a3f1d3c0a01
ff442d79-9761-4ee3-970d-05b31ff14daa,57cfb752-23a8-4063-8899-2edaf475b0c7,759cde66-bacf-43d0-8b1f-9163ce9ff57f,3b0b0e6c-5a36-4b8e-8c1e-0d7c5e2f9a11,85.0,504500000.0,42882500000.0,1902661000.0,40979839000.0,475216000.0,1,7f5b6f7e-1c2d-4a4e-9a51-3a3f1d3c0a01
b4d7904a-d773-47e4-9671-af978719c220,aae82999-36b1-4b7b-99e6-266a7dbfb504,4b0dbb41-8d52-48f1-942c-3fe860e7a113,3b0b0e6c-5a36-4b8e-8c1e-0d7c5e2f9a11,35.0,623600000.0,21826000000.0,296719000.0,21529281000.0,535071000.0,1,7f5b6f7e-1c2d-4a4e-9a51-3a3f1d3c0a01
615a0a6b-25e1-4e3e-9462-f1f03be89d88,34f406c7-1314-4259-94e4-7f35f7e9d527,e2acf72f-9e57-4f7a-a0ee-89aed453dd32,3b0b0e6c-5a36-4b8e-8c1e-0d7c5e2f9a11,20.0,627000000.0,12540000000.0,275556000.0,12264444000.0,548788000.0,1,7f5b6f7e-1c2d-4a4e-9a51-3a3f1d3c0a01
84b2da08-b1a2-44df-944f-846669f80d42,5431493a-1efc-4823-8385-392ab3995d15,5be6128e-18c2-4797-a142-ea7d17be3111,3b0b0e6c-5a36-4b8e-8c1e-0d7c5e2f9a11,50.5,430400000.0,21735200000.0,503603000.0,21231597000.0,396640000.0,1,7f5b6f7e-1c2d-4a4e-9a51-3a3f1d3c0a01
831d1ce6-39f6-4cd6-8e0a-5b4afe546646,5431493a-1efc-4823-8385-392ab3995d15,1a2a73ed-562b-4f79-8374-59eef50bea63,3b0b0e6c-5a36-4b8e-8c1e-0d7c5e2f9a11,67.5,435900000.0,29423250000.0,681735000.0,28741515000.0,400525000.0,2,7f5b6f7e-1c2d-4a4e-9a51-3a3f1d3c0a01
121ad00f-4880-4a69-b6ca-eb438e0ba093,5431493a-1efc-4823-8385-392ab3995d15,43b7a3a6-9a8d-4a03-980d-7b71d8f56413,3b0b0e6c-5a36-4b8e-8c1e-0d7c5e2f9a11,32.0,447200000.0,14310400000.0,331571000.0,13978829000.0,413845000.0,3,7f5b6f7e-1c2d-4a4e-9a51-3a3f1d3c0a01
1e8f2611-4061-477d-98c1-2bd02c32132a,83bdf86d-0aed-41dd-bf51-c23580423b76,9a1de644-815e-46d1-bb8f-aa1837f8a88b,3b0b0e6c-5a36-4b8e-8c1e-0d7c5e2f9a11,180.0,345900000.0,62262000000.0,1456581000.0,60805419000.0,325474000.0,1,7f5b6f7e-1c2d-4a4e-9a51-3a3f1d3c0a01
13288a16-27fa-45b3-bc4b-858d180d70f3,363bb3f5-5122-4914-a456-19e23d6d4458,1a2a73ed-562b-4f79-8374-59eef50bea63,3b0b0e6c-5a36-4b8e-8c1e-0d7c5e2f9a11,86.5,474200000.0,41018300000.0,1033270000.0,39985030000.0,420135000.0,1,7f5b6f7e-1c2d-4a4e-9a51-3a3f1d3c0a01
cc9191de-b8eb-4150-b80c-a638fd4e91b0,363bb3f5-5122-4914-a456-19e23d6d4458,5be6128e-18c2-4797-a142-ea7d17be3111,3b0b0e6c-5a36-4b8e-8c1e-0d7c5e2f9a11,63.5,461700000.0,29317950000.0,738533000.0,28579417000.0,425222000.0,2,7f5b6f7e-1c2d-4a4e-9a51-3a3f1d3c0a01
b793124c-29cf-451b-913c-9933414eb97a,2741316e-cd3f-46ca-80c8-295733418b4a,c241330b-01a9-471f-9e8a-774bcf36d58b,3b0b0e6c-5a36-4b8e-8c1e-0d7c5e2f9a11,74.5,558100000.0,41578450000.0,1035241000.0,40543209000.0,501512000.0,1,7f5b6f7e-1c2d-4a4e-9a51-3a3f1d3c0a01
69c1b969-cee9-49b5-ba57-45bb227d8e0e,2741316e-cd3f-46ca-80c8-295733418b4a,47378190-96da-4dac-b2ff-5d2a386ecbe0,3b0b0e6c-5a36-4b8e-8c1e-0d7c5e2f9a11,20.5,518900000.0,10637450000.0,264857000.0,10372593000.0,469395000.0,2,7f5b6f7e-1c2d-4a4e-9a51-3a3f1d3c0a01
f67693c1-a9ec-4fbb-bfb5-f09473f520f7,5e4b21f4-41a0-4c34-8959-d749b60b451b,bd9c66b3-ad3c-4d6d-9a3d-1fa7bc8960a9,3b0b0e6c-5a36-4b8e-8c1e-0d7c5e2f9a11,10.5,338000000.0,3549000000.0,66616000.0,3482384000.0,315188000.0,1,7f5b6f7e-1c2d-4a4e-9a51-3a3f1d3c0a01
ace1345a-ae20-4363-8d77-b32c41d6f9f2,5e4b21f4-41a0-4c34-8959-d749b60b451b,17fc695a-07a0-4a6e-8822-e8f36c031199,3b0b0e6c-5a36-4b8e-8c1e-0d7c5e2f9a11,14.5,337600000.0,4895200000.0,91885000.0,4803315000.0,314721000.0,2,7f5b6f7e-1c2d-4a4e-9a51-3a3f1d3c0a01
80803370-e2c2-448f-ac4b-cbf0f34a4cb5,97d13e79-af3d-420e-ab79-956b09c32d5c,43b7a3a6-9a8d-4a03-980d-7b71d8f56413,3b0b0e6c-5a36-4b8e-8c1e-0d7c5e2f9a11,10.0,447200000.0,4472000000.0,90781000.0,4381219000.0,413845000.0,1,7f5b6f7e-1c2d-4a4e-9a51-3a3f1d3c0a01
cc34ec4f-564f-4123-b2ed-7828aef3b4dd,414266ac-730b-4f6c-a5aa-da14308e1820,1a2a73ed-562b-4f79-8374-59eef50bea63,3b0b0e6c-5a36-4b8e-8c1e-0d7c5e2f9a11,35.0,452700000.0,15844500000.0,373517000.0,15470983000.0,403208000.0,1,7f5b6f7e-1c2d-4a4e-9a51-3a3f1d3c0a01
9de71099-0471-4230-9977-cd87b0617e07,7c46c840-afe3-41b7-b98b-8c245c1d67d2,43b7a3a6-9a8d-4a03-980d-7b71d8f56413,3b0b0e6c-5a36-4b8e-8c1e-0d7c5e2f9a11,27.0,553900000.0,14955300000.0,310992000.0,14644308000.0,502645000.0,1,7f5b6f7e-1c2d-4a4e-9a51-3a3f1d3c0a01
4f24d74a-f2ff-4797-96b5-c3d740652405,7c46c840-afe3-41b7-b98b-8c245c1d67d2,1a2a73ed-562b-4f79-8374-59eef50bea63,3b0b0e6c-5a36-4b8e-8c1e-0d7c5e2f9a11,28.0,544800000.0,15254400000.0,317212000.0,14937188000.0,490620000.0,2,7f5b6f7e-1c2d-4a4e-9a51-3a3f1d3c0a01
6d2f8205-72aa-4e4d-b4aa-ae3290337d45,70b2938b-cfd4-4e2b-b416-f7157ccc98be,47378190-96da-4dac-b2ff-5d2a386ecbe0,3b0b0e6c-5a36-4b8e-8c1e-0d7c5e2f9a11,120.0,412100000.0,49452000000.0,1627054000.0,47824946000.0,371490000.0,1,7f5b6f7e-1c2d-4a4e-9a51-3a3f1d3c0a01
c8a35f1c-9a0a-4b9d-afb9-259f565aa1e9,94455558-4763-4bc5-8231-3a174fd609a6,c241330b-01a9-471f-9e8a-774bcf36d58b,3b0b0e6c-5a36-4b8e-8c1e-0d7c5e2f9a11,105.0,450600000.0,47313000000.0,1147052000.0,46165948000.0,402234000.0,1,7f5b6f7e-1c2d-4a4e-9a51-3a3f1d3c0a01
e90c0e32-5f19-40b1-bb9f-35c9616d3315,0c961133-a70b-4836-b28b-06bf2bb7a3ed,5be6128e-18c2-4797-a142-ea7d17be3111,3b0b0e6c-5a36-4b8e-8c1e-0d7c5e2f9a11,474.5,459700000.0,218127650000.0,7695641000.0,210432009000.0,416620000.0,1,7f5b6f7e-1c2d-4a4e-9a51-3a3f1d3c0a01
a13cf311-5b94-49f2-b61f-bf5738a6a574,0c961133-a70b-4836-b28b-06bf2bb7a3ed,1a2a73ed-562b-4f79-8374-59eef50bea63,3b0b0e6c-5a36-4b8e-8c1e-0d7c5e2f9a11,85.5,454200000.0,38834100000.0,1370084000.0,37464016000.0,426795000.0,2,7f5b6f7e-1c2d-4a4e-9a51-3a3f1d3c0a01
5a418e1b-2730-4e09-9eb5-f4ccb8c8a04a,f87fd2c6-cd4a-4062-843b-48f7a603949f,9a1de644-815e-46d1-bb8f-aa1837f8a88b,3b0b0e6c-5a36-4b8e-8c1e-0d7c5e2f9a11,110.0,348100000.0,38291000000.0,880262000.0,37410738000.0,313786000.0,1,7f5b6f7e-1c2d-4a4e-9a51-3a3f1d3c0a01
7d8e32c2-af92-4ea8-b5b6-abc8442b3f6f,735f79c2-7e85-43cf-98f3-b4a1e3b0391f,371ecd7b-27cd-4130-8722-9389571aa876,3b0b0e6c-5a36-4b8e-8c1e-0d7c5e2f9a11,205.0,512700000.00000006,105103500000.00002,2191611000.0,102911889000.00002,468206000.0,1,7f5b6f7e-1c2d-4a4e-9a51-3a3f1d3c0a01
d4cbafe2-c2b9-481a-9261-500f4a6c2703,8e385046-e619-49d5-909c-f306dea0d7fe,ddd1dfb2-3b98-4ef8-9af6-1a26146d3f31,3b0b0e6c-5a36-4b8e-8c1e-0d7c5e2f9a11,140.0,428300000.0,59962000000.0,1913853000.0,58048147000.0,385776000.0,1,7f5b6f7e-1c2d-4a4e-9a51-3a3f1d3c0a01
6ef7765c-bbb4-4b62-93d9-2099d3c2b287,d1cb28f9-1397-49b9-9427-41d91b3d6222,bd9c66b3-ad3c-4d6d-9a3d-1fa7bc8960a9,3b0b0e6c-5a36-4b8e-8c1e-0d7c5e2f9a11,45.0,361500000.0,16267500000.0,425209000.0,15842291000.0,334824000.0,1,7f5b6f7e-1c2d-4a4e-9a51-3a3f1d3c0a01
0b90c577-dad2-4d35-b15a-c250f0d98257,644d0602-b44e-4c06-a585-ec5070015680,9a1de644-815e-46d1-bb8f-aa1837f8a88b,3b0b0e6c-5a36-4b8e-8c1e-0d7c5e2f9a11,85.0,416900000.0,35436500000.0,1082761000.0,34353739000.0,382602000.0,1,7f5b6f7e-1c2d-4a4e-9a51-3a3f1d3c0a01
0c0ac1cd-d3fb-4da0-8637-253b96be40cd,89251674-df74-4cbc-9308-bbd069aa30b3,43b7a3a6-9a8d-4a03-980d-7b71d8f56413,3b0b0e6c-5a36-4b8e-8c1e-0d7c5e2f9a11,235.0,458000000.0,107630000000.0,2217213000.0,105412787000.0,409220000.0,1,7f5b6f7e-1c2d-4a4e-9a51-3a3f1d3c0a01
04949b70-9383-417c-a58d-de3399ca9bab,c23963a2-dcd9-437a-afa6-147f696ae564,1a2a73ed-562b-4f79-8374-59eef50bea63,3b0b0e6c-5a36-4b8e-8c1e-0d7c5e2f9a11,76.5,435900000.0,33346350000.0,1045234000.0,32301116000.0,400525000.0,1,7f5b6f7e-1c2d-4a4e-9a51-3a3f1d3c0a01
569008c6-e196-4cb3-8c9b-9718625052e8,c23963a2-dcd9-437a-afa6-147f696ae564,43b7a3a6-9a8d-4a03-980d-7b71d8f56413,3b0b0e6c-5a36-4b8e-8c1e-0d7c5e2f9a11,108.5,447200000.0,48521200000.0,1520887000.0,47000313000.0,413845000.0,2,7f5b6f7e-1c2d-4a4e-9a51-3a3f1d3c0a01
0ceeaf2e-4a9c-455b-97df-3b868e4c8ed9,355d3e0c-c631-4191-ab51-ac472ccbad70,6c307511-b2b9-437a-a8df-6ec4ce4a2bbd,3b0b0e6c-5a36-4b8e-8c1e-0d7c5e2f9a11,280.0,508000000.0,142240000000.0,3648307000.0,138591693000.0,459879000.0,1,7f5b6f7e-1c2d-4a4e-9a51-3a3f1d3c0a01
2b27a7ee-3419-4c02-836c-b6aba177d332,882a2c77-73da-4d0d-8501-60f6bfa044f6,b74d0fb1-32e7-4629-8fad-c1a606cb0fb3,3b0b0e6c-5a36-4b8e-8c1e-0d7c5e2f9a11,16.0,531200000.00000006,8499200000.000001,151398000.0,8347802000.000001,475434000.0,1,7f5b6f7e-1c2d-4a4e-9a51-3a3f1d3c0a01
74782cd0-6737-4189-ab6c-d75104c9c6de,882a2c77-73da-4d0d-8501-60f6bfa044f6,371ecd7b-27cd-4130-8722-9389571aa876,3b0b0e6c-5a36-4b8e-8c1e-0d7c5e2f9a11,24.0,512700000.00000006,12304800000.000002,219188000.0,12085612000.000002,468206000.0,2,7f5b6f7e-1c2d-4a4e-9a51-3a3f1d3c0a01
ff12a852-ab18-460a-be31-f9b48d46e7a1,be04e89f-6a8e-49aa-a9c1-a0c63818a9bd,371ecd7b-27cd-4130-8722-9389571aa876,3b0b0e6c-5a36-4b8e-8c1e-0d7c5e2f9a11,38.0,429600000.0,16324800000.0,431366000.0,15893434000.0,393633000.0,1,7f5b6f7e-1c2d-4a4e-9a51-3a3f1d3c0a01
a88527b3-02dd-4a24-a23f-612e900f1614,be04e89f-6a8e-49aa-a9c1-a0c63818a9bd,6b65a6a4-8b81-48f6-b38a-088ca65ed389,3b0b0e6c-5a36-4b8e-8c1e-0d7c5e2f9a11,47.0,438300000.0,20600100000.0,544337000.0,20055763000.0,393816000.0,2,7f5b6f7e-1c2d-4a4e-9a51-3a3f1d3c0a01
c78938b3-4655-42dc-baaf-77cedc8edb94,ad2bba41-ad2d-4ccf-876e-926aa67e3a42,371ecd7b-27cd-4130-8722-9389571aa876,3b0b0e6c-5a36-4b8e-8c1e-0d7c5e2f9a11,80.0,429600000.0,34368000000.0,868793000.0,33499207000.0,393633000.0,1,7f5b6f7e-1c2d-4a4e-9a51-3a3f1d3c0a01
15ed77cd-3e6d-4ce2-ab37-6ab7babe7a22,b09d01d5-164c-433f-898f-3d3106b78e90,759cde66-bacf-43d0-8b1f-9163ce9ff57f,3b0b0e6c-5a36-4b8e-8c1e-0d7c5e2f9a11,10.5,532799999.99999994,5594399999.999999,138432000.0,5455967999.999999,462184000.0,1,7f5b6f7e-1c2d-4a4e-9a51-3a3f1d3c0a01
dfc06491-9432-4c3a-9f5a-d10524dbb888,b09d01d5-164c-433f-898f-3d3106b78e90,ec1b8ca1-f91e-4d4c-9ff4-9b7889463e85,3b0b0e6c-5a36-4b8e-8c1e-0d7c5e2f9a11,24.5,517500000.0,12678750000.0,313733000.0,12365017000.0,452500000.0,2,7f5b6f7e-1c2d-4a4e-9a51-3a3f1d3c0a01
260c0996-0236-4bce-9c85-d7602942e130,173a3df3-1e09-44d7-9418-6637ad7a263c,ec1b8ca1-f91e-4d4c-9ff4-9b7889463e85,3b0b0e6c-5a36-4b8e-8c1e-0d7c5e2f9a11,18.0,626100000.0,11269800000.0,268292000.0,11001508000.0,562910000.0,1,7f5b6f7e-1c2d-4a4e-9a51-3a3f1d3c0a01
54f97911-19ec-4847-bcb2-88a6e9765062,173a3df3-1e09-44d7-9418-6637ad7a263c,759cde66-bacf-43d0-8b1f-9163ce9ff57f,3b0b0e6c-5a36-4b8e-8c1e-0d7c5e2f9a11,32.0,645500000.0,20656000000.0,491742000.0,20164258000.0,580920000.0,2,7f5b6f7e-1c2d-4a4e-9a51-3a3f1d3c0a01
c2e9ef80-f16d-4299-b985-4988e3d7fad4,c6cbe354-2bec-4f35-9a36-29b36e5da5ff,1a2a73ed-562b-4f79-8374-59eef50bea63,3b0b0e6c-5a36-4b8e-8c1e-0d7c5e2f9a11,128.0,433000000.0,55424000000.0,1202819000.0,54221181000.0,412272000.0,1,7f5b6f7e-1c2d-4a4e-9a51-3a3f1d3c0a01
14d0a98b-dbf5-4d48-966e-74686b6ff3b8,c6cbe354-2bec-4f35-9a36-29b36e5da5ff,5be6128e-18c2-4797-a142-ea7d17be3111,3b0b0e6c-5a36-4b8e-8c1e-0d7c5e2f9a11,147.0,428800000.0,63033600000.0,1367964000.0,61665636000.0,408295000.0,2,7f5b6f7e-1c2d-4a4e-9a51-3a3f1d3c0a01
913c6d76-0aa3-4947-bf80-7e44853d2de8,7e4531d3-e0cd-49fe-8c20-1367812c5ef8,4b0dbb41-8d52-48f1-942c-3fe860e7a113,3b0b0e6c-5a36-4b8e-8c1e-0d7c5e2f9a11,205.0,631800000.0,129519000000.0,3088333000.0,126430667000.0,551886000.0,1,7f5b6f7e-1c2d-4a4e-9a51-3a3f1d3c0a01
1d696ae7-93cf-49fa-bd17-173780c47760,4562f4ff-3aee-4f98-8b6b-e9a8be41bd59,43b7a3a6-9a8d-4a03-980d-7b71d8f56413,3b0b0e6c-5a36-4b8e-8c1e-0d7c5e2f9a11,110.0,543400000.0,59774000000.0,1563486000.0,58210514000.0,485070000.0,1,7f5b6f7e-1c2d-4a4e-9a51-3a3f1d3c0a01
c42a2d69-9403-4194-bcb5-fde733b693ad,d5e155b9-9e20-4f16-a246-4b1012592fa3,4b0dbb41-8d52-48f1-942c-3fe860e7a113,3b0b0e6c-5a36-4b8e-8c1e-0d7c5e2f9a11,48.0,753600000.0,36172800000.0,1061042000.0,35111758000.0,664458000.0,1,7f5b6f7e-1c2d-4a4e-9a51-3a3f1d3c0a01
11252a3c-3608-4873-b7d8-82edfe218e8c,d5e155b9-9e20-4f16-a246-4b1012592fa3,e2acf72f-9e57-4f7a-a0ee-89aed453dd32,3b0b0e6c-5a36-4b8e-8c1e-0d7c5e2f9a11,42.0,730300000.0,30672600000.0,899707000.0,29772893000.0,654369000.0,2,7f5b6f7e-1c2d-4a4e-9a51-3a3f1d3c0a01
3c1f10f6-5f31-4fb1-ac7c-ae18b22bfe2d,6738dcbc-7ee2-4ae4-8813-e2d9cf4d7a3e,43b7a3a6-9a8d-4a03-980d-7b71d8f56413,3b0b0e6c-5a36-4b8e-8c1e-0d7c5e2f9a11,36.5,568400000.0,20746600000.0,443593000.0,20303007000.0,518092000.0,1,7f5b6f7e-1c2d-4a4e-9a51-3a3f1d3c0a01
41a5e08f-4ded-4b45-a625-512cd7de40ea,6738dcbc-7ee2-4ae4-8813-e2d9cf4d7a3e,1a2a73ed-562b-4f79-8374-59eef50bea63,3b0b0e6c-5a36-4b8e-8c1e-0d7c5e2f9a11,38.5,549100000.0,21140350000.0,452012000.0,20688338000.0,497002000.0,2,7f5b6f7e-1c2d-4a4e-9a51-3a3f1d3c0a01
cd25ec88-8a6f-437b-a8ab-a1bbdb06609a,24d6a670-e802-4ab4-81f8-2a40d378f206,43b7a3a6-9a8d-4a03-980d-7b71d8f56413,3b0b0e6c-5a36-4b8e-8c1e-0d7c5e2f9a11,45.0,584500000.0,26302500000.0,649776000.0,25652724000.0,525770000.0,1,7f5b6f7e-1c2d-4a4e-9a51-3a3f1d3c0a01
49affa28-f327-4741-8469-84290a045514,dcccc091-6113-4e85-acd0-5a81aee20010,b74d0fb1-32e7-4629-8fad-c1a606cb0fb3,3b0b0e6c-5a36-4b8e-8c1e-0d7c5e2f9a11,70.0,417600000.0,29232000000.0,1080699000.0,28151301000.0,399306000.0,1,7f5b6f7e-1c2d-4a4e-9a51-3a3f1d3c0a01
ae8120e7-ae7c-4fc4-b612-1caaca66e6e0,80e37edc-05b4-4ddb-8f74-907dd4b9a48a,972a8469-1641-4f82-8b9d-2434e465e150,3b0b0e6c-5a36-4b8e-8c1e-0d7c5e2f9a11,65.0,352900000.0,22938500000.0,680832000.0,22257668000.0,318368000.0,1,7f5b6f7e-1c2d-4a4e-9a51-3a3f1d3c0a01
c02993a7-f8cc-4c58-9f17-58dbc59e35c3,a82a61f3-0e3a-41fa-9fa3-b37a2c772ccb,5be6128e-18c2-4797-a142-ea7d17be3111,3b0b0e6c-5a36-4b8e-8c1e-0d7c5e2f9a11,55.0,501400000.0,27577000000.0,248173000.0,27328827000.0,427072000.0,1,7f5b6f7e-1c2d-4a4e-9a51-3a3f1d3c0a01
e838eb7c-f6de-4817-b616-477576624c10,2e4a333a-0229-44ea-b778-a41babd0fccb,371ecd7b-27cd-4130-8722-9389571aa876,3b0b0e6c-5a36-4b8e-8c1e-0d7c5e2f9a11,45.0,511700000.0,23026500000.0,429421000.0,22597079000.0,453748000.0,1,7f5b6f7e-1c2d-4a4e-9a51-3a3f1d3c0a01
8972af6e-a403-4ab9-9032-08698e1ad051,c1664600-5a55-4642-806d-a9360e51bbc3,371ecd7b-27cd-4130-8722-9389571aa876,3b0b0e6c-5a36-4b8e-8c1e-0d7c5e2f9a11,21.5,475700000.0,10227550000.0,261702000.0,9965848000.0,403058000.0,1,7f5b6f7e-1c2d-4a4e-9a51-3a3f1d3c0a01
b02d66eb-6325-4dfd-b033-a20982992e9b,c1664600-5a55-4642-806d-a9360e51bbc3,6b65a6a4-8b81-48f6-b38a-088ca65ed389,3b0b0e6c-5a36-4b8e-8c1e-0d7c5e2f9a11,12.5,488200000.0,6102500000.0,156150000.0,5946350000.0,408548000.0,2,7f5b6f7e-1c2d-4a4e-9a51-3a3f1d3c0a01
e4911ed8-eb40-4bd6-aa5d-783ac999aee8,c1664600-5a55-4642-806d-a9360e51bbc3,47378190-96da-4dac-b2ff-5d2a386ecbe0,3b0b0e6c-5a36-4b8e-8c1e-0d7c5e2f9a11,16.0,480800000.0,7692800000.0,196843000.0,7495957000.0,410378000.0,3,7f5b6f7e-1c2d-4a4e-9a51-3a3f1d3c0a01
55cdcf35-0ff7-4666-915e-84d78a7b2e9e,a4b0ef52-00db-421d-9af2-01cab36e38c1,43b7a3a6-9a8d-4a03-980d-7b71d8f56413,3b0b0e6c-5a36-4b8e-8c1e-0d7c5e2f9a11,19.0,553900000.0,10524100000.0,212690000.0,10311410000.0,502645000.0,1,7f5b6f7e-1c2d-4a4e-9a51-3a3f1d3c0a01
483ad594-418e-4742-8ff2-6636de6fe2ee,a4b0ef52-00db-421d-9af2-01cab36e38c1,5be6128e-18c2-4797-a142-ea7d17be3111,3b0b0e6c-5a36-4b8e-8c1e-0d7c5e2f9a11,6.0,531700000.00000006,3190200000.0000005,64473000.0,3125727000.0000005,480908000.0,2,7f5b6f7e-1c2d-4a4e-9a51-3a3f1d3c0a01
45e38d54-513c-421b-a4a3-2338f5f4bfc5,bff057fe-a445-4e05-90d8-25a459115240,23b8c1e9-3924-46de-beb1-3b9046685257,3b0b0e6c-5a36-4b8e-8c1e-0d7c5e2f9a11,80.0,426700000.0,34136000000.0,532302000.0,33603698000.0,396253000.0,1,7f5b6f7e-1c2d-4a4e-9a51-3a3f1d3c0a01
bf71b0a0-d2f8-4c2d-bd64-9f3e502afb6b,aa8f800f-bccf-4735-9670-54b3a50a9c1c,23b8c1e9-3924-46de-beb1-3b9046685257,3b0b0e6c-5a36-4b8e-8c1e-0d7c5e2f9a11,64.5,431400000.0,27825300000.0,207227000.0,27618073000.0,398964000.0,1,7f5b6f7e-1c2d-4a4e-9a51-3a3f1d3c0a01
6883e147-8518-466d-854e-574cd356d7ef,aa8f800f-bccf-4735-9670-54b3a50a9c1c,9a1de644-815e-46d1-bb8f-aa1837f8a88b,3b0b0e6c-5a36-4b8e-8c1e-0d7c5e2f9a11,30.5,416900000.0,12715450000.0,94697000.0,12620753000.0,382602000.0,2,7f5b6f7e-1c2d-4a4e-9a51-3a3f1d3c0a01
49a7f1b1-d71b-46de-86d4-49938031ad2b,bb504241-c9ee-4477-b176-581a5fedd8ff,5be6128e-18c2-4797-a142-ea7d17be3111,3b0b0e6c-5a36-4b8e-8c1e-0d7c5e2f9a11,35.0,461700000.0,16159500000.0,340800000.0,15818700000.0,425222000.0,1,7f5b6f7e-1c2d-4a4e-9a51-3a3f1d3c0a01
a2fa40d3-7eef-4e66-8caf-7057a686a61f,eebbd54d-e78d-4007-be88-e2af2f970fe2,23b8c1e9-3924-46de-beb1-3b9046685257,3b0b0e6c-5a36-4b8e-8c1e-0d7c5e2f9a11,11.0,420100000.0,4621100000.0,130633000.0,4490467000.0,377834000.0,1,7f5b6f7e-1c2d-4a4e-9a51-3a3f1d3c0a01
0dbbbae0-3680-4b6d-a75a-6a1a8b8e3f24,eebbd54d-e78d-4007-be88-e2af2f970fe2,bdd640fb-0667-4ad1-9c80-317fa3b1799d,3b0b0e6c-5a36-4b8e-8c1e-0d7c5e2f9a11,49.0,427500000.0,20947500000.0,592161000.0,20355339000.0,385874000.0,2,7f5b6f7e-1c2d-4a4e-9a51-3a3f1d3c0a01
660d77ff-3654-4cf3-a08e-a67ac884ad42,036fd954-bafd-475d-ad14-231f29efb05f,6b65a6a4-8b81-48f6-b38a-088ca65ed389,3b0b0e6c-5a36-4b8e-8c1e-0d7c5e2f9a11,70.0,512500000.0,35875000000.0,295362000.0,35579638000.0,459879000.0,1,7f5b6f7e-1c2d-4a4e-9a51-3a3f1d3c0a01
6e9aeaf0-6913-41cb-a257-faf61ca2c76f,5d1071b8-9c18-411c-b4e5-52d8619691fe,23b8c1e9-3924-46de-beb1-3b9046685257,3b0b0e6c-5a36-4b8e-8c1e-0d7c5e2f9a11,120.0,426700000.0,51204000000.0,730090000.0,50473910000.0,396253000.0,1,7f5b6f7e-1c2d-4a4e-9a51-3a3f1d3c0a01
1e79c42c-d7ff-4ae4-99c2-24b0ac580761,a6e68db8-d9d9-4d7d-88ea-687b5fa1c4f4,43b7a3a6-9a8d-4a03-980d-7b71d8f56413,3b0b0e6c-5a36-4b8e-8c1e-0d7c5e2f9a11,70.0,484700000.0,33929000000.0,402735000.0,33526265000.0,430218000.0,1,7f5b6f7e-1c2d-4a4e-9a51-3a3f1d3c0a01
d213424a-838b-4134-a15f-10ee6c91501c,f420f4cf-bfb7-469c-ab92-6e59c241e005,b74d0fb1-32e7-4629-8fad-c1a606cb0fb3,3b0b0e6c-5a36-4b8e-8c1e-0d7c5e2f9a11,25.0,519600000.0,12990000000.0,139651000.0,12850349000.0,467199000.0,1,7f5b6f7e-1c2d-4a4e-9a51-3a3f1d3c0a01
9b36ec53-b923-4890-989d-8ad01e33f444,ff6c058f-a631-4506-8e35-f691ba8a4581,371ecd7b-27cd-4130-8722-9389571aa876,3b0b0e6c-5a36-4b8e-8c1e-0d7c5e2f9a11,55.0,440500000.0,24227500000.0,717139000.0,23510361000.0,393084000.0,1,7f5b6f7e-1c2d-4a4e-9a51-3a3f1d3c0a01
dceddedc-843c-49f4-a1ea-a0e75478fabd,e79e0515-87c3-4868-a9f2-45c1be9f8afd,9a1de644-815e-46d1-bb8f-aa1837f8a88b,3b0b0e6c-5a36-4b8e-8c1e-0d7c5e2f9a11,55.0,345900000.0,19024500000.0,297443000.0,18727057000.0,325474000.0,1,7f5b6f7e-1c2d-4a4e-9a51-3a3f1d3c0a01
21aa6694-eed0-4f87-a79b-eb3e049d2c1b,44220cc1-e90b-4ca0-9d53-ed8a61e98721,3139d32c-93cd-49bf-9c94-1cf0dc98d2c1,3b0b0e6c-5a36-4b8e-8c1e-0d7c5e2f9a11,13.0,548100000.0,7125300000.0,131312000.0,6993988000.0,456450000.0,1,7f5b6f7e-1c2d-4a4e-9a51-3a3f1d3c0a01
17c381e2-5044-454f-b78b-44d8af84f87e,44220cc1-e90b-4ca0-9d53-ed8a61e98721,fc377a4c-4a15-444d-85e7-ce8a3a578a8e,3b0b0e6c-5a36-4b8e-8c1e-0d7c5e2f9a11,30.5,560600000.0,17098300000.0,315105000.0,16783195000.0,463610000.0,2,7f5b6f7e-1c2d-4a4e-9a51-3a3f1d3c0a01
16263361-09e4-4c4e-8ad2-48b138dbc21c,44220cc1-e90b-4ca0-9d53-ed8a61e98721,a9488d99-0bbb-4599-91ce-5dd2b45ed1f0,3b0b0e6c-5a36-4b8e-8c1e-0d7c5e2f9a11,7.0,546000000.0,3822000000.0,70436000.0,3751564000.0,445889000.0,3,7f5b6f7e-1c2d-4a4e-9a51-3a3f1d3c0a01
6aa2597e-2da1-42c6-93fa-90a2a6e450c6,ce37b5ab-ebd9-4471-9713-f2219da5d4e9,47378190-96da-4dac-b2ff-5d2a386ecbe0,3b0b0e6c-5a36-4b8e-8c1e-0d7c5e2f9a11,20.0,495700000.0,9914000000.0,31131000.0,9882869000.0,439932000.0,1,7f5b6f7e-1c2d-4a4e-9a51-3a3f1d3c0a01
7ac3f810-c8e1-4932-ab3f-af035b86c892,50f837da-076d-4e79-aa8b-c2fff935d06e,6b65a6a4-8b81-48f6-b38a-088ca65ed389,3b0b0e6c-5a36-4b8e-8c1e-0d7c5e2f9a11,50.0,536200000.00000006,26810000000.000004,312643000.0,26497357000.000004,475342000.0,1,7f5b6f7e-1c2d-4a4e-9a51-3a3f1d3c0a01
41c89865-ee9f-4c95-bdaa-6c404302f07a,3a5116c6-4730-4da9-a8b6-bdda07730ce9,5be6128e-18c2-4797-a142-ea7d17be3111,3b0b0e6c-5a36-4b8e-8c1e-0d7c5e2f9a11,195.0,459700000.0,89641500000.0,2078197000.0,87563303000.0,416620000.0,1,7f5b6f7e-1c2d-4a4e-9a51-3a3f1d3c0a01
7682635d-bb8f-45f2-b8e9-5e154d23a0b7,3f563df6-7c2c-4cfb-8ff5-9025d143af91,47378190-96da-4dac-b2ff-5d2a386ecbe0,3b0b0e6c-5a36-4b8e-8c1e-0d7c5e2f9a11,10.5,519000000.0,5449500000.0,215465000.0,5234035000.0,453566000.0,1,7f5b6f7e-1c2d-4a4e-9a51-3a3f1d3c0a01
e1303c0a-b0b3-45df-88fa-39e0107456c6,3f563df6-7c2c-4cfb-8ff5-9025d143af91,b74d0fb1-32e7-4629-8fad-c1a606cb0fb3,3b0b0e6c-5a36-4b8e-8c1e-0d7c5e2f9a11,17.0,510600000.0,8680200000.0,343201000.0,8336999000.0,468754000.0,2,7f5b6f7e-1c2d-4a4e-9a51-3a3f1d3c0a01
f838de92-f1e4-4db5-8bc2-ea1c69a4571b,3f563df6-7c2c-4cfb-8ff5-9025d143af91,6c307511-b2b9-437a-a8df-6ec4ce4a2bbd,3b0b0e6c-5a36-4b8e-8c1e-0d7c5e2f9a11,17.5,493200000.0,8631000000.0,341256000.0,8289744000.0,435266000.0,3,7f5b6f7e-1c2d-4a4e-9a51-3a3f1d3c0a01
0f127957-f04b-4788-a95f-9ec58c65bd5c,7c9d7154-7aec-4d12-868e-16235afd6545,e2acf72f-9e57-4f7a-a0ee-89aed453dd32,3b0b0e6c-5a36-4b8e-8c1e-0d7c5e2f9a11,7.5,720700000.0,5405250000.0,137082000.0,5268168000.0,630828000.0,1,7f5b6f7e-1c2d-4a4e-9a51-3a3f1d3c0a01
4f157140-d5b4-428f-b75e-b6fd2f3be1a3,7c9d7154-7aec-4d12-868e-16235afd6545,4b0dbb41-8d52-48f1-942c-3fe860e7a113,3b0b0e6c-5a36-4b8e-8c1e-0d7c5e2f9a11,2.5,731400000.0,1828500000.0,46372000.0,1782128000.0,646846000.0,2,7f5b6f7e-1c2d-4a4e-9a51-3a3f1d3c0a01
181a4e09-05ba-43ce-92b7-270987a585c7,9f9bbd45-72bb-445a-86d8-8e2f4a84dd86,e2acf72f-9e57-4f7a-a0ee-89aed453dd32,3b0b0e6c-5a36-4b8e-8c1e-0d7c5e2f9a11,25.0,763300000.0,19082500000.0,236037000.0,18846463000.0,646316000.0,1,7f5b6f7e-1c2d-4a4e-9a51-3a3f1d3c0a01
ac4a8e6e-3d53-46c3-b3c9-fc2dfcc289ff,e0b689ab-316a-4bdf-a069-1031f3421c77,4b0dbb41-8d52-48f1-942c-3fe860e7a113,3b0b0e6c-5a36-4b8e-8c1e-0d7c5e2f9a11,25.0,750800000.0,18770000000.0,451643000.0,18318357000.0,647289000.0,1,7f5b6f7e-1c2d-4a4e-9a51-3a3f1d3c0a01
c9760a39-9cad-40f8-a681-3dfe346cb998,8adae57a-97eb-43af-8bdb-46cdd1a33312,43b7a3a6-9a8d-4a03-980d-7b71d8f56413,3b0b0e6c-5a36-4b8e-8c1e-0d7c5e2f9a11,83.0,560100000.0,46488300000.0,591259000.0,45897041000.0,512358000.0,1,7f5b6f7e-1c2d-4a4e-9a51-3a3f1d3c0a01
f89ca11b-dcd7-413b-97c4-0cf299f6cfc7,8adae57a-97eb-43af-8bdb-46cdd1a33312,1a2a73ed-562b-4f79-8374-59eef50bea63,3b0b0e6c-5a36-4b8e-8c1e-0d7c5e2f9a11,60.5,537300000.0,32506650000.0,413434000.0,32093216000.0,503940000.0,2,7f5b6f7e-1c2d-4a4e-9a51-3a3f1d3c0a01
a020556b-b630-4ac9-b789-e71bea34d70a,8adae57a-97eb-43af-8bdb-46cdd1a33312,5be6128e-18c2-4797-a142-ea7d17be3111,3b0b0e6c-5a36-4b8e-8c1e-0d7c5e2f9a11,32.0,536500000.0,17168000000.0,218350000.0,16949650000.0,491823000.0,3,7f5b6f7e-1c2d-4a4e-9a51-3a3f1d3c0a01
fc0768b4-a85a-4267-b3e8-7439f7240a2a,90370ee2-d62c-48e3-8031-abc6268c71e2,c241330b-01a9-471f-9e8a-774bcf36d58b,3b0b0e6c-5a36-4b8e-8c1e-0d7c5e2f9a11,105.0,542700000.0,56983500000.0,1272346000.0,55711154000.0,488336000.0,1,7f5b6f7e-1c2d-4a4e-9a51-3a3f1d3c0a01
a8743aeb-895a-41db-b256-1b06ab07a850,058da772-bf00-4828-93d2-bac1c8002115,ddd1dfb2-3b98-4ef8-9af6-1a26146d3f31,3b0b0e6c-5a36-4b8e-8c1e-0d7c5e2f9a11,70.0,406700000.0,28469000000.0,562964000.0,27906036000.0,373744000.0,1,7f5b6f7e-1c2d-4a4e-9a51-3a3f1d3c0a01
5cb2b47d-f217-49f5-a849-cacc8d128634,37c210b1-6c1e-419d-9810-ae278f10e1f6,e2acf72f-9e57-4f7a-a0ee-89aed453dd32,3b0b0e6c-5a36-4b8e-8c1e-0d7c5e2f9a11,30.0,730300000.0,21909000000.0,423075000.0,21485925000.0,654369000.0,1,7f5b6f7e-1c2d-4a4e-9a51-3a3f1d3c0a01
fe0d138e-18fe-4d54-923d-5742331e5173,934ea68c-4ed7-448c-a58e-f051697222cf,1a2a73ed-562b-4f79-8374-59eef50bea63,3b0b0e6c-5a36-4b8e-8c1e-0d7c5e2f9a11,85.0,514299999.99999994,43715499999.99999,1048655000.0,42666844999.99999,438635000.0,1,7f5b6f7e-1c2d-4a4e-9a51-3a3f1d3c0a01
6ef38f00-b514-492b-bb63-74e4aa29554f,ff13c6fe-245b-4fe7-9cad-bbb7756c44c5,ddd1dfb2-3b98-4ef8-9af6-1a26146d3f31,3b0b0e6c-5a36-4b8e-8c1e-0d7c5e2f9a11,105.0,406700000.0,42703500000.0,1296647000.0,41406853000.0,373744000.0,1,7f5b6f7e-1c2d-4a4e-9a51-3a3f1d3c0a01
d244b434-de80-488d-bb6a-c759038b2881,38170f9a-2ac6-4782-8245-ae5e3d4f210c,bd9c66b3-ad3c-4d6d-9a3d-1fa7bc8960a9,3b0b0e6c-5a36-4b8e-8c1e-0d7c5e2f9a11,355.0,412300000.0,146366500000.0,3431359000.0,142935141000.0,383911000.0,1,7f5b6f7e-1c2d-4a4e-9a51-3a3f1d3c0a01
837d395a-dfd6-46b2-b9a8-6786cdb7e4bf,b9a5f42c-b463-45bc-a85a-0b92fc97c0dc,fc377a4c-4a15-444d-85e7-ce8a3a578a8e,3b0b0e6c-5a36-4b8e-8c1e-0d7c5e2f9a11,6.0,592100000.0,3552600000.0,89958000.0,3462642000.0,528587000.0,1,7f5b6f7e-1c2d-4a4e-9a51-3a3f1d3c0a01
ca577d83-141e-4d2a-8fe9-764b8ee0f8b5,b9a5f42c-b463-45bc-a85a-0b92fc97c0dc,a9488d99-0bbb-4599-91ce-5dd2b45ed1f0,3b0b0e6c-5a36-4b8e-8c1e-0d7c5e2f9a11,74.0,578500000.0,42809000000.0,1083996000.0,41725004000.0,509344000.0,2,7f5b6f7e-1c2d-4a4e-9a51-3a3f1d3c0a01
c5d5a790-5312-49fc-bc91-1754b6f93a89,9e451c2d-3a75-4327-83dc-77252869af8e,3139d32c-93cd-49bf-9c94-1cf0dc98d2c1,3b0b0e6c-5a36-4b8e-8c1e-0d7c5e2f9a11,230.0,617400000.0,142002000000.0,4678303000.0,137323697000.0,525723000.0,1,7f5b6f7e-1c2d-4a4e-9a51-3a3f1d3c0a01
37807475-03ea-47a5-a54c-02ec23040824,adfefcec-355c-46c4-96fb-114e88c674e5,ec1b8ca1-f91e-4d4c-9ff4-9b7889463e85,3b0b0e6c-5a36-4b8e-8c1e-0d7c5e2f9a11,70.0,658900000.0,46123000000.0,1622180000.0,44500820000.0,583906000.0,1,7f5b6f7e-1c2d-4a4e-9a51-3a3f1d3c0a01
f529c954-3e6c-4928-8e66-1f03159780d4,916ef72a-4edd-43a9-90b0-a9ea1fce96eb,5be6128e-18c2-4797-a142-ea7d17be3111,3b0b0e6c-5a36-4b8e-8c1e-0d7c5e2f9a11,10.0,563300000.0,5633000000.0,156533000.0,5476467000.0,506438000.0,1,7f5b6f7e-1c2d-4a4e-9a51-3a3f1d3c0a01
ffc3a715-bc07-4a75-9465-bbe7abd19bfa,916ef72a-4edd-43a9-90b0-a9ea1fce96eb,43b7a3a6-9a8d-4a03-980d-7b71d8f56413,3b0b0e6c-5a36-4b8e-8c1e-0d7c5e2f9a11,50.0,584500000.0,29225000000.0,812120000.0,28412880000.0,525770000.0,2,7f5b6f7e-1c2d-4a4e-9a51-3a3f1d3c0a01
94bac00f-8312-4304-85a1-72e79476e2b1,b7c229e0-7155-4127-ac77-5394bf1843a5,371ecd7b-27cd-4130-8722-9389571aa876,3b0b0e6c-5a36-4b8e-8c1e-0d7c5e2f9a11,115.0,535200000.00000006,61548000000.00001,1440813000.0,60107187000.00001,469121000.0,1,7f5b6f7e-1c2d-4a4e-9a51-3a3f1d3c0a01
79ca5056-5855-48d9-8d10-949a4c3732eb,f4822ef6-a453-4f58-9eea-44afac2921cf,a9488d99-0bbb-4599-91ce-5dd2b45ed1f0,3b0b0e6c-5a36-4b8e-8c1e-0d7c5e2f9a11,60.0,599200000.0,35952000000.0,1398753000.0,34553247000.0,524380000.0,1,7f5b6f7e-1c2d-4a4e-9a51-3a3f1d3c0a01
83dee681-1d70-43d7-8945-06a0e8a39756,0de90950-b744-4e49-88df-aafcfdd226db,43b7a3a6-9a8d-4a03-980d-7b71d8f56413,3b0b0e6c-5a36-4b8e-8c1e-0d7c5e2f9a11,25.0,584500000.0,14612500000.0,392549000.0,14219951000.0,525770000.0,1,7f5b6f7e-1c2d-4a4e-9a51-3a3f1d3c0a01
b307dfea-7ed4-4fb5-af22-700befaae2e7,f3b69176-bba8-454c-b0a0-7121254e88f3,ddd1dfb2-3b98-4ef8-9af6-1a26146d3f31,3b0b0e6c-5a36-4b8e-8c1e-0d7c5e2f9a11,195.0,428300000.0,83518500000.0,3064179000.0,80454321000.0,385776000.0,1,7f5b6f7e-1c2d-4a4e-9a51-3a3f1d3c0a01
30df5791-f20d-45e9-aa24-d3602a4d9e02,ffa10a56-7704-4968-87df-26fa1f8695f5,5be6128e-18c2-4797-a142-ea7d17be3111,3b0b0e6c-5a36-4b8e-8c1e-0d7c5e2f9a11,35.0,563300000.0,19715500000.0,447451000.0,19268049000.0,506438000.0,1,7f5b6f7e-1c2d-4a4e-9a51-3a3f1d3c0a01
084d5948-2d08-402d-a4c3-7ccf56221f8a,3e75a8af-7f5f-49ce-828f-79b45e4368a0,43b7a3a6-9a8d-4a03-980d-7b71d8f56413,3b0b0e6c-5a36-4b8e-8c1e-0d7c5e2f9a11,30.0,431300000.0,12939000000.0,185342000.0,12753658000.0,350760000.0,1,7f5b6f7e-1c2d-4a4e-9a51-3a3f1d3c0a01
283ba30f-90b4-4e15-889f-f69f7c1f2057,b7184bfb-1ccd-4a1f-a97a-1d1d9a4cb0b7,e2acf72f-9e57-4f7a-a0ee-89aed453dd32,3b0b0e6c-5a36-4b8e-8c1e-0d7c5e2f9a11,22.0,581200000.0,12786400000.0,243821000.0,12542579000.0,534363000.0,1,7f5b6f7e-1c2d-4a4e-9a51-3a3f1d3c0a01
dfdeb5cb-a3a2-4847-bec6-40879d98e72a,b7184bfb-1ccd-4a1f-a97a-1d1d9a4cb0b7,4b0dbb41-8d52-48f1-942c-3fe860e7a113,3b0b0e6c-5a36-4b8e-8c1e-0d7c5e2f9a11,8.0,592700000.0,4741600000.0,90416000.0,4651184000.0,547284000.0,2,7f5b6f7e-1c2d-4a4e-9a51-3a3f1d3c0a01
101f89a7-559b-403e-8ad7-ac2d90206273,dc0ab88e-9ebf-44fb-955c-fee69e9e9444,5be6128e-18c2-4797-a142-ea7d17be3111,3b0b0e6c-5a36-4b8e-8c1e-0d7c5e2f9a11,99.5,430400000.0,42824800000.0,782757000.0,42042043000.0,396640000.0,1,7f5b6f7e-1c2d-4a4e-9a51-3a3f1d3c0a01
539777af-af29-4773-b81c-1b34c4ec5be0,dc0ab88e-9ebf-44fb-955c-fee69e9e9444,1a2a73ed-562b-4f79-8374-59eef50bea63,3b0b0e6c-5a36-4b8e-8c1e-0d7c5e2f9a11,50.5,435900000.0,22012950000.0,402355000.0,21610595000.0,400525000.0,2,7f5b6f7e-1c2d-4a4e-9a51-3a3f1d3c0a01
e69cf8bc-bf4a-4232-8982-bbb5de6898ee,39525979-c692-489d-975c-6c6da29b988b,5be6128e-18c2-4797-a142-ea7d17be3111,3b0b0e6c-5a36-4b8e-8c1e-0d7c5e2f9a11,95.0,430400000.0,40888000000.0,989678000.0,39898322000.0,396640000.0,1,7f5b6f7e-1c2d-4a4e-9a51-3a3f1d3c0a01
61483331-d21e-425b-9c0c-eded25608169,7e5c4948-6522-47e4-ba2b-4b272710c5ee,1a2a73ed-562b-4f79-8374-59eef50bea63,3b0b0e6c-5a36-4b8e-8c1e-0d7c5e2f9a11,43.0,452700000.0,19466100000.0,301447000.0,19164653000.0,403208000.0,1,7f5b6f7e-1c2d-4a4e-9a51-3a3f1d3c0a01
58fa29c2-3e36-43f1-b7e0-03e662e07b51,7e5c4948-6522-47e4-ba2b-4b272710c5ee,5be6128e-18c2-4797-a142-ea7d17be3111,3b0b0e6c-5a36-4b8e-8c1e-0d7c5e2f9a11,22.0,436700000.0,9607400000.0,148778000.0,9458622000.0,398120000.0,2,7f5b6f7e-1c2d-4a4e-9a51-3a3f1d3c0a01
636fb8f7-3f95-41d3-a5c7-db3510e1aa52,11a6d900-7d13-4a96-a45f-bfb9b8920851,e2acf72f-9e57-4f7a-a0ee-89aed453dd32,3b0b0e6c-5a36-4b8e-8c1e-0d7c5e2f9a11,95.0,720700000.0,68466500000.0,1789749000.0,66676751000.0,630828000.0,1,7f5b6f7e-1c2d-4a4e-9a51-3a3f1d3c0a01
8b16c56f-c531-4e58-ab43-98fc6074855b,390db63d-5f96-4b7c-89ac-f397dae97b56,9a1de644-815e-46d1-bb8f-aa1837f8a88b,3b0b0e6c-5a36-4b8e-8c1e-0d7c5e2f9a11,90.0,276200000.0,24858000000.0,504359000.0,24353641000.0,256658000.0,1,7f5b6f7e-1c2d-4a4e-9a51-3a3f1d3c0a01
5b099629-bd75-4be5-8269-f2cd174f8276,332031cd-46c0-4e2d-ad38-1eb93cb327fd,371ecd7b-27cd-4130-8722-9389571aa876,3b0b0e6c-5a36-4b8e-8c1e-0d7c5e2f9a11,13.0,430200000.0,5592600000.0,138974000.0,5453626000.0,383385000.0,1,7f5b6f7e-1c2d-4a4e-9a51-3a3f1d3c0a01
dd5c13b6-1666-44c9-a009-98e1f78e03dc,332031cd-46c0-4e2d-ad38-1eb93cb327fd,47378190-96da-4dac-b2ff-5d2a386ecbe0,3b0b0e6c-5a36-4b8e-8c1e-0d7c5e2f9a11,47.0,433800000.0,20388600000.0,506649000.0,19881951000.0,386130000.0,2,7f5b6f7e-1c2d-4a4e-9a51-3a3f1d3c0a01
1c1f4996-1e59-4aa8-8c93-d7863b759543,368730d2-0ac0-4be6-a1c1-69e3e294d248,17fc695a-07a0-4a6e-8822-e8f36c031199,3b0b0e6c-5a36-4b8e-8c1e-0d7c5e2f9a11,31.5,361900000.0,11399850000.0,145786000.0,11254064000.0,334730000.0,1,7f5b6f7e-1c2d-4a4e-9a51-3a3f1d3c0a01
7a215b97-c152-4ae1-978b-85519067f6ec,368730d2-0ac0-4be6-a1c1-69e3e294d248,23b8c1e9-3924-46de-beb1-3b9046685257,3b0b0e6c-5a36-4b8e-8c1e-0d7c5e2f9a11,13.5,372300000.0,5026050000.0,64275000.0,4961775000.0,343519000.0,2,7f5b6f7e-1c2d-4a4e-9a51-3a3f1d3c0a01
cf44571b-5f1b-42c6-936d-b0e093915fd0,3a3c6182-ee4d-47ac-96f0-8afc83198a64,6b65a6a4-8b81-48f6-b38a-088ca65ed389,3b0b0e6c-5a36-4b8e-8c1e-0d7c5e2f9a11,25.0,536200000.00000006,13405000000.000002,273895000.0,13131105000.000002,475342000.0,1,7f5b6f7e-1c2d-4a4e-9a51-3a3f1d3c0a01
a50c22f8-bec1-4ddb-ae4f-aaf4c1a60814,d8bf30e6-bab0-40f5-9205-0bc98f3cf243,3139d32c-93cd-49bf-9c94-1cf0dc98d2c1,3b0b0e6c-5a36-4b8e-8c1e-0d7c5e2f9a11,60.0,463500000.0,27810000000.0,1072126000.0,26737874000.0,410894000.0,1,7f5b6f7e-1c2d-4a4e-9a51-3a3f1d3c0a01
97d5cdc9-1adb-4ded-b15b-2e38826ee67c,328374d5-e208-4eed-a58a-8d94bc0889d3,5be6128e-18c2-4797-a142-ea7d17be3111,3b0b0e6c-5a36-4b8e-8c1e-0d7c5e2f9a11,28.0,547500000.0,15330000000.0,809994000.0,14520006000.0,496262000.0,1,7f5b6f7e-1c2d-4a4e-9a51-3a3f1d3c0a01
6898bf50-769c-43a4-9093-d82815b1409a,328374d5-e208-4eed-a58a-8d94bc0889d3,1a2a73ed-562b-4f79-8374-59eef50bea63,3b0b0e6c-5a36-4b8e-8c1e-0d7c5e2f9a11,27.0,549100000.0,14825700000.0,783348000.0,14042352000.0,497002000.0,2,7f5b6f7e-1c2d-4a4e-9a51-3a3f1d3c0a01
ce0e9e57-eda5-4d04-bd65-491a89b9042f,1980fd77-650f-4eb2-98d9-cd962cf525d5,b74d0fb1-32e7-4629-8fad-c1a606cb0fb3,3b0b0e6c-5a36-4b8e-8c1e-0d7c5e2f9a11,17.5,417600000.0,7308000000.0,258208000.0,7049792000.0,399306000.0,1,7f5b6f7e-1c2d-4a4e-9a51-3a3f1d3c0a01
fc20df9f-2c78-43e9-8d3d-983417c89004,1980fd77-650f-4eb2-98d9-cd962cf525d5,47378190-96da-4dac-b2ff-5d2a386ecbe0,3b0b0e6c-5a36-4b8e-8c1e-0d7c5e2f9a11,17.5,406000000.0,7105000000.0,251035000.0,6853965000.0,388692000.0,2,7f5b6f7e-1c2d-4a4e-9a51-3a3f1d3c0a01
78700c46-6061-48ac-823d-987bd25f84c6,53fb4f36-c72d-4784-b5b0-6b99ca426e24,e2acf72f-9e57-4f7a-a0ee-89aed453dd32,3b0b0e6c-5a36-4b8e-8c1e-0d7c5e2f9a11,100.0,603800000.0,60380000000.0,1042363000.0,59337637000.0,520026000.0,1,7f5b6f7e-1c2d-4a4e-9a51-3a3f1d3c0a01
4360b1d6-3c54-4602-ac90-12077e379303,8e02b65e-6937-4956-94d9-e65527dd68b7,1a2a73ed-562b-4f79-8374-59eef50bea63,3b0b0e6c-5a36-4b8e-8c1e-0d7c5e2f9a11,7.5,452700000.0,3395250000.0,126873000.0,3268377000.0,403208000.0,1,7f5b6f7e-1c2d-4a4e-9a51-3a3f1d3c0a01
9258c7d8-9015-4baa-8d6c-c742e5171e44,8e02b65e-6937-4956-94d9-e65527dd68b7,5be6128e-18c2-4797-a142-ea7d17be3111,3b0b0e6c-5a36-4b8e-8c1e-0d7c5e2f9a11,71.5,436700000.0,31224050000.0,1166770000.0,30057280000.0,398120000.0,2,7f5b6f7e-1c2d-4a4e-9a51-3a3f1d3c0a01
9374e58c-70c6-4330-bd14-6c8139c3f8b8,8e02b65e-6937-4956-94d9-e65527dd68b7,43b7a3a6-9a8d-4a03-980d-7b71d8f56413,3b0b0e6c-5a36-4b8e-8c1e-0d7c5e2f9a11,6.0,460400000.0,2762400000.0,103224000.0,2659176000.0,413660000.0,3,7f5b6f7e-1c2d-4a4e-9a51-3a3f1d3c0a01
07502332-e9d6-4b83-a915-15447f627945,ae51e610-bf6e-45b4-83c3-094b791b6e68,5be6128e-18c2-4797-a142-ea7d17be3111,3b0b0e6c-5a36-4b8e-8c1e-0d7c5e2f9a11,85.5,450400000.0,38509200000.0,1067317000.0,37441883000.0,403948000.0,1,7f5b6f7e-1c2d-4a4e-9a51-3a3f1d3c0a01
cd80add3-cbd9-40f3-8bae-11a3503a20fe,ae51e610-bf6e-45b4-83c3-094b791b6e68,43b7a3a6-9a8d-4a03-980d-7b71d8f56413,3b0b0e6c-5a36-4b8e-8c1e-0d7c5e2f9a11,74.5,464900000.0,34635050000.0,959941000.0,33675109000.0,425870000.0,2,7f5b6f7e-1c2d-4a4e-9a51-3a3f1d3c0a01
fe8a4627-0b7b-4da1-bd1f-a6480db29f7f,d6e1e79f-9a3e-4347-a0fd-1d56ee66e4b9,5be6128e-18c2-4797-a142-ea7d17be3111,3b0b0e6c-5a36-4b8e-8c1e-0d7c5e2f9a11,45.0,450400000.0,20268000000.0,595329000.0,19672671000.0,403948000.0,1,7f5b6f7e-1c2d-4a4e-9a51-3a3f1d3c0a01
673d1e66-5c91-407b-a92e-5bd7e6fe130a,1bdd3154-4799-4cbd-9cae-d3f23ddbe287,43b7a3a6-9a8d-4a03-980d-7b71d8f56413,3b0b0e6c-5a36-4b8e-8c1e-0d7c5e2f9a11,75.0,543400000.0,40755000000.0,1106439000.0,39648561000.0,485070000.0,1,7f5b6f7e-1c2d-4a4e-9a51-3a3f1d3c0a01
a1eaf8c0-4dfd-4a4c-844c-1f241fc68453,361479af-889d-4937-af62-3f63cabaef87,1a2a73ed-562b-4f79-8374-59eef50bea63,3b0b0e6c-5a36-4b8e-8c1e-0d7c5e2f9a11,75.0,530400000.0,39780000000.0,729189000.0,39050811000.0,475727000.0,1,7f5b6f7e-1c2d-4a4e-9a51-3a3f1d3c0a01
9b35aa92-c2fb-4a9a-9989-781d1aa798e2,89d79c63-6a75-49ba-8052-fa9db1fea52f,ddd1dfb2-3b98-4ef8-9af6-1a26146d3f31,3b0b0e6c-5a36-4b8e-8c1e-0d7c5e2f9a11,330.0,268800000.0,88704000000.0,1329949000.0,87374051000.0,248442000.0,1,7f5b6f7e-1c2d-4a4e-9a51-3a3f1d3c0a01
7498487e-b9c6-4679-ac7c-3859b9ca0b90,3108bf66-7a12-44cb-a78e-bab7d598164e,17fc695a-07a0-4a6e-8822-e8f36c031199,3b0b0e6c-5a36-4b8e-8c1e-0d7c5e2f9a11,39.5,279500000.0,11040250000.0,281240000.0,10759010000.0,258340000.0,1,7f5b6f7e-1c2d-4a4e-9a51-3a3f1d3c0a01
ec3575c2-d0c6-4d58-9016-3fb2c9b1c5c8,3108bf66-7a12-44cb-a78e-bab7d598164e,9a1de644-815e-46d1-bb8f-aa1837f8a88b,3b0b0e6c-5a36-4b8e-8c1e-0d7c5e2f9a11,5.5,276200000.0,1519100000.0,38698000.0,1480402000.0,256658000.0,2,7f5b6f7e-1c2d-4a4e-9a51-3a3f1d3c0a01
b73c3d8c-49c4-4723-b879-3aa135d04be1,85023342-6429-42d2-b329-c6597df15612,ddd1dfb2-3b98-4ef8-9af6-1a26146d3f31,3b0b0e6c-5a36-4b8e-8c1e-0d7c5e2f9a11,240.0,271200000.0,65088000000.0,1057203000.0,64030797000.0,247502000.0,1,7f5b6f7e-1c2d-4a4e-9a51-3a3f1d3c0a01
576414dd-776f-47d2-9dd2-6840116853cc,b84aa852-1606-4bf9-ae57-19d437b29510,23b8c1e9-3924-46de-beb1-3b9046685257,3b0b0e6c-5a36-4b8e-8c1e-0d7c5e2f9a11,70.0,350400000.0,24528000000.0,717560000.0,23810440000.0,325380000.0,1,7f5b6f7e-1c2d-4a4e-9a51-3a3f1d3c0a01
9d6f07dc-35c4-412a-98f8-256edb5d4d3c,ec69a9a2-2b4d-4590-81b9-4ed81abb423a,ddd1dfb2-3b98-4ef8-9af6-1a26146d3f31,3b0b0e6c-5a36-4b8e-8c1e-0d7c5e2f9a11,325.0,341600000.0,111020000000.0,3578058000.0,107441942000.0,308978000.0,1,7f5b6f7e-1c2d-4a4e-9a51-3a3f1d3c0a01
5489d829-b112-48e6-8a3d-269b9ecd43d9,1dabbfb6-6ba7-45b9-8c3f-b39387e6d27e,fc377a4c-4a15-444d-85e7-ce8a3a578a8e,3b0b0e6c-5a36-4b8e-8c1e-0d7c5e2f9a11,115.0,493200000.0,56718000000.0,1686117000.0,55031883000.0,426378000.0,1,7f5b6f7e-1c2d-4a4e-9a51-3a3f1d3c0a01
4917e9ba-c91f-4f86-ae5b-875f2d4258d8,2f28414d-106f-498f-ba44-45d27bc97fa1,3139d32c-93cd-49bf-9c94-1cf0dc98d2c1,3b0b0e6c-5a36-4b8e-8c1e-0d7c5e2f9a11,140.0,465700000.0,65198000000.0,1668654000.0,63529346000.0,426557000.0,1,7f5b6f7e-1c2d-4a4e-9a51-3a3f1d3c0a01
acd44c25-93a1-4fcc-aa8d-187ef2e86fc2,97082d9f-07bb-49a1-ad6b-c344efa7e581,17fc695a-07a0-4a6e-8822-e8f36c031199,3b0b0e6c-5a36-4b8e-8c1e-0d7c5e2f9a11,120.0,362300000.0,43476000000.0,1781413000.0,41694587000.0,328559000.0,1,7f5b6f7e-1c2d-4a4e-9a51-3a3f1d3c0a01
06c60c27-3aaf-4a74-88c5-17fa065b2f52,fd877689-c33a-4c9a-bf73-a5e0b69d8179,e2acf72f-9e57-4f7a-a0ee-89aed453dd32,3b0b0e6c-5a36-4b8e-8c1e-0d7c5e2f9a11,25.0,720700000.0,18017500000.0,494449000.0,17523051000.0,630828000.0,1,7f5b6f7e-1c2d-4a4e-9a51-3a3f1d3c0a01
f06d6a9b-436b-4e59-a255-b1a54fdc2b2d,ad26a378-9ae1-4323-9ca2-25a4050e5021,43b7a3a6-9a8d-4a03-980d-7b71d8f56413,3b0b0e6c-5a36-4b8e-8c1e-0d7c5e2f9a11,110.0,560100000.0,61611000000.0,1174065000.0,60436935000.0,512358000.0,1,7f5b6f7e-1c2d-4a4e-9a51-3a3f1d3c0a01
8b836ece-400b-4cc5-a559-b8ac85a45c7e,f83c6747-dad7-4d10-89c6-f558bed0a84f,759cde66-bacf-43d0-8b1f-9163ce9ff57f,3b0b0e6c-5a36-4b8e-8c1e-0d7c5e2f9a11,53.5,507100000.0,27129850000.0,824489000.0,26305361000.0,391232000.0,1,7f5b6f7e-1c2d-4a4e-9a51-3a3f1d3c0a01
f8bcfa13-1e07-4060-9a0d-5b3235b243e6,f83c6747-dad7-4d10-89c6-f558bed0a84f,ec1b8ca1-f91e-4d4c-9ff4-9b7889463e85,3b0b0e6c-5a36-4b8e-8c1e-0d7c5e2f9a11,26.5,494200000.0,13096300000.0,398003000.0,12698297000.0,386073000.0,2,7f5b6f7e-1c2d-4a4e-9a51-3a3f1d3c0a01
0b44a909-9e6b-476b-ba0a-7ab6df4ac584,8f493cb1-568d-48c8-ad34-0a5cc2038132,ec1b8ca1-f91e-4d4c-9ff4-9b7889463e85,3b0b0e6c-5a36-4b8e-8c1e-0d7c5e2f9a11,65.0,511200000.0,33228000000.0,772105000.0,32455895000.0,449061000.0,1,7f5b6f7e-1c2d-4a4e-9a51-3a3f1d3c0a01
8d09dc68-cca4-4dcf-86d9-9207fc73d4ce,07d073c1-cec7-4c2c-b3d6-99fac23e5ca9,1a2a73ed-562b-4f79-8374-59eef50bea63,3b0b0e6c-5a36-4b8e-8c1e-0d7c5e2f9a11,18.5,452700000.0,8374950000.0,169765000.0,8205185000.0,403208000.0,1,7f5b6f7e-1c2d-4a4e-9a51-3a3f1d3c0a01
401e8cfd-09fe-46b2-8ea0-1bfbcfce3346,07d073c1-cec7-4c2c-b3d6-99fac23e5ca9,43b7a3a6-9a8d-4a03-980d-7b71d8f56413,3b0b0e6c-5a36-4b8e-8c1e-0d7c5e2f9a11,6.5,460400000.0,2992600000.0,60662000.0,2931938000.0,413660000.0,2,7f5b6f7e-1c2d-4a4e-9a51-3a3f1d3c0a01
f958f9a6-4736-4cc5-ad5a-b0063a1dda1b,01bcdf07-64c4-4a9c-924e-1e88ca7ce0b7,4b0dbb41-8d52-48f1-942c-3fe860e7a113,3b0b0e6c-5a36-4b8e-8c1e-0d7c5e2f9a11,45.0,623600000.0,28062000000.0,604671000.0,27457329000.0,535071000.0,1,7f5b6f7e-1c2d-4a4e-9a51-3a3f1d3c0a01
6d5f5d0a-3454-45e1-8a53-a84a9cc65a84,98f19104-cb81-49cf-8a6c-3d2c7ce99234,759cde66-bacf-43d0-8b1f-9163ce9ff57f,3b0b0e6c-5a36-4b8e-8c1e-0d7c5e2f9a11,61.5,613300000.0,37717950000.0,977902000.0,36740048000.0,509877000.0,1,7f5b6f7e-1c2d-4a4e-9a51-3a3f1d3c0a01
b3b5c1a2-417a-4c87-bd9e-e7bb0d3e3b7a,98f19104-cb81-49cf-8a6c-3d2c7ce99234,ec1b8ca1-f91e-4d4c-9ff4-9b7889463e85,3b0b0e6c-5a36-4b8e-8c1e-0d7c5e2f9a11,3.5,597800000.0,2092300000.0,54246000.0,2038054000.0,497750000.0,2,7f5b6f7e-1c2d-4a4e-9a51-3a3f1d3c0a01
94932fc0-58be-4626-addb-7f3c3186b65b,9bb9c8e1-77bf-4af3-9b88-b170dc6eb338,1a2a73ed-562b-4f79-8374-59eef50bea63,3b0b0e6c-5a36-4b8e-8c1e-0d7c5e2f9a11,122.5,537300000.0,65819250000.0,1966661000.0,63852589000.0,503940000.0,1,7f5b6f7e-1c2d-4a4e-9a51-3a3f1d3c0a01
5cd06a14-e0b9-4e40-8340-4c0c947779ec,9bb9c8e1-77bf-4af3-9b88-b170dc6eb338,43b7a3a6-9a8d-4a03-980d-7b71d8f56413,3b0b0e6c-5a36-4b8e-8c1e-0d7c5e2f9a11,17.5,560100000.0,9801750000.0,292874000.0,9508876000.0,512358000.0,2,7f5b6f7e-1c2d-4a4e-9a51-3a3f1d3c0a01
7417b9bd-933f-456b-9bad-ca3ff7da32c8,fd893917-b1e5-43ef-acd3-57d085034d94,4b0dbb41-8d52-48f1-942c-3fe860e7a113,3b0b0e6c-5a36-4b8e-8c1e-0d7c5e2f9a11,50.0,646800000.0,32340000000.0,577163000.0,31762837000.0,559143000.0,1,7f5b6f7e-1c2d-4a4e-9a51-3a3f1d3c0a01
813ad280-4e03-41f5-86d0-71721239009b,6519cb1e-42a6-4678-aadf-5802eb62b652,ec1b8ca1-f91e-4d4c-9ff4-9b7889463e85,3b0b0e6c-5a36-4b8e-8c1e-0d7c5e2f9a11,40.0,550000000.0,22000000000.0,482875000.0,21517125000.0,484809000.0,1,7f5b6f7e-1c2d-4a4e-9a51-3a3f1d3c0a01
7eb29f2e-f5c0-4860-a39f-fbf6506c2ff4,9a662c23-cf4c-458f-87c9-f4603578a99a,43b7a3a6-9a8d-4a03-980d-7b71d8f56413,3b0b0e6c-5a36-4b8e-8c1e-0d7c5e2f9a11,45.0,568400000.0,25578000000.0,599302000.0,24978698000.0,518092000.0,1,7f5b6f7e-1c2d-4a4e-9a51-3a3f1d3c0a01
e9767b00-8785-4545-8392-16d7e1b12fec,14daeec3-8f46-477c-82aa-7c0b6abe7d37,e2acf72f-9e57-4f7a-a0ee-89aed453dd32,3b0b0e6c-5a36-4b8e-8c1e-0d7c5e2f9a11,9.0,763300000.0,6869700000.0,113510000.0,6756190000.0,646316000.0,1,7f5b6f7e-1c2d-4a4e-9a51-3a3f1d3c0a01
6118f0a9-131f-4a29-b4b7-5b24db5c1eee,14daeec3-8f46-477c-82aa-7c0b6abe7d37,4b0dbb41-8d52-48f1-942c-3fe860e7a113,3b0b0e6c-5a36-4b8e-8c1e-0d7c5e2f9a11,31.0,779000000.0,24149000000.0,399022000.0,23749978000.0,666936000.0,2,7f5b6f7e-1c2d-4a4e-9a51-3a3f1d3c0a01
a51ae3f3-93b2-45a4-b527-c179222642c5,1e07c0e0-1a7d-40d5-a922-fd4d451336d1,ec1b8ca1-f91e-4d4c-9ff4-9b7889463e85,3b0b0e6c-5a36-4b8e-8c1e-0d7c5e2f9a11,100.0,658900000.0,65890000000.0,699150000.0,65190850000.0,583906000.0,1,7f5b6f7e-1c2d-4a4e-9a51-3a3f1d3c0a01
e25e933c-e18d-46a4-a6a4-5e9a23e3d316,e7741e3e-d0e9-4dc9-b997-c7258baab379,9a1de644-815e-46d1-bb8f-aa1837f8a88b,3b0b0e6c-5a36-4b8e-8c1e-0d7c5e2f9a11,40.0,409200000.0,16368000000.0,527626000.0,15840374000.0,378582000.0,1,7f5b6f7e-1c2d-4a4e-9a51-3a3f1d3c0a01
d3bf5d2b-4255-4a7b-93b3-9ed94bc36545,872cdb90-17f1-4a8a-9de3-35de727434b6,bdd640fb-0667-4ad1-9c80-317fa3b1799d,3b0b0e6c-5a36-4b8e-8c1e-0d7c5e2f9a11,120.0,460700000.0,55284000000.0,1585652000.0,53698348000.0,419348000.0,1,7f5b6f7e-1c2d-4a4e-9a51-3a3f1d3c0a01
098aa4c3-c20d-4334-8de3-b6b89c4de337,76a6e6db-d80c-428b-8d30-abd582185234,47378190-96da-4dac-b2ff-5d2a386ecbe0,3b0b0e6c-5a36-4b8e-8c1e-0d7c5e2f9a11,205.0,480800000.0,98564000000.0,1965114000.0,96598886000.0,410378000.0,1,7f5b6f7e-1c2d-4a4e-9a51-3a3f1d3c0a01
a381f34e-a00c-4a78-9e5a-a3b745ff3425,3cd6a2ed-d37a-4570-ad25-d105f71e6ee2,b74d0fb1-32e7-4629-8fad-c1a606cb0fb3,3b0b0e6c-5a36-4b8e-8c1e-0d7c5e2f9a11,15.5,531200000.00000006,8233600000.000001,200178000.0,8033422000.000001,475434000.0,1,7f5b6f7e-1c2d-4a4e-9a51-3a3f1d3c0a01
a72bec8c-8273-4e36-9b6e-5470995cda80,3cd6a2ed-d37a-4570-ad25-d105f71e6ee2,6b65a6a4-8b81-48f6-b38a-088ca65ed389,3b0b0e6c-5a36-4b8e-8c1e-0d7c5e2f9a11,44.5,519500000.0,23117750000.0,562048000.0,22555702000.0,468938000.0,2,7f5b6f7e-1c2d-4a4e-9a51-3a3f1d3c0a01
65019d99-cd2a-4746-a851-9442a2737548,d9a72880-aeaf-42d4-8194-ea7283aa6a63,17fc695a-07a0-4a6e-8822-e8f36c031199,3b0b0e6c-5a36-4b8e-8c1e-0d7c5e2f9a11,5.5,438800000.0,2413400000.0,49542000.0,2363858000.0,395786000.0,1,7f5b6f7e-1c2d-4a4e-9a51-3a3f1d3c0a01
990cfd71-f852-48a6-baa8-159ba0001ace,d9a72880-aeaf-42d4-8194-ea7283aa6a63,9a1de644-815e-46d1-bb8f-aa1837f8a88b,3b0b0e6c-5a36-4b8e-8c1e-0d7c5e2f9a11,9.5,427500000.0,4061250000.0,83369000.0,3977881000.0,389802000.0,2,7f5b6f7e-1c2d-4a4e-9a51-3a3f1d3c0a01
25adbf23-0442-43ad-9f55-0351ad9b895f,8769cf7a-cb0e-4be1-9840-867c6e1683af,ddd1dfb2-3b98-4ef8-9af6-1a26146d3f31,3b0b0e6c-5a36-4b8e-8c1e-0d7c5e2f9a11,75.0,397600000.0,29820000000.0,895188000.0,28924812000.0,366318000.0,1,7f5b6f7e-1c2d-4a4e-9a51-3a3f1d3c0a01
bc34a403-e124-4c05-baf4-a8a418576b8c,ca8b9c11-b01e-48a9-a94c-e51198644810,1a2a73ed-562b-4f79-8374-59eef50bea63,3b0b0e6c-5a36-4b8e-8c1e-0d7c5e2f9a11,66.0,572400000.0,37778400000.0,1289201000.0,36489199000.0,507918000.0,1,7f5b6f7e-1c2d-4a4e-9a51-3a3f1d3c0a01
00058745-4e46-4fd7-9c5b-347c468ef504,ca8b9c11-b01e-48a9-a94c-e51198644810,5be6128e-18c2-4797-a142-ea7d17be3111,3b0b0e6c-5a36-4b8e-8c1e-0d7c5e2f9a11,43.0,563300000.0,24221900000.0,826581000.0,23395319000.0,506438000.0,2,7f5b6f7e-1c2d-4a4e-9a51-3a3f1d3c0a01
d5811377-5e4c-41d1-ab81-bd11d6f04100,ca8b9c11-b01e-48a9-a94c-e51198644810,43b7a3a6-9a8d-4a03-980d-7b71d8f56413,3b0b0e6c-5a36-4b8e-8c1e-0d7c5e2f9a11,66.0,584500000.0,38577000000.0,1316454000.0,37260546000.0,525770000.0,3,7f5b6f7e-1c2d-4a4e-9a51-3a3f1d3c0a01
0f953c6a-edab-48b8-84f6-684bc3121a5c,7bf0e7bf-3174-4357-b13a-315f0bc23f89,4b0dbb41-8d52-48f1-942c-3fe860e7a113,3b0b0e6c-5a36-4b8e-8c1e-0d7c5e2f9a11,360.0,715300000.0,257508000000.0,5865795000.0,251642205000.0,572418000.0,1,7f5b6f7e-1c2d-4a4e-9a51-3a3f1d3c0a01
6e56a76e-4535-4cbd-849d-708b3d270137,a5125332-58ac-4ccd-b5ab-8536405b553f,1a2a73ed-562b-4f79-8374-59eef50bea63,3b0b0e6c-5a36-4b8e-8c1e-0d7c5e2f9a11,40.0,530400000.0,21216000000.0,517066000.0,20698934000.0,475727000.0,1,7f5b6f7e-1c2d-4a4e-9a51-3a3f1d3c0a01
6632e41f-8ed9-488e-812f-fdc77ded0bd8,a5125332-58ac-4ccd-b5ab-8536405b553f,5be6128e-18c2-4797-a142-ea7d17be3111,3b0b0e6c-5a36-4b8e-8c1e-0d7c5e2f9a11,3.0,519900000.0,1559700000.0,38012000.0,1521688000.0,463795000.0,2,7f5b6f7e-1c2d-4a4e-9a51-3a3f1d3c0a01
b11662c6-e115-471e-9e43-7b72e7c9333d,a5125332-58ac-4ccd-b5ab-8536405b553f,43b7a3a6-9a8d-4a03-980d-7b71d8f56413,3b0b0e6c-5a36-4b8e-8c1e-0d7c5e2f9a11,32.0,543400000.0,17388800000.0,423792000.0,16965008000.0,485070000.0,3,7f5b6f7e-1c2d-4a4e-9a51-3a3f1d3c0a01
ca435561-a8bb-4d15-9154-1675498350ee,202c1935-dba7-4d83-beba-6f95d22ff6b3,43b7a3a6-9a8d-4a03-980d-7b71d8f56413,3b0b0e6c-5a36-4b8e-8c1e-0d7c5e2f9a11,4.0,584500000.0,2338000000.0,108486000.0,2229514000.0,525770000.0,1,7f5b6f7e-1c2d-4a4e-9a51-3a3f1d3c0a01
5887f01d-3165-413c-8aa9-58f744c138fc,202c1935-dba7-4d83-beba-6f95d22ff6b3,1a2a73ed-562b-4f79-8374-59eef50bea63,3b0b0e6c-5a36-4b8e-8c1e-0d7c5e2f9a11,34.0,572400000.0,19461600000.0,903041000.0,18558559000.0,507918000.0,2,7f5b6f7e-1c2d-4a4e-9a51-3a3f1d3c0a01
ca10e38f-278d-4a10-9963-5d2b2c8ab416,202c1935-dba7-4d83-beba-6f95d22ff6b3,5be6128e-18c2-4797-a142-ea7d17be3111,3b0b0e6c-5a36-4b8e-8c1e-0d7c5e2f9a11,7.0,563300000.0,3943100000.0,182965000.0,3760135000.0,506438000.0,3,7f5b6f7e-1c2d-4a4e-9a51-3a3f1d3c0a01
43857e36-a29f-4887-99f6-8e52ca7d1263,74ea3c2f-9a16-4117-ab7e-09e314ddf7d4,43b7a3a6-9a8d-4a03-980d-7b71d8f56413,3b0b0e6c-5a36-4b8e-8c1e-0d7c5e2f9a11,30.5,584500000.0,17827250000.0,485386000.0,17341864000.0,525770000.0,1,7f5b6f7e-1c2d-4a4e-9a51-3a3f1d3c0a01
dd03f15d-37ee-4d63-89ce-ef9e708c3df4,74ea3c2f-9a16-4117-ab7e-09e314ddf7d4,1a2a73ed-562b-4f79-8374-59eef50bea63,3b0b0e6c-5a36-4b8e-8c1e-0d7c5e2f9a11,44.5,572400000.0,25471800000.0,693526000.0,24778274000.0,507918000.0,2,7f5b6f7e-1c2d-4a4e-9a51-3a3f1d3c0a01
b86c2558-655d-47de-bc79-0e847f84eddd,d2fe201f-3e18-40e3-a303-96ec98da1fcf,5be6128e-18c2-4797-a142-ea7d17be3111,3b0b0e6c-5a36-4b8e-8c1e-0d7c5e2f9a11,78.5,563300000.0,44219050000.0,1516569000.0,42702481000.0,506438000.0,1,7f5b6f7e-1c2d-4a4e-9a51-3a3f1d3c0a01
59f99568-2f5a-47b1-8592-1575966e96c6,d2fe201f-3e18-40e3-a303-96ec98da1fcf,43b7a3a6-9a8d-4a03-980d-7b71d8f56413,3b0b0e6c-5a36-4b8e-8c1e-0d7c5e2f9a11,56.5,584500000.0,33024250000.0,1132624000.0,31891626000.0,525770000.0,2,7f5b6f7e-1c2d-4a4e-9a51-3a3f1d3c0a01
5aa7d71d-df3b-4650-9d95-89ed1bcad7bf,585deda6-5438-4334-af34-74bc585d5cf3,972a8469-1641-4f82-8b9d-2434e465e150,3b0b0e6c-5a36-4b8e-8c1e-0d7c5e2f9a11,45.0,411200000.0,18504000000.0,555681000.0,17948319000.0,369138000.0,1,7f5b6f7e-1c2d-4a4e-9a51-3a3f1d3c0a01
a06eef8f-4bf0-4fee-85f8-513b3b516440,264f47e6-5173-4344-87a1-592a36f375c7,e2acf72f-9e57-4f7a-a0ee-89aed453dd32,3b0b0e6c-5a36-4b8e-8c1e-0d7c5e2f9a11,60.0,586200000.0,35172000000.0,495764000.0,34676236000.0,514362000.0,1,7f5b6f7e-1c2d-4a4e-9a51-3a3f1d3c0a01
e12e6b0c-7126-40a0-beb0-43292d45d74f,1ab52f9f-d528-4fad-9a8f-eea113f39fdf,5be6128e-18c2-4797-a142-ea7d17be3111,3b0b0e6c-5a36-4b8e-8c1e-0d7c5e2f9a11,65.0,428800000.0,27872000000.0,700197000.0,27171803000.0,408295000.0,1,7f5b6f7e-1c2d-4a4e-9a51-3a3f1d3c0a01
c2f060a5-107c-4da4-a120-7d8710da6af6,f67d7589-3cc9-4a1e-9954-bcae3ed19cc5,e2acf72f-9e57-4f7a-a0ee-89aed453dd32,3b0b0e6c-5a36-4b8e-8c1e-0d7c5e2f9a11,40.0,598500000.0,23940000000.0,488438000.0,23451562000.0,518787000.0,1,7f5b6f7e-1c2d-4a4e-9a51-3a3f1d3c0a01
b39b4ebd-b1b6-4cd5-9399-f88fcf60322b,f050ddc4-4169-4b9d-beba-de37d4d2a015,ec1b8ca1-f91e-4d4c-9ff4-9b7889463e85,3b0b0e6c-5a36-4b8e-8c1e-0d7c5e2f9a11,12.0,535700000.00000006,6428400000.000001,106155000.0,6322245000.000001,483541000.0,1,7f5b6f7e-1c2d-4a4e-9a51-3a3f1d3c0a01
3e98a76d-597d-46aa-9a12-0cb435b413b2,f050ddc4-4169-4b9d-beba-de37d4d2a015,759cde66-bacf-43d0-8b1f-9163ce9ff57f,3b0b0e6c-5a36-4b8e-8c1e-0d7c5e2f9a11,13.0,547200000.0,7113600000.0,117470000.0,6996130000.0,489514000.0,2,7f5b6f7e-1c2d-4a4e-9a51-3a3f1d3c0a01
a5f6bd5e-abed-4fc3-ba25-07ce698efa7a,890e278b-dd58-4692-8a0b-a70ab5d006e9,759cde66-bacf-43d0-8b1f-9163ce9ff57f,3b0b0e6c-5a36-4b8e-8c1e-0d7c5e2f9a11,105.0,613300000.0,64396500000.0,1778393000.0,62618107000.0,509877000.0,1,7f5b6f7e-1c2d-4a4e-9a51-3a3f1d3c0a01
3c45fc04-5369-4ed3-9f1b-8fc9d1a77edf,0ec22dcc-2c1b-4d85-8b34-260102c66759,bdd640fb-0667-4ad1-9c80-317fa3b1799d,3b0b0e6c-5a36-4b8e-8c1e-0d7c5e2f9a11,110.0,351100000.0,38621000000.0,1083245000.0,37537755000.0,342771000.0,1,7f5b6f7e-1c2d-4a4e-9a51-3a3f1d3c0a01
a648c0bd-e794-4ba8-86a1-4467d585af9b,16fdccd6-2e09-41c5-a069-2db02c3a5ccc,371ecd7b-27cd-4130-8722-9389571aa876,3b0b0e6c-5a36-4b8e-8c1e-0d7c5e2f9a11,52.0,430200000.0,22370400000.0,413005000.0,21957395000.0,383385000.0,1,7f5b6f7e-1c2d-4a4e-9a51-3a3f1d3c0a01
65ceb128-b64e-4b54-ab16-89ce96864062,16fdccd6-2e09-41c5-a069-2db02c3a5ccc,6b65a6a4-8b81-48f6-b38a-088ca65ed389,3b0b0e6c-5a36-4b8e-8c1e-0d7c5e2f9a11,23.0,430400000.0,9899200000.0,182760000.0,9716440000.0,384208000.0,2,7f5b6f7e-1c2d-4a4e-9a51-3a3f1d3c0a01
1223b899-ab50-4e7d-a467-35cd00bcef5b,342b541c-d480-46d8-9646-4d212729d4a0,bd9c66b3-ad3c-4d6d-9a3d-1fa7bc8960a9,3b0b0e6c-5a36-4b8e-8c1e-0d7c5e2f9a11,95.0,361500000.0,34342500000.0,1148480000.0,33194020000.0,334824000.0,1,7f5b6f7e-1c2d-4a4e-9a51-3a3f1d3c0a01
bf7ff329-194c-475f-b4bb-949a410cb4c3,b1893cfa-f34f-4fc8-af3c-9e7f11c31dda,bd9c66b3-ad3c-4d6d-9a3d-1fa7bc8960a9,3b0b0e6c-5a36-4b8e-8c1e-0d7c5e2f9a11,145.0,398100000.0,57724500000.0,1870671000.0,55853829000.0,343426000.0,1,7f5b6f7e-1c2d-4a4e-9a51-3a3f1d3c0a01
a2e186d5-d14c-4866-a700-192a5d85facc,9beeebf7-35c2-4b9b-9b2b-9131b755a88f,972a8469-1641-4f82-8b9d-2434e465e150,3b0b0e6c-5a36-4b8e-8c1e-0d7c5e2f9a11,100.0,411200000.0,41120000000.0,1082649000.0,40037351000.0,369138000.0,1,7f5b6f7e-1c2d-4a4e-9a51-3a3f1d3c0a01
53e69340-9865-4dca-a921-e4369a904937,9dc4f7a0-47d3-4a10-a13c-15a0a2a8b6ec,6c307511-b2b9-437a-a8df-6ec4ce4a2bbd,3b0b0e6c-5a36-4b8e-8c1e-0d7c5e2f9a11,185.0,493200000.0,91242000000.0,1740434000.0,89501566000.0,435266000.0,1,7f5b6f7e-1c2d-4a4e-9a51-3a3f1d3c0a01
37ae5b5e-32f1-4773-98e7-7af7e15ce8c9,1ffb428c-1bed-47d1-b35a-be87ec805884,ddd1dfb2-3b98-4ef8-9af6-1a26146d3f31,3b0b0e6c-5a36-4b8e-8c1e-0d7c5e2f9a11,245.0,428300000.0,104933500000.0,4130363000.0,100803137000.0,385776000.0,1,7f5b6f7e-1c2d-4a4e-9a51-3a3f1d3c0a01
356649b7-043f-42fb-8dda-e51fc2fc7439,e2507fab-ea7a-4db4-a57d-7ff57808bd63,371ecd7b-27cd-4130-8722-9389571aa876,3b0b0e6c-5a36-4b8e-8c1e-0d7c5e2f9a11,155.0,412900000.0,63999500000.0,2275677000.0,61723823000.0,371490000.0,1,7f5b6f7e-1c2d-4a4e-9a51-3a3f1d3c0a01
39bcbb92-c7c8-4f2a-9076-e5df31b3affa,d864345f-f830-490a-bce4-90d4d06da906,ddd1dfb2-3b98-4ef8-9af6-1a26146d3f31,3b0b0e6c-5a36-4b8e-8c1e-0d7c5e2f9a11,365.0,347400000.0,126801000000.0,5132375000.0,121668625000.0,315558000.0,1,7f5b6f7e-1c2d-4a4e-9a51-3a3f1d3c0a01
0d4f1a35-f3f6-42d6-98a3-1de5179552cf,f5dd33a6-d8fc-4290-b8ee-1546579dfb77,972a8469-1641-4f82-8b9d-2434e465e150,3b0b0e6c-5a36-4b8e-8c1e-0d7c5e2f9a11,70.0,394800000.0,27636000000.0,1000861000.0,26635139000.0,340340000.0,1,7f5b6f7e-1c2d-4a4e-9a51-3a3f1d3c0a01
6198e893-24a2-4fd7-bc7b-a528901cac15,47c48ff0-583a-4417-aedc-cccacae45390,ddd1dfb2-3b98-4ef8-9af6-1a26146d3f31,3b0b0e6c-5a36-4b8e-8c1e-0d7c5e2f9a11,205.0,410400000.0,84132000000.0,4089585000.0,80042415000.0,382298000.0,1,7f5b6f7e-1c2d-4a4e-9a51-3a3f1d3c0a01
2e5c1ab2-4a37-4a96-a513-fbcd728959cf,9ecee699-2cee-46c3-8f40-54201f6426ec,371ecd7b-27cd-4130-8722-9389571aa876,3b0b0e6c-5a36-4b8e-8c1e-0d7c5e2f9a11,24.0,512700000.00000006,12304800000.000002,360562000.0,11944238000.000002,468206000.0,1,7f5b6f7e-1c2d-4a4e-9a51-3a3f1d3c0a01
3d46f965-04d3-4bba-a708-6b7843f2dc81,9ecee699-2cee-46c3-8f40-54201f6426ec,b74d0fb1-32e7-4629-8fad-c1a606cb0fb3,3b0b0e6c-5a36-4b8e-8c1e-0d7c5e2f9a11,91.0,531200000.00000006,48339200000.00001,1416462000.0,46922738000.00001,475434000.0,2,7f5b6f7e-1c2d-4a4e-9a51-3a3f1d3c0a01
84f93675-1c94-4a44-9dcd-c0d69ada5147,e6063b1d-7ca1-41d5-9428-332577cfffd8,e2acf72f-9e57-4f7a-a0ee-89aed453dd32,3b0b0e6c-5a36-4b8e-8c1e-0d7c5e2f9a11,43.5,603800000.0,26265300000.0,938728000.0,25326572000.0,520026000.0,1,7f5b6f7e-1c2d-4a4e-9a51-3a3f1d3c0a01
c549c031-5ea5-4d59-9a24-de23f3051e7a,e6063b1d-7ca1-41d5-9428-332577cfffd8,4b0dbb41-8d52-48f1-942c-3fe860e7a113,3b0b0e6c-5a36-4b8e-8c1e-0d7c5e2f9a11,21.5,618400000.0,13295600000.0,475188000.0,12820412000.0,530646000.0,2,7f5b6f7e-1c2d-4a4e-9a51-3a3f1d3c0a01
79eb5a7a-3206-4aeb-bdaa-95e20f10e9f0,14b8cb05-1da8-447d-9d86-50992c242e0c,5be6128e-18c2-4797-a142-ea7d17be3111,3b0b0e6c-5a36-4b8e-8c1e-0d7c5e2f9a11,110.0,459700000.0,50567000000.0,1252040000.0,49314960000.0,416620000.0,1,7f5b6f7e-1c2d-4a4e-9a51-3a3f1d3c0a01
b26708fb-b2c3-4a77-bbdb-eef70a04cb77,413cda92-193c-4ad6-8262-65131cfe9e24,1a2a73ed-562b-4f79-8374-59eef50bea63,3b0b0e6c-5a36-4b8e-8c1e-0d7c5e2f9a11,70.0,474200000.0,33194000000.0,836318000.0,32357682000.0,420135000.0,1,7f5b6f7e-1c2d-4a4e-9a51-3a3f1d3c0a01
3150b0d2-6237-4e6e-9948-4dfca12ff1e8,0da4527e-f673-4990-b05f-a292cc00c069,4b0dbb41-8d52-48f1-942c-3fe860e7a113,3b0b0e6c-5a36-4b8e-8c1e-0d7c5e2f9a11,105.0,506500000.0,53182500000.0,2383073000.0,50799427000.0,436482000.0,1,7f5b6f7e-1c2d-4a4e-9a51-3a3f1d3c0a01
6a2bbcaf-4af7-4c05-a9ba-b4dfc3663bd8,39402923-00c2-4e0f-be9f-034fcdbc09ad,759cde66-bacf-43d0-8b1f-9163ce9ff57f,3b0b0e6c-5a36-4b8e-8c1e-0d7c5e2f9a11,10.0,525100000.0,5251000000.0,142091000.0,5108909000.0,462726000.0,1,7f5b6f7e-1c2d-4a4e-9a51-3a3f1d3c0a01
1aaf1beb-d57b-43ce-b63c-d8a1f01e1bca,39402923-00c2-4e0f-be9f-034fcdbc09ad,ec1b8ca1-f91e-4d4c-9ff4-9b7889463e85,3b0b0e6c-5a36-4b8e-8c1e-0d7c5e2f9a11,25.0,519400000.0,12985000000.0,351370000.0,12633630000.0,462636000.0,2,7f5b6f7e-1c2d-4a4e-9a51-3a3f1d3c0a01
c6a7f336-62bc-4506-a086-a65d53a00b00,cfc38f24-dcfe-44a2-adae-7ac6481eb6e2,e2acf72f-9e57-4f7a-a0ee-89aed453dd32,3b0b0e6c-5a36-4b8e-8c1e-0d7c5e2f9a11,80.0,586200000.0,46896000000.0,1618171000.0,45277829000.0,514362000.0,1,7f5b6f7e-1c2d-4a4e-9a51-3a3f1d3c0a01
d194e892-1f19-4da8-9401-1ef254a5d004,dea8ba8c-047b-4324-a846-0fec76ce834a,4b0dbb41-8d52-48f1-942c-3fe860e7a113,3b0b0e6c-5a36-4b8e-8c1e-0d7c5e2f9a11,7.0,588400000.0,4118800000.0,213866000.0,3904934000.0,524540000.0,1,7f5b6f7e-1c2d-4a4e-9a51-3a3f1d3c0a01
af1d0b70-b629-4691-9be7-9f2816e46edf,dea8ba8c-047b-4324-a846-0fec76ce834a,e2acf72f-9e57-4f7a-a0ee-89aed453dd32,3b0b0e6c-5a36-4b8e-8c1e-0d7c5e2f9a11,3.0,586200000.0,1758600000.0,91314000.0,1667286000.0,514362000.0,2,7f5b6f7e-1c2d-4a4e-9a51-3a3f1d3c0a01
968040f0-7792-4953-b047-c988f2b68b3e,1973a552-5089-4d81-91bf-80e6f7a318b5,ec1b8ca1-f91e-4d4c-9ff4-9b7889463e85,3b0b0e6c-5a36-4b8e-8c1e-0d7c5e2f9a11,13.5,502700000.0,6786450000.0,245481000.0,6540969000.0,470057000.0,1,7f5b6f7e-1c2d-4a4e-9a51-3a3f1d3c0a01
5d5f5f72-a19a-40af-bb52-455102ff42fb,1973a552-5089-4d81-91bf-80e6f7a318b5,759cde66-bacf-43d0-8b1f-9163ce9ff57f,3b0b0e6c-5a36-4b8e-8c1e-0d7c5e2f9a11,51.5,504500000.0,25981750000.0,939817000.0,25041933000.0,475216000.0,2,7f5b6f7e-1c2d-4a4e-9a51-3a3f1d3c0a01
490025a4-18c7-4518-ad01-379309226116,6f41a006-0e50-4283-a2c3-3c8c6aa092fd,1a2a73ed-562b-4f79-8374-59eef50bea63,3b0b0e6c-5a36-4b8e-8c1e-0d7c5e2f9a11,45.0,474200000.0,21339000000.0,816340000.0,20522660000.0,420135000.0,1,7f5b6f7e-1c2d-4a4e-9a51-3a3f1d3c0a01
545171c9-ba66-40c2-a467-6234b252b8c6,923b0123-13fb-4d10-afe6-31990d6397ce,ec1b8ca1-f91e-4d4c-9ff4-9b7889463e85,3b0b0e6c-5a36-4b8e-8c1e-0d7c5e2f9a11,19.5,622000000.0,12129000000.0,446276000.0,11682724000.0,560648000.0,1,7f5b6f7e-1c2d-4a4e-9a51-3a3f1d3c0a01
61ebaac9-f98d-41ea-a70a-0f071ec3faa1,923b0123-13fb-4d10-afe6-31990d6397ce,759cde66-bacf-43d0-8b1f-9163ce9ff57f,3b0b0e6c-5a36-4b8e-8c1e-0d7c5e2f9a11,5.5,641900000.0,3530450000.0,129900000.0,3400550000.0,564539000.0,2,7f5b6f7e-1c2d-4a4e-9a51-3a3f1d3c0a01
2395cb4d-44f9-4db2-ab4a-85a58ddba723,1ba6390f-9c24-4686-8008-3e9e496a0071,4b0dbb41-8d52-48f1-942c-3fe860e7a113,3b0b0e6c-5a36-4b8e-8c1e-0d7c5e2f9a11,6.0,750800000.0,4504800000.0,171522000.0,4333278000.0,647289000.0,1,7f5b6f7e-1c2d-4a4e-9a51-3a3f1d3c0a01
3afef5b8-5194-4c02-a740-d684709aefb7,1ba6390f-9c24-4686-8008-3e9e496a0071,e2acf72f-9e57-4f7a-a0ee-89aed453dd32,3b0b0e6c-5a36-4b8e-8c1e-0d7c5e2f9a11,24.0,739400000.0,17745600000.0,675670000.0,17069930000.0,637820000.0,2,7f5b6f7e-1c2d-4a4e-9a51-3a3f1d3c0a01
90043106-fa2e-4222-92c7-796cc693cc8e,472b041f-a760-4990-8ab8-16ce21dddc2c,759cde66-bacf-43d0-8b1f-9163ce9ff57f,3b0b0e6c-5a36-4b8e-8c1e-0d7c5e2f9a11,50.0,645500000.0,32275000000.0,1621909000.0,30653091000.0,580920000.0,1,7f5b6f7e-1c2d-4a4e-9a51-3a3f1d3c0a01
1004cb01-72c3-46b7-8484-8e4b69e32e97,d4baab52-d5b7-47a1-a2b2-1c76b6c298fb,e2acf72f-9e57-4f7a-a0ee-89aed453dd32,3b0b0e6c-5a36-4b8e-8c1e-0d7c5e2f9a11,45.0,730300000.0,32863500000.0,1028651000.0,31834849000.0,654369000.0,1,7f5b6f7e-1c2d-4a4e-9a51-3a3f1d3c0a01
9160adbf-a90e-4d48-943d-25072ecc7ed5,26985000-960e-4e5a-aa7a-5d45a509a258,4b0dbb41-8d52-48f1-942c-3fe860e7a113,3b0b0e6c-5a36-4b8e-8c1e-0d7c5e2f9a11,70.0,779000000.0,54530000000.0,2710537000.0,51819463000.0,666936000.0,1,7f5b6f7e-1c2d-4a4e-9a51-3a3f1d3c0a01
ee62a85d-f550-49ef-b151-895966422996,566a84c2-9756-40b6-8278-dfe003bbb194,a9488d99-0bbb-4599-91ce-5dd2b45ed1f0,3b0b0e6c-5a36-4b8e-8c1e-0d7c5e2f9a11,20.0,479600000.0,9592000000.0,204608000.0,9387392000.0,410000000.0,1,7f5b6f7e-1c2d-4a4e-9a51-3a3f1d3c0a01
1598ff33-858f-4f7e-89ed-5995462a3456,87fa8704-2f58-4667-84b1-2eafca91590a,e2acf72f-9e57-4f7a-a0ee-89aed453dd32,3b0b0e6c-5a36-4b8e-8c1e-0d7c5e2f9a11,30.0,763300000.0,22899000000.0,538330000.0,22360670000.0,646316000.0,1,7f5b6f7e-1c2d-4a4e-9a51-3a3f1d3c0a01
ddecc8ca-743a-4f09-9d7d-fe432193019a,96cc3f31-7c34-4760-a96c-52a590a87d89,9a1de644-815e-46d1-bb8f-aa1837f8a88b,3b0b0e6c-5a36-4b8e-8c1e-0d7c5e2f9a11,21.0,358900000.0,7536900000.0,139583000.0,7397317000.0,323416000.0,1,7f5b6f7e-1c2d-4a4e-9a51-3a3f1d3c0a01
223628c8-cc75-4cfb-adf4-d15972650ea6,96cc3f31-7c34-4760-a96c-52a590a87d89,bd9c66b3-ad3c-4d6d-9a3d-1fa7bc8960a9,3b0b0e6c-5a36-4b8e-8c1e-0d7c5e2f9a11,19.0,367300000.0,6978700000.0,129245000.0,6849455000.0,338002000.0,2,7f5b6f7e-1c2d-4a4e-9a51-3a3f1d3c0a01
b8c6a940-f8ee-4af9-99ea-260c05fb6e87,3852136f-b1bb-42b6-9461-f023c9e1974f,17fc695a-07a0-4a6e-8822-e8f36c031199,3b0b0e6c-5a36-4b8e-8c1e-0d7c5e2f9a11,70.0,361900000.0,25333000000.0,667889000.0,24665111000.0,334730000.0,1,7f5b6f7e-1c2d-4a4e-9a51-3a3f1d3c0a01
328a241f-fa53-4eea-8f15-8e53c2124fb7,5c7294c8-9383-40b9-a811-fac21e336c47,23b8c1e9-3924-46de-beb1-3b9046685257,3b0b0e6c-5a36-4b8e-8c1e-0d7c5e2f9a11,55.0,420100000.0,23105500000.0,604343000.0,22501157000.0,377834000.0,1,7f5b6f7e-1c2d-4a4e-9a51-3a3f1d3c0a01
8bc8d047-b76f-4d36-a0d7-5174b5d1ee74,420a4527-b0ca-4da0-b994-1fa259ffbd3c,972a8469-1641-4f82-8b9d-2434e465e150,3b0b0e6c-5a36-4b8e-8c1e-0d7c5e2f9a11,19.5,412300000.0,8039850000.0,186199000.0,7853651000.0,384472000.0,1,7f5b6f7e-1c2d-4a4e-9a51-3a3f1d3c0a01
36062439-f687-4537-9519-6dcdc1935963,420a4527-b0ca-4da0-b994-1fa259ffbd3c,17fc695a-07a0-4a6e-8822-e8f36c031199,3b0b0e6c-5a36-4b8e-8c1e-0d7c5e2f9a11,8.5,412000000.0,3502000000.0,81105000.0,3420895000.0,381948000.0,2,7f5b6f7e-1c2d-4a4e-9a51-3a3f1d3c0a01
86230d98-233e-415e-8ece-cc951d9c1b8d,420a4527-b0ca-4da0-b994-1fa259ffbd3c,9a1de644-815e-46d1-bb8f-aa1837f8a88b,3b0b0e6c-5a36-4b8e-8c1e-0d7c5e2f9a11,12.5,404900000.0,5061250000.0,117216000.0,4944034000.0,371756000.0,3,7f5b6f7e-1c2d-4a4e-9a51-3a3f1d3c0a01
d1b9ded8-a782-4ae4-bd2c-96aaedf48091,1dd838c6-ea2f-4ab2-bac1-af9d0daacb17,4b0dbb41-8d52-48f1-942c-3fe860e7a113,3b0b0e6c-5a36-4b8e-8c1e-0d7c5e2f9a11,285.0,731400000.0,208449000000.0,5689596000.0,202759404000.0,646846000.0,1,7f5b6f7e-1c2d-4a4e-9a51-3a3f1d3c0a01
bcb24793-ce12-4540-bddb-7186cf3e2e7d,69e439b7-daa5-46b5-aabb-1df1bbdf5093,1a2a73ed-562b-4f79-8374-59eef50bea63,3b0b0e6c-5a36-4b8e-8c1e-0d7c5e2f9a11,65.0,572400000.0,37206000000.0,1368234000.0,35837766000.0,507918000.0,1,7f5b6f7e-1c2d-4a4e-9a51-3a3f1d3c0a01
e79ed216-d2b4-4cee-8c81-066f3e96b6bc,ab3ba952-6f12-43db-bc6b-6e55e6a52753,e2acf72f-9e57-4f7a-a0ee-89aed453dd32,3b0b0e6c-5a36-4b8e-8c1e-0d7c5e2f9a11,20.5,637400000.0,13066700000.0,253902000.0,12812798000.0,554895000.0,1,7f5b6f7e-1c2d-4a4e-9a51-3a3f1d3c0a01
7ac86c5a-daf0-4ccd-89be-2383d00986f4,ab3ba952-6f12-43db-bc6b-6e55e6a52753,4b0dbb41-8d52-48f1-942c-3fe860e7a113,3b0b0e6c-5a36-4b8e-8c1e-0d7c5e2f9a11,14.5,646800000.0,9378600000.0,182237000.0,9196363000.0,559143000.0,2,7f5b6f7e-1c2d-4a4e-9a51-3a3f1d3c0a01
82297183-2eb6-4251-9d36-e24ea0ea2084,1fa737b8-fc42-442d-ba39-8cea5068314c,759cde66-bacf-43d0-8b1f-9163ce9ff57f,3b0b0e6c-5a36-4b8e-8c1e-0d7c5e2f9a11,33.5,613300000.0,20545550000.0,327294000.0,20218256000.0,509877000.0,1,7f5b6f7e-1c2d-4a4e-9a51-3a3f1d3c0a01
57e5b1b9-b4d1-4861-890c-03c804a12032,1fa737b8-fc42-442d-ba39-8cea5068314c,ec1b8ca1-f91e-4d4c-9ff4-9b7889463e85,3b0b0e6c-5a36-4b8e-8c1e-0d7c5e2f9a11,6.5,597800000.0,3885700000.0,61900000.0,3823800000.0,497750000.0,2,7f5b6f7e-1c2d-4a4e-9a51-3a3f1d3c0a01
d326fe25-a254-456c-9bba-73e975020f29,9db5d7d6-4558-4148-8a83-c300525d2dc4,759cde66-bacf-43d0-8b1f-9163ce9ff57f,3b0b0e6c-5a36-4b8e-8c1e-0d7c5e2f9a11,55.0,669500000.0,36822500000.0,530384000.0,36292116000.0,585535000.0,1,7f5b6f7e-1c2d-4a4e-9a51-3a3f1d3c0a01
d39f9faa-0bb7-46f4-8d51-cdbb61e5a4e2,1a811a97-8db7-4bf1-8018-dd3c77a146b8,3139d32c-93cd-49bf-9c94-1cf0dc98d2c1,3b0b0e6c-5a36-4b8e-8c1e-0d7c5e2f9a11,160.0,581300000.0,93008000000.0,3136471000.0,89871529000.0,522859000.0,1,7f5b6f7e-1c2d-4a4e-9a51-3a3f1d3c0a01
94d16569-b413-4bc3-925f-ead1aa5a5914,62f2e94f-1148-4a9b-8a92-8cb873427425,a9488d99-0bbb-4599-91ce-5dd2b45ed1f0,3b0b0e6c-5a36-4b8e-8c1e-0d7c5e2f9a11,53.0,599200000.0,31757600000.0,1093914000.0,30663686000.0,524380000.0,1,7f5b6f7e-1c2d-4a4e-9a51-3a3f1d3c0a01
84ef7d7a-d2a4-454c-9a15-239b5fdabcf9,62f2e94f-1148-4a9b-8a92-8cb873427425,fc377a4c-4a15-444d-85e7-ce8a3a578a8e,3b0b0e6c-5a36-4b8e-8c1e-0d7c5e2f9a11,187.0,626000000.0,117062000000.0,4032288000.0,113029712000.0,541117000.0,2,7f5b6f7e-1c2d-4a4e-9a51-3a3f1d3c0a01
2f7ba79a-a154-4e75-941c-f8666815b921,c2cdba93-c973-4da7-b964-83c481c4f5e5,23b8c1e9-3924-46de-beb1-3b9046685257,3b0b0e6c-5a36-4b8e-8c1e-0d7c5e2f9a11,7.5,423800000.0,3178500000.0,188605000.0,2989895000.0,392794000.0,1,7f5b6f7e-1c2d-4a4e-9a51-3a3f1d3c0a01
5cecffc0-ac09-4fd5-98af-4ec0f417119d,c2cdba93-c973-4da7-b964-83c481c4f5e5,9a1de644-815e-46d1-bb8f-aa1837f8a88b,3b0b0e6c-5a36-4b8e-8c1e-0d7c5e2f9a11,32.5,404900000.0,13159250000.0,780842000.0,12378408000.0,371756000.0,2,7f5b6f7e-1c2d-4a4e-9a51-3a3f1d3c0a01
b899c7ba-aa74-441c-b57c-66e7d50d2a6b,6f1af918-56cc-4c6e-8fc0-8ec1ffdb286a,23b8c1e9-3924-46de-beb1-3b9046685257,3b0b0e6c-5a36-4b8e-8c1e-0d7c5e2f9a11,225.0,426700000.0,96007500000.0,6027587000.0,89979913000.0,396253000.0,1,7f5b6f7e-1c2d-4a4e-9a51-3a3f1d3c0a01
c80d9b26-3e8d-4c06-9f01-ee7b1110893c,14762b21-9719-4f70-96c4-986fb6f1b3cb,47378190-96da-4dac-b2ff-5d2a386ecbe0,3b0b0e6c-5a36-4b8e-8c1e-0d7c5e2f9a11,80.0,339700000.0,27176000000.0,963331000.0,26212669000.0,308630000.0,1,7f5b6f7e-1c2d-4a4e-9a51-3a3f1d3c0a01
04bf7c91-7dc2-455e-9101-f70dc74f0947,415044d1-0d6f-4600-af91-dec60084134a,5be6128e-18c2-4797-a142-ea7d17be3111,3b0b0e6c-5a36-4b8e-8c1e-0d7c5e2f9a11,13.0,423400000.0,5504200000.0,287662000.0,5216538000.0,388315000.0,1,7f5b6f7e-1c2d-4a4e-9a51-3a3f1d3c0a01
0221b9fa-4d38-43b3-8f93-7d3f0b91ec08,415044d1-0d6f-4600-af91-dec60084134a,1a2a73ed-562b-4f79-8374-59eef50bea63,3b0b0e6c-5a36-4b8e-8c1e-0d7c5e2f9a11,22.0,430700000.0,9475400000.0,495205000.0,8980195000.0,392385000.0,2,7f5b6f7e-1c2d-4a4e-9a51-3a3f1d3c0a01
59e5f59d-135d-4cf8-8689-6bdd8e7a68c5,3cf44a95-5abe-49de-b7a3-9803739d180d,43b7a3a6-9a8d-4a03-980d-7b71d8f56413,3b0b0e6c-5a36-4b8e-8c1e-0d7c5e2f9a11,30.0,460400000.0,13812000000.0,432896000.0,13379104000.0,413660000.0,1,7f5b6f7e-1c2d-4a4e-9a51-3a3f1d3c0a01
51bc4460-6f21-490b-a683-360cc8c2f3ff,4e23cead-a714-4b37-a317-60e4fa66ca82,b74d0fb1-32e7-4629-8fad-c1a606cb0fb3,3b0b0e6c-5a36-4b8e-8c1e-0d7c5e2f9a11,85.0,449300000.0,38190500000.0,1547536000.0,36642964000.0,407724000.0,1,7f5b6f7e-1c2d-4a4e-9a51-3a3f1d3c0a01
333a327b-6326-43fc-99e9-6d674e72b34f,566720cc-6ffd-4f07-bb0a-06dbb2d07771,6b65a6a4-8b81-48f6-b38a-088ca65ed389,3b0b0e6c-5a36-4b8e-8c1e-0d7c5e2f9a11,58.0,512500000.0,29725000000.0,1380788000.0,28344212000.0,459879000.0,1,7f5b6f7e-1c2d-4a4e-9a51-3a3f1d3c0a01
e9615d66-76e7-4e9b-a903-4d65c3f17723,566720cc-6ffd-4f07-bb0a-06dbb2d07771,371ecd7b-27cd-4130-8722-9389571aa876,3b0b0e6c-5a36-4b8e-8c1e-0d7c5e2f9a11,7.0,511700000.0,3581900000.0,166387000.0,3415513000.0,453748000.0,2,7f5b6f7e-1c2d-4a4e-9a51-3a3f1d3c0a01
2be1cec8-45bc-4083-8597-e4c3385d32b9,7203ad15-f9ba-4da9-9058-036fca43d333,b74d0fb1-32e7-4629-8fad-c1a606cb0fb3,3b0b0e6c-5a36-4b8e-8c1e-0d7c5e2f9a11,35.0,449300000.0,15725500000.0,349958000.0,15375542000.0,407724000.0,1,7f5b6f7e-1c2d-4a4e-9a51-3a3f1d3c0a01
e40afb4a-dbe3-46ee-bb55-c71ad3d7a826,f52612e5-8923-4297-ade9-673886a7e93d,bd9c66b3-ad3c-4d6d-9a3d-1fa7bc8960a9,3b0b0e6c-5a36-4b8e-8c1e-0d7c5e2f9a11,24.5,412300000.0,10101350000.0,115652000.0,9985698000.0,383911000.0,1,7f5b6f7e-1c2d-4a4e-9a51-3a3f1d3c0a01
c8614342-068c-4da6-a75e-ae3d0e7c6128,f52612e5-8923-4297-ade9-673886a7e93d,9a1de644-815e-46d1-bb8f-aa1837f8a88b,3b0b0e6c-5a36-4b8e-8c1e-0d7c5e2f9a11,10.5,404900000.0,4251450000.0,48676000.0,4202774000.0,371756000.0,2,7f5b6f7e-1c2d-4a4e-9a51-3a3f1d3c0a01
4a5c5b7c-f7e1-4181-8520-b3b8de56fd91,3b2a34ee-b6a9-4767-83ee-e50105e096a3,bd9c66b3-ad3c-4d6d-9a3d-1fa7bc8960a9,3b0b0e6c-5a36-4b8e-8c1e-0d7c5e2f9a11,85.0,419600000.0,35666000000.0,891265000.0,34774735000.0,385500000.0,1,7f5b6f7e-1c2d-4a4e-9a51-3a3f1d3c0a01
39299eb9-da40-426e-8d48-6ea14742fdc6,051c4ddd-bea6-46d0-8850-cd2704d91a79,9a1de644-815e-46d1-bb8f-aa1837f8a88b,3b0b0e6c-5a36-4b8e-8c1e-0d7c5e2f9a11,3.5,276200000.0,966700000.0,58530000.0,908170000.0,256658000.0,1,7f5b6f7e-1c2d-4a4e-9a51-3a3f1d3c0a01
e51417ae-267a-4da8-aad5-df1d17fc6cea,051c4ddd-bea6-46d0-8850-cd2704d91a79,bdd640fb-0667-4ad1-9c80-317fa3b1799d,3b0b0e6c-5a36-4b8e-8c1e-0d7c5e2f9a11,26.5,294800000.0,7812200000.0,472998000.0,7339202000.0,275918000.0,2,7f5b6f7e-1c2d-4a4e-9a51-3a3f1d3c0a01
4cd11fe6-01e0-4bc7-919d-2f635d606821,06dffaf3-0985-46a0-9da2-0e5e0a3bbe6b,972a8469-1641-4f82-8b9d-2434e465e150,3b0b0e6c-5a36-4b8e-8c1e-0d7c5e2f9a11,26.0,332400000.0,8642400000.0,490854000.0,8151546000.0,313225000.0,1,7f5b6f7e-1c2d-4a4e-9a51-3a3f1d3c0a01
2d923033-1de5-4037-add5-182c6d4d17ac,06dffaf3-0985-46a0-9da2-0e5e0a3bbe6b,9a1de644-815e-46d1-bb8f-aa1837f8a88b,3b0b0e6c-5a36-4b8e-8c1e-0d7c5e2f9a11,14.0,333000000.0,4662000000.0,264783000.0,4397217000.0,304716000.0,2,7f5b6f7e-1c2d-4a4e-9a51-3a3f1d3c0a01
d421af64-7c67-4780-93df-9c5af62c8e93,0825b12a-0149-4211-9edc-663e8c428152,a9488d99-0bbb-4599-91ce-5dd2b45ed1f0,3b0b0e6c-5a36-4b8e-8c1e-0d7c5e2f9a11,55.0,483800000.0,26609000000.0,964341000.0,25644659000.0,417518000.0,1,7f5b6f7e-1c2d-4a4e-9a51-3a3f1d3c0a01
76857c46-8eb7-4a6e-b421-deb41276f790,1be042ad-1623-4be6-88bd-a6be798c1046,17fc695a-07a0-4a6e-8822-e8f36c031199,3b0b0e6c-5a36-4b8e-8c1e-0d7c5e2f9a11,40.5,412000000.0,16686000000.0,984467000.0,15701533000.0,381948000.0,1,7f5b6f7e-1c2d-4a4e-9a51-3a3f1d3c0a01
b462001d-ca3c-4b46-acc6-d7e345fd0aa5,1be042ad-1623-4be6-88bd-a6be798c1046,23b8c1e9-3924-46de-beb1-3b9046685257,3b0b0e6c-5a36-4b8e-8c1e-0d7c5e2f9a11,4.5,423800000.0,1907100000.0,112518000.0,1794582000.0,392794000.0,2,7f5b6f7e-1c2d-4a4e-9a51-3a3f1d3c0a01
2c791f3f-65cb-4b76-a1be-7305002e6cfb,adca3a79-6b60-4463-aee7-76e7ac1b6d47,bd9c66b3-ad3c-4d6d-9a3d-1fa7bc8960a9,3b0b0e6c-5a36-4b8e-8c1e-0d7c5e2f9a11,80.0,419600000.0,33568000000.0,1429984000.0,32138016000.0,385500000.0,1,7f5b6f7e-1c2d-4a4e-9a51-3a3f1d3c0a01
aa8fe811-9b8a-4c22-8f9e-9136fa71e471,a954a5e0-2229-4482-ba0a-614d2307ed34,3139d32c-93cd-49bf-9c94-1cf0dc98d2c1,3b0b0e6c-5a36-4b8e-8c1e-0d7c5e2f9a11,17.5,510000000.0,8925000000.0,336349000.0,8588651000.0,445262000.0,1,7f5b6f7e-1c2d-4a4e-9a51-3a3f1d3c0a01
1861e622-e53c-4894-8f72-cd676c247145,a954a5e0-2229-4482-ba0a-614d2307ed34,fc377a4c-4a15-444d-85e7-ce8a3a578a8e,3b0b0e6c-5a36-4b8e-8c1e-0d7c5e2f9a11,37.5,518000000.0,19425000000.0,732054000.0,18692946000.0,456718000.0,2,7f5b6f7e-1c2d-4a4e-9a51-3a3f1d3c0a01
a1dea79d-3548-4fd5-9fd6-5fde72db08f2,a954a5e0-2229-4482-ba0a-614d2307ed34,a9488d99-0bbb-4599-91ce-5dd2b45ed1f0,3b0b0e6c-5a36-4b8e-8c1e-0d7c5e2f9a11,25.0,498200000.0,12455000000.0,469381000.0,11985619000.0,433090000.0,3,7f5b6f7e-1c2d-4a4e-9a51-3a3f1d3c0a01
47f0a9c8-d9e9-4448-9d16-e951f2db38c2,ec5df465-c1b3-4cb3-88db-73815ab1c469,5be6128e-18c2-4797-a142-ea7d17be3111,3b0b0e6c-5a36-4b8e-8c1e-0d7c5e2f9a11,15.5,501400000.0,7771700000.0,283207000.0,7488493000.0,427072000.0,1,7f5b6f7e-1c2d-4a4e-9a51-3a3f1d3c0a01
8bb5810a-f177-489d-b214-357a330d576a,ec5df465-c1b3-4cb3-88db-73815ab1c469,43b7a3a6-9a8d-4a03-980d-7b71d8f56413,3b0b0e6c-5a36-4b8e-8c1e-0d7c5e2f9a11,19.5,524400000.0,10225800000.0,372637000.0,9853163000.0,448348000.0,2,7f5b6f7e-1c2d-4a4e-9a51-3a3f1d3c0a01
d5efbd3b-127e-42b7-8483-65885f29b237,939741c3-6ee2-4774-baf2-e65a16af8281,6c307511-b2b9-437a-a8df-6ec4ce4a2bbd,3b0b0e6c-5a36-4b8e-8c1e-0d7c5e2f9a11,18.0,493200000.0,8877600000.0,489004000.0,8388596000.0,435266000.0,1,7f5b6f7e-1c2d-4a4e-9a51-3a3f1d3c0a01
5bda4050-0813-404f-8644-755aaff0b02c,939741c3-6ee2-4774-baf2-e65a16af8281,b74d0fb1-32e7-4629-8fad-c1a606cb0fb3,3b0b0e6c-5a36-4b8e-8c1e-0d7c5e2f9a11,12.0,510600000.0,6127200000.0,337504000.0,5789696000.0,468754000.0,2,7f5b6f7e-1c2d-4a4e-9a51-3a3f1d3c0a01
7bc088c4-22e9-48da-9d97-6aa2d25f285d,cb9e9f76-f158-4159-be1b-58d15c523260,ec1b8ca1-f91e-4d4c-9ff4-9b7889463e85,3b0b0e6c-5a36-4b8e-8c1e-0d7c5e2f9a11,56.0,413500000.0,23156000000.0,486526000.0,22669474000.0,372679000.0,1,7f5b6f7e-1c2d-4a4e-9a51-3a3f1d3c0a01
4298606e-f8cc-4af0-b684-3c189b831577,cb9e9f76-f158-4159-be1b-58d15c523260,759cde66-bacf-43d0-8b1f-9163ce9ff57f,3b0b0e6c-5a36-4b8e-8c1e-0d7c5e2f9a11,4.0,424300000.0,1697200000.0,35660000.0,1661540000.0,376752000.0,2,7f5b6f7e-1c2d-4a4e-9a51-3a3f1d3c0a01
97d6d50c-a1b5-440d-8b79-3866f6599b89,72028f03-c5df-460a-81ae-f3e3cda7be29,43b7a3a6-9a8d-4a03-980d-7b71d8f56413,3b0b0e6c-5a36-4b8e-8c1e-0d7c5e2f9a11,255.0,379200000.0,96696000000.0,1405220000.0,95290780000.0,340770000.0,1,7f5b6f7e-1c2d-4a4e-9a51-3a3f1d3c0a01
e7806a21-64e2-4291-adfe-a031de5f775a,eccceec4-2ef3-49b0-8559-57cd57813dba,43b7a3a6-9a8d-4a03-980d-7b71d8f56413,3b0b0e6c-5a36-4b8e-8c1e-0d7c5e2f9a11,23.5,440200000.0,10344700000.0,325268000.0,10019432000.0,398952000.0,1,7f5b6f7e-1c2d-4a4e-9a51-3a3f1d3c0a01
d7c39a6d-9651-4a21-9ba5-d99bb73dc9b4,eccceec4-2ef3-49b0-8559-57cd57813dba,1a2a73ed-562b-4f79-8374-59eef50bea63,3b0b0e6c-5a36-4b8e-8c1e-0d7c5e2f9a11,16.0,430700000.0,6891200000.0,216680000.0,6674520000.0,392385000.0,2,7f5b6f7e-1c2d-4a4e-9a51-3a3f1d3c0a01
b2582cb6-3700-47e6-b1bb-c8b2db82419a,eccceec4-2ef3-49b0-8559-57cd57813dba,5be6128e-18c2-4797-a142-ea7d17be3111,3b0b0e6c-5a36-4b8e-8c1e-0d7c5e2f9a11,10.5,423400000.0,4445700000.0,139786000.0,4305914000.0,388315000.0,3,7f5b6f7e-1c2d-4a4e-9a51-3a3f1d3c0a01
a7a47b93-8012-4202-8ebc-245626e8e658,30c4aa27-c0c9-4f5d-bcb1-d0929587c716,4b0dbb41-8d52-48f1-942c-3fe860e7a113,3b0b0e6c-5a36-4b8e-8c1e-0d7c5e2f9a11,63.0,618400000.0,38959200000.0,781061000.0,38178139000.0,530646000.0,1,7f5b6f7e-1c2d-4a4e-9a51-3a3f1d3c0a01
c356cf42-eee5-4ecc-9bf2-81485259c165,30c4aa27-c0c9-4f5d-bcb1-d0929587c716,e2acf72f-9e57-4f7a-a0ee-89aed453dd32,3b0b0e6c-5a36-4b8e-8c1e-0d7c5e2f9a11,27.0,603800000.0,16302600000.0,326837000.0,15975763000.0,520026000.0,2,7f5b6f7e-1c2d-4a4e-9a51-3a3f1d3c0a01
30e6b3b5-55cf-4d9f-8be7-f1743f8d9191,f4c2ed1c-af5a-419f-ad12-ca1bdaa44d11,4b0dbb41-8d52-48f1-942c-3fe860e7a113,3b0b0e6c-5a36-4b8e-8c1e-0d7c5e2f9a11,65.0,588400000.0,38246000000.0,734643000.0,37511357000.0,524540000.0,1,7f5b6f7e-1c2d-4a4e-9a51-3a3f1d3c0a01
3211355e-e5fb-46f9-80e4-d537ca4ff274,a95ec830-4b6d-4365-b1ed-c2a1f025160e,759cde66-bacf-43d0-8b1f-9163ce9ff57f,3b0b0e6c-5a36-4b8e-8c1e-0d7c5e2f9a11,45.0,532799999.99999994,23975999999.999996,852860000.0,23123139999.999996,462184000.0,1,7f5b6f7e-1c2d-4a4e-9a51-3a3f1d3c0a01
4222bb28-83d8-453e-882e-0bb322642f93,a95ec830-4b6d-4365-b1ed-c2a1f025160e,ec1b8ca1-f91e-4d4c-9ff4-9b7889463e85,3b0b0e6c-5a36-4b8e-8c1e-0d7c5e2f9a11,20.0,517500000.0,10350000000.0,368164000.0,9981836000.0,452500000.0,2,7f5b6f7e-1c2d-4a4e-9a51-3a3f1d3c0a01
93ebb294-60d3-45fb-8d77-7d1afd303375,e0a6d289-ab7d-416f-960f-9df72ef7728c,4b0dbb41-8d52-48f1-942c-3fe860e7a113,3b0b0e6c-5a36-4b8e-8c1e-0d7c5e2f9a11,115.0,730900000.0,84053500000.0,1278534000.0,82774966000.0,633040000.0,1,7f5b6f7e-1c2d-4a4e-9a51-3a3f1d3c0a01
0cd21424-acaf-4e4d-a8be-2e289a148f78,4bad763e-399f-4504-870b-dbe0211a5ed8,5be6128e-18c2-4797-a142-ea7d17be3111,3b0b0e6c-5a36-4b8e-8c1e-0d7c5e2f9a11,105.5,531700000.00000006,56094350000.00001,1130211000.0,54964139000.00001,480908000.0,1,7f5b6f7e-1c2d-4a4e-9a51-3a3f1d3c0a01
85c82188-7cc1-4507-898c-2f82a256b21e,4bad763e-399f-4504-870b-dbe0211a5ed8,1a2a73ed-562b-4f79-8374-59eef50bea63,3b0b0e6c-5a36-4b8e-8c1e-0d7c5e2f9a11,44.5,544800000.0,24243600000.0,488469000.0,23755131000.0,490620000.0,2,7f5b6f7e-1c2d-4a4e-9a51-3a3f1d3c0a01
b21dce97-f032-47f1-a101-deba05cb26f6,718ba6ed-2009-4f88-be9c-f4d8e4004865,4b0dbb41-8d52-48f1-942c-3fe860e7a113,3b0b0e6c-5a36-4b8e-8c1e-0d7c5e2f9a11,80.0,779000000.0,62320000000.0,1630098000.0,60689902000.0,666936000.0,1,7f5b6f7e-1c2d-4a4e-9a51-3a3f1d3c0a01
c8b11fd6-060c-4889-9b42-8b3ef504ff01,dacf4f26-1d82-4bae-89e3-c8ba43299dde,a9488d99-0bbb-4599-91ce-5dd2b45ed1f0,3b0b0e6c-5a36-4b8e-8c1e-0d7c5e2f9a11,132.0,384900000.0,50806800000.0,1686339000.0,49120461000.0,342785000.0,1,7f5b6f7e-1c2d-4a4e-9a51-3a3f1d3c0a01
8f927d17-4dfb-4415-9120-91c4c7ed56a4,dacf4f26-1d82-4bae-89e3-c8ba43299dde,3139d32c-93cd-49bf-9c94-1cf0dc98d2c1,3b0b0e6c-5a36-4b8e-8c1e-0d7c5e2f9a11,153.0,375400000.0,57436200000.0,1906377000.0,55529823000.0,341800000.0,2,7f5b6f7e-1c2d-4a4e-9a51-3a3f1d3c0a01
6eec8798-4ce3-4a5d-af68-8a40535474e1,406df0db-c6e5-4bb9-9175-bb5a7f852634,47378190-96da-4dac-b2ff-5d2a386ecbe0,3b0b0e6c-5a36-4b8e-8c1e-0d7c5e2f9a11,80.0,412800000.0,33024000000.0,1109300000.0,31914700000.0,380640000.0,1,7f5b6f7e-1c2d-4a4e-9a51-3a3f1d3c0a01
4fa6afab-706c-4e93-969e-42df8ccb4c17,f147f33e-83ad-4b43-9e2a-dda2bae7c4a0,ddd1dfb2-3b98-4ef8-9af6-1a26146d3f31,3b0b0e6c-5a36-4b8e-8c1e-0d7c5e2f9a11,95.0,322200000.0,30609000000.0,954225000.0,29654775000.0,321104000.0,1,7f5b6f7e-1c2d-4a4e-9a51-3a3f1d3c0a01
d8524bbc-950e-4ac2-acee-936a6598271a,24eb79ee-e76e-49a0-932b-201c3221bb88,972a8469-1641-4f82-8b9d-2434e465e150,3b0b0e6c-5a36-4b8e-8c1e-0d7c5e2f9a11,155.0,335000000.0,51925000000.0,1287737000.0,50637263000.0,324352000.0,1,7f5b6f7e-1c2d-4a4e-9a51-3a3f1d3c0a01
58179fc9-6360-4e4d-81a2-4454f70e12ca,0db1856e-57ea-450c-8447-002900868987,6b65a6a4-8b81-48f6-b38a-088ca65ed389,3b0b0e6c-5a36-4b8e-8c1e-0d7c5e2f9a11,88.5,408800000.0,36178800000.0,869043000.0,35309757000.0,370392000.0,1,7f5b6f7e-1c2d-4a4e-9a51-3a3f1d3c0a01
be8f87c3-d4e7-4c35-a104-a2ed5bc961c9,0db1856e-57ea-450c-8447-002900868987,c241330b-01a9-471f-9e8a-774bcf36d58b,3b0b0e6c-5a36-4b8e-8c1e-0d7c5e2f9a11,46.5,439600000.0,20441400000.0,491018000.0,19950382000.0,401136000.0,2,7f5b6f7e-1c2d-4a4e-9a51-3a3f1d3c0a01
576c41b2-d464-439b-9bbb-d1c9d4d7e4e3,614e0f3a-8c0f-490c-b3ed-6b194beda614,5be6128e-18c2-4797-a142-ea7d17be3111,3b0b0e6c-5a36-4b8e-8c1e-0d7c5e2f9a11,45.0,459700000.0,20686500000.0,702186000.0,19984314000.0,416620000.0,1,7f5b6f7e-1c2d-4a4e-9a51-3a3f1d3c0a01
ee9801e5-4786-473c-a6ff-ffa336921eeb,e03797fc-0461-4c9c-9067-a19e562406e3,ddd1dfb2-3b98-4ef8-9af6-1a26146d3f31,3b0b0e6c-5a36-4b8e-8c1e-0d7c5e2f9a11,175.0,342200000.0,59885000000.0,2540422000.0,57344578000.0,326556000.0,1,7f5b6f7e-1c2d-4a4e-9a51-3a3f1d3c0a01
0494029d-b4be-4e32-af42-994fb0fff2a4,49b1dae7-3159-4c9e-8e42-f7a2cac3e451,17fc695a-07a0-4a6e-8822-e8f36c031199,3b0b0e6c-5a36-4b8e-8c1e-0d7c5e2f9a11,95.0,358000000.0,34010000000.0,676566000.0,33333434000.0,338750000.0,1,7f5b6f7e-1c2d-4a4e-9a51-3a3f1d3c0a01
55808d6f-94f3-4fe5-a1f9-622a254d9a5d,dfc66625-1dfb-43f1-8937-f5a7322373de,17fc695a-07a0-4a6e-8822-e8f36c031199,3b0b0e6c-5a36-4b8e-8c1e-0d7c5e2f9a11,70.0,361900000.0,25333000000.0,787280000.0,24545720000.0,334730000.0,1,7f5b6f7e-1c2d-4a4e-9a51-3a3f1d3c0a01
69a24ce0-937f-43fd-b033-cfd2f9745fbe,088497e9-f713-48e8-b7e3-ff68c27366e7,ddd1dfb2-3b98-4ef8-9af6-1a26146d3f31,3b0b0e6c-5a36-4b8e-8c1e-0d7c5e2f9a11,185.0,389700000.0,72094500000.0,2280353000.0,69814147000.0,366130000.0,1,7f5b6f7e-1c2d-4a4e-9a51-3a3f1d3c0a01
aae3dc55-8901-44cd-aa84-48d8bd6a9b87,d9d6992e-8c6d-470c-b1ac-7065e48ca3b3,972a8469-1641-4f82-8b9d-2434e465e150,3b0b0e6c-5a36-4b8e-8c1e-0d7c5e2f9a11,160.0,438400000.0,70144000000.0,2132868000.0,68011132000.0,396814000.0,1,7f5b6f7e-1c2d-4a4e-9a51-3a3f1d3c0a01
f9b2c861-ff81-4555-9fad-d729517be8b8,cc42d661-6e7b-4ec9-ad87-9c282b20fb61,c241330b-01a9-471f-9e8a-774bcf36d58b,3b0b0e6c-5a36-4b8e-8c1e-0d7c5e2f9a11,155.0,437700000.0,67843500000.0,1940431000.0,65903069000.0,392718000.0,1,7f5b6f7e-1c2d-4a4e-9a51-3a3f1d3c0a01
4f1cf36b-6a71-426c-a3d3-576e1a933965,f22e8078-8ad7-4575-bea5-0fb7e6517686,ddd1dfb2-3b98-4ef8-9af6-1a26146d3f31,3b0b0e6c-5a36-4b8e-8c1e-0d7c5e2f9a11,170.0,328700000.0,55879000000.0,2106742000.0,53772258000.0,302304000.0,1,7f5b6f7e-1c2d-4a4e-9a51-3a3f1d3c0a01
3277d9da-6320-4122-b073-823b1eedcfc9,6cab995b-2f91-4782-aa61-78144b138734,a9488d99-0bbb-4599-91ce-5dd2b45ed1f0,3b0b0e6c-5a36-4b8e-8c1e-0d7c5e2f9a11,85.0,483800000.0,41123000000.0,993203000.0,40129797000.0,417518000.0,1,7f5b6f7e-1c2d-4a4e-9a51-3a3f1d3c0a01
b70a4c79-809e-4296-a401-42468ff142e7,6cab995b-2f91-4782-aa61-78144b138734,3139d32c-93cd-49bf-9c94-1cf0dc98d2c1,3b0b0e6c-5a36-4b8e-8c1e-0d7c5e2f9a11,58.5,495500000.0,28986750000.0,700088000.0,28286662000.0,430226000.0,2,7f5b6f7e-1c2d-4a4e-9a51-3a3f1d3c0a01
c185f8b9-240b-4122-8ca4-8d231eb79d40,6cab995b-2f91-4782-aa61-78144b138734,fc377a4c-4a15-444d-85e7-ce8a3a578a8e,3b0b0e6c-5a36-4b8e-8c1e-0d7c5e2f9a11,6.5,507000000.0,3295500000.0,79593000.0,3215907000.0,437476000.0,3,7f5b6f7e-1c2d-4a4e-9a51-3a3f1d3c0a01
3019287b-a191-474e-99ac-fc8e72851480,89c9b09a-43f3-41fe-8f47-54bebc442ba1,ddd1dfb2-3b98-4ef8-9af6-1a26146d3f31,3b0b0e6c-5a36-4b8e-8c1e-0d7c5e2f9a11,95.0,347400000.0,33003000000.0,783198000.0,32219802000.0,315558000.0,1,7f5b6f7e-1c2d-4a4e-9a51-3a3f1d3c0a01
69cdcfb6-86f6-4bc7-9b23-32ba3f63ba54,c9afb596-5055-4a96-8428-f968bb30a4f9,17fc695a-07a0-4a6e-8822-e8f36c031199,3b0b0e6c-5a36-4b8e-8c1e-0d7c5e2f9a11,10.5,362300000.0,3804150000.0,83830000.0,3720320000.0,328559000.0,1,7f5b6f7e-1c2d-4a4e-9a51-3a3f1d3c0a01
12ba8b26-ef88-4a2c-bb9c-a96e2fae8eed,c9afb596-5055-4a96-8428-f968bb30a4f9,bdd640fb-0667-4ad1-9c80-317fa3b1799d,3b0b0e6c-5a36-4b8e-8c1e-0d7c5e2f9a11,56.5,372600000.0,21051900000.0,463909000.0,20587991000.0,336320000.0,2,7f5b6f7e-1c2d-4a4e-9a51-3a3f1d3c0a01
f2990cc9-a1f4-4944-86c7-b718c0eabb63,c9afb596-5055-4a96-8428-f968bb30a4f9,9a1de644-815e-46d1-bb8f-aa1837f8a88b,3b0b0e6c-5a36-4b8e-8c1e-0d7c5e2f9a11,163.0,348100000.0,56740300000.0,1250356000.0,55489944000.0,313786000.0,3,7f5b6f7e-1c2d-4a4e-9a51-3a3f1d3c0a01
962d04f9-1448-4086-a632-57e2bcf8938e,30beca83-d27d-4fba-b140-ca4ace823aab,23b8c1e9-3924-46de-beb1-3b9046685257,3b0b0e6c-5a36-4b8e-8c1e-0d7c5e2f9a11,65.0,446300000.0,29009500000.0,723666000.0,28285834000.0,403359000.0,1,7f5b6f7e-1c2d-4a4e-9a51-3a3f1d3c0a01
d9481b14-28d0-4463-89aa-9794363df256,f4fef37a-c2ea-4281-84ae-91823f668daa,ddd1dfb2-3b98-4ef8-9af6-1a26146d3f31,3b0b0e6c-5a36-4b8e-8c1e-0d7c5e2f9a11,155.0,321600000.0,49848000000.0,1768647000.0,48079353000.0,298826000.0,1,7f5b6f7e-1c2d-4a4e-9a51-3a3f1d3c0a01
35c5f871-0f83-461c-ae3c-43a925307638,18f3dc39-23e6-496d-b0e1-f3f56570e37e,23b8c1e9-3924-46de-beb1-3b9046685257,3b0b0e6c-5a36-4b8e-8c1e-0d7c5e2f9a11,23.5,348000000.0,8178000000.0,246845000.0,7931155000.0,318180000.0,1,7f5b6f7e-1c2d-4a4e-9a51-3a3f1d3c0a01
50c88986-381e-4058-9d4e-0719dd6a76d9,18f3dc39-23e6-496d-b0e1-f3f56570e37e,bd9c66b3-ad3c-4d6d-9a3d-1fa7bc8960a9,3b0b0e6c-5a36-4b8e-8c1e-0d7c5e2f9a11,46.5,336800000.0,15661200000.0,472719000.0,15188481000.0,314534000.0,2,7f5b6f7e-1c2d-4a4e-9a51-3a3f1d3c0a01
c902b2b5-2916-4e24-af7f-b55daeb95c39,c48d9b0a-f512-41a1-98f8-013364833d75,47378190-96da-4dac-b2ff-5d2a386ecbe0,3b0b0e6c-5a36-4b8e-8c1e-0d7c5e2f9a11,94.5,406000000.0,38367000000.0,991152000.0,37375848000.0,388692000.0,1,7f5b6f7e-1c2d-4a4e-9a51-3a3f1d3c0a01
e423736b-3b2b-4669-a449-023004e2607b,c48d9b0a-f512-41a1-98f8-013364833d75,371ecd7b-27cd-4130-8722-9389571aa876,3b0b0e6c-5a36-4b8e-8c1e-0d7c5e2f9a11,85.5,406600000.0,34764300000.0,898082000.0,33866218000.0,386862000.0,2,7f5b6f7e-1c2d-4a4e-9a51-3a3f1d3c0a01
87904407-826d-4d63-a6fc-5ee11edb624e,7a0e4324-93c8-42a5-a344-cae07a43c7fe,bd9c66b3-ad3c-4d6d-9a3d-1fa7bc8960a9,3b0b0e6c-5a36-4b8e-8c1e-0d7c5e2f9a11,195.0,338000000.0,65910000000.0,1669938000.0,64240062000.0,315188000.0,1,7f5b6f7e-1c2d-4a4e-9a51-3a3f1d3c0a01
897b7126-07f2-429e-8ca0-677fb2c69b2a,651ae2d1-f8ae-412d-81c7-2103d1145ad9,bd9c66b3-ad3c-4d6d-9a3d-1fa7bc8960a9,3b0b0e6c-5a36-4b8e-8c1e-0d7c5e2f9a11,115.0,349900000.0,40238500000.0,964979000.0,39273521000.0,316030000.0,1,7f5b6f7e-1c2d-4a4e-9a51-3a3f1d3c0a01
100cb2a0-209a-4db3-b789-1ccc7f233734,2108cb89-24db-4708-9b60-d88d32d3c52e,371ecd7b-27cd-4130-8722-9389571aa876,3b0b0e6c-5a36-4b8e-8c1e-0d7c5e2f9a11,100.0,440500000.0,44050000000.0,1320794000.0,42729206000.0,393084000.0,1,7f5b6f7e-1c2d-4a4e-9a51-3a3f1d3c0a01
1ef94d29-30fc-4da7-b466-7eaf116b9d69,89be49d2-0958-458a-b8ef-dfc78fe134e0,bdd640fb-0667-4ad1-9c80-317fa3b1799d,3b0b0e6c-5a36-4b8e-8c1e-0d7c5e2f9a11,560.0,383500000.0,214760000000.0,6541572000.0,208218428000.0,351280000.0,1,7f5b6f7e-1c2d-4a4e-9a51-3a3f1d3c0a01
d9b810dc-5509-4e3a-bf06-1f64515c1b2b,105055d2-ebb7-4c50-82fb-358c653e974b,bdd640fb-0667-4ad1-9c80-317fa3b1799d,3b0b0e6c-5a36-4b8e-8c1e-0d7c5e2f9a11,80.0,412700000.0,33016000000.0,967442000.0,32048558000.0,358572000.0,1,7f5b6f7e-1c2d-4a4e-9a51-3a3f1d3c0a01
e363786d-0df1-44ba-bb24-017753dc6efd,d09a6718-9add-4ae4-9a9c-5d8f6e093974,1a2a73ed-562b-4f79-8374-59eef50bea63,3b0b0e6c-5a36-4b8e-8c1e-0d7c5e2f9a11,15.5,530400000.0,8221200000.0,309983000.0,7911217000.0,475727000.0,1,7f5b6f7e-1c2d-4a4e-9a51-3a3f1d3c0a01
51cee6ab-b9da-4c63-9d67-95797dfa5930,d09a6718-9add-4ae4-9a9c-5d8f6e093974,43b7a3a6-9a8d-4a03-980d-7b71d8f56413,3b0b0e6c-5a36-4b8e-8c1e-0d7c5e2f9a11,149.5,543400000.0,81238300000.0,3063121000.0,78175179000.0,485070000.0,2,7f5b6f7e-1c2d-4a4e-9a51-3a3f1d3c0a01
ce29e599-ac03-4767-abfd-5e1d7b76df98,46937ac5-818a-4c08-b2d4-11279fd33593,371ecd7b-27cd-4130-8722-9389571aa876,3b0b0e6c-5a36-4b8e-8c1e-0d7c5e2f9a11,145.0,511700000.0,74196500000.0,2394590000.0,71801910000.0,453748000.0,1,7f5b6f7e-1c2d-4a4e-9a51-3a3f1d3c0a01
4f0be651-589e-4921-8509-12d8808928bf,290e0adc-f01c-483d-aedf-e41d924cb19c,972a8469-1641-4f82-8b9d-2434e465e150,3b0b0e6c-5a36-4b8e-8c1e-0d7c5e2f9a11,32.5,424400000.0,13793000000.0,230555000.0,13562445000.0,389147000.0,1,7f5b6f7e-1c2d-4a4e-9a51-3a3f1d3c0a01
547eeb01-6769-4cc9-aecb-496240c90686,290e0adc-f01c-483d-aedf-e41d924cb19c,23b8c1e9-3924-46de-beb1-3b9046685257,3b0b0e6c-5a36-4b8e-8c1e-0d7c5e2f9a11,107.5,431400000.0,46375500000.0,775183000.0,45600317000.0,398964000.0,2,7f5b6f7e-1c2d-4a4e-9a51-3a3f1d3c0a01
2e970d47-1bda-4453-a935-15d308469de5,176358f3-47f1-40dd-8442-debc6e174db8,bdd640fb-0667-4ad1-9c80-317fa3b1799d,3b0b0e6c-5a36-4b8e-8c1e-0d7c5e2f9a11,85.0,348200000.0,29597000000.0,1215619000.0,28381381000.0,320705000.0,1,7f5b6f7e-1c2d-4a4e-9a51-3a3f1d3c0a01
f69b06e8-b4e5-4c43-8906-dfb08533e461,6e5211c0-29ff-466e-a8de-26c4c2d2ef82,6b65a6a4-8b81-48f6-b38a-088ca65ed389,3b0b0e6c-5a36-4b8e-8c1e-0d7c5e2f9a11,95.0,404800000.0,38456000000.0,1191616000.0,37264384000.0,389882000.0,1,7f5b6f7e-1c2d-4a4e-9a51-3a3f1d3c0a01
e62ba94b-9988-4a12-bb31-03c3fa60f04a,c87d48ef-1195-48e1-bbe3-218b16907da3,b74d0fb1-32e7-4629-8fad-c1a606cb0fb3,3b0b0e6c-5a36-4b8e-8c1e-0d7c5e2f9a11,110.0,449300000.0,49423000000.0,1343059000.0,48079941000.0,407724000.0,1,7f5b6f7e-1c2d-4a4e-9a51-3a3f1d3c0a01
a28f2935-1c43-4ef4-b669-4744d8859f3b,d2c1b86e-07f5-4d19-a022-d32ac2216acd,ddd1dfb2-3b98-4ef8-9af6-1a26146d3f31,3b0b0e6c-5a36-4b8e-8c1e-0d7c5e2f9a11,105.0,410400000.0,43092000000.0,1274900000.0,41817100000.0,382298000.0,1,7f5b6f7e-1c2d-4a4e-9a51-3a3f1d3c0a01
11ffe13c-5063-413f-acc6-330285f96efd,c4b4ba55-898b-487b-84df-d7718fc72891,17fc695a-07a0-4a6e-8822-e8f36c031199,3b0b0e6c-5a36-4b8e-8c1e-0d7c5e2f9a11,11.0,333400000.0,3667400000.0,74035000.0,3593365000.0,312477000.0,1,7f5b6f7e-1c2d-4a4e-9a51-3a3f1d3c0a01
244e82e8-70c3-4d7f-a473-02f647a4cc55,c4b4ba55-898b-487b-84df-d7718fc72891,972a8469-1641-4f82-8b9d-2434e465e150,3b0b0e6c-5a36-4b8e-8c1e-0d7c5e2f9a11,20.5,331500000.0,6795750000.0,137188000.0,6658562000.0,313973000.0,2,7f5b6f7e-1c2d-4a4e-9a51-3a3f1d3c0a01
0aba8723-3fdf-4f54-a7be-9b52738006f1,c4b4ba55-898b-487b-84df-d7718fc72891,9a1de644-815e-46d1-bb8f-aa1837f8a88b,3b0b0e6c-5a36-4b8e-8c1e-0d7c5e2f9a11,9.0,326400000.0,2937600000.0,59302000.0,2878298000.0,304530000.0,3,7f5b6f7e-1c2d-4a4e-9a51-3a3f1d3c0a01
70e12b89-290b-4010-979f-a8091f59f00b,ef437de3-1f7a-4c85-a9d7-f5c3794993da,6c307511-b2b9-437a-a8df-6ec4ce4a2bbd,3b0b0e6c-5a36-4b8e-8c1e-0d7c5e2f9a11,140.0,400800000.0,56112000000.0,1383172000.0,54728828000.0,376888000.0,1,7f5b6f7e-1c2d-4a4e-9a51-3a3f1d3c0a01
b306a4b7-c649-4ac6-867c-6771b6d8303b,963228c4-e50c-4706-8439-bad85b3c5c17,17fc695a-07a0-4a6e-8822-e8f36c031199,3b0b0e6c-5a36-4b8e-8c1e-0d7c5e2f9a11,75.0,358000000.0,26850000000.0,474957000.0,26375043000.0,338750000.0,1,7f5b6f7e-1c2d-4a4e-9a51-3a3f1d3c0a01
ad82c755-9ec0-48c9-aec6-a3d39c85e991,e6fc2822-de34-4132-bd52-0610fb37625c,972a8469-1641-4f82-8b9d-2434e465e150,3b0b0e6c-5a36-4b8e-8c1e-0d7c5e2f9a11,55.0,424400000.0,23342000000.0,260793000.0,23081207000.0,389147000.0,1,7f5b6f7e-1c2d-4a4e-9a51-3a3f1d3c0a01
01bda526-85c1-48a6-894e-41952605b6d7,f31598c4-963f-416f-96ba-cc09ec0bcfc0,972a8469-1641-4f82-8b9d-2434e465e150,3b0b0e6c-5a36-4b8e-8c1e-0d7c5e2f9a11,45.0,331500000.0,14917500000.0,246689000.0,14670811000.0,313973000.0,1,7f5b6f7e-1c2d-4a4e-9a51-3a3f1d3c0a01
91832c12-9ba6-4f89-adfe-2cc871bfb31d,e1ca0ad7-7234-46d4-a1bc-e03a3a3a4e36,9a1de644-815e-46d1-bb8f-aa1837f8a88b,3b0b0e6c-5a36-4b8e-8c1e-0d7c5e2f9a11,205.0,323800000.0,66379000000.0,1135630000.0,65243370000.0,258247000.0,1,7f5b6f7e-1c2d-4a4e-9a51-3a3f1d3c0a01
d7ee5ae7-8da1-4e01-b722-93587049084a,4832fb5e-4ab4-4e84-b8c7-0a91b58adb38,ddd1dfb2-3b98-4ef8-9af6-1a26146d3f31,3b0b0e6c-5a36-4b8e-8c1e-0d7c5e2f9a11,70.0,322200000.0,22554000000.0,688716000.0,21865284000.0,321104000.0,1,7f5b6f7e-1c2d-4a4e-9a51-3a3f1d3c0a01
4fc68e9c-ab44-447f-9d9a-ffd34cf44571,a58b29a9-9f69-49fe-9748-2e6026689198,43b7a3a6-9a8d-4a03-980d-7b71d8f56413,3b0b0e6c-5a36-4b8e-8c1e-0d7c5e2f9a11,220.0,460400000.0,101288000000.0,3040892000.0,98247108000.0,413660000.0,1,7f5b6f7e-1c2d-4a4e-9a51-3a3f1d3c0a01
a8d65b77-3ea8-4435-bad7-de1d7efaafd2,1622aacb-7f41-4c6c-970d-184d6112b350,5be6128e-18c2-4797-a142-ea7d17be3111,3b0b0e6c-5a36-4b8e-8c1e-0d7c5e2f9a11,24.0,436700000.0,10480800000.0,104047000.0,10376753000.0,398120000.0,1,7f5b6f7e-1c2d-4a4e-9a51-3a3f1d3c0a01
778f2642-6fd7-4697-bb66-142b6ba01e16,1622aacb-7f41-4c6c-970d-184d6112b350,1a2a73ed-562b-4f79-8374-59eef50bea63,3b0b0e6c-5a36-4b8e-8c1e-0d7c5e2f9a11,106.0,452700000.0,47986200000.0,476380000.0,47509820000.0,403208000.0,2,7f5b6f7e-1c2d-4a4e-9a51-3a3f1d3c0a01
0ffa8f3d-9717-4441-9404-e1fe2794968e,beb5b7a7-e410-4d57-9270-6047c43b0b66,c241330b-01a9-471f-9e8a-774bcf36d58b,3b0b0e6c-5a36-4b8e-8c1e-0d7c5e2f9a11,51.5,450600000.0,23205900000.0,376471000.0,22829429000.0,402234000.0,1,7f5b6f7e-1c2d-4a4e-9a51-3a3f1d3c0a01
426ba822-1180-4967-b14b-584697227e46,beb5b7a7-e410-4d57-9270-6047c43b0b66,6b65a6a4-8b81-48f6-b38a-088ca65ed389,3b0b0e6c-5a36-4b8e-8c1e-0d7c5e2f9a11,67.5,419900000.0,28343250000.0,459814000.0,27883436000.0,374052000.0,2,7f5b6f7e-1c2d-4a4e-9a51-3a3f1d3c0a01
e3f69b2e-53c5-4b5b-bf17-f83012112061,beb5b7a7-e410-4d57-9270-6047c43b0b66,6c307511-b2b9-437a-a8df-6ec4ce4a2bbd,3b0b0e6c-5a36-4b8e-8c1e-0d7c5e2f9a11,11.0,411100000.0,4522100000.0,73362000.0,4448738000.0,365726000.0,3,7f5b6f7e-1c2d-4a4e-9a51-3a3f1d3c0a01
8f41e5c7-0039-4aa7-9800-a242f8819fdf,1cced7c2-da9b-421d-8f2f-7cefdf72c64d,1a2a73ed-562b-4f79-8374-59eef50bea63,3b0b0e6c-5a36-4b8e-8c1e-0d7c5e2f9a11,60.0,544800000.0,32688000000.0,739014000.0,31948986000.0,490620000.0,1,7f5b6f7e-1c2d-4a4e-9a51-3a3f1d3c0a01
a28f4833-e599-4f0d-9635-73eb5f6f6b68,201a2192-f782-4147-880e-69167d6c4a39,3139d32c-93cd-49bf-9c94-1cf0dc98d2c1,3b0b0e6c-5a36-4b8e-8c1e-0d7c5e2f9a11,70.0,587400000.0,41118000000.0,936860000.0,40181140000.0,520264000.0,1,7f5b6f7e-1c2d-4a4e-9a51-3a3f1d3c0a01
051e9d7b-5415-4b08-9955-1ece7b4d53f5,a19e44fe-0217-4954-8875-b7c36108f9d7,9a1de644-815e-46d1-bb8f-aa1837f8a88b,3b0b0e6c-5a36-4b8e-8c1e-0d7c5e2f9a11,70.0,427500000.0,29925000000.0,786974000.0,29138026000.0,389802000.0,1,7f5b6f7e-1c2d-4a4e-9a51-3a3f1d3c0a01
65eec06e-660d-4331-aa42-9fb1b667cb36,851733b3-16d4-494e-85e1-43ab310b314b,17fc695a-07a0-4a6e-8822-e8f36c031199,3b0b0e6c-5a36-4b8e-8c1e-0d7c5e2f9a11,66.5,334200000.0,22224300000.0,862934000.0,21361366000.0,309111000.0,1,7f5b6f7e-1c2d-4a4e-9a51-3a3f1d3c0a01
41fb13d7-c368-4f91-9b43-7dce262a7ad9,851733b3-16d4-494e-85e1-43ab310b314b,972a8469-1641-4f82-8b9d-2434e465e150,3b0b0e6c-5a36-4b8e-8c1e-0d7c5e2f9a11,115.0,335800000.0,38617000000.0,1499437000.0,37117563000.0,305558000.0,2,7f5b6f7e-1c2d-4a4e-9a51-3a3f1d3c0a01
bff4f5fb-4838-4469-b09d-a40ca4ec9fad,851733b3-16d4-494e-85e1-43ab310b314b,bd9c66b3-ad3c-4d6d-9a3d-1fa7bc8960a9,3b0b0e6c-5a36-4b8e-8c1e-0d7c5e2f9a11,98.5,336400000.0,33135400000.0,1286595000.0,31848805000.0,309111000.0,3,7f5b6f7e-1c2d-4a4e-9a51-3a3f1d3c0a01
09200ed8-a909-4539-b4ad-487727292f4e,09ab7829-e6ea-40cc-b2e8-023667a6b83b,9a1de644-815e-46d1-bb8f-aa1837f8a88b,3b0b0e6c-5a36-4b8e-8c1e-0d7c5e2f9a11,125.0,325700000.0,40712500000.0,1992243000.0,38720257000.0,302753000.0,1,7f5b6f7e-1c2d-4a4e-9a51-3a3f1d3c0a01
ec5639fc-f312-4b87-b28c-70dd483b0a99,15df8ed7-0846-4ad9-a0bb-14d2ccfd4146,3139d32c-93cd-49bf-9c94-1cf0dc98d2c1,3b0b0e6c-5a36-4b8e-8c1e-0d7c5e2f9a11,1.5,466700000.0,700050000.0,11224000.0,688826000.0,416802000.0,1,7f5b6f7e-1c2d-4a4e-9a51-3a3f1d3c0a01
27e54d98-49f7-42ca-a184-c9e777205ad3,15df8ed7-0846-4ad9-a0bb-14d2ccfd4146,fc377a4c-4a15-444d-85e7-ce8a3a578a8e,3b0b0e6c-5a36-4b8e-8c1e-0d7c5e2f9a11,23.5,477000000.0,11209500000.0,179716000.0,11029784000.0,428347000.0,2,7f5b6f7e-1c2d-4a4e-9a51-3a3f1d3c0a01
cbb168e9-bca1-4025-a02e-21e6ec77ad24,054bbfd4-0fb8-4f1c-ba6a-11dd63855929,e2acf72f-9e57-4f7a-a0ee-89aed453dd32,3b0b0e6c-5a36-4b8e-8c1e-0d7c5e2f9a11,10.0,586200000.0,5862000000.0,84948000.0,5777052000.0,514362000.0,1,7f5b6f7e-1c2d-4a4e-9a51-3a3f1d3c0a01
60fe85f7-699c-4fcf-a4dd-92d5f3ce2cd1,6e452dd8-fc46-4190-8a73-4225e2e4f74d,4b0dbb41-8d52-48f1-942c-3fe860e7a113,3b0b0e6c-5a36-4b8e-8c1e-0d7c5e2f9a11,165.0,618400000.0,102036000000.0,1941981000.0,100094019000.0,530646000.0,1,7f5b6f7e-1c2d-4a4e-9a51-3a3f1d3c0a01
147f7027-68cb-439b-8af5-9fc1a0fe8069,df792d40-5587-4c51-a275-640c94b8976e,43b7a3a6-9a8d-4a03-980d-7b71d8f56413,3b0b0e6c-5a36-4b8e-8c1e-0d7c5e2f9a11,305.0,447200000.0,136396000000.0,3188072000.0,133207928000.0,413845000.0,1,7f5b6f7e-1c2d-4a4e-9a51-3a3f1d3c0a01
0b05cde0-b4eb-4ab8-9990-e0470a671617,cf32a51e-762d-4153-a2c7-7bff714ee12d,4b0dbb41-8d52-48f1-942c-3fe860e7a113,3b0b0e6c-5a36-4b8e-8c1e-0d7c5e2f9a11,119.5,631800000.0,75500100000.0,1622510000.0,73877590000.0,551886000.0,1,7f5b6f7e-1c2d-4a4e-9a51-3a3f1d3c0a01
a0a15a40-d79d-4ec8-bc9b-f72c04806227,cf32a51e-762d-4153-a2c7-7bff714ee12d,e2acf72f-9e57-4f7a-a0ee-89aed453dd32,3b0b0e6c-5a36-4b8e-8c1e-0d7c5e2f9a11,20.5,627000000.0,12853500000.0,276224000.0,12577276000.0,548788000.0,2,7f5b6f7e-1c2d-4a4e-9a51-3a3f1d3c0a01
a87e8a76-c49d-4e1a-824c-8d142c84b448,895ed74b-0c94-4452-bc2d-1046c59a8f0b,43b7a3a6-9a8d-4a03-980d-7b71d8f56413,3b0b0e6c-5a36-4b8e-8c1e-0d7c5e2f9a11,53.0,484700000.0,25689100000.0,865700000.0,24823400000.0,430218000.0,1,7f5b6f7e-1c2d-4a4e-9a51-3a3f1d3c0a01
6f024308-ec54-4ff0-b486-f3652c174a65,895ed74b-0c94-4452-bc2d-1046c59a8f0b,5be6128e-18c2-4797-a142-ea7d17be3111,3b0b0e6c-5a36-4b8e-8c1e-0d7c5e2f9a11,28.0,461700000.0,12927600000.0,435649000.0,12491951000.0,425222000.0,2,7f5b6f7e-1c2d-4a4e-9a51-3a3f1d3c0a01
26bd9620-8f30-4940-99c7-93583de9074c,895ed74b-0c94-4452-bc2d-1046c59a8f0b,1a2a73ed-562b-4f79-8374-59eef50bea63,3b0b0e6c-5a36-4b8e-8c1e-0d7c5e2f9a11,14.0,474200000.0,6638800000.0,223722000.0,6415078000.0,420135000.0,3,7f5b6f7e-1c2d-4a4e-9a51-3a3f1d3c0a01
e185417b-4986-48ea-a394-c5bacdfb131a,b5f2d67b-840e-43e7-b8ea-299e3df30a23,1a2a73ed-562b-4f79-8374-59eef50bea63,3b0b0e6c-5a36-4b8e-8c1e-0d7c5e2f9a11,6.5,537300000.0,3492450000.0,68429000.0,3424021000.0,503940000.0,1,7f5b6f7e-1c2d-4a4e-9a51-3a3f1d3c0a01
86d83ea2-39f7-4b41-bd20-16ab28d2cc4f,b5f2d67b-840e-43e7-b8ea-299e3df30a23,5be6128e-18c2-4797-a142-ea7d17be3111,3b0b0e6c-5a36-4b8e-8c1e-0d7c5e2f9a11,39.0,536500000.0,20923500000.0,409963000.0,20513537000.0,491823000.0,2,7f5b6f7e-1c2d-4a4e-9a51-3a3f1d3c0a01
bbbd2fae-2c49-4ffa-a600-93c5e5842a1a,b5f2d67b-840e-43e7-b8ea-299e3df30a23,43b7a3a6-9a8d-4a03-980d-7b71d8f56413,3b0b0e6c-5a36-4b8e-8c1e-0d7c5e2f9a11,94.0,560100000.0,52649400000.0,1031581000.0,51617819000.0,512358000.0,3,7f5b6f7e-1c2d-4a4e-9a51-3a3f1d3c0a01
e10727f9-e7ef-40bd-9c12-ab6f741febbd,fdcdabbc-178f-4f23-a931-7d6c5a099ef7,4b0dbb41-8d52-48f1-942c-3fe860e7a113,3b0b0e6c-5a36-4b8e-8c1e-0d7c5e2f9a11,35.0,618400000.0,21644000000.0,543655000.0,21100345000.0,530646000.0,1,7f5b6f7e-1c2d-4a4e-9a51-3a3f1d3c0a01
617a636f-e232-41f2-baf2-35502bf5df0f,32edc198-8e1e-45ab-92cf-efabba60260e,e2acf72f-9e57-4f7a-a0ee-89aed453dd32,3b0b0e6c-5a36-4b8e-8c1e-0d7c5e2f9a11,17.0,688900000.0,11711300000.0,232423000.0,11478877000.0,564099000.0,1,7f5b6f7e-1c2d-4a4e-9a51-3a3f1d3c0a01
1f378009-a72f-4075-8f54-309dc4f87508,32edc198-8e1e-45ab-92cf-efabba60260e,4b0dbb41-8d52-48f1-942c-3fe860e7a113,3b0b0e6c-5a36-4b8e-8c1e-0d7c5e2f9a11,8.0,715300000.0,5722400000.0,113567000.0,5608833000.0,572418000.0,2,7f5b6f7e-1c2d-4a4e-9a51-3a3f1d3c0a01
7ca8e1ae-1f4a-482f-b297-03c45880ac39,9de8d64f-afe2-4f19-8af3-afb011720272,ec1b8ca1-f91e-4d4c-9ff4-9b7889463e85,3b0b0e6c-5a36-4b8e-8c1e-0d7c5e2f9a11,7.0,597800000.0,4184600000.0,115587000.0,4069013000.0,497750000.0,1,7f5b6f7e-1c2d-4a4e-9a51-3a3f1d3c0a01
57544892-b634-4807-80d4-9e7a290c0a3c,9de8d64f-afe2-4f19-8af3-afb011720272,759cde66-bacf-43d0-8b1f-9163ce9ff57f,3b0b0e6c-5a36-4b8e-8c1e-0d7c5e2f9a11,58.0,613300000.0,35571400000.0,982551000.0,34588849000.0,509877000.0,2,7f5b6f7e-1c2d-4a4e-9a51-3a3f1d3c0a01
9c1fc44d-4c2e-4de8-b842-66736a6959b4,c8c216e6-0f6f-4001-a86e-232116a18426,ec1b8ca1-f91e-4d4c-9ff4-9b7889463e85,3b0b0e6c-5a36-4b8e-8c1e-0d7c5e2f9a11,135.0,658900000.0,88951500000.0,1441510000.0,87509990000.0,583906000.0,1,7f5b6f7e-1c2d-4a4e-9a51-3a3f1d3c0a01
257df858-dea6-4d1e-b784-a0ba05be74d3,240b569f-e6b3-4b83-9193-91f2443725c6,23b8c1e9-3924-46de-beb1-3b9046685257,3b0b0e6c-5a36-4b8e-8c1e-0d7c5e2f9a11,62.0,343600000.0,21303200000.0,483590000.0,20819610000.0,320424000.0,1,7f5b6f7e-1c2d-4a4e-9a51-3a3f1d3c0a01
d87b084b-87ce-4d14-9190-d5b98844d252,240b569f-e6b3-4b83-9193-91f2443725c6,972a8469-1641-4f82-8b9d-2434e465e150,3b0b0e6c-5a36-4b8e-8c1e-0d7c5e2f9a11,8.0,332400000.0,2659200000.0,60365000.0,2598835000.0,313225000.0,2,7f5b6f7e-1c2d-4a4e-9a51-3a3f1d3c0a01
685816dd-1c44-4080-b630-b5d479f7913e,5fc49ae0-1ee0-47b0-bb48-ba5a5235cc56,23b8c1e9-3924-46de-beb1-3b9046685257,3b0b0e6c-5a36-4b8e-8c1e-0d7c5e2f9a11,110.0,367400000.0,40414000000.0,1044881000.0,39369119000.0,340714000.0,1,7f5b6f7e-1c2d-4a4e-9a51-3a3f1d3c0a01
ac7580d5-866f-4f67-8478-802622f12c04,f732a62d-6083-4812-9bde-cfe517d9a6db,4b0dbb41-8d52-48f1-942c-3fe860e7a113,3b0b0e6c-5a36-4b8e-8c1e-0d7c5e2f9a11,27.5,646800000.0,17787000000.0,155861000.0,17631139000.0,559143000.0,1,7f5b6f7e-1c2d-4a4e-9a51-3a3f1d3c0a01
a4f2d8ee-7a3c-4a5a-80f7-633bb5d7b077,f732a62d-6083-4812-9bde-cfe517d9a6db,e2acf72f-9e57-4f7a-a0ee-89aed453dd32,3b0b0e6c-5a36-4b8e-8c1e-0d7c5e2f9a11,32.5,637400000.0,20715500000.0,181522000.0,20533978000.0,554895000.0,2,7f5b6f7e-1c2d-4a4e-9a51-3a3f1d3c0a01
db25df1a-90b9-4da3-a5f0-ac62566bca31,fd32f630-2ac8-4c74-bba9-ad74723db10b,759cde66-bacf-43d0-8b1f-9163ce9ff57f,3b0b0e6c-5a36-4b8e-8c1e-0d7c5e2f9a11,28.0,669500000.0,18746000000.0,496817000.0,18249183000.0,585535000.0,1,7f5b6f7e-1c2d-4a4e-9a51-3a3f1d3c0a01
018773d5-933a-4c08-88ca-aa4b0bd8ba2c,fd32f630-2ac8-4c74-bba9-ad74723db10b,ec1b8ca1-f91e-4d4c-9ff4-9b7889463e85,3b0b0e6c-5a36-4b8e-8c1e-0d7c5e2f9a11,57.0,658900000.0,37557300000.0,995365000.0,36561935000.0,583906000.0,2,7f5b6f7e-1c2d-4a4e-9a51-3a3f1d3c0a01
d43877d2-b54e-41ff-b97d-5b84aeba3d37,0966d62e-0cb1-4acb-a821-3c4d8166f8a1,9a1de644-815e-46d1-bb8f-aa1837f8a88b,3b0b0e6c-5a36-4b8e-8c1e-0d7c5e2f9a11,46.5,325900000.0,15154350000.0,465764000.0,14688586000.0,314440000.0,1,7f5b6f7e-1c2d-4a4e-9a51-3a3f1d3c0a01
4f07b2fc-462b-4582-9fda-045ab92deacb,0966d62e-0cb1-4acb-a821-3c4d8166f8a1,972a8469-1641-4f82-8b9d-2434e465e150,3b0b0e6c-5a36-4b8e-8c1e-0d7c5e2f9a11,58.5,335000000.0,19597500000.0,602323000.0,18995177000.0,324352000.0,2,7f5b6f7e-1c2d-4a4e-9a51-3a3f1d3c0a01
35620738-1101-436b-88e1-c1ef483fe885,ac759d95-5e43-4a00-9896-13e7541e754c,972a8469-1641-4f82-8b9d-2434e465e150,3b0b0e6c-5a36-4b8e-8c1e-0d7c5e2f9a11,150.0,335000000.0,50250000000.0,1291617000.0,48958383000.0,324352000.0,1,7f5b6f7e-1c2d-4a4e-9a51-3a3f1d3c0a01
caa95dc3-93d9-4ea5-a9ac-1a911be15dba,19792a02-6a63-4e96-a3b6-4b24a84f9527,ddd1dfb2-3b98-4ef8-9af6-1a26146d3f31,3b0b0e6c-5a36-4b8e-8c1e-0d7c5e2f9a11,160.0,322200000.0,51552000000.0,1443201000.0,50108799000.0,321104000.0,1,7f5b6f7e-1c2d-4a4e-9a51-3a3f1d3c0a01
c0a3423d-3539-446c-ba4d-c8b6c19f6f74,c5274fed-8e33-4a17-a8fb-606ff8b119d7,a9488d99-0bbb-4599-91ce-5dd2b45ed1f0,3b0b0e6c-5a36-4b8e-8c1e-0d7c5e2f9a11,117.0,465300000.0,54440100000.0,1135253000.0,53304847000.0,411342000.0,1,7f5b6f7e-1c2d-4a4e-9a51-3a3f1d3c0a01
7b861ff8-32d0-4368-bf30-3e28f4c4b35a,c5274fed-8e33-4a17-a8fb-606ff8b119d7,3139d32c-93cd-49bf-9c94-1cf0dc98d2c1,3b0b0e6c-5a36-4b8e-8c1e-0d7c5e2f9a11,28.0,466700000.0,13067600000.0,272502000.0,12795098000.0,416802000.0,2,7f5b6f7e-1c2d-4a4e-9a51-3a3f1d3c0a01
2faf2912-3177-4216-a987-2d1edcbd60c9,17b13c9d-d8cb-4a27-98c5-a0a455fd7c32,b74d0fb1-32e7-4629-8fad-c1a606cb0fb3,3b0b0e6c-5a36-4b8e-8c1e-0d7c5e2f9a11,125.0,424900000.0,53112500000.0,1456664000.0,51655836000.0,377346000.0,1,7f5b6f7e-1c2d-4a4e-9a51-3a3f1d3c0a01
0d0a5585-8dc3-43ad-a7a9-88829b2fad3c,9e1adf92-18a2-4c76-b8a3-ccb843e2a542,bd9c66b3-ad3c-4d6d-9a3d-1fa7bc8960a9,3b0b0e6c-5a36-4b8e-8c1e-0d7c5e2f9a11,192.0,338000000.0,64896000000.0,1551719000.0,63344281000.0,315188000.0,1,7f5b6f7e-1c2d-4a4e-9a51-3a3f1d3c0a01
8f19bd4d-ddd2-48b5-9776-33daea5071d8,9e1adf92-18a2-4c76-b8a3-ccb843e2a542,17fc695a-07a0-4a6e-8822-e8f36c031199,3b0b0e6c-5a36-4b8e-8c1e-0d7c5e2f9a11,43.0,337600000.0,14516800000.0,347109000.0,14169691000.0,314721000.0,2,7f5b6f7e-1c2d-4a4e-9a51-3a3f1d3c0a01
aec19a12-27dc-47d4-9a3e-7767300695bb,ac79dfe1-1120-4ab3-94c7-fc453610b6c1,a9488d99-0bbb-4599-91ce-5dd2b45ed1f0,3b0b0e6c-5a36-4b8e-8c1e-0d7c5e2f9a11,113.0,559700000.0,63246100000.0,1484236000.0,61761864000.0,488670000.0,1,7f5b6f7e-1c2d-4a4e-9a51-3a3f1d3c0a01
f9942c49-0184-4d5f-89af-5227bdf4da66,ac79dfe1-1120-4ab3-94c7-fc453610b6c1,3139d32c-93cd-49bf-9c94-1cf0dc98d2c1,3b0b0e6c-5a36-4b8e-8c1e-0d7c5e2f9a11,17.0,570900000.0,9705300000.0,227760000.0,9477540000.0,490550000.0,2,7f5b6f7e-1c2d-4a4e-9a51-3a3f1d3c0a01
aa3c7122-040d-47c8-a632-3931872843bf,55407b24-a089-460a-94d2-be3443748dbd,5be6128e-18c2-4797-a142-ea7d17be3111,3b0b0e6c-5a36-4b8e-8c1e-0d7c5e2f9a11,161.5,547500000.0,88421250000.0,1856814000.0,86564436000.0,496262000.0,1,7f5b6f7e-1c2d-4a4e-9a51-3a3f1d3c0a01
15cb6210-fa8d-4de9-8559-3e2aab2bd000,55407b24-a089-460a-94d2-be3443748dbd,1a2a73ed-562b-4f79-8374-59eef50bea63,3b0b0e6c-5a36-4b8e-8c1e-0d7c5e2f9a11,93.5,549100000.0,51340850000.0,1078139000.0,50262711000.0,497002000.0,2,7f5b6f7e-1c2d-4a4e-9a51-3a3f1d3c0a01
feaff707-fc31-4fbd-894c-8a6b2badd36b,15e42ebf-44b0-41e9-8ca5-f42c512a47c0,b74d0fb1-32e7-4629-8fad-c1a606cb0fb3,3b0b0e6c-5a36-4b8e-8c1e-0d7c5e2f9a11,85.0,424900000.0,36116500000.0,668770000.0,35447730000.0,377346000.0,1,7f5b6f7e-1c2d-4a4e-9a51-3a3f1d3c0a01
08daa1ec-4c9f-4696-89a1-7f56e3af96cb,10d04465-2b80-45d4-8708-a12425ebcd27,fc377a4c-4a15-444d-85e7-ce8a3a578a8e,3b0b0e6c-5a36-4b8e-8c1e-0d7c5e2f9a11,230.0,582100000.0,133883000000.0,2674046000.0,131208954000.0,501737000.0,1,7f5b6f7e-1c2d-4a4e-9a51-3a3f1d3c0a01
99aefe48-baba-47b1-9b68-898c8817af8f,414a8bdc-9154-4a53-bfff-a7522d213d1f,5be6128e-18c2-4797-a142-ea7d17be3111,3b0b0e6c-5a36-4b8e-8c1e-0d7c5e2f9a11,275.0,519900000.0,142972500000.0,4425881000.0,138546619000.0,463795000.0,1,7f5b6f7e-1c2d-4a4e-9a51-3a3f1d3c0a01
bdd4feea-f51a-4906-ab22-57d0b9a51df4,54ad96d5-a026-43fa-989d-8ffecf1efe35,1a2a73ed-562b-4f79-8374-59eef50bea63,3b0b0e6c-5a36-4b8e-8c1e-0d7c5e2f9a11,61.5,572400000.0,35202600000.0,537266000.0,34665334000.0,507918000.0,1,7f5b6f7e-1c2d-4a4e-9a51-3a3f1d3c0a01
67861f4e-4b70-4a3c-9ecb-e51fbfa4f10e,54ad96d5-a026-43fa-989d-8ffecf1efe35,5be6128e-18c2-4797-a142-ea7d17be3111,3b0b0e6c-5a36-4b8e-8c1e-0d7c5e2f9a11,15.5,563300000.0,8731150000.0,133256000.0,8597894000.0,506438000.0,2,7f5b6f7e-1c2d-4a4e-9a51-3a3f1d3c0a01
1e8fd3bf-53da-4b0c-86ae-05d8fa502ded,54ad96d5-a026-43fa-989d-8ffecf1efe35,43b7a3a6-9a8d-4a03-980d-7b71d8f56413,3b0b0e6c-5a36-4b8e-8c1e-0d7c5e2f9a11,43.0,584500000.0,25133500000.0,383590000.0,24749910000.0,525770000.0,3,7f5b6f7e-1c2d-4a4e-9a51-3a3f1d3c0a01
e385f845-c1b9-4bdb-bb17-7a6794dfd39b,ffb89e4a-ee8b-4307-9426-d3fe0ac59fd2,972a8469-1641-4f82-8b9d-2434e465e150,3b0b0e6c-5a36-4b8e-8c1e-0d7c5e2f9a11,90.0,340500000.0,30645000000.0,1388692000.0,29256308000.0,310794000.0,1,7f5b6f7e-1c2d-4a4e-9a51-3a3f1d3c0a01
6c9edef5-3eda-4e7f-85d2-49fb6c22fc81,27cdae0e-20c0-435f-87ae-a88c10fbd3b1,a9488d99-0bbb-4599-91ce-5dd2b45ed1f0,3b0b0e6c-5a36-4b8e-8c1e-0d7c5e2f9a11,11.5,466500000.0,5364750000.0,191601000.0,5173149000.0,416444000.0,1,7f5b6f7e-1c2d-4a4e-9a51-3a3f1d3c0a01
e3af47e2-2d8b-45d2-9a88-b6512a939a04,27cdae0e-20c0-435f-87ae-a88c10fbd3b1,fc377a4c-4a15-444d-85e7-ce8a3a578a8e,3b0b0e6c-5a36-4b8e-8c1e-0d7c5e2f9a11,28.5,488800000.0,13930800000.0,497536000.0,13433264000.0,426915000.0,2,7f5b6f7e-1c2d-4a4e-9a51-3a3f1d3c0a01
cdb44b74-f6c9-4e13-a914-36344c7aca49,789493b5-2415-4dbb-bc7d-4c86c41c2800,ddd1dfb2-3b98-4ef8-9af6-1a26146d3f31,3b0b0e6c-5a36-4b8e-8c1e-0d7c5e2f9a11,295.0,335700000.0,99031500000.0,2495837000.0,96535663000.0,303338000.0,1,7f5b6f7e-1c2d-4a4e-9a51-3a3f1d3c0a01
516aafba-81e2-4919-82ca-a98de0b7b1a9,854ed35e-7624-4ea1-bf66-443c16a3fb64,9a1de644-815e-46d1-bb8f-aa1837f8a88b,3b0b0e6c-5a36-4b8e-8c1e-0d7c5e2f9a11,78.0,397600000.0,31012800000.0,1387252000.0,29625548000.0,362967000.0,1,7f5b6f7e-1c2d-4a4e-9a51-3a3f1d3c0a01
0167ac56-1b9e-4f7e-8dce-2c6aacd0c6d1,854ed35e-7624-4ea1-bf66-443c16a3fb64,bdd640fb-0667-4ad1-9c80-317fa3b1799d,3b0b0e6c-5a36-4b8e-8c1e-0d7c5e2f9a11,22.0,427500000.0,9405000000.0,420701000.0,8984299000.0,385874000.0,2,7f5b6f7e-1c2d-4a4e-9a51-3a3f1d3c0a01
50001f15-b4c7-42e4-acc1-25bcc60c5a88,5dac5d5f-a272-4d72-8226-c03da98aba9c,bd9c66b3-ad3c-4d6d-9a3d-1fa7bc8960a9,3b0b0e6c-5a36-4b8e-8c1e-0d7c5e2f9a11,50.0,410600000.0,20530000000.0,362078000.0,20167922000.0,372224000.0,1,7f5b6f7e-1c2d-4a4e-9a51-3a3f1d3c0a01
376f568d-bbcd-4dcd-a5d7-0315296a4546,430c9e01-775f-4369-9ead-99db1ed6b1ce,bdd640fb-0667-4ad1-9c80-317fa3b1799d,3b0b0e6c-5a36-4b8e-8c1e-0d7c5e2f9a11,70.0,448500000.0,31395000000.0,1457237000.0,29937763000.0,413083000.0,1,7f5b6f7e-1c2d-4a4e-9a51-3a3f1d3c0a01
b0593d4d-6ee1-4e25-9acb-6b9a1fc9f056,f090a072-ed6e-4d7d-9ac8-cad6c79e5f5d,9a1de644-815e-46d1-bb8f-aa1837f8a88b,3b0b0e6c-5a36-4b8e-8c1e-0d7c5e2f9a11,35.0,416900000.0,14591500000.0,592066000.0,13999434000.0,382602000.0,1,7f5b6f7e-1c2d-4a4e-9a51-3a3f1d3c0a01
69e79b9d-c8eb-4981-b76d-187efd22f229,8bedc652-853d-4926-b852-c96ba1a84f12,9a1de644-815e-46d1-bb8f-aa1837f8a88b,3b0b0e6c-5a36-4b8e-8c1e-0d7c5e2f9a11,17.5,416900000.0,7295750000.0,304311000.0,6991439000.0,382602000.0,1,7f5b6f7e-1c2d-4a4e-9a51-3a3f1d3c0a01
3caeea08-ed57-4ffe-be4f-b94b86b95e42,8bedc652-853d-4926-b852-c96ba1a84f12,972a8469-1641-4f82-8b9d-2434e465e150,3b0b0e6c-5a36-4b8e-8c1e-0d7c5e2f9a11,42.5,424400000.0,18037000000.0,752336000.0,17284664000.0,389147000.0,2,7f5b6f7e-1c2d-4a4e-9a51-3a3f1d3c0a01
93390e56-dd38-45f1-85dc-c8300e2fbedc,7d5f5eff-ed17-4620-a3bf-72c1b732e130,972a8469-1641-4f82-8b9d-2434e465e150,3b0b0e6c-5a36-4b8e-8c1e-0d7c5e2f9a11,27.5,411200000.0,11308000000.0,276860000.0,11031140000.0,369138000.0,1,7f5b6f7e-1c2d-4a4e-9a51-3a3f1d3c0a01
93f373c2-b815-4355-8081-0de81a8a0d9e,7d5f5eff-ed17-4620-a3bf-72c1b732e130,23b8c1e9-3924-46de-beb1-3b9046685257,3b0b0e6c-5a36-4b8e-8c1e-0d7c5e2f9a11,37.5,420100000.0,15753750000.0,385708000.0,15368042000.0,377834000.0,2,7f5b6f7e-1c2d-4a4e-9a51-3a3f1d3c0a01
997adc06-ef78-4345-bf7d-20bb37143b70,81cfb75c-15d5-4cfc-9e3e-dadffcba7a4a,bd9c66b3-ad3c-4d6d-9a3d-1fa7bc8960a9,3b0b0e6c-5a36-4b8e-8c1e-0d7c5e2f9a11,7.5,439200000.0,3294000000.0,74885000.0,3219115000.0,396627000.0,1,7f5b6f7e-1c2d-4a4e-9a51-3a3f1d3c0a01
3c3022db-c860-40c1-970e-b7030b00287c,81cfb75c-15d5-4cfc-9e3e-dadffcba7a4a,972a8469-1641-4f82-8b9d-2434e465e150,3b0b0e6c-5a36-4b8e-8c1e-0d7c5e2f9a11,12.5,438400000.0,5480000000.0,124581000.0,5355419000.0,396814000.0,2,7f5b6f7e-1c2d-4a4e-9a51-3a3f1d3c0a01
94b4fbdd-34f6-4a00-aaa2-d72ed7310b4a,fa6aa342-be41-4fa8-a262-aa7447244244,1a2a73ed-562b-4f79-8374-59eef50bea63,3b0b0e6c-5a36-4b8e-8c1e-0d7c5e2f9a11,115.0,549100000.0,63146500000.0,988327000.0,62158173000.0,497002000.0,1,7f5b6f7e-1c2d-4a4e-9a51-3a3f1d3c0a01
47ade39b-0a6c-490b-8bcd-772ffbb0a611,9791855a-a857-4a4e-87f7-da7f693e43ce,e2acf72f-9e57-4f7a-a0ee-89aed453dd32,3b0b0e6c-5a36-4b8e-8c1e-0d7c5e2f9a11,13.5,763300000.0,10304550000.0,149772000.0,10154778000.0,646316000.0,1,7f5b6f7e-1c2d-4a4e-9a51-3a3f1d3c0a01
438fa380-4fe2-4c0b-9321-cf1c71b3db94,9791855a-a857-4a4e-87f7-da7f693e43ce,4b0dbb41-8d52-48f1-942c-3fe860e7a113,3b0b0e6c-5a36-4b8e-8c1e-0d7c5e2f9a11,71.5,779000000.0,55698500000.0,809551000.0,54888949000.0,666936000.0,2,7f5b6f7e-1c2d-4a4e-9a51-3a3f1d3c0a01
d72ec8cc-25db-4be8-a872-a5ae77c9eb92,2af95850-e6f6-4d52-9546-83a5d8005837,1a2a73ed-562b-4f79-8374-59eef50bea63,3b0b0e6c-5a36-4b8e-8c1e-0d7c5e2f9a11,21.0,572400000.0,12020400000.0,206293000.0,11814107000.0,507918000.0,1,7f5b6f7e-1c2d-4a4e-9a51-3a3f1d3c0a01
9a034368-8d2a-488a-a3da-4a615f0783fc,2af95850-e6f6-4d52-9546-83a5d8005837,5be6128e-18c2-4797-a142-ea7d17be3111,3b0b0e6c-5a36-4b8e-8c1e-0d7c5e2f9a11,45.5,563300000.0,25630150000.0,439863000.0,25190287000.0,506438000.0,2,7f5b6f7e-1c2d-4a4e-9a51-3a3f1d3c0a01
8bc035e9-a8b2-4b69-914d-098b65eadb86,2af95850-e6f6-4d52-9546-83a5d8005837,43b7a3a6-9a8d-4a03-980d-7b71d8f56413,3b0b0e6c-5a36-4b8e-8c1e-0d7c5e2f9a11,13.5,584500000.0,7890750000.0,135420000.0,7755330000.0,525770000.0,3,7f5b6f7e-1c2d-4a4e-9a51-3a3f1d3c0a01
de77096f-ba0f-41b5-93a5-34216c2c976b,777941cb-c9fd-4b9d-abdd-04cfe4f6e6c5,972a8469-1641-4f82-8b9d-2434e465e150,3b0b0e6c-5a36-4b8e-8c1e-0d7c5e2f9a11,75.0,412300000.0,30922500000.0,503637000.0,30418863000.0,384472000.0,1,7f5b6f7e-1c2d-4a4e-9a51-3a3f1d3c0a01
b7d63143-ea6b-49b0-bb45-8d1a617ddf4d,3af38235-c820-460e-9680-708574c98527,371ecd7b-27cd-4130-8722-9389571aa876,3b0b0e6c-5a36-4b8e-8c1e-0d7c5e2f9a11,215.0,535200000.00000006,115068000000.00002,5488663000.0,109579337000.00002,469121000.0,1,7f5b6f7e-1c2d-4a4e-9a51-3a3f1d3c0a01
a9ebc0af-39ff-43dc-a939-c4da4d51d675,431792c9-1ede-41da-ad85-4b88352845e1,17fc695a-07a0-4a6e-8822-e8f36c031199,3b0b0e6c-5a36-4b8e-8c1e-0d7c5e2f9a11,60.0,412000000.0,24720000000.0,351998000.0,24368002000.0,381948000.0,1,7f5b6f7e-1c2d-4a4e-9a51-3a3f1d3c0a01
54df0676-a9b0-483b-b665-d4bfb5c353fb,73ee7e3c-045f-42ae-9ad8-8291ca22adcd,47378190-96da-4dac-b2ff-5d2a386ecbe0,3b0b0e6c-5a36-4b8e-8c1e-0d7c5e2f9a11,70.0,548500000.0,38395000000.0,1159273000.0,37235727000.0,474794000.0,1,7f5b6f7e-1c2d-4a4e-9a51-3a3f1d3c0a01
f486a80b-235e-47f9-bd5c-1c27c55f465a,93fb5ceb-252c-485f-9fdf-5fa7475b516c,e2acf72f-9e57-4f7a-a0ee-89aed453dd32,3b0b0e6c-5a36-4b8e-8c1e-0d7c5e2f9a11,165.0,491700000.0,81130500000.0,1795109000.0,79335391000.0,428694000.0,1,7f5b6f7e-1c2d-4a4e-9a51-3a3f1d3c0a01
4c5ca042-c0ad-4cc3-b6c3-b6e5c8b1f6ba,02a623e3-abd8-4101-a3dc-7c151498938d,43b7a3a6-9a8d-4a03-980d-7b71d8f56413,3b0b0e6c-5a36-4b8e-8c1e-0d7c5e2f9a11,90.0,440200000.0,39618000000.0,663982000.0,38954018000.0,398952000.0,1,7f5b6f7e-1c2d-4a4e-9a51-3a3f1d3c0a01
cf3b1fb7-fb1d-400f-b029-bb3da517c8bd,ed322b44-48c6-41ee-8dbd-b7ece0fac360,1a2a73ed-562b-4f79-8374-59eef50bea63,3b0b0e6c-5a36-4b8e-8c1e-0d7c5e2f9a11,53.5,474200000.0,25369700000.0,924875000.0,24444825000.0,420135000.0,1,7f5b6f7e-1c2d-4a4e-9a51-3a3f1d3c0a01
ba1f8db4-d8a4-4245-a935-4b7349e8fbb6,ed322b44-48c6-41ee-8dbd-b7ece0fac360,43b7a3a6-9a8d-4a03-980d-7b71d8f56413,3b0b0e6c-5a36-4b8e-8c1e-0d7c5e2f9a11,21.5,484700000.0,10421050000.0,379909000.0,10041141000.0,430218000.0,2,7f5b6f7e-1c2d-4a4e-9a51-3a3f1d3c0a01
6548cd0d-4a8b-461a-b11e-03fea2f8451d,bda652d8-69ff-49b6-a740-f13fef1b4208,5be6128e-18c2-4797-a142-ea7d17be3111,3b0b0e6c-5a36-4b8e-8c1e-0d7c5e2f9a11,34.5,563300000.0,19433850000.0,177745000.0,19256105000.0,506438000.0,1,7f5b6f7e-1c2d-4a4e-9a51-3a3f1d3c0a01
6c8761a2-8d04-457b-aab3-2bc82d05a556,bda652d8-69ff-49b6-a740-f13fef1b4208,1a2a73ed-562b-4f79-8374-59eef50bea63,3b0b0e6c-5a36-4b8e-8c1e-0d7c5e2f9a11,5.5,572400000.0,3148200000.0,28794000.0,3119406000.0,507918000.0,2,7f5b6f7e-1c2d-4a4e-9a51-3a3f1d3c0a01
f9e40938-a86b-45c0-ae59-c0abfe7112fc,bda652d8-69ff-49b6-a740-f13fef1b4208,43b7a3a6-9a8d-4a03-980d-7b71d8f56413,3b0b0e6c-5a36-4b8e-8c1e-0d7c5e2f9a11,10.0,584500000.0,5845000000.0,53459000.0,5791541000.0,525770000.0,3,7f5b6f7e-1c2d-4a4e-9a51-3a3f1d3c0a01
9488c89f-95b2-48a7-990e-a619b6d0a5c4,2a93fed7-4531-4604-a649-3b3fcd0c8e67,4b0dbb41-8d52-48f1-942c-3fe860e7a113,3b0b0e6c-5a36-4b8e-8c1e-0d7c5e2f9a11,8.0,502300000.0,4018400000.0,69947000.0,3948453000.0,431438000.0,1,7f5b6f7e-1c2d-4a4e-9a51-3a3f1d3c0a01
13c3298c-b051-4472-886c-ed450d1e9e6a,2a93fed7-4531-4604-a649-3b3fcd0c8e67,e2acf72f-9e57-4f7a-a0ee-89aed453dd32,3b0b0e6c-5a36-4b8e-8c1e-0d7c5e2f9a11,27.0,484400000.0,13078800000.0,227658000.0,12851142000.0,412587000.0,2,7f5b6f7e-1c2d-4a4e-9a51-3a3f1d3c0a01
fc668526-5836-4c87-9092-b92cfc94f3d1,3a1938c0-62f4-40cb-b640-468fc5d89194,e2acf72f-9e57-4f7a-a0ee-89aed453dd32,3b0b0e6c-5a36-4b8e-8c1e-0d7c5e2f9a11,20.0,573500000.0,11470000000.0,252376000.0,11217624000.0,440642000.0,1,7f5b6f7e-1c2d-4a4e-9a51-3a3f1d3c0a01
e2a925c9-801b-4a26-9dc2-4d0df8373b54,9dd39aa9-c5d0-4e49-b40a-dfefaaa92f82,ec1b8ca1-f91e-4d4c-9ff4-9b7889463e85,3b0b0e6c-5a36-4b8e-8c1e-0d7c5e2f9a11,40.0,500000000.0,20000000000.0,421927000.0,19578073000.0,454944000.0,1,7f5b6f7e-1c2d-4a4e-9a51-3a3f1d3c0a01
5e681fb8-db52-406e-8085-b1dccbb97198,8714716b-f6b9-49e6-be6b-2e2aa50c1c3a,759cde66-bacf-43d0-8b1f-9163ce9ff57f,3b0b0e6c-5a36-4b8e-8c1e-0d7c5e2f9a11,41.0,547200000.0,22435200000.0,447748000.0,21987452000.0,489514000.0,1,7f5b6f7e-1c2d-4a4e-9a51-3a3f1d3c0a01
8139d498-12fa-42ca-96a9-5c88155d2342,8714716b-f6b9-49e6-be6b-2e2aa50c1c3a,ec1b8ca1-f91e-4d4c-9ff4-9b7889463e85,3b0b0e6c-5a36-4b8e-8c1e-0d7c5e2f9a11,19.0,535700000.00000006,10178300000.000002,203132000.0,9975168000.000002,483541000.0,2,7f5b6f7e-1c2d-4a4e-9a51-3a3f1d3c0a01
7e2f30ef-4232-49ba-86cf-af386c4f1c96,e930f348-e5bb-41db-a22a-e9778151354b,bd9c66b3-ad3c-4d6d-9a3d-1fa7bc8960a9,3b0b0e6c-5a36-4b8e-8c1e-0d7c5e2f9a11,40.0,338000000.0,13520000000.0,361439000.0,13158561000.0,315188000.0,1,7f5b6f7e-1c2d-4a4e-9a51-3a3f1d3c0a01
9a67588c-27f3-4623-a434-05ffbaf65352,fe92d3c3-c002-4150-97f6-d7cf6a0434e2,bdd640fb-0667-4ad1-9c80-317fa3b1799d,3b0b0e6c-5a36-4b8e-8c1e-0d7c5e2f9a11,50.0,372600000.0,18630000000.0,629145000.0,18000855000.0,336320000.0,1,7f5b6f7e-1c2d-4a4e-9a51-3a3f1d3c0a01
518a7f61-46a6-4337-8b2b-da4e331be9b7,b749de6b-da49-42d7-a406-3c79fc19cd37,972a8469-1641-4f82-8b9d-2434e465e150,3b0b0e6c-5a36-4b8e-8c1e-0d7c5e2f9a11,40.0,273400000.0,10936000000.0,119230000.0,10816770000.0,260398000.0,1,7f5b6f7e-1c2d-4a4e-9a51-3a3f1d3c0a01
939bc3ce-1848-457d-a94a-63bb603166aa,352bc56c-6df0-4535-b945-03b9ad92de57,c241330b-01a9-471f-9e8a-774bcf36d58b,3b0b0e6c-5a36-4b8e-8c1e-0d7c5e2f9a11,40.0,439600000.0,17584000000.0,333218000.0,17250782000.0,401136000.0,1,7f5b6f7e-1c2d-4a4e-9a51-3a3f1d3c0a01
253b07ca-73f4-484b-887a-c6fdbc0e5625,ea3cd43c-7aca-42c8-a641-ebf4f3280549,6c307511-b2b9-437a-a8df-6ec4ce4a2bbd,3b0b0e6c-5a36-4b8e-8c1e-0d7c5e2f9a11,13.0,424200000.0,5514600000.0,133781000.0,5380819000.0,385672000.0,1,7f5b6f7e-1c2d-4a4e-9a51-3a3f1d3c0a01
5e1ddede-9298-4e92-b4ed-8e4f7571fd92,ea3cd43c-7aca-42c8-a641-ebf4f3280549,c241330b-01a9-471f-9e8a-774bcf36d58b,3b0b0e6c-5a36-4b8e-8c1e-0d7c5e2f9a11,21.5,470600000.0,10117900000.0,245455000.0,9872445000.0,425566000.0,2,7f5b6f7e-1c2d-4a4e-9a51-3a3f1d3c0a01
77bb0b53-042b-4e57-a52d-de74dd3deef9,ea3cd43c-7aca-42c8-a641-ebf4f3280549,47378190-96da-4dac-b2ff-5d2a386ecbe0,3b0b0e6c-5a36-4b8e-8c1e-0d7c5e2f9a11,40.5,435900000.0,17653950000.0,428275000.0,17225675000.0,396927000.0,3,7f5b6f7e-1c2d-4a4e-9a51-3a3f1d3c0a01
59e5bf99-bf9a-4d3e-827b-45bac7ad9457,0358bbf9-af39-4eae-8225-fc722d73cb54,3139d32c-93cd-49bf-9c94-1cf0dc98d2c1,3b0b0e6c-5a36-4b8e-8c1e-0d7c5e2f9a11,7.0,570900000.0,3996300000.0,68408000.0,3927892000.0,490550000.0,1,7f5b6f7e-1c2d-4a4e-9a51-3a3f1d3c0a01
5d8b329d-97d6-42a2-9400-75c2f29f684c,0358bbf9-af39-4eae-8225-fc722d73cb54,fc377a4c-4a15-444d-85e7-ce8a3a578a8e,3b0b0e6c-5a36-4b8e-8c1e-0d7c5e2f9a11,13.0,582100000.0,7567300000.0,129536000.0,7437764000.0,501737000.0,2,7f5b6f7e-1c2d-4a4e-9a51-3a3f1d3c0a01
202fe92a-25d3-460a-9f6d-93e11464d084,0358bbf9-af39-4eae-8225-fc722d73cb54,a9488d99-0bbb-4599-91ce-5dd2b45ed1f0,3b0b0e6c-5a36-4b8e-8c1e-0d7c5e2f9a11,10.5,559700000.0,5876850000.0,100599000.0,5776251000.0,488670000.0,3,7f5b6f7e-1c2d-4a4e-9a51-3a3f1d3c0a01
f991f9b0-d20d-429e-936d-afabd3eb64de,d5b63ccf-e8de-4ef2-923f-92fb2f558aca,6c307511-b2b9-437a-a8df-6ec4ce4a2bbd,3b0b0e6c-5a36-4b8e-8c1e-0d7c5e2f9a11,40.0,475700000.0,19028000000.0,570966000.0,18457034000.0,437096000.0,1,7f5b6f7e-1c2d-4a4e-9a51-3a3f1d3c0a01
834805ee-fd41-49bf-b86c-e90961c4a4bb,2ff116fb-e5d9-4b2c-893c-fcb901ae5a36,b74d0fb1-32e7-4629-8fad-c1a606cb0fb3,3b0b0e6c-5a36-4b8e-8c1e-0d7c5e2f9a11,75.0,419600000.0,31470000000.0,779660000.0,30690340000.0,372680000.0,1,7f5b6f7e-1c2d-4a4e-9a51-3a3f1d3c0a01
aca2e28a-45aa-4aa0-97d3-6cb7cc227748,bed5013f-a056-43fa-a361-b33752e03b12,fc377a4c-4a15-444d-85e7-ce8a3a578a8e,3b0b0e6c-5a36-4b8e-8c1e-0d7c5e2f9a11,104.0,478600000.0,49774400000.0,1621876000.0,48152524000.0,441414000.0,1,7f5b6f7e-1c2d-4a4e-9a51-3a3f1d3c0a01
f35475ad-7e74-4334-a860-2b3b436bca90,bed5013f-a056-43fa-a361-b33752e03b12,a9488d99-0bbb-4599-91ce-5dd2b45ed1f0,3b0b0e6c-5a36-4b8e-8c1e-0d7c5e2f9a11,71.0,459600000.0,32631600000.0,1063285000.0,31568315000.0,429242000.0,2,7f5b6f7e-1c2d-4a4e-9a51-3a3f1d3c0a01
bf24a4f6-ac3e-4a81-84f2-a64e6751a707,6e824c17-a131-4e37-bf4c-aa5fcac5f6d5,23b8c1e9-3924-46de-beb1-3b9046685257,3b0b0e6c-5a36-4b8e-8c1e-0d7c5e2f9a11,200.0,367400000.0,73480000000.0,2437252000.0,71042748000.0,340714000.0,1,7f5b6f7e-1c2d-4a4e-9a51-3a3f1d3c0a01
36482324-b766-44b3-a03d-30d9effdf455,568a0e58-0406-43c7-83f8-fad1058d2a82,17fc695a-07a0-4a6e-8822-e8f36c031199,3b0b0e6c-5a36-4b8e-8c1e-0d7c5e2f9a11,120.0,361900000.0,43428000000.0,1540969000.0,41887031000.0,334730000.0,1,7f5b6f7e-1c2d-4a4e-9a51-3a3f1d3c0a01
130e93a0-0851-487c-b4f2-0c2e13b233c6,0f44fbec-1a02-4c0e-bbeb-fbba8e3f8279,bd9c66b3-ad3c-4d6d-9a3d-1fa7bc8960a9,3b0b0e6c-5a36-4b8e-8c1e-0d7c5e2f9a11,37.0,424200000.0,15695400000.0,680130000.0,15015270000.0,392326000.0,1,7f5b6f7e-1c2d-4a4e-9a51-3a3f1d3c0a01
e1440c70-ee1d-44da-b988-fd344f061ef6,0f44fbec-1a02-4c0e-bbeb-fbba8e3f8279,bdd640fb-0667-4ad1-9c80-317fa3b1799d,3b0b0e6c-5a36-4b8e-8c1e-0d7c5e2f9a11,30.5,448500000.0,13679250000.0,592764000.0,13086486000.0,413083000.0,2,7f5b6f7e-1c2d-4a4e-9a51-3a3f1d3c0a01
a051b101-3079-487b-a797-29e2c68fb72e,0f44fbec-1a02-4c0e-bbeb-fbba8e3f8279,17fc695a-07a0-4a6e-8822-e8f36c031199,3b0b0e6c-5a36-4b8e-8c1e-0d7c5e2f9a11,43.0,423300000.0,18201900000.0,788744000.0,17413156000.0,392606000.0,3,7f5b6f7e-1c2d-4a4e-9a51-3a3f1d3c0a01
ad3791e4-b25c-4bd3-a4e3-ac484c607708,088debf8-e37b-459f-a59c-1c56d4109e50,e2acf72f-9e57-4f7a-a0ee-89aed453dd32,3b0b0e6c-5a36-4b8e-8c1e-0d7c5e2f9a11,22.0,581200000.0,12786400000.0,151322000.0,12635078000.0,534363000.0,1,7f5b6f7e-1c2d-4a4e-9a51-3a3f1d3c0a01
47ff9322-55e0-49d4-ae0f-c2b3c179652a,088debf8-e37b-459f-a59c-1c56d4109e50,4b0dbb41-8d52-48f1-942c-3fe860e7a113,3b0b0e6c-5a36-4b8e-8c1e-0d7c5e2f9a11,8.0,592700000.0,4741600000.0,56115000.0,4685485000.0,547284000.0,2,7f5b6f7e-1c2d-4a4e-9a51-3a3f1d3c0a01
5840f6bf-bcb4-4628-94d8-19eb384a80e6,d01a092e-b00a-47af-9134-6227cf5ac26c,ddd1dfb2-3b98-4ef8-9af6-1a26146d3f31,3b0b0e6c-5a36-4b8e-8c1e-0d7c5e2f9a11,25.0,322700000.0,8067500000.0,203142000.0,7864358000.0,302868000.0,1,7f5b6f7e-1c2d-4a4e-9a51-3a3f1d3c0a01
2b324241-f317-4036-9102-3684c7577490,13baaa5a-29e4-48f1-a4ba-535ad800e305,a9488d99-0bbb-4599-91ce-5dd2b45ed1f0,3b0b0e6c-5a36-4b8e-8c1e-0d7c5e2f9a11,15.0,466500000.0,6997500000.0,150695000.0,6846805000.0,416444000.0,1,7f5b6f7e-1c2d-4a4e-9a51-3a3f1d3c0a01
04959273-12b2-42ef-8ed8-f7ec763b2774,13baaa5a-29e4-48f1-a4ba-535ad800e305,3139d32c-93cd-49bf-9c94-1cf0dc98d2c1,3b0b0e6c-5a36-4b8e-8c1e-0d7c5e2f9a11,10.0,480700000.0,4807000000.0,103522000.0,4703478000.0,417696000.0,2,7f5b6f7e-1c2d-4a4e-9a51-3a3f1d3c0a01
39239646-ed85-4f1a-b53b-d4be11cad281,8a6e2bff-3c96-46f7-80f1-213fd565dd71,a9488d99-0bbb-4599-91ce-5dd2b45ed1f0,3b0b0e6c-5a36-4b8e-8c1e-0d7c5e2f9a11,10.0,465300000.0,4653000000.0,96022000.0,4556978000.0,411342000.0,1,7f5b6f7e-1c2d-4a4e-9a51-3a3f1d3c0a01
434a3421-bd94-4a60-b5ac-4308b92cfa7d,aad07823-e689-4546-acb7-dbbf1a10950e,e2acf72f-9e57-4f7a-a0ee-89aed453dd32,3b0b0e6c-5a36-4b8e-8c1e-0d7c5e2f9a11,30.0,739400000.0,22182000000.0,502413000.0,21679587000.0,637820000.0,1,7f5b6f7e-1c2d-4a4e-9a51-3a3f1d3c0a01
66da8fbf-4352-4c2a-91aa-b99547650b60,d43a08c8-6aea-4877-a9d7-267c48d12a79,fc377a4c-4a15-444d-85e7-ce8a3a578a8e,3b0b0e6c-5a36-4b8e-8c1e-0d7c5e2f9a11,6.5,604600000.0,3929900000.0,106492000.0,3823408000.0,529930000.0,1,7f5b6f7e-1c2d-4a4e-9a51-3a3f1d3c0a01
e4858156-a0e5-4630-8e3c-d59ca43e0b1a,d43a08c8-6aea-4877-a9d7-267c48d12a79,a9488d99-0bbb-4599-91ce-5dd2b45ed1f0,3b0b0e6c-5a36-4b8e-8c1e-0d7c5e2f9a11,3.5,585900000.0,2050650000.0,55568000.0,1995082000.0,517758000.0,2,7f5b6f7e-1c2d-4a4e-9a51-3a3f1d3c0a01
bb7572a2-3b2e-43a3-8d13-b06b050d4d49,7d0101c9-7028-4b5c-bff4-fa15d6ffd771,4b0dbb41-8d52-48f1-942c-3fe860e7a113,3b0b0e6c-5a36-4b8e-8c1e-0d7c5e2f9a11,3.0,580700000.0,1742100000.0,36493000.0,1705607000.0,448252000.0,1,7f5b6f7e-1c2d-4a4e-9a51-3a3f1d3c0a01
2abcfe0d-d886-44ca-9359-d7c215f5f14f,7d0101c9-7028-4b5c-bff4-fa15d6ffd771,e2acf72f-9e57-4f7a-a0ee-89aed453dd32,3b0b0e6c-5a36-4b8e-8c1e-0d7c5e2f9a11,12.0,573500000.0,6882000000.0,144163000.0,6737837000.0,440642000.0,2,7f5b6f7e-1c2d-4a4e-9a51-3a3f1d3c0a01
a7742d69-4381-4356-946d-676db310764e,019830b6-99f4-4c63-84db-cbf83c0ca3f6,e2acf72f-9e57-4f7a-a0ee-89aed453dd32,3b0b0e6c-5a36-4b8e-8c1e-0d7c5e2f9a11,55.0,587600000.0,32318000000.0,966043000.0,31351957000.0,518610000.0,1,7f5b6f7e-1c2d-4a4e-9a51-3a3f1d3c0a01
2baa49ae-a071-4392-a1f9-a29af6074587,1d6bb2c5-1c48-433d-8163-16fa7d6ab881,fc377a4c-4a15-444d-85e7-ce8a3a578a8e,3b0b0e6c-5a36-4b8e-8c1e-0d7c5e2f9a11,11.0,582100000.0,6403100000.0,145401000.0,6257699000.0,501737000.0,1,7f5b6f7e-1c2d-4a4e-9a51-3a3f1d3c0a01
c5c0aedb-5153-4ef1-8ef5-3ad510a8a061,1d6bb2c5-1c48-433d-8163-16fa7d6ab881,a9488d99-0bbb-4599-91ce-5dd2b45ed1f0,3b0b0e6c-5a36-4b8e-8c1e-0d7c5e2f9a11,14.0,559700000.0,7835800000.0,177935000.0,7657865000.0,488670000.0,2,7f5b6f7e-1c2d-4a4e-9a51-3a3f1d3c0a01
6d8107a6-7eb6-44c6-8c47-703e647195b9,820151e6-9c3f-41c4-91c6-5e2778527019,e2acf72f-9e57-4f7a-a0ee-89aed453dd32,3b0b0e6c-5a36-4b8e-8c1e-0d7c5e2f9a11,21.0,581200000.0,12205200000.0,201186000.0,12004014000.0,534363000.0,1,7f5b6f7e-1c2d-4a4e-9a51-3a3f1d3c0a01
299076a7-ad46-47ee-88aa-8587139282c8,820151e6-9c3f-41c4-91c6-5e2778527019,4b0dbb41-8d52-48f1-942c-3fe860e7a113,3b0b0e6c-5a36-4b8e-8c1e-0d7c5e2f9a11,14.0,592700000.0,8297800000.0,136778000.0,8161022000.0,547284000.0,2,7f5b6f7e-1c2d-4a4e-9a51-3a3f1d3c0a01
953b4b04-c6b3-44eb-94ca-b15a89a8cc3b,ac3a145b-58ba-49cb-8e40-1544eae7c214,e2acf72f-9e57-4f7a-a0ee-89aed453dd32,3b0b0e6c-5a36-4b8e-8c1e-0d7c5e2f9a11,35.0,620100000.0,21703500000.0,412151000.0,21291349000.0,529672000.0,1,7f5b6f7e-1c2d-4a4e-9a51-3a3f1d3c0a01
8b588b2a-857f-40fc-a4df-41c315032119,23da4700-64e5-4438-99f5-19062ddacf27,e2acf72f-9e57-4f7a-a0ee-89aed453dd32,3b0b0e6c-5a36-4b8e-8c1e-0d7c5e2f9a11,35.0,739400000.0,25879000000.0,265909000.0,25613091000.0,637820000.0,1,7f5b6f7e-1c2d-4a4e-9a51-3a3f1d3c0a01
779a0167-03a5-445a-b8fb-2ec9242737d6,2bc95a46-2481-4b21-bf1c-ca73392bd957,ddd1dfb2-3b98-4ef8-9af6-1a26146d3f31,3b0b0e6c-5a36-4b8e-8c1e-0d7c5e2f9a11,35.0,328700000.0,11504500000.0,202212000.0,11302288000.0,302304000.0,1,7f5b6f7e-1c2d-4a4e-9a51-3a3f1d3c0a01
d2f4f840-1795-4f57-b919-6fb7b18b580a,6ca912ec-ab16-4828-90ca-8cf6edcec95b,ddd1dfb2-3b98-4ef8-9af6-1a26146d3f31,3b0b0e6c-5a36-4b8e-8c1e-0d7c5e2f9a11,65.0,354100000.0,23016500000.0,555388000.0,22461112000.0,321668000.0,1,7f5b6f7e-1c2d-4a4e-9a51-3a3f1d3c0a01
56e8e0fd-afea-40ef-942d-9321d9905184,9a5570b9-4e5e-41a1-aa93-05a89235ae56,43b7a3a6-9a8d-4a03-980d-7b71d8f56413,3b0b0e6c-5a36-4b8e-8c1e-0d7c5e2f9a11,75.0,431300000.0,32347500000.0,955025000.0,31392475000.0,350760000.0,1,7f5b6f7e-1c2d-4a4e-9a51-3a3f1d3c0a01
f48bd5aa-ff30-438a-9115-0fbcbdb73c60,cd654d40-a2c0-4ebc-9db2-d06c9d773f71,17fc695a-07a0-4a6e-8822-e8f36c031199,3b0b0e6c-5a36-4b8e-8c1e-0d7c5e2f9a11,90.0,337600000.0,30384000000.0,1434474000.0,28949526000.0,314721000.0,1,7f5b6f7e-1c2d-4a4e-9a51-3a3f1d3c0a01
d79df76c-0e6f-4853-ba9d-9776e989f490,6d4eba1f-7752-4eb0-b2a4-d9326ede5aef,1a2a73ed-562b-4f79-8374-59eef50bea63,3b0b0e6c-5a36-4b8e-8c1e-0d7c5e2f9a11,1.5,433000000.0,649500000.0,28447000.0,621053000.0,412272000.0,1,7f5b6f7e-1c2d-4a4e-9a51-3a3f1d3c0a01
74d4b724-4a65-4e1c-b851-4145162aeb17,6d4eba1f-7752-4eb0-b2a4-d9326ede5aef,43b7a3a6-9a8d-4a03-980d-7b71d8f56413,3b0b0e6c-5a36-4b8e-8c1e-0d7c5e2f9a11,8.5,447400000.0,3802900000.0,166562000.0,3636338000.0,423650000.0,2,7f5b6f7e-1c2d-4a4e-9a51-3a3f1d3c0a01
3925a58b-fa39-4bcd-8e0b-7d49a2e87b31,6d4eba1f-7752-4eb0-b2a4-d9326ede5aef,5be6128e-18c2-4797-a142-ea7d17be3111,3b0b0e6c-5a36-4b8e-8c1e-0d7c5e2f9a11,5.0,428800000.0,2144000000.0,93904000.0,2050096000.0,408295000.0,3,7f5b6f7e-1c2d-4a4e-9a51-3a3f1d3c0a01
d0ae420e-ec4e-4bbc-a745-aa31d7e126b1,85555cb2-7ead-4d32-895d-7662f3548145,1a2a73ed-562b-4f79-8374-59eef50bea63,3b0b0e6c-5a36-4b8e-8c1e-0d7c5e2f9a11,30.0,474200000.0,14226000000.0,671942000.0,13554058000.0,420135000.0,1,7f5b6f7e-1c2d-4a4e-9a51-3a3f1d3c0a01
c7003b27-d1cd-4256-84b2-d040d0ce0831,61387e34-61e4-449c-b882-4cf62b851bf2,3139d32c-93cd-49bf-9c94-1cf0dc98d2c1,3b0b0e6c-5a36-4b8e-8c1e-0d7c5e2f9a11,50.0,497500000.0,24875000000.0,908644000.0,23966356000.0,443472000.0,1,7f5b6f7e-1c2d-4a4e-9a51-3a3f1d3c0a01
f413f278-0165-4f27-9f09-a316793c831b,5bd9e8d7-2d78-4b23-b80d-fba09859ac8d,6c307511-b2b9-437a-a8df-6ec4ce4a2bbd,3b0b0e6c-5a36-4b8e-8c1e-0d7c5e2f9a11,102.5,421500000.0,43203750000.0,1022697000.0,42181053000.0,376156000.0,1,7f5b6f7e-1c2d-4a4e-9a51-3a3f1d3c0a01
9b03490c-fac5-4010-a428-ff179f25f641,5bd9e8d7-2d78-4b23-b80d-fba09859ac8d,b74d0fb1-32e7-4629-8fad-c1a606cb0fb3,3b0b0e6c-5a36-4b8e-8c1e-0d7c5e2f9a11,27.5,445600000.0,12254000000.0,290070000.0,11963930000.0,388784000.0,2,7f5b6f7e-1c2d-4a4e-9a51-3a3f1d3c0a01
8da55c13-e639-43d1-beff-0f4007f5740d,1ac782ee-6047-4a45-bab0-077acc79dc7b,23b8c1e9-3924-46de-beb1-3b9046685257,3b0b0e6c-5a36-4b8e-8c1e-0d7c5e2f9a11,90.0,431400000.0,38826000000.0,1001245000.0,37824755000.0,398964000.0,1,7f5b6f7e-1c2d-4a4e-9a51-3a3f1d3c0a01
3b9ad32e-3c17-43a4-8e00-ccbee400f9a7,c98cd085-ba9d-43be-9ce4-68e725e6bb52,1a2a73ed-562b-4f79-8374-59eef50bea63,3b0b0e6c-5a36-4b8e-8c1e-0d7c5e2f9a11,25.0,363800000.0,9095000000.0,182121000.0,8912879000.0,330318000.0,1,7f5b6f7e-1c2d-4a4e-9a51-3a3f1d3c0a01
853e8748-efff-4274-9edc-ed90884195e4,c98cd085-ba9d-43be-9ce4-68e725e6bb52,5be6128e-18c2-4797-a142-ea7d17be3111,3b0b0e6c-5a36-4b8e-8c1e-0d7c5e2f9a11,20.5,353600000.0,7248800000.0,145152000.0,7103648000.0,328468000.0,2,7f5b6f7e-1c2d-4a4e-9a51-3a3f1d3c0a01
f0a6e2e4-cac1-4f02-8fec-ece769e53022,c98cd085-ba9d-43be-9ce4-68e725e6bb52,43b7a3a6-9a8d-4a03-980d-7b71d8f56413,3b0b0e6c-5a36-4b8e-8c1e-0d7c5e2f9a11,19.5,368400000.0,7183800000.0,143851000.0,7039949000.0,338458000.0,3,7f5b6f7e-1c2d-4a4e-9a51-3a3f1d3c0a01
9163310c-0c25-463d-9df1-7f2dc68fc312,24c9df2b-fcc7-4878-85bc-b3d597dac9b3,1a2a73ed-562b-4f79-8374-59eef50bea63,3b0b0e6c-5a36-4b8e-8c1e-0d7c5e2f9a11,100.0,433000000.0,43300000000.0,764391000.0,42535609000.0,412272000.0,1,7f5b6f7e-1c2d-4a4e-9a51-3a3f1d3c0a01
32d7e6c1-e178-4f77-8f92-8bc87ff59234,63582e41-d456-40a2-966f-1a1ca0550b7b,e2acf72f-9e57-4f7a-a0ee-89aed453dd32,3b0b0e6c-5a36-4b8e-8c1e-0d7c5e2f9a11,75.0,586200000.0,43965000000.0,1435402000.0,42529598000.0,514362000.0,1,7f5b6f7e-1c2d-4a4e-9a51-3a3f1d3c0a01
2e2ed818-83d2-4516-bcc1-d00743fe7546,104afbf9-b8c2-48f2-80c7-20c10a1ead51,1a2a73ed-562b-4f79-8374-59eef50bea63,3b0b0e6c-5a36-4b8e-8c1e-0d7c5e2f9a11,305.0,452700000.0,138073500000.0,2927711000.0,135145789000.0,403208000.0,1,7f5b6f7e-1c2d-4a4e-9a51-3a3f1d3c0a01
aad5dff0-92e9-4011-8834-d5e57a91de9a,45b3a711-d045-4295-9ccc-0d9e964a7a95,5be6128e-18c2-4797-a142-ea7d17be3111,3b0b0e6c-5a36-4b8e-8c1e-0d7c5e2f9a11,65.0,459700000.0,29880500000.0,702490000.0,29178010000.0,416620000.0,1,7f5b6f7e-1c2d-4a4e-9a51-3a3f1d3c0a01
0ab1af77-d881-4885-a9a6-306003173ce8,8f4690ce-1bf2-4f2b-9041-0a7792647463,1a2a73ed-562b-4f79-8374-59eef50bea63,3b0b0e6c-5a36-4b8e-8c1e-0d7c5e2f9a11,56.0,530400000.0,29702400000.0,697247000.0,29005153000.0,475727000.0,1,7f5b6f7e-1c2d-4a4e-9a51-3a3f1d3c0a01
aad0aedc-1313-4de2-aef7-697ba33a6fb3,8f4690ce-1bf2-4f2b-9041-0a7792647463,43b7a3a6-9a8d-4a03-980d-7b71d8f56413,3b0b0e6c-5a36-4b8e-8c1e-0d7c5e2f9a11,59.0,543400000.0,32060600000.0,752605000.0,31307995000.0,485070000.0,2,7f5b6f7e-1c2d-4a4e-9a51-3a3f1d3c0a01
efe12769-d5a3-4f3d-ba22-135c30ea283c,515c5dc8-6d00-4948-9f3d-88318ac44e5b,ec1b8ca1-f91e-4d4c-9ff4-9b7889463e85,3b0b0e6c-5a36-4b8e-8c1e-0d7c5e2f9a11,130.0,619500000.0,80535000000.0,2095345000.0,78439655000.0,541009000.0,1,7f5b6f7e-1c2d-4a4e-9a51-3a3f1d3c0a01
2b9fed04-9b65-4a47-9b02-9f3ce30021e4,68cb7159-a473-4d04-84a2-4be38c4f1183,3139d32c-93cd-49bf-9c94-1cf0dc98d2c1,3b0b0e6c-5a36-4b8e-8c1e-0d7c5e2f9a11,100.0,459100000.0,45910000000.0,1791141000.0,44118859000.0,358537000.0,1,7f5b6f7e-1c2d-4a4e-9a51-3a3f1d3c0a01
dd4e55d1-7bf8-426b-a3cf-73baf80d2952,0c6dea88-803a-4c02-910e-111ede1809f8,ddd1dfb2-3b98-4ef8-9af6-1a26146d3f31,3b0b0e6c-5a36-4b8e-8c1e-0d7c5e2f9a11,230.0,342200000.0,78706000000.0,2519775000.0,76186225000.0,326556000.0,1,7f5b6f7e-1c2d-4a4e-9a51-3a3f1d3c0a01
19db347a-5949-417d-b8b0-92d7ed42ed48,608cc964-6dfa-40fe-b37c-0a136a8282be,17fc695a-07a0-4a6e-8822-e8f36c031199,3b0b0e6c-5a36-4b8e-8c1e-0d7c5e2f9a11,140.0,358000000.0,50120000000.0,990657000.0,49129343000.0,338750000.0,1,7f5b6f7e-1c2d-4a4e-9a51-3a3f1d3c0a01
effdaa95-1d1e-45b1-84f3-bf0c664d94bf,d3b33e82-b468-4a93-8d94-fd4ad0157617,1a2a73ed-562b-4f79-8374-59eef50bea63,3b0b0e6c-5a36-4b8e-8c1e-0d7c5e2f9a11,65.0,544800000.0,35412000000.0,1162623000.0,34249377000.0,490620000.0,1,7f5b6f7e-1c2d-4a4e-9a51-3a3f1d3c0a01
4792a8bb-e31f-4c28-88d1-3c19542514c1,3f4cd021-7a85-4220-b69b-867b5f679939,17fc695a-07a0-4a6e-8822-e8f36c031199,3b0b0e6c-5a36-4b8e-8c1e-0d7c5e2f9a11,80.0,423300000.0,33864000000.0,967125000.0,32896875000.0,392606000.0,1,7f5b6f7e-1c2d-4a4e-9a51-3a3f1d3c0a01
10d0ea8b-fe14-4518-af12-4dd329aab8f9,ceccc07f-2a14-456d-97b8-fb05e8907ec9,fc377a4c-4a15-444d-85e7-ce8a3a578a8e,3b0b0e6c-5a36-4b8e-8c1e-0d7c5e2f9a11,250.0,604600000.0,151150000000.0,5554915000.0,145595085000.0,529930000.0,1,7f5b6f7e-1c2d-4a4e-9a51-3a3f1d3c0a01
76043923-81a4-40ee-9654-28d312782b00,7302b7c0-b01a-4d09-b5eb-9d9bd6d6714c,a9488d99-0bbb-4599-91ce-5dd2b45ed1f0,3b0b0e6c-5a36-4b8e-8c1e-0d7c5e2f9a11,105.0,599200000.0,62916000000.0,1604411000.0,61311589000.0,524380000.0,1,7f5b6f7e-1c2d-4a4e-9a51-3a3f1d3c0a01
4d6df394-6345-4435-a784-ed8769190646,de8cacd8-b70c-412b-8772-74ae444f6b9c,ec1b8ca1-f91e-4d4c-9ff4-9b7889463e85,3b0b0e6c-5a36-4b8e-8c1e-0d7c5e2f9a11,23.5,511200000.0,12013200000.0,262310000.0,11750890000.0,449061000.0,1,7f5b6f7e-1c2d-4a4e-9a51-3a3f1d3c0a01
1b5be752-108d-4aef-bc56-c8352fe52c89,de8cacd8-b70c-412b-8772-74ae444f6b9c,759cde66-bacf-43d0-8b1f-9163ce9ff57f,3b0b0e6c-5a36-4b8e-8c1e-0d7c5e2f9a11,26.5,511300000.0,13549450000.0,295854000.0,13253596000.0,456572000.0,2,7f5b6f7e-1c2d-4a4e-9a51-3a3f1d3c0a01
ea6300c6-3add-481f-8548-6758c90a1764,febb019a-096e-4afe-9345-b9f1793c36af,e2acf72f-9e57-4f7a-a0ee-89aed453dd32,3b0b0e6c-5a36-4b8e-8c1e-0d7c5e2f9a11,25.0,586200000.0,14655000000.0,137421000.0,14517579000.0,514362000.0,1,7f5b6f7e-1c2d-4a4e-9a51-3a3f1d3c0a01
d9b87aa5-333c-441a-a301-24fcf9c28ab6,fe7a79cd-b582-4f87-b8e8-ec6de8387e62,23b8c1e9-3924-46de-beb1-3b9046685257,3b0b0e6c-5a36-4b8e-8c1e-0d7c5e2f9a11,35.0,426700000.0,14934500000.0,628439000.0,14306061000.0,396253000.0,1,7f5b6f7e-1c2d-4a4e-9a51-3a3f1d3c0a01
2f696151-2a2e-4bb9-932c-c0d6a69d3d4d,83d64a26-0212-4661-9f76-da55313d68ed,1a2a73ed-562b-4f79-8374-59eef50bea63,3b0b0e6c-5a36-4b8e-8c1e-0d7c5e2f9a11,15.0,572400000.0,8586000000.0,151001000.0,8434999000.0,507918000.0,1,7f5b6f7e-1c2d-4a4e-9a51-3a3f1d3c0a01
a5e5b9b8-67be-4c09-8bdf-d374c59dda2b,27fb8007-aadd-4689-9d19-f3d05488ebbe,a9488d99-0bbb-4599-91ce-5dd2b45ed1f0,3b0b0e6c-5a36-4b8e-8c1e-0d7c5e2f9a11,10.0,466500000.0,4665000000.0,107186000.0,4557814000.0,416444000.0,1,7f5b6f7e-1c2d-4a4e-9a51-3a3f1d3c0a01
f63f412d-bcc6-4ef3-90d5-dd4891c4e3dc,a174c001-6e0c-4b41-9f3a-0f19a2009a53,ec1b8ca1-f91e-4d4c-9ff4-9b7889463e85,3b0b0e6c-5a36-4b8e-8c1e-0d7c5e2f9a11,26.5,519400000.0,13764100000.0,203506000.0,13560594000.0,462636000.0,1,7f5b6f7e-1c2d-4a4e-9a51-3a3f1d3c0a01
5e269964-9d62-4bb4-b42e-fd435e44e732,a174c001-6e0c-4b41-9f3a-0f19a2009a53,759cde66-bacf-43d0-8b1f-9163ce9ff57f,3b0b0e6c-5a36-4b8e-8c1e-0d7c5e2f9a11,23.5,525100000.0,12339850000.0,182448000.0,12157402000.0,462726000.0,2,7f5b6f7e-1c2d-4a4e-9a51-3a3f1d3c0a01
fc6f2a7f-e77a-4faa-95b2-cf8423b2ed2e,4b27c723-2a07-4583-9366-86b1330c9f49,759cde66-bacf-43d0-8b1f-9163ce9ff57f,3b0b0e6c-5a36-4b8e-8c1e-0d7c5e2f9a11,4.0,504500000.0,2018000000.0,37080000.0,1980920000.0,475216000.0,1,7f5b6f7e-1c2d-4a4e-9a51-3a3f1d3c0a01
38984397-b5ce-4815-9089-1894a4a1e6d3,4b27c723-2a07-4583-9366-86b1330c9f49,ec1b8ca1-f91e-4d4c-9ff4-9b7889463e85,3b0b0e6c-5a36-4b8e-8c1e-0d7c5e2f9a11,11.0,502700000.0,5529700000.0,101606000.0,5428094000.0,470057000.0,2,7f5b6f7e-1c2d-4a4e-9a51-3a3f1d3c0a01
59d0569c-7f96-4031-9586-21602a16f910,fcd9cb7b-c05e-490b-9267-6b44c68b7316,759cde66-bacf-43d0-8b1f-9163ce9ff57f,3b0b0e6c-5a36-4b8e-8c1e-0d7c5e2f9a11,105.0,647000000.0,67935000000.0,1455079000.0,66479921000.0,584178000.0,1,7f5b6f7e-1c2d-4a4e-9a51-3a3f1d3c0a01
c5cec9d6-756b-4a1d-baf3-501ca72ca17f,bbaba0f3-c102-4221-bac2-4e3c8d73bfaa,4b0dbb41-8d52-48f1-942c-3fe860e7a113,3b0b0e6c-5a36-4b8e-8c1e-0d7c5e2f9a11,35.0,779000000.0,27265000000.0,291268000.0,26973732000.0,666936000.0,1,7f5b6f7e-1c2d-4a4e-9a51-3a3f1d3c0a01
680757a4-4a3e-4327-b651-b89be5d52f9e,8c1254ee-257a-4304-b9c0-cb57dccb8b46,43b7a3a6-9a8d-4a03-980d-7b71d8f56413,3b0b0e6c-5a36-4b8e-8c1e-0d7c5e2f9a11,13.5,447200000.0,6037200000.0,238950000.0,5798250000.0,413845000.0,1,7f5b6f7e-1c2d-4a4e-9a51-3a3f1d3c0a01
f9a0b085-1ffd-4f2c-9b3a-e44d239014c6,8c1254ee-257a-4304-b9c0-cb57dccb8b46,1a2a73ed-562b-4f79-8374-59eef50bea63,3b0b0e6c-5a36-4b8e-8c1e-0d7c5e2f9a11,11.5,435900000.0,5012850000.0,198407000.0,4814443000.0,400525000.0,2,7f5b6f7e-1c2d-4a4e-9a51-3a3f1d3c0a01
4a70585e-d89d-43f1-95c5-9f575c87f51d,e1b10e4b-8875-492b-a975-7003b5c7ddfa,43b7a3a6-9a8d-4a03-980d-7b71d8f56413,3b0b0e6c-5a36-4b8e-8c1e-0d7c5e2f9a11,75.0,464900000.0,34867500000.0,1058159000.0,33809341000.0,425870000.0,1,7f5b6f7e-1c2d-4a4e-9a51-3a3f1d3c0a01
17661a34-2ba0-402b-a691-35ccd74396d4,8ccb03bf-38a5-429b-b9d9-3ad9d2898c5c,9a1de644-815e-46d1-bb8f-aa1837f8a88b,3b0b0e6c-5a36-4b8e-8c1e-0d7c5e2f9a11,42.0,345900000.0,14527800000.0,404995000.0,14122805000.0,325474000.0,1,7f5b6f7e-1c2d-4a4e-9a51-3a3f1d3c0a01
c0489444-11d8-4b0e-a1b2-43177fb45dfc,8ccb03bf-38a5-429b-b9d9-3ad9d2898c5c,972a8469-1641-4f82-8b9d-2434e465e150,3b0b0e6c-5a36-4b8e-8c1e-0d7c5e2f9a11,43.0,353900000.0,15217700000.0,424227000.0,14793473000.0,329962000.0,2,7f5b6f7e-1c2d-4a4e-9a51-3a3f1d3c0a01
69f3eb6c-f00c-48eb-bd37-956f9043dc28,ea2d7ced-bb4d-48d1-9e88-90e554c6390e,6c307511-b2b9-437a-a8df-6ec4ce4a2bbd,3b0b0e6c-5a36-4b8e-8c1e-0d7c5e2f9a11,45.0,399700000.0,17986500000.0,451571000.0,17534929000.0,366732000.0,1,7f5b6f7e-1c2d-4a4e-9a51-3a3f1d3c0a01
958c8fa6-4385-4218-a951-c0da16eea891,5a4eb8e4-beda-479b-914f-93afc35fb1f8,23b8c1e9-3924-46de-beb1-3b9046685257,3b0b0e6c-5a36-4b8e-8c1e-0d7c5e2f9a11,43.5,423800000.0,18435300000.0,333900000.0,18101400000.0,392794000.0,1,7f5b6f7e-1c2d-4a4e-9a51-3a3f1d3c0a01
33e59f2a-dcca-49a9-887c-fab6972b5516,5a4eb8e4-beda-479b-914f-93afc35fb1f8,bdd640fb-0667-4ad1-9c80-317fa3b1799d,3b0b0e6c-5a36-4b8e-8c1e-0d7c5e2f9a11,16.5,434600000.0,7170900000.0,129879000.0,7041021000.0,399712000.0,2,7f5b6f7e-1c2d-4a4e-9a51-3a3f1d3c0a01
b121e1df-d9a0-4a1c-bce3-e2b25c91f5a9,b1425a85-eaac-47cd-83c4-c2ce344ccb3c,bd9c66b3-ad3c-4d6d-9a3d-1fa7bc8960a9,3b0b0e6c-5a36-4b8e-8c1e-0d7c5e2f9a11,13.0,337100000.0,4382300000.0,201472000.0,4180828000.0,328278000.0,1,7f5b6f7e-1c2d-4a4e-9a51-3a3f1d3c0a01
0596def2-a502-41c2-af1b-d8570c56a05d,b1425a85-eaac-47cd-83c4-c2ce344ccb3c,23b8c1e9-3924-46de-beb1-3b9046685257,3b0b0e6c-5a36-4b8e-8c1e-0d7c5e2f9a11,67.0,342700000.0,22960900000.0,1055604000.0,21905296000.0,327624000.0,2,7f5b6f7e-1c2d-4a4e-9a51-3a3f1d3c0a01
e006f7f9-daf2-4ede-886e-8ce0d8d6def1,d1db3e7a-40af-4799-8422-46c03d728a04,47378190-96da-4dac-b2ff-5d2a386ecbe0,3b0b0e6c-5a36-4b8e-8c1e-0d7c5e2f9a11,47.0,412800000.0,19401600000.0,209258000.0,19192342000.0,380640000.0,1,7f5b6f7e-1c2d-4a4e-9a51-3a3f1d3c0a01
ecad6427-3c64-43b8-983a-cedfe92b034f,d1db3e7a-40af-4799-8422-46c03d728a04,6c307511-b2b9-437a-a8df-6ec4ce4a2bbd,3b0b0e6c-5a36-4b8e-8c1e-0d7c5e2f9a11,33.0,398400000.0,13147200000.0,141800000.0,13005400000.0,366366000.0,2,7f5b6f7e-1c2d-4a4e-9a51-3a3f1d3c0a01
8f66f3dd-f74c-48f3-8b7d-9044c36c64f7,d121bf89-3625-4d7a-80ef-5addde95400d,bd9c66b3-ad3c-4d6d-9a3d-1fa7bc8960a9,3b0b0e6c-5a36-4b8e-8c1e-0d7c5e2f9a11,115.0,338000000.0,38870000000.0,563139000.0,38306861000.0,315188000.0,1,7f5b6f7e-1c2d-4a4e-9a51-3a3f1d3c0a01
1f61ca43-d450-4cb7-bbe9-8b4cf0fddb4f,3fb82fb6-95a5-49e5-882f-65914dbc356d,1a2a73ed-562b-4f79-8374-59eef50bea63,3b0b0e6c-5a36-4b8e-8c1e-0d7c5e2f9a11,14.0,461400000.0,6459600000.0,146087000.0,6313513000.0,418748000.0,1,7f5b6f7e-1c2d-4a4e-9a51-3a3f1d3c0a01
c78c1d0f-1083-45fa-a831-93873c5e9a51,3fb82fb6-95a5-49e5-882f-65914dbc356d,43b7a3a6-9a8d-4a03-980d-7b71d8f56413,3b0b0e6c-5a36-4b8e-8c1e-0d7c5e2f9a11,53.0,464900000.0,24639700000.0,557237000.0,24082463000.0,425870000.0,2,7f5b6f7e-1c2d-4a4e-9a51-3a3f1d3c0a01
df648f19-e95a-47ab-b394-f985efe265fc,3fb82fb6-95a5-49e5-882f-65914dbc356d,5be6128e-18c2-4797-a142-ea7d17be3111,3b0b0e6c-5a36-4b8e-8c1e-0d7c5e2f9a11,22.5,450400000.0,10134000000.0,229185000.0,9904815000.0,403948000.0,3,7f5b6f7e-1c2d-4a4e-9a51-3a3f1d3c0a01
7ad429aa-d316-4e61-bb13-7b5456a3a6f3,0b847ba7-4d00-4c99-9164-4513ee4bbd11,972a8469-1641-4f82-8b9d-2434e465e150,3b0b0e6c-5a36-4b8e-8c1e-0d7c5e2f9a11,20.0,352900000.0,7058000000.0,149458000.0,6908542000.0,318368000.0,1,7f5b6f7e-1c2d-4a4e-9a51-3a3f1d3c0a01
edf689d2-1423-48bb-b601-71057026df1d,2b186dd8-86b2-4089-bae4-b03ec350c4ef,fc377a4c-4a15-444d-85e7-ce8a3a578a8e,3b0b0e6c-5a36-4b8e-8c1e-0d7c5e2f9a11,13.5,488800000.0,6598800000.0,117742000.0,6481058000.0,426915000.0,1,7f5b6f7e-1c2d-4a4e-9a51-3a3f1d3c0a01
03eea879-22ca-4fff-8f5e-28481d1d459e,2b186dd8-86b2-4089-bae4-b03ec350c4ef,3139d32c-93cd-49bf-9c94-1cf0dc98d2c1,3b0b0e6c-5a36-4b8e-8c1e-0d7c5e2f9a11,11.5,480700000.0,5528050000.0,98636000.0,5429414000.0,417696000.0,2,7f5b6f7e-1c2d-4a4e-9a51-3a3f1d3c0a01
4210efd4-adaa-402a-85d1-d85979e04d01,f10c7db6-eaad-4319-b1ae-aae404ed61e1,a9488d99-0bbb-4599-91ce-5dd2b45ed1f0,3b0b0e6c-5a36-4b8e-8c1e-0d7c5e2f9a11,10.0,599200000.0,5992000000.0,164145000.0,5827855000.0,524380000.0,1,7f5b6f7e-1c2d-4a4e-9a51-3a3f1d3c0a01
9fee53c0-d3fb-4ee7-84ad-824dec2b6b05,ab27a073-04e7-4cea-aede-6065e863c828,1a2a73ed-562b-4f79-8374-59eef50bea63,3b0b0e6c-5a36-4b8e-8c1e-0d7c5e2f9a11,30.0,461400000.0,13842000000.0,460305000.0,13381695000.0,418748000.0,1,7f5b6f7e-1c2d-4a4e-9a51-3a3f1d3c0a01
4b073615-0f2d-4aef-ba59-2b785467e18f,71a814ab-9ae7-4785-a05b-4c0f37c4d802,23b8c1e9-3924-46de-beb1-3b9046685257,3b0b0e6c-5a36-4b8e-8c1e-0d7c5e2f9a11,50.0,404100000.0,20205000000.0,522440000.0,19682560000.0,348100000.0,1,7f5b6f7e-1c2d-4a4e-9a51-3a3f1d3c0a01
77ba2e35-9382-4e98-8b92-77c98e44308c,bc4add89-716d-4fba-9170-996becd16474,17fc695a-07a0-4a6e-8822-e8f36c031199,3b0b0e6c-5a36-4b8e-8c1e-0d7c5e2f9a11,39.5,389600000.0,15389200000.0,316111000.0,15073089000.0,338376000.0,1,7f5b6f7e-1c2d-4a4e-9a51-3a3f1d3c0a01
63e688ce-619f-41eb-ba14-161ad7f34612,bc4add89-716d-4fba-9170-996becd16474,bdd640fb-0667-4ad1-9c80-317fa3b1799d,3b0b0e6c-5a36-4b8e-8c1e-0d7c5e2f9a11,26.0,412700000.0,10730200000.0,220410000.0,10509790000.0,358572000.0,2,7f5b6f7e-1c2d-4a4e-9a51-3a3f1d3c0a01
4452e25d-29f3-4a05-95e0-b7e15acc73fc,bc4add89-716d-4fba-9170-996becd16474,23b8c1e9-3924-46de-beb1-3b9046685257,3b0b0e6c-5a36-4b8e-8c1e-0d7c5e2f9a11,59.5,404100000.0,24043950000.0,493889000.0,23550061000.0,348100000.0,3,7f5b6f7e-1c2d-4a4e-9a51-3a3f1d3c0a01
0421469a-3dea-485c-b9ff-525487714d59,079dd7e0-a80e-4d24-b42e-eb23d0772181,bd9c66b3-ad3c-4d6d-9a3d-1fa7bc8960a9,3b0b0e6c-5a36-4b8e-8c1e-0d7c5e2f9a11,70.0,412300000.0,28861000000.0,671090000.0,28189910000.0,383911000.0,1,7f5b6f7e-1c2d-4a4e-9a51-3a3f1d3c0a01
12429bef-12f5-45c8-86cf-9a70d9c2d8c3,f56d32a9-8c85-41ba-96fa-34f26f8b42d0,972a8469-1641-4f82-8b9d-2434e465e150,3b0b0e6c-5a36-4b8e-8c1e-0d7c5e2f9a11,45.0,411200000.0,18504000000.0,584508000.0,17919492000.0,369138000.0,1,7f5b6f7e-1c2d-4a4e-9a51-3a3f1d3c0a01
b6843332-504c-4e3c-843f-359b70d965b6,0d3d5673-9347-421d-a34b-269237293134,972a8469-1641-4f82-8b9d-2434e465e150,3b0b0e6c-5a36-4b8e-8c1e-0d7c5e2f9a11,24.0,416200000.0,9988800000.0,282863000.0,9705937000.0,385500000.0,1,7f5b6f7e-1c2d-4a4e-9a51-3a3f1d3c0a01
23be8a15-9465-4482-8ca1-bc7b733982e9,0d3d5673-9347-421d-a34b-269237293134,bd9c66b3-ad3c-4d6d-9a3d-1fa7bc8960a9,3b0b0e6c-5a36-4b8e-8c1e-0d7c5e2f9a11,86.0,419600000.0,36085600000.0,1021873000.0,35063727000.0,385500000.0,2,7f5b6f7e-1c2d-4a4e-9a51-3a3f1d3c0a01
a415129b-415f-4179-988a-8c2196801c7d,776c1adf-2859-4332-8dab-0f4abb5518d7,bd9c66b3-ad3c-4d6d-9a3d-1fa7bc8960a9,3b0b0e6c-5a36-4b8e-8c1e-0d7c5e2f9a11,67.0,398100000.0,26672700000.0,717035000.0,25955665000.0,343426000.0,1,7f5b6f7e-1c2d-4a4e-9a51-3a3f1d3c0a01
644b9eed-54a2-4a06-b62c-f112fadcd22f,776c1adf-2859-4332-8dab-0f4abb5518d7,23b8c1e9-3924-46de-beb1-3b9046685257,3b0b0e6c-5a36-4b8e-8c1e-0d7c5e2f9a11,23.0,404100000.0,9294300000.0,249856000.0,9044444000.0,348100000.0,2,7f5b6f7e-1c2d-4a4e-9a51-3a3f1d3c0a01
2bbb5510-e22f-4d5a-8135-3c7d70fe3ed1,40bb7baa-f84b-4a5e-b76d-bd5b66e4b07c,4b0dbb41-8d52-48f1-942c-3fe860e7a113,3b0b0e6c-5a36-4b8e-8c1e-0d7c5e2f9a11,70.0,750800000.0,52556000000.0,1099100000.0,51456900000.0,647289000.0,1,7f5b6f7e-1c2d-4a4e-9a51-3a3f1d3c0a01
71c2d754-e58a-4a15-a791-997e3895bbe3,13f19c89-3468-4eaa-b018-229a5d65b570,e2acf72f-9e57-4f7a-a0ee-89aed453dd32,3b0b0e6c-5a36-4b8e-8c1e-0d7c5e2f9a11,22.0,598500000.0,13167000000.0,214780000.0,12952220000.0,518787000.0,1,7f5b6f7e-1c2d-4a4e-9a51-3a3f1d3c0a01
698c6a18-2967-4f73-acb9-02987c0237e1,13f19c89-3468-4eaa-b018-229a5d65b570,4b0dbb41-8d52-48f1-942c-3fe860e7a113,3b0b0e6c-5a36-4b8e-8c1e-0d7c5e2f9a11,3.0,604600000.0,1813800000.0,29587000.0,1784213000.0,520734000.0,2,7f5b6f7e-1c2d-4a4e-9a51-3a3f1d3c0a01
0853d348-c48a-4cae-927a-a0f18cd432bf,4f83f623-1c95-4fd1-a843-04d75184a147,ec1b8ca1-f91e-4d4c-9ff4-9b7889463e85,3b0b0e6c-5a36-4b8e-8c1e-0d7c5e2f9a11,28.0,626100000.0,17530800000.0,242207000.0,17288593000.0,562910000.0,1,7f5b6f7e-1c2d-4a4e-9a51-3a3f1d3c0a01
f6665094-25f4-49b9-8be1-eb756cf3c5be,4f83f623-1c95-4fd1-a843-04d75184a147,759cde66-bacf-43d0-8b1f-9163ce9ff57f,3b0b0e6c-5a36-4b8e-8c1e-0d7c5e2f9a11,22.0,645500000.0,14201000000.0,196202000.0,14004798000.0,580920000.0,2,7f5b6f7e-1c2d-4a4e-9a51-3a3f1d3c0a01
dd5c99ac-bfe4-48ce-861c-64a7cedf100a,40e4af57-cec0-4840-ae9c-0cb6dfe812c8,bd9c66b3-ad3c-4d6d-9a3d-1fa7bc8960a9,3b0b0e6c-5a36-4b8e-8c1e-0d7c5e2f9a11,30.0,410600000.0,12318000000.0,373489000.0,11944511000.0,372224000.0,1,7f5b6f7e-1c2d-4a4e-9a51-3a3f1d3c0a01
9bc5afe8-5f87-42d5-ba46-121d27402f5b,769e94a8-3470-4252-ab8e-c49c8129efe9,17fc695a-07a0-4a6e-8822-e8f36c031199,3b0b0e6c-5a36-4b8e-8c1e-0d7c5e2f9a11,36.5,419900000.0,15326350000.0,477181000.0,14849169000.0,385220000.0,1,7f5b6f7e-1c2d-4a4e-9a51-3a3f1d3c0a01
705aa8a4-cada-4564-aea7-d779942dc0bc,769e94a8-3470-4252-ab8e-c49c8129efe9,bdd640fb-0667-4ad1-9c80-317fa3b1799d,3b0b0e6c-5a36-4b8e-8c1e-0d7c5e2f9a11,43.5,441800000.0,19218300000.0,598355000.0,18619945000.0,406351000.0,2,7f5b6f7e-1c2d-4a4e-9a51-3a3f1d3c0a01
cc738dc5-2f8a-4e6b-b416-ec04a6f99943,fd7f6e17-87bc-42d9-8587-c928be21f5c7,e2acf72f-9e57-4f7a-a0ee-89aed453dd32,3b0b0e6c-5a36-4b8e-8c1e-0d7c5e2f9a11,7.5,573500000.0,4301250000.0,55056000.0,4246194000.0,440642000.0,1,7f5b6f7e-1c2d-4a4e-9a51-3a3f1d3c0a01
ccabd646-c368-47a4-bad9-1f0416fa8dc8,fd7f6e17-87bc-42d9-8587-c928be21f5c7,4b0dbb41-8d52-48f1-942c-3fe860e7a113,3b0b0e6c-5a36-4b8e-8c1e-0d7c5e2f9a11,47.5,580700000.0,27583250000.0,353065000.0,27230185000.0,448252000.0,2,7f5b6f7e-1c2d-4a4e-9a51-3a3f1d3c0a01
fd7d462f-a5fe-45bf-837a-a78350ab7103,350d5005-e360-4cd5-b3a3-09559a51fd22,4b0dbb41-8d52-48f1-942c-3fe860e7a113,3b0b0e6c-5a36-4b8e-8c1e-0d7c5e2f9a11,62.0,596700000.0,36995400000.0,644529000.0,36350871000.0,513920000.0,1,7f5b6f7e-1c2d-4a4e-9a51-3a3f1d3c0a01
02e1fa14-0dd7-4b68-9652-addd146fb274,350d5005-e360-4cd5-b3a3-09559a51fd22,e2acf72f-9e57-4f7a-a0ee-89aed453dd32,3b0b0e6c-5a36-4b8e-8c1e-0d7c5e2f9a11,33.0,586000000.0,19338000000.0,336904000.0,19001096000.0,507548000.0,2,7f5b6f7e-1c2d-4a4e-9a51-3a3f1d3c0a01
35cb3b6c-25c3-4d4e-9738-41f4bddbcc81,c99c2616-5f22-43aa-af8f-9d512f61bfca,ec1b8ca1-f91e-4d4c-9ff4-9b7889463e85,3b0b0e6c-5a36-4b8e-8c1e-0d7c5e2f9a11,45.0,511200000.0,23004000000.0,273516000.0,22730484000.0,449061000.0,1,7f5b6f7e-1c2d-4a4e-9a51-3a3f1d3c0a01
76006a86-47ad-4cbd-9d05-c57e74bd01eb,d66e99fd-0e22-4ef9-823f-947deb6322ca,4b0dbb41-8d52-48f1-942c-3fe860e7a113,3b0b0e6c-5a36-4b8e-8c1e-0d7c5e2f9a11,14.0,646800000.0,9055200000.0,178680000.0,8876520000.0,559143000.0,1,7f5b6f7e-1c2d-4a4e-9a51-3a3f1d3c0a01
4f4a1d2f-6320-46e1-94d7-d5d59ad28ce6,d66e99fd-0e22-4ef9-823f-947deb6322ca,e2acf72f-9e57-4f7a-a0ee-89aed453dd32,3b0b0e6c-5a36-4b8e-8c1e-0d7c5e2f9a11,11.0,637400000.0,7011400000.0,138351000.0,6873049000.0,554895000.0,2,7f5b6f7e-1c2d-4a4e-9a51-3a3f1d3c0a01
3954fdd1-241c-45df-91b3-bef8dc2665ec,00ef9828-944c-454d-b86a-f36a2f893b5a,4b0dbb41-8d52-48f1-942c-3fe860e7a113,3b0b0e6c-5a36-4b8e-8c1e-0d7c5e2f9a11,10.0,779000000.0,7790000000.0,49810000.0,7740190000.0,666936000.0,1,7f5b6f7e-1c2d-4a4e-9a51-3a3f1d3c0a01
8be148cb-2399-4082-ac8c-dc57dbd626eb,00ef9828-944c-454d-b86a-f36a2f893b5a,e2acf72f-9e57-4f7a-a0ee-89aed453dd32,3b0b0e6c-5a36-4b8e-8c1e-0d7c5e2f9a11,45.0,763300000.0,34348500000.0,219626000.0,34128874000.0,646316000.0,2,7f5b6f7e-1c2d-4a4e-9a51-3a3f1d3c0a01
98be530a-5a85-4690-8baa-4f7644e0f294,b846a043-6d2a-4933-b6c8-e9dd867a6375,759cde66-bacf-43d0-8b1f-9163ce9ff57f,3b0b0e6c-5a36-4b8e-8c1e-0d7c5e2f9a11,9.0,424300000.0,3818700000.0,77034000.0,3741666000.0,376752000.0,1,7f5b6f7e-1c2d-4a4e-9a51-3a3f1d3c0a01
b3a6fef7-4892-43ba-9b97-e590be3adf89,b846a043-6d2a-4933-b6c8-e9dd867a6375,ec1b8ca1-f91e-4d4c-9ff4-9b7889463e85,3b0b0e6c-5a36-4b8e-8c1e-0d7c5e2f9a11,21.0,413500000.0,8683500000.0,175170000.0,8508330000.0,372679000.0,2,7f5b6f7e-1c2d-4a4e-9a51-3a3f1d3c0a01
334a1ce0-7b86-493a-b09d-ef0d5621e3ea,d83e27ca-7439-4d84-be6c-3416fd7cb9ba,759cde66-bacf-43d0-8b1f-9163ce9ff57f,3b0b0e6c-5a36-4b8e-8c1e-0d7c5e2f9a11,15.0,504500000.0,7567500000.0,160193000.0,7407307000.0,458926000.0,1,7f5b6f7e-1c2d-4a4e-9a51-3a3f1d3c0a01
7f5f704d-0c73-42c1-b62f-2ad8a2e7a032,b109b113-3427-4f13-a76a-b8e48d77be3e,43b7a3a6-9a8d-4a03-980d-7b71d8f56413,3b0b0e6c-5a36-4b8e-8c1e-0d7c5e2f9a11,190.0,440200000.0,83638000000.0,2009210000.0,81628790000.0,398952000.0,1,7f5b6f7e-1c2d-4a4e-9a51-3a3f1d3c0a01
119bbba9-0007-4348-8ab4-58e939e261c5,3d52c5b9-31db-4b89-9ee4-43cae1808f63,ec1b8ca1-f91e-4d4c-9ff4-9b7889463e85,3b0b0e6c-5a36-4b8e-8c1e-0d7c5e2f9a11,45.0,519400000.0,23373000000.0,208883000.0,23164117000.0,462636000.0,1,7f5b6f7e-1c2d-4a4e-9a51-3a3f1d3c0a01
541fceb2-6357-4f29-842c-a10279a6081e,86f2c260-1f09-433b-9b6a-7b4fd127acca,ec1b8ca1-f91e-4d4c-9ff4-9b7889463e85,3b0b0e6c-5a36-4b8e-8c1e-0d7c5e2f9a11,3.0,517500000.0,1552500000.0,39191000.0,1513309000.0,452500000.0,1,7f5b6f7e-1c2d-4a4e-9a51-3a3f1d3c0a01
85b2ece0-76f3-4afe-b451-fed1b01696f4,86f2c260-1f09-433b-9b6a-7b4fd127acca,759cde66-bacf-43d0-8b1f-9163ce9ff57f,3b0b0e6c-5a36-4b8e-8c1e-0d7c5e2f9a11,17.0,532799999.99999994,9057599999.999998,228649000.0,8828950999.999998,462184000.0,2,7f5b6f7e-1c2d-4a4e-9a51-3a3f1d3c0a01
74f62177-b713-4c7b-8ffa-75610518543c,f583f748-b5cb-4032-ae1a-67ab9bb3ab0d,759cde66-bacf-43d0-8b1f-9163ce9ff57f,3b0b0e6c-5a36-4b8e-8c1e-0d7c5e2f9a11,40.0,647000000.0,25880000000.0,454997000.0,25425003000.0,584178000.0,1,7f5b6f7e-1c2d-4a4e-9a51-3a3f1d3c0a01
5eb7bc86-ae9c-43a4-9c90-99298c0e7e66,2df439b0-c50c-4098-9af3-91b9e7e51c16,ec1b8ca1-f91e-4d4c-9ff4-9b7889463e85,3b0b0e6c-5a36-4b8e-8c1e-0d7c5e2f9a11,34.5,645200000.0,22259400000.0,552896000.0,21706504000.0,566620000.0,1,7f5b6f7e-1c2d-4a4e-9a51-3a3f1d3c0a01
07a2a100-ba3d-48e0-a6cc-1407c4e0022d,2df439b0-c50c-4098-9af3-91b9e7e51c16,759cde66-bacf-43d0-8b1f-9163ce9ff57f,3b0b0e6c-5a36-4b8e-8c1e-0d7c5e2f9a11,15.5,647000000.0,10028500000.0,249096000.0,9779404000.0,584178000.0,2,7f5b6f7e-1c2d-4a4e-9a51-3a3f1d3c0a01
238ed7b5-f328-461e-b6ab-9958900152ac,24e61dee-2707-411d-a46d-4513395e6b7a,1a2a73ed-562b-4f79-8374-59eef50bea63,3b0b0e6c-5a36-4b8e-8c1e-0d7c5e2f9a11,25.0,424200000.0,10605000000.0,173173000.0,10431827000.0,340678000.0,1,7f5b6f7e-1c2d-4a4e-9a51-3a3f1d3c0a01
310603ea-9ed3-455d-97f4-14ff9a73e586,24e61dee-2707-411d-a46d-4513395e6b7a,43b7a3a6-9a8d-4a03-980d-7b71d8f56413,3b0b0e6c-5a36-4b8e-8c1e-0d7c5e2f9a11,10.0,431300000.0,4313000000.0,70428000.0,4242572000.0,350760000.0,2,7f5b6f7e-1c2d-4a4e-9a51-3a3f1d3c0a01
606c8b58-ddab-4ca2-9d86-bfc5aa99e98c,b0b0658d-3ee3-4d27-811e-cc74c547cb92,b74d0fb1-32e7-4629-8fad-c1a606cb0fb3,3b0b0e6c-5a36-4b8e-8c1e-0d7c5e2f9a11,25.0,417600000.0,10440000000.0,81275000.0,10358725000.0,399306000.0,1,7f5b6f7e-1c2d-4a4e-9a51-3a3f1d3c0a01
0b337295-a97b-4bfc-abe5-ab73d07119cb,3c1727ed-1fa5-4ea5-b621-369a18b58e01,371ecd7b-27cd-4130-8722-9389571aa876,3b0b0e6c-5a36-4b8e-8c1e-0d7c5e2f9a11,2.0,511700000.0,1023400000.0,13205000.0,1010195000.0,453748000.0,1,7f5b6f7e-1c2d-4a4e-9a51-3a3f1d3c0a01
3d717021-8ef7-4381-b8af-55c5d1e8e8ee,3c1727ed-1fa5-4ea5-b621-369a18b58e01,47378190-96da-4dac-b2ff-5d2a386ecbe0,3b0b0e6c-5a36-4b8e-8c1e-0d7c5e2f9a11,7.0,513000000.0,3591000000.0,46335000.0,3544665000.0,474885000.0,2,7f5b6f7e-1c2d-4a4e-9a51-3a3f1d3c0a01
d767e053-c60e-415a-bc44-18180eb0ee3a,3c1727ed-1fa5-4ea5-b621-369a18b58e01,6b65a6a4-8b81-48f6-b38a-088ca65ed389,3b0b0e6c-5a36-4b8e-8c1e-0d7c5e2f9a11,21.0,512500000.0,10762500000.0,138871000.0,10623629000.0,459879000.0,3,7f5b6f7e-1c2d-4a4e-9a51-3a3f1d3c0a01
7b538867-c0b5-4f1b-bf26-6b1dd25f28d1,18fbaa79-e559-4de9-8789-509f19a301cc,371ecd7b-27cd-4130-8722-9389571aa876,3b0b0e6c-5a36-4b8e-8c1e-0d7c5e2f9a11,8.5,512700000.00000006,4357950000.000001,114709000.0,4243241000.000001,468206000.0,1,7f5b6f7e-1c2d-4a4e-9a51-3a3f1d3c0a01
55a8c93c-4935-43f7-94b9-77e1aa01fb76,18fbaa79-e559-4de9-8789-509f19a301cc,6c307511-b2b9-437a-a8df-6ec4ce4a2bbd,3b0b0e6c-5a36-4b8e-8c1e-0d7c5e2f9a11,11.5,508000000.0,5842000000.0,153772000.0,5688228000.0,459879000.0,2,7f5b6f7e-1c2d-4a4e-9a51-3a3f1d3c0a01
8e1c8006-a36a-4ff6-9c56-0814400428ed,e24d686d-b005-44f0-b77d-7abdfbbbeb49,fc377a4c-4a15-444d-85e7-ce8a3a578a8e,3b0b0e6c-5a36-4b8e-8c1e-0d7c5e2f9a11,18.0,626000000.0,11268000000.0,200660000.0,11067340000.0,541117000.0,1,7f5b6f7e-1c2d-4a4e-9a51-3a3f1d3c0a01
20c723d3-ff16-40c6-ada2-4653e1bfe8c4,e24d686d-b005-44f0-b77d-7abdfbbbeb49,a9488d99-0bbb-4599-91ce-5dd2b45ed1f0,3b0b0e6c-5a36-4b8e-8c1e-0d7c5e2f9a11,37.0,599200000.0,22170400000.0,394809000.0,21775591000.0,524380000.0,2,7f5b6f7e-1c2d-4a4e-9a51-3a3f1d3c0a01
8a99b6cc-c9f3-41ff-b85e-331a62ddd7d5,85c87c24-00f4-4428-8f6d-1dd391efde5b,6b65a6a4-8b81-48f6-b38a-088ca65ed389,3b0b0e6c-5a36-4b8e-8c1e-0d7c5e2f9a11,19.5,404800000.0,7893600000.0,113205000.0,7780395000.0,389882000.0,1,7f5b6f7e-1c2d-4a4e-9a51-3a3f1d3c0a01
3ab0aa3f-7f89-49e9-bbb1-e2d14e198675,85c87c24-00f4-4428-8f6d-1dd391efde5b,c241330b-01a9-471f-9e8a-774bcf36d58b,3b0b0e6c-5a36-4b8e-8c1e-0d7c5e2f9a11,25.5,438400000.0,11179200000.0,160325000.0,11018875000.0,414770000.0,2,7f5b6f7e-1c2d-4a4e-9a51-3a3f1d3c0a01
af9e8f17-fd69-4ba4-b5ef-9f5ccd48bd4e,87832c03-856b-4a08-b58e-76b594775528,47378190-96da-4dac-b2ff-5d2a386ecbe0,3b0b0e6c-5a36-4b8e-8c1e-0d7c5e2f9a11,15.5,422000000.0,6541000000.0,48085000.0,6492915000.0,377072000.0,1,7f5b6f7e-1c2d-4a4e-9a51-3a3f1d3c0a01
b278ded0-4c3b-494a-beec-2815004adacb,87832c03-856b-4a08-b58e-76b594775528,b74d0fb1-32e7-4629-8fad-c1a606cb0fb3,3b0b0e6c-5a36-4b8e-8c1e-0d7c5e2f9a11,19.5,424900000.0,8285550000.0,60910000.0,8224640000.0,377346000.0,2,7f5b6f7e-1c2d-4a4e-9a51-3a3f1d3c0a01
de7ca221-f5e6-429f-bbdb-489b3f7da435,00061ef9-a69b-4000-8f54-0339046739ca,c241330b-01a9-471f-9e8a-774bcf36d58b,3b0b0e6c-5a36-4b8e-8c1e-0d7c5e2f9a11,17.5,520100000.0,9101750000.0,137161000.0,8964589000.0,437278000.0,1,7f5b6f7e-1c2d-4a4e-9a51-3a3f1d3c0a01
8fa1623e-f630-4675-9cda-6ff51411b736,00061ef9-a69b-4000-8f54-0339046739ca,6c307511-b2b9-437a-a8df-6ec4ce4a2bbd,3b0b0e6c-5a36-4b8e-8c1e-0d7c5e2f9a11,26.5,477700000.0,12659050000.0,190769000.0,12468281000.0,398116000.0,2,7f5b6f7e-1c2d-4a4e-9a51-3a3f1d3c0a01
739a13a0-041f-463f-9b33-20558fdb017f,00061ef9-a69b-4000-8f54-0339046739ca,b74d0fb1-32e7-4629-8fad-c1a606cb0fb3,3b0b0e6c-5a36-4b8e-8c1e-0d7c5e2f9a11,66.0,490800000.0,32392800000.0,488152000.0,31904648000.0,414038000.0,3,7f5b6f7e-1c2d-4a4e-9a51-3a3f1d3c0a01
2670c2c8-f009-48ad-979c-180affe67e71,72b4446f-8a6a-4146-b12d-8dfdb98b4626,6c307511-b2b9-437a-a8df-6ec4ce4a2bbd,3b0b0e6c-5a36-4b8e-8c1e-0d7c5e2f9a11,45.0,493200000.0,22194000000.0,602777000.0,21591223000.0,435266000.0,1,7f5b6f7e-1c2d-4a4e-9a51-3a3f1d3c0a01
e5e81f00-8185-46a7-b7e7-18a277b73169,aafd5c5c-5fae-4292-a443-c8da55bf9cda,43b7a3a6-9a8d-4a03-980d-7b71d8f56413,3b0b0e6c-5a36-4b8e-8c1e-0d7c5e2f9a11,3.5,584500000.0,2045750000.0,42527000.0,2003223000.0,525770000.0,1,7f5b6f7e-1c2d-4a4e-9a51-3a3f1d3c0a01
0e8856e9-a08c-409d-8a3e-68c9aeea05f3,aafd5c5c-5fae-4292-a443-c8da55bf9cda,5be6128e-18c2-4797-a142-ea7d17be3111,3b0b0e6c-5a36-4b8e-8c1e-0d7c5e2f9a11,6.5,563300000.0,3661450000.0,76114000.0,3585336000.0,506438000.0,2,7f5b6f7e-1c2d-4a4e-9a51-3a3f1d3c0a01
3d6eda91-eee1-4823-b51b-c7198b6db7de,3c6d525d-2538-40be-9585-9de485b8c373,b74d0fb1-32e7-4629-8fad-c1a606cb0fb3,3b0b0e6c-5a36-4b8e-8c1e-0d7c5e2f9a11,23.5,344200000.0,8088700000.0,182129000.0,7906571000.0,315675000.0,1,7f5b6f7e-1c2d-4a4e-9a51-3a3f1d3c0a01
bbf4b33b-ca9f-4cb5-ad45-8ec18acb0e91,3c6d525d-2538-40be-9585-9de485b8c373,6c307511-b2b9-437a-a8df-6ec4ce4a2bbd,3b0b0e6c-5a36-4b8e-8c1e-0d7c5e2f9a11,21.5,330100000.0,7097150000.0,159802000.0,6937348000.0,305976000.0,2,7f5b6f7e-1c2d-4a4e-9a51-3a3f1d3c0a01
8f14d136-e0fb-493e-a70e-692bd7d080c3,47aff91f-370f-41cc-81bf-eef0809e5296,47378190-96da-4dac-b2ff-5d2a386ecbe0,3b0b0e6c-5a36-4b8e-8c1e-0d7c5e2f9a11,40.0,339700000.0,13588000000.0,293257000.0,13294743000.0,308630000.0,1,7f5b6f7e-1c2d-4a4e-9a51-3a3f1d3c0a01
dea38b81-6f0a-4111-b807-7344e0ec956c,aa36c9f4-cfae-47c7-9009-85a0ab8063b2,b74d0fb1-32e7-4629-8fad-c1a606cb0fb3,3b0b0e6c-5a36-4b8e-8c1e-0d7c5e2f9a11,50.0,407300000.0,20365000000.0,592295000.0,19772705000.0,321714000.0,1,7f5b6f7e-1c2d-4a4e-9a51-3a3f1d3c0a01
b59d1950-5d52-4ea6-ac4e-6e05658b50ac,5f78beeb-6c12-4efd-b44d-9e7bd6b0c549,47378190-96da-4dac-b2ff-5d2a386ecbe0,3b0b0e6c-5a36-4b8e-8c1e-0d7c5e2f9a11,55.0,412800000.0,22704000000.0,243033000.0,22460967000.0,380640000.0,1,7f5b6f7e-1c2d-4a4e-9a51-3a3f1d3c0a01
1cd95166-3b6d-4249-9de6-1589d4406016,685af429-50a3-450f-b050-a28210050bdf,c241330b-01a9-471f-9e8a-774bcf36d58b,3b0b0e6c-5a36-4b8e-8c1e-0d7c5e2f9a11,100.0,439600000.0,43960000000.0,1158389000.0,42801611000.0,401136000.0,1,7f5b6f7e-1c2d-4a4e-9a51-3a3f1d3c0a01
4d63dd81-3b34-4940-9497-40d18121a173,9a62d47d-16a8-4832-a3b5-1505c6c0f037,6c307511-b2b9-437a-a8df-6ec4ce4a2bbd,3b0b0e6c-5a36-4b8e-8c1e-0d7c5e2f9a11,73.0,424200000.0,30966600000.0,439876000.0,30526724000.0,385672000.0,1,7f5b6f7e-1c2d-4a4e-9a51-3a3f1d3c0a01
d33b7fe0-a75b-4962-98d7-bebd6f100638,9a62d47d-16a8-4832-a3b5-1505c6c0f037,6b65a6a4-8b81-48f6-b38a-088ca65ed389,3b0b0e6c-5a36-4b8e-8c1e-0d7c5e2f9a11,22.0,438300000.0,9642600000.0,136972000.0,9505628000.0,393816000.0,2,7f5b6f7e-1c2d-4a4e-9a51-3a3f1d3c0a01
bb7178e5-fde8-4599-bbeb-3656e979703e,58515365-342c-466f-8547-18268855ec77,371ecd7b-27cd-4130-8722-9389571aa876,3b0b0e6c-5a36-4b8e-8c1e-0d7c5e2f9a11,35.0,495900000.0,17356500000.0,324668000.0,17031832000.0,435266000.0,1,7f5b6f7e-1c2d-4a4e-9a51-3a3f1d3c0a01
46b33edf-0f60-4d9a-b615-0892bc4b0ebf,e53d2090-407e-4f8d-bfd0-7b2da55e0a94,6b65a6a4-8b81-48f6-b38a-088ca65ed389,3b0b0e6c-5a36-4b8e-8c1e-0d7c5e2f9a11,38.0,502600000.0,19098800000.0,418681000.0,18680119000.0,454023000.0,1,7f5b6f7e-1c2d-4a4e-9a51-3a3f1d3c0a01
a696d3fb-0f3d-4d70-a875-7fdd86da780a,e53d2090-407e-4f8d-bfd0-7b2da55e0a94,c241330b-01a9-471f-9e8a-774bcf36d58b,3b0b0e6c-5a36-4b8e-8c1e-0d7c5e2f9a11,7.0,542700000.0,3798900000.0,83279000.0,3715621000.0,488336000.0,2,7f5b6f7e-1c2d-4a4e-9a51-3a3f1d3c0a01
981e4967-a950-480b-82f9-c894d7d02559,776d7f61-fc30-4c1a-a8e0-a4182f0f19d3,b74d0fb1-32e7-4629-8fad-c1a606cb0fb3,3b0b0e6c-5a36-4b8e-8c1e-0d7c5e2f9a11,49.5,544000000.0,26928000000.0,737667000.0,26190333000.0,486048000.0,1,7f5b6f7e-1c2d-4a4e-9a51-3a3f1d3c0a01
b2dcf8dd-3be1-40bb-b1d0-419ead292efe,776d7f61-fc30-4c1a-a8e0-a4182f0f19d3,47378190-96da-4dac-b2ff-5d2a386ecbe0,3b0b0e6c-5a36-4b8e-8c1e-0d7c5e2f9a11,10.5,548500000.0,5759250000.0,157769000.0,5601481000.0,474794000.0,2,7f5b6f7e-1c2d-4a4e-9a51-3a3f1d3c0a01
2ed1173e-bbdc-4a7b-9be1-bbcf8350c3ee,1806b370-21df-4b8f-9154-18fe1cc1ce15,ec1b8ca1-f91e-4d4c-9ff4-9b7889463e85,3b0b0e6c-5a36-4b8e-8c1e-0d7c5e2f9a11,17.5,511200000.0,8946000000.0,136293000.0,8809707000.0,449061000.0,1,7f5b6f7e-1c2d-4a4e-9a51-3a3f1d3c0a01
c83e6970-bd7d-406f-8bf4-6c8e57d38e08,1806b370-21df-4b8f-9154-18fe1cc1ce15,759cde66-bacf-43d0-8b1f-9163ce9ff57f,3b0b0e6c-5a36-4b8e-8c1e-0d7c5e2f9a11,42.5,511300000.0,21730250000.0,331063000.0,21399187000.0,456572000.0,2,7f5b6f7e-1c2d-4a4e-9a51-3a3f1d3c0a01
4bb92fea-2fff-4f60-a160-566d7868e8a2,f36a480f-9044-4630-9536-16ce7f28b8bb,5be6128e-18c2-4797-a142-ea7d17be3111,3b0b0e6c-5a36-4b8e-8c1e-0d7c5e2f9a11,135.0,459700000.0,62059500000.0,982638000.0,61076862000.0,416620000.0,1,7f5b6f7e-1c2d-4a4e-9a51-3a3f1d3c0a01
e28f779f-88c9-4081-83f8-d0667f9c28df,06c0031c-4041-4326-9842-b9285ab5a5bb,5be6128e-18c2-4797-a142-ea7d17be3111,3b0b0e6c-5a36-4b8e-8c1e-0d7c5e2f9a11,26.5,547500000.0,14508750000.0,180864000.0,14327886000.0,496262000.0,1,7f5b6f7e-1c2d-4a4e-9a51-3a3f1d3c0a01
f226d85e-64b8-4066-8dc1-b6aaf5a14407,06c0031c-4041-4326-9842-b9285ab5a5bb,1a2a73ed-562b-4f79-8374-59eef50bea63,3b0b0e6c-5a36-4b8e-8c1e-0d7c5e2f9a11,43.5,549100000.0,23885850000.0,297757000.0,23588093000.0,497002000.0,2,7f5b6f7e-1c2d-4a4e-9a51-3a3f1d3c0a01
a1a7499c-fa0b-4303-9048-5bd609874018,83f4f696-8b09-4b89-b16d-f4d8f54ceef1,6b65a6a4-8b81-48f6-b38a-088ca65ed389,3b0b0e6c-5a36-4b8e-8c1e-0d7c5e2f9a11,70.0,340600000.0,23842000000.0,488142000.0,23353858000.0,301401000.0,1,7f5b6f7e-1c2d-4a4e-9a51-3a3f1d3c0a01
4a91aa8d-374d-4a68-8d2e-3d1377346099,83f4f696-8b09-4b89-b16d-f4d8f54ceef1,6c307511-b2b9-437a-a8df-6ec4ce4a2bbd,3b0b0e6c-5a36-4b8e-8c1e-0d7c5e2f9a11,48.0,334400000.0,16051200000.0,328633000.0,15722567000.0,291794000.0,2,7f5b6f7e-1c2d-4a4e-9a51-3a3f1d3c0a01
201b5e7e-8347-4fcf-bf20-54039077f7a1,83f4f696-8b09-4b89-b16d-f4d8f54ceef1,c241330b-01a9-471f-9e8a-774bcf36d58b,3b0b0e6c-5a36-4b8e-8c1e-0d7c5e2f9a11,22.0,360900000.0,7939800000.0,162560000.0,7777240000.0,327844000.0,3,7f5b6f7e-1c2d-4a4e-9a51-3a3f1d3c0a01
ea2557e9-b55b-4708-8f82-73a325a020db,d0eb62ed-3514-4dba-97be-3535f6033de5,ddd1dfb2-3b98-4ef8-9af6-1a26146d3f31,3b0b0e6c-5a36-4b8e-8c1e-0d7c5e2f9a11,60.0,263300000.0,15798000000.0,337905000.0,15460095000.0,252484000.0,1,7f5b6f7e-1c2d-4a4e-9a51-3a3f1d3c0a01
2dd95efb-f564-46a4-92d1-17a152ddaae6,7ab2441b-afbf-44ab-8c41-569a96442c78,972a8469-1641-4f82-8b9d-2434e465e150,3b0b0e6c-5a36-4b8e-8c1e-0d7c5e2f9a11,140.0,279300000.0,39102000000.0,1269378000.0,37832622000.0,257686000.0,1,7f5b6f7e-1c2d-4a4e-9a51-3a3f1d3c0a01
9e457724-1b1c-41f6-8982-df99b65a4e4d,1c220f42-090d-49db-b674-b191bc6552b1,ddd1dfb2-3b98-4ef8-9af6-1a26146d3f31,3b0b0e6c-5a36-4b8e-8c1e-0d7c5e2f9a11,115.0,322200000.0,37053000000.0,1002586000.0,36050414000.0,321104000.0,1,7f5b6f7e-1c2d-4a4e-9a51-3a3f1d3c0a01
23e4f41c-beae-4319-a42d-09a98b5dc06a,05ef3e05-042d-47de-95f7-0628ab68351e,a9488d99-0bbb-4599-91ce-5dd2b45ed1f0,3b0b0e6c-5a36-4b8e-8c1e-0d7c5e2f9a11,53.0,465300000.0,24660900000.0,868315000.0,23792585000.0,411342000.0,1,7f5b6f7e-1c2d-4a4e-9a51-3a3f1d3c0a01
549b005e-ebc3-454b-b101-83aa976e0ca0,05ef3e05-042d-47de-95f7-0628ab68351e,fc377a4c-4a15-444d-85e7-ce8a3a578a8e,3b0b0e6c-5a36-4b8e-8c1e-0d7c5e2f9a11,71.5,477000000.0,34105500000.0,1200861000.0,32904639000.0,428347000.0,2,7f5b6f7e-1c2d-4a4e-9a51-3a3f1d3c0a01
0f2bd05b-71cc-469f-a373-679390123117,05ef3e05-042d-47de-95f7-0628ab68351e,3139d32c-93cd-49bf-9c94-1cf0dc98d2c1,3b0b0e6c-5a36-4b8e-8c1e-0d7c5e2f9a11,65.5,466700000.0,30568850000.0,1076335000.0,29492515000.0,416802000.0,3,7f5b6f7e-1c2d-4a4e-9a51-3a3f1d3c0a01
fc65c2bd-5b92-4d91-ae10-c49307bcbbba,55750d28-c0b5-4802-86db-e44b8b8b09fb,ddd1dfb2-3b98-4ef8-9af6-1a26146d3f31,3b0b0e6c-5a36-4b8e-8c1e-0d7c5e2f9a11,110.0,335700000.0,36927000000.0,728337000.0,36198663000.0,303338000.0,1,7f5b6f7e-1c2d-4a4e-9a51-3a3f1d3c0a01
89adfc64-ac72-497f-bd36-b4b570dd5728,fc0d7cab-2abe-408c-ad2d-2604ea85afa2,ddd1dfb2-3b98-4ef8-9af6-1a26146d3f31,3b0b0e6c-5a36-4b8e-8c1e-0d7c5e2f9a11,175.0,328700000.0,57522500000.0,2605340000.0,54917160000.0,302304000.0,1,7f5b6f7e-1c2d-4a4e-9a51-3a3f1d3c0a01
b89356ac-5793-46a4-806d-aa85c4ee017c,274132b0-d7b3-4b3b-bebd-912c9dcbc18f,ddd1dfb2-3b98-4ef8-9af6-1a26146d3f31,3b0b0e6c-5a36-4b8e-8c1e-0d7c5e2f9a11,195.0,335700000.0,65461500000.0,1980608000.0,63480892000.0,303338000.0,1,7f5b6f7e-1c2d-4a4e-9a51-3a3f1d3c0a01
fe7222a8-9cd9-45f1-94e5-4563757eb231,dada81fb-4bf9-461b-a6b6-d7578b728897,fc377a4c-4a15-444d-85e7-ce8a3a578a8e,3b0b0e6c-5a36-4b8e-8c1e-0d7c5e2f9a11,16.5,401700000.0,6628050000.0,124590000.0,6503460000.0,344486000.0,1,7f5b6f7e-1c2d-4a4e-9a51-3a3f1d3c0a01
08214914-1193-4933-b397-6bed4df5bd19,dada81fb-4bf9-461b-a6b6-d7578b728897,a9488d99-0bbb-4599-91ce-5dd2b45ed1f0,3b0b0e6c-5a36-4b8e-8c1e-0d7c5e2f9a11,43.5,383000000.0,16660500000.0,313175000.0,16347325000.0,332761000.0,2,7f5b6f7e-1c2d-4a4e-9a51-3a3f1d3c0a01
ea67b674-78af-4715-a0db-bd430e677485,7ef26cb7-8be0-41f0-9088-74a6be8820e7,ddd1dfb2-3b98-4ef8-9af6-1a26146d3f31,3b0b0e6c-5a36-4b8e-8c1e-0d7c5e2f9a11,325.0,268600000.0,87295000000.0,1860633000.0,85434367000.0,252672000.0,1,7f5b6f7e-1c2d-4a4e-9a51-3a3f1d3c0a01
f557a14a-4daa-4225-b5be-f16126be2bea,9a004793-b104-4488-95ed-b05627a67522,9a1de644-815e-46d1-bb8f-aa1837f8a88b,3b0b0e6c-5a36-4b8e-8c1e-0d7c5e2f9a11,49.5,274500000.0,13587750000.0,374749000.0,13213001000.0,252356000.0,1,7f5b6f7e-1c2d-4a4e-9a51-3a3f1d3c0a01
7c4a234b-9e94-4eb4-a130-f1f3e6b31af4,9a004793-b104-4488-95ed-b05627a67522,bdd640fb-0667-4ad1-9c80-317fa3b1799d,3b0b0e6c-5a36-4b8e-8c1e-0d7c5e2f9a11,20.5,295100000.0,6049550000.0,166846000.0,5882704000.0,271618000.0,2,7f5b6f7e-1c2d-4a4e-9a51-3a3f1d3c0a01
36b887df-7509-412e-b9da-ec14d86a4c17,54f996b7-ca9d-41ef-813e-bcded088a9a6,6b65a6a4-8b81-48f6-b38a-088ca65ed389,3b0b0e6c-5a36-4b8e-8c1e-0d7c5e2f9a11,62.0,397000000.0,24614000000.0,343537000.0,24270463000.0,313022000.0,1,7f5b6f7e-1c2d-4a4e-9a51-3a3f1d3c0a01
b75154c8-7133-4157-ac1b-1dcbc7109dce,54f996b7-ca9d-41ef-813e-bcded088a9a6,47378190-96da-4dac-b2ff-5d2a386ecbe0,3b0b0e6c-5a36-4b8e-8c1e-0d7c5e2f9a11,38.0,405800000.0,15420400000.0,215222000.0,15205178000.0,316590000.0,2,7f5b6f7e-1c2d-4a4e-9a51-3a3f1d3c0a01
60676a76-ebdf-4898-8238-b5476995654e,dac80c0c-8b20-49f0-a585-6c77b7318622,bdd640fb-0667-4ad1-9c80-317fa3b1799d,3b0b0e6c-5a36-4b8e-8c1e-0d7c5e2f9a11,34.5,294800000.0,10170600000.0,234287000.0,9936313000.0,275918000.0,1,7f5b6f7e-1c2d-4a4e-9a51-3a3f1d3c0a01
493e86a6-2a99-468f-9219-e77251974dca,dac80c0c-8b20-49f0-a585-6c77b7318622,972a8469-1641-4f82-8b9d-2434e465e150,3b0b0e6c-5a36-4b8e-8c1e-0d7c5e2f9a11,120.5,279300000.0,33655650000.0,775283000.0,32880367000.0,257686000.0,2,7f5b6f7e-1c2d-4a4e-9a51-3a3f1d3c0a01
25f4ce48-9d48-4de1-aa6c-c08455bab777,19c3c1cc-5b8f-4080-90e5-0f67321023d1,fc377a4c-4a15-444d-85e7-ce8a3a578a8e,3b0b0e6c-5a36-4b8e-8c1e-0d7c5e2f9a11,165.0,463900000.0,76543500000.0,1337852000.0,75205648000.0,357463000.0,1,7f5b6f7e-1c2d-4a4e-9a51-3a3f1d3c0a01
927dc7c9-5ec3-4ac5-9f2b-8d7785bc237b,c8b516d4-bd63-4106-ad3a-c07723cbb1ed,6c307511-b2b9-437a-a8df-6ec4ce4a2bbd,3b0b0e6c-5a36-4b8e-8c1e-0d7c5e2f9a11,31.0,435100000.0,13488100000.0,369397000.0,13118703000.0,388143000.0,1,7f5b6f7e-1c2d-4a4e-9a51-3a3f1d3c0a01
9e2be473-cb03-441f-97f0-d2fadba39662,c8b516d4-bd63-4106-ad3a-c07723cbb1ed,c241330b-01a9-471f-9e8a-774bcf36d58b,3b0b0e6c-5a36-4b8e-8c1e-0d7c5e2f9a11,89.0,477900000.0,42533100000.0,1164847000.0,41368253000.0,430599000.0,2,7f5b6f7e-1c2d-4a4e-9a51-3a3f1d3c0a01
5a73b79c-5beb-4a10-8431-f331bb693eda,474d4374-f180-40a9-b04b-0212a73470a3,6b65a6a4-8b81-48f6-b38a-088ca65ed389,3b0b0e6c-5a36-4b8e-8c1e-0d7c5e2f9a11,100.0,512500000.0,51250000000.0,779379000.0,50470621000.0,459879000.0,1,7f5b6f7e-1c2d-4a4e-9a51-3a3f1d3c0a01
7e8871c1-b434-43cb-ae85-86b33b912acb,cb705093-9e5b-40de-904f-5d95e7911982,5be6128e-18c2-4797-a142-ea7d17be3111,3b0b0e6c-5a36-4b8e-8c1e-0d7c5e2f9a11,145.0,536500000.0,77792500000.0,1674784000.0,76117716000.0,491823000.0,1,7f5b6f7e-1c2d-4a4e-9a51-3a3f1d3c0a01
eecedbd4-29c1-4fef-b1bb-c7aad70bff04,7fd384ba-6198-4505-85d4-93b1b301a2dd,47378190-96da-4dac-b2ff-5d2a386ecbe0,3b0b0e6c-5a36-4b8e-8c1e-0d7c5e2f9a11,190.0,518900000.0,98591000000.0,1702492000.0,96888508000.0,469395000.0,1,7f5b6f7e-1c2d-4a4e-9a51-3a3f1d3c0a01
1be90336-c9ed-4131-9a23-80cad2d51b70,42817187-0e11-4dfb-a380-478d950a79ff,a9488d99-0bbb-4599-91ce-5dd2b45ed1f0,3b0b0e6c-5a36-4b8e-8c1e-0d7c5e2f9a11,115.0,585900000.0,67378500000.0,1419984000.0,65958516000.0,517758000.0,1,7f5b6f7e-1c2d-4a4e-9a51-3a3f1d3c0a01
9c4457c3-9be5-4287-8db6-1eb05e2b3587,4a3781cd-c42b-46a8-b777-76a8099a4665,17fc695a-07a0-4a6e-8822-e8f36c031199,3b0b0e6c-5a36-4b8e-8c1e-0d7c5e2f9a11,150.0,438800000.0,65820000000.0,1766916000.0,64053084000.0,395786000.0,1,7f5b6f7e-1c2d-4a4e-9a51-3a3f1d3c0a01
4f233c35-4fb6-400d-a053-9eed67dba74a,bb03120a-ad5c-47b5-ac41-9c0d14bc3de0,5be6128e-18c2-4797-a142-ea7d17be3111,3b0b0e6c-5a36-4b8e-8c1e-0d7c5e2f9a11,43.5,360500000.0,15681750000.0,946564000.0,14735186000.0,327080000.0,1,7f5b6f7e-1c2d-4a4e-9a51-3a3f1d3c0a01
a47257ab-2b64-4b2f-a734-1818c5da58bf,bb03120a-ad5c-47b5-ac41-9c0d14bc3de0,43b7a3a6-9a8d-4a03-980d-7b71d8f56413,3b0b0e6c-5a36-4b8e-8c1e-0d7c5e2f9a11,131.5,379200000.0,49864800000.0,3009881000.0,46854919000.0,340770000.0,2,7f5b6f7e-1c2d-4a4e-9a51-3a3f1d3c0a01
216139c6-a8af-4dad-b6bb-7211a0384aee,dbf6145e-a86b-4a66-8d8f-309c8de73ae8,43b7a3a6-9a8d-4a03-980d-7b71d8f56413,3b0b0e6c-5a36-4b8e-8c1e-0d7c5e2f9a11,163.5,431300000.0,70517550000.0,4094221000.0,66423329000.0,350760000.0,1,7f5b6f7e-1c2d-4a4e-9a51-3a3f1d3c0a01
93099f21-37b7-44d9-9a54-854c4e38985d,dbf6145e-a86b-4a66-8d8f-309c8de73ae8,1a2a73ed-562b-4f79-8374-59eef50bea63,3b0b0e6c-5a36-4b8e-8c1e-0d7c5e2f9a11,171.5,424200000.0,72750300000.0,4223854000.0,68526446000.0,340678000.0,2,7f5b6f7e-1c2d-4a4e-9a51-3a3f1d3c0a01
d7abc0b2-d5bb-43b8-871a-8ab1f0e89844,6051f060-643d-4910-b2d0-55d4cc2b92ae,759cde66-bacf-43d0-8b1f-9163ce9ff57f,3b0b0e6c-5a36-4b8e-8c1e-0d7c5e2f9a11,47.5,507100000.0,24087250000.0,1490612000.0,22596638000.0,391232000.0,1,7f5b6f7e-1c2d-4a4e-9a51-3a3f1d3c0a01
2ab2202f-e8be-4a0a-b8d3-9abdb9aa0913,6051f060-643d-4910-b2d0-55d4cc2b92ae,ec1b8ca1-f91e-4d4c-9ff4-9b7889463e85,3b0b0e6c-5a36-4b8e-8c1e-0d7c5e2f9a11,22.5,494200000.0,11119500000.0,688117000.0,10431383000.0,386073000.0,2,7f5b6f7e-1c2d-4a4e-9a51-3a3f1d3c0a01
32b3b308-3eee-4b7b-b4dc-5c94dea4022d,8131e052-60b4-471e-ad42-30e184aa05a0,1a2a73ed-562b-4f79-8374-59eef50bea63,3b0b0e6c-5a36-4b8e-8c1e-0d7c5e2f9a11,21.0,433000000.0,9093000000.0,432440000.0,8660560000.0,412272000.0,1,7f5b6f7e-1c2d-4a4e-9a51-3a3f1d3c0a01
66362a3d-7a2e-4eb7-8dfd-1703a5dac761,8131e052-60b4-471e-ad42-30e184aa05a0,43b7a3a6-9a8d-4a03-980d-7b71d8f56413,3b0b0e6c-5a36-4b8e-8c1e-0d7c5e2f9a11,34.0,447400000.0,15211600000.0,723425000.0,14488175000.0,423650000.0,2,7f5b6f7e-1c2d-4a4e-9a51-3a3f1d3c0a01
306c1dfe-4088-47e0-8190-5cd503ced7d1,48a355b7-61bd-41d8-bd91-c9a00af75eca,1a2a73ed-562b-4f79-8374-59eef50bea63,3b0b0e6c-5a36-4b8e-8c1e-0d7c5e2f9a11,83.5,474200000.0,39595700000.0,1960821000.0,37634879000.0,420135000.0,1,7f5b6f7e-1c2d-4a4e-9a51-3a3f1d3c0a01
e1ef6f88-6164-43dd-9e15-20876e72b97e,48a355b7-61bd-41d8-bd91-c9a00af75eca,5be6128e-18c2-4797-a142-ea7d17be3111,3b0b0e6c-5a36-4b8e-8c1e-0d7c5e2f9a11,126.5,461700000.0,58405050000.0,2892280000.0,55512770000.0,425222000.0,2,7f5b6f7e-1c2d-4a4e-9a51-3a3f1d3c0a01
0ca7ec60-5d25-4c8d-8466-da6294501cb0,98e2880c-527a-407e-8e54-0c3e9b15ad64,5be6128e-18c2-4797-a142-ea7d17be3111,3b0b0e6c-5a36-4b8e-8c1e-0d7c5e2f9a11,165.0,461700000.0,76180500000.0,3435812000.0,72744688000.0,425222000.0,1,7f5b6f7e-1c2d-4a4e-9a51-3a3f1d3c0a01
cd7359f9-81b5-4f8e-897e-6fef39317ea6,41058096-b27d-4a09-a2ea-0fe6ed0bc387,e2acf72f-9e57-4f7a-a0ee-89aed453dd32,3b0b0e6c-5a36-4b8e-8c1e-0d7c5e2f9a11,180.0,730300000.0,131454000000.0,6177766000.0,125276234000.0,654369000.0,1,7f5b6f7e-1c2d-4a4e-9a51-3a3f1d3c0a01
60c0e8ed-b05c-48c0-83ae-c2b5463c9468,0e4ea033-da73-4088-a311-7ec806c839da,e2acf72f-9e57-4f7a-a0ee-89aed453dd32,3b0b0e6c-5a36-4b8e-8c1e-0d7c5e2f9a11,27.5,573500000.0,15771250000.0,363370000.0,15407880000.0,440642000.0,1,7f5b6f7e-1c2d-4a4e-9a51-3a3f1d3c0a01
bc8e8616-e721-4ce2-8182-56afceb4ba64,0e4ea033-da73-4088-a311-7ec806c839da,4b0dbb41-8d52-48f1-942c-3fe860e7a113,3b0b0e6c-5a36-4b8e-8c1e-0d7c5e2f9a11,7.5,580700000.0,4355250000.0,100345000.0,4254905000.0,448252000.0,2,7f5b6f7e-1c2d-4a4e-9a51-3a3f1d3c0a01
754ac068-695c-4ce9-b9d4-c3f2b060a327,ff8f5b75-d03b-4ce7-8690-a6d599706c0f,ec1b8ca1-f91e-4d4c-9ff4-9b7889463e85,3b0b0e6c-5a36-4b8e-8c1e-0d7c5e2f9a11,15.0,519400000.0,7791000000.0,141781000.0,7649219000.0,462636000.0,1,7f5b6f7e-1c2d-4a4e-9a51-3a3f1d3c0a01
6c201880-92cb-4bcf-b526-bddd953262f0,ff8f5b75-d03b-4ce7-8690-a6d599706c0f,759cde66-bacf-43d0-8b1f-9163ce9ff57f,3b0b0e6c-5a36-4b8e-8c1e-0d7c5e2f9a11,5.0,525100000.0,2625500000.0,47779000.0,2577721000.0,462726000.0,2,7f5b6f7e-1c2d-4a4e-9a51-3a3f1d3c0a01
0f8a6af3-eaf0-48d9-8b6d-207b53fa1a9c,de425272-b0c7-4fd0-9337-786cca4a16a9,759cde66-bacf-43d0-8b1f-9163ce9ff57f,3b0b0e6c-5a36-4b8e-8c1e-0d7c5e2f9a11,40.0,504500000.0,20180000000.0,660058000.0,19519942000.0,475216000.0,1,7f5b6f7e-1c2d-4a4e-9a51-3a3f1d3c0a01
966507fd-dab8-4436-b918-baafd9e60a0f,82562124-ef7a-45be-acc5-735fc3a52da5,ec1b8ca1-f91e-4d4c-9ff4-9b7889463e85,3b0b0e6c-5a36-4b8e-8c1e-0d7c5e2f9a11,4.5,535700000.00000006,2410650000.0000005,48778000.0,2361872000.0000005,483541000.0,1,7f5b6f7e-1c2d-4a4e-9a51-3a3f1d3c0a01
f1b34d75-aa7f-40fa-b3e9-7d258e201fad,82562124-ef7a-45be-acc5-735fc3a52da5,759cde66-bacf-43d0-8b1f-9163ce9ff57f,3b0b0e6c-5a36-4b8e-8c1e-0d7c5e2f9a11,50.5,547200000.0,27633600000.0,559149000.0,27074451000.0,489514000.0,2,7f5b6f7e-1c2d-4a4e-9a51-3a3f1d3c0a01
ca3caeb1-f245-482b-b0bb-0080330a9585,de7b0197-b113-47dc-b781-75c6e3746923,371ecd7b-27cd-4130-8722-9389571aa876,3b0b0e6c-5a36-4b8e-8c1e-0d7c5e2f9a11,20.0,406000000.0,8120000000.0,293570000.0,7826430000.0,367098000.0,1,7f5b6f7e-1c2d-4a4e-9a51-3a3f1d3c0a01
6320782c-b982-4951-92ed-fa89f3ac8aa3,195c878d-0b86-4c3f-ab81-28aede10bf93,6b65a6a4-8b81-48f6-b38a-088ca65ed389,3b0b0e6c-5a36-4b8e-8c1e-0d7c5e2f9a11,40.0,502600000.0,20104000000.0,725851000.0,19378149000.0,454023000.0,1,7f5b6f7e-1c2d-4a4e-9a51-3a3f1d3c0a01
9903336b-97f8-4faf-9031-cd6f1a92350f,7027f7bd-cb03-4308-a4c4-4dff8f271552,fc377a4c-4a15-444d-85e7-ce8a3a578a8e,3b0b0e6c-5a36-4b8e-8c1e-0d7c5e2f9a11,25.0,590600000.0,14765000000.0,505839000.0,14259161000.0,520980000.0,1,7f5b6f7e-1c2d-4a4e-9a51-3a3f1d3c0a01
17158920-f0f7-4ab5-9183-5af21eb54d01,87362836-ac55-48fc-abb8-22f0abbfb0c7,371ecd7b-27cd-4130-8722-9389571aa876,3b0b0e6c-5a36-4b8e-8c1e-0d7c5e2f9a11,12.0,495900000.0,5950800000.0,291331000.0,5659469000.0,453748000.0,1,7f5b6f7e-1c2d-4a4e-9a51-3a3f1d3c0a01
6e92ee19-7e0e-4b2f-adc0-b20d5cc15f68,87362836-ac55-48fc-abb8-22f0abbfb0c7,6c307511-b2b9-437a-a8df-6ec4ce4a2bbd,3b0b0e6c-5a36-4b8e-8c1e-0d7c5e2f9a11,28.0,493200000.0,13809600000.0,676072000.0,13133528000.0,435266000.0,2,7f5b6f7e-1c2d-4a4e-9a51-3a3f1d3c0a01
a1c241ec-f521-41e7-bcf7-26bcd4d3c800,ee0ef974-f224-4dbe-9716-ef371b4db095,c241330b-01a9-471f-9e8a-774bcf36d58b,3b0b0e6c-5a36-4b8e-8c1e-0d7c5e2f9a11,14.0,574400000.0,8041600000.0,432629000.0,7608971000.0,510662000.0,1,7f5b6f7e-1c2d-4a4e-9a51-3a3f1d3c0a01
3ab53784-53ef-4098-bf17-b340b9ccf609,ee0ef974-f224-4dbe-9716-ef371b4db095,47378190-96da-4dac-b2ff-5d2a386ecbe0,3b0b0e6c-5a36-4b8e-8c1e-0d7c5e2f9a11,11.0,548500000.0,6033500000.0,324595000.0,5708905000.0,474794000.0,2,7f5b6f7e-1c2d-4a4e-9a51-3a3f1d3c0a01
a92e62ba-e678-4977-aed0-b8b91e499b83,89eec884-c2b9-4083-b371-55bad9bef7d8,bdd640fb-0667-4ad1-9c80-317fa3b1799d,3b0b0e6c-5a36-4b8e-8c1e-0d7c5e2f9a11,85.5,343000000.0,29326500000.0,653751000.0,28672749000.0,275638000.0,1,7f5b6f7e-1c2d-4a4e-9a51-3a3f1d3c0a01
164ba58a-1eff-412e-bbb1-911450839cdd,89eec884-c2b9-4083-b371-55bad9bef7d8,23b8c1e9-3924-46de-beb1-3b9046685257,3b0b0e6c-5a36-4b8e-8c1e-0d7c5e2f9a11,49.5,340700000.0,16864650000.0,375950000.0,16488700000.0,269841000.0,2,7f5b6f7e-1c2d-4a4e-9a51-3a3f1d3c0a01
7c404772-cba7-4100-9ad1-07fe0abf03e9,e403f76f-d067-4130-b3ec-64dcb77a7e3d,a9488d99-0bbb-4599-91ce-5dd2b45ed1f0,3b0b0e6c-5a36-4b8e-8c1e-0d7c5e2f9a11,105.0,450700000.0,47323500000.0,995111000.0,46328389000.0,345112000.0,1,7f5b6f7e-1c2d-4a4e-9a51-3a3f1d3c0a01
800edc00-eda4-45b5-94e9-89dc6bb495b5,a92c06c4-2b7b-46a7-8aa2-e69c8042b440,ddd1dfb2-3b98-4ef8-9af6-1a26146d3f31,3b0b0e6c-5a36-4b8e-8c1e-0d7c5e2f9a11,80.0,317900000.0,25432000000.0,280465000.0,25151535000.0,254928000.0,1,7f5b6f7e-1c2d-4a4e-9a51-3a3f1d3c0a01
a3e645cf-5047-44f0-a493-a7d3f01adfe1,9f96d3ff-4f81-4ba8-b010-0f77f6afbd4f,972a8469-1641-4f82-8b9d-2434e465e150,3b0b0e6c-5a36-4b8e-8c1e-0d7c5e2f9a11,105.0,335800000.0,35259000000.0,853267000.0,34405733000.0,305558000.0,1,7f5b6f7e-1c2d-4a4e-9a51-3a3f1d3c0a01
a2e119ba-520e-406e-a725-65f5a2d8db85,00dc12ea-b5a5-42a7-9843-5cf0fe7aba9b,ddd1dfb2-3b98-4ef8-9af6-1a26146d3f31,3b0b0e6c-5a36-4b8e-8c1e-0d7c5e2f9a11,100.0,341600000.0,34160000000.0,887971000.0,33272029000.0,308978000.0,1,7f5b6f7e-1c2d-4a4e-9a51-3a3f1d3c0a01
b8e5336d-3ce6-4e12-a050-88ad1bd8174c,4889f438-64d5-4145-84f6-b13600e9844b,bd9c66b3-ad3c-4d6d-9a3d-1fa7bc8960a9,3b0b0e6c-5a36-4b8e-8c1e-0d7c5e2f9a11,135.0,337100000.0,45508500000.0,1124653000.0,44383847000.0,328278000.0,1,7f5b6f7e-1c2d-4a4e-9a51-3a3f1d3c0a01
d473bae2-bc48-4c8e-b020-88c1fc6bc2fa,4889f438-64d5-4145-84f6-b13600e9844b,972a8469-1641-4f82-8b9d-2434e465e150,3b0b0e6c-5a36-4b8e-8c1e-0d7c5e2f9a11,20.0,335000000.0,6700000000.0,165577000.0,6534423000.0,324352000.0,2,7f5b6f7e-1c2d-4a4e-9a51-3a3f1d3c0a01
f515f6a1-100b-4cd0-8495-ae9a354a11b6,45c84524-5442-4a11-a417-101b02405ae9,bdd640fb-0667-4ad1-9c80-317fa3b1799d,3b0b0e6c-5a36-4b8e-8c1e-0d7c5e2f9a11,245.0,372600000.0,91287000000.0,1711137000.0,89575863000.0,336320000.0,1,7f5b6f7e-1c2d-4a4e-9a51-3a3f1d3c0a01
c60180a1-cd25-490a-84c1-b801b62370f4,8cfdd1f4-5eeb-497a-95e9-da42391d352f,6c307511-b2b9-437a-a8df-6ec4ce4a2bbd,3b0b0e6c-5a36-4b8e-8c1e-0d7c5e2f9a11,115.0,421500000.0,48472500000.0,1038058000.0,47434442000.0,376156000.0,1,7f5b6f7e-1c2d-4a4e-9a51-3a3f1d3c0a01
4980a49c-4cc4-4599-a551-1a4d2c4df267,8a16963b-f1fb-47f5-9db5-f7654a0f7212,ddd1dfb2-3b98-4ef8-9af6-1a26146d3f31,3b0b0e6c-5a36-4b8e-8c1e-0d7c5e2f9a11,215.0,354100000.0,76131500000.0,2006130000.0,74125370000.0,321668000.0,1,7f5b6f7e-1c2d-4a4e-9a51-3a3f1d3c0a01
4ad46518-b02f-4d9c-bacc-40bd28e4d7bb,5f85d916-6280-4c5c-94fd-f391b46bca1f,ddd1dfb2-3b98-4ef8-9af6-1a26146d3f31,3b0b0e6c-5a36-4b8e-8c1e-0d7c5e2f9a11,95.0,406700000.0,38636500000.0,862804000.0,37773696000.0,373744000.0,1,7f5b6f7e-1c2d-4a4e-9a51-3a3f1d3c0a01
ac00dda4-b014-45db-a7cb-480fdeb7822b,296b1be3-80bf-4d38-a64d-be88b8886ff5,1a2a73ed-562b-4f79-8374-59eef50bea63,3b0b0e6c-5a36-4b8e-8c1e-0d7c5e2f9a11,77.5,537300000.0,41640750000.0,1247651000.0,40393099000.0,503940000.0,1,7f5b6f7e-1c2d-4a4e-9a51-3a3f1d3c0a01
ed7e3202-c5a4-4620-8770-0640c73082c4,296b1be3-80bf-4d38-a64d-be88b8886ff5,5be6128e-18c2-4797-a142-ea7d17be3111,3b0b0e6c-5a36-4b8e-8c1e-0d7c5e2f9a11,32.5,536500000.0,17436250000.0,522429000.0,16913821000.0,491823000.0,2,7f5b6f7e-1c2d-4a4e-9a51-3a3f1d3c0a01
cd18ea34-0a2d-4943-a03c-61f387f7cb0e,f61ff8c4-0318-41b5-878f-56ac29d7ce98,6b65a6a4-8b81-48f6-b38a-088ca65ed389,3b0b0e6c-5a36-4b8e-8c1e-0d7c5e2f9a11,55.0,519500000.0,28572500000.0,745615000.0,27826885000.0,468938000.0,1,7f5b6f7e-1c2d-4a4e-9a51-3a3f1d3c0a01
796c6574-6dc4-4c40-8757-2dde19af070b,19482c48-87d8-41d7-a21f-cd07cb54a053,6c307511-b2b9-437a-a8df-6ec4ce4a2bbd,3b0b0e6c-5a36-4b8e-8c1e-0d7c5e2f9a11,7.5,421500000.0,3161250000.0,58367000.0,3102883000.0,376156000.0,1,7f5b6f7e-1c2d-4a4e-9a51-3a3f1d3c0a01
8dbf982c-2d2e-480f-99b4-838866e342d7,19482c48-87d8-41d7-a21f-cd07cb54a053,371ecd7b-27cd-4130-8722-9389571aa876,3b0b0e6c-5a36-4b8e-8c1e-0d7c5e2f9a11,17.5,430200000.0,7528500000.0,139000000.0,7389500000.0,383385000.0,2,7f5b6f7e-1c2d-4a4e-9a51-3a3f1d3c0a01
8dd3f9cd-159b-4e6c-9b77-06f84b1bff13,634782d1-eef1-4c97-9373-34b3575afc53,23b8c1e9-3924-46de-beb1-3b9046685257,3b0b0e6c-5a36-4b8e-8c1e-0d7c5e2f9a11,105.0,364400000.0,38262000000.0,541383000.0,37720617000.0,332486000.0,1,7f5b6f7e-1c2d-4a4e-9a51-3a3f1d3c0a01
46755ed9-6e64-4481-8799-baea14cb57c8,f7085d44-f168-476f-86f1-88c9639e37c5,c241330b-01a9-471f-9e8a-774bcf36d58b,3b0b0e6c-5a36-4b8e-8c1e-0d7c5e2f9a11,130.0,533700000.00000006,69381000000.00002,1300157000.0,68080843000.000015,475892000.0,1,7f5b6f7e-1c2d-4a4e-9a51-3a3f1d3c0a01
cb872eee-70ae-4323-b952-d51d75be5af5,681aee18-f888-4d0e-925c-23ffe441a192,bd9c66b3-ad3c-4d6d-9a3d-1fa7bc8960a9,3b0b0e6c-5a36-4b8e-8c1e-0d7c5e2f9a11,34.0,410600000.0,13960400000.0,287510000.0,13672890000.0,372224000.0,1,7f5b6f7e-1c2d-4a4e-9a51-3a3f1d3c0a01
053960f9-e0d5-4397-ac9d-1f7c556fee2f,681aee18-f888-4d0e-925c-23ffe441a192,17fc695a-07a0-4a6e-8822-e8f36c031199,3b0b0e6c-5a36-4b8e-8c1e-0d7c5e2f9a11,41.0,408500000.0,16748500000.0,344930000.0,16403570000.0,364276000.0,2,7f5b6f7e-1c2d-4a4e-9a51-3a3f1d3c0a01
f77a3276-5a37-43f3-80f8-ff2d56fffaf5,dae5a12f-2b29-44e9-b6a9-306a81fab19c,43b7a3a6-9a8d-4a03-980d-7b71d8f56413,3b0b0e6c-5a36-4b8e-8c1e-0d7c5e2f9a11,10.0,460400000.0,4604000000.0,52725000.0,4551275000.0,413660000.0,1,7f5b6f7e-1c2d-4a4e-9a51-3a3f1d3c0a01
7f5debd4-7301-49df-bd77-720fce4ac16b,dae5a12f-2b29-44e9-b6a9-306a81fab19c,1a2a73ed-562b-4f79-8374-59eef50bea63,3b0b0e6c-5a36-4b8e-8c1e-0d7c5e2f9a11,10.0,452700000.0,4527000000.0,51843000.0,4475157000.0,403208000.0,2,7f5b6f7e-1c2d-4a4e-9a51-3a3f1d3c0a01
e24e4447-1825-429e-b17b-0ef5fe25c732,562b060c-8588-45b7-a247-93d31da104fb,3139d32c-93cd-49bf-9c94-1cf0dc98d2c1,3b0b0e6c-5a36-4b8e-8c1e-0d7c5e2f9a11,14.0,510000000.0,7140000000.0,237204000.0,6902796000.0,445262000.0,1,7f5b6f7e-1c2d-4a4e-9a51-3a3f1d3c0a01
0d3ee223-c617-4332-b846-c78e0e7e756a,562b060c-8588-45b7-a247-93d31da104fb,a9488d99-0bbb-4599-91ce-5dd2b45ed1f0,3b0b0e6c-5a36-4b8e-8c1e-0d7c5e2f9a11,11.0,498200000.0,5480200000.0,182062000.0,5298138000.0,433090000.0,2,7f5b6f7e-1c2d-4a4e-9a51-3a3f1d3c0a01
a1989d88-552b-4d61-a46d-b2e4b1f6a115,baa09bd9-c897-4c28-b2fc-04c167e497b0,3139d32c-93cd-49bf-9c94-1cf0dc98d2c1,3b0b0e6c-5a36-4b8e-8c1e-0d7c5e2f9a11,26.5,617400000.0,16361100000.0,457639000.0,15903461000.0,525723000.0,1,7f5b6f7e-1c2d-4a4e-9a51-3a3f1d3c0a01
7d2b2912-5f6d-4931-9d36-90a94b57a0be,baa09bd9-c897-4c28-b2fc-04c167e497b0,a9488d99-0bbb-4599-91ce-5dd2b45ed1f0,3b0b0e6c-5a36-4b8e-8c1e-0d7c5e2f9a11,8.5,599200000.0,5093200000.0,142463000.0,4950737000.0,524380000.0,2,7f5b6f7e-1c2d-4a4e-9a51-3a3f1d3c0a01
a2bc0e17-cedc-4603-9d9a-b439dd4280b8,a015c8c0-cc42-44ce-9370-eda339562202,3139d32c-93cd-49bf-9c94-1cf0dc98d2c1,3b0b0e6c-5a36-4b8e-8c1e-0d7c5e2f9a11,12.5,548100000.0,6851250000.0,183574000.0,6667676000.0,456450000.0,1,7f5b6f7e-1c2d-4a4e-9a51-3a3f1d3c0a01
944fc0a6-1190-4c92-b750-4f3e681d1ac0,a015c8c0-cc42-44ce-9370-eda339562202,a9488d99-0bbb-4599-91ce-5dd2b45ed1f0,3b0b0e6c-5a36-4b8e-8c1e-0d7c5e2f9a11,17.5,546000000.0,9555000000.0,256020000.0,9298980000.0,445889000.0,2,7f5b6f7e-1c2d-4a4e-9a51-3a3f1d3c0a01
3add6c39-b1f1-4c3c-8542-a683dd239156,fbdd1101-a57f-41f1-b34d-b84001778197,43b7a3a6-9a8d-4a03-980d-7b71d8f56413,3b0b0e6c-5a36-4b8e-8c1e-0d7c5e2f9a11,40.0,543400000.0,21736000000.0,165168000.0,21570832000.0,485070000.0,1,7f5b6f7e-1c2d-4a4e-9a51-3a3f1d3c0a01
a04edfcb-a468-4e95-a4f6-2f512f0308ee,2e33d7ad-1a67-4cdd-8547-25f947d1ec08,b74d0fb1-32e7-4629-8fad-c1a606cb0fb3,3b0b0e6c-5a36-4b8e-8c1e-0d7c5e2f9a11,8.0,512299999.99999994,4098399999.9999995,82970000.0,4015429999.9999995,449082000.0,1,7f5b6f7e-1c2d-4a4e-9a51-3a3f1d3c0a01
04e7a337-b19d-4ab5-9af2-a11bbf5ae558,2e33d7ad-1a67-4cdd-8547-25f947d1ec08,47378190-96da-4dac-b2ff-5d2a386ecbe0,3b0b0e6c-5a36-4b8e-8c1e-0d7c5e2f9a11,20.0,495700000.0,9914000000.0,200703000.0,9713297000.0,439932000.0,2,7f5b6f7e-1c2d-4a4e-9a51-3a3f1d3c0a01
fbe76039-419d-4219-8013-868a68ff3462,2e33d7ad-1a67-4cdd-8547-25f947d1ec08,6c307511-b2b9-437a-a8df-6ec4ce4a2bbd,3b0b0e6c-5a36-4b8e-8c1e-0d7c5e2f9a11,12.0,475700000.0,5708400000.0,115563000.0,5592837000.0,437096000.0,3,7f5b6f7e-1c2d-4a4e-9a51-3a3f1d3c0a01
e2f46917-dd95-471b-bf3d-3b62b9a92496,42cf7c40-8729-4be4-85af-5515cd25963e,43b7a3a6-9a8d-4a03-980d-7b71d8f56413,3b0b0e6c-5a36-4b8e-8c1e-0d7c5e2f9a11,50.0,553900000.0,27695000000.0,469426000.0,27225574000.0,502645000.0,1,7f5b6f7e-1c2d-4a4e-9a51-3a3f1d3c0a01
186ec424-0bfa-4fcc-9447-eeae6c8aa3af,b9e46a8e-7c6f-41f1-8bd1-a5d2b89313db,47378190-96da-4dac-b2ff-5d2a386ecbe0,3b0b0e6c-5a36-4b8e-8c1e-0d7c5e2f9a11,35.0,519000000.0,18165000000.0,449404000.0,17715596000.0,453566000.0,1,7f5b6f7e-1c2d-4a4e-9a51-3a3f1d3c0a01
cd0762e0-f392-4cfe-a74c-f3c8e6ec078d,dc7f259e-1302-48d7-af1d-e0398835056a,5be6128e-18c2-4797-a142-ea7d17be3111,3b0b0e6c-5a36-4b8e-8c1e-0d7c5e2f9a11,50.0,429200000.0,21460000000.0,753532000.0,20706468000.0,391645000.0,1,7f5b6f7e-1c2d-4a4e-9a51-3a3f1d3c0a01
f5dba261-c083-4b23-8e7e-288df42a7515,488fc455-de40-4dca-ba34-d9d2903dd51c,bd9c66b3-ad3c-4d6d-9a3d-1fa7bc8960a9,3b0b0e6c-5a36-4b8e-8c1e-0d7c5e2f9a11,55.0,337100000.0,18540500000.0,394374000.0,18146126000.0,328278000.0,1,7f5b6f7e-1c2d-4a4e-9a51-3a3f1d3c0a01
11318967-3d74-4618-8bf0-24d545b10dc6,5b14f405-2328-4ff8-addf-0b2e338c7d7d,43b7a3a6-9a8d-4a03-980d-7b71d8f56413,3b0b0e6c-5a36-4b8e-8c1e-0d7c5e2f9a11,8.0,568400000.0,4547200000.0,130815000.0,4416385000.0,518092000.0,1,7f5b6f7e-1c2d-4a4e-9a51-3a3f1d3c0a01
a8149f89-2c9e-43e6-ba7a-53e31ccf87df,5b14f405-2328-4ff8-addf-0b2e338c7d7d,1a2a73ed-562b-4f79-8374-59eef50bea63,3b0b0e6c-5a36-4b8e-8c1e-0d7c5e2f9a11,5.5,549100000.0,3020050000.0,86882000.0,2933168000.0,497002000.0,2,7f5b6f7e-1c2d-4a4e-9a51-3a3f1d3c0a01
3d9241c2-1aee-4947-b753-47fcc4132d72,5b14f405-2328-4ff8-addf-0b2e338c7d7d,5be6128e-18c2-4797-a142-ea7d17be3111,3b0b0e6c-5a36-4b8e-8c1e-0d7c5e2f9a11,16.5,547500000.0,9033750000.0,259885000.0,8773865000.0,496262000.0,3,7f5b6f7e-1c2d-4a4e-9a51-3a3f1d3c0a01
20a5246c-6489-4ef4-a6c8-0613ed9994d9,3041f372-c964-4398-8247-0766858bf143,bd9c66b3-ad3c-4d6d-9a3d-1fa7bc8960a9,3b0b0e6c-5a36-4b8e-8c1e-0d7c5e2f9a11,17.0,337100000.0,5730700000.0,255910000.0,5474790000.0,328278000.0,1,7f5b6f7e-1c2d-4a4e-9a51-3a3f1d3c0a01
ff29099e-4608-4e02-8637-71a1db1bf651,3041f372-c964-4398-8247-0766858bf143,23b8c1e9-3924-46de-beb1-3b9046685257,3b0b0e6c-5a36-4b8e-8c1e-0d7c5e2f9a11,10.0,342700000.0,3427000000.0,153036000.0,3273964000.0,327624000.0,2,7f5b6f7e-1c2d-4a4e-9a51-3a3f1d3c0a01
7864ed58-25ad-4b2e-aefa-abbbc28f1f04,3041f372-c964-4398-8247-0766858bf143,9a1de644-815e-46d1-bb8f-aa1837f8a88b,3b0b0e6c-5a36-4b8e-8c1e-0d7c5e2f9a11,7.5,325900000.0,2444250000.0,109151000.0,2335099000.0,314440000.0,3,7f5b6f7e-1c2d-4a4e-9a51-3a3f1d3c0a01
3a66d4d1-2b44-4d78-8963-fb53f4a153c0,bb18fdfa-1e4e-4ca5-a6e2-1b87cabcd20f,4b0dbb41-8d52-48f1-942c-3fe860e7a113,3b0b0e6c-5a36-4b8e-8c1e-0d7c5e2f9a11,45.0,623600000.0,28062000000.0,284880000.0,27777120000.0,535071000.0,1,7f5b6f7e-1c2d-4a4e-9a51-3a3f1d3c0a01
bbcdc015-615f-448f-9341-80b1b1456673,988115b8-5e80-422d-b31b-76acc78def04,ec1b8ca1-f91e-4d4c-9ff4-9b7889463e85,3b0b0e6c-5a36-4b8e-8c1e-0d7c5e2f9a11,40.0,622000000.0,24880000000.0,606885000.0,24273115000.0,560648000.0,1,7f5b6f7e-1c2d-4a4e-9a51-3a3f1d3c0a01
debc33f2-9bbb-413b-81af-81bf4f176975,5689df2f-4879-4540-a869-5e17e23554f4,ec1b8ca1-f91e-4d4c-9ff4-9b7889463e85,3b0b0e6c-5a36-4b8e-8c1e-0d7c5e2f9a11,25.0,645200000.0,16130000000.0,384656000.0,15745344000.0,566620000.0,1,7f5b6f7e-1c2d-4a4e-9a51-3a3f1d3c0a01
25e78fa5-3ea7-4b0a-ab88-9af9f7a9d073,96ae84f7-0db7-438c-a0a2-4538c67793c6,e2acf72f-9e57-4f7a-a0ee-89aed453dd32,3b0b0e6c-5a36-4b8e-8c1e-0d7c5e2f9a11,12.5,730300000.0,9128750000.0,212706000.0,8916044000.0,654369000.0,1,7f5b6f7e-1c2d-4a4e-9a51-3a3f1d3c0a01
bc8b2015-a778-4c75-8743-73adbae71093,96ae84f7-0db7-438c-a0a2-4538c67793c6,4b0dbb41-8d52-48f1-942c-3fe860e7a113,3b0b0e6c-5a36-4b8e-8c1e-0d7c5e2f9a11,7.5,753600000.0,5652000000.0,131695000.0,5520305000.0,664458000.0,2,7f5b6f7e-1c2d-4a4e-9a51-3a3f1d3c0a01
34ddd775-933c-4433-abfa-f62055b83687,f4052f28-7d52-4843-b299-478d3eced6a5,b74d0fb1-32e7-4629-8fad-c1a606cb0fb3,3b0b0e6c-5a36-4b8e-8c1e-0d7c5e2f9a11,60.0,436400000.0,26184000000.0,546579000.0,25637421000.0,384849000.0,1,7f5b6f7e-1c2d-4a4e-9a51-3a3f1d3c0a01
a5747509-1e2e-4c24-abf5-a6a519cf1396,4e12816c-5007-4962-a0ea-04b63b41701f,bdd640fb-0667-4ad1-9c80-317fa3b1799d,3b0b0e6c-5a36-4b8e-8c1e-0d7c5e2f9a11,60.0,448500000.0,26910000000.0,526531000.0,26383469000.0,413083000.0,1,7f5b6f7e-1c2d-4a4e-9a51-3a3f1d3c0a01
e00c1b31-b0c8-4e0f-94ce-fce9e4ee9ebd,2fc21b63-d5ee-4462-841c-50f8848a5fee,759cde66-bacf-43d0-8b1f-9163ce9ff57f,3b0b0e6c-5a36-4b8e-8c1e-0d7c5e2f9a11,11.5,540900000.0,6220350000.0,97622000.0,6122728000.0,482184000.0,1,7f5b6f7e-1c2d-4a4e-9a51-3a3f1d3c0a01
178a2391-abff-4d32-bc7c-a630a8745adf,2fc21b63-d5ee-4462-841c-50f8848a5fee,ec1b8ca1-f91e-4d4c-9ff4-9b7889463e85,3b0b0e6c-5a36-4b8e-8c1e-0d7c5e2f9a11,68.5,534299999.99999994,36599549999.99999,574393000.0,36025156999.99999,468338000.0,2,7f5b6f7e-1c2d-4a4e-9a51-3a3f1d3c0a01
1b264711-3d7d-45c9-8cda-93b02bcc582c,b99c0a9b-c770-4125-aef4-7f89bd3cdccb,ec1b8ca1-f91e-4d4c-9ff4-9b7889463e85,3b0b0e6c-5a36-4b8e-8c1e-0d7c5e2f9a11,6.0,535700000.00000006,3214200000.0000005,70347000.0,3143853000.0000005,483541000.0,1,7f5b6f7e-1c2d-4a4e-9a51-3a3f1d3c0a01
8fd6a9b3-035b-492a-9a9a-ef4e52e974df,b99c0a9b-c770-4125-aef4-7f89bd3cdccb,759cde66-bacf-43d0-8b1f-9163ce9ff57f,3b0b0e6c-5a36-4b8e-8c1e-0d7c5e2f9a11,4.0,547200000.0,2188800000.0,47905000.0,2140895000.0,489514000.0,2,7f5b6f7e-1c2d-4a4e-9a51-3a3f1d3c0a01
8edd4eb8-7fc9-41ef-b218-a8c3c9f59fb8,cf383291-b80d-4e74-9245-87f49f460935,4b0dbb41-8d52-48f1-942c-3fe860e7a113,3b0b0e6c-5a36-4b8e-8c1e-0d7c5e2f9a11,35.0,631800000.0,22113000000.0,626006000.0,21486994000.0,551886000.0,1,7f5b6f7e-1c2d-4a4e-9a51-3a3f1d3c0a01
d8823f62-43cf-49aa-962c-466a68fd1258,1184d9eb-e571-4eb6-a09a-296185caa39d,43b7a3a6-9a8d-4a03-980d-7b71d8f56413,3b0b0e6c-5a36-4b8e-8c1e-0d7c5e2f9a11,43.0,465100000.0,19999300000.0,807479000.0,19191821000.0,430032000.0,1,7f5b6f7e-1c2d-4a4e-9a51-3a3f1d3c0a01
a5a6b6e5-983f-49f2-8446-46c1d03bb0e7,1184d9eb-e571-4eb6-a09a-296185caa39d,5be6128e-18c2-4797-a142-ea7d17be3111,3b0b0e6c-5a36-4b8e-8c1e-0d7c5e2f9a11,32.0,459700000.0,14710400000.0,593938000.0,14116462000.0,416620000.0,2,7f5b6f7e-1c2d-4a4e-9a51-3a3f1d3c0a01
eaff62ca-c458-4586-9ec8-aecb28326855,5aa213c6-9492-4d6e-bfef-b3dc8564fc95,e2acf72f-9e57-4f7a-a0ee-89aed453dd32,3b0b0e6c-5a36-4b8e-8c1e-0d7c5e2f9a11,120.0,637400000.0,76488000000.0,3381077000.0,73106923000.0,554895000.0,1,7f5b6f7e-1c2d-4a4e-9a51-3a3f1d3c0a01
9714fcdb-bcc2-40de-aeac-3c46d20196cd,6504c618-c082-4c3c-a1a1-16a32300a017,1a2a73ed-562b-4f79-8374-59eef50bea63,3b0b0e6c-5a36-4b8e-8c1e-0d7c5e2f9a11,220.0,474200000.0,104324000000.0,3569421000.0,100754579000.0,420135000.0,1,7f5b6f7e-1c2d-4a4e-9a51-3a3f1d3c0a01
52d2ffc9-2381-467c-a43d-b66bac2d7ed5,60a95caf-021e-4d94-b0ca-4de1964417bc,43b7a3a6-9a8d-4a03-980d-7b71d8f56413,3b0b0e6c-5a36-4b8e-8c1e-0d7c5e2f9a11,95.5,553900000.0,52897450000.0,1413828000.0,51483622000.0,502645000.0,1,7f5b6f7e-1c2d-4a4e-9a51-3a3f1d3c0a01
8d23ff05-21ee-4055-9b0e-195843e234df,60a95caf-021e-4d94-b0ca-4de1964417bc,1a2a73ed-562b-4f79-8374-59eef50bea63,3b0b0e6c-5a36-4b8e-8c1e-0d7c5e2f9a11,9.5,544800000.0,5175600000.0,138332000.0,5037268000.0,490620000.0,2,7f5b6f7e-1c2d-4a4e-9a51-3a3f1d3c0a01
59b220cc-b624-4102-bc2f-1a8c1dac8403,60a95caf-021e-4d94-b0ca-4de1964417bc,5be6128e-18c2-4797-a142-ea7d17be3111,3b0b0e6c-5a36-4b8e-8c1e-0d7c5e2f9a11,5.5,531700000.00000006,2924350000.0000005,78161000.0,2846189000.0000005,480908000.0,3,7f5b6f7e-1c2d-4a4e-9a51-3a3f1d3c0a01
2052d568-c33b-4792-8ec0-78c6b233657c,47d6838b-8b44-4313-8130-4581c61c79cb,43b7a3a6-9a8d-4a03-980d-7b71d8f56413,3b0b0e6c-5a36-4b8e-8c1e-0d7c5e2f9a11,65.0,543400000.0,35321000000.0,1071251000.0,34249749000.0,485070000.0,1,7f5b6f7e-1c2d-4a4e-9a51-3a3f1d3c0a01
bdc54a54-5f8a-45c0-b349-bc7faa72ea23,83e20b99-2265-477f-b911-3459fec46cc5,43b7a3a6-9a8d-4a03-980d-7b71d8f56413,3b0b0e6c-5a36-4b8e-8c1e-0d7c5e2f9a11,34.0,460400000.0,15653600000.0,382055000.0,15271545000.0,413660000.0,1,7f5b6f7e-1c2d-4a4e-9a51-3a3f1d3c0a01
1685a181-adee-4622-997f-9d2ea54f17e9,83e20b99-2265-477f-b911-3459fec46cc5,1a2a73ed-562b-4f79-8374-59eef50bea63,3b0b0e6c-5a36-4b8e-8c1e-0d7c5e2f9a11,14.5,452700000.0,6564150000.0,160210000.0,6403940000.0,403208000.0,2,7f5b6f7e-1c2d-4a4e-9a51-3a3f1d3c0a01
5f2be0e4-b4f1-469b-a94f-516dab604cb9,83e20b99-2265-477f-b911-3459fec46cc5,5be6128e-18c2-4797-a142-ea7d17be3111,3b0b0e6c-5a36-4b8e-8c1e-0d7c5e2f9a11,101.5,436700000.0,44325050000.0,1081836000.0,43243214000.0,398120000.0,3,7f5b6f7e-1c2d-4a4e-9a51-3a3f1d3c0a01
639b3f82-f10a-422d-8b34-c046eb8f1b09,95493e11-ca9e-470a-a615-2e0277f9a2be,ec1b8ca1-f91e-4d4c-9ff4-9b7889463e85,3b0b0e6c-5a36-4b8e-8c1e-0d7c5e2f9a11,148.5,517500000.0,76848750000.0,1457206000.0,75391544000.0,452500000.0,1,7f5b6f7e-1c2d-4a4e-9a51-3a3f1d3c0a01
09f836c8-f47b-48f6-8b1c-2eca40b75514,95493e11-ca9e-470a-a615-2e0277f9a2be,759cde66-bacf-43d0-8b1f-9163ce9ff57f,3b0b0e6c-5a36-4b8e-8c1e-0d7c5e2f9a11,56.5,532799999.99999994,30103199999.999996,570817000.0,29532382999.999996,462184000.0,2,7f5b6f7e-1c2d-4a4e-9a51-3a3f1d3c0a01
bdeb1669-c7f3-4aec-a708-b34e23566178,e8667e2a-ef7d-4283-8dd1-49dd2f3b55f8,1a2a73ed-562b-4f79-8374-59eef50bea63,3b0b0e6c-5a36-4b8e-8c1e-0d7c5e2f9a11,68.5,461400000.0,31605900000.0,780184000.0,30825716000.0,418748000.0,1,7f5b6f7e-1c2d-4a4e-9a51-3a3f1d3c0a01
1f5b6abc-d37e-4f4d-aa4e-53ff6ad72753,e8667e2a-ef7d-4283-8dd1-49dd2f3b55f8,5be6128e-18c2-4797-a142-ea7d17be3111,3b0b0e6c-5a36-4b8e-8c1e-0d7c5e2f9a11,91.5,450400000.0,41211600000.0,1017299000.0,40194301000.0,403948000.0,2,7f5b6f7e-1c2d-4a4e-9a51-3a3f1d3c0a01
c4ad0c9a-cc15-4514-b972-5ccad105530e,0a2f6639-cd5d-4a83-b6aa-e31f7dc980c0,e2acf72f-9e57-4f7a-a0ee-89aed453dd32,3b0b0e6c-5a36-4b8e-8c1e-0d7c5e2f9a11,75.0,586200000.0,43965000000.0,896455000.0,43068545000.0,514362000.0,1,7f5b6f7e-1c2d-4a4e-9a51-3a3f1d3c0a01
84346bba-8d4f-4bf6-bf4f-3f791438af51,a9a41f56-2d5f-4fb6-af01-c6873c784ce2,43b7a3a6-9a8d-4a03-980d-7b71d8f56413,3b0b0e6c-5a36-4b8e-8c1e-0d7c5e2f9a11,98.0,465100000.0,45579800000.0,507579000.0,45072221000.0,430032000.0,1,7f5b6f7e-1c2d-4a4e-9a51-3a3f1d3c0a01
ac1fdd8a-9ff0-46a9-bbc3-444b4fef0201,a9a41f56-2d5f-4fb6-af01-c6873c784ce2,5be6128e-18c2-4797-a142-ea7d17be3111,3b0b0e6c-5a36-4b8e-8c1e-0d7c5e2f9a11,108.0,459700000.0,49647600000.0,552878000.0,49094722000.0,416620000.0,2,7f5b6f7e-1c2d-4a4e-9a51-3a3f1d3c0a01
ef7f0f12-ce8f-4d67-87d9-8502d496cfcf,a9a41f56-2d5f-4fb6-af01-c6873c784ce2,1a2a73ed-562b-4f79-8374-59eef50bea63,3b0b0e6c-5a36-4b8e-8c1e-0d7c5e2f9a11,54.0,454200000.0,24526800000.0,273132000.0,24253668000.0,426795000.0,3,7f5b6f7e-1c2d-4a4e-9a51-3a3f1d3c0a01
6d590660-c545-4d4b-8a51-1860fdce0794,6eec5359-5d01-4658-9336-dc3dd4a83f4e,1a2a73ed-562b-4f79-8374-59eef50bea63,3b0b0e6c-5a36-4b8e-8c1e-0d7c5e2f9a11,165.0,474200000.0,78243000000.0,1006156000.0,77236844000.0,420135000.0,1,7f5b6f7e-1c2d-4a4e-9a51-3a3f1d3c0a01
5b8fcf4d-dfa2-4a59-9007-8fb34e7429ff,b8f09225-98a5-46e5-8bd1-4aac31bda600,1a2a73ed-562b-4f79-8374-59eef50bea63,3b0b0e6c-5a36-4b8e-8c1e-0d7c5e2f9a11,160.0,474200000.0,75872000000.0,1950682000.0,73921318000.0,420135000.0,1,7f5b6f7e-1c2d-4a4e-9a51-3a3f1d3c0a01
c843f059-cf8e-4eb9-894d-e90ff29fef2b,0cc253f6-88c5-49b4-b48a-82b74ae67222,43b7a3a6-9a8d-4a03-980d-7b71d8f56413,3b0b0e6c-5a36-4b8e-8c1e-0d7c5e2f9a11,13.5,524400000.0,7079400000.0,172806000.0,6906594000.0,448348000.0,1,7f5b6f7e-1c2d-4a4e-9a51-3a3f1d3c0a01
d3460ee8-af2a-464c-9d52-4517b5a04c34,0cc253f6-88c5-49b4-b48a-82b74ae67222,5be6128e-18c2-4797-a142-ea7d17be3111,3b0b0e6c-5a36-4b8e-8c1e-0d7c5e2f9a11,33.0,501400000.0,16546200000.0,403887000.0,16142313000.0,427072000.0,2,7f5b6f7e-1c2d-4a4e-9a51-3a3f1d3c0a01
88addfcc-fc21-47d0-851d-6155ae50e0c7,0cc253f6-88c5-49b4-b48a-82b74ae67222,1a2a73ed-562b-4f79-8374-59eef50bea63,3b0b0e6c-5a36-4b8e-8c1e-0d7c5e2f9a11,28.5,514299999.99999994,14657549999.999998,357786000.0,14299763999.999998,438635000.0,3,7f5b6f7e-1c2d-4a4e-9a51-3a3f1d3c0a01
3697988b-1e2b-4aeb-9449-01c7bf254066,c4f40389-d61e-4816-bd7e-84661ce2829e,4b0dbb41-8d52-48f1-942c-3fe860e7a113,3b0b0e6c-5a36-4b8e-8c1e-0d7c5e2f9a11,115.0,753600000.0,86664000000.0,3342296000.0,83321704000.0,664458000.0,1,7f5b6f7e-1c2d-4a4e-9a51-3a3f1d3c0a01
b1905b77-a963-4ad7-8a45-c8f11e7dd2eb,f91e7cff-db66-4973-81d9-1bc688df3618,e2acf72f-9e57-4f7a-a0ee-89aed453dd32,3b0b0e6c-5a36-4b8e-8c1e-0d7c5e2f9a11,24.0,586200000.0,14068800000.0,253961000.0,13814839000.0,514362000.0,1,7f5b6f7e-1c2d-4a4e-9a51-3a3f1d3c0a01
995a0ddc-2425-49a4-9678-ba8c075e3dd7,f91e7cff-db66-4973-81d9-1bc688df3618,4b0dbb41-8d52-48f1-942c-3fe860e7a113,3b0b0e6c-5a36-4b8e-8c1e-0d7c5e2f9a11,16.0,588400000.0,9414400000.0,169942000.0,9244458000.0,524540000.0,2,7f5b6f7e-1c2d-4a4e-9a51-3a3f1d3c0a01
efd83630-e75d-4e7a-863b-c304cb2c8120,ffd32439-e7cb-4dda-9f23-dfd803c3c615,e2acf72f-9e57-4f7a-a0ee-89aed453dd32,3b0b0e6c-5a36-4b8e-8c1e-0d7c5e2f9a11,75.0,586200000.0,43965000000.0,1143677000.0,42821323000.0,514362000.0,1,7f5b6f7e-1c2d-4a4e-9a51-3a3f1d3c0a01
5c570883-0ce0-4134-ba28-4f4c6624458e,ffd32439-e7cb-4dda-9f23-dfd803c3c615,4b0dbb41-8d52-48f1-942c-3fe860e7a113,3b0b0e6c-5a36-4b8e-8c1e-0d7c5e2f9a11,30.0,588400000.0,17652000000.0,459188000.0,17192812000.0,524540000.0,2,7f5b6f7e-1c2d-4a4e-9a51-3a3f1d3c0a01
8c45b8c6-0dac-4276-bc40-f6e66243add6,a1289836-a18a-4da2-892b-0db592031e17,e2acf72f-9e57-4f7a-a0ee-89aed453dd32,3b0b0e6c-5a36-4b8e-8c1e-0d7c5e2f9a11,95.0,598500000.0,56857500000.0,1576722000.0,55280778000.0,518787000.0,1,7f5b6f7e-1c2d-4a4e-9a51-3a3f1d3c0a01
6e9e7841-499e-4051-8da8-101ed0960117,065e8031-9e20-4d2d-a12d-7ace25305568,3139d32c-93cd-49bf-9c94-1cf0dc98d2c1,3b0b0e6c-5a36-4b8e-8c1e-0d7c5e2f9a11,15.0,495500000.0,7432500000.0,114704000.0,7317796000.0,430226000.0,1,7f5b6f7e-1c2d-4a4e-9a51-3a3f1d3c0a01
7e005b5b-cfdc-44de-81c8-7bae8024164f,3dd4fa5b-3cba-4e55-bc58-4a2f74ed2c10,5be6128e-18c2-4797-a142-ea7d17be3111,3b0b0e6c-5a36-4b8e-8c1e-0d7c5e2f9a11,14.5,501400000.0,7270300000.0,162815000.0,7107485000.0,427072000.0,1,7f5b6f7e-1c2d-4a4e-9a51-3a3f1d3c0a01
fc274ca7-3d60-4151-ad28-86abf02b525f,3dd4fa5b-3cba-4e55-bc58-4a2f74ed2c10,1a2a73ed-562b-4f79-8374-59eef50bea63,3b0b0e6c-5a36-4b8e-8c1e-0d7c5e2f9a11,10.0,514299999.99999994,5142999999.999999,115175000.0,5027824999.999999,438635000.0,2,7f5b6f7e-1c2d-4a4e-9a51-3a3f1d3c0a01
68a381d7-fe2a-4078-b143-676d11be1b8f,3dd4fa5b-3cba-4e55-bc58-4a2f74ed2c10,43b7a3a6-9a8d-4a03-980d-7b71d8f56413,3b0b0e6c-5a36-4b8e-8c1e-0d7c5e2f9a11,10.0,524400000.0,5244000000.0,117437000.0,5126563000.0,448348000.0,3,7f5b6f7e-1c2d-4a4e-9a51-3a3f1d3c0a01
e9d288e2-6f79-4581-8745-74cfb817eb01,74e6f221-7b51-4621-8ea9-0bfd48a36314,bd9c66b3-ad3c-4d6d-9a3d-1fa7bc8960a9,3b0b0e6c-5a36-4b8e-8c1e-0d7c5e2f9a11,38.5,398100000.0,15326850000.0,345316000.0,14981534000.0,343426000.0,1,7f5b6f7e-1c2d-4a4e-9a51-3a3f1d3c0a01
e72db559-32d0-482a-9982-c9e8b7fa13e6,74e6f221-7b51-4621-8ea9-0bfd48a36314,bdd640fb-0667-4ad1-9c80-317fa3b1799d,3b0b0e6c-5a36-4b8e-8c1e-0d7c5e2f9a11,11.5,412700000.0,4746050000.0,106929000.0,4639121000.0,358572000.0,2,7f5b6f7e-1c2d-4a4e-9a51-3a3f1d3c0a01
4b515992-1944-40ac-9984-427217d8fbef,c38af334-eb71-46bf-96ef-f8980604f03b,23b8c1e9-3924-46de-beb1-3b9046685257,3b0b0e6c-5a36-4b8e-8c1e-0d7c5e2f9a11,13.5,355600000.0,4800600000.0,143379000.0,4657221000.0,321266000.0,1,7f5b6f7e-1c2d-4a4e-9a51-3a3f1d3c0a01
99e03f57-c7bc-4a67-83cd-8be3eb155107,c38af334-eb71-46bf-96ef-f8980604f03b,bd9c66b3-ad3c-4d6d-9a3d-1fa7bc8960a9,3b0b0e6c-5a36-4b8e-8c1e-0d7c5e2f9a11,6.5,349900000.0,2274350000.0,67928000.0,2206422000.0,316030000.0,2,7f5b6f7e-1c2d-4a4e-9a51-3a3f1d3c0a01
5118cc0f-1830-4e4d-8281-b9dc6eece3d7,c0cc115d-006b-489f-b124-9f7238708028,b74d0fb1-32e7-4629-8fad-c1a606cb0fb3,3b0b0e6c-5a36-4b8e-8c1e-0d7c5e2f9a11,45.0,424900000.0,19120500000.0,454474000.0,18666026000.0,377346000.0,1,7f5b6f7e-1c2d-4a4e-9a51-3a3f1d3c0a01
ed6dfdb6-0f38-4edc-9dcd-5f34e8b79f9f,d6ef8308-c883-4d75-9ac8-830473df5a9e,972a8469-1641-4f82-8b9d-2434e465e150,3b0b0e6c-5a36-4b8e-8c1e-0d7c5e2f9a11,18.5,340500000.0,6299250000.0,127575000.0,6171675000.0,310794000.0,1,7f5b6f7e-1c2d-4a4e-9a51-3a3f1d3c0a01
255b17a0-92c3-4189-a083-18385910f757,d6ef8308-c883-4d75-9ac8-830473df5a9e,9a1de644-815e-46d1-bb8f-aa1837f8a88b,3b0b0e6c-5a36-4b8e-8c1e-0d7c5e2f9a11,11.5,335600000.0,3859400000.0,78162000.0,3781238000.0,311355000.0,2,7f5b6f7e-1c2d-4a4e-9a51-3a3f1d3c0a01
54f43a6f-ef5c-4a83-93b8-97fddd7e7f9c,6b2de79b-2b31-46e8-b485-aebed077577f,17fc695a-07a0-4a6e-8822-e8f36c031199,3b0b0e6c-5a36-4b8e-8c1e-0d7c5e2f9a11,30.5,362300000.0,11050150000.0,164094000.0,10886056000.0,328559000.0,1,7f5b6f7e-1c2d-4a4e-9a51-3a3f1d3c0a01
abe346cd-1fe7-4e26-8440-ea7feb1ffd47,6b2de79b-2b31-46e8-b485-aebed077577f,bdd640fb-0667-4ad1-9c80-317fa3b1799d,3b0b0e6c-5a36-4b8e-8c1e-0d7c5e2f9a11,13.5,372600000.0,5030100000.0,74697000.0,4955403000.0,336320000.0,2,7f5b6f7e-1c2d-4a4e-9a51-3a3f1d3c0a01
36389d44-27ca-469c-9d4d-bf36f3c2e543,6b2de79b-2b31-46e8-b485-aebed077577f,9a1de644-815e-46d1-bb8f-aa1837f8a88b,3b0b0e6c-5a36-4b8e-8c1e-0d7c5e2f9a11,46.0,348100000.0,16012600000.0,237786000.0,15774814000.0,313786000.0,3,7f5b6f7e-1c2d-4a4e-9a51-3a3f1d3c0a01
a61fbeb1-22df-4fce-a34f-c8deb134a830,a3ffed99-d54d-4ccb-94d7-4cb68533bfef,371ecd7b-27cd-4130-8722-9389571aa876,3b0b0e6c-5a36-4b8e-8c1e-0d7c5e2f9a11,100.0,440500000.0,44050000000.0,926147000.0,43123853000.0,393084000.0,1,7f5b6f7e-1c2d-4a4e-9a51-3a3f1d3c0a01
d8427ab1-ce3a-4ff9-8f99-fe4978b443ce,69434f83-699f-47a9-a413-bbfa967794ed,ec1b8ca1-f91e-4d4c-9ff4-9b7889463e85,3b0b0e6c-5a36-4b8e-8c1e-0d7c5e2f9a11,75.0,626100000.0,46957500000.0,1939609000.0,45017891000.0,562910000.0,1,7f5b6f7e-1c2d-4a4e-9a51-3a3f1d3c0a01
16991265-aad8-466d-a963-0792ae8105e3,71e15cce-8d47-405f-9bbb-d77c6ece5825,43b7a3a6-9a8d-4a03-980d-7b71d8f56413,3b0b0e6c-5a36-4b8e-8c1e-0d7c5e2f9a11,88.0,464900000.0,40911200000.0,803028000.0,40108172000.0,425870000.0,1,7f5b6f7e-1c2d-4a4e-9a51-3a3f1d3c0a01
af7d748d-17e8-4298-8721-0198e440df45,71e15cce-8d47-405f-9bbb-d77c6ece5825,5be6128e-18c2-4797-a142-ea7d17be3111,3b0b0e6c-5a36-4b8e-8c1e-0d7c5e2f9a11,32.0,450400000.0,14412800000.0,282903000.0,14129897000.0,403948000.0,2,7f5b6f7e-1c2d-4a4e-9a51-3a3f1d3c0a01
be22d5f3-087b-41f0-ba2b-a9ad762ed6e1,701991b9-f26a-40d6-8921-2fae0198f644,e2acf72f-9e57-4f7a-a0ee-89aed453dd32,3b0b0e6c-5a36-4b8e-8c1e-0d7c5e2f9a11,230.0,712800000.0,163944000000.0,4175942000.0,159768058000.0,609676000.0,1,7f5b6f7e-1c2d-4a4e-9a51-3a3f1d3c0a01
f77ead00-2074-4d04-aa77-fb50a7cff8fc,b464107f-80d0-4df3-a1e7-31ab138e13cb,1a2a73ed-562b-4f79-8374-59eef50bea63,3b0b0e6c-5a36-4b8e-8c1e-0d7c5e2f9a11,62.5,537300000.0,33581250000.0,948787000.0,32632463000.0,503940000.0,1,7f5b6f7e-1c2d-4a4e-9a51-3a3f1d3c0a01
5f01b5ff-80c6-4589-ac60-e4568d1aac05,b464107f-80d0-4df3-a1e7-31ab138e13cb,5be6128e-18c2-4797-a142-ea7d17be3111,3b0b0e6c-5a36-4b8e-8c1e-0d7c5e2f9a11,12.5,536500000.0,6706250000.0,189475000.0,6516775000.0,491823000.0,2,7f5b6f7e-1c2d-4a4e-9a51-3a3f1d3c0a01
0d096a42-0976-418d-a28a-4ae8b5c2a469,1e83070f-5d97-4671-bad4-cd966f07cce8,43b7a3a6-9a8d-4a03-980d-7b71d8f56413,3b0b0e6c-5a36-4b8e-8c1e-0d7c5e2f9a11,2.0,584500000.0,1169000000.0,37946000.0,1131054000.0,525770000.0,1,7f5b6f7e-1c2d-4a4e-9a51-3a3f1d3c0a01
5620cb85-abd8-47ee-8191-0a17f93b0047,1e83070f-5d97-4671-bad4-cd966f07cce8,1a2a73ed-562b-4f79-8374-59eef50bea63,3b0b0e6c-5a36-4b8e-8c1e-0d7c5e2f9a11,12.0,572400000.0,6868800000.0,222964000.0,6645836000.0,507918000.0,2,7f5b6f7e-1c2d-4a4e-9a51-3a3f1d3c0a01
53b55213-cbf2-4a6f-bb8d-2f5195a650c6,1e83070f-5d97-4671-bad4-cd966f07cce8,5be6128e-18c2-4797-a142-ea7d17be3111,3b0b0e6c-5a36-4b8e-8c1e-0d7c5e2f9a11,11.0,563300000.0,6196300000.0,201134000.0,5995166000.0,506438000.0,3,7f5b6f7e-1c2d-4a4e-9a51-3a3f1d3c0a01
d1db846f-d714-4d26-8fa9-4b982cd819a3,94c4d14d-596a-4f77-9ac7-32443a98bfd8,1a2a73ed-562b-4f79-8374-59eef50bea63,3b0b0e6c-5a36-4b8e-8c1e-0d7c5e2f9a11,25.0,572400000.0,14310000000.0,299964000.0,14010036000.0,507918000.0,1,7f5b6f7e-1c2d-4a4e-9a51-3a3f1d3c0a01
5b5168ae-9219-4c89-8306-01199d246f66,7db56b57-47e5-4976-9182-b7abcef689e1,1a2a73ed-562b-4f79-8374-59eef50bea63,3b0b0e6c-5a36-4b8e-8c1e-0d7c5e2f9a11,35.0,435900000.0,15256500000.0,105763000.0,15150737000.0,400525000.0,1,7f5b6f7e-1c2d-4a4e-9a51-3a3f1d3c0a01
f8668d22-3054-4987-89d2-b4fb1007eaa8,08ea72f4-0b92-46ae-9ebc-b98457eaec9f,1a2a73ed-562b-4f79-8374-59eef50bea63,3b0b0e6c-5a36-4b8e-8c1e-0d7c5e2f9a11,45.0,452700000.0,20371500000.0,530724000.0,19840776000.0,403208000.0,1,7f5b6f7e-1c2d-4a4e-9a51-3a3f1d3c0a01
30a784e0-f924-4c2b-b2e0-dc55f07cfffb,86d4e34c-a359-42cf-a33d-8995422ad005,1a2a73ed-562b-4f79-8374-59eef50bea63,3b0b0e6c-5a36-4b8e-8c1e-0d7c5e2f9a11,14.5,461400000.0,6690300000.0,112846000.0,6577454000.0,418748000.0,1,7f5b6f7e-1c2d-4a4e-9a51-3a3f1d3c0a01
e80ccc4e-cea8-4b2d-9e9e-ec54298eed03,86d4e34c-a359-42cf-a33d-8995422ad005,5be6128e-18c2-4797-a142-ea7d17be3111,3b0b0e6c-5a36-4b8e-8c1e-0d7c5e2f9a11,18.0,450400000.0,8107200000.0,136745000.0,7970455000.0,403948000.0,2,7f5b6f7e-1c2d-4a4e-9a51-3a3f1d3c0a01
7c003288-70b0-4bb5-8e0c-251f86f06224,86d4e34c-a359-42cf-a33d-8995422ad005,43b7a3a6-9a8d-4a03-980d-7b71d8f56413,3b0b0e6c-5a36-4b8e-8c1e-0d7c5e2f9a11,7.5,464900000.0,3486750000.0,58811000.0,3427939000.0,425870000.0,3,7f5b6f7e-1c2d-4a4e-9a51-3a3f1d3c0a01
eed878d2-8ccb-4ab0-8954-1484f6fcbaf5,fc31d07a-7ba2-42d4-9ba3-a5f9fa02db80,fc377a4c-4a15-444d-85e7-ce8a3a578a8e,3b0b0e6c-5a36-4b8e-8c1e-0d7c5e2f9a11,6.5,560600000.0,3643900000.0,100909000.0,3542991000.0,463610000.0,1,7f5b6f7e-1c2d-4a4e-9a51-3a3f1d3c0a01
9df3cdf7-6711-42bd-9000-5b8492e2457c,fc31d07a-7ba2-42d4-9ba3-a5f9fa02db80,3139d32c-93cd-49bf-9c94-1cf0dc98d2c1,3b0b0e6c-5a36-4b8e-8c1e-0d7c5e2f9a11,13.5,548100000.0,7399350000.0,204907000.0,7194443000.0,456450000.0,2,7f5b6f7e-1c2d-4a4e-9a51-3a3f1d3c0a01
a0c075f6-f448-48b6-a823-49e722d61715,f2797657-efeb-48d9-bf35-5f45f7093e08,47378190-96da-4dac-b2ff-5d2a386ecbe0,3b0b0e6c-5a36-4b8e-8c1e-0d7c5e2f9a11,50.0,519000000.0,25950000000.0,788278000.0,25161722000.0,453566000.0,1,7f5b6f7e-1c2d-4a4e-9a51-3a3f1d3c0a01
9c20aa4f-6146-4c0f-93db-aba19f185a15,eb6feda7-4b97-4040-b9c2-6e913b48ea7b,ddd1dfb2-3b98-4ef8-9af6-1a26146d3f31,3b0b0e6c-5a36-4b8e-8c1e-0d7c5e2f9a11,165.0,322700000.0,53245500000.0,1354725000.0,51890775000.0,302868000.0,1,7f5b6f7e-1c2d-4a4e-9a51-3a3f1d3c0a01
44f2c80a-56f4-46bb-9848-4c413fdaee3b,a0ad80cd-323c-49f8-a31c-18f2f7d5c39a,23b8c1e9-3924-46de-beb1-3b9046685257,3b0b0e6c-5a36-4b8e-8c1e-0d7c5e2f9a11,55.0,343600000.0,18898000000.0,564706000.0,18333294000.0,320424000.0,1,7f5b6f7e-1c2d-4a4e-9a51-3a3f1d3c0a01
ef69fede-6bc0-4912-ace2-8ba6faed12a0,3bf718cd-1446-46d2-88ba-622314f7f432,371ecd7b-27cd-4130-8722-9389571aa876,3b0b0e6c-5a36-4b8e-8c1e-0d7c5e2f9a11,125.0,430200000.0,53775000000.0,1663104000.0,52111896000.0,383385000.0,1,7f5b6f7e-1c2d-4a4e-9a51-3a3f1d3c0a01
f49a053a-8abf-4005-b97e-1807dcf08be4,16542295-3575-4099-9ea2-630bb6d6cf04,1a2a73ed-562b-4f79-8374-59eef50bea63,3b0b0e6c-5a36-4b8e-8c1e-0d7c5e2f9a11,265.0,514299999.99999994,136289499999.99998,3348490000.0,132941009999.99998,438635000.0,1,7f5b6f7e-1c2d-4a4e-9a51-3a3f1d3c0a01
a318a25e-35ad-4682-8114-c04e6c3ab35e,61cf0dfc-9c2c-434b-aff9-595f2457622b,a9488d99-0bbb-4599-91ce-5dd2b45ed1f0,3b0b0e6c-5a36-4b8e-8c1e-0d7c5e2f9a11,440.0,578500000.0,254540000000.0,11404784000.0,243135216000.0,509344000.0,1,7f5b6f7e-1c2d-4a4e-9a51-3a3f1d3c0a01
c13caabe-436f-4f8e-a3b8-5626e629b348,9f50a293-4a8d-442b-8009-f032a4422a48,b74d0fb1-32e7-4629-8fad-c1a606cb0fb3,3b0b0e6c-5a36-4b8e-8c1e-0d7c5e2f9a11,8.5,519600000.0,4416600000.0,178272000.0,4238328000.0,467199000.0,1,7f5b6f7e-1c2d-4a4e-9a51-3a3f1d3c0a01
1ff7ce5a-ab8d-4921-9ad6-28783cec197e,9f50a293-4a8d-442b-8009-f032a4422a48,6c307511-b2b9-437a-a8df-6ec4ce4a2bbd,3b0b0e6c-5a36-4b8e-8c1e-0d7c5e2f9a11,96.5,502600000.0,48500900000.0,1957696000.0,46543204000.0,451278000.0,2,7f5b6f7e-1c2d-4a4e-9a51-3a3f1d3c0a01
94c4db7f-9ac8-4fa3-961d-02072a700c2e,7e473bbd-9721-4dfe-b4a4-4e7c247175b5,3139d32c-93cd-49bf-9c94-1cf0dc98d2c1,3b0b0e6c-5a36-4b8e-8c1e-0d7c5e2f9a11,115.0,581300000.0,66849500000.0,2574310000.0,64275190000.0,522859000.0,1,7f5b6f7e-1c2d-4a4e-9a51-3a3f1d3c0a01
d34f7d7a-8de4-4fbb-9ed8-80a65237c969,7708ab32-6a23-4e38-8d2e-1ec08fbffd48,5be6128e-18c2-4797-a142-ea7d17be3111,3b0b0e6c-5a36-4b8e-8c1e-0d7c5e2f9a11,340.0,430400000.0,146336000000.0,3159000000.0,143177000000.0,396640000.0,1,7f5b6f7e-1c2d-4a4e-9a51-3a3f1d3c0a01
5b6a9cd3-bfa3-4d79-ab51-335af28383e6,4efc8e8f-dea2-4a39-b78e-2449ceb93d54,43b7a3a6-9a8d-4a03-980d-7b71d8f56413,3b0b0e6c-5a36-4b8e-8c1e-0d7c5e2f9a11,105.0,568400000.0,59682000000.0,2004980000.0,57677020000.0,518092000.0,1,7f5b6f7e-1c2d-4a4e-9a51-3a3f1d3c0a01
54d41d44-ff38-4250-92bc-dc5b8a764633,21d20191-3bd0-4178-a93b-34ae92a46107,759cde66-bacf-43d0-8b1f-9163ce9ff57f,3b0b0e6c-5a36-4b8e-8c1e-0d7c5e2f9a11,15.0,645500000.0,9682500000.0,208415000.0,9474085000.0,580920000.0,1,7f5b6f7e-1c2d-4a4e-9a51-3a3f1d3c0a01
2ab93f04-9717-492d-8bbf-9c43540e8428,2f0b28c8-16b0-47a9-abe3-5f72f43eb0d6,fc377a4c-4a15-444d-85e7-ce8a3a578a8e,3b0b0e6c-5a36-4b8e-8c1e-0d7c5e2f9a11,60.0,626000000.0,37560000000.0,1069192000.0,36490808000.0,541117000.0,1,7f5b6f7e-1c2d-4a4e-9a51-3a3f1d3c0a01
80279b21-ccf9-4870-bf08-f9b5ba2e1cfc,772e66e1-0b3d-41af-96f3-19792751a2ee,9a1de644-815e-46d1-bb8f-aa1837f8a88b,3b0b0e6c-5a36-4b8e-8c1e-0d7c5e2f9a11,40.0,409200000.0,16368000000.0,384304000.0,15983696000.0,378582000.0,1,7f5b6f7e-1c2d-4a4e-9a51-3a3f1d3c0a01
c13cbf89-6acc-4943-bff2-72b794d5e71b,85490478-c3e1-4978-be21-fc3ef7c9b9d5,1a2a73ed-562b-4f79-8374-59eef50bea63,3b0b0e6c-5a36-4b8e-8c1e-0d7c5e2f9a11,50.0,572400000.0,28620000000.0,733463000.0,27886537000.0,507918000.0,1,7f5b6f7e-1c2d-4a4e-9a51-3a3f1d3c0a01
2a758264-902e-4898-a175-2665fe8a9747,8def94e7-fc37-404f-905a-d86d09ba9ff3,9a1de644-815e-46d1-bb8f-aa1837f8a88b,3b0b0e6c-5a36-4b8e-8c1e-0d7c5e2f9a11,145.0,255100000.0,36989500000.0,1416022000.0,35573478000.0,234030000.0,1,7f5b6f7e-1c2d-4a4e-9a51-3a3f1d3c0a01
f0f0e6f4-0d4a-47cf-a0d2-b26186bc06cf,233a5ad5-d9da-4fa9-a53e-3ec4e1102b0c,5be6128e-18c2-4797-a142-ea7d17be3111,3b0b0e6c-5a36-4b8e-8c1e-0d7c5e2f9a11,85.0,337200000.0,28662000000.0,934990000.0,27727010000.0,308950000.0,1,7f5b6f7e-1c2d-4a4e-9a51-3a3f1d3c0a01
e667791f-454d-4458-82cc-d3c0ca1826e9,48dcb3e7-40e5-4954-abb8-0bc08513be1f,ddd1dfb2-3b98-4ef8-9af6-1a26146d3f31,3b0b0e6c-5a36-4b8e-8c1e-0d7c5e2f9a11,195.0,268600000.0,52377000000.0,2007439000.0,50369561000.0,252672000.0,1,7f5b6f7e-1c2d-4a4e-9a51-3a3f1d3c0a01
0526b0a9-58cf-4cb0-94e2-15f5b9c6a6a3,3546e76f-f4de-4034-a7eb-5f00f2499b8b,1a2a73ed-562b-4f79-8374-59eef50bea63,3b0b0e6c-5a36-4b8e-8c1e-0d7c5e2f9a11,95.0,368300000.0,34988500000.0,1279861000.0,33708639000.0,336515000.0,1,7f5b6f7e-1c2d-4a4e-9a51-3a3f1d3c0a01
f3b19a3d-aeac-4238-ae16-cfa87880edd3,0d0151d0-17a0-4e72-8597-9c34c1148050,3139d32c-93cd-49bf-9c94-1cf0dc98d2c1,3b0b0e6c-5a36-4b8e-8c1e-0d7c5e2f9a11,185.0,495500000.0,91667500000.0,3158731000.0,88508769000.0,430226000.0,1,7f5b6f7e-1c2d-4a4e-9a51-3a3f1d3c0a01
b7e3215e-6a55-4ee7-b54e-7bd354439919,42792f10-f378-4b96-91c6-a31365513219,9a1de644-815e-46d1-bb8f-aa1837f8a88b,3b0b0e6c-5a36-4b8e-8c1e-0d7c5e2f9a11,40.0,409200000.0,16368000000.0,574804000.0,15793196000.0,378582000.0,1,7f5b6f7e-1c2d-4a4e-9a51-3a3f1d3c0a01
3ea7b56d-f44a-42cb-a684-55e57edb7c32,42792f10-f378-4b96-91c6-a31365513219,23b8c1e9-3924-46de-beb1-3b9046685257,3b0b0e6c-5a36-4b8e-8c1e-0d7c5e2f9a11,20.0,426700000.0,8534000000.0,299693000.0,8234307000.0,396253000.0,2,7f5b6f7e-1c2d-4a4e-9a51-3a3f1d3c0a01
a01b9d62-fdb2-4fdc-81ae-44d99d0064fe,42792f10-f378-4b96-91c6-a31365513219,bdd640fb-0667-4ad1-9c80-317fa3b1799d,3b0b0e6c-5a36-4b8e-8c1e-0d7c5e2f9a11,35.5,441800000.0,15683900000.0,550780000.0,15133120000.0,406351000.0,3,7f5b6f7e-1c2d-4a4e-9a51-3a3f1d3c0a01
6415657c-1cb8-4ece-a584-578ae5da0465,8b2a56f1-e68c-46b6-938f-65e0d5865f50,ddd1dfb2-3b98-4ef8-9af6-1a26146d3f31,3b0b0e6c-5a36-4b8e-8c1e-0d7c5e2f9a11,110.0,410400000.0,45144000000.0,2045132000.0,43098868000.0,382298000.0,1,7f5b6f7e-1c2d-4a4e-9a51-3a3f1d3c0a01
b3400aa9-5692-46f0-8ecc-7b5bc67fa4e1,7a32b78f-6061-44c8-b065-297e0587247c,972a8469-1641-4f82-8b9d-2434e465e150,3b0b0e6c-5a36-4b8e-8c1e-0d7c5e2f9a11,70.0,438400000.0,30688000000.0,1070859000.0,29617141000.0,396814000.0,1,7f5b6f7e-1c2d-4a4e-9a51-3a3f1d3c0a01
27b028e6-7c06-4ebe-a030-7928f04e7dba,2ab1566f-a0ab-4667-b9b6-336017cc8fe8,c241330b-01a9-471f-9e8a-774bcf36d58b,3b0b0e6c-5a36-4b8e-8c1e-0d7c5e2f9a11,8.0,371000000.0,2968000000.0,52128000.0,2915872000.0,333884000.0,1,7f5b6f7e-1c2d-4a4e-9a51-3a3f1d3c0a01
dd506110-06c0-4e18-82cd-88ce86600b57,2ab1566f-a0ab-4667-b9b6-336017cc8fe8,371ecd7b-27cd-4130-8722-9389571aa876,3b0b0e6c-5a36-4b8e-8c1e-0d7c5e2f9a11,17.0,340200000.0,5783400000.0,101576000.0,5681824000.0,303506000.0,2,7f5b6f7e-1c2d-4a4e-9a51-3a3f1d3c0a01
a860c075-6ca2-4735-8b43-43815bc0beae,cfb30ad9-0d43-4cf4-905b-b2bb720dc48f,43b7a3a6-9a8d-4a03-980d-7b71d8f56413,3b0b0e6c-5a36-4b8e-8c1e-0d7c5e2f9a11,45.0,379200000.0,17064000000.0,472489000.0,16591511000.0,340770000.0,1,7f5b6f7e-1c2d-4a4e-9a51-3a3f1d3c0a01
7a546689-5c91-4d02-84a8-25765cea0737,2575134f-73de-46a2-9d77-b0689df8815d,43b7a3a6-9a8d-4a03-980d-7b71d8f56413,3b0b0e6c-5a36-4b8e-8c1e-0d7c5e2f9a11,14.0,431300000.0,6038200000.0,118246000.0,5919954000.0,350760000.0,1,7f5b6f7e-1c2d-4a4e-9a51-3a3f1d3c0a01
98643a89-5d45-400b-99e7-5e3acd633276,2575134f-73de-46a2-9d77-b0689df8815d,5be6128e-18c2-4797-a142-ea7d17be3111,3b0b0e6c-5a36-4b8e-8c1e-0d7c5e2f9a11,26.0,419800000.0,10914800000.0,213745000.0,10701055000.0,333462000.0,2,7f5b6f7e-1c2d-4a4e-9a51-3a3f1d3c0a01
041874f9-4f4d-4294-a19b-f29af42760a7,08b6866f-1e8e-488f-93dc-306374b1fd87,6c307511-b2b9-437a-a8df-6ec4ce4a2bbd,3b0b0e6c-5a36-4b8e-8c1e-0d7c5e2f9a11,40.0,411900000.0,16476000000.0,302378000.0,16173622000.0,364536000.0,1,7f5b6f7e-1c2d-4a4e-9a51-3a3f1d3c0a01
fc2c5a88-d25d-4ca0-aa9c-10a3c318ecc2,7390cf8d-c01f-400a-8fdc-417c523a5fc0,c241330b-01a9-471f-9e8a-774bcf36d58b,3b0b0e6c-5a36-4b8e-8c1e-0d7c5e2f9a11,16.5,438400000.0,7233600000.0,162859000.0,7070741000.0,414770000.0,1,7f5b6f7e-1c2d-4a4e-9a51-3a3f1d3c0a01
b8b56d08-602e-40d9-8740-eb72199ba976,7390cf8d-c01f-400a-8fdc-417c523a5fc0,6b65a6a4-8b81-48f6-b38a-088ca65ed389,3b0b0e6c-5a36-4b8e-8c1e-0d7c5e2f9a11,13.5,404800000.0,5464800000.0,123036000.0,5341764000.0,389882000.0,2,7f5b6f7e-1c2d-4a4e-9a51-3a3f1d3c0a01
df75b09d-5fb6-4e54-80f4-2d1c86001d4e,75b420a5-7870-460c-9de8-06cfdae477d4,1a2a73ed-562b-4f79-8374-59eef50bea63,3b0b0e6c-5a36-4b8e-8c1e-0d7c5e2f9a11,60.0,452700000.0,27162000000.0,605678000.0,26556322000.0,403208000.0,1,7f5b6f7e-1c2d-4a4e-9a51-3a3f1d3c0a01
bdc93dc5-3ada-40bc-abf0-d5d332947e15,a7be898f-b431-4b48-8b32-4e1305fb2492,5be6128e-18c2-4797-a142-ea7d17be3111,3b0b0e6c-5a36-4b8e-8c1e-0d7c5e2f9a11,25.0,430400000.0,10760000000.0,137261000.0,10622739000.0,396640000.0,1,7f5b6f7e-1c2d-4a4e-9a51-3a3f1d3c0a01
7d9aff02-db4d-431a-b7eb-41cab03190f6,73c4e258-edb3-4556-8d16-5b54548324de,47378190-96da-4dac-b2ff-5d2a386ecbe0,3b0b0e6c-5a36-4b8e-8c1e-0d7c5e2f9a11,130.0,422000000.0,54860000000.0,914645000.0,53945355000.0,377072000.0,1,7f5b6f7e-1c2d-4a4e-9a51-3a3f1d3c0a01
52f69a21-bf5b-45a2-9cd8-02cbe3f48c97,67fc576f-3ae8-4e16-b5b1-230a3f5d287f,5be6128e-18c2-4797-a142-ea7d17be3111,3b0b0e6c-5a36-4b8e-8c1e-0d7c5e2f9a11,12.0,461700000.0,5540400000.0,140751000.0,5399649000.0,425222000.0,1,7f5b6f7e-1c2d-4a4e-9a51-3a3f1d3c0a01
9a40e9fb-94e3-4cac-9aba-ca56ab65ed54,67fc576f-3ae8-4e16-b5b1-230a3f5d287f,43b7a3a6-9a8d-4a03-980d-7b71d8f56413,3b0b0e6c-5a36-4b8e-8c1e-0d7c5e2f9a11,15.0,484700000.0,7270500000.0,184703000.0,7085797000.0,430218000.0,2,7f5b6f7e-1c2d-4a4e-9a51-3a3f1d3c0a01
f7cb1d4b-ba19-4a69-a4ae-48c013e13ba5,67fc576f-3ae8-4e16-b5b1-230a3f5d287f,1a2a73ed-562b-4f79-8374-59eef50bea63,3b0b0e6c-5a36-4b8e-8c1e-0d7c5e2f9a11,7.5,474200000.0,3556500000.0,90351000.0,3466149000.0,420135000.0,3,7f5b6f7e-1c2d-4a4e-9a51-3a3f1d3c0a01
7549041d-8326-4a04-b1a4-6a0d28045cb9,c6003201-4540-4da0-85f3-1a2aeb830bbf,17fc695a-07a0-4a6e-8822-e8f36c031199,3b0b0e6c-5a36-4b8e-8c1e-0d7c5e2f9a11,60.0,423300000.0,25398000000.0,723073000.0,24674927000.0,392606000.0,1,7f5b6f7e-1c2d-4a4e-9a51-3a3f1d3c0a01
e32d3110-7397-44dc-a9ca-fa0e5fd6b0a7,c2d275ed-0d8c-41a6-bd3e-0e8fc70ec6ab,1a2a73ed-562b-4f79-8374-59eef50bea63,3b0b0e6c-5a36-4b8e-8c1e-0d7c5e2f9a11,355.0,445700000.0,158223500000.0,5500223000.0,152723277000.0,404872000.0,1,7f5b6f7e-1c2d-4a4e-9a51-3a3f1d3c0a01
bd5d8cdc-e894-4097-9d10-4b2de4480f66,da53aae0-19bc-40ca-a562-32abcb6b560a,c241330b-01a9-471f-9e8a-774bcf36d58b,3b0b0e6c-5a36-4b8e-8c1e-0d7c5e2f9a11,65.0,450600000.0,29289000000.0,1082202000.0,28206798000.0,402234000.0,1,7f5b6f7e-1c2d-4a4e-9a51-3a3f1d3c0a01
7fb0e122-235e-40d0-89d9-29fe994cf511,079aa587-5a03-4b68-887d-8ba0e86e9c14,6c307511-b2b9-437a-a8df-6ec4ce4a2bbd,3b0b0e6c-5a36-4b8e-8c1e-0d7c5e2f9a11,30.0,318900000.0,9567000000.0,223378000.0,9343622000.0,284931000.0,1,7f5b6f7e-1c2d-4a4e-9a51-3a3f1d3c0a01
f083801f-1238-4afe-81e1-63d62deead61,b3fcbd10-8bbb-43ce-872b-9ee5432814d6,6c307511-b2b9-437a-a8df-6ec4ce4a2bbd,3b0b0e6c-5a36-4b8e-8c1e-0d7c5e2f9a11,35.0,411900000.0,14416500000.0,290930000.0,14125570000.0,364536000.0,1,7f5b6f7e-1c2d-4a4e-9a51-3a3f1d3c0a01
ff6db2de-b830-4d66-8ac9-8045530a7cdf,485bf3b1-725a-4c43-ad52-8eb144ac1cc1,47378190-96da-4dac-b2ff-5d2a386ecbe0,3b0b0e6c-5a36-4b8e-8c1e-0d7c5e2f9a11,25.0,435900000.0,10897500000.0,233158000.0,10664342000.0,396927000.0,1,7f5b6f7e-1c2d-4a4e-9a51-3a3f1d3c0a01
dea29395-ef1a-497c-99ae-25eb07da8d0b,fc7ae3fe-5f7c-412b-8398-3a64bc6eea2e,6c307511-b2b9-437a-a8df-6ec4ce4a2bbd,3b0b0e6c-5a36-4b8e-8c1e-0d7c5e2f9a11,9.5,477700000.0,4538150000.0,87791000.0,4450359000.0,398116000.0,1,7f5b6f7e-1c2d-4a4e-9a51-3a3f1d3c0a01
cd4156dc-2717-42cf-a9c1-2fae17ef6052,fc7ae3fe-5f7c-412b-8398-3a64bc6eea2e,b74d0fb1-32e7-4629-8fad-c1a606cb0fb3,3b0b0e6c-5a36-4b8e-8c1e-0d7c5e2f9a11,30.5,490800000.0,14969400000.0,289586000.0,14679814000.0,414038000.0,2,7f5b6f7e-1c2d-4a4e-9a51-3a3f1d3c0a01
9ba545c1-0103-4195-8915-9cdc9112082c,a3fa6904-5d43-4bd2-9f19-35469ad0a635,c241330b-01a9-471f-9e8a-774bcf36d58b,3b0b0e6c-5a36-4b8e-8c1e-0d7c5e2f9a11,50.0,533700000.00000006,26685000000.000004,377519000.0,26307481000.000004,475892000.0,1,7f5b6f7e-1c2d-4a4e-9a51-3a3f1d3c0a01
5b268eb2-10c3-4838-aabd-81be4ca4459a,24684713-96c5-48df-92a2-1640a9dc6c59,43b7a3a6-9a8d-4a03-980d-7b71d8f56413,3b0b0e6c-5a36-4b8e-8c1e-0d7c5e2f9a11,25.0,584500000.0,14612500000.0,328453000.0,14284047000.0,525770000.0,1,7f5b6f7e-1c2d-4a4e-9a51-3a3f1d3c0a01
69afbbf5-b8c6-4bf5-97c3-93414fd543ff,db64db12-169c-43f6-8ac5-4769abe6cd6f,6b65a6a4-8b81-48f6-b38a-088ca65ed389,3b0b0e6c-5a36-4b8e-8c1e-0d7c5e2f9a11,105.0,331500000.0,34807500000.0,1007975000.0,33799525000.0,311649000.0,1,7f5b6f7e-1c2d-4a4e-9a51-3a3f1d3c0a01
09c5057a-a60e-45dd-8369-21b8b0286441,bb932d9b-9455-4127-ae21-3cd574293a51,c241330b-01a9-471f-9e8a-774bcf36d58b,3b0b0e6c-5a36-4b8e-8c1e-0d7c5e2f9a11,12.0,437700000.0,5252400000.0,180451000.0,5071949000.0,392718000.0,1,7f5b6f7e-1c2d-4a4e-9a51-3a3f1d3c0a01
7938e1e3-d03e-46f5-9c58-24c660ba57c0,bb932d9b-9455-4127-ae21-3cd574293a51,6c307511-b2b9-437a-a8df-6ec4ce4a2bbd,3b0b0e6c-5a36-4b8e-8c1e-0d7c5e2f9a11,63.0,400400000.0,25225200000.0,866637000.0,24358563000.0,361242000.0,2,7f5b6f7e-1c2d-4a4e-9a51-3a3f1d3c0a01
70112cc5-572b-4334-bee5-0ce6782a8ecf,19297a82-07fe-4abc-8e09-013ca9f00fc5,23b8c1e9-3924-46de-beb1-3b9046685257,3b0b0e6c-5a36-4b8e-8c1e-0d7c5e2f9a11,110.0,348000000.0,38280000000.0,663927000.0,37616073000.0,318180000.0,1,7f5b6f7e-1c2d-4a4e-9a51-3a3f1d3c0a01
ebc47f00-b2fb-4504-92bc-d618982a8ed2,ac21079a-2165-412c-8552-448d3afdb01e,1a2a73ed-562b-4f79-8374-59eef50bea63,3b0b0e6c-5a36-4b8e-8c1e-0d7c5e2f9a11,85.0,445700000.0,37884500000.0,1049048000.0,36835452000.0,404872000.0,1,7f5b6f7e-1c2d-4a4e-9a51-3a3f1d3c0a01
d78f6bfb-5c28-42bb-b18c-6373b9c3dcc1,f1931b46-3005-4132-84e1-80b34829b7fb,6c307511-b2b9-437a-a8df-6ec4ce4a2bbd,3b0b0e6c-5a36-4b8e-8c1e-0d7c5e2f9a11,98.5,411900000.0,40572150000.0,1409168000.0,39162982000.0,364536000.0,1,7f5b6f7e-1c2d-4a4e-9a51-3a3f1d3c0a01
5718d848-0653-4c53-b70e-fb43440eec51,f1931b46-3005-4132-84e1-80b34829b7fb,371ecd7b-27cd-4130-8722-9389571aa876,3b0b0e6c-5a36-4b8e-8c1e-0d7c5e2f9a11,151.5,422800000.0,64054200000.0,2224756000.0,61829444000.0,377804000.0,2,7f5b6f7e-1c2d-4a4e-9a51-3a3f1d3c0a01
ea75e49b-5a6b-48d9-972f-6bca75cc1c9c,3f954994-1c1e-4914-93d4-6f788c4b1ca2,ddd1dfb2-3b98-4ef8-9af6-1a26146d3f31,3b0b0e6c-5a36-4b8e-8c1e-0d7c5e2f9a11,130.0,322200000.0,41886000000.0,1369620000.0,40516380000.0,321104000.0,1,7f5b6f7e-1c2d-4a4e-9a51-3a3f1d3c0a01
c929d086-fadf-4dea-838c-b87467c09e21,5dfcb1b4-1a7f-4381-b42a-9e5eb0e6aa33,a9488d99-0bbb-4599-91ce-5dd2b45ed1f0,3b0b0e6c-5a36-4b8e-8c1e-0d7c5e2f9a11,70.0,466500000.0,32655000000.0,671368000.0,31983632000.0,416444000.0,1,7f5b6f7e-1c2d-4a4e-9a51-3a3f1d3c0a01
db32683a-d57e-4edf-a896-2fdc906f7ea9,20cbdd17-d2dc-4eab-8601-59928a9409af,972a8469-1641-4f82-8b9d-2434e465e150,3b0b0e6c-5a36-4b8e-8c1e-0d7c5e2f9a11,98.5,340500000.0,33539250000.0,841676000.0,32697574000.0,310794000.0,1,7f5b6f7e-1c2d-4a4e-9a51-3a3f1d3c0a01
db78269e-cffa-4700-9fb3-7294db71a9a0,20cbdd17-d2dc-4eab-8601-59928a9409af,bdd640fb-0667-4ad1-9c80-317fa3b1799d,3b0b0e6c-5a36-4b8e-8c1e-0d7c5e2f9a11,36.5,359700000.0,13129050000.0,329477000.0,12799573000.0,326034000.0,2,7f5b6f7e-1c2d-4a4e-9a51-3a3f1d3c0a01
1b108d5f-fdb0-4549-a283-97c74997224b,3ce54d6a-297a-4b4a-a709-de584cfcff8c,3139d32c-93cd-49bf-9c94-1cf0dc98d2c1,3b0b0e6c-5a36-4b8e-8c1e-0d7c5e2f9a11,230.0,587400000.0,135102000000.0,3092899000.0,132009101000.0,520264000.0,1,7f5b6f7e-1c2d-4a4e-9a51-3a3f1d3c0a01
7413a607-4d48-4f84-a0dd-9e6def6e5761,7ae28d23-0a0e-41e9-8a45-3d65d60b97d5,bdd640fb-0667-4ad1-9c80-317fa3b1799d,3b0b0e6c-5a36-4b8e-8c1e-0d7c5e2f9a11,170.0,460700000.0,78319000000.0,1746855000.0,76572145000.0,419348000.0,1,7f5b6f7e-1c2d-4a4e-9a51-3a3f1d3c0a01
e4aa046b-15ca-400d-b568-d15577e8684e,5d0056ba-f323-4319-9f6c-0c76a78d9a50,43b7a3a6-9a8d-4a03-980d-7b71d8f56413,3b0b0e6c-5a36-4b8e-8c1e-0d7c5e2f9a11,66.5,368400000.0,24498600000.0,661855000.0,23836745000.0,338458000.0,1,7f5b6f7e-1c2d-4a4e-9a51-3a3f1d3c0a01
8b4205ae-782b-4d0a-ba29-56b7f54793af,5d0056ba-f323-4319-9f6c-0c76a78d9a50,5be6128e-18c2-4797-a142-ea7d17be3111,3b0b0e6c-5a36-4b8e-8c1e-0d7c5e2f9a11,88.5,353600000.0,31293600000.0,845429000.0,30448171000.0,328468000.0,2,7f5b6f7e-1c2d-4a4e-9a51-3a3f1d3c0a01
93229874-df67-41eb-88d7-e6e49d579802,2938bd4c-601c-4734-9a3a-39397377a96f,43b7a3a6-9a8d-4a03-980d-7b71d8f56413,3b0b0e6c-5a36-4b8e-8c1e-0d7c5e2f9a11,90.0,440200000.0,39618000000.0,990601000.0,38627399000.0,398952000.0,1,7f5b6f7e-1c2d-4a4e-9a51-3a3f1d3c0a01
ac73c302-764c-4da9-b4ed-a786d4b62575,14ebdf32-9c73-418f-95ea-4cd58cf6c0d5,5be6128e-18c2-4797-a142-ea7d17be3111,3b0b0e6c-5a36-4b8e-8c1e-0d7c5e2f9a11,82.5,436700000.0,36027750000.0,640677000.0,35387073000.0,398120000.0,1,7f5b6f7e-1c2d-4a4e-9a51-3a3f1d3c0a01
149280f5-fa06-4172-865c-8e7ecce6a2e4,14ebdf32-9c73-418f-95ea-4cd58cf6c0d5,43b7a3a6-9a8d-4a03-980d-7b71d8f56413,3b0b0e6c-5a36-4b8e-8c1e-0d7c5e2f9a11,102.5,460400000.0,47191000000.0,839192000.0,46351808000.0,413660000.0,2,7f5b6f7e-1c2d-4a4e-9a51-3a3f1d3c0a01
0d4db478-4c22-499f-819d-e755133602e9,dee9d461-336b-48d6-be77-24da5e67000d,5be6128e-18c2-4797-a142-ea7d17be3111,3b0b0e6c-5a36-4b8e-8c1e-0d7c5e2f9a11,115.0,459700000.0,52865500000.0,726801000.0,52138699000.0,416620000.0,1,7f5b6f7e-1c2d-4a4e-9a51-3a3f1d3c0a01
a61c814c-03cd-4454-bdf2-31bee12c2c18,a73882d9-6a91-402d-8b7a-f5b72323cb9c,43b7a3a6-9a8d-4a03-980d-7b71d8f56413,3b0b0e6c-5a36-4b8e-8c1e-0d7c5e2f9a11,120.0,464900000.0,55788000000.0,1669160000.0,54118840000.0,425870000.0,1,7f5b6f7e-1c2d-4a4e-9a51-3a3f1d3c0a01
2e6698a3-ff12-4b3a-b211-9df4c6521539,fdf76712-a9d4-4e63-8881-fa8a89d0c1f9,4b0dbb41-8d52-48f1-942c-3fe860e7a113,3b0b0e6c-5a36-4b8e-8c1e-0d7c5e2f9a11,55.0,631800000.0,34749000000.0,953152000.0,33795848000.0,551886000.0,1,7f5b6f7e-1c2d-4a4e-9a51-3a3f1d3c0a01
14007723-3b7b-4f28-bd83-1bbc16a19be4,de1cf145-7616-4c4a-a3de-5aaece431b60,c241330b-01a9-471f-9e8a-774bcf36d58b,3b0b0e6c-5a36-4b8e-8c1e-0d7c5e2f9a11,120.0,465100000.0,55812000000.0,1407831000.0,54404169000.0,412299000.0,1,7f5b6f7e-1c2d-4a4e-9a51-3a3f1d3c0a01
e0098e56-791c-4b8a-90ad-ef15d45fa73a,0ac90766-c94b-4ead-85b9-e5db7a9e29d6,b74d0fb1-32e7-4629-8fad-c1a606cb0fb3,3b0b0e6c-5a36-4b8e-8c1e-0d7c5e2f9a11,28.0,417600000.0,11692800000.0,207789000.0,11485011000.0,399306000.0,1,7f5b6f7e-1c2d-4a4e-9a51-3a3f1d3c0a01
c981aca1-38f6-42b6-adb3-16c9016df0e6,0ac90766-c94b-4ead-85b9-e5db7a9e29d6,371ecd7b-27cd-4130-8722-9389571aa876,3b0b0e6c-5a36-4b8e-8c1e-0d7c5e2f9a11,12.0,406600000.0,4879200000.0,86707000.0,4792493000.0,386862000.0,2,7f5b6f7e-1c2d-4a4e-9a51-3a3f1d3c0a01
a947f9cc-fb3e-46c3-9a35-bf7b19dcd353,824757da-ea95-49a7-8793-10bda605c617,1a2a73ed-562b-4f79-8374-59eef50bea63,3b0b0e6c-5a36-4b8e-8c1e-0d7c5e2f9a11,15.0,368300000.0,5524500000.0,106887000.0,5417613000.0,336515000.0,1,7f5b6f7e-1c2d-4a4e-9a51-3a3f1d3c0a01
afdbe7ad-35e6-4d9b-a036-7f5ca6c76898,1d3916d5-a7ad-4a3d-ab42-d4b332b56dbb,b74d0fb1-32e7-4629-8fad-c1a606cb0fb3,3b0b0e6c-5a36-4b8e-8c1e-0d7c5e2f9a11,50.0,424900000.0,21245000000.0,270964000.0,20974036000.0,377346000.0,1,7f5b6f7e-1c2d-4a4e-9a51-3a3f1d3c0a01
5fa73e50-4a20-4aca-a4a6-dd367d33f090,ccfd6fa0-98fb-48bc-b7d8-b2a50577333e,5be6128e-18c2-4797-a142-ea7d17be3111,3b0b0e6c-5a36-4b8e-8c1e-0d7c5e2f9a11,28.0,436700000.0,12227600000.0,196578000.0,12031022000.0,398120000.0,1,7f5b6f7e-1c2d-4a4e-9a51-3a3f1d3c0a01
cbb66d00-bb5c-466e-b219-42c6d8e91fdf,ccfd6fa0-98fb-48bc-b7d8-b2a50577333e,43b7a3a6-9a8d-4a03-980d-7b71d8f56413,3b0b0e6c-5a36-4b8e-8c1e-0d7c5e2f9a11,37.0,460400000.0,17034800000.0,273861000.0,16760939000.0,413660000.0,2,7f5b6f7e-1c2d-4a4e-9a51-3a3f1d3c0a01
b3d1a2f3-d7ae-44d7-8c97-29b374570722,3d185c54-d71f-465b-b305-caf397571b76,5be6128e-18c2-4797-a142-ea7d17be3111,3b0b0e6c-5a36-4b8e-8c1e-0d7c5e2f9a11,20.0,461700000.0,9234000000.0,106469000.0,9127531000.0,425222000.0,1,7f5b6f7e-1c2d-4a4e-9a51-3a3f1d3c0a01
a5058c41-8136-4006-81f3-1cc9d8010bd0,f668178c-9f6b-4893-bec5-e67ca14b1c0d,c241330b-01a9-471f-9e8a-774bcf36d58b,3b0b0e6c-5a36-4b8e-8c1e-0d7c5e2f9a11,28.5,453300000.0,12919050000.0,175939000.0,12743111000.0,399580000.0,1,7f5b6f7e-1c2d-4a4e-9a51-3a3f1d3c0a01
a8e9a8d6-d1b9-4d2f-ae4f-e1af9b81cfc1,f668178c-9f6b-4893-bec5-e67ca14b1c0d,6b65a6a4-8b81-48f6-b38a-088ca65ed389,3b0b0e6c-5a36-4b8e-8c1e-0d7c5e2f9a11,12.0,426100000.0,5113200000.0,69635000.0,5043565000.0,375242000.0,2,7f5b6f7e-1c2d-4a4e-9a51-3a3f1d3c0a01
e7f96753-064f-49e0-a25f-7ca8e177334e,f668178c-9f6b-4893-bec5-e67ca14b1c0d,371ecd7b-27cd-4130-8722-9389571aa876,3b0b0e6c-5a36-4b8e-8c1e-0d7c5e2f9a11,14.5,422800000.0,6130600000.0,83490000.0,6047110000.0,377804000.0,3,7f5b6f7e-1c2d-4a4e-9a51-3a3f1d3c0a01
b71a7e0f-804c-401b-8986-e42fc7cf409d,d35740e8-616d-487c-809b-ce1c4a4031b0,972a8469-1641-4f82-8b9d-2434e465e150,3b0b0e6c-5a36-4b8e-8c1e-0d7c5e2f9a11,42.0,346900000.0,14569800000.0,189661000.0,14380139000.0,309952000.0,1,7f5b6f7e-1c2d-4a4e-9a51-3a3f1d3c0a01
674ad441-be16-431c-8a40-6eb335a0bf07,d35740e8-616d-487c-809b-ce1c4a4031b0,bdd640fb-0667-4ad1-9c80-317fa3b1799d,3b0b0e6c-5a36-4b8e-8c1e-0d7c5e2f9a11,48.0,366600000.0,17596800000.0,229065000.0,17367735000.0,331925000.0,2,7f5b6f7e-1c2d-4a4e-9a51-3a3f1d3c0a01
5508a59a-b438-4441-9e9a-75da1b370b1f,1df700fe-0a6e-4363-af7e-de72ada79dc0,5be6128e-18c2-4797-a142-ea7d17be3111,3b0b0e6c-5a36-4b8e-8c1e-0d7c5e2f9a11,35.5,501400000.0,17799700000.0,391937000.0,17407763000.0,427072000.0,1,7f5b6f7e-1c2d-4a4e-9a51-3a3f1d3c0a01
d1f99a86-6791-4070-90df-e552e4520719,1df700fe-0a6e-4363-af7e-de72ada79dc0,1a2a73ed-562b-4f79-8374-59eef50bea63,3b0b0e6c-5a36-4b8e-8c1e-0d7c5e2f9a11,44.5,514299999.99999994,22886349999.999996,503942000.0,22382407999.999996,438635000.0,2,7f5b6f7e-1c2d-4a4e-9a51-3a3f1d3c0a01
17b51d7e-2cb1-4dda-a55f-b5897c2df189,fb37f89d-a68d-429d-866b-ba305269bc84,47378190-96da-4dac-b2ff-5d2a386ecbe0,3b0b0e6c-5a36-4b8e-8c1e-0d7c5e2f9a11,70.0,495700000.0,34699000000.0,517868000.0,34181132000.0,439932000.0,1,7f5b6f7e-1c2d-4a4e-9a51-3a3f1d3c0a01
200af9dd-5b14-40b8-83d0-69f50f08277b,4a756390-e428-4206-8443-f9af2d75dbd9,bd9c66b3-ad3c-4d6d-9a3d-1fa7bc8960a9,3b0b0e6c-5a36-4b8e-8c1e-0d7c5e2f9a11,5.0,358100000.0,1790500000.0,50527000.0,1739973000.0,327156000.0,1,7f5b6f7e-1c2d-4a4e-9a51-3a3f1d3c0a01
e6edb844-0a38-4881-9567-af636296a6ad,4a756390-e428-4206-8443-f9af2d75dbd9,9a1de644-815e-46d1-bb8f-aa1837f8a88b,3b0b0e6c-5a36-4b8e-8c1e-0d7c5e2f9a11,25.0,348100000.0,8702500000.0,245581000.0,8456919000.0,313786000.0,2,7f5b6f7e-1c2d-4a4e-9a51-3a3f1d3c0a01
1448091b-bd02-4483-9f63-f753bbc7ad07,38628f86-3e3c-489e-832c-6cfdabfdfea6,5be6128e-18c2-4797-a142-ea7d17be3111,3b0b0e6c-5a36-4b8e-8c1e-0d7c5e2f9a11,50.5,423400000.0,21381700000.0,337980000.0,21043720000.0,388315000.0,1,7f5b6f7e-1c2d-4a4e-9a51-3a3f1d3c0a01
6079b119-23d5-4201-89db-351e70a517bc,38628f86-3e3c-489e-832c-6cfdabfdfea6,43b7a3a6-9a8d-4a03-980d-7b71d8f56413,3b0b0e6c-5a36-4b8e-8c1e-0d7c5e2f9a11,24.5,440200000.0,10784900000.0,170476000.0,10614424000.0,398952000.0,2,7f5b6f7e-1c2d-4a4e-9a51-3a3f1d3c0a01
af96b12e-1385-4f51-ac89-6eeddfe00682,50cdca52-d42d-4f06-ac6a-87638ba3f9cd,5be6128e-18c2-4797-a142-ea7d17be3111,3b0b0e6c-5a36-4b8e-8c1e-0d7c5e2f9a11,165.0,429200000.0,70818000000.0,1651196000.0,69166804000.0,391645000.0,1,7f5b6f7e-1c2d-4a4e-9a51-3a3f1d3c0a01
4076d6fb-73ec-48e5-8071-d41a6342182f,a4e7a86a-e50f-42ce-a44f-9bde2de30e65,4b0dbb41-8d52-48f1-942c-3fe860e7a113,3b0b0e6c-5a36-4b8e-8c1e-0d7c5e2f9a11,190.0,592700000.0,112613000000.0,3070048000.0,109542952000.0,547284000.0,1,7f5b6f7e-1c2d-4a4e-9a51-3a3f1d3c0a01
b17c82b5-2eef-4d47-a083-770236a0847f,0f27c623-3fe8-4cc2-a989-e29e90c4c8a7,5be6128e-18c2-4797-a142-ea7d17be3111,3b0b0e6c-5a36-4b8e-8c1e-0d7c5e2f9a11,80.0,441400000.0,35312000000.0,692506000.0,34619494000.0,397010000.0,1,7f5b6f7e-1c2d-4a4e-9a51-3a3f1d3c0a01
ca726bef-e304-4692-ba85-a2d14df77f35,635d67d4-cab4-4de6-b7ae-c6a518049333,1a2a73ed-562b-4f79-8374-59eef50bea63,3b0b0e6c-5a36-4b8e-8c1e-0d7c5e2f9a11,90.0,435900000.0,39231000000.0,744600000.0,38486400000.0,400525000.0,1,7f5b6f7e-1c2d-4a4e-9a51-3a3f1d3c0a01
f7ff5b93-070e-40b5-bf12-0eda745bdf5e,21ab5ba8-d339-42f4-bb40-f1b5ea65da8d,43b7a3a6-9a8d-4a03-980d-7b71d8f56413,3b0b0e6c-5a36-4b8e-8c1e-0d7c5e2f9a11,5.0,464900000.0,2324500000.0,85597000.0,2238903000.0,425870000.0,1,7f5b6f7e-1c2d-4a4e-9a51-3a3f1d3c0a01
992b9294-a40e-4183-a82c-03ce52291ec0,21ab5ba8-d339-42f4-bb40-f1b5ea65da8d,5be6128e-18c2-4797-a142-ea7d17be3111,3b0b0e6c-5a36-4b8e-8c1e-0d7c5e2f9a11,75.0,450400000.0,33780000000.0,1243913000.0,32536087000.0,403948000.0,2,7f5b6f7e-1c2d-4a4e-9a51-3a3f1d3c0a01
73e44bb3-dd0a-4ec8-8d7c-48c9cca76f2a,69eb918e-2f8c-45fb-b08f-6c1b3b8a7bd7,1a2a73ed-562b-4f79-8374-59eef50bea63,3b0b0e6c-5a36-4b8e-8c1e-0d7c5e2f9a11,10.5,474200000.0,4979100000.0,166168000.0,4812932000.0,420135000.0,1,7f5b6f7e-1c2d-4a4e-9a51-3a3f1d3c0a01
d3418de4-763f-4cb1-a841-8d973961686b,69eb918e-2f8c-45fb-b08f-6c1b3b8a7bd7,43b7a3a6-9a8d-4a03-980d-7b71d8f56413,3b0b0e6c-5a36-4b8e-8c1e-0d7c5e2f9a11,99.5,484700000.0,48227650000.0,1609507000.0,46618143000.0,430218000.0,2,7f5b6f7e-1c2d-4a4e-9a51-3a3f1d3c0a01
392e96ce-424e-4d9f-9694-cf4fc603ddeb,746bad26-038e-4bd0-a3fa-6cc106c8ba42,43b7a3a6-9a8d-4a03-980d-7b71d8f56413,3b0b0e6c-5a36-4b8e-8c1e-0d7c5e2f9a11,57.5,543400000.0,31245500000.0,453086000.0,30792414000.0,485070000.0,1,7f5b6f7e-1c2d-4a4e-9a51-3a3f1d3c0a01
e0ddd939-0f77-4b62-84f3-333ce2a9b118,746bad26-038e-4bd0-a3fa-6cc106c8ba42,1a2a73ed-562b-4f79-8374-59eef50bea63,3b0b0e6c-5a36-4b8e-8c1e-0d7c5e2f9a11,22.5,530400000.0,11934000000.0,173053000.0,11760947000.0,475727000.0,2,7f5b6f7e-1c2d-4a4e-9a51-3a3f1d3c0a01
f299e585-fa61-49f7-914a-9b4679af7550,1d369f92-e741-4bdc-ad48-a28eaa3477db,43b7a3a6-9a8d-4a03-980d-7b71d8f56413,3b0b0e6c-5a36-4b8e-8c1e-0d7c5e2f9a11,27.0,560100000.0,15122700000.0,534696000.0,14588004000.0,512358000.0,1,7f5b6f7e-1c2d-4a4e-9a51-3a3f1d3c0a01
32478b4f-8bf3-4b80-b7b6-5b6f85a56382,1d369f92-e741-4bdc-ad48-a28eaa3477db,5be6128e-18c2-4797-a142-ea7d17be3111,3b0b0e6c-5a36-4b8e-8c1e-0d7c5e2f9a11,18.0,536500000.0,9657000000.0,341444000.0,9315556000.0,491823000.0,2,7f5b6f7e-1c2d-4a4e-9a51-3a3f1d3c0a01
e0c8e6d2-db30-4840-aaa2-8d3310758016,c774303e-eb7e-451e-893e-6ea445bc002c,ec1b8ca1-f91e-4d4c-9ff4-9b7889463e85,3b0b0e6c-5a36-4b8e-8c1e-0d7c5e2f9a11,250.0,645200000.0,161300000000.0,3750195000.0,157549805000.0,566620000.0,1,7f5b6f7e-1c2d-4a4e-9a51-3a3f1d3c0a01
7e2551cc-f9ed-4b1c-91e8-c4c3ee9ad8c0,c809ed19-4cdc-485d-b20b-16f4f6aa273b,a9488d99-0bbb-4599-91ce-5dd2b45ed1f0,3b0b0e6c-5a36-4b8e-8c1e-0d7c5e2f9a11,20.0,479600000.0,9592000000.0,197686000.0,9394314000.0,410000000.0,1,7f5b6f7e-1c2d-4a4e-9a51-3a3f1d3c0a01
60c1bd15-b90a-48e0-98e4-cfc18b97ac8c,80489dba-f96e-4a39-bafb-b2950b5d6b8a,ec1b8ca1-f91e-4d4c-9ff4-9b7889463e85,3b0b0e6c-5a36-4b8e-8c1e-0d7c5e2f9a11,20.0,511200000.0,10224000000.0,231041000.0,9992959000.0,449061000.0,1,7f5b6f7e-1c2d-4a4e-9a51-3a3f1d3c0a01
b0803aa9-4d5e-4e39-be17-2a75c6a5b934,0c32f071-cc44-454c-8af7-b7c843b8953f,759cde66-bacf-43d0-8b1f-9163ce9ff57f,3b0b0e6c-5a36-4b8e-8c1e-0d7c5e2f9a11,53.5,532799999.99999994,28504799999.999996,606431000.0,27898368999.999996,462184000.0,1,7f5b6f7e-1c2d-4a4e-9a51-3a3f1d3c0a01
737f20bd-bf21-4b44-b740-6520491a15fb,0c32f071-cc44-454c-8af7-b7c843b8953f,ec1b8ca1-f91e-4d4c-9ff4-9b7889463e85,3b0b0e6c-5a36-4b8e-8c1e-0d7c5e2f9a11,21.5,517500000.0,11126250000.0,236707000.0,10889543000.0,452500000.0,2,7f5b6f7e-1c2d-4a4e-9a51-3a3f1d3c0a01
b805eca5-40f8-4bee-b6d6-c82fafd261e5,88219dbe-0180-4f76-8201-4e0447ea0d86,43b7a3a6-9a8d-4a03-980d-7b71d8f56413,3b0b0e6c-5a36-4b8e-8c1e-0d7c5e2f9a11,40.0,524400000.0,20976000000.0,323480000.0,20652520000.0,448348000.0,1,7f5b6f7e-1c2d-4a4e-9a51-3a3f1d3c0a01
97c92a45-9a20-4434-a052-b9b3508d812c,8ce5aa9f-fad7-452d-b106-7b046ca14b3e,3139d32c-93cd-49bf-9c94-1cf0dc98d2c1,3b0b0e6c-5a36-4b8e-8c1e-0d7c5e2f9a11,9.0,548100000.0,4932900000.0,111419000.0,4821481000.0,456450000.0,1,7f5b6f7e-1c2d-4a4e-9a51-3a3f1d3c0a01
2e773524-6e44-44d7-a964-4118779b6697,8ce5aa9f-fad7-452d-b106-7b046ca14b3e,a9488d99-0bbb-4599-91ce-5dd2b45ed1f0,3b0b0e6c-5a36-4b8e-8c1e-0d7c5e2f9a11,10.5,546000000.0,5733000000.0,129490000.0,5603510000.0,445889000.0,2,7f5b6f7e-1c2d-4a4e-9a51-3a3f1d3c0a01
9e3084d2-827a-40c9-bb46-c017f2d97493,8ce5aa9f-fad7-452d-b106-7b046ca14b3e,fc377a4c-4a15-444d-85e7-ce8a3a578a8e,3b0b0e6c-5a36-4b8e-8c1e-0d7c5e2f9a11,20.5,560600000.0,11492300000.0,259575000.0,11232725000.0,463610000.0,3,7f5b6f7e-1c2d-4a4e-9a51-3a3f1d3c0a01
796aa859-c1a2-455a-b011-2f3598ef16fb,2d64803f-39c9-4911-956b-b13695ecf9f1,e2acf72f-9e57-4f7a-a0ee-89aed453dd32,3b0b0e6c-5a36-4b8e-8c1e-0d7c5e2f9a11,12.0,586200000.0,7034400000.0,93922000.0,6940478000.0,514362000.0,1,7f5b6f7e-1c2d-4a4e-9a51-3a3f1d3c0a01
c9aac9a6-38d8-4b68-bffe-09091fe0c4bb,2d64803f-39c9-4911-956b-b13695ecf9f1,4b0dbb41-8d52-48f1-942c-3fe860e7a113,3b0b0e6c-5a36-4b8e-8c1e-0d7c5e2f9a11,28.0,588400000.0,16475200000.0,219975000.0,16255225000.0,524540000.0,2,7f5b6f7e-1c2d-4a4e-9a51-3a3f1d3c0a01
9c37971c-93d1-477c-81ab-1b3b35e623d3,2de85661-4c6a-4f38-b4bd-9b76707830cd,ec1b8ca1-f91e-4d4c-9ff4-9b7889463e85,3b0b0e6c-5a36-4b8e-8c1e-0d7c5e2f9a11,2.0,622000000.0,1244000000.0,22134000.0,1221866000.0,560648000.0,1,7f5b6f7e-1c2d-4a4e-9a51-3a3f1d3c0a01
3b526ea1-2a44-4f00-928f-98228adb60e5,2de85661-4c6a-4f38-b4bd-9b76707830cd,759cde66-bacf-43d0-8b1f-9163ce9ff57f,3b0b0e6c-5a36-4b8e-8c1e-0d7c5e2f9a11,8.0,641900000.0,5135200000.0,91370000.0,5043830000.0,564539000.0,2,7f5b6f7e-1c2d-4a4e-9a51-3a3f1d3c0a01
495e853a-b3fe-4e85-b142-8c3d3bd26286,4da28a25-e94a-461c-81bb-d1f5e314ee68,759cde66-bacf-43d0-8b1f-9163ce9ff57f,3b0b0e6c-5a36-4b8e-8c1e-0d7c5e2f9a11,50.0,645500000.0,32275000000.0,1362735000.0,30912265000.0,580920000.0,1,7f5b6f7e-1c2d-4a4e-9a51-3a3f1d3c0a01
1318dcf5-e6ac-4b8d-a81d-02de97154974,4da28a25-e94a-461c-81bb-d1f5e314ee68,ec1b8ca1-f91e-4d4c-9ff4-9b7889463e85,3b0b0e6c-5a36-4b8e-8c1e-0d7c5e2f9a11,10.0,626100000.0,6261000000.0,264356000.0,5996644000.0,562910000.0,2,7f5b6f7e-1c2d-4a4e-9a51-3a3f1d3c0a01
1e47852f-cc69-47ab-b744-eaee1a07a5f8,e699ee37-5a6c-4253-95b9-afae378ec118,ec1b8ca1-f91e-4d4c-9ff4-9b7889463e85,3b0b0e6c-5a36-4b8e-8c1e-0d7c5e2f9a11,18.5,626100000.0,11582850000.0,339335000.0,11243515000.0,562910000.0,1,7f5b6f7e-1c2d-4a4e-9a51-3a3f1d3c0a01
c9cc71cd-e65b-4725-99b9-22ec02f8b668,e699ee37-5a6c-4253-95b9-afae378ec118,759cde66-bacf-43d0-8b1f-9163ce9ff57f,3b0b0e6c-5a36-4b8e-8c1e-0d7c5e2f9a11,6.5,645500000.0,4195750000.0,122920000.0,4072830000.0,580920000.0,2,7f5b6f7e-1c2d-4a4e-9a51-3a3f1d3c0a01
66268c2b-397d-4467-a350-e557954b6268,b2a0cf23-c540-4757-a232-276e9b585849,e2acf72f-9e57-4f7a-a0ee-89aed453dd32,3b0b0e6c-5a36-4b8e-8c1e-0d7c5e2f9a11,65.0,730300000.0,47469500000.0,1086247000.0,46383253000.0,654369000.0,1,7f5b6f7e-1c2d-4a4e-9a51-3a3f1d3c0a01
b2f63507-584c-4531-9c17-857a588622c1,c3989f2d-12c4-4866-b38e-a7d49946ab81,e2acf72f-9e57-4f7a-a0ee-89aed453dd32,3b0b0e6c-5a36-4b8e-8c1e-0d7c5e2f9a11,12.0,587600000.0,7051200000.0,287747000.0,6763453000.0,518610000.0,1,7f5b6f7e-1c2d-4a4e-9a51-3a3f1d3c0a01
bb02dacf-4722-4a0c-9253-b622a099f161,c3989f2d-12c4-4866-b38e-a7d49946ab81,4b0dbb41-8d52-48f1-942c-3fe860e7a113,3b0b0e6c-5a36-4b8e-8c1e-0d7c5e2f9a11,3.0,599600000.0,1798800000.0,73406000.0,1725394000.0,528080000.0,2,7f5b6f7e-1c2d-4a4e-9a51-3a3f1d3c0a01
16de001f-8849-4602-ab3a-95a86b104501,88f460e3-447e-44af-a824-4476a1ebb3d8,47378190-96da-4dac-b2ff-5d2a386ecbe0,3b0b0e6c-5a36-4b8e-8c1e-0d7c5e2f9a11,54.0,412100000.0,22253400000.0,536743000.0,21716657000.0,371490000.0,1,7f5b6f7e-1c2d-4a4e-9a51-3a3f1d3c0a01
9577c449-a06a-45df-88b4-491daf63d39a,88f460e3-447e-44af-a824-4476a1ebb3d8,6b65a6a4-8b81-48f6-b38a-088ca65ed389,3b0b0e6c-5a36-4b8e-8c1e-0d7c5e2f9a11,66.0,408800000.0,26980800000.0,650766000.0,26330034000.0,370392000.0,2,7f5b6f7e-1c2d-4a4e-9a51-3a3f1d3c0a01
7d40140e-bae9-4cee-9cb4-4d2a8dd7a92f,c0c1d5c4-c27b-4c35-bc96-fa1cef28061b,5be6128e-18c2-4797-a142-ea7d17be3111,3b0b0e6c-5a36-4b8e-8c1e-0d7c5e2f9a11,115.0,459700000.0,52865500000.0,825615000.0,52039885000.0,416620000.0,1,7f5b6f7e-1c2d-4a4e-9a51-3a3f1d3c0a01
9ceb8d50-78b0-4e4f-9f75-74e31e9b9eff,b13a8b47-28d0-40d9-919c-bbff24471546,972a8469-1641-4f82-8b9d-2434e465e150,3b0b0e6c-5a36-4b8e-8c1e-0d7c5e2f9a11,143.5,411200000.0,59007200000.0,1488163000.0,57519037000.0,369138000.0,1,7f5b6f7e-1c2d-4a4e-9a51-3a3f1d3c0a01
9b8b74ba-64bf-4376-9aeb-4bc95771410f,b13a8b47-28d0-40d9-919c-bbff24471546,17fc695a-07a0-4a6e-8822-e8f36c031199,3b0b0e6c-5a36-4b8e-8c1e-0d7c5e2f9a11,121.5,408500000.0,49632750000.0,1251739000.0,48381011000.0,364276000.0,2,7f5b6f7e-1c2d-4a4e-9a51-3a3f1d3c0a01
745fa273-1511-47ef-8675-6c4d66c0bb6f,d81d20aa-f533-4461-a7c6-3d793f2a45f9,ddd1dfb2-3b98-4ef8-9af6-1a26146d3f31,3b0b0e6c-5a36-4b8e-8c1e-0d7c5e2f9a11,65.0,397600000.0,25844000000.0,836574000.0,25007426000.0,366318000.0,1,7f5b6f7e-1c2d-4a4e-9a51-3a3f1d3c0a01
7ed2a5b7-78db-41d6-892c-fc7ab4d4f51a,6e518c90-6219-4285-97b9-6c422cfdf1c0,3139d32c-93cd-49bf-9c94-1cf0dc98d2c1,3b0b0e6c-5a36-4b8e-8c1e-0d7c5e2f9a11,14.0,581300000.0,8138200000.0,175619000.0,7962581000.0,522859000.0,1,7f5b6f7e-1c2d-4a4e-9a51-3a3f1d3c0a01
96a01c67-d77e-4943-bd30-2ed91181b3ef,6e518c90-6219-4285-97b9-6c422cfdf1c0,fc377a4c-4a15-444d-85e7-ce8a3a578a8e,3b0b0e6c-5a36-4b8e-8c1e-0d7c5e2f9a11,111.0,592100000.0,65723100000.0,1418275000.0,64304825000.0,528587000.0,2,7f5b6f7e-1c2d-4a4e-9a51-3a3f1d3c0a01
284cf09a-70aa-456e-8712-0971c32278e2,f83ecaea-3aa7-47ae-8030-8f4c0b61943a,972a8469-1641-4f82-8b9d-2434e465e150,3b0b0e6c-5a36-4b8e-8c1e-0d7c5e2f9a11,405.0,438400000.0,177552000000.0,3368702000.0,174183298000.0,396814000.0,1,7f5b6f7e-1c2d-4a4e-9a51-3a3f1d3c0a01
6716983f-4838-4751-b003-f4ab00229cab,81658996-1198-4ea2-bf5c-7d00575fe034,1a2a73ed-562b-4f79-8374-59eef50bea63,3b0b0e6c-5a36-4b8e-8c1e-0d7c5e2f9a11,130.0,437700000.0,56901000000.0,1124859000.0,55776141000.0,398398000.0,1,7f5b6f7e-1c2d-4a4e-9a51-3a3f1d3c0a01
616239b2-5828-4de6-858e-5c0383dc651c,59699bd7-0adb-47da-b0a7-f7716be8f85f,5be6128e-18c2-4797-a142-ea7d17be3111,3b0b0e6c-5a36-4b8e-8c1e-0d7c5e2f9a11,25.0,430400000.0,10760000000.0,229154000.0,10530846000.0,396640000.0,1,7f5b6f7e-1c2d-4a4e-9a51-3a3f1d3c0a01
e4bf2694-fcc2-49da-9f73-69f344170c8f,59699bd7-0adb-47da-b0a7-f7716be8f85f,43b7a3a6-9a8d-4a03-980d-7b71d8f56413,3b0b0e6c-5a36-4b8e-8c1e-0d7c5e2f9a11,10.0,447200000.0,4472000000.0,95239000.0,4376761000.0,413845000.0,2,7f5b6f7e-1c2d-4a4e-9a51-3a3f1d3c0a01
5e66bf9e-13fb-467d-bb91-6b2a8bd106cc,580fe604-4584-4548-aa39-235663c993b4,6b65a6a4-8b81-48f6-b38a-088ca65ed389,3b0b0e6c-5a36-4b8e-8c1e-0d7c5e2f9a11,25.0,536200000.00000006,13405000000.000002,183580000.0,13221420000.000002,475342000.0,1,7f5b6f7e-1c2d-4a4e-9a51-3a3f1d3c0a01
829d168e-9e8b-430a-8745-1da08852ac1c,31a5522a-8a10-4a55-9c07-0b155723a981,bd9c66b3-ad3c-4d6d-9a3d-1fa7bc8960a9,3b0b0e6c-5a36-4b8e-8c1e-0d7c5e2f9a11,25.0,337100000.0,8427500000.0,428159000.0,7999341000.0,328278000.0,1,7f5b6f7e-1c2d-4a4e-9a51-3a3f1d3c0a01
56130014-3cf4-4b8e-822a-2071311381bf,3f1a4706-fdab-4e41-b345-ed486b0769fa,23b8c1e9-3924-46de-beb1-3b9046685257,3b0b0e6c-5a36-4b8e-8c1e-0d7c5e2f9a11,31.5,343600000.0,10823400000.0,416850000.0,10406550000.0,320424000.0,1,7f5b6f7e-1c2d-4a4e-9a51-3a3f1d3c0a01
e4bb42c0-6df1-421a-913e-505264c44482,3f1a4706-fdab-4e41-b345-ed486b0769fa,972a8469-1641-4f82-8b9d-2434e465e150,3b0b0e6c-5a36-4b8e-8c1e-0d7c5e2f9a11,43.5,332400000.0,14459400000.0,556886000.0,13902514000.0,313225000.0,2,7f5b6f7e-1c2d-4a4e-9a51-3a3f1d3c0a01
fd26540e-e711-43f2-8a91-5d2949407963,0872edea-d30e-4fc0-947b-ba9c383bec15,972a8469-1641-4f82-8b9d-2434e465e150,3b0b0e6c-5a36-4b8e-8c1e-0d7c5e2f9a11,50.0,411200000.0,20560000000.0,846857000.0,19713143000.0,369138000.0,1,7f5b6f7e-1c2d-4a4e-9a51-3a3f1d3c0a01
d7155d0f-ae2e-4e96-a731-165f3c2ce189,ab780cc0-21de-4a18-b4fc-b43fdec32f29,43b7a3a6-9a8d-4a03-980d-7b71d8f56413,3b0b0e6c-5a36-4b8e-8c1e-0d7c5e2f9a11,45.0,458000000.0,20610000000.0,485836000.0,20124164000.0,409220000.0,1,7f5b6f7e-1c2d-4a4e-9a51-3a3f1d3c0a01
7de7a825-242f-463a-81e6-9ff5f69d1b89,f1195f19-a598-4bfa-a864-d08e6c37c113,9a1de644-815e-46d1-bb8f-aa1837f8a88b,3b0b0e6c-5a36-4b8e-8c1e-0d7c5e2f9a11,65.0,397600000.0,25844000000.0,442014000.0,25401986000.0,362967000.0,1,7f5b6f7e-1c2d-4a4e-9a51-3a3f1d3c0a01
507e5963-c4ba-49e6-8bdc-5f7316d433f8,0e682d27-99a6-4796-8370-82b7d41e8028,bdd640fb-0667-4ad1-9c80-317fa3b1799d,3b0b0e6c-5a36-4b8e-8c1e-0d7c5e2f9a11,35.0,351100000.0,12288500000.0,464049000.0,11824451000.0,342771000.0,1,7f5b6f7e-1c2d-4a4e-9a51-3a3f1d3c0a01
542a4747-fc10-4952-aa94-4d391d587174,ce1f3455-f554-44f7-bcaf-57dd4196cc79,b74d0fb1-32e7-4629-8fad-c1a606cb0fb3,3b0b0e6c-5a36-4b8e-8c1e-0d7c5e2f9a11,113.0,424900000.0,48013700000.0,1989101000.0,46024599000.0,377346000.0,1,7f5b6f7e-1c2d-4a4e-9a51-3a3f1d3c0a01
9ec2140e-4031-4349-8dcf-39e100dcd303,ce1f3455-f554-44f7-bcaf-57dd4196cc79,6b65a6a4-8b81-48f6-b38a-088ca65ed389,3b0b0e6c-5a36-4b8e-8c1e-0d7c5e2f9a11,77.0,419900000.0,32332300000.0,1339456000.0,30992844000.0,374052000.0,2,7f5b6f7e-1c2d-4a4e-9a51-3a3f1d3c0a01
5e11fbb7-6596-4355-a7a7-674c5aab97a9,02592db5-f57f-4e6e-89ba-3dc91ad4f510,9a1de644-815e-46d1-bb8f-aa1837f8a88b,3b0b0e6c-5a36-4b8e-8c1e-0d7c5e2f9a11,22.0,388200000.0,8540400000.0,356539000.0,8183861000.0,335572000.0,1,7f5b6f7e-1c2d-4a4e-9a51-3a3f1d3c0a01
8715bf7b-e140-43c7-aac2-7e9697a9884b,02592db5-f57f-4e6e-89ba-3dc91ad4f510,23b8c1e9-3924-46de-beb1-3b9046685257,3b0b0e6c-5a36-4b8e-8c1e-0d7c5e2f9a11,39.0,404100000.0,15759900000.0,657934000.0,15101966000.0,348100000.0,2,7f5b6f7e-1c2d-4a4e-9a51-3a3f1d3c0a01
28b64c46-ff60-4b7b-bb7d-92ee26802bc1,02592db5-f57f-4e6e-89ba-3dc91ad4f510,972a8469-1641-4f82-8b9d-2434e465e150,3b0b0e6c-5a36-4b8e-8c1e-0d7c5e2f9a11,9.0,394800000.0,3553200000.0,148337000.0,3404863000.0,340340000.0,3,7f5b6f7e-1c2d-4a4e-9a51-3a3f1d3c0a01
ba262c6b-2cc2-4c5b-b3e9-b01d800a86bc,0758702e-0108-4206-a88e-67da4376a86c,b74d0fb1-32e7-4629-8fad-c1a606cb0fb3,3b0b0e6c-5a36-4b8e-8c1e-0d7c5e2f9a11,20.0,412400000.0,8248000000.0,125404000.0,8122596000.0,382104000.0,1,7f5b6f7e-1c2d-4a4e-9a51-3a3f1d3c0a01
d59301b9-7236-4a7b-867e-cf5d6ada32f0,8874da31-057d-4b1f-98ab-5efd6b581f92,759cde66-bacf-43d0-8b1f-9163ce9ff57f,3b0b0e6c-5a36-4b8e-8c1e-0d7c5e2f9a11,50.0,532799999.99999994,26639999999.999996,506043000.0,26133956999.999996,462184000.0,1,7f5b6f7e-1c2d-4a4e-9a51-3a3f1d3c0a01
c8acce61-155f-4211-acd9-0d8c933247f3,0ba24a57-fb4a-43f4-a533-dc8ab568204a,e2acf72f-9e57-4f7a-a0ee-89aed453dd32,3b0b0e6c-5a36-4b8e-8c1e-0d7c5e2f9a11,62.0,637400000.0,39518800000.0,978197000.0,38540603000.0,554895000.0,1,7f5b6f7e-1c2d-4a4e-9a51-3a3f1d3c0a01
70a6f523-d7e1-48cb-9b26-5a6ea0203f1d,0ba24a57-fb4a-43f4-a533-dc8ab568204a,4b0dbb41-8d52-48f1-942c-3fe860e7a113,3b0b0e6c-5a36-4b8e-8c1e-0d7c5e2f9a11,13.0,646800000.0,8408400000.0,208131000.0,8200269000.0,559143000.0,2,7f5b6f7e-1c2d-4a4e-9a51-3a3f1d3c0a01
3bc7469a-94a7-4239-81c7-b7d43781ede0,beca4b19-5040-4eaa-add5-8f3f17c5b4f0,759cde66-bacf-43d0-8b1f-9163ce9ff57f,3b0b0e6c-5a36-4b8e-8c1e-0d7c5e2f9a11,80.0,647000000.0,51760000000.0,1046388000.0,50713612000.0,584178000.0,1,7f5b6f7e-1c2d-4a4e-9a51-3a3f1d3c0a01
61cecb5a-accd-49de-a2c0-7b137e6cf8bd,4a134a73-539a-4a7f-987f-881f4aead1d8,972a8469-1641-4f82-8b9d-2434e465e150,3b0b0e6c-5a36-4b8e-8c1e-0d7c5e2f9a11,125.0,364000000.0,45500000000.0,1388187000.0,44111813000.0,330896000.0,1,7f5b6f7e-1c2d-4a4e-9a51-3a3f1d3c0a01
61092d6e-df9b-49f3-a1af-6e69d9b19c1a,fc8c569f-27ae-42f7-8d34-ec922da45fde,43b7a3a6-9a8d-4a03-980d-7b71d8f56413,3b0b0e6c-5a36-4b8e-8c1e-0d7c5e2f9a11,145.0,484700000.0,70281500000.0,1154924000.0,69126576000.0,430218000.0,1,7f5b6f7e-1c2d-4a4e-9a51-3a3f1d3c0a01
67e4f31b-cc6c-4184-ad42-e1198b25adbe,b5359de3-7a03-4a40-8715-7a7287294eca,bd9c66b3-ad3c-4d6d-9a3d-1fa7bc8960a9,3b0b0e6c-5a36-4b8e-8c1e-0d7c5e2f9a11,75.0,367300000.0,27547500000.0,416201000.0,27131299000.0,338002000.0,1,7f5b6f7e-1c2d-4a4e-9a51-3a3f1d3c0a01
1a2631da-8232-48a3-b698-ac4c14868157,27087c10-706c-4d14-ad23-d40b85b227ce,23b8c1e9-3924-46de-beb1-3b9046685257,3b0b0e6c-5a36-4b8e-8c1e-0d7c5e2f9a11,9.5,446300000.0,4239850000.0,99972000.0,4139878000.0,403359000.0,1,7f5b6f7e-1c2d-4a4e-9a51-3a3f1d3c0a01
16720476-b47f-4376-8e36-b260aba3cd10,27087c10-706c-4d14-ad23-d40b85b227ce,9a1de644-815e-46d1-bb8f-aa1837f8a88b,3b0b0e6c-5a36-4b8e-8c1e-0d7c5e2f9a11,2.0,427500000.0,855000000.0,20160000.0,834840000.0,389802000.0,2,7f5b6f7e-1c2d-4a4e-9a51-3a3f1d3c0a01
65fc1c04-badc-4dfa-91e8-84067e398bd8,27087c10-706c-4d14-ad23-d40b85b227ce,bd9c66b3-ad3c-4d6d-9a3d-1fa7bc8960a9,3b0b0e6c-5a36-4b8e-8c1e-0d7c5e2f9a11,8.5,439200000.0,3733200000.0,88025000.0,3645175000.0,396627000.0,3,7f5b6f7e-1c2d-4a4e-9a51-3a3f1d3c0a01
65e33df1-4cd1-4f8a-8c65-a09082d8e4e6,33d932b3-60f2-44f0-aba2-4c04ab8d1d55,e2acf72f-9e57-4f7a-a0ee-89aed453dd32,3b0b0e6c-5a36-4b8e-8c1e-0d7c5e2f9a11,25.0,598500000.0,14962500000.0,263453000.0,14699047000.0,518787000.0,1,7f5b6f7e-1c2d-4a4e-9a51-3a3f1d3c0a01
83b0ce54-5aa4-4168-b353-f5d47e7dd532,b57c06a9-ce10-42ed-94cf-89d5e78e1455,b74d0fb1-32e7-4629-8fad-c1a606cb0fb3,3b0b0e6c-5a36-4b8e-8c1e-0d7c5e2f9a11,40.0,445600000.0,17824000000.0,382789000.0,17441211000.0,388784000.0,1,7f5b6f7e-1c2d-4a4e-9a51-3a3f1d3c0a01
852ec4e0-d5e4-45d9-9a6a-a2badc7db318,6253fa54-dae8-4352-9391-6f6592c24508,c241330b-01a9-471f-9e8a-774bcf36d58b,3b0b0e6c-5a36-4b8e-8c1e-0d7c5e2f9a11,80.5,477900000.0,38470950000.0,671886000.0,37799064000.0,430599000.0,1,7f5b6f7e-1c2d-4a4e-9a51-3a3f1d3c0a01
248bf7f8-347a-4ac2-92b0-1687d8669272,6253fa54-dae8-4352-9391-6f6592c24508,371ecd7b-27cd-4130-8722-9389571aa876,3b0b0e6c-5a36-4b8e-8c1e-0d7c5e2f9a11,4.5,440500000.0,1982250000.0,34620000.0,1947630000.0,393084000.0,2,7f5b6f7e-1c2d-4a4e-9a51-3a3f1d3c0a01
a1ac1cc0-832a-49ad-afd2-acdf2d0ea64d,173bdcca-6ef6-4d1b-a4bb-51bc2f7db53e,1a2a73ed-562b-4f79-8374-59eef50bea63,3b0b0e6c-5a36-4b8e-8c1e-0d7c5e2f9a11,75.0,549100000.0,41182500000.0,885540000.0,40296960000.0,497002000.0,1,7f5b6f7e-1c2d-4a4e-9a51-3a3f1d3c0a01
4b7d2789-76e7-4cd3-868f-9c90b90202b2,6653bbba-f631-40fb-b6d8-9323970fd74d,23b8c1e9-3924-46de-beb1-3b9046685257,3b0b0e6c-5a36-4b8e-8c1e-0d7c5e2f9a11,20.0,355600000.0,7112000000.0,119917000.0,6992083000.0,321266000.0,1,7f5b6f7e-1c2d-4a4e-9a51-3a3f1d3c0a01
888d0d01-502b-4966-9e92-2d5c3a52db50,6653bbba-f631-40fb-b6d8-9323970fd74d,bdd640fb-0667-4ad1-9c80-317fa3b1799d,3b0b0e6c-5a36-4b8e-8c1e-0d7c5e2f9a11,8.5,359700000.0,3057450000.0,51552000.0,3005898000.0,326034000.0,2,7f5b6f7e-1c2d-4a4e-9a51-3a3f1d3c0a01
c544ef5f-5f81-431c-8991-dce5240e3868,6653bbba-f631-40fb-b6d8-9323970fd74d,972a8469-1641-4f82-8b9d-2434e465e150,3b0b0e6c-5a36-4b8e-8c1e-0d7c5e2f9a11,21.5,340500000.0,7320750000.0,123437000.0,7197313000.0,310794000.0,3,7f5b6f7e-1c2d-4a4e-9a51-3a3f1d3c0a01
bcc95e72-6e5b-4a7b-9ab7-a1fa883ff51c,7a70c897-5296-4a22-8862-aed6e84b554d,23b8c1e9-3924-46de-beb1-3b9046685257,3b0b0e6c-5a36-4b8e-8c1e-0d7c5e2f9a11,18.5,355600000.0,6578600000.0,125938000.0,6452662000.0,321266000.0,1,7f5b6f7e-1c2d-4a4e-9a51-3a3f1d3c0a01
d5c4ba1a-06c0-458e-bf07-1cc9b9d338c3,7a70c897-5296-4a22-8862-aed6e84b554d,972a8469-1641-4f82-8b9d-2434e465e150,3b0b0e6c-5a36-4b8e-8c1e-0d7c5e2f9a11,16.5,340500000.0,5618250000.0,107553000.0,5510697000.0,310794000.0,2,7f5b6f7e-1c2d-4a4e-9a51-3a3f1d3c0a01
5a2e90d9-7b84-4e89-b96a-495ac85913a2,928189b2-1eec-48a8-86a3-5a8257b78823,9a1de644-815e-46d1-bb8f-aa1837f8a88b,3b0b0e6c-5a36-4b8e-8c1e-0d7c5e2f9a11,75.0,348100000.0,26107500000.0,413841000.0,25693659000.0,313786000.0,1,7f5b6f7e-1c2d-4a4e-9a51-3a3f1d3c0a01
da036d93-85d4-4bac-8565-b1a20cb7075d,e1e5b71f-f124-49db-bea2-8ffe2d99167b,e2acf72f-9e57-4f7a-a0ee-89aed453dd32,3b0b0e6c-5a36-4b8e-8c1e-0d7c5e2f9a11,50.0,720700000.0,36035000000.0,531413000.0,35503587000.0,630828000.0,1,7f5b6f7e-1c2d-4a4e-9a51-3a3f1d3c0a01
72b7c105-3513-4169-9a58-6bae9bef22a6,f30fef16-c1a8-4e35-bda0-5f935e7ab3fe,ec1b8ca1-f91e-4d4c-9ff4-9b7889463e85,3b0b0e6c-5a36-4b8e-8c1e-0d7c5e2f9a11,35.0,658900000.0,23061500000.0,245133000.0,22816367000.0,583906000.0,1,7f5b6f7e-1c2d-4a4e-9a51-3a3f1d3c0a01
cf458722-20db-4984-ae95-4bd91598bfa0,ecfc1fbe-8beb-4022-8383-07406af1eb29,972a8469-1641-4f82-8b9d-2434e465e150,3b0b0e6c-5a36-4b8e-8c1e-0d7c5e2f9a11,2.0,364000000.0,728000000.0,54273000.0,673727000.0,330896000.0,1,7f5b6f7e-1c2d-4a4e-9a51-3a3f1d3c0a01
7cea323d-debb-4909-8b75-9a47ee9101c0,ecfc1fbe-8beb-4022-8383-07406af1eb29,bdd640fb-0667-4ad1-9c80-317fa3b1799d,3b0b0e6c-5a36-4b8e-8c1e-0d7c5e2f9a11,18.0,383500000.0,6903000000.0,514627000.0,6388373000.0,351280000.0,2,7f5b6f7e-1c2d-4a4e-9a51-3a3f1d3c0a01
2adbc100-b012-4f43-bd36-5ce4961f2fb1,60dddf2f-756d-4df3-b5da-7a15e4799995,bdd640fb-0667-4ad1-9c80-317fa3b1799d,3b0b0e6c-5a36-4b8e-8c1e-0d7c5e2f9a11,90.0,434600000.0,39114000000.0,2208591000.0,36905409000.0,399712000.0,1,7f5b6f7e-1c2d-4a4e-9a51-3a3f1d3c0a01
a15e3578-e76e-40ae-ae47-420c4f4a291c,c42a2287-17e2-414b-a5e7-daad50b9e8b6,bdd640fb-0667-4ad1-9c80-317fa3b1799d,3b0b0e6c-5a36-4b8e-8c1e-0d7c5e2f9a11,25.0,383500000.0,9587500000.0,228185000.0,9359315000.0,351280000.0,1,7f5b6f7e-1c2d-4a4e-9a51-3a3f1d3c0a01
a0a56cdf-6047-4554-a021-47da021eced5,fd8fa525-228a-41a0-bbe0-c2f8005bae8c,9a1de644-815e-46d1-bb8f-aa1837f8a88b,3b0b0e6c-5a36-4b8e-8c1e-0d7c5e2f9a11,7.0,358900000.0,2512300000.0,49444000.0,2462856000.0,323416000.0,1,7f5b6f7e-1c2d-4a4e-9a51-3a3f1d3c0a01
6d25804a-370a-49b8-a08d-a4737663a8a5,fd8fa525-228a-41a0-bbe0-c2f8005bae8c,bd9c66b3-ad3c-4d6d-9a3d-1fa7bc8960a9,3b0b0e6c-5a36-4b8e-8c1e-0d7c5e2f9a11,28.0,367300000.0,10284400000.0,202406000.0,10081994000.0,338002000.0,2,7f5b6f7e-1c2d-4a4e-9a51-3a3f1d3c0a01
e6a5861c-af57-4f5a-a332-38e5d2abd7d6,fec58d05-17c2-43c6-b821-94efe3ca0a10,972a8469-1641-4f82-8b9d-2434e465e150,3b0b0e6c-5a36-4b8e-8c1e-0d7c5e2f9a11,85.0,364000000.0,30940000000.0,477849000.0,30462151000.0,330896000.0,1,7f5b6f7e-1c2d-4a4e-9a51-3a3f1d3c0a01
c082b236-87b7-4f6a-9617-4f34ff4ad824,7de317c6-cbf9-4c43-a99d-6fc9970e3ea4,371ecd7b-27cd-4130-8722-9389571aa876,3b0b0e6c-5a36-4b8e-8c1e-0d7c5e2f9a11,130.0,511700000.0,66521000000.0,1356102000.0,65164898000.0,453748000.0,1,7f5b6f7e-1c2d-4a4e-9a51-3a3f1d3c0a01
c68dc6be-51e6-4a87-989e-a39cd1d4343c,78a759eb-02f4-4f2d-8dfa-e52b20236c48,9a1de644-815e-46d1-bb8f-aa1837f8a88b,3b0b0e6c-5a36-4b8e-8c1e-0d7c5e2f9a11,185.0,416900000.0,77126500000.0,1185565000.0,75940935000.0,382602000.0,1,7f5b6f7e-1c2d-4a4e-9a51-3a3f1d3c0a01
f0c65dd2-fe53-49b7-8b09-e3c6c29dc424,0734bdb9-d741-48c9-b3c4-9d38d146e1c6,3139d32c-93cd-49bf-9c94-1cf0dc98d2c1,3b0b0e6c-5a36-4b8e-8c1e-0d7c5e2f9a11,47.0,587400000.0,27607800000.0,435060000.0,27172740000.0,520264000.0,1,7f5b6f7e-1c2d-4a4e-9a51-3a3f1d3c0a01
96e8be33-ce07-4efd-8b8c-4fced010323e,0734bdb9-d741-48c9-b3c4-9d38d146e1c6,fc377a4c-4a15-444d-85e7-ce8a3a578a8e,3b0b0e6c-5a36-4b8e-8c1e-0d7c5e2f9a11,138.0,604600000.0,83434800000.0,1314815000.0,82119985000.0,529930000.0,2,7f5b6f7e-1c2d-4a4e-9a51-3a3f1d3c0a01
56e5cecd-fa54-4ab9-974c-07fc2409382e,cf7eb777-446f-4171-a970-3d3df825cde6,ddd1dfb2-3b98-4ef8-9af6-1a26146d3f31,3b0b0e6c-5a36-4b8e-8c1e-0d7c5e2f9a11,325.0,389500000.0,126587500000.0,3132347000.0,123455153000.0,332854000.0,1,7f5b6f7e-1c2d-4a4e-9a51-3a3f1d3c0a01
47181101-c630-4986-9237-ebd0bfde2120,a7211307-6dba-4397-9ab8-818cfe95634f,4b0dbb41-8d52-48f1-942c-3fe860e7a113,3b0b0e6c-5a36-4b8e-8c1e-0d7c5e2f9a11,12.0,730900000.0,8770800000.0,200320000.0,8570480000.0,633040000.0,1,7f5b6f7e-1c2d-4a4e-9a51-3a3f1d3c0a01
b8d08293-8d93-42dd-9028-2167f5a5eb03,a7211307-6dba-4397-9ab8-818cfe95634f,e2acf72f-9e57-4f7a-a0ee-89aed453dd32,3b0b0e6c-5a36-4b8e-8c1e-0d7c5e2f9a11,8.0,712800000.0,5702400000.0,130239000.0,5572161000.0,609676000.0,2,7f5b6f7e-1c2d-4a4e-9a51-3a3f1d3c0a01
33622770-119f-484a-b048-bacc767e2433,02a2d7ed-8859-4a45-b0f4-aad8565965a4,bdd640fb-0667-4ad1-9c80-317fa3b1799d,3b0b0e6c-5a36-4b8e-8c1e-0d7c5e2f9a11,20.0,441800000.0,8836000000.0,275679000.0,8560321000.0,406351000.0,1,7f5b6f7e-1c2d-4a4e-9a51-3a3f1d3c0a01
ca0a10df-efde-4aad-9537-795127ad63eb,ae2ce70e-86bc-4c53-9b1f-e7692124a42c,23b8c1e9-3924-46de-beb1-3b9046685257,3b0b0e6c-5a36-4b8e-8c1e-0d7c5e2f9a11,75.0,446300000.0,33472500000.0,760074000.0,32712426000.0,403359000.0,1,7f5b6f7e-1c2d-4a4e-9a51-3a3f1d3c0a01
7ed31d4b-953c-4139-bfcf-4f28e13beb0d,d939ef4c-aa86-48ae-85b9-a9e7be60d500,bd9c66b3-ad3c-4d6d-9a3d-1fa7bc8960a9,3b0b0e6c-5a36-4b8e-8c1e-0d7c5e2f9a11,4.5,424200000.0,1908900000.0,45867000.0,1863033000.0,392326000.0,1,7f5b6f7e-1c2d-4a4e-9a51-3a3f1d3c0a01
af52bab9-6227-4fbd-8167-bc9037e395fa,d939ef4c-aa86-48ae-85b9-a9e7be60d500,9a1de644-815e-46d1-bb8f-aa1837f8a88b,3b0b0e6c-5a36-4b8e-8c1e-0d7c5e2f9a11,10.5,416900000.0,4377450000.0,105181000.0,4272269000.0,382602000.0,2,7f5b6f7e-1c2d-4a4e-9a51-3a3f1d3c0a01
cf36405a-1b6c-4aa7-80a7-bdd43c5d46b9,d939ef4c-aa86-48ae-85b9-a9e7be60d500,23b8c1e9-3924-46de-beb1-3b9046685257,3b0b0e6c-5a36-4b8e-8c1e-0d7c5e2f9a11,4.5,431400000.0,1941300000.0,46645000.0,1894655000.0,398964000.0,3,7f5b6f7e-1c2d-4a4e-9a51-3a3f1d3c0a01
db1cbc92-05c4-4f1c-829e-fc0052277a80,5801d57a-f4e9-4061-a537-f9bd9df37bf0,ec1b8ca1-f91e-4d4c-9ff4-9b7889463e85,3b0b0e6c-5a36-4b8e-8c1e-0d7c5e2f9a11,11.5,622000000.0,7153000000.0,195135000.0,6957865000.0,560648000.0,1,7f5b6f7e-1c2d-4a4e-9a51-3a3f1d3c0a01
1c9ffde5-80de-408b-930d-8f14b96a12c7,5801d57a-f4e9-4061-a537-f9bd9df37bf0,759cde66-bacf-43d0-8b1f-9163ce9ff57f,3b0b0e6c-5a36-4b8e-8c1e-0d7c5e2f9a11,43.5,641900000.0,27922650000.0,761736000.0,27160914000.0,564539000.0,2,7f5b6f7e-1c2d-4a4e-9a51-3a3f1d3c0a01
709b4385-bf99-4e87-8ba3-cbba4dcc09a0,7e68b1b2-a35f-4a47-a7f0-3d611c0b28ac,e2acf72f-9e57-4f7a-a0ee-89aed453dd32,3b0b0e6c-5a36-4b8e-8c1e-0d7c5e2f9a11,40.0,730300000.0,29212000000.0,456384000.0,28755616000.0,654369000.0,1,7f5b6f7e-1c2d-4a4e-9a51-3a3f1d3c0a01
cf4dbdf9-3f33-4c88-a5ed-3ef6755fc9a2,95e8e16d-b497-4dd8-a4ab-ececf81c4901,17fc695a-07a0-4a6e-8822-e8f36c031199,3b0b0e6c-5a36-4b8e-8c1e-0d7c5e2f9a11,60.0,438800000.0,26328000000.0,1188313000.0,25139687000.0,395786000.0,1,7f5b6f7e-1c2d-4a4e-9a51-3a3f1d3c0a01
